2026-06-02 18:29:22 - __main__ - INFO - Filename: trial.py started.
2026-06-02 18:29:34 - __main__ - INFO - Input matrix with WCYKMVHQFDGRLITNEASP encoding is generated.
2026-06-02 18:33:32 - __main__ - INFO - WCYKMVHQFDGRLITNEASP encoding is done for binary task with:
	-custom
		-f1: 0.8305766651765758
		-auroc: 0.7505301768279242
	-resnet
		-f1: 0.7715472481827622
		-auroc: 0.7484743464175394
2026-06-02 18:33:32 - __main__ - INFO - Input matrix with WCYKMVHQFDGRLITNEASP encoding is removed.

2026-06-02 18:33:45 - __main__ - INFO - Input matrix with ETHMDRFVICQAYWLSKPNG encoding is generated.
2026-06-02 18:37:42 - __main__ - INFO - ETHMDRFVICQAYWLSKPNG encoding is done for binary task with:
	-custom
		-f1: 0.8287731685789939
		-auroc: 0.7418945729425652
	-resnet
		-f1: 0.8267132256656482
		-auroc: 0.7337040385522267
2026-06-02 18:37:42 - __main__ - INFO - Input matrix with ETHMDRFVICQAYWLSKPNG encoding is removed.

2026-06-02 18:37:54 - __main__ - INFO - Input matrix with PFWALGEMCVITRDNHYQSK encoding is generated.
2026-06-02 18:41:48 - __main__ - INFO - PFWALGEMCVITRDNHYQSK encoding is done for binary task with:
	-custom
		-f1: 0.8361879666227492
		-auroc: 0.7496853819086924
	-resnet
		-f1: 0.711340206185567
		-auroc: 0.7300395400297457
2026-06-02 18:41:48 - __main__ - INFO - Input matrix with PFWALGEMCVITRDNHYQSK encoding is removed.

2026-06-02 18:42:00 - __main__ - INFO - Input matrix with RDCVFTHISPLNYWQGAKEM encoding is generated.
2026-06-02 18:45:53 - __main__ - INFO - RDCVFTHISPLNYWQGAKEM encoding is done for binary task with:
	-custom
		-f1: 0.8433945756780402
		-auroc: 0.75769872562233
	-resnet
		-f1: 0.8080713280150165
		-auroc: 0.7442950182911005
2026-06-02 18:45:53 - __main__ - INFO - Input matrix with RDCVFTHISPLNYWQGAKEM encoding is removed.

2026-06-02 18:46:06 - __main__ - INFO - Input matrix with YEWHQFAVPNSMLDTIKCGR encoding is generated.
2026-06-02 18:49:59 - __main__ - INFO - YEWHQFAVPNSMLDTIKCGR encoding is done for binary task with:
	-custom
		-f1: 0.8272807794508414
		-auroc: 0.741582745255615
	-resnet
		-f1: 0.7224719101123596
		-auroc: 0.7322662827070271
2026-06-02 18:49:59 - __main__ - INFO - Input matrix with YEWHQFAVPNSMLDTIKCGR encoding is removed.

2026-06-02 18:50:12 - __main__ - INFO - Input matrix with DGVYPCNMQWIFKLATHSRE encoding is generated.
2026-06-02 18:54:03 - __main__ - INFO - DGVYPCNMQWIFKLATHSRE encoding is done for binary task with:
	-custom
		-f1: 0.8291139240506329
		-auroc: 0.753912844510298
	-resnet
		-f1: 0.8051823416506718
		-auroc: 0.7513275348730784
2026-06-02 18:54:03 - __main__ - INFO - Input matrix with DGVYPCNMQWIFKLATHSRE encoding is removed.

2026-06-02 18:54:16 - __main__ - INFO - Input matrix with VIGHKDSRFNPCWATQYELM encoding is generated.
2026-06-02 18:58:06 - __main__ - INFO - VIGHKDSRFNPCWATQYELM encoding is done for binary task with:
	-custom
		-f1: 0.8314410480349345
		-auroc: 0.7404261226494332
	-resnet
		-f1: 0.828125
		-auroc: 0.760322403319465
2026-06-02 18:58:06 - __main__ - INFO - Input matrix with VIGHKDSRFNPCWATQYELM encoding is removed.

2026-06-02 18:58:18 - __main__ - INFO - Input matrix with CVDGNAWHQYMRKTLPIEFS encoding is generated.
2026-06-02 19:02:08 - __main__ - INFO - CVDGNAWHQYMRKTLPIEFS encoding is done for binary task with:
	-custom
		-f1: 0.8284556506078343
		-auroc: 0.751108488131015
	-resnet
		-f1: 0.779507785032647
		-auroc: 0.7418429504619515
2026-06-02 19:02:08 - __main__ - INFO - Input matrix with CVDGNAWHQYMRKTLPIEFS encoding is removed.

2026-06-02 19:02:21 - __main__ - INFO - Input matrix with INHSWFPDQCTARYKMGLVE encoding is generated.
2026-06-02 19:06:10 - __main__ - INFO - INHSWFPDQCTARYKMGLVE encoding is done for binary task with:
	-custom
		-f1: 0.8272527472527472
		-auroc: 0.737888249886291
	-resnet
		-f1: 0.8338342636324603
		-auroc: 0.7354857117344875
2026-06-02 19:06:10 - __main__ - INFO - Input matrix with INHSWFPDQCTARYKMGLVE encoding is removed.

2026-06-02 19:06:22 - __main__ - INFO - Input matrix with EHIGTSDFLMWNRAPQYVKC encoding is generated.
2026-06-02 19:10:10 - __main__ - INFO - EHIGTSDFLMWNRAPQYVKC encoding is done for binary task with:
	-custom
		-f1: 0.8305383936451898
		-auroc: 0.7442985062965476
	-resnet
		-f1: 0.7013888888888888
		-auroc: 0.7248305526953911
2026-06-02 19:10:10 - __main__ - INFO - Input matrix with EHIGTSDFLMWNRAPQYVKC encoding is removed.

2026-06-02 19:10:23 - __main__ - INFO - Input matrix with IMGHEWQDRKVTYPNCASFL encoding is generated.
2026-06-02 19:14:12 - __main__ - INFO - IMGHEWQDRKVTYPNCASFL encoding is done for binary task with:
	-custom
		-f1: 0.8281179138321996
		-auroc: 0.7540907327880884
	-resnet
		-f1: 0.8368794326241135
		-auroc: 0.7550269134500279
2026-06-02 19:14:12 - __main__ - INFO - Input matrix with IMGHEWQDRKVTYPNCASFL encoding is removed.

2026-06-02 19:14:25 - __main__ - INFO - Input matrix with EGMHRYSLWFNAKDICPQVT encoding is generated.
2026-06-02 19:18:14 - __main__ - INFO - EGMHRYSLWFNAKDICPQVT encoding is done for binary task with:
	-custom
		-f1: 0.8329621380846325
		-auroc: 0.7520439711918654
	-resnet
		-f1: 0.8237847222222222
		-auroc: 0.7268487126469497
2026-06-02 19:18:14 - __main__ - INFO - Input matrix with EGMHRYSLWFNAKDICPQVT encoding is removed.

2026-06-02 19:18:26 - __main__ - INFO - Input matrix with YQLIRTMKGFCWAPSEDVHN encoding is generated.
2026-06-02 19:22:14 - __main__ - INFO - YQLIRTMKGFCWAPSEDVHN encoding is done for binary task with:
	-custom
		-f1: 0.827220503756076
		-auroc: 0.7404254250483437
	-resnet
		-f1: 0.8081308874566188
		-auroc: 0.7702011323460883
2026-06-02 19:22:14 - __main__ - INFO - Input matrix with YQLIRTMKGFCWAPSEDVHN encoding is removed.

2026-06-02 19:22:27 - __main__ - INFO - Input matrix with NPACKGISRQEVLFDHYMTW encoding is generated.
2026-06-02 19:26:16 - __main__ - INFO - NPACKGISRQEVLFDHYMTW encoding is done for binary task with:
	-custom
		-f1: 0.834681042228212
		-auroc: 0.758364934662682
	-resnet
		-f1: 0.824330900243309
		-auroc: 0.7815985389442783
2026-06-02 19:26:16 - __main__ - INFO - Input matrix with NPACKGISRQEVLFDHYMTW encoding is removed.

2026-06-02 19:26:29 - __main__ - INFO - Input matrix with YGDCFRETVLQKASWMHIPN encoding is generated.
2026-06-02 19:30:19 - __main__ - INFO - YGDCFRETVLQKASWMHIPN encoding is done for binary task with:
	-custom
		-f1: 0.8262617239839214
		-auroc: 0.744297808695458
	-resnet
		-f1: 0.8201033348990137
		-auroc: 0.7601431198394959
2026-06-02 19:30:19 - __main__ - INFO - Input matrix with YGDCFRETVLQKASWMHIPN encoding is removed.

2026-06-02 19:30:31 - __main__ - INFO - Input matrix with YSELFDMTQCHVRINWAGPK encoding is generated.
2026-06-02 19:34:20 - __main__ - INFO - YSELFDMTQCHVRINWAGPK encoding is done for binary task with:
	-custom
		-f1: 0.8253968253968254
		-auroc: 0.73686417148709
	-resnet
		-f1: 0.813079551000488
		-auroc: 0.7690445097399065
2026-06-02 19:34:20 - __main__ - INFO - Input matrix with YSELFDMTQCHVRINWAGPK encoding is removed.

2026-06-02 19:34:32 - __main__ - INFO - Input matrix with EVTSPIHDKMAYWQFNCGRL encoding is generated.
2026-06-02 19:38:21 - __main__ - INFO - EVTSPIHDKMAYWQFNCGRL encoding is done for binary task with:
	-custom
		-f1: 0.8237905015534842
		-auroc: 0.7379321987549217
	-resnet
		-f1: 0.8045558086560365
		-auroc: 0.7251542396008605
2026-06-02 19:38:21 - __main__ - INFO - Input matrix with EVTSPIHDKMAYWQFNCGRL encoding is removed.

2026-06-02 19:38:33 - __main__ - INFO - Input matrix with REDQGKPCMNIFWALTHYVS encoding is generated.
2026-06-02 19:42:21 - __main__ - INFO - REDQGKPCMNIFWALTHYVS encoding is done for binary task with:
	-custom
		-f1: 0.8430769230769231
		-auroc: 0.759523650072132
	-resnet
		-f1: 0.8258872651356993
		-auroc: 0.7101125649117814
2026-06-02 19:42:21 - __main__ - INFO - Input matrix with REDQGKPCMNIFWALTHYVS encoding is removed.

2026-06-02 19:42:34 - __main__ - INFO - Input matrix with EFYAPNHILWCTQKSDRVGM encoding is generated.
2026-06-02 19:46:23 - __main__ - INFO - EFYAPNHILWCTQKSDRVGM encoding is done for binary task with:
	-custom
		-f1: 0.8313199105145413
		-auroc: 0.7519546782524256
	-resnet
		-f1: 0.8287292817679558
		-auroc: 0.723199561348435
2026-06-02 19:46:23 - __main__ - INFO - Input matrix with EFYAPNHILWCTQKSDRVGM encoding is removed.

2026-06-02 19:46:35 - __main__ - INFO - Input matrix with ITQELAFNPCGYHVWSMKDR encoding is generated.
2026-06-02 19:50:23 - __main__ - INFO - ITQELAFNPCGYHVWSMKDR encoding is done for binary task with:
	-custom
		-f1: 0.8281389136242209
		-auroc: 0.745321887094659
	-resnet
		-f1: 0.7706226716338478
		-auroc: 0.7591127630304908
2026-06-02 19:50:23 - __main__ - INFO - Input matrix with ITQELAFNPCGYHVWSMKDR encoding is removed.

2026-06-02 19:50:35 - __main__ - INFO - Input matrix with TQMFCRVPYGKWADIHNLSE encoding is generated.
2026-06-02 19:54:23 - __main__ - INFO - TQMFCRVPYGKWADIHNLSE encoding is done for binary task with:
	-custom
		-f1: 0.8264758497316637
		-auroc: 0.7452325941552189
	-resnet
		-f1: 0.7669556348801632
		-auroc: 0.7343632715816849
2026-06-02 19:54:23 - __main__ - INFO - Input matrix with TQMFCRVPYGKWADIHNLSE encoding is removed.

2026-06-02 19:54:36 - __main__ - INFO - Input matrix with IMYQGVWNHRCDPEKATFSL encoding is generated.
2026-06-02 19:58:23 - __main__ - INFO - IMYQGVWNHRCDPEKATFSL encoding is done for binary task with:
	-custom
		-f1: 0.8296430185268866
		-auroc: 0.7544025604750385
	-resnet
		-f1: 0.8264925373134329
		-auroc: 0.7650849259566204
2026-06-02 19:58:23 - __main__ - INFO - Input matrix with IMYQGVWNHRCDPEKATFSL encoding is removed.

2026-06-02 19:58:36 - __main__ - INFO - Input matrix with MRVECIGLQDWKTNSHYAPF encoding is generated.
2026-06-02 20:02:25 - __main__ - INFO - MRVECIGLQDWKTNSHYAPF encoding is done for binary task with:
	-custom
		-f1: 0.8300395256916996
		-auroc: 0.7412716151697542
	-resnet
		-f1: 0.8098624940730204
		-auroc: 0.7515507672216781
2026-06-02 20:02:25 - __main__ - INFO - Input matrix with MRVECIGLQDWKTNSHYAPF encoding is removed.

2026-06-02 20:02:38 - __main__ - INFO - Input matrix with AMDCFGRSETINPQVWLKHY encoding is generated.
2026-06-02 20:06:26 - __main__ - INFO - AMDCFGRSETINPQVWLKHY encoding is done for binary task with:
	-custom
		-f1: 0.8333333333333334
		-auroc: 0.7527562219041162
	-resnet
		-f1: 0.815622161671208
		-auroc: 0.738197984769973
2026-06-02 20:06:26 - __main__ - INFO - Input matrix with AMDCFGRSETINPQVWLKHY encoding is removed.

2026-06-02 20:06:38 - __main__ - INFO - Input matrix with QHVGLKRTIMPYWSNFCAED encoding is generated.
2026-06-02 20:10:26 - __main__ - INFO - QHVGLKRTIMPYWSNFCAED encoding is done for binary task with:
	-custom
		-f1: 0.8286334056399133
		-auroc: 0.7333482619966459
	-resnet
		-f1: 0.8399296394019349
		-auroc: 0.755428034076418
2026-06-02 20:10:26 - __main__ - INFO - Input matrix with QHVGLKRTIMPYWSNFCAED encoding is removed.

2026-06-02 20:10:39 - __main__ - INFO - Input matrix with QNDMHWTAEICGRLYVKPSF encoding is generated.
2026-06-02 20:14:27 - __main__ - INFO - QNDMHWTAEICGRLYVKPSF encoding is done for binary task with:
	-custom
		-f1: 0.8318661971830986
		-auroc: 0.7448328687310078
	-resnet
		-f1: 0.7450765864332604
		-auroc: 0.743752982244657
2026-06-02 20:14:27 - __main__ - INFO - Input matrix with QNDMHWTAEICGRLYVKPSF encoding is removed.

2026-06-02 20:14:39 - __main__ - INFO - Input matrix with KWPRNLGSIVDFAMQEYCTH encoding is generated.
2026-06-02 20:18:28 - __main__ - INFO - KWPRNLGSIVDFAMQEYCTH encoding is done for binary task with:
	-custom
		-f1: 0.8299015219337511
		-auroc: 0.7502629956106939
	-resnet
		-f1: 0.8091451292246521
		-auroc: 0.7725604192303507
2026-06-02 20:18:28 - __main__ - INFO - Input matrix with KWPRNLGSIVDFAMQEYCTH encoding is removed.

2026-06-02 20:18:41 - __main__ - INFO - Input matrix with ISANVEHFRPMDCQLWGTKY encoding is generated.
2026-06-02 20:22:29 - __main__ - INFO - ISANVEHFRPMDCQLWGTKY encoding is done for binary task with:
	-custom
		-f1: 0.8234762979683973
		-auroc: 0.7457662589885901
	-resnet
		-f1: 0.8026548672566372
		-auroc: 0.7077051435523523
2026-06-02 20:22:29 - __main__ - INFO - Input matrix with ISANVEHFRPMDCQLWGTKY encoding is removed.

2026-06-02 20:22:41 - __main__ - INFO - Input matrix with NMYQFRDHLKWSTVPIEAGC encoding is generated.
2026-06-02 20:26:28 - __main__ - INFO - NMYQFRDHLKWSTVPIEAGC encoding is done for binary task with:
	-custom
		-f1: 0.8256227758007118
		-auroc: 0.7414934523161751
	-resnet
		-f1: 0.8131436978911231
		-auroc: 0.771359150154449
2026-06-02 20:26:28 - __main__ - INFO - Input matrix with NMYQFRDHLKWSTVPIEAGC encoding is removed.

2026-06-02 20:26:41 - __main__ - INFO - Input matrix with INSVFHMRWQEGTCLAKDPY encoding is generated.
2026-06-02 20:30:28 - __main__ - INFO - INSVFHMRWQEGTCLAKDPY encoding is done for binary task with:
	-custom
		-f1: 0.8314806580702534
		-auroc: 0.7491949683428626
	-resnet
		-f1: 0.7775467775467776
		-auroc: 0.7559086812269966
2026-06-02 20:30:28 - __main__ - INFO - Input matrix with INSVFHMRWQEGTCLAKDPY encoding is removed.

2026-06-02 20:30:41 - __main__ - INFO - Input matrix with NASRLHMKTECWDIPFVQYG encoding is generated.
2026-06-02 20:34:30 - __main__ - INFO - NASRLHMKTECWDIPFVQYG encoding is done for binary task with:
	-custom
		-f1: 0.8335540838852097
		-auroc: 0.7486166570397715
	-resnet
		-f1: 0.8171275646743978
		-auroc: 0.7313433564657855
2026-06-02 20:34:30 - __main__ - INFO - Input matrix with NASRLHMKTECWDIPFVQYG encoding is removed.

2026-06-02 20:34:43 - __main__ - INFO - Input matrix with SAGQKFEICLNVYRMPHDTW encoding is generated.
2026-06-02 20:38:30 - __main__ - INFO - SAGQKFEICLNVYRMPHDTW encoding is done for binary task with:
	-custom
		-f1: 0.8311918475852902
		-auroc: 0.7471028626758304
	-resnet
		-f1: 0.7826530612244897
		-auroc: 0.7531050224488032
2026-06-02 20:38:30 - __main__ - INFO - Input matrix with SAGQKFEICLNVYRMPHDTW encoding is removed.

2026-06-02 20:38:42 - __main__ - INFO - Input matrix with KSHPVAQDRTCYFLMWEIGN encoding is generated.
2026-06-02 20:42:32 - __main__ - INFO - KSHPVAQDRTCYFLMWEIGN encoding is done for binary task with:
	-custom
		-f1: 0.8347363757199823
		-auroc: 0.751910729383795
	-resnet
		-f1: 0.7946884576098059
		-auroc: 0.7677511573202073
2026-06-02 20:42:32 - __main__ - INFO - Input matrix with KSHPVAQDRTCYFLMWEIGN encoding is removed.

2026-06-02 20:42:44 - __main__ - INFO - Input matrix with VKSWGANFYCRMPTQHELDI encoding is generated.
2026-06-02 20:46:33 - __main__ - INFO - VKSWGANFYCRMPTQHELDI encoding is done for binary task with:
	-custom
		-f1: 0.8280764104842292
		-auroc: 0.7441645668873877
	-resnet
		-f1: 0.7253121452894438
		-auroc: 0.7402789288195752
2026-06-02 20:46:33 - __main__ - INFO - Input matrix with VKSWGANFYCRMPTQHELDI encoding is removed.

2026-06-02 20:46:45 - __main__ - INFO - Input matrix with SIYQATPRHKVDWNGEFLMC encoding is generated.
2026-06-02 20:50:32 - __main__ - INFO - SIYQATPRHKVDWNGEFLMC encoding is done for binary task with:
	-custom
		-f1: 0.8275555555555556
		-auroc: 0.7436748509226473
	-resnet
		-f1: 0.826048951048951
		-auroc: 0.7334368573349963
2026-06-02 20:50:32 - __main__ - INFO - Input matrix with SIYQATPRHKVDWNGEFLMC encoding is removed.

2026-06-02 20:50:45 - __main__ - INFO - Input matrix with DGTQREFHIMWNKYAVCPSL encoding is generated.
2026-06-02 20:54:33 - __main__ - INFO - DGTQREFHIMWNKYAVCPSL encoding is done for binary task with:
	-custom
		-f1: 0.8314005352363961
		-auroc: 0.7505748232976441
	-resnet
		-f1: 0.6455155582672362
		-auroc: 0.695669431957385
2026-06-02 20:54:33 - __main__ - INFO - Input matrix with DGTQREFHIMWNKYAVCPSL encoding is removed.

2026-06-02 20:54:45 - __main__ - INFO - Input matrix with VQRWNTEAFHIYLPSMCKDG encoding is generated.
2026-06-02 20:58:32 - __main__ - INFO - VQRWNTEAFHIYLPSMCKDG encoding is done for binary task with:
	-custom
		-f1: 0.8446005267778753
		-auroc: 0.7609927979663533
	-resnet
		-f1: 0.7992633517495396
		-auroc: 0.7235065058277594
2026-06-02 20:58:32 - __main__ - INFO - Input matrix with VQRWNTEAFHIYLPSMCKDG encoding is removed.

2026-06-02 20:58:45 - __main__ - INFO - Input matrix with CRWHAFDYLVIQKGMTEPNS encoding is generated.
2026-06-02 21:02:33 - __main__ - INFO - CRWHAFDYLVIQKGMTEPNS encoding is done for binary task with:
	-custom
		-f1: 0.838796587337225
		-auroc: 0.763662517335387
	-resnet
		-f1: 0.8185404339250493
		-auroc: 0.7803958746661979
2026-06-02 21:02:33 - __main__ - INFO - Input matrix with CRWHAFDYLVIQKGMTEPNS encoding is removed.

2026-06-02 21:02:45 - __main__ - INFO - Input matrix with RKGWHTQEVSMAPLIYDFNC encoding is generated.
2026-06-02 21:06:34 - __main__ - INFO - RKGWHTQEVSMAPLIYDFNC encoding is done for binary task with:
	-custom
		-f1: 0.8332592263228101
		-auroc: 0.7515989016968448
	-resnet
		-f1: 0.813286361348767
		-auroc: 0.7831548869746715
2026-06-02 21:06:34 - __main__ - INFO - Input matrix with RKGWHTQEVSMAPLIYDFNC encoding is removed.

2026-06-02 21:06:46 - __main__ - INFO - Input matrix with DRQGIPVMCKSTNEHFAWYL encoding is generated.
2026-06-02 21:10:34 - __main__ - INFO - DRQGIPVMCKSTNEHFAWYL encoding is done for binary task with:
	-custom
		-f1: 0.8246153846153846
		-auroc: 0.7342823498553175
	-resnet
		-f1: 0.8197158081705151
		-auroc: 0.7326346160822164
2026-06-02 21:10:34 - __main__ - INFO - Input matrix with DRQGIPVMCKSTNEHFAWYL encoding is removed.

2026-06-02 21:10:47 - __main__ - INFO - Input matrix with LYQFKNVTASRMEDWPCGIH encoding is generated.
2026-06-02 21:14:36 - __main__ - INFO - LYQFKNVTASRMEDWPCGIH encoding is done for binary task with:
	-custom
		-f1: 0.8355437665782494
		-auroc: 0.7519553758535149
	-resnet
		-f1: 0.8268210323203087
		-auroc: 0.7807976928936773
2026-06-02 21:14:36 - __main__ - INFO - Input matrix with LYQFKNVTASRMEDWPCGIH encoding is removed.

2026-06-02 21:14:48 - __main__ - INFO - Input matrix with MNRHFSTVQKGILWCYDPEA encoding is generated.
2026-06-02 21:18:35 - __main__ - INFO - MNRHFSTVQKGILWCYDPEA encoding is done for binary task with:
	-custom
		-f1: 0.8287392679620424
		-auroc: 0.7532005937980473
	-resnet
		-f1: 0.8293530178028659
		-auroc: 0.7347727634211474
2026-06-02 21:18:35 - __main__ - INFO - Input matrix with MNRHFSTVQKGILWCYDPEA encoding is removed.

2026-06-02 21:18:48 - __main__ - INFO - Input matrix with AVSCKGNEWTQDLYFPIMRH encoding is generated.
2026-06-02 21:22:36 - __main__ - INFO - AVSCKGNEWTQDLYFPIMRH encoding is done for binary task with:
	-custom
		-f1: 0.8362831858407079
		-auroc: 0.7533798772780164
	-resnet
		-f1: 0.794234592445328
		-auroc: 0.7545309190754832
2026-06-02 21:22:36 - __main__ - INFO - Input matrix with AVSCKGNEWTQDLYFPIMRH encoding is removed.

2026-06-02 21:22:48 - __main__ - INFO - Input matrix with LHYRGKPMSWIDQNCETVAF encoding is generated.
2026-06-02 21:26:36 - __main__ - INFO - LHYRGKPMSWIDQNCETVAF encoding is done for binary task with:
	-custom
		-f1: 0.8322981366459627
		-auroc: 0.7492396148125826
	-resnet
		-f1: 0.8292457195742712
		-auroc: 0.7649963306182699
2026-06-02 21:26:36 - __main__ - INFO - Input matrix with LHYRGKPMSWIDQNCETVAF encoding is removed.

2026-06-02 21:26:49 - __main__ - INFO - Input matrix with SRLDGNWCHPIKMTFAYQVE encoding is generated.
2026-06-02 21:31:10 - __main__ - INFO - SRLDGNWCHPIKMTFAYQVE encoding is done for binary task with:
	-custom
		-f1: 0.833922261484099
		-auroc: 0.7493289077520223
	-resnet
		-f1: 0.7986641221374046
		-auroc: 0.7403765929720876
2026-06-02 21:31:10 - __main__ - INFO - Input matrix with SRLDGNWCHPIKMTFAYQVE encoding is removed.

2026-06-02 21:31:23 - __main__ - INFO - Input matrix with PTYDSVMIQHRGCKLFWAEN encoding is generated.
2026-06-02 21:35:15 - __main__ - INFO - PTYDSVMIQHRGCKLFWAEN encoding is done for binary task with:
	-custom
		-f1: 0.8329601433049709
		-auroc: 0.7545811463539183
	-resnet
		-f1: 0.7800616649537513
		-auroc: 0.7534607990043837
2026-06-02 21:35:15 - __main__ - INFO - Input matrix with PTYDSVMIQHRGCKLFWAEN encoding is removed.

2026-06-02 21:35:28 - __main__ - INFO - Input matrix with CEFMYPSQLRHIAWDVTNKG encoding is generated.
2026-06-02 21:39:17 - __main__ - INFO - CEFMYPSQLRHIAWDVTNKG encoding is done for binary task with:
	-custom
		-f1: 0.8289007092198581
		-auroc: 0.7442092133571075
	-resnet
		-f1: 0.8283333333333334
		-auroc: 0.7125611447354836
2026-06-02 21:39:17 - __main__ - INFO - Input matrix with CEFMYPSQLRHIAWDVTNKG encoding is removed.

2026-06-02 21:39:30 - __main__ - INFO - Input matrix with MRWFSDCGLPQNVAETKYHI encoding is generated.
2026-06-02 21:43:19 - __main__ - INFO - MRWFSDCGLPQNVAETKYHI encoding is done for binary task with:
	-custom
		-f1: 0.8334817453250223
		-auroc: 0.7525336871566058
	-resnet
		-f1: 0.834681042228212
		-auroc: 0.758364934662682
2026-06-02 21:43:19 - __main__ - INFO - Input matrix with MRWFSDCGLPQNVAETKYHI encoding is removed.

2026-06-02 21:43:31 - __main__ - INFO - Input matrix with CLGIKPWENMQSDRHYTFVA encoding is generated.
2026-06-02 21:47:28 - __main__ - INFO - CLGIKPWENMQSDRHYTFVA encoding is done for binary task with:
	-custom
		-f1: 0.8296430185268866
		-auroc: 0.7544025604750385
	-resnet
		-f1: 0.8192888455918168
		-auroc: 0.7758112403068328
2026-06-02 21:47:28 - __main__ - INFO - Input matrix with CLGIKPWENMQSDRHYTFVA encoding is removed.

2026-06-02 21:47:41 - __main__ - INFO - Input matrix with RYLHWIVENAFDCTSGPKQM encoding is generated.
2026-06-02 21:51:35 - __main__ - INFO - RYLHWIVENAFDCTSGPKQM encoding is done for binary task with:
	-custom
		-f1: 0.8285968028419183
		-auroc: 0.7446542828521281
	-resnet
		-f1: 0.8271604938271605
		-auroc: 0.704415256814865
2026-06-02 21:51:35 - __main__ - INFO - Input matrix with RYLHWIVENAFDCTSGPKQM encoding is removed.

2026-06-02 21:51:47 - __main__ - INFO - Input matrix with SKLWEYIDVMPGHFRCQNAT encoding is generated.
2026-06-02 21:55:53 - __main__ - INFO - SKLWEYIDVMPGHFRCQNAT encoding is done for binary task with:
	-custom
		-f1: 0.8261449533125834
		-auroc: 0.7419831682809155
	-resnet
		-f1: 0.8103696591454633
		-auroc: 0.758049618970285
2026-06-02 21:55:53 - __main__ - INFO - Input matrix with SKLWEYIDVMPGHFRCQNAT encoding is removed.

2026-06-02 21:56:06 - __main__ - INFO - Input matrix with CPSDIHEKQNMRVFTWYLAG encoding is generated.
2026-06-02 22:00:00 - __main__ - INFO - CPSDIHEKQNMRVFTWYLAG encoding is done for binary task with:
	-custom
		-f1: 0.8380530973451328
		-auroc: 0.7557838106319987
	-resnet
		-f1: 0.7604395604395604
		-auroc: 0.7626726213895656
2026-06-02 22:00:00 - __main__ - INFO - Input matrix with CPSDIHEKQNMRVFTWYLAG encoding is removed.

2026-06-02 22:00:13 - __main__ - INFO - Input matrix with HDFKVITLPCWESRYMGAQN encoding is generated.
2026-06-02 22:04:05 - __main__ - INFO - HDFKVITLPCWESRYMGAQN encoding is done for binary task with:
	-custom
		-f1: 0.835352175863616
		-auroc: 0.7586321158799121
	-resnet
		-f1: 0.7681007345225603
		-auroc: 0.7494977272156508
2026-06-02 22:04:05 - __main__ - INFO - Input matrix with HDFKVITLPCWESRYMGAQN encoding is removed.

2026-06-02 22:04:18 - __main__ - INFO - Input matrix with ARIVKNCQHEFWSDYMLPTG encoding is generated.
2026-06-02 22:09:00 - __main__ - INFO - ARIVKNCQHEFWSDYMLPTG encoding is done for binary task with:
	-custom
		-f1: 0.8266666666666667
		-auroc: 0.742472884245656
	-resnet
		-f1: 0.814388489208633
		-auroc: 0.7626349509307393
2026-06-02 22:09:00 - __main__ - INFO - Input matrix with ARIVKNCQHEFWSDYMLPTG encoding is removed.

2026-06-02 22:09:13 - __main__ - INFO - Input matrix with EQVNWPFMHLRTKACIYDGS encoding is generated.
2026-06-02 22:14:09 - __main__ - INFO - EQVNWPFMHLRTKACIYDGS encoding is done for binary task with:
	-custom
		-f1: 0.8353096179183136
		-auroc: 0.7484834152317014
	-resnet
		-f1: 0.8255670103092784
		-auroc: 0.7031686436681539
2026-06-02 22:14:09 - __main__ - INFO - Input matrix with EQVNWPFMHLRTKACIYDGS encoding is removed.

2026-06-02 22:14:22 - __main__ - INFO - Input matrix with FYDLMRPSVEAHCNTWGKIQ encoding is generated.
2026-06-02 22:19:13 - __main__ - INFO - FYDLMRPSVEAHCNTWGKIQ encoding is done for binary task with:
	-custom
		-f1: 0.8378258948298718
		-auroc: 0.7548490251722376
	-resnet
		-f1: 0.8062248995983936
		-auroc: 0.773583800028462
2026-06-02 22:19:13 - __main__ - INFO - Input matrix with FYDLMRPSVEAHCNTWGKIQ encoding is removed.

2026-06-02 22:19:26 - __main__ - INFO - Input matrix with GRETQVCKPYHIWLMNDASF encoding is generated.
2026-06-02 22:24:41 - __main__ - INFO - GRETQVCKPYHIWLMNDASF encoding is done for binary task with:
	-custom
		-f1: 0.8351063829787234
		-auroc: 0.7526229800960458
	-resnet
		-f1: 0.8421052631578947
		-auroc: 0.7610813933047038
2026-06-02 22:24:41 - __main__ - INFO - Input matrix with GRETQVCKPYHIWLMNDASF encoding is removed.

2026-06-02 22:24:53 - __main__ - INFO - Input matrix with EFAHPMTQNRWLICVKDYGS encoding is generated.
2026-06-02 22:28:47 - __main__ - INFO - EFAHPMTQNRWLICVKDYGS encoding is done for binary task with:
	-custom
		-f1: 0.8382547377699427
		-auroc: 0.7541814209297069
	-resnet
		-f1: 0.7074829931972789
		-auroc: 0.7208249272402064
2026-06-02 22:28:47 - __main__ - INFO - Input matrix with EFAHPMTQNRWLICVKDYGS encoding is removed.

2026-06-02 22:29:00 - __main__ - INFO - Input matrix with TQPNIDVKSHWGMCLFYRAE encoding is generated.
2026-06-02 22:32:52 - __main__ - INFO - TQPNIDVKSHWGMCLFYRAE encoding is done for binary task with:
	-custom
		-f1: 0.8337028824833703
		-auroc: 0.7509312974543141
	-resnet
		-f1: 0.8023369036027264
		-auroc: 0.7546655560857323
2026-06-02 22:32:52 - __main__ - INFO - Input matrix with TQPNIDVKSHWGMCLFYRAE encoding is removed.

2026-06-02 22:33:04 - __main__ - INFO - Input matrix with DYFKMCHRITWEALGSNQPV encoding is generated.
2026-06-02 22:36:56 - __main__ - INFO - DYFKMCHRITWEALGSNQPV encoding is done for binary task with:
	-custom
		-f1: 0.8259507829977628
		-auroc: 0.7447428781904785
	-resnet
		-f1: 0.7135678391959799
		-auroc: 0.7196236581643046
2026-06-02 22:36:56 - __main__ - INFO - Input matrix with DYFKMCHRITWEALGSNQPV encoding is removed.

2026-06-02 22:37:09 - __main__ - INFO - Input matrix with RVYPFAGTINDWLKESMHCQ encoding is generated.
2026-06-02 22:41:01 - __main__ - INFO - RVYPFAGTINDWLKESMHCQ encoding is done for binary task with:
	-custom
		-f1: 0.8298347476552033
		-auroc: 0.7491056754034227
	-resnet
		-f1: 0.8312937062937062
		-auroc: 0.7406486573969434
2026-06-02 22:41:01 - __main__ - INFO - Input matrix with RVYPFAGTINDWLKESMHCQ encoding is removed.

2026-06-02 22:41:14 - __main__ - INFO - Input matrix with HLQPAYFKGICMNVRSTDWE encoding is generated.
2026-06-02 22:45:06 - __main__ - INFO - HLQPAYFKGICMNVRSTDWE encoding is done for binary task with:
	-custom
		-f1: 0.8253825382538253
		-auroc: 0.7467903373877909
	-resnet
		-f1: 0.8090098545283905
		-auroc: 0.7454969849680917
2026-06-02 22:45:06 - __main__ - INFO - Input matrix with HLQPAYFKGICMNVRSTDWE encoding is removed.

2026-06-02 22:45:19 - __main__ - INFO - Input matrix with PHIDASTEKYQRFCGMNLVW encoding is generated.
2026-06-02 22:49:10 - __main__ - INFO - PHIDASTEKYQRFCGMNLVW encoding is done for binary task with:
	-custom
		-f1: 0.8255659121171771
		-auroc: 0.740336132108904
	-resnet
		-f1: 0.8312128922815946
		-auroc: 0.7256481411721373
2026-06-02 22:49:10 - __main__ - INFO - Input matrix with PHIDASTEKYQRFCGMNLVW encoding is removed.

2026-06-02 22:49:22 - __main__ - INFO - Input matrix with SFCLQIMTYKGEHDWRVANP encoding is generated.
2026-06-02 22:53:13 - __main__ - INFO - SFCLQIMTYKGEHDWRVANP encoding is done for binary task with:
	-custom
		-f1: 0.8194382523406153
		-auroc: 0.7342370057845082
	-resnet
		-f1: 0.8387096774193549
		-auroc: 0.7625051971281158
2026-06-02 22:53:13 - __main__ - INFO - Input matrix with SFCLQIMTYKGEHDWRVANP encoding is removed.

2026-06-02 22:53:25 - __main__ - INFO - Input matrix with LGENIQYPCADRVMKSTWHF encoding is generated.
2026-06-02 22:57:16 - __main__ - INFO - LGENIQYPCADRVMKSTWHF encoding is done for binary task with:
	-custom
		-f1: 0.8299379982285208
		-auroc: 0.7451886452865885
	-resnet
		-f1: 0.7877312560856865
		-auroc: 0.7366360559308649
2026-06-02 22:57:16 - __main__ - INFO - Input matrix with LGENIQYPCADRVMKSTWHF encoding is removed.

2026-06-02 22:57:29 - __main__ - INFO - Input matrix with MAESPVFDNLQYGWCTHIKR encoding is generated.
2026-06-02 23:01:19 - __main__ - INFO - MAESPVFDNLQYGWCTHIKR encoding is done for binary task with:
	-custom
		-f1: 0.815742397137746
		-auroc: 0.730808994031325
	-resnet
		-f1: 0.8077669902912621
		-auroc: 0.7600077852281574
2026-06-02 23:01:19 - __main__ - INFO - Input matrix with MAESPVFDNLQYGWCTHIKR encoding is removed.

2026-06-02 23:01:31 - __main__ - INFO - Input matrix with CTFGELVKDRHPNIAWMSQY encoding is generated.
2026-06-02 23:05:23 - __main__ - INFO - CTFGELVKDRHPNIAWMSQY encoding is done for binary task with:
	-custom
		-f1: 0.8320644872369011
		-auroc: 0.7533791796769269
	-resnet
		-f1: 0.8124700239808154
		-auroc: 0.760231017576757
2026-06-02 23:05:23 - __main__ - INFO - Input matrix with CTFGELVKDRHPNIAWMSQY encoding is removed.

2026-06-02 23:05:35 - __main__ - INFO - Input matrix with KCDQFWVATPRHYNSLIGME encoding is generated.
2026-06-02 23:09:27 - __main__ - INFO - KCDQFWVATPRHYNSLIGME encoding is done for binary task with:
	-custom
		-f1: 0.8364918466284706
		-auroc: 0.7517774875757247
	-resnet
		-f1: 0.665871121718377
		-auroc: 0.7041731892368523
2026-06-02 23:09:27 - __main__ - INFO - Input matrix with KCDQFWVATPRHYNSLIGME encoding is removed.

2026-06-02 23:09:39 - __main__ - INFO - Input matrix with TDCGRLQNEHVYKSAPMFIW encoding is generated.
2026-06-02 23:13:30 - __main__ - INFO - TDCGRLQNEHVYKSAPMFIW encoding is done for binary task with:
	-custom
		-f1: 0.8218569524655709
		-auroc: 0.7357508001484495
	-resnet
		-f1: 0.8206572769953052
		-auroc: 0.7606328358042364
2026-06-02 23:13:30 - __main__ - INFO - Input matrix with TDCGRLQNEHVYKSAPMFIW encoding is removed.

2026-06-02 23:13:43 - __main__ - INFO - Input matrix with RTVIDQPEMFGSAHCKWYLN encoding is generated.
2026-06-02 23:17:33 - __main__ - INFO - RTVIDQPEMFGSAHCKWYLN encoding is done for binary task with:
	-custom
		-f1: 0.8234250221827861
		-auroc: 0.737219948042671
	-resnet
		-f1: 0.751357220412595
		-auroc: 0.7470031057200499
2026-06-02 23:17:33 - __main__ - INFO - Input matrix with RTVIDQPEMFGSAHCKWYLN encoding is removed.

2026-06-02 23:17:46 - __main__ - INFO - Input matrix with HSMENPDLCTQVKIFGYAWR encoding is generated.
2026-06-02 23:21:37 - __main__ - INFO - HSMENPDLCTQVKIFGYAWR encoding is done for binary task with:
	-custom
		-f1: 0.8252252252252252
		-auroc: 0.7470128721353011
	-resnet
		-f1: 0.7542372881355932
		-auroc: 0.7382789064963404
2026-06-02 23:21:37 - __main__ - INFO - Input matrix with HSMENPDLCTQVKIFGYAWR encoding is removed.

2026-06-02 23:21:50 - __main__ - INFO - Input matrix with FRGISVPLEWHMACDTKYQN encoding is generated.
2026-06-02 23:25:41 - __main__ - INFO - FRGISVPLEWHMACDTKYQN encoding is done for binary task with:
	-custom
		-f1: 0.8316303864948912
		-auroc: 0.7489724335953523
	-resnet
		-f1: 0.7924340467894475
		-auroc: 0.7530617711812619
2026-06-02 23:25:41 - __main__ - INFO - Input matrix with FRGISVPLEWHMACDTKYQN encoding is removed.

2026-06-02 23:25:53 - __main__ - INFO - Input matrix with PHELDCNFQAKSIVTWGMRY encoding is generated.
2026-06-02 23:29:44 - __main__ - INFO - PHELDCNFQAKSIVTWGMRY encoding is done for binary task with:
	-custom
		-f1: 0.8272157564905999
		-auroc: 0.7466570955797205
	-resnet
		-f1: 0.7786802030456853
		-auroc: 0.7459825153262959
2026-06-02 23:29:44 - __main__ - INFO - Input matrix with PHELDCNFQAKSIVTWGMRY encoding is removed.

2026-06-02 23:29:56 - __main__ - INFO - Input matrix with DANLYSPGFQIVHCEKTMRW encoding is generated.
2026-06-02 23:33:46 - __main__ - INFO - DANLYSPGFQIVHCEKTMRW encoding is done for binary task with:
	-custom
		-f1: 0.8360583296509059
		-auroc: 0.7524450918182554
	-resnet
		-f1: 0.8049140049140049
		-auroc: 0.7621884862335402
2026-06-02 23:33:46 - __main__ - INFO - Input matrix with DANLYSPGFQIVHCEKTMRW encoding is removed.

2026-06-02 23:33:58 - __main__ - INFO - Input matrix with ACVSIQHDKRETNGMPWFYL encoding is generated.
2026-06-02 23:37:49 - __main__ - INFO - ACVSIQHDKRETNGMPWFYL encoding is done for binary task with:
	-custom
		-f1: 0.8308103294746215
		-auroc: 0.7489277871256323
	-resnet
		-f1: 0.8130887456618741
		-auroc: 0.776210965731044
2026-06-02 23:37:49 - __main__ - INFO - Input matrix with ACVSIQHDKRETNGMPWFYL encoding is removed.

2026-06-02 23:38:01 - __main__ - INFO - Input matrix with WNQFPLGERSIYCDHMAKVT encoding is generated.
2026-06-02 23:41:50 - __main__ - INFO - WNQFPLGERSIYCDHMAKVT encoding is done for binary task with:
	-custom
		-f1: 0.8205361199454794
		-auroc: 0.7449200688671795
	-resnet
		-f1: 0.8213219616204691
		-auroc: 0.7144739669225468
2026-06-02 23:41:50 - __main__ - INFO - Input matrix with WNQFPLGERSIYCDHMAKVT encoding is removed.

2026-06-02 23:42:03 - __main__ - INFO - Input matrix with NLTHSEVGFPRWKQDYMAIC encoding is generated.
2026-06-02 23:45:54 - __main__ - INFO - NLTHSEVGFPRWKQDYMAIC encoding is done for binary task with:
	-custom
		-f1: 0.8353982300884956
		-auroc: 0.7521779106010251
	-resnet
		-f1: 0.8338614757808963
		-auroc: 0.7608574633550148
2026-06-02 23:45:54 - __main__ - INFO - Input matrix with NLTHSEVGFPRWKQDYMAIC encoding is removed.

2026-06-02 23:46:07 - __main__ - INFO - Input matrix with RKCTQDSLMFHYVEPWIAGN encoding is generated.
2026-06-02 23:49:56 - __main__ - INFO - RKCTQDSLMFHYVEPWIAGN encoding is done for binary task with:
	-custom
		-f1: 0.832
		-auroc: 0.749684684307603
	-resnet
		-f1: 0.7758530183727034
		-auroc: 0.7586237446668398
2026-06-02 23:49:56 - __main__ - INFO - Input matrix with RKCTQDSLMFHYVEPWIAGN encoding is removed.

2026-06-02 23:50:09 - __main__ - INFO - Input matrix with YIDQCMSAVHTFNWPERLKG encoding is generated.
2026-06-02 23:53:56 - __main__ - INFO - YIDQCMSAVHTFNWPERLKG encoding is done for binary task with:
	-custom
		-f1: 0.8293986636971047
		-auroc: 0.7472361044839009
	-resnet
		-f1: 0.7171543316121629
		-auroc: 0.7369841588744626
2026-06-02 23:53:56 - __main__ - INFO - Input matrix with YIDQCMSAVHTFNWPERLKG encoding is removed.

2026-06-02 23:54:09 - __main__ - INFO - Input matrix with HRAWVGLQFDPNYSTICKEM encoding is generated.
2026-06-02 23:58:00 - __main__ - INFO - HRAWVGLQFDPNYSTICKEM encoding is done for binary task with:
	-custom
		-f1: 0.8271827182718272
		-auroc: 0.7491942707417731
	-resnet
		-f1: 0.8337639965546942
		-auroc: 0.736865566689269
2026-06-02 23:58:00 - __main__ - INFO - Input matrix with HRAWVGLQFDPNYSTICKEM encoding is removed.

2026-06-02 23:58:13 - __main__ - INFO - Input matrix with VQPLKYNAFDGCTRIWEMHS encoding is generated.
2026-06-03 00:02:05 - __main__ - INFO - VQPLKYNAFDGCTRIWEMHS encoding is done for binary task with:
	-custom
		-f1: 0.822052891080233
		-auroc: 0.7403800809775345
	-resnet
		-f1: 0.8097928436911488
		-auroc: 0.7480788065998643
2026-06-03 00:02:05 - __main__ - INFO - Input matrix with VQPLKYNAFDGCTRIWEMHS encoding is removed.

2026-06-03 00:02:17 - __main__ - INFO - Input matrix with IKSHGDALFVPMQWYTNRCE encoding is generated.
2026-06-03 00:06:08 - __main__ - INFO - IKSHGDALFVPMQWYTNRCE encoding is done for binary task with:
	-custom
		-f1: 0.8298347476552033
		-auroc: 0.7491056754034227
	-resnet
		-f1: 0.8047713717693837
		-auroc: 0.6522877130124927
2026-06-03 00:06:08 - __main__ - INFO - Input matrix with IKSHGDALFVPMQWYTNRCE encoding is removed.

2026-06-03 00:06:21 - __main__ - INFO - Input matrix with ISRPFGLKVNCMAWHTQYDE encoding is generated.
2026-06-03 00:10:14 - __main__ - INFO - ISRPFGLKVNCMAWHTQYDE encoding is done for binary task with:
	-custom
		-f1: 0.8307280035730237
		-auroc: 0.750307642080414
	-resnet
		-f1: 0.7398015435501654
		-auroc: 0.7417048254462555
2026-06-03 00:10:14 - __main__ - INFO - Input matrix with ISRPFGLKVNCMAWHTQYDE encoding is removed.

2026-06-03 00:10:27 - __main__ - INFO - Input matrix with QLCHDVGSNRFMPEYTAIKW encoding is generated.
2026-06-03 00:14:20 - __main__ - INFO - QLCHDVGSNRFMPEYTAIKW encoding is done for binary task with:
	-custom
		-f1: 0.8309608540925267
		-auroc: 0.7487052523781221
	-resnet
		-f1: 0.42301943198804187
		-auroc: 0.6143730938050234
2026-06-03 00:14:20 - __main__ - INFO - Input matrix with QLCHDVGSNRFMPEYTAIKW encoding is removed.

2026-06-03 00:14:33 - __main__ - INFO - Input matrix with HISENLKDGTFPYCWAQRVM encoding is generated.
2026-06-03 00:18:24 - __main__ - INFO - HISENLKDGTFPYCWAQRVM encoding is done for binary task with:
	-custom
		-f1: 0.8236877523553163
		-auroc: 0.7430065490790271
	-resnet
		-f1: 0.788480635551142
		-auroc: 0.747096584266026
2026-06-03 00:18:24 - __main__ - INFO - Input matrix with HISENLKDGTFPYCWAQRVM encoding is removed.

2026-06-03 00:18:36 - __main__ - INFO - Input matrix with LWDRHPINKCYGSTVEFQAM encoding is generated.
2026-06-03 00:22:27 - __main__ - INFO - LWDRHPINKCYGSTVEFQAM encoding is done for binary task with:
	-custom
		-f1: 0.8344489067380634
		-auroc: 0.7548929740408682
	-resnet
		-f1: 0.8171133051245886
		-auroc: 0.7567597545560327
2026-06-03 00:22:27 - __main__ - INFO - Input matrix with LWDRHPINKCYGSTVEFQAM encoding is removed.

2026-06-03 00:22:39 - __main__ - INFO - Input matrix with RYVDGHFMTICQWSNLKEPA encoding is generated.
2026-06-03 00:26:30 - __main__ - INFO - RYVDGHFMTICQWSNLKEPA encoding is done for binary task with:
	-custom
		-f1: 0.832375055285272
		-auroc: 0.7478597598578011
	-resnet
		-f1: 0.8186714542190305
		-auroc: 0.7365069997293308
2026-06-03 00:26:30 - __main__ - INFO - Input matrix with RYVDGHFMTICQWSNLKEPA encoding is removed.

2026-06-03 00:26:42 - __main__ - INFO - Input matrix with DFCGVINPRKMWLAETYSQH encoding is generated.
2026-06-03 00:30:34 - __main__ - INFO - DFCGVINPRKMWLAETYSQH encoding is done for binary task with:
	-custom
		-f1: 0.8350377945753669
		-auroc: 0.7540028350508272
	-resnet
		-f1: 0.7109826589595376
		-auroc: 0.7342237513638101
2026-06-03 00:30:34 - __main__ - INFO - Input matrix with DFCGVINPRKMWLAETYSQH encoding is removed.

2026-06-03 00:30:46 - __main__ - INFO - Input matrix with HLNIKWEQDPTRYCGFMVSA encoding is generated.
2026-06-03 00:34:36 - __main__ - INFO - HLNIKWEQDPTRYCGFMVSA encoding is done for binary task with:
	-custom
		-f1: 0.8358340688437775
		-auroc: 0.7515103063584945
	-resnet
		-f1: 0.8059562587249883
		-auroc: 0.7374843388555437
2026-06-03 00:34:36 - __main__ - INFO - Input matrix with HLNIKWEQDPTRYCGFMVSA encoding is removed.

2026-06-03 00:34:49 - __main__ - INFO - Input matrix with EHPLTWASVIRCDKMGNQFY encoding is generated.
2026-06-03 00:38:40 - __main__ - INFO - EHPLTWASVIRCDKMGNQFY encoding is done for binary task with:
	-custom
		-f1: 0.8283548818546589
		-auroc: 0.7462566725544199
	-resnet
		-f1: 0.8203677510608204
		-auroc: 0.7622352255065281
2026-06-03 00:38:40 - __main__ - INFO - Input matrix with EHPLTWASVIRCDKMGNQFY encoding is removed.

2026-06-03 00:38:53 - __main__ - INFO - Input matrix with PVHTLCKRQNYASDGMFIEW encoding is generated.
2026-06-03 00:42:42 - __main__ - INFO - PVHTLCKRQNYASDGMFIEW encoding is done for binary task with:
	-custom
		-f1: 0.8266666666666667
		-auroc: 0.742472884245656
	-resnet
		-f1: 0.8309534776600644
		-auroc: 0.7650856235577097
2026-06-03 00:42:42 - __main__ - INFO - Input matrix with PVHTLCKRQNYASDGMFIEW encoding is removed.

2026-06-03 00:42:54 - __main__ - INFO - Input matrix with NSEIHKQALCTVPDGFYMRW encoding is generated.
2026-06-03 00:46:44 - __main__ - INFO - NSEIHKQALCTVPDGFYMRW encoding is done for binary task with:
	-custom
		-f1: 0.8328187031318923
		-auroc: 0.7471921556152701
	-resnet
		-f1: 0.8035363457760314
		-auroc: 0.7602742688442982
2026-06-03 00:46:44 - __main__ - INFO - Input matrix with NSEIHKQALCTVPDGFYMRW encoding is removed.

2026-06-03 00:46:57 - __main__ - INFO - Input matrix with GRKDTWALFCVQIYPSHNEM encoding is generated.
2026-06-03 00:50:47 - __main__ - INFO - GRKDTWALFCVQIYPSHNEM encoding is done for binary task with:
	-custom
		-f1: 0.8348993288590604
		-auroc: 0.7567625449603902
	-resnet
		-f1: 0.8142857142857143
		-auroc: 0.7591629903089256
2026-06-03 00:50:47 - __main__ - INFO - Input matrix with GRKDTWALFCVQIYPSHNEM encoding is removed.

2026-06-03 00:51:00 - __main__ - INFO - Input matrix with KHNMRIDTVELPWQAYCSFG encoding is generated.
2026-06-03 00:54:50 - __main__ - INFO - KHNMRIDTVELPWQAYCSFG encoding is done for binary task with:
	-custom
		-f1: 0.8293118856121537
		-auroc: 0.7486159594386823
	-resnet
		-f1: 0.5732984293193717
		-auroc: 0.6653502934110181
2026-06-03 00:54:50 - __main__ - INFO - Input matrix with KHNMRIDTVELPWQAYCSFG encoding is removed.

2026-06-03 00:55:02 - __main__ - INFO - Input matrix with FMPVCSINYRTKLQHDEGAW encoding is generated.
2026-06-03 00:58:55 - __main__ - INFO - FMPVCSINYRTKLQHDEGAW encoding is done for binary task with:
	-custom
		-f1: 0.8282016956715752
		-auroc: 0.7464792073019302
	-resnet
		-f1: 0.8302693458743052
		-auroc: 0.7283632046119803
2026-06-03 00:58:55 - __main__ - INFO - Input matrix with FMPVCSINYRTKLQHDEGAW encoding is removed.

2026-06-03 00:59:08 - __main__ - INFO - Input matrix with PMYHWENQKRSTACVIFDGL encoding is generated.
2026-06-03 01:02:59 - __main__ - INFO - PMYHWENQKRSTACVIFDGL encoding is done for binary task with:
	-custom
		-f1: 0.8261831048208758
		-auroc: 0.7394459931188628
	-resnet
		-f1: 0.8060724779627816
		-auroc: 0.7620105979557498
2026-06-03 01:02:59 - __main__ - INFO - Input matrix with PMYHWENQKRSTACVIFDGL encoding is removed.

2026-06-03 01:03:12 - __main__ - INFO - Input matrix with AEKWTMIFGSLRNQYDVCPH encoding is generated.
2026-06-03 01:07:03 - __main__ - INFO - AEKWTMIFGSLRNQYDVCPH encoding is done for binary task with:
	-custom
		-f1: 0.8299559471365638
		-auroc: 0.7426514701245358
	-resnet
		-f1: 0.7296849087893864
		-auroc: 0.7320444455606062
2026-06-03 01:07:03 - __main__ - INFO - Input matrix with AEKWTMIFGSLRNQYDVCPH encoding is removed.

2026-06-03 01:07:15 - __main__ - INFO - Input matrix with CQVRATHPWMNSYDKFGILE encoding is generated.
2026-06-03 01:11:08 - __main__ - INFO - CQVRATHPWMNSYDKFGILE encoding is done for binary task with:
	-custom
		-f1: 0.8269230769230769
		-auroc: 0.7346388240119877
	-resnet
		-f1: 0.7277777777777777
		-auroc: 0.7324448685859068
2026-06-03 01:11:08 - __main__ - INFO - Input matrix with CQVRATHPWMNSYDKFGILE encoding is removed.

2026-06-03 01:11:21 - __main__ - INFO - Input matrix with KSAVEWPNGYRQTDLHIFCM encoding is generated.
2026-06-03 01:15:13 - __main__ - INFO - KSAVEWPNGYRQTDLHIFCM encoding is done for binary task with:
	-custom
		-f1: 0.8272484416740873
		-auroc: 0.7441199204176676
	-resnet
		-f1: 0.8236363636363636
		-auroc: 0.7492382196104038
2026-06-03 01:15:13 - __main__ - INFO - Input matrix with KSAVEWPNGYRQTDLHIFCM encoding is removed.

2026-06-03 01:15:25 - __main__ - INFO - Input matrix with NSRPAHMTWIYQGFDVLKEC encoding is generated.
2026-06-03 01:19:17 - __main__ - INFO - NSRPAHMTWIYQGFDVLKEC encoding is done for binary task with:
	-custom
		-f1: 0.8359550561797753
		-auroc: 0.760279152051924
	-resnet
		-f1: 0.7846790890269151
		-auroc: 0.7622303422989025
2026-06-03 01:19:17 - __main__ - INFO - Input matrix with NSRPAHMTWIYQGFDVLKEC encoding is removed.

2026-06-03 01:19:29 - __main__ - INFO - Input matrix with VYNWQHTCLRPGDFMASIEK encoding is generated.
2026-06-03 01:23:20 - __main__ - INFO - VYNWQHTCLRPGDFMASIEK encoding is done for binary task with:
	-custom
		-f1: 0.8299685957828623
		-auroc: 0.7514203158179651
	-resnet
		-f1: 0.8006012024048096
		-auroc: 0.7659269304714945
2026-06-03 01:23:20 - __main__ - INFO - Input matrix with VYNWQHTCLRPGDFMASIEK encoding is removed.

2026-06-03 01:23:32 - __main__ - INFO - Input matrix with EIDCMTRWAGPFKQLSYHVN encoding is generated.
2026-06-03 01:27:20 - __main__ - INFO - EIDCMTRWAGPFKQLSYHVN encoding is done for binary task with:
	-custom
		-f1: 0.8248992386923422
		-auroc: 0.7437634462609977
	-resnet
		-f1: 0.7600627286983795
		-auroc: 0.7385021388449399
2026-06-03 01:27:20 - __main__ - INFO - Input matrix with EIDCMTRWAGPFKQLSYHVN encoding is removed.

2026-06-03 01:27:33 - __main__ - INFO - Input matrix with CGVPETHYMFIWQKLNDSRA encoding is generated.
2026-06-03 01:31:22 - __main__ - INFO - CGVPETHYMFIWQKLNDSRA encoding is done for binary task with:
	-custom
		-f1: 0.834759117514633
		-auroc: 0.7595222548699532
	-resnet
		-f1: 0.823474615742897
		-auroc: 0.760544240465886
2026-06-03 01:31:22 - __main__ - INFO - Input matrix with CGVPETHYMFIWQKLNDSRA encoding is removed.

2026-06-03 01:31:34 - __main__ - INFO - Input matrix with WTGEKAQDCVMFSRNYPHLI encoding is generated.
2026-06-03 01:35:23 - __main__ - INFO - WTGEKAQDCVMFSRNYPHLI encoding is done for binary task with:
	-custom
		-f1: 0.8259507829977628
		-auroc: 0.7447428781904785
	-resnet
		-f1: 0.8230337078651685
		-auroc: 0.762369164915688
2026-06-03 01:35:23 - __main__ - INFO - Input matrix with WTGEKAQDCVMFSRNYPHLI encoding is removed.

2026-06-03 01:35:36 - __main__ - INFO - Input matrix with YWTPDQLNMIEAFVKSHRCG encoding is generated.
2026-06-03 01:39:25 - __main__ - INFO - YWTPDQLNMIEAFVKSHRCG encoding is done for binary task with:
	-custom
		-f1: 0.8314606741573034
		-auroc: 0.754269318666968
	-resnet
		-f1: 0.8042071197411004
		-auroc: 0.6612790934534324
2026-06-03 01:39:25 - __main__ - INFO - Input matrix with YWTPDQLNMIEAFVKSHRCG encoding is removed.

2026-06-03 01:39:38 - __main__ - INFO - Input matrix with DMQGINKPEWHCRSVTYFLA encoding is generated.
2026-06-03 01:43:29 - __main__ - INFO - DMQGINKPEWHCRSVTYFLA encoding is done for binary task with:
	-custom
		-f1: 0.828042328042328
		-auroc: 0.7404700715180637
	-resnet
		-f1: 0.8276515151515151
		-auroc: 0.7734533486247492
2026-06-03 01:43:29 - __main__ - INFO - Input matrix with DMQGINKPEWHCRSVTYFLA encoding is removed.

2026-06-03 01:43:42 - __main__ - INFO - Input matrix with PLKNFVWHSYCEAGQTDMIR encoding is generated.
2026-06-03 01:47:33 - __main__ - INFO - PLKNFVWHSYCEAGQTDMIR encoding is done for binary task with:
	-custom
		-f1: 0.8317631224764468
		-auroc: 0.7538242491719475
	-resnet
		-f1: 0.8085308056872038
		-auroc: 0.7496365498324362
2026-06-03 01:47:33 - __main__ - INFO - Input matrix with PLKNFVWHSYCEAGQTDMIR encoding is removed.

2026-06-03 01:47:46 - __main__ - INFO - Input matrix with QMVEKICPFGYSAWLDNRHT encoding is generated.
2026-06-03 01:51:35 - __main__ - INFO - QMVEKICPFGYSAWLDNRHT encoding is done for binary task with:
	-custom
		-f1: 0.8232166592822331
		-auroc: 0.7362851625829099
	-resnet
		-f1: 0.787266296109146
		-auroc: 0.7539958590399334
2026-06-03 01:51:35 - __main__ - INFO - Input matrix with QMVEKICPFGYSAWLDNRHT encoding is removed.

2026-06-03 01:51:48 - __main__ - INFO - Input matrix with IYAPKQCMWSGLTFDHRNVE encoding is generated.
2026-06-03 01:55:37 - __main__ - INFO - IYAPKQCMWSGLTFDHRNVE encoding is done for binary task with:
	-custom
		-f1: 0.8254674977738201
		-auroc: 0.7417159870636854
	-resnet
		-f1: 0.8271604938271605
		-auroc: 0.7392681048410725
2026-06-03 01:55:37 - __main__ - INFO - Input matrix with IYAPKQCMWSGLTFDHRNVE encoding is removed.

2026-06-03 01:55:50 - __main__ - INFO - Input matrix with PRKIVWYGDAELMFCNSTQH encoding is generated.
2026-06-03 01:59:39 - __main__ - INFO - PRKIVWYGDAELMFCNSTQH encoding is done for binary task with:
	-custom
		-f1: 0.8300359712230215
		-auroc: 0.7525776360252363
	-resnet
		-f1: 0.798810703666997
		-auroc: 0.7586711815409172
2026-06-03 01:59:39 - __main__ - INFO - Input matrix with PRKIVWYGDAELMFCNSTQH encoding is removed.

2026-06-03 01:59:52 - __main__ - INFO - Input matrix with FMINPWCQGLKDHRTYVSEA encoding is generated.
2026-06-03 02:03:43 - __main__ - INFO - FMINPWCQGLKDHRTYVSEA encoding is done for binary task with:
	-custom
		-f1: 0.8282290279627164
		-auroc: 0.7439420321398774
	-resnet
		-f1: 0.7583603020496225
		-auroc: 0.7516777306199443
2026-06-03 02:03:43 - __main__ - INFO - Input matrix with FMINPWCQGLKDHRTYVSEA encoding is removed.

2026-06-03 02:03:55 - __main__ - INFO - Input matrix with EGQNRVHFTACMYSWIKDLP encoding is generated.
2026-06-03 02:07:44 - __main__ - INFO - EGQNRVHFTACMYSWIKDLP encoding is done for binary task with:
	-custom
		-f1: 0.8253825382538253
		-auroc: 0.7467903373877909
	-resnet
		-f1: 0.7993951612903226
		-auroc: 0.7672621389565563
2026-06-03 02:07:44 - __main__ - INFO - Input matrix with EGQNRVHFTACMYSWIKDLP encoding is removed.

2026-06-03 02:07:56 - __main__ - INFO - Input matrix with DHTEQWMRALSVIPGYCKNF encoding is generated.
2026-06-03 02:11:45 - __main__ - INFO - DHTEQWMRALSVIPGYCKNF encoding is done for binary task with:
	-custom
		-f1: 0.8386813186813187
		-auroc: 0.7535138166871761
	-resnet
		-f1: 0.8286516853932584
		-auroc: 0.7695809649776348
2026-06-03 02:11:45 - __main__ - INFO - Input matrix with DHTEQWMRALSVIPGYCKNF encoding is removed.

2026-06-03 02:11:58 - __main__ - INFO - Input matrix with RNYVCFKEQSTLAIHWPMDG encoding is generated.
2026-06-03 02:15:45 - __main__ - INFO - RNYVCFKEQSTLAIHWPMDG encoding is done for binary task with:
	-custom
		-f1: 0.8300536672629696
		-auroc: 0.7500404608631838
	-resnet
		-f1: 0.8064032016008004
		-auroc: 0.7722039450736807
2026-06-03 02:15:45 - __main__ - INFO - Input matrix with RNYVCFKEQSTLAIHWPMDG encoding is removed.

2026-06-03 02:15:57 - __main__ - INFO - Input matrix with IPCDYTWGSANFVQERLKHM encoding is generated.
2026-06-03 02:19:46 - __main__ - INFO - IPCDYTWGSANFVQERLKHM encoding is done for binary task with:
	-custom
		-f1: 0.8283649503161699
		-auroc: 0.7524883430857966
	-resnet
		-f1: 0.829205807002562
		-auroc: 0.7262264524752281
2026-06-03 02:19:46 - __main__ - INFO - Input matrix with IPCDYTWGSANFVQERLKHM encoding is removed.

2026-06-03 02:19:58 - __main__ - INFO - Input matrix with RTKPFMVIEQLCGNYHDSAW encoding is generated.
2026-06-03 02:23:47 - __main__ - INFO - RTKPFMVIEQLCGNYHDSAW encoding is done for binary task with:
	-custom
		-f1: 0.8286604361370716
		-auroc: 0.7458116030593993
	-resnet
		-f1: 0.7672955974842768
		-auroc: 0.7480732257911494
2026-06-03 02:23:47 - __main__ - INFO - Input matrix with RTKPFMVIEQLCGNYHDSAW encoding is removed.

2026-06-03 02:24:00 - __main__ - INFO - Input matrix with TLFQGHEAYIKPNWCSMDRV encoding is generated.
2026-06-03 02:27:48 - __main__ - INFO - TLFQGHEAYIKPNWCSMDRV encoding is done for binary task with:
	-custom
		-f1: 0.8306997742663657
		-auroc: 0.7553819924045193
	-resnet
		-f1: 0.8278651685393258
		-auroc: 0.7494614519590033
2026-06-03 02:27:48 - __main__ - INFO - Input matrix with TLFQGHEAYIKPNWCSMDRV encoding is removed.

2026-06-03 02:28:00 - __main__ - INFO - Input matrix with PEKFYSIMHQLDANVGCWTR encoding is generated.
2026-06-03 02:31:49 - __main__ - INFO - PEKFYSIMHQLDANVGCWTR encoding is done for binary task with:
	-custom
		-f1: 0.8206521739130435
		-auroc: 0.743540213912398
	-resnet
		-f1: 0.7826496935407826
		-auroc: 0.7141565584268817
2026-06-03 02:31:49 - __main__ - INFO - Input matrix with PEKFYSIMHQLDANVGCWTR encoding is removed.

2026-06-03 02:32:01 - __main__ - INFO - Input matrix with HRQICEMFWGPYKVTDLNSA encoding is generated.
2026-06-03 02:35:50 - __main__ - INFO - HRQICEMFWGPYKVTDLNSA encoding is done for binary task with:
	-custom
		-f1: 0.8326675543719485
		-auroc: 0.7499518655248331
	-resnet
		-f1: 0.7128146453089245
		-auroc: 0.7310189719592266
2026-06-03 02:35:50 - __main__ - INFO - Input matrix with HRQICEMFWGPYKVTDLNSA encoding is removed.

2026-06-03 02:36:02 - __main__ - INFO - Input matrix with GTMAEQVCSLNRKHPFIWYD encoding is generated.
2026-06-03 02:39:51 - __main__ - INFO - GTMAEQVCSLNRKHPFIWYD encoding is done for binary task with:
	-custom
		-f1: 0.8296164139161463
		-auroc: 0.7481708899436618
	-resnet
		-f1: 0.8199907450254512
		-auroc: 0.7529766638483583
2026-06-03 02:39:51 - __main__ - INFO - Input matrix with GTMAEQVCSLNRKHPFIWYD encoding is removed.

2026-06-03 02:40:03 - __main__ - INFO - Input matrix with WHLDGNRVTEQYPCFKSMAI encoding is generated.
2026-06-03 02:43:53 - __main__ - INFO - WHLDGNRVTEQYPCFKSMAI encoding is done for binary task with:
	-custom
		-f1: 0.8363798484172983
		-auroc: 0.7570743726473403
	-resnet
		-f1: 0.7914110429447853
		-auroc: 0.7643677920367441
2026-06-03 02:43:53 - __main__ - INFO - Input matrix with WHLDGNRVTEQYPCFKSMAI encoding is removed.

2026-06-03 02:44:06 - __main__ - INFO - Input matrix with NSGWITMVQLEHPFYRACKD encoding is generated.
2026-06-03 02:47:54 - __main__ - INFO - NSGWITMVQLEHPFYRACKD encoding is done for binary task with:
	-custom
		-f1: 0.8263419034731619
		-auroc: 0.7491496242720532
	-resnet
		-f1: 0.7933966983491746
		-auroc: 0.7565783782727955
2026-06-03 02:47:54 - __main__ - INFO - Input matrix with NSGWITMVQLEHPFYRACKD encoding is removed.

2026-06-03 02:48:06 - __main__ - INFO - Input matrix with QACRIFEKYLGWHDNVTPMS encoding is generated.
2026-06-03 02:51:56 - __main__ - INFO - QACRIFEKYLGWHDNVTPMS encoding is done for binary task with:
	-custom
		-f1: 0.8337825696316262
		-auroc: 0.7571629679856908
	-resnet
		-f1: 0.8059299191374663
		-auroc: 0.7199020009989647
2026-06-03 02:51:56 - __main__ - INFO - Input matrix with QACRIFEKYLGWHDNVTPMS encoding is removed.

2026-06-03 02:52:08 - __main__ - INFO - Input matrix with RGFVKIYPASTLNMECHWDQ encoding is generated.
2026-06-03 02:55:57 - __main__ - INFO - RGFVKIYPASTLNMECHWDQ encoding is done for binary task with:
	-custom
		-f1: 0.8352992573176059
		-auroc: 0.7459462400696485
	-resnet
		-f1: 0.790135883241067
		-auroc: 0.7555096534038749
2026-06-03 02:55:57 - __main__ - INFO - Input matrix with RGFVKIYPASTLNMECHWDQ encoding is removed.

2026-06-03 02:56:09 - __main__ - INFO - Input matrix with PTECMYWKSHNGQFALDIVR encoding is generated.
2026-06-03 02:59:58 - __main__ - INFO - PTECMYWKSHNGQFALDIVR encoding is done for binary task with:
	-custom
		-f1: 0.8328935795954265
		-auroc: 0.7458123006604888
	-resnet
		-f1: 0.6570397111913358
		-auroc: 0.6997210990844683
2026-06-03 02:59:58 - __main__ - INFO - Input matrix with PTECMYWKSHNGQFALDIVR encoding is removed.

2026-06-03 03:00:11 - __main__ - INFO - Input matrix with LFVCKMWIYSGATNPHQRED encoding is generated.
2026-06-03 03:04:01 - __main__ - INFO - LFVCKMWIYSGATNPHQRED encoding is done for binary task with:
	-custom
		-f1: 0.834072759538598
		-auroc: 0.7516435481665649
	-resnet
		-f1: 0.7168091168091169
		-auroc: 0.7332450170354186
2026-06-03 03:04:01 - __main__ - INFO - Input matrix with LFVCKMWIYSGATNPHQRED encoding is removed.

2026-06-03 03:04:13 - __main__ - INFO - Input matrix with QNRGVIWPDKTYLFAECMSH encoding is generated.
2026-06-03 03:08:02 - __main__ - INFO - QNRGVIWPDKTYLFAECMSH encoding is done for binary task with:
	-custom
		-f1: 0.8352524357838795
		-auroc: 0.7524004453485355
	-resnet
		-f1: 0.8370860927152318
		-auroc: 0.7534245237477362
2026-06-03 03:08:02 - __main__ - INFO - Input matrix with QNRGVIWPDKTYLFAECMSH encoding is removed.

2026-06-03 03:08:14 - __main__ - INFO - Input matrix with HGSPKAWTCMRIVYNQEFDL encoding is generated.
2026-06-03 03:12:05 - __main__ - INFO - HGSPKAWTCMRIVYNQEFDL encoding is done for binary task with:
	-custom
		-f1: 0.8305913739439751
		-auroc: 0.7479930016658713
	-resnet
		-f1: 0.8135913166588014
		-auroc: 0.7540439935151002
2026-06-03 03:12:05 - __main__ - INFO - Input matrix with HGSPKAWTCMRIVYNQEFDL encoding is removed.

2026-06-03 03:12:18 - __main__ - INFO - Input matrix with ERSHPTQKIVACNYLFDMGW encoding is generated.
2026-06-03 03:16:07 - __main__ - INFO - ERSHPTQKIVACNYLFDMGW encoding is done for binary task with:
	-custom
		-f1: 0.8378258948298718
		-auroc: 0.7548490251722376
	-resnet
		-f1: 0.8264101442938347
		-auroc: 0.7341491080472472
2026-06-03 03:16:07 - __main__ - INFO - Input matrix with ERSHPTQKIVACNYLFDMGW encoding is removed.

2026-06-03 03:16:20 - __main__ - INFO - Input matrix with FREDPYWNVQCTGSHMLAKI encoding is generated.
2026-06-03 03:20:10 - __main__ - INFO - FREDPYWNVQCTGSHMLAKI encoding is done for binary task with:
	-custom
		-f1: 0.8283548818546589
		-auroc: 0.7462566725544199
	-resnet
		-f1: 0.7774882751433038
		-auroc: 0.7570660014342678
2026-06-03 03:20:10 - __main__ - INFO - Input matrix with FREDPYWNVQCTGSHMLAKI encoding is removed.

2026-06-03 03:20:22 - __main__ - INFO - Input matrix with FESDLRCGAIKHPWNQTVMY encoding is generated.
2026-06-03 03:24:10 - __main__ - INFO - FESDLRCGAIKHPWNQTVMY encoding is done for binary task with:
	-custom
		-f1: 0.8288605367355917
		-auroc: 0.7405147179877836
	-resnet
		-f1: 0.8127734033245845
		-auroc: 0.7156298919276392
2026-06-03 03:24:10 - __main__ - INFO - Input matrix with FESDLRCGAIKHPWNQTVMY encoding is removed.

2026-06-03 03:24:23 - __main__ - INFO - Input matrix with RHIVFSWETCKDAQGNMLPY encoding is generated.
2026-06-03 03:28:11 - __main__ - INFO - RHIVFSWETCKDAQGNMLPY encoding is done for binary task with:
	-custom
		-f1: 0.8334817453250223
		-auroc: 0.7525336871566058
	-resnet
		-f1: 0.8205793341980112
		-auroc: 0.7204384562366933
2026-06-03 03:28:11 - __main__ - INFO - Input matrix with RHIVFSWETCKDAQGNMLPY encoding is removed.

2026-06-03 03:28:24 - __main__ - INFO - Input matrix with RNYLAIEFTKPWQDSGHMVC encoding is generated.
2026-06-03 03:32:12 - __main__ - INFO - RNYLAIEFTKPWQDSGHMVC encoding is done for binary task with:
	-custom
		-f1: 0.8325231992929739
		-auroc: 0.7476372251102906
	-resnet
		-f1: 0.599090318388564
		-auroc: 0.6851607691470571
2026-06-03 03:32:12 - __main__ - INFO - Input matrix with RNYLAIEFTKPWQDSGHMVC encoding is removed.

2026-06-03 03:32:25 - __main__ - INFO - Input matrix with MTVESIAWNRLHDGQFPYKC encoding is generated.
2026-06-03 03:36:14 - __main__ - INFO - MTVESIAWNRLHDGQFPYKC encoding is done for binary task with:
	-custom
		-f1: 0.8287885561019223
		-auroc: 0.7481262434739417
	-resnet
		-f1: 0.8234750462107209
		-auroc: 0.7568497450965619
2026-06-03 03:36:14 - __main__ - INFO - Input matrix with MTVESIAWNRLHDGQFPYKC encoding is removed.

2026-06-03 03:36:27 - __main__ - INFO - Input matrix with VFTCDPWLNMIKQRYAGSHE encoding is generated.
2026-06-03 03:40:16 - __main__ - INFO - VFTCDPWLNMIKQRYAGSHE encoding is done for binary task with:
	-custom
		-f1: 0.8290293855743545
		-auroc: 0.74652385377165
	-resnet
		-f1: 0.8406047516198704
		-auroc: 0.7478611550599799
2026-06-03 03:40:16 - __main__ - INFO - Input matrix with VFTCDPWLNMIKQRYAGSHE encoding is removed.

2026-06-03 03:40:28 - __main__ - INFO - Input matrix with WHDCSFVAYKTEILQRPMGN encoding is generated.
2026-06-03 03:44:17 - __main__ - INFO - WHDCSFVAYKTEILQRPMGN encoding is done for binary task with:
	-custom
		-f1: 0.8301716350496838
		-auroc: 0.7548922764397789
	-resnet
		-f1: 0.802962962962963
		-auroc: 0.7620991932941003
2026-06-03 03:44:17 - __main__ - INFO - Input matrix with WHDCSFVAYKTEILQRPMGN encoding is removed.

2026-06-03 03:44:30 - __main__ - INFO - Input matrix with VEIKQNSPADCHRWTFMYGL encoding is generated.
2026-06-03 03:48:19 - __main__ - INFO - VEIKQNSPADCHRWTFMYGL encoding is done for binary task with:
	-custom
		-f1: 0.8352992573176059
		-auroc: 0.7459462400696485
	-resnet
		-f1: 0.8282828282828283
		-auroc: 0.7388676818157719
2026-06-03 03:48:19 - __main__ - INFO - Input matrix with VEIKQNSPADCHRWTFMYGL encoding is removed.

2026-06-03 03:48:31 - __main__ - INFO - Input matrix with DKGAFVESMWIPYLCRNTQH encoding is generated.
2026-06-03 03:52:19 - __main__ - INFO - DKGAFVESMWIPYLCRNTQH encoding is done for binary task with:
	-custom
		-f1: 0.831779849090102
		-auroc: 0.748749898847842
	-resnet
		-f1: 0.8080229226361032
		-auroc: 0.7526187944895095
2026-06-03 03:52:19 - __main__ - INFO - Input matrix with DKGAFVESMWIPYLCRNTQH encoding is removed.

2026-06-03 03:52:31 - __main__ - INFO - Input matrix with HTRCPEWNIQSAKMFYDGVL encoding is generated.
2026-06-03 03:56:20 - __main__ - INFO - HTRCPEWNIQSAKMFYDGVL encoding is done for binary task with:
	-custom
		-f1: 0.824102791315906
		-auroc: 0.7374871292599011
	-resnet
		-f1: 0.7758081334723671
		-auroc: 0.7553743187925361
2026-06-03 03:56:20 - __main__ - INFO - Input matrix with HTRCPEWNIQSAKMFYDGVL encoding is removed.

2026-06-03 03:56:33 - __main__ - INFO - Input matrix with QHSNDMARLEKVYWIGCPTF encoding is generated.
2026-06-03 04:00:21 - __main__ - INFO - QHSNDMARLEKVYWIGCPTF encoding is done for binary task with:
	-custom
		-f1: 0.8282647584973166
		-auroc: 0.7476365275092014
	-resnet
		-f1: 0.8031189083820662
		-auroc: 0.7560900575102337
2026-06-03 04:00:21 - __main__ - INFO - Input matrix with QHSNDMARLEKVYWIGCPTF encoding is removed.

2026-06-03 04:00:34 - __main__ - INFO - Input matrix with RMSCWYFDPGIVLENATQHK encoding is generated.
2026-06-03 04:04:24 - __main__ - INFO - RMSCWYFDPGIVLENATQHK encoding is done for binary task with:
	-custom
		-f1: 0.8414470745868692
		-auroc: 0.764731242204308
	-resnet
		-f1: 0.828041237113402
		-auroc: 0.7067745436991275
2026-06-03 04:04:24 - __main__ - INFO - Input matrix with RMSCWYFDPGIVLENATQHK encoding is removed.

2026-06-03 04:04:36 - __main__ - INFO - Input matrix with TFGLWQMHYSRNACKPDEIV encoding is generated.
2026-06-03 04:08:23 - __main__ - INFO - TFGLWQMHYSRNACKPDEIV encoding is done for binary task with:
	-custom
		-f1: 0.8263950398582817
		-auroc: 0.7403807785786238
	-resnet
		-f1: 0.8292682926829268
		-auroc: 0.7449214640693582
2026-06-03 04:08:23 - __main__ - INFO - Input matrix with TFGLWQMHYSRNACKPDEIV encoding is removed.

2026-06-03 04:08:36 - __main__ - INFO - Input matrix with AYSLHEKRMFINWDVCTQPG encoding is generated.
2026-06-03 04:12:23 - __main__ - INFO - AYSLHEKRMFINWDVCTQPG encoding is done for binary task with:
	-custom
		-f1: 0.8337009263343625
		-auroc: 0.7483941222922614
	-resnet
		-f1: 0.7895771878072763
		-auroc: 0.7436692701139321
2026-06-03 04:12:23 - __main__ - INFO - Input matrix with AYSLHEKRMFINWDVCTQPG encoding is removed.

2026-06-03 04:12:36 - __main__ - INFO - Input matrix with NFKHPEAGWLQITSYMDCVR encoding is generated.
2026-06-03 04:16:25 - __main__ - INFO - NFKHPEAGWLQITSYMDCVR encoding is done for binary task with:
	-custom
		-f1: 0.8271827182718272
		-auroc: 0.7491942707417731
	-resnet
		-f1: 0.789980732177264
		-auroc: 0.734188173708252
2026-06-03 04:16:25 - __main__ - INFO - Input matrix with NFKHPEAGWLQITSYMDCVR encoding is removed.

2026-06-03 04:16:38 - __main__ - INFO - Input matrix with YTKFRSVQLNPCGAMDEWHI encoding is generated.
2026-06-03 04:20:25 - __main__ - INFO - YTKFRSVQLNPCGAMDEWHI encoding is done for binary task with:
	-custom
		-f1: 0.822790489008524
		-auroc: 0.7418045824020358
	-resnet
		-f1: 0.7645161290322581
		-auroc: 0.7570199597623692
2026-06-03 04:20:25 - __main__ - INFO - Input matrix with YTKFRSVQLNPCGAMDEWHI encoding is removed.

2026-06-03 04:20:37 - __main__ - INFO - Input matrix with HLERPIQNSFWTADCVKYMG encoding is generated.
2026-06-03 04:24:24 - __main__ - INFO - HLERPIQNSFWTADCVKYMG encoding is done for binary task with:
	-custom
		-f1: 0.8285457809694794
		-auroc: 0.7497286331762335
	-resnet
		-f1: 0.8062234794908062
		-auroc: 0.7442057253516607
2026-06-03 04:24:24 - __main__ - INFO - Input matrix with HLERPIQNSFWTADCVKYMG encoding is removed.

2026-06-03 04:24:36 - __main__ - INFO - Input matrix with YQWKGNREHSPMIFCTLAVD encoding is generated.
2026-06-03 04:28:25 - __main__ - INFO - YQWKGNREHSPMIFCTLAVD encoding is done for binary task with:
	-custom
		-f1: 0.8293561458802341
		-auroc: 0.7523104548080063
	-resnet
		-f1: 0.8372093023255814
		-auroc: 0.7776389551609924
2026-06-03 04:28:25 - __main__ - INFO - Input matrix with YQWKGNREHSPMIFCTLAVD encoding is removed.

2026-06-03 04:28:38 - __main__ - INFO - Input matrix with CQPIHGTEAWVYSDFRMNLK encoding is generated.
2026-06-03 04:32:27 - __main__ - INFO - CQPIHGTEAWVYSDFRMNLK encoding is done for binary task with:
	-custom
		-f1: 0.8244139761167625
		-auroc: 0.7370420597648806
	-resnet
		-f1: 0.8303886925795053
		-auroc: 0.7445210410440577
2026-06-03 04:32:27 - __main__ - INFO - Input matrix with CQPIHGTEAWVYSDFRMNLK encoding is removed.

2026-06-03 04:32:40 - __main__ - INFO - Input matrix with TVKPMEICSNWQLHFADGRY encoding is generated.
2026-06-03 04:36:30 - __main__ - INFO - TVKPMEICSNWQLHFADGRY encoding is done for binary task with:
	-custom
		-f1: 0.8268551236749117
		-auroc: 0.7397131743360931
	-resnet
		-f1: 0.8133037694013304
		-auroc: 0.7232860638835175
2026-06-03 04:36:30 - __main__ - INFO - Input matrix with TVKPMEICSNWQLHFADGRY encoding is removed.

2026-06-03 04:36:42 - __main__ - INFO - Input matrix with QAHMTLWIEPSKYFGDRCNV encoding is generated.
2026-06-03 04:40:29 - __main__ - INFO - QAHMTLWIEPSKYFGDRCNV encoding is done for binary task with:
	-custom
		-f1: 0.8307692307692308
		-auroc: 0.7426961165942556
	-resnet
		-f1: 0.8268782081194587
		-auroc: 0.7657971766688711
2026-06-03 04:40:29 - __main__ - INFO - Input matrix with QAHMTLWIEPSKYFGDRCNV encoding is removed.

2026-06-03 04:40:42 - __main__ - INFO - Input matrix with DHQWCVASEKLNMPIGRYTF encoding is generated.
2026-06-03 04:44:30 - __main__ - INFO - DHQWCVASEKLNMPIGRYTF encoding is done for binary task with:
	-custom
		-f1: 0.8266075388026608
		-auroc: 0.7413155640383848
	-resnet
		-f1: 0.7809425168306577
		-auroc: 0.7581347263031887
2026-06-03 04:44:30 - __main__ - INFO - Input matrix with DHQWCVASEKLNMPIGRYTF encoding is removed.

2026-06-03 04:44:42 - __main__ - INFO - Input matrix with EHLCTYKFSGQWRNDVAMIP encoding is generated.
2026-06-03 04:48:31 - __main__ - INFO - EHLCTYKFSGQWRNDVAMIP encoding is done for binary task with:
	-custom
		-f1: 0.8307967770814683
		-auroc: 0.7514649622876851
	-resnet
		-f1: 0.8005850804485617
		-auroc: 0.753196408191511
2026-06-03 04:48:31 - __main__ - INFO - Input matrix with EHLCTYKFSGQWRNDVAMIP encoding is removed.

2026-06-03 04:48:43 - __main__ - INFO - Input matrix with EVDPTRMFQYKLGCSWAHNI encoding is generated.
2026-06-03 04:52:31 - __main__ - INFO - EVDPTRMFQYKLGCSWAHNI encoding is done for binary task with:
	-custom
		-f1: 0.821203953279425
		-auroc: 0.7403354345078144
	-resnet
		-f1: 0.8190127970749543
		-auroc: 0.7457655613875007
2026-06-03 04:52:31 - __main__ - INFO - Input matrix with EVDPTRMFQYKLGCSWAHNI encoding is removed.

2026-06-03 04:52:43 - __main__ - INFO - Input matrix with TPRGCSWFDYNQEHLMVIKA encoding is generated.
2026-06-03 04:56:29 - __main__ - INFO - TPRGCSWFDYNQEHLMVIKA encoding is done for binary task with:
	-custom
		-f1: 0.8303057155516171
		-auroc: 0.7459008959988391
	-resnet
		-f1: 0.8266320795503674
		-auroc: 0.7288522229756313
2026-06-03 04:56:29 - __main__ - INFO - Input matrix with TPRGCSWFDYNQEHLMVIKA encoding is removed.

2026-06-03 04:56:42 - __main__ - INFO - Input matrix with TRIQSPWAVFMKCDNGEHYL encoding is generated.
2026-06-03 05:00:31 - __main__ - INFO - TRIQSPWAVFMKCDNGEHYL encoding is done for binary task with:
	-custom
		-f1: 0.8299379982285208
		-auroc: 0.7451886452865885
	-resnet
		-f1: 0.7846938775510204
		-auroc: 0.7555089558027854
2026-06-03 05:00:31 - __main__ - INFO - Input matrix with TRIQSPWAVFMKCDNGEHYL encoding is removed.

2026-06-03 05:00:43 - __main__ - INFO - Input matrix with ITWVDFYKSRNQLPHMECGA encoding is generated.
2026-06-03 05:04:32 - __main__ - INFO - ITWVDFYKSRNQLPHMECGA encoding is done for binary task with:
	-custom
		-f1: 0.8255659121171771
		-auroc: 0.740336132108904
	-resnet
		-f1: 0.8233576642335766
		-auroc: 0.7803965722672873
2026-06-03 05:04:32 - __main__ - INFO - Input matrix with ITWVDFYKSRNQLPHMECGA encoding is removed.

2026-06-03 05:04:44 - __main__ - INFO - Input matrix with RKHWEAQLTIVFCMNSGDYP encoding is generated.
2026-06-03 05:08:34 - __main__ - INFO - RKHWEAQLTIVFCMNSGDYP encoding is done for binary task with:
	-custom
		-f1: 0.8444048149799376
		-auroc: 0.7678920727402608
	-resnet
		-f1: 0.7975891511803114
		-auroc: 0.7634783506477923
2026-06-03 05:08:34 - __main__ - INFO - Input matrix with RKHWEAQLTIVFCMNSGDYP encoding is removed.

2026-06-03 05:08:47 - __main__ - INFO - Input matrix with YPQIRHELMNVTASFGCWDK encoding is generated.
2026-06-03 05:12:36 - __main__ - INFO - YPQIRHELMNVTASFGCWDK encoding is done for binary task with:
	-custom
		-f1: 0.8282918149466192
		-auroc: 0.7450993523471486
	-resnet
		-f1: 0.7724704673857217
		-auroc: 0.7443347815531949
2026-06-03 05:12:36 - __main__ - INFO - Input matrix with YPQIRHELMNVTASFGCWDK encoding is removed.

2026-06-03 05:12:48 - __main__ - INFO - Input matrix with CAEPWNDTMSFIHGKVLQYR encoding is generated.
2026-06-03 05:16:36 - __main__ - INFO - CAEPWNDTMSFIHGKVLQYR encoding is done for binary task with:
	-custom
		-f1: 0.8259507829977628
		-auroc: 0.7447428781904785
	-resnet
		-f1: 0.6670746634026927
		-auroc: 0.7184621523504973
2026-06-03 05:16:36 - __main__ - INFO - Input matrix with CAEPWNDTMSFIHGKVLQYR encoding is removed.

2026-06-03 05:16:49 - __main__ - INFO - Input matrix with LRFMCVDGYKTWHAQEPISN encoding is generated.
2026-06-03 05:20:37 - __main__ - INFO - LRFMCVDGYKTWHAQEPISN encoding is done for binary task with:
	-custom
		-f1: 0.8323699421965318
		-auroc: 0.7503969350198537
	-resnet
		-f1: 0.7697916666666667
		-auroc: 0.747939983983079
2026-06-03 05:20:37 - __main__ - INFO - Input matrix with LRFMCVDGYKTWHAQEPISN encoding is removed.

2026-06-03 05:20:49 - __main__ - INFO - Input matrix with MFWGERTHDLQAIVPNCYSK encoding is generated.
2026-06-03 05:24:38 - __main__ - INFO - MFWGERTHDLQAIVPNCYSK encoding is done for binary task with:
	-custom
		-f1: 0.8247515808491418
		-auroc: 0.7476804763778319
	-resnet
		-f1: 0.8123492522913651
		-auroc: 0.7627681927388097
2026-06-03 05:24:38 - __main__ - INFO - Input matrix with MFWGERTHDLQAIVPNCYSK encoding is removed.

2026-06-03 05:24:50 - __main__ - INFO - Input matrix with GKLDHYPQVTMWASICEFNR encoding is generated.
2026-06-03 05:28:39 - __main__ - INFO - GKLDHYPQVTMWASICEFNR encoding is done for binary task with:
	-custom
		-f1: 0.8279522335249889
		-auroc: 0.7418499264728452
	-resnet
		-f1: 0.6201153106982703
		-auroc: 0.6971364870483382
2026-06-03 05:28:39 - __main__ - INFO - Input matrix with GKLDHYPQVTMWASICEFNR encoding is removed.

2026-06-03 05:28:51 - __main__ - INFO - Input matrix with SLDMAFTEKPGHICYQRVWN encoding is generated.
2026-06-03 05:32:39 - __main__ - INFO - SLDMAFTEKPGHICYQRVWN encoding is done for binary task with:
	-custom
		-f1: 0.8404112650871703
		-auroc: 0.763751810274827
	-resnet
		-f1: 0.8316642823080591
		-auroc: 0.7817331759545275
2026-06-03 05:32:39 - __main__ - INFO - Input matrix with SLDMAFTEKPGHICYQRVWN encoding is removed.

2026-06-03 05:32:51 - __main__ - INFO - Input matrix with TPKYMQLGNAWHEFVDSIRC encoding is generated.
2026-06-03 05:36:39 - __main__ - INFO - TPKYMQLGNAWHEFVDSIRC encoding is done for binary task with:
	-custom
		-f1: 0.8241071428571428
		-auroc: 0.7411816246292249
	-resnet
		-f1: 0.7615062761506276
		-auroc: 0.7404163562341819
2026-06-03 05:36:39 - __main__ - INFO - Input matrix with TPKYMQLGNAWHEFVDSIRC encoding is removed.

2026-06-03 05:36:51 - __main__ - INFO - Input matrix with RHGNVSKWMFQCYEAPITLD encoding is generated.
2026-06-03 05:40:41 - __main__ - INFO - RHGNVSKWMFQCYEAPITLD encoding is done for binary task with:
	-custom
		-f1: 0.8296751536435469
		-auroc: 0.7405593644575036
	-resnet
		-f1: 0.8175454969668688
		-auroc: 0.7537775098989594
2026-06-03 05:40:41 - __main__ - INFO - Input matrix with RHGNVSKWMFQCYEAPITLD encoding is removed.

2026-06-03 05:40:53 - __main__ - INFO - Input matrix with MNTRPIQVHSLECFGWYKDA encoding is generated.
2026-06-03 05:44:43 - __main__ - INFO - MNTRPIQVHSLECFGWYKDA encoding is done for binary task with:
	-custom
		-f1: 0.8289649044868947
		-auroc: 0.7453665335643787
	-resnet
		-f1: 0.8067307692307693
		-auroc: 0.7541765377220814
2026-06-03 05:44:43 - __main__ - INFO - Input matrix with MNTRPIQVHSLECFGWYKDA encoding is removed.

2026-06-03 05:44:56 - __main__ - INFO - Input matrix with IEQYDNALWKRMCTFSPVHG encoding is generated.
2026-06-03 05:48:43 - __main__ - INFO - IEQYDNALWKRMCTFSPVHG encoding is done for binary task with:
	-custom
		-f1: 0.8362989323843416
		-auroc: 0.7559170524400691
	-resnet
		-f1: 0.7390562819783968
		-auroc: 0.7556373144032302
2026-06-03 05:48:43 - __main__ - INFO - Input matrix with IEQYDNALWKRMCTFSPVHG encoding is removed.

2026-06-03 05:48:56 - __main__ - INFO - Input matrix with RSYHLWPNDVFKQGIAETMC encoding is generated.
2026-06-03 05:52:44 - __main__ - INFO - RSYHLWPNDVFKQGIAETMC encoding is done for binary task with:
	-custom
		-f1: 0.8292465448060633
		-auroc: 0.7474586392314111
	-resnet
		-f1: 0.8212435233160622
		-auroc: 0.7207056374539236
2026-06-03 05:52:44 - __main__ - INFO - Input matrix with RSYHLWPNDVFKQGIAETMC encoding is removed.

2026-06-03 05:52:56 - __main__ - INFO - Input matrix with WVEDMKTNFRHCYALPIGSQ encoding is generated.
2026-06-03 05:56:45 - __main__ - INFO - WVEDMKTNFRHCYALPIGSQ encoding is done for binary task with:
	-custom
		-f1: 0.8364279398762158
		-auroc: 0.753157342530506
	-resnet
		-f1: 0.8128342245989305
		-auroc: 0.7669524040728743
2026-06-03 05:56:45 - __main__ - INFO - Input matrix with WVEDMKTNFRHCYALPIGSQ encoding is removed.

2026-06-03 05:56:58 - __main__ - INFO - Input matrix with MSRQDNITKLHCPAGWYFVE encoding is generated.
2026-06-03 06:00:47 - __main__ - INFO - MSRQDNITKLHCPAGWYFVE encoding is done for binary task with:
	-custom
		-f1: 0.8325912733748887
		-auroc: 0.7513317204796148
	-resnet
		-f1: 0.8290249433106576
		-auroc: 0.7552926994650795
2026-06-03 06:00:47 - __main__ - INFO - Input matrix with MSRQDNITKLHCPAGWYFVE encoding is removed.

2026-06-03 06:00:59 - __main__ - INFO - Input matrix with QLNECAHRGYDWKTSMVPFI encoding is generated.
2026-06-03 06:04:47 - __main__ - INFO - QLNECAHRGYDWKTSMVPFI encoding is done for binary task with:
	-custom
		-f1: 0.8255550521069325
		-auroc: 0.7502622980096046
	-resnet
		-f1: 0.8266666666666667
		-auroc: 0.7263150478135787
2026-06-03 06:04:47 - __main__ - INFO - Input matrix with QLNECAHRGYDWKTSMVPFI encoding is removed.

2026-06-03 06:05:00 - __main__ - INFO - Input matrix with HIFEQGYNWVMASPKDCLRT encoding is generated.
2026-06-03 06:08:50 - __main__ - INFO - HIFEQGYNWVMASPKDCLRT encoding is done for binary task with:
	-custom
		-f1: 0.8374340949033392
		-auroc: 0.7515995992979343
	-resnet
		-f1: 0.8257261410788381
		-auroc: 0.7066406042899676
2026-06-03 06:08:50 - __main__ - INFO - Input matrix with HIFEQGYNWVMASPKDCLRT encoding is removed.

2026-06-03 06:09:02 - __main__ - INFO - Input matrix with GQSANFIKEVMYCPWTHRDL encoding is generated.
2026-06-03 06:12:52 - __main__ - INFO - GQSANFIKEVMYCPWTHRDL encoding is done for binary task with:
	-custom
		-f1: 0.8215547703180212
		-auroc: 0.7325013742741462
	-resnet
		-f1: 0.813942534149788
		-auroc: 0.7535989240200797
2026-06-03 06:12:52 - __main__ - INFO - Input matrix with GQSANFIKEVMYCPWTHRDL encoding is removed.

2026-06-03 06:13:04 - __main__ - INFO - Input matrix with TRIKSFPHCYEVMLDWAQNG encoding is generated.
2026-06-03 06:16:53 - __main__ - INFO - TRIKSFPHCYEVMLDWAQNG encoding is done for binary task with:
	-custom
		-f1: 0.8325912733748887
		-auroc: 0.7513317204796148
	-resnet
		-f1: 0.8106557377049181
		-auroc: 0.6780612828604993
2026-06-03 06:16:53 - __main__ - INFO - Input matrix with TRIKSFPHCYEVMLDWAQNG encoding is removed.

2026-06-03 06:17:06 - __main__ - INFO - Input matrix with SNHVELADCRWYIMKPTFGQ encoding is generated.
2026-06-03 06:20:55 - __main__ - INFO - SNHVELADCRWYIMKPTFGQ encoding is done for binary task with:
	-custom
		-f1: 0.8236877523553163
		-auroc: 0.7430065490790271
	-resnet
		-f1: 0.5615696887686062
		-auroc: 0.673317595452757
2026-06-03 06:20:55 - __main__ - INFO - Input matrix with SNHVELADCRWYIMKPTFGQ encoding is removed.

2026-06-03 06:21:07 - __main__ - INFO - Input matrix with FHMTQYSDRNIWPKVALGCE encoding is generated.
2026-06-03 06:24:56 - __main__ - INFO - FHMTQYSDRNIWPKVALGCE encoding is done for binary task with:
	-custom
		-f1: 0.8304711580801409
		-auroc: 0.7431411860892763
	-resnet
		-f1: 0.8345965225144896
		-auroc: 0.754670439293358
2026-06-03 06:24:56 - __main__ - INFO - Input matrix with FHMTQYSDRNIWPKVALGCE encoding is removed.

2026-06-03 06:25:09 - __main__ - INFO - Input matrix with CQLDHRGMNIEWTKPVSYFA encoding is generated.
2026-06-03 06:28:58 - __main__ - INFO - CQLDHRGMNIEWTKPVSYFA encoding is done for binary task with:
	-custom
		-f1: 0.8277385159010601
		-auroc: 0.7409151410130842
	-resnet
		-f1: 0.6382716049382716
		-auroc: 0.6947785953662545
2026-06-03 06:28:58 - __main__ - INFO - Input matrix with CQLDHRGMNIEWTKPVSYFA encoding is removed.

2026-06-03 06:29:10 - __main__ - INFO - Input matrix with WKIYAREQNTDLMGCSFHPV encoding is generated.
2026-06-03 06:32:59 - __main__ - INFO - WKIYAREQNTDLMGCSFHPV encoding is done for binary task with:
	-custom
		-f1: 0.8289649044868947
		-auroc: 0.7453665335643787
	-resnet
		-f1: 0.7728813559322034
		-auroc: 0.7155796646492043
2026-06-03 06:32:59 - __main__ - INFO - Input matrix with WKIYAREQNTDLMGCSFHPV encoding is removed.

2026-06-03 06:33:11 - __main__ - INFO - Input matrix with HVTKGAFMQWCIDNRYLPSE encoding is generated.
2026-06-03 06:37:01 - __main__ - INFO - HVTKGAFMQWCIDNRYLPSE encoding is done for binary task with:
	-custom
		-f1: 0.8143497757847533
		-auroc: 0.7302746315968648
	-resnet
		-f1: 0.6880841121495327
		-auroc: 0.7157931305825526
2026-06-03 06:37:01 - __main__ - INFO - Input matrix with HVTKGAFMQWCIDNRYLPSE encoding is removed.

2026-06-03 06:37:14 - __main__ - INFO - Input matrix with CVKTNIGARSEQLPHDWFMY encoding is generated.
2026-06-03 06:41:03 - __main__ - INFO - CVKTNIGARSEQLPHDWFMY encoding is done for binary task with:
	-custom
		-f1: 0.8251996450754214
		-auroc: 0.7396238813966531
	-resnet
		-f1: 0.8198198198198198
		-auroc: 0.6910603815598919
2026-06-03 06:41:03 - __main__ - INFO - Input matrix with CVKTNIGARSEQLPHDWFMY encoding is removed.

2026-06-03 06:41:16 - __main__ - INFO - Input matrix with LAFMQPDRSKWTEYCHIGNV encoding is generated.
2026-06-03 06:45:05 - __main__ - INFO - LAFMQPDRSKWTEYCHIGNV encoding is done for binary task with:
	-custom
		-f1: 0.8299685957828623
		-auroc: 0.7514203158179651
	-resnet
		-f1: 0.8154471544715447
		-auroc: 0.6806438020933614
2026-06-03 06:45:05 - __main__ - INFO - Input matrix with LAFMQPDRSKWTEYCHIGNV encoding is removed.

2026-06-03 06:45:17 - __main__ - INFO - Input matrix with QLKFEYGAPSDMVNTWRIHC encoding is generated.
2026-06-03 06:49:06 - __main__ - INFO - QLKFEYGAPSDMVNTWRIHC encoding is done for binary task with:
	-custom
		-f1: 0.8299685957828623
		-auroc: 0.7514203158179651
	-resnet
		-f1: 0.7996051332675223
		-auroc: 0.757781042550876
2026-06-03 06:49:06 - __main__ - INFO - Input matrix with QLKFEYGAPSDMVNTWRIHC encoding is removed.

2026-06-03 06:49:18 - __main__ - INFO - Input matrix with FSAHQELNCMPTIRYGVDWK encoding is generated.
2026-06-03 06:53:07 - __main__ - INFO - FSAHQELNCMPTIRYGVDWK encoding is done for binary task with:
	-custom
		-f1: 0.8233167645729779
		-auroc: 0.7459887937361004
	-resnet
		-f1: 0.7014925373134329
		-auroc: 0.720868876108837
2026-06-03 06:53:07 - __main__ - INFO - Input matrix with FSAHQELNCMPTIRYGVDWK encoding is removed.

2026-06-03 06:53:20 - __main__ - INFO - Input matrix with NWLFTHEMVSIAKRQDPYCG encoding is generated.
2026-06-03 06:57:08 - __main__ - INFO - NWLFTHEMVSIAKRQDPYCG encoding is done for binary task with:
	-custom
		-f1: 0.8327338129496403
		-auroc: 0.7561835360562098
	-resnet
		-f1: 0.7234525837592277
		-auroc: 0.7385872461778437
2026-06-03 06:57:08 - __main__ - INFO - Input matrix with NWLFTHEMVSIAKRQDPYCG encoding is removed.

2026-06-03 06:57:20 - __main__ - INFO - Input matrix with IPAYDCNQGSVHFMWKLETR encoding is generated.
2026-06-03 07:01:10 - __main__ - INFO - IPAYDCNQGSVHFMWKLETR encoding is done for binary task with:
	-custom
		-f1: 0.8302895322939866
		-auroc: 0.748438071160892
	-resnet
		-f1: 0.8251811594202898
		-auroc: 0.749550047297354
2026-06-03 07:01:10 - __main__ - INFO - Input matrix with IPAYDCNQGSVHFMWKLETR encoding is removed.

2026-06-03 07:01:23 - __main__ - INFO - Input matrix with SQPKMTIFDLYNHGEVWRCA encoding is generated.
2026-06-03 07:05:14 - __main__ - INFO - SQPKMTIFDLYNHGEVWRCA encoding is done for binary task with:
	-custom
		-f1: 0.8309050772626931
		-auroc: 0.745010757008798
	-resnet
		-f1: 0.8206713780918727
		-auroc: 0.7312994075971548
2026-06-03 07:05:14 - __main__ - INFO - Input matrix with SQPKMTIFDLYNHGEVWRCA encoding is removed.

2026-06-03 07:05:26 - __main__ - INFO - Input matrix with DFYWCSKGTHPLREIMAVNQ encoding is generated.
2026-06-03 07:09:15 - __main__ - INFO - DFYWCSKGTHPLREIMAVNQ encoding is done for binary task with:
	-custom
		-f1: 0.830238726790451
		-auroc: 0.7447435757915679
	-resnet
		-f1: 0.7899159663865546
		-auroc: 0.7466961612407254
2026-06-03 07:09:15 - __main__ - INFO - Input matrix with DFYWCSKGTHPLREIMAVNQ encoding is removed.

2026-06-03 07:09:28 - __main__ - INFO - Input matrix with YHICQGRFPKDLVTEAMSWN encoding is generated.
2026-06-03 07:13:19 - __main__ - INFO - YHICQGRFPKDLVTEAMSWN encoding is done for binary task with:
	-custom
		-f1: 0.8359550561797753
		-auroc: 0.760279152051924
	-resnet
		-f1: 0.814388489208633
		-auroc: 0.7626349509307393
2026-06-03 07:13:19 - __main__ - INFO - Input matrix with YHICQGRFPKDLVTEAMSWN encoding is removed.

2026-06-03 07:13:31 - __main__ - INFO - Input matrix with GSYQLRVHIMFKENPTADCW encoding is generated.
2026-06-03 07:17:20 - __main__ - INFO - GSYQLRVHIMFKENPTADCW encoding is done for binary task with:
	-custom
		-f1: 0.8295254833040422
		-auroc: 0.7407818992050137
	-resnet
		-f1: 0.7506731287022078
		-auroc: 0.7423291784212451
2026-06-03 07:17:20 - __main__ - INFO - Input matrix with GSYQLRVHIMFKENPTADCW encoding is removed.

2026-06-03 07:17:33 - __main__ - INFO - Input matrix with GNWCHFDKYPQRVTLMESIA encoding is generated.
2026-06-03 07:21:22 - __main__ - INFO - GNWCHFDKYPQRVTLMESIA encoding is done for binary task with:
	-custom
		-f1: 0.8236339404709018
		-auroc: 0.7381547335024319
	-resnet
		-f1: 0.8363479758828596
		-auroc: 0.7404714667202424
2026-06-03 07:21:22 - __main__ - INFO - Input matrix with GNWCHFDKYPQRVTLMESIA encoding is removed.

2026-06-03 07:21:34 - __main__ - INFO - Input matrix with DVQALCTMHWFSIEYKGNPR encoding is generated.
2026-06-03 07:25:23 - __main__ - INFO - DVQALCTMHWFSIEYKGNPR encoding is done for binary task with:
	-custom
		-f1: 0.8301382077574677
		-auroc: 0.748660605908402
	-resnet
		-f1: 0.7941463414634147
		-auroc: 0.7454948921648237
2026-06-03 07:25:23 - __main__ - INFO - Input matrix with DVQALCTMHWFSIEYKGNPR encoding is removed.

2026-06-03 07:25:36 - __main__ - INFO - Input matrix with STRLADMYIPWKQFNCGHEV encoding is generated.
2026-06-03 07:29:25 - __main__ - INFO - STRLADMYIPWKQFNCGHEV encoding is done for binary task with:
	-custom
		-f1: 0.8266550522648084
		-auroc: 0.7325467183449553
	-resnet
		-f1: 0.7933235149729995
		-auroc: 0.7475423513621359
2026-06-03 07:29:25 - __main__ - INFO - Input matrix with STRLADMYIPWKQFNCGHEV encoding is removed.

2026-06-03 07:29:38 - __main__ - INFO - Input matrix with AVEYGPCHQMFSWTLRKNID encoding is generated.
2026-06-03 07:33:27 - __main__ - INFO - AVEYGPCHQMFSWTLRKNID encoding is done for binary task with:
	-custom
		-f1: 0.8314707197139025
		-auroc: 0.7517321435049152
	-resnet
		-f1: 0.8238884045335658
		-auroc: 0.7291633530614922
2026-06-03 07:33:27 - __main__ - INFO - Input matrix with AVEYGPCHQMFSWTLRKNID encoding is removed.

2026-06-03 07:33:39 - __main__ - INFO - Input matrix with GQISCENVPDAMFLWTKYHR encoding is generated.
2026-06-03 07:37:29 - __main__ - INFO - GQISCENVPDAMFLWTKYHR encoding is done for binary task with:
	-custom
		-f1: 0.8279857397504456
		-auroc: 0.745544421842169
	-resnet
		-f1: 0.6861826697892272
		-auroc: 0.7150362334005821
2026-06-03 07:37:29 - __main__ - INFO - Input matrix with GQISCENVPDAMFLWTKYHR encoding is removed.

2026-06-03 07:37:42 - __main__ - INFO - Input matrix with RNLSDYATKFPHMVIEQGWC encoding is generated.
2026-06-03 07:41:30 - __main__ - INFO - RNLSDYATKFPHMVIEQGWC encoding is done for binary task with:
	-custom
		-f1: 0.8303730017761989
		-auroc: 0.7470582162061103
	-resnet
		-f1: 0.8020735155513666
		-auroc: 0.7386856079314453
2026-06-03 07:41:30 - __main__ - INFO - Input matrix with RNLSDYATKFPHMVIEQGWC encoding is removed.

2026-06-03 07:41:43 - __main__ - INFO - Input matrix with YGDIHAMPSQFRKCWVTNEL encoding is generated.
2026-06-03 07:45:30 - __main__ - INFO - YGDIHAMPSQFRKCWVTNEL encoding is done for binary task with:
	-custom
		-f1: 0.8252427184466019
		-auroc: 0.7370867062346004
	-resnet
		-f1: 0.7952047952047953
		-auroc: 0.7580475261670169
2026-06-03 07:45:30 - __main__ - INFO - Input matrix with YGDIHAMPSQFRKCWVTNEL encoding is removed.

2026-06-03 07:45:43 - __main__ - INFO - Input matrix with HWGETFVLYQRCNADSMIPK encoding is generated.
2026-06-03 07:49:49 - __main__ - INFO - HWGETFVLYQRCNADSMIPK encoding is done for binary task with:
	-custom
		-f1: 0.8345259391771019
		-auroc: 0.7560502942481395
	-resnet
		-f1: 0.7654450261780105
		-auroc: 0.745446757689657
2026-06-03 07:49:49 - __main__ - INFO - Input matrix with HWGETFVLYQRCNADSMIPK encoding is removed.

2026-06-03 07:50:02 - __main__ - INFO - Input matrix with CQGDKPINTMEAWSLYHRFV encoding is generated.
2026-06-03 07:54:02 - __main__ - INFO - CQGDKPINTMEAWSLYHRFV encoding is done for binary task with:
	-custom
		-f1: 0.8282918149466192
		-auroc: 0.7450993523471486
	-resnet
		-f1: 0.8257823446987389
		-auroc: 0.7648177447393902
2026-06-03 07:54:02 - __main__ - INFO - Input matrix with CQGDKPINTMEAWSLYHRFV encoding is removed.

2026-06-03 07:54:14 - __main__ - INFO - Input matrix with WGAFENCRSDYTVKQHPMLI encoding is generated.
2026-06-03 07:58:03 - __main__ - INFO - WGAFENCRSDYTVKQHPMLI encoding is done for binary task with:
	-custom
		-f1: 0.8188277087033747
		-auroc: 0.7314326494052253
	-resnet
		-f1: 0.830155979202773
		-auroc: 0.7348174098908673
2026-06-03 07:58:03 - __main__ - INFO - Input matrix with WGAFENCRSDYTVKQHPMLI encoding is removed.

2026-06-03 07:58:16 - __main__ - INFO - Input matrix with YCWPRVEHLTGSKMQDNIAF encoding is generated.
2026-06-03 08:02:04 - __main__ - INFO - YCWPRVEHLTGSKMQDNIAF encoding is done for binary task with:
	-custom
		-f1: 0.8225301743406348
		-auroc: 0.7397124767350037
	-resnet
		-f1: 0.7481081081081081
		-auroc: 0.7413051000220442
2026-06-03 08:02:04 - __main__ - INFO - Input matrix with YCWPRVEHLTGSKMQDNIAF encoding is removed.

2026-06-03 08:02:16 - __main__ - INFO - Input matrix with DAVGSWECKHRQNYPIMFTL encoding is generated.
2026-06-03 08:06:06 - __main__ - INFO - DAVGSWECKHRQNYPIMFTL encoding is done for binary task with:
	-custom
		-f1: 0.8268456375838926
		-auroc: 0.7459448448674698
	-resnet
		-f1: 0.8266666666666667
		-auroc: 0.7586307206777334
2026-06-03 08:06:06 - __main__ - INFO - Input matrix with DAVGSWECKHRQNYPIMFTL encoding is removed.

2026-06-03 08:06:18 - __main__ - INFO - Input matrix with PSTHMQRDKNVEWIGFCYLA encoding is generated.
2026-06-03 08:10:08 - __main__ - INFO - PSTHMQRDKNVEWIGFCYLA encoding is done for binary task with:
	-custom
		-f1: 0.8386532575426323
		-auroc: 0.7509766415251236
	-resnet
		-f1: 0.749611197511664
		-auroc: 0.7222982607409639
2026-06-03 08:10:08 - __main__ - INFO - Input matrix with PSTHMQRDKNVEWIGFCYLA encoding is removed.

2026-06-03 08:10:20 - __main__ - INFO - Input matrix with DSMVGFWNEARCQHITLKPY encoding is generated.
2026-06-03 08:14:08 - __main__ - INFO - DSMVGFWNEARCQHITLKPY encoding is done for binary task with:
	-custom
		-f1: 0.8357142857142857
		-auroc: 0.75680719143011
	-resnet
		-f1: 0.8227394807520143
		-auroc: 0.7406472621947646
2026-06-03 08:14:08 - __main__ - INFO - Input matrix with DSMVGFWNEARCQHITLKPY encoding is removed.

2026-06-03 08:14:21 - __main__ - INFO - Input matrix with CEITYSRHFWNAMDLVQKGP encoding is generated.
2026-06-03 08:18:10 - __main__ - INFO - CEITYSRHFWNAMDLVQKGP encoding is done for binary task with:
	-custom
		-f1: 0.8354767184035476
		-auroc: 0.7533352308082963
	-resnet
		-f1: 0.7926221335992024
		-auroc: 0.7539965566410227
2026-06-03 08:18:10 - __main__ - INFO - Input matrix with CEITYSRHFWNAMDLVQKGP encoding is removed.

2026-06-03 08:18:23 - __main__ - INFO - Input matrix with ERAVFWMLSIKNTPYHDGQC encoding is generated.
2026-06-03 08:22:12 - __main__ - INFO - ERAVFWMLSIKNTPYHDGQC encoding is done for binary task with:
	-custom
		-f1: 0.8333333333333334
		-auroc: 0.7502190467420634
	-resnet
		-f1: 0.8253438932888704
		-auroc: 0.7084655287397696
2026-06-03 08:22:12 - __main__ - INFO - Input matrix with ERAVFWMLSIKNTPYHDGQC encoding is removed.

2026-06-03 08:22:25 - __main__ - INFO - Input matrix with IKNYGHWLVCSMQEAPTRFD encoding is generated.
2026-06-03 08:26:14 - __main__ - INFO - IKNYGHWLVCSMQEAPTRFD encoding is done for binary task with:
	-custom
		-f1: 0.8328888888888889
		-auroc: 0.7508866509845942
	-resnet
		-f1: 0.811284046692607
		-auroc: 0.7652607214311425
2026-06-03 08:26:14 - __main__ - INFO - Input matrix with IKNYGHWLVCSMQEAPTRFD encoding is removed.

2026-06-03 08:26:27 - __main__ - INFO - Input matrix with IYVTNAGESLQCRPHDMFKW encoding is generated.
2026-06-03 08:30:15 - __main__ - INFO - IYVTNAGESLQCRPHDMFKW encoding is done for binary task with:
	-custom
		-f1: 0.82358195623046
		-auroc: 0.7406919086644845
	-resnet
		-f1: 0.8250460405156538
		-auroc: 0.757161572783512
2026-06-03 08:30:15 - __main__ - INFO - Input matrix with IYVTNAGESLQCRPHDMFKW encoding is removed.

2026-06-03 08:30:27 - __main__ - INFO - Input matrix with KFTDPMSQLGIVYENCRAWH encoding is generated.
2026-06-03 08:34:16 - __main__ - INFO - KFTDPMSQLGIVYENCRAWH encoding is done for binary task with:
	-custom
		-f1: 0.8299379982285208
		-auroc: 0.7451886452865885
	-resnet
		-f1: 0.817174515235457
		-auroc: 0.7482134436101135
2026-06-03 08:34:16 - __main__ - INFO - Input matrix with KFTDPMSQLGIVYENCRAWH encoding is removed.

2026-06-03 08:34:29 - __main__ - INFO - Input matrix with VPRCIYKWGDETLMNAQFSH encoding is generated.
2026-06-03 08:38:17 - __main__ - INFO - VPRCIYKWGDETLMNAQFSH encoding is done for binary task with:
	-custom
		-f1: 0.8237905015534842
		-auroc: 0.7379321987549217
	-resnet
		-f1: 0.8369230769230769
		-auroc: 0.7511098833331938
2026-06-03 08:38:17 - __main__ - INFO - Input matrix with VPRCIYKWGDETLMNAQFSH encoding is removed.

2026-06-03 08:38:30 - __main__ - INFO - Input matrix with PRHQFEKGDLSAVYWNMICT encoding is generated.
2026-06-03 08:42:18 - __main__ - INFO - PRHQFEKGDLSAVYWNMICT encoding is done for binary task with:
	-custom
		-f1: 0.8374777975133215
		-auroc: 0.7566739496220397
	-resnet
		-f1: 0.8391361833406787
		-auroc: 0.7553833876066981
2026-06-03 08:42:18 - __main__ - INFO - Input matrix with PRHQFEKGDLSAVYWNMICT encoding is removed.

2026-06-03 08:42:31 - __main__ - INFO - Input matrix with KDTANYLEVRQCSWFHGPIM encoding is generated.
2026-06-03 08:46:20 - __main__ - INFO - KDTANYLEVRQCSWFHGPIM encoding is done for binary task with:
	-custom
		-f1: 0.8347514554411106
		-auroc: 0.7569850797079004
	-resnet
		-f1: 0.8003885381253035
		-auroc: 0.7511043025244788
2026-06-03 08:46:20 - __main__ - INFO - Input matrix with KDTANYLEVRQCSWFHGPIM encoding is removed.

2026-06-03 08:46:32 - __main__ - INFO - Input matrix with TKQVSGCEDRILPANMFWYH encoding is generated.
2026-06-03 08:50:21 - __main__ - INFO - TKQVSGCEDRILPANMFWYH encoding is done for binary task with:
	-custom
		-f1: 0.8399465002229157
		-auroc: 0.761882239355305
	-resnet
		-f1: 0.8453699601240585
		-auroc: 0.766334329507689
2026-06-03 08:50:21 - __main__ - INFO - Input matrix with TKQVSGCEDRILPANMFWYH encoding is removed.

2026-06-03 08:50:34 - __main__ - INFO - Input matrix with IGKMWQTYHSNAEPVCRLFD encoding is generated.
2026-06-03 08:54:23 - __main__ - INFO - IGKMWQTYHSNAEPVCRLFD encoding is done for binary task with:
	-custom
		-f1: 0.831330663106364
		-auroc: 0.7494175030903728
	-resnet
		-f1: 0.8100134108180599
		-auroc: 0.7228849432571274
2026-06-03 08:54:23 - __main__ - INFO - Input matrix with IGKMWQTYHSNAEPVCRLFD encoding is removed.

2026-06-03 08:54:36 - __main__ - INFO - Input matrix with WQGVRKMTSPIEHDLYCAFN encoding is generated.
2026-06-03 08:58:25 - __main__ - INFO - WQGVRKMTSPIEHDLYCAFN encoding is done for binary task with:
	-custom
		-f1: 0.8317631224764468
		-auroc: 0.7538242491719475
	-resnet
		-f1: 0.7201783723522854
		-auroc: 0.7259006727664906
2026-06-03 08:58:25 - __main__ - INFO - Input matrix with WQGVRKMTSPIEHDLYCAFN encoding is removed.

2026-06-03 08:58:37 - __main__ - INFO - Input matrix with ALGPNMWQDTVHEIRFKSYC encoding is generated.
2026-06-03 09:02:24 - __main__ - INFO - ALGPNMWQDTVHEIRFKSYC encoding is done for binary task with:
	-custom
		-f1: 0.8306306306306306
		-auroc: 0.7542246721972481
	-resnet
		-f1: 0.821505376344086
		-auroc: 0.7191032477516317
2026-06-03 09:02:24 - __main__ - INFO - Input matrix with ALGPNMWQDTVHEIRFKSYC encoding is removed.

2026-06-03 09:02:36 - __main__ - INFO - Input matrix with WCQKEPDYTLIAMNVSGRFH encoding is generated.
2026-06-03 09:06:24 - __main__ - INFO - WCQKEPDYTLIAMNVSGRFH encoding is done for binary task with:
	-custom
		-f1: 0.835781041388518
		-auroc: 0.7554273364753287
	-resnet
		-f1: 0.8209366391184573
		-auroc: 0.7504841351560254
2026-06-03 09:06:24 - __main__ - INFO - Input matrix with WCQKEPDYTLIAMNVSGRFH encoding is removed.

2026-06-03 09:06:37 - __main__ - INFO - Input matrix with EFCDLKPAYRHVSMQINGWT encoding is generated.
2026-06-03 09:10:24 - __main__ - INFO - EFCDLKPAYRHVSMQINGWT encoding is done for binary task with:
	-custom
		-f1: 0.8222320247022497
		-auroc: 0.7327685554913763
	-resnet
		-f1: 0.6666666666666666
		-auroc: 0.7121411888796805
2026-06-03 09:10:24 - __main__ - INFO - Input matrix with EFCDLKPAYRHVSMQINGWT encoding is removed.

2026-06-03 09:10:36 - __main__ - INFO - Input matrix with PGFHYRKEISVDMTNCAQLW encoding is generated.
2026-06-03 09:14:24 - __main__ - INFO - PGFHYRKEISVDMTNCAQLW encoding is done for binary task with:
	-custom
		-f1: 0.8295302013422818
		-auroc: 0.7495507448984432
	-resnet
		-f1: 0.8309794988610478
		-auroc: 0.7600112732336044
2026-06-03 09:14:24 - __main__ - INFO - Input matrix with PGFHYRKEISVDMTNCAQLW encoding is removed.

2026-06-03 09:14:37 - __main__ - INFO - Input matrix with CYSPDIMAWVLFGTEKNRHQ encoding is generated.
2026-06-03 09:18:27 - __main__ - INFO - CYSPDIMAWVLFGTEKNRHQ encoding is done for binary task with:
	-custom
		-f1: 0.8402154398563735
		-auroc: 0.7653541999771186
	-resnet
		-f1: 0.799184505606524
		-auroc: 0.7721139545331515
2026-06-03 09:18:27 - __main__ - INFO - Input matrix with CYSPDIMAWVLFGTEKNRHQ encoding is removed.

2026-06-03 09:18:40 - __main__ - INFO - Input matrix with RDFWIKTGMYPSHEVQANLC encoding is generated.
2026-06-03 09:22:30 - __main__ - INFO - RDFWIKTGMYPSHEVQANLC encoding is done for binary task with:
	-custom
		-f1: 0.8214920071047958
		-auroc: 0.7350385494361987
	-resnet
		-f1: 0.8278945015645954
		-auroc: 0.7469242767969507
2026-06-03 09:22:30 - __main__ - INFO - Input matrix with RDFWIKTGMYPSHEVQANLC encoding is removed.

2026-06-03 09:22:42 - __main__ - INFO - Input matrix with EPFMQGICWKALHRNVTDSY encoding is generated.
2026-06-03 09:26:33 - __main__ - INFO - EPFMQGICWKALHRNVTDSY encoding is done for binary task with:
	-custom
		-f1: 0.8218085106382979
		-auroc: 0.7345934799411782
	-resnet
		-f1: 0.7810590631364562
		-auroc: 0.7502560195998002
2026-06-03 09:26:33 - __main__ - INFO - Input matrix with EPFMQGICWKALHRNVTDSY encoding is removed.

2026-06-03 09:26:45 - __main__ - INFO - Input matrix with TGSNCQVYRDMAFWIKELHP encoding is generated.
2026-06-03 09:30:34 - __main__ - INFO - TGSNCQVYRDMAFWIKELHP encoding is done for binary task with:
	-custom
		-f1: 0.8261253309796999
		-auroc: 0.7382886729115916
	-resnet
		-f1: 0.8194444444444444
		-auroc: 0.7524869478836178
2026-06-03 09:30:34 - __main__ - INFO - Input matrix with TGSNCQVYRDMAFWIKELHP encoding is removed.

2026-06-03 09:30:47 - __main__ - INFO - Input matrix with SCELWATIFMKNYGPVDRQH encoding is generated.
2026-06-03 09:34:35 - __main__ - INFO - SCELWATIFMKNYGPVDRQH encoding is done for binary task with:
	-custom
		-f1: 0.8340847610459874
		-auroc: 0.7592550736527229
	-resnet
		-f1: 0.8433953699500681
		-auroc: 0.7747467010444483
2026-06-03 09:34:35 - __main__ - INFO - Input matrix with SCELWATIFMKNYGPVDRQH encoding is removed.

2026-06-03 09:34:48 - __main__ - INFO - Input matrix with TYKLFAENCQGHPMIRDWSV encoding is generated.
2026-06-03 09:38:37 - __main__ - INFO - TYKLFAENCQGHPMIRDWSV encoding is done for binary task with:
	-custom
		-f1: 0.8281740690892777
		-auroc: 0.7490163824639828
	-resnet
		-f1: 0.8134437408670239
		-auroc: 0.7685994402448859
2026-06-03 09:38:37 - __main__ - INFO - Input matrix with TYKLFAENCQGHPMIRDWSV encoding is removed.

2026-06-03 09:38:50 - __main__ - INFO - Input matrix with AHTMCLFWNPKDYGESVQRI encoding is generated.
2026-06-03 09:42:39 - __main__ - INFO - AHTMCLFWNPKDYGESVQRI encoding is done for binary task with:
	-custom
		-f1: 0.8410714285714286
		-auroc: 0.7640189914920571
	-resnet
		-f1: 0.7628865979381443
		-auroc: 0.7595124884547021
2026-06-03 09:42:39 - __main__ - INFO - Input matrix with AHTMCLFWNPKDYGESVQRI encoding is removed.

2026-06-03 09:42:52 - __main__ - INFO - Input matrix with HCYNWGTMDKFLVSPIQRAE encoding is generated.
2026-06-03 09:46:42 - __main__ - INFO - HCYNWGTMDKFLVSPIQRAE encoding is done for binary task with:
	-custom
		-f1: 0.8314707197139025
		-auroc: 0.7517321435049152
	-resnet
		-f1: 0.8343168406718112
		-auroc: 0.7627270342745367
2026-06-03 09:46:42 - __main__ - INFO - Input matrix with HCYNWGTMDKFLVSPIQRAE encoding is removed.

2026-06-03 09:46:55 - __main__ - INFO - Input matrix with DYTCVHLGWNSIRKFQPEMA encoding is generated.
2026-06-03 09:50:44 - __main__ - INFO - DYTCVHLGWNSIRKFQPEMA encoding is done for binary task with:
	-custom
		-f1: 0.8351158645276292
		-auroc: 0.7551601552580983
	-resnet
		-f1: 0.8220574606116775
		-auroc: 0.7563153826621015
2026-06-03 09:50:44 - __main__ - INFO - Input matrix with DYTCVHLGWNSIRKFQPEMA encoding is removed.

2026-06-03 09:50:57 - __main__ - INFO - Input matrix with TRGMIWCQELVPFNHSDKYA encoding is generated.
2026-06-03 09:54:47 - __main__ - INFO - TRGMIWCQELVPFNHSDKYA encoding is done for binary task with:
	-custom
		-f1: 0.8251438689685702
		-auroc: 0.7384665611893819
	-resnet
		-f1: 0.8038277511961722
		-auroc: 0.7482559972765654
2026-06-03 09:54:47 - __main__ - INFO - Input matrix with TRGMIWCQELVPFNHSDKYA encoding is removed.

2026-06-03 09:54:59 - __main__ - INFO - Input matrix with QHAVKIYNCMRLSDWFEPTG encoding is generated.
2026-06-03 09:58:46 - __main__ - INFO - QHAVKIYNCMRLSDWFEPTG encoding is done for binary task with:
	-custom
		-f1: 0.8231079265562025
		-auroc: 0.7413595129070154
	-resnet
		-f1: 0.7568710359408034
		-auroc: 0.7402377703553022
2026-06-03 09:58:46 - __main__ - INFO - Input matrix with QHAVKIYNCMRLSDWFEPTG encoding is removed.

2026-06-03 09:58:59 - __main__ - INFO - Input matrix with NMSPFWHVALIYDGRCTKEQ encoding is generated.
2026-06-03 10:02:48 - __main__ - INFO - NMSPFWHVALIYDGRCTKEQ encoding is done for binary task with:
	-custom
		-f1: 0.8314005352363961
		-auroc: 0.7505748232976441
	-resnet
		-f1: 0.8298479087452472
		-auroc: 0.7779493876457637
2026-06-03 10:02:48 - __main__ - INFO - Input matrix with NMSPFWHVALIYDGRCTKEQ encoding is removed.

2026-06-03 10:03:00 - __main__ - INFO - Input matrix with WMQRPNKGCVHIFELDSTYA encoding is generated.
2026-06-03 10:06:50 - __main__ - INFO - WMQRPNKGCVHIFELDSTYA encoding is done for binary task with:
	-custom
		-f1: 0.8301036502929248
		-auroc: 0.7537349562325075
	-resnet
		-f1: 0.7863424728401448
		-auroc: 0.7639220249406342
2026-06-03 10:06:50 - __main__ - INFO - Input matrix with WMQRPNKGCVHIFELDSTYA encoding is removed.

2026-06-03 10:07:03 - __main__ - INFO - Input matrix with YQAGEVKPWSCMFIRDHNLT encoding is generated.
2026-06-03 10:10:53 - __main__ - INFO - YQAGEVKPWSCMFIRDHNLT encoding is done for binary task with:
	-custom
		-f1: 0.8262208534975803
		-auroc: 0.7369088179568101
	-resnet
		-f1: 0.7407809110629068
		-auroc: 0.734760904202628
2026-06-03 10:10:53 - __main__ - INFO - Input matrix with YQAGEVKPWSCMFIRDHNLT encoding is removed.

2026-06-03 10:11:05 - __main__ - INFO - Input matrix with IHSAYTKPWLVNREFCQDMG encoding is generated.
2026-06-03 10:14:53 - __main__ - INFO - IHSAYTKPWLVNREFCQDMG encoding is done for binary task with:
	-custom
		-f1: 0.8347438752783964
		-auroc: 0.7544479045458478
	-resnet
		-f1: 0.738394320043692
		-auroc: 0.7356063967229491
2026-06-03 10:14:53 - __main__ - INFO - Input matrix with IHSAYTKPWLVNREFCQDMG encoding is removed.

2026-06-03 10:15:06 - __main__ - INFO - Input matrix with SPLAMKDHQRWFNTCGEVYI encoding is generated.
2026-06-03 10:18:55 - __main__ - INFO - SPLAMKDHQRWFNTCGEVYI encoding is done for binary task with:
	-custom
		-f1: 0.8354430379746836
		-auroc: 0.7457237053221382
	-resnet
		-f1: 0.8304647160068847
		-auroc: 0.7318351652337941
2026-06-03 10:18:55 - __main__ - INFO - Input matrix with SPLAMKDHQRWFNTCGEVYI encoding is removed.

2026-06-03 10:19:08 - __main__ - INFO - Input matrix with SYGMVWLPRDNQATHIECFK encoding is generated.
2026-06-03 10:22:57 - __main__ - INFO - SYGMVWLPRDNQATHIECFK encoding is done for binary task with:
	-custom
		-f1: 0.8275862068965517
		-auroc: 0.7473693462919713
	-resnet
		-f1: 0.6913294797687861
		-auroc: 0.7137903178549604
2026-06-03 10:22:57 - __main__ - INFO - Input matrix with SYGMVWLPRDNQATHIECFK encoding is removed.

2026-06-03 10:23:10 - __main__ - INFO - Input matrix with HFAIKDLRCMSTNYGQEWPV encoding is generated.
2026-06-03 10:26:58 - __main__ - INFO - HFAIKDLRCMSTNYGQEWPV encoding is done for binary task with:
	-custom
		-f1: 0.8285714285714286
		-auroc: 0.7471914580141809
	-resnet
		-f1: 0.8258186995728524
		-auroc: 0.7722067354780381
2026-06-03 10:26:58 - __main__ - INFO - Input matrix with HFAIKDLRCMSTNYGQEWPV encoding is removed.

2026-06-03 10:27:11 - __main__ - INFO - Input matrix with YGENKAVSMRIPFTHWQLDC encoding is generated.
2026-06-03 10:31:00 - __main__ - INFO - YGENKAVSMRIPFTHWQLDC encoding is done for binary task with:
	-custom
		-f1: 0.8395061728395061
		-auroc: 0.7560956383189488
	-resnet
		-f1: 0.6614363307181653
		-auroc: 0.7056862859997042
2026-06-03 10:31:00 - __main__ - INFO - Input matrix with YGENKAVSMRIPFTHWQLDC encoding is removed.

2026-06-03 10:31:13 - __main__ - INFO - Input matrix with VRQWNYCHAGIFMKSLTEDP encoding is generated.
2026-06-03 10:35:02 - __main__ - INFO - VRQWNYCHAGIFMKSLTEDP encoding is done for binary task with:
	-custom
		-f1: 0.8332584269662922
		-auroc: 0.7566732520209503
	-resnet
		-f1: 0.8167141500474834
		-auroc: 0.7608993194203773
2026-06-03 10:35:02 - __main__ - INFO - Input matrix with VRQWNYCHAGIFMKSLTEDP encoding is removed.

2026-06-03 10:35:15 - __main__ - INFO - Input matrix with YTWSDVKCIAHFNPLQGMRE encoding is generated.
2026-06-03 10:39:03 - __main__ - INFO - YTWSDVKCIAHFNPLQGMRE encoding is done for binary task with:
	-custom
		-f1: 0.8344489067380634
		-auroc: 0.7548929740408682
	-resnet
		-f1: 0.7967967967967968
		-auroc: 0.7608965290160197
2026-06-03 10:39:03 - __main__ - INFO - Input matrix with YTWSDVKCIAHFNPLQGMRE encoding is removed.

2026-06-03 10:39:15 - __main__ - INFO - Input matrix with FMNQITSARWVDELHCGYPK encoding is generated.
2026-06-03 10:43:03 - __main__ - INFO - FMNQITSARWVDELHCGYPK encoding is done for binary task with:
	-custom
		-f1: 0.8310174809502465
		-auroc: 0.752399747747446
	-resnet
		-f1: 0.8119864668922184
		-auroc: 0.7632132622338302
2026-06-03 10:43:03 - __main__ - INFO - Input matrix with FMNQITSARWVDELHCGYPK encoding is removed.

2026-06-03 10:43:16 - __main__ - INFO - Input matrix with EVWCTFPDAYKGRLQHNMIS encoding is generated.
2026-06-03 10:47:04 - __main__ - INFO - EVWCTFPDAYKGRLQHNMIS encoding is done for binary task with:
	-custom
		-f1: 0.8243182834152883
		-auroc: 0.742116410088986
	-resnet
		-f1: 0.7927199191102123
		-auroc: 0.76071794313714
2026-06-03 10:47:04 - __main__ - INFO - Input matrix with EVWCTFPDAYKGRLQHNMIS encoding is removed.

2026-06-03 10:47:17 - __main__ - INFO - Input matrix with CGDKAQHMRSEIVYFWLTNP encoding is generated.
2026-06-03 10:51:06 - __main__ - INFO - CGDKAQHMRSEIVYFWLTNP encoding is done for binary task with:
	-custom
		-f1: 0.8369807949977669
		-auroc: 0.758721408819352
	-resnet
		-f1: 0.7897435897435897
		-auroc: 0.7638334296022836
2026-06-03 10:51:06 - __main__ - INFO - Input matrix with CGDKAQHMRSEIVYFWLTNP encoding is removed.

2026-06-03 10:51:18 - __main__ - INFO - Input matrix with KAVTLGMWYENFPQHCSDIR encoding is generated.
2026-06-03 10:55:08 - __main__ - INFO - KAVTLGMWYENFPQHCSDIR encoding is done for binary task with:
	-custom
		-f1: 0.8280701754385965
		-auroc: 0.7379328963560109
	-resnet
		-f1: 0.8232621535665606
		-auroc: 0.748525968898153
2026-06-03 10:55:08 - __main__ - INFO - Input matrix with KAVTLGMWYENFPQHCSDIR encoding is removed.

2026-06-03 10:55:20 - __main__ - INFO - Input matrix with TKRYQPCEMADNVSHFGLIW encoding is generated.
2026-06-03 10:59:08 - __main__ - INFO - TKRYQPCEMADNVSHFGLIW encoding is done for binary task with:
	-custom
		-f1: 0.8228520814880426
		-auroc: 0.7355729118706591
	-resnet
		-f1: 0.814404432132964
		-auroc: 0.7446075435791399
2026-06-03 10:59:08 - __main__ - INFO - Input matrix with TKRYQPCEMADNVSHFGLIW encoding is removed.

2026-06-03 10:59:20 - __main__ - INFO - Input matrix with FASCHDTLVEGPRNYQIWKM encoding is generated.
2026-06-03 11:03:09 - __main__ - INFO - FASCHDTLVEGPRNYQIWKM encoding is done for binary task with:
	-custom
		-f1: 0.8365896980461812
		-auroc: 0.7554719829450486
	-resnet
		-f1: 0.8303532490187527
		-auroc: 0.738289370512681
2026-06-03 11:03:09 - __main__ - INFO - Input matrix with FASCHDTLVEGPRNYQIWKM encoding is removed.

2026-06-03 11:03:21 - __main__ - INFO - Input matrix with YSQWHAKRETVFICLDGMPN encoding is generated.
2026-06-03 11:07:10 - __main__ - INFO - YSQWHAKRETVFICLDGMPN encoding is done for binary task with:
	-custom
		-f1: 0.834759117514633
		-auroc: 0.7595222548699532
	-resnet
		-f1: 0.8237273874631889
		-auroc: 0.7109134109623825
2026-06-03 11:07:10 - __main__ - INFO - Input matrix with YSQWHAKRETVFICLDGMPN encoding is removed.

2026-06-03 11:07:22 - __main__ - INFO - Input matrix with QPGMSWEHCIKNDTVALRYF encoding is generated.
2026-06-03 11:11:10 - __main__ - INFO - QPGMSWEHCIKNDTVALRYF encoding is done for binary task with:
	-custom
		-f1: 0.8213166144200627
		-auroc: 0.7389555795530329
	-resnet
		-f1: 0.7858967807869187
		-auroc: 0.7576457079395376
2026-06-03 11:11:10 - __main__ - INFO - Input matrix with QPGMSWEHCIKNDTVALRYF encoding is removed.

2026-06-03 11:11:23 - __main__ - INFO - Input matrix with HMWRPFGDAITYSELKQCVN encoding is generated.
2026-06-03 11:15:11 - __main__ - INFO - HMWRPFGDAITYSELKQCVN encoding is done for binary task with:
	-custom
		-f1: 0.8325231992929739
		-auroc: 0.7476372251102906
	-resnet
		-f1: 0.8332607749238137
		-auroc: 0.7414502010486339
2026-06-03 11:15:11 - __main__ - INFO - Input matrix with HMWRPFGDAITYSELKQCVN encoding is removed.

2026-06-03 11:15:23 - __main__ - INFO - Input matrix with ASVKTMGDFEHLQCYRWPIN encoding is generated.
2026-06-03 11:19:12 - __main__ - INFO - ASVKTMGDFEHLQCYRWPIN encoding is done for binary task with:
	-custom
		-f1: 0.8270004470272687
		-auroc: 0.7457223101199594
	-resnet
		-f1: 0.813984760197221
		-auroc: 0.7295623808846139
2026-06-03 11:19:12 - __main__ - INFO - Input matrix with ASVKTMGDFEHLQCYRWPIN encoding is removed.

2026-06-03 11:19:25 - __main__ - INFO - Input matrix with VANRGYQPMFKLDICWHEST encoding is generated.
2026-06-03 11:23:15 - __main__ - INFO - VANRGYQPMFKLDICWHEST encoding is done for binary task with:
	-custom
		-f1: 0.8317094774136404
		-auroc: 0.7475925786405708
	-resnet
		-f1: 0.8141233766233766
		-auroc: 0.6777947992443585
2026-06-03 11:23:15 - __main__ - INFO - Input matrix with VANRGYQPMFKLDICWHEST encoding is removed.

2026-06-03 11:23:27 - __main__ - INFO - Input matrix with CIEFNDHWSKPMTVYLGAQR encoding is generated.
2026-06-03 11:27:16 - __main__ - INFO - CIEFNDHWSKPMTVYLGAQR encoding is done for binary task with:
	-custom
		-f1: 0.8353200883002208
		-auroc: 0.7510205903937539
	-resnet
		-f1: 0.8233576642335766
		-auroc: 0.7803965722672873
2026-06-03 11:27:16 - __main__ - INFO - Input matrix with CIEFNDHWSKPMTVYLGAQR encoding is removed.

2026-06-03 11:27:29 - __main__ - INFO - Input matrix with SQPHVDAKTFRMIWEGLYCN encoding is generated.
2026-06-03 11:31:18 - __main__ - INFO - SQPHVDAKTFRMIWEGLYCN encoding is done for binary task with:
	-custom
		-f1: 0.829443447037702
		-auroc: 0.7509305998532247
	-resnet
		-f1: 0.8189836203275934
		-auroc: 0.703256541405415
2026-06-03 11:31:18 - __main__ - INFO - Input matrix with SQPHVDAKTFRMIWEGLYCN encoding is removed.

2026-06-03 11:31:30 - __main__ - INFO - Input matrix with LDWAPKMFINVECYTSQGHR encoding is generated.
2026-06-03 11:35:18 - __main__ - INFO - LDWAPKMFINVECYTSQGHR encoding is done for binary task with:
	-custom
		-f1: 0.8327464788732394
		-auroc: 0.746034835407999
	-resnet
		-f1: 0.7776649746192893
		-auroc: 0.7447805486493049
2026-06-03 11:35:18 - __main__ - INFO - Input matrix with LDWAPKMFINVECYTSQGHR encoding is removed.

2026-06-03 11:35:31 - __main__ - INFO - Input matrix with ERTVDIWKGQCYALPMSHFN encoding is generated.
2026-06-03 11:39:19 - __main__ - INFO - ERTVDIWKGQCYALPMSHFN encoding is done for binary task with:
	-custom
		-f1: 0.8165840468679585
		-auroc: 0.7357054560776402
	-resnet
		-f1: 0.8208409506398537
		-auroc: 0.748169494741483
2026-06-03 11:39:19 - __main__ - INFO - Input matrix with ERTVDIWKGQCYALPMSHFN encoding is removed.

2026-06-03 11:39:32 - __main__ - INFO - Input matrix with NPAEFDRGWVTSKQCIYMLH encoding is generated.
2026-06-03 11:43:21 - __main__ - INFO - NPAEFDRGWVTSKQCIYMLH encoding is done for binary task with:
	-custom
		-f1: 0.8234767025089605
		-auroc: 0.7420717636192661
	-resnet
		-f1: 0.7047401484865791
		-auroc: 0.7216704197605276
2026-06-03 11:43:21 - __main__ - INFO - Input matrix with NPAEFDRGWVTSKQCIYMLH encoding is removed.

2026-06-03 11:43:34 - __main__ - INFO - Input matrix with EVQRICNMAPFDWTKSGHLY encoding is generated.
2026-06-03 11:47:24 - __main__ - INFO - EVQRICNMAPFDWTKSGHLY encoding is done for binary task with:
	-custom
		-f1: 0.8277999114652501
		-auroc: 0.7420724612203554
	-resnet
		-f1: 0.8169785486079416
		-auroc: 0.7424268425737574
2026-06-03 11:47:24 - __main__ - INFO - Input matrix with EVQRICNMAPFDWTKSGHLY encoding is removed.

2026-06-03 11:47:37 - __main__ - INFO - Input matrix with VNYRMSQFPKDEWHGLTCIA encoding is generated.
2026-06-03 11:51:27 - __main__ - INFO - VNYRMSQFPKDEWHGLTCIA encoding is done for binary task with:
	-custom
		-f1: 0.8328935795954265
		-auroc: 0.7458123006604888
	-resnet
		-f1: 0.7960327727468737
		-auroc: 0.6849138183614187
2026-06-03 11:51:27 - __main__ - INFO - Input matrix with VNYRMSQFPKDEWHGLTCIA encoding is removed.

2026-06-03 11:51:40 - __main__ - INFO - Input matrix with IDGPTKSVCAWNFEMYRQLH encoding is generated.
2026-06-03 11:55:30 - __main__ - INFO - IDGPTKSVCAWNFEMYRQLH encoding is done for binary task with:
	-custom
		-f1: 0.8224543080939948
		-auroc: 0.7263143502124894
	-resnet
		-f1: 0.8125296630280019
		-auroc: 0.755379202000162
2026-06-03 11:55:30 - __main__ - INFO - Input matrix with IDGPTKSVCAWNFEMYRQLH encoding is removed.

2026-06-03 11:55:42 - __main__ - INFO - Input matrix with PTLRMYKSWVAFQNDHEGCI encoding is generated.
2026-06-03 11:59:32 - __main__ - INFO - PTLRMYKSWVAFQNDHEGCI encoding is done for binary task with:
	-custom
		-f1: 0.8346738159070599
		-auroc: 0.7558277595006291
	-resnet
		-f1: 0.8263473053892215
		-auroc: 0.7230656219392753
2026-06-03 11:59:32 - __main__ - INFO - Input matrix with PTLRMYKSWVAFQNDHEGCI encoding is removed.

2026-06-03 11:59:44 - __main__ - INFO - Input matrix with EHSFLWPNVYIQDMTACGRK encoding is generated.
2026-06-03 12:03:34 - __main__ - INFO - EHSFLWPNVYIQDMTACGRK encoding is done for binary task with:
	-custom
		-f1: 0.8181818181818182
		-auroc: 0.7420264195484568
	-resnet
		-f1: 0.7145299145299145
		-auroc: 0.7308410836814363
2026-06-03 12:03:34 - __main__ - INFO - Input matrix with EHSFLWPNVYIQDMTACGRK encoding is removed.

2026-06-03 12:03:47 - __main__ - INFO - Input matrix with TQNEFVIARKGDHCPWYLSM encoding is generated.
2026-06-03 12:07:36 - __main__ - INFO - TQNEFVIARKGDHCPWYLSM encoding is done for binary task with:
	-custom
		-f1: 0.8357941834451902
		-auroc: 0.7579645116373812
	-resnet
		-f1: 0.8129218900675024
		-auroc: 0.76325790870355
2026-06-03 12:07:36 - __main__ - INFO - Input matrix with TQNEFVIARKGDHCPWYLSM encoding is removed.

2026-06-03 12:07:48 - __main__ - INFO - Input matrix with PQISNHYWTGDMRCKLFVEA encoding is generated.
2026-06-03 12:11:36 - __main__ - INFO - PQISNHYWTGDMRCKLFVEA encoding is done for binary task with:
	-custom
		-f1: 0.833407771326485
		-auroc: 0.7539135421113874
	-resnet
		-f1: 0.8097514340344169
		-auroc: 0.755245262591002
2026-06-03 12:11:36 - __main__ - INFO - Input matrix with PQISNHYWTGDMRCKLFVEA encoding is removed.

2026-06-03 12:11:48 - __main__ - INFO - Input matrix with WGCYDLHEAMVITPFKNSRQ encoding is generated.
2026-06-03 12:15:37 - __main__ - INFO - WGCYDLHEAMVITPFKNSRQ encoding is done for binary task with:
	-custom
		-f1: 0.8318425760286225
		-auroc: 0.7524443942171661
	-resnet
		-f1: 0.7659799260433174
		-auroc: 0.7503432197359718
2026-06-03 12:15:37 - __main__ - INFO - Input matrix with WGCYDLHEAMVITPFKNSRQ encoding is removed.

2026-06-03 12:15:50 - __main__ - INFO - Input matrix with MAVINCQFDHPTYWKLSREG encoding is generated.
2026-06-03 12:19:38 - __main__ - INFO - MAVINCQFDHPTYWKLSREG encoding is done for binary task with:
	-custom
		-f1: 0.8286995515695067
		-auroc: 0.7495060984287233
	-resnet
		-f1: 0.8171349608475357
		-auroc: 0.7470561234028423
2026-06-03 12:19:38 - __main__ - INFO - Input matrix with MAVINCQFDHPTYWKLSREG encoding is removed.

2026-06-03 12:19:50 - __main__ - INFO - Input matrix with YDVWQINHAFCMETSPLGKR encoding is generated.
2026-06-03 12:23:38 - __main__ - INFO - YDVWQINHAFCMETSPLGKR encoding is done for binary task with:
	-custom
		-f1: 0.8254397834912043
		-auroc: 0.7479476575950621
	-resnet
		-f1: 0.8148148148148148
		-auroc: 0.6923948924438641
2026-06-03 12:23:38 - __main__ - INFO - Input matrix with YDVWQINHAFCMETSPLGKR encoding is removed.

2026-06-03 12:23:51 - __main__ - INFO - Input matrix with WSYALDQHGVTCPNIMFEKR encoding is generated.
2026-06-03 12:27:40 - __main__ - INFO - WSYALDQHGVTCPNIMFEKR encoding is done for binary task with:
	-custom
		-f1: 0.8389380530973451
		-auroc: 0.7569857773089896
	-resnet
		-f1: 0.8163948138854036
		-auroc: 0.697336000959899
2026-06-03 12:27:40 - __main__ - INFO - Input matrix with WSYALDQHGVTCPNIMFEKR encoding is removed.

2026-06-03 12:27:52 - __main__ - INFO - Input matrix with TSADVCGRNILEMHYFQPKW encoding is generated.
2026-06-03 12:31:41 - __main__ - INFO - TSADVCGRNILEMHYFQPKW encoding is done for binary task with:
	-custom
		-f1: 0.8289414917373827
		-auroc: 0.7479037087264315
	-resnet
		-f1: 0.811965811965812
		-auroc: 0.7548894860354214
2026-06-03 12:31:41 - __main__ - INFO - Input matrix with TSADVCGRNILEMHYFQPKW encoding is removed.

2026-06-03 12:31:53 - __main__ - INFO - Input matrix with PSQWAKYFVINCRGHETDML encoding is generated.
2026-06-03 12:35:43 - __main__ - INFO - PSQWAKYFVINCRGHETDML encoding is done for binary task with:
	-custom
		-f1: 0.8331096196868009
		-auroc: 0.7543586116064078
	-resnet
		-f1: 0.8230337078651685
		-auroc: 0.762369164915688
2026-06-03 12:35:43 - __main__ - INFO - Input matrix with PSQWAKYFVINCRGHETDML encoding is removed.

2026-06-03 12:35:55 - __main__ - INFO - Input matrix with YNEWGAPTVICHDQMKFRLS encoding is generated.
2026-06-03 12:39:44 - __main__ - INFO - YNEWGAPTVICHDQMKFRLS encoding is done for binary task with:
	-custom
		-f1: 0.8328159645232815
		-auroc: 0.749729330777323
	-resnet
		-f1: 0.693491124260355
		-auroc: 0.727856746221095
2026-06-03 12:39:44 - __main__ - INFO - Input matrix with YNEWGAPTVICHDQMKFRLS encoding is removed.

2026-06-03 12:39:56 - __main__ - INFO - Input matrix with CYTAINQDELRHWPMVSFGK encoding is generated.
2026-06-03 12:43:46 - __main__ - INFO - CYTAINQDELRHWPMVSFGK encoding is done for binary task with:
	-custom
		-f1: 0.8307139649753031
		-auroc: 0.7528448172424665
	-resnet
		-f1: 0.5683930942895087
		-auroc: 0.6690001423106223
2026-06-03 12:43:46 - __main__ - INFO - Input matrix with CYTAINQDELRHWPMVSFGK encoding is removed.

2026-06-03 12:43:58 - __main__ - INFO - Input matrix with TQLCRWYIPDEFMGVNHSKA encoding is generated.
2026-06-03 12:47:47 - __main__ - INFO - TQLCRWYIPDEFMGVNHSKA encoding is done for binary task with:
	-custom
		-f1: 0.8323699421965318
		-auroc: 0.7503969350198537
	-resnet
		-f1: 0.7731529656607701
		-auroc: 0.7513233492665423
2026-06-03 12:47:47 - __main__ - INFO - Input matrix with TQLCRWYIPDEFMGVNHSKA encoding is removed.

2026-06-03 12:47:59 - __main__ - INFO - Input matrix with PQVSIRNMDWHTFEKGYACL encoding is generated.
2026-06-03 12:52:10 - __main__ - INFO - PQVSIRNMDWHTFEKGYACL encoding is done for binary task with:
	-custom
		-f1: 0.8243663850600267
		-auroc: 0.7395792349269333
	-resnet
		-f1: 0.7988077496274217
		-auroc: 0.7598285017481884
2026-06-03 12:52:10 - __main__ - INFO - Input matrix with PQVSIRNMDWHTFEKGYACL encoding is removed.

2026-06-03 12:52:23 - __main__ - INFO - Input matrix with QVTCSLGFEYKAIHMPRDNW encoding is generated.
2026-06-03 12:56:18 - __main__ - INFO - QVTCSLGFEYKAIHMPRDNW encoding is done for binary task with:
	-custom
		-f1: 0.8247978436657682
		-auroc: 0.7451433012157792
	-resnet
		-f1: 0.750795334040297
		-auroc: 0.7348955412128771
2026-06-03 12:56:18 - __main__ - INFO - Input matrix with QVTCSLGFEYKAIHMPRDNW encoding is removed.

2026-06-03 12:56:30 - __main__ - INFO - Input matrix with FRYKEGTQHVDLPNMCIWAS encoding is generated.
2026-06-03 13:00:18 - __main__ - INFO - FRYKEGTQHVDLPNMCIWAS encoding is done for binary task with:
	-custom
		-f1: 0.8274616079494128
		-auroc: 0.7512863764088052
	-resnet
		-f1: 0.8350083752093802
		-auroc: 0.7247140533134656
2026-06-03 13:00:18 - __main__ - INFO - Input matrix with FRYKEGTQHVDLPNMCIWAS encoding is removed.

2026-06-03 13:00:30 - __main__ - INFO - Input matrix with CKESTMRAQLFIPGHNVYDW encoding is generated.
2026-06-03 13:04:18 - __main__ - INFO - CKESTMRAQLFIPGHNVYDW encoding is done for binary task with:
	-custom
		-f1: 0.8377056469542019
		-auroc: 0.7576087350818006
	-resnet
		-f1: 0.8354898336414048
		-auroc: 0.772475311897447
2026-06-03 13:04:18 - __main__ - INFO - Input matrix with CKESTMRAQLFIPGHNVYDW encoding is removed.

2026-06-03 13:04:30 - __main__ - INFO - Input matrix with WVKSIEFHLGDNTQMYPACR encoding is generated.
2026-06-03 13:08:18 - __main__ - INFO - WVKSIEFHLGDNTQMYPACR encoding is done for binary task with:
	-custom
		-f1: 0.8263950398582817
		-auroc: 0.7403807785786238
	-resnet
		-f1: 0.7829573934837093
		-auroc: 0.7450037809979044
2026-06-03 13:08:18 - __main__ - INFO - Input matrix with WVKSIEFHLGDNTQMYPACR encoding is removed.

2026-06-03 13:08:31 - __main__ - INFO - Input matrix with WIRVYEQMKHFATGLNCSPD encoding is generated.
2026-06-03 13:12:19 - __main__ - INFO - WIRVYEQMKHFATGLNCSPD encoding is done for binary task with:
	-custom
		-f1: 0.8310421286031042
		-auroc: 0.7473253974233405
	-resnet
		-f1: 0.8302945301542777
		-auroc: 0.7710501128718563
2026-06-03 13:12:19 - __main__ - INFO - Input matrix with WIRVYEQMKHFATGLNCSPD encoding is removed.

2026-06-03 13:12:32 - __main__ - INFO - Input matrix with KGQHTLFCAWNMEVSYIPRD encoding is generated.
2026-06-03 13:16:19 - __main__ - INFO - KGQHTLFCAWNMEVSYIPRD encoding is done for binary task with:
	-custom
		-f1: 0.832
		-auroc: 0.749684684307603
	-resnet
		-f1: 0.8303114830311483
		-auroc: 0.7685129377098034
2026-06-03 13:16:19 - __main__ - INFO - Input matrix with KGQHTLFCAWNMEVSYIPRD encoding is removed.

2026-06-03 13:16:31 - __main__ - INFO - Input matrix with TLEPNHWDRQYVKGISFMCA encoding is generated.
2026-06-03 13:20:19 - __main__ - INFO - TLEPNHWDRQYVKGISFMCA encoding is done for binary task with:
	-custom
		-f1: 0.8334085778781039
		-auroc: 0.7589878924354927
	-resnet
		-f1: 0.7995273729814888
		-auroc: 0.638799595949449
2026-06-03 13:20:19 - __main__ - INFO - Input matrix with TLEPNHWDRQYVKGISFMCA encoding is removed.

2026-06-03 13:20:31 - __main__ - INFO - Input matrix with SPFAQDMLCNRIHGYTEKWV encoding is generated.
2026-06-03 13:24:21 - __main__ - INFO - SPFAQDMLCNRIHGYTEKWV encoding is done for binary task with:
	-custom
		-f1: 0.8348056537102474
		-auroc: 0.7505308744290136
	-resnet
		-f1: 0.8038369304556355
		-auroc: 0.7494133174838365
2026-06-03 13:24:21 - __main__ - INFO - Input matrix with SPFAQDMLCNRIHGYTEKWV encoding is removed.

2026-06-03 13:24:34 - __main__ - INFO - Input matrix with DYSKCQNEMVTRLWIHPAFG encoding is generated.
2026-06-03 13:28:22 - __main__ - INFO - DYSKCQNEMVTRLWIHPAFG encoding is done for binary task with:
	-custom
		-f1: 0.8419654714475432
		-auroc: 0.7613039280522141
	-resnet
		-f1: 0.82571299230421
		-auroc: 0.7500397632620943
2026-06-03 13:28:22 - __main__ - INFO - Input matrix with DYSKCQNEMVTRLWIHPAFG encoding is removed.

2026-06-03 13:28:35 - __main__ - INFO - Input matrix with DRHQMEWGCNYFLVAIKPST encoding is generated.
2026-06-03 13:32:22 - __main__ - INFO - DRHQMEWGCNYFLVAIKPST encoding is done for binary task with:
	-custom
		-f1: 0.8365086397873283
		-auroc: 0.7543146627377773
	-resnet
		-f1: 0.6551297898640297
		-auroc: 0.711828663591641
2026-06-03 13:32:22 - __main__ - INFO - Input matrix with DRHQMEWGCNYFLVAIKPST encoding is removed.

2026-06-03 13:32:34 - __main__ - INFO - Input matrix with EDNYTIFMCQHPRASVLGWK encoding is generated.
2026-06-03 13:36:22 - __main__ - INFO - EDNYTIFMCQHPRASVLGWK encoding is done for binary task with:
	-custom
		-f1: 0.8319928507596068
		-auroc: 0.7522218594696557
	-resnet
		-f1: 0.7000569151963574
		-auroc: 0.714992982133041
2026-06-03 13:36:22 - __main__ - INFO - Input matrix with EDNYTIFMCQHPRASVLGWK encoding is removed.

2026-06-03 13:36:34 - __main__ - INFO - Input matrix with MPHEAQRTYVWKLCNGDFIS encoding is generated.
2026-06-03 13:40:23 - __main__ - INFO - MPHEAQRTYVWKLCNGDFIS encoding is done for binary task with:
	-custom
		-f1: 0.8315508021390374
		-auroc: 0.7503522885501338
	-resnet
		-f1: 0.8151571164510166
		-auroc: 0.7460320450036415
2026-06-03 13:40:23 - __main__ - INFO - Input matrix with MPHEAQRTYVWKLCNGDFIS encoding is removed.

2026-06-03 13:40:35 - __main__ - INFO - Input matrix with HWQFVSNDRCKMGYETIALP encoding is generated.
2026-06-03 13:44:23 - __main__ - INFO - HWQFVSNDRCKMGYETIALP encoding is done for binary task with:
	-custom
		-f1: 0.8204209583519928
		-auroc: 0.7377536128760418
	-resnet
		-f1: 0.7987307343608341
		-auroc: 0.7149155484121203
2026-06-03 13:44:23 - __main__ - INFO - Input matrix with HWQFVSNDRCKMGYETIALP encoding is removed.

2026-06-03 13:44:35 - __main__ - INFO - Input matrix with VGPWFEATLHNYMIQSDKRC encoding is generated.
2026-06-03 13:48:24 - __main__ - INFO - VGPWFEATLHNYMIQSDKRC encoding is done for binary task with:
	-custom
		-f1: 0.8218806509945751
		-auroc: 0.7442971110943688
	-resnet
		-f1: 0.7884322678843226
		-auroc: 0.757289931383957
2026-06-03 13:48:24 - __main__ - INFO - Input matrix with VGPWFEATLHNYMIQSDKRC encoding is removed.

2026-06-03 13:48:36 - __main__ - INFO - Input matrix with LCRTKYHWIAPFDMEVNGSQ encoding is generated.
2026-06-03 13:52:25 - __main__ - INFO - LCRTKYHWIAPFDMEVNGSQ encoding is done for binary task with:
	-custom
		-f1: 0.8296751536435469
		-auroc: 0.7405593644575036
	-resnet
		-f1: 0.8258497691984893
		-auroc: 0.7126497400738341
2026-06-03 13:52:25 - __main__ - INFO - Input matrix with LCRTKYHWIAPFDMEVNGSQ encoding is removed.

2026-06-03 13:52:37 - __main__ - INFO - Input matrix with LHEACKWFGVQIPDTMRYSN encoding is generated.
2026-06-03 13:56:24 - __main__ - INFO - LHEACKWFGVQIPDTMRYSN encoding is done for binary task with:
	-custom
		-f1: 0.835387323943662
		-auroc: 0.7496407354389726
	-resnet
		-f1: 0.6686531585220501
		-auroc: 0.7063545878433244
2026-06-03 13:56:24 - __main__ - INFO - Input matrix with LHEACKWFGVQIPDTMRYSN encoding is removed.

2026-06-03 13:56:37 - __main__ - INFO - Input matrix with NAFQHIGRTCYMSPEVWKLD encoding is generated.
2026-06-03 14:00:26 - __main__ - INFO - NAFQHIGRTCYMSPEVWKLD encoding is done for binary task with:
	-custom
		-f1: 0.8278615794143744
		-auroc: 0.7432297814276265
	-resnet
		-f1: 0.7763627101375445
		-auroc: 0.7449584369270952
2026-06-03 14:00:26 - __main__ - INFO - Input matrix with NAFQHIGRTCYMSPEVWKLD encoding is removed.

2026-06-03 14:00:38 - __main__ - INFO - Input matrix with PQTYAKHMWLENGVCIDRFS encoding is generated.
2026-06-03 14:04:26 - __main__ - INFO - PQTYAKHMWLENGVCIDRFS encoding is done for binary task with:
	-custom
		-f1: 0.8276473194505981
		-auroc: 0.7422949959678657
	-resnet
		-f1: 0.8107865168539325
		-auroc: 0.7266240850961713
2026-06-03 14:04:26 - __main__ - INFO - Input matrix with PQTYAKHMWLENGVCIDRFS encoding is removed.

2026-06-03 14:04:39 - __main__ - INFO - Input matrix with VFDTISMLCGNEARYWQKHP encoding is generated.
2026-06-03 14:08:28 - __main__ - INFO - VFDTISMLCGNEARYWQKHP encoding is done for binary task with:
	-custom
		-f1: 0.8377425044091711
		-auroc: 0.7536917049649664
	-resnet
		-f1: 0.8127562642369021
		-auroc: 0.7359719396937809
2026-06-03 14:08:28 - __main__ - INFO - Input matrix with VFDTISMLCGNEARYWQKHP encoding is removed.

2026-06-03 14:08:40 - __main__ - INFO - Input matrix with YQVHFLPRNITKDAEWMGCS encoding is generated.
2026-06-03 14:12:30 - __main__ - INFO - YQVHFLPRNITKDAEWMGCS encoding is done for binary task with:
	-custom
		-f1: 0.8283281039892425
		-auroc: 0.7487938477164726
	-resnet
		-f1: 0.7802083333333333
		-auroc: 0.7599596507529907
2026-06-03 14:12:30 - __main__ - INFO - Input matrix with YQVHFLPRNITKDAEWMGCS encoding is removed.

2026-06-03 14:12:42 - __main__ - INFO - Input matrix with NCKSIARWVEYHDQFLGTMP encoding is generated.
2026-06-03 14:16:30 - __main__ - INFO - NCKSIARWVEYHDQFLGTMP encoding is done for binary task with:
	-custom
		-f1: 0.8199546485260771
		-auroc: 0.7432730326951678
	-resnet
		-f1: 0.8412984670874661
		-auroc: 0.7688708070686523
2026-06-03 14:16:30 - __main__ - INFO - Input matrix with NCKSIARWVEYHDQFLGTMP encoding is removed.

2026-06-03 14:16:43 - __main__ - INFO - Input matrix with KTLREVICSADPYGWMFNQH encoding is generated.
2026-06-03 14:20:30 - __main__ - INFO - KTLREVICSADPYGWMFNQH encoding is done for binary task with:
	-custom
		-f1: 0.8261449533125834
		-auroc: 0.7419831682809155
	-resnet
		-f1: 0.8282063416942735
		-auroc: 0.7739430645894898
2026-06-03 14:20:30 - __main__ - INFO - Input matrix with KTLREVICSADPYGWMFNQH encoding is removed.

2026-06-03 14:20:43 - __main__ - INFO - Input matrix with GFRALEDPWYKNCIMSTVHQ encoding is generated.
2026-06-03 14:24:31 - __main__ - INFO - GFRALEDPWYKNCIMSTVHQ encoding is done for binary task with:
	-custom
		-f1: 0.8312720848056537
		-auroc: 0.7457230077210488
	-resnet
		-f1: 0.6427244582043343
		-auroc: 0.7007437822814904
2026-06-03 14:24:31 - __main__ - INFO - Input matrix with GFRALEDPWYKNCIMSTVHQ encoding is removed.

2026-06-03 14:24:43 - __main__ - INFO - Input matrix with EVCMPNQGTRHLWIYSKFDA encoding is generated.
2026-06-03 14:28:31 - __main__ - INFO - EVCMPNQGTRHLWIYSKFDA encoding is done for binary task with:
	-custom
		-f1: 0.8320712694877506
		-auroc: 0.7508420045148743
	-resnet
		-f1: 0.8159538683325325
		-auroc: 0.7654839537797422
2026-06-03 14:28:31 - __main__ - INFO - Input matrix with EVCMPNQGTRHLWIYSKFDA encoding is removed.

2026-06-03 14:28:44 - __main__ - INFO - Input matrix with VSKCIPHDFMQLNWGTRAYE encoding is generated.
2026-06-03 14:32:32 - __main__ - INFO - VSKCIPHDFMQLNWGTRAYE encoding is done for binary task with:
	-custom
		-f1: 0.8273703041144902
		-auroc: 0.7464345608322103
	-resnet
		-f1: 0.7736539466806064
		-auroc: 0.7541277056458252
2026-06-03 14:32:32 - __main__ - INFO - Input matrix with VSKCIPHDFMQLNWGTRAYE encoding is removed.

2026-06-03 14:32:44 - __main__ - INFO - Input matrix with PLDYEKINMCQGARVSWFTH encoding is generated.
2026-06-03 14:36:32 - __main__ - INFO - PLDYEKINMCQGARVSWFTH encoding is done for binary task with:
	-custom
		-f1: 0.8279279279279279
		-auroc: 0.7506187721662746
	-resnet
		-f1: 0.8053055423969683
		-auroc: 0.7453183990892119
2026-06-03 14:36:32 - __main__ - INFO - Input matrix with PLDYEKINMCQGARVSWFTH encoding is removed.

2026-06-03 14:36:45 - __main__ - INFO - Input matrix with SYNFHLCDVIKEGAMWRQTP encoding is generated.
2026-06-03 14:40:32 - __main__ - INFO - SYNFHLCDVIKEGAMWRQTP encoding is done for binary task with:
	-custom
		-f1: 0.8354092526690391
		-auroc: 0.754715085763078
	-resnet
		-f1: 0.8237986270022883
		-auroc: 0.7527101802322175
2026-06-03 14:40:32 - __main__ - INFO - Input matrix with SYNFHLCDVIKEGAMWRQTP encoding is removed.

2026-06-03 14:40:44 - __main__ - INFO - Input matrix with AHTYFVLPQKWEDRGSICNM encoding is generated.
2026-06-03 14:44:41 - __main__ - INFO - AHTYFVLPQKWEDRGSICNM encoding is done for binary task with:
	-custom
		-f1: 0.8332584269662922
		-auroc: 0.7566732520209503
	-resnet
		-f1: 0.8016153457849571
		-auroc: 0.7706008577702995
2026-06-03 14:44:41 - __main__ - INFO - Input matrix with AHTYFVLPQKWEDRGSICNM encoding is removed.

2026-06-03 14:44:53 - __main__ - INFO - Input matrix with WRAPEFKDQTSHINGLYMCV encoding is generated.
2026-06-03 14:48:40 - __main__ - INFO - WRAPEFKDQTSHINGLYMCV encoding is done for binary task with:
	-custom
		-f1: 0.838512035010941
		-auroc: 0.7511991762726337
	-resnet
		-f1: 0.8190224570673712
		-auroc: 0.7275156192883911
2026-06-03 14:48:40 - __main__ - INFO - Input matrix with WRAPEFKDQTSHINGLYMCV encoding is removed.

2026-06-03 14:48:52 - __main__ - INFO - Input matrix with CVGSETWRHMKYPDLQNFIA encoding is generated.
2026-06-03 14:52:40 - __main__ - INFO - CVGSETWRHMKYPDLQNFIA encoding is done for binary task with:
	-custom
		-f1: 0.8284444444444444
		-auroc: 0.7448768175996383
	-resnet
		-f1: 0.818910932883073
		-auroc: 0.7057937165674679
2026-06-03 14:52:40 - __main__ - INFO - Input matrix with CVGSETWRHMKYPDLQNFIA encoding is removed.

2026-06-03 14:52:53 - __main__ - INFO - Input matrix with HGSKPWRAQVNYMTDICLFE encoding is generated.
2026-06-03 14:56:41 - __main__ - INFO - HGSKPWRAQVNYMTDICLFE encoding is done for binary task with:
	-custom
		-f1: 0.8381120423467138
		-auroc: 0.7544039556772172
	-resnet
		-f1: 0.7230255839822024
		-auroc: 0.7278595366254524
2026-06-03 14:56:41 - __main__ - INFO - Input matrix with HGSKPWRAQVNYMTDICLFE encoding is removed.

2026-06-03 14:56:53 - __main__ - INFO - Input matrix with RAQENLTIVYDKMHSGPFCW encoding is generated.
2026-06-03 15:00:41 - __main__ - INFO - RAQENLTIVYDKMHSGPFCW encoding is done for binary task with:
	-custom
		-f1: 0.8332588287885561
		-auroc: 0.7541360768588977
	-resnet
		-f1: 0.8387681159420289
		-auroc: 0.7675795474522213
2026-06-03 15:00:41 - __main__ - INFO - Input matrix with RAQENLTIVYDKMHSGPFCW encoding is removed.

2026-06-03 15:00:53 - __main__ - INFO - Input matrix with GRKADNYIHWPCQLFETSVM encoding is generated.
2026-06-03 15:04:42 - __main__ - INFO - GRKADNYIHWPCQLFETSVM encoding is done for binary task with:
	-custom
		-f1: 0.8303730017761989
		-auroc: 0.7470582162061103
	-resnet
		-f1: 0.8149197355996223
		-auroc: 0.7559582109043423
2026-06-03 15:04:42 - __main__ - INFO - Input matrix with GRKADNYIHWPCQLFETSVM encoding is removed.

2026-06-03 15:04:55 - __main__ - INFO - Input matrix with SEMACKNIWHVQGTRYDFPL encoding is generated.
2026-06-03 15:08:43 - __main__ - INFO - SEMACKNIWHVQGTRYDFPL encoding is done for binary task with:
	-custom
		-f1: 0.8219302220208428
		-auroc: 0.74545443130164
	-resnet
		-f1: 0.7887049659201558
		-auroc: 0.7378380226078561
2026-06-03 15:08:43 - __main__ - INFO - Input matrix with SEMACKNIWHVQGTRYDFPL encoding is removed.

2026-06-03 15:08:56 - __main__ - INFO - Input matrix with NSTMHDYEKGWQRIPFLVCA encoding is generated.
2026-06-03 15:12:42 - __main__ - INFO - NSTMHDYEKGWQRIPFLVCA encoding is done for binary task with:
	-custom
		-f1: 0.8453333333333334
		-auroc: 0.7677141844624705
	-resnet
		-f1: 0.779783393501805
		-auroc: 0.7548406539591652
2026-06-03 15:12:42 - __main__ - INFO - Input matrix with NSTMHDYEKGWQRIPFLVCA encoding is removed.

2026-06-03 15:12:54 - __main__ - INFO - Input matrix with YTLCHWRAKPGSENMIQDFV encoding is generated.
2026-06-03 15:16:41 - __main__ - INFO - YTLCHWRAKPGSENMIQDFV encoding is done for binary task with:
	-custom
		-f1: 0.8298718515245249
		-auroc: 0.7440313250793172
	-resnet
		-f1: 0.8162071846282373
		-auroc: 0.6964012155001381
2026-06-03 15:16:41 - __main__ - INFO - Input matrix with YTLCHWRAKPGSENMIQDFV encoding is removed.

2026-06-03 15:16:53 - __main__ - INFO - Input matrix with NHYVEQIWLGPFMRTASCKD encoding is generated.
2026-06-03 15:20:40 - __main__ - INFO - NHYVEQIWLGPFMRTASCKD encoding is done for binary task with:
	-custom
		-f1: 0.8331862312444837
		-auroc: 0.7479044063275209
	-resnet
		-f1: 0.8209026128266034
		-auroc: 0.7664194368405925
2026-06-03 15:20:40 - __main__ - INFO - Input matrix with NHYVEQIWLGPFMRTASCKD encoding is removed.

2026-06-03 15:20:53 - __main__ - INFO - Input matrix with HDVPQRLWFMAKSGTNEYIC encoding is generated.
2026-06-03 15:24:41 - __main__ - INFO - HDVPQRLWFMAKSGTNEYIC encoding is done for binary task with:
	-custom
		-f1: 0.8261831048208758
		-auroc: 0.7394459931188628
	-resnet
		-f1: 0.8189539561913277
		-auroc: 0.734904610027039
2026-06-03 15:24:41 - __main__ - INFO - Input matrix with HDVPQRLWFMAKSGTNEYIC encoding is removed.

2026-06-03 15:24:53 - __main__ - INFO - Input matrix with SYVWPDAHLMFGRIEQNTKC encoding is generated.
2026-06-03 15:28:41 - __main__ - INFO - SYVWPDAHLMFGRIEQNTKC encoding is done for binary task with:
	-custom
		-f1: 0.8330373001776199
		-auroc: 0.750664116237084
	-resnet
		-f1: 0.762241292276628
		-auroc: 0.7237241573676442
2026-06-03 15:28:41 - __main__ - INFO - Input matrix with SYVWPDAHLMFGRIEQNTKC encoding is removed.

2026-06-03 15:28:53 - __main__ - INFO - Input matrix with KSQMYPRDICGVETWNLHAF encoding is generated.
2026-06-03 15:32:42 - __main__ - INFO - KSQMYPRDICGVETWNLHAF encoding is done for binary task with:
	-custom
		-f1: 0.8322147651006712
		-auroc: 0.7531566449294168
	-resnet
		-f1: 0.753731343283582
		-auroc: 0.7408160816583931
2026-06-03 15:32:42 - __main__ - INFO - Input matrix with KSQMYPRDICGVETWNLHAF encoding is removed.

2026-06-03 15:32:54 - __main__ - INFO - Input matrix with PRTLEVFINQGSHKWMYCDA encoding is generated.
2026-06-03 15:36:42 - __main__ - INFO - PRTLEVFINQGSHKWMYCDA encoding is done for binary task with:
	-custom
		-f1: 0.8301886792452831
		-auroc: 0.7410490804222439
	-resnet
		-f1: 0.7883064516129032
		-auroc: 0.7540405055096534
2026-06-03 15:36:42 - __main__ - INFO - Input matrix with PRTLEVFINQGSHKWMYCDA encoding is removed.

2026-06-03 15:36:54 - __main__ - INFO - Input matrix with FHCEVGNRSQWPDAYTLIMK encoding is generated.
2026-06-03 15:40:42 - __main__ - INFO - FHCEVGNRSQWPDAYTLIMK encoding is done for binary task with:
	-custom
		-f1: 0.8313582497721057
		-auroc: 0.760723523945855
	-resnet
		-f1: 0.7439824945295405
		-auroc: 0.7425510155676661
2026-06-03 15:40:42 - __main__ - INFO - Input matrix with FHCEVGNRSQWPDAYTLIMK encoding is removed.

2026-06-03 15:40:54 - __main__ - INFO - Input matrix with PCVGNFESWHYTDIARMLQK encoding is generated.
2026-06-03 15:44:42 - __main__ - INFO - PCVGNFESWHYTDIARMLQK encoding is done for binary task with:
	-custom
		-f1: 0.8296629213483147
		-auroc: 0.7518653853129857
	-resnet
		-f1: 0.8276450511945392
		-auroc: 0.7235999843737356
2026-06-03 15:44:42 - __main__ - INFO - Input matrix with PCVGNFESWHYTDIARMLQK encoding is removed.

2026-06-03 15:44:54 - __main__ - INFO - Input matrix with HGRQKSFACVNPWMTIDYEL encoding is generated.
2026-06-03 15:48:42 - __main__ - INFO - HGRQKSFACVNPWMTIDYEL encoding is done for binary task with:
	-custom
		-f1: 0.8381294964028777
		-auroc: 0.7633953361181569
	-resnet
		-f1: 0.8310696095076401
		-auroc: 0.7258706759196475
2026-06-03 15:48:42 - __main__ - INFO - Input matrix with HGRQKSFACVNPWMTIDYEL encoding is removed.

2026-06-03 15:48:54 - __main__ - INFO - Input matrix with YPGIMTRHLCEWNQDVKSFA encoding is generated.
2026-06-03 15:52:40 - __main__ - INFO - YPGIMTRHLCEWNQDVKSFA encoding is done for binary task with:
	-custom
		-f1: 0.8297682709447415
		-auroc: 0.7479483551961514
	-resnet
		-f1: 0.8232094288304623
		-auroc: 0.7473686486908817
2026-06-03 15:52:40 - __main__ - INFO - Input matrix with YPGIMTRHLCEWNQDVKSFA encoding is removed.

2026-06-03 15:52:53 - __main__ - INFO - Input matrix with VIYTACPSHLGKQFDWNERM encoding is generated.
2026-06-03 15:56:41 - __main__ - INFO - VIYTACPSHLGKQFDWNERM encoding is done for binary task with:
	-custom
		-f1: 0.8287488908606921
		-auroc: 0.7444317481046179
	-resnet
		-f1: 0.8330275229357799
		-auroc: 0.7658871672094002
2026-06-03 15:56:41 - __main__ - INFO - Input matrix with VIYTACPSHLGKQFDWNERM encoding is removed.

2026-06-03 15:56:54 - __main__ - INFO - Input matrix with PNWIQFAHVCSKGYLDTMRE encoding is generated.
2026-06-03 16:00:43 - __main__ - INFO - PNWIQFAHVCSKGYLDTMRE encoding is done for binary task with:
	-custom
		-f1: 0.8271879164815638
		-auroc: 0.7429626002103965
	-resnet
		-f1: 0.8206341694273545
		-auroc: 0.7643273311735604
2026-06-03 16:00:43 - __main__ - INFO - Input matrix with PNWIQFAHVCSKGYLDTMRE encoding is removed.

2026-06-03 16:00:55 - __main__ - INFO - Input matrix with KPLETGIYWRAFQNDHMVSC encoding is generated.
2026-06-03 16:04:43 - __main__ - INFO - KPLETGIYWRAFQNDHMVSC encoding is done for binary task with:
	-custom
		-f1: 0.8340767172167708
		-auroc: 0.7541807233286175
	-resnet
		-f1: 0.7962962962962963
		-auroc: 0.7476762907712957
2026-06-03 16:04:43 - __main__ - INFO - Input matrix with KPLETGIYWRAFQNDHMVSC encoding is removed.

2026-06-03 16:04:56 - __main__ - INFO - Input matrix with VLFWPIAHNSTEKCRYGMDQ encoding is generated.
2026-06-03 16:08:45 - __main__ - INFO - VLFWPIAHNSTEKCRYGMDQ encoding is done for binary task with:
	-custom
		-f1: 0.8358744394618834
		-auroc: 0.7591218318446527
	-resnet
		-f1: 0.8058435438265787
		-auroc: 0.74349347463941
2026-06-03 16:08:45 - __main__ - INFO - Input matrix with VLFWPIAHNSTEKCRYGMDQ encoding is removed.

2026-06-03 16:08:57 - __main__ - INFO - Input matrix with ANYHIQDSCPERGFTMWVKL encoding is generated.
2026-06-03 16:12:44 - __main__ - INFO - ANYHIQDSCPERGFTMWVKL encoding is done for binary task with:
	-custom
		-f1: 0.8289007092198581
		-auroc: 0.7442092133571075
	-resnet
		-f1: 0.7941620533467539
		-auroc: 0.7603175201118394
2026-06-03 16:12:44 - __main__ - INFO - Input matrix with ANYHIQDSCPERGFTMWVKL encoding is removed.

2026-06-03 16:12:56 - __main__ - INFO - Input matrix with DYVSFMPWRCHIQTENGKLA encoding is generated.
2026-06-03 16:16:44 - __main__ - INFO - DYVSFMPWRCHIQTENGKLA encoding is done for binary task with:
	-custom
		-f1: 0.8259693417493237
		-auroc: 0.7484373735598027
	-resnet
		-f1: 0.7576571735626008
		-auroc: 0.7490959089881715
2026-06-03 16:16:44 - __main__ - INFO - Input matrix with DYVSFMPWRCHIQTENGKLA encoding is removed.

2026-06-03 16:16:57 - __main__ - INFO - Input matrix with KCNQSYAVLGIMWDEFRPTH encoding is generated.
2026-06-03 16:20:45 - __main__ - INFO - KCNQSYAVLGIMWDEFRPTH encoding is done for binary task with:
	-custom
		-f1: 0.8406809253601047
		-auroc: 0.7529355053840853
	-resnet
		-f1: 0.8404452690166976
		-auroc: 0.7805772509494351
2026-06-03 16:20:45 - __main__ - INFO - Input matrix with KCNQSYAVLGIMWDEFRPTH encoding is removed.

2026-06-03 16:20:57 - __main__ - INFO - Input matrix with VHGRISQNMFDYCLAEKWTP encoding is generated.
2026-06-03 16:24:45 - __main__ - INFO - VHGRISQNMFDYCLAEKWTP encoding is done for binary task with:
	-custom
		-f1: 0.8344489067380634
		-auroc: 0.7548929740408682
	-resnet
		-f1: 0.824966078697422
		-auroc: 0.748615261837593
2026-06-03 16:24:45 - __main__ - INFO - Input matrix with VHGRISQNMFDYCLAEKWTP encoding is removed.

2026-06-03 16:24:57 - __main__ - INFO - Input matrix with ACKDTHPEFIGMVYQNRWSL encoding is generated.
2026-06-03 16:28:45 - __main__ - INFO - ACKDTHPEFIGMVYQNRWSL encoding is done for binary task with:
	-custom
		-f1: 0.8325274725274725
		-auroc: 0.7451000499482381
	-resnet
		-f1: 0.8246844319775596
		-auroc: 0.7638383128099093
2026-06-03 16:28:45 - __main__ - INFO - Input matrix with ACKDTHPEFIGMVYQNRWSL encoding is removed.

2026-06-03 16:28:57 - __main__ - INFO - Input matrix with FECRIHWAQLDVGNKMTSYP encoding is generated.
2026-06-03 16:32:45 - __main__ - INFO - FECRIHWAQLDVGNKMTSYP encoding is done for binary task with:
	-custom
		-f1: 0.816290393979637
		-auroc: 0.7264468944194703
	-resnet
		-f1: 0.8092322185586435
		-auroc: 0.7475890906351239
2026-06-03 16:32:45 - __main__ - INFO - Input matrix with FECRIHWAQLDVGNKMTSYP encoding is removed.

2026-06-03 16:32:57 - __main__ - INFO - Input matrix with IFWQAYHDNSMTRGKLVPCE encoding is generated.
2026-06-03 16:36:45 - __main__ - INFO - IFWQAYHDNSMTRGKLVPCE encoding is done for binary task with:
	-custom
		-f1: 0.8372715113687026
		-auroc: 0.7582763393243315
	-resnet
		-f1: 0.8284444444444444
		-auroc: 0.7448768175996383
2026-06-03 16:36:45 - __main__ - INFO - Input matrix with IFWQAYHDNSMTRGKLVPCE encoding is removed.

2026-06-03 16:36:58 - __main__ - INFO - Input matrix with DTNKMAHYRFEIQLSVGPCW encoding is generated.
2026-06-03 16:40:45 - __main__ - INFO - DTNKMAHYRFEIQLSVGPCW encoding is done for binary task with:
	-custom
		-f1: 0.8207420652659813
		-auroc: 0.7373085433810214
	-resnet
		-f1: 0.801762114537445
		-auroc: 0.7564904805355345
2026-06-03 16:40:45 - __main__ - INFO - Input matrix with DTNKMAHYRFEIQLSVGPCW encoding is removed.

2026-06-03 16:40:57 - __main__ - INFO - Input matrix with QDTIEHVMRSNGFKCAYPWL encoding is generated.
2026-06-03 16:44:44 - __main__ - INFO - QDTIEHVMRSNGFKCAYPWL encoding is done for binary task with:
	-custom
		-f1: 0.8216024789729969
		-auroc: 0.7336586944814173
	-resnet
		-f1: 0.8337730870712401
		-auroc: 0.7470142673374799
2026-06-03 16:44:44 - __main__ - INFO - Input matrix with QDTIEHVMRSNGFKCAYPWL encoding is removed.

2026-06-03 16:44:56 - __main__ - INFO - Input matrix with YSTQRHVLFEIMKGCNDWPA encoding is generated.
2026-06-03 16:48:42 - __main__ - INFO - YSTQRHVLFEIMKGCNDWPA encoding is done for binary task with:
	-custom
		-f1: 0.8316651501364877
		-auroc: 0.7602784544508343
	-resnet
		-f1: 0.7551240560949298
		-auroc: 0.7480718305889706
2026-06-03 16:48:42 - __main__ - INFO - Input matrix with YSTQRHVLFEIMKGCNDWPA encoding is removed.

2026-06-03 16:48:54 - __main__ - INFO - Input matrix with RHYDSVPGENFWQICLAMTK encoding is generated.
2026-06-03 16:52:42 - __main__ - INFO - RHYDSVPGENFWQICLAMTK encoding is done for binary task with:
	-custom
		-f1: 0.8286353467561521
		-auroc: 0.7483487782214521
	-resnet
		-f1: 0.8443616029822927
		-auroc: 0.7876997580719421
2026-06-03 16:52:42 - __main__ - INFO - Input matrix with RHYDSVPGENFWQICLAMTK encoding is removed.

2026-06-03 16:52:54 - __main__ - INFO - Input matrix with ANTLYHDGQRPWIMCEVFKS encoding is generated.
2026-06-03 16:56:41 - __main__ - INFO - ANTLYHDGQRPWIMCEVFKS encoding is done for binary task with:
	-custom
		-f1: 0.8241071428571428
		-auroc: 0.7411816246292249
	-resnet
		-f1: 0.7816091954022989
		-auroc: 0.7630311883495037
2026-06-03 16:56:41 - __main__ - INFO - Input matrix with ANTLYHDGQRPWIMCEVFKS encoding is removed.

2026-06-03 16:56:53 - __main__ - INFO - Input matrix with LANCGKFDVMISWHRTEQYP encoding is generated.
2026-06-03 17:00:40 - __main__ - INFO - LANCGKFDVMISWHRTEQYP encoding is done for binary task with:
	-custom
		-f1: 0.8292465448060633
		-auroc: 0.7474586392314111
	-resnet
		-f1: 0.8439003060778312
		-auroc: 0.7581884415870704
2026-06-03 17:00:40 - __main__ - INFO - Input matrix with LANCGKFDVMISWHRTEQYP encoding is removed.

2026-06-03 17:00:52 - __main__ - INFO - Input matrix with PAVTGIHCFRSEQMLNKYWD encoding is generated.
2026-06-03 17:04:39 - __main__ - INFO - PAVTGIHCFRSEQMLNKYWD encoding is done for binary task with:
	-custom
		-f1: 0.8408091468777484
		-auroc: 0.756630000753409
	-resnet
		-f1: 0.8254113345521024
		-auroc: 0.7541793281264388
2026-06-03 17:04:39 - __main__ - INFO - Input matrix with PAVTGIHCFRSEQMLNKYWD encoding is removed.

2026-06-03 17:04:51 - __main__ - INFO - Input matrix with ELRNIYSKQTACWGMDFVPH encoding is generated.
2026-06-03 17:08:39 - __main__ - INFO - ELRNIYSKQTACWGMDFVPH encoding is done for binary task with:
	-custom
		-f1: 0.82358195623046
		-auroc: 0.7406919086644845
	-resnet
		-f1: 0.8088709677419355
		-auroc: 0.666398787848347
2026-06-03 17:08:39 - __main__ - INFO - Input matrix with ELRNIYSKQTACWGMDFVPH encoding is removed.

2026-06-03 17:08:52 - __main__ - INFO - Input matrix with YWCVSQRKPDGHNMTFALIE encoding is generated.
2026-06-03 17:12:39 - __main__ - INFO - YWCVSQRKPDGHNMTFALIE encoding is done for binary task with:
	-custom
		-f1: 0.8411214953271028
		-auroc: 0.7626391365372757
	-resnet
		-f1: 0.7301587301587301
		-auroc: 0.7448642607800297
2026-06-03 17:12:39 - __main__ - INFO - Input matrix with YWCVSQRKPDGHNMTFALIE encoding is removed.

2026-06-03 17:12:52 - __main__ - INFO - Input matrix with WAITEPNLQHVRMGSYCKDF encoding is generated.
2026-06-03 17:16:39 - __main__ - INFO - WAITEPNLQHVRMGSYCKDF encoding is done for binary task with:
	-custom
		-f1: 0.8310542567269519
		-auroc: 0.744788222261288
	-resnet
		-f1: 0.8074592074592074
		-auroc: 0.7403333417045463
2026-06-03 17:16:39 - __main__ - INFO - Input matrix with WAITEPNLQHVRMGSYCKDF encoding is removed.

2026-06-03 17:16:51 - __main__ - INFO - Input matrix with KDVHMPTNQCAIREWFLYGS encoding is generated.
2026-06-03 17:20:38 - __main__ - INFO - KDVHMPTNQCAIREWFLYGS encoding is done for binary task with:
	-custom
		-f1: 0.835352175863616
		-auroc: 0.7586321158799121
	-resnet
		-f1: 0.7331838565022422
		-auroc: 0.7426389133049269
2026-06-03 17:20:38 - __main__ - INFO - Input matrix with KDVHMPTNQCAIREWFLYGS encoding is removed.

2026-06-03 17:20:50 - __main__ - INFO - Input matrix with PNYEHQKTGASCLDWMFVRI encoding is generated.
2026-06-03 17:24:36 - __main__ - INFO - PNYEHQKTGASCLDWMFVRI encoding is done for binary task with:
	-custom
		-f1: 0.8372911169744943
		-auroc: 0.7518221340454445
	-resnet
		-f1: 0.8305913739439751
		-auroc: 0.7479930016658713
2026-06-03 17:24:36 - __main__ - INFO - Input matrix with PNYEHQKTGASCLDWMFVRI encoding is removed.

2026-06-03 17:24:49 - __main__ - INFO - Input matrix with QLNRTMKPYGIHWESACVDF encoding is generated.
2026-06-03 17:28:36 - __main__ - INFO - QLNRTMKPYGIHWESACVDF encoding is done for binary task with:
	-custom
		-f1: 0.822841726618705
		-auroc: 0.7429619026093072
	-resnet
		-f1: 0.7900249376558603
		-auroc: 0.7511029073223001
2026-06-03 17:28:36 - __main__ - INFO - Input matrix with QLNRTMKPYGIHWESACVDF encoding is removed.

2026-06-03 17:28:48 - __main__ - INFO - Input matrix with HPINTLCQSKVAWRFMDEGY encoding is generated.
2026-06-03 17:32:37 - __main__ - INFO - HPINTLCQSKVAWRFMDEGY encoding is done for binary task with:
	-custom
		-f1: 0.8274044795783926
		-auroc: 0.7376657151387808
	-resnet
		-f1: 0.7870837537840565
		-auroc: 0.7530610735801725
2026-06-03 17:32:37 - __main__ - INFO - Input matrix with HPINTLCQSKVAWRFMDEGY encoding is removed.

2026-06-03 17:32:49 - __main__ - INFO - Input matrix with RKLSPQGIMCHADVETFNWY encoding is generated.
2026-06-03 17:36:37 - __main__ - INFO - RKLSPQGIMCHADVETFNWY encoding is done for binary task with:
	-custom
		-f1: 0.8267504488330341
		-auroc: 0.7473246998222512
	-resnet
		-f1: 0.823836450630709
		-auroc: 0.7280060328542208
2026-06-03 17:36:37 - __main__ - INFO - Input matrix with RKLSPQGIMCHADVETFNWY encoding is removed.

2026-06-03 17:36:50 - __main__ - INFO - Input matrix with MALKRNGSDQTECIHFYPWV encoding is generated.
2026-06-03 17:40:36 - __main__ - INFO - MALKRNGSDQTECIHFYPWV encoding is done for binary task with:
	-custom
		-f1: 0.8359929078014184
		-auroc: 0.7538249467730369
	-resnet
		-f1: 0.8155246765692381
		-auroc: 0.7636143828602202
2026-06-03 17:40:36 - __main__ - INFO - Input matrix with MALKRNGSDQTECIHFYPWV encoding is removed.

2026-06-03 17:40:48 - __main__ - INFO - Input matrix with MVFHRCENKAWPQSYDGILT encoding is generated.
2026-06-03 17:44:35 - __main__ - INFO - MVFHRCENKAWPQSYDGILT encoding is done for binary task with:
	-custom
		-f1: 0.8236865538735529
		-auroc: 0.739312053709703
	-resnet
		-f1: 0.8258426966292135
		-auroc: 0.7659750649466615
2026-06-03 17:44:35 - __main__ - INFO - Input matrix with MVFHRCENKAWPQSYDGILT encoding is removed.

2026-06-03 17:44:47 - __main__ - INFO - Input matrix with GDRHPVAWICYQEFKNMLST encoding is generated.
2026-06-03 17:48:35 - __main__ - INFO - GDRHPVAWICYQEFKNMLST encoding is done for binary task with:
	-custom
		-f1: 0.8363148479427549
		-auroc: 0.7584542276021218
	-resnet
		-f1: 0.8071188071188071
		-auroc: 0.7548887884343319
2026-06-03 17:48:35 - __main__ - INFO - Input matrix with GDRHPVAWICYQEFKNMLST encoding is removed.

2026-06-03 17:48:47 - __main__ - INFO - Input matrix with NEICVWFAMRHTGDLPSYKQ encoding is generated.
2026-06-03 17:52:34 - __main__ - INFO - NEICVWFAMRHTGDLPSYKQ encoding is done for binary task with:
	-custom
		-f1: 0.8365896980461812
		-auroc: 0.7554719829450486
	-resnet
		-f1: 0.7859358841778697
		-auroc: 0.7632097742283835
2026-06-03 17:52:34 - __main__ - INFO - Input matrix with NEICVWFAMRHTGDLPSYKQ encoding is removed.

2026-06-03 17:52:46 - __main__ - INFO - Input matrix with GNSIRQPCKHWEMYTLDFAV encoding is generated.
2026-06-03 17:56:35 - __main__ - INFO - GNSIRQPCKHWEMYTLDFAV encoding is done for binary task with:
	-custom
		-f1: 0.8364279398762158
		-auroc: 0.753157342530506
	-resnet
		-f1: 0.8252383113935542
		-auroc: 0.7507073675046252
2026-06-03 17:56:35 - __main__ - INFO - Input matrix with GNSIRQPCKHWEMYTLDFAV encoding is removed.

2026-06-03 17:56:48 - __main__ - INFO - Input matrix with GFQSLWTMCPVIHNDAREKY encoding is generated.
2026-06-03 18:00:35 - __main__ - INFO - GFQSLWTMCPVIHNDAREKY encoding is done for binary task with:
	-custom
		-f1: 0.8286604361370716
		-auroc: 0.7458116030593993
	-resnet
		-f1: 0.7506702412868632
		-auroc: 0.7402370727542129
2026-06-03 18:00:35 - __main__ - INFO - Input matrix with GFQSLWTMCPVIHNDAREKY encoding is removed.

2026-06-03 18:00:47 - __main__ - INFO - Input matrix with LYKENQFPWIGHATVCDRSM encoding is generated.
2026-06-03 18:04:33 - __main__ - INFO - LYKENQFPWIGHATVCDRSM encoding is done for binary task with:
	-custom
		-f1: 0.8338502436863092
		-auroc: 0.7507087627068039
	-resnet
		-f1: 0.8108108108108109
		-auroc: 0.7610765100970782
2026-06-03 18:04:33 - __main__ - INFO - Input matrix with LYKENQFPWIGHATVCDRSM encoding is removed.

2026-06-03 18:04:45 - __main__ - INFO - Input matrix with PWNCIYETDVRGAQSFLHKM encoding is generated.
2026-06-03 18:08:32 - __main__ - INFO - PWNCIYETDVRGAQSFLHKM encoding is done for binary task with:
	-custom
		-f1: 0.8235294117647058
		-auroc: 0.7432290838265373
	-resnet
		-f1: 0.7575442247658689
		-auroc: 0.7332938491116747
2026-06-03 18:08:32 - __main__ - INFO - Input matrix with PWNCIYETDVRGAQSFLHKM encoding is removed.

2026-06-03 18:08:44 - __main__ - INFO - Input matrix with LSEWQKFPGICTARVHNMYD encoding is generated.
2026-06-03 18:12:33 - __main__ - INFO - LSEWQKFPGICTARVHNMYD encoding is done for binary task with:
	-custom
		-f1: 0.825368468066101
		-auroc: 0.7430958420184669
	-resnet
		-f1: 0.8287885561019223
		-auroc: 0.7481262434739417
2026-06-03 18:12:33 - __main__ - INFO - Input matrix with LSEWQKFPGICTARVHNMYD encoding is removed.

2026-06-03 18:12:46 - __main__ - INFO - Input matrix with WYLRTMVQIKGSCFPNEAHD encoding is generated.
2026-06-03 18:16:33 - __main__ - INFO - WYLRTMVQIKGSCFPNEAHD encoding is done for binary task with:
	-custom
		-f1: 0.8293333333333334
		-auroc: 0.7460787842766295
	-resnet
		-f1: 0.8022143935581278
		-auroc: 0.7699332535277688
2026-06-03 18:16:33 - __main__ - INFO - Input matrix with WYLRTMVQIKGSCFPNEAHD encoding is removed.

2026-06-03 18:16:45 - __main__ - INFO - Input matrix with CWKRMSTDGLAYQIFPHVEN encoding is generated.
2026-06-03 18:20:32 - __main__ - INFO - CWKRMSTDGLAYQIFPHVEN encoding is done for binary task with:
	-custom
		-f1: 0.8330388692579506
		-auroc: 0.7481269410750311
	-resnet
		-f1: 0.8246721709567751
		-auroc: 0.7811534694492579
2026-06-03 18:20:32 - __main__ - INFO - Input matrix with CWKRMSTDGLAYQIFPHVEN encoding is removed.

2026-06-03 18:20:45 - __main__ - INFO - Input matrix with RMAFYKQTLSDNEWVGIHPC encoding is generated.
2026-06-03 18:24:31 - __main__ - INFO - RMAFYKQTLSDNEWVGIHPC encoding is done for binary task with:
	-custom
		-f1: 0.8300711743772242
		-auroc: 0.7475032857011308
	-resnet
		-f1: 0.7840848806366048
		-auroc: 0.772868758911854
2026-06-03 18:24:31 - __main__ - INFO - Input matrix with RMAFYKQTLSDNEWVGIHPC encoding is removed.

2026-06-03 18:24:44 - __main__ - INFO - Input matrix with FNIWGKPMCALHYTQSRVED encoding is generated.
2026-06-03 18:28:32 - __main__ - INFO - FNIWGKPMCALHYTQSRVED encoding is done for binary task with:
	-custom
		-f1: 0.8331854480922803
		-auroc: 0.7504415814895736
	-resnet
		-f1: 0.8165350673478867
		-auroc: 0.7502609028074259
2026-06-03 18:28:32 - __main__ - INFO - Input matrix with FNIWGKPMCALHYTQSRVED encoding is removed.

2026-06-03 18:28:44 - __main__ - INFO - Input matrix with THGSWNYREPMKLFCVDIQA encoding is generated.
2026-06-03 18:32:31 - __main__ - INFO - THGSWNYREPMKLFCVDIQA encoding is done for binary task with:
	-custom
		-f1: 0.8306878306878307
		-auroc: 0.7440759715490373
	-resnet
		-f1: 0.8351648351648352
		-auroc: 0.7487059499792116
2026-06-03 18:32:31 - __main__ - INFO - Input matrix with THGSWNYREPMKLFCVDIQA encoding is removed.

2026-06-03 18:32:44 - __main__ - INFO - Input matrix with FYNSCIHADVEQPWGMTLRK encoding is generated.
2026-06-03 18:36:32 - __main__ - INFO - FYNSCIHADVEQPWGMTLRK encoding is done for binary task with:
	-custom
		-f1: 0.8276785714285714
		-auroc: 0.7459894913371896
	-resnet
		-f1: 0.7296849087893864
		-auroc: 0.7320444455606062
2026-06-03 18:36:32 - __main__ - INFO - Input matrix with FYNSCIHADVEQPWGMTLRK encoding is removed.

2026-06-03 18:36:44 - __main__ - INFO - Input matrix with CGAMDQYNIFKPETSVWHRL encoding is generated.
2026-06-03 18:40:32 - __main__ - INFO - CGAMDQYNIFKPETSVWHRL encoding is done for binary task with:
	-custom
		-f1: 0.8314210061782877
		-auroc: 0.7455004729735386
	-resnet
		-f1: 0.8293595137914913
		-auroc: 0.7698481461948652
2026-06-03 18:40:32 - __main__ - INFO - Input matrix with CGAMDQYNIFKPETSVWHRL encoding is removed.

2026-06-03 18:40:45 - __main__ - INFO - Input matrix with CPQTWLKDGMVAEYRINSHF encoding is generated.
2026-06-03 18:44:32 - __main__ - INFO - CPQTWLKDGMVAEYRINSHF encoding is done for binary task with:
	-custom
		-f1: 0.8353982300884956
		-auroc: 0.7521779106010251
	-resnet
		-f1: 0.7927565392354124
		-auroc: 0.7584033027225975
2026-06-03 18:44:32 - __main__ - INFO - Input matrix with CPQTWLKDGMVAEYRINSHF encoding is removed.

2026-06-03 18:44:45 - __main__ - INFO - Input matrix with QRTSMCFILGPVYNHWKEDA encoding is generated.
2026-06-03 18:48:33 - __main__ - INFO - QRTSMCFILGPVYNHWKEDA encoding is done for binary task with:
	-custom
		-f1: 0.8357271095152603
		-auroc: 0.7593443665921629
	-resnet
		-f1: 0.8001988071570576
		-auroc: 0.7617427191374302
2026-06-03 18:48:33 - __main__ - INFO - Input matrix with QRTSMCFILGPVYNHWKEDA encoding is removed.

2026-06-03 18:48:45 - __main__ - INFO - Input matrix with SDCVTEWAGNHFMILYRQPK encoding is generated.
2026-06-03 18:52:33 - __main__ - INFO - SDCVTEWAGNHFMILYRQPK encoding is done for binary task with:
	-custom
		-f1: 0.8373333333333334
		-auroc: 0.75689648436955
	-resnet
		-f1: 0.8125894134477826
		-auroc: 0.7576938424147043
2026-06-03 18:52:33 - __main__ - INFO - Input matrix with SDCVTEWAGNHFMILYRQPK encoding is removed.

2026-06-03 18:52:45 - __main__ - INFO - Input matrix with NEKQMTLVGRAFDIPYWSHC encoding is generated.
2026-06-03 18:56:33 - __main__ - INFO - NEKQMTLVGRAFDIPYWSHC encoding is done for binary task with:
	-custom
		-f1: 0.8287885561019223
		-auroc: 0.7481262434739417
	-resnet
		-f1: 0.8296362023070097
		-auroc: 0.745633714781609
2026-06-03 18:56:33 - __main__ - INFO - Input matrix with NEKQMTLVGRAFDIPYWSHC encoding is removed.

2026-06-03 18:56:45 - __main__ - INFO - Input matrix with HIKTFYLDPAGMCVNEWSRQ encoding is generated.
2026-06-03 19:00:31 - __main__ - INFO - HIKTFYLDPAGMCVNEWSRQ encoding is done for binary task with:
	-custom
		-f1: 0.83311199645861
		-auroc: 0.7492842612823023
	-resnet
		-f1: 0.8233134465351079
		-auroc: 0.7533777844747482
2026-06-03 19:00:31 - __main__ - INFO - Input matrix with HIKTFYLDPAGMCVNEWSRQ encoding is removed.

2026-06-03 19:00:44 - __main__ - INFO - Input matrix with CMEDAKVQGNHIYSLTWFPR encoding is generated.
2026-06-03 19:04:32 - __main__ - INFO - CMEDAKVQGNHIYSLTWFPR encoding is done for binary task with:
	-custom
		-f1: 0.8342151675485009
		-auroc: 0.7488838382570019
	-resnet
		-f1: 0.7670212765957447
		-auroc: 0.7547946122872666
2026-06-03 19:04:32 - __main__ - INFO - Input matrix with CMEDAKVQGNHIYSLTWFPR encoding is removed.

2026-06-03 19:04:44 - __main__ - INFO - Input matrix with VYQTRNHIEAFKMLSDGPCW encoding is generated.
2026-06-03 19:08:33 - __main__ - INFO - VYQTRNHIEAFKMLSDGPCW encoding is done for binary task with:
	-custom
		-f1: 0.8266309204647007
		-auroc: 0.7450100594077087
	-resnet
		-f1: 0.8084905660377358
		-auroc: 0.7473219094178939
2026-06-03 19:08:33 - __main__ - INFO - Input matrix with VYQTRNHIEAFKMLSDGPCW encoding is removed.

2026-06-03 19:08:45 - __main__ - INFO - Input matrix with HNTQYKVCPWRMGEIAFDSL encoding is generated.
2026-06-03 19:12:31 - __main__ - INFO - HNTQYKVCPWRMGEIAFDSL encoding is done for binary task with:
	-custom
		-f1: 0.825368468066101
		-auroc: 0.7430958420184669
	-resnet
		-f1: 0.6200873362445415
		-auroc: 0.6828475239346934
2026-06-03 19:12:31 - __main__ - INFO - Input matrix with HNTQYKVCPWRMGEIAFDSL encoding is removed.

2026-06-03 19:12:44 - __main__ - INFO - Input matrix with ITWCLYPVDQKFNEGHMASR encoding is generated.
2026-06-03 19:16:32 - __main__ - INFO - ITWCLYPVDQKFNEGHMASR encoding is done for binary task with:
	-custom
		-f1: 0.8238434163701067
		-auroc: 0.7390895189621929
	-resnet
		-f1: 0.7229994404029099
		-auroc: 0.7308864277522455
2026-06-03 19:16:32 - __main__ - INFO - Input matrix with ITWCLYPVDQKFNEGHMASR encoding is removed.

2026-06-03 19:16:45 - __main__ - INFO - Input matrix with NEYFMLWRPKSVHQTICDAG encoding is generated.
2026-06-03 19:20:36 - __main__ - INFO - NEYFMLWRPKSVHQTICDAG encoding is done for binary task with:
	-custom
		-f1: 0.831639416703491
		-auroc: 0.7464352584332996
	-resnet
		-f1: 0.8308996702779087
		-auroc: 0.7752343242059208
2026-06-03 19:20:36 - __main__ - INFO - Input matrix with NEYFMLWRPKSVHQTICDAG encoding is removed.

2026-06-03 19:20:49 - __main__ - INFO - Input matrix with GTAFLNCPISWKEVHMYDQR encoding is generated.
2026-06-03 19:24:37 - __main__ - INFO - GTAFLNCPISWKEVHMYDQR encoding is done for binary task with:
	-custom
		-f1: 0.8292465448060633
		-auroc: 0.7474586392314111
	-resnet
		-f1: 0.8311320754716981
		-auroc: 0.7761691096656815
2026-06-03 19:24:37 - __main__ - INFO - Input matrix with GTAFLNCPISWKEVHMYDQR encoding is removed.

2026-06-03 19:24:49 - __main__ - INFO - Input matrix with IWARPCTGESDFHLQMNYVK encoding is generated.
2026-06-03 19:28:36 - __main__ - INFO - IWARPCTGESDFHLQMNYVK encoding is done for binary task with:
	-custom
		-f1: 0.8323851203501094
		-auroc: 0.7427854095336957
	-resnet
		-f1: 0.8319559228650137
		-auroc: 0.7649077352799193
2026-06-03 19:28:36 - __main__ - INFO - Input matrix with IWARPCTGESDFHLQMNYVK encoding is removed.

2026-06-03 19:28:48 - __main__ - INFO - Input matrix with MTGFIADWYLSHCERNPKVQ encoding is generated.
2026-06-03 19:32:36 - __main__ - INFO - MTGFIADWYLSHCERNPKVQ encoding is done for binary task with:
	-custom
		-f1: 0.818305391934753
		-auroc: 0.7406465645936753
	-resnet
		-f1: 0.7027649769585254
		-auroc: 0.7239404137053499
2026-06-03 19:32:36 - __main__ - INFO - Input matrix with MTGFIADWYLSHCERNPKVQ encoding is removed.

2026-06-03 19:32:48 - __main__ - INFO - Input matrix with WDKHALNFMRYEVGICPTQS encoding is generated.
2026-06-03 19:36:36 - __main__ - INFO - WDKHALNFMRYEVGICPTQS encoding is done for binary task with:
	-custom
		-f1: 0.8302055406613047
		-auroc: 0.7498179261156734
	-resnet
		-f1: 0.8269149386373255
		-auroc: 0.7184809875799102
2026-06-03 19:36:36 - __main__ - INFO - Input matrix with WDKHALNFMRYEVGICPTQS encoding is removed.

2026-06-03 19:36:49 - __main__ - INFO - Input matrix with PEAHVCIKTNFMSQGWDYLR encoding is generated.
2026-06-03 19:40:36 - __main__ - INFO - PEAHVCIKTNFMSQGWDYLR encoding is done for binary task with:
	-custom
		-f1: 0.8290941543953592
		-auroc: 0.7476811739789213
	-resnet
		-f1: 0.8191304347826087
		-auroc: 0.7212839487570144
2026-06-03 19:40:36 - __main__ - INFO - Input matrix with PEAHVCIKTNFMSQGWDYLR encoding is removed.

2026-06-03 19:40:48 - __main__ - INFO - Input matrix with CNFLMWHQETPVGSARDYKI encoding is generated.
2026-06-03 19:44:37 - __main__ - INFO - CNFLMWHQETPVGSARDYKI encoding is done for binary task with:
	-custom
		-f1: 0.8232682060390764
		-auroc: 0.7374424827901811
	-resnet
		-f1: 0.8146868250539957
		-auroc: 0.7118021547502449
2026-06-03 19:44:37 - __main__ - INFO - Input matrix with CNFLMWHQETPVGSARDYKI encoding is removed.

2026-06-03 19:44:49 - __main__ - INFO - Input matrix with FHSPTARKWLMYQGCINVDE encoding is generated.
2026-06-03 19:49:00 - __main__ - INFO - FHSPTARKWLMYQGCINVDE encoding is done for binary task with:
	-custom
		-f1: 0.8361879666227492
		-auroc: 0.7496853819086924
	-resnet
		-f1: 0.806607574536664
		-auroc: 0.6625703530698633
2026-06-03 19:49:00 - __main__ - INFO - Input matrix with FHSPTARKWLMYQGCINVDE encoding is removed.

2026-06-03 19:49:12 - __main__ - INFO - Input matrix with RNWCFAEMYKDGIQHTSVLP encoding is generated.
2026-06-03 19:52:59 - __main__ - INFO - RNWCFAEMYKDGIQHTSVLP encoding is done for binary task with:
	-custom
		-f1: 0.8258178603006189
		-auroc: 0.7387337424066123
	-resnet
		-f1: 0.7147688838782412
		-auroc: 0.7257220868876109
2026-06-03 19:52:59 - __main__ - INFO - Input matrix with RNWCFAEMYKDGIQHTSVLP encoding is removed.

2026-06-03 19:53:11 - __main__ - INFO - Input matrix with TWAVECDPHQIYLKFNRMGS encoding is generated.
2026-06-03 19:56:58 - __main__ - INFO - TWAVECDPHQIYLKFNRMGS encoding is done for binary task with:
	-custom
		-f1: 0.8345132743362832
		-auroc: 0.750975943924034
	-resnet
		-f1: 0.8017928286852589
		-auroc: 0.7645917219864329
2026-06-03 19:56:58 - __main__ - INFO - Input matrix with TWAVECDPHQIYLKFNRMGS encoding is removed.

2026-06-03 19:57:10 - __main__ - INFO - Input matrix with YPLQEMNDRTFKSAVCWIHG encoding is generated.
2026-06-03 20:00:57 - __main__ - INFO - YPLQEMNDRTFKSAVCWIHG encoding is done for binary task with:
	-custom
		-f1: 0.8235294117647058
		-auroc: 0.7432290838265373
	-resnet
		-f1: 0.7530026109660575
		-auroc: 0.7298658373584915
2026-06-03 20:00:57 - __main__ - INFO - Input matrix with YPLQEMNDRTFKSAVCWIHG encoding is removed.

2026-06-03 20:01:09 - __main__ - INFO - Input matrix with CGYNQLWPHMFAKVRDSEIT encoding is generated.
2026-06-03 20:04:57 - __main__ - INFO - CGYNQLWPHMFAKVRDSEIT encoding is done for binary task with:
	-custom
		-f1: 0.8275245755138516
		-auroc: 0.7462120260846998
	-resnet
		-f1: 0.8138124125058329
		-auroc: 0.7489696431909948
2026-06-03 20:04:57 - __main__ - INFO - Input matrix with CGYNQLWPHMFAKVRDSEIT encoding is removed.

2026-06-03 20:05:10 - __main__ - INFO - Input matrix with LNGPTICVRAHKQSEDFYWM encoding is generated.
2026-06-03 20:08:58 - __main__ - INFO - LNGPTICVRAHKQSEDFYWM encoding is done for binary task with:
	-custom
		-f1: 0.8362030905077262
		-auroc: 0.752222557070745
	-resnet
		-f1: 0.835820895522388
		-auroc: 0.777104592726532
2026-06-03 20:08:58 - __main__ - INFO - Input matrix with LNGPTICVRAHKQSEDFYWM encoding is removed.

2026-06-03 20:09:11 - __main__ - INFO - Input matrix with SIGCQPRFAVWKHYTDMENL encoding is generated.
2026-06-03 20:12:59 - __main__ - INFO - SIGCQPRFAVWKHYTDMENL encoding is done for binary task with:
	-custom
		-f1: 0.830255057167986
		-auroc: 0.7422064006295152
	-resnet
		-f1: 0.8169663439372983
		-auroc: 0.7472786581503527
2026-06-03 20:12:59 - __main__ - INFO - Input matrix with SIGCQPRFAVWKHYTDMENL encoding is removed.

2026-06-03 20:13:11 - __main__ - INFO - Input matrix with QEKPYLFACDMSIVRHWTGN encoding is generated.
2026-06-03 20:16:59 - __main__ - INFO - QEKPYLFACDMSIVRHWTGN encoding is done for binary task with:
	-custom
		-f1: 0.8397150489759573
		-auroc: 0.760947453895544
	-resnet
		-f1: 0.8227082363890181
		-auroc: 0.7591197390413844
2026-06-03 20:16:59 - __main__ - INFO - Input matrix with QEKPYLFACDMSIVRHWTGN encoding is removed.

2026-06-03 20:17:12 - __main__ - INFO - Input matrix with LRYVWNFHCGMKTSADQPIE encoding is generated.
2026-06-03 20:20:59 - __main__ - INFO - LRYVWNFHCGMKTSADQPIE encoding is done for binary task with:
	-custom
		-f1: 0.8268892794376098
		-auroc: 0.7371759991740403
	-resnet
		-f1: 0.8292682926829268
		-auroc: 0.7273837726824994
2026-06-03 20:20:59 - __main__ - INFO - Input matrix with LRYVWNFHCGMKTSADQPIE encoding is removed.

2026-06-03 20:21:12 - __main__ - INFO - Input matrix with LQMTRSKAIVGDCNWYFPEH encoding is generated.
2026-06-03 20:25:01 - __main__ - INFO - LQMTRSKAIVGDCNWYFPEH encoding is done for binary task with:
	-custom
		-f1: 0.829443447037702
		-auroc: 0.7509305998532247
	-resnet
		-f1: 0.8298328332618946
		-auroc: 0.7290308088545111
2026-06-03 20:25:01 - __main__ - INFO - Input matrix with LQMTRSKAIVGDCNWYFPEH encoding is removed.

2026-06-03 20:25:14 - __main__ - INFO - Input matrix with KTFWNHPVCDSYMEAIRLGQ encoding is generated.
2026-06-03 20:29:02 - __main__ - INFO - KTFWNHPVCDSYMEAIRLGQ encoding is done for binary task with:
	-custom
		-f1: 0.8275555555555556
		-auroc: 0.7436748509226473
	-resnet
		-f1: 0.8192879675529517
		-auroc: 0.7393113561086136
2026-06-03 20:29:02 - __main__ - INFO - Input matrix with KTFWNHPVCDSYMEAIRLGQ encoding is removed.

2026-06-03 20:29:14 - __main__ - INFO - Input matrix with PLKQIDMGWESNFTRHAVYC encoding is generated.
2026-06-03 20:33:03 - __main__ - INFO - PLKQIDMGWESNFTRHAVYC encoding is done for binary task with:
	-custom
		-f1: 0.8324420677361853
		-auroc: 0.7515542552271249
	-resnet
		-f1: 0.8070013818516812
		-auroc: 0.7338344899559396
2026-06-03 20:33:03 - __main__ - INFO - Input matrix with PLKQIDMGWESNFTRHAVYC encoding is removed.

2026-06-03 20:33:15 - __main__ - INFO - Input matrix with GHFQRWETVYLIADNMCPKS encoding is generated.
2026-06-03 20:37:03 - __main__ - INFO - GHFQRWETVYLIADNMCPKS encoding is done for binary task with:
	-custom
		-f1: 0.8337825696316262
		-auroc: 0.7571629679856908
	-resnet
		-f1: 0.818889970788705
		-auroc: 0.7750989895945821
2026-06-03 20:37:03 - __main__ - INFO - Input matrix with GHFQRWETVYLIADNMCPKS encoding is removed.

2026-06-03 20:37:15 - __main__ - INFO - Input matrix with VPDQKECGTSMFYNIALHRW encoding is generated.
2026-06-03 20:41:03 - __main__ - INFO - VPDQKECGTSMFYNIALHRW encoding is done for binary task with:
	-custom
		-f1: 0.8434476693051891
		-auroc: 0.7602359007843826
	-resnet
		-f1: 0.7513631406761178
		-auroc: 0.7490952113870821
2026-06-03 20:41:03 - __main__ - INFO - Input matrix with VPDQKECGTSMFYNIALHRW encoding is removed.

2026-06-03 20:41:16 - __main__ - INFO - Input matrix with YWIFMQDKRVETNAGPSLCH encoding is generated.
2026-06-03 20:45:05 - __main__ - INFO - YWIFMQDKRVETNAGPSLCH encoding is done for binary task with:
	-custom
		-f1: 0.8295964125560538
		-auroc: 0.7507080651057144
	-resnet
		-f1: 0.7295313382269905
		-auroc: 0.742282439148257
2026-06-03 20:45:05 - __main__ - INFO - Input matrix with YWIFMQDKRVETNAGPSLCH encoding is removed.

2026-06-03 20:45:19 - __main__ - INFO - Input matrix with CPMYKARVTFHQEDINSGWL encoding is generated.
2026-06-03 20:49:06 - __main__ - INFO - CPMYKARVTFHQEDINSGWL encoding is done for binary task with:
	-custom
		-f1: 0.8239467849223947
		-auroc: 0.7377096640074113
	-resnet
		-f1: 0.8048192771084337
		-auroc: 0.7529299245753702
2026-06-03 20:49:06 - __main__ - INFO - Input matrix with CPMYKARVTFHQEDINSGWL encoding is removed.

2026-06-03 20:49:19 - __main__ - INFO - Input matrix with FHQVSKEYWCLRAIGTNDPM encoding is generated.
2026-06-03 20:53:06 - __main__ - INFO - FHQVSKEYWCLRAIGTNDPM encoding is done for binary task with:
	-custom
		-f1: 0.8367166813768756
		-auroc: 0.7527122730354855
	-resnet
		-f1: 0.8233319345362988
		-auroc: 0.7090438400428607
2026-06-03 20:53:06 - __main__ - INFO - Input matrix with FHQVSKEYWCLRAIGTNDPM encoding is removed.

2026-06-03 20:53:19 - __main__ - INFO - Input matrix with TIHCGAVYMKQRDLWFPSEN encoding is generated.
2026-06-03 20:57:06 - __main__ - INFO - TIHCGAVYMKQRDLWFPSEN encoding is done for binary task with:
	-custom
		-f1: 0.8312720848056537
		-auroc: 0.7457230077210488
	-resnet
		-f1: 0.8224471021159153
		-auroc: 0.7533331380050283
2026-06-03 20:57:06 - __main__ - INFO - Input matrix with TIHCGAVYMKQRDLWFPSEN encoding is removed.

2026-06-03 20:57:19 - __main__ - INFO - Input matrix with QSFCAEGWVNLIHYMRTPDK encoding is generated.
2026-06-03 21:01:07 - __main__ - INFO - QSFCAEGWVNLIHYMRTPDK encoding is done for binary task with:
	-custom
		-f1: 0.8446601941747572
		-auroc: 0.763529973128406
	-resnet
		-f1: 0.8123222748815165
		-auroc: 0.7544444165404008
2026-06-03 21:01:07 - __main__ - INFO - Input matrix with QSFCAEGWVNLIHYMRTPDK encoding is removed.

2026-06-03 21:01:20 - __main__ - INFO - Input matrix with TLCDSIQMFRGPEWNKAVHY encoding is generated.
2026-06-03 21:05:07 - __main__ - INFO - TLCDSIQMFRGPEWNKAVHY encoding is done for binary task with:
	-custom
		-f1: 0.8292465448060633
		-auroc: 0.7474586392314111
	-resnet
		-f1: 0.7271714922048997
		-auroc: 0.7328899380809274
2026-06-03 21:05:07 - __main__ - INFO - Input matrix with TLCDSIQMFRGPEWNKAVHY encoding is removed.

2026-06-03 21:05:20 - __main__ - INFO - Input matrix with DRYEIHVFMASKLCGPTNWQ encoding is generated.
2026-06-03 21:09:09 - __main__ - INFO - DRYEIHVFMASKLCGPTNWQ encoding is done for binary task with:
	-custom
		-f1: 0.8258928571428571
		-auroc: 0.7435855579832072
	-resnet
		-f1: 0.7497243660418964
		-auroc: 0.752522525539176
2026-06-03 21:09:09 - __main__ - INFO - Input matrix with DRYEIHVFMASKLCGPTNWQ encoding is removed.

2026-06-03 21:09:22 - __main__ - INFO - Input matrix with YMRCDNHQGKLWVIAFESPT encoding is generated.
2026-06-03 21:13:09 - __main__ - INFO - YMRCDNHQGKLWVIAFESPT encoding is done for binary task with:
	-custom
		-f1: 0.8390856118332586
		-auroc: 0.7632174478403665
	-resnet
		-f1: 0.8224554997717937
		-auroc: 0.7496386426357043
2026-06-03 21:13:09 - __main__ - INFO - Input matrix with YMRCDNHQGKLWVIAFESPT encoding is removed.

2026-06-03 21:13:21 - __main__ - INFO - Input matrix with FPVCSGMKTRNIQDEWLHYA encoding is generated.
2026-06-03 21:17:09 - __main__ - INFO - FPVCSGMKTRNIQDEWLHYA encoding is done for binary task with:
	-custom
		-f1: 0.8331108144192256
		-auroc: 0.7518214364443553
	-resnet
		-f1: 0.6125554850982878
		-auroc: 0.6845385089753356
2026-06-03 21:17:09 - __main__ - INFO - Input matrix with FPVCSGMKTRNIQDEWLHYA encoding is removed.

2026-06-03 21:17:21 - __main__ - INFO - Input matrix with LIQGPCTSKERDNWAHFMYV encoding is generated.
2026-06-03 21:21:28 - __main__ - INFO - LIQGPCTSKERDNWAHFMYV encoding is done for binary task with:
	-custom
		-f1: 0.8390243902439024
		-auroc: 0.7581430975162611
	-resnet
		-f1: 0.8036437246963563
		-auroc: 0.774162111331553
2026-06-03 21:21:28 - __main__ - INFO - Input matrix with LIQGPCTSKERDNWAHFMYV encoding is removed.

2026-06-03 21:21:40 - __main__ - INFO - Input matrix with FVNLTAMPWDYQSKCGEHIR encoding is generated.
2026-06-03 21:25:31 - __main__ - INFO - FVNLTAMPWDYQSKCGEHIR encoding is done for binary task with:
	-custom
		-f1: 0.8349935036812473
		-auroc: 0.7413169592405636
	-resnet
		-f1: 0.8296500920810314
		-auroc: 0.7631714061684679
2026-06-03 21:25:31 - __main__ - INFO - Input matrix with FVNLTAMPWDYQSKCGEHIR encoding is removed.

2026-06-03 21:25:43 - __main__ - INFO - Input matrix with WATEFLQGMICDRYVNKHPS encoding is generated.
2026-06-03 21:29:34 - __main__ - INFO - WATEFLQGMICDRYVNKHPS encoding is done for binary task with:
	-custom
		-f1: 0.8342151675485009
		-auroc: 0.7488838382570019
	-resnet
		-f1: 0.8253968253968254
		-auroc: 0.7777261552971642
2026-06-03 21:29:34 - __main__ - INFO - Input matrix with WATEFLQGMICDRYVNKHPS encoding is removed.

2026-06-03 21:29:46 - __main__ - INFO - Input matrix with YNVEDCFQAMWGRKHSLITP encoding is generated.
2026-06-03 21:33:36 - __main__ - INFO - YNVEDCFQAMWGRKHSLITP encoding is done for binary task with:
	-custom
		-f1: 0.8307967770814683
		-auroc: 0.7514649622876851
	-resnet
		-f1: 0.7301587301587301
		-auroc: 0.7448642607800297
2026-06-03 21:33:36 - __main__ - INFO - Input matrix with YNVEDCFQAMWGRKHSLITP encoding is removed.

2026-06-03 21:33:49 - __main__ - INFO - Input matrix with QAFSCDVNIPKTLEYRMWHG encoding is generated.
2026-06-03 21:37:38 - __main__ - INFO - QAFSCDVNIPKTLEYRMWHG encoding is done for binary task with:
	-custom
		-f1: 0.831029870708872
		-auroc: 0.7498625725853935
	-resnet
		-f1: 0.8320738874895046
		-auroc: 0.721775757525023
2026-06-03 21:37:38 - __main__ - INFO - Input matrix with QAFSCDVNIPKTLEYRMWHG encoding is removed.

2026-06-03 21:37:51 - __main__ - INFO - Input matrix with IEQYAVKRLHSMNDFCGPTW encoding is generated.
2026-06-03 21:41:39 - __main__ - INFO - IEQYAVKRLHSMNDFCGPTW encoding is done for binary task with:
	-custom
		-f1: 0.8337801608579088
		-auroc: 0.7546257928236381
	-resnet
		-f1: 0.8177589852008457
		-auroc: 0.7050368193854971
2026-06-03 21:41:39 - __main__ - INFO - Input matrix with IEQYAVKRLHSMNDFCGPTW encoding is removed.

2026-06-03 21:41:52 - __main__ - INFO - Input matrix with QATPWEHRKGLVFDNYCSMI encoding is generated.
2026-06-03 21:45:41 - __main__ - INFO - QATPWEHRKGLVFDNYCSMI encoding is done for binary task with:
	-custom
		-f1: 0.8360728565082186
		-auroc: 0.7549822669803081
	-resnet
		-f1: 0.8201982067012742
		-auroc: 0.7624577602540384
2026-06-03 21:45:41 - __main__ - INFO - Input matrix with QATPWEHRKGLVFDNYCSMI encoding is removed.

2026-06-03 21:45:54 - __main__ - INFO - Input matrix with AGVDLRMWFIYTSPCKHNEQ encoding is generated.
2026-06-03 21:49:46 - __main__ - INFO - AGVDLRMWFIYTSPCKHNEQ encoding is done for binary task with:
	-custom
		-f1: 0.8300044385264093
		-auroc: 0.7463459654938596
	-resnet
		-f1: 0.7546766435061465
		-auroc: 0.7431753685426555
2026-06-03 21:49:46 - __main__ - INFO - Input matrix with AGVDLRMWFIYTSPCKHNEQ encoding is removed.

2026-06-03 21:49:59 - __main__ - INFO - Input matrix with KWMGQSVFALIPDEHCNRTY encoding is generated.
2026-06-03 21:53:49 - __main__ - INFO - KWMGQSVFALIPDEHCNRTY encoding is done for binary task with:
	-custom
		-f1: 0.8340847610459874
		-auroc: 0.7592550736527229
	-resnet
		-f1: 0.8362831858407079
		-auroc: 0.7533798772780164
2026-06-03 21:53:49 - __main__ - INFO - Input matrix with KWMGQSVFALIPDEHCNRTY encoding is removed.

2026-06-03 21:54:02 - __main__ - INFO - Input matrix with AVYTGCRLNPFIDKEHMSQW encoding is generated.
2026-06-03 21:57:53 - __main__ - INFO - AVYTGCRLNPFIDKEHMSQW encoding is done for binary task with:
	-custom
		-f1: 0.8321554770318021
		-auroc: 0.7469249743980401
	-resnet
		-f1: 0.8184948352188883
		-auroc: 0.7792385544589266
2026-06-03 21:57:53 - __main__ - INFO - Input matrix with AVYTGCRLNPFIDKEHMSQW encoding is removed.

2026-06-03 21:58:06 - __main__ - INFO - Input matrix with YKNGIAQETPHSCWMVLRFD encoding is generated.
2026-06-03 22:01:57 - __main__ - INFO - YKNGIAQETPHSCWMVLRFD encoding is done for binary task with:
	-custom
		-f1: 0.8317715305667113
		-auroc: 0.7512870740098948
	-resnet
		-f1: 0.8319290465631929
		-auroc: 0.7485273641003318
2026-06-03 22:01:57 - __main__ - INFO - Input matrix with YKNGIAQETPHSCWMVLRFD encoding is removed.

2026-06-03 22:02:10 - __main__ - INFO - Input matrix with DMGVYPIFQLARHTCSKWEN encoding is generated.
2026-06-03 22:06:02 - __main__ - INFO - DMGVYPIFQLARHTCSKWEN encoding is done for binary task with:
	-custom
		-f1: 0.8333333333333334
		-auroc: 0.7552933970661689
	-resnet
		-f1: 0.7732342007434945
		-auroc: 0.7610716268894525
2026-06-03 22:06:02 - __main__ - INFO - Input matrix with DMGVYPIFQLARHTCSKWEN encoding is removed.

2026-06-03 22:06:15 - __main__ - INFO - Input matrix with NEQVIYFMTWSLKHCPAGDR encoding is generated.
2026-06-03 22:10:07 - __main__ - INFO - NEQVIYFMTWSLKHCPAGDR encoding is done for binary task with:
	-custom
		-f1: 0.8285714285714286
		-auroc: 0.7471914580141809
	-resnet
		-f1: 0.8221626452189454
		-auroc: 0.7390002260227528
2026-06-03 22:10:07 - __main__ - INFO - Input matrix with NEQVIYFMTWSLKHCPAGDR encoding is removed.

2026-06-03 22:10:20 - __main__ - INFO - Input matrix with WGTRCHIMDVLKANEYQFSP encoding is generated.
2026-06-03 22:14:13 - __main__ - INFO - WGTRCHIMDVLKANEYQFSP encoding is done for binary task with:
	-custom
		-f1: 0.8245376635092467
		-auroc: 0.7467456909180709
	-resnet
		-f1: 0.8295706064630367
		-auroc: 0.7444763945743378
2026-06-03 22:14:13 - __main__ - INFO - Input matrix with WGTRCHIMDVLKANEYQFSP encoding is removed.

2026-06-03 22:14:25 - __main__ - INFO - Input matrix with LTAEKFHVINYRQCSMDGPW encoding is generated.
2026-06-03 22:18:17 - __main__ - INFO - LTAEKFHVINYRQCSMDGPW encoding is done for binary task with:
	-custom
		-f1: 0.8321492007104796
		-auroc: 0.7494621495600927
	-resnet
		-f1: 0.765979381443299
		-auroc: 0.7385028364460294
2026-06-03 22:18:17 - __main__ - INFO - Input matrix with LTAEKFHVINYRQCSMDGPW encoding is removed.

2026-06-03 22:18:30 - __main__ - INFO - Input matrix with TKMLVPGSNFYDCAEWQRHI encoding is generated.
2026-06-03 22:22:21 - __main__ - INFO - TKMLVPGSNFYDCAEWQRHI encoding is done for binary task with:
	-custom
		-f1: 0.8260869565217391
		-auroc: 0.7408258480736444
	-resnet
		-f1: 0.8188904172397983
		-auroc: 0.7471454163422822
2026-06-03 22:22:21 - __main__ - INFO - Input matrix with TKMLVPGSNFYDCAEWQRHI encoding is removed.

2026-06-03 22:22:34 - __main__ - INFO - Input matrix with APISQTHLYEKMNRDCGWVF encoding is generated.
2026-06-03 22:26:27 - __main__ - INFO - APISQTHLYEKMNRDCGWVF encoding is done for binary task with:
	-custom
		-f1: 0.8303886925795053
		-auroc: 0.7445210410440577
	-resnet
		-f1: 0.7432357813362783
		-auroc: 0.7462455109369898
2026-06-03 22:26:27 - __main__ - INFO - Input matrix with APISQTHLYEKMNRDCGWVF encoding is removed.

2026-06-03 22:26:40 - __main__ - INFO - Input matrix with AMNVPHFSGQTCRYKIEDWL encoding is generated.
2026-06-03 22:30:33 - __main__ - INFO - AMNVPHFSGQTCRYKIEDWL encoding is done for binary task with:
	-custom
		-f1: 0.8235294117647058
		-auroc: 0.7358400930878893
	-resnet
		-f1: 0.8140409527789386
		-auroc: 0.6935075661814154
2026-06-03 22:30:33 - __main__ - INFO - Input matrix with AMNVPHFSGQTCRYKIEDWL encoding is removed.

2026-06-03 22:30:45 - __main__ - INFO - Input matrix with KAIMRVFTGSEDQNWYLCHP encoding is generated.
2026-06-03 22:34:38 - __main__ - INFO - KAIMRVFTGSEDQNWYLCHP encoding is done for binary task with:
	-custom
		-f1: 0.8378258948298718
		-auroc: 0.7548490251722376
	-resnet
		-f1: 0.796576032225579
		-auroc: 0.7634337041780724
2026-06-03 22:34:38 - __main__ - INFO - Input matrix with KAIMRVFTGSEDQNWYLCHP encoding is removed.

2026-06-03 22:34:50 - __main__ - INFO - Input matrix with DTMAWEGHFSVKPRQLICNY encoding is generated.
2026-06-03 22:38:43 - __main__ - INFO - DTMAWEGHFSVKPRQLICNY encoding is done for binary task with:
	-custom
		-f1: 0.8277703604806409
		-auroc: 0.7446096363824082
	-resnet
		-f1: 0.8193103448275862
		-auroc: 0.7490149872618039
2026-06-03 22:38:43 - __main__ - INFO - Input matrix with DTMAWEGHFSVKPRQLICNY encoding is removed.

2026-06-03 22:38:56 - __main__ - INFO - Input matrix with PRCNQFVGEAIWDMHKSYTL encoding is generated.
2026-06-03 22:42:48 - __main__ - INFO - PRCNQFVGEAIWDMHKSYTL encoding is done for binary task with:
	-custom
		-f1: 0.8277703604806409
		-auroc: 0.7446096363824082
	-resnet
		-f1: 0.822062350119904
		-auroc: 0.7722506843466687
2026-06-03 22:42:48 - __main__ - INFO - Input matrix with PRCNQFVGEAIWDMHKSYTL encoding is removed.

2026-06-03 22:43:00 - __main__ - INFO - Input matrix with ARNTVDMGSCKPELQHFIYW encoding is generated.
2026-06-03 22:46:52 - __main__ - INFO - ARNTVDMGSCKPELQHFIYW encoding is done for binary task with:
	-custom
		-f1: 0.8275555555555556
		-auroc: 0.7436748509226473
	-resnet
		-f1: 0.7422907488986784
		-auroc: 0.7438862240527275
2026-06-03 22:46:52 - __main__ - INFO - Input matrix with ARNTVDMGSCKPELQHFIYW encoding is removed.

2026-06-03 22:47:05 - __main__ - INFO - Input matrix with QDPCNGSAEFYIWTMLRHKV encoding is generated.
2026-06-03 22:50:53 - __main__ - INFO - QDPCNGSAEFYIWTMLRHKV encoding is done for binary task with:
	-custom
		-f1: 0.8358473824312334
		-auroc: 0.7540474815205471
	-resnet
		-f1: 0.7563206024744487
		-auroc: 0.7481164770586907
2026-06-03 22:50:53 - __main__ - INFO - Input matrix with QDPCNGSAEFYIWTMLRHKV encoding is removed.

2026-06-03 22:51:06 - __main__ - INFO - Input matrix with MWRQGELDYKTNAFCIHSVP encoding is generated.
2026-06-03 22:54:55 - __main__ - INFO - MWRQGELDYKTNAFCIHSVP encoding is done for binary task with:
	-custom
		-f1: 0.8304405874499332
		-auroc: 0.7482155364133817
	-resnet
		-f1: 0.8017707820954255
		-auroc: 0.7588051209500769
2026-06-03 22:54:55 - __main__ - INFO - Input matrix with MWRQGELDYKTNAFCIHSVP encoding is removed.

2026-06-03 22:55:07 - __main__ - INFO - Input matrix with VKARPENYQDSHTWCFLGIM encoding is generated.
2026-06-03 22:58:56 - __main__ - INFO - VKARPENYQDSHTWCFLGIM encoding is done for binary task with:
	-custom
		-f1: 0.835820895522388
		-auroc: 0.7630388619614867
	-resnet
		-f1: 0.8285714285714286
		-auroc: 0.762191974238987
2026-06-03 22:58:56 - __main__ - INFO - Input matrix with VKARPENYQDSHTWCFLGIM encoding is removed.

2026-06-03 22:59:08 - __main__ - INFO - Input matrix with MVQEFDCPTNYLWIHKGSAR encoding is generated.
2026-06-03 23:02:59 - __main__ - INFO - MVQEFDCPTNYLWIHKGSAR encoding is done for binary task with:
	-custom
		-f1: 0.8326639892904953
		-auroc: 0.7524890406868859
	-resnet
		-f1: 0.8035625927758535
		-auroc: 0.7637462294661119
2026-06-03 23:02:59 - __main__ - INFO - Input matrix with MVQEFDCPTNYLWIHKGSAR encoding is removed.

2026-06-03 23:03:11 - __main__ - INFO - Input matrix with KCVGQSIAYWLENPDRMHFT encoding is generated.
2026-06-03 23:07:01 - __main__ - INFO - KCVGQSIAYWLENPDRMHFT encoding is done for binary task with:
	-custom
		-f1: 0.8296164139161463
		-auroc: 0.7481708899436618
	-resnet
		-f1: 0.8451443569553806
		-auroc: 0.7601026589763122
2026-06-03 23:07:01 - __main__ - INFO - Input matrix with KCVGQSIAYWLENPDRMHFT encoding is removed.

2026-06-03 23:07:13 - __main__ - INFO - Input matrix with GSRVLHKCMTFWINEDPAYQ encoding is generated.
2026-06-03 23:11:02 - __main__ - INFO - GSRVLHKCMTFWINEDPAYQ encoding is done for binary task with:
	-custom
		-f1: 0.8317180616740089
		-auroc: 0.745055403478518
	-resnet
		-f1: 0.8253968253968254
		-auroc: 0.7232435102170656
2026-06-03 23:11:02 - __main__ - INFO - Input matrix with GSRVLHKCMTFWINEDPAYQ encoding is removed.

2026-06-03 23:11:14 - __main__ - INFO - Input matrix with CPGITWQKYAVLNHDFSERM encoding is generated.
2026-06-03 23:15:06 - __main__ - INFO - CPGITWQKYAVLNHDFSERM encoding is done for binary task with:
	-custom
		-f1: 0.8312387791741472
		-auroc: 0.7533345332072071
	-resnet
		-f1: 0.8317836010143702
		-auroc: 0.7247580021820963
2026-06-03 23:15:06 - __main__ - INFO - Input matrix with CPGITWQKYAVLNHDFSERM encoding is removed.

2026-06-03 23:15:18 - __main__ - INFO - Input matrix with QLSVEITCPKHWFRMYGAND encoding is generated.
2026-06-03 23:19:08 - __main__ - INFO - QLSVEITCPKHWFRMYGAND encoding is done for binary task with:
	-custom
		-f1: 0.8322324966974901
		-auroc: 0.7455451194432585
	-resnet
		-f1: 0.8266666666666667
		-auroc: 0.7263150478135787
2026-06-03 23:19:08 - __main__ - INFO - Input matrix with QLSVEITCPKHWFRMYGAND encoding is removed.

2026-06-03 23:19:20 - __main__ - INFO - Input matrix with EWGVHTFAQIRMLSKYCDNP encoding is generated.
2026-06-03 23:23:09 - __main__ - INFO - EWGVHTFAQIRMLSKYCDNP encoding is done for binary task with:
	-custom
		-f1: 0.8318425760286225
		-auroc: 0.7524443942171661
	-resnet
		-f1: 0.8392701998262381
		-auroc: 0.7487066475803009
2026-06-03 23:23:09 - __main__ - INFO - Input matrix with EWGVHTFAQIRMLSKYCDNP encoding is removed.

2026-06-03 23:23:22 - __main__ - INFO - Input matrix with IYSKREMFVLPTGQWNDAHC encoding is generated.
2026-06-03 23:27:12 - __main__ - INFO - IYSKREMFVLPTGQWNDAHC encoding is done for binary task with:
	-custom
		-f1: 0.8292245629762438
		-auroc: 0.7499958143934637
	-resnet
		-f1: 0.8062166100048568
		-auroc: 0.7583161025864258
2026-06-03 23:27:12 - __main__ - INFO - Input matrix with IYSKREMFVLPTGQWNDAHC encoding is removed.

2026-06-03 23:27:24 - __main__ - INFO - Input matrix with HANRGMKDPTWCLQFIVEYS encoding is generated.
2026-06-03 23:31:13 - __main__ - INFO - HANRGMKDPTWCLQFIVEYS encoding is done for binary task with:
	-custom
		-f1: 0.8367166813768756
		-auroc: 0.7527122730354855
	-resnet
		-f1: 0.8351237739374124
		-auroc: 0.7768374115093017
2026-06-03 23:31:13 - __main__ - INFO - Input matrix with HANRGMKDPTWCLQFIVEYS encoding is removed.

2026-06-03 23:31:26 - __main__ - INFO - Input matrix with RSADPHNVLTFGYEMCKIQW encoding is generated.
2026-06-03 23:35:16 - __main__ - INFO - RSADPHNVLTFGYEMCKIQW encoding is done for binary task with:
	-custom
		-f1: 0.831779849090102
		-auroc: 0.748749898847842
	-resnet
		-f1: 0.8112566715186803
		-auroc: 0.7641034012238713
2026-06-03 23:35:16 - __main__ - INFO - Input matrix with RSADPHNVLTFGYEMCKIQW encoding is removed.

2026-06-03 23:35:29 - __main__ - INFO - Input matrix with TCLDEYMIRQKPGSWVFNAH encoding is generated.
2026-06-03 23:39:18 - __main__ - INFO - TCLDEYMIRQKPGSWVFNAH encoding is done for binary task with:
	-custom
		-f1: 0.8458149779735683
		-auroc: 0.7642868703103767
	-resnet
		-f1: 0.7802831672784478
		-auroc: 0.763209076627294
2026-06-03 23:39:18 - __main__ - INFO - Input matrix with TCLDEYMIRQKPGSWVFNAH encoding is removed.

2026-06-03 23:39:31 - __main__ - INFO - Input matrix with DENGSYWAFPQMTICLRVKH encoding is generated.
2026-06-03 23:43:19 - __main__ - INFO - DENGSYWAFPQMTICLRVKH encoding is done for binary task with:
	-custom
		-f1: 0.8315508021390374
		-auroc: 0.7503522885501338
	-resnet
		-f1: 0.5123152709359606
		-auroc: 0.6526155855244983
2026-06-03 23:43:19 - __main__ - INFO - Input matrix with DENGSYWAFPQMTICLRVKH encoding is removed.

2026-06-03 23:43:32 - __main__ - INFO - Input matrix with SIFNHKTERAQMPDLYCGWV encoding is generated.
2026-06-03 23:47:22 - __main__ - INFO - SIFNHKTERAQMPDLYCGWV encoding is done for binary task with:
	-custom
		-f1: 0.8389380530973451
		-auroc: 0.7569857773089896
	-resnet
		-f1: 0.6619385342789598
		-auroc: 0.6951811111948233
2026-06-03 23:47:22 - __main__ - INFO - Input matrix with SIFNHKTERAQMPDLYCGWV encoding is removed.

2026-06-03 23:47:34 - __main__ - INFO - Input matrix with VRHECMQWILTYKNSFAPGD encoding is generated.
2026-06-03 23:51:25 - __main__ - INFO - VRHECMQWILTYKNSFAPGD encoding is done for binary task with:
	-custom
		-f1: 0.8315602836879432
		-auroc: 0.747815113388081
	-resnet
		-f1: 0.8208616780045351
		-auroc: 0.7444749993721591
2026-06-03 23:51:25 - __main__ - INFO - Input matrix with VRHECMQWILTYKNSFAPGD encoding is removed.

2026-06-03 23:51:37 - __main__ - INFO - Input matrix with GYDRFNTMHPVQAIWLKECS encoding is generated.
2026-06-03 23:55:28 - __main__ - INFO - GYDRFNTMHPVQAIWLKECS encoding is done for binary task with:
	-custom
		-f1: 0.8293986636971047
		-auroc: 0.7472361044839009
	-resnet
		-f1: 0.8324022346368715
		-auroc: 0.7718516565235468
2026-06-03 23:55:28 - __main__ - INFO - Input matrix with GYDRFNTMHPVQAIWLKECS encoding is removed.

2026-06-03 23:55:40 - __main__ - INFO - Input matrix with PASFIQRTGEMWLVYCHKDN encoding is generated.
2026-06-03 23:59:31 - __main__ - INFO - PASFIQRTGEMWLVYCHKDN encoding is done for binary task with:
	-custom
		-f1: 0.8394842152067585
		-auroc: 0.760012668435783
	-resnet
		-f1: 0.8071570576540755
		-auroc: 0.7701564858763683
2026-06-03 23:59:31 - __main__ - INFO - Input matrix with PASFIQRTGEMWLVYCHKDN encoding is removed.

2026-06-03 23:59:43 - __main__ - INFO - Input matrix with KLNHSPYGITWADRMCVEQF encoding is generated.
2026-06-04 00:03:34 - __main__ - INFO - KLNHSPYGITWADRMCVEQF encoding is done for binary task with:
	-custom
		-f1: 0.8337068579112505
		-auroc: 0.7560056477784196
	-resnet
		-f1: 0.623507228158391
		-auroc: 0.6901925658047107
2026-06-04 00:03:34 - __main__ - INFO - Input matrix with KLNHSPYGITWADRMCVEQF encoding is removed.

2026-06-04 00:03:47 - __main__ - INFO - Input matrix with KPDTYQSWCHNMEALGRFIV encoding is generated.
2026-06-04 00:07:36 - __main__ - INFO - KPDTYQSWCHNMEALGRFIV encoding is done for binary task with:
	-custom
		-f1: 0.8344312692138779
		-auroc: 0.74728144855471
	-resnet
		-f1: 0.7205966724039014
		-auroc: 0.7405900589054359
2026-06-04 00:07:36 - __main__ - INFO - Input matrix with KPDTYQSWCHNMEALGRFIV encoding is removed.

2026-06-04 00:07:48 - __main__ - INFO - Input matrix with LAGQPHFTKNRCEDIMVSWY encoding is generated.
2026-06-04 00:11:37 - __main__ - INFO - LAGQPHFTKNRCEDIMVSWY encoding is done for binary task with:
	-custom
		-f1: 0.8326639892904953
		-auroc: 0.7524890406868859
	-resnet
		-f1: 0.8363160192055871
		-auroc: 0.7469256719991294
2026-06-04 00:11:37 - __main__ - INFO - Input matrix with LAGQPHFTKNRCEDIMVSWY encoding is removed.

2026-06-04 00:11:49 - __main__ - INFO - Input matrix with WMPYGSRTEAVCFNLKDHIQ encoding is generated.
2026-06-04 00:15:39 - __main__ - INFO - WMPYGSRTEAVCFNLKDHIQ encoding is done for binary task with:
	-custom
		-f1: 0.8379096545615589
		-auroc: 0.7560063453795088
	-resnet
		-f1: 0.8241347053320861
		-auroc: 0.7633485968451688
2026-06-04 00:15:39 - __main__ - INFO - Input matrix with WMPYGSRTEAVCFNLKDHIQ encoding is removed.

2026-06-04 00:15:51 - __main__ - INFO - Input matrix with HRISGETAKCWYNMVLFQPD encoding is generated.
2026-06-04 00:19:43 - __main__ - INFO - HRISGETAKCWYNMVLFQPD encoding is done for binary task with:
	-custom
		-f1: 0.8362494392104083
		-auroc: 0.7598340825569034
	-resnet
		-f1: 0.8043052837573386
		-auroc: 0.7593841298542572
2026-06-04 00:19:43 - __main__ - INFO - Input matrix with HRISGETAKCWYNMVLFQPD encoding is removed.

2026-06-04 00:19:56 - __main__ - INFO - Input matrix with LSEKPHRGCMFQIWYAVNDT encoding is generated.
2026-06-04 00:23:49 - __main__ - INFO - LSEKPHRGCMFQIWYAVNDT encoding is done for binary task with:
	-custom
		-f1: 0.8305913739439751
		-auroc: 0.7479930016658713
	-resnet
		-f1: 0.8377192982456141
		-auroc: 0.7511545298029138
2026-06-04 00:23:49 - __main__ - INFO - Input matrix with LSEKPHRGCMFQIWYAVNDT encoding is removed.

2026-06-04 00:24:01 - __main__ - INFO - Input matrix with CGQARSWNMDLVHPIFYKTE encoding is generated.
2026-06-04 00:27:50 - __main__ - INFO - CGQARSWNMDLVHPIFYKTE encoding is done for binary task with:
	-custom
		-f1: 0.8266309204647007
		-auroc: 0.7450100594077087
	-resnet
		-f1: 0.8252595155709342
		-auroc: 0.7271605403338998
2026-06-04 00:27:50 - __main__ - INFO - Input matrix with CGQARSWNMDLVHPIFYKTE encoding is removed.

2026-06-04 00:28:02 - __main__ - INFO - Input matrix with VRTIFYQCHGMANPWDSLKE encoding is generated.
2026-06-04 00:31:52 - __main__ - INFO - VRTIFYQCHGMANPWDSLKE encoding is done for binary task with:
	-custom
		-f1: 0.8304405874499332
		-auroc: 0.7482155364133817
	-resnet
		-f1: 0.7616998386229156
		-auroc: 0.7541263104436464
2026-06-04 00:31:52 - __main__ - INFO - Input matrix with VRTIFYQCHGMANPWDSLKE encoding is removed.

2026-06-04 00:32:05 - __main__ - INFO - Input matrix with CTLPWFRIMYKGVHSNAQED encoding is generated.
2026-06-04 00:35:53 - __main__ - INFO - CTLPWFRIMYKGVHSNAQED encoding is done for binary task with:
	-custom
		-f1: 0.8400890868596882
		-auroc: 0.7616597046077948
	-resnet
		-f1: 0.8331854480922803
		-auroc: 0.7504415814895736
2026-06-04 00:35:53 - __main__ - INFO - Input matrix with CTLPWFRIMYKGVHSNAQED encoding is removed.

2026-06-04 00:36:05 - __main__ - INFO - Input matrix with HTRFGSLWQEMANDIYVKPC encoding is generated.
2026-06-04 00:39:53 - __main__ - INFO - HTRFGSLWQEMANDIYVKPC encoding is done for binary task with:
	-custom
		-f1: 0.8271827182718272
		-auroc: 0.7491942707417731
	-resnet
		-f1: 0.8439874832364774
		-auroc: 0.7685596769827915
2026-06-04 00:39:53 - __main__ - INFO - Input matrix with HTRFGSLWQEMANDIYVKPC encoding is removed.

2026-06-04 00:40:06 - __main__ - INFO - Input matrix with DQLHFGSWMIVPYENKTARC encoding is generated.
2026-06-04 00:43:55 - __main__ - INFO - DQLHFGSWMIVPYENKTARC encoding is done for binary task with:
	-custom
		-f1: 0.8345965225144896
		-auroc: 0.754670439293358
	-resnet
		-f1: 0.8314005352363961
		-auroc: 0.7505748232976441
2026-06-04 00:43:55 - __main__ - INFO - Input matrix with DQLHFGSWMIVPYENKTARC encoding is removed.

2026-06-04 00:44:08 - __main__ - INFO - Input matrix with IWTNMSKDFQYHVECALRGP encoding is generated.
2026-06-04 00:47:56 - __main__ - INFO - IWTNMSKDFQYHVECALRGP encoding is done for binary task with:
	-custom
		-f1: 0.8359270787016452
		-auroc: 0.7552048017278183
	-resnet
		-f1: 0.8405301410859342
		-auroc: 0.7427868047358743
2026-06-04 00:47:56 - __main__ - INFO - Input matrix with IWTNMSKDFQYHVECALRGP encoding is removed.

2026-06-04 00:48:09 - __main__ - INFO - Input matrix with TADYPQKLEFSNHVICMWRG encoding is generated.
2026-06-04 00:51:57 - __main__ - INFO - TADYPQKLEFSNHVICMWRG encoding is done for binary task with:
	-custom
		-f1: 0.8346666666666667
		-auroc: 0.7532905843385767
	-resnet
		-f1: 0.8258660508083141
		-auroc: 0.7597433944152847
2026-06-04 00:51:57 - __main__ - INFO - Input matrix with TADYPQKLEFSNHVICMWRG encoding is removed.

2026-06-04 00:52:10 - __main__ - INFO - Input matrix with DIVLKASMHCNWYTREPQFG encoding is generated.
2026-06-04 00:55:59 - __main__ - INFO - DIVLKASMHCNWYTREPQFG encoding is done for binary task with:
	-custom
		-f1: 0.8245224344735673
		-auroc: 0.739356700179423
	-resnet
		-f1: 0.818140589569161
		-auroc: 0.7408690993411855
2026-06-04 00:55:59 - __main__ - INFO - Input matrix with DIVLKASMHCNWYTREPQFG encoding is removed.

2026-06-04 00:56:11 - __main__ - INFO - Input matrix with DCHQGVNRLKPYISEAWFTM encoding is generated.
2026-06-04 01:00:00 - __main__ - INFO - DCHQGVNRLKPYISEAWFTM encoding is done for binary task with:
	-custom
		-f1: 0.8155164636896707
		-auroc: 0.7347260241481592
	-resnet
		-f1: 0.8259668508287292
		-auroc: 0.7583635394605032
2026-06-04 01:00:00 - __main__ - INFO - Input matrix with DCHQGVNRLKPYISEAWFTM encoding is removed.

2026-06-04 01:00:13 - __main__ - INFO - Input matrix with RLPQFTDSGMNEIHCVYAKW encoding is generated.
2026-06-04 01:04:02 - __main__ - INFO - RLPQFTDSGMNEIHCVYAKW encoding is done for binary task with:
	-custom
		-f1: 0.827027027027027
		-auroc: 0.7494168054892835
	-resnet
		-f1: 0.7451843698403963
		-auroc: 0.7467798733714502
2026-06-04 01:04:02 - __main__ - INFO - Input matrix with RLPQFTDSGMNEIHCVYAKW encoding is removed.

2026-06-04 01:04:15 - __main__ - INFO - Input matrix with VNSEYGFHCAWDRMPKQITL encoding is generated.
2026-06-04 01:08:03 - __main__ - INFO - VNSEYGFHCAWDRMPKQITL encoding is done for binary task with:
	-custom
		-f1: 0.821444395214887
		-auroc: 0.7338812292289275
	-resnet
		-f1: 0.8167539267015707
		-auroc: 0.7620566396276485
2026-06-04 01:08:03 - __main__ - INFO - Input matrix with VNSEYGFHCAWDRMPKQITL encoding is removed.

2026-06-04 01:08:16 - __main__ - INFO - Input matrix with MVQWYLFDECISHPRNAKGT encoding is generated.
2026-06-04 01:12:06 - __main__ - INFO - MVQWYLFDECISHPRNAKGT encoding is done for binary task with:
	-custom
		-f1: 0.8366071428571429
		-auroc: 0.7580091581071013
	-resnet
		-f1: 0.8276823037621923
		-auroc: 0.7646845029313197
2026-06-04 01:12:06 - __main__ - INFO - Input matrix with MVQWYLFDECISHPRNAKGT encoding is removed.

2026-06-04 01:12:19 - __main__ - INFO - Input matrix with LQATDHWEKCIYFVRPSMNG encoding is generated.
2026-06-04 01:16:08 - __main__ - INFO - LQATDHWEKCIYFVRPSMNG encoding is done for binary task with:
	-custom
		-f1: 0.8368606701940036
		-auroc: 0.7524897382879754
	-resnet
		-f1: 0.8288518992744345
		-auroc: 0.7255142017629774
2026-06-04 01:16:08 - __main__ - INFO - Input matrix with LQATDHWEKCIYFVRPSMNG encoding is removed.

2026-06-04 01:16:20 - __main__ - INFO - Input matrix with QEVYWGKNPCFHTISLRMAD encoding is generated.
2026-06-04 01:20:09 - __main__ - INFO - QEVYWGKNPCFHTISLRMAD encoding is done for binary task with:
	-custom
		-f1: 0.8352524357838795
		-auroc: 0.7524004453485355
	-resnet
		-f1: 0.7701799485861183
		-auroc: 0.7421533829467227
2026-06-04 01:20:09 - __main__ - INFO - Input matrix with QEVYWGKNPCFHTISLRMAD encoding is removed.

2026-06-04 01:20:21 - __main__ - INFO - Input matrix with RSPFETGWYILAMNVDHCQK encoding is generated.
2026-06-04 01:24:11 - __main__ - INFO - RSPFETGWYILAMNVDHCQK encoding is done for binary task with:
	-custom
		-f1: 0.8347438752783964
		-auroc: 0.7544479045458478
	-resnet
		-f1: 0.8365843086259211
		-auroc: 0.7439434273420561
2026-06-04 01:24:11 - __main__ - INFO - Input matrix with RSPFETGWYILAMNVDHCQK encoding is removed.

2026-06-04 01:24:24 - __main__ - INFO - Input matrix with MISYFTRVNCKPDEHQLGAW encoding is generated.
2026-06-04 01:28:13 - __main__ - INFO - MISYFTRVNCKPDEHQLGAW encoding is done for binary task with:
	-custom
		-f1: 0.8338557993730408
		-auroc: 0.7557831130309093
	-resnet
		-f1: 0.7937782237832414
		-auroc: 0.7584479491923175
2026-06-04 01:28:13 - __main__ - INFO - Input matrix with MISYFTRVNCKPDEHQLGAW encoding is removed.

2026-06-04 01:28:26 - __main__ - INFO - Input matrix with CWQKPRGHESTVAFNIDLYM encoding is generated.
2026-06-04 01:32:16 - __main__ - INFO - CWQKPRGHESTVAFNIDLYM encoding is done for binary task with:
	-custom
		-f1: 0.8282918149466192
		-auroc: 0.7450993523471486
	-resnet
		-f1: 0.7837837837837838
		-auroc: 0.7452709622151347
2026-06-04 01:32:16 - __main__ - INFO - Input matrix with CWQKPRGHESTVAFNIDLYM encoding is removed.

2026-06-04 01:32:28 - __main__ - INFO - Input matrix with THKRIDLAESWPGMVQYFNC encoding is generated.
2026-06-04 01:36:18 - __main__ - INFO - THKRIDLAESWPGMVQYFNC encoding is done for binary task with:
	-custom
		-f1: 0.8292902066486972
		-auroc: 0.751153134600735
	-resnet
		-f1: 0.8236902050113896
		-auroc: 0.7503955398176749
2026-06-04 01:36:18 - __main__ - INFO - Input matrix with THKRIDLAESWPGMVQYFNC encoding is removed.

2026-06-04 01:36:30 - __main__ - INFO - Input matrix with LRGCSKDYPWHIQNVMTFEA encoding is generated.
2026-06-04 01:40:20 - __main__ - INFO - LRGCSKDYPWHIQNVMTFEA encoding is done for binary task with:
	-custom
		-f1: 0.8293755496921724
		-auroc: 0.741004433952524
	-resnet
		-f1: 0.817774154097024
		-auroc: 0.6856295570791163
2026-06-04 01:40:20 - __main__ - INFO - Input matrix with LRGCSKDYPWHIQNVMTFEA encoding is removed.

2026-06-04 01:40:32 - __main__ - INFO - Input matrix with WPACDHLGVRFKYISNMEQT encoding is generated.
2026-06-04 01:44:22 - __main__ - INFO - WPACDHLGVRFKYISNMEQT encoding is done for binary task with:
	-custom
		-f1: 0.831779849090102
		-auroc: 0.748749898847842
	-resnet
		-f1: 0.8291167332445628
		-auroc: 0.7451439988168685
2026-06-04 01:44:22 - __main__ - INFO - Input matrix with WPACDHLGVRFKYISNMEQT encoding is removed.

2026-06-04 01:44:35 - __main__ - INFO - Input matrix with CTPYFHILMGADREWQKVNS encoding is generated.
2026-06-04 01:48:25 - __main__ - INFO - CTPYFHILMGADREWQKVNS encoding is done for binary task with:
	-custom
		-f1: 0.8327305605786618
		-auroc: 0.7587207112182627
	-resnet
		-f1: 0.8143771541112752
		-auroc: 0.7746532224984723
2026-06-04 01:48:25 - __main__ - INFO - Input matrix with CTPYFHILMGADREWQKVNS encoding is removed.

2026-06-04 01:48:38 - __main__ - INFO - Input matrix with DLYQVFTHEPWKMAGSCINR encoding is generated.
2026-06-04 01:52:27 - __main__ - INFO - DLYQVFTHEPWKMAGSCINR encoding is done for binary task with:
	-custom
		-f1: 0.8260280162675102
		-auroc: 0.7495946937670739
	-resnet
		-f1: 0.8362989323843416
		-auroc: 0.7559170524400691
2026-06-04 01:52:27 - __main__ - INFO - Input matrix with DLYQVFTHEPWKMAGSCINR encoding is removed.

2026-06-04 01:52:39 - __main__ - INFO - Input matrix with PIHGEYNDQKLWCRATSFVM encoding is generated.
2026-06-04 01:56:27 - __main__ - INFO - PIHGEYNDQKLWCRATSFVM encoding is done for binary task with:
	-custom
		-f1: 0.8426258992805755
		-auroc: 0.7694051695031127
	-resnet
		-f1: 0.8352490421455939
		-auroc: 0.7332603642593848
2026-06-04 01:56:27 - __main__ - INFO - Input matrix with PIHGEYNDQKLWCRATSFVM encoding is removed.

2026-06-04 01:56:39 - __main__ - INFO - Input matrix with SERCGLDPAKIQHWFVTNYM encoding is generated.
2026-06-04 02:00:30 - __main__ - INFO - SERCGLDPAKIQHWFVTNYM encoding is done for binary task with:
	-custom
		-f1: 0.8325952170062002
		-auroc: 0.748794545317562
	-resnet
		-f1: 0.7128491620111732
		-auroc: 0.7191339421995643
2026-06-04 02:00:30 - __main__ - INFO - Input matrix with SERCGLDPAKIQHWFVTNYM encoding is removed.

2026-06-04 02:00:42 - __main__ - INFO - Input matrix with MGATNYFIWKPRVDSHCELQ encoding is generated.
2026-06-04 02:04:29 - __main__ - INFO - MGATNYFIWKPRVDSHCELQ encoding is done for binary task with:
	-custom
		-f1: 0.8362676056338029
		-auroc: 0.7508427021159637
	-resnet
		-f1: 0.7268648345485137
		-auroc: 0.7361393639552308
2026-06-04 02:04:29 - __main__ - INFO - Input matrix with MGATNYFIWKPRVDSHCELQ encoding is removed.

2026-06-04 02:04:41 - __main__ - INFO - Input matrix with GQFCKRPSDEVTYMHNWLAI encoding is generated.
2026-06-04 02:08:29 - __main__ - INFO - GQFCKRPSDEVTYMHNWLAI encoding is done for binary task with:
	-custom
		-f1: 0.8351158645276292
		-auroc: 0.7551601552580983
	-resnet
		-f1: 0.7726084683742812
		-auroc: 0.752925738968834
2026-06-04 02:08:29 - __main__ - INFO - Input matrix with GQFCKRPSDEVTYMHNWLAI encoding is removed.

2026-06-04 02:08:41 - __main__ - INFO - Input matrix with YVDEANTIGMQKPLRWSHFC encoding is generated.
2026-06-04 02:12:28 - __main__ - INFO - YVDEANTIGMQKPLRWSHFC encoding is done for binary task with:
	-custom
		-f1: 0.8291592128801432
		-auroc: 0.7488384941861925
	-resnet
		-f1: 0.7172177879133409
		-auroc: 0.7339572677476693
2026-06-04 02:12:28 - __main__ - INFO - Input matrix with YVDEANTIGMQKPLRWSHFC encoding is removed.

2026-06-04 02:12:41 - __main__ - INFO - Input matrix with NGVCLDRESKMTFHYIPAQW encoding is generated.
2026-06-04 02:16:29 - __main__ - INFO - NGVCLDRESKMTFHYIPAQW encoding is done for binary task with:
	-custom
		-f1: 0.8328187031318923
		-auroc: 0.7471921556152701
	-resnet
		-f1: 0.7332601536772777
		-auroc: 0.7324009197172762
2026-06-04 02:16:29 - __main__ - INFO - Input matrix with NGVCLDRESKMTFHYIPAQW encoding is removed.

2026-06-04 02:16:41 - __main__ - INFO - Input matrix with DPRFVCMHYNLITQKSAGEW encoding is generated.
2026-06-04 02:20:28 - __main__ - INFO - DPRFVCMHYNLITQKSAGEW encoding is done for binary task with:
	-custom
		-f1: 0.8355321020228672
		-auroc: 0.7494182006914621
	-resnet
		-f1: 0.8356687898089172
		-auroc: 0.732592760016854
2026-06-04 02:20:28 - __main__ - INFO - Input matrix with DPRFVCMHYNLITQKSAGEW encoding is removed.

2026-06-04 02:20:40 - __main__ - INFO - Input matrix with TMLKIVSRCYQNEFDGPAWH encoding is generated.
2026-06-04 02:24:25 - __main__ - INFO - TMLKIVSRCYQNEFDGPAWH encoding is done for binary task with:
	-custom
		-f1: 0.8300220750551877
		-auroc: 0.743808790331807
	-resnet
		-f1: 0.7855373947498762
		-auroc: 0.7423333640277813
2026-06-04 02:24:25 - __main__ - INFO - Input matrix with TMLKIVSRCYQNEFDGPAWH encoding is removed.

2026-06-04 02:24:38 - __main__ - INFO - Input matrix with ERHGFMWCIVDNYQTKPSLA encoding is generated.
2026-06-04 02:28:24 - __main__ - INFO - ERHGFMWCIVDNYQTKPSLA encoding is done for binary task with:
	-custom
		-f1: 0.8312611012433393
		-auroc: 0.7482601828831016
	-resnet
		-f1: 0.5160370634354954
		-auroc: 0.6630321649910289
2026-06-04 02:28:24 - __main__ - INFO - Input matrix with ERHGFMWCIVDNYQTKPSLA encoding is removed.

2026-06-04 02:28:36 - __main__ - INFO - Input matrix with VALWHTQKGPIERYSDFNMC encoding is generated.
2026-06-04 02:32:23 - __main__ - INFO - VALWHTQKGPIERYSDFNMC encoding is done for binary task with:
	-custom
		-f1: 0.8348294434470377
		-auroc: 0.7581423999151717
	-resnet
		-f1: 0.8405172413793104
		-auroc: 0.7467038348527084
2026-06-04 02:32:23 - __main__ - INFO - Input matrix with VALWHTQKGPIERYSDFNMC encoding is removed.

2026-06-04 02:32:35 - __main__ - INFO - Input matrix with WFREASTPHDVLCMINYKGQ encoding is generated.
2026-06-04 02:36:21 - __main__ - INFO - WFREASTPHDVLCMINYKGQ encoding is done for binary task with:
	-custom
		-f1: 0.839605734767025
		-auroc: 0.763707163805107
	-resnet
		-f1: 0.7262507026419337
		-auroc: 0.7365844334502512
2026-06-04 02:36:21 - __main__ - INFO - Input matrix with WFREASTPHDVLCMINYKGQ encoding is removed.

2026-06-04 02:36:34 - __main__ - INFO - Input matrix with YTSKRLEQHMAWNGCVFIPD encoding is generated.
2026-06-04 02:40:20 - __main__ - INFO - YTSKRLEQHMAWNGCVFIPD encoding is done for binary task with:
	-custom
		-f1: 0.8373947718210013
		-auroc: 0.7555166294147685
	-resnet
		-f1: 0.8317407561279602
		-auroc: 0.7159891564886668
2026-06-04 02:40:20 - __main__ - INFO - Input matrix with YTSKRLEQHMAWNGCVFIPD encoding is removed.

2026-06-04 02:40:32 - __main__ - INFO - Input matrix with MGRPEQKCLFNYWTVAHISD encoding is generated.
2026-06-04 02:44:19 - __main__ - INFO - MGRPEQKCLFNYWTVAHISD encoding is done for binary task with:
	-custom
		-f1: 0.8385093167701864
		-auroc: 0.7576533815515206
	-resnet
		-f1: 0.7797649463464487
		-auroc: 0.7504339078775905
2026-06-04 02:44:19 - __main__ - INFO - Input matrix with MGRPEQKCLFNYWTVAHISD encoding is removed.

2026-06-04 02:44:31 - __main__ - INFO - Input matrix with TECPDVASKQRWGNLIYHMF encoding is generated.
2026-06-04 02:48:16 - __main__ - INFO - TECPDVASKQRWGNLIYHMF encoding is done for binary task with:
	-custom
		-f1: 0.8255395683453237
		-auroc: 0.7465678026402806
	-resnet
		-f1: 0.8340498710232158
		-auroc: 0.7364204971942485
2026-06-04 02:48:16 - __main__ - INFO - Input matrix with TECPDVASKQRWGNLIYHMF encoding is removed.

2026-06-04 02:48:28 - __main__ - INFO - Input matrix with NQCFSHGIWRTVKMEPLYDA encoding is generated.
2026-06-04 02:52:13 - __main__ - INFO - NQCFSHGIWRTVKMEPLYDA encoding is done for binary task with:
	-custom
		-f1: 0.8264167782240072
		-auroc: 0.7440752739479478
	-resnet
		-f1: 0.8114674441205053
		-auroc: 0.7650381866836323
2026-06-04 02:52:13 - __main__ - INFO - Input matrix with NQCFSHGIWRTVKMEPLYDA encoding is removed.

2026-06-04 02:52:26 - __main__ - INFO - Input matrix with VQFPGTSEAYLKDMWIHCNR encoding is generated.
2026-06-04 02:56:12 - __main__ - INFO - VQFPGTSEAYLKDMWIHCNR encoding is done for binary task with:
	-custom
		-f1: 0.831858407079646
		-auroc: 0.7473700438930606
	-resnet
		-f1: 0.815052776502983
		-auroc: 0.7425600843818279
2026-06-04 02:56:12 - __main__ - INFO - Input matrix with VQFPGTSEAYLKDMWIHCNR encoding is removed.

2026-06-04 02:56:24 - __main__ - INFO - Input matrix with FPELMDASVQNRIYWCHGTK encoding is generated.
2026-06-04 03:00:12 - __main__ - INFO - FPELMDASVQNRIYWCHGTK encoding is done for binary task with:
	-custom
		-f1: 0.82258781680747
		-auroc: 0.737175301572951
	-resnet
		-f1: 0.7525172231054584
		-auroc: 0.7365872238546087
2026-06-04 03:00:12 - __main__ - INFO - Input matrix with FPELMDASVQNRIYWCHGTK encoding is removed.

2026-06-04 03:00:25 - __main__ - INFO - Input matrix with EWDVPKAGFCSYHMRQLINT encoding is generated.
2026-06-04 03:04:11 - __main__ - INFO - EWDVPKAGFCSYHMRQLINT encoding is done for binary task with:
	-custom
		-f1: 0.8198198198198198
		-auroc: 0.7398010720733541
	-resnet
		-f1: 0.7402597402597403
		-auroc: 0.7331138680306163
2026-06-04 03:04:11 - __main__ - INFO - Input matrix with EWDVPKAGFCSYHMRQLINT encoding is removed.

2026-06-04 03:04:24 - __main__ - INFO - Input matrix with VEWPSMFDGTAINCYQRLHK encoding is generated.
2026-06-04 03:08:10 - __main__ - INFO - VEWPSMFDGTAINCYQRLHK encoding is done for binary task with:
	-custom
		-f1: 0.829052258635961
		-auroc: 0.7439866786095974
	-resnet
		-f1: 0.8318965517241379
		-auroc: 0.7346841680827968
2026-06-04 03:08:10 - __main__ - INFO - Input matrix with VEWPSMFDGTAINCYQRLHK encoding is removed.

2026-06-04 03:08:22 - __main__ - INFO - Input matrix with SVMLFQPDINAEGHYKWCRT encoding is generated.
2026-06-04 03:12:08 - __main__ - INFO - SVMLFQPDINAEGHYKWCRT encoding is done for binary task with:
	-custom
		-f1: 0.8246235606731621
		-auroc: 0.7379768452246415
	-resnet
		-f1: 0.7625065824117957
		-auroc: 0.7448677487854766
2026-06-04 03:12:08 - __main__ - INFO - Input matrix with SVMLFQPDINAEGHYKWCRT encoding is removed.

2026-06-04 03:12:20 - __main__ - INFO - Input matrix with NKYGAQRHLVTDSWMEPCIF encoding is generated.
2026-06-04 03:16:07 - __main__ - INFO - NKYGAQRHLVTDSWMEPCIF encoding is done for binary task with:
	-custom
		-f1: 0.8386231560125168
		-auroc: 0.7613478769208446
	-resnet
		-f1: 0.8172224567327987
		-auroc: 0.7033897832134854
2026-06-04 03:16:07 - __main__ - INFO - Input matrix with NKYGAQRHLVTDSWMEPCIF encoding is removed.

2026-06-04 03:16:19 - __main__ - INFO - Input matrix with SRGFLMDVTEKPAQYNWHIC encoding is generated.
2026-06-04 03:20:05 - __main__ - INFO - SRGFLMDVTEKPAQYNWHIC encoding is done for binary task with:
	-custom
		-f1: 0.8196868008948546
		-auroc: 0.7363291114515405
	-resnet
		-f1: 0.8268821777966823
		-auroc: 0.721018162741963
2026-06-04 03:20:05 - __main__ - INFO - Input matrix with SRGFLMDVTEKPAQYNWHIC encoding is removed.

2026-06-04 03:20:17 - __main__ - INFO - Input matrix with PRSGCTANKEVWDMHYLQFI encoding is generated.
2026-06-04 03:24:04 - __main__ - INFO - PRSGCTANKEVWDMHYLQFI encoding is done for binary task with:
	-custom
		-f1: 0.8308390022675737
		-auroc: 0.7576966328190617
	-resnet
		-f1: 0.8291194420226679
		-auroc: 0.736375153123439
2026-06-04 03:24:04 - __main__ - INFO - Input matrix with PRSGCTANKEVWDMHYLQFI encoding is removed.

2026-06-04 03:24:16 - __main__ - INFO - Input matrix with CVATSKWEPLMDRQFINHYG encoding is generated.
2026-06-04 03:28:03 - __main__ - INFO - CVATSKWEPLMDRQFINHYG encoding is done for binary task with:
	-custom
		-f1: 0.8325832583258326
		-auroc: 0.7564060708037202
	-resnet
		-f1: 0.8245695672405771
		-auroc: 0.7615236723953669
2026-06-04 03:28:03 - __main__ - INFO - Input matrix with CVATSKWEPLMDRQFINHYG encoding is removed.

2026-06-04 03:28:15 - __main__ - INFO - Input matrix with YILVPNKFMQGSWHCARTDE encoding is generated.
2026-06-04 03:32:00 - __main__ - INFO - YILVPNKFMQGSWHCARTDE encoding is done for binary task with:
	-custom
		-f1: 0.8263579697239537
		-auroc: 0.7429179537406765
	-resnet
		-f1: 0.8007608178792202
		-auroc: 0.7414006713712884
2026-06-04 03:32:00 - __main__ - INFO - Input matrix with YILVPNKFMQGSWHCARTDE encoding is removed.

2026-06-04 03:32:12 - __main__ - INFO - Input matrix with VHGSKFAMNCTELYDIRPWQ encoding is generated.
2026-06-04 03:36:00 - __main__ - INFO - VHGSKFAMNCTELYDIRPWQ encoding is done for binary task with:
	-custom
		-f1: 0.8228469433288711
		-auroc: 0.7392674072399833
	-resnet
		-f1: 0.8236786469344609
		-auroc: 0.7134505861244353
2026-06-04 03:36:00 - __main__ - INFO - Input matrix with VHGSKFAMNCTELYDIRPWQ encoding is removed.

2026-06-04 03:36:12 - __main__ - INFO - Input matrix with DYINFTVHCRSGMEQKALWP encoding is generated.
2026-06-04 03:39:59 - __main__ - INFO - DYINFTVHCRSGMEQKALWP encoding is done for binary task with:
	-custom
		-f1: 0.8369175627240143
		-auroc: 0.7601012637741333
	-resnet
		-f1: 0.8306709265175719
		-auroc: 0.7604563427286248
2026-06-04 03:39:59 - __main__ - INFO - Input matrix with DYINFTVHCRSGMEQKALWP encoding is removed.

2026-06-04 03:40:11 - __main__ - INFO - Input matrix with SGEQTFARLNYMKHVICPDW encoding is generated.
2026-06-04 03:43:55 - __main__ - INFO - SGEQTFARLNYMKHVICPDW encoding is done for binary task with:
	-custom
		-f1: 0.8312937062937062
		-auroc: 0.7406486573969434
	-resnet
		-f1: 0.80357983984927
		-auroc: 0.7403772905731769
2026-06-04 03:43:55 - __main__ - INFO - Input matrix with SGEQTFARLNYMKHVICPDW encoding is removed.

2026-06-04 03:44:08 - __main__ - INFO - Input matrix with MDCTKHAFGWELYIVRQSNP encoding is generated.
2026-06-04 03:47:54 - __main__ - INFO - MDCTKHAFGWELYIVRQSNP encoding is done for binary task with:
	-custom
		-f1: 0.8285077951002228
		-auroc: 0.7460341378069095
	-resnet
		-f1: 0.828125
		-auroc: 0.7328585460319055
2026-06-04 03:47:54 - __main__ - INFO - Input matrix with MDCTKHAFGWELYIVRQSNP encoding is removed.

2026-06-04 03:48:06 - __main__ - INFO - Input matrix with MFYPKCGTHNSIRAEWVDLQ encoding is generated.
2026-06-04 03:51:51 - __main__ - INFO - MFYPKCGTHNSIRAEWVDLQ encoding is done for binary task with:
	-custom
		-f1: 0.8337028824833703
		-auroc: 0.7509312974543141
	-resnet
		-f1: 0.8135265700483092
		-auroc: 0.7649049448755618
2026-06-04 03:51:51 - __main__ - INFO - Input matrix with MFYPKCGTHNSIRAEWVDLQ encoding is removed.

2026-06-04 03:52:04 - __main__ - INFO - Input matrix with KFMYENTLAWDHRPQGVSCI encoding is generated.
2026-06-04 03:55:49 - __main__ - INFO - KFMYENTLAWDHRPQGVSCI encoding is done for binary task with:
	-custom
		-f1: 0.8308790718429273
		-auroc: 0.7500851073329036
	-resnet
		-f1: 0.7602591792656588
		-auroc: 0.7543041987214367
2026-06-04 03:55:49 - __main__ - INFO - Input matrix with KFMYENTLAWDHRPQGVSCI encoding is removed.

2026-06-04 03:56:01 - __main__ - INFO - Input matrix with TSMVNDYHEIQCKFLGARWP encoding is generated.
2026-06-04 03:59:48 - __main__ - INFO - TSMVNDYHEIQCKFLGARWP encoding is done for binary task with:
	-custom
		-f1: 0.8240035826242723
		-auroc: 0.7425614795840065
	-resnet
		-f1: 0.8145785876993167
		-auroc: 0.7383758730477632
2026-06-04 03:59:48 - __main__ - INFO - Input matrix with TSMVNDYHEIQCKFLGARWP encoding is removed.

2026-06-04 04:00:01 - __main__ - INFO - Input matrix with YRSDKFIPEQCHWMNTVGAL encoding is generated.
2026-06-04 04:03:48 - __main__ - INFO - YRSDKFIPEQCHWMNTVGAL encoding is done for binary task with:
	-custom
		-f1: 0.8317349607672189
		-auroc: 0.7399810531544125
	-resnet
		-f1: 0.8343010272443055
		-auroc: 0.7551155087883785
2026-06-04 04:03:48 - __main__ - INFO - Input matrix with YRSDKFIPEQCHWMNTVGAL encoding is removed.

2026-06-04 04:04:00 - __main__ - INFO - Input matrix with EKWSPTFRQYDINGMHALVC encoding is generated.
2026-06-04 04:07:47 - __main__ - INFO - EKWSPTFRQYDINGMHALVC encoding is done for binary task with:
	-custom
		-f1: 0.8301552106430156
		-auroc: 0.7461234307463496
	-resnet
		-f1: 0.8292682926829268
		-auroc: 0.7273837726824994
2026-06-04 04:07:47 - __main__ - INFO - Input matrix with EKWSPTFRQYDINGMHALVC encoding is removed.

2026-06-04 04:07:59 - __main__ - INFO - Input matrix with NHFMAESTDLGPYWQIKRVC encoding is generated.
2026-06-04 04:11:44 - __main__ - INFO - NHFMAESTDLGPYWQIKRVC encoding is done for binary task with:
	-custom
		-f1: 0.8289649044868947
		-auroc: 0.7453665335643787
	-resnet
		-f1: 0.8213219616204691
		-auroc: 0.7144739669225468
2026-06-04 04:11:44 - __main__ - INFO - Input matrix with NHFMAESTDLGPYWQIKRVC encoding is removed.

2026-06-04 04:11:57 - __main__ - INFO - Input matrix with WKTNPCLMDVYHFGERQASI encoding is generated.
2026-06-04 04:15:43 - __main__ - INFO - WKTNPCLMDVYHFGERQASI encoding is done for binary task with:
	-custom
		-f1: 0.8349600709849158
		-auroc: 0.752845514843556
	-resnet
		-f1: 0.5771543086172345
		-auroc: 0.6802182654288433
2026-06-04 04:15:43 - __main__ - INFO - Input matrix with WKTNPCLMDVYHFGERQASI encoding is removed.

2026-06-04 04:15:55 - __main__ - INFO - Input matrix with WPEDKSLMNVRGHFICTQAY encoding is generated.
2026-06-04 04:19:41 - __main__ - INFO - WPEDKSLMNVRGHFICTQAY encoding is done for binary task with:
	-custom
		-f1: 0.8413978494623656
		-auroc: 0.7661110971590893
	-resnet
		-f1: 0.8457142857142858
		-auroc: 0.7631295501031055
2026-06-04 04:19:41 - __main__ - INFO - Input matrix with WPEDKSLMNVRGHFICTQAY encoding is removed.

2026-06-04 04:19:53 - __main__ - INFO - Input matrix with KMNQGALTPVCDFWYERSIH encoding is generated.
2026-06-04 04:23:39 - __main__ - INFO - KMNQGALTPVCDFWYERSIH encoding is done for binary task with:
	-custom
		-f1: 0.8313199105145413
		-auroc: 0.7519546782524256
	-resnet
		-f1: 0.8373764600179695
		-auroc: 0.7619708346936556
2026-06-04 04:23:39 - __main__ - INFO - Input matrix with KMNQGALTPVCDFWYERSIH encoding is removed.

2026-06-04 04:23:51 - __main__ - INFO - Input matrix with TDSPVYMEQCGFRNKWALHI encoding is generated.
2026-06-04 04:27:36 - __main__ - INFO - TDSPVYMEQCGFRNKWALHI encoding is done for binary task with:
	-custom
		-f1: 0.8290748898678414
		-auroc: 0.7414495034475446
	-resnet
		-f1: 0.8205574912891986
		-auroc: 0.7241329516060173
2026-06-04 04:27:36 - __main__ - INFO - Input matrix with TDSPVYMEQCGFRNKWALHI encoding is removed.

2026-06-04 04:27:48 - __main__ - INFO - Input matrix with CVATDHSPGKYWNQMEIRFL encoding is generated.
2026-06-04 04:31:34 - __main__ - INFO - CVATDHSPGKYWNQMEIRFL encoding is done for binary task with:
	-custom
		-f1: 0.8280197575213292
		-auroc: 0.7492389172114932
	-resnet
		-f1: 0.8077481840193704
		-auroc: 0.7588504650208862
2026-06-04 04:31:34 - __main__ - INFO - Input matrix with CVATDHSPGKYWNQMEIRFL encoding is removed.

2026-06-04 04:31:46 - __main__ - INFO - Input matrix with GMIAHPTCYEQKNDFLVWSR encoding is generated.
2026-06-04 04:35:32 - __main__ - INFO - GMIAHPTCYEQKNDFLVWSR encoding is done for binary task with:
	-custom
		-f1: 0.8423888639425235
		-auroc: 0.7684703840433517
	-resnet
		-f1: 0.8404772425983208
		-auroc: 0.7584549252032111
2026-06-04 04:35:32 - __main__ - INFO - Input matrix with GMIAHPTCYEQKNDFLVWSR encoding is removed.

2026-06-04 04:35:44 - __main__ - INFO - Input matrix with QWRCNGDAEHVPLYMSKIFT encoding is generated.
2026-06-04 04:39:31 - __main__ - INFO - QWRCNGDAEHVPLYMSKIFT encoding is done for binary task with:
	-custom
		-f1: 0.8306878306878307
		-auroc: 0.7440759715490373
	-resnet
		-f1: 0.8271446862996159
		-auroc: 0.7231102684089952
2026-06-04 04:39:31 - __main__ - INFO - Input matrix with QWRCNGDAEHVPLYMSKIFT encoding is removed.

2026-06-04 04:39:43 - __main__ - INFO - Input matrix with HVQLMYRWFTADICKNESPG encoding is generated.
2026-06-04 04:43:28 - __main__ - INFO - HVQLMYRWFTADICKNESPG encoding is done for binary task with:
	-custom
		-f1: 0.831779849090102
		-auroc: 0.748749898847842
	-resnet
		-f1: 0.8329699084169211
		-auroc: 0.7418952705436545
2026-06-04 04:43:28 - __main__ - INFO - Input matrix with HVQLMYRWFTADICKNESPG encoding is removed.

2026-06-04 04:43:40 - __main__ - INFO - Input matrix with RGQILDNKPYAVECMFWHST encoding is generated.
2026-06-04 04:47:25 - __main__ - INFO - RGQILDNKPYAVECMFWHST encoding is done for binary task with:
	-custom
		-f1: 0.8333333333333334
		-auroc: 0.7400703460938525
	-resnet
		-f1: 0.7951690821256039
		-auroc: 0.7420675780127298
2026-06-04 04:47:25 - __main__ - INFO - Input matrix with RGQILDNKPYAVECMFWHST encoding is removed.

2026-06-04 04:47:38 - __main__ - INFO - Input matrix with PNMHLGSDVWKCYEARQFTI encoding is generated.
2026-06-04 04:51:23 - __main__ - INFO - PNMHLGSDVWKCYEARQFTI encoding is done for binary task with:
	-custom
		-f1: 0.8194260485651215
		-auroc: 0.7293851902079131
	-resnet
		-f1: 0.795465746673238
		-auroc: 0.7520383903831505
2026-06-04 04:51:23 - __main__ - INFO - Input matrix with PNMHLGSDVWKCYEARQFTI encoding is removed.

2026-06-04 04:51:35 - __main__ - INFO - Input matrix with DKQIHYRCMNSTLFAVWPEG encoding is generated.
2026-06-04 04:55:21 - __main__ - INFO - DKQIHYRCMNSTLFAVWPEG encoding is done for binary task with:
	-custom
		-f1: 0.8355437665782494
		-auroc: 0.7519553758535149
	-resnet
		-f1: 0.8328888888888889
		-auroc: 0.7508866509845942
2026-06-04 04:55:21 - __main__ - INFO - Input matrix with DKQIHYRCMNSTLFAVWPEG encoding is removed.

2026-06-04 04:55:33 - __main__ - INFO - Input matrix with INTGQSHVPFWRMYKALDCE encoding is generated.
2026-06-04 04:59:19 - __main__ - INFO - INTGQSHVPFWRMYKALDCE encoding is done for binary task with:
	-custom
		-f1: 0.8271216883700044
		-auroc: 0.7480369505345019
	-resnet
		-f1: 0.8045977011494253
		-auroc: 0.7496804987010668
2026-06-04 04:59:19 - __main__ - INFO - Input matrix with INTGQSHVPFWRMYKALDCE encoding is removed.

2026-06-04 04:59:31 - __main__ - INFO - Input matrix with PAWHSCNGTLMDYQRVKFEI encoding is generated.
2026-06-04 05:03:16 - __main__ - INFO - PAWHSCNGTLMDYQRVKFEI encoding is done for binary task with:
	-custom
		-f1: 0.8334073745002222
		-auroc: 0.7513763669493346
	-resnet
		-f1: 0.8298901098901099
		-auroc: 0.7414941499172645
2026-06-04 05:03:16 - __main__ - INFO - Input matrix with PAWHSCNGTLMDYQRVKFEI encoding is removed.

2026-06-04 05:03:28 - __main__ - INFO - Input matrix with AQEGMRCYTNFISVLKDPWH encoding is generated.
2026-06-04 05:07:14 - __main__ - INFO - AQEGMRCYTNFISVLKDPWH encoding is done for binary task with:
	-custom
		-f1: 0.8336298932384342
		-auroc: 0.7523111524090956
	-resnet
		-f1: 0.8288372093023256
		-auroc: 0.7668212550680717
2026-06-04 05:07:14 - __main__ - INFO - Input matrix with AQEGMRCYTNFISVLKDPWH encoding is removed.

2026-06-04 05:07:26 - __main__ - INFO - Input matrix with GAQKTRSIYCFEMHVWPNDL encoding is generated.
2026-06-04 05:11:12 - __main__ - INFO - GAQKTRSIYCFEMHVWPNDL encoding is done for binary task with:
	-custom
		-f1: 0.8259144997796386
		-auroc: 0.7373538874518305
	-resnet
		-f1: 0.8104819840898456
		-auroc: 0.7460313474025522
2026-06-04 05:11:12 - __main__ - INFO - Input matrix with GAQKTRSIYCFEMHVWPNDL encoding is removed.

2026-06-04 05:11:24 - __main__ - INFO - Input matrix with HLECNSGPVFIAMWTRKDYQ encoding is generated.
2026-06-04 05:15:09 - __main__ - INFO - HLECNSGPVFIAMWTRKDYQ encoding is done for binary task with:
	-custom
		-f1: 0.8407871198568873
		-auroc: 0.7644640609870776
	-resnet
		-f1: 0.8153632577510412
		-auroc: 0.7469668304634025
2026-06-04 05:15:09 - __main__ - INFO - Input matrix with HLECNSGPVFIAMWTRKDYQ encoding is removed.

2026-06-04 05:15:21 - __main__ - INFO - Input matrix with SIAHDMLNRFKVGPQYETWC encoding is generated.
2026-06-04 05:19:07 - __main__ - INFO - SIAHDMLNRFKVGPQYETWC encoding is done for binary task with:
	-custom
		-f1: 0.8314005352363961
		-auroc: 0.7505748232976441
	-resnet
		-f1: 0.8051001821493625
		-auroc: 0.725643955565601
2026-06-04 05:19:07 - __main__ - INFO - Input matrix with SIAHDMLNRFKVGPQYETWC encoding is removed.

2026-06-04 05:19:19 - __main__ - INFO - Input matrix with AKGDWTHFIYMSERCVQNPL encoding is generated.
2026-06-04 05:23:03 - __main__ - INFO - AKGDWTHFIYMSERCVQNPL encoding is done for binary task with:
	-custom
		-f1: 0.8294195835179442
		-auroc: 0.744698929321848
	-resnet
		-f1: 0.7859721505930892
		-auroc: 0.7620524540211122
2026-06-04 05:23:03 - __main__ - INFO - Input matrix with AKGDWTHFIYMSERCVQNPL encoding is removed.

2026-06-04 05:23:16 - __main__ - INFO - Input matrix with QSPECYGRALIWDTNKHMFV encoding is generated.
2026-06-04 05:27:03 - __main__ - INFO - QSPECYGRALIWDTNKHMFV encoding is done for binary task with:
	-custom
		-f1: 0.8370860927152318
		-auroc: 0.7534245237477362
	-resnet
		-f1: 0.8289473684210527
		-auroc: 0.7716730706446673
2026-06-04 05:27:03 - __main__ - INFO - Input matrix with QSPECYGRALIWDTNKHMFV encoding is removed.

2026-06-04 05:27:15 - __main__ - INFO - Input matrix with MHWFGARYITQLKCDEVSNP encoding is generated.
2026-06-04 05:31:02 - __main__ - INFO - MHWFGARYITQLKCDEVSNP encoding is done for binary task with:
	-custom
		-f1: 0.8295302013422818
		-auroc: 0.7495507448984432
	-resnet
		-f1: 0.7164009111617312
		-auroc: 0.7325327663231678
2026-06-04 05:31:02 - __main__ - INFO - Input matrix with MHWFGARYITQLKCDEVSNP encoding is removed.

2026-06-04 05:31:14 - __main__ - INFO - Input matrix with IHNEQGRCYFDTKLPAVMSW encoding is generated.
2026-06-04 05:35:00 - __main__ - INFO - IHNEQGRCYFDTKLPAVMSW encoding is done for binary task with:
	-custom
		-f1: 0.831390134529148
		-auroc: 0.7531119984596968
	-resnet
		-f1: 0.8272440234551195
		-auroc: 0.7503515909490446
2026-06-04 05:35:00 - __main__ - INFO - Input matrix with IHNEQGRCYFDTKLPAVMSW encoding is removed.

2026-06-04 05:35:12 - __main__ - INFO - Input matrix with FEHVQIPGTSDLWCRKYMAN encoding is generated.
2026-06-04 05:38:57 - __main__ - INFO - FEHVQIPGTSDLWCRKYMAN encoding is done for binary task with:
	-custom
		-f1: 0.8237945020279405
		-auroc: 0.7453211894935696
	-resnet
		-f1: 0.6980255516840883
		-auroc: 0.7230942235839395
2026-06-04 05:38:57 - __main__ - INFO - Input matrix with FEHVQIPGTSDLWCRKYMAN encoding is removed.

2026-06-04 05:39:10 - __main__ - INFO - Input matrix with SKLAGWFMQVHERNYPDCTI encoding is generated.
2026-06-04 05:42:56 - __main__ - INFO - SKLAGWFMQVHERNYPDCTI encoding is done for binary task with:
	-custom
		-f1: 0.827027027027027
		-auroc: 0.7494168054892835
	-resnet
		-f1: 0.8068965517241379
		-auroc: 0.7657497397947937
2026-06-04 05:42:56 - __main__ - INFO - Input matrix with SKLAGWFMQVHERNYPDCTI encoding is removed.

2026-06-04 05:43:08 - __main__ - INFO - Input matrix with GWNEVQLSIDATKYFPRMCH encoding is generated.
2026-06-04 05:46:55 - __main__ - INFO - GWNEVQLSIDATKYFPRMCH encoding is done for binary task with:
	-custom
		-f1: 0.822790489008524
		-auroc: 0.7418045824020358
	-resnet
		-f1: 0.8150714595062798
		-auroc: 0.7136717256697669
2026-06-04 05:46:55 - __main__ - INFO - Input matrix with GWNEVQLSIDATKYFPRMCH encoding is removed.

2026-06-04 05:47:07 - __main__ - INFO - Input matrix with GKISLDYVWPTEQRHNCFAM encoding is generated.
2026-06-04 05:50:54 - __main__ - INFO - GKISLDYVWPTEQRHNCFAM encoding is done for binary task with:
	-custom
		-f1: 0.826278659611993
		-auroc: 0.7380661381640814
	-resnet
		-f1: 0.8258833546189868
		-auroc: 0.720038730812482
2026-06-04 05:50:54 - __main__ - INFO - Input matrix with GKISLDYVWPTEQRHNCFAM encoding is removed.

2026-06-04 05:51:07 - __main__ - INFO - Input matrix with LKNYAWVPTIDERGQCHFSM encoding is generated.
2026-06-04 05:54:54 - __main__ - INFO - LKNYAWVPTIDERGQCHFSM encoding is done for binary task with:
	-custom
		-f1: 0.8315508021390374
		-auroc: 0.7503522885501338
	-resnet
		-f1: 0.7845934379457917
		-auroc: 0.7209672378624387
2026-06-04 05:54:54 - __main__ - INFO - Input matrix with LKNYAWVPTIDERGQCHFSM encoding is removed.

2026-06-04 05:55:06 - __main__ - INFO - Input matrix with AENPVFCHQSIWKTGRYDML encoding is generated.
2026-06-04 05:58:51 - __main__ - INFO - AENPVFCHQSIWKTGRYDML encoding is done for binary task with:
	-custom
		-f1: 0.8269230769230769
		-auroc: 0.7346388240119877
	-resnet
		-f1: 0.8155893536121673
		-auroc: 0.7599198874908963
2026-06-04 05:58:51 - __main__ - INFO - Input matrix with AENPVFCHQSIWKTGRYDML encoding is removed.

2026-06-04 05:59:03 - __main__ - INFO - Input matrix with YLFMSEQGVICAHDKRNWTP encoding is generated.
2026-06-04 06:02:50 - __main__ - INFO - YLFMSEQGVICAHDKRNWTP encoding is done for binary task with:
	-custom
		-f1: 0.8348993288590604
		-auroc: 0.7567625449603902
	-resnet
		-f1: 0.8085728202630297
		-auroc: 0.76258960685993
2026-06-04 06:02:50 - __main__ - INFO - Input matrix with YLFMSEQGVICAHDKRNWTP encoding is removed.

2026-06-04 06:03:02 - __main__ - INFO - Input matrix with YKWQSFACMNPIERGHTDVL encoding is generated.
2026-06-04 06:06:48 - __main__ - INFO - YKWQSFACMNPIERGHTDVL encoding is done for binary task with:
	-custom
		-f1: 0.8237394020526551
		-auroc: 0.7404693739169742
	-resnet
		-f1: 0.8297506448839209
		-auroc: 0.7304106638092925
2026-06-04 06:06:48 - __main__ - INFO - Input matrix with YKWQSFACMNPIERGHTDVL encoding is removed.

2026-06-04 06:07:00 - __main__ - INFO - Input matrix with GVYQFWDALMSEIKNRPTHC encoding is generated.
2026-06-04 06:10:47 - __main__ - INFO - GVYQFWDALMSEIKNRPTHC encoding is done for binary task with:
	-custom
		-f1: 0.8219800181653043
		-auroc: 0.7466117515089112
	-resnet
		-f1: 0.8181439866833126
		-auroc: 0.6972027591518287
2026-06-04 06:10:47 - __main__ - INFO - Input matrix with GVYQFWDALMSEIKNRPTHC encoding is removed.

2026-06-04 06:10:59 - __main__ - INFO - Input matrix with EVCTGWDLYQFIRKHMNSPA encoding is generated.
2026-06-04 06:14:46 - __main__ - INFO - EVCTGWDLYQFIRKHMNSPA encoding is done for binary task with:
	-custom
		-f1: 0.8251121076233184
		-auroc: 0.7446982317207587
	-resnet
		-f1: 0.8374558303886925
		-auroc: 0.754136774459987
2026-06-04 06:14:46 - __main__ - INFO - Input matrix with EVCTGWDLYQFIRKHMNSPA encoding is removed.

2026-06-04 06:14:58 - __main__ - INFO - Input matrix with KYNGDHIFESLQPWTCARVM encoding is generated.
2026-06-04 06:18:44 - __main__ - INFO - KYNGDHIFESLQPWTCARVM encoding is done for binary task with:
	-custom
		-f1: 0.8333333333333334
		-auroc: 0.7451446964179579
	-resnet
		-f1: 0.8328912466843501
		-auroc: 0.7483494758225415
2026-06-04 06:18:44 - __main__ - INFO - Input matrix with KYNGDHIFESLQPWTCARVM encoding is removed.

2026-06-04 06:18:56 - __main__ - INFO - Input matrix with KPQHLCSGNTAERDYVMIWF encoding is generated.
2026-06-04 06:22:44 - __main__ - INFO - KPQHLCSGNTAERDYVMIWF encoding is done for binary task with:
	-custom
		-f1: 0.8223121907332434
		-auroc: 0.7424721866445666
	-resnet
		-f1: 0.835987946620749
		-auroc: 0.7397592160079917
2026-06-04 06:22:44 - __main__ - INFO - Input matrix with KPQHLCSGNTAERDYVMIWF encoding is removed.

2026-06-04 06:22:56 - __main__ - INFO - Input matrix with SFKDEMPYCNHVTILGWRAQ encoding is generated.
2026-06-04 06:26:42 - __main__ - INFO - SFKDEMPYCNHVTILGWRAQ encoding is done for binary task with:
	-custom
		-f1: 0.8390856118332586
		-auroc: 0.7632174478403665
	-resnet
		-f1: 0.7747368421052632
		-auroc: 0.7585790981971197
2026-06-04 06:26:42 - __main__ - INFO - Input matrix with SFKDEMPYCNHVTILGWRAQ encoding is removed.

2026-06-04 06:26:55 - __main__ - INFO - Input matrix with ILQYNMPVWTSCHEDRKAFG encoding is generated.
2026-06-04 06:30:41 - __main__ - INFO - ILQYNMPVWTSCHEDRKAFG encoding is done for binary task with:
	-custom
		-f1: 0.8354997758852533
		-auroc: 0.758409581132402
	-resnet
		-f1: 0.8314606741573034
		-auroc: 0.754269318666968
2026-06-04 06:30:41 - __main__ - INFO - Input matrix with ILQYNMPVWTSCHEDRKAFG encoding is removed.

2026-06-04 06:30:54 - __main__ - INFO - Input matrix with NTWKVIPHAFLQCSYGEMDR encoding is generated.
2026-06-04 06:34:39 - __main__ - INFO - NTWKVIPHAFLQCSYGEMDR encoding is done for binary task with:
	-custom
		-f1: 0.8302895322939866
		-auroc: 0.748438071160892
	-resnet
		-f1: 0.822262118491921
		-auroc: 0.7413148664372954
2026-06-04 06:34:39 - __main__ - INFO - Input matrix with NTWKVIPHAFLQCSYGEMDR encoding is removed.

2026-06-04 06:34:51 - __main__ - INFO - Input matrix with IRQFYTLWCGDVKMENASHP encoding is generated.
2026-06-04 06:38:38 - __main__ - INFO - IRQFYTLWCGDVKMENASHP encoding is done for binary task with:
	-custom
		-f1: 0.8224215246636771
		-auroc: 0.7410923316897852
	-resnet
		-f1: 0.7125782583949914
		-auroc: 0.7282146155799437
2026-06-04 06:38:38 - __main__ - INFO - Input matrix with IRQFYTLWCGDVKMENASHP encoding is removed.

2026-06-04 06:38:50 - __main__ - INFO - Input matrix with MWASERKLNPYQFCVGTHID encoding is generated.
2026-06-04 06:42:37 - __main__ - INFO - MWASERKLNPYQFCVGTHID encoding is done for binary task with:
	-custom
		-f1: 0.8231079265562025
		-auroc: 0.7413595129070154
	-resnet
		-f1: 0.788027477919529
		-auroc: 0.7408202672649294
2026-06-04 06:42:37 - __main__ - INFO - Input matrix with MWASERKLNPYQFCVGTHID encoding is removed.

2026-06-04 06:42:49 - __main__ - INFO - Input matrix with RKDNYQVASGWELCMFIHTP encoding is generated.
2026-06-04 06:46:34 - __main__ - INFO - RKDNYQVASGWELCMFIHTP encoding is done for binary task with:
	-custom
		-f1: 0.8256227758007118
		-auroc: 0.7414934523161751
	-resnet
		-f1: 0.8222637979420019
		-auroc: 0.7609446634911865
2026-06-04 06:46:34 - __main__ - INFO - Input matrix with RKDNYQVASGWELCMFIHTP encoding is removed.

2026-06-04 06:46:47 - __main__ - INFO - Input matrix with HCSGLPWTFEADRNKVMIQY encoding is generated.
2026-06-04 06:50:33 - __main__ - INFO - HCSGLPWTFEADRNKVMIQY encoding is done for binary task with:
	-custom
		-f1: 0.8218442256042973
		-auroc: 0.7394452955177735
	-resnet
		-f1: 0.8193950177935944
		-auroc: 0.733079685577237
2026-06-04 06:50:33 - __main__ - INFO - Input matrix with HCSGLPWTFEADRNKVMIQY encoding is removed.

2026-06-04 06:50:46 - __main__ - INFO - Input matrix with NTDWMYICSFLRKAGVQPEH encoding is generated.
2026-06-04 06:54:32 - __main__ - INFO - NTDWMYICSFLRKAGVQPEH encoding is done for binary task with:
	-custom
		-f1: 0.830238726790451
		-auroc: 0.7447435757915679
	-resnet
		-f1: 0.8277727682596934
		-auroc: 0.7508413069137849
2026-06-04 06:54:32 - __main__ - INFO - Input matrix with NTDWMYICSFLRKAGVQPEH encoding is removed.

2026-06-04 06:54:45 - __main__ - INFO - Input matrix with GRYPVQHFLDMKAIEWNSCT encoding is generated.
2026-06-04 06:58:31 - __main__ - INFO - GRYPVQHFLDMKAIEWNSCT encoding is done for binary task with:
	-custom
		-f1: 0.8271879164815638
		-auroc: 0.7429626002103965
	-resnet
		-f1: 0.808588396528095
		-auroc: 0.7318316772283471
2026-06-04 06:58:31 - __main__ - INFO - Input matrix with GRYPVQHFLDMKAIEWNSCT encoding is removed.

2026-06-04 06:58:43 - __main__ - INFO - Input matrix with SPKDCEMNGAWTYHRQLFVI encoding is generated.
2026-06-04 07:02:29 - __main__ - INFO - SPKDCEMNGAWTYHRQLFVI encoding is done for binary task with:
	-custom
		-f1: 0.8402471315092674
		-auroc: 0.7575201397434502
	-resnet
		-f1: 0.779002624671916
		-auroc: 0.7622296446978132
2026-06-04 07:02:29 - __main__ - INFO - Input matrix with SPKDCEMNGAWTYHRQLFVI encoding is removed.

2026-06-04 07:02:41 - __main__ - INFO - Input matrix with LSCKMVPFQDHNGYTWRIAE encoding is generated.
2026-06-04 07:06:27 - __main__ - INFO - LSCKMVPFQDHNGYTWRIAE encoding is done for binary task with:
	-custom
		-f1: 0.8326639892904953
		-auroc: 0.7524890406868859
	-resnet
		-f1: 0.8258426966292135
		-auroc: 0.7659750649466615
2026-06-04 07:06:27 - __main__ - INFO - Input matrix with LSCKMVPFQDHNGYTWRIAE encoding is removed.

2026-06-04 07:06:39 - __main__ - INFO - Input matrix with NDYWSLTARKQFVEMHCIGP encoding is generated.
2026-06-04 07:10:26 - __main__ - INFO - NDYWSLTARKQFVEMHCIGP encoding is done for binary task with:
	-custom
		-f1: 0.8341441839893853
		-auroc: 0.7502636932117832
	-resnet
		-f1: 0.7943405760485094
		-auroc: 0.7624096257788716
2026-06-04 07:10:26 - __main__ - INFO - Input matrix with NDYWSLTARKQFVEMHCIGP encoding is removed.

2026-06-04 07:10:38 - __main__ - INFO - Input matrix with ESQNLGYPWDMKATIVFHRC encoding is generated.
2026-06-04 07:14:26 - __main__ - INFO - ESQNLGYPWDMKATIVFHRC encoding is done for binary task with:
	-custom
		-f1: 0.8331854480922803
		-auroc: 0.7504415814895736
	-resnet
		-f1: 0.8015602145294978
		-auroc: 0.7543983748685021
2026-06-04 07:14:26 - __main__ - INFO - Input matrix with ESQNLGYPWDMKATIVFHRC encoding is removed.

2026-06-04 07:14:38 - __main__ - INFO - Input matrix with NYRALKCFETHQDIPMGVWS encoding is generated.
2026-06-04 07:18:26 - __main__ - INFO - NYRALKCFETHQDIPMGVWS encoding is done for binary task with:
	-custom
		-f1: 0.8245224344735673
		-auroc: 0.739356700179423
	-resnet
		-f1: 0.7208008898776418
		-auroc: 0.7254556032714701
2026-06-04 07:18:26 - __main__ - INFO - Input matrix with NYRALKCFETHQDIPMGVWS encoding is removed.

2026-06-04 07:18:38 - __main__ - INFO - Input matrix with CTDLNIEQFYSAMRKWPVHG encoding is generated.
2026-06-04 07:22:25 - __main__ - INFO - CTDLNIEQFYSAMRKWPVHG encoding is done for binary task with:
	-custom
		-f1: 0.8215398308856253
		-auroc: 0.73619586964347
	-resnet
		-f1: 0.8250676284941388
		-auroc: 0.7472354068828113
2026-06-04 07:22:25 - __main__ - INFO - Input matrix with CTDLNIEQFYSAMRKWPVHG encoding is removed.

2026-06-04 07:22:38 - __main__ - INFO - Input matrix with LGSPCNARTVYEKMIWHDFQ encoding is generated.
2026-06-04 07:26:25 - __main__ - INFO - LGSPCNARTVYEKMIWHDFQ encoding is done for binary task with:
	-custom
		-f1: 0.8277703604806409
		-auroc: 0.7446096363824082
	-resnet
		-f1: 0.8397887323943662
		-auroc: 0.7556505688239281
2026-06-04 07:26:25 - __main__ - INFO - Input matrix with LGSPCNARTVYEKMIWHDFQ encoding is removed.

2026-06-04 07:26:37 - __main__ - INFO - Input matrix with FCVSELNTHIYARPWMQKDG encoding is generated.
2026-06-04 07:30:24 - __main__ - INFO - FCVSELNTHIYARPWMQKDG encoding is done for binary task with:
	-custom
		-f1: 0.8315696649029982
		-auroc: 0.7452779382260284
	-resnet
		-f1: 0.8041338582677166
		-auroc: 0.76192130501631
2026-06-04 07:30:24 - __main__ - INFO - Input matrix with FCVSELNTHIYARPWMQKDG encoding is removed.

2026-06-04 07:30:37 - __main__ - INFO - Input matrix with QCEIGHPVMWFRLYSKTNAD encoding is generated.
2026-06-04 07:34:23 - __main__ - INFO - QCEIGHPVMWFRLYSKTNAD encoding is done for binary task with:
	-custom
		-f1: 0.8378021978021978
		-auroc: 0.7523118500101851
	-resnet
		-f1: 0.8252383113935542
		-auroc: 0.7507073675046252
2026-06-04 07:34:23 - __main__ - INFO - Input matrix with QCEIGHPVMWFRLYSKTNAD encoding is removed.

2026-06-04 07:34:36 - __main__ - INFO - Input matrix with KGLTWCFRMPHQANSEYVID encoding is generated.
2026-06-04 07:38:24 - __main__ - INFO - KGLTWCFRMPHQANSEYVID encoding is done for binary task with:
	-custom
		-f1: 0.829010989010989
		-auroc: 0.7402921832402733
	-resnet
		-f1: 0.7967323402210476
		-auroc: 0.741444620239919
2026-06-04 07:38:24 - __main__ - INFO - Input matrix with KGLTWCFRMPHQANSEYVID encoding is removed.

2026-06-04 07:38:36 - __main__ - INFO - Input matrix with NWLFACVDETQKRHYPISGM encoding is generated.
2026-06-04 07:42:22 - __main__ - INFO - NWLFACVDETQKRHYPISGM encoding is done for binary task with:
	-custom
		-f1: 0.8357551739321885
		-auroc: 0.7503529861512233
	-resnet
		-f1: 0.8387673068334077
		-auroc: 0.7611253421733344
2026-06-04 07:42:22 - __main__ - INFO - Input matrix with NWLFACVDETQKRHYPISGM encoding is removed.

2026-06-04 07:42:34 - __main__ - INFO - Input matrix with PQVDSGKTHLNYWRACEMFI encoding is generated.
2026-06-04 07:46:20 - __main__ - INFO - PQVDSGKTHLNYWRACEMFI encoding is done for binary task with:
	-custom
		-f1: 0.8360941586748039
		-auroc: 0.7459908865393683
	-resnet
		-f1: 0.7294250281848929
		-auroc: 0.741347653688496
2026-06-04 07:46:20 - __main__ - INFO - Input matrix with PQVDSGKTHLNYWRACEMFI encoding is removed.

2026-06-04 07:46:32 - __main__ - INFO - Input matrix with EKPVDMISTNGAWYHQFCLR encoding is generated.
2026-06-04 07:50:18 - __main__ - INFO - EKPVDMISTNGAWYHQFCLR encoding is done for binary task with:
	-custom
		-f1: 0.8301210219632452
		-auroc: 0.751197781070455
	-resnet
		-f1: 0.7318681318681318
		-auroc: 0.7314214877877954
2026-06-04 07:50:18 - __main__ - INFO - Input matrix with EKPVDMISTNGAWYHQFCLR encoding is removed.

2026-06-04 07:50:30 - __main__ - INFO - Input matrix with YGFEKQNHMLWRCPDIATVS encoding is generated.
2026-06-04 07:54:16 - __main__ - INFO - YGFEKQNHMLWRCPDIATVS encoding is done for binary task with:
	-custom
		-f1: 0.8353982300884956
		-auroc: 0.7521779106010251
	-resnet
		-f1: 0.6822429906542056
		-auroc: 0.7097832971975969
2026-06-04 07:54:16 - __main__ - INFO - Input matrix with YGFEKQNHMLWRCPDIATVS encoding is removed.

2026-06-04 07:54:28 - __main__ - INFO - Input matrix with PYTSEQRWGKHFLNVMIACD encoding is generated.
2026-06-04 07:58:15 - __main__ - INFO - PYTSEQRWGKHFLNVMIACD encoding is done for binary task with:
	-custom
		-f1: 0.8363962348722546
		-auroc: 0.759611547809393
	-resnet
		-f1: 0.7361963190184049
		-auroc: 0.7434404569566175
2026-06-04 07:58:15 - __main__ - INFO - Input matrix with PYTSEQRWGKHFLNVMIACD encoding is removed.

2026-06-04 07:58:27 - __main__ - INFO - Input matrix with IEKGMRSYDACVNHPQTFWL encoding is generated.
2026-06-04 08:02:15 - __main__ - INFO - IEKGMRSYDACVNHPQTFWL encoding is done for binary task with:
	-custom
		-f1: 0.8285714285714286
		-auroc: 0.7471914580141809
	-resnet
		-f1: 0.7776049766718507
		-auroc: 0.7547513610197254
2026-06-04 08:02:15 - __main__ - INFO - Input matrix with IEKGMRSYDACVNHPQTFWL encoding is removed.

2026-06-04 08:02:27 - __main__ - INFO - Input matrix with GPQLDTWRNCMAIFHSKVYE encoding is generated.
2026-06-04 08:06:14 - __main__ - INFO - GPQLDTWRNCMAIFHSKVYE encoding is done for binary task with:
	-custom
		-f1: 0.8289649044868947
		-auroc: 0.7453665335643787
	-resnet
		-f1: 0.8065476190476191
		-auroc: 0.7685094497043566
2026-06-04 08:06:14 - __main__ - INFO - Input matrix with GPQLDTWRNCMAIFHSKVYE encoding is removed.

2026-06-04 08:06:26 - __main__ - INFO - Input matrix with TEILKSNFCYVGAPHWQDRM encoding is generated.
2026-06-04 08:10:14 - __main__ - INFO - TEILKSNFCYVGAPHWQDRM encoding is done for binary task with:
	-custom
		-f1: 0.8285334514842712
		-auroc: 0.743496962644857
	-resnet
		-f1: 0.8306679209783632
		-auroc: 0.7742995387461598
2026-06-04 08:10:14 - __main__ - INFO - Input matrix with TEILKSNFCYVGAPHWQDRM encoding is removed.

2026-06-04 08:10:26 - __main__ - INFO - Input matrix with GHCFDMKQNWPETYILSRAV encoding is generated.
2026-06-04 08:14:12 - __main__ - INFO - GHCFDMKQNWPETYILSRAV encoding is done for binary task with:
	-custom
		-f1: 0.8297872340425532
		-auroc: 0.7454111800340987
	-resnet
		-f1: 0.8336252189141856
		-auroc: 0.7446996269229373
2026-06-04 08:14:12 - __main__ - INFO - Input matrix with GHCFDMKQNWPETYILSRAV encoding is removed.

2026-06-04 08:14:24 - __main__ - INFO - Input matrix with QYFPMVDKCESRGITLHAWN encoding is generated.
2026-06-04 08:18:11 - __main__ - INFO - QYFPMVDKCESRGITLHAWN encoding is done for binary task with:
	-custom
		-f1: 0.8312031732040547
		-auroc: 0.7445656875137776
	-resnet
		-f1: 0.8049261083743843
		-auroc: 0.7633458064408114
2026-06-04 08:18:11 - __main__ - INFO - Input matrix with QYFPMVDKCESRGITLHAWN encoding is removed.

2026-06-04 08:18:23 - __main__ - INFO - Input matrix with LFGTPEYMIQKRDSHVANWC encoding is generated.
2026-06-04 08:22:09 - __main__ - INFO - LFGTPEYMIQKRDSHVANWC encoding is done for binary task with:
	-custom
		-f1: 0.8328159645232815
		-auroc: 0.749729330777323
	-resnet
		-f1: 0.6509609423434594
		-auroc: 0.7093800837679388
2026-06-04 08:22:09 - __main__ - INFO - Input matrix with LFGTPEYMIQKRDSHVANWC encoding is removed.

2026-06-04 08:22:21 - __main__ - INFO - Input matrix with KEQFDNSLCHRWAPGMYTIV encoding is generated.
2026-06-04 08:26:07 - __main__ - INFO - KEQFDNSLCHRWAPGMYTIV encoding is done for binary task with:
	-custom
		-f1: 0.8296430185268866
		-auroc: 0.7544025604750385
	-resnet
		-f1: 0.7054794520547946
		-auroc: 0.7221601357252679
2026-06-04 08:26:07 - __main__ - INFO - Input matrix with KEQFDNSLCHRWAPGMYTIV encoding is removed.

2026-06-04 08:26:19 - __main__ - INFO - Input matrix with LPVYHSDKCAGINMWRQETF encoding is generated.
2026-06-04 08:30:05 - __main__ - INFO - LPVYHSDKCAGINMWRQETF encoding is done for binary task with:
	-custom
		-f1: 0.8337707786526685
		-auroc: 0.7444770921754271
	-resnet
		-f1: 0.8378870673952641
		-auroc: 0.7689147559372829
2026-06-04 08:30:05 - __main__ - INFO - Input matrix with LPVYHSDKCAGINMWRQETF encoding is removed.

2026-06-04 08:30:18 - __main__ - INFO - Input matrix with ITHVQLPSDNFAYRGEMWCK encoding is generated.
2026-06-04 08:34:04 - __main__ - INFO - ITHVQLPSDNFAYRGEMWCK encoding is done for binary task with:
	-custom
		-f1: 0.8264536173990236
		-auroc: 0.7415380987858952
	-resnet
		-f1: 0.8155737704918032
		-auroc: 0.6852730829224463
2026-06-04 08:34:04 - __main__ - INFO - Input matrix with ITHVQLPSDNFAYRGEMWCK encoding is removed.

2026-06-04 08:34:17 - __main__ - INFO - Input matrix with RYDFIWHQNTKMCVALGPSE encoding is generated.
2026-06-04 08:38:04 - __main__ - INFO - RYDFIWHQNTKMCVALGPSE encoding is done for binary task with:
	-custom
		-f1: 0.8305913739439751
		-auroc: 0.7479930016658713
	-resnet
		-f1: 0.832014072119613
		-auroc: 0.7446103339834975
2026-06-04 08:38:04 - __main__ - INFO - Input matrix with RYDFIWHQNTKMCVALGPSE encoding is removed.

2026-06-04 08:38:16 - __main__ - INFO - Input matrix with QWFMPTKGLDRYSEIANVCH encoding is generated.
2026-06-04 08:42:03 - __main__ - INFO - QWFMPTKGLDRYSEIANVCH encoding is done for binary task with:
	-custom
		-f1: 0.8270342374388617
		-auroc: 0.7431851349579068
	-resnet
		-f1: 0.8035019455252919
		-auroc: 0.7556449880152133
2026-06-04 08:42:03 - __main__ - INFO - Input matrix with QWFMPTKGLDRYSEIANVCH encoding is removed.

2026-06-04 08:42:15 - __main__ - INFO - Input matrix with FWQMAKGSIEPTYRVLCHND encoding is generated.
2026-06-04 08:46:02 - __main__ - INFO - FWQMAKGSIEPTYRVLCHND encoding is done for binary task with:
	-custom
		-f1: 0.828988068935042
		-auroc: 0.7428293584023262
	-resnet
		-f1: 0.83998283998284
		-auroc: 0.7436769437259154
2026-06-04 08:46:02 - __main__ - INFO - Input matrix with FWQMAKGSIEPTYRVLCHND encoding is removed.

2026-06-04 08:46:15 - __main__ - INFO - Input matrix with GCNDYIFMARWHQKTLESVP encoding is generated.
2026-06-04 08:50:00 - __main__ - INFO - GCNDYIFMARWHQKTLESVP encoding is done for binary task with:
	-custom
		-f1: 0.8353413654618473
		-auroc: 0.7560949407178594
	-resnet
		-f1: 0.8243366880146387
		-auroc: 0.7531998961969579
2026-06-04 08:50:00 - __main__ - INFO - Input matrix with GCNDYIFMARWHQKTLESVP encoding is removed.

2026-06-04 08:50:12 - __main__ - INFO - Input matrix with WYPKQEIDFTRNSGAMVHCL encoding is generated.
2026-06-04 08:54:00 - __main__ - INFO - WYPKQEIDFTRNSGAMVHCL encoding is done for binary task with:
	-custom
		-f1: 0.8286219081272085
		-auroc: 0.7421171076900754
	-resnet
		-f1: 0.8338028169014085
		-auroc: 0.7774603692821127
2026-06-04 08:54:00 - __main__ - INFO - Input matrix with WYPKQEIDFTRNSGAMVHCL encoding is removed.

2026-06-04 08:54:12 - __main__ - INFO - Input matrix with NLWQHASRECYGMPDIKFVT encoding is generated.
2026-06-04 08:57:58 - __main__ - INFO - NLWQHASRECYGMPDIKFVT encoding is done for binary task with:
	-custom
		-f1: 0.8303411131059246
		-auroc: 0.7521325665302159
	-resnet
		-f1: 0.6902654867256637
		-auroc: 0.7230935259828501
2026-06-04 08:57:58 - __main__ - INFO - Input matrix with NLWQHASRECYGMPDIKFVT encoding is removed.

2026-06-04 08:58:11 - __main__ - INFO - Input matrix with ISLFPMCDGYQEWKHNRTVA encoding is generated.
2026-06-04 09:01:58 - __main__ - INFO - ISLFPMCDGYQEWKHNRTVA encoding is done for binary task with:
	-custom
		-f1: 0.8278651685393258
		-auroc: 0.7494614519590033
	-resnet
		-f1: 0.7963617988883275
		-auroc: 0.7648135591328539
2026-06-04 09:01:58 - __main__ - INFO - Input matrix with ISLFPMCDGYQEWKHNRTVA encoding is removed.

2026-06-04 09:02:11 - __main__ - INFO - Input matrix with HKGSFQTLWEAIVPYRCMDN encoding is generated.
2026-06-04 09:05:57 - __main__ - INFO - HKGSFQTLWEAIVPYRCMDN encoding is done for binary task with:
	-custom
		-f1: 0.8283010365029293
		-auroc: 0.7513310228785254
	-resnet
		-f1: 0.7730646871686108
		-auroc: 0.7601368414296915
2026-06-04 09:05:57 - __main__ - INFO - Input matrix with HKGSFQTLWEAIVPYRCMDN encoding is removed.

2026-06-04 09:06:09 - __main__ - INFO - Input matrix with WEAHQNDVYICPTGFMKLRS encoding is generated.
2026-06-04 09:09:54 - __main__ - INFO - WEAHQNDVYICPTGFMKLRS encoding is done for binary task with:
	-custom
		-f1: 0.8291167332445628
		-auroc: 0.7451439988168685
	-resnet
		-f1: 0.8273018781493358
		-auroc: 0.7577405816876924
2026-06-04 09:09:54 - __main__ - INFO - Input matrix with WEAHQNDVYICPTGFMKLRS encoding is removed.

2026-06-04 09:10:06 - __main__ - INFO - Input matrix with PMSWNHKLTQECVFRIAGDY encoding is generated.
2026-06-04 09:13:53 - __main__ - INFO - PMSWNHKLTQECVFRIAGDY encoding is done for binary task with:
	-custom
		-f1: 0.833408172429277
		-auroc: 0.75645071727344
	-resnet
		-f1: 0.794383149448345
		-auroc: 0.758937665157058
2026-06-04 09:13:53 - __main__ - INFO - Input matrix with PMSWNHKLTQECVFRIAGDY encoding is removed.

2026-06-04 09:14:05 - __main__ - INFO - Input matrix with GTQWHASDCIPYKMLFNRVE encoding is generated.
2026-06-04 09:17:50 - __main__ - INFO - GTQWHASDCIPYKMLFNRVE encoding is done for binary task with:
	-custom
		-f1: 0.8413547237076648
		-auroc: 0.7635739219970366
	-resnet
		-f1: 0.759318423855165
		-auroc: 0.7466033802958388
2026-06-04 09:17:50 - __main__ - INFO - Input matrix with GTQWHASDCIPYKMLFNRVE encoding is removed.

2026-06-04 09:18:02 - __main__ - INFO - Input matrix with PLATKFVIDWHNCYMGERSQ encoding is generated.
2026-06-04 09:21:48 - __main__ - INFO - PLATKFVIDWHNCYMGERSQ encoding is done for binary task with:
	-custom
		-f1: 0.8233695652173914
		-auroc: 0.7471461139433716
	-resnet
		-f1: 0.7438558164937192
		-auroc: 0.7416162301079049
2026-06-04 09:21:48 - __main__ - INFO - Input matrix with PLATKFVIDWHNCYMGERSQ encoding is removed.

2026-06-04 09:22:00 - __main__ - INFO - Input matrix with EFDAGHLPSIMCNVQRKYWT encoding is generated.
2026-06-04 09:25:46 - __main__ - INFO - EFDAGHLPSIMCNVQRKYWT encoding is done for binary task with:
	-custom
		-f1: 0.8324514991181657
		-auroc: 0.7464799049030195
	-resnet
		-f1: 0.8102734051367025
		-auroc: 0.683358167932115
2026-06-04 09:25:46 - __main__ - INFO - Input matrix with EFDAGHLPSIMCNVQRKYWT encoding is removed.

2026-06-04 09:25:58 - __main__ - INFO - Input matrix with SNEQIVRMDPGTLFHCYKWA encoding is generated.
2026-06-04 09:29:44 - __main__ - INFO - SNEQIVRMDPGTLFHCYKWA encoding is done for binary task with:
	-custom
		-f1: 0.8350109409190372
		-auroc: 0.7463913095646689
	-resnet
		-f1: 0.8136882129277566
		-auroc: 0.757515954136914
2026-06-04 09:29:44 - __main__ - INFO - Input matrix with SNEQIVRMDPGTLFHCYKWA encoding is removed.

2026-06-04 09:29:56 - __main__ - INFO - Input matrix with MYPFHGDQSARTVEKLWINC encoding is generated.
2026-06-04 09:33:42 - __main__ - INFO - MYPFHGDQSARTVEKLWINC encoding is done for binary task with:
	-custom
		-f1: 0.840231419670672
		-auroc: 0.7614371698602844
	-resnet
		-f1: 0.8159392789373814
		-auroc: 0.7594748179958757
2026-06-04 09:33:42 - __main__ - INFO - Input matrix with MYPFHGDQSARTVEKLWINC encoding is removed.

2026-06-04 09:33:54 - __main__ - INFO - Input matrix with ERNIQLKYMVTHWADSCGFP encoding is generated.
2026-06-04 09:37:40 - __main__ - INFO - ERNIQLKYMVTHWADSCGFP encoding is done for binary task with:
	-custom
		-f1: 0.8264984227129337
		-auroc: 0.748927089524543
	-resnet
		-f1: 0.8046534173533689
		-auroc: 0.755467099737423
2026-06-04 09:37:40 - __main__ - INFO - Input matrix with ERNIQLKYMVTHWADSCGFP encoding is removed.

2026-06-04 09:37:53 - __main__ - INFO - Input matrix with NQLMWRSPVDFIGEHKATYC encoding is generated.
2026-06-04 09:41:39 - __main__ - INFO - NQLMWRSPVDFIGEHKATYC encoding is done for binary task with:
	-custom
		-f1: 0.8194506978838361
		-auroc: 0.7390888213611035
	-resnet
		-f1: 0.8226030569708198
		-auroc: 0.7568050986268421
2026-06-04 09:41:39 - __main__ - INFO - Input matrix with NQLMWRSPVDFIGEHKATYC encoding is removed.

2026-06-04 09:41:51 - __main__ - INFO - Input matrix with APFLTMSHEGRWKDYNVIQC encoding is generated.
2026-06-04 09:45:38 - __main__ - INFO - APFLTMSHEGRWKDYNVIQC encoding is done for binary task with:
	-custom
		-f1: 0.8225147526100771
		-auroc: 0.7471014674736516
	-resnet
		-f1: 0.8282736746714998
		-auroc: 0.7538681980405779
2026-06-04 09:45:38 - __main__ - INFO - Input matrix with APFLTMSHEGRWKDYNVIQC encoding is removed.

2026-06-04 09:45:50 - __main__ - INFO - Input matrix with DQSLIFNMCAWRPGKEYVHT encoding is generated.
2026-06-04 09:49:36 - __main__ - INFO - DQSLIFNMCAWRPGKEYVHT encoding is done for binary task with:
	-custom
		-f1: 0.8252688172043011
		-auroc: 0.7444756969732486
	-resnet
		-f1: 0.8015377222489188
		-auroc: 0.7474544536248748
2026-06-04 09:49:36 - __main__ - INFO - Input matrix with DQSLIFNMCAWRPGKEYVHT encoding is removed.

2026-06-04 09:49:48 - __main__ - INFO - Input matrix with HSIWRCFEAMTDLGKQNPYV encoding is generated.
2026-06-04 09:53:35 - __main__ - INFO - HSIWRCFEAMTDLGKQNPYV encoding is done for binary task with:
	-custom
		-f1: 0.8274021352313167
		-auroc: 0.7438973856701574
	-resnet
		-f1: 0.7627659574468085
		-auroc: 0.7499867455793019
2026-06-04 09:53:35 - __main__ - INFO - Input matrix with HSIWRCFEAMTDLGKQNPYV encoding is removed.

2026-06-04 09:53:47 - __main__ - INFO - Input matrix with PENCMYKVAGIHQLFDRTSW encoding is generated.
2026-06-04 09:57:48 - __main__ - INFO - PENCMYKVAGIHQLFDRTSW encoding is done for binary task with:
	-custom
		-f1: 0.831029870708872
		-auroc: 0.7498625725853935
	-resnet
		-f1: 0.825722273998136
		-auroc: 0.763660424532119
2026-06-04 09:57:48 - __main__ - INFO - Input matrix with PENCMYKVAGIHQLFDRTSW encoding is removed.

2026-06-04 09:58:01 - __main__ - INFO - Input matrix with YQDSVHNIALGPCKFEMTWR encoding is generated.
2026-06-04 10:01:56 - __main__ - INFO - YQDSVHNIALGPCKFEMTWR encoding is done for binary task with:
	-custom
		-f1: 0.8370635631154879
		-auroc: 0.7598787290266232
	-resnet
		-f1: 0.743421052631579
		-auroc: 0.7429960850626866
2026-06-04 10:01:56 - __main__ - INFO - Input matrix with YQDSVHNIALGPCKFEMTWR encoding is removed.

2026-06-04 10:02:09 - __main__ - INFO - Input matrix with ESDFKTGWVHMNCRYPLQIA encoding is generated.
2026-06-04 10:05:55 - __main__ - INFO - ESDFKTGWVHMNCRYPLQIA encoding is done for binary task with:
	-custom
		-f1: 0.8262826282628263
		-auroc: 0.747992304064782
	-resnet
		-f1: 0.8218213814342279
		-auroc: 0.7308989845718543
2026-06-04 10:05:55 - __main__ - INFO - Input matrix with ESDFKTGWVHMNCRYPLQIA encoding is removed.

2026-06-04 10:06:08 - __main__ - INFO - Input matrix with RLPSFKYIDQWVHECTGNAM encoding is generated.
2026-06-04 10:09:54 - __main__ - INFO - RLPSFKYIDQWVHECTGNAM encoding is done for binary task with:
	-custom
		-f1: 0.8311111111111111
		-auroc: 0.7484827176306118
	-resnet
		-f1: 0.7556041552761071
		-auroc: 0.755060398302318
2026-06-04 10:09:54 - __main__ - INFO - Input matrix with RLPSFKYIDQWVHECTGNAM encoding is removed.

2026-06-04 10:10:06 - __main__ - INFO - Input matrix with ALNVKQDCTMESWHFPIYRG encoding is generated.
2026-06-04 10:13:54 - __main__ - INFO - ALNVKQDCTMESWHFPIYRG encoding is done for binary task with:
	-custom
		-f1: 0.8315602836879432
		-auroc: 0.747815113388081
	-resnet
		-f1: 0.7933467741935484
		-auroc: 0.7600503388946092
2026-06-04 10:13:54 - __main__ - INFO - Input matrix with ALNVKQDCTMESWHFPIYRG encoding is removed.

2026-06-04 10:14:07 - __main__ - INFO - Input matrix with CTMDVEFPQNAIWKYGLSRH encoding is generated.
2026-06-04 10:17:54 - __main__ - INFO - CTMDVEFPQNAIWKYGLSRH encoding is done for binary task with:
	-custom
		-f1: 0.8246402877697842
		-auroc: 0.7453658359632894
	-resnet
		-f1: 0.8364587876144789
		-auroc: 0.7467031372516191
2026-06-04 10:17:54 - __main__ - INFO - Input matrix with CTMDVEFPQNAIWKYGLSRH encoding is removed.

2026-06-04 10:18:06 - __main__ - INFO - Input matrix with LGENKSQHYIFCAWDVMTRP encoding is generated.
2026-06-04 10:21:52 - __main__ - INFO - LGENKSQHYIFCAWDVMTRP encoding is done for binary task with:
	-custom
		-f1: 0.8251685393258427
		-auroc: 0.7458555519280299
	-resnet
		-f1: 0.8342564976565828
		-auroc: 0.732280932329904
2026-06-04 10:21:52 - __main__ - INFO - Input matrix with LGENKSQHYIFCAWDVMTRP encoding is removed.

2026-06-04 10:22:04 - __main__ - INFO - Input matrix with QIRNMTHKLDAPWVEGFYCS encoding is generated.
2026-06-04 10:25:50 - __main__ - INFO - QIRNMTHKLDAPWVEGFYCS encoding is done for binary task with:
	-custom
		-f1: 0.8300711743772242
		-auroc: 0.7475032857011308
	-resnet
		-f1: 0.8318181818181818
		-auroc: 0.7600559197033242
2026-06-04 10:25:50 - __main__ - INFO - Input matrix with QIRNMTHKLDAPWVEGFYCS encoding is removed.

2026-06-04 10:26:02 - __main__ - INFO - Input matrix with KMVATSYDCFILHRWPGQEN encoding is generated.
2026-06-04 10:29:47 - __main__ - INFO - KMVATSYDCFILHRWPGQEN encoding is done for binary task with:
	-custom
		-f1: 0.8375224416517055
		-auroc: 0.7617482999461451
	-resnet
		-f1: 0.8323269856014863
		-auroc: 0.7706943363162756
2026-06-04 10:29:47 - __main__ - INFO - Input matrix with KMVATSYDCFILHRWPGQEN encoding is removed.

2026-06-04 10:30:00 - __main__ - INFO - Input matrix with LAFRTDVYCNPHSIMWKGEQ encoding is generated.
2026-06-04 10:33:47 - __main__ - INFO - LAFRTDVYCNPHSIMWKGEQ encoding is done for binary task with:
	-custom
		-f1: 0.835194283162126
		-auroc: 0.7563174754653696
	-resnet
		-f1: 0.8233100233100233
		-auroc: 0.7607667752133961
2026-06-04 10:33:47 - __main__ - INFO - Input matrix with LAFRTDVYCNPHSIMWKGEQ encoding is removed.

2026-06-04 10:33:59 - __main__ - INFO - Input matrix with CLFEHKGPTRDYNWIQSMVA encoding is generated.
2026-06-04 10:37:45 - __main__ - INFO - CLFEHKGPTRDYNWIQSMVA encoding is done for binary task with:
	-custom
		-f1: 0.8369565217391305
		-auroc: 0.7651756140982389
	-resnet
		-f1: 0.7986213687838504
		-auroc: 0.7554217556666136
2026-06-04 10:37:45 - __main__ - INFO - Input matrix with CLFEHKGPTRDYNWIQSMVA encoding is removed.

2026-06-04 10:37:57 - __main__ - INFO - Input matrix with YFPTMQCWDALVHIRGKNES encoding is generated.
2026-06-04 10:41:42 - __main__ - INFO - YFPTMQCWDALVHIRGKNES encoding is done for binary task with:
	-custom
		-f1: 0.8360215053763441
		-auroc: 0.7588992970971423
	-resnet
		-f1: 0.813510941960038
		-auroc: 0.7577384888844243
2026-06-04 10:41:42 - __main__ - INFO - Input matrix with YFPTMQCWDALVHIRGKNES encoding is removed.

2026-06-04 10:41:54 - __main__ - INFO - Input matrix with INGHSCWFPLDRKAQYMTEV encoding is generated.
2026-06-04 10:45:41 - __main__ - INFO - INGHSCWFPLDRKAQYMTEV encoding is done for binary task with:
	-custom
		-f1: 0.8292682926829268
		-auroc: 0.7449214640693582
	-resnet
		-f1: 0.8312580506655217
		-auroc: 0.731879811703514
2026-06-04 10:45:41 - __main__ - INFO - Input matrix with INGHSCWFPLDRKAQYMTEV encoding is removed.

2026-06-04 10:45:53 - __main__ - INFO - Input matrix with APLDKHQIREVGCTYMSWNF encoding is generated.
2026-06-04 10:49:55 - __main__ - INFO - APLDKHQIREVGCTYMSWNF encoding is done for binary task with:
	-custom
		-f1: 0.8348056537102474
		-auroc: 0.7505308744290136
	-resnet
		-f1: 0.7906514172053705
		-auroc: 0.7504353030797694
2026-06-04 10:49:55 - __main__ - INFO - Input matrix with APLDKHQIREVGCTYMSWNF encoding is removed.

2026-06-04 10:50:08 - __main__ - INFO - Input matrix with IANWVKERSYHQDMCGFPTL encoding is generated.
2026-06-04 10:53:54 - __main__ - INFO - IANWVKERSYHQDMCGFPTL encoding is done for binary task with:
	-custom
		-f1: 0.8272484416740873
		-auroc: 0.7441199204176676
	-resnet
		-f1: 0.8295096716149347
		-auroc: 0.752087920060496
2026-06-04 10:53:54 - __main__ - INFO - Input matrix with IANWVKERSYHQDMCGFPTL encoding is removed.

2026-06-04 10:54:06 - __main__ - INFO - Input matrix with IHVCGWSQNAMREDFYPTKL encoding is generated.
2026-06-04 10:57:53 - __main__ - INFO - IHVCGWSQNAMREDFYPTKL encoding is done for binary task with:
	-custom
		-f1: 0.8251318101933216
		-auroc: 0.734772065820058
	-resnet
		-f1: 0.8342105263157895
		-auroc: 0.7463466630949491
2026-06-04 10:57:53 - __main__ - INFO - Input matrix with IHVCGWSQNAMREDFYPTKL encoding is removed.

2026-06-04 10:58:05 - __main__ - INFO - Input matrix with CISLPWYDRGAQFMVETHKN encoding is generated.
2026-06-04 11:01:52 - __main__ - INFO - CISLPWYDRGAQFMVETHKN encoding is done for binary task with:
	-custom
		-f1: 0.8290293855743545
		-auroc: 0.74652385377165
	-resnet
		-f1: 0.8112488083889419
		-auroc: 0.7557796250254625
2026-06-04 11:01:52 - __main__ - INFO - Input matrix with CISLPWYDRGAQFMVETHKN encoding is removed.

2026-06-04 11:02:04 - __main__ - INFO - Input matrix with AFNQSTMYCEWHRDGLVIKP encoding is generated.
2026-06-04 11:05:50 - __main__ - INFO - AFNQSTMYCEWHRDGLVIKP encoding is done for binary task with:
	-custom
		-f1: 0.84
		-auroc: 0.7605023844005235
	-resnet
		-f1: 0.7850562947799385
		-auroc: 0.7573785267223073
2026-06-04 11:05:50 - __main__ - INFO - Input matrix with AFNQSTMYCEWHRDGLVIKP encoding is removed.

2026-06-04 11:06:03 - __main__ - INFO - Input matrix with HTWLEINVARSDGPCKFYQM encoding is generated.
2026-06-04 11:09:48 - __main__ - INFO - HTWLEINVARSDGPCKFYQM encoding is done for binary task with:
	-custom
		-f1: 0.8204444444444444
		-auroc: 0.7340591175067178
	-resnet
		-f1: 0.8314028314028314
		-auroc: 0.7316572769560037
2026-06-04 11:09:48 - __main__ - INFO - Input matrix with HTWLEINVARSDGPCKFYQM encoding is removed.

2026-06-04 11:10:00 - __main__ - INFO - Input matrix with WDYIKNMAQVFESRCTPLHG encoding is generated.
2026-06-04 11:13:48 - __main__ - INFO - WDYIKNMAQVFESRCTPLHG encoding is done for binary task with:
	-custom
		-f1: 0.8306451612903226
		-auroc: 0.7516874970351954
	-resnet
		-f1: 0.7641700404858299
		-auroc: 0.7272854109288978
2026-06-04 11:13:48 - __main__ - INFO - Input matrix with WDYIKNMAQVFESRCTPLHG encoding is removed.

2026-06-04 11:14:00 - __main__ - INFO - Input matrix with VICWFTAYNLPRMGDEKQSH encoding is generated.
2026-06-04 11:17:46 - __main__ - INFO - VICWFTAYNLPRMGDEKQSH encoding is done for binary task with:
	-custom
		-f1: 0.8398420359806933
		-auroc: 0.7542707138691468
	-resnet
		-f1: 0.8106796116504854
		-auroc: 0.7636136852591309
2026-06-04 11:17:46 - __main__ - INFO - Input matrix with VICWFTAYNLPRMGDEKQSH encoding is removed.

2026-06-04 11:17:58 - __main__ - INFO - Input matrix with THFPARWLDNSIVMYCEKGQ encoding is generated.
2026-06-04 11:21:43 - __main__ - INFO - THFPARWLDNSIVMYCEKGQ encoding is done for binary task with:
	-custom
		-f1: 0.8368983957219251
		-auroc: 0.7575640886120809
	-resnet
		-f1: 0.8053435114503816
		-auroc: 0.7487903597110258
2026-06-04 11:21:43 - __main__ - INFO - Input matrix with THFPARWLDNSIVMYCEKGQ encoding is removed.

2026-06-04 11:21:55 - __main__ - INFO - Input matrix with YRMSVKGHAPFTIEWNQLCD encoding is generated.
2026-06-04 11:25:41 - __main__ - INFO - YRMSVKGHAPFTIEWNQLCD encoding is done for binary task with:
	-custom
		-f1: 0.8250559284116331
		-auroc: 0.7435409115134874
	-resnet
		-f1: 0.7071946458449526
		-auroc: 0.7121893233548474
2026-06-04 11:25:41 - __main__ - INFO - Input matrix with YRMSVKGHAPFTIEWNQLCD encoding is removed.

2026-06-04 11:25:54 - __main__ - INFO - Input matrix with FDHQVNYIWMAKTSCLGRPE encoding is generated.
2026-06-04 11:29:39 - __main__ - INFO - FDHQVNYIWMAKTSCLGRPE encoding is done for binary task with:
	-custom
		-f1: 0.8322981366459627
		-auroc: 0.7492396148125826
	-resnet
		-f1: 0.8133509003074221
		-auroc: 0.7184342483069222
2026-06-04 11:29:39 - __main__ - INFO - Input matrix with FDHQVNYIWMAKTSCLGRPE encoding is removed.

2026-06-04 11:29:51 - __main__ - INFO - Input matrix with NFWDHQSVGPTEIYCKALMR encoding is generated.
2026-06-04 11:33:38 - __main__ - INFO - NFWDHQSVGPTEIYCKALMR encoding is done for binary task with:
	-custom
		-f1: 0.8314806580702534
		-auroc: 0.7491949683428626
	-resnet
		-f1: 0.7713987473903967
		-auroc: 0.7507889868320818
2026-06-04 11:33:38 - __main__ - INFO - Input matrix with NFWDHQSVGPTEIYCKALMR encoding is removed.

2026-06-04 11:33:50 - __main__ - INFO - Input matrix with TIRAQESDNMVFPWKHYCLG encoding is generated.
2026-06-04 11:37:35 - __main__ - INFO - TIRAQESDNMVFPWKHYCLG encoding is done for binary task with:
	-custom
		-f1: 0.8401947764497565
		-auroc: 0.7588999946982318
	-resnet
		-f1: 0.8252286952335098
		-auroc: 0.7779486900446744
2026-06-04 11:37:35 - __main__ - INFO - Input matrix with TIRAQESDNMVFPWKHYCLG encoding is removed.

2026-06-04 11:37:48 - __main__ - INFO - Input matrix with FALQKEVMCGRSHIPYWNTD encoding is generated.
2026-06-04 11:41:34 - __main__ - INFO - FALQKEVMCGRSHIPYWNTD encoding is done for binary task with:
	-custom
		-f1: 0.8310421286031042
		-auroc: 0.7473253974233405
	-resnet
		-f1: 0.7894736842105263
		-auroc: 0.7573345778536767
2026-06-04 11:41:34 - __main__ - INFO - Input matrix with FALQKEVMCGRSHIPYWNTD encoding is removed.

2026-06-04 11:41:46 - __main__ - INFO - Input matrix with APTFHEWCVDKLIMRNSYGQ encoding is generated.
2026-06-04 11:45:34 - __main__ - INFO - APTFHEWCVDKLIMRNSYGQ encoding is done for binary task with:
	-custom
		-f1: 0.829981718464351
		-auroc: 0.7601891615113947
	-resnet
		-f1: 0.7778369738945126
		-auroc: 0.7677490645169391
2026-06-04 11:45:34 - __main__ - INFO - Input matrix with APTFHEWCVDKLIMRNSYGQ encoding is removed.

2026-06-04 11:45:46 - __main__ - INFO - Input matrix with QITRLYKGCPVDHMNFSAEW encoding is generated.
2026-06-04 11:49:32 - __main__ - INFO - QITRLYKGCPVDHMNFSAEW encoding is done for binary task with:
	-custom
		-f1: 0.8274021352313167
		-auroc: 0.7438973856701574
	-resnet
		-f1: 0.8007572172266919
		-auroc: 0.7390860309567461
2026-06-04 11:49:32 - __main__ - INFO - Input matrix with QITRLYKGCPVDHMNFSAEW encoding is removed.

2026-06-04 11:49:45 - __main__ - INFO - Input matrix with VMNDKQFPTIAWLRECHSGY encoding is generated.
2026-06-04 11:53:30 - __main__ - INFO - VMNDKQFPTIAWLRECHSGY encoding is done for binary task with:
	-custom
		-f1: 0.8388261851015801
		-auroc: 0.7661996924974399
	-resnet
		-f1: 0.8304439746300212
		-auroc: 0.7230663195403646
2026-06-04 11:53:30 - __main__ - INFO - Input matrix with VMNDKQFPTIAWLRECHSGY encoding is removed.

2026-06-04 11:53:42 - __main__ - INFO - Input matrix with AIEQWTSVFNMGHKDPLCYR encoding is generated.
2026-06-04 11:57:29 - __main__ - INFO - AIEQWTSVFNMGHKDPLCYR encoding is done for binary task with:
	-custom
		-f1: 0.8329621380846325
		-auroc: 0.7520439711918654
	-resnet
		-f1: 0.8295600170867151
		-auroc: 0.726938703187479
2026-06-04 11:57:29 - __main__ - INFO - Input matrix with AIEQWTSVFNMGHKDPLCYR encoding is removed.

2026-06-04 11:57:41 - __main__ - INFO - Input matrix with KWHFDCNRPEYLMIGTQSAV encoding is generated.
2026-06-04 12:01:29 - __main__ - INFO - KWHFDCNRPEYLMIGTQSAV encoding is done for binary task with:
	-custom
		-f1: 0.8278985507246377
		-auroc: 0.7531559473283274
	-resnet
		-f1: 0.8242368177613321
		-auroc: 0.7582742465210633
2026-06-04 12:01:29 - __main__ - INFO - Input matrix with KWHFDCNRPEYLMIGTQSAV encoding is removed.

2026-06-04 12:01:41 - __main__ - INFO - Input matrix with LMWKPQHTNEFGSVACYIDR encoding is generated.
2026-06-04 12:05:29 - __main__ - INFO - LMWKPQHTNEFGSVACYIDR encoding is done for binary task with:
	-custom
		-f1: 0.8347363757199823
		-auroc: 0.751910729383795
	-resnet
		-f1: 0.8352223190932868
		-auroc: 0.7447889198623773
2026-06-04 12:05:29 - __main__ - INFO - Input matrix with LMWKPQHTNEFGSVACYIDR encoding is removed.

2026-06-04 12:05:41 - __main__ - INFO - Input matrix with NDPGYITWQKHRLVCMSFAE encoding is generated.
2026-06-04 12:09:28 - __main__ - INFO - NDPGYITWQKHRLVCMSFAE encoding is done for binary task with:
	-custom
		-f1: 0.8388245770258237
		-auroc: 0.7597454872185528
	-resnet
		-f1: 0.8062977099236641
		-auroc: 0.7499923263880168
2026-06-04 12:09:28 - __main__ - INFO - Input matrix with NDPGYITWQKHRLVCMSFAE encoding is removed.

2026-06-04 12:09:40 - __main__ - INFO - Input matrix with AQMNHVFYTWCKGPLDIRSE encoding is generated.
2026-06-04 12:13:26 - __main__ - INFO - AQMNHVFYTWCKGPLDIRSE encoding is done for binary task with:
	-custom
		-f1: 0.8252821670428894
		-auroc: 0.7481701923425723
	-resnet
		-f1: 0.832034632034632
		-auroc: 0.7369988084973393
2026-06-04 12:13:26 - __main__ - INFO - Input matrix with AQMNHVFYTWCKGPLDIRSE encoding is removed.

2026-06-04 12:13:38 - __main__ - INFO - Input matrix with SHYCFNLKETVWQADPIMRG encoding is generated.
2026-06-04 12:17:25 - __main__ - INFO - SHYCFNLKETVWQADPIMRG encoding is done for binary task with:
	-custom
		-f1: 0.8358608385370205
		-auroc: 0.7565846566826
	-resnet
		-f1: 0.8139312977099237
		-auroc: 0.7596080598039462
2026-06-04 12:17:25 - __main__ - INFO - Input matrix with SHYCFNLKETVWQADPIMRG encoding is removed.

2026-06-04 12:17:37 - __main__ - INFO - Input matrix with IALSNPFGDWEKQHVYMTCR encoding is generated.
2026-06-04 12:21:24 - __main__ - INFO - IALSNPFGDWEKQHVYMTCR encoding is done for binary task with:
	-custom
		-f1: 0.8358996920369556
		-auroc: 0.7501304514037129
	-resnet
		-f1: 0.7977698935631019
		-auroc: 0.7678850967293669
2026-06-04 12:21:25 - __main__ - INFO - Input matrix with IALSNPFGDWEKQHVYMTCR encoding is removed.

2026-06-04 12:21:37 - __main__ - INFO - Input matrix with HPQTAEWGISYFRVLKDNCM encoding is generated.
2026-06-04 12:25:24 - __main__ - INFO - HPQTAEWGISYFRVLKDNCM encoding is done for binary task with:
	-custom
		-f1: 0.8330404217926186
		-auroc: 0.7455897659129784
	-resnet
		-f1: 0.8303612254229538
		-auroc: 0.7609014122236453
2026-06-04 12:25:24 - __main__ - INFO - Input matrix with HPQTAEWGISYFRVLKDNCM encoding is removed.

2026-06-04 12:25:36 - __main__ - INFO - Input matrix with SMAPIGVQDWLNFTREHKCY encoding is generated.
2026-06-04 12:29:22 - __main__ - INFO - SMAPIGVQDWLNFTREHKCY encoding is done for binary task with:
	-custom
		-f1: 0.8346595932802829
		-auroc: 0.7507534091765237
	-resnet
		-f1: 0.8212962962962963
		-auroc: 0.7548908812376001
2026-06-04 12:29:22 - __main__ - INFO - Input matrix with SMAPIGVQDWLNFTREHKCY encoding is removed.

2026-06-04 12:29:34 - __main__ - INFO - Input matrix with SLCNEYTQWRMKHPAIDFGV encoding is generated.
2026-06-04 12:33:20 - __main__ - INFO - SLCNEYTQWRMKHPAIDFGV encoding is done for binary task with:
	-custom
		-f1: 0.825794894760412
		-auroc: 0.7449654129379889
	-resnet
		-f1: 0.7199558985667034
		-auroc: 0.7200694252604145
2026-06-04 12:33:20 - __main__ - INFO - Input matrix with SLCNEYTQWRMKHPAIDFGV encoding is removed.

2026-06-04 12:33:33 - __main__ - INFO - Input matrix with LSPFNRTVKHIWAMYDEQCG encoding is generated.
2026-06-04 12:37:20 - __main__ - INFO - LSPFNRTVKHIWAMYDEQCG encoding is done for binary task with:
	-custom
		-f1: 0.8322981366459627
		-auroc: 0.7492396148125826
	-resnet
		-f1: 0.8189189189189189
		-auroc: 0.7385991053963631
2026-06-04 12:37:20 - __main__ - INFO - Input matrix with LSPFNRTVKHIWAMYDEQCG encoding is removed.

2026-06-04 12:37:32 - __main__ - INFO - Input matrix with TGRCPQMYDWIALVSKEFHN encoding is generated.
2026-06-04 12:41:19 - __main__ - INFO - TGRCPQMYDWIALVSKEFHN encoding is done for binary task with:
	-custom
		-f1: 0.8317715305667113
		-auroc: 0.7512870740098948
	-resnet
		-f1: 0.819811320754717
		-auroc: 0.7617455095417878
2026-06-04 12:41:19 - __main__ - INFO - Input matrix with TGRCPQMYDWIALVSKEFHN encoding is removed.

2026-06-04 12:41:31 - __main__ - INFO - Input matrix with FQGYMLTHEWKRISADCNVP encoding is generated.
2026-06-04 12:45:17 - __main__ - INFO - FQGYMLTHEWKRISADCNVP encoding is done for binary task with:
	-custom
		-f1: 0.8198037466547725
		-auroc: 0.7349492564967589
	-resnet
		-f1: 0.7157894736842105
		-auroc: 0.7180659149317328
2026-06-04 12:45:17 - __main__ - INFO - Input matrix with FQGYMLTHEWKRISADCNVP encoding is removed.

2026-06-04 12:45:30 - __main__ - INFO - Input matrix with ANHRQMVDYPFWIKGLCETS encoding is generated.
2026-06-04 12:49:16 - __main__ - INFO - ANHRQMVDYPFWIKGLCETS encoding is done for binary task with:
	-custom
		-f1: 0.8254822790489008
		-auroc: 0.7454104824330093
	-resnet
		-f1: 0.8226244343891402
		-auroc: 0.74572161251887
2026-06-04 12:49:16 - __main__ - INFO - Input matrix with ANHRQMVDYPFWIKGLCETS encoding is removed.

2026-06-04 12:49:28 - __main__ - INFO - Input matrix with ACWIPMLEYNSFRKDQHTGV encoding is generated.
2026-06-04 12:53:14 - __main__ - INFO - ACWIPMLEYNSFRKDQHTGV encoding is done for binary task with:
	-custom
		-f1: 0.833407771326485
		-auroc: 0.7539135421113874
	-resnet
		-f1: 0.8204406938584153
		-auroc: 0.7596980503444755
2026-06-04 12:53:14 - __main__ - INFO - Input matrix with ACWIPMLEYNSFRKDQHTGV encoding is removed.

2026-06-04 12:53:27 - __main__ - INFO - Input matrix with HDIWGVEFANYSKLQPCTRM encoding is generated.
2026-06-04 12:57:13 - __main__ - INFO - HDIWGVEFANYSKLQPCTRM encoding is done for binary task with:
	-custom
		-f1: 0.830948121645796
		-auroc: 0.7512424275401748
	-resnet
		-f1: 0.7821629933367504
		-auroc: 0.7547074121510947
2026-06-04 12:57:13 - __main__ - INFO - Input matrix with HDIWGVEFANYSKLQPCTRM encoding is removed.

2026-06-04 12:57:26 - __main__ - INFO - Input matrix with YGHKWRTEDLNMFQSAVICP encoding is generated.
2026-06-04 13:01:12 - __main__ - INFO - YGHKWRTEDLNMFQSAVICP encoding is done for binary task with:
	-custom
		-f1: 0.8296164139161463
		-auroc: 0.7481708899436618
	-resnet
		-f1: 0.7918575063613231
		-auroc: 0.7627654023344522
2026-06-04 13:01:12 - __main__ - INFO - Input matrix with YGHKWRTEDLNMFQSAVICP encoding is removed.

2026-06-04 13:01:24 - __main__ - INFO - Input matrix with MQILHFCDVNKYREGPSTWA encoding is generated.
2026-06-04 13:05:10 - __main__ - INFO - MQILHFCDVNKYREGPSTWA encoding is done for binary task with:
	-custom
		-f1: 0.821954484605087
		-auroc: 0.7380654405629921
	-resnet
		-f1: 0.842200180342651
		-auroc: 0.7700727737456434
2026-06-04 13:05:10 - __main__ - INFO - Input matrix with MQILHFCDVNKYREGPSTWA encoding is removed.

2026-06-04 13:05:22 - __main__ - INFO - Input matrix with CVQRPFHLDTNIGMKAEWYS encoding is generated.
2026-06-04 13:09:08 - __main__ - INFO - CVQRPFHLDTNIGMKAEWYS encoding is done for binary task with:
	-custom
		-f1: 0.8169014084507042
		-auroc: 0.7401122021592149
	-resnet
		-f1: 0.7885196374622356
		-auroc: 0.7538179707621431
2026-06-04 13:09:08 - __main__ - INFO - Input matrix with CVQRPFHLDTNIGMKAEWYS encoding is removed.

2026-06-04 13:09:20 - __main__ - INFO - Input matrix with WEFCNPLDVAQGKMHRYIST encoding is generated.
2026-06-04 13:13:07 - __main__ - INFO - WEFCNPLDVAQGKMHRYIST encoding is done for binary task with:
	-custom
		-f1: 0.8297682709447415
		-auroc: 0.7479483551961514
	-resnet
		-f1: 0.7401404646137223
		-auroc: 0.7321790825708553
2026-06-04 13:13:07 - __main__ - INFO - Input matrix with WEFCNPLDVAQGKMHRYIST encoding is removed.

2026-06-04 13:13:19 - __main__ - INFO - Input matrix with VWSMIPNFLTHYAKCDGQRE encoding is generated.
2026-06-04 13:17:07 - __main__ - INFO - VWSMIPNFLTHYAKCDGQRE encoding is done for binary task with:
	-custom
		-f1: 0.8295557570262919
		-auroc: 0.7557824154298199
	-resnet
		-f1: 0.8310502283105022
		-auroc: 0.7611685934408756
2026-06-04 13:17:07 - __main__ - INFO - Input matrix with VWSMIPNFLTHYAKCDGQRE encoding is removed.

2026-06-04 13:17:19 - __main__ - INFO - Input matrix with NQWMYVTHSELADCGKRIFP encoding is generated.
2026-06-04 13:21:06 - __main__ - INFO - NQWMYVTHSELADCGKRIFP encoding is done for binary task with:
	-custom
		-f1: 0.8399280575539568
		-auroc: 0.7657992694721392
	-resnet
		-f1: 0.8305315765561109
		-auroc: 0.7581417023140822
2026-06-04 13:21:06 - __main__ - INFO - Input matrix with NQWMYVTHSELADCGKRIFP encoding is removed.

2026-06-04 13:21:19 - __main__ - INFO - Input matrix with KDTRAEHNGFVLPSYWIMCQ encoding is generated.
2026-06-04 13:25:21 - __main__ - INFO - KDTRAEHNGFVLPSYWIMCQ encoding is done for binary task with:
	-custom
		-f1: 0.8325231992929739
		-auroc: 0.7476372251102906
	-resnet
		-f1: 0.8108365019011406
		-auroc: 0.7539100541059405
2026-06-04 13:25:21 - __main__ - INFO - Input matrix with KDTRAEHNGFVLPSYWIMCQ encoding is removed.

2026-06-04 13:25:34 - __main__ - INFO - Input matrix with YDKILPFCNMWHTSARQEGV encoding is generated.
2026-06-04 13:29:38 - __main__ - INFO - YDKILPFCNMWHTSARQEGV encoding is done for binary task with:
	-custom
		-f1: 0.8276773909211106
		-auroc: 0.739757820805813
	-resnet
		-f1: 0.7540279269602578
		-auroc: 0.7447777582449472
2026-06-04 13:29:38 - __main__ - INFO - Input matrix with YDKILPFCNMWHTSARQEGV encoding is removed.

2026-06-04 13:29:50 - __main__ - INFO - Input matrix with ITSVACKWGPDYFQEHLMRN encoding is generated.
2026-06-04 13:33:40 - __main__ - INFO - ITSVACKWGPDYFQEHLMRN encoding is done for binary task with:
	-custom
		-f1: 0.8343891402714932
		-auroc: 0.7613471793197553
	-resnet
		-f1: 0.8183503243744208
		-auroc: 0.7515075159541369
2026-06-04 13:33:40 - __main__ - INFO - Input matrix with ITSVACKWGPDYFQEHLMRN encoding is removed.

2026-06-04 13:33:52 - __main__ - INFO - Input matrix with HNMPCVTKAEGDLYSFWQRI encoding is generated.
2026-06-04 13:37:37 - __main__ - INFO - HNMPCVTKAEGDLYSFWQRI encoding is done for binary task with:
	-custom
		-f1: 0.8303217276333187
		-auroc: 0.7433637208367865
	-resnet
		-f1: 0.7265581134194273
		-auroc: 0.736361898702741
2026-06-04 13:37:37 - __main__ - INFO - Input matrix with HNMPCVTKAEGDLYSFWQRI encoding is removed.

2026-06-04 13:37:50 - __main__ - INFO - Input matrix with WIVGSMCRYKEFLTQHNADP encoding is generated.
2026-06-04 13:41:35 - __main__ - INFO - WIVGSMCRYKEFLTQHNADP encoding is done for binary task with:
	-custom
		-f1: 0.827433628318584
		-auroc: 0.7413602105081047
	-resnet
		-f1: 0.8265871325095867
		-auroc: 0.7214632322369835
2026-06-04 13:41:35 - __main__ - INFO - Input matrix with WIVGSMCRYKEFLTQHNADP encoding is removed.

2026-06-04 13:41:48 - __main__ - INFO - Input matrix with LHVFRKAPDCITEGYWNMSQ encoding is generated.
2026-06-04 13:45:34 - __main__ - INFO - LHVFRKAPDCITEGYWNMSQ encoding is done for binary task with:
	-custom
		-f1: 0.8337048595630852
		-auroc: 0.753468472616367
	-resnet
		-f1: 0.8244592346089851
		-auroc: 0.7061062418555073
2026-06-04 13:45:34 - __main__ - INFO - Input matrix with LHVFRKAPDCITEGYWNMSQ encoding is removed.

2026-06-04 13:45:46 - __main__ - INFO - Input matrix with YSDGELQMWPVTRNKIFHAC encoding is generated.
2026-06-04 13:49:34 - __main__ - INFO - YSDGELQMWPVTRNKIFHAC encoding is done for binary task with:
	-custom
		-f1: 0.8372505543237251
		-auroc: 0.7557391641622788
	-resnet
		-f1: 0.825091575091575
		-auroc: 0.7546243976214595
2026-06-04 13:49:34 - __main__ - INFO - Input matrix with YSDGELQMWPVTRNKIFHAC encoding is removed.

2026-06-04 13:49:46 - __main__ - INFO - Input matrix with NRGFKSHVDILQEWMTAPCY encoding is generated.
2026-06-04 13:53:33 - __main__ - INFO - NRGFKSHVDILQEWMTAPCY encoding is done for binary task with:
	-custom
		-f1: 0.8262032085561497
		-auroc: 0.7431404884881868
	-resnet
		-f1: 0.8242424242424242
		-auroc: 0.7619687418903873
2026-06-04 13:53:33 - __main__ - INFO - Input matrix with NRGFKSHVDILQEWMTAPCY encoding is removed.

2026-06-04 13:53:45 - __main__ - INFO - Input matrix with TLAMSGQFECVWKHDPRIYN encoding is generated.
2026-06-04 13:57:55 - __main__ - INFO - TLAMSGQFECVWKHDPRIYN encoding is done for binary task with:
	-custom
		-f1: 0.8336267605633803
		-auroc: 0.7472368020849902
	-resnet
		-f1: 0.8372911169744943
		-auroc: 0.7518221340454445
2026-06-04 13:57:55 - __main__ - INFO - Input matrix with TLAMSGQFECVWKHDPRIYN encoding is removed.

2026-06-04 13:58:08 - __main__ - INFO - Input matrix with VRSNHTWYEMFKPIADQLGC encoding is generated.
2026-06-04 14:02:26 - __main__ - INFO - VRSNHTWYEMFKPIADQLGC encoding is done for binary task with:
	-custom
		-f1: 0.8260869565217391
		-auroc: 0.7408258480736444
	-resnet
		-f1: 0.8331885317115552
		-auroc: 0.7402928808413627
2026-06-04 14:02:26 - __main__ - INFO - Input matrix with VRSNHTWYEMFKPIADQLGC encoding is removed.

2026-06-04 14:02:38 - __main__ - INFO - Input matrix with ANEHCPLFKIVWQDMTGYSR encoding is generated.
2026-06-04 14:06:49 - __main__ - INFO - ANEHCPLFKIVWQDMTGYSR encoding is done for binary task with:
	-custom
		-f1: 0.8210151380231523
		-auroc: 0.7357061536787296
	-resnet
		-f1: 0.7640567524960589
		-auroc: 0.7456246459674472
2026-06-04 14:06:49 - __main__ - INFO - Input matrix with ANEHCPLFKIVWQDMTGYSR encoding is removed.

2026-06-04 14:07:02 - __main__ - INFO - Input matrix with IKTAMNGPLQSVYWHEDFCR encoding is generated.
2026-06-04 14:11:01 - __main__ - INFO - IKTAMNGPLQSVYWHEDFCR encoding is done for binary task with:
	-custom
		-f1: 0.8315602836879432
		-auroc: 0.747815113388081
	-resnet
		-f1: 0.8223028105167725
		-auroc: 0.7461666820138907
2026-06-04 14:11:01 - __main__ - INFO - Input matrix with IKTAMNGPLQSVYWHEDFCR encoding is removed.

2026-06-04 14:11:13 - __main__ - INFO - Input matrix with GTCWLNDVSQMREIHPFAKY encoding is generated.
2026-06-04 14:15:00 - __main__ - INFO - GTCWLNDVSQMREIHPFAKY encoding is done for binary task with:
	-custom
		-f1: 0.8264536173990236
		-auroc: 0.7415380987858952
	-resnet
		-f1: 0.7510638297872341
		-auroc: 0.736765112132399
2026-06-04 14:15:00 - __main__ - INFO - Input matrix with GTCWLNDVSQMREIHPFAKY encoding is removed.

2026-06-04 14:15:12 - __main__ - INFO - Input matrix with RNVGFWCYTAMSQDLIHEPK encoding is generated.
2026-06-04 14:19:00 - __main__ - INFO - RNVGFWCYTAMSQDLIHEPK encoding is done for binary task with:
	-custom
		-f1: 0.8209021884769987
		-auroc: 0.7370860086335111
	-resnet
		-f1: 0.8384240814519699
		-auroc: 0.7564960613442494
2026-06-04 14:19:00 - __main__ - INFO - Input matrix with RNVGFWCYTAMSQDLIHEPK encoding is removed.

2026-06-04 14:19:12 - __main__ - INFO - Input matrix with LAQHFISCGMNKTRWEPVYD encoding is generated.
2026-06-04 14:22:59 - __main__ - INFO - LAQHFISCGMNKTRWEPVYD encoding is done for binary task with:
	-custom
		-f1: 0.8355437665782494
		-auroc: 0.7519553758535149
	-resnet
		-f1: 0.8176744186046512
		-auroc: 0.752397654944178
2026-06-04 14:22:59 - __main__ - INFO - Input matrix with LAQHFISCGMNKTRWEPVYD encoding is removed.

2026-06-04 14:23:11 - __main__ - INFO - Input matrix with KRPIVTSELYFWGNMCQHDA encoding is generated.
2026-06-04 14:26:57 - __main__ - INFO - KRPIVTSELYFWGNMCQHDA encoding is done for binary task with:
	-custom
		-f1: 0.8266075388026608
		-auroc: 0.7413155640383848
	-resnet
		-f1: 0.7865943814687038
		-auroc: 0.74122069029023
2026-06-04 14:26:57 - __main__ - INFO - Input matrix with KRPIVTSELYFWGNMCQHDA encoding is removed.

2026-06-04 14:27:09 - __main__ - INFO - Input matrix with FDCAYESNTHKGPRWMQLVI encoding is generated.
2026-06-04 14:30:54 - __main__ - INFO - FDCAYESNTHKGPRWMQLVI encoding is done for binary task with:
	-custom
		-f1: 0.8279857397504456
		-auroc: 0.745544421842169
	-resnet
		-f1: 0.7965235173824131
		-auroc: 0.7703776254216999
2026-06-04 14:30:54 - __main__ - INFO - Input matrix with FDCAYESNTHKGPRWMQLVI encoding is removed.

2026-06-04 14:31:06 - __main__ - INFO - Input matrix with FCMYWIVSQLPKTGDEHRAN encoding is generated.
2026-06-04 14:34:54 - __main__ - INFO - FCMYWIVSQLPKTGDEHRAN encoding is done for binary task with:
	-custom
		-f1: 0.8336283185840708
		-auroc: 0.7497739772470429
	-resnet
		-f1: 0.773555439875065
		-auroc: 0.7520355999787929
2026-06-04 14:34:54 - __main__ - INFO - Input matrix with FCMYWIVSQLPKTGDEHRAN encoding is removed.

2026-06-04 14:35:06 - __main__ - INFO - Input matrix with PYQRIFACGVSHNLTKEDWM encoding is generated.
2026-06-04 14:38:54 - __main__ - INFO - PYQRIFACGVSHNLTKEDWM encoding is done for binary task with:
	-custom
		-f1: 0.833408172429277
		-auroc: 0.75645071727344
	-resnet
		-f1: 0.7765793528505393
		-auroc: 0.7491426482611595
2026-06-04 14:38:54 - __main__ - INFO - Input matrix with PYQRIFACGVSHNLTKEDWM encoding is removed.

2026-06-04 14:39:06 - __main__ - INFO - Input matrix with RTGKDSEYWFIMAVQNLCPH encoding is generated.
2026-06-04 14:42:53 - __main__ - INFO - RTGKDSEYWFIMAVQNLCPH encoding is done for binary task with:
	-custom
		-f1: 0.8328792007266121
		-auroc: 0.7610353516328051
	-resnet
		-f1: 0.8164043872198379
		-auroc: 0.762501709122669
2026-06-04 14:42:53 - __main__ - INFO - Input matrix with RTGKDSEYWFIMAVQNLCPH encoding is removed.

2026-06-04 14:43:06 - __main__ - INFO - Input matrix with QCSLWFGRVPDNYMKAETHI encoding is generated.
2026-06-04 14:46:52 - __main__ - INFO - QCSLWFGRVPDNYMKAETHI encoding is done for binary task with:
	-custom
		-f1: 0.8189539561913277
		-auroc: 0.734904610027039
	-resnet
		-f1: 0.7563829787234042
		-auroc: 0.7427749455173549
2026-06-04 14:46:52 - __main__ - INFO - Input matrix with QCSLWFGRVPDNYMKAETHI encoding is removed.

2026-06-04 14:47:05 - __main__ - INFO - Input matrix with ENGQRDLSFMATHCVYIPWK encoding is generated.
2026-06-04 14:50:50 - __main__ - INFO - ENGQRDLSFMATHCVYIPWK encoding is done for binary task with:
	-custom
		-f1: 0.8375
		-auroc: 0.7592111247840925
	-resnet
		-f1: 0.6003924133420536
		-auroc: 0.689879342915582
2026-06-04 14:50:50 - __main__ - INFO - Input matrix with ENGQRDLSFMATHCVYIPWK encoding is removed.

2026-06-04 14:51:02 - __main__ - INFO - Input matrix with KQLYIRGFAWNTCMDPHESV encoding is generated.
2026-06-04 14:54:49 - __main__ - INFO - KQLYIRGFAWNTCMDPHESV encoding is done for binary task with:
	-custom
		-f1: 0.8310542567269519
		-auroc: 0.744788222261288
	-resnet
		-f1: 0.8235840297121634
		-auroc: 0.7591643855111043
2026-06-04 14:54:49 - __main__ - INFO - Input matrix with KQLYIRGFAWNTCMDPHESV encoding is removed.

2026-06-04 14:55:01 - __main__ - INFO - Input matrix with PQEVDKANLRCGFSIWTHYM encoding is generated.
2026-06-04 14:58:48 - __main__ - INFO - PQEVDKANLRCGFSIWTHYM encoding is done for binary task with:
	-custom
		-f1: 0.8262411347517731
		-auroc: 0.740603313326134
	-resnet
		-f1: 0.7593582887700535
		-auroc: 0.7486954859628708
2026-06-04 14:58:48 - __main__ - INFO - Input matrix with PQEVDKANLRCGFSIWTHYM encoding is removed.

2026-06-04 14:59:00 - __main__ - INFO - Input matrix with SLIHQMPCNVDAETKYWFGR encoding is generated.
2026-06-04 15:02:48 - __main__ - INFO - SLIHQMPCNVDAETKYWFGR encoding is done for binary task with:
	-custom
		-f1: 0.8313090418353576
		-auroc: 0.7544918534144782
	-resnet
		-f1: 0.8306486721811058
		-auroc: 0.7378443010176603
2026-06-04 15:02:48 - __main__ - INFO - Input matrix with SLIHQMPCNVDAETKYWFGR encoding is removed.

2026-06-04 15:03:00 - __main__ - INFO - Input matrix with SMTCWDRYQFVIHKGNEAPL encoding is generated.
2026-06-04 15:06:46 - __main__ - INFO - SMTCWDRYQFVIHKGNEAPL encoding is done for binary task with:
	-custom
		-f1: 0.8258750553832521
		-auroc: 0.7398910626138835
	-resnet
		-f1: 0.8353658536585366
		-auroc: 0.744566385114867
2026-06-04 15:06:46 - __main__ - INFO - Input matrix with SMTCWDRYQFVIHKGNEAPL encoding is removed.

2026-06-04 15:06:58 - __main__ - INFO - Input matrix with FISGWDKQPNTYCHVMAERL encoding is generated.
2026-06-04 15:11:06 - __main__ - INFO - FISGWDKQPNTYCHVMAERL encoding is done for binary task with:
	-custom
		-f1: 0.832014072119613
		-auroc: 0.7446103339834975
	-resnet
		-f1: 0.8417298261257244
		-auroc: 0.7642861727092873
2026-06-04 15:11:06 - __main__ - INFO - Input matrix with FISGWDKQPNTYCHVMAERL encoding is removed.

2026-06-04 15:11:18 - __main__ - INFO - Input matrix with STMYVWGIKACENFRLHQDP encoding is generated.
2026-06-04 15:15:07 - __main__ - INFO - STMYVWGIKACENFRLHQDP encoding is done for binary task with:
	-custom
		-f1: 0.8348826914563966
		-auroc: 0.7516881946362848
	-resnet
		-f1: 0.8067469879518072
		-auroc: 0.7553338579293526
2026-06-04 15:15:07 - __main__ - INFO - Input matrix with STMYVWGIKACENFRLHQDP encoding is removed.

2026-06-04 15:15:19 - __main__ - INFO - Input matrix with MRPQITNGKHCLVWYADEFS encoding is generated.
2026-06-04 15:19:08 - __main__ - INFO - MRPQITNGKHCLVWYADEFS encoding is done for binary task with:
	-custom
		-f1: 0.8266546600630347
		-auroc: 0.7487045547770328
	-resnet
		-f1: 0.8283002588438308
		-auroc: 0.7300988361223425
2026-06-04 15:19:08 - __main__ - INFO - Input matrix with MRPQITNGKHCLVWYADEFS encoding is removed.

2026-06-04 15:19:20 - __main__ - INFO - Input matrix with GCSLQHPMTFWDRYKVAINE encoding is generated.
2026-06-04 15:23:09 - __main__ - INFO - GCSLQHPMTFWDRYKVAINE encoding is done for binary task with:
	-custom
		-f1: 0.8180196253345228
		-auroc: 0.7325453231427766
	-resnet
		-f1: 0.8337730870712401
		-auroc: 0.7470142673374799
2026-06-04 15:23:09 - __main__ - INFO - Input matrix with GCSLQHPMTFWDRYKVAINE encoding is removed.

2026-06-04 15:23:21 - __main__ - INFO - Input matrix with EFWMPINRYQKHCSVGTDAL encoding is generated.
2026-06-04 15:27:09 - __main__ - INFO - EFWMPINRYQKHCSVGTDAL encoding is done for binary task with:
	-custom
		-f1: 0.8372497824194952
		-auroc: 0.7467477837213391
	-resnet
		-f1: 0.8333333333333334
		-auroc: 0.7502190467420634
2026-06-04 15:27:09 - __main__ - INFO - Input matrix with EFWMPINRYQKHCSVGTDAL encoding is removed.

2026-06-04 15:27:21 - __main__ - INFO - Input matrix with GDNMYKVLSERQFCTAIHPW encoding is generated.
2026-06-04 15:31:09 - __main__ - INFO - GDNMYKVLSERQFCTAIHPW encoding is done for binary task with:
	-custom
		-f1: 0.8350469378632096
		-auroc: 0.7565400102128799
	-resnet
		-f1: 0.7088167053364269
		-auroc: 0.7336893889293497
2026-06-04 15:31:09 - __main__ - INFO - Input matrix with GDNMYKVLSERQFCTAIHPW encoding is removed.

2026-06-04 15:31:21 - __main__ - INFO - Input matrix with HRQNLDAVMWKFGIPETSCY encoding is generated.
2026-06-04 15:35:08 - __main__ - INFO - HRQNLDAVMWKFGIPETSCY encoding is done for binary task with:
	-custom
		-f1: 0.835781041388518
		-auroc: 0.7554273364753287
	-resnet
		-f1: 0.8399816597890876
		-auroc: 0.7747906499130789
2026-06-04 15:35:08 - __main__ - INFO - Input matrix with HRQNLDAVMWKFGIPETSCY encoding is removed.

2026-06-04 15:35:21 - __main__ - INFO - Input matrix with TKPWALIFREQDSMCHNYGV encoding is generated.
2026-06-04 15:39:09 - __main__ - INFO - TKPWALIFREQDSMCHNYGV encoding is done for binary task with:
	-custom
		-f1: 0.828853046594982
		-auroc: 0.749283563681213
	-resnet
		-f1: 0.8149951314508277
		-auroc: 0.7702911228866175
2026-06-04 15:39:09 - __main__ - INFO - Input matrix with TKPWALIFREQDSMCHNYGV encoding is removed.

2026-06-04 15:39:21 - __main__ - INFO - Input matrix with SCPVGAIFERHMTKDYWQNL encoding is generated.
2026-06-04 15:43:08 - __main__ - INFO - SCPVGAIFERHMTKDYWQNL encoding is done for binary task with:
	-custom
		-f1: 0.8240495137046862
		-auroc: 0.7363298090526299
	-resnet
		-f1: 0.8303375712406839
		-auroc: 0.7408265456747337
2026-06-04 15:43:08 - __main__ - INFO - Input matrix with SCPVGAIFERHMTKDYWQNL encoding is removed.

2026-06-04 15:43:20 - __main__ - INFO - Input matrix with KCAGEMWNDPTILRFYQHSV encoding is generated.
2026-06-04 15:47:08 - __main__ - INFO - KCAGEMWNDPTILRFYQHSV encoding is done for binary task with:
	-custom
		-f1: 0.8354881854658939
		-auroc: 0.7558724059703492
	-resnet
		-f1: 0.771595124536301
		-auroc: 0.7582226240404497
2026-06-04 15:47:08 - __main__ - INFO - Input matrix with KCAGEMWNDPTILRFYQHSV encoding is removed.

2026-06-04 15:47:20 - __main__ - INFO - Input matrix with QGIPCSRANWEKVMFHYDTL encoding is generated.
2026-06-04 15:51:08 - __main__ - INFO - QGIPCSRANWEKVMFHYDTL encoding is done for binary task with:
	-custom
		-f1: 0.823162583518931
		-auroc: 0.7388223377449625
	-resnet
		-f1: 0.7677957781050565
		-auroc: 0.7162912177603658
2026-06-04 15:51:08 - __main__ - INFO - Input matrix with QGIPCSRANWEKVMFHYDTL encoding is removed.

2026-06-04 15:51:20 - __main__ - INFO - Input matrix with FHGYEIPAKLWVTSCQRNMD encoding is generated.
2026-06-04 15:55:08 - __main__ - INFO - FHGYEIPAKLWVTSCQRNMD encoding is done for binary task with:
	-custom
		-f1: 0.8325952170062002
		-auroc: 0.748794545317562
	-resnet
		-f1: 0.8252650991240202
		-auroc: 0.7580963582432729
2026-06-04 15:55:08 - __main__ - INFO - Input matrix with FHGYEIPAKLWVTSCQRNMD encoding is removed.

2026-06-04 15:55:20 - __main__ - INFO - Input matrix with YWLRTPEFNSHVDCGQMIKA encoding is generated.
2026-06-04 15:59:08 - __main__ - INFO - YWLRTPEFNSHVDCGQMIKA encoding is done for binary task with:
	-custom
		-f1: 0.822841726618705
		-auroc: 0.7429619026093072
	-resnet
		-f1: 0.760427807486631
		-auroc: 0.7498974526398621
2026-06-04 15:59:08 - __main__ - INFO - Input matrix with YWLRTPEFNSHVDCGQMIKA encoding is removed.

2026-06-04 15:59:21 - __main__ - INFO - Input matrix with ANQFLCKSWRHYPIMGETDV encoding is generated.
2026-06-04 16:03:10 - __main__ - INFO - ANQFLCKSWRHYPIMGETDV encoding is done for binary task with:
	-custom
		-f1: 0.8266183793571752
		-auroc: 0.7512417299390854
	-resnet
		-f1: 0.827966881324747
		-auroc: 0.7605449380669753
2026-06-04 16:03:10 - __main__ - INFO - Input matrix with ANQFLCKSWRHYPIMGETDV encoding is removed.

2026-06-04 16:03:22 - __main__ - INFO - Input matrix with EMGVSNWKCTQAPLHFIYRD encoding is generated.
2026-06-04 16:07:10 - __main__ - INFO - EMGVSNWKCTQAPLHFIYRD encoding is done for binary task with:
	-custom
		-f1: 0.8358340688437775
		-auroc: 0.7515103063584945
	-resnet
		-f1: 0.7156585641605426
		-auroc: 0.7280813737718732
2026-06-04 16:07:10 - __main__ - INFO - Input matrix with EMGVSNWKCTQAPLHFIYRD encoding is removed.

2026-06-04 16:07:22 - __main__ - INFO - Input matrix with VSYHGFTDENQKMLWIACRP encoding is generated.
2026-06-04 16:11:09 - __main__ - INFO - VSYHGFTDENQKMLWIACRP encoding is done for binary task with:
	-custom
		-f1: 0.8367346938775511
		-auroc: 0.7552494481975383
	-resnet
		-f1: 0.7126436781609196
		-auroc: 0.7331110776262588
2026-06-04 16:11:09 - __main__ - INFO - Input matrix with VSYHGFTDENQKMLWIACRP encoding is removed.

2026-06-04 16:11:22 - __main__ - INFO - Input matrix with DAQYWGCMRKNTFPSLEIHV encoding is generated.
2026-06-04 16:15:10 - __main__ - INFO - DAQYWGCMRKNTFPSLEIHV encoding is done for binary task with:
	-custom
		-f1: 0.8331846565566459
		-auroc: 0.7529787566516264
	-resnet
		-f1: 0.7986076578816509
		-auroc: 0.7600510364956986
2026-06-04 16:15:10 - __main__ - INFO - Input matrix with DAQYWGCMRKNTFPSLEIHV encoding is removed.

2026-06-04 16:15:22 - __main__ - INFO - Input matrix with CTYIRWVMANPFHDLQKESG encoding is generated.
2026-06-04 16:19:08 - __main__ - INFO - CTYIRWVMANPFHDLQKESG encoding is done for binary task with:
	-custom
		-f1: 0.8275862068965517
		-auroc: 0.7411376757605945
	-resnet
		-f1: 0.5787401574803149
		-auroc: 0.6718051962909946
2026-06-04 16:19:08 - __main__ - INFO - Input matrix with CTYIRWVMANPFHDLQKESG encoding is removed.

2026-06-04 16:19:20 - __main__ - INFO - Input matrix with MAQPELTKNWSGIHDCRFYV encoding is generated.
2026-06-04 16:23:06 - __main__ - INFO - MAQPELTKNWSGIHDCRFYV encoding is done for binary task with:
	-custom
		-f1: 0.8332596196373286
		-auroc: 0.7490617265347923
	-resnet
		-f1: 0.8211346903421395
		-auroc: 0.7220854924087049
2026-06-04 16:23:06 - __main__ - INFO - Input matrix with MAQPELTKNWSGIHDCRFYV encoding is removed.

2026-06-04 16:23:18 - __main__ - INFO - Input matrix with SRFAIMHNETKWGQPDVCYL encoding is generated.
2026-06-04 16:27:05 - __main__ - INFO - SRFAIMHNETKWGQPDVCYL encoding is done for binary task with:
	-custom
		-f1: 0.8285968028419183
		-auroc: 0.7446542828521281
	-resnet
		-f1: 0.8225538971807629
		-auroc: 0.7016102028344927
2026-06-04 16:27:05 - __main__ - INFO - Input matrix with SRFAIMHNETKWGQPDVCYL encoding is removed.

2026-06-04 16:27:17 - __main__ - INFO - Input matrix with GNWEYCIMTQSRPKHLDFAV encoding is generated.
2026-06-04 16:31:04 - __main__ - INFO - GNWEYCIMTQSRPKHLDFAV encoding is done for binary task with:
	-custom
		-f1: 0.836036036036036
		-auroc: 0.7614364722591951
	-resnet
		-f1: 0.7568421052631579
		-auroc: 0.73814566468827
2026-06-04 16:31:04 - __main__ - INFO - Input matrix with GNWEYCIMTQSRPKHLDFAV encoding is removed.

2026-06-04 16:31:16 - __main__ - INFO - Input matrix with YGKDQSWIFVLTCRAHENPM encoding is generated.
2026-06-04 16:35:03 - __main__ - INFO - YGKDQSWIFVLTCRAHENPM encoding is done for binary task with:
	-custom
		-f1: 0.8374777975133215
		-auroc: 0.7566739496220397
	-resnet
		-f1: 0.8305383936451898
		-auroc: 0.7442985062965476
2026-06-04 16:35:03 - __main__ - INFO - Input matrix with YGKDQSWIFVLTCRAHENPM encoding is removed.

2026-06-04 16:35:15 - __main__ - INFO - Input matrix with TNEIWGQDPMYLKCHFSAVR encoding is generated.
2026-06-04 16:39:02 - __main__ - INFO - TNEIWGQDPMYLKCHFSAVR encoding is done for binary task with:
	-custom
		-f1: 0.8300711743772242
		-auroc: 0.7475032857011308
	-resnet
		-f1: 0.8021828103683493
		-auroc: 0.7211032700748665
2026-06-04 16:39:02 - __main__ - INFO - Input matrix with TNEIWGQDPMYLKCHFSAVR encoding is removed.

2026-06-04 16:39:14 - __main__ - INFO - Input matrix with RFPNIQLEWDSGTYKCMAHV encoding is generated.
2026-06-04 16:43:01 - __main__ - INFO - RFPNIQLEWDSGTYKCMAHV encoding is done for binary task with:
	-custom
		-f1: 0.8304250559284116
		-auroc: 0.7507527115754343
	-resnet
		-f1: 0.8142589118198874
		-auroc: 0.7519965343177879
2026-06-04 16:43:01 - __main__ - INFO - Input matrix with RFPNIQLEWDSGTYKCMAHV encoding is removed.

2026-06-04 16:43:13 - __main__ - INFO - Input matrix with WSTFRHEPAYMCIKVNQLGD encoding is generated.
2026-06-04 16:46:58 - __main__ - INFO - WSTFRHEPAYMCIKVNQLGD encoding is done for binary task with:
	-custom
		-f1: 0.8233731739707836
		-auroc: 0.7360626278353996
	-resnet
		-f1: 0.782435129740519
		-auroc: 0.7421994246186214
2026-06-04 16:46:58 - __main__ - INFO - Input matrix with WSTFRHEPAYMCIKVNQLGD encoding is removed.

2026-06-04 16:47:11 - __main__ - INFO - Input matrix with PCTAQIKVEFYDMRLHSWGN encoding is generated.
2026-06-04 16:50:57 - __main__ - INFO - PCTAQIKVEFYDMRLHSWGN encoding is done for binary task with:
	-custom
		-f1: 0.8342151675485009
		-auroc: 0.7488838382570019
	-resnet
		-f1: 0.8060576453346361
		-auroc: 0.7608532777484787
2026-06-04 16:50:57 - __main__ - INFO - Input matrix with PCTAQIKVEFYDMRLHSWGN encoding is removed.

2026-06-04 16:51:09 - __main__ - INFO - Input matrix with IRYMPLVAEDNFGSCTQWHK encoding is generated.
2026-06-04 16:54:56 - __main__ - INFO - IRYMPLVAEDNFGSCTQWHK encoding is done for binary task with:
	-custom
		-f1: 0.8294849023090586
		-auroc: 0.7458562495291192
	-resnet
		-f1: 0.7328918322295805
		-auroc: 0.7347155601318187
2026-06-04 16:54:56 - __main__ - INFO - Input matrix with IRYMPLVAEDNFGSCTQWHK encoding is removed.

2026-06-04 16:55:09 - __main__ - INFO - Input matrix with MIPNERYQGWFTLCKDVHSA encoding is generated.
2026-06-04 16:58:55 - __main__ - INFO - MIPNERYQGWFTLCKDVHSA encoding is done for binary task with:
	-custom
		-f1: 0.8333333333333334
		-auroc: 0.7552933970661689
	-resnet
		-f1: 0.8009732360097324
		-auroc: 0.7527513386964906
2026-06-04 16:58:55 - __main__ - INFO - Input matrix with MIPNERYQGWFTLCKDVHSA encoding is removed.

2026-06-04 16:59:07 - __main__ - INFO - Input matrix with AMGIRKHNSDLYFQEVPCTW encoding is generated.
2026-06-04 17:02:54 - __main__ - INFO - AMGIRKHNSDLYFQEVPCTW encoding is done for binary task with:
	-custom
		-f1: 0.8201438848920863
		-auroc: 0.7393560025783336
	-resnet
		-f1: 0.8156097560975609
		-auroc: 0.7719381590586292
2026-06-04 17:02:54 - __main__ - INFO - Input matrix with AMGIRKHNSDLYFQEVPCTW encoding is removed.

2026-06-04 17:03:06 - __main__ - INFO - Input matrix with KLISPGHMRVEDYWCNAFTQ encoding is generated.
2026-06-04 17:06:52 - __main__ - INFO - KLISPGHMRVEDYWCNAFTQ encoding is done for binary task with:
	-custom
		-f1: 0.8302895322939866
		-auroc: 0.748438071160892
	-resnet
		-f1: 0.817067635043123
		-auroc: 0.7398896674117047
2026-06-04 17:06:52 - __main__ - INFO - Input matrix with KLISPGHMRVEDYWCNAFTQ encoding is removed.

2026-06-04 17:07:04 - __main__ - INFO - Input matrix with KHNLRTECSFDVAGIYPQMW encoding is generated.
2026-06-04 17:10:50 - __main__ - INFO - KHNLRTECSFDVAGIYPQMW encoding is done for binary task with:
	-custom
		-f1: 0.8314806580702534
		-auroc: 0.7491949683428626
	-resnet
		-f1: 0.8088811493252068
		-auroc: 0.7077951340928814
2026-06-04 17:10:50 - __main__ - INFO - Input matrix with KHNLRTECSFDVAGIYPQMW encoding is removed.

2026-06-04 17:11:02 - __main__ - INFO - Input matrix with VPGSKRNAFCEHQMLYTWDI encoding is generated.
2026-06-04 17:14:50 - __main__ - INFO - VPGSKRNAFCEHQMLYTWDI encoding is done for binary task with:
	-custom
		-f1: 0.8317008014247551
		-auroc: 0.7501297538026235
	-resnet
		-f1: 0.7346938775510204
		-auroc: 0.7364072427735503
2026-06-04 17:14:50 - __main__ - INFO - Input matrix with VPGSKRNAFCEHQMLYTWDI encoding is removed.

2026-06-04 17:15:02 - __main__ - INFO - Input matrix with PNSACYVFLIGRQTHKMEWD encoding is generated.
2026-06-04 17:18:48 - __main__ - INFO - PNSACYVFLIGRQTHKMEWD encoding is done for binary task with:
	-custom
		-f1: 0.8392539964476021
		-auroc: 0.759077882976022
	-resnet
		-f1: 0.8278422273781902
		-auroc: 0.7644619681838096
2026-06-04 17:18:48 - __main__ - INFO - Input matrix with PNSACYVFLIGRQTHKMEWD encoding is removed.

2026-06-04 17:19:00 - __main__ - INFO - Input matrix with CAEWYIPHLTGDFSKNVQRM encoding is generated.
2026-06-04 17:22:46 - __main__ - INFO - CAEWYIPHLTGDFSKNVQRM encoding is done for binary task with:
	-custom
		-f1: 0.8266309204647007
		-auroc: 0.7450100594077087
	-resnet
		-f1: 0.825
		-auroc: 0.7596987479455648
2026-06-04 17:22:46 - __main__ - INFO - Input matrix with CAEWYIPHLTGDFSKNVQRM encoding is removed.

2026-06-04 17:22:59 - __main__ - INFO - Input matrix with MFAYLRHWNCPIDKEQVTSG encoding is generated.
2026-06-04 17:26:44 - __main__ - INFO - MFAYLRHWNCPIDKEQVTSG encoding is done for binary task with:
	-custom
		-f1: 0.8292898103220114
		-auroc: 0.7423842889073056
	-resnet
		-f1: 0.7640807651434643
		-auroc: 0.7509661775087828
2026-06-04 17:26:44 - __main__ - INFO - Input matrix with MFAYLRHWNCPIDKEQVTSG encoding is removed.

2026-06-04 17:26:57 - __main__ - INFO - Input matrix with QNPWLGYCFSTRDAHMKEVI encoding is generated.
2026-06-04 17:30:43 - __main__ - INFO - QNPWLGYCFSTRDAHMKEVI encoding is done for binary task with:
	-custom
		-f1: 0.8186252771618625
		-auroc: 0.7304978639454642
	-resnet
		-f1: 0.7199112590127565
		-auroc: 0.7230963163872076
2026-06-04 17:30:43 - __main__ - INFO - Input matrix with QNPWLGYCFSTRDAHMKEVI encoding is removed.

2026-06-04 17:30:55 - __main__ - INFO - Input matrix with QETFSVCMNAIDLWPKYRGH encoding is generated.
2026-06-04 17:34:41 - __main__ - INFO - QETFSVCMNAIDLWPKYRGH encoding is done for binary task with:
	-custom
		-f1: 0.8374558303886925
		-auroc: 0.754136774459987
	-resnet
		-f1: 0.8197911938266
		-auroc: 0.7434955674426782
2026-06-04 17:34:41 - __main__ - INFO - Input matrix with QETFSVCMNAIDLWPKYRGH encoding is removed.

2026-06-04 17:34:53 - __main__ - INFO - Input matrix with LIKTYSACGFRPNQDMVHEW encoding is generated.
2026-06-04 17:38:41 - __main__ - INFO - LIKTYSACGFRPNQDMVHEW encoding is done for binary task with:
	-custom
		-f1: 0.8324468085106383
		-auroc: 0.7490170800650723
	-resnet
		-f1: 0.8111954459203036
		-auroc: 0.7534649846109199
2026-06-04 17:38:41 - __main__ - INFO - Input matrix with LIKTYSACGFRPNQDMVHEW encoding is removed.

2026-06-04 17:38:53 - __main__ - INFO - Input matrix with RGEIQLWMYFCDVHNSTPKA encoding is generated.
2026-06-04 17:42:40 - __main__ - INFO - RGEIQLWMYFCDVHNSTPKA encoding is done for binary task with:
	-custom
		-f1: 0.8235294117647058
		-auroc: 0.7395345884572133
	-resnet
		-f1: 0.8118209474141678
		-auroc: 0.7109559646288344
2026-06-04 17:42:40 - __main__ - INFO - Input matrix with RGEIQLWMYFCDVHNSTPKA encoding is removed.

2026-06-04 17:42:53 - __main__ - INFO - Input matrix with YPQLADKTEGMNICWHFRVS encoding is generated.
2026-06-04 17:46:39 - __main__ - INFO - YPQLADKTEGMNICWHFRVS encoding is done for binary task with:
	-custom
		-f1: 0.8316483516483516
		-auroc: 0.7438980832712467
	-resnet
		-f1: 0.7578166401695814
		-auroc: 0.7425970572395644
2026-06-04 17:46:39 - __main__ - INFO - Input matrix with YPQLADKTEGMNICWHFRVS encoding is removed.

2026-06-04 17:46:51 - __main__ - INFO - Input matrix with CWLREIKPAQDNSTGFHYMV encoding is generated.
2026-06-04 17:50:39 - __main__ - INFO - CWLREIKPAQDNSTGFHYMV encoding is done for binary task with:
	-custom
		-f1: 0.8330373001776199
		-auroc: 0.750664116237084
	-resnet
		-f1: 0.8246663598711459
		-auroc: 0.7564493220712614
2026-06-04 17:50:39 - __main__ - INFO - Input matrix with CWLREIKPAQDNSTGFHYMV encoding is removed.

2026-06-04 17:50:51 - __main__ - INFO - Input matrix with EDVAYRHKQNPTLWMSGFIC encoding is generated.
2026-06-04 17:54:37 - __main__ - INFO - EDVAYRHKQNPTLWMSGFIC encoding is done for binary task with:
	-custom
		-f1: 0.8314005352363961
		-auroc: 0.7505748232976441
	-resnet
		-f1: 0.825091575091575
		-auroc: 0.7546243976214595
2026-06-04 17:54:37 - __main__ - INFO - Input matrix with EDVAYRHKQNPTLWMSGFIC encoding is removed.

2026-06-04 17:54:49 - __main__ - INFO - Input matrix with NKWVLGFCAHDYRSTMQIPE encoding is generated.
2026-06-04 17:58:36 - __main__ - INFO - NKWVLGFCAHDYRSTMQIPE encoding is done for binary task with:
	-custom
		-f1: 0.8174219093708754
		-auroc: 0.7248891511868985
	-resnet
		-f1: 0.8196573489630298
		-auroc: 0.7400236068208644
2026-06-04 17:58:36 - __main__ - INFO - Input matrix with NKWVLGFCAHDYRSTMQIPE encoding is removed.

2026-06-04 17:58:48 - __main__ - INFO - Input matrix with ECRHDNYLWITMFSGPQAVK encoding is generated.
2026-06-04 18:02:36 - __main__ - INFO - ECRHDNYLWITMFSGPQAVK encoding is done for binary task with:
	-custom
		-f1: 0.8383928571428572
		-auroc: 0.7604130914610836
	-resnet
		-f1: 0.8279827503593675
		-auroc: 0.7792399496611053
2026-06-04 18:02:36 - __main__ - INFO - Input matrix with ECRHDNYLWITMFSGPQAVK encoding is removed.

2026-06-04 18:02:48 - __main__ - INFO - Input matrix with MKIWERCDLYTGFHVAPNQS encoding is generated.
2026-06-04 18:06:35 - __main__ - INFO - MKIWERCDLYTGFHVAPNQS encoding is done for binary task with:
	-custom
		-f1: 0.8339285714285715
		-auroc: 0.7544032580761277
	-resnet
		-f1: 0.7841318907779495
		-auroc: 0.7594259859196196
2026-06-04 18:06:35 - __main__ - INFO - Input matrix with MKIWERCDLYTGFHVAPNQS encoding is removed.

2026-06-04 18:06:47 - __main__ - INFO - Input matrix with PGMNKFIDQTRAYVWELSCH encoding is generated.
2026-06-04 18:10:33 - __main__ - INFO - PGMNKFIDQTRAYVWELSCH encoding is done for binary task with:
	-custom
		-f1: 0.8286099865047234
		-auroc: 0.7508859533835048
	-resnet
		-f1: 0.7953745600804424
		-auroc: 0.7612969520413203
2026-06-04 18:10:33 - __main__ - INFO - Input matrix with PGMNKFIDQTRAYVWELSCH encoding is removed.

2026-06-04 18:10:45 - __main__ - INFO - Input matrix with MNTIQKWRGSHYFVLPAEDC encoding is generated.
2026-06-04 18:14:33 - __main__ - INFO - MNTIQKWRGSHYFVLPAEDC encoding is done for binary task with:
	-custom
		-f1: 0.8426619656236227
		-auroc: 0.7601912543146627
	-resnet
		-f1: 0.8349764252036005
		-auroc: 0.7362426089164582
2026-06-04 18:14:33 - __main__ - INFO - Input matrix with MNTIQKWRGSHYFVLPAEDC encoding is removed.

2026-06-04 18:14:45 - __main__ - INFO - Input matrix with GSMTFCNYALKPIVHDEWRQ encoding is generated.
2026-06-04 18:18:33 - __main__ - INFO - GSMTFCNYALKPIVHDEWRQ encoding is done for binary task with:
	-custom
		-f1: 0.8362338241856314
		-auroc: 0.7572969073948506
	-resnet
		-f1: 0.7871569135163128
		-auroc: 0.7653465263651356
2026-06-04 18:18:33 - __main__ - INFO - Input matrix with GSMTFCNYALKPIVHDEWRQ encoding is removed.

2026-06-04 18:18:45 - __main__ - INFO - Input matrix with APWTCNRISMYFLGVHKDEQ encoding is generated.
2026-06-04 18:22:30 - __main__ - INFO - APWTCNRISMYFLGVHKDEQ encoding is done for binary task with:
	-custom
		-f1: 0.8381374722838137
		-auroc: 0.75694113083927
	-resnet
		-f1: 0.8003952569169961
		-auroc: 0.7592055439753774
2026-06-04 18:22:30 - __main__ - INFO - Input matrix with APWTCNRISMYFLGVHKDEQ encoding is removed.

2026-06-04 18:22:42 - __main__ - INFO - Input matrix with LWTQCYFHIRESKMPDVGNA encoding is generated.
2026-06-04 18:26:29 - __main__ - INFO - LWTQCYFHIRESKMPDVGNA encoding is done for binary task with:
	-custom
		-f1: 0.8320779796189632
		-auroc: 0.7483048293528214
	-resnet
		-f1: 0.811787072243346
		-auroc: 0.7551120207829317
2026-06-04 18:26:29 - __main__ - INFO - Input matrix with LWTQCYFHIRESKMPDVGNA encoding is removed.

2026-06-04 18:26:41 - __main__ - INFO - Input matrix with ADLQHWFGSKMPEVCIYTNR encoding is generated.
2026-06-04 18:30:28 - __main__ - INFO - ADLQHWFGSKMPEVCIYTNR encoding is done for binary task with:
	-custom
		-f1: 0.8211920529801324
		-auroc: 0.7317891235618953
	-resnet
		-f1: 0.809878844361603
		-auroc: 0.7432269910232693
2026-06-04 18:30:28 - __main__ - INFO - Input matrix with ADLQHWFGSKMPEVCIYTNR encoding is removed.

2026-06-04 18:30:40 - __main__ - INFO - Input matrix with LQRVDPACYKMFHGIWSTEN encoding is generated.
2026-06-04 18:34:27 - __main__ - INFO - LQRVDPACYKMFHGIWSTEN encoding is done for binary task with:
	-custom
		-f1: 0.8367166813768756
		-auroc: 0.7527122730354855
	-resnet
		-f1: 0.770757180156658
		-auroc: 0.7502992708673414
2026-06-04 18:34:27 - __main__ - INFO - Input matrix with LQRVDPACYKMFHGIWSTEN encoding is removed.

2026-06-04 18:34:39 - __main__ - INFO - Input matrix with ATDIFHMYGLKRWSCNPQVE encoding is generated.
2026-06-04 18:38:26 - __main__ - INFO - ATDIFHMYGLKRWSCNPQVE encoding is done for binary task with:
	-custom
		-f1: 0.8277385159010601
		-auroc: 0.7409151410130842
	-resnet
		-f1: 0.8295904887714664
		-auroc: 0.7419392194122849
2026-06-04 18:38:26 - __main__ - INFO - Input matrix with ATDIFHMYGLKRWSCNPQVE encoding is removed.

2026-06-04 18:38:38 - __main__ - INFO - Input matrix with FPYTAWGSCQKHRINVLEMD encoding is generated.
2026-06-04 18:42:24 - __main__ - INFO - FPYTAWGSCQKHRINVLEMD encoding is done for binary task with:
	-custom
		-f1: 0.8266075388026608
		-auroc: 0.7413155640383848
	-resnet
		-f1: 0.8247326824732683
		-auroc: 0.7613011376478566
2026-06-04 18:42:24 - __main__ - INFO - Input matrix with FPYTAWGSCQKHRINVLEMD encoding is removed.

2026-06-04 18:42:37 - __main__ - INFO - Input matrix with SFMAYQEDPVTWNHILGKCR encoding is generated.
2026-06-04 18:46:23 - __main__ - INFO - SFMAYQEDPVTWNHILGKCR encoding is done for binary task with:
	-custom
		-f1: 0.8311688311688312
		-auroc: 0.7521772129999359
	-resnet
		-f1: 0.8298136645962733
		-auroc: 0.7114931174676522
2026-06-04 18:46:23 - __main__ - INFO - Input matrix with SFMAYQEDPVTWNHILGKCR encoding is removed.

2026-06-04 18:46:36 - __main__ - INFO - Input matrix with AMTIYKQCPRGWLNHEDVFS encoding is generated.
2026-06-04 18:50:22 - __main__ - INFO - AMTIYKQCPRGWLNHEDVFS encoding is done for binary task with:
	-custom
		-f1: 0.8329621380846325
		-auroc: 0.7520439711918654
	-resnet
		-f1: 0.8333333333333334
		-auroc: 0.7603677473902744
2026-06-04 18:50:22 - __main__ - INFO - Input matrix with AMTIYKQCPRGWLNHEDVFS encoding is removed.

2026-06-04 18:50:34 - __main__ - INFO - Input matrix with QCNESYPHWTIRKMGFLDAV encoding is generated.
2026-06-04 18:54:20 - __main__ - INFO - QCNESYPHWTIRKMGFLDAV encoding is done for binary task with:
	-custom
		-f1: 0.8282016956715752
		-auroc: 0.7464792073019302
	-resnet
		-f1: 0.7784743991640544
		-auroc: 0.7594252883185302
2026-06-04 18:54:20 - __main__ - INFO - Input matrix with QCNESYPHWTIRKMGFLDAV encoding is removed.

2026-06-04 18:54:32 - __main__ - INFO - Input matrix with EIVNFWLRQGCDMHYSAPTK encoding is generated.
2026-06-04 18:58:18 - __main__ - INFO - EIVNFWLRQGCDMHYSAPTK encoding is done for binary task with:
	-custom
		-f1: 0.8392539964476021
		-auroc: 0.759077882976022
	-resnet
		-f1: 0.7821229050279329
		-auroc: 0.7503006660695201
2026-06-04 18:58:18 - __main__ - INFO - Input matrix with EIVNFWLRQGCDMHYSAPTK encoding is removed.

2026-06-04 18:58:30 - __main__ - INFO - Input matrix with FGYVKTRIHEMWANQDLPCS encoding is generated.
2026-06-04 19:02:17 - __main__ - INFO - FGYVKTRIHEMWANQDLPCS encoding is done for binary task with:
	-custom
		-f1: 0.8248436103663985
		-auroc: 0.7426061260537263
	-resnet
		-f1: 0.8397212543554007
		-auroc: 0.7505762184998227
2026-06-04 19:02:17 - __main__ - INFO - Input matrix with FGYVKTRIHEMWANQDLPCS encoding is removed.

2026-06-04 19:02:29 - __main__ - INFO - Input matrix with RPSLNEDCWQGTMIYKFVAH encoding is generated.
2026-06-04 19:06:15 - __main__ - INFO - RPSLNEDCWQGTMIYKFVAH encoding is done for binary task with:
	-custom
		-f1: 0.8342958685028876
		-auroc: 0.7525783336263256
	-resnet
		-f1: 0.7984306032368809
		-auroc: 0.7533296499995814
2026-06-04 19:06:15 - __main__ - INFO - Input matrix with RPSLNEDCWQGTMIYKFVAH encoding is removed.

2026-06-04 19:06:27 - __main__ - INFO - Input matrix with SGRPTVKQWFCAIHYMNDEL encoding is generated.
2026-06-04 19:10:14 - __main__ - INFO - SGRPTVKQWFCAIHYMNDEL encoding is done for binary task with:
	-custom
		-f1: 0.8221238938053097
		-auroc: 0.7341484104461578
	-resnet
		-f1: 0.8094575799721836
		-auroc: 0.740200099896476
2026-06-04 19:10:14 - __main__ - INFO - Input matrix with SGRPTVKQWFCAIHYMNDEL encoding is removed.

2026-06-04 19:10:26 - __main__ - INFO - Input matrix with MTDCKIPWVGYENFSALRHQ encoding is generated.
2026-06-04 19:14:13 - __main__ - INFO - MTDCKIPWVGYENFSALRHQ encoding is done for binary task with:
	-custom
		-f1: 0.8325011348161597
		-auroc: 0.7603231009205544
	-resnet
		-f1: 0.8313458262350937
		-auroc: 0.7279627815866797
2026-06-04 19:14:13 - __main__ - INFO - Input matrix with MTDCKIPWVGYENFSALRHQ encoding is removed.

2026-06-04 19:14:25 - __main__ - INFO - Input matrix with IKMDWCGYHENLTSVQRAPF encoding is generated.
2026-06-04 19:18:12 - __main__ - INFO - IKMDWCGYHENLTSVQRAPF encoding is done for binary task with:
	-custom
		-f1: 0.8233199821984869
		-auroc: 0.7385998029974523
	-resnet
		-f1: 0.8173666823973572
		-auroc: 0.7588518602230648
2026-06-04 19:18:12 - __main__ - INFO - Input matrix with IKMDWCGYHENLTSVQRAPF encoding is removed.

2026-06-04 19:18:24 - __main__ - INFO - Input matrix with FLQMVNRDWHTSACIEYPKG encoding is generated.
2026-06-04 19:22:11 - __main__ - INFO - FLQMVNRDWHTSACIEYPKG encoding is done for binary task with:
	-custom
		-f1: 0.8419182948490231
		-auroc: 0.7626837830069955
	-resnet
		-f1: 0.8275551553354344
		-auroc: 0.7499065214540239
2026-06-04 19:22:11 - __main__ - INFO - Input matrix with FLQMVNRDWHTSACIEYPKG encoding is removed.

2026-06-04 19:22:23 - __main__ - INFO - Input matrix with KWRAHPNDESVTLYMQGFCI encoding is generated.
2026-06-04 19:26:09 - __main__ - INFO - KWRAHPNDESVTLYMQGFCI encoding is done for binary task with:
	-custom
		-f1: 0.8303886925795053
		-auroc: 0.7445210410440577
	-resnet
		-f1: 0.8062775870524767
		-auroc: 0.7629453834155107
2026-06-04 19:26:09 - __main__ - INFO - Input matrix with KWRAHPNDESVTLYMQGFCI encoding is removed.

2026-06-04 19:26:21 - __main__ - INFO - Input matrix with MAPIKECLVDGYQSRWHNTF encoding is generated.
2026-06-04 19:30:07 - __main__ - INFO - MAPIKECLVDGYQSRWHNTF encoding is done for binary task with:
	-custom
		-f1: 0.829136690647482
		-auroc: 0.7513756693482453
	-resnet
		-f1: 0.7016129032258065
		-auroc: 0.7227384470283589
2026-06-04 19:30:07 - __main__ - INFO - Input matrix with MAPIKECLVDGYQSRWHNTF encoding is removed.

2026-06-04 19:30:19 - __main__ - INFO - Input matrix with QFLSRPNCMWAVYHKTEIDG encoding is generated.
2026-06-04 19:34:05 - __main__ - INFO - QFLSRPNCMWAVYHKTEIDG encoding is done for binary task with:
	-custom
		-f1: 0.8275862068965517
		-auroc: 0.7411376757605945
	-resnet
		-f1: 0.7917505030181087
		-auroc: 0.7572013360456064
2026-06-04 19:34:05 - __main__ - INFO - Input matrix with QFLSRPNCMWAVYHKTEIDG encoding is removed.

2026-06-04 19:34:18 - __main__ - INFO - Input matrix with RIMPQHDAGKWVNSLYCFTE encoding is generated.
2026-06-04 19:38:04 - __main__ - INFO - RIMPQHDAGKWVNSLYCFTE encoding is done for binary task with:
	-custom
		-f1: 0.8315002199736031
		-auroc: 0.7441206180187572
	-resnet
		-f1: 0.8258801141769743
		-auroc: 0.7733640556853092
2026-06-04 19:38:04 - __main__ - INFO - Input matrix with RIMPQHDAGKWVNSLYCFTE encoding is removed.

2026-06-04 19:38:16 - __main__ - INFO - Input matrix with VTYPKEQFGAWCSDNIHLMR encoding is generated.
2026-06-04 19:42:02 - __main__ - INFO - VTYPKEQFGAWCSDNIHLMR encoding is done for binary task with:
	-custom
		-f1: 0.8368794326241135
		-auroc: 0.7550269134500279
	-resnet
		-f1: 0.8324829931972789
		-auroc: 0.7287196787686503
2026-06-04 19:42:02 - __main__ - INFO - Input matrix with VTYPKEQFGAWCSDNIHLMR encoding is removed.

2026-06-04 19:42:15 - __main__ - INFO - Input matrix with QNKMSTRYGWECPIFLHVDA encoding is generated.
2026-06-04 19:46:02 - __main__ - INFO - QNKMSTRYGWECPIFLHVDA encoding is done for binary task with:
	-custom
		-f1: 0.8355984217448488
		-auroc: 0.7480383457366808
	-resnet
		-f1: 0.8196248196248196
		-auroc: 0.7705143552352173
2026-06-04 19:46:02 - __main__ - INFO - Input matrix with QNKMSTRYGWECPIFLHVDA encoding is removed.

2026-06-04 19:46:15 - __main__ - INFO - Input matrix with PAWFECMRVKIDNYHLSQGT encoding is generated.
2026-06-04 19:50:01 - __main__ - INFO - PAWFECMRVKIDNYHLSQGT encoding is done for binary task with:
	-custom
		-f1: 0.8312829525483304
		-auroc: 0.7431858325589962
	-resnet
		-f1: 0.8053097345132744
		-auroc: 0.7629007369457909
2026-06-04 19:50:01 - __main__ - INFO - Input matrix with PAWFECMRVKIDNYHLSQGT encoding is removed.

2026-06-04 19:50:13 - __main__ - INFO - Input matrix with LPGQMAKCETWDFIHNSRYV encoding is generated.
2026-06-04 19:53:59 - __main__ - INFO - LPGQMAKCETWDFIHNSRYV encoding is done for binary task with:
	-custom
		-f1: 0.8281665190434012
		-auroc: 0.7427847119326062
	-resnet
		-f1: 0.8314127187366624
		-auroc: 0.729120101793951
2026-06-04 19:53:59 - __main__ - INFO - Input matrix with LPGQMAKCETWDFIHNSRYV encoding is removed.

2026-06-04 19:54:12 - __main__ - INFO - Input matrix with WHDRCGMKFVTYPAENISQL encoding is generated.
2026-06-04 19:57:58 - __main__ - INFO - WHDRCGMKFVTYPAENISQL encoding is done for binary task with:
	-custom
		-f1: 0.8261851015801355
		-auroc: 0.7493721590195636
	-resnet
		-f1: 0.8249534450651769
		-auroc: 0.7622359231076175
2026-06-04 19:57:58 - __main__ - INFO - Input matrix with WHDRCGMKFVTYPAENISQL encoding is removed.

2026-06-04 19:58:10 - __main__ - INFO - Input matrix with WAQCKRVLFHGNEMTPDSYI encoding is generated.
2026-06-04 20:01:56 - __main__ - INFO - WAQCKRVLFHGNEMTPDSYI encoding is done for binary task with:
	-custom
		-f1: 0.831390134529148
		-auroc: 0.7531119984596968
	-resnet
		-f1: 0.8125
		-auroc: 0.7613883377840284
2026-06-04 20:01:56 - __main__ - INFO - Input matrix with WAQCKRVLFHGNEMTPDSYI encoding is removed.

2026-06-04 20:02:08 - __main__ - INFO - Input matrix with EFPCDQGWTYNALMIRHSKV encoding is generated.
2026-06-04 20:05:56 - __main__ - INFO - EFPCDQGWTYNALMIRHSKV encoding is done for binary task with:
	-custom
		-f1: 0.8238965670976371
		-auroc: 0.7402468391694641
	-resnet
		-f1: 0.7947686116700201
		-auroc: 0.7608072360765799
2026-06-04 20:05:56 - __main__ - INFO - Input matrix with EFPCDQGWTYNALMIRHSKV encoding is removed.

2026-06-04 20:06:08 - __main__ - INFO - Input matrix with QLVKYPGHETIFWNRAMSCD encoding is generated.
2026-06-04 20:09:53 - __main__ - INFO - QLVKYPGHETIFWNRAMSCD encoding is done for binary task with:
	-custom
		-f1: 0.8396396396396396
		-auroc: 0.7662443389671598
	-resnet
		-f1: 0.7934131736526946
		-auroc: 0.7554210580655243
2026-06-04 20:09:53 - __main__ - INFO - Input matrix with QLVKYPGHETIFWNRAMSCD encoding is removed.

2026-06-04 20:10:05 - __main__ - INFO - Input matrix with PHCFWMGNAEIDSLQVTRYK encoding is generated.
2026-06-04 20:13:50 - __main__ - INFO - PHCFWMGNAEIDSLQVTRYK encoding is done for binary task with:
	-custom
		-f1: 0.8258351893095769
		-auroc: 0.742428237775936
	-resnet
		-f1: 0.7957957957957958
		-auroc: 0.7596945623390285
2026-06-04 20:13:50 - __main__ - INFO - Input matrix with PHCFWMGNAEIDSLQVTRYK encoding is removed.

2026-06-04 20:14:02 - __main__ - INFO - Input matrix with HRQGSKELIPAFYCDVWNTM encoding is generated.
2026-06-04 20:17:48 - __main__ - INFO - HRQGSKELIPAFYCDVWNTM encoding is done for binary task with:
	-custom
		-f1: 0.8278322925958965
		-auroc: 0.7457669565896795
	-resnet
		-f1: 0.8211856171039844
		-auroc: 0.777057853453544
2026-06-04 20:17:48 - __main__ - INFO - Input matrix with HRQGSKELIPAFYCDVWNTM encoding is removed.

2026-06-04 20:18:00 - __main__ - INFO - Input matrix with STFCLGNQEWAIDRVMPHYK encoding is generated.
2026-06-04 20:21:46 - __main__ - INFO - STFCLGNQEWAIDRVMPHYK encoding is done for binary task with:
	-custom
		-f1: 0.8241610738255034
		-auroc: 0.7423389448364963
	-resnet
		-f1: 0.8155026241421074
		-auroc: 0.6769493067240374
2026-06-04 20:21:46 - __main__ - INFO - Input matrix with STFCLGNQEWAIDRVMPHYK encoding is removed.

2026-06-04 20:21:58 - __main__ - INFO - Input matrix with GPHQSLANRDYMWVCKEITF encoding is generated.
2026-06-04 20:25:44 - __main__ - INFO - GPHQSLANRDYMWVCKEITF encoding is done for binary task with:
	-custom
		-f1: 0.8359788359788359
		-auroc: 0.751287771610984
	-resnet
		-f1: 0.8187422934648582
		-auroc: 0.6914608045851924
2026-06-04 20:25:44 - __main__ - INFO - Input matrix with GPHQSLANRDYMWVCKEITF encoding is removed.

2026-06-04 20:25:56 - __main__ - INFO - Input matrix with DQIHWYSAMKRECNPGFTVL encoding is generated.
2026-06-04 20:29:41 - __main__ - INFO - DQIHWYSAMKRECNPGFTVL encoding is done for binary task with:
	-custom
		-f1: 0.8314310798946444
		-auroc: 0.7429632978114858
	-resnet
		-f1: 0.8247706422018348
		-auroc: 0.7550694671164799
2026-06-04 20:29:41 - __main__ - INFO - Input matrix with DQIHWYSAMKRECNPGFTVL encoding is removed.

2026-06-04 20:29:54 - __main__ - INFO - Input matrix with IMLSQCFEVTYRKDWHNAGP encoding is generated.
2026-06-04 20:33:39 - __main__ - INFO - IMLSQCFEVTYRKDWHNAGP encoding is done for binary task with:
	-custom
		-f1: 0.8242696629213483
		-auroc: 0.7446535852510389
	-resnet
		-f1: 0.61003861003861
		-auroc: 0.6901025752641815
2026-06-04 20:33:39 - __main__ - INFO - Input matrix with IMLSQCFEVTYRKDWHNAGP encoding is removed.

2026-06-04 20:33:51 - __main__ - INFO - Input matrix with FCHIMERLNTYKPSDAQVWG encoding is generated.
2026-06-04 20:37:37 - __main__ - INFO - FCHIMERLNTYKPSDAQVWG encoding is done for binary task with:
	-custom
		-f1: 0.8247787610619469
		-auroc: 0.7377543104771314
	-resnet
		-f1: 0.8312643678160919
		-auroc: 0.7646405540626893
2026-06-04 20:37:37 - __main__ - INFO - Input matrix with FCHIMERLNTYKPSDAQVWG encoding is removed.

2026-06-04 20:37:49 - __main__ - INFO - Input matrix with LFIMDSAEQWRPGNHKYTVC encoding is generated.
2026-06-04 20:41:36 - __main__ - INFO - LFIMDSAEQWRPGNHKYTVC encoding is done for binary task with:
	-custom
		-f1: 0.8304559539619301
		-auroc: 0.7456783612513289
	-resnet
		-f1: 0.8385370205173952
		-auroc: 0.7601905567135734
2026-06-04 20:41:36 - __main__ - INFO - Input matrix with LFIMDSAEQWRPGNHKYTVC encoding is removed.

2026-06-04 20:41:48 - __main__ - INFO - Input matrix with RPNVTFDMSKAECQGLWHIY encoding is generated.
2026-06-04 20:45:34 - __main__ - INFO - RPNVTFDMSKAECQGLWHIY encoding is done for binary task with:
	-custom
		-f1: 0.8367166813768756
		-auroc: 0.7527122730354855
	-resnet
		-f1: 0.8264324550397323
		-auroc: 0.711759601083793
2026-06-04 20:45:34 - __main__ - INFO - Input matrix with RPNVTFDMSKAECQGLWHIY encoding is removed.

2026-06-04 20:45:46 - __main__ - INFO - Input matrix with ARSLNVDGTHPQWCEIMYKF encoding is generated.
2026-06-04 20:49:32 - __main__ - INFO - ARSLNVDGTHPQWCEIMYKF encoding is done for binary task with:
	-custom
		-f1: 0.8273757628596339
		-auroc: 0.7339712197694568
	-resnet
		-f1: 0.8027888446215139
		-auroc: 0.7657936886634242
2026-06-04 20:49:32 - __main__ - INFO - Input matrix with ARSLNVDGTHPQWCEIMYKF encoding is removed.

2026-06-04 20:49:44 - __main__ - INFO - Input matrix with QYPGFRNTMSECAIDLVKWH encoding is generated.
2026-06-04 20:53:30 - __main__ - INFO - QYPGFRNTMSECAIDLVKWH encoding is done for binary task with:
	-custom
		-f1: 0.8311918475852902
		-auroc: 0.7471028626758304
	-resnet
		-f1: 0.8061174148988653
		-auroc: 0.7654825585775635
2026-06-04 20:53:30 - __main__ - INFO - Input matrix with QYPGFRNTMSECAIDLVKWH encoding is removed.

2026-06-04 20:53:42 - __main__ - INFO - Input matrix with MIRCEYVLHFTAGDWSKPQN encoding is generated.
2026-06-04 20:57:27 - __main__ - INFO - MIRCEYVLHFTAGDWSKPQN encoding is done for binary task with:
	-custom
		-f1: 0.837354781054513
		-auroc: 0.7594336595316027
	-resnet
		-f1: 0.8147138964577657
		-auroc: 0.7369960180929819
2026-06-04 20:57:27 - __main__ - INFO - Input matrix with MIRCEYVLHFTAGDWSKPQN encoding is removed.

2026-06-04 20:57:39 - __main__ - INFO - Input matrix with HTQKLSYRGVFAENIWDMCP encoding is generated.
2026-06-04 21:01:27 - __main__ - INFO - HTQKLSYRGVFAENIWDMCP encoding is done for binary task with:
	-custom
		-f1: 0.8329660643455267
		-auroc: 0.74696962086776
	-resnet
		-f1: 0.8022922636103151
		-auroc: 0.7454069944275625
2026-06-04 21:01:27 - __main__ - INFO - Input matrix with HTQKLSYRGVFAENIWDMCP encoding is removed.

2026-06-04 21:01:40 - __main__ - INFO - Input matrix with QYWEPSMLTHDNVKFARCIG encoding is generated.
2026-06-04 21:05:26 - __main__ - INFO - QYWEPSMLTHDNVKFARCIG encoding is done for binary task with:
	-custom
		-f1: 0.8346666666666667
		-auroc: 0.7532905843385767
	-resnet
		-f1: 0.8306626245127761
		-auroc: 0.7353071258556078
2026-06-04 21:05:26 - __main__ - INFO - Input matrix with QYWEPSMLTHDNVKFARCIG encoding is removed.

2026-06-04 21:05:38 - __main__ - INFO - Input matrix with RVEAYIPFCWMHLGKTSQDN encoding is generated.
2026-06-04 21:09:25 - __main__ - INFO - RVEAYIPFCWMHLGKTSQDN encoding is done for binary task with:
	-custom
		-f1: 0.8328159645232815
		-auroc: 0.749729330777323
	-resnet
		-f1: 0.8330324909747292
		-auroc: 0.758275641723242
2026-06-04 21:09:25 - __main__ - INFO - Input matrix with RVEAYIPFCWMHLGKTSQDN encoding is removed.

2026-06-04 21:09:37 - __main__ - INFO - Input matrix with TERQIPSNYDMHKLWGVAFC encoding is generated.
2026-06-04 21:13:23 - __main__ - INFO - TERQIPSNYDMHKLWGVAFC encoding is done for binary task with:
	-custom
		-f1: 0.8276481149012568
		-auroc: 0.7485266664992424
	-resnet
		-f1: 0.7580993520518359
		-auroc: 0.7519002653674544
2026-06-04 21:13:23 - __main__ - INFO - Input matrix with TERQIPSNYDMHKLWGVAFC encoding is removed.

2026-06-04 21:13:35 - __main__ - INFO - Input matrix with PMWRACETYIGFKNVSHLQD encoding is generated.
2026-06-04 21:17:21 - __main__ - INFO - PMWRACETYIGFKNVSHLQD encoding is done for binary task with:
	-custom
		-f1: 0.831390134529148
		-auroc: 0.7531119984596968
	-resnet
		-f1: 0.8212785814279048
		-auroc: 0.7585853766069242
2026-06-04 21:17:21 - __main__ - INFO - Input matrix with PMWRACETYIGFKNVSHLQD encoding is removed.

2026-06-04 21:17:33 - __main__ - INFO - Input matrix with KFPYNDRQSAHLMIWCGTEV encoding is generated.
2026-06-04 21:21:19 - __main__ - INFO - KFPYNDRQSAHLMIWCGTEV encoding is done for binary task with:
	-custom
		-f1: 0.8366071428571429
		-auroc: 0.7580091581071013
	-resnet
		-f1: 0.7873855544252288
		-auroc: 0.7572452849142369
2026-06-04 21:21:19 - __main__ - INFO - Input matrix with KFPYNDRQSAHLMIWCGTEV encoding is removed.

2026-06-04 21:21:31 - __main__ - INFO - Input matrix with HVWNMSYTDGLIEAPCRFQK encoding is generated.
2026-06-04 21:25:18 - __main__ - INFO - HVWNMSYTDGLIEAPCRFQK encoding is done for binary task with:
	-custom
		-f1: 0.8411712511091393
		-auroc: 0.7612592815824941
	-resnet
		-f1: 0.8214447978191731
		-auroc: 0.7461220355441707
2026-06-04 21:25:18 - __main__ - INFO - Input matrix with HVWNMSYTDGLIEAPCRFQK encoding is removed.

2026-06-04 21:25:30 - __main__ - INFO - Input matrix with VELFITAWYHSKQCNRDMGP encoding is generated.
2026-06-04 21:29:17 - __main__ - INFO - VELFITAWYHSKQCNRDMGP encoding is done for binary task with:
	-custom
		-f1: 0.8292465448060633
		-auroc: 0.7474586392314111
	-resnet
		-f1: 0.8329560887279311
		-auroc: 0.7596554966780237
2026-06-04 21:29:17 - __main__ - INFO - Input matrix with VELFITAWYHSKQCNRDMGP encoding is removed.

2026-06-04 21:29:30 - __main__ - INFO - Input matrix with KALMEWQDCRNYITVPGSFH encoding is generated.
2026-06-04 21:33:17 - __main__ - INFO - KALMEWQDCRNYITVPGSFH encoding is done for binary task with:
	-custom
		-f1: 0.8295964125560538
		-auroc: 0.7507080651057144
	-resnet
		-f1: 0.8303487276154571
		-auroc: 0.7747446082411802
2026-06-04 21:33:17 - __main__ - INFO - Input matrix with KALMEWQDCRNYITVPGSFH encoding is removed.

2026-06-04 21:33:30 - __main__ - INFO - Input matrix with CWHSEGMIQDYFNPTRVALK encoding is generated.
2026-06-04 21:37:15 - __main__ - INFO - CWHSEGMIQDYFNPTRVALK encoding is done for binary task with:
	-custom
		-f1: 0.8256227758007118
		-auroc: 0.7414934523161751
	-resnet
		-f1: 0.8260089686098655
		-auroc: 0.7459001983977499
2026-06-04 21:37:15 - __main__ - INFO - Input matrix with CWHSEGMIQDYFNPTRVALK encoding is removed.

2026-06-04 21:37:27 - __main__ - INFO - Input matrix with CKARHDINYVLSETFGWQPM encoding is generated.
2026-06-04 21:41:14 - __main__ - INFO - CKARHDINYVLSETFGWQPM encoding is done for binary task with:
	-custom
		-f1: 0.8340807174887892
		-auroc: 0.7567178984906704
	-resnet
		-f1: 0.8051055473735886
		-auroc: 0.7619659514860297
2026-06-04 21:41:14 - __main__ - INFO - Input matrix with CKARHDINYVLSETFGWQPM encoding is removed.

2026-06-04 21:41:26 - __main__ - INFO - Input matrix with QLHMIWRTASYCNKVEGPFD encoding is generated.
2026-06-04 21:45:11 - __main__ - INFO - QLHMIWRTASYCNKVEGPFD encoding is done for binary task with:
	-custom
		-f1: 0.8307967770814683
		-auroc: 0.7514649622876851
	-resnet
		-f1: 0.8144884973078805
		-auroc: 0.7721160473364195
2026-06-04 21:45:11 - __main__ - INFO - Input matrix with QLHMIWRTASYCNKVEGPFD encoding is removed.

2026-06-04 21:45:23 - __main__ - INFO - Input matrix with NMKIGWLVCDQTAEYPHRFS encoding is generated.
2026-06-04 21:49:09 - __main__ - INFO - NMKIGWLVCDQTAEYPHRFS encoding is done for binary task with:
	-custom
		-f1: 0.8342293906810035
		-auroc: 0.75649536374316
	-resnet
		-f1: 0.8199170124481328
		-auroc: 0.6982268375510294
2026-06-04 21:49:09 - __main__ - INFO - Input matrix with NMKIGWLVCDQTAEYPHRFS encoding is removed.

2026-06-04 21:49:22 - __main__ - INFO - Input matrix with RCGLTPYISHFDWKENAQMV encoding is generated.
2026-06-04 21:53:08 - __main__ - INFO - RCGLTPYISHFDWKENAQMV encoding is done for binary task with:
	-custom
		-f1: 0.8229580573951435
		-auroc: 0.7341930569158778
	-resnet
		-f1: 0.7813725490196078
		-auroc: 0.732183965778481
2026-06-04 21:53:08 - __main__ - INFO - Input matrix with RCGLTPYISHFDWKENAQMV encoding is removed.

2026-06-04 21:53:20 - __main__ - INFO - Input matrix with NFPSVIYQALCDKWRMGTHE encoding is generated.
2026-06-04 21:57:05 - __main__ - INFO - NFPSVIYQALCDKWRMGTHE encoding is done for binary task with:
	-custom
		-f1: 0.83125
		-auroc: 0.7507973580451542
	-resnet
		-f1: 0.7978250123578843
		-auroc: 0.7563118946566546
2026-06-04 21:57:05 - __main__ - INFO - Input matrix with NFPSVIYQALCDKWRMGTHE encoding is removed.

2026-06-04 21:57:17 - __main__ - INFO - Input matrix with AKIMCYGQNSRTPEWVLDHF encoding is generated.
2026-06-04 22:01:04 - __main__ - INFO - AKIMCYGQNSRTPEWVLDHF encoding is done for binary task with:
	-custom
		-f1: 0.8271216883700044
		-auroc: 0.7480369505345019
	-resnet
		-f1: 0.8103201146679407
		-auroc: 0.7557349785557426
2026-06-04 22:01:04 - __main__ - INFO - Input matrix with AKIMCYGQNSRTPEWVLDHF encoding is removed.

2026-06-04 22:01:16 - __main__ - INFO - Input matrix with PSQNVFAHKMIDWERLTGCY encoding is generated.
2026-06-04 22:05:02 - __main__ - INFO - PSQNVFAHKMIDWERLTGCY encoding is done for binary task with:
	-custom
		-f1: 0.8320779796189632
		-auroc: 0.7483048293528214
	-resnet
		-f1: 0.775782452539764
		-auroc: 0.7477181468366582
2026-06-04 22:05:02 - __main__ - INFO - Input matrix with PSQNVFAHKMIDWERLTGCY encoding is removed.

2026-06-04 22:05:15 - __main__ - INFO - Input matrix with RHYDVTECWSPFIAKQNGLM encoding is generated.
2026-06-04 22:09:03 - __main__ - INFO - RHYDVTECWSPFIAKQNGLM encoding is done for binary task with:
	-custom
		-f1: 0.8402625820568927
		-auroc: 0.753603109626616
	-resnet
		-f1: 0.8236316246741964
		-auroc: 0.7270712473944598
2026-06-04 22:09:03 - __main__ - INFO - Input matrix with RHYDVTECWSPFIAKQNGLM encoding is removed.

2026-06-04 22:09:15 - __main__ - INFO - Input matrix with YHDTWICNLAQPSGKREMVF encoding is generated.
2026-06-04 22:13:03 - __main__ - INFO - YHDTWICNLAQPSGKREMVF encoding is done for binary task with:
	-custom
		-f1: 0.8311688311688312
		-auroc: 0.7521772129999359
	-resnet
		-f1: 0.8274647887323944
		-auroc: 0.738823035346052
2026-06-04 22:13:03 - __main__ - INFO - Input matrix with YHDTWICNLAQPSGKREMVF encoding is removed.

2026-06-04 22:13:15 - __main__ - INFO - Input matrix with FQKYIRGNMSEHTLVWCAPD encoding is generated.
2026-06-04 22:17:02 - __main__ - INFO - FQKYIRGNMSEHTLVWCAPD encoding is done for binary task with:
	-custom
		-f1: 0.8368350469378633
		-auroc: 0.7589439435668622
	-resnet
		-f1: 0.8252383113935542
		-auroc: 0.7507073675046252
2026-06-04 22:17:02 - __main__ - INFO - Input matrix with FQKYIRGNMSEHTLVWCAPD encoding is removed.

2026-06-04 22:17:14 - __main__ - INFO - Input matrix with NVLICPKQGFMSATHWDYRE encoding is generated.
2026-06-04 22:21:01 - __main__ - INFO - NVLICPKQGFMSATHWDYRE encoding is done for binary task with:
	-custom
		-f1: 0.8276473194505981
		-auroc: 0.7422949959678657
	-resnet
		-f1: 0.8228476821192053
		-auroc: 0.7011651333394722
2026-06-04 22:21:01 - __main__ - INFO - Input matrix with NVLICPKQGFMSATHWDYRE encoding is removed.

2026-06-04 22:21:13 - __main__ - INFO - Input matrix with SDFCYMLEITVHGAWNQPKR encoding is generated.
2026-06-04 22:24:59 - __main__ - INFO - SDFCYMLEITVHGAWNQPKR encoding is done for binary task with:
	-custom
		-f1: 0.8335588633288228
		-auroc: 0.7587653576879825
	-resnet
		-f1: 0.8373983739837398
		-auroc: 0.7645080098557081
2026-06-04 22:24:59 - __main__ - INFO - Input matrix with SDFCYMLEITVHGAWNQPKR encoding is removed.

2026-06-04 22:25:11 - __main__ - INFO - Input matrix with MTLGKRFWCHPDQENVYSIA encoding is generated.
2026-06-04 22:28:59 - __main__ - INFO - MTLGKRFWCHPDQENVYSIA encoding is done for binary task with:
	-custom
		-f1: 0.8339973439575034
		-auroc: 0.7504862279592937
	-resnet
		-f1: 0.8303085299455535
		-auroc: 0.7572069168543213
2026-06-04 22:28:59 - __main__ - INFO - Input matrix with MTLGKRFWCHPDQENVYSIA encoding is removed.

2026-06-04 22:29:11 - __main__ - INFO - Input matrix with EALFNTCWRVKPSYGQDIMH encoding is generated.
2026-06-04 22:33:00 - __main__ - INFO - EALFNTCWRVKPSYGQDIMH encoding is done for binary task with:
	-custom
		-f1: 0.8309050772626931
		-auroc: 0.745010757008798
	-resnet
		-f1: 0.8067632850241546
		-auroc: 0.7564911781366238
2026-06-04 22:33:00 - __main__ - INFO - Input matrix with EALFNTCWRVKPSYGQDIMH encoding is removed.

2026-06-04 22:33:12 - __main__ - INFO - Input matrix with RPNCEAVGDWKMLTFQYHSI encoding is generated.
2026-06-04 22:36:59 - __main__ - INFO - RPNCEAVGDWKMLTFQYHSI encoding is done for binary task with:
	-custom
		-f1: 0.8250226654578422
		-auroc: 0.7497725820448642
	-resnet
		-f1: 0.8145201392342118
		-auroc: 0.7792825033275572
2026-06-04 22:36:59 - __main__ - INFO - Input matrix with RPNCEAVGDWKMLTFQYHSI encoding is removed.

2026-06-04 22:37:11 - __main__ - INFO - Input matrix with NVECTFYWIQAKMHPDRLGS encoding is generated.
2026-06-04 22:40:58 - __main__ - INFO - NVECTFYWIQAKMHPDRLGS encoding is done for binary task with:
	-custom
		-f1: 0.8327433628318585
		-auroc: 0.7485720105700517
	-resnet
		-f1: 0.7944389275074478
		-auroc: 0.754308384327973
2026-06-04 22:40:58 - __main__ - INFO - Input matrix with NVECTFYWIQAKMHPDRLGS encoding is removed.

2026-06-04 22:41:10 - __main__ - INFO - Input matrix with MYNIRDHQAGETKCSFPVLW encoding is generated.
2026-06-04 22:44:55 - __main__ - INFO - MYNIRDHQAGETKCSFPVLW encoding is done for binary task with:
	-custom
		-f1: 0.8301552106430156
		-auroc: 0.7461234307463496
	-resnet
		-f1: 0.8041148735533648
		-auroc: 0.6929718085447762
2026-06-04 22:44:55 - __main__ - INFO - Input matrix with MYNIRDHQAGETKCSFPVLW encoding is removed.

2026-06-04 22:45:07 - __main__ - INFO - Input matrix with AGCEWIQVYMSTLPHFKNRD encoding is generated.
2026-06-04 22:48:55 - __main__ - INFO - AGCEWIQVYMSTLPHFKNRD encoding is done for binary task with:
	-custom
		-f1: 0.8313518273888155
		-auroc: 0.7443431527662673
	-resnet
		-f1: 0.8241621845262722
		-auroc: 0.7028568159812039
2026-06-04 22:48:55 - __main__ - INFO - Input matrix with AGCEWIQVYMSTLPHFKNRD encoding is removed.

2026-06-04 22:49:07 - __main__ - INFO - Input matrix with NTDCQGEWLKVIPYAFSRMH encoding is generated.
2026-06-04 22:52:53 - __main__ - INFO - NTDCQGEWLKVIPYAFSRMH encoding is done for binary task with:
	-custom
		-f1: 0.8353306702174877
		-auroc: 0.7535577655558066
	-resnet
		-f1: 0.7995878413189078
		-auroc: 0.7774554860744871
2026-06-04 22:52:53 - __main__ - INFO - Input matrix with NTDCQGEWLKVIPYAFSRMH encoding is removed.

2026-06-04 22:53:05 - __main__ - INFO - Input matrix with IDYACSFPKHNGRLQVEWTM encoding is generated.
2026-06-04 22:56:51 - __main__ - INFO - IDYACSFPKHNGRLQVEWTM encoding is done for binary task with:
	-custom
		-f1: 0.8250559284116331
		-auroc: 0.7435409115134874
	-resnet
		-f1: 0.7839147286821705
		-auroc: 0.7295135488083578
2026-06-04 22:56:51 - __main__ - INFO - Input matrix with IDYACSFPKHNGRLQVEWTM encoding is removed.

2026-06-04 22:57:03 - __main__ - INFO - Input matrix with QCYFDAPEGHNMVKRISTWL encoding is generated.
2026-06-04 23:00:49 - __main__ - INFO - QCYFDAPEGHNMVKRISTWL encoding is done for binary task with:
	-custom
		-f1: 0.8176895306859205
		-auroc: 0.7378422082143923
	-resnet
		-f1: 0.8112220637184974
		-auroc: 0.7546223048181913
2026-06-04 23:00:49 - __main__ - INFO - Input matrix with QCYFDAPEGHNMVKRISTWL encoding is removed.

2026-06-04 23:01:01 - __main__ - INFO - Input matrix with RTDECPKSNIGAVQMWYHFL encoding is generated.
2026-06-04 23:04:48 - __main__ - INFO - RTDECPKSNIGAVQMWYHFL encoding is done for binary task with:
	-custom
		-f1: 0.8303730017761989
		-auroc: 0.7470582162061103
	-resnet
		-f1: 0.8297422898183354
		-auroc: 0.7216418181158633
2026-06-04 23:04:48 - __main__ - INFO - Input matrix with RTDECPKSNIGAVQMWYHFL encoding is removed.

2026-06-04 23:05:00 - __main__ - INFO - Input matrix with EDTLHIQYGNKPRSVWMCFA encoding is generated.
2026-06-04 23:08:45 - __main__ - INFO - EDTLHIQYGNKPRSVWMCFA encoding is done for binary task with:
	-custom
		-f1: 0.8222811671087533
		-auroc: 0.7339258756986474
	-resnet
		-f1: 0.7579173376274826
		-auroc: 0.7488733742406612
2026-06-04 23:08:45 - __main__ - INFO - Input matrix with EDTLHIQYGNKPRSVWMCFA encoding is removed.

2026-06-04 23:08:57 - __main__ - INFO - Input matrix with ERPLTGQKYSFWHVCDAINM encoding is generated.
2026-06-04 23:12:43 - __main__ - INFO - ERPLTGQKYSFWHVCDAINM encoding is done for binary task with:
	-custom
		-f1: 0.8282374100719424
		-auroc: 0.7501737026712542
	-resnet
		-f1: 0.8172888015717092
		-auroc: 0.7771018023221745
2026-06-04 23:12:43 - __main__ - INFO - Input matrix with ERPLTGQKYSFWHVCDAINM encoding is removed.

2026-06-04 23:12:55 - __main__ - INFO - Input matrix with TLHMNVWDARYFCIGSKEPQ encoding is generated.
2026-06-04 23:16:42 - __main__ - INFO - TLHMNVWDARYFCIGSKEPQ encoding is done for binary task with:
	-custom
		-f1: 0.8309050772626931
		-auroc: 0.745010757008798
	-resnet
		-f1: 0.7524752475247525
		-auroc: 0.7544813893981377
2026-06-04 23:16:42 - __main__ - INFO - Input matrix with TLHMNVWDARYFCIGSKEPQ encoding is removed.

2026-06-04 23:16:54 - __main__ - INFO - Input matrix with PNHVQSCAKDTMEIFLGRYW encoding is generated.
2026-06-04 23:20:39 - __main__ - INFO - PNHVQSCAKDTMEIFLGRYW encoding is done for binary task with:
	-custom
		-f1: 0.8337801608579088
		-auroc: 0.7546257928236381
	-resnet
		-f1: 0.805
		-auroc: 0.7702897276844388
2026-06-04 23:20:39 - __main__ - INFO - Input matrix with PNHVQSCAKDTMEIFLGRYW encoding is removed.

2026-06-04 23:20:51 - __main__ - INFO - Input matrix with WDSIGHLATVQNKFEMPCRY encoding is generated.
2026-06-04 23:24:38 - __main__ - INFO - WDSIGHLATVQNKFEMPCRY encoding is done for binary task with:
	-custom
		-f1: 0.8290336685614342
		-auroc: 0.7377550080782207
	-resnet
		-f1: 0.811073336571151
		-auroc: 0.7643259359713817
2026-06-04 23:24:38 - __main__ - INFO - Input matrix with WDSIGHLATVQNKFEMPCRY encoding is removed.

2026-06-04 23:24:50 - __main__ - INFO - Input matrix with RAEKFIPDSMLQNVHGCWYT encoding is generated.
2026-06-04 23:28:38 - __main__ - INFO - RAEKFIPDSMLQNVHGCWYT encoding is done for binary task with:
	-custom
		-f1: 0.831779849090102
		-auroc: 0.748749898847842
	-resnet
		-f1: 0.8029776674937965
		-auroc: 0.7644138337086427
2026-06-04 23:28:38 - __main__ - INFO - Input matrix with RAEKFIPDSMLQNVHGCWYT encoding is removed.

2026-06-04 23:28:50 - __main__ - INFO - Input matrix with SHVTFRNIDYCQMAPKELWG encoding is generated.
2026-06-04 23:32:37 - __main__ - INFO - SHVTFRNIDYCQMAPKELWG encoding is done for binary task with:
	-custom
		-f1: 0.8281665190434012
		-auroc: 0.7427847119326062
	-resnet
		-f1: 0.8179396092362344
		-auroc: 0.7302306827282341
2026-06-04 23:32:37 - __main__ - INFO - Input matrix with SHVTFRNIDYCQMAPKELWG encoding is removed.

2026-06-04 23:32:49 - __main__ - INFO - Input matrix with AQVEINLCFMGYPRHTSKDW encoding is generated.
2026-06-04 23:36:34 - __main__ - INFO - AQVEINLCFMGYPRHTSKDW encoding is done for binary task with:
	-custom
		-f1: 0.8408381631743201
		-auroc: 0.7630842060322962
	-resnet
		-f1: 0.8080038113387328
		-auroc: 0.7514614742822383
2026-06-04 23:36:34 - __main__ - INFO - Input matrix with AQVEINLCFMGYPRHTSKDW encoding is removed.

2026-06-04 23:36:46 - __main__ - INFO - Input matrix with RNKSPMDGYICFVHLEAQTW encoding is generated.
2026-06-04 23:40:32 - __main__ - INFO - RNKSPMDGYICFVHLEAQTW encoding is done for binary task with:
	-custom
		-f1: 0.8378498445135495
		-auroc: 0.7573862003342905
	-resnet
		-f1: 0.830379746835443
		-auroc: 0.7219089993330934
2026-06-04 23:40:32 - __main__ - INFO - Input matrix with RNKSPMDGYICFVHLEAQTW encoding is removed.

2026-06-04 23:40:44 - __main__ - INFO - Input matrix with FCSDNRHWGVIKEMPATLQY encoding is generated.
2026-06-04 23:44:32 - __main__ - INFO - FCSDNRHWGVIKEMPATLQY encoding is done for binary task with:
	-custom
		-f1: 0.8333333333333334
		-auroc: 0.7578305722282215
	-resnet
		-f1: 0.8352246935996369
		-auroc: 0.763929000951528
2026-06-04 23:44:32 - __main__ - INFO - Input matrix with FCSDNRHWGVIKEMPATLQY encoding is removed.

2026-06-04 23:44:44 - __main__ - INFO - Input matrix with GVLADYRECPSIQNKTWHMF encoding is generated.
2026-06-04 23:48:30 - __main__ - INFO - GVLADYRECPSIQNKTWHMF encoding is done for binary task with:
	-custom
		-f1: 0.8362831858407079
		-auroc: 0.7533798772780164
	-resnet
		-f1: 0.8427947598253275
		-auroc: 0.7560516894503183
2026-06-04 23:48:30 - __main__ - INFO - Input matrix with GVLADYRECPSIQNKTWHMF encoding is removed.

2026-06-04 23:48:42 - __main__ - INFO - Input matrix with KMGAEISPCWFTLVQNRDYH encoding is generated.
2026-06-04 23:52:28 - __main__ - INFO - KMGAEISPCWFTLVQNRDYH encoding is done for binary task with:
	-custom
		-f1: 0.8327433628318585
		-auroc: 0.7485720105700517
	-resnet
		-f1: 0.8087327954437589
		-auroc: 0.7505713352921972
2026-06-04 23:52:28 - __main__ - INFO - Input matrix with KMGAEISPCWFTLVQNRDYH encoding is removed.

2026-06-04 23:52:41 - __main__ - INFO - Input matrix with CHWAKQYEIRLMDGSNTFPV encoding is generated.
2026-06-04 23:56:27 - __main__ - INFO - CHWAKQYEIRLMDGSNTFPV encoding is done for binary task with:
	-custom
		-f1: 0.8359788359788359
		-auroc: 0.751287771610984
	-resnet
		-f1: 0.8316651501364877
		-auroc: 0.7602784544508343
2026-06-04 23:56:27 - __main__ - INFO - Input matrix with CHWAKQYEIRLMDGSNTFPV encoding is removed.

2026-06-04 23:56:39 - __main__ - INFO - Input matrix with NPVTEWIRKHLADYGCSQMF encoding is generated.
2026-06-05 00:00:25 - __main__ - INFO - NPVTEWIRKHLADYGCSQMF encoding is done for binary task with:
	-custom
		-f1: 0.8357142857142857
		-auroc: 0.75680719143011
	-resnet
		-f1: 0.8406840684068407
		-auroc: 0.7672237708966406
2026-06-05 00:00:25 - __main__ - INFO - Input matrix with NPVTEWIRKHLADYGCSQMF encoding is removed.

2026-06-05 00:00:37 - __main__ - INFO - Input matrix with TKLFQEMWVSHPGDRNYCAI encoding is generated.
2026-06-05 00:04:24 - __main__ - INFO - TKLFQEMWVSHPGDRNYCAI encoding is done for binary task with:
	-custom
		-f1: 0.8328047122791119
		-auroc: 0.7598780314255339
	-resnet
		-f1: 0.8344312692138779
		-auroc: 0.74728144855471
2026-06-05 00:04:24 - __main__ - INFO - Input matrix with TKLFQEMWVSHPGDRNYCAI encoding is removed.

2026-06-05 00:04:36 - __main__ - INFO - Input matrix with KTNEFQIMLRGWHAVCDPYS encoding is generated.
2026-06-05 00:08:22 - __main__ - INFO - KTNEFQIMLRGWHAVCDPYS encoding is done for binary task with:
	-custom
		-f1: 0.8286744815148782
		-auroc: 0.752043273590776
	-resnet
		-f1: 0.7418822234452394
		-auroc: 0.7431739733404767
2026-06-05 00:08:22 - __main__ - INFO - Input matrix with KTNEFQIMLRGWHAVCDPYS encoding is removed.

2026-06-05 00:08:34 - __main__ - INFO - Input matrix with SGLQVTEFRDCANPKYMHIW encoding is generated.
2026-06-05 00:12:20 - __main__ - INFO - SGLQVTEFRDCANPKYMHIW encoding is done for binary task with:
	-custom
		-f1: 0.8297872340425532
		-auroc: 0.7454111800340987
	-resnet
		-f1: 0.8228520814880426
		-auroc: 0.7355729118706591
2026-06-05 00:12:20 - __main__ - INFO - Input matrix with SGLQVTEFRDCANPKYMHIW encoding is removed.

2026-06-05 00:12:32 - __main__ - INFO - Input matrix with MWRNTIVYDFKEQSLHPGCA encoding is generated.
2026-06-05 00:16:18 - __main__ - INFO - MWRNTIVYDFKEQSLHPGCA encoding is done for binary task with:
	-custom
		-f1: 0.8405668733392383
		-auroc: 0.7596122454104824
	-resnet
		-f1: 0.7704485488126649
		-auroc: 0.7549285516964264
2026-06-05 00:16:18 - __main__ - INFO - Input matrix with MWRNTIVYDFKEQSLHPGCA encoding is removed.

2026-06-05 00:16:30 - __main__ - INFO - Input matrix with NQPGRTVAFMSHKEIWYLCD encoding is generated.
2026-06-05 00:20:16 - __main__ - INFO - NQPGRTVAFMSHKEIWYLCD encoding is done for binary task with:
	-custom
		-f1: 0.8379937860630271
		-auroc: 0.7571636655867802
	-resnet
		-f1: 0.8144624167459562
		-auroc: 0.7589404555614154
2026-06-05 00:20:16 - __main__ - INFO - Input matrix with NQPGRTVAFMSHKEIWYLCD encoding is removed.

2026-06-05 00:20:29 - __main__ - INFO - Input matrix with MNKVRHQWLYDIESFTPGAC encoding is generated.
2026-06-05 00:24:14 - __main__ - INFO - MNKVRHQWLYDIESFTPGAC encoding is done for binary task with:
	-custom
		-f1: 0.8285077951002228
		-auroc: 0.7460341378069095
	-resnet
		-f1: 0.8122020972354623
		-auroc: 0.7569815917024536
2026-06-05 00:24:14 - __main__ - INFO - Input matrix with MNKVRHQWLYDIESFTPGAC encoding is removed.

2026-06-05 00:24:27 - __main__ - INFO - Input matrix with SNGIWMVPHYECRDLTQAFK encoding is generated.
2026-06-05 00:28:12 - __main__ - INFO - SNGIWMVPHYECRDLTQAFK encoding is done for binary task with:
	-custom
		-f1: 0.8307830783078308
		-auroc: 0.7540021374497378
	-resnet
		-f1: 0.8128916741271263
		-auroc: 0.7274256287478619
2026-06-05 00:28:12 - __main__ - INFO - Input matrix with SNGIWMVPHYECRDLTQAFK encoding is removed.

2026-06-05 00:28:25 - __main__ - INFO - Input matrix with VYHRTWGLIDSFQNCKEPMA encoding is generated.
2026-06-05 00:32:11 - __main__ - INFO - VYHRTWGLIDSFQNCKEPMA encoding is done for binary task with:
	-custom
		-f1: 0.8349687778768956
		-auroc: 0.7553826900056088
	-resnet
		-f1: 0.8212785814279048
		-auroc: 0.7585853766069242
2026-06-05 00:32:11 - __main__ - INFO - Input matrix with VYHRTWGLIDSFQNCKEPMA encoding is removed.

2026-06-05 00:32:23 - __main__ - INFO - Input matrix with NMYGILEWSAHCQVKFRDTP encoding is generated.
2026-06-05 00:36:11 - __main__ - INFO - NMYGILEWSAHCQVKFRDTP encoding is done for binary task with:
	-custom
		-f1: 0.8288770053475936
		-auroc: 0.7467463885191604
	-resnet
		-f1: 0.7076742823667252
		-auroc: 0.7373838842986737
2026-06-05 00:36:11 - __main__ - INFO - Input matrix with NMYGILEWSAHCQVKFRDTP encoding is removed.

2026-06-05 00:36:23 - __main__ - INFO - Input matrix with DLISANTMPFKECVWQGYHR encoding is generated.
2026-06-05 00:40:09 - __main__ - INFO - DLISANTMPFKECVWQGYHR encoding is done for binary task with:
	-custom
		-f1: 0.8332592263228101
		-auroc: 0.7515989016968448
	-resnet
		-f1: 0.6637931034482759
		-auroc: 0.7183728594110572
2026-06-05 00:40:09 - __main__ - INFO - Input matrix with DLISANTMPFKECVWQGYHR encoding is removed.

2026-06-05 00:40:22 - __main__ - INFO - Input matrix with FYPWTDSHKERLGVMNACIQ encoding is generated.
2026-06-05 00:44:07 - __main__ - INFO - FYPWTDSHKERLGVMNACIQ encoding is done for binary task with:
	-custom
		-f1: 0.832
		-auroc: 0.749684684307603
	-resnet
		-f1: 0.7863501483679525
		-auroc: 0.7426005452450115
2026-06-05 00:44:07 - __main__ - INFO - Input matrix with FYPWTDSHKERLGVMNACIQ encoding is removed.

2026-06-05 00:44:20 - __main__ - INFO - Input matrix with EWHGAQCTNYMVRFPISLDK encoding is generated.
2026-06-05 00:48:06 - __main__ - INFO - EWHGAQCTNYMVRFPISLDK encoding is done for binary task with:
	-custom
		-f1: 0.8268551236749117
		-auroc: 0.7397131743360931
	-resnet
		-f1: 0.813640730067243
		-auroc: 0.7623677697135092
2026-06-05 00:48:06 - __main__ - INFO - Input matrix with EWHGAQCTNYMVRFPISLDK encoding is removed.

2026-06-05 00:48:19 - __main__ - INFO - Input matrix with TMSRGIALNPYCEFDWVQKH encoding is generated.
2026-06-05 00:52:04 - __main__ - INFO - TMSRGIALNPYCEFDWVQKH encoding is done for binary task with:
	-custom
		-f1: 0.8338502436863092
		-auroc: 0.7507087627068039
	-resnet
		-f1: 0.8272251308900523
		-auroc: 0.734193754516967
2026-06-05 00:52:04 - __main__ - INFO - Input matrix with TMSRGIALNPYCEFDWVQKH encoding is removed.

2026-06-05 00:52:16 - __main__ - INFO - Input matrix with CGWDRSIPMVFQAHYLETKN encoding is generated.
2026-06-05 00:56:02 - __main__ - INFO - CGWDRSIPMVFQAHYLETKN encoding is done for binary task with:
	-custom
		-f1: 0.8395505617977528
		-auroc: 0.7650870187598885
	-resnet
		-f1: 0.7573131094257854
		-auroc: 0.7525678696099852
2026-06-05 00:56:02 - __main__ - INFO - Input matrix with CGWDRSIPMVFQAHYLETKN encoding is removed.

2026-06-05 00:56:14 - __main__ - INFO - Input matrix with GWLIVSTEPNYADQHFMRKC encoding is generated.
2026-06-05 01:00:00 - __main__ - INFO - GWLIVSTEPNYADQHFMRKC encoding is done for binary task with:
	-custom
		-f1: 0.8307967770814683
		-auroc: 0.7514649622876851
	-resnet
		-f1: 0.827485380116959
		-auroc: 0.7861392244350128
2026-06-05 01:00:00 - __main__ - INFO - Input matrix with GWLIVSTEPNYADQHFMRKC encoding is removed.

2026-06-05 01:00:12 - __main__ - INFO - Input matrix with YTQSFKHCMREWANVLPDIG encoding is generated.
2026-06-05 01:03:59 - __main__ - INFO - YTQSFKHCMREWANVLPDIG encoding is done for binary task with:
	-custom
		-f1: 0.8393873085339169
		-auroc: 0.7524011429496249
	-resnet
		-f1: 0.8220198675496688
		-auroc: 0.6999631666624812
2026-06-05 01:03:59 - __main__ - INFO - Input matrix with YTQSFKHCMREWANVLPDIG encoding is removed.

2026-06-05 01:04:11 - __main__ - INFO - Input matrix with KRHSCWMTYEFDNGILVPQA encoding is generated.
2026-06-05 01:07:57 - __main__ - INFO - KRHSCWMTYEFDNGILVPQA encoding is done for binary task with:
	-custom
		-f1: 0.8262443438914027
		-auroc: 0.7505294792268348
	-resnet
		-f1: 0.8335540838852097
		-auroc: 0.7486166570397715
2026-06-05 01:07:57 - __main__ - INFO - Input matrix with KRHSCWMTYEFDNGILVPQA encoding is removed.

2026-06-05 01:08:09 - __main__ - INFO - Input matrix with HQDCLMPGINKTSVEWARYF encoding is generated.
2026-06-05 01:11:57 - __main__ - INFO - HQDCLMPGINKTSVEWARYF encoding is done for binary task with:
	-custom
		-f1: 0.8280141843971631
		-auroc: 0.7430072466801164
	-resnet
		-f1: 0.8218048557031608
		-auroc: 0.7505287816257455
2026-06-05 01:11:57 - __main__ - INFO - Input matrix with HQDCLMPGINKTSVEWARYF encoding is removed.

2026-06-05 01:12:09 - __main__ - INFO - Input matrix with PHNSAYVMTCKGDELFRQWI encoding is generated.
2026-06-05 01:15:56 - __main__ - INFO - PHNSAYVMTCKGDELFRQWI encoding is done for binary task with:
	-custom
		-f1: 0.8265715559518502
		-auroc: 0.7438527392004375
	-resnet
		-f1: 0.7625133120340788
		-auroc: 0.7502092803268123
2026-06-05 01:15:56 - __main__ - INFO - Input matrix with PHNSAYVMTCKGDELFRQWI encoding is removed.

2026-06-05 01:16:08 - __main__ - INFO - Input matrix with WTFNVDLCIRYAQPSMEKHG encoding is generated.
2026-06-05 01:19:54 - __main__ - INFO - WTFNVDLCIRYAQPSMEKHG encoding is done for binary task with:
	-custom
		-f1: 0.8338448049101271
		-auroc: 0.7456344123826985
	-resnet
		-f1: 0.8228279386712095
		-auroc: 0.7159431148167681
2026-06-05 01:19:54 - __main__ - INFO - Input matrix with WTFNVDLCIRYAQPSMEKHG encoding is removed.

2026-06-05 01:20:06 - __main__ - INFO - Input matrix with EMWLKIGQDYTRHAPNSVFC encoding is generated.
2026-06-05 01:23:53 - __main__ - INFO - EMWLKIGQDYTRHAPNSVFC encoding is done for binary task with:
	-custom
		-f1: 0.82560706401766
		-auroc: 0.7377989569468512
	-resnet
		-f1: 0.7456709956709957
		-auroc: 0.7391237014155722
2026-06-05 01:23:53 - __main__ - INFO - Input matrix with EMWLKIGQDYTRHAPNSVFC encoding is removed.

2026-06-05 01:24:06 - __main__ - INFO - Input matrix with KHQPSEITFAGNDRMCWYLV encoding is generated.
2026-06-05 01:27:53 - __main__ - INFO - KHQPSEITFAGNDRMCWYLV encoding is done for binary task with:
	-custom
		-f1: 0.8350877192982457
		-auroc: 0.7475486297719403
	-resnet
		-f1: 0.833757421543681
		-auroc: 0.7292540412031108
2026-06-05 01:27:53 - __main__ - INFO - Input matrix with KHQPSEITFAGNDRMCWYLV encoding is removed.

2026-06-05 01:28:05 - __main__ - INFO - Input matrix with RQFMIHNADLVGCYKWTEPS encoding is generated.
2026-06-05 01:31:52 - __main__ - INFO - RQFMIHNADLVGCYKWTEPS encoding is done for binary task with:
	-custom
		-f1: 0.8298245614035088
		-auroc: 0.7403368297099933
	-resnet
		-f1: 0.8348583877995642
		-auroc: 0.7440766691501266
2026-06-05 01:31:52 - __main__ - INFO - Input matrix with RQFMIHNADLVGCYKWTEPS encoding is removed.

2026-06-05 01:32:04 - __main__ - INFO - Input matrix with PRLVTEQDIMCSWAYKGFNH encoding is generated.
2026-06-05 01:35:50 - __main__ - INFO - PRLVTEQDIMCSWAYKGFNH encoding is done for binary task with:
	-custom
		-f1: 0.8367346938775511
		-auroc: 0.7552494481975383
	-resnet
		-f1: 0.8117313150425733
		-auroc: 0.7527973803683892
2026-06-05 01:35:50 - __main__ - INFO - Input matrix with PRLVTEQDIMCSWAYKGFNH encoding is removed.

2026-06-05 01:36:02 - __main__ - INFO - Input matrix with IMSDCPTQLENYFARHKGWV encoding is generated.
2026-06-05 01:39:48 - __main__ - INFO - IMSDCPTQLENYFARHKGWV encoding is done for binary task with:
	-custom
		-f1: 0.8333333333333334
		-auroc: 0.7603677473902744
	-resnet
		-f1: 0.695143358689292
		-auroc: 0.7239397161042607
2026-06-05 01:39:48 - __main__ - INFO - Input matrix with IMSDCPTQLENYFARHKGWV encoding is removed.

2026-06-05 01:40:00 - __main__ - INFO - Input matrix with TVSMYALDRIWKFNGHEPQC encoding is generated.
2026-06-05 01:43:46 - __main__ - INFO - TVSMYALDRIWKFNGHEPQC encoding is done for binary task with:
	-custom
		-f1: 0.8285843509724107
		-auroc: 0.7534231285455575
	-resnet
		-f1: 0.8027819175360159
		-auroc: 0.764636368456153
2026-06-05 01:43:46 - __main__ - INFO - Input matrix with TVSMYALDRIWKFNGHEPQC encoding is removed.

2026-06-05 01:43:58 - __main__ - INFO - Input matrix with MHTPYWVNCSKDQIFLRGAE encoding is generated.
2026-06-05 01:47:44 - __main__ - INFO - MHTPYWVNCSKDQIFLRGAE encoding is done for binary task with:
	-custom
		-f1: 0.8332592263228101
		-auroc: 0.7515989016968448
	-resnet
		-f1: 0.8323554065381391
		-auroc: 0.7213306880300024
2026-06-05 01:47:44 - __main__ - INFO - Input matrix with MHTPYWVNCSKDQIFLRGAE encoding is removed.

2026-06-05 01:47:56 - __main__ - INFO - Input matrix with MFHKGWCIRPLTDEAYSNQV encoding is generated.
2026-06-05 01:51:42 - __main__ - INFO - MFHKGWCIRPLTDEAYSNQV encoding is done for binary task with:
	-custom
		-f1: 0.8331131660061647
		-auroc: 0.7467470861202496
	-resnet
		-f1: 0.830950378469302
		-auroc: 0.7210188603430523
2026-06-05 01:51:42 - __main__ - INFO - Input matrix with MFHKGWCIRPLTDEAYSNQV encoding is removed.

2026-06-05 01:51:54 - __main__ - INFO - Input matrix with VDMAHKSTNIPYFCREWGQL encoding is generated.
2026-06-05 01:55:41 - __main__ - INFO - VDMAHKSTNIPYFCREWGQL encoding is done for binary task with:
	-custom
		-f1: 0.8270079435127978
		-auroc: 0.7394906395885827
	-resnet
		-f1: 0.8111888111888111
		-auroc: 0.7451412084125111
2026-06-05 01:55:41 - __main__ - INFO - Input matrix with VDMAHKSTNIPYFCREWGQL encoding is removed.

2026-06-05 01:55:54 - __main__ - INFO - Input matrix with IDYQNTLAKWFHVPSGRMEC encoding is generated.
2026-06-05 01:59:41 - __main__ - INFO - IDYQNTLAKWFHVPSGRMEC encoding is done for binary task with:
	-custom
		-f1: 0.8293755496921724
		-auroc: 0.741004433952524
	-resnet
		-f1: 0.8203158344003414
		-auroc: 0.7134945349930659
2026-06-05 01:59:41 - __main__ - INFO - Input matrix with IDYQNTLAKWFHVPSGRMEC encoding is removed.

2026-06-05 01:59:53 - __main__ - INFO - Input matrix with PNQLEYFIKRGVCDMTHASW encoding is generated.
2026-06-05 02:03:41 - __main__ - INFO - PNQLEYFIKRGVCDMTHASW encoding is done for binary task with:
	-custom
		-f1: 0.8305235137533274
		-auroc: 0.7468356814586001
	-resnet
		-f1: 0.8240698208543867
		-auroc: 0.7548022858992497
2026-06-05 02:03:41 - __main__ - INFO - Input matrix with PNQLEYFIKRGVCDMTHASW encoding is removed.

2026-06-05 02:03:53 - __main__ - INFO - Input matrix with FRTCHQINDKYGMASVWLEP encoding is generated.
2026-06-05 02:07:39 - __main__ - INFO - FRTCHQINDKYGMASVWLEP encoding is done for binary task with:
	-custom
		-f1: 0.8305766651765758
		-auroc: 0.7505301768279242
	-resnet
		-f1: 0.8310580204778157
		-auroc: 0.7284078510817004
2026-06-05 02:07:39 - __main__ - INFO - Input matrix with FRTCHQINDKYGMASVWLEP encoding is removed.

2026-06-05 02:07:51 - __main__ - INFO - Input matrix with HTRWPMVFIGNQSDKAECLY encoding is generated.
2026-06-05 02:11:38 - __main__ - INFO - HTRWPMVFIGNQSDKAECLY encoding is done for binary task with:
	-custom
		-f1: 0.8360156589821661
		-auroc: 0.7448335663320971
	-resnet
		-f1: 0.8334062090074333
		-auroc: 0.7437648414631766
2026-06-05 02:11:38 - __main__ - INFO - Input matrix with HTRWPMVFIGNQSDKAECLY encoding is removed.

2026-06-05 02:11:50 - __main__ - INFO - Input matrix with WMKPTGHQVNADRLYEICSF encoding is generated.
2026-06-05 02:15:35 - __main__ - INFO - WMKPTGHQVNADRLYEICSF encoding is done for binary task with:
	-custom
		-f1: 0.8317880794701987
		-auroc: 0.7462127236857893
	-resnet
		-f1: 0.8329699084169211
		-auroc: 0.7418952705436545
2026-06-05 02:15:35 - __main__ - INFO - Input matrix with WMKPTGHQVNADRLYEICSF encoding is removed.

2026-06-05 02:15:47 - __main__ - INFO - Input matrix with TCSQKMWVAEHPFRDGNIYL encoding is generated.
2026-06-05 02:19:34 - __main__ - INFO - TCSQKMWVAEHPFRDGNIYL encoding is done for binary task with:
	-custom
		-f1: 0.8258178603006189
		-auroc: 0.7387337424066123
	-resnet
		-f1: 0.8260089686098655
		-auroc: 0.7459001983977499
2026-06-05 02:19:34 - __main__ - INFO - Input matrix with TCSQKMWVAEHPFRDGNIYL encoding is removed.

2026-06-05 02:19:46 - __main__ - INFO - Input matrix with VTLPCKSGDFQWNMIYHERA encoding is generated.
2026-06-05 02:23:32 - __main__ - INFO - VTLPCKSGDFQWNMIYHERA encoding is done for binary task with:
	-custom
		-f1: 0.8358996920369556
		-auroc: 0.7501304514037129
	-resnet
		-f1: 0.7985865724381626
		-auroc: 0.766994957739326
2026-06-05 02:23:32 - __main__ - INFO - Input matrix with VTLPCKSGDFQWNMIYHERA encoding is removed.

2026-06-05 02:23:45 - __main__ - INFO - Input matrix with TYDMSPVEKRGHIWFNQCLA encoding is generated.
2026-06-05 02:27:31 - __main__ - INFO - TYDMSPVEKRGHIWFNQCLA encoding is done for binary task with:
	-custom
		-f1: 0.8292035398230089
		-auroc: 0.743764143862087
	-resnet
		-f1: 0.8246235606731621
		-auroc: 0.7379768452246415
2026-06-05 02:27:31 - __main__ - INFO - Input matrix with TYDMSPVEKRGHIWFNQCLA encoding is removed.

2026-06-05 02:27:43 - __main__ - INFO - Input matrix with PLWTARQKIHYCFSNVGEDM encoding is generated.
2026-06-05 02:31:29 - __main__ - INFO - PLWTARQKIHYCFSNVGEDM encoding is done for binary task with:
	-custom
		-f1: 0.8342198581560284
		-auroc: 0.7514210134190545
	-resnet
		-f1: 0.8316086547507056
		-auroc: 0.7755015054231508
2026-06-05 02:31:29 - __main__ - INFO - Input matrix with PLWTARQKIHYCFSNVGEDM encoding is removed.

2026-06-05 02:31:41 - __main__ - INFO - Input matrix with KEWDARMINYGCPFLQVSHT encoding is generated.
2026-06-05 02:35:27 - __main__ - INFO - KEWDARMINYGCPFLQVSHT encoding is done for binary task with:
	-custom
		-f1: 0.8320070733863837
		-auroc: 0.7471475091455503
	-resnet
		-f1: 0.7799385875127943
		-auroc: 0.7513686933373516
2026-06-05 02:35:27 - __main__ - INFO - Input matrix with KEWDARMINYGCPFLQVSHT encoding is removed.

2026-06-05 02:35:39 - __main__ - INFO - Input matrix with VKCYSADIFPLNRWHTGEQM encoding is generated.
2026-06-05 02:39:26 - __main__ - INFO - VKCYSADIFPLNRWHTGEQM encoding is done for binary task with:
	-custom
		-f1: 0.8309734513274336
		-auroc: 0.7461680772160694
	-resnet
		-f1: 0.8302399275690358
		-auroc: 0.7560495966470502
2026-06-05 02:39:26 - __main__ - INFO - Input matrix with VKCYSADIFPLNRWHTGEQM encoding is removed.

2026-06-05 02:39:38 - __main__ - INFO - Input matrix with GKSPLMITHFENQCYARWVD encoding is generated.
2026-06-05 02:43:24 - __main__ - INFO - GKSPLMITHFENQCYARWVD encoding is done for binary task with:
	-custom
		-f1: 0.8243663850600267
		-auroc: 0.7395792349269333
	-resnet
		-f1: 0.7182448036951501
		-auroc: 0.7412130166782468
2026-06-05 02:43:24 - __main__ - INFO - Input matrix with GKSPLMITHFENQCYARWVD encoding is removed.

2026-06-05 02:43:36 - __main__ - INFO - Input matrix with PYSTMKVHEQAGNRWLIDFC encoding is generated.
2026-06-05 02:47:20 - __main__ - INFO - PYSTMKVHEQAGNRWLIDFC encoding is done for binary task with:
	-custom
		-f1: 0.829443447037702
		-auroc: 0.7509305998532247
	-resnet
		-f1: 0.790557508789553
		-auroc: 0.7550645839088542
2026-06-05 02:47:20 - __main__ - INFO - Input matrix with PYSTMKVHEQAGNRWLIDFC encoding is removed.

2026-06-05 02:47:33 - __main__ - INFO - Input matrix with STAQVYWPREKCMHGDLNIF encoding is generated.
2026-06-05 02:51:18 - __main__ - INFO - STAQVYWPREKCMHGDLNIF encoding is done for binary task with:
	-custom
		-f1: 0.8356471115091805
		-auroc: 0.7581870463848916
	-resnet
		-f1: 0.7423345884884346
		-auroc: 0.7324909102578054
2026-06-05 02:51:18 - __main__ - INFO - Input matrix with STAQVYWPREKCMHGDLNIF encoding is removed.

2026-06-05 02:51:31 - __main__ - INFO - Input matrix with KLSPCDTQMEWVHANIYGRF encoding is generated.
2026-06-05 02:55:17 - __main__ - INFO - KLSPCDTQMEWVHANIYGRF encoding is done for binary task with:
	-custom
		-f1: 0.8286744815148782
		-auroc: 0.752043273590776
	-resnet
		-f1: 0.7554608417687799
		-auroc: 0.7425077643001248
2026-06-05 02:55:17 - __main__ - INFO - Input matrix with KLSPCDTQMEWVHANIYGRF encoding is removed.

2026-06-05 02:55:29 - __main__ - INFO - Input matrix with VGCQLFWTKSDANPRIMHEY encoding is generated.
2026-06-05 02:59:15 - __main__ - INFO - VGCQLFWTKSDANPRIMHEY encoding is done for binary task with:
	-custom
		-f1: 0.8296629213483147
		-auroc: 0.7518653853129857
	-resnet
		-f1: 0.8349687778768956
		-auroc: 0.7553826900056088
2026-06-05 02:59:15 - __main__ - INFO - Input matrix with VGCQLFWTKSDANPRIMHEY encoding is removed.

2026-06-05 02:59:27 - __main__ - INFO - Input matrix with SVDCNAILRYWQEPKMHTFG encoding is generated.
2026-06-05 03:03:14 - __main__ - INFO - SVDCNAILRYWQEPKMHTFG encoding is done for binary task with:
	-custom
		-f1: 0.8319290465631929
		-auroc: 0.7485273641003318
	-resnet
		-f1: 0.8289178266726538
		-auroc: 0.7504408838884842
2026-06-05 03:03:14 - __main__ - INFO - Input matrix with SVDCNAILRYWQEPKMHTFG encoding is removed.

2026-06-05 03:03:26 - __main__ - INFO - Input matrix with QWIEFRYNLSKVAGCTPMHD encoding is generated.
2026-06-05 03:07:13 - __main__ - INFO - QWIEFRYNLSKVAGCTPMHD encoding is done for binary task with:
	-custom
		-f1: 0.8293333333333334
		-auroc: 0.7460787842766295
	-resnet
		-f1: 0.8278291501541172
		-auroc: 0.7395352860583027
2026-06-05 03:07:13 - __main__ - INFO - Input matrix with QWIEFRYNLSKVAGCTPMHD encoding is removed.

2026-06-05 03:07:25 - __main__ - INFO - Input matrix with DTFCEQAGSYVPLWIRKMNH encoding is generated.
2026-06-05 03:11:11 - __main__ - INFO - DTFCEQAGSYVPLWIRKMNH encoding is done for binary task with:
	-custom
		-f1: 0.8281110116383169
		-auroc: 0.7478590622567115
	-resnet
		-f1: 0.822814399251987
		-auroc: 0.7614343794559268
2026-06-05 03:11:11 - __main__ - INFO - Input matrix with DTFCEQAGSYVPLWIRKMNH encoding is removed.

2026-06-05 03:11:23 - __main__ - INFO - Input matrix with HGVQTWDRMLYIFEKNSAPC encoding is generated.
2026-06-05 03:15:09 - __main__ - INFO - HGVQTWDRMLYIFEKNSAPC encoding is done for binary task with:
	-custom
		-f1: 0.8356471115091805
		-auroc: 0.7581870463848916
	-resnet
		-f1: 0.8024
		-auroc: 0.6521537736033329
2026-06-05 03:15:09 - __main__ - INFO - Input matrix with HGVQTWDRMLYIFEKNSAPC encoding is removed.

2026-06-05 03:15:21 - __main__ - INFO - Input matrix with HSYLPGKFDIVNMWEQCART encoding is generated.
2026-06-05 03:19:06 - __main__ - INFO - HSYLPGKFDIVNMWEQCART encoding is done for binary task with:
	-custom
		-f1: 0.8308501314636284
		-auroc: 0.7413162616394742
	-resnet
		-f1: 0.8135867367569753
		-auroc: 0.6749904428650755
2026-06-05 03:19:06 - __main__ - INFO - Input matrix with HSYLPGKFDIVNMWEQCART encoding is removed.

2026-06-05 03:19:19 - __main__ - INFO - Input matrix with AEMTIWFQPKNDRVHSYGCL encoding is generated.
2026-06-05 03:23:06 - __main__ - INFO - AEMTIWFQPKNDRVHSYGCL encoding is done for binary task with:
	-custom
		-f1: 0.8193950177935944
		-auroc: 0.733079685577237
	-resnet
		-f1: 0.7059496567505721
		-auroc: 0.7238071718972797
2026-06-05 03:23:06 - __main__ - INFO - Input matrix with AEMTIWFQPKNDRVHSYGCL encoding is removed.

2026-06-05 03:23:18 - __main__ - INFO - Input matrix with CRKVENYISQGLDMHPWTAF encoding is generated.
2026-06-05 03:27:03 - __main__ - INFO - CRKVENYISQGLDMHPWTAF encoding is done for binary task with:
	-custom
		-f1: 0.8224381625441696
		-auroc: 0.7337033409511372
	-resnet
		-f1: 0.711864406779661
		-auroc: 0.7237632230286491
2026-06-05 03:27:03 - __main__ - INFO - Input matrix with CRKVENYISQGLDMHPWTAF encoding is removed.

2026-06-05 03:27:15 - __main__ - INFO - Input matrix with FAWRDTKCNGVMYPISHLQE encoding is generated.
2026-06-05 03:31:01 - __main__ - INFO - FAWRDTKCNGVMYPISHLQE encoding is done for binary task with:
	-custom
		-f1: 0.8295706064630367
		-auroc: 0.7444763945743378
	-resnet
		-f1: 0.8309090909090909
		-auroc: 0.7588539530263332
2026-06-05 03:31:01 - __main__ - INFO - Input matrix with FAWRDTKCNGVMYPISHLQE encoding is removed.

2026-06-05 03:31:13 - __main__ - INFO - Input matrix with AEDCFPGQIMHVTRNKLYWS encoding is generated.
2026-06-05 03:34:59 - __main__ - INFO - AEDCFPGQIMHVTRNKLYWS encoding is done for binary task with:
	-custom
		-f1: 0.8307418924922256
		-auroc: 0.7477704669183611
	-resnet
		-f1: 0.7743293003682272
		-auroc: 0.757866847484869
2026-06-05 03:34:59 - __main__ - INFO - Input matrix with AEDCFPGQIMHVTRNKLYWS encoding is removed.

2026-06-05 03:35:12 - __main__ - INFO - Input matrix with VHRTEMALPQSFYGCKNDIW encoding is generated.
2026-06-05 03:38:58 - __main__ - INFO - VHRTEMALPQSFYGCKNDIW encoding is done for binary task with:
	-custom
		-f1: 0.8292682926829268
		-auroc: 0.7449214640693582
	-resnet
		-f1: 0.8257107540173053
		-auroc: 0.7029461089206437
2026-06-05 03:38:58 - __main__ - INFO - Input matrix with VHRTEMALPQSFYGCKNDIW encoding is removed.

2026-06-05 03:39:10 - __main__ - INFO - Input matrix with NCHLQIWDYASPTRVGEFMK encoding is generated.
2026-06-05 03:42:57 - __main__ - INFO - NCHLQIWDYASPTRVGEFMK encoding is done for binary task with:
	-custom
		-f1: 0.8303057155516171
		-auroc: 0.7459008959988391
	-resnet
		-f1: 0.8258283772302464
		-auroc: 0.7188814106052108
2026-06-05 03:42:57 - __main__ - INFO - Input matrix with NCHLQIWDYASPTRVGEFMK encoding is removed.

2026-06-05 03:43:09 - __main__ - INFO - Input matrix with ECWYHMNVAPKQTSRIDGLF encoding is generated.
2026-06-05 03:46:53 - __main__ - INFO - ECWYHMNVAPKQTSRIDGLF encoding is done for binary task with:
	-custom
		-f1: 0.83348095659876
		-auroc: 0.7499965119945531
	-resnet
		-f1: 0.7982954545454546
		-auroc: 0.7361923816380231
2026-06-05 03:46:53 - __main__ - INFO - Input matrix with ECWYHMNVAPKQTSRIDGLF encoding is removed.

2026-06-05 03:47:06 - __main__ - INFO - Input matrix with GHVEQWMIRTLFYPANCKDS encoding is generated.
2026-06-05 03:50:52 - __main__ - INFO - GHVEQWMIRTLFYPANCKDS encoding is done for binary task with:
	-custom
		-f1: 0.8334073745002222
		-auroc: 0.7513763669493346
	-resnet
		-f1: 0.8141592920353983
		-auroc: 0.7485245736959742
2026-06-05 03:50:52 - __main__ - INFO - Input matrix with GHVEQWMIRTLFYPANCKDS encoding is removed.

2026-06-05 03:51:04 - __main__ - INFO - Input matrix with FQLYEDHATVRWINGSMKPC encoding is generated.
2026-06-05 03:54:50 - __main__ - INFO - FQLYEDHATVRWINGSMKPC encoding is done for binary task with:
	-custom
		-f1: 0.8321678321678322
		-auroc: 0.7418506240739345
	-resnet
		-f1: 0.820125786163522
		-auroc: 0.7040134385873857
2026-06-05 03:54:50 - __main__ - INFO - Input matrix with FQLYEDHATVRWINGSMKPC encoding is removed.

2026-06-05 03:55:03 - __main__ - INFO - Input matrix with PSEHIAWRFQYNKCVLMGDT encoding is generated.
2026-06-05 03:58:49 - __main__ - INFO - PSEHIAWRFQYNKCVLMGDT encoding is done for binary task with:
	-custom
		-f1: 0.8401947764497565
		-auroc: 0.7588999946982318
	-resnet
		-f1: 0.8276751181779115
		-auroc: 0.7272944797430596
2026-06-05 03:58:49 - __main__ - INFO - Input matrix with PSEHIAWRFQYNKCVLMGDT encoding is removed.

2026-06-05 03:59:01 - __main__ - INFO - Input matrix with CRAVTFMDLYPGISNQHKEW encoding is generated.
2026-06-05 04:02:47 - __main__ - INFO - CRAVTFMDLYPGISNQHKEW encoding is done for binary task with:
	-custom
		-f1: 0.8416447944007
		-auroc: 0.7552947922683476
	-resnet
		-f1: 0.832637923041261
		-auroc: 0.770249266821255
2026-06-05 04:02:47 - __main__ - INFO - Input matrix with CRAVTFMDLYPGISNQHKEW encoding is removed.

2026-06-05 04:02:59 - __main__ - INFO - Input matrix with RCAHKSQIYMTPLDGFEWNV encoding is generated.
2026-06-05 04:06:46 - __main__ - INFO - RCAHKSQIYMTPLDGFEWNV encoding is done for binary task with:
	-custom
		-f1: 0.8269742679680568
		-auroc: 0.7420278147506356
	-resnet
		-f1: 0.8123300090661831
		-auroc: 0.7329450485669878
2026-06-05 04:06:46 - __main__ - INFO - Input matrix with RCAHKSQIYMTPLDGFEWNV encoding is removed.

2026-06-05 04:06:58 - __main__ - INFO - Input matrix with WHFMEIDVLPTKYGSANRCQ encoding is generated.
2026-06-05 04:10:45 - __main__ - INFO - WHFMEIDVLPTKYGSANRCQ encoding is done for binary task with:
	-custom
		-f1: 0.8256477821695213
		-auroc: 0.7352617817847984
	-resnet
		-f1: 0.8145094806265457
		-auroc: 0.686830826155018
2026-06-05 04:10:45 - __main__ - INFO - Input matrix with WHFMEIDVLPTKYGSANRCQ encoding is removed.

2026-06-05 04:10:57 - __main__ - INFO - Input matrix with QTIWDSRNCHMFEKLAVGYP encoding is generated.
2026-06-05 04:14:43 - __main__ - INFO - QTIWDSRNCHMFEKLAVGYP encoding is done for binary task with:
	-custom
		-f1: 0.8293775190326914
		-auroc: 0.7497732796459534
	-resnet
		-f1: 0.8207236842105263
		-auroc: 0.6945769886514255
2026-06-05 04:14:43 - __main__ - INFO - Input matrix with QTIWDSRNCHMFEKLAVGYP encoding is removed.

2026-06-05 04:14:55 - __main__ - INFO - Input matrix with LITMFGQHWENKVCYPSRAD encoding is generated.
2026-06-05 04:18:40 - __main__ - INFO - LITMFGQHWENKVCYPSRAD encoding is done for binary task with:
	-custom
		-f1: 0.8278945015645954
		-auroc: 0.7469242767969507
	-resnet
		-f1: 0.7519664394336655
		-auroc: 0.7307559763485327
2026-06-05 04:18:40 - __main__ - INFO - Input matrix with LITMFGQHWENKVCYPSRAD encoding is removed.

2026-06-05 04:18:52 - __main__ - INFO - Input matrix with NEYKPRDQIWSFMCVTGAHL encoding is generated.
2026-06-05 04:22:38 - __main__ - INFO - NEYKPRDQIWSFMCVTGAHL encoding is done for binary task with:
	-custom
		-f1: 0.8291390728476821
		-auroc: 0.7426068236548159
	-resnet
		-f1: 0.833105957253297
		-auroc: 0.7619701370925662
2026-06-05 04:22:38 - __main__ - INFO - Input matrix with NEYKPRDQIWSFMCVTGAHL encoding is removed.

2026-06-05 04:22:50 - __main__ - INFO - Input matrix with LPCVIMRYEAQTFWGKNSDH encoding is generated.
2026-06-05 04:26:37 - __main__ - INFO - LPCVIMRYEAQTFWGKNSDH encoding is done for binary task with:
	-custom
		-f1: 0.8321428571428572
		-auroc: 0.7519993247221456
	-resnet
		-f1: 0.8099658036150464
		-auroc: 0.7656611444564432
2026-06-05 04:26:37 - __main__ - INFO - Input matrix with LPCVIMRYEAQTFWGKNSDH encoding is removed.

2026-06-05 04:26:49 - __main__ - INFO - Input matrix with CPLKVWFMDQESRATGIYNH encoding is generated.
2026-06-05 04:30:35 - __main__ - INFO - CPLKVWFMDQESRATGIYNH encoding is done for binary task with:
	-custom
		-f1: 0.8288770053475936
		-auroc: 0.7467463885191604
	-resnet
		-f1: 0.8289806234203876
		-auroc: 0.7190599964840905
2026-06-05 04:30:35 - __main__ - INFO - Input matrix with CPLKVWFMDQESRATGIYNH encoding is removed.

2026-06-05 04:30:47 - __main__ - INFO - Input matrix with GHSEQNCVRFTLYWDMIAKP encoding is generated.
2026-06-05 04:34:33 - __main__ - INFO - GHSEQNCVRFTLYWDMIAKP encoding is done for binary task with:
	-custom
		-f1: 0.8342245989304813
		-auroc: 0.7539581885811073
	-resnet
		-f1: 0.7849517031011692
		-auroc: 0.7541291008480039
2026-06-05 04:34:33 - __main__ - INFO - Input matrix with GHSEQNCVRFTLYWDMIAKP encoding is removed.

2026-06-05 04:34:46 - __main__ - INFO - Input matrix with ESDAFVKHMRITWLQPGNCY encoding is generated.
2026-06-05 04:38:32 - __main__ - INFO - ESDAFVKHMRITWLQPGNCY encoding is done for binary task with:
	-custom
		-f1: 0.8270944741532977
		-auroc: 0.744342455165178
	-resnet
		-f1: 0.6780660377358491
		-auroc: 0.710361608500688
2026-06-05 04:38:32 - __main__ - INFO - Input matrix with ESDAFVKHMRITWLQPGNCY encoding is removed.

2026-06-05 04:38:45 - __main__ - INFO - Input matrix with RIHECKMGDPASLVWNYFQT encoding is generated.
2026-06-05 04:42:31 - __main__ - INFO - RIHECKMGDPASLVWNYFQT encoding is done for binary task with:
	-custom
		-f1: 0.8304093567251462
		-auroc: 0.7532898867374871
	-resnet
		-f1: 0.80521991300145
		-auroc: 0.7547994954948922
2026-06-05 04:42:31 - __main__ - INFO - Input matrix with RIHECKMGDPASLVWNYFQT encoding is removed.

2026-06-05 04:42:43 - __main__ - INFO - Input matrix with YMFHVAPQEDLCSKGIRWNT encoding is generated.
2026-06-05 04:46:30 - __main__ - INFO - YMFHVAPQEDLCSKGIRWNT encoding is done for binary task with:
	-custom
		-f1: 0.8352422907488987
		-auroc: 0.7498632701864827
	-resnet
		-f1: 0.8267644362969753
		-auroc: 0.7572508657229519
2026-06-05 04:46:30 - __main__ - INFO - Input matrix with YMFHVAPQEDLCSKGIRWNT encoding is removed.

2026-06-05 04:46:42 - __main__ - INFO - Input matrix with QFTYPDAIVLGWEKSCMNRH encoding is generated.
2026-06-05 04:50:29 - __main__ - INFO - QFTYPDAIVLGWEKSCMNRH encoding is done for binary task with:
	-custom
		-f1: 0.8251685393258427
		-auroc: 0.7458555519280299
	-resnet
		-f1: 0.7986179664363278
		-auroc: 0.7565790758738847
2026-06-05 04:50:29 - __main__ - INFO - Input matrix with QFTYPDAIVLGWEKSCMNRH encoding is removed.

2026-06-05 04:50:42 - __main__ - INFO - Input matrix with FWRYANVSIEHLDQKTCMPG encoding is generated.
2026-06-05 04:54:29 - __main__ - INFO - FWRYANVSIEHLDQKTCMPG encoding is done for binary task with:
	-custom
		-f1: 0.8303571428571429
		-auroc: 0.7495953913681632
	-resnet
		-f1: 0.8339382940108893
		-auroc: 0.7620147835622859
2026-06-05 04:54:29 - __main__ - INFO - Input matrix with FWRYANVSIEHLDQKTCMPG encoding is removed.

2026-06-05 04:54:41 - __main__ - INFO - Input matrix with ELMCDKRQPAFHWTNGSIYV encoding is generated.
2026-06-05 04:58:27 - __main__ - INFO - ELMCDKRQPAFHWTNGSIYV encoding is done for binary task with:
	-custom
		-f1: 0.8345831495368328
		-auroc: 0.7495960889692524
	-resnet
		-f1: 0.7045324153757889
		-auroc: 0.7237625254275597
2026-06-05 04:58:27 - __main__ - INFO - Input matrix with ELMCDKRQPAFHWTNGSIYV encoding is removed.

2026-06-05 04:58:39 - __main__ - INFO - Input matrix with RHLTIWPNAQEMVFKDCYGS encoding is generated.
2026-06-05 05:02:25 - __main__ - INFO - RHLTIWPNAQEMVFKDCYGS encoding is done for binary task with:
	-custom
		-f1: 0.8295053003533569
		-auroc: 0.7433190743670666
	-resnet
		-f1: 0.8024132730015083
		-auroc: 0.7697107187802584
2026-06-05 05:02:25 - __main__ - INFO - Input matrix with RHLTIWPNAQEMVFKDCYGS encoding is removed.

2026-06-05 05:02:38 - __main__ - INFO - Input matrix with STGLVWNRIQCEPFDKAHYM encoding is generated.
2026-06-05 05:06:23 - __main__ - INFO - STGLVWNRIQCEPFDKAHYM encoding is done for binary task with:
	-custom
		-f1: 0.8233743409490334
		-auroc: 0.7323681324660758
	-resnet
		-f1: 0.817244611059044
		-auroc: 0.7553798996012511
2026-06-05 05:06:23 - __main__ - INFO - Input matrix with STGLVWNRIQCEPFDKAHYM encoding is removed.

2026-06-05 05:06:35 - __main__ - INFO - Input matrix with YWIKVTPRSEMHQFCALNGD encoding is generated.
2026-06-05 05:10:20 - __main__ - INFO - YWIKVTPRSEMHQFCALNGD encoding is done for binary task with:
	-custom
		-f1: 0.831779849090102
		-auroc: 0.748749898847842
	-resnet
		-f1: 0.7990291262135922
		-auroc: 0.749190085135237
2026-06-05 05:10:20 - __main__ - INFO - Input matrix with YWIKVTPRSEMHQFCALNGD encoding is removed.

2026-06-05 05:10:33 - __main__ - INFO - Input matrix with RKNDIYCMTQFHVLEGPWAS encoding is generated.
2026-06-05 05:14:19 - __main__ - INFO - RKNDIYCMTQFHVLEGPWAS encoding is done for binary task with:
	-custom
		-f1: 0.8331862312444837
		-auroc: 0.7479044063275209
	-resnet
		-f1: 0.8290417897847193
		-auroc: 0.7202173166913617
2026-06-05 05:14:19 - __main__ - INFO - Input matrix with RKNDIYCMTQFHVLEGPWAS encoding is removed.

2026-06-05 05:14:31 - __main__ - INFO - Input matrix with TAIVQSFKYRMGWLEDPHNC encoding is generated.
2026-06-05 05:18:16 - __main__ - INFO - TAIVQSFKYRMGWLEDPHNC encoding is done for binary task with:
	-custom
		-f1: 0.8261648745519713
		-auroc: 0.7456776636502396
	-resnet
		-f1: 0.8357941834451902
		-auroc: 0.7579645116373812
2026-06-05 05:18:16 - __main__ - INFO - Input matrix with TAIVQSFKYRMGWLEDPHNC encoding is removed.

2026-06-05 05:18:29 - __main__ - INFO - Input matrix with LHTIRGVMFWDNYQCSKPAE encoding is generated.
2026-06-05 05:22:14 - __main__ - INFO - LHTIRGVMFWDNYQCSKPAE encoding is done for binary task with:
	-custom
		-f1: 0.8323036187113857
		-auroc: 0.7467024396505297
	-resnet
		-f1: 0.7929342492639843
		-auroc: 0.7468301006498852
2026-06-05 05:22:14 - __main__ - INFO - Input matrix with LHTIRGVMFWDNYQCSKPAE encoding is removed.

2026-06-05 05:22:27 - __main__ - INFO - Input matrix with LNYKCQRHVFGDSEMIWTAP encoding is generated.
2026-06-05 05:26:13 - __main__ - INFO - LNYKCQRHVFGDSEMIWTAP encoding is done for binary task with:
	-custom
		-f1: 0.8342198581560284
		-auroc: 0.7514210134190545
	-resnet
		-f1: 0.83125
		-auroc: 0.7507973580451542
2026-06-05 05:26:13 - __main__ - INFO - Input matrix with LNYKCQRHVFGDSEMIWTAP encoding is removed.

2026-06-05 05:26:25 - __main__ - INFO - Input matrix with RGKVYMIECLTHNPQWDSFA encoding is generated.
2026-06-05 05:30:11 - __main__ - INFO - RGKVYMIECLTHNPQWDSFA encoding is done for binary task with:
	-custom
		-f1: 0.823162583518931
		-auroc: 0.7388223377449625
	-resnet
		-f1: 0.8251242657026661
		-auroc: 0.7483927270900826
2026-06-05 05:30:11 - __main__ - INFO - Input matrix with RGKVYMIECLTHNPQWDSFA encoding is removed.

2026-06-05 05:30:24 - __main__ - INFO - Input matrix with QFSRDWEHLPICMNGAYVTK encoding is generated.
2026-06-05 05:34:10 - __main__ - INFO - QFSRDWEHLPICMNGAYVTK encoding is done for binary task with:
	-custom
		-f1: 0.8264984227129337
		-auroc: 0.748927089524543
	-resnet
		-f1: 0.7942238267148014
		-auroc: 0.7716681874370415
2026-06-05 05:34:10 - __main__ - INFO - Input matrix with QFSRDWEHLPICMNGAYVTK encoding is removed.

2026-06-05 05:34:22 - __main__ - INFO - Input matrix with WPESDNLMHRVGQTFAYICK encoding is generated.
2026-06-05 05:38:10 - __main__ - INFO - WPESDNLMHRVGQTFAYICK encoding is done for binary task with:
	-custom
		-f1: 0.8358608385370205
		-auroc: 0.7565846566826
	-resnet
		-f1: 0.7518878101402373
		-auroc: 0.7444659305579971
2026-06-05 05:38:10 - __main__ - INFO - Input matrix with WPESDNLMHRVGQTFAYICK encoding is removed.

2026-06-05 05:38:22 - __main__ - INFO - Input matrix with FCHWARTYMNGLPDEIKSQV encoding is generated.
2026-06-05 05:42:07 - __main__ - INFO - FCHWARTYMNGLPDEIKSQV encoding is done for binary task with:
	-custom
		-f1: 0.8353413654618473
		-auroc: 0.7560949407178594
	-resnet
		-f1: 0.8173116937161881
		-auroc: 0.6960007924748375
2026-06-05 05:42:07 - __main__ - INFO - Input matrix with FCHWARTYMNGLPDEIKSQV encoding is removed.

2026-06-05 05:42:19 - __main__ - INFO - Input matrix with VYEPQIMLHADTGNKCWRSF encoding is generated.
2026-06-05 05:46:05 - __main__ - INFO - VYEPQIMLHADTGNKCWRSF encoding is done for binary task with:
	-custom
		-f1: 0.8331854480922803
		-auroc: 0.7504415814895736
	-resnet
		-f1: 0.6096463022508039
		-auroc: 0.6893903245519307
2026-06-05 05:46:05 - __main__ - INFO - Input matrix with VYEPQIMLHADTGNKCWRSF encoding is removed.

2026-06-05 05:46:17 - __main__ - INFO - Input matrix with GFSWVYHDMQLNRPIEKATC encoding is generated.
2026-06-05 05:50:04 - __main__ - INFO - GFSWVYHDMQLNRPIEKATC encoding is done for binary task with:
	-custom
		-f1: 0.830755634114008
		-auroc: 0.7452332917563084
	-resnet
		-f1: 0.8306878306878307
		-auroc: 0.7440759715490373
2026-06-05 05:50:04 - __main__ - INFO - Input matrix with GFSWVYHDMQLNRPIEKATC encoding is removed.

2026-06-05 05:50:16 - __main__ - INFO - Input matrix with MIPECQGVSDHTNAWKRFLY encoding is generated.
2026-06-05 05:54:02 - __main__ - INFO - MIPECQGVSDHTNAWKRFLY encoding is done for binary task with:
	-custom
		-f1: 0.8242640499553969
		-auroc: 0.7409590898817147
	-resnet
		-f1: 0.8348457350272233
		-auroc: 0.7632167502392772
2026-06-05 05:54:02 - __main__ - INFO - Input matrix with MIPECQGVSDHTNAWKRFLY encoding is removed.

2026-06-05 05:54:14 - __main__ - INFO - Input matrix with TVFGKDHMEWNACYPLRISQ encoding is generated.
2026-06-05 05:58:01 - __main__ - INFO - TVFGKDHMEWNACYPLRISQ encoding is done for binary task with:
	-custom
		-f1: 0.8292682926829268
		-auroc: 0.7449214640693582
	-resnet
		-f1: 0.6824644549763034
		-auroc: 0.7172615808756847
2026-06-05 05:58:01 - __main__ - INFO - Input matrix with TVFGKDHMEWNACYPLRISQ encoding is removed.

2026-06-05 05:58:13 - __main__ - INFO - Input matrix with WYANDEVQTFHGSPCRIKLM encoding is generated.
2026-06-05 06:02:00 - __main__ - INFO - WYANDEVQTFHGSPCRIKLM encoding is done for binary task with:
	-custom
		-f1: 0.8210151380231523
		-auroc: 0.7357061536787296
	-resnet
		-f1: 0.8146300914380715
		-auroc: 0.6914601069841031
2026-06-05 06:02:00 - __main__ - INFO - Input matrix with WYANDEVQTFHGSPCRIKLM encoding is removed.

2026-06-05 06:02:12 - __main__ - INFO - Input matrix with FCVGWSAMNLYHQPTKIERD encoding is generated.
2026-06-05 06:05:57 - __main__ - INFO - FCVGWSAMNLYHQPTKIERD encoding is done for binary task with:
	-custom
		-f1: 0.8328912466843501
		-auroc: 0.7483494758225415
	-resnet
		-f1: 0.8091116173120729
		-auroc: 0.7311640729858164
2026-06-05 06:05:57 - __main__ - INFO - Input matrix with FCVGWSAMNLYHQPTKIERD encoding is removed.

2026-06-05 06:06:09 - __main__ - INFO - Input matrix with FASIPGKWQTCHMEYDVRNL encoding is generated.
2026-06-05 06:09:55 - __main__ - INFO - FASIPGKWQTCHMEYDVRNL encoding is done for binary task with:
	-custom
		-f1: 0.8310991957104558
		-auroc: 0.7510198927926647
	-resnet
		-f1: 0.7765419615773509
		-auroc: 0.7414864763052814
2026-06-05 06:09:55 - __main__ - INFO - Input matrix with FASIPGKWQTCHMEYDVRNL encoding is removed.

2026-06-05 06:10:07 - __main__ - INFO - Input matrix with TQFMWEAYHRINSVDCKPGL encoding is generated.
2026-06-05 06:13:53 - __main__ - INFO - TQFMWEAYHRINSVDCKPGL encoding is done for binary task with:
	-custom
		-f1: 0.82389108476065
		-auroc: 0.7328578484308161
	-resnet
		-f1: 0.8221343873517787
		-auroc: 0.7304539150768338
2026-06-05 06:13:53 - __main__ - INFO - Input matrix with TQFMWEAYHRINSVDCKPGL encoding is removed.

2026-06-05 06:14:05 - __main__ - INFO - Input matrix with TIPQLNAEKDVHGSCYMRFW encoding is generated.
2026-06-05 06:17:50 - __main__ - INFO - TIPQLNAEKDVHGSCYMRFW encoding is done for binary task with:
	-custom
		-f1: 0.8298718515245249
		-auroc: 0.7440313250793172
	-resnet
		-f1: 0.8084479371316307
		-auroc: 0.766284102229254
2026-06-05 06:17:50 - __main__ - INFO - Input matrix with TIPQLNAEKDVHGSCYMRFW encoding is removed.

2026-06-05 06:18:02 - __main__ - INFO - Input matrix with MYCSDPVNLITQREKAGFHW encoding is generated.
2026-06-05 06:21:47 - __main__ - INFO - MYCSDPVNLITQREKAGFHW encoding is done for binary task with:
	-custom
		-f1: 0.8346738159070599
		-auroc: 0.7558277595006291
	-resnet
		-f1: 0.8244414044687642
		-auroc: 0.7518200412421763
2026-06-05 06:21:47 - __main__ - INFO - Input matrix with MYCSDPVNLITQREKAGFHW encoding is removed.

2026-06-05 06:22:00 - __main__ - INFO - Input matrix with LEFRNGSTCQMWDHPIKAVY encoding is generated.
2026-06-05 06:25:45 - __main__ - INFO - LEFRNGSTCQMWDHPIKAVY encoding is done for binary task with:
	-custom
		-f1: 0.8295706064630367
		-auroc: 0.7444763945743378
	-resnet
		-f1: 0.8344947735191638
		-auroc: 0.7433644184378758
2026-06-05 06:25:45 - __main__ - INFO - Input matrix with LEFRNGSTCQMWDHPIKAVY encoding is removed.

2026-06-05 06:25:57 - __main__ - INFO - Input matrix with EKNYRGPMDSLHCWTVAIQF encoding is generated.
2026-06-05 06:29:44 - __main__ - INFO - EKNYRGPMDSLHCWTVAIQF encoding is done for binary task with:
	-custom
		-f1: 0.8374777975133215
		-auroc: 0.7566739496220397
	-resnet
		-f1: 0.8096385542168675
		-auroc: 0.7589397579603261
2026-06-05 06:29:44 - __main__ - INFO - Input matrix with EKNYRGPMDSLHCWTVAIQF encoding is removed.

2026-06-05 06:29:56 - __main__ - INFO - Input matrix with FLTWNGECMPDHSKIQRVAY encoding is generated.
2026-06-05 06:33:41 - __main__ - INFO - FLTWNGECMPDHSKIQRVAY encoding is done for binary task with:
	-custom
		-f1: 0.8283917340521114
		-auroc: 0.7499511679237438
	-resnet
		-f1: 0.8116370808678501
		-auroc: 0.7719821079272599
2026-06-05 06:33:41 - __main__ - INFO - Input matrix with FLTWNGECMPDHSKIQRVAY encoding is removed.

2026-06-05 06:33:53 - __main__ - INFO - Input matrix with GPETCVNLKRDSHYFAQWMI encoding is generated.
2026-06-05 06:37:41 - __main__ - INFO - GPETCVNLKRDSHYFAQWMI encoding is done for binary task with:
	-custom
		-f1: 0.8342245989304813
		-auroc: 0.7539581885811073
	-resnet
		-f1: 0.8194444444444444
		-auroc: 0.7208388792619937
2026-06-05 06:37:41 - __main__ - INFO - Input matrix with GPETCVNLKRDSHYFAQWMI encoding is removed.

2026-06-05 06:37:53 - __main__ - INFO - Input matrix with LAGYIKRCSEMPVHDFQWTN encoding is generated.
2026-06-05 06:41:40 - __main__ - INFO - LAGYIKRCSEMPVHDFQWTN encoding is done for binary task with:
	-custom
		-f1: 0.8202599731062304
		-auroc: 0.7379761476235521
	-resnet
		-f1: 0.8369659982563208
		-auroc: 0.7471928532163595
2026-06-05 06:41:40 - __main__ - INFO - Input matrix with LAGYIKRCSEMPVHDFQWTN encoding is removed.

2026-06-05 06:41:52 - __main__ - INFO - Input matrix with RGNCDFQMYKSTIEWAHLPV encoding is generated.
2026-06-05 06:45:38 - __main__ - INFO - RGNCDFQMYKSTIEWAHLPV encoding is done for binary task with:
	-custom
		-f1: 0.8302051505892624
		-auroc: 0.7385119052601913
	-resnet
		-f1: 0.8150313152400835
		-auroc: 0.6944869981108963
2026-06-05 06:45:38 - __main__ - INFO - Input matrix with RGNCDFQMYKSTIEWAHLPV encoding is removed.

2026-06-05 06:45:50 - __main__ - INFO - Input matrix with TVDQFIRSWKYHLCEAPNMG encoding is generated.
2026-06-05 06:49:37 - __main__ - INFO - TVDQFIRSWKYHLCEAPNMG encoding is done for binary task with:
	-custom
		-f1: 0.8333333333333334
		-auroc: 0.7527562219041162
	-resnet
		-f1: 0.8236371965185525
		-auroc: 0.7529327149797277
2026-06-05 06:49:37 - __main__ - INFO - Input matrix with TVDQFIRSWKYHLCEAPNMG encoding is removed.

2026-06-05 06:49:49 - __main__ - INFO - Input matrix with GSCAPEQYTRKLMWFNHIVD encoding is generated.
2026-06-05 06:53:34 - __main__ - INFO - GSCAPEQYTRKLMWFNHIVD encoding is done for binary task with:
	-custom
		-f1: 0.8380439659039928
		-auroc: 0.7622380159108857
	-resnet
		-f1: 0.811417875526439
		-auroc: 0.7472333140795433
2026-06-05 06:53:34 - __main__ - INFO - Input matrix with GSCAPEQYTRKLMWFNHIVD encoding is removed.

2026-06-05 06:53:46 - __main__ - INFO - Input matrix with LWNRVPMAQEDYGSCIHKTF encoding is generated.
2026-06-05 06:57:33 - __main__ - INFO - LWNRVPMAQEDYGSCIHKTF encoding is done for binary task with:
	-custom
		-f1: 0.8365086397873283
		-auroc: 0.7543146627377773
	-resnet
		-f1: 0.8258664412510567
		-auroc: 0.7163442354431581
2026-06-05 06:57:33 - __main__ - INFO - Input matrix with LWNRVPMAQEDYGSCIHKTF encoding is removed.

2026-06-05 06:57:45 - __main__ - INFO - Input matrix with DRHMGCTWAQLPFNYSEKIV encoding is generated.
2026-06-05 07:01:32 - __main__ - INFO - DRHMGCTWAQLPFNYSEKIV encoding is done for binary task with:
	-custom
		-f1: 0.8248436103663985
		-auroc: 0.7426061260537263
	-resnet
		-f1: 0.8315473639091299
		-auroc: 0.7314347422084935
2026-06-05 07:01:32 - __main__ - INFO - Input matrix with DRHMGCTWAQLPFNYSEKIV encoding is removed.

2026-06-05 07:01:44 - __main__ - INFO - Input matrix with VRGCADQWLIPFESTYNMHK encoding is generated.
2026-06-05 07:05:31 - __main__ - INFO - VRGCADQWLIPFESTYNMHK encoding is done for binary task with:
	-custom
		-f1: 0.8295706064630367
		-auroc: 0.7444763945743378
	-resnet
		-f1: 0.8023483365949119
		-auroc: 0.7569801965002749
2026-06-05 07:05:31 - __main__ - INFO - Input matrix with VRGCADQWLIPFESTYNMHK encoding is removed.

2026-06-05 07:05:43 - __main__ - INFO - Input matrix with WQLEMPCGTSYVIAFRKHDN encoding is generated.
2026-06-05 07:09:31 - __main__ - INFO - WQLEMPCGTSYVIAFRKHDN encoding is done for binary task with:
	-custom
		-f1: 0.8343666961913198
		-auroc: 0.7511984786715443
	-resnet
		-f1: 0.8371293510958315
		-auroc: 0.7405161131899625
2026-06-05 07:09:31 - __main__ - INFO - Input matrix with WQLEMPCGTSYVIAFRKHDN encoding is removed.

2026-06-05 07:09:43 - __main__ - INFO - Input matrix with PSNGMCEDHLVYAIWKQFRT encoding is generated.
2026-06-05 07:13:27 - __main__ - INFO - PSNGMCEDHLVYAIWKQFRT encoding is done for binary task with:
	-custom
		-f1: 0.8369421122403888
		-auroc: 0.7536470584952466
	-resnet
		-f1: 0.8078260869565217
		-auroc: 0.7056583819561292
2026-06-05 07:13:27 - __main__ - INFO - Input matrix with PSNGMCEDHLVYAIWKQFRT encoding is removed.

2026-06-05 07:13:39 - __main__ - INFO - Input matrix with LVHYWIFQSNRKEACPTGMD encoding is generated.
2026-06-05 07:17:26 - __main__ - INFO - LVHYWIFQSNRKEACPTGMD encoding is done for binary task with:
	-custom
		-f1: 0.8368350469378633
		-auroc: 0.7589439435668622
	-resnet
		-f1: 0.8212106992022524
		-auroc: 0.7611225517689768
2026-06-05 07:17:26 - __main__ - INFO - Input matrix with LVHYWIFQSNRKEACPTGMD encoding is removed.

2026-06-05 07:17:38 - __main__ - INFO - Input matrix with MTDQWVPSHCGELIKYFNAR encoding is generated.
2026-06-05 07:21:24 - __main__ - INFO - MTDQWVPSHCGELIKYFNAR encoding is done for binary task with:
	-custom
		-f1: 0.8378258948298718
		-auroc: 0.7548490251722376
	-resnet
		-f1: 0.8106312292358804
		-auroc: 0.7529752686461796
2026-06-05 07:21:24 - __main__ - INFO - Input matrix with MTDQWVPSHCGELIKYFNAR encoding is removed.

2026-06-05 07:21:36 - __main__ - INFO - Input matrix with EPWFMHIACQVGKTRLDNYS encoding is generated.
2026-06-05 07:25:21 - __main__ - INFO - EPWFMHIACQVGKTRLDNYS encoding is done for binary task with:
	-custom
		-f1: 0.8310991957104558
		-auroc: 0.7510198927926647
	-resnet
		-f1: 0.8338421282163105
		-auroc: 0.7430972372206457
2026-06-05 07:25:21 - __main__ - INFO - Input matrix with EPWFMHIACQVGKTRLDNYS encoding is removed.

2026-06-05 07:25:34 - __main__ - INFO - Input matrix with PQDHYLRSAMGTEFVCIKWN encoding is generated.
2026-06-05 07:29:20 - __main__ - INFO - PQDHYLRSAMGTEFVCIKWN encoding is done for binary task with:
	-custom
		-f1: 0.8341399032116146
		-auroc: 0.7477265180497306
	-resnet
		-f1: 0.7555791710945803
		-auroc: 0.7413504440928536
2026-06-05 07:29:20 - __main__ - INFO - Input matrix with PQDHYLRSAMGTEFVCIKWN encoding is removed.

2026-06-05 07:29:32 - __main__ - INFO - Input matrix with YHVKDLQWTRCFEGSMNIPA encoding is generated.
2026-06-05 07:33:19 - __main__ - INFO - YHVKDLQWTRCFEGSMNIPA encoding is done for binary task with:
	-custom
		-f1: 0.8350970017636684
		-auroc: 0.7500858049339929
	-resnet
		-f1: 0.8109243697478992
		-auroc: 0.6919491253477541
2026-06-05 07:33:19 - __main__ - INFO - Input matrix with YHVKDLQWTRCFEGSMNIPA encoding is removed.

2026-06-05 07:33:31 - __main__ - INFO - Input matrix with YIPNCKGTSVRQMEDWALFH encoding is generated.
2026-06-05 07:37:18 - __main__ - INFO - YIPNCKGTSVRQMEDWALFH encoding is done for binary task with:
	-custom
		-f1: 0.8319062640829202
		-auroc: 0.75613888958649
	-resnet
		-f1: 0.8424015009380863
		-auroc: 0.7880555346275229
2026-06-05 07:37:18 - __main__ - INFO - Input matrix with YIPNCKGTSVRQMEDWALFH encoding is removed.

2026-06-05 07:37:30 - __main__ - INFO - Input matrix with KYRTVSENQGICWDAHFMLP encoding is generated.
2026-06-05 07:41:16 - __main__ - INFO - KYRTVSENQGICWDAHFMLP encoding is done for binary task with:
	-custom
		-f1: 0.836555360281195
		-auroc: 0.7503976326209432
	-resnet
		-f1: 0.830318690783807
		-auroc: 0.7320576999813043
2026-06-05 07:41:16 - __main__ - INFO - Input matrix with KYRTVSENQGICWDAHFMLP encoding is removed.

2026-06-05 07:41:28 - __main__ - INFO - Input matrix with DFPILKWNVGTQEHCAYRSM encoding is generated.
2026-06-05 07:45:15 - __main__ - INFO - DFPILKWNVGTQEHCAYRSM encoding is done for binary task with:
	-custom
		-f1: 0.8224956063268892
		-auroc: 0.7311661657890844
	-resnet
		-f1: 0.8151528982199908
		-auroc: 0.740022909219775
2026-06-05 07:45:15 - __main__ - INFO - Input matrix with DFPILKWNVGTQEHCAYRSM encoding is removed.

2026-06-05 07:45:27 - __main__ - INFO - Input matrix with VITNYKEWDHCLSFQRGMAP encoding is generated.
2026-06-05 07:49:13 - __main__ - INFO - VITNYKEWDHCLSFQRGMAP encoding is done for binary task with:
	-custom
		-f1: 0.8372302158273381
		-auroc: 0.7621933694411657
	-resnet
		-f1: 0.8174603174603174
		-auroc: 0.7260464713941697
2026-06-05 07:49:13 - __main__ - INFO - Input matrix with VITNYKEWDHCLSFQRGMAP encoding is removed.

2026-06-05 07:49:25 - __main__ - INFO - Input matrix with SLEIMQYWHTFCVDGKPNRA encoding is generated.
2026-06-05 07:53:11 - __main__ - INFO - SLEIMQYWHTFCVDGKPNRA encoding is done for binary task with:
	-custom
		-f1: 0.8307139649753031
		-auroc: 0.7528448172424665
	-resnet
		-f1: 0.8041646008924145
		-auroc: 0.7653932656381236
2026-06-05 07:53:11 - __main__ - INFO - Input matrix with SLEIMQYWHTFCVDGKPNRA encoding is removed.

2026-06-05 07:53:23 - __main__ - INFO - Input matrix with MDYCSIQFWVKRTHANGPEL encoding is generated.
2026-06-05 07:57:08 - __main__ - INFO - MDYCSIQFWVKRTHANGPEL encoding is done for binary task with:
	-custom
		-f1: 0.8265715559518502
		-auroc: 0.7438527392004375
	-resnet
		-f1: 0.7410270568746549
		-auroc: 0.7438415775830075
2026-06-05 07:57:08 - __main__ - INFO - Input matrix with MDYCSIQFWVKRTHANGPEL encoding is removed.

2026-06-05 07:57:21 - __main__ - INFO - Input matrix with QTAPGCLYVWNIMFKHERSD encoding is generated.
2026-06-05 08:01:06 - __main__ - INFO - QTAPGCLYVWNIMFKHERSD encoding is done for binary task with:
	-custom
		-f1: 0.8368983957219251
		-auroc: 0.7575640886120809
	-resnet
		-f1: 0.8093450146015854
		-auroc: 0.685850696624448
2026-06-05 08:01:06 - __main__ - INFO - Input matrix with QTAPGCLYVWNIMFKHERSD encoding is removed.

2026-06-05 08:01:18 - __main__ - INFO - Input matrix with WYVIPEQMAHLDGKSCRTNF encoding is generated.
2026-06-05 08:05:05 - __main__ - INFO - WYVIPEQMAHLDGKSCRTNF encoding is done for binary task with:
	-custom
		-f1: 0.8309608540925267
		-auroc: 0.7487052523781221
	-resnet
		-f1: 0.8221153846153846
		-auroc: 0.7734080045539399
2026-06-05 08:05:05 - __main__ - INFO - Input matrix with WYVIPEQMAHLDGKSCRTNF encoding is removed.

2026-06-05 08:05:17 - __main__ - INFO - Input matrix with HRFNTIDSPYMKQAVCGWEL encoding is generated.
2026-06-05 08:09:04 - __main__ - INFO - HRFNTIDSPYMKQAVCGWEL encoding is done for binary task with:
	-custom
		-f1: 0.8289703315881326
		-auroc: 0.7365976878709495
	-resnet
		-f1: 0.7833096254148886
		-auroc: 0.7178957002659255
2026-06-05 08:09:04 - __main__ - INFO - Input matrix with HRFNTIDSPYMKQAVCGWEL encoding is removed.

2026-06-05 08:09:16 - __main__ - INFO - Input matrix with KWHVIFSGCQRLETNYPADM encoding is generated.
2026-06-05 08:13:02 - __main__ - INFO - KWHVIFSGCQRLETNYPADM encoding is done for binary task with:
	-custom
		-f1: 0.825255669186305
		-auroc: 0.7407812016039244
	-resnet
		-f1: 0.8243637880684188
		-auroc: 0.7074860968102887
2026-06-05 08:13:02 - __main__ - INFO - Input matrix with KWHVIFSGCQRLETNYPADM encoding is removed.

2026-06-05 08:13:14 - __main__ - INFO - Input matrix with EIDGTSHAFLCYKWRPQNMV encoding is generated.
2026-06-05 08:17:00 - __main__ - INFO - EIDGTSHAFLCYKWRPQNMV encoding is done for binary task with:
	-custom
		-f1: 0.8346738159070599
		-auroc: 0.7558277595006291
	-resnet
		-f1: 0.8273381294964028
		-auroc: 0.7489717359942629
2026-06-05 08:17:00 - __main__ - INFO - Input matrix with EIDGTSHAFLCYKWRPQNMV encoding is removed.

2026-06-05 08:17:12 - __main__ - INFO - Input matrix with CQRAYTIWSEVHDGFKMNPL encoding is generated.
2026-06-05 08:20:58 - __main__ - INFO - CQRAYTIWSEVHDGFKMNPL encoding is done for binary task with:
	-custom
		-f1: 0.8181818181818182
		-auroc: 0.7323227883952664
	-resnet
		-f1: 0.8326814428509344
		-auroc: 0.7398031648766222
2026-06-05 08:20:58 - __main__ - INFO - Input matrix with CQRAYTIWSEVHDGFKMNPL encoding is removed.

2026-06-05 08:21:10 - __main__ - INFO - Input matrix with TLEPWRNFGIYVKHADSCMQ encoding is generated.
2026-06-05 08:24:56 - __main__ - INFO - TLEPWRNFGIYVKHADSCMQ encoding is done for binary task with:
	-custom
		-f1: 0.8322147651006712
		-auroc: 0.7531566449294168
	-resnet
		-f1: 0.8017707820954255
		-auroc: 0.7588051209500769
2026-06-05 08:24:56 - __main__ - INFO - Input matrix with TLEPWRNFGIYVKHADSCMQ encoding is removed.

2026-06-05 08:25:08 - __main__ - INFO - Input matrix with VHMNEPQYTIFCRLKDAWSG encoding is generated.
2026-06-05 08:28:53 - __main__ - INFO - VHMNEPQYTIFCRLKDAWSG encoding is done for binary task with:
	-custom
		-f1: 0.8278615794143744
		-auroc: 0.7432297814276265
	-resnet
		-f1: 0.8478935698447894
		-auroc: 0.7701627642861728
2026-06-05 08:28:53 - __main__ - INFO - Input matrix with VHMNEPQYTIFCRLKDAWSG encoding is removed.

2026-06-05 08:29:05 - __main__ - INFO - Input matrix with LRPKHSWQMNCYIGAETFDV encoding is generated.
2026-06-05 08:32:50 - __main__ - INFO - LRPKHSWQMNCYIGAETFDV encoding is done for binary task with:
	-custom
		-f1: 0.8303730017761989
		-auroc: 0.7470582162061103
	-resnet
		-f1: 0.8253833049403748
		-auroc: 0.7195490148477416
2026-06-05 08:32:50 - __main__ - INFO - Input matrix with LRPKHSWQMNCYIGAETFDV encoding is removed.

2026-06-05 08:33:02 - __main__ - INFO - Input matrix with FDWAPGYLNQMCVKTHRISE encoding is generated.
2026-06-05 08:36:48 - __main__ - INFO - FDWAPGYLNQMCVKTHRISE encoding is done for binary task with:
	-custom
		-f1: 0.8231079265562025
		-auroc: 0.7413595129070154
	-resnet
		-f1: 0.7646432374866879
		-auroc: 0.7526132136807945
2026-06-05 08:36:48 - __main__ - INFO - Input matrix with FDWAPGYLNQMCVKTHRISE encoding is removed.

2026-06-05 08:37:00 - __main__ - INFO - Input matrix with GLYTEHDAKQVPFWNICSMR encoding is generated.
2026-06-05 08:40:46 - __main__ - INFO - GLYTEHDAKQVPFWNICSMR encoding is done for binary task with:
	-custom
		-f1: 0.8284703801945181
		-auroc: 0.7423396424375857
	-resnet
		-f1: 0.8148837209302325
		-auroc: 0.7487917549132044
2026-06-05 08:40:46 - __main__ - INFO - Input matrix with GLYTEHDAKQVPFWNICSMR encoding is removed.

2026-06-05 08:40:58 - __main__ - INFO - Input matrix with IEQGWTFNSVLKADHPCYRM encoding is generated.
2026-06-05 08:44:44 - __main__ - INFO - IEQGWTFNSVLKADHPCYRM encoding is done for binary task with:
	-custom
		-f1: 0.8278026905829596
		-auroc: 0.748304131751732
	-resnet
		-f1: 0.8192990441511152
		-auroc: 0.744163171685209
2026-06-05 08:44:44 - __main__ - INFO - Input matrix with IEQGWTFNSVLKADHPCYRM encoding is removed.

2026-06-05 08:44:57 - __main__ - INFO - Input matrix with MVPGIQELNHRKTCAWFYSD encoding is generated.
2026-06-05 08:48:41 - __main__ - INFO - MVPGIQELNHRKTCAWFYSD encoding is done for binary task with:
	-custom
		-f1: 0.8318739054290718
		-auroc: 0.7422956935689551
	-resnet
		-f1: 0.731359649122807
		-auroc: 0.7297744516157836
2026-06-05 08:48:41 - __main__ - INFO - Input matrix with MVPGIQELNHRKTCAWFYSD encoding is removed.

2026-06-05 08:48:53 - __main__ - INFO - Input matrix with DNWIVHYTGRCLQFESMAKP encoding is generated.
2026-06-05 08:52:41 - __main__ - INFO - DNWIVHYTGRCLQFESMAKP encoding is done for binary task with:
	-custom
		-f1: 0.8304623753399819
		-auroc: 0.7569843821068111
	-resnet
		-f1: 0.6479217603911981
		-auroc: 0.6990081507711282
2026-06-05 08:52:41 - __main__ - INFO - Input matrix with DNWIVHYTGRCLQFESMAKP encoding is removed.

2026-06-05 08:52:53 - __main__ - INFO - Input matrix with HYTKENVPIRDWCQFSLAMG encoding is generated.
2026-06-05 08:56:39 - __main__ - INFO - HYTKENVPIRDWCQFSLAMG encoding is done for binary task with:
	-custom
		-f1: 0.8295302013422818
		-auroc: 0.7495507448984432
	-resnet
		-f1: 0.8127106403466539
		-auroc: 0.7623231232437893
2026-06-05 08:56:39 - __main__ - INFO - Input matrix with HYTKENVPIRDWCQFSLAMG encoding is removed.

2026-06-05 08:56:52 - __main__ - INFO - Input matrix with GPFKMEVSYRWCNQDAHLIT encoding is generated.
2026-06-05 09:00:38 - __main__ - INFO - GPFKMEVSYRWCNQDAHLIT encoding is done for binary task with:
	-custom
		-f1: 0.8239499553172476
		-auroc: 0.7414041593767353
	-resnet
		-f1: 0.825720620842572
		-auroc: 0.7401135973613936
2026-06-05 09:00:38 - __main__ - INFO - Input matrix with GPFKMEVSYRWCNQDAHLIT encoding is removed.

2026-06-05 09:00:50 - __main__ - INFO - Input matrix with ITGPVDMNLYFKCSQAWRHE encoding is generated.
2026-06-05 09:04:36 - __main__ - INFO - ITGPVDMNLYFKCSQAWRHE encoding is done for binary task with:
	-custom
		-f1: 0.8304559539619301
		-auroc: 0.7456783612513289
	-resnet
		-f1: 0.7832585949177877
		-auroc: 0.7424666058358517
2026-06-05 09:04:36 - __main__ - INFO - Input matrix with ITGPVDMNLYFKCSQAWRHE encoding is removed.

2026-06-05 09:04:49 - __main__ - INFO - Input matrix with PQACRMNYGVIFKEHWTLSD encoding is generated.
2026-06-05 09:08:34 - __main__ - INFO - PQACRMNYGVIFKEHWTLSD encoding is done for binary task with:
	-custom
		-f1: 0.8322207387627948
		-auroc: 0.7506194697673639
	-resnet
		-f1: 0.7579859231185706
		-auroc: 0.7530575855747256
2026-06-05 09:08:34 - __main__ - INFO - Input matrix with PQACRMNYGVIFKEHWTLSD encoding is removed.

2026-06-05 09:08:46 - __main__ - INFO - Input matrix with AMDWFIHNREGVSQCLYTKP encoding is generated.
2026-06-05 09:12:32 - __main__ - INFO - AMDWFIHNREGVSQCLYTKP encoding is done for binary task with:
	-custom
		-f1: 0.8319290465631929
		-auroc: 0.7485273641003318
	-resnet
		-f1: 0.6592865928659286
		-auroc: 0.7133424579555824
2026-06-05 09:12:32 - __main__ - INFO - Input matrix with AMDWFIHNREGVSQCLYTKP encoding is removed.

2026-06-05 09:12:44 - __main__ - INFO - Input matrix with GKTAENHCVFIDWMRLPQYS encoding is generated.
2026-06-05 09:16:30 - __main__ - INFO - GKTAENHCVFIDWMRLPQYS encoding is done for binary task with:
	-custom
		-f1: 0.8362183754993342
		-auroc: 0.7547597322327979
	-resnet
		-f1: 0.8280913399396812
		-auroc: 0.7291640506625815
2026-06-05 09:16:30 - __main__ - INFO - Input matrix with GKTAENHCVFIDWMRLPQYS encoding is removed.

2026-06-05 09:16:42 - __main__ - INFO - Input matrix with TYFIWKGRSLVNCHQDPEMA encoding is generated.
2026-06-05 09:20:26 - __main__ - INFO - TYFIWKGRSLVNCHQDPEMA encoding is done for binary task with:
	-custom
		-f1: 0.8326745718050066
		-auroc: 0.7448775152007276
	-resnet
		-f1: 0.8146093388811836
		-auroc: 0.7455423290389009
2026-06-05 09:20:26 - __main__ - INFO - Input matrix with TYFIWKGRSLVNCHQDPEMA encoding is removed.

2026-06-05 09:20:39 - __main__ - INFO - Input matrix with HNWSPEGFDIKYCRALQTMV encoding is generated.
2026-06-05 09:24:23 - __main__ - INFO - HNWSPEGFDIKYCRALQTMV encoding is done for binary task with:
	-custom
		-f1: 0.8275862068965517
		-auroc: 0.7411376757605945
	-resnet
		-f1: 0.8131970260223048
		-auroc: 0.7461652868117119
2026-06-05 09:24:23 - __main__ - INFO - Input matrix with HNWSPEGFDIKYCRALQTMV encoding is removed.

2026-06-05 09:24:36 - __main__ - INFO - Input matrix with QLNDFICEWYRSTHGVPAMK encoding is generated.
2026-06-05 09:28:21 - __main__ - INFO - QLNDFICEWYRSTHGVPAMK encoding is done for binary task with:
	-custom
		-f1: 0.8279857397504456
		-auroc: 0.745544421842169
	-resnet
		-f1: 0.8248992386923422
		-auroc: 0.7437634462609977
2026-06-05 09:28:21 - __main__ - INFO - Input matrix with QLNDFICEWYRSTHGVPAMK encoding is removed.

2026-06-05 09:28:34 - __main__ - INFO - Input matrix with WRDCYINHVQPFLAKESGMT encoding is generated.
2026-06-05 09:32:18 - __main__ - INFO - WRDCYINHVQPFLAKESGMT encoding is done for binary task with:
	-custom
		-f1: 0.8416370106761566
		-auroc: 0.7631288525020161
	-resnet
		-f1: 0.8242312987608995
		-auroc: 0.7545797511517395
2026-06-05 09:32:18 - __main__ - INFO - Input matrix with WRDCYINHVQPFLAKESGMT encoding is removed.

2026-06-05 09:32:31 - __main__ - INFO - Input matrix with IATLFESVPRGMCKWYHDNQ encoding is generated.
2026-06-05 09:36:17 - __main__ - INFO - IATLFESVPRGMCKWYHDNQ encoding is done for binary task with:
	-custom
		-f1: 0.8269742679680568
		-auroc: 0.7420278147506356
	-resnet
		-f1: 0.8049627791563275
		-auroc: 0.766817767062625
2026-06-05 09:36:17 - __main__ - INFO - Input matrix with IATLFESVPRGMCKWYHDNQ encoding is removed.

2026-06-05 09:36:29 - __main__ - INFO - Input matrix with KRPGHSETDLIFNYWMCVAQ encoding is generated.
2026-06-05 09:40:14 - __main__ - INFO - KRPGHSETDLIFNYWMCVAQ encoding is done for binary task with:
	-custom
		-f1: 0.8434476693051891
		-auroc: 0.7602359007843826
	-resnet
		-f1: 0.8319654427645788
		-auroc: 0.7358414882900681
2026-06-05 09:40:14 - __main__ - INFO - Input matrix with KRPGHSETDLIFNYWMCVAQ encoding is removed.

2026-06-05 09:40:26 - __main__ - INFO - Input matrix with DARIGHYLWSMNECTVQPKF encoding is generated.
2026-06-05 09:44:13 - __main__ - INFO - DARIGHYLWSMNECTVQPKF encoding is done for binary task with:
	-custom
		-f1: 0.8322266489597167
		-auroc: 0.7480822946053113
	-resnet
		-f1: 0.7946428571428571
		-auroc: 0.7540858495804628
2026-06-05 09:44:13 - __main__ - INFO - Input matrix with DARIGHYLWSMNECTVQPKF encoding is removed.

2026-06-05 09:44:25 - __main__ - INFO - Input matrix with YDMQNSHWTVPAERGKLCFI encoding is generated.
2026-06-05 09:48:10 - __main__ - INFO - YDMQNSHWTVPAERGKLCFI encoding is done for binary task with:
	-custom
		-f1: 0.8299503834009924
		-auroc: 0.753957490980018
	-resnet
		-f1: 0.8436363636363636
		-auroc: 0.7756814865042094
2026-06-05 09:48:10 - __main__ - INFO - Input matrix with YDMQNSHWTVPAERGKLCFI encoding is removed.

2026-06-05 09:48:23 - __main__ - INFO - Input matrix with GFKIEATPRDMCVSLWNHYQ encoding is generated.
2026-06-05 09:52:08 - __main__ - INFO - GFKIEATPRDMCVSLWNHYQ encoding is done for binary task with:
	-custom
		-f1: 0.8242152466367713
		-auroc: 0.7434962650437675
	-resnet
		-f1: 0.803921568627451
		-auroc: 0.7598291993492776
2026-06-05 09:52:08 - __main__ - INFO - Input matrix with GFKIEATPRDMCVSLWNHYQ encoding is removed.

2026-06-05 09:52:20 - __main__ - INFO - Input matrix with ESWHYVMCKNRFIPAGDQTL encoding is generated.
2026-06-05 09:56:07 - __main__ - INFO - ESWHYVMCKNRFIPAGDQTL encoding is done for binary task with:
	-custom
		-f1: 0.8303730017761989
		-auroc: 0.7470582162061103
	-resnet
		-f1: 0.7894484412470024
		-auroc: 0.7313838173289692
2026-06-05 09:56:07 - __main__ - INFO - Input matrix with ESWHYVMCKNRFIPAGDQTL encoding is removed.

2026-06-05 09:56:19 - __main__ - INFO - Input matrix with PSQMRVELIFNYTKWCADHG encoding is generated.
2026-06-05 10:00:06 - __main__ - INFO - PSQMRVELIFNYTKWCADHG encoding is done for binary task with:
	-custom
		-f1: 0.8354203935599285
		-auroc: 0.7572522609251306
	-resnet
		-f1: 0.812235294117647
		-auroc: 0.7509724559185872
2026-06-05 10:00:06 - __main__ - INFO - Input matrix with PSQMRVELIFNYTKWCADHG encoding is removed.

2026-06-05 10:00:18 - __main__ - INFO - Input matrix with YCWKTGNAQDLSERVHFPMI encoding is generated.
2026-06-05 10:04:05 - __main__ - INFO - YCWKTGNAQDLSERVHFPMI encoding is done for binary task with:
	-custom
		-f1: 0.829443447037702
		-auroc: 0.7509305998532247
	-resnet
		-f1: 0.8079282680509674
		-auroc: 0.7468321934531534
2026-06-05 10:04:05 - __main__ - INFO - Input matrix with YCWKTGNAQDLSERVHFPMI encoding is removed.

2026-06-05 10:04:17 - __main__ - INFO - Input matrix with DVHTASEKLYMQPNIGCFWR encoding is generated.
2026-06-05 10:08:01 - __main__ - INFO - DVHTASEKLYMQPNIGCFWR encoding is done for binary task with:
	-custom
		-f1: 0.8288840262582057
		-auroc: 0.7379775428257309
	-resnet
		-f1: 0.834419817470665
		-auroc: 0.7422070982306046
2026-06-05 10:08:01 - __main__ - INFO - Input matrix with DVHTASEKLYMQPNIGCFWR encoding is removed.

2026-06-05 10:08:14 - __main__ - INFO - Input matrix with CIRQNDKWTVFSHYEALPGM encoding is generated.
2026-06-05 10:11:58 - __main__ - INFO - CIRQNDKWTVFSHYEALPGM encoding is done for binary task with:
	-custom
		-f1: 0.8226244343891402
		-auroc: 0.74572161251887
	-resnet
		-f1: 0.8208037825059101
		-auroc: 0.76410479642605
2026-06-05 10:11:58 - __main__ - INFO - Input matrix with CIRQNDKWTVFSHYEALPGM encoding is removed.

2026-06-05 10:12:10 - __main__ - INFO - Input matrix with KYFCAWREPVNLGSDIQMHT encoding is generated.
2026-06-05 10:15:57 - __main__ - INFO - KYFCAWREPVNLGSDIQMHT encoding is done for binary task with:
	-custom
		-f1: 0.8293986636971047
		-auroc: 0.7472361044839009
	-resnet
		-f1: 0.6888763410502541
		-auroc: 0.699011638776575
2026-06-05 10:15:57 - __main__ - INFO - Input matrix with KYFCAWREPVNLGSDIQMHT encoding is removed.

2026-06-05 10:16:09 - __main__ - INFO - Input matrix with MKYHNRTLPQIWVACDGFES encoding is generated.
2026-06-05 10:19:56 - __main__ - INFO - MKYHNRTLPQIWVACDGFES encoding is done for binary task with:
	-custom
		-f1: 0.8284444444444444
		-auroc: 0.7448768175996383
	-resnet
		-f1: 0.7728459530026109
		-auroc: 0.7527032042213235
2026-06-05 10:19:56 - __main__ - INFO - Input matrix with MKYHNRTLPQIWVACDGFES encoding is removed.

2026-06-05 10:20:08 - __main__ - INFO - Input matrix with NDHIARPMFCTKWGLVSYQE encoding is generated.
2026-06-05 10:23:54 - __main__ - INFO - NDHIARPMFCTKWGLVSYQE encoding is done for binary task with:
	-custom
		-f1: 0.821991888237945
		-auroc: 0.7429172561395871
	-resnet
		-f1: 0.8271334792122538
		-auroc: 0.7355736094717487
2026-06-05 10:23:54 - __main__ - INFO - Input matrix with NDHIARPMFCTKWGLVSYQE encoding is removed.

2026-06-05 10:24:06 - __main__ - INFO - Input matrix with KQMYFDVGIREATSCPHWNL encoding is generated.
2026-06-05 10:27:51 - __main__ - INFO - KQMYFDVGIREATSCPHWNL encoding is done for binary task with:
	-custom
		-f1: 0.8247240618101546
		-auroc: 0.73659699026986
	-resnet
		-f1: 0.7560843699296917
		-auroc: 0.7504311174732331
2026-06-05 10:27:52 - __main__ - INFO - Input matrix with KQMYFDVGIREATSCPHWNL encoding is removed.

2026-06-05 10:28:04 - __main__ - INFO - Input matrix with LFTWMVDPQRICAEYKSGNH encoding is generated.
2026-06-05 10:31:49 - __main__ - INFO - LFTWMVDPQRICAEYKSGNH encoding is done for binary task with:
	-custom
		-f1: 0.8389380530973451
		-auroc: 0.7569857773089896
	-resnet
		-f1: 0.8236339404709018
		-auroc: 0.7381547335024319
2026-06-05 10:31:49 - __main__ - INFO - Input matrix with LFTWMVDPQRICAEYKSGNH encoding is removed.

2026-06-05 10:32:01 - __main__ - INFO - Input matrix with CPSFQDMHVIENTGLRYAKW encoding is generated.
2026-06-05 10:35:48 - __main__ - INFO - CPSFQDMHVIENTGLRYAKW encoding is done for binary task with:
	-custom
		-f1: 0.8342857142857143
		-auroc: 0.7475039833022205
	-resnet
		-f1: 0.8295600170867151
		-auroc: 0.726938703187479
2026-06-05 10:35:48 - __main__ - INFO - Input matrix with CPSFQDMHVIENTGLRYAKW encoding is removed.

2026-06-05 10:36:00 - __main__ - INFO - Input matrix with LNTKFPICEQDVGWMAYSRH encoding is generated.
2026-06-05 10:39:45 - __main__ - INFO - LNTKFPICEQDVGWMAYSRH encoding is done for binary task with:
	-custom
		-f1: 0.8228364295423652
		-auroc: 0.7466563979786311
	-resnet
		-f1: 0.8005808325266215
		-auroc: 0.7497244475696974
2026-06-05 10:39:45 - __main__ - INFO - Input matrix with LNTKFPICEQDVGWMAYSRH encoding is removed.

2026-06-05 10:39:58 - __main__ - INFO - Input matrix with KRYNSWDMHVILCAQEGPFT encoding is generated.
2026-06-05 10:43:45 - __main__ - INFO - KRYNSWDMHVILCAQEGPFT encoding is done for binary task with:
	-custom
		-f1: 0.834759117514633
		-auroc: 0.7595222548699532
	-resnet
		-f1: 0.8284518828451883
		-auroc: 0.7661090043558212
2026-06-05 10:43:45 - __main__ - INFO - Input matrix with KRYNSWDMHVILCAQEGPFT encoding is removed.

2026-06-05 10:43:57 - __main__ - INFO - Input matrix with LNQSTARDPWICHYMEFGKV encoding is generated.
2026-06-05 10:47:44 - __main__ - INFO - LNQSTARDPWICHYMEFGKV encoding is done for binary task with:
	-custom
		-f1: 0.8343666961913198
		-auroc: 0.7511984786715443
	-resnet
		-f1: 0.8367254635911352
		-auroc: 0.764240828638478
2026-06-05 10:47:44 - __main__ - INFO - Input matrix with LNQSTARDPWICHYMEFGKV encoding is removed.

2026-06-05 10:47:56 - __main__ - INFO - Input matrix with GVWPTKADEYSLFNHCRIMQ encoding is generated.
2026-06-05 10:51:42 - __main__ - INFO - GVWPTKADEYSLFNHCRIMQ encoding is done for binary task with:
	-custom
		-f1: 0.8345070422535211
		-auroc: 0.7484387687619812
	-resnet
		-f1: 0.8104761904761905
		-auroc: 0.7543551236009611
2026-06-05 10:51:42 - __main__ - INFO - Input matrix with GVWPTKADEYSLFNHCRIMQ encoding is removed.

2026-06-05 10:51:54 - __main__ - INFO - Input matrix with APTSKWGIDCMQNHRFVYLE encoding is generated.
2026-06-05 10:55:39 - __main__ - INFO - APTSKWGIDCMQNHRFVYLE encoding is done for binary task with:
	-custom
		-f1: 0.8296101620674551
		-auroc: 0.7394020442502325
	-resnet
		-f1: 0.8358760980120203
		-auroc: 0.7731875626096977
2026-06-05 10:55:39 - __main__ - INFO - Input matrix with APTSKWGIDCMQNHRFVYLE encoding is removed.

2026-06-05 10:55:51 - __main__ - INFO - Input matrix with IWFDRPTCAGMESYQHVLNK encoding is generated.
2026-06-05 10:59:36 - __main__ - INFO - IWFDRPTCAGMESYQHVLNK encoding is done for binary task with:
	-custom
		-f1: 0.8308370044052863
		-auroc: 0.7438534368015268
	-resnet
		-f1: 0.7335907335907336
		-auroc: 0.7352052760965592
2026-06-05 10:59:36 - __main__ - INFO - Input matrix with IWFDRPTCAGMESYQHVLNK encoding is removed.

2026-06-05 10:59:48 - __main__ - INFO - Input matrix with TPQLGIFNDEWRAHCVYSKM encoding is generated.
2026-06-05 11:03:34 - __main__ - INFO - TPQLGIFNDEWRAHCVYSKM encoding is done for binary task with:
	-custom
		-f1: 0.8313413014608234
		-auroc: 0.74688032792832
	-resnet
		-f1: 0.7904130545639979
		-auroc: 0.7620085051524816
2026-06-05 11:03:34 - __main__ - INFO - Input matrix with TPQLGIFNDEWRAHCVYSKM encoding is removed.

2026-06-05 11:03:46 - __main__ - INFO - Input matrix with KRIAEYFSWVNTGHMQCLPD encoding is generated.
2026-06-05 11:07:32 - __main__ - INFO - KRIAEYFSWVNTGHMQCLPD encoding is done for binary task with:
	-custom
		-f1: 0.8380281690140845
		-auroc: 0.753246635469946
	-resnet
		-f1: 0.808695652173913
		-auroc: 0.7588951114906062
2026-06-05 11:07:32 - __main__ - INFO - Input matrix with KRIAEYFSWVNTGHMQCLPD encoding is removed.

2026-06-05 11:07:44 - __main__ - INFO - Input matrix with DPYERTFLMAKQSIHCGVWN encoding is generated.
2026-06-05 11:11:31 - __main__ - INFO - DPYERTFLMAKQSIHCGVWN encoding is done for binary task with:
	-custom
		-f1: 0.835352175863616
		-auroc: 0.7586321158799121
	-resnet
		-f1: 0.8284075871195412
		-auroc: 0.7411823222303144
2026-06-05 11:11:31 - __main__ - INFO - Input matrix with DPYERTFLMAKQSIHCGVWN encoding is removed.

2026-06-05 11:11:43 - __main__ - INFO - Input matrix with LMCDGEPTFIYASRQVHKNW encoding is generated.
2026-06-05 11:15:28 - __main__ - INFO - LMCDGEPTFIYASRQVHKNW encoding is done for binary task with:
	-custom
		-f1: 0.8373310074138683
		-auroc: 0.7479051039286103
	-resnet
		-f1: 0.8097876269621422
		-auroc: 0.7385977101941843
2026-06-05 11:15:28 - __main__ - INFO - Input matrix with LMCDGEPTFIYASRQVHKNW encoding is removed.

2026-06-05 11:15:40 - __main__ - INFO - Input matrix with NIKDGFYMPEAQSVHRTWCL encoding is generated.
2026-06-05 11:19:26 - __main__ - INFO - NIKDGFYMPEAQSVHRTWCL encoding is done for binary task with:
	-custom
		-f1: 0.8293755496921724
		-auroc: 0.741004433952524
	-resnet
		-f1: 0.812469556746225
		-auroc: 0.7673974735678948
2026-06-05 11:19:26 - __main__ - INFO - Input matrix with NIKDGFYMPEAQSVHRTWCL encoding is removed.

2026-06-05 11:19:38 - __main__ - INFO - Input matrix with QRNMCWAITVGKDHPFLSYE encoding is generated.
2026-06-05 11:23:23 - __main__ - INFO - QRNMCWAITVGKDHPFLSYE encoding is done for binary task with:
	-custom
		-f1: 0.8273997296079315
		-auroc: 0.7501290562015341
	-resnet
		-f1: 0.8254260709350529
		-auroc: 0.7578738234957627
2026-06-05 11:23:23 - __main__ - INFO - Input matrix with QRNMCWAITVGKDHPFLSYE encoding is removed.

2026-06-05 11:23:35 - __main__ - INFO - Input matrix with DESMFLQVRHWAPCGNYKIT encoding is generated.
2026-06-05 11:27:20 - __main__ - INFO - DESMFLQVRHWAPCGNYKIT encoding is done for binary task with:
	-custom
		-f1: 0.8336314847942755
		-auroc: 0.7548483275711483
	-resnet
		-f1: 0.8303687635574837
		-auroc: 0.7357521953506283
2026-06-05 11:27:20 - __main__ - INFO - Input matrix with DESMFLQVRHWAPCGNYKIT encoding is removed.

2026-06-05 11:27:32 - __main__ - INFO - Input matrix with NLHARQTGVEDCIWKSPFMY encoding is generated.
2026-06-05 11:31:18 - __main__ - INFO - NLHARQTGVEDCIWKSPFMY encoding is done for binary task with:
	-custom
		-f1: 0.828082808280828
		-auroc: 0.7503962374187644
	-resnet
		-f1: 0.8284910965323337
		-auroc: 0.7698034997251452
2026-06-05 11:31:18 - __main__ - INFO - Input matrix with NLHARQTGVEDCIWKSPFMY encoding is removed.

2026-06-05 11:31:30 - __main__ - INFO - Input matrix with DIVAMCWSHRGQFLPEYKTN encoding is generated.
2026-06-05 11:35:15 - __main__ - INFO - DIVAMCWSHRGQFLPEYKTN encoding is done for binary task with:
	-custom
		-f1: 0.8276169265033407
		-auroc: 0.7448321711299184
	-resnet
		-f1: 0.833105957253297
		-auroc: 0.7619701370925662
2026-06-05 11:35:15 - __main__ - INFO - Input matrix with DIVAMCWSHRGQFLPEYKTN encoding is removed.

2026-06-05 11:35:27 - __main__ - INFO - Input matrix with TPKHEIGMVRQWDLSFCNAY encoding is generated.
2026-06-05 11:39:12 - __main__ - INFO - TPKHEIGMVRQWDLSFCNAY encoding is done for binary task with:
	-custom
		-f1: 0.821127385707945
		-auroc: 0.7343262987239481
	-resnet
		-f1: 0.808206106870229
		-auroc: 0.7523962597419993
2026-06-05 11:39:12 - __main__ - INFO - Input matrix with TPKHEIGMVRQWDLSFCNAY encoding is removed.

2026-06-05 11:39:24 - __main__ - INFO - Input matrix with KCLTWDPASINFYEHMGRQV encoding is generated.
2026-06-05 11:43:11 - __main__ - INFO - KCLTWDPASINFYEHMGRQV encoding is done for binary task with:
	-custom
		-f1: 0.8295706064630367
		-auroc: 0.7444763945743378
	-resnet
		-f1: 0.824569155987627
		-auroc: 0.7368195250173702
2026-06-05 11:43:11 - __main__ - INFO - Input matrix with KCLTWDPASINFYEHMGRQV encoding is removed.

2026-06-05 11:43:23 - __main__ - INFO - Input matrix with QMWILKTESGRNHDVFYCPA encoding is generated.
2026-06-05 11:47:10 - __main__ - INFO - QMWILKTESGRNHDVFYCPA encoding is done for binary task with:
	-custom
		-f1: 0.8283917340521114
		-auroc: 0.7499511679237438
	-resnet
		-f1: 0.811945870275315
		-auroc: 0.7465657098370124
2026-06-05 11:47:10 - __main__ - INFO - Input matrix with QMWILKTESGRNHDVFYCPA encoding is removed.

2026-06-05 11:47:22 - __main__ - INFO - Input matrix with HDEAPIVFNMYGCSRKQTWL encoding is generated.
2026-06-05 11:51:09 - __main__ - INFO - HDEAPIVFNMYGCSRKQTWL encoding is done for binary task with:
	-custom
		-f1: 0.8283813747228381
		-auroc: 0.7437194973923671
	-resnet
		-f1: 0.8111627906976744
		-auroc: 0.7439838882052399
2026-06-05 11:51:09 - __main__ - INFO - Input matrix with HDEAPIVFNMYGCSRKQTWL encoding is removed.

2026-06-05 11:51:21 - __main__ - INFO - Input matrix with WGNYKEACSPIFVMLRHDQT encoding is generated.
2026-06-05 11:55:07 - __main__ - INFO - WGNYKEACSPIFVMLRHDQT encoding is done for binary task with:
	-custom
		-f1: 0.8403361344537815
		-auroc: 0.7586774599507216
	-resnet
		-f1: 0.8028447254049783
		-auroc: 0.6456995683244459
2026-06-05 11:55:07 - __main__ - INFO - Input matrix with WGNYKEACSPIFVMLRHDQT encoding is removed.

2026-06-05 11:55:19 - __main__ - INFO - Input matrix with GINRLSDACFWPYKEQHMVT encoding is generated.
2026-06-05 11:59:06 - __main__ - INFO - GINRLSDACFWPYKEQHMVT encoding is done for binary task with:
	-custom
		-f1: 0.8252688172043011
		-auroc: 0.7444756969732486
	-resnet
		-f1: 0.8174413033061811
		-auroc: 0.7660183162142026
2026-06-05 11:59:06 - __main__ - INFO - Input matrix with GINRLSDACFWPYKEQHMVT encoding is removed.

2026-06-05 11:59:19 - __main__ - INFO - Input matrix with HKNMWFEDGYACLRIVPTSQ encoding is generated.
2026-06-05 12:03:05 - __main__ - INFO - HKNMWFEDGYACLRIVPTSQ encoding is done for binary task with:
	-custom
		-f1: 0.8383658969804618
		-auroc: 0.757875916299031
	-resnet
		-f1: 0.712893982808023
		-auroc: 0.7319537574189876
2026-06-05 12:03:05 - __main__ - INFO - Input matrix with HKNMWFEDGYACLRIVPTSQ encoding is removed.

2026-06-05 12:03:17 - __main__ - INFO - Input matrix with PAKSILYCQRFGDNTEWHVM encoding is generated.
2026-06-05 12:07:03 - __main__ - INFO - PAKSILYCQRFGDNTEWHVM encoding is done for binary task with:
	-custom
		-f1: 0.8311111111111111
		-auroc: 0.7484827176306118
	-resnet
		-f1: 0.8085918854415275
		-auroc: 0.7531085104542499
2026-06-05 12:07:03 - __main__ - INFO - Input matrix with PAKSILYCQRFGDNTEWHVM encoding is removed.

2026-06-05 12:07:15 - __main__ - INFO - Input matrix with SPEAQVFHLRNYKGWMTCID encoding is generated.
2026-06-05 12:10:59 - __main__ - INFO - SPEAQVFHLRNYKGWMTCID encoding is done for binary task with:
	-custom
		-f1: 0.831410825199645
		-auroc: 0.7480376481355913
	-resnet
		-f1: 0.8385036496350365
		-auroc: 0.7705617921092944
2026-06-05 12:10:59 - __main__ - INFO - Input matrix with SPEAQVFHLRNYKGWMTCID encoding is removed.

2026-06-05 12:11:14 - __main__ - INFO - Input matrix with ELQPFIKDAVSNRMGYTHWC encoding is generated.
2026-06-05 12:15:00 - __main__ - INFO - ELQPFIKDAVSNRMGYTHWC encoding is done for binary task with:
	-custom
		-f1: 0.8221132411948283
		-auroc: 0.7378429058154817
	-resnet
		-f1: 0.806282722513089
		-auroc: 0.7488350061807456
2026-06-05 12:15:00 - __main__ - INFO - Input matrix with ELQPFIKDAVSNRMGYTHWC encoding is removed.

2026-06-05 12:15:12 - __main__ - INFO - Input matrix with MFYGTPEKHINWSLAQRVDC encoding is generated.
2026-06-05 12:19:00 - __main__ - INFO - MFYGTPEKHINWSLAQRVDC encoding is done for binary task with:
	-custom
		-f1: 0.8295964125560538
		-auroc: 0.7507080651057144
	-resnet
		-f1: 0.7818639798488665
		-auroc: 0.7461164547354557
2026-06-05 12:19:00 - __main__ - INFO - Input matrix with MFYGTPEKHINWSLAQRVDC encoding is removed.

2026-06-05 12:19:12 - __main__ - INFO - Input matrix with DIMQWFRTKNVLESAGPCYH encoding is generated.
2026-06-05 12:23:00 - __main__ - INFO - DIMQWFRTKNVLESAGPCYH encoding is done for binary task with:
	-custom
		-f1: 0.8233707865168539
		-auroc: 0.7434516185740476
	-resnet
		-f1: 0.8227016885553471
		-auroc: 0.7628142344107085
2026-06-05 12:23:00 - __main__ - INFO - Input matrix with DIMQWFRTKNVLESAGPCYH encoding is removed.

2026-06-05 12:23:12 - __main__ - INFO - Input matrix with MKTYDLPAERIFHVGNCQSW encoding is generated.
2026-06-05 12:26:56 - __main__ - INFO - MKTYDLPAERIFHVGNCQSW encoding is done for binary task with:
	-custom
		-f1: 0.8360875390799464
		-auroc: 0.7575194421423609
	-resnet
		-f1: 0.8472160356347439
		-auroc: 0.7712754380237241
2026-06-05 12:26:56 - __main__ - INFO - Input matrix with MKTYDLPAERIFHVGNCQSW encoding is removed.

2026-06-05 12:27:09 - __main__ - INFO - Input matrix with HKSFCWANPVQDRETGMLIY encoding is generated.
2026-06-05 12:30:53 - __main__ - INFO - HKSFCWANPVQDRETGMLIY encoding is done for binary task with:
	-custom
		-f1: 0.8337777777777777
		-auroc: 0.7520886176615853
	-resnet
		-f1: 0.8320712694877506
		-auroc: 0.7508420045148743
2026-06-05 12:30:53 - __main__ - INFO - Input matrix with HKSFCWANPVQDRETGMLIY encoding is removed.

2026-06-05 12:31:06 - __main__ - INFO - Input matrix with NASTFDMCGHRQYWVPLKEI encoding is generated.
2026-06-05 12:34:50 - __main__ - INFO - NASTFDMCGHRQYWVPLKEI encoding is done for binary task with:
	-custom
		-f1: 0.8342293906810035
		-auroc: 0.75649536374316
	-resnet
		-f1: 0.654434250764526
		-auroc: 0.7057302348683349
2026-06-05 12:34:50 - __main__ - INFO - Input matrix with NASTFDMCGHRQYWVPLKEI encoding is removed.

2026-06-05 12:35:02 - __main__ - INFO - Input matrix with DREWKPIMVCNQTAHFSGYL encoding is generated.
2026-06-05 12:38:49 - __main__ - INFO - DREWKPIMVCNQTAHFSGYL encoding is done for binary task with:
	-custom
		-f1: 0.827220503756076
		-auroc: 0.7404254250483437
	-resnet
		-f1: 0.8193752829334541
		-auroc: 0.7416259965231561
2026-06-05 12:38:49 - __main__ - INFO - Input matrix with DREWKPIMVCNQTAHFSGYL encoding is removed.

2026-06-05 12:39:01 - __main__ - INFO - Input matrix with EDNYPLIGQHMRKFVCSWAT encoding is generated.
2026-06-05 12:42:46 - __main__ - INFO - EDNYPLIGQHMRKFVCSWAT encoding is done for binary task with:
	-custom
		-f1: 0.8351063829787234
		-auroc: 0.7526229800960458
	-resnet
		-f1: 0.8110236220472441
		-auroc: 0.7703350717552481
2026-06-05 12:42:46 - __main__ - INFO - Input matrix with EDNYPLIGQHMRKFVCSWAT encoding is removed.

2026-06-05 12:42:58 - __main__ - INFO - Input matrix with SHMPIDVWKFQYENLCGATR encoding is generated.
2026-06-05 12:46:44 - __main__ - INFO - SHMPIDVWKFQYENLCGATR encoding is done for binary task with:
	-custom
		-f1: 0.8262994224788983
		-auroc: 0.7417606335334053
	-resnet
		-f1: 0.8263695450324977
		-auroc: 0.7627702855420779
2026-06-05 12:46:44 - __main__ - INFO - Input matrix with SHMPIDVWKFQYENLCGATR encoding is removed.

2026-06-05 12:46:57 - __main__ - INFO - Input matrix with PAFCEQHTGDWKYSIVRMLN encoding is generated.
2026-06-05 12:50:43 - __main__ - INFO - PAFCEQHTGDWKYSIVRMLN encoding is done for binary task with:
	-custom
		-f1: 0.8194945848375451
		-auroc: 0.7402461415683748
	-resnet
		-f1: 0.8154392191659272
		-auroc: 0.7264022479497504
2026-06-05 12:50:43 - __main__ - INFO - Input matrix with PAFCEQHTGDWKYSIVRMLN encoding is removed.

2026-06-05 12:50:56 - __main__ - INFO - Input matrix with NGFCAHSYRVPKQLDIMWET encoding is generated.
2026-06-05 12:54:42 - __main__ - INFO - NGFCAHSYRVPKQLDIMWET encoding is done for binary task with:
	-custom
		-f1: 0.825720620842572
		-auroc: 0.7401135973613936
	-resnet
		-f1: 0.7998061076102763
		-auroc: 0.7494572663524672
2026-06-05 12:54:42 - __main__ - INFO - Input matrix with NGFCAHSYRVPKQLDIMWET encoding is removed.

2026-06-05 12:54:54 - __main__ - INFO - Input matrix with PLRKDYMWTEHAFNSGVICQ encoding is generated.
2026-06-05 12:58:41 - __main__ - INFO - PLRKDYMWTEHAFNSGVICQ encoding is done for binary task with:
	-custom
		-f1: 0.8380530973451328
		-auroc: 0.7557838106319987
	-resnet
		-f1: 0.8344312692138779
		-auroc: 0.74728144855471
2026-06-05 12:58:41 - __main__ - INFO - Input matrix with PLRKDYMWTEHAFNSGVICQ encoding is removed.

2026-06-05 12:58:53 - __main__ - INFO - Input matrix with CSIWRDMVTKEPFQHAYNGL encoding is generated.
2026-06-05 13:02:40 - __main__ - INFO - CSIWRDMVTKEPFQHAYNGL encoding is done for binary task with:
	-custom
		-f1: 0.8251001335113485
		-auroc: 0.7410037363514346
	-resnet
		-f1: 0.7950372208436725
		-auroc: 0.7547981002927133
2026-06-05 13:02:40 - __main__ - INFO - Input matrix with CSIWRDMVTKEPFQHAYNGL encoding is removed.

2026-06-05 13:02:52 - __main__ - INFO - Input matrix with NYPVETCWIMDGAKHQFLSR encoding is generated.
2026-06-05 13:06:39 - __main__ - INFO - NYPVETCWIMDGAKHQFLSR encoding is done for binary task with:
	-custom
		-f1: 0.8274932614555256
		-auroc: 0.7487492012467527
	-resnet
		-f1: 0.7219069239500567
		-auroc: 0.7366730287886019
2026-06-05 13:06:39 - __main__ - INFO - Input matrix with NYPVETCWIMDGAKHQFLSR encoding is removed.

2026-06-05 13:06:51 - __main__ - INFO - Input matrix with RNPDEASWTCKIYFVMQLGH encoding is generated.
2026-06-05 13:10:36 - __main__ - INFO - RNPDEASWTCKIYFVMQLGH encoding is done for binary task with:
	-custom
		-f1: 0.8277703604806409
		-auroc: 0.7446096363824082
	-resnet
		-f1: 0.815052776502983
		-auroc: 0.7425600843818279
2026-06-05 13:10:36 - __main__ - INFO - Input matrix with RNPDEASWTCKIYFVMQLGH encoding is removed.

2026-06-05 13:10:49 - __main__ - INFO - Input matrix with IKQDPCGELRVMYTSWAFNH encoding is generated.
2026-06-05 13:14:34 - __main__ - INFO - IKQDPCGELRVMYTSWAFNH encoding is done for binary task with:
	-custom
		-f1: 0.8382288469969311
		-auroc: 0.7516442457676542
	-resnet
		-f1: 0.7802367472979927
		-auroc: 0.7543955844641448
2026-06-05 13:14:34 - __main__ - INFO - Input matrix with IKQDPCGELRVMYTSWAFNH encoding is removed.

2026-06-05 13:14:46 - __main__ - INFO - Input matrix with IHSFPDMRQTWYELNVKCGA encoding is generated.
2026-06-05 13:18:32 - __main__ - INFO - IHSFPDMRQTWYELNVKCGA encoding is done for binary task with:
	-custom
		-f1: 0.8372703412073491
		-auroc: 0.7492849588833916
	-resnet
		-f1: 0.746268656716418
		-auroc: 0.732402314919455
2026-06-05 13:18:32 - __main__ - INFO - Input matrix with IHSFPDMRQTWYELNVKCGA encoding is removed.

