2026-06-12 21:31:06 - __main__ - INFO - Filename: training_noise.py started.
2026-06-12 21:35:15 - __main__ - INFO - WCYKMVHQFDGRLITNEASP encoding is done for binary task with:
	-custom
		-f1: 0.8305766651765758
		-auroc: 0.7505301768279242
	-resnet
		-f1: 0.7715472481827622
		-auroc: 0.7484743464175394
2026-06-12 21:39:09 - __main__ - INFO - WCYKMVHQFDGRLITNEASP encoding is done for binary task with:
	-custom
		-f1: 0.8275555555555556
		-auroc: 0.7436748509226473
	-resnet
		-f1: 0.7668613913967074
		-auroc: 0.7538598268275056
2026-06-12 21:43:03 - __main__ - INFO - WCYKMVHQFDGRLITNEASP encoding is done for binary task with:
	-custom
		-f1: 0.8284182305630027
		-auroc: 0.7474139927616911
	-resnet
		-f1: 0.8087167070217918
		-auroc: 0.7600524316978773
2026-06-12 21:46:59 - __main__ - INFO - WCYKMVHQFDGRLITNEASP encoding is done for binary task with:
	-custom
		-f1: 0.8342198581560284
		-auroc: 0.7514210134190545
	-resnet
		-f1: 0.7055427251732102
		-auroc: 0.7279913832313442
2026-06-12 21:50:53 - __main__ - INFO - WCYKMVHQFDGRLITNEASP encoding is done for binary task with:
	-custom
		-f1: 0.8310421286031042
		-auroc: 0.7473253974233405
	-resnet
		-f1: 0.785132382892057
		-auroc: 0.7550638863077649
2026-06-12 21:54:48 - __main__ - INFO - WCYKMVHQFDGRLITNEASP encoding is done for binary task with:
	-custom
		-f1: 0.8322147651006712
		-auroc: 0.7531566449294168
	-resnet
		-f1: 0.8281611857341362
		-auroc: 0.764016898688789
2026-06-12 21:58:41 - __main__ - INFO - WCYKMVHQFDGRLITNEASP encoding is done for binary task with:
	-custom
		-f1: 0.82688028482421
		-auroc: 0.7434076697054169
	-resnet
		-f1: 0.813079551000488
		-auroc: 0.7690445097399065
2026-06-12 22:02:34 - __main__ - INFO - WCYKMVHQFDGRLITNEASP encoding is done for binary task with:
	-custom
		-f1: 0.8294642857142858
		-auroc: 0.7483934246911721
	-resnet
		-f1: 0.8352524357838795
		-auroc: 0.7524004453485355
2026-06-12 22:06:27 - __main__ - INFO - WCYKMVHQFDGRLITNEASP encoding is done for binary task with:
	-custom
		-f1: 0.8291390728476821
		-auroc: 0.7426068236548159
	-resnet
		-f1: 0.7963152507676561
		-auroc: 0.7706001601692101
2026-06-12 22:10:18 - __main__ - INFO - WCYKMVHQFDGRLITNEASP encoding is done for binary task with:
	-custom
		-f1: 0.8305913739439751
		-auroc: 0.7479930016658713
	-resnet
		-f1: 0.7923387096774194
		-auroc: 0.758848372217618
2026-06-12 22:14:19 - __main__ - INFO - WCYKMVHQFDGRLITNEASP encoding is done for binary task with:
	-custom
		-f1: 0.8268456375838926
		-auroc: 0.7459448448674698
	-resnet
		-f1: 0.7682672233820459
		-auroc: 0.7471830868011083
2026-06-12 22:18:12 - __main__ - INFO - WCYKMVHQFDGRLITNEASP encoding is done for binary task with:
	-custom
		-f1: 0.8306737588652482
		-auroc: 0.7466131467110899
	-resnet
		-f1: 0.8116634799235182
		-auroc: 0.7576491959449844
2026-06-12 22:22:05 - __main__ - INFO - WCYKMVHQFDGRLITNEASP encoding is done for binary task with:
	-custom
		-f1: 0.8238458090542358
		-auroc: 0.7427840143315168
	-resnet
		-f1: 0.799625468164794
		-auroc: 0.7323199979909089
2026-06-12 22:25:57 - __main__ - INFO - WCYKMVHQFDGRLITNEASP encoding is done for binary task with:
	-custom
		-f1: 0.8296164139161463
		-auroc: 0.7481708899436618
	-resnet
		-f1: 0.8211116300794021
		-auroc: 0.7588079113544344
2026-06-12 22:29:47 - __main__ - INFO - WCYKMVHQFDGRLITNEASP encoding is done for binary task with:
	-custom
		-f1: 0.8254674977738201
		-auroc: 0.7417159870636854
	-resnet
		-f1: 0.7551020408163265
		-auroc: 0.7459797249219385
2026-06-12 22:33:39 - __main__ - INFO - WCYKMVHQFDGRLITNEASP encoding is done for binary task with:
	-custom
		-f1: 0.8309982486865148
		-auroc: 0.741093726891964
	-resnet
		-f1: 0.8255062473071951
		-auroc: 0.725558150631608
2026-06-12 22:37:31 - __main__ - INFO - WCYKMVHQFDGRLITNEASP encoding is done for binary task with:
	-custom
		-f1: 0.8262411347517731
		-auroc: 0.740603313326134
	-resnet
		-f1: 0.7931034482758621
		-auroc: 0.7489222063169173
2026-06-12 22:41:23 - __main__ - INFO - WCYKMVHQFDGRLITNEASP encoding is done for binary task with:
	-custom
		-f1: 0.8310991957104558
		-auroc: 0.7510198927926647
	-resnet
		-f1: 0.8201634877384196
		-auroc: 0.7442078181549289
2026-06-12 22:45:17 - __main__ - INFO - WCYKMVHQFDGRLITNEASP encoding is done for binary task with:
	-custom
		-f1: 0.8303571428571429
		-auroc: 0.7495953913681632
	-resnet
		-f1: 0.7658031088082902
		-auroc: 0.740817476860572
2026-06-12 22:49:08 - __main__ - INFO - WCYKMVHQFDGRLITNEASP encoding is done for binary task with:
	-custom
		-f1: 0.8278615794143744
		-auroc: 0.7432297814276265
	-resnet
		-f1: 0.7958681751106739
		-auroc: 0.7515933208881299
2026-06-12 22:52:59 - __main__ - INFO - WCYKMVHQFDGRLITNEASP encoding is done for binary task with:
	-custom
		-f1: 0.8286353467561521
		-auroc: 0.7483487782214521
	-resnet
		-f1: 0.8295983086680762
		-auroc: 0.7218643528633735
2026-06-12 22:56:49 - __main__ - INFO - WCYKMVHQFDGRLITNEASP encoding is done for binary task with:
	-custom
		-f1: 0.8288770053475936
		-auroc: 0.7467463885191604
	-resnet
		-f1: 0.6706302021403091
		-auroc: 0.707111485025295
2026-06-12 23:00:42 - __main__ - INFO - WCYKMVHQFDGRLITNEASP encoding is done for binary task with:
	-custom
		-f1: 0.8331862312444837
		-auroc: 0.7479044063275209
	-resnet
		-f1: 0.7182940516273849
		-auroc: 0.7272358812515523
2026-06-12 23:04:33 - __main__ - INFO - WCYKMVHQFDGRLITNEASP encoding is done for binary task with:
	-custom
		-f1: 0.8299198575244879
		-auroc: 0.7477258204486413
	-resnet
		-f1: 0.7981072555205048
		-auroc: 0.6373304480552278
2026-06-12 23:08:23 - __main__ - INFO - WCYKMVHQFDGRLITNEASP encoding is done for binary task with:
	-custom
		-f1: 0.8273127753303965
		-auroc: 0.7390455700935623
	-resnet
		-f1: 0.824455766558592
		-auroc: 0.7592090319808245
2026-06-12 23:12:13 - __main__ - INFO - WCYKMVHQFDGRLITNEASP encoding is done for binary task with:
	-custom
		-f1: 0.8283548818546589
		-auroc: 0.7462566725544199
	-resnet
		-f1: 0.8268359020852222
		-auroc: 0.7521765153988464
2026-06-12 23:16:03 - __main__ - INFO - WCYKMVHQFDGRLITNEASP encoding is done for binary task with:
	-custom
		-f1: 0.8279569892473119
		-auroc: 0.7480815970042219
	-resnet
		-f1: 0.8285345938977224
		-auroc: 0.7284964464200507
2026-06-12 23:19:52 - __main__ - INFO - WCYKMVHQFDGRLITNEASP encoding is done for binary task with:
	-custom
		-f1: 0.8312720848056537
		-auroc: 0.7457230077210488
	-resnet
		-f1: 0.8172142526608052
		-auroc: 0.7493707638173848
2026-06-12 23:23:41 - __main__ - INFO - WCYKMVHQFDGRLITNEASP encoding is done for binary task with:
	-custom
		-f1: 0.8305084745762712
		-auroc: 0.749372856620653
	-resnet
		-f1: 0.8084479371316307
		-auroc: 0.766284102229254
2026-06-12 23:27:31 - __main__ - INFO - WCYKMVHQFDGRLITNEASP encoding is done for binary task with:
	-custom
		-f1: 0.8319215336602764
		-auroc: 0.7510645392623845
	-resnet
		-f1: 0.7913741223671013
		-auroc: 0.7553317651260845
2026-06-12 23:31:20 - __main__ - INFO - WCYKMVHQFDGRLITNEASP encoding is done for binary task with:
	-custom
		-f1: 0.8268206039076377
		-auroc: 0.7422503494981457
	-resnet
		-f1: 0.8119575699132112
		-auroc: 0.7620559420265591
2026-06-12 23:35:10 - __main__ - INFO - WCYKMVHQFDGRLITNEASP encoding is done for binary task with:
	-custom
		-f1: 0.8287488908606921
		-auroc: 0.7444317481046179
	-resnet
		-f1: 0.8186484174508126
		-auroc: 0.7122479218463548
2026-06-12 23:38:58 - __main__ - INFO - WCYKMVHQFDGRLITNEASP encoding is done for binary task with:
	-custom
		-f1: 0.8317715305667113
		-auroc: 0.7512870740098948
	-resnet
		-f1: 0.8157043879907622
		-auroc: 0.7465217609683819
2026-06-12 23:42:48 - __main__ - INFO - WCYKMVHQFDGRLITNEASP encoding is done for binary task with:
	-custom
		-f1: 0.8317180616740089
		-auroc: 0.745055403478518
	-resnet
		-f1: 0.779874213836478
		-auroc: 0.7624968259150433
2026-06-12 23:46:37 - __main__ - INFO - WCYKMVHQFDGRLITNEASP encoding is done for binary task with:
	-custom
		-f1: 0.8287488908606921
		-auroc: 0.7444317481046179
	-resnet
		-f1: 0.7806096951524237
		-auroc: 0.7407302767244002
2026-06-12 23:50:27 - __main__ - INFO - WCYKMVHQFDGRLITNEASP encoding is done for binary task with:
	-custom
		-f1: 0.8303057155516171
		-auroc: 0.7459008959988391
	-resnet
		-f1: 0.8150261531145981
		-auroc: 0.7594301715261559
2026-06-12 23:54:16 - __main__ - INFO - WCYKMVHQFDGRLITNEASP encoding is done for binary task with:
	-custom
		-f1: 0.8272807794508414
		-auroc: 0.741582745255615
	-resnet
		-f1: 0.7153536515238643
		-auroc: 0.7362272616924919
2026-06-12 23:58:05 - __main__ - INFO - WCYKMVHQFDGRLITNEASP encoding is done for binary task with:
	-custom
		-f1: 0.8322147651006712
		-auroc: 0.7531566449294168
	-resnet
		-f1: 0.7851031706089582
		-auroc: 0.7494998200189189
2026-06-13 00:01:54 - __main__ - INFO - WCYKMVHQFDGRLITNEASP encoding is done for binary task with:
	-custom
		-f1: 0.8289649044868947
		-auroc: 0.7453665335643787
	-resnet
		-f1: 0.799017199017199
		-auroc: 0.7549766861715932
2026-06-13 00:05:43 - __main__ - INFO - WCYKMVHQFDGRLITNEASP encoding is done for binary task with:
	-custom
		-f1: 0.8302055406613047
		-auroc: 0.7498179261156734
	-resnet
		-f1: 0.8244210526315789
		-auroc: 0.712337912386884
2026-06-13 00:09:32 - __main__ - INFO - WCYKMVHQFDGRLITNEASP encoding is done for binary task with:
	-custom
		-f1: 0.8300711743772242
		-auroc: 0.7475032857011308
	-resnet
		-f1: 0.804490177736202
		-auroc: 0.7381072966283544
2026-06-13 00:13:22 - __main__ - INFO - WCYKMVHQFDGRLITNEASP encoding is done for binary task with:
	-custom
		-f1: 0.8262617239839214
		-auroc: 0.744297808695458
	-resnet
		-f1: 0.7270668176670442
		-auroc: 0.7410358260015459
2026-06-13 00:17:10 - __main__ - INFO - WCYKMVHQFDGRLITNEASP encoding is done for binary task with:
	-custom
		-f1: 0.8295505117935025
		-auroc: 0.7470135697363904
	-resnet
		-f1: 0.8088847755668672
		-auroc: 0.7385530637244642
2026-06-13 00:20:59 - __main__ - INFO - WCYKMVHQFDGRLITNEASP encoding is done for binary task with:
	-custom
		-f1: 0.8307692307692308
		-auroc: 0.7426961165942556
	-resnet
		-f1: 0.7342776203966006
		-auroc: 0.7489598767757436
2026-06-13 00:24:49 - __main__ - INFO - WCYKMVHQFDGRLITNEASP encoding is done for binary task with:
	-custom
		-f1: 0.8354767184035476
		-auroc: 0.7533352308082963
	-resnet
		-f1: 0.8236294092647684
		-auroc: 0.715987761286488
2026-06-13 00:28:38 - __main__ - INFO - WCYKMVHQFDGRLITNEASP encoding is done for binary task with:
	-custom
		-f1: 0.8317094774136404
		-auroc: 0.7475925786405708
	-resnet
		-f1: 0.7667364016736402
		-auroc: 0.7464261896191378
2026-06-13 00:32:27 - __main__ - INFO - WCYKMVHQFDGRLITNEASP encoding is done for binary task with:
	-custom
		-f1: 0.8280482358195623
		-auroc: 0.7467017420494403
	-resnet
		-f1: 0.7816439737771054
		-auroc: 0.7463389894829661
2026-06-13 00:36:18 - __main__ - INFO - WCYKMVHQFDGRLITNEASP encoding is done for binary task with:
	-custom
		-f1: 0.8270342374388617
		-auroc: 0.7431851349579068
	-resnet
		-f1: 0.8292452830188679
		-auroc: 0.7737651763116995
2026-06-13 00:40:08 - __main__ - INFO - WCYKMVHQFDGRLITNEASP encoding is done for binary task with:
	-custom
		-f1: 0.8329621380846325
		-auroc: 0.7520439711918654
	-resnet
		-f1: 0.7628755364806867
		-auroc: 0.7541709569133663
2026-06-13 00:43:58 - __main__ - INFO - WCYKMVHQFDGRLITNEASP encoding is done for binary task with:
	-custom
		-f1: 0.8290293855743545
		-auroc: 0.74652385377165
	-resnet
		-f1: 0.7357340720221607
		-auroc: 0.7397013151175736
2026-06-13 00:47:47 - __main__ - INFO - WCYKMVHQFDGRLITNEASP encoding is done for binary task with:
	-custom
		-f1: 0.8310421286031042
		-auroc: 0.7473253974233405
	-resnet
		-f1: 0.8279522335249889
		-auroc: 0.7418499264728452
2026-06-13 00:51:36 - __main__ - INFO - WCYKMVHQFDGRLITNEASP encoding is done for binary task with:
	-custom
		-f1: 0.8251561106155219
		-auroc: 0.7421610565587058
	-resnet
		-f1: 0.7778894472361809
		-auroc: 0.7401512678202199
2026-06-13 00:55:26 - __main__ - INFO - WCYKMVHQFDGRLITNEASP encoding is done for binary task with:
	-custom
		-f1: 0.8323699421965318
		-auroc: 0.7503969350198537
	-resnet
		-f1: 0.7543398211467649
		-auroc: 0.7350294806220369
2026-06-13 00:59:16 - __main__ - INFO - WCYKMVHQFDGRLITNEASP encoding is done for binary task with:
	-custom
		-f1: 0.8302055406613047
		-auroc: 0.7498179261156734
	-resnet
		-f1: 0.7834008097165992
		-auroc: 0.7501227777917298
2026-06-13 01:03:06 - __main__ - INFO - WCYKMVHQFDGRLITNEASP encoding is done for binary task with:
	-custom
		-f1: 0.8251996450754214
		-auroc: 0.7396238813966531
	-resnet
		-f1: 0.7754038561750912
		-auroc: 0.7546620680802856
2026-06-13 01:06:57 - __main__ - INFO - WCYKMVHQFDGRLITNEASP encoding is done for binary task with:
	-custom
		-f1: 0.8274647887323944
		-auroc: 0.738823035346052
	-resnet
		-f1: 0.8213333333333334
		-auroc: 0.7352610841837092
2026-06-13 01:10:48 - __main__ - INFO - WCYKMVHQFDGRLITNEASP encoding is done for binary task with:
	-custom
		-f1: 0.8289414917373827
		-auroc: 0.7479037087264315
	-resnet
		-f1: 0.8222320247022497
		-auroc: 0.7327685554913763
2026-06-13 01:14:39 - __main__ - INFO - WCYKMVHQFDGRLITNEASP encoding is done for binary task with:
	-custom
		-f1: 0.8316303864948912
		-auroc: 0.7489724335953523
	-resnet
		-f1: 0.8120229007633588
		-auroc: 0.7572041264499638
2026-06-13 01:18:28 - __main__ - INFO - WCYKMVHQFDGRLITNEASP encoding is done for binary task with:
	-custom
		-f1: 0.8280764104842292
		-auroc: 0.7441645668873877
	-resnet
		-f1: 0.7971957936905358
		-auroc: 0.7616087797282705
2026-06-13 01:22:20 - __main__ - INFO - WCYKMVHQFDGRLITNEASP encoding is done for binary task with:
	-custom
		-f1: 0.8322324966974901
		-auroc: 0.7455451194432585
	-resnet
		-f1: 0.8072653884964682
		-auroc: 0.7771004071199957
2026-06-13 01:26:10 - __main__ - INFO - WCYKMVHQFDGRLITNEASP encoding is done for binary task with:
	-custom
		-f1: 0.8329621380846325
		-auroc: 0.7520439711918654
	-resnet
		-f1: 0.8266320795503674
		-auroc: 0.7288522229756313
2026-06-13 01:29:59 - __main__ - INFO - WCYKMVHQFDGRLITNEASP encoding is done for binary task with:
	-custom
		-f1: 0.829225352112676
		-auroc: 0.7412269687000343
	-resnet
		-f1: 0.776949826130154
		-auroc: 0.7333852348543827
2026-06-13 01:33:50 - __main__ - INFO - WCYKMVHQFDGRLITNEASP encoding is done for binary task with:
	-custom
		-f1: 0.8292245629762438
		-auroc: 0.7499958143934637
	-resnet
		-f1: 0.8318985047575895
		-auroc: 0.7586760647485427
2026-06-13 01:37:40 - __main__ - INFO - WCYKMVHQFDGRLITNEASP encoding is done for binary task with:
	-custom
		-f1: 0.8319215336602764
		-auroc: 0.7510645392623845
	-resnet
		-f1: 0.8234209313047487
		-auroc: 0.7556924248892907
2026-06-13 01:41:31 - __main__ - INFO - WCYKMVHQFDGRLITNEASP encoding is done for binary task with:
	-custom
		-f1: 0.8308237378210807
		-auroc: 0.7463906119635797
	-resnet
		-f1: 0.832427536231884
		-auroc: 0.7591657807132832
2026-06-13 01:45:21 - __main__ - INFO - WCYKMVHQFDGRLITNEASP encoding is done for binary task with:
	-custom
		-f1: 0.8291167332445628
		-auroc: 0.7451439988168685
	-resnet
		-f1: 0.8131868131868132
		-auroc: 0.759340878586716
2026-06-13 01:49:14 - __main__ - INFO - WCYKMVHQFDGRLITNEASP encoding is done for binary task with:
	-custom
		-f1: 0.8285968028419183
		-auroc: 0.7446542828521281
	-resnet
		-f1: 0.8317008014247551
		-auroc: 0.7501297538026235
2026-06-13 01:53:06 - __main__ - INFO - WCYKMVHQFDGRLITNEASP encoding is done for binary task with:
	-custom
		-f1: 0.8289007092198581
		-auroc: 0.7442092133571075
	-resnet
		-f1: 0.7697954902988988
		-auroc: 0.7511894098573825
2026-06-13 01:56:56 - __main__ - INFO - WCYKMVHQFDGRLITNEASP encoding is done for binary task with:
	-custom
		-f1: 0.8304559539619301
		-auroc: 0.7456783612513289
	-resnet
		-f1: 0.8312043795620438
		-auroc: 0.7609460586933653
2026-06-13 02:00:47 - __main__ - INFO - WCYKMVHQFDGRLITNEASP encoding is done for binary task with:
	-custom
		-f1: 0.8285714285714286
		-auroc: 0.7471914580141809
	-resnet
		-f1: 0.8254847645429363
		-auroc: 0.7590311437030339
2026-06-13 02:04:36 - __main__ - INFO - WCYKMVHQFDGRLITNEASP encoding is done for binary task with:
	-custom
		-f1: 0.8272807794508414
		-auroc: 0.741582745255615
	-resnet
		-f1: 0.8160535117056856
		-auroc: 0.6966237502476484
2026-06-13 02:08:26 - __main__ - INFO - WCYKMVHQFDGRLITNEASP encoding is done for binary task with:
	-custom
		-f1: 0.8296164139161463
		-auroc: 0.7481708899436618
	-resnet
		-f1: 0.8246488445854101
		-auroc: 0.7490603313326135
2026-06-13 02:12:15 - __main__ - INFO - WCYKMVHQFDGRLITNEASP encoding is done for binary task with:
	-custom
		-f1: 0.8267611874169252
		-auroc: 0.7410930292908746
	-resnet
		-f1: 0.8072942336126171
		-auroc: 0.7664619905070444
2026-06-13 02:16:05 - __main__ - INFO - WCYKMVHQFDGRLITNEASP encoding is done for binary task with:
	-custom
		-f1: 0.8287098194627918
		-auroc: 0.7407372527352938
	-resnet
		-f1: 0.8171000440722785
		-auroc: 0.725334220681919
2026-06-13 02:19:54 - __main__ - INFO - WCYKMVHQFDGRLITNEASP encoding is done for binary task with:
	-custom
		-f1: 0.831029870708872
		-auroc: 0.7498625725853935
	-resnet
		-f1: 0.786833855799373
		-auroc: 0.7690410217344595
2026-06-13 02:23:44 - __main__ - INFO - WCYKMVHQFDGRLITNEASP encoding is done for binary task with:
	-custom
		-f1: 0.8322925958965209
		-auroc: 0.7517767899746353
	-resnet
		-f1: 0.6797385620915033
		-auroc: 0.7160149677289736
2026-06-13 02:27:33 - __main__ - INFO - WCYKMVHQFDGRLITNEASP encoding is done for binary task with:
	-custom
		-f1: 0.8312611012433393
		-auroc: 0.7482601828831016
	-resnet
		-f1: 0.8176043557168784
		-auroc: 0.7403793833764452
2026-06-13 02:31:22 - __main__ - INFO - WCYKMVHQFDGRLITNEASP encoding is done for binary task with:
	-custom
		-f1: 0.8327402135231317
		-auroc: 0.7511091857321044
	-resnet
		-f1: 0.808529945553539
		-auroc: 0.7283597166065334
2026-06-13 02:35:12 - __main__ - INFO - WCYKMVHQFDGRLITNEASP encoding is done for binary task with:
	-custom
		-f1: 0.8291167332445628
		-auroc: 0.7451439988168685
	-resnet
		-f1: 0.6784869976359338
		-auroc: 0.7120086446726994
2026-06-13 02:39:01 - __main__ - INFO - WCYKMVHQFDGRLITNEASP encoding is done for binary task with:
	-custom
		-f1: 0.8323036187113857
		-auroc: 0.7467024396505297
	-resnet
		-f1: 0.8152744630071599
		-auroc: 0.7615222771931882
2026-06-13 02:42:51 - __main__ - INFO - WCYKMVHQFDGRLITNEASP encoding is done for binary task with:
	-custom
		-f1: 0.8276473194505981
		-auroc: 0.7422949959678657
	-resnet
		-f1: 0.781799379524302
		-auroc: 0.7584019075204188
2026-06-13 02:46:40 - __main__ - INFO - WCYKMVHQFDGRLITNEASP encoding is done for binary task with:
	-custom
		-f1: 0.8295505117935025
		-auroc: 0.7470135697363904
	-resnet
		-f1: 0.8328345446772125
		-auroc: 0.7319691046429538
2026-06-13 02:50:30 - __main__ - INFO - WCYKMVHQFDGRLITNEASP encoding is done for binary task with:
	-custom
		-f1: 0.8293986636971047
		-auroc: 0.7472361044839009
	-resnet
		-f1: 0.7664155005382132
		-auroc: 0.7596464278638617
2026-06-13 02:54:18 - __main__ - INFO - WCYKMVHQFDGRLITNEASP encoding is done for binary task with:
	-custom
		-f1: 0.8275245755138516
		-auroc: 0.7462120260846998
	-resnet
		-f1: 0.6686819830713422
		-auroc: 0.7138328715214121
2026-06-13 02:58:07 - __main__ - INFO - WCYKMVHQFDGRLITNEASP encoding is done for binary task with:
	-custom
		-f1: 0.8293775190326914
		-auroc: 0.7497732796459534
	-resnet
		-f1: 0.823585354255825
		-auroc: 0.7702478716190763
2026-06-13 03:01:57 - __main__ - INFO - WCYKMVHQFDGRLITNEASP encoding is done for binary task with:
	-custom
		-f1: 0.832375055285272
		-auroc: 0.7478597598578011
	-resnet
		-f1: 0.8199907450254512
		-auroc: 0.7529766638483583
2026-06-13 03:05:48 - __main__ - INFO - WCYKMVHQFDGRLITNEASP encoding is done for binary task with:
	-custom
		-f1: 0.8280482358195623
		-auroc: 0.7467017420494403
	-resnet
		-f1: 0.7800524934383202
		-auroc: 0.7634316113748044
2026-06-13 03:09:38 - __main__ - INFO - WCYKMVHQFDGRLITNEASP encoding is done for binary task with:
	-custom
		-f1: 0.8307418924922256
		-auroc: 0.7477704669183611
	-resnet
		-f1: 0.7965846308387745
		-auroc: 0.7622763839708012
2026-06-13 03:13:29 - __main__ - INFO - WCYKMVHQFDGRLITNEASP encoding is done for binary task with:
	-custom
		-f1: 0.8331096196868009
		-auroc: 0.7543586116064078
	-resnet
		-f1: 0.6405959031657356
		-auroc: 0.6999868850995197
2026-06-13 03:17:18 - __main__ - INFO - WCYKMVHQFDGRLITNEASP encoding is done for binary task with:
	-custom
		-f1: 0.8311804008908686
		-auroc: 0.7496400378378829
	-resnet
		-f1: 0.8243792325056434
		-auroc: 0.7469682256655812
2026-06-13 03:21:07 - __main__ - INFO - WCYKMVHQFDGRLITNEASP encoding is done for binary task with:
	-custom
		-f1: 0.8289007092198581
		-auroc: 0.7442092133571075
	-resnet
		-f1: 0.8176334106728538
		-auroc: 0.7512403347369068
2026-06-13 03:24:57 - __main__ - INFO - WCYKMVHQFDGRLITNEASP encoding is done for binary task with:
	-custom
		-f1: 0.8295505117935025
		-auroc: 0.7470135697363904
	-resnet
		-f1: 0.8069516204790982
		-auroc: 0.7433155863616197
2026-06-13 03:28:46 - __main__ - INFO - WCYKMVHQFDGRLITNEASP encoding is done for binary task with:
	-custom
		-f1: 0.8336314847942755
		-auroc: 0.7548483275711483
	-resnet
		-f1: 0.8281381634372368
		-auroc: 0.7178580298070993
2026-06-13 03:32:35 - __main__ - INFO - WCYKMVHQFDGRLITNEASP encoding is done for binary task with:
	-custom
		-f1: 0.8289649044868947
		-auroc: 0.7453665335643787
	-resnet
		-f1: 0.8235294117647058
		-auroc: 0.7099786255026216
2026-06-13 03:36:24 - __main__ - INFO - WCYKMVHQFDGRLITNEASP encoding is done for binary task with:
	-custom
		-f1: 0.8322981366459627
		-auroc: 0.7492396148125826
	-resnet
		-f1: 0.8281461434370772
		-auroc: 0.7515535576260355
2026-06-13 03:40:14 - __main__ - INFO - WCYKMVHQFDGRLITNEASP encoding is done for binary task with:
	-custom
		-f1: 0.8310174809502465
		-auroc: 0.752399747747446
	-resnet
		-f1: 0.8076271186440678
		-auroc: 0.6917705394688745
2026-06-13 03:44:03 - __main__ - INFO - WCYKMVHQFDGRLITNEASP encoding is done for binary task with:
	-custom
		-f1: 0.8262032085561497
		-auroc: 0.7431404884881868
	-resnet
		-f1: 0.8217550274223034
		-auroc: 0.7493714614184741
2026-06-13 03:47:51 - __main__ - INFO - WCYKMVHQFDGRLITNEASP encoding is done for binary task with:
	-custom
		-f1: 0.8248337028824834
		-auroc: 0.7389116306844026
	-resnet
		-f1: 0.7451820128479657
		-auroc: 0.7332924539094958
2026-06-13 03:51:41 - __main__ - INFO - WCYKMVHQFDGRLITNEASP encoding is done for binary task with:
	-custom
		-f1: 0.8328267477203647
		-auroc: 0.739580630129112
	-resnet
		-f1: 0.8048543689320389
		-auroc: 0.7564018851971839
2026-06-13 03:55:31 - __main__ - INFO - WCYKMVHQFDGRLITNEASP encoding is done for binary task with:
	-custom
		-f1: 0.8289241622574955
		-auroc: 0.741672038195055
	-resnet
		-f1: 0.7689889994761655
		-auroc: 0.749764908432881
2026-06-13 03:59:20 - __main__ - INFO - WCYKMVHQFDGRLITNEASP encoding is done for binary task with:
	-custom
		-f1: 0.8306595365418895
		-auroc: 0.7491503218731426
	-resnet
		-f1: 0.8164859002169197
		-auroc: 0.7165207285187697
2026-06-13 04:03:10 - __main__ - INFO - WCYKMVHQFDGRLITNEASP encoding is done for binary task with:
	-custom
		-f1: 0.8278322925958965
		-auroc: 0.7457669565896795
	-resnet
		-f1: 0.808294930875576
		-auroc: 0.7357487073451814
2026-06-13 04:07:00 - __main__ - INFO - WCYKMVHQFDGRLITNEASP encoding is done for binary task with:
	-custom
		-f1: 0.8263579697239537
		-auroc: 0.7429179537406765
	-resnet
		-f1: 0.8163265306122449
		-auroc: 0.7493261173476649
2026-06-13 04:10:50 - __main__ - INFO - WCYKMVHQFDGRLITNEASP encoding is done for binary task with:
	-custom
		-f1: 0.8293118856121537
		-auroc: 0.7486159594386823
	-resnet
		-f1: 0.8246356370474848
		-auroc: 0.766375487971962
2026-06-13 04:14:40 - __main__ - INFO - WCYKMVHQFDGRLITNEASP encoding is done for binary task with:
	-custom
		-f1: 0.8336298932384342
		-auroc: 0.7523111524090956
	-resnet
		-f1: 0.5513955071477196
		-auroc: 0.6677081850931018
2026-06-13 04:18:30 - __main__ - INFO - WCYKMVHQFDGRLITNEASP encoding is done for binary task with:
	-custom
		-f1: 0.8296164139161463
		-auroc: 0.7481708899436618
	-resnet
		-f1: 0.7905544147843943
		-auroc: 0.7652579310267851
2026-06-13 04:22:19 - __main__ - INFO - WCYKMVHQFDGRLITNEASP encoding is done for binary task with:
	-custom
		-f1: 0.8271549799017418
		-auroc: 0.7454997753724493
	-resnet
		-f1: 0.8321976149914821
		-auroc: 0.7291647482636707
2026-06-13 04:26:08 - __main__ - INFO - WCYKMVHQFDGRLITNEASP encoding is done for binary task with:
	-custom
		-f1: 0.8262994224788983
		-auroc: 0.7417606335334053
	-resnet
		-f1: 0.8198362147406734
		-auroc: 0.7446528876499494
2026-06-13 04:29:57 - __main__ - INFO - WCYKMVHQFDGRLITNEASP encoding is done for binary task with:
	-custom
		-f1: 0.8297404311482622
		-auroc: 0.7417166846647748
	-resnet
		-f1: 0.8069330765527203
		-auroc: 0.7551113231818422
2026-06-13 04:33:47 - __main__ - INFO - WCYKMVHQFDGRLITNEASP encoding is done for binary task with:
	-custom
		-f1: 0.829052258635961
		-auroc: 0.7439866786095974
	-resnet
		-f1: 0.8183041722745625
		-auroc: 0.73579474901708
2026-06-13 04:37:36 - __main__ - INFO - WCYKMVHQFDGRLITNEASP encoding is done for binary task with:
	-custom
		-f1: 0.825368468066101
		-auroc: 0.7430958420184669
	-resnet
		-f1: 0.8324468085106383
		-auroc: 0.7490170800650723
2026-06-13 04:41:25 - __main__ - INFO - WCYKMVHQFDGRLITNEASP encoding is done for binary task with:
	-custom
		-f1: 0.8284182305630027
		-auroc: 0.7474139927616911
	-resnet
		-f1: 0.7998046875
		-auroc: 0.7529292269742809
2026-06-13 04:45:13 - __main__ - INFO - WCYKMVHQFDGRLITNEASP encoding is done for binary task with:
	-custom
		-f1: 0.8294402820625827
		-auroc: 0.7421617541597954
	-resnet
		-f1: 0.7158252977878616
		-auroc: 0.7299509446913951
2026-06-13 04:49:02 - __main__ - INFO - WCYKMVHQFDGRLITNEASP encoding is done for binary task with:
	-custom
		-f1: 0.8295505117935025
		-auroc: 0.7470135697363904
	-resnet
		-f1: 0.7689873417721519
		-auroc: 0.7530143343071845
2026-06-13 04:52:50 - __main__ - INFO - WCYKMVHQFDGRLITNEASP encoding is done for binary task with:
	-custom
		-f1: 0.8319290465631929
		-auroc: 0.7485273641003318
	-resnet
		-f1: 0.8301535597952536
		-auroc: 0.7687354724573138
2026-06-13 04:56:39 - __main__ - INFO - WCYKMVHQFDGRLITNEASP encoding is done for binary task with:
	-custom
		-f1: 0.8309178743961353
		-auroc: 0.7424735818467454
	-resnet
		-f1: 0.8234767025089605
		-auroc: 0.7420717636192661
2026-06-13 05:00:28 - __main__ - INFO - WCYKMVHQFDGRLITNEASP encoding is done for binary task with:
	-custom
		-f1: 0.8283185840707965
		-auroc: 0.7425621771850959
	-resnet
		-f1: 0.7735849056603774
		-auroc: 0.7552850258530963
2026-06-13 05:04:17 - __main__ - INFO - WCYKMVHQFDGRLITNEASP encoding is done for binary task with:
	-custom
		-f1: 0.8285714285714286
		-auroc: 0.7471914580141809
	-resnet
		-f1: 0.8165959453088166
		-auroc: 0.7574273587985636
2026-06-13 05:08:04 - __main__ - INFO - WCYKMVHQFDGRLITNEASP encoding is done for binary task with:
	-custom
		-f1: 0.8305235137533274
		-auroc: 0.7468356814586001
	-resnet
		-f1: 0.7433628318584071
		-auroc: 0.7471802963967509
2026-06-13 05:11:53 - __main__ - INFO - WCYKMVHQFDGRLITNEASP encoding is done for binary task with:
	-custom
		-f1: 0.8300044385264093
		-auroc: 0.7463459654938596
	-resnet
		-f1: 0.8243123336291038
		-auroc: 0.738421914719662
2026-06-13 05:15:42 - __main__ - INFO - WCYKMVHQFDGRLITNEASP encoding is done for binary task with:
	-custom
		-f1: 0.831639416703491
		-auroc: 0.7464352584332996
	-resnet
		-f1: 0.7199087278950371
		-auroc: 0.7370734518139023
2026-06-13 05:19:31 - __main__ - INFO - WCYKMVHQFDGRLITNEASP encoding is done for binary task with:
	-custom
		-f1: 0.8282828282828283
		-auroc: 0.7388676818157719
	-resnet
		-f1: 0.803960396039604
		-auroc: 0.7644584801783626
2026-06-13 05:23:19 - __main__ - INFO - WCYKMVHQFDGRLITNEASP encoding is done for binary task with:
	-custom
		-f1: 0.8301382077574677
		-auroc: 0.748660605908402
	-resnet
		-f1: 0.7938144329896907
		-auroc: 0.7709559367247908
2026-06-13 05:27:09 - __main__ - INFO - WCYKMVHQFDGRLITNEASP encoding is done for binary task with:
	-custom
		-f1: 0.8313622426631625
		-auroc: 0.7418059776042147
	-resnet
		-f1: 0.8139946855624446
		-auroc: 0.7235532451007476
2026-06-13 05:30:56 - __main__ - INFO - WCYKMVHQFDGRLITNEASP encoding is done for binary task with:
	-custom
		-f1: 0.8307280035730237
		-auroc: 0.750307642080414
	-resnet
		-f1: 0.82638570774164
		-auroc: 0.7565386150107012
2026-06-13 05:34:45 - __main__ - INFO - WCYKMVHQFDGRLITNEASP encoding is done for binary task with:
	-custom
		-f1: 0.8272807794508414
		-auroc: 0.741582745255615
	-resnet
		-f1: 0.8177570093457944
		-auroc: 0.7547122953587204
2026-06-13 05:38:32 - __main__ - INFO - WCYKMVHQFDGRLITNEASP encoding is done for binary task with:
	-custom
		-f1: 0.8342958685028876
		-auroc: 0.7525783336263256
	-resnet
		-f1: 0.7830845771144279
		-auroc: 0.7415318203760908
2026-06-13 05:42:20 - __main__ - INFO - WCYKMVHQFDGRLITNEASP encoding is done for binary task with:
	-custom
		-f1: 0.8288770053475936
		-auroc: 0.7467463885191604
	-resnet
		-f1: 0.7658227848101266
		-auroc: 0.749408434276211
2026-06-13 05:46:08 - __main__ - INFO - WCYKMVHQFDGRLITNEASP encoding is done for binary task with:
	-custom
		-f1: 0.827525363917071
		-auroc: 0.7399803555533231
	-resnet
		-f1: 0.7915831663326653
		-auroc: 0.7551092303785741
2026-06-13 05:49:56 - __main__ - INFO - WCYKMVHQFDGRLITNEASP encoding is done for binary task with:
	-custom
		-f1: 0.8329621380846325
		-auroc: 0.7520439711918654
	-resnet
		-f1: 0.7116912599318955
		-auroc: 0.7258553286956813
2026-06-13 05:53:43 - __main__ - INFO - WCYKMVHQFDGRLITNEASP encoding is done for binary task with:
	-custom
		-f1: 0.8304405874499332
		-auroc: 0.7482155364133817
	-resnet
		-f1: 0.8122020972354623
		-auroc: 0.7569815917024536
2026-06-13 05:57:32 - __main__ - INFO - WCYKMVHQFDGRLITNEASP encoding is done for binary task with:
	-custom
		-f1: 0.8320779796189632
		-auroc: 0.7483048293528214
	-resnet
		-f1: 0.7495908346972177
		-auroc: 0.7474035287453505
2026-06-13 06:01:20 - __main__ - INFO - WCYKMVHQFDGRLITNEASP encoding is done for binary task with:
	-custom
		-f1: 0.8315789473684211
		-auroc: 0.7427407630639755
	-resnet
		-f1: 0.693069306930693
		-auroc: 0.7194436770832461
2026-06-13 06:05:09 - __main__ - INFO - WCYKMVHQFDGRLITNEASP encoding is done for binary task with:
	-custom
		-f1: 0.8298533984895602
		-auroc: 0.7465685002413699
	-resnet
		-f1: 0.7481081081081081
		-auroc: 0.7413051000220442
2026-06-13 06:09:00 - __main__ - INFO - WCYKMVHQFDGRLITNEASP encoding is done for binary task with:
	-custom
		-f1: 0.830238726790451
		-auroc: 0.7447435757915679
	-resnet
		-f1: 0.7673555908850026
		-auroc: 0.7534147573324852
2026-06-13 06:12:48 - __main__ - INFO - WCYKMVHQFDGRLITNEASP encoding is done for binary task with:
	-custom
		-f1: 0.8300711743772242
		-auroc: 0.7475032857011308
	-resnet
		-f1: 0.8273674671499773
		-auroc: 0.7526662313635869
2026-06-13 06:16:36 - __main__ - INFO - WCYKMVHQFDGRLITNEASP encoding is done for binary task with:
	-custom
		-f1: 0.8296164139161463
		-auroc: 0.7481708899436618
	-resnet
		-f1: 0.8250950570342205
		-auroc: 0.771939554260808
2026-06-13 06:20:26 - __main__ - INFO - WCYKMVHQFDGRLITNEASP encoding is done for binary task with:
	-custom
		-f1: 0.8273413226808699
		-auroc: 0.7427400654628862
	-resnet
		-f1: 0.7381351200446677
		-auroc: 0.7460669250581102
2026-06-13 06:24:15 - __main__ - INFO - WCYKMVHQFDGRLITNEASP encoding is done for binary task with:
	-custom
		-f1: 0.8303886925795053
		-auroc: 0.7445210410440577
	-resnet
		-f1: 0.8341191598799829
		-auroc: 0.7350406422394669
2026-06-13 06:28:04 - __main__ - INFO - WCYKMVHQFDGRLITNEASP encoding is done for binary task with:
	-custom
		-f1: 0.8267611874169252
		-auroc: 0.7410930292908746
	-resnet
		-f1: 0.7160356347438753
		-auroc: 0.7208702713110157
2026-06-13 06:31:52 - __main__ - INFO - WCYKMVHQFDGRLITNEASP encoding is done for binary task with:
	-custom
		-f1: 0.8302051505892624
		-auroc: 0.7385119052601913
	-resnet
		-f1: 0.8149197355996223
		-auroc: 0.7559582109043423
2026-06-13 06:35:41 - __main__ - INFO - WCYKMVHQFDGRLITNEASP encoding is done for binary task with:
	-custom
		-f1: 0.8331846565566459
		-auroc: 0.7529787566516264
	-resnet
		-f1: 0.8240574506283662
		-auroc: 0.7437187997912778
2026-06-13 06:39:29 - __main__ - INFO - WCYKMVHQFDGRLITNEASP encoding is done for binary task with:
	-custom
		-f1: 0.8330373001776199
		-auroc: 0.750664116237084
	-resnet
		-f1: 0.8235294117647058
		-auroc: 0.7136731208719456
2026-06-13 06:43:17 - __main__ - INFO - WCYKMVHQFDGRLITNEASP encoding is done for binary task with:
	-custom
		-f1: 0.8286852589641435
		-auroc: 0.7432744278973467
	-resnet
		-f1: 0.8334069818824569
		-auroc: 0.7488391917872819
2026-06-13 06:47:04 - __main__ - INFO - WCYKMVHQFDGRLITNEASP encoding is done for binary task with:
	-custom
		-f1: 0.8238938053097346
		-auroc: 0.73655234380014
	-resnet
		-f1: 0.8068592057761733
		-auroc: 0.7234186080904985
2026-06-13 06:50:54 - __main__ - INFO - WCYKMVHQFDGRLITNEASP encoding is done for binary task with:
	-custom
		-f1: 0.8303886925795053
		-auroc: 0.7445210410440577
	-resnet
		-f1: 0.827220503756076
		-auroc: 0.7404254250483437
2026-06-13 06:54:43 - __main__ - INFO - WCYKMVHQFDGRLITNEASP encoding is done for binary task with:
	-custom
		-f1: 0.8322207387627948
		-auroc: 0.7506194697673639
	-resnet
		-f1: 0.8226514486391572
		-auroc: 0.7309436310415742
2026-06-13 06:58:31 - __main__ - INFO - WCYKMVHQFDGRLITNEASP encoding is done for binary task with:
	-custom
		-f1: 0.8325912733748887
		-auroc: 0.7513317204796148
	-resnet
		-f1: 0.8050314465408805
		-auroc: 0.7550220302424024
2026-06-13 07:02:21 - __main__ - INFO - WCYKMVHQFDGRLITNEASP encoding is done for binary task with:
	-custom
		-f1: 0.8272807794508414
		-auroc: 0.741582745255615
	-resnet
		-f1: 0.7945205479452054
		-auroc: 0.7645017314459039
2026-06-13 07:06:12 - __main__ - INFO - WCYKMVHQFDGRLITNEASP encoding is done for binary task with:
	-custom
		-f1: 0.8283813747228381
		-auroc: 0.7437194973923671
	-resnet
		-f1: 0.8226623675725472
		-auroc: 0.7542679234647893
2026-06-13 07:10:02 - __main__ - INFO - WCYKMVHQFDGRLITNEASP encoding is done for binary task with:
	-custom
		-f1: 0.8282647584973166
		-auroc: 0.7476365275092014
	-resnet
		-f1: 0.7785787847579815
		-auroc: 0.752703901822413
2026-06-13 07:13:52 - __main__ - INFO - WCYKMVHQFDGRLITNEASP encoding is done for binary task with:
	-custom
		-f1: 0.8300536672629696
		-auroc: 0.7500404608631838
	-resnet
		-f1: 0.8241610738255034
		-auroc: 0.7423389448364963
2026-06-13 07:17:42 - __main__ - INFO - WCYKMVHQFDGRLITNEASP encoding is done for binary task with:
	-custom
		-f1: 0.8262032085561497
		-auroc: 0.7431404884881868
	-resnet
		-f1: 0.74877916440586
		-auroc: 0.7438869216538169
2026-06-13 07:21:34 - __main__ - INFO - WCYKMVHQFDGRLITNEASP encoding is done for binary task with:
	-custom
		-f1: 0.8348056537102474
		-auroc: 0.7505308744290136
	-resnet
		-f1: 0.7946884576098059
		-auroc: 0.7677511573202073
2026-06-13 07:25:24 - __main__ - INFO - WCYKMVHQFDGRLITNEASP encoding is done for binary task with:
	-custom
		-f1: 0.8280764104842292
		-auroc: 0.7441645668873877
	-resnet
		-f1: 0.7931034482758621
		-auroc: 0.7215915908374282
2026-06-13 07:29:12 - __main__ - INFO - WCYKMVHQFDGRLITNEASP encoding is done for binary task with:
	-custom
		-f1: 0.8365896980461812
		-auroc: 0.7554719829450486
	-resnet
		-f1: 0.7888607594936708
		-auroc: 0.7568448618889363
2026-06-13 07:33:02 - __main__ - INFO - WCYKMVHQFDGRLITNEASP encoding is done for binary task with:
	-custom
		-f1: 0.8289649044868947
		-auroc: 0.7453665335643787
	-resnet
		-f1: 0.8240942819729375
		-auroc: 0.730098138521253
2026-06-13 07:36:51 - __main__ - INFO - WCYKMVHQFDGRLITNEASP encoding is done for binary task with:
	-custom
		-f1: 0.8307692307692308
		-auroc: 0.7426961165942556
	-resnet
		-f1: 0.7917711991971902
		-auroc: 0.7560440158383351
2026-06-13 07:40:42 - __main__ - INFO - WCYKMVHQFDGRLITNEASP encoding is done for binary task with:
	-custom
		-f1: 0.8287098194627918
		-auroc: 0.7407372527352938
	-resnet
		-f1: 0.8283676038606799
		-auroc: 0.7162556401048077
2026-06-13 07:44:32 - __main__ - INFO - WCYKMVHQFDGRLITNEASP encoding is done for binary task with:
	-custom
		-f1: 0.829682610639249
		-auroc: 0.749328210150933
	-resnet
		-f1: 0.8289719626168224
		-auroc: 0.7691358954826144
2026-06-13 07:48:20 - __main__ - INFO - WCYKMVHQFDGRLITNEASP encoding is done for binary task with:
	-custom
		-f1: 0.8291830493665356
		-auroc: 0.7375324733307105
	-resnet
		-f1: 0.8123167155425219
		-auroc: 0.7687773285226762
2026-06-13 07:52:10 - __main__ - INFO - WCYKMVHQFDGRLITNEASP encoding is done for binary task with:
	-custom
		-f1: 0.8302055406613047
		-auroc: 0.7498179261156734
	-resnet
		-f1: 0.7479849543256314
		-auroc: 0.738278208895251
2026-06-13 07:56:00 - __main__ - INFO - WCYKMVHQFDGRLITNEASP encoding is done for binary task with:
	-custom
		-f1: 0.8292898103220114
		-auroc: 0.7423842889073056
	-resnet
		-f1: 0.7941767068273092
		-auroc: 0.7591601999045681
2026-06-13 07:59:49 - __main__ - INFO - WCYKMVHQFDGRLITNEASP encoding is done for binary task with:
	-custom
		-f1: 0.8284075871195412
		-auroc: 0.7411823222303144
	-resnet
		-f1: 0.8278457196613358
		-auroc: 0.7706936387151863
2026-06-13 08:03:39 - __main__ - INFO - WCYKMVHQFDGRLITNEASP encoding is done for binary task with:
	-custom
		-f1: 0.8329679964927663
		-auroc: 0.7444324457057072
	-resnet
		-f1: 0.8075737560546015
		-auroc: 0.711890052487506
2026-06-13 08:07:28 - __main__ - INFO - WCYKMVHQFDGRLITNEASP encoding is done for binary task with:
	-custom
		-f1: 0.8271276595744681
		-auroc: 0.7418052800031253
	-resnet
		-f1: 0.8321033210332104
		-auroc: 0.7672223756944619
2026-06-13 08:11:17 - __main__ - INFO - WCYKMVHQFDGRLITNEASP encoding is done for binary task with:
	-custom
		-f1: 0.8291167332445628
		-auroc: 0.7451439988168685
	-resnet
		-f1: 0.8231653404067197
		-auroc: 0.7351278423756387
2026-06-13 08:15:06 - __main__ - INFO - WCYKMVHQFDGRLITNEASP encoding is done for binary task with:
	-custom
		-f1: 0.8325231992929739
		-auroc: 0.7476372251102906
	-resnet
		-f1: 0.8313518273888155
		-auroc: 0.7443431527662673
2026-06-13 08:18:55 - __main__ - INFO - WCYKMVHQFDGRLITNEASP encoding is done for binary task with:
	-custom
		-f1: 0.8314410480349345
		-auroc: 0.7404261226494332
	-resnet
		-f1: 0.8140382862351869
		-auroc: 0.7378861570830229
2026-06-13 08:22:44 - __main__ - INFO - WCYKMVHQFDGRLITNEASP encoding is done for binary task with:
	-custom
		-f1: 0.8293986636971047
		-auroc: 0.7472361044839009
	-resnet
		-f1: 0.7911749615187276
		-auroc: 0.7657476469915255
2026-06-13 08:26:34 - __main__ - INFO - WCYKMVHQFDGRLITNEASP encoding is done for binary task with:
	-custom
		-f1: 0.828104286345559
		-auroc: 0.741627391725335
	-resnet
		-f1: 0.8201982067012742
		-auroc: 0.7624577602540384
2026-06-13 08:30:23 - __main__ - INFO - WCYKMVHQFDGRLITNEASP encoding is done for binary task with:
	-custom
		-f1: 0.82792352156514
		-auroc: 0.7443871016348979
	-resnet
		-f1: 0.8300764655904843
		-auroc: 0.7248912439901666
2026-06-13 08:34:29 - __main__ - INFO - WCYKMVHQFDGRLITNEASP encoding is done for binary task with:
	-custom
		-f1: 0.8319290465631929
		-auroc: 0.7485273641003318
	-resnet
		-f1: 0.7784241142252777
		-auroc: 0.764989354607376
2026-06-13 08:38:20 - __main__ - INFO - WCYKMVHQFDGRLITNEASP encoding is done for binary task with:
	-custom
		-f1: 0.8285077951002228
		-auroc: 0.7460341378069095
	-resnet
		-f1: 0.8233719892952721
		-auroc: 0.7397571232047235
2026-06-13 08:42:09 - __main__ - INFO - WCYKMVHQFDGRLITNEASP encoding is done for binary task with:
	-custom
		-f1: 0.8307017543859649
		-auroc: 0.7415387963869845
	-resnet
		-f1: 0.8307267709291628
		-auroc: 0.7641508380979488
2026-06-13 08:45:59 - __main__ - INFO - WCYKMVHQFDGRLITNEASP encoding is done for binary task with:
	-custom
		-f1: 0.8280141843971631
		-auroc: 0.7430072466801164
	-resnet
		-f1: 0.7795726941115164
		-auroc: 0.7594699347882501
2026-06-13 08:49:48 - __main__ - INFO - WCYKMVHQFDGRLITNEASP encoding is done for binary task with:
	-custom
		-f1: 0.8267370272647317
		-auroc: 0.7373985339215506
	-resnet
		-f1: 0.7597402597402597
		-auroc: 0.7547492682164573
2026-06-13 08:53:37 - __main__ - INFO - WCYKMVHQFDGRLITNEASP encoding is done for binary task with:
	-custom
		-f1: 0.8272484416740873
		-auroc: 0.7441199204176676
	-resnet
		-f1: 0.8188405797101449
		-auroc: 0.7411362805584156
2026-06-13 08:57:27 - __main__ - INFO - WCYKMVHQFDGRLITNEASP encoding is done for binary task with:
	-custom
		-f1: 0.8290941543953592
		-auroc: 0.7476811739789213
	-resnet
		-f1: 0.8169838945827232
		-auroc: 0.7738523764478711
2026-06-13 09:01:17 - __main__ - INFO - WCYKMVHQFDGRLITNEASP encoding is done for binary task with:
	-custom
		-f1: 0.8282290279627164
		-auroc: 0.7439420321398774
	-resnet
		-f1: 0.7963800904977375
		-auroc: 0.7624989187183114
2026-06-13 09:05:05 - __main__ - INFO - WCYKMVHQFDGRLITNEASP encoding is done for binary task with:
	-custom
		-f1: 0.8270342374388617
		-auroc: 0.7431851349579068
	-resnet
		-f1: 0.8043390920048212
		-auroc: 0.6575845980841084
2026-06-13 09:08:53 - __main__ - INFO - WCYKMVHQFDGRLITNEASP encoding is done for binary task with:
	-custom
		-f1: 0.8291167332445628
		-auroc: 0.7451439988168685
	-resnet
		-f1: 0.7810650887573964
		-auroc: 0.7347211409405338
2026-06-13 09:12:41 - __main__ - INFO - WCYKMVHQFDGRLITNEASP encoding is done for binary task with:
	-custom
		-f1: 0.828104286345559
		-auroc: 0.741627391725335
	-resnet
		-f1: 0.8245048364808844
		-auroc: 0.7566718568187716
2026-06-13 09:16:31 - __main__ - INFO - WCYKMVHQFDGRLITNEASP encoding is done for binary task with:
	-custom
		-f1: 0.8301552106430156
		-auroc: 0.7461234307463496
	-resnet
		-f1: 0.827115559599636
		-auroc: 0.7542686210658787
2026-06-13 09:20:20 - __main__ - INFO - WCYKMVHQFDGRLITNEASP encoding is done for binary task with:
	-custom
		-f1: 0.8262994224788983
		-auroc: 0.7417606335334053
	-resnet
		-f1: 0.7900744416873449
		-auroc: 0.7487882669077577
2026-06-13 09:24:09 - __main__ - INFO - WCYKMVHQFDGRLITNEASP encoding is done for binary task with:
	-custom
		-f1: 0.8334817453250223
		-auroc: 0.7525336871566058
	-resnet
		-f1: 0.810942843185149
		-auroc: 0.7668631111334343
2026-06-13 09:27:58 - __main__ - INFO - WCYKMVHQFDGRLITNEASP encoding is done for binary task with:
	-custom
		-f1: 0.8291167332445628
		-auroc: 0.7451439988168685
	-resnet
		-f1: 0.821626617375231
		-auroc: 0.7544458117425796
2026-06-13 09:31:48 - __main__ - INFO - WCYKMVHQFDGRLITNEASP encoding is done for binary task with:
	-custom
		-f1: 0.828988068935042
		-auroc: 0.7428293584023262
	-resnet
		-f1: 0.8336148648648649
		-auroc: 0.7269394007885683
2026-06-13 09:35:37 - __main__ - INFO - WCYKMVHQFDGRLITNEASP encoding is done for binary task with:
	-custom
		-f1: 0.8317265556529361
		-auroc: 0.7425182283164653
	-resnet
		-f1: 0.7963891675025075
		-auroc: 0.7613415985110402
2026-06-13 09:39:27 - __main__ - INFO - WCYKMVHQFDGRLITNEASP encoding is done for binary task with:
	-custom
		-f1: 0.8290062667860341
		-auroc: 0.7490610289337029
	-resnet
		-f1: 0.7887606623181134
		-auroc: 0.7524381158073618
2026-06-13 09:43:17 - __main__ - INFO - WCYKMVHQFDGRLITNEASP encoding is done for binary task with:
	-custom
		-f1: 0.8266666666666667
		-auroc: 0.742472884245656
	-resnet
		-f1: 0.8098006644518272
		-auroc: 0.6840257721746459
2026-06-13 09:47:07 - __main__ - INFO - WCYKMVHQFDGRLITNEASP encoding is done for binary task with:
	-custom
		-f1: 0.8265715559518502
		-auroc: 0.7438527392004375
	-resnet
		-f1: 0.8083657587548638
		-auroc: 0.761654821400169
2026-06-13 09:50:57 - __main__ - INFO - WCYKMVHQFDGRLITNEASP encoding is done for binary task with:
	-custom
		-f1: 0.8297872340425532
		-auroc: 0.7454111800340987
	-resnet
		-f1: 0.8064674179323861
		-auroc: 0.7627228486680006
2026-06-13 09:54:47 - __main__ - INFO - WCYKMVHQFDGRLITNEASP encoding is done for binary task with:
	-custom
		-f1: 0.8317008014247551
		-auroc: 0.7501297538026235
	-resnet
		-f1: 0.804935927859516
		-auroc: 0.7457634685842325
2026-06-13 09:58:37 - __main__ - INFO - WCYKMVHQFDGRLITNEASP encoding is done for binary task with:
	-custom
		-f1: 0.8245299910474485
		-auroc: 0.7430511955487471
	-resnet
		-f1: 0.8122962272938985
		-auroc: 0.746120640341992
2026-06-13 10:02:26 - __main__ - INFO - WCYKMVHQFDGRLITNEASP encoding is done for binary task with:
	-custom
		-f1: 0.8307418924922256
		-auroc: 0.7477704669183611
	-resnet
		-f1: 0.817013735046522
		-auroc: 0.7278713958439718
2026-06-13 10:06:16 - __main__ - INFO - WCYKMVHQFDGRLITNEASP encoding is done for binary task with:
	-custom
		-f1: 0.8299198575244879
		-auroc: 0.7477258204486413
	-resnet
		-f1: 0.7615507169410515
		-auroc: 0.7478499934425498
2026-06-13 10:10:05 - __main__ - INFO - WCYKMVHQFDGRLITNEASP encoding is done for binary task with:
	-custom
		-f1: 0.8280365694383979
		-auroc: 0.7342384009866869
	-resnet
		-f1: 0.8159851301115242
		-auroc: 0.7497711868426854
2026-06-13 10:13:53 - __main__ - INFO - WCYKMVHQFDGRLITNEASP encoding is done for binary task with:
	-custom
		-f1: 0.8319928507596068
		-auroc: 0.7522218594696557
	-resnet
		-f1: 0.8009708737864077
		-auroc: 0.7515940184892194
2026-06-13 10:17:42 - __main__ - INFO - WCYKMVHQFDGRLITNEASP encoding is done for binary task with:
	-custom
		-f1: 0.8305084745762712
		-auroc: 0.749372856620653
	-resnet
		-f1: 0.7870036101083032
		-auroc: 0.7632544206981033
2026-06-13 10:21:31 - __main__ - INFO - WCYKMVHQFDGRLITNEASP encoding is done for binary task with:
	-custom
		-f1: 0.8257372654155496
		-auroc: 0.7438080927307177
	-resnet
		-f1: 0.8186046511627907
		-auroc: 0.7535996216211691
2026-06-13 10:25:20 - __main__ - INFO - WCYKMVHQFDGRLITNEASP encoding is done for binary task with:
	-custom
		-f1: 0.824360105913504
		-auroc: 0.7358847395576091
	-resnet
		-f1: 0.7446924333151878
		-auroc: 0.7409486258653741
2026-06-13 10:29:09 - __main__ - INFO - WCYKMVHQFDGRLITNEASP encoding is done for binary task with:
	-custom
		-f1: 0.8296101620674551
		-auroc: 0.7394020442502325
	-resnet
		-f1: 0.8102710413694721
		-auroc: 0.7534203381412
2026-06-13 10:32:57 - __main__ - INFO - WCYKMVHQFDGRLITNEASP encoding is done for binary task with:
	-custom
		-f1: 0.835465372739303
		-auroc: 0.7507980556462437
	-resnet
		-f1: 0.829535864978903
		-auroc: 0.7207070326561023
2026-06-13 10:36:46 - __main__ - INFO - WCYKMVHQFDGRLITNEASP encoding is done for binary task with:
	-custom
		-f1: 0.8297872340425532
		-auroc: 0.7454111800340987
	-resnet
		-f1: 0.8277703604806409
		-auroc: 0.7446096363824082
2026-06-13 10:40:34 - __main__ - INFO - WCYKMVHQFDGRLITNEASP encoding is done for binary task with:
	-custom
		-f1: 0.8260481712756468
		-auroc: 0.7433630232356971
	-resnet
		-f1: 0.8138686131386861
		-auroc: 0.7381086918305332
2026-06-13 10:44:24 - __main__ - INFO - WCYKMVHQFDGRLITNEASP encoding is done for binary task with:
	-custom
		-f1: 0.8268206039076377
		-auroc: 0.7422503494981457
	-resnet
		-f1: 0.7671816728822589
		-auroc: 0.7557293977470275
2026-06-13 10:48:14 - __main__ - INFO - WCYKMVHQFDGRLITNEASP encoding is done for binary task with:
	-custom
		-f1: 0.8306595365418895
		-auroc: 0.7491503218731426
	-resnet
		-f1: 0.8254545454545454
		-auroc: 0.7516421529643861
2026-06-13 10:52:02 - __main__ - INFO - WCYKMVHQFDGRLITNEASP encoding is done for binary task with:
	-custom
		-f1: 0.8328912466843501
		-auroc: 0.7483494758225415
	-resnet
		-f1: 0.7033849684452094
		-auroc: 0.7225605587505685
2026-06-13 10:55:52 - __main__ - INFO - WCYKMVHQFDGRLITNEASP encoding is done for binary task with:
	-custom
		-f1: 0.8286852589641435
		-auroc: 0.7432744278973467
	-resnet
		-f1: 0.8110091743119267
		-auroc: 0.7370399669616124
2026-06-13 10:59:42 - __main__ - INFO - WCYKMVHQFDGRLITNEASP encoding is done for binary task with:
	-custom
		-f1: 0.8344370860927153
		-auroc: 0.7498186237167628
	-resnet
		-f1: 0.8087744396757273
		-auroc: 0.7528859757067399
2026-06-13 11:03:32 - __main__ - INFO - WCYKMVHQFDGRLITNEASP encoding is done for binary task with:
	-custom
		-f1: 0.8286353467561521
		-auroc: 0.7483487782214521
	-resnet
		-f1: 0.7776628748707343
		-auroc: 0.7535940408124541
2026-06-13 11:07:22 - __main__ - INFO - WCYKMVHQFDGRLITNEASP encoding is done for binary task with:
	-custom
		-f1: 0.8292682926829268
		-auroc: 0.7449214640693582
	-resnet
		-f1: 0.8159480760315253
		-auroc: 0.7486138666354142
2026-06-13 11:11:12 - __main__ - INFO - WCYKMVHQFDGRLITNEASP encoding is done for binary task with:
	-custom
		-f1: 0.8300711743772242
		-auroc: 0.7475032857011308
	-resnet
		-f1: 0.8028571428571428
		-auroc: 0.7447393901850317
2026-06-13 11:15:02 - __main__ - INFO - WCYKMVHQFDGRLITNEASP encoding is done for binary task with:
	-custom
		-f1: 0.8259902091677792
		-auroc: 0.7422057030284259
	-resnet
		-f1: 0.8091976516634051
		-auroc: 0.765393963239213
2026-06-13 11:18:53 - __main__ - INFO - WCYKMVHQFDGRLITNEASP encoding is done for binary task with:
	-custom
		-f1: 0.8270004470272687
		-auroc: 0.7457223101199594
	-resnet
		-f1: 0.8049907578558225
		-auroc: 0.7328104115567387
2026-06-13 11:22:42 - __main__ - INFO - WCYKMVHQFDGRLITNEASP encoding is done for binary task with:
	-custom
		-f1: 0.8328159645232815
		-auroc: 0.749729330777323
	-resnet
		-f1: 0.8316571928290337
		-auroc: 0.7413609081091942
2026-06-13 11:26:32 - __main__ - INFO - WCYKMVHQFDGRLITNEASP encoding is done for binary task with:
	-custom
		-f1: 0.8321554770318021
		-auroc: 0.7469249743980401
	-resnet
		-f1: 0.8091743119266055
		-auroc: 0.7346360336076301
2026-06-13 11:30:21 - __main__ - INFO - WCYKMVHQFDGRLITNEASP encoding is done for binary task with:
	-custom
		-f1: 0.8305531167690957
		-auroc: 0.7417613311344946
	-resnet
		-f1: 0.8276169265033407
		-auroc: 0.7448321711299184
2026-06-13 11:34:11 - __main__ - INFO - WCYKMVHQFDGRLITNEASP encoding is done for binary task with:
	-custom
		-f1: 0.8294642857142858
		-auroc: 0.7483934246911721
	-resnet
		-f1: 0.6941176470588235
		-auroc: 0.7255421058065523
2026-06-13 11:38:00 - __main__ - INFO - WCYKMVHQFDGRLITNEASP encoding is done for binary task with:
	-custom
		-f1: 0.8308237378210807
		-auroc: 0.7463906119635797
	-resnet
		-f1: 0.8222222222222222
		-auroc: 0.7364630508607003
2026-06-13 11:41:48 - __main__ - INFO - WCYKMVHQFDGRLITNEASP encoding is done for binary task with:
	-custom
		-f1: 0.8303571428571429
		-auroc: 0.7495953913681632
	-resnet
		-f1: 0.6901822457378013
		-auroc: 0.7212239550633283
2026-06-13 11:45:38 - __main__ - INFO - WCYKMVHQFDGRLITNEASP encoding is done for binary task with:
	-custom
		-f1: 0.8295505117935025
		-auroc: 0.7470135697363904
	-resnet
		-f1: 0.8044856167723062
		-auroc: 0.7580042748994757
2026-06-13 11:49:26 - __main__ - INFO - WCYKMVHQFDGRLITNEASP encoding is done for binary task with:
	-custom
		-f1: 0.829682610639249
		-auroc: 0.749328210150933
	-resnet
		-f1: 0.8149171270718232
		-auroc: 0.7439399393366093
2026-06-13 11:53:15 - __main__ - INFO - WCYKMVHQFDGRLITNEASP encoding is done for binary task with:
	-custom
		-f1: 0.8330373001776199
		-auroc: 0.750664116237084
	-resnet
		-f1: 0.8229618909792571
		-auroc: 0.7759898261857126
2026-06-13 11:57:04 - __main__ - INFO - WCYKMVHQFDGRLITNEASP encoding is done for binary task with:
	-custom
		-f1: 0.8305676855895197
		-auroc: 0.7392241559724421
	-resnet
		-f1: 0.8215297450424929
		-auroc: 0.7643719776432802
2026-06-13 12:00:54 - __main__ - INFO - WCYKMVHQFDGRLITNEASP encoding is done for binary task with:
	-custom
		-f1: 0.8296164139161463
		-auroc: 0.7481708899436618
	-resnet
		-f1: 0.805940594059406
		-auroc: 0.766862413532345
2026-06-13 12:04:43 - __main__ - INFO - WCYKMVHQFDGRLITNEASP encoding is done for binary task with:
	-custom
		-f1: 0.827708703374778
		-auroc: 0.743452316175137
	-resnet
		-f1: 0.8190836088804913
		-auroc: 0.7614783283245576
2026-06-13 12:08:32 - __main__ - INFO - WCYKMVHQFDGRLITNEASP encoding is done for binary task with:
	-custom
		-f1: 0.827220503756076
		-auroc: 0.7404254250483437
	-resnet
		-f1: 0.7280799112097669
		-auroc: 0.7322223338383964
2026-06-13 12:12:21 - __main__ - INFO - WCYKMVHQFDGRLITNEASP encoding is done for binary task with:
	-custom
		-f1: 0.8287488908606921
		-auroc: 0.7444317481046179
	-resnet
		-f1: 0.8131974769529354
		-auroc: 0.7665073345778537
2026-06-13 12:16:12 - __main__ - INFO - WCYKMVHQFDGRLITNEASP encoding is done for binary task with:
	-custom
		-f1: 0.8292035398230089
		-auroc: 0.743764143862087
	-resnet
		-f1: 0.7716535433070866
		-auroc: 0.7538158779588751
2026-06-13 12:20:01 - __main__ - INFO - WCYKMVHQFDGRLITNEASP encoding is done for binary task with:
	-custom
		-f1: 0.8255659121171771
		-auroc: 0.740336132108904
	-resnet
		-f1: 0.8100664767331434
		-auroc: 0.7524855526814391
2026-06-13 12:23:51 - __main__ - INFO - WCYKMVHQFDGRLITNEASP encoding is done for binary task with:
	-custom
		-f1: 0.8294849023090586
		-auroc: 0.7458562495291192
	-resnet
		-f1: 0.7927927927927928
		-auroc: 0.756088662308055
2026-06-13 12:27:40 - __main__ - INFO - WCYKMVHQFDGRLITNEASP encoding is done for binary task with:
	-custom
		-f1: 0.8335540838852097
		-auroc: 0.7486166570397715
	-resnet
		-f1: 0.7982541222114452
		-auroc: 0.7477655837107355
2026-06-13 12:31:30 - __main__ - INFO - WCYKMVHQFDGRLITNEASP encoding is done for binary task with:
	-custom
		-f1: 0.827433628318584
		-auroc: 0.7413602105081047
	-resnet
		-f1: 0.5332409972299169
		-auroc: 0.6614751193595464
2026-06-13 12:35:19 - __main__ - INFO - WCYKMVHQFDGRLITNEASP encoding is done for binary task with:
	-custom
		-f1: 0.8345195729537367
		-auroc: 0.7535131190860868
	-resnet
		-f1: 0.8162588137702198
		-auroc: 0.6927067201308141
2026-06-13 12:39:09 - __main__ - INFO - WCYKMVHQFDGRLITNEASP encoding is done for binary task with:
	-custom
		-f1: 0.8292465448060633
		-auroc: 0.7474586392314111
	-resnet
		-f1: 0.7861858811579482
		-auroc: 0.7551085327774848
2026-06-13 12:42:58 - __main__ - INFO - WCYKMVHQFDGRLITNEASP encoding is done for binary task with:
	-custom
		-f1: 0.8227454464682363
		-auroc: 0.7369527668254408
	-resnet
		-f1: 0.8275237664101404
		-auroc: 0.7524436966160767
2026-06-13 12:46:46 - __main__ - INFO - WCYKMVHQFDGRLITNEASP encoding is done for binary task with:
	-custom
		-f1: 0.8332588287885561
		-auroc: 0.7541360768588977
	-resnet
		-f1: 0.8157072735385988
		-auroc: 0.7296516738240537
2026-06-13 12:50:36 - __main__ - INFO - WCYKMVHQFDGRLITNEASP encoding is done for binary task with:
	-custom
		-f1: 0.827708703374778
		-auroc: 0.743452316175137
	-resnet
		-f1: 0.7864028411973617
		-auroc: 0.7548859980299746
2026-06-13 12:54:26 - __main__ - INFO - WCYKMVHQFDGRLITNEASP encoding is done for binary task with:
	-custom
		-f1: 0.8281938325991189
		-auroc: 0.7402475367705534
	-resnet
		-f1: 0.809477756286267
		-auroc: 0.7603196129151075
2026-06-13 12:58:14 - __main__ - INFO - WCYKMVHQFDGRLITNEASP encoding is done for binary task with:
	-custom
		-f1: 0.8303730017761989
		-auroc: 0.7470582162061103
	-resnet
		-f1: 0.7932960893854749
		-auroc: 0.763522299516423
2026-06-13 13:02:03 - __main__ - INFO - WCYKMVHQFDGRLITNEASP encoding is done for binary task with:
	-custom
		-f1: 0.8241563055062167
		-auroc: 0.7386444494671723
	-resnet
		-f1: 0.8154292824554127
		-auroc: 0.691504753453823
2026-06-13 13:05:51 - __main__ - INFO - WCYKMVHQFDGRLITNEASP encoding is done for binary task with:
	-custom
		-f1: 0.8305235137533274
		-auroc: 0.7468356814586001
	-resnet
		-f1: 0.642190416925949
		-auroc: 0.7028358879485226
2026-06-13 13:09:39 - __main__ - INFO - WCYKMVHQFDGRLITNEASP encoding is done for binary task with:
	-custom
		-f1: 0.8299737072743207
		-auroc: 0.7401142949624829
	-resnet
		-f1: 0.7211267605633803
		-auroc: 0.7322216362373073
2026-06-13 13:13:29 - __main__ - INFO - WCYKMVHQFDGRLITNEASP encoding is done for binary task with:
	-custom
		-f1: 0.8321678321678322
		-auroc: 0.7418506240739345
	-resnet
		-f1: 0.7907676869041645
		-auroc: 0.754842049161344
2026-06-13 13:17:19 - __main__ - INFO - WCYKMVHQFDGRLITNEASP encoding is done for binary task with:
	-custom
		-f1: 0.8262032085561497
		-auroc: 0.7431404884881868
	-resnet
		-f1: 0.7880299251870324
		-auroc: 0.7486989739683177
2026-06-13 13:21:08 - __main__ - INFO - WCYKMVHQFDGRLITNEASP encoding is done for binary task with:
	-custom
		-f1: 0.8339973439575034
		-auroc: 0.7504862279592937
	-resnet
		-f1: 0.7332601536772777
		-auroc: 0.7324009197172762
2026-06-13 13:24:59 - __main__ - INFO - WCYKMVHQFDGRLITNEASP encoding is done for binary task with:
	-custom
		-f1: 0.8266075388026608
		-auroc: 0.7413155640383848
	-resnet
		-f1: 0.8282374100719424
		-auroc: 0.7501737026712542
2026-06-13 13:28:49 - __main__ - INFO - WCYKMVHQFDGRLITNEASP encoding is done for binary task with:
	-custom
		-f1: 0.8284703801945181
		-auroc: 0.7423396424375857
	-resnet
		-f1: 0.7936821322803553
		-auroc: 0.7505692424889291
2026-06-13 13:32:38 - __main__ - INFO - WCYKMVHQFDGRLITNEASP encoding is done for binary task with:
	-custom
		-f1: 0.8289414917373827
		-auroc: 0.7479037087264315
	-resnet
		-f1: 0.7684154742978272
		-auroc: 0.7546167240094762
2026-06-13 13:36:26 - __main__ - INFO - WCYKMVHQFDGRLITNEASP encoding is done for binary task with:
	-custom
		-f1: 0.8282828282828283
		-auroc: 0.7388676818157719
	-resnet
		-f1: 0.7568733153638814
		-auroc: 0.7497635132307022
2026-06-13 13:40:15 - __main__ - INFO - WCYKMVHQFDGRLITNEASP encoding is done for binary task with:
	-custom
		-f1: 0.8253409590849098
		-auroc: 0.7357068512798189
	-resnet
		-f1: 0.7483801295896328
		-auroc: 0.741082565274534
2026-06-13 13:44:05 - __main__ - INFO - WCYKMVHQFDGRLITNEASP encoding is done for binary task with:
	-custom
		-f1: 0.8257777777777778
		-auroc: 0.7412709175686648
	-resnet
		-f1: 0.825091575091575
		-auroc: 0.7546243976214595
2026-06-13 13:47:56 - __main__ - INFO - WCYKMVHQFDGRLITNEASP encoding is done for binary task with:
	-custom
		-f1: 0.8274632189032546
		-auroc: 0.7450547058774287
	-resnet
		-f1: 0.8432574430823118
		-auroc: 0.7579212603698402
2026-06-13 13:51:44 - __main__ - INFO - WCYKMVHQFDGRLITNEASP encoding is done for binary task with:
	-custom
		-f1: 0.8264536173990236
		-auroc: 0.7415380987858952
	-resnet
		-f1: 0.8024439918533605
		-auroc: 0.7754973198166146
2026-06-13 13:55:32 - __main__ - INFO - WCYKMVHQFDGRLITNEASP encoding is done for binary task with:
	-custom
		-f1: 0.8316303864948912
		-auroc: 0.7489724335953523
	-resnet
		-f1: 0.8069059518400727
		-auroc: 0.7268905687123122
2026-06-13 13:59:21 - __main__ - INFO - WCYKMVHQFDGRLITNEASP encoding is done for binary task with:
	-custom
		-f1: 0.831858407079646
		-auroc: 0.7473700438930606
	-resnet
		-f1: 0.8229384679782336
		-auroc: 0.7071742691233387
2026-06-13 14:03:11 - __main__ - INFO - WCYKMVHQFDGRLITNEASP encoding is done for binary task with:
	-custom
		-f1: 0.8292682926829268
		-auroc: 0.7449214640693582
	-resnet
		-f1: 0.8014220416455053
		-auroc: 0.7731380329323522
2026-06-13 14:07:01 - __main__ - INFO - WCYKMVHQFDGRLITNEASP encoding is done for binary task with:
	-custom
		-f1: 0.8279522335249889
		-auroc: 0.7418499264728452
	-resnet
		-f1: 0.8144557073600706
		-auroc: 0.7217283206509455
2026-06-13 14:10:50 - __main__ - INFO - WCYKMVHQFDGRLITNEASP encoding is done for binary task with:
	-custom
		-f1: 0.8325952170062002
		-auroc: 0.748794545317562
	-resnet
		-f1: 0.8230980751604033
		-auroc: 0.7524429990149872
2026-06-13 14:14:38 - __main__ - INFO - WCYKMVHQFDGRLITNEASP encoding is done for binary task with:
	-custom
		-f1: 0.8311111111111111
		-auroc: 0.7484827176306118
	-resnet
		-f1: 0.8344312692138779
		-auroc: 0.74728144855471
2026-06-13 14:18:28 - __main__ - INFO - WCYKMVHQFDGRLITNEASP encoding is done for binary task with:
	-custom
		-f1: 0.8325188804975566
		-auroc: 0.7501744002723436
	-resnet
		-f1: 0.8174921909861669
		-auroc: 0.7320556071780362
2026-06-13 14:22:16 - __main__ - INFO - WCYKMVHQFDGRLITNEASP encoding is done for binary task with:
	-custom
		-f1: 0.8317715305667113
		-auroc: 0.7512870740098948
	-resnet
		-f1: 0.8064032016008004
		-auroc: 0.7722039450736807
2026-06-13 14:26:04 - __main__ - INFO - WCYKMVHQFDGRLITNEASP encoding is done for binary task with:
	-custom
		-f1: 0.8292465448060633
		-auroc: 0.7474586392314111
	-resnet
		-f1: 0.8217494089834515
		-auroc: 0.7653067631030414
2026-06-13 14:29:53 - __main__ - INFO - WCYKMVHQFDGRLITNEASP encoding is done for binary task with:
	-custom
		-f1: 0.8298347476552033
		-auroc: 0.7491056754034227
	-resnet
		-f1: 0.6977829638273045
		-auroc: 0.7251863292509718
2026-06-13 14:33:43 - __main__ - INFO - WCYKMVHQFDGRLITNEASP encoding is done for binary task with:
	-custom
		-f1: 0.8307280035730237
		-auroc: 0.750307642080414
	-resnet
		-f1: 0.8230376219228983
		-auroc: 0.7586746695463641
2026-06-13 14:37:32 - __main__ - INFO - WCYKMVHQFDGRLITNEASP encoding is done for binary task with:
	-custom
		-f1: 0.825794894760412
		-auroc: 0.7449654129379889
	-resnet
		-f1: 0.8277752398355414
		-auroc: 0.7570729774451616
2026-06-13 14:41:22 - __main__ - INFO - WCYKMVHQFDGRLITNEASP encoding is done for binary task with:
	-custom
		-f1: 0.8298347476552033
		-auroc: 0.7491056754034227
	-resnet
		-f1: 0.7995920448750637
		-auroc: 0.7728262052454021
2026-06-13 14:45:11 - __main__ - INFO - WCYKMVHQFDGRLITNEASP encoding is done for binary task with:
	-custom
		-f1: 0.8312611012433393
		-auroc: 0.7482601828831016
	-resnet
		-f1: 0.8283093053735255
		-auroc: 0.7363305066537191
2026-06-13 14:49:01 - __main__ - INFO - WCYKMVHQFDGRLITNEASP encoding is done for binary task with:
	-custom
		-f1: 0.8270944741532977
		-auroc: 0.744342455165178
	-resnet
		-f1: 0.8031418753068238
		-auroc: 0.7595620181320475
2026-06-13 14:52:49 - __main__ - INFO - WCYKMVHQFDGRLITNEASP encoding is done for binary task with:
	-custom
		-f1: 0.8297682709447415
		-auroc: 0.7479483551961514
	-resnet
		-f1: 0.8340688437775816
		-auroc: 0.749106373004512
2026-06-13 14:56:38 - __main__ - INFO - WCYKMVHQFDGRLITNEASP encoding is done for binary task with:
	-custom
		-f1: 0.8277385159010601
		-auroc: 0.7409151410130842
	-resnet
		-f1: 0.8337730870712401
		-auroc: 0.7470142673374799
2026-06-13 15:00:27 - __main__ - INFO - WCYKMVHQFDGRLITNEASP encoding is done for binary task with:
	-custom
		-f1: 0.8273092369477911
		-auroc: 0.745277240624939
	-resnet
		-f1: 0.8139633886760324
		-auroc: 0.7032111973346057
2026-06-13 15:04:17 - __main__ - INFO - WCYKMVHQFDGRLITNEASP encoding is done for binary task with:
	-custom
		-f1: 0.8267260579064588
		-auroc: 0.7436302044529273
	-resnet
		-f1: 0.8177203507152746
		-auroc: 0.748703159574854
2026-06-13 15:08:07 - __main__ - INFO - WCYKMVHQFDGRLITNEASP encoding is done for binary task with:
	-custom
		-f1: 0.8271879164815638
		-auroc: 0.7429626002103965
	-resnet
		-f1: 0.8183929400836043
		-auroc: 0.752664836161408
2026-06-13 15:11:58 - __main__ - INFO - WCYKMVHQFDGRLITNEASP encoding is done for binary task with:
	-custom
		-f1: 0.8270944741532977
		-auroc: 0.744342455165178
	-resnet
		-f1: 0.8138124125058329
		-auroc: 0.7489696431909948
2026-06-13 15:15:46 - __main__ - INFO - WCYKMVHQFDGRLITNEASP encoding is done for binary task with:
	-custom
		-f1: 0.8283548818546589
		-auroc: 0.7462566725544199
	-resnet
		-f1: 0.8231680561649847
		-auroc: 0.7314333470063147
2026-06-13 15:19:34 - __main__ - INFO - WCYKMVHQFDGRLITNEASP encoding is done for binary task with:
	-custom
		-f1: 0.8257777777777778
		-auroc: 0.7412709175686648
	-resnet
		-f1: 0.8186666666666667
		-auroc: 0.7316551841527356
2026-06-13 15:23:27 - __main__ - INFO - WCYKMVHQFDGRLITNEASP encoding is done for binary task with:
	-custom
		-f1: 0.831330663106364
		-auroc: 0.7494175030903728
	-resnet
		-f1: 0.8240779991521832
		-auroc: 0.7153201570439573
2026-06-13 15:27:16 - __main__ - INFO - WCYKMVHQFDGRLITNEASP encoding is done for binary task with:
	-custom
		-f1: 0.8271879164815638
		-auroc: 0.7429626002103965
	-resnet
		-f1: 0.809042809042809
		-auroc: 0.7572927217883143
2026-06-13 15:31:05 - __main__ - INFO - WCYKMVHQFDGRLITNEASP encoding is done for binary task with:
	-custom
		-f1: 0.8297872340425532
		-auroc: 0.7454111800340987
	-resnet
		-f1: 0.829247311827957
		-auroc: 0.7299209478445522
2026-06-13 15:34:55 - __main__ - INFO - WCYKMVHQFDGRLITNEASP encoding is done for binary task with:
	-custom
		-f1: 0.8308921438082557
		-auroc: 0.7475479321708509
	-resnet
		-f1: 0.8207507380851962
		-auroc: 0.7079751151739399
2026-06-13 15:38:45 - __main__ - INFO - WCYKMVHQFDGRLITNEASP encoding is done for binary task with:
	-custom
		-f1: 0.8254109284762328
		-auroc: 0.7405586668564141
	-resnet
		-f1: 0.8194647201946472
		-auroc: 0.7755887055593226
2026-06-13 15:42:33 - __main__ - INFO - WCYKMVHQFDGRLITNEASP encoding is done for binary task with:
	-custom
		-f1: 0.832375055285272
		-auroc: 0.7478597598578011
	-resnet
		-f1: 0.7585836909871244
		-auroc: 0.7493630902054016
2026-06-13 15:46:23 - __main__ - INFO - WCYKMVHQFDGRLITNEASP encoding is done for binary task with:
	-custom
		-f1: 0.8308103294746215
		-auroc: 0.7489277871256323
	-resnet
		-f1: 0.7361036157582299
		-auroc: 0.7271486811153806
2026-06-13 15:50:12 - __main__ - INFO - WCYKMVHQFDGRLITNEASP encoding is done for binary task with:
	-custom
		-f1: 0.8301382077574677
		-auroc: 0.748660605908402
	-resnet
		-f1: 0.7502738225629791
		-auroc: 0.7499853503771231
2026-06-13 15:54:01 - __main__ - INFO - WCYKMVHQFDGRLITNEASP encoding is done for binary task with:
	-custom
		-f1: 0.8272484416740873
		-auroc: 0.7441199204176676
	-resnet
		-f1: 0.8095238095238095
		-auroc: 0.7531531569239698
2026-06-13 15:57:49 - __main__ - INFO - WCYKMVHQFDGRLITNEASP encoding is done for binary task with:
	-custom
		-f1: 0.827708703374778
		-auroc: 0.743452316175137
	-resnet
		-f1: 0.7353266888150609
		-auroc: 0.738989064405323
2026-06-13 16:01:39 - __main__ - INFO - WCYKMVHQFDGRLITNEASP encoding is done for binary task with:
	-custom
		-f1: 0.8285968028419183
		-auroc: 0.7446542828521281
	-resnet
		-f1: 0.8264540337711069
		-auroc: 0.767622101118673
2026-06-13 16:05:27 - __main__ - INFO - WCYKMVHQFDGRLITNEASP encoding is done for binary task with:
	-custom
		-f1: 0.8312031732040547
		-auroc: 0.7445656875137776
	-resnet
		-f1: 0.8201502430402121
		-auroc: 0.7308096916324145
2026-06-13 16:09:17 - __main__ - INFO - WCYKMVHQFDGRLITNEASP encoding is done for binary task with:
	-custom
		-f1: 0.8293755496921724
		-auroc: 0.741004433952524
	-resnet
		-f1: 0.8177892918825561
		-auroc: 0.7158977707459588
2026-06-13 16:13:06 - __main__ - INFO - WCYKMVHQFDGRLITNEASP encoding is done for binary task with:
	-custom
		-f1: 0.8322925958965209
		-auroc: 0.7517767899746353
	-resnet
		-f1: 0.827115559599636
		-auroc: 0.7542686210658787
2026-06-13 16:16:56 - __main__ - INFO - WCYKMVHQFDGRLITNEASP encoding is done for binary task with:
	-custom
		-f1: 0.8317094774136404
		-auroc: 0.7475925786405708
	-resnet
		-f1: 0.8299503834009924
		-auroc: 0.753957490980018
2026-06-13 16:20:45 - __main__ - INFO - WCYKMVHQFDGRLITNEASP encoding is done for binary task with:
	-custom
		-f1: 0.8282918149466192
		-auroc: 0.7450993523471486
	-resnet
		-f1: 0.7925817471937531
		-auroc: 0.743803209523092
2026-06-13 16:24:34 - __main__ - INFO - WCYKMVHQFDGRLITNEASP encoding is done for binary task with:
	-custom
		-f1: 0.8286604361370716
		-auroc: 0.7458116030593993
	-resnet
		-f1: 0.8161888701517707
		-auroc: 0.7012530310767333
2026-06-13 16:28:23 - __main__ - INFO - WCYKMVHQFDGRLITNEASP encoding is done for binary task with:
	-custom
		-f1: 0.8308921438082557
		-auroc: 0.7475479321708509
	-resnet
		-f1: 0.8332607749238137
		-auroc: 0.7414502010486339
2026-06-13 16:32:12 - __main__ - INFO - WCYKMVHQFDGRLITNEASP encoding is done for binary task with:
	-custom
		-f1: 0.8320779796189632
		-auroc: 0.7483048293528214
	-resnet
		-f1: 0.7795193312434692
		-auroc: 0.7606272549955214
2026-06-13 16:36:00 - __main__ - INFO - WCYKMVHQFDGRLITNEASP encoding is done for binary task with:
	-custom
		-f1: 0.8265715559518502
		-auroc: 0.7438527392004375
	-resnet
		-f1: 0.8237945020279405
		-auroc: 0.7453211894935696
2026-06-13 16:39:48 - __main__ - INFO - WCYKMVHQFDGRLITNEASP encoding is done for binary task with:
	-custom
		-f1: 0.8289414917373827
		-auroc: 0.7479037087264315
	-resnet
		-f1: 0.8175321581705574
		-auroc: 0.76348114105215
2026-06-13 16:43:38 - __main__ - INFO - WCYKMVHQFDGRLITNEASP encoding is done for binary task with:
	-custom
		-f1: 0.8293118856121537
		-auroc: 0.7486159594386823
	-resnet
		-f1: 0.8194506978838361
		-auroc: 0.7390888213611035
2026-06-13 16:47:28 - __main__ - INFO - WCYKMVHQFDGRLITNEASP encoding is done for binary task with:
	-custom
		-f1: 0.8252123379526151
		-auroc: 0.7433183767659772
	-resnet
		-f1: 0.796086508753862
		-auroc: 0.7731373353312628
2026-06-13 16:51:15 - __main__ - INFO - WCYKMVHQFDGRLITNEASP encoding is done for binary task with:
	-custom
		-f1: 0.8339973439575034
		-auroc: 0.7504862279592937
	-resnet
		-f1: 0.8308351177730193
		-auroc: 0.730010240783992
2026-06-13 16:55:04 - __main__ - INFO - WCYKMVHQFDGRLITNEASP encoding is done for binary task with:
	-custom
		-f1: 0.8302055406613047
		-auroc: 0.7498179261156734
	-resnet
		-f1: 0.8285835814547001
		-auroc: 0.7234220960959453
2026-06-13 16:58:52 - __main__ - INFO - WCYKMVHQFDGRLITNEASP encoding is done for binary task with:
	-custom
		-f1: 0.82688028482421
		-auroc: 0.7434076697054169
	-resnet
		-f1: 0.8105769230769231
		-auroc: 0.758984404430046
2026-06-13 17:02:41 - __main__ - INFO - WCYKMVHQFDGRLITNEASP encoding is done for binary task with:
	-custom
		-f1: 0.831330663106364
		-auroc: 0.7494175030903728
	-resnet
		-f1: 0.7817721518987342
		-auroc: 0.7484310951499982
2026-06-13 17:06:29 - __main__ - INFO - WCYKMVHQFDGRLITNEASP encoding is done for binary task with:
	-custom
		-f1: 0.8375611927013796
		-auroc: 0.7578312698293109
	-resnet
		-f1: 0.7801702553830746
		-auroc: 0.7411753462194207
2026-06-13 17:10:17 - __main__ - INFO - WCYKMVHQFDGRLITNEASP encoding is done for binary task with:
	-custom
		-f1: 0.8263579697239537
		-auroc: 0.7429179537406765
	-resnet
		-f1: 0.8089668615984406
		-auroc: 0.7633018575721807
2026-06-13 17:14:06 - __main__ - INFO - WCYKMVHQFDGRLITNEASP encoding is done for binary task with:
	-custom
		-f1: 0.8307418924922256
		-auroc: 0.7477704669183611
	-resnet
		-f1: 0.8190045248868778
		-auroc: 0.7409137458109055
2026-06-13 17:17:53 - __main__ - INFO - WCYKMVHQFDGRLITNEASP encoding is done for binary task with:
	-custom
		-f1: 0.8297872340425532
		-auroc: 0.7454111800340987
	-resnet
		-f1: 0.8204456094364351
		-auroc: 0.7255128065607988
2026-06-13 17:21:43 - __main__ - INFO - WCYKMVHQFDGRLITNEASP encoding is done for binary task with:
	-custom
		-f1: 0.8270412642669008
		-auroc: 0.7369534644265301
	-resnet
		-f1: 0.7903543307086615
		-auroc: 0.7450937715384336
2026-06-13 17:25:31 - __main__ - INFO - WCYKMVHQFDGRLITNEASP encoding is done for binary task with:
	-custom
		-f1: 0.8282918149466192
		-auroc: 0.7450993523471486
	-resnet
		-f1: 0.5578876100203114
		-auroc: 0.6704239461340343
2026-06-13 17:29:20 - __main__ - INFO - WCYKMVHQFDGRLITNEASP encoding is done for binary task with:
	-custom
		-f1: 0.8262032085561497
		-auroc: 0.7431404884881868
	-resnet
		-f1: 0.804630969609262
		-auroc: 0.7531524593228804
2026-06-13 17:33:08 - __main__ - INFO - WCYKMVHQFDGRLITNEASP encoding is done for binary task with:
	-custom
		-f1: 0.8286604361370716
		-auroc: 0.7458116030593993
	-resnet
		-f1: 0.8319290465631929
		-auroc: 0.7485273641003318
2026-06-13 17:36:56 - __main__ - INFO - WCYKMVHQFDGRLITNEASP encoding is done for binary task with:
	-custom
		-f1: 0.8266431407146008
		-auroc: 0.7387783888763322
	-resnet
		-f1: 0.8303730017761989
		-auroc: 0.7470582162061103
2026-06-13 17:40:45 - __main__ - INFO - WCYKMVHQFDGRLITNEASP encoding is done for binary task with:
	-custom
		-f1: 0.8297682709447415
		-auroc: 0.7479483551961514
	-resnet
		-f1: 0.6578153289076645
		-auroc: 0.7020803859687308
2026-06-13 17:44:32 - __main__ - INFO - WCYKMVHQFDGRLITNEASP encoding is done for binary task with:
	-custom
		-f1: 0.8308790718429273
		-auroc: 0.7500851073329036
	-resnet
		-f1: 0.7528767123287671
		-auroc: 0.7531015344433563
2026-06-13 17:48:20 - __main__ - INFO - WCYKMVHQFDGRLITNEASP encoding is done for binary task with:
	-custom
		-f1: 0.8299559471365638
		-auroc: 0.7426514701245358
	-resnet
		-f1: 0.7732919254658385
		-auroc: 0.7490087088519998
2026-06-13 17:52:10 - __main__ - INFO - WCYKMVHQFDGRLITNEASP encoding is done for binary task with:
	-custom
		-f1: 0.8305235137533274
		-auroc: 0.7468356814586001
	-resnet
		-f1: 0.7635028841111694
		-auroc: 0.7439776097954355
2026-06-13 17:55:59 - __main__ - INFO - WCYKMVHQFDGRLITNEASP encoding is done for binary task with:
	-custom
		-f1: 0.8264167782240072
		-auroc: 0.7440752739479478
	-resnet
		-f1: 0.8249772105742935
		-auroc: 0.752309757206917
2026-06-13 17:59:46 - __main__ - INFO - WCYKMVHQFDGRLITNEASP encoding is done for binary task with:
	-custom
		-f1: 0.8276169265033407
		-auroc: 0.7448321711299184
	-resnet
		-f1: 0.7159353348729792
		-auroc: 0.7388090833242644
2026-06-13 18:03:35 - __main__ - INFO - WCYKMVHQFDGRLITNEASP encoding is done for binary task with:
	-custom
		-f1: 0.8319215336602764
		-auroc: 0.7510645392623845
	-resnet
		-f1: 0.8020982355746304
		-auroc: 0.7444722089678014
2026-06-13 18:07:24 - __main__ - INFO - WCYKMVHQFDGRLITNEASP encoding is done for binary task with:
	-custom
		-f1: 0.8297020898176968
		-auroc: 0.7467910349888802
	-resnet
		-f1: 0.8299437472955431
		-auroc: 0.7338826244311063
2026-06-13 18:11:13 - __main__ - INFO - WCYKMVHQFDGRLITNEASP encoding is done for binary task with:
	-custom
		-f1: 0.8283712784588442
		-auroc: 0.7374878268609903
	-resnet
		-f1: 0.7485062466051059
		-auroc: 0.7441094564013272
2026-06-13 18:15:03 - __main__ - INFO - WCYKMVHQFDGRLITNEASP encoding is done for binary task with:
	-custom
		-f1: 0.8283813747228381
		-auroc: 0.7437194973923671
	-resnet
		-f1: 0.8177892918825561
		-auroc: 0.7158977707459588
2026-06-13 18:18:53 - __main__ - INFO - WCYKMVHQFDGRLITNEASP encoding is done for binary task with:
	-custom
		-f1: 0.8289414917373827
		-auroc: 0.7479037087264315
	-resnet
		-f1: 0.8081321473951716
		-auroc: 0.6922602554336148
2026-06-13 18:22:42 - __main__ - INFO - WCYKMVHQFDGRLITNEASP encoding is done for binary task with:
	-custom
		-f1: 0.8288770053475936
		-auroc: 0.7467463885191604
	-resnet
		-f1: 0.813
		-auroc: 0.7799054611003682
2026-06-13 18:26:31 - __main__ - INFO - WCYKMVHQFDGRLITNEASP encoding is done for binary task with:
	-custom
		-f1: 0.8290293855743545
		-auroc: 0.74652385377165
	-resnet
		-f1: 0.8330324909747292
		-auroc: 0.758275641723242
2026-06-13 18:30:22 - __main__ - INFO - WCYKMVHQFDGRLITNEASP encoding is done for binary task with:
	-custom
		-f1: 0.8282016956715752
		-auroc: 0.7464792073019302
	-resnet
		-f1: 0.8045634920634921
		-auroc: 0.7661055163503744
2026-06-13 18:34:12 - __main__ - INFO - WCYKMVHQFDGRLITNEASP encoding is done for binary task with:
	-custom
		-f1: 0.8292035398230089
		-auroc: 0.743764143862087
	-resnet
		-f1: 0.8288770053475936
		-auroc: 0.7467463885191604
2026-06-13 18:38:03 - __main__ - INFO - WCYKMVHQFDGRLITNEASP encoding is done for binary task with:
	-custom
		-f1: 0.8324468085106383
		-auroc: 0.7490170800650723
	-resnet
		-f1: 0.8246205733558178
		-auroc: 0.7132726978466449
2026-06-13 18:41:53 - __main__ - INFO - WCYKMVHQFDGRLITNEASP encoding is done for binary task with:
	-custom
		-f1: 0.8327433628318585
		-auroc: 0.7485720105700517
	-resnet
		-f1: 0.8075210291934686
		-auroc: 0.7685540961740766
2026-06-13 18:45:41 - __main__ - INFO - WCYKMVHQFDGRLITNEASP encoding is done for binary task with:
	-custom
		-f1: 0.8275555555555556
		-auroc: 0.7436748509226473
	-resnet
		-f1: 0.7651077246452969
		-auroc: 0.7468266126444383
2026-06-13 18:49:31 - __main__ - INFO - WCYKMVHQFDGRLITNEASP encoding is done for binary task with:
	-custom
		-f1: 0.8314210061782877
		-auroc: 0.7455004729735386
	-resnet
		-f1: 0.8055290753098189
		-auroc: 0.7485678249635155
2026-06-13 18:53:19 - __main__ - INFO - WCYKMVHQFDGRLITNEASP encoding is done for binary task with:
	-custom
		-f1: 0.8309608540925267
		-auroc: 0.7487052523781221
	-resnet
		-f1: 0.7472295514511873
		-auroc: 0.7284852848026209
2026-06-13 18:57:08 - __main__ - INFO - WCYKMVHQFDGRLITNEASP encoding is done for binary task with:
	-custom
		-f1: 0.825
		-auroc: 0.7423835913062162
	-resnet
		-f1: 0.8260665729020159
		-auroc: 0.7669098504064223
2026-06-13 19:00:58 - __main__ - INFO - WCYKMVHQFDGRLITNEASP encoding is done for binary task with:
	-custom
		-f1: 0.8258351893095769
		-auroc: 0.742428237775936
	-resnet
		-f1: 0.8295096716149347
		-auroc: 0.752087920060496
2026-06-13 19:04:47 - __main__ - INFO - WCYKMVHQFDGRLITNEASP encoding is done for binary task with:
	-custom
		-f1: 0.8247330960854092
		-auroc: 0.7402914856391839
	-resnet
		-f1: 0.7325383304940375
		-auroc: 0.7482029795937729
2026-06-13 19:08:36 - __main__ - INFO - WCYKMVHQFDGRLITNEASP encoding is done for binary task with:
	-custom
		-f1: 0.8311918475852902
		-auroc: 0.7471028626758304
	-resnet
		-f1: 0.7620545073375262
		-auroc: 0.7420633924061936
2026-06-13 19:12:25 - __main__ - INFO - WCYKMVHQFDGRLITNEASP encoding is done for binary task with:
	-custom
		-f1: 0.8285077951002228
		-auroc: 0.7460341378069095
	-resnet
		-f1: 0.8157644824311491
		-auroc: 0.759697352743386
2026-06-13 19:16:16 - __main__ - INFO - WCYKMVHQFDGRLITNEASP encoding is done for binary task with:
	-custom
		-f1: 0.8303571428571429
		-auroc: 0.7495953913681632
	-resnet
		-f1: 0.7749077490774908
		-auroc: 0.7595138836568808
2026-06-13 19:20:05 - __main__ - INFO - WCYKMVHQFDGRLITNEASP encoding is done for binary task with:
	-custom
		-f1: 0.8303730017761989
		-auroc: 0.7470582162061103
	-resnet
		-f1: 0.832427536231884
		-auroc: 0.7591657807132832
2026-06-13 19:23:54 - __main__ - INFO - WCYKMVHQFDGRLITNEASP encoding is done for binary task with:
	-custom
		-f1: 0.8291814946619217
		-auroc: 0.7463013190241399
	-resnet
		-f1: 0.781437125748503
		-auroc: 0.7409974579416304
2026-06-13 19:27:43 - __main__ - INFO - WCYKMVHQFDGRLITNEASP encoding is done for binary task with:
	-custom
		-f1: 0.8354767184035476
		-auroc: 0.7533352308082963
	-resnet
		-f1: 0.8142989786443825
		-auroc: 0.7471447187411928
2026-06-13 19:31:33 - __main__ - INFO - WCYKMVHQFDGRLITNEASP encoding is done for binary task with:
	-custom
		-f1: 0.8288128056914184
		-auroc: 0.7455890683118891
	-resnet
		-f1: 0.7947154471544715
		-auroc: 0.7654365169056647
2026-06-13 19:35:22 - __main__ - INFO - WCYKMVHQFDGRLITNEASP encoding is done for binary task with:
	-custom
		-f1: 0.8328935795954265
		-auroc: 0.7458123006604888
	-resnet
		-f1: 0.8021286889211418
		-auroc: 0.7514161302114291
2026-06-13 19:39:11 - __main__ - INFO - WCYKMVHQFDGRLITNEASP encoding is done for binary task with:
	-custom
		-f1: 0.8314707197139025
		-auroc: 0.7517321435049152
	-resnet
		-f1: 0.8208768267223382
		-auroc: 0.7029007648498344
2026-06-13 19:43:00 - __main__ - INFO - WCYKMVHQFDGRLITNEASP encoding is done for binary task with:
	-custom
		-f1: 0.8263205013428827
		-auroc: 0.7454551289027292
	-resnet
		-f1: 0.8231079265562025
		-auroc: 0.7413595129070154
2026-06-13 19:46:49 - __main__ - INFO - WCYKMVHQFDGRLITNEASP encoding is done for binary task with:
	-custom
		-f1: 0.8263579697239537
		-auroc: 0.7429179537406765
	-resnet
		-f1: 0.8141592920353983
		-auroc: 0.7737184370387112
2026-06-13 19:50:39 - __main__ - INFO - WCYKMVHQFDGRLITNEASP encoding is done for binary task with:
	-custom
		-f1: 0.8285714285714286
		-auroc: 0.7471914580141809
	-resnet
		-f1: 0.7334801762114538
		-auroc: 0.7342704906367982
2026-06-13 19:54:28 - __main__ - INFO - WCYKMVHQFDGRLITNEASP encoding is done for binary task with:
	-custom
		-f1: 0.8328888888888889
		-auroc: 0.7508866509845942
	-resnet
		-f1: 0.8036750483558994
		-auroc: 0.7531078128531605
2026-06-13 19:58:18 - __main__ - INFO - WCYKMVHQFDGRLITNEASP encoding is done for binary task with:
	-custom
		-f1: 0.8261060008760402
		-auroc: 0.7345941775422676
	-resnet
		-f1: 0.8180970149253731
		-auroc: 0.7542672258637
2026-06-13 20:02:08 - __main__ - INFO - WCYKMVHQFDGRLITNEASP encoding is done for binary task with:
	-custom
		-f1: 0.8297404311482622
		-auroc: 0.7417166846647748
	-resnet
		-f1: 0.8310249307479224
		-auroc: 0.7662429437649811
2026-06-13 20:05:56 - __main__ - INFO - WCYKMVHQFDGRLITNEASP encoding is done for binary task with:
	-custom
		-f1: 0.8278905560458959
		-auroc: 0.740692606265574
	-resnet
		-f1: 0.8099717779868297
		-auroc: 0.7478562718523541
2026-06-13 20:09:46 - __main__ - INFO - WCYKMVHQFDGRLITNEASP encoding is done for binary task with:
	-custom
		-f1: 0.8287488908606921
		-auroc: 0.7444317481046179
	-resnet
		-f1: 0.8241563055062167
		-auroc: 0.7386444494671723
2026-06-13 20:13:34 - __main__ - INFO - WCYKMVHQFDGRLITNEASP encoding is done for binary task with:
	-custom
		-f1: 0.8294607628233231
		-auroc: 0.7396245789977425
	-resnet
		-f1: 0.8144280968201234
		-auroc: 0.7577831353541442
2026-06-13 20:17:24 - __main__ - INFO - WCYKMVHQFDGRLITNEASP encoding is done for binary task with:
	-custom
		-f1: 0.8226887003126395
		-auroc: 0.7394899419874934
	-resnet
		-f1: 0.811411992263056
		-auroc: 0.7627235462690898
2026-06-13 20:21:13 - __main__ - INFO - WCYKMVHQFDGRLITNEASP encoding is done for binary task with:
	-custom
		-f1: 0.8331862312444837
		-auroc: 0.7479044063275209
	-resnet
		-f1: 0.8231785257775884
		-auroc: 0.7166553655290189
2026-06-13 20:25:04 - __main__ - INFO - WCYKMVHQFDGRLITNEASP encoding is done for binary task with:
	-custom
		-f1: 0.8303217276333187
		-auroc: 0.7433637208367865
	-resnet
		-f1: 0.781799379524302
		-auroc: 0.7584019075204188
2026-06-13 20:28:55 - __main__ - INFO - WCYKMVHQFDGRLITNEASP encoding is done for binary task with:
	-custom
		-f1: 0.82688028482421
		-auroc: 0.7434076697054169
	-resnet
		-f1: 0.8142400730260155
		-auroc: 0.7388209425427839
2026-06-13 20:32:45 - __main__ - INFO - WCYKMVHQFDGRLITNEASP encoding is done for binary task with:
	-custom
		-f1: 0.8269742679680568
		-auroc: 0.7420278147506356
	-resnet
		-f1: 0.7858585858585858
		-auroc: 0.7520816416506916
2026-06-13 20:36:34 - __main__ - INFO - WCYKMVHQFDGRLITNEASP encoding is done for binary task with:
	-custom
		-f1: 0.8337777777777777
		-auroc: 0.7520886176615853
	-resnet
		-f1: 0.7984111221449851
		-auroc: 0.7591162510359377
2026-06-13 20:40:22 - __main__ - INFO - WCYKMVHQFDGRLITNEASP encoding is done for binary task with:
	-custom
		-f1: 0.829225352112676
		-auroc: 0.7412269687000343
	-resnet
		-f1: 0.7546766435061465
		-auroc: 0.7431753685426555
2026-06-13 20:44:10 - __main__ - INFO - WCYKMVHQFDGRLITNEASP encoding is done for binary task with:
	-custom
		-f1: 0.8262994224788983
		-auroc: 0.7417606335334053
	-resnet
		-f1: 0.7460576400217509
		-auroc: 0.741928057794855
2026-06-13 20:48:00 - __main__ - INFO - WCYKMVHQFDGRLITNEASP encoding is done for binary task with:
	-custom
		-f1: 0.8282016956715752
		-auroc: 0.7464792073019302
	-resnet
		-f1: 0.7825213460572576
		-auroc: 0.745448850492925
2026-06-13 20:51:50 - __main__ - INFO - WCYKMVHQFDGRLITNEASP encoding is done for binary task with:
	-custom
		-f1: 0.8273730684326711
		-auroc: 0.7402028903008335
	-resnet
		-f1: 0.8174904942965779
		-auroc: 0.7623238208448786
2026-06-13 20:55:37 - __main__ - INFO - WCYKMVHQFDGRLITNEASP encoding is done for binary task with:
	-custom
		-f1: 0.8277999114652501
		-auroc: 0.7420724612203554
	-resnet
		-f1: 0.8177156177156177
		-auroc: 0.7535549751514492
2026-06-13 20:59:26 - __main__ - INFO - WCYKMVHQFDGRLITNEASP encoding is done for binary task with:
	-custom
		-f1: 0.8298059964726632
		-auroc: 0.742874004872046
	-resnet
		-f1: 0.8131970260223048
		-auroc: 0.7461652868117119
2026-06-13 21:03:15 - __main__ - INFO - WCYKMVHQFDGRLITNEASP encoding is done for binary task with:
	-custom
		-f1: 0.8309608540925267
		-auroc: 0.7487052523781221
	-resnet
		-f1: 0.8336236933797909
		-auroc: 0.7421624517608847
2026-06-13 21:07:06 - __main__ - INFO - WCYKMVHQFDGRLITNEASP encoding is done for binary task with:
	-custom
		-f1: 0.8271879164815638
		-auroc: 0.7429626002103965
	-resnet
		-f1: 0.7873936968484242
		-auroc: 0.7493665782108485
2026-06-13 21:10:55 - __main__ - INFO - WCYKMVHQFDGRLITNEASP encoding is done for binary task with:
	-custom
		-f1: 0.8292898103220114
		-auroc: 0.7423842889073056
	-resnet
		-f1: 0.8139646102343376
		-auroc: 0.7607653800112174
2026-06-13 21:14:44 - __main__ - INFO - WCYKMVHQFDGRLITNEASP encoding is done for binary task with:
	-custom
		-f1: 0.8291814946619217
		-auroc: 0.7463013190241399
	-resnet
		-f1: 0.8368983957219251
		-auroc: 0.7575640886120809
2026-06-13 21:18:33 - __main__ - INFO - WCYKMVHQFDGRLITNEASP encoding is done for binary task with:
	-custom
		-f1: 0.8357142857142857
		-auroc: 0.75680719143011
	-resnet
		-f1: 0.8290062667860341
		-auroc: 0.7490610289337029
2026-06-13 21:22:24 - __main__ - INFO - WCYKMVHQFDGRLITNEASP encoding is done for binary task with:
	-custom
		-f1: 0.8296557811120918
		-auroc: 0.7430965396195564
	-resnet
		-f1: 0.5695097380792478
		-auroc: 0.6763005377109198
2026-06-13 21:26:13 - __main__ - INFO - WCYKMVHQFDGRLITNEASP encoding is done for binary task with:
	-custom
		-f1: 0.8278322925958965
		-auroc: 0.7457669565896795
	-resnet
		-f1: 0.8321739130434782
		-auroc: 0.7393134489118818
2026-06-13 21:30:03 - __main__ - INFO - WCYKMVHQFDGRLITNEASP encoding is done for binary task with:
	-custom
		-f1: 0.8295706064630367
		-auroc: 0.7444763945743378
	-resnet
		-f1: 0.8001963672066765
		-auroc: 0.755956118101074
2026-06-13 21:33:53 - __main__ - INFO - WCYKMVHQFDGRLITNEASP encoding is done for binary task with:
	-custom
		-f1: 0.8292245629762438
		-auroc: 0.7499958143934637
	-resnet
		-f1: 0.8270042194092827
		-auroc: 0.7171011326251286
2026-06-13 21:37:43 - __main__ - INFO - WCYKMVHQFDGRLITNEASP encoding is done for binary task with:
	-custom
		-f1: 0.8292682926829268
		-auroc: 0.7449214640693582
	-resnet
		-f1: 0.8207058823529412
		-auroc: 0.7617901560115076
2026-06-13 21:41:31 - __main__ - INFO - WCYKMVHQFDGRLITNEASP encoding is done for binary task with:
	-custom
		-f1: 0.8263367211665931
		-auroc: 0.7392234583713526
	-resnet
		-f1: 0.830256641152634
		-auroc: 0.7535124214849974
2026-06-13 21:45:20 - __main__ - INFO - WCYKMVHQFDGRLITNEASP encoding is done for binary task with:
	-custom
		-f1: 0.8280764104842292
		-auroc: 0.7441645668873877
	-resnet
		-f1: 0.8084901109503135
		-auroc: 0.7579603260308452
2026-06-13 21:49:09 - __main__ - INFO - WCYKMVHQFDGRLITNEASP encoding is done for binary task with:
	-custom
		-f1: 0.8340807174887892
		-auroc: 0.7567178984906704
	-resnet
		-f1: 0.8133333333333334
		-auroc: 0.7579610236319346
2026-06-13 21:52:57 - __main__ - INFO - WCYKMVHQFDGRLITNEASP encoding is done for binary task with:
	-custom
		-f1: 0.82688028482421
		-auroc: 0.7434076697054169
	-resnet
		-f1: 0.8272768057424854
		-auroc: 0.7478144157869917
2026-06-13 21:56:46 - __main__ - INFO - WCYKMVHQFDGRLITNEASP encoding is done for binary task with:
	-custom
		-f1: 0.8270004470272687
		-auroc: 0.7457223101199594
	-resnet
		-f1: 0.8148487626031164
		-auroc: 0.7416252989220667
2026-06-13 22:00:35 - __main__ - INFO - WCYKMVHQFDGRLITNEASP encoding is done for binary task with:
	-custom
		-f1: 0.8293986636971047
		-auroc: 0.7472361044839009
	-resnet
		-f1: 0.8223624887285843
		-auroc: 0.7436295068518379
2026-06-13 22:04:27 - __main__ - INFO - WCYKMVHQFDGRLITNEASP encoding is done for binary task with:
	-custom
		-f1: 0.8305531167690957
		-auroc: 0.7417613311344946
	-resnet
		-f1: 0.8237547892720306
		-auroc: 0.7737198322408899
2026-06-13 22:08:17 - __main__ - INFO - WCYKMVHQFDGRLITNEASP encoding is done for binary task with:
	-custom
		-f1: 0.8305235137533274
		-auroc: 0.7468356814586001
	-resnet
		-f1: 0.8387942332896461
		-auroc: 0.750754106777613
2026-06-13 22:12:08 - __main__ - INFO - WCYKMVHQFDGRLITNEASP encoding is done for binary task with:
	-custom
		-f1: 0.8285714285714286
		-auroc: 0.7471914580141809
	-resnet
		-f1: 0.8090098545283905
		-auroc: 0.7454969849680917
2026-06-13 22:16:00 - __main__ - INFO - WCYKMVHQFDGRLITNEASP encoding is done for binary task with:
	-custom
		-f1: 0.8287731685789939
		-auroc: 0.7418945729425652
	-resnet
		-f1: 0.8080536912751678
		-auroc: 0.7207035446506552
2026-06-13 22:19:51 - __main__ - INFO - WCYKMVHQFDGRLITNEASP encoding is done for binary task with:
	-custom
		-f1: 0.8307418924922256
		-auroc: 0.7477704669183611
	-resnet
		-f1: 0.7812340642529322
		-auroc: 0.7511908050595612
2026-06-13 22:23:41 - __main__ - INFO - WCYKMVHQFDGRLITNEASP encoding is done for binary task with:
	-custom
		-f1: 0.8286604361370716
		-auroc: 0.7458116030593993
	-resnet
		-f1: 0.7682737169517885
		-auroc: 0.7439336609268049
2026-06-13 22:27:31 - __main__ - INFO - WCYKMVHQFDGRLITNEASP encoding is done for binary task with:
	-custom
		-f1: 0.8322266489597167
		-auroc: 0.7480822946053113
	-resnet
		-f1: 0.7147806004618937
		-auroc: 0.7376071166472734
2026-06-13 22:31:23 - __main__ - INFO - WCYKMVHQFDGRLITNEASP encoding is done for binary task with:
	-custom
		-f1: 0.8278945015645954
		-auroc: 0.7469242767969507
	-resnet
		-f1: 0.830256641152634
		-auroc: 0.7535124214849974
2026-06-13 22:35:16 - __main__ - INFO - WCYKMVHQFDGRLITNEASP encoding is done for binary task with:
	-custom
		-f1: 0.8270004470272687
		-auroc: 0.7457223101199594
	-resnet
		-f1: 0.8071161048689138
		-auroc: 0.7419357314068382
2026-06-13 22:39:05 - __main__ - INFO - WCYKMVHQFDGRLITNEASP encoding is done for binary task with:
	-custom
		-f1: 0.8309608540925267
		-auroc: 0.7487052523781221
	-resnet
		-f1: 0.8325145154086646
		-auroc: 0.7527115754343962
2026-06-13 22:42:56 - __main__ - INFO - WCYKMVHQFDGRLITNEASP encoding is done for binary task with:
	-custom
		-f1: 0.8311111111111111
		-auroc: 0.7484827176306118
	-resnet
		-f1: 0.8167441860465117
		-auroc: 0.7511956882671867
2026-06-13 22:46:45 - __main__ - INFO - WCYKMVHQFDGRLITNEASP encoding is done for binary task with:
	-custom
		-f1: 0.8299015219337511
		-auroc: 0.7502629956106939
	-resnet
		-f1: 0.8263795423956931
		-auroc: 0.7466124491100006
2026-06-13 22:50:34 - __main__ - INFO - WCYKMVHQFDGRLITNEASP encoding is done for binary task with:
	-custom
		-f1: 0.8294849023090586
		-auroc: 0.7458562495291192
	-resnet
		-f1: 0.8395934600088378
		-auroc: 0.75725295852622
2026-06-13 22:54:23 - __main__ - INFO - WCYKMVHQFDGRLITNEASP encoding is done for binary task with:
	-custom
		-f1: 0.8300711743772242
		-auroc: 0.7475032857011308
	-resnet
		-f1: 0.8030666027791088
		-auroc: 0.7479888160593352
2026-06-13 22:58:11 - __main__ - INFO - WCYKMVHQFDGRLITNEASP encoding is done for binary task with:
	-custom
		-f1: 0.8294195835179442
		-auroc: 0.744698929321848
	-resnet
		-f1: 0.8081593006313744
		-auroc: 0.7607200359404082
2026-06-13 23:02:00 - __main__ - INFO - WCYKMVHQFDGRLITNEASP encoding is done for binary task with:
	-custom
		-f1: 0.8309859154929577
		-auroc: 0.7436309020540167
	-resnet
		-f1: 0.7017142857142857
		-auroc: 0.7187767704418047
2026-06-13 23:05:49 - __main__ - INFO - WCYKMVHQFDGRLITNEASP encoding is done for binary task with:
	-custom
		-f1: 0.8287243532560215
		-auroc: 0.7469689232666706
	-resnet
		-f1: 0.8193103448275862
		-auroc: 0.7490149872618039
2026-06-13 23:09:38 - __main__ - INFO - WCYKMVHQFDGRLITNEASP encoding is done for binary task with:
	-custom
		-f1: 0.8244206773618539
		-auroc: 0.7407365551342046
	-resnet
		-f1: 0.8015526443474041
		-auroc: 0.7520837344539597
2026-06-13 23:13:27 - __main__ - INFO - WCYKMVHQFDGRLITNEASP encoding is done for binary task with:
	-custom
		-f1: 0.8328888888888889
		-auroc: 0.7508866509845942
	-resnet
		-f1: 0.7236467236467237
		-auroc: 0.7404568170973655
2026-06-13 23:17:16 - __main__ - INFO - WCYKMVHQFDGRLITNEASP encoding is done for binary task with:
	-custom
		-f1: 0.8320846187747907
		-auroc: 0.7457676541907687
	-resnet
		-f1: 0.821413634462568
		-auroc: 0.7045478010218461
2026-06-13 23:21:05 - __main__ - INFO - WCYKMVHQFDGRLITNEASP encoding is done for binary task with:
	-custom
		-f1: 0.8308790718429273
		-auroc: 0.7500851073329036
	-resnet
		-f1: 0.81419624217119
		-auroc: 0.6932850314339051
2026-06-13 23:24:55 - __main__ - INFO - WCYKMVHQFDGRLITNEASP encoding is done for binary task with:
	-custom
		-f1: 0.8313413014608234
		-auroc: 0.74688032792832
	-resnet
		-f1: 0.8210332103321033
		-auroc: 0.752798775570568
2026-06-13 23:28:45 - __main__ - INFO - WCYKMVHQFDGRLITNEASP encoding is done for binary task with:
	-custom
		-f1: 0.8288128056914184
		-auroc: 0.7455890683118891
	-resnet
		-f1: 0.8258750553832521
		-auroc: 0.7398910626138835
2026-06-13 23:32:34 - __main__ - INFO - WCYKMVHQFDGRLITNEASP encoding is done for binary task with:
	-custom
		-f1: 0.8233199821984869
		-auroc: 0.7385998029974523
	-resnet
		-f1: 0.7718191377497371
		-auroc: 0.7547506634186361
2026-06-13 23:36:23 - __main__ - INFO - WCYKMVHQFDGRLITNEASP encoding is done for binary task with:
	-custom
		-f1: 0.8285077951002228
		-auroc: 0.7460341378069095
	-resnet
		-f1: 0.7971014492753623
		-auroc: 0.7444715113667121
2026-06-13 23:40:12 - __main__ - INFO - WCYKMVHQFDGRLITNEASP encoding is done for binary task with:
	-custom
		-f1: 0.8285714285714286
		-auroc: 0.7471914580141809
	-resnet
		-f1: 0.8278388278388278
		-auroc: 0.7582302976524329
2026-06-13 23:44:02 - __main__ - INFO - WCYKMVHQFDGRLITNEASP encoding is done for binary task with:
	-custom
		-f1: 0.8290293855743545
		-auroc: 0.74652385377165
	-resnet
		-f1: 0.8174831892411143
		-auroc: 0.7671756364214738
2026-06-13 23:47:51 - __main__ - INFO - WCYKMVHQFDGRLITNEASP encoding is done for binary task with:
	-custom
		-f1: 0.8323036187113857
		-auroc: 0.7467024396505297
	-resnet
		-f1: 0.8096153846153846
		-auroc: 0.7577824377530549
2026-06-13 23:51:41 - __main__ - INFO - WCYKMVHQFDGRLITNEASP encoding is done for binary task with:
	-custom
		-f1: 0.8297872340425532
		-auroc: 0.7454111800340987
	-resnet
		-f1: 0.8139321723189734
		-auroc: 0.7404233322450757
2026-06-13 23:55:31 - __main__ - INFO - WCYKMVHQFDGRLITNEASP encoding is done for binary task with:
	-custom
		-f1: 0.833922261484099
		-auroc: 0.7493289077520223
	-resnet
		-f1: 0.8099173553719008
		-auroc: 0.7633465040419007
2026-06-13 23:59:21 - __main__ - INFO - WCYKMVHQFDGRLITNEASP encoding is done for binary task with:
	-custom
		-f1: 0.8342198581560284
		-auroc: 0.7514210134190545
	-resnet
		-f1: 0.8065099457504521
		-auroc: 0.7238636775855188
2026-06-14 00:03:11 - __main__ - INFO - WCYKMVHQFDGRLITNEASP encoding is done for binary task with:
	-custom
		-f1: 0.8299866131191432
		-auroc: 0.7488831406559125
	-resnet
		-f1: 0.8074766355140187
		-auroc: 0.7414906619118176
2026-06-14 00:07:00 - __main__ - INFO - WCYKMVHQFDGRLITNEASP encoding is done for binary task with:
	-custom
		-f1: 0.8298347476552033
		-auroc: 0.7491056754034227
	-resnet
		-f1: 0.7361419068736141
		-auroc: 0.7404135658298243
2026-06-14 00:10:49 - __main__ - INFO - WCYKMVHQFDGRLITNEASP encoding is done for binary task with:
	-custom
		-f1: 0.8297213622291022
		-auroc: 0.7442538598268275
	-resnet
		-f1: 0.7965587044534413
		-auroc: 0.7657483445926148
2026-06-14 00:14:38 - __main__ - INFO - WCYKMVHQFDGRLITNEASP encoding is done for binary task with:
	-custom
		-f1: 0.8291390728476821
		-auroc: 0.7426068236548159
	-resnet
		-f1: 0.8374884579870729
		-auroc: 0.7746567105039192
2026-06-14 00:18:27 - __main__ - INFO - WCYKMVHQFDGRLITNEASP encoding is done for binary task with:
	-custom
		-f1: 0.8297872340425532
		-auroc: 0.7454111800340987
	-resnet
		-f1: 0.7950124688279302
		-auroc: 0.757112740707256
2026-06-14 00:22:16 - __main__ - INFO - WCYKMVHQFDGRLITNEASP encoding is done for binary task with:
	-custom
		-f1: 0.82688028482421
		-auroc: 0.7434076697054169
	-resnet
		-f1: 0.8189509306260575
		-auroc: 0.7069510367747391
2026-06-14 00:26:05 - __main__ - INFO - WCYKMVHQFDGRLITNEASP encoding is done for binary task with:
	-custom
		-f1: 0.8321428571428572
		-auroc: 0.7519993247221456
	-resnet
		-f1: 0.8225957049486461
		-auroc: 0.760499593996166
2026-06-14 00:29:54 - __main__ - INFO - WCYKMVHQFDGRLITNEASP encoding is done for binary task with:
	-custom
		-f1: 0.8276169265033407
		-auroc: 0.7448321711299184
	-resnet
		-f1: 0.7698701298701298
		-auroc: 0.7467826637758078
2026-06-14 00:33:43 - __main__ - INFO - WCYKMVHQFDGRLITNEASP encoding is done for binary task with:
	-custom
		-f1: 0.8308103294746215
		-auroc: 0.7489277871256323
	-resnet
		-f1: 0.8015602145294978
		-auroc: 0.7543983748685021
2026-06-14 00:37:31 - __main__ - INFO - WCYKMVHQFDGRLITNEASP encoding is done for binary task with:
	-custom
		-f1: 0.8324514991181657
		-auroc: 0.7464799049030195
	-resnet
		-f1: 0.8024193548387096
		-auroc: 0.6567830544324178
2026-06-14 00:41:19 - __main__ - INFO - WCYKMVHQFDGRLITNEASP encoding is done for binary task with:
	-custom
		-f1: 0.8265124555160143
		-auroc: 0.7426954189931663
	-resnet
		-f1: 0.8202193609918932
		-auroc: 0.7673095758306335
2026-06-14 00:45:07 - __main__ - INFO - WCYKMVHQFDGRLITNEASP encoding is done for binary task with:
	-custom
		-f1: 0.8334069818824569
		-auroc: 0.7488391917872819
	-resnet
		-f1: 0.8170790878214459
		-auroc: 0.7713152012858183
2026-06-14 00:48:56 - __main__ - INFO - WCYKMVHQFDGRLITNEASP encoding is done for binary task with:
	-custom
		-f1: 0.825255669186305
		-auroc: 0.7407812016039244
	-resnet
		-f1: 0.8019559902200489
		-auroc: 0.6620799395040335
2026-06-14 00:52:45 - __main__ - INFO - WCYKMVHQFDGRLITNEASP encoding is done for binary task with:
	-custom
		-f1: 0.8316303864948912
		-auroc: 0.7489724335953523
	-resnet
		-f1: 0.8255707762557077
		-auroc: 0.7539567933789286
2026-06-14 00:56:35 - __main__ - INFO - WCYKMVHQFDGRLITNEASP encoding is done for binary task with:
	-custom
		-f1: 0.8305383936451898
		-auroc: 0.7442985062965476
	-resnet
		-f1: 0.8134939759036145
		-auroc: 0.7637476246682907
2026-06-14 01:00:24 - __main__ - INFO - WCYKMVHQFDGRLITNEASP encoding is done for binary task with:
	-custom
		-f1: 0.82792352156514
		-auroc: 0.7443871016348979
	-resnet
		-f1: 0.8207592503604036
		-auroc: 0.7714937871646981
2026-06-14 01:04:15 - __main__ - INFO - WCYKMVHQFDGRLITNEASP encoding is done for binary task with:
	-custom
		-f1: 0.8275555555555556
		-auroc: 0.7436748509226473
	-resnet
		-f1: 0.7859759288330717
		-auroc: 0.7687738405172293
2026-06-14 01:08:05 - __main__ - INFO - WCYKMVHQFDGRLITNEASP encoding is done for binary task with:
	-custom
		-f1: 0.8287243532560215
		-auroc: 0.7469689232666706
	-resnet
		-f1: 0.7940214852872489
		-auroc: 0.7239508777216906
2026-06-14 01:11:54 - __main__ - INFO - WCYKMVHQFDGRLITNEASP encoding is done for binary task with:
	-custom
		-f1: 0.8263579697239537
		-auroc: 0.7429179537406765
	-resnet
		-f1: 0.8214285714285714
		-auroc: 0.7375757245982515
2026-06-14 01:15:42 - __main__ - INFO - WCYKMVHQFDGRLITNEASP encoding is done for binary task with:
	-custom
		-f1: 0.8284182305630027
		-auroc: 0.7474139927616911
	-resnet
		-f1: 0.8294970161977835
		-auroc: 0.7257813829802077
2026-06-14 01:19:31 - __main__ - INFO - WCYKMVHQFDGRLITNEASP encoding is done for binary task with:
	-custom
		-f1: 0.8319290465631929
		-auroc: 0.7485273641003318
	-resnet
		-f1: 0.8176691729323309
		-auroc: 0.7572494705207731
2026-06-14 01:23:20 - __main__ - INFO - WCYKMVHQFDGRLITNEASP encoding is done for binary task with:
	-custom
		-f1: 0.8306595365418895
		-auroc: 0.7491503218731426
	-resnet
		-f1: 0.8322266489597167
		-auroc: 0.7480822946053113
2026-06-14 01:27:10 - __main__ - INFO - WCYKMVHQFDGRLITNEASP encoding is done for binary task with:
	-custom
		-f1: 0.8303886925795053
		-auroc: 0.7445210410440577
	-resnet
		-f1: 0.8318985047575895
		-auroc: 0.7586760647485427
2026-06-14 01:31:01 - __main__ - INFO - WCYKMVHQFDGRLITNEASP encoding is done for binary task with:
	-custom
		-f1: 0.8325188804975566
		-auroc: 0.7501744002723436
	-resnet
		-f1: 0.6383763837638377
		-auroc: 0.6929090244467325
2026-06-14 01:34:49 - __main__ - INFO - WCYKMVHQFDGRLITNEASP encoding is done for binary task with:
	-custom
		-f1: 0.8272484416740873
		-auroc: 0.7441199204176676
	-resnet
		-f1: 0.7919597989949749
		-auroc: 0.7569788012980961
2026-06-14 01:38:39 - __main__ - INFO - WCYKMVHQFDGRLITNEASP encoding is done for binary task with:
	-custom
		-f1: 0.8338421282163105
		-auroc: 0.7430972372206457
	-resnet
		-f1: 0.8244206773618539
		-auroc: 0.7407365551342046
2026-06-14 01:42:26 - __main__ - INFO - WCYKMVHQFDGRLITNEASP encoding is done for binary task with:
	-custom
		-f1: 0.8298059964726632
		-auroc: 0.742874004872046
	-resnet
		-f1: 0.8223062381852552
		-auroc: 0.7657964790677818
2026-06-14 01:46:14 - __main__ - INFO - WCYKMVHQFDGRLITNEASP encoding is done for binary task with:
	-custom
		-f1: 0.8270079435127978
		-auroc: 0.7394906395885827
	-resnet
		-f1: 0.8334794040315513
		-auroc: 0.7449221616704478
2026-06-14 01:50:04 - __main__ - INFO - WCYKMVHQFDGRLITNEASP encoding is done for binary task with:
	-custom
		-f1: 0.8304405874499332
		-auroc: 0.7482155364133817
	-resnet
		-f1: 0.6769964243146603
		-auroc: 0.7147683545822624
2026-06-14 01:53:51 - __main__ - INFO - WCYKMVHQFDGRLITNEASP encoding is done for binary task with:
	-custom
		-f1: 0.8293986636971047
		-auroc: 0.7472361044839009
	-resnet
		-f1: 0.8102099629477151
		-auroc: 0.6798862073103014
2026-06-14 01:57:42 - __main__ - INFO - WCYKMVHQFDGRLITNEASP encoding is done for binary task with:
	-custom
		-f1: 0.8273413226808699
		-auroc: 0.7427400654628862
	-resnet
		-f1: 0.8374429223744292
		-auroc: 0.7695823601798136
2026-06-14 02:01:34 - __main__ - INFO - WCYKMVHQFDGRLITNEASP encoding is done for binary task with:
	-custom
		-f1: 0.8291390728476821
		-auroc: 0.7426068236548159
	-resnet
		-f1: 0.8027750247770069
		-auroc: 0.7634790482488818
2026-06-14 02:05:24 - __main__ - INFO - WCYKMVHQFDGRLITNEASP encoding is done for binary task with:
	-custom
		-f1: 0.8322981366459627
		-auroc: 0.7492396148125826
	-resnet
		-f1: 0.819047619047619
		-auroc: 0.7651728236938814
2026-06-14 02:09:13 - __main__ - INFO - WCYKMVHQFDGRLITNEASP encoding is done for binary task with:
	-custom
		-f1: 0.8251001335113485
		-auroc: 0.7410037363514346
	-resnet
		-f1: 0.8133333333333334
		-auroc: 0.7579610236319346
2026-06-14 02:13:02 - __main__ - INFO - WCYKMVHQFDGRLITNEASP encoding is done for binary task with:
	-custom
		-f1: 0.8321554770318021
		-auroc: 0.7469249743980401
	-resnet
		-f1: 0.8138414367060884
		-auroc: 0.7177666440643914
2026-06-14 02:16:52 - __main__ - INFO - WCYKMVHQFDGRLITNEASP encoding is done for binary task with:
	-custom
		-f1: 0.8267857142857142
		-auroc: 0.7447875246601986
	-resnet
		-f1: 0.8082652570879385
		-auroc: 0.755868220363813
2026-06-14 02:20:42 - __main__ - INFO - WCYKMVHQFDGRLITNEASP encoding is done for binary task with:
	-custom
		-f1: 0.8291830493665356
		-auroc: 0.7375324733307105
	-resnet
		-f1: 0.8013902681231381
		-auroc: 0.7627221510669111
2026-06-14 02:24:31 - __main__ - INFO - WCYKMVHQFDGRLITNEASP encoding is done for binary task with:
	-custom
		-f1: 0.8267857142857142
		-auroc: 0.7447875246601986
	-resnet
		-f1: 0.7918987341772152
		-auroc: 0.7604507619199099
2026-06-14 02:28:22 - __main__ - INFO - WCYKMVHQFDGRLITNEASP encoding is done for binary task with:
	-custom
		-f1: 0.8297404311482622
		-auroc: 0.7417166846647748
	-resnet
		-f1: 0.7461706783369803
		-auroc: 0.7449549489216483
2026-06-14 02:32:12 - __main__ - INFO - WCYKMVHQFDGRLITNEASP encoding is done for binary task with:
	-custom
		-f1: 0.827433628318584
		-auroc: 0.7413602105081047
	-resnet
		-f1: 0.8182236539346526
		-auroc: 0.7480355553323231
2026-06-14 02:36:01 - __main__ - INFO - WCYKMVHQFDGRLITNEASP encoding is done for binary task with:
	-custom
		-f1: 0.8285714285714286
		-auroc: 0.7471914580141809
	-resnet
		-f1: 0.7828282828282829
		-auroc: 0.7484757416197182
2026-06-14 02:39:50 - __main__ - INFO - WCYKMVHQFDGRLITNEASP encoding is done for binary task with:
	-custom
		-f1: 0.8332592263228101
		-auroc: 0.7515989016968448
	-resnet
		-f1: 0.8043912175648703
		-auroc: 0.768642691512427
2026-06-14 02:43:39 - __main__ - INFO - WCYKMVHQFDGRLITNEASP encoding is done for binary task with:
	-custom
		-f1: 0.8294642857142858
		-auroc: 0.7483934246911721
	-resnet
		-f1: 0.8322026232473994
		-auroc: 0.7582309952535222
2026-06-14 02:47:28 - __main__ - INFO - WCYKMVHQFDGRLITNEASP encoding is done for binary task with:
	-custom
		-f1: 0.8301552106430156
		-auroc: 0.7461234307463496
	-resnet
		-f1: 0.7803860198226396
		-auroc: 0.7608944362127515
2026-06-14 02:51:18 - __main__ - INFO - WCYKMVHQFDGRLITNEASP encoding is done for binary task with:
	-custom
		-f1: 0.8280764104842292
		-auroc: 0.7441645668873877
	-resnet
		-f1: 0.8131868131868132
		-auroc: 0.759340878586716
2026-06-14 02:55:08 - __main__ - INFO - WCYKMVHQFDGRLITNEASP encoding is done for binary task with:
	-custom
		-f1: 0.8326675543719485
		-auroc: 0.7499518655248331
	-resnet
		-f1: 0.8099094807050977
		-auroc: 0.7538654076362206
2026-06-14 02:58:58 - __main__ - INFO - WCYKMVHQFDGRLITNEASP encoding is done for binary task with:
	-custom
		-f1: 0.8318505338078291
		-auroc: 0.7499072190551133
	-resnet
		-f1: 0.808837656099904
		-auroc: 0.7563579363285533
2026-06-14 03:02:47 - __main__ - INFO - WCYKMVHQFDGRLITNEASP encoding is done for binary task with:
	-custom
		-f1: 0.8280764104842292
		-auroc: 0.7441645668873877
	-resnet
		-f1: 0.7913598429062346
		-auroc: 0.7451384180081536
2026-06-14 03:06:37 - __main__ - INFO - WCYKMVHQFDGRLITNEASP encoding is done for binary task with:
	-custom
		-f1: 0.8337009263343625
		-auroc: 0.7483941222922614
	-resnet
		-f1: 0.8019047619047619
		-auroc: 0.7435374235080405
2026-06-14 03:10:28 - __main__ - INFO - WCYKMVHQFDGRLITNEASP encoding is done for binary task with:
	-custom
		-f1: 0.8273730684326711
		-auroc: 0.7402028903008335
	-resnet
		-f1: 0.7214406302757457
		-auroc: 0.7319991014897969
2026-06-14 03:14:18 - __main__ - INFO - WCYKMVHQFDGRLITNEASP encoding is done for binary task with:
	-custom
		-f1: 0.8262617239839214
		-auroc: 0.744297808695458
	-resnet
		-f1: 0.7626050420168067
		-auroc: 0.7437104285782052
2026-06-14 03:18:07 - __main__ - INFO - WCYKMVHQFDGRLITNEASP encoding is done for binary task with:
	-custom
		-f1: 0.8307418924922256
		-auroc: 0.7477704669183611
	-resnet
		-f1: 0.8245850157021085
		-auroc: 0.7442085157560182
2026-06-14 03:21:57 - __main__ - INFO - WCYKMVHQFDGRLITNEASP encoding is done for binary task with:
	-custom
		-f1: 0.8290293855743545
		-auroc: 0.74652385377165
	-resnet
		-f1: 0.8148496240601504
		-auroc: 0.7536435704897997
2026-06-14 03:25:46 - __main__ - INFO - WCYKMVHQFDGRLITNEASP encoding is done for binary task with:
	-custom
		-f1: 0.8317094774136404
		-auroc: 0.7475925786405708
	-resnet
		-f1: 0.8295096716149347
		-auroc: 0.752087920060496
2026-06-14 03:29:35 - __main__ - INFO - WCYKMVHQFDGRLITNEASP encoding is done for binary task with:
	-custom
		-f1: 0.8325952170062002
		-auroc: 0.748794545317562
	-resnet
		-f1: 0.8134362233318202
		-auroc: 0.7350818007037399
2026-06-14 03:33:26 - __main__ - INFO - WCYKMVHQFDGRLITNEASP encoding is done for binary task with:
	-custom
		-f1: 0.831330663106364
		-auroc: 0.7494175030903728
	-resnet
		-f1: 0.8175454969668688
		-auroc: 0.7537775098989594
2026-06-14 03:37:15 - __main__ - INFO - WCYKMVHQFDGRLITNEASP encoding is done for binary task with:
	-custom
		-f1: 0.8299379982285208
		-auroc: 0.7451886452865885
	-resnet
		-f1: 0.815515610217597
		-auroc: 0.7576052470763538
2026-06-14 03:41:05 - __main__ - INFO - WCYKMVHQFDGRLITNEASP encoding is done for binary task with:
	-custom
		-f1: 0.8303886925795053
		-auroc: 0.7445210410440577
	-resnet
		-f1: 0.791459781529295
		-auroc: 0.7507024842969995
2026-06-14 03:44:55 - __main__ - INFO - WCYKMVHQFDGRLITNEASP encoding is done for binary task with:
	-custom
		-f1: 0.8315789473684211
		-auroc: 0.7427407630639755
	-resnet
		-f1: 0.7438370846730975
		-auroc: 0.7323130219800149
2026-06-14 03:48:44 - __main__ - INFO - WCYKMVHQFDGRLITNEASP encoding is done for binary task with:
	-custom
		-f1: 0.8303375712406839
		-auroc: 0.7408265456747337
	-resnet
		-f1: 0.8210116731517509
		-auroc: 0.7772803882010542
2026-06-14 03:52:34 - __main__ - INFO - WCYKMVHQFDGRLITNEASP encoding is done for binary task with:
	-custom
		-f1: 0.8267857142857142
		-auroc: 0.7447875246601986
	-resnet
		-f1: 0.6774386594853381
		-auroc: 0.7173501762140352
2026-06-14 03:56:22 - __main__ - INFO - WCYKMVHQFDGRLITNEASP encoding is done for binary task with:
	-custom
		-f1: 0.8305084745762712
		-auroc: 0.749372856620653
	-resnet
		-f1: 0.8259838786154575
		-auroc: 0.7719842007305279
2026-06-14 04:00:12 - __main__ - INFO - WCYKMVHQFDGRLITNEASP encoding is done for binary task with:
	-custom
		-f1: 0.8292465448060633
		-auroc: 0.7474586392314111
	-resnet
		-f1: 0.8255395683453237
		-auroc: 0.7465678026402806
2026-06-14 04:04:02 - __main__ - INFO - WCYKMVHQFDGRLITNEASP encoding is done for binary task with:
	-custom
		-f1: 0.8272157564905999
		-auroc: 0.7466570955797205
	-resnet
		-f1: 0.8060576453346361
		-auroc: 0.7608532777484787
2026-06-14 04:07:52 - __main__ - INFO - WCYKMVHQFDGRLITNEASP encoding is done for binary task with:
	-custom
		-f1: 0.8309608540925267
		-auroc: 0.7487052523781221
	-resnet
		-f1: 0.820094461142121
		-auroc: 0.7162542449026288
2026-06-14 04:11:42 - __main__ - INFO - WCYKMVHQFDGRLITNEASP encoding is done for binary task with:
	-custom
		-f1: 0.8276473194505981
		-auroc: 0.7422949959678657
	-resnet
		-f1: 0.5308641975308642
		-auroc: 0.6539075427420187
2026-06-14 04:15:32 - __main__ - INFO - WCYKMVHQFDGRLITNEASP encoding is done for binary task with:
	-custom
		-f1: 0.8323647742512293
		-auroc: 0.7529341101819064
	-resnet
		-f1: 0.8005836575875487
		-auroc: 0.7520390879842399
2026-06-14 04:19:21 - __main__ - INFO - WCYKMVHQFDGRLITNEASP encoding is done for binary task with:
	-custom
		-f1: 0.8294642857142858
		-auroc: 0.7483934246911721
	-resnet
		-f1: 0.8237273874631889
		-auroc: 0.7109134109623825
2026-06-14 04:23:11 - __main__ - INFO - WCYKMVHQFDGRLITNEASP encoding is done for binary task with:
	-custom
		-f1: 0.831029870708872
		-auroc: 0.7498625725853935
	-resnet
		-f1: 0.8266199649737302
		-auroc: 0.735083893507008
2026-06-14 04:27:00 - __main__ - INFO - WCYKMVHQFDGRLITNEASP encoding is done for binary task with:
	-custom
		-f1: 0.8288770053475936
		-auroc: 0.7467463885191604
	-resnet
		-f1: 0.821098901098901
		-auroc: 0.729474483147353
2026-06-14 04:30:52 - __main__ - INFO - WCYKMVHQFDGRLITNEASP encoding is done for binary task with:
	-custom
		-f1: 0.8281665190434012
		-auroc: 0.7427847119326062
	-resnet
		-f1: 0.7306190741773564
		-auroc: 0.7374306235716619
2026-06-14 04:34:43 - __main__ - INFO - WCYKMVHQFDGRLITNEASP encoding is done for binary task with:
	-custom
		-f1: 0.8321554770318021
		-auroc: 0.7469249743980401
	-resnet
		-f1: 0.8315508021390374
		-auroc: 0.7503522885501338
2026-06-14 04:38:33 - __main__ - INFO - WCYKMVHQFDGRLITNEASP encoding is done for binary task with:
	-custom
		-f1: 0.8293118856121537
		-auroc: 0.7486159594386823
	-resnet
		-f1: 0.83759203118233
		-auroc: 0.7449228592715371
2026-06-14 04:42:23 - __main__ - INFO - WCYKMVHQFDGRLITNEASP encoding is done for binary task with:
	-custom
		-f1: 0.833555259653795
		-auroc: 0.7511538322018244
	-resnet
		-f1: 0.7510683760683761
		-auroc: 0.7388572177994313
2026-06-14 04:46:13 - __main__ - INFO - WCYKMVHQFDGRLITNEASP encoding is done for binary task with:
	-custom
		-f1: 0.8275245755138516
		-auroc: 0.7462120260846998
	-resnet
		-f1: 0.8109382366808109
		-auroc: 0.7502155587366164
2026-06-14 04:50:03 - __main__ - INFO - WCYKMVHQFDGRLITNEASP encoding is done for binary task with:
	-custom
		-f1: 0.8277999114652501
		-auroc: 0.7420724612203554
	-resnet
		-f1: 0.8319290465631929
		-auroc: 0.7485273641003318
2026-06-14 04:53:52 - __main__ - INFO - WCYKMVHQFDGRLITNEASP encoding is done for binary task with:
	-custom
		-f1: 0.8293986636971047
		-auroc: 0.7472361044839009
	-resnet
		-f1: 0.8003820439350525
		-auroc: 0.7430030610735802
2026-06-14 04:57:42 - __main__ - INFO - WCYKMVHQFDGRLITNEASP encoding is done for binary task with:
	-custom
		-f1: 0.8293118856121537
		-auroc: 0.7486159594386823
	-resnet
		-f1: 0.8210905813429473
		-auroc: 0.7417152894625961
2026-06-14 05:01:32 - __main__ - INFO - WCYKMVHQFDGRLITNEASP encoding is done for binary task with:
	-custom
		-f1: 0.8282918149466192
		-auroc: 0.7450993523471486
	-resnet
		-f1: 0.814404432132964
		-auroc: 0.7446075435791399
2026-06-14 05:05:22 - __main__ - INFO - WCYKMVHQFDGRLITNEASP encoding is done for binary task with:
	-custom
		-f1: 0.8273413226808699
		-auroc: 0.7427400654628862
	-resnet
		-f1: 0.7485442032821599
		-auroc: 0.7315568223991339
2026-06-14 05:09:13 - __main__ - INFO - WCYKMVHQFDGRLITNEASP encoding is done for binary task with:
	-custom
		-f1: 0.8286604361370716
		-auroc: 0.7458116030593993
	-resnet
		-f1: 0.802962962962963
		-auroc: 0.7620991932941003
2026-06-14 05:13:03 - __main__ - INFO - WCYKMVHQFDGRLITNEASP encoding is done for binary task with:
	-custom
		-f1: 0.8345195729537367
		-auroc: 0.7535131190860868
	-resnet
		-f1: 0.8191721132897604
		-auroc: 0.7224412689642856
2026-06-14 05:16:53 - __main__ - INFO - WCYKMVHQFDGRLITNEASP encoding is done for binary task with:
	-custom
		-f1: 0.8274944567627495
		-auroc: 0.742517530715376
	-resnet
		-f1: 0.8154875717017208
		-auroc: 0.762457062652949
2026-06-14 05:20:42 - __main__ - INFO - WCYKMVHQFDGRLITNEASP encoding is done for binary task with:
	-custom
		-f1: 0.8285077951002228
		-auroc: 0.7460341378069095
	-resnet
		-f1: 0.7293190770962296
		-auroc: 0.740412868228735
2026-06-14 05:24:31 - __main__ - INFO - WCYKMVHQFDGRLITNEASP encoding is done for binary task with:
	-custom
		-f1: 0.824
		-auroc: 0.7388669842146824
	-resnet
		-f1: 0.8173666823973572
		-auroc: 0.7588518602230648
2026-06-14 05:28:20 - __main__ - INFO - WCYKMVHQFDGRLITNEASP encoding is done for binary task with:
	-custom
		-f1: 0.8297872340425532
		-auroc: 0.7454111800340987
	-resnet
		-f1: 0.8254113345521024
		-auroc: 0.7541793281264388
2026-06-14 05:32:10 - __main__ - INFO - WCYKMVHQFDGRLITNEASP encoding is done for binary task with:
	-custom
		-f1: 0.8277703604806409
		-auroc: 0.7446096363824082
	-resnet
		-f1: 0.8095238095238095
		-auroc: 0.76263425332965
2026-06-14 05:36:01 - __main__ - INFO - WCYKMVHQFDGRLITNEASP encoding is done for binary task with:
	-custom
		-f1: 0.8323036187113857
		-auroc: 0.7467024396505297
	-resnet
		-f1: 0.801762114537445
		-auroc: 0.7564904805355345
2026-06-14 05:39:51 - __main__ - INFO - WCYKMVHQFDGRLITNEASP encoding is done for binary task with:
	-custom
		-f1: 0.8301720335244817
		-auroc: 0.7435862555842968
	-resnet
		-f1: 0.7707006369426752
		-auroc: 0.7579554428232195
2026-06-14 05:43:41 - __main__ - INFO - WCYKMVHQFDGRLITNEASP encoding is done for binary task with:
	-custom
		-f1: 0.8269402319357716
		-auroc: 0.7445649899126883
	-resnet
		-f1: 0.8149184149184149
		-auroc: 0.7499490751204757
2026-06-14 05:47:31 - __main__ - INFO - WCYKMVHQFDGRLITNEASP encoding is done for binary task with:
	-custom
		-f1: 0.8303730017761989
		-auroc: 0.7470582162061103
	-resnet
		-f1: 0.8111689540937056
		-auroc: 0.7523076644036486
2026-06-14 05:51:20 - __main__ - INFO - WCYKMVHQFDGRLITNEASP encoding is done for binary task with:
	-custom
		-f1: 0.8276785714285714
		-auroc: 0.7459894913371896
	-resnet
		-f1: 0.8123711340206186
		-auroc: 0.6839371768362954
2026-06-14 05:55:10 - __main__ - INFO - WCYKMVHQFDGRLITNEASP encoding is done for binary task with:
	-custom
		-f1: 0.8276473194505981
		-auroc: 0.7422949959678657
	-resnet
		-f1: 0.7945205479452054
		-auroc: 0.7645017314459039
2026-06-14 05:58:59 - __main__ - INFO - WCYKMVHQFDGRLITNEASP encoding is done for binary task with:
	-custom
		-f1: 0.8299015219337511
		-auroc: 0.7502629956106939
	-resnet
		-f1: 0.8301552106430156
		-auroc: 0.7461234307463496
2026-06-14 06:02:49 - __main__ - INFO - WCYKMVHQFDGRLITNEASP encoding is done for binary task with:
	-custom
		-f1: 0.829052258635961
		-auroc: 0.7439866786095974
	-resnet
		-f1: 0.8375611927013796
		-auroc: 0.7578312698293109
2026-06-14 06:06:40 - __main__ - INFO - WCYKMVHQFDGRLITNEASP encoding is done for binary task with:
	-custom
		-f1: 0.8263579697239537
		-auroc: 0.7429179537406765
	-resnet
		-f1: 0.828125
		-auroc: 0.7328585460319055
2026-06-14 06:10:27 - __main__ - INFO - WCYKMVHQFDGRLITNEASP encoding is done for binary task with:
	-custom
		-f1: 0.8241071428571428
		-auroc: 0.7411816246292249
	-resnet
		-f1: 0.8398972602739726
		-auroc: 0.7425196235186441
2026-06-14 06:14:18 - __main__ - INFO - WCYKMVHQFDGRLITNEASP encoding is done for binary task with:
	-custom
		-f1: 0.8336989907854322
		-auroc: 0.7458569471302086
	-resnet
		-f1: 0.8233766233766234
		-auroc: 0.7249791417274278
2026-06-14 06:18:08 - __main__ - INFO - WCYKMVHQFDGRLITNEASP encoding is done for binary task with:
	-custom
		-f1: 0.8282918149466192
		-auroc: 0.7450993523471486
	-resnet
		-f1: 0.7610903260288616
		-auroc: 0.7503871686046025
2026-06-14 06:21:56 - __main__ - INFO - WCYKMVHQFDGRLITNEASP encoding is done for binary task with:
	-custom
		-f1: 0.8285968028419183
		-auroc: 0.7446542828521281
	-resnet
		-f1: 0.8112286411716843
		-auroc: 0.6748565034559157
2026-06-14 06:25:45 - __main__ - INFO - WCYKMVHQFDGRLITNEASP encoding is done for binary task with:
	-custom
		-f1: 0.8329621380846325
		-auroc: 0.7520439711918654
	-resnet
		-f1: 0.8220973782771536
		-auroc: 0.7611671982386967
2026-06-14 06:29:34 - __main__ - INFO - WCYKMVHQFDGRLITNEASP encoding is done for binary task with:
	-custom
		-f1: 0.8307280035730237
		-auroc: 0.750307642080414
	-resnet
		-f1: 0.7829218106995884
		-auroc: 0.7572892337828674
2026-06-14 06:33:24 - __main__ - INFO - WCYKMVHQFDGRLITNEASP encoding is done for binary task with:
	-custom
		-f1: 0.8295505117935025
		-auroc: 0.7470135697363904
	-resnet
		-f1: 0.8283261802575107
		-auroc: 0.7275616609602897
2026-06-14 06:37:14 - __main__ - INFO - WCYKMVHQFDGRLITNEASP encoding is done for binary task with:
	-custom
		-f1: 0.8290293855743545
		-auroc: 0.74652385377165
	-resnet
		-f1: 0.7931372549019607
		-auroc: 0.7466075659023749
2026-06-14 06:41:05 - __main__ - INFO - WCYKMVHQFDGRLITNEASP encoding is done for binary task with:
	-custom
		-f1: 0.8284818629646216
		-auroc: 0.7485713129689623
	-resnet
		-f1: 0.8086359175662414
		-auroc: 0.7660615674817437
2026-06-14 06:44:54 - __main__ - INFO - WCYKMVHQFDGRLITNEASP encoding is done for binary task with:
	-custom
		-f1: 0.8297020898176968
		-auroc: 0.7467910349888802
	-resnet
		-f1: 0.825275657336726
		-auroc: 0.7172343744331992
2026-06-14 06:48:43 - __main__ - INFO - WCYKMVHQFDGRLITNEASP encoding is done for binary task with:
	-custom
		-f1: 0.8293986636971047
		-auroc: 0.7472361044839009
	-resnet
		-f1: 0.8082393330063756
		-auroc: 0.765349316769493
2026-06-14 06:52:32 - __main__ - INFO - WCYKMVHQFDGRLITNEASP encoding is done for binary task with:
	-custom
		-f1: 0.8267260579064588
		-auroc: 0.7436302044529273
	-resnet
		-f1: 0.8344489067380634
		-auroc: 0.7548929740408682
2026-06-14 06:56:22 - __main__ - INFO - WCYKMVHQFDGRLITNEASP encoding is done for binary task with:
	-custom
		-f1: 0.8290941543953592
		-auroc: 0.7476811739789213
	-resnet
		-f1: 0.8126474752241624
		-auroc: 0.7528420268381091
2026-06-14 07:00:12 - __main__ - INFO - WCYKMVHQFDGRLITNEASP encoding is done for binary task with:
	-custom
		-f1: 0.8271879164815638
		-auroc: 0.7429626002103965
	-resnet
		-f1: 0.8022088353413654
		-auroc: 0.7687759333204974
2026-06-14 07:04:01 - __main__ - INFO - WCYKMVHQFDGRLITNEASP encoding is done for binary task with:
	-custom
		-f1: 0.8275862068965517
		-auroc: 0.7473693462919713
	-resnet
		-f1: 0.8332596196373286
		-auroc: 0.7490617265347923
2026-06-14 07:07:51 - __main__ - INFO - WCYKMVHQFDGRLITNEASP encoding is done for binary task with:
	-custom
		-f1: 0.8310104529616724
		-auroc: 0.7385565517299112
	-resnet
		-f1: 0.8120229007633588
		-auroc: 0.7572041264499638
2026-06-14 07:11:41 - __main__ - INFO - WCYKMVHQFDGRLITNEASP encoding is done for binary task with:
	-custom
		-f1: 0.831029870708872
		-auroc: 0.7498625725853935
	-resnet
		-f1: 0.8312720848056537
		-auroc: 0.7457230077210488
2026-06-14 07:15:31 - __main__ - INFO - WCYKMVHQFDGRLITNEASP encoding is done for binary task with:
	-custom
		-f1: 0.8271549799017418
		-auroc: 0.7454997753724493
	-resnet
		-f1: 0.797138477261114
		-auroc: 0.7708673413864402
2026-06-14 07:19:20 - __main__ - INFO - WCYKMVHQFDGRLITNEASP encoding is done for binary task with:
	-custom
		-f1: 0.8281665190434012
		-auroc: 0.7427847119326062
	-resnet
		-f1: 0.7749612002069323
		-auroc: 0.7507003914937314
2026-06-14 07:23:10 - __main__ - INFO - WCYKMVHQFDGRLITNEASP encoding is done for binary task with:
	-custom
		-f1: 0.8346666666666667
		-auroc: 0.7532905843385767
	-resnet
		-f1: 0.8201892744479495
		-auroc: 0.7405133227856049
2026-06-14 07:27:00 - __main__ - INFO - WCYKMVHQFDGRLITNEASP encoding is done for binary task with:
	-custom
		-f1: 0.8297682709447415
		-auroc: 0.7479483551961514
	-resnet
		-f1: 0.8306900985855122
		-auroc: 0.7302327755315023
2026-06-14 07:30:50 - __main__ - INFO - WCYKMVHQFDGRLITNEASP encoding is done for binary task with:
	-custom
		-f1: 0.8348056537102474
		-auroc: 0.7505308744290136
	-resnet
		-f1: 0.8148760330578513
		-auroc: 0.68870039707454
2026-06-14 07:34:38 - __main__ - INFO - WCYKMVHQFDGRLITNEASP encoding is done for binary task with:
	-custom
		-f1: 0.8284075871195412
		-auroc: 0.7411823222303144
	-resnet
		-f1: 0.8196274420717855
		-auroc: 0.7437181021901884
2026-06-14 07:38:29 - __main__ - INFO - WCYKMVHQFDGRLITNEASP encoding is done for binary task with:
	-custom
		-f1: 0.8276169265033407
		-auroc: 0.7448321711299184
	-resnet
		-f1: 0.7098623853211009
		-auroc: 0.7290601081002649
2026-06-14 07:42:19 - __main__ - INFO - WCYKMVHQFDGRLITNEASP encoding is done for binary task with:
	-custom
		-f1: 0.8323699421965318
		-auroc: 0.7503969350198537
	-resnet
		-f1: 0.8242100578549176
		-auroc: 0.7398017696744434
2026-06-14 07:46:09 - __main__ - INFO - WCYKMVHQFDGRLITNEASP encoding is done for binary task with:
	-custom
		-f1: 0.830755634114008
		-auroc: 0.7452332917563084
	-resnet
		-f1: 0.7675276752767528
		-auroc: 0.7511001169179425
2026-06-14 07:49:59 - __main__ - INFO - WCYKMVHQFDGRLITNEASP encoding is done for binary task with:
	-custom
		-f1: 0.8273703041144902
		-auroc: 0.7464345608322103
	-resnet
		-f1: 0.7251264755480608
		-auroc: 0.7353824667732601
2026-06-14 07:53:49 - __main__ - INFO - WCYKMVHQFDGRLITNEASP encoding is done for binary task with:
	-custom
		-f1: 0.8267020335985853
		-auroc: 0.7399357090836033
	-resnet
		-f1: 0.8129699248120301
		-auroc: 0.7512396371358174
2026-06-14 07:57:39 - __main__ - INFO - WCYKMVHQFDGRLITNEASP encoding is done for binary task with:
	-custom
		-f1: 0.8290293855743545
		-auroc: 0.74652385377165
	-resnet
		-f1: 0.7873114924596983
		-auroc: 0.7674386320321678
2026-06-14 08:01:28 - __main__ - INFO - WCYKMVHQFDGRLITNEASP encoding is done for binary task with:
	-custom
		-f1: 0.8310991957104558
		-auroc: 0.7510198927926647
	-resnet
		-f1: 0.8060873834069711
		-auroc: 0.763167918163021
2026-06-14 08:05:18 - __main__ - INFO - WCYKMVHQFDGRLITNEASP encoding is done for binary task with:
	-custom
		-f1: 0.8293986636971047
		-auroc: 0.7472361044839009
	-resnet
		-f1: 0.6313131313131313
		-auroc: 0.6999861874984303
2026-06-14 08:09:08 - __main__ - INFO - WCYKMVHQFDGRLITNEASP encoding is done for binary task with:
	-custom
		-f1: 0.825368468066101
		-auroc: 0.7430958420184669
	-resnet
		-f1: 0.7809621289662231
		-auroc: 0.7525706600143427
2026-06-14 08:12:57 - __main__ - INFO - WCYKMVHQFDGRLITNEASP encoding is done for binary task with:
	-custom
		-f1: 0.8311804008908686
		-auroc: 0.7496400378378829
	-resnet
		-f1: 0.7992007992007992
		-auroc: 0.7628553928749815
2026-06-14 08:16:48 - __main__ - INFO - WCYKMVHQFDGRLITNEASP encoding is done for binary task with:
	-custom
		-f1: 0.828853046594982
		-auroc: 0.749283563681213
	-resnet
		-f1: 0.803187250996016
		-auroc: 0.6510410998657816
2026-06-14 08:20:38 - __main__ - INFO - WCYKMVHQFDGRLITNEASP encoding is done for binary task with:
	-custom
		-f1: 0.833922261484099
		-auroc: 0.7493289077520223
	-resnet
		-f1: 0.8137164040778498
		-auroc: 0.7454976825691811
2026-06-14 08:24:27 - __main__ - INFO - WCYKMVHQFDGRLITNEASP encoding is done for binary task with:
	-custom
		-f1: 0.8269402319357716
		-auroc: 0.7445649899126883
	-resnet
		-f1: 0.8048661800486618
		-auroc: 0.7575592054044551
2026-06-14 08:28:19 - __main__ - INFO - WCYKMVHQFDGRLITNEASP encoding is done for binary task with:
	-custom
		-f1: 0.8306595365418895
		-auroc: 0.7491503218731426
	-resnet
		-f1: 0.834338747099768
		-auroc: 0.7728757349227476
2026-06-14 08:32:09 - __main__ - INFO - WCYKMVHQFDGRLITNEASP encoding is done for binary task with:
	-custom
		-f1: 0.8293333333333334
		-auroc: 0.7460787842766295
	-resnet
		-f1: 0.8289241622574955
		-auroc: 0.741672038195055
2026-06-14 08:35:58 - __main__ - INFO - WCYKMVHQFDGRLITNEASP encoding is done for binary task with:
	-custom
		-f1: 0.8296362023070097
		-auroc: 0.745633714781609
	-resnet
		-f1: 0.816557734204793
		-auroc: 0.7188353689333121
2026-06-14 08:39:48 - __main__ - INFO - WCYKMVHQFDGRLITNEASP encoding is done for binary task with:
	-custom
		-f1: 0.8283548818546589
		-auroc: 0.7462566725544199
	-resnet
		-f1: 0.7099715099715099
		-auroc: 0.7260332169734717
2026-06-14 08:43:38 - __main__ - INFO - WCYKMVHQFDGRLITNEASP encoding is done for binary task with:
	-custom
		-f1: 0.8287731685789939
		-auroc: 0.7418945729425652
	-resnet
		-f1: 0.814466885861907
		-auroc: 0.7529313197775489
2026-06-14 08:47:27 - __main__ - INFO - WCYKMVHQFDGRLITNEASP encoding is done for binary task with:
	-custom
		-f1: 0.8293986636971047
		-auroc: 0.7472361044839009
	-resnet
		-f1: 0.7662269129287599
		-auroc: 0.7501206849884616
2026-06-14 08:51:17 - __main__ - INFO - WCYKMVHQFDGRLITNEASP encoding is done for binary task with:
	-custom
		-f1: 0.8315696649029982
		-auroc: 0.7452779382260284
	-resnet
		-f1: 0.8261063924899419
		-auroc: 0.7445203434429684
2026-06-14 08:55:06 - __main__ - INFO - WCYKMVHQFDGRLITNEASP encoding is done for binary task with:
	-custom
		-f1: 0.8325952170062002
		-auroc: 0.748794545317562
	-resnet
		-f1: 0.8225667527993109
		-auroc: 0.7212399998883838
2026-06-14 08:58:56 - __main__ - INFO - WCYKMVHQFDGRLITNEASP encoding is done for binary task with:
	-custom
		-f1: 0.8265486725663717
		-auroc: 0.7401582438311136
	-resnet
		-f1: 0.7952522255192879
		-auroc: 0.753418245337932
2026-06-14 09:02:46 - __main__ - INFO - WCYKMVHQFDGRLITNEASP encoding is done for binary task with:
	-custom
		-f1: 0.8295505117935025
		-auroc: 0.7470135697363904
	-resnet
		-f1: 0.6773238602723505
		-auroc: 0.7117414634554693
2026-06-14 09:06:36 - __main__ - INFO - WCYKMVHQFDGRLITNEASP encoding is done for binary task with:
	-custom
		-f1: 0.8321428571428572
		-auroc: 0.7519993247221456
	-resnet
		-f1: 0.8353741496598639
		-auroc: 0.7637064662040176
2026-06-14 09:10:25 - __main__ - INFO - WCYKMVHQFDGRLITNEASP encoding is done for binary task with:
	-custom
		-f1: 0.8320070733863837
		-auroc: 0.7471475091455503
	-resnet
		-f1: 0.8288907996560619
		-auroc: 0.7292086971323014
2026-06-14 09:14:15 - __main__ - INFO - WCYKMVHQFDGRLITNEASP encoding is done for binary task with:
	-custom
		-f1: 0.8283548818546589
		-auroc: 0.7462566725544199
	-resnet
		-f1: 0.8242205151378219
		-auroc: 0.7471907604130914
2026-06-14 09:18:04 - __main__ - INFO - WCYKMVHQFDGRLITNEASP encoding is done for binary task with:
	-custom
		-f1: 0.832
		-auroc: 0.749684684307603
	-resnet
		-f1: 0.8247803975959316
		-auroc: 0.7587639624858038
2026-06-14 09:21:54 - __main__ - INFO - WCYKMVHQFDGRLITNEASP encoding is done for binary task with:
	-custom
		-f1: 0.8282016956715752
		-auroc: 0.7464792073019302
	-resnet
		-f1: 0.8114953726254263
		-auroc: 0.7661955068909034
2026-06-14 09:25:42 - __main__ - INFO - WCYKMVHQFDGRLITNEASP encoding is done for binary task with:
	-custom
		-f1: 0.8291167332445628
		-auroc: 0.7451439988168685
	-resnet
		-f1: 0.8239110287303059
		-auroc: 0.758719316016084
2026-06-14 09:29:31 - __main__ - INFO - WCYKMVHQFDGRLITNEASP encoding is done for binary task with:
	-custom
		-f1: 0.829052258635961
		-auroc: 0.7439866786095974
	-resnet
		-f1: 0.8175985334555453
		-auroc: 0.7452311989530402
2026-06-14 09:33:23 - __main__ - INFO - WCYKMVHQFDGRLITNEASP encoding is done for binary task with:
	-custom
		-f1: 0.8262032085561497
		-auroc: 0.7431404884881868
	-resnet
		-f1: 0.707105719237435
		-auroc: 0.7299056006205858
2026-06-14 09:37:13 - __main__ - INFO - WCYKMVHQFDGRLITNEASP encoding is done for binary task with:
	-custom
		-f1: 0.8270944741532977
		-auroc: 0.744342455165178
	-resnet
		-f1: 0.8175985334555453
		-auroc: 0.7452311989530402
2026-06-14 09:41:04 - __main__ - INFO - WCYKMVHQFDGRLITNEASP encoding is done for binary task with:
	-custom
		-f1: 0.8316303864948912
		-auroc: 0.7489724335953523
	-resnet
		-f1: 0.8294974166275246
		-auroc: 0.7721627866094075
2026-06-14 09:44:53 - __main__ - INFO - WCYKMVHQFDGRLITNEASP encoding is done for binary task with:
	-custom
		-f1: 0.824669603524229
		-auroc: 0.7354396700625888
	-resnet
		-f1: 0.8294252873563218
		-auroc: 0.7622366207087068
2026-06-14 09:48:43 - __main__ - INFO - WCYKMVHQFDGRLITNEASP encoding is done for binary task with:
	-custom
		-f1: 0.8264536173990236
		-auroc: 0.7415380987858952
	-resnet
		-f1: 0.8138056312443234
		-auroc: 0.7357940514159907
2026-06-14 09:52:31 - __main__ - INFO - WCYKMVHQFDGRLITNEASP encoding is done for binary task with:
	-custom
		-f1: 0.8287885561019223
		-auroc: 0.7481262434739417
	-resnet
		-f1: 0.7643979057591623
		-auroc: 0.7442447910126657
2026-06-14 09:56:22 - __main__ - INFO - WCYKMVHQFDGRLITNEASP encoding is done for binary task with:
	-custom
		-f1: 0.828646748681898
		-auroc: 0.7395799325280227
	-resnet
		-f1: 0.7226890756302521
		-auroc: 0.7311089624997558
2026-06-14 10:00:11 - __main__ - INFO - WCYKMVHQFDGRLITNEASP encoding is done for binary task with:
	-custom
		-f1: 0.8237394020526551
		-auroc: 0.7404693739169742
	-resnet
		-f1: 0.8049713193116634
		-auroc: 0.7492354292060464
2026-06-14 10:04:00 - __main__ - INFO - WCYKMVHQFDGRLITNEASP encoding is done for binary task with:
	-custom
		-f1: 0.8281665190434012
		-auroc: 0.7427847119326062
	-resnet
		-f1: 0.8148148148148148
		-auroc: 0.7524862502825285
2026-06-14 10:07:50 - __main__ - INFO - WCYKMVHQFDGRLITNEASP encoding is done for binary task with:
	-custom
		-f1: 0.8262994224788983
		-auroc: 0.7417606335334053
	-resnet
		-f1: 0.8367697594501718
		-auroc: 0.7398038624777117
2026-06-14 10:11:41 - __main__ - INFO - WCYKMVHQFDGRLITNEASP encoding is done for binary task with:
	-custom
		-f1: 0.8276473194505981
		-auroc: 0.7422949959678657
	-resnet
		-f1: 0.8106284268241248
		-auroc: 0.693551515050046
2026-06-14 10:15:30 - __main__ - INFO - WCYKMVHQFDGRLITNEASP encoding is done for binary task with:
	-custom
		-f1: 0.8276169265033407
		-auroc: 0.7448321711299184
	-resnet
		-f1: 0.7936507936507936
		-auroc: 0.7528838829034716
2026-06-14 10:19:20 - __main__ - INFO - WCYKMVHQFDGRLITNEASP encoding is done for binary task with:
	-custom
		-f1: 0.8287243532560215
		-auroc: 0.7469689232666706
	-resnet
		-f1: 0.8033932135728543
		-auroc: 0.7674407248354358
2026-06-14 10:23:10 - __main__ - INFO - WCYKMVHQFDGRLITNEASP encoding is done for binary task with:
	-custom
		-f1: 0.8306595365418895
		-auroc: 0.7491503218731426
	-resnet
		-f1: 0.7785234899328859
		-auroc: 0.7538612220296843
2026-06-14 10:26:59 - __main__ - INFO - WCYKMVHQFDGRLITNEASP encoding is done for binary task with:
	-custom
		-f1: 0.8307418924922256
		-auroc: 0.7477704669183611
	-resnet
		-f1: 0.8112488083889419
		-auroc: 0.7557796250254625
2026-06-14 10:30:50 - __main__ - INFO - WCYKMVHQFDGRLITNEASP encoding is done for binary task with:
	-custom
		-f1: 0.8308921438082557
		-auroc: 0.7475479321708509
	-resnet
		-f1: 0.7956064947468959
		-auroc: 0.7369932276886243
2026-06-14 10:34:40 - __main__ - INFO - WCYKMVHQFDGRLITNEASP encoding is done for binary task with:
	-custom
		-f1: 0.8319139399372478
		-auroc: 0.7536017144244372
	-resnet
		-f1: 0.7207207207207207
		-auroc: 0.7315093855250565
2026-06-14 10:38:29 - __main__ - INFO - WCYKMVHQFDGRLITNEASP encoding is done for binary task with:
	-custom
		-f1: 0.8265124555160143
		-auroc: 0.7426954189931663
	-resnet
		-f1: 0.823905109489051
		-auroc: 0.7513303252774359
2026-06-14 10:42:20 - __main__ - INFO - WCYKMVHQFDGRLITNEASP encoding is done for binary task with:
	-custom
		-f1: 0.8311229000884174
		-auroc: 0.7459455424685593
	-resnet
		-f1: 0.835431654676259
		-auroc: 0.7597894360871833
2026-06-14 10:46:10 - __main__ - INFO - WCYKMVHQFDGRLITNEASP encoding is done for binary task with:
	-custom
		-f1: 0.830238726790451
		-auroc: 0.7447435757915679
	-resnet
		-f1: 0.8054129724685021
		-auroc: 0.7381519430980744
2026-06-14 10:50:00 - __main__ - INFO - WCYKMVHQFDGRLITNEASP encoding is done for binary task with:
	-custom
		-f1: 0.8293986636971047
		-auroc: 0.7472361044839009
	-resnet
		-f1: 0.8171536286522149
		-auroc: 0.757917074763304
2026-06-14 10:53:49 - __main__ - INFO - WCYKMVHQFDGRLITNEASP encoding is done for binary task with:
	-custom
		-f1: 0.8249443207126949
		-auroc: 0.741226271098945
	-resnet
		-f1: 0.8172043010752689
		-auroc: 0.75422257939398
2026-06-14 10:57:39 - __main__ - INFO - WCYKMVHQFDGRLITNEASP encoding is done for binary task with:
	-custom
		-f1: 0.8307418924922256
		-auroc: 0.7477704669183611
	-resnet
		-f1: 0.8225
		-auroc: 0.7041473779965455
2026-06-14 11:01:29 - __main__ - INFO - WCYKMVHQFDGRLITNEASP encoding is done for binary task with:
	-custom
		-f1: 0.8292035398230089
		-auroc: 0.743764143862087
	-resnet
		-f1: 0.8314703353396389
		-auroc: 0.7328145971632749
2026-06-14 11:05:18 - __main__ - INFO - WCYKMVHQFDGRLITNEASP encoding is done for binary task with:
	-custom
		-f1: 0.8240035826242723
		-auroc: 0.7425614795840065
	-resnet
		-f1: 0.8077669902912621
		-auroc: 0.7600077852281574
2026-06-14 11:09:09 - __main__ - INFO - WCYKMVHQFDGRLITNEASP encoding is done for binary task with:
	-custom
		-f1: 0.8290062667860341
		-auroc: 0.7490610289337029
	-resnet
		-f1: 0.8376220053238687
		-auroc: 0.7564514148745294
2026-06-14 11:13:00 - __main__ - INFO - WCYKMVHQFDGRLITNEASP encoding is done for binary task with:
	-custom
		-f1: 0.8250559284116331
		-auroc: 0.7435409115134874
	-resnet
		-f1: 0.8156424581005587
		-auroc: 0.7502162563377058
2026-06-14 11:16:50 - __main__ - INFO - WCYKMVHQFDGRLITNEASP encoding is done for binary task with:
	-custom
		-f1: 0.8280482358195623
		-auroc: 0.7467017420494403
	-resnet
		-f1: 0.809040590405904
		-auroc: 0.7371732087696828
2026-06-14 11:20:39 - __main__ - INFO - WCYKMVHQFDGRLITNEASP encoding is done for binary task with:
	-custom
		-f1: 0.8285714285714286
		-auroc: 0.7471914580141809
	-resnet
		-f1: 0.7875700458481916
		-auroc: 0.758180070373998
2026-06-14 11:24:29 - __main__ - INFO - WCYKMVHQFDGRLITNEASP encoding is done for binary task with:
	-custom
		-f1: 0.828042328042328
		-auroc: 0.7404700715180637
	-resnet
		-f1: 0.7849728126544736
		-auroc: 0.7406863278557696
2026-06-14 11:28:19 - __main__ - INFO - WCYKMVHQFDGRLITNEASP encoding is done for binary task with:
	-custom
		-f1: 0.8282918149466192
		-auroc: 0.7450993523471486
	-resnet
		-f1: 0.8154050464807437
		-auroc: 0.7252449277424791
2026-06-14 11:32:08 - __main__ - INFO - WCYKMVHQFDGRLITNEASP encoding is done for binary task with:
	-custom
		-f1: 0.8305383936451898
		-auroc: 0.7442985062965476
	-resnet
		-f1: 0.8123492522913651
		-auroc: 0.7627681927388097
2026-06-14 11:35:57 - __main__ - INFO - WCYKMVHQFDGRLITNEASP encoding is done for binary task with:
	-custom
		-f1: 0.8345070422535211
		-auroc: 0.7484387687619812
	-resnet
		-f1: 0.8072398190045249
		-auroc: 0.7252881790100203
2026-06-14 11:39:46 - __main__ - INFO - WCYKMVHQFDGRLITNEASP encoding is done for binary task with:
	-custom
		-f1: 0.8296362023070097
		-auroc: 0.745633714781609
	-resnet
		-f1: 0.8289534347625634
		-auroc: 0.7629042249512377
2026-06-14 11:43:35 - __main__ - INFO - WCYKMVHQFDGRLITNEASP encoding is done for binary task with:
	-custom
		-f1: 0.8300044385264093
		-auroc: 0.7463459654938596
	-resnet
		-f1: 0.8236355435272892
		-auroc: 0.7455437242410797
2026-06-14 11:47:26 - __main__ - INFO - WCYKMVHQFDGRLITNEASP encoding is done for binary task with:
	-custom
		-f1: 0.8274932614555256
		-auroc: 0.7487492012467527
	-resnet
		-f1: 0.8253376804843968
		-auroc: 0.7629481738198683
2026-06-14 11:51:16 - __main__ - INFO - WCYKMVHQFDGRLITNEASP encoding is done for binary task with:
	-custom
		-f1: 0.8282290279627164
		-auroc: 0.7439420321398774
	-resnet
		-f1: 0.6786570743405276
		-auroc: 0.7194869283507873
2026-06-14 11:55:06 - __main__ - INFO - WCYKMVHQFDGRLITNEASP encoding is done for binary task with:
	-custom
		-f1: 0.8289007092198581
		-auroc: 0.7442092133571075
	-resnet
		-f1: 0.8162692847124825
		-auroc: 0.753020612716989
2026-06-14 11:58:55 - __main__ - INFO - WCYKMVHQFDGRLITNEASP encoding is done for binary task with:
	-custom
		-f1: 0.8326639892904953
		-auroc: 0.7524890406868859
	-resnet
		-f1: 0.7837573385518591
		-auroc: 0.7341428296374427
2026-06-14 12:02:44 - __main__ - INFO - WCYKMVHQFDGRLITNEASP encoding is done for binary task with:
	-custom
		-f1: 0.8309734513274336
		-auroc: 0.7461680772160694
	-resnet
		-f1: 0.791476407914764
		-auroc: 0.7608958314149302
2026-06-14 12:06:35 - __main__ - INFO - WCYKMVHQFDGRLITNEASP encoding is done for binary task with:
	-custom
		-f1: 0.8309608540925267
		-auroc: 0.7487052523781221
	-resnet
		-f1: 0.8223624887285843
		-auroc: 0.7436295068518379
2026-06-14 12:10:25 - __main__ - INFO - WCYKMVHQFDGRLITNEASP encoding is done for binary task with:
	-custom
		-f1: 0.8261449533125834
		-auroc: 0.7419831682809155
	-resnet
		-f1: 0.8233082706766918
		-auroc: 0.7644612705827202
2026-06-14 12:14:15 - __main__ - INFO - WCYKMVHQFDGRLITNEASP encoding is done for binary task with:
	-custom
		-f1: 0.8271879164815638
		-auroc: 0.7429626002103965
	-resnet
		-f1: 0.8288288288288288
		-auroc: 0.7518207388432658
2026-06-14 12:18:05 - __main__ - INFO - WCYKMVHQFDGRLITNEASP encoding is done for binary task with:
	-custom
		-f1: 0.8295053003533569
		-auroc: 0.7433190743670666
	-resnet
		-f1: 0.8187187641980918
		-auroc: 0.7425161355131974
2026-06-14 12:21:55 - __main__ - INFO - WCYKMVHQFDGRLITNEASP encoding is done for binary task with:
	-custom
		-f1: 0.8274944567627495
		-auroc: 0.742517530715376
	-resnet
		-f1: 0.8241708314402544
		-auroc: 0.7497279355751443
2026-06-14 12:25:45 - __main__ - INFO - WCYKMVHQFDGRLITNEASP encoding is done for binary task with:
	-custom
		-f1: 0.8296164139161463
		-auroc: 0.7481708899436618
	-resnet
		-f1: 0.7083094555873926
		-auroc: 0.7271458907110228
2026-06-14 12:29:35 - __main__ - INFO - WCYKMVHQFDGRLITNEASP encoding is done for binary task with:
	-custom
		-f1: 0.8311229000884174
		-auroc: 0.7459455424685593
	-resnet
		-f1: 0.8225882352941176
		-auroc: 0.7641940893654899
2026-06-14 12:33:27 - __main__ - INFO - WCYKMVHQFDGRLITNEASP encoding is done for binary task with:
	-custom
		-f1: 0.8309608540925267
		-auroc: 0.7487052523781221
	-resnet
		-f1: 0.8104026845637584
		-auroc: 0.6903020891757425
2026-06-14 12:37:16 - __main__ - INFO - WCYKMVHQFDGRLITNEASP encoding is done for binary task with:
	-custom
		-f1: 0.8284182305630027
		-auroc: 0.7474139927616911
	-resnet
		-f1: 0.8193103448275862
		-auroc: 0.7490149872618039
2026-06-14 12:41:06 - __main__ - INFO - WCYKMVHQFDGRLITNEASP encoding is done for binary task with:
	-custom
		-f1: 0.8293775190326914
		-auroc: 0.7497732796459534
	-resnet
		-f1: 0.7579514824797844
		-auroc: 0.7509654799076936
2026-06-14 12:44:55 - __main__ - INFO - WCYKMVHQFDGRLITNEASP encoding is done for binary task with:
	-custom
		-f1: 0.8295964125560538
		-auroc: 0.7507080651057144
	-resnet
		-f1: 0.8236347358997315
		-auroc: 0.7418492288717559
2026-06-14 12:48:46 - __main__ - INFO - WCYKMVHQFDGRLITNEASP encoding is done for binary task with:
	-custom
		-f1: 0.830755634114008
		-auroc: 0.7452332917563084
	-resnet
		-f1: 0.6726835138387485
		-auroc: 0.7153466658853534
2026-06-14 12:52:36 - __main__ - INFO - WCYKMVHQFDGRLITNEASP encoding is done for binary task with:
	-custom
		-f1: 0.8289007092198581
		-auroc: 0.7442092133571075
	-resnet
		-f1: 0.8371886120996441
		-auroc: 0.7571190191170603
2026-06-14 12:56:26 - __main__ - INFO - WCYKMVHQFDGRLITNEASP encoding is done for binary task with:
	-custom
		-f1: 0.82688028482421
		-auroc: 0.7434076697054169
	-resnet
		-f1: 0.7585842577918648
		-auroc: 0.7419294529970338
2026-06-14 13:00:17 - __main__ - INFO - WCYKMVHQFDGRLITNEASP encoding is done for binary task with:
	-custom
		-f1: 0.8342245989304813
		-auroc: 0.7539581885811073
	-resnet
		-f1: 0.8163265306122449
		-auroc: 0.7493261173476649
2026-06-14 13:04:07 - __main__ - INFO - WCYKMVHQFDGRLITNEASP encoding is done for binary task with:
	-custom
		-f1: 0.8291592128801432
		-auroc: 0.7488384941861925
	-resnet
		-f1: 0.7006369426751592
		-auroc: 0.7243408367306506
2026-06-14 13:07:58 - __main__ - INFO - WCYKMVHQFDGRLITNEASP encoding is done for binary task with:
	-custom
		-f1: 0.8262617239839214
		-auroc: 0.744297808695458
	-resnet
		-f1: 0.7026719727117681
		-auroc: 0.7171743807395129
2026-06-14 13:11:49 - __main__ - INFO - WCYKMVHQFDGRLITNEASP encoding is done for binary task with:
	-custom
		-f1: 0.8330373001776199
		-auroc: 0.750664116237084
	-resnet
		-f1: 0.8278867102396514
		-auroc: 0.7344609357341972
2026-06-14 13:15:40 - __main__ - INFO - WCYKMVHQFDGRLITNEASP encoding is done for binary task with:
	-custom
		-f1: 0.8352626892252895
		-auroc: 0.7549376205105883
	-resnet
		-f1: 0.8224130140081337
		-auroc: 0.744786827059109
2026-06-14 13:19:30 - __main__ - INFO - WCYKMVHQFDGRLITNEASP encoding is done for binary task with:
	-custom
		-f1: 0.8315602836879432
		-auroc: 0.747815113388081
	-resnet
		-f1: 0.7555315704263357
		-auroc: 0.7487840813012214
2026-06-14 13:23:23 - __main__ - INFO - WCYKMVHQFDGRLITNEASP encoding is done for binary task with:
	-custom
		-f1: 0.8295053003533569
		-auroc: 0.7433190743670666
	-resnet
		-f1: 0.7948463825569871
		-auroc: 0.7538633148329524
2026-06-14 13:27:12 - __main__ - INFO - WCYKMVHQFDGRLITNEASP encoding is done for binary task with:
	-custom
		-f1: 0.8298059964726632
		-auroc: 0.742874004872046
	-resnet
		-f1: 0.7591921284308648
		-auroc: 0.7328934260863742
2026-06-14 13:31:03 - __main__ - INFO - WCYKMVHQFDGRLITNEASP encoding is done for binary task with:
	-custom
		-f1: 0.8292035398230089
		-auroc: 0.743764143862087
	-resnet
		-f1: 0.8216845878136201
		-auroc: 0.7396678302652837
2026-06-14 13:34:53 - __main__ - INFO - WCYKMVHQFDGRLITNEASP encoding is done for binary task with:
	-custom
		-f1: 0.8282016956715752
		-auroc: 0.7464792073019302
	-resnet
		-f1: 0.8110902255639098
		-auroc: 0.7488357037818351
2026-06-14 13:38:44 - __main__ - INFO - WCYKMVHQFDGRLITNEASP encoding is done for binary task with:
	-custom
		-f1: 0.8284075871195412
		-auroc: 0.7411823222303144
	-resnet
		-f1: 0.8069059518400727
		-auroc: 0.7268905687123122
2026-06-14 13:42:34 - __main__ - INFO - WCYKMVHQFDGRLITNEASP encoding is done for binary task with:
	-custom
		-f1: 0.8317008014247551
		-auroc: 0.7501297538026235
	-resnet
		-f1: 0.8146897425073871
		-auroc: 0.6997838831825118
2026-06-14 13:46:23 - __main__ - INFO - WCYKMVHQFDGRLITNEASP encoding is done for binary task with:
	-custom
		-f1: 0.8318739054290718
		-auroc: 0.7422956935689551
	-resnet
		-f1: 0.7852314092563702
		-auroc: 0.7650346986781854
2026-06-14 13:50:13 - __main__ - INFO - WCYKMVHQFDGRLITNEASP encoding is done for binary task with:
	-custom
		-f1: 0.8262032085561497
		-auroc: 0.7431404884881868
	-resnet
		-f1: 0.8070346849047386
		-auroc: 0.7620552444254697
2026-06-14 13:54:04 - __main__ - INFO - WCYKMVHQFDGRLITNEASP encoding is done for binary task with:
	-custom
		-f1: 0.8300711743772242
		-auroc: 0.7475032857011308
	-resnet
		-f1: 0.8089995213020584
		-auroc: 0.7549780813737718
2026-06-14 13:57:53 - __main__ - INFO - WCYKMVHQFDGRLITNEASP encoding is done for binary task with:
	-custom
		-f1: 0.8266666666666667
		-auroc: 0.742472884245656
	-resnet
		-f1: 0.8099173553719008
		-auroc: 0.7360605350321315
2026-06-14 14:01:43 - __main__ - INFO - WCYKMVHQFDGRLITNEASP encoding is done for binary task with:
	-custom
		-f1: 0.8293118856121537
		-auroc: 0.7486159594386823
	-resnet
		-f1: 0.828125
		-auroc: 0.760322403319465
2026-06-14 14:05:33 - __main__ - INFO - WCYKMVHQFDGRLITNEASP encoding is done for binary task with:
	-custom
		-f1: 0.8334073745002222
		-auroc: 0.7513763669493346
	-resnet
		-f1: 0.7722365038560411
		-auroc: 0.7445573163007052
2026-06-14 14:09:24 - __main__ - INFO - WCYKMVHQFDGRLITNEASP encoding is done for binary task with:
	-custom
		-f1: 0.8286852589641435
		-auroc: 0.7432744278973467
	-resnet
		-f1: 0.8378009995456611
		-auroc: 0.7677574357300117
2026-06-14 14:13:14 - __main__ - INFO - WCYKMVHQFDGRLITNEASP encoding is done for binary task with:
	-custom
		-f1: 0.8289649044868947
		-auroc: 0.7453665335643787
	-resnet
		-f1: 0.8223866790009251
		-auroc: 0.755870313167081
2026-06-14 14:17:06 - __main__ - INFO - WCYKMVHQFDGRLITNEASP encoding is done for binary task with:
	-custom
		-f1: 0.8289007092198581
		-auroc: 0.7442092133571075
	-resnet
		-f1: 0.8239735724398302
		-auroc: 0.7672656269620031
2026-06-14 14:20:55 - __main__ - INFO - WCYKMVHQFDGRLITNEASP encoding is done for binary task with:
	-custom
		-f1: 0.8231111111111111
		-auroc: 0.7376650175376914
	-resnet
		-f1: 0.825255669186305
		-auroc: 0.7407812016039244
2026-06-14 14:24:44 - __main__ - INFO - WCYKMVHQFDGRLITNEASP encoding is done for binary task with:
	-custom
		-f1: 0.8271549799017418
		-auroc: 0.7454997753724493
	-resnet
		-f1: 0.7966269841269841
		-auroc: 0.756489782934445
2026-06-14 14:28:36 - __main__ - INFO - WCYKMVHQFDGRLITNEASP encoding is done for binary task with:
	-custom
		-f1: 0.8317962231005709
		-auroc: 0.7436755485237366
	-resnet
		-f1: 0.8124105011933174
		-auroc: 0.7579163771622146
2026-06-14 14:32:26 - __main__ - INFO - WCYKMVHQFDGRLITNEASP encoding is done for binary task with:
	-custom
		-f1: 0.8300711743772242
		-auroc: 0.7475032857011308
	-resnet
		-f1: 0.802637776731041
		-auroc: 0.7391753238961858
2026-06-14 14:36:15 - __main__ - INFO - WCYKMVHQFDGRLITNEASP encoding is done for binary task with:
	-custom
		-f1: 0.8284182305630027
		-auroc: 0.7474139927616911
	-resnet
		-f1: 0.7417943107221007
		-auroc: 0.7401470822136836
2026-06-14 14:40:05 - __main__ - INFO - WCYKMVHQFDGRLITNEASP encoding is done for binary task with:
	-custom
		-f1: 0.8288770053475936
		-auroc: 0.7467463885191604
	-resnet
		-f1: 0.8079727758872144
		-auroc: 0.7609425706879184
2026-06-14 14:43:55 - __main__ - INFO - WCYKMVHQFDGRLITNEASP encoding is done for binary task with:
	-custom
		-f1: 0.8324420677361853
		-auroc: 0.7515542552271249
	-resnet
		-f1: 0.8230297310051912
		-auroc: 0.7660636602850119
2026-06-14 14:47:47 - __main__ - INFO - WCYKMVHQFDGRLITNEASP encoding is done for binary task with:
	-custom
		-f1: 0.8322207387627948
		-auroc: 0.7506194697673639
	-resnet
		-f1: 0.7850655903128153
		-auroc: 0.7506571402261902
2026-06-14 14:51:37 - __main__ - INFO - WCYKMVHQFDGRLITNEASP encoding is done for binary task with:
	-custom
		-f1: 0.8285968028419183
		-auroc: 0.7446542828521281
	-resnet
		-f1: 0.812206572769953
		-auroc: 0.7498151357113159
2026-06-14 14:55:27 - __main__ - INFO - WCYKMVHQFDGRLITNEASP encoding is done for binary task with:
	-custom
		-f1: 0.8267020335985853
		-auroc: 0.7399357090836033
	-resnet
		-f1: 0.7872983870967742
		-auroc: 0.7528385388326623
2026-06-14 14:59:19 - __main__ - INFO - WCYKMVHQFDGRLITNEASP encoding is done for binary task with:
	-custom
		-f1: 0.8277999114652501
		-auroc: 0.7420724612203554
	-resnet
		-f1: 0.8195488721804511
		-auroc: 0.7596534038747554
2026-06-14 15:03:07 - __main__ - INFO - WCYKMVHQFDGRLITNEASP encoding is done for binary task with:
	-custom
		-f1: 0.8309608540925267
		-auroc: 0.7487052523781221
	-resnet
		-f1: 0.8154851684263449
		-auroc: 0.7853362855811435
2026-06-14 15:06:57 - __main__ - INFO - WCYKMVHQFDGRLITNEASP encoding is done for binary task with:
	-custom
		-f1: 0.832375055285272
		-auroc: 0.7478597598578011
	-resnet
		-f1: 0.7613516367476241
		-auroc: 0.7448231023157565
2026-06-14 15:10:46 - __main__ - INFO - WCYKMVHQFDGRLITNEASP encoding is done for binary task with:
	-custom
		-f1: 0.8301382077574677
		-auroc: 0.748660605908402
	-resnet
		-f1: 0.714203565267395
		-auroc: 0.7350252950155006
2026-06-14 15:14:37 - __main__ - INFO - WCYKMVHQFDGRLITNEASP encoding is done for binary task with:
	-custom
		-f1: 0.8266075388026608
		-auroc: 0.7413155640383848
	-resnet
		-f1: 0.8292682926829268
		-auroc: 0.7449214640693582
2026-06-14 15:18:27 - __main__ - INFO - WCYKMVHQFDGRLITNEASP encoding is done for binary task with:
	-custom
		-f1: 0.8315508021390374
		-auroc: 0.7503522885501338
	-resnet
		-f1: 0.8332600087989441
		-auroc: 0.7465245513727395
2026-06-14 15:22:17 - __main__ - INFO - WCYKMVHQFDGRLITNEASP encoding is done for binary task with:
	-custom
		-f1: 0.8308103294746215
		-auroc: 0.7489277871256323
	-resnet
		-f1: 0.7741602067183463
		-auroc: 0.7492758900692299
2026-06-14 15:26:06 - __main__ - INFO - WCYKMVHQFDGRLITNEASP encoding is done for binary task with:
	-custom
		-f1: 0.8311111111111111
		-auroc: 0.7484827176306118
	-resnet
		-f1: 0.8273056057866185
		-auroc: 0.7515089111563157
2026-06-14 15:29:56 - __main__ - INFO - WCYKMVHQFDGRLITNEASP encoding is done for binary task with:
	-custom
		-f1: 0.8358473824312334
		-auroc: 0.7540474815205471
	-resnet
		-f1: 0.7822038282462493
		-auroc: 0.7591141582326696
2026-06-14 15:33:47 - __main__ - INFO - WCYKMVHQFDGRLITNEASP encoding is done for binary task with:
	-custom
		-f1: 0.8280141843971631
		-auroc: 0.7430072466801164
	-resnet
		-f1: 0.8250319284802043
		-auroc: 0.7188367641354908
2026-06-14 15:37:37 - __main__ - INFO - WCYKMVHQFDGRLITNEASP encoding is done for binary task with:
	-custom
		-f1: 0.8307418924922256
		-auroc: 0.7477704669183611
	-resnet
		-f1: 0.7906976744186046
		-auroc: 0.7583140097831575
2026-06-14 15:41:27 - __main__ - INFO - WCYKMVHQFDGRLITNEASP encoding is done for binary task with:
	-custom
		-f1: 0.8311229000884174
		-auroc: 0.7459455424685593
	-resnet
		-f1: 0.8190567853705486
		-auroc: 0.7700246392704767
2026-06-14 15:45:17 - __main__ - INFO - WCYKMVHQFDGRLITNEASP encoding is done for binary task with:
	-custom
		-f1: 0.8308103294746215
		-auroc: 0.7489277871256323
	-resnet
		-f1: 0.662613981762918
		-auroc: 0.7106273945157393
2026-06-14 15:49:07 - __main__ - INFO - WCYKMVHQFDGRLITNEASP encoding is done for binary task with:
	-custom
		-f1: 0.8294849023090586
		-auroc: 0.7458562495291192
	-resnet
		-f1: 0.8083889418493804
		-auroc: 0.752173724994489
2026-06-14 15:52:58 - __main__ - INFO - WCYKMVHQFDGRLITNEASP encoding is done for binary task with:
	-custom
		-f1: 0.8263579697239537
		-auroc: 0.7429179537406765
	-resnet
		-f1: 0.8212048192771084
		-auroc: 0.77336335808422
2026-06-14 15:56:49 - __main__ - INFO - WCYKMVHQFDGRLITNEASP encoding is done for binary task with:
	-custom
		-f1: 0.8308237378210807
		-auroc: 0.7463906119635797
	-resnet
		-f1: 0.8130619971604354
		-auroc: 0.7547115977576311
2026-06-14 16:00:40 - __main__ - INFO - WCYKMVHQFDGRLITNEASP encoding is done for binary task with:
	-custom
		-f1: 0.8270004470272687
		-auroc: 0.7457223101199594
	-resnet
		-f1: 0.8019559902200489
		-auroc: 0.756267945788024
2026-06-14 16:04:27 - __main__ - INFO - WCYKMVHQFDGRLITNEASP encoding is done for binary task with:
	-custom
		-f1: 0.823841059602649
		-auroc: 0.7353950235928688
	-resnet
		-f1: 0.8159119763013118
		-auroc: 0.7028554207790252
2026-06-14 16:08:17 - __main__ - INFO - WCYKMVHQFDGRLITNEASP encoding is done for binary task with:
	-custom
		-f1: 0.8271879164815638
		-auroc: 0.7429626002103965
	-resnet
		-f1: 0.8162544169611308
		-auroc: 0.7252895742121991
2026-06-14 16:12:07 - __main__ - INFO - WCYKMVHQFDGRLITNEASP encoding is done for binary task with:
	-custom
		-f1: 0.8297682709447415
		-auroc: 0.7479483551961514
	-resnet
		-f1: 0.731924360400445
		-auroc: 0.7374752700413816
2026-06-14 16:15:58 - __main__ - INFO - WCYKMVHQFDGRLITNEASP encoding is done for binary task with:
	-custom
		-f1: 0.8262032085561497
		-auroc: 0.7431404884881868
	-resnet
		-f1: 0.7942973523421588
		-auroc: 0.7658815864006853
2026-06-14 16:19:48 - __main__ - INFO - WCYKMVHQFDGRLITNEASP encoding is done for binary task with:
	-custom
		-f1: 0.8314005352363961
		-auroc: 0.7505748232976441
	-resnet
		-f1: 0.8289806234203876
		-auroc: 0.7190599964840905
2026-06-14 16:23:37 - __main__ - INFO - WCYKMVHQFDGRLITNEASP encoding is done for binary task with:
	-custom
		-f1: 0.8295964125560538
		-auroc: 0.7507080651057144
	-resnet
		-f1: 0.814922480620155
		-auroc: 0.767976482472075
2026-06-14 16:27:29 - __main__ - INFO - WCYKMVHQFDGRLITNEASP encoding is done for binary task with:
	-custom
		-f1: 0.8305084745762712
		-auroc: 0.749372856620653
	-resnet
		-f1: 0.811073336571151
		-auroc: 0.7643259359713817
2026-06-14 16:31:20 - __main__ - INFO - WCYKMVHQFDGRLITNEASP encoding is done for binary task with:
	-custom
		-f1: 0.8309608540925267
		-auroc: 0.7487052523781221
	-resnet
		-f1: 0.8301544050862852
		-auroc: 0.7574294516018316
2026-06-14 16:35:09 - __main__ - INFO - WCYKMVHQFDGRLITNEASP encoding is done for binary task with:
	-custom
		-f1: 0.8303730017761989
		-auroc: 0.7470582162061103
	-resnet
		-f1: 0.8222324299494718
		-auroc: 0.7523983525452673
2026-06-14 16:38:59 - __main__ - INFO - WCYKMVHQFDGRLITNEASP encoding is done for binary task with:
	-custom
		-f1: 0.8300044385264093
		-auroc: 0.7463459654938596
	-resnet
		-f1: 0.7718930256948086
		-auroc: 0.7535933432113647
2026-06-14 16:42:49 - __main__ - INFO - WCYKMVHQFDGRLITNEASP encoding is done for binary task with:
	-custom
		-f1: 0.8331131660061647
		-auroc: 0.7467470861202496
	-resnet
		-f1: 0.7153623188405797
		-auroc: 0.7401889382790461
2026-06-14 16:46:39 - __main__ - INFO - WCYKMVHQFDGRLITNEASP encoding is done for binary task with:
	-custom
		-f1: 0.8308921438082557
		-auroc: 0.7475479321708509
	-resnet
		-f1: 0.8219679633867277
		-auroc: 0.7503062468782351
2026-06-14 16:50:29 - __main__ - INFO - WCYKMVHQFDGRLITNEASP encoding is done for binary task with:
	-custom
		-f1: 0.8259144997796386
		-auroc: 0.7373538874518305
	-resnet
		-f1: 0.8278355173971984
		-auroc: 0.7519986271210561
2026-06-14 16:54:19 - __main__ - INFO - WCYKMVHQFDGRLITNEASP encoding is done for binary task with:
	-custom
		-f1: 0.8298533984895602
		-auroc: 0.7465685002413699
	-resnet
		-f1: 0.8341441839893853
		-auroc: 0.7502636932117832
2026-06-14 16:58:08 - __main__ - INFO - WCYKMVHQFDGRLITNEASP encoding is done for binary task with:
	-custom
		-f1: 0.8285588364918466
		-auroc: 0.740959787482804
	-resnet
		-f1: 0.8267918088737202
		-auroc: 0.7223980176967444
2026-06-14 17:01:59 - __main__ - INFO - WCYKMVHQFDGRLITNEASP encoding is done for binary task with:
	-custom
		-f1: 0.8335564480142793
		-auroc: 0.7536910073638771
	-resnet
		-f1: 0.793666501731816
		-auroc: 0.7517265626962004
2026-06-14 17:05:50 - __main__ - INFO - WCYKMVHQFDGRLITNEASP encoding is done for binary task with:
	-custom
		-f1: 0.8278026905829596
		-auroc: 0.748304131751732
	-resnet
		-f1: 0.7877862595419848
		-auroc: 0.7579575356264876
2026-06-14 17:09:38 - __main__ - INFO - WCYKMVHQFDGRLITNEASP encoding is done for binary task with:
	-custom
		-f1: 0.8300044385264093
		-auroc: 0.7463459654938596
	-resnet
		-f1: 0.7843530591775326
		-auroc: 0.7469179983871462
2026-06-14 17:13:28 - __main__ - INFO - WCYKMVHQFDGRLITNEASP encoding is done for binary task with:
	-custom
		-f1: 0.828988068935042
		-auroc: 0.7428293584023262
	-resnet
		-f1: 0.8211610486891385
		-auroc: 0.7599652315617056
2026-06-14 17:17:17 - __main__ - INFO - WCYKMVHQFDGRLITNEASP encoding is done for binary task with:
	-custom
		-f1: 0.8326639892904953
		-auroc: 0.7524890406868859
	-resnet
		-f1: 0.8262476894639557
		-auroc: 0.7604556451275353
2026-06-14 17:21:06 - __main__ - INFO - WCYKMVHQFDGRLITNEASP encoding is done for binary task with:
	-custom
		-f1: 0.8273703041144902
		-auroc: 0.7464345608322103
	-resnet
		-f1: 0.7926036981509246
		-auroc: 0.755153876848294
2026-06-14 17:24:57 - __main__ - INFO - WCYKMVHQFDGRLITNEASP encoding is done for binary task with:
	-custom
		-f1: 0.82792352156514
		-auroc: 0.7443871016348979
	-resnet
		-f1: 0.836989247311828
		-auroc: 0.7407386479374727
2026-06-14 17:28:46 - __main__ - INFO - WCYKMVHQFDGRLITNEASP encoding is done for binary task with:
	-custom
		-f1: 0.8265351860152398
		-auroc: 0.7463899143624904
	-resnet
		-f1: 0.8313090418353576
		-auroc: 0.7544918534144782
2026-06-14 17:32:36 - __main__ - INFO - WCYKMVHQFDGRLITNEASP encoding is done for binary task with:
	-custom
		-f1: 0.8270944741532977
		-auroc: 0.744342455165178
	-resnet
		-f1: 0.8303774442928604
		-auroc: 0.7583642370615926
2026-06-14 17:36:26 - __main__ - INFO - WCYKMVHQFDGRLITNEASP encoding is done for binary task with:
	-custom
		-f1: 0.831410825199645
		-auroc: 0.7480376481355913
	-resnet
		-f1: 0.8112484022155944
		-auroc: 0.6998278320511425
2026-06-14 17:40:16 - __main__ - INFO - WCYKMVHQFDGRLITNEASP encoding is done for binary task with:
	-custom
		-f1: 0.8274021352313167
		-auroc: 0.7438973856701574
	-resnet
		-f1: 0.8137096774193548
		-auroc: 0.673610587910294
2026-06-14 17:44:06 - __main__ - INFO - WCYKMVHQFDGRLITNEASP encoding is done for binary task with:
	-custom
		-f1: 0.8320712694877506
		-auroc: 0.7508420045148743
	-resnet
		-f1: 0.8215982721382289
		-auroc: 0.7214178881661742
2026-06-14 17:47:58 - __main__ - INFO - WCYKMVHQFDGRLITNEASP encoding is done for binary task with:
	-custom
		-f1: 0.8341485104490884
		-auroc: 0.7528008683738361
	-resnet
		-f1: 0.800997506234414
		-auroc: 0.7643245407692028
2026-06-14 17:51:48 - __main__ - INFO - WCYKMVHQFDGRLITNEASP encoding is done for binary task with:
	-custom
		-f1: 0.8295964125560538
		-auroc: 0.7507080651057144
	-resnet
		-f1: 0.7903305377405032
		-auroc: 0.7462510917457048
2026-06-14 17:55:38 - __main__ - INFO - WCYKMVHQFDGRLITNEASP encoding is done for binary task with:
	-custom
		-f1: 0.8289414917373827
		-auroc: 0.7479037087264315
	-resnet
		-f1: 0.8087065717873587
		-auroc: 0.686740835614489
2026-06-14 17:59:28 - __main__ - INFO - WCYKMVHQFDGRLITNEASP encoding is done for binary task with:
	-custom
		-f1: 0.8285334514842712
		-auroc: 0.743496962644857
	-resnet
		-f1: 0.7836166924265843
		-auroc: 0.6026973443721729
2026-06-14 18:03:19 - __main__ - INFO - WCYKMVHQFDGRLITNEASP encoding is done for binary task with:
	-custom
		-f1: 0.8271276595744681
		-auroc: 0.7418052800031253
	-resnet
		-f1: 0.83446519524618
		-auroc: 0.7306785426276121
2026-06-14 18:07:09 - __main__ - INFO - WCYKMVHQFDGRLITNEASP encoding is done for binary task with:
	-custom
		-f1: 0.8301552106430156
		-auroc: 0.7461234307463496
	-resnet
		-f1: 0.764612954186414
		-auroc: 0.7472716821394588
2026-06-14 18:10:58 - __main__ - INFO - WCYKMVHQFDGRLITNEASP encoding is done for binary task with:
	-custom
		-f1: 0.8276773909211106
		-auroc: 0.739757820805813
	-resnet
		-f1: 0.8408990744821507
		-auroc: 0.7577873209606804
2026-06-14 18:14:48 - __main__ - INFO - WCYKMVHQFDGRLITNEASP encoding is done for binary task with:
	-custom
		-f1: 0.8299198575244879
		-auroc: 0.7477258204486413
	-resnet
		-f1: 0.760043431053203
		-auroc: 0.7566188391359792
2026-06-14 18:18:39 - __main__ - INFO - WCYKMVHQFDGRLITNEASP encoding is done for binary task with:
	-custom
		-f1: 0.8305084745762712
		-auroc: 0.749372856620653
	-resnet
		-f1: 0.8033431661750245
		-auroc: 0.7604968035918085
2026-06-14 18:22:30 - __main__ - INFO - WCYKMVHQFDGRLITNEASP encoding is done for binary task with:
	-custom
		-f1: 0.8276169265033407
		-auroc: 0.7448321711299184
	-resnet
		-f1: 0.7296996662958843
		-auroc: 0.7350713366873993
2026-06-14 18:26:20 - __main__ - INFO - WCYKMVHQFDGRLITNEASP encoding is done for binary task with:
	-custom
		-f1: 0.8296362023070097
		-auroc: 0.745633714781609
	-resnet
		-f1: 0.8071188071188071
		-auroc: 0.7548887884343319
2026-06-14 18:30:11 - __main__ - INFO - WCYKMVHQFDGRLITNEASP encoding is done for binary task with:
	-custom
		-f1: 0.8304405874499332
		-auroc: 0.7482155364133817
	-resnet
		-f1: 0.818830242510699
		-auroc: 0.7642380382341204
2026-06-14 18:34:00 - __main__ - INFO - WCYKMVHQFDGRLITNEASP encoding is done for binary task with:
	-custom
		-f1: 0.8305913739439751
		-auroc: 0.7479930016658713
	-resnet
		-f1: 0.8005766458433445
		-auroc: 0.7462524869478836
2026-06-14 18:37:50 - __main__ - INFO - WCYKMVHQFDGRLITNEASP encoding is done for binary task with:
	-custom
		-f1: 0.832034632034632
		-auroc: 0.7369988084973393
	-resnet
		-f1: 0.7863247863247863
		-auroc: 0.7504792519483998
2026-06-14 18:41:41 - __main__ - INFO - WCYKMVHQFDGRLITNEASP encoding is done for binary task with:
	-custom
		-f1: 0.8277703604806409
		-auroc: 0.7446096363824082
	-resnet
		-f1: 0.8184281842818428
		-auroc: 0.7392667096388937
2026-06-14 18:45:31 - __main__ - INFO - WCYKMVHQFDGRLITNEASP encoding is done for binary task with:
	-custom
		-f1: 0.8263579697239537
		-auroc: 0.7429179537406765
	-resnet
		-f1: 0.8264840182648402
		-auroc: 0.7551587600559198
2026-06-14 18:49:21 - __main__ - INFO - WCYKMVHQFDGRLITNEASP encoding is done for binary task with:
	-custom
		-f1: 0.8306595365418895
		-auroc: 0.7491503218731426
	-resnet
		-f1: 0.8262265016047684
		-auroc: 0.7567611497582115
2026-06-14 18:53:12 - __main__ - INFO - WCYKMVHQFDGRLITNEASP encoding is done for binary task with:
	-custom
		-f1: 0.83457005674378
		-auroc: 0.744521738645147
	-resnet
		-f1: 0.6523076923076923
		-auroc: 0.706842908605886
2026-06-14 18:57:02 - __main__ - INFO - WCYKMVHQFDGRLITNEASP encoding is done for binary task with:
	-custom
		-f1: 0.8294642857142858
		-auroc: 0.7483934246911721
	-resnet
		-f1: 0.7733608673205988
		-auroc: 0.7478513886447284
2026-06-14 19:00:51 - __main__ - INFO - WCYKMVHQFDGRLITNEASP encoding is done for binary task with:
	-custom
		-f1: 0.8275555555555556
		-auroc: 0.7436748509226473
	-resnet
		-f1: 0.8195211786372008
		-auroc: 0.7499497727215652
2026-06-14 19:04:42 - __main__ - INFO - WCYKMVHQFDGRLITNEASP encoding is done for binary task with:
	-custom
		-f1: 0.82688028482421
		-auroc: 0.7434076697054169
	-resnet
		-f1: 0.7944664031620553
		-auroc: 0.6331901855897939
2026-06-14 19:08:32 - __main__ - INFO - WCYKMVHQFDGRLITNEASP encoding is done for binary task with:
	-custom
		-f1: 0.8288128056914184
		-auroc: 0.7455890683118891
	-resnet
		-f1: 0.8291649003815176
		-auroc: 0.7225319571059042
2026-06-14 19:12:22 - __main__ - INFO - WCYKMVHQFDGRLITNEASP encoding is done for binary task with:
	-custom
		-f1: 0.8274632189032546
		-auroc: 0.7450547058774287
	-resnet
		-f1: 0.8192771084337349
		-auroc: 0.7162095984329089
2026-06-14 19:16:13 - __main__ - INFO - WCYKMVHQFDGRLITNEASP encoding is done for binary task with:
	-custom
		-f1: 0.8311229000884174
		-auroc: 0.7459455424685593
	-resnet
		-f1: 0.823731728288908
		-auroc: 0.7219968970703544
2026-06-14 19:20:03 - __main__ - INFO - WCYKMVHQFDGRLITNEASP encoding is done for binary task with:
	-custom
		-f1: 0.8290293855743545
		-auroc: 0.74652385377165
	-resnet
		-f1: 0.8170449282075035
		-auroc: 0.7495932985648951
2026-06-14 19:23:53 - __main__ - INFO - WCYKMVHQFDGRLITNEASP encoding is done for binary task with:
	-custom
		-f1: 0.8292465448060633
		-auroc: 0.7474586392314111
	-resnet
		-f1: 0.7482327351821643
		-auroc: 0.7443319911488374
2026-06-14 19:27:42 - __main__ - INFO - WCYKMVHQFDGRLITNEASP encoding is done for binary task with:
	-custom
		-f1: 0.8313413014608234
		-auroc: 0.74688032792832
	-resnet
		-f1: 0.821256038647343
		-auroc: 0.7292519483998426
2026-06-14 19:31:32 - __main__ - INFO - WCYKMVHQFDGRLITNEASP encoding is done for binary task with:
	-custom
		-f1: 0.8303532490187527
		-auroc: 0.738289370512681
	-resnet
		-f1: 0.6937573616018846
		-auroc: 0.7257646405540626
2026-06-14 19:35:22 - __main__ - INFO - WCYKMVHQFDGRLITNEASP encoding is done for binary task with:
	-custom
		-f1: 0.8315508021390374
		-auroc: 0.7503522885501338
	-resnet
		-f1: 0.7667193259610321
		-auroc: 0.7496756154934411
2026-06-14 19:39:11 - __main__ - INFO - WCYKMVHQFDGRLITNEASP encoding is done for binary task with:
	-custom
		-f1: 0.8285588364918466
		-auroc: 0.740959787482804
	-resnet
		-f1: 0.839622641509434
		-auroc: 0.7429646930136646
2026-06-14 19:43:01 - __main__ - INFO - WCYKMVHQFDGRLITNEASP encoding is done for binary task with:
	-custom
		-f1: 0.8331885317115552
		-auroc: 0.7402928808413627
	-resnet
		-f1: 0.7984681665868837
		-auroc: 0.7417564479268692
2026-06-14 19:46:51 - __main__ - INFO - WCYKMVHQFDGRLITNEASP encoding is done for binary task with:
	-custom
		-f1: 0.8311111111111111
		-auroc: 0.7484827176306118
	-resnet
		-f1: 0.8228469433288711
		-auroc: 0.7392674072399833
2026-06-14 19:50:40 - __main__ - INFO - WCYKMVHQFDGRLITNEASP encoding is done for binary task with:
	-custom
		-f1: 0.8303571428571429
		-auroc: 0.7495953913681632
	-resnet
		-f1: 0.82277318640955
		-auroc: 0.7528880685100079
2026-06-14 19:54:29 - __main__ - INFO - WCYKMVHQFDGRLITNEASP encoding is done for binary task with:
	-custom
		-f1: 0.8314806580702534
		-auroc: 0.7491949683428626
	-resnet
		-f1: 0.7754886423666139
		-auroc: 0.7611609198288924
2026-06-14 19:58:18 - __main__ - INFO - WCYKMVHQFDGRLITNEASP encoding is done for binary task with:
	-custom
		-f1: 0.8331854480922803
		-auroc: 0.7504415814895736
	-resnet
		-f1: 0.8320576316974336
		-auroc: 0.7559163548389798
2026-06-14 20:02:06 - __main__ - INFO - WCYKMVHQFDGRLITNEASP encoding is done for binary task with:
	-custom
		-f1: 0.8285714285714286
		-auroc: 0.7471914580141809
	-resnet
		-f1: 0.8154875717017208
		-auroc: 0.762457062652949
2026-06-14 20:06:00 - __main__ - INFO - WCYKMVHQFDGRLITNEASP encoding is done for binary task with:
	-custom
		-f1: 0.8269742679680568
		-auroc: 0.7420278147506356
	-resnet
		-f1: 0.8311461067366579
		-auroc: 0.7408711921444536
2026-06-14 20:09:57 - __main__ - INFO - WCYKMVHQFDGRLITNEASP encoding is done for binary task with:
	-custom
		-f1: 0.8325145154086646
		-auroc: 0.7527115754343962
	-resnet
		-f1: 0.7834525025536262
		-auroc: 0.7545295238733045
2026-06-14 20:13:45 - __main__ - INFO - WCYKMVHQFDGRLITNEASP encoding is done for binary task with:
	-custom
		-f1: 0.8315002199736031
		-auroc: 0.7441206180187572
	-resnet
		-f1: 0.7906741003547897
		-auroc: 0.7594713299904289
2026-06-14 20:17:33 - __main__ - INFO - WCYKMVHQFDGRLITNEASP encoding is done for binary task with:
	-custom
		-f1: 0.8304559539619301
		-auroc: 0.7456783612513289
	-resnet
		-f1: 0.8349687778768956
		-auroc: 0.7553826900056088
2026-06-14 20:21:21 - __main__ - INFO - WCYKMVHQFDGRLITNEASP encoding is done for binary task with:
	-custom
		-f1: 0.8298059964726632
		-auroc: 0.742874004872046
	-resnet
		-f1: 0.7990049751243781
		-auroc: 0.7607632872079493
2026-06-14 20:25:09 - __main__ - INFO - WCYKMVHQFDGRLITNEASP encoding is done for binary task with:
	-custom
		-f1: 0.8308103294746215
		-auroc: 0.7489277871256323
	-resnet
		-f1: 0.800734618916437
		-auroc: 0.7240408682622199
2026-06-14 20:28:56 - __main__ - INFO - WCYKMVHQFDGRLITNEASP encoding is done for binary task with:
	-custom
		-f1: 0.8301552106430156
		-auroc: 0.7461234307463496
	-resnet
		-f1: 0.8104575163398693
		-auroc: 0.675969177193467
2026-06-14 20:32:42 - __main__ - INFO - WCYKMVHQFDGRLITNEASP encoding is done for binary task with:
	-custom
		-f1: 0.8291814946619217
		-auroc: 0.7463013190241399
	-resnet
		-f1: 0.819363514119229
		-auroc: 0.736774180946561
2026-06-14 20:36:30 - __main__ - INFO - WCYKMVHQFDGRLITNEASP encoding is done for binary task with:
	-custom
		-f1: 0.8261449533125834
		-auroc: 0.7419831682809155
	-resnet
		-f1: 0.7156585641605426
		-auroc: 0.7280813737718732
2026-06-14 20:40:17 - __main__ - INFO - WCYKMVHQFDGRLITNEASP encoding is done for binary task with:
	-custom
		-f1: 0.8337009263343625
		-auroc: 0.7483941222922614
	-resnet
		-f1: 0.7903142709943328
		-auroc: 0.7666377859815666
2026-06-14 20:44:05 - __main__ - INFO - WCYKMVHQFDGRLITNEASP encoding is done for binary task with:
	-custom
		-f1: 0.8286604361370716
		-auroc: 0.7458116030593993
	-resnet
		-f1: 0.7894997523526498
		-auroc: 0.7471412307357459
2026-06-14 20:47:52 - __main__ - INFO - WCYKMVHQFDGRLITNEASP encoding is done for binary task with:
	-custom
		-f1: 0.8305821025195482
		-auroc: 0.7366869808103892
	-resnet
		-f1: 0.8022553362867499
		-auroc: 0.6558482689726568
2026-06-14 20:51:40 - __main__ - INFO - WCYKMVHQFDGRLITNEASP encoding is done for binary task with:
	-custom
		-f1: 0.8272807794508414
		-auroc: 0.741582745255615
	-resnet
		-f1: 0.8077253218884121
		-auroc: 0.6987144607125019
2026-06-14 20:55:28 - __main__ - INFO - WCYKMVHQFDGRLITNEASP encoding is done for binary task with:
	-custom
		-f1: 0.8285714285714286
		-auroc: 0.7471914580141809
	-resnet
		-f1: 0.8163069544364508
		-auroc: 0.7650388842847217
2026-06-14 20:59:15 - __main__ - INFO - WCYKMVHQFDGRLITNEASP encoding is done for binary task with:
	-custom
		-f1: 0.830755634114008
		-auroc: 0.7452332917563084
	-resnet
		-f1: 0.8101145038167938
		-auroc: 0.7548001930959816
2026-06-14 21:03:03 - __main__ - INFO - WCYKMVHQFDGRLITNEASP encoding is done for binary task with:
	-custom
		-f1: 0.8306059265811587
		-auroc: 0.7454558265038188
	-resnet
		-f1: 0.8141176470588235
		-auroc: 0.7533763892725696
2026-06-14 21:06:51 - __main__ - INFO - WCYKMVHQFDGRLITNEASP encoding is done for binary task with:
	-custom
		-f1: 0.8316303864948912
		-auroc: 0.7489724335953523
	-resnet
		-f1: 0.8157894736842105
		-auroc: 0.7042352757338066
2026-06-14 21:10:40 - __main__ - INFO - WCYKMVHQFDGRLITNEASP encoding is done for binary task with:
	-custom
		-f1: 0.8283813747228381
		-auroc: 0.7437194973923671
	-resnet
		-f1: 0.8250521920668058
		-auroc: 0.7089105982347901
2026-06-14 21:14:29 - __main__ - INFO - WCYKMVHQFDGRLITNEASP encoding is done for binary task with:
	-custom
		-f1: 0.8284075871195412
		-auroc: 0.7411823222303144
	-resnet
		-f1: 0.8081198646689222
		-auroc: 0.7584053955258656
2026-06-14 21:18:35 - __main__ - INFO - WCYKMVHQFDGRLITNEASP encoding is done for binary task with:
	-custom
		-f1: 0.8303057155516171
		-auroc: 0.7459008959988391
	-resnet
		-f1: 0.7965931863727455
		-auroc: 0.76111906376353
2026-06-14 21:22:23 - __main__ - INFO - WCYKMVHQFDGRLITNEASP encoding is done for binary task with:
	-custom
		-f1: 0.8286219081272085
		-auroc: 0.7421171076900754
	-resnet
		-f1: 0.8057432432432432
		-auroc: 0.6872745004478599
2026-06-14 21:26:11 - __main__ - INFO - WCYKMVHQFDGRLITNEASP encoding is done for binary task with:
	-custom
		-f1: 0.8346738159070599
		-auroc: 0.7558277595006291
	-resnet
		-f1: 0.8165793234873749
		-auroc: 0.7622791743751587
2026-06-14 21:29:59 - __main__ - INFO - WCYKMVHQFDGRLITNEASP encoding is done for binary task with:
	-custom
		-f1: 0.8297020898176968
		-auroc: 0.7467910349888802
	-resnet
		-f1: 0.7002341920374707
		-auroc: 0.729459833524476
2026-06-14 21:33:47 - __main__ - INFO - WCYKMVHQFDGRLITNEASP encoding is done for binary task with:
	-custom
		-f1: 0.8307418924922256
		-auroc: 0.7477704669183611
	-resnet
		-f1: 0.8273504273504273
		-auroc: 0.7240450538687562
2026-06-14 21:37:34 - __main__ - INFO - WCYKMVHQFDGRLITNEASP encoding is done for binary task with:
	-custom
		-f1: 0.8266666666666667
		-auroc: 0.742472884245656
	-resnet
		-f1: 0.7823860727086533
		-auroc: 0.7544848774035845
2026-06-14 21:41:24 - __main__ - INFO - WCYKMVHQFDGRLITNEASP encoding is done for binary task with:
	-custom
		-f1: 0.8288367978770456
		-auroc: 0.7430518931498363
	-resnet
		-f1: 0.7480916030534351
		-auroc: 0.7454893113561086
2026-06-14 21:45:11 - __main__ - INFO - WCYKMVHQFDGRLITNEASP encoding is done for binary task with:
	-custom
		-f1: 0.8290293855743545
		-auroc: 0.74652385377165
	-resnet
		-f1: 0.8316373728029602
		-auroc: 0.7678899799369928
2026-06-14 21:48:59 - __main__ - INFO - WCYKMVHQFDGRLITNEASP encoding is done for binary task with:
	-custom
		-f1: 0.8247330960854092
		-auroc: 0.7402914856391839
	-resnet
		-f1: 0.8277056277056277
		-auroc: 0.7309889751123836
2026-06-14 21:52:47 - __main__ - INFO - WCYKMVHQFDGRLITNEASP encoding is done for binary task with:
	-custom
		-f1: 0.8258928571428571
		-auroc: 0.7435855579832072
	-resnet
		-f1: 0.8150908244061481
		-auroc: 0.7497265403729654
2026-06-14 21:56:35 - __main__ - INFO - WCYKMVHQFDGRLITNEASP encoding is done for binary task with:
	-custom
		-f1: 0.8267857142857142
		-auroc: 0.7447875246601986
	-resnet
		-f1: 0.7711950970377937
		-auroc: 0.7401059237494104
2026-06-14 22:00:23 - __main__ - INFO - WCYKMVHQFDGRLITNEASP encoding is done for binary task with:
	-custom
		-f1: 0.8267260579064588
		-auroc: 0.7436302044529273
	-resnet
		-f1: 0.8233766233766234
		-auroc: 0.7249791417274278
2026-06-14 22:04:11 - __main__ - INFO - WCYKMVHQFDGRLITNEASP encoding is done for binary task with:
	-custom
		-f1: 0.8288128056914184
		-auroc: 0.7455890683118891
	-resnet
		-f1: 0.8111954459203036
		-auroc: 0.7534649846109199
2026-06-14 22:08:05 - __main__ - INFO - WCYKMVHQFDGRLITNEASP encoding is done for binary task with:
	-custom
		-f1: 0.8284335234752084
		-auroc: 0.7386451470682616
	-resnet
		-f1: 0.8180933852140078
		-auroc: 0.7736744881700807
2026-06-14 22:11:57 - __main__ - INFO - WCYKMVHQFDGRLITNEASP encoding is done for binary task with:
	-custom
		-f1: 0.8304405874499332
		-auroc: 0.7482155364133817
	-resnet
		-f1: 0.7790575916230367
		-auroc: 0.761072324490542
2026-06-14 22:15:50 - __main__ - INFO - WCYKMVHQFDGRLITNEASP encoding is done for binary task with:
	-custom
		-f1: 0.8251996450754214
		-auroc: 0.7396238813966531
	-resnet
		-f1: 0.8257417467613873
		-auroc: 0.7103350996592916
2026-06-14 22:19:43 - __main__ - INFO - WCYKMVHQFDGRLITNEASP encoding is done for binary task with:
	-custom
		-f1: 0.831858407079646
		-auroc: 0.7473700438930606
	-resnet
		-f1: 0.8276481149012568
		-auroc: 0.7485266664992424
2026-06-14 22:23:36 - __main__ - INFO - WCYKMVHQFDGRLITNEASP encoding is done for binary task with:
	-custom
		-f1: 0.8267959453503746
		-auroc: 0.7385558541288217
	-resnet
		-f1: 0.8128598848368522
		-auroc: 0.7609432682890078
2026-06-14 22:27:30 - __main__ - INFO - WCYKMVHQFDGRLITNEASP encoding is done for binary task with:
	-custom
		-f1: 0.8328159645232815
		-auroc: 0.749729330777323
	-resnet
		-f1: 0.8266214497668504
		-auroc: 0.7189260570749307
2026-06-14 22:31:19 - __main__ - INFO - WCYKMVHQFDGRLITNEASP encoding is done for binary task with:
	-custom
		-f1: 0.8287885561019223
		-auroc: 0.7481262434739417
	-resnet
		-f1: 0.7996080352768251
		-auroc: 0.7543090819290623
2026-06-14 22:35:07 - __main__ - INFO - WCYKMVHQFDGRLITNEASP encoding is done for binary task with:
	-custom
		-f1: 0.8273730684326711
		-auroc: 0.7402028903008335
	-resnet
		-f1: 0.8121730860675226
		-auroc: 0.7558242714951824
2026-06-14 22:38:56 - __main__ - INFO - WCYKMVHQFDGRLITNEASP encoding is done for binary task with:
	-custom
		-f1: 0.8311111111111111
		-auroc: 0.7484827176306118
	-resnet
		-f1: 0.8328767123287671
		-auroc: 0.7635725267948579
2026-06-14 22:42:43 - __main__ - INFO - WCYKMVHQFDGRLITNEASP encoding is done for binary task with:
	-custom
		-f1: 0.8336298932384342
		-auroc: 0.7523111524090956
	-resnet
		-f1: 0.6278195488721805
		-auroc: 0.6926411456284131
2026-06-14 22:46:31 - __main__ - INFO - WCYKMVHQFDGRLITNEASP encoding is done for binary task with:
	-custom
		-f1: 0.8289649044868947
		-auroc: 0.7453665335643787
	-resnet
		-f1: 0.7758710348413936
		-auroc: 0.754216998585265
2026-06-14 22:50:18 - __main__ - INFO - WCYKMVHQFDGRLITNEASP encoding is done for binary task with:
	-custom
		-f1: 0.8259902091677792
		-auroc: 0.7422057030284259
	-resnet
		-f1: 0.8165304268846503
		-auroc: 0.7393999514469641
2026-06-14 22:54:04 - __main__ - INFO - WCYKMVHQFDGRLITNEASP encoding is done for binary task with:
	-custom
		-f1: 0.8274944567627495
		-auroc: 0.742517530715376
	-resnet
		-f1: 0.8218588640275387
		-auroc: 0.7198154984638824
2026-06-14 22:57:50 - __main__ - INFO - WCYKMVHQFDGRLITNEASP encoding is done for binary task with:
	-custom
		-f1: 0.8269402319357716
		-auroc: 0.7445649899126883
	-resnet
		-f1: 0.8169663439372983
		-auroc: 0.7472786581503527
2026-06-14 23:01:37 - __main__ - INFO - WCYKMVHQFDGRLITNEASP encoding is done for binary task with:
	-custom
		-f1: 0.8298059964726632
		-auroc: 0.742874004872046
	-resnet
		-f1: 0.7476737821565408
		-auroc: 0.74686916631089
2026-06-14 23:05:25 - __main__ - INFO - WCYKMVHQFDGRLITNEASP encoding is done for binary task with:
	-custom
		-f1: 0.8268206039076377
		-auroc: 0.7422503494981457
	-resnet
		-f1: 0.7564986737400531
		-auroc: 0.7416176253100837
2026-06-14 23:09:12 - __main__ - INFO - WCYKMVHQFDGRLITNEASP encoding is done for binary task with:
	-custom
		-f1: 0.8262380538662033
		-auroc: 0.7306771474254334
	-resnet
		-f1: 0.8305963699222126
		-auroc: 0.7341498056483367
2026-06-14 23:12:58 - __main__ - INFO - WCYKMVHQFDGRLITNEASP encoding is done for binary task with:
	-custom
		-f1: 0.8329660643455267
		-auroc: 0.74696962086776
	-resnet
		-f1: 0.8311575282854656
		-auroc: 0.7383340169824009
2026-06-14 23:16:45 - __main__ - INFO - WCYKMVHQFDGRLITNEASP encoding is done for binary task with:
	-custom
		-f1: 0.8291814946619217
		-auroc: 0.7463013190241399
	-resnet
		-f1: 0.7971163748712667
		-auroc: 0.774339302008254
2026-06-14 23:20:32 - __main__ - INFO - WCYKMVHQFDGRLITNEASP encoding is done for binary task with:
	-custom
		-f1: 0.8271879164815638
		-auroc: 0.7429626002103965
	-resnet
		-f1: 0.6319056486654252
		-auroc: 0.6915731183605816
2026-06-14 23:24:18 - __main__ - INFO - WCYKMVHQFDGRLITNEASP encoding is done for binary task with:
	-custom
		-f1: 0.8335495028102032
		-auroc: 0.7384679563915606
	-resnet
		-f1: 0.747949699289229
		-auroc: 0.74664663156338
2026-06-14 23:28:04 - __main__ - INFO - WCYKMVHQFDGRLITNEASP encoding is done for binary task with:
	-custom
		-f1: 0.8294849023090586
		-auroc: 0.7458562495291192
	-resnet
		-f1: 0.8031418753068238
		-auroc: 0.7595620181320475
2026-06-14 23:31:50 - __main__ - INFO - WCYKMVHQFDGRLITNEASP encoding is done for binary task with:
	-custom
		-f1: 0.8293545534924845
		-auroc: 0.7435416091145768
	-resnet
		-f1: 0.8318666049096805
		-auroc: 0.7688247653967536
2026-06-14 23:35:36 - __main__ - INFO - WCYKMVHQFDGRLITNEASP encoding is done for binary task with:
	-custom
		-f1: 0.826526130873957
		-auroc: 0.7364637484617897
	-resnet
		-f1: 0.8117443868739206
		-auroc: 0.7074840040070207
2026-06-14 23:39:23 - __main__ - INFO - WCYKMVHQFDGRLITNEASP encoding is done for binary task with:
	-custom
		-f1: 0.8289649044868947
		-auroc: 0.7453665335643787
	-resnet
		-f1: 0.8108766233766234
		-auroc: 0.6729869325363939
2026-06-14 23:43:09 - __main__ - INFO - WCYKMVHQFDGRLITNEASP encoding is done for binary task with:
	-custom
		-f1: 0.8292035398230089
		-auroc: 0.743764143862087
	-resnet
		-f1: 0.8300567933595456
		-auroc: 0.7387344400077016
2026-06-14 23:46:56 - __main__ - INFO - WCYKMVHQFDGRLITNEASP encoding is done for binary task with:
	-custom
		-f1: 0.8297872340425532
		-auroc: 0.7454111800340987
	-resnet
		-f1: 0.8279192273924495
		-auroc: 0.7381554311035212
2026-06-14 23:50:41 - __main__ - INFO - WCYKMVHQFDGRLITNEASP encoding is done for binary task with:
	-custom
		-f1: 0.8316303864948912
		-auroc: 0.7489724335953523
	-resnet
		-f1: 0.789865871833085
		-auroc: 0.7490108016552679
2026-06-14 23:54:28 - __main__ - INFO - WCYKMVHQFDGRLITNEASP encoding is done for binary task with:
	-custom
		-f1: 0.8255813953488372
		-auroc: 0.7440306274782278
	-resnet
		-f1: 0.8354541465555068
		-auroc: 0.748260880484191
2026-06-14 23:58:14 - __main__ - INFO - WCYKMVHQFDGRLITNEASP encoding is done for binary task with:
	-custom
		-f1: 0.8322981366459627
		-auroc: 0.7492396148125826
	-resnet
		-f1: 0.8297067171239356
		-auroc: 0.7756347472312213
2026-06-15 00:02:01 - __main__ - INFO - WCYKMVHQFDGRLITNEASP encoding is done for binary task with:
	-custom
		-f1: 0.8336283185840708
		-auroc: 0.7497739772470429
	-resnet
		-f1: 0.7828746177370031
		-auroc: 0.7528824877012927
2026-06-15 00:05:47 - __main__ - INFO - WCYKMVHQFDGRLITNEASP encoding is done for binary task with:
	-custom
		-f1: 0.8276473194505981
		-auroc: 0.7422949959678657
	-resnet
		-f1: 0.8080708661417323
		-auroc: 0.7667291717242745
2026-06-15 00:09:35 - __main__ - INFO - WCYKMVHQFDGRLITNEASP encoding is done for binary task with:
	-custom
		-f1: 0.8272484416740873
		-auroc: 0.7441199204176676
	-resnet
		-f1: 0.8233046800382043
		-auroc: 0.7718502613213681
2026-06-15 00:13:22 - __main__ - INFO - WCYKMVHQFDGRLITNEASP encoding is done for binary task with:
	-custom
		-f1: 0.8310542567269519
		-auroc: 0.744788222261288
	-resnet
		-f1: 0.8224719101123595
		-auroc: 0.7422496518970564
2026-06-15 00:17:08 - __main__ - INFO - WCYKMVHQFDGRLITNEASP encoding is done for binary task with:
	-custom
		-f1: 0.8302222222222222
		-auroc: 0.7472807509536207
	-resnet
		-f1: 0.8188647746243739
		-auroc: 0.6997845807836014
2026-06-15 00:20:56 - __main__ - INFO - WCYKMVHQFDGRLITNEASP encoding is done for binary task with:
	-custom
		-f1: 0.8280141843971631
		-auroc: 0.7430072466801164
	-resnet
		-f1: 0.7429519071310116
		-auroc: 0.7464680456845002
2026-06-15 00:24:42 - __main__ - INFO - WCYKMVHQFDGRLITNEASP encoding is done for binary task with:
	-custom
		-f1: 0.8280764104842292
		-auroc: 0.7441645668873877
	-resnet
		-f1: 0.6568265682656826
		-auroc: 0.7109385246015999
2026-06-15 00:28:29 - __main__ - INFO - WCYKMVHQFDGRLITNEASP encoding is done for binary task with:
	-custom
		-f1: 0.8302222222222222
		-auroc: 0.7472807509536207
	-resnet
		-f1: 0.7537796976241901
		-auroc: 0.7470923986594896
2026-06-15 00:32:15 - __main__ - INFO - WCYKMVHQFDGRLITNEASP encoding is done for binary task with:
	-custom
		-f1: 0.8280141843971631
		-auroc: 0.7430072466801164
	-resnet
		-f1: 0.8213256484149856
		-auroc: 0.7719835031294385
2026-06-15 00:36:02 - __main__ - INFO - WCYKMVHQFDGRLITNEASP encoding is done for binary task with:
	-custom
		-f1: 0.8317715305667113
		-auroc: 0.7512870740098948
	-resnet
		-f1: 0.8209934395501406
		-auroc: 0.7601877663092158
2026-06-15 00:39:49 - __main__ - INFO - WCYKMVHQFDGRLITNEASP encoding is done for binary task with:
	-custom
		-f1: 0.8301382077574677
		-auroc: 0.748660605908402
	-resnet
		-f1: 0.8286604361370716
		-auroc: 0.7458116030593993
2026-06-15 00:43:36 - __main__ - INFO - WCYKMVHQFDGRLITNEASP encoding is done for binary task with:
	-custom
		-f1: 0.8304711580801409
		-auroc: 0.7431411860892763
	-resnet
		-f1: 0.8254260709350529
		-auroc: 0.7578738234957627
2026-06-15 00:47:23 - __main__ - INFO - WCYKMVHQFDGRLITNEASP encoding is done for binary task with:
	-custom
		-f1: 0.831410825199645
		-auroc: 0.7480376481355913
	-resnet
		-f1: 0.7193763919821826
		-auroc: 0.7244761713419892
2026-06-15 00:51:08 - __main__ - INFO - WCYKMVHQFDGRLITNEASP encoding is done for binary task with:
	-custom
		-f1: 0.829682610639249
		-auroc: 0.749328210150933
	-resnet
		-f1: 0.6838709677419355
		-auroc: 0.7135670855063607
2026-06-15 00:54:56 - __main__ - INFO - WCYKMVHQFDGRLITNEASP encoding is done for binary task with:
	-custom
		-f1: 0.8291814946619217
		-auroc: 0.7463013190241399
	-resnet
		-f1: 0.7797649463464487
		-auroc: 0.7504339078775905
2026-06-15 00:58:43 - __main__ - INFO - WCYKMVHQFDGRLITNEASP encoding is done for binary task with:
	-custom
		-f1: 0.8310421286031042
		-auroc: 0.7473253974233405
	-resnet
		-f1: 0.8311212814645309
		-auroc: 0.7623259136481467
2026-06-15 01:02:30 - __main__ - INFO - WCYKMVHQFDGRLITNEASP encoding is done for binary task with:
	-custom
		-f1: 0.8327402135231317
		-auroc: 0.7511091857321044
	-resnet
		-f1: 0.8266550522648084
		-auroc: 0.7325467183449553
2026-06-15 01:06:16 - __main__ - INFO - WCYKMVHQFDGRLITNEASP encoding is done for binary task with:
	-custom
		-f1: 0.8274021352313167
		-auroc: 0.7438973856701574
	-resnet
		-f1: 0.7922606924643585
		-auroc: 0.7634776530467029
2026-06-15 01:10:03 - __main__ - INFO - WCYKMVHQFDGRLITNEASP encoding is done for binary task with:
	-custom
		-f1: 0.8322981366459627
		-auroc: 0.7492396148125826
	-resnet
		-f1: 0.8311688311688312
		-auroc: 0.7685575841795235
2026-06-15 01:13:48 - __main__ - INFO - WCYKMVHQFDGRLITNEASP encoding is done for binary task with:
	-custom
		-f1: 0.8306737588652482
		-auroc: 0.7466131467110899
	-resnet
		-f1: 0.7637921799678629
		-auroc: 0.7544381381305965
2026-06-15 01:17:34 - __main__ - INFO - WCYKMVHQFDGRLITNEASP encoding is done for binary task with:
	-custom
		-f1: 0.8313199105145413
		-auroc: 0.7519546782524256
	-resnet
		-f1: 0.6319056486654252
		-auroc: 0.6915731183605816
2026-06-15 01:21:20 - __main__ - INFO - WCYKMVHQFDGRLITNEASP encoding is done for binary task with:
	-custom
		-f1: 0.8303571428571429
		-auroc: 0.7495953913681632
	-resnet
		-f1: 0.828043581241118
		-auroc: 0.7741655993369999
2026-06-15 01:25:05 - __main__ - INFO - WCYKMVHQFDGRLITNEASP encoding is done for binary task with:
	-custom
		-f1: 0.8311688311688312
		-auroc: 0.7521772129999359
	-resnet
		-f1: 0.6742514970059881
		-auroc: 0.7144565268953124
2026-06-15 01:28:52 - __main__ - INFO - WCYKMVHQFDGRLITNEASP encoding is done for binary task with:
	-custom
		-f1: 0.8325912733748887
		-auroc: 0.7513317204796148
	-resnet
		-f1: 0.7966518956179222
		-auroc: 0.7530178223126314
2026-06-15 01:32:38 - __main__ - INFO - WCYKMVHQFDGRLITNEASP encoding is done for binary task with:
	-custom
		-f1: 0.8322440087145969
		-auroc: 0.7404707691191531
	-resnet
		-f1: 0.7265536723163842
		-auroc: 0.739388789829534
2026-06-15 01:36:25 - __main__ - INFO - WCYKMVHQFDGRLITNEASP encoding is done for binary task with:
	-custom
		-f1: 0.8264536173990236
		-auroc: 0.7415380987858952
	-resnet
		-f1: 0.831639416703491
		-auroc: 0.7464352584332996
2026-06-15 01:40:13 - __main__ - INFO - WCYKMVHQFDGRLITNEASP encoding is done for binary task with:
	-custom
		-f1: 0.825720620842572
		-auroc: 0.7401135973613936
	-resnet
		-f1: 0.8208820882088209
		-auroc: 0.740780504002835
2026-06-15 01:44:01 - __main__ - INFO - WCYKMVHQFDGRLITNEASP encoding is done for binary task with:
	-custom
		-f1: 0.8309859154929577
		-auroc: 0.7436309020540167
	-resnet
		-f1: 0.7673555908850026
		-auroc: 0.7534147573324852
2026-06-15 01:47:47 - __main__ - INFO - WCYKMVHQFDGRLITNEASP encoding is done for binary task with:
	-custom
		-f1: 0.8285968028419183
		-auroc: 0.7446542828521281
	-resnet
		-f1: 0.7757638529259451
		-auroc: 0.7521248929182327
2026-06-15 01:51:32 - __main__ - INFO - WCYKMVHQFDGRLITNEASP encoding is done for binary task with:
	-custom
		-f1: 0.8299015219337511
		-auroc: 0.7502629956106939
	-resnet
		-f1: 0.8146883005977796
		-auroc: 0.7057930189663784
2026-06-15 01:55:19 - __main__ - INFO - WCYKMVHQFDGRLITNEASP encoding is done for binary task with:
	-custom
		-f1: 0.830255057167986
		-auroc: 0.7422064006295152
	-resnet
		-f1: 0.8125594671741199
		-auroc: 0.7565365222074331
2026-06-15 01:59:05 - __main__ - INFO - WCYKMVHQFDGRLITNEASP encoding is done for binary task with:
	-custom
		-f1: 0.8291814946619217
		-auroc: 0.7463013190241399
	-resnet
		-f1: 0.6585365853658537
		-auroc: 0.708178814692037
2026-06-15 02:02:52 - __main__ - INFO - WCYKMVHQFDGRLITNEASP encoding is done for binary task with:
	-custom
		-f1: 0.830238726790451
		-auroc: 0.7447435757915679
	-resnet
		-f1: 0.812470477090222
		-auroc: 0.7530645615856193
2026-06-15 02:06:39 - __main__ - INFO - WCYKMVHQFDGRLITNEASP encoding is done for binary task with:
	-custom
		-f1: 0.8291390728476821
		-auroc: 0.7426068236548159
	-resnet
		-f1: 0.7842344618494189
		-auroc: 0.75038995900896
2026-06-15 02:10:26 - __main__ - INFO - WCYKMVHQFDGRLITNEASP encoding is done for binary task with:
	-custom
		-f1: 0.8295706064630367
		-auroc: 0.7444763945743378
	-resnet
		-f1: 0.7698744769874477
		-auroc: 0.7500320896501111
2026-06-15 02:14:13 - __main__ - INFO - WCYKMVHQFDGRLITNEASP encoding is done for binary task with:
	-custom
		-f1: 0.8295706064630367
		-auroc: 0.7444763945743378
	-resnet
		-f1: 0.8256130790190735
		-auroc: 0.7514196182168758
2026-06-15 02:17:58 - __main__ - INFO - WCYKMVHQFDGRLITNEASP encoding is done for binary task with:
	-custom
		-f1: 0.8311918475852902
		-auroc: 0.7471028626758304
	-resnet
		-f1: 0.79
		-auroc: 0.7522602275295713
2026-06-15 02:21:44 - __main__ - INFO - WCYKMVHQFDGRLITNEASP encoding is done for binary task with:
	-custom
		-f1: 0.8287243532560215
		-auroc: 0.7469689232666706
	-resnet
		-f1: 0.8154917319408181
		-auroc: 0.71669861679656
2026-06-15 02:25:31 - __main__ - INFO - WCYKMVHQFDGRLITNEASP encoding is done for binary task with:
	-custom
		-f1: 0.8282290279627164
		-auroc: 0.7439420321398774
	-resnet
		-f1: 0.7231892195395845
		-auroc: 0.7327559986717675
2026-06-15 02:29:17 - __main__ - INFO - WCYKMVHQFDGRLITNEASP encoding is done for binary task with:
	-custom
		-f1: 0.8277404921700223
		-auroc: 0.7471468115444608
	-resnet
		-f1: 0.7324099722991689
		-auroc: 0.7360954150866003
2026-06-15 02:33:05 - __main__ - INFO - WCYKMVHQFDGRLITNEASP encoding is done for binary task with:
	-custom
		-f1: 0.8297020898176968
		-auroc: 0.7467910349888802
	-resnet
		-f1: 0.8268456375838926
		-auroc: 0.7459448448674698
2026-06-15 02:36:51 - __main__ - INFO - WCYKMVHQFDGRLITNEASP encoding is done for binary task with:
	-custom
		-f1: 0.8271604938271605
		-auroc: 0.7392681048410725
	-resnet
		-f1: 0.8277365896205844
		-auroc: 0.7346834704817075
2026-06-15 02:40:37 - __main__ - INFO - WCYKMVHQFDGRLITNEASP encoding is done for binary task with:
	-custom
		-f1: 0.8308921438082557
		-auroc: 0.7475479321708509
	-resnet
		-f1: 0.8167259786476868
		-auroc: 0.7294737855462634
2026-06-15 02:44:23 - __main__ - INFO - WCYKMVHQFDGRLITNEASP encoding is done for binary task with:
	-custom
		-f1: 0.8303217276333187
		-auroc: 0.7433637208367865
	-resnet
		-f1: 0.8350427350427351
		-auroc: 0.7348627539616766
2026-06-15 02:48:09 - __main__ - INFO - WCYKMVHQFDGRLITNEASP encoding is done for binary task with:
	-custom
		-f1: 0.8298533984895602
		-auroc: 0.7465685002413699
	-resnet
		-f1: 0.789552988448016
		-auroc: 0.7538626172318631
2026-06-15 02:51:56 - __main__ - INFO - WCYKMVHQFDGRLITNEASP encoding is done for binary task with:
	-custom
		-f1: 0.8302895322939866
		-auroc: 0.748438071160892
	-resnet
		-f1: 0.8174712643678161
		-auroc: 0.7466110539078219
2026-06-15 02:55:44 - __main__ - INFO - WCYKMVHQFDGRLITNEASP encoding is done for binary task with:
	-custom
		-f1: 0.8258351893095769
		-auroc: 0.742428237775936
	-resnet
		-f1: 0.7887184562097971
		-auroc: 0.7457167293112446
2026-06-15 02:59:31 - __main__ - INFO - WCYKMVHQFDGRLITNEASP encoding is done for binary task with:
	-custom
		-f1: 0.8313413014608234
		-auroc: 0.74688032792832
	-resnet
		-f1: 0.7027663331371395
		-auroc: 0.7346681232577412
2026-06-15 03:03:19 - __main__ - INFO - WCYKMVHQFDGRLITNEASP encoding is done for binary task with:
	-custom
		-f1: 0.8277703604806409
		-auroc: 0.7446096363824082
	-resnet
		-f1: 0.8299379982285208
		-auroc: 0.7451886452865885
2026-06-15 03:07:07 - __main__ - INFO - WCYKMVHQFDGRLITNEASP encoding is done for binary task with:
	-custom
		-f1: 0.8282016956715752
		-auroc: 0.7464792073019302
	-resnet
		-f1: 0.7787610619469026
		-auroc: 0.7304476366670294
2026-06-15 03:10:55 - __main__ - INFO - WCYKMVHQFDGRLITNEASP encoding is done for binary task with:
	-custom
		-f1: 0.8328187031318923
		-auroc: 0.7471921556152701
	-resnet
		-f1: 0.7917505030181087
		-auroc: 0.7572013360456064
2026-06-15 03:14:42 - __main__ - INFO - WCYKMVHQFDGRLITNEASP encoding is done for binary task with:
	-custom
		-f1: 0.8280764104842292
		-auroc: 0.7441645668873877
	-resnet
		-f1: 0.7654190827622562
		-auroc: 0.7486961835639603
2026-06-15 03:18:28 - __main__ - INFO - WCYKMVHQFDGRLITNEASP encoding is done for binary task with:
	-custom
		-f1: 0.8279857397504456
		-auroc: 0.745544421842169
	-resnet
		-f1: 0.778705636743215
		-auroc: 0.75920275357102
2026-06-15 03:22:15 - __main__ - INFO - WCYKMVHQFDGRLITNEASP encoding is done for binary task with:
	-custom
		-f1: 0.8296557811120918
		-auroc: 0.7430965396195564
	-resnet
		-f1: 0.8077294685990338
		-auroc: 0.7576931448136149
2026-06-15 03:26:02 - __main__ - INFO - WCYKMVHQFDGRLITNEASP encoding is done for binary task with:
	-custom
		-f1: 0.8291592128801432
		-auroc: 0.7488384941861925
	-resnet
		-f1: 0.7931034482758621
		-auroc: 0.7352568985771728
2026-06-15 03:29:48 - __main__ - INFO - WCYKMVHQFDGRLITNEASP encoding is done for binary task with:
	-custom
		-f1: 0.8276473194505981
		-auroc: 0.7422949959678657
	-resnet
		-f1: 0.8058111380145279
		-auroc: 0.7564465316669038
2026-06-15 03:33:33 - __main__ - INFO - WCYKMVHQFDGRLITNEASP encoding is done for binary task with:
	-custom
		-f1: 0.8294195835179442
		-auroc: 0.744698929321848
	-resnet
		-f1: 0.8046875
		-auroc: 0.7589390603592366
2026-06-15 03:37:20 - __main__ - INFO - WCYKMVHQFDGRLITNEASP encoding is done for binary task with:
	-custom
		-f1: 0.8290293855743545
		-auroc: 0.74652385377165
	-resnet
		-f1: 0.8045862412761715
		-auroc: 0.7684201567649167
2026-06-15 03:41:07 - __main__ - INFO - WCYKMVHQFDGRLITNEASP encoding is done for binary task with:
	-custom
		-f1: 0.8261063924899419
		-auroc: 0.7445203434429684
	-resnet
		-f1: 0.8360655737704918
		-auroc: 0.740916536215263
2026-06-15 03:44:53 - __main__ - INFO - WCYKMVHQFDGRLITNEASP encoding is done for binary task with:
	-custom
		-f1: 0.8290941543953592
		-auroc: 0.7476811739789213
	-resnet
		-f1: 0.8163653663177926
		-auroc: 0.7613443889153978
2026-06-15 03:48:39 - __main__ - INFO - WCYKMVHQFDGRLITNEASP encoding is done for binary task with:
	-custom
		-f1: 0.827708703374778
		-auroc: 0.743452316175137
	-resnet
		-f1: 0.8228621291448517
		-auroc: 0.7281839211320111
2026-06-15 03:52:25 - __main__ - INFO - WCYKMVHQFDGRLITNEASP encoding is done for binary task with:
	-custom
		-f1: 0.8264536173990236
		-auroc: 0.7415380987858952
	-resnet
		-f1: 0.8189774297558728
		-auroc: 0.7494600567568246
2026-06-15 03:56:12 - __main__ - INFO - WCYKMVHQFDGRLITNEASP encoding is done for binary task with:
	-custom
		-f1: 0.8269402319357716
		-auroc: 0.7445649899126883
	-resnet
		-f1: 0.8086915446386396
		-auroc: 0.7482566948776548
2026-06-15 04:00:00 - __main__ - INFO - WCYKMVHQFDGRLITNEASP encoding is done for binary task with:
	-custom
		-f1: 0.8317715305667113
		-auroc: 0.7512870740098948
	-resnet
		-f1: 0.8228625413320737
		-auroc: 0.7662861950325222
2026-06-15 04:03:46 - __main__ - INFO - WCYKMVHQFDGRLITNEASP encoding is done for binary task with:
	-custom
		-f1: 0.8289414917373827
		-auroc: 0.7479037087264315
	-resnet
		-f1: 0.8074891982717235
		-auroc: 0.7544437189393114
2026-06-15 04:07:32 - __main__ - INFO - WCYKMVHQFDGRLITNEASP encoding is done for binary task with:
	-custom
		-f1: 0.8262411347517731
		-auroc: 0.740603313326134
	-resnet
		-f1: 0.8120915032679739
		-auroc: 0.6783731105474495
2026-06-15 04:11:18 - __main__ - INFO - WCYKMVHQFDGRLITNEASP encoding is done for binary task with:
	-custom
		-f1: 0.8326675543719485
		-auroc: 0.7499518655248331
	-resnet
		-f1: 0.8317373461012312
		-auroc: 0.7614357746581057
2026-06-15 04:15:03 - __main__ - INFO - WCYKMVHQFDGRLITNEASP encoding is done for binary task with:
	-custom
		-f1: 0.8279857397504456
		-auroc: 0.745544421842169
	-resnet
		-f1: 0.819000819000819
		-auroc: 0.6898584148829007
2026-06-15 04:18:50 - __main__ - INFO - WCYKMVHQFDGRLITNEASP encoding is done for binary task with:
	-custom
		-f1: 0.8312829525483304
		-auroc: 0.7431858325589962
	-resnet
		-f1: 0.8013765978367748
		-auroc: 0.7580928702378262
2026-06-15 04:22:36 - __main__ - INFO - WCYKMVHQFDGRLITNEASP encoding is done for binary task with:
	-custom
		-f1: 0.8267260579064588
		-auroc: 0.7436302044529273
	-resnet
		-f1: 0.8257575757575758
		-auroc: 0.771049415270767
2026-06-15 04:26:23 - __main__ - INFO - WCYKMVHQFDGRLITNEASP encoding is done for binary task with:
	-custom
		-f1: 0.8293333333333334
		-auroc: 0.7460787842766295
	-resnet
		-f1: 0.8207322872087494
		-auroc: 0.7666419715881029
2026-06-15 04:30:09 - __main__ - INFO - WCYKMVHQFDGRLITNEASP encoding is done for binary task with:
	-custom
		-f1: 0.8324514991181657
		-auroc: 0.7464799049030195
	-resnet
		-f1: 0.8324697754749568
		-auroc: 0.7363312042548085
2026-06-15 04:33:56 - __main__ - INFO - WCYKMVHQFDGRLITNEASP encoding is done for binary task with:
	-custom
		-f1: 0.8275555555555556
		-auroc: 0.7436748509226473
	-resnet
		-f1: 0.818976279650437
		-auroc: 0.69840472582882
2026-06-15 04:37:44 - __main__ - INFO - WCYKMVHQFDGRLITNEASP encoding is done for binary task with:
	-custom
		-f1: 0.8273413226808699
		-auroc: 0.7427400654628862
	-resnet
		-f1: 0.8249787595581988
		-auroc: 0.7176794439282196
2026-06-15 04:41:30 - __main__ - INFO - WCYKMVHQFDGRLITNEASP encoding is done for binary task with:
	-custom
		-f1: 0.8271216883700044
		-auroc: 0.7480369505345019
	-resnet
		-f1: 0.752571737953438
		-auroc: 0.7470477521897698
2026-06-15 04:45:17 - __main__ - INFO - WCYKMVHQFDGRLITNEASP encoding is done for binary task with:
	-custom
		-f1: 0.8294195835179442
		-auroc: 0.744698929321848
	-resnet
		-f1: 0.8142717497556208
		-auroc: 0.7711812618766585
2026-06-15 04:49:03 - __main__ - INFO - WCYKMVHQFDGRLITNEASP encoding is done for binary task with:
	-custom
		-f1: 0.8270676691729323
		-auroc: 0.7406479597958541
	-resnet
		-f1: 0.8045409674234946
		-auroc: 0.7637908759358318
2026-06-15 04:52:50 - __main__ - INFO - WCYKMVHQFDGRLITNEASP encoding is done for binary task with:
	-custom
		-f1: 0.8329699084169211
		-auroc: 0.7418952705436545
	-resnet
		-f1: 0.806483300589391
		-auroc: 0.7638801688752718
2026-06-15 04:56:37 - __main__ - INFO - WCYKMVHQFDGRLITNEASP encoding is done for binary task with:
	-custom
		-f1: 0.8295454545454546
		-auroc: 0.7382447240429612
	-resnet
		-f1: 0.8256029684601113
		-auroc: 0.7613457841175766
2026-06-15 05:00:23 - __main__ - INFO - WCYKMVHQFDGRLITNEASP encoding is done for binary task with:
	-custom
		-f1: 0.8284075871195412
		-auroc: 0.7411823222303144
	-resnet
		-f1: 0.7627209426888055
		-auroc: 0.7532361714536052
2026-06-15 05:04:09 - __main__ - INFO - WCYKMVHQFDGRLITNEASP encoding is done for binary task with:
	-custom
		-f1: 0.8317008014247551
		-auroc: 0.7501297538026235
	-resnet
		-f1: 0.8184019370460048
		-auroc: 0.7720720984677889
2026-06-15 05:07:55 - __main__ - INFO - WCYKMVHQFDGRLITNEASP encoding is done for binary task with:
	-custom
		-f1: 0.8292682926829268
		-auroc: 0.7449214640693582
	-resnet
		-f1: 0.824102791315906
		-auroc: 0.7374871292599011
2026-06-15 05:11:41 - __main__ - INFO - WCYKMVHQFDGRLITNEASP encoding is done for binary task with:
	-custom
		-f1: 0.827708703374778
		-auroc: 0.743452316175137
	-resnet
		-f1: 0.8255613126079447
		-auroc: 0.7267154708388792
2026-06-15 05:15:28 - __main__ - INFO - WCYKMVHQFDGRLITNEASP encoding is done for binary task with:
	-custom
		-f1: 0.8268206039076377
		-auroc: 0.7422503494981457
	-resnet
		-f1: 0.8099094807050977
		-auroc: 0.7538654076362206
2026-06-15 05:19:15 - __main__ - INFO - WCYKMVHQFDGRLITNEASP encoding is done for binary task with:
	-custom
		-f1: 0.8277703604806409
		-auroc: 0.7446096363824082
	-resnet
		-f1: 0.8134692069118299
		-auroc: 0.7230635291360071
2026-06-15 05:23:01 - __main__ - INFO - WCYKMVHQFDGRLITNEASP encoding is done for binary task with:
	-custom
		-f1: 0.8303730017761989
		-auroc: 0.7470582162061103
	-resnet
		-f1: 0.8220183486238533
		-auroc: 0.7514635670855063
2026-06-15 05:26:46 - __main__ - INFO - WCYKMVHQFDGRLITNEASP encoding is done for binary task with:
	-custom
		-f1: 0.8287488908606921
		-auroc: 0.7444317481046179
	-resnet
		-f1: 0.7265581134194273
		-auroc: 0.736361898702741
2026-06-15 05:30:32 - __main__ - INFO - WCYKMVHQFDGRLITNEASP encoding is done for binary task with:
	-custom
		-f1: 0.8307967770814683
		-auroc: 0.7514649622876851
	-resnet
		-f1: 0.8215767634854771
		-auroc: 0.7532884915353084
2026-06-15 05:34:18 - __main__ - INFO - WCYKMVHQFDGRLITNEASP encoding is done for binary task with:
	-custom
		-f1: 0.8258750553832521
		-auroc: 0.7398910626138835
	-resnet
		-f1: 0.8349514563106796
		-auroc: 0.7503083396815031
2026-06-15 05:38:06 - __main__ - INFO - WCYKMVHQFDGRLITNEASP encoding is done for binary task with:
	-custom
		-f1: 0.82688028482421
		-auroc: 0.7434076697054169
	-resnet
		-f1: 0.811787072243346
		-auroc: 0.7551120207829317
2026-06-15 05:41:52 - __main__ - INFO - WCYKMVHQFDGRLITNEASP encoding is done for binary task with:
	-custom
		-f1: 0.8317715305667113
		-auroc: 0.7512870740098948
	-resnet
		-f1: 0.8165735567970205
		-auroc: 0.7514182230146971
2026-06-15 05:45:39 - __main__ - INFO - WCYKMVHQFDGRLITNEASP encoding is done for binary task with:
	-custom
		-f1: 0.8288770053475936
		-auroc: 0.7467463885191604
	-resnet
		-f1: 0.812093023255814
		-auroc: 0.745185854882231
2026-06-15 05:49:25 - __main__ - INFO - WCYKMVHQFDGRLITNEASP encoding is done for binary task with:
	-custom
		-f1: 0.8313199105145413
		-auroc: 0.7519546782524256
	-resnet
		-f1: 0.7490716180371353
		-auroc: 0.7332038585711456
2026-06-15 05:53:11 - __main__ - INFO - WCYKMVHQFDGRLITNEASP encoding is done for binary task with:
	-custom
		-f1: 0.8283185840707965
		-auroc: 0.7425621771850959
	-resnet
		-f1: 0.8275563258232236
		-auroc: 0.7312115098598939
2026-06-15 05:56:58 - __main__ - INFO - WCYKMVHQFDGRLITNEASP encoding is done for binary task with:
	-custom
		-f1: 0.8265124555160143
		-auroc: 0.7426954189931663
	-resnet
		-f1: 0.8217411331183786
		-auroc: 0.753065956787798
2026-06-15 06:00:44 - __main__ - INFO - WCYKMVHQFDGRLITNEASP encoding is done for binary task with:
	-custom
		-f1: 0.8301552106430156
		-auroc: 0.7461234307463496
	-resnet
		-f1: 0.6915887850467289
		-auroc: 0.7193990306135263
2026-06-15 06:04:31 - __main__ - INFO - WCYKMVHQFDGRLITNEASP encoding is done for binary task with:
	-custom
		-f1: 0.8302222222222222
		-auroc: 0.7472807509536207
	-resnet
		-f1: 0.8015488867376573
		-auroc: 0.7509264142466885
2026-06-15 06:08:18 - __main__ - INFO - WCYKMVHQFDGRLITNEASP encoding is done for binary task with:
	-custom
		-f1: 0.8288770053475936
		-auroc: 0.7467463885191604
	-resnet
		-f1: 0.7445983379501385
		-auroc: 0.749317048533503
2026-06-15 06:12:04 - __main__ - INFO - WCYKMVHQFDGRLITNEASP encoding is done for binary task with:
	-custom
		-f1: 0.8309608540925267
		-auroc: 0.7487052523781221
	-resnet
		-f1: 0.734341252699784
		-auroc: 0.7254569984736489
2026-06-15 06:15:51 - __main__ - INFO - WCYKMVHQFDGRLITNEASP encoding is done for binary task with:
	-custom
		-f1: 0.8322981366459627
		-auroc: 0.7492396148125826
	-resnet
		-f1: 0.8201634877384196
		-auroc: 0.7442078181549289
2026-06-15 06:19:37 - __main__ - INFO - WCYKMVHQFDGRLITNEASP encoding is done for binary task with:
	-custom
		-f1: 0.8282016956715752
		-auroc: 0.7464792073019302
	-resnet
		-f1: 0.7811691670977755
		-auroc: 0.7579121915556783
2026-06-15 06:23:24 - __main__ - INFO - WCYKMVHQFDGRLITNEASP encoding is done for binary task with:
	-custom
		-f1: 0.8298533984895602
		-auroc: 0.7465685002413699
	-resnet
		-f1: 0.7195053400786959
		-auroc: 0.7293726333883044
2026-06-15 06:27:09 - __main__ - INFO - WCYKMVHQFDGRLITNEASP encoding is done for binary task with:
	-custom
		-f1: 0.8273092369477911
		-auroc: 0.745277240624939
	-resnet
		-f1: 0.7335562987736901
		-auroc: 0.7403242728903845
2026-06-15 06:30:58 - __main__ - INFO - WCYKMVHQFDGRLITNEASP encoding is done for binary task with:
	-custom
		-f1: 0.8295706064630367
		-auroc: 0.7444763945743378
	-resnet
		-f1: 0.7928818586258033
		-auroc: 0.750302061271699
2026-06-15 06:34:44 - __main__ - INFO - WCYKMVHQFDGRLITNEASP encoding is done for binary task with:
	-custom
		-f1: 0.8301382077574677
		-auroc: 0.748660605908402
	-resnet
		-f1: 0.7986767485822306
		-auroc: 0.7357473121430026
2026-06-15 06:38:32 - __main__ - INFO - WCYKMVHQFDGRLITNEASP encoding is done for binary task with:
	-custom
		-f1: 0.8328131966116807
		-auroc: 0.7522665059393756
	-resnet
		-f1: 0.828869723104857
		-auroc: 0.7555152342125897
2026-06-15 06:42:18 - __main__ - INFO - WCYKMVHQFDGRLITNEASP encoding is done for binary task with:
	-custom
		-f1: 0.8284444444444444
		-auroc: 0.7448768175996383
	-resnet
		-f1: 0.8285334514842712
		-auroc: 0.743496962644857
2026-06-15 06:46:05 - __main__ - INFO - WCYKMVHQFDGRLITNEASP encoding is done for binary task with:
	-custom
		-f1: 0.8275245755138516
		-auroc: 0.7462120260846998
	-resnet
		-f1: 0.7844104588061174
		-auroc: 0.7390392916837579
2026-06-15 06:49:50 - __main__ - INFO - WCYKMVHQFDGRLITNEASP encoding is done for binary task with:
	-custom
		-f1: 0.8290062667860341
		-auroc: 0.7490610289337029
	-resnet
		-f1: 0.8147797252486974
		-auroc: 0.7573380658591236
2026-06-15 06:53:36 - __main__ - INFO - WCYKMVHQFDGRLITNEASP encoding is done for binary task with:
	-custom
		-f1: 0.8311918475852902
		-auroc: 0.7471028626758304
	-resnet
		-f1: 0.7561761546723953
		-auroc: 0.7471816915989296
2026-06-15 06:57:22 - __main__ - INFO - WCYKMVHQFDGRLITNEASP encoding is done for binary task with:
	-custom
		-f1: 0.834589800443459
		-auroc: 0.7521332641313054
	-resnet
		-f1: 0.8001968503937008
		-auroc: 0.7571134383083453
2026-06-15 07:01:10 - __main__ - INFO - WCYKMVHQFDGRLITNEASP encoding is done for binary task with:
	-custom
		-f1: 0.8285839544059623
		-auroc: 0.7384226123207515
	-resnet
		-f1: 0.8174783796085571
		-auroc: 0.7417592383312266
2026-06-15 07:04:57 - __main__ - INFO - WCYKMVHQFDGRLITNEASP encoding is done for binary task with:
	-custom
		-f1: 0.8308103294746215
		-auroc: 0.7489277871256323
	-resnet
		-f1: 0.8229571984435797
		-auroc: 0.7796843215550366
2026-06-15 07:08:45 - __main__ - INFO - WCYKMVHQFDGRLITNEASP encoding is done for binary task with:
	-custom
		-f1: 0.831410825199645
		-auroc: 0.7480376481355913
	-resnet
		-f1: 0.8307267709291628
		-auroc: 0.7641508380979488
2026-06-15 07:12:32 - __main__ - INFO - WCYKMVHQFDGRLITNEASP encoding is done for binary task with:
	-custom
		-f1: 0.8309982486865148
		-auroc: 0.741093726891964
	-resnet
		-f1: 0.8104639684106614
		-auroc: 0.7710026759977789
2026-06-15 07:16:19 - __main__ - INFO - WCYKMVHQFDGRLITNEASP encoding is done for binary task with:
	-custom
		-f1: 0.8302055406613047
		-auroc: 0.7498179261156734
	-resnet
		-f1: 0.8166666666666667
		-auroc: 0.7488810478526444
2026-06-15 07:20:06 - __main__ - INFO - WCYKMVHQFDGRLITNEASP encoding is done for binary task with:
	-custom
		-f1: 0.8299379982285208
		-auroc: 0.7451886452865885
	-resnet
		-f1: 0.7498631636562672
		-auroc: 0.7492730996648724
2026-06-15 07:23:53 - __main__ - INFO - WCYKMVHQFDGRLITNEASP encoding is done for binary task with:
	-custom
		-f1: 0.8265124555160143
		-auroc: 0.7426954189931663
	-resnet
		-f1: 0.7942057942057942
		-auroc: 0.7568455594900259
2026-06-15 07:27:40 - __main__ - INFO - WCYKMVHQFDGRLITNEASP encoding is done for binary task with:
	-custom
		-f1: 0.8326710816777042
		-auroc: 0.7474146903627805
	-resnet
		-f1: 0.797808764940239
		-auroc: 0.7597838552784685
2026-06-15 07:31:28 - __main__ - INFO - WCYKMVHQFDGRLITNEASP encoding is done for binary task with:
	-custom
		-f1: 0.8287243532560215
		-auroc: 0.7469689232666706
	-resnet
		-f1: 0.7581493165089379
		-auroc: 0.7391250966177508
2026-06-15 07:35:15 - __main__ - INFO - WCYKMVHQFDGRLITNEASP encoding is done for binary task with:
	-custom
		-f1: 0.8246235606731621
		-auroc: 0.7379768452246415
	-resnet
		-f1: 0.8344370860927153
		-auroc: 0.7498186237167628
2026-06-15 07:39:03 - __main__ - INFO - WCYKMVHQFDGRLITNEASP encoding is done for binary task with:
	-custom
		-f1: 0.8299379982285208
		-auroc: 0.7451886452865885
	-resnet
		-f1: 0.7317345231455661
		-auroc: 0.7386325902486529
2026-06-15 07:42:50 - __main__ - INFO - WCYKMVHQFDGRLITNEASP encoding is done for binary task with:
	-custom
		-f1: 0.82792352156514
		-auroc: 0.7443871016348979
	-resnet
		-f1: 0.8335495028102032
		-auroc: 0.7384679563915606
2026-06-15 07:46:37 - __main__ - INFO - WCYKMVHQFDGRLITNEASP encoding is done for binary task with:
	-custom
		-f1: 0.8269145639663568
		-auroc: 0.7408704945433643
	-resnet
		-f1: 0.8242753623188406
		-auroc: 0.7483480806203626
2026-06-15 07:50:25 - __main__ - INFO - WCYKMVHQFDGRLITNEASP encoding is done for binary task with:
	-custom
		-f1: 0.8286852589641435
		-auroc: 0.7432744278973467
	-resnet
		-f1: 0.8040100250626566
		-auroc: 0.7702450812147189
2026-06-15 07:54:12 - __main__ - INFO - WCYKMVHQFDGRLITNEASP encoding is done for binary task with:
	-custom
		-f1: 0.8325231992929739
		-auroc: 0.7476372251102906
	-resnet
		-f1: 0.8263950398582817
		-auroc: 0.7403807785786238
2026-06-15 07:58:00 - __main__ - INFO - WCYKMVHQFDGRLITNEASP encoding is done for binary task with:
	-custom
		-f1: 0.8299015219337511
		-auroc: 0.7502629956106939
	-resnet
		-f1: 0.8082249265631557
		-auroc: 0.6874084398570197
2026-06-15 08:01:47 - __main__ - INFO - WCYKMVHQFDGRLITNEASP encoding is done for binary task with:
	-custom
		-f1: 0.8251561106155219
		-auroc: 0.7421610565587058
	-resnet
		-f1: 0.7151720248166948
		-auroc: 0.7264343375998616
2026-06-15 08:05:35 - __main__ - INFO - WCYKMVHQFDGRLITNEASP encoding is done for binary task with:
	-custom
		-f1: 0.8269742679680568
		-auroc: 0.7420278147506356
	-resnet
		-f1: 0.8206958073148974
		-auroc: 0.7361512231737503
2026-06-15 08:09:22 - __main__ - INFO - WCYKMVHQFDGRLITNEASP encoding is done for binary task with:
	-custom
		-f1: 0.8281665190434012
		-auroc: 0.7427847119326062
	-resnet
		-f1: 0.8022143935581278
		-auroc: 0.7699332535277688
2026-06-15 08:13:10 - __main__ - INFO - WCYKMVHQFDGRLITNEASP encoding is done for binary task with:
	-custom
		-f1: 0.8287488908606921
		-auroc: 0.7444317481046179
	-resnet
		-f1: 0.8122605363984674
		-auroc: 0.7592962321169962
2026-06-15 08:16:58 - __main__ - INFO - WCYKMVHQFDGRLITNEASP encoding is done for binary task with:
	-custom
		-f1: 0.8269402319357716
		-auroc: 0.7445649899126883
	-resnet
		-f1: 0.5972495088408645
		-auroc: 0.6876979443091098
2026-06-15 08:20:44 - __main__ - INFO - WCYKMVHQFDGRLITNEASP encoding is done for binary task with:
	-custom
		-f1: 0.8260481712756468
		-auroc: 0.7433630232356971
	-resnet
		-f1: 0.8333333333333334
		-auroc: 0.7679792728764325
2026-06-15 08:24:31 - __main__ - INFO - WCYKMVHQFDGRLITNEASP encoding is done for binary task with:
	-custom
		-f1: 0.8280764104842292
		-auroc: 0.7441645668873877
	-resnet
		-f1: 0.8244592346089851
		-auroc: 0.7061062418555073
2026-06-15 08:28:17 - __main__ - INFO - WCYKMVHQFDGRLITNEASP encoding is done for binary task with:
	-custom
		-f1: 0.8322207387627948
		-auroc: 0.7506194697673639
	-resnet
		-f1: 0.8109900521080057
		-auroc: 0.752530199151159
2026-06-15 08:32:05 - __main__ - INFO - WCYKMVHQFDGRLITNEASP encoding is done for binary task with:
	-custom
		-f1: 0.8317008014247551
		-auroc: 0.7501297538026235
	-resnet
		-f1: 0.8178506375227687
		-auroc: 0.7424714890434773
2026-06-15 08:35:53 - __main__ - INFO - WCYKMVHQFDGRLITNEASP encoding is done for binary task with:
	-custom
		-f1: 0.8345831495368328
		-auroc: 0.7495960889692524
	-resnet
		-f1: 0.8321100917431192
		-auroc: 0.7646852005324092
2026-06-15 08:39:41 - __main__ - INFO - WCYKMVHQFDGRLITNEASP encoding is done for binary task with:
	-custom
		-f1: 0.8308790718429273
		-auroc: 0.7500851073329036
	-resnet
		-f1: 0.7773019271948608
		-auroc: 0.7693514542192309
2026-06-15 08:43:26 - __main__ - INFO - WCYKMVHQFDGRLITNEASP encoding is done for binary task with:
	-custom
		-f1: 0.8274944567627495
		-auroc: 0.742517530715376
	-resnet
		-f1: 0.8023892483822798
		-auroc: 0.7650814379511736
2026-06-15 08:47:15 - __main__ - INFO - WCYKMVHQFDGRLITNEASP encoding is done for binary task with:
	-custom
		-f1: 0.8331892826274849
		-auroc: 0.73775570567931
	-resnet
		-f1: 0.8270361041141897
		-auroc: 0.714563957463076
2026-06-15 08:51:01 - __main__ - INFO - WCYKMVHQFDGRLITNEASP encoding is done for binary task with:
	-custom
		-f1: 0.8293333333333334
		-auroc: 0.7460787842766295
	-resnet
		-f1: 0.806028196402528
		-auroc: 0.7585386373339359
2026-06-15 08:54:49 - __main__ - INFO - WCYKMVHQFDGRLITNEASP encoding is done for binary task with:
	-custom
		-f1: 0.8322981366459627
		-auroc: 0.7492396148125826
	-resnet
		-f1: 0.8293135435992579
		-auroc: 0.766153650825541
2026-06-15 08:58:36 - __main__ - INFO - WCYKMVHQFDGRLITNEASP encoding is done for binary task with:
	-custom
		-f1: 0.8326603858232391
		-auroc: 0.7550262158489387
	-resnet
		-f1: 0.7103128621089224
		-auroc: 0.7346688208588306
2026-06-15 09:02:23 - __main__ - INFO - WCYKMVHQFDGRLITNEASP encoding is done for binary task with:
	-custom
		-f1: 0.8267959453503746
		-auroc: 0.7385558541288217
	-resnet
		-f1: 0.8092708836310961
		-auroc: 0.7593848274553466
2026-06-15 09:06:11 - __main__ - INFO - WCYKMVHQFDGRLITNEASP encoding is done for binary task with:
	-custom
		-f1: 0.8273703041144902
		-auroc: 0.7464345608322103
	-resnet
		-f1: 0.6967741935483871
		-auroc: 0.7267887189532636
2026-06-15 09:09:56 - __main__ - INFO - WCYKMVHQFDGRLITNEASP encoding is done for binary task with:
	-custom
		-f1: 0.8310421286031042
		-auroc: 0.7473253974233405
	-resnet
		-f1: 0.8107588856868396
		-auroc: 0.7587618696825358
2026-06-15 09:13:44 - __main__ - INFO - WCYKMVHQFDGRLITNEASP encoding is done for binary task with:
	-custom
		-f1: 0.8291167332445628
		-auroc: 0.7451439988168685
	-resnet
		-f1: 0.8274632189032546
		-auroc: 0.7450547058774287
2026-06-15 09:17:30 - __main__ - INFO - WCYKMVHQFDGRLITNEASP encoding is done for binary task with:
	-custom
		-f1: 0.8258928571428571
		-auroc: 0.7435855579832072
	-resnet
		-f1: 0.7430997876857749
		-auroc: 0.7267043092214494
2026-06-15 09:21:17 - __main__ - INFO - WCYKMVHQFDGRLITNEASP encoding is done for binary task with:
	-custom
		-f1: 0.8288770053475936
		-auroc: 0.7467463885191604
	-resnet
		-f1: 0.8304924242424242
		-auroc: 0.7770592486557227
2026-06-15 09:25:03 - __main__ - INFO - WCYKMVHQFDGRLITNEASP encoding is done for binary task with:
	-custom
		-f1: 0.8304559539619301
		-auroc: 0.7456783612513289
	-resnet
		-f1: 0.667070952092177
		-auroc: 0.7137882250516923
2026-06-15 09:28:51 - __main__ - INFO - WCYKMVHQFDGRLITNEASP encoding is done for binary task with:
	-custom
		-f1: 0.8304405874499332
		-auroc: 0.7482155364133817
	-resnet
		-f1: 0.8262443438914027
		-auroc: 0.7505294792268348
2026-06-15 09:32:37 - __main__ - INFO - WCYKMVHQFDGRLITNEASP encoding is done for binary task with:
	-custom
		-f1: 0.8270609318996416
		-auroc: 0.7468796303272307
	-resnet
		-f1: 0.8145550197281894
		-auroc: 0.7191911454888927
2026-06-15 09:36:25 - __main__ - INFO - WCYKMVHQFDGRLITNEASP encoding is done for binary task with:
	-custom
		-f1: 0.8261449533125834
		-auroc: 0.7419831682809155
	-resnet
		-f1: 0.826968411126827
		-auroc: 0.7706489922454662
2026-06-15 09:40:13 - __main__ - INFO - WCYKMVHQFDGRLITNEASP encoding is done for binary task with:
	-custom
		-f1: 0.8317715305667113
		-auroc: 0.7512870740098948
	-resnet
		-f1: 0.8118717089516515
		-auroc: 0.7585839814047455
2026-06-15 09:44:00 - __main__ - INFO - WCYKMVHQFDGRLITNEASP encoding is done for binary task with:
	-custom
		-f1: 0.8329641116526363
		-auroc: 0.7495067960298126
	-resnet
		-f1: 0.7850746268656716
		-auroc: 0.743935753730073
2026-06-15 09:47:46 - __main__ - INFO - WCYKMVHQFDGRLITNEASP encoding is done for binary task with:
	-custom
		-f1: 0.8272484416740873
		-auroc: 0.7441199204176676
	-resnet
		-f1: 0.8197170241898677
		-auroc: 0.7460327426047308
2026-06-15 09:51:32 - __main__ - INFO - WCYKMVHQFDGRLITNEASP encoding is done for binary task with:
	-custom
		-f1: 0.8296164139161463
		-auroc: 0.7481708899436618
	-resnet
		-f1: 0.821917808219178
		-auroc: 0.7332136249863969
2026-06-15 09:55:18 - __main__ - INFO - WCYKMVHQFDGRLITNEASP encoding is done for binary task with:
	-custom
		-f1: 0.8298347476552033
		-auroc: 0.7491056754034227
	-resnet
		-f1: 0.8132051817801922
		-auroc: 0.6923055995044242
2026-06-15 09:59:04 - __main__ - INFO - WCYKMVHQFDGRLITNEASP encoding is done for binary task with:
	-custom
		-f1: 0.8295053003533569
		-auroc: 0.7433190743670666
	-resnet
		-f1: 0.7552966101694916
		-auroc: 0.7394808731733316
2026-06-15 10:02:52 - __main__ - INFO - WCYKMVHQFDGRLITNEASP encoding is done for binary task with:
	-custom
		-f1: 0.8273092369477911
		-auroc: 0.745277240624939
	-resnet
		-f1: 0.8051827857473391
		-auroc: 0.7337451970164997
2026-06-15 10:06:39 - __main__ - INFO - WCYKMVHQFDGRLITNEASP encoding is done for binary task with:
	-custom
		-f1: 0.827525363917071
		-auroc: 0.7399803555533231
	-resnet
		-f1: 0.7375964718853363
		-auroc: 0.7393008920922731
2026-06-15 10:10:27 - __main__ - INFO - WCYKMVHQFDGRLITNEASP encoding is done for binary task with:
	-custom
		-f1: 0.8316303864948912
		-auroc: 0.7489724335953523
	-resnet
		-f1: 0.8116356700047688
		-auroc: 0.7564918757377131
2026-06-15 10:14:13 - __main__ - INFO - WCYKMVHQFDGRLITNEASP encoding is done for binary task with:
	-custom
		-f1: 0.8267504488330341
		-auroc: 0.7473246998222512
	-resnet
		-f1: 0.819538670284939
		-auroc: 0.741403461775646
2026-06-15 10:17:59 - __main__ - INFO - WCYKMVHQFDGRLITNEASP encoding is done for binary task with:
	-custom
		-f1: 0.8296557811120918
		-auroc: 0.7430965396195564
	-resnet
		-f1: 0.7457627118644068
		-auroc: 0.7442426982093976
2026-06-15 10:21:45 - __main__ - INFO - WCYKMVHQFDGRLITNEASP encoding is done for binary task with:
	-custom
		-f1: 0.8300044385264093
		-auroc: 0.7463459654938596
	-resnet
		-f1: 0.8252611585944919
		-auroc: 0.7717170195132977
2026-06-15 10:25:32 - __main__ - INFO - WCYKMVHQFDGRLITNEASP encoding is done for binary task with:
	-custom
		-f1: 0.8277703604806409
		-auroc: 0.7446096363824082
	-resnet
		-f1: 0.8211564320932317
		-auroc: 0.7391781143005431
2026-06-15 10:29:18 - __main__ - INFO - WCYKMVHQFDGRLITNEASP encoding is done for binary task with:
	-custom
		-f1: 0.829246935201401
		-auroc: 0.7386897935379817
	-resnet
		-f1: 0.7598299681190224
		-auroc: 0.7461583108008181
2026-06-15 10:33:04 - __main__ - INFO - WCYKMVHQFDGRLITNEASP encoding is done for binary task with:
	-custom
		-f1: 0.8316212594908441
		-auroc: 0.7515096087574051
	-resnet
		-f1: 0.812448132780083
		-auroc: 0.687409137458109
2026-06-15 10:36:51 - __main__ - INFO - WCYKMVHQFDGRLITNEASP encoding is done for binary task with:
	-custom
		-f1: 0.8313413014608234
		-auroc: 0.74688032792832
	-resnet
		-f1: 0.8316483516483516
		-auroc: 0.7438980832712467
2026-06-15 10:40:37 - __main__ - INFO - WCYKMVHQFDGRLITNEASP encoding is done for binary task with:
	-custom
		-f1: 0.8312720848056537
		-auroc: 0.7457230077210488
	-resnet
		-f1: 0.8285465622280244
		-auroc: 0.7347281169514274
2026-06-15 10:44:24 - __main__ - INFO - WCYKMVHQFDGRLITNEASP encoding is done for binary task with:
	-custom
		-f1: 0.8273730684326711
		-auroc: 0.7402028903008335
	-resnet
		-f1: 0.8041440552540701
		-auroc: 0.7630786252235812
2026-06-15 10:48:11 - __main__ - INFO - WCYKMVHQFDGRLITNEASP encoding is done for binary task with:
	-custom
		-f1: 0.8276473194505981
		-auroc: 0.7422949959678657
	-resnet
		-f1: 0.8120713305898491
		-auroc: 0.736862078683822
2026-06-15 10:51:58 - __main__ - INFO - WCYKMVHQFDGRLITNEASP encoding is done for binary task with:
	-custom
		-f1: 0.8285077951002228
		-auroc: 0.7460341378069095
	-resnet
		-f1: 0.8247422680412371
		-auroc: 0.7439859810085081
2026-06-15 10:55:45 - __main__ - INFO - WCYKMVHQFDGRLITNEASP encoding is done for binary task with:
	-custom
		-f1: 0.8301382077574677
		-auroc: 0.748660605908402
	-resnet
		-f1: 0.8183105238319962
		-auroc: 0.7600538269000563
2026-06-15 10:59:33 - __main__ - INFO - WCYKMVHQFDGRLITNEASP encoding is done for binary task with:
	-custom
		-f1: 0.8303532490187527
		-auroc: 0.738289370512681
	-resnet
		-f1: 0.765843179377014
		-auroc: 0.75799939169185
2026-06-15 11:03:20 - __main__ - INFO - WCYKMVHQFDGRLITNEASP encoding is done for binary task with:
	-custom
		-f1: 0.8306737588652482
		-auroc: 0.7466131467110899
	-resnet
		-f1: 0.8234728234728235
		-auroc: 0.7753222219431817
2026-06-15 11:07:07 - __main__ - INFO - WCYKMVHQFDGRLITNEASP encoding is done for binary task with:
	-custom
		-f1: 0.8270079435127978
		-auroc: 0.7394906395885827
	-resnet
		-f1: 0.8156862745098039
		-auroc: 0.7742527994731716
2026-06-15 11:10:54 - __main__ - INFO - WCYKMVHQFDGRLITNEASP encoding is done for binary task with:
	-custom
		-f1: 0.8300884955752212
		-auroc: 0.7449661105390782
	-resnet
		-f1: 0.8311333636777424
		-auroc: 0.759788738486094
2026-06-15 11:14:40 - __main__ - INFO - WCYKMVHQFDGRLITNEASP encoding is done for binary task with:
	-custom
		-f1: 0.8287243532560215
		-auroc: 0.7469689232666706
	-resnet
		-f1: 0.7528767123287671
		-auroc: 0.7531015344433563
2026-06-15 11:18:28 - __main__ - INFO - WCYKMVHQFDGRLITNEASP encoding is done for binary task with:
	-custom
		-f1: 0.8274632189032546
		-auroc: 0.7450547058774287
	-resnet
		-f1: 0.8322663252240717
		-auroc: 0.7303220684709422
2026-06-15 11:22:15 - __main__ - INFO - WCYKMVHQFDGRLITNEASP encoding is done for binary task with:
	-custom
		-f1: 0.8288128056914184
		-auroc: 0.7455890683118891
	-resnet
		-f1: 0.7119033927544566
		-auroc: 0.7326213616615185
2026-06-15 11:26:02 - __main__ - INFO - WCYKMVHQFDGRLITNEASP encoding is done for binary task with:
	-custom
		-f1: 0.8300711743772242
		-auroc: 0.7475032857011308
	-resnet
		-f1: 0.8244206773618539
		-auroc: 0.7407365551342046
2026-06-15 11:29:50 - __main__ - INFO - WCYKMVHQFDGRLITNEASP encoding is done for binary task with:
	-custom
		-f1: 0.8356521739130435
		-auroc: 0.7441213156198465
	-resnet
		-f1: 0.6666666666666666
		-auroc: 0.7046629052015927
2026-06-15 11:33:35 - __main__ - INFO - WCYKMVHQFDGRLITNEASP encoding is done for binary task with:
	-custom
		-f1: 0.8335529205094423
		-auroc: 0.746079481877719
	-resnet
		-f1: 0.8302945301542777
		-auroc: 0.7710501128718563
2026-06-15 11:37:22 - __main__ - INFO - WCYKMVHQFDGRLITNEASP encoding is done for binary task with:
	-custom
		-f1: 0.829443447037702
		-auroc: 0.7509305998532247
	-resnet
		-f1: 0.7588046958377801
		-auroc: 0.7470484497908592
2026-06-15 11:41:07 - __main__ - INFO - WCYKMVHQFDGRLITNEASP encoding is done for binary task with:
	-custom
		-f1: 0.8310991957104558
		-auroc: 0.7510198927926647
	-resnet
		-f1: 0.8156529938708157
		-auroc: 0.7562253921215722
2026-06-15 11:44:53 - __main__ - INFO - WCYKMVHQFDGRLITNEASP encoding is done for binary task with:
	-custom
		-f1: 0.8302222222222222
		-auroc: 0.7472807509536207
	-resnet
		-f1: 0.8117381489841986
		-auroc: 0.7301406921877049
2026-06-15 11:48:39 - __main__ - INFO - WCYKMVHQFDGRLITNEASP encoding is done for binary task with:
	-custom
		-f1: 0.8252427184466019
		-auroc: 0.7370867062346004
	-resnet
		-f1: 0.5911458333333334
		-auroc: 0.678883754544871
2026-06-15 11:52:26 - __main__ - INFO - WCYKMVHQFDGRLITNEASP encoding is done for binary task with:
	-custom
		-f1: 0.8288770053475936
		-auroc: 0.7467463885191604
	-resnet
		-f1: 0.8126452812645282
		-auroc: 0.7456755708469716
2026-06-15 11:56:12 - __main__ - INFO - WCYKMVHQFDGRLITNEASP encoding is done for binary task with:
	-custom
		-f1: 0.8304250559284116
		-auroc: 0.7507527115754343
	-resnet
		-f1: 0.8324873096446701
		-auroc: 0.7679346264067125
2026-06-15 11:59:57 - __main__ - INFO - WCYKMVHQFDGRLITNEASP encoding is done for binary task with:
	-custom
		-f1: 0.825368468066101
		-auroc: 0.7430958420184669
	-resnet
		-f1: 0.8231511254019293
		-auroc: 0.7536003192222585
2026-06-15 12:03:44 - __main__ - INFO - WCYKMVHQFDGRLITNEASP encoding is done for binary task with:
	-custom
		-f1: 0.8280482358195623
		-auroc: 0.7467017420494403
	-resnet
		-f1: 0.8236786469344609
		-auroc: 0.7134505861244353
2026-06-15 12:07:30 - __main__ - INFO - WCYKMVHQFDGRLITNEASP encoding is done for binary task with:
	-custom
		-f1: 0.8291167332445628
		-auroc: 0.7451439988168685
	-resnet
		-f1: 0.7392996108949417
		-auroc: 0.7451767860680693
2026-06-15 12:11:17 - __main__ - INFO - WCYKMVHQFDGRLITNEASP encoding is done for binary task with:
	-custom
		-f1: 0.8328131966116807
		-auroc: 0.7522665059393756
	-resnet
		-f1: 0.7760252365930599
		-auroc: 0.7595585301266006
2026-06-15 12:15:04 - __main__ - INFO - WCYKMVHQFDGRLITNEASP encoding is done for binary task with:
	-custom
		-f1: 0.8302222222222222
		-auroc: 0.7472807509536207
	-resnet
		-f1: 0.8389982110912343
		-auroc: 0.7620601276330952
2026-06-15 12:18:51 - __main__ - INFO - WCYKMVHQFDGRLITNEASP encoding is done for binary task with:
	-custom
		-f1: 0.8273127753303965
		-auroc: 0.7390455700935623
	-resnet
		-f1: 0.8023483365949119
		-auroc: 0.7569801965002749
2026-06-15 12:22:36 - __main__ - INFO - WCYKMVHQFDGRLITNEASP encoding is done for binary task with:
	-custom
		-f1: 0.829246935201401
		-auroc: 0.7386897935379817
	-resnet
		-f1: 0.8209021884769987
		-auroc: 0.7370860086335111
2026-06-15 12:26:24 - __main__ - INFO - WCYKMVHQFDGRLITNEASP encoding is done for binary task with:
	-custom
		-f1: 0.8274944567627495
		-auroc: 0.742517530715376
	-resnet
		-f1: 0.8185022026431719
		-auroc: 0.7270259033236506
2026-06-15 12:30:12 - __main__ - INFO - WCYKMVHQFDGRLITNEASP encoding is done for binary task with:
	-custom
		-f1: 0.8260481712756468
		-auroc: 0.7433630232356971
	-resnet
		-f1: 0.8273757628596339
		-auroc: 0.7339712197694568
2026-06-15 12:33:59 - __main__ - INFO - WCYKMVHQFDGRLITNEASP encoding is done for binary task with:
	-custom
		-f1: 0.8305235137533274
		-auroc: 0.7468356814586001
	-resnet
		-f1: 0.7653167185877466
		-auroc: 0.7412625463555924
2026-06-15 12:37:47 - __main__ - INFO - WCYKMVHQFDGRLITNEASP encoding is done for binary task with:
	-custom
		-f1: 0.8289649044868947
		-auroc: 0.7453665335643787
	-resnet
		-f1: 0.8310991957104558
		-auroc: 0.7510198927926647
2026-06-15 12:41:33 - __main__ - INFO - WCYKMVHQFDGRLITNEASP encoding is done for binary task with:
	-custom
		-f1: 0.8308103294746215
		-auroc: 0.7489277871256323
	-resnet
		-f1: 0.7191011235955056
		-auroc: 0.7286603826760536
2026-06-15 12:45:20 - __main__ - INFO - WCYKMVHQFDGRLITNEASP encoding is done for binary task with:
	-custom
		-f1: 0.8267857142857142
		-auroc: 0.7447875246601986
	-resnet
		-f1: 0.7369014084507042
		-auroc: 0.7490491697151833
2026-06-15 12:49:06 - __main__ - INFO - WCYKMVHQFDGRLITNEASP encoding is done for binary task with:
	-custom
		-f1: 0.8268456375838926
		-auroc: 0.7459448448674698
	-resnet
		-f1: 0.8425720620842572
		-auroc: 0.7629509642242258
2026-06-15 12:52:54 - __main__ - INFO - WCYKMVHQFDGRLITNEASP encoding is done for binary task with:
	-custom
		-f1: 0.8314904909332154
		-auroc: 0.7466577931808098
	-resnet
		-f1: 0.8088019559902201
		-auroc: 0.7646817125269624
2026-06-15 12:56:41 - __main__ - INFO - WCYKMVHQFDGRLITNEASP encoding is done for binary task with:
	-custom
		-f1: 0.8318505338078291
		-auroc: 0.7499072190551133
	-resnet
		-f1: 0.8351648351648352
		-auroc: 0.767846031068362
2026-06-15 13:00:28 - __main__ - INFO - WCYKMVHQFDGRLITNEASP encoding is done for binary task with:
	-custom
		-f1: 0.8295904887714664
		-auroc: 0.7419392194122849
	-resnet
		-f1: 0.8097698449976515
		-auroc: 0.746921486392593
2026-06-15 13:04:13 - __main__ - INFO - WCYKMVHQFDGRLITNEASP encoding is done for binary task with:
	-custom
		-f1: 0.8315602836879432
		-auroc: 0.747815113388081
	-resnet
		-f1: 0.8266666666666667
		-auroc: 0.7263150478135787
2026-06-15 13:07:59 - __main__ - INFO - WCYKMVHQFDGRLITNEASP encoding is done for binary task with:
	-custom
		-f1: 0.8273413226808699
		-auroc: 0.7427400654628862
	-resnet
		-f1: 0.8321554770318021
		-auroc: 0.7469249743980401
2026-06-15 13:07:59 - __main__ - INFO - All seed variations are done for index 999.
