2026-06-16 00:24:14 - __main__ - INFO - Filename: training_noise.py started.
2026-06-16 00:26:16 - __main__ - INFO - WCYKMVHQFDGRLITNEASP encoding is done for binary task with:
	-custom
		-f1: 0.8091603053435115
		-auroc: 0.7972490284445315
	-resnet
		-f1: 0.8676867686768677
		-auroc: 0.8478291042095294
2026-06-16 00:28:09 - __main__ - INFO - WCYKMVHQFDGRLITNEASP encoding is done for binary task with:
	-custom
		-f1: 0.8206106870229007
		-auroc: 0.8093853074687306
	-resnet
		-f1: 0.8501805054151624
		-auroc: 0.828757225433526
2026-06-16 00:30:00 - __main__ - INFO - WCYKMVHQFDGRLITNEASP encoding is done for binary task with:
	-custom
		-f1: 0.8220502901353965
		-auroc: 0.8141022500898079
	-resnet
		-f1: 0.7934426229508197
		-auroc: 0.7364084288560138
2026-06-16 00:31:53 - __main__ - INFO - WCYKMVHQFDGRLITNEASP encoding is done for binary task with:
	-custom
		-f1: 0.8108108108108109
		-auroc: 0.8018700401685118
	-resnet
		-f1: 0.8895027624309392
		-auroc: 0.876334868227687
2026-06-16 00:33:41 - __main__ - INFO - WCYKMVHQFDGRLITNEASP encoding is done for binary task with:
	-custom
		-f1: 0.811787072243346
		-auroc: 0.7990798798210379
	-resnet
		-f1: 0.8624667258207631
		-auroc: 0.838970804349956
2026-06-16 00:35:34 - __main__ - INFO - WCYKMVHQFDGRLITNEASP encoding is done for binary task with:
	-custom
		-f1: 0.815028901734104
		-auroc: 0.8058195356128147
	-resnet
		-f1: 0.8829493087557604
		-auroc: 0.8693033375787858
2026-06-16 00:37:25 - __main__ - INFO - WCYKMVHQFDGRLITNEASP encoding is done for binary task with:
	-custom
		-f1: 0.8169556840077071
		-auroc: 0.8078422487835145
	-resnet
		-f1: 0.8960302457466919
		-auroc: 0.8877914666405408
2026-06-16 00:39:17 - __main__ - INFO - WCYKMVHQFDGRLITNEASP encoding is done for binary task with:
	-custom
		-f1: 0.8144624167459562
		-auroc: 0.802161915025636
	-resnet
		-f1: 0.878968253968254
		-auroc: 0.878053460043761
2026-06-16 00:41:09 - __main__ - INFO - WCYKMVHQFDGRLITNEASP encoding is done for binary task with:
	-custom
		-f1: 0.8180112570356473
		-auroc: 0.8024537898827602
	-resnet
		-f1: 0.8901960784313725
		-auroc: 0.8875914405146794
2026-06-16 00:43:02 - __main__ - INFO - WCYKMVHQFDGRLITNEASP encoding is done for binary task with:
	-custom
		-f1: 0.825
		-auroc: 0.8158371705692171
	-resnet
		-f1: 0.8589174800354925
		-auroc: 0.8349253780085564
2026-06-16 00:44:52 - __main__ - INFO - WCYKMVHQFDGRLITNEASP encoding is done for binary task with:
	-custom
		-f1: 0.8203650336215178
		-auroc: 0.8107324221939192
	-resnet
		-f1: 0.8725314183123878
		-auroc: 0.852741990790634
2026-06-16 00:46:44 - __main__ - INFO - WCYKMVHQFDGRLITNEASP encoding is done for binary task with:
	-custom
		-f1: 0.8185255198487713
		-auroc: 0.804860226641847
	-resnet
		-f1: 0.8738574040219378
		-auroc: 0.8577467261030012
2026-06-16 00:48:35 - __main__ - INFO - WCYKMVHQFDGRLITNEASP encoding is done for binary task with:
	-custom
		-f1: 0.8251207729468599
		-auroc: 0.817088354397309
	-resnet
		-f1: 0.8712871287128713
		-auroc: 0.8518745305509291
2026-06-16 00:50:23 - __main__ - INFO - WCYKMVHQFDGRLITNEASP encoding is done for binary task with:
	-custom
		-f1: 0.825
		-auroc: 0.8158371705692171
	-resnet
		-f1: 0.8430962343096234
		-auroc: 0.8522296789784788
2026-06-16 00:52:14 - __main__ - INFO - WCYKMVHQFDGRLITNEASP encoding is done for binary task with:
	-custom
		-f1: 0.8197674418604651
		-auroc: 0.8121754678162048
	-resnet
		-f1: 0.8777372262773723
		-auroc: 0.8616962215473041
2026-06-16 00:54:06 - __main__ - INFO - WCYKMVHQFDGRLITNEASP encoding is done for binary task with:
	-custom
		-f1: 0.8126747437092264
		-auroc: 0.7950385356454721
	-resnet
		-f1: 0.8774928774928775
		-auroc: 0.8688155187616342
2026-06-16 00:55:58 - __main__ - INFO - WCYKMVHQFDGRLITNEASP encoding is done for binary task with:
	-custom
		-f1: 0.8183556405353728
		-auroc: 0.8074585251951276
	-resnet
		-f1: 0.887823585810163
		-auroc: 0.881431452271317
2026-06-16 00:57:47 - __main__ - INFO - WCYKMVHQFDGRLITNEASP encoding is done for binary task with:
	-custom
		-f1: 0.8245283018867925
		-auroc: 0.8108324352568499
	-resnet
		-f1: 0.8954372623574145
		-auroc: 0.8880792593318312
2026-06-16 00:59:38 - __main__ - INFO - WCYKMVHQFDGRLITNEASP encoding is done for binary task with:
	-custom
		-f1: 0.8193236714975846
		-auroc: 0.8110202148852095
	-resnet
		-f1: 0.8692232055063913
		-auroc: 0.8664968485679762
2026-06-16 01:01:26 - __main__ - INFO - WCYKMVHQFDGRLITNEASP encoding is done for binary task with:
	-custom
		-f1: 0.817658349328215
		-auroc: 0.807650386989321
	-resnet
		-f1: 0.883399209486166
		-auroc: 0.881907024590967
2026-06-16 01:03:04 - __main__ - INFO - WCYKMVHQFDGRLITNEASP encoding is done for binary task with:
	-custom
		-f1: 0.8188824662813102
		-auroc: 0.8098649619542145
	-resnet
		-f1: 0.8780971258671952
		-auroc: 0.8769941380098626
2026-06-16 01:04:42 - __main__ - INFO - WCYKMVHQFDGRLITNEASP encoding is done for binary task with:
	-custom
		-f1: 0.8235294117647058
		-auroc: 0.8111202279481402
	-resnet
		-f1: 0.8908212560386474
		-auroc: 0.8858606022011037
2026-06-16 01:06:19 - __main__ - INFO - WCYKMVHQFDGRLITNEASP encoding is done for binary task with:
	-custom
		-f1: 0.8180076628352491
		-auroc: 0.8075544560922243
	-resnet
		-f1: 0.8720821661998133
		-auroc: 0.859861288004964
2026-06-16 01:07:55 - __main__ - INFO - WCYKMVHQFDGRLITNEASP encoding is done for binary task with:
	-custom
		-f1: 0.8288973384030418
		-auroc: 0.8172842983573365
	-resnet
		-f1: 0.8762677484787018
		-auroc: 0.8791086999118252
2026-06-16 01:09:32 - __main__ - INFO - WCYKMVHQFDGRLITNEASP encoding is done for binary task with:
	-custom
		-f1: 0.8117313150425733
		-auroc: 0.7978286959929461
	-resnet
		-f1: 0.884469696969697
		-auroc: 0.8757511185134385
2026-06-16 01:11:08 - __main__ - INFO - WCYKMVHQFDGRLITNEASP encoding is done for binary task with:
	-custom
		-f1: 0.8261287223823247
		-auroc: 0.8168005617060188
	-resnet
		-f1: 0.8807339449541285
		-auroc: 0.8660294405799941
2026-06-16 01:12:46 - __main__ - INFO - WCYKMVHQFDGRLITNEASP encoding is done for binary task with:
	-custom
		-f1: 0.8271251193887297
		-auroc: 0.8165127690147285
	-resnet
		-f1: 0.8924833491912464
		-auroc: 0.8850931550243297
2026-06-16 01:14:22 - __main__ - INFO - WCYKMVHQFDGRLITNEASP encoding is done for binary task with:
	-custom
		-f1: 0.8188824662813102
		-auroc: 0.8098649619542145
	-resnet
		-f1: 0.871889400921659
		-auroc: 0.8571670585545866
2026-06-16 01:16:00 - __main__ - INFO - WCYKMVHQFDGRLITNEASP encoding is done for binary task with:
	-custom
		-f1: 0.815028901734104
		-auroc: 0.8058195356128147
	-resnet
		-f1: 0.8733798604187437
		-auroc: 0.8732365043597532
2026-06-16 01:17:37 - __main__ - INFO - WCYKMVHQFDGRLITNEASP encoding is done for binary task with:
	-custom
		-f1: 0.8091603053435115
		-auroc: 0.7972490284445315
	-resnet
		-f1: 0.8866359447004608
		-auroc: 0.8733487639201856
2026-06-16 01:19:16 - __main__ - INFO - WCYKMVHQFDGRLITNEASP encoding is done for binary task with:
	-custom
		-f1: 0.8238636363636364
		-auroc: 0.8110242970510433
	-resnet
		-f1: 0.8856589147286822
		-auroc: 0.8809477156199993
2026-06-16 01:21:05 - __main__ - INFO - WCYKMVHQFDGRLITNEASP encoding is done for binary task with:
	-custom
		-f1: 0.8143939393939394
		-auroc: 0.8009107311975442
	-resnet
		-f1: 0.8846880907372401
		-auroc: 0.8756551876163418
2026-06-16 01:22:56 - __main__ - INFO - WCYKMVHQFDGRLITNEASP encoding is done for binary task with:
	-custom
		-f1: 0.8336557059961315
		-auroc: 0.8262385291140069
	-resnet
		-f1: 0.8908212560386474
		-auroc: 0.8858606022011037
2026-06-16 01:24:47 - __main__ - INFO - WCYKMVHQFDGRLITNEASP encoding is done for binary task with:
	-custom
		-f1: 0.8165898617511521
		-auroc: 0.7964856634335913
	-resnet
		-f1: 0.8514492753623188
		-auroc: 0.8309718003984193
2026-06-16 01:26:40 - __main__ - INFO - WCYKMVHQFDGRLITNEASP encoding is done for binary task with:
	-custom
		-f1: 0.8106060606060606
		-auroc: 0.7968653048561445
	-resnet
		-f1: 0.8804780876494024
		-auroc: 0.8802680350086542
2026-06-16 01:28:33 - __main__ - INFO - WCYKMVHQFDGRLITNEASP encoding is done for binary task with:
	-custom
		-f1: 0.8174904942965779
		-auroc: 0.8051480193331374
	-resnet
		-f1: 0.8802456499488229
		-auroc: 0.8845971718755102
2026-06-16 01:30:30 - __main__ - INFO - WCYKMVHQFDGRLITNEASP encoding is done for binary task with:
	-custom
		-f1: 0.8210116731517509
		-auroc: 0.8143900427810978
	-resnet
		-f1: 0.8862973760932945
		-auroc: 0.8821029685509943
2026-06-16 01:32:24 - __main__ - INFO - WCYKMVHQFDGRLITNEASP encoding is done for binary task with:
	-custom
		-f1: 0.8260038240917782
		-auroc: 0.8155493778779269
	-resnet
		-f1: 0.8822966507177034
		-auroc: 0.8752673818621207
2026-06-16 01:34:18 - __main__ - INFO - WCYKMVHQFDGRLITNEASP encoding is done for binary task with:
	-custom
		-f1: 0.8213944603629417
		-auroc: 0.810444629502629
	-resnet
		-f1: 0.8696461824953445
		-auroc: 0.856683321903269
2026-06-16 01:36:14 - __main__ - INFO - WCYKMVHQFDGRLITNEASP encoding is done for binary task with:
	-custom
		-f1: 0.8221797323135756
		-auroc: 0.8115039515365272
	-resnet
		-f1: 0.8458904109589042
		-auroc: 0.8117203063257242
2026-06-16 01:38:10 - __main__ - INFO - WCYKMVHQFDGRLITNEASP encoding is done for binary task with:
	-custom
		-f1: 0.8300094966761633
		-auroc: 0.818247689494138
	-resnet
		-f1: 0.8818755635707844
		-auroc: 0.8641067404722249
2026-06-16 01:40:05 - __main__ - INFO - WCYKMVHQFDGRLITNEASP encoding is done for binary task with:
	-custom
		-f1: 0.8190661478599222
		-auroc: 0.8123673296103981
	-resnet
		-f1: 0.8642925890279115
		-auroc: 0.8573507560171125
2026-06-16 01:42:01 - __main__ - INFO - WCYKMVHQFDGRLITNEASP encoding is done for binary task with:
	-custom
		-f1: 0.8217349857006673
		-auroc: 0.8103486986055322
	-resnet
		-f1: 0.8723404255319149
		-auroc: 0.8500477613402567
2026-06-16 01:43:58 - __main__ - INFO - WCYKMVHQFDGRLITNEASP encoding is done for binary task with:
	-custom
		-f1: 0.8222013170272813
		-auroc: 0.807654469155155
	-resnet
		-f1: 0.856396866840731
		-auroc: 0.8278019986283922
2026-06-16 01:45:53 - __main__ - INFO - WCYKMVHQFDGRLITNEASP encoding is done for binary task with:
	-custom
		-f1: 0.8136882129277566
		-auroc: 0.8011025929917377
	-resnet
		-f1: 0.8760330578512396
		-auroc: 0.861020623101793
2026-06-16 01:47:48 - __main__ - INFO - WCYKMVHQFDGRLITNEASP encoding is done for binary task with:
	-custom
		-f1: 0.8227360308285164
		-auroc: 0.8139103882956141
	-resnet
		-f1: 0.8735177865612648
		-auroc: 0.8717934587374677
2026-06-16 01:49:44 - __main__ - INFO - WCYKMVHQFDGRLITNEASP encoding is done for binary task with:
	-custom
		-f1: 0.8301158301158301
		-auroc: 0.8220971718755102
	-resnet
		-f1: 0.8816029143897997
		-auroc: 0.8656457169916071
2026-06-16 01:51:39 - __main__ - INFO - WCYKMVHQFDGRLITNEASP encoding is done for binary task with:
	-custom
		-f1: 0.8153846153846154
		-auroc: 0.8057236047157179
	-resnet
		-f1: 0.8620071684587813
		-auroc: 0.840509780869338
2026-06-16 01:53:35 - __main__ - INFO - WCYKMVHQFDGRLITNEASP encoding is done for binary task with:
	-custom
		-f1: 0.8325358851674641
		-auroc: 0.8226768394239247
	-resnet
		-f1: 0.8781869688385269
		-auroc: 0.8685277260703439
2026-06-16 01:55:30 - __main__ - INFO - WCYKMVHQFDGRLITNEASP encoding is done for binary task with:
	-custom
		-f1: 0.8301158301158301
		-auroc: 0.8220971718755102
	-resnet
		-f1: 0.8882410106899903
		-auroc: 0.8841256817216943
2026-06-16 01:57:26 - __main__ - INFO - WCYKMVHQFDGRLITNEASP encoding is done for binary task with:
	-custom
		-f1: 0.8110161443494777
		-auroc: 0.7980205577871397
	-resnet
		-f1: 0.8954937679769894
		-auroc: 0.8895223049541164
2026-06-16 01:59:21 - __main__ - INFO - WCYKMVHQFDGRLITNEASP encoding is done for binary task with:
	-custom
		-f1: 0.821944177093359
		-auroc: 0.8128510662617159
	-resnet
		-f1: 0.8817005545286506
		-auroc: 0.8684358773390811
2026-06-16 02:01:16 - __main__ - INFO - WCYKMVHQFDGRLITNEASP encoding is done for binary task with:
	-custom
		-f1: 0.8256704980842912
		-auroc: 0.8156453087750236
	-resnet
		-f1: 0.8833792470156107
		-auroc: 0.8691114757845922
2026-06-16 02:03:10 - __main__ - INFO - WCYKMVHQFDGRLITNEASP encoding is done for binary task with:
	-custom
		-f1: 0.8283796740172579
		-auroc: 0.8187273439796219
	-resnet
		-f1: 0.8451443569553806
		-auroc: 0.8159535122954835
2026-06-16 02:05:05 - __main__ - INFO - WCYKMVHQFDGRLITNEASP encoding is done for binary task with:
	-custom
		-f1: 0.8217054263565892
		-auroc: 0.8141981809869043
	-resnet
		-f1: 0.8882521489971347
		-auroc: 0.8812395904771235
2026-06-16 02:06:59 - __main__ - INFO - WCYKMVHQFDGRLITNEASP encoding is done for binary task with:
	-custom
		-f1: 0.8248803827751197
		-auroc: 0.8145859867411254
	-resnet
		-f1: 0.8531711555169418
		-auroc: 0.8236606413898958
2026-06-16 02:08:56 - __main__ - INFO - WCYKMVHQFDGRLITNEASP encoding is done for binary task with:
	-custom
		-f1: 0.8285163776493256
		-auroc: 0.8199785278077136
	-resnet
		-f1: 0.8904109589041096
		-auroc: 0.8874955096175827
2026-06-16 02:10:50 - __main__ - INFO - WCYKMVHQFDGRLITNEASP encoding is done for binary task with:
	-custom
		-f1: 0.8352713178294574
		-auroc: 0.8283571731818034
	-resnet
		-f1: 0.8712328767123287
		-auroc: 0.8546646908984031
2026-06-16 02:12:43 - __main__ - INFO - WCYKMVHQFDGRLITNEASP encoding is done for binary task with:
	-custom
		-f1: 0.8231939163498099
		-auroc: 0.8112161588452369
	-resnet
		-f1: 0.873087308730873
		-auroc: 0.8538972437216289
2026-06-16 02:14:38 - __main__ - INFO - WCYKMVHQFDGRLITNEASP encoding is done for binary task with:
	-custom
		-f1: 0.8221574344023324
		-auroc: 0.8153534339178994
	-resnet
		-f1: 0.874031007751938
		-auroc: 0.8688114365958003
2026-06-16 02:16:32 - __main__ - INFO - WCYKMVHQFDGRLITNEASP encoding is done for binary task with:
	-custom
		-f1: 0.8180943214629451
		-auroc: 0.8088056399203162
	-resnet
		-f1: 0.8817407757805109
		-auroc: 0.8726690833088403
2026-06-16 02:18:27 - __main__ - INFO - WCYKMVHQFDGRLITNEASP encoding is done for binary task with:
	-custom
		-f1: 0.8242990654205608
		-auroc: 0.8083300676006661
	-resnet
		-f1: 0.8796116504854369
		-auroc: 0.8749755070049965
2026-06-16 02:20:22 - __main__ - INFO - WCYKMVHQFDGRLITNEASP encoding is done for binary task with:
	-custom
		-f1: 0.8193916349809885
		-auroc: 0.8071707325038373
	-resnet
		-f1: 0.8884615384615384
		-auroc: 0.8825867052023122
2026-06-16 02:22:16 - __main__ - INFO - WCYKMVHQFDGRLITNEASP encoding is done for binary task with:
	-custom
		-f1: 0.8173076923076923
		-auroc: 0.8077463178864179
	-resnet
		-f1: 0.8907407407407407
		-auroc: 0.878645374089677
2026-06-16 02:24:10 - __main__ - INFO - WCYKMVHQFDGRLITNEASP encoding is done for binary task with:
	-custom
		-f1: 0.8243114909781576
		-auroc: 0.8121795499820385
	-resnet
		-f1: 0.874880611270296
		-auroc: 0.8670805982822246
2026-06-16 02:26:05 - __main__ - INFO - WCYKMVHQFDGRLITNEASP encoding is done for binary task with:
	-custom
		-f1: 0.8201712654614652
		-auroc: 0.8082300545377356
	-resnet
		-f1: 0.8356500408830744
		-auroc: 0.7878437183632148
2026-06-16 02:28:00 - __main__ - INFO - WCYKMVHQFDGRLITNEASP encoding is done for binary task with:
	-custom
		-f1: 0.8236415633937083
		-auroc: 0.8123714117762321
	-resnet
		-f1: 0.832625318606627
		-auroc: 0.7940955553378402
2026-06-16 02:29:54 - __main__ - INFO - WCYKMVHQFDGRLITNEASP encoding is done for binary task with:
	-custom
		-f1: 0.8171428571428572
		-auroc: 0.8052439502302341
	-resnet
		-f1: 0.8754789272030651
		-auroc: 0.8682358512132196
2026-06-16 02:31:47 - __main__ - INFO - WCYKMVHQFDGRLITNEASP encoding is done for binary task with:
	-custom
		-f1: 0.8176691729323309
		-auroc: 0.8025497207798569
	-resnet
		-f1: 0.8797814207650273
		-auroc: 0.8636230038209072
2026-06-16 02:33:38 - __main__ - INFO - WCYKMVHQFDGRLITNEASP encoding is done for binary task with:
	-custom
		-f1: 0.8206106870229007
		-auroc: 0.8093853074687306
	-resnet
		-f1: 0.8784029038112523
		-auroc: 0.8614084288560139
2026-06-16 02:35:30 - __main__ - INFO - WCYKMVHQFDGRLITNEASP encoding is done for binary task with:
	-custom
		-f1: 0.8204633204633205
		-auroc: 0.811983606022011
	-resnet
		-f1: 0.8865179437439379
		-auroc: 0.8820070376538977
2026-06-16 02:37:23 - __main__ - INFO - WCYKMVHQFDGRLITNEASP encoding is done for binary task with:
	-custom
		-f1: 0.8190661478599222
		-auroc: 0.8123673296103981
	-resnet
		-f1: 0.8796844181459567
		-auroc: 0.8777656673524705
2026-06-16 02:39:17 - __main__ - INFO - WCYKMVHQFDGRLITNEASP encoding is done for binary task with:
	-custom
		-f1: 0.8267182962245886
		-auroc: 0.8192069984651057
	-resnet
		-f1: 0.8861244019138756
		-auroc: 0.8793128082035204
2026-06-16 02:41:10 - __main__ - INFO - WCYKMVHQFDGRLITNEASP encoding is done for binary task with:
	-custom
		-f1: 0.8233117483811286
		-auroc: 0.8047683779105843
	-resnet
		-f1: 0.8638211382113821
		-auroc: 0.867068351784723
2026-06-16 02:43:01 - __main__ - INFO - WCYKMVHQFDGRLITNEASP encoding is done for binary task with:
	-custom
		-f1: 0.816793893129771
		-auroc: 0.8053398811273309
	-resnet
		-f1: 0.8688670829616414
		-auroc: 0.8473494497240455
2026-06-16 02:44:55 - __main__ - INFO - WCYKMVHQFDGRLITNEASP encoding is done for binary task with:
	-custom
		-f1: 0.8115942028985508
		-auroc: 0.8029293622024101
	-resnet
		-f1: 0.8897058823529411
		-auroc: 0.8762389373305901
2026-06-16 02:46:46 - __main__ - INFO - WCYKMVHQFDGRLITNEASP encoding is done for binary task with:
	-custom
		-f1: 0.8234183191690274
		-auroc: 0.8098690441200483
	-resnet
		-f1: 0.8786127167630058
		-auroc: 0.8725690702459097
2026-06-16 02:48:41 - __main__ - INFO - WCYKMVHQFDGRLITNEASP encoding is done for binary task with:
	-custom
		-f1: 0.8234165067178503
		-auroc: 0.8137185265014206
	-resnet
		-f1: 0.8813247470101196
		-auroc: 0.8671846935109891
2026-06-16 02:50:35 - __main__ - INFO - WCYKMVHQFDGRLITNEASP encoding is done for binary task with:
	-custom
		-f1: 0.8167141500474834
		-auroc: 0.8040886972992392
	-resnet
		-f1: 0.8834123222748815
		-auroc: 0.8747877273766368
2026-06-16 02:52:30 - __main__ - INFO - WCYKMVHQFDGRLITNEASP encoding is done for binary task with:
	-custom
		-f1: 0.818973862536302
		-auroc: 0.8111161457823063
	-resnet
		-f1: 0.8822947576656776
		-auroc: 0.8809436334541655
2026-06-16 02:54:21 - __main__ - INFO - WCYKMVHQFDGRLITNEASP encoding is done for binary task with:
	-custom
		-f1: 0.822627037392138
		-auroc: 0.8126592044675223
	-resnet
		-f1: 0.8712328767123287
		-auroc: 0.8546646908984031
2026-06-16 02:56:14 - __main__ - INFO - WCYKMVHQFDGRLITNEASP encoding is done for binary task with:
	-custom
		-f1: 0.8182683158896289
		-auroc: 0.8062073413670358
	-resnet
		-f1: 0.8685185185185185
		-auroc: 0.8543728160412789
2026-06-16 02:58:07 - __main__ - INFO - WCYKMVHQFDGRLITNEASP encoding is done for binary task with:
	-custom
		-f1: 0.8247619047619048
		-auroc: 0.8133348029130336
	-resnet
		-f1: 0.8672237697307336
		-auroc: 0.853505355801574
2026-06-16 02:59:59 - __main__ - INFO - WCYKMVHQFDGRLITNEASP encoding is done for binary task with:
	-custom
		-f1: 0.8263821532492726
		-auroc: 0.8193029293622024
	-resnet
		-f1: 0.8834476003917727
		-auroc: 0.8804639789686817
2026-06-16 03:01:51 - __main__ - INFO - WCYKMVHQFDGRLITNEASP encoding is done for binary task with:
	-custom
		-f1: 0.8247821878025169
		-auroc: 0.8171842852944058
	-resnet
		-f1: 0.8759398496240601
		-auroc: 0.8652538290715522
2026-06-16 03:03:45 - __main__ - INFO - WCYKMVHQFDGRLITNEASP encoding is done for binary task with:
	-custom
		-f1: 0.8208530805687204
		-auroc: 0.808038192743542
	-resnet
		-f1: 0.8706811451135242
		-auroc: 0.8687114235328696
2026-06-16 03:05:38 - __main__ - INFO - WCYKMVHQFDGRLITNEASP encoding is done for binary task with:
	-custom
		-f1: 0.8209099709583737
		-auroc: 0.8131388589530061
	-resnet
		-f1: 0.8865179437439379
		-auroc: 0.8820070376538977
2026-06-16 03:07:32 - __main__ - INFO - WCYKMVHQFDGRLITNEASP encoding is done for binary task with:
	-custom
		-f1: 0.8236415633937083
		-auroc: 0.8123714117762321
	-resnet
		-f1: 0.8620342396777442
		-auroc: 0.8636025929917377
2026-06-16 03:09:26 - __main__ - INFO - WCYKMVHQFDGRLITNEASP encoding is done for binary task with:
	-custom
		-f1: 0.8202676864244742
		-auroc: 0.8094812383658274
	-resnet
		-f1: 0.8053392658509455
		-auroc: 0.8296797949119886
2026-06-16 03:11:20 - __main__ - INFO - WCYKMVHQFDGRLITNEASP encoding is done for binary task with:
	-custom
		-f1: 0.8172248803827751
		-auroc: 0.8064951340583261
	-resnet
		-f1: 0.896358543417367
		-auroc: 0.8861565592240619
2026-06-16 03:13:15 - __main__ - INFO - WCYKMVHQFDGRLITNEASP encoding is done for binary task with:
	-custom
		-f1: 0.8148854961832062
		-auroc: 0.8033171679566312
	-resnet
		-f1: 0.8561525129982669
		-auroc: 0.8265508148003005
2026-06-16 03:15:10 - __main__ - INFO - WCYKMVHQFDGRLITNEASP encoding is done for binary task with:
	-custom
		-f1: 0.8247619047619048
		-auroc: 0.8133348029130336
	-resnet
		-f1: 0.8784165881244109
		-auroc: 0.8684317951732471
2026-06-16 03:17:03 - __main__ - INFO - WCYKMVHQFDGRLITNEASP encoding is done for binary task with:
	-custom
		-f1: 0.815515610217597
		-auroc: 0.8018741223343457
	-resnet
		-f1: 0.8845070422535212
		-auroc: 0.8743080728911531
2026-06-16 03:18:57 - __main__ - INFO - WCYKMVHQFDGRLITNEASP encoding is done for binary task with:
	-custom
		-f1: 0.8179218303145853
		-auroc: 0.8063032722641325
	-resnet
		-f1: 0.8814531548757171
		-auroc: 0.8742080598282224
2026-06-16 03:20:48 - __main__ - INFO - WCYKMVHQFDGRLITNEASP encoding is done for binary task with:
	-custom
		-f1: 0.8275862068965517
		-auroc: 0.8112202410110708
	-resnet
		-f1: 0.8764044943820225
		-auroc: 0.8650619672773587
2026-06-16 03:22:41 - __main__ - INFO - WCYKMVHQFDGRLITNEASP encoding is done for binary task with:
	-custom
		-f1: 0.8158148505303761
		-auroc: 0.8068788576467131
	-resnet
		-f1: 0.8726287262872628
		-auroc: 0.8540891055158225
2026-06-16 03:24:34 - __main__ - INFO - WCYKMVHQFDGRLITNEASP encoding is done for binary task with:
	-custom
		-f1: 0.8199233716475096
		-auroc: 0.8095771692629241
	-resnet
		-f1: 0.8588850174216028
		-auroc: 0.8308840338329904
2026-06-16 03:26:28 - __main__ - INFO - WCYKMVHQFDGRLITNEASP encoding is done for binary task with:
	-custom
		-f1: 0.8065994500458296
		-auroc: 0.7840615917181021
	-resnet
		-f1: 0.874381800197824
		-auroc: 0.8728527807713661
2026-06-16 03:28:20 - __main__ - INFO - WCYKMVHQFDGRLITNEASP encoding is done for binary task with:
	-custom
		-f1: 0.8247232472324724
		-auroc: 0.8056358381502889
	-resnet
		-f1: 0.880838894184938
		-auroc: 0.8730528068972274
2026-06-16 03:30:11 - __main__ - INFO - WCYKMVHQFDGRLITNEASP encoding is done for binary task with:
	-custom
		-f1: 0.8226415094339623
		-auroc: 0.8088097220861501
	-resnet
		-f1: 0.8822966507177034
		-auroc: 0.8752673818621207
2026-06-16 03:31:58 - __main__ - INFO - WCYKMVHQFDGRLITNEASP encoding is done for binary task with:
	-custom
		-f1: 0.8267182962245886
		-auroc: 0.8192069984651057
	-resnet
		-f1: 0.876984126984127
		-auroc: 0.876030746873061
2026-06-16 03:33:37 - __main__ - INFO - WCYKMVHQFDGRLITNEASP encoding is done for binary task with:
	-custom
		-f1: 0.8265895953757225
		-auroc: 0.8179558146370138
	-resnet
		-f1: 0.8688212927756654
		-auroc: 0.8597612749420332
2026-06-16 03:35:16 - __main__ - INFO - WCYKMVHQFDGRLITNEASP encoding is done for binary task with:
	-custom
		-f1: 0.8304431599229287
		-auroc: 0.8220012409784135
	-resnet
		-f1: 0.8568790397045245
		-auroc: 0.8410812840860847
2026-06-16 03:36:54 - __main__ - INFO - WCYKMVHQFDGRLITNEASP encoding is done for binary task with:
	-custom
		-f1: 0.8218111002921129
		-auroc: 0.8154493648149962
	-resnet
		-f1: 0.8727272727272727
		-auroc: 0.874871411776232
2026-06-16 03:38:34 - __main__ - INFO - WCYKMVHQFDGRLITNEASP encoding is done for binary task with:
	-custom
		-f1: 0.8203650336215178
		-auroc: 0.8107324221939192
	-resnet
		-f1: 0.8970727101038716
		-auroc: 0.8887548577773424
2026-06-16 03:40:11 - __main__ - INFO - WCYKMVHQFDGRLITNEASP encoding is done for binary task with:
	-custom
		-f1: 0.818973862536302
		-auroc: 0.8111161457823063
	-resnet
		-f1: 0.8677248677248677
		-auroc: 0.8436918291368668
2026-06-16 03:41:51 - __main__ - INFO - WCYKMVHQFDGRLITNEASP encoding is done for binary task with:
	-custom
		-f1: 0.8181818181818182
		-auroc: 0.8049561575389439
	-resnet
		-f1: 0.870201096892139
		-auroc: 0.8537012997616015
2026-06-16 03:43:28 - __main__ - INFO - WCYKMVHQFDGRLITNEASP encoding is done for binary task with:
	-custom
		-f1: 0.8135593220338984
		-auroc: 0.7986002253355541
	-resnet
		-f1: 0.8807881773399014
		-auroc: 0.8787290584892721
2026-06-16 03:45:06 - __main__ - INFO - WCYKMVHQFDGRLITNEASP encoding is done for binary task with:
	-custom
		-f1: 0.8123827392120075
		-auroc: 0.7963856503706607
	-resnet
		-f1: 0.848
		-auroc: 0.8228850298814538
2026-06-16 03:46:45 - __main__ - INFO - WCYKMVHQFDGRLITNEASP encoding is done for binary task with:
	-custom
		-f1: 0.8167141500474834
		-auroc: 0.8040886972992392
	-resnet
		-f1: 0.8723404255319149
		-auroc: 0.8666927925280038
2026-06-16 03:48:22 - __main__ - INFO - WCYKMVHQFDGRLITNEASP encoding is done for binary task with:
	-custom
		-f1: 0.8169811320754717
		-auroc: 0.8027415825740505
	-resnet
		-f1: 0.8839681133746679
		-auroc: 0.8631474315012573
2026-06-16 03:49:59 - __main__ - INFO - WCYKMVHQFDGRLITNEASP encoding is done for binary task with:
	-custom
		-f1: 0.8225190839694656
		-auroc: 0.8114080206394305
	-resnet
		-f1: 0.8716094032549728
		-auroc: 0.853125714379021
2026-06-16 03:51:36 - __main__ - INFO - WCYKMVHQFDGRLITNEASP encoding is done for binary task with:
	-custom
		-f1: 0.8222013170272813
		-auroc: 0.807654469155155
	-resnet
		-f1: 0.8806660499537465
		-auroc: 0.8674724862022795
2026-06-16 03:53:12 - __main__ - INFO - WCYKMVHQFDGRLITNEASP encoding is done for binary task with:
	-custom
		-f1: 0.8267942583732057
		-auroc: 0.8166086999118252
	-resnet
		-f1: 0.8830917874396135
		-auroc: 0.8777697495183044
2026-06-16 03:54:50 - __main__ - INFO - WCYKMVHQFDGRLITNEASP encoding is done for binary task with:
	-custom
		-f1: 0.8239845261121856
		-auroc: 0.8161249632605074
	-resnet
		-f1: 0.8611111111111112
		-auroc: 0.8327148852094968
2026-06-16 03:56:26 - __main__ - INFO - WCYKMVHQFDGRLITNEASP encoding is done for binary task with:
	-custom
		-f1: 0.8142589118198874
		-auroc: 0.7984083635413606
	-resnet
		-f1: 0.88909426987061
		-auroc: 0.8765267300218804
2026-06-16 03:58:03 - __main__ - INFO - WCYKMVHQFDGRLITNEASP encoding is done for binary task with:
	-custom
		-f1: 0.8200192492781521
		-auroc: 0.810828353091016
	-resnet
		-f1: 0.8734939759036144
		-auroc: 0.8745836190849416
2026-06-16 03:59:40 - __main__ - INFO - WCYKMVHQFDGRLITNEASP encoding is done for binary task with:
	-custom
		-f1: 0.8176691729323309
		-auroc: 0.8025497207798569
	-resnet
		-f1: 0.8914728682170543
		-auroc: 0.8870158551320989
2026-06-16 04:01:19 - __main__ - INFO - WCYKMVHQFDGRLITNEASP encoding is done for binary task with:
	-custom
		-f1: 0.8133333333333334
		-auroc: 0.8011985238888345
	-resnet
		-f1: 0.8837638376383764
		-auroc: 0.8703626596126841
2026-06-16 04:02:58 - __main__ - INFO - WCYKMVHQFDGRLITNEASP encoding is done for binary task with:
	-custom
		-f1: 0.8199233716475096
		-auroc: 0.8095771692629241
	-resnet
		-f1: 0.8723205964585274
		-auroc: 0.8597653571078672
2026-06-16 04:04:38 - __main__ - INFO - WCYKMVHQFDGRLITNEASP encoding is done for binary task with:
	-custom
		-f1: 0.8216318785578748
		-auroc: 0.8090975147774404
	-resnet
		-f1: 0.864376130198915
		-auroc: 0.8450348616962216
2026-06-16 04:06:17 - __main__ - INFO - WCYKMVHQFDGRLITNEASP encoding is done for binary task with:
	-custom
		-f1: 0.8134328358208955
		-auroc: 0.7960978576793704
	-resnet
		-f1: 0.8829981718464351
		-auroc: 0.8678602919565004
2026-06-16 04:07:56 - __main__ - INFO - WCYKMVHQFDGRLITNEASP encoding is done for binary task with:
	-custom
		-f1: 0.8217349857006673
		-auroc: 0.8103486986055322
	-resnet
		-f1: 0.8598615916955017
		-auroc: 0.8305003102446034
2026-06-16 04:09:34 - __main__ - INFO - WCYKMVHQFDGRLITNEASP encoding is done for binary task with:
	-custom
		-f1: 0.8116760828625236
		-auroc: 0.7965775121648542
	-resnet
		-f1: 0.8661899897854954
		-auroc: 0.8703422487835145
2026-06-16 04:11:11 - __main__ - INFO - WCYKMVHQFDGRLITNEASP encoding is done for binary task with:
	-custom
		-f1: 0.8344627299128751
		-auroc: 0.8272978511479051
	-resnet
		-f1: 0.863063063063063
		-auroc: 0.8428202867313281
2026-06-16 04:12:50 - __main__ - INFO - WCYKMVHQFDGRLITNEASP encoding is done for binary task with:
	-custom
		-f1: 0.818957345971564
		-auroc: 0.8060154795728423
	-resnet
		-f1: 0.8948837209302326
		-auroc: 0.8839419842591685
2026-06-16 04:14:30 - __main__ - INFO - WCYKMVHQFDGRLITNEASP encoding is done for binary task with:
	-custom
		-f1: 0.814176245210728
		-auroc: 0.8035090297508247
	-resnet
		-f1: 0.864816472694718
		-auroc: 0.8434958851768395
2026-06-16 04:16:08 - __main__ - INFO - WCYKMVHQFDGRLITNEASP encoding is done for binary task with:
	-custom
		-f1: 0.8183556405353728
		-auroc: 0.8074585251951276
	-resnet
		-f1: 0.8647686832740213
		-auroc: 0.8421487704516508
2026-06-16 04:17:50 - __main__ - INFO - WCYKMVHQFDGRLITNEASP encoding is done for binary task with:
	-custom
		-f1: 0.8200371057513914
		-auroc: 0.8018782045001795
	-resnet
		-f1: 0.8725212464589235
		-auroc: 0.8624595865582444
2026-06-16 04:19:28 - __main__ - INFO - WCYKMVHQFDGRLITNEASP encoding is done for binary task with:
	-custom
		-f1: 0.8102955195424214
		-auroc: 0.7982124195813332
	-resnet
		-f1: 0.8685403445149592
		-auroc: 0.8502355409686163
2026-06-16 04:21:05 - __main__ - INFO - WCYKMVHQFDGRLITNEASP encoding is done for binary task with:
	-custom
		-f1: 0.8117313150425733
		-auroc: 0.7978286959929461
	-resnet
		-f1: 0.8839884947267498
		-auroc: 0.8773860259299173
2026-06-16 04:22:43 - __main__ - INFO - WCYKMVHQFDGRLITNEASP encoding is done for binary task with:
	-custom
		-f1: 0.8091603053435115
		-auroc: 0.7972490284445315
	-resnet
		-f1: 0.8861480075901328
		-auroc: 0.8778697625812351
2026-06-16 04:24:23 - __main__ - INFO - WCYKMVHQFDGRLITNEASP encoding is done for binary task with:
	-custom
		-f1: 0.8126747437092264
		-auroc: 0.7950385356454721
	-resnet
		-f1: 0.8804780876494024
		-auroc: 0.8802680350086542
2026-06-16 04:25:59 - __main__ - INFO - WCYKMVHQFDGRLITNEASP encoding is done for binary task with:
	-custom
		-f1: 0.8071833648393195
		-auroc: 0.7927239476176481
	-resnet
		-f1: 0.8826382153249273
		-auroc: 0.877961611312498
2026-06-16 04:27:37 - __main__ - INFO - WCYKMVHQFDGRLITNEASP encoding is done for binary task with:
	-custom
		-f1: 0.8240917782026769
		-auroc: 0.8135266647072271
	-resnet
		-f1: 0.8598781549173194
		-auroc: 0.831847424969792
2026-06-16 04:29:16 - __main__ - INFO - WCYKMVHQFDGRLITNEASP encoding is done for binary task with:
	-custom
		-f1: 0.8122605363984674
		-auroc: 0.8014863165801247
	-resnet
		-f1: 0.8447729672650475
		-auroc: 0.8556954377714641
2026-06-16 04:30:55 - __main__ - INFO - WCYKMVHQFDGRLITNEASP encoding is done for binary task with:
	-custom
		-f1: 0.8257940327237728
		-auroc: 0.8168964926031154
	-resnet
		-f1: 0.8706099815157117
		-auroc: 0.856299598314882
2026-06-16 04:32:32 - __main__ - INFO - WCYKMVHQFDGRLITNEASP encoding is done for binary task with:
	-custom
		-f1: 0.8222013170272813
		-auroc: 0.807654469155155
	-resnet
		-f1: 0.8995391705069125
		-auroc: 0.8875077561150845
2026-06-16 04:34:09 - __main__ - INFO - WCYKMVHQFDGRLITNEASP encoding is done for binary task with:
	-custom
		-f1: 0.8236415633937083
		-auroc: 0.8123714117762321
	-resnet
		-f1: 0.8809293320425944
		-auroc: 0.8758429672447013
2026-06-16 04:35:46 - __main__ - INFO - WCYKMVHQFDGRLITNEASP encoding is done for binary task with:
	-custom
		-f1: 0.8175740210124164
		-auroc: 0.8063992031612292
	-resnet
		-f1: 0.8690476190476191
		-auroc: 0.8679398941902616
2026-06-16 04:37:26 - __main__ - INFO - WCYKMVHQFDGRLITNEASP encoding is done for binary task with:
	-custom
		-f1: 0.8146788990825689
		-auroc: 0.7932117664347996
	-resnet
		-f1: 0.8667917448405253
		-auroc: 0.8550443323209563
2026-06-16 04:39:04 - __main__ - INFO - WCYKMVHQFDGRLITNEASP encoding is done for binary task with:
	-custom
		-f1: 0.8130393096836049
		-auroc: 0.8025456386140231
	-resnet
		-f1: 0.8529411764705882
		-auroc: 0.822409457561804
2026-06-16 04:40:42 - __main__ - INFO - WCYKMVHQFDGRLITNEASP encoding is done for binary task with:
	-custom
		-f1: 0.821969696969697
		-auroc: 0.8090015838803436
	-resnet
		-f1: 0.8635097493036211
		-auroc: 0.8494599294601743
2026-06-16 04:42:20 - __main__ - INFO - WCYKMVHQFDGRLITNEASP encoding is done for binary task with:
	-custom
		-f1: 0.819047619047619
		-auroc: 0.807266663400934
	-resnet
		-f1: 0.8812330009066183
		-auroc: 0.8643945331635153
2026-06-16 04:43:58 - __main__ - INFO - WCYKMVHQFDGRLITNEASP encoding is done for binary task with:
	-custom
		-f1: 0.818613485280152
		-auroc: 0.806111410469939
	-resnet
		-f1: 0.8844317096466093
		-auroc: 0.8771941641357238
2026-06-16 04:45:36 - __main__ - INFO - WCYKMVHQFDGRLITNEASP encoding is done for binary task with:
	-custom
		-f1: 0.825187969924812
		-auroc: 0.8106405734626563
	-resnet
		-f1: 0.86996336996337
		-auroc: 0.8537972306586983
2026-06-16 04:47:15 - __main__ - INFO - WCYKMVHQFDGRLITNEASP encoding is done for binary task with:
	-custom
		-f1: 0.8260038240917782
		-auroc: 0.8155493778779269
	-resnet
		-f1: 0.8745098039215686
		-auroc: 0.8714097351490807
2026-06-16 04:48:53 - __main__ - INFO - WCYKMVHQFDGRLITNEASP encoding is done for binary task with:
	-custom
		-f1: 0.831858407079646
		-auroc: 0.8280652983246791
	-resnet
		-f1: 0.8837656099903939
		-auroc: 0.8774819568270142
2026-06-16 04:50:31 - __main__ - INFO - WCYKMVHQFDGRLITNEASP encoding is done for binary task with:
	-custom
		-f1: 0.8235294117647058
		-auroc: 0.8111202279481402
	-resnet
		-f1: 0.8680618744313012
		-auroc: 0.8504274027628099
2026-06-16 04:52:10 - __main__ - INFO - WCYKMVHQFDGRLITNEASP encoding is done for binary task with:
	-custom
		-f1: 0.8211538461538461
		-auroc: 0.8117917442278175
	-resnet
		-f1: 0.8874296435272045
		-auroc: 0.8772941771986545
2026-06-16 04:53:48 - __main__ - INFO - WCYKMVHQFDGRLITNEASP encoding is done for binary task with:
	-custom
		-f1: 0.8286544046466602
		-auroc: 0.8212297116358055
	-resnet
		-f1: 0.8736462093862816
		-auroc: 0.8550524966526241
2026-06-16 04:55:26 - __main__ - INFO - WCYKMVHQFDGRLITNEASP encoding is done for binary task with:
	-custom
		-f1: 0.8108108108108109
		-auroc: 0.8018700401685118
	-resnet
		-f1: 0.8729838709677419
		-auroc: 0.8747754808791353
2026-06-16 04:57:04 - __main__ - INFO - WCYKMVHQFDGRLITNEASP encoding is done for binary task with:
	-custom
		-f1: 0.8213944603629417
		-auroc: 0.810444629502629
	-resnet
		-f1: 0.8521434820647419
		-auroc: 0.8240443649782828
2026-06-16 04:58:39 - __main__ - INFO - WCYKMVHQFDGRLITNEASP encoding is done for binary task with:
	-custom
		-f1: 0.8134957825679475
		-auroc: 0.7973490415074622
	-resnet
		-f1: 0.8722986247544204
		-auroc: 0.8694829528754775
2026-06-16 05:00:15 - __main__ - INFO - WCYKMVHQFDGRLITNEASP encoding is done for binary task with:
	-custom
		-f1: 0.8180076628352491
		-auroc: 0.8075544560922243
	-resnet
		-f1: 0.8505747126436781
		-auroc: 0.8592612096273798
2026-06-16 05:01:52 - __main__ - INFO - WCYKMVHQFDGRLITNEASP encoding is done for binary task with:
	-custom
		-f1: 0.8222862632084534
		-auroc: 0.812755135364619
	-resnet
		-f1: 0.8609022556390977
		-auroc: 0.8490721237059534
2026-06-16 05:03:28 - __main__ - INFO - WCYKMVHQFDGRLITNEASP encoding is done for binary task with:
	-custom
		-f1: 0.8173076923076923
		-auroc: 0.8077463178864179
	-resnet
		-f1: 0.8609137055837564
		-auroc: 0.8639863165801247
2026-06-16 05:05:06 - __main__ - INFO - WCYKMVHQFDGRLITNEASP encoding is done for binary task with:
	-custom
		-f1: 0.828436018957346
		-auroc: 0.8161290454263413
	-resnet
		-f1: 0.8714975845410629
		-auroc: 0.8656334704941054
2026-06-16 05:06:43 - __main__ - INFO - WCYKMVHQFDGRLITNEASP encoding is done for binary task with:
	-custom
		-f1: 0.8334883720930233
		-auroc: 0.8171924496260735
	-resnet
		-f1: 0.8971119133574007
		-auroc: 0.881347767871722
2026-06-16 05:08:23 - __main__ - INFO - WCYKMVHQFDGRLITNEASP encoding is done for binary task with:
	-custom
		-f1: 0.8279883381924198
		-auroc: 0.821421573429999
	-resnet
		-f1: 0.8822966507177034
		-auroc: 0.8752673818621207
2026-06-16 05:10:00 - __main__ - INFO - WCYKMVHQFDGRLITNEASP encoding is done for binary task with:
	-custom
		-f1: 0.8104089219330854
		-auroc: 0.7918605695437773
	-resnet
		-f1: 0.8624338624338624
		-auroc: 0.8376236896247673
2026-06-16 05:11:36 - __main__ - INFO - WCYKMVHQFDGRLITNEASP encoding is done for binary task with:
	-custom
		-f1: 0.820952380952381
		-auroc: 0.8092893765716339
	-resnet
		-f1: 0.8927875243664717
		-auroc: 0.8893263609940889
2026-06-16 05:13:15 - __main__ - INFO - WCYKMVHQFDGRLITNEASP encoding is done for binary task with:
	-custom
		-f1: 0.8153701968134958
		-auroc: 0.7993717546781619
	-resnet
		-f1: 0.855072463768116
		-auroc: 0.8350172267398189
2026-06-16 05:14:56 - __main__ - INFO - WCYKMVHQFDGRLITNEASP encoding is done for binary task with:
	-custom
		-f1: 0.8101983002832861
		-auroc: 0.7957100519251494
	-resnet
		-f1: 0.8816402609506058
		-auroc: 0.8698789229613664
2026-06-16 05:16:41 - __main__ - INFO - WCYKMVHQFDGRLITNEASP encoding is done for binary task with:
	-custom
		-f1: 0.8040665434380776
		-auroc: 0.7834819241696875
	-resnet
		-f1: 0.8910133843212237
		-auroc: 0.8843216256817217
2026-06-16 05:18:28 - __main__ - INFO - WCYKMVHQFDGRLITNEASP encoding is done for binary task with:
	-custom
		-f1: 0.8206106870229007
		-auroc: 0.8093853074687306
	-resnet
		-f1: 0.8651685393258427
		-auroc: 0.8529256882531596
2026-06-16 05:20:16 - __main__ - INFO - WCYKMVHQFDGRLITNEASP encoding is done for binary task with:
	-custom
		-f1: 0.8245283018867925
		-auroc: 0.8108324352568499
	-resnet
		-f1: 0.8814192343604108
		-auroc: 0.8699748538584631
2026-06-16 05:22:00 - __main__ - INFO - WCYKMVHQFDGRLITNEASP encoding is done for binary task with:
	-custom
		-f1: 0.8260038240917782
		-auroc: 0.8155493778779269
	-resnet
		-f1: 0.8762790697674419
		-auroc: 0.8637148525521702
2026-06-16 05:23:49 - __main__ - INFO - WCYKMVHQFDGRLITNEASP encoding is done for binary task with:
	-custom
		-f1: 0.815442561205273
		-auroc: 0.8006229385062539
	-resnet
		-f1: 0.8767123287671232
		-auroc: 0.8607328304105025
2026-06-16 05:25:39 - __main__ - INFO - WCYKMVHQFDGRLITNEASP encoding is done for binary task with:
	-custom
		-f1: 0.8241010689990281
		-auroc: 0.8173761470885994
	-resnet
		-f1: 0.8678213309024613
		-auroc: 0.8505233336599066
2026-06-16 05:27:30 - __main__ - INFO - WCYKMVHQFDGRLITNEASP encoding is done for binary task with:
	-custom
		-f1: 0.8203650336215178
		-auroc: 0.8107324221939192
	-resnet
		-f1: 0.8865784499054821
		-auroc: 0.8776779007870414
2026-06-16 05:29:16 - __main__ - INFO - WCYKMVHQFDGRLITNEASP encoding is done for binary task with:
	-custom
		-f1: 0.8243243243243243
		-auroc: 0.8160290323634108
	-resnet
		-f1: 0.8724584103512015
		-auroc: 0.8583223114855817
2026-06-16 05:31:03 - __main__ - INFO - WCYKMVHQFDGRLITNEASP encoding is done for binary task with:
	-custom
		-f1: 0.8166351606805293
		-auroc: 0.8028375134711473
	-resnet
		-f1: 0.8763600395647874
		-auroc: 0.8748754939420659
2026-06-16 05:32:49 - __main__ - INFO - WCYKMVHQFDGRLITNEASP encoding is done for binary task with:
	-custom
		-f1: 0.8242074927953891
		-auroc: 0.8147778485353188
	-resnet
		-f1: 0.8914505283381364
		-auroc: 0.8855728095098135
2026-06-16 05:34:36 - __main__ - INFO - WCYKMVHQFDGRLITNEASP encoding is done for binary task with:
	-custom
		-f1: 0.8194574368568756
		-auroc: 0.803321250122465
	-resnet
		-f1: 0.8704845814977974
		-auroc: 0.8466779334443683
2026-06-16 05:36:25 - __main__ - INFO - WCYKMVHQFDGRLITNEASP encoding is done for binary task with:
	-custom
		-f1: 0.825426944971537
		-auroc: 0.81314294111884
	-resnet
		-f1: 0.8814531548757171
		-auroc: 0.8742080598282224
2026-06-16 05:38:05 - __main__ - INFO - WCYKMVHQFDGRLITNEASP encoding is done for binary task with:
	-custom
		-f1: 0.825636192271442
		-auroc: 0.8117958263936516
	-resnet
		-f1: 0.8228279386712095
		-auroc: 0.7831145292446361
2026-06-16 05:39:49 - __main__ - INFO - WCYKMVHQFDGRLITNEASP encoding is done for binary task with:
	-custom
		-f1: 0.8234165067178503
		-auroc: 0.8137185265014206
	-resnet
		-f1: 0.878095238095238
		-auroc: 0.8699707716926292
2026-06-16 05:41:30 - __main__ - INFO - WCYKMVHQFDGRLITNEASP encoding is done for binary task with:
	-custom
		-f1: 0.8229665071770335
		-auroc: 0.8125632735704256
	-resnet
		-f1: 0.884071630537229
		-auroc: 0.8744999346853466
2026-06-16 05:43:13 - __main__ - INFO - WCYKMVHQFDGRLITNEASP encoding is done for binary task with:
	-custom
		-f1: 0.8205625606207565
		-auroc: 0.8132347898501029
	-resnet
		-f1: 0.8693877551020408
		-auroc: 0.8733283530910159
2026-06-16 05:44:58 - __main__ - INFO - WCYKMVHQFDGRLITNEASP encoding is done for binary task with:
	-custom
		-f1: 0.8125594671741199
		-auroc: 0.8001392018549363
	-resnet
		-f1: 0.8895131086142322
		-auroc: 0.8792209594722575
2026-06-16 05:46:36 - __main__ - INFO - WCYKMVHQFDGRLITNEASP encoding is done for binary task with:
	-custom
		-f1: 0.8317399617590823
		-auroc: 0.8216175173900264
	-resnet
		-f1: 0.874766355140187
		-auroc: 0.8629433232095621
2026-06-16 05:48:12 - __main__ - INFO - WCYKMVHQFDGRLITNEASP encoding is done for binary task with:
	-custom
		-f1: 0.8228571428571428
		-auroc: 0.8113120897423337
	-resnet
		-f1: 0.8636363636363636
		-auroc: 0.8371440351392835
2026-06-16 05:49:50 - __main__ - INFO - WCYKMVHQFDGRLITNEASP encoding is done for binary task with:
	-custom
		-f1: 0.8213944603629417
		-auroc: 0.810444629502629
	-resnet
		-f1: 0.8819188191881919
		-auroc: 0.8683399464419842
2026-06-16 05:51:30 - __main__ - INFO - WCYKMVHQFDGRLITNEASP encoding is done for binary task with:
	-custom
		-f1: 0.8266666666666667
		-auroc: 0.8153575160837333
	-resnet
		-f1: 0.8819188191881919
		-auroc: 0.8683399464419842
2026-06-16 05:53:07 - __main__ - INFO - WCYKMVHQFDGRLITNEASP encoding is done for binary task with:
	-custom
		-f1: 0.8136234626300851
		-auroc: 0.7998514091636458
	-resnet
		-f1: 0.8697435897435898
		-auroc: 0.8745795369191077
2026-06-16 05:54:46 - __main__ - INFO - WCYKMVHQFDGRLITNEASP encoding is done for binary task with:
	-custom
		-f1: 0.8300094966761633
		-auroc: 0.818247689494138
	-resnet
		-f1: 0.8563922942206655
		-auroc: 0.8291491133535808
2026-06-16 05:56:26 - __main__ - INFO - WCYKMVHQFDGRLITNEASP encoding is done for binary task with:
	-custom
		-f1: 0.8158148505303761
		-auroc: 0.8068788576467131
	-resnet
		-f1: 0.875602700096432
		-auroc: 0.8695829659384083
2026-06-16 05:58:09 - __main__ - INFO - WCYKMVHQFDGRLITNEASP encoding is done for binary task with:
	-custom
		-f1: 0.8160597572362278
		-auroc: 0.7991798928839684
	-resnet
		-f1: 0.8762420957542909
		-auroc: 0.8581345318572221
2026-06-16 05:59:48 - __main__ - INFO - WCYKMVHQFDGRLITNEASP encoding is done for binary task with:
	-custom
		-f1: 0.8237547892720306
		-auroc: 0.8136225956043238
	-resnet
		-f1: 0.8721047331319235
		-auroc: 0.873716158845237
2026-06-16 06:01:26 - __main__ - INFO - WCYKMVHQFDGRLITNEASP encoding is done for binary task with:
	-custom
		-f1: 0.8205625606207565
		-auroc: 0.8132347898501029
	-resnet
		-f1: 0.8874172185430463
		-auroc: 0.8787372228209399
2026-06-16 06:03:06 - __main__ - INFO - WCYKMVHQFDGRLITNEASP encoding is done for binary task with:
	-custom
		-f1: 0.8197343453510436
		-auroc: 0.8070748016067405
	-resnet
		-f1: 0.8688372093023256
		-auroc: 0.8556239998693707
2026-06-16 06:04:49 - __main__ - INFO - WCYKMVHQFDGRLITNEASP encoding is done for binary task with:
	-custom
		-f1: 0.8239771646051379
		-auroc: 0.8122754808791353
	-resnet
		-f1: 0.8524251805985552
		-auroc: 0.8586856242447992
2026-06-16 06:06:28 - __main__ - INFO - WCYKMVHQFDGRLITNEASP encoding is done for binary task with:
	-custom
		-f1: 0.8110687022900763
		-auroc: 0.7992717416152315
	-resnet
		-f1: 0.8272921108742004
		-auroc: 0.8409567780281506
2026-06-16 06:08:09 - __main__ - INFO - WCYKMVHQFDGRLITNEASP encoding is done for binary task with:
	-custom
		-f1: 0.8295019157088123
		-auroc: 0.8196907351164234
	-resnet
		-f1: 0.8634538152610441
		-auroc: 0.8644700532314425
2026-06-16 06:09:53 - __main__ - INFO - WCYKMVHQFDGRLITNEASP encoding is done for binary task with:
	-custom
		-f1: 0.8187919463087249
		-auroc: 0.8086137781261227
	-resnet
		-f1: 0.8240200166805671
		-auroc: 0.7788813232748767
2026-06-16 06:11:38 - __main__ - INFO - WCYKMVHQFDGRLITNEASP encoding is done for binary task with:
	-custom
		-f1: 0.8303655107778819
		-auroc: 0.8155534600437608
	-resnet
		-f1: 0.8506151142355008
		-auroc: 0.8232728356356749
2026-06-16 06:13:27 - __main__ - INFO - WCYKMVHQFDGRLITNEASP encoding is done for binary task with:
	-custom
		-f1: 0.8180147058823529
		-auroc: 0.7973531236732962
	-resnet
		-f1: 0.879848628192999
		-auroc: 0.8706463701381404
2026-06-16 06:15:15 - __main__ - INFO - WCYKMVHQFDGRLITNEASP encoding is done for binary task with:
	-custom
		-f1: 0.8235294117647058
		-auroc: 0.8149697103295125
	-resnet
		-f1: 0.8720821661998133
		-auroc: 0.859861288004964
2026-06-16 06:17:03 - __main__ - INFO - WCYKMVHQFDGRLITNEASP encoding is done for binary task with:
	-custom
		-f1: 0.8251207729468599
		-auroc: 0.817088354397309
	-resnet
		-f1: 0.8838951310861424
		-auroc: 0.873152819960158
2026-06-16 06:18:51 - __main__ - INFO - WCYKMVHQFDGRLITNEASP encoding is done for binary task with:
	-custom
		-f1: 0.8262548262548263
		-auroc: 0.8180517455341105
	-resnet
		-f1: 0.8835418671799807
		-auroc: 0.8775778877241108
2026-06-16 06:20:37 - __main__ - INFO - WCYKMVHQFDGRLITNEASP encoding is done for binary task with:
	-custom
		-f1: 0.8187793427230047
		-auroc: 0.8035131119166584
	-resnet
		-f1: 0.8938656280428432
		-auroc: 0.8902897521308905
2026-06-16 06:22:26 - __main__ - INFO - WCYKMVHQFDGRLITNEASP encoding is done for binary task with:
	-custom
		-f1: 0.8126747437092264
		-auroc: 0.7950385356454721
	-resnet
		-f1: 0.8841519925857275
		-auroc: 0.871613843440776
2026-06-16 06:24:10 - __main__ - INFO - WCYKMVHQFDGRLITNEASP encoding is done for binary task with:
	-custom
		-f1: 0.8099331423113658
		-auroc: 0.7983083504784297
	-resnet
		-f1: 0.8758049678012879
		-auroc: 0.8611165539988895
2026-06-16 06:26:01 - __main__ - INFO - WCYKMVHQFDGRLITNEASP encoding is done for binary task with:
	-custom
		-f1: 0.8136234626300851
		-auroc: 0.7998514091636458
	-resnet
		-f1: 0.8800755429650614
		-auroc: 0.8705504392410437
2026-06-16 06:27:52 - __main__ - INFO - WCYKMVHQFDGRLITNEASP encoding is done for binary task with:
	-custom
		-f1: 0.8198874296435272
		-auroc: 0.80447650305346
	-resnet
		-f1: 0.8955512572533849
		-auroc: 0.8909653505764018
2026-06-16 06:29:42 - __main__ - INFO - WCYKMVHQFDGRLITNEASP encoding is done for binary task with:
	-custom
		-f1: 0.8306527909176916
		-auroc: 0.8180558276999444
	-resnet
		-f1: 0.8729388942774006
		-auroc: 0.8678480454589986
2026-06-16 06:31:30 - __main__ - INFO - WCYKMVHQFDGRLITNEASP encoding is done for binary task with:
	-custom
		-f1: 0.8088803088803089
		-auroc: 0.7998473269978119
	-resnet
		-f1: 0.8804554079696395
		-auroc: 0.8718016230691357
2026-06-16 06:33:20 - __main__ - INFO - WCYKMVHQFDGRLITNEASP encoding is done for binary task with:
	-custom
		-f1: 0.8235294117647058
		-auroc: 0.8111202279481402
	-resnet
		-f1: 0.8796208530805687
		-auroc: 0.8707423010352373
2026-06-16 06:35:10 - __main__ - INFO - WCYKMVHQFDGRLITNEASP encoding is done for binary task with:
	-custom
		-f1: 0.8178368121442126
		-auroc: 0.8050520884360406
	-resnet
		-f1: 0.8686131386861314
		-auroc: 0.8515826556938049
2026-06-16 06:37:01 - __main__ - INFO - WCYKMVHQFDGRLITNEASP encoding is done for binary task with:
	-custom
		-f1: 0.8147448015122873
		-auroc: 0.8008148003004474
	-resnet
		-f1: 0.8774774774774775
		-auroc: 0.859001992096927
2026-06-16 06:38:53 - __main__ - INFO - WCYKMVHQFDGRLITNEASP encoding is done for binary task with:
	-custom
		-f1: 0.8160919540229885
		-auroc: 0.8055317429215244
	-resnet
		-f1: 0.8387096774193549
		-auroc: 0.81421450965024
2026-06-16 06:40:37 - __main__ - INFO - WCYKMVHQFDGRLITNEASP encoding is done for binary task with:
	-custom
		-f1: 0.8106060606060606
		-auroc: 0.7968653048561445
	-resnet
		-f1: 0.8911439114391144
		-auroc: 0.8784535122954835
2026-06-16 06:42:26 - __main__ - INFO - WCYKMVHQFDGRLITNEASP encoding is done for binary task with:
	-custom
		-f1: 0.8207094918504314
		-auroc: 0.8106364912968225
	-resnet
		-f1: 0.887823585810163
		-auroc: 0.881431452271317
2026-06-16 06:44:18 - __main__ - INFO - WCYKMVHQFDGRLITNEASP encoding is done for binary task with:
	-custom
		-f1: 0.8301886792452831
		-auroc: 0.8169005747689494
	-resnet
		-f1: 0.86414708886619
		-auroc: 0.8683195356128147
2026-06-16 06:46:07 - __main__ - INFO - WCYKMVHQFDGRLITNEASP encoding is done for binary task with:
	-custom
		-f1: 0.8231939163498099
		-auroc: 0.8112161588452369
	-resnet
		-f1: 0.8619768477292965
		-auroc: 0.8391626661441495
2026-06-16 06:47:58 - __main__ - INFO - WCYKMVHQFDGRLITNEASP encoding is done for binary task with:
	-custom
		-f1: 0.8275862068965517
		-auroc: 0.8176680219457235
	-resnet
		-f1: 0.8826714801444043
		-auroc: 0.8651660625061232
2026-06-16 06:49:48 - __main__ - INFO - WCYKMVHQFDGRLITNEASP encoding is done for binary task with:
	-custom
		-f1: 0.8267942583732057
		-auroc: 0.8166086999118252
	-resnet
		-f1: 0.8922211808809747
		-auroc: 0.8823029946768557
2026-06-16 06:51:40 - __main__ - INFO - WCYKMVHQFDGRLITNEASP encoding is done for binary task with:
	-custom
		-f1: 0.8236380424746076
		-auroc: 0.8046724470134875
	-resnet
		-f1: 0.8878591288229842
		-auroc: 0.8756592697821756
2026-06-16 06:53:31 - __main__ - INFO - WCYKMVHQFDGRLITNEASP encoding is done for binary task with:
	-custom
		-f1: 0.8240917782026769
		-auroc: 0.8135266647072271
	-resnet
		-f1: 0.875968992248062
		-auroc: 0.8708341497665001
2026-06-16 06:55:19 - __main__ - INFO - WCYKMVHQFDGRLITNEASP encoding is done for binary task with:
	-custom
		-f1: 0.8214634146341463
		-auroc: 0.8155452957120931
	-resnet
		-f1: 0.8792934249263984
		-auroc: 0.8765144835243787
2026-06-16 06:57:09 - __main__ - INFO - WCYKMVHQFDGRLITNEASP encoding is done for binary task with:
	-custom
		-f1: 0.8182683158896289
		-auroc: 0.8062073413670358
	-resnet
		-f1: 0.8895292987512008
		-auroc: 0.8835500963391136
2026-06-16 06:58:58 - __main__ - INFO - WCYKMVHQFDGRLITNEASP encoding is done for binary task with:
	-custom
		-f1: 0.8158148505303761
		-auroc: 0.8068788576467131
	-resnet
		-f1: 0.8941398865784499
		-auroc: 0.8857687534698411
2026-06-16 07:00:49 - __main__ - INFO - WCYKMVHQFDGRLITNEASP encoding is done for binary task with:
	-custom
		-f1: 0.8239845261121856
		-auroc: 0.8161249632605074
	-resnet
		-f1: 0.8859060402684564
		-auroc: 0.8794087391006172
2026-06-16 07:02:39 - __main__ - INFO - WCYKMVHQFDGRLITNEASP encoding is done for binary task with:
	-custom
		-f1: 0.8199233716475096
		-auroc: 0.8095771692629241
	-resnet
		-f1: 0.8764444444444445
		-auroc: 0.8552484406126514
2026-06-16 07:04:27 - __main__ - INFO - WCYKMVHQFDGRLITNEASP encoding is done for binary task with:
	-custom
		-f1: 0.8115134633240483
		-auroc: 0.7928239606805787
	-resnet
		-f1: 0.8664047151277013
		-auroc: 0.863414813363378
2026-06-16 07:06:17 - __main__ - INFO - WCYKMVHQFDGRLITNEASP encoding is done for binary task with:
	-custom
		-f1: 0.8325537885874649
		-auroc: 0.8174802423173639
	-resnet
		-f1: 0.8817598533455545
		-auroc: 0.8669928317167956
2026-06-16 07:08:07 - __main__ - INFO - WCYKMVHQFDGRLITNEASP encoding is done for binary task with:
	-custom
		-f1: 0.8202676864244742
		-auroc: 0.8094812383658274
	-resnet
		-f1: 0.8809746954076851
		-auroc: 0.8701667156526567
2026-06-16 07:09:50 - __main__ - INFO - WCYKMVHQFDGRLITNEASP encoding is done for binary task with:
	-custom
		-f1: 0.818957345971564
		-auroc: 0.8060154795728423
	-resnet
		-f1: 0.8430873621713316
		-auroc: 0.8061359034649422
2026-06-16 07:11:34 - __main__ - INFO - WCYKMVHQFDGRLITNEASP encoding is done for binary task with:
	-custom
		-f1: 0.8196411709159585
		-auroc: 0.8058236177786486
	-resnet
		-f1: 0.8662533215234721
		-auroc: 0.8429202997942588
2026-06-16 07:13:23 - __main__ - INFO - WCYKMVHQFDGRLITNEASP encoding is done for binary task with:
	-custom
		-f1: 0.806390977443609
		-auroc: 0.7904134417556579
	-resnet
		-f1: 0.8219852337981952
		-auroc: 0.7718538747918096
2026-06-16 07:15:10 - __main__ - INFO - WCYKMVHQFDGRLITNEASP encoding is done for binary task with:
	-custom
		-f1: 0.8325449385052034
		-auroc: 0.8200785408706442
	-resnet
		-f1: 0.8835418671799807
		-auroc: 0.8775778877241108
2026-06-16 07:16:59 - __main__ - INFO - WCYKMVHQFDGRLITNEASP encoding is done for binary task with:
	-custom
		-f1: 0.8231939163498099
		-auroc: 0.8112161588452369
	-resnet
		-f1: 0.8777251184834123
		-auroc: 0.8687195878645373
2026-06-16 07:18:47 - __main__ - INFO - WCYKMVHQFDGRLITNEASP encoding is done for binary task with:
	-custom
		-f1: 0.818613485280152
		-auroc: 0.806111410469939
	-resnet
		-f1: 0.8907563025210085
		-auroc: 0.8800884197119625
2026-06-16 07:20:32 - __main__ - INFO - WCYKMVHQFDGRLITNEASP encoding is done for binary task with:
	-custom
		-f1: 0.8287606433301797
		-auroc: 0.8160331145292448
	-resnet
		-f1: 0.888468809073724
		-auroc: 0.8797006139577415
2026-06-16 07:22:10 - __main__ - INFO - WCYKMVHQFDGRLITNEASP encoding is done for binary task with:
	-custom
		-f1: 0.8233009708737864
		-auroc: 0.8163168250547008
	-resnet
		-f1: 0.8768186226964112
		-auroc: 0.8718934718003983
2026-06-16 07:23:49 - __main__ - INFO - WCYKMVHQFDGRLITNEASP encoding is done for binary task with:
	-custom
		-f1: 0.821944177093359
		-auroc: 0.8128510662617159
	-resnet
		-f1: 0.8373644703919934
		-auroc: 0.7950630286404755
2026-06-16 07:25:28 - __main__ - INFO - WCYKMVHQFDGRLITNEASP encoding is done for binary task with:
	-custom
		-f1: 0.8259187620889749
		-auroc: 0.8181476764312074
	-resnet
		-f1: 0.7713207547169811
		-auroc: 0.6797928709055876
2026-06-16 07:27:10 - __main__ - INFO - WCYKMVHQFDGRLITNEASP encoding is done for binary task with:
	-custom
		-f1: 0.8178368121442126
		-auroc: 0.8050520884360406
	-resnet
		-f1: 0.9014354066985646
		-auroc: 0.8954945135691192
2026-06-16 07:28:51 - __main__ - INFO - WCYKMVHQFDGRLITNEASP encoding is done for binary task with:
	-custom
		-f1: 0.8241965973534972
		-auroc: 0.8109283661539467
	-resnet
		-f1: 0.8731060606060606
		-auroc: 0.8636148394892393
2026-06-16 07:30:35 - __main__ - INFO - WCYKMVHQFDGRLITNEASP encoding is done for binary task with:
	-custom
		-f1: 0.8162878787878788
		-auroc: 0.8029334443682439
	-resnet
		-f1: 0.8834586466165414
		-auroc: 0.8733446817543515
2026-06-16 07:32:23 - __main__ - INFO - WCYKMVHQFDGRLITNEASP encoding is done for binary task with:
	-custom
		-f1: 0.8279158699808795
		-auroc: 0.8175720910486268
	-resnet
		-f1: 0.8794599807135969
		-auroc: 0.8736283922798079
2026-06-16 07:34:13 - __main__ - INFO - WCYKMVHQFDGRLITNEASP encoding is done for binary task with:
	-custom
		-f1: 0.8277830637488106
		-auroc: 0.8163209072205349
	-resnet
		-f1: 0.871889400921659
		-auroc: 0.8571670585545866
2026-06-16 07:36:01 - __main__ - INFO - WCYKMVHQFDGRLITNEASP encoding is done for binary task with:
	-custom
		-f1: 0.8187793427230047
		-auroc: 0.8035131119166584
	-resnet
		-f1: 0.8876298394711992
		-auroc: 0.8786412919238431
2026-06-16 07:37:51 - __main__ - INFO - WCYKMVHQFDGRLITNEASP encoding is done for binary task with:
	-custom
		-f1: 0.8271375464684015
		-auroc: 0.8100649880800757
	-resnet
		-f1: 0.8604444444444445
		-auroc: 0.8370440220763529
2026-06-16 07:39:41 - __main__ - INFO - WCYKMVHQFDGRLITNEASP encoding is done for binary task with:
	-custom
		-f1: 0.8075471698113208
		-auroc: 0.7926280167205512
	-resnet
		-f1: 0.8778195488721805
		-auroc: 0.867276542242252
2026-06-16 07:41:32 - __main__ - INFO - WCYKMVHQFDGRLITNEASP encoding is done for binary task with:
	-custom
		-f1: 0.8245445829338447
		-auroc: 0.8146819176382222
	-resnet
		-f1: 0.8895131086142322
		-auroc: 0.8792209594722575
2026-06-16 07:43:25 - __main__ - INFO - WCYKMVHQFDGRLITNEASP encoding is done for binary task with:
	-custom
		-f1: 0.8248587570621468
		-auroc: 0.8107365043597532
	-resnet
		-f1: 0.8667992047713717
		-auroc: 0.8660131119166585
2026-06-16 07:45:16 - __main__ - INFO - WCYKMVHQFDGRLITNEASP encoding is done for binary task with:
	-custom
		-f1: 0.8244422890397672
		-auroc: 0.8172802161915026
	-resnet
		-f1: 0.8487018800358102
		-auroc: 0.8252914666405408
2026-06-16 07:47:10 - __main__ - INFO - WCYKMVHQFDGRLITNEASP encoding is done for binary task with:
	-custom
		-f1: 0.8175046554934823
		-auroc: 0.8000473531236733
	-resnet
		-f1: 0.8779527559055118
		-auroc: 0.8756470232846739
2026-06-16 07:49:00 - __main__ - INFO - WCYKMVHQFDGRLITNEASP encoding is done for binary task with:
	-custom
		-f1: 0.819047619047619
		-auroc: 0.807266663400934
	-resnet
		-f1: 0.8809073724007561
		-auroc: 0.8716097612749419
2026-06-16 07:50:52 - __main__ - INFO - WCYKMVHQFDGRLITNEASP encoding is done for binary task with:
	-custom
		-f1: 0.8190298507462687
		-auroc: 0.8021659971914699
	-resnet
		-f1: 0.8792270531400966
		-auroc: 0.8737243231769047
2026-06-16 07:52:39 - __main__ - INFO - WCYKMVHQFDGRLITNEASP encoding is done for binary task with:
	-custom
		-f1: 0.805607476635514
		-auroc: 0.7881029358936678
	-resnet
		-f1: 0.8695652173913043
		-auroc: 0.867748032396068
2026-06-16 07:54:29 - __main__ - INFO - WCYKMVHQFDGRLITNEASP encoding is done for binary task with:
	-custom
		-f1: 0.8227488151658767
		-auroc: 0.810060905914242
	-resnet
		-f1: 0.8674698795180723
		-auroc: 0.8685154795728421
2026-06-16 07:56:19 - __main__ - INFO - WCYKMVHQFDGRLITNEASP encoding is done for binary task with:
	-custom
		-f1: 0.821256038647343
		-auroc: 0.8130429280559094
	-resnet
		-f1: 0.8903467666354264
		-auroc: 0.8802802815061559
2026-06-16 07:58:11 - __main__ - INFO - WCYKMVHQFDGRLITNEASP encoding is done for binary task with:
	-custom
		-f1: 0.8279158699808795
		-auroc: 0.8175720910486268
	-resnet
		-f1: 0.8919667590027701
		-auroc: 0.8795128343293818
2026-06-16 08:00:01 - __main__ - INFO - WCYKMVHQFDGRLITNEASP encoding is done for binary task with:
	-custom
		-f1: 0.8239771646051379
		-auroc: 0.8122754808791353
	-resnet
		-f1: 0.8644240570846076
		-auroc: 0.8682236047157179
2026-06-16 08:01:52 - __main__ - INFO - WCYKMVHQFDGRLITNEASP encoding is done for binary task with:
	-custom
		-f1: 0.8205128205128205
		-auroc: 0.8081341236406387
	-resnet
		-f1: 0.886052871467639
		-auroc: 0.870750465366905
2026-06-16 08:03:40 - __main__ - INFO - WCYKMVHQFDGRLITNEASP encoding is done for binary task with:
	-custom
		-f1: 0.8180943214629451
		-auroc: 0.8088056399203162
	-resnet
		-f1: 0.8890925756186985
		-auroc: 0.8750836843995949
2026-06-16 08:05:29 - __main__ - INFO - WCYKMVHQFDGRLITNEASP encoding is done for binary task with:
	-custom
		-f1: 0.8183556405353728
		-auroc: 0.8074585251951276
	-resnet
		-f1: 0.8816029143897997
		-auroc: 0.8656457169916071
2026-06-16 08:07:14 - __main__ - INFO - WCYKMVHQFDGRLITNEASP encoding is done for binary task with:
	-custom
		-f1: 0.8104575163398693
		-auroc: 0.793111753371869
	-resnet
		-f1: 0.8791002811621368
		-auroc: 0.8681440024819569
2026-06-16 08:09:03 - __main__ - INFO - WCYKMVHQFDGRLITNEASP encoding is done for binary task with:
	-custom
		-f1: 0.8234165067178503
		-auroc: 0.8137185265014206
	-resnet
		-f1: 0.8690702087286527
		-auroc: 0.8596653440449364
2026-06-16 08:10:49 - __main__ - INFO - WCYKMVHQFDGRLITNEASP encoding is done for binary task with:
	-custom
		-f1: 0.8198284080076264
		-auroc: 0.8083259854348324
	-resnet
		-f1: 0.8873917228103946
		-auroc: 0.8816233140655105
2026-06-16 08:12:28 - __main__ - INFO - WCYKMVHQFDGRLITNEASP encoding is done for binary task with:
	-custom
		-f1: 0.8125594671741199
		-auroc: 0.8001392018549363
	-resnet
		-f1: 0.8886844526218951
		-auroc: 0.8752755461937886
2026-06-16 08:14:07 - __main__ - INFO - WCYKMVHQFDGRLITNEASP encoding is done for binary task with:
	-custom
		-f1: 0.8081002892960463
		-auroc: 0.7987880049639137
	-resnet
		-f1: 0.8726554787759131
		-auroc: 0.8707341367035694
2026-06-16 08:15:45 - __main__ - INFO - WCYKMVHQFDGRLITNEASP encoding is done for binary task with:
	-custom
		-f1: 0.8277189605389798
		-auroc: 0.8189192057738154
	-resnet
		-f1: 0.8764044943820225
		-auroc: 0.8650619672773587
2026-06-16 08:17:22 - __main__ - INFO - WCYKMVHQFDGRLITNEASP encoding is done for binary task with:
	-custom
		-f1: 0.8156638013371538
		-auroc: 0.8043764899905295
	-resnet
		-f1: 0.8693069306930693
		-auroc: 0.8678439632931648
2026-06-16 08:18:59 - __main__ - INFO - WCYKMVHQFDGRLITNEASP encoding is done for binary task with:
	-custom
		-f1: 0.8276533592989289
		-auroc: 0.8215175043270958
	-resnet
		-f1: 0.8916349809885932
		-auroc: 0.8840338329904315
2026-06-16 08:20:40 - __main__ - INFO - WCYKMVHQFDGRLITNEASP encoding is done for binary task with:
	-custom
		-f1: 0.8203650336215178
		-auroc: 0.8107324221939192
	-resnet
		-f1: 0.898854961832061
		-auroc: 0.8923165474674243
2026-06-16 08:22:21 - __main__ - INFO - WCYKMVHQFDGRLITNEASP encoding is done for binary task with:
	-custom
		-f1: 0.8227360308285164
		-auroc: 0.8139103882956141
	-resnet
		-f1: 0.8827331486611265
		-auroc: 0.8693992684758826
2026-06-16 08:24:01 - __main__ - INFO - WCYKMVHQFDGRLITNEASP encoding is done for binary task with:
	-custom
		-f1: 0.8212927756653993
		-auroc: 0.8091934456745371
	-resnet
		-f1: 0.8752475247524752
		-auroc: 0.8739121028052643
2026-06-16 08:25:43 - __main__ - INFO - WCYKMVHQFDGRLITNEASP encoding is done for binary task with:
	-custom
		-f1: 0.8199608610567515
		-auroc: 0.8146778354723883
	-resnet
		-f1: 0.891566265060241
		-auroc: 0.8797046961235753
2026-06-16 08:27:28 - __main__ - INFO - WCYKMVHQFDGRLITNEASP encoding is done for binary task with:
	-custom
		-f1: 0.8201304753028891
		-auroc: 0.8031293883282714
	-resnet
		-f1: 0.873767258382643
		-auroc: 0.871697527840371
2026-06-16 08:29:12 - __main__ - INFO - WCYKMVHQFDGRLITNEASP encoding is done for binary task with:
	-custom
		-f1: 0.8227488151658767
		-auroc: 0.810060905914242
	-resnet
		-f1: 0.8918156161806209
		-auroc: 0.8824948564710492
2026-06-16 08:31:00 - __main__ - INFO - WCYKMVHQFDGRLITNEASP encoding is done for binary task with:
	-custom
		-f1: 0.8285163776493256
		-auroc: 0.8199785278077136
	-resnet
		-f1: 0.818105616093881
		-auroc: 0.7731009764540675
2026-06-16 08:32:50 - __main__ - INFO - WCYKMVHQFDGRLITNEASP encoding is done for binary task with:
	-custom
		-f1: 0.8198284080076264
		-auroc: 0.8083259854348324
	-resnet
		-f1: 0.8878591288229842
		-auroc: 0.8756592697821756
2026-06-16 08:34:40 - __main__ - INFO - WCYKMVHQFDGRLITNEASP encoding is done for binary task with:
	-custom
		-f1: 0.8317214700193424
		-auroc: 0.8242158159433068
	-resnet
		-f1: 0.8258706467661692
		-auroc: 0.7795569217203879
2026-06-16 08:36:32 - __main__ - INFO - WCYKMVHQFDGRLITNEASP encoding is done for binary task with:
	-custom
		-f1: 0.821256038647343
		-auroc: 0.8130429280559094
	-resnet
		-f1: 0.8931297709923665
		-auroc: 0.8862484079553248
2026-06-16 08:38:19 - __main__ - INFO - WCYKMVHQFDGRLITNEASP encoding is done for binary task with:
	-custom
		-f1: 0.8197674418604651
		-auroc: 0.8121754678162048
	-resnet
		-f1: 0.8611599297012302
		-auroc: 0.835409114659874
2026-06-16 08:39:55 - __main__ - INFO - WCYKMVHQFDGRLITNEASP encoding is done for binary task with:
	-custom
		-f1: 0.8102955195424214
		-auroc: 0.7982124195813332
	-resnet
		-f1: 0.8882521489971347
		-auroc: 0.8812395904771235
2026-06-16 08:41:33 - __main__ - INFO - WCYKMVHQFDGRLITNEASP encoding is done for binary task with:
	-custom
		-f1: 0.825426944971537
		-auroc: 0.81314294111884
	-resnet
		-f1: 0.8741594620557157
		-auroc: 0.8673683909735149
2026-06-16 08:43:10 - __main__ - INFO - WCYKMVHQFDGRLITNEASP encoding is done for binary task with:
	-custom
		-f1: 0.8164435946462715
		-auroc: 0.8054358120244277
	-resnet
		-f1: 0.8434559452523525
		-auroc: 0.8086382711211261
2026-06-16 08:44:46 - __main__ - INFO - WCYKMVHQFDGRLITNEASP encoding is done for binary task with:
	-custom
		-f1: 0.8206106870229007
		-auroc: 0.8093853074687306
	-resnet
		-f1: 0.8895463510848126
		-auroc: 0.8878792332059698
2026-06-16 08:46:23 - __main__ - INFO - WCYKMVHQFDGRLITNEASP encoding is done for binary task with:
	-custom
		-f1: 0.8206106870229007
		-auroc: 0.8093853074687306
	-resnet
		-f1: 0.8792007266121707
		-auroc: 0.8624677508899122
2026-06-16 08:48:00 - __main__ - INFO - WCYKMVHQFDGRLITNEASP encoding is done for binary task with:
	-custom
		-f1: 0.825
		-auroc: 0.8158371705692171
	-resnet
		-f1: 0.8505154639175257
		-auroc: 0.8179803076320171
2026-06-16 08:49:36 - __main__ - INFO - WCYKMVHQFDGRLITNEASP encoding is done for binary task with:
	-custom
		-f1: 0.8165225744476465
		-auroc: 0.8066869958525196
	-resnet
		-f1: 0.8241639697950378
		-auroc: 0.8404730413768329
2026-06-16 08:51:25 - __main__ - INFO - WCYKMVHQFDGRLITNEASP encoding is done for binary task with:
	-custom
		-f1: 0.8131655372700871
		-auroc: 0.8050480062702068
	-resnet
		-f1: 0.8893023255813953
		-auroc: 0.877873844747069
2026-06-16 08:53:10 - __main__ - INFO - WCYKMVHQFDGRLITNEASP encoding is done for binary task with:
	-custom
		-f1: 0.8211538461538461
		-auroc: 0.8117917442278175
	-resnet
		-f1: 0.8277027027027027
		-auroc: 0.786680301100552
2026-06-16 08:54:59 - __main__ - INFO - WCYKMVHQFDGRLITNEASP encoding is done for binary task with:
	-custom
		-f1: 0.8192999053926207
		-auroc: 0.8059195486757456
	-resnet
		-f1: 0.8784029038112523
		-auroc: 0.8614084288560139
2026-06-16 08:56:48 - __main__ - INFO - WCYKMVHQFDGRLITNEASP encoding is done for binary task with:
	-custom
		-f1: 0.8103946102021174
		-auroc: 0.8007147872375168
	-resnet
		-f1: 0.8732654949121184
		-auroc: 0.8593816335194802
2026-06-16 08:58:40 - __main__ - INFO - WCYKMVHQFDGRLITNEASP encoding is done for binary task with:
	-custom
		-f1: 0.8214285714285714
		-auroc: 0.8065951471212566
	-resnet
		-f1: 0.8897266729500471
		-auroc: 0.880568074197446
2026-06-16 09:00:30 - __main__ - INFO - WCYKMVHQFDGRLITNEASP encoding is done for binary task with:
	-custom
		-f1: 0.8225190839694656
		-auroc: 0.8114080206394305
	-resnet
		-f1: 0.873542600896861
		-auroc: 0.8537053819274354
2026-06-16 09:02:19 - __main__ - INFO - WCYKMVHQFDGRLITNEASP encoding is done for binary task with:
	-custom
		-f1: 0.8221797323135756
		-auroc: 0.8115039515365272
	-resnet
		-f1: 0.8730769230769231
		-auroc: 0.8664049998367134
2026-06-16 09:04:05 - __main__ - INFO - WCYKMVHQFDGRLITNEASP encoding is done for binary task with:
	-custom
		-f1: 0.826046511627907
		-auroc: 0.8091015969432741
	-resnet
		-f1: 0.8752260397830018
		-auroc: 0.8571711407204207
2026-06-16 09:05:52 - __main__ - INFO - WCYKMVHQFDGRLITNEASP encoding is done for binary task with:
	-custom
		-f1: 0.8173913043478261
		-auroc: 0.8089975017145097
	-resnet
		-f1: 0.8816568047337278
		-auroc: 0.8797883805231704
2026-06-16 09:07:33 - __main__ - INFO - WCYKMVHQFDGRLITNEASP encoding is done for binary task with:
	-custom
		-f1: 0.8275862068965517
		-auroc: 0.8176680219457235
	-resnet
		-f1: 0.8802880288028803
		-auroc: 0.8619880964044284
2026-06-16 09:09:16 - __main__ - INFO - WCYKMVHQFDGRLITNEASP encoding is done for binary task with:
	-custom
		-f1: 0.8205625606207565
		-auroc: 0.8132347898501029
	-resnet
		-f1: 0.8629173989455184
		-auroc: 0.8374318278305738
2026-06-16 09:10:58 - __main__ - INFO - WCYKMVHQFDGRLITNEASP encoding is done for binary task with:
	-custom
		-f1: 0.8199233716475096
		-auroc: 0.8095771692629241
	-resnet
		-f1: 0.8806983511154219
		-auroc: 0.8759388981417982
2026-06-16 09:12:40 - __main__ - INFO - WCYKMVHQFDGRLITNEASP encoding is done for binary task with:
	-custom
		-f1: 0.8264621284755513
		-auroc: 0.816704630808922
	-resnet
		-f1: 0.8780487804878049
		-auroc: 0.8742039776623884
2026-06-16 09:14:20 - __main__ - INFO - WCYKMVHQFDGRLITNEASP encoding is done for binary task with:
	-custom
		-f1: 0.821969696969697
		-auroc: 0.8090015838803436
	-resnet
		-f1: 0.8613861386138614
		-auroc: 0.8597531106103653
2026-06-16 09:16:02 - __main__ - INFO - WCYKMVHQFDGRLITNEASP encoding is done for binary task with:
	-custom
		-f1: 0.8266666666666667
		-auroc: 0.8153575160837333
	-resnet
		-f1: 0.8786764705882353
		-auroc: 0.864102658306391
2026-06-16 09:17:42 - __main__ - INFO - WCYKMVHQFDGRLITNEASP encoding is done for binary task with:
	-custom
		-f1: 0.8235294117647058
		-auroc: 0.8149697103295125
	-resnet
		-f1: 0.8772946859903382
		-auroc: 0.8717016100062049
2026-06-16 09:19:23 - __main__ - INFO - WCYKMVHQFDGRLITNEASP encoding is done for binary task with:
	-custom
		-f1: 0.8199811498586239
		-auroc: 0.8057276868815518
	-resnet
		-f1: 0.8548094373865699
		-auroc: 0.8351131576369158
2026-06-16 09:21:02 - __main__ - INFO - WCYKMVHQFDGRLITNEASP encoding is done for binary task with:
	-custom
		-f1: 0.8254580520732884
		-auroc: 0.8169924235002123
	-resnet
		-f1: 0.8884578079534433
		-auroc: 0.8840297508245974
2026-06-16 09:22:42 - __main__ - INFO - WCYKMVHQFDGRLITNEASP encoding is done for binary task with:
	-custom
		-f1: 0.8214971209213052
		-auroc: 0.8116958133307207
	-resnet
		-f1: 0.8880233690360273
		-auroc: 0.884221612618791
2026-06-16 09:24:20 - __main__ - INFO - WCYKMVHQFDGRLITNEASP encoding is done for binary task with:
	-custom
		-f1: 0.821944177093359
		-auroc: 0.8128510662617159
	-resnet
		-f1: 0.8780971258671952
		-auroc: 0.8769941380098626
2026-06-16 09:25:58 - __main__ - INFO - WCYKMVHQFDGRLITNEASP encoding is done for binary task with:
	-custom
		-f1: 0.8245445829338447
		-auroc: 0.8146819176382222
	-resnet
		-f1: 0.8853383458646616
		-auroc: 0.8753673949250514
2026-06-16 09:27:37 - __main__ - INFO - WCYKMVHQFDGRLITNEASP encoding is done for binary task with:
	-custom
		-f1: 0.8286544046466602
		-auroc: 0.8212297116358055
	-resnet
		-f1: 0.8817598533455545
		-auroc: 0.8669928317167956
2026-06-16 09:29:17 - __main__ - INFO - WCYKMVHQFDGRLITNEASP encoding is done for binary task with:
	-custom
		-f1: 0.8153846153846154
		-auroc: 0.8057236047157179
	-resnet
		-f1: 0.8521199586349535
		-auroc: 0.8587815551418961
2026-06-16 09:30:55 - __main__ - INFO - WCYKMVHQFDGRLITNEASP encoding is done for binary task with:
	-custom
		-f1: 0.8124410933081998
		-auroc: 0.7976368341987524
	-resnet
		-f1: 0.8779564806054873
		-auroc: 0.8686236569674407
2026-06-16 09:32:34 - __main__ - INFO - WCYKMVHQFDGRLITNEASP encoding is done for binary task with:
	-custom
		-f1: 0.8148148148148148
		-auroc: 0.8020659841285392
	-resnet
		-f1: 0.8903345724907064
		-auroc: 0.8788372358838705
2026-06-16 09:34:12 - __main__ - INFO - WCYKMVHQFDGRLITNEASP encoding is done for binary task with:
	-custom
		-f1: 0.8187919463087249
		-auroc: 0.8086137781261227
	-resnet
		-f1: 0.8699551569506726
		-auroc: 0.8496599555860357
2026-06-16 09:35:51 - __main__ - INFO - WCYKMVHQFDGRLITNEASP encoding is done for binary task with:
	-custom
		-f1: 0.8256704980842912
		-auroc: 0.8156453087750236
	-resnet
		-f1: 0.8321917808219178
		-auroc: 0.7955386009601253
2026-06-16 09:37:30 - __main__ - INFO - WCYKMVHQFDGRLITNEASP encoding is done for binary task with:
	-custom
		-f1: 0.8239771646051379
		-auroc: 0.8122754808791353
	-resnet
		-f1: 0.8449955713020372
		-auroc: 0.8186477417458607
2026-06-16 09:39:12 - __main__ - INFO - WCYKMVHQFDGRLITNEASP encoding is done for binary task with:
	-custom
		-f1: 0.8193916349809885
		-auroc: 0.8071707325038373
	-resnet
		-f1: 0.8653136531365314
		-auroc: 0.8501355279056856
2026-06-16 09:40:51 - __main__ - INFO - WCYKMVHQFDGRLITNEASP encoding is done for binary task with:
	-custom
		-f1: 0.8192307692307692
		-auroc: 0.8097690310571176
	-resnet
		-f1: 0.8744271310724107
		-auroc: 0.8589019790339963
2026-06-16 09:42:30 - __main__ - INFO - WCYKMVHQFDGRLITNEASP encoding is done for binary task with:
	-custom
		-f1: 0.8240917782026769
		-auroc: 0.8135266647072271
	-resnet
		-f1: 0.8897126969416126
		-auroc: 0.8776819829528755
2026-06-16 09:44:09 - __main__ - INFO - WCYKMVHQFDGRLITNEASP encoding is done for binary task with:
	-custom
		-f1: 0.8196411709159585
		-auroc: 0.8058236177786486
	-resnet
		-f1: 0.843065693430657
		-auroc: 0.8232646713040072
2026-06-16 09:45:50 - __main__ - INFO - WCYKMVHQFDGRLITNEASP encoding is done for binary task with:
	-custom
		-f1: 0.8252148997134671
		-auroc: 0.8144900558440286
	-resnet
		-f1: 0.8462192013593883
		-auroc: 0.8102772607034388
2026-06-16 09:47:28 - __main__ - INFO - WCYKMVHQFDGRLITNEASP encoding is done for binary task with:
	-custom
		-f1: 0.8240827845719662
		-auroc: 0.8096771823258548
	-resnet
		-f1: 0.8874418604651163
		-auroc: 0.8758511315763692
2026-06-16 09:49:08 - __main__ - INFO - WCYKMVHQFDGRLITNEASP encoding is done for binary task with:
	-custom
		-f1: 0.8177434908389586
		-auroc: 0.8089015708174128
	-resnet
		-f1: 0.8647058823529412
		-auroc: 0.8612961692955815
2026-06-16 09:50:47 - __main__ - INFO - WCYKMVHQFDGRLITNEASP encoding is done for binary task with:
	-custom
		-f1: 0.8197945845004668
		-auroc: 0.8032253192253681
	-resnet
		-f1: 0.8793264733395697
		-auroc: 0.86804807158486
2026-06-16 09:52:25 - __main__ - INFO - WCYKMVHQFDGRLITNEASP encoding is done for binary task with:
	-custom
		-f1: 0.829971181556196
		-auroc: 0.8208459880474186
	-resnet
		-f1: 0.87151841868823
		-auroc: 0.8517785996538323
2026-06-16 09:54:02 - __main__ - INFO - WCYKMVHQFDGRLITNEASP encoding is done for binary task with:
	-custom
		-f1: 0.8106617647058824
		-auroc: 0.7892622709904967
	-resnet
		-f1: 0.8808864265927978
		-auroc: 0.8673765553051828
2026-06-16 09:55:41 - __main__ - INFO - WCYKMVHQFDGRLITNEASP encoding is done for binary task with:
	-custom
		-f1: 0.8266666666666667
		-auroc: 0.8153575160837333
	-resnet
		-f1: 0.8872180451127819
		-auroc: 0.8773901080957511
2026-06-16 09:57:19 - __main__ - INFO - WCYKMVHQFDGRLITNEASP encoding is done for binary task with:
	-custom
		-f1: 0.8250950570342205
		-auroc: 0.8132388720159368
	-resnet
		-f1: 0.8708708708708709
		-auroc: 0.8714056529832468
2026-06-16 09:58:57 - __main__ - INFO - WCYKMVHQFDGRLITNEASP encoding is done for binary task with:
	-custom
		-f1: 0.8133971291866029
		-auroc: 0.8024497077169264
	-resnet
		-f1: 0.8840864440078585
		-auroc: 0.8816192318996766
2026-06-16 10:00:36 - __main__ - INFO - WCYKMVHQFDGRLITNEASP encoding is done for binary task with:
	-custom
		-f1: 0.8193916349809885
		-auroc: 0.8071707325038373
	-resnet
		-f1: 0.8694817658349329
		-auroc: 0.8622636425982168
2026-06-16 10:02:18 - __main__ - INFO - WCYKMVHQFDGRLITNEASP encoding is done for binary task with:
	-custom
		-f1: 0.8131655372700871
		-auroc: 0.8050480062702068
	-resnet
		-f1: 0.8816402609506058
		-auroc: 0.8698789229613664
2026-06-16 10:03:57 - __main__ - INFO - WCYKMVHQFDGRLITNEASP encoding is done for binary task with:
	-custom
		-f1: 0.8071833648393195
		-auroc: 0.7927239476176481
	-resnet
		-f1: 0.8814192343604108
		-auroc: 0.8699748538584631
2026-06-16 10:05:39 - __main__ - INFO - WCYKMVHQFDGRLITNEASP encoding is done for binary task with:
	-custom
		-f1: 0.8235294117647058
		-auroc: 0.8111202279481402
	-resnet
		-f1: 0.8050314465408805
		-auroc: 0.7379596518728977
2026-06-16 10:07:17 - __main__ - INFO - WCYKMVHQFDGRLITNEASP encoding is done for binary task with:
	-custom
		-f1: 0.8269230769230769
		-auroc: 0.817859883739917
	-resnet
		-f1: 0.8606060606060606
		-auroc: 0.862735132752033
2026-06-16 10:08:53 - __main__ - INFO - WCYKMVHQFDGRLITNEASP encoding is done for binary task with:
	-custom
		-f1: 0.815442561205273
		-auroc: 0.8006229385062539
	-resnet
		-f1: 0.8732142857142857
		-auroc: 0.8524541980993435
2026-06-16 10:10:30 - __main__ - INFO - WCYKMVHQFDGRLITNEASP encoding is done for binary task with:
	-custom
		-f1: 0.8164794007490637
		-auroc: 0.8003351458149637
	-resnet
		-f1: 0.8592592592592593
		-auroc: 0.8442592501877797
2026-06-16 10:12:07 - __main__ - INFO - WCYKMVHQFDGRLITNEASP encoding is done for binary task with:
	-custom
		-f1: 0.818957345971564
		-auroc: 0.8060154795728423
	-resnet
		-f1: 0.8488471391972673
		-auroc: 0.8146104797361289
2026-06-16 10:13:47 - __main__ - INFO - WCYKMVHQFDGRLITNEASP encoding is done for binary task with:
	-custom
		-f1: 0.8213944603629417
		-auroc: 0.810444629502629
	-resnet
		-f1: 0.8787584869059166
		-auroc: 0.8739161849710982
2026-06-16 10:15:24 - __main__ - INFO - WCYKMVHQFDGRLITNEASP encoding is done for binary task with:
	-custom
		-f1: 0.8236415633937083
		-auroc: 0.8123714117762321
	-resnet
		-f1: 0.8650137741046832
		-auroc: 0.8488843440775938
2026-06-16 10:17:02 - __main__ - INFO - WCYKMVHQFDGRLITNEASP encoding is done for binary task with:
	-custom
		-f1: 0.8261287223823247
		-auroc: 0.8168005617060188
	-resnet
		-f1: 0.8829686013320647
		-auroc: 0.8749795891708305
2026-06-16 10:18:42 - __main__ - INFO - WCYKMVHQFDGRLITNEASP encoding is done for binary task with:
	-custom
		-f1: 0.8136882129277566
		-auroc: 0.8011025929917377
	-resnet
		-f1: 0.8832866479925303
		-auroc: 0.871997567029163
2026-06-16 10:20:19 - __main__ - INFO - WCYKMVHQFDGRLITNEASP encoding is done for binary task with:
	-custom
		-f1: 0.8168744007670182
		-auroc: 0.8065910649554228
	-resnet
		-f1: 0.8939670932358318
		-auroc: 0.8799965709806995
2026-06-16 10:21:58 - __main__ - INFO - WCYKMVHQFDGRLITNEASP encoding is done for binary task with:
	-custom
		-f1: 0.8222862632084534
		-auroc: 0.812755135364619
	-resnet
		-f1: 0.888283378746594
		-auroc: 0.8725813167434113
2026-06-16 10:23:36 - __main__ - INFO - WCYKMVHQFDGRLITNEASP encoding is done for binary task with:
	-custom
		-f1: 0.8238636363636364
		-auroc: 0.8110242970510433
	-resnet
		-f1: 0.8722466960352423
		-auroc: 0.8487006466150682
2026-06-16 10:25:14 - __main__ - INFO - WCYKMVHQFDGRLITNEASP encoding is done for binary task with:
	-custom
		-f1: 0.8223938223938224
		-auroc: 0.8140063191927108
	-resnet
		-f1: 0.8968105065666041
		-auroc: 0.8874077430521538
2026-06-16 10:26:54 - __main__ - INFO - WCYKMVHQFDGRLITNEASP encoding is done for binary task with:
	-custom
		-f1: 0.8295880149812734
		-auroc: 0.8144941380098625
	-resnet
		-f1: 0.859245630174793
		-auroc: 0.842912135462591
2026-06-16 10:28:33 - __main__ - INFO - WCYKMVHQFDGRLITNEASP encoding is done for binary task with:
	-custom
		-f1: 0.819047619047619
		-auroc: 0.807266663400934
	-resnet
		-f1: 0.8926875593542261
		-auroc: 0.884997224127233
2026-06-16 10:30:11 - __main__ - INFO - WCYKMVHQFDGRLITNEASP encoding is done for binary task with:
	-custom
		-f1: 0.8224121557454891
		-auroc: 0.8101568368113387
	-resnet
		-f1: 0.8813229571984436
		-auroc: 0.8770941510727931
2026-06-16 10:31:49 - __main__ - INFO - WCYKMVHQFDGRLITNEASP encoding is done for binary task with:
	-custom
		-f1: 0.825
		-auroc: 0.8158371705692171
	-resnet
		-f1: 0.8693957115009746
		-auroc: 0.8650538029456909
2026-06-16 10:33:29 - __main__ - INFO - WCYKMVHQFDGRLITNEASP encoding is done for binary task with:
	-custom
		-f1: 0.8270531400966183
		-auroc: 0.819111067568009
	-resnet
		-f1: 0.8680248007085917
		-auroc: 0.8449430129649587
2026-06-16 10:35:08 - __main__ - INFO - WCYKMVHQFDGRLITNEASP encoding is done for binary task with:
	-custom
		-f1: 0.8172248803827751
		-auroc: 0.8064951340583261
	-resnet
		-f1: 0.8802177858439202
		-auroc: 0.8634311420267137
2026-06-16 10:36:51 - __main__ - INFO - WCYKMVHQFDGRLITNEASP encoding is done for binary task with:
	-custom
		-f1: 0.8170377541142304
		-auroc: 0.8090934326116063
	-resnet
		-f1: 0.8190158465387823
		-auroc: 0.7728131837627772
2026-06-16 10:38:30 - __main__ - INFO - WCYKMVHQFDGRLITNEASP encoding is done for binary task with:
	-custom
		-f1: 0.8113744075829384
		-auroc: 0.7979246268900427
	-resnet
		-f1: 0.8825757575757576
		-auroc: 0.8737284053427388
2026-06-16 10:40:08 - __main__ - INFO - WCYKMVHQFDGRLITNEASP encoding is done for binary task with:
	-custom
		-f1: 0.8249534450651769
		-auroc: 0.8081382058064727
	-resnet
		-f1: 0.867513611615245
		-auroc: 0.8492721498318148
2026-06-16 10:41:58 - __main__ - INFO - WCYKMVHQFDGRLITNEASP encoding is done for binary task with:
	-custom
		-f1: 0.821969696969697
		-auroc: 0.8090015838803436
	-resnet
		-f1: 0.883495145631068
		-auroc: 0.8790209333463962
2026-06-16 10:43:36 - __main__ - INFO - WCYKMVHQFDGRLITNEASP encoding is done for binary task with:
	-custom
		-f1: 0.8297872340425532
		-auroc: 0.822193102772607
	-resnet
		-f1: 0.8654353562005277
		-auroc: 0.840513863035172
2026-06-16 10:45:12 - __main__ - INFO - WCYKMVHQFDGRLITNEASP encoding is done for binary task with:
	-custom
		-f1: 0.8258426966292135
		-auroc: 0.8104487116684628
	-resnet
		-f1: 0.8833652007648184
		-auroc: 0.8762307729989224
2026-06-16 10:46:50 - __main__ - INFO - WCYKMVHQFDGRLITNEASP encoding is done for binary task with:
	-custom
		-f1: 0.8174904942965779
		-auroc: 0.8051480193331374
	-resnet
		-f1: 0.8834244080145719
		-auroc: 0.8676684301623068
2026-06-16 10:48:26 - __main__ - INFO - WCYKMVHQFDGRLITNEASP encoding is done for binary task with:
	-custom
		-f1: 0.822627037392138
		-auroc: 0.8126592044675223
	-resnet
		-f1: 0.8778280542986425
		-auroc: 0.8602531759250188
2026-06-16 10:50:05 - __main__ - INFO - WCYKMVHQFDGRLITNEASP encoding is done for binary task with:
	-custom
		-f1: 0.8264150943396227
		-auroc: 0.8128551484275498
	-resnet
		-f1: 0.8921001926782274
		-auroc: 0.8867280624408086
2026-06-16 10:51:43 - __main__ - INFO - WCYKMVHQFDGRLITNEASP encoding is done for binary task with:
	-custom
		-f1: 0.8242990654205608
		-auroc: 0.8083300676006661
	-resnet
		-f1: 0.8794599807135969
		-auroc: 0.8736283922798079
2026-06-16 10:53:21 - __main__ - INFO - WCYKMVHQFDGRLITNEASP encoding is done for binary task with:
	-custom
		-f1: 0.8277189605389798
		-auroc: 0.8189192057738154
	-resnet
		-f1: 0.8743169398907104
		-auroc: 0.8575548643088077
2026-06-16 10:55:00 - __main__ - INFO - WCYKMVHQFDGRLITNEASP encoding is done for binary task with:
	-custom
		-f1: 0.8314176245210728
		-auroc: 0.8217134482871232
	-resnet
		-f1: 0.8800738007380073
		-auroc: 0.8663172332712845
2026-06-16 10:56:38 - __main__ - INFO - WCYKMVHQFDGRLITNEASP encoding is done for binary task with:
	-custom
		-f1: 0.8201304753028891
		-auroc: 0.8031293883282714
	-resnet
		-f1: 0.8712871287128713
		-auroc: 0.8698666764638645
2026-06-16 10:58:16 - __main__ - INFO - WCYKMVHQFDGRLITNEASP encoding is done for binary task with:
	-custom
		-f1: 0.8249763481551561
		-auroc: 0.811987688187845
	-resnet
		-f1: 0.8694779116465864
		-auroc: 0.870538192743542
2026-06-16 10:59:53 - __main__ - INFO - WCYKMVHQFDGRLITNEASP encoding is done for binary task with:
	-custom
		-f1: 0.8202247191011236
		-auroc: 0.8043805721563633
	-resnet
		-f1: 0.8835041938490215
		-auroc: 0.8719016361320662
2026-06-16 11:01:30 - __main__ - INFO - WCYKMVHQFDGRLITNEASP encoding is done for binary task with:
	-custom
		-f1: 0.8202676864244742
		-auroc: 0.8094812383658274
	-resnet
		-f1: 0.8724584103512015
		-auroc: 0.8583223114855817
2026-06-16 11:03:07 - __main__ - INFO - WCYKMVHQFDGRLITNEASP encoding is done for binary task with:
	-custom
		-f1: 0.8142589118198874
		-auroc: 0.7984083635413606
	-resnet
		-f1: 0.8797763280521901
		-auroc: 0.8678562097906666
2026-06-16 11:04:45 - __main__ - INFO - WCYKMVHQFDGRLITNEASP encoding is done for binary task with:
	-custom
		-f1: 0.8224121557454891
		-auroc: 0.8101568368113387
	-resnet
		-f1: 0.8964252978918423
		-auroc: 0.8831745370823945
2026-06-16 11:06:24 - __main__ - INFO - WCYKMVHQFDGRLITNEASP encoding is done for binary task with:
	-custom
		-f1: 0.8158379373848987
		-auroc: 0.795426341399693
	-resnet
		-f1: 0.8667287977632805
		-auroc: 0.8536972175957676
2026-06-16 11:08:03 - __main__ - INFO - WCYKMVHQFDGRLITNEASP encoding is done for binary task with:
	-custom
		-f1: 0.8235294117647058
		-auroc: 0.8149697103295125
	-resnet
		-f1: 0.8829174664107485
		-auroc: 0.8764226347931159
2026-06-16 11:09:41 - __main__ - INFO - WCYKMVHQFDGRLITNEASP encoding is done for binary task with:
	-custom
		-f1: 0.8209099709583737
		-auroc: 0.8131388589530061
	-resnet
		-f1: 0.8832579185520362
		-auroc: 0.8663213154371184
2026-06-16 11:11:20 - __main__ - INFO - WCYKMVHQFDGRLITNEASP encoding is done for binary task with:
	-custom
		-f1: 0.8225352112676056
		-auroc: 0.8075585382580582
	-resnet
		-f1: 0.8812949640287769
		-auroc: 0.86295148754123
2026-06-16 11:12:59 - __main__ - INFO - WCYKMVHQFDGRLITNEASP encoding is done for binary task with:
	-custom
		-f1: 0.8188050930460333
		-auroc: 0.8137144443355867
	-resnet
		-f1: 0.8802946593001841
		-auroc: 0.8662213023741876
2026-06-16 11:14:39 - __main__ - INFO - WCYKMVHQFDGRLITNEASP encoding is done for binary task with:
	-custom
		-f1: 0.8265895953757225
		-auroc: 0.8179558146370138
	-resnet
		-f1: 0.8773234200743495
		-auroc: 0.8646782436889715
2026-06-16 11:16:17 - __main__ - INFO - WCYKMVHQFDGRLITNEASP encoding is done for binary task with:
	-custom
		-f1: 0.8237547892720306
		-auroc: 0.8136225956043238
	-resnet
		-f1: 0.8461538461538461
		-auroc: 0.8063318474249698
2026-06-16 11:17:57 - __main__ - INFO - WCYKMVHQFDGRLITNEASP encoding is done for binary task with:
	-custom
		-f1: 0.8239771646051379
		-auroc: 0.8122754808791353
	-resnet
		-f1: 0.8752293577981651
		-auroc: 0.8599613010678947
2026-06-16 11:19:32 - __main__ - INFO - WCYKMVHQFDGRLITNEASP encoding is done for binary task with:
	-custom
		-f1: 0.8217636022514071
		-auroc: 0.80649921622416
	-resnet
		-f1: 0.8719785138764548
		-auroc: 0.8515867378596387
2026-06-16 11:21:07 - __main__ - INFO - WCYKMVHQFDGRLITNEASP encoding is done for binary task with:
	-custom
		-f1: 0.8177434908389586
		-auroc: 0.8089015708174128
	-resnet
		-f1: 0.8208578637510513
		-auroc: 0.7773382645896606
2026-06-16 11:22:44 - __main__ - INFO - WCYKMVHQFDGRLITNEASP encoding is done for binary task with:
	-custom
		-f1: 0.813953488372093
		-auroc: 0.806107328304105
	-resnet
		-f1: 0.8846880907372401
		-auroc: 0.8756551876163418
2026-06-16 11:24:21 - __main__ - INFO - WCYKMVHQFDGRLITNEASP encoding is done for binary task with:
	-custom
		-f1: 0.8264150943396227
		-auroc: 0.8128551484275498
	-resnet
		-f1: 0.8774703557312253
		-auroc: 0.8758388850788674
2026-06-16 11:25:57 - __main__ - INFO - WCYKMVHQFDGRLITNEASP encoding is done for binary task with:
	-custom
		-f1: 0.8252427184466019
		-auroc: 0.818339538225401
	-resnet
		-f1: 0.8862164662349676
		-auroc: 0.873540625714379
2026-06-16 11:27:35 - __main__ - INFO - WCYKMVHQFDGRLITNEASP encoding is done for binary task with:
	-custom
		-f1: 0.8270531400966183
		-auroc: 0.819111067568009
	-resnet
		-f1: 0.8869895536562203
		-auroc: 0.8789290846151334
2026-06-16 11:29:14 - __main__ - INFO - WCYKMVHQFDGRLITNEASP encoding is done for binary task with:
	-custom
		-f1: 0.8203650336215178
		-auroc: 0.8107324221939192
	-resnet
		-f1: 0.8645276292335116
		-auroc: 0.8422447013487475
2026-06-16 11:30:52 - __main__ - INFO - WCYKMVHQFDGRLITNEASP encoding is done for binary task with:
	-custom
		-f1: 0.8122605363984674
		-auroc: 0.8014863165801247
	-resnet
		-f1: 0.878139534883721
		-auroc: 0.8657375657228699
2026-06-16 11:32:30 - __main__ - INFO - WCYKMVHQFDGRLITNEASP encoding is done for binary task with:
	-custom
		-f1: 0.8227228207639569
		-auroc: 0.8177598706769864
	-resnet
		-f1: 0.889943074003795
		-auroc: 0.8819151889226349
2026-06-16 11:34:07 - __main__ - INFO - WCYKMVHQFDGRLITNEASP encoding is done for binary task with:
	-custom
		-f1: 0.8168224299065421
		-auroc: 0.8002392149178668
	-resnet
		-f1: 0.8884723523898782
		-auroc: 0.878257568335456
2026-06-16 11:35:45 - __main__ - INFO - WCYKMVHQFDGRLITNEASP encoding is done for binary task with:
	-custom
		-f1: 0.8106060606060606
		-auroc: 0.7968653048561445
	-resnet
		-f1: 0.8931860036832413
		-auroc: 0.8803802945690865
2026-06-16 11:37:22 - __main__ - INFO - WCYKMVHQFDGRLITNEASP encoding is done for binary task with:
	-custom
		-f1: 0.8328502415458937
		-auroc: 0.8251792070801085
	-resnet
		-f1: 0.8801534036433365
		-auroc: 0.8733405995885176
2026-06-16 11:39:01 - __main__ - INFO - WCYKMVHQFDGRLITNEASP encoding is done for binary task with:
	-custom
		-f1: 0.8158640226628895
		-auroc: 0.8017781914372489
	-resnet
		-f1: 0.8813559322033898
		-auroc: 0.8714178994807484
2026-06-16 11:40:39 - __main__ - INFO - WCYKMVHQFDGRLITNEASP encoding is done for binary task with:
	-custom
		-f1: 0.8128654970760234
		-auroc: 0.8063951209953953
	-resnet
		-f1: 0.8333333333333334
		-auroc: 0.8471208484373469
2026-06-16 11:42:18 - __main__ - INFO - WCYKMVHQFDGRLITNEASP encoding is done for binary task with:
	-custom
		-f1: 0.8116760828625236
		-auroc: 0.7965775121648542
	-resnet
		-f1: 0.8248962655601659
		-auroc: 0.7785935305835865
2026-06-16 11:43:58 - __main__ - INFO - WCYKMVHQFDGRLITNEASP encoding is done for binary task with:
	-custom
		-f1: 0.8182701652089407
		-auroc: 0.8113080075764998
	-resnet
		-f1: 0.877431906614786
		-auroc: 0.8730487247313936
2026-06-16 11:45:36 - __main__ - INFO - WCYKMVHQFDGRLITNEASP encoding is done for binary task with:
	-custom
		-f1: 0.8145315487571702
		-auroc: 0.8034130988537278
	-resnet
		-f1: 0.8694029850746269
		-auroc: 0.8567792528003656
2026-06-16 11:47:14 - __main__ - INFO - WCYKMVHQFDGRLITNEASP encoding is done for binary task with:
	-custom
		-f1: 0.8192307692307692
		-auroc: 0.8097690310571176
	-resnet
		-f1: 0.8766603415559773
		-auroc: 0.8677561967277359
2026-06-16 11:48:53 - __main__ - INFO - WCYKMVHQFDGRLITNEASP encoding is done for binary task with:
	-custom
		-f1: 0.818613485280152
		-auroc: 0.806111410469939
	-resnet
		-f1: 0.8585944115156647
		-auroc: 0.8242443911041442
2026-06-16 11:50:34 - __main__ - INFO - WCYKMVHQFDGRLITNEASP encoding is done for binary task with:
	-custom
		-f1: 0.822627037392138
		-auroc: 0.8126592044675223
	-resnet
		-f1: 0.8680412371134021
		-auroc: 0.8738080075764998
2026-06-16 11:52:27 - __main__ - INFO - WCYKMVHQFDGRLITNEASP encoding is done for binary task with:
	-custom
		-f1: 0.8277189605389798
		-auroc: 0.8189192057738154
	-resnet
		-f1: 0.8893023255813953
		-auroc: 0.877873844747069
2026-06-16 11:54:20 - __main__ - INFO - WCYKMVHQFDGRLITNEASP encoding is done for binary task with:
	-custom
		-f1: 0.8222862632084534
		-auroc: 0.812755135364619
	-resnet
		-f1: 0.8834476003917727
		-auroc: 0.8804639789686817
2026-06-16 11:56:07 - __main__ - INFO - WCYKMVHQFDGRLITNEASP encoding is done for binary task with:
	-custom
		-f1: 0.8185328185328186
		-auroc: 0.8099608928513111
	-resnet
		-f1: 0.8918660287081339
		-auroc: 0.8853809477156199
2026-06-16 11:57:44 - __main__ - INFO - WCYKMVHQFDGRLITNEASP encoding is done for binary task with:
	-custom
		-f1: 0.8137535816618912
		-auroc: 0.8023537768198296
	-resnet
		-f1: 0.8246205733558178
		-auroc: 0.7825389438620554
2026-06-16 11:59:22 - __main__ - INFO - WCYKMVHQFDGRLITNEASP encoding is done for binary task with:
	-custom
		-f1: 0.825964252116651
		-auroc: 0.8116998954965547
	-resnet
		-f1: 0.86302780638517
		-auroc: 0.8687032592012018
2026-06-16 12:01:00 - __main__ - INFO - WCYKMVHQFDGRLITNEASP encoding is done for binary task with:
	-custom
		-f1: 0.8261287223823247
		-auroc: 0.8168005617060188
	-resnet
		-f1: 0.87776708373436
		-auroc: 0.8715097482120114
2026-06-16 12:02:37 - __main__ - INFO - WCYKMVHQFDGRLITNEASP encoding is done for binary task with:
	-custom
		-f1: 0.8172248803827751
		-auroc: 0.8064951340583261
	-resnet
		-f1: 0.8891013384321224
		-auroc: 0.8822989125110219
2026-06-16 12:04:14 - __main__ - INFO - WCYKMVHQFDGRLITNEASP encoding is done for binary task with:
	-custom
		-f1: 0.8265402843601896
		-auroc: 0.8141063322556417
	-resnet
		-f1: 0.8616187989556136
		-auroc: 0.8338701381404918
2026-06-16 12:05:51 - __main__ - INFO - WCYKMVHQFDGRLITNEASP encoding is done for binary task with:
	-custom
		-f1: 0.807909604519774
		-auroc: 0.7925320858234545
	-resnet
		-f1: 0.8709972552607502
		-auroc: 0.8547606217954997
2026-06-16 12:07:28 - __main__ - INFO - WCYKMVHQFDGRLITNEASP encoding is done for binary task with:
	-custom
		-f1: 0.8299319727891157
		-auroc: 0.8234442866006989
	-resnet
		-f1: 0.8809293320425944
		-auroc: 0.8758429672447013
2026-06-16 12:09:06 - __main__ - INFO - WCYKMVHQFDGRLITNEASP encoding is done for binary task with:
	-custom
		-f1: 0.821256038647343
		-auroc: 0.8130429280559094
	-resnet
		-f1: 0.881488736532811
		-auroc: 0.8784412657979817
2026-06-16 12:10:49 - __main__ - INFO - WCYKMVHQFDGRLITNEASP encoding is done for binary task with:
	-custom
		-f1: 0.813844714686623
		-auroc: 0.7972531106103653
	-resnet
		-f1: 0.8553971486761711
		-auroc: 0.8590734299990203
2026-06-16 12:12:28 - __main__ - INFO - WCYKMVHQFDGRLITNEASP encoding is done for binary task with:
	-custom
		-f1: 0.825426944971537
		-auroc: 0.81314294111884
	-resnet
		-f1: 0.8331830477908025
		-auroc: 0.8094934848633292
2026-06-16 12:14:05 - __main__ - INFO - WCYKMVHQFDGRLITNEASP encoding is done for binary task with:
	-custom
		-f1: 0.8148148148148148
		-auroc: 0.8020659841285392
	-resnet
		-f1: 0.8606485539000877
		-auroc: 0.8342538617288788
2026-06-16 12:15:43 - __main__ - INFO - WCYKMVHQFDGRLITNEASP encoding is done for binary task with:
	-custom
		-f1: 0.8263358778625954
		-auroc: 0.8154534469808301
	-resnet
		-f1: 0.8727272727272727
		-auroc: 0.8554362202410111
2026-06-16 12:17:19 - __main__ - INFO - WCYKMVHQFDGRLITNEASP encoding is done for binary task with:
	-custom
		-f1: 0.8225190839694656
		-auroc: 0.8114080206394305
	-resnet
		-f1: 0.8690591658583899
		-auroc: 0.863802619117599
2026-06-16 12:18:55 - __main__ - INFO - WCYKMVHQFDGRLITNEASP encoding is done for binary task with:
	-custom
		-f1: 0.8138195777351248
		-auroc: 0.8036049606479213
	-resnet
		-f1: 0.8714285714285714
		-auroc: 0.8504314849286438
2026-06-16 12:20:31 - __main__ - INFO - WCYKMVHQFDGRLITNEASP encoding is done for binary task with:
	-custom
		-f1: 0.8204633204633205
		-auroc: 0.811983606022011
	-resnet
		-f1: 0.8886810102899907
		-auroc: 0.8781616374383594
2026-06-16 12:22:07 - __main__ - INFO - WCYKMVHQFDGRLITNEASP encoding is done for binary task with:
	-custom
		-f1: 0.8113744075829384
		-auroc: 0.7979246268900427
	-resnet
		-f1: 0.875
		-auroc: 0.8684277130074133
2026-06-16 12:23:45 - __main__ - INFO - WCYKMVHQFDGRLITNEASP encoding is done for binary task with:
	-custom
		-f1: 0.819047619047619
		-auroc: 0.807266663400934
	-resnet
		-f1: 0.8627450980392157
		-auroc: 0.8402219881780478
2026-06-16 12:25:22 - __main__ - INFO - WCYKMVHQFDGRLITNEASP encoding is done for binary task with:
	-custom
		-f1: 0.8227360308285164
		-auroc: 0.8139103882956141
	-resnet
		-f1: 0.8702851885924563
		-auroc: 0.8550484144867901
2026-06-16 12:26:58 - __main__ - INFO - WCYKMVHQFDGRLITNEASP encoding is done for binary task with:
	-custom
		-f1: 0.8087954110898662
		-auroc: 0.7973449593416284
	-resnet
		-f1: 0.8480138169257341
		-auroc: 0.8162453871526076
2026-06-16 12:28:37 - __main__ - INFO - WCYKMVHQFDGRLITNEASP encoding is done for binary task with:
	-custom
		-f1: 0.8201712654614652
		-auroc: 0.8082300545377356
	-resnet
		-f1: 0.8744354110207768
		-auroc: 0.8561118186865224
2026-06-16 12:30:16 - __main__ - INFO - WCYKMVHQFDGRLITNEASP encoding is done for binary task with:
	-custom
		-f1: 0.825722273998136
		-auroc: 0.8091975278403709
	-resnet
		-f1: 0.8833172613307618
		-auroc: 0.8776738186212076
2026-06-16 12:31:54 - __main__ - INFO - WCYKMVHQFDGRLITNEASP encoding is done for binary task with:
	-custom
		-f1: 0.8262108262108262
		-auroc: 0.8142022631527382
	-resnet
		-f1: 0.8649173955296404
		-auroc: 0.8598531236732962
2026-06-16 12:33:31 - __main__ - INFO - WCYKMVHQFDGRLITNEASP encoding is done for binary task with:
	-custom
		-f1: 0.8342857142857143
		-auroc: 0.8234483687665328
	-resnet
		-f1: 0.8920454545454546
		-auroc: 0.883841971196238
2026-06-16 12:35:09 - __main__ - INFO - WCYKMVHQFDGRLITNEASP encoding is done for binary task with:
	-custom
		-f1: 0.8137535816618912
		-auroc: 0.8023537768198296
	-resnet
		-f1: 0.8952929875120077
		-auroc: 0.8896182358512131
2026-06-16 12:36:47 - __main__ - INFO - WCYKMVHQFDGRLITNEASP encoding is done for binary task with:
	-custom
		-f1: 0.8248803827751197
		-auroc: 0.8145859867411254
	-resnet
		-f1: 0.8067632850241546
		-auroc: 0.7474894680121486
2026-06-16 12:38:26 - __main__ - INFO - WCYKMVHQFDGRLITNEASP encoding is done for binary task with:
	-custom
		-f1: 0.8309726156751652
		-auroc: 0.8179598968028476
	-resnet
		-f1: 0.8723981900452489
		-auroc: 0.8541850364129193
2026-06-16 12:40:02 - __main__ - INFO - WCYKMVHQFDGRLITNEASP encoding is done for binary task with:
	-custom
		-f1: 0.8174077578051088
		-auroc: 0.8038968355050455
	-resnet
		-f1: 0.8834476003917727
		-auroc: 0.8804639789686817
2026-06-16 12:41:37 - __main__ - INFO - WCYKMVHQFDGRLITNEASP encoding is done for binary task with:
	-custom
		-f1: 0.8199233716475096
		-auroc: 0.8095771692629241
	-resnet
		-f1: 0.8817204301075269
		-auroc: 0.8783453349008851
2026-06-16 12:43:15 - __main__ - INFO - WCYKMVHQFDGRLITNEASP encoding is done for binary task with:
	-custom
		-f1: 0.8152380952380952
		-auroc: 0.8032212370595343
	-resnet
		-f1: 0.8795518207282913
		-auroc: 0.8679521406877633
2026-06-16 12:44:52 - __main__ - INFO - WCYKMVHQFDGRLITNEASP encoding is done for binary task with:
	-custom
		-f1: 0.8277830637488106
		-auroc: 0.8163209072205349
	-resnet
		-f1: 0.8858536585365854
		-auroc: 0.882294830345188
2026-06-16 12:46:28 - __main__ - INFO - WCYKMVHQFDGRLITNEASP encoding is done for binary task with:
	-custom
		-f1: 0.8276515151515151
		-auroc: 0.8150697233924431
	-resnet
		-f1: 0.85625
		-auroc: 0.8641740962084842
2026-06-16 12:48:05 - __main__ - INFO - WCYKMVHQFDGRLITNEASP encoding is done for binary task with:
	-custom
		-f1: 0.8126195028680688
		-auroc: 0.801390385683028
	-resnet
		-f1: 0.8815426997245179
		-auroc: 0.8670887626138926
2026-06-16 12:49:44 - __main__ - INFO - WCYKMVHQFDGRLITNEASP encoding is done for binary task with:
	-custom
		-f1: 0.8320610687022901
		-auroc: 0.8215215864929297
	-resnet
		-f1: 0.8619091751621872
		-auroc: 0.8473412853923777
2026-06-16 12:51:21 - __main__ - INFO - WCYKMVHQFDGRLITNEASP encoding is done for binary task with:
	-custom
		-f1: 0.8263358778625954
		-auroc: 0.8154534469808301
	-resnet
		-f1: 0.8675171736997056
		-auroc: 0.8643782045001797
2026-06-16 12:52:59 - __main__ - INFO - WCYKMVHQFDGRLITNEASP encoding is done for binary task with:
	-custom
		-f1: 0.8228571428571428
		-auroc: 0.8113120897423337
	-resnet
		-f1: 0.9010566762728146
		-auroc: 0.8956863753633127
2026-06-16 12:54:36 - __main__ - INFO - WCYKMVHQFDGRLITNEASP encoding is done for binary task with:
	-custom
		-f1: 0.8286252354048964
		-auroc: 0.8147819307011528
	-resnet
		-f1: 0.8872320596458527
		-auroc: 0.8759470624734659
2026-06-16 12:56:17 - __main__ - INFO - WCYKMVHQFDGRLITNEASP encoding is done for binary task with:
	-custom
		-f1: 0.8192307692307692
		-auroc: 0.8097690310571176
	-resnet
		-f1: 0.869140625
		-auroc: 0.8651497338427876
2026-06-16 12:57:53 - __main__ - INFO - WCYKMVHQFDGRLITNEASP encoding is done for binary task with:
	-custom
		-f1: 0.8141086749285034
		-auroc: 0.8022578459227329
	-resnet
		-f1: 0.869140625
		-auroc: 0.8651497338427876
2026-06-16 12:59:32 - __main__ - INFO - WCYKMVHQFDGRLITNEASP encoding is done for binary task with:
	-custom
		-f1: 0.8231884057971014
		-auroc: 0.8150656412266092
	-resnet
		-f1: 0.7964169381107492
		-auroc: 0.7380474184383267
2026-06-16 13:01:09 - __main__ - INFO - WCYKMVHQFDGRLITNEASP encoding is done for binary task with:
	-custom
		-f1: 0.8280499519692603
		-auroc: 0.8188232748767186
	-resnet
		-f1: 0.8568807339449541
		-auroc: 0.8397341693608962
2026-06-16 13:02:48 - __main__ - INFO - WCYKMVHQFDGRLITNEASP encoding is done for binary task with:
	-custom
		-f1: 0.8143939393939394
		-auroc: 0.8009107311975442
	-resnet
		-f1: 0.8731884057971014
		-auroc: 0.8552443584468176
2026-06-16 13:04:26 - __main__ - INFO - WCYKMVHQFDGRLITNEASP encoding is done for binary task with:
	-custom
		-f1: 0.8213944603629417
		-auroc: 0.810444629502629
	-resnet
		-f1: 0.8366124893071001
		-auroc: 0.8005474184383267
2026-06-16 13:06:03 - __main__ - INFO - WCYKMVHQFDGRLITNEASP encoding is done for binary task with:
	-custom
		-f1: 0.8286252354048964
		-auroc: 0.8147819307011528
	-resnet
		-f1: 0.8508863399374348
		-auroc: 0.8591652787302831
2026-06-16 13:07:42 - __main__ - INFO - WCYKMVHQFDGRLITNEASP encoding is done for binary task with:
	-custom
		-f1: 0.8235294117647058
		-auroc: 0.8072707455667679
	-resnet
		-f1: 0.8661257606490872
		-auroc: 0.8689951340583261
2026-06-16 13:09:21 - __main__ - INFO - WCYKMVHQFDGRLITNEASP encoding is done for binary task with:
	-custom
		-f1: 0.8116213683223993
		-auroc: 0.7953263283367624
	-resnet
		-f1: 0.87279843444227
		-auroc: 0.8692910910812841
2026-06-16 13:11:01 - __main__ - INFO - WCYKMVHQFDGRLITNEASP encoding is done for binary task with:
	-custom
		-f1: 0.8278457196613358
		-auroc: 0.8137226086672545
	-resnet
		-f1: 0.8698224852071006
		-auroc: 0.8676521014989713
2026-06-16 13:12:38 - __main__ - INFO - WCYKMVHQFDGRLITNEASP encoding is done for binary task with:
	-custom
		-f1: 0.826044703595724
		-auroc: 0.8193988602592993
	-resnet
		-f1: 0.8609680741503605
		-auroc: 0.8666805460305018
2026-06-16 13:14:17 - __main__ - INFO - WCYKMVHQFDGRLITNEASP encoding is done for binary task with:
	-custom
		-f1: 0.8244274809160306
		-auroc: 0.8134307338101303
	-resnet
		-f1: 0.8721804511278195
		-auroc: 0.8612084027301525
2026-06-16 13:15:54 - __main__ - INFO - WCYKMVHQFDGRLITNEASP encoding is done for binary task with:
	-custom
		-f1: 0.8185328185328186
		-auroc: 0.8099608928513111
	-resnet
		-f1: 0.8775710088148874
		-auroc: 0.8743958394565821
2026-06-16 13:17:31 - __main__ - INFO - WCYKMVHQFDGRLITNEASP encoding is done for binary task with:
	-custom
		-f1: 0.8248803827751197
		-auroc: 0.8145859867411254
	-resnet
		-f1: 0.8966789667896679
		-auroc: 0.8845216518075831
2026-06-16 13:19:08 - __main__ - INFO - WCYKMVHQFDGRLITNEASP encoding is done for binary task with:
	-custom
		-f1: 0.8163653663177926
		-auroc: 0.8041846281963358
	-resnet
		-f1: 0.8757281553398059
		-auroc: 0.870930080663597
2026-06-16 13:20:46 - __main__ - INFO - WCYKMVHQFDGRLITNEASP encoding is done for binary task with:
	-custom
		-f1: 0.817244611059044
		-auroc: 0.8013944678488619
	-resnet
		-f1: 0.8434782608695652
		-auroc: 0.8125836843995948
2026-06-16 13:22:22 - __main__ - INFO - WCYKMVHQFDGRLITNEASP encoding is done for binary task with:
	-custom
		-f1: 0.8254580520732884
		-auroc: 0.8169924235002123
	-resnet
		-f1: 0.8832684824902723
		-auroc: 0.879116864243493
2026-06-16 13:24:01 - __main__ - INFO - WCYKMVHQFDGRLITNEASP encoding is done for binary task with:
	-custom
		-f1: 0.8134957825679475
		-auroc: 0.7973490415074622
	-resnet
		-f1: 0.8719785138764548
		-auroc: 0.8515867378596387
2026-06-16 13:25:39 - __main__ - INFO - WCYKMVHQFDGRLITNEASP encoding is done for binary task with:
	-custom
		-f1: 0.8129770992366412
		-auroc: 0.8012944547859312
	-resnet
		-f1: 0.8647058823529412
		-auroc: 0.8612961692955815
2026-06-16 13:27:18 - __main__ - INFO - WCYKMVHQFDGRLITNEASP encoding is done for binary task with:
	-custom
		-f1: 0.8225352112676056
		-auroc: 0.8075585382580582
	-resnet
		-f1: 0.8650306748466258
		-auroc: 0.8693788576467131
2026-06-16 13:28:57 - __main__ - INFO - WCYKMVHQFDGRLITNEASP encoding is done for binary task with:
	-custom
		-f1: 0.8208530805687204
		-auroc: 0.808038192743542
	-resnet
		-f1: 0.857397504456328
		-auroc: 0.8341538486659482
2026-06-16 13:30:38 - __main__ - INFO - WCYKMVHQFDGRLITNEASP encoding is done for binary task with:
	-custom
		-f1: 0.8155893536121673
		-auroc: 0.8031253061624375
	-resnet
		-f1: 0.8839368616527391
		-auroc: 0.8717097743378727
2026-06-16 13:32:18 - __main__ - INFO - WCYKMVHQFDGRLITNEASP encoding is done for binary task with:
	-custom
		-f1: 0.8141086749285034
		-auroc: 0.8022578459227329
	-resnet
		-f1: 0.8721804511278195
		-auroc: 0.8612084027301525
2026-06-16 13:33:57 - __main__ - INFO - WCYKMVHQFDGRLITNEASP encoding is done for binary task with:
	-custom
		-f1: 0.8197343453510436
		-auroc: 0.8070748016067405
	-resnet
		-f1: 0.8829891838741396
		-auroc: 0.8806558407628752
2026-06-16 13:35:34 - __main__ - INFO - WCYKMVHQFDGRLITNEASP encoding is done for binary task with:
	-custom
		-f1: 0.8252427184466019
		-auroc: 0.818339538225401
	-resnet
		-f1: 0.8589174800354925
		-auroc: 0.8349253780085564
2026-06-16 13:37:15 - __main__ - INFO - WCYKMVHQFDGRLITNEASP encoding is done for binary task with:
	-custom
		-f1: 0.8216318785578748
		-auroc: 0.8090975147774404
	-resnet
		-f1: 0.8585961342828077
		-auroc: 0.8620595343065216
2026-06-16 13:38:52 - __main__ - INFO - WCYKMVHQFDGRLITNEASP encoding is done for binary task with:
	-custom
		-f1: 0.8252427184466019
		-auroc: 0.818339538225401
	-resnet
		-f1: 0.8674928503336511
		-auroc: 0.8588938147023284
2026-06-16 13:40:29 - __main__ - INFO - WCYKMVHQFDGRLITNEASP encoding is done for binary task with:
	-custom
		-f1: 0.8181818181818182
		-auroc: 0.8049561575389439
	-resnet
		-f1: 0.8847583643122676
		-auroc: 0.872769096371771
2026-06-16 13:42:07 - __main__ - INFO - WCYKMVHQFDGRLITNEASP encoding is done for binary task with:
	-custom
		-f1: 0.815311004784689
		-auroc: 0.8044724208876262
	-resnet
		-f1: 0.882
		-auroc: 0.8824826099735475
2026-06-16 13:43:47 - __main__ - INFO - WCYKMVHQFDGRLITNEASP encoding is done for binary task with:
	-custom
		-f1: 0.8205128205128205
		-auroc: 0.8081341236406387
	-resnet
		-f1: 0.8791002811621368
		-auroc: 0.8681440024819569
2026-06-16 13:45:27 - __main__ - INFO - WCYKMVHQFDGRLITNEASP encoding is done for binary task with:
	-custom
		-f1: 0.8211920529801324
		-auroc: 0.8079422618464452
	-resnet
		-f1: 0.8796208530805687
		-auroc: 0.8707423010352373
2026-06-16 13:47:06 - __main__ - INFO - WCYKMVHQFDGRLITNEASP encoding is done for binary task with:
	-custom
		-f1: 0.8271251193887297
		-auroc: 0.8165127690147285
	-resnet
		-f1: 0.8884578079534433
		-auroc: 0.8840297508245974
2026-06-16 13:48:46 - __main__ - INFO - WCYKMVHQFDGRLITNEASP encoding is done for binary task with:
	-custom
		-f1: 0.8303317535545024
		-auroc: 0.8181517585970414
	-resnet
		-f1: 0.8805394990366089
		-auroc: 0.8745917834166095
2026-06-16 13:50:26 - __main__ - INFO - WCYKMVHQFDGRLITNEASP encoding is done for binary task with:
	-custom
		-f1: 0.8220742150333016
		-auroc: 0.8102527677084355
	-resnet
		-f1: 0.8835041938490215
		-auroc: 0.8719016361320662
2026-06-16 13:52:06 - __main__ - INFO - WCYKMVHQFDGRLITNEASP encoding is done for binary task with:
	-custom
		-f1: 0.8351219512195122
		-auroc: 0.8297042879069919
	-resnet
		-f1: 0.8808080808080808
		-auroc: 0.8829622644590315
2026-06-16 13:53:55 - __main__ - INFO - WCYKMVHQFDGRLITNEASP encoding is done for binary task with:
	-custom
		-f1: 0.8174077578051088
		-auroc: 0.8038968355050455
	-resnet
		-f1: 0.8562564632885212
		-auroc: 0.8628269814832958
2026-06-16 13:55:41 - __main__ - INFO - WCYKMVHQFDGRLITNEASP encoding is done for binary task with:
	-custom
		-f1: 0.8263358778625954
		-auroc: 0.8154534469808301
	-resnet
		-f1: 0.8844317096466093
		-auroc: 0.8771941641357238
2026-06-16 13:57:22 - __main__ - INFO - WCYKMVHQFDGRLITNEASP encoding is done for binary task with:
	-custom
		-f1: 0.8220973782771536
		-auroc: 0.8064032853270631
	-resnet
		-f1: 0.882745471877979
		-auroc: 0.8750755200679272
2026-06-16 13:59:04 - __main__ - INFO - WCYKMVHQFDGRLITNEASP encoding is done for binary task with:
	-custom
		-f1: 0.816793893129771
		-auroc: 0.8053398811273309
	-resnet
		-f1: 0.8810226155358899
		-auroc: 0.8786331275921753
2026-06-16 14:00:54 - __main__ - INFO - WCYKMVHQFDGRLITNEASP encoding is done for binary task with:
	-custom
		-f1: 0.8192090395480226
		-auroc: 0.8046683648476535
	-resnet
		-f1: 0.8810656517602283
		-auroc: 0.8729568760001306
2026-06-16 14:02:42 - __main__ - INFO - WCYKMVHQFDGRLITNEASP encoding is done for binary task with:
	-custom
		-f1: 0.8126747437092264
		-auroc: 0.7950385356454721
	-resnet
		-f1: 0.8682634730538922
		-auroc: 0.8682276868815519
2026-06-16 14:04:22 - __main__ - INFO - WCYKMVHQFDGRLITNEASP encoding is done for binary task with:
	-custom
		-f1: 0.8222862632084534
		-auroc: 0.812755135364619
	-resnet
		-f1: 0.8862973760932945
		-auroc: 0.8821029685509943
2026-06-16 14:06:02 - __main__ - INFO - WCYKMVHQFDGRLITNEASP encoding is done for binary task with:
	-custom
		-f1: 0.821944177093359
		-auroc: 0.8128510662617159
	-resnet
		-f1: 0.8645038167938931
		-auroc: 0.855907710394827
2026-06-16 14:07:41 - __main__ - INFO - WCYKMVHQFDGRLITNEASP encoding is done for binary task with:
	-custom
		-f1: 0.8211920529801324
		-auroc: 0.8079422618464452
	-resnet
		-f1: 0.8901200369344414
		-auroc: 0.877490121158682
2026-06-16 14:09:20 - __main__ - INFO - WCYKMVHQFDGRLITNEASP encoding is done for binary task with:
	-custom
		-f1: 0.8131655372700871
		-auroc: 0.8050480062702068
	-resnet
		-f1: 0.8754646840148699
		-auroc: 0.8626555305182719
2026-06-16 14:11:00 - __main__ - INFO - WCYKMVHQFDGRLITNEASP encoding is done for binary task with:
	-custom
		-f1: 0.8272552783109405
		-auroc: 0.8177639528428202
	-resnet
		-f1: 0.8828996282527881
		-auroc: 0.8707463832010712
2026-06-16 14:12:37 - __main__ - INFO - WCYKMVHQFDGRLITNEASP encoding is done for binary task with:
	-custom
		-f1: 0.8123791102514507
		-auroc: 0.8039886842363084
	-resnet
		-f1: 0.8861712135465664
		-auroc: 0.8764267169589497
2026-06-16 14:14:16 - __main__ - INFO - WCYKMVHQFDGRLITNEASP encoding is done for binary task with:
	-custom
		-f1: 0.8174077578051088
		-auroc: 0.8038968355050455
	-resnet
		-f1: 0.8755846585594013
		-auroc: 0.8640026452434604
2026-06-16 14:15:54 - __main__ - INFO - WCYKMVHQFDGRLITNEASP encoding is done for binary task with:
	-custom
		-f1: 0.8194842406876791
		-auroc: 0.8084219163319291
	-resnet
		-f1: 0.8420153714773698
		-auroc: 0.8065196270533294
2026-06-16 14:17:32 - __main__ - INFO - WCYKMVHQFDGRLITNEASP encoding is done for binary task with:
	-custom
		-f1: 0.8330134357005758
		-auroc: 0.8238320923549197
	-resnet
		-f1: 0.8690265486725663
		-auroc: 0.8459064041017602
2026-06-16 14:19:11 - __main__ - INFO - WCYKMVHQFDGRLITNEASP encoding is done for binary task with:
	-custom
		-f1: 0.8095238095238095
		-auroc: 0.7971530975474348
	-resnet
		-f1: 0.8620037807183365
		-auroc: 0.8513826295679435
2026-06-16 14:20:48 - __main__ - INFO - WCYKMVHQFDGRLITNEASP encoding is done for binary task with:
	-custom
		-f1: 0.8157389635316699
		-auroc: 0.8056276738186212
	-resnet
		-f1: 0.8006456820016142
		-auroc: 0.7405538682603442
2026-06-16 14:22:28 - __main__ - INFO - WCYKMVHQFDGRLITNEASP encoding is done for binary task with:
	-custom
		-f1: 0.8135593220338984
		-auroc: 0.7986002253355541
	-resnet
		-f1: 0.8789323164918971
		-auroc: 0.8710300937265276
2026-06-16 14:24:04 - __main__ - INFO - WCYKMVHQFDGRLITNEASP encoding is done for binary task with:
	-custom
		-f1: 0.8182683158896289
		-auroc: 0.8062073413670358
	-resnet
		-f1: 0.8729064039408867
		-auroc: 0.8706382058064727
2026-06-16 14:25:43 - __main__ - INFO - WCYKMVHQFDGRLITNEASP encoding is done for binary task with:
	-custom
		-f1: 0.8238636363636364
		-auroc: 0.8110242970510433
	-resnet
		-f1: 0.8543342269883825
		-auroc: 0.8312636752555436
2026-06-16 14:27:21 - __main__ - INFO - WCYKMVHQFDGRLITNEASP encoding is done for binary task with:
	-custom
		-f1: 0.8180076628352491
		-auroc: 0.8075544560922243
	-resnet
		-f1: 0.8942937324602432
		-auroc: 0.8842297769504588
2026-06-16 14:28:59 - __main__ - INFO - WCYKMVHQFDGRLITNEASP encoding is done for binary task with:
	-custom
		-f1: 0.8171641791044776
		-auroc: 0.8001432840207701
	-resnet
		-f1: 0.8997188378631678
		-auroc: 0.8903938473596551
2026-06-16 14:30:38 - __main__ - INFO - WCYKMVHQFDGRLITNEASP encoding is done for binary task with:
	-custom
		-f1: 0.8265402843601896
		-auroc: 0.8141063322556417
	-resnet
		-f1: 0.8586572438162544
		-auroc: 0.8336741941804644
2026-06-16 14:32:15 - __main__ - INFO - WCYKMVHQFDGRLITNEASP encoding is done for binary task with:
	-custom
		-f1: 0.8179218303145853
		-auroc: 0.8063032722641325
	-resnet
		-f1: 0.8862164662349676
		-auroc: 0.873540625714379
2026-06-16 14:33:55 - __main__ - INFO - WCYKMVHQFDGRLITNEASP encoding is done for binary task with:
	-custom
		-f1: 0.815311004784689
		-auroc: 0.8044724208876262
	-resnet
		-f1: 0.8588709677419355
		-auroc: 0.8606164886842362
2026-06-16 14:35:34 - __main__ - INFO - WCYKMVHQFDGRLITNEASP encoding is done for binary task with:
	-custom
		-f1: 0.8213944603629417
		-auroc: 0.810444629502629
	-resnet
		-f1: 0.8850902184235517
		-auroc: 0.8769063714444335
2026-06-16 14:37:12 - __main__ - INFO - WCYKMVHQFDGRLITNEASP encoding is done for binary task with:
	-custom
		-f1: 0.811787072243346
		-auroc: 0.7990798798210379
	-resnet
		-f1: 0.8701421800947867
		-auroc: 0.8606287351817379
2026-06-16 14:38:52 - __main__ - INFO - WCYKMVHQFDGRLITNEASP encoding is done for binary task with:
	-custom
		-f1: 0.8201712654614652
		-auroc: 0.8082300545377356
	-resnet
		-f1: 0.873046875
		-auroc: 0.8691951601841874
2026-06-16 14:40:31 - __main__ - INFO - WCYKMVHQFDGRLITNEASP encoding is done for binary task with:
	-custom
		-f1: 0.8205128205128205
		-auroc: 0.8081341236406387
	-resnet
		-f1: 0.8746518105849582
		-auroc: 0.8615962084843735
2026-06-16 14:42:09 - __main__ - INFO - WCYKMVHQFDGRLITNEASP encoding is done for binary task with:
	-custom
		-f1: 0.8137535816618912
		-auroc: 0.8023537768198296
	-resnet
		-f1: 0.8775100401606426
		-auroc: 0.8786290454263413
2026-06-16 14:43:48 - __main__ - INFO - WCYKMVHQFDGRLITNEASP encoding is done for binary task with:
	-custom
		-f1: 0.8264150943396227
		-auroc: 0.8128551484275498
	-resnet
		-f1: 0.8695652173913043
		-auroc: 0.8718853074687306
2026-06-16 14:45:25 - __main__ - INFO - WCYKMVHQFDGRLITNEASP encoding is done for binary task with:
	-custom
		-f1: 0.8184383819379115
		-auroc: 0.8036090428137552
	-resnet
		-f1: 0.8198121263877028
		-auroc: 0.7802243558342314
2026-06-16 14:47:06 - __main__ - INFO - WCYKMVHQFDGRLITNEASP encoding is done for binary task with:
	-custom
		-f1: 0.8265895953757225
		-auroc: 0.8179558146370138
	-resnet
		-f1: 0.8729281767955801
		-auroc: 0.8581304496913882
2026-06-16 14:48:45 - __main__ - INFO - WCYKMVHQFDGRLITNEASP encoding is done for binary task with:
	-custom
		-f1: 0.8159392789373814
		-auroc: 0.8030293752653408
	-resnet
		-f1: 0.8825214899713467
		-auroc: 0.875171450965024
2026-06-16 14:50:25 - __main__ - INFO - WCYKMVHQFDGRLITNEASP encoding is done for binary task with:
	-custom
		-f1: 0.8070175438596491
		-auroc: 0.7864680284771888
	-resnet
		-f1: 0.854526958290946
		-auroc: 0.858014107965122
2026-06-16 14:52:03 - __main__ - INFO - WCYKMVHQFDGRLITNEASP encoding is done for binary task with:
	-custom
		-f1: 0.8238691049085659
		-auroc: 0.8148737794324156
	-resnet
		-f1: 0.8498683055311677
		-auroc: 0.8222135136017766
2026-06-16 14:53:43 - __main__ - INFO - WCYKMVHQFDGRLITNEASP encoding is done for binary task with:
	-custom
		-f1: 0.8178368121442126
		-auroc: 0.8050520884360406
	-resnet
		-f1: 0.8888888888888888
		-auroc: 0.8766226609189772
2026-06-16 14:55:22 - __main__ - INFO - WCYKMVHQFDGRLITNEASP encoding is done for binary task with:
	-custom
		-f1: 0.8203650336215178
		-auroc: 0.8107324221939192
	-resnet
		-f1: 0.8777372262773723
		-auroc: 0.8616962215473041
2026-06-16 14:57:01 - __main__ - INFO - WCYKMVHQFDGRLITNEASP encoding is done for binary task with:
	-custom
		-f1: 0.8201712654614652
		-auroc: 0.8082300545377356
	-resnet
		-f1: 0.892018779342723
		-auroc: 0.8823989255739526
2026-06-16 14:58:43 - __main__ - INFO - WCYKMVHQFDGRLITNEASP encoding is done for binary task with:
	-custom
		-f1: 0.8171428571428572
		-auroc: 0.8052439502302341
	-resnet
		-f1: 0.8829493087557604
		-auroc: 0.8693033375787858
2026-06-16 15:00:19 - __main__ - INFO - WCYKMVHQFDGRLITNEASP encoding is done for binary task with:
	-custom
		-f1: 0.8242074927953891
		-auroc: 0.8147778485353188
	-resnet
		-f1: 0.8800738007380073
		-auroc: 0.8663172332712845
2026-06-16 15:01:58 - __main__ - INFO - WCYKMVHQFDGRLITNEASP encoding is done for binary task with:
	-custom
		-f1: 0.8238636363636364
		-auroc: 0.8110242970510433
	-resnet
		-f1: 0.8813247470101196
		-auroc: 0.8671846935109891
2026-06-16 15:03:36 - __main__ - INFO - WCYKMVHQFDGRLITNEASP encoding is done for binary task with:
	-custom
		-f1: 0.8208092485549133
		-auroc: 0.8118876751249142
	-resnet
		-f1: 0.8753412192902639
		-auroc: 0.8585182554456092
2026-06-16 15:05:15 - __main__ - INFO - WCYKMVHQFDGRLITNEASP encoding is done for binary task with:
	-custom
		-f1: 0.8192090395480226
		-auroc: 0.8046683648476535
	-resnet
		-f1: 0.8432708688245315
		-auroc: 0.8073870872930342
2026-06-16 15:06:53 - __main__ - INFO - WCYKMVHQFDGRLITNEASP encoding is done for binary task with:
	-custom
		-f1: 0.8292220113851992
		-auroc: 0.8171883674602397
	-resnet
		-f1: 0.89171974522293
		-auroc: 0.876722673981908
2026-06-16 15:08:31 - __main__ - INFO - WCYKMVHQFDGRLITNEASP encoding is done for binary task with:
	-custom
		-f1: 0.8133704735376045
		-auroc: 0.7948466738512786
	-resnet
		-f1: 0.8717472118959108
		-auroc: 0.8586101041768721
2026-06-16 15:10:11 - __main__ - INFO - WCYKMVHQFDGRLITNEASP encoding is done for binary task with:
	-custom
		-f1: 0.8199233716475096
		-auroc: 0.8095771692629241
	-resnet
		-f1: 0.8792079207920792
		-auroc: 0.877957529146664
2026-06-16 15:11:48 - __main__ - INFO - WCYKMVHQFDGRLITNEASP encoding is done for binary task with:
	-custom
		-f1: 0.8264621284755513
		-auroc: 0.816704630808922
	-resnet
		-f1: 0.8659003831417624
		-auroc: 0.8581222853597203
2026-06-16 15:13:26 - __main__ - INFO - WCYKMVHQFDGRLITNEASP encoding is done for binary task with:
	-custom
		-f1: 0.8268482490272373
		-auroc: 0.8204581822931976
	-resnet
		-f1: 0.8884723523898782
		-auroc: 0.878257568335456
2026-06-16 15:15:03 - __main__ - INFO - WCYKMVHQFDGRLITNEASP encoding is done for binary task with:
	-custom
		-f1: 0.8197343453510436
		-auroc: 0.8070748016067405
	-resnet
		-f1: 0.8968105065666041
		-auroc: 0.8874077430521538
2026-06-16 15:16:40 - __main__ - INFO - WCYKMVHQFDGRLITNEASP encoding is done for binary task with:
	-custom
		-f1: 0.8187022900763359
		-auroc: 0.8073625942980308
	-resnet
		-f1: 0.8685403445149592
		-auroc: 0.8502355409686163
2026-06-16 15:18:18 - __main__ - INFO - WCYKMVHQFDGRLITNEASP encoding is done for binary task with:
	-custom
		-f1: 0.8163653663177926
		-auroc: 0.8041846281963358
	-resnet
		-f1: 0.8612099644128114
		-auroc: 0.8381033441102512
2026-06-16 15:19:57 - __main__ - INFO - WCYKMVHQFDGRLITNEASP encoding is done for binary task with:
	-custom
		-f1: 0.8187919463087249
		-auroc: 0.8086137781261227
	-resnet
		-f1: 0.87109375
		-auroc: 0.8671724470134875
2026-06-16 15:21:36 - __main__ - INFO - WCYKMVHQFDGRLITNEASP encoding is done for binary task with:
	-custom
		-f1: 0.8304431599229287
		-auroc: 0.8220012409784135
	-resnet
		-f1: 0.8861003861003861
		-auroc: 0.8807558538258058
2026-06-16 15:23:21 - __main__ - INFO - WCYKMVHQFDGRLITNEASP encoding is done for binary task with:
	-custom
		-f1: 0.8202676864244742
		-auroc: 0.8094812383658274
	-resnet
		-f1: 0.8502617801047121
		-auroc: 0.8593571405244766
2026-06-16 15:25:07 - __main__ - INFO - WCYKMVHQFDGRLITNEASP encoding is done for binary task with:
	-custom
		-f1: 0.8331726133076182
		-auroc: 0.8250832761830117
	-resnet
		-f1: 0.8650646950092421
		-auroc: 0.8502314588027824
2026-06-16 15:26:47 - __main__ - INFO - WCYKMVHQFDGRLITNEASP encoding is done for binary task with:
	-custom
		-f1: 0.8162878787878788
		-auroc: 0.8029334443682439
	-resnet
		-f1: 0.8847583643122676
		-auroc: 0.872769096371771
2026-06-16 15:28:26 - __main__ - INFO - WCYKMVHQFDGRLITNEASP encoding is done for binary task with:
	-custom
		-f1: 0.8073732718894009
		-auroc: 0.7863720975800922
	-resnet
		-f1: 0.8498683055311677
		-auroc: 0.8222135136017766
2026-06-16 15:30:05 - __main__ - INFO - WCYKMVHQFDGRLITNEASP encoding is done for binary task with:
	-custom
		-f1: 0.8264621284755513
		-auroc: 0.816704630808922
	-resnet
		-f1: 0.8539325842696629
		-auroc: 0.8233728486986054
2026-06-16 15:31:43 - __main__ - INFO - WCYKMVHQFDGRLITNEASP encoding is done for binary task with:
	-custom
		-f1: 0.8184438040345822
		-auroc: 0.8087097090232194
	-resnet
		-f1: 0.8798521256931608
		-auroc: 0.8664131641683811
2026-06-16 15:33:19 - __main__ - INFO - WCYKMVHQFDGRLITNEASP encoding is done for binary task with:
	-custom
		-f1: 0.8171428571428572
		-auroc: 0.8052439502302341
	-resnet
		-f1: 0.882466281310212
		-auroc: 0.8766144965873094
2026-06-16 15:34:59 - __main__ - INFO - WCYKMVHQFDGRLITNEASP encoding is done for binary task with:
	-custom
		-f1: 0.8257575757575758
		-auroc: 0.8130470102217433
	-resnet
		-f1: 0.876425855513308
		-auroc: 0.8678521276248325
2026-06-16 15:36:38 - __main__ - INFO - WCYKMVHQFDGRLITNEASP encoding is done for binary task with:
	-custom
		-f1: 0.8287081339712918
		-auroc: 0.8186314130825251
	-resnet
		-f1: 0.8689516129032258
		-auroc: 0.8707300545377356
2026-06-16 15:38:17 - __main__ - INFO - WCYKMVHQFDGRLITNEASP encoding is done for binary task with:
	-custom
		-f1: 0.8075117370892019
		-auroc: 0.7913768328924594
	-resnet
		-f1: 0.8590102707749766
		-auroc: 0.8457022958100651
2026-06-16 15:39:57 - __main__ - INFO - WCYKMVHQFDGRLITNEASP encoding is done for binary task with:
	-custom
		-f1: 0.8246445497630331
		-auroc: 0.8120836190849416
	-resnet
		-f1: 0.8742632612966601
		-auroc: 0.8715056660461775
2026-06-16 15:41:36 - __main__ - INFO - WCYKMVHQFDGRLITNEASP encoding is done for binary task with:
	-custom
		-f1: 0.8244422890397672
		-auroc: 0.8172802161915026
	-resnet
		-f1: 0.8800738007380073
		-auroc: 0.8663172332712845
2026-06-16 15:43:16 - __main__ - INFO - WCYKMVHQFDGRLITNEASP encoding is done for binary task with:
	-custom
		-f1: 0.8193236714975846
		-auroc: 0.8110202148852095
	-resnet
		-f1: 0.8816793893129771
		-auroc: 0.8741121289311258
2026-06-16 15:44:59 - __main__ - INFO - WCYKMVHQFDGRLITNEASP encoding is done for binary task with:
	-custom
		-f1: 0.8220502901353965
		-auroc: 0.8141022500898079
	-resnet
		-f1: 0.8748748748748749
		-auroc: 0.8754510793246465
2026-06-16 15:46:51 - __main__ - INFO - WCYKMVHQFDGRLITNEASP encoding is done for binary task with:
	-custom
		-f1: 0.8233009708737864
		-auroc: 0.8163168250547008
	-resnet
		-f1: 0.8820614469772051
		-auroc: 0.8810395643512623
2026-06-16 15:48:44 - __main__ - INFO - WCYKMVHQFDGRLITNEASP encoding is done for binary task with:
	-custom
		-f1: 0.8194842406876791
		-auroc: 0.8084219163319291
	-resnet
		-f1: 0.8693069306930693
		-auroc: 0.8678439632931648
2026-06-16 15:50:36 - __main__ - INFO - WCYKMVHQFDGRLITNEASP encoding is done for binary task with:
	-custom
		-f1: 0.8248803827751197
		-auroc: 0.8145859867411254
	-resnet
		-f1: 0.8354430379746836
		-auroc: 0.8465452630547663
2026-06-16 15:52:23 - __main__ - INFO - WCYKMVHQFDGRLITNEASP encoding is done for binary task with:
	-custom
		-f1: 0.815028901734104
		-auroc: 0.8058195356128147
	-resnet
		-f1: 0.8854368932038835
		-auroc: 0.8810436465170961
2026-06-16 15:54:14 - __main__ - INFO - WCYKMVHQFDGRLITNEASP encoding is done for binary task with:
	-custom
		-f1: 0.8139963167587477
		-auroc: 0.7934036282289931
	-resnet
		-f1: 0.8692380056444027
		-auroc: 0.8582222984226512
2026-06-16 15:55:58 - __main__ - INFO - WCYKMVHQFDGRLITNEASP encoding is done for binary task with:
	-custom
		-f1: 0.8205128205128205
		-auroc: 0.8081341236406387
	-resnet
		-f1: 0.8748824082784572
		-auroc: 0.8642904379347506
2026-06-16 15:57:49 - __main__ - INFO - WCYKMVHQFDGRLITNEASP encoding is done for binary task with:
	-custom
		-f1: 0.814176245210728
		-auroc: 0.8035090297508247
	-resnet
		-f1: 0.8781925343811395
		-auroc: 0.8755510923875771
2026-06-16 15:59:36 - __main__ - INFO - WCYKMVHQFDGRLITNEASP encoding is done for binary task with:
	-custom
		-f1: 0.8125594671741199
		-auroc: 0.8001392018549363
	-resnet
		-f1: 0.8658649398704903
		-auroc: 0.8512907808366807
2026-06-16 16:01:15 - __main__ - INFO - WCYKMVHQFDGRLITNEASP encoding is done for binary task with:
	-custom
		-f1: 0.8273866923818708
		-auroc: 0.8190151366709121
	-resnet
		-f1: 0.8719346049046321
		-auroc: 0.8543768982071128
2026-06-16 16:03:00 - __main__ - INFO - WCYKMVHQFDGRLITNEASP encoding is done for binary task with:
	-custom
		-f1: 0.8320610687022901
		-auroc: 0.8215215864929297
	-resnet
		-f1: 0.8745318352059925
		-auroc: 0.8630392541066588
2026-06-16 16:04:37 - __main__ - INFO - WCYKMVHQFDGRLITNEASP encoding is done for binary task with:
	-custom
		-f1: 0.8129770992366412
		-auroc: 0.8012944547859312
	-resnet
		-f1: 0.8763183125599233
		-auroc: 0.869295173247118
2026-06-16 16:06:18 - __main__ - INFO - WCYKMVHQFDGRLITNEASP encoding is done for binary task with:
	-custom
		-f1: 0.8211538461538461
		-auroc: 0.8117917442278175
	-resnet
		-f1: 0.8243243243243243
		-auroc: 0.7826348747591523
2026-06-16 16:07:55 - __main__ - INFO - WCYKMVHQFDGRLITNEASP encoding is done for binary task with:
	-custom
		-f1: 0.8257575757575758
		-auroc: 0.8130470102217433
	-resnet
		-f1: 0.8767908309455588
		-auroc: 0.8691033114529244
2026-06-16 16:09:35 - __main__ - INFO - WCYKMVHQFDGRLITNEASP encoding is done for binary task with:
	-custom
		-f1: 0.8235294117647058
		-auroc: 0.8111202279481402
	-resnet
		-f1: 0.7853736089030207
		-auroc: 0.7163813232748767
2026-06-16 16:11:15 - __main__ - INFO - WCYKMVHQFDGRLITNEASP encoding is done for binary task with:
	-custom
		-f1: 0.8166351606805293
		-auroc: 0.8028375134711473
	-resnet
		-f1: 0.8702702702702703
		-auroc: 0.8509111394141274
2026-06-16 16:12:50 - __main__ - INFO - WCYKMVHQFDGRLITNEASP encoding is done for binary task with:
	-custom
		-f1: 0.8148148148148148
		-auroc: 0.8020659841285392
	-resnet
		-f1: 0.8464163822525598
		-auroc: 0.8115284445315307
2026-06-16 16:14:28 - __main__ - INFO - WCYKMVHQFDGRLITNEASP encoding is done for binary task with:
	-custom
		-f1: 0.8142589118198874
		-auroc: 0.7984083635413606
	-resnet
		-f1: 0.8800792864222002
		-auroc: 0.8790168511805624
2026-06-16 16:16:09 - __main__ - INFO - WCYKMVHQFDGRLITNEASP encoding is done for binary task with:
	-custom
		-f1: 0.8263821532492726
		-auroc: 0.8193029293622024
	-resnet
		-f1: 0.8695652173913043
		-auroc: 0.8511989321054179
2026-06-16 16:17:49 - __main__ - INFO - WCYKMVHQFDGRLITNEASP encoding is done for binary task with:
	-custom
		-f1: 0.8213944603629417
		-auroc: 0.810444629502629
	-resnet
		-f1: 0.8214585079631181
		-auroc: 0.7771464027954671
2026-06-16 16:19:30 - __main__ - INFO - WCYKMVHQFDGRLITNEASP encoding is done for binary task with:
	-custom
		-f1: 0.8277830637488106
		-auroc: 0.8163209072205349
	-resnet
		-f1: 0.8540734109221128
		-auroc: 0.8313596061526405
2026-06-16 16:21:08 - __main__ - INFO - WCYKMVHQFDGRLITNEASP encoding is done for binary task with:
	-custom
		-f1: 0.8180076628352491
		-auroc: 0.8075544560922243
	-resnet
		-f1: 0.8184873949579832
		-auroc: 0.7742562293850623
2026-06-16 16:22:51 - __main__ - INFO - WCYKMVHQFDGRLITNEASP encoding is done for binary task with:
	-custom
		-f1: 0.8220502901353965
		-auroc: 0.8141022500898079
	-resnet
		-f1: 0.8876298394711992
		-auroc: 0.8786412919238431
2026-06-16 16:24:33 - __main__ - INFO - WCYKMVHQFDGRLITNEASP encoding is done for binary task with:
	-custom
		-f1: 0.8229665071770335
		-auroc: 0.8125632735704256
	-resnet
		-f1: 0.8263069139966274
		-auroc: 0.7845616570327554
2026-06-16 16:26:12 - __main__ - INFO - WCYKMVHQFDGRLITNEASP encoding is done for binary task with:
	-custom
		-f1: 0.8141923436041083
		-auroc: 0.7971571797132687
	-resnet
		-f1: 0.8498985801217038
		-auroc: 0.8528134286927272
2026-06-16 16:27:51 - __main__ - INFO - WCYKMVHQFDGRLITNEASP encoding is done for binary task with:
	-custom
		-f1: 0.8136234626300851
		-auroc: 0.7998514091636458
	-resnet
		-f1: 0.8875968992248062
		-auroc: 0.8829704287906992
2026-06-16 16:29:28 - __main__ - INFO - WCYKMVHQFDGRLITNEASP encoding is done for binary task with:
	-custom
		-f1: 0.8177434908389586
		-auroc: 0.8089015708174128
	-resnet
		-f1: 0.8768472906403941
		-auroc: 0.8746836321478724
2026-06-16 16:31:04 - __main__ - INFO - WCYKMVHQFDGRLITNEASP encoding is done for binary task with:
	-custom
		-f1: 0.8215297450424929
		-auroc: 0.8078463309493484
	-resnet
		-f1: 0.8757281553398059
		-auroc: 0.870930080663597
2026-06-16 16:32:40 - __main__ - INFO - WCYKMVHQFDGRLITNEASP encoding is done for binary task with:
	-custom
		-f1: 0.8199233716475096
		-auroc: 0.8095771692629241
	-resnet
		-f1: 0.8698284561049445
		-auroc: 0.8717893765716339
2026-06-16 16:34:18 - __main__ - INFO - WCYKMVHQFDGRLITNEASP encoding is done for binary task with:
	-custom
		-f1: 0.8383349467570184
		-auroc: 0.8313432774893048
	-resnet
		-f1: 0.8869895536562203
		-auroc: 0.8789290846151334
2026-06-16 16:35:55 - __main__ - INFO - WCYKMVHQFDGRLITNEASP encoding is done for binary task with:
	-custom
		-f1: 0.815515610217597
		-auroc: 0.8018741223343457
	-resnet
		-f1: 0.8457350272232305
		-auroc: 0.8249995917834166
2026-06-16 16:37:32 - __main__ - INFO - WCYKMVHQFDGRLITNEASP encoding is done for binary task with:
	-custom
		-f1: 0.815442561205273
		-auroc: 0.8006229385062539
	-resnet
		-f1: 0.853852967227635
		-auroc: 0.82876130759936
2026-06-16 16:39:10 - __main__ - INFO - WCYKMVHQFDGRLITNEASP encoding is done for binary task with:
	-custom
		-f1: 0.8174077578051088
		-auroc: 0.8038968355050455
	-resnet
		-f1: 0.8683974932855864
		-auroc: 0.847541311518239
2026-06-16 16:40:47 - __main__ - INFO - WCYKMVHQFDGRLITNEASP encoding is done for binary task with:
	-custom
		-f1: 0.8143939393939394
		-auroc: 0.8009107311975442
	-resnet
		-f1: 0.8561151079136691
		-auroc: 0.834633503151432
2026-06-16 16:42:25 - __main__ - INFO - WCYKMVHQFDGRLITNEASP encoding is done for binary task with:
	-custom
		-f1: 0.8175865294667914
		-auroc: 0.801298536951765
	-resnet
		-f1: 0.8694798822374877
		-auroc: 0.8664009176708795
2026-06-16 16:44:02 - __main__ - INFO - WCYKMVHQFDGRLITNEASP encoding is done for binary task with:
	-custom
		-f1: 0.832046332046332
		-auroc: 0.8241198850462101
	-resnet
		-f1: 0.8747628083491461
		-auroc: 0.8657334835570359
2026-06-16 16:45:40 - __main__ - INFO - WCYKMVHQFDGRLITNEASP encoding is done for binary task with:
	-custom
		-f1: 0.8265402843601896
		-auroc: 0.8141063322556417
	-resnet
		-f1: 0.8821811100292113
		-auroc: 0.8781534731066913
2026-06-16 16:47:17 - __main__ - INFO - WCYKMVHQFDGRLITNEASP encoding is done for binary task with:
	-custom
		-f1: 0.8220742150333016
		-auroc: 0.8102527677084355
	-resnet
		-f1: 0.8895027624309392
		-auroc: 0.876334868227687
2026-06-16 16:48:54 - __main__ - INFO - WCYKMVHQFDGRLITNEASP encoding is done for binary task with:
	-custom
		-f1: 0.8205128205128205
		-auroc: 0.8081341236406387
	-resnet
		-f1: 0.8690909090909091
		-auroc: 0.8513907938996114
2026-06-16 16:50:32 - __main__ - INFO - WCYKMVHQFDGRLITNEASP encoding is done for binary task with:
	-custom
		-f1: 0.8362235067437379
		-auroc: 0.828069380490513
	-resnet
		-f1: 0.8716475095785441
		-auroc: 0.86419042487182
2026-06-16 16:52:10 - __main__ - INFO - WCYKMVHQFDGRLITNEASP encoding is done for binary task with:
	-custom
		-f1: 0.8225190839694656
		-auroc: 0.8114080206394305
	-resnet
		-f1: 0.887189292543021
		-auroc: 0.8802761993403221
2026-06-16 16:53:47 - __main__ - INFO - WCYKMVHQFDGRLITNEASP encoding is done for binary task with:
	-custom
		-f1: 0.8198284080076264
		-auroc: 0.8083259854348324
	-resnet
		-f1: 0.8793418647166362
		-auroc: 0.8638148656151008
2026-06-16 16:55:25 - __main__ - INFO - WCYKMVHQFDGRLITNEASP encoding is done for binary task with:
	-custom
		-f1: 0.8166828322017459
		-auroc: 0.8091893635087032
	-resnet
		-f1: 0.8848594741613781
		-auroc: 0.868439959504915
2026-06-16 16:57:03 - __main__ - INFO - WCYKMVHQFDGRLITNEASP encoding is done for binary task with:
	-custom
		-f1: 0.8262910798122066
		-auroc: 0.8116039645994578
	-resnet
		-f1: 0.8869895536562203
		-auroc: 0.8789290846151334
2026-06-16 16:58:39 - __main__ - INFO - WCYKMVHQFDGRLITNEASP encoding is done for binary task with:
	-custom
		-f1: 0.8208092485549133
		-auroc: 0.8118876751249142
	-resnet
		-f1: 0.8849557522123894
		-auroc: 0.882678553933575
2026-06-16 17:00:16 - __main__ - INFO - WCYKMVHQFDGRLITNEASP encoding is done for binary task with:
	-custom
		-f1: 0.8218111002921129
		-auroc: 0.8154493648149962
	-resnet
		-f1: 0.8788159111933395
		-auroc: 0.8654497730315797
2026-06-16 17:01:53 - __main__ - INFO - WCYKMVHQFDGRLITNEASP encoding is done for binary task with:
	-custom
		-f1: 0.8145315487571702
		-auroc: 0.8034130988537278
	-resnet
		-f1: 0.7861635220125787
		-auroc: 0.7136870938244995
2026-06-16 17:03:29 - __main__ - INFO - WCYKMVHQFDGRLITNEASP encoding is done for binary task with:
	-custom
		-f1: 0.8166828322017459
		-auroc: 0.8091893635087032
	-resnet
		-f1: 0.8813868613138686
		-auroc: 0.8657416478887038
2026-06-16 17:05:05 - __main__ - INFO - WCYKMVHQFDGRLITNEASP encoding is done for binary task with:
	-custom
		-f1: 0.8278529980657641
		-auroc: 0.8201703896019071
	-resnet
		-f1: 0.8669275929549902
		-auroc: 0.8632229515691845
2026-06-16 17:06:40 - __main__ - INFO - WCYKMVHQFDGRLITNEASP encoding is done for binary task with:
	-custom
		-f1: 0.822627037392138
		-auroc: 0.8126592044675223
	-resnet
		-f1: 0.875
		-auroc: 0.8600572319649913
2026-06-16 17:08:18 - __main__ - INFO - WCYKMVHQFDGRLITNEASP encoding is done for binary task with:
	-custom
		-f1: 0.8257940327237728
		-auroc: 0.8168964926031154
	-resnet
		-f1: 0.8846153846153846
		-auroc: 0.8699789360242971
2026-06-16 17:09:52 - __main__ - INFO - WCYKMVHQFDGRLITNEASP encoding is done for binary task with:
	-custom
		-f1: 0.8157389635316699
		-auroc: 0.8056276738186212
	-resnet
		-f1: 0.8672727272727273
		-auroc: 0.8493680807289117
2026-06-16 17:11:31 - __main__ - INFO - WCYKMVHQFDGRLITNEASP encoding is done for binary task with:
	-custom
		-f1: 0.8149568552253116
		-auroc: 0.804568351784723
	-resnet
		-f1: 0.8870673952641166
		-auroc: 0.8717138565037066
2026-06-16 17:13:16 - __main__ - INFO - WCYKMVHQFDGRLITNEASP encoding is done for binary task with:
	-custom
		-f1: 0.8173076923076923
		-auroc: 0.8077463178864179
	-resnet
		-f1: 0.8418323249783924
		-auroc: 0.8092138565037066
2026-06-16 17:15:06 - __main__ - INFO - WCYKMVHQFDGRLITNEASP encoding is done for binary task with:
	-custom
		-f1: 0.8239845261121856
		-auroc: 0.8161249632605074
	-resnet
		-f1: 0.8927589367552704
		-auroc: 0.8791291107409948
2026-06-16 17:16:47 - __main__ - INFO - WCYKMVHQFDGRLITNEASP encoding is done for binary task with:
	-custom
		-f1: 0.8168744007670182
		-auroc: 0.8065910649554228
	-resnet
		-f1: 0.8706512042818911
		-auroc: 0.8493721628947455
2026-06-16 17:18:28 - __main__ - INFO - WCYKMVHQFDGRLITNEASP encoding is done for binary task with:
	-custom
		-f1: 0.8187022900763359
		-auroc: 0.8073625942980308
	-resnet
		-f1: 0.8787010506208214
		-auroc: 0.8711260246236243
2026-06-16 17:20:06 - __main__ - INFO - WCYKMVHQFDGRLITNEASP encoding is done for binary task with:
	-custom
		-f1: 0.8233046800382043
		-auroc: 0.8124673426733288
	-resnet
		-f1: 0.8897411313518696
		-auroc: 0.883454165442017
2026-06-16 17:21:48 - __main__ - INFO - WCYKMVHQFDGRLITNEASP encoding is done for binary task with:
	-custom
		-f1: 0.8216318785578748
		-auroc: 0.8090975147774404
	-resnet
		-f1: 0.891941391941392
		-auroc: 0.8780697887070965
2026-06-16 17:23:30 - __main__ - INFO - WCYKMVHQFDGRLITNEASP encoding is done for binary task with:
	-custom
		-f1: 0.8169811320754717
		-auroc: 0.8027415825740505
	-resnet
		-f1: 0.8817598533455545
		-auroc: 0.8669928317167956
2026-06-16 17:25:10 - __main__ - INFO - WCYKMVHQFDGRLITNEASP encoding is done for binary task with:
	-custom
		-f1: 0.8200757575757576
		-auroc: 0.8069788707096438
	-resnet
		-f1: 0.8689275893675527
		-auroc: 0.8528338395218966
2026-06-16 17:26:50 - __main__ - INFO - WCYKMVHQFDGRLITNEASP encoding is done for binary task with:
	-custom
		-f1: 0.8325449385052034
		-auroc: 0.8200785408706442
	-resnet
		-f1: 0.8746518105849582
		-auroc: 0.8615962084843735
2026-06-16 17:28:29 - __main__ - INFO - WCYKMVHQFDGRLITNEASP encoding is done for binary task with:
	-custom
		-f1: 0.8138862102217936
		-auroc: 0.8048561444760131
	-resnet
		-f1: 0.8811700182815356
		-auroc: 0.8658375787858006
2026-06-16 17:30:08 - __main__ - INFO - WCYKMVHQFDGRLITNEASP encoding is done for binary task with:
	-custom
		-f1: 0.8060836501901141
		-auroc: 0.7930117403089384
	-resnet
		-f1: 0.884871550903901
		-auroc: 0.8770023023415303
2026-06-16 17:31:46 - __main__ - INFO - WCYKMVHQFDGRLITNEASP encoding is done for binary task with:
	-custom
		-f1: 0.8236415633937083
		-auroc: 0.8123714117762321
	-resnet
		-f1: 0.8762088974854932
		-auroc: 0.8707382188694034
2026-06-16 17:33:25 - __main__ - INFO - WCYKMVHQFDGRLITNEASP encoding is done for binary task with:
	-custom
		-f1: 0.8224121557454891
		-auroc: 0.8101568368113387
	-resnet
		-f1: 0.8765880217785844
		-auroc: 0.859385715685314
2026-06-16 17:35:05 - __main__ - INFO - WCYKMVHQFDGRLITNEASP encoding is done for binary task with:
	-custom
		-f1: 0.8136882129277566
		-auroc: 0.8011025929917377
	-resnet
		-f1: 0.8292682926829268
		-auroc: 0.8417283073707587
2026-06-16 17:36:45 - __main__ - INFO - WCYKMVHQFDGRLITNEASP encoding is done for binary task with:
	-custom
		-f1: 0.8227488151658767
		-auroc: 0.810060905914242
	-resnet
		-f1: 0.8217179902755267
		-auroc: 0.7681003233075341
2026-06-16 17:38:23 - __main__ - INFO - WCYKMVHQFDGRLITNEASP encoding is done for binary task with:
	-custom
		-f1: 0.8194842406876791
		-auroc: 0.8084219163319291
	-resnet
		-f1: 0.8336192109777015
		-auroc: 0.797657245027922
2026-06-16 17:40:00 - __main__ - INFO - WCYKMVHQFDGRLITNEASP encoding is done for binary task with:
	-custom
		-f1: 0.8212927756653993
		-auroc: 0.8091934456745371
	-resnet
		-f1: 0.8673765730880929
		-auroc: 0.8616839750498023
2026-06-16 17:41:41 - __main__ - INFO - WCYKMVHQFDGRLITNEASP encoding is done for binary task with:
	-custom
		-f1: 0.8228460793804453
		-auroc: 0.815161572123706
	-resnet
		-f1: 0.8118323746918652
		-auroc: 0.7598135266647073
2026-06-16 17:43:19 - __main__ - INFO - WCYKMVHQFDGRLITNEASP encoding is done for binary task with:
	-custom
		-f1: 0.8150234741784037
		-auroc: 0.7994676855752587
	-resnet
		-f1: 0.8759259259259259
		-auroc: 0.8624636687240784
2026-06-16 17:44:58 - __main__ - INFO - WCYKMVHQFDGRLITNEASP encoding is done for binary task with:
	-custom
		-f1: 0.8164435946462715
		-auroc: 0.8054358120244277
	-resnet
		-f1: 0.8816793893129771
		-auroc: 0.8741121289311258
2026-06-16 17:46:39 - __main__ - INFO - WCYKMVHQFDGRLITNEASP encoding is done for binary task with:
	-custom
		-f1: 0.8204633204633205
		-auroc: 0.811983606022011
	-resnet
		-f1: 0.8618481244281794
		-auroc: 0.8446470559420006
2026-06-16 17:48:19 - __main__ - INFO - WCYKMVHQFDGRLITNEASP encoding is done for binary task with:
	-custom
		-f1: 0.8274547187797903
		-auroc: 0.8164168381176317
	-resnet
		-f1: 0.8895184135977338
		-auroc: 0.880664005094543
2026-06-16 17:49:57 - __main__ - INFO - WCYKMVHQFDGRLITNEASP encoding is done for binary task with:
	-custom
		-f1: 0.8193916349809885
		-auroc: 0.8071707325038373
	-resnet
		-f1: 0.8924833491912464
		-auroc: 0.8850931550243297
2026-06-16 17:51:45 - __main__ - INFO - WCYKMVHQFDGRLITNEASP encoding is done for binary task with:
	-custom
		-f1: 0.8160919540229885
		-auroc: 0.8055317429215244
	-resnet
		-f1: 0.8777372262773723
		-auroc: 0.8616962215473041
2026-06-16 17:53:27 - __main__ - INFO - WCYKMVHQFDGRLITNEASP encoding is done for binary task with:
	-custom
		-f1: 0.8137535816618912
		-auroc: 0.8023537768198296
	-resnet
		-f1: 0.8762420957542909
		-auroc: 0.8581345318572221
2026-06-16 17:55:05 - __main__ - INFO - WCYKMVHQFDGRLITNEASP encoding is done for binary task with:
	-custom
		-f1: 0.8200192492781521
		-auroc: 0.810828353091016
	-resnet
		-f1: 0.8294314381270903
		-auroc: 0.7861047157179714
2026-06-16 17:56:46 - __main__ - INFO - WCYKMVHQFDGRLITNEASP encoding is done for binary task with:
	-custom
		-f1: 0.8180112570356473
		-auroc: 0.8024537898827602
	-resnet
		-f1: 0.8848368522072937
		-auroc: 0.8784453479638157
2026-06-16 17:58:24 - __main__ - INFO - WCYKMVHQFDGRLITNEASP encoding is done for binary task with:
	-custom
		-f1: 0.8216007714561234
		-auroc: 0.8129469971588126
	-resnet
		-f1: 0.8541484716157205
		-auroc: 0.8259711472518859
2026-06-16 18:00:03 - __main__ - INFO - WCYKMVHQFDGRLITNEASP encoding is done for binary task with:
	-custom
		-f1: 0.8304431599229287
		-auroc: 0.8220012409784135
	-resnet
		-f1: 0.8725663716814159
		-auroc: 0.8499518304431599
2026-06-16 18:01:41 - __main__ - INFO - WCYKMVHQFDGRLITNEASP encoding is done for binary task with:
	-custom
		-f1: 0.8217054263565892
		-auroc: 0.8141981809869043
	-resnet
		-f1: 0.8786127167630058
		-auroc: 0.8725690702459097
2026-06-16 18:03:26 - __main__ - INFO - WCYKMVHQFDGRLITNEASP encoding is done for binary task with:
	-custom
		-f1: 0.8263358778625954
		-auroc: 0.8154534469808301
	-resnet
		-f1: 0.8826923076923077
		-auroc: 0.8765185656902126
2026-06-16 18:05:08 - __main__ - INFO - WCYKMVHQFDGRLITNEASP encoding is done for binary task with:
	-custom
		-f1: 0.8146718146718147
		-auroc: 0.8059154665099114
	-resnet
		-f1: 0.8960915157292659
		-auroc: 0.8892345122628262
2026-06-16 18:06:47 - __main__ - INFO - WCYKMVHQFDGRLITNEASP encoding is done for binary task with:
	-custom
		-f1: 0.8131021194605009
		-auroc: 0.8037968224421148
	-resnet
		-f1: 0.8753568030447193
		-auroc: 0.8668887364880311
2026-06-16 18:08:24 - __main__ - INFO - WCYKMVHQFDGRLITNEASP encoding is done for binary task with:
	-custom
		-f1: 0.8205625606207565
		-auroc: 0.8132347898501029
	-resnet
		-f1: 0.8499496475327291
		-auroc: 0.8514663139675385
2026-06-16 18:10:02 - __main__ - INFO - WCYKMVHQFDGRLITNEASP encoding is done for binary task with:
	-custom
		-f1: 0.8246628131021194
		-auroc: 0.8159331014663138
	-resnet
		-f1: 0.87569573283859
		-auroc: 0.8625595996211749
2026-06-16 18:11:39 - __main__ - INFO - WCYKMVHQFDGRLITNEASP encoding is done for binary task with:
	-custom
		-f1: 0.8181818181818182
		-auroc: 0.8049561575389439
	-resnet
		-f1: 0.8795620437956204
		-auroc: 0.863718934718004
2026-06-16 18:13:17 - __main__ - INFO - WCYKMVHQFDGRLITNEASP encoding is done for binary task with:
	-custom
		-f1: 0.8207024029574861
		-auroc: 0.8016863427059862
	-resnet
		-f1: 0.885024154589372
		-auroc: 0.8797924626890044
2026-06-16 18:14:55 - __main__ - INFO - WCYKMVHQFDGRLITNEASP encoding is done for binary task with:
	-custom
		-f1: 0.8159851301115242
		-auroc: 0.7979287090558767
	-resnet
		-f1: 0.8859060402684564
		-auroc: 0.8794087391006172
2026-06-16 18:16:34 - __main__ - INFO - WCYKMVHQFDGRLITNEASP encoding is done for binary task with:
	-custom
		-f1: 0.816247582205029
		-auroc: 0.808034110577708
	-resnet
		-f1: 0.8154506437768241
		-auroc: 0.7764667221841219
2026-06-16 18:18:13 - __main__ - INFO - WCYKMVHQFDGRLITNEASP encoding is done for binary task with:
	-custom
		-f1: 0.8173258003766478
		-auroc: 0.8026456516769538
	-resnet
		-f1: 0.8788990825688073
		-auroc: 0.8640067274092942
2026-06-16 18:19:52 - __main__ - INFO - WCYKMVHQFDGRLITNEASP encoding is done for binary task with:
	-custom
		-f1: 0.8174904942965779
		-auroc: 0.8051480193331374
	-resnet
		-f1: 0.8848015488867377
		-auroc: 0.879888393586101
2026-06-16 18:21:32 - __main__ - INFO - WCYKMVHQFDGRLITNEASP encoding is done for binary task with:
	-custom
		-f1: 0.8003714020427113
		-auroc: 0.7806876816563796
	-resnet
		-f1: 0.8358714043993232
		-auroc: 0.7968897978511478
2026-06-16 18:23:23 - __main__ - INFO - WCYKMVHQFDGRLITNEASP encoding is done for binary task with:
	-custom
		-f1: 0.8156638013371538
		-auroc: 0.8043764899905295
	-resnet
		-f1: 0.8641049671977507
		-auroc: 0.851962297116358
2026-06-16 18:25:07 - __main__ - INFO - WCYKMVHQFDGRLITNEASP encoding is done for binary task with:
	-custom
		-f1: 0.8201712654614652
		-auroc: 0.8082300545377356
	-resnet
		-f1: 0.8794063079777366
		-auroc: 0.8666050259625747
2026-06-16 18:26:56 - __main__ - INFO - WCYKMVHQFDGRLITNEASP encoding is done for binary task with:
	-custom
		-f1: 0.8238636363636364
		-auroc: 0.8110242970510433
	-resnet
		-f1: 0.8704566635601119
		-auroc: 0.8577426439371671
2026-06-16 18:28:49 - __main__ - INFO - WCYKMVHQFDGRLITNEASP encoding is done for binary task with:
	-custom
		-f1: 0.8191387559808613
		-auroc: 0.8085178472290259
	-resnet
		-f1: 0.8811320754716981
		-auroc: 0.8715138303778452
2026-06-16 18:30:37 - __main__ - INFO - WCYKMVHQFDGRLITNEASP encoding is done for binary task with:
	-custom
		-f1: 0.8143939393939394
		-auroc: 0.8009107311975442
	-resnet
		-f1: 0.8649138712601995
		-auroc: 0.8461901146272167
2026-06-16 18:32:15 - __main__ - INFO - WCYKMVHQFDGRLITNEASP encoding is done for binary task with:
	-custom
		-f1: 0.8171428571428572
		-auroc: 0.8052439502302341
	-resnet
		-f1: 0.8828828828828829
		-auroc: 0.8835419320074459
2026-06-16 18:33:55 - __main__ - INFO - WCYKMVHQFDGRLITNEASP encoding is done for binary task with:
	-custom
		-f1: 0.8302972195589645
		-auroc: 0.8207500571503217
	-resnet
		-f1: 0.8723981900452489
		-auroc: 0.8541850364129193
2026-06-16 18:35:43 - __main__ - INFO - WCYKMVHQFDGRLITNEASP encoding is done for binary task with:
	-custom
		-f1: 0.8155893536121673
		-auroc: 0.8031253061624375
	-resnet
		-f1: 0.8813229571984436
		-auroc: 0.8770941510727931
2026-06-16 18:37:34 - __main__ - INFO - WCYKMVHQFDGRLITNEASP encoding is done for binary task with:
	-custom
		-f1: 0.8260038240917782
		-auroc: 0.8155493778779269
	-resnet
		-f1: 0.8616915422885573
		-auroc: 0.8610042944384573
2026-06-16 18:39:24 - __main__ - INFO - WCYKMVHQFDGRLITNEASP encoding is done for binary task with:
	-custom
		-f1: 0.8225024248302619
		-auroc: 0.8152575030208027
	-resnet
		-f1: 0.8733153638814016
		-auroc: 0.8538013128245321
2026-06-16 18:41:12 - __main__ - INFO - WCYKMVHQFDGRLITNEASP encoding is done for binary task with:
	-custom
		-f1: 0.8212927756653993
		-auroc: 0.8091934456745371
	-resnet
		-f1: 0.8648648648648649
		-auroc: 0.8653375134711474
2026-06-16 18:43:03 - __main__ - INFO - WCYKMVHQFDGRLITNEASP encoding is done for binary task with:
	-custom
		-f1: 0.8199233716475096
		-auroc: 0.8095771692629241
	-resnet
		-f1: 0.8694779116465864
		-auroc: 0.870538192743542
2026-06-16 18:44:44 - __main__ - INFO - WCYKMVHQFDGRLITNEASP encoding is done for binary task with:
	-custom
		-f1: 0.8192307692307692
		-auroc: 0.8097690310571176
	-resnet
		-f1: 0.8772946859903382
		-auroc: 0.8717016100062049
2026-06-16 18:46:28 - __main__ - INFO - WCYKMVHQFDGRLITNEASP encoding is done for binary task with:
	-custom
		-f1: 0.8256704980842912
		-auroc: 0.8156453087750236
	-resnet
		-f1: 0.8888888888888888
		-auroc: 0.8867239802749747
2026-06-16 18:48:10 - __main__ - INFO - WCYKMVHQFDGRLITNEASP encoding is done for binary task with:
	-custom
		-f1: 0.815028901734104
		-auroc: 0.8058195356128147
	-resnet
		-f1: 0.8599605522682445
		-auroc: 0.8575385356454721
2026-06-16 18:49:58 - __main__ - INFO - WCYKMVHQFDGRLITNEASP encoding is done for binary task with:
	-custom
		-f1: 0.8241965973534972
		-auroc: 0.8109283661539467
	-resnet
		-f1: 0.8953817153628653
		-auroc: 0.8866362137095458
2026-06-16 18:51:42 - __main__ - INFO - WCYKMVHQFDGRLITNEASP encoding is done for binary task with:
	-custom
		-f1: 0.8217054263565892
		-auroc: 0.8141981809869043
	-resnet
		-f1: 0.8612354521038496
		-auroc: 0.8394504588354397
2026-06-16 18:53:22 - __main__ - INFO - WCYKMVHQFDGRLITNEASP encoding is done for binary task with:
	-custom
		-f1: 0.8235294117647058
		-auroc: 0.8111202279481402
	-resnet
		-f1: 0.8799266727772685
		-auroc: 0.8649701185460957
2026-06-16 18:55:02 - __main__ - INFO - WCYKMVHQFDGRLITNEASP encoding is done for binary task with:
	-custom
		-f1: 0.8205128205128205
		-auroc: 0.8081341236406387
	-resnet
		-f1: 0.8839779005524862
		-auroc: 0.8702667287155873
2026-06-16 18:56:40 - __main__ - INFO - WCYKMVHQFDGRLITNEASP encoding is done for binary task with:
	-custom
		-f1: 0.8199233716475096
		-auroc: 0.8095771692629241
	-resnet
		-f1: 0.8741721854304636
		-auroc: 0.864578230626041
2026-06-16 18:58:16 - __main__ - INFO - WCYKMVHQFDGRLITNEASP encoding is done for binary task with:
	-custom
		-f1: 0.8221797323135756
		-auroc: 0.8115039515365272
	-resnet
		-f1: 0.8891013384321224
		-auroc: 0.8822989125110219
2026-06-16 18:59:55 - __main__ - INFO - WCYKMVHQFDGRLITNEASP encoding is done for binary task with:
	-custom
		-f1: 0.8080229226361032
		-auroc: 0.79628563730773
	-resnet
		-f1: 0.8755020080321285
		-auroc: 0.8766063322556417
2026-06-16 19:01:31 - __main__ - INFO - WCYKMVHQFDGRLITNEASP encoding is done for binary task with:
	-custom
		-f1: 0.8234183191690274
		-auroc: 0.8098690441200483
	-resnet
		-f1: 0.8222768222768223
		-auroc: 0.7717579438947129
2026-06-16 19:03:09 - __main__ - INFO - WCYKMVHQFDGRLITNEASP encoding is done for binary task with:
	-custom
		-f1: 0.8243243243243243
		-auroc: 0.8160290323634108
	-resnet
		-f1: 0.8916349809885932
		-auroc: 0.8840338329904315
2026-06-16 19:04:46 - __main__ - INFO - WCYKMVHQFDGRLITNEASP encoding is done for binary task with:
	-custom
		-f1: 0.8269961977186312
		-auroc: 0.8152615851866366
	-resnet
		-f1: 0.8623518687329079
		-auroc: 0.8444551941478071
2026-06-16 19:06:23 - __main__ - INFO - WCYKMVHQFDGRLITNEASP encoding is done for binary task with:
	-custom
		-f1: 0.8164435946462715
		-auroc: 0.8054358120244277
	-resnet
		-f1: 0.8711111111111111
		-auroc: 0.849180301100552
2026-06-16 19:07:57 - __main__ - INFO - WCYKMVHQFDGRLITNEASP encoding is done for binary task with:
	-custom
		-f1: 0.8141923436041083
		-auroc: 0.7971571797132687
	-resnet
		-f1: 0.8706099815157117
		-auroc: 0.856299598314882
2026-06-16 19:09:36 - __main__ - INFO - WCYKMVHQFDGRLITNEASP encoding is done for binary task with:
	-custom
		-f1: 0.8231939163498099
		-auroc: 0.8112161588452369
	-resnet
		-f1: 0.8847184986595175
		-auroc: 0.865649799157441
2026-06-16 19:11:13 - __main__ - INFO - WCYKMVHQFDGRLITNEASP encoding is done for binary task with:
	-custom
		-f1: 0.8168744007670182
		-auroc: 0.8065910649554228
	-resnet
		-f1: 0.8613861386138614
		-auroc: 0.8597531106103653
2026-06-16 19:12:52 - __main__ - INFO - WCYKMVHQFDGRLITNEASP encoding is done for binary task with:
	-custom
		-f1: 0.8262548262548263
		-auroc: 0.8180517455341105
	-resnet
		-f1: 0.8834586466165414
		-auroc: 0.8733446817543515
2026-06-16 19:14:44 - __main__ - INFO - WCYKMVHQFDGRLITNEASP encoding is done for binary task with:
	-custom
		-f1: 0.8187793427230047
		-auroc: 0.8035131119166584
	-resnet
		-f1: 0.89120151371807
		-auroc: 0.8827826491623396
2026-06-16 19:16:41 - __main__ - INFO - WCYKMVHQFDGRLITNEASP encoding is done for binary task with:
	-custom
		-f1: 0.817752596789424
		-auroc: 0.8038009046079488
	-resnet
		-f1: 0.8716577540106952
		-auroc: 0.8503355540315469
2026-06-16 19:18:36 - __main__ - INFO - WCYKMVHQFDGRLITNEASP encoding is done for binary task with:
	-custom
		-f1: 0.8331726133076182
		-auroc: 0.8250832761830117
	-resnet
		-f1: 0.8565531475748194
		-auroc: 0.862731050586199
2026-06-16 19:20:29 - __main__ - INFO - WCYKMVHQFDGRLITNEASP encoding is done for binary task with:
	-custom
		-f1: 0.8167141500474834
		-auroc: 0.8040886972992392
	-resnet
		-f1: 0.8800755429650614
		-auroc: 0.8705504392410437
2026-06-16 19:22:19 - __main__ - INFO - WCYKMVHQFDGRLITNEASP encoding is done for binary task with:
	-custom
		-f1: 0.8307984790874525
		-auroc: 0.8193070115280363
	-resnet
		-f1: 0.8732142857142857
		-auroc: 0.8524541980993435
2026-06-16 19:24:05 - __main__ - INFO - WCYKMVHQFDGRLITNEASP encoding is done for binary task with:
	-custom
		-f1: 0.8111217641418984
		-auroc: 0.8005229254433233
	-resnet
		-f1: 0.8517179023508138
		-auroc: 0.8308758695013226
2026-06-16 19:25:46 - __main__ - INFO - WCYKMVHQFDGRLITNEASP encoding is done for binary task with:
	-custom
		-f1: 0.816247582205029
		-auroc: 0.808034110577708
	-resnet
		-f1: 0.894184938036225
		-auroc: 0.8872117990921263
2026-06-16 19:27:23 - __main__ - INFO - WCYKMVHQFDGRLITNEASP encoding is done for binary task with:
	-custom
		-f1: 0.8269961977186312
		-auroc: 0.8152615851866366
	-resnet
		-f1: 0.8683274021352313
		-auroc: 0.8461941967930506
2026-06-16 19:28:59 - __main__ - INFO - WCYKMVHQFDGRLITNEASP encoding is done for binary task with:
	-custom
		-f1: 0.8217054263565892
		-auroc: 0.8141981809869043
	-resnet
		-f1: 0.8706563706563707
		-auroc: 0.8645741484602071
2026-06-16 19:30:40 - __main__ - INFO - WCYKMVHQFDGRLITNEASP encoding is done for binary task with:
	-custom
		-f1: 0.8210526315789474
		-auroc: 0.8105405603997257
	-resnet
		-f1: 0.8818181818181818
		-auroc: 0.8655497860945103
2026-06-16 19:32:19 - __main__ - INFO - WCYKMVHQFDGRLITNEASP encoding is done for binary task with:
	-custom
		-f1: 0.8222862632084534
		-auroc: 0.812755135364619
	-resnet
		-f1: 0.8649122807017544
		-auroc: 0.8393586101041769
2026-06-16 19:34:01 - __main__ - INFO - WCYKMVHQFDGRLITNEASP encoding is done for binary task with:
	-custom
		-f1: 0.8330097087378641
		-auroc: 0.8264303909082003
	-resnet
		-f1: 0.8816029143897997
		-auroc: 0.8656457169916071
2026-06-16 19:35:46 - __main__ - INFO - WCYKMVHQFDGRLITNEASP encoding is done for binary task with:
	-custom
		-f1: 0.814176245210728
		-auroc: 0.8035090297508247
	-resnet
		-f1: 0.8722627737226277
		-auroc: 0.8556280820352045
2026-06-16 19:37:24 - __main__ - INFO - WCYKMVHQFDGRLITNEASP encoding is done for binary task with:
	-custom
		-f1: 0.8184438040345822
		-auroc: 0.8087097090232194
	-resnet
		-f1: 0.8741188318227593
		-auroc: 0.8757388720159368
2026-06-16 19:39:04 - __main__ - INFO - WCYKMVHQFDGRLITNEASP encoding is done for binary task with:
	-custom
		-f1: 0.8161350844277674
		-auroc: 0.8004310767120604
	-resnet
		-f1: 0.8910133843212237
		-auroc: 0.8843216256817217
2026-06-16 19:40:43 - __main__ - INFO - WCYKMVHQFDGRLITNEASP encoding is done for binary task with:
	-custom
		-f1: 0.8116760828625236
		-auroc: 0.7965775121648542
	-resnet
		-f1: 0.8821362799263351
		-auroc: 0.8682440155448875
2026-06-16 19:42:25 - __main__ - INFO - WCYKMVHQFDGRLITNEASP encoding is done for binary task with:
	-custom
		-f1: 0.8182683158896289
		-auroc: 0.8062073413670358
	-resnet
		-f1: 0.8821362799263351
		-auroc: 0.8682440155448875
2026-06-16 19:44:12 - __main__ - INFO - WCYKMVHQFDGRLITNEASP encoding is done for binary task with:
	-custom
		-f1: 0.8228782287822878
		-auroc: 0.8036131249795891
	-resnet
		-f1: 0.8717948717948718
		-auroc: 0.8488925084092616
2026-06-16 19:45:52 - __main__ - INFO - WCYKMVHQFDGRLITNEASP encoding is done for binary task with:
	-custom
		-f1: 0.8244274809160306
		-auroc: 0.8134307338101303
	-resnet
		-f1: 0.8747553816046967
		-auroc: 0.871313804251984
2026-06-16 19:47:31 - __main__ - INFO - WCYKMVHQFDGRLITNEASP encoding is done for binary task with:
	-custom
		-f1: 0.8178368121442126
		-auroc: 0.8050520884360406
	-resnet
		-f1: 0.8897485493230174
		-auroc: 0.8848972110643023
2026-06-16 19:49:10 - __main__ - INFO - WCYKMVHQFDGRLITNEASP encoding is done for binary task with:
	-custom
		-f1: 0.822627037392138
		-auroc: 0.8126592044675223
	-resnet
		-f1: 0.8845780795344326
		-auroc: 0.8799843244831979
2026-06-16 19:50:47 - __main__ - INFO - WCYKMVHQFDGRLITNEASP encoding is done for binary task with:
	-custom
		-f1: 0.8207094918504314
		-auroc: 0.8106364912968225
	-resnet
		-f1: 0.8737137511693172
		-auroc: 0.8619799320727606
2026-06-16 19:52:23 - __main__ - INFO - WCYKMVHQFDGRLITNEASP encoding is done for binary task with:
	-custom
		-f1: 0.8227360308285164
		-auroc: 0.8139103882956141
	-resnet
		-f1: 0.8654618473895582
		-auroc: 0.8664927664021425
2026-06-16 19:54:02 - __main__ - INFO - WCYKMVHQFDGRLITNEASP encoding is done for binary task with:
	-custom
		-f1: 0.8122020972354623
		-auroc: 0.800235132752033
	-resnet
		-f1: 0.8503521126760564
		-auroc: 0.8233687665327717
2026-06-16 19:55:39 - __main__ - INFO - WCYKMVHQFDGRLITNEASP encoding is done for binary task with:
	-custom
		-f1: 0.8227488151658767
		-auroc: 0.810060905914242
	-resnet
		-f1: 0.851138353765324
		-auroc: 0.8230809738414814
2026-06-16 19:57:16 - __main__ - INFO - WCYKMVHQFDGRLITNEASP encoding is done for binary task with:
	-custom
		-f1: 0.8208092485549133
		-auroc: 0.8118876751249142
	-resnet
		-f1: 0.8274067649609714
		-auroc: 0.7932240129323015
2026-06-16 19:58:53 - __main__ - INFO - WCYKMVHQFDGRLITNEASP encoding is done for binary task with:
	-custom
		-f1: 0.8160152526215443
		-auroc: 0.8042805590934325
	-resnet
		-f1: 0.8494623655913979
		-auroc: 0.826350788674439
2026-06-16 20:00:30 - __main__ - INFO - WCYKMVHQFDGRLITNEASP encoding is done for binary task with:
	-custom
		-f1: 0.8160152526215443
		-auroc: 0.8042805590934325
	-resnet
		-f1: 0.878286270691334
		-auroc: 0.8741080467652919
2026-06-16 20:02:06 - __main__ - INFO - WCYKMVHQFDGRLITNEASP encoding is done for binary task with:
	-custom
		-f1: 0.8175740210124164
		-auroc: 0.8063992031612292
	-resnet
		-f1: 0.8899707887049659
		-auroc: 0.8862443257894909
2026-06-16 20:03:44 - __main__ - INFO - WCYKMVHQFDGRLITNEASP encoding is done for binary task with:
	-custom
		-f1: 0.8200757575757576
		-auroc: 0.8069788707096438
	-resnet
		-f1: 0.862708719851577
		-auroc: 0.848400607426276
2026-06-16 20:05:20 - __main__ - INFO - WCYKMVHQFDGRLITNEASP encoding is done for binary task with:
	-custom
		-f1: 0.8202676864244742
		-auroc: 0.8094812383658274
	-resnet
		-f1: 0.8723599632690542
		-auroc: 0.8569751967603931
2026-06-16 20:07:00 - __main__ - INFO - WCYKMVHQFDGRLITNEASP encoding is done for binary task with:
	-custom
		-f1: 0.8198284080076264
		-auroc: 0.8083259854348324
	-resnet
		-f1: 0.8937381404174574
		-auroc: 0.8859606152640346
2026-06-16 20:08:37 - __main__ - INFO - WCYKMVHQFDGRLITNEASP encoding is done for binary task with:
	-custom
		-f1: 0.815028901734104
		-auroc: 0.8058195356128147
	-resnet
		-f1: 0.8611599297012302
		-auroc: 0.835409114659874
2026-06-16 20:10:13 - __main__ - INFO - WCYKMVHQFDGRLITNEASP encoding is done for binary task with:
	-custom
		-f1: 0.8171428571428572
		-auroc: 0.8052439502302341
	-resnet
		-f1: 0.8681102362204725
		-auroc: 0.8655334574311746
2026-06-16 20:11:51 - __main__ - INFO - WCYKMVHQFDGRLITNEASP encoding is done for binary task with:
	-custom
		-f1: 0.8212927756653993
		-auroc: 0.8091934456745371
	-resnet
		-f1: 0.844
		-auroc: 0.8440510597302504
2026-06-16 20:13:28 - __main__ - INFO - WCYKMVHQFDGRLITNEASP encoding is done for binary task with:
	-custom
		-f1: 0.818957345971564
		-auroc: 0.8060154795728423
	-resnet
		-f1: 0.8812260536398467
		-auroc: 0.8743039907253193
2026-06-16 20:15:04 - __main__ - INFO - WCYKMVHQFDGRLITNEASP encoding is done for binary task with:
	-custom
		-f1: 0.8305905130687319
		-auroc: 0.8232524248065054
	-resnet
		-f1: 0.8616187989556136
		-auroc: 0.8338701381404918
2026-06-16 20:16:40 - __main__ - INFO - WCYKMVHQFDGRLITNEASP encoding is done for binary task with:
	-custom
		-f1: 0.8198874296435272
		-auroc: 0.80447650305346
	-resnet
		-f1: 0.8786231884057971
		-auroc: 0.8613124979589171
2026-06-16 20:18:15 - __main__ - INFO - WCYKMVHQFDGRLITNEASP encoding is done for binary task with:
	-custom
		-f1: 0.8236380424746076
		-auroc: 0.8046724470134875
	-resnet
		-f1: 0.8109452736318408
		-auroc: 0.7613525031840893
2026-06-16 20:19:49 - __main__ - INFO - WCYKMVHQFDGRLITNEASP encoding is done for binary task with:
	-custom
		-f1: 0.8277830637488106
		-auroc: 0.8163209072205349
	-resnet
		-f1: 0.8524886877828054
		-auroc: 0.8319351915352209
2026-06-16 20:21:26 - __main__ - INFO - WCYKMVHQFDGRLITNEASP encoding is done for binary task with:
	-custom
		-f1: 0.8177434908389586
		-auroc: 0.8089015708174128
	-resnet
		-f1: 0.8888888888888888
		-auroc: 0.8780657065412625
2026-06-16 20:23:03 - __main__ - INFO - WCYKMVHQFDGRLITNEASP encoding is done for binary task with:
	-custom
		-f1: 0.8208530805687204
		-auroc: 0.808038192743542
	-resnet
		-f1: 0.8859060402684564
		-auroc: 0.8794087391006172
2026-06-16 20:24:41 - __main__ - INFO - WCYKMVHQFDGRLITNEASP encoding is done for binary task with:
	-custom
		-f1: 0.8170616113744076
		-auroc: 0.8039927664021423
	-resnet
		-f1: 0.8394415357766143
		-auroc: 0.8087301198523889
2026-06-16 20:26:19 - __main__ - INFO - WCYKMVHQFDGRLITNEASP encoding is done for binary task with:
	-custom
		-f1: 0.8187919463087249
		-auroc: 0.8086137781261227
	-resnet
		-f1: 0.8742857142857143
		-auroc: 0.8659253453512294
2026-06-16 20:27:57 - __main__ - INFO - WCYKMVHQFDGRLITNEASP encoding is done for binary task with:
	-custom
		-f1: 0.8238691049085659
		-auroc: 0.8148737794324156
	-resnet
		-f1: 0.8543516873889876
		-auroc: 0.829916560530355
2026-06-16 20:29:36 - __main__ - INFO - WCYKMVHQFDGRLITNEASP encoding is done for binary task with:
	-custom
		-f1: 0.8122676579925651
		-auroc: 0.793883282714477
	-resnet
		-f1: 0.8792626728110599
		-auroc: 0.8652579112373862
2026-06-16 20:31:12 - __main__ - INFO - WCYKMVHQFDGRLITNEASP encoding is done for binary task with:
	-custom
		-f1: 0.8206106870229007
		-auroc: 0.8093853074687306
	-resnet
		-f1: 0.8650137741046832
		-auroc: 0.8488843440775938
2026-06-16 20:32:50 - __main__ - INFO - WCYKMVHQFDGRLITNEASP encoding is done for binary task with:
	-custom
		-f1: 0.8118433619866284
		-auroc: 0.8003310636491298
	-resnet
		-f1: 0.8731884057971014
		-auroc: 0.8552443584468176
2026-06-16 20:34:27 - __main__ - INFO - WCYKMVHQFDGRLITNEASP encoding is done for binary task with:
	-custom
		-f1: 0.8148854961832062
		-auroc: 0.8033171679566312
	-resnet
		-f1: 0.8890977443609023
		-auroc: 0.8794128212664512
2026-06-16 20:36:03 - __main__ - INFO - WCYKMVHQFDGRLITNEASP encoding is done for binary task with:
	-custom
		-f1: 0.814404432132964
		-auroc: 0.7945588811599882
	-resnet
		-f1: 0.881578947368421
		-auroc: 0.8713219685836517
2026-06-16 20:37:40 - __main__ - INFO - WCYKMVHQFDGRLITNEASP encoding is done for binary task with:
	-custom
		-f1: 0.8223938223938224
		-auroc: 0.8140063191927108
	-resnet
		-f1: 0.8788732394366198
		-auroc: 0.8682399333790536
2026-06-16 20:39:15 - __main__ - INFO - WCYKMVHQFDGRLITNEASP encoding is done for binary task with:
	-custom
		-f1: 0.8234200743494424
		-auroc: 0.8060195617386761
	-resnet
		-f1: 0.891588785046729
		-auroc: 0.8811477417458606
2026-06-16 20:40:50 - __main__ - INFO - WCYKMVHQFDGRLITNEASP encoding is done for binary task with:
	-custom
		-f1: 0.8306828811973808
		-auroc: 0.8154575291466639
	-resnet
		-f1: 0.8716528162511542
		-auroc: 0.8572629894516834
2026-06-16 20:42:30 - __main__ - INFO - WCYKMVHQFDGRLITNEASP encoding is done for binary task with:
	-custom
		-f1: 0.8217349857006673
		-auroc: 0.8103486986055322
	-resnet
		-f1: 0.8652988403211418
		-auroc: 0.8433040233826459
2026-06-16 20:44:19 - __main__ - INFO - WCYKMVHQFDGRLITNEASP encoding is done for binary task with:
	-custom
		-f1: 0.8247821878025169
		-auroc: 0.8171842852944058
	-resnet
		-f1: 0.8925143953934741
		-auroc: 0.8865362006466151
2026-06-16 20:46:06 - __main__ - INFO - WCYKMVHQFDGRLITNEASP encoding is done for binary task with:
	-custom
		-f1: 0.8134957825679475
		-auroc: 0.7973490415074622
	-resnet
		-f1: 0.8868445262189513
		-auroc: 0.8732528330230888
2026-06-16 20:47:52 - __main__ - INFO - WCYKMVHQFDGRLITNEASP encoding is done for binary task with:
	-custom
		-f1: 0.8253358925143954
		-auroc: 0.8157412396721204
	-resnet
		-f1: 0.8836329233680227
		-auroc: 0.8746917964795403
2026-06-16 20:49:32 - __main__ - INFO - WCYKMVHQFDGRLITNEASP encoding is done for binary task with:
	-custom
		-f1: 0.8197674418604651
		-auroc: 0.8121754678162048
	-resnet
		-f1: 0.8709972552607502
		-auroc: 0.8547606217954997
2026-06-16 20:51:16 - __main__ - INFO - WCYKMVHQFDGRLITNEASP encoding is done for binary task with:
	-custom
		-f1: 0.8236397748592871
		-auroc: 0.8085219293948597
	-resnet
		-f1: 0.8828996282527881
		-auroc: 0.8707463832010712
2026-06-16 20:53:01 - __main__ - INFO - WCYKMVHQFDGRLITNEASP encoding is done for binary task with:
	-custom
		-f1: 0.8238583410997204
		-auroc: 0.8071748146696711
	-resnet
		-f1: 0.8852157943067034
		-auroc: 0.8711341889552922
2026-06-16 20:54:51 - __main__ - INFO - WCYKMVHQFDGRLITNEASP encoding is done for binary task with:
	-custom
		-f1: 0.8250950570342205
		-auroc: 0.8132388720159368
	-resnet
		-f1: 0.8784313725490196
		-auroc: 0.8754551614904803
2026-06-16 20:56:31 - __main__ - INFO - WCYKMVHQFDGRLITNEASP encoding is done for binary task with:
	-custom
		-f1: 0.8221797323135756
		-auroc: 0.8115039515365272
	-resnet
		-f1: 0.8169934640522876
		-auroc: 0.8358479474870188
2026-06-16 20:58:13 - __main__ - INFO - WCYKMVHQFDGRLITNEASP encoding is done for binary task with:
	-custom
		-f1: 0.8065994500458296
		-auroc: 0.7840615917181021
	-resnet
		-f1: 0.8569009314140559
		-auroc: 0.8222216779334444
2026-06-16 20:59:52 - __main__ - INFO - WCYKMVHQFDGRLITNEASP encoding is done for binary task with:
	-custom
		-f1: 0.8356164383561644
		-auroc: 0.8308595408379871
	-resnet
		-f1: 0.8792007266121707
		-auroc: 0.8624677508899122
2026-06-16 21:01:33 - __main__ - INFO - WCYKMVHQFDGRLITNEASP encoding is done for binary task with:
	-custom
		-f1: 0.8223938223938224
		-auroc: 0.8140063191927108
	-resnet
		-f1: 0.8731563421828908
		-auroc: 0.8705422749093759
2026-06-16 21:03:12 - __main__ - INFO - WCYKMVHQFDGRLITNEASP encoding is done for binary task with:
	-custom
		-f1: 0.8302972195589645
		-auroc: 0.8207500571503217
	-resnet
		-f1: 0.8169491525423729
		-auroc: 0.7747358838705463
2026-06-16 21:04:52 - __main__ - INFO - WCYKMVHQFDGRLITNEASP encoding is done for binary task with:
	-custom
		-f1: 0.8266666666666667
		-auroc: 0.8153575160837333
	-resnet
		-f1: 0.8861244019138756
		-auroc: 0.8793128082035204
2026-06-16 21:06:33 - __main__ - INFO - WCYKMVHQFDGRLITNEASP encoding is done for binary task with:
	-custom
		-f1: 0.8234165067178503
		-auroc: 0.8137185265014206
	-resnet
		-f1: 0.8846880907372401
		-auroc: 0.8756551876163418
2026-06-16 21:08:22 - __main__ - INFO - WCYKMVHQFDGRLITNEASP encoding is done for binary task with:
	-custom
		-f1: 0.8211920529801324
		-auroc: 0.8079422618464452
	-resnet
		-f1: 0.8741007194244604
		-auroc: 0.8548606348584306
2026-06-16 21:10:13 - __main__ - INFO - WCYKMVHQFDGRLITNEASP encoding is done for binary task with:
	-custom
		-f1: 0.8220502901353965
		-auroc: 0.8141022500898079
	-resnet
		-f1: 0.8835041938490215
		-auroc: 0.8719016361320662
2026-06-16 21:12:05 - __main__ - INFO - WCYKMVHQFDGRLITNEASP encoding is done for binary task with:
	-custom
		-f1: 0.812793979303857
		-auroc: 0.7975409033016557
	-resnet
		-f1: 0.8741007194244604
		-auroc: 0.8548606348584306
2026-06-16 21:13:57 - __main__ - INFO - WCYKMVHQFDGRLITNEASP encoding is done for binary task with:
	-custom
		-f1: 0.8034026465028355
		-auroc: 0.7886785212762484
	-resnet
		-f1: 0.8571428571428571
		-auroc: 0.8382911237386109
2026-06-16 21:15:50 - __main__ - INFO - WCYKMVHQFDGRLITNEASP encoding is done for binary task with:
	-custom
		-f1: 0.8242990654205608
		-auroc: 0.8083300676006661
	-resnet
		-f1: 0.8672397325692455
		-auroc: 0.8589897455994252
2026-06-16 21:17:41 - __main__ - INFO - WCYKMVHQFDGRLITNEASP encoding is done for binary task with:
	-custom
		-f1: 0.8281101614434948
		-auroc: 0.8162249763234383
	-resnet
		-f1: 0.87823585810163
		-auroc: 0.8713178864178179
2026-06-16 21:19:32 - __main__ - INFO - WCYKMVHQFDGRLITNEASP encoding is done for binary task with:
	-custom
		-f1: 0.8133333333333334
		-auroc: 0.8011985238888345
	-resnet
		-f1: 0.8856304985337243
		-auroc: 0.8823907612422847
2026-06-16 21:21:23 - __main__ - INFO - WCYKMVHQFDGRLITNEASP encoding is done for binary task with:
	-custom
		-f1: 0.8195777351247601
		-auroc: 0.809673100160021
	-resnet
		-f1: 0.8771593090211133
		-auroc: 0.8703544952810164
2026-06-16 21:23:17 - __main__ - INFO - WCYKMVHQFDGRLITNEASP encoding is done for binary task with:
	-custom
		-f1: 0.8238636363636364
		-auroc: 0.8110242970510433
	-resnet
		-f1: 0.8674033149171271
		-auroc: 0.8520623101792887
2026-06-16 21:25:08 - __main__ - INFO - WCYKMVHQFDGRLITNEASP encoding is done for binary task with:
	-custom
		-f1: 0.8125
		-auroc: 0.7988880180268443
	-resnet
		-f1: 0.8812664907651715
		-auroc: 0.8587182815714706
2026-06-16 21:26:58 - __main__ - INFO - WCYKMVHQFDGRLITNEASP encoding is done for binary task with:
	-custom
		-f1: 0.8211538461538461
		-auroc: 0.8117917442278175
	-resnet
		-f1: 0.8796208530805687
		-auroc: 0.8707423010352373
2026-06-16 21:28:48 - __main__ - INFO - WCYKMVHQFDGRLITNEASP encoding is done for binary task with:
	-custom
		-f1: 0.813780260707635
		-auroc: 0.7960019267822736
	-resnet
		-f1: 0.867704280155642
		-auroc: 0.8629351588778943
2026-06-16 21:30:36 - __main__ - INFO - WCYKMVHQFDGRLITNEASP encoding is done for binary task with:
	-custom
		-f1: 0.8243114909781576
		-auroc: 0.8121795499820385
	-resnet
		-f1: 0.875
		-auroc: 0.8684277130074133
2026-06-16 21:32:27 - __main__ - INFO - WCYKMVHQFDGRLITNEASP encoding is done for binary task with:
	-custom
		-f1: 0.815311004784689
		-auroc: 0.8044724208876262
	-resnet
		-f1: 0.8805268109125117
		-auroc: 0.8703585774468502
2026-06-16 21:34:10 - __main__ - INFO - WCYKMVHQFDGRLITNEASP encoding is done for binary task with:
	-custom
		-f1: 0.8181818181818182
		-auroc: 0.8049561575389439
	-resnet
		-f1: 0.846286701208981
		-auroc: 0.814222673981908
2026-06-16 21:35:59 - __main__ - INFO - WCYKMVHQFDGRLITNEASP encoding is done for binary task with:
	-custom
		-f1: 0.815442561205273
		-auroc: 0.8006229385062539
	-resnet
		-f1: 0.8826923076923077
		-auroc: 0.8765185656902126
2026-06-16 21:37:49 - __main__ - INFO - WCYKMVHQFDGRLITNEASP encoding is done for binary task with:
	-custom
		-f1: 0.8191387559808613
		-auroc: 0.8085178472290259
	-resnet
		-f1: 0.8856589147286822
		-auroc: 0.8809477156199993
2026-06-16 21:39:38 - __main__ - INFO - WCYKMVHQFDGRLITNEASP encoding is done for binary task with:
	-custom
		-f1: 0.8170377541142304
		-auroc: 0.8090934326116063
	-resnet
		-f1: 0.888468809073724
		-auroc: 0.8797006139577415
2026-06-16 21:41:18 - __main__ - INFO - WCYKMVHQFDGRLITNEASP encoding is done for binary task with:
	-custom
		-f1: 0.8309178743961353
		-auroc: 0.8231564939094086
	-resnet
		-f1: 0.8535031847133758
		-auroc: 0.834245697397211
2026-06-16 21:43:02 - __main__ - INFO - WCYKMVHQFDGRLITNEASP encoding is done for binary task with:
	-custom
		-f1: 0.814176245210728
		-auroc: 0.8035090297508247
	-resnet
		-f1: 0.8809746954076851
		-auroc: 0.8701667156526567
2026-06-16 21:44:42 - __main__ - INFO - WCYKMVHQFDGRLITNEASP encoding is done for binary task with:
	-custom
		-f1: 0.8206106870229007
		-auroc: 0.8093853074687306
	-resnet
		-f1: 0.8741328047571854
		-auroc: 0.8729487116684628
2026-06-16 21:46:23 - __main__ - INFO - WCYKMVHQFDGRLITNEASP encoding is done for binary task with:
	-custom
		-f1: 0.8180961357210179
		-auroc: 0.8037049737108519
	-resnet
		-f1: 0.8725939505041247
		-auroc: 0.8568792658632964
2026-06-16 21:48:06 - __main__ - INFO - WCYKMVHQFDGRLITNEASP encoding is done for binary task with:
	-custom
		-f1: 0.8288461538461539
		-auroc: 0.8198825969106169
	-resnet
		-f1: 0.8658777120315582
		-auroc: 0.8636066751575715
2026-06-16 21:49:49 - __main__ - INFO - WCYKMVHQFDGRLITNEASP encoding is done for binary task with:
	-custom
		-f1: 0.8161693936477382
		-auroc: 0.8067829267496162
	-resnet
		-f1: 0.8842105263157894
		-auroc: 0.8772900950328206
2026-06-16 21:51:28 - __main__ - INFO - WCYKMVHQFDGRLITNEASP encoding is done for binary task with:
	-custom
		-f1: 0.8145315487571702
		-auroc: 0.8034130988537278
	-resnet
		-f1: 0.8861003861003861
		-auroc: 0.8807558538258058
2026-06-16 21:53:08 - __main__ - INFO - WCYKMVHQFDGRLITNEASP encoding is done for binary task with:
	-custom
		-f1: 0.8200757575757576
		-auroc: 0.8069788707096438
	-resnet
		-f1: 0.8787584869059166
		-auroc: 0.8739161849710982
2026-06-16 21:54:50 - __main__ - INFO - WCYKMVHQFDGRLITNEASP encoding is done for binary task with:
	-custom
		-f1: 0.8229665071770335
		-auroc: 0.8125632735704256
	-resnet
		-f1: 0.8856358645928637
		-auroc: 0.8709423271610987
2026-06-16 21:56:31 - __main__ - INFO - WCYKMVHQFDGRLITNEASP encoding is done for binary task with:
	-custom
		-f1: 0.8260038240917782
		-auroc: 0.8155493778779269
	-resnet
		-f1: 0.8849056603773585
		-auroc: 0.875559256719245
2026-06-16 21:58:10 - __main__ - INFO - WCYKMVHQFDGRLITNEASP encoding is done for binary task with:
	-custom
		-f1: 0.8197343453510436
		-auroc: 0.8070748016067405
	-resnet
		-f1: 0.8738738738738738
		-auroc: 0.8549565657555271
2026-06-16 21:59:51 - __main__ - INFO - WCYKMVHQFDGRLITNEASP encoding is done for binary task with:
	-custom
		-f1: 0.8265895953757225
		-auroc: 0.8179558146370138
	-resnet
		-f1: 0.8494809688581315
		-auroc: 0.8183640312204041
2026-06-16 22:01:33 - __main__ - INFO - WCYKMVHQFDGRLITNEASP encoding is done for binary task with:
	-custom
		-f1: 0.8361904761904762
		-auroc: 0.8254710819372326
	-resnet
		-f1: 0.8957169459962756
		-auroc: 0.8850013062930668
2026-06-16 22:03:19 - __main__ - INFO - WCYKMVHQFDGRLITNEASP encoding is done for binary task with:
	-custom
		-f1: 0.8225352112676056
		-auroc: 0.8075585382580582
	-resnet
		-f1: 0.8884758364312267
		-auroc: 0.8768145227131707
2026-06-16 22:05:15 - __main__ - INFO - WCYKMVHQFDGRLITNEASP encoding is done for binary task with:
	-custom
		-f1: 0.8242990654205608
		-auroc: 0.8083300676006661
	-resnet
		-f1: 0.8843537414965986
		-auroc: 0.8800802553802946
2026-06-16 22:07:01 - __main__ - INFO - WCYKMVHQFDGRLITNEASP encoding is done for binary task with:
	-custom
		-f1: 0.821969696969697
		-auroc: 0.8090015838803436
	-resnet
		-f1: 0.8784165881244109
		-auroc: 0.8684317951732471
2026-06-16 22:08:42 - __main__ - INFO - WCYKMVHQFDGRLITNEASP encoding is done for binary task with:
	-custom
		-f1: 0.8233082706766918
		-auroc: 0.8086178602919566
	-resnet
		-f1: 0.8835489833641405
		-auroc: 0.8704585905097809
2026-06-16 22:10:23 - __main__ - INFO - WCYKMVHQFDGRLITNEASP encoding is done for binary task with:
	-custom
		-f1: 0.8141086749285034
		-auroc: 0.8022578459227329
	-resnet
		-f1: 0.8855813953488372
		-auroc: 0.8738284184056693
2026-06-16 22:12:04 - __main__ - INFO - WCYKMVHQFDGRLITNEASP encoding is done for binary task with:
	-custom
		-f1: 0.8228678537956888
		-auroc: 0.8074626073609614
	-resnet
		-f1: 0.872865275142315
		-auroc: 0.8637107703863363
2026-06-16 22:13:46 - __main__ - INFO - WCYKMVHQFDGRLITNEASP encoding is done for binary task with:
	-custom
		-f1: 0.8274547187797903
		-auroc: 0.8164168381176317
	-resnet
		-f1: 0.8736318407960199
		-auroc: 0.8731405734626563
2026-06-16 22:15:27 - __main__ - INFO - WCYKMVHQFDGRLITNEASP encoding is done for binary task with:
	-custom
		-f1: 0.8267182962245886
		-auroc: 0.8192069984651057
	-resnet
		-f1: 0.8828125
		-auroc: 0.8793087260376865
2026-06-16 22:17:07 - __main__ - INFO - WCYKMVHQFDGRLITNEASP encoding is done for binary task with:
	-custom
		-f1: 0.8133971291866029
		-auroc: 0.8024497077169264
	-resnet
		-f1: 0.8739946380697051
		-auroc: 0.8535135201332418
2026-06-16 22:18:50 - __main__ - INFO - WCYKMVHQFDGRLITNEASP encoding is done for binary task with:
	-custom
		-f1: 0.8194842406876791
		-auroc: 0.8084219163319291
	-resnet
		-f1: 0.8664323374340949
		-auroc: 0.8414772541719735
2026-06-16 22:20:31 - __main__ - INFO - WCYKMVHQFDGRLITNEASP encoding is done for binary task with:
	-custom
		-f1: 0.8243114909781576
		-auroc: 0.8121795499820385
	-resnet
		-f1: 0.8603642671292281
		-auroc: 0.8316555631755984
2026-06-16 22:22:12 - __main__ - INFO - WCYKMVHQFDGRLITNEASP encoding is done for binary task with:
	-custom
		-f1: 0.8161350844277674
		-auroc: 0.8004310767120604
	-resnet
		-f1: 0.8817829457364341
		-auroc: 0.8769022892785996
2026-06-16 22:23:54 - __main__ - INFO - WCYKMVHQFDGRLITNEASP encoding is done for binary task with:
	-custom
		-f1: 0.8214971209213052
		-auroc: 0.8116958133307207
	-resnet
		-f1: 0.8769092542677448
		-auroc: 0.8578467391659318
2026-06-16 22:25:32 - __main__ - INFO - WCYKMVHQFDGRLITNEASP encoding is done for binary task with:
	-custom
		-f1: 0.8283796740172579
		-auroc: 0.8187273439796219
	-resnet
		-f1: 0.8924528301886793
		-auroc: 0.8836501094020444
2026-06-16 22:27:11 - __main__ - INFO - WCYKMVHQFDGRLITNEASP encoding is done for binary task with:
	-custom
		-f1: 0.8173076923076923
		-auroc: 0.8077463178864179
	-resnet
		-f1: 0.8936970837253058
		-auroc: 0.8845175696417492
2026-06-16 22:28:49 - __main__ - INFO - WCYKMVHQFDGRLITNEASP encoding is done for binary task with:
	-custom
		-f1: 0.8205625606207565
		-auroc: 0.8132347898501029
	-resnet
		-f1: 0.874409820585458
		-auroc: 0.8644822997289441
2026-06-16 22:30:31 - __main__ - INFO - WCYKMVHQFDGRLITNEASP encoding is done for binary task with:
	-custom
		-f1: 0.8274547187797903
		-auroc: 0.8164168381176317
	-resnet
		-f1: 0.8579088471849866
		-auroc: 0.8353091015969433
2026-06-16 22:32:20 - __main__ - INFO - WCYKMVHQFDGRLITNEASP encoding is done for binary task with:
	-custom
		-f1: 0.8183520599250936
		-auroc: 0.8023578589856634
	-resnet
		-f1: 0.8972667295004713
		-auroc: 0.8886589268802456
2026-06-16 22:34:03 - __main__ - INFO - WCYKMVHQFDGRLITNEASP encoding is done for binary task with:
	-custom
		-f1: 0.8109125117591721
		-auroc: 0.7955181901309558
	-resnet
		-f1: 0.8571428571428571
		-auroc: 0.8423324679141766
2026-06-16 22:35:45 - __main__ - INFO - WCYKMVHQFDGRLITNEASP encoding is done for binary task with:
	-custom
		-f1: 0.8216007714561234
		-auroc: 0.8129469971588126
	-resnet
		-f1: 0.8618219037871033
		-auroc: 0.8663927533392117
2026-06-16 22:37:24 - __main__ - INFO - WCYKMVHQFDGRLITNEASP encoding is done for binary task with:
	-custom
		-f1: 0.8287937743190662
		-auroc: 0.8224808954638974
	-resnet
		-f1: 0.8691499522445081
		-auroc: 0.861012458770125
2026-06-16 22:39:02 - __main__ - INFO - WCYKMVHQFDGRLITNEASP encoding is done for binary task with:
	-custom
		-f1: 0.8104575163398693
		-auroc: 0.793111753371869
	-resnet
		-f1: 0.8916116870876531
		-auroc: 0.8825907873681461
2026-06-16 22:40:42 - __main__ - INFO - WCYKMVHQFDGRLITNEASP encoding is done for binary task with:
	-custom
		-f1: 0.8271844660194175
		-auroc: 0.8203622513961008
	-resnet
		-f1: 0.8753568030447193
		-auroc: 0.8668887364880311
2026-06-16 22:42:20 - __main__ - INFO - WCYKMVHQFDGRLITNEASP encoding is done for binary task with:
	-custom
		-f1: 0.8190661478599222
		-auroc: 0.8123673296103981
	-resnet
		-f1: 0.878095238095238
		-auroc: 0.8699707716926292
2026-06-16 22:43:58 - __main__ - INFO - WCYKMVHQFDGRLITNEASP encoding is done for binary task with:
	-custom
		-f1: 0.8185255198487713
		-auroc: 0.804860226641847
	-resnet
		-f1: 0.8752327746741154
		-auroc: 0.8627514614153686
2026-06-16 22:45:36 - __main__ - INFO - WCYKMVHQFDGRLITNEASP encoding is done for binary task with:
	-custom
		-f1: 0.8213944603629417
		-auroc: 0.810444629502629
	-resnet
		-f1: 0.8556521739130435
		-auroc: 0.826742676594494
2026-06-16 22:47:14 - __main__ - INFO - WCYKMVHQFDGRLITNEASP encoding is done for binary task with:
	-custom
		-f1: 0.8196411709159585
		-auroc: 0.8058236177786486
	-resnet
		-f1: 0.8825161887141536
		-auroc: 0.8694951993729795
2026-06-16 22:48:52 - __main__ - INFO - WCYKMVHQFDGRLITNEASP encoding is done for binary task with:
	-custom
		-f1: 0.8178368121442126
		-auroc: 0.8050520884360406
	-resnet
		-f1: 0.8843663274745606
		-auroc: 0.8715179125436792
2026-06-16 22:50:30 - __main__ - INFO - WCYKMVHQFDGRLITNEASP encoding is done for binary task with:
	-custom
		-f1: 0.817244611059044
		-auroc: 0.8013944678488619
	-resnet
		-f1: 0.8853974121996303
		-auroc: 0.8724813036804807
2026-06-16 22:52:08 - __main__ - INFO - WCYKMVHQFDGRLITNEASP encoding is done for binary task with:
	-custom
		-f1: 0.8202676864244742
		-auroc: 0.8094812383658274
	-resnet
		-f1: 0.8698060941828255
		-auroc: 0.8552402762809836
2026-06-16 22:53:45 - __main__ - INFO - WCYKMVHQFDGRLITNEASP encoding is done for binary task with:
	-custom
		-f1: 0.8174904942965779
		-auroc: 0.8051480193331374
	-resnet
		-f1: 0.8661710037174721
		-auroc: 0.8525419646647725
2026-06-16 22:55:21 - __main__ - INFO - WCYKMVHQFDGRLITNEASP encoding is done for binary task with:
	-custom
		-f1: 0.8245445829338447
		-auroc: 0.8146819176382222
	-resnet
		-f1: 0.8553846153846154
		-auroc: 0.8604205447242089
2026-06-16 22:56:58 - __main__ - INFO - WCYKMVHQFDGRLITNEASP encoding is done for binary task with:
	-custom
		-f1: 0.8200757575757576
		-auroc: 0.8069788707096438
	-resnet
		-f1: 0.8713450292397661
		-auroc: 0.8670765161163908
2026-06-16 22:58:35 - __main__ - INFO - WCYKMVHQFDGRLITNEASP encoding is done for binary task with:
	-custom
		-f1: 0.8222862632084534
		-auroc: 0.812755135364619
	-resnet
		-f1: 0.8870523415977961
		-auroc: 0.873156902125992
2026-06-16 23:00:12 - __main__ - INFO - WCYKMVHQFDGRLITNEASP encoding is done for binary task with:
	-custom
		-f1: 0.8170616113744076
		-auroc: 0.8039927664021423
	-resnet
		-f1: 0.8859813084112149
		-auroc: 0.875079602233761
2026-06-16 23:01:59 - __main__ - INFO - WCYKMVHQFDGRLITNEASP encoding is done for binary task with:
	-custom
		-f1: 0.8236434108527132
		-auroc: 0.8162208941576043
	-resnet
		-f1: 0.7642526964560863
		-auroc: 0.6780538682603443
2026-06-16 23:03:39 - __main__ - INFO - WCYKMVHQFDGRLITNEASP encoding is done for binary task with:
	-custom
		-f1: 0.8125
		-auroc: 0.7988880180268443
	-resnet
		-f1: 0.8733459357277883
		-auroc: 0.8635189085921426
2026-06-16 23:05:17 - __main__ - INFO - WCYKMVHQFDGRLITNEASP encoding is done for binary task with:
	-custom
		-f1: 0.8227488151658767
		-auroc: 0.810060905914242
	-resnet
		-f1: 0.8855813953488372
		-auroc: 0.8738284184056693
2026-06-16 23:07:05 - __main__ - INFO - WCYKMVHQFDGRLITNEASP encoding is done for binary task with:
	-custom
		-f1: 0.8228571428571428
		-auroc: 0.8113120897423337
	-resnet
		-f1: 0.873087308730873
		-auroc: 0.8538972437216289
2026-06-16 23:08:47 - __main__ - INFO - WCYKMVHQFDGRLITNEASP encoding is done for binary task with:
	-custom
		-f1: 0.8133333333333334
		-auroc: 0.8011985238888345
	-resnet
		-f1: 0.8638211382113821
		-auroc: 0.867068351784723
2026-06-16 23:10:33 - __main__ - INFO - WCYKMVHQFDGRLITNEASP encoding is done for binary task with:
	-custom
		-f1: 0.8241965973534972
		-auroc: 0.8109283661539467
	-resnet
		-f1: 0.8815533980582524
		-auroc: 0.8769982201756964
2026-06-16 23:12:15 - __main__ - INFO - WCYKMVHQFDGRLITNEASP encoding is done for binary task with:
	-custom
		-f1: 0.8208092485549133
		-auroc: 0.8118876751249142
	-resnet
		-f1: 0.8839884947267498
		-auroc: 0.8773860259299173
2026-06-16 23:13:52 - __main__ - INFO - WCYKMVHQFDGRLITNEASP encoding is done for binary task with:
	-custom
		-f1: 0.8203198494825964
		-auroc: 0.8056317559844551
	-resnet
		-f1: 0.8592132505175983
		-auroc: 0.8659090166878939
2026-06-16 23:15:36 - __main__ - INFO - WCYKMVHQFDGRLITNEASP encoding is done for binary task with:
	-custom
		-f1: 0.8242074927953891
		-auroc: 0.8147778485353188
	-resnet
		-f1: 0.8723618090452261
		-auroc: 0.8736202279481402
2026-06-16 23:17:17 - __main__ - INFO - WCYKMVHQFDGRLITNEASP encoding is done for binary task with:
	-custom
		-f1: 0.8225190839694656
		-auroc: 0.8114080206394305
	-resnet
		-f1: 0.8857412653446648
		-auroc: 0.8766185787531433
2026-06-16 23:18:57 - __main__ - INFO - WCYKMVHQFDGRLITNEASP encoding is done for binary task with:
	-custom
		-f1: 0.8215297450424929
		-auroc: 0.8078463309493484
	-resnet
		-f1: 0.8869731800766284
		-auroc: 0.8803721302374188
2026-06-16 23:20:37 - __main__ - INFO - WCYKMVHQFDGRLITNEASP encoding is done for binary task with:
	-custom
		-f1: 0.814176245210728
		-auroc: 0.8035090297508247
	-resnet
		-f1: 0.8709677419354839
		-auroc: 0.8506233467228372
2026-06-16 23:22:17 - __main__ - INFO - WCYKMVHQFDGRLITNEASP encoding is done for binary task with:
	-custom
		-f1: 0.8175740210124164
		-auroc: 0.8063992031612292
	-resnet
		-f1: 0.8845070422535212
		-auroc: 0.8743080728911531
2026-06-16 23:24:03 - __main__ - INFO - WCYKMVHQFDGRLITNEASP encoding is done for binary task with:
	-custom
		-f1: 0.8193236714975846
		-auroc: 0.8110202148852095
	-resnet
		-f1: 0.8810916179337231
		-auroc: 0.8771900819698899
2026-06-16 23:25:53 - __main__ - INFO - WCYKMVHQFDGRLITNEASP encoding is done for binary task with:
	-custom
		-f1: 0.815028901734104
		-auroc: 0.8058195356128147
	-resnet
		-f1: 0.8903717826501429
		-auroc: 0.8831663727507266
2026-06-16 23:27:46 - __main__ - INFO - WCYKMVHQFDGRLITNEASP encoding is done for binary task with:
	-custom
		-f1: 0.8231939163498099
		-auroc: 0.8112161588452369
	-resnet
		-f1: 0.8838951310861424
		-auroc: 0.873152819960158
2026-06-16 23:29:41 - __main__ - INFO - WCYKMVHQFDGRLITNEASP encoding is done for binary task with:
	-custom
		-f1: 0.8193236714975846
		-auroc: 0.8110202148852095
	-resnet
		-f1: 0.8856868395773295
		-auroc: 0.8795046699977139
2026-06-16 23:31:35 - __main__ - INFO - WCYKMVHQFDGRLITNEASP encoding is done for binary task with:
	-custom
		-f1: 0.8158148505303761
		-auroc: 0.8068788576467131
	-resnet
		-f1: 0.8874773139745916
		-auroc: 0.871521994709513
2026-06-16 23:33:27 - __main__ - INFO - WCYKMVHQFDGRLITNEASP encoding is done for binary task with:
	-custom
		-f1: 0.8271844660194175
		-auroc: 0.8203622513961008
	-resnet
		-f1: 0.8768115942028986
		-auroc: 0.8592897847882173
2026-06-16 23:35:22 - __main__ - INFO - WCYKMVHQFDGRLITNEASP encoding is done for binary task with:
	-custom
		-f1: 0.8328502415458937
		-auroc: 0.8251792070801085
	-resnet
		-f1: 0.8984674329501916
		-auroc: 0.8925084092616178
2026-06-16 23:37:16 - __main__ - INFO - WCYKMVHQFDGRLITNEASP encoding is done for binary task with:
	-custom
		-f1: 0.8130841121495327
		-auroc: 0.796193788576467
	-resnet
		-f1: 0.8705673758865248
		-auroc: 0.8480250481695568
2026-06-16 23:39:09 - __main__ - INFO - WCYKMVHQFDGRLITNEASP encoding is done for binary task with:
	-custom
		-f1: 0.8185328185328186
		-auroc: 0.8099608928513111
	-resnet
		-f1: 0.8854368932038835
		-auroc: 0.8810436465170961
2026-06-16 23:41:04 - __main__ - INFO - WCYKMVHQFDGRLITNEASP encoding is done for binary task with:
	-custom
		-f1: 0.8194842406876791
		-auroc: 0.8084219163319291
	-resnet
		-f1: 0.8660869565217392
		-auroc: 0.8388789556186931
2026-06-16 23:42:57 - __main__ - INFO - WCYKMVHQFDGRLITNEASP encoding is done for binary task with:
	-custom
		-f1: 0.8090310442144873
		-auroc: 0.793495476960256
	-resnet
		-f1: 0.8769657724329325
		-auroc: 0.8634270598608798
2026-06-16 23:44:50 - __main__ - INFO - WCYKMVHQFDGRLITNEASP encoding is done for binary task with:
	-custom
		-f1: 0.8194842406876791
		-auroc: 0.8084219163319291
	-resnet
		-f1: 0.8713768115942029
		-auroc: 0.8532216452761178
2026-06-16 23:46:44 - __main__ - INFO - WCYKMVHQFDGRLITNEASP encoding is done for binary task with:
	-custom
		-f1: 0.8231939163498099
		-auroc: 0.8112161588452369
	-resnet
		-f1: 0.8515358361774744
		-auroc: 0.8175965840436302
2026-06-16 23:48:37 - __main__ - INFO - WCYKMVHQFDGRLITNEASP encoding is done for binary task with:
	-custom
		-f1: 0.8296296296296296
		-auroc: 0.811895839456582
	-resnet
		-f1: 0.8923076923076924
		-auroc: 0.8866321315437119
2026-06-16 23:50:30 - __main__ - INFO - WCYKMVHQFDGRLITNEASP encoding is done for binary task with:
	-custom
		-f1: 0.8277189605389798
		-auroc: 0.8189192057738154
	-resnet
		-f1: 0.8836772983114447
		-auroc: 0.8732487508572548
2026-06-16 23:52:20 - __main__ - INFO - WCYKMVHQFDGRLITNEASP encoding is done for binary task with:
	-custom
		-f1: 0.8152985074626866
		-auroc: 0.7981205708500702
	-resnet
		-f1: 0.8761220825852782
		-auroc: 0.8567874171320337
2026-06-16 23:54:11 - __main__ - INFO - WCYKMVHQFDGRLITNEASP encoding is done for binary task with:
	-custom
		-f1: 0.8221198156682028
		-auroc: 0.8025538029456909
	-resnet
		-f1: 0.8866359447004608
		-auroc: 0.8733487639201856
2026-06-16 23:56:01 - __main__ - INFO - WCYKMVHQFDGRLITNEASP encoding is done for binary task with:
	-custom
		-f1: 0.8170616113744076
		-auroc: 0.8039927664021423
	-resnet
		-f1: 0.8868274582560297
		-auroc: 0.8746958786453741
2026-06-16 23:57:52 - __main__ - INFO - WCYKMVHQFDGRLITNEASP encoding is done for binary task with:
	-custom
		-f1: 0.8261287223823247
		-auroc: 0.8168005617060188
	-resnet
		-f1: 0.8803016022620169
		-auroc: 0.870454508343947
2026-06-16 23:59:34 - __main__ - INFO - WCYKMVHQFDGRLITNEASP encoding is done for binary task with:
	-custom
		-f1: 0.8263821532492726
		-auroc: 0.8193029293622024
	-resnet
		-f1: 0.8747591522157996
		-auroc: 0.86852364390451
2026-06-17 00:01:17 - __main__ - INFO - WCYKMVHQFDGRLITNEASP encoding is done for binary task with:
	-custom
		-f1: 0.8225190839694656
		-auroc: 0.8114080206394305
	-resnet
		-f1: 0.8780487804878049
		-auroc: 0.8742039776623884
2026-06-17 00:03:00 - __main__ - INFO - WCYKMVHQFDGRLITNEASP encoding is done for binary task with:
	-custom
		-f1: 0.8106565176022835
		-auroc: 0.7981164886842362
	-resnet
		-f1: 0.8940092165898618
		-auroc: 0.8814396166029848
2026-06-17 00:04:45 - __main__ - INFO - WCYKMVHQFDGRLITNEASP encoding is done for binary task with:
	-custom
		-f1: 0.8269961977186312
		-auroc: 0.8152615851866366
	-resnet
		-f1: 0.8866171003717472
		-auroc: 0.8747918095424709
2026-06-17 00:06:23 - __main__ - INFO - WCYKMVHQFDGRLITNEASP encoding is done for binary task with:
	-custom
		-f1: 0.8148854961832062
		-auroc: 0.8033171679566312
	-resnet
		-f1: 0.8796992481203008
		-auroc: 0.8692992554129519
2026-06-17 00:08:02 - __main__ - INFO - WCYKMVHQFDGRLITNEASP encoding is done for binary task with:
	-custom
		-f1: 0.8204158790170132
		-auroc: 0.806882939812547
	-resnet
		-f1: 0.8684684684684685
		-auroc: 0.8488884262434278
2026-06-17 00:09:44 - __main__ - INFO - WCYKMVHQFDGRLITNEASP encoding is done for binary task with:
	-custom
		-f1: 0.8202676864244742
		-auroc: 0.8094812383658274
	-resnet
		-f1: 0.8653061224489796
		-auroc: 0.8692829267496163
2026-06-17 00:11:24 - __main__ - INFO - WCYKMVHQFDGRLITNEASP encoding is done for binary task with:
	-custom
		-f1: 0.8132075471698114
		-auroc: 0.7986961562326508
	-resnet
		-f1: 0.8642857142857143
		-auroc: 0.8423406322458443
2026-06-17 00:13:10 - __main__ - INFO - WCYKMVHQFDGRLITNEASP encoding is done for binary task with:
	-custom
		-f1: 0.8197343453510436
		-auroc: 0.8070748016067405
	-resnet
		-f1: 0.8737137511693172
		-auroc: 0.8619799320727606
2026-06-17 00:14:51 - __main__ - INFO - WCYKMVHQFDGRLITNEASP encoding is done for binary task with:
	-custom
		-f1: 0.8156638013371538
		-auroc: 0.8043764899905295
	-resnet
		-f1: 0.872
		-auroc: 0.8723690441200483
2026-06-17 00:16:33 - __main__ - INFO - WCYKMVHQFDGRLITNEASP encoding is done for binary task with:
	-custom
		-f1: 0.8235294117647058
		-auroc: 0.8149697103295125
	-resnet
		-f1: 0.8825831702544031
		-auroc: 0.8794046569347833
2026-06-17 00:18:15 - __main__ - INFO - WCYKMVHQFDGRLITNEASP encoding is done for binary task with:
	-custom
		-f1: 0.8265402843601896
		-auroc: 0.8141063322556417
	-resnet
		-f1: 0.8392226148409894
		-auroc: 0.8114243493027662
2026-06-17 00:19:54 - __main__ - INFO - WCYKMVHQFDGRLITNEASP encoding is done for binary task with:
	-custom
		-f1: 0.8076923076923077
		-auroc: 0.7976327520329186
	-resnet
		-f1: 0.861271676300578
		-auroc: 0.8543646517096111
2026-06-17 00:21:31 - __main__ - INFO - WCYKMVHQFDGRLITNEASP encoding is done for binary task with:
	-custom
		-f1: 0.8146718146718147
		-auroc: 0.8059154665099114
	-resnet
		-f1: 0.8909774436090225
		-auroc: 0.8814355344371511
2026-06-17 00:23:13 - __main__ - INFO - WCYKMVHQFDGRLITNEASP encoding is done for binary task with:
	-custom
		-f1: 0.8045540796963947
		-auroc: 0.7908930962411416
	-resnet
		-f1: 0.8882733148661126
		-auroc: 0.8754674079879822
2026-06-17 00:24:53 - __main__ - INFO - WCYKMVHQFDGRLITNEASP encoding is done for binary task with:
	-custom
		-f1: 0.8180943214629451
		-auroc: 0.8088056399203162
	-resnet
		-f1: 0.8754716981132076
		-auroc: 0.8654456908657457
2026-06-17 00:26:35 - __main__ - INFO - WCYKMVHQFDGRLITNEASP encoding is done for binary task with:
	-custom
		-f1: 0.8182701652089407
		-auroc: 0.8113080075764998
	-resnet
		-f1: 0.8822984244670992
		-auroc: 0.8695911302700762
2026-06-17 00:28:16 - __main__ - INFO - WCYKMVHQFDGRLITNEASP encoding is done for binary task with:
	-custom
		-f1: 0.8271251193887297
		-auroc: 0.8165127690147285
	-resnet
		-f1: 0.8843663274745606
		-auroc: 0.8715179125436792
2026-06-17 00:29:55 - __main__ - INFO - WCYKMVHQFDGRLITNEASP encoding is done for binary task with:
	-custom
		-f1: 0.8293153326904532
		-auroc: 0.821037849841612
	-resnet
		-f1: 0.8805528134254689
		-auroc: 0.8788249893863689
2026-06-17 00:31:37 - __main__ - INFO - WCYKMVHQFDGRLITNEASP encoding is done for binary task with:
	-custom
		-f1: 0.8221574344023324
		-auroc: 0.8153534339178994
	-resnet
		-f1: 0.8794599807135969
		-auroc: 0.8736283922798079
2026-06-17 00:33:14 - __main__ - INFO - WCYKMVHQFDGRLITNEASP encoding is done for binary task with:
	-custom
		-f1: 0.8198874296435272
		-auroc: 0.80447650305346
	-resnet
		-f1: 0.8886774500475737
		-auroc: 0.88104772868293
2026-06-17 00:34:54 - __main__ - INFO - WCYKMVHQFDGRLITNEASP encoding is done for binary task with:
	-custom
		-f1: 0.8283018867924529
		-auroc: 0.8148778615982495
	-resnet
		-f1: 0.8796019900497513
		-auroc: 0.8792087129747559
2026-06-17 00:36:37 - __main__ - INFO - WCYKMVHQFDGRLITNEASP encoding is done for binary task with:
	-custom
		-f1: 0.8142444658325313
		-auroc: 0.8047602135789165
	-resnet
		-f1: 0.8515864892528148
		-auroc: 0.8562791874857124
2026-06-17 00:38:25 - __main__ - INFO - WCYKMVHQFDGRLITNEASP encoding is done for binary task with:
	-custom
		-f1: 0.8233046800382043
		-auroc: 0.8124673426733288
	-resnet
		-f1: 0.835
		-auroc: 0.7919809934358774
2026-06-17 00:40:10 - __main__ - INFO - WCYKMVHQFDGRLITNEASP encoding is done for binary task with:
	-custom
		-f1: 0.8203650336215178
		-auroc: 0.8107324221939192
	-resnet
		-f1: 0.8711194731890874
		-auroc: 0.860245011593351
2026-06-17 00:41:48 - __main__ - INFO - WCYKMVHQFDGRLITNEASP encoding is done for binary task with:
	-custom
		-f1: 0.8213592233009709
		-auroc: 0.8142941118840012
	-resnet
		-f1: 0.8674275680421423
		-auroc: 0.842440645308775
2026-06-17 00:43:26 - __main__ - INFO - WCYKMVHQFDGRLITNEASP encoding is done for binary task with:
	-custom
		-f1: 0.8193916349809885
		-auroc: 0.8071707325038373
	-resnet
		-f1: 0.863593603010348
		-auroc: 0.8521541589105516
2026-06-17 00:45:04 - __main__ - INFO - WCYKMVHQFDGRLITNEASP encoding is done for binary task with:
	-custom
		-f1: 0.8265107212475633
		-auroc: 0.8205541131902943
	-resnet
		-f1: 0.8856868395773295
		-auroc: 0.8795046699977139
2026-06-17 00:46:42 - __main__ - INFO - WCYKMVHQFDGRLITNEASP encoding is done for binary task with:
	-custom
		-f1: 0.8217349857006673
		-auroc: 0.8103486986055322
	-resnet
		-f1: 0.8676616915422886
		-auroc: 0.8670724339505569
2026-06-17 00:48:18 - __main__ - INFO - WCYKMVHQFDGRLITNEASP encoding is done for binary task with:
	-custom
		-f1: 0.8185255198487713
		-auroc: 0.804860226641847
	-resnet
		-f1: 0.8805834092980857
		-auroc: 0.8646823258548055
2026-06-17 00:49:56 - __main__ - INFO - WCYKMVHQFDGRLITNEASP encoding is done for binary task with:
	-custom
		-f1: 0.8222862632084534
		-auroc: 0.812755135364619
	-resnet
		-f1: 0.8732654949121184
		-auroc: 0.8593816335194802
2026-06-17 00:51:33 - __main__ - INFO - WCYKMVHQFDGRLITNEASP encoding is done for binary task with:
	-custom
		-f1: 0.8179162609542356
		-auroc: 0.8114039384735966
	-resnet
		-f1: 0.8698284561049445
		-auroc: 0.8717893765716339
2026-06-17 00:53:09 - __main__ - INFO - WCYKMVHQFDGRLITNEASP encoding is done for binary task with:
	-custom
		-f1: 0.8249763481551561
		-auroc: 0.811987688187845
	-resnet
		-f1: 0.8707070707070707
		-auroc: 0.8728486986055322
2026-06-17 00:54:48 - __main__ - INFO - WCYKMVHQFDGRLITNEASP encoding is done for binary task with:
	-custom
		-f1: 0.8223938223938224
		-auroc: 0.8140063191927108
	-resnet
		-f1: 0.8544358311800172
		-auroc: 0.823180986904412
2026-06-17 00:56:36 - __main__ - INFO - WCYKMVHQFDGRLITNEASP encoding is done for binary task with:
	-custom
		-f1: 0.8235294117647058
		-auroc: 0.8149697103295125
	-resnet
		-f1: 0.8714975845410629
		-auroc: 0.8656334704941054
2026-06-17 00:58:25 - __main__ - INFO - WCYKMVHQFDGRLITNEASP encoding is done for binary task with:
	-custom
		-f1: 0.8227611940298507
		-auroc: 0.8062114235328696
	-resnet
		-f1: 0.8739495798319328
		-auroc: 0.8618840011756638
2026-06-17 01:00:04 - __main__ - INFO - WCYKMVHQFDGRLITNEASP encoding is done for binary task with:
	-custom
		-f1: 0.818957345971564
		-auroc: 0.8060154795728423
	-resnet
		-f1: 0.8806112702960841
		-auroc: 0.8731487377943242
2026-06-17 01:01:44 - __main__ - INFO - WCYKMVHQFDGRLITNEASP encoding is done for binary task with:
	-custom
		-f1: 0.826868495742668
		-auroc: 0.8140104013585447
	-resnet
		-f1: 0.8793103448275862
		-auroc: 0.8722812775546194
2026-06-17 01:03:25 - __main__ - INFO - WCYKMVHQFDGRLITNEASP encoding is done for binary task with:
	-custom
		-f1: 0.8279883381924198
		-auroc: 0.821421573429999
	-resnet
		-f1: 0.8895238095238095
		-auroc: 0.8821070507168284
2026-06-17 01:05:05 - __main__ - INFO - WCYKMVHQFDGRLITNEASP encoding is done for binary task with:
	-custom
		-f1: 0.8333333333333334
		-auroc: 0.8211378629045425
	-resnet
		-f1: 0.8760975609756098
		-auroc: 0.8721812644916888
2026-06-17 01:06:43 - __main__ - INFO - WCYKMVHQFDGRLITNEASP encoding is done for binary task with:
	-custom
		-f1: 0.8269961977186312
		-auroc: 0.8152615851866366
	-resnet
		-f1: 0.8377518557794273
		-auroc: 0.8498191600535581
2026-06-17 01:08:28 - __main__ - INFO - WCYKMVHQFDGRLITNEASP encoding is done for binary task with:
	-custom
		-f1: 0.8272058823529411
		-auroc: 0.8074666895267953
	-resnet
		-f1: 0.8767377201112141
		-auroc: 0.8635229907579764
2026-06-17 01:10:13 - __main__ - INFO - WCYKMVHQFDGRLITNEASP encoding is done for binary task with:
	-custom
		-f1: 0.8212927756653993
		-auroc: 0.8091934456745371
	-resnet
		-f1: 0.8476936466492603
		-auroc: 0.817688432774893
2026-06-17 01:12:01 - __main__ - INFO - WCYKMVHQFDGRLITNEASP encoding is done for binary task with:
	-custom
		-f1: 0.8198284080076264
		-auroc: 0.8083259854348324
	-resnet
		-f1: 0.8829981718464351
		-auroc: 0.8678602919565004
2026-06-17 01:13:39 - __main__ - INFO - WCYKMVHQFDGRLITNEASP encoding is done for binary task with:
	-custom
		-f1: 0.8184438040345822
		-auroc: 0.8087097090232194
	-resnet
		-f1: 0.7990196078431373
		-auroc: 0.7422847065739199
2026-06-17 01:15:16 - __main__ - INFO - WCYKMVHQFDGRLITNEASP encoding is done for binary task with:
	-custom
		-f1: 0.8262910798122066
		-auroc: 0.8116039645994578
	-resnet
		-f1: 0.8870214752567693
		-auroc: 0.8760429933705627
2026-06-17 01:16:54 - __main__ - INFO - WCYKMVHQFDGRLITNEASP encoding is done for binary task with:
	-custom
		-f1: 0.8259187620889749
		-auroc: 0.8181476764312074
	-resnet
		-f1: 0.8245315161839863
		-auroc: 0.7851372424153359
2026-06-17 01:18:35 - __main__ - INFO - WCYKMVHQFDGRLITNEASP encoding is done for binary task with:
	-custom
		-f1: 0.8288973384030418
		-auroc: 0.8172842983573365
	-resnet
		-f1: 0.884304932735426
		-auroc: 0.8658416609516345
2026-06-17 01:20:20 - __main__ - INFO - WCYKMVHQFDGRLITNEASP encoding is done for binary task with:
	-custom
		-f1: 0.8202676864244742
		-auroc: 0.8094812383658274
	-resnet
		-f1: 0.8646209386281588
		-auroc: 0.8449389307991247
2026-06-17 01:22:04 - __main__ - INFO - WCYKMVHQFDGRLITNEASP encoding is done for binary task with:
	-custom
		-f1: 0.8208092485549133
		-auroc: 0.8118876751249142
	-resnet
		-f1: 0.8931297709923665
		-auroc: 0.8862484079553248
2026-06-17 01:23:50 - __main__ - INFO - WCYKMVHQFDGRLITNEASP encoding is done for binary task with:
	-custom
		-f1: 0.829686013320647
		-auroc: 0.8183436203912348
	-resnet
		-f1: 0.8814192343604108
		-auroc: 0.8699748538584631
2026-06-17 01:25:42 - __main__ - INFO - WCYKMVHQFDGRLITNEASP encoding is done for binary task with:
	-custom
		-f1: 0.8243114909781576
		-auroc: 0.8121795499820385
	-resnet
		-f1: 0.8756855575868373
		-auroc: 0.859769439273701
2026-06-17 01:27:27 - __main__ - INFO - WCYKMVHQFDGRLITNEASP encoding is done for binary task with:
	-custom
		-f1: 0.8206572769953052
		-auroc: 0.8055358250873583
	-resnet
		-f1: 0.8363019508057676
		-auroc: 0.7980450507821429
2026-06-17 01:29:07 - __main__ - INFO - WCYKMVHQFDGRLITNEASP encoding is done for binary task with:
	-custom
		-f1: 0.8131021194605009
		-auroc: 0.8037968224421148
	-resnet
		-f1: 0.885308056872038
		-auroc: 0.8768104405473368
2026-06-17 01:30:58 - __main__ - INFO - WCYKMVHQFDGRLITNEASP encoding is done for binary task with:
	-custom
		-f1: 0.8171428571428572
		-auroc: 0.8052439502302341
	-resnet
		-f1: 0.8862602365787079
		-auroc: 0.8706545344698082
2026-06-17 01:32:44 - __main__ - INFO - WCYKMVHQFDGRLITNEASP encoding is done for binary task with:
	-custom
		-f1: 0.8118433619866284
		-auroc: 0.8003310636491298
	-resnet
		-f1: 0.8921933085501859
		-auroc: 0.8808599490545704
2026-06-17 01:34:23 - __main__ - INFO - WCYKMVHQFDGRLITNEASP encoding is done for binary task with:
	-custom
		-f1: 0.821256038647343
		-auroc: 0.8130429280559094
	-resnet
		-f1: 0.8851485148514852
		-auroc: 0.8840256686587636
2026-06-17 01:36:04 - __main__ - INFO - WCYKMVHQFDGRLITNEASP encoding is done for binary task with:
	-custom
		-f1: 0.813780260707635
		-auroc: 0.7960019267822736
	-resnet
		-f1: 0.8776844070961718
		-auroc: 0.8659294275170635
2026-06-17 01:37:46 - __main__ - INFO - WCYKMVHQFDGRLITNEASP encoding is done for binary task with:
	-custom
		-f1: 0.8279158699808795
		-auroc: 0.8175720910486268
	-resnet
		-f1: 0.8701684836471755
		-auroc: 0.8689032853270631
2026-06-17 01:39:21 - __main__ - INFO - WCYKMVHQFDGRLITNEASP encoding is done for binary task with:
	-custom
		-f1: 0.823751178133836
		-auroc: 0.8097731132229516
	-resnet
		-f1: 0.8698817106460418
		-auroc: 0.8524501159335096
2026-06-17 01:41:02 - __main__ - INFO - WCYKMVHQFDGRLITNEASP encoding is done for binary task with:
	-custom
		-f1: 0.823751178133836
		-auroc: 0.8097731132229516
	-resnet
		-f1: 0.8838951310861424
		-auroc: 0.873152819960158
2026-06-17 01:42:44 - __main__ - INFO - WCYKMVHQFDGRLITNEASP encoding is done for binary task with:
	-custom
		-f1: 0.8209099709583737
		-auroc: 0.8131388589530061
	-resnet
		-f1: 0.8846153846153846
		-auroc: 0.8785412788609125
2026-06-17 01:44:18 - __main__ - INFO - WCYKMVHQFDGRLITNEASP encoding is done for binary task with:
	-custom
		-f1: 0.8266166822867854
		-auroc: 0.8115080337023611
	-resnet
		-f1: 0.8899707887049659
		-auroc: 0.8862443257894909
2026-06-17 01:46:00 - __main__ - INFO - WCYKMVHQFDGRLITNEASP encoding is done for binary task with:
	-custom
		-f1: 0.8271251193887297
		-auroc: 0.8165127690147285
	-resnet
		-f1: 0.8289036544850499
		-auroc: 0.7836982789588844
2026-06-17 01:47:38 - __main__ - INFO - WCYKMVHQFDGRLITNEASP encoding is done for binary task with:
	-custom
		-f1: 0.8213944603629417
		-auroc: 0.810444629502629
	-resnet
		-f1: 0.8916349809885932
		-auroc: 0.8840338329904315
2026-06-17 01:49:23 - __main__ - INFO - WCYKMVHQFDGRLITNEASP encoding is done for binary task with:
	-custom
		-f1: 0.8205128205128205
		-auroc: 0.8081341236406387
	-resnet
		-f1: 0.8774774774774775
		-auroc: 0.859001992096927
2026-06-17 01:50:59 - __main__ - INFO - WCYKMVHQFDGRLITNEASP encoding is done for binary task with:
	-custom
		-f1: 0.8247821878025169
		-auroc: 0.8171842852944058
	-resnet
		-f1: 0.885024154589372
		-auroc: 0.8797924626890044
2026-06-17 01:52:38 - __main__ - INFO - WCYKMVHQFDGRLITNEASP encoding is done for binary task with:
	-custom
		-f1: 0.8144624167459562
		-auroc: 0.802161915025636
	-resnet
		-f1: 0.8715509039010466
		-auroc: 0.8628433101466314
2026-06-17 01:54:15 - __main__ - INFO - WCYKMVHQFDGRLITNEASP encoding is done for binary task with:
	-custom
		-f1: 0.8076555023923445
		-auroc: 0.7963815682048268
	-resnet
		-f1: 0.8826205641492265
		-auroc: 0.8666091081284085
2026-06-17 01:55:54 - __main__ - INFO - WCYKMVHQFDGRLITNEASP encoding is done for binary task with:
	-custom
		-f1: 0.8252148997134671
		-auroc: 0.8144900558440286
	-resnet
		-f1: 0.8724954462659381
		-auroc: 0.8555321511381079
2026-06-17 01:57:31 - __main__ - INFO - WCYKMVHQFDGRLITNEASP encoding is done for binary task with:
	-custom
		-f1: 0.8121442125237192
		-auroc: 0.7989839489239412
	-resnet
		-f1: 0.8748824082784572
		-auroc: 0.8642904379347506
2026-06-17 01:59:10 - __main__ - INFO - WCYKMVHQFDGRLITNEASP encoding is done for binary task with:
	-custom
		-f1: 0.821944177093359
		-auroc: 0.8128510662617159
	-resnet
		-f1: 0.8694869486948695
		-auroc: 0.8498518173802293
2026-06-17 02:00:48 - __main__ - INFO - WCYKMVHQFDGRLITNEASP encoding is done for binary task with:
	-custom
		-f1: 0.8244422890397672
		-auroc: 0.8172802161915026
	-resnet
		-f1: 0.8653667595171773
		-auroc: 0.8514826426308743
2026-06-17 02:02:26 - __main__ - INFO - WCYKMVHQFDGRLITNEASP encoding is done for binary task with:
	-custom
		-f1: 0.8268156424581006
		-auroc: 0.8101609189771726
	-resnet
		-f1: 0.8537313432835821
		-auroc: 0.8529134417556579
2026-06-17 02:04:04 - __main__ - INFO - WCYKMVHQFDGRLITNEASP encoding is done for binary task with:
	-custom
		-f1: 0.8169811320754717
		-auroc: 0.8027415825740505
	-resnet
		-f1: 0.8784029038112523
		-auroc: 0.8614084288560139
2026-06-17 02:05:40 - __main__ - INFO - WCYKMVHQFDGRLITNEASP encoding is done for binary task with:
	-custom
		-f1: 0.8059981255857545
		-auroc: 0.7892581888246628
	-resnet
		-f1: 0.878001921229587
		-auroc: 0.8714138173149146
2026-06-17 02:07:15 - __main__ - INFO - WCYKMVHQFDGRLITNEASP encoding is done for binary task with:
	-custom
		-f1: 0.8184438040345822
		-auroc: 0.8087097090232194
	-resnet
		-f1: 0.8905660377358491
		-auroc: 0.8816273962313446
2026-06-17 02:08:53 - __main__ - INFO - WCYKMVHQFDGRLITNEASP encoding is done for binary task with:
	-custom
		-f1: 0.8148854961832062
		-auroc: 0.8033171679566312
	-resnet
		-f1: 0.8083700440528634
		-auroc: 0.830259462460403
2026-06-17 02:10:30 - __main__ - INFO - WCYKMVHQFDGRLITNEASP encoding is done for binary task with:
	-custom
		-f1: 0.8135593220338984
		-auroc: 0.7986002253355541
	-resnet
		-f1: 0.8789323164918971
		-auroc: 0.8710300937265276
2026-06-17 02:12:07 - __main__ - INFO - WCYKMVHQFDGRLITNEASP encoding is done for binary task with:
	-custom
		-f1: 0.8178368121442126
		-auroc: 0.8050520884360406
	-resnet
		-f1: 0.8518518518518519
		-auroc: 0.8254874106005683
2026-06-17 02:13:45 - __main__ - INFO - WCYKMVHQFDGRLITNEASP encoding is done for binary task with:
	-custom
		-f1: 0.8161350844277674
		-auroc: 0.8004310767120604
	-resnet
		-f1: 0.8801534036433365
		-auroc: 0.8733405995885176
2026-06-17 02:15:23 - __main__ - INFO - WCYKMVHQFDGRLITNEASP encoding is done for binary task with:
	-custom
		-f1: 0.8290840415486308
		-auroc: 0.8159371836321478
	-resnet
		-f1: 0.8611111111111112
		-auroc: 0.8327148852094968
2026-06-17 02:17:01 - __main__ - INFO - WCYKMVHQFDGRLITNEASP encoding is done for binary task with:
	-custom
		-f1: 0.8222013170272813
		-auroc: 0.807654469155155
	-resnet
		-f1: 0.8505747126436781
		-auroc: 0.8592612096273798
2026-06-17 02:18:40 - __main__ - INFO - WCYKMVHQFDGRLITNEASP encoding is done for binary task with:
	-custom
		-f1: 0.8146013448607109
		-auroc: 0.8046642826818197
	-resnet
		-f1: 0.8301886792452831
		-auroc: 0.7936118186865223
2026-06-17 02:20:26 - __main__ - INFO - WCYKMVHQFDGRLITNEASP encoding is done for binary task with:
	-custom
		-f1: 0.8244274809160306
		-auroc: 0.8134307338101303
	-resnet
		-f1: 0.8626373626373627
		-auroc: 0.8457063779758989
2026-06-17 02:22:11 - __main__ - INFO - WCYKMVHQFDGRLITNEASP encoding is done for binary task with:
	-custom
		-f1: 0.8224121557454891
		-auroc: 0.8101568368113387
	-resnet
		-f1: 0.871694417238002
		-auroc: 0.8683276999444826
2026-06-17 02:23:50 - __main__ - INFO - WCYKMVHQFDGRLITNEASP encoding is done for binary task with:
	-custom
		-f1: 0.8213944603629417
		-auroc: 0.810444629502629
	-resnet
		-f1: 0.8652612282309807
		-auroc: 0.848788413180497
2026-06-17 02:25:31 - __main__ - INFO - WCYKMVHQFDGRLITNEASP encoding is done for binary task with:
	-custom
		-f1: 0.8142589118198874
		-auroc: 0.7984083635413606
	-resnet
		-f1: 0.8860055607043559
		-auroc: 0.8736365566114758
2026-06-17 02:27:12 - __main__ - INFO - WCYKMVHQFDGRLITNEASP encoding is done for binary task with:
	-custom
		-f1: 0.8198284080076264
		-auroc: 0.8083259854348324
	-resnet
		-f1: 0.8776065276518585
		-auroc: 0.8603491068221155
2026-06-17 02:28:56 - __main__ - INFO - WCYKMVHQFDGRLITNEASP encoding is done for binary task with:
	-custom
		-f1: 0.8186046511627907
		-auroc: 0.8010107442604748
	-resnet
		-f1: 0.8755760368663594
		-auroc: 0.8612124848959863
2026-06-17 02:30:36 - __main__ - INFO - WCYKMVHQFDGRLITNEASP encoding is done for binary task with:
	-custom
		-f1: 0.8202676864244742
		-auroc: 0.8094812383658274
	-resnet
		-f1: 0.8446005267778753
		-auroc: 0.8161453740896771
2026-06-17 02:32:22 - __main__ - INFO - WCYKMVHQFDGRLITNEASP encoding is done for binary task with:
	-custom
		-f1: 0.830078125
		-auroc: 0.8246954704287908
	-resnet
		-f1: 0.8756855575868373
		-auroc: 0.859769439273701
2026-06-17 02:34:12 - __main__ - INFO - WCYKMVHQFDGRLITNEASP encoding is done for binary task with:
	-custom
		-f1: 0.826044703595724
		-auroc: 0.8193988602592993
	-resnet
		-f1: 0.885956644674835
		-auroc: 0.8765226478560465
2026-06-17 02:35:57 - __main__ - INFO - WCYKMVHQFDGRLITNEASP encoding is done for binary task with:
	-custom
		-f1: 0.8231884057971014
		-auroc: 0.8150656412266092
	-resnet
		-f1: 0.8704379562043796
		-auroc: 0.8536053688645048
2026-06-17 02:37:47 - __main__ - INFO - WCYKMVHQFDGRLITNEASP encoding is done for binary task with:
	-custom
		-f1: 0.8072519083969466
		-auroc: 0.7952263152738317
	-resnet
		-f1: 0.8930232558139535
		-auroc: 0.8819192710884687
2026-06-17 02:39:26 - __main__ - INFO - WCYKMVHQFDGRLITNEASP encoding is done for binary task with:
	-custom
		-f1: 0.821944177093359
		-auroc: 0.8128510662617159
	-resnet
		-f1: 0.8694852941176471
		-auroc: 0.8539890924528919
2026-06-17 02:41:07 - __main__ - INFO - WCYKMVHQFDGRLITNEASP encoding is done for binary task with:
	-custom
		-f1: 0.8227360308285164
		-auroc: 0.8139103882956141
	-resnet
		-f1: 0.8806509945750453
		-auroc: 0.8632392802325202
2026-06-17 02:42:44 - __main__ - INFO - WCYKMVHQFDGRLITNEASP encoding is done for binary task with:
	-custom
		-f1: 0.8204633204633205
		-auroc: 0.811983606022011
	-resnet
		-f1: 0.8916827852998066
		-auroc: 0.886919924235002
2026-06-17 02:44:22 - __main__ - INFO - WCYKMVHQFDGRLITNEASP encoding is done for binary task with:
	-custom
		-f1: 0.8167141500474834
		-auroc: 0.8040886972992392
	-resnet
		-f1: 0.8759541984732825
		-auroc: 0.8680439894190259
2026-06-17 02:46:00 - __main__ - INFO - WCYKMVHQFDGRLITNEASP encoding is done for binary task with:
	-custom
		-f1: 0.8351012536162006
		-auroc: 0.8271059893537116
	-resnet
		-f1: 0.8801571709233792
		-auroc: 0.8775738055582769
2026-06-17 02:47:39 - __main__ - INFO - WCYKMVHQFDGRLITNEASP encoding is done for binary task with:
	-custom
		-f1: 0.8109125117591721
		-auroc: 0.7955181901309558
	-resnet
		-f1: 0.8870056497175142
		-auroc: 0.877486038992848
2026-06-17 02:49:16 - __main__ - INFO - WCYKMVHQFDGRLITNEASP encoding is done for binary task with:
	-custom
		-f1: 0.8184438040345822
		-auroc: 0.8087097090232194
	-resnet
		-f1: 0.8271068635968722
		-auroc: 0.7933199438293981
2026-06-17 02:50:53 - __main__ - INFO - WCYKMVHQFDGRLITNEASP encoding is done for binary task with:
	-custom
		-f1: 0.8285163776493256
		-auroc: 0.8199785278077136
	-resnet
		-f1: 0.8932584269662921
		-auroc: 0.8832663858136574
2026-06-17 02:52:27 - __main__ - INFO - WCYKMVHQFDGRLITNEASP encoding is done for binary task with:
	-custom
		-f1: 0.8210332103321033
		-auroc: 0.8015904118088893
	-resnet
		-f1: 0.7733026467203682
		-auroc: 0.8088689134907416
2026-06-17 02:54:06 - __main__ - INFO - WCYKMVHQFDGRLITNEASP encoding is done for binary task with:
	-custom
		-f1: 0.8264621284755513
		-auroc: 0.816704630808922
	-resnet
		-f1: 0.8774422735346359
		-auroc: 0.8562118317494529
2026-06-17 02:55:42 - __main__ - INFO - WCYKMVHQFDGRLITNEASP encoding is done for binary task with:
	-custom
		-f1: 0.8175740210124164
		-auroc: 0.8063992031612292
	-resnet
		-f1: 0.8852459016393442
		-auroc: 0.8796965317919074
2026-06-17 02:57:19 - __main__ - INFO - WCYKMVHQFDGRLITNEASP encoding is done for binary task with:
	-custom
		-f1: 0.8194842406876791
		-auroc: 0.8084219163319291
	-resnet
		-f1: 0.8830409356725146
		-auroc: 0.8792127951405897
2026-06-17 02:58:56 - __main__ - INFO - WCYKMVHQFDGRLITNEASP encoding is done for binary task with:
	-custom
		-f1: 0.8216007714561234
		-auroc: 0.8129469971588126
	-resnet
		-f1: 0.8759259259259259
		-auroc: 0.8624636687240784
2026-06-17 03:00:35 - __main__ - INFO - WCYKMVHQFDGRLITNEASP encoding is done for binary task with:
	-custom
		-f1: 0.8242074927953891
		-auroc: 0.8147778485353188
	-resnet
		-f1: 0.8799249530956847
		-auroc: 0.8692033245158551
2026-06-17 03:02:13 - __main__ - INFO - WCYKMVHQFDGRLITNEASP encoding is done for binary task with:
	-custom
		-f1: 0.8200757575757576
		-auroc: 0.8069788707096438
	-resnet
		-f1: 0.8768115942028986
		-auroc: 0.8592897847882173
2026-06-17 03:03:52 - __main__ - INFO - WCYKMVHQFDGRLITNEASP encoding is done for binary task with:
	-custom
		-f1: 0.8155893536121673
		-auroc: 0.8031253061624375
	-resnet
		-f1: 0.8833172613307618
		-auroc: 0.8776738186212076
2026-06-17 03:05:28 - __main__ - INFO - WCYKMVHQFDGRLITNEASP encoding is done for binary task with:
	-custom
		-f1: 0.814453125
		-auroc: 0.808513765063192
	-resnet
		-f1: 0.8733205374280231
		-auroc: 0.8663090689396166
2026-06-17 03:07:07 - __main__ - INFO - WCYKMVHQFDGRLITNEASP encoding is done for binary task with:
	-custom
		-f1: 0.8159392789373814
		-auroc: 0.8030293752653408
	-resnet
		-f1: 0.8638334778837814
		-auroc: 0.835700989516998
2026-06-17 03:08:43 - __main__ - INFO - WCYKMVHQFDGRLITNEASP encoding is done for binary task with:
	-custom
		-f1: 0.8235294117647058
		-auroc: 0.8111202279481402
	-resnet
		-f1: 0.8822463768115942
		-auroc: 0.8653579243003168
2026-06-17 03:10:22 - __main__ - INFO - WCYKMVHQFDGRLITNEASP encoding is done for binary task with:
	-custom
		-f1: 0.8200192492781521
		-auroc: 0.810828353091016
	-resnet
		-f1: 0.8644906033630069
		-auroc: 0.8627392149178668
2026-06-17 03:11:59 - __main__ - INFO - WCYKMVHQFDGRLITNEASP encoding is done for binary task with:
	-custom
		-f1: 0.8245283018867925
		-auroc: 0.8108324352568499
	-resnet
		-f1: 0.8686131386861314
		-auroc: 0.8515826556938049
2026-06-17 03:13:37 - __main__ - INFO - WCYKMVHQFDGRLITNEASP encoding is done for binary task with:
	-custom
		-f1: 0.815311004784689
		-auroc: 0.8044724208876262
	-resnet
		-f1: 0.8738404452690167
		-auroc: 0.8605368864504752
2026-06-17 03:15:13 - __main__ - INFO - WCYKMVHQFDGRLITNEASP encoding is done for binary task with:
	-custom
		-f1: 0.8244422890397672
		-auroc: 0.8172802161915026
	-resnet
		-f1: 0.8926875593542261
		-auroc: 0.884997224127233
2026-06-17 03:16:50 - __main__ - INFO - WCYKMVHQFDGRLITNEASP encoding is done for binary task with:
	-custom
		-f1: 0.8143939393939394
		-auroc: 0.8009107311975442
	-resnet
		-f1: 0.8897560975609756
		-auroc: 0.8863402566865877
2026-06-17 03:18:26 - __main__ - INFO - WCYKMVHQFDGRLITNEASP encoding is done for binary task with:
	-custom
		-f1: 0.817752596789424
		-auroc: 0.8038009046079488
	-resnet
		-f1: 0.8797763280521901
		-auroc: 0.8678562097906666
2026-06-17 03:20:05 - __main__ - INFO - WCYKMVHQFDGRLITNEASP encoding is done for binary task with:
	-custom
		-f1: 0.8295019157088123
		-auroc: 0.8196907351164234
	-resnet
		-f1: 0.8875739644970414
		-auroc: 0.8858565200352698
2026-06-17 03:21:44 - __main__ - INFO - WCYKMVHQFDGRLITNEASP encoding is done for binary task with:
	-custom
		-f1: 0.8217349857006673
		-auroc: 0.8103486986055322
	-resnet
		-f1: 0.8725939505041247
		-auroc: 0.8568792658632964
2026-06-17 03:23:22 - __main__ - INFO - WCYKMVHQFDGRLITNEASP encoding is done for binary task with:
	-custom
		-f1: 0.8067542213883677
		-auroc: 0.7903175108585612
	-resnet
		-f1: 0.8867745004757374
		-auroc: 0.8790250155122302
2026-06-17 03:25:03 - __main__ - INFO - WCYKMVHQFDGRLITNEASP encoding is done for binary task with:
	-custom
		-f1: 0.8244274809160306
		-auroc: 0.8134307338101303
	-resnet
		-f1: 0.8818897637795275
		-auroc: 0.8796924496260735
2026-06-17 03:26:41 - __main__ - INFO - WCYKMVHQFDGRLITNEASP encoding is done for binary task with:
	-custom
		-f1: 0.8152380952380952
		-auroc: 0.8032212370595343
	-resnet
		-f1: 0.876953125
		-auroc: 0.873240586525587
2026-06-17 03:28:20 - __main__ - INFO - WCYKMVHQFDGRLITNEASP encoding is done for binary task with:
	-custom
		-f1: 0.8216007714561234
		-auroc: 0.8129469971588126
	-resnet
		-f1: 0.8768939393939394
		-auroc: 0.867660265830639
2026-06-17 03:30:01 - __main__ - INFO - WCYKMVHQFDGRLITNEASP encoding is done for binary task with:
	-custom
		-f1: 0.8256704980842912
		-auroc: 0.8156453087750236
	-resnet
		-f1: 0.9012229539040452
		-auroc: 0.8926084223245485
2026-06-17 03:31:42 - __main__ - INFO - WCYKMVHQFDGRLITNEASP encoding is done for binary task with:
	-custom
		-f1: 0.8180961357210179
		-auroc: 0.8037049737108519
	-resnet
		-f1: 0.8646684831970936
		-auroc: 0.8462860455243133
2026-06-17 03:33:34 - __main__ - INFO - WCYKMVHQFDGRLITNEASP encoding is done for binary task with:
	-custom
		-f1: 0.8177434908389586
		-auroc: 0.8089015708174128
	-resnet
		-f1: 0.8747591522157996
		-auroc: 0.86852364390451
2026-06-17 03:35:25 - __main__ - INFO - WCYKMVHQFDGRLITNEASP encoding is done for binary task with:
	-custom
		-f1: 0.8200757575757576
		-auroc: 0.8069788707096438
	-resnet
		-f1: 0.875829383886256
		-auroc: 0.8666968746938376
2026-06-17 03:37:14 - __main__ - INFO - WCYKMVHQFDGRLITNEASP encoding is done for binary task with:
	-custom
		-f1: 0.8067860508953817
		-auroc: 0.7915686946866529
	-resnet
		-f1: 0.892925430210325
		-auroc: 0.8863443388524216
2026-06-17 03:39:02 - __main__ - INFO - WCYKMVHQFDGRLITNEASP encoding is done for binary task with:
	-custom
		-f1: 0.8193916349809885
		-auroc: 0.8071707325038373
	-resnet
		-f1: 0.8819641170915958
		-auroc: 0.8725731524117435
2026-06-17 03:40:45 - __main__ - INFO - WCYKMVHQFDGRLITNEASP encoding is done for binary task with:
	-custom
		-f1: 0.8164435946462715
		-auroc: 0.8054358120244277
	-resnet
		-f1: 0.8654545454545455
		-auroc: 0.8473453675582117
2026-06-17 03:42:22 - __main__ - INFO - WCYKMVHQFDGRLITNEASP encoding is done for binary task with:
	-custom
		-f1: 0.829686013320647
		-auroc: 0.8183436203912348
	-resnet
		-f1: 0.8700460829493087
		-auroc: 0.8551443453838867
2026-06-17 03:44:01 - __main__ - INFO - WCYKMVHQFDGRLITNEASP encoding is done for binary task with:
	-custom
		-f1: 0.8188824662813102
		-auroc: 0.8098649619542145
	-resnet
		-f1: 0.8822966507177034
		-auroc: 0.8752673818621207
2026-06-17 03:45:40 - __main__ - INFO - WCYKMVHQFDGRLITNEASP encoding is done for binary task with:
	-custom
		-f1: 0.8218390804597702
		-auroc: 0.811599882433624
	-resnet
		-f1: 0.8714285714285714
		-auroc: 0.8504314849286438
2026-06-17 03:47:21 - __main__ - INFO - WCYKMVHQFDGRLITNEASP encoding is done for binary task with:
	-custom
		-f1: 0.8240917782026769
		-auroc: 0.8135266647072271
	-resnet
		-f1: 0.888671875
		-auroc: 0.8853768655497861
2026-06-17 03:49:00 - __main__ - INFO - WCYKMVHQFDGRLITNEASP encoding is done for binary task with:
	-custom
		-f1: 0.823751178133836
		-auroc: 0.8097731132229516
	-resnet
		-f1: 0.8460144927536232
		-auroc: 0.8249036608863198
2026-06-17 03:50:41 - __main__ - INFO - WCYKMVHQFDGRLITNEASP encoding is done for binary task with:
	-custom
		-f1: 0.8161764705882353
		-auroc: 0.7953304105025962
	-resnet
		-f1: 0.8843283582089553
		-auroc: 0.8729609581659645
2026-06-17 03:52:23 - __main__ - INFO - WCYKMVHQFDGRLITNEASP encoding is done for binary task with:
	-custom
		-f1: 0.8188824662813102
		-auroc: 0.8098649619542145
	-resnet
		-f1: 0.8787602552415679
		-auroc: 0.8626596126841056
2026-06-17 03:54:02 - __main__ - INFO - WCYKMVHQFDGRLITNEASP encoding is done for binary task with:
	-custom
		-f1: 0.8164435946462715
		-auroc: 0.8054358120244277
	-resnet
		-f1: 0.8604860486048604
		-auroc: 0.83973825152673
2026-06-17 03:55:39 - __main__ - INFO - WCYKMVHQFDGRLITNEASP encoding is done for binary task with:
	-custom
		-f1: 0.808837656099904
		-auroc: 0.7985961431697202
	-resnet
		-f1: 0.8870523415977961
		-auroc: 0.873156902125992
2026-06-17 03:57:19 - __main__ - INFO - WCYKMVHQFDGRLITNEASP encoding is done for binary task with:
	-custom
		-f1: 0.8216318785578748
		-auroc: 0.8090975147774404
	-resnet
		-f1: 0.8736942070275404
		-auroc: 0.8647700924202345
2026-06-17 03:59:06 - __main__ - INFO - WCYKMVHQFDGRLITNEASP encoding is done for binary task with:
	-custom
		-f1: 0.8297872340425532
		-auroc: 0.822193102772607
	-resnet
		-f1: 0.885308056872038
		-auroc: 0.8768104405473368
2026-06-17 04:00:46 - __main__ - INFO - WCYKMVHQFDGRLITNEASP encoding is done for binary task with:
	-custom
		-f1: 0.815028901734104
		-auroc: 0.8058195356128147
	-resnet
		-f1: 0.88
		-auroc: 0.8677602788935699
2026-06-17 04:02:27 - __main__ - INFO - WCYKMVHQFDGRLITNEASP encoding is done for binary task with:
	-custom
		-f1: 0.8158914728682171
		-auroc: 0.8081300414748049
	-resnet
		-f1: 0.866734486266531
		-auroc: 0.870150386989321
2026-06-17 04:04:09 - __main__ - INFO - WCYKMVHQFDGRLITNEASP encoding is done for binary task with:
	-custom
		-f1: 0.8298676748582231
		-auroc: 0.8169965056660461
	-resnet
		-f1: 0.8844765342960289
		-auroc: 0.8671887756768231
2026-06-17 04:05:47 - __main__ - INFO - WCYKMVHQFDGRLITNEASP encoding is done for binary task with:
	-custom
		-f1: 0.8202247191011236
		-auroc: 0.8043805721563633
	-resnet
		-f1: 0.8865979381443299
		-auroc: 0.8762348551647562
2026-06-17 04:07:23 - __main__ - INFO - WCYKMVHQFDGRLITNEASP encoding is done for binary task with:
	-custom
		-f1: 0.8182683158896289
		-auroc: 0.8062073413670358
	-resnet
		-f1: 0.8714011516314779
		-auroc: 0.8642863557689168
2026-06-17 04:09:01 - __main__ - INFO - WCYKMVHQFDGRLITNEASP encoding is done for binary task with:
	-custom
		-f1: 0.830622009569378
		-auroc: 0.8206541262532249
	-resnet
		-f1: 0.8383733055265902
		-auroc: 0.847028999706084
2026-06-17 04:10:39 - __main__ - INFO - WCYKMVHQFDGRLITNEASP encoding is done for binary task with:
	-custom
		-f1: 0.821256038647343
		-auroc: 0.8130429280559094
	-resnet
		-f1: 0.878001921229587
		-auroc: 0.8714138173149146
2026-06-17 04:12:18 - __main__ - INFO - WCYKMVHQFDGRLITNEASP encoding is done for binary task with:
	-custom
		-f1: 0.8253068932955618
		-auroc: 0.8118917572907483
	-resnet
		-f1: 0.8544698544698545
		-auroc: 0.8620554521406877
2026-06-17 04:13:58 - __main__ - INFO - WCYKMVHQFDGRLITNEASP encoding is done for binary task with:
	-custom
		-f1: 0.8144624167459562
		-auroc: 0.802161915025636
	-resnet
		-f1: 0.8654205607476636
		-auroc: 0.8528297573560628
2026-06-17 04:15:36 - __main__ - INFO - WCYKMVHQFDGRLITNEASP encoding is done for binary task with:
	-custom
		-f1: 0.8161693936477382
		-auroc: 0.8067829267496162
	-resnet
		-f1: 0.8716026241799437
		-auroc: 0.8600531497991575
2026-06-17 04:17:15 - __main__ - INFO - WCYKMVHQFDGRLITNEASP encoding is done for binary task with:
	-custom
		-f1: 0.8240917782026769
		-auroc: 0.8135266647072271
	-resnet
		-f1: 0.8814814814814815
		-auroc: 0.8685318082361777
2026-06-17 04:18:59 - __main__ - INFO - WCYKMVHQFDGRLITNEASP encoding is done for binary task with:
	-custom
		-f1: 0.8279773156899811
		-auroc: 0.8149737924953464
	-resnet
		-f1: 0.8310344827586207
		-auroc: 0.7959223245485125
2026-06-17 04:20:36 - __main__ - INFO - WCYKMVHQFDGRLITNEASP encoding is done for binary task with:
	-custom
		-f1: 0.8145315487571702
		-auroc: 0.8034130988537278
	-resnet
		-f1: 0.8812877263581489
		-auroc: 0.882770402664838
2026-06-17 04:22:18 - __main__ - INFO - WCYKMVHQFDGRLITNEASP encoding is done for binary task with:
	-custom
		-f1: 0.8197343453510436
		-auroc: 0.8070748016067405
	-resnet
		-f1: 0.851664984863774
		-auroc: 0.8535849580353352
2026-06-17 04:23:57 - __main__ - INFO - WCYKMVHQFDGRLITNEASP encoding is done for binary task with:
	-custom
		-f1: 0.8247619047619048
		-auroc: 0.8133348029130336
	-resnet
		-f1: 0.8884723523898782
		-auroc: 0.878257568335456
2026-06-17 04:25:40 - __main__ - INFO - WCYKMVHQFDGRLITNEASP encoding is done for binary task with:
	-custom
		-f1: 0.8086710650329878
		-auroc: 0.7935914078573527
	-resnet
		-f1: 0.8717948717948718
		-auroc: 0.8558199438293981
2026-06-17 04:27:17 - __main__ - INFO - WCYKMVHQFDGRLITNEASP encoding is done for binary task with:
	-custom
		-f1: 0.8166666666666667
		-auroc: 0.7977368472616831
	-resnet
		-f1: 0.8834123222748815
		-auroc: 0.8747877273766368
2026-06-17 04:28:56 - __main__ - INFO - WCYKMVHQFDGRLITNEASP encoding is done for binary task with:
	-custom
		-f1: 0.8187022900763359
		-auroc: 0.8073625942980308
	-resnet
		-f1: 0.8705035971223022
		-auroc: 0.8508152085170309
2026-06-17 04:30:35 - __main__ - INFO - WCYKMVHQFDGRLITNEASP encoding is done for binary task with:
	-custom
		-f1: 0.8174904942965779
		-auroc: 0.8051480193331374
	-resnet
		-f1: 0.8709972552607502
		-auroc: 0.8547606217954997
2026-06-17 04:32:12 - __main__ - INFO - WCYKMVHQFDGRLITNEASP encoding is done for binary task with:
	-custom
		-f1: 0.8173076923076923
		-auroc: 0.8077463178864179
	-resnet
		-f1: 0.8753462603878116
		-auroc: 0.8613084157930833
2026-06-17 04:33:51 - __main__ - INFO - WCYKMVHQFDGRLITNEASP encoding is done for binary task with:
	-custom
		-f1: 0.8257940327237728
		-auroc: 0.8168964926031154
	-resnet
		-f1: 0.8810656517602283
		-auroc: 0.8729568760001306
2026-06-17 04:35:28 - __main__ - INFO - WCYKMVHQFDGRLITNEASP encoding is done for binary task with:
	-custom
		-f1: 0.8193916349809885
		-auroc: 0.8071707325038373
	-resnet
		-f1: 0.8782222222222222
		-auroc: 0.8572711537833512
2026-06-17 04:37:07 - __main__ - INFO - WCYKMVHQFDGRLITNEASP encoding is done for binary task with:
	-custom
		-f1: 0.8090737240075614
		-auroc: 0.7947466607883478
	-resnet
		-f1: 0.8880526810912511
		-auroc: 0.8784494301296495
2026-06-17 04:38:44 - __main__ - INFO - WCYKMVHQFDGRLITNEASP encoding is done for binary task with:
	-custom
		-f1: 0.8154589371980676
		-auroc: 0.8069747885438097
	-resnet
		-f1: 0.8877952755905512
		-auroc: 0.8857605891381732
2026-06-17 04:40:21 - __main__ - INFO - WCYKMVHQFDGRLITNEASP encoding is done for binary task with:
	-custom
		-f1: 0.8341416100872939
		-auroc: 0.8273937820450018
	-resnet
		-f1: 0.870935960591133
		-auroc: 0.8686154926357729
2026-06-17 04:41:56 - __main__ - INFO - WCYKMVHQFDGRLITNEASP encoding is done for binary task with:
	-custom
		-f1: 0.8141086749285034
		-auroc: 0.8022578459227329
	-resnet
		-f1: 0.8204255319148936
		-auroc: 0.7800324940400378
2026-06-17 04:43:33 - __main__ - INFO - WCYKMVHQFDGRLITNEASP encoding is done for binary task with:
	-custom
		-f1: 0.8223938223938224
		-auroc: 0.8140063191927108
	-resnet
		-f1: 0.8865384615384615
		-auroc: 0.8805639920316123
2026-06-17 04:45:19 - __main__ - INFO - WCYKMVHQFDGRLITNEASP encoding is done for binary task with:
	-custom
		-f1: 0.8273866923818708
		-auroc: 0.8190151366709121
	-resnet
		-f1: 0.8770343580470162
		-auroc: 0.8591938538911204
2026-06-17 04:47:10 - __main__ - INFO - WCYKMVHQFDGRLITNEASP encoding is done for binary task with:
	-custom
		-f1: 0.8301158301158301
		-auroc: 0.8220971718755102
	-resnet
		-f1: 0.8640692640692641
		-auroc: 0.8356050586199014
2026-06-17 04:47:10 - __main__ - INFO - All seed variations are done for index 999.
