2026-06-17 08:30:05 - __main__ - INFO - Filename: cnn_random_encoding_search.py started.
2026-06-17 08:30:15 - __main__ - INFO - Input matrix with WCYKMVHQFDGRLITNEASP encoding is generated.
2026-06-17 08:31:43 - __main__ - INFO - WCYKMVHQFDGRLITNEASP encoding is done for binary task with:
	-custom
		-f1: 0.8091603053435115
		-auroc: 0.7972490284445315
	-resnet
		-f1: 0.8676867686768677
		-auroc: 0.8478291042095294
2026-06-17 08:31:43 - __main__ - INFO - Input matrix with WCYKMVHQFDGRLITNEASP encoding is removed.

2026-06-17 08:31:53 - __main__ - INFO - Input matrix with ETHMDRFVICQAYWLSKPNG encoding is generated.
2026-06-17 08:33:22 - __main__ - INFO - ETHMDRFVICQAYWLSKPNG encoding is done for binary task with:
	-custom
		-f1: 0.8364312267657993
		-auroc: 0.8201785539335751
	-resnet
		-f1: 0.8809073724007561
		-auroc: 0.8716097612749419
2026-06-17 08:33:22 - __main__ - INFO - Input matrix with ETHMDRFVICQAYWLSKPNG encoding is removed.

2026-06-17 08:33:31 - __main__ - INFO - Input matrix with PFWALGEMCVITRDNHYQSK encoding is generated.
2026-06-17 08:34:59 - __main__ - INFO - PFWALGEMCVITRDNHYQSK encoding is done for binary task with:
	-custom
		-f1: 0.8146013448607109
		-auroc: 0.8046642826818197
	-resnet
		-f1: 0.8869565217391304
		-auroc: 0.881815175859704
2026-06-17 08:34:59 - __main__ - INFO - Input matrix with PFWALGEMCVITRDNHYQSK encoding is removed.

2026-06-17 08:35:09 - __main__ - INFO - Input matrix with RDCVFTHISPLNYWQGAKEM encoding is generated.
2026-06-17 08:36:37 - __main__ - INFO - RDCVFTHISPLNYWQGAKEM encoding is done for binary task with:
	-custom
		-f1: 0.8213944603629417
		-auroc: 0.810444629502629
	-resnet
		-f1: 0.8830462375339981
		-auroc: 0.866417246334215
2026-06-17 08:36:37 - __main__ - INFO - Input matrix with RDCVFTHISPLNYWQGAKEM encoding is removed.

2026-06-17 08:36:47 - __main__ - INFO - Input matrix with YEWHQFAVPNSMLDTIKCGR encoding is generated.
2026-06-17 08:38:11 - __main__ - INFO - YEWHQFAVPNSMLDTIKCGR encoding is done for binary task with:
	-custom
		-f1: 0.8295019157088123
		-auroc: 0.8196907351164234
	-resnet
		-f1: 0.8607367475292004
		-auroc: 0.8396423206296333
2026-06-17 08:38:11 - __main__ - INFO - Input matrix with YEWHQFAVPNSMLDTIKCGR encoding is removed.

2026-06-17 08:38:20 - __main__ - INFO - Input matrix with DGVYPCNMQWIFKLATHSRE encoding is generated.
2026-06-17 08:39:43 - __main__ - INFO - DGVYPCNMQWIFKLATHSRE encoding is done for binary task with:
	-custom
		-f1: 0.8091168091168092
		-auroc: 0.7959978446164396
	-resnet
		-f1: 0.8849056603773585
		-auroc: 0.875559256719245
2026-06-17 08:39:43 - __main__ - INFO - Input matrix with DGVYPCNMQWIFKLATHSRE encoding is removed.

2026-06-17 08:39:53 - __main__ - INFO - Input matrix with VIGHKDSRFNPCWATQYELM encoding is generated.
2026-06-17 08:41:19 - __main__ - INFO - VIGHKDSRFNPCWATQYELM encoding is done for binary task with:
	-custom
		-f1: 0.8081395348837209
		-auroc: 0.8000391887920055
	-resnet
		-f1: 0.8872320596458527
		-auroc: 0.8759470624734659
2026-06-17 08:41:19 - __main__ - INFO - Input matrix with VIGHKDSRFNPCWATQYELM encoding is removed.

2026-06-17 08:41:29 - __main__ - INFO - Input matrix with CVDGNAWHQYMRKTLPIEFS encoding is generated.
2026-06-17 08:42:57 - __main__ - INFO - CVDGNAWHQYMRKTLPIEFS encoding is done for binary task with:
	-custom
		-f1: 0.8228571428571428
		-auroc: 0.8113120897423337
	-resnet
		-f1: 0.8249194414607949
		-auroc: 0.8402811795826395
2026-06-17 08:42:57 - __main__ - INFO - Input matrix with CVDGNAWHQYMRKTLPIEFS encoding is removed.

2026-06-17 08:43:06 - __main__ - INFO - Input matrix with INHSWFPDQCTARYKMGLVE encoding is generated.
2026-06-17 08:44:31 - __main__ - INFO - INHSWFPDQCTARYKMGLVE encoding is done for binary task with:
	-custom
		-f1: 0.825147347740668
		-auroc: 0.8209378367786814
	-resnet
		-f1: 0.8819512195121951
		-auroc: 0.8782494040037881
2026-06-17 08:44:31 - __main__ - INFO - Input matrix with INHSWFPDQCTARYKMGLVE encoding is removed.

2026-06-17 08:44:40 - __main__ - INFO - Input matrix with EHIGTSDFLMWNRAPQYVKC encoding is generated.
2026-06-17 08:46:06 - __main__ - INFO - EHIGTSDFLMWNRAPQYVKC encoding is done for binary task with:
	-custom
		-f1: 0.8250701590271281
		-auroc: 0.8093893896345645
	-resnet
		-f1: 0.8531468531468531
		-auroc: 0.8250077561150845
2026-06-17 08:46:06 - __main__ - INFO - Input matrix with EHIGTSDFLMWNRAPQYVKC encoding is removed.

2026-06-17 08:46:15 - __main__ - INFO - Input matrix with IMGHEWQDRKVTYPNCASFL encoding is generated.
2026-06-17 08:47:39 - __main__ - INFO - IMGHEWQDRKVTYPNCASFL encoding is done for binary task with:
	-custom
		-f1: 0.8136882129277566
		-auroc: 0.8011025929917377
	-resnet
		-f1: 0.879392212725546
		-auroc: 0.870838231932334
2026-06-17 08:47:39 - __main__ - INFO - Input matrix with IMGHEWQDRKVTYPNCASFL encoding is removed.

2026-06-17 08:47:49 - __main__ - INFO - Input matrix with EGMHRYSLWFNAKDICPQVT encoding is generated.
2026-06-17 08:49:16 - __main__ - INFO - EGMHRYSLWFNAKDICPQVT encoding is done for binary task with:
	-custom
		-f1: 0.8271954674220963
		-auroc: 0.8139144704614482
	-resnet
		-f1: 0.8825161887141536
		-auroc: 0.8694951993729795
2026-06-17 08:49:16 - __main__ - INFO - Input matrix with EGMHRYSLWFNAKDICPQVT encoding is removed.

2026-06-17 08:49:25 - __main__ - INFO - Input matrix with YQLIRTMKGFCWAPSEDVHN encoding is generated.
2026-06-17 08:50:51 - __main__ - INFO - YQLIRTMKGFCWAPSEDVHN encoding is done for binary task with:
	-custom
		-f1: 0.8092042186001918
		-auroc: 0.7985002122726234
	-resnet
		-f1: 0.8903225806451613
		-auroc: 0.8773941902615853
2026-06-17 08:50:51 - __main__ - INFO - Input matrix with YQLIRTMKGFCWAPSEDVHN encoding is removed.

2026-06-17 08:51:00 - __main__ - INFO - Input matrix with NPACKGISRQEVLFDHYMTW encoding is generated.
2026-06-17 08:52:26 - __main__ - INFO - NPACKGISRQEVLFDHYMTW encoding is done for binary task with:
	-custom
		-f1: 0.7954545454545454
		-auroc: 0.7806835994905458
	-resnet
		-f1: 0.8621597892888498
		-auroc: 0.8363725057966754
2026-06-17 08:52:26 - __main__ - INFO - Input matrix with NPACKGISRQEVLFDHYMTW encoding is removed.

2026-06-17 08:52:35 - __main__ - INFO - Input matrix with YGDCFRETVLQKASWMHIPN encoding is generated.
2026-06-17 08:53:59 - __main__ - INFO - YGDCFRETVLQKASWMHIPN encoding is done for binary task with:
	-custom
		-f1: 0.8122020972354623
		-auroc: 0.800235132752033
	-resnet
		-f1: 0.86302780638517
		-auroc: 0.8687032592012018
2026-06-17 08:53:59 - __main__ - INFO - Input matrix with YGDCFRETVLQKASWMHIPN encoding is removed.

2026-06-17 08:54:09 - __main__ - INFO - Input matrix with YSELFDMTQCHVRINWAGPK encoding is generated.
2026-06-17 08:55:38 - __main__ - INFO - YSELFDMTQCHVRINWAGPK encoding is done for binary task with:
	-custom
		-f1: 0.8361904761904762
		-auroc: 0.8254710819372326
	-resnet
		-f1: 0.8717454194792671
		-auroc: 0.8655375395970086
2026-06-17 08:55:38 - __main__ - INFO - Input matrix with YSELFDMTQCHVRINWAGPK encoding is removed.

2026-06-17 08:55:48 - __main__ - INFO - Input matrix with EVTSPIHDKMAYWQFNCGRL encoding is generated.
2026-06-17 08:57:14 - __main__ - INFO - EVTSPIHDKMAYWQFNCGRL encoding is done for binary task with:
	-custom
		-f1: 0.8274547187797903
		-auroc: 0.8164168381176317
	-resnet
		-f1: 0.8568935427574171
		-auroc: 0.8289572515593873
2026-06-17 08:57:14 - __main__ - INFO - Input matrix with EVTSPIHDKMAYWQFNCGRL encoding is removed.

2026-06-17 08:57:23 - __main__ - INFO - Input matrix with REDQGKPCMNIFWALTHYVS encoding is generated.
2026-06-17 08:58:52 - __main__ - INFO - REDQGKPCMNIFWALTHYVS encoding is done for binary task with:
	-custom
		-f1: 0.8251618871415356
		-auroc: 0.8067910910812841
	-resnet
		-f1: 0.7557879014189693
		-auroc: 0.6548487965775122
2026-06-17 08:58:52 - __main__ - INFO - Input matrix with REDQGKPCMNIFWALTHYVS encoding is removed.

2026-06-17 08:59:01 - __main__ - INFO - Input matrix with EFYAPNHILWCTQKSDRVGM encoding is generated.
2026-06-17 09:00:27 - __main__ - INFO - EFYAPNHILWCTQKSDRVGM encoding is done for binary task with:
	-custom
		-f1: 0.8466019417475729
		-auroc: 0.8405893831030992
	-resnet
		-f1: 0.8667271078875793
		-auroc: 0.8482128277979164
2026-06-17 09:00:27 - __main__ - INFO - Input matrix with EFYAPNHILWCTQKSDRVGM encoding is removed.

2026-06-17 09:00:36 - __main__ - INFO - Input matrix with ITQELAFNPCGYHVWSMKDR encoding is generated.
2026-06-17 09:01:59 - __main__ - INFO - ITQELAFNPCGYHVWSMKDR encoding is done for binary task with:
	-custom
		-f1: 0.8368121442125237
		-auroc: 0.825279220143039
	-resnet
		-f1: 0.8615948670944088
		-auroc: 0.8447429868390974
2026-06-17 09:01:59 - __main__ - INFO - Input matrix with ITQELAFNPCGYHVWSMKDR encoding is removed.

2026-06-17 09:02:09 - __main__ - INFO - Input matrix with TQMFCRVPYGKWADIHNLSE encoding is generated.
2026-06-17 09:03:35 - __main__ - INFO - TQMFCRVPYGKWADIHNLSE encoding is done for binary task with:
	-custom
		-f1: 0.8236415633937083
		-auroc: 0.8123714117762321
	-resnet
		-f1: 0.8807339449541285
		-auroc: 0.8660294405799941
2026-06-17 09:03:35 - __main__ - INFO - Input matrix with TQMFCRVPYGKWADIHNLSE encoding is removed.

2026-06-17 09:03:44 - __main__ - INFO - Input matrix with IMYQGVWNHRCDPEKATFSL encoding is generated.
2026-06-17 09:05:11 - __main__ - INFO - IMYQGVWNHRCDPEKATFSL encoding is done for binary task with:
	-custom
		-f1: 0.8253358925143954
		-auroc: 0.8157412396721204
	-resnet
		-f1: 0.8771610555050046
		-auroc: 0.8605409686163091
2026-06-17 09:05:11 - __main__ - INFO - Input matrix with IMYQGVWNHRCDPEKATFSL encoding is removed.

2026-06-17 09:05:20 - __main__ - INFO - Input matrix with MRVECIGLQDWKTNSHYAPF encoding is generated.
2026-06-17 09:06:45 - __main__ - INFO - MRVECIGLQDWKTNSHYAPF encoding is done for binary task with:
	-custom
		-f1: 0.8208530805687204
		-auroc: 0.808038192743542
	-resnet
		-f1: 0.8809293320425944
		-auroc: 0.8758429672447013
2026-06-17 09:06:45 - __main__ - INFO - Input matrix with MRVECIGLQDWKTNSHYAPF encoding is removed.

2026-06-17 09:06:54 - __main__ - INFO - Input matrix with AMDCFGRSETINPQVWLKHY encoding is generated.
2026-06-17 09:08:20 - __main__ - INFO - AMDCFGRSETINPQVWLKHY encoding is done for binary task with:
	-custom
		-f1: 0.8318924111431316
		-auroc: 0.8228687012181182
	-resnet
		-f1: 0.8845070422535212
		-auroc: 0.8743080728911531
2026-06-17 09:08:20 - __main__ - INFO - Input matrix with AMDCFGRSETINPQVWLKHY encoding is removed.

2026-06-17 09:08:30 - __main__ - INFO - Input matrix with QHVGLKRTIMPYWSNFCAED encoding is generated.
2026-06-17 09:09:53 - __main__ - INFO - QHVGLKRTIMPYWSNFCAED encoding is done for binary task with:
	-custom
		-f1: 0.8166351606805293
		-auroc: 0.8028375134711473
	-resnet
		-f1: 0.8861940298507462
		-auroc: 0.8749836713366643
2026-06-17 09:09:53 - __main__ - INFO - Input matrix with QHVGLKRTIMPYWSNFCAED encoding is removed.

2026-06-17 09:10:03 - __main__ - INFO - Input matrix with QNDMHWTAEICGRLYVKPSF encoding is generated.
2026-06-17 09:11:28 - __main__ - INFO - QNDMHWTAEICGRLYVKPSF encoding is done for binary task with:
	-custom
		-f1: 0.8115384615384615
		-auroc: 0.8016781783743182
	-resnet
		-f1: 0.8845070422535212
		-auroc: 0.8743080728911531
2026-06-17 09:11:28 - __main__ - INFO - Input matrix with QNDMHWTAEICGRLYVKPSF encoding is removed.

2026-06-17 09:11:37 - __main__ - INFO - Input matrix with KWPRNLGSIVDFAMQEYCTH encoding is generated.
2026-06-17 09:13:05 - __main__ - INFO - KWPRNLGSIVDFAMQEYCTH encoding is done for binary task with:
	-custom
		-f1: 0.822429906542056
		-auroc: 0.8063073544299663
	-resnet
		-f1: 0.881860465116279
		-auroc: 0.8697829920642697
2026-06-17 09:13:05 - __main__ - INFO - Input matrix with KWPRNLGSIVDFAMQEYCTH encoding is removed.

2026-06-17 09:13:14 - __main__ - INFO - Input matrix with ISANVEHFRPMDCQLWGTKY encoding is generated.
2026-06-17 09:14:38 - __main__ - INFO - ISANVEHFRPMDCQLWGTKY encoding is done for binary task with:
	-custom
		-f1: 0.8183520599250936
		-auroc: 0.8023578589856634
	-resnet
		-f1: 0.8642925890279115
		-auroc: 0.8573507560171125
2026-06-17 09:14:38 - __main__ - INFO - Input matrix with ISANVEHFRPMDCQLWGTKY encoding is removed.

2026-06-17 09:14:47 - __main__ - INFO - Input matrix with NMYQFRDHLKWSTVPIEAGC encoding is generated.
2026-06-17 09:16:16 - __main__ - INFO - NMYQFRDHLKWSTVPIEAGC encoding is done for binary task with:
	-custom
		-f1: 0.8226415094339623
		-auroc: 0.8088097220861501
	-resnet
		-f1: 0.8916349809885932
		-auroc: 0.8840338329904315
2026-06-17 09:16:16 - __main__ - INFO - Input matrix with NMYQFRDHLKWSTVPIEAGC encoding is removed.

2026-06-17 09:16:26 - __main__ - INFO - Input matrix with INSVFHMRWQEGTCLAKDPY encoding is generated.
2026-06-17 09:17:52 - __main__ - INFO - INSVFHMRWQEGTCLAKDPY encoding is done for binary task with:
	-custom
		-f1: 0.8244274809160306
		-auroc: 0.8134307338101303
	-resnet
		-f1: 0.8687943262411347
		-auroc: 0.8460023349988571
2026-06-17 09:17:52 - __main__ - INFO - Input matrix with INSVFHMRWQEGTCLAKDPY encoding is removed.

2026-06-17 09:18:01 - __main__ - INFO - Input matrix with NASRLHMKTECWDIPFVQYG encoding is generated.
2026-06-17 09:19:27 - __main__ - INFO - NASRLHMKTECWDIPFVQYG encoding is done for binary task with:
	-custom
		-f1: 0.8236415633937083
		-auroc: 0.8123714117762321
	-resnet
		-f1: 0.8787010506208214
		-auroc: 0.8711260246236243
2026-06-17 09:19:27 - __main__ - INFO - Input matrix with NASRLHMKTECWDIPFVQYG encoding is removed.

2026-06-17 09:19:36 - __main__ - INFO - Input matrix with SAGQKFEICLNVYRMPHDTW encoding is generated.
2026-06-17 09:21:01 - __main__ - INFO - SAGQKFEICLNVYRMPHDTW encoding is done for binary task with:
	-custom
		-f1: 0.822627037392138
		-auroc: 0.8126592044675223
	-resnet
		-f1: 0.8770642201834863
		-auroc: 0.8619840142385944
2026-06-17 09:21:01 - __main__ - INFO - Input matrix with SAGQKFEICLNVYRMPHDTW encoding is removed.

2026-06-17 09:21:11 - __main__ - INFO - Input matrix with KSHPVAQDRTCYFLMWEIGN encoding is generated.
2026-06-17 09:22:36 - __main__ - INFO - KSHPVAQDRTCYFLMWEIGN encoding is done for binary task with:
	-custom
		-f1: 0.8312678741658722
		-auroc: 0.8204622644590314
	-resnet
		-f1: 0.8840304182509505
		-auroc: 0.875942980307632
2026-06-17 09:22:36 - __main__ - INFO - Input matrix with KSHPVAQDRTCYFLMWEIGN encoding is removed.

2026-06-17 09:22:45 - __main__ - INFO - Input matrix with VKSWGANFYCRMPTQHELDI encoding is generated.
2026-06-17 09:24:10 - __main__ - INFO - VKSWGANFYCRMPTQHELDI encoding is done for binary task with:
	-custom
		-f1: 0.8166023166023166
		-auroc: 0.8079381796806113
	-resnet
		-f1: 0.8677536231884058
		-auroc: 0.849176218934718
2026-06-17 09:24:10 - __main__ - INFO - Input matrix with VKSWGANFYCRMPTQHELDI encoding is removed.

2026-06-17 09:24:19 - __main__ - INFO - Input matrix with SIYQATPRHKVDWNGEFLMC encoding is generated.
2026-06-17 09:25:43 - __main__ - INFO - SIYQATPRHKVDWNGEFLMC encoding is done for binary task with:
	-custom
		-f1: 0.8134615384615385
		-auroc: 0.8037008915450181
	-resnet
		-f1: 0.8715509039010466
		-auroc: 0.8628433101466314
2026-06-17 09:25:43 - __main__ - INFO - Input matrix with SIYQATPRHKVDWNGEFLMC encoding is removed.

2026-06-17 09:25:53 - __main__ - INFO - Input matrix with DGTQREFHIMWNKYAVCPSL encoding is generated.
2026-06-17 09:27:19 - __main__ - INFO - DGTQREFHIMWNKYAVCPSL encoding is done for binary task with:
	-custom
		-f1: 0.8314606741573034
		-auroc: 0.8165168511805624
	-resnet
		-f1: 0.881447963800905
		-auroc: 0.8642986022664184
2026-06-17 09:27:19 - __main__ - INFO - Input matrix with DGTQREFHIMWNKYAVCPSL encoding is removed.

2026-06-17 09:27:28 - __main__ - INFO - Input matrix with VQRWNTEAFHIYLPSMCKDG encoding is generated.
2026-06-17 09:28:53 - __main__ - INFO - VQRWNTEAFHIYLPSMCKDG encoding is done for binary task with:
	-custom
		-f1: 0.8128544423440454
		-auroc: 0.7987920871297476
	-resnet
		-f1: 0.8347386172006745
		-auroc: 0.7946752228862546
2026-06-17 09:28:53 - __main__ - INFO - Input matrix with VQRWNTEAFHIYLPSMCKDG encoding is removed.

2026-06-17 09:29:02 - __main__ - INFO - Input matrix with CRWHAFDYLVIQKGMTEPNS encoding is generated.
2026-06-17 09:30:27 - __main__ - INFO - CRWHAFDYLVIQKGMTEPNS encoding is done for binary task with:
	-custom
		-f1: 0.822627037392138
		-auroc: 0.8126592044675223
	-resnet
		-f1: 0.8805528134254689
		-auroc: 0.8788249893863689
2026-06-17 09:30:27 - __main__ - INFO - Input matrix with CRWHAFDYLVIQKGMTEPNS encoding is removed.

2026-06-17 09:30:37 - __main__ - INFO - Input matrix with RKGWHTQEVSMAPLIYDFNC encoding is generated.
2026-06-17 09:32:05 - __main__ - INFO - RKGWHTQEVSMAPLIYDFNC encoding is done for binary task with:
	-custom
		-f1: 0.8227488151658767
		-auroc: 0.810060905914242
	-resnet
		-f1: 0.8479166666666667
		-auroc: 0.8560832435256849
2026-06-17 09:32:05 - __main__ - INFO - Input matrix with RKGWHTQEVSMAPLIYDFNC encoding is removed.

2026-06-17 09:32:14 - __main__ - INFO - Input matrix with DRQGIPVMCKSTNEHFAWYL encoding is generated.
2026-06-17 09:33:39 - __main__ - INFO - DRQGIPVMCKSTNEHFAWYL encoding is done for binary task with:
	-custom
		-f1: 0.8380765456329735
		-auroc: 0.8340375069396819
	-resnet
		-f1: 0.8753568030447193
		-auroc: 0.8668887364880311
2026-06-17 09:33:39 - __main__ - INFO - Input matrix with DRQGIPVMCKSTNEHFAWYL encoding is removed.

2026-06-17 09:33:48 - __main__ - INFO - Input matrix with LYQFKNVTASRMEDWPCGIH encoding is generated.
2026-06-17 09:35:15 - __main__ - INFO - LYQFKNVTASRMEDWPCGIH encoding is done for binary task with:
	-custom
		-f1: 0.8119001919385797
		-auroc: 0.8015822474772215
	-resnet
		-f1: 0.8467908902691511
		-auroc: 0.8537727376636948
2026-06-17 09:35:15 - __main__ - INFO - Input matrix with LYQFKNVTASRMEDWPCGIH encoding is removed.

2026-06-17 09:35:24 - __main__ - INFO - Input matrix with MNRHFSTVQKGILWCYDPEA encoding is generated.
2026-06-17 09:36:50 - __main__ - INFO - MNRHFSTVQKGILWCYDPEA encoding is done for binary task with:
	-custom
		-f1: 0.825722273998136
		-auroc: 0.8091975278403709
	-resnet
		-f1: 0.8566308243727598
		-auroc: 0.8344416413572384
2026-06-17 09:36:50 - __main__ - INFO - Input matrix with MNRHFSTVQKGILWCYDPEA encoding is removed.

2026-06-17 09:36:59 - __main__ - INFO - Input matrix with AVSCKGNEWTQDLYFPIMRH encoding is generated.
2026-06-17 09:38:26 - __main__ - INFO - AVSCKGNEWTQDLYFPIMRH encoding is done for binary task with:
	-custom
		-f1: 0.8182683158896289
		-auroc: 0.8062073413670358
	-resnet
		-f1: 0.8555133079847909
		-auroc: 0.8456022827471343
2026-06-17 09:38:26 - __main__ - INFO - Input matrix with AVSCKGNEWTQDLYFPIMRH encoding is removed.

2026-06-17 09:38:35 - __main__ - INFO - Input matrix with LHYRGKPMSWIDQNCETVAF encoding is generated.
2026-06-17 09:40:04 - __main__ - INFO - LHYRGKPMSWIDQNCETVAF encoding is done for binary task with:
	-custom
		-f1: 0.8163653663177926
		-auroc: 0.8041846281963358
	-resnet
		-f1: 0.8717015468607825
		-auroc: 0.8544728291042095
2026-06-17 09:40:04 - __main__ - INFO - Input matrix with LHYRGKPMSWIDQNCETVAF encoding is removed.

2026-06-17 09:40:13 - __main__ - INFO - Input matrix with SRLDGNWCHPIKMTFAYQVE encoding is generated.
2026-06-17 09:41:38 - __main__ - INFO - SRLDGNWCHPIKMTFAYQVE encoding is done for binary task with:
	-custom
		-f1: 0.8087121212121212
		-auroc: 0.7948425916854446
	-resnet
		-f1: 0.881578947368421
		-auroc: 0.8713219685836517
2026-06-17 09:41:38 - __main__ - INFO - Input matrix with SRLDGNWCHPIKMTFAYQVE encoding is removed.

2026-06-17 09:41:47 - __main__ - INFO - Input matrix with PTYDSVMIQHRGCKLFWAEN encoding is generated.
2026-06-17 09:43:12 - __main__ - INFO - PTYDSVMIQHRGCKLFWAEN encoding is done for binary task with:
	-custom
		-f1: 0.821944177093359
		-auroc: 0.8128510662617159
	-resnet
		-f1: 0.8627450980392157
		-auroc: 0.8687991900982985
2026-06-17 09:43:12 - __main__ - INFO - Input matrix with PTYDSVMIQHRGCKLFWAEN encoding is removed.

2026-06-17 09:43:22 - __main__ - INFO - Input matrix with CEFMYPSQLRHIAWDVTNKG encoding is generated.
2026-06-17 09:44:47 - __main__ - INFO - CEFMYPSQLRHIAWDVTNKG encoding is done for binary task with:
	-custom
		-f1: 0.8106565176022835
		-auroc: 0.7981164886842362
	-resnet
		-f1: 0.8762983947119924
		-auroc: 0.866505012899644
2026-06-17 09:44:47 - __main__ - INFO - Input matrix with CEFMYPSQLRHIAWDVTNKG encoding is removed.

2026-06-17 09:44:57 - __main__ - INFO - Input matrix with MRWFSDCGLPQNVAETKYHI encoding is generated.
2026-06-17 09:46:22 - __main__ - INFO - MRWFSDCGLPQNVAETKYHI encoding is done for binary task with:
	-custom
		-f1: 0.8136882129277566
		-auroc: 0.8011025929917377
	-resnet
		-f1: 0.8893129770992366
		-auroc: 0.8822029816139251
2026-06-17 09:46:22 - __main__ - INFO - Input matrix with MRWFSDCGLPQNVAETKYHI encoding is removed.

2026-06-17 09:46:32 - __main__ - INFO - Input matrix with CLGIKPWENMQSDRHYTFVA encoding is generated.
2026-06-17 09:47:56 - __main__ - INFO - CLGIKPWENMQSDRHYTFVA encoding is done for binary task with:
	-custom
		-f1: 0.8056603773584906
		-auroc: 0.7906053035498515
	-resnet
		-f1: 0.8631772268135904
		-auroc: 0.8468616309068939
2026-06-17 09:47:56 - __main__ - INFO - Input matrix with CLGIKPWENMQSDRHYTFVA encoding is removed.

2026-06-17 09:48:06 - __main__ - INFO - Input matrix with RYLHWIVENAFDCTSGPKQM encoding is generated.
2026-06-17 09:49:33 - __main__ - INFO - RYLHWIVENAFDCTSGPKQM encoding is done for binary task with:
	-custom
		-f1: 0.8169014084507042
		-auroc: 0.8014903987459586
	-resnet
		-f1: 0.8656716417910447
		-auroc: 0.8650497207798569
2026-06-17 09:49:33 - __main__ - INFO - Input matrix with RYLHWIVENAFDCTSGPKQM encoding is removed.

2026-06-17 09:49:43 - __main__ - INFO - Input matrix with SKLWEYIDVMPGHFRCQNAT encoding is generated.
2026-06-17 09:51:09 - __main__ - INFO - SKLWEYIDVMPGHFRCQNAT encoding is done for binary task with:
	-custom
		-f1: 0.8385214007782101
		-auroc: 0.8325944613173966
	-resnet
		-f1: 0.8654970760233918
		-auroc: 0.8610083766042912
2026-06-17 09:51:09 - __main__ - INFO - Input matrix with SKLWEYIDVMPGHFRCQNAT encoding is removed.

2026-06-17 09:51:18 - __main__ - INFO - Input matrix with CPSDIHEKQNMRVFTWYLAG encoding is generated.
2026-06-17 09:52:46 - __main__ - INFO - CPSDIHEKQNMRVFTWYLAG encoding is done for binary task with:
	-custom
		-f1: 0.8182683158896289
		-auroc: 0.8062073413670358
	-resnet
		-f1: 0.8480300187617261
		-auroc: 0.8348172006139576
2026-06-17 09:52:46 - __main__ - INFO - Input matrix with CPSDIHEKQNMRVFTWYLAG encoding is removed.

2026-06-17 09:52:56 - __main__ - INFO - Input matrix with HDFKVITLPCWESRYMGAQN encoding is generated.
2026-06-17 09:54:21 - __main__ - INFO - HDFKVITLPCWESRYMGAQN encoding is done for binary task with:
	-custom
		-f1: 0.8060836501901141
		-auroc: 0.7930117403089384
	-resnet
		-f1: 0.8654353562005277
		-auroc: 0.840513863035172
2026-06-17 09:54:21 - __main__ - INFO - Input matrix with HDFKVITLPCWESRYMGAQN encoding is removed.

2026-06-17 09:54:30 - __main__ - INFO - Input matrix with ARIVKNCQHEFWSDYMLPTG encoding is generated.
2026-06-17 09:55:56 - __main__ - INFO - ARIVKNCQHEFWSDYMLPTG encoding is done for binary task with:
	-custom
		-f1: 0.8193916349809885
		-auroc: 0.8071707325038373
	-resnet
		-f1: 0.8876508820798514
		-auroc: 0.8757552006792724
2026-06-17 09:55:56 - __main__ - INFO - Input matrix with ARIVKNCQHEFWSDYMLPTG encoding is removed.

2026-06-17 09:56:05 - __main__ - INFO - Input matrix with EQVNWPFMHLRTKACIYDGS encoding is generated.
2026-06-17 09:57:30 - __main__ - INFO - EQVNWPFMHLRTKACIYDGS encoding is done for binary task with:
	-custom
		-f1: 0.829686013320647
		-auroc: 0.8183436203912348
	-resnet
		-f1: 0.8775710088148874
		-auroc: 0.8743958394565821
2026-06-17 09:57:30 - __main__ - INFO - Input matrix with EQVNWPFMHLRTKACIYDGS encoding is removed.

2026-06-17 09:57:40 - __main__ - INFO - Input matrix with FYDLMRPSVEAHCNTWGKIQ encoding is generated.
2026-06-17 09:59:05 - __main__ - INFO - FYDLMRPSVEAHCNTWGKIQ encoding is done for binary task with:
	-custom
		-f1: 0.8104956268221575
		-auroc: 0.8032171548937004
	-resnet
		-f1: 0.8837209302325582
		-auroc: 0.8789250024492995
2026-06-17 09:59:05 - __main__ - INFO - Input matrix with FYDLMRPSVEAHCNTWGKIQ encoding is removed.

2026-06-17 09:59:15 - __main__ - INFO - Input matrix with GRETQVCKPYHIWLMNDASF encoding is generated.
2026-06-17 10:00:44 - __main__ - INFO - GRETQVCKPYHIWLMNDASF encoding is done for binary task with:
	-custom
		-f1: 0.8181818181818182
		-auroc: 0.8049561575389439
	-resnet
		-f1: 0.8740875912408759
		-auroc: 0.8576507952059045
2026-06-17 10:00:44 - __main__ - INFO - Input matrix with GRETQVCKPYHIWLMNDASF encoding is removed.

2026-06-17 10:00:54 - __main__ - INFO - Input matrix with EFAHPMTQNRWLICVKDYGS encoding is generated.
2026-06-17 10:02:20 - __main__ - INFO - EFAHPMTQNRWLICVKDYGS encoding is done for binary task with:
	-custom
		-f1: 0.8192307692307692
		-auroc: 0.8097690310571176
	-resnet
		-f1: 0.875968992248062
		-auroc: 0.8708341497665001
2026-06-17 10:02:20 - __main__ - INFO - Input matrix with EFAHPMTQNRWLICVKDYGS encoding is removed.

2026-06-17 10:02:29 - __main__ - INFO - Input matrix with TQPNIDVKSHWGMCLFYRAE encoding is generated.
2026-06-17 10:03:54 - __main__ - INFO - TQPNIDVKSHWGMCLFYRAE encoding is done for binary task with:
	-custom
		-f1: 0.8288973384030418
		-auroc: 0.8172842983573365
	-resnet
		-f1: 0.8799212598425197
		-auroc: 0.8776697364553738
2026-06-17 10:03:54 - __main__ - INFO - Input matrix with TQPNIDVKSHWGMCLFYRAE encoding is removed.

2026-06-17 10:04:04 - __main__ - INFO - Input matrix with DYFKMCHRITWEALGSNQPV encoding is generated.
2026-06-17 10:05:28 - __main__ - INFO - DYFKMCHRITWEALGSNQPV encoding is done for binary task with:
	-custom
		-f1: 0.8241010689990281
		-auroc: 0.8173761470885994
	-resnet
		-f1: 0.8612836438923396
		-auroc: 0.8679317298585938
2026-06-17 10:05:28 - __main__ - INFO - Input matrix with DYFKMCHRITWEALGSNQPV encoding is removed.

2026-06-17 10:05:37 - __main__ - INFO - Input matrix with RVYPFAGTINDWLKESMHCQ encoding is generated.
2026-06-17 10:07:04 - __main__ - INFO - RVYPFAGTINDWLKESMHCQ encoding is done for binary task with:
	-custom
		-f1: 0.8230912476722533
		-auroc: 0.8061154926357728
	-resnet
		-f1: 0.8888888888888888
		-auroc: 0.8795087521635478
2026-06-17 10:07:04 - __main__ - INFO - Input matrix with RVYPFAGTINDWLKESMHCQ encoding is removed.

2026-06-17 10:07:14 - __main__ - INFO - Input matrix with HLQPAYFKGICMNVRSTDWE encoding is generated.
2026-06-17 10:08:40 - __main__ - INFO - HLQPAYFKGICMNVRSTDWE encoding is done for binary task with:
	-custom
		-f1: 0.8102955195424214
		-auroc: 0.7982124195813332
	-resnet
		-f1: 0.8920454545454546
		-auroc: 0.883841971196238
2026-06-17 10:08:40 - __main__ - INFO - Input matrix with HLQPAYFKGICMNVRSTDWE encoding is removed.

2026-06-17 10:08:49 - __main__ - INFO - Input matrix with PHIDASTEKYQRFCGMNLVW encoding is generated.
2026-06-17 10:10:15 - __main__ - INFO - PHIDASTEKYQRFCGMNLVW encoding is done for binary task with:
	-custom
		-f1: 0.8223748773307163
		-auroc: 0.8178558015740831
	-resnet
		-f1: 0.883495145631068
		-auroc: 0.8790209333463962
2026-06-17 10:10:15 - __main__ - INFO - Input matrix with PHIDASTEKYQRFCGMNLVW encoding is removed.

2026-06-17 10:10:24 - __main__ - INFO - Input matrix with SFCLQIMTYKGEHDWRVANP encoding is generated.
2026-06-17 10:11:48 - __main__ - INFO - SFCLQIMTYKGEHDWRVANP encoding is done for binary task with:
	-custom
		-f1: 0.8207094918504314
		-auroc: 0.8106364912968225
	-resnet
		-f1: 0.8775710088148874
		-auroc: 0.8743958394565821
2026-06-17 10:11:48 - __main__ - INFO - Input matrix with SFCLQIMTYKGEHDWRVANP encoding is removed.

2026-06-17 10:11:58 - __main__ - INFO - Input matrix with LGENIQYPCADRVMKSTWHF encoding is generated.
2026-06-17 10:13:20 - __main__ - INFO - LGENIQYPCADRVMKSTWHF encoding is done for binary task with:
	-custom
		-f1: 0.8201160541586073
		-auroc: 0.8120795369191077
	-resnet
		-f1: 0.8672237697307336
		-auroc: 0.853505355801574
2026-06-17 10:13:20 - __main__ - INFO - Input matrix with LGENIQYPCADRVMKSTWHF encoding is removed.

2026-06-17 10:13:29 - __main__ - INFO - Input matrix with MAESPVFDNLQYGWCTHIKR encoding is generated.
2026-06-17 10:14:54 - __main__ - INFO - MAESPVFDNLQYGWCTHIKR encoding is done for binary task with:
	-custom
		-f1: 0.8230842005676443
		-auroc: 0.809964975017145
	-resnet
		-f1: 0.891324200913242
		-auroc: 0.8769145357761015
2026-06-17 10:14:54 - __main__ - INFO - Input matrix with MAESPVFDNLQYGWCTHIKR encoding is removed.

2026-06-17 10:15:04 - __main__ - INFO - Input matrix with CTFGELVKDRHPNIAWMSQY encoding is generated.
2026-06-17 10:16:31 - __main__ - INFO - CTFGELVKDRHPNIAWMSQY encoding is done for binary task with:
	-custom
		-f1: 0.8093385214007782
		-auroc: 0.8022537637568987
	-resnet
		-f1: 0.8751229105211407
		-auroc: 0.8725649880800757
2026-06-17 10:16:31 - __main__ - INFO - Input matrix with CTFGELVKDRHPNIAWMSQY encoding is removed.

2026-06-17 10:16:40 - __main__ - INFO - Input matrix with KCDQFWVATPRHYNSLIGME encoding is generated.
2026-06-17 10:18:07 - __main__ - INFO - KCDQFWVATPRHYNSLIGME encoding is done for binary task with:
	-custom
		-f1: 0.8075117370892019
		-auroc: 0.7913768328924594
	-resnet
		-f1: 0.8318739054290718
		-auroc: 0.8008311289637831
2026-06-17 10:18:07 - __main__ - INFO - Input matrix with KCDQFWVATPRHYNSLIGME encoding is removed.

2026-06-17 10:18:16 - __main__ - INFO - Input matrix with TDCGRLQNEHVYKSAPMFIW encoding is generated.
2026-06-17 10:19:42 - __main__ - INFO - TDCGRLQNEHVYKSAPMFIW encoding is done for binary task with:
	-custom
		-f1: 0.8158914728682171
		-auroc: 0.8081300414748049
	-resnet
		-f1: 0.8827331486611265
		-auroc: 0.8693992684758826
2026-06-17 10:19:42 - __main__ - INFO - Input matrix with TDCGRLQNEHVYKSAPMFIW encoding is removed.

2026-06-17 10:19:52 - __main__ - INFO - Input matrix with RTVIDQPEMFGSAHCKWYLN encoding is generated.
2026-06-17 10:21:17 - __main__ - INFO - RTVIDQPEMFGSAHCKWYLN encoding is done for binary task with:
	-custom
		-f1: 0.819672131147541
		-auroc: 0.8109242839881128
	-resnet
		-f1: 0.8670634920634921
		-auroc: 0.8659171810195616
2026-06-17 10:21:17 - __main__ - INFO - Input matrix with RTVIDQPEMFGSAHCKWYLN encoding is removed.

2026-06-17 10:21:26 - __main__ - INFO - Input matrix with HSMENPDLCTQVKIFGYAWR encoding is generated.
2026-06-17 10:22:49 - __main__ - INFO - HSMENPDLCTQVKIFGYAWR encoding is done for binary task with:
	-custom
		-f1: 0.8299319727891157
		-auroc: 0.8234442866006989
	-resnet
		-f1: 0.8762278978388998
		-auroc: 0.8735283792168773
2026-06-17 10:22:49 - __main__ - INFO - Input matrix with HSMENPDLCTQVKIFGYAWR encoding is removed.

2026-06-17 10:22:59 - __main__ - INFO - Input matrix with FRGISVPLEWHMACDTKYQN encoding is generated.
2026-06-17 10:24:24 - __main__ - INFO - FRGISVPLEWHMACDTKYQN encoding is done for binary task with:
	-custom
		-f1: 0.8186226964112512
		-auroc: 0.811212076679403
	-resnet
		-f1: 0.877025738798856
		-auroc: 0.8690073805558277
2026-06-17 10:24:24 - __main__ - INFO - Input matrix with FRGISVPLEWHMACDTKYQN encoding is removed.

2026-06-17 10:24:34 - __main__ - INFO - Input matrix with PHELDCNFQAKSIVTWGMRY encoding is generated.
2026-06-17 10:25:59 - __main__ - INFO - PHELDCNFQAKSIVTWGMRY encoding is done for binary task with:
	-custom
		-f1: 0.8382775119617225
		-auroc: 0.8287449789360244
	-resnet
		-f1: 0.8528896672504378
		-auroc: 0.8251036870121811
2026-06-17 10:25:59 - __main__ - INFO - Input matrix with PHELDCNFQAKSIVTWGMRY encoding is removed.

2026-06-17 10:26:08 - __main__ - INFO - Input matrix with DANLYSPGFQIVHCEKTMRW encoding is generated.
2026-06-17 10:27:34 - __main__ - INFO - DANLYSPGFQIVHCEKTMRW encoding is done for binary task with:
	-custom
		-f1: 0.8275193798449613
		-auroc: 0.820266320499004
	-resnet
		-f1: 0.8851224105461394
		-auroc: 0.8754633258221481
2026-06-17 10:27:34 - __main__ - INFO - Input matrix with DANLYSPGFQIVHCEKTMRW encoding is removed.

2026-06-17 10:27:44 - __main__ - INFO - Input matrix with ACVSIQHDKRETNGMPWFYL encoding is generated.
2026-06-17 10:29:09 - __main__ - INFO - ACVSIQHDKRETNGMPWFYL encoding is done for binary task with:
	-custom
		-f1: 0.83203125
		-auroc: 0.8267181835994906
	-resnet
		-f1: 0.8496319663512093
		-auroc: 0.8595490023186703
2026-06-17 10:29:09 - __main__ - INFO - Input matrix with ACVSIQHDKRETNGMPWFYL encoding is removed.

2026-06-17 10:29:19 - __main__ - INFO - Input matrix with WNQFPLGERSIYCDHMAKVT encoding is generated.
2026-06-17 10:30:46 - __main__ - INFO - WNQFPLGERSIYCDHMAKVT encoding is done for binary task with:
	-custom
		-f1: 0.8011583011583011
		-auroc: 0.7917564743150125
	-resnet
		-f1: 0.852112676056338
		-auroc: 0.8253914797034715
2026-06-17 10:30:46 - __main__ - INFO - Input matrix with WNQFPLGERSIYCDHMAKVT encoding is removed.

2026-06-17 10:30:56 - __main__ - INFO - Input matrix with NLTHSEVGFPRWKQDYMAIC encoding is generated.
2026-06-17 10:32:21 - __main__ - INFO - NLTHSEVGFPRWKQDYMAIC encoding is done for binary task with:
	-custom
		-f1: 0.7949465500485908
		-auroc: 0.7870354495281016
	-resnet
		-f1: 0.8760806916426513
		-auroc: 0.8693911041442148
2026-06-17 10:32:21 - __main__ - INFO - Input matrix with NLTHSEVGFPRWKQDYMAIC encoding is removed.

2026-06-17 10:32:30 - __main__ - INFO - Input matrix with RKCTQDSLMFHYVEPWIAGN encoding is generated.
2026-06-17 10:33:55 - __main__ - INFO - RKCTQDSLMFHYVEPWIAGN encoding is done for binary task with:
	-custom
		-f1: 0.8195121951219512
		-auroc: 0.8135225825413932
	-resnet
		-f1: 0.8855534709193246
		-auroc: 0.8752714640279545
2026-06-17 10:33:55 - __main__ - INFO - Input matrix with RKCTQDSLMFHYVEPWIAGN encoding is removed.

2026-06-17 10:34:04 - __main__ - INFO - Input matrix with YIDQCMSAVHTFNWPERLKG encoding is generated.
2026-06-17 10:35:29 - __main__ - INFO - YIDQCMSAVHTFNWPERLKG encoding is done for binary task with:
	-custom
		-f1: 0.8124410933081998
		-auroc: 0.7976368341987524
	-resnet
		-f1: 0.856338028169014
		-auroc: 0.8439673753306556
2026-06-17 10:35:29 - __main__ - INFO - Input matrix with YIDQCMSAVHTFNWPERLKG encoding is removed.

2026-06-17 10:35:38 - __main__ - INFO - Input matrix with HRAWVGLQFDPNYSTICKEM encoding is generated.
2026-06-17 10:37:03 - __main__ - INFO - HRAWVGLQFDPNYSTICKEM encoding is done for binary task with:
	-custom
		-f1: 0.8091168091168092
		-auroc: 0.7959978446164396
	-resnet
		-f1: 0.8768472906403941
		-auroc: 0.8746836321478724
2026-06-17 10:37:03 - __main__ - INFO - Input matrix with HRAWVGLQFDPNYSTICKEM encoding is removed.

2026-06-17 10:37:13 - __main__ - INFO - Input matrix with VQPLKYNAFDGCTRIWEMHS encoding is generated.
2026-06-17 10:38:40 - __main__ - INFO - VQPLKYNAFDGCTRIWEMHS encoding is done for binary task with:
	-custom
		-f1: 0.8293612964728313
		-auroc: 0.8184395512883316
	-resnet
		-f1: 0.8806262230919765
		-auroc: 0.8773819437640834
2026-06-17 10:38:40 - __main__ - INFO - Input matrix with VQPLKYNAFDGCTRIWEMHS encoding is removed.

2026-06-17 10:38:49 - __main__ - INFO - Input matrix with IKSHGDALFVPMQWYTNRCE encoding is generated.
2026-06-17 10:40:19 - __main__ - INFO - IKSHGDALFVPMQWYTNRCE encoding is done for binary task with:
	-custom
		-f1: 0.8294573643410853
		-auroc: 0.8222890336697039
	-resnet
		-f1: 0.8354866494401378
		-auroc: 0.8009311420267136
2026-06-17 10:40:19 - __main__ - INFO - Input matrix with IKSHGDALFVPMQWYTNRCE encoding is removed.

2026-06-17 10:40:29 - __main__ - INFO - Input matrix with ISRPFGLKVNCMAWHTQYDE encoding is generated.
2026-06-17 10:41:55 - __main__ - INFO - ISRPFGLKVNCMAWHTQYDE encoding is done for binary task with:
	-custom
		-f1: 0.8148854961832062
		-auroc: 0.8033171679566312
	-resnet
		-f1: 0.8771266540642723
		-auroc: 0.8675643349335423
2026-06-17 10:41:55 - __main__ - INFO - Input matrix with ISRPFGLKVNCMAWHTQYDE encoding is removed.

2026-06-17 10:42:05 - __main__ - INFO - Input matrix with QLCHDVGSNRFMPEYTAIKW encoding is generated.
2026-06-17 10:43:29 - __main__ - INFO - QLCHDVGSNRFMPEYTAIKW encoding is done for binary task with:
	-custom
		-f1: 0.8065764023210832
		-auroc: 0.7979205447242088
	-resnet
		-f1: 0.8847583643122676
		-auroc: 0.872769096371771
2026-06-17 10:43:29 - __main__ - INFO - Input matrix with QLCHDVGSNRFMPEYTAIKW encoding is removed.

2026-06-17 10:43:39 - __main__ - INFO - Input matrix with HISENLKDGTFPYCWAQRVM encoding is generated.
2026-06-17 10:45:06 - __main__ - INFO - HISENLKDGTFPYCWAQRVM encoding is done for binary task with:
	-custom
		-f1: 0.8220742150333016
		-auroc: 0.8102527677084355
	-resnet
		-f1: 0.884272997032641
		-auroc: 0.8829663466248653
2026-06-17 10:45:06 - __main__ - INFO - Input matrix with HISENLKDGTFPYCWAQRVM encoding is removed.

2026-06-17 10:45:15 - __main__ - INFO - Input matrix with LWDRHPINKCYGSTVEFQAM encoding is generated.
2026-06-17 10:46:42 - __main__ - INFO - LWDRHPINKCYGSTVEFQAM encoding is done for binary task with:
	-custom
		-f1: 0.8277886497064579
		-auroc: 0.8227686881551877
	-resnet
		-f1: 0.8734995383194829
		-auroc: 0.8592857026223834
2026-06-17 10:46:42 - __main__ - INFO - Input matrix with LWDRHPINKCYGSTVEFQAM encoding is removed.

2026-06-17 10:46:52 - __main__ - INFO - Input matrix with RYVDGHFMTICQWSNLKEPA encoding is generated.
2026-06-17 10:48:36 - __main__ - INFO - RYVDGHFMTICQWSNLKEPA encoding is done for binary task with:
	-custom
		-f1: 0.829126213592233
		-auroc: 0.8223849645668007
	-resnet
		-f1: 0.8664192949907236
		-auroc: 0.8524460337676757
2026-06-17 10:48:36 - __main__ - INFO - Input matrix with RYVDGHFMTICQWSNLKEPA encoding is removed.

2026-06-17 10:48:45 - __main__ - INFO - Input matrix with DFCGVINPRKMWLAETYSQH encoding is generated.
2026-06-17 10:50:20 - __main__ - INFO - DFCGVINPRKMWLAETYSQH encoding is done for binary task with:
	-custom
		-f1: 0.8130393096836049
		-auroc: 0.8025456386140231
	-resnet
		-f1: 0.8837656099903939
		-auroc: 0.8774819568270142
2026-06-17 10:50:20 - __main__ - INFO - Input matrix with DFCGVINPRKMWLAETYSQH encoding is removed.

2026-06-17 10:50:29 - __main__ - INFO - Input matrix with HLNIKWEQDPTRYCGFMVSA encoding is generated.
2026-06-17 10:52:01 - __main__ - INFO - HLNIKWEQDPTRYCGFMVSA encoding is done for binary task with:
	-custom
		-f1: 0.8368932038834952
		-auroc: 0.8304758172496
	-resnet
		-f1: 0.8606485539000877
		-auroc: 0.8342538617288788
2026-06-17 10:52:01 - __main__ - INFO - Input matrix with HLNIKWEQDPTRYCGFMVSA encoding is removed.

2026-06-17 10:52:11 - __main__ - INFO - Input matrix with EHPLTWASVIRCDKMGNQFY encoding is generated.
2026-06-17 10:53:43 - __main__ - INFO - EHPLTWASVIRCDKMGNQFY encoding is done for binary task with:
	-custom
		-f1: 0.8117647058823529
		-auroc: 0.8066829136866857
	-resnet
		-f1: 0.872794800371402
		-auroc: 0.8595734953136737
2026-06-17 10:53:43 - __main__ - INFO - Input matrix with EHPLTWASVIRCDKMGNQFY encoding is removed.

2026-06-17 10:53:53 - __main__ - INFO - Input matrix with PVHTLCKRQNYASDGMFIEW encoding is generated.
2026-06-17 10:55:27 - __main__ - INFO - PVHTLCKRQNYASDGMFIEW encoding is done for binary task with:
	-custom
		-f1: 0.8278529980657641
		-auroc: 0.8201703896019071
	-resnet
		-f1: 0.864406779661017
		-auroc: 0.8532134809444499
2026-06-17 10:55:27 - __main__ - INFO - Input matrix with PVHTLCKRQNYASDGMFIEW encoding is removed.

2026-06-17 10:55:36 - __main__ - INFO - Input matrix with NSEIHKQALCTVPDGFYMRW encoding is generated.
2026-06-17 10:57:09 - __main__ - INFO - NSEIHKQALCTVPDGFYMRW encoding is done for binary task with:
	-custom
		-f1: 0.8100289296046287
		-auroc: 0.8008107181346135
	-resnet
		-f1: 0.8685258964143426
		-auroc: 0.8681317559844551
2026-06-17 10:57:09 - __main__ - INFO - Input matrix with NSEIHKQALCTVPDGFYMRW encoding is removed.

2026-06-17 10:57:18 - __main__ - INFO - Input matrix with GRKDTWALFCVQIYPSHNEM encoding is generated.
2026-06-17 10:58:51 - __main__ - INFO - GRKDTWALFCVQIYPSHNEM encoding is done for binary task with:
	-custom
		-f1: 0.8165225744476465
		-auroc: 0.8066869958525196
	-resnet
		-f1: 0.8663414634146341
		-auroc: 0.8620676986381896
2026-06-17 10:58:51 - __main__ - INFO - Input matrix with GRKDTWALFCVQIYPSHNEM encoding is removed.

2026-06-17 10:59:00 - __main__ - INFO - Input matrix with KHNMRIDTVELPWQAYCSFG encoding is generated.
2026-06-17 11:00:33 - __main__ - INFO - KHNMRIDTVELPWQAYCSFG encoding is done for binary task with:
	-custom
		-f1: 0.8098391674550615
		-auroc: 0.795805982822246
	-resnet
		-f1: 0.845679012345679
		-auroc: 0.8514622318017047
2026-06-17 11:00:33 - __main__ - INFO - Input matrix with KHNMRIDTVELPWQAYCSFG encoding is removed.

2026-06-17 11:00:43 - __main__ - INFO - Input matrix with FMPVCSINYRTKLQHDEGAW encoding is generated.
2026-06-17 11:02:15 - __main__ - INFO - FMPVCSINYRTKLQHDEGAW encoding is done for binary task with:
	-custom
		-f1: 0.8104089219330854
		-auroc: 0.7918605695437773
	-resnet
		-f1: 0.8799231508165226
		-auroc: 0.8734365304856144
2026-06-17 11:02:15 - __main__ - INFO - Input matrix with FMPVCSINYRTKLQHDEGAW encoding is removed.

2026-06-17 11:02:24 - __main__ - INFO - Input matrix with PMYHWENQKRSTACVIFDGL encoding is generated.
2026-06-17 11:03:57 - __main__ - INFO - PMYHWENQKRSTACVIFDGL encoding is done for binary task with:
	-custom
		-f1: 0.8083889418493804
		-auroc: 0.7961897064106331
	-resnet
		-f1: 0.8612873980054397
		-auroc: 0.842144688285817
2026-06-17 11:03:57 - __main__ - INFO - Input matrix with PMYHWENQKRSTACVIFDGL encoding is removed.

2026-06-17 11:04:06 - __main__ - INFO - Input matrix with AEKWTMIFGSLRNQYDVCPH encoding is generated.
2026-06-17 11:05:38 - __main__ - INFO - AEKWTMIFGSLRNQYDVCPH encoding is done for binary task with:
	-custom
		-f1: 0.8402255639097744
		-auroc: 0.8268222788282551
	-resnet
		-f1: 0.886558627264061
		-auroc: 0.8791209464093269
2026-06-17 11:05:38 - __main__ - INFO - Input matrix with AEKWTMIFGSLRNQYDVCPH encoding is removed.

2026-06-17 11:05:47 - __main__ - INFO - Input matrix with CQVRATHPWMNSYDKFGILE encoding is generated.
2026-06-17 11:07:19 - __main__ - INFO - CQVRATHPWMNSYDKFGILE encoding is done for binary task with:
	-custom
		-f1: 0.823199251637044
		-auroc: 0.8073666764638646
	-resnet
		-f1: 0.878868258178603
		-auroc: 0.856983361092061
2026-06-17 11:07:19 - __main__ - INFO - Input matrix with CQVRATHPWMNSYDKFGILE encoding is removed.

2026-06-17 11:07:28 - __main__ - INFO - Input matrix with KSAVEWPNGYRQTDLHIFCM encoding is generated.
2026-06-17 11:09:02 - __main__ - INFO - KSAVEWPNGYRQTDLHIFCM encoding is done for binary task with:
	-custom
		-f1: 0.830078125
		-auroc: 0.8246954704287908
	-resnet
		-f1: 0.8862745098039215
		-auroc: 0.8835460141732796
2026-06-17 11:09:02 - __main__ - INFO - Input matrix with KSAVEWPNGYRQTDLHIFCM encoding is removed.

2026-06-17 11:09:11 - __main__ - INFO - Input matrix with NSRPAHMTWIYQGFDVLKEC encoding is generated.
2026-06-17 11:10:43 - __main__ - INFO - NSRPAHMTWIYQGFDVLKEC encoding is done for binary task with:
	-custom
		-f1: 0.821917808219178
		-auroc: 0.816700548643088
	-resnet
		-f1: 0.8779631255487269
		-auroc: 0.8545769243329742
2026-06-17 11:10:43 - __main__ - INFO - Input matrix with NSRPAHMTWIYQGFDVLKEC encoding is removed.

2026-06-17 11:10:53 - __main__ - INFO - Input matrix with VYNWQHTCLRPGDFMASIEK encoding is generated.
2026-06-17 11:12:27 - __main__ - INFO - VYNWQHTCLRPGDFMASIEK encoding is done for binary task with:
	-custom
		-f1: 0.8265402843601896
		-auroc: 0.8141063322556417
	-resnet
		-f1: 0.8682170542635659
		-auroc: 0.8393626922700108
2026-06-17 11:12:27 - __main__ - INFO - Input matrix with VYNWQHTCLRPGDFMASIEK encoding is removed.

2026-06-17 11:12:36 - __main__ - INFO - Input matrix with EIDCMTRWAGPFKQLSYHVN encoding is generated.
2026-06-17 11:14:10 - __main__ - INFO - EIDCMTRWAGPFKQLSYHVN encoding is done for binary task with:
	-custom
		-f1: 0.8299319727891157
		-auroc: 0.8234442866006989
	-resnet
		-f1: 0.8652751423149905
		-auroc: 0.8556199177035368
2026-06-17 11:14:10 - __main__ - INFO - Input matrix with EIDCMTRWAGPFKQLSYHVN encoding is removed.

2026-06-17 11:14:19 - __main__ - INFO - Input matrix with CGVPETHYMFIWQKLNDSRA encoding is generated.
2026-06-17 11:15:54 - __main__ - INFO - CGVPETHYMFIWQKLNDSRA encoding is done for binary task with:
	-custom
		-f1: 0.8214634146341463
		-auroc: 0.8155452957120931
	-resnet
		-f1: 0.8775710088148874
		-auroc: 0.8743958394565821
2026-06-17 11:15:54 - __main__ - INFO - Input matrix with CGVPETHYMFIWQKLNDSRA encoding is removed.

2026-06-17 11:16:03 - __main__ - INFO - Input matrix with WTGEKAQDCVMFSRNYPHLI encoding is generated.
2026-06-17 11:17:36 - __main__ - INFO - WTGEKAQDCVMFSRNYPHLI encoding is done for binary task with:
	-custom
		-f1: 0.8168744007670182
		-auroc: 0.8065910649554228
	-resnet
		-f1: 0.8810656517602283
		-auroc: 0.8729568760001306
2026-06-17 11:17:36 - __main__ - INFO - Input matrix with WTGEKAQDCVMFSRNYPHLI encoding is removed.

2026-06-17 11:17:46 - __main__ - INFO - Input matrix with YWTPDQLNMIEAFVKSHRCG encoding is generated.
2026-06-17 11:19:20 - __main__ - INFO - YWTPDQLNMIEAFVKSHRCG encoding is done for binary task with:
	-custom
		-f1: 0.8140900195694716
		-auroc: 0.8086096959602886
	-resnet
		-f1: 0.8819320214669052
		-auroc: 0.8626636948499395
2026-06-17 11:19:20 - __main__ - INFO - Input matrix with YWTPDQLNMIEAFVKSHRCG encoding is removed.

2026-06-17 11:19:29 - __main__ - INFO - Input matrix with DMQGINKPEWHCRSVTYFLA encoding is generated.
2026-06-17 11:21:03 - __main__ - INFO - DMQGINKPEWHCRSVTYFLA encoding is done for binary task with:
	-custom
		-f1: 0.8126801152737753
		-auroc: 0.8026415695111198
	-resnet
		-f1: 0.8612244897959184
		-auroc: 0.8652375004082165
2026-06-17 11:21:03 - __main__ - INFO - Input matrix with DMQGINKPEWHCRSVTYFLA encoding is removed.

2026-06-17 11:21:13 - __main__ - INFO - Input matrix with PLKNFVWHSYCEAGQTDMIR encoding is generated.
2026-06-17 11:22:48 - __main__ - INFO - PLKNFVWHSYCEAGQTDMIR encoding is done for binary task with:
	-custom
		-f1: 0.8273244781783681
		-auroc: 0.8151656542895399
	-resnet
		-f1: 0.8487394957983193
		-auroc: 0.8584896802847719
2026-06-17 11:22:48 - __main__ - INFO - Input matrix with PLKNFVWHSYCEAGQTDMIR encoding is removed.

2026-06-17 11:22:57 - __main__ - INFO - Input matrix with QMVEKICPFGYSAWLDNRHT encoding is generated.
2026-06-17 11:24:31 - __main__ - INFO - QMVEKICPFGYSAWLDNRHT encoding is done for binary task with:
	-custom
		-f1: 0.8274547187797903
		-auroc: 0.8164168381176317
	-resnet
		-f1: 0.875829383886256
		-auroc: 0.8666968746938376
2026-06-17 11:24:31 - __main__ - INFO - Input matrix with QMVEKICPFGYSAWLDNRHT encoding is removed.

2026-06-17 11:24:41 - __main__ - INFO - Input matrix with IYAPKQCMWSGLTFDHRNVE encoding is generated.
2026-06-17 11:26:16 - __main__ - INFO - IYAPKQCMWSGLTFDHRNVE encoding is done for binary task with:
	-custom
		-f1: 0.8087121212121212
		-auroc: 0.7948425916854446
	-resnet
		-f1: 0.8670634920634921
		-auroc: 0.8659171810195616
2026-06-17 11:26:16 - __main__ - INFO - Input matrix with IYAPKQCMWSGLTFDHRNVE encoding is removed.

2026-06-17 11:26:25 - __main__ - INFO - Input matrix with PRKIVWYGDAELMFCNSTQH encoding is generated.
2026-06-17 11:28:00 - __main__ - INFO - PRKIVWYGDAELMFCNSTQH encoding is done for binary task with:
	-custom
		-f1: 0.8207547169811321
		-auroc: 0.8067870089154501
	-resnet
		-f1: 0.8707124010554089
		-auroc: 0.8465820025472715
2026-06-17 11:28:00 - __main__ - INFO - Input matrix with PRKIVWYGDAELMFCNSTQH encoding is removed.

2026-06-17 11:28:09 - __main__ - INFO - Input matrix with FMINPWCQGLKDHRTYVSEA encoding is generated.
2026-06-17 11:29:43 - __main__ - INFO - FMINPWCQGLKDHRTYVSEA encoding is done for binary task with:
	-custom
		-f1: 0.8223062381852552
		-auroc: 0.8089056529832468
	-resnet
		-f1: 0.8612244897959184
		-auroc: 0.8652375004082165
2026-06-17 11:29:43 - __main__ - INFO - Input matrix with FMINPWCQGLKDHRTYVSEA encoding is removed.

2026-06-17 11:29:53 - __main__ - INFO - Input matrix with EGQNRVHFTACMYSWIKDLP encoding is generated.
2026-06-17 11:31:27 - __main__ - INFO - EGQNRVHFTACMYSWIKDLP encoding is done for binary task with:
	-custom
		-f1: 0.8166828322017459
		-auroc: 0.8091893635087032
	-resnet
		-f1: 0.8577154308617234
		-auroc: 0.8583059828222461
2026-06-17 11:31:27 - __main__ - INFO - Input matrix with EGQNRVHFTACMYSWIKDLP encoding is removed.

2026-06-17 11:31:37 - __main__ - INFO - Input matrix with DHTEQWMRALSVIPGYCKNF encoding is generated.
2026-06-17 11:33:11 - __main__ - INFO - DHTEQWMRALSVIPGYCKNF encoding is done for binary task with:
	-custom
		-f1: 0.8076923076923077
		-auroc: 0.7976327520329186
	-resnet
		-f1: 0.8574277168494516
		-auroc: 0.8570547989941543
2026-06-17 11:33:11 - __main__ - INFO - Input matrix with DHTEQWMRALSVIPGYCKNF encoding is removed.

2026-06-17 11:33:20 - __main__ - INFO - Input matrix with RNYVCFKEQSTLAIHWPMDG encoding is generated.
2026-06-17 11:34:49 - __main__ - INFO - RNYVCFKEQSTLAIHWPMDG encoding is done for binary task with:
	-custom
		-f1: 0.8046875
		-auroc: 0.7984001992096927
	-resnet
		-f1: 0.855072463768116
		-auroc: 0.8618635903464942
2026-06-17 11:34:49 - __main__ - INFO - Input matrix with RNYVCFKEQSTLAIHWPMDG encoding is removed.

2026-06-17 11:34:59 - __main__ - INFO - Input matrix with IPCDYTWGSANFVQERLKHM encoding is generated.
2026-06-17 11:36:20 - __main__ - INFO - IPCDYTWGSANFVQERLKHM encoding is done for binary task with:
	-custom
		-f1: 0.8352490421455939
		-auroc: 0.8257588746285228
	-resnet
		-f1: 0.8022239872915012
		-auroc: 0.7375718461186768
2026-06-17 11:36:20 - __main__ - INFO - Input matrix with IPCDYTWGSANFVQERLKHM encoding is removed.

2026-06-17 11:36:29 - __main__ - INFO - Input matrix with RTKPFMVIEQLCGNYHDSAW encoding is generated.
2026-06-17 11:37:56 - __main__ - INFO - RTKPFMVIEQLCGNYHDSAW encoding is done for binary task with:
	-custom
		-f1: 0.8195777351247601
		-auroc: 0.809673100160021
	-resnet
		-f1: 0.874381800197824
		-auroc: 0.8728527807713661
2026-06-17 11:37:56 - __main__ - INFO - Input matrix with RTKPFMVIEQLCGNYHDSAW encoding is removed.

2026-06-17 11:38:06 - __main__ - INFO - Input matrix with TLFQGHEAYIKPNWCSMDRV encoding is generated.
2026-06-17 11:39:34 - __main__ - INFO - TLFQGHEAYIKPNWCSMDRV encoding is done for binary task with:
	-custom
		-f1: 0.8148148148148148
		-auroc: 0.8020659841285392
	-resnet
		-f1: 0.8781818181818182
		-auroc: 0.8615043597531107
2026-06-17 11:39:34 - __main__ - INFO - Input matrix with TLFQGHEAYIKPNWCSMDRV encoding is removed.

2026-06-17 11:39:43 - __main__ - INFO - Input matrix with PEKFYSIMHQLDANVGCWTR encoding is generated.
2026-06-17 11:41:10 - __main__ - INFO - PEKFYSIMHQLDANVGCWTR encoding is done for binary task with:
	-custom
		-f1: 0.8173076923076923
		-auroc: 0.8077463178864179
	-resnet
		-f1: 0.8762983947119924
		-auroc: 0.866505012899644
2026-06-17 11:41:10 - __main__ - INFO - Input matrix with PEKFYSIMHQLDANVGCWTR encoding is removed.

2026-06-17 11:41:19 - __main__ - INFO - Input matrix with HRQICEMFWGPYKVTDLNSA encoding is generated.
2026-06-17 11:42:44 - __main__ - INFO - HRQICEMFWGPYKVTDLNSA encoding is done for binary task with:
	-custom
		-f1: 0.8218390804597702
		-auroc: 0.811599882433624
	-resnet
		-f1: 0.8897266729500471
		-auroc: 0.880568074197446
2026-06-17 11:42:44 - __main__ - INFO - Input matrix with HRQICEMFWGPYKVTDLNSA encoding is removed.

2026-06-17 11:42:53 - __main__ - INFO - Input matrix with GTMAEQVCSLNRKHPFIWYD encoding is generated.
2026-06-17 11:44:21 - __main__ - INFO - GTMAEQVCSLNRKHPFIWYD encoding is done for binary task with:
	-custom
		-f1: 0.8179162609542356
		-auroc: 0.8114039384735966
	-resnet
		-f1: 0.8577036310107949
		-auroc: 0.8542646386466803
2026-06-17 11:44:21 - __main__ - INFO - Input matrix with GTMAEQVCSLNRKHPFIWYD encoding is removed.

2026-06-17 11:44:30 - __main__ - INFO - Input matrix with WHLDGNRVTEQYPCFKSMAI encoding is generated.
2026-06-17 11:45:57 - __main__ - INFO - WHLDGNRVTEQYPCFKSMAI encoding is done for binary task with:
	-custom
		-f1: 0.8270531400966183
		-auroc: 0.819111067568009
	-resnet
		-f1: 0.8697247706422019
		-auroc: 0.853893161555795
2026-06-17 11:45:57 - __main__ - INFO - Input matrix with WHLDGNRVTEQYPCFKSMAI encoding is removed.

2026-06-17 11:46:07 - __main__ - INFO - Input matrix with NSGWITMVQLEHPFYRACKD encoding is generated.
2026-06-17 11:47:31 - __main__ - INFO - NSGWITMVQLEHPFYRACKD encoding is done for binary task with:
	-custom
		-f1: 0.8138195777351248
		-auroc: 0.8036049606479213
	-resnet
		-f1: 0.8658865886588659
		-auroc: 0.8458063910388295
2026-06-17 11:47:31 - __main__ - INFO - Input matrix with NSGWITMVQLEHPFYRACKD encoding is removed.

2026-06-17 11:47:41 - __main__ - INFO - Input matrix with QACRIFEKYLGWHDNVTPMS encoding is generated.
2026-06-17 11:49:09 - __main__ - INFO - QACRIFEKYLGWHDNVTPMS encoding is done for binary task with:
	-custom
		-f1: 0.8156097560975609
		-auroc: 0.8094771561999935
	-resnet
		-f1: 0.8561215370866846
		-auroc: 0.8332863884262435
2026-06-17 11:49:09 - __main__ - INFO - Input matrix with QACRIFEKYLGWHDNVTPMS encoding is removed.

2026-06-17 11:49:18 - __main__ - INFO - Input matrix with RGFVKIYPASTLNMECHWDQ encoding is generated.
2026-06-17 11:50:57 - __main__ - INFO - RGFVKIYPASTLNMECHWDQ encoding is done for binary task with:
	-custom
		-f1: 0.816793893129771
		-auroc: 0.8053398811273309
	-resnet
		-f1: 0.8672566371681416
		-auroc: 0.8438836909310604
2026-06-17 11:50:57 - __main__ - INFO - Input matrix with RGFVKIYPASTLNMECHWDQ encoding is removed.

2026-06-17 11:51:09 - __main__ - INFO - Input matrix with PTECMYWKSHNGQFALDIVR encoding is generated.
2026-06-17 11:52:45 - __main__ - INFO - PTECMYWKSHNGQFALDIVR encoding is done for binary task with:
	-custom
		-f1: 0.8263821532492726
		-auroc: 0.8193029293622024
	-resnet
		-f1: 0.873087308730873
		-auroc: 0.8538972437216289
2026-06-17 11:52:45 - __main__ - INFO - Input matrix with PTECMYWKSHNGQFALDIVR encoding is removed.

2026-06-17 11:52:55 - __main__ - INFO - Input matrix with LFVCKMWIYSGATNPHQRED encoding is generated.
2026-06-17 11:54:28 - __main__ - INFO - LFVCKMWIYSGATNPHQRED encoding is done for binary task with:
	-custom
		-f1: 0.8034849951597289
		-auroc: 0.7949344404167075
	-resnet
		-f1: 0.874766355140187
		-auroc: 0.8629433232095621
2026-06-17 11:54:28 - __main__ - INFO - Input matrix with LFVCKMWIYSGATNPHQRED encoding is removed.

2026-06-17 11:54:37 - __main__ - INFO - Input matrix with QNRGVIWPDKTYLFAECMSH encoding is generated.
2026-06-17 11:56:10 - __main__ - INFO - QNRGVIWPDKTYLFAECMSH encoding is done for binary task with:
	-custom
		-f1: 0.8376068376068376
		-auroc: 0.8263385421769374
	-resnet
		-f1: 0.8611369990680335
		-auroc: 0.8476290780836682
2026-06-17 11:56:10 - __main__ - INFO - Input matrix with QNRGVIWPDKTYLFAECMSH encoding is removed.

2026-06-17 11:56:20 - __main__ - INFO - Input matrix with HGSPKAWTCMRIVYNQEFDL encoding is generated.
2026-06-17 11:57:54 - __main__ - INFO - HGSPKAWTCMRIVYNQEFDL encoding is done for binary task with:
	-custom
		-f1: 0.8314176245210728
		-auroc: 0.8217134482871232
	-resnet
		-f1: 0.8160136286201022
		-auroc: 0.7750236765618366
2026-06-17 11:57:54 - __main__ - INFO - Input matrix with HGSPKAWTCMRIVYNQEFDL encoding is removed.

2026-06-17 11:58:03 - __main__ - INFO - Input matrix with ERSHPTQKIVACNYLFDMGW encoding is generated.
2026-06-17 11:59:36 - __main__ - INFO - ERSHPTQKIVACNYLFDMGW encoding is done for binary task with:
	-custom
		-f1: 0.8137254901960784
		-auroc: 0.8087056268573855
	-resnet
		-f1: 0.8968105065666041
		-auroc: 0.8874077430521538
2026-06-17 11:59:36 - __main__ - INFO - Input matrix with ERSHPTQKIVACNYLFDMGW encoding is removed.

2026-06-17 11:59:45 - __main__ - INFO - Input matrix with FREDPYWNVQCTGSHMLAKI encoding is generated.
2026-06-17 12:01:17 - __main__ - INFO - FREDPYWNVQCTGSHMLAKI encoding is done for binary task with:
	-custom
		-f1: 0.8312678741658722
		-auroc: 0.8204622644590314
	-resnet
		-f1: 0.8667883211678832
		-auroc: 0.8495599425231051
2026-06-17 12:01:17 - __main__ - INFO - Input matrix with FREDPYWNVQCTGSHMLAKI encoding is removed.

2026-06-17 12:01:26 - __main__ - INFO - Input matrix with FESDLRCGAIKHPWNQTVMY encoding is generated.
2026-06-17 12:02:57 - __main__ - INFO - FESDLRCGAIKHPWNQTVMY encoding is done for binary task with:
	-custom
		-f1: 0.8304761904761905
		-auroc: 0.8194029424251331
	-resnet
		-f1: 0.8662674650698603
		-auroc: 0.866204973710852
2026-06-17 12:02:57 - __main__ - INFO - Input matrix with FESDLRCGAIKHPWNQTVMY encoding is removed.

2026-06-17 12:03:07 - __main__ - INFO - Input matrix with RHIVFSWETCKDAQGNMLPY encoding is generated.
2026-06-17 12:04:40 - __main__ - INFO - RHIVFSWETCKDAQGNMLPY encoding is done for binary task with:
	-custom
		-f1: 0.8115384615384615
		-auroc: 0.8016781783743182
	-resnet
		-f1: 0.8756121449559255
		-auroc: 0.8723731262858823
2026-06-17 12:04:40 - __main__ - INFO - Input matrix with RHIVFSWETCKDAQGNMLPY encoding is removed.

2026-06-17 12:04:50 - __main__ - INFO - Input matrix with RNYLAIEFTKPWQDSGHMVC encoding is generated.
2026-06-17 12:06:24 - __main__ - INFO - RNYLAIEFTKPWQDSGHMVC encoding is done for binary task with:
	-custom
		-f1: 0.8202676864244742
		-auroc: 0.8094812383658274
	-resnet
		-f1: 0.8806818181818182
		-auroc: 0.8717056921720387
2026-06-17 12:06:24 - __main__ - INFO - Input matrix with RNYLAIEFTKPWQDSGHMVC encoding is removed.

2026-06-17 12:06:33 - __main__ - INFO - Input matrix with MTVESIAWNRLHDGQFPYKC encoding is generated.
2026-06-17 12:08:07 - __main__ - INFO - MTVESIAWNRLHDGQFPYKC encoding is done for binary task with:
	-custom
		-f1: 0.8190661478599222
		-auroc: 0.8123673296103981
	-resnet
		-f1: 0.8852157943067034
		-auroc: 0.8711341889552922
2026-06-17 12:08:07 - __main__ - INFO - Input matrix with MTVESIAWNRLHDGQFPYKC encoding is removed.

2026-06-17 12:08:16 - __main__ - INFO - Input matrix with VFTCDPWLNMIKQRYAGSHE encoding is generated.
2026-06-17 12:09:51 - __main__ - INFO - VFTCDPWLNMIKQRYAGSHE encoding is done for binary task with:
	-custom
		-f1: 0.8309726156751652
		-auroc: 0.8179598968028476
	-resnet
		-f1: 0.8891013384321224
		-auroc: 0.8822989125110219
2026-06-17 12:09:51 - __main__ - INFO - Input matrix with VFTCDPWLNMIKQRYAGSHE encoding is removed.

2026-06-17 12:10:00 - __main__ - INFO - Input matrix with WHDCSFVAYKTEILQRPMGN encoding is generated.
2026-06-17 12:11:33 - __main__ - INFO - WHDCSFVAYKTEILQRPMGN encoding is done for binary task with:
	-custom
		-f1: 0.8294573643410853
		-auroc: 0.8222890336697039
	-resnet
		-f1: 0.8778280542986425
		-auroc: 0.8602531759250188
2026-06-17 12:11:33 - __main__ - INFO - Input matrix with WHDCSFVAYKTEILQRPMGN encoding is removed.

2026-06-17 12:11:42 - __main__ - INFO - Input matrix with VEIKQNSPADCHRWTFMYGL encoding is generated.
2026-06-17 12:13:16 - __main__ - INFO - VEIKQNSPADCHRWTFMYGL encoding is done for binary task with:
	-custom
		-f1: 0.8296438883541867
		-auroc: 0.8209419189445152
	-resnet
		-f1: 0.8169934640522876
		-auroc: 0.8358479474870188
2026-06-17 12:13:16 - __main__ - INFO - Input matrix with VEIKQNSPADCHRWTFMYGL encoding is removed.

2026-06-17 12:13:25 - __main__ - INFO - Input matrix with DKGAFVESMWIPYLCRNTQH encoding is generated.
2026-06-17 12:14:59 - __main__ - INFO - DKGAFVESMWIPYLCRNTQH encoding is done for binary task with:
	-custom
		-f1: 0.801923076923077
		-auroc: 0.791564612520819
	-resnet
		-f1: 0.8828337874659401
		-auroc: 0.8665131772313119
2026-06-17 12:14:59 - __main__ - INFO - Input matrix with DKGAFVESMWIPYLCRNTQH encoding is removed.

2026-06-17 12:15:09 - __main__ - INFO - Input matrix with HTRCPEWNIQSAKMFYDGVL encoding is generated.
2026-06-17 12:16:42 - __main__ - INFO - HTRCPEWNIQSAKMFYDGVL encoding is done for binary task with:
	-custom
		-f1: 0.8173741362290227
		-auroc: 0.8140981679239738
	-resnet
		-f1: 0.8866171003717472
		-auroc: 0.8747918095424709
2026-06-17 12:16:42 - __main__ - INFO - Input matrix with HTRCPEWNIQSAKMFYDGVL encoding is removed.

2026-06-17 12:16:51 - __main__ - INFO - Input matrix with QHSNDMARLEKVYWIGCPTF encoding is generated.
2026-06-17 12:18:25 - __main__ - INFO - QHSNDMARLEKVYWIGCPTF encoding is done for binary task with:
	-custom
		-f1: 0.8237547892720306
		-auroc: 0.8136225956043238
	-resnet
		-f1: 0.8757396449704142
		-auroc: 0.8737202410110708
2026-06-17 12:18:25 - __main__ - INFO - Input matrix with QHSNDMARLEKVYWIGCPTF encoding is removed.

2026-06-17 12:18:34 - __main__ - INFO - Input matrix with RMSCWYFDPGIVLENATQHK encoding is generated.
2026-06-17 12:19:59 - __main__ - INFO - RMSCWYFDPGIVLENATQHK encoding is done for binary task with:
	-custom
		-f1: 0.819047619047619
		-auroc: 0.807266663400934
	-resnet
		-f1: 0.8907407407407407
		-auroc: 0.878645374089677
2026-06-17 12:19:59 - __main__ - INFO - Input matrix with RMSCWYFDPGIVLENATQHK encoding is removed.

2026-06-17 12:20:09 - __main__ - INFO - Input matrix with TFGLWQMHYSRNACKPDEIV encoding is generated.
2026-06-17 12:21:31 - __main__ - INFO - TFGLWQMHYSRNACKPDEIV encoding is done for binary task with:
	-custom
		-f1: 0.8135265700483092
		-auroc: 0.8049520753731099
	-resnet
		-f1: 0.8543111992071358
		-auroc: 0.8527215799614644
2026-06-17 12:21:31 - __main__ - INFO - Input matrix with TFGLWQMHYSRNACKPDEIV encoding is removed.

2026-06-17 12:21:41 - __main__ - INFO - Input matrix with AYSLHEKRMFINWDVCTQPG encoding is generated.
2026-06-17 12:23:07 - __main__ - INFO - AYSLHEKRMFINWDVCTQPG encoding is done for binary task with:
	-custom
		-f1: 0.8239845261121856
		-auroc: 0.8161249632605074
	-resnet
		-f1: 0.8816029143897997
		-auroc: 0.8656457169916071
2026-06-17 12:23:07 - __main__ - INFO - Input matrix with AYSLHEKRMFINWDVCTQPG encoding is removed.

2026-06-17 12:23:16 - __main__ - INFO - Input matrix with NFKHPEAGWLQITSYMDCVR encoding is generated.
2026-06-17 12:24:42 - __main__ - INFO - NFKHPEAGWLQITSYMDCVR encoding is done for binary task with:
	-custom
		-f1: 0.8306527909176916
		-auroc: 0.8180558276999444
	-resnet
		-f1: 0.8809073724007561
		-auroc: 0.8716097612749419
2026-06-17 12:24:42 - __main__ - INFO - Input matrix with NFKHPEAGWLQITSYMDCVR encoding is removed.

2026-06-17 12:24:51 - __main__ - INFO - Input matrix with YTKFRSVQLNPCGAMDEWHI encoding is generated.
2026-06-17 12:26:16 - __main__ - INFO - YTKFRSVQLNPCGAMDEWHI encoding is done for binary task with:
	-custom
		-f1: 0.8355899419729207
		-auroc: 0.8282612422847067
	-resnet
		-f1: 0.8643410852713178
		-auroc: 0.8586978707423011
2026-06-17 12:26:16 - __main__ - INFO - Input matrix with YTKFRSVQLNPCGAMDEWHI encoding is removed.

2026-06-17 12:26:26 - __main__ - INFO - Input matrix with HLERPIQNSFWTADCVKYMG encoding is generated.
2026-06-17 12:27:52 - __main__ - INFO - HLERPIQNSFWTADCVKYMG encoding is done for binary task with:
	-custom
		-f1: 0.8272552783109405
		-auroc: 0.8177639528428202
	-resnet
		-f1: 0.8576388888888888
		-auroc: 0.828669458868097
2026-06-17 12:27:52 - __main__ - INFO - Input matrix with HLERPIQNSFWTADCVKYMG encoding is removed.

2026-06-17 12:28:01 - __main__ - INFO - Input matrix with YQWKGNREHSPMIFCTLAVD encoding is generated.
2026-06-17 12:29:27 - __main__ - INFO - YQWKGNREHSPMIFCTLAVD encoding is done for binary task with:
	-custom
		-f1: 0.8301158301158301
		-auroc: 0.8220971718755102
	-resnet
		-f1: 0.8744271310724107
		-auroc: 0.8589019790339963
2026-06-17 12:29:27 - __main__ - INFO - Input matrix with YQWKGNREHSPMIFCTLAVD encoding is removed.

2026-06-17 12:29:37 - __main__ - INFO - Input matrix with CQPIHGTEAWVYSDFRMNLK encoding is generated.
2026-06-17 12:31:02 - __main__ - INFO - CQPIHGTEAWVYSDFRMNLK encoding is done for binary task with:
	-custom
		-f1: 0.8440191387559809
		-auroc: 0.8348131184481239
	-resnet
		-f1: 0.8829686013320647
		-auroc: 0.8749795891708305
2026-06-17 12:31:02 - __main__ - INFO - Input matrix with CQPIHGTEAWVYSDFRMNLK encoding is removed.

2026-06-17 12:31:11 - __main__ - INFO - Input matrix with TVKPMEICSNWQLHFADGRY encoding is generated.
2026-06-17 12:32:38 - __main__ - INFO - TVKPMEICSNWQLHFADGRY encoding is done for binary task with:
	-custom
		-f1: 0.825147347740668
		-auroc: 0.8209378367786814
	-resnet
		-f1: 0.8820224719101124
		-auroc: 0.8711301067894582
2026-06-17 12:32:38 - __main__ - INFO - Input matrix with TVKPMEICSNWQLHFADGRY encoding is removed.

2026-06-17 12:32:48 - __main__ - INFO - Input matrix with QAHMTLWIEPSKYFGDRCNV encoding is generated.
2026-06-17 12:34:15 - __main__ - INFO - QAHMTLWIEPSKYFGDRCNV encoding is done for binary task with:
	-custom
		-f1: 0.8057971014492754
		-auroc: 0.7968612226903106
	-resnet
		-f1: 0.875
		-auroc: 0.8544769112700434
2026-06-17 12:34:15 - __main__ - INFO - Input matrix with QAHMTLWIEPSKYFGDRCNV encoding is removed.

2026-06-17 12:34:25 - __main__ - INFO - Input matrix with DHQWCVASEKLNMPIGRYTF encoding is generated.
2026-06-17 12:36:07 - __main__ - INFO - DHQWCVASEKLNMPIGRYTF encoding is done for binary task with:
	-custom
		-f1: 0.8045757864632984
		-auroc: 0.7921442800692334
	-resnet
		-f1: 0.8669201520912547
		-auroc: 0.8577385617713335
2026-06-17 12:36:07 - __main__ - INFO - Input matrix with DHQWCVASEKLNMPIGRYTF encoding is removed.

2026-06-17 12:36:17 - __main__ - INFO - Input matrix with EHLCTYKFSGQWRNDVAMIP encoding is generated.
2026-06-17 12:37:50 - __main__ - INFO - EHLCTYKFSGQWRNDVAMIP encoding is done for binary task with:
	-custom
		-f1: 0.8312439729990356
		-auroc: 0.8230605630123117
	-resnet
		-f1: 0.8546409807355516
		-auroc: 0.8271264001828811
2026-06-17 12:37:50 - __main__ - INFO - Input matrix with EHLCTYKFSGQWRNDVAMIP encoding is removed.

2026-06-17 12:38:00 - __main__ - INFO - Input matrix with EVDPTRMFQYKLGCSWAHNI encoding is generated.
2026-06-17 12:39:31 - __main__ - INFO - EVDPTRMFQYKLGCSWAHNI encoding is done for binary task with:
	-custom
		-f1: 0.8267419962335216
		-auroc: 0.8127592175304529
	-resnet
		-f1: 0.8780487804878049
		-auroc: 0.8671806113451552
2026-06-17 12:39:31 - __main__ - INFO - Input matrix with EVDPTRMFQYKLGCSWAHNI encoding is removed.

2026-06-17 12:39:41 - __main__ - INFO - Input matrix with TPRGCSWFDYNQEHLMVIKA encoding is generated.
2026-06-17 12:41:13 - __main__ - INFO - TPRGCSWFDYNQEHLMVIKA encoding is done for binary task with:
	-custom
		-f1: 0.8398104265402844
		-auroc: 0.8282653244505405
	-resnet
		-f1: 0.8674698795180723
		-auroc: 0.8534094249044772
2026-06-17 12:41:13 - __main__ - INFO - Input matrix with TPRGCSWFDYNQEHLMVIKA encoding is removed.

2026-06-17 12:41:22 - __main__ - INFO - Input matrix with TRIQSPWAVFMKCDNGEHYL encoding is generated.
2026-06-17 12:42:54 - __main__ - INFO - TRIQSPWAVFMKCDNGEHYL encoding is done for binary task with:
	-custom
		-f1: 0.8122605363984674
		-auroc: 0.8014863165801247
	-resnet
		-f1: 0.886672710788758
		-auroc: 0.8704626726756146
2026-06-17 12:42:54 - __main__ - INFO - Input matrix with TRIQSPWAVFMKCDNGEHYL encoding is removed.

2026-06-17 12:43:03 - __main__ - INFO - Input matrix with ITWVDFYKSRNQLPHMECGA encoding is generated.
2026-06-17 12:44:35 - __main__ - INFO - ITWVDFYKSRNQLPHMECGA encoding is done for binary task with:
	-custom
		-f1: 0.799618320610687
		-auroc: 0.7871354625910323
	-resnet
		-f1: 0.8729703915950334
		-auroc: 0.8650578851115249
2026-06-17 12:44:35 - __main__ - INFO - Input matrix with ITWVDFYKSRNQLPHMECGA encoding is removed.

2026-06-17 12:44:44 - __main__ - INFO - Input matrix with RKHWEAQLTIVFCMNSGDYP encoding is generated.
2026-06-17 12:46:16 - __main__ - INFO - RKHWEAQLTIVFCMNSGDYP encoding is done for binary task with:
	-custom
		-f1: 0.8015267175572519
		-auroc: 0.7891581757617323
	-resnet
		-f1: 0.8213419563459984
		-auroc: 0.766945070376539
2026-06-17 12:46:16 - __main__ - INFO - Input matrix with RKHWEAQLTIVFCMNSGDYP encoding is removed.

2026-06-17 12:46:25 - __main__ - INFO - Input matrix with YPQIRHELMNVTASFGCWDK encoding is generated.
2026-06-17 12:47:57 - __main__ - INFO - YPQIRHELMNVTASFGCWDK encoding is done for binary task with:
	-custom
		-f1: 0.8065447545717036
		-auroc: 0.7966693608961171
	-resnet
		-f1: 0.8804448563484708
		-auroc: 0.8675684170993763
2026-06-17 12:47:57 - __main__ - INFO - Input matrix with YPQIRHELMNVTASFGCWDK encoding is removed.

2026-06-17 12:48:06 - __main__ - INFO - Input matrix with CAEPWNDTMSFIHGKVLQYR encoding is generated.
2026-06-17 12:49:38 - __main__ - INFO - CAEPWNDTMSFIHGKVLQYR encoding is done for binary task with:
	-custom
		-f1: 0.8162111215834119
		-auroc: 0.8016822605401522
	-resnet
		-f1: 0.8757819481680071
		-auroc: 0.8555362333039417
2026-06-17 12:49:38 - __main__ - INFO - Input matrix with CAEPWNDTMSFIHGKVLQYR encoding is removed.

2026-06-17 12:49:47 - __main__ - INFO - Input matrix with LRFMCVDGYKTWHAQEPISN encoding is generated.
2026-06-17 12:51:23 - __main__ - INFO - LRFMCVDGYKTWHAQEPISN encoding is done for binary task with:
	-custom
		-f1: 0.8148873653281097
		-auroc: 0.809669017994187
	-resnet
		-f1: 0.8776290630975143
		-auroc: 0.8701626334868227
2026-06-17 12:51:23 - __main__ - INFO - Input matrix with LRFMCVDGYKTWHAQEPISN encoding is removed.

2026-06-17 12:51:32 - __main__ - INFO - Input matrix with MFWGERTHDLQAIVPNCYSK encoding is generated.
2026-06-17 12:53:07 - __main__ - INFO - MFWGERTHDLQAIVPNCYSK encoding is done for binary task with:
	-custom
		-f1: 0.8334866605335787
		-auroc: 0.8145941510727931
	-resnet
		-f1: 0.8238255033557047
		-auroc: 0.7802284380000652
2026-06-17 12:53:07 - __main__ - INFO - Input matrix with MFWGERTHDLQAIVPNCYSK encoding is removed.

2026-06-17 12:53:16 - __main__ - INFO - Input matrix with GKLDHYPQVTMWASICEFNR encoding is generated.
2026-06-17 12:54:51 - __main__ - INFO - GKLDHYPQVTMWASICEFNR encoding is done for binary task with:
	-custom
		-f1: 0.8334937439846006
		-auroc: 0.8249873452859149
	-resnet
		-f1: 0.8440036068530208
		-auroc: 0.8216297638875282
2026-06-17 12:54:51 - __main__ - INFO - Input matrix with GKLDHYPQVTMWASICEFNR encoding is removed.

2026-06-17 12:55:01 - __main__ - INFO - Input matrix with SLDMAFTEKPGHICYQRVWN encoding is generated.
2026-06-17 12:56:34 - __main__ - INFO - SLDMAFTEKPGHICYQRVWN encoding is done for binary task with:
	-custom
		-f1: 0.8320610687022901
		-auroc: 0.8215215864929297
	-resnet
		-f1: 0.8838060384263495
		-auroc: 0.8689196139903987
2026-06-17 12:56:34 - __main__ - INFO - Input matrix with SLDMAFTEKPGHICYQRVWN encoding is removed.

2026-06-17 12:56:43 - __main__ - INFO - Input matrix with TPKYMQLGNAWHEFVDSIRC encoding is generated.
2026-06-17 12:58:16 - __main__ - INFO - TPKYMQLGNAWHEFVDSIRC encoding is done for binary task with:
	-custom
		-f1: 0.8263695450324977
		-auroc: 0.8090056660461775
	-resnet
		-f1: 0.8755760368663594
		-auroc: 0.8612124848959863
2026-06-17 12:58:16 - __main__ - INFO - Input matrix with TPKYMQLGNAWHEFVDSIRC encoding is removed.

2026-06-17 12:58:26 - __main__ - INFO - Input matrix with RHGNVSKWMFQCYEAPITLD encoding is generated.
2026-06-17 12:59:58 - __main__ - INFO - RHGNVSKWMFQCYEAPITLD encoding is done for binary task with:
	-custom
		-f1: 0.8159392789373814
		-auroc: 0.8030293752653408
	-resnet
		-f1: 0.87511071744907
		-auroc: 0.8530338656477581
2026-06-17 12:59:58 - __main__ - INFO - Input matrix with RHGNVSKWMFQCYEAPITLD encoding is removed.

2026-06-17 13:00:08 - __main__ - INFO - Input matrix with MNTRPIQVHSLECFGWYKDA encoding is generated.
2026-06-17 13:01:41 - __main__ - INFO - MNTRPIQVHSLECFGWYKDA encoding is done for binary task with:
	-custom
		-f1: 0.807843137254902
		-auroc: 0.802637487345286
	-resnet
		-f1: 0.8724954462659381
		-auroc: 0.8555321511381079
2026-06-17 13:01:41 - __main__ - INFO - Input matrix with MNTRPIQVHSLECFGWYKDA encoding is removed.

2026-06-17 13:01:50 - __main__ - INFO - Input matrix with IEQYDNALWKRMCTFSPVHG encoding is generated.
2026-06-17 13:03:23 - __main__ - INFO - IEQYDNALWKRMCTFSPVHG encoding is done for binary task with:
	-custom
		-f1: 0.8417061611374408
		-auroc: 0.8302880376212403
	-resnet
		-f1: 0.8852772466539197
		-auroc: 0.8782534861696221
2026-06-17 13:03:23 - __main__ - INFO - Input matrix with IEQYDNALWKRMCTFSPVHG encoding is removed.

2026-06-17 13:03:33 - __main__ - INFO - Input matrix with RSYHLWPNDVFKQGIAETMC encoding is generated.
2026-06-17 13:05:00 - __main__ - INFO - RSYHLWPNDVFKQGIAETMC encoding is done for binary task with:
	-custom
		-f1: 0.8467966573816156
		-auroc: 0.8312555109238757
	-resnet
		-f1: 0.8816029143897997
		-auroc: 0.8656457169916071
2026-06-17 13:05:00 - __main__ - INFO - Input matrix with RSYHLWPNDVFKQGIAETMC encoding is removed.

2026-06-17 13:05:10 - __main__ - INFO - Input matrix with WVEDMKTNFRHCYALPIGSQ encoding is generated.
2026-06-17 13:06:35 - __main__ - INFO - WVEDMKTNFRHCYALPIGSQ encoding is done for binary task with:
	-custom
		-f1: 0.8161693936477382
		-auroc: 0.8067829267496162
	-resnet
		-f1: 0.8676867686768677
		-auroc: 0.8478291042095294
2026-06-17 13:06:35 - __main__ - INFO - Input matrix with WVEDMKTNFRHCYALPIGSQ encoding is removed.

2026-06-17 13:06:44 - __main__ - INFO - Input matrix with MSRQDNITKLHCPAGWYFVE encoding is generated.
2026-06-17 13:08:11 - __main__ - INFO - MSRQDNITKLHCPAGWYFVE encoding is done for binary task with:
	-custom
		-f1: 0.7965616045845272
		-auroc: 0.7841493582835309
	-resnet
		-f1: 0.8778761061946903
		-auroc: 0.8560199699552595
2026-06-17 13:08:11 - __main__ - INFO - Input matrix with MSRQDNITKLHCPAGWYFVE encoding is removed.

2026-06-17 13:08:21 - __main__ - INFO - Input matrix with QLNECAHRGYDWKTSMVPFI encoding is generated.
2026-06-17 13:09:47 - __main__ - INFO - QLNECAHRGYDWKTSMVPFI encoding is done for binary task with:
	-custom
		-f1: 0.8233009708737864
		-auroc: 0.8163168250547008
	-resnet
		-f1: 0.8639391056137012
		-auroc: 0.854752457463832
2026-06-17 13:09:47 - __main__ - INFO - Input matrix with QLNECAHRGYDWKTSMVPFI encoding is removed.

2026-06-17 13:09:57 - __main__ - INFO - Input matrix with HIFEQGYNWVMASPKDCLRT encoding is generated.
2026-06-17 13:11:27 - __main__ - INFO - HIFEQGYNWVMASPKDCLRT encoding is done for binary task with:
	-custom
		-f1: 0.823076923076923
		-auroc: 0.8138144573985173
	-resnet
		-f1: 0.8718446601941747
		-auroc: 0.8668846543221973
2026-06-17 13:11:27 - __main__ - INFO - Input matrix with HIFEQGYNWVMASPKDCLRT encoding is removed.

2026-06-17 13:11:37 - __main__ - INFO - Input matrix with GQSANFIKEVMYCPWTHRDL encoding is generated.
2026-06-17 13:13:02 - __main__ - INFO - GQSANFIKEVMYCPWTHRDL encoding is done for binary task with:
	-custom
		-f1: 0.8303317535545024
		-auroc: 0.8181517585970414
	-resnet
		-f1: 0.8661971830985915
		-auroc: 0.8415731850690702
2026-06-17 13:13:02 - __main__ - INFO - Input matrix with GQSANFIKEVMYCPWTHRDL encoding is removed.

2026-06-17 13:13:11 - __main__ - INFO - Input matrix with TRIKSFPHCYEVMLDWAQNG encoding is generated.
2026-06-17 13:14:40 - __main__ - INFO - TRIKSFPHCYEVMLDWAQNG encoding is done for binary task with:
	-custom
		-f1: 0.8213283442469598
		-auroc: 0.8053439632931647
	-resnet
		-f1: 0.8610354223433242
		-auroc: 0.8422406191829136
2026-06-17 13:14:40 - __main__ - INFO - Input matrix with TRIKSFPHCYEVMLDWAQNG encoding is removed.

2026-06-17 13:14:49 - __main__ - INFO - Input matrix with SNHVELADCRWYIMKPTFGQ encoding is generated.
2026-06-17 13:16:15 - __main__ - INFO - SNHVELADCRWYIMKPTFGQ encoding is done for binary task with:
	-custom
		-f1: 0.8224852071005917
		-auroc: 0.819106985402175
	-resnet
		-f1: 0.869120654396728
		-auroc: 0.8734242839881128
2026-06-17 13:16:15 - __main__ - INFO - Input matrix with SNHVELADCRWYIMKPTFGQ encoding is removed.

2026-06-17 13:16:25 - __main__ - INFO - Input matrix with FHMTQYSDRNIWPKVALGCE encoding is generated.
2026-06-17 13:17:53 - __main__ - INFO - FHMTQYSDRNIWPKVALGCE encoding is done for binary task with:
	-custom
		-f1: 0.8154589371980676
		-auroc: 0.8069747885438097
	-resnet
		-f1: 0.8840304182509505
		-auroc: 0.875942980307632
2026-06-17 13:17:53 - __main__ - INFO - Input matrix with FHMTQYSDRNIWPKVALGCE encoding is removed.

2026-06-17 13:18:02 - __main__ - INFO - Input matrix with CQLDHRGMNIEWTKPVSYFA encoding is generated.
2026-06-17 13:19:29 - __main__ - INFO - CQLDHRGMNIEWTKPVSYFA encoding is done for binary task with:
	-custom
		-f1: 0.8344370860927153
		-auroc: 0.8221012540413442
	-resnet
		-f1: 0.8623188405797102
		-auroc: 0.8431080794226185
2026-06-17 13:19:29 - __main__ - INFO - Input matrix with CQLDHRGMNIEWTKPVSYFA encoding is removed.

2026-06-17 13:19:38 - __main__ - INFO - Input matrix with WKIYAREQNTDLMGCSFHPV encoding is generated.
2026-06-17 13:21:03 - __main__ - INFO - WKIYAREQNTDLMGCSFHPV encoding is done for binary task with:
	-custom
		-f1: 0.8242990654205608
		-auroc: 0.8083300676006661
	-resnet
		-f1: 0.8651252408477842
		-auroc: 0.8584100780510108
2026-06-17 13:21:03 - __main__ - INFO - Input matrix with WKIYAREQNTDLMGCSFHPV encoding is removed.

2026-06-17 13:21:13 - __main__ - INFO - Input matrix with HVTKGAFMQWCIDNRYLPSE encoding is generated.
2026-06-17 13:22:41 - __main__ - INFO - HVTKGAFMQWCIDNRYLPSE encoding is done for binary task with:
	-custom
		-f1: 0.8184438040345822
		-auroc: 0.8087097090232194
	-resnet
		-f1: 0.8787584869059166
		-auroc: 0.8739161849710982
2026-06-17 13:22:41 - __main__ - INFO - Input matrix with HVTKGAFMQWCIDNRYLPSE encoding is removed.

2026-06-17 13:22:50 - __main__ - INFO - Input matrix with CVKTNIGARSEQLPHDWFMY encoding is generated.
2026-06-17 13:24:14 - __main__ - INFO - CVKTNIGARSEQLPHDWFMY encoding is done for binary task with:
	-custom
		-f1: 0.8182701652089407
		-auroc: 0.8113080075764998
	-resnet
		-f1: 0.8850045998160073
		-auroc: 0.8712301198523887
2026-06-17 13:24:14 - __main__ - INFO - Input matrix with CVKTNIGARSEQLPHDWFMY encoding is removed.

2026-06-17 13:24:24 - __main__ - INFO - Input matrix with LAFMQPDRSKWTEYCHIGNV encoding is generated.
2026-06-17 13:25:49 - __main__ - INFO - LAFMQPDRSKWTEYCHIGNV encoding is done for binary task with:
	-custom
		-f1: 0.8140900195694716
		-auroc: 0.8086096959602886
	-resnet
		-f1: 0.8731343283582089
		-auroc: 0.8608246791417654
2026-06-17 13:25:49 - __main__ - INFO - Input matrix with LAFMQPDRSKWTEYCHIGNV encoding is removed.

2026-06-17 13:25:59 - __main__ - INFO - Input matrix with QLKFEYGAPSDMVNTWRIHC encoding is generated.
2026-06-17 13:27:23 - __main__ - INFO - QLKFEYGAPSDMVNTWRIHC encoding is done for binary task with:
	-custom
		-f1: 0.842512077294686
		-auroc: 0.8352927729336077
	-resnet
		-f1: 0.7859375
		-auroc: 0.7112806570654127
2026-06-17 13:27:23 - __main__ - INFO - Input matrix with QLKFEYGAPSDMVNTWRIHC encoding is removed.

2026-06-17 13:27:33 - __main__ - INFO - Input matrix with FSAHQELNCMPTIRYGVDWK encoding is generated.
2026-06-17 13:29:01 - __main__ - INFO - FSAHQELNCMPTIRYGVDWK encoding is done for binary task with:
	-custom
		-f1: 0.8083491461100569
		-auroc: 0.7949385225825414
	-resnet
		-f1: 0.8908212560386474
		-auroc: 0.8858606022011037
2026-06-17 13:29:01 - __main__ - INFO - Input matrix with FSAHQELNCMPTIRYGVDWK encoding is removed.

2026-06-17 13:29:10 - __main__ - INFO - Input matrix with NWLFTHEMVSIAKRQDPYCG encoding is generated.
2026-06-17 13:30:34 - __main__ - INFO - NWLFTHEMVSIAKRQDPYCG encoding is done for binary task with:
	-custom
		-f1: 0.831924882629108
		-auroc: 0.8176721041115574
	-resnet
		-f1: 0.8916349809885932
		-auroc: 0.8840338329904315
2026-06-17 13:30:34 - __main__ - INFO - Input matrix with NWLFTHEMVSIAKRQDPYCG encoding is removed.

2026-06-17 13:30:44 - __main__ - INFO - Input matrix with IPAYDCNQGSVHFMWKLETR encoding is generated.
2026-06-17 13:32:13 - __main__ - INFO - IPAYDCNQGSVHFMWKLETR encoding is done for binary task with:
	-custom
		-f1: 0.8074766355140187
		-auroc: 0.7901256490643677
	-resnet
		-f1: 0.8303477344573235
		-auroc: 0.8414405146794683
2026-06-17 13:32:13 - __main__ - INFO - Input matrix with IPAYDCNQGSVHFMWKLETR encoding is removed.

2026-06-17 13:32:24 - __main__ - INFO - Input matrix with SQPKMTIFDLYNHGEVWRCA encoding is generated.
2026-06-17 13:34:03 - __main__ - INFO - SQPKMTIFDLYNHGEVWRCA encoding is done for binary task with:
	-custom
		-f1: 0.8336557059961315
		-auroc: 0.8262385291140069
	-resnet
		-f1: 0.8093322606596943
		-auroc: 0.75047557231965
2026-06-17 13:34:03 - __main__ - INFO - Input matrix with SQPKMTIFDLYNHGEVWRCA encoding is removed.

2026-06-17 13:34:15 - __main__ - INFO - Input matrix with DFYWCSKGTHPLREIMAVNQ encoding is generated.
2026-06-17 13:36:04 - __main__ - INFO - DFYWCSKGTHPLREIMAVNQ encoding is done for binary task with:
	-custom
		-f1: 0.8026440037771483
		-auroc: 0.78761919924235
	-resnet
		-f1: 0.8703878902554399
		-auroc: 0.8605328042846412
2026-06-17 13:36:04 - __main__ - INFO - Input matrix with DFYWCSKGTHPLREIMAVNQ encoding is removed.

2026-06-17 13:36:14 - __main__ - INFO - Input matrix with YHICQGRFPKDLVTEAMSWN encoding is generated.
2026-06-17 13:37:49 - __main__ - INFO - YHICQGRFPKDLVTEAMSWN encoding is done for binary task with:
	-custom
		-f1: 0.846081208687441
		-auroc: 0.8341416021684465
	-resnet
		-f1: 0.8313140726933831
		-auroc: 0.8152656673524705
2026-06-17 13:37:49 - __main__ - INFO - Input matrix with YHICQGRFPKDLVTEAMSWN encoding is removed.

2026-06-17 13:37:59 - __main__ - INFO - Input matrix with GSYQLRVHIMFKENPTADCW encoding is generated.
2026-06-17 13:39:32 - __main__ - INFO - GSYQLRVHIMFKENPTADCW encoding is done for binary task with:
	-custom
		-f1: 0.8355387523629489
		-auroc: 0.8230646451781457
	-resnet
		-f1: 0.8607594936708861
		-auroc: 0.8559036282289932
2026-06-17 13:39:32 - __main__ - INFO - Input matrix with GSYQLRVHIMFKENPTADCW encoding is removed.

2026-06-17 13:39:41 - __main__ - INFO - Input matrix with GNWCHFDKYPQRVTLMESIA encoding is generated.
2026-06-17 13:41:15 - __main__ - INFO - GNWCHFDKYPQRVTLMESIA encoding is done for binary task with:
	-custom
		-f1: 0.8030447193149381
		-auroc: 0.7900256360014368
	-resnet
		-f1: 0.8591133004926108
		-auroc: 0.8564792136115738
2026-06-17 13:41:15 - __main__ - INFO - Input matrix with GNWCHFDKYPQRVTLMESIA encoding is removed.

2026-06-17 13:41:25 - __main__ - INFO - Input matrix with DVQALCTMHWFSIEYKGNPR encoding is generated.
2026-06-17 13:42:59 - __main__ - INFO - DVQALCTMHWFSIEYKGNPR encoding is done for binary task with:
	-custom
		-f1: 0.8007626310772163
		-auroc: 0.7880988537278338
	-resnet
		-f1: 0.8827838827838828
		-auroc: 0.8679562228535972
2026-06-17 13:42:59 - __main__ - INFO - Input matrix with DVQALCTMHWFSIEYKGNPR encoding is removed.

2026-06-17 13:43:08 - __main__ - INFO - Input matrix with STRLADMYIPWKQFNCGHEV encoding is generated.
2026-06-17 13:44:43 - __main__ - INFO - STRLADMYIPWKQFNCGHEV encoding is done for binary task with:
	-custom
		-f1: 0.8115384615384615
		-auroc: 0.8016781783743182
	-resnet
		-f1: 0.8783542039355993
		-auroc: 0.8586182685085398
2026-06-17 13:44:43 - __main__ - INFO - Input matrix with STRLADMYIPWKQFNCGHEV encoding is removed.

2026-06-17 13:44:52 - __main__ - INFO - Input matrix with AVEYGPCHQMFSWTLRKNID encoding is generated.
2026-06-17 13:46:26 - __main__ - INFO - AVEYGPCHQMFSWTLRKNID encoding is done for binary task with:
	-custom
		-f1: 0.8406909788867563
		-auroc: 0.8319229450377192
	-resnet
		-f1: 0.8796208530805687
		-auroc: 0.8707423010352373
2026-06-17 13:46:26 - __main__ - INFO - Input matrix with AVEYGPCHQMFSWTLRKNID encoding is removed.

2026-06-17 13:46:35 - __main__ - INFO - Input matrix with GQISCENVPDAMFLWTKYHR encoding is generated.
2026-06-17 13:48:08 - __main__ - INFO - GQISCENVPDAMFLWTKYHR encoding is done for binary task with:
	-custom
		-f1: 0.8146718146718147
		-auroc: 0.8059154665099114
	-resnet
		-f1: 0.8646034816247582
		-auroc: 0.8586019398452042
2026-06-17 13:48:08 - __main__ - INFO - Input matrix with GQISCENVPDAMFLWTKYHR encoding is removed.

2026-06-17 13:48:17 - __main__ - INFO - Input matrix with RNLSDYATKFPHMVIEQGWC encoding is generated.
2026-06-17 13:49:50 - __main__ - INFO - RNLSDYATKFPHMVIEQGWC encoding is done for binary task with:
	-custom
		-f1: 0.8158640226628895
		-auroc: 0.8017781914372489
	-resnet
		-f1: 0.8807692307692307
		-auroc: 0.8744958525195128
2026-06-17 13:49:50 - __main__ - INFO - Input matrix with RNLSDYATKFPHMVIEQGWC encoding is removed.

2026-06-17 13:50:00 - __main__ - INFO - Input matrix with YGDIHAMPSQFRKCWVTNEL encoding is generated.
2026-06-17 13:51:32 - __main__ - INFO - YGDIHAMPSQFRKCWVTNEL encoding is done for binary task with:
	-custom
		-f1: 0.8068506184586108
		-auroc: 0.7940710623428365
	-resnet
		-f1: 0.8677354709418837
		-auroc: 0.8684195486757454
2026-06-17 13:51:32 - __main__ - INFO - Input matrix with YGDIHAMPSQFRKCWVTNEL encoding is removed.

2026-06-17 13:51:42 - __main__ - INFO - Input matrix with HWGETFVLYQRCNADSMIPK encoding is generated.
2026-06-17 13:53:19 - __main__ - INFO - HWGETFVLYQRCNADSMIPK encoding is done for binary task with:
	-custom
		-f1: 0.8338136407300673
		-auroc: 0.8248914143888182
	-resnet
		-f1: 0.8820709491850431
		-auroc: 0.8753633127592175
2026-06-17 13:53:19 - __main__ - INFO - Input matrix with HWGETFVLYQRCNADSMIPK encoding is removed.

2026-06-17 13:53:29 - __main__ - INFO - Input matrix with CQGDKPINTMEAWSLYHRFV encoding is generated.
2026-06-17 13:55:21 - __main__ - INFO - CQGDKPINTMEAWSLYHRFV encoding is done for binary task with:
	-custom
		-f1: 0.8262548262548263
		-auroc: 0.8180517455341105
	-resnet
		-f1: 0.8829686013320647
		-auroc: 0.8749795891708305
2026-06-17 13:55:21 - __main__ - INFO - Input matrix with CQGDKPINTMEAWSLYHRFV encoding is removed.

2026-06-17 13:55:30 - __main__ - INFO - Input matrix with WGAFENCRSDYTVKQHPMLI encoding is generated.
2026-06-17 13:57:23 - __main__ - INFO - WGAFENCRSDYTVKQHPMLI encoding is done for binary task with:
	-custom
		-f1: 0.8164435946462715
		-auroc: 0.8054358120244277
	-resnet
		-f1: 0.8526591107236269
		-auroc: 0.8238525031840893
2026-06-17 13:57:23 - __main__ - INFO - Input matrix with WGAFENCRSDYTVKQHPMLI encoding is removed.

2026-06-17 13:57:33 - __main__ - INFO - Input matrix with YCWPRVEHLTGSKMQDNIAF encoding is generated.
2026-06-17 13:59:25 - __main__ - INFO - YCWPRVEHLTGSKMQDNIAF encoding is done for binary task with:
	-custom
		-f1: 0.8267419962335216
		-auroc: 0.8127592175304529
	-resnet
		-f1: 0.8654037886340977
		-auroc: 0.8651456516769538
2026-06-17 13:59:25 - __main__ - INFO - Input matrix with YCWPRVEHLTGSKMQDNIAF encoding is removed.

2026-06-17 13:59:35 - __main__ - INFO - Input matrix with DAVGSWECKHRQNYPIMFTL encoding is generated.
2026-06-17 14:01:26 - __main__ - INFO - DAVGSWECKHRQNYPIMFTL encoding is done for binary task with:
	-custom
		-f1: 0.8281101614434948
		-auroc: 0.8162249763234383
	-resnet
		-f1: 0.8581818181818182
		-auroc: 0.8392545148754122
2026-06-17 14:01:26 - __main__ - INFO - Input matrix with DAVGSWECKHRQNYPIMFTL encoding is removed.

2026-06-17 14:01:36 - __main__ - INFO - Input matrix with PSTHMQRDKNVEWIGFCYLA encoding is generated.
2026-06-17 14:03:20 - __main__ - INFO - PSTHMQRDKNVEWIGFCYLA encoding is done for binary task with:
	-custom
		-f1: 0.8480154888673765
		-auroc: 0.841456843342804
	-resnet
		-f1: 0.8491525423728814
		-auroc: 0.8131674341138435
2026-06-17 14:03:20 - __main__ - INFO - Input matrix with PSTHMQRDKNVEWIGFCYLA encoding is removed.

2026-06-17 14:03:29 - __main__ - INFO - Input matrix with DSMVGFWNEARCQHITLKPY encoding is generated.
2026-06-17 14:05:05 - __main__ - INFO - DSMVGFWNEARCQHITLKPY encoding is done for binary task with:
	-custom
		-f1: 0.8
		-auroc: 0.7882907155220273
	-resnet
		-f1: 0.866474543707973
		-auroc: 0.8592775382907156
2026-06-17 14:05:05 - __main__ - INFO - Input matrix with DSMVGFWNEARCQHITLKPY encoding is removed.

2026-06-17 14:05:14 - __main__ - INFO - Input matrix with CEITYSRHFWNAMDLVQKGP encoding is generated.
2026-06-17 14:06:49 - __main__ - INFO - CEITYSRHFWNAMDLVQKGP encoding is done for binary task with:
	-custom
		-f1: 0.8120300751879699
		-auroc: 0.7964815812677575
	-resnet
		-f1: 0.8737864077669902
		-auroc: 0.868907367492897
2026-06-17 14:06:49 - __main__ - INFO - Input matrix with CEITYSRHFWNAMDLVQKGP encoding is removed.

2026-06-17 14:06:58 - __main__ - INFO - Input matrix with ERAVFWMLSIKNTPYHDGQC encoding is generated.
2026-06-17 14:08:33 - __main__ - INFO - ERAVFWMLSIKNTPYHDGQC encoding is done for binary task with:
	-custom
		-f1: 0.8174757281553398
		-auroc: 0.8102486855426017
	-resnet
		-f1: 0.8737327188940092
		-auroc: 0.8591897717252864
2026-06-17 14:08:33 - __main__ - INFO - Input matrix with ERAVFWMLSIKNTPYHDGQC encoding is removed.

2026-06-17 14:08:42 - __main__ - INFO - Input matrix with IKNYGHWLVCSMQEAPTRFD encoding is generated.
2026-06-17 14:10:16 - __main__ - INFO - IKNYGHWLVCSMQEAPTRFD encoding is done for binary task with:
	-custom
		-f1: 0.8374760994263862
		-auroc: 0.8276856569021259
	-resnet
		-f1: 0.881447963800905
		-auroc: 0.8642986022664184
2026-06-17 14:10:16 - __main__ - INFO - Input matrix with IKNYGHWLVCSMQEAPTRFD encoding is removed.

2026-06-17 14:10:25 - __main__ - INFO - Input matrix with IYVTNAGESLQCRPHDMFKW encoding is generated.
2026-06-17 14:12:00 - __main__ - INFO - IYVTNAGESLQCRPHDMFKW encoding is done for binary task with:
	-custom
		-f1: 0.8341323106423778
		-auroc: 0.8247954834917213
	-resnet
		-f1: 0.8772563176895307
		-auroc: 0.8590979229940238
2026-06-17 14:12:00 - __main__ - INFO - Input matrix with IYVTNAGESLQCRPHDMFKW encoding is removed.

2026-06-17 14:12:09 - __main__ - INFO - Input matrix with KFTDPMSQLGIVYENCRAWH encoding is generated.
2026-06-17 14:13:42 - __main__ - INFO - KFTDPMSQLGIVYENCRAWH encoding is done for binary task with:
	-custom
		-f1: 0.8267942583732057
		-auroc: 0.8166086999118252
	-resnet
		-f1: 0.8585178055822906
		-auroc: 0.8512826165050129
2026-06-17 14:13:42 - __main__ - INFO - Input matrix with KFTDPMSQLGIVYENCRAWH encoding is removed.

2026-06-17 14:13:51 - __main__ - INFO - Input matrix with VPRCIYKWGDETLMNAQFSH encoding is generated.
2026-06-17 14:15:26 - __main__ - INFO - VPRCIYKWGDETLMNAQFSH encoding is done for binary task with:
	-custom
		-f1: 0.811787072243346
		-auroc: 0.7990798798210379
	-resnet
		-f1: 0.8809073724007561
		-auroc: 0.8716097612749419
2026-06-17 14:15:26 - __main__ - INFO - Input matrix with VPRCIYKWGDETLMNAQFSH encoding is removed.

2026-06-17 14:15:35 - __main__ - INFO - Input matrix with PRHQFEKGDLSAVYWNMICT encoding is generated.
2026-06-17 14:17:09 - __main__ - INFO - PRHQFEKGDLSAVYWNMICT encoding is done for binary task with:
	-custom
		-f1: 0.8279158699808795
		-auroc: 0.8175720910486268
	-resnet
		-f1: 0.8943985307621671
		-auroc: 0.8812477548087913
2026-06-17 14:17:09 - __main__ - INFO - Input matrix with PRHQFEKGDLSAVYWNMICT encoding is removed.

2026-06-17 14:17:19 - __main__ - INFO - Input matrix with KDTANYLEVRQCSWFHGPIM encoding is generated.
2026-06-17 14:18:53 - __main__ - INFO - KDTANYLEVRQCSWFHGPIM encoding is done for binary task with:
	-custom
		-f1: 0.8081395348837209
		-auroc: 0.8000391887920055
	-resnet
		-f1: 0.8820224719101124
		-auroc: 0.8711301067894582
2026-06-17 14:18:53 - __main__ - INFO - Input matrix with KDTANYLEVRQCSWFHGPIM encoding is removed.

2026-06-17 14:19:02 - __main__ - INFO - Input matrix with TKQVSGCEDRILPANMFWYH encoding is generated.
2026-06-17 14:20:36 - __main__ - INFO - TKQVSGCEDRILPANMFWYH encoding is done for binary task with:
	-custom
		-f1: 0.8263358778625954
		-auroc: 0.8154534469808301
	-resnet
		-f1: 0.8580310880829015
		-auroc: 0.8649456255510924
2026-06-17 14:20:36 - __main__ - INFO - Input matrix with TKQVSGCEDRILPANMFWYH encoding is removed.

2026-06-17 14:20:46 - __main__ - INFO - Input matrix with IGKMWQTYHSNAEPVCRLFD encoding is generated.
2026-06-17 14:22:20 - __main__ - INFO - IGKMWQTYHSNAEPVCRLFD encoding is done for binary task with:
	-custom
		-f1: 0.8218111002921129
		-auroc: 0.8154493648149962
	-resnet
		-f1: 0.8722627737226277
		-auroc: 0.8556280820352045
2026-06-17 14:22:20 - __main__ - INFO - Input matrix with IGKMWQTYHSNAEPVCRLFD encoding is removed.

2026-06-17 14:22:30 - __main__ - INFO - Input matrix with WQGVRKMTSPIEHDLYCAFN encoding is generated.
2026-06-17 14:24:03 - __main__ - INFO - WQGVRKMTSPIEHDLYCAFN encoding is done for binary task with:
	-custom
		-f1: 0.8225190839694656
		-auroc: 0.8114080206394305
	-resnet
		-f1: 0.8648148148148148
		-auroc: 0.8503273896998791
2026-06-17 14:24:03 - __main__ - INFO - Input matrix with WQGVRKMTSPIEHDLYCAFN encoding is removed.

2026-06-17 14:24:12 - __main__ - INFO - Input matrix with ALGPNMWQDTVHEIRFKSYC encoding is generated.
2026-06-17 14:25:45 - __main__ - INFO - ALGPNMWQDTVHEIRFKSYC encoding is done for binary task with:
	-custom
		-f1: 0.8099808061420346
		-auroc: 0.7995595343065216
	-resnet
		-f1: 0.8695652173913043
		-auroc: 0.8636107573234054
2026-06-17 14:25:45 - __main__ - INFO - Input matrix with ALGPNMWQDTVHEIRFKSYC encoding is removed.

2026-06-17 14:25:55 - __main__ - INFO - Input matrix with WCQKEPDYTLIAMNVSGRFH encoding is generated.
2026-06-17 14:27:28 - __main__ - INFO - WCQKEPDYTLIAMNVSGRFH encoding is done for binary task with:
	-custom
		-f1: 0.8334919124643198
		-auroc: 0.8223890467326345
	-resnet
		-f1: 0.8731408573928259
		-auroc: 0.848316923026681
2026-06-17 14:27:28 - __main__ - INFO - Input matrix with WCQKEPDYTLIAMNVSGRFH encoding is removed.

2026-06-17 14:27:38 - __main__ - INFO - Input matrix with EFCDLKPAYRHVSMQINGWT encoding is generated.
2026-06-17 14:29:10 - __main__ - INFO - EFCDLKPAYRHVSMQINGWT encoding is done for binary task with:
	-custom
		-f1: 0.8192999053926207
		-auroc: 0.8059195486757456
	-resnet
		-f1: 0.8675171736997056
		-auroc: 0.8643782045001797
2026-06-17 14:29:10 - __main__ - INFO - Input matrix with EFCDLKPAYRHVSMQINGWT encoding is removed.

2026-06-17 14:29:20 - __main__ - INFO - Input matrix with PGFHYRKEISVDMTNCAQLW encoding is generated.
2026-06-17 14:30:47 - __main__ - INFO - PGFHYRKEISVDMTNCAQLW encoding is done for binary task with:
	-custom
		-f1: 0.8406072106261859
		-auroc: 0.8293246464844387
	-resnet
		-f1: 0.884871550903901
		-auroc: 0.8770023023415303
2026-06-17 14:30:47 - __main__ - INFO - Input matrix with PGFHYRKEISVDMTNCAQLW encoding is removed.

2026-06-17 14:30:57 - __main__ - INFO - Input matrix with CYSPDIMAWVLFGTEKNRHQ encoding is generated.
2026-06-17 14:32:22 - __main__ - INFO - CYSPDIMAWVLFGTEKNRHQ encoding is done for binary task with:
	-custom
		-f1: 0.8138613861386138
		-auroc: 0.8112079945135691
	-resnet
		-f1: 0.8646288209606987
		-auroc: 0.838107426276085
2026-06-17 14:32:22 - __main__ - INFO - Input matrix with CYSPDIMAWVLFGTEKNRHQ encoding is removed.

2026-06-17 14:32:31 - __main__ - INFO - Input matrix with RDFWIKTGMYPSHEVQANLC encoding is generated.
2026-06-17 14:33:57 - __main__ - INFO - RDFWIKTGMYPSHEVQANLC encoding is done for binary task with:
	-custom
		-f1: 0.8421052631578947
		-auroc: 0.8367358185558931
	-resnet
		-f1: 0.8886756238003839
		-auroc: 0.8824907743052153
2026-06-17 14:33:57 - __main__ - INFO - Input matrix with RDFWIKTGMYPSHEVQANLC encoding is removed.

2026-06-17 14:34:06 - __main__ - INFO - Input matrix with EPFMQGICWKALHRNVTDSY encoding is generated.
2026-06-17 14:35:33 - __main__ - INFO - EPFMQGICWKALHRNVTDSY encoding is done for binary task with:
	-custom
		-f1: 0.8254580520732884
		-auroc: 0.8169924235002123
	-resnet
		-f1: 0.8760035682426405
		-auroc: 0.855440302406845
2026-06-17 14:35:33 - __main__ - INFO - Input matrix with EPFMQGICWKALHRNVTDSY encoding is removed.

2026-06-17 14:35:43 - __main__ - INFO - Input matrix with TGSNCQVYRDMAFWIKELHP encoding is generated.
2026-06-17 14:37:10 - __main__ - INFO - TGSNCQVYRDMAFWIKELHP encoding is done for binary task with:
	-custom
		-f1: 0.8271954674220963
		-auroc: 0.8139144704614482
	-resnet
		-f1: 0.8773307163886163
		-auroc: 0.8744917703536789
2026-06-17 14:37:10 - __main__ - INFO - Input matrix with TGSNCQVYRDMAFWIKELHP encoding is removed.

2026-06-17 14:37:19 - __main__ - INFO - Input matrix with SCELWATIFMKNYGPVDRQH encoding is generated.
2026-06-17 14:38:45 - __main__ - INFO - SCELWATIFMKNYGPVDRQH encoding is done for binary task with:
	-custom
		-f1: 0.8544423440453687
		-auroc: 0.843291776885144
	-resnet
		-f1: 0.8609154929577465
		-auroc: 0.8355050455569708
2026-06-17 14:38:45 - __main__ - INFO - Input matrix with SCELWATIFMKNYGPVDRQH encoding is removed.

2026-06-17 14:38:54 - __main__ - INFO - Input matrix with TYKLFAENCQGHPMIRDWSV encoding is generated.
2026-06-17 14:40:19 - __main__ - INFO - TYKLFAENCQGHPMIRDWSV encoding is done for binary task with:
	-custom
		-f1: 0.8184438040345822
		-auroc: 0.8087097090232194
	-resnet
		-f1: 0.8808193668528864
		-auroc: 0.8688196009274682
2026-06-17 14:40:19 - __main__ - INFO - Input matrix with TYKLFAENCQGHPMIRDWSV encoding is removed.

2026-06-17 14:40:29 - __main__ - INFO - Input matrix with AHTMCLFWNPKDYGESVQRI encoding is generated.
2026-06-17 14:41:54 - __main__ - INFO - AHTMCLFWNPKDYGESVQRI encoding is done for binary task with:
	-custom
		-f1: 0.8255813953488372
		-auroc: 0.818243607328304
	-resnet
		-f1: 0.8682170542635659
		-auroc: 0.8627432970837007
2026-06-17 14:41:54 - __main__ - INFO - Input matrix with AHTMCLFWNPKDYGESVQRI encoding is removed.

2026-06-17 14:42:03 - __main__ - INFO - Input matrix with HCYNWGTMDKFLVSPIQRAE encoding is generated.
2026-06-17 14:43:28 - __main__ - INFO - HCYNWGTMDKFLVSPIQRAE encoding is done for binary task with:
	-custom
		-f1: 0.8213944603629417
		-auroc: 0.810444629502629
	-resnet
		-f1: 0.8738738738738738
		-auroc: 0.8549565657555271
2026-06-17 14:43:28 - __main__ - INFO - Input matrix with HCYNWGTMDKFLVSPIQRAE encoding is removed.

2026-06-17 14:43:38 - __main__ - INFO - Input matrix with DYTCVHLGWNSIRKFQPEMA encoding is generated.
2026-06-17 14:45:03 - __main__ - INFO - DYTCVHLGWNSIRKFQPEMA encoding is done for binary task with:
	-custom
		-f1: 0.8103448275862069
		-auroc: 0.799463603409425
	-resnet
		-f1: 0.8598130841121495
		-auroc: 0.8467616178439633
2026-06-17 14:45:03 - __main__ - INFO - Input matrix with DYTCVHLGWNSIRKFQPEMA encoding is removed.

2026-06-17 14:45:12 - __main__ - INFO - Input matrix with TRGMIWCQELVPFNHSDKYA encoding is generated.
2026-06-17 14:46:37 - __main__ - INFO - TRGMIWCQELVPFNHSDKYA encoding is done for binary task with:
	-custom
		-f1: 0.8120740019474196
		-auroc: 0.805335798961497
	-resnet
		-f1: 0.8708133971291866
		-auroc: 0.8631311028379217
2026-06-17 14:46:37 - __main__ - INFO - Input matrix with TRGMIWCQELVPFNHSDKYA encoding is removed.

2026-06-17 14:46:47 - __main__ - INFO - Input matrix with QHAVKIYNCMRLSDWFEPTG encoding is generated.
2026-06-17 14:48:14 - __main__ - INFO - QHAVKIYNCMRLSDWFEPTG encoding is done for binary task with:
	-custom
		-f1: 0.8288973384030418
		-auroc: 0.8172842983573365
	-resnet
		-f1: 0.8642220019821606
		-auroc: 0.8628351458149637
2026-06-17 14:48:14 - __main__ - INFO - Input matrix with QHAVKIYNCMRLSDWFEPTG encoding is removed.

2026-06-17 14:48:23 - __main__ - INFO - Input matrix with NMSPFWHVALIYDGRCTKEQ encoding is generated.
2026-06-17 14:49:49 - __main__ - INFO - NMSPFWHVALIYDGRCTKEQ encoding is done for binary task with:
	-custom
		-f1: 0.8346153846153846
		-auroc: 0.8259507364227164
	-resnet
		-f1: 0.8745519713261649
		-auroc: 0.854668773064237
2026-06-17 14:49:49 - __main__ - INFO - Input matrix with NMSPFWHVALIYDGRCTKEQ encoding is removed.

2026-06-17 14:49:58 - __main__ - INFO - Input matrix with WMQRPNKGCVHIFELDSTYA encoding is generated.
2026-06-17 14:51:26 - __main__ - INFO - WMQRPNKGCVHIFELDSTYA encoding is done for binary task with:
	-custom
		-f1: 0.8143261074458058
		-auroc: 0.7996595473694522
	-resnet
		-f1: 0.8616740088105727
		-auroc: 0.8365643675908689
2026-06-17 14:51:26 - __main__ - INFO - Input matrix with WMQRPNKGCVHIFELDSTYA encoding is removed.

2026-06-17 14:51:36 - __main__ - INFO - Input matrix with YQAGEVKPWSCMFIRDHNLT encoding is generated.
2026-06-17 14:53:00 - __main__ - INFO - YQAGEVKPWSCMFIRDHNLT encoding is done for binary task with:
	-custom
		-f1: 0.8184438040345822
		-auroc: 0.8087097090232194
	-resnet
		-f1: 0.8427672955974843
		-auroc: 0.8523256098755756
2026-06-17 14:53:00 - __main__ - INFO - Input matrix with YQAGEVKPWSCMFIRDHNLT encoding is removed.

2026-06-17 14:53:09 - __main__ - INFO - Input matrix with IHSAYTKPWLVNREFCQDMG encoding is generated.
2026-06-17 14:54:34 - __main__ - INFO - IHSAYTKPWLVNREFCQDMG encoding is done for binary task with:
	-custom
		-f1: 0.8258426966292135
		-auroc: 0.8104487116684628
	-resnet
		-f1: 0.8825214899713467
		-auroc: 0.875171450965024
2026-06-17 14:54:34 - __main__ - INFO - Input matrix with IHSAYTKPWLVNREFCQDMG encoding is removed.

2026-06-17 14:54:43 - __main__ - INFO - Input matrix with SPLAMKDHQRWFNTCGEVYI encoding is generated.
2026-06-17 14:56:10 - __main__ - INFO - SPLAMKDHQRWFNTCGEVYI encoding is done for binary task with:
	-custom
		-f1: 0.825426944971537
		-auroc: 0.81314294111884
	-resnet
		-f1: 0.8758169934640523
		-auroc: 0.8639067143463636
2026-06-17 14:56:10 - __main__ - INFO - Input matrix with SPLAMKDHQRWFNTCGEVYI encoding is removed.

2026-06-17 14:56:20 - __main__ - INFO - Input matrix with SYGMVWLPRDNQATHIECFK encoding is generated.
2026-06-17 14:57:49 - __main__ - INFO - SYGMVWLPRDNQATHIECFK encoding is done for binary task with:
	-custom
		-f1: 0.8141592920353983
		-auroc: 0.8098608797883806
	-resnet
		-f1: 0.8888888888888888
		-auroc: 0.8795087521635478
2026-06-17 14:57:49 - __main__ - INFO - Input matrix with SYGMVWLPRDNQATHIECFK encoding is removed.

2026-06-17 14:57:59 - __main__ - INFO - Input matrix with HFAIKDLRCMSTNYGQEWPV encoding is generated.
2026-06-17 14:59:26 - __main__ - INFO - HFAIKDLRCMSTNYGQEWPV encoding is done for binary task with:
	-custom
		-f1: 0.8285714285714286
		-auroc: 0.8173802292544331
	-resnet
		-f1: 0.8556701030927835
		-auroc: 0.8616717285523007
2026-06-17 14:59:26 - __main__ - INFO - Input matrix with HFAIKDLRCMSTNYGQEWPV encoding is removed.

2026-06-17 14:59:36 - __main__ - INFO - Input matrix with YGENKAVSMRIPFTHWQLDC encoding is generated.
2026-06-17 15:01:02 - __main__ - INFO - YGENKAVSMRIPFTHWQLDC encoding is done for binary task with:
	-custom
		-f1: 0.8095693779904306
		-auroc: 0.7984042813755267
	-resnet
		-f1: 0.8720472440944882
		-auroc: 0.8695788837725743
2026-06-17 15:01:02 - __main__ - INFO - Input matrix with YGENKAVSMRIPFTHWQLDC encoding is removed.

2026-06-17 15:01:12 - __main__ - INFO - Input matrix with VRQWNYCHAGIFMKSLTEDP encoding is generated.
2026-06-17 15:02:36 - __main__ - INFO - VRQWNYCHAGIFMKSLTEDP encoding is done for binary task with:
	-custom
		-f1: 0.8180076628352491
		-auroc: 0.8075544560922243
	-resnet
		-f1: 0.8612167300380228
		-auroc: 0.8516704222592338
2026-06-17 15:02:36 - __main__ - INFO - Input matrix with VRQWNYCHAGIFMKSLTEDP encoding is removed.

2026-06-17 15:02:45 - __main__ - INFO - Input matrix with YTWSDVKCIAHFNPLQGMRE encoding is generated.
2026-06-17 15:04:13 - __main__ - INFO - YTWSDVKCIAHFNPLQGMRE encoding is done for binary task with:
	-custom
		-f1: 0.8118433619866284
		-auroc: 0.8003310636491298
	-resnet
		-f1: 0.873900293255132
		-auroc: 0.8702544822180857
2026-06-17 15:04:13 - __main__ - INFO - Input matrix with YTWSDVKCIAHFNPLQGMRE encoding is removed.

2026-06-17 15:04:22 - __main__ - INFO - Input matrix with FMNQITSARWVDELHCGYPK encoding is generated.
2026-06-17 15:05:48 - __main__ - INFO - FMNQITSARWVDELHCGYPK encoding is done for binary task with:
	-custom
		-f1: 0.8163265306122449
		-auroc: 0.8092852944058
	-resnet
		-f1: 0.8928571428571429
		-auroc: 0.8834582476078507
2026-06-17 15:05:48 - __main__ - INFO - Input matrix with FMNQITSARWVDELHCGYPK encoding is removed.

2026-06-17 15:05:57 - __main__ - INFO - Input matrix with EVWCTFPDAYKGRLQHNMIS encoding is generated.
2026-06-17 15:07:22 - __main__ - INFO - EVWCTFPDAYKGRLQHNMIS encoding is done for binary task with:
	-custom
		-f1: 0.8275193798449613
		-auroc: 0.820266320499004
	-resnet
		-f1: 0.859504132231405
		-auroc: 0.8658130857907971
2026-06-17 15:07:22 - __main__ - INFO - Input matrix with EVWCTFPDAYKGRLQHNMIS encoding is removed.

2026-06-17 15:07:31 - __main__ - INFO - Input matrix with CGDKAQHMRSEIVYFWLTNP encoding is generated.
2026-06-17 15:08:55 - __main__ - INFO - CGDKAQHMRSEIVYFWLTNP encoding is done for binary task with:
	-custom
		-f1: 0.8218390804597702
		-auroc: 0.811599882433624
	-resnet
		-f1: 0.8872858431018936
		-auroc: 0.8701748799843245
2026-06-17 15:08:55 - __main__ - INFO - Input matrix with CGDKAQHMRSEIVYFWLTNP encoding is removed.

2026-06-17 15:09:05 - __main__ - INFO - Input matrix with KAVTLGMWYENFPQHCSDIR encoding is generated.
2026-06-17 15:10:29 - __main__ - INFO - KAVTLGMWYENFPQHCSDIR encoding is done for binary task with:
	-custom
		-f1: 0.8148148148148148
		-auroc: 0.8020659841285392
	-resnet
		-f1: 0.8740601503759399
		-auroc: 0.8632311159008523
2026-06-17 15:10:29 - __main__ - INFO - Input matrix with KAVTLGMWYENFPQHCSDIR encoding is removed.

2026-06-17 15:10:39 - __main__ - INFO - Input matrix with TKRYQPCEMADNVSHFGLIW encoding is generated.
2026-06-17 15:12:05 - __main__ - INFO - TKRYQPCEMADNVSHFGLIW encoding is done for binary task with:
	-custom
		-f1: 0.8265895953757225
		-auroc: 0.8179558146370138
	-resnet
		-f1: 0.8789323164918971
		-auroc: 0.8710300937265276
2026-06-17 15:12:05 - __main__ - INFO - Input matrix with TKRYQPCEMADNVSHFGLIW encoding is removed.

2026-06-17 15:12:14 - __main__ - INFO - Input matrix with FASCHDTLVEGPRNYQIWKM encoding is generated.
2026-06-17 15:13:42 - __main__ - INFO - FASCHDTLVEGPRNYQIWKM encoding is done for binary task with:
	-custom
		-f1: 0.8247821878025169
		-auroc: 0.8171842852944058
	-resnet
		-f1: 0.8731343283582089
		-auroc: 0.8608246791417654
2026-06-17 15:13:42 - __main__ - INFO - Input matrix with FASCHDTLVEGPRNYQIWKM encoding is removed.

2026-06-17 15:13:51 - __main__ - INFO - Input matrix with YSQWHAKRETVFICLDGMPN encoding is generated.
2026-06-17 15:15:17 - __main__ - INFO - YSQWHAKRETVFICLDGMPN encoding is done for binary task with:
	-custom
		-f1: 0.8298279158699808
		-auroc: 0.8195948042193265
	-resnet
		-f1: 0.8684957426679281
		-auroc: 0.8585100911139414
2026-06-17 15:15:17 - __main__ - INFO - Input matrix with YSQWHAKRETVFICLDGMPN encoding is removed.

2026-06-17 15:15:27 - __main__ - INFO - Input matrix with QPGMSWEHCIKNDTVALRYF encoding is generated.
2026-06-17 15:16:54 - __main__ - INFO - QPGMSWEHCIKNDTVALRYF encoding is done for binary task with:
	-custom
		-f1: 0.8061716489874639
		-auroc: 0.7967652917932139
	-resnet
		-f1: 0.8705673758865248
		-auroc: 0.8480250481695568
2026-06-17 15:16:54 - __main__ - INFO - Input matrix with QPGMSWEHCIKNDTVALRYF encoding is removed.

2026-06-17 15:17:03 - __main__ - INFO - Input matrix with HMWRPFGDAITYSELKQCVN encoding is generated.
2026-06-17 15:18:25 - __main__ - INFO - HMWRPFGDAITYSELKQCVN encoding is done for binary task with:
	-custom
		-f1: 0.8267182962245886
		-auroc: 0.8192069984651057
	-resnet
		-f1: 0.8876611418047882
		-auroc: 0.8743121550569871
2026-06-17 15:18:25 - __main__ - INFO - Input matrix with HMWRPFGDAITYSELKQCVN encoding is removed.

2026-06-17 15:18:35 - __main__ - INFO - Input matrix with ASVKTMGDFEHLQCYRWPIN encoding is generated.
2026-06-17 15:20:00 - __main__ - INFO - ASVKTMGDFEHLQCYRWPIN encoding is done for binary task with:
	-custom
		-f1: 0.8344370860927153
		-auroc: 0.8221012540413442
	-resnet
		-f1: 0.8727272727272727
		-auroc: 0.874871411776232
2026-06-17 15:20:00 - __main__ - INFO - Input matrix with ASVKTMGDFEHLQCYRWPIN encoding is removed.

2026-06-17 15:20:10 - __main__ - INFO - Input matrix with VANRGYQPMFKLDICWHEST encoding is generated.
2026-06-17 15:21:37 - __main__ - INFO - VANRGYQPMFKLDICWHEST encoding is done for binary task with:
	-custom
		-f1: 0.8151658767772512
		-auroc: 0.8019700532314424
	-resnet
		-f1: 0.8809746954076851
		-auroc: 0.8701667156526567
2026-06-17 15:21:37 - __main__ - INFO - Input matrix with VANRGYQPMFKLDICWHEST encoding is removed.

2026-06-17 15:21:46 - __main__ - INFO - Input matrix with CIEFNDHWSKPMTVYLGAQR encoding is generated.
2026-06-17 15:23:15 - __main__ - INFO - CIEFNDHWSKPMTVYLGAQR encoding is done for binary task with:
	-custom
		-f1: 0.7981042654028436
		-auroc: 0.7837656346951439
	-resnet
		-f1: 0.8189655172413793
		-auroc: 0.8353682930015349
2026-06-17 15:23:15 - __main__ - INFO - Input matrix with CIEFNDHWSKPMTVYLGAQR encoding is removed.

2026-06-17 15:23:25 - __main__ - INFO - Input matrix with SQPHVDAKTFRMIWEGLYCN encoding is generated.
2026-06-17 15:24:52 - __main__ - INFO - SQPHVDAKTFRMIWEGLYCN encoding is done for binary task with:
	-custom
		-f1: 0.8322147651006712
		-auroc: 0.8227727703210217
	-resnet
		-f1: 0.88909426987061
		-auroc: 0.8765267300218804
2026-06-17 15:24:52 - __main__ - INFO - Input matrix with SQPHVDAKTFRMIWEGLYCN encoding is removed.

2026-06-17 15:25:02 - __main__ - INFO - Input matrix with LDWAPKMFINVECYTSQGHR encoding is generated.
2026-06-17 15:26:27 - __main__ - INFO - LDWAPKMFINVECYTSQGHR encoding is done for binary task with:
	-custom
		-f1: 0.8360189573459715
		-auroc: 0.8242198981091408
	-resnet
		-f1: 0.8630259623992838
		-auroc: 0.8414731720061396
2026-06-17 15:26:27 - __main__ - INFO - Input matrix with LDWAPKMFINVECYTSQGHR encoding is removed.

2026-06-17 15:26:37 - __main__ - INFO - Input matrix with ERTVDIWKGQCYALPMSHFN encoding is generated.
2026-06-17 15:28:04 - __main__ - INFO - ERTVDIWKGQCYALPMSHFN encoding is done for binary task with:
	-custom
		-f1: 0.8062015503875969
		-auroc: 0.7980164756213056
	-resnet
		-f1: 0.8781869688385269
		-auroc: 0.8685277260703439
2026-06-17 15:28:04 - __main__ - INFO - Input matrix with ERTVDIWKGQCYALPMSHFN encoding is removed.

2026-06-17 15:28:14 - __main__ - INFO - Input matrix with NPAEFDRGWVTSKQCIYMLH encoding is generated.
2026-06-17 15:29:39 - __main__ - INFO - NPAEFDRGWVTSKQCIYMLH encoding is done for binary task with:
	-custom
		-f1: 0.8334937439846006
		-auroc: 0.8249873452859149
	-resnet
		-f1: 0.8631211857018308
		-auroc: 0.8359887822082884
2026-06-17 15:29:39 - __main__ - INFO - Input matrix with NPAEFDRGWVTSKQCIYMLH encoding is removed.

2026-06-17 15:29:49 - __main__ - INFO - Input matrix with EVQRICNMAPFDWTKSGHLY encoding is generated.
2026-06-17 15:31:15 - __main__ - INFO - EVQRICNMAPFDWTKSGHLY encoding is done for binary task with:
	-custom
		-f1: 0.8305582761998042
		-auroc: 0.8258507233597858
	-resnet
		-f1: 0.8824065633546034
		-auroc: 0.8667050390255053
2026-06-17 15:31:15 - __main__ - INFO - Input matrix with EVQRICNMAPFDWTKSGHLY encoding is removed.

2026-06-17 15:31:25 - __main__ - INFO - Input matrix with VNYRMSQFPKDEWHGLTCIA encoding is generated.
2026-06-17 15:32:51 - __main__ - INFO - VNYRMSQFPKDEWHGLTCIA encoding is done for binary task with:
	-custom
		-f1: 0.8143133462282398
		-auroc: 0.8060113974070082
	-resnet
		-f1: 0.865234375
		-auroc: 0.861104307501388
2026-06-17 15:32:51 - __main__ - INFO - Input matrix with VNYRMSQFPKDEWHGLTCIA encoding is removed.

2026-06-17 15:33:00 - __main__ - INFO - Input matrix with IDGPTKSVCAWNFEMYRQLH encoding is generated.
2026-06-17 15:34:25 - __main__ - INFO - IDGPTKSVCAWNFEMYRQLH encoding is done for binary task with:
	-custom
		-f1: 0.8214971209213052
		-auroc: 0.8116958133307207
	-resnet
		-f1: 0.8635477582846004
		-auroc: 0.8589856634335913
2026-06-17 15:34:25 - __main__ - INFO - Input matrix with IDGPTKSVCAWNFEMYRQLH encoding is removed.

2026-06-17 15:34:35 - __main__ - INFO - Input matrix with PTLRMYKSWVAFQNDHEGCI encoding is generated.
2026-06-17 15:36:01 - __main__ - INFO - PTLRMYKSWVAFQNDHEGCI encoding is done for binary task with:
	-custom
		-f1: 0.8275862068965517
		-auroc: 0.8176680219457235
	-resnet
		-f1: 0.8759259259259259
		-auroc: 0.8624636687240784
2026-06-17 15:36:01 - __main__ - INFO - Input matrix with PTLRMYKSWVAFQNDHEGCI encoding is removed.

2026-06-17 15:36:11 - __main__ - INFO - Input matrix with EHSFLWPNVYIQDMTACGRK encoding is generated.
2026-06-17 15:37:39 - __main__ - INFO - EHSFLWPNVYIQDMTACGRK encoding is done for binary task with:
	-custom
		-f1: 0.822627037392138
		-auroc: 0.8126592044675223
	-resnet
		-f1: 0.8625592417061612
		-auroc: 0.8525378824989387
2026-06-17 15:37:39 - __main__ - INFO - Input matrix with EHSFLWPNVYIQDMTACGRK encoding is removed.

2026-06-17 15:37:48 - __main__ - INFO - Input matrix with TQNEFVIARKGDHCPWYLSM encoding is generated.
2026-06-17 15:39:14 - __main__ - INFO - TQNEFVIARKGDHCPWYLSM encoding is done for binary task with:
	-custom
		-f1: 0.8174757281553398
		-auroc: 0.8102486855426017
	-resnet
		-f1: 0.8692449355432781
		-auroc: 0.8540850233499885
2026-06-17 15:39:14 - __main__ - INFO - Input matrix with TQNEFVIARKGDHCPWYLSM encoding is removed.

2026-06-17 15:39:23 - __main__ - INFO - Input matrix with PQISNHYWTGDMRCKLFVEA encoding is generated.
2026-06-17 15:40:51 - __main__ - INFO - PQISNHYWTGDMRCKLFVEA encoding is done for binary task with:
	-custom
		-f1: 0.8451242829827916
		-auroc: 0.8357765095849253
	-resnet
		-f1: 0.7970897332255457
		-auroc: 0.7366043728160414
2026-06-17 15:40:51 - __main__ - INFO - Input matrix with PQISNHYWTGDMRCKLFVEA encoding is removed.

2026-06-17 15:41:01 - __main__ - INFO - Input matrix with WGCYDLHEAMVITPFKNSRQ encoding is generated.
2026-06-17 15:42:26 - __main__ - INFO - WGCYDLHEAMVITPFKNSRQ encoding is done for binary task with:
	-custom
		-f1: 0.8152380952380952
		-auroc: 0.8032212370595343
	-resnet
		-f1: 0.8709377901578459
		-auroc: 0.8575507821429738
2026-06-17 15:42:26 - __main__ - INFO - Input matrix with WGCYDLHEAMVITPFKNSRQ encoding is removed.

2026-06-17 15:42:36 - __main__ - INFO - Input matrix with MAVINCQFDHPTYWKLSREG encoding is generated.
2026-06-17 15:44:04 - __main__ - INFO - MAVINCQFDHPTYWKLSREG encoding is done for binary task with:
	-custom
		-f1: 0.8151750972762646
		-auroc: 0.8083219032689984
	-resnet
		-f1: 0.8732907930720146
		-auroc: 0.8565914731720061
2026-06-17 15:44:04 - __main__ - INFO - Input matrix with MAVINCQFDHPTYWKLSREG encoding is removed.

2026-06-17 15:44:14 - __main__ - INFO - Input matrix with YDVWQINHAFCMETSPLGKR encoding is generated.
2026-06-17 15:45:40 - __main__ - INFO - YDVWQINHAFCMETSPLGKR encoding is done for binary task with:
	-custom
		-f1: 0.8022922636103151
		-auroc: 0.7902174977956304
	-resnet
		-f1: 0.8305084745762712
		-auroc: 0.8426916985075601
2026-06-17 15:45:40 - __main__ - INFO - Input matrix with YDVWQINHAFCMETSPLGKR encoding is removed.

2026-06-17 15:45:50 - __main__ - INFO - Input matrix with WSYALDQHGVTCPNIMFEKR encoding is generated.
2026-06-17 15:47:15 - __main__ - INFO - WSYALDQHGVTCPNIMFEKR encoding is done for binary task with:
	-custom
		-f1: 0.8344370860927153
		-auroc: 0.8221012540413442
	-resnet
		-f1: 0.878968253968254
		-auroc: 0.878053460043761
2026-06-17 15:47:15 - __main__ - INFO - Input matrix with WSYALDQHGVTCPNIMFEKR encoding is removed.

2026-06-17 15:47:24 - __main__ - INFO - Input matrix with TSADVCGRNILEMHYFQPKW encoding is generated.
2026-06-17 15:48:50 - __main__ - INFO - TSADVCGRNILEMHYFQPKW encoding is done for binary task with:
	-custom
		-f1: 0.8235294117647058
		-auroc: 0.8188191927108847
	-resnet
		-f1: 0.8724584103512015
		-auroc: 0.8583223114855817
2026-06-17 15:48:50 - __main__ - INFO - Input matrix with TSADVCGRNILEMHYFQPKW encoding is removed.

2026-06-17 15:49:00 - __main__ - INFO - Input matrix with PSQWAKYFVINCRGHETDML encoding is generated.
2026-06-17 15:50:35 - __main__ - INFO - PSQWAKYFVINCRGHETDML encoding is done for binary task with:
	-custom
		-f1: 0.830945558739255
		-auroc: 0.8205581953561281
	-resnet
		-f1: 0.8615384615384616
		-auroc: 0.8542687208125141
2026-06-17 15:50:35 - __main__ - INFO - Input matrix with PSQWAKYFVINCRGHETDML encoding is removed.

2026-06-17 15:50:47 - __main__ - INFO - Input matrix with YNEWGAPTVICHDQMKFRLS encoding is generated.
2026-06-17 15:52:26 - __main__ - INFO - YNEWGAPTVICHDQMKFRLS encoding is done for binary task with:
	-custom
		-f1: 0.8148854961832062
		-auroc: 0.8033171679566312
	-resnet
		-f1: 0.8842504743833017
		-auroc: 0.8758470494105353
2026-06-17 15:52:26 - __main__ - INFO - Input matrix with YNEWGAPTVICHDQMKFRLS encoding is removed.

2026-06-17 15:52:35 - __main__ - INFO - Input matrix with CYTAINQDELRHWPMVSFGK encoding is generated.
2026-06-17 15:54:09 - __main__ - INFO - CYTAINQDELRHWPMVSFGK encoding is done for binary task with:
	-custom
		-f1: 0.8326996197718631
		-auroc: 0.8213297246987361
	-resnet
		-f1: 0.8596646072374228
		-auroc: 0.8346375853172658
2026-06-17 15:54:09 - __main__ - INFO - Input matrix with CYTAINQDELRHWPMVSFGK encoding is removed.

2026-06-17 15:54:18 - __main__ - INFO - Input matrix with TQLCRWYIPDEFMGVNHSKA encoding is generated.
2026-06-17 15:55:51 - __main__ - INFO - TQLCRWYIPDEFMGVNHSKA encoding is done for binary task with:
	-custom
		-f1: 0.8096618357487922
		-auroc: 0.8009066490317103
	-resnet
		-f1: 0.8847583643122676
		-auroc: 0.872769096371771
2026-06-17 15:55:51 - __main__ - INFO - Input matrix with TQLCRWYIPDEFMGVNHSKA encoding is removed.

2026-06-17 15:56:00 - __main__ - INFO - Input matrix with PQVSIRNMDWHTFEKGYACL encoding is generated.
2026-06-17 15:57:33 - __main__ - INFO - PQVSIRNMDWHTFEKGYACL encoding is done for binary task with:
	-custom
		-f1: 0.8131021194605009
		-auroc: 0.8037968224421148
	-resnet
		-f1: 0.8737511353315168
		-auroc: 0.8563996113778127
2026-06-17 15:57:33 - __main__ - INFO - Input matrix with PQVSIRNMDWHTFEKGYACL encoding is removed.

2026-06-17 15:57:42 - __main__ - INFO - Input matrix with QVTCSLGFEYKAIHMPRDNW encoding is generated.
2026-06-17 15:59:15 - __main__ - INFO - QVTCSLGFEYKAIHMPRDNW encoding is done for binary task with:
	-custom
		-f1: 0.8299319727891157
		-auroc: 0.8234442866006989
	-resnet
		-f1: 0.8670756646216768
		-auroc: 0.8714015708174129
2026-06-17 15:59:15 - __main__ - INFO - Input matrix with QVTCSLGFEYKAIHMPRDNW encoding is removed.

2026-06-17 15:59:24 - __main__ - INFO - Input matrix with FRYKEGTQHVDLPNMCIWAS encoding is generated.
2026-06-17 16:00:58 - __main__ - INFO - FRYKEGTQHVDLPNMCIWAS encoding is done for binary task with:
	-custom
		-f1: 0.845437616387337
		-auroc: 0.830388050684171
	-resnet
		-f1: 0.87279843444227
		-auroc: 0.8692910910812841
2026-06-17 16:00:58 - __main__ - INFO - Input matrix with FRYKEGTQHVDLPNMCIWAS encoding is removed.

2026-06-17 16:01:07 - __main__ - INFO - Input matrix with CKESTMRAQLFIPGHNVYDW encoding is generated.
2026-06-17 16:02:40 - __main__ - INFO - CKESTMRAQLFIPGHNVYDW encoding is done for binary task with:
	-custom
		-f1: 0.799618320610687
		-auroc: 0.7871354625910323
	-resnet
		-f1: 0.8164383561643835
		-auroc: 0.7939832957774077
2026-06-17 16:02:40 - __main__ - INFO - Input matrix with CKESTMRAQLFIPGHNVYDW encoding is removed.

2026-06-17 16:02:49 - __main__ - INFO - Input matrix with WVKSIEFHLGDNTQMYPACR encoding is generated.
2026-06-17 16:04:21 - __main__ - INFO - WVKSIEFHLGDNTQMYPACR encoding is done for binary task with:
	-custom
		-f1: 0.82421875
		-auroc: 0.8186273309166912
	-resnet
		-f1: 0.8802946593001841
		-auroc: 0.8662213023741876
2026-06-17 16:04:21 - __main__ - INFO - Input matrix with WVKSIEFHLGDNTQMYPACR encoding is removed.

2026-06-17 16:04:30 - __main__ - INFO - Input matrix with WIRVYEQMKHFATGLNCSPD encoding is generated.
2026-06-17 16:06:02 - __main__ - INFO - WIRVYEQMKHFATGLNCSPD encoding is done for binary task with:
	-custom
		-f1: 0.8076555023923445
		-auroc: 0.7963815682048268
	-resnet
		-f1: 0.8756756756756757
		-auroc: 0.8569792789262272
2026-06-17 16:06:02 - __main__ - INFO - Input matrix with WIRVYEQMKHFATGLNCSPD encoding is removed.

2026-06-17 16:06:12 - __main__ - INFO - Input matrix with KGQHTLFCAWNMEVSYIPRD encoding is generated.
2026-06-17 16:07:42 - __main__ - INFO - KGQHTLFCAWNMEVSYIPRD encoding is done for binary task with:
	-custom
		-f1: 0.80078125
		-auroc: 0.7943547728682929
	-resnet
		-f1: 0.8787878787878788
		-auroc: 0.8584264067143463
2026-06-17 16:07:42 - __main__ - INFO - Input matrix with KGQHTLFCAWNMEVSYIPRD encoding is removed.

2026-06-17 16:07:52 - __main__ - INFO - Input matrix with TLEPNHWDRQYVKGISFMCA encoding is generated.
2026-06-17 16:09:26 - __main__ - INFO - TLEPNHWDRQYVKGISFMCA encoding is done for binary task with:
	-custom
		-f1: 0.8227488151658767
		-auroc: 0.810060905914242
	-resnet
		-f1: 0.8688212927756654
		-auroc: 0.8597612749420332
2026-06-17 16:09:26 - __main__ - INFO - Input matrix with TLEPNHWDRQYVKGISFMCA encoding is removed.

2026-06-17 16:09:35 - __main__ - INFO - Input matrix with SPFAQDMLCNRIHGYTEKWV encoding is generated.
2026-06-17 16:11:09 - __main__ - INFO - SPFAQDMLCNRIHGYTEKWV encoding is done for binary task with:
	-custom
		-f1: 0.8247619047619048
		-auroc: 0.8133348029130336
	-resnet
		-f1: 0.8884892086330936
		-auroc: 0.8710423402240293
2026-06-17 16:11:09 - __main__ - INFO - Input matrix with SPFAQDMLCNRIHGYTEKWV encoding is removed.

2026-06-17 16:11:18 - __main__ - INFO - Input matrix with DYSKCQNEMVTRLWIHPAFG encoding is generated.
2026-06-17 16:12:53 - __main__ - INFO - DYSKCQNEMVTRLWIHPAFG encoding is done for binary task with:
	-custom
		-f1: 0.82421875
		-auroc: 0.8186273309166912
	-resnet
		-f1: 0.8539130434782609
		-auroc: 0.8247199634237942
2026-06-17 16:12:53 - __main__ - INFO - Input matrix with DYSKCQNEMVTRLWIHPAFG encoding is removed.

2026-06-17 16:13:02 - __main__ - INFO - Input matrix with DRHQMEWGCNYFLVAIKPST encoding is generated.
2026-06-17 16:14:36 - __main__ - INFO - DRHQMEWGCNYFLVAIKPST encoding is done for binary task with:
	-custom
		-f1: 0.816247582205029
		-auroc: 0.808034110577708
	-resnet
		-f1: 0.835509138381201
		-auroc: 0.8035294405799941
2026-06-17 16:14:36 - __main__ - INFO - Input matrix with DRHQMEWGCNYFLVAIKPST encoding is removed.

2026-06-17 16:14:46 - __main__ - INFO - Input matrix with EDNYTIFMCQHPRASVLGWK encoding is generated.
2026-06-17 16:16:19 - __main__ - INFO - EDNYTIFMCQHPRASVLGWK encoding is done for binary task with:
	-custom
		-f1: 0.8150943396226416
		-auroc: 0.8007188694033507
	-resnet
		-f1: 0.8285714285714286
		-auroc: 0.8018863688318475
2026-06-17 16:16:19 - __main__ - INFO - Input matrix with EDNYTIFMCQHPRASVLGWK encoding is removed.

2026-06-17 16:16:28 - __main__ - INFO - Input matrix with MPHEAQRTYVWKLCNGDFIS encoding is generated.
2026-06-17 16:18:01 - __main__ - INFO - MPHEAQRTYVWKLCNGDFIS encoding is done for binary task with:
	-custom
		-f1: 0.8106565176022835
		-auroc: 0.7981164886842362
	-resnet
		-f1: 0.8597957288765088
		-auroc: 0.8454145031187746
2026-06-17 16:18:01 - __main__ - INFO - Input matrix with MPHEAQRTYVWKLCNGDFIS encoding is removed.

2026-06-17 16:18:10 - __main__ - INFO - Input matrix with HWQFVSNDRCKMGYETIALP encoding is generated.
2026-06-17 16:19:42 - __main__ - INFO - HWQFVSNDRCKMGYETIALP encoding is done for binary task with:
	-custom
		-f1: 0.8368121442125237
		-auroc: 0.825279220143039
	-resnet
		-f1: 0.8561341571050309
		-auroc: 0.8305921589758661
2026-06-17 16:19:42 - __main__ - INFO - Input matrix with HWQFVSNDRCKMGYETIALP encoding is removed.

2026-06-17 16:19:51 - __main__ - INFO - Input matrix with VGPWFEATLHNYMIQSDKRC encoding is generated.
2026-06-17 16:21:24 - __main__ - INFO - VGPWFEATLHNYMIQSDKRC encoding is done for binary task with:
	-custom
		-f1: 0.823076923076923
		-auroc: 0.8138144573985173
	-resnet
		-f1: 0.8720379146919431
		-auroc: 0.8626514483524379
2026-06-17 16:21:24 - __main__ - INFO - Input matrix with VGPWFEATLHNYMIQSDKRC encoding is removed.

2026-06-17 16:21:33 - __main__ - INFO - Input matrix with LCRTKYHWIAPFDMEVNGSQ encoding is generated.
2026-06-17 16:23:06 - __main__ - INFO - LCRTKYHWIAPFDMEVNGSQ encoding is done for binary task with:
	-custom
		-f1: 0.8204158790170132
		-auroc: 0.806882939812547
	-resnet
		-f1: 0.8738404452690167
		-auroc: 0.8605368864504752
2026-06-17 16:23:06 - __main__ - INFO - Input matrix with LCRTKYHWIAPFDMEVNGSQ encoding is removed.

2026-06-17 16:23:16 - __main__ - INFO - Input matrix with LHEACKWFGVQIPDTMRYSN encoding is generated.
2026-06-17 16:24:49 - __main__ - INFO - LHEACKWFGVQIPDTMRYSN encoding is done for binary task with:
	-custom
		-f1: 0.8258801141769743
		-auroc: 0.8142981940498352
	-resnet
		-f1: 0.8684452621895125
		-auroc: 0.8530257013160901
2026-06-17 16:24:49 - __main__ - INFO - Input matrix with LHEACKWFGVQIPDTMRYSN encoding is removed.

2026-06-17 16:24:59 - __main__ - INFO - Input matrix with NAFQHIGRTCYMSPEVWKLD encoding is generated.
2026-06-17 16:26:32 - __main__ - INFO - NAFQHIGRTCYMSPEVWKLD encoding is done for binary task with:
	-custom
		-f1: 0.8160919540229885
		-auroc: 0.8055317429215244
	-resnet
		-f1: 0.8837675350701403
		-auroc: 0.8846012540413442
2026-06-17 16:26:32 - __main__ - INFO - Input matrix with NAFQHIGRTCYMSPEVWKLD encoding is removed.

2026-06-17 16:26:41 - __main__ - INFO - Input matrix with PQTYAKHMWLENGVCIDRFS encoding is generated.
2026-06-17 16:28:14 - __main__ - INFO - PQTYAKHMWLENGVCIDRFS encoding is done for binary task with:
	-custom
		-f1: 0.8019047619047619
		-auroc: 0.7890622448646354
	-resnet
		-f1: 0.8683693516699411
		-auroc: 0.8654375265340779
2026-06-17 16:28:14 - __main__ - INFO - Input matrix with PQTYAKHMWLENGVCIDRFS encoding is removed.

2026-06-17 16:28:23 - __main__ - INFO - Input matrix with VFDTISMLCGNEARYWQKHP encoding is generated.
2026-06-17 16:29:55 - __main__ - INFO - VFDTISMLCGNEARYWQKHP encoding is done for binary task with:
	-custom
		-f1: 0.7977099236641222
		-auroc: 0.7851127494203325
	-resnet
		-f1: 0.8897196261682243
		-auroc: 0.8791250285751608
2026-06-17 16:29:55 - __main__ - INFO - Input matrix with VFDTISMLCGNEARYWQKHP encoding is removed.

2026-06-17 16:30:04 - __main__ - INFO - Input matrix with YQVHFLPRNITKDAEWMGCS encoding is generated.
2026-06-17 16:31:32 - __main__ - INFO - YQVHFLPRNITKDAEWMGCS encoding is done for binary task with:
	-custom
		-f1: 0.8137931034482758
		-auroc: 0.8099568106854773
	-resnet
		-f1: 0.8928571428571429
		-auroc: 0.8834582476078507
2026-06-17 16:31:32 - __main__ - INFO - Input matrix with YQVHFLPRNITKDAEWMGCS encoding is removed.

2026-06-17 16:31:42 - __main__ - INFO - Input matrix with NCKSIARWVEYHDQFLGTMP encoding is generated.
2026-06-17 16:33:10 - __main__ - INFO - NCKSIARWVEYHDQFLGTMP encoding is done for binary task with:
	-custom
		-f1: 0.8072519083969466
		-auroc: 0.7952263152738317
	-resnet
		-f1: 0.8697214734950584
		-auroc: 0.8497558864831325
2026-06-17 16:33:10 - __main__ - INFO - Input matrix with NCKSIARWVEYHDQFLGTMP encoding is removed.

2026-06-17 16:33:19 - __main__ - INFO - Input matrix with KTLREVICSADPYGWMFNQH encoding is generated.
2026-06-17 16:34:48 - __main__ - INFO - KTLREVICSADPYGWMFNQH encoding is done for binary task with:
	-custom
		-f1: 0.8216007714561234
		-auroc: 0.8129469971588126
	-resnet
		-f1: 0.8571428571428571
		-auroc: 0.8558036151660625
2026-06-17 16:34:48 - __main__ - INFO - Input matrix with KTLREVICSADPYGWMFNQH encoding is removed.

2026-06-17 16:34:58 - __main__ - INFO - Input matrix with GFRALEDPWYKNCIMSTVHQ encoding is generated.
2026-06-17 16:36:27 - __main__ - INFO - GFRALEDPWYKNCIMSTVHQ encoding is done for binary task with:
	-custom
		-f1: 0.8439306358381503
		-auroc: 0.8361602331733125
	-resnet
		-f1: 0.8755846585594013
		-auroc: 0.8640026452434604
2026-06-17 16:36:27 - __main__ - INFO - Input matrix with GFRALEDPWYKNCIMSTVHQ encoding is removed.

2026-06-17 16:36:36 - __main__ - INFO - Input matrix with EVCMPNQGTRHLWIYSKFDA encoding is generated.
2026-06-17 16:38:05 - __main__ - INFO - EVCMPNQGTRHLWIYSKFDA encoding is done for binary task with:
	-custom
		-f1: 0.8484270734032412
		-auroc: 0.83866668299533
	-resnet
		-f1: 0.8484848484848485
		-auroc: 0.8505988537278337
2026-06-17 16:38:05 - __main__ - INFO - Input matrix with EVCMPNQGTRHLWIYSKFDA encoding is removed.

2026-06-17 16:38:15 - __main__ - INFO - Input matrix with VSKCIPHDFMQLNWGTRAYE encoding is generated.
2026-06-17 16:39:42 - __main__ - INFO - VSKCIPHDFMQLNWGTRAYE encoding is done for binary task with:
	-custom
		-f1: 0.8073217726396917
		-auroc: 0.7977286829300154
	-resnet
		-f1: 0.8740601503759399
		-auroc: 0.8632311159008523
2026-06-17 16:39:42 - __main__ - INFO - Input matrix with VSKCIPHDFMQLNWGTRAYE encoding is removed.

2026-06-17 16:39:52 - __main__ - INFO - Input matrix with PLDYEKINMCQGARVSWFTH encoding is generated.
2026-06-17 16:41:20 - __main__ - INFO - PLDYEKINMCQGARVSWFTH encoding is done for binary task with:
	-custom
		-f1: 0.8179162609542356
		-auroc: 0.8114039384735966
	-resnet
		-f1: 0.8927589367552704
		-auroc: 0.8791291107409948
2026-06-17 16:41:20 - __main__ - INFO - Input matrix with PLDYEKINMCQGARVSWFTH encoding is removed.

2026-06-17 16:41:30 - __main__ - INFO - Input matrix with SYNFHLCDVIKEGAMWRQTP encoding is generated.
2026-06-17 16:42:58 - __main__ - INFO - SYNFHLCDVIKEGAMWRQTP encoding is done for binary task with:
	-custom
		-f1: 0.8203125
		-auroc: 0.8145819045752916
	-resnet
		-f1: 0.8848263254113345
		-auroc: 0.8698830051272003
2026-06-17 16:42:58 - __main__ - INFO - Input matrix with SYNFHLCDVIKEGAMWRQTP encoding is removed.

2026-06-17 16:43:07 - __main__ - INFO - Input matrix with AHTYFVLPQKWEDRGSICNM encoding is generated.
2026-06-17 16:44:36 - __main__ - INFO - AHTYFVLPQKWEDRGSICNM encoding is done for binary task with:
	-custom
		-f1: 0.8239771646051379
		-auroc: 0.8122754808791353
	-resnet
		-f1: 0.8661417322834646
		-auroc: 0.8635107442604748
2026-06-17 16:44:36 - __main__ - INFO - Input matrix with AHTYFVLPQKWEDRGSICNM encoding is removed.

2026-06-17 16:44:45 - __main__ - INFO - Input matrix with WRAPEFKDQTSHINGLYMCV encoding is generated.
2026-06-17 16:46:11 - __main__ - INFO - WRAPEFKDQTSHINGLYMCV encoding is done for binary task with:
	-custom
		-f1: 0.7980487804878049
		-auroc: 0.7912727376636948
	-resnet
		-f1: 0.8654037886340977
		-auroc: 0.8651456516769538
2026-06-17 16:46:11 - __main__ - INFO - Input matrix with WRAPEFKDQTSHINGLYMCV encoding is removed.

2026-06-17 16:46:21 - __main__ - INFO - Input matrix with CVGSETWRHMKYPDLQNFIA encoding is generated.
2026-06-17 16:47:46 - __main__ - INFO - CVGSETWRHMKYPDLQNFIA encoding is done for binary task with:
	-custom
		-f1: 0.7996051332675223
		-auroc: 0.7958937493876751
	-resnet
		-f1: 0.8584392014519057
		-auroc: 0.8391585839783156
2026-06-17 16:47:46 - __main__ - INFO - Input matrix with CVGSETWRHMKYPDLQNFIA encoding is removed.

2026-06-17 16:47:56 - __main__ - INFO - Input matrix with HGSKPWRAQVNYMTDICLFE encoding is generated.
2026-06-17 16:49:25 - __main__ - INFO - HGSKPWRAQVNYMTDICLFE encoding is done for binary task with:
	-custom
		-f1: 0.8328557784145176
		-auroc: 0.8225809085268281
	-resnet
		-f1: 0.8693957115009746
		-auroc: 0.8650538029456909
2026-06-17 16:49:25 - __main__ - INFO - Input matrix with HGSKPWRAQVNYMTDICLFE encoding is removed.

2026-06-17 16:49:34 - __main__ - INFO - Input matrix with RAQENLTIVYDKMHSGPFCW encoding is generated.
2026-06-17 16:51:03 - __main__ - INFO - RAQENLTIVYDKMHSGPFCW encoding is done for binary task with:
	-custom
		-f1: 0.8050436469447139
		-auroc: 0.7970530844845041
	-resnet
		-f1: 0.8616822429906542
		-auroc: 0.8487843310146631
2026-06-17 16:51:03 - __main__ - INFO - Input matrix with RAQENLTIVYDKMHSGPFCW encoding is removed.

2026-06-17 16:51:12 - __main__ - INFO - Input matrix with GRKADNYIHWPCQLFETSVM encoding is generated.
2026-06-17 16:52:39 - __main__ - INFO - GRKADNYIHWPCQLFETSVM encoding is done for binary task with:
	-custom
		-f1: 0.8334956183057449
		-auroc: 0.8275856438391953
	-resnet
		-f1: 0.8917668825161887
		-auroc: 0.8796087652264786
2026-06-17 16:52:39 - __main__ - INFO - Input matrix with GRKADNYIHWPCQLFETSVM encoding is removed.

2026-06-17 16:52:49 - __main__ - INFO - Input matrix with SEMACKNIWHVQGTRYDFPL encoding is generated.
2026-06-17 16:54:17 - __main__ - INFO - SEMACKNIWHVQGTRYDFPL encoding is done for binary task with:
	-custom
		-f1: 0.8108614232209738
		-auroc: 0.7942670063028641
	-resnet
		-f1: 0.8710601719197708
		-auroc: 0.8630351719408249
2026-06-17 16:54:17 - __main__ - INFO - Input matrix with SEMACKNIWHVQGTRYDFPL encoding is removed.

2026-06-17 16:54:26 - __main__ - INFO - Input matrix with NSTMHDYEKGWQRIPFLVCA encoding is generated.
2026-06-17 16:55:53 - __main__ - INFO - NSTMHDYEKGWQRIPFLVCA encoding is done for binary task with:
	-custom
		-f1: 0.8188976377952756
		-auroc: 0.8149656281636786
	-resnet
		-f1: 0.8702851885924563
		-auroc: 0.8550484144867901
2026-06-17 16:55:53 - __main__ - INFO - Input matrix with NSTMHDYEKGWQRIPFLVCA encoding is removed.

2026-06-17 16:56:03 - __main__ - INFO - Input matrix with YTLCHWRAKPGSENMIQDFV encoding is generated.
2026-06-17 16:57:29 - __main__ - INFO - YTLCHWRAKPGSENMIQDFV encoding is done for binary task with:
	-custom
		-f1: 0.8125594671741199
		-auroc: 0.8001392018549363
	-resnet
		-f1: 0.8646288209606987
		-auroc: 0.838107426276085
2026-06-17 16:57:29 - __main__ - INFO - Input matrix with YTLCHWRAKPGSENMIQDFV encoding is removed.

2026-06-17 16:57:38 - __main__ - INFO - Input matrix with NHYVEQIWLGPFMRTASCKD encoding is generated.
2026-06-17 16:59:06 - __main__ - INFO - NHYVEQIWLGPFMRTASCKD encoding is done for binary task with:
	-custom
		-f1: 0.8106565176022835
		-auroc: 0.7981164886842362
	-resnet
		-f1: 0.8797127468581688
		-auroc: 0.8608328434734334
2026-06-17 16:59:06 - __main__ - INFO - Input matrix with NHYVEQIWLGPFMRTASCKD encoding is removed.

2026-06-17 16:59:15 - __main__ - INFO - Input matrix with HDVPQRLWFMAKSGTNEYIC encoding is generated.
2026-06-17 17:00:42 - __main__ - INFO - HDVPQRLWFMAKSGTNEYIC encoding is done for binary task with:
	-custom
		-f1: 0.802747791952895
		-auroc: 0.7976286698670845
	-resnet
		-f1: 0.8209459459459459
		-auroc: 0.7785894484177525
2026-06-17 17:00:42 - __main__ - INFO - Input matrix with HDVPQRLWFMAKSGTNEYIC encoding is removed.

2026-06-17 17:00:51 - __main__ - INFO - Input matrix with SYVWPDAHLMFGRIEQNTKC encoding is generated.
2026-06-17 17:02:18 - __main__ - INFO - SYVWPDAHLMFGRIEQNTKC encoding is done for binary task with:
	-custom
		-f1: 0.8258801141769743
		-auroc: 0.8142981940498352
	-resnet
		-f1: 0.8653500897666068
		-auroc: 0.8446511381078345
2026-06-17 17:02:18 - __main__ - INFO - Input matrix with SYVWPDAHLMFGRIEQNTKC encoding is removed.

2026-06-17 17:02:28 - __main__ - INFO - Input matrix with KSQMYPRDICGVETWNLHAF encoding is generated.
2026-06-17 17:03:56 - __main__ - INFO - KSQMYPRDICGVETWNLHAF encoding is done for binary task with:
	-custom
		-f1: 0.8027210884353742
		-auroc: 0.795126302210901
	-resnet
		-f1: 0.8732673267326733
		-auroc: 0.8718893896345645
2026-06-17 17:03:56 - __main__ - INFO - Input matrix with KSQMYPRDICGVETWNLHAF encoding is removed.

2026-06-17 17:04:05 - __main__ - INFO - Input matrix with PRTLEVFINQGSHKWMYCDA encoding is generated.
2026-06-17 17:05:32 - __main__ - INFO - PRTLEVFINQGSHKWMYCDA encoding is done for binary task with:
	-custom
		-f1: 0.8053435114503816
		-auroc: 0.7932036021031318
	-resnet
		-f1: 0.8905519176800748
		-auroc: 0.8801843506090591
2026-06-17 17:05:32 - __main__ - INFO - Input matrix with PRTLEVFINQGSHKWMYCDA encoding is removed.

2026-06-17 17:05:42 - __main__ - INFO - Input matrix with FHCEVGNRSQWPDAYTLIMK encoding is generated.
2026-06-17 17:07:08 - __main__ - INFO - FHCEVGNRSQWPDAYTLIMK encoding is done for binary task with:
	-custom
		-f1: 0.826171875
		-auroc: 0.8206500440873911
	-resnet
		-f1: 0.8803016022620169
		-auroc: 0.870454508343947
2026-06-17 17:07:08 - __main__ - INFO - Input matrix with FHCEVGNRSQWPDAYTLIMK encoding is removed.

2026-06-17 17:07:18 - __main__ - INFO - Input matrix with PCVGNFESWHYTDIARMLQK encoding is generated.
2026-06-17 17:08:45 - __main__ - INFO - PCVGNFESWHYTDIARMLQK encoding is done for binary task with:
	-custom
		-f1: 0.805318138651472
		-auroc: 0.7919524182750399
	-resnet
		-f1: 0.8716026241799437
		-auroc: 0.8600531497991575
2026-06-17 17:08:45 - __main__ - INFO - Input matrix with PCVGNFESWHYTDIARMLQK encoding is removed.

2026-06-17 17:08:55 - __main__ - INFO - Input matrix with HGRQKSFACVNPWMTIDYEL encoding is generated.
2026-06-17 17:10:21 - __main__ - INFO - HGRQKSFACVNPWMTIDYEL encoding is done for binary task with:
	-custom
		-f1: 0.812992125984252
		-auroc: 0.808897488651579
	-resnet
		-f1: 0.8556701030927835
		-auroc: 0.8616717285523007
2026-06-17 17:10:21 - __main__ - INFO - Input matrix with HGRQKSFACVNPWMTIDYEL encoding is removed.

2026-06-17 17:10:31 - __main__ - INFO - Input matrix with YPGIMTRHLCEWNQDVKSFA encoding is generated.
2026-06-17 17:11:58 - __main__ - INFO - YPGIMTRHLCEWNQDVKSFA encoding is done for binary task with:
	-custom
		-f1: 0.8322017458777885
		-auroc: 0.825371068874302
	-resnet
		-f1: 0.8740157480314961
		-auroc: 0.8716015969432742
2026-06-17 17:11:58 - __main__ - INFO - Input matrix with YPGIMTRHLCEWNQDVKSFA encoding is removed.

2026-06-17 17:12:08 - __main__ - INFO - Input matrix with VIYTACPSHLGKQFDWNERM encoding is generated.
2026-06-17 17:13:35 - __main__ - INFO - VIYTACPSHLGKQFDWNERM encoding is done for binary task with:
	-custom
		-f1: 0.8277153558052435
		-auroc: 0.8124714248391627
	-resnet
		-f1: 0.8645418326693227
		-auroc: 0.8640863296430553
2026-06-17 17:13:35 - __main__ - INFO - Input matrix with VIYTACPSHLGKQFDWNERM encoding is removed.

2026-06-17 17:13:44 - __main__ - INFO - Input matrix with PNWIQFAHVCSKGYLDTMRE encoding is generated.
2026-06-17 17:15:10 - __main__ - INFO - PNWIQFAHVCSKGYLDTMRE encoding is done for binary task with:
	-custom
		-f1: 0.8097087378640777
		-auroc: 0.802157832859802
	-resnet
		-f1: 0.8574007220216606
		-auroc: 0.8368480781163254
2026-06-17 17:15:10 - __main__ - INFO - Input matrix with PNWIQFAHVCSKGYLDTMRE encoding is removed.

2026-06-17 17:15:19 - __main__ - INFO - Input matrix with KPLETGIYWRAFQNDHMVSC encoding is generated.
2026-06-17 17:16:44 - __main__ - INFO - KPLETGIYWRAFQNDHMVSC encoding is done for binary task with:
	-custom
		-f1: 0.817658349328215
		-auroc: 0.807650386989321
	-resnet
		-f1: 0.8704253214638972
		-auroc: 0.8688073544299663
2026-06-17 17:16:44 - __main__ - INFO - Input matrix with KPLETGIYWRAFQNDHMVSC encoding is removed.

2026-06-17 17:16:54 - __main__ - INFO - Input matrix with VLFWPIAHNSTEKCRYGMDQ encoding is generated.
2026-06-17 17:18:19 - __main__ - INFO - VLFWPIAHNSTEKCRYGMDQ encoding is done for binary task with:
	-custom
		-f1: 0.8302618816682832
		-auroc: 0.8233483557036021
	-resnet
		-f1: 0.8870523415977961
		-auroc: 0.873156902125992
2026-06-17 17:18:19 - __main__ - INFO - Input matrix with VLFWPIAHNSTEKCRYGMDQ encoding is removed.

2026-06-17 17:18:28 - __main__ - INFO - Input matrix with ANYHIQDSCPERGFTMWVKL encoding is generated.
2026-06-17 17:19:55 - __main__ - INFO - ANYHIQDSCPERGFTMWVKL encoding is done for binary task with:
	-custom
		-f1: 0.8177434908389586
		-auroc: 0.8089015708174128
	-resnet
		-f1: 0.8621323529411765
		-auroc: 0.8458982397700925
2026-06-17 17:19:55 - __main__ - INFO - Input matrix with ANYHIQDSCPERGFTMWVKL encoding is removed.

2026-06-17 17:20:05 - __main__ - INFO - Input matrix with DYVSFMPWRCHIQTENGKLA encoding is generated.
2026-06-17 17:21:31 - __main__ - INFO - DYVSFMPWRCHIQTENGKLA encoding is done for binary task with:
	-custom
		-f1: 0.8362956033676333
		-auroc: 0.8215256686587636
	-resnet
		-f1: 0.8754789272030651
		-auroc: 0.8682358512132196
2026-06-17 17:21:31 - __main__ - INFO - Input matrix with DYVSFMPWRCHIQTENGKLA encoding is removed.

2026-06-17 17:21:40 - __main__ - INFO - Input matrix with KCNQSYAVLGIMWDEFRPTH encoding is generated.
2026-06-17 17:23:07 - __main__ - INFO - KCNQSYAVLGIMWDEFRPTH encoding is done for binary task with:
	-custom
		-f1: 0.8133595284872298
		-auroc: 0.8088015577544823
	-resnet
		-f1: 0.8643724696356275
		-auroc: 0.8668764899905295
2026-06-17 17:23:07 - __main__ - INFO - Input matrix with KCNQSYAVLGIMWDEFRPTH encoding is removed.

2026-06-17 17:23:16 - __main__ - INFO - Input matrix with VHGRISQNMFDYCLAEKWTP encoding is generated.
2026-06-17 17:24:44 - __main__ - INFO - VHGRISQNMFDYCLAEKWTP encoding is done for binary task with:
	-custom
		-f1: 0.8208661417322834
		-auroc: 0.8169883413343784
	-resnet
		-f1: 0.8860294117647058
		-auroc: 0.8721935109891904
2026-06-17 17:24:44 - __main__ - INFO - Input matrix with VHGRISQNMFDYCLAEKWTP encoding is removed.

2026-06-17 17:24:53 - __main__ - INFO - Input matrix with ACKDTHPEFIGMVYQNRWSL encoding is generated.
2026-06-17 17:26:19 - __main__ - INFO - ACKDTHPEFIGMVYQNRWSL encoding is done for binary task with:
	-custom
		-f1: 0.8083491461100569
		-auroc: 0.7949385225825414
	-resnet
		-f1: 0.8711194731890874
		-auroc: 0.860245011593351
2026-06-17 17:26:19 - __main__ - INFO - Input matrix with ACKDTHPEFIGMVYQNRWSL encoding is removed.

2026-06-17 17:26:28 - __main__ - INFO - Input matrix with FECRIHWAQLDVGNKMTSYP encoding is generated.
2026-06-17 17:27:56 - __main__ - INFO - FECRIHWAQLDVGNKMTSYP encoding is done for binary task with:
	-custom
		-f1: 0.814176245210728
		-auroc: 0.8035090297508247
	-resnet
		-f1: 0.8782771535580525
		-auroc: 0.8670846804480585
2026-06-17 17:27:56 - __main__ - INFO - Input matrix with FECRIHWAQLDVGNKMTSYP encoding is removed.

2026-06-17 17:28:05 - __main__ - INFO - Input matrix with IFWQAYHDNSMTRGKLVPCE encoding is generated.
2026-06-17 17:29:33 - __main__ - INFO - IFWQAYHDNSMTRGKLVPCE encoding is done for binary task with:
	-custom
		-f1: 0.810126582278481
		-auroc: 0.8033130857907971
	-resnet
		-f1: 0.8609388839681134
		-auroc: 0.8368521602821594
2026-06-17 17:29:33 - __main__ - INFO - Input matrix with IFWQAYHDNSMTRGKLVPCE encoding is removed.

2026-06-17 17:29:42 - __main__ - INFO - Input matrix with DTNKMAHYRFEIQLSVGPCW encoding is generated.
2026-06-17 17:31:09 - __main__ - INFO - DTNKMAHYRFEIQLSVGPCW encoding is done for binary task with:
	-custom
		-f1: 0.8299319727891157
		-auroc: 0.8234442866006989
	-resnet
		-f1: 0.8756855575868373
		-auroc: 0.859769439273701
2026-06-17 17:31:09 - __main__ - INFO - Input matrix with DTNKMAHYRFEIQLSVGPCW encoding is removed.

2026-06-17 17:31:18 - __main__ - INFO - Input matrix with QDTIEHVMRSNGFKCAYPWL encoding is generated.
2026-06-17 17:32:42 - __main__ - INFO - QDTIEHVMRSNGFKCAYPWL encoding is done for binary task with:
	-custom
		-f1: 0.803921568627451
		-auroc: 0.7985920610038861
	-resnet
		-f1: 0.8719851576994434
		-auroc: 0.8585141732797753
2026-06-17 17:32:42 - __main__ - INFO - Input matrix with QDTIEHVMRSNGFKCAYPWL encoding is removed.

2026-06-17 17:32:52 - __main__ - INFO - Input matrix with YSTQRHVLFEIMKGCNDWPA encoding is generated.
2026-06-17 17:34:17 - __main__ - INFO - YSTQRHVLFEIMKGCNDWPA encoding is done for binary task with:
	-custom
		-f1: 0.8173741362290227
		-auroc: 0.8140981679239738
	-resnet
		-f1: 0.8719923002887392
		-auroc: 0.8654416086999119
2026-06-17 17:34:17 - __main__ - INFO - Input matrix with YSTQRHVLFEIMKGCNDWPA encoding is removed.

2026-06-17 17:34:26 - __main__ - INFO - Input matrix with RHYDSVPGENFWQICLAMTK encoding is generated.
2026-06-17 17:35:50 - __main__ - INFO - RHYDSVPGENFWQICLAMTK encoding is done for binary task with:
	-custom
		-f1: 0.8250950570342205
		-auroc: 0.8132388720159368
	-resnet
		-f1: 0.8825757575757576
		-auroc: 0.8737284053427388
2026-06-17 17:35:50 - __main__ - INFO - Input matrix with RHYDSVPGENFWQICLAMTK encoding is removed.

2026-06-17 17:36:00 - __main__ - INFO - Input matrix with ANTLYHDGQRPWIMCEVFKS encoding is generated.
2026-06-17 17:37:25 - __main__ - INFO - ANTLYHDGQRPWIMCEVFKS encoding is done for binary task with:
	-custom
		-f1: 0.805019305019305
		-auroc: 0.7958019006564123
	-resnet
		-f1: 0.8693234476367007
		-auroc: 0.8554321380751772
2026-06-17 17:37:25 - __main__ - INFO - Input matrix with ANTLYHDGQRPWIMCEVFKS encoding is removed.

2026-06-17 17:37:35 - __main__ - INFO - Input matrix with LANCGKFDVMISWHRTEQYP encoding is generated.
2026-06-17 17:38:59 - __main__ - INFO - LANCGKFDVMISWHRTEQYP encoding is done for binary task with:
	-custom
		-f1: 0.8132701421800947
		-auroc: 0.7999473400607426
	-resnet
		-f1: 0.8701298701298701
		-auroc: 0.8564914601090756
2026-06-17 17:38:59 - __main__ - INFO - Input matrix with LANCGKFDVMISWHRTEQYP encoding is removed.

2026-06-17 17:39:08 - __main__ - INFO - Input matrix with PAVTGIHCFRSEQMLNKYWD encoding is generated.
2026-06-17 17:40:33 - __main__ - INFO - PAVTGIHCFRSEQMLNKYWD encoding is done for binary task with:
	-custom
		-f1: 0.8285714285714286
		-auroc: 0.8173802292544331
	-resnet
		-f1: 0.8467741935483871
		-auroc: 0.8484802096600372
2026-06-17 17:40:33 - __main__ - INFO - Input matrix with PAVTGIHCFRSEQMLNKYWD encoding is removed.

2026-06-17 17:40:43 - __main__ - INFO - Input matrix with ELRNIYSKQTACWGMDFVPH encoding is generated.
2026-06-17 17:42:10 - __main__ - INFO - ELRNIYSKQTACWGMDFVPH encoding is done for binary task with:
	-custom
		-f1: 0.8315688161693936
		-auroc: 0.8229646321152151
	-resnet
		-f1: 0.8713615023474178
		-auroc: 0.8601490806962543
2026-06-17 17:42:10 - __main__ - INFO - Input matrix with ELRNIYSKQTACWGMDFVPH encoding is removed.

2026-06-17 17:42:19 - __main__ - INFO - Input matrix with YWCVSQRKPDGHNMTFALIE encoding is generated.
2026-06-17 17:43:44 - __main__ - INFO - YWCVSQRKPDGHNMTFALIE encoding is done for binary task with:
	-custom
		-f1: 0.8183556405353728
		-auroc: 0.8074585251951276
	-resnet
		-f1: 0.89207258834766
		-auroc: 0.8852850168185232
2026-06-17 17:43:44 - __main__ - INFO - Input matrix with YWCVSQRKPDGHNMTFALIE encoding is removed.

2026-06-17 17:43:54 - __main__ - INFO - Input matrix with WAITEPNLQHVRMGSYCKDF encoding is generated.
2026-06-17 17:45:20 - __main__ - INFO - WAITEPNLQHVRMGSYCKDF encoding is done for binary task with:
	-custom
		-f1: 0.8082191780821918
		-auroc: 0.8025415564481891
	-resnet
		-f1: 0.8720472440944882
		-auroc: 0.8695788837725743
2026-06-17 17:45:20 - __main__ - INFO - Input matrix with WAITEPNLQHVRMGSYCKDF encoding is removed.

2026-06-17 17:45:29 - __main__ - INFO - Input matrix with KDVHMPTNQCAIREWFLYGS encoding is generated.
2026-06-17 17:46:54 - __main__ - INFO - KDVHMPTNQCAIREWFLYGS encoding is done for binary task with:
	-custom
		-f1: 0.8297872340425532
		-auroc: 0.822193102772607
	-resnet
		-f1: 0.8666666666666667
		-auroc: 0.8633188824662813
2026-06-17 17:46:54 - __main__ - INFO - Input matrix with KDVHMPTNQCAIREWFLYGS encoding is removed.

2026-06-17 17:47:04 - __main__ - INFO - Input matrix with PNYEHQKTGASCLDWMFVRI encoding is generated.
2026-06-17 17:48:29 - __main__ - INFO - PNYEHQKTGASCLDWMFVRI encoding is done for binary task with:
	-custom
		-f1: 0.8184331797235023
		-auroc: 0.7985083766042912
	-resnet
		-f1: 0.8410886742756805
		-auroc: 0.8120999477482773
2026-06-17 17:48:29 - __main__ - INFO - Input matrix with PNYEHQKTGASCLDWMFVRI encoding is removed.

2026-06-17 17:48:38 - __main__ - INFO - Input matrix with QLNRTMKPYGIHWESACVDF encoding is generated.
2026-06-17 17:50:02 - __main__ - INFO - QLNRTMKPYGIHWESACVDF encoding is done for binary task with:
	-custom
		-f1: 0.8209934395501406
		-auroc: 0.8054398941902616
	-resnet
		-f1: 0.8768186226964112
		-auroc: 0.8718934718003983
2026-06-17 17:50:02 - __main__ - INFO - Input matrix with QLNRTMKPYGIHWESACVDF encoding is removed.

2026-06-17 17:50:12 - __main__ - INFO - Input matrix with HPINTLCQSKVAWRFMDEGY encoding is generated.
2026-06-17 17:51:36 - __main__ - INFO - HPINTLCQSKVAWRFMDEGY encoding is done for binary task with:
	-custom
		-f1: 0.8412098298676749
		-auroc: 0.8291327846902452
	-resnet
		-f1: 0.8696498054474708
		-auroc: 0.8649578720485942
2026-06-17 17:51:36 - __main__ - INFO - Input matrix with HPINTLCQSKVAWRFMDEGY encoding is removed.

2026-06-17 17:51:45 - __main__ - INFO - Input matrix with RKLSPQGIMCHADVETFNWY encoding is generated.
2026-06-17 17:53:12 - __main__ - INFO - RKLSPQGIMCHADVETFNWY encoding is done for binary task with:
	-custom
		-f1: 0.8314814814814815
		-auroc: 0.813918552627282
	-resnet
		-f1: 0.8858800773694391
		-auroc: 0.8808517847229026
2026-06-17 17:53:12 - __main__ - INFO - Input matrix with RKLSPQGIMCHADVETFNWY encoding is removed.

2026-06-17 17:53:21 - __main__ - INFO - Input matrix with MALKRNGSDQTECIHFYPWV encoding is generated.
2026-06-17 17:54:58 - __main__ - INFO - MALKRNGSDQTECIHFYPWV encoding is done for binary task with:
	-custom
		-f1: 0.8257575757575758
		-auroc: 0.8130470102217433
	-resnet
		-f1: 0.8523560209424084
		-auroc: 0.8613798536951766
2026-06-17 17:54:58 - __main__ - INFO - Input matrix with MALKRNGSDQTECIHFYPWV encoding is removed.

2026-06-17 17:55:08 - __main__ - INFO - Input matrix with MVFHRCENKAWPQSYDGILT encoding is generated.
2026-06-17 17:57:04 - __main__ - INFO - MVFHRCENKAWPQSYDGILT encoding is done for binary task with:
	-custom
		-f1: 0.8249763481551561
		-auroc: 0.811987688187845
	-resnet
		-f1: 0.8799212598425197
		-auroc: 0.8776697364553738
2026-06-17 17:57:04 - __main__ - INFO - Input matrix with MVFHRCENKAWPQSYDGILT encoding is removed.

2026-06-17 17:57:13 - __main__ - INFO - Input matrix with GDRHPVAWICYQEFKNMLST encoding is generated.
2026-06-17 17:59:03 - __main__ - INFO - GDRHPVAWICYQEFKNMLST encoding is done for binary task with:
	-custom
		-f1: 0.8278529980657641
		-auroc: 0.8201703896019071
	-resnet
		-f1: 0.8751173708920188
		-auroc: 0.8641945070376539
2026-06-17 17:59:03 - __main__ - INFO - Input matrix with GDRHPVAWICYQEFKNMLST encoding is removed.

2026-06-17 17:59:12 - __main__ - INFO - Input matrix with NEICVWFAMRHTGDLPSYKQ encoding is generated.
2026-06-17 18:00:51 - __main__ - INFO - NEICVWFAMRHTGDLPSYKQ encoding is done for binary task with:
	-custom
		-f1: 0.8320158102766798
		-auroc: 0.829316482152771
	-resnet
		-f1: 0.8910505836575876
		-auroc: 0.8872077169262924
2026-06-17 18:00:51 - __main__ - INFO - Input matrix with NEICVWFAMRHTGDLPSYKQ encoding is removed.

2026-06-17 18:01:01 - __main__ - INFO - Input matrix with GNSIRQPCKHWEMYTLDFAV encoding is generated.
2026-06-17 18:02:38 - __main__ - INFO - GNSIRQPCKHWEMYTLDFAV encoding is done for binary task with:
	-custom
		-f1: 0.8298279158699808
		-auroc: 0.8195948042193265
	-resnet
		-f1: 0.868231046931408
		-auroc: 0.8489843571405244
2026-06-17 18:02:38 - __main__ - INFO - Input matrix with GNSIRQPCKHWEMYTLDFAV encoding is removed.

2026-06-17 18:02:47 - __main__ - INFO - Input matrix with GFQSLWTMCPVIHNDAREKY encoding is generated.
2026-06-17 18:04:26 - __main__ - INFO - GFQSLWTMCPVIHNDAREKY encoding is done for binary task with:
	-custom
		-f1: 0.8122605363984674
		-auroc: 0.8014863165801247
	-resnet
		-f1: 0.8809746954076851
		-auroc: 0.8701667156526567
2026-06-17 18:04:26 - __main__ - INFO - Input matrix with GFQSLWTMCPVIHNDAREKY encoding is removed.

2026-06-17 18:04:35 - __main__ - INFO - Input matrix with LYKENQFPWIGHATVCDRSM encoding is generated.
2026-06-17 18:06:14 - __main__ - INFO - LYKENQFPWIGHATVCDRSM encoding is done for binary task with:
	-custom
		-f1: 0.8205625606207565
		-auroc: 0.8132347898501029
	-resnet
		-f1: 0.8699029126213592
		-auroc: 0.8648619411514973
2026-06-17 18:06:14 - __main__ - INFO - Input matrix with LYKENQFPWIGHATVCDRSM encoding is removed.

2026-06-17 18:06:23 - __main__ - INFO - Input matrix with PWNCIYETDVRGAQSFLHKM encoding is generated.
2026-06-17 18:08:02 - __main__ - INFO - PWNCIYETDVRGAQSFLHKM encoding is done for binary task with:
	-custom
		-f1: 0.8288461538461539
		-auroc: 0.8198825969106169
	-resnet
		-f1: 0.825531914893617
		-auroc: 0.838838133960354
2026-06-17 18:08:02 - __main__ - INFO - Input matrix with PWNCIYETDVRGAQSFLHKM encoding is removed.

2026-06-17 18:08:12 - __main__ - INFO - Input matrix with LSEWQKFPGICTARVHNMYD encoding is generated.
2026-06-17 18:09:42 - __main__ - INFO - LSEWQKFPGICTARVHNMYD encoding is done for binary task with:
	-custom
		-f1: 0.8246628131021194
		-auroc: 0.8159331014663138
	-resnet
		-f1: 0.8895292987512008
		-auroc: 0.8835500963391136
2026-06-17 18:09:42 - __main__ - INFO - Input matrix with LSEWQKFPGICTARVHNMYD encoding is removed.

2026-06-17 18:09:52 - __main__ - INFO - Input matrix with WYLRTMVQIKGSCFPNEAHD encoding is generated.
2026-06-17 18:11:23 - __main__ - INFO - WYLRTMVQIKGSCFPNEAHD encoding is done for binary task with:
	-custom
		-f1: 0.8206071757129715
		-auroc: 0.8004351588778943
	-resnet
		-f1: 0.8557213930348259
		-auroc: 0.8549361549263577
2026-06-17 18:11:23 - __main__ - INFO - Input matrix with WYLRTMVQIKGSCFPNEAHD encoding is removed.

2026-06-17 18:11:32 - __main__ - INFO - Input matrix with CWKRMSTDGLAYQIFPHVEN encoding is generated.
2026-06-17 18:13:03 - __main__ - INFO - CWKRMSTDGLAYQIFPHVEN encoding is done for binary task with:
	-custom
		-f1: 0.8159392789373814
		-auroc: 0.8030293752653408
	-resnet
		-f1: 0.8656716417910447
		-auroc: 0.8527338264589661
2026-06-17 18:13:03 - __main__ - INFO - Input matrix with CWKRMSTDGLAYQIFPHVEN encoding is removed.

2026-06-17 18:13:13 - __main__ - INFO - Input matrix with RMAFYKQTLSDNEWVGIHPC encoding is generated.
2026-06-17 18:14:46 - __main__ - INFO - RMAFYKQTLSDNEWVGIHPC encoding is done for binary task with:
	-custom
		-f1: 0.8227611940298507
		-auroc: 0.8062114235328696
	-resnet
		-f1: 0.8599033816425121
		-auroc: 0.8534971914699063
2026-06-17 18:14:46 - __main__ - INFO - Input matrix with RMAFYKQTLSDNEWVGIHPC encoding is removed.

2026-06-17 18:14:55 - __main__ - INFO - Input matrix with FNIWGKPMCALHYTQSRVED encoding is generated.
2026-06-17 18:16:31 - __main__ - INFO - FNIWGKPMCALHYTQSRVED encoding is done for binary task with:
	-custom
		-f1: 0.8088803088803089
		-auroc: 0.7998473269978119
	-resnet
		-f1: 0.878003696857671
		-auroc: 0.8643904509976814
2026-06-17 18:16:31 - __main__ - INFO - Input matrix with FNIWGKPMCALHYTQSRVED encoding is removed.

2026-06-17 18:16:40 - __main__ - INFO - Input matrix with THGSWNYREPMKLFCVDIQA encoding is generated.
2026-06-17 18:18:16 - __main__ - INFO - THGSWNYREPMKLFCVDIQA encoding is done for binary task with:
	-custom
		-f1: 0.8320610687022901
		-auroc: 0.8215215864929297
	-resnet
		-f1: 0.874251497005988
		-auroc: 0.8742958263936516
2026-06-17 18:18:16 - __main__ - INFO - Input matrix with THGSWNYREPMKLFCVDIQA encoding is removed.

2026-06-17 18:18:25 - __main__ - INFO - Input matrix with FYNSCIHADVEQPWGMTLRK encoding is generated.
2026-06-17 18:20:00 - __main__ - INFO - FYNSCIHADVEQPWGMTLRK encoding is done for binary task with:
	-custom
		-f1: 0.8211143695014663
		-auroc: 0.8156412266091899
	-resnet
		-f1: 0.8738404452690167
		-auroc: 0.8605368864504752
2026-06-17 18:20:00 - __main__ - INFO - Input matrix with FYNSCIHADVEQPWGMTLRK encoding is removed.

2026-06-17 18:20:10 - __main__ - INFO - Input matrix with CGAMDQYNIFKPETSVWHRL encoding is generated.
2026-06-17 18:21:49 - __main__ - INFO - CGAMDQYNIFKPETSVWHRL encoding is done for binary task with:
	-custom
		-f1: 0.8389585342333655
		-auroc: 0.8311514156951112
	-resnet
		-f1: 0.8818272095332671
		-auroc: 0.881135495248359
2026-06-17 18:21:49 - __main__ - INFO - Input matrix with CGAMDQYNIFKPETSVWHRL encoding is removed.

2026-06-17 18:22:02 - __main__ - INFO - Input matrix with CPQTWLKDGMVAEYRINSHF encoding is generated.
2026-06-17 18:23:46 - __main__ - INFO - CPQTWLKDGMVAEYRINSHF encoding is done for binary task with:
	-custom
		-f1: 0.8288119738072965
		-auroc: 0.8134348159759642
	-resnet
		-f1: 0.8646616541353384
		-auroc: 0.8531175500473531
2026-06-17 18:23:46 - __main__ - INFO - Input matrix with CPQTWLKDGMVAEYRINSHF encoding is removed.

2026-06-17 18:23:59 - __main__ - INFO - Input matrix with QRTSMCFILGPVYNHWKEDA encoding is generated.
2026-06-17 18:25:48 - __main__ - INFO - QRTSMCFILGPVYNHWKEDA encoding is done for binary task with:
	-custom
		-f1: 0.8217349857006673
		-auroc: 0.8103486986055322
	-resnet
		-f1: 0.8856088560885609
		-auroc: 0.8723853727833839
2026-06-17 18:25:48 - __main__ - INFO - Input matrix with QRTSMCFILGPVYNHWKEDA encoding is removed.

2026-06-17 18:25:57 - __main__ - INFO - Input matrix with SDCVTEWAGNHFMILYRQPK encoding is generated.
2026-06-17 18:27:42 - __main__ - INFO - SDCVTEWAGNHFMILYRQPK encoding is done for binary task with:
	-custom
		-f1: 0.8113207547169812
		-auroc: 0.7966734430619509
	-resnet
		-f1: 0.8637200736648251
		-auroc: 0.848016883837889
2026-06-17 18:27:42 - __main__ - INFO - Input matrix with SDCVTEWAGNHFMILYRQPK encoding is removed.

2026-06-17 18:27:51 - __main__ - INFO - Input matrix with NEKQMTLVGRAFDIPYWSHC encoding is generated.
2026-06-17 18:29:32 - __main__ - INFO - NEKQMTLVGRAFDIPYWSHC encoding is done for binary task with:
	-custom
		-f1: 0.7791706846673095
		-auroc: 0.7684473074034159
	-resnet
		-f1: 0.8772258669165885
		-auroc: 0.866121289311257
2026-06-17 18:29:32 - __main__ - INFO - Input matrix with NEKQMTLVGRAFDIPYWSHC encoding is removed.

2026-06-17 18:29:43 - __main__ - INFO - Input matrix with HIKTFYLDPAGMCVNEWSRQ encoding is generated.
2026-06-17 18:31:25 - __main__ - INFO - HIKTFYLDPAGMCVNEWSRQ encoding is done for binary task with:
	-custom
		-f1: 0.8279158699808795
		-auroc: 0.8175720910486268
	-resnet
		-f1: 0.8781925343811395
		-auroc: 0.8755510923875771
2026-06-17 18:31:25 - __main__ - INFO - Input matrix with HIKTFYLDPAGMCVNEWSRQ encoding is removed.

2026-06-17 18:31:35 - __main__ - INFO - Input matrix with CMEDAKVQGNHIYSLTWFPR encoding is generated.
2026-06-17 18:33:14 - __main__ - INFO - CMEDAKVQGNHIYSLTWFPR encoding is done for binary task with:
	-custom
		-f1: 0.8107074569789675
		-auroc: 0.7993676725123282
	-resnet
		-f1: 0.8949858088930936
		-auroc: 0.8868280755037393
2026-06-17 18:33:14 - __main__ - INFO - Input matrix with CMEDAKVQGNHIYSLTWFPR encoding is removed.

2026-06-17 18:33:24 - __main__ - INFO - Input matrix with VYQTRNHIEAFKMLSDGPCW encoding is generated.
2026-06-17 18:35:02 - __main__ - INFO - VYQTRNHIEAFKMLSDGPCW encoding is done for binary task with:
	-custom
		-f1: 0.8133333333333334
		-auroc: 0.8011985238888345
	-resnet
		-f1: 0.827054794520548
		-auroc: 0.7894704614480259
2026-06-17 18:35:02 - __main__ - INFO - Input matrix with VYQTRNHIEAFKMLSDGPCW encoding is removed.

2026-06-17 18:35:11 - __main__ - INFO - Input matrix with HNTQYKVCPWRMGEIAFDSL encoding is generated.
2026-06-17 18:36:50 - __main__ - INFO - HNTQYKVCPWRMGEIAFDSL encoding is done for binary task with:
	-custom
		-f1: 0.830999066293184
		-auroc: 0.8153615982495673
	-resnet
		-f1: 0.8789237668161435
		-auroc: 0.8597735214395349
2026-06-17 18:36:50 - __main__ - INFO - Input matrix with HNTQYKVCPWRMGEIAFDSL encoding is removed.

2026-06-17 18:37:00 - __main__ - INFO - Input matrix with ITWCLYPVDQKFNEGHMASR encoding is generated.
2026-06-17 18:38:38 - __main__ - INFO - ITWCLYPVDQKFNEGHMASR encoding is done for binary task with:
	-custom
		-f1: 0.802734375
		-auroc: 0.7963774860389928
	-resnet
		-f1: 0.8738229755178908
		-auroc: 0.8633270467979492
2026-06-17 18:38:38 - __main__ - INFO - Input matrix with ITWCLYPVDQKFNEGHMASR encoding is removed.

2026-06-17 18:38:49 - __main__ - INFO - Input matrix with NEYFMLWRPKSVHQTICDAG encoding is generated.
2026-06-17 18:40:28 - __main__ - INFO - NEYFMLWRPKSVHQTICDAG encoding is done for binary task with:
	-custom
		-f1: 0.8182701652089407
		-auroc: 0.8113080075764998
	-resnet
		-f1: 0.8847583643122676
		-auroc: 0.872769096371771
2026-06-17 18:40:28 - __main__ - INFO - Input matrix with NEYFMLWRPKSVHQTICDAG encoding is removed.

2026-06-17 18:40:38 - __main__ - INFO - Input matrix with GTAFLNCPISWKEVHMYDQR encoding is generated.
2026-06-17 18:42:16 - __main__ - INFO - GTAFLNCPISWKEVHMYDQR encoding is done for binary task with:
	-custom
		-f1: 0.8038461538461539
		-auroc: 0.7935873256915189
	-resnet
		-f1: 0.8664799253034547
		-auroc: 0.8537931484928645
2026-06-17 18:42:16 - __main__ - INFO - Input matrix with GTAFLNCPISWKEVHMYDQR encoding is removed.

2026-06-17 18:42:26 - __main__ - INFO - Input matrix with IWARPCTGESDFHLQMNYVK encoding is generated.
2026-06-17 18:44:05 - __main__ - INFO - IWARPCTGESDFHLQMNYVK encoding is done for binary task with:
	-custom
		-f1: 0.8180961357210179
		-auroc: 0.8037049737108519
	-resnet
		-f1: 0.8644222020018199
		-auroc: 0.8463819764214102
2026-06-17 18:44:05 - __main__ - INFO - Input matrix with IWARPCTGESDFHLQMNYVK encoding is removed.

2026-06-17 18:44:16 - __main__ - INFO - Input matrix with MTGFIADWYLSHCERNPKVQ encoding is generated.
2026-06-17 18:45:55 - __main__ - INFO - MTGFIADWYLSHCERNPKVQ encoding is done for binary task with:
	-custom
		-f1: 0.8377862595419847
		-auroc: 0.8275897260050292
	-resnet
		-f1: 0.8730009407337723
		-auroc: 0.8622677247640509
2026-06-17 18:45:55 - __main__ - INFO - Input matrix with MTGFIADWYLSHCERNPKVQ encoding is removed.

2026-06-17 18:46:06 - __main__ - INFO - Input matrix with WDKHALNFMRYEVGICPTQS encoding is generated.
2026-06-17 18:47:46 - __main__ - INFO - WDKHALNFMRYEVGICPTQS encoding is done for binary task with:
	-custom
		-f1: 0.8126801152737753
		-auroc: 0.8026415695111198
	-resnet
		-f1: 0.8652612282309807
		-auroc: 0.848788413180497
2026-06-17 18:47:46 - __main__ - INFO - Input matrix with WDKHALNFMRYEVGICPTQS encoding is removed.

2026-06-17 18:47:57 - __main__ - INFO - Input matrix with PEAHVCIKTNFMSQGWDYLR encoding is generated.
2026-06-17 18:49:36 - __main__ - INFO - PEAHVCIKTNFMSQGWDYLR encoding is done for binary task with:
	-custom
		-f1: 0.8127413127413128
		-auroc: 0.8038927533392116
	-resnet
		-f1: 0.8874538745387454
		-auroc: 0.8744080859540838
2026-06-17 18:49:36 - __main__ - INFO - Input matrix with PEAHVCIKTNFMSQGWDYLR encoding is removed.

2026-06-17 18:49:47 - __main__ - INFO - Input matrix with CNFLMWHQETPVGSARDYKI encoding is generated.
2026-06-17 18:51:25 - __main__ - INFO - CNFLMWHQETPVGSARDYKI encoding is done for binary task with:
	-custom
		-f1: 0.8256704980842912
		-auroc: 0.8156453087750236
	-resnet
		-f1: 0.8696498054474708
		-auroc: 0.8649578720485942
2026-06-17 18:51:25 - __main__ - INFO - Input matrix with CNFLMWHQETPVGSARDYKI encoding is removed.

2026-06-17 18:51:36 - __main__ - INFO - Input matrix with FHSPTARKWLMYQGCINVDE encoding is generated.
2026-06-17 18:53:16 - __main__ - INFO - FHSPTARKWLMYQGCINVDE encoding is done for binary task with:
	-custom
		-f1: 0.8166828322017459
		-auroc: 0.8091893635087032
	-resnet
		-f1: 0.8671943711521548
		-auroc: 0.8425365762058717
2026-06-17 18:53:16 - __main__ - INFO - Input matrix with FHSPTARKWLMYQGCINVDE encoding is removed.

2026-06-17 18:53:26 - __main__ - INFO - Input matrix with RNWCFAEMYKDGIQHTSVLP encoding is generated.
2026-06-17 18:55:05 - __main__ - INFO - RNWCFAEMYKDGIQHTSVLP encoding is done for binary task with:
	-custom
		-f1: 0.8147448015122873
		-auroc: 0.8008148003004474
	-resnet
		-f1: 0.844354018311292
		-auroc: 0.8479005421116227
2026-06-17 18:55:05 - __main__ - INFO - Input matrix with RNWCFAEMYKDGIQHTSVLP encoding is removed.

2026-06-17 18:55:14 - __main__ - INFO - Input matrix with TWAVECDPHQIYLKFNRMGS encoding is generated.
2026-06-17 18:56:51 - __main__ - INFO - TWAVECDPHQIYLKFNRMGS encoding is done for binary task with:
	-custom
		-f1: 0.8241965973534972
		-auroc: 0.8109283661539467
	-resnet
		-f1: 0.8647581441263573
		-auroc: 0.8626432840207701
2026-06-17 18:56:51 - __main__ - INFO - Input matrix with TWAVECDPHQIYLKFNRMGS encoding is removed.

2026-06-17 18:57:02 - __main__ - INFO - Input matrix with YPLQEMNDRTFKSAVCWIHG encoding is generated.
2026-06-17 18:58:40 - __main__ - INFO - YPLQEMNDRTFKSAVCWIHG encoding is done for binary task with:
	-custom
		-f1: 0.8038095238095239
		-auroc: 0.7910849580353352
	-resnet
		-f1: 0.8882521489971347
		-auroc: 0.8812395904771235
2026-06-17 18:58:40 - __main__ - INFO - Input matrix with YPLQEMNDRTFKSAVCWIHG encoding is removed.

2026-06-17 18:58:49 - __main__ - INFO - Input matrix with CGYNQLWPHMFAKVRDSEIT encoding is generated.
2026-06-17 19:00:25 - __main__ - INFO - CGYNQLWPHMFAKVRDSEIT encoding is done for binary task with:
	-custom
		-f1: 0.8260038240917782
		-auroc: 0.8155493778779269
	-resnet
		-f1: 0.8754940711462451
		-auroc: 0.8738161719081676
2026-06-17 19:00:25 - __main__ - INFO - Input matrix with CGYNQLWPHMFAKVRDSEIT encoding is removed.

2026-06-17 19:00:35 - __main__ - INFO - Input matrix with LNGPTICVRAHKQSEDFYWM encoding is generated.
2026-06-17 19:02:12 - __main__ - INFO - LNGPTICVRAHKQSEDFYWM encoding is done for binary task with:
	-custom
		-f1: 0.8129770992366412
		-auroc: 0.8012944547859312
	-resnet
		-f1: 0.8377896613190731
		-auroc: 0.8119040037882499
2026-06-17 19:02:12 - __main__ - INFO - Input matrix with LNGPTICVRAHKQSEDFYWM encoding is removed.

2026-06-17 19:02:22 - __main__ - INFO - Input matrix with SIGCQPRFAVWKHYTDMENL encoding is generated.
2026-06-17 19:03:59 - __main__ - INFO - SIGCQPRFAVWKHYTDMENL encoding is done for binary task with:
	-custom
		-f1: 0.8320754716981132
		-auroc: 0.8189232879396492
	-resnet
		-f1: 0.8812949640287769
		-auroc: 0.86295148754123
2026-06-17 19:03:59 - __main__ - INFO - Input matrix with SIGCQPRFAVWKHYTDMENL encoding is removed.

2026-06-17 19:04:08 - __main__ - INFO - Input matrix with QEKPYLFACDMSIVRHWTGN encoding is generated.
2026-06-17 19:05:46 - __main__ - INFO - QEKPYLFACDMSIVRHWTGN encoding is done for binary task with:
	-custom
		-f1: 0.820952380952381
		-auroc: 0.8092893765716339
	-resnet
		-f1: 0.8700460829493087
		-auroc: 0.8551443453838867
2026-06-17 19:05:46 - __main__ - INFO - Input matrix with QEKPYLFACDMSIVRHWTGN encoding is removed.

2026-06-17 19:05:56 - __main__ - INFO - Input matrix with LRYVWNFHCGMKTSADQPIE encoding is generated.
2026-06-17 19:07:33 - __main__ - INFO - LRYVWNFHCGMKTSADQPIE encoding is done for binary task with:
	-custom
		-f1: 0.8303317535545024
		-auroc: 0.8181517585970414
	-resnet
		-f1: 0.8837638376383764
		-auroc: 0.8703626596126841
2026-06-17 19:07:33 - __main__ - INFO - Input matrix with LRYVWNFHCGMKTSADQPIE encoding is removed.

2026-06-17 19:07:44 - __main__ - INFO - Input matrix with LQMTRSKAIVGDCNWYFPEH encoding is generated.
2026-06-17 19:09:21 - __main__ - INFO - LQMTRSKAIVGDCNWYFPEH encoding is done for binary task with:
	-custom
		-f1: 0.8211143695014663
		-auroc: 0.8156412266091899
	-resnet
		-f1: 0.8213333333333334
		-auroc: 0.7925443323209562
2026-06-17 19:09:21 - __main__ - INFO - Input matrix with LQMTRSKAIVGDCNWYFPEH encoding is removed.

2026-06-17 19:09:30 - __main__ - INFO - Input matrix with KTFWNHPVCDSYMEAIRLGQ encoding is generated.
2026-06-17 19:11:08 - __main__ - INFO - KTFWNHPVCDSYMEAIRLGQ encoding is done for binary task with:
	-custom
		-f1: 0.8187022900763359
		-auroc: 0.8073625942980308
	-resnet
		-f1: 0.8905519176800748
		-auroc: 0.8801843506090591
2026-06-17 19:11:08 - __main__ - INFO - Input matrix with KTFWNHPVCDSYMEAIRLGQ encoding is removed.

2026-06-17 19:11:18 - __main__ - INFO - Input matrix with PLKQIDMGWESNFTRHAVYC encoding is generated.
2026-06-17 19:12:55 - __main__ - INFO - PLKQIDMGWESNFTRHAVYC encoding is done for binary task with:
	-custom
		-f1: 0.8061127029608405
		-auroc: 0.79426292413703
	-resnet
		-f1: 0.8617234468937875
		-auroc: 0.8623514091636458
2026-06-17 19:12:55 - __main__ - INFO - Input matrix with PLKQIDMGWESNFTRHAVYC encoding is removed.

2026-06-17 19:13:05 - __main__ - INFO - Input matrix with GHFQRWETVYLIADNMCPKS encoding is generated.
2026-06-17 19:14:43 - __main__ - INFO - GHFQRWETVYLIADNMCPKS encoding is done for binary task with:
	-custom
		-f1: 0.8188679245283019
		-auroc: 0.8047642957447504
	-resnet
		-f1: 0.8731617647058824
		-auroc: 0.8580345187942915
2026-06-17 19:14:43 - __main__ - INFO - Input matrix with GHFQRWETVYLIADNMCPKS encoding is removed.

2026-06-17 19:14:52 - __main__ - INFO - Input matrix with VPDQKECGTSMFYNIALHRW encoding is generated.
2026-06-17 19:16:28 - __main__ - INFO - VPDQKECGTSMFYNIALHRW encoding is done for binary task with:
	-custom
		-f1: 0.8336520076481836
		-auroc: 0.8236402305607263
	-resnet
		-f1: 0.881860465116279
		-auroc: 0.8697829920642697
2026-06-17 19:16:28 - __main__ - INFO - Input matrix with VPDQKECGTSMFYNIALHRW encoding is removed.

2026-06-17 19:16:37 - __main__ - INFO - Input matrix with YWIFMQDKRVETNAGPSLCH encoding is generated.
2026-06-17 19:18:16 - __main__ - INFO - YWIFMQDKRVETNAGPSLCH encoding is done for binary task with:
	-custom
		-f1: 0.8231939163498099
		-auroc: 0.8112161588452369
	-resnet
		-f1: 0.8772277227722772
		-auroc: 0.8759348159759642
2026-06-17 19:18:16 - __main__ - INFO - Input matrix with YWIFMQDKRVETNAGPSLCH encoding is removed.

2026-06-17 19:18:25 - __main__ - INFO - Input matrix with CPMYKARVTFHQEDINSGWL encoding is generated.
2026-06-17 19:20:04 - __main__ - INFO - CPMYKARVTFHQEDINSGWL encoding is done for binary task with:
	-custom
		-f1: 0.8272552783109405
		-auroc: 0.8177639528428202
	-resnet
		-f1: 0.8747628083491461
		-auroc: 0.8657334835570359
2026-06-17 19:20:04 - __main__ - INFO - Input matrix with CPMYKARVTFHQEDINSGWL encoding is removed.

2026-06-17 19:20:14 - __main__ - INFO - Input matrix with FHQVSKEYWCLRAIGTNDPM encoding is generated.
2026-06-17 19:21:52 - __main__ - INFO - FHQVSKEYWCLRAIGTNDPM encoding is done for binary task with:
	-custom
		-f1: 0.8061716489874639
		-auroc: 0.7967652917932139
	-resnet
		-f1: 0.8794197642792384
		-auroc: 0.8623718199928153
2026-06-17 19:21:52 - __main__ - INFO - Input matrix with FHQVSKEYWCLRAIGTNDPM encoding is removed.

2026-06-17 19:22:03 - __main__ - INFO - Input matrix with TIHCGAVYMKQRDLWFPSEN encoding is generated.
2026-06-17 19:23:40 - __main__ - INFO - TIHCGAVYMKQRDLWFPSEN encoding is done for binary task with:
	-custom
		-f1: 0.8149568552253116
		-auroc: 0.804568351784723
	-resnet
		-f1: 0.869980879541109
		-auroc: 0.8620717808040234
2026-06-17 19:23:40 - __main__ - INFO - Input matrix with TIHCGAVYMKQRDLWFPSEN encoding is removed.

2026-06-17 19:23:49 - __main__ - INFO - Input matrix with QSFCAEGWVNLIHYMRTPDK encoding is generated.
2026-06-17 19:25:28 - __main__ - INFO - QSFCAEGWVNLIHYMRTPDK encoding is done for binary task with:
	-custom
		-f1: 0.8225352112676056
		-auroc: 0.8075585382580582
	-resnet
		-f1: 0.8717948717948718
		-auroc: 0.8627473792495346
2026-06-17 19:25:28 - __main__ - INFO - Input matrix with QSFCAEGWVNLIHYMRTPDK encoding is removed.

2026-06-17 19:25:39 - __main__ - INFO - Input matrix with TLCDSIQMFRGPEWNKAVHY encoding is generated.
2026-06-17 19:27:19 - __main__ - INFO - TLCDSIQMFRGPEWNKAVHY encoding is done for binary task with:
	-custom
		-f1: 0.8293612964728313
		-auroc: 0.8184395512883316
	-resnet
		-f1: 0.8439716312056738
		-auroc: 0.8176843506090591
2026-06-17 19:27:19 - __main__ - INFO - Input matrix with TLCDSIQMFRGPEWNKAVHY encoding is removed.

2026-06-17 19:27:28 - __main__ - INFO - Input matrix with DRYEIHVFMASKLCGPTNWQ encoding is generated.
2026-06-17 19:29:07 - __main__ - INFO - DRYEIHVFMASKLCGPTNWQ encoding is done for binary task with:
	-custom
		-f1: 0.7992351816443595
		-auroc: 0.7872313934881291
	-resnet
		-f1: 0.8775313404050145
		-auroc: 0.8716056791091082
2026-06-17 19:29:07 - __main__ - INFO - Input matrix with DRYEIHVFMASKLCGPTNWQ encoding is removed.

2026-06-17 19:29:17 - __main__ - INFO - Input matrix with YMRCDNHQGKLWVIAFESPT encoding is generated.
2026-06-17 19:30:55 - __main__ - INFO - YMRCDNHQGKLWVIAFESPT encoding is done for binary task with:
	-custom
		-f1: 0.8341323106423778
		-auroc: 0.8247954834917213
	-resnet
		-f1: 0.8739172281039461
		-auroc: 0.8674643218706117
2026-06-17 19:30:55 - __main__ - INFO - Input matrix with YMRCDNHQGKLWVIAFESPT encoding is removed.

2026-06-17 19:31:05 - __main__ - INFO - Input matrix with FPVCSGMKTRNIQDEWLHYA encoding is generated.
2026-06-17 19:32:44 - __main__ - INFO - FPVCSGMKTRNIQDEWLHYA encoding is done for binary task with:
	-custom
		-f1: 0.822627037392138
		-auroc: 0.8126592044675223
	-resnet
		-f1: 0.8768186226964112
		-auroc: 0.8718934718003983
2026-06-17 19:32:44 - __main__ - INFO - Input matrix with FPVCSGMKTRNIQDEWLHYA encoding is removed.

2026-06-17 19:32:54 - __main__ - INFO - Input matrix with LIQGPCTSKERDNWAHFMYV encoding is generated.
2026-06-17 19:34:32 - __main__ - INFO - LIQGPCTSKERDNWAHFMYV encoding is done for binary task with:
	-custom
		-f1: 0.8309178743961353
		-auroc: 0.8231564939094086
	-resnet
		-f1: 0.8818755635707844
		-auroc: 0.8641067404722249
2026-06-17 19:34:32 - __main__ - INFO - Input matrix with LIQGPCTSKERDNWAHFMYV encoding is removed.

2026-06-17 19:34:42 - __main__ - INFO - Input matrix with FVNLTAMPWDYQSKCGEHIR encoding is generated.
2026-06-17 19:36:20 - __main__ - INFO - FVNLTAMPWDYQSKCGEHIR encoding is done for binary task with:
	-custom
		-f1: 0.8325266214908035
		-auroc: 0.8252751379772052
	-resnet
		-f1: 0.8311229000884174
		-auroc: 0.8023701054831651
2026-06-17 19:36:20 - __main__ - INFO - Input matrix with FVNLTAMPWDYQSKCGEHIR encoding is removed.

2026-06-17 19:36:29 - __main__ - INFO - Input matrix with WATEFLQGMICDRYVNKHPS encoding is generated.
2026-06-17 19:38:08 - __main__ - INFO - WATEFLQGMICDRYVNKHPS encoding is done for binary task with:
	-custom
		-f1: 0.8167141500474834
		-auroc: 0.8040886972992392
	-resnet
		-f1: 0.844354018311292
		-auroc: 0.8479005421116227
2026-06-17 19:38:08 - __main__ - INFO - Input matrix with WATEFLQGMICDRYVNKHPS encoding is removed.

2026-06-17 19:38:18 - __main__ - INFO - Input matrix with YNVEDCFQAMWGRKHSLITP encoding is generated.
2026-06-17 19:39:55 - __main__ - INFO - YNVEDCFQAMWGRKHSLITP encoding is done for binary task with:
	-custom
		-f1: 0.8263358778625954
		-auroc: 0.8154534469808301
	-resnet
		-f1: 0.8744007670182167
		-auroc: 0.8672724600764181
2026-06-17 19:39:55 - __main__ - INFO - Input matrix with YNVEDCFQAMWGRKHSLITP encoding is removed.

2026-06-17 19:40:05 - __main__ - INFO - Input matrix with QAFSCDVNIPKTLEYRMWHG encoding is generated.
2026-06-17 19:41:42 - __main__ - INFO - QAFSCDVNIPKTLEYRMWHG encoding is done for binary task with:
	-custom
		-f1: 0.8211538461538461
		-auroc: 0.8117917442278175
	-resnet
		-f1: 0.870722433460076
		-auroc: 0.8617839881127332
2026-06-17 19:41:42 - __main__ - INFO - Input matrix with QAFSCDVNIPKTLEYRMWHG encoding is removed.

2026-06-17 19:41:52 - __main__ - INFO - Input matrix with IEQYAVKRLHSMNDFCGPTW encoding is generated.
2026-06-17 19:43:30 - __main__ - INFO - IEQYAVKRLHSMNDFCGPTW encoding is done for binary task with:
	-custom
		-f1: 0.821256038647343
		-auroc: 0.8130429280559094
	-resnet
		-f1: 0.881508078994614
		-auroc: 0.8628555566441332
2026-06-17 19:43:30 - __main__ - INFO - Input matrix with IEQYAVKRLHSMNDFCGPTW encoding is removed.

2026-06-17 19:43:40 - __main__ - INFO - Input matrix with QATPWEHRKGLVFDNYCSMI encoding is generated.
2026-06-17 19:45:17 - __main__ - INFO - QATPWEHRKGLVFDNYCSMI encoding is done for binary task with:
	-custom
		-f1: 0.8197674418604651
		-auroc: 0.8121754678162048
	-resnet
		-f1: 0.8878326996197718
		-auroc: 0.8799884066490318
2026-06-17 19:45:17 - __main__ - INFO - Input matrix with QATPWEHRKGLVFDNYCSMI encoding is removed.

2026-06-17 19:45:27 - __main__ - INFO - Input matrix with AGVDLRMWFIYTSPCKHNEQ encoding is generated.
2026-06-17 19:47:05 - __main__ - INFO - AGVDLRMWFIYTSPCKHNEQ encoding is done for binary task with:
	-custom
		-f1: 0.8119001919385797
		-auroc: 0.8015822474772215
	-resnet
		-f1: 0.8897338403041825
		-auroc: 0.8820111198197316
2026-06-17 19:47:05 - __main__ - INFO - Input matrix with AGVDLRMWFIYTSPCKHNEQ encoding is removed.

2026-06-17 19:47:14 - __main__ - INFO - Input matrix with KWMGQSVFALIPDEHCNRTY encoding is generated.
2026-06-17 19:48:53 - __main__ - INFO - KWMGQSVFALIPDEHCNRTY encoding is done for binary task with:
	-custom
		-f1: 0.8257575757575758
		-auroc: 0.8130470102217433
	-resnet
		-f1: 0.8680248007085917
		-auroc: 0.8449430129649587
2026-06-17 19:48:53 - __main__ - INFO - Input matrix with KWMGQSVFALIPDEHCNRTY encoding is removed.

2026-06-17 19:49:04 - __main__ - INFO - Input matrix with AVYTGCRLNPFIDKEHMSQW encoding is generated.
2026-06-17 19:50:44 - __main__ - INFO - AVYTGCRLNPFIDKEHMSQW encoding is done for binary task with:
	-custom
		-f1: 0.8134920634920635
		-auroc: 0.811303925410666
	-resnet
		-f1: 0.8713858424725822
		-auroc: 0.8712137911890533
2026-06-17 19:50:44 - __main__ - INFO - Input matrix with AVYTGCRLNPFIDKEHMSQW encoding is removed.

2026-06-17 19:50:54 - __main__ - INFO - Input matrix with YKNGIAQETPHSCWMVLRFD encoding is generated.
2026-06-17 19:52:32 - __main__ - INFO - YKNGIAQETPHSCWMVLRFD encoding is done for binary task with:
	-custom
		-f1: 0.825964252116651
		-auroc: 0.8116998954965547
	-resnet
		-f1: 0.8812915479582146
		-auroc: 0.8728609451030339
2026-06-17 19:52:32 - __main__ - INFO - Input matrix with YKNGIAQETPHSCWMVLRFD encoding is removed.

2026-06-17 19:52:41 - __main__ - INFO - Input matrix with DMGVYPIFQLARHTCSKWEN encoding is generated.
2026-06-17 19:54:19 - __main__ - INFO - DMGVYPIFQLARHTCSKWEN encoding is done for binary task with:
	-custom
		-f1: 0.814382896015549
		-auroc: 0.8072625812351
	-resnet
		-f1: 0.8962264150943396
		-auroc: 0.8876955357434442
2026-06-17 19:54:19 - __main__ - INFO - Input matrix with DMGVYPIFQLARHTCSKWEN encoding is removed.

2026-06-17 19:54:28 - __main__ - INFO - Input matrix with NEQVIYFMTWSLKHCPAGDR encoding is generated.
2026-06-17 19:56:06 - __main__ - INFO - NEQVIYFMTWSLKHCPAGDR encoding is done for binary task with:
	-custom
		-f1: 0.8344497607655502
		-auroc: 0.8246995525946248
	-resnet
		-f1: 0.8859060402684564
		-auroc: 0.8794087391006172
2026-06-17 19:56:06 - __main__ - INFO - Input matrix with NEQVIYFMTWSLKHCPAGDR encoding is removed.

2026-06-17 19:56:15 - __main__ - INFO - Input matrix with WGTRCHIMDVLKANEYQFSP encoding is generated.
2026-06-17 19:57:55 - __main__ - INFO - WGTRCHIMDVLKANEYQFSP encoding is done for binary task with:
	-custom
		-f1: 0.8252148997134671
		-auroc: 0.8144900558440286
	-resnet
		-f1: 0.8740458015267175
		-auroc: 0.8660212762483265
2026-06-17 19:57:55 - __main__ - INFO - Input matrix with WGTRCHIMDVLKANEYQFSP encoding is removed.

2026-06-17 19:58:05 - __main__ - INFO - Input matrix with LTAEKFHVINYRQCSMDGPW encoding is generated.
2026-06-17 19:59:44 - __main__ - INFO - LTAEKFHVINYRQCSMDGPW encoding is done for binary task with:
	-custom
		-f1: 0.8161693936477382
		-auroc: 0.8067829267496162
	-resnet
		-f1: 0.8673469387755102
		-auroc: 0.8713056399203161
2026-06-17 19:59:44 - __main__ - INFO - Input matrix with LTAEKFHVINYRQCSMDGPW encoding is removed.

2026-06-17 19:59:53 - __main__ - INFO - Input matrix with TKMLVPGSNFYDCAEWQRHI encoding is generated.
2026-06-17 20:01:32 - __main__ - INFO - TKMLVPGSNFYDCAEWQRHI encoding is done for binary task with:
	-custom
		-f1: 0.8084696823869105
		-auroc: 0.7986920740668169
	-resnet
		-f1: 0.8752399232245681
		-auroc: 0.8683317821103165
2026-06-17 20:01:32 - __main__ - INFO - Input matrix with TKMLVPGSNFYDCAEWQRHI encoding is removed.

2026-06-17 20:01:41 - __main__ - INFO - Input matrix with APISQTHLYEKMNRDCGWVF encoding is generated.
2026-06-17 20:03:20 - __main__ - INFO - APISQTHLYEKMNRDCGWVF encoding is done for binary task with:
	-custom
		-f1: 0.812
		-auroc: 0.8116876489990529
	-resnet
		-f1: 0.8459483526268923
		-auroc: 0.8209582476078507
2026-06-17 20:03:20 - __main__ - INFO - Input matrix with APISQTHLYEKMNRDCGWVF encoding is removed.

2026-06-17 20:03:30 - __main__ - INFO - Input matrix with AMNVPHFSGQTCRYKIEDWL encoding is generated.
2026-06-17 20:05:06 - __main__ - INFO - AMNVPHFSGQTCRYKIEDWL encoding is done for binary task with:
	-custom
		-f1: 0.8301886792452831
		-auroc: 0.8169005747689494
	-resnet
		-f1: 0.8825214899713467
		-auroc: 0.875171450965024
2026-06-17 20:05:06 - __main__ - INFO - Input matrix with AMNVPHFSGQTCRYKIEDWL encoding is removed.

2026-06-17 20:05:16 - __main__ - INFO - Input matrix with KAIMRVFTGSEDQNWYLCHP encoding is generated.
2026-06-17 20:06:55 - __main__ - INFO - KAIMRVFTGSEDQNWYLCHP encoding is done for binary task with:
	-custom
		-f1: 0.8272552783109405
		-auroc: 0.8177639528428202
	-resnet
		-f1: 0.8802880288028803
		-auroc: 0.8619880964044284
2026-06-17 20:06:55 - __main__ - INFO - Input matrix with KAIMRVFTGSEDQNWYLCHP encoding is removed.

2026-06-17 20:07:05 - __main__ - INFO - Input matrix with DTMAWEGHFSVKPRQLICNY encoding is generated.
2026-06-17 20:08:41 - __main__ - INFO - DTMAWEGHFSVKPRQLICNY encoding is done for binary task with:
	-custom
		-f1: 0.8093457943925234
		-auroc: 0.7921483622350675
	-resnet
		-f1: 0.8688670829616414
		-auroc: 0.8473494497240455
2026-06-17 20:08:41 - __main__ - INFO - Input matrix with DTMAWEGHFSVKPRQLICNY encoding is removed.

2026-06-17 20:08:51 - __main__ - INFO - Input matrix with PRCNQFVGEAIWDMHKSYTL encoding is generated.
2026-06-17 20:10:30 - __main__ - INFO - PRCNQFVGEAIWDMHKSYTL encoding is done for binary task with:
	-custom
		-f1: 0.8281853281853282
		-auroc: 0.8200744587048104
	-resnet
		-f1: 0.8775894538606404
		-auroc: 0.8673724731393487
2026-06-17 20:10:30 - __main__ - INFO - Input matrix with PRCNQFVGEAIWDMHKSYTL encoding is removed.

2026-06-17 20:10:40 - __main__ - INFO - Input matrix with ARNTVDMGSCKPELQHFIYW encoding is generated.
2026-06-17 20:12:34 - __main__ - INFO - ARNTVDMGSCKPELQHFIYW encoding is done for binary task with:
	-custom
		-f1: 0.8212927756653993
		-auroc: 0.8091934456745371
	-resnet
		-f1: 0.8723809523809524
		-auroc: 0.8639026321805297
2026-06-17 20:12:34 - __main__ - INFO - Input matrix with ARNTVDMGSCKPELQHFIYW encoding is removed.

2026-06-17 20:12:44 - __main__ - INFO - Input matrix with QDPCNGSAEFYIWTMLRHKV encoding is generated.
2026-06-17 20:14:39 - __main__ - INFO - QDPCNGSAEFYIWTMLRHKV encoding is done for binary task with:
	-custom
		-f1: 0.8174904942965779
		-auroc: 0.8051480193331374
	-resnet
		-f1: 0.8915187376725838
		-auroc: 0.8899019463766696
2026-06-17 20:14:39 - __main__ - INFO - Input matrix with QDPCNGSAEFYIWTMLRHKV encoding is removed.

2026-06-17 20:14:49 - __main__ - INFO - Input matrix with MWRQGELDYKTNAFCIHSVP encoding is generated.
2026-06-17 20:16:26 - __main__ - INFO - MWRQGELDYKTNAFCIHSVP encoding is done for binary task with:
	-custom
		-f1: 0.8164026095060578
		-auroc: 0.7990839619868718
	-resnet
		-f1: 0.8208469055374593
		-auroc: 0.8387381208974233
2026-06-17 20:16:26 - __main__ - INFO - Input matrix with MWRQGELDYKTNAFCIHSVP encoding is removed.

2026-06-17 20:16:36 - __main__ - INFO - Input matrix with VKARPENYQDSHTWCFLGIM encoding is generated.
2026-06-17 20:18:16 - __main__ - INFO - VKARPENYQDSHTWCFLGIM encoding is done for binary task with:
	-custom
		-f1: 0.8011639185257032
		-auroc: 0.7930076581431045
	-resnet
		-f1: 0.8587155963302753
		-auroc: 0.841756882531596
2026-06-17 20:18:16 - __main__ - INFO - Input matrix with VKARPENYQDSHTWCFLGIM encoding is removed.

2026-06-17 20:18:27 - __main__ - INFO - Input matrix with MVQEFDCPTNYLWIHKGSAR encoding is generated.
2026-06-17 20:20:05 - __main__ - INFO - MVQEFDCPTNYLWIHKGSAR encoding is done for binary task with:
	-custom
		-f1: 0.8114832535885167
		-auroc: 0.8004269945462265
	-resnet
		-f1: 0.8729703915950334
		-auroc: 0.8650578851115249
2026-06-17 20:20:05 - __main__ - INFO - Input matrix with MVQEFDCPTNYLWIHKGSAR encoding is removed.

2026-06-17 20:20:16 - __main__ - INFO - Input matrix with KCVGQSIAYWLENPDRMHFT encoding is generated.
2026-06-17 20:21:55 - __main__ - INFO - KCVGQSIAYWLENPDRMHFT encoding is done for binary task with:
	-custom
		-f1: 0.8265107212475633
		-auroc: 0.8205541131902943
	-resnet
		-f1: 0.8716981132075472
		-auroc: 0.861400264524346
2026-06-17 20:21:55 - __main__ - INFO - Input matrix with KCVGQSIAYWLENPDRMHFT encoding is removed.

2026-06-17 20:22:05 - __main__ - INFO - Input matrix with GSRVLHKCMTFWINEDPAYQ encoding is generated.
2026-06-17 20:23:43 - __main__ - INFO - GSRVLHKCMTFWINEDPAYQ encoding is done for binary task with:
	-custom
		-f1: 0.8258801141769743
		-auroc: 0.8142981940498352
	-resnet
		-f1: 0.8755760368663594
		-auroc: 0.8612124848959863
2026-06-17 20:23:43 - __main__ - INFO - Input matrix with GSRVLHKCMTFWINEDPAYQ encoding is removed.

2026-06-17 20:23:53 - __main__ - INFO - Input matrix with CPGITWQKYAVLNHDFSERM encoding is generated.
2026-06-17 20:25:34 - __main__ - INFO - CPGITWQKYAVLNHDFSERM encoding is done for binary task with:
	-custom
		-f1: 0.8275862068965517
		-auroc: 0.8176680219457235
	-resnet
		-f1: 0.8733153638814016
		-auroc: 0.8538013128245321
2026-06-17 20:25:34 - __main__ - INFO - Input matrix with CPGITWQKYAVLNHDFSERM encoding is removed.

2026-06-17 20:25:44 - __main__ - INFO - Input matrix with QLSVEITCPKHWFRMYGAND encoding is generated.
2026-06-17 20:27:23 - __main__ - INFO - QLSVEITCPKHWFRMYGAND encoding is done for binary task with:
	-custom
		-f1: 0.8325537885874649
		-auroc: 0.8174802423173639
	-resnet
		-f1: 0.8667883211678832
		-auroc: 0.8495599425231051
2026-06-17 20:27:23 - __main__ - INFO - Input matrix with QLSVEITCPKHWFRMYGAND encoding is removed.

2026-06-17 20:27:32 - __main__ - INFO - Input matrix with EWGVHTFAQIRMLSKYCDNP encoding is generated.
2026-06-17 20:29:12 - __main__ - INFO - EWGVHTFAQIRMLSKYCDNP encoding is done for binary task with:
	-custom
		-f1: 0.821944177093359
		-auroc: 0.8128510662617159
	-resnet
		-f1: 0.857918552036199
		-auroc: 0.8380033310473204
2026-06-17 20:29:12 - __main__ - INFO - Input matrix with EWGVHTFAQIRMLSKYCDNP encoding is removed.

2026-06-17 20:29:22 - __main__ - INFO - Input matrix with IYSKREMFVLPTGQWNDAHC encoding is generated.
2026-06-17 20:31:00 - __main__ - INFO - IYSKREMFVLPTGQWNDAHC encoding is done for binary task with:
	-custom
		-f1: 0.8167641325536062
		-auroc: 0.810440547336795
	-resnet
		-f1: 0.866785079928952
		-auroc: 0.8440755527252539
2026-06-17 20:31:00 - __main__ - INFO - Input matrix with IYSKREMFVLPTGQWNDAHC encoding is removed.

2026-06-17 20:31:09 - __main__ - INFO - Input matrix with HANRGMKDPTWCLQFIVEYS encoding is generated.
2026-06-17 20:32:51 - __main__ - INFO - HANRGMKDPTWCLQFIVEYS encoding is done for binary task with:
	-custom
		-f1: 0.8235294117647058
		-auroc: 0.8072707455667679
	-resnet
		-f1: 0.8813886210221794
		-auroc: 0.8756511054505078
2026-06-17 20:32:51 - __main__ - INFO - Input matrix with HANRGMKDPTWCLQFIVEYS encoding is removed.

2026-06-17 20:33:01 - __main__ - INFO - Input matrix with RSADPHNVLTFGYEMCKIQW encoding is generated.
2026-06-17 20:34:39 - __main__ - INFO - RSADPHNVLTFGYEMCKIQW encoding is done for binary task with:
	-custom
		-f1: 0.8328445747800587
		-auroc: 0.8277775056333888
	-resnet
		-f1: 0.8679245283018868
		-auroc: 0.8669765030534599
2026-06-17 20:34:39 - __main__ - INFO - Input matrix with RSADPHNVLTFGYEMCKIQW encoding is removed.

2026-06-17 20:34:49 - __main__ - INFO - Input matrix with TCLDEYMIRQKPGSWVFNAH encoding is generated.
2026-06-17 20:36:30 - __main__ - INFO - TCLDEYMIRQKPGSWVFNAH encoding is done for binary task with:
	-custom
		-f1: 0.8366383380547686
		-auroc: 0.8240280363149473
	-resnet
		-f1: 0.8741328047571854
		-auroc: 0.8729487116684628
2026-06-17 20:36:30 - __main__ - INFO - Input matrix with TCLDEYMIRQKPGSWVFNAH encoding is removed.

2026-06-17 20:36:39 - __main__ - INFO - Input matrix with DENGSYWAFPQMTICLRVKH encoding is generated.
2026-06-17 20:38:17 - __main__ - INFO - DENGSYWAFPQMTICLRVKH encoding is done for binary task with:
	-custom
		-f1: 0.8249027237354085
		-auroc: 0.8184354691224976
	-resnet
		-f1: 0.8618181818181818
		-auroc: 0.843299941216812
2026-06-17 20:38:17 - __main__ - INFO - Input matrix with DENGSYWAFPQMTICLRVKH encoding is removed.

2026-06-17 20:38:26 - __main__ - INFO - Input matrix with SIFNHKTERAQMPDLYCGWV encoding is generated.
2026-06-17 20:40:07 - __main__ - INFO - SIFNHKTERAQMPDLYCGWV encoding is done for binary task with:
	-custom
		-f1: 0.8213283442469598
		-auroc: 0.8053439632931647
	-resnet
		-f1: 0.8768821966341895
		-auroc: 0.8550565788184579
2026-06-17 20:40:07 - __main__ - INFO - Input matrix with SIFNHKTERAQMPDLYCGWV encoding is removed.

2026-06-17 20:40:17 - __main__ - INFO - Input matrix with VRHECMQWILTYKNSFAPGD encoding is generated.
2026-06-17 20:41:57 - __main__ - INFO - VRHECMQWILTYKNSFAPGD encoding is done for binary task with:
	-custom
		-f1: 0.8273170731707317
		-auroc: 0.8216134352241925
	-resnet
		-f1: 0.8849056603773585
		-auroc: 0.875559256719245
2026-06-17 20:41:57 - __main__ - INFO - Input matrix with VRHECMQWILTYKNSFAPGD encoding is removed.

2026-06-17 20:42:07 - __main__ - INFO - Input matrix with GYDRFNTMHPVQAIWLKECS encoding is generated.
2026-06-17 20:43:46 - __main__ - INFO - GYDRFNTMHPVQAIWLKECS encoding is done for binary task with:
	-custom
		-f1: 0.7965616045845272
		-auroc: 0.7841493582835309
	-resnet
		-f1: 0.8467908902691511
		-auroc: 0.8537727376636948
2026-06-17 20:43:46 - __main__ - INFO - Input matrix with GYDRFNTMHPVQAIWLKECS encoding is removed.

2026-06-17 20:43:56 - __main__ - INFO - Input matrix with PASFIQRTGEMWLVYCHKDN encoding is generated.
2026-06-17 20:45:34 - __main__ - INFO - PASFIQRTGEMWLVYCHKDN encoding is done for binary task with:
	-custom
		-f1: 0.8027750247770069
		-auroc: 0.8001310375232684
	-resnet
		-f1: 0.8821292775665399
		-auroc: 0.8739202671369324
2026-06-17 20:45:34 - __main__ - INFO - Input matrix with PASFIQRTGEMWLVYCHKDN encoding is removed.

2026-06-17 20:45:43 - __main__ - INFO - Input matrix with KLNHSPYGITWADRMCVEQF encoding is generated.
2026-06-17 20:47:22 - __main__ - INFO - KLNHSPYGITWADRMCVEQF encoding is done for binary task with:
	-custom
		-f1: 0.815515610217597
		-auroc: 0.8018741223343457
	-resnet
		-f1: 0.8787602552415679
		-auroc: 0.8626596126841056
2026-06-17 20:47:22 - __main__ - INFO - Input matrix with KLNHSPYGITWADRMCVEQF encoding is removed.

2026-06-17 20:47:32 - __main__ - INFO - Input matrix with KPDTYQSWCHNMEALGRFIV encoding is generated.
2026-06-17 20:49:09 - __main__ - INFO - KPDTYQSWCHNMEALGRFIV encoding is done for binary task with:
	-custom
		-f1: 0.8155339805825242
		-auroc: 0.8082259723719015
	-resnet
		-f1: 0.8360498561840843
		-auroc: 0.8268181966624213
2026-06-17 20:49:09 - __main__ - INFO - Input matrix with KPDTYQSWCHNMEALGRFIV encoding is removed.

2026-06-17 20:49:20 - __main__ - INFO - Input matrix with LAGQPHFTKNRCEDIMVSWY encoding is generated.
2026-06-17 20:50:59 - __main__ - INFO - LAGQPHFTKNRCEDIMVSWY encoding is done for binary task with:
	-custom
		-f1: 0.8344370860927153
		-auroc: 0.8221012540413442
	-resnet
		-f1: 0.8647654093836247
		-auroc: 0.8489802749746905
2026-06-17 20:50:59 - __main__ - INFO - Input matrix with LAGQPHFTKNRCEDIMVSWY encoding is removed.

2026-06-17 20:51:10 - __main__ - INFO - Input matrix with WMPYGSRTEAVCFNLKDHIQ encoding is generated.
2026-06-17 20:52:48 - __main__ - INFO - WMPYGSRTEAVCFNLKDHIQ encoding is done for binary task with:
	-custom
		-f1: 0.8090107737512243
		-auroc: 0.8036008784820874
	-resnet
		-f1: 0.8787584869059166
		-auroc: 0.8739161849710982
2026-06-17 20:52:48 - __main__ - INFO - Input matrix with WMPYGSRTEAVCFNLKDHIQ encoding is removed.

2026-06-17 20:52:58 - __main__ - INFO - Input matrix with HRISGETAKCWYNMVLFQPD encoding is generated.
2026-06-17 20:54:38 - __main__ - INFO - HRISGETAKCWYNMVLFQPD encoding is done for binary task with:
	-custom
		-f1: 0.8268482490272373
		-auroc: 0.8204581822931976
	-resnet
		-f1: 0.8718861209964412
		-auroc: 0.8502396231344502
2026-06-17 20:54:38 - __main__ - INFO - Input matrix with HRISGETAKCWYNMVLFQPD encoding is removed.

2026-06-17 20:54:50 - __main__ - INFO - Input matrix with LSEKPHRGCMFQIWYAVNDT encoding is generated.
2026-06-17 20:56:26 - __main__ - INFO - LSEKPHRGCMFQIWYAVNDT encoding is done for binary task with:
	-custom
		-f1: 0.8246628131021194
		-auroc: 0.8159331014663138
	-resnet
		-f1: 0.8016326530612244
		-auroc: 0.7452708108814212
2026-06-17 20:56:26 - __main__ - INFO - Input matrix with LSEKPHRGCMFQIWYAVNDT encoding is removed.

2026-06-17 20:56:37 - __main__ - INFO - Input matrix with CGQARSWNMDLVHPIFYKTE encoding is generated.
2026-06-17 20:58:12 - __main__ - INFO - CGQARSWNMDLVHPIFYKTE encoding is done for binary task with:
	-custom
		-f1: 0.8151658767772512
		-auroc: 0.8019700532314424
	-resnet
		-f1: 0.8602540834845736
		-auroc: 0.8411812971490154
2026-06-17 20:58:12 - __main__ - INFO - Input matrix with CGQARSWNMDLVHPIFYKTE encoding is removed.

2026-06-17 20:58:21 - __main__ - INFO - Input matrix with VRTIFYQCHGMANPWDSLKE encoding is generated.
2026-06-17 20:59:57 - __main__ - INFO - VRTIFYQCHGMANPWDSLKE encoding is done for binary task with:
	-custom
		-f1: 0.8342857142857143
		-auroc: 0.8234483687665328
	-resnet
		-f1: 0.8836772983114447
		-auroc: 0.8732487508572548
2026-06-17 20:59:57 - __main__ - INFO - Input matrix with VRTIFYQCHGMANPWDSLKE encoding is removed.

2026-06-17 21:00:06 - __main__ - INFO - Input matrix with CTLPWFRIMYKGVHSNAQED encoding is generated.
2026-06-17 21:01:42 - __main__ - INFO - CTLPWFRIMYKGVHSNAQED encoding is done for binary task with:
	-custom
		-f1: 0.8315889628924833
		-auroc: 0.8203663335619346
	-resnet
		-f1: 0.8700564971751412
		-auroc: 0.8592816204565494
2026-06-17 21:01:42 - __main__ - INFO - Input matrix with CTLPWFRIMYKGVHSNAQED encoding is removed.

2026-06-17 21:01:53 - __main__ - INFO - Input matrix with HTRFGSLWQEMANDIYVKPC encoding is generated.
2026-06-17 21:03:30 - __main__ - INFO - HTRFGSLWQEMANDIYVKPC encoding is done for binary task with:
	-custom
		-f1: 0.821256038647343
		-auroc: 0.8130429280559094
	-resnet
		-f1: 0.8580060422960725
		-auroc: 0.859557166650338
2026-06-17 21:03:30 - __main__ - INFO - Input matrix with HTRFGSLWQEMANDIYVKPC encoding is removed.

2026-06-17 21:03:40 - __main__ - INFO - Input matrix with DQLHFGSWMIVPYENKTARC encoding is generated.
2026-06-17 21:05:16 - __main__ - INFO - DQLHFGSWMIVPYENKTARC encoding is done for binary task with:
	-custom
		-f1: 0.8207547169811321
		-auroc: 0.8067870089154501
	-resnet
		-f1: 0.877025738798856
		-auroc: 0.8690073805558277
2026-06-17 21:05:16 - __main__ - INFO - Input matrix with DQLHFGSWMIVPYENKTARC encoding is removed.

2026-06-17 21:05:26 - __main__ - INFO - Input matrix with IWTNMSKDFQYHVECALRGP encoding is generated.
2026-06-17 21:07:05 - __main__ - INFO - IWTNMSKDFQYHVECALRGP encoding is done for binary task with:
	-custom
		-f1: 0.8011417697431018
		-auroc: 0.788002922830737
	-resnet
		-f1: 0.8674911660777385
		-auroc: 0.8437877600339636
2026-06-17 21:07:05 - __main__ - INFO - Input matrix with IWTNMSKDFQYHVECALRGP encoding is removed.

2026-06-17 21:07:15 - __main__ - INFO - Input matrix with TADYPQKLEFSNHVICMWRG encoding is generated.
2026-06-17 21:08:52 - __main__ - INFO - TADYPQKLEFSNHVICMWRG encoding is done for binary task with:
	-custom
		-f1: 0.8277830637488106
		-auroc: 0.8163209072205349
	-resnet
		-f1: 0.8732394366197183
		-auroc: 0.8621717938669541
2026-06-17 21:08:52 - __main__ - INFO - Input matrix with TADYPQKLEFSNHVICMWRG encoding is removed.

2026-06-17 21:09:02 - __main__ - INFO - Input matrix with DIVLKASMHCNWYTREPQFG encoding is generated.
2026-06-17 21:10:41 - __main__ - INFO - DIVLKASMHCNWYTREPQFG encoding is done for binary task with:
	-custom
		-f1: 0.8304431599229287
		-auroc: 0.8220012409784135
	-resnet
		-f1: 0.8674698795180723
		-auroc: 0.8685154795728421
2026-06-17 21:10:41 - __main__ - INFO - Input matrix with DIVLKASMHCNWYTREPQFG encoding is removed.

2026-06-17 21:10:51 - __main__ - INFO - Input matrix with DCHQGVNRLKPYISEAWFTM encoding is generated.
2026-06-17 21:12:28 - __main__ - INFO - DCHQGVNRLKPYISEAWFTM encoding is done for binary task with:
	-custom
		-f1: 0.8
		-auroc: 0.7870395316939355
	-resnet
		-f1: 0.8814531548757171
		-auroc: 0.8742080598282224
2026-06-17 21:12:28 - __main__ - INFO - Input matrix with DCHQGVNRLKPYISEAWFTM encoding is removed.

2026-06-17 21:12:38 - __main__ - INFO - Input matrix with RLPQFTDSGMNEIHCVYAKW encoding is generated.
2026-06-17 21:14:18 - __main__ - INFO - RLPQFTDSGMNEIHCVYAKW encoding is done for binary task with:
	-custom
		-f1: 0.7953443258971872
		-auroc: 0.7869395186310049
	-resnet
		-f1: 0.8796296296296297
		-auroc: 0.866509095065478
2026-06-17 21:14:18 - __main__ - INFO - Input matrix with RLPQFTDSGMNEIHCVYAKW encoding is removed.

2026-06-17 21:14:28 - __main__ - INFO - Input matrix with VNSEYGFHCAWDRMPKQITL encoding is generated.
2026-06-17 21:16:06 - __main__ - INFO - VNSEYGFHCAWDRMPKQITL encoding is done for binary task with:
	-custom
		-f1: 0.8241010689990281
		-auroc: 0.8173761470885994
	-resnet
		-f1: 0.8795718108831401
		-auroc: 0.8594857287482447
2026-06-17 21:16:06 - __main__ - INFO - Input matrix with VNSEYGFHCAWDRMPKQITL encoding is removed.

2026-06-17 21:16:16 - __main__ - INFO - Input matrix with MVQWYLFDECISHPRNAKGT encoding is generated.
2026-06-17 21:17:56 - __main__ - INFO - MVQWYLFDECISHPRNAKGT encoding is done for binary task with:
	-custom
		-f1: 0.8212927756653993
		-auroc: 0.8091934456745371
	-resnet
		-f1: 0.8759259259259259
		-auroc: 0.8624636687240784
2026-06-17 21:17:56 - __main__ - INFO - Input matrix with MVQWYLFDECISHPRNAKGT encoding is removed.

2026-06-17 21:18:06 - __main__ - INFO - Input matrix with LQATDHWEKCIYFVRPSMNG encoding is generated.
2026-06-17 21:19:44 - __main__ - INFO - LQATDHWEKCIYFVRPSMNG encoding is done for binary task with:
	-custom
		-f1: 0.7977099236641222
		-auroc: 0.7851127494203325
	-resnet
		-f1: 0.8641509433962264
		-auroc: 0.8533094118415467
2026-06-17 21:19:44 - __main__ - INFO - Input matrix with LQATDHWEKCIYFVRPSMNG encoding is removed.

2026-06-17 21:19:54 - __main__ - INFO - Input matrix with QEVYWGKNPCFHTISLRMAD encoding is generated.
2026-06-17 21:21:35 - __main__ - INFO - QEVYWGKNPCFHTISLRMAD encoding is done for binary task with:
	-custom
		-f1: 0.8258801141769743
		-auroc: 0.8142981940498352
	-resnet
		-f1: 0.898854961832061
		-auroc: 0.8923165474674243
2026-06-17 21:21:35 - __main__ - INFO - Input matrix with QEVYWGKNPCFHTISLRMAD encoding is removed.

2026-06-17 21:21:46 - __main__ - INFO - Input matrix with RSPFETGWYILAMNVDHCQK encoding is generated.
2026-06-17 21:23:25 - __main__ - INFO - RSPFETGWYILAMNVDHCQK encoding is done for binary task with:
	-custom
		-f1: 0.8079470198675497
		-auroc: 0.7937832696515463
	-resnet
		-f1: 0.8913857677902621
		-auroc: 0.8812436726429573
2026-06-17 21:23:25 - __main__ - INFO - Input matrix with RSPFETGWYILAMNVDHCQK encoding is removed.

2026-06-17 21:23:35 - __main__ - INFO - Input matrix with MISYFTRVNCKPDEHQLGAW encoding is generated.
2026-06-17 21:25:15 - __main__ - INFO - MISYFTRVNCKPDEHQLGAW encoding is done for binary task with:
	-custom
		-f1: 0.8369462770970783
		-auroc: 0.8239321054178504
	-resnet
		-f1: 0.8777251184834123
		-auroc: 0.8687195878645373
2026-06-17 21:25:15 - __main__ - INFO - Input matrix with MISYFTRVNCKPDEHQLGAW encoding is removed.

2026-06-17 21:25:25 - __main__ - INFO - Input matrix with CWQKPRGHESTVAFNIDLYM encoding is generated.
2026-06-17 21:27:07 - __main__ - INFO - CWQKPRGHESTVAFNIDLYM encoding is done for binary task with:
	-custom
		-f1: 0.8205128205128205
		-auroc: 0.8081341236406387
	-resnet
		-f1: 0.8344370860927153
		-auroc: 0.7895745566767906
2026-06-17 21:27:07 - __main__ - INFO - Input matrix with CWQKPRGHESTVAFNIDLYM encoding is removed.

2026-06-17 21:27:17 - __main__ - INFO - Input matrix with THKRIDLAESWPGMVQYFNC encoding is generated.
2026-06-17 21:28:56 - __main__ - INFO - THKRIDLAESWPGMVQYFNC encoding is done for binary task with:
	-custom
		-f1: 0.819047619047619
		-auroc: 0.807266663400934
	-resnet
		-f1: 0.8387096774193549
		-auroc: 0.8469330688089872
2026-06-17 21:28:56 - __main__ - INFO - Input matrix with THKRIDLAESWPGMVQYFNC encoding is removed.

2026-06-17 21:29:06 - __main__ - INFO - Input matrix with LRGCSKDYPWHIQNVMTFEA encoding is generated.
2026-06-17 21:30:44 - __main__ - INFO - LRGCSKDYPWHIQNVMTFEA encoding is done for binary task with:
	-custom
		-f1: 0.8152380952380952
		-auroc: 0.8032212370595343
	-resnet
		-f1: 0.8687258687258688
		-auroc: 0.8625514352895073
2026-06-17 21:30:44 - __main__ - INFO - Input matrix with LRGCSKDYPWHIQNVMTFEA encoding is removed.

2026-06-17 21:30:54 - __main__ - INFO - Input matrix with WPACDHLGVRFKYISNMEQT encoding is generated.
2026-06-17 21:32:31 - __main__ - INFO - WPACDHLGVRFKYISNMEQT encoding is done for binary task with:
	-custom
		-f1: 0.8045325779036827
		-auroc: 0.7896419124130498
	-resnet
		-f1: 0.8979591836734694
		-auroc: 0.8868321576695732
2026-06-17 21:32:31 - __main__ - INFO - Input matrix with WPACDHLGVRFKYISNMEQT encoding is removed.

2026-06-17 21:32:42 - __main__ - INFO - Input matrix with CTPYFHILMGADREWQKVNS encoding is generated.
2026-06-17 21:34:23 - __main__ - INFO - CTPYFHILMGADREWQKVNS encoding is done for binary task with:
	-custom
		-f1: 0.823751178133836
		-auroc: 0.8097731132229516
	-resnet
		-f1: 0.8740875912408759
		-auroc: 0.8576507952059045
2026-06-17 21:34:23 - __main__ - INFO - Input matrix with CTPYFHILMGADREWQKVNS encoding is removed.

2026-06-17 21:34:32 - __main__ - INFO - Input matrix with DLYQVFTHEPWKMAGSCINR encoding is generated.
2026-06-17 21:36:11 - __main__ - INFO - DLYQVFTHEPWKMAGSCINR encoding is done for binary task with:
	-custom
		-f1: 0.8331762488218661
		-auroc: 0.8198866790764509
	-resnet
		-f1: 0.8765088207985144
		-auroc: 0.8636189216550733
2026-06-17 21:36:11 - __main__ - INFO - Input matrix with DLYQVFTHEPWKMAGSCINR encoding is removed.

2026-06-17 21:36:20 - __main__ - INFO - Input matrix with PIHGEYNDQKLWCRATSFVM encoding is generated.
2026-06-17 21:38:00 - __main__ - INFO - PIHGEYNDQKLWCRATSFVM encoding is done for binary task with:
	-custom
		-f1: 0.8283220174587779
		-auroc: 0.8213256425329023
	-resnet
		-f1: 0.8876811594202898
		-auroc: 0.8714260638124164
2026-06-17 21:38:00 - __main__ - INFO - Input matrix with PIHGEYNDQKLWCRATSFVM encoding is removed.

2026-06-17 21:38:11 - __main__ - INFO - Input matrix with SERCGLDPAKIQHWFVTNYM encoding is generated.
2026-06-17 21:39:48 - __main__ - INFO - SERCGLDPAKIQHWFVTNYM encoding is done for binary task with:
	-custom
		-f1: 0.826044703595724
		-auroc: 0.8193988602592993
	-resnet
		-f1: 0.8656987295825771
		-auroc: 0.847249436661115
2026-06-17 21:39:48 - __main__ - INFO - Input matrix with SERCGLDPAKIQHWFVTNYM encoding is removed.

2026-06-17 21:39:58 - __main__ - INFO - Input matrix with MGATNYFIWKPRVDSHCELQ encoding is generated.
2026-06-17 21:41:35 - __main__ - INFO - MGATNYFIWKPRVDSHCELQ encoding is done for binary task with:
	-custom
		-f1: 0.8197945845004668
		-auroc: 0.8032253192253681
	-resnet
		-f1: 0.8862815884476535
		-auroc: 0.8692114888475229
2026-06-17 21:41:35 - __main__ - INFO - Input matrix with MGATNYFIWKPRVDSHCELQ encoding is removed.

2026-06-17 21:41:45 - __main__ - INFO - Input matrix with GQFCKRPSDEVTYMHNWLAI encoding is generated.
2026-06-17 21:43:22 - __main__ - INFO - GQFCKRPSDEVTYMHNWLAI encoding is done for binary task with:
	-custom
		-f1: 0.8273244781783681
		-auroc: 0.8151656542895399
	-resnet
		-f1: 0.8716094032549728
		-auroc: 0.853125714379021
2026-06-17 21:43:22 - __main__ - INFO - Input matrix with GQFCKRPSDEVTYMHNWLAI encoding is removed.

2026-06-17 21:43:32 - __main__ - INFO - Input matrix with YVDEANTIGMQKPLRWSHFC encoding is generated.
2026-06-17 21:45:09 - __main__ - INFO - YVDEANTIGMQKPLRWSHFC encoding is done for binary task with:
	-custom
		-f1: 0.8201304753028891
		-auroc: 0.8031293883282714
	-resnet
		-f1: 0.8684719535783365
		-auroc: 0.862647366186604
2026-06-17 21:45:09 - __main__ - INFO - Input matrix with YVDEANTIGMQKPLRWSHFC encoding is removed.

2026-06-17 21:45:19 - __main__ - INFO - Input matrix with NGVCLDRESKMTFHYIPAQW encoding is generated.
2026-06-17 21:46:56 - __main__ - INFO - NGVCLDRESKMTFHYIPAQW encoding is done for binary task with:
	-custom
		-f1: 0.808837656099904
		-auroc: 0.7985961431697202
	-resnet
		-f1: 0.864244741873805
		-auroc: 0.8560036412919239
2026-06-17 21:46:56 - __main__ - INFO - Input matrix with NGVCLDRESKMTFHYIPAQW encoding is removed.

2026-06-17 21:47:06 - __main__ - INFO - Input matrix with DPRFVCMHYNLITQKSAGEW encoding is generated.
2026-06-17 21:48:46 - __main__ - INFO - DPRFVCMHYNLITQKSAGEW encoding is done for binary task with:
	-custom
		-f1: 0.8058252427184466
		-auroc: 0.7981124065184024
	-resnet
		-f1: 0.8806112702960841
		-auroc: 0.8731487377943242
2026-06-17 21:48:46 - __main__ - INFO - Input matrix with DPRFVCMHYNLITQKSAGEW encoding is removed.

2026-06-17 21:48:56 - __main__ - INFO - Input matrix with TMLKIVSRCYQNEFDGPAWH encoding is generated.
2026-06-17 21:50:38 - __main__ - INFO - TMLKIVSRCYQNEFDGPAWH encoding is done for binary task with:
	-custom
		-f1: 0.8260038240917782
		-auroc: 0.8155493778779269
	-resnet
		-f1: 0.8827586206896552
		-auroc: 0.8807517716599719
2026-06-17 21:50:38 - __main__ - INFO - Input matrix with TMLKIVSRCYQNEFDGPAWH encoding is removed.

2026-06-17 21:50:48 - __main__ - INFO - Input matrix with ERHGFMWCIVDNYQTKPSLA encoding is generated.
2026-06-17 21:52:24 - __main__ - INFO - ERHGFMWCIVDNYQTKPSLA encoding is done for binary task with:
	-custom
		-f1: 0.8179218303145853
		-auroc: 0.8063032722641325
	-resnet
		-f1: 0.8729064039408867
		-auroc: 0.8706382058064727
2026-06-17 21:52:24 - __main__ - INFO - Input matrix with ERHGFMWCIVDNYQTKPSLA encoding is removed.

2026-06-17 21:52:33 - __main__ - INFO - Input matrix with VALWHTQKGPIERYSDFNMC encoding is generated.
2026-06-17 21:54:30 - __main__ - INFO - VALWHTQKGPIERYSDFNMC encoding is done for binary task with:
	-custom
		-f1: 0.8275862068965517
		-auroc: 0.8176680219457235
	-resnet
		-f1: 0.8816402609506058
		-auroc: 0.8698789229613664
2026-06-17 21:54:30 - __main__ - INFO - Input matrix with VALWHTQKGPIERYSDFNMC encoding is removed.

2026-06-17 21:54:40 - __main__ - INFO - Input matrix with WFREASTPHDVLCMINYKGQ encoding is generated.
2026-06-17 21:56:34 - __main__ - INFO - WFREASTPHDVLCMINYKGQ encoding is done for binary task with:
	-custom
		-f1: 0.8053949903660886
		-auroc: 0.7957059697593155
	-resnet
		-f1: 0.8712121212121212
		-auroc: 0.8615921263185397
2026-06-17 21:56:34 - __main__ - INFO - Input matrix with WFREASTPHDVLCMINYKGQ encoding is removed.

2026-06-17 21:56:43 - __main__ - INFO - Input matrix with YTSKRLEQHMAWNGCVFIPD encoding is generated.
2026-06-17 21:58:28 - __main__ - INFO - YTSKRLEQHMAWNGCVFIPD encoding is done for binary task with:
	-custom
		-f1: 0.8165225744476465
		-auroc: 0.8066869958525196
	-resnet
		-f1: 0.8664122137404581
		-auroc: 0.8579304235655268
2026-06-17 21:58:28 - __main__ - INFO - Input matrix with YTSKRLEQHMAWNGCVFIPD encoding is removed.

2026-06-17 21:58:38 - __main__ - INFO - Input matrix with MGRPEQKCLFNYWTVAHISD encoding is generated.
2026-06-17 22:00:12 - __main__ - INFO - MGRPEQKCLFNYWTVAHISD encoding is done for binary task with:
	-custom
		-f1: 0.8122020972354623
		-auroc: 0.800235132752033
	-resnet
		-f1: 0.8577235772357723
		-auroc: 0.8610002122726234
2026-06-17 22:00:12 - __main__ - INFO - Input matrix with MGRPEQKCLFNYWTVAHISD encoding is removed.

2026-06-17 22:00:22 - __main__ - INFO - Input matrix with TECPDVASKQRWGNLIYHMF encoding is generated.
2026-06-17 22:01:59 - __main__ - INFO - TECPDVASKQRWGNLIYHMF encoding is done for binary task with:
	-custom
		-f1: 0.8368121442125237
		-auroc: 0.825279220143039
	-resnet
		-f1: 0.8817777777777778
		-auroc: 0.861316580124751
2026-06-17 22:01:59 - __main__ - INFO - Input matrix with TECPDVASKQRWGNLIYHMF encoding is removed.

2026-06-17 22:02:09 - __main__ - INFO - Input matrix with NQCFSHGIWRTVKMEPLYDA encoding is generated.
2026-06-17 22:03:47 - __main__ - INFO - NQCFSHGIWRTVKMEPLYDA encoding is done for binary task with:
	-custom
		-f1: 0.8334919124643198
		-auroc: 0.8223890467326345
	-resnet
		-f1: 0.8386023294509152
		-auroc: 0.7959304888801803
2026-06-17 22:03:47 - __main__ - INFO - Input matrix with NQCFSHGIWRTVKMEPLYDA encoding is removed.

2026-06-17 22:03:57 - __main__ - INFO - Input matrix with VQFPGTSEAYLKDMWIHCNR encoding is generated.
2026-06-17 22:05:28 - __main__ - INFO - VQFPGTSEAYLKDMWIHCNR encoding is done for binary task with:
	-custom
		-f1: 0.8271251193887297
		-auroc: 0.8165127690147285
	-resnet
		-f1: 0.8728323699421965
		-auroc: 0.8665009307338102
2026-06-17 22:05:28 - __main__ - INFO - Input matrix with VQFPGTSEAYLKDMWIHCNR encoding is removed.

2026-06-17 22:05:38 - __main__ - INFO - Input matrix with FPELMDASVQNRIYWCHGTK encoding is generated.
2026-06-17 22:07:09 - __main__ - INFO - FPELMDASVQNRIYWCHGTK encoding is done for binary task with:
	-custom
		-f1: 0.834307992202729
		-auroc: 0.8286449658730937
	-resnet
		-f1: 0.8708708708708709
		-auroc: 0.8714056529832468
2026-06-17 22:07:09 - __main__ - INFO - Input matrix with FPELMDASVQNRIYWCHGTK encoding is removed.

2026-06-17 22:07:18 - __main__ - INFO - Input matrix with EWDVPKAGFCSYHMRQLINT encoding is generated.
2026-06-17 22:08:48 - __main__ - INFO - EWDVPKAGFCSYHMRQLINT encoding is done for binary task with:
	-custom
		-f1: 0.8360189573459715
		-auroc: 0.8242198981091408
	-resnet
		-f1: 0.881860465116279
		-auroc: 0.8697829920642697
2026-06-17 22:08:48 - __main__ - INFO - Input matrix with EWDVPKAGFCSYHMRQLINT encoding is removed.

2026-06-17 22:08:57 - __main__ - INFO - Input matrix with VEWPSMFDGTAINCYQRLHK encoding is generated.
2026-06-17 22:10:27 - __main__ - INFO - VEWPSMFDGTAINCYQRLHK encoding is done for binary task with:
	-custom
		-f1: 0.8326923076923077
		-auroc: 0.8239280232520168
	-resnet
		-f1: 0.8651348651348651
		-auroc: 0.8652415825740504
2026-06-17 22:10:27 - __main__ - INFO - Input matrix with VEWPSMFDGTAINCYQRLHK encoding is removed.

2026-06-17 22:10:36 - __main__ - INFO - Input matrix with SVMLFQPDINAEGHYKWCRT encoding is generated.
2026-06-17 22:12:06 - __main__ - INFO - SVMLFQPDINAEGHYKWCRT encoding is done for binary task with:
	-custom
		-f1: 0.8370731707317073
		-auroc: 0.8317270010776917
	-resnet
		-f1: 0.8821428571428571
		-auroc: 0.8625677639528428
2026-06-17 22:12:06 - __main__ - INFO - Input matrix with SVMLFQPDINAEGHYKWCRT encoding is removed.

2026-06-17 22:12:16 - __main__ - INFO - Input matrix with NKYGAQRHLVTDSWMEPCIF encoding is generated.
2026-06-17 22:13:47 - __main__ - INFO - NKYGAQRHLVTDSWMEPCIF encoding is done for binary task with:
	-custom
		-f1: 0.8326771653543307
		-auroc: 0.8291246203585774
	-resnet
		-f1: 0.8950789229340761
		-auroc: 0.8838460533620718
2026-06-17 22:13:47 - __main__ - INFO - Input matrix with NKYGAQRHLVTDSWMEPCIF encoding is removed.

2026-06-17 22:13:56 - __main__ - INFO - Input matrix with SRGFLMDVTEKPAQYNWHIC encoding is generated.
2026-06-17 22:15:26 - __main__ - INFO - SRGFLMDVTEKPAQYNWHIC encoding is done for binary task with:
	-custom
		-f1: 0.8318924111431316
		-auroc: 0.8228687012181182
	-resnet
		-f1: 0.8753623188405797
		-auroc: 0.869678896835505
2026-06-17 22:15:26 - __main__ - INFO - Input matrix with SRGFLMDVTEKPAQYNWHIC encoding is removed.

2026-06-17 22:15:36 - __main__ - INFO - Input matrix with PRSGCTANKEVWDMHYLQFI encoding is generated.
2026-06-17 22:17:08 - __main__ - INFO - PRSGCTANKEVWDMHYLQFI encoding is done for binary task with:
	-custom
		-f1: 0.8269794721407625
		-auroc: 0.8217093661212893
	-resnet
		-f1: 0.8824626865671642
		-auroc: 0.8709382449952647
2026-06-17 22:17:08 - __main__ - INFO - Input matrix with PRSGCTANKEVWDMHYLQFI encoding is removed.

2026-06-17 22:17:17 - __main__ - INFO - Input matrix with CVATSKWEPLMDRQFINHYG encoding is generated.
2026-06-17 22:18:48 - __main__ - INFO - CVATSKWEPLMDRQFINHYG encoding is done for binary task with:
	-custom
		-f1: 0.8136882129277566
		-auroc: 0.8011025929917377
	-resnet
		-f1: 0.9040835707502374
		-auroc: 0.8971335031514319
2026-06-17 22:18:48 - __main__ - INFO - Input matrix with CVATSKWEPLMDRQFINHYG encoding is removed.

2026-06-17 22:18:57 - __main__ - INFO - Input matrix with YILVPNKFMQGSWHCARTDE encoding is generated.
2026-06-17 22:20:26 - __main__ - INFO - YILVPNKFMQGSWHCARTDE encoding is done for binary task with:
	-custom
		-f1: 0.8098391674550615
		-auroc: 0.795805982822246
	-resnet
		-f1: 0.8741328047571854
		-auroc: 0.8729487116684628
2026-06-17 22:20:26 - __main__ - INFO - Input matrix with YILVPNKFMQGSWHCARTDE encoding is removed.

2026-06-17 22:20:36 - __main__ - INFO - Input matrix with VHGSKFAMNCTELYDIRPWQ encoding is generated.
2026-06-17 22:22:07 - __main__ - INFO - VHGSKFAMNCTELYDIRPWQ encoding is done for binary task with:
	-custom
		-f1: 0.8264621284755513
		-auroc: 0.816704630808922
	-resnet
		-f1: 0.8735632183908046
		-auroc: 0.86621313804252
2026-06-17 22:22:07 - __main__ - INFO - Input matrix with VHGSKFAMNCTELYDIRPWQ encoding is removed.

2026-06-17 22:22:16 - __main__ - INFO - Input matrix with DYINFTVHCRSGMEQKALWP encoding is generated.
2026-06-17 22:23:45 - __main__ - INFO - DYINFTVHCRSGMEQKALWP encoding is done for binary task with:
	-custom
		-f1: 0.8160152526215443
		-auroc: 0.8042805590934325
	-resnet
		-f1: 0.8830188679245283
		-auroc: 0.873536543548545
2026-06-17 22:23:45 - __main__ - INFO - Input matrix with DYINFTVHCRSGMEQKALWP encoding is removed.

2026-06-17 22:23:54 - __main__ - INFO - Input matrix with SGEQTFARLNYMKHVICPDW encoding is generated.
2026-06-17 22:25:24 - __main__ - INFO - SGEQTFARLNYMKHVICPDW encoding is done for binary task with:
	-custom
		-f1: 0.8122605363984674
		-auroc: 0.8014863165801247
	-resnet
		-f1: 0.8534322820037106
		-auroc: 0.8382870415727769
2026-06-17 22:25:24 - __main__ - INFO - Input matrix with SGEQTFARLNYMKHVICPDW encoding is removed.

2026-06-17 22:25:33 - __main__ - INFO - Input matrix with MDCTKHAFGWELYIVRQSNP encoding is generated.
2026-06-17 22:27:02 - __main__ - INFO - MDCTKHAFGWELYIVRQSNP encoding is done for binary task with:
	-custom
		-f1: 0.8256704980842912
		-auroc: 0.8156453087750236
	-resnet
		-f1: 0.8765652951699463
		-auroc: 0.8565955553378402
2026-06-17 22:27:02 - __main__ - INFO - Input matrix with MDCTKHAFGWELYIVRQSNP encoding is removed.

2026-06-17 22:27:11 - __main__ - INFO - Input matrix with MFYPKCGTHNSIRAEWVDLQ encoding is generated.
2026-06-17 22:28:42 - __main__ - INFO - MFYPKCGTHNSIRAEWVDLQ encoding is done for binary task with:
	-custom
		-f1: 0.8261682242990654
		-auroc: 0.8103527807713661
	-resnet
		-f1: 0.8641251221896383
		-auroc: 0.8601409163645864
2026-06-17 22:28:42 - __main__ - INFO - Input matrix with MFYPKCGTHNSIRAEWVDLQ encoding is removed.

2026-06-17 22:28:51 - __main__ - INFO - Input matrix with KFMYENTLAWDHRPQGVSCI encoding is generated.
2026-06-17 22:30:22 - __main__ - INFO - KFMYENTLAWDHRPQGVSCI encoding is done for binary task with:
	-custom
		-f1: 0.8035019455252919
		-auroc: 0.7961856242447992
	-resnet
		-f1: 0.8603145235892692
		-auroc: 0.8452226413245811
2026-06-17 22:30:22 - __main__ - INFO - Input matrix with KFMYENTLAWDHRPQGVSCI encoding is removed.

2026-06-17 22:30:32 - __main__ - INFO - Input matrix with TSMVNDYHEIQCKFLGARWP encoding is generated.
2026-06-17 22:32:03 - __main__ - INFO - TSMVNDYHEIQCKFLGARWP encoding is done for binary task with:
	-custom
		-f1: 0.819672131147541
		-auroc: 0.8109242839881128
	-resnet
		-f1: 0.8667305848513902
		-auroc: 0.8591816073936187
2026-06-17 22:32:03 - __main__ - INFO - Input matrix with TSMVNDYHEIQCKFLGARWP encoding is removed.

2026-06-17 22:32:13 - __main__ - INFO - Input matrix with YRSDKFIPEQCHWMNTVGAL encoding is generated.
2026-06-17 22:33:44 - __main__ - INFO - YRSDKFIPEQCHWMNTVGAL encoding is done for binary task with:
	-custom
		-f1: 0.8215613382899628
		-auroc: 0.8039968485679762
	-resnet
		-f1: 0.8365791701947503
		-auroc: 0.7979491198850462
2026-06-17 22:33:44 - __main__ - INFO - Input matrix with YRSDKFIPEQCHWMNTVGAL encoding is removed.

2026-06-17 22:33:54 - __main__ - INFO - Input matrix with EKWSPTFRQYDINGMHALVC encoding is generated.
2026-06-17 22:35:23 - __main__ - INFO - EKWSPTFRQYDINGMHALVC encoding is done for binary task with:
	-custom
		-f1: 0.8106060606060606
		-auroc: 0.7968653048561445
	-resnet
		-f1: 0.8769230769230769
		-auroc: 0.8704504261781131
2026-06-17 22:35:23 - __main__ - INFO - Input matrix with EKWSPTFRQYDINGMHALVC encoding is removed.

2026-06-17 22:35:32 - __main__ - INFO - Input matrix with NHFMAESTDLGPYWQIKRVC encoding is generated.
2026-06-17 22:37:04 - __main__ - INFO - NHFMAESTDLGPYWQIKRVC encoding is done for binary task with:
	-custom
		-f1: 0.8330134357005758
		-auroc: 0.8238320923549197
	-resnet
		-f1: 0.8405797101449275
		-auroc: 0.8477045981515954
2026-06-17 22:37:04 - __main__ - INFO - Input matrix with NHFMAESTDLGPYWQIKRVC encoding is removed.

2026-06-17 22:37:14 - __main__ - INFO - Input matrix with WKTNPCLMDVYHFGERQASI encoding is generated.
2026-06-17 22:38:41 - __main__ - INFO - WKTNPCLMDVYHFGERQASI encoding is done for binary task with:
	-custom
		-f1: 0.8328502415458937
		-auroc: 0.8251792070801085
	-resnet
		-f1: 0.8768186226964112
		-auroc: 0.8718934718003983
2026-06-17 22:38:41 - __main__ - INFO - Input matrix with WKTNPCLMDVYHFGERQASI encoding is removed.

2026-06-17 22:38:50 - __main__ - INFO - Input matrix with WPEDKSLMNVRGHFICTQAY encoding is generated.
2026-06-17 22:40:21 - __main__ - INFO - WPEDKSLMNVRGHFICTQAY encoding is done for binary task with:
	-custom
		-f1: 0.831858407079646
		-auroc: 0.8280652983246791
	-resnet
		-f1: 0.8801498127340824
		-auroc: 0.8691073936187583
2026-06-17 22:40:21 - __main__ - INFO - Input matrix with WPEDKSLMNVRGHFICTQAY encoding is removed.

2026-06-17 22:40:31 - __main__ - INFO - Input matrix with KMNQGALTPVCDFWYERSIH encoding is generated.
2026-06-17 22:42:02 - __main__ - INFO - KMNQGALTPVCDFWYERSIH encoding is done for binary task with:
	-custom
		-f1: 0.833648393194707
		-auroc: 0.8210419320074458
	-resnet
		-f1: 0.8854667949951877
		-auroc: 0.8796006008948108
2026-06-17 22:42:02 - __main__ - INFO - Input matrix with KMNQGALTPVCDFWYERSIH encoding is removed.

2026-06-17 22:42:11 - __main__ - INFO - Input matrix with TDSPVYMEQCGFRNKWALHI encoding is generated.
2026-06-17 22:43:42 - __main__ - INFO - TDSPVYMEQCGFRNKWALHI encoding is done for binary task with:
	-custom
		-f1: 0.8369876072449952
		-auroc: 0.8265304039711309
	-resnet
		-f1: 0.8847290640394089
		-auroc: 0.8827744848306718
2026-06-17 22:43:42 - __main__ - INFO - Input matrix with TDSPVYMEQCGFRNKWALHI encoding is removed.

2026-06-17 22:43:52 - __main__ - INFO - Input matrix with CVATDHSPGKYWNQMEIRFL encoding is generated.
2026-06-17 22:45:20 - __main__ - INFO - CVATDHSPGKYWNQMEIRFL encoding is done for binary task with:
	-custom
		-f1: 0.8273244781783681
		-auroc: 0.8151656542895399
	-resnet
		-f1: 0.8760643330179754
		-auroc: 0.8666009437967407
2026-06-17 22:45:20 - __main__ - INFO - Input matrix with CVATDHSPGKYWNQMEIRFL encoding is removed.

2026-06-17 22:45:29 - __main__ - INFO - Input matrix with GMIAHPTCYEQKNDFLVWSR encoding is generated.
2026-06-17 22:46:51 - __main__ - INFO - GMIAHPTCYEQKNDFLVWSR encoding is done for binary task with:
	-custom
		-f1: 0.8305905130687319
		-auroc: 0.8232524248065054
	-resnet
		-f1: 0.8800773694390716
		-auroc: 0.874783645210803
2026-06-17 22:46:51 - __main__ - INFO - Input matrix with GMIAHPTCYEQKNDFLVWSR encoding is removed.

2026-06-17 22:47:01 - __main__ - INFO - Input matrix with QWRCNGDAEHVPLYMSKIFT encoding is generated.
2026-06-17 22:48:24 - __main__ - INFO - QWRCNGDAEHVPLYMSKIFT encoding is done for binary task with:
	-custom
		-f1: 0.8179162609542356
		-auroc: 0.8114039384735966
	-resnet
		-f1: 0.8788159111933395
		-auroc: 0.8654497730315797
2026-06-17 22:48:24 - __main__ - INFO - Input matrix with QWRCNGDAEHVPLYMSKIFT encoding is removed.

2026-06-17 22:48:34 - __main__ - INFO - Input matrix with HVQLMYRWFTADICKNESPG encoding is generated.
2026-06-17 22:49:55 - __main__ - INFO - HVQLMYRWFTADICKNESPG encoding is done for binary task with:
	-custom
		-f1: 0.8302972195589645
		-auroc: 0.8207500571503217
	-resnet
		-f1: 0.8713450292397661
		-auroc: 0.8670765161163908
2026-06-17 22:49:55 - __main__ - INFO - Input matrix with HVQLMYRWFTADICKNESPG encoding is removed.

2026-06-17 22:50:05 - __main__ - INFO - Input matrix with RGQILDNKPYAVECMFWHST encoding is generated.
2026-06-17 22:51:26 - __main__ - INFO - RGQILDNKPYAVECMFWHST encoding is done for binary task with:
	-custom
		-f1: 0.8123791102514507
		-auroc: 0.8039886842363084
	-resnet
		-f1: 0.8767123287671232
		-auroc: 0.8607328304105025
2026-06-17 22:51:26 - __main__ - INFO - Input matrix with RGQILDNKPYAVECMFWHST encoding is removed.

2026-06-17 22:51:35 - __main__ - INFO - Input matrix with PNMHLGSDVWKCYEARQFTI encoding is generated.
2026-06-17 22:52:57 - __main__ - INFO - PNMHLGSDVWKCYEARQFTI encoding is done for binary task with:
	-custom
		-f1: 0.8184438040345822
		-auroc: 0.8087097090232194
	-resnet
		-f1: 0.8848015488867377
		-auroc: 0.879888393586101
2026-06-17 22:52:57 - __main__ - INFO - Input matrix with PNMHLGSDVWKCYEARQFTI encoding is removed.

2026-06-17 22:53:07 - __main__ - INFO - Input matrix with DKQIHYRCMNSTLFAVWPEG encoding is generated.
2026-06-17 22:54:29 - __main__ - INFO - DKQIHYRCMNSTLFAVWPEG encoding is done for binary task with:
	-custom
		-f1: 0.8331726133076182
		-auroc: 0.8250832761830117
	-resnet
		-f1: 0.8763837638376384
		-auroc: 0.8622718069298848
2026-06-17 22:54:29 - __main__ - INFO - Input matrix with DKQIHYRCMNSTLFAVWPEG encoding is removed.

2026-06-17 22:54:38 - __main__ - INFO - Input matrix with INTGQSHVPFWRMYKALDCE encoding is generated.
2026-06-17 22:56:00 - __main__ - INFO - INTGQSHVPFWRMYKALDCE encoding is done for binary task with:
	-custom
		-f1: 0.8283796740172579
		-auroc: 0.8187273439796219
	-resnet
		-f1: 0.8757062146892656
		-auroc: 0.865349759968649
2026-06-17 22:56:00 - __main__ - INFO - Input matrix with INTGQSHVPFWRMYKALDCE encoding is removed.

2026-06-17 22:56:10 - __main__ - INFO - Input matrix with PAWHSCNGTLMDYQRVKFEI encoding is generated.
2026-06-17 22:57:31 - __main__ - INFO - PAWHSCNGTLMDYQRVKFEI encoding is done for binary task with:
	-custom
		-f1: 0.8287081339712918
		-auroc: 0.8186314130825251
	-resnet
		-f1: 0.864321608040201
		-auroc: 0.8655293752653408
2026-06-17 22:57:31 - __main__ - INFO - Input matrix with PAWHSCNGTLMDYQRVKFEI encoding is removed.

2026-06-17 22:57:41 - __main__ - INFO - Input matrix with AQEGMRCYTNFISVLKDPWH encoding is generated.
2026-06-17 22:59:03 - __main__ - INFO - AQEGMRCYTNFISVLKDPWH encoding is done for binary task with:
	-custom
		-f1: 0.8276515151515151
		-auroc: 0.8150697233924431
	-resnet
		-f1: 0.8853383458646616
		-auroc: 0.8753673949250514
2026-06-17 22:59:03 - __main__ - INFO - Input matrix with AQEGMRCYTNFISVLKDPWH encoding is removed.

2026-06-17 22:59:12 - __main__ - INFO - Input matrix with GAQKTRSIYCFEMHVWPNDL encoding is generated.
2026-06-17 23:00:34 - __main__ - INFO - GAQKTRSIYCFEMHVWPNDL encoding is done for binary task with:
	-custom
		-f1: 0.8393881453154876
		-auroc: 0.8297083700728258
	-resnet
		-f1: 0.8511966701352758
		-auroc: 0.8590693478331862
2026-06-17 23:00:34 - __main__ - INFO - Input matrix with GAQKTRSIYCFEMHVWPNDL encoding is removed.

2026-06-17 23:00:43 - __main__ - INFO - Input matrix with HLECNSGPVFIAMWTRKDYQ encoding is generated.
2026-06-17 23:02:05 - __main__ - INFO - HLECNSGPVFIAMWTRKDYQ encoding is done for binary task with:
	-custom
		-f1: 0.8334937439846006
		-auroc: 0.8249873452859149
	-resnet
		-f1: 0.8624014022787029
		-auroc: 0.8362765748995789
2026-06-17 23:02:05 - __main__ - INFO - Input matrix with HLECNSGPVFIAMWTRKDYQ encoding is removed.

2026-06-17 23:02:15 - __main__ - INFO - Input matrix with SIAHDMLNRFKVGPQYETWC encoding is generated.
2026-06-17 23:03:37 - __main__ - INFO - SIAHDMLNRFKVGPQYETWC encoding is done for binary task with:
	-custom
		-f1: 0.8137535816618912
		-auroc: 0.8023537768198296
	-resnet
		-f1: 0.87279843444227
		-auroc: 0.8692910910812841
2026-06-17 23:03:37 - __main__ - INFO - Input matrix with SIAHDMLNRFKVGPQYETWC encoding is removed.

2026-06-17 23:03:46 - __main__ - INFO - Input matrix with AKGDWTHFIYMSERCVQNPL encoding is generated.
2026-06-17 23:05:08 - __main__ - INFO - AKGDWTHFIYMSERCVQNPL encoding is done for binary task with:
	-custom
		-f1: 0.8276515151515151
		-auroc: 0.8150697233924431
	-resnet
		-f1: 0.8553345388788427
		-auroc: 0.8349212958427223
2026-06-17 23:05:08 - __main__ - INFO - Input matrix with AKGDWTHFIYMSERCVQNPL encoding is removed.

2026-06-17 23:05:18 - __main__ - INFO - Input matrix with QSPECYGRALIWDTNKHMFV encoding is generated.
2026-06-17 23:06:38 - __main__ - INFO - QSPECYGRALIWDTNKHMFV encoding is done for binary task with:
	-custom
		-f1: 0.8210116731517509
		-auroc: 0.8143900427810978
	-resnet
		-f1: 0.863716814159292
		-auroc: 0.8398382645896606
2026-06-17 23:06:38 - __main__ - INFO - Input matrix with QSPECYGRALIWDTNKHMFV encoding is removed.

2026-06-17 23:06:48 - __main__ - INFO - Input matrix with MHWFGARYITQLKCDEVSNP encoding is generated.
2026-06-17 23:08:10 - __main__ - INFO - MHWFGARYITQLKCDEVSNP encoding is done for binary task with:
	-custom
		-f1: 0.8112676056338028
		-auroc: 0.7954222592338591
	-resnet
		-f1: 0.8846153846153846
		-auroc: 0.8699789360242971
2026-06-17 23:08:10 - __main__ - INFO - Input matrix with MHWFGARYITQLKCDEVSNP encoding is removed.

2026-06-17 23:08:19 - __main__ - INFO - Input matrix with IHNEQGRCYFDTKLPAVMSW encoding is generated.
2026-06-17 23:09:41 - __main__ - INFO - IHNEQGRCYFDTKLPAVMSW encoding is done for binary task with:
	-custom
		-f1: 0.8140214216163584
		-auroc: 0.8073585121321969
	-resnet
		-f1: 0.8417721518987342
		-auroc: 0.8526134025668659
2026-06-17 23:09:41 - __main__ - INFO - Input matrix with IHNEQGRCYFDTKLPAVMSW encoding is removed.

2026-06-17 23:09:50 - __main__ - INFO - Input matrix with FEHVQIPGTSDLWCRKYMAN encoding is generated.
2026-06-17 23:11:13 - __main__ - INFO - FEHVQIPGTSDLWCRKYMAN encoding is done for binary task with:
	-custom
		-f1: 0.8432122370936902
		-auroc: 0.8337537964142255
	-resnet
		-f1: 0.8796296296296297
		-auroc: 0.866509095065478
2026-06-17 23:11:13 - __main__ - INFO - Input matrix with FEHVQIPGTSDLWCRKYMAN encoding is removed.

2026-06-17 23:11:23 - __main__ - INFO - Input matrix with SKLAGWFMQVHERNYPDCTI encoding is generated.
2026-06-17 23:12:44 - __main__ - INFO - SKLAGWFMQVHERNYPDCTI encoding is done for binary task with:
	-custom
		-f1: 0.8285714285714286
		-auroc: 0.8173802292544331
	-resnet
		-f1: 0.8759541984732825
		-auroc: 0.8680439894190259
2026-06-17 23:12:44 - __main__ - INFO - Input matrix with SKLAGWFMQVHERNYPDCTI encoding is removed.

2026-06-17 23:12:54 - __main__ - INFO - Input matrix with GWNEVQLSIDATKYFPRMCH encoding is generated.
2026-06-17 23:14:16 - __main__ - INFO - GWNEVQLSIDATKYFPRMCH encoding is done for binary task with:
	-custom
		-f1: 0.803073967339097
		-auroc: 0.7925280036576207
	-resnet
		-f1: 0.8874296435272045
		-auroc: 0.8772941771986545
2026-06-17 23:14:16 - __main__ - INFO - Input matrix with GWNEVQLSIDATKYFPRMCH encoding is removed.

2026-06-17 23:14:26 - __main__ - INFO - Input matrix with GKISLDYVWPTEQRHNCFAM encoding is generated.
2026-06-17 23:15:48 - __main__ - INFO - GKISLDYVWPTEQRHNCFAM encoding is done for binary task with:
	-custom
		-f1: 0.828169014084507
		-auroc: 0.8136266777701577
	-resnet
		-f1: 0.8819512195121951
		-auroc: 0.8782494040037881
2026-06-17 23:15:48 - __main__ - INFO - Input matrix with GKISLDYVWPTEQRHNCFAM encoding is removed.

2026-06-17 23:15:57 - __main__ - INFO - Input matrix with LKNYAWVPTIDERGQCHFSM encoding is generated.
2026-06-17 23:17:20 - __main__ - INFO - LKNYAWVPTIDERGQCHFSM encoding is done for binary task with:
	-custom
		-f1: 0.8409756097560975
		-auroc: 0.8357724274190914
	-resnet
		-f1: 0.8518134715025907
		-auroc: 0.8588774860389927
2026-06-17 23:17:20 - __main__ - INFO - Input matrix with LKNYAWVPTIDERGQCHFSM encoding is removed.

2026-06-17 23:17:29 - __main__ - INFO - Input matrix with AENPVFCHQSIWKTGRYDML encoding is generated.
2026-06-17 23:18:51 - __main__ - INFO - AENPVFCHQSIWKTGRYDML encoding is done for binary task with:
	-custom
		-f1: 0.8115384615384615
		-auroc: 0.8016781783743182
	-resnet
		-f1: 0.8600201409869084
		-auroc: 0.8615798798210379
2026-06-17 23:18:51 - __main__ - INFO - Input matrix with AENPVFCHQSIWKTGRYDML encoding is removed.

2026-06-17 23:19:00 - __main__ - INFO - Input matrix with YLFMSEQGVICAHDKRNWTP encoding is generated.
2026-06-17 23:20:22 - __main__ - INFO - YLFMSEQGVICAHDKRNWTP encoding is done for binary task with:
	-custom
		-f1: 0.8184438040345822
		-auroc: 0.8087097090232194
	-resnet
		-f1: 0.8829174664107485
		-auroc: 0.8764226347931159
2026-06-17 23:20:22 - __main__ - INFO - Input matrix with YLFMSEQGVICAHDKRNWTP encoding is removed.

2026-06-17 23:20:32 - __main__ - INFO - Input matrix with YKWQSFACMNPIERGHTDVL encoding is generated.
2026-06-17 23:21:54 - __main__ - INFO - YKWQSFACMNPIERGHTDVL encoding is done for binary task with:
	-custom
		-f1: 0.8035190615835777
		-auroc: 0.7974368080728911
	-resnet
		-f1: 0.8627450980392157
		-auroc: 0.8402219881780478
2026-06-17 23:21:54 - __main__ - INFO - Input matrix with YKWQSFACMNPIERGHTDVL encoding is removed.

2026-06-17 23:22:03 - __main__ - INFO - Input matrix with GVYQFWDALMSEIKNRPTHC encoding is generated.
2026-06-17 23:23:25 - __main__ - INFO - GVYQFWDALMSEIKNRPTHC encoding is done for binary task with:
	-custom
		-f1: 0.8228571428571428
		-auroc: 0.8113120897423337
	-resnet
		-f1: 0.8616740088105727
		-auroc: 0.8365643675908689
2026-06-17 23:23:25 - __main__ - INFO - Input matrix with GVYQFWDALMSEIKNRPTHC encoding is removed.

2026-06-17 23:23:35 - __main__ - INFO - Input matrix with EVCTGWDLYQFIRKHMNSPA encoding is generated.
2026-06-17 23:24:57 - __main__ - INFO - EVCTGWDLYQFIRKHMNSPA encoding is done for binary task with:
	-custom
		-f1: 0.8080229226361032
		-auroc: 0.79628563730773
	-resnet
		-f1: 0.8717454194792671
		-auroc: 0.8655375395970086
2026-06-17 23:24:57 - __main__ - INFO - Input matrix with EVCTGWDLYQFIRKHMNSPA encoding is removed.

2026-06-17 23:25:06 - __main__ - INFO - Input matrix with KYNGDHIFESLQPWTCARVM encoding is generated.
2026-06-17 23:26:28 - __main__ - INFO - KYNGDHIFESLQPWTCARVM encoding is done for binary task with:
	-custom
		-f1: 0.8042635658914729
		-auroc: 0.7959937624506057
	-resnet
		-f1: 0.8868101028999065
		-auroc: 0.8761389242676594
2026-06-17 23:26:28 - __main__ - INFO - Input matrix with KYNGDHIFESLQPWTCARVM encoding is removed.

2026-06-17 23:26:38 - __main__ - INFO - Input matrix with KPQHLCSGNTAERDYVMIWF encoding is generated.
2026-06-17 23:27:59 - __main__ - INFO - KPQHLCSGNTAERDYVMIWF encoding is done for binary task with:
	-custom
		-f1: 0.8227611940298507
		-auroc: 0.8062114235328696
	-resnet
		-f1: 0.8747514910536779
		-auroc: 0.8741039645994579
2026-06-17 23:27:59 - __main__ - INFO - Input matrix with KPQHLCSGNTAERDYVMIWF encoding is removed.

2026-06-17 23:28:09 - __main__ - INFO - Input matrix with SFKDEMPYCNHVTILGWRAQ encoding is generated.
2026-06-17 23:29:31 - __main__ - INFO - SFKDEMPYCNHVTILGWRAQ encoding is done for binary task with:
	-custom
		-f1: 0.8188679245283019
		-auroc: 0.8047642957447504
	-resnet
		-f1: 0.8627450980392157
		-auroc: 0.8592734561248816
2026-06-17 23:29:31 - __main__ - INFO - Input matrix with SFKDEMPYCNHVTILGWRAQ encoding is removed.

2026-06-17 23:29:40 - __main__ - INFO - Input matrix with ILQYNMPVWTSCHEDRKAFG encoding is generated.
2026-06-17 23:31:02 - __main__ - INFO - ILQYNMPVWTSCHEDRKAFG encoding is done for binary task with:
	-custom
		-f1: 0.8372530573847601
		-auroc: 0.8238361745207538
	-resnet
		-f1: 0.8778625954198473
		-auroc: 0.8700667025897262
2026-06-17 23:31:02 - __main__ - INFO - Input matrix with ILQYNMPVWTSCHEDRKAFG encoding is removed.

2026-06-17 23:31:12 - __main__ - INFO - Input matrix with NTWKVIPHAFLQCSYGEMDR encoding is generated.
2026-06-17 23:32:34 - __main__ - INFO - NTWKVIPHAFLQCSYGEMDR encoding is done for binary task with:
	-custom
		-f1: 0.8272552783109405
		-auroc: 0.8177639528428202
	-resnet
		-f1: 0.8829174664107485
		-auroc: 0.8764226347931159
2026-06-17 23:32:34 - __main__ - INFO - Input matrix with NTWKVIPHAFLQCSYGEMDR encoding is removed.

2026-06-17 23:32:43 - __main__ - INFO - Input matrix with IRQFYTLWCGDVKMENASHP encoding is generated.
2026-06-17 23:34:04 - __main__ - INFO - IRQFYTLWCGDVKMENASHP encoding is done for binary task with:
	-custom
		-f1: 0.8385864374403056
		-auroc: 0.8286490480389274
	-resnet
		-f1: 0.8732394366197183
		-auroc: 0.8496640377518696
2026-06-17 23:34:04 - __main__ - INFO - Input matrix with IRQFYTLWCGDVKMENASHP encoding is removed.

2026-06-17 23:34:14 - __main__ - INFO - Input matrix with MWASERKLNPYQFCVGTHID encoding is generated.
2026-06-17 23:35:37 - __main__ - INFO - MWASERKLNPYQFCVGTHID encoding is done for binary task with:
	-custom
		-f1: 0.8072866730584851
		-auroc: 0.7964774991019236
	-resnet
		-f1: 0.889943074003795
		-auroc: 0.8819151889226349
2026-06-17 23:35:37 - __main__ - INFO - Input matrix with MWASERKLNPYQFCVGTHID encoding is removed.

2026-06-17 23:35:46 - __main__ - INFO - Input matrix with RKDNYQVASGWELCMFIHTP encoding is generated.
2026-06-17 23:37:07 - __main__ - INFO - RKDNYQVASGWELCMFIHTP encoding is done for binary task with:
	-custom
		-f1: 0.8060836501901141
		-auroc: 0.7930117403089384
	-resnet
		-f1: 0.8645937813440321
		-auroc: 0.8654334443682441
2026-06-17 23:37:07 - __main__ - INFO - Input matrix with RKDNYQVASGWELCMFIHTP encoding is removed.

2026-06-17 23:37:17 - __main__ - INFO - Input matrix with HCSGLPWTFEADRNKVMIQY encoding is generated.
2026-06-17 23:38:39 - __main__ - INFO - HCSGLPWTFEADRNKVMIQY encoding is done for binary task with:
	-custom
		-f1: 0.8225190839694656
		-auroc: 0.8114080206394305
	-resnet
		-f1: 0.8606403013182674
		-auroc: 0.8491680546030502
2026-06-17 23:38:39 - __main__ - INFO - Input matrix with HCSGLPWTFEADRNKVMIQY encoding is removed.

2026-06-17 23:38:49 - __main__ - INFO - Input matrix with NTDWMYICSFLRKAGVQPEH encoding is generated.
2026-06-17 23:40:11 - __main__ - INFO - NTDWMYICSFLRKAGVQPEH encoding is done for binary task with:
	-custom
		-f1: 0.8233009708737864
		-auroc: 0.8163168250547008
	-resnet
		-f1: 0.8664047151277013
		-auroc: 0.863414813363378
2026-06-17 23:40:11 - __main__ - INFO - Input matrix with NTDWMYICSFLRKAGVQPEH encoding is removed.

2026-06-17 23:40:20 - __main__ - INFO - Input matrix with GRYPVQHFLDMKAIEWNSCT encoding is generated.
2026-06-17 23:41:42 - __main__ - INFO - GRYPVQHFLDMKAIEWNSCT encoding is done for binary task with:
	-custom
		-f1: 0.8011527377521613
		-auroc: 0.7905052904869208
	-resnet
		-f1: 0.8795298726738492
		-auroc: 0.8764185526272819
2026-06-17 23:41:42 - __main__ - INFO - Input matrix with GRYPVQHFLDMKAIEWNSCT encoding is removed.

2026-06-17 23:41:52 - __main__ - INFO - Input matrix with SPKDCEMNGAWTYHRQLFVI encoding is generated.
2026-06-17 23:43:14 - __main__ - INFO - SPKDCEMNGAWTYHRQLFVI encoding is done for binary task with:
	-custom
		-f1: 0.8011928429423459
		-auroc: 0.7992635772835636
	-resnet
		-f1: 0.8528896672504378
		-auroc: 0.8251036870121811
2026-06-17 23:43:14 - __main__ - INFO - Input matrix with SPKDCEMNGAWTYHRQLFVI encoding is removed.

2026-06-17 23:43:23 - __main__ - INFO - Input matrix with LSCKMVPFQDHNGYTWRIAE encoding is generated.
2026-06-17 23:44:45 - __main__ - INFO - LSCKMVPFQDHNGYTWRIAE encoding is done for binary task with:
	-custom
		-f1: 0.8193236714975846
		-auroc: 0.8110202148852095
	-resnet
		-f1: 0.8782771535580525
		-auroc: 0.8670846804480585
2026-06-17 23:44:45 - __main__ - INFO - Input matrix with LSCKMVPFQDHNGYTWRIAE encoding is removed.

2026-06-17 23:44:55 - __main__ - INFO - Input matrix with NDYWSLTARKQFVEMHCIGP encoding is generated.
2026-06-17 23:46:19 - __main__ - INFO - NDYWSLTARKQFVEMHCIGP encoding is done for binary task with:
	-custom
		-f1: 0.8249027237354085
		-auroc: 0.8184354691224976
	-resnet
		-f1: 0.8696479543292103
		-auroc: 0.8608205969759316
2026-06-17 23:46:19 - __main__ - INFO - Input matrix with NDYWSLTARKQFVEMHCIGP encoding is removed.

2026-06-17 23:46:28 - __main__ - INFO - Input matrix with ESQNLGYPWDMKATIVFHRC encoding is generated.
2026-06-17 23:47:50 - __main__ - INFO - ESQNLGYPWDMKATIVFHRC encoding is done for binary task with:
	-custom
		-f1: 0.8152380952380952
		-auroc: 0.8032212370595343
	-resnet
		-f1: 0.7939053728949479
		-auroc: 0.7300565788184579
2026-06-17 23:47:50 - __main__ - INFO - Input matrix with ESQNLGYPWDMKATIVFHRC encoding is removed.

2026-06-17 23:47:59 - __main__ - INFO - Input matrix with NYRALKCFETHQDIPMGVWS encoding is generated.
2026-06-17 23:49:21 - __main__ - INFO - NYRALKCFETHQDIPMGVWS encoding is done for binary task with:
	-custom
		-f1: 0.8267182962245886
		-auroc: 0.8192069984651057
	-resnet
		-f1: 0.87776708373436
		-auroc: 0.8715097482120114
2026-06-17 23:49:21 - __main__ - INFO - Input matrix with NYRALKCFETHQDIPMGVWS encoding is removed.

2026-06-17 23:49:31 - __main__ - INFO - Input matrix with CTDLNIEQFYSAMRKWPVHG encoding is generated.
2026-06-17 23:50:54 - __main__ - INFO - CTDLNIEQFYSAMRKWPVHG encoding is done for binary task with:
	-custom
		-f1: 0.8291746641074856
		-auroc: 0.8197866660135201
	-resnet
		-f1: 0.8352422907488987
		-auroc: 0.8062236700303712
2026-06-17 23:50:54 - __main__ - INFO - Input matrix with CTDLNIEQFYSAMRKWPVHG encoding is removed.

2026-06-17 23:51:03 - __main__ - INFO - Input matrix with LGSPCNARTVYEKMIWHDFQ encoding is generated.
2026-06-17 23:52:25 - __main__ - INFO - LGSPCNARTVYEKMIWHDFQ encoding is done for binary task with:
	-custom
		-f1: 0.8156097560975609
		-auroc: 0.8094771561999935
	-resnet
		-f1: 0.8692307692307693
		-auroc: 0.8623595734953138
2026-06-17 23:52:25 - __main__ - INFO - Input matrix with LGSPCNARTVYEKMIWHDFQ encoding is removed.

2026-06-17 23:52:35 - __main__ - INFO - Input matrix with FCVSELNTHIYARPWMQKDG encoding is generated.
2026-06-17 23:53:57 - __main__ - INFO - FCVSELNTHIYARPWMQKDG encoding is done for binary task with:
	-custom
		-f1: 0.8185255198487713
		-auroc: 0.804860226641847
	-resnet
		-f1: 0.871306005719733
		-auroc: 0.8629392410437281
2026-06-17 23:53:57 - __main__ - INFO - Input matrix with FCVSELNTHIYARPWMQKDG encoding is removed.

2026-06-17 23:54:07 - __main__ - INFO - Input matrix with QCEIGHPVMWFRLYSKTNAD encoding is generated.
2026-06-17 23:55:29 - __main__ - INFO - QCEIGHPVMWFRLYSKTNAD encoding is done for binary task with:
	-custom
		-f1: 0.826044703595724
		-auroc: 0.8193988602592993
	-resnet
		-f1: 0.8453237410071942
		-auroc: 0.8224972241272329
2026-06-17 23:55:29 - __main__ - INFO - Input matrix with QCEIGHPVMWFRLYSKTNAD encoding is removed.

2026-06-17 23:55:38 - __main__ - INFO - Input matrix with KGLTWCFRMPHQANSEYVID encoding is generated.
2026-06-17 23:57:00 - __main__ - INFO - KGLTWCFRMPHQANSEYVID encoding is done for binary task with:
	-custom
		-f1: 0.8386491557223265
		-auroc: 0.8247036347604585
	-resnet
		-f1: 0.8692449355432781
		-auroc: 0.8540850233499885
2026-06-17 23:57:00 - __main__ - INFO - Input matrix with KGLTWCFRMPHQANSEYVID encoding is removed.

2026-06-17 23:57:10 - __main__ - INFO - Input matrix with NWLFACVDETQKRHYPISGM encoding is generated.
2026-06-17 23:58:32 - __main__ - INFO - NWLFACVDETQKRHYPISGM encoding is done for binary task with:
	-custom
		-f1: 0.8211920529801324
		-auroc: 0.8079422618464452
	-resnet
		-f1: 0.8806262230919765
		-auroc: 0.8773819437640834
2026-06-17 23:58:32 - __main__ - INFO - Input matrix with NWLFACVDETQKRHYPISGM encoding is removed.

2026-06-17 23:58:42 - __main__ - INFO - Input matrix with PQVDSGKTHLNYWRACEMFI encoding is generated.
2026-06-18 00:00:06 - __main__ - INFO - PQVDSGKTHLNYWRACEMFI encoding is done for binary task with:
	-custom
		-f1: 0.8387096774193549
		-auroc: 0.8273019333137388
	-resnet
		-f1: 0.8611111111111112
		-auroc: 0.8598490415074621
2026-06-18 00:00:06 - __main__ - INFO - Input matrix with PQVDSGKTHLNYWRACEMFI encoding is removed.

2026-06-18 00:00:15 - __main__ - INFO - Input matrix with EKPVDMISTNGAWYHQFCLR encoding is generated.
2026-06-18 00:01:37 - __main__ - INFO - EKPVDMISTNGAWYHQFCLR encoding is done for binary task with:
	-custom
		-f1: 0.8120740019474196
		-auroc: 0.805335798961497
	-resnet
		-f1: 0.8466257668711656
		-auroc: 0.8180721563632801
2026-06-18 00:01:37 - __main__ - INFO - Input matrix with EKPVDMISTNGAWYHQFCLR encoding is removed.

2026-06-18 00:01:47 - __main__ - INFO - Input matrix with YGFEKQNHMLWRCPDIATVS encoding is generated.
2026-06-18 00:03:09 - __main__ - INFO - YGFEKQNHMLWRCPDIATVS encoding is done for binary task with:
	-custom
		-f1: 0.8204633204633205
		-auroc: 0.811983606022011
	-resnet
		-f1: 0.8845070422535212
		-auroc: 0.8743080728911531
2026-06-18 00:03:09 - __main__ - INFO - Input matrix with YGFEKQNHMLWRCPDIATVS encoding is removed.

2026-06-18 00:03:19 - __main__ - INFO - Input matrix with PYTSEQRWGKHFLNVMIACD encoding is generated.
2026-06-18 00:04:42 - __main__ - INFO - PYTSEQRWGKHFLNVMIACD encoding is done for binary task with:
	-custom
		-f1: 0.8099808061420346
		-auroc: 0.7995595343065216
	-resnet
		-f1: 0.8651348651348651
		-auroc: 0.8652415825740504
2026-06-18 00:04:42 - __main__ - INFO - Input matrix with PYTSEQRWGKHFLNVMIACD encoding is removed.

2026-06-18 00:04:51 - __main__ - INFO - Input matrix with IEKGMRSYDACVNHPQTFWL encoding is generated.
2026-06-18 00:06:13 - __main__ - INFO - IEKGMRSYDACVNHPQTFWL encoding is done for binary task with:
	-custom
		-f1: 0.8145240431795878
		-auroc: 0.8097649488912837
	-resnet
		-f1: 0.876604146100691
		-auroc: 0.8747795630449692
2026-06-18 00:06:13 - __main__ - INFO - Input matrix with IEKGMRSYDACVNHPQTFWL encoding is removed.

2026-06-18 00:06:23 - __main__ - INFO - Input matrix with GPQLDTWRNCMAIFHSKVYE encoding is generated.
2026-06-18 00:07:45 - __main__ - INFO - GPQLDTWRNCMAIFHSKVYE encoding is done for binary task with:
	-custom
		-f1: 0.8202137998056366
		-auroc: 0.8133307207471996
	-resnet
		-f1: 0.8689275893675527
		-auroc: 0.8528338395218966
2026-06-18 00:07:45 - __main__ - INFO - Input matrix with GPQLDTWRNCMAIFHSKVYE encoding is removed.

2026-06-18 00:07:55 - __main__ - INFO - Input matrix with TEILKSNFCYVGAPHWQDRM encoding is generated.
2026-06-18 00:09:17 - __main__ - INFO - TEILKSNFCYVGAPHWQDRM encoding is done for binary task with:
	-custom
		-f1: 0.8179218303145853
		-auroc: 0.8063032722641325
	-resnet
		-f1: 0.8886810102899907
		-auroc: 0.8781616374383594
2026-06-18 00:09:17 - __main__ - INFO - Input matrix with TEILKSNFCYVGAPHWQDRM encoding is removed.

2026-06-18 00:09:26 - __main__ - INFO - Input matrix with GHCFDMKQNWPETYILSRAV encoding is generated.
2026-06-18 00:10:48 - __main__ - INFO - GHCFDMKQNWPETYILSRAV encoding is done for binary task with:
	-custom
		-f1: 0.8325358851674641
		-auroc: 0.8226768394239247
	-resnet
		-f1: 0.8764478764478765
		-auroc: 0.8706422879723066
2026-06-18 00:10:48 - __main__ - INFO - Input matrix with GHCFDMKQNWPETYILSRAV encoding is removed.

2026-06-18 00:10:58 - __main__ - INFO - Input matrix with QYFPMVDKCESRGITLHAWN encoding is generated.
2026-06-18 00:12:20 - __main__ - INFO - QYFPMVDKCESRGITLHAWN encoding is done for binary task with:
	-custom
		-f1: 0.8214971209213052
		-auroc: 0.8116958133307207
	-resnet
		-f1: 0.851363236587511
		-auroc: 0.8243321576695732
2026-06-18 00:12:20 - __main__ - INFO - Input matrix with QYFPMVDKCESRGITLHAWN encoding is removed.

2026-06-18 00:12:30 - __main__ - INFO - Input matrix with LFGTPEYMIQKRDSHVANWC encoding is generated.
2026-06-18 00:13:52 - __main__ - INFO - LFGTPEYMIQKRDSHVANWC encoding is done for binary task with:
	-custom
		-f1: 0.826171875
		-auroc: 0.8206500440873911
	-resnet
		-f1: 0.8058252427184466
		-auroc: 0.7477772607034388
2026-06-18 00:13:52 - __main__ - INFO - Input matrix with LFGTPEYMIQKRDSHVANWC encoding is removed.

2026-06-18 00:14:01 - __main__ - INFO - Input matrix with KEQFDNSLCHRWAPGMYTIV encoding is generated.
2026-06-18 00:15:23 - __main__ - INFO - KEQFDNSLCHRWAPGMYTIV encoding is done for binary task with:
	-custom
		-f1: 0.833170731707317
		-auroc: 0.8276815747362921
	-resnet
		-f1: 0.858908341915551
		-auroc: 0.864657832859802
2026-06-18 00:15:23 - __main__ - INFO - Input matrix with KEQFDNSLCHRWAPGMYTIV encoding is removed.

2026-06-18 00:15:33 - __main__ - INFO - Input matrix with LPVYHSDKCAGINMWRQETF encoding is generated.
2026-06-18 00:16:53 - __main__ - INFO - LPVYHSDKCAGINMWRQETF encoding is done for binary task with:
	-custom
		-f1: 0.8023833167825224
		-auroc: 0.8002269684203651
	-resnet
		-f1: 0.8756855575868373
		-auroc: 0.859769439273701
2026-06-18 00:16:53 - __main__ - INFO - Input matrix with LPVYHSDKCAGINMWRQETF encoding is removed.

2026-06-18 00:17:02 - __main__ - INFO - Input matrix with ITHVQLPSDNFAYRGEMWCK encoding is generated.
2026-06-18 00:18:26 - __main__ - INFO - ITHVQLPSDNFAYRGEMWCK encoding is done for binary task with:
	-custom
		-f1: 0.8372530573847601
		-auroc: 0.8238361745207538
	-resnet
		-f1: 0.865520728008089
		-auroc: 0.8678398811273309
2026-06-18 00:18:26 - __main__ - INFO - Input matrix with ITHVQLPSDNFAYRGEMWCK encoding is removed.

2026-06-18 00:18:36 - __main__ - INFO - Input matrix with RYDFIWHQNTKMCVALGPSE encoding is generated.
2026-06-18 00:19:56 - __main__ - INFO - RYDFIWHQNTKMCVALGPSE encoding is done for binary task with:
	-custom
		-f1: 0.8183556405353728
		-auroc: 0.8074585251951276
	-resnet
		-f1: 0.8747591522157996
		-auroc: 0.86852364390451
2026-06-18 00:19:56 - __main__ - INFO - Input matrix with RYDFIWHQNTKMCVALGPSE encoding is removed.

2026-06-18 00:20:05 - __main__ - INFO - Input matrix with QWFMPTKGLDRYSEIANVCH encoding is generated.
2026-06-18 00:21:26 - __main__ - INFO - QWFMPTKGLDRYSEIANVCH encoding is done for binary task with:
	-custom
		-f1: 0.8311195445920304
		-auroc: 0.8192110806309396
	-resnet
		-f1: 0.8765315739868049
		-auroc: 0.8664090820025473
2026-06-18 00:21:26 - __main__ - INFO - Input matrix with QWFMPTKGLDRYSEIANVCH encoding is removed.

2026-06-18 00:21:35 - __main__ - INFO - Input matrix with FWQMAKGSIEPTYRVLCHND encoding is generated.
2026-06-18 00:22:58 - __main__ - INFO - FWQMAKGSIEPTYRVLCHND encoding is done for binary task with:
	-custom
		-f1: 0.8129154795821463
		-auroc: 0.8000432709578393
	-resnet
		-f1: 0.8789571694599627
		-auroc: 0.8667968877567681
2026-06-18 00:22:58 - __main__ - INFO - Input matrix with FWQMAKGSIEPTYRVLCHND encoding is removed.

2026-06-18 00:23:07 - __main__ - INFO - Input matrix with GCNDYIFMARWHQKTLESVP encoding is generated.
2026-06-18 00:24:31 - __main__ - INFO - GCNDYIFMARWHQKTLESVP encoding is done for binary task with:
	-custom
		-f1: 0.8115384615384615
		-auroc: 0.8016781783743182
	-resnet
		-f1: 0.8751210067763795
		-auroc: 0.8697748277326018
2026-06-18 00:24:31 - __main__ - INFO - Input matrix with GCNDYIFMARWHQKTLESVP encoding is removed.

2026-06-18 00:24:40 - __main__ - INFO - Input matrix with WYPKQEIDFTRNSGAMVHCL encoding is generated.
2026-06-18 00:26:02 - __main__ - INFO - WYPKQEIDFTRNSGAMVHCL encoding is done for binary task with:
	-custom
		-f1: 0.7969494756911344
		-auroc: 0.7840534273864341
	-resnet
		-f1: 0.863905325443787
		-auroc: 0.8615839619868718
2026-06-18 00:26:02 - __main__ - INFO - Input matrix with WYPKQEIDFTRNSGAMVHCL encoding is removed.

2026-06-18 00:26:12 - __main__ - INFO - Input matrix with NLWQHASRECYGMPDIKFVT encoding is generated.
2026-06-18 00:27:34 - __main__ - INFO - NLWQHASRECYGMPDIKFVT encoding is done for binary task with:
	-custom
		-f1: 0.8019138755980861
		-auroc: 0.7903134286927274
	-resnet
		-f1: 0.8536082474226804
		-auroc: 0.8596490153816009
2026-06-18 00:27:34 - __main__ - INFO - Input matrix with NLWQHASRECYGMPDIKFVT encoding is removed.

2026-06-18 00:27:43 - __main__ - INFO - Input matrix with ISLFPMCDGYQEWKHNRTVA encoding is generated.
2026-06-18 00:29:05 - __main__ - INFO - ISLFPMCDGYQEWKHNRTVA encoding is done for binary task with:
	-custom
		-f1: 0.8148854961832062
		-auroc: 0.8033171679566312
	-resnet
		-f1: 0.8785228377065112
		-auroc: 0.874012115868195
2026-06-18 00:29:05 - __main__ - INFO - Input matrix with ISLFPMCDGYQEWKHNRTVA encoding is removed.

2026-06-18 00:29:14 - __main__ - INFO - Input matrix with HKGSFQTLWEAIVPYRCMDN encoding is generated.
2026-06-18 00:30:36 - __main__ - INFO - HKGSFQTLWEAIVPYRCMDN encoding is done for binary task with:
	-custom
		-f1: 0.8034515819750719
		-auroc: 0.7924320727605239
	-resnet
		-f1: 0.8782771535580525
		-auroc: 0.8670846804480585
2026-06-18 00:30:36 - __main__ - INFO - Input matrix with HKGSFQTLWEAIVPYRCMDN encoding is removed.

2026-06-18 00:30:46 - __main__ - INFO - Input matrix with WEAHQNDVYICPTGFMKLRS encoding is generated.
2026-06-18 00:32:08 - __main__ - INFO - WEAHQNDVYICPTGFMKLRS encoding is done for binary task with:
	-custom
		-f1: 0.8099630996309963
		-auroc: 0.7894541327846902
	-resnet
		-f1: 0.8791423001949318
		-auroc: 0.8751673687991901
2026-06-18 00:32:08 - __main__ - INFO - Input matrix with WEAHQNDVYICPTGFMKLRS encoding is removed.

2026-06-18 00:32:17 - __main__ - INFO - Input matrix with PMSWNHKLTQECVFRIAGDY encoding is generated.
2026-06-18 00:33:39 - __main__ - INFO - PMSWNHKLTQECVFRIAGDY encoding is done for binary task with:
	-custom
		-f1: 0.8229755178907722
		-auroc: 0.8087137911890532
	-resnet
		-f1: 0.872072072072072
		-auroc: 0.8529338525848276
2026-06-18 00:33:39 - __main__ - INFO - Input matrix with PMSWNHKLTQECVFRIAGDY encoding is removed.

2026-06-18 00:33:49 - __main__ - INFO - Input matrix with GTQWHASDCIPYKMLFNRVE encoding is generated.
2026-06-18 00:35:10 - __main__ - INFO - GTQWHASDCIPYKMLFNRVE encoding is done for binary task with:
	-custom
		-f1: 0.8135922330097087
		-auroc: 0.8062032592012017
	-resnet
		-f1: 0.8594539939332659
		-auroc: 0.8617717416152314
2026-06-18 00:35:10 - __main__ - INFO - Input matrix with GTQWHASDCIPYKMLFNRVE encoding is removed.

2026-06-18 00:35:20 - __main__ - INFO - Input matrix with PLATKFVIDWHNCYMGERSQ encoding is generated.
2026-06-18 00:36:42 - __main__ - INFO - PLATKFVIDWHNCYMGERSQ encoding is done for binary task with:
	-custom
		-f1: 0.8057416267942584
		-auroc: 0.794358855034127
	-resnet
		-f1: 0.7392815758980301
		-auroc: 0.7808387217922341
2026-06-18 00:36:42 - __main__ - INFO - Input matrix with PLATKFVIDWHNCYMGERSQ encoding is removed.

2026-06-18 00:36:51 - __main__ - INFO - Input matrix with EFDAGHLPSIMCNVQRKYWT encoding is generated.
2026-06-18 00:38:15 - __main__ - INFO - EFDAGHLPSIMCNVQRKYWT encoding is done for binary task with:
	-custom
		-f1: 0.8246628131021194
		-auroc: 0.8159331014663138
	-resnet
		-f1: 0.8668503213957759
		-auroc: 0.8509070572482935
2026-06-18 00:38:15 - __main__ - INFO - Input matrix with EFDAGHLPSIMCNVQRKYWT encoding is removed.

2026-06-18 00:38:24 - __main__ - INFO - Input matrix with SNEQIVRMDPGTLFHCYKWA encoding is generated.
2026-06-18 00:39:46 - __main__ - INFO - SNEQIVRMDPGTLFHCYKWA encoding is done for binary task with:
	-custom
		-f1: 0.8080614203454894
		-auroc: 0.7975368211358218
	-resnet
		-f1: 0.864390243902439
		-auroc: 0.8600449854674896
2026-06-18 00:39:46 - __main__ - INFO - Input matrix with SNEQIVRMDPGTLFHCYKWA encoding is removed.

2026-06-18 00:39:55 - __main__ - INFO - Input matrix with MYPFHGDQSARTVEKLWINC encoding is generated.
2026-06-18 00:41:17 - __main__ - INFO - MYPFHGDQSARTVEKLWINC encoding is done for binary task with:
	-custom
		-f1: 0.8038461538461539
		-auroc: 0.7935873256915189
	-resnet
		-f1: 0.8803738317757009
		-auroc: 0.8690114627216616
2026-06-18 00:41:17 - __main__ - INFO - Input matrix with MYPFHGDQSARTVEKLWINC encoding is removed.

2026-06-18 00:41:27 - __main__ - INFO - Input matrix with ERNIQLKYMVTHWADSCGFP encoding is generated.
2026-06-18 00:42:49 - __main__ - INFO - ERNIQLKYMVTHWADSCGFP encoding is done for binary task with:
	-custom
		-f1: 0.8123195380173244
		-auroc: 0.8027375004082165
	-resnet
		-f1: 0.8629737609329446
		-auroc: 0.8578304105025963
2026-06-18 00:42:49 - __main__ - INFO - Input matrix with ERNIQLKYMVTHWADSCGFP encoding is removed.

2026-06-18 00:42:58 - __main__ - INFO - Input matrix with NQLMWRSPVDFIGEHKATYC encoding is generated.
2026-06-18 00:44:21 - __main__ - INFO - NQLMWRSPVDFIGEHKATYC encoding is done for binary task with:
	-custom
		-f1: 0.8151658767772512
		-auroc: 0.8019700532314424
	-resnet
		-f1: 0.8490732568402471
		-auroc: 0.8225013062930668
2026-06-18 00:44:21 - __main__ - INFO - Input matrix with NQLMWRSPVDFIGEHKATYC encoding is removed.

2026-06-18 00:44:30 - __main__ - INFO - Input matrix with APFLTMSHEGRWKDYNVIQC encoding is generated.
2026-06-18 00:45:52 - __main__ - INFO - APFLTMSHEGRWKDYNVIQC encoding is done for binary task with:
	-custom
		-f1: 0.8354186717998076
		-auroc: 0.8270100584566149
	-resnet
		-f1: 0.8760180995475113
		-auroc: 0.858230462754319
2026-06-18 00:45:52 - __main__ - INFO - Input matrix with APFLTMSHEGRWKDYNVIQC encoding is removed.

2026-06-18 00:46:01 - __main__ - INFO - Input matrix with DQSLIFNMCAWRPGKEYVHT encoding is generated.
2026-06-18 00:47:23 - __main__ - INFO - DQSLIFNMCAWRPGKEYVHT encoding is done for binary task with:
	-custom
		-f1: 0.8312439729990356
		-auroc: 0.8230605630123117
	-resnet
		-f1: 0.8861003861003861
		-auroc: 0.8807558538258058
2026-06-18 00:47:23 - __main__ - INFO - Input matrix with DQSLIFNMCAWRPGKEYVHT encoding is removed.

2026-06-18 00:47:33 - __main__ - INFO - Input matrix with HSIWRCFEAMTDLGKQNPYV encoding is generated.
2026-06-18 00:48:55 - __main__ - INFO - HSIWRCFEAMTDLGKQNPYV encoding is done for binary task with:
	-custom
		-f1: 0.8015340364333653
		-auroc: 0.7904093595898238
	-resnet
		-f1: 0.8762983947119924
		-auroc: 0.866505012899644
2026-06-18 00:48:55 - __main__ - INFO - Input matrix with HSIWRCFEAMTDLGKQNPYV encoding is removed.

2026-06-18 00:49:04 - __main__ - INFO - Input matrix with PENCMYKVAGIHQLFDRTSW encoding is generated.
2026-06-18 00:50:40 - __main__ - INFO - PENCMYKVAGIHQLFDRTSW encoding is done for binary task with:
	-custom
		-f1: 0.8141086749285034
		-auroc: 0.8022578459227329
	-resnet
		-f1: 0.881447963800905
		-auroc: 0.8642986022664184
2026-06-18 00:50:40 - __main__ - INFO - Input matrix with PENCMYKVAGIHQLFDRTSW encoding is removed.

2026-06-18 00:50:50 - __main__ - INFO - Input matrix with YQDSVHNIALGPCKFEMTWR encoding is generated.
2026-06-18 00:52:13 - __main__ - INFO - YQDSVHNIALGPCKFEMTWR encoding is done for binary task with:
	-custom
		-f1: 0.8298676748582231
		-auroc: 0.8169965056660461
	-resnet
		-f1: 0.7946498819826908
		-auroc: 0.724859981711897
2026-06-18 00:52:13 - __main__ - INFO - Input matrix with YQDSVHNIALGPCKFEMTWR encoding is removed.

2026-06-18 00:52:23 - __main__ - INFO - Input matrix with ESDFKTGWVHMNCRYPLQIA encoding is generated.
2026-06-18 00:53:45 - __main__ - INFO - ESDFKTGWVHMNCRYPLQIA encoding is done for binary task with:
	-custom
		-f1: 0.8249027237354085
		-auroc: 0.8184354691224976
	-resnet
		-f1: 0.891566265060241
		-auroc: 0.8797046961235753
2026-06-18 00:53:45 - __main__ - INFO - Input matrix with ESDFKTGWVHMNCRYPLQIA encoding is removed.

2026-06-18 00:53:54 - __main__ - INFO - Input matrix with RLPSFKYIDQWVHECTGNAM encoding is generated.
2026-06-18 00:55:16 - __main__ - INFO - RLPSFKYIDQWVHECTGNAM encoding is done for binary task with:
	-custom
		-f1: 0.8200757575757576
		-auroc: 0.8069788707096438
	-resnet
		-f1: 0.8659384309831182
		-auroc: 0.8649537898827602
2026-06-18 00:55:16 - __main__ - INFO - Input matrix with RLPSFKYIDQWVHECTGNAM encoding is removed.

2026-06-18 00:55:26 - __main__ - INFO - Input matrix with ALNVKQDCTMESWHFPIYRG encoding is generated.
2026-06-18 00:56:48 - __main__ - INFO - ALNVKQDCTMESWHFPIYRG encoding is done for binary task with:
	-custom
		-f1: 0.8045757864632984
		-auroc: 0.7921442800692334
	-resnet
		-f1: 0.882865440464666
		-auroc: 0.8778656804154013
2026-06-18 00:56:48 - __main__ - INFO - Input matrix with ALNVKQDCTMESWHFPIYRG encoding is removed.

2026-06-18 00:56:58 - __main__ - INFO - Input matrix with CTMDVEFPQNAIWKYGLSRH encoding is generated.
2026-06-18 00:58:20 - __main__ - INFO - CTMDVEFPQNAIWKYGLSRH encoding is done for binary task with:
	-custom
		-f1: 0.8290840415486308
		-auroc: 0.8159371836321478
	-resnet
		-f1: 0.8746298124383021
		-auroc: 0.8727568498742693
2026-06-18 00:58:20 - __main__ - INFO - Input matrix with CTMDVEFPQNAIWKYGLSRH encoding is removed.

2026-06-18 00:58:29 - __main__ - INFO - Input matrix with LGENKSQHYIFCAWDVMTRP encoding is generated.
2026-06-18 00:59:51 - __main__ - INFO - LGENKSQHYIFCAWDVMTRP encoding is done for binary task with:
	-custom
		-f1: 0.8059701492537313
		-auroc: 0.8043683256588615
	-resnet
		-f1: 0.8539325842696629
		-auroc: 0.8582059697593155
2026-06-18 00:59:51 - __main__ - INFO - Input matrix with LGENKSQHYIFCAWDVMTRP encoding is removed.

2026-06-18 01:00:01 - __main__ - INFO - Input matrix with QIRNMTHKLDAPWVEGFYCS encoding is generated.
2026-06-18 01:01:24 - __main__ - INFO - QIRNMTHKLDAPWVEGFYCS encoding is done for binary task with:
	-custom
		-f1: 0.8218111002921129
		-auroc: 0.8154493648149962
	-resnet
		-f1: 0.8290598290598291
		-auroc: 0.8430754220959473
2026-06-18 01:01:24 - __main__ - INFO - Input matrix with QIRNMTHKLDAPWVEGFYCS encoding is removed.

2026-06-18 01:01:33 - __main__ - INFO - Input matrix with KMVATSYDCFILHRWPGQEN encoding is generated.
2026-06-18 01:02:55 - __main__ - INFO - KMVATSYDCFILHRWPGQEN encoding is done for binary task with:
	-custom
		-f1: 0.8007662835249042
		-auroc: 0.7893500375559257
	-resnet
		-f1: 0.8708765315739868
		-auroc: 0.8603409424904478
2026-06-18 01:02:55 - __main__ - INFO - Input matrix with KMVATSYDCFILHRWPGQEN encoding is removed.

2026-06-18 01:03:04 - __main__ - INFO - Input matrix with LAFRTDVYCNPHSIMWKGEQ encoding is generated.
2026-06-18 01:04:26 - __main__ - INFO - LAFRTDVYCNPHSIMWKGEQ encoding is done for binary task with:
	-custom
		-f1: 0.8197026022304833
		-auroc: 0.8019741353972764
	-resnet
		-f1: 0.8805147058823529
		-auroc: 0.8661253714770909
2026-06-18 01:04:26 - __main__ - INFO - Input matrix with LAFRTDVYCNPHSIMWKGEQ encoding is removed.

2026-06-18 01:04:36 - __main__ - INFO - Input matrix with CLFEHKGPTRDYNWIQSMVA encoding is generated.
2026-06-18 01:05:56 - __main__ - INFO - CLFEHKGPTRDYNWIQSMVA encoding is done for binary task with:
	-custom
		-f1: 0.8235294117647058
		-auroc: 0.8188191927108847
	-resnet
		-f1: 0.8760484622553588
		-auroc: 0.8638107834492669
2026-06-18 01:05:56 - __main__ - INFO - Input matrix with CLFEHKGPTRDYNWIQSMVA encoding is removed.

2026-06-18 01:06:06 - __main__ - INFO - Input matrix with YFPTMQCWDALVHIRGKNES encoding is generated.
2026-06-18 01:07:28 - __main__ - INFO - YFPTMQCWDALVHIRGKNES encoding is done for binary task with:
	-custom
		-f1: 0.8071833648393195
		-auroc: 0.7927239476176481
	-resnet
		-f1: 0.8778103616813294
		-auroc: 0.8742999085594854
2026-06-18 01:07:28 - __main__ - INFO - Input matrix with YFPTMQCWDALVHIRGKNES encoding is removed.

2026-06-18 01:07:37 - __main__ - INFO - Input matrix with INGHSCWFPLDRKAQYMTEV encoding is generated.
2026-06-18 01:08:59 - __main__ - INFO - INGHSCWFPLDRKAQYMTEV encoding is done for binary task with:
	-custom
		-f1: 0.8438095238095238
		-auroc: 0.833561934620032
	-resnet
		-f1: 0.8911627906976745
		-auroc: 0.8798965579177688
2026-06-18 01:08:59 - __main__ - INFO - Input matrix with INGHSCWFPLDRKAQYMTEV encoding is removed.

2026-06-18 01:09:08 - __main__ - INFO - Input matrix with APLDKHQIREVGCTYMSWNF encoding is generated.
2026-06-18 01:10:30 - __main__ - INFO - APLDKHQIREVGCTYMSWNF encoding is done for binary task with:
	-custom
		-f1: 0.8413001912045889
		-auroc: 0.8317310832435256
	-resnet
		-f1: 0.8866171003717472
		-auroc: 0.8747918095424709
2026-06-18 01:10:30 - __main__ - INFO - Input matrix with APLDKHQIREVGCTYMSWNF encoding is removed.

2026-06-18 01:10:40 - __main__ - INFO - Input matrix with IANWVKERSYHQDMCGFPTL encoding is generated.
2026-06-18 01:12:02 - __main__ - INFO - IANWVKERSYHQDMCGFPTL encoding is done for binary task with:
	-custom
		-f1: 0.8072866730584851
		-auroc: 0.7964774991019236
	-resnet
		-f1: 0.862453531598513
		-auroc: 0.8484965383233729
2026-06-18 01:12:02 - __main__ - INFO - Input matrix with IANWVKERSYHQDMCGFPTL encoding is removed.

2026-06-18 01:12:11 - __main__ - INFO - Input matrix with IHVCGWSQNAMREDFYPTKL encoding is generated.
2026-06-18 01:13:33 - __main__ - INFO - IHVCGWSQNAMREDFYPTKL encoding is done for binary task with:
	-custom
		-f1: 0.8326848249027238
		-auroc: 0.826526321805297
	-resnet
		-f1: 0.8685491723466408
		-auroc: 0.8639944809117925
2026-06-18 01:13:33 - __main__ - INFO - Input matrix with IHVCGWSQNAMREDFYPTKL encoding is removed.

2026-06-18 01:13:43 - __main__ - INFO - Input matrix with CISLPWYDRGAQFMVETHKN encoding is generated.
2026-06-18 01:15:04 - __main__ - INFO - CISLPWYDRGAQFMVETHKN encoding is done for binary task with:
	-custom
		-f1: 0.8297872340425532
		-auroc: 0.822193102772607
	-resnet
		-f1: 0.8417329796640142
		-auroc: 0.8145063845073642
2026-06-18 01:15:04 - __main__ - INFO - Input matrix with CISLPWYDRGAQFMVETHKN encoding is removed.

2026-06-18 01:15:14 - __main__ - INFO - Input matrix with AFNQSTMYCEWHRDGLVIKP encoding is generated.
2026-06-18 01:16:36 - __main__ - INFO - AFNQSTMYCEWHRDGLVIKP encoding is done for binary task with:
	-custom
		-f1: 0.7964426877470355
		-auroc: 0.7929076450801738
	-resnet
		-f1: 0.8822429906542056
		-auroc: 0.8710341758923614
2026-06-18 01:16:36 - __main__ - INFO - Input matrix with AFNQSTMYCEWHRDGLVIKP encoding is removed.

2026-06-18 01:16:45 - __main__ - INFO - Input matrix with HTWLEINVARSDGPCKFYQM encoding is generated.
2026-06-18 01:18:07 - __main__ - INFO - HTWLEINVARSDGPCKFYQM encoding is done for binary task with:
	-custom
		-f1: 0.8331744518589133
		-auroc: 0.8224849776297312
	-resnet
		-f1: 0.8811320754716981
		-auroc: 0.8715138303778452
2026-06-18 01:18:07 - __main__ - INFO - Input matrix with HTWLEINVARSDGPCKFYQM encoding is removed.

2026-06-18 01:18:17 - __main__ - INFO - Input matrix with WDYIKNMAQVFESRCTPLHG encoding is generated.
2026-06-18 01:19:40 - __main__ - INFO - WDYIKNMAQVFESRCTPLHG encoding is done for binary task with:
	-custom
		-f1: 0.8330134357005758
		-auroc: 0.8238320923549197
	-resnet
		-f1: 0.884071630537229
		-auroc: 0.8744999346853466
2026-06-18 01:19:40 - __main__ - INFO - Input matrix with WDYIKNMAQVFESRCTPLHG encoding is removed.

2026-06-18 01:19:49 - __main__ - INFO - Input matrix with VICWFTAYNLPRMGDEKQSH encoding is generated.
2026-06-18 01:21:11 - __main__ - INFO - VICWFTAYNLPRMGDEKQSH encoding is done for binary task with:
	-custom
		-f1: 0.8136234626300851
		-auroc: 0.7998514091636458
	-resnet
		-f1: 0.8386411889596603
		-auroc: 0.8508784820874564
2026-06-18 01:21:11 - __main__ - INFO - Input matrix with VICWFTAYNLPRMGDEKQSH encoding is removed.

2026-06-18 01:21:21 - __main__ - INFO - Input matrix with THFPARWLDNSIVMYCEKGQ encoding is generated.
2026-06-18 01:22:43 - __main__ - INFO - THFPARWLDNSIVMYCEKGQ encoding is done for binary task with:
	-custom
		-f1: 0.8289855072463768
		-auroc: 0.8211337807387087
	-resnet
		-f1: 0.8748824082784572
		-auroc: 0.8642904379347506
2026-06-18 01:22:43 - __main__ - INFO - Input matrix with THFPARWLDNSIVMYCEKGQ encoding is removed.

2026-06-18 01:22:52 - __main__ - INFO - Input matrix with YRMSVKGHAPFTIEWNQLCD encoding is generated.
2026-06-18 01:24:13 - __main__ - INFO - YRMSVKGHAPFTIEWNQLCD encoding is done for binary task with:
	-custom
		-f1: 0.8263002944062807
		-auroc: 0.8219012279154828
	-resnet
		-f1: 0.8653136531365314
		-auroc: 0.8501355279056856
2026-06-18 01:24:13 - __main__ - INFO - Input matrix with YRMSVKGHAPFTIEWNQLCD encoding is removed.

2026-06-18 01:24:23 - __main__ - INFO - Input matrix with FDHQVNYIWMAKTSCLGRPE encoding is generated.
2026-06-18 01:25:45 - __main__ - INFO - FDHQVNYIWMAKTSCLGRPE encoding is done for binary task with:
	-custom
		-f1: 0.8310940499040307
		-auroc: 0.82180937918422
	-resnet
		-f1: 0.8941398865784499
		-auroc: 0.8857687534698411
2026-06-18 01:25:45 - __main__ - INFO - Input matrix with FDHQVNYIWMAKTSCLGRPE encoding is removed.

2026-06-18 01:25:55 - __main__ - INFO - Input matrix with NFWDHQSVGPTEIYCKALMR encoding is generated.
2026-06-18 01:27:16 - __main__ - INFO - NFWDHQSVGPTEIYCKALMR encoding is done for binary task with:
	-custom
		-f1: 0.8241010689990281
		-auroc: 0.8173761470885994
	-resnet
		-f1: 0.8630393996247655
		-auroc: 0.8509989059795564
2026-06-18 01:27:16 - __main__ - INFO - Input matrix with NFWDHQSVGPTEIYCKALMR encoding is removed.

2026-06-18 01:27:26 - __main__ - INFO - Input matrix with TIRAQESDNMVFPWKHYCLG encoding is generated.
2026-06-18 01:28:49 - __main__ - INFO - TIRAQESDNMVFPWKHYCLG encoding is done for binary task with:
	-custom
		-f1: 0.8315889628924833
		-auroc: 0.8203663335619346
	-resnet
		-f1: 0.8835877862595419
		-auroc: 0.8761348421018255
2026-06-18 01:28:49 - __main__ - INFO - Input matrix with TIRAQESDNMVFPWKHYCLG encoding is removed.

2026-06-18 01:28:58 - __main__ - INFO - Input matrix with FALQKEVMCGRSHIPYWNTD encoding is generated.
2026-06-18 01:30:29 - __main__ - INFO - FALQKEVMCGRSHIPYWNTD encoding is done for binary task with:
	-custom
		-f1: 0.8144624167459562
		-auroc: 0.802161915025636
	-resnet
		-f1: 0.8629531388152077
		-auroc: 0.8387789425557625
2026-06-18 01:30:29 - __main__ - INFO - Input matrix with FALQKEVMCGRSHIPYWNTD encoding is removed.

2026-06-18 01:30:39 - __main__ - INFO - Input matrix with APTFHEWCVDKLIMRNSYGQ encoding is generated.
2026-06-18 01:32:18 - __main__ - INFO - APTFHEWCVDKLIMRNSYGQ encoding is done for binary task with:
	-custom
		-f1: 0.8314393939393939
		-auroc: 0.8191151497338427
	-resnet
		-f1: 0.8583840139009556
		-auroc: 0.8297287809019953
2026-06-18 01:32:18 - __main__ - INFO - Input matrix with APTFHEWCVDKLIMRNSYGQ encoding is removed.

2026-06-18 01:32:27 - __main__ - INFO - Input matrix with QITRLYKGCPVDHMNFSAEW encoding is generated.
2026-06-18 01:34:08 - __main__ - INFO - QITRLYKGCPVDHMNFSAEW encoding is done for binary task with:
	-custom
		-f1: 0.8257940327237728
		-auroc: 0.8168964926031154
	-resnet
		-f1: 0.8810656517602283
		-auroc: 0.8729568760001306
2026-06-18 01:34:08 - __main__ - INFO - Input matrix with QITRLYKGCPVDHMNFSAEW encoding is removed.

2026-06-18 01:34:17 - __main__ - INFO - Input matrix with VMNDKQFPTIAWLRECHSGY encoding is generated.
2026-06-18 01:36:14 - __main__ - INFO - VMNDKQFPTIAWLRECHSGY encoding is done for binary task with:
	-custom
		-f1: 0.8208092485549133
		-auroc: 0.8118876751249142
	-resnet
		-f1: 0.8579710144927536
		-auroc: 0.8514744782992064
2026-06-18 01:36:14 - __main__ - INFO - Input matrix with VMNDKQFPTIAWLRECHSGY encoding is removed.

2026-06-18 01:36:23 - __main__ - INFO - Input matrix with AIEQWTSVFNMGHKDPLCYR encoding is generated.
2026-06-18 01:38:20 - __main__ - INFO - AIEQWTSVFNMGHKDPLCYR encoding is done for binary task with:
	-custom
		-f1: 0.8034351145038168
		-auroc: 0.791180888932432
	-resnet
		-f1: 0.8631950573698146
		-auroc: 0.8386830116586655
2026-06-18 01:38:20 - __main__ - INFO - Input matrix with AIEQWTSVFNMGHKDPLCYR encoding is removed.

2026-06-18 01:38:30 - __main__ - INFO - Input matrix with KWHFDCNRPEYLMIGTQSAV encoding is generated.
2026-06-18 01:40:20 - __main__ - INFO - KWHFDCNRPEYLMIGTQSAV encoding is done for binary task with:
	-custom
		-f1: 0.8090737240075614
		-auroc: 0.7947466607883478
	-resnet
		-f1: 0.8752260397830018
		-auroc: 0.8571711407204207
2026-06-18 01:40:20 - __main__ - INFO - Input matrix with KWHFDCNRPEYLMIGTQSAV encoding is removed.

2026-06-18 01:40:29 - __main__ - INFO - Input matrix with LMWKPQHTNEFGSVACYIDR encoding is generated.
2026-06-18 01:42:09 - __main__ - INFO - LMWKPQHTNEFGSVACYIDR encoding is done for binary task with:
	-custom
		-f1: 0.8049951969260326
		-auroc: 0.7945507168283205
	-resnet
		-f1: 0.8457502623294858
		-auroc: 0.8554076450801738
2026-06-18 01:42:09 - __main__ - INFO - Input matrix with LMWKPQHTNEFGSVACYIDR encoding is removed.

2026-06-18 01:42:18 - __main__ - INFO - Input matrix with NDPGYITWQKHRLVCMSFAE encoding is generated.
2026-06-18 01:43:58 - __main__ - INFO - NDPGYITWQKHRLVCMSFAE encoding is done for binary task with:
	-custom
		-f1: 0.8451242829827916
		-auroc: 0.8357765095849253
	-resnet
		-f1: 0.8151815181518152
		-auroc: 0.7651101368341988
2026-06-18 01:43:58 - __main__ - INFO - Input matrix with NDPGYITWQKHRLVCMSFAE encoding is removed.

2026-06-18 01:44:07 - __main__ - INFO - Input matrix with AQMNHVFYTWCKGPLDIRSE encoding is generated.
2026-06-18 01:45:50 - __main__ - INFO - AQMNHVFYTWCKGPLDIRSE encoding is done for binary task with:
	-custom
		-f1: 0.834307992202729
		-auroc: 0.8286449658730937
	-resnet
		-f1: 0.8778625954198473
		-auroc: 0.8700667025897262
2026-06-18 01:45:50 - __main__ - INFO - Input matrix with AQMNHVFYTWCKGPLDIRSE encoding is removed.

2026-06-18 01:45:59 - __main__ - INFO - Input matrix with SHYCFNLKETVWQADPIMRG encoding is generated.
2026-06-18 01:47:42 - __main__ - INFO - SHYCFNLKETVWQADPIMRG encoding is done for binary task with:
	-custom
		-f1: 0.8347659980897804
		-auroc: 0.8246036216975278
	-resnet
		-f1: 0.8696517412935323
		-auroc: 0.8690951471212566
2026-06-18 01:47:42 - __main__ - INFO - Input matrix with SHYCFNLKETVWQADPIMRG encoding is removed.

2026-06-18 01:47:52 - __main__ - INFO - Input matrix with IALSNPFGDWEKQHVYMTCR encoding is generated.
2026-06-18 01:49:34 - __main__ - INFO - IALSNPFGDWEKQHVYMTCR encoding is done for binary task with:
	-custom
		-f1: 0.8148854961832062
		-auroc: 0.8033171679566312
	-resnet
		-f1: 0.8770642201834863
		-auroc: 0.8619840142385944
2026-06-18 01:49:34 - __main__ - INFO - Input matrix with IALSNPFGDWEKQHVYMTCR encoding is removed.

2026-06-18 01:49:45 - __main__ - INFO - Input matrix with HPQTAEWGISYFRVLKDNCM encoding is generated.
2026-06-18 01:51:32 - __main__ - INFO - HPQTAEWGISYFRVLKDNCM encoding is done for binary task with:
	-custom
		-f1: 0.8122020972354623
		-auroc: 0.800235132752033
	-resnet
		-f1: 0.875
		-auroc: 0.8712178733548871
2026-06-18 01:51:32 - __main__ - INFO - Input matrix with HPQTAEWGISYFRVLKDNCM encoding is removed.

2026-06-18 01:51:42 - __main__ - INFO - Input matrix with SMAPIGVQDWLNFTREHKCY encoding is generated.
2026-06-18 01:53:19 - __main__ - INFO - SMAPIGVQDWLNFTREHKCY encoding is done for binary task with:
	-custom
		-f1: 0.8150234741784037
		-auroc: 0.7994676855752587
	-resnet
		-f1: 0.8730593607305936
		-auroc: 0.8566874040691029
2026-06-18 01:53:19 - __main__ - INFO - Input matrix with SMAPIGVQDWLNFTREHKCY encoding is removed.

2026-06-18 01:53:28 - __main__ - INFO - Input matrix with SLCNEYTQWRMKHPAIDFGV encoding is generated.
2026-06-18 01:55:08 - __main__ - INFO - SLCNEYTQWRMKHPAIDFGV encoding is done for binary task with:
	-custom
		-f1: 0.8267942583732057
		-auroc: 0.8166086999118252
	-resnet
		-f1: 0.8875968992248062
		-auroc: 0.8829704287906992
2026-06-18 01:55:08 - __main__ - INFO - Input matrix with SLCNEYTQWRMKHPAIDFGV encoding is removed.

2026-06-18 01:55:17 - __main__ - INFO - Input matrix with LSPFNRTVKHIWAMYDEQCG encoding is generated.
2026-06-18 01:56:56 - __main__ - INFO - LSPFNRTVKHIWAMYDEQCG encoding is done for binary task with:
	-custom
		-f1: 0.805019305019305
		-auroc: 0.7958019006564123
	-resnet
		-f1: 0.8815533980582524
		-auroc: 0.8769982201756964
2026-06-18 01:56:56 - __main__ - INFO - Input matrix with LSPFNRTVKHIWAMYDEQCG encoding is removed.

2026-06-18 01:57:06 - __main__ - INFO - Input matrix with TGRCPQMYDWIALVSKEFHN encoding is generated.
2026-06-18 01:58:43 - __main__ - INFO - TGRCPQMYDWIALVSKEFHN encoding is done for binary task with:
	-custom
		-f1: 0.8111753371868978
		-auroc: 0.801774109271415
	-resnet
		-f1: 0.8543876567020251
		-auroc: 0.84733312106071
2026-06-18 01:58:43 - __main__ - INFO - Input matrix with TGRCPQMYDWIALVSKEFHN encoding is removed.

2026-06-18 01:58:52 - __main__ - INFO - Input matrix with FQGYMLTHEWKRISADCNVP encoding is generated.
2026-06-18 02:00:34 - __main__ - INFO - FQGYMLTHEWKRISADCNVP encoding is done for binary task with:
	-custom
		-f1: 0.8162111215834119
		-auroc: 0.8016822605401522
	-resnet
		-f1: 0.8452173913043478
		-auroc: 0.8146063975702951
2026-06-18 02:00:34 - __main__ - INFO - Input matrix with FQGYMLTHEWKRISADCNVP encoding is removed.

2026-06-18 02:00:44 - __main__ - INFO - Input matrix with ANHRQMVDYPFWIKGLCETS encoding is generated.
2026-06-18 02:02:25 - __main__ - INFO - ANHRQMVDYPFWIKGLCETS encoding is done for binary task with:
	-custom
		-f1: 0.7965451055662188
		-auroc: 0.7854005421116227
	-resnet
		-f1: 0.8846880907372401
		-auroc: 0.8756551876163418
2026-06-18 02:02:25 - __main__ - INFO - Input matrix with ANHRQMVDYPFWIKGLCETS encoding is removed.

2026-06-18 02:02:34 - __main__ - INFO - Input matrix with ACWIPMLEYNSFRKDQHTGV encoding is generated.
2026-06-18 02:04:16 - __main__ - INFO - ACWIPMLEYNSFRKDQHTGV encoding is done for binary task with:
	-custom
		-f1: 0.8176470588235294
		-auroc: 0.8127510531987852
	-resnet
		-f1: 0.8796019900497513
		-auroc: 0.8792087129747559
2026-06-18 02:04:16 - __main__ - INFO - Input matrix with ACWIPMLEYNSFRKDQHTGV encoding is removed.

2026-06-18 02:04:25 - __main__ - INFO - Input matrix with HDIWGVEFANYSKLQPCTRM encoding is generated.
2026-06-18 02:06:06 - __main__ - INFO - HDIWGVEFANYSKLQPCTRM encoding is done for binary task with:
	-custom
		-f1: 0.8322017458777885
		-auroc: 0.825371068874302
	-resnet
		-f1: 0.8681732580037664
		-auroc: 0.8572589072858495
2026-06-18 02:06:06 - __main__ - INFO - Input matrix with HDIWGVEFANYSKLQPCTRM encoding is removed.

2026-06-18 02:06:16 - __main__ - INFO - Input matrix with YGHKWRTEDLNMFQSAVICP encoding is generated.
2026-06-18 02:07:55 - __main__ - INFO - YGHKWRTEDLNMFQSAVICP encoding is done for binary task with:
	-custom
		-f1: 0.8279773156899811
		-auroc: 0.8149737924953464
	-resnet
		-f1: 0.8966824644549763
		-auroc: 0.8889467195715359
2026-06-18 02:07:55 - __main__ - INFO - Input matrix with YGHKWRTEDLNMFQSAVICP encoding is removed.

2026-06-18 02:08:05 - __main__ - INFO - Input matrix with MQILHFCDVNKYREGPSTWA encoding is generated.
2026-06-18 02:09:44 - __main__ - INFO - MQILHFCDVNKYREGPSTWA encoding is done for binary task with:
	-custom
		-f1: 0.8341232227488151
		-auroc: 0.822197184938441
	-resnet
		-f1: 0.8212147134302823
		-auroc: 0.7823429999020282
2026-06-18 02:09:44 - __main__ - INFO - Input matrix with MQILHFCDVNKYREGPSTWA encoding is removed.

2026-06-18 02:09:53 - __main__ - INFO - Input matrix with CVQRPFHLDTNIGMKAEWYS encoding is generated.
2026-06-18 02:11:33 - __main__ - INFO - CVQRPFHLDTNIGMKAEWYS encoding is done for binary task with:
	-custom
		-f1: 0.8103946102021174
		-auroc: 0.8007147872375168
	-resnet
		-f1: 0.89171974522293
		-auroc: 0.876722673981908
2026-06-18 02:11:33 - __main__ - INFO - Input matrix with CVQRPFHLDTNIGMKAEWYS encoding is removed.

2026-06-18 02:11:43 - __main__ - INFO - Input matrix with WEFCNPLDVAQGKMHRYIST encoding is generated.
2026-06-18 02:13:23 - __main__ - INFO - WEFCNPLDVAQGKMHRYIST encoding is done for binary task with:
	-custom
		-f1: 0.8152380952380952
		-auroc: 0.8032212370595343
	-resnet
		-f1: 0.9053030303030303
		-auroc: 0.8980009633911368
2026-06-18 02:13:23 - __main__ - INFO - Input matrix with WEFCNPLDVAQGKMHRYIST encoding is removed.

2026-06-18 02:13:33 - __main__ - INFO - Input matrix with VWSMIPNFLTHYAKCDGQRE encoding is generated.
2026-06-18 02:15:12 - __main__ - INFO - VWSMIPNFLTHYAKCDGQRE encoding is done for binary task with:
	-custom
		-f1: 0.8124392614188533
		-auroc: 0.8052398680644003
	-resnet
		-f1: 0.8251864125932062
		-auroc: 0.7784975996864896
2026-06-18 02:15:12 - __main__ - INFO - Input matrix with VWSMIPNFLTHYAKCDGQRE encoding is removed.

2026-06-18 02:15:21 - __main__ - INFO - Input matrix with NQWMYVTHSELADCGKRIFP encoding is generated.
2026-06-18 02:17:01 - __main__ - INFO - NQWMYVTHSELADCGKRIFP encoding is done for binary task with:
	-custom
		-f1: 0.8140417457305503
		-auroc: 0.8010066620946408
	-resnet
		-f1: 0.8622540250447227
		-auroc: 0.8404138499722413
2026-06-18 02:17:01 - __main__ - INFO - Input matrix with NQWMYVTHSELADCGKRIFP encoding is removed.

2026-06-18 02:17:10 - __main__ - INFO - Input matrix with KDTRAEHNGFVLPSYWIMCQ encoding is generated.
2026-06-18 02:18:51 - __main__ - INFO - KDTRAEHNGFVLPSYWIMCQ encoding is done for binary task with:
	-custom
		-f1: 0.7965116279069767
		-auroc: 0.7879029097678063
	-resnet
		-f1: 0.872255489021956
		-auroc: 0.8722731132229516
2026-06-18 02:18:51 - __main__ - INFO - Input matrix with KDTRAEHNGFVLPSYWIMCQ encoding is removed.

2026-06-18 02:19:00 - __main__ - INFO - Input matrix with YDKILPFCNMWHTSARQEGV encoding is generated.
2026-06-18 02:20:38 - __main__ - INFO - YDKILPFCNMWHTSARQEGV encoding is done for binary task with:
	-custom
		-f1: 0.8132701421800947
		-auroc: 0.7999473400607426
	-resnet
		-f1: 0.8546255506607929
		-auroc: 0.8284735149080695
2026-06-18 02:20:38 - __main__ - INFO - Input matrix with YDKILPFCNMWHTSARQEGV encoding is removed.

2026-06-18 02:20:49 - __main__ - INFO - Input matrix with ITSVACKWGPDYFQEHLMRN encoding is generated.
2026-06-18 02:22:31 - __main__ - INFO - ITSVACKWGPDYFQEHLMRN encoding is done for binary task with:
	-custom
		-f1: 0.8358490566037736
		-auroc: 0.8229687142810489
	-resnet
		-f1: 0.8790170132325141
		-auroc: 0.8695870481042421
2026-06-18 02:22:31 - __main__ - INFO - Input matrix with ITSVACKWGPDYFQEHLMRN encoding is removed.

2026-06-18 02:22:40 - __main__ - INFO - Input matrix with HNMPCVTKAEGDLYSFWQRI encoding is generated.
2026-06-18 02:24:18 - __main__ - INFO - HNMPCVTKAEGDLYSFWQRI encoding is done for binary task with:
	-custom
		-f1: 0.8086303939962477
		-auroc: 0.792340224029261
	-resnet
		-f1: 0.8526522593320236
		-auroc: 0.8492558211684792
2026-06-18 02:24:18 - __main__ - INFO - Input matrix with HNMPCVTKAEGDLYSFWQRI encoding is removed.

2026-06-18 02:24:27 - __main__ - INFO - Input matrix with WIVGSMCRYKEFLTQHNADP encoding is generated.
2026-06-18 02:26:07 - __main__ - INFO - WIVGSMCRYKEFLTQHNADP encoding is done for binary task with:
	-custom
		-f1: 0.8117647058823529
		-auroc: 0.8066829136866857
	-resnet
		-f1: 0.8746238716148446
		-auroc: 0.8755470102217433
2026-06-18 02:26:07 - __main__ - INFO - Input matrix with WIVGSMCRYKEFLTQHNADP encoding is removed.

2026-06-18 02:26:16 - __main__ - INFO - Input matrix with LHVFRKAPDCITEGYWNMSQ encoding is generated.
2026-06-18 02:27:56 - __main__ - INFO - LHVFRKAPDCITEGYWNMSQ encoding is done for binary task with:
	-custom
		-f1: 0.8199811498586239
		-auroc: 0.8057276868815518
	-resnet
		-f1: 0.8763636363636363
		-auroc: 0.8594816465824108
2026-06-18 02:27:56 - __main__ - INFO - Input matrix with LHVFRKAPDCITEGYWNMSQ encoding is removed.

2026-06-18 02:28:05 - __main__ - INFO - Input matrix with YSDGELQMWPVTRNKIFHAC encoding is generated.
2026-06-18 02:29:44 - __main__ - INFO - YSDGELQMWPVTRNKIFHAC encoding is done for binary task with:
	-custom
		-f1: 0.8145315487571702
		-auroc: 0.8034130988537278
	-resnet
		-f1: 0.8723205964585274
		-auroc: 0.8597653571078672
2026-06-18 02:29:44 - __main__ - INFO - Input matrix with YSDGELQMWPVTRNKIFHAC encoding is removed.

2026-06-18 02:29:53 - __main__ - INFO - Input matrix with NRGFKSHVDILQEWMTAPCY encoding is generated.
2026-06-18 02:31:32 - __main__ - INFO - NRGFKSHVDILQEWMTAPCY encoding is done for binary task with:
	-custom
		-f1: 0.8218390804597702
		-auroc: 0.811599882433624
	-resnet
		-f1: 0.8817829457364341
		-auroc: 0.8769022892785996
2026-06-18 02:31:32 - __main__ - INFO - Input matrix with NRGFKSHVDILQEWMTAPCY encoding is removed.

2026-06-18 02:31:42 - __main__ - INFO - Input matrix with TLAMSGQFECVWKHDPRIYN encoding is generated.
2026-06-18 02:33:21 - __main__ - INFO - TLAMSGQFECVWKHDPRIYN encoding is done for binary task with:
	-custom
		-f1: 0.8264621284755513
		-auroc: 0.816704630808922
	-resnet
		-f1: 0.8897058823529411
		-auroc: 0.8762389373305901
2026-06-18 02:33:21 - __main__ - INFO - Input matrix with TLAMSGQFECVWKHDPRIYN encoding is removed.

2026-06-18 02:33:30 - __main__ - INFO - Input matrix with VRSNHTWYEMFKPIADQLGC encoding is generated.
2026-06-18 02:35:11 - __main__ - INFO - VRSNHTWYEMFKPIADQLGC encoding is done for binary task with:
	-custom
		-f1: 0.8420056764427626
		-auroc: 0.8301921067241436
	-resnet
		-f1: 0.8763183125599233
		-auroc: 0.869295173247118
2026-06-18 02:35:11 - __main__ - INFO - Input matrix with VRSNHTWYEMFKPIADQLGC encoding is removed.

2026-06-18 02:35:20 - __main__ - INFO - Input matrix with ANEHCPLFKIVWQDMTGYSR encoding is generated.
2026-06-18 02:37:00 - __main__ - INFO - ANEHCPLFKIVWQDMTGYSR encoding is done for binary task with:
	-custom
		-f1: 0.8315889628924833
		-auroc: 0.8203663335619346
	-resnet
		-f1: 0.8601532567049809
		-auroc: 0.852054145847621
2026-06-18 02:37:00 - __main__ - INFO - Input matrix with ANEHCPLFKIVWQDMTGYSR encoding is removed.

2026-06-18 02:37:09 - __main__ - INFO - Input matrix with IKTAMNGPLQSVYWHEDFCR encoding is generated.
2026-06-18 02:38:50 - __main__ - INFO - IKTAMNGPLQSVYWHEDFCR encoding is done for binary task with:
	-custom
		-f1: 0.8171428571428572
		-auroc: 0.8052439502302341
	-resnet
		-f1: 0.8826923076923077
		-auroc: 0.8765185656902126
2026-06-18 02:38:50 - __main__ - INFO - Input matrix with IKTAMNGPLQSVYWHEDFCR encoding is removed.

2026-06-18 02:38:59 - __main__ - INFO - Input matrix with GTCWLNDVSQMREIHPFAKY encoding is generated.
2026-06-18 02:40:38 - __main__ - INFO - GTCWLNDVSQMREIHPFAKY encoding is done for binary task with:
	-custom
		-f1: 0.8315688161693936
		-auroc: 0.8229646321152151
	-resnet
		-f1: 0.8533801580333626
		-auroc: 0.8262589399431762
2026-06-18 02:40:38 - __main__ - INFO - Input matrix with GTCWLNDVSQMREIHPFAKY encoding is removed.

2026-06-18 02:40:48 - __main__ - INFO - Input matrix with RNVGFWCYTAMSQDLIHEPK encoding is generated.
2026-06-18 02:42:26 - __main__ - INFO - RNVGFWCYTAMSQDLIHEPK encoding is done for binary task with:
	-custom
		-f1: 0.8134957825679475
		-auroc: 0.7973490415074622
	-resnet
		-f1: 0.8774193548387097
		-auroc: 0.8632351980666864
2026-06-18 02:42:26 - __main__ - INFO - Input matrix with RNVGFWCYTAMSQDLIHEPK encoding is removed.

2026-06-18 02:42:36 - __main__ - INFO - Input matrix with LAQHFISCGMNKTRWEPVYD encoding is generated.
2026-06-18 02:44:17 - __main__ - INFO - LAQHFISCGMNKTRWEPVYD encoding is done for binary task with:
	-custom
		-f1: 0.8287606433301797
		-auroc: 0.8160331145292448
	-resnet
		-f1: 0.830155979202773
		-auroc: 0.7962101172398028
2026-06-18 02:44:17 - __main__ - INFO - Input matrix with LAQHFISCGMNKTRWEPVYD encoding is removed.

2026-06-18 02:44:26 - __main__ - INFO - Input matrix with KRPIVTSELYFWGNMCQHDA encoding is generated.
2026-06-18 02:46:06 - __main__ - INFO - KRPIVTSELYFWGNMCQHDA encoding is done for binary task with:
	-custom
		-f1: 0.8286778398510242
		-auroc: 0.8121836321478724
	-resnet
		-f1: 0.8636363636363636
		-auroc: 0.8453226543875119
2026-06-18 02:46:06 - __main__ - INFO - Input matrix with KRPIVTSELYFWGNMCQHDA encoding is removed.

2026-06-18 02:46:16 - __main__ - INFO - Input matrix with FDCAYESNTHKGPRWMQLVI encoding is generated.
2026-06-18 02:47:56 - __main__ - INFO - FDCAYESNTHKGPRWMQLVI encoding is done for binary task with:
	-custom
		-f1: 0.8221574344023324
		-auroc: 0.8153534339178994
	-resnet
		-f1: 0.8893058161350844
		-auroc: 0.8793168903693542
2026-06-18 02:47:56 - __main__ - INFO - Input matrix with FDCAYESNTHKGPRWMQLVI encoding is removed.

2026-06-18 02:48:05 - __main__ - INFO - Input matrix with FCMYWIVSQLPKTGDEHRAN encoding is generated.
2026-06-18 02:49:44 - __main__ - INFO - FCMYWIVSQLPKTGDEHRAN encoding is done for binary task with:
	-custom
		-f1: 0.8015194681861348
		-auroc: 0.7879069919336402
	-resnet
		-f1: 0.8452380952380952
		-auroc: 0.8093138695666373
2026-06-18 02:49:44 - __main__ - INFO - Input matrix with FCMYWIVSQLPKTGDEHRAN encoding is removed.

2026-06-18 02:49:54 - __main__ - INFO - Input matrix with PYQRIFACGVSHNLTKEDWM encoding is generated.
2026-06-18 02:51:35 - __main__ - INFO - PYQRIFACGVSHNLTKEDWM encoding is done for binary task with:
	-custom
		-f1: 0.821969696969697
		-auroc: 0.8090015838803436
	-resnet
		-f1: 0.8505550811272417
		-auroc: 0.8166331929068286
2026-06-18 02:51:35 - __main__ - INFO - Input matrix with PYQRIFACGVSHNLTKEDWM encoding is removed.

2026-06-18 02:51:44 - __main__ - INFO - Input matrix with RTGKDSEYWFIMAVQNLCPH encoding is generated.
2026-06-18 02:53:23 - __main__ - INFO - RTGKDSEYWFIMAVQNLCPH encoding is done for binary task with:
	-custom
		-f1: 0.8331726133076182
		-auroc: 0.8250832761830117
	-resnet
		-f1: 0.8549222797927462
		-auroc: 0.824336239835407
2026-06-18 02:53:23 - __main__ - INFO - Input matrix with RTGKDSEYWFIMAVQNLCPH encoding is removed.

2026-06-18 02:53:33 - __main__ - INFO - Input matrix with QCSLWFGRVPDNYMKAETHI encoding is generated.
2026-06-18 02:55:13 - __main__ - INFO - QCSLWFGRVPDNYMKAETHI encoding is done for binary task with:
	-custom
		-f1: 0.8210116731517509
		-auroc: 0.8143900427810978
	-resnet
		-f1: 0.8786764705882353
		-auroc: 0.864102658306391
2026-06-18 02:55:13 - __main__ - INFO - Input matrix with QCSLWFGRVPDNYMKAETHI encoding is removed.

2026-06-18 02:55:22 - __main__ - INFO - Input matrix with ENGQRDLSFMATHCVYIPWK encoding is generated.
2026-06-18 02:57:02 - __main__ - INFO - ENGQRDLSFMATHCVYIPWK encoding is done for binary task with:
	-custom
		-f1: 0.8293612964728313
		-auroc: 0.8184395512883316
	-resnet
		-f1: 0.8651348651348651
		-auroc: 0.8652415825740504
2026-06-18 02:57:02 - __main__ - INFO - Input matrix with ENGQRDLSFMATHCVYIPWK encoding is removed.

2026-06-18 02:57:12 - __main__ - INFO - Input matrix with KQLYIRGFAWNTCMDPHESV encoding is generated.
2026-06-18 02:58:51 - __main__ - INFO - KQLYIRGFAWNTCMDPHESV encoding is done for binary task with:
	-custom
		-f1: 0.8168744007670182
		-auroc: 0.8065910649554228
	-resnet
		-f1: 0.8830917874396135
		-auroc: 0.8777697495183044
2026-06-18 02:58:51 - __main__ - INFO - Input matrix with KQLYIRGFAWNTCMDPHESV encoding is removed.

2026-06-18 02:59:01 - __main__ - INFO - Input matrix with PQEVDKANLRCGFSIWTHYM encoding is generated.
2026-06-18 03:00:40 - __main__ - INFO - PQEVDKANLRCGFSIWTHYM encoding is done for binary task with:
	-custom
		-f1: 0.8349146110056926
		-auroc: 0.8232565069723392
	-resnet
		-f1: 0.8682745825602969
		-auroc: 0.8544687469383756
2026-06-18 03:00:40 - __main__ - INFO - Input matrix with PQEVDKANLRCGFSIWTHYM encoding is removed.

2026-06-18 03:00:50 - __main__ - INFO - Input matrix with SLIHQMPCNVDAETKYWFGR encoding is generated.
2026-06-18 03:02:30 - __main__ - INFO - SLIHQMPCNVDAETKYWFGR encoding is done for binary task with:
	-custom
		-f1: 0.8207094918504314
		-auroc: 0.8106364912968225
	-resnet
		-f1: 0.8698224852071006
		-auroc: 0.8676521014989713
2026-06-18 03:02:30 - __main__ - INFO - Input matrix with SLIHQMPCNVDAETKYWFGR encoding is removed.

2026-06-18 03:02:40 - __main__ - INFO - Input matrix with SMTCWDRYQFVIHKGNEAPL encoding is generated.
2026-06-18 03:04:19 - __main__ - INFO - SMTCWDRYQFVIHKGNEAPL encoding is done for binary task with:
	-custom
		-f1: 0.8133704735376045
		-auroc: 0.7948466738512786
	-resnet
		-f1: 0.8656429942418427
		-auroc: 0.8582182162568173
2026-06-18 03:04:19 - __main__ - INFO - Input matrix with SMTCWDRYQFVIHKGNEAPL encoding is removed.

2026-06-18 03:04:28 - __main__ - INFO - Input matrix with FISGWDKQPNTYCHVMAERL encoding is generated.
2026-06-18 03:06:08 - __main__ - INFO - FISGWDKQPNTYCHVMAERL encoding is done for binary task with:
	-custom
		-f1: 0.812793979303857
		-auroc: 0.7975409033016557
	-resnet
		-f1: 0.8670309653916212
		-auroc: 0.8494640116260084
2026-06-18 03:06:08 - __main__ - INFO - Input matrix with FISGWDKQPNTYCHVMAERL encoding is removed.

2026-06-18 03:06:18 - __main__ - INFO - Input matrix with STMYVWGIKACENFRLHQDP encoding is generated.
2026-06-18 03:07:51 - __main__ - INFO - STMYVWGIKACENFRLHQDP encoding is done for binary task with:
	-custom
		-f1: 0.8227488151658767
		-auroc: 0.810060905914242
	-resnet
		-f1: 0.8217054263565892
		-auroc: 0.784749436661115
2026-06-18 03:07:51 - __main__ - INFO - Input matrix with STMYVWGIKACENFRLHQDP encoding is removed.

2026-06-18 03:08:01 - __main__ - INFO - Input matrix with MRPQITNGKHCLVWYADEFS encoding is generated.
2026-06-18 03:09:24 - __main__ - INFO - MRPQITNGKHCLVWYADEFS encoding is done for binary task with:
	-custom
		-f1: 0.814176245210728
		-auroc: 0.8035090297508247
	-resnet
		-f1: 0.8713450292397661
		-auroc: 0.8670765161163908
2026-06-18 03:09:24 - __main__ - INFO - Input matrix with MRPQITNGKHCLVWYADEFS encoding is removed.

2026-06-18 03:09:34 - __main__ - INFO - Input matrix with GCSLQHPMTFWDRYKVAINE encoding is generated.
2026-06-18 03:10:57 - __main__ - INFO - GCSLQHPMTFWDRYKVAINE encoding is done for binary task with:
	-custom
		-f1: 0.8309726156751652
		-auroc: 0.8179598968028476
	-resnet
		-f1: 0.8888888888888888
		-auroc: 0.883837889030404
2026-06-18 03:10:57 - __main__ - INFO - Input matrix with GCSLQHPMTFWDRYKVAINE encoding is removed.

2026-06-18 03:11:06 - __main__ - INFO - Input matrix with EFWMPINRYQKHCSVGTDAL encoding is generated.
2026-06-18 03:12:29 - __main__ - INFO - EFWMPINRYQKHCSVGTDAL encoding is done for binary task with:
	-custom
		-f1: 0.8289473684210527
		-auroc: 0.814685999804056
	-resnet
		-f1: 0.881159420289855
		-auroc: 0.8757470363476045
2026-06-18 03:12:29 - __main__ - INFO - Input matrix with EFWMPINRYQKHCSVGTDAL encoding is removed.

2026-06-18 03:12:38 - __main__ - INFO - Input matrix with GDNMYKVLSERQFCTAIHPW encoding is generated.
2026-06-18 03:14:00 - __main__ - INFO - GDNMYKVLSERQFCTAIHPW encoding is done for binary task with:
	-custom
		-f1: 0.8293153326904532
		-auroc: 0.821037849841612
	-resnet
		-f1: 0.8910318225650916
		-auroc: 0.885764671304007
2026-06-18 03:14:00 - __main__ - INFO - Input matrix with GDNMYKVLSERQFCTAIHPW encoding is removed.

2026-06-18 03:14:10 - __main__ - INFO - Input matrix with HRQNLDAVMWKFGIPETSCY encoding is generated.
2026-06-18 03:15:32 - __main__ - INFO - HRQNLDAVMWKFGIPETSCY encoding is done for binary task with:
	-custom
		-f1: 0.8295019157088123
		-auroc: 0.8196907351164234
	-resnet
		-f1: 0.8872458410351202
		-auroc: 0.8745040168511806
2026-06-18 03:15:32 - __main__ - INFO - Input matrix with HRQNLDAVMWKFGIPETSCY encoding is removed.

2026-06-18 03:15:41 - __main__ - INFO - Input matrix with TKPWALIFREQDSMCHNYGV encoding is generated.
2026-06-18 03:17:01 - __main__ - INFO - TKPWALIFREQDSMCHNYGV encoding is done for binary task with:
	-custom
		-f1: 0.817658349328215
		-auroc: 0.807650386989321
	-resnet
		-f1: 0.8830188679245283
		-auroc: 0.873536543548545
2026-06-18 03:17:01 - __main__ - INFO - Input matrix with TKPWALIFREQDSMCHNYGV encoding is removed.

2026-06-18 03:17:11 - __main__ - INFO - Input matrix with SCPVGAIFERHMTKDYWQNL encoding is generated.
2026-06-18 03:18:34 - __main__ - INFO - SCPVGAIFERHMTKDYWQNL encoding is done for binary task with:
	-custom
		-f1: 0.8225966303270565
		-auroc: 0.8203581692302668
	-resnet
		-f1: 0.8734995383194829
		-auroc: 0.8592857026223834
2026-06-18 03:18:34 - __main__ - INFO - Input matrix with SCPVGAIFERHMTKDYWQNL encoding is removed.

2026-06-18 03:18:43 - __main__ - INFO - Input matrix with KCAGEMWNDPTILRFYQHSV encoding is generated.
2026-06-18 03:20:06 - __main__ - INFO - KCAGEMWNDPTILRFYQHSV encoding is done for binary task with:
	-custom
		-f1: 0.8068506184586108
		-auroc: 0.7940710623428365
	-resnet
		-f1: 0.8772893772893773
		-auroc: 0.8618880833414976
2026-06-18 03:20:06 - __main__ - INFO - Input matrix with KCAGEMWNDPTILRFYQHSV encoding is removed.

2026-06-18 03:20:15 - __main__ - INFO - Input matrix with QGIPCSRANWEKVMFHYDTL encoding is generated.
2026-06-18 03:21:37 - __main__ - INFO - QGIPCSRANWEKVMFHYDTL encoding is done for binary task with:
	-custom
		-f1: 0.8273244781783681
		-auroc: 0.8151656542895399
	-resnet
		-f1: 0.8763388510223953
		-auroc: 0.872085333594592
2026-06-18 03:21:37 - __main__ - INFO - Input matrix with QGIPCSRANWEKVMFHYDTL encoding is removed.

2026-06-18 03:21:46 - __main__ - INFO - Input matrix with FHGYEIPAKLWVTSCQRNMD encoding is generated.
2026-06-18 03:23:10 - __main__ - INFO - FHGYEIPAKLWVTSCQRNMD encoding is done for binary task with:
	-custom
		-f1: 0.8239845261121856
		-auroc: 0.8161249632605074
	-resnet
		-f1: 0.8740157480314961
		-auroc: 0.8716015969432742
2026-06-18 03:23:10 - __main__ - INFO - Input matrix with FHGYEIPAKLWVTSCQRNMD encoding is removed.

2026-06-18 03:23:20 - __main__ - INFO - Input matrix with YWLRTPEFNSHVDCGQMIKA encoding is generated.
2026-06-18 03:24:43 - __main__ - INFO - YWLRTPEFNSHVDCGQMIKA encoding is done for binary task with:
	-custom
		-f1: 0.8290258449304175
		-auroc: 0.8275815616733614
	-resnet
		-f1: 0.8230313293818797
		-auroc: 0.7817674145194474
2026-06-18 03:24:43 - __main__ - INFO - Input matrix with YWLRTPEFNSHVDCGQMIKA encoding is removed.

2026-06-18 03:24:52 - __main__ - INFO - Input matrix with ANQFLCKSWRHYPIMGETDV encoding is generated.
2026-06-18 03:26:14 - __main__ - INFO - ANQFLCKSWRHYPIMGETDV encoding is done for binary task with:
	-custom
		-f1: 0.8248803827751197
		-auroc: 0.8145859867411254
	-resnet
		-f1: 0.862708719851577
		-auroc: 0.848400607426276
2026-06-18 03:26:14 - __main__ - INFO - Input matrix with ANQFLCKSWRHYPIMGETDV encoding is removed.

2026-06-18 03:26:24 - __main__ - INFO - Input matrix with EMGVSNWKCTQAPLHFIYRD encoding is generated.
2026-06-18 03:27:44 - __main__ - INFO - EMGVSNWKCTQAPLHFIYRD encoding is done for binary task with:
	-custom
		-f1: 0.8213592233009709
		-auroc: 0.8142941118840012
	-resnet
		-f1: 0.8830188679245283
		-auroc: 0.873536543548545
2026-06-18 03:27:44 - __main__ - INFO - Input matrix with EMGVSNWKCTQAPLHFIYRD encoding is removed.

2026-06-18 03:27:53 - __main__ - INFO - Input matrix with VSYHGFTDENQKMLWIACRP encoding is generated.
2026-06-18 03:29:17 - __main__ - INFO - VSYHGFTDENQKMLWIACRP encoding is done for binary task with:
	-custom
		-f1: 0.8419047619047619
		-auroc: 0.831539221449332
	-resnet
		-f1: 0.873015873015873
		-auroc: 0.8497599686489665
2026-06-18 03:29:17 - __main__ - INFO - Input matrix with VSYHGFTDENQKMLWIACRP encoding is removed.

2026-06-18 03:29:26 - __main__ - INFO - Input matrix with DAQYWGCMRKNTFPSLEIHV encoding is generated.
2026-06-18 03:30:48 - __main__ - INFO - DAQYWGCMRKNTFPSLEIHV encoding is done for binary task with:
	-custom
		-f1: 0.83008356545961
		-auroc: 0.8130510923875772
	-resnet
		-f1: 0.8766603415559773
		-auroc: 0.8677561967277359
2026-06-18 03:30:48 - __main__ - INFO - Input matrix with DAQYWGCMRKNTFPSLEIHV encoding is removed.

2026-06-18 03:30:57 - __main__ - INFO - Input matrix with CTYIRWVMANPFHDLQKESG encoding is generated.
2026-06-18 03:32:20 - __main__ - INFO - CTYIRWVMANPFHDLQKESG encoding is done for binary task with:
	-custom
		-f1: 0.8301886792452831
		-auroc: 0.8169005747689494
	-resnet
		-f1: 0.8443051201671892
		-auroc: 0.8531930701152803
2026-06-18 03:32:20 - __main__ - INFO - Input matrix with CTYIRWVMANPFHDLQKESG encoding is removed.

2026-06-18 03:32:29 - __main__ - INFO - Input matrix with MAQPELTKNWSGIHDCRFYV encoding is generated.
2026-06-18 03:33:56 - __main__ - INFO - MAQPELTKNWSGIHDCRFYV encoding is done for binary task with:
	-custom
		-f1: 0.8187134502923976
		-auroc: 0.8124632605074948
	-resnet
		-f1: 0.8763837638376384
		-auroc: 0.8622718069298848
2026-06-18 03:33:56 - __main__ - INFO - Input matrix with MAQPELTKNWSGIHDCRFYV encoding is removed.

2026-06-18 03:34:06 - __main__ - INFO - Input matrix with SRFAIMHNETKWGQPDVCYL encoding is generated.
2026-06-18 03:35:27 - __main__ - INFO - SRFAIMHNETKWGQPDVCYL encoding is done for binary task with:
	-custom
		-f1: 0.8231884057971014
		-auroc: 0.8150656412266092
	-resnet
		-f1: 0.8726919339164237
		-auroc: 0.8679439763560955
2026-06-18 03:35:27 - __main__ - INFO - Input matrix with SRFAIMHNETKWGQPDVCYL encoding is removed.

2026-06-18 03:35:37 - __main__ - INFO - Input matrix with GNWEYCIMTQSRPKHLDFAV encoding is generated.
2026-06-18 03:36:59 - __main__ - INFO - GNWEYCIMTQSRPKHLDFAV encoding is done for binary task with:
	-custom
		-f1: 0.8129770992366412
		-auroc: 0.8012944547859312
	-resnet
		-f1: 0.8824626865671642
		-auroc: 0.8709382449952647
2026-06-18 03:36:59 - __main__ - INFO - Input matrix with GNWEYCIMTQSRPKHLDFAV encoding is removed.

2026-06-18 03:37:08 - __main__ - INFO - Input matrix with YGKDQSWIFVLTCRAHENPM encoding is generated.
2026-06-18 03:38:30 - __main__ - INFO - YGKDQSWIFVLTCRAHENPM encoding is done for binary task with:
	-custom
		-f1: 0.812133072407045
		-auroc: 0.8065869827895888
	-resnet
		-f1: 0.8907882241215574
		-auroc: 0.8829745109565331
2026-06-18 03:38:30 - __main__ - INFO - Input matrix with YGKDQSWIFVLTCRAHENPM encoding is removed.

2026-06-18 03:38:39 - __main__ - INFO - Input matrix with TNEIWGQDPMYLKCHFSAVR encoding is generated.
2026-06-18 03:40:01 - __main__ - INFO - TNEIWGQDPMYLKCHFSAVR encoding is done for binary task with:
	-custom
		-f1: 0.8162111215834119
		-auroc: 0.8016822605401522
	-resnet
		-f1: 0.8694835680751174
		-auroc: 0.8581263675255544
2026-06-18 03:40:01 - __main__ - INFO - Input matrix with TNEIWGQDPMYLKCHFSAVR encoding is removed.

2026-06-18 03:40:11 - __main__ - INFO - Input matrix with RFPNIQLEWDSGTYKCMAHV encoding is generated.
2026-06-18 03:41:33 - __main__ - INFO - RFPNIQLEWDSGTYKCMAHV encoding is done for binary task with:
	-custom
		-f1: 0.8354186717998076
		-auroc: 0.8270100584566149
	-resnet
		-f1: 0.8851540616246498
		-auroc: 0.8740202801998628
2026-06-18 03:41:33 - __main__ - INFO - Input matrix with RFPNIQLEWDSGTYKCMAHV encoding is removed.

2026-06-18 03:41:42 - __main__ - INFO - Input matrix with WSTFRHEPAYMCIKVNQLGD encoding is generated.
2026-06-18 03:43:04 - __main__ - INFO - WSTFRHEPAYMCIKVNQLGD encoding is done for binary task with:
	-custom
		-f1: 0.8352272727272727
		-auroc: 0.8231605760752425
	-resnet
		-f1: 0.8676748582230623
		-auroc: 0.857450769080043
2026-06-18 03:43:04 - __main__ - INFO - Input matrix with WSTFRHEPAYMCIKVNQLGD encoding is removed.

2026-06-18 03:43:13 - __main__ - INFO - Input matrix with PCTAQIKVEFYDMRLHSWGN encoding is generated.
2026-06-18 03:44:36 - __main__ - INFO - PCTAQIKVEFYDMRLHSWGN encoding is done for binary task with:
	-custom
		-f1: 0.8148854961832062
		-auroc: 0.8033171679566312
	-resnet
		-f1: 0.8925022583559169
		-auroc: 0.8763389503935207
2026-06-18 03:44:36 - __main__ - INFO - Input matrix with PCTAQIKVEFYDMRLHSWGN encoding is removed.

2026-06-18 03:44:45 - __main__ - INFO - Input matrix with IRYMPLVAEDNFGSCTQWHK encoding is generated.
2026-06-18 03:46:06 - __main__ - INFO - IRYMPLVAEDNFGSCTQWHK encoding is done for binary task with:
	-custom
		-f1: 0.8249763481551561
		-auroc: 0.811987688187845
	-resnet
		-f1: 0.8920454545454546
		-auroc: 0.883841971196238
2026-06-18 03:46:06 - __main__ - INFO - Input matrix with IRYMPLVAEDNFGSCTQWHK encoding is removed.

2026-06-18 03:46:16 - __main__ - INFO - Input matrix with MIPNERYQGWFTLCKDVHSA encoding is generated.
2026-06-18 03:47:38 - __main__ - INFO - MIPNERYQGWFTLCKDVHSA encoding is done for binary task with:
	-custom
		-f1: 0.805019305019305
		-auroc: 0.7958019006564123
	-resnet
		-f1: 0.8739172281039461
		-auroc: 0.8674643218706117
2026-06-18 03:47:38 - __main__ - INFO - Input matrix with MIPNERYQGWFTLCKDVHSA encoding is removed.

2026-06-18 03:47:48 - __main__ - INFO - Input matrix with AMGIRKHNSDLYFQEVPCTW encoding is generated.
2026-06-18 03:49:10 - __main__ - INFO - AMGIRKHNSDLYFQEVPCTW encoding is done for binary task with:
	-custom
		-f1: 0.8341232227488151
		-auroc: 0.822197184938441
	-resnet
		-f1: 0.8736740597878495
		-auroc: 0.8675602527677084
2026-06-18 03:49:10 - __main__ - INFO - Input matrix with AMGIRKHNSDLYFQEVPCTW encoding is removed.

2026-06-18 03:49:19 - __main__ - INFO - Input matrix with KLISPGHMRVEDYWCNAFTQ encoding is generated.
2026-06-18 03:50:41 - __main__ - INFO - KLISPGHMRVEDYWCNAFTQ encoding is done for binary task with:
	-custom
		-f1: 0.8225966303270565
		-auroc: 0.8203581692302668
	-resnet
		-f1: 0.8822966507177034
		-auroc: 0.8752673818621207
2026-06-18 03:50:41 - __main__ - INFO - Input matrix with KLISPGHMRVEDYWCNAFTQ encoding is removed.

2026-06-18 03:50:51 - __main__ - INFO - Input matrix with KHNLRTECSFDVAGIYPQMW encoding is generated.
2026-06-18 03:52:14 - __main__ - INFO - KHNLRTECSFDVAGIYPQMW encoding is done for binary task with:
	-custom
		-f1: 0.8287606433301797
		-auroc: 0.8160331145292448
	-resnet
		-f1: 0.8684907325684025
		-auroc: 0.8447511511707652
2026-06-18 03:52:14 - __main__ - INFO - Input matrix with KHNLRTECSFDVAGIYPQMW encoding is removed.

2026-06-18 03:52:24 - __main__ - INFO - Input matrix with VPGSKRNAFCEHQMLYTWDI encoding is generated.
2026-06-18 03:53:46 - __main__ - INFO - VPGSKRNAFCEHQMLYTWDI encoding is done for binary task with:
	-custom
		-f1: 0.8194842406876791
		-auroc: 0.8084219163319291
	-resnet
		-f1: 0.8812915479582146
		-auroc: 0.8728609451030339
2026-06-18 03:53:46 - __main__ - INFO - Input matrix with VPGSKRNAFCEHQMLYTWDI encoding is removed.

2026-06-18 03:53:55 - __main__ - INFO - Input matrix with PNSACYVFLIGRQTHKMEWD encoding is generated.
2026-06-18 03:55:17 - __main__ - INFO - PNSACYVFLIGRQTHKMEWD encoding is done for binary task with:
	-custom
		-f1: 0.8196078431372549
		-auroc: 0.8147737663694851
	-resnet
		-f1: 0.8583690987124464
		-auroc: 0.8270345514516181
2026-06-18 03:55:17 - __main__ - INFO - Input matrix with PNSACYVFLIGRQTHKMEWD encoding is removed.

2026-06-18 03:55:27 - __main__ - INFO - Input matrix with CAEWYIPHLTGDFSKNVQRM encoding is generated.
2026-06-18 03:56:51 - __main__ - INFO - CAEWYIPHLTGDFSKNVQRM encoding is done for binary task with:
	-custom
		-f1: 0.823199251637044
		-auroc: 0.8073666764638646
	-resnet
		-f1: 0.8767377201112141
		-auroc: 0.8635229907579764
2026-06-18 03:56:51 - __main__ - INFO - Input matrix with CAEWYIPHLTGDFSKNVQRM encoding is removed.

2026-06-18 03:57:00 - __main__ - INFO - Input matrix with MFAYLRHWNCPIDKEQVTSG encoding is generated.
2026-06-18 03:58:22 - __main__ - INFO - MFAYLRHWNCPIDKEQVTSG encoding is done for binary task with:
	-custom
		-f1: 0.8318924111431316
		-auroc: 0.8228687012181182
	-resnet
		-f1: 0.8865179437439379
		-auroc: 0.8820070376538977
2026-06-18 03:58:22 - __main__ - INFO - Input matrix with MFAYLRHWNCPIDKEQVTSG encoding is removed.

2026-06-18 03:58:32 - __main__ - INFO - Input matrix with QNPWLGYCFSTRDAHMKEVI encoding is generated.
2026-06-18 03:59:54 - __main__ - INFO - QNPWLGYCFSTRDAHMKEVI encoding is done for binary task with:
	-custom
		-f1: 0.8458574181117534
		-auroc: 0.8381829463440122
	-resnet
		-f1: 0.8874045801526718
		-auroc: 0.8801802684432253
2026-06-18 03:59:54 - __main__ - INFO - Input matrix with QNPWLGYCFSTRDAHMKEVI encoding is removed.

2026-06-18 04:00:03 - __main__ - INFO - Input matrix with QETFSVCMNAIDLWPKYRGH encoding is generated.
2026-06-18 04:01:26 - __main__ - INFO - QETFSVCMNAIDLWPKYRGH encoding is done for binary task with:
	-custom
		-f1: 0.8295019157088123
		-auroc: 0.8196907351164234
	-resnet
		-f1: 0.8854667949951877
		-auroc: 0.8796006008948108
2026-06-18 04:01:26 - __main__ - INFO - Input matrix with QETFSVCMNAIDLWPKYRGH encoding is removed.

2026-06-18 04:01:35 - __main__ - INFO - Input matrix with LIKTYSACGFRPNQDMVHEW encoding is generated.
2026-06-18 04:02:58 - __main__ - INFO - LIKTYSACGFRPNQDMVHEW encoding is done for binary task with:
	-custom
		-f1: 0.8263821532492726
		-auroc: 0.8193029293622024
	-resnet
		-f1: 0.8686679174484052
		-auroc: 0.857067045491656
2026-06-18 04:02:58 - __main__ - INFO - Input matrix with LIKTYSACGFRPNQDMVHEW encoding is removed.

2026-06-18 04:03:08 - __main__ - INFO - Input matrix with RGEIQLWMYFCDVHNSTPKA encoding is generated.
2026-06-18 04:04:29 - __main__ - INFO - RGEIQLWMYFCDVHNSTPKA encoding is done for binary task with:
	-custom
		-f1: 0.8241965973534972
		-auroc: 0.8109283661539467
	-resnet
		-f1: 0.8842897460018815
		-auroc: 0.8744040037882499
2026-06-18 04:04:29 - __main__ - INFO - Input matrix with RGEIQLWMYFCDVHNSTPKA encoding is removed.

2026-06-18 04:04:39 - __main__ - INFO - Input matrix with YPQLADKTEGMNICWHFRVS encoding is generated.
2026-06-18 04:06:01 - __main__ - INFO - YPQLADKTEGMNICWHFRVS encoding is done for binary task with:
	-custom
		-f1: 0.8230842005676443
		-auroc: 0.809964975017145
	-resnet
		-f1: 0.8697962798937112
		-auroc: 0.8469657261356586
2026-06-18 04:06:01 - __main__ - INFO - Input matrix with YPQLADKTEGMNICWHFRVS encoding is removed.

2026-06-18 04:06:10 - __main__ - INFO - Input matrix with CWLREIKPAQDNSTGFHYMV encoding is generated.
2026-06-18 04:07:31 - __main__ - INFO - CWLREIKPAQDNSTGFHYMV encoding is done for binary task with:
	-custom
		-f1: 0.8058536585365854
		-auroc: 0.7993635903464942
	-resnet
		-f1: 0.868122270742358
		-auroc: 0.8421528526174846
2026-06-18 04:07:31 - __main__ - INFO - Input matrix with CWLREIKPAQDNSTGFHYMV encoding is removed.

2026-06-18 04:07:40 - __main__ - INFO - Input matrix with EDVAYRHKQNPTLWMSGFIC encoding is generated.
2026-06-18 04:09:04 - __main__ - INFO - EDVAYRHKQNPTLWMSGFIC encoding is done for binary task with:
	-custom
		-f1: 0.8112294288480155
		-auroc: 0.8030252930995069
	-resnet
		-f1: 0.8768115942028986
		-auroc: 0.8592897847882173
2026-06-18 04:09:04 - __main__ - INFO - Input matrix with EDVAYRHKQNPTLWMSGFIC encoding is removed.

2026-06-18 04:09:13 - __main__ - INFO - Input matrix with NKWVLGFCAHDYRSTMQIPE encoding is generated.
2026-06-18 04:10:34 - __main__ - INFO - NKWVLGFCAHDYRSTMQIPE encoding is done for binary task with:
	-custom
		-f1: 0.8262910798122066
		-auroc: 0.8116039645994578
	-resnet
		-f1: 0.8788461538461538
		-auroc: 0.872473139348813
2026-06-18 04:10:34 - __main__ - INFO - Input matrix with NKWVLGFCAHDYRSTMQIPE encoding is removed.

2026-06-18 04:10:44 - __main__ - INFO - Input matrix with ECRHDNYLWITMFSGPQAVK encoding is generated.
2026-06-18 04:12:07 - __main__ - INFO - ECRHDNYLWITMFSGPQAVK encoding is done for binary task with:
	-custom
		-f1: 0.8245445829338447
		-auroc: 0.8146819176382222
	-resnet
		-f1: 0.8697318007662835
		-auroc: 0.8621677117011202
2026-06-18 04:12:07 - __main__ - INFO - Input matrix with ECRHDNYLWITMFSGPQAVK encoding is removed.

2026-06-18 04:12:17 - __main__ - INFO - Input matrix with MKIWERCDLYTGFHVAPNQS encoding is generated.
2026-06-18 04:13:39 - __main__ - INFO - MKIWERCDLYTGFHVAPNQS encoding is done for binary task with:
	-custom
		-f1: 0.8287401574803149
		-auroc: 0.8250791940171778
	-resnet
		-f1: 0.8737864077669902
		-auroc: 0.868907367492897
2026-06-18 04:13:39 - __main__ - INFO - Input matrix with MKIWERCDLYTGFHVAPNQS encoding is removed.

2026-06-18 04:13:49 - __main__ - INFO - Input matrix with PGMNKFIDQTRAYVWELSCH encoding is generated.
2026-06-18 04:15:11 - __main__ - INFO - PGMNKFIDQTRAYVWELSCH encoding is done for binary task with:
	-custom
		-f1: 0.8125594671741199
		-auroc: 0.8001392018549363
	-resnet
		-f1: 0.8718929254302104
		-auroc: 0.8640944939747233
2026-06-18 04:15:11 - __main__ - INFO - Input matrix with PGMNKFIDQTRAYVWELSCH encoding is removed.

2026-06-18 04:15:21 - __main__ - INFO - Input matrix with MNTIQKWRGSHYFVLPAEDC encoding is generated.
2026-06-18 04:16:42 - __main__ - INFO - MNTIQKWRGSHYFVLPAEDC encoding is done for binary task with:
	-custom
		-f1: 0.8107588856868396
		-auroc: 0.80061885634042
	-resnet
		-f1: 0.8783783783783784
		-auroc: 0.8726650011430065
2026-06-18 04:16:42 - __main__ - INFO - Input matrix with MNTIQKWRGSHYFVLPAEDC encoding is removed.

2026-06-18 04:16:52 - __main__ - INFO - Input matrix with GSMTFCNYALKPIVHDEWRQ encoding is generated.
2026-06-18 04:18:14 - __main__ - INFO - GSMTFCNYALKPIVHDEWRQ encoding is done for binary task with:
	-custom
		-f1: 0.8246445497630331
		-auroc: 0.8120836190849416
	-resnet
		-f1: 0.8789323164918971
		-auroc: 0.8710300937265276
2026-06-18 04:18:14 - __main__ - INFO - Input matrix with GSMTFCNYALKPIVHDEWRQ encoding is removed.

2026-06-18 04:18:24 - __main__ - INFO - Input matrix with APWTCNRISMYFLGVHKDEQ encoding is generated.
2026-06-18 04:19:46 - __main__ - INFO - APWTCNRISMYFLGVHKDEQ encoding is done for binary task with:
	-custom
		-f1: 0.8174603174603174
		-auroc: 0.8153493517520657
	-resnet
		-f1: 0.8793103448275862
		-auroc: 0.8722812775546194
2026-06-18 04:19:46 - __main__ - INFO - Input matrix with APWTCNRISMYFLGVHKDEQ encoding is removed.

2026-06-18 04:19:55 - __main__ - INFO - Input matrix with LWTQCYFHIRESKMPDVGNA encoding is generated.
2026-06-18 04:21:17 - __main__ - INFO - LWTQCYFHIRESKMPDVGNA encoding is done for binary task with:
	-custom
		-f1: 0.811284046692607
		-auroc: 0.8042764769275987
	-resnet
		-f1: 0.8748787584869059
		-auroc: 0.8698707586296986
2026-06-18 04:21:17 - __main__ - INFO - Input matrix with LWTQCYFHIRESKMPDVGNA encoding is removed.

2026-06-18 04:21:27 - __main__ - INFO - Input matrix with ADLQHWFGSKMPEVCIYTNR encoding is generated.
2026-06-18 04:22:48 - __main__ - INFO - ADLQHWFGSKMPEVCIYTNR encoding is done for binary task with:
	-custom
		-f1: 0.8206106870229007
		-auroc: 0.8093853074687306
	-resnet
		-f1: 0.888268156424581
		-auroc: 0.8769104536102675
2026-06-18 04:22:48 - __main__ - INFO - Input matrix with ADLQHWFGSKMPEVCIYTNR encoding is removed.

2026-06-18 04:22:57 - __main__ - INFO - Input matrix with LQRVDPACYKMFHGIWSTEN encoding is generated.
2026-06-18 04:24:20 - __main__ - INFO - LQRVDPACYKMFHGIWSTEN encoding is done for binary task with:
	-custom
		-f1: 0.8274547187797903
		-auroc: 0.8164168381176317
	-resnet
		-f1: 0.8654545454545455
		-auroc: 0.8473453675582117
2026-06-18 04:24:20 - __main__ - INFO - Input matrix with LQRVDPACYKMFHGIWSTEN encoding is removed.

2026-06-18 04:24:29 - __main__ - INFO - Input matrix with ATDIFHMYGLKRWSCNPQVE encoding is generated.
2026-06-18 04:25:52 - __main__ - INFO - ATDIFHMYGLKRWSCNPQVE encoding is done for binary task with:
	-custom
		-f1: 0.8246445497630331
		-auroc: 0.8120836190849416
	-resnet
		-f1: 0.8686131386861314
		-auroc: 0.8515826556938049
2026-06-18 04:25:52 - __main__ - INFO - Input matrix with ATDIFHMYGLKRWSCNPQVE encoding is removed.

2026-06-18 04:26:01 - __main__ - INFO - Input matrix with FPYTAWGSCQKHRINVLEMD encoding is generated.
2026-06-18 04:27:23 - __main__ - INFO - FPYTAWGSCQKHRINVLEMD encoding is done for binary task with:
	-custom
		-f1: 0.815028901734104
		-auroc: 0.8058195356128147
	-resnet
		-f1: 0.8839024390243903
		-auroc: 0.8802721171744881
2026-06-18 04:27:23 - __main__ - INFO - Input matrix with FPYTAWGSCQKHRINVLEMD encoding is removed.

2026-06-18 04:27:32 - __main__ - INFO - Input matrix with SFMAYQEDPVTWNHILGKCR encoding is generated.
2026-06-18 04:28:55 - __main__ - INFO - SFMAYQEDPVTWNHILGKCR encoding is done for binary task with:
	-custom
		-f1: 0.8174077578051088
		-auroc: 0.8038968355050455
	-resnet
		-f1: 0.8764044943820225
		-auroc: 0.8650619672773587
2026-06-18 04:28:55 - __main__ - INFO - Input matrix with SFMAYQEDPVTWNHILGKCR encoding is removed.

2026-06-18 04:29:04 - __main__ - INFO - Input matrix with AMTIYKQCPRGWLNHEDVFS encoding is generated.
2026-06-18 04:30:27 - __main__ - INFO - AMTIYKQCPRGWLNHEDVFS encoding is done for binary task with:
	-custom
		-f1: 0.8138862102217936
		-auroc: 0.8048561444760131
	-resnet
		-f1: 0.7676767676767676
		-auroc: 0.6856609842918259
2026-06-18 04:30:27 - __main__ - INFO - Input matrix with AMTIYKQCPRGWLNHEDVFS encoding is removed.

2026-06-18 04:30:36 - __main__ - INFO - Input matrix with QCNESYPHWTIRKMGFLDAV encoding is generated.
2026-06-18 04:31:57 - __main__ - INFO - QCNESYPHWTIRKMGFLDAV encoding is done for binary task with:
	-custom
		-f1: 0.8328611898016998
		-auroc: 0.8199826099735475
	-resnet
		-f1: 0.8856088560885609
		-auroc: 0.8723853727833839
2026-06-18 04:31:57 - __main__ - INFO - Input matrix with QCNESYPHWTIRKMGFLDAV encoding is removed.

2026-06-18 04:32:07 - __main__ - INFO - Input matrix with EIVNFWLRQGCDMHYSAPTK encoding is generated.
2026-06-18 04:33:29 - __main__ - INFO - EIVNFWLRQGCDMHYSAPTK encoding is done for binary task with:
	-custom
		-f1: 0.8179162609542356
		-auroc: 0.8114039384735966
	-resnet
		-f1: 0.86497461928934
		-auroc: 0.8680317429215244
2026-06-18 04:33:29 - __main__ - INFO - Input matrix with EIVNFWLRQGCDMHYSAPTK encoding is removed.

2026-06-18 04:33:38 - __main__ - INFO - Input matrix with FGYVKTRIHEMWANQDLPCS encoding is generated.
2026-06-18 04:35:00 - __main__ - INFO - FGYVKTRIHEMWANQDLPCS encoding is done for binary task with:
	-custom
		-f1: 0.8396501457725948
		-auroc: 0.8335578524541981
	-resnet
		-f1: 0.8634984833164813
		-auroc: 0.8658171679566311
2026-06-18 04:35:00 - __main__ - INFO - Input matrix with FGYVKTRIHEMWANQDLPCS encoding is removed.

2026-06-18 04:35:10 - __main__ - INFO - Input matrix with RPSLNEDCWQGTMIYKFVAH encoding is generated.
2026-06-18 04:36:31 - __main__ - INFO - RPSLNEDCWQGTMIYKFVAH encoding is done for binary task with:
	-custom
		-f1: 0.8308270676691729
		-auroc: 0.8167087129747559
	-resnet
		-f1: 0.8834586466165414
		-auroc: 0.8733446817543515
2026-06-18 04:36:31 - __main__ - INFO - Input matrix with RPSLNEDCWQGTMIYKFVAH encoding is removed.

2026-06-18 04:36:41 - __main__ - INFO - Input matrix with SGRPTVKQWFCAIHYMNDEL encoding is generated.
2026-06-18 04:38:03 - __main__ - INFO - SGRPTVKQWFCAIHYMNDEL encoding is done for binary task with:
	-custom
		-f1: 0.8306527909176916
		-auroc: 0.8180558276999444
	-resnet
		-f1: 0.8879003558718861
		-auroc: 0.8684440416707487
2026-06-18 04:38:03 - __main__ - INFO - Input matrix with SGRPTVKQWFCAIHYMNDEL encoding is removed.

2026-06-18 04:38:12 - __main__ - INFO - Input matrix with MTDCKIPWVGYENFSALRHQ encoding is generated.
2026-06-18 04:39:34 - __main__ - INFO - MTDCKIPWVGYENFSALRHQ encoding is done for binary task with:
	-custom
		-f1: 0.807843137254902
		-auroc: 0.802637487345286
	-resnet
		-f1: 0.8832579185520362
		-auroc: 0.8663213154371184
2026-06-18 04:39:34 - __main__ - INFO - Input matrix with MTDCKIPWVGYENFSALRHQ encoding is removed.

2026-06-18 04:39:43 - __main__ - INFO - Input matrix with IKMDWCGYHENLTSVQRAPF encoding is generated.
2026-06-18 04:41:06 - __main__ - INFO - IKMDWCGYHENLTSVQRAPF encoding is done for binary task with:
	-custom
		-f1: 0.802747791952895
		-auroc: 0.7976286698670845
	-resnet
		-f1: 0.8715313463514902
		-auroc: 0.8766981809869042
2026-06-18 04:41:06 - __main__ - INFO - Input matrix with IKMDWCGYHENLTSVQRAPF encoding is removed.

2026-06-18 04:41:15 - __main__ - INFO - Input matrix with FLQMVNRDWHTSACIEYPKG encoding is generated.
2026-06-18 04:42:37 - __main__ - INFO - FLQMVNRDWHTSACIEYPKG encoding is done for binary task with:
	-custom
		-f1: 0.8137535816618912
		-auroc: 0.8023537768198296
	-resnet
		-f1: 0.8680926916221033
		-auroc: 0.8462901276901472
2026-06-18 04:42:37 - __main__ - INFO - Input matrix with FLQMVNRDWHTSACIEYPKG encoding is removed.

2026-06-18 04:42:46 - __main__ - INFO - Input matrix with KWRAHPNDESVTLYMQGFCI encoding is generated.
2026-06-18 04:44:08 - __main__ - INFO - KWRAHPNDESVTLYMQGFCI encoding is done for binary task with:
	-custom
		-f1: 0.8314606741573034
		-auroc: 0.8165168511805624
	-resnet
		-f1: 0.8530161427357689
		-auroc: 0.8183681133862382
2026-06-18 04:44:08 - __main__ - INFO - Input matrix with KWRAHPNDESVTLYMQGFCI encoding is removed.

2026-06-18 04:44:17 - __main__ - INFO - Input matrix with MAPIKECLVDGYQSRWHNTF encoding is generated.
2026-06-18 04:45:39 - __main__ - INFO - MAPIKECLVDGYQSRWHNTF encoding is done for binary task with:
	-custom
		-f1: 0.8224121557454891
		-auroc: 0.8101568368113387
	-resnet
		-f1: 0.8752399232245681
		-auroc: 0.8683317821103165
2026-06-18 04:45:39 - __main__ - INFO - Input matrix with MAPIKECLVDGYQSRWHNTF encoding is removed.

2026-06-18 04:45:49 - __main__ - INFO - Input matrix with QFLSRPNCMWAVYHKTEIDG encoding is generated.
2026-06-18 04:47:11 - __main__ - INFO - QFLSRPNCMWAVYHKTEIDG encoding is done for binary task with:
	-custom
		-f1: 0.8365019011406845
		-auroc: 0.8253751510401358
	-resnet
		-f1: 0.8946859903381642
		-auroc: 0.8899060285425034
2026-06-18 04:47:11 - __main__ - INFO - Input matrix with QFLSRPNCMWAVYHKTEIDG encoding is removed.

2026-06-18 04:47:20 - __main__ - INFO - Input matrix with RIMPQHDAGKWVNSLYCFTE encoding is generated.
2026-06-18 04:48:42 - __main__ - INFO - RIMPQHDAGKWVNSLYCFTE encoding is done for binary task with:
	-custom
		-f1: 0.8358778625954199
		-auroc: 0.8255670128343293
	-resnet
		-f1: 0.8733705772811918
		-auroc: 0.8607287482446687
2026-06-18 04:48:42 - __main__ - INFO - Input matrix with RIMPQHDAGKWVNSLYCFTE encoding is removed.

2026-06-18 04:48:51 - __main__ - INFO - Input matrix with VTYPKEQFGAWCSDNIHLMR encoding is generated.
2026-06-18 04:50:16 - __main__ - INFO - VTYPKEQFGAWCSDNIHLMR encoding is done for binary task with:
	-custom
		-f1: 0.8240827845719662
		-auroc: 0.8096771823258548
	-resnet
		-f1: 0.8708765315739868
		-auroc: 0.8603409424904478
2026-06-18 04:50:16 - __main__ - INFO - Input matrix with VTYPKEQFGAWCSDNIHLMR encoding is removed.

2026-06-18 04:50:25 - __main__ - INFO - Input matrix with QNKMSTRYGWECPIFLHVDA encoding is generated.
2026-06-18 04:51:47 - __main__ - INFO - QNKMSTRYGWECPIFLHVDA encoding is done for binary task with:
	-custom
		-f1: 0.8181818181818182
		-auroc: 0.810056823748408
	-resnet
		-f1: 0.8743718592964824
		-auroc: 0.87564294111884
2026-06-18 04:51:47 - __main__ - INFO - Input matrix with QNKMSTRYGWECPIFLHVDA encoding is removed.

2026-06-18 04:51:56 - __main__ - INFO - Input matrix with PAWFECMRVKIDNYHLSQGT encoding is generated.
2026-06-18 04:53:18 - __main__ - INFO - PAWFECMRVKIDNYHLSQGT encoding is done for binary task with:
	-custom
		-f1: 0.8
		-auroc: 0.7920442670063029
	-resnet
		-f1: 0.8776844070961718
		-auroc: 0.8659294275170635
2026-06-18 04:53:18 - __main__ - INFO - Input matrix with PAWFECMRVKIDNYHLSQGT encoding is removed.

2026-06-18 04:53:28 - __main__ - INFO - Input matrix with LPGQMAKCETWDFIHNSRYV encoding is generated.
2026-06-18 04:54:51 - __main__ - INFO - LPGQMAKCETWDFIHNSRYV encoding is done for binary task with:
	-custom
		-f1: 0.8374760994263862
		-auroc: 0.8276856569021259
	-resnet
		-f1: 0.867816091954023
		-auroc: 0.8601449985304203
2026-06-18 04:54:51 - __main__ - INFO - Input matrix with LPGQMAKCETWDFIHNSRYV encoding is removed.

2026-06-18 04:55:00 - __main__ - INFO - Input matrix with WHDRCGMKFVTYPAENISQL encoding is generated.
2026-06-18 04:56:22 - __main__ - INFO - WHDRCGMKFVTYPAENISQL encoding is done for binary task with:
	-custom
		-f1: 0.8228460793804453
		-auroc: 0.815161572123706
	-resnet
		-f1: 0.8908045977011494
		-auroc: 0.8844175565788184
2026-06-18 04:56:22 - __main__ - INFO - Input matrix with WHDRCGMKFVTYPAENISQL encoding is removed.

2026-06-18 04:56:32 - __main__ - INFO - Input matrix with WAQCKRVLFHGNEMTPDSYI encoding is generated.
2026-06-18 04:57:55 - __main__ - INFO - WAQCKRVLFHGNEMTPDSYI encoding is done for binary task with:
	-custom
		-f1: 0.8129285014691479
		-auroc: 0.8076463048234871
	-resnet
		-f1: 0.8834586466165414
		-auroc: 0.8733446817543515
2026-06-18 04:57:55 - __main__ - INFO - Input matrix with WAQCKRVLFHGNEMTPDSYI encoding is removed.

2026-06-18 04:58:04 - __main__ - INFO - Input matrix with EFPCDQGWTYNALMIRHSKV encoding is generated.
2026-06-18 04:59:26 - __main__ - INFO - EFPCDQGWTYNALMIRHSKV encoding is done for binary task with:
	-custom
		-f1: 0.8233046800382043
		-auroc: 0.8124673426733288
	-resnet
		-f1: 0.8826382153249273
		-auroc: 0.877961611312498
2026-06-18 04:59:26 - __main__ - INFO - Input matrix with EFPCDQGWTYNALMIRHSKV encoding is removed.

2026-06-18 04:59:36 - __main__ - INFO - Input matrix with QLVKYPGHETIFWNRAMSCD encoding is generated.
2026-06-18 05:00:59 - __main__ - INFO - QLVKYPGHETIFWNRAMSCD encoding is done for binary task with:
	-custom
		-f1: 0.8363636363636363
		-auroc: 0.8267222657653244
	-resnet
		-f1: 0.8794063079777366
		-auroc: 0.8666050259625747
2026-06-18 05:00:59 - __main__ - INFO - Input matrix with QLVKYPGHETIFWNRAMSCD encoding is removed.

2026-06-18 05:01:09 - __main__ - INFO - Input matrix with PHCFWMGNAEIDSLQVTRYK encoding is generated.
2026-06-18 05:02:31 - __main__ - INFO - PHCFWMGNAEIDSLQVTRYK encoding is done for binary task with:
	-custom
		-f1: 0.8245283018867925
		-auroc: 0.8108324352568499
	-resnet
		-f1: 0.888045540796964
		-auroc: 0.879892475751935
2026-06-18 05:02:31 - __main__ - INFO - Input matrix with PHCFWMGNAEIDSLQVTRYK encoding is removed.

2026-06-18 05:02:40 - __main__ - INFO - Input matrix with HRQGSKELIPAFYCDVWNTM encoding is generated.
2026-06-18 05:04:02 - __main__ - INFO - HRQGSKELIPAFYCDVWNTM encoding is done for binary task with:
	-custom
		-f1: 0.8301158301158301
		-auroc: 0.8220971718755102
	-resnet
		-f1: 0.8738574040219378
		-auroc: 0.8577467261030012
2026-06-18 05:04:02 - __main__ - INFO - Input matrix with HRQGSKELIPAFYCDVWNTM encoding is removed.

2026-06-18 05:04:12 - __main__ - INFO - Input matrix with STFCLGNQEWAIDRVMPHYK encoding is generated.
2026-06-18 05:05:34 - __main__ - INFO - STFCLGNQEWAIDRVMPHYK encoding is done for binary task with:
	-custom
		-f1: 0.8083097261567517
		-auroc: 0.7936873387544495
	-resnet
		-f1: 0.8733205374280231
		-auroc: 0.8663090689396166
2026-06-18 05:05:34 - __main__ - INFO - Input matrix with STFCLGNQEWAIDRVMPHYK encoding is removed.

2026-06-18 05:05:43 - __main__ - INFO - Input matrix with GPHQSLANRDYMWVCKEITF encoding is generated.
2026-06-18 05:07:05 - __main__ - INFO - GPHQSLANRDYMWVCKEITF encoding is done for binary task with:
	-custom
		-f1: 0.8204121687929342
		-auroc: 0.8158330884033833
	-resnet
		-f1: 0.851138353765324
		-auroc: 0.8230809738414814
2026-06-18 05:07:05 - __main__ - INFO - Input matrix with GPHQSLANRDYMWVCKEITF encoding is removed.

2026-06-18 05:07:14 - __main__ - INFO - Input matrix with DQIHWYSAMKRECNPGFTVL encoding is generated.
2026-06-18 05:08:36 - __main__ - INFO - DQIHWYSAMKRECNPGFTVL encoding is done for binary task with:
	-custom
		-f1: 0.8239771646051379
		-auroc: 0.8122754808791353
	-resnet
		-f1: 0.8767908309455588
		-auroc: 0.8691033114529244
2026-06-18 05:08:36 - __main__ - INFO - Input matrix with DQIHWYSAMKRECNPGFTVL encoding is removed.

2026-06-18 05:08:46 - __main__ - INFO - Input matrix with IMLSQCFEVTYRKDWHNAGP encoding is generated.
2026-06-18 05:10:09 - __main__ - INFO - IMLSQCFEVTYRKDWHNAGP encoding is done for binary task with:
	-custom
		-f1: 0.8195121951219512
		-auroc: 0.8135225825413932
	-resnet
		-f1: 0.8876190476190476
		-auroc: 0.8800843375461285
2026-06-18 05:10:09 - __main__ - INFO - Input matrix with IMLSQCFEVTYRKDWHNAGP encoding is removed.

2026-06-18 05:10:19 - __main__ - INFO - Input matrix with FCHIMERLNTYKPSDAQVWG encoding is generated.
2026-06-18 05:11:40 - __main__ - INFO - FCHIMERLNTYKPSDAQVWG encoding is done for binary task with:
	-custom
		-f1: 0.8213283442469598
		-auroc: 0.8053439632931647
	-resnet
		-f1: 0.8784530386740331
		-auroc: 0.8641985892034879
2026-06-18 05:11:40 - __main__ - INFO - Input matrix with FCHIMERLNTYKPSDAQVWG encoding is removed.

2026-06-18 05:11:50 - __main__ - INFO - Input matrix with LFIMDSAEQWRPGNHKYTVC encoding is generated.
2026-06-18 05:13:13 - __main__ - INFO - LFIMDSAEQWRPGNHKYTVC encoding is done for binary task with:
	-custom
		-f1: 0.8261287223823247
		-auroc: 0.8168005617060188
	-resnet
		-f1: 0.8835489833641405
		-auroc: 0.8704585905097809
2026-06-18 05:13:13 - __main__ - INFO - Input matrix with LFIMDSAEQWRPGNHKYTVC encoding is removed.

2026-06-18 05:13:23 - __main__ - INFO - Input matrix with RPNVTFDMSKAECQGLWHIY encoding is generated.
2026-06-18 05:14:45 - __main__ - INFO - RPNVTFDMSKAECQGLWHIY encoding is done for binary task with:
	-custom
		-f1: 0.818957345971564
		-auroc: 0.8060154795728423
	-resnet
		-f1: 0.8789932236205228
		-auroc: 0.8738202540740015
2026-06-18 05:14:45 - __main__ - INFO - Input matrix with RPNVTFDMSKAECQGLWHIY encoding is removed.

2026-06-18 05:14:55 - __main__ - INFO - Input matrix with ARSLNVDGTHPQWCEIMYKF encoding is generated.
2026-06-18 05:16:17 - __main__ - INFO - ARSLNVDGTHPQWCEIMYKF encoding is done for binary task with:
	-custom
		-f1: 0.8201712654614652
		-auroc: 0.8082300545377356
	-resnet
		-f1: 0.8650875386199794
		-auroc: 0.8707259723719016
2026-06-18 05:16:17 - __main__ - INFO - Input matrix with ARSLNVDGTHPQWCEIMYKF encoding is removed.

2026-06-18 05:16:26 - __main__ - INFO - Input matrix with QYPGFRNTMSECAIDLVKWH encoding is generated.
2026-06-18 05:17:49 - __main__ - INFO - QYPGFRNTMSECAIDLVKWH encoding is done for binary task with:
	-custom
		-f1: 0.8153846153846154
		-auroc: 0.8057236047157179
	-resnet
		-f1: 0.8493150684931506
		-auroc: 0.859644933215767
2026-06-18 05:17:49 - __main__ - INFO - Input matrix with QYPGFRNTMSECAIDLVKWH encoding is removed.

2026-06-18 05:17:58 - __main__ - INFO - Input matrix with MIRCEYVLHFTAGDWSKPQN encoding is generated.
2026-06-18 05:19:19 - __main__ - INFO - MIRCEYVLHFTAGDWSKPQN encoding is done for binary task with:
	-custom
		-f1: 0.796844181459566
		-auroc: 0.7928117141830769
	-resnet
		-f1: 0.8078231292517006
		-auroc: 0.7648141798112406
2026-06-18 05:19:19 - __main__ - INFO - Input matrix with MIRCEYVLHFTAGDWSKPQN encoding is removed.

2026-06-18 05:19:28 - __main__ - INFO - Input matrix with HTQKLSYRGVFAENIWDMCP encoding is generated.
2026-06-18 05:20:51 - __main__ - INFO - HTQKLSYRGVFAENIWDMCP encoding is done for binary task with:
	-custom
		-f1: 0.8292682926829268
		-auroc: 0.8236361483948925
	-resnet
		-f1: 0.8847583643122676
		-auroc: 0.872769096371771
2026-06-18 05:20:51 - __main__ - INFO - Input matrix with HTQKLSYRGVFAENIWDMCP encoding is removed.

2026-06-18 05:21:00 - __main__ - INFO - Input matrix with QYWEPSMLTHDNVKFARCIG encoding is generated.
2026-06-18 05:22:23 - __main__ - INFO - QYWEPSMLTHDNVKFARCIG encoding is done for binary task with:
	-custom
		-f1: 0.8135265700483092
		-auroc: 0.8049520753731099
	-resnet
		-f1: 0.8783165599268069
		-auroc: 0.8628514744782991
2026-06-18 05:22:23 - __main__ - INFO - Input matrix with QYWEPSMLTHDNVKFARCIG encoding is removed.

2026-06-18 05:22:32 - __main__ - INFO - Input matrix with RVEAYIPFCWMHLGKTSQDN encoding is generated.
2026-06-18 05:23:55 - __main__ - INFO - RVEAYIPFCWMHLGKTSQDN encoding is done for binary task with:
	-custom
		-f1: 0.8216318785578748
		-auroc: 0.8090975147774404
	-resnet
		-f1: 0.8845780795344326
		-auroc: 0.8799843244831979
2026-06-18 05:23:55 - __main__ - INFO - Input matrix with RVEAYIPFCWMHLGKTSQDN encoding is removed.

2026-06-18 05:24:04 - __main__ - INFO - Input matrix with TERQIPSNYDMHKLWGVAFC encoding is generated.
2026-06-18 05:25:26 - __main__ - INFO - TERQIPSNYDMHKLWGVAFC encoding is done for binary task with:
	-custom
		-f1: 0.8035019455252919
		-auroc: 0.7961856242447992
	-resnet
		-f1: 0.8702439024390244
		-auroc: 0.8661131249795891
2026-06-18 05:25:26 - __main__ - INFO - Input matrix with TERQIPSNYDMHKLWGVAFC encoding is removed.

2026-06-18 05:25:36 - __main__ - INFO - Input matrix with PMWRACETYIGFKNVSHLQD encoding is generated.
2026-06-18 05:26:58 - __main__ - INFO - PMWRACETYIGFKNVSHLQD encoding is done for binary task with:
	-custom
		-f1: 0.8148148148148148
		-auroc: 0.8020659841285392
	-resnet
		-f1: 0.8693234476367007
		-auroc: 0.8554321380751772
2026-06-18 05:26:58 - __main__ - INFO - Input matrix with PMWRACETYIGFKNVSHLQD encoding is removed.

2026-06-18 05:27:07 - __main__ - INFO - Input matrix with KFPYNDRQSAHLMIWCGTEV encoding is generated.
2026-06-18 05:28:31 - __main__ - INFO - KFPYNDRQSAHLMIWCGTEV encoding is done for binary task with:
	-custom
		-f1: 0.8214971209213052
		-auroc: 0.8116958133307207
	-resnet
		-f1: 0.8459574468085106
		-auroc: 0.8103731916005356
2026-06-18 05:28:31 - __main__ - INFO - Input matrix with KFPYNDRQSAHLMIWCGTEV encoding is removed.

2026-06-18 05:28:40 - __main__ - INFO - Input matrix with HVWNMSYTDGLIEAPCRFQK encoding is generated.
2026-06-18 05:30:02 - __main__ - INFO - HVWNMSYTDGLIEAPCRFQK encoding is done for binary task with:
	-custom
		-f1: 0.8158640226628895
		-auroc: 0.8017781914372489
	-resnet
		-f1: 0.8708765315739868
		-auroc: 0.8603409424904478
2026-06-18 05:30:02 - __main__ - INFO - Input matrix with HVWNMSYTDGLIEAPCRFQK encoding is removed.

2026-06-18 05:30:12 - __main__ - INFO - Input matrix with VELFITAWYHSKQCNRDMGP encoding is generated.
2026-06-18 05:31:35 - __main__ - INFO - VELFITAWYHSKQCNRDMGP encoding is done for binary task with:
	-custom
		-f1: 0.8184494602551521
		-auroc: 0.8138103752326834
	-resnet
		-f1: 0.8639575971731449
		-auroc: 0.839742333692564
2026-06-18 05:31:35 - __main__ - INFO - Input matrix with VELFITAWYHSKQCNRDMGP encoding is removed.

2026-06-18 05:31:45 - __main__ - INFO - Input matrix with KALMEWQDCRNYITVPGSFH encoding is generated.
2026-06-18 05:33:05 - __main__ - INFO - KALMEWQDCRNYITVPGSFH encoding is done for binary task with:
	-custom
		-f1: 0.8062930186823992
		-auroc: 0.8017700271055812
	-resnet
		-f1: 0.824390243902439
		-auroc: 0.7723376114431273
2026-06-18 05:33:05 - __main__ - INFO - Input matrix with KALMEWQDCRNYITVPGSFH encoding is removed.

2026-06-18 05:33:15 - __main__ - INFO - Input matrix with CWHSEGMIQDYFNPTRVALK encoding is generated.
2026-06-18 05:34:37 - __main__ - INFO - CWHSEGMIQDYFNPTRVALK encoding is done for binary task with:
	-custom
		-f1: 0.8093896713615023
		-auroc: 0.7933995460631593
	-resnet
		-f1: 0.8769371011850501
		-auroc: 0.8606368995134058
2026-06-18 05:34:37 - __main__ - INFO - Input matrix with CWHSEGMIQDYFNPTRVALK encoding is removed.

2026-06-18 05:34:46 - __main__ - INFO - Input matrix with CKARHDINYVLSETFGWQPM encoding is generated.
2026-06-18 05:36:08 - __main__ - INFO - CKARHDINYVLSETFGWQPM encoding is done for binary task with:
	-custom
		-f1: 0.8238636363636364
		-auroc: 0.8110242970510433
	-resnet
		-f1: 0.8779123951537745
		-auroc: 0.8658334966199668
2026-06-18 05:36:08 - __main__ - INFO - Input matrix with CKARHDINYVLSETFGWQPM encoding is removed.

2026-06-18 05:36:18 - __main__ - INFO - Input matrix with QLHMIWRTASYCNKVEGPFD encoding is generated.
2026-06-18 05:37:40 - __main__ - INFO - QLHMIWRTASYCNKVEGPFD encoding is done for binary task with:
	-custom
		-f1: 0.8271251193887297
		-auroc: 0.8165127690147285
	-resnet
		-f1: 0.8828337874659401
		-auroc: 0.8665131772313119
2026-06-18 05:37:40 - __main__ - INFO - Input matrix with QLHMIWRTASYCNKVEGPFD encoding is removed.

2026-06-18 05:37:49 - __main__ - INFO - Input matrix with NMKIGWLVCDQTAEYPHRFS encoding is generated.
2026-06-18 05:39:11 - __main__ - INFO - NMKIGWLVCDQTAEYPHRFS encoding is done for binary task with:
	-custom
		-f1: 0.8347826086956521
		-auroc: 0.8272019202508083
	-resnet
		-f1: 0.8715415019762845
		-auroc: 0.8697707455667678
2026-06-18 05:39:11 - __main__ - INFO - Input matrix with NMKIGWLVCDQTAEYPHRFS encoding is removed.

2026-06-18 05:39:20 - __main__ - INFO - Input matrix with RCGLTPYISHFDWKENAQMV encoding is generated.
2026-06-18 05:40:42 - __main__ - INFO - RCGLTPYISHFDWKENAQMV encoding is done for binary task with:
	-custom
		-f1: 0.8194174757281554
		-auroc: 0.8122713987133012
	-resnet
		-f1: 0.8730009407337723
		-auroc: 0.8622677247640509
2026-06-18 05:40:42 - __main__ - INFO - Input matrix with RCGLTPYISHFDWKENAQMV encoding is removed.

2026-06-18 05:40:51 - __main__ - INFO - Input matrix with NFPSVIYQALCDKWRMGTHE encoding is generated.
2026-06-18 05:42:13 - __main__ - INFO - NFPSVIYQALCDKWRMGTHE encoding is done for binary task with:
	-custom
		-f1: 0.8276515151515151
		-auroc: 0.8150697233924431
	-resnet
		-f1: 0.8507333908541846
		-auroc: 0.8192314914601092
2026-06-18 05:42:13 - __main__ - INFO - Input matrix with NFPSVIYQALCDKWRMGTHE encoding is removed.

2026-06-18 05:42:23 - __main__ - INFO - Input matrix with AKIMCYGQNSRTPEWVLDHF encoding is generated.
2026-06-18 05:43:45 - __main__ - INFO - AKIMCYGQNSRTPEWVLDHF encoding is done for binary task with:
	-custom
		-f1: 0.8375241779497099
		-auroc: 0.8302839554554065
	-resnet
		-f1: 0.8816029143897997
		-auroc: 0.8656457169916071
2026-06-18 05:43:45 - __main__ - INFO - Input matrix with AKIMCYGQNSRTPEWVLDHF encoding is removed.

2026-06-18 05:43:55 - __main__ - INFO - Input matrix with PSQNVFAHKMIDWERLTGCY encoding is generated.
2026-06-18 05:45:18 - __main__ - INFO - PSQNVFAHKMIDWERLTGCY encoding is done for binary task with:
	-custom
		-f1: 0.8141086749285034
		-auroc: 0.8022578459227329
	-resnet
		-f1: 0.8862602365787079
		-auroc: 0.8706545344698082
2026-06-18 05:45:18 - __main__ - INFO - Input matrix with PSQNVFAHKMIDWERLTGCY encoding is removed.

2026-06-18 05:45:28 - __main__ - INFO - Input matrix with RHYDVTECWSPFIAKQNGLM encoding is generated.
2026-06-18 05:46:50 - __main__ - INFO - RHYDVTECWSPFIAKQNGLM encoding is done for binary task with:
	-custom
		-f1: 0.8083491461100569
		-auroc: 0.7949385225825414
	-resnet
		-f1: 0.8745454545454545
		-auroc: 0.857458933411711
2026-06-18 05:46:50 - __main__ - INFO - Input matrix with RHYDVTECWSPFIAKQNGLM encoding is removed.

2026-06-18 05:46:59 - __main__ - INFO - Input matrix with YHDTWICNLAQPSGKREMVF encoding is generated.
2026-06-18 05:48:20 - __main__ - INFO - YHDTWICNLAQPSGKREMVF encoding is done for binary task with:
	-custom
		-f1: 0.8070519098922625
		-auroc: 0.8015781653113878
	-resnet
		-f1: 0.8771929824561403
		-auroc: 0.8731446556284902
2026-06-18 05:48:20 - __main__ - INFO - Input matrix with YHDTWICNLAQPSGKREMVF encoding is removed.

2026-06-18 05:48:30 - __main__ - INFO - Input matrix with FQKYIRGNMSEHTLVWCAPD encoding is generated.
2026-06-18 05:49:54 - __main__ - INFO - FQKYIRGNMSEHTLVWCAPD encoding is done for binary task with:
	-custom
		-f1: 0.791015625
		-auroc: 0.7842412070147938
	-resnet
		-f1: 0.8735849056603774
		-auroc: 0.8634229776950458
2026-06-18 05:49:54 - __main__ - INFO - Input matrix with FQKYIRGNMSEHTLVWCAPD encoding is removed.

2026-06-18 05:50:03 - __main__ - INFO - Input matrix with NVLICPKQGFMSATHWDYRE encoding is generated.
2026-06-18 05:51:26 - __main__ - INFO - NVLICPKQGFMSATHWDYRE encoding is done for binary task with:
	-custom
		-f1: 0.8054211035818006
		-auroc: 0.7969571535874073
	-resnet
		-f1: 0.8729703915950334
		-auroc: 0.8650578851115249
2026-06-18 05:51:26 - __main__ - INFO - Input matrix with NVLICPKQGFMSATHWDYRE encoding is removed.

2026-06-18 05:51:35 - __main__ - INFO - Input matrix with SDFCYMLEITVHGAWNQPKR encoding is generated.
2026-06-18 05:52:58 - __main__ - INFO - SDFCYMLEITVHGAWNQPKR encoding is done for binary task with:
	-custom
		-f1: 0.8341323106423778
		-auroc: 0.8247954834917213
	-resnet
		-f1: 0.8565656565656565
		-auroc: 0.8586897064106331
2026-06-18 05:52:58 - __main__ - INFO - Input matrix with SDFCYMLEITVHGAWNQPKR encoding is removed.

2026-06-18 05:53:07 - __main__ - INFO - Input matrix with MTLGKRFWCHPDQENVYSIA encoding is generated.
2026-06-18 05:54:29 - __main__ - INFO - MTLGKRFWCHPDQENVYSIA encoding is done for binary task with:
	-custom
		-f1: 0.8093023255813954
		-auroc: 0.7908971784069756
	-resnet
		-f1: 0.8043956043956044
		-auroc: 0.8261181052219065
2026-06-18 05:54:29 - __main__ - INFO - Input matrix with MTLGKRFWCHPDQENVYSIA encoding is removed.

2026-06-18 05:54:39 - __main__ - INFO - Input matrix with EALFNTCWRVKPSYGQDIMH encoding is generated.
2026-06-18 05:56:01 - __main__ - INFO - EALFNTCWRVKPSYGQDIMH encoding is done for binary task with:
	-custom
		-f1: 0.8076923076923077
		-auroc: 0.7976327520329186
	-resnet
		-f1: 0.8799266727772685
		-auroc: 0.8649701185460957
2026-06-18 05:56:01 - __main__ - INFO - Input matrix with EALFNTCWRVKPSYGQDIMH encoding is removed.

2026-06-18 05:56:11 - __main__ - INFO - Input matrix with RPNCEAVGDWKMLTFQYHSI encoding is generated.
2026-06-18 05:57:33 - __main__ - INFO - RPNCEAVGDWKMLTFQYHSI encoding is done for binary task with:
	-custom
		-f1: 0.8113207547169812
		-auroc: 0.7966734430619509
	-resnet
		-f1: 0.8275862068965517
		-auroc: 0.8434591456843344
2026-06-18 05:57:33 - __main__ - INFO - Input matrix with RPNCEAVGDWKMLTFQYHSI encoding is removed.

2026-06-18 05:57:43 - __main__ - INFO - Input matrix with NVECTFYWIQAKMHPDRLGS encoding is generated.
2026-06-18 05:59:06 - __main__ - INFO - NVECTFYWIQAKMHPDRLGS encoding is done for binary task with:
	-custom
		-f1: 0.8331726133076182
		-auroc: 0.8250832761830117
	-resnet
		-f1: 0.8871745419479267
		-auroc: 0.8817192449626073
2026-06-18 05:59:06 - __main__ - INFO - Input matrix with NVECTFYWIQAKMHPDRLGS encoding is removed.

2026-06-18 05:59:15 - __main__ - INFO - Input matrix with MYNIRDHQAGETKCSFPVLW encoding is generated.
2026-06-18 06:00:38 - __main__ - INFO - MYNIRDHQAGETKCSFPVLW encoding is done for binary task with:
	-custom
		-f1: 0.8166023166023166
		-auroc: 0.8079381796806113
	-resnet
		-f1: 0.8809980806142035
		-auroc: 0.874399921622416
2026-06-18 06:00:38 - __main__ - INFO - Input matrix with MYNIRDHQAGETKCSFPVLW encoding is removed.

2026-06-18 06:00:47 - __main__ - INFO - Input matrix with AGCEWIQVYMSTLPHFKNRD encoding is generated.
2026-06-18 06:02:09 - __main__ - INFO - AGCEWIQVYMSTLPHFKNRD encoding is done for binary task with:
	-custom
		-f1: 0.8100289296046287
		-auroc: 0.8008107181346135
	-resnet
		-f1: 0.8503937007874016
		-auroc: 0.822021651807583
2026-06-18 06:02:09 - __main__ - INFO - Input matrix with AGCEWIQVYMSTLPHFKNRD encoding is removed.

2026-06-18 06:02:19 - __main__ - INFO - Input matrix with NTDCQGEWLKVIPYAFSRMH encoding is generated.
2026-06-18 06:03:40 - __main__ - INFO - NTDCQGEWLKVIPYAFSRMH encoding is done for binary task with:
	-custom
		-f1: 0.8052681091251176
		-auroc: 0.7894500506188563
	-resnet
		-f1: 0.8738738738738738
		-auroc: 0.8549565657555271
2026-06-18 06:03:40 - __main__ - INFO - Input matrix with NTDCQGEWLKVIPYAFSRMH encoding is removed.

2026-06-18 06:03:50 - __main__ - INFO - Input matrix with IDYACSFPKHNGRLQVEWTM encoding is generated.
2026-06-18 06:05:13 - __main__ - INFO - IDYACSFPKHNGRLQVEWTM encoding is done for binary task with:
	-custom
		-f1: 0.8266666666666667
		-auroc: 0.8153575160837333
	-resnet
		-f1: 0.8803921568627451
		-auroc: 0.8774778746611803
2026-06-18 06:05:13 - __main__ - INFO - Input matrix with IDYACSFPKHNGRLQVEWTM encoding is removed.

2026-06-18 06:05:23 - __main__ - INFO - Input matrix with QCYFDAPEGHNMVKRISTWL encoding is generated.
2026-06-18 06:06:45 - __main__ - INFO - QCYFDAPEGHNMVKRISTWL encoding is done for binary task with:
	-custom
		-f1: 0.8319088319088319
		-auroc: 0.820270402664838
	-resnet
		-f1: 0.8673835125448028
		-auroc: 0.8465779203814376
2026-06-18 06:06:45 - __main__ - INFO - Input matrix with QCYFDAPEGHNMVKRISTWL encoding is removed.

2026-06-18 06:06:55 - __main__ - INFO - Input matrix with RTDECPKSNIGAVQMWYHFL encoding is generated.
2026-06-18 06:08:17 - __main__ - INFO - RTDECPKSNIGAVQMWYHFL encoding is done for binary task with:
	-custom
		-f1: 0.7954329210275928
		-auroc: 0.7819347833186375
	-resnet
		-f1: 0.8820709491850431
		-auroc: 0.8753633127592175
2026-06-18 06:08:17 - __main__ - INFO - Input matrix with RTDECPKSNIGAVQMWYHFL encoding is removed.

2026-06-18 06:08:26 - __main__ - INFO - Input matrix with EDTLHIQYGNKPRSVWMCFA encoding is generated.
2026-06-18 06:09:50 - __main__ - INFO - EDTLHIQYGNKPRSVWMCFA encoding is done for binary task with:
	-custom
		-f1: 0.7969924812030075
		-auroc: 0.7802998759021585
	-resnet
		-f1: 0.8376511226252159
		-auroc: 0.8041091081284086
2026-06-18 06:09:50 - __main__ - INFO - Input matrix with EDTLHIQYGNKPRSVWMCFA encoding is removed.

2026-06-18 06:10:00 - __main__ - INFO - Input matrix with ERPLTGQKYSFWHVCDAINM encoding is generated.
2026-06-18 06:11:22 - __main__ - INFO - ERPLTGQKYSFWHVCDAINM encoding is done for binary task with:
	-custom
		-f1: 0.828436018957346
		-auroc: 0.8161290454263413
	-resnet
		-f1: 0.84
		-auroc: 0.8085382580581953
2026-06-18 06:11:22 - __main__ - INFO - Input matrix with ERPLTGQKYSFWHVCDAINM encoding is removed.

2026-06-18 06:11:31 - __main__ - INFO - Input matrix with TLHMNVWDARYFCIGSKEPQ encoding is generated.
2026-06-18 06:12:55 - __main__ - INFO - TLHMNVWDARYFCIGSKEPQ encoding is done for binary task with:
	-custom
		-f1: 0.8080614203454894
		-auroc: 0.7975368211358218
	-resnet
		-f1: 0.8611369990680335
		-auroc: 0.8476290780836682
2026-06-18 06:12:55 - __main__ - INFO - Input matrix with TLHMNVWDARYFCIGSKEPQ encoding is removed.

2026-06-18 06:13:04 - __main__ - INFO - Input matrix with PNHVQSCAKDTMEIFLGRYW encoding is generated.
2026-06-18 06:14:26 - __main__ - INFO - PNHVQSCAKDTMEIFLGRYW encoding is done for binary task with:
	-custom
		-f1: 0.8258317025440313
		-auroc: 0.8207459749844878
	-resnet
		-f1: 0.8721804511278195
		-auroc: 0.8612084027301525
2026-06-18 06:14:26 - __main__ - INFO - Input matrix with PNHVQSCAKDTMEIFLGRYW encoding is removed.

2026-06-18 06:14:35 - __main__ - INFO - Input matrix with WDSIGHLATVQNKFEMPCRY encoding is generated.
2026-06-18 06:15:58 - __main__ - INFO - WDSIGHLATVQNKFEMPCRY encoding is done for binary task with:
	-custom
		-f1: 0.8326848249027238
		-auroc: 0.826526321805297
	-resnet
		-f1: 0.8705234159779615
		-auroc: 0.8549524835896933
2026-06-18 06:15:58 - __main__ - INFO - Input matrix with WDSIGHLATVQNKFEMPCRY encoding is removed.

2026-06-18 06:16:08 - __main__ - INFO - Input matrix with RAEKFIPDSMLQNVHGCWYT encoding is generated.
2026-06-18 06:17:30 - __main__ - INFO - RAEKFIPDSMLQNVHGCWYT encoding is done for binary task with:
	-custom
		-f1: 0.8237585199610516
		-auroc: 0.8174720779856961
	-resnet
		-f1: 0.8874172185430463
		-auroc: 0.8787372228209399
2026-06-18 06:17:30 - __main__ - INFO - Input matrix with RAEKFIPDSMLQNVHGCWYT encoding is removed.

2026-06-18 06:17:39 - __main__ - INFO - Input matrix with SHVTFRNIDYCQMAPKELWG encoding is generated.
2026-06-18 06:19:02 - __main__ - INFO - SHVTFRNIDYCQMAPKELWG encoding is done for binary task with:
	-custom
		-f1: 0.8233046800382043
		-auroc: 0.8124673426733288
	-resnet
		-f1: 0.8520357497517378
		-auroc: 0.8507947976878613
2026-06-18 06:19:02 - __main__ - INFO - Input matrix with SHVTFRNIDYCQMAPKELWG encoding is removed.

2026-06-18 06:19:12 - __main__ - INFO - Input matrix with AQVEINLCFMGYPRHTSKDW encoding is generated.
2026-06-18 06:20:35 - __main__ - INFO - AQVEINLCFMGYPRHTSKDW encoding is done for binary task with:
	-custom
		-f1: 0.8298279158699808
		-auroc: 0.8195948042193265
	-resnet
		-f1: 0.8807511737089202
		-auroc: 0.8702626465497535
2026-06-18 06:20:35 - __main__ - INFO - Input matrix with AQVEINLCFMGYPRHTSKDW encoding is removed.

2026-06-18 06:20:44 - __main__ - INFO - Input matrix with RNKSPMDGYICFVHLEAQTW encoding is generated.
2026-06-18 06:22:08 - __main__ - INFO - RNKSPMDGYICFVHLEAQTW encoding is done for binary task with:
	-custom
		-f1: 0.8206106870229007
		-auroc: 0.8093853074687306
	-resnet
		-f1: 0.8814192343604108
		-auroc: 0.8699748538584631
2026-06-18 06:22:08 - __main__ - INFO - Input matrix with RNKSPMDGYICFVHLEAQTW encoding is removed.

2026-06-18 06:22:17 - __main__ - INFO - Input matrix with FCSDNRHWGVIKEMPATLQY encoding is generated.
2026-06-18 06:23:39 - __main__ - INFO - FCSDNRHWGVIKEMPATLQY encoding is done for binary task with:
	-custom
		-f1: 0.8119001919385797
		-auroc: 0.8015822474772215
	-resnet
		-f1: 0.8719346049046321
		-auroc: 0.8543768982071128
2026-06-18 06:23:39 - __main__ - INFO - Input matrix with FCSDNRHWGVIKEMPATLQY encoding is removed.

2026-06-18 06:23:49 - __main__ - INFO - Input matrix with GVLADYRECPSIQNKTWHMF encoding is generated.
2026-06-18 06:25:11 - __main__ - INFO - GVLADYRECPSIQNKTWHMF encoding is done for binary task with:
	-custom
		-f1: 0.8251207729468599
		-auroc: 0.817088354397309
	-resnet
		-f1: 0.8091728091728092
		-auroc: 0.755576238529114
2026-06-18 06:25:11 - __main__ - INFO - Input matrix with GVLADYRECPSIQNKTWHMF encoding is removed.

2026-06-18 06:25:21 - __main__ - INFO - Input matrix with KMGAEISPCWFTLVQNRDYH encoding is generated.
2026-06-18 06:26:43 - __main__ - INFO - KMGAEISPCWFTLVQNRDYH encoding is done for binary task with:
	-custom
		-f1: 0.8214971209213052
		-auroc: 0.8116958133307207
	-resnet
		-f1: 0.8768382352941176
		-auroc: 0.8620799451356913
2026-06-18 06:26:43 - __main__ - INFO - Input matrix with KMGAEISPCWFTLVQNRDYH encoding is removed.

2026-06-18 06:26:52 - __main__ - INFO - Input matrix with CHWAKQYEIRLMDGSNTFPV encoding is generated.
2026-06-18 06:28:14 - __main__ - INFO - CHWAKQYEIRLMDGSNTFPV encoding is done for binary task with:
	-custom
		-f1: 0.8129770992366412
		-auroc: 0.8012944547859312
	-resnet
		-f1: 0.8747553816046967
		-auroc: 0.871313804251984
2026-06-18 06:28:14 - __main__ - INFO - Input matrix with CHWAKQYEIRLMDGSNTFPV encoding is removed.

2026-06-18 06:28:24 - __main__ - INFO - Input matrix with NPVTEWIRKHLADYGCSQMF encoding is generated.
2026-06-18 06:29:47 - __main__ - INFO - NPVTEWIRKHLADYGCSQMF encoding is done for binary task with:
	-custom
		-f1: 0.829686013320647
		-auroc: 0.8183436203912348
	-resnet
		-f1: 0.8692579505300353
		-auroc: 0.8458104732046634
2026-06-18 06:29:47 - __main__ - INFO - Input matrix with NPVTEWIRKHLADYGCSQMF encoding is removed.

2026-06-18 06:29:56 - __main__ - INFO - Input matrix with TKLFQEMWVSHPGDRNYCAI encoding is generated.
2026-06-18 06:31:17 - __main__ - INFO - TKLFQEMWVSHPGDRNYCAI encoding is done for binary task with:
	-custom
		-f1: 0.8165225744476465
		-auroc: 0.8066869958525196
	-resnet
		-f1: 0.8324786324786325
		-auroc: 0.7954426700630286
2026-06-18 06:31:17 - __main__ - INFO - Input matrix with TKLFQEMWVSHPGDRNYCAI encoding is removed.

2026-06-18 06:31:26 - __main__ - INFO - Input matrix with KTNEFQIMLRGWHAVCDPYS encoding is generated.
2026-06-18 06:32:48 - __main__ - INFO - KTNEFQIMLRGWHAVCDPYS encoding is done for binary task with:
	-custom
		-f1: 0.8173258003766478
		-auroc: 0.8026456516769538
	-resnet
		-f1: 0.8810226155358899
		-auroc: 0.8786331275921753
2026-06-18 06:32:48 - __main__ - INFO - Input matrix with KTNEFQIMLRGWHAVCDPYS encoding is removed.

2026-06-18 06:32:58 - __main__ - INFO - Input matrix with SGLQVTEFRDCANPKYMHIW encoding is generated.
2026-06-18 06:34:19 - __main__ - INFO - SGLQVTEFRDCANPKYMHIW encoding is done for binary task with:
	-custom
		-f1: 0.8291746641074856
		-auroc: 0.8197866660135201
	-resnet
		-f1: 0.885024154589372
		-auroc: 0.8797924626890044
2026-06-18 06:34:19 - __main__ - INFO - Input matrix with SGLQVTEFRDCANPKYMHIW encoding is removed.

2026-06-18 06:34:29 - __main__ - INFO - Input matrix with MWRNTIVYDFKEQSLHPGCA encoding is generated.
2026-06-18 06:35:52 - __main__ - INFO - MWRNTIVYDFKEQSLHPGCA encoding is done for binary task with:
	-custom
		-f1: 0.8185255198487713
		-auroc: 0.804860226641847
	-resnet
		-f1: 0.8792270531400966
		-auroc: 0.8737243231769047
2026-06-18 06:35:52 - __main__ - INFO - Input matrix with MWRNTIVYDFKEQSLHPGCA encoding is removed.

2026-06-18 06:36:01 - __main__ - INFO - Input matrix with NQPGRTVAFMSHKEIWYLCD encoding is generated.
2026-06-18 06:37:23 - __main__ - INFO - NQPGRTVAFMSHKEIWYLCD encoding is done for binary task with:
	-custom
		-f1: 0.8212180746561886
		-auroc: 0.8168924104372816
	-resnet
		-f1: 0.8752293577981651
		-auroc: 0.8599613010678947
2026-06-18 06:37:23 - __main__ - INFO - Input matrix with NQPGRTVAFMSHKEIWYLCD encoding is removed.

2026-06-18 06:37:32 - __main__ - INFO - Input matrix with MNKVRHQWLYDIESFTPGAC encoding is generated.
2026-06-18 06:38:54 - __main__ - INFO - MNKVRHQWLYDIESFTPGAC encoding is done for binary task with:
	-custom
		-f1: 0.8198284080076264
		-auroc: 0.8083259854348324
	-resnet
		-f1: 0.8731617647058824
		-auroc: 0.8580345187942915
2026-06-18 06:38:54 - __main__ - INFO - Input matrix with MNKVRHQWLYDIESFTPGAC encoding is removed.

2026-06-18 06:39:04 - __main__ - INFO - Input matrix with SNGIWMVPHYECRDLTQAFK encoding is generated.
2026-06-18 06:40:27 - __main__ - INFO - SNGIWMVPHYECRDLTQAFK encoding is done for binary task with:
	-custom
		-f1: 0.8295019157088123
		-auroc: 0.8196907351164234
	-resnet
		-f1: 0.8710601719197708
		-auroc: 0.8630351719408249
2026-06-18 06:40:27 - __main__ - INFO - Input matrix with SNGIWMVPHYECRDLTQAFK encoding is removed.

2026-06-18 06:40:37 - __main__ - INFO - Input matrix with VYHRTWGLIDSFQNCKEPMA encoding is generated.
2026-06-18 06:41:59 - __main__ - INFO - VYHRTWGLIDSFQNCKEPMA encoding is done for binary task with:
	-custom
		-f1: 0.8182683158896289
		-auroc: 0.8062073413670358
	-resnet
		-f1: 0.8817829457364341
		-auroc: 0.8769022892785996
2026-06-18 06:41:59 - __main__ - INFO - Input matrix with VYHRTWGLIDSFQNCKEPMA encoding is removed.

2026-06-18 06:42:08 - __main__ - INFO - Input matrix with NMYGILEWSAHCQVKFRDTP encoding is generated.
2026-06-18 06:43:30 - __main__ - INFO - NMYGILEWSAHCQVKFRDTP encoding is done for binary task with:
	-custom
		-f1: 0.8366383380547686
		-auroc: 0.8240280363149473
	-resnet
		-f1: 0.8852459016393442
		-auroc: 0.8696911433330067
2026-06-18 06:43:30 - __main__ - INFO - Input matrix with NMYGILEWSAHCQVKFRDTP encoding is removed.

2026-06-18 06:43:40 - __main__ - INFO - Input matrix with DLISANTMPFKECVWQGYHR encoding is generated.
2026-06-18 06:45:02 - __main__ - INFO - DLISANTMPFKECVWQGYHR encoding is done for binary task with:
	-custom
		-f1: 0.8228678537956888
		-auroc: 0.8074626073609614
	-resnet
		-f1: 0.8331936295054484
		-auroc: 0.7913053949903661
2026-06-18 06:45:02 - __main__ - INFO - Input matrix with DLISANTMPFKECVWQGYHR encoding is removed.

2026-06-18 06:45:12 - __main__ - INFO - Input matrix with FYPWTDSHKERLGVMNACIQ encoding is generated.
2026-06-18 06:46:33 - __main__ - INFO - FYPWTDSHKERLGVMNACIQ encoding is done for binary task with:
	-custom
		-f1: 0.8058536585365854
		-auroc: 0.7993635903464942
	-resnet
		-f1: 0.8886756238003839
		-auroc: 0.8824907743052153
2026-06-18 06:46:33 - __main__ - INFO - Input matrix with FYPWTDSHKERLGVMNACIQ encoding is removed.

2026-06-18 06:46:42 - __main__ - INFO - Input matrix with EWHGAQCTNYMVRFPISLDK encoding is generated.
2026-06-18 06:48:04 - __main__ - INFO - EWHGAQCTNYMVRFPISLDK encoding is done for binary task with:
	-custom
		-f1: 0.8221797323135756
		-auroc: 0.8115039515365272
	-resnet
		-f1: 0.870026525198939
		-auroc: 0.8468697952385618
2026-06-18 06:48:04 - __main__ - INFO - Input matrix with EWHGAQCTNYMVRFPISLDK encoding is removed.

2026-06-18 06:48:14 - __main__ - INFO - Input matrix with TMSRGIALNPYCEFDWVQKH encoding is generated.
2026-06-18 06:49:36 - __main__ - INFO - TMSRGIALNPYCEFDWVQKH encoding is done for binary task with:
	-custom
		-f1: 0.8179218303145853
		-auroc: 0.8063032722641325
	-resnet
		-f1: 0.8837638376383764
		-auroc: 0.8703626596126841
2026-06-18 06:49:36 - __main__ - INFO - Input matrix with TMSRGIALNPYCEFDWVQKH encoding is removed.

2026-06-18 06:49:45 - __main__ - INFO - Input matrix with CGWDRSIPMVFQAHYLETKN encoding is generated.
2026-06-18 06:51:08 - __main__ - INFO - CGWDRSIPMVFQAHYLETKN encoding is done for binary task with:
	-custom
		-f1: 0.809478672985782
		-auroc: 0.795901913719343
	-resnet
		-f1: 0.8734299516908213
		-auroc: 0.8676561836648052
2026-06-18 06:51:08 - __main__ - INFO - Input matrix with CGWDRSIPMVFQAHYLETKN encoding is removed.

2026-06-18 06:51:17 - __main__ - INFO - Input matrix with GWLIVSTEPNYADQHFMRKC encoding is generated.
2026-06-18 06:52:39 - __main__ - INFO - GWLIVSTEPNYADQHFMRKC encoding is done for binary task with:
	-custom
		-f1: 0.8202247191011236
		-auroc: 0.8043805721563633
	-resnet
		-f1: 0.8524923702950152
		-auroc: 0.8559913947944222
2026-06-18 06:52:39 - __main__ - INFO - Input matrix with GWLIVSTEPNYADQHFMRKC encoding is removed.

2026-06-18 06:52:48 - __main__ - INFO - Input matrix with YTQSFKHCMREWANVLPDIG encoding is generated.
2026-06-18 06:54:10 - __main__ - INFO - YTQSFKHCMREWANVLPDIG encoding is done for binary task with:
	-custom
		-f1: 0.8322017458777885
		-auroc: 0.825371068874302
	-resnet
		-f1: 0.861568247821878
		-auroc: 0.8556158355377029
2026-06-18 06:54:10 - __main__ - INFO - Input matrix with YTQSFKHCMREWANVLPDIG encoding is removed.

2026-06-18 06:54:20 - __main__ - INFO - Input matrix with KRHSCWMTYEFDNGILVPQA encoding is generated.
2026-06-18 06:55:42 - __main__ - INFO - KRHSCWMTYEFDNGILVPQA encoding is done for binary task with:
	-custom
		-f1: 0.8172248803827751
		-auroc: 0.8064951340583261
	-resnet
		-f1: 0.8835930339138405
		-auroc: 0.8690155448874956
2026-06-18 06:55:42 - __main__ - INFO - Input matrix with KRHSCWMTYEFDNGILVPQA encoding is removed.

2026-06-18 06:55:52 - __main__ - INFO - Input matrix with HQDCLMPGINKTSVEWARYF encoding is generated.
2026-06-18 06:57:14 - __main__ - INFO - HQDCLMPGINKTSVEWARYF encoding is done for binary task with:
	-custom
		-f1: 0.8214634146341463
		-auroc: 0.8155452957120931
	-resnet
		-f1: 0.8167770419426048
		-auroc: 0.838446246040299
2026-06-18 06:57:14 - __main__ - INFO - Input matrix with HQDCLMPGINKTSVEWARYF encoding is removed.

2026-06-18 06:57:24 - __main__ - INFO - Input matrix with PHNSAYVMTCKGDELFRQWI encoding is generated.
2026-06-18 06:58:46 - __main__ - INFO - PHNSAYVMTCKGDELFRQWI encoding is done for binary task with:
	-custom
		-f1: 0.8053691275167785
		-auroc: 0.7944547859312238
	-resnet
		-f1: 0.8779631255487269
		-auroc: 0.8545769243329742
2026-06-18 06:58:46 - __main__ - INFO - Input matrix with PHNSAYVMTCKGDELFRQWI encoding is removed.

2026-06-18 06:58:55 - __main__ - INFO - Input matrix with WTFNVDLCIRYAQPSMEKHG encoding is generated.
2026-06-18 07:00:17 - __main__ - INFO - WTFNVDLCIRYAQPSMEKHG encoding is done for binary task with:
	-custom
		-f1: 0.8205128205128205
		-auroc: 0.8170842722314751
	-resnet
		-f1: 0.8791423001949318
		-auroc: 0.8751673687991901
2026-06-18 07:00:17 - __main__ - INFO - Input matrix with WTFNVDLCIRYAQPSMEKHG encoding is removed.

2026-06-18 07:00:27 - __main__ - INFO - Input matrix with EMWLKIGQDYTRHAPNSVFC encoding is generated.
2026-06-18 07:01:50 - __main__ - INFO - EMWLKIGQDYTRHAPNSVFC encoding is done for binary task with:
	-custom
		-f1: 0.8174077578051088
		-auroc: 0.8038968355050455
	-resnet
		-f1: 0.8826382153249273
		-auroc: 0.877961611312498
2026-06-18 07:01:50 - __main__ - INFO - Input matrix with EMWLKIGQDYTRHAPNSVFC encoding is removed.

2026-06-18 07:01:59 - __main__ - INFO - Input matrix with KHQPSEITFAGNDRMCWYLV encoding is generated.
2026-06-18 07:03:21 - __main__ - INFO - KHQPSEITFAGNDRMCWYLV encoding is done for binary task with:
	-custom
		-f1: 0.8128654970760234
		-auroc: 0.8063951209953953
	-resnet
		-f1: 0.8707607699358387
		-auroc: 0.8548565526925966
2026-06-18 07:03:21 - __main__ - INFO - Input matrix with KHQPSEITFAGNDRMCWYLV encoding is removed.

2026-06-18 07:03:31 - __main__ - INFO - Input matrix with RQFMIHNADLVGCYKWTEPS encoding is generated.
2026-06-18 07:04:53 - __main__ - INFO - RQFMIHNADLVGCYKWTEPS encoding is done for binary task with:
	-custom
		-f1: 0.8148148148148148
		-auroc: 0.8020659841285392
	-resnet
		-f1: 0.8439108061749572
		-auroc: 0.8097935240521211
2026-06-18 07:04:53 - __main__ - INFO - Input matrix with RQFMIHNADLVGCYKWTEPS encoding is removed.

2026-06-18 07:05:03 - __main__ - INFO - Input matrix with PRLVTEQDIMCSWAYKGFNH encoding is generated.
2026-06-18 07:06:25 - __main__ - INFO - PRLVTEQDIMCSWAYKGFNH encoding is done for binary task with:
	-custom
		-f1: 0.8053691275167785
		-auroc: 0.7944547859312238
	-resnet
		-f1: 0.8774928774928775
		-auroc: 0.8688155187616342
2026-06-18 07:06:25 - __main__ - INFO - Input matrix with PRLVTEQDIMCSWAYKGFNH encoding is removed.

2026-06-18 07:06:35 - __main__ - INFO - Input matrix with IMSDCPTQLENYFARHKGWV encoding is generated.
2026-06-18 07:07:57 - __main__ - INFO - IMSDCPTQLENYFARHKGWV encoding is done for binary task with:
	-custom
		-f1: 0.8191387559808613
		-auroc: 0.8085178472290259
	-resnet
		-f1: 0.8393162393162393
		-auroc: 0.803533522745828
2026-06-18 07:07:57 - __main__ - INFO - Input matrix with IMSDCPTQLENYFARHKGWV encoding is removed.

2026-06-18 07:08:06 - __main__ - INFO - Input matrix with TVSMYALDRIWKFNGHEPQC encoding is generated.
2026-06-18 07:09:30 - __main__ - INFO - TVSMYALDRIWKFNGHEPQC encoding is done for binary task with:
	-custom
		-f1: 0.8433268858800773
		-auroc: 0.836352094967506
	-resnet
		-f1: 0.8664122137404581
		-auroc: 0.8579304235655268
2026-06-18 07:09:30 - __main__ - INFO - Input matrix with TVSMYALDRIWKFNGHEPQC encoding is removed.

2026-06-18 07:09:39 - __main__ - INFO - Input matrix with MHTPYWVNCSKDQIFLRGAE encoding is generated.
2026-06-18 07:11:01 - __main__ - INFO - MHTPYWVNCSKDQIFLRGAE encoding is done for binary task with:
	-custom
		-f1: 0.8191190253045924
		-auroc: 0.8034171810195616
	-resnet
		-f1: 0.872858431018936
		-auroc: 0.8539931746187256
2026-06-18 07:11:01 - __main__ - INFO - Input matrix with MHTPYWVNCSKDQIFLRGAE encoding is removed.

2026-06-18 07:11:11 - __main__ - INFO - Input matrix with MFHKGWCIRPLTDEAYSNQV encoding is generated.
2026-06-18 07:12:34 - __main__ - INFO - MFHKGWCIRPLTDEAYSNQV encoding is done for binary task with:
	-custom
		-f1: 0.8224121557454891
		-auroc: 0.8101568368113387
	-resnet
		-f1: 0.812807881773399
		-auroc: 0.7607769178015088
2026-06-18 07:12:34 - __main__ - INFO - Input matrix with MFHKGWCIRPLTDEAYSNQV encoding is removed.

2026-06-18 07:12:43 - __main__ - INFO - Input matrix with VDMAHKSTNIPYFCREWGQL encoding is generated.
2026-06-18 07:14:05 - __main__ - INFO - VDMAHKSTNIPYFCREWGQL encoding is done for binary task with:
	-custom
		-f1: 0.8282265552460538
		-auroc: 0.8110283792168773
	-resnet
		-f1: 0.8736059479553904
		-auroc: 0.8606328173475719
2026-06-18 07:14:05 - __main__ - INFO - Input matrix with VDMAHKSTNIPYFCREWGQL encoding is removed.

2026-06-18 07:14:15 - __main__ - INFO - Input matrix with IDYQNTLAKWFHVPSGRMEC encoding is generated.
2026-06-18 07:15:37 - __main__ - INFO - IDYQNTLAKWFHVPSGRMEC encoding is done for binary task with:
	-custom
		-f1: 0.7988223748773308
		-auroc: 0.793583243525685
	-resnet
		-f1: 0.8587055606198724
		-auroc: 0.8404097678064075
2026-06-18 07:15:37 - __main__ - INFO - Input matrix with IDYQNTLAKWFHVPSGRMEC encoding is removed.

2026-06-18 07:15:46 - __main__ - INFO - Input matrix with PNQLEYFIKRGVCDMTHASW encoding is generated.
2026-06-18 07:17:08 - __main__ - INFO - PNQLEYFIKRGVCDMTHASW encoding is done for binary task with:
	-custom
		-f1: 0.8227228207639569
		-auroc: 0.8177598706769864
	-resnet
		-f1: 0.88
		-auroc: 0.8719934848633292
2026-06-18 07:17:08 - __main__ - INFO - Input matrix with PNQLEYFIKRGVCDMTHASW encoding is removed.

2026-06-18 07:17:18 - __main__ - INFO - Input matrix with FRTCHQINDKYGMASVWLEP encoding is generated.
2026-06-18 07:18:39 - __main__ - INFO - FRTCHQINDKYGMASVWLEP encoding is done for binary task with:
	-custom
		-f1: 0.8367546432062561
		-auroc: 0.8318229319747885
	-resnet
		-f1: 0.8787010506208214
		-auroc: 0.8711260246236243
2026-06-18 07:18:39 - __main__ - INFO - Input matrix with FRTCHQINDKYGMASVWLEP encoding is removed.

2026-06-18 07:18:48 - __main__ - INFO - Input matrix with HTRWPMVFIGNQSDKAECLY encoding is generated.
2026-06-18 07:20:12 - __main__ - INFO - HTRWPMVFIGNQSDKAECLY encoding is done for binary task with:
	-custom
		-f1: 0.8315889628924833
		-auroc: 0.8203663335619346
	-resnet
		-f1: 0.8826291079812206
		-auroc: 0.8722853597204533
2026-06-18 07:20:12 - __main__ - INFO - Input matrix with HTRWPMVFIGNQSDKAECLY encoding is removed.

2026-06-18 07:20:21 - __main__ - INFO - Input matrix with WMKPTGHQVNADRLYEICSF encoding is generated.
2026-06-18 07:21:43 - __main__ - INFO - WMKPTGHQVNADRLYEICSF encoding is done for binary task with:
	-custom
		-f1: 0.8172043010752689
		-auroc: 0.8115958002677901
	-resnet
		-f1: 0.8603465851172273
		-auroc: 0.8641781783743182
2026-06-18 07:21:43 - __main__ - INFO - Input matrix with WMKPTGHQVNADRLYEICSF encoding is removed.

2026-06-18 07:21:53 - __main__ - INFO - Input matrix with TCSQKMWVAEHPFRDGNIYL encoding is generated.
2026-06-18 07:23:15 - __main__ - INFO - TCSQKMWVAEHPFRDGNIYL encoding is done for binary task with:
	-custom
		-f1: 0.8290840415486308
		-auroc: 0.8159371836321478
	-resnet
		-f1: 0.8751156336725254
		-auroc: 0.86140434669018
2026-06-18 07:23:15 - __main__ - INFO - Input matrix with TCSQKMWVAEHPFRDGNIYL encoding is removed.

2026-06-18 07:23:24 - __main__ - INFO - Input matrix with VTLPCKSGDFQWNMIYHERA encoding is generated.
2026-06-18 07:24:46 - __main__ - INFO - VTLPCKSGDFQWNMIYHERA encoding is done for binary task with:
	-custom
		-f1: 0.7795957651588066
		-auroc: 0.7683513765063191
	-resnet
		-f1: 0.8112582781456954
		-auroc: 0.7612565722869927
2026-06-18 07:24:46 - __main__ - INFO - Input matrix with VTLPCKSGDFQWNMIYHERA encoding is removed.

2026-06-18 07:24:56 - __main__ - INFO - Input matrix with TYDMSPVEKRGHIWFNQCLA encoding is generated.
2026-06-18 07:26:18 - __main__ - INFO - TYDMSPVEKRGHIWFNQCLA encoding is done for binary task with:
	-custom
		-f1: 0.8244274809160306
		-auroc: 0.8134307338101303
	-resnet
		-f1: 0.8596153846153847
		-auroc: 0.8522460076418145
2026-06-18 07:26:18 - __main__ - INFO - Input matrix with TYDMSPVEKRGHIWFNQCLA encoding is removed.

2026-06-18 07:26:27 - __main__ - INFO - Input matrix with PLWTARQKIHYCFSNVGEDM encoding is generated.
2026-06-18 07:27:50 - __main__ - INFO - PLWTARQKIHYCFSNVGEDM encoding is done for binary task with:
	-custom
		-f1: 0.8164435946462715
		-auroc: 0.8054358120244277
	-resnet
		-f1: 0.8821428571428571
		-auroc: 0.8625677639528428
2026-06-18 07:27:50 - __main__ - INFO - Input matrix with PLWTARQKIHYCFSNVGEDM encoding is removed.

2026-06-18 07:27:59 - __main__ - INFO - Input matrix with KEWDARMINYGCPFLQVSHT encoding is generated.
2026-06-18 07:29:21 - __main__ - INFO - KEWDARMINYGCPFLQVSHT encoding is done for binary task with:
	-custom
		-f1: 0.8257940327237728
		-auroc: 0.8168964926031154
	-resnet
		-f1: 0.8700906344410876
		-auroc: 0.8716934456745371
2026-06-18 07:29:21 - __main__ - INFO - Input matrix with KEWDARMINYGCPFLQVSHT encoding is removed.

2026-06-18 07:29:31 - __main__ - INFO - Input matrix with VKCYSADIFPLNRWHTGEQM encoding is generated.
2026-06-18 07:30:53 - __main__ - INFO - VKCYSADIFPLNRWHTGEQM encoding is done for binary task with:
	-custom
		-f1: 0.8058536585365854
		-auroc: 0.7993635903464942
	-resnet
		-f1: 0.8664323374340949
		-auroc: 0.8414772541719735
2026-06-18 07:30:53 - __main__ - INFO - Input matrix with VKCYSADIFPLNRWHTGEQM encoding is removed.

2026-06-18 07:31:02 - __main__ - INFO - Input matrix with GKSPLMITHFENQCYARWVD encoding is generated.
2026-06-18 07:32:22 - __main__ - INFO - GKSPLMITHFENQCYARWVD encoding is done for binary task with:
	-custom
		-f1: 0.8204633204633205
		-auroc: 0.811983606022011
	-resnet
		-f1: 0.8822966507177034
		-auroc: 0.8752673818621207
2026-06-18 07:32:22 - __main__ - INFO - Input matrix with GKSPLMITHFENQCYARWVD encoding is removed.

2026-06-18 07:32:32 - __main__ - INFO - Input matrix with PYSTMKVHEQAGNRWLIDFC encoding is generated.
2026-06-18 07:33:56 - __main__ - INFO - PYSTMKVHEQAGNRWLIDFC encoding is done for binary task with:
	-custom
		-f1: 0.8182683158896289
		-auroc: 0.8062073413670358
	-resnet
		-f1: 0.8799283154121864
		-auroc: 0.8607369125763364
2026-06-18 07:33:56 - __main__ - INFO - Input matrix with PYSTMKVHEQAGNRWLIDFC encoding is removed.

2026-06-18 07:34:05 - __main__ - INFO - Input matrix with STAQVYWPREKCMHGDLNIF encoding is generated.
2026-06-18 07:35:27 - __main__ - INFO - STAQVYWPREKCMHGDLNIF encoding is done for binary task with:
	-custom
		-f1: 0.7970065481758652
		-auroc: 0.7790486920740669
	-resnet
		-f1: 0.862
		-auroc: 0.8622554782665491
2026-06-18 07:35:27 - __main__ - INFO - Input matrix with STAQVYWPREKCMHGDLNIF encoding is removed.

2026-06-18 07:35:36 - __main__ - INFO - Input matrix with KLSPCDTQMEWVHANIYGRF encoding is generated.
2026-06-18 07:36:59 - __main__ - INFO - KLSPCDTQMEWVHANIYGRF encoding is done for binary task with:
	-custom
		-f1: 0.823069403714565
		-auroc: 0.8176639397798897
	-resnet
		-f1: 0.7866772402854877
		-auroc: 0.7172487835145815
2026-06-18 07:36:59 - __main__ - INFO - Input matrix with KLSPCDTQMEWVHANIYGRF encoding is removed.

2026-06-18 07:37:08 - __main__ - INFO - Input matrix with VGCQLFWTKSDANPRIMHEY encoding is generated.
2026-06-18 07:38:30 - __main__ - INFO - VGCQLFWTKSDANPRIMHEY encoding is done for binary task with:
	-custom
		-f1: 0.8193916349809885
		-auroc: 0.8071707325038373
	-resnet
		-f1: 0.8694798822374877
		-auroc: 0.8664009176708795
2026-06-18 07:38:30 - __main__ - INFO - Input matrix with VGCQLFWTKSDANPRIMHEY encoding is removed.

2026-06-18 07:38:39 - __main__ - INFO - Input matrix with SVDCNAILRYWQEPKMHTFG encoding is generated.
2026-06-18 07:40:01 - __main__ - INFO - SVDCNAILRYWQEPKMHTFG encoding is done for binary task with:
	-custom
		-f1: 0.8126195028680688
		-auroc: 0.801390385683028
	-resnet
		-f1: 0.8451882845188284
		-auroc: 0.8542523921491787
2026-06-18 07:40:01 - __main__ - INFO - Input matrix with SVDCNAILRYWQEPKMHTFG encoding is removed.

2026-06-18 07:40:11 - __main__ - INFO - Input matrix with QWIEFRYNLSKVAGCTPMHD encoding is generated.
2026-06-18 07:41:32 - __main__ - INFO - QWIEFRYNLSKVAGCTPMHD encoding is done for binary task with:
	-custom
		-f1: 0.822627037392138
		-auroc: 0.8126592044675223
	-resnet
		-f1: 0.8751156336725254
		-auroc: 0.86140434669018
2026-06-18 07:41:32 - __main__ - INFO - Input matrix with QWIEFRYNLSKVAGCTPMHD encoding is removed.

2026-06-18 07:41:42 - __main__ - INFO - Input matrix with DTFCEQAGSYVPLWIRKMNH encoding is generated.
2026-06-18 07:43:04 - __main__ - INFO - DTFCEQAGSYVPLWIRKMNH encoding is done for binary task with:
	-custom
		-f1: 0.818613485280152
		-auroc: 0.806111410469939
	-resnet
		-f1: 0.8842897460018815
		-auroc: 0.8744040037882499
2026-06-18 07:43:04 - __main__ - INFO - Input matrix with DTFCEQAGSYVPLWIRKMNH encoding is removed.

2026-06-18 07:43:13 - __main__ - INFO - Input matrix with HGVQTWDRMLYIFEKNSAPC encoding is generated.
2026-06-18 07:44:37 - __main__ - INFO - HGVQTWDRMLYIFEKNSAPC encoding is done for binary task with:
	-custom
		-f1: 0.8279158699808795
		-auroc: 0.8175720910486268
	-resnet
		-f1: 0.8826923076923077
		-auroc: 0.8765185656902126
2026-06-18 07:44:37 - __main__ - INFO - Input matrix with HGVQTWDRMLYIFEKNSAPC encoding is removed.

2026-06-18 07:44:46 - __main__ - INFO - Input matrix with HSYLPGKFDIVNMWEQCART encoding is generated.
2026-06-18 07:46:07 - __main__ - INFO - HSYLPGKFDIVNMWEQCART encoding is done for binary task with:
	-custom
		-f1: 0.8330134357005758
		-auroc: 0.8238320923549197
	-resnet
		-f1: 0.8294314381270903
		-auroc: 0.7861047157179714
2026-06-18 07:46:07 - __main__ - INFO - Input matrix with HSYLPGKFDIVNMWEQCART encoding is removed.

2026-06-18 07:46:17 - __main__ - INFO - Input matrix with AEMTIWFQPKNDRVHSYGCL encoding is generated.
2026-06-18 07:47:40 - __main__ - INFO - AEMTIWFQPKNDRVHSYGCL encoding is done for binary task with:
	-custom
		-f1: 0.8019417475728156
		-auroc: 0.7940669801770026
	-resnet
		-f1: 0.881159420289855
		-auroc: 0.8757470363476045
2026-06-18 07:47:40 - __main__ - INFO - Input matrix with AEMTIWFQPKNDRVHSYGCL encoding is removed.

2026-06-18 07:47:49 - __main__ - INFO - Input matrix with CRKVENYISQGLDMHPWTAF encoding is generated.
2026-06-18 07:49:12 - __main__ - INFO - CRKVENYISQGLDMHPWTAF encoding is done for binary task with:
	-custom
		-f1: 0.8185255198487713
		-auroc: 0.804860226641847
	-resnet
		-f1: 0.8704061895551257
		-auroc: 0.8646700793573038
2026-06-18 07:49:12 - __main__ - INFO - Input matrix with CRKVENYISQGLDMHPWTAF encoding is removed.

2026-06-18 07:49:22 - __main__ - INFO - Input matrix with FAWRDTKCNGVMYPISHLQE encoding is generated.
2026-06-18 07:50:44 - __main__ - INFO - FAWRDTKCNGVMYPISHLQE encoding is done for binary task with:
	-custom
		-f1: 0.8117313150425733
		-auroc: 0.7978286959929461
	-resnet
		-f1: 0.8594217347956131
		-auroc: 0.8590775121648542
2026-06-18 07:50:44 - __main__ - INFO - Input matrix with FAWRDTKCNGVMYPISHLQE encoding is removed.

2026-06-18 07:50:53 - __main__ - INFO - Input matrix with AEDCFPGQIMHVTRNKLYWS encoding is generated.
2026-06-18 07:52:16 - __main__ - INFO - AEDCFPGQIMHVTRNKLYWS encoding is done for binary task with:
	-custom
		-f1: 0.8347659980897804
		-auroc: 0.8246036216975278
	-resnet
		-f1: 0.8707753479125249
		-auroc: 0.8700585382580582
2026-06-18 07:52:16 - __main__ - INFO - Input matrix with AEDCFPGQIMHVTRNKLYWS encoding is removed.

2026-06-18 07:52:26 - __main__ - INFO - Input matrix with VHRTEMALPQSFYGCKNDIW encoding is generated.
2026-06-18 07:53:48 - __main__ - INFO - VHRTEMALPQSFYGCKNDIW encoding is done for binary task with:
	-custom
		-f1: 0.8201712654614652
		-auroc: 0.8082300545377356
	-resnet
		-f1: 0.8679245283018868
		-auroc: 0.8573548381829463
2026-06-18 07:53:48 - __main__ - INFO - Input matrix with VHRTEMALPQSFYGCKNDIW encoding is removed.

2026-06-18 07:53:57 - __main__ - INFO - Input matrix with NCHLQIWDYASPTRVGEFMK encoding is generated.
2026-06-18 07:55:34 - __main__ - INFO - NCHLQIWDYASPTRVGEFMK encoding is done for binary task with:
	-custom
		-f1: 0.8288461538461539
		-auroc: 0.8198825969106169
	-resnet
		-f1: 0.8740740740740741
		-auroc: 0.8604409555533783
2026-06-18 07:55:34 - __main__ - INFO - Input matrix with NCHLQIWDYASPTRVGEFMK encoding is removed.

2026-06-18 07:55:44 - __main__ - INFO - Input matrix with ECWYHMNVAPKQTSRIDGLF encoding is generated.
2026-06-18 07:57:22 - __main__ - INFO - ECWYHMNVAPKQTSRIDGLF encoding is done for binary task with:
	-custom
		-f1: 0.8155339805825242
		-auroc: 0.8082259723719015
	-resnet
		-f1: 0.8340425531914893
		-auroc: 0.8469289866431535
2026-06-18 07:57:22 - __main__ - INFO - Input matrix with ECWYHMNVAPKQTSRIDGLF encoding is removed.

2026-06-18 07:57:31 - __main__ - INFO - Input matrix with GHVEQWMIRTLFYPANCKDS encoding is generated.
2026-06-18 07:59:09 - __main__ - INFO - GHVEQWMIRTLFYPANCKDS encoding is done for binary task with:
	-custom
		-f1: 0.8185328185328186
		-auroc: 0.8099608928513111
	-resnet
		-f1: 0.8609154929577465
		-auroc: 0.8355050455569708
2026-06-18 07:59:09 - __main__ - INFO - Input matrix with GHVEQWMIRTLFYPANCKDS encoding is removed.

2026-06-18 07:59:19 - __main__ - INFO - Input matrix with FQLYEDHATVRWINGSMKPC encoding is generated.
2026-06-18 08:01:06 - __main__ - INFO - FQLYEDHATVRWINGSMKPC encoding is done for binary task with:
	-custom
		-f1: 0.8188050930460333
		-auroc: 0.8137144443355867
	-resnet
		-f1: 0.8581623550401427
		-auroc: 0.8352131706998466
2026-06-18 08:01:06 - __main__ - INFO - Input matrix with FQLYEDHATVRWINGSMKPC encoding is removed.

2026-06-18 08:01:16 - __main__ - INFO - Input matrix with PSEHIAWRFQYNKCVLMGDT encoding is generated.
2026-06-18 08:02:57 - __main__ - INFO - PSEHIAWRFQYNKCVLMGDT encoding is done for binary task with:
	-custom
		-f1: 0.8169556840077071
		-auroc: 0.8078422487835145
	-resnet
		-f1: 0.8868101028999065
		-auroc: 0.8761389242676594
2026-06-18 08:02:57 - __main__ - INFO - Input matrix with PSEHIAWRFQYNKCVLMGDT encoding is removed.

2026-06-18 08:03:06 - __main__ - INFO - Input matrix with CRAVTFMDLYPGISNQHKEW encoding is generated.
2026-06-18 08:04:50 - __main__ - INFO - CRAVTFMDLYPGISNQHKEW encoding is done for binary task with:
	-custom
		-f1: 0.8341323106423778
		-auroc: 0.8247954834917213
	-resnet
		-f1: 0.8976525821596244
		-auroc: 0.888467065086052
2026-06-18 08:04:50 - __main__ - INFO - Input matrix with CRAVTFMDLYPGISNQHKEW encoding is removed.

2026-06-18 08:04:59 - __main__ - INFO - Input matrix with RCAHKSQIYMTPLDGFEWNV encoding is generated.
2026-06-18 08:06:41 - __main__ - INFO - RCAHKSQIYMTPLDGFEWNV encoding is done for binary task with:
	-custom
		-f1: 0.814453125
		-auroc: 0.808513765063192
	-resnet
		-f1: 0.8733944954128441
		-auroc: 0.8579385878971947
2026-06-18 08:06:41 - __main__ - INFO - Input matrix with RCAHKSQIYMTPLDGFEWNV encoding is removed.

2026-06-18 08:06:51 - __main__ - INFO - Input matrix with WHFMEIDVLPTKYGSANRCQ encoding is generated.
2026-06-18 08:08:29 - __main__ - INFO - WHFMEIDVLPTKYGSANRCQ encoding is done for binary task with:
	-custom
		-f1: 0.8081395348837209
		-auroc: 0.8000391887920055
	-resnet
		-f1: 0.8688524590163934
		-auroc: 0.8514867247967083
2026-06-18 08:08:29 - __main__ - INFO - Input matrix with WHFMEIDVLPTKYGSANRCQ encoding is removed.

2026-06-18 08:08:39 - __main__ - INFO - Input matrix with QTIWDSRNCHMFEKLAVGYP encoding is generated.
2026-06-18 08:10:14 - __main__ - INFO - QTIWDSRNCHMFEKLAVGYP encoding is done for binary task with:
	-custom
		-f1: 0.8065764023210832
		-auroc: 0.7979205447242088
	-resnet
		-f1: 0.8705179282868526
		-auroc: 0.870154469155155
2026-06-18 08:10:14 - __main__ - INFO - Input matrix with QTIWDSRNCHMFEKLAVGYP encoding is removed.

2026-06-18 08:10:24 - __main__ - INFO - Input matrix with LITMFGQHWENKVCYPSRAD encoding is generated.
2026-06-18 08:11:58 - __main__ - INFO - LITMFGQHWENKVCYPSRAD encoding is done for binary task with:
	-custom
		-f1: 0.8360189573459715
		-auroc: 0.8242198981091408
	-resnet
		-f1: 0.8842504743833017
		-auroc: 0.8758470494105353
2026-06-18 08:11:58 - __main__ - INFO - Input matrix with LITMFGQHWENKVCYPSRAD encoding is removed.

2026-06-18 08:12:08 - __main__ - INFO - Input matrix with NEYKPRDQIWSFMCVTGAHL encoding is generated.
2026-06-18 08:13:40 - __main__ - INFO - NEYKPRDQIWSFMCVTGAHL encoding is done for binary task with:
	-custom
		-f1: 0.8184494602551521
		-auroc: 0.8138103752326834
	-resnet
		-f1: 0.873542600896861
		-auroc: 0.8537053819274354
2026-06-18 08:13:40 - __main__ - INFO - Input matrix with NEYKPRDQIWSFMCVTGAHL encoding is removed.

2026-06-18 08:13:50 - __main__ - INFO - Input matrix with LPCVIMRYEAQTFWGKNSDH encoding is generated.
2026-06-18 08:15:23 - __main__ - INFO - LPCVIMRYEAQTFWGKNSDH encoding is done for binary task with:
	-custom
		-f1: 0.8187022900763359
		-auroc: 0.8073625942980308
	-resnet
		-f1: 0.853721129170231
		-auroc: 0.8207745501453252
2026-06-18 08:15:23 - __main__ - INFO - Input matrix with LPCVIMRYEAQTFWGKNSDH encoding is removed.

2026-06-18 08:15:32 - __main__ - INFO - Input matrix with CPLKVWFMDQESRATGIYNH encoding is generated.
2026-06-18 08:17:06 - __main__ - INFO - CPLKVWFMDQESRATGIYNH encoding is done for binary task with:
	-custom
		-f1: 0.8156424581005587
		-auroc: 0.7980246399529735
	-resnet
		-f1: 0.8594594594594595
		-auroc: 0.8387748603899285
2026-06-18 08:17:06 - __main__ - INFO - Input matrix with CPLKVWFMDQESRATGIYNH encoding is removed.

2026-06-18 08:17:15 - __main__ - INFO - Input matrix with GHSEQNCVRFTLYWDMIAKP encoding is generated.
2026-06-18 08:18:45 - __main__ - INFO - GHSEQNCVRFTLYWDMIAKP encoding is done for binary task with:
	-custom
		-f1: 0.8210116731517509
		-auroc: 0.8143900427810978
	-resnet
		-f1: 0.8681541582150102
		-auroc: 0.8710178472290259
2026-06-18 08:18:45 - __main__ - INFO - Input matrix with GHSEQNCVRFTLYWDMIAKP encoding is removed.

2026-06-18 08:18:54 - __main__ - INFO - Input matrix with ESDAFVKHMRITWLQPGNCY encoding is generated.
2026-06-18 08:20:15 - __main__ - INFO - ESDAFVKHMRITWLQPGNCY encoding is done for binary task with:
	-custom
		-f1: 0.8139097744360902
		-auroc: 0.7985042944384573
	-resnet
		-f1: 0.88
		-auroc: 0.8719934848633292
2026-06-18 08:20:15 - __main__ - INFO - Input matrix with ESDAFVKHMRITWLQPGNCY encoding is removed.

2026-06-18 08:20:24 - __main__ - INFO - Input matrix with RIHECKMGDPASLVWNYFQT encoding is generated.
2026-06-18 08:21:45 - __main__ - INFO - RIHECKMGDPASLVWNYFQT encoding is done for binary task with:
	-custom
		-f1: 0.8238691049085659
		-auroc: 0.8148737794324156
	-resnet
		-f1: 0.8703517587939699
		-auroc: 0.8715975147774403
2026-06-18 08:21:45 - __main__ - INFO - Input matrix with RIHECKMGDPASLVWNYFQT encoding is removed.

2026-06-18 08:21:55 - __main__ - INFO - Input matrix with YMFHVAPQEDLCSKGIRWNT encoding is generated.
2026-06-18 08:23:15 - __main__ - INFO - YMFHVAPQEDLCSKGIRWNT encoding is done for binary task with:
	-custom
		-f1: 0.8333333333333334
		-auroc: 0.823736161457823
	-resnet
		-f1: 0.8467670504871567
		-auroc: 0.8206704549165607
2026-06-18 08:23:15 - __main__ - INFO - Input matrix with YMFHVAPQEDLCSKGIRWNT encoding is removed.

2026-06-18 08:23:25 - __main__ - INFO - Input matrix with QFTYPDAIVLGWEKSCMNRH encoding is generated.
2026-06-18 08:24:46 - __main__ - INFO - QFTYPDAIVLGWEKSCMNRH encoding is done for binary task with:
	-custom
		-f1: 0.8264621284755513
		-auroc: 0.816704630808922
	-resnet
		-f1: 0.8708765315739868
		-auroc: 0.8603409424904478
2026-06-18 08:24:46 - __main__ - INFO - Input matrix with QFTYPDAIVLGWEKSCMNRH encoding is removed.

2026-06-18 08:24:55 - __main__ - INFO - Input matrix with FWRYANVSIEHLDQKTCMPG encoding is generated.
2026-06-18 08:26:16 - __main__ - INFO - FWRYANVSIEHLDQKTCMPG encoding is done for binary task with:
	-custom
		-f1: 0.8310940499040307
		-auroc: 0.82180937918422
	-resnet
		-f1: 0.8658536585365854
		-auroc: 0.8389748865157899
2026-06-18 08:26:16 - __main__ - INFO - Input matrix with FWRYANVSIEHLDQKTCMPG encoding is removed.

2026-06-18 08:26:25 - __main__ - INFO - Input matrix with ELMCDKRQPAFHWTNGSIYV encoding is generated.
2026-06-18 08:27:46 - __main__ - INFO - ELMCDKRQPAFHWTNGSIYV encoding is done for binary task with:
	-custom
		-f1: 0.7968596663395485
		-auroc: 0.7915605303549852
	-resnet
		-f1: 0.8576388888888888
		-auroc: 0.828669458868097
2026-06-18 08:27:46 - __main__ - INFO - Input matrix with ELMCDKRQPAFHWTNGSIYV encoding is removed.

2026-06-18 08:27:55 - __main__ - INFO - Input matrix with RHLTIWPNAQEMVFKDCYGS encoding is generated.
2026-06-18 08:29:15 - __main__ - INFO - RHLTIWPNAQEMVFKDCYGS encoding is done for binary task with:
	-custom
		-f1: 0.8174077578051088
		-auroc: 0.8038968355050455
	-resnet
		-f1: 0.8938967136150234
		-auroc: 0.8844216387446523
2026-06-18 08:29:15 - __main__ - INFO - Input matrix with RHLTIWPNAQEMVFKDCYGS encoding is removed.

2026-06-18 08:29:25 - __main__ - INFO - Input matrix with STGLVWNRIQCEPFDKAHYM encoding is generated.
2026-06-18 08:30:45 - __main__ - INFO - STGLVWNRIQCEPFDKAHYM encoding is done for binary task with:
	-custom
		-f1: 0.8271251193887297
		-auroc: 0.8165127690147285
	-resnet
		-f1: 0.8639575971731449
		-auroc: 0.839742333692564
2026-06-18 08:30:45 - __main__ - INFO - Input matrix with STGLVWNRIQCEPFDKAHYM encoding is removed.

2026-06-18 08:30:54 - __main__ - INFO - Input matrix with YWIKVTPRSEMHQFCALNGD encoding is generated.
2026-06-18 08:32:15 - __main__ - INFO - YWIKVTPRSEMHQFCALNGD encoding is done for binary task with:
	-custom
		-f1: 0.8349146110056926
		-auroc: 0.8232565069723392
	-resnet
		-f1: 0.8934579439252337
		-auroc: 0.8831704549165604
2026-06-18 08:32:15 - __main__ - INFO - Input matrix with YWIKVTPRSEMHQFCALNGD encoding is removed.

2026-06-18 08:32:24 - __main__ - INFO - Input matrix with RKNDIYCMTQFHVLEGPWAS encoding is generated.
2026-06-18 08:33:45 - __main__ - INFO - RKNDIYCMTQFHVLEGPWAS encoding is done for binary task with:
	-custom
		-f1: 0.8156638013371538
		-auroc: 0.8043764899905295
	-resnet
		-f1: 0.8861712135465664
		-auroc: 0.8764267169589497
2026-06-18 08:33:45 - __main__ - INFO - Input matrix with RKNDIYCMTQFHVLEGPWAS encoding is removed.

2026-06-18 08:33:54 - __main__ - INFO - Input matrix with TAIVQSFKYRMGWLEDPHNC encoding is generated.
2026-06-18 08:35:14 - __main__ - INFO - TAIVQSFKYRMGWLEDPHNC encoding is done for binary task with:
	-custom
		-f1: 0.832046332046332
		-auroc: 0.8241198850462101
	-resnet
		-f1: 0.8299319727891157
		-auroc: 0.7911094510303387
2026-06-18 08:35:14 - __main__ - INFO - Input matrix with TAIVQSFKYRMGWLEDPHNC encoding is removed.

2026-06-18 08:35:23 - __main__ - INFO - Input matrix with LHTIRGVMFWDNYQCSKPAE encoding is generated.
2026-06-18 08:36:46 - __main__ - INFO - LHTIRGVMFWDNYQCSKPAE encoding is done for binary task with:
	-custom
		-f1: 0.8143939393939394
		-auroc: 0.8009107311975442
	-resnet
		-f1: 0.8900900900900901
		-auroc: 0.8731609842918259
2026-06-18 08:36:46 - __main__ - INFO - Input matrix with LHTIRGVMFWDNYQCSKPAE encoding is removed.

2026-06-18 08:36:55 - __main__ - INFO - Input matrix with LNYKCQRHVFGDSEMIWTAP encoding is generated.
2026-06-18 08:38:16 - __main__ - INFO - LNYKCQRHVFGDSEMIWTAP encoding is done for binary task with:
	-custom
		-f1: 0.8023143683702989
		-auroc: 0.7927198654518142
	-resnet
		-f1: 0.8270412642669008
		-auroc: 0.7959182423826786
2026-06-18 08:38:16 - __main__ - INFO - Input matrix with LNYKCQRHVFGDSEMIWTAP encoding is removed.

2026-06-18 08:38:25 - __main__ - INFO - Input matrix with RGKVYMIECLTHNPQWDSFA encoding is generated.
2026-06-18 08:39:43 - __main__ - INFO - RGKVYMIECLTHNPQWDSFA encoding is done for binary task with:
	-custom
		-f1: 0.8132701421800947
		-auroc: 0.7999473400607426
	-resnet
		-f1: 0.8857677902621723
		-auroc: 0.8751755331308579
2026-06-18 08:39:43 - __main__ - INFO - Input matrix with RGKVYMIECLTHNPQWDSFA encoding is removed.

2026-06-18 08:39:53 - __main__ - INFO - Input matrix with QFSRDWEHLPICMNGAYVTK encoding is generated.
2026-06-18 08:41:13 - __main__ - INFO - QFSRDWEHLPICMNGAYVTK encoding is done for binary task with:
	-custom
		-f1: 0.8175740210124164
		-auroc: 0.8063992031612292
	-resnet
		-f1: 0.8614762386248737
		-auroc: 0.8637944547859312
2026-06-18 08:41:13 - __main__ - INFO - Input matrix with QFSRDWEHLPICMNGAYVTK encoding is removed.

2026-06-18 08:41:22 - __main__ - INFO - Input matrix with WPESDNLMHRVGQTFAYICK encoding is generated.
2026-06-18 08:42:40 - __main__ - INFO - WPESDNLMHRVGQTFAYICK encoding is done for binary task with:
	-custom
		-f1: 0.8288461538461539
		-auroc: 0.8198825969106169
	-resnet
		-f1: 0.875
		-auroc: 0.8656375526599392
2026-06-18 08:42:40 - __main__ - INFO - Input matrix with WPESDNLMHRVGQTFAYICK encoding is removed.

2026-06-18 08:42:50 - __main__ - INFO - Input matrix with FCHWARTYMNGLPDEIKSQV encoding is generated.
2026-06-18 08:44:09 - __main__ - INFO - FCHWARTYMNGLPDEIKSQV encoding is done for binary task with:
	-custom
		-f1: 0.80078125
		-auroc: 0.7943547728682929
	-resnet
		-f1: 0.8855813953488372
		-auroc: 0.8738284184056693
2026-06-18 08:44:09 - __main__ - INFO - Input matrix with FCHWARTYMNGLPDEIKSQV encoding is removed.

2026-06-18 08:44:19 - __main__ - INFO - Input matrix with VYEPQIMLHADTGNKCWRSF encoding is generated.
2026-06-18 08:45:39 - __main__ - INFO - VYEPQIMLHADTGNKCWRSF encoding is done for binary task with:
	-custom
		-f1: 0.8109696376101861
		-auroc: 0.8056235916527874
	-resnet
		-f1: 0.8472222222222222
		-auroc: 0.8165331798438981
2026-06-18 08:45:39 - __main__ - INFO - Input matrix with VYEPQIMLHADTGNKCWRSF encoding is removed.

2026-06-18 08:45:48 - __main__ - INFO - Input matrix with GFSWVYHDMQLNRPIEKATC encoding is generated.
2026-06-18 08:47:08 - __main__ - INFO - GFSWVYHDMQLNRPIEKATC encoding is done for binary task with:
	-custom
		-f1: 0.8175865294667914
		-auroc: 0.801298536951765
	-resnet
		-f1: 0.8504347826086956
		-auroc: 0.8206745370823945
2026-06-18 08:47:08 - __main__ - INFO - Input matrix with GFSWVYHDMQLNRPIEKATC encoding is removed.

2026-06-18 08:47:18 - __main__ - INFO - Input matrix with MIPECQGVSDHTNAWKRFLY encoding is generated.
2026-06-18 08:48:36 - __main__ - INFO - MIPECQGVSDHTNAWKRFLY encoding is done for binary task with:
	-custom
		-f1: 0.8284910965323337
		-auroc: 0.8135307468730609
	-resnet
		-f1: 0.8606485539000877
		-auroc: 0.8342538617288788
2026-06-18 08:48:36 - __main__ - INFO - Input matrix with MIPECQGVSDHTNAWKRFLY encoding is removed.

2026-06-18 08:48:46 - __main__ - INFO - Input matrix with TVFGKDHMEWNACYPLRISQ encoding is generated.
2026-06-18 08:50:06 - __main__ - INFO - TVFGKDHMEWNACYPLRISQ encoding is done for binary task with:
	-custom
		-f1: 0.802734375
		-auroc: 0.7963774860389928
	-resnet
		-f1: 0.8760330578512396
		-auroc: 0.861020623101793
2026-06-18 08:50:06 - __main__ - INFO - Input matrix with TVFGKDHMEWNACYPLRISQ encoding is removed.

2026-06-18 08:50:15 - __main__ - INFO - Input matrix with WYANDEVQTFHGSPCRIKLM encoding is generated.
2026-06-18 08:51:35 - __main__ - INFO - WYANDEVQTFHGSPCRIKLM encoding is done for binary task with:
	-custom
		-f1: 0.8173076923076923
		-auroc: 0.8077463178864179
	-resnet
		-f1: 0.8676207513416816
		-auroc: 0.8464819894843407
2026-06-18 08:51:35 - __main__ - INFO - Input matrix with WYANDEVQTFHGSPCRIKLM encoding is removed.

2026-06-18 08:51:45 - __main__ - INFO - Input matrix with FCVGWSAMNLYHQPTKIERD encoding is generated.
2026-06-18 08:53:05 - __main__ - INFO - FCVGWSAMNLYHQPTKIERD encoding is done for binary task with:
	-custom
		-f1: 0.8275862068965517
		-auroc: 0.8241158028803761
	-resnet
		-f1: 0.8013392857142857
		-auroc: 0.8267896215015839
2026-06-18 08:53:05 - __main__ - INFO - Input matrix with FCVGWSAMNLYHQPTKIERD encoding is removed.

2026-06-18 08:53:15 - __main__ - INFO - Input matrix with FASIPGKWQTCHMEYDVRNL encoding is generated.
2026-06-18 08:54:37 - __main__ - INFO - FASIPGKWQTCHMEYDVRNL encoding is done for binary task with:
	-custom
		-f1: 0.8240917782026769
		-auroc: 0.8135266647072271
	-resnet
		-f1: 0.8044788975021533
		-auroc: 0.7645223049541163
2026-06-18 08:54:37 - __main__ - INFO - Input matrix with FASIPGKWQTCHMEYDVRNL encoding is removed.

2026-06-18 08:54:47 - __main__ - INFO - Input matrix with TQFMWEAYHRINSVDCKPGL encoding is generated.
2026-06-18 08:56:07 - __main__ - INFO - TQFMWEAYHRINSVDCKPGL encoding is done for binary task with:
	-custom
		-f1: 0.8150943396226416
		-auroc: 0.8007188694033507
	-resnet
		-f1: 0.8329177057356608
		-auroc: 0.7888030273341825
2026-06-18 08:56:07 - __main__ - INFO - Input matrix with TQFMWEAYHRINSVDCKPGL encoding is removed.

2026-06-18 08:56:16 - __main__ - INFO - Input matrix with TIPQLNAEKDVHGSCYMRFW encoding is generated.
2026-06-18 08:57:38 - __main__ - INFO - TIPQLNAEKDVHGSCYMRFW encoding is done for binary task with:
	-custom
		-f1: 0.8229665071770335
		-auroc: 0.8125632735704256
	-resnet
		-f1: 0.8730009407337723
		-auroc: 0.8622677247640509
2026-06-18 08:57:38 - __main__ - INFO - Input matrix with TIPQLNAEKDVHGSCYMRFW encoding is removed.

2026-06-18 08:57:48 - __main__ - INFO - Input matrix with MYCSDPVNLITQREKAGFHW encoding is generated.
2026-06-18 08:59:08 - __main__ - INFO - MYCSDPVNLITQREKAGFHW encoding is done for binary task with:
	-custom
		-f1: 0.8156638013371538
		-auroc: 0.8043764899905295
	-resnet
		-f1: 0.8792626728110599
		-auroc: 0.8652579112373862
2026-06-18 08:59:08 - __main__ - INFO - Input matrix with MYCSDPVNLITQREKAGFHW encoding is removed.

2026-06-18 08:59:18 - __main__ - INFO - Input matrix with LEFRNGSTCQMWDHPIKAVY encoding is generated.
2026-06-18 09:00:38 - __main__ - INFO - LEFRNGSTCQMWDHPIKAVY encoding is done for binary task with:
	-custom
		-f1: 0.8076190476190476
		-auroc: 0.7951303843767349
	-resnet
		-f1: 0.8697355533790402
		-auroc: 0.8663049867737826
2026-06-18 09:00:38 - __main__ - INFO - Input matrix with LEFRNGSTCQMWDHPIKAVY encoding is removed.

2026-06-18 09:00:48 - __main__ - INFO - Input matrix with EKNYRGPMDSLHCWTVAIQF encoding is generated.
2026-06-18 09:02:09 - __main__ - INFO - EKNYRGPMDSLHCWTVAIQF encoding is done for binary task with:
	-custom
		-f1: 0.8257575757575758
		-auroc: 0.8130470102217433
	-resnet
		-f1: 0.8706811451135242
		-auroc: 0.8687114235328696
2026-06-18 09:02:09 - __main__ - INFO - Input matrix with EKNYRGPMDSLHCWTVAIQF encoding is removed.

2026-06-18 09:02:18 - __main__ - INFO - Input matrix with FLTWNGECMPDHSKIQRVAY encoding is generated.
2026-06-18 09:03:38 - __main__ - INFO - FLTWNGECMPDHSKIQRVAY encoding is done for binary task with:
	-custom
		-f1: 0.8292220113851992
		-auroc: 0.8171883674602397
	-resnet
		-f1: 0.8625592417061612
		-auroc: 0.8525378824989387
2026-06-18 09:03:38 - __main__ - INFO - Input matrix with FLTWNGECMPDHSKIQRVAY encoding is removed.

2026-06-18 09:03:48 - __main__ - INFO - Input matrix with GPETCVNLKRDSHYFAQWMI encoding is generated.
2026-06-18 09:05:08 - __main__ - INFO - GPETCVNLKRDSHYFAQWMI encoding is done for binary task with:
	-custom
		-f1: 0.8352272727272727
		-auroc: 0.8231605760752425
	-resnet
		-f1: 0.874296435272045
		-auroc: 0.8631351850037556
2026-06-18 09:05:08 - __main__ - INFO - Input matrix with GPETCVNLKRDSHYFAQWMI encoding is removed.

2026-06-18 09:05:18 - __main__ - INFO - Input matrix with LAGYIKRCSEMPVHDFQWTN encoding is generated.
2026-06-18 09:06:38 - __main__ - INFO - LAGYIKRCSEMPVHDFQWTN encoding is done for binary task with:
	-custom
		-f1: 0.812793979303857
		-auroc: 0.7975409033016557
	-resnet
		-f1: 0.8720472440944882
		-auroc: 0.8695788837725743
2026-06-18 09:06:38 - __main__ - INFO - Input matrix with LAGYIKRCSEMPVHDFQWTN encoding is removed.

2026-06-18 09:06:48 - __main__ - INFO - Input matrix with RGNCDFQMYKSTIEWAHLPV encoding is generated.
2026-06-18 09:08:09 - __main__ - INFO - RGNCDFQMYKSTIEWAHLPV encoding is done for binary task with:
	-custom
		-f1: 0.814176245210728
		-auroc: 0.8035090297508247
	-resnet
		-f1: 0.8435233160621761
		-auroc: 0.8507866333561935
2026-06-18 09:08:09 - __main__ - INFO - Input matrix with RGNCDFQMYKSTIEWAHLPV encoding is removed.

2026-06-18 09:08:18 - __main__ - INFO - Input matrix with TVDQFIRSWKYHLCEAPNMG encoding is generated.
2026-06-18 09:09:38 - __main__ - INFO - TVDQFIRSWKYHLCEAPNMG encoding is done for binary task with:
	-custom
		-f1: 0.8101983002832861
		-auroc: 0.7957100519251494
	-resnet
		-f1: 0.8576329331046312
		-auroc: 0.82597522941772
2026-06-18 09:09:38 - __main__ - INFO - Input matrix with TVDQFIRSWKYHLCEAPNMG encoding is removed.

2026-06-18 09:09:47 - __main__ - INFO - Input matrix with GSCAPEQYTRKLMWFNHIVD encoding is generated.
2026-06-18 09:11:09 - __main__ - INFO - GSCAPEQYTRKLMWFNHIVD encoding is done for binary task with:
	-custom
		-f1: 0.8253068932955618
		-auroc: 0.8118917572907483
	-resnet
		-f1: 0.876425855513308
		-auroc: 0.8678521276248325
2026-06-18 09:11:09 - __main__ - INFO - Input matrix with GSCAPEQYTRKLMWFNHIVD encoding is removed.

2026-06-18 09:11:19 - __main__ - INFO - Input matrix with LWNRVPMAQEDYGSCIHKTF encoding is generated.
2026-06-18 09:12:39 - __main__ - INFO - LWNRVPMAQEDYGSCIHKTF encoding is done for binary task with:
	-custom
		-f1: 0.8277830637488106
		-auroc: 0.8163209072205349
	-resnet
		-f1: 0.8693009118541033
		-auroc: 0.8719812383658274
2026-06-18 09:12:39 - __main__ - INFO - Input matrix with LWNRVPMAQEDYGSCIHKTF encoding is removed.

2026-06-18 09:12:49 - __main__ - INFO - Input matrix with DRHMGCTWAQLPFNYSEKIV encoding is generated.
2026-06-18 09:14:09 - __main__ - INFO - DRHMGCTWAQLPFNYSEKIV encoding is done for binary task with:
	-custom
		-f1: 0.8245614035087719
		-auroc: 0.8185314000195945
	-resnet
		-f1: 0.8909774436090225
		-auroc: 0.8814355344371511
2026-06-18 09:14:09 - __main__ - INFO - Input matrix with DRHMGCTWAQLPFNYSEKIV encoding is removed.

2026-06-18 09:14:18 - __main__ - INFO - Input matrix with VRGCADQWLIPFESTYNMHK encoding is generated.
2026-06-18 09:15:38 - __main__ - INFO - VRGCADQWLIPFESTYNMHK encoding is done for binary task with:
	-custom
		-f1: 0.818957345971564
		-auroc: 0.8060154795728423
	-resnet
		-f1: 0.8708133971291866
		-auroc: 0.8631311028379217
2026-06-18 09:15:38 - __main__ - INFO - Input matrix with VRGCADQWLIPFESTYNMHK encoding is removed.

2026-06-18 09:15:48 - __main__ - INFO - Input matrix with WQLEMPCGTSYVIAFRKHDN encoding is generated.
2026-06-18 09:17:08 - __main__ - INFO - WQLEMPCGTSYVIAFRKHDN encoding is done for binary task with:
	-custom
		-f1: 0.8424068767908309
		-auroc: 0.8326944743803272
	-resnet
		-f1: 0.8757062146892656
		-auroc: 0.865349759968649
2026-06-18 09:17:08 - __main__ - INFO - Input matrix with WQLEMPCGTSYVIAFRKHDN encoding is removed.

2026-06-18 09:17:17 - __main__ - INFO - Input matrix with PSNGMCEDHLVYAIWKQFRT encoding is generated.
2026-06-18 09:18:37 - __main__ - INFO - PSNGMCEDHLVYAIWKQFRT encoding is done for binary task with:
	-custom
		-f1: 0.8260869565217391
		-auroc: 0.8129510793246465
	-resnet
		-f1: 0.8709377901578459
		-auroc: 0.8575507821429738
2026-06-18 09:18:37 - __main__ - INFO - Input matrix with PSNGMCEDHLVYAIWKQFRT encoding is removed.

2026-06-18 09:18:47 - __main__ - INFO - Input matrix with LVHYWIFQSNRKEACPTGMD encoding is generated.
2026-06-18 09:20:07 - __main__ - INFO - LVHYWIFQSNRKEACPTGMD encoding is done for binary task with:
	-custom
		-f1: 0.8148148148148148
		-auroc: 0.8020659841285392
	-resnet
		-f1: 0.8624192059095106
		-auroc: 0.8471494235981842
2026-06-18 09:20:07 - __main__ - INFO - Input matrix with LVHYWIFQSNRKEACPTGMD encoding is removed.

2026-06-18 09:20:17 - __main__ - INFO - Input matrix with MTDQWVPSHCGELIKYFNAR encoding is generated.
2026-06-18 09:21:37 - __main__ - INFO - MTDQWVPSHCGELIKYFNAR encoding is done for binary task with:
	-custom
		-f1: 0.8325171400587659
		-auroc: 0.8278734365304856
	-resnet
		-f1: 0.8798411122144985
		-auroc: 0.8791127820776591
2026-06-18 09:21:37 - __main__ - INFO - Input matrix with MTDQWVPSHCGELIKYFNAR encoding is removed.

2026-06-18 09:21:47 - __main__ - INFO - Input matrix with EPWFMHIACQVGKTRLDNYS encoding is generated.
2026-06-18 09:23:08 - __main__ - INFO - EPWFMHIACQVGKTRLDNYS encoding is done for binary task with:
	-custom
		-f1: 0.8396946564885496
		-auroc: 0.8296124391757289
	-resnet
		-f1: 0.8861244019138756
		-auroc: 0.8793128082035204
2026-06-18 09:23:08 - __main__ - INFO - Input matrix with EPWFMHIACQVGKTRLDNYS encoding is removed.

2026-06-18 09:23:17 - __main__ - INFO - Input matrix with PQDHYLRSAMGTEFVCIKWN encoding is generated.
2026-06-18 09:24:37 - __main__ - INFO - PQDHYLRSAMGTEFVCIKWN encoding is done for binary task with:
	-custom
		-f1: 0.8386473429951691
		-auroc: 0.8312473465922081
	-resnet
		-f1: 0.8700564971751412
		-auroc: 0.8592816204565494
2026-06-18 09:24:37 - __main__ - INFO - Input matrix with PQDHYLRSAMGTEFVCIKWN encoding is removed.

2026-06-18 09:24:46 - __main__ - INFO - Input matrix with YHVKDLQWTRCFEGSMNIPA encoding is generated.
2026-06-18 09:26:08 - __main__ - INFO - YHVKDLQWTRCFEGSMNIPA encoding is done for binary task with:
	-custom
		-f1: 0.8200757575757576
		-auroc: 0.8069788707096438
	-resnet
		-f1: 0.8778625954198473
		-auroc: 0.8700667025897262
2026-06-18 09:26:08 - __main__ - INFO - Input matrix with YHVKDLQWTRCFEGSMNIPA encoding is removed.

2026-06-18 09:26:18 - __main__ - INFO - Input matrix with YIPNCKGTSVRQMEDWALFH encoding is generated.
2026-06-18 09:27:39 - __main__ - INFO - YIPNCKGTSVRQMEDWALFH encoding is done for binary task with:
	-custom
		-f1: 0.8295019157088123
		-auroc: 0.8196907351164234
	-resnet
		-f1: 0.8820116054158608
		-auroc: 0.8768063583815029
2026-06-18 09:27:39 - __main__ - INFO - Input matrix with YIPNCKGTSVRQMEDWALFH encoding is removed.

2026-06-18 09:27:49 - __main__ - INFO - Input matrix with KYRTVSENQGICWDAHFMLP encoding is generated.
2026-06-18 09:29:10 - __main__ - INFO - KYRTVSENQGICWDAHFMLP encoding is done for binary task with:
	-custom
		-f1: 0.8168744007670182
		-auroc: 0.8065910649554228
	-resnet
		-f1: 0.8698955365622032
		-auroc: 0.8607246660788348
2026-06-18 09:29:10 - __main__ - INFO - Input matrix with KYRTVSENQGICWDAHFMLP encoding is removed.

2026-06-18 09:29:19 - __main__ - INFO - Input matrix with DFPILKWNVGTQEHCAYRSM encoding is generated.
2026-06-18 09:30:38 - __main__ - INFO - DFPILKWNVGTQEHCAYRSM encoding is done for binary task with:
	-custom
		-f1: 0.8356807511737089
		-auroc: 0.8217175304529571
	-resnet
		-f1: 0.878391959798995
		-auroc: 0.8796883674602396
2026-06-18 09:30:38 - __main__ - INFO - Input matrix with DFPILKWNVGTQEHCAYRSM encoding is removed.

2026-06-18 09:30:48 - __main__ - INFO - Input matrix with VITNYKEWDHCLSFQRGMAP encoding is generated.
2026-06-18 09:32:09 - __main__ - INFO - VITNYKEWDHCLSFQRGMAP encoding is done for binary task with:
	-custom
		-f1: 0.8481375358166189
		-auroc: 0.8387626138924268
	-resnet
		-f1: 0.8822429906542056
		-auroc: 0.8710341758923614
2026-06-18 09:32:09 - __main__ - INFO - Input matrix with VITNYKEWDHCLSFQRGMAP encoding is removed.

2026-06-18 09:32:19 - __main__ - INFO - Input matrix with SLEIMQYWHTFCVDGKPNRA encoding is generated.
2026-06-18 09:33:37 - __main__ - INFO - SLEIMQYWHTFCVDGKPNRA encoding is done for binary task with:
	-custom
		-f1: 0.8260038240917782
		-auroc: 0.8155493778779269
	-resnet
		-f1: 0.8869223205506391
		-auroc: 0.884701267104275
2026-06-18 09:33:37 - __main__ - INFO - Input matrix with SLEIMQYWHTFCVDGKPNRA encoding is removed.

2026-06-18 09:33:47 - __main__ - INFO - Input matrix with MDYCSIQFWVKRTHANGPEL encoding is generated.
2026-06-18 09:35:08 - __main__ - INFO - MDYCSIQFWVKRTHANGPEL encoding is done for binary task with:
	-custom
		-f1: 0.8057692307692308
		-auroc: 0.7956100388622188
	-resnet
		-f1: 0.8520930232558139
		-auroc: 0.8374195813330721
2026-06-18 09:35:08 - __main__ - INFO - Input matrix with MDYCSIQFWVKRTHANGPEL encoding is removed.

2026-06-18 09:35:18 - __main__ - INFO - Input matrix with QTAPGCLYVWNIMFKHERSD encoding is generated.
2026-06-18 09:36:38 - __main__ - INFO - QTAPGCLYVWNIMFKHERSD encoding is done for binary task with:
	-custom
		-f1: 0.804284323271665
		-auroc: 0.7972449462786976
	-resnet
		-f1: 0.8767123287671232
		-auroc: 0.8733365174226837
2026-06-18 09:36:38 - __main__ - INFO - Input matrix with QTAPGCLYVWNIMFKHERSD encoding is removed.

2026-06-18 09:36:48 - __main__ - INFO - Input matrix with WYVIPEQMAHLDGKSCRTNF encoding is generated.
2026-06-18 09:38:08 - __main__ - INFO - WYVIPEQMAHLDGKSCRTNF encoding is done for binary task with:
	-custom
		-f1: 0.821969696969697
		-auroc: 0.8090015838803436
	-resnet
		-f1: 0.8622862286228623
		-auroc: 0.8417609646974299
2026-06-18 09:38:08 - __main__ - INFO - Input matrix with WYVIPEQMAHLDGKSCRTNF encoding is removed.

2026-06-18 09:38:18 - __main__ - INFO - Input matrix with HRFNTIDSPYMKQAVCGWEL encoding is generated.
2026-06-18 09:39:38 - __main__ - INFO - HRFNTIDSPYMKQAVCGWEL encoding is done for binary task with:
	-custom
		-f1: 0.8204633204633205
		-auroc: 0.811983606022011
	-resnet
		-f1: 0.8678102926337034
		-auroc: 0.869766663400934
2026-06-18 09:39:38 - __main__ - INFO - Input matrix with HRFNTIDSPYMKQAVCGWEL encoding is removed.

2026-06-18 09:39:48 - __main__ - INFO - Input matrix with KWHVIFSGCQRLETNYPADM encoding is generated.
2026-06-18 09:41:08 - __main__ - INFO - KWHVIFSGCQRLETNYPADM encoding is done for binary task with:
	-custom
		-f1: 0.8175740210124164
		-auroc: 0.8063992031612292
	-resnet
		-f1: 0.8617886178861789
		-auroc: 0.8650456386140231
2026-06-18 09:41:08 - __main__ - INFO - Input matrix with KWHVIFSGCQRLETNYPADM encoding is removed.

2026-06-18 09:41:18 - __main__ - INFO - Input matrix with EIDGTSHAFLCYKWRPQNMV encoding is generated.
2026-06-18 09:42:38 - __main__ - INFO - EIDGTSHAFLCYKWRPQNMV encoding is done for binary task with:
	-custom
		-f1: 0.816125860373648
		-auroc: 0.8118835929590803
	-resnet
		-f1: 0.8772946859903382
		-auroc: 0.8717016100062049
2026-06-18 09:42:38 - __main__ - INFO - Input matrix with EIDGTSHAFLCYKWRPQNMV encoding is removed.

2026-06-18 09:42:48 - __main__ - INFO - Input matrix with CQRAYTIWSEVHDGFKMNPL encoding is generated.
2026-06-18 09:44:08 - __main__ - INFO - CQRAYTIWSEVHDGFKMNPL encoding is done for binary task with:
	-custom
		-f1: 0.8191387559808613
		-auroc: 0.8085178472290259
	-resnet
		-f1: 0.8705035971223022
		-auroc: 0.8508152085170309
2026-06-18 09:44:08 - __main__ - INFO - Input matrix with CQRAYTIWSEVHDGFKMNPL encoding is removed.

2026-06-18 09:44:17 - __main__ - INFO - Input matrix with TLEPWRNFGIYVKHADSCMQ encoding is generated.
2026-06-18 09:45:38 - __main__ - INFO - TLEPWRNFGIYVKHADSCMQ encoding is done for binary task with:
	-custom
		-f1: 0.8301526717557252
		-auroc: 0.8194988733222298
	-resnet
		-f1: 0.8662175168431184
		-auroc: 0.8593734691878122
2026-06-18 09:45:38 - __main__ - INFO - Input matrix with TLEPWRNFGIYVKHADSCMQ encoding is removed.

2026-06-18 09:45:47 - __main__ - INFO - Input matrix with VHMNEPQYTIFCRLKDAWSG encoding is generated.
2026-06-18 09:47:08 - __main__ - INFO - VHMNEPQYTIFCRLKDAWSG encoding is done for binary task with:
	-custom
		-f1: 0.8300094966761633
		-auroc: 0.818247689494138
	-resnet
		-f1: 0.8492417484388939
		-auroc: 0.8250996048463473
2026-06-18 09:47:08 - __main__ - INFO - Input matrix with VHMNEPQYTIFCRLKDAWSG encoding is removed.

2026-06-18 09:47:18 - __main__ - INFO - Input matrix with LRPKHSWQMNCYIGAETFDV encoding is generated.
2026-06-18 09:48:40 - __main__ - INFO - LRPKHSWQMNCYIGAETFDV encoding is done for binary task with:
	-custom
		-f1: 0.8053691275167785
		-auroc: 0.7944547859312238
	-resnet
		-f1: 0.8780487804878049
		-auroc: 0.8671806113451552
2026-06-18 09:48:40 - __main__ - INFO - Input matrix with LRPKHSWQMNCYIGAETFDV encoding is removed.

2026-06-18 09:48:50 - __main__ - INFO - Input matrix with FDWAPGYLNQMCVKTHRISE encoding is generated.
2026-06-18 09:50:10 - __main__ - INFO - FDWAPGYLNQMCVKTHRISE encoding is done for binary task with:
	-custom
		-f1: 0.8126159554730983
		-auroc: 0.7937873518173804
	-resnet
		-f1: 0.8725212464589235
		-auroc: 0.8624595865582444
2026-06-18 09:50:10 - __main__ - INFO - Input matrix with FDWAPGYLNQMCVKTHRISE encoding is removed.

2026-06-18 09:50:20 - __main__ - INFO - Input matrix with GLYTEHDAKQVPFWNICSMR encoding is generated.
2026-06-18 09:51:40 - __main__ - INFO - GLYTEHDAKQVPFWNICSMR encoding is done for binary task with:
	-custom
		-f1: 0.831758034026465
		-auroc: 0.819019218836746
	-resnet
		-f1: 0.8721251149954001
		-auroc: 0.8570711276574899
2026-06-18 09:51:40 - __main__ - INFO - Input matrix with GLYTEHDAKQVPFWNICSMR encoding is removed.

2026-06-18 09:51:50 - __main__ - INFO - Input matrix with IEQGWTFNSVLKADHPCYRM encoding is generated.
2026-06-18 09:53:08 - __main__ - INFO - IEQGWTFNSVLKADHPCYRM encoding is done for binary task with:
	-custom
		-f1: 0.8333333333333334
		-auroc: 0.823736161457823
	-resnet
		-f1: 0.8672397325692455
		-auroc: 0.8589897455994252
2026-06-18 09:53:08 - __main__ - INFO - Input matrix with IEQGWTFNSVLKADHPCYRM encoding is removed.

2026-06-18 09:53:18 - __main__ - INFO - Input matrix with MVPGIQELNHRKTCAWFYSD encoding is generated.
2026-06-18 09:54:38 - __main__ - INFO - MVPGIQELNHRKTCAWFYSD encoding is done for binary task with:
	-custom
		-f1: 0.7996164908916586
		-auroc: 0.7883866464191243
	-resnet
		-f1: 0.8810226155358899
		-auroc: 0.8786331275921753
2026-06-18 09:54:38 - __main__ - INFO - Input matrix with MVPGIQELNHRKTCAWFYSD encoding is removed.

2026-06-18 09:54:48 - __main__ - INFO - Input matrix with DNWIVHYTGRCLQFESMAKP encoding is generated.
2026-06-18 09:56:08 - __main__ - INFO - DNWIVHYTGRCLQFESMAKP encoding is done for binary task with:
	-custom
		-f1: 0.8280499519692603
		-auroc: 0.8188232748767186
	-resnet
		-f1: 0.885024154589372
		-auroc: 0.8797924626890044
2026-06-18 09:56:08 - __main__ - INFO - Input matrix with DNWIVHYTGRCLQFESMAKP encoding is removed.

2026-06-18 09:56:17 - __main__ - INFO - Input matrix with HYTKENVPIRDWCQFSLAMG encoding is generated.
2026-06-18 09:57:38 - __main__ - INFO - HYTKENVPIRDWCQFSLAMG encoding is done for binary task with:
	-custom
		-f1: 0.8325449385052034
		-auroc: 0.8200785408706442
	-resnet
		-f1: 0.8855813953488372
		-auroc: 0.8738284184056693
2026-06-18 09:57:38 - __main__ - INFO - Input matrix with HYTKENVPIRDWCQFSLAMG encoding is removed.

2026-06-18 09:57:48 - __main__ - INFO - Input matrix with GPFKMEVSYRWCNQDAHLIT encoding is generated.
2026-06-18 09:59:09 - __main__ - INFO - GPFKMEVSYRWCNQDAHLIT encoding is done for binary task with:
	-custom
		-f1: 0.818359375
		-auroc: 0.8125591914045917
	-resnet
		-f1: 0.8683015440508629
		-auroc: 0.850331471865713
2026-06-18 09:59:09 - __main__ - INFO - Input matrix with GPFKMEVSYRWCNQDAHLIT encoding is removed.

2026-06-18 09:59:18 - __main__ - INFO - Input matrix with ITGPVDMNLYFKCSQAWRHE encoding is generated.
2026-06-18 10:00:40 - __main__ - INFO - ITGPVDMNLYFKCSQAWRHE encoding is done for binary task with:
	-custom
		-f1: 0.8299319727891157
		-auroc: 0.8234442866006989
	-resnet
		-f1: 0.8611111111111112
		-auroc: 0.8598490415074621
2026-06-18 10:00:40 - __main__ - INFO - Input matrix with ITGPVDMNLYFKCSQAWRHE encoding is removed.

2026-06-18 10:00:49 - __main__ - INFO - Input matrix with PQACRMNYGVIFKEHWTLSD encoding is generated.
2026-06-18 10:02:10 - __main__ - INFO - PQACRMNYGVIFKEHWTLSD encoding is done for binary task with:
	-custom
		-f1: 0.813844714686623
		-auroc: 0.7972531106103653
	-resnet
		-f1: 0.8752293577981651
		-auroc: 0.8599613010678947
2026-06-18 10:02:10 - __main__ - INFO - Input matrix with PQACRMNYGVIFKEHWTLSD encoding is removed.

2026-06-18 10:02:19 - __main__ - INFO - Input matrix with AMDWFIHNREGVSQCLYTKP encoding is generated.
2026-06-18 10:03:40 - __main__ - INFO - AMDWFIHNREGVSQCLYTKP encoding is done for binary task with:
	-custom
		-f1: 0.8248803827751197
		-auroc: 0.8145859867411254
	-resnet
		-f1: 0.8665338645418327
		-auroc: 0.8661090428137552
2026-06-18 10:03:40 - __main__ - INFO - Input matrix with AMDWFIHNREGVSQCLYTKP encoding is removed.

2026-06-18 10:03:49 - __main__ - INFO - Input matrix with GKTAENHCVFIDWMRLPQYS encoding is generated.
2026-06-18 10:05:10 - __main__ - INFO - GKTAENHCVFIDWMRLPQYS encoding is done for binary task with:
	-custom
		-f1: 0.8346007604562737
		-auroc: 0.823352437869436
	-resnet
		-f1: 0.8495726495726496
		-auroc: 0.8156698017700271
2026-06-18 10:05:10 - __main__ - INFO - Input matrix with GKTAENHCVFIDWMRLPQYS encoding is removed.

2026-06-18 10:05:19 - __main__ - INFO - Input matrix with TYFIWKGRSLVNCHQDPEMA encoding is generated.
2026-06-18 10:06:41 - __main__ - INFO - TYFIWKGRSLVNCHQDPEMA encoding is done for binary task with:
	-custom
		-f1: 0.8193916349809885
		-auroc: 0.8071707325038373
	-resnet
		-f1: 0.8751123090745733
		-auroc: 0.855824025995232
2026-06-18 10:06:41 - __main__ - INFO - Input matrix with TYFIWKGRSLVNCHQDPEMA encoding is removed.

2026-06-18 10:06:51 - __main__ - INFO - Input matrix with HNWSPEGFDIKYCRALQTMV encoding is generated.
2026-06-18 10:08:11 - __main__ - INFO - HNWSPEGFDIKYCRALQTMV encoding is done for binary task with:
	-custom
		-f1: 0.8081395348837209
		-auroc: 0.8000391887920055
	-resnet
		-f1: 0.8052805280528053
		-auroc: 0.7529738578099997
2026-06-18 10:08:11 - __main__ - INFO - Input matrix with HNWSPEGFDIKYCRALQTMV encoding is removed.

2026-06-18 10:08:21 - __main__ - INFO - Input matrix with QLNDFICEWYRSTHGVPAMK encoding is generated.
2026-06-18 10:09:41 - __main__ - INFO - QLNDFICEWYRSTHGVPAMK encoding is done for binary task with:
	-custom
		-f1: 0.8209099709583737
		-auroc: 0.8131388589530061
	-resnet
		-f1: 0.8786764705882353
		-auroc: 0.864102658306391
2026-06-18 10:09:41 - __main__ - INFO - Input matrix with QLNDFICEWYRSTHGVPAMK encoding is removed.

2026-06-18 10:09:50 - __main__ - INFO - Input matrix with WRDCYINHVQPFLAKESGMT encoding is generated.
2026-06-18 10:11:11 - __main__ - INFO - WRDCYINHVQPFLAKESGMT encoding is done for binary task with:
	-custom
		-f1: 0.8334883720930233
		-auroc: 0.8171924496260735
	-resnet
		-f1: 0.8811973807296539
		-auroc: 0.8700707847555599
2026-06-18 10:11:11 - __main__ - INFO - Input matrix with WRDCYINHVQPFLAKESGMT encoding is removed.

2026-06-18 10:11:20 - __main__ - INFO - Input matrix with IATLFESVPRGMCKWYHDNQ encoding is generated.
2026-06-18 10:12:41 - __main__ - INFO - IATLFESVPRGMCKWYHDNQ encoding is done for binary task with:
	-custom
		-f1: 0.8208092485549133
		-auroc: 0.8118876751249142
	-resnet
		-f1: 0.885308056872038
		-auroc: 0.8768104405473368
2026-06-18 10:12:41 - __main__ - INFO - Input matrix with IATLFESVPRGMCKWYHDNQ encoding is removed.

2026-06-18 10:12:51 - __main__ - INFO - Input matrix with KRPGHSETDLIFNYWMCVAQ encoding is generated.
2026-06-18 10:14:11 - __main__ - INFO - KRPGHSETDLIFNYWMCVAQ encoding is done for binary task with:
	-custom
		-f1: 0.8210526315789474
		-auroc: 0.8105405603997257
	-resnet
		-f1: 0.8500851788756388
		-auroc: 0.8154779399758336
2026-06-18 10:14:11 - __main__ - INFO - Input matrix with KRPGHSETDLIFNYWMCVAQ encoding is removed.

2026-06-18 10:14:20 - __main__ - INFO - Input matrix with DARIGHYLWSMNECTVQPKF encoding is generated.
2026-06-18 10:15:41 - __main__ - INFO - DARIGHYLWSMNECTVQPKF encoding is done for binary task with:
	-custom
		-f1: 0.8333333333333334
		-auroc: 0.823736161457823
	-resnet
		-f1: 0.8714153561517114
		-auroc: 0.8573589203487803
2026-06-18 10:15:41 - __main__ - INFO - Input matrix with DARIGHYLWSMNECTVQPKF encoding is removed.

2026-06-18 10:15:50 - __main__ - INFO - Input matrix with YDMQNSHWTVPAERGKLCFI encoding is generated.
2026-06-18 10:17:10 - __main__ - INFO - YDMQNSHWTVPAERGKLCFI encoding is done for binary task with:
	-custom
		-f1: 0.8137254901960784
		-auroc: 0.8087056268573855
	-resnet
		-f1: 0.8790397045244691
		-auroc: 0.8653538421344829
2026-06-18 10:17:10 - __main__ - INFO - Input matrix with YDMQNSHWTVPAERGKLCFI encoding is removed.

2026-06-18 10:17:20 - __main__ - INFO - Input matrix with GFKIEATPRDMCVSLWNHYQ encoding is generated.
2026-06-18 10:18:40 - __main__ - INFO - GFKIEATPRDMCVSLWNHYQ encoding is done for binary task with:
	-custom
		-f1: 0.8210116731517509
		-auroc: 0.8143900427810978
	-resnet
		-f1: 0.8714859437751004
		-auroc: 0.8725609059142418
2026-06-18 10:18:40 - __main__ - INFO - Input matrix with GFKIEATPRDMCVSLWNHYQ encoding is removed.

2026-06-18 10:18:50 - __main__ - INFO - Input matrix with ESWHYVMCKNRFIPAGDQTL encoding is generated.
2026-06-18 10:20:10 - __main__ - INFO - ESWHYVMCKNRFIPAGDQTL encoding is done for binary task with:
	-custom
		-f1: 0.8210922787193974
		-auroc: 0.8066910780183535
	-resnet
		-f1: 0.8832391713747646
		-auroc: 0.8734406126514483
2026-06-18 10:20:10 - __main__ - INFO - Input matrix with ESWHYVMCKNRFIPAGDQTL encoding is removed.

2026-06-18 10:20:20 - __main__ - INFO - Input matrix with PSQMRVELIFNYTKWCADHG encoding is generated.
2026-06-18 10:21:41 - __main__ - INFO - PSQMRVELIFNYTKWCADHG encoding is done for binary task with:
	-custom
		-f1: 0.8344497607655502
		-auroc: 0.8246995525946248
	-resnet
		-f1: 0.870242214532872
		-auroc: 0.8426365892688026
2026-06-18 10:21:41 - __main__ - INFO - Input matrix with PSQMRVELIFNYTKWCADHG encoding is removed.

2026-06-18 10:21:51 - __main__ - INFO - Input matrix with YCWKTGNAQDLSERVHFPMI encoding is generated.
2026-06-18 10:23:11 - __main__ - INFO - YCWKTGNAQDLSERVHFPMI encoding is done for binary task with:
	-custom
		-f1: 0.8260869565217391
		-auroc: 0.8129510793246465
	-resnet
		-f1: 0.8757281553398059
		-auroc: 0.870930080663597
2026-06-18 10:23:11 - __main__ - INFO - Input matrix with YCWKTGNAQDLSERVHFPMI encoding is removed.

2026-06-18 10:23:21 - __main__ - INFO - Input matrix with DVHTASEKLYMQPNIGCFWR encoding is generated.
2026-06-18 10:24:42 - __main__ - INFO - DVHTASEKLYMQPNIGCFWR encoding is done for binary task with:
	-custom
		-f1: 0.8140417457305503
		-auroc: 0.8010066620946408
	-resnet
		-f1: 0.880466472303207
		-auroc: 0.8760348290388948
2026-06-18 10:24:42 - __main__ - INFO - Input matrix with DVHTASEKLYMQPNIGCFWR encoding is removed.

2026-06-18 10:24:51 - __main__ - INFO - Input matrix with CIRQNDKWTVFSHYEALPGM encoding is generated.
2026-06-18 10:26:14 - __main__ - INFO - CIRQNDKWTVFSHYEALPGM encoding is done for binary task with:
	-custom
		-f1: 0.8236415633937083
		-auroc: 0.8123714117762321
	-resnet
		-f1: 0.8785912882298424
		-auroc: 0.8655457039286765
2026-06-18 10:26:14 - __main__ - INFO - Input matrix with CIRQNDKWTVFSHYEALPGM encoding is removed.

2026-06-18 10:26:23 - __main__ - INFO - Input matrix with KYFCAWREPVNLGSDIQMHT encoding is generated.
2026-06-18 10:27:43 - __main__ - INFO - KYFCAWREPVNLGSDIQMHT encoding is done for binary task with:
	-custom
		-f1: 0.8225190839694656
		-auroc: 0.8114080206394305
	-resnet
		-f1: 0.871889400921659
		-auroc: 0.8571670585545866
2026-06-18 10:27:43 - __main__ - INFO - Input matrix with KYFCAWREPVNLGSDIQMHT encoding is removed.

2026-06-18 10:27:53 - __main__ - INFO - Input matrix with MKYHNRTLPQIWVACDGFES encoding is generated.
2026-06-18 10:29:14 - __main__ - INFO - MKYHNRTLPQIWVACDGFES encoding is done for binary task with:
	-custom
		-f1: 0.7954329210275928
		-auroc: 0.7819347833186375
	-resnet
		-f1: 0.862
		-auroc: 0.8622554782665491
2026-06-18 10:29:14 - __main__ - INFO - Input matrix with MKYHNRTLPQIWVACDGFES encoding is removed.

2026-06-18 10:29:24 - __main__ - INFO - Input matrix with NDHIARPMFCTKWGLVSYQE encoding is generated.
2026-06-18 10:30:45 - __main__ - INFO - NDHIARPMFCTKWGLVSYQE encoding is done for binary task with:
	-custom
		-f1: 0.8060263653483992
		-auroc: 0.7905093726527547
	-resnet
		-f1: 0.8944820909970959
		-auroc: 0.8900019594396003
2026-06-18 10:30:45 - __main__ - INFO - Input matrix with NDHIARPMFCTKWGLVSYQE encoding is removed.

2026-06-18 10:30:54 - __main__ - INFO - Input matrix with KQMYFDVGIREATSCPHWNL encoding is generated.
2026-06-18 10:32:15 - __main__ - INFO - KQMYFDVGIREATSCPHWNL encoding is done for binary task with:
	-custom
		-f1: 0.8184383819379115
		-auroc: 0.8036090428137552
	-resnet
		-f1: 0.8663507109004739
		-auroc: 0.8565833088403383
2026-06-18 10:32:15 - __main__ - INFO - Input matrix with KQMYFDVGIREATSCPHWNL encoding is removed.

2026-06-18 10:32:25 - __main__ - INFO - Input matrix with LFTWMVDPQRICAEYKSGNH encoding is generated.
2026-06-18 10:33:45 - __main__ - INFO - LFTWMVDPQRICAEYKSGNH encoding is done for binary task with:
	-custom
		-f1: 0.8148148148148148
		-auroc: 0.8020659841285392
	-resnet
		-f1: 0.8741845293569431
		-auroc: 0.861788070278567
2026-06-18 10:33:45 - __main__ - INFO - Input matrix with LFTWMVDPQRICAEYKSGNH encoding is removed.

2026-06-18 10:33:55 - __main__ - INFO - Input matrix with CPSFQDMHVIENTGLRYAKW encoding is generated.
2026-06-18 10:35:18 - __main__ - INFO - CPSFQDMHVIENTGLRYAKW encoding is done for binary task with:
	-custom
		-f1: 0.7946768060836502
		-auroc: 0.7808754612847393
	-resnet
		-f1: 0.8679593721144968
		-auroc: 0.8532175631102837
2026-06-18 10:35:18 - __main__ - INFO - Input matrix with CPSFQDMHVIENTGLRYAKW encoding is removed.

2026-06-18 10:35:27 - __main__ - INFO - Input matrix with LNTKFPICEQDVGWMAYSRH encoding is generated.
2026-06-18 10:36:48 - __main__ - INFO - LNTKFPICEQDVGWMAYSRH encoding is done for binary task with:
	-custom
		-f1: 0.8241010689990281
		-auroc: 0.8173761470885994
	-resnet
		-f1: 0.8851148851148851
		-auroc: 0.8854687142810489
2026-06-18 10:36:48 - __main__ - INFO - Input matrix with LNTKFPICEQDVGWMAYSRH encoding is removed.

2026-06-18 10:36:57 - __main__ - INFO - Input matrix with KRYNSWDMHVILCAQEGPFT encoding is generated.
2026-06-18 10:38:19 - __main__ - INFO - KRYNSWDMHVILCAQEGPFT encoding is done for binary task with:
	-custom
		-f1: 0.8313140726933831
		-auroc: 0.8152656673524705
	-resnet
		-f1: 0.874880611270296
		-auroc: 0.8670805982822246
2026-06-18 10:38:19 - __main__ - INFO - Input matrix with KRYNSWDMHVILCAQEGPFT encoding is removed.

2026-06-18 10:38:29 - __main__ - INFO - Input matrix with LNQSTARDPWICHYMEFGKV encoding is generated.
2026-06-18 10:39:49 - __main__ - INFO - LNQSTARDPWICHYMEFGKV encoding is done for binary task with:
	-custom
		-f1: 0.8108632395732299
		-auroc: 0.8031212239966036
	-resnet
		-f1: 0.8664323374340949
		-auroc: 0.8414772541719735
2026-06-18 10:39:49 - __main__ - INFO - Input matrix with LNQSTARDPWICHYMEFGKV encoding is removed.

2026-06-18 10:39:59 - __main__ - INFO - Input matrix with GVWPTKADEYSLFNHCRIMQ encoding is generated.
2026-06-18 10:41:19 - __main__ - INFO - GVWPTKADEYSLFNHCRIMQ encoding is done for binary task with:
	-custom
		-f1: 0.837863167760075
		-auroc: 0.8236443127265602
	-resnet
		-f1: 0.8734939759036144
		-auroc: 0.8745836190849416
2026-06-18 10:41:19 - __main__ - INFO - Input matrix with GVWPTKADEYSLFNHCRIMQ encoding is removed.

2026-06-18 10:41:29 - __main__ - INFO - Input matrix with APTSKWGIDCMQNHRFVYLE encoding is generated.
2026-06-18 10:42:49 - __main__ - INFO - APTSKWGIDCMQNHRFVYLE encoding is done for binary task with:
	-custom
		-f1: 0.8236415633937083
		-auroc: 0.8123714117762321
	-resnet
		-f1: 0.877025738798856
		-auroc: 0.8690073805558277
2026-06-18 10:42:49 - __main__ - INFO - Input matrix with APTSKWGIDCMQNHRFVYLE encoding is removed.

2026-06-18 10:42:58 - __main__ - INFO - Input matrix with IWFDRPTCAGMESYQHVLNK encoding is generated.
2026-06-18 10:44:20 - __main__ - INFO - IWFDRPTCAGMESYQHVLNK encoding is done for binary task with:
	-custom
		-f1: 0.816247582205029
		-auroc: 0.808034110577708
	-resnet
		-f1: 0.8601769911504424
		-auroc: 0.8357928382482609
2026-06-18 10:44:20 - __main__ - INFO - Input matrix with IWFDRPTCAGMESYQHVLNK encoding is removed.

2026-06-18 10:44:29 - __main__ - INFO - Input matrix with TPQLGIFNDEWRAHCVYSKM encoding is generated.
2026-06-18 10:45:50 - __main__ - INFO - TPQLGIFNDEWRAHCVYSKM encoding is done for binary task with:
	-custom
		-f1: 0.827521206409048
		-auroc: 0.8138185395643512
	-resnet
		-f1: 0.8686131386861314
		-auroc: 0.8515826556938049
2026-06-18 10:45:50 - __main__ - INFO - Input matrix with TPQLGIFNDEWRAHCVYSKM encoding is removed.

2026-06-18 10:45:59 - __main__ - INFO - Input matrix with KRIAEYFSWVNTGHMQCLPD encoding is generated.
2026-06-18 10:47:20 - __main__ - INFO - KRIAEYFSWVNTGHMQCLPD encoding is done for binary task with:
	-custom
		-f1: 0.8193916349809885
		-auroc: 0.8071707325038373
	-resnet
		-f1: 0.827930174563591
		-auroc: 0.7827348878220828
2026-06-18 10:47:20 - __main__ - INFO - Input matrix with KRIAEYFSWVNTGHMQCLPD encoding is removed.

2026-06-18 10:47:29 - __main__ - INFO - Input matrix with DPYERTFLMAKQSIHCGVWN encoding is generated.
2026-06-18 10:48:49 - __main__ - INFO - DPYERTFLMAKQSIHCGVWN encoding is done for binary task with:
	-custom
		-f1: 0.8111753371868978
		-auroc: 0.801774109271415
	-resnet
		-f1: 0.8751210067763795
		-auroc: 0.8697748277326018
2026-06-18 10:48:49 - __main__ - INFO - Input matrix with DPYERTFLMAKQSIHCGVWN encoding is removed.

2026-06-18 10:48:58 - __main__ - INFO - Input matrix with LMCDGEPTFIYASRQVHKNW encoding is generated.
2026-06-18 10:50:19 - __main__ - INFO - LMCDGEPTFIYASRQVHKNW encoding is done for binary task with:
	-custom
		-f1: 0.8238691049085659
		-auroc: 0.8148737794324156
	-resnet
		-f1: 0.872072072072072
		-auroc: 0.8529338525848276
2026-06-18 10:50:19 - __main__ - INFO - Input matrix with LMCDGEPTFIYASRQVHKNW encoding is removed.

2026-06-18 10:50:29 - __main__ - INFO - Input matrix with NIKDGFYMPEAQSVHRTWCL encoding is generated.
2026-06-18 10:51:49 - __main__ - INFO - NIKDGFYMPEAQSVHRTWCL encoding is done for binary task with:
	-custom
		-f1: 0.8258317025440313
		-auroc: 0.8207459749844878
	-resnet
		-f1: 0.867513611615245
		-auroc: 0.8492721498318148
2026-06-18 10:51:49 - __main__ - INFO - Input matrix with NIKDGFYMPEAQSVHRTWCL encoding is removed.

2026-06-18 10:51:58 - __main__ - INFO - Input matrix with QRNMCWAITVGKDHPFLSYE encoding is generated.
2026-06-18 10:53:20 - __main__ - INFO - QRNMCWAITVGKDHPFLSYE encoding is done for binary task with:
	-custom
		-f1: 0.8085901027077498
		-auroc: 0.7910890402011691
	-resnet
		-f1: 0.8809980806142035
		-auroc: 0.874399921622416
2026-06-18 10:53:20 - __main__ - INFO - Input matrix with QRNMCWAITVGKDHPFLSYE encoding is removed.

2026-06-18 10:53:30 - __main__ - INFO - Input matrix with DESMFLQVRHWAPCGNYKIT encoding is generated.
2026-06-18 10:54:50 - __main__ - INFO - DESMFLQVRHWAPCGNYKIT encoding is done for binary task with:
	-custom
		-f1: 0.8199608610567515
		-auroc: 0.8146778354723883
	-resnet
		-f1: 0.8770999115826702
		-auroc: 0.8549606479213612
2026-06-18 10:54:50 - __main__ - INFO - Input matrix with DESMFLQVRHWAPCGNYKIT encoding is removed.

2026-06-18 10:54:59 - __main__ - INFO - Input matrix with NLHARQTGVEDCIWKSPFMY encoding is generated.
2026-06-18 10:56:20 - __main__ - INFO - NLHARQTGVEDCIWKSPFMY encoding is done for binary task with:
	-custom
		-f1: 0.8237547892720306
		-auroc: 0.8136225956043238
	-resnet
		-f1: 0.888465204957102
		-auroc: 0.8811436595800268
2026-06-18 10:56:20 - __main__ - INFO - Input matrix with NLHARQTGVEDCIWKSPFMY encoding is removed.

2026-06-18 10:56:30 - __main__ - INFO - Input matrix with DIVAMCWSHRGQFLPEYKTN encoding is generated.
2026-06-18 10:57:51 - __main__ - INFO - DIVAMCWSHRGQFLPEYKTN encoding is done for binary task with:
	-custom
		-f1: 0.8318756073858115
		-auroc: 0.8254669997713987
	-resnet
		-f1: 0.864321608040201
		-auroc: 0.8655293752653408
2026-06-18 10:57:51 - __main__ - INFO - Input matrix with DIVAMCWSHRGQFLPEYKTN encoding is removed.

2026-06-18 10:58:00 - __main__ - INFO - Input matrix with TPKHEIGMVRQWDLSFCNAY encoding is generated.
2026-06-18 10:59:19 - __main__ - INFO - TPKHEIGMVRQWDLSFCNAY encoding is done for binary task with:
	-custom
		-f1: 0.8169556840077071
		-auroc: 0.8078422487835145
	-resnet
		-f1: 0.8856868395773295
		-auroc: 0.8795046699977139
2026-06-18 10:59:19 - __main__ - INFO - Input matrix with TPKHEIGMVRQWDLSFCNAY encoding is removed.

2026-06-18 10:59:29 - __main__ - INFO - Input matrix with KCLTWDPASINFYEHMGRQV encoding is generated.
2026-06-18 11:00:49 - __main__ - INFO - KCLTWDPASINFYEHMGRQV encoding is done for binary task with:
	-custom
		-f1: 0.8204158790170132
		-auroc: 0.806882939812547
	-resnet
		-f1: 0.8874296435272045
		-auroc: 0.8772941771986545
2026-06-18 11:00:49 - __main__ - INFO - Input matrix with KCLTWDPASINFYEHMGRQV encoding is removed.

2026-06-18 11:00:59 - __main__ - INFO - Input matrix with QMWILKTESGRNHDVFYCPA encoding is generated.
2026-06-18 11:02:19 - __main__ - INFO - QMWILKTESGRNHDVFYCPA encoding is done for binary task with:
	-custom
		-f1: 0.8273170731707317
		-auroc: 0.8216134352241925
	-resnet
		-f1: 0.8688688688688688
		-auroc: 0.869382939812547
2026-06-18 11:02:19 - __main__ - INFO - Input matrix with QMWILKTESGRNHDVFYCPA encoding is removed.

2026-06-18 11:02:29 - __main__ - INFO - Input matrix with HDEAPIVFNMYGCSRKQTWL encoding is generated.
2026-06-18 11:03:50 - __main__ - INFO - HDEAPIVFNMYGCSRKQTWL encoding is done for binary task with:
	-custom
		-f1: 0.8166828322017459
		-auroc: 0.8091893635087032
	-resnet
		-f1: 0.8773678963110668
		-auroc: 0.8772819307011528
2026-06-18 11:03:50 - __main__ - INFO - Input matrix with HDEAPIVFNMYGCSRKQTWL encoding is removed.

2026-06-18 11:03:59 - __main__ - INFO - Input matrix with WGNYKEACSPIFVMLRHDQT encoding is generated.
2026-06-18 11:05:20 - __main__ - INFO - WGNYKEACSPIFVMLRHDQT encoding is done for binary task with:
	-custom
		-f1: 0.8273866923818708
		-auroc: 0.8190151366709121
	-resnet
		-f1: 0.8938656280428432
		-auroc: 0.8902897521308905
2026-06-18 11:05:20 - __main__ - INFO - Input matrix with WGNYKEACSPIFVMLRHDQT encoding is removed.

2026-06-18 11:05:29 - __main__ - INFO - Input matrix with GINRLSDACFWPYKEQHMVT encoding is generated.
2026-06-18 11:06:50 - __main__ - INFO - GINRLSDACFWPYKEQHMVT encoding is done for binary task with:
	-custom
		-f1: 0.8119001919385797
		-auroc: 0.8015822474772215
	-resnet
		-f1: 0.8674463937621832
		-auroc: 0.863031089774991
2026-06-18 11:06:50 - __main__ - INFO - Input matrix with GINRLSDACFWPYKEQHMVT encoding is removed.

2026-06-18 11:07:00 - __main__ - INFO - Input matrix with HKNMWFEDGYACLRIVPTSQ encoding is generated.
2026-06-18 11:08:20 - __main__ - INFO - HKNMWFEDGYACLRIVPTSQ encoding is done for binary task with:
	-custom
		-f1: 0.8037914691943128
		-auroc: 0.7898337742072433
	-resnet
		-f1: 0.8681863230921705
		-auroc: 0.8668805721563633
2026-06-18 11:08:20 - __main__ - INFO - Input matrix with HKNMWFEDGYACLRIVPTSQ encoding is removed.

2026-06-18 11:08:30 - __main__ - INFO - Input matrix with PAKSILYCQRFGDNTEWHVM encoding is generated.
2026-06-18 11:09:51 - __main__ - INFO - PAKSILYCQRFGDNTEWHVM encoding is done for binary task with:
	-custom
		-f1: 0.8127413127413128
		-auroc: 0.8038927533392116
	-resnet
		-f1: 0.8292682926829268
		-auroc: 0.7874518304431599
2026-06-18 11:09:51 - __main__ - INFO - Input matrix with PAKSILYCQRFGDNTEWHVM encoding is removed.

2026-06-18 11:10:00 - __main__ - INFO - Input matrix with SPEAQVFHLRNYKGWMTCID encoding is generated.
2026-06-18 11:11:21 - __main__ - INFO - SPEAQVFHLRNYKGWMTCID encoding is done for binary task with:
	-custom
		-f1: 0.814176245210728
		-auroc: 0.8035090297508247
	-resnet
		-f1: 0.8705882352941177
		-auroc: 0.867364308807681
2026-06-18 11:11:21 - __main__ - INFO - Input matrix with SPEAQVFHLRNYKGWMTCID encoding is removed.

2026-06-18 11:11:31 - __main__ - INFO - Input matrix with ELQPFIKDAVSNRMGYTHWC encoding is generated.
2026-06-18 11:12:52 - __main__ - INFO - ELQPFIKDAVSNRMGYTHWC encoding is done for binary task with:
	-custom
		-f1: 0.8124392614188533
		-auroc: 0.8052398680644003
	-resnet
		-f1: 0.8505154639175257
		-auroc: 0.8179803076320171
2026-06-18 11:12:52 - __main__ - INFO - Input matrix with ELQPFIKDAVSNRMGYTHWC encoding is removed.

2026-06-18 11:13:01 - __main__ - INFO - Input matrix with MFYGTPEKHINWSLAQRVDC encoding is generated.
2026-06-18 11:14:24 - __main__ - INFO - MFYGTPEKHINWSLAQRVDC encoding is done for binary task with:
	-custom
		-f1: 0.8245445829338447
		-auroc: 0.8146819176382222
	-resnet
		-f1: 0.8852755194218609
		-auroc: 0.8682480977107215
2026-06-18 11:14:24 - __main__ - INFO - Input matrix with MFYGTPEKHINWSLAQRVDC encoding is removed.

2026-06-18 11:14:33 - __main__ - INFO - Input matrix with DIMQWFRTKNVLESAGPCYH encoding is generated.
2026-06-18 11:15:54 - __main__ - INFO - DIMQWFRTKNVLESAGPCYH encoding is done for binary task with:
	-custom
		-f1: 0.8109640831758034
		-auroc: 0.7967693739590477
	-resnet
		-f1: 0.8816029143897997
		-auroc: 0.8656457169916071
2026-06-18 11:15:54 - __main__ - INFO - Input matrix with DIMQWFRTKNVLESAGPCYH encoding is removed.

2026-06-18 11:16:03 - __main__ - INFO - Input matrix with MKTYDLPAERIFHVGNCQSW encoding is generated.
2026-06-18 11:17:24 - __main__ - INFO - MKTYDLPAERIFHVGNCQSW encoding is done for binary task with:
	-custom
		-f1: 0.8221797323135756
		-auroc: 0.8115039515365272
	-resnet
		-f1: 0.8563327032136105
		-auroc: 0.845314490055844
2026-06-18 11:17:24 - __main__ - INFO - Input matrix with MKTYDLPAERIFHVGNCQSW encoding is removed.

2026-06-18 11:17:34 - __main__ - INFO - Input matrix with HKSFCWANPVQDRETGMLIY encoding is generated.
2026-06-18 11:18:54 - __main__ - INFO - HKSFCWANPVQDRETGMLIY encoding is done for binary task with:
	-custom
		-f1: 0.8169291338582677
		-auroc: 0.8129429149929788
	-resnet
		-f1: 0.8178571428571428
		-auroc: 0.7897500898076484
2026-06-18 11:18:54 - __main__ - INFO - Input matrix with HKSFCWANPVQDRETGMLIY encoding is removed.

2026-06-18 11:19:04 - __main__ - INFO - Input matrix with NASTFDMCGHRQYWVPLKEI encoding is generated.
2026-06-18 11:20:27 - __main__ - INFO - NASTFDMCGHRQYWVPLKEI encoding is done for binary task with:
	-custom
		-f1: 0.8298507462686567
		-auroc: 0.8286408837072597
	-resnet
		-f1: 0.8779527559055118
		-auroc: 0.8756470232846739
2026-06-18 11:20:27 - __main__ - INFO - Input matrix with NASTFDMCGHRQYWVPLKEI encoding is removed.

2026-06-18 11:20:37 - __main__ - INFO - Input matrix with DREWKPIMVCNQTAHFSGYL encoding is generated.
2026-06-18 11:21:56 - __main__ - INFO - DREWKPIMVCNQTAHFSGYL encoding is done for binary task with:
	-custom
		-f1: 0.8287606433301797
		-auroc: 0.8160331145292448
	-resnet
		-f1: 0.872435325602141
		-auroc: 0.8513948760654452
2026-06-18 11:21:56 - __main__ - INFO - Input matrix with DREWKPIMVCNQTAHFSGYL encoding is removed.

2026-06-18 11:22:05 - __main__ - INFO - Input matrix with EDNYPLIGQHMRKFVCSWAT encoding is generated.
2026-06-18 11:23:26 - __main__ - INFO - EDNYPLIGQHMRKFVCSWAT encoding is done for binary task with:
	-custom
		-f1: 0.8226415094339623
		-auroc: 0.8088097220861501
	-resnet
		-f1: 0.8797061524334252
		-auroc: 0.8650660494431925
2026-06-18 11:23:26 - __main__ - INFO - Input matrix with EDNYPLIGQHMRKFVCSWAT encoding is removed.

2026-06-18 11:23:35 - __main__ - INFO - Input matrix with SHMPIDVWKFQYENLCGATR encoding is generated.
2026-06-18 11:24:56 - __main__ - INFO - SHMPIDVWKFQYENLCGATR encoding is done for binary task with:
	-custom
		-f1: 0.8295019157088123
		-auroc: 0.8196907351164234
	-resnet
		-f1: 0.8709055876685935
		-auroc: 0.8644782175631103
2026-06-18 11:24:56 - __main__ - INFO - Input matrix with SHMPIDVWKFQYENLCGATR encoding is removed.

2026-06-18 11:25:05 - __main__ - INFO - Input matrix with PAFCEQHTGDWKYSIVRMLN encoding is generated.
2026-06-18 11:26:26 - __main__ - INFO - PAFCEQHTGDWKYSIVRMLN encoding is done for binary task with:
	-custom
		-f1: 0.8045757864632984
		-auroc: 0.7921442800692334
	-resnet
		-f1: 0.8772893772893773
		-auroc: 0.8618880833414976
2026-06-18 11:26:26 - __main__ - INFO - Input matrix with PAFCEQHTGDWKYSIVRMLN encoding is removed.

2026-06-18 11:26:35 - __main__ - INFO - Input matrix with NGFCAHSYRVPKQLDIMWET encoding is generated.
2026-06-18 11:27:56 - __main__ - INFO - NGFCAHSYRVPKQLDIMWET encoding is done for binary task with:
	-custom
		-f1: 0.8211920529801324
		-auroc: 0.8079422618464452
	-resnet
		-f1: 0.8753315649867374
		-auroc: 0.8529379347506614
2026-06-18 11:27:56 - __main__ - INFO - Input matrix with NGFCAHSYRVPKQLDIMWET encoding is removed.

2026-06-18 11:28:05 - __main__ - INFO - Input matrix with PLRKDYMWTEHAFNSGVICQ encoding is generated.
2026-06-18 11:29:24 - __main__ - INFO - PLRKDYMWTEHAFNSGVICQ encoding is done for binary task with:
	-custom
		-f1: 0.8239845261121856
		-auroc: 0.8161249632605074
	-resnet
		-f1: 0.8611955420466059
		-auroc: 0.8638903856830281
2026-06-18 11:29:24 - __main__ - INFO - Input matrix with PLRKDYMWTEHAFNSGVICQ encoding is removed.

2026-06-18 11:29:34 - __main__ - INFO - Input matrix with CSIWRDMVTKEPFQHAYNGL encoding is generated.
2026-06-18 11:30:54 - __main__ - INFO - CSIWRDMVTKEPFQHAYNGL encoding is done for binary task with:
	-custom
		-f1: 0.8312912346842601
		-auroc: 0.817863965905751
	-resnet
		-f1: 0.8903225806451613
		-auroc: 0.8773941902615853
2026-06-18 11:30:54 - __main__ - INFO - Input matrix with CSIWRDMVTKEPFQHAYNGL encoding is removed.

2026-06-18 11:31:03 - __main__ - INFO - Input matrix with NYPVETCWIMDGAKHQFLSR encoding is generated.
2026-06-18 11:32:24 - __main__ - INFO - NYPVETCWIMDGAKHQFLSR encoding is done for binary task with:
	-custom
		-f1: 0.804162724692526
		-auroc: 0.7897378433101466
	-resnet
		-f1: 0.88
		-auroc: 0.8762266908330885
2026-06-18 11:32:24 - __main__ - INFO - Input matrix with NYPVETCWIMDGAKHQFLSR encoding is removed.

2026-06-18 11:32:34 - __main__ - INFO - Input matrix with RNPDEASWTCKIYFVMQLGH encoding is generated.
2026-06-18 11:33:54 - __main__ - INFO - RNPDEASWTCKIYFVMQLGH encoding is done for binary task with:
	-custom
		-f1: 0.8273244781783681
		-auroc: 0.8151656542895399
	-resnet
		-f1: 0.8842105263157894
		-auroc: 0.8772900950328206
2026-06-18 11:33:54 - __main__ - INFO - Input matrix with RNPDEASWTCKIYFVMQLGH encoding is removed.

2026-06-18 11:34:04 - __main__ - INFO - Input matrix with IKQDPCGELRVMYTSWAFNH encoding is generated.
2026-06-18 11:35:25 - __main__ - INFO - IKQDPCGELRVMYTSWAFNH encoding is done for binary task with:
	-custom
		-f1: 0.8307692307692308
		-auroc: 0.8219053100813166
	-resnet
		-f1: 0.8506151142355008
		-auroc: 0.8232728356356749
2026-06-18 11:35:25 - __main__ - INFO - Input matrix with IKQDPCGELRVMYTSWAFNH encoding is removed.

2026-06-18 11:35:34 - __main__ - INFO - Input matrix with IHSFPDMRQTWYELNVKCGA encoding is generated.
2026-06-18 11:36:56 - __main__ - INFO - IHSFPDMRQTWYELNVKCGA encoding is done for binary task with:
	-custom
		-f1: 0.8240827845719662
		-auroc: 0.8096771823258548
	-resnet
		-f1: 0.874451273046532
		-auroc: 0.8505314979915743
2026-06-18 11:36:56 - __main__ - INFO - Input matrix with IHSFPDMRQTWYELNVKCGA encoding is removed.

