2026-06-16 07:08:45 - __main__ - INFO - Filename: training_noise.py started.
2026-06-16 07:15:01 - __main__ - INFO - WCYKMVHQFDGRLITNEASP encoding is done for multiclass task with:
	-custom
		-f1: 0.630500112322784
		-auroc: 0.8858903003026626
	-resnet
		-f1: 0.7426726273750276
		-auroc: 0.9437576119208156
2026-06-16 07:20:57 - __main__ - INFO - WCYKMVHQFDGRLITNEASP encoding is done for multiclass task with:
	-custom
		-f1: 0.6351170013324017
		-auroc: 0.8825136863152808
	-resnet
		-f1: 0.7652428578006638
		-auroc: 0.9434713944279295
2026-06-16 07:26:54 - __main__ - INFO - WCYKMVHQFDGRLITNEASP encoding is done for multiclass task with:
	-custom
		-f1: 0.6370461343378742
		-auroc: 0.8854686315723568
	-resnet
		-f1: 0.7721243620005954
		-auroc: 0.9419972928470244
2026-06-16 07:32:55 - __main__ - INFO - WCYKMVHQFDGRLITNEASP encoding is done for multiclass task with:
	-custom
		-f1: 0.6445044482573261
		-auroc: 0.8899968907939237
	-resnet
		-f1: 0.7456098114447828
		-auroc: 0.9386256518733008
2026-06-16 07:38:49 - __main__ - INFO - WCYKMVHQFDGRLITNEASP encoding is done for multiclass task with:
	-custom
		-f1: 0.6294165823194529
		-auroc: 0.8803372919913242
	-resnet
		-f1: 0.7838510859829901
		-auroc: 0.9469741007055287
2026-06-16 07:44:41 - __main__ - INFO - WCYKMVHQFDGRLITNEASP encoding is done for multiclass task with:
	-custom
		-f1: 0.6433063847559486
		-auroc: 0.8872375171586139
	-resnet
		-f1: 0.728068261857287
		-auroc: 0.9311844476231604
2026-06-16 07:50:35 - __main__ - INFO - WCYKMVHQFDGRLITNEASP encoding is done for multiclass task with:
	-custom
		-f1: 0.6360285110543029
		-auroc: 0.8833385396581678
	-resnet
		-f1: 0.7710415790723747
		-auroc: 0.9444378927764199
2026-06-16 07:56:34 - __main__ - INFO - WCYKMVHQFDGRLITNEASP encoding is done for multiclass task with:
	-custom
		-f1: 0.6337560385280804
		-auroc: 0.8821584172909127
	-resnet
		-f1: 0.7905987806045045
		-auroc: 0.9478228373709344
2026-06-16 08:02:31 - __main__ - INFO - WCYKMVHQFDGRLITNEASP encoding is done for multiclass task with:
	-custom
		-f1: 0.6209676308302919
		-auroc: 0.8768577414595805
	-resnet
		-f1: 0.7541178106680837
		-auroc: 0.9392702601717715
2026-06-16 08:08:15 - __main__ - INFO - WCYKMVHQFDGRLITNEASP encoding is done for multiclass task with:
	-custom
		-f1: 0.6399104501116666
		-auroc: 0.8876121746541117
	-resnet
		-f1: 0.7729065323545206
		-auroc: 0.9435664364149632
2026-06-16 08:14:10 - __main__ - INFO - WCYKMVHQFDGRLITNEASP encoding is done for multiclass task with:
	-custom
		-f1: 0.6466186339510334
		-auroc: 0.8878629994221688
	-resnet
		-f1: 0.7905504553724423
		-auroc: 0.9468634982764085
2026-06-16 08:20:10 - __main__ - INFO - WCYKMVHQFDGRLITNEASP encoding is done for multiclass task with:
	-custom
		-f1: 0.6231120269930608
		-auroc: 0.8791240943823846
	-resnet
		-f1: 0.7486346959331082
		-auroc: 0.9430473673106337
2026-06-16 08:26:08 - __main__ - INFO - WCYKMVHQFDGRLITNEASP encoding is done for multiclass task with:
	-custom
		-f1: 0.6457282019059445
		-auroc: 0.8878007834363644
	-resnet
		-f1: 0.7542988038854459
		-auroc: 0.9441271729885676
2026-06-16 08:32:05 - __main__ - INFO - WCYKMVHQFDGRLITNEASP encoding is done for multiclass task with:
	-custom
		-f1: 0.6406489145956573
		-auroc: 0.8870923824209929
	-resnet
		-f1: 0.7380979687745872
		-auroc: 0.9356285757781677
2026-06-16 08:38:00 - __main__ - INFO - WCYKMVHQFDGRLITNEASP encoding is done for multiclass task with:
	-custom
		-f1: 0.6298729444977099
		-auroc: 0.8808215332921264
	-resnet
		-f1: 0.7698113414891209
		-auroc: 0.9427980706430382
2026-06-16 08:44:02 - __main__ - INFO - WCYKMVHQFDGRLITNEASP encoding is done for multiclass task with:
	-custom
		-f1: 0.6203705794323946
		-auroc: 0.8781850538825058
	-resnet
		-f1: 0.7684166675839886
		-auroc: 0.9387461710055097
2026-06-16 08:49:57 - __main__ - INFO - WCYKMVHQFDGRLITNEASP encoding is done for multiclass task with:
	-custom
		-f1: 0.6417568810768002
		-auroc: 0.8873596711021203
	-resnet
		-f1: 0.7223824804560494
		-auroc: 0.9361504856464891
2026-06-16 08:55:59 - __main__ - INFO - WCYKMVHQFDGRLITNEASP encoding is done for multiclass task with:
	-custom
		-f1: 0.635734843368197
		-auroc: 0.8875345945522974
	-resnet
		-f1: 0.7470699036736943
		-auroc: 0.9410986275531042
2026-06-16 09:01:56 - __main__ - INFO - WCYKMVHQFDGRLITNEASP encoding is done for multiclass task with:
	-custom
		-f1: 0.6407393936174652
		-auroc: 0.8866477061592167
	-resnet
		-f1: 0.6851543856855749
		-auroc: 0.9357586174705081
2026-06-16 09:07:55 - __main__ - INFO - WCYKMVHQFDGRLITNEASP encoding is done for multiclass task with:
	-custom
		-f1: 0.6329188510830741
		-auroc: 0.8836002729397692
	-resnet
		-f1: 0.7615590764393207
		-auroc: 0.9429058525773882
2026-06-16 09:13:52 - __main__ - INFO - WCYKMVHQFDGRLITNEASP encoding is done for multiclass task with:
	-custom
		-f1: 0.6466804155899348
		-auroc: 0.8895560858980162
	-resnet
		-f1: 0.7498613651617896
		-auroc: 0.9353867017778589
2026-06-16 09:19:49 - __main__ - INFO - WCYKMVHQFDGRLITNEASP encoding is done for multiclass task with:
	-custom
		-f1: 0.6399660857470322
		-auroc: 0.8875484153110669
	-resnet
		-f1: 0.7578764873576684
		-auroc: 0.9384936708772991
2026-06-16 09:25:46 - __main__ - INFO - WCYKMVHQFDGRLITNEASP encoding is done for multiclass task with:
	-custom
		-f1: 0.6158493884949726
		-auroc: 0.8766763222662199
	-resnet
		-f1: 0.7721679853382293
		-auroc: 0.943514809139663
2026-06-16 09:31:43 - __main__ - INFO - WCYKMVHQFDGRLITNEASP encoding is done for multiclass task with:
	-custom
		-f1: 0.6407457240055927
		-auroc: 0.8873735800641729
	-resnet
		-f1: 0.7648995115540752
		-auroc: 0.9421821011535296
2026-06-16 09:37:41 - __main__ - INFO - WCYKMVHQFDGRLITNEASP encoding is done for multiclass task with:
	-custom
		-f1: 0.6287949390734188
		-auroc: 0.8826938097646131
	-resnet
		-f1: 0.749606456027282
		-auroc: 0.9402006591023655
2026-06-16 09:43:40 - __main__ - INFO - WCYKMVHQFDGRLITNEASP encoding is done for multiclass task with:
	-custom
		-f1: 0.6452647862242982
		-auroc: 0.8864238771451358
	-resnet
		-f1: 0.7613452862006842
		-auroc: 0.9431515648982813
2026-06-16 09:49:32 - __main__ - INFO - WCYKMVHQFDGRLITNEASP encoding is done for multiclass task with:
	-custom
		-f1: 0.6242349909166651
		-auroc: 0.880064572477995
	-resnet
		-f1: 0.7470876203928072
		-auroc: 0.9417089502288025
2026-06-16 09:55:29 - __main__ - INFO - WCYKMVHQFDGRLITNEASP encoding is done for multiclass task with:
	-custom
		-f1: 0.6417964122912431
		-auroc: 0.8879727544190186
	-resnet
		-f1: 0.7496721881716473
		-auroc: 0.9423794155761163
2026-06-16 10:01:26 - __main__ - INFO - WCYKMVHQFDGRLITNEASP encoding is done for multiclass task with:
	-custom
		-f1: 0.6513229682460698
		-auroc: 0.8899519384584684
	-resnet
		-f1: 0.7631483121055387
		-auroc: 0.943569368860363
2026-06-16 10:07:21 - __main__ - INFO - WCYKMVHQFDGRLITNEASP encoding is done for multiclass task with:
	-custom
		-f1: 0.6262992391806483
		-auroc: 0.883861737565487
	-resnet
		-f1: 0.7203906048246072
		-auroc: 0.9376098986402601
2026-06-16 10:13:18 - __main__ - INFO - WCYKMVHQFDGRLITNEASP encoding is done for multiclass task with:
	-custom
		-f1: 0.6331887661601667
		-auroc: 0.8825827230306912
	-resnet
		-f1: 0.7645984933968483
		-auroc: 0.9467704652947695
2026-06-16 10:19:15 - __main__ - INFO - WCYKMVHQFDGRLITNEASP encoding is done for multiclass task with:
	-custom
		-f1: 0.6210069634296843
		-auroc: 0.8785245041689802
	-resnet
		-f1: 0.763195079871901
		-auroc: 0.9415043218034347
2026-06-16 10:25:09 - __main__ - INFO - WCYKMVHQFDGRLITNEASP encoding is done for multiclass task with:
	-custom
		-f1: 0.6550442726678871
		-auroc: 0.8892264159520098
	-resnet
		-f1: 0.7312404158870147
		-auroc: 0.9359008496069592
2026-06-16 10:31:01 - __main__ - INFO - WCYKMVHQFDGRLITNEASP encoding is done for multiclass task with:
	-custom
		-f1: 0.6175530483502844
		-auroc: 0.8758990006360058
	-resnet
		-f1: 0.7400652932856857
		-auroc: 0.9386682800433015
2026-06-16 10:36:55 - __main__ - INFO - WCYKMVHQFDGRLITNEASP encoding is done for multiclass task with:
	-custom
		-f1: 0.6325923751519895
		-auroc: 0.8850739635632087
	-resnet
		-f1: 0.776329700899378
		-auroc: 0.9456499246321233
2026-06-16 10:42:48 - __main__ - INFO - WCYKMVHQFDGRLITNEASP encoding is done for multiclass task with:
	-custom
		-f1: 0.6226520014692648
		-auroc: 0.8808083085922964
	-resnet
		-f1: 0.7627545318911824
		-auroc: 0.946001712419997
2026-06-16 10:48:43 - __main__ - INFO - WCYKMVHQFDGRLITNEASP encoding is done for multiclass task with:
	-custom
		-f1: 0.6381671169415843
		-auroc: 0.8846945573745228
	-resnet
		-f1: 0.7463044255828759
		-auroc: 0.9410773455782527
2026-06-16 10:54:35 - __main__ - INFO - WCYKMVHQFDGRLITNEASP encoding is done for multiclass task with:
	-custom
		-f1: 0.6471085692027214
		-auroc: 0.8879121116981981
	-resnet
		-f1: 0.7748142563984679
		-auroc: 0.9470694915389771
2026-06-16 11:00:40 - __main__ - INFO - WCYKMVHQFDGRLITNEASP encoding is done for multiclass task with:
	-custom
		-f1: 0.6280974032111665
		-auroc: 0.8841270696702651
	-resnet
		-f1: 0.755211357334039
		-auroc: 0.9407379630575348
2026-06-16 11:06:36 - __main__ - INFO - WCYKMVHQFDGRLITNEASP encoding is done for multiclass task with:
	-custom
		-f1: 0.6397039762416383
		-auroc: 0.8859114513992555
	-resnet
		-f1: 0.7621115426526254
		-auroc: 0.9436301350876282
2026-06-16 11:12:31 - __main__ - INFO - WCYKMVHQFDGRLITNEASP encoding is done for multiclass task with:
	-custom
		-f1: 0.6328653355850864
		-auroc: 0.8884755450230415
	-resnet
		-f1: 0.7342127515381375
		-auroc: 0.9408735787317284
2026-06-16 11:18:26 - __main__ - INFO - WCYKMVHQFDGRLITNEASP encoding is done for multiclass task with:
	-custom
		-f1: 0.6423624956710272
		-auroc: 0.8865619184146389
	-resnet
		-f1: 0.7480946198437426
		-auroc: 0.9419215221729609
2026-06-16 11:24:18 - __main__ - INFO - WCYKMVHQFDGRLITNEASP encoding is done for multiclass task with:
	-custom
		-f1: 0.6235649615825694
		-auroc: 0.8843034039648197
	-resnet
		-f1: 0.7767451761944806
		-auroc: 0.9439348116089514
2026-06-16 11:30:09 - __main__ - INFO - WCYKMVHQFDGRLITNEASP encoding is done for multiclass task with:
	-custom
		-f1: 0.6284305973894097
		-auroc: 0.8836732927368509
	-resnet
		-f1: 0.771047787402495
		-auroc: 0.941937576084604
2026-06-16 11:36:02 - __main__ - INFO - WCYKMVHQFDGRLITNEASP encoding is done for multiclass task with:
	-custom
		-f1: 0.6365653314899589
		-auroc: 0.8849505863885332
	-resnet
		-f1: 0.7147076982841072
		-auroc: 0.9320466320191823
2026-06-16 11:41:46 - __main__ - INFO - WCYKMVHQFDGRLITNEASP encoding is done for multiclass task with:
	-custom
		-f1: 0.6446512812047148
		-auroc: 0.8885903203430952
	-resnet
		-f1: 0.7498092128732565
		-auroc: 0.9424256542922509
2026-06-16 11:47:38 - __main__ - INFO - WCYKMVHQFDGRLITNEASP encoding is done for multiclass task with:
	-custom
		-f1: 0.6521055122769874
		-auroc: 0.8900425061296613
	-resnet
		-f1: 0.743765706927212
		-auroc: 0.936483723717866
2026-06-16 11:53:32 - __main__ - INFO - WCYKMVHQFDGRLITNEASP encoding is done for multiclass task with:
	-custom
		-f1: 0.6247951149991481
		-auroc: 0.8806020261856068
	-resnet
		-f1: 0.7487895433581951
		-auroc: 0.936608220490762
2026-06-16 11:59:24 - __main__ - INFO - WCYKMVHQFDGRLITNEASP encoding is done for multiclass task with:
	-custom
		-f1: 0.6374190047394963
		-auroc: 0.8838732860956068
	-resnet
		-f1: 0.7620775442021663
		-auroc: 0.9461096268289945
2026-06-16 12:05:19 - __main__ - INFO - WCYKMVHQFDGRLITNEASP encoding is done for multiclass task with:
	-custom
		-f1: 0.6435368757162516
		-auroc: 0.8873259102537657
	-resnet
		-f1: 0.7614187695385579
		-auroc: 0.9424927767743663
2026-06-16 12:11:15 - __main__ - INFO - WCYKMVHQFDGRLITNEASP encoding is done for multiclass task with:
	-custom
		-f1: 0.61629025209202
		-auroc: 0.8772856421133957
	-resnet
		-f1: 0.7399639120854627
		-auroc: 0.9379604632704762
2026-06-16 12:17:07 - __main__ - INFO - WCYKMVHQFDGRLITNEASP encoding is done for multiclass task with:
	-custom
		-f1: 0.636906705896261
		-auroc: 0.8856052852552377
	-resnet
		-f1: 0.7631867745146097
		-auroc: 0.9434370585838486
2026-06-16 12:23:00 - __main__ - INFO - WCYKMVHQFDGRLITNEASP encoding is done for multiclass task with:
	-custom
		-f1: 0.6229726314920463
		-auroc: 0.8855486527520524
	-resnet
		-f1: 0.7628087145401128
		-auroc: 0.9437931569236877
2026-06-16 12:28:54 - __main__ - INFO - WCYKMVHQFDGRLITNEASP encoding is done for multiclass task with:
	-custom
		-f1: 0.6335920479541782
		-auroc: 0.8849656089304965
	-resnet
		-f1: 0.7756416309636002
		-auroc: 0.9472420664533721
2026-06-16 12:34:51 - __main__ - INFO - WCYKMVHQFDGRLITNEASP encoding is done for multiclass task with:
	-custom
		-f1: 0.637208187109663
		-auroc: 0.8855799240187331
	-resnet
		-f1: 0.7632254028202139
		-auroc: 0.9445253155353898
2026-06-16 12:40:48 - __main__ - INFO - WCYKMVHQFDGRLITNEASP encoding is done for multiclass task with:
	-custom
		-f1: 0.6296741678480104
		-auroc: 0.8837107061331286
	-resnet
		-f1: 0.7117051023804702
		-auroc: 0.9314009320647477
2026-06-16 12:46:43 - __main__ - INFO - WCYKMVHQFDGRLITNEASP encoding is done for multiclass task with:
	-custom
		-f1: 0.6454894656559483
		-auroc: 0.8881960998075135
	-resnet
		-f1: 0.7708543112310208
		-auroc: 0.9440332715751009
2026-06-16 12:52:34 - __main__ - INFO - WCYKMVHQFDGRLITNEASP encoding is done for multiclass task with:
	-custom
		-f1: 0.6388858473889967
		-auroc: 0.8862982622449362
	-resnet
		-f1: 0.7370210431228366
		-auroc: 0.9387263845165472
2026-06-16 12:58:23 - __main__ - INFO - WCYKMVHQFDGRLITNEASP encoding is done for multiclass task with:
	-custom
		-f1: 0.623381025529937
		-auroc: 0.8815821565242923
	-resnet
		-f1: 0.7383896363141934
		-auroc: 0.9365051135508737
2026-06-16 13:04:18 - __main__ - INFO - WCYKMVHQFDGRLITNEASP encoding is done for multiclass task with:
	-custom
		-f1: 0.6540258749348129
		-auroc: 0.8924676250182284
	-resnet
		-f1: 0.7752903878432589
		-auroc: 0.9430572504583647
2026-06-16 13:10:14 - __main__ - INFO - WCYKMVHQFDGRLITNEASP encoding is done for multiclass task with:
	-custom
		-f1: 0.6329376091546886
		-auroc: 0.8846911667829852
	-resnet
		-f1: 0.7354790687898601
		-auroc: 0.9387505517615142
2026-06-16 13:16:08 - __main__ - INFO - WCYKMVHQFDGRLITNEASP encoding is done for multiclass task with:
	-custom
		-f1: 0.6247336354998261
		-auroc: 0.8822033761702552
	-resnet
		-f1: 0.7464336251323581
		-auroc: 0.9335224646532779
2026-06-16 13:22:01 - __main__ - INFO - WCYKMVHQFDGRLITNEASP encoding is done for multiclass task with:
	-custom
		-f1: 0.6326276265979012
		-auroc: 0.8846337160268527
	-resnet
		-f1: 0.7648087163493796
		-auroc: 0.942827845114997
2026-06-16 13:27:58 - __main__ - INFO - WCYKMVHQFDGRLITNEASP encoding is done for multiclass task with:
	-custom
		-f1: 0.6388064153182194
		-auroc: 0.8864584769001755
	-resnet
		-f1: 0.780239303257025
		-auroc: 0.9413099523138395
2026-06-16 13:33:50 - __main__ - INFO - WCYKMVHQFDGRLITNEASP encoding is done for multiclass task with:
	-custom
		-f1: 0.6233977117510778
		-auroc: 0.8843051993423595
	-resnet
		-f1: 0.7558264045441069
		-auroc: 0.9391886642252499
2026-06-16 13:39:46 - __main__ - INFO - WCYKMVHQFDGRLITNEASP encoding is done for multiclass task with:
	-custom
		-f1: 0.629289342911903
		-auroc: 0.8798755977990765
	-resnet
		-f1: 0.751103186040715
		-auroc: 0.9364268376967951
2026-06-16 13:45:42 - __main__ - INFO - WCYKMVHQFDGRLITNEASP encoding is done for multiclass task with:
	-custom
		-f1: 0.6389556039565446
		-auroc: 0.8876349871326312
	-resnet
		-f1: 0.7847493185805497
		-auroc: 0.9460081021946808
2026-06-16 13:51:36 - __main__ - INFO - WCYKMVHQFDGRLITNEASP encoding is done for multiclass task with:
	-custom
		-f1: 0.6259326877113498
		-auroc: 0.8825333553891301
	-resnet
		-f1: 0.7631087072739955
		-auroc: 0.9427757615817276
2026-06-16 13:57:27 - __main__ - INFO - WCYKMVHQFDGRLITNEASP encoding is done for multiclass task with:
	-custom
		-f1: 0.6247836058545365
		-auroc: 0.882304300782117
	-resnet
		-f1: 0.7280300098469374
		-auroc: 0.9384265240920133
2026-06-16 14:03:25 - __main__ - INFO - WCYKMVHQFDGRLITNEASP encoding is done for multiclass task with:
	-custom
		-f1: 0.6371377730053934
		-auroc: 0.886751851602044
	-resnet
		-f1: 0.7470433269404076
		-auroc: 0.9414219732123403
2026-06-16 14:09:19 - __main__ - INFO - WCYKMVHQFDGRLITNEASP encoding is done for multiclass task with:
	-custom
		-f1: 0.6425099570966013
		-auroc: 0.8893317137336633
	-resnet
		-f1: 0.7550746185706178
		-auroc: 0.9367664754930303
2026-06-16 14:15:14 - __main__ - INFO - WCYKMVHQFDGRLITNEASP encoding is done for multiclass task with:
	-custom
		-f1: 0.636447699492283
		-auroc: 0.88303297913136
	-resnet
		-f1: 0.7481999919432883
		-auroc: 0.9420124739137193
2026-06-16 14:21:08 - __main__ - INFO - WCYKMVHQFDGRLITNEASP encoding is done for multiclass task with:
	-custom
		-f1: 0.6367359229552131
		-auroc: 0.8876628029151739
	-resnet
		-f1: 0.7172869248069333
		-auroc: 0.9425340731020887
2026-06-16 14:27:05 - __main__ - INFO - WCYKMVHQFDGRLITNEASP encoding is done for multiclass task with:
	-custom
		-f1: 0.6170887168109953
		-auroc: 0.8773173138215002
	-resnet
		-f1: 0.7645053954949544
		-auroc: 0.9412694392193869
2026-06-16 14:33:01 - __main__ - INFO - WCYKMVHQFDGRLITNEASP encoding is done for multiclass task with:
	-custom
		-f1: 0.6186099000842934
		-auroc: 0.8779018621612348
	-resnet
		-f1: 0.7415391230367965
		-auroc: 0.9400577551411017
2026-06-16 14:38:56 - __main__ - INFO - WCYKMVHQFDGRLITNEASP encoding is done for multiclass task with:
	-custom
		-f1: 0.6325571484771433
		-auroc: 0.8840844083358863
	-resnet
		-f1: 0.753968023938749
		-auroc: 0.9424942307687664
2026-06-16 14:44:51 - __main__ - INFO - WCYKMVHQFDGRLITNEASP encoding is done for multiclass task with:
	-custom
		-f1: 0.6360909003778985
		-auroc: 0.8824711817323176
	-resnet
		-f1: 0.7342468075235569
		-auroc: 0.9391095484891359
2026-06-16 14:50:44 - __main__ - INFO - WCYKMVHQFDGRLITNEASP encoding is done for multiclass task with:
	-custom
		-f1: 0.6347216332095744
		-auroc: 0.8878911905189684
	-resnet
		-f1: 0.7691864222781029
		-auroc: 0.9453229032070057
2026-06-16 14:56:38 - __main__ - INFO - WCYKMVHQFDGRLITNEASP encoding is done for multiclass task with:
	-custom
		-f1: 0.6212826018149358
		-auroc: 0.8799109159885488
	-resnet
		-f1: 0.785423581543696
		-auroc: 0.9432205407945133
2026-06-16 15:02:36 - __main__ - INFO - WCYKMVHQFDGRLITNEASP encoding is done for multiclass task with:
	-custom
		-f1: 0.6463273403964911
		-auroc: 0.8855725527999697
	-resnet
		-f1: 0.7704244188209611
		-auroc: 0.9428659442132101
2026-06-16 15:08:32 - __main__ - INFO - WCYKMVHQFDGRLITNEASP encoding is done for multiclass task with:
	-custom
		-f1: 0.6423980947919725
		-auroc: 0.8838150151500089
	-resnet
		-f1: 0.7818415067756093
		-auroc: 0.9448523362978964
2026-06-16 15:14:29 - __main__ - INFO - WCYKMVHQFDGRLITNEASP encoding is done for multiclass task with:
	-custom
		-f1: 0.6409779014612382
		-auroc: 0.887345917549782
	-resnet
		-f1: 0.7567140424467637
		-auroc: 0.9413166911129182
2026-06-16 15:20:17 - __main__ - INFO - WCYKMVHQFDGRLITNEASP encoding is done for multiclass task with:
	-custom
		-f1: 0.6410891476196399
		-auroc: 0.8866722768819824
	-resnet
		-f1: 0.7529093309039088
		-auroc: 0.9416406423506759
2026-06-16 15:26:10 - __main__ - INFO - WCYKMVHQFDGRLITNEASP encoding is done for multiclass task with:
	-custom
		-f1: 0.6449813509119513
		-auroc: 0.8874423097221674
	-resnet
		-f1: 0.7630991085105145
		-auroc: 0.9404609314386174
2026-06-16 15:32:07 - __main__ - INFO - WCYKMVHQFDGRLITNEASP encoding is done for multiclass task with:
	-custom
		-f1: 0.6480732691382819
		-auroc: 0.8873867844941508
	-resnet
		-f1: 0.7541131621024558
		-auroc: 0.938761032112191
2026-06-16 15:38:04 - __main__ - INFO - WCYKMVHQFDGRLITNEASP encoding is done for multiclass task with:
	-custom
		-f1: 0.6361191638880894
		-auroc: 0.8854271780153053
	-resnet
		-f1: 0.782407082543369
		-auroc: 0.9462785568149494
2026-06-16 15:44:31 - __main__ - INFO - WCYKMVHQFDGRLITNEASP encoding is done for multiclass task with:
	-custom
		-f1: 0.6476468284960719
		-auroc: 0.8848775890598668
	-resnet
		-f1: 0.7520851583358957
		-auroc: 0.9389734452099985
2026-06-16 15:50:30 - __main__ - INFO - WCYKMVHQFDGRLITNEASP encoding is done for multiclass task with:
	-custom
		-f1: 0.6342946255438096
		-auroc: 0.8863089338715332
	-resnet
		-f1: 0.7473470390659929
		-auroc: 0.9388354176947132
2026-06-16 15:56:20 - __main__ - INFO - WCYKMVHQFDGRLITNEASP encoding is done for multiclass task with:
	-custom
		-f1: 0.6440288869511063
		-auroc: 0.8871973943820134
	-resnet
		-f1: 0.7645102140783127
		-auroc: 0.940741564281734
2026-06-16 16:02:16 - __main__ - INFO - WCYKMVHQFDGRLITNEASP encoding is done for multiclass task with:
	-custom
		-f1: 0.6329888377812415
		-auroc: 0.8825476892680373
	-resnet
		-f1: 0.7448901079898587
		-auroc: 0.9358232075432404
2026-06-16 16:08:12 - __main__ - INFO - WCYKMVHQFDGRLITNEASP encoding is done for multiclass task with:
	-custom
		-f1: 0.6328557383887263
		-auroc: 0.8831194796632946
	-resnet
		-f1: 0.768780443266843
		-auroc: 0.9425060228419119
2026-06-16 16:14:08 - __main__ - INFO - WCYKMVHQFDGRLITNEASP encoding is done for multiclass task with:
	-custom
		-f1: 0.6471572746734541
		-auroc: 0.8880023714252786
	-resnet
		-f1: 0.7698268930369283
		-auroc: 0.9455435500097831
2026-06-16 16:20:00 - __main__ - INFO - WCYKMVHQFDGRLITNEASP encoding is done for multiclass task with:
	-custom
		-f1: 0.6351554427421668
		-auroc: 0.8855674667884266
	-resnet
		-f1: 0.7384253281079933
		-auroc: 0.9471163133108558
2026-06-16 16:25:49 - __main__ - INFO - WCYKMVHQFDGRLITNEASP encoding is done for multiclass task with:
	-custom
		-f1: 0.6311253845033453
		-auroc: 0.8833011685758294
	-resnet
		-f1: 0.7494102991727842
		-auroc: 0.9418906105100788
2026-06-16 16:31:43 - __main__ - INFO - WCYKMVHQFDGRLITNEASP encoding is done for multiclass task with:
	-custom
		-f1: 0.633381818231323
		-auroc: 0.8851249621949723
	-resnet
		-f1: 0.7531004691773209
		-auroc: 0.9367553722037755
2026-06-16 16:37:38 - __main__ - INFO - WCYKMVHQFDGRLITNEASP encoding is done for multiclass task with:
	-custom
		-f1: 0.6227580229385277
		-auroc: 0.8800190972738765
	-resnet
		-f1: 0.7656745467119105
		-auroc: 0.9375956326982273
2026-06-16 16:43:32 - __main__ - INFO - WCYKMVHQFDGRLITNEASP encoding is done for multiclass task with:
	-custom
		-f1: 0.6302561897474431
		-auroc: 0.8812478365848537
	-resnet
		-f1: 0.7123030056748468
		-auroc: 0.9375233991272536
2026-06-16 16:49:28 - __main__ - INFO - WCYKMVHQFDGRLITNEASP encoding is done for multiclass task with:
	-custom
		-f1: 0.6066420321379047
		-auroc: 0.874963986708164
	-resnet
		-f1: 0.7534504281072744
		-auroc: 0.939594549292272
2026-06-16 16:55:19 - __main__ - INFO - WCYKMVHQFDGRLITNEASP encoding is done for multiclass task with:
	-custom
		-f1: 0.6307317362458538
		-auroc: 0.8807341723803542
	-resnet
		-f1: 0.7398333818362316
		-auroc: 0.9406628299841181
2026-06-16 17:01:08 - __main__ - INFO - WCYKMVHQFDGRLITNEASP encoding is done for multiclass task with:
	-custom
		-f1: 0.619868980886504
		-auroc: 0.8800209211673249
	-resnet
		-f1: 0.7477381441625678
		-auroc: 0.9404479029873007
2026-06-16 17:07:03 - __main__ - INFO - WCYKMVHQFDGRLITNEASP encoding is done for multiclass task with:
	-custom
		-f1: 0.6477521358833996
		-auroc: 0.8867968958541107
	-resnet
		-f1: 0.7694316518893399
		-auroc: 0.9442553501697452
2026-06-16 17:12:59 - __main__ - INFO - WCYKMVHQFDGRLITNEASP encoding is done for multiclass task with:
	-custom
		-f1: 0.6462606801439639
		-auroc: 0.8876217812603528
	-resnet
		-f1: 0.7711207229161966
		-auroc: 0.9470288543367585
2026-06-16 17:18:52 - __main__ - INFO - WCYKMVHQFDGRLITNEASP encoding is done for multiclass task with:
	-custom
		-f1: 0.6477871534424897
		-auroc: 0.8889691697506598
	-resnet
		-f1: 0.7627242074527573
		-auroc: 0.9425762074660836
2026-06-16 17:24:48 - __main__ - INFO - WCYKMVHQFDGRLITNEASP encoding is done for multiclass task with:
	-custom
		-f1: 0.6350777713658676
		-auroc: 0.8846055688148324
	-resnet
		-f1: 0.7772630400380732
		-auroc: 0.9453274291551403
2026-06-16 17:30:35 - __main__ - INFO - WCYKMVHQFDGRLITNEASP encoding is done for multiclass task with:
	-custom
		-f1: 0.6404189861174773
		-auroc: 0.8877652653640629
	-resnet
		-f1: 0.7485100803752661
		-auroc: 0.9395375570801303
2026-06-16 17:36:27 - __main__ - INFO - WCYKMVHQFDGRLITNEASP encoding is done for multiclass task with:
	-custom
		-f1: 0.6375055216723399
		-auroc: 0.8829712028124316
	-resnet
		-f1: 0.608924149096843
		-auroc: 0.9222716449479738
2026-06-16 17:42:23 - __main__ - INFO - WCYKMVHQFDGRLITNEASP encoding is done for multiclass task with:
	-custom
		-f1: 0.6230548556402281
		-auroc: 0.8828625182997681
	-resnet
		-f1: 0.7711865039460191
		-auroc: 0.9461657752838303
2026-06-16 17:48:02 - __main__ - INFO - WCYKMVHQFDGRLITNEASP encoding is done for multiclass task with:
	-custom
		-f1: 0.6340185793581693
		-auroc: 0.8840137514359375
	-resnet
		-f1: 0.73841255812086
		-auroc: 0.9372140537037176
2026-06-16 17:53:57 - __main__ - INFO - WCYKMVHQFDGRLITNEASP encoding is done for multiclass task with:
	-custom
		-f1: 0.6174160149385802
		-auroc: 0.8781432129347726
	-resnet
		-f1: 0.7476144445274351
		-auroc: 0.9327650171572305
2026-06-16 17:59:52 - __main__ - INFO - WCYKMVHQFDGRLITNEASP encoding is done for multiclass task with:
	-custom
		-f1: 0.6162165674501711
		-auroc: 0.8793815470577803
	-resnet
		-f1: 0.7358772737912395
		-auroc: 0.9402837500287038
2026-06-16 18:05:47 - __main__ - INFO - WCYKMVHQFDGRLITNEASP encoding is done for multiclass task with:
	-custom
		-f1: 0.6257124532689021
		-auroc: 0.8799762604142517
	-resnet
		-f1: 0.7655697082422424
		-auroc: 0.9425546356550285
2026-06-16 18:11:40 - __main__ - INFO - WCYKMVHQFDGRLITNEASP encoding is done for multiclass task with:
	-custom
		-f1: 0.6454544710849219
		-auroc: 0.8858402851654613
	-resnet
		-f1: 0.7399661731146953
		-auroc: 0.9356265026280848
2026-06-16 18:17:33 - __main__ - INFO - WCYKMVHQFDGRLITNEASP encoding is done for multiclass task with:
	-custom
		-f1: 0.6340001427942358
		-auroc: 0.8841547946236264
	-resnet
		-f1: 0.7491965013326706
		-auroc: 0.9378695986686795
2026-06-16 18:23:28 - __main__ - INFO - WCYKMVHQFDGRLITNEASP encoding is done for multiclass task with:
	-custom
		-f1: 0.6403240222621784
		-auroc: 0.8870262950281435
	-resnet
		-f1: 0.7343267615962518
		-auroc: 0.9417955552719114
2026-06-16 18:29:18 - __main__ - INFO - WCYKMVHQFDGRLITNEASP encoding is done for multiclass task with:
	-custom
		-f1: 0.6390107774382452
		-auroc: 0.8904703946242882
	-resnet
		-f1: 0.7666722943689862
		-auroc: 0.9440330090964693
2026-06-16 18:35:13 - __main__ - INFO - WCYKMVHQFDGRLITNEASP encoding is done for multiclass task with:
	-custom
		-f1: 0.6114232192912601
		-auroc: 0.8758350911069848
	-resnet
		-f1: 0.7486398083719928
		-auroc: 0.9356319942321601
2026-06-16 18:41:07 - __main__ - INFO - WCYKMVHQFDGRLITNEASP encoding is done for multiclass task with:
	-custom
		-f1: 0.6314614236923453
		-auroc: 0.8830126471862151
	-resnet
		-f1: 0.7199355531636187
		-auroc: 0.9319230507235753
2026-06-16 18:46:58 - __main__ - INFO - WCYKMVHQFDGRLITNEASP encoding is done for multiclass task with:
	-custom
		-f1: 0.6280679685713135
		-auroc: 0.8799316225285381
	-resnet
		-f1: 0.758204195377915
		-auroc: 0.9429734724360817
2026-06-16 18:52:50 - __main__ - INFO - WCYKMVHQFDGRLITNEASP encoding is done for multiclass task with:
	-custom
		-f1: 0.615059469515429
		-auroc: 0.8791129624680212
	-resnet
		-f1: 0.7755829553959617
		-auroc: 0.9423223077084508
2026-06-16 18:58:44 - __main__ - INFO - WCYKMVHQFDGRLITNEASP encoding is done for multiclass task with:
	-custom
		-f1: 0.6342474943266658
		-auroc: 0.8848172174139515
	-resnet
		-f1: 0.7692780618224946
		-auroc: 0.9430734097474318
2026-06-16 19:04:39 - __main__ - INFO - WCYKMVHQFDGRLITNEASP encoding is done for multiclass task with:
	-custom
		-f1: 0.6383357199133075
		-auroc: 0.884653561768776
	-resnet
		-f1: 0.7704367645168818
		-auroc: 0.945665929021016
2026-06-16 19:10:27 - __main__ - INFO - WCYKMVHQFDGRLITNEASP encoding is done for multiclass task with:
	-custom
		-f1: 0.6227268619291946
		-auroc: 0.8799880107282962
	-resnet
		-f1: 0.7734008881321072
		-auroc: 0.938516546833292
2026-06-16 19:16:22 - __main__ - INFO - WCYKMVHQFDGRLITNEASP encoding is done for multiclass task with:
	-custom
		-f1: 0.63994659971976
		-auroc: 0.8861603994465816
	-resnet
		-f1: 0.7656030046899638
		-auroc: 0.9401666336620856
2026-06-16 19:22:14 - __main__ - INFO - WCYKMVHQFDGRLITNEASP encoding is done for multiclass task with:
	-custom
		-f1: 0.6239618797442329
		-auroc: 0.8787702377187185
	-resnet
		-f1: 0.7502009176056785
		-auroc: 0.9402598266504445
2026-06-16 19:28:05 - __main__ - INFO - WCYKMVHQFDGRLITNEASP encoding is done for multiclass task with:
	-custom
		-f1: 0.6387181050551111
		-auroc: 0.8866224249892604
	-resnet
		-f1: 0.7796675353609018
		-auroc: 0.9450417262891857
2026-06-16 19:33:52 - __main__ - INFO - WCYKMVHQFDGRLITNEASP encoding is done for multiclass task with:
	-custom
		-f1: 0.6130115950043447
		-auroc: 0.8770153910184566
	-resnet
		-f1: 0.7347129987412458
		-auroc: 0.9409116661775816
2026-06-16 19:39:46 - __main__ - INFO - WCYKMVHQFDGRLITNEASP encoding is done for multiclass task with:
	-custom
		-f1: 0.6301124322370579
		-auroc: 0.8849836143503034
	-resnet
		-f1: 0.7673959065923968
		-auroc: 0.9439585477325607
2026-06-16 19:45:39 - __main__ - INFO - WCYKMVHQFDGRLITNEASP encoding is done for multiclass task with:
	-custom
		-f1: 0.6363041042399172
		-auroc: 0.885039193481991
	-resnet
		-f1: 0.7743802379062406
		-auroc: 0.9408329808223318
2026-06-16 19:51:34 - __main__ - INFO - WCYKMVHQFDGRLITNEASP encoding is done for multiclass task with:
	-custom
		-f1: 0.6260553288638387
		-auroc: 0.8838498568142488
	-resnet
		-f1: 0.7579347584879896
		-auroc: 0.9428634737524166
2026-06-16 19:57:24 - __main__ - INFO - WCYKMVHQFDGRLITNEASP encoding is done for multiclass task with:
	-custom
		-f1: 0.6282565343808325
		-auroc: 0.881008723317626
	-resnet
		-f1: 0.7694211799598392
		-auroc: 0.9451506029599968
2026-06-16 20:03:18 - __main__ - INFO - WCYKMVHQFDGRLITNEASP encoding is done for multiclass task with:
	-custom
		-f1: 0.6477235363483366
		-auroc: 0.8895424199678935
	-resnet
		-f1: 0.7554633620476883
		-auroc: 0.9376696905650646
2026-06-16 20:09:12 - __main__ - INFO - WCYKMVHQFDGRLITNEASP encoding is done for multiclass task with:
	-custom
		-f1: 0.6277993009307358
		-auroc: 0.8837323899809721
	-resnet
		-f1: 0.7591807464604953
		-auroc: 0.9431142712330172
2026-06-16 20:15:07 - __main__ - INFO - WCYKMVHQFDGRLITNEASP encoding is done for multiclass task with:
	-custom
		-f1: 0.6192260413065054
		-auroc: 0.8790736240064698
	-resnet
		-f1: 0.7261000608613293
		-auroc: 0.9374213983152353
2026-06-16 20:21:00 - __main__ - INFO - WCYKMVHQFDGRLITNEASP encoding is done for multiclass task with:
	-custom
		-f1: 0.6202019403917355
		-auroc: 0.879239675206587
	-resnet
		-f1: 0.774322667470251
		-auroc: 0.94224393432828
2026-06-16 20:26:49 - __main__ - INFO - WCYKMVHQFDGRLITNEASP encoding is done for multiclass task with:
	-custom
		-f1: 0.6335425159285379
		-auroc: 0.8822938642088077
	-resnet
		-f1: 0.7165779088560141
		-auroc: 0.935515723377278
2026-06-16 20:32:42 - __main__ - INFO - WCYKMVHQFDGRLITNEASP encoding is done for multiclass task with:
	-custom
		-f1: 0.6385240568208695
		-auroc: 0.8865737334621683
	-resnet
		-f1: 0.7437480139613939
		-auroc: 0.9404317024002229
2026-06-16 20:38:35 - __main__ - INFO - WCYKMVHQFDGRLITNEASP encoding is done for multiclass task with:
	-custom
		-f1: 0.6302888524304654
		-auroc: 0.8845962903926663
	-resnet
		-f1: 0.7403994852253033
		-auroc: 0.9379564398985323
2026-06-16 20:44:28 - __main__ - INFO - WCYKMVHQFDGRLITNEASP encoding is done for multiclass task with:
	-custom
		-f1: 0.6341918760492451
		-auroc: 0.8849855010111313
	-resnet
		-f1: 0.7651179687554925
		-auroc: 0.9491474208712761
2026-06-16 20:50:20 - __main__ - INFO - WCYKMVHQFDGRLITNEASP encoding is done for multiclass task with:
	-custom
		-f1: 0.6115455097449979
		-auroc: 0.8805400483660042
	-resnet
		-f1: 0.7218528527959978
		-auroc: 0.9359698660294132
2026-06-16 20:56:15 - __main__ - INFO - WCYKMVHQFDGRLITNEASP encoding is done for multiclass task with:
	-custom
		-f1: 0.6290953012539175
		-auroc: 0.8819471166185995
	-resnet
		-f1: 0.7572396869137842
		-auroc: 0.9404279594734802
2026-06-16 21:02:09 - __main__ - INFO - WCYKMVHQFDGRLITNEASP encoding is done for multiclass task with:
	-custom
		-f1: 0.6146471172827963
		-auroc: 0.8785118090223202
	-resnet
		-f1: 0.77519783951733
		-auroc: 0.9420952791682085
2026-06-16 21:08:04 - __main__ - INFO - WCYKMVHQFDGRLITNEASP encoding is done for multiclass task with:
	-custom
		-f1: 0.6420040027098712
		-auroc: 0.8881423918349295
	-resnet
		-f1: 0.7672570719519927
		-auroc: 0.9456877951392831
2026-06-16 21:13:59 - __main__ - INFO - WCYKMVHQFDGRLITNEASP encoding is done for multiclass task with:
	-custom
		-f1: 0.6221923382171682
		-auroc: 0.8828007391569782
	-resnet
		-f1: 0.7533551822923761
		-auroc: 0.9404426996890078
2026-06-16 21:19:50 - __main__ - INFO - WCYKMVHQFDGRLITNEASP encoding is done for multiclass task with:
	-custom
		-f1: 0.6382008310819238
		-auroc: 0.8824206030807386
	-resnet
		-f1: 0.7799429344719739
		-auroc: 0.9468781643871889
2026-06-16 21:25:45 - __main__ - INFO - WCYKMVHQFDGRLITNEASP encoding is done for multiclass task with:
	-custom
		-f1: 0.6435523831100138
		-auroc: 0.8837989358893283
	-resnet
		-f1: 0.7358594956855182
		-auroc: 0.9388299827908042
2026-06-16 21:31:33 - __main__ - INFO - WCYKMVHQFDGRLITNEASP encoding is done for multiclass task with:
	-custom
		-f1: 0.6199640011714619
		-auroc: 0.8786970154365189
	-resnet
		-f1: 0.7497467517875778
		-auroc: 0.94006967764452
2026-06-16 21:37:25 - __main__ - INFO - WCYKMVHQFDGRLITNEASP encoding is done for multiclass task with:
	-custom
		-f1: 0.636653454893931
		-auroc: 0.8837765957335296
	-resnet
		-f1: 0.7816975435216303
		-auroc: 0.9420369803621569
2026-06-16 21:43:08 - __main__ - INFO - WCYKMVHQFDGRLITNEASP encoding is done for multiclass task with:
	-custom
		-f1: 0.6566995052647261
		-auroc: 0.8910334782637352
	-resnet
		-f1: 0.7541609279150754
		-auroc: 0.9366088669079875
2026-06-16 21:49:03 - __main__ - INFO - WCYKMVHQFDGRLITNEASP encoding is done for multiclass task with:
	-custom
		-f1: 0.6186989759857794
		-auroc: 0.8823741809669879
	-resnet
		-f1: 0.756289481116536
		-auroc: 0.9363375897067874
2026-06-16 21:54:57 - __main__ - INFO - WCYKMVHQFDGRLITNEASP encoding is done for multiclass task with:
	-custom
		-f1: 0.6560859012735432
		-auroc: 0.8890516392235414
	-resnet
		-f1: 0.7715534298153318
		-auroc: 0.9446729134325142
2026-06-16 22:00:50 - __main__ - INFO - WCYKMVHQFDGRLITNEASP encoding is done for multiclass task with:
	-custom
		-f1: 0.6422028489467906
		-auroc: 0.8889041727877187
	-resnet
		-f1: 0.7771989823013876
		-auroc: 0.9462267116199294
2026-06-16 22:06:44 - __main__ - INFO - WCYKMVHQFDGRLITNEASP encoding is done for multiclass task with:
	-custom
		-f1: 0.6255534672666123
		-auroc: 0.8836257687190245
	-resnet
		-f1: 0.7633087923159023
		-auroc: 0.9424517073249892
2026-06-16 22:12:40 - __main__ - INFO - WCYKMVHQFDGRLITNEASP encoding is done for multiclass task with:
	-custom
		-f1: 0.6362603695252199
		-auroc: 0.8844642964979073
	-resnet
		-f1: 0.7341928614004728
		-auroc: 0.9385905443023889
2026-06-16 22:18:35 - __main__ - INFO - WCYKMVHQFDGRLITNEASP encoding is done for multiclass task with:
	-custom
		-f1: 0.6191382320635533
		-auroc: 0.8811422575214884
	-resnet
		-f1: 0.7477510885335376
		-auroc: 0.9406921324039343
2026-06-16 22:24:30 - __main__ - INFO - WCYKMVHQFDGRLITNEASP encoding is done for multiclass task with:
	-custom
		-f1: 0.6418516555260017
		-auroc: 0.8854737581700528
	-resnet
		-f1: 0.7714371131435666
		-auroc: 0.9441985424049839
2026-06-16 22:30:25 - __main__ - INFO - WCYKMVHQFDGRLITNEASP encoding is done for multiclass task with:
	-custom
		-f1: 0.6292374172754823
		-auroc: 0.8856765849655824
	-resnet
		-f1: 0.7854301985679274
		-auroc: 0.9447395233589745
2026-06-16 22:36:19 - __main__ - INFO - WCYKMVHQFDGRLITNEASP encoding is done for multiclass task with:
	-custom
		-f1: 0.6460288171742496
		-auroc: 0.8873746513275801
	-resnet
		-f1: 0.7789252541082698
		-auroc: 0.9427668012689011
2026-06-16 22:42:16 - __main__ - INFO - WCYKMVHQFDGRLITNEASP encoding is done for multiclass task with:
	-custom
		-f1: 0.6304226102907741
		-auroc: 0.8840715771801865
	-resnet
		-f1: 0.7501807672039952
		-auroc: 0.9379393839261386
2026-06-16 22:48:09 - __main__ - INFO - WCYKMVHQFDGRLITNEASP encoding is done for multiclass task with:
	-custom
		-f1: 0.6270732766470981
		-auroc: 0.8816261850648521
	-resnet
		-f1: 0.6887339367578903
		-auroc: 0.9320896359791944
2026-06-16 22:54:02 - __main__ - INFO - WCYKMVHQFDGRLITNEASP encoding is done for multiclass task with:
	-custom
		-f1: 0.6417676682946071
		-auroc: 0.8859333816676855
	-resnet
		-f1: 0.7423751981215342
		-auroc: 0.9366715574817441
2026-06-16 22:59:51 - __main__ - INFO - WCYKMVHQFDGRLITNEASP encoding is done for multiclass task with:
	-custom
		-f1: 0.6145962127295558
		-auroc: 0.8767008719440277
	-resnet
		-f1: 0.7130053228605451
		-auroc: 0.9350196204974749
2026-06-16 23:05:48 - __main__ - INFO - WCYKMVHQFDGRLITNEASP encoding is done for multiclass task with:
	-custom
		-f1: 0.6429926667349097
		-auroc: 0.8867856462148792
	-resnet
		-f1: 0.7681297393643763
		-auroc: 0.9420167880905799
2026-06-16 23:11:38 - __main__ - INFO - WCYKMVHQFDGRLITNEASP encoding is done for multiclass task with:
	-custom
		-f1: 0.6111031150544782
		-auroc: 0.8751382951040846
	-resnet
		-f1: 0.7724430625202725
		-auroc: 0.9431663448599178
2026-06-16 23:17:27 - __main__ - INFO - WCYKMVHQFDGRLITNEASP encoding is done for multiclass task with:
	-custom
		-f1: 0.6206977337723073
		-auroc: 0.8789042354236759
	-resnet
		-f1: 0.7355904548349623
		-auroc: 0.9367479100124643
2026-06-16 23:23:21 - __main__ - INFO - WCYKMVHQFDGRLITNEASP encoding is done for multiclass task with:
	-custom
		-f1: 0.6168325423707899
		-auroc: 0.8765528665672097
	-resnet
		-f1: 0.782520028329429
		-auroc: 0.947633379553368
2026-06-16 23:29:15 - __main__ - INFO - WCYKMVHQFDGRLITNEASP encoding is done for multiclass task with:
	-custom
		-f1: 0.635194044553875
		-auroc: 0.8853022796902366
	-resnet
		-f1: 0.7578359952135061
		-auroc: 0.9436761113368431
2026-06-16 23:35:07 - __main__ - INFO - WCYKMVHQFDGRLITNEASP encoding is done for multiclass task with:
	-custom
		-f1: 0.6383198787624368
		-auroc: 0.8829456898291689
	-resnet
		-f1: 0.7453159007912412
		-auroc: 0.9350981239911784
2026-06-16 23:41:00 - __main__ - INFO - WCYKMVHQFDGRLITNEASP encoding is done for multiclass task with:
	-custom
		-f1: 0.6473412178741857
		-auroc: 0.8890477647461006
	-resnet
		-f1: 0.7813111721588127
		-auroc: 0.9420702281891303
2026-06-16 23:46:53 - __main__ - INFO - WCYKMVHQFDGRLITNEASP encoding is done for multiclass task with:
	-custom
		-f1: 0.6167980372611678
		-auroc: 0.8751525484203002
	-resnet
		-f1: 0.7165748477043172
		-auroc: 0.9343273859887258
2026-06-16 23:52:45 - __main__ - INFO - WCYKMVHQFDGRLITNEASP encoding is done for multiclass task with:
	-custom
		-f1: 0.6406303678409071
		-auroc: 0.884995864004406
	-resnet
		-f1: 0.759694030213754
		-auroc: 0.9423883708188795
2026-06-16 23:58:40 - __main__ - INFO - WCYKMVHQFDGRLITNEASP encoding is done for multiclass task with:
	-custom
		-f1: 0.6403187822676685
		-auroc: 0.8875635806709262
	-resnet
		-f1: 0.745667809869803
		-auroc: 0.9406392863578554
2026-06-17 00:04:35 - __main__ - INFO - WCYKMVHQFDGRLITNEASP encoding is done for multiclass task with:
	-custom
		-f1: 0.641643949482706
		-auroc: 0.8851470449016784
	-resnet
		-f1: 0.7884320783292871
		-auroc: 0.9446338536066818
2026-06-17 00:10:25 - __main__ - INFO - WCYKMVHQFDGRLITNEASP encoding is done for multiclass task with:
	-custom
		-f1: 0.6265202966105624
		-auroc: 0.8837498959845076
	-resnet
		-f1: 0.7658635756776274
		-auroc: 0.9414733524383131
2026-06-17 00:16:17 - __main__ - INFO - WCYKMVHQFDGRLITNEASP encoding is done for multiclass task with:
	-custom
		-f1: 0.6403075033857842
		-auroc: 0.8853110631770775
	-resnet
		-f1: 0.7464605979057153
		-auroc: 0.9375439730314815
2026-06-17 00:22:09 - __main__ - INFO - WCYKMVHQFDGRLITNEASP encoding is done for multiclass task with:
	-custom
		-f1: 0.613695889816422
		-auroc: 0.8781594050282392
	-resnet
		-f1: 0.7504136386283259
		-auroc: 0.9362114176726871
2026-06-17 00:28:01 - __main__ - INFO - WCYKMVHQFDGRLITNEASP encoding is done for multiclass task with:
	-custom
		-f1: 0.6398726141650254
		-auroc: 0.8852679817013402
	-resnet
		-f1: 0.7589688184434188
		-auroc: 0.9393174124870584
2026-06-17 00:33:53 - __main__ - INFO - WCYKMVHQFDGRLITNEASP encoding is done for multiclass task with:
	-custom
		-f1: 0.6199902516565832
		-auroc: 0.8798818841815059
	-resnet
		-f1: 0.778092668209078
		-auroc: 0.943565304798922
2026-06-17 00:39:40 - __main__ - INFO - WCYKMVHQFDGRLITNEASP encoding is done for multiclass task with:
	-custom
		-f1: 0.6400265264766105
		-auroc: 0.8853696477035735
	-resnet
		-f1: 0.7489541323457438
		-auroc: 0.9336745409517594
2026-06-17 00:45:35 - __main__ - INFO - WCYKMVHQFDGRLITNEASP encoding is done for multiclass task with:
	-custom
		-f1: 0.6529428169008327
		-auroc: 0.8875515141888564
	-resnet
		-f1: 0.7521521719669658
		-auroc: 0.9383007590427624
2026-06-17 00:51:29 - __main__ - INFO - WCYKMVHQFDGRLITNEASP encoding is done for multiclass task with:
	-custom
		-f1: 0.6502843534759362
		-auroc: 0.8889916489220537
	-resnet
		-f1: 0.7572437546200964
		-auroc: 0.9433261904394495
2026-06-17 00:57:24 - __main__ - INFO - WCYKMVHQFDGRLITNEASP encoding is done for multiclass task with:
	-custom
		-f1: 0.6326258740266416
		-auroc: 0.8826806934852381
	-resnet
		-f1: 0.7694910486443397
		-auroc: 0.940963865531344
2026-06-17 01:03:18 - __main__ - INFO - WCYKMVHQFDGRLITNEASP encoding is done for multiclass task with:
	-custom
		-f1: 0.6334270126949184
		-auroc: 0.882900483565043
	-resnet
		-f1: 0.7434957967469019
		-auroc: 0.9442513209723474
2026-06-17 01:09:11 - __main__ - INFO - WCYKMVHQFDGRLITNEASP encoding is done for multiclass task with:
	-custom
		-f1: 0.6323507642238659
		-auroc: 0.884991094415718
	-resnet
		-f1: 0.779275200316674
		-auroc: 0.9441002725400374
2026-06-17 01:15:09 - __main__ - INFO - WCYKMVHQFDGRLITNEASP encoding is done for multiclass task with:
	-custom
		-f1: 0.6330843985674726
		-auroc: 0.8820266157662895
	-resnet
		-f1: 0.7582341434535976
		-auroc: 0.9380985511739948
2026-06-17 01:21:06 - __main__ - INFO - WCYKMVHQFDGRLITNEASP encoding is done for multiclass task with:
	-custom
		-f1: 0.63421250994106
		-auroc: 0.8830794062617178
	-resnet
		-f1: 0.7415098865979073
		-auroc: 0.9419717064276731
2026-06-17 01:27:03 - __main__ - INFO - WCYKMVHQFDGRLITNEASP encoding is done for multiclass task with:
	-custom
		-f1: 0.6198324660560717
		-auroc: 0.8830793770047404
	-resnet
		-f1: 0.7646154676256048
		-auroc: 0.9382220458223942
2026-06-17 01:32:59 - __main__ - INFO - WCYKMVHQFDGRLITNEASP encoding is done for multiclass task with:
	-custom
		-f1: 0.6330850278493394
		-auroc: 0.8812416630123392
	-resnet
		-f1: 0.7614037439295626
		-auroc: 0.940194276173151
2026-06-17 01:38:57 - __main__ - INFO - WCYKMVHQFDGRLITNEASP encoding is done for multiclass task with:
	-custom
		-f1: 0.638657155924753
		-auroc: 0.8838300637732633
	-resnet
		-f1: 0.7672586572590837
		-auroc: 0.9464333322678306
2026-06-17 01:44:53 - __main__ - INFO - WCYKMVHQFDGRLITNEASP encoding is done for multiclass task with:
	-custom
		-f1: 0.626036761396646
		-auroc: 0.8803500358000615
	-resnet
		-f1: 0.7603104751802673
		-auroc: 0.9408774948491271
2026-06-17 01:50:49 - __main__ - INFO - WCYKMVHQFDGRLITNEASP encoding is done for multiclass task with:
	-custom
		-f1: 0.641248397850209
		-auroc: 0.8849858410707505
	-resnet
		-f1: 0.7503616541012379
		-auroc: 0.943936838119402
2026-06-17 01:56:46 - __main__ - INFO - WCYKMVHQFDGRLITNEASP encoding is done for multiclass task with:
	-custom
		-f1: 0.6379504938289696
		-auroc: 0.8881146673398337
	-resnet
		-f1: 0.7483156049171698
		-auroc: 0.9390052108115867
2026-06-17 02:02:42 - __main__ - INFO - WCYKMVHQFDGRLITNEASP encoding is done for multiclass task with:
	-custom
		-f1: 0.6141186867991685
		-auroc: 0.8798975271384363
	-resnet
		-f1: 0.7238291091667184
		-auroc: 0.9398891715685316
2026-06-17 02:08:38 - __main__ - INFO - WCYKMVHQFDGRLITNEASP encoding is done for multiclass task with:
	-custom
		-f1: 0.6382961265737366
		-auroc: 0.8839699283021906
	-resnet
		-f1: 0.7592944623750421
		-auroc: 0.9404654537050448
2026-06-17 02:14:32 - __main__ - INFO - WCYKMVHQFDGRLITNEASP encoding is done for multiclass task with:
	-custom
		-f1: 0.6361148216464858
		-auroc: 0.8826220913878841
	-resnet
		-f1: 0.7784503804674886
		-auroc: 0.9468726734029544
2026-06-17 02:20:28 - __main__ - INFO - WCYKMVHQFDGRLITNEASP encoding is done for multiclass task with:
	-custom
		-f1: 0.6386955211435283
		-auroc: 0.885892536629609
	-resnet
		-f1: 0.7673036798309907
		-auroc: 0.94216270978564
2026-06-17 02:26:26 - __main__ - INFO - WCYKMVHQFDGRLITNEASP encoding is done for multiclass task with:
	-custom
		-f1: 0.6329446206455664
		-auroc: 0.8850176760507491
	-resnet
		-f1: 0.7576614708595756
		-auroc: 0.9434370100701797
2026-06-17 02:32:23 - __main__ - INFO - WCYKMVHQFDGRLITNEASP encoding is done for multiclass task with:
	-custom
		-f1: 0.6367334477222573
		-auroc: 0.8872056920291689
	-resnet
		-f1: 0.7404258635334076
		-auroc: 0.9415646169023347
2026-06-17 02:38:23 - __main__ - INFO - WCYKMVHQFDGRLITNEASP encoding is done for multiclass task with:
	-custom
		-f1: 0.6167165914170295
		-auroc: 0.8785852583566408
	-resnet
		-f1: 0.7142306342407067
		-auroc: 0.9337217491288194
2026-06-17 02:44:22 - __main__ - INFO - WCYKMVHQFDGRLITNEASP encoding is done for multiclass task with:
	-custom
		-f1: 0.6474775806843345
		-auroc: 0.888161463724056
	-resnet
		-f1: 0.761128493649238
		-auroc: 0.9434422908790557
2026-06-17 02:50:14 - __main__ - INFO - WCYKMVHQFDGRLITNEASP encoding is done for multiclass task with:
	-custom
		-f1: 0.6563248211516901
		-auroc: 0.8900552136163306
	-resnet
		-f1: 0.760055773108024
		-auroc: 0.9450058895255318
2026-06-17 02:56:10 - __main__ - INFO - WCYKMVHQFDGRLITNEASP encoding is done for multiclass task with:
	-custom
		-f1: 0.6331554283849543
		-auroc: 0.8841913390179199
	-resnet
		-f1: 0.7417652870308982
		-auroc: 0.9381826330835104
2026-06-17 03:02:10 - __main__ - INFO - WCYKMVHQFDGRLITNEASP encoding is done for multiclass task with:
	-custom
		-f1: 0.613970098923564
		-auroc: 0.8765638555822403
	-resnet
		-f1: 0.7323115802131017
		-auroc: 0.936735556768515
2026-06-17 03:08:08 - __main__ - INFO - WCYKMVHQFDGRLITNEASP encoding is done for multiclass task with:
	-custom
		-f1: 0.6188719593394233
		-auroc: 0.8785029435764692
	-resnet
		-f1: 0.726536444295352
		-auroc: 0.9352648836843762
2026-06-17 03:13:53 - __main__ - INFO - WCYKMVHQFDGRLITNEASP encoding is done for multiclass task with:
	-custom
		-f1: 0.6356548376201702
		-auroc: 0.8868611830651142
	-resnet
		-f1: 0.7687321314638389
		-auroc: 0.9454696793824849
2026-06-17 03:19:49 - __main__ - INFO - WCYKMVHQFDGRLITNEASP encoding is done for multiclass task with:
	-custom
		-f1: 0.6280910639500287
		-auroc: 0.8821315085500606
	-resnet
		-f1: 0.7755128562688787
		-auroc: 0.9434050866033774
2026-06-17 03:25:44 - __main__ - INFO - WCYKMVHQFDGRLITNEASP encoding is done for multiclass task with:
	-custom
		-f1: 0.6438630448463531
		-auroc: 0.8856322885313181
	-resnet
		-f1: 0.7541522946930431
		-auroc: 0.9429682698541472
2026-06-17 03:31:43 - __main__ - INFO - WCYKMVHQFDGRLITNEASP encoding is done for multiclass task with:
	-custom
		-f1: 0.6410103490355638
		-auroc: 0.8854384615356764
	-resnet
		-f1: 0.7478015260096853
		-auroc: 0.9403354414598676
2026-06-17 03:37:38 - __main__ - INFO - WCYKMVHQFDGRLITNEASP encoding is done for multiclass task with:
	-custom
		-f1: 0.63894760579972
		-auroc: 0.8853651647540947
	-resnet
		-f1: 0.7649243719259815
		-auroc: 0.9440953682212303
2026-06-17 03:43:32 - __main__ - INFO - WCYKMVHQFDGRLITNEASP encoding is done for multiclass task with:
	-custom
		-f1: 0.6373112500101185
		-auroc: 0.8866983539066154
	-resnet
		-f1: 0.7372868913144288
		-auroc: 0.9391841993020368
2026-06-17 03:49:27 - __main__ - INFO - WCYKMVHQFDGRLITNEASP encoding is done for multiclass task with:
	-custom
		-f1: 0.6216800189642777
		-auroc: 0.8808696319985462
	-resnet
		-f1: 0.7875176351802902
		-auroc: 0.947388369827037
2026-06-17 03:55:17 - __main__ - INFO - WCYKMVHQFDGRLITNEASP encoding is done for multiclass task with:
	-custom
		-f1: 0.6331827863574171
		-auroc: 0.8824445271260153
	-resnet
		-f1: 0.7789171388048878
		-auroc: 0.9444770416476409
2026-06-17 04:01:11 - __main__ - INFO - WCYKMVHQFDGRLITNEASP encoding is done for multiclass task with:
	-custom
		-f1: 0.6441292584922159
		-auroc: 0.8836307123170327
	-resnet
		-f1: 0.7734148123772405
		-auroc: 0.9436351150325889
2026-06-17 04:07:03 - __main__ - INFO - WCYKMVHQFDGRLITNEASP encoding is done for multiclass task with:
	-custom
		-f1: 0.6230325173262379
		-auroc: 0.8801648658291732
	-resnet
		-f1: 0.771523200045318
		-auroc: 0.9443395534164646
2026-06-17 04:12:54 - __main__ - INFO - WCYKMVHQFDGRLITNEASP encoding is done for multiclass task with:
	-custom
		-f1: 0.639567694741078
		-auroc: 0.8844755368407728
	-resnet
		-f1: 0.7295545918806903
		-auroc: 0.9383971160726565
2026-06-17 04:19:01 - __main__ - INFO - WCYKMVHQFDGRLITNEASP encoding is done for multiclass task with:
	-custom
		-f1: 0.6391885469225768
		-auroc: 0.8837413868916981
	-resnet
		-f1: 0.7542853873732684
		-auroc: 0.9390363234186909
2026-06-17 04:24:50 - __main__ - INFO - WCYKMVHQFDGRLITNEASP encoding is done for multiclass task with:
	-custom
		-f1: 0.6318783635765186
		-auroc: 0.8826378683631446
	-resnet
		-f1: 0.7347106071115583
		-auroc: 0.938674155305231
2026-06-17 04:30:42 - __main__ - INFO - WCYKMVHQFDGRLITNEASP encoding is done for multiclass task with:
	-custom
		-f1: 0.6446365929609288
		-auroc: 0.8896061812387384
	-resnet
		-f1: 0.7688839580648931
		-auroc: 0.945367640061411
2026-06-17 04:36:33 - __main__ - INFO - WCYKMVHQFDGRLITNEASP encoding is done for multiclass task with:
	-custom
		-f1: 0.6351591726882067
		-auroc: 0.8837587284198228
	-resnet
		-f1: 0.7471307944791669
		-auroc: 0.9374810968313778
2026-06-17 04:42:22 - __main__ - INFO - WCYKMVHQFDGRLITNEASP encoding is done for multiclass task with:
	-custom
		-f1: 0.6179840096170892
		-auroc: 0.8793046971595171
	-resnet
		-f1: 0.7561380692162103
		-auroc: 0.9455520094556723
2026-06-17 04:48:13 - __main__ - INFO - WCYKMVHQFDGRLITNEASP encoding is done for multiclass task with:
	-custom
		-f1: 0.6391235535306048
		-auroc: 0.8840113469353026
	-resnet
		-f1: 0.7745434663945873
		-auroc: 0.9375139290556452
2026-06-17 04:54:04 - __main__ - INFO - WCYKMVHQFDGRLITNEASP encoding is done for multiclass task with:
	-custom
		-f1: 0.6505756264230859
		-auroc: 0.8884301196394242
	-resnet
		-f1: 0.7812867122388416
		-auroc: 0.948684581441336
2026-06-17 04:59:55 - __main__ - INFO - WCYKMVHQFDGRLITNEASP encoding is done for multiclass task with:
	-custom
		-f1: 0.6350419412597957
		-auroc: 0.8850450818761351
	-resnet
		-f1: 0.7634955876651941
		-auroc: 0.9420217373838818
2026-06-17 05:05:44 - __main__ - INFO - WCYKMVHQFDGRLITNEASP encoding is done for multiclass task with:
	-custom
		-f1: 0.639243591540548
		-auroc: 0.8873330451709656
	-resnet
		-f1: 0.7841661282966527
		-auroc: 0.9447198650165884
2026-06-17 05:11:33 - __main__ - INFO - WCYKMVHQFDGRLITNEASP encoding is done for multiclass task with:
	-custom
		-f1: 0.6351461269387961
		-auroc: 0.8864327767218494
	-resnet
		-f1: 0.7336878640835567
		-auroc: 0.9322193953490823
2026-06-17 05:17:22 - __main__ - INFO - WCYKMVHQFDGRLITNEASP encoding is done for multiclass task with:
	-custom
		-f1: 0.6527756201343409
		-auroc: 0.8907680893055481
	-resnet
		-f1: 0.7442936893417744
		-auroc: 0.9449542836975915
2026-06-17 05:23:13 - __main__ - INFO - WCYKMVHQFDGRLITNEASP encoding is done for multiclass task with:
	-custom
		-f1: 0.6059036320030573
		-auroc: 0.8746020003797298
	-resnet
		-f1: 0.663915679040822
		-auroc: 0.922531583317703
2026-06-17 05:29:03 - __main__ - INFO - WCYKMVHQFDGRLITNEASP encoding is done for multiclass task with:
	-custom
		-f1: 0.6317075302362678
		-auroc: 0.8853434980392653
	-resnet
		-f1: 0.7379795592266841
		-auroc: 0.9392965400679598
2026-06-17 05:34:55 - __main__ - INFO - WCYKMVHQFDGRLITNEASP encoding is done for multiclass task with:
	-custom
		-f1: 0.6240968796088542
		-auroc: 0.8818583419574345
	-resnet
		-f1: 0.7388825583807156
		-auroc: 0.9448952413713677
2026-06-17 05:40:46 - __main__ - INFO - WCYKMVHQFDGRLITNEASP encoding is done for multiclass task with:
	-custom
		-f1: 0.6245921321304518
		-auroc: 0.8823817454207893
	-resnet
		-f1: 0.75619550298302
		-auroc: 0.9409681512155167
2026-06-17 05:46:36 - __main__ - INFO - WCYKMVHQFDGRLITNEASP encoding is done for multiclass task with:
	-custom
		-f1: 0.6264619362274859
		-auroc: 0.8791371348122266
	-resnet
		-f1: 0.7727827649167895
		-auroc: 0.943597249255264
2026-06-17 05:52:28 - __main__ - INFO - WCYKMVHQFDGRLITNEASP encoding is done for multiclass task with:
	-custom
		-f1: 0.6203686423168291
		-auroc: 0.8817240561982546
	-resnet
		-f1: 0.7504760753855741
		-auroc: 0.9397472638970392
2026-06-17 05:58:20 - __main__ - INFO - WCYKMVHQFDGRLITNEASP encoding is done for multiclass task with:
	-custom
		-f1: 0.628791227601716
		-auroc: 0.8816033155950571
	-resnet
		-f1: 0.7567252470174967
		-auroc: 0.9413226515823971
2026-06-17 06:04:11 - __main__ - INFO - WCYKMVHQFDGRLITNEASP encoding is done for multiclass task with:
	-custom
		-f1: 0.6379321764906314
		-auroc: 0.8840325298089484
	-resnet
		-f1: 0.7584643525243924
		-auroc: 0.9386541690453015
2026-06-17 06:10:04 - __main__ - INFO - WCYKMVHQFDGRLITNEASP encoding is done for multiclass task with:
	-custom
		-f1: 0.636099475325204
		-auroc: 0.8847894087295012
	-resnet
		-f1: 0.7551906670594111
		-auroc: 0.9418472528675604
2026-06-17 06:15:52 - __main__ - INFO - WCYKMVHQFDGRLITNEASP encoding is done for multiclass task with:
	-custom
		-f1: 0.6305358330437996
		-auroc: 0.8841326701856206
	-resnet
		-f1: 0.777414786288745
		-auroc: 0.941859378269795
2026-06-17 06:21:43 - __main__ - INFO - WCYKMVHQFDGRLITNEASP encoding is done for multiclass task with:
	-custom
		-f1: 0.654065591303208
		-auroc: 0.8901263520895342
	-resnet
		-f1: 0.7195337122298914
		-auroc: 0.9329217212127077
2026-06-17 06:27:34 - __main__ - INFO - WCYKMVHQFDGRLITNEASP encoding is done for multiclass task with:
	-custom
		-f1: 0.6419631426850918
		-auroc: 0.8882359723708119
	-resnet
		-f1: 0.7530474398922589
		-auroc: 0.9436768762236076
2026-06-17 06:33:25 - __main__ - INFO - WCYKMVHQFDGRLITNEASP encoding is done for multiclass task with:
	-custom
		-f1: 0.6499818495519737
		-auroc: 0.8878971672267921
	-resnet
		-f1: 0.7787880556028118
		-auroc: 0.9483561212143476
2026-06-17 06:39:17 - __main__ - INFO - WCYKMVHQFDGRLITNEASP encoding is done for multiclass task with:
	-custom
		-f1: 0.6437258121481229
		-auroc: 0.8870155280146358
	-resnet
		-f1: 0.7762285353776802
		-auroc: 0.9507631116753992
2026-06-17 06:45:09 - __main__ - INFO - WCYKMVHQFDGRLITNEASP encoding is done for multiclass task with:
	-custom
		-f1: 0.627055188890548
		-auroc: 0.8798613434871584
	-resnet
		-f1: 0.7344095553009946
		-auroc: 0.9389123085862308
2026-06-17 06:50:59 - __main__ - INFO - WCYKMVHQFDGRLITNEASP encoding is done for multiclass task with:
	-custom
		-f1: 0.6258858314430531
		-auroc: 0.8813669739845787
	-resnet
		-f1: 0.7598772742068306
		-auroc: 0.9379327409870178
2026-06-17 06:56:51 - __main__ - INFO - WCYKMVHQFDGRLITNEASP encoding is done for multiclass task with:
	-custom
		-f1: 0.6557215232038616
		-auroc: 0.8900555216450531
	-resnet
		-f1: 0.7732581601411623
		-auroc: 0.9459544108995181
2026-06-17 07:02:42 - __main__ - INFO - WCYKMVHQFDGRLITNEASP encoding is done for multiclass task with:
	-custom
		-f1: 0.6255358337077884
		-auroc: 0.8811551973218119
	-resnet
		-f1: 0.7626824145221568
		-auroc: 0.9396339958415323
2026-06-17 07:08:35 - __main__ - INFO - WCYKMVHQFDGRLITNEASP encoding is done for multiclass task with:
	-custom
		-f1: 0.6105935064341279
		-auroc: 0.8766155159990218
	-resnet
		-f1: 0.7819250697354038
		-auroc: 0.9465239806727659
2026-06-17 07:14:27 - __main__ - INFO - WCYKMVHQFDGRLITNEASP encoding is done for multiclass task with:
	-custom
		-f1: 0.6253110526203096
		-auroc: 0.8792507329169534
	-resnet
		-f1: 0.734675241033108
		-auroc: 0.9394938244165557
2026-06-17 07:20:19 - __main__ - INFO - WCYKMVHQFDGRLITNEASP encoding is done for multiclass task with:
	-custom
		-f1: 0.6148025865021732
		-auroc: 0.8756844008663489
	-resnet
		-f1: 0.781836773120197
		-auroc: 0.9425193483440802
2026-06-17 07:26:10 - __main__ - INFO - WCYKMVHQFDGRLITNEASP encoding is done for multiclass task with:
	-custom
		-f1: 0.6238460019363529
		-auroc: 0.8841169662890234
	-resnet
		-f1: 0.6902462178525133
		-auroc: 0.9330392031965861
2026-06-17 07:31:59 - __main__ - INFO - WCYKMVHQFDGRLITNEASP encoding is done for multiclass task with:
	-custom
		-f1: 0.6364758463359481
		-auroc: 0.8861808778340492
	-resnet
		-f1: 0.7502131399269342
		-auroc: 0.9390892170514649
2026-06-17 07:37:52 - __main__ - INFO - WCYKMVHQFDGRLITNEASP encoding is done for multiclass task with:
	-custom
		-f1: 0.6563027545398514
		-auroc: 0.8899575199439986
	-resnet
		-f1: 0.7576972960288211
		-auroc: 0.9382433020817649
2026-06-17 07:43:44 - __main__ - INFO - WCYKMVHQFDGRLITNEASP encoding is done for multiclass task with:
	-custom
		-f1: 0.6107196528305038
		-auroc: 0.8764050302608861
	-resnet
		-f1: 0.7430785184788269
		-auroc: 0.9393155034698826
2026-06-17 07:49:34 - __main__ - INFO - WCYKMVHQFDGRLITNEASP encoding is done for multiclass task with:
	-custom
		-f1: 0.6454825122244963
		-auroc: 0.8885674899793667
	-resnet
		-f1: 0.7591422535703988
		-auroc: 0.9447669637689418
2026-06-17 07:55:19 - __main__ - INFO - WCYKMVHQFDGRLITNEASP encoding is done for multiclass task with:
	-custom
		-f1: 0.6234554186219701
		-auroc: 0.8796639737095797
	-resnet
		-f1: 0.7274301912875794
		-auroc: 0.9346678978809437
2026-06-17 08:01:13 - __main__ - INFO - WCYKMVHQFDGRLITNEASP encoding is done for multiclass task with:
	-custom
		-f1: 0.6048918232464926
		-auroc: 0.8719909956808325
	-resnet
		-f1: 0.7736603430832447
		-auroc: 0.9448057823976888
2026-06-17 08:07:02 - __main__ - INFO - WCYKMVHQFDGRLITNEASP encoding is done for multiclass task with:
	-custom
		-f1: 0.625947354855197
		-auroc: 0.8834927747564827
	-resnet
		-f1: 0.7723923797265774
		-auroc: 0.9402739167051358
2026-06-17 08:12:51 - __main__ - INFO - WCYKMVHQFDGRLITNEASP encoding is done for multiclass task with:
	-custom
		-f1: 0.6454390750697311
		-auroc: 0.887810079386061
	-resnet
		-f1: 0.7570737258419544
		-auroc: 0.9433215970173542
2026-06-17 08:18:45 - __main__ - INFO - WCYKMVHQFDGRLITNEASP encoding is done for multiclass task with:
	-custom
		-f1: 0.654572155574486
		-auroc: 0.8878757397617271
	-resnet
		-f1: 0.7726302426056142
		-auroc: 0.9422997808233614
2026-06-17 08:24:39 - __main__ - INFO - WCYKMVHQFDGRLITNEASP encoding is done for multiclass task with:
	-custom
		-f1: 0.6467494040845871
		-auroc: 0.8898413521363089
	-resnet
		-f1: 0.7366645579322445
		-auroc: 0.9417069910957441
2026-06-17 08:30:30 - __main__ - INFO - WCYKMVHQFDGRLITNEASP encoding is done for multiclass task with:
	-custom
		-f1: 0.6421634931660879
		-auroc: 0.8870670646123273
	-resnet
		-f1: 0.7806167840834046
		-auroc: 0.9481987428661002
2026-06-17 08:36:23 - __main__ - INFO - WCYKMVHQFDGRLITNEASP encoding is done for multiclass task with:
	-custom
		-f1: 0.635537969383845
		-auroc: 0.8841631241512511
	-resnet
		-f1: 0.7254112031252078
		-auroc: 0.9308493564876515
2026-06-17 08:42:14 - __main__ - INFO - WCYKMVHQFDGRLITNEASP encoding is done for multiclass task with:
	-custom
		-f1: 0.6213891297168683
		-auroc: 0.8814836299513178
	-resnet
		-f1: 0.7600712684959381
		-auroc: 0.9422333997361176
2026-06-17 08:48:04 - __main__ - INFO - WCYKMVHQFDGRLITNEASP encoding is done for multiclass task with:
	-custom
		-f1: 0.6268596610071716
		-auroc: 0.8852516909587338
	-resnet
		-f1: 0.7581349942375789
		-auroc: 0.9374437736050509
2026-06-17 08:53:58 - __main__ - INFO - WCYKMVHQFDGRLITNEASP encoding is done for multiclass task with:
	-custom
		-f1: 0.6309276548590061
		-auroc: 0.8858493869801901
	-resnet
		-f1: 0.748285116655485
		-auroc: 0.9389616248055482
2026-06-17 08:59:51 - __main__ - INFO - WCYKMVHQFDGRLITNEASP encoding is done for multiclass task with:
	-custom
		-f1: 0.6390679614655318
		-auroc: 0.8863795799342201
	-resnet
		-f1: 0.7563849544426862
		-auroc: 0.9424378045474405
2026-06-17 09:05:42 - __main__ - INFO - WCYKMVHQFDGRLITNEASP encoding is done for multiclass task with:
	-custom
		-f1: 0.6386810222811066
		-auroc: 0.8851212491801528
	-resnet
		-f1: 0.7663605491744025
		-auroc: 0.9436121739523973
2026-06-17 09:11:35 - __main__ - INFO - WCYKMVHQFDGRLITNEASP encoding is done for multiclass task with:
	-custom
		-f1: 0.6243235976203182
		-auroc: 0.8800482611357342
	-resnet
		-f1: 0.7407353958607565
		-auroc: 0.9419313878355642
2026-06-17 09:17:29 - __main__ - INFO - WCYKMVHQFDGRLITNEASP encoding is done for multiclass task with:
	-custom
		-f1: 0.6430530376105132
		-auroc: 0.8874695321116294
	-resnet
		-f1: 0.7651097194169426
		-auroc: 0.9466339890094492
2026-06-17 09:23:20 - __main__ - INFO - WCYKMVHQFDGRLITNEASP encoding is done for multiclass task with:
	-custom
		-f1: 0.6240310382817866
		-auroc: 0.8806266192442079
	-resnet
		-f1: 0.7182545526234623
		-auroc: 0.9334670893822767
2026-06-17 09:29:09 - __main__ - INFO - WCYKMVHQFDGRLITNEASP encoding is done for multiclass task with:
	-custom
		-f1: 0.6398935205713394
		-auroc: 0.8861740039089696
	-resnet
		-f1: 0.7337983622063892
		-auroc: 0.9420277510130308
2026-06-17 09:35:12 - __main__ - INFO - WCYKMVHQFDGRLITNEASP encoding is done for multiclass task with:
	-custom
		-f1: 0.641386963799083
		-auroc: 0.8853533739285344
	-resnet
		-f1: 0.7806219828478536
		-auroc: 0.9408315798064152
2026-06-17 09:41:04 - __main__ - INFO - WCYKMVHQFDGRLITNEASP encoding is done for multiclass task with:
	-custom
		-f1: 0.6538662110418734
		-auroc: 0.889220654207484
	-resnet
		-f1: 0.7852564952002946
		-auroc: 0.9480273849179518
2026-06-17 09:46:57 - __main__ - INFO - WCYKMVHQFDGRLITNEASP encoding is done for multiclass task with:
	-custom
		-f1: 0.6373671639275681
		-auroc: 0.8870922104026061
	-resnet
		-f1: 0.7649859963660155
		-auroc: 0.9427252718206113
2026-06-17 09:52:48 - __main__ - INFO - WCYKMVHQFDGRLITNEASP encoding is done for multiclass task with:
	-custom
		-f1: 0.6385229296610476
		-auroc: 0.8844924838099715
	-resnet
		-f1: 0.7608075393193774
		-auroc: 0.9435304438112068
2026-06-17 09:58:40 - __main__ - INFO - WCYKMVHQFDGRLITNEASP encoding is done for multiclass task with:
	-custom
		-f1: 0.624996813910155
		-auroc: 0.8813795024962893
	-resnet
		-f1: 0.7537205061568537
		-auroc: 0.9443284928364326
2026-06-17 10:04:29 - __main__ - INFO - WCYKMVHQFDGRLITNEASP encoding is done for multiclass task with:
	-custom
		-f1: 0.633814314927256
		-auroc: 0.8857713542592369
	-resnet
		-f1: 0.7478777652096186
		-auroc: 0.9402832852283595
2026-06-17 10:10:19 - __main__ - INFO - WCYKMVHQFDGRLITNEASP encoding is done for multiclass task with:
	-custom
		-f1: 0.6460238980678191
		-auroc: 0.8898509185092079
	-resnet
		-f1: 0.7578434941263447
		-auroc: 0.9402832424224739
2026-06-17 10:16:13 - __main__ - INFO - WCYKMVHQFDGRLITNEASP encoding is done for multiclass task with:
	-custom
		-f1: 0.6411140223181647
		-auroc: 0.8840627264532401
	-resnet
		-f1: 0.7746911130378686
		-auroc: 0.9451110503458036
2026-06-17 10:22:08 - __main__ - INFO - WCYKMVHQFDGRLITNEASP encoding is done for multiclass task with:
	-custom
		-f1: 0.6441024955991147
		-auroc: 0.8886926371353828
	-resnet
		-f1: 0.7582279091541528
		-auroc: 0.9438044935050275
2026-06-17 10:27:59 - __main__ - INFO - WCYKMVHQFDGRLITNEASP encoding is done for multiclass task with:
	-custom
		-f1: 0.6350913324941774
		-auroc: 0.8850050643541639
	-resnet
		-f1: 0.7382332102228111
		-auroc: 0.9398444415958356
2026-06-17 10:34:04 - __main__ - INFO - WCYKMVHQFDGRLITNEASP encoding is done for multiclass task with:
	-custom
		-f1: 0.6264862752399262
		-auroc: 0.8803945036357781
	-resnet
		-f1: 0.7511193940482038
		-auroc: 0.9384147200214198
2026-06-17 10:39:58 - __main__ - INFO - WCYKMVHQFDGRLITNEASP encoding is done for multiclass task with:
	-custom
		-f1: 0.6389928231584322
		-auroc: 0.8872672561240359
	-resnet
		-f1: 0.7108537693170865
		-auroc: 0.9366715716164059
2026-06-17 10:45:53 - __main__ - INFO - WCYKMVHQFDGRLITNEASP encoding is done for multiclass task with:
	-custom
		-f1: 0.6331558267893805
		-auroc: 0.8827850726495459
	-resnet
		-f1: 0.7598988860811315
		-auroc: 0.9435097789085007
2026-06-17 10:51:45 - __main__ - INFO - WCYKMVHQFDGRLITNEASP encoding is done for multiclass task with:
	-custom
		-f1: 0.6363411981922364
		-auroc: 0.8846599030496373
	-resnet
		-f1: 0.7654597445147525
		-auroc: 0.94357332603371
2026-06-17 10:57:48 - __main__ - INFO - WCYKMVHQFDGRLITNEASP encoding is done for multiclass task with:
	-custom
		-f1: 0.643527709217191
		-auroc: 0.8876477629400045
	-resnet
		-f1: 0.7479430899720396
		-auroc: 0.9402172479734062
2026-06-17 11:03:43 - __main__ - INFO - WCYKMVHQFDGRLITNEASP encoding is done for multiclass task with:
	-custom
		-f1: 0.6271154496877969
		-auroc: 0.881631974219806
	-resnet
		-f1: 0.7486901829877091
		-auroc: 0.9422029933549092
2026-06-17 11:09:38 - __main__ - INFO - WCYKMVHQFDGRLITNEASP encoding is done for multiclass task with:
	-custom
		-f1: 0.6505843863264794
		-auroc: 0.8879021300784757
	-resnet
		-f1: 0.763602452047475
		-auroc: 0.943794028440841
2026-06-17 11:15:37 - __main__ - INFO - WCYKMVHQFDGRLITNEASP encoding is done for multiclass task with:
	-custom
		-f1: 0.6278776888482275
		-auroc: 0.8850144901173733
	-resnet
		-f1: 0.7676044200352428
		-auroc: 0.9425951656066293
2026-06-17 11:21:33 - __main__ - INFO - WCYKMVHQFDGRLITNEASP encoding is done for multiclass task with:
	-custom
		-f1: 0.6187856529157377
		-auroc: 0.8784537723579394
	-resnet
		-f1: 0.7397066726026956
		-auroc: 0.9394598247188786
2026-06-17 11:27:37 - __main__ - INFO - WCYKMVHQFDGRLITNEASP encoding is done for multiclass task with:
	-custom
		-f1: 0.6413844054405818
		-auroc: 0.8856119968823611
	-resnet
		-f1: 0.7285140852371008
		-auroc: 0.9380265263063666
2026-06-17 11:33:31 - __main__ - INFO - WCYKMVHQFDGRLITNEASP encoding is done for multiclass task with:
	-custom
		-f1: 0.6125638033182336
		-auroc: 0.875067191381028
	-resnet
		-f1: 0.7220179820101033
		-auroc: 0.9312852157142579
2026-06-17 11:39:25 - __main__ - INFO - WCYKMVHQFDGRLITNEASP encoding is done for multiclass task with:
	-custom
		-f1: 0.6302507553351956
		-auroc: 0.8843829580086349
	-resnet
		-f1: 0.7234173468265291
		-auroc: 0.9407708235115972
2026-06-17 11:45:21 - __main__ - INFO - WCYKMVHQFDGRLITNEASP encoding is done for multiclass task with:
	-custom
		-f1: 0.6305510002550806
		-auroc: 0.8856848165664835
	-resnet
		-f1: 0.7659585041959389
		-auroc: 0.9436061251008588
2026-06-17 11:51:10 - __main__ - INFO - WCYKMVHQFDGRLITNEASP encoding is done for multiclass task with:
	-custom
		-f1: 0.6270363656144726
		-auroc: 0.8809845866792043
	-resnet
		-f1: 0.761328472416214
		-auroc: 0.9436028020749827
2026-06-17 11:57:04 - __main__ - INFO - WCYKMVHQFDGRLITNEASP encoding is done for multiclass task with:
	-custom
		-f1: 0.6441292727193809
		-auroc: 0.8864632986756587
	-resnet
		-f1: 0.7776733638225348
		-auroc: 0.9450116414082853
2026-06-17 12:02:56 - __main__ - INFO - WCYKMVHQFDGRLITNEASP encoding is done for multiclass task with:
	-custom
		-f1: 0.6383913648690573
		-auroc: 0.8854271548397132
	-resnet
		-f1: 0.700236787053715
		-auroc: 0.9322141215585468
2026-06-17 12:08:44 - __main__ - INFO - WCYKMVHQFDGRLITNEASP encoding is done for multiclass task with:
	-custom
		-f1: 0.6415505140948243
		-auroc: 0.8829939652112128
	-resnet
		-f1: 0.7338845715409854
		-auroc: 0.9337639566912012
2026-06-17 12:14:33 - __main__ - INFO - WCYKMVHQFDGRLITNEASP encoding is done for multiclass task with:
	-custom
		-f1: 0.6415318382161437
		-auroc: 0.8837188012173959
	-resnet
		-f1: 0.784279160737305
		-auroc: 0.9450344676611518
2026-06-17 12:20:23 - __main__ - INFO - WCYKMVHQFDGRLITNEASP encoding is done for multiclass task with:
	-custom
		-f1: 0.6425449223112305
		-auroc: 0.8887619356255982
	-resnet
		-f1: 0.7727651942868761
		-auroc: 0.9480550811069085
2026-06-17 12:26:10 - __main__ - INFO - WCYKMVHQFDGRLITNEASP encoding is done for multiclass task with:
	-custom
		-f1: 0.6508528257960468
		-auroc: 0.8897474013108028
	-resnet
		-f1: 0.7715640696783799
		-auroc: 0.9454049030985207
2026-06-17 12:32:02 - __main__ - INFO - WCYKMVHQFDGRLITNEASP encoding is done for multiclass task with:
	-custom
		-f1: 0.6461647936261559
		-auroc: 0.8877914232743533
	-resnet
		-f1: 0.7589848924536045
		-auroc: 0.9411396268327701
2026-06-17 12:37:56 - __main__ - INFO - WCYKMVHQFDGRLITNEASP encoding is done for multiclass task with:
	-custom
		-f1: 0.6329548294738819
		-auroc: 0.8874119111574641
	-resnet
		-f1: 0.7705690366007071
		-auroc: 0.9478601884619872
2026-06-17 12:43:46 - __main__ - INFO - WCYKMVHQFDGRLITNEASP encoding is done for multiclass task with:
	-custom
		-f1: 0.6428463732447384
		-auroc: 0.8898109310578042
	-resnet
		-f1: 0.7692456607542819
		-auroc: 0.9432742800581974
2026-06-17 12:49:38 - __main__ - INFO - WCYKMVHQFDGRLITNEASP encoding is done for multiclass task with:
	-custom
		-f1: 0.6265608869817557
		-auroc: 0.881772922756241
	-resnet
		-f1: 0.7564775587355553
		-auroc: 0.9416111261805742
2026-06-17 12:55:32 - __main__ - INFO - WCYKMVHQFDGRLITNEASP encoding is done for multiclass task with:
	-custom
		-f1: 0.6357739370523937
		-auroc: 0.8881068064776565
	-resnet
		-f1: 0.7768205435532642
		-auroc: 0.9429977588691416
2026-06-17 13:01:24 - __main__ - INFO - WCYKMVHQFDGRLITNEASP encoding is done for multiclass task with:
	-custom
		-f1: 0.6429265455471922
		-auroc: 0.8854020958024635
	-resnet
		-f1: 0.7453359555913938
		-auroc: 0.9408037098329819
2026-06-17 13:07:19 - __main__ - INFO - WCYKMVHQFDGRLITNEASP encoding is done for multiclass task with:
	-custom
		-f1: 0.6278438547875788
		-auroc: 0.8818848688642611
	-resnet
		-f1: 0.7238639839645961
		-auroc: 0.9409768160814181
2026-06-17 13:13:17 - __main__ - INFO - WCYKMVHQFDGRLITNEASP encoding is done for multiclass task with:
	-custom
		-f1: 0.632478802516878
		-auroc: 0.8862913718457364
	-resnet
		-f1: 0.7351018361910093
		-auroc: 0.9399734483292315
2026-06-17 13:19:12 - __main__ - INFO - WCYKMVHQFDGRLITNEASP encoding is done for multiclass task with:
	-custom
		-f1: 0.6513647700290642
		-auroc: 0.8903469657826824
	-resnet
		-f1: 0.7639741764451383
		-auroc: 0.9422080837139983
2026-06-17 13:25:04 - __main__ - INFO - WCYKMVHQFDGRLITNEASP encoding is done for multiclass task with:
	-custom
		-f1: 0.6371394455829003
		-auroc: 0.88521249485122
	-resnet
		-f1: 0.7569780092986133
		-auroc: 0.9399589254414507
2026-06-17 13:30:58 - __main__ - INFO - WCYKMVHQFDGRLITNEASP encoding is done for multiclass task with:
	-custom
		-f1: 0.6289818679355099
		-auroc: 0.8823537154760144
	-resnet
		-f1: 0.7702222310331653
		-auroc: 0.9416254936153658
2026-06-17 13:36:49 - __main__ - INFO - WCYKMVHQFDGRLITNEASP encoding is done for multiclass task with:
	-custom
		-f1: 0.6250493748638086
		-auroc: 0.8806149450205719
	-resnet
		-f1: 0.7703506093420979
		-auroc: 0.9415904920214271
2026-06-17 13:42:51 - __main__ - INFO - WCYKMVHQFDGRLITNEASP encoding is done for multiclass task with:
	-custom
		-f1: 0.6092172178465085
		-auroc: 0.8763928542028543
	-resnet
		-f1: 0.7492209431847925
		-auroc: 0.938848449419506
2026-06-17 13:48:42 - __main__ - INFO - WCYKMVHQFDGRLITNEASP encoding is done for multiclass task with:
	-custom
		-f1: 0.6139217235204387
		-auroc: 0.8788427025970778
	-resnet
		-f1: 0.7414161730833841
		-auroc: 0.9418772724329967
2026-06-17 13:54:36 - __main__ - INFO - WCYKMVHQFDGRLITNEASP encoding is done for multiclass task with:
	-custom
		-f1: 0.6343079417128635
		-auroc: 0.8833977970267887
	-resnet
		-f1: 0.7459592028615074
		-auroc: 0.9399776446602015
2026-06-17 14:00:31 - __main__ - INFO - WCYKMVHQFDGRLITNEASP encoding is done for multiclass task with:
	-custom
		-f1: 0.6188722730622291
		-auroc: 0.8816990399606661
	-resnet
		-f1: 0.728426087373246
		-auroc: 0.938309053975454
2026-06-17 14:06:20 - __main__ - INFO - WCYKMVHQFDGRLITNEASP encoding is done for multiclass task with:
	-custom
		-f1: 0.6426772771878035
		-auroc: 0.8861745559630748
	-resnet
		-f1: 0.7267534056918655
		-auroc: 0.9403536753526961
2026-06-17 14:12:13 - __main__ - INFO - WCYKMVHQFDGRLITNEASP encoding is done for multiclass task with:
	-custom
		-f1: 0.6237223559881327
		-auroc: 0.8811045183699553
	-resnet
		-f1: 0.7759997493348605
		-auroc: 0.9424915735204176
2026-06-17 14:18:06 - __main__ - INFO - WCYKMVHQFDGRLITNEASP encoding is done for multiclass task with:
	-custom
		-f1: 0.6264199851720591
		-auroc: 0.8813899355241228
	-resnet
		-f1: 0.7565079458807742
		-auroc: 0.9408817056592523
2026-06-17 14:23:56 - __main__ - INFO - WCYKMVHQFDGRLITNEASP encoding is done for multiclass task with:
	-custom
		-f1: 0.6277195553821755
		-auroc: 0.8824814787783307
	-resnet
		-f1: 0.7859635962741074
		-auroc: 0.9443566329494848
2026-06-17 14:29:50 - __main__ - INFO - WCYKMVHQFDGRLITNEASP encoding is done for multiclass task with:
	-custom
		-f1: 0.6424538033520947
		-auroc: 0.8862164590442235
	-resnet
		-f1: 0.7681419401857374
		-auroc: 0.9428258230635043
2026-06-17 14:35:42 - __main__ - INFO - WCYKMVHQFDGRLITNEASP encoding is done for multiclass task with:
	-custom
		-f1: 0.6360051891418326
		-auroc: 0.8828548535477585
	-resnet
		-f1: 0.7650469434208791
		-auroc: 0.939698918607949
2026-06-17 14:41:35 - __main__ - INFO - WCYKMVHQFDGRLITNEASP encoding is done for multiclass task with:
	-custom
		-f1: 0.6353682460207489
		-auroc: 0.8859617414193399
	-resnet
		-f1: 0.7482318063790406
		-auroc: 0.9416815286772863
2026-06-17 14:47:28 - __main__ - INFO - WCYKMVHQFDGRLITNEASP encoding is done for multiclass task with:
	-custom
		-f1: 0.626383604322476
		-auroc: 0.8815008067452862
	-resnet
		-f1: 0.7625994749521517
		-auroc: 0.9398326606841657
2026-06-17 14:53:23 - __main__ - INFO - WCYKMVHQFDGRLITNEASP encoding is done for multiclass task with:
	-custom
		-f1: 0.6425000043169431
		-auroc: 0.8876388223831825
	-resnet
		-f1: 0.7508763293093859
		-auroc: 0.9396895075708473
2026-06-17 14:59:14 - __main__ - INFO - WCYKMVHQFDGRLITNEASP encoding is done for multiclass task with:
	-custom
		-f1: 0.613128393308687
		-auroc: 0.8746148891721978
	-resnet
		-f1: 0.7774989339745284
		-auroc: 0.9441178617468221
2026-06-17 15:05:05 - __main__ - INFO - WCYKMVHQFDGRLITNEASP encoding is done for multiclass task with:
	-custom
		-f1: 0.6366780668207944
		-auroc: 0.8846045649302112
	-resnet
		-f1: 0.7078570515975854
		-auroc: 0.9277067339963885
2026-06-17 15:10:59 - __main__ - INFO - WCYKMVHQFDGRLITNEASP encoding is done for multiclass task with:
	-custom
		-f1: 0.6380924046336117
		-auroc: 0.8821487647956967
	-resnet
		-f1: 0.703420078693618
		-auroc: 0.9352663132990806
2026-06-17 15:16:51 - __main__ - INFO - WCYKMVHQFDGRLITNEASP encoding is done for multiclass task with:
	-custom
		-f1: 0.637288220906681
		-auroc: 0.8855068623904987
	-resnet
		-f1: 0.7637173139855771
		-auroc: 0.9407828424184814
2026-06-17 15:22:42 - __main__ - INFO - WCYKMVHQFDGRLITNEASP encoding is done for multiclass task with:
	-custom
		-f1: 0.6344151500668753
		-auroc: 0.8834698831751447
	-resnet
		-f1: 0.765845604567762
		-auroc: 0.9407727486221177
2026-06-17 15:28:34 - __main__ - INFO - WCYKMVHQFDGRLITNEASP encoding is done for multiclass task with:
	-custom
		-f1: 0.6168143901553094
		-auroc: 0.8788541388378043
	-resnet
		-f1: 0.7527389249018225
		-auroc: 0.9421643163205884
2026-06-17 15:34:27 - __main__ - INFO - WCYKMVHQFDGRLITNEASP encoding is done for multiclass task with:
	-custom
		-f1: 0.6230549573626247
		-auroc: 0.8824163300805765
	-resnet
		-f1: 0.759702668992653
		-auroc: 0.9425847591116657
2026-06-17 15:40:21 - __main__ - INFO - WCYKMVHQFDGRLITNEASP encoding is done for multiclass task with:
	-custom
		-f1: 0.6280672392613564
		-auroc: 0.8830508531805734
	-resnet
		-f1: 0.7795205707223961
		-auroc: 0.9435403656377458
2026-06-17 15:46:12 - __main__ - INFO - WCYKMVHQFDGRLITNEASP encoding is done for multiclass task with:
	-custom
		-f1: 0.6490534836932056
		-auroc: 0.8903331764039933
	-resnet
		-f1: 0.7659178890536762
		-auroc: 0.9418274034285637
2026-06-17 15:52:07 - __main__ - INFO - WCYKMVHQFDGRLITNEASP encoding is done for multiclass task with:
	-custom
		-f1: 0.633276613831638
		-auroc: 0.8828842595257866
	-resnet
		-f1: 0.7648939636264631
		-auroc: 0.9450115301531614
2026-06-17 15:57:59 - __main__ - INFO - WCYKMVHQFDGRLITNEASP encoding is done for multiclass task with:
	-custom
		-f1: 0.613374606615127
		-auroc: 0.881847547220465
	-resnet
		-f1: 0.7157157355637664
		-auroc: 0.941056675583132
2026-06-17 16:03:52 - __main__ - INFO - WCYKMVHQFDGRLITNEASP encoding is done for multiclass task with:
	-custom
		-f1: 0.6500459971752042
		-auroc: 0.8881726976827766
	-resnet
		-f1: 0.7630169916461262
		-auroc: 0.940723049111447
2026-06-17 16:09:41 - __main__ - INFO - WCYKMVHQFDGRLITNEASP encoding is done for multiclass task with:
	-custom
		-f1: 0.6319068294796514
		-auroc: 0.8811881928206358
	-resnet
		-f1: 0.7623062947505498
		-auroc: 0.9362014852416388
2026-06-17 16:15:32 - __main__ - INFO - WCYKMVHQFDGRLITNEASP encoding is done for multiclass task with:
	-custom
		-f1: 0.6381263017524936
		-auroc: 0.883942857171909
	-resnet
		-f1: 0.7744383751335209
		-auroc: 0.9456670688595533
2026-06-17 16:21:21 - __main__ - INFO - WCYKMVHQFDGRLITNEASP encoding is done for multiclass task with:
	-custom
		-f1: 0.6390689003632181
		-auroc: 0.8838636512413881
	-resnet
		-f1: 0.7257014656104736
		-auroc: 0.9361472182697238
2026-06-17 16:27:08 - __main__ - INFO - WCYKMVHQFDGRLITNEASP encoding is done for multiclass task with:
	-custom
		-f1: 0.61133985102705
		-auroc: 0.8788597196139344
	-resnet
		-f1: 0.7119963276192144
		-auroc: 0.9351063638765769
2026-06-17 16:33:02 - __main__ - INFO - WCYKMVHQFDGRLITNEASP encoding is done for multiclass task with:
	-custom
		-f1: 0.6471304486098266
		-auroc: 0.8861446344845166
	-resnet
		-f1: 0.7679571317645907
		-auroc: 0.9427721267839914
2026-06-17 16:38:51 - __main__ - INFO - WCYKMVHQFDGRLITNEASP encoding is done for multiclass task with:
	-custom
		-f1: 0.650407485100323
		-auroc: 0.89134205031779
	-resnet
		-f1: 0.7198792210159275
		-auroc: 0.9370739234163192
2026-06-17 16:44:43 - __main__ - INFO - WCYKMVHQFDGRLITNEASP encoding is done for multiclass task with:
	-custom
		-f1: 0.6362271861165525
		-auroc: 0.8846454305218996
	-resnet
		-f1: 0.7543558070682008
		-auroc: 0.9441715902414973
2026-06-17 16:50:34 - __main__ - INFO - WCYKMVHQFDGRLITNEASP encoding is done for multiclass task with:
	-custom
		-f1: 0.6396134807455778
		-auroc: 0.887293904465548
	-resnet
		-f1: 0.7811039770343979
		-auroc: 0.944174880066155
2026-06-17 16:56:24 - __main__ - INFO - WCYKMVHQFDGRLITNEASP encoding is done for multiclass task with:
	-custom
		-f1: 0.6294013974663443
		-auroc: 0.882998904797485
	-resnet
		-f1: 0.7729220043774467
		-auroc: 0.9428586293256507
2026-06-17 17:02:15 - __main__ - INFO - WCYKMVHQFDGRLITNEASP encoding is done for multiclass task with:
	-custom
		-f1: 0.6375458481619342
		-auroc: 0.8827638742560451
	-resnet
		-f1: 0.7435342306925459
		-auroc: 0.9421089685680627
2026-06-17 17:08:03 - __main__ - INFO - WCYKMVHQFDGRLITNEASP encoding is done for multiclass task with:
	-custom
		-f1: 0.6242895477833018
		-auroc: 0.8798500458887354
	-resnet
		-f1: 0.7496970399097317
		-auroc: 0.9411887148506134
2026-06-17 17:13:52 - __main__ - INFO - WCYKMVHQFDGRLITNEASP encoding is done for multiclass task with:
	-custom
		-f1: 0.6442394305900498
		-auroc: 0.8880012795848475
	-resnet
		-f1: 0.742285435539636
		-auroc: 0.9329314809850648
2026-06-17 17:19:43 - __main__ - INFO - WCYKMVHQFDGRLITNEASP encoding is done for multiclass task with:
	-custom
		-f1: 0.6328214071569677
		-auroc: 0.8850269927177805
	-resnet
		-f1: 0.7054166512829146
		-auroc: 0.9298568164644682
2026-06-17 17:25:34 - __main__ - INFO - WCYKMVHQFDGRLITNEASP encoding is done for multiclass task with:
	-custom
		-f1: 0.6276496363233415
		-auroc: 0.8809668756230419
	-resnet
		-f1: 0.7607285840941467
		-auroc: 0.9432062064094311
2026-06-17 17:31:24 - __main__ - INFO - WCYKMVHQFDGRLITNEASP encoding is done for multiclass task with:
	-custom
		-f1: 0.630860469226094
		-auroc: 0.8836359811956106
	-resnet
		-f1: 0.7258548819158052
		-auroc: 0.940068873429642
2026-06-17 17:37:16 - __main__ - INFO - WCYKMVHQFDGRLITNEASP encoding is done for multiclass task with:
	-custom
		-f1: 0.6314001571729527
		-auroc: 0.887265626541683
	-resnet
		-f1: 0.7694912447782148
		-auroc: 0.9451085309067719
2026-06-17 17:43:04 - __main__ - INFO - WCYKMVHQFDGRLITNEASP encoding is done for multiclass task with:
	-custom
		-f1: 0.6198222793956244
		-auroc: 0.880578683487468
	-resnet
		-f1: 0.7637654805606424
		-auroc: 0.9454911071576826
2026-06-17 17:48:54 - __main__ - INFO - WCYKMVHQFDGRLITNEASP encoding is done for multiclass task with:
	-custom
		-f1: 0.616332410855616
		-auroc: 0.8791312587667617
	-resnet
		-f1: 0.7503891150308875
		-auroc: 0.9415637982164737
2026-06-17 17:54:43 - __main__ - INFO - WCYKMVHQFDGRLITNEASP encoding is done for multiclass task with:
	-custom
		-f1: 0.6449355773742411
		-auroc: 0.8887527267073387
	-resnet
		-f1: 0.7727737566676958
		-auroc: 0.9459312122123634
2026-06-17 18:00:33 - __main__ - INFO - WCYKMVHQFDGRLITNEASP encoding is done for multiclass task with:
	-custom
		-f1: 0.6275627629514244
		-auroc: 0.8820480288492787
	-resnet
		-f1: 0.7562805192351885
		-auroc: 0.9416026656519868
2026-06-17 18:06:24 - __main__ - INFO - WCYKMVHQFDGRLITNEASP encoding is done for multiclass task with:
	-custom
		-f1: 0.6316416361024513
		-auroc: 0.8816285918738804
	-resnet
		-f1: 0.781092511937457
		-auroc: 0.9437622892493598
2026-06-17 18:12:17 - __main__ - INFO - WCYKMVHQFDGRLITNEASP encoding is done for multiclass task with:
	-custom
		-f1: 0.6406607518166973
		-auroc: 0.8843460995675592
	-resnet
		-f1: 0.7409168220896793
		-auroc: 0.938779351184932
2026-06-17 18:18:06 - __main__ - INFO - WCYKMVHQFDGRLITNEASP encoding is done for multiclass task with:
	-custom
		-f1: 0.645566296683269
		-auroc: 0.8844103929284636
	-resnet
		-f1: 0.7009561159093355
		-auroc: 0.9359672644487356
2026-06-17 18:23:59 - __main__ - INFO - WCYKMVHQFDGRLITNEASP encoding is done for multiclass task with:
	-custom
		-f1: 0.616502634687943
		-auroc: 0.8781329039409513
	-resnet
		-f1: 0.7455351982753702
		-auroc: 0.940743927258989
2026-06-17 18:29:49 - __main__ - INFO - WCYKMVHQFDGRLITNEASP encoding is done for multiclass task with:
	-custom
		-f1: 0.6465752194438068
		-auroc: 0.8862098601625321
	-resnet
		-f1: 0.7808529775686852
		-auroc: 0.946475185470882
2026-06-17 18:35:42 - __main__ - INFO - WCYKMVHQFDGRLITNEASP encoding is done for multiclass task with:
	-custom
		-f1: 0.6325380315850572
		-auroc: 0.8833167918951614
	-resnet
		-f1: 0.7396814984362357
		-auroc: 0.9376887507299265
2026-06-17 18:41:35 - __main__ - INFO - WCYKMVHQFDGRLITNEASP encoding is done for multiclass task with:
	-custom
		-f1: 0.6343025287773685
		-auroc: 0.8846510189705665
	-resnet
		-f1: 0.6894682348250265
		-auroc: 0.93515614584125
2026-06-17 18:47:28 - __main__ - INFO - WCYKMVHQFDGRLITNEASP encoding is done for multiclass task with:
	-custom
		-f1: 0.6073143948369161
		-auroc: 0.8760117230768147
	-resnet
		-f1: 0.7737151318014295
		-auroc: 0.9484115816542651
2026-06-17 18:53:21 - __main__ - INFO - WCYKMVHQFDGRLITNEASP encoding is done for multiclass task with:
	-custom
		-f1: 0.6340445020304335
		-auroc: 0.8822355677756313
	-resnet
		-f1: 0.7546321343280236
		-auroc: 0.9379277731735947
2026-06-17 18:59:14 - __main__ - INFO - WCYKMVHQFDGRLITNEASP encoding is done for multiclass task with:
	-custom
		-f1: 0.6325317907121991
		-auroc: 0.8864149586431564
	-resnet
		-f1: 0.7733195403167658
		-auroc: 0.9428302620489448
2026-06-17 19:05:05 - __main__ - INFO - WCYKMVHQFDGRLITNEASP encoding is done for multiclass task with:
	-custom
		-f1: 0.6182384389014446
		-auroc: 0.880563973463579
	-resnet
		-f1: 0.7818363270805839
		-auroc: 0.9414341181704101
2026-06-17 19:10:57 - __main__ - INFO - WCYKMVHQFDGRLITNEASP encoding is done for multiclass task with:
	-custom
		-f1: 0.6357100061894487
		-auroc: 0.8826682071811328
	-resnet
		-f1: 0.7931174621797747
		-auroc: 0.9441754717048136
2026-06-17 19:16:46 - __main__ - INFO - WCYKMVHQFDGRLITNEASP encoding is done for multiclass task with:
	-custom
		-f1: 0.6224145733158363
		-auroc: 0.8813479236277759
	-resnet
		-f1: 0.7707890138452103
		-auroc: 0.9446346656145487
2026-06-17 19:22:40 - __main__ - INFO - WCYKMVHQFDGRLITNEASP encoding is done for multiclass task with:
	-custom
		-f1: 0.6460262580598568
		-auroc: 0.887133605630965
	-resnet
		-f1: 0.7473529190999035
		-auroc: 0.9404998367622763
2026-06-17 19:28:33 - __main__ - INFO - WCYKMVHQFDGRLITNEASP encoding is done for multiclass task with:
	-custom
		-f1: 0.6327791213890885
		-auroc: 0.8830492914491129
	-resnet
		-f1: 0.7556859805855433
		-auroc: 0.9428046018896596
2026-06-17 19:34:25 - __main__ - INFO - WCYKMVHQFDGRLITNEASP encoding is done for multiclass task with:
	-custom
		-f1: 0.6257633011930613
		-auroc: 0.8804374886691415
	-resnet
		-f1: 0.7500885494624272
		-auroc: 0.9414819506659079
2026-06-17 19:40:16 - __main__ - INFO - WCYKMVHQFDGRLITNEASP encoding is done for multiclass task with:
	-custom
		-f1: 0.6322688954044721
		-auroc: 0.884272047023509
	-resnet
		-f1: 0.6999355131373388
		-auroc: 0.9305767062131878
2026-06-17 19:46:07 - __main__ - INFO - WCYKMVHQFDGRLITNEASP encoding is done for multiclass task with:
	-custom
		-f1: 0.6554864620901513
		-auroc: 0.8917530854854888
	-resnet
		-f1: 0.7273914166440162
		-auroc: 0.9387353685260669
2026-06-17 19:51:58 - __main__ - INFO - WCYKMVHQFDGRLITNEASP encoding is done for multiclass task with:
	-custom
		-f1: 0.6436712076762994
		-auroc: 0.8850518230291936
	-resnet
		-f1: 0.7560834047643035
		-auroc: 0.9421011124356105
2026-06-17 19:57:50 - __main__ - INFO - WCYKMVHQFDGRLITNEASP encoding is done for multiclass task with:
	-custom
		-f1: 0.6404461894754723
		-auroc: 0.8854398768363085
	-resnet
		-f1: 0.774674264986132
		-auroc: 0.9452315347809147
2026-06-17 20:03:41 - __main__ - INFO - WCYKMVHQFDGRLITNEASP encoding is done for multiclass task with:
	-custom
		-f1: 0.6186750379012869
		-auroc: 0.8779709975635356
	-resnet
		-f1: 0.7672675557365898
		-auroc: 0.9436908478520716
2026-06-17 20:09:31 - __main__ - INFO - WCYKMVHQFDGRLITNEASP encoding is done for multiclass task with:
	-custom
		-f1: 0.6422620875161429
		-auroc: 0.8830046720110432
	-resnet
		-f1: 0.7770004975728461
		-auroc: 0.9429018178531239
2026-06-17 20:15:24 - __main__ - INFO - WCYKMVHQFDGRLITNEASP encoding is done for multiclass task with:
	-custom
		-f1: 0.6402639708875186
		-auroc: 0.8878882446797398
	-resnet
		-f1: 0.7808147308839515
		-auroc: 0.9465908812706351
2026-06-17 20:21:14 - __main__ - INFO - WCYKMVHQFDGRLITNEASP encoding is done for multiclass task with:
	-custom
		-f1: 0.6371277457069502
		-auroc: 0.8869457908099333
	-resnet
		-f1: 0.7614846703787912
		-auroc: 0.9450102300963501
2026-06-17 20:27:02 - __main__ - INFO - WCYKMVHQFDGRLITNEASP encoding is done for multiclass task with:
	-custom
		-f1: 0.6400911910462396
		-auroc: 0.8884814504023681
	-resnet
		-f1: 0.7843821036749467
		-auroc: 0.9472576363342304
2026-06-17 20:32:55 - __main__ - INFO - WCYKMVHQFDGRLITNEASP encoding is done for multiclass task with:
	-custom
		-f1: 0.6344479714324378
		-auroc: 0.8861568076906492
	-resnet
		-f1: 0.7652566068540392
		-auroc: 0.9415652718587708
2026-06-17 20:38:46 - __main__ - INFO - WCYKMVHQFDGRLITNEASP encoding is done for multiclass task with:
	-custom
		-f1: 0.6336945183079044
		-auroc: 0.8829820060372734
	-resnet
		-f1: 0.7721472009084918
		-auroc: 0.9421356291996981
2026-06-17 20:44:37 - __main__ - INFO - WCYKMVHQFDGRLITNEASP encoding is done for multiclass task with:
	-custom
		-f1: 0.6298639458034911
		-auroc: 0.8818030267266888
	-resnet
		-f1: 0.7587815057241235
		-auroc: 0.9412701458436723
2026-06-17 20:50:25 - __main__ - INFO - WCYKMVHQFDGRLITNEASP encoding is done for multiclass task with:
	-custom
		-f1: 0.6435277902576443
		-auroc: 0.8844280280565879
	-resnet
		-f1: 0.7838703354078106
		-auroc: 0.9476065173986227
2026-06-17 20:56:15 - __main__ - INFO - WCYKMVHQFDGRLITNEASP encoding is done for multiclass task with:
	-custom
		-f1: 0.6209371730843218
		-auroc: 0.8813165477965395
	-resnet
		-f1: 0.7801176112417141
		-auroc: 0.9433541181809216
2026-06-17 21:02:06 - __main__ - INFO - WCYKMVHQFDGRLITNEASP encoding is done for multiclass task with:
	-custom
		-f1: 0.6266880063752319
		-auroc: 0.8810017056003344
	-resnet
		-f1: 0.7912970410448358
		-auroc: 0.9447297367764316
2026-06-17 21:07:58 - __main__ - INFO - WCYKMVHQFDGRLITNEASP encoding is done for multiclass task with:
	-custom
		-f1: 0.6489448743819917
		-auroc: 0.888052954827151
	-resnet
		-f1: 0.7270393648314831
		-auroc: 0.93581506469065
2026-06-17 21:13:51 - __main__ - INFO - WCYKMVHQFDGRLITNEASP encoding is done for multiclass task with:
	-custom
		-f1: 0.6202322878086757
		-auroc: 0.8815980441056877
	-resnet
		-f1: 0.7591487798479213
		-auroc: 0.9403199354947566
2026-06-17 21:19:43 - __main__ - INFO - WCYKMVHQFDGRLITNEASP encoding is done for multiclass task with:
	-custom
		-f1: 0.6574224959465695
		-auroc: 0.889749363734359
	-resnet
		-f1: 0.7228232184227672
		-auroc: 0.9362337976540596
2026-06-17 21:25:36 - __main__ - INFO - WCYKMVHQFDGRLITNEASP encoding is done for multiclass task with:
	-custom
		-f1: 0.6142528197475915
		-auroc: 0.8765850593504515
	-resnet
		-f1: 0.7475013594752037
		-auroc: 0.9360998564459273
2026-06-17 21:31:26 - __main__ - INFO - WCYKMVHQFDGRLITNEASP encoding is done for multiclass task with:
	-custom
		-f1: 0.6402382845502836
		-auroc: 0.8846340371947623
	-resnet
		-f1: 0.7548154090749326
		-auroc: 0.9411008101916039
2026-06-17 21:37:17 - __main__ - INFO - WCYKMVHQFDGRLITNEASP encoding is done for multiclass task with:
	-custom
		-f1: 0.6350817031134982
		-auroc: 0.8883698802380937
	-resnet
		-f1: 0.748352757898307
		-auroc: 0.9373342363157666
2026-06-17 21:43:09 - __main__ - INFO - WCYKMVHQFDGRLITNEASP encoding is done for multiclass task with:
	-custom
		-f1: 0.649690215973494
		-auroc: 0.8862834477782664
	-resnet
		-f1: 0.7402655072797304
		-auroc: 0.9396464285641384
2026-06-17 21:48:59 - __main__ - INFO - WCYKMVHQFDGRLITNEASP encoding is done for multiclass task with:
	-custom
		-f1: 0.6191674821535813
		-auroc: 0.88153724302022
	-resnet
		-f1: 0.7561758125326941
		-auroc: 0.9391018653546384
2026-06-17 21:54:49 - __main__ - INFO - WCYKMVHQFDGRLITNEASP encoding is done for multiclass task with:
	-custom
		-f1: 0.6509523317338054
		-auroc: 0.8883924467574923
	-resnet
		-f1: 0.7601758182414763
		-auroc: 0.9438592544785809
2026-06-17 22:00:38 - __main__ - INFO - WCYKMVHQFDGRLITNEASP encoding is done for multiclass task with:
	-custom
		-f1: 0.6441639071671452
		-auroc: 0.8847919666444373
	-resnet
		-f1: 0.7707797883156793
		-auroc: 0.9420662492427597
2026-06-17 22:06:30 - __main__ - INFO - WCYKMVHQFDGRLITNEASP encoding is done for multiclass task with:
	-custom
		-f1: 0.6407355475548892
		-auroc: 0.8885347522973068
	-resnet
		-f1: 0.734846395075747
		-auroc: 0.9359312360184209
2026-06-17 22:12:23 - __main__ - INFO - WCYKMVHQFDGRLITNEASP encoding is done for multiclass task with:
	-custom
		-f1: 0.6411259302270098
		-auroc: 0.8858250202918327
	-resnet
		-f1: 0.7532446470563936
		-auroc: 0.9439778423178777
2026-06-17 22:18:17 - __main__ - INFO - WCYKMVHQFDGRLITNEASP encoding is done for multiclass task with:
	-custom
		-f1: 0.6503441532511636
		-auroc: 0.8896041087712347
	-resnet
		-f1: 0.7896709137478342
		-auroc: 0.944201346490164
2026-06-17 22:24:08 - __main__ - INFO - WCYKMVHQFDGRLITNEASP encoding is done for multiclass task with:
	-custom
		-f1: 0.6234622932960152
		-auroc: 0.8812158002223555
	-resnet
		-f1: 0.7288518534193195
		-auroc: 0.9358993832005826
2026-06-17 22:29:58 - __main__ - INFO - WCYKMVHQFDGRLITNEASP encoding is done for multiclass task with:
	-custom
		-f1: 0.6476284883910335
		-auroc: 0.8879245371906528
	-resnet
		-f1: 0.760897994603307
		-auroc: 0.9440746148182347
2026-06-17 22:35:40 - __main__ - INFO - WCYKMVHQFDGRLITNEASP encoding is done for multiclass task with:
	-custom
		-f1: 0.631978022742392
		-auroc: 0.8787807194702948
	-resnet
		-f1: 0.7787594902941748
		-auroc: 0.9465173778409273
2026-06-17 22:41:29 - __main__ - INFO - WCYKMVHQFDGRLITNEASP encoding is done for multiclass task with:
	-custom
		-f1: 0.6264969075331421
		-auroc: 0.882935773430199
	-resnet
		-f1: 0.7630387036631672
		-auroc: 0.9444260400722643
2026-06-17 22:47:23 - __main__ - INFO - WCYKMVHQFDGRLITNEASP encoding is done for multiclass task with:
	-custom
		-f1: 0.625150998459169
		-auroc: 0.8824277411989169
	-resnet
		-f1: 0.7781694987945663
		-auroc: 0.9459873270848155
2026-06-17 22:53:13 - __main__ - INFO - WCYKMVHQFDGRLITNEASP encoding is done for multiclass task with:
	-custom
		-f1: 0.6389755976973561
		-auroc: 0.886526318161
	-resnet
		-f1: 0.7774925414289022
		-auroc: 0.9425362319217753
2026-06-17 22:59:05 - __main__ - INFO - WCYKMVHQFDGRLITNEASP encoding is done for multiclass task with:
	-custom
		-f1: 0.6373404936486726
		-auroc: 0.8855403411682774
	-resnet
		-f1: 0.7730381963574067
		-auroc: 0.9434690868461697
2026-06-17 23:04:59 - __main__ - INFO - WCYKMVHQFDGRLITNEASP encoding is done for multiclass task with:
	-custom
		-f1: 0.6379098745553972
		-auroc: 0.8829340360136371
	-resnet
		-f1: 0.7284901938007284
		-auroc: 0.9340314446488212
2026-06-17 23:10:49 - __main__ - INFO - WCYKMVHQFDGRLITNEASP encoding is done for multiclass task with:
	-custom
		-f1: 0.6440791984622845
		-auroc: 0.8836585238034367
	-resnet
		-f1: 0.7623136397233395
		-auroc: 0.942307829188852
2026-06-17 23:16:38 - __main__ - INFO - WCYKMVHQFDGRLITNEASP encoding is done for multiclass task with:
	-custom
		-f1: 0.6306787792248021
		-auroc: 0.8838430488587001
	-resnet
		-f1: 0.781638128579281
		-auroc: 0.9434585236768773
2026-06-17 23:22:30 - __main__ - INFO - WCYKMVHQFDGRLITNEASP encoding is done for multiclass task with:
	-custom
		-f1: 0.6407675305950018
		-auroc: 0.8847013755833262
	-resnet
		-f1: 0.7574479069754687
		-auroc: 0.9405277072894073
2026-06-17 23:28:19 - __main__ - INFO - WCYKMVHQFDGRLITNEASP encoding is done for multiclass task with:
	-custom
		-f1: 0.6331889158759983
		-auroc: 0.8863742647206534
	-resnet
		-f1: 0.7765265427968826
		-auroc: 0.9434129439111383
2026-06-17 23:34:11 - __main__ - INFO - WCYKMVHQFDGRLITNEASP encoding is done for multiclass task with:
	-custom
		-f1: 0.6268294180075806
		-auroc: 0.8821776188596322
	-resnet
		-f1: 0.761625797988761
		-auroc: 0.9386665899129154
2026-06-17 23:39:59 - __main__ - INFO - WCYKMVHQFDGRLITNEASP encoding is done for multiclass task with:
	-custom
		-f1: 0.6328472415845701
		-auroc: 0.8840605611247264
	-resnet
		-f1: 0.7425021519576417
		-auroc: 0.9378260072184454
2026-06-17 23:45:44 - __main__ - INFO - WCYKMVHQFDGRLITNEASP encoding is done for multiclass task with:
	-custom
		-f1: 0.6278196314721438
		-auroc: 0.8838088121061596
	-resnet
		-f1: 0.7793186329214
		-auroc: 0.950942801723561
2026-06-17 23:51:31 - __main__ - INFO - WCYKMVHQFDGRLITNEASP encoding is done for multiclass task with:
	-custom
		-f1: 0.6238037322897008
		-auroc: 0.8806600302888263
	-resnet
		-f1: 0.7681897589150299
		-auroc: 0.9422638970715337
2026-06-17 23:57:22 - __main__ - INFO - WCYKMVHQFDGRLITNEASP encoding is done for multiclass task with:
	-custom
		-f1: 0.6431926977275921
		-auroc: 0.8882208513634119
	-resnet
		-f1: 0.7647885675749277
		-auroc: 0.941467334602665
2026-06-18 00:03:14 - __main__ - INFO - WCYKMVHQFDGRLITNEASP encoding is done for multiclass task with:
	-custom
		-f1: 0.6300445296858259
		-auroc: 0.8832070904862164
	-resnet
		-f1: 0.7702402801544285
		-auroc: 0.9437120652067081
2026-06-18 00:09:07 - __main__ - INFO - WCYKMVHQFDGRLITNEASP encoding is done for multiclass task with:
	-custom
		-f1: 0.6203928616875599
		-auroc: 0.876694269902656
	-resnet
		-f1: 0.7598289251638113
		-auroc: 0.9424263472065688
2026-06-18 00:14:59 - __main__ - INFO - WCYKMVHQFDGRLITNEASP encoding is done for multiclass task with:
	-custom
		-f1: 0.6138966510374422
		-auroc: 0.8783756820706395
	-resnet
		-f1: 0.7399279668805004
		-auroc: 0.9389002085748821
2026-06-18 00:20:49 - __main__ - INFO - WCYKMVHQFDGRLITNEASP encoding is done for multiclass task with:
	-custom
		-f1: 0.6384925333904958
		-auroc: 0.886498215455138
	-resnet
		-f1: 0.7379295236399697
		-auroc: 0.93479729722313
2026-06-18 00:26:39 - __main__ - INFO - WCYKMVHQFDGRLITNEASP encoding is done for multiclass task with:
	-custom
		-f1: 0.6551241136521634
		-auroc: 0.8899795138819023
	-resnet
		-f1: 0.7379487849459578
		-auroc: 0.936308647390943
2026-06-18 00:32:27 - __main__ - INFO - WCYKMVHQFDGRLITNEASP encoding is done for multiclass task with:
	-custom
		-f1: 0.6406141229400399
		-auroc: 0.8858935817418281
	-resnet
		-f1: 0.7447194433356714
		-auroc: 0.9380771575979049
2026-06-18 00:38:14 - __main__ - INFO - WCYKMVHQFDGRLITNEASP encoding is done for multiclass task with:
	-custom
		-f1: 0.6214385212458815
		-auroc: 0.8824440519674533
	-resnet
		-f1: 0.7567133509934252
		-auroc: 0.9385767244314842
2026-06-18 00:44:04 - __main__ - INFO - WCYKMVHQFDGRLITNEASP encoding is done for multiclass task with:
	-custom
		-f1: 0.6330480353356209
		-auroc: 0.8841397657751212
	-resnet
		-f1: 0.7721881168730168
		-auroc: 0.9450223782535414
2026-06-18 00:49:57 - __main__ - INFO - WCYKMVHQFDGRLITNEASP encoding is done for multiclass task with:
	-custom
		-f1: 0.6273629443287707
		-auroc: 0.8821304878148195
	-resnet
		-f1: 0.771496302292682
		-auroc: 0.9450530254396362
2026-06-18 00:55:46 - __main__ - INFO - WCYKMVHQFDGRLITNEASP encoding is done for multiclass task with:
	-custom
		-f1: 0.6252084787314474
		-auroc: 0.8824865759453079
	-resnet
		-f1: 0.7275755803529407
		-auroc: 0.9353279393978784
2026-06-18 01:01:38 - __main__ - INFO - WCYKMVHQFDGRLITNEASP encoding is done for multiclass task with:
	-custom
		-f1: 0.6235910776192627
		-auroc: 0.8806011523601075
	-resnet
		-f1: 0.7510874108276819
		-auroc: 0.9392471197478324
2026-06-18 01:07:31 - __main__ - INFO - WCYKMVHQFDGRLITNEASP encoding is done for multiclass task with:
	-custom
		-f1: 0.6420358441981578
		-auroc: 0.8839184458804386
	-resnet
		-f1: 0.7465359908357374
		-auroc: 0.9427391974442811
2026-06-18 01:13:22 - __main__ - INFO - WCYKMVHQFDGRLITNEASP encoding is done for multiclass task with:
	-custom
		-f1: 0.6411812597495057
		-auroc: 0.8861894065281002
	-resnet
		-f1: 0.7639181905851472
		-auroc: 0.9416696862478166
2026-06-18 01:19:09 - __main__ - INFO - WCYKMVHQFDGRLITNEASP encoding is done for multiclass task with:
	-custom
		-f1: 0.6199100187075027
		-auroc: 0.8813847564567532
	-resnet
		-f1: 0.7642012810230362
		-auroc: 0.9428438841824667
2026-06-18 01:25:02 - __main__ - INFO - WCYKMVHQFDGRLITNEASP encoding is done for multiclass task with:
	-custom
		-f1: 0.6476442247599099
		-auroc: 0.8896095697934454
	-resnet
		-f1: 0.7722038020283832
		-auroc: 0.9415216836950062
2026-06-18 01:30:54 - __main__ - INFO - WCYKMVHQFDGRLITNEASP encoding is done for multiclass task with:
	-custom
		-f1: 0.6420851080693344
		-auroc: 0.8859024687759097
	-resnet
		-f1: 0.7756961578561341
		-auroc: 0.9404989776297332
2026-06-18 01:36:45 - __main__ - INFO - WCYKMVHQFDGRLITNEASP encoding is done for multiclass task with:
	-custom
		-f1: 0.6407968960042811
		-auroc: 0.8874839120006024
	-resnet
		-f1: 0.7531768697357203
		-auroc: 0.942718944375543
2026-06-18 01:42:37 - __main__ - INFO - WCYKMVHQFDGRLITNEASP encoding is done for multiclass task with:
	-custom
		-f1: 0.6378316919736211
		-auroc: 0.8854575756227236
	-resnet
		-f1: 0.7173512552272311
		-auroc: 0.9299882791987197
2026-06-18 01:48:28 - __main__ - INFO - WCYKMVHQFDGRLITNEASP encoding is done for multiclass task with:
	-custom
		-f1: 0.6308302042361595
		-auroc: 0.8842514750525169
	-resnet
		-f1: 0.7532123475816253
		-auroc: 0.9398617000166501
2026-06-18 01:54:22 - __main__ - INFO - WCYKMVHQFDGRLITNEASP encoding is done for multiclass task with:
	-custom
		-f1: 0.6333438986226855
		-auroc: 0.884962140805073
	-resnet
		-f1: 0.7698554591229867
		-auroc: 0.9433781393137639
2026-06-18 02:00:05 - __main__ - INFO - WCYKMVHQFDGRLITNEASP encoding is done for multiclass task with:
	-custom
		-f1: 0.6373227000850629
		-auroc: 0.8855154031981163
	-resnet
		-f1: 0.7744628743138005
		-auroc: 0.9414583524779653
2026-06-18 02:05:57 - __main__ - INFO - WCYKMVHQFDGRLITNEASP encoding is done for multiclass task with:
	-custom
		-f1: 0.6522625555037538
		-auroc: 0.890179701533943
	-resnet
		-f1: 0.7820050461611048
		-auroc: 0.9438852482474005
2026-06-18 02:11:45 - __main__ - INFO - WCYKMVHQFDGRLITNEASP encoding is done for multiclass task with:
	-custom
		-f1: 0.6340404370182131
		-auroc: 0.8847722251145493
	-resnet
		-f1: 0.7689419400511095
		-auroc: 0.9411506066740036
2026-06-18 02:17:36 - __main__ - INFO - WCYKMVHQFDGRLITNEASP encoding is done for multiclass task with:
	-custom
		-f1: 0.6341133951383683
		-auroc: 0.884614054896874
	-resnet
		-f1: 0.7615406763649435
		-auroc: 0.9436701814156103
2026-06-18 02:23:27 - __main__ - INFO - WCYKMVHQFDGRLITNEASP encoding is done for multiclass task with:
	-custom
		-f1: 0.6278748329148972
		-auroc: 0.8796527497054303
	-resnet
		-f1: 0.7817918880983282
		-auroc: 0.9482662013227561
2026-06-18 02:29:22 - __main__ - INFO - WCYKMVHQFDGRLITNEASP encoding is done for multiclass task with:
	-custom
		-f1: 0.6410181390750943
		-auroc: 0.8848330599064536
	-resnet
		-f1: 0.7672034993174258
		-auroc: 0.9466903492167866
2026-06-18 02:35:12 - __main__ - INFO - WCYKMVHQFDGRLITNEASP encoding is done for multiclass task with:
	-custom
		-f1: 0.6274972290532298
		-auroc: 0.8813849899647721
	-resnet
		-f1: 0.7528400966835728
		-auroc: 0.9407131213877993
2026-06-18 02:41:07 - __main__ - INFO - WCYKMVHQFDGRLITNEASP encoding is done for multiclass task with:
	-custom
		-f1: 0.6314255753534888
		-auroc: 0.8847314816938445
	-resnet
		-f1: 0.7778241503626717
		-auroc: 0.9431275031206336
2026-06-18 02:47:02 - __main__ - INFO - WCYKMVHQFDGRLITNEASP encoding is done for multiclass task with:
	-custom
		-f1: 0.6418494985417874
		-auroc: 0.8857890319847621
	-resnet
		-f1: 0.7596627918220337
		-auroc: 0.940359764669742
2026-06-18 02:52:56 - __main__ - INFO - WCYKMVHQFDGRLITNEASP encoding is done for multiclass task with:
	-custom
		-f1: 0.6210753202000918
		-auroc: 0.8826020856797925
	-resnet
		-f1: 0.7551832145558908
		-auroc: 0.9399663407451921
2026-06-18 02:58:52 - __main__ - INFO - WCYKMVHQFDGRLITNEASP encoding is done for multiclass task with:
	-custom
		-f1: 0.6441226792412957
		-auroc: 0.8904614970415864
	-resnet
		-f1: 0.7190051591577176
		-auroc: 0.9405861993909467
2026-06-18 03:04:46 - __main__ - INFO - WCYKMVHQFDGRLITNEASP encoding is done for multiclass task with:
	-custom
		-f1: 0.6398844058763549
		-auroc: 0.8872980299939917
	-resnet
		-f1: 0.7852128918175731
		-auroc: 0.946317210589714
2026-06-18 03:10:38 - __main__ - INFO - WCYKMVHQFDGRLITNEASP encoding is done for multiclass task with:
	-custom
		-f1: 0.6371215882778329
		-auroc: 0.8846877601327237
	-resnet
		-f1: 0.6621090139774928
		-auroc: 0.9316409116197368
2026-06-18 03:16:28 - __main__ - INFO - WCYKMVHQFDGRLITNEASP encoding is done for multiclass task with:
	-custom
		-f1: 0.6086657699556318
		-auroc: 0.8781643166103119
	-resnet
		-f1: 0.7718011442157009
		-auroc: 0.9457606058706345
2026-06-18 03:22:15 - __main__ - INFO - WCYKMVHQFDGRLITNEASP encoding is done for multiclass task with:
	-custom
		-f1: 0.6529527923254383
		-auroc: 0.8891740664190451
	-resnet
		-f1: 0.7492181335369625
		-auroc: 0.9423626427908813
2026-06-18 03:28:06 - __main__ - INFO - WCYKMVHQFDGRLITNEASP encoding is done for multiclass task with:
	-custom
		-f1: 0.6113282734645262
		-auroc: 0.8774494891292093
	-resnet
		-f1: 0.7676135403527625
		-auroc: 0.9433462063942836
2026-06-18 03:33:57 - __main__ - INFO - WCYKMVHQFDGRLITNEASP encoding is done for multiclass task with:
	-custom
		-f1: 0.632608083385679
		-auroc: 0.885134194273413
	-resnet
		-f1: 0.7837926664882477
		-auroc: 0.9444940044346654
2026-06-18 03:39:48 - __main__ - INFO - WCYKMVHQFDGRLITNEASP encoding is done for multiclass task with:
	-custom
		-f1: 0.6245970917658876
		-auroc: 0.8836061929089318
	-resnet
		-f1: 0.7583779133226927
		-auroc: 0.9425162049138074
2026-06-18 03:45:39 - __main__ - INFO - WCYKMVHQFDGRLITNEASP encoding is done for multiclass task with:
	-custom
		-f1: 0.6302617214604421
		-auroc: 0.8800785028123628
	-resnet
		-f1: 0.7823033741443963
		-auroc: 0.9464309637348378
2026-06-18 03:51:32 - __main__ - INFO - WCYKMVHQFDGRLITNEASP encoding is done for multiclass task with:
	-custom
		-f1: 0.6280113900982929
		-auroc: 0.8821251189204451
	-resnet
		-f1: 0.7437100686889005
		-auroc: 0.9376190197802959
2026-06-18 03:57:24 - __main__ - INFO - WCYKMVHQFDGRLITNEASP encoding is done for multiclass task with:
	-custom
		-f1: 0.6375990109042251
		-auroc: 0.883548462247749
	-resnet
		-f1: 0.7356864784246445
		-auroc: 0.9399075769907894
2026-06-18 04:03:17 - __main__ - INFO - WCYKMVHQFDGRLITNEASP encoding is done for multiclass task with:
	-custom
		-f1: 0.6180485440105217
		-auroc: 0.8788080560837696
	-resnet
		-f1: 0.7817014199463787
		-auroc: 0.9435325851009081
2026-06-18 04:09:05 - __main__ - INFO - WCYKMVHQFDGRLITNEASP encoding is done for multiclass task with:
	-custom
		-f1: 0.6494586833698479
		-auroc: 0.889686925265282
	-resnet
		-f1: 0.7281243688970164
		-auroc: 0.928224364455129
2026-06-18 04:14:56 - __main__ - INFO - WCYKMVHQFDGRLITNEASP encoding is done for multiclass task with:
	-custom
		-f1: 0.6277541965308094
		-auroc: 0.8849752943582508
	-resnet
		-f1: 0.7748841363822063
		-auroc: 0.9422666929267953
2026-06-18 04:20:48 - __main__ - INFO - WCYKMVHQFDGRLITNEASP encoding is done for multiclass task with:
	-custom
		-f1: 0.6279164555757681
		-auroc: 0.8852847434681539
	-resnet
		-f1: 0.7301026301808505
		-auroc: 0.934978470145483
2026-06-18 04:26:38 - __main__ - INFO - WCYKMVHQFDGRLITNEASP encoding is done for multiclass task with:
	-custom
		-f1: 0.6197763032059955
		-auroc: 0.8794902280644383
	-resnet
		-f1: 0.7446376649844031
		-auroc: 0.9430875670289669
2026-06-18 04:32:31 - __main__ - INFO - WCYKMVHQFDGRLITNEASP encoding is done for multiclass task with:
	-custom
		-f1: 0.6387744788527361
		-auroc: 0.8853200191049211
	-resnet
		-f1: 0.7675994710053772
		-auroc: 0.9415741506615056
2026-06-18 04:38:15 - __main__ - INFO - WCYKMVHQFDGRLITNEASP encoding is done for multiclass task with:
	-custom
		-f1: 0.6368298886762327
		-auroc: 0.8844855871034183
	-resnet
		-f1: 0.7730097583360276
		-auroc: 0.9470902947027462
2026-06-18 04:43:59 - __main__ - INFO - WCYKMVHQFDGRLITNEASP encoding is done for multiclass task with:
	-custom
		-f1: 0.6172495768272434
		-auroc: 0.8811592072938286
	-resnet
		-f1: 0.7593605219899097
		-auroc: 0.9414241646941137
2026-06-18 04:49:51 - __main__ - INFO - WCYKMVHQFDGRLITNEASP encoding is done for multiclass task with:
	-custom
		-f1: 0.6301505828002928
		-auroc: 0.882136853995263
	-resnet
		-f1: 0.7585999620285541
		-auroc: 0.9439732540169536
2026-06-18 04:55:43 - __main__ - INFO - WCYKMVHQFDGRLITNEASP encoding is done for multiclass task with:
	-custom
		-f1: 0.6302898381819814
		-auroc: 0.8851892551419196
	-resnet
		-f1: 0.7600567350822355
		-auroc: 0.9433447663793155
2026-06-18 05:01:37 - __main__ - INFO - WCYKMVHQFDGRLITNEASP encoding is done for multiclass task with:
	-custom
		-f1: 0.6305509981998856
		-auroc: 0.8841538731926107
	-resnet
		-f1: 0.7798205121816386
		-auroc: 0.9419989759031978
2026-06-18 05:07:31 - __main__ - INFO - WCYKMVHQFDGRLITNEASP encoding is done for multiclass task with:
	-custom
		-f1: 0.6578492966703295
		-auroc: 0.8940318654688909
	-resnet
		-f1: 0.7406065305801486
		-auroc: 0.9394281333093231
2026-06-18 05:13:24 - __main__ - INFO - WCYKMVHQFDGRLITNEASP encoding is done for multiclass task with:
	-custom
		-f1: 0.6286943405688181
		-auroc: 0.8846152615217726
	-resnet
		-f1: 0.7438542463957889
		-auroc: 0.9408975294446748
2026-06-18 05:19:17 - __main__ - INFO - WCYKMVHQFDGRLITNEASP encoding is done for multiclass task with:
	-custom
		-f1: 0.6447056766296033
		-auroc: 0.8880620626508495
	-resnet
		-f1: 0.6807443897138606
		-auroc: 0.9259400495402907
2026-06-18 05:25:11 - __main__ - INFO - WCYKMVHQFDGRLITNEASP encoding is done for multiclass task with:
	-custom
		-f1: 0.6155552484046989
		-auroc: 0.8774086064907994
	-resnet
		-f1: 0.7277384180134929
		-auroc: 0.9399366138023169
2026-06-18 05:31:03 - __main__ - INFO - WCYKMVHQFDGRLITNEASP encoding is done for multiclass task with:
	-custom
		-f1: 0.6234341070298254
		-auroc: 0.8814406291358804
	-resnet
		-f1: 0.7504335894788741
		-auroc: 0.9395146092288875
2026-06-18 05:36:55 - __main__ - INFO - WCYKMVHQFDGRLITNEASP encoding is done for multiclass task with:
	-custom
		-f1: 0.6204718780954905
		-auroc: 0.8790821665187245
	-resnet
		-f1: 0.7260320622009752
		-auroc: 0.9348134667711638
2026-06-18 05:42:43 - __main__ - INFO - WCYKMVHQFDGRLITNEASP encoding is done for multiclass task with:
	-custom
		-f1: 0.6159772241288967
		-auroc: 0.8768992950892924
	-resnet
		-f1: 0.7303261347873155
		-auroc: 0.9353707221892276
2026-06-18 05:48:30 - __main__ - INFO - WCYKMVHQFDGRLITNEASP encoding is done for multiclass task with:
	-custom
		-f1: 0.640534910447424
		-auroc: 0.8843059866667129
	-resnet
		-f1: 0.7574099396641634
		-auroc: 0.9435396196406634
2026-06-18 05:54:21 - __main__ - INFO - WCYKMVHQFDGRLITNEASP encoding is done for multiclass task with:
	-custom
		-f1: 0.6342372015399604
		-auroc: 0.8834332895090482
	-resnet
		-f1: 0.7288364304351393
		-auroc: 0.9404635488248996
2026-06-18 06:00:14 - __main__ - INFO - WCYKMVHQFDGRLITNEASP encoding is done for multiclass task with:
	-custom
		-f1: 0.6221116876062562
		-auroc: 0.8811782221844119
	-resnet
		-f1: 0.7440234456969004
		-auroc: 0.9411544610553658
2026-06-18 06:06:08 - __main__ - INFO - WCYKMVHQFDGRLITNEASP encoding is done for multiclass task with:
	-custom
		-f1: 0.6407322733296744
		-auroc: 0.8855334870259786
	-resnet
		-f1: 0.7741263732557188
		-auroc: 0.9441507637935016
2026-06-18 06:12:00 - __main__ - INFO - WCYKMVHQFDGRLITNEASP encoding is done for multiclass task with:
	-custom
		-f1: 0.6495427398673854
		-auroc: 0.891326757642014
	-resnet
		-f1: 0.7703708549832469
		-auroc: 0.946050413246016
2026-06-18 06:17:53 - __main__ - INFO - WCYKMVHQFDGRLITNEASP encoding is done for multiclass task with:
	-custom
		-f1: 0.635029827387693
		-auroc: 0.8858871177332388
	-resnet
		-f1: 0.7669170018003116
		-auroc: 0.9468747376392732
2026-06-18 06:23:42 - __main__ - INFO - WCYKMVHQFDGRLITNEASP encoding is done for multiclass task with:
	-custom
		-f1: 0.6185153982692384
		-auroc: 0.8796737938196222
	-resnet
		-f1: 0.7677465803297203
		-auroc: 0.9445393014785495
2026-06-18 06:29:28 - __main__ - INFO - WCYKMVHQFDGRLITNEASP encoding is done for multiclass task with:
	-custom
		-f1: 0.6333920844852117
		-auroc: 0.8841075397819168
	-resnet
		-f1: 0.7544984968349782
		-auroc: 0.9428068243415095
2026-06-18 06:35:21 - __main__ - INFO - WCYKMVHQFDGRLITNEASP encoding is done for multiclass task with:
	-custom
		-f1: 0.6476095992204776
		-auroc: 0.8894451291657915
	-resnet
		-f1: 0.7592597287587033
		-auroc: 0.9416527524341506
2026-06-18 06:41:15 - __main__ - INFO - WCYKMVHQFDGRLITNEASP encoding is done for multiclass task with:
	-custom
		-f1: 0.6300791953450149
		-auroc: 0.8832066452381078
	-resnet
		-f1: 0.7371697023776119
		-auroc: 0.9389193589413122
2026-06-18 06:47:09 - __main__ - INFO - WCYKMVHQFDGRLITNEASP encoding is done for multiclass task with:
	-custom
		-f1: 0.6408710128453929
		-auroc: 0.8883446407932803
	-resnet
		-f1: 0.7597716878213806
		-auroc: 0.932873470125703
2026-06-18 06:53:03 - __main__ - INFO - WCYKMVHQFDGRLITNEASP encoding is done for multiclass task with:
	-custom
		-f1: 0.6203768041414884
		-auroc: 0.8816265137567078
	-resnet
		-f1: 0.7800325763369405
		-auroc: 0.9443636654878169
2026-06-18 06:58:52 - __main__ - INFO - WCYKMVHQFDGRLITNEASP encoding is done for multiclass task with:
	-custom
		-f1: 0.6338682429723732
		-auroc: 0.8853179403492015
	-resnet
		-f1: 0.7593871452612005
		-auroc: 0.9450781872573719
2026-06-18 07:04:42 - __main__ - INFO - WCYKMVHQFDGRLITNEASP encoding is done for multiclass task with:
	-custom
		-f1: 0.6390268515175495
		-auroc: 0.8871479537965632
	-resnet
		-f1: 0.7449188489651404
		-auroc: 0.9435796549403325
2026-06-18 07:10:35 - __main__ - INFO - WCYKMVHQFDGRLITNEASP encoding is done for multiclass task with:
	-custom
		-f1: 0.6128170463866132
		-auroc: 0.8799314914057534
	-resnet
		-f1: 0.7746184401147078
		-auroc: 0.9460831953989519
2026-06-18 07:16:28 - __main__ - INFO - WCYKMVHQFDGRLITNEASP encoding is done for multiclass task with:
	-custom
		-f1: 0.6362522422896765
		-auroc: 0.8828586992094689
	-resnet
		-f1: 0.7756444760801277
		-auroc: 0.9474088645484304
2026-06-18 07:22:22 - __main__ - INFO - WCYKMVHQFDGRLITNEASP encoding is done for multiclass task with:
	-custom
		-f1: 0.6362969424740503
		-auroc: 0.884503855006727
	-resnet
		-f1: 0.7592597384737398
		-auroc: 0.941778354491848
2026-06-18 07:28:14 - __main__ - INFO - WCYKMVHQFDGRLITNEASP encoding is done for multiclass task with:
	-custom
		-f1: 0.6286269912853739
		-auroc: 0.8816741031306469
	-resnet
		-f1: 0.7506438319273006
		-auroc: 0.9387959147714604
2026-06-18 07:34:03 - __main__ - INFO - WCYKMVHQFDGRLITNEASP encoding is done for multiclass task with:
	-custom
		-f1: 0.6322314154506014
		-auroc: 0.8838517268530162
	-resnet
		-f1: 0.771029457613872
		-auroc: 0.9496971789089047
2026-06-18 07:39:56 - __main__ - INFO - WCYKMVHQFDGRLITNEASP encoding is done for multiclass task with:
	-custom
		-f1: 0.6445592853124446
		-auroc: 0.886626818671326
	-resnet
		-f1: 0.7595265213451375
		-auroc: 0.940022360953568
2026-06-18 07:45:49 - __main__ - INFO - WCYKMVHQFDGRLITNEASP encoding is done for multiclass task with:
	-custom
		-f1: 0.6398695019037257
		-auroc: 0.8862183909232046
	-resnet
		-f1: 0.7610365743751765
		-auroc: 0.9449288073744952
2026-06-18 07:51:43 - __main__ - INFO - WCYKMVHQFDGRLITNEASP encoding is done for multiclass task with:
	-custom
		-f1: 0.6394856663755834
		-auroc: 0.8847240117707414
	-resnet
		-f1: 0.7597480537337535
		-auroc: 0.9420604113154974
2026-06-18 07:57:33 - __main__ - INFO - WCYKMVHQFDGRLITNEASP encoding is done for multiclass task with:
	-custom
		-f1: 0.627371447687706
		-auroc: 0.8818982017088111
	-resnet
		-f1: 0.7332643803682528
		-auroc: 0.9402067554788038
2026-06-18 08:03:31 - __main__ - INFO - WCYKMVHQFDGRLITNEASP encoding is done for multiclass task with:
	-custom
		-f1: 0.6394018147980629
		-auroc: 0.8834558030730868
	-resnet
		-f1: 0.7060059185632832
		-auroc: 0.9312214970105552
2026-06-18 08:09:27 - __main__ - INFO - WCYKMVHQFDGRLITNEASP encoding is done for multiclass task with:
	-custom
		-f1: 0.6335300475852156
		-auroc: 0.8874426311487424
	-resnet
		-f1: 0.7711806461225337
		-auroc: 0.9432385037668579
2026-06-18 08:15:15 - __main__ - INFO - WCYKMVHQFDGRLITNEASP encoding is done for multiclass task with:
	-custom
		-f1: 0.6157151228943547
		-auroc: 0.8769431644790868
	-resnet
		-f1: 0.7768222611686066
		-auroc: 0.9428519598288588
2026-06-18 08:21:08 - __main__ - INFO - WCYKMVHQFDGRLITNEASP encoding is done for multiclass task with:
	-custom
		-f1: 0.6530138012224225
		-auroc: 0.8907436467057582
	-resnet
		-f1: 0.7295556488924058
		-auroc: 0.9388374046343267
2026-06-18 08:27:00 - __main__ - INFO - WCYKMVHQFDGRLITNEASP encoding is done for multiclass task with:
	-custom
		-f1: 0.6344969955270061
		-auroc: 0.8811126931235463
	-resnet
		-f1: 0.7734142138651603
		-auroc: 0.9447988504904327
2026-06-18 08:32:52 - __main__ - INFO - WCYKMVHQFDGRLITNEASP encoding is done for multiclass task with:
	-custom
		-f1: 0.6229237596374126
		-auroc: 0.8824279123120732
	-resnet
		-f1: 0.7813697006499881
		-auroc: 0.9481893072769388
2026-06-18 08:38:46 - __main__ - INFO - WCYKMVHQFDGRLITNEASP encoding is done for multiclass task with:
	-custom
		-f1: 0.6323542358450412
		-auroc: 0.8811365107746874
	-resnet
		-f1: 0.7286765538939223
		-auroc: 0.9335965369647873
2026-06-18 08:44:31 - __main__ - INFO - WCYKMVHQFDGRLITNEASP encoding is done for multiclass task with:
	-custom
		-f1: 0.6336059994998949
		-auroc: 0.8869868097599445
	-resnet
		-f1: 0.7503885979377163
		-auroc: 0.9443256412684151
2026-06-18 08:50:26 - __main__ - INFO - WCYKMVHQFDGRLITNEASP encoding is done for multiclass task with:
	-custom
		-f1: 0.628977139311686
		-auroc: 0.8844211724179984
	-resnet
		-f1: 0.7281751214077832
		-auroc: 0.9392547238258059
2026-06-18 08:56:21 - __main__ - INFO - WCYKMVHQFDGRLITNEASP encoding is done for multiclass task with:
	-custom
		-f1: 0.641426611002462
		-auroc: 0.884233617975094
	-resnet
		-f1: 0.7156328907507279
		-auroc: 0.9341071467167043
2026-06-18 09:02:17 - __main__ - INFO - WCYKMVHQFDGRLITNEASP encoding is done for multiclass task with:
	-custom
		-f1: 0.6331556376489061
		-auroc: 0.8820783753592807
	-resnet
		-f1: 0.765106466225565
		-auroc: 0.9410703580313576
2026-06-18 09:08:10 - __main__ - INFO - WCYKMVHQFDGRLITNEASP encoding is done for multiclass task with:
	-custom
		-f1: 0.6206217234978021
		-auroc: 0.880315647994855
	-resnet
		-f1: 0.7405384056248231
		-auroc: 0.94252982252883
2026-06-18 09:14:02 - __main__ - INFO - WCYKMVHQFDGRLITNEASP encoding is done for multiclass task with:
	-custom
		-f1: 0.6355332781346095
		-auroc: 0.8869668621742923
	-resnet
		-f1: 0.6965785509430185
		-auroc: 0.9314610367031882
2026-06-18 09:19:56 - __main__ - INFO - WCYKMVHQFDGRLITNEASP encoding is done for multiclass task with:
	-custom
		-f1: 0.628965782124044
		-auroc: 0.8830567001227912
	-resnet
		-f1: 0.752916298759282
		-auroc: 0.9434379409859901
2026-06-18 09:25:46 - __main__ - INFO - WCYKMVHQFDGRLITNEASP encoding is done for multiclass task with:
	-custom
		-f1: 0.6194694951936799
		-auroc: 0.8800679247800549
	-resnet
		-f1: 0.7644238704655406
		-auroc: 0.9419502229407707
2026-06-18 09:31:37 - __main__ - INFO - WCYKMVHQFDGRLITNEASP encoding is done for multiclass task with:
	-custom
		-f1: 0.6250277979910959
		-auroc: 0.8798192933069264
	-resnet
		-f1: 0.7824369126500358
		-auroc: 0.9463067281694555
2026-06-18 09:37:27 - __main__ - INFO - WCYKMVHQFDGRLITNEASP encoding is done for multiclass task with:
	-custom
		-f1: 0.6108483287481088
		-auroc: 0.8776906423526727
	-resnet
		-f1: 0.7491320439089323
		-auroc: 0.9411516574767473
2026-06-18 09:43:21 - __main__ - INFO - WCYKMVHQFDGRLITNEASP encoding is done for multiclass task with:
	-custom
		-f1: 0.6391532782474799
		-auroc: 0.8879428598691756
	-resnet
		-f1: 0.7694451275893067
		-auroc: 0.9434704922739048
2026-06-18 09:49:14 - __main__ - INFO - WCYKMVHQFDGRLITNEASP encoding is done for multiclass task with:
	-custom
		-f1: 0.6420233470959831
		-auroc: 0.8883476148996989
	-resnet
		-f1: 0.7654325797709227
		-auroc: 0.9356683496508955
2026-06-18 09:55:08 - __main__ - INFO - WCYKMVHQFDGRLITNEASP encoding is done for multiclass task with:
	-custom
		-f1: 0.6562333376522449
		-auroc: 0.8917693876093663
	-resnet
		-f1: 0.7067686283627225
		-auroc: 0.9320430312920284
2026-06-18 10:01:04 - __main__ - INFO - WCYKMVHQFDGRLITNEASP encoding is done for multiclass task with:
	-custom
		-f1: 0.6438092261044324
		-auroc: 0.8882981970394532
	-resnet
		-f1: 0.7656467096800009
		-auroc: 0.9423030393824308
2026-06-18 10:06:59 - __main__ - INFO - WCYKMVHQFDGRLITNEASP encoding is done for multiclass task with:
	-custom
		-f1: 0.6444823883402122
		-auroc: 0.8871924732494074
	-resnet
		-f1: 0.7705745097132783
		-auroc: 0.9438991852595313
2026-06-18 10:12:49 - __main__ - INFO - WCYKMVHQFDGRLITNEASP encoding is done for multiclass task with:
	-custom
		-f1: 0.6410036623504622
		-auroc: 0.8857098113960206
	-resnet
		-f1: 0.7862655578995942
		-auroc: 0.9434026342753681
2026-06-18 10:18:50 - __main__ - INFO - WCYKMVHQFDGRLITNEASP encoding is done for multiclass task with:
	-custom
		-f1: 0.6343956855415207
		-auroc: 0.8836484211807842
	-resnet
		-f1: 0.7104593033195704
		-auroc: 0.9354184071698869
2026-06-18 10:24:43 - __main__ - INFO - WCYKMVHQFDGRLITNEASP encoding is done for multiclass task with:
	-custom
		-f1: 0.6388933950652206
		-auroc: 0.8889276467032158
	-resnet
		-f1: 0.7433079958002999
		-auroc: 0.9416598419790271
2026-06-18 10:30:38 - __main__ - INFO - WCYKMVHQFDGRLITNEASP encoding is done for multiclass task with:
	-custom
		-f1: 0.6397823305224286
		-auroc: 0.8835049334315246
	-resnet
		-f1: 0.772663059611094
		-auroc: 0.9436063864146653
2026-06-18 10:36:32 - __main__ - INFO - WCYKMVHQFDGRLITNEASP encoding is done for multiclass task with:
	-custom
		-f1: 0.6509995512743554
		-auroc: 0.8878623511861703
	-resnet
		-f1: 0.7417426792478413
		-auroc: 0.9353852265929923
2026-06-18 10:42:26 - __main__ - INFO - WCYKMVHQFDGRLITNEASP encoding is done for multiclass task with:
	-custom
		-f1: 0.6441708668756092
		-auroc: 0.885039871118177
	-resnet
		-f1: 0.7913817595188359
		-auroc: 0.9479769294490893
2026-06-18 10:48:22 - __main__ - INFO - WCYKMVHQFDGRLITNEASP encoding is done for multiclass task with:
	-custom
		-f1: 0.6040544380021774
		-auroc: 0.872154096938733
	-resnet
		-f1: 0.7463792155087894
		-auroc: 0.9418713338779474
2026-06-18 10:54:14 - __main__ - INFO - WCYKMVHQFDGRLITNEASP encoding is done for multiclass task with:
	-custom
		-f1: 0.638507178610551
		-auroc: 0.8843657743551061
	-resnet
		-f1: 0.751278358016772
		-auroc: 0.9417837362490881
2026-06-18 11:00:08 - __main__ - INFO - WCYKMVHQFDGRLITNEASP encoding is done for multiclass task with:
	-custom
		-f1: 0.6290125660697413
		-auroc: 0.8819829337878312
	-resnet
		-f1: 0.7109756915621978
		-auroc: 0.9363606995262111
2026-06-18 11:06:01 - __main__ - INFO - WCYKMVHQFDGRLITNEASP encoding is done for multiclass task with:
	-custom
		-f1: 0.6373346268440517
		-auroc: 0.8836566161999013
	-resnet
		-f1: 0.7793480178980678
		-auroc: 0.94355178997689
2026-06-18 11:11:55 - __main__ - INFO - WCYKMVHQFDGRLITNEASP encoding is done for multiclass task with:
	-custom
		-f1: 0.627779970065073
		-auroc: 0.8852533954171443
	-resnet
		-f1: 0.7178256758208477
		-auroc: 0.9309782621666971
2026-06-18 11:17:51 - __main__ - INFO - WCYKMVHQFDGRLITNEASP encoding is done for multiclass task with:
	-custom
		-f1: 0.6463105933898652
		-auroc: 0.8882632644263946
	-resnet
		-f1: 0.7485467023525484
		-auroc: 0.9392168744339188
2026-06-18 11:23:42 - __main__ - INFO - WCYKMVHQFDGRLITNEASP encoding is done for multiclass task with:
	-custom
		-f1: 0.6166451292523407
		-auroc: 0.8794522975236243
	-resnet
		-f1: 0.7215903335718278
		-auroc: 0.9328469482648754
2026-06-18 11:29:36 - __main__ - INFO - WCYKMVHQFDGRLITNEASP encoding is done for multiclass task with:
	-custom
		-f1: 0.631782211093746
		-auroc: 0.8841120801292821
	-resnet
		-f1: 0.7642912946749076
		-auroc: 0.9439446469835037
2026-06-18 11:35:26 - __main__ - INFO - WCYKMVHQFDGRLITNEASP encoding is done for multiclass task with:
	-custom
		-f1: 0.6473810844534589
		-auroc: 0.8886427954251849
	-resnet
		-f1: 0.7786791847490885
		-auroc: 0.946887458374502
2026-06-18 11:41:21 - __main__ - INFO - WCYKMVHQFDGRLITNEASP encoding is done for multiclass task with:
	-custom
		-f1: 0.6528543675216498
		-auroc: 0.8905827037266519
	-resnet
		-f1: 0.7757052756395979
		-auroc: 0.9469349144410447
2026-06-18 11:47:12 - __main__ - INFO - WCYKMVHQFDGRLITNEASP encoding is done for multiclass task with:
	-custom
		-f1: 0.6513704726498677
		-auroc: 0.8901767070692598
	-resnet
		-f1: 0.758970172326186
		-auroc: 0.9422488524347277
2026-06-18 11:53:07 - __main__ - INFO - WCYKMVHQFDGRLITNEASP encoding is done for multiclass task with:
	-custom
		-f1: 0.6465373227739095
		-auroc: 0.885592456901805
	-resnet
		-f1: 0.7804525685522121
		-auroc: 0.9458417472456977
2026-06-18 11:59:02 - __main__ - INFO - WCYKMVHQFDGRLITNEASP encoding is done for multiclass task with:
	-custom
		-f1: 0.6189606764386022
		-auroc: 0.8827421940042569
	-resnet
		-f1: 0.7510234022337828
		-auroc: 0.9394941546915472
2026-06-18 12:04:55 - __main__ - INFO - WCYKMVHQFDGRLITNEASP encoding is done for multiclass task with:
	-custom
		-f1: 0.6425143593209365
		-auroc: 0.8875827180999476
	-resnet
		-f1: 0.7367043836735918
		-auroc: 0.9364510917503889
2026-06-18 12:10:51 - __main__ - INFO - WCYKMVHQFDGRLITNEASP encoding is done for multiclass task with:
	-custom
		-f1: 0.6360471193160195
		-auroc: 0.8878890110905054
	-resnet
		-f1: 0.7440046794213573
		-auroc: 0.9413435372737398
2026-06-18 12:16:46 - __main__ - INFO - WCYKMVHQFDGRLITNEASP encoding is done for multiclass task with:
	-custom
		-f1: 0.619947311929895
		-auroc: 0.8788913948286782
	-resnet
		-f1: 0.7665135939590947
		-auroc: 0.9392819946254996
2026-06-18 12:22:39 - __main__ - INFO - WCYKMVHQFDGRLITNEASP encoding is done for multiclass task with:
	-custom
		-f1: 0.631117210118111
		-auroc: 0.8817132150689323
	-resnet
		-f1: 0.7517833280846599
		-auroc: 0.9366621051900521
2026-06-18 12:28:33 - __main__ - INFO - WCYKMVHQFDGRLITNEASP encoding is done for multiclass task with:
	-custom
		-f1: 0.6318270322920185
		-auroc: 0.879043882872573
	-resnet
		-f1: 0.7708660829830517
		-auroc: 0.9457171718739066
2026-06-18 12:34:28 - __main__ - INFO - WCYKMVHQFDGRLITNEASP encoding is done for multiclass task with:
	-custom
		-f1: 0.6189400679504716
		-auroc: 0.8806050154918083
	-resnet
		-f1: 0.7703319361153067
		-auroc: 0.9430355246788092
2026-06-18 12:40:23 - __main__ - INFO - WCYKMVHQFDGRLITNEASP encoding is done for multiclass task with:
	-custom
		-f1: 0.6477024384314675
		-auroc: 0.891884741239952
	-resnet
		-f1: 0.7347955341999027
		-auroc: 0.937521574542185
2026-06-18 12:46:15 - __main__ - INFO - WCYKMVHQFDGRLITNEASP encoding is done for multiclass task with:
	-custom
		-f1: 0.6347264952749934
		-auroc: 0.8840792474376247
	-resnet
		-f1: 0.7491288806834993
		-auroc: 0.9275954595973814
2026-06-18 12:52:06 - __main__ - INFO - WCYKMVHQFDGRLITNEASP encoding is done for multiclass task with:
	-custom
		-f1: 0.639812497106106
		-auroc: 0.8872780585853904
	-resnet
		-f1: 0.7666072385733026
		-auroc: 0.941960116744692
2026-06-18 12:58:01 - __main__ - INFO - WCYKMVHQFDGRLITNEASP encoding is done for multiclass task with:
	-custom
		-f1: 0.6336165572993728
		-auroc: 0.8819455239155223
	-resnet
		-f1: 0.7816857818817768
		-auroc: 0.9434016619528448
2026-06-18 13:03:55 - __main__ - INFO - WCYKMVHQFDGRLITNEASP encoding is done for multiclass task with:
	-custom
		-f1: 0.6368078460535638
		-auroc: 0.883636878123316
	-resnet
		-f1: 0.7403729433032215
		-auroc: 0.9360618963114261
2026-06-18 13:09:52 - __main__ - INFO - WCYKMVHQFDGRLITNEASP encoding is done for multiclass task with:
	-custom
		-f1: 0.6264965753891766
		-auroc: 0.8824602156969006
	-resnet
		-f1: 0.7390175555660671
		-auroc: 0.9361426777377501
2026-06-18 13:15:46 - __main__ - INFO - WCYKMVHQFDGRLITNEASP encoding is done for multiclass task with:
	-custom
		-f1: 0.6316055811612576
		-auroc: 0.8816457053506392
	-resnet
		-f1: 0.7669982820136381
		-auroc: 0.9425802646348993
2026-06-18 13:21:41 - __main__ - INFO - WCYKMVHQFDGRLITNEASP encoding is done for multiclass task with:
	-custom
		-f1: 0.6303218435054015
		-auroc: 0.8847540685264184
	-resnet
		-f1: 0.7694206428862739
		-auroc: 0.94476176904786
2026-06-18 13:27:25 - __main__ - INFO - WCYKMVHQFDGRLITNEASP encoding is done for multiclass task with:
	-custom
		-f1: 0.6213958886799881
		-auroc: 0.8803171242277263
	-resnet
		-f1: 0.7780891691469861
		-auroc: 0.9472805167451549
2026-06-18 13:33:20 - __main__ - INFO - WCYKMVHQFDGRLITNEASP encoding is done for multiclass task with:
	-custom
		-f1: 0.6495210408193829
		-auroc: 0.889475004797819
	-resnet
		-f1: 0.7518549171948701
		-auroc: 0.9410432434361342
2026-06-18 13:39:13 - __main__ - INFO - WCYKMVHQFDGRLITNEASP encoding is done for multiclass task with:
	-custom
		-f1: 0.6340535063540972
		-auroc: 0.8835930519117039
	-resnet
		-f1: 0.7710020052059943
		-auroc: 0.9464661307906587
2026-06-18 13:45:09 - __main__ - INFO - WCYKMVHQFDGRLITNEASP encoding is done for multiclass task with:
	-custom
		-f1: 0.6353991466316044
		-auroc: 0.8849983406576933
	-resnet
		-f1: 0.7338254014693687
		-auroc: 0.9349308946872998
2026-06-18 13:51:05 - __main__ - INFO - WCYKMVHQFDGRLITNEASP encoding is done for multiclass task with:
	-custom
		-f1: 0.642637004993475
		-auroc: 0.8868081054201022
	-resnet
		-f1: 0.7116790969806184
		-auroc: 0.9340434964151113
2026-06-18 13:56:59 - __main__ - INFO - WCYKMVHQFDGRLITNEASP encoding is done for multiclass task with:
	-custom
		-f1: 0.6426577870734007
		-auroc: 0.8860193991598617
	-resnet
		-f1: 0.7854168010081628
		-auroc: 0.9478038336750693
2026-06-18 14:02:51 - __main__ - INFO - WCYKMVHQFDGRLITNEASP encoding is done for multiclass task with:
	-custom
		-f1: 0.6493471902290249
		-auroc: 0.8882666323363526
	-resnet
		-f1: 0.7104180205664017
		-auroc: 0.930080748222486
2026-06-18 14:08:46 - __main__ - INFO - WCYKMVHQFDGRLITNEASP encoding is done for multiclass task with:
	-custom
		-f1: 0.6168301210380558
		-auroc: 0.8763857507317985
	-resnet
		-f1: 0.7573652362097032
		-auroc: 0.9461292477542991
2026-06-18 14:14:29 - __main__ - INFO - WCYKMVHQFDGRLITNEASP encoding is done for multiclass task with:
	-custom
		-f1: 0.6218436503284928
		-auroc: 0.882345664812742
	-resnet
		-f1: 0.7527921705305459
		-auroc: 0.9381032680223935
2026-06-18 14:20:24 - __main__ - INFO - WCYKMVHQFDGRLITNEASP encoding is done for multiclass task with:
	-custom
		-f1: 0.6327279854616659
		-auroc: 0.8832312936194835
	-resnet
		-f1: 0.7713815885065889
		-auroc: 0.9428593765860445
2026-06-18 14:26:18 - __main__ - INFO - WCYKMVHQFDGRLITNEASP encoding is done for multiclass task with:
	-custom
		-f1: 0.6356490006836714
		-auroc: 0.8831853599904564
	-resnet
		-f1: 0.7266672888881446
		-auroc: 0.9390774063134317
2026-06-18 14:32:09 - __main__ - INFO - WCYKMVHQFDGRLITNEASP encoding is done for multiclass task with:
	-custom
		-f1: 0.6242963670309984
		-auroc: 0.880750794623728
	-resnet
		-f1: 0.7329103065108721
		-auroc: 0.9350811472803461
2026-06-18 14:38:04 - __main__ - INFO - WCYKMVHQFDGRLITNEASP encoding is done for multiclass task with:
	-custom
		-f1: 0.6552675376018012
		-auroc: 0.8888053637495263
	-resnet
		-f1: 0.7720342747044608
		-auroc: 0.9453259066766215
2026-06-18 14:44:00 - __main__ - INFO - WCYKMVHQFDGRLITNEASP encoding is done for multiclass task with:
	-custom
		-f1: 0.6298729507633426
		-auroc: 0.8848434228306601
	-resnet
		-f1: 0.7699988039480234
		-auroc: 0.9477411369000303
2026-06-18 14:49:54 - __main__ - INFO - WCYKMVHQFDGRLITNEASP encoding is done for multiclass task with:
	-custom
		-f1: 0.6179588105546292
		-auroc: 0.8764333225601882
	-resnet
		-f1: 0.7673318324722957
		-auroc: 0.9413385508442145
2026-06-18 14:55:49 - __main__ - INFO - WCYKMVHQFDGRLITNEASP encoding is done for multiclass task with:
	-custom
		-f1: 0.624372237509268
		-auroc: 0.8814997437074084
	-resnet
		-f1: 0.7562607712377193
		-auroc: 0.9442842617433286
2026-06-18 15:01:42 - __main__ - INFO - WCYKMVHQFDGRLITNEASP encoding is done for multiclass task with:
	-custom
		-f1: 0.623952955427368
		-auroc: 0.8824289165470794
	-resnet
		-f1: 0.7600184839220505
		-auroc: 0.938201876786146
2026-06-18 15:07:36 - __main__ - INFO - WCYKMVHQFDGRLITNEASP encoding is done for multiclass task with:
	-custom
		-f1: 0.6231301948284373
		-auroc: 0.8770268486373581
	-resnet
		-f1: 0.7698140639844135
		-auroc: 0.9447145292398152
2026-06-18 15:13:27 - __main__ - INFO - WCYKMVHQFDGRLITNEASP encoding is done for multiclass task with:
	-custom
		-f1: 0.6533512992294828
		-auroc: 0.8885296962880211
	-resnet
		-f1: 0.6929663150282686
		-auroc: 0.9361867486059005
2026-06-18 15:19:24 - __main__ - INFO - WCYKMVHQFDGRLITNEASP encoding is done for multiclass task with:
	-custom
		-f1: 0.6400339519659226
		-auroc: 0.883140412783618
	-resnet
		-f1: 0.7789056867877366
		-auroc: 0.9431996722037065
2026-06-18 15:25:17 - __main__ - INFO - WCYKMVHQFDGRLITNEASP encoding is done for multiclass task with:
	-custom
		-f1: 0.6197965711427416
		-auroc: 0.8777588119124798
	-resnet
		-f1: 0.7493050340761513
		-auroc: 0.9363983473913253
2026-06-18 15:31:11 - __main__ - INFO - WCYKMVHQFDGRLITNEASP encoding is done for multiclass task with:
	-custom
		-f1: 0.632312666809389
		-auroc: 0.8791412705740032
	-resnet
		-f1: 0.7616332654555767
		-auroc: 0.939992398760532
2026-06-18 15:37:05 - __main__ - INFO - WCYKMVHQFDGRLITNEASP encoding is done for multiclass task with:
	-custom
		-f1: 0.6391455589992658
		-auroc: 0.8834355983549
	-resnet
		-f1: 0.7772249462960091
		-auroc: 0.9451825698548701
2026-06-18 15:42:59 - __main__ - INFO - WCYKMVHQFDGRLITNEASP encoding is done for multiclass task with:
	-custom
		-f1: 0.6246779273949824
		-auroc: 0.8835468220696677
	-resnet
		-f1: 0.7418805699873973
		-auroc: 0.938213585046667
2026-06-18 15:48:54 - __main__ - INFO - WCYKMVHQFDGRLITNEASP encoding is done for multiclass task with:
	-custom
		-f1: 0.6340117876493909
		-auroc: 0.8861781465225775
	-resnet
		-f1: 0.7211310434745031
		-auroc: 0.9398860560031581
2026-06-18 15:54:47 - __main__ - INFO - WCYKMVHQFDGRLITNEASP encoding is done for multiclass task with:
	-custom
		-f1: 0.6424684339838782
		-auroc: 0.8889652251743844
	-resnet
		-f1: 0.773255040720545
		-auroc: 0.9438696896075314
2026-06-18 16:00:42 - __main__ - INFO - WCYKMVHQFDGRLITNEASP encoding is done for multiclass task with:
	-custom
		-f1: 0.6347650137849284
		-auroc: 0.8852068671047393
	-resnet
		-f1: 0.7223821767391048
		-auroc: 0.9381222769252151
2026-06-18 16:06:34 - __main__ - INFO - WCYKMVHQFDGRLITNEASP encoding is done for multiclass task with:
	-custom
		-f1: 0.634914791012501
		-auroc: 0.8867042079048242
	-resnet
		-f1: 0.7572406349266417
		-auroc: 0.944425906928718
2026-06-18 16:12:26 - __main__ - INFO - WCYKMVHQFDGRLITNEASP encoding is done for multiclass task with:
	-custom
		-f1: 0.6327411903320278
		-auroc: 0.8840795652919965
	-resnet
		-f1: 0.7407168996517756
		-auroc: 0.9387844819039654
2026-06-18 16:18:20 - __main__ - INFO - WCYKMVHQFDGRLITNEASP encoding is done for multiclass task with:
	-custom
		-f1: 0.6227157147590635
		-auroc: 0.8782865073380381
	-resnet
		-f1: 0.7627195780657405
		-auroc: 0.9429252705574628
2026-06-18 16:24:14 - __main__ - INFO - WCYKMVHQFDGRLITNEASP encoding is done for multiclass task with:
	-custom
		-f1: 0.6287222238710266
		-auroc: 0.8865271414437824
	-resnet
		-f1: 0.7817024181887603
		-auroc: 0.9437675870305784
2026-06-18 16:30:11 - __main__ - INFO - WCYKMVHQFDGRLITNEASP encoding is done for multiclass task with:
	-custom
		-f1: 0.6373649679725863
		-auroc: 0.8858728976758364
	-resnet
		-f1: 0.7432592266670077
		-auroc: 0.9359016700664788
2026-06-18 16:36:06 - __main__ - INFO - WCYKMVHQFDGRLITNEASP encoding is done for multiclass task with:
	-custom
		-f1: 0.6394306224507076
		-auroc: 0.8838170922643535
	-resnet
		-f1: 0.7739545508553197
		-auroc: 0.9480216355204145
2026-06-18 16:42:02 - __main__ - INFO - WCYKMVHQFDGRLITNEASP encoding is done for multiclass task with:
	-custom
		-f1: 0.6445969880333399
		-auroc: 0.8878446347877078
	-resnet
		-f1: 0.7044402802352216
		-auroc: 0.929062877331315
2026-06-18 16:47:56 - __main__ - INFO - WCYKMVHQFDGRLITNEASP encoding is done for multiclass task with:
	-custom
		-f1: 0.622638455260563
		-auroc: 0.8817924540498095
	-resnet
		-f1: 0.7580275153923851
		-auroc: 0.9425135692305908
2026-06-18 16:53:49 - __main__ - INFO - WCYKMVHQFDGRLITNEASP encoding is done for multiclass task with:
	-custom
		-f1: 0.6309982711346968
		-auroc: 0.8859392736186905
	-resnet
		-f1: 0.7003772632750589
		-auroc: 0.938012111458008
2026-06-18 16:59:42 - __main__ - INFO - WCYKMVHQFDGRLITNEASP encoding is done for multiclass task with:
	-custom
		-f1: 0.6432017128839996
		-auroc: 0.8857637964846052
	-resnet
		-f1: 0.779618253790856
		-auroc: 0.9450607243106651
2026-06-18 17:05:32 - __main__ - INFO - WCYKMVHQFDGRLITNEASP encoding is done for multiclass task with:
	-custom
		-f1: 0.6455043518174259
		-auroc: 0.8885567271652686
	-resnet
		-f1: 0.7547214783959335
		-auroc: 0.9397936659649245
2026-06-18 17:11:26 - __main__ - INFO - WCYKMVHQFDGRLITNEASP encoding is done for multiclass task with:
	-custom
		-f1: 0.6278009144303288
		-auroc: 0.8822383853305673
	-resnet
		-f1: 0.7347543103413285
		-auroc: 0.9400462790785106
2026-06-18 17:17:20 - __main__ - INFO - WCYKMVHQFDGRLITNEASP encoding is done for multiclass task with:
	-custom
		-f1: 0.6275701776030171
		-auroc: 0.8836711935931965
	-resnet
		-f1: 0.7280569947448544
		-auroc: 0.9366243804986929
2026-06-18 17:23:15 - __main__ - INFO - WCYKMVHQFDGRLITNEASP encoding is done for multiclass task with:
	-custom
		-f1: 0.6274673518541826
		-auroc: 0.881773487765577
	-resnet
		-f1: 0.7427559303247822
		-auroc: 0.938173017132408
2026-06-18 17:29:08 - __main__ - INFO - WCYKMVHQFDGRLITNEASP encoding is done for multiclass task with:
	-custom
		-f1: 0.6342950933377275
		-auroc: 0.8836426104283067
	-resnet
		-f1: 0.7694350689205018
		-auroc: 0.9435323999516909
2026-06-18 17:35:02 - __main__ - INFO - WCYKMVHQFDGRLITNEASP encoding is done for multiclass task with:
	-custom
		-f1: 0.6249891419894583
		-auroc: 0.8819648172704314
	-resnet
		-f1: 0.7812716133283979
		-auroc: 0.9446624083623043
2026-06-18 17:40:54 - __main__ - INFO - WCYKMVHQFDGRLITNEASP encoding is done for multiclass task with:
	-custom
		-f1: 0.6257656436931878
		-auroc: 0.880435534548392
	-resnet
		-f1: 0.7606835887130616
		-auroc: 0.9464077606728483
2026-06-18 17:46:49 - __main__ - INFO - WCYKMVHQFDGRLITNEASP encoding is done for multiclass task with:
	-custom
		-f1: 0.6397019891807074
		-auroc: 0.8877765594538645
	-resnet
		-f1: 0.7713616656616954
		-auroc: 0.9409982957143809
2026-06-18 17:52:44 - __main__ - INFO - WCYKMVHQFDGRLITNEASP encoding is done for multiclass task with:
	-custom
		-f1: 0.639119524390524
		-auroc: 0.8868778107568073
	-resnet
		-f1: 0.7603857424096017
		-auroc: 0.94734187659976
2026-06-18 17:58:38 - __main__ - INFO - WCYKMVHQFDGRLITNEASP encoding is done for multiclass task with:
	-custom
		-f1: 0.6103607727775756
		-auroc: 0.8768367462335602
	-resnet
		-f1: 0.7670018471581058
		-auroc: 0.9407979952337093
2026-06-18 18:04:30 - __main__ - INFO - WCYKMVHQFDGRLITNEASP encoding is done for multiclass task with:
	-custom
		-f1: 0.6383242906987474
		-auroc: 0.8840973225676066
	-resnet
		-f1: 0.7599877369826993
		-auroc: 0.9494822228227882
2026-06-18 18:10:24 - __main__ - INFO - WCYKMVHQFDGRLITNEASP encoding is done for multiclass task with:
	-custom
		-f1: 0.6282461321284386
		-auroc: 0.8825494417273637
	-resnet
		-f1: 0.7762462234350147
		-auroc: 0.9475263311741207
2026-06-18 18:16:17 - __main__ - INFO - WCYKMVHQFDGRLITNEASP encoding is done for multiclass task with:
	-custom
		-f1: 0.6349883294411375
		-auroc: 0.8859889928783329
	-resnet
		-f1: 0.752734716276658
		-auroc: 0.9403712101019905
2026-06-18 18:22:10 - __main__ - INFO - WCYKMVHQFDGRLITNEASP encoding is done for multiclass task with:
	-custom
		-f1: 0.6471947724782392
		-auroc: 0.8854102331215039
	-resnet
		-f1: 0.7673662399599345
		-auroc: 0.9452804851463495
2026-06-18 18:28:06 - __main__ - INFO - WCYKMVHQFDGRLITNEASP encoding is done for multiclass task with:
	-custom
		-f1: 0.6398204862499752
		-auroc: 0.8845007907286323
	-resnet
		-f1: 0.7557445941839256
		-auroc: 0.9408109010046672
2026-06-18 18:34:01 - __main__ - INFO - WCYKMVHQFDGRLITNEASP encoding is done for multiclass task with:
	-custom
		-f1: 0.6211715249836388
		-auroc: 0.8795528987041388
	-resnet
		-f1: 0.7584162725728513
		-auroc: 0.940830583578728
2026-06-18 18:39:57 - __main__ - INFO - WCYKMVHQFDGRLITNEASP encoding is done for multiclass task with:
	-custom
		-f1: 0.6448871439128971
		-auroc: 0.8872128746874779
	-resnet
		-f1: 0.7638958611513831
		-auroc: 0.9425321015116269
2026-06-18 18:45:50 - __main__ - INFO - WCYKMVHQFDGRLITNEASP encoding is done for multiclass task with:
	-custom
		-f1: 0.6212638259826496
		-auroc: 0.8828896780824191
	-resnet
		-f1: 0.7348969529680087
		-auroc: 0.9420458284503145
2026-06-18 18:51:47 - __main__ - INFO - WCYKMVHQFDGRLITNEASP encoding is done for multiclass task with:
	-custom
		-f1: 0.634041558186806
		-auroc: 0.8838590190696097
	-resnet
		-f1: 0.7698260582388955
		-auroc: 0.9472989929546536
2026-06-18 18:57:42 - __main__ - INFO - WCYKMVHQFDGRLITNEASP encoding is done for multiclass task with:
	-custom
		-f1: 0.6597628217886495
		-auroc: 0.8885110062026609
	-resnet
		-f1: 0.7497506681271173
		-auroc: 0.946709844621466
2026-06-18 19:03:34 - __main__ - INFO - WCYKMVHQFDGRLITNEASP encoding is done for multiclass task with:
	-custom
		-f1: 0.6356340797928858
		-auroc: 0.885222054224652
	-resnet
		-f1: 0.7769332208863736
		-auroc: 0.9479775993553222
2026-06-18 19:09:30 - __main__ - INFO - WCYKMVHQFDGRLITNEASP encoding is done for multiclass task with:
	-custom
		-f1: 0.6260797266128824
		-auroc: 0.8828476151200991
	-resnet
		-f1: 0.7636183075200867
		-auroc: 0.9395083298223298
2026-06-18 19:15:23 - __main__ - INFO - WCYKMVHQFDGRLITNEASP encoding is done for multiclass task with:
	-custom
		-f1: 0.6390665970529353
		-auroc: 0.8870040251797043
	-resnet
		-f1: 0.7740935896504723
		-auroc: 0.9420892489039165
2026-06-18 19:21:16 - __main__ - INFO - WCYKMVHQFDGRLITNEASP encoding is done for multiclass task with:
	-custom
		-f1: 0.6441308592377505
		-auroc: 0.8868553022874412
	-resnet
		-f1: 0.75695359075367
		-auroc: 0.9431457375665708
2026-06-18 19:27:08 - __main__ - INFO - WCYKMVHQFDGRLITNEASP encoding is done for multiclass task with:
	-custom
		-f1: 0.6549113446397857
		-auroc: 0.8891345679461391
	-resnet
		-f1: 0.7510944083556795
		-auroc: 0.9381820157643826
2026-06-18 19:33:03 - __main__ - INFO - WCYKMVHQFDGRLITNEASP encoding is done for multiclass task with:
	-custom
		-f1: 0.6327758750457512
		-auroc: 0.8823355406553395
	-resnet
		-f1: 0.7429574679462535
		-auroc: 0.9392021638051681
2026-06-18 19:38:54 - __main__ - INFO - WCYKMVHQFDGRLITNEASP encoding is done for multiclass task with:
	-custom
		-f1: 0.6376210020584608
		-auroc: 0.8839747580232487
	-resnet
		-f1: 0.7430879598958414
		-auroc: 0.9403982380090404
2026-06-18 19:44:45 - __main__ - INFO - WCYKMVHQFDGRLITNEASP encoding is done for multiclass task with:
	-custom
		-f1: 0.6457973768149767
		-auroc: 0.8886989870575995
	-resnet
		-f1: 0.7391654903147098
		-auroc: 0.9408144248454746
2026-06-18 19:50:42 - __main__ - INFO - WCYKMVHQFDGRLITNEASP encoding is done for multiclass task with:
	-custom
		-f1: 0.6522565610694582
		-auroc: 0.8879300801801826
	-resnet
		-f1: 0.7512879277162867
		-auroc: 0.9387257852733759
2026-06-18 19:56:34 - __main__ - INFO - WCYKMVHQFDGRLITNEASP encoding is done for multiclass task with:
	-custom
		-f1: 0.6378523035548097
		-auroc: 0.8851766803224621
	-resnet
		-f1: 0.7596417282683453
		-auroc: 0.938468459442058
2026-06-18 20:02:29 - __main__ - INFO - WCYKMVHQFDGRLITNEASP encoding is done for multiclass task with:
	-custom
		-f1: 0.6329021104579775
		-auroc: 0.8845940766143954
	-resnet
		-f1: 0.7401770830454659
		-auroc: 0.9389025466692644
2026-06-18 20:08:10 - __main__ - INFO - WCYKMVHQFDGRLITNEASP encoding is done for multiclass task with:
	-custom
		-f1: 0.6335094142067278
		-auroc: 0.8844019753563339
	-resnet
		-f1: 0.7724292012852653
		-auroc: 0.9435583281267854
2026-06-18 20:14:07 - __main__ - INFO - WCYKMVHQFDGRLITNEASP encoding is done for multiclass task with:
	-custom
		-f1: 0.6478849605166054
		-auroc: 0.8913310339351979
	-resnet
		-f1: 0.7302807457631166
		-auroc: 0.9329303422559138
2026-06-18 20:20:02 - __main__ - INFO - WCYKMVHQFDGRLITNEASP encoding is done for multiclass task with:
	-custom
		-f1: 0.6451326813475807
		-auroc: 0.8879533977467704
	-resnet
		-f1: 0.7148037317599077
		-auroc: 0.9285381533461552
2026-06-18 20:25:57 - __main__ - INFO - WCYKMVHQFDGRLITNEASP encoding is done for multiclass task with:
	-custom
		-f1: 0.6297189228403877
		-auroc: 0.8840794627964224
	-resnet
		-f1: 0.7502536635011382
		-auroc: 0.9387731429629133
2026-06-18 20:31:49 - __main__ - INFO - WCYKMVHQFDGRLITNEASP encoding is done for multiclass task with:
	-custom
		-f1: 0.6118344497302576
		-auroc: 0.8734973292128794
	-resnet
		-f1: 0.7573667227736566
		-auroc: 0.9422336670391622
2026-06-18 20:37:42 - __main__ - INFO - WCYKMVHQFDGRLITNEASP encoding is done for multiclass task with:
	-custom
		-f1: 0.6236949953242701
		-auroc: 0.8825946496280576
	-resnet
		-f1: 0.7761587727569403
		-auroc: 0.9408658535254368
2026-06-18 20:43:37 - __main__ - INFO - WCYKMVHQFDGRLITNEASP encoding is done for multiclass task with:
	-custom
		-f1: 0.6388702772246171
		-auroc: 0.8880081124334867
	-resnet
		-f1: 0.7590279858410616
		-auroc: 0.937597998610407
2026-06-18 20:49:29 - __main__ - INFO - WCYKMVHQFDGRLITNEASP encoding is done for multiclass task with:
	-custom
		-f1: 0.6224452775734947
		-auroc: 0.8795662281703864
	-resnet
		-f1: 0.773934197417711
		-auroc: 0.9467107619106454
2026-06-18 20:55:21 - __main__ - INFO - WCYKMVHQFDGRLITNEASP encoding is done for multiclass task with:
	-custom
		-f1: 0.6279415010583347
		-auroc: 0.8843598398776413
	-resnet
		-f1: 0.7365646828892534
		-auroc: 0.9401565137115764
2026-06-18 21:01:13 - __main__ - INFO - WCYKMVHQFDGRLITNEASP encoding is done for multiclass task with:
	-custom
		-f1: 0.6066751597685183
		-auroc: 0.8737879243546253
	-resnet
		-f1: 0.7474266586674067
		-auroc: 0.9370341822349249
2026-06-18 21:07:08 - __main__ - INFO - WCYKMVHQFDGRLITNEASP encoding is done for multiclass task with:
	-custom
		-f1: 0.6316471735490622
		-auroc: 0.8814102061258637
	-resnet
		-f1: 0.7773968569516746
		-auroc: 0.9455693119033368
2026-06-18 21:13:00 - __main__ - INFO - WCYKMVHQFDGRLITNEASP encoding is done for multiclass task with:
	-custom
		-f1: 0.6479504634353657
		-auroc: 0.8861812557240054
	-resnet
		-f1: 0.7436065984136663
		-auroc: 0.9409622695887231
2026-06-18 21:18:55 - __main__ - INFO - WCYKMVHQFDGRLITNEASP encoding is done for multiclass task with:
	-custom
		-f1: 0.639530543299627
		-auroc: 0.8861356646041483
	-resnet
		-f1: 0.7817265081249795
		-auroc: 0.9492063019816168
2026-06-18 21:24:48 - __main__ - INFO - WCYKMVHQFDGRLITNEASP encoding is done for multiclass task with:
	-custom
		-f1: 0.6280857286629111
		-auroc: 0.8838285713064042
	-resnet
		-f1: 0.7633227446858367
		-auroc: 0.9389767352683076
2026-06-18 21:30:39 - __main__ - INFO - WCYKMVHQFDGRLITNEASP encoding is done for multiclass task with:
	-custom
		-f1: 0.6188514151286967
		-auroc: 0.8824997412341673
	-resnet
		-f1: 0.7759087629739733
		-auroc: 0.9441168271220833
2026-06-18 21:36:37 - __main__ - INFO - WCYKMVHQFDGRLITNEASP encoding is done for multiclass task with:
	-custom
		-f1: 0.6139072673460525
		-auroc: 0.8763580537954082
	-resnet
		-f1: 0.761857331839377
		-auroc: 0.9400856562784702
2026-06-18 21:42:30 - __main__ - INFO - WCYKMVHQFDGRLITNEASP encoding is done for multiclass task with:
	-custom
		-f1: 0.6507443565530135
		-auroc: 0.8882966228426078
	-resnet
		-f1: 0.7653085998410415
		-auroc: 0.9458360065771494
2026-06-18 21:48:22 - __main__ - INFO - WCYKMVHQFDGRLITNEASP encoding is done for multiclass task with:
	-custom
		-f1: 0.6269439442632603
		-auroc: 0.8832224617897078
	-resnet
		-f1: 0.7684610155012506
		-auroc: 0.9435404709706751
2026-06-18 21:54:14 - __main__ - INFO - WCYKMVHQFDGRLITNEASP encoding is done for multiclass task with:
	-custom
		-f1: 0.6238635000446753
		-auroc: 0.8809743564889612
	-resnet
		-f1: 0.7508332505973808
		-auroc: 0.9353977645807916
2026-06-18 21:59:59 - __main__ - INFO - WCYKMVHQFDGRLITNEASP encoding is done for multiclass task with:
	-custom
		-f1: 0.6324231944955068
		-auroc: 0.8836867962823577
	-resnet
		-f1: 0.7706222679483055
		-auroc: 0.9437349104822008
2026-06-18 22:05:54 - __main__ - INFO - WCYKMVHQFDGRLITNEASP encoding is done for multiclass task with:
	-custom
		-f1: 0.621885374440383
		-auroc: 0.8786100468250184
	-resnet
		-f1: 0.7413531852868918
		-auroc: 0.9427046905355441
2026-06-18 22:11:47 - __main__ - INFO - WCYKMVHQFDGRLITNEASP encoding is done for multiclass task with:
	-custom
		-f1: 0.6480097021416306
		-auroc: 0.8870320546258373
	-resnet
		-f1: 0.7719381609164317
		-auroc: 0.9448061124296796
2026-06-18 22:17:43 - __main__ - INFO - WCYKMVHQFDGRLITNEASP encoding is done for multiclass task with:
	-custom
		-f1: 0.6419200580819844
		-auroc: 0.8869108994672901
	-resnet
		-f1: 0.7472816456789368
		-auroc: 0.9364195329148342
2026-06-18 22:23:35 - __main__ - INFO - WCYKMVHQFDGRLITNEASP encoding is done for multiclass task with:
	-custom
		-f1: 0.6335595645902297
		-auroc: 0.8820950519223245
	-resnet
		-f1: 0.7527252831547506
		-auroc: 0.9395024566878394
2026-06-18 22:29:25 - __main__ - INFO - WCYKMVHQFDGRLITNEASP encoding is done for multiclass task with:
	-custom
		-f1: 0.6496047208158726
		-auroc: 0.8908671871072441
	-resnet
		-f1: 0.7537777464718322
		-auroc: 0.9380963534191711
2026-06-18 22:35:15 - __main__ - INFO - WCYKMVHQFDGRLITNEASP encoding is done for multiclass task with:
	-custom
		-f1: 0.624883963021045
		-auroc: 0.8829995552270313
	-resnet
		-f1: 0.7568153966176207
		-auroc: 0.9394027752431265
2026-06-18 22:41:07 - __main__ - INFO - WCYKMVHQFDGRLITNEASP encoding is done for multiclass task with:
	-custom
		-f1: 0.6454481993285235
		-auroc: 0.8888289727932929
	-resnet
		-f1: 0.7396199324862077
		-auroc: 0.9433274036902501
2026-06-18 22:47:00 - __main__ - INFO - WCYKMVHQFDGRLITNEASP encoding is done for multiclass task with:
	-custom
		-f1: 0.6225650507029303
		-auroc: 0.8798331774932857
	-resnet
		-f1: 0.733926362696136
		-auroc: 0.9356115428386254
2026-06-18 22:52:54 - __main__ - INFO - WCYKMVHQFDGRLITNEASP encoding is done for multiclass task with:
	-custom
		-f1: 0.6276404197153616
		-auroc: 0.8821931622340233
	-resnet
		-f1: 0.7605272221517682
		-auroc: 0.945837702721042
2026-06-18 22:58:46 - __main__ - INFO - WCYKMVHQFDGRLITNEASP encoding is done for multiclass task with:
	-custom
		-f1: 0.6282819958971995
		-auroc: 0.886138868476041
	-resnet
		-f1: 0.7335708638211295
		-auroc: 0.9408218604118552
2026-06-18 23:04:38 - __main__ - INFO - WCYKMVHQFDGRLITNEASP encoding is done for multiclass task with:
	-custom
		-f1: 0.6433910809800565
		-auroc: 0.8883574109093875
	-resnet
		-f1: 0.749552206447462
		-auroc: 0.941354578424028
2026-06-18 23:10:26 - __main__ - INFO - WCYKMVHQFDGRLITNEASP encoding is done for multiclass task with:
	-custom
		-f1: 0.6198126475988961
		-auroc: 0.8794349434073092
	-resnet
		-f1: 0.756889081715614
		-auroc: 0.9375868927771508
2026-06-18 23:16:13 - __main__ - INFO - WCYKMVHQFDGRLITNEASP encoding is done for multiclass task with:
	-custom
		-f1: 0.6353969407211112
		-auroc: 0.8845206976849862
	-resnet
		-f1: 0.7434763820179053
		-auroc: 0.9388742732205003
2026-06-18 23:22:02 - __main__ - INFO - WCYKMVHQFDGRLITNEASP encoding is done for multiclass task with:
	-custom
		-f1: 0.6491202849878507
		-auroc: 0.8923488667175465
	-resnet
		-f1: 0.7737433354380434
		-auroc: 0.9437673717978001
2026-06-18 23:27:55 - __main__ - INFO - WCYKMVHQFDGRLITNEASP encoding is done for multiclass task with:
	-custom
		-f1: 0.6293299296936057
		-auroc: 0.882932998877493
	-resnet
		-f1: 0.775629497848325
		-auroc: 0.9421473612370072
2026-06-18 23:33:42 - __main__ - INFO - WCYKMVHQFDGRLITNEASP encoding is done for multiclass task with:
	-custom
		-f1: 0.62265907546039
		-auroc: 0.8788949175189685
	-resnet
		-f1: 0.761149362844371
		-auroc: 0.9414081354248293
2026-06-18 23:39:34 - __main__ - INFO - WCYKMVHQFDGRLITNEASP encoding is done for multiclass task with:
	-custom
		-f1: 0.6326178404145755
		-auroc: 0.8840445804915408
	-resnet
		-f1: 0.7629303002642461
		-auroc: 0.9449230634438305
2026-06-18 23:45:27 - __main__ - INFO - WCYKMVHQFDGRLITNEASP encoding is done for multiclass task with:
	-custom
		-f1: 0.6452046541462919
		-auroc: 0.8872381998303938
	-resnet
		-f1: 0.751705123942944
		-auroc: 0.9410624916645357
2026-06-18 23:51:15 - __main__ - INFO - WCYKMVHQFDGRLITNEASP encoding is done for multiclass task with:
	-custom
		-f1: 0.6360575892443936
		-auroc: 0.8824091275817769
	-resnet
		-f1: 0.7726542949293627
		-auroc: 0.9391439258559002
2026-06-18 23:57:07 - __main__ - INFO - WCYKMVHQFDGRLITNEASP encoding is done for multiclass task with:
	-custom
		-f1: 0.6364850462856161
		-auroc: 0.884343367170976
	-resnet
		-f1: 0.7001582158247803
		-auroc: 0.9340275888354531
2026-06-19 00:03:01 - __main__ - INFO - WCYKMVHQFDGRLITNEASP encoding is done for multiclass task with:
	-custom
		-f1: 0.628733285644404
		-auroc: 0.8813137070774555
	-resnet
		-f1: 0.7615038698518121
		-auroc: 0.9416941269422697
2026-06-19 00:08:52 - __main__ - INFO - WCYKMVHQFDGRLITNEASP encoding is done for multiclass task with:
	-custom
		-f1: 0.6321660244773342
		-auroc: 0.882134404297666
	-resnet
		-f1: 0.7669261997740673
		-auroc: 0.9439602965463887
2026-06-19 00:14:47 - __main__ - INFO - WCYKMVHQFDGRLITNEASP encoding is done for multiclass task with:
	-custom
		-f1: 0.6366522996492433
		-auroc: 0.8854271464151848
	-resnet
		-f1: 0.7770032657123787
		-auroc: 0.9474020886424258
2026-06-19 00:20:39 - __main__ - INFO - WCYKMVHQFDGRLITNEASP encoding is done for multiclass task with:
	-custom
		-f1: 0.6220779844729573
		-auroc: 0.8795706997003997
	-resnet
		-f1: 0.7435748532754091
		-auroc: 0.9394559543359424
2026-06-19 00:26:29 - __main__ - INFO - WCYKMVHQFDGRLITNEASP encoding is done for multiclass task with:
	-custom
		-f1: 0.631220725788036
		-auroc: 0.8849270558092035
	-resnet
		-f1: 0.7791979236073995
		-auroc: 0.9419671910651315
2026-06-19 00:32:20 - __main__ - INFO - WCYKMVHQFDGRLITNEASP encoding is done for multiclass task with:
	-custom
		-f1: 0.6089783333300898
		-auroc: 0.8744773514260862
	-resnet
		-f1: 0.7334443466072663
		-auroc: 0.9376114504440457
2026-06-19 00:38:10 - __main__ - INFO - WCYKMVHQFDGRLITNEASP encoding is done for multiclass task with:
	-custom
		-f1: 0.6419944333576385
		-auroc: 0.8847479774028251
	-resnet
		-f1: 0.7538058291828214
		-auroc: 0.940958187112377
2026-06-19 00:43:59 - __main__ - INFO - WCYKMVHQFDGRLITNEASP encoding is done for multiclass task with:
	-custom
		-f1: 0.6355801124668183
		-auroc: 0.8855833544410814
	-resnet
		-f1: 0.7608129396874337
		-auroc: 0.9423941993828165
2026-06-19 00:49:50 - __main__ - INFO - WCYKMVHQFDGRLITNEASP encoding is done for multiclass task with:
	-custom
		-f1: 0.6275864363543102
		-auroc: 0.8833276009472899
	-resnet
		-f1: 0.75355789608704
		-auroc: 0.9404742894170385
2026-06-19 00:55:43 - __main__ - INFO - WCYKMVHQFDGRLITNEASP encoding is done for multiclass task with:
	-custom
		-f1: 0.6330427156421716
		-auroc: 0.8814331798235665
	-resnet
		-f1: 0.7683521848631385
		-auroc: 0.9450840087414427
2026-06-19 01:01:35 - __main__ - INFO - WCYKMVHQFDGRLITNEASP encoding is done for multiclass task with:
	-custom
		-f1: 0.6335036065285743
		-auroc: 0.8819962365453445
	-resnet
		-f1: 0.7795789623533741
		-auroc: 0.9445214962836751
2026-06-19 01:07:27 - __main__ - INFO - WCYKMVHQFDGRLITNEASP encoding is done for multiclass task with:
	-custom
		-f1: 0.6372229318021354
		-auroc: 0.8888073570286018
	-resnet
		-f1: 0.7508168060056208
		-auroc: 0.9460196113252477
2026-06-19 01:13:20 - __main__ - INFO - WCYKMVHQFDGRLITNEASP encoding is done for multiclass task with:
	-custom
		-f1: 0.6347060551316559
		-auroc: 0.8848375291218968
	-resnet
		-f1: 0.7375251518676795
		-auroc: 0.9380036223722736
2026-06-19 01:19:03 - __main__ - INFO - WCYKMVHQFDGRLITNEASP encoding is done for multiclass task with:
	-custom
		-f1: 0.652470717582862
		-auroc: 0.8865352660846622
	-resnet
		-f1: 0.7788286165803953
		-auroc: 0.9470843699295746
2026-06-19 01:24:56 - __main__ - INFO - WCYKMVHQFDGRLITNEASP encoding is done for multiclass task with:
	-custom
		-f1: 0.6309058391058986
		-auroc: 0.8870177413518541
	-resnet
		-f1: 0.7727745995842
		-auroc: 0.945984265229191
2026-06-19 01:30:49 - __main__ - INFO - WCYKMVHQFDGRLITNEASP encoding is done for multiclass task with:
	-custom
		-f1: 0.6389502832954073
		-auroc: 0.8857566788430422
	-resnet
		-f1: 0.7147950271470522
		-auroc: 0.940189352940822
2026-06-19 01:36:38 - __main__ - INFO - WCYKMVHQFDGRLITNEASP encoding is done for multiclass task with:
	-custom
		-f1: 0.6498529929680752
		-auroc: 0.8870747215721453
	-resnet
		-f1: 0.7716212258785748
		-auroc: 0.9464784202413498
2026-06-19 01:42:22 - __main__ - INFO - WCYKMVHQFDGRLITNEASP encoding is done for multiclass task with:
	-custom
		-f1: 0.6274074047338963
		-auroc: 0.8784300263664397
	-resnet
		-f1: 0.731137949939269
		-auroc: 0.9324238949960139
2026-06-19 01:48:12 - __main__ - INFO - WCYKMVHQFDGRLITNEASP encoding is done for multiclass task with:
	-custom
		-f1: 0.639561307519392
		-auroc: 0.8840245926613426
	-resnet
		-f1: 0.7416250890652375
		-auroc: 0.9394355495280857
2026-06-19 01:54:05 - __main__ - INFO - WCYKMVHQFDGRLITNEASP encoding is done for multiclass task with:
	-custom
		-f1: 0.6309101558394745
		-auroc: 0.8827593468425967
	-resnet
		-f1: 0.7776531658163878
		-auroc: 0.9407934809666788
2026-06-19 01:59:57 - __main__ - INFO - WCYKMVHQFDGRLITNEASP encoding is done for multiclass task with:
	-custom
		-f1: 0.641865607750946
		-auroc: 0.8878924237278133
	-resnet
		-f1: 0.7765078336493723
		-auroc: 0.9426365992341894
2026-06-19 02:05:49 - __main__ - INFO - WCYKMVHQFDGRLITNEASP encoding is done for multiclass task with:
	-custom
		-f1: 0.6338453522835678
		-auroc: 0.8837175871495189
	-resnet
		-f1: 0.7591665355418306
		-auroc: 0.9356237120392427
2026-06-19 02:11:40 - __main__ - INFO - WCYKMVHQFDGRLITNEASP encoding is done for multiclass task with:
	-custom
		-f1: 0.6518216470905782
		-auroc: 0.8880308731971681
	-resnet
		-f1: 0.7845301369170269
		-auroc: 0.9436216303615167
2026-06-19 02:17:34 - __main__ - INFO - WCYKMVHQFDGRLITNEASP encoding is done for multiclass task with:
	-custom
		-f1: 0.6486640775555462
		-auroc: 0.8884703024397099
	-resnet
		-f1: 0.7804585597598415
		-auroc: 0.9468757039963178
2026-06-19 02:23:25 - __main__ - INFO - WCYKMVHQFDGRLITNEASP encoding is done for multiclass task with:
	-custom
		-f1: 0.6205340247337962
		-auroc: 0.879636593226922
	-resnet
		-f1: 0.7730414242783811
		-auroc: 0.9438767398719751
2026-06-19 02:29:18 - __main__ - INFO - WCYKMVHQFDGRLITNEASP encoding is done for multiclass task with:
	-custom
		-f1: 0.6309687538455832
		-auroc: 0.8861451725285263
	-resnet
		-f1: 0.7330834526685905
		-auroc: 0.9342053125423343
2026-06-19 02:35:09 - __main__ - INFO - WCYKMVHQFDGRLITNEASP encoding is done for multiclass task with:
	-custom
		-f1: 0.62342684110032
		-auroc: 0.8788610892334597
	-resnet
		-f1: 0.7710187254410069
		-auroc: 0.9428818918196125
2026-06-19 02:40:56 - __main__ - INFO - WCYKMVHQFDGRLITNEASP encoding is done for multiclass task with:
	-custom
		-f1: 0.6342354336699702
		-auroc: 0.8864852028358898
	-resnet
		-f1: 0.7764777183857612
		-auroc: 0.9454647794904318
2026-06-19 02:46:48 - __main__ - INFO - WCYKMVHQFDGRLITNEASP encoding is done for multiclass task with:
	-custom
		-f1: 0.6470636369509298
		-auroc: 0.8874233496576263
	-resnet
		-f1: 0.7673876479677889
		-auroc: 0.9435919026632519
2026-06-19 02:52:37 - __main__ - INFO - WCYKMVHQFDGRLITNEASP encoding is done for multiclass task with:
	-custom
		-f1: 0.6298621586649626
		-auroc: 0.8818657495678168
	-resnet
		-f1: 0.7918884708156966
		-auroc: 0.9469155194246369
2026-06-19 02:58:32 - __main__ - INFO - WCYKMVHQFDGRLITNEASP encoding is done for multiclass task with:
	-custom
		-f1: 0.6408265728496261
		-auroc: 0.8823093120528988
	-resnet
		-f1: 0.7777470847532288
		-auroc: 0.9457299937950729
2026-06-19 03:04:22 - __main__ - INFO - WCYKMVHQFDGRLITNEASP encoding is done for multiclass task with:
	-custom
		-f1: 0.6428963319365588
		-auroc: 0.8881228492814275
	-resnet
		-f1: 0.7680286183680222
		-auroc: 0.938119355366082
2026-06-19 03:10:15 - __main__ - INFO - WCYKMVHQFDGRLITNEASP encoding is done for multiclass task with:
	-custom
		-f1: 0.6472246145295271
		-auroc: 0.8907488802772094
	-resnet
		-f1: 0.7683028334085382
		-auroc: 0.9411849678468454
2026-06-19 03:15:59 - __main__ - INFO - WCYKMVHQFDGRLITNEASP encoding is done for multiclass task with:
	-custom
		-f1: 0.6330580660814976
		-auroc: 0.8848096186038126
	-resnet
		-f1: 0.7584819254914523
		-auroc: 0.9444648668141216
2026-06-19 03:21:51 - __main__ - INFO - WCYKMVHQFDGRLITNEASP encoding is done for multiclass task with:
	-custom
		-f1: 0.6356845722162939
		-auroc: 0.88611859430273
	-resnet
		-f1: 0.7371781003615955
		-auroc: 0.9429479409470408
2026-06-19 03:27:39 - __main__ - INFO - WCYKMVHQFDGRLITNEASP encoding is done for multiclass task with:
	-custom
		-f1: 0.6393880856225274
		-auroc: 0.8852898598122646
	-resnet
		-f1: 0.7668022727899503
		-auroc: 0.9411278976990657
2026-06-19 03:33:32 - __main__ - INFO - WCYKMVHQFDGRLITNEASP encoding is done for multiclass task with:
	-custom
		-f1: 0.6430539657980527
		-auroc: 0.8852551588141788
	-resnet
		-f1: 0.765836366804685
		-auroc: 0.9424429697288434
2026-06-19 03:39:19 - __main__ - INFO - WCYKMVHQFDGRLITNEASP encoding is done for multiclass task with:
	-custom
		-f1: 0.6292921646127648
		-auroc: 0.8819739519601324
	-resnet
		-f1: 0.7618929338967855
		-auroc: 0.9424414121280209
2026-06-19 03:45:12 - __main__ - INFO - WCYKMVHQFDGRLITNEASP encoding is done for multiclass task with:
	-custom
		-f1: 0.621017463278936
		-auroc: 0.8796826295286099
	-resnet
		-f1: 0.7565979428650966
		-auroc: 0.9357467461443235
2026-06-19 03:51:03 - __main__ - INFO - WCYKMVHQFDGRLITNEASP encoding is done for multiclass task with:
	-custom
		-f1: 0.6372896010785944
		-auroc: 0.8863180924183194
	-resnet
		-f1: 0.7611367805401458
		-auroc: 0.937156174583998
2026-06-19 03:56:54 - __main__ - INFO - WCYKMVHQFDGRLITNEASP encoding is done for multiclass task with:
	-custom
		-f1: 0.6507522452605825
		-auroc: 0.8895026613455256
	-resnet
		-f1: 0.7574511939063022
		-auroc: 0.9428940698603127
2026-06-19 04:02:44 - __main__ - INFO - WCYKMVHQFDGRLITNEASP encoding is done for multiclass task with:
	-custom
		-f1: 0.6323002715817378
		-auroc: 0.8850830531411322
	-resnet
		-f1: 0.727779491636957
		-auroc: 0.9384891479144887
2026-06-19 04:08:34 - __main__ - INFO - WCYKMVHQFDGRLITNEASP encoding is done for multiclass task with:
	-custom
		-f1: 0.6321819462408088
		-auroc: 0.8822172802151951
	-resnet
		-f1: 0.7491333215670772
		-auroc: 0.9396690644379107
2026-06-19 04:14:27 - __main__ - INFO - WCYKMVHQFDGRLITNEASP encoding is done for multiclass task with:
	-custom
		-f1: 0.6408824565939397
		-auroc: 0.8878932367938116
	-resnet
		-f1: 0.7643169521226131
		-auroc: 0.9427281067018976
2026-06-19 04:20:21 - __main__ - INFO - WCYKMVHQFDGRLITNEASP encoding is done for multiclass task with:
	-custom
		-f1: 0.6452946651749141
		-auroc: 0.8879749791363902
	-resnet
		-f1: 0.7186832717001258
		-auroc: 0.9350093115583817
2026-06-19 04:26:15 - __main__ - INFO - WCYKMVHQFDGRLITNEASP encoding is done for multiclass task with:
	-custom
		-f1: 0.6078402724701206
		-auroc: 0.8766111211153775
	-resnet
		-f1: 0.7641181939129804
		-auroc: 0.9452822846491251
2026-06-19 04:32:04 - __main__ - INFO - WCYKMVHQFDGRLITNEASP encoding is done for multiclass task with:
	-custom
		-f1: 0.6287502589256792
		-auroc: 0.8819779886411705
	-resnet
		-f1: 0.7687293810240022
		-auroc: 0.9442629254247914
2026-06-19 04:37:52 - __main__ - INFO - WCYKMVHQFDGRLITNEASP encoding is done for multiclass task with:
	-custom
		-f1: 0.6192639429627048
		-auroc: 0.8807503043256026
	-resnet
		-f1: 0.7612233334549939
		-auroc: 0.9362457204084944
2026-06-19 04:43:44 - __main__ - INFO - WCYKMVHQFDGRLITNEASP encoding is done for multiclass task with:
	-custom
		-f1: 0.6336940435380477
		-auroc: 0.8819408472969477
	-resnet
		-f1: 0.7622315835106191
		-auroc: 0.9447809820938412
2026-06-19 04:49:35 - __main__ - INFO - WCYKMVHQFDGRLITNEASP encoding is done for multiclass task with:
	-custom
		-f1: 0.6180637633517356
		-auroc: 0.8796408501670012
	-resnet
		-f1: 0.7543041381105718
		-auroc: 0.9422170985579573
2026-06-19 04:55:27 - __main__ - INFO - WCYKMVHQFDGRLITNEASP encoding is done for multiclass task with:
	-custom
		-f1: 0.6430013042687335
		-auroc: 0.8882772623763431
	-resnet
		-f1: 0.7341733609948754
		-auroc: 0.9294260421049992
2026-06-19 05:01:15 - __main__ - INFO - WCYKMVHQFDGRLITNEASP encoding is done for multiclass task with:
	-custom
		-f1: 0.6323812156830251
		-auroc: 0.8838801403455134
	-resnet
		-f1: 0.7233847117006125
		-auroc: 0.9335156148001527
2026-06-19 05:07:06 - __main__ - INFO - WCYKMVHQFDGRLITNEASP encoding is done for multiclass task with:
	-custom
		-f1: 0.6354489622455839
		-auroc: 0.8841595274810663
	-resnet
		-f1: 0.7310655609515658
		-auroc: 0.9405066979454201
2026-06-19 05:12:59 - __main__ - INFO - WCYKMVHQFDGRLITNEASP encoding is done for multiclass task with:
	-custom
		-f1: 0.6335548227407048
		-auroc: 0.8848444722207883
	-resnet
		-f1: 0.7636364523914244
		-auroc: 0.945417987335744
2026-06-19 05:18:50 - __main__ - INFO - WCYKMVHQFDGRLITNEASP encoding is done for multiclass task with:
	-custom
		-f1: 0.6535236278373585
		-auroc: 0.8917857106281474
	-resnet
		-f1: 0.7772412069022693
		-auroc: 0.9458175046988376
2026-06-19 05:24:37 - __main__ - INFO - WCYKMVHQFDGRLITNEASP encoding is done for multiclass task with:
	-custom
		-f1: 0.6346204040004189
		-auroc: 0.8849141802054055
	-resnet
		-f1: 0.7279758838741056
		-auroc: 0.9387415248838463
2026-06-19 05:30:29 - __main__ - INFO - WCYKMVHQFDGRLITNEASP encoding is done for multiclass task with:
	-custom
		-f1: 0.6314430868887643
		-auroc: 0.8843149762256374
	-resnet
		-f1: 0.7633406070768106
		-auroc: 0.9377524802057489
2026-06-19 05:36:20 - __main__ - INFO - WCYKMVHQFDGRLITNEASP encoding is done for multiclass task with:
	-custom
		-f1: 0.6335049111566831
		-auroc: 0.8842790864937214
	-resnet
		-f1: 0.7596806226222661
		-auroc: 0.9438029054769832
2026-06-19 05:42:07 - __main__ - INFO - WCYKMVHQFDGRLITNEASP encoding is done for multiclass task with:
	-custom
		-f1: 0.6333705783601524
		-auroc: 0.8870696895316315
	-resnet
		-f1: 0.7540027264252974
		-auroc: 0.9418478560075829
2026-06-19 05:47:56 - __main__ - INFO - WCYKMVHQFDGRLITNEASP encoding is done for multiclass task with:
	-custom
		-f1: 0.6027290629456653
		-auroc: 0.8761622937129718
	-resnet
		-f1: 0.7392731075387614
		-auroc: 0.9382822501034369
2026-06-19 05:53:49 - __main__ - INFO - WCYKMVHQFDGRLITNEASP encoding is done for multiclass task with:
	-custom
		-f1: 0.6408857700107445
		-auroc: 0.8867163082375888
	-resnet
		-f1: 0.7295884368929559
		-auroc: 0.9378442758046596
2026-06-19 05:59:42 - __main__ - INFO - WCYKMVHQFDGRLITNEASP encoding is done for multiclass task with:
	-custom
		-f1: 0.6291406458023927
		-auroc: 0.8833980485762147
	-resnet
		-f1: 0.7751546025416349
		-auroc: 0.9457831877447352
2026-06-19 06:05:34 - __main__ - INFO - WCYKMVHQFDGRLITNEASP encoding is done for multiclass task with:
	-custom
		-f1: 0.6101171100984464
		-auroc: 0.875139904820248
	-resnet
		-f1: 0.728320223687164
		-auroc: 0.9266814732770279
2026-06-19 06:11:27 - __main__ - INFO - WCYKMVHQFDGRLITNEASP encoding is done for multiclass task with:
	-custom
		-f1: 0.6440868790281286
		-auroc: 0.8879262383083688
	-resnet
		-f1: 0.7592335280424987
		-auroc: 0.9357214916456144
2026-06-19 06:17:20 - __main__ - INFO - WCYKMVHQFDGRLITNEASP encoding is done for multiclass task with:
	-custom
		-f1: 0.6358282983896164
		-auroc: 0.8847366999234353
	-resnet
		-f1: 0.7693298548532934
		-auroc: 0.9412445084253438
2026-06-19 06:23:11 - __main__ - INFO - WCYKMVHQFDGRLITNEASP encoding is done for multiclass task with:
	-custom
		-f1: 0.6519538808786158
		-auroc: 0.8881717794386803
	-resnet
		-f1: 0.7450270871483828
		-auroc: 0.9402391574326657
2026-06-19 06:29:03 - __main__ - INFO - WCYKMVHQFDGRLITNEASP encoding is done for multiclass task with:
	-custom
		-f1: 0.6391711323320071
		-auroc: 0.8853691276168995
	-resnet
		-f1: 0.725719431667131
		-auroc: 0.9328405205316462
2026-06-19 06:34:56 - __main__ - INFO - WCYKMVHQFDGRLITNEASP encoding is done for multiclass task with:
	-custom
		-f1: 0.6358970782655674
		-auroc: 0.8835392891591585
	-resnet
		-f1: 0.7536347937432687
		-auroc: 0.9386299820424278
2026-06-19 06:40:48 - __main__ - INFO - WCYKMVHQFDGRLITNEASP encoding is done for multiclass task with:
	-custom
		-f1: 0.6321857781421734
		-auroc: 0.8828268311716034
	-resnet
		-f1: 0.7241641179464615
		-auroc: 0.9373859520385033
2026-06-19 06:46:37 - __main__ - INFO - WCYKMVHQFDGRLITNEASP encoding is done for multiclass task with:
	-custom
		-f1: 0.6557714868251632
		-auroc: 0.8899422870329625
	-resnet
		-f1: 0.7743756068794407
		-auroc: 0.9477677437171443
2026-06-19 06:52:27 - __main__ - INFO - WCYKMVHQFDGRLITNEASP encoding is done for multiclass task with:
	-custom
		-f1: 0.6156800554367032
		-auroc: 0.8773252885434282
	-resnet
		-f1: 0.7359100460756032
		-auroc: 0.9384455678921885
2026-06-19 06:58:19 - __main__ - INFO - WCYKMVHQFDGRLITNEASP encoding is done for multiclass task with:
	-custom
		-f1: 0.6098632383447506
		-auroc: 0.8757249236147558
	-resnet
		-f1: 0.7293319429989084
		-auroc: 0.9322969622792137
2026-06-19 07:04:09 - __main__ - INFO - WCYKMVHQFDGRLITNEASP encoding is done for multiclass task with:
	-custom
		-f1: 0.6136948969977833
		-auroc: 0.8795166936341925
	-resnet
		-f1: 0.7755956372806733
		-auroc: 0.943260206273461
2026-06-19 07:09:58 - __main__ - INFO - WCYKMVHQFDGRLITNEASP encoding is done for multiclass task with:
	-custom
		-f1: 0.6414797617904447
		-auroc: 0.8875066168969481
	-resnet
		-f1: 0.763154059953121
		-auroc: 0.9382938360013149
2026-06-19 07:15:47 - __main__ - INFO - WCYKMVHQFDGRLITNEASP encoding is done for multiclass task with:
	-custom
		-f1: 0.6177019647586859
		-auroc: 0.8764068602506411
	-resnet
		-f1: 0.7292238029259852
		-auroc: 0.9359721014709826
