2026-06-08 12:38:44 - __main__ - INFO - Filename: cnn_random_encoding_search.py started.
2026-06-08 12:38:58 - __main__ - INFO - Input matrix with WCYKMVHQFDGRLITNEASP encoding is generated.
2026-06-08 12:44:49 - __main__ - INFO - WCYKMVHQFDGRLITNEASP encoding is done for multiclass task with:
	-custom
		-f1: 0.630500112322784
		-auroc: 0.8858903003026626
	-resnet
		-f1: 0.7426726273750276
		-auroc: 0.9437576119208156
2026-06-08 12:44:49 - __main__ - INFO - Input matrix with WCYKMVHQFDGRLITNEASP encoding is removed.

2026-06-08 12:45:03 - __main__ - INFO - Input matrix with ETHMDRFVICQAYWLSKPNG encoding is generated.
2026-06-08 12:50:49 - __main__ - INFO - ETHMDRFVICQAYWLSKPNG encoding is done for multiclass task with:
	-custom
		-f1: 0.6418137495584436
		-auroc: 0.8871727335511785
	-resnet
		-f1: 0.7718927481397683
		-auroc: 0.9442090141777981
2026-06-08 12:50:49 - __main__ - INFO - Input matrix with ETHMDRFVICQAYWLSKPNG encoding is removed.

2026-06-08 12:51:03 - __main__ - INFO - Input matrix with PFWALGEMCVITRDNHYQSK encoding is generated.
2026-06-08 12:56:53 - __main__ - INFO - PFWALGEMCVITRDNHYQSK encoding is done for multiclass task with:
	-custom
		-f1: 0.6548841387033576
		-auroc: 0.8912290594159039
	-resnet
		-f1: 0.7760668172572366
		-auroc: 0.9463645547024016
2026-06-08 12:56:53 - __main__ - INFO - Input matrix with PFWALGEMCVITRDNHYQSK encoding is removed.

2026-06-08 12:57:07 - __main__ - INFO - Input matrix with RDCVFTHISPLNYWQGAKEM encoding is generated.
2026-06-08 13:02:55 - __main__ - INFO - RDCVFTHISPLNYWQGAKEM encoding is done for multiclass task with:
	-custom
		-f1: 0.6642819110279923
		-auroc: 0.8916690743733195
	-resnet
		-f1: 0.7388140038062675
		-auroc: 0.9352398716519206
2026-06-08 13:02:55 - __main__ - INFO - Input matrix with RDCVFTHISPLNYWQGAKEM encoding is removed.

2026-06-08 13:03:09 - __main__ - INFO - Input matrix with YEWHQFAVPNSMLDTIKCGR encoding is generated.
2026-06-08 13:09:04 - __main__ - INFO - YEWHQFAVPNSMLDTIKCGR encoding is done for multiclass task with:
	-custom
		-f1: 0.654288737065847
		-auroc: 0.886114167598502
	-resnet
		-f1: 0.7762313070852125
		-auroc: 0.9439542613649616
2026-06-08 13:09:04 - __main__ - INFO - Input matrix with YEWHQFAVPNSMLDTIKCGR encoding is removed.

2026-06-08 13:09:18 - __main__ - INFO - Input matrix with DGVYPCNMQWIFKLATHSRE encoding is generated.
2026-06-08 13:15:07 - __main__ - INFO - DGVYPCNMQWIFKLATHSRE encoding is done for multiclass task with:
	-custom
		-f1: 0.6307809681450062
		-auroc: 0.8815503393821574
	-resnet
		-f1: 0.7764548497555268
		-auroc: 0.9401091379750367
2026-06-08 13:15:07 - __main__ - INFO - Input matrix with DGVYPCNMQWIFKLATHSRE encoding is removed.

2026-06-08 13:15:22 - __main__ - INFO - Input matrix with VIGHKDSRFNPCWATQYELM encoding is generated.
2026-06-08 13:21:11 - __main__ - INFO - VIGHKDSRFNPCWATQYELM encoding is done for multiclass task with:
	-custom
		-f1: 0.6475400372479613
		-auroc: 0.8822526054950295
	-resnet
		-f1: 0.7362015316693281
		-auroc: 0.9329285579447018
2026-06-08 13:21:11 - __main__ - INFO - Input matrix with VIGHKDSRFNPCWATQYELM encoding is removed.

2026-06-08 13:21:24 - __main__ - INFO - Input matrix with CVDGNAWHQYMRKTLPIEFS encoding is generated.
2026-06-08 13:27:09 - __main__ - INFO - CVDGNAWHQYMRKTLPIEFS encoding is done for multiclass task with:
	-custom
		-f1: 0.6429955187630998
		-auroc: 0.8804178346433995
	-resnet
		-f1: 0.768785258234888
		-auroc: 0.9410806511534713
2026-06-08 13:27:09 - __main__ - INFO - Input matrix with CVDGNAWHQYMRKTLPIEFS encoding is removed.

2026-06-08 13:27:23 - __main__ - INFO - Input matrix with INHSWFPDQCTARYKMGLVE encoding is generated.
2026-06-08 13:33:10 - __main__ - INFO - INHSWFPDQCTARYKMGLVE encoding is done for multiclass task with:
	-custom
		-f1: 0.6443650717161756
		-auroc: 0.8813018244776953
	-resnet
		-f1: 0.749817145993425
		-auroc: 0.9386770670191673
2026-06-08 13:33:10 - __main__ - INFO - Input matrix with INHSWFPDQCTARYKMGLVE encoding is removed.

2026-06-08 13:33:24 - __main__ - INFO - Input matrix with EHIGTSDFLMWNRAPQYVKC encoding is generated.
2026-06-08 13:39:11 - __main__ - INFO - EHIGTSDFLMWNRAPQYVKC encoding is done for multiclass task with:
	-custom
		-f1: 0.6471466705554152
		-auroc: 0.8809204150325115
	-resnet
		-f1: 0.7832569573102085
		-auroc: 0.9424497303826929
2026-06-08 13:39:11 - __main__ - INFO - Input matrix with EHIGTSDFLMWNRAPQYVKC encoding is removed.

2026-06-08 13:39:25 - __main__ - INFO - Input matrix with IMGHEWQDRKVTYPNCASFL encoding is generated.
2026-06-08 13:45:15 - __main__ - INFO - IMGHEWQDRKVTYPNCASFL encoding is done for multiclass task with:
	-custom
		-f1: 0.6491537336858499
		-auroc: 0.8899030992074023
	-resnet
		-f1: 0.7704935038801495
		-auroc: 0.9358222771354734
2026-06-08 13:45:15 - __main__ - INFO - Input matrix with IMGHEWQDRKVTYPNCASFL encoding is removed.

2026-06-08 13:45:29 - __main__ - INFO - Input matrix with EGMHRYSLWFNAKDICPQVT encoding is generated.
2026-06-08 13:51:19 - __main__ - INFO - EGMHRYSLWFNAKDICPQVT encoding is done for multiclass task with:
	-custom
		-f1: 0.6245232877708947
		-auroc: 0.8800219321955005
	-resnet
		-f1: 0.7779816847009471
		-auroc: 0.9432407915632742
2026-06-08 13:51:19 - __main__ - INFO - Input matrix with EGMHRYSLWFNAKDICPQVT encoding is removed.

2026-06-08 13:51:33 - __main__ - INFO - Input matrix with YQLIRTMKGFCWAPSEDVHN encoding is generated.
2026-06-08 13:57:24 - __main__ - INFO - YQLIRTMKGFCWAPSEDVHN encoding is done for multiclass task with:
	-custom
		-f1: 0.635259580187003
		-auroc: 0.8827197838926312
	-resnet
		-f1: 0.6910909290666667
		-auroc: 0.9341535893953484
2026-06-08 13:57:24 - __main__ - INFO - Input matrix with YQLIRTMKGFCWAPSEDVHN encoding is removed.

2026-06-08 13:57:38 - __main__ - INFO - Input matrix with NPACKGISRQEVLFDHYMTW encoding is generated.
2026-06-08 14:03:29 - __main__ - INFO - NPACKGISRQEVLFDHYMTW encoding is done for multiclass task with:
	-custom
		-f1: 0.6444868512837744
		-auroc: 0.8831481629443614
	-resnet
		-f1: 0.7513248801488539
		-auroc: 0.9343687066490963
2026-06-08 14:03:29 - __main__ - INFO - Input matrix with NPACKGISRQEVLFDHYMTW encoding is removed.

2026-06-08 14:03:43 - __main__ - INFO - Input matrix with YGDCFRETVLQKASWMHIPN encoding is generated.
2026-06-08 14:09:34 - __main__ - INFO - YGDCFRETVLQKASWMHIPN encoding is done for multiclass task with:
	-custom
		-f1: 0.6547167049006413
		-auroc: 0.8822441805379638
	-resnet
		-f1: 0.7826733773015422
		-auroc: 0.9442841376583505
2026-06-08 14:09:34 - __main__ - INFO - Input matrix with YGDCFRETVLQKASWMHIPN encoding is removed.

2026-06-08 14:09:48 - __main__ - INFO - Input matrix with YSELFDMTQCHVRINWAGPK encoding is generated.
2026-06-08 14:15:42 - __main__ - INFO - YSELFDMTQCHVRINWAGPK encoding is done for multiclass task with:
	-custom
		-f1: 0.6675012654935523
		-auroc: 0.8897968756012101
	-resnet
		-f1: 0.7753238585328708
		-auroc: 0.9450963244781242
2026-06-08 14:15:42 - __main__ - INFO - Input matrix with YSELFDMTQCHVRINWAGPK encoding is removed.

2026-06-08 14:15:56 - __main__ - INFO - Input matrix with EVTSPIHDKMAYWQFNCGRL encoding is generated.
2026-06-08 14:21:45 - __main__ - INFO - EVTSPIHDKMAYWQFNCGRL encoding is done for multiclass task with:
	-custom
		-f1: 0.62844479946883
		-auroc: 0.881800384332475
	-resnet
		-f1: 0.775066007225932
		-auroc: 0.9437080412979988
2026-06-08 14:21:45 - __main__ - INFO - Input matrix with EVTSPIHDKMAYWQFNCGRL encoding is removed.

2026-06-08 14:21:59 - __main__ - INFO - Input matrix with REDQGKPCMNIFWALTHYVS encoding is generated.
2026-06-08 14:27:48 - __main__ - INFO - REDQGKPCMNIFWALTHYVS encoding is done for multiclass task with:
	-custom
		-f1: 0.6419604599921096
		-auroc: 0.8837454321568717
	-resnet
		-f1: 0.7681692193706194
		-auroc: 0.9404395082480381
2026-06-08 14:27:48 - __main__ - INFO - Input matrix with REDQGKPCMNIFWALTHYVS encoding is removed.

2026-06-08 14:28:02 - __main__ - INFO - Input matrix with EFYAPNHILWCTQKSDRVGM encoding is generated.
2026-06-08 14:33:54 - __main__ - INFO - EFYAPNHILWCTQKSDRVGM encoding is done for multiclass task with:
	-custom
		-f1: 0.6371669145883113
		-auroc: 0.881784844090094
	-resnet
		-f1: 0.7583543953291407
		-auroc: 0.94070165455366
2026-06-08 14:33:54 - __main__ - INFO - Input matrix with EFYAPNHILWCTQKSDRVGM encoding is removed.

2026-06-08 14:34:08 - __main__ - INFO - Input matrix with ITQELAFNPCGYHVWSMKDR encoding is generated.
2026-06-08 14:39:58 - __main__ - INFO - ITQELAFNPCGYHVWSMKDR encoding is done for multiclass task with:
	-custom
		-f1: 0.6424114706000792
		-auroc: 0.8852008671111132
	-resnet
		-f1: 0.7391455120495294
		-auroc: 0.9362670690984511
2026-06-08 14:39:58 - __main__ - INFO - Input matrix with ITQELAFNPCGYHVWSMKDR encoding is removed.

2026-06-08 14:40:12 - __main__ - INFO - Input matrix with TQMFCRVPYGKWADIHNLSE encoding is generated.
2026-06-08 14:46:03 - __main__ - INFO - TQMFCRVPYGKWADIHNLSE encoding is done for multiclass task with:
	-custom
		-f1: 0.6433578046361325
		-auroc: 0.8856609221627206
	-resnet
		-f1: 0.7565736469193236
		-auroc: 0.9374288279965854
2026-06-08 14:46:03 - __main__ - INFO - Input matrix with TQMFCRVPYGKWADIHNLSE encoding is removed.

2026-06-08 14:46:17 - __main__ - INFO - Input matrix with IMYQGVWNHRCDPEKATFSL encoding is generated.
2026-06-08 14:52:07 - __main__ - INFO - IMYQGVWNHRCDPEKATFSL encoding is done for multiclass task with:
	-custom
		-f1: 0.6456855986847104
		-auroc: 0.8867054536068147
	-resnet
		-f1: 0.7930344665552095
		-auroc: 0.9477914759055303
2026-06-08 14:52:07 - __main__ - INFO - Input matrix with IMYQGVWNHRCDPEKATFSL encoding is removed.

2026-06-08 14:52:21 - __main__ - INFO - Input matrix with MRVECIGLQDWKTNSHYAPF encoding is generated.
2026-06-08 14:58:12 - __main__ - INFO - MRVECIGLQDWKTNSHYAPF encoding is done for multiclass task with:
	-custom
		-f1: 0.6331153704887351
		-auroc: 0.8848882590817896
	-resnet
		-f1: 0.7468165421045158
		-auroc: 0.9366448909984708
2026-06-08 14:58:12 - __main__ - INFO - Input matrix with MRVECIGLQDWKTNSHYAPF encoding is removed.

2026-06-08 14:58:26 - __main__ - INFO - Input matrix with AMDCFGRSETINPQVWLKHY encoding is generated.
2026-06-08 15:04:19 - __main__ - INFO - AMDCFGRSETINPQVWLKHY encoding is done for multiclass task with:
	-custom
		-f1: 0.642494515653709
		-auroc: 0.8815428033318984
	-resnet
		-f1: 0.7572337908671372
		-auroc: 0.9344616865309685
2026-06-08 15:04:19 - __main__ - INFO - Input matrix with AMDCFGRSETINPQVWLKHY encoding is removed.

2026-06-08 15:04:33 - __main__ - INFO - Input matrix with QHVGLKRTIMPYWSNFCAED encoding is generated.
2026-06-08 15:10:24 - __main__ - INFO - QHVGLKRTIMPYWSNFCAED encoding is done for multiclass task with:
	-custom
		-f1: 0.6377967173243929
		-auroc: 0.8848119516618389
	-resnet
		-f1: 0.7686842927148344
		-auroc: 0.9443919186746184
2026-06-08 15:10:24 - __main__ - INFO - Input matrix with QHVGLKRTIMPYWSNFCAED encoding is removed.

2026-06-08 15:10:38 - __main__ - INFO - Input matrix with QNDMHWTAEICGRLYVKPSF encoding is generated.
2026-06-08 15:16:29 - __main__ - INFO - QNDMHWTAEICGRLYVKPSF encoding is done for multiclass task with:
	-custom
		-f1: 0.6434922869624711
		-auroc: 0.8824416093666823
	-resnet
		-f1: 0.7463739026301216
		-auroc: 0.9353673268689269
2026-06-08 15:16:29 - __main__ - INFO - Input matrix with QNDMHWTAEICGRLYVKPSF encoding is removed.

2026-06-08 15:16:43 - __main__ - INFO - Input matrix with KWPRNLGSIVDFAMQEYCTH encoding is generated.
2026-06-08 15:22:36 - __main__ - INFO - KWPRNLGSIVDFAMQEYCTH encoding is done for multiclass task with:
	-custom
		-f1: 0.6420579825829884
		-auroc: 0.8864399781329073
	-resnet
		-f1: 0.7558343973953318
		-auroc: 0.9421191497070467
2026-06-08 15:22:36 - __main__ - INFO - Input matrix with KWPRNLGSIVDFAMQEYCTH encoding is removed.

2026-06-08 15:22:50 - __main__ - INFO - Input matrix with ISANVEHFRPMDCQLWGTKY encoding is generated.
2026-06-08 15:28:42 - __main__ - INFO - ISANVEHFRPMDCQLWGTKY encoding is done for multiclass task with:
	-custom
		-f1: 0.6334310079924568
		-auroc: 0.8781429653295237
	-resnet
		-f1: 0.761000556517996
		-auroc: 0.9428264865053277
2026-06-08 15:28:42 - __main__ - INFO - Input matrix with ISANVEHFRPMDCQLWGTKY encoding is removed.

2026-06-08 15:28:56 - __main__ - INFO - Input matrix with NMYQFRDHLKWSTVPIEAGC encoding is generated.
2026-06-08 15:34:44 - __main__ - INFO - NMYQFRDHLKWSTVPIEAGC encoding is done for multiclass task with:
	-custom
		-f1: 0.6453125774991909
		-auroc: 0.887988591547346
	-resnet
		-f1: 0.7686652055526755
		-auroc: 0.9400992002756816
2026-06-08 15:34:44 - __main__ - INFO - Input matrix with NMYQFRDHLKWSTVPIEAGC encoding is removed.

2026-06-08 15:34:58 - __main__ - INFO - Input matrix with INSVFHMRWQEGTCLAKDPY encoding is generated.
2026-06-08 15:40:48 - __main__ - INFO - INSVFHMRWQEGTCLAKDPY encoding is done for multiclass task with:
	-custom
		-f1: 0.6394928659829864
		-auroc: 0.8825730032524405
	-resnet
		-f1: 0.723917169785443
		-auroc: 0.9399025265485836
2026-06-08 15:40:48 - __main__ - INFO - Input matrix with INSVFHMRWQEGTCLAKDPY encoding is removed.

2026-06-08 15:41:02 - __main__ - INFO - Input matrix with NASRLHMKTECWDIPFVQYG encoding is generated.
2026-06-08 15:46:53 - __main__ - INFO - NASRLHMKTECWDIPFVQYG encoding is done for multiclass task with:
	-custom
		-f1: 0.6381704297921702
		-auroc: 0.8762602675993053
	-resnet
		-f1: 0.7745393322855587
		-auroc: 0.9421596005043211
2026-06-08 15:46:53 - __main__ - INFO - Input matrix with NASRLHMKTECWDIPFVQYG encoding is removed.

2026-06-08 15:47:07 - __main__ - INFO - Input matrix with SAGQKFEICLNVYRMPHDTW encoding is generated.
2026-06-08 15:52:57 - __main__ - INFO - SAGQKFEICLNVYRMPHDTW encoding is done for multiclass task with:
	-custom
		-f1: 0.6364494060001528
		-auroc: 0.8849101401316606
	-resnet
		-f1: 0.7661382117264086
		-auroc: 0.9372368691054275
2026-06-08 15:52:57 - __main__ - INFO - Input matrix with SAGQKFEICLNVYRMPHDTW encoding is removed.

2026-06-08 15:53:11 - __main__ - INFO - Input matrix with KSHPVAQDRTCYFLMWEIGN encoding is generated.
2026-06-08 15:59:00 - __main__ - INFO - KSHPVAQDRTCYFLMWEIGN encoding is done for multiclass task with:
	-custom
		-f1: 0.6414058852245456
		-auroc: 0.8819129308558684
	-resnet
		-f1: 0.7608483124320014
		-auroc: 0.9422963001817795
2026-06-08 15:59:00 - __main__ - INFO - Input matrix with KSHPVAQDRTCYFLMWEIGN encoding is removed.

2026-06-08 15:59:14 - __main__ - INFO - Input matrix with VKSWGANFYCRMPTQHELDI encoding is generated.
2026-06-08 16:05:07 - __main__ - INFO - VKSWGANFYCRMPTQHELDI encoding is done for multiclass task with:
	-custom
		-f1: 0.6449021446393395
		-auroc: 0.8837644323703578
	-resnet
		-f1: 0.7712964407756345
		-auroc: 0.9426704977726269
2026-06-08 16:05:07 - __main__ - INFO - Input matrix with VKSWGANFYCRMPTQHELDI encoding is removed.

2026-06-08 16:05:21 - __main__ - INFO - Input matrix with SIYQATPRHKVDWNGEFLMC encoding is generated.
2026-06-08 16:11:06 - __main__ - INFO - SIYQATPRHKVDWNGEFLMC encoding is done for multiclass task with:
	-custom
		-f1: 0.6472827564236068
		-auroc: 0.884731892256157
	-resnet
		-f1: 0.6751591219137595
		-auroc: 0.921602825898607
2026-06-08 16:11:06 - __main__ - INFO - Input matrix with SIYQATPRHKVDWNGEFLMC encoding is removed.

2026-06-08 16:11:19 - __main__ - INFO - Input matrix with DGTQREFHIMWNKYAVCPSL encoding is generated.
2026-06-08 16:17:12 - __main__ - INFO - DGTQREFHIMWNKYAVCPSL encoding is done for multiclass task with:
	-custom
		-f1: 0.6248390431589714
		-auroc: 0.8775140522455797
	-resnet
		-f1: 0.7556607293768084
		-auroc: 0.9339225473129155
2026-06-08 16:17:12 - __main__ - INFO - Input matrix with DGTQREFHIMWNKYAVCPSL encoding is removed.

2026-06-08 16:17:26 - __main__ - INFO - Input matrix with VQRWNTEAFHIYLPSMCKDG encoding is generated.
2026-06-08 16:23:15 - __main__ - INFO - VQRWNTEAFHIYLPSMCKDG encoding is done for multiclass task with:
	-custom
		-f1: 0.6336189293857218
		-auroc: 0.8839091800548351
	-resnet
		-f1: 0.7726878576331744
		-auroc: 0.9413732555046959
2026-06-08 16:23:15 - __main__ - INFO - Input matrix with VQRWNTEAFHIYLPSMCKDG encoding is removed.

2026-06-08 16:23:29 - __main__ - INFO - Input matrix with CRWHAFDYLVIQKGMTEPNS encoding is generated.
2026-06-08 16:29:21 - __main__ - INFO - CRWHAFDYLVIQKGMTEPNS encoding is done for multiclass task with:
	-custom
		-f1: 0.64298275602145
		-auroc: 0.8834368634923478
	-resnet
		-f1: 0.7785193545462156
		-auroc: 0.9455268566158216
2026-06-08 16:29:21 - __main__ - INFO - Input matrix with CRWHAFDYLVIQKGMTEPNS encoding is removed.

2026-06-08 16:29:35 - __main__ - INFO - Input matrix with RKGWHTQEVSMAPLIYDFNC encoding is generated.
2026-06-08 16:35:26 - __main__ - INFO - RKGWHTQEVSMAPLIYDFNC encoding is done for multiclass task with:
	-custom
		-f1: 0.6387972638412038
		-auroc: 0.8816395230453024
	-resnet
		-f1: 0.7747774699392777
		-auroc: 0.9475346853613669
2026-06-08 16:35:26 - __main__ - INFO - Input matrix with RKGWHTQEVSMAPLIYDFNC encoding is removed.

2026-06-08 16:35:40 - __main__ - INFO - Input matrix with DRQGIPVMCKSTNEHFAWYL encoding is generated.
2026-06-08 16:41:28 - __main__ - INFO - DRQGIPVMCKSTNEHFAWYL encoding is done for multiclass task with:
	-custom
		-f1: 0.6382743013026779
		-auroc: 0.8822725979991487
	-resnet
		-f1: 0.7761111832594677
		-auroc: 0.9431101033253366
2026-06-08 16:41:28 - __main__ - INFO - Input matrix with DRQGIPVMCKSTNEHFAWYL encoding is removed.

2026-06-08 16:41:42 - __main__ - INFO - Input matrix with LYQFKNVTASRMEDWPCGIH encoding is generated.
2026-06-08 16:47:33 - __main__ - INFO - LYQFKNVTASRMEDWPCGIH encoding is done for multiclass task with:
	-custom
		-f1: 0.6472847181134053
		-auroc: 0.8846314466687535
	-resnet
		-f1: 0.7613683873497727
		-auroc: 0.9437974685578066
2026-06-08 16:47:33 - __main__ - INFO - Input matrix with LYQFKNVTASRMEDWPCGIH encoding is removed.

2026-06-08 16:47:47 - __main__ - INFO - Input matrix with MNRHFSTVQKGILWCYDPEA encoding is generated.
2026-06-08 16:53:38 - __main__ - INFO - MNRHFSTVQKGILWCYDPEA encoding is done for multiclass task with:
	-custom
		-f1: 0.6327901647643288
		-auroc: 0.8837867024690651
	-resnet
		-f1: 0.750919973786703
		-auroc: 0.9382931268470449
2026-06-08 16:53:38 - __main__ - INFO - Input matrix with MNRHFSTVQKGILWCYDPEA encoding is removed.

2026-06-08 16:53:52 - __main__ - INFO - Input matrix with AVSCKGNEWTQDLYFPIMRH encoding is generated.
2026-06-08 16:59:46 - __main__ - INFO - AVSCKGNEWTQDLYFPIMRH encoding is done for multiclass task with:
	-custom
		-f1: 0.6412338370284303
		-auroc: 0.886141391842647
	-resnet
		-f1: 0.7454589156292148
		-auroc: 0.9403981962192371
2026-06-08 16:59:46 - __main__ - INFO - Input matrix with AVSCKGNEWTQDLYFPIMRH encoding is removed.

2026-06-08 17:00:00 - __main__ - INFO - Input matrix with LHYRGKPMSWIDQNCETVAF encoding is generated.
2026-06-08 17:05:51 - __main__ - INFO - LHYRGKPMSWIDQNCETVAF encoding is done for multiclass task with:
	-custom
		-f1: 0.656260883647355
		-auroc: 0.8859821709694449
	-resnet
		-f1: 0.7741470412725376
		-auroc: 0.9437211699001125
2026-06-08 17:05:51 - __main__ - INFO - Input matrix with LHYRGKPMSWIDQNCETVAF encoding is removed.

2026-06-08 17:06:05 - __main__ - INFO - Input matrix with SRLDGNWCHPIKMTFAYQVE encoding is generated.
2026-06-08 17:11:52 - __main__ - INFO - SRLDGNWCHPIKMTFAYQVE encoding is done for multiclass task with:
	-custom
		-f1: 0.6325709608888774
		-auroc: 0.8828454386263284
	-resnet
		-f1: 0.7381260492745492
		-auroc: 0.9392315013641896
2026-06-08 17:11:52 - __main__ - INFO - Input matrix with SRLDGNWCHPIKMTFAYQVE encoding is removed.

2026-06-08 17:12:06 - __main__ - INFO - Input matrix with PTYDSVMIQHRGCKLFWAEN encoding is generated.
2026-06-08 17:17:55 - __main__ - INFO - PTYDSVMIQHRGCKLFWAEN encoding is done for multiclass task with:
	-custom
		-f1: 0.6365504632977165
		-auroc: 0.8836196643419992
	-resnet
		-f1: 0.779247123244773
		-auroc: 0.9433773377572594
2026-06-08 17:17:55 - __main__ - INFO - Input matrix with PTYDSVMIQHRGCKLFWAEN encoding is removed.

2026-06-08 17:18:09 - __main__ - INFO - Input matrix with CEFMYPSQLRHIAWDVTNKG encoding is generated.
2026-06-08 17:24:00 - __main__ - INFO - CEFMYPSQLRHIAWDVTNKG encoding is done for multiclass task with:
	-custom
		-f1: 0.6430311283474333
		-auroc: 0.8789862432705664
	-resnet
		-f1: 0.7635905951847342
		-auroc: 0.9380725641767873
2026-06-08 17:24:00 - __main__ - INFO - Input matrix with CEFMYPSQLRHIAWDVTNKG encoding is removed.

2026-06-08 17:24:15 - __main__ - INFO - Input matrix with MRWFSDCGLPQNVAETKYHI encoding is generated.
2026-06-08 17:30:03 - __main__ - INFO - MRWFSDCGLPQNVAETKYHI encoding is done for multiclass task with:
	-custom
		-f1: 0.6512126231783351
		-auroc: 0.883920722106674
	-resnet
		-f1: 0.7654490185328905
		-auroc: 0.9407079703216003
2026-06-08 17:30:03 - __main__ - INFO - Input matrix with MRWFSDCGLPQNVAETKYHI encoding is removed.

2026-06-08 17:30:17 - __main__ - INFO - Input matrix with CLGIKPWENMQSDRHYTFVA encoding is generated.
2026-06-08 17:36:07 - __main__ - INFO - CLGIKPWENMQSDRHYTFVA encoding is done for multiclass task with:
	-custom
		-f1: 0.646568475354057
		-auroc: 0.8854974294592353
	-resnet
		-f1: 0.7734521276158531
		-auroc: 0.9462079926345348
2026-06-08 17:36:07 - __main__ - INFO - Input matrix with CLGIKPWENMQSDRHYTFVA encoding is removed.

2026-06-08 17:36:21 - __main__ - INFO - Input matrix with RYLHWIVENAFDCTSGPKQM encoding is generated.
2026-06-08 17:42:10 - __main__ - INFO - RYLHWIVENAFDCTSGPKQM encoding is done for multiclass task with:
	-custom
		-f1: 0.64375325265809
		-auroc: 0.8787646608277317
	-resnet
		-f1: 0.7272573995747249
		-auroc: 0.9308038654104107
2026-06-08 17:42:10 - __main__ - INFO - Input matrix with RYLHWIVENAFDCTSGPKQM encoding is removed.

2026-06-08 17:42:24 - __main__ - INFO - Input matrix with SKLWEYIDVMPGHFRCQNAT encoding is generated.
2026-06-08 17:48:16 - __main__ - INFO - SKLWEYIDVMPGHFRCQNAT encoding is done for multiclass task with:
	-custom
		-f1: 0.6261763046764403
		-auroc: 0.879757683791337
	-resnet
		-f1: 0.7650233883959027
		-auroc: 0.9437304349706107
2026-06-08 17:48:16 - __main__ - INFO - Input matrix with SKLWEYIDVMPGHFRCQNAT encoding is removed.

2026-06-08 17:48:30 - __main__ - INFO - Input matrix with CPSDIHEKQNMRVFTWYLAG encoding is generated.
2026-06-08 17:54:22 - __main__ - INFO - CPSDIHEKQNMRVFTWYLAG encoding is done for multiclass task with:
	-custom
		-f1: 0.6374529034806031
		-auroc: 0.8790992199515184
	-resnet
		-f1: 0.7666626258248892
		-auroc: 0.9385117699164713
2026-06-08 17:54:22 - __main__ - INFO - Input matrix with CPSDIHEKQNMRVFTWYLAG encoding is removed.

2026-06-08 17:54:36 - __main__ - INFO - Input matrix with HDFKVITLPCWESRYMGAQN encoding is generated.
2026-06-08 18:00:25 - __main__ - INFO - HDFKVITLPCWESRYMGAQN encoding is done for multiclass task with:
	-custom
		-f1: 0.6368838683605587
		-auroc: 0.880679103782216
	-resnet
		-f1: 0.7610589044219169
		-auroc: 0.9437642880446262
2026-06-08 18:00:25 - __main__ - INFO - Input matrix with HDFKVITLPCWESRYMGAQN encoding is removed.

2026-06-08 18:00:39 - __main__ - INFO - Input matrix with ARIVKNCQHEFWSDYMLPTG encoding is generated.
2026-06-08 18:06:38 - __main__ - INFO - ARIVKNCQHEFWSDYMLPTG encoding is done for multiclass task with:
	-custom
		-f1: 0.6325685084018924
		-auroc: 0.8795099746791208
	-resnet
		-f1: 0.7674902991527184
		-auroc: 0.9425365534100363
2026-06-08 18:06:38 - __main__ - INFO - Input matrix with ARIVKNCQHEFWSDYMLPTG encoding is removed.

2026-06-08 18:06:52 - __main__ - INFO - Input matrix with EQVNWPFMHLRTKACIYDGS encoding is generated.
2026-06-08 18:12:47 - __main__ - INFO - EQVNWPFMHLRTKACIYDGS encoding is done for multiclass task with:
	-custom
		-f1: 0.6278524024190381
		-auroc: 0.8780096254540608
	-resnet
		-f1: 0.743374091775459
		-auroc: 0.9310683953187077
2026-06-08 18:12:47 - __main__ - INFO - Input matrix with EQVNWPFMHLRTKACIYDGS encoding is removed.

2026-06-08 18:13:01 - __main__ - INFO - Input matrix with FYDLMRPSVEAHCNTWGKIQ encoding is generated.
2026-06-08 18:18:53 - __main__ - INFO - FYDLMRPSVEAHCNTWGKIQ encoding is done for multiclass task with:
	-custom
		-f1: 0.6353467439854803
		-auroc: 0.8816757817605545
	-resnet
		-f1: 0.7119652687278571
		-auroc: 0.9357637500738392
2026-06-08 18:18:53 - __main__ - INFO - Input matrix with FYDLMRPSVEAHCNTWGKIQ encoding is removed.

2026-06-08 18:19:08 - __main__ - INFO - Input matrix with GRETQVCKPYHIWLMNDASF encoding is generated.
2026-06-08 18:24:57 - __main__ - INFO - GRETQVCKPYHIWLMNDASF encoding is done for multiclass task with:
	-custom
		-f1: 0.6389325963299765
		-auroc: 0.8811110114192744
	-resnet
		-f1: 0.7651413453794091
		-auroc: 0.9366239832803483
2026-06-08 18:24:57 - __main__ - INFO - Input matrix with GRETQVCKPYHIWLMNDASF encoding is removed.

2026-06-08 18:25:11 - __main__ - INFO - Input matrix with EFAHPMTQNRWLICVKDYGS encoding is generated.
2026-06-08 18:31:02 - __main__ - INFO - EFAHPMTQNRWLICVKDYGS encoding is done for multiclass task with:
	-custom
		-f1: 0.6482910436826314
		-auroc: 0.881621368778611
	-resnet
		-f1: 0.7501063911417647
		-auroc: 0.9321425348374351
2026-06-08 18:31:02 - __main__ - INFO - Input matrix with EFAHPMTQNRWLICVKDYGS encoding is removed.

2026-06-08 18:31:16 - __main__ - INFO - Input matrix with TQPNIDVKSHWGMCLFYRAE encoding is generated.
2026-06-08 18:37:09 - __main__ - INFO - TQPNIDVKSHWGMCLFYRAE encoding is done for multiclass task with:
	-custom
		-f1: 0.6541137152726627
		-auroc: 0.8841522652750304
	-resnet
		-f1: 0.7793171299524765
		-auroc: 0.9439921917886471
2026-06-08 18:37:09 - __main__ - INFO - Input matrix with TQPNIDVKSHWGMCLFYRAE encoding is removed.

2026-06-08 18:37:23 - __main__ - INFO - Input matrix with DYFKMCHRITWEALGSNQPV encoding is generated.
2026-06-08 18:43:15 - __main__ - INFO - DYFKMCHRITWEALGSNQPV encoding is done for multiclass task with:
	-custom
		-f1: 0.6520564255521604
		-auroc: 0.8849795481489163
	-resnet
		-f1: 0.6816310350138794
		-auroc: 0.922479822572253
2026-06-08 18:43:15 - __main__ - INFO - Input matrix with DYFKMCHRITWEALGSNQPV encoding is removed.

2026-06-08 18:43:29 - __main__ - INFO - Input matrix with RVYPFAGTINDWLKESMHCQ encoding is generated.
2026-06-08 18:49:31 - __main__ - INFO - RVYPFAGTINDWLKESMHCQ encoding is done for multiclass task with:
	-custom
		-f1: 0.6378236937375659
		-auroc: 0.8853654448940151
	-resnet
		-f1: 0.7489509704830307
		-auroc: 0.9386929155934446
2026-06-08 18:49:31 - __main__ - INFO - Input matrix with RVYPFAGTINDWLKESMHCQ encoding is removed.

2026-06-08 18:49:46 - __main__ - INFO - Input matrix with HLQPAYFKGICMNVRSTDWE encoding is generated.
2026-06-08 18:55:41 - __main__ - INFO - HLQPAYFKGICMNVRSTDWE encoding is done for multiclass task with:
	-custom
		-f1: 0.6591399310385893
		-auroc: 0.8849547238326874
	-resnet
		-f1: 0.7446644150052639
		-auroc: 0.938540500862614
2026-06-08 18:55:41 - __main__ - INFO - Input matrix with HLQPAYFKGICMNVRSTDWE encoding is removed.

2026-06-08 18:55:55 - __main__ - INFO - Input matrix with PHIDASTEKYQRFCGMNLVW encoding is generated.
2026-06-08 19:01:50 - __main__ - INFO - PHIDASTEKYQRFCGMNLVW encoding is done for multiclass task with:
	-custom
		-f1: 0.6456939134374002
		-auroc: 0.8837037182716427
	-resnet
		-f1: 0.7826688844603902
		-auroc: 0.9450664610286317
2026-06-08 19:01:50 - __main__ - INFO - Input matrix with PHIDASTEKYQRFCGMNLVW encoding is removed.

2026-06-08 19:02:04 - __main__ - INFO - Input matrix with SFCLQIMTYKGEHDWRVANP encoding is generated.
2026-06-08 19:07:57 - __main__ - INFO - SFCLQIMTYKGEHDWRVANP encoding is done for multiclass task with:
	-custom
		-f1: 0.6380675488050596
		-auroc: 0.8809120406934561
	-resnet
		-f1: 0.7601544662988828
		-auroc: 0.9374005576395049
2026-06-08 19:07:57 - __main__ - INFO - Input matrix with SFCLQIMTYKGEHDWRVANP encoding is removed.

2026-06-08 19:08:11 - __main__ - INFO - Input matrix with LGENIQYPCADRVMKSTWHF encoding is generated.
2026-06-08 19:14:02 - __main__ - INFO - LGENIQYPCADRVMKSTWHF encoding is done for multiclass task with:
	-custom
		-f1: 0.6393321105445533
		-auroc: 0.8796193623509929
	-resnet
		-f1: 0.7657690830389408
		-auroc: 0.9418855368539644
2026-06-08 19:14:02 - __main__ - INFO - Input matrix with LGENIQYPCADRVMKSTWHF encoding is removed.

2026-06-08 19:14:17 - __main__ - INFO - Input matrix with MAESPVFDNLQYGWCTHIKR encoding is generated.
2026-06-08 19:20:09 - __main__ - INFO - MAESPVFDNLQYGWCTHIKR encoding is done for multiclass task with:
	-custom
		-f1: 0.6416128546852758
		-auroc: 0.8791164463438073
	-resnet
		-f1: 0.7712903536092409
		-auroc: 0.9367706120407024
2026-06-08 19:20:09 - __main__ - INFO - Input matrix with MAESPVFDNLQYGWCTHIKR encoding is removed.

2026-06-08 19:20:23 - __main__ - INFO - Input matrix with CTFGELVKDRHPNIAWMSQY encoding is generated.
2026-06-08 19:26:15 - __main__ - INFO - CTFGELVKDRHPNIAWMSQY encoding is done for multiclass task with:
	-custom
		-f1: 0.645470281981038
		-auroc: 0.8817186692872226
	-resnet
		-f1: 0.772551281178706
		-auroc: 0.9396011379179878
2026-06-08 19:26:15 - __main__ - INFO - Input matrix with CTFGELVKDRHPNIAWMSQY encoding is removed.

2026-06-08 19:26:29 - __main__ - INFO - Input matrix with KCDQFWVATPRHYNSLIGME encoding is generated.
2026-06-08 19:32:22 - __main__ - INFO - KCDQFWVATPRHYNSLIGME encoding is done for multiclass task with:
	-custom
		-f1: 0.6489972194079539
		-auroc: 0.8890723195282891
	-resnet
		-f1: 0.7662826209310706
		-auroc: 0.9426326523311171
2026-06-08 19:32:22 - __main__ - INFO - Input matrix with KCDQFWVATPRHYNSLIGME encoding is removed.

2026-06-08 19:32:37 - __main__ - INFO - Input matrix with TDCGRLQNEHVYKSAPMFIW encoding is generated.
2026-06-08 19:38:28 - __main__ - INFO - TDCGRLQNEHVYKSAPMFIW encoding is done for multiclass task with:
	-custom
		-f1: 0.6352321031124242
		-auroc: 0.8897801331115183
	-resnet
		-f1: 0.7651394577343155
		-auroc: 0.9432769484512524
2026-06-08 19:38:28 - __main__ - INFO - Input matrix with TDCGRLQNEHVYKSAPMFIW encoding is removed.

2026-06-08 19:38:43 - __main__ - INFO - Input matrix with RTVIDQPEMFGSAHCKWYLN encoding is generated.
2026-06-08 19:44:38 - __main__ - INFO - RTVIDQPEMFGSAHCKWYLN encoding is done for multiclass task with:
	-custom
		-f1: 0.6426898056938515
		-auroc: 0.8833109244174183
	-resnet
		-f1: 0.7631816356293574
		-auroc: 0.9425457625709207
2026-06-08 19:44:38 - __main__ - INFO - Input matrix with RTVIDQPEMFGSAHCKWYLN encoding is removed.

2026-06-08 19:44:52 - __main__ - INFO - Input matrix with HSMENPDLCTQVKIFGYAWR encoding is generated.
2026-06-08 19:50:45 - __main__ - INFO - HSMENPDLCTQVKIFGYAWR encoding is done for multiclass task with:
	-custom
		-f1: 0.6265725575839866
		-auroc: 0.8824313210019238
	-resnet
		-f1: 0.7588589302612518
		-auroc: 0.9396900308766863
2026-06-08 19:50:45 - __main__ - INFO - Input matrix with HSMENPDLCTQVKIFGYAWR encoding is removed.

2026-06-08 19:50:59 - __main__ - INFO - Input matrix with FRGISVPLEWHMACDTKYQN encoding is generated.
2026-06-08 19:56:52 - __main__ - INFO - FRGISVPLEWHMACDTKYQN encoding is done for multiclass task with:
	-custom
		-f1: 0.6354662970987872
		-auroc: 0.8783370906394948
	-resnet
		-f1: 0.769146173610559
		-auroc: 0.9359739179168949
2026-06-08 19:56:52 - __main__ - INFO - Input matrix with FRGISVPLEWHMACDTKYQN encoding is removed.

2026-06-08 19:57:05 - __main__ - INFO - Input matrix with PHELDCNFQAKSIVTWGMRY encoding is generated.
2026-06-08 20:02:57 - __main__ - INFO - PHELDCNFQAKSIVTWGMRY encoding is done for multiclass task with:
	-custom
		-f1: 0.6574314292273623
		-auroc: 0.8853730705237192
	-resnet
		-f1: 0.7165108539086027
		-auroc: 0.9313742189842253
2026-06-08 20:02:57 - __main__ - INFO - Input matrix with PHELDCNFQAKSIVTWGMRY encoding is removed.

2026-06-08 20:03:11 - __main__ - INFO - Input matrix with DANLYSPGFQIVHCEKTMRW encoding is generated.
2026-06-08 20:09:04 - __main__ - INFO - DANLYSPGFQIVHCEKTMRW encoding is done for multiclass task with:
	-custom
		-f1: 0.6558994524902261
		-auroc: 0.8838353108334672
	-resnet
		-f1: 0.7377978934839384
		-auroc: 0.9388492437092785
2026-06-08 20:09:04 - __main__ - INFO - Input matrix with DANLYSPGFQIVHCEKTMRW encoding is removed.

2026-06-08 20:09:19 - __main__ - INFO - Input matrix with ACVSIQHDKRETNGMPWFYL encoding is generated.
2026-06-08 20:15:10 - __main__ - INFO - ACVSIQHDKRETNGMPWFYL encoding is done for multiclass task with:
	-custom
		-f1: 0.6468368617209503
		-auroc: 0.8843474073052302
	-resnet
		-f1: 0.7637140972877331
		-auroc: 0.9387529088329474
2026-06-08 20:15:10 - __main__ - INFO - Input matrix with ACVSIQHDKRETNGMPWFYL encoding is removed.

2026-06-08 20:15:25 - __main__ - INFO - Input matrix with WNQFPLGERSIYCDHMAKVT encoding is generated.
2026-06-08 20:21:19 - __main__ - INFO - WNQFPLGERSIYCDHMAKVT encoding is done for multiclass task with:
	-custom
		-f1: 0.6600287822803358
		-auroc: 0.8857542923933366
	-resnet
		-f1: 0.7810867233863414
		-auroc: 0.9428428426573389
2026-06-08 20:21:19 - __main__ - INFO - Input matrix with WNQFPLGERSIYCDHMAKVT encoding is removed.

2026-06-08 20:21:33 - __main__ - INFO - Input matrix with NLTHSEVGFPRWKQDYMAIC encoding is generated.
2026-06-08 20:27:26 - __main__ - INFO - NLTHSEVGFPRWKQDYMAIC encoding is done for multiclass task with:
	-custom
		-f1: 0.6362989937965938
		-auroc: 0.8815333206247175
	-resnet
		-f1: 0.7602105938828106
		-auroc: 0.939976283521266
2026-06-08 20:27:26 - __main__ - INFO - Input matrix with NLTHSEVGFPRWKQDYMAIC encoding is removed.

2026-06-08 20:27:40 - __main__ - INFO - Input matrix with RKCTQDSLMFHYVEPWIAGN encoding is generated.
2026-06-08 20:33:31 - __main__ - INFO - RKCTQDSLMFHYVEPWIAGN encoding is done for multiclass task with:
	-custom
		-f1: 0.6367479982240223
		-auroc: 0.8843941842167853
	-resnet
		-f1: 0.759795309080239
		-auroc: 0.9468659917672235
2026-06-08 20:33:31 - __main__ - INFO - Input matrix with RKCTQDSLMFHYVEPWIAGN encoding is removed.

2026-06-08 20:33:45 - __main__ - INFO - Input matrix with YIDQCMSAVHTFNWPERLKG encoding is generated.
2026-06-08 20:39:40 - __main__ - INFO - YIDQCMSAVHTFNWPERLKG encoding is done for multiclass task with:
	-custom
		-f1: 0.6445152834870301
		-auroc: 0.8842231399640195
	-resnet
		-f1: 0.7618738000219478
		-auroc: 0.9456872021756046
2026-06-08 20:39:40 - __main__ - INFO - Input matrix with YIDQCMSAVHTFNWPERLKG encoding is removed.

2026-06-08 20:39:54 - __main__ - INFO - Input matrix with HRAWVGLQFDPNYSTICKEM encoding is generated.
2026-06-08 20:45:47 - __main__ - INFO - HRAWVGLQFDPNYSTICKEM encoding is done for multiclass task with:
	-custom
		-f1: 0.639529948485624
		-auroc: 0.8829379673138253
	-resnet
		-f1: 0.781242997517316
		-auroc: 0.9448644343376783
2026-06-08 20:45:47 - __main__ - INFO - Input matrix with HRAWVGLQFDPNYSTICKEM encoding is removed.

2026-06-08 20:46:01 - __main__ - INFO - Input matrix with VQPLKYNAFDGCTRIWEMHS encoding is generated.
2026-06-08 20:51:49 - __main__ - INFO - VQPLKYNAFDGCTRIWEMHS encoding is done for multiclass task with:
	-custom
		-f1: 0.6194170742048882
		-auroc: 0.8814172339037158
	-resnet
		-f1: 0.7495271955248941
		-auroc: 0.9406171388469323
2026-06-08 20:51:49 - __main__ - INFO - Input matrix with VQPLKYNAFDGCTRIWEMHS encoding is removed.

2026-06-08 20:52:03 - __main__ - INFO - Input matrix with IKSHGDALFVPMQWYTNRCE encoding is generated.
2026-06-08 20:57:54 - __main__ - INFO - IKSHGDALFVPMQWYTNRCE encoding is done for multiclass task with:
	-custom
		-f1: 0.6439035450504347
		-auroc: 0.8820783943657997
	-resnet
		-f1: 0.7526362488085325
		-auroc: 0.9408143186082907
2026-06-08 20:57:54 - __main__ - INFO - Input matrix with IKSHGDALFVPMQWYTNRCE encoding is removed.

2026-06-08 20:58:08 - __main__ - INFO - Input matrix with ISRPFGLKVNCMAWHTQYDE encoding is generated.
2026-06-08 21:04:00 - __main__ - INFO - ISRPFGLKVNCMAWHTQYDE encoding is done for multiclass task with:
	-custom
		-f1: 0.6471024868912794
		-auroc: 0.8831484576752068
	-resnet
		-f1: 0.7581290800333464
		-auroc: 0.9410736581402496
2026-06-08 21:04:00 - __main__ - INFO - Input matrix with ISRPFGLKVNCMAWHTQYDE encoding is removed.

2026-06-08 21:04:15 - __main__ - INFO - Input matrix with QLCHDVGSNRFMPEYTAIKW encoding is generated.
2026-06-08 21:10:07 - __main__ - INFO - QLCHDVGSNRFMPEYTAIKW encoding is done for multiclass task with:
	-custom
		-f1: 0.6595217846326142
		-auroc: 0.8854675285038203
	-resnet
		-f1: 0.7622891494868844
		-auroc: 0.9415693126088565
2026-06-08 21:10:07 - __main__ - INFO - Input matrix with QLCHDVGSNRFMPEYTAIKW encoding is removed.

2026-06-08 21:10:21 - __main__ - INFO - Input matrix with HISENLKDGTFPYCWAQRVM encoding is generated.
2026-06-08 21:16:16 - __main__ - INFO - HISENLKDGTFPYCWAQRVM encoding is done for multiclass task with:
	-custom
		-f1: 0.6444567823389877
		-auroc: 0.8818799914745892
	-resnet
		-f1: 0.7550909203586776
		-auroc: 0.9406593169366774
2026-06-08 21:16:16 - __main__ - INFO - Input matrix with HISENLKDGTFPYCWAQRVM encoding is removed.

2026-06-08 21:16:30 - __main__ - INFO - Input matrix with LWDRHPINKCYGSTVEFQAM encoding is generated.
2026-06-08 21:22:22 - __main__ - INFO - LWDRHPINKCYGSTVEFQAM encoding is done for multiclass task with:
	-custom
		-f1: 0.6549949430252249
		-auroc: 0.8868852922813527
	-resnet
		-f1: 0.7739285967231951
		-auroc: 0.9459580808089099
2026-06-08 21:22:22 - __main__ - INFO - Input matrix with LWDRHPINKCYGSTVEFQAM encoding is removed.

2026-06-08 21:22:36 - __main__ - INFO - Input matrix with RYVDGHFMTICQWSNLKEPA encoding is generated.
2026-06-08 21:28:27 - __main__ - INFO - RYVDGHFMTICQWSNLKEPA encoding is done for multiclass task with:
	-custom
		-f1: 0.6522674737762622
		-auroc: 0.8857912876561631
	-resnet
		-f1: 0.7625556410896862
		-auroc: 0.9351013351281077
2026-06-08 21:28:27 - __main__ - INFO - Input matrix with RYVDGHFMTICQWSNLKEPA encoding is removed.

2026-06-08 21:28:41 - __main__ - INFO - Input matrix with DFCGVINPRKMWLAETYSQH encoding is generated.
2026-06-08 21:34:36 - __main__ - INFO - DFCGVINPRKMWLAETYSQH encoding is done for multiclass task with:
	-custom
		-f1: 0.6356934605880529
		-auroc: 0.8827048508402203
	-resnet
		-f1: 0.7843255023214933
		-auroc: 0.9449043479589406
2026-06-08 21:34:36 - __main__ - INFO - Input matrix with DFCGVINPRKMWLAETYSQH encoding is removed.

2026-06-08 21:34:50 - __main__ - INFO - Input matrix with HLNIKWEQDPTRYCGFMVSA encoding is generated.
2026-06-08 21:40:43 - __main__ - INFO - HLNIKWEQDPTRYCGFMVSA encoding is done for multiclass task with:
	-custom
		-f1: 0.6463993466937041
		-auroc: 0.8819853646488107
	-resnet
		-f1: 0.784335444876581
		-auroc: 0.9460954758169274
2026-06-08 21:40:43 - __main__ - INFO - Input matrix with HLNIKWEQDPTRYCGFMVSA encoding is removed.

2026-06-08 21:40:57 - __main__ - INFO - Input matrix with EHPLTWASVIRCDKMGNQFY encoding is generated.
2026-06-08 21:46:57 - __main__ - INFO - EHPLTWASVIRCDKMGNQFY encoding is done for multiclass task with:
	-custom
		-f1: 0.6580880396864497
		-auroc: 0.888963961529716
	-resnet
		-f1: 0.750190605305283
		-auroc: 0.935900992685793
2026-06-08 21:46:57 - __main__ - INFO - Input matrix with EHPLTWASVIRCDKMGNQFY encoding is removed.

2026-06-08 21:47:12 - __main__ - INFO - Input matrix with PVHTLCKRQNYASDGMFIEW encoding is generated.
2026-06-08 21:53:04 - __main__ - INFO - PVHTLCKRQNYASDGMFIEW encoding is done for multiclass task with:
	-custom
		-f1: 0.6366382378596249
		-auroc: 0.8757248895362262
	-resnet
		-f1: 0.7646052996688366
		-auroc: 0.9431413997932385
2026-06-08 21:53:04 - __main__ - INFO - Input matrix with PVHTLCKRQNYASDGMFIEW encoding is removed.

2026-06-08 21:53:18 - __main__ - INFO - Input matrix with NSEIHKQALCTVPDGFYMRW encoding is generated.
2026-06-08 21:59:10 - __main__ - INFO - NSEIHKQALCTVPDGFYMRW encoding is done for multiclass task with:
	-custom
		-f1: 0.6484482244215982
		-auroc: 0.8836938060510615
	-resnet
		-f1: 0.7739762315814722
		-auroc: 0.9420664436637353
2026-06-08 21:59:10 - __main__ - INFO - Input matrix with NSEIHKQALCTVPDGFYMRW encoding is removed.

2026-06-08 21:59:24 - __main__ - INFO - Input matrix with GRKDTWALFCVQIYPSHNEM encoding is generated.
2026-06-08 22:05:18 - __main__ - INFO - GRKDTWALFCVQIYPSHNEM encoding is done for multiclass task with:
	-custom
		-f1: 0.6419651750804227
		-auroc: 0.8864132214410564
	-resnet
		-f1: 0.7834626545606145
		-auroc: 0.9462181331591968
2026-06-08 22:05:18 - __main__ - INFO - Input matrix with GRKDTWALFCVQIYPSHNEM encoding is removed.

2026-06-08 22:05:33 - __main__ - INFO - Input matrix with KHNMRIDTVELPWQAYCSFG encoding is generated.
2026-06-08 22:11:23 - __main__ - INFO - KHNMRIDTVELPWQAYCSFG encoding is done for multiclass task with:
	-custom
		-f1: 0.6566431826403358
		-auroc: 0.8823297305615057
	-resnet
		-f1: 0.7562894668115481
		-auroc: 0.9398128982983149
2026-06-08 22:11:23 - __main__ - INFO - Input matrix with KHNMRIDTVELPWQAYCSFG encoding is removed.

2026-06-08 22:11:38 - __main__ - INFO - Input matrix with FMPVCSINYRTKLQHDEGAW encoding is generated.
2026-06-08 22:17:33 - __main__ - INFO - FMPVCSINYRTKLQHDEGAW encoding is done for multiclass task with:
	-custom
		-f1: 0.6560667195889189
		-auroc: 0.8904760018949668
	-resnet
		-f1: 0.7436857399277585
		-auroc: 0.9430238912856777
2026-06-08 22:17:33 - __main__ - INFO - Input matrix with FMPVCSINYRTKLQHDEGAW encoding is removed.

2026-06-08 22:17:47 - __main__ - INFO - Input matrix with PMYHWENQKRSTACVIFDGL encoding is generated.
2026-06-08 22:23:41 - __main__ - INFO - PMYHWENQKRSTACVIFDGL encoding is done for multiclass task with:
	-custom
		-f1: 0.6434095236783792
		-auroc: 0.8838345142904849
	-resnet
		-f1: 0.7426651280429055
		-auroc: 0.9399830654397683
2026-06-08 22:23:41 - __main__ - INFO - Input matrix with PMYHWENQKRSTACVIFDGL encoding is removed.

2026-06-08 22:23:55 - __main__ - INFO - Input matrix with AEKWTMIFGSLRNQYDVCPH encoding is generated.
2026-06-08 22:29:47 - __main__ - INFO - AEKWTMIFGSLRNQYDVCPH encoding is done for multiclass task with:
	-custom
		-f1: 0.6354847022263624
		-auroc: 0.8794933984815284
	-resnet
		-f1: 0.7850745042998468
		-auroc: 0.9470408303852583
2026-06-08 22:29:47 - __main__ - INFO - Input matrix with AEKWTMIFGSLRNQYDVCPH encoding is removed.

2026-06-08 22:30:01 - __main__ - INFO - Input matrix with CQVRATHPWMNSYDKFGILE encoding is generated.
2026-06-08 22:35:58 - __main__ - INFO - CQVRATHPWMNSYDKFGILE encoding is done for multiclass task with:
	-custom
		-f1: 0.6515973891504702
		-auroc: 0.8843049454339396
	-resnet
		-f1: 0.7600533089325625
		-auroc: 0.9412027634477884
2026-06-08 22:35:58 - __main__ - INFO - Input matrix with CQVRATHPWMNSYDKFGILE encoding is removed.

2026-06-08 22:36:13 - __main__ - INFO - Input matrix with KSAVEWPNGYRQTDLHIFCM encoding is generated.
2026-06-08 22:42:07 - __main__ - INFO - KSAVEWPNGYRQTDLHIFCM encoding is done for multiclass task with:
	-custom
		-f1: 0.6560657554739436
		-auroc: 0.8876527860957502
	-resnet
		-f1: 0.7690621314962532
		-auroc: 0.947411007138647
2026-06-08 22:42:07 - __main__ - INFO - Input matrix with KSAVEWPNGYRQTDLHIFCM encoding is removed.

2026-06-08 22:42:21 - __main__ - INFO - Input matrix with NSRPAHMTWIYQGFDVLKEC encoding is generated.
2026-06-08 22:48:16 - __main__ - INFO - NSRPAHMTWIYQGFDVLKEC encoding is done for multiclass task with:
	-custom
		-f1: 0.645433980381961
		-auroc: 0.8855640934273261
	-resnet
		-f1: 0.7721296587829308
		-auroc: 0.9434333251115721
2026-06-08 22:48:16 - __main__ - INFO - Input matrix with NSRPAHMTWIYQGFDVLKEC encoding is removed.

2026-06-08 22:48:30 - __main__ - INFO - Input matrix with VYNWQHTCLRPGDFMASIEK encoding is generated.
2026-06-08 22:54:23 - __main__ - INFO - VYNWQHTCLRPGDFMASIEK encoding is done for multiclass task with:
	-custom
		-f1: 0.661678107481027
		-auroc: 0.8862607775058142
	-resnet
		-f1: 0.7436980284090898
		-auroc: 0.9377271645419656
2026-06-08 22:54:23 - __main__ - INFO - Input matrix with VYNWQHTCLRPGDFMASIEK encoding is removed.

2026-06-08 22:54:37 - __main__ - INFO - Input matrix with EIDCMTRWAGPFKQLSYHVN encoding is generated.
2026-06-08 23:00:28 - __main__ - INFO - EIDCMTRWAGPFKQLSYHVN encoding is done for multiclass task with:
	-custom
		-f1: 0.6468321723454693
		-auroc: 0.886501699708203
	-resnet
		-f1: 0.7680672106229036
		-auroc: 0.9450443391412687
2026-06-08 23:00:28 - __main__ - INFO - Input matrix with EIDCMTRWAGPFKQLSYHVN encoding is removed.

2026-06-08 23:00:42 - __main__ - INFO - Input matrix with CGVPETHYMFIWQKLNDSRA encoding is generated.
2026-06-08 23:06:37 - __main__ - INFO - CGVPETHYMFIWQKLNDSRA encoding is done for multiclass task with:
	-custom
		-f1: 0.6389639312790443
		-auroc: 0.8824482670824068
	-resnet
		-f1: 0.7350756292443352
		-auroc: 0.9361843346432842
2026-06-08 23:06:37 - __main__ - INFO - Input matrix with CGVPETHYMFIWQKLNDSRA encoding is removed.

2026-06-08 23:06:51 - __main__ - INFO - Input matrix with WTGEKAQDCVMFSRNYPHLI encoding is generated.
2026-06-08 23:13:01 - __main__ - INFO - WTGEKAQDCVMFSRNYPHLI encoding is done for multiclass task with:
	-custom
		-f1: 0.6533193216646067
		-auroc: 0.8878339231379414
	-resnet
		-f1: 0.7680213000349214
		-auroc: 0.9442760425509167
2026-06-08 23:13:01 - __main__ - INFO - Input matrix with WTGEKAQDCVMFSRNYPHLI encoding is removed.

2026-06-08 23:13:15 - __main__ - INFO - Input matrix with YWTPDQLNMIEAFVKSHRCG encoding is generated.
2026-06-08 23:19:07 - __main__ - INFO - YWTPDQLNMIEAFVKSHRCG encoding is done for multiclass task with:
	-custom
		-f1: 0.6577208020728934
		-auroc: 0.8898603602413967
	-resnet
		-f1: 0.7682656039326929
		-auroc: 0.9370238249162866
2026-06-08 23:19:07 - __main__ - INFO - Input matrix with YWTPDQLNMIEAFVKSHRCG encoding is removed.

2026-06-08 23:19:21 - __main__ - INFO - Input matrix with DMQGINKPEWHCRSVTYFLA encoding is generated.
2026-06-08 23:25:15 - __main__ - INFO - DMQGINKPEWHCRSVTYFLA encoding is done for multiclass task with:
	-custom
		-f1: 0.6431362002268987
		-auroc: 0.8823332311374689
	-resnet
		-f1: 0.7317973831706894
		-auroc: 0.9357174362530719
2026-06-08 23:25:15 - __main__ - INFO - Input matrix with DMQGINKPEWHCRSVTYFLA encoding is removed.

2026-06-08 23:25:29 - __main__ - INFO - Input matrix with PLKNFVWHSYCEAGQTDMIR encoding is generated.
2026-06-08 23:31:28 - __main__ - INFO - PLKNFVWHSYCEAGQTDMIR encoding is done for multiclass task with:
	-custom
		-f1: 0.6426069775872782
		-auroc: 0.8827559453404266
	-resnet
		-f1: 0.7781123592302848
		-auroc: 0.9415574973067145
2026-06-08 23:31:28 - __main__ - INFO - Input matrix with PLKNFVWHSYCEAGQTDMIR encoding is removed.

2026-06-08 23:31:42 - __main__ - INFO - Input matrix with QMVEKICPFGYSAWLDNRHT encoding is generated.
2026-06-08 23:37:35 - __main__ - INFO - QMVEKICPFGYSAWLDNRHT encoding is done for multiclass task with:
	-custom
		-f1: 0.630970647475442
		-auroc: 0.8765602378541819
	-resnet
		-f1: 0.7768464947195975
		-auroc: 0.9392284286580141
2026-06-08 23:37:35 - __main__ - INFO - Input matrix with QMVEKICPFGYSAWLDNRHT encoding is removed.

2026-06-08 23:37:50 - __main__ - INFO - Input matrix with IYAPKQCMWSGLTFDHRNVE encoding is generated.
2026-06-08 23:43:40 - __main__ - INFO - IYAPKQCMWSGLTFDHRNVE encoding is done for multiclass task with:
	-custom
		-f1: 0.6540922030609636
		-auroc: 0.8835320093987425
	-resnet
		-f1: 0.755474439014945
		-auroc: 0.9359923226767688
2026-06-08 23:43:40 - __main__ - INFO - Input matrix with IYAPKQCMWSGLTFDHRNVE encoding is removed.

2026-06-08 23:43:54 - __main__ - INFO - Input matrix with PRKIVWYGDAELMFCNSTQH encoding is generated.
2026-06-08 23:49:46 - __main__ - INFO - PRKIVWYGDAELMFCNSTQH encoding is done for multiclass task with:
	-custom
		-f1: 0.6454833862086364
		-auroc: 0.8866779122815815
	-resnet
		-f1: 0.7824319934164402
		-auroc: 0.9484977540853556
2026-06-08 23:49:46 - __main__ - INFO - Input matrix with PRKIVWYGDAELMFCNSTQH encoding is removed.

2026-06-08 23:50:00 - __main__ - INFO - Input matrix with FMINPWCQGLKDHRTYVSEA encoding is generated.
2026-06-08 23:55:48 - __main__ - INFO - FMINPWCQGLKDHRTYVSEA encoding is done for multiclass task with:
	-custom
		-f1: 0.6560641808592078
		-auroc: 0.8851812024523514
	-resnet
		-f1: 0.7740537947000115
		-auroc: 0.9368990767112516
2026-06-08 23:55:48 - __main__ - INFO - Input matrix with FMINPWCQGLKDHRTYVSEA encoding is removed.

2026-06-08 23:56:02 - __main__ - INFO - Input matrix with EGQNRVHFTACMYSWIKDLP encoding is generated.
2026-06-09 00:01:49 - __main__ - INFO - EGQNRVHFTACMYSWIKDLP encoding is done for multiclass task with:
	-custom
		-f1: 0.6337288512875832
		-auroc: 0.880485115186049
	-resnet
		-f1: 0.764673570443834
		-auroc: 0.9403943509111465
2026-06-09 00:01:49 - __main__ - INFO - Input matrix with EGQNRVHFTACMYSWIKDLP encoding is removed.

2026-06-09 00:02:04 - __main__ - INFO - Input matrix with DHTEQWMRALSVIPGYCKNF encoding is generated.
2026-06-09 00:07:55 - __main__ - INFO - DHTEQWMRALSVIPGYCKNF encoding is done for multiclass task with:
	-custom
		-f1: 0.6477733734556826
		-auroc: 0.8856738278485585
	-resnet
		-f1: 0.7715308959427274
		-auroc: 0.9414738327823511
2026-06-09 00:07:55 - __main__ - INFO - Input matrix with DHTEQWMRALSVIPGYCKNF encoding is removed.

2026-06-09 00:08:10 - __main__ - INFO - Input matrix with RNYVCFKEQSTLAIHWPMDG encoding is generated.
2026-06-09 00:14:07 - __main__ - INFO - RNYVCFKEQSTLAIHWPMDG encoding is done for multiclass task with:
	-custom
		-f1: 0.6528476077967783
		-auroc: 0.8876537188560022
	-resnet
		-f1: 0.7714422937952732
		-auroc: 0.9424806585906838
2026-06-09 00:14:07 - __main__ - INFO - Input matrix with RNYVCFKEQSTLAIHWPMDG encoding is removed.

2026-06-09 00:14:21 - __main__ - INFO - Input matrix with IPCDYTWGSANFVQERLKHM encoding is generated.
2026-06-09 00:20:14 - __main__ - INFO - IPCDYTWGSANFVQERLKHM encoding is done for multiclass task with:
	-custom
		-f1: 0.6457902270207813
		-auroc: 0.8870724690750553
	-resnet
		-f1: 0.7730921869186098
		-auroc: 0.9420617429627622
2026-06-09 00:20:14 - __main__ - INFO - Input matrix with IPCDYTWGSANFVQERLKHM encoding is removed.

2026-06-09 00:20:29 - __main__ - INFO - Input matrix with RTKPFMVIEQLCGNYHDSAW encoding is generated.
2026-06-09 00:26:22 - __main__ - INFO - RTKPFMVIEQLCGNYHDSAW encoding is done for multiclass task with:
	-custom
		-f1: 0.6614736428058151
		-auroc: 0.8901920800622737
	-resnet
		-f1: 0.7366202903819641
		-auroc: 0.942829966284411
2026-06-09 00:26:22 - __main__ - INFO - Input matrix with RTKPFMVIEQLCGNYHDSAW encoding is removed.

2026-06-09 00:26:36 - __main__ - INFO - Input matrix with TLFQGHEAYIKPNWCSMDRV encoding is generated.
2026-06-09 00:32:26 - __main__ - INFO - TLFQGHEAYIKPNWCSMDRV encoding is done for multiclass task with:
	-custom
		-f1: 0.64290332684972
		-auroc: 0.8848303980177219
	-resnet
		-f1: 0.7748104279976576
		-auroc: 0.9423899078492282
2026-06-09 00:32:26 - __main__ - INFO - Input matrix with TLFQGHEAYIKPNWCSMDRV encoding is removed.

2026-06-09 00:32:40 - __main__ - INFO - Input matrix with PEKFYSIMHQLDANVGCWTR encoding is generated.
2026-06-09 00:38:31 - __main__ - INFO - PEKFYSIMHQLDANVGCWTR encoding is done for multiclass task with:
	-custom
		-f1: 0.6376240222904762
		-auroc: 0.8793414422865364
	-resnet
		-f1: 0.7491524836936352
		-auroc: 0.9336247756379198
2026-06-09 00:38:31 - __main__ - INFO - Input matrix with PEKFYSIMHQLDANVGCWTR encoding is removed.

2026-06-09 00:38:46 - __main__ - INFO - Input matrix with HRQICEMFWGPYKVTDLNSA encoding is generated.
2026-06-09 00:44:38 - __main__ - INFO - HRQICEMFWGPYKVTDLNSA encoding is done for multiclass task with:
	-custom
		-f1: 0.6411128427667677
		-auroc: 0.8842225018488243
	-resnet
		-f1: 0.7586446258081149
		-auroc: 0.9396830755409272
2026-06-09 00:44:38 - __main__ - INFO - Input matrix with HRQICEMFWGPYKVTDLNSA encoding is removed.

2026-06-09 00:44:52 - __main__ - INFO - Input matrix with GTMAEQVCSLNRKHPFIWYD encoding is generated.
2026-06-09 00:50:45 - __main__ - INFO - GTMAEQVCSLNRKHPFIWYD encoding is done for multiclass task with:
	-custom
		-f1: 0.6299739333128563
		-auroc: 0.8818899332711665
	-resnet
		-f1: 0.7399359405497892
		-auroc: 0.9356256364720389
2026-06-09 00:50:45 - __main__ - INFO - Input matrix with GTMAEQVCSLNRKHPFIWYD encoding is removed.

2026-06-09 00:50:59 - __main__ - INFO - Input matrix with WHLDGNRVTEQYPCFKSMAI encoding is generated.
2026-06-09 00:56:52 - __main__ - INFO - WHLDGNRVTEQYPCFKSMAI encoding is done for multiclass task with:
	-custom
		-f1: 0.6489475068487188
		-auroc: 0.8863679615329169
	-resnet
		-f1: 0.7449838984928626
		-auroc: 0.9410813668252747
2026-06-09 00:56:52 - __main__ - INFO - Input matrix with WHLDGNRVTEQYPCFKSMAI encoding is removed.

2026-06-09 00:57:06 - __main__ - INFO - Input matrix with NSGWITMVQLEHPFYRACKD encoding is generated.
2026-06-09 01:02:59 - __main__ - INFO - NSGWITMVQLEHPFYRACKD encoding is done for multiclass task with:
	-custom
		-f1: 0.6478532403624655
		-auroc: 0.8867760273338096
	-resnet
		-f1: 0.7711511932129818
		-auroc: 0.943535305510129
2026-06-09 01:02:59 - __main__ - INFO - Input matrix with NSGWITMVQLEHPFYRACKD encoding is removed.

2026-06-09 01:03:13 - __main__ - INFO - Input matrix with QACRIFEKYLGWHDNVTPMS encoding is generated.
2026-06-09 01:09:09 - __main__ - INFO - QACRIFEKYLGWHDNVTPMS encoding is done for multiclass task with:
	-custom
		-f1: 0.649788737309352
		-auroc: 0.8844279306405385
	-resnet
		-f1: 0.7723661032491629
		-auroc: 0.9440764186751796
2026-06-09 01:09:09 - __main__ - INFO - Input matrix with QACRIFEKYLGWHDNVTPMS encoding is removed.

2026-06-09 01:09:23 - __main__ - INFO - Input matrix with RGFVKIYPASTLNMECHWDQ encoding is generated.
2026-06-09 01:15:16 - __main__ - INFO - RGFVKIYPASTLNMECHWDQ encoding is done for multiclass task with:
	-custom
		-f1: 0.641825982514829
		-auroc: 0.8816456393122142
	-resnet
		-f1: 0.7789159887817746
		-auroc: 0.9440532663287751
2026-06-09 01:15:16 - __main__ - INFO - Input matrix with RGFVKIYPASTLNMECHWDQ encoding is removed.

2026-06-09 01:15:30 - __main__ - INFO - Input matrix with PTECMYWKSHNGQFALDIVR encoding is generated.
2026-06-09 01:21:23 - __main__ - INFO - PTECMYWKSHNGQFALDIVR encoding is done for multiclass task with:
	-custom
		-f1: 0.6417597866990538
		-auroc: 0.881719237922255
	-resnet
		-f1: 0.7607649392299157
		-auroc: 0.9406948773044663
2026-06-09 01:21:23 - __main__ - INFO - Input matrix with PTECMYWKSHNGQFALDIVR encoding is removed.

2026-06-09 01:21:37 - __main__ - INFO - Input matrix with LFVCKMWIYSGATNPHQRED encoding is generated.
2026-06-09 01:27:30 - __main__ - INFO - LFVCKMWIYSGATNPHQRED encoding is done for multiclass task with:
	-custom
		-f1: 0.6464822946031676
		-auroc: 0.8855599568560739
	-resnet
		-f1: 0.7768040482487455
		-auroc: 0.9432598185197933
2026-06-09 01:27:30 - __main__ - INFO - Input matrix with LFVCKMWIYSGATNPHQRED encoding is removed.

2026-06-09 01:27:44 - __main__ - INFO - Input matrix with QNRGVIWPDKTYLFAECMSH encoding is generated.
2026-06-09 01:33:36 - __main__ - INFO - QNRGVIWPDKTYLFAECMSH encoding is done for multiclass task with:
	-custom
		-f1: 0.6542041308672625
		-auroc: 0.8845778137019625
	-resnet
		-f1: 0.7671145800773
		-auroc: 0.9394815733362257
2026-06-09 01:33:36 - __main__ - INFO - Input matrix with QNRGVIWPDKTYLFAECMSH encoding is removed.

2026-06-09 01:33:50 - __main__ - INFO - Input matrix with HGSPKAWTCMRIVYNQEFDL encoding is generated.
2026-06-09 01:39:41 - __main__ - INFO - HGSPKAWTCMRIVYNQEFDL encoding is done for multiclass task with:
	-custom
		-f1: 0.6555866203573482
		-auroc: 0.8885250937759095
	-resnet
		-f1: 0.7647876067235108
		-auroc: 0.9384336505340725
2026-06-09 01:39:41 - __main__ - INFO - Input matrix with HGSPKAWTCMRIVYNQEFDL encoding is removed.

2026-06-09 01:39:55 - __main__ - INFO - Input matrix with ERSHPTQKIVACNYLFDMGW encoding is generated.
2026-06-09 01:45:48 - __main__ - INFO - ERSHPTQKIVACNYLFDMGW encoding is done for multiclass task with:
	-custom
		-f1: 0.6371706005462676
		-auroc: 0.8881582444399448
	-resnet
		-f1: 0.7630759398769251
		-auroc: 0.9350677579424638
2026-06-09 01:45:48 - __main__ - INFO - Input matrix with ERSHPTQKIVACNYLFDMGW encoding is removed.

2026-06-09 01:46:03 - __main__ - INFO - Input matrix with FREDPYWNVQCTGSHMLAKI encoding is generated.
2026-06-09 01:51:52 - __main__ - INFO - FREDPYWNVQCTGSHMLAKI encoding is done for multiclass task with:
	-custom
		-f1: 0.6409560099269083
		-auroc: 0.8821903679740488
	-resnet
		-f1: 0.7513283328755124
		-auroc: 0.9363373949030296
2026-06-09 01:51:52 - __main__ - INFO - Input matrix with FREDPYWNVQCTGSHMLAKI encoding is removed.

2026-06-09 01:52:06 - __main__ - INFO - Input matrix with FESDLRCGAIKHPWNQTVMY encoding is generated.
2026-06-09 01:57:59 - __main__ - INFO - FESDLRCGAIKHPWNQTVMY encoding is done for multiclass task with:
	-custom
		-f1: 0.6414991985693479
		-auroc: 0.8856657041798192
	-resnet
		-f1: 0.7818495547124579
		-auroc: 0.9422426136395676
2026-06-09 01:57:59 - __main__ - INFO - Input matrix with FESDLRCGAIKHPWNQTVMY encoding is removed.

2026-06-09 01:58:13 - __main__ - INFO - Input matrix with RHIVFSWETCKDAQGNMLPY encoding is generated.
2026-06-09 02:04:06 - __main__ - INFO - RHIVFSWETCKDAQGNMLPY encoding is done for multiclass task with:
	-custom
		-f1: 0.6371637203566134
		-auroc: 0.8825853182974278
	-resnet
		-f1: 0.7720080822771601
		-auroc: 0.9387132188643766
2026-06-09 02:04:06 - __main__ - INFO - Input matrix with RHIVFSWETCKDAQGNMLPY encoding is removed.

2026-06-09 02:04:20 - __main__ - INFO - Input matrix with RNYLAIEFTKPWQDSGHMVC encoding is generated.
2026-06-09 02:10:10 - __main__ - INFO - RNYLAIEFTKPWQDSGHMVC encoding is done for multiclass task with:
	-custom
		-f1: 0.6423989346560643
		-auroc: 0.8861628121624932
	-resnet
		-f1: 0.7371174397963136
		-auroc: 0.9391905485183167
2026-06-09 02:10:10 - __main__ - INFO - Input matrix with RNYLAIEFTKPWQDSGHMVC encoding is removed.

2026-06-09 02:10:24 - __main__ - INFO - Input matrix with MTVESIAWNRLHDGQFPYKC encoding is generated.
2026-06-09 02:16:16 - __main__ - INFO - MTVESIAWNRLHDGQFPYKC encoding is done for multiclass task with:
	-custom
		-f1: 0.652350325296227
		-auroc: 0.8810204340334813
	-resnet
		-f1: 0.76366349177281
		-auroc: 0.9317300522856767
2026-06-09 02:16:16 - __main__ - INFO - Input matrix with MTVESIAWNRLHDGQFPYKC encoding is removed.

2026-06-09 02:16:30 - __main__ - INFO - Input matrix with VFTCDPWLNMIKQRYAGSHE encoding is generated.
2026-06-09 02:22:22 - __main__ - INFO - VFTCDPWLNMIKQRYAGSHE encoding is done for multiclass task with:
	-custom
		-f1: 0.6574608094737346
		-auroc: 0.8848950767194603
	-resnet
		-f1: 0.780914010481153
		-auroc: 0.9468856818683269
2026-06-09 02:22:22 - __main__ - INFO - Input matrix with VFTCDPWLNMIKQRYAGSHE encoding is removed.

2026-06-09 02:22:36 - __main__ - INFO - Input matrix with WHDCSFVAYKTEILQRPMGN encoding is generated.
2026-06-09 02:28:27 - __main__ - INFO - WHDCSFVAYKTEILQRPMGN encoding is done for multiclass task with:
	-custom
		-f1: 0.6473204447074636
		-auroc: 0.8858753635457817
	-resnet
		-f1: 0.7649232189547923
		-auroc: 0.939891356352019
2026-06-09 02:28:27 - __main__ - INFO - Input matrix with WHDCSFVAYKTEILQRPMGN encoding is removed.

2026-06-09 02:28:41 - __main__ - INFO - Input matrix with VEIKQNSPADCHRWTFMYGL encoding is generated.
2026-06-09 02:34:29 - __main__ - INFO - VEIKQNSPADCHRWTFMYGL encoding is done for multiclass task with:
	-custom
		-f1: 0.6323236718391725
		-auroc: 0.8774963214654937
	-resnet
		-f1: 0.7734475270244964
		-auroc: 0.9400081564928862
2026-06-09 02:34:29 - __main__ - INFO - Input matrix with VEIKQNSPADCHRWTFMYGL encoding is removed.

2026-06-09 02:34:44 - __main__ - INFO - Input matrix with DKGAFVESMWIPYLCRNTQH encoding is generated.
2026-06-09 02:40:35 - __main__ - INFO - DKGAFVESMWIPYLCRNTQH encoding is done for multiclass task with:
	-custom
		-f1: 0.6451409697622147
		-auroc: 0.882063631097598
	-resnet
		-f1: 0.7709255743830612
		-auroc: 0.940456443569212
2026-06-09 02:40:35 - __main__ - INFO - Input matrix with DKGAFVESMWIPYLCRNTQH encoding is removed.

2026-06-09 02:40:49 - __main__ - INFO - Input matrix with HTRCPEWNIQSAKMFYDGVL encoding is generated.
2026-06-09 02:46:38 - __main__ - INFO - HTRCPEWNIQSAKMFYDGVL encoding is done for multiclass task with:
	-custom
		-f1: 0.6478018855919886
		-auroc: 0.8833015444290286
	-resnet
		-f1: 0.7595751929606672
		-auroc: 0.9424027284003256
2026-06-09 02:46:38 - __main__ - INFO - Input matrix with HTRCPEWNIQSAKMFYDGVL encoding is removed.

2026-06-09 02:46:52 - __main__ - INFO - Input matrix with QHSNDMARLEKVYWIGCPTF encoding is generated.
2026-06-09 02:52:43 - __main__ - INFO - QHSNDMARLEKVYWIGCPTF encoding is done for multiclass task with:
	-custom
		-f1: 0.6309428782076957
		-auroc: 0.8795191560169313
	-resnet
		-f1: 0.7676366381132566
		-auroc: 0.9406343541524047
2026-06-09 02:52:43 - __main__ - INFO - Input matrix with QHSNDMARLEKVYWIGCPTF encoding is removed.

2026-06-09 02:52:57 - __main__ - INFO - Input matrix with RMSCWYFDPGIVLENATQHK encoding is generated.
2026-06-09 02:58:43 - __main__ - INFO - RMSCWYFDPGIVLENATQHK encoding is done for multiclass task with:
	-custom
		-f1: 0.6341288504774645
		-auroc: 0.8810345228442558
	-resnet
		-f1: 0.7576911606992347
		-auroc: 0.9424359319340498
2026-06-09 02:58:43 - __main__ - INFO - Input matrix with RMSCWYFDPGIVLENATQHK encoding is removed.

2026-06-09 02:58:58 - __main__ - INFO - Input matrix with TFGLWQMHYSRNACKPDEIV encoding is generated.
2026-06-09 03:04:50 - __main__ - INFO - TFGLWQMHYSRNACKPDEIV encoding is done for multiclass task with:
	-custom
		-f1: 0.645143258178704
		-auroc: 0.8835836371162639
	-resnet
		-f1: 0.7735384855913805
		-auroc: 0.9449451174684237
2026-06-09 03:04:50 - __main__ - INFO - Input matrix with TFGLWQMHYSRNACKPDEIV encoding is removed.

2026-06-09 03:05:04 - __main__ - INFO - Input matrix with AYSLHEKRMFINWDVCTQPG encoding is generated.
2026-06-09 03:10:56 - __main__ - INFO - AYSLHEKRMFINWDVCTQPG encoding is done for multiclass task with:
	-custom
		-f1: 0.6590122271548907
		-auroc: 0.8890613858821779
	-resnet
		-f1: 0.7821868292685786
		-auroc: 0.9482522998325933
2026-06-09 03:10:56 - __main__ - INFO - Input matrix with AYSLHEKRMFINWDVCTQPG encoding is removed.

2026-06-09 03:11:10 - __main__ - INFO - Input matrix with NFKHPEAGWLQITSYMDCVR encoding is generated.
2026-06-09 03:17:03 - __main__ - INFO - NFKHPEAGWLQITSYMDCVR encoding is done for multiclass task with:
	-custom
		-f1: 0.6522337522091467
		-auroc: 0.8882876084289446
	-resnet
		-f1: 0.7146953148824153
		-auroc: 0.9343398912422298
2026-06-09 03:17:03 - __main__ - INFO - Input matrix with NFKHPEAGWLQITSYMDCVR encoding is removed.

2026-06-09 03:17:17 - __main__ - INFO - Input matrix with YTKFRSVQLNPCGAMDEWHI encoding is generated.
2026-06-09 03:23:12 - __main__ - INFO - YTKFRSVQLNPCGAMDEWHI encoding is done for multiclass task with:
	-custom
		-f1: 0.6419475612030281
		-auroc: 0.8848990169108415
	-resnet
		-f1: 0.7625892728743657
		-auroc: 0.9425036346760367
2026-06-09 03:23:12 - __main__ - INFO - Input matrix with YTKFRSVQLNPCGAMDEWHI encoding is removed.

2026-06-09 03:23:26 - __main__ - INFO - Input matrix with HLERPIQNSFWTADCVKYMG encoding is generated.
2026-06-09 03:29:17 - __main__ - INFO - HLERPIQNSFWTADCVKYMG encoding is done for multiclass task with:
	-custom
		-f1: 0.634510596448991
		-auroc: 0.8837046660895564
	-resnet
		-f1: 0.7670817674271229
		-auroc: 0.9414563968204399
2026-06-09 03:29:17 - __main__ - INFO - Input matrix with HLERPIQNSFWTADCVKYMG encoding is removed.

2026-06-09 03:29:31 - __main__ - INFO - Input matrix with YQWKGNREHSPMIFCTLAVD encoding is generated.
2026-06-09 03:35:23 - __main__ - INFO - YQWKGNREHSPMIFCTLAVD encoding is done for multiclass task with:
	-custom
		-f1: 0.639645840439593
		-auroc: 0.8821267248500284
	-resnet
		-f1: 0.7701170672529828
		-auroc: 0.9410314692710869
2026-06-09 03:35:23 - __main__ - INFO - Input matrix with YQWKGNREHSPMIFCTLAVD encoding is removed.

2026-06-09 03:35:38 - __main__ - INFO - Input matrix with CQPIHGTEAWVYSDFRMNLK encoding is generated.
2026-06-09 03:41:33 - __main__ - INFO - CQPIHGTEAWVYSDFRMNLK encoding is done for multiclass task with:
	-custom
		-f1: 0.6289861451148007
		-auroc: 0.8834621633311178
	-resnet
		-f1: 0.7637434707570847
		-auroc: 0.9430261650105798
2026-06-09 03:41:33 - __main__ - INFO - Input matrix with CQPIHGTEAWVYSDFRMNLK encoding is removed.

2026-06-09 03:41:47 - __main__ - INFO - Input matrix with TVKPMEICSNWQLHFADGRY encoding is generated.
2026-06-09 03:47:41 - __main__ - INFO - TVKPMEICSNWQLHFADGRY encoding is done for multiclass task with:
	-custom
		-f1: 0.6396685262647914
		-auroc: 0.8853209317553274
	-resnet
		-f1: 0.7567617612152481
		-auroc: 0.9383282525902239
2026-06-09 03:47:41 - __main__ - INFO - Input matrix with TVKPMEICSNWQLHFADGRY encoding is removed.

2026-06-09 03:47:56 - __main__ - INFO - Input matrix with QAHMTLWIEPSKYFGDRCNV encoding is generated.
2026-06-09 03:53:49 - __main__ - INFO - QAHMTLWIEPSKYFGDRCNV encoding is done for multiclass task with:
	-custom
		-f1: 0.6539390897033657
		-auroc: 0.8870283680263304
	-resnet
		-f1: 0.7589073043069843
		-auroc: 0.9435454921488619
2026-06-09 03:53:49 - __main__ - INFO - Input matrix with QAHMTLWIEPSKYFGDRCNV encoding is removed.

2026-06-09 03:54:03 - __main__ - INFO - Input matrix with DHQWCVASEKLNMPIGRYTF encoding is generated.
2026-06-09 03:59:59 - __main__ - INFO - DHQWCVASEKLNMPIGRYTF encoding is done for multiclass task with:
	-custom
		-f1: 0.6515815239695588
		-auroc: 0.8861616275126802
	-resnet
		-f1: 0.7664223494378823
		-auroc: 0.9441336472824929
2026-06-09 03:59:59 - __main__ - INFO - Input matrix with DHQWCVASEKLNMPIGRYTF encoding is removed.

2026-06-09 04:00:13 - __main__ - INFO - Input matrix with EHLCTYKFSGQWRNDVAMIP encoding is generated.
2026-06-09 04:06:03 - __main__ - INFO - EHLCTYKFSGQWRNDVAMIP encoding is done for multiclass task with:
	-custom
		-f1: 0.6313431197066811
		-auroc: 0.8847533369762951
	-resnet
		-f1: 0.7671886928706759
		-auroc: 0.9394723924281776
2026-06-09 04:06:03 - __main__ - INFO - Input matrix with EHLCTYKFSGQWRNDVAMIP encoding is removed.

2026-06-09 04:06:17 - __main__ - INFO - Input matrix with EVDPTRMFQYKLGCSWAHNI encoding is generated.
2026-06-09 04:12:09 - __main__ - INFO - EVDPTRMFQYKLGCSWAHNI encoding is done for multiclass task with:
	-custom
		-f1: 0.6538476818212436
		-auroc: 0.8861077315544893
	-resnet
		-f1: 0.7740459896795577
		-auroc: 0.9400918275876433
2026-06-09 04:12:09 - __main__ - INFO - Input matrix with EVDPTRMFQYKLGCSWAHNI encoding is removed.

2026-06-09 04:12:24 - __main__ - INFO - Input matrix with TPRGCSWFDYNQEHLMVIKA encoding is generated.
2026-06-09 04:18:16 - __main__ - INFO - TPRGCSWFDYNQEHLMVIKA encoding is done for multiclass task with:
	-custom
		-f1: 0.6274243176514254
		-auroc: 0.8805187857316449
	-resnet
		-f1: 0.7821085683697243
		-auroc: 0.9474490533981073
2026-06-09 04:18:16 - __main__ - INFO - Input matrix with TPRGCSWFDYNQEHLMVIKA encoding is removed.

2026-06-09 04:18:31 - __main__ - INFO - Input matrix with TRIQSPWAVFMKCDNGEHYL encoding is generated.
2026-06-09 04:24:10 - __main__ - INFO - TRIQSPWAVFMKCDNGEHYL encoding is done for multiclass task with:
	-custom
		-f1: 0.6511980923700131
		-auroc: 0.886452087160037
	-resnet
		-f1: 0.7640320295711309
		-auroc: 0.9398116607286987
2026-06-09 04:24:10 - __main__ - INFO - Input matrix with TRIQSPWAVFMKCDNGEHYL encoding is removed.

2026-06-09 04:24:25 - __main__ - INFO - Input matrix with ITWVDFYKSRNQLPHMECGA encoding is generated.
2026-06-09 04:30:16 - __main__ - INFO - ITWVDFYKSRNQLPHMECGA encoding is done for multiclass task with:
	-custom
		-f1: 0.6513626570449311
		-auroc: 0.8883154825290447
	-resnet
		-f1: 0.7410013799938695
		-auroc: 0.9331110991070665
2026-06-09 04:30:16 - __main__ - INFO - Input matrix with ITWVDFYKSRNQLPHMECGA encoding is removed.

2026-06-09 04:30:30 - __main__ - INFO - Input matrix with RKHWEAQLTIVFCMNSGDYP encoding is generated.
2026-06-09 04:36:21 - __main__ - INFO - RKHWEAQLTIVFCMNSGDYP encoding is done for multiclass task with:
	-custom
		-f1: 0.6508284588747084
		-auroc: 0.8862984250836596
	-resnet
		-f1: 0.7791597910374094
		-auroc: 0.9434026006766227
2026-06-09 04:36:21 - __main__ - INFO - Input matrix with RKHWEAQLTIVFCMNSGDYP encoding is removed.

2026-06-09 04:36:35 - __main__ - INFO - Input matrix with YPQIRHELMNVTASFGCWDK encoding is generated.
2026-06-09 04:42:28 - __main__ - INFO - YPQIRHELMNVTASFGCWDK encoding is done for multiclass task with:
	-custom
		-f1: 0.6377439769180413
		-auroc: 0.8843607382947054
	-resnet
		-f1: 0.7448458317446024
		-auroc: 0.9430385356637739
2026-06-09 04:42:28 - __main__ - INFO - Input matrix with YPQIRHELMNVTASFGCWDK encoding is removed.

2026-06-09 04:42:42 - __main__ - INFO - Input matrix with CAEPWNDTMSFIHGKVLQYR encoding is generated.
2026-06-09 04:48:32 - __main__ - INFO - CAEPWNDTMSFIHGKVLQYR encoding is done for multiclass task with:
	-custom
		-f1: 0.6479184468097523
		-auroc: 0.8847368830047111
	-resnet
		-f1: 0.7222993059001255
		-auroc: 0.933268322182558
2026-06-09 04:48:32 - __main__ - INFO - Input matrix with CAEPWNDTMSFIHGKVLQYR encoding is removed.

2026-06-09 04:48:46 - __main__ - INFO - Input matrix with LRFMCVDGYKTWHAQEPISN encoding is generated.
2026-06-09 04:54:38 - __main__ - INFO - LRFMCVDGYKTWHAQEPISN encoding is done for multiclass task with:
	-custom
		-f1: 0.6405973733248495
		-auroc: 0.8859115734015921
	-resnet
		-f1: 0.7669005326624035
		-auroc: 0.9382788317836048
2026-06-09 04:54:38 - __main__ - INFO - Input matrix with LRFMCVDGYKTWHAQEPISN encoding is removed.

2026-06-09 04:54:52 - __main__ - INFO - Input matrix with MFWGERTHDLQAIVPNCYSK encoding is generated.
2026-06-09 05:00:38 - __main__ - INFO - MFWGERTHDLQAIVPNCYSK encoding is done for multiclass task with:
	-custom
		-f1: 0.6450968223765358
		-auroc: 0.8852620393045202
	-resnet
		-f1: 0.7734174286545665
		-auroc: 0.9388681895856863
2026-06-09 05:00:38 - __main__ - INFO - Input matrix with MFWGERTHDLQAIVPNCYSK encoding is removed.

2026-06-09 05:00:53 - __main__ - INFO - Input matrix with GKLDHYPQVTMWASICEFNR encoding is generated.
2026-06-09 05:06:46 - __main__ - INFO - GKLDHYPQVTMWASICEFNR encoding is done for multiclass task with:
	-custom
		-f1: 0.6459242439289009
		-auroc: 0.8856458862211044
	-resnet
		-f1: 0.7753218063324474
		-auroc: 0.9450607674763447
2026-06-09 05:06:46 - __main__ - INFO - Input matrix with GKLDHYPQVTMWASICEFNR encoding is removed.

2026-06-09 05:07:00 - __main__ - INFO - Input matrix with SLDMAFTEKPGHICYQRVWN encoding is generated.
2026-06-09 05:12:53 - __main__ - INFO - SLDMAFTEKPGHICYQRVWN encoding is done for multiclass task with:
	-custom
		-f1: 0.6634345006274686
		-auroc: 0.8898152622642895
	-resnet
		-f1: 0.7285632830999822
		-auroc: 0.9381173892805512
2026-06-09 05:12:53 - __main__ - INFO - Input matrix with SLDMAFTEKPGHICYQRVWN encoding is removed.

2026-06-09 05:13:07 - __main__ - INFO - Input matrix with TPKYMQLGNAWHEFVDSIRC encoding is generated.
2026-06-09 05:19:01 - __main__ - INFO - TPKYMQLGNAWHEFVDSIRC encoding is done for multiclass task with:
	-custom
		-f1: 0.6338086772508167
		-auroc: 0.8789676601415479
	-resnet
		-f1: 0.7709653443179675
		-auroc: 0.9412588203697425
2026-06-09 05:19:01 - __main__ - INFO - Input matrix with TPKYMQLGNAWHEFVDSIRC encoding is removed.

2026-06-09 05:19:15 - __main__ - INFO - Input matrix with RHGNVSKWMFQCYEAPITLD encoding is generated.
2026-06-09 05:25:07 - __main__ - INFO - RHGNVSKWMFQCYEAPITLD encoding is done for multiclass task with:
	-custom
		-f1: 0.6424044383998029
		-auroc: 0.8811621463170975
	-resnet
		-f1: 0.7621746808009322
		-auroc: 0.9436177555239365
2026-06-09 05:25:07 - __main__ - INFO - Input matrix with RHGNVSKWMFQCYEAPITLD encoding is removed.

2026-06-09 05:25:21 - __main__ - INFO - Input matrix with MNTRPIQVHSLECFGWYKDA encoding is generated.
2026-06-09 05:31:14 - __main__ - INFO - MNTRPIQVHSLECFGWYKDA encoding is done for multiclass task with:
	-custom
		-f1: 0.6524745930641326
		-auroc: 0.8848660577945843
	-resnet
		-f1: 0.7252782546208125
		-auroc: 0.9283999373616914
2026-06-09 05:31:14 - __main__ - INFO - Input matrix with MNTRPIQVHSLECFGWYKDA encoding is removed.

2026-06-09 05:31:28 - __main__ - INFO - Input matrix with IEQYDNALWKRMCTFSPVHG encoding is generated.
2026-06-09 05:37:19 - __main__ - INFO - IEQYDNALWKRMCTFSPVHG encoding is done for multiclass task with:
	-custom
		-f1: 0.6313350516938454
		-auroc: 0.8805591658676594
	-resnet
		-f1: 0.7577342371980734
		-auroc: 0.9363596851124344
2026-06-09 05:37:19 - __main__ - INFO - Input matrix with IEQYDNALWKRMCTFSPVHG encoding is removed.

2026-06-09 05:37:34 - __main__ - INFO - Input matrix with RSYHLWPNDVFKQGIAETMC encoding is generated.
2026-06-09 05:43:23 - __main__ - INFO - RSYHLWPNDVFKQGIAETMC encoding is done for multiclass task with:
	-custom
		-f1: 0.6413386493773194
		-auroc: 0.8826403874727387
	-resnet
		-f1: 0.772230553404665
		-auroc: 0.9425204579250458
2026-06-09 05:43:23 - __main__ - INFO - Input matrix with RSYHLWPNDVFKQGIAETMC encoding is removed.

2026-06-09 05:43:37 - __main__ - INFO - Input matrix with WVEDMKTNFRHCYALPIGSQ encoding is generated.
2026-06-09 05:49:27 - __main__ - INFO - WVEDMKTNFRHCYALPIGSQ encoding is done for multiclass task with:
	-custom
		-f1: 0.6404940550837319
		-auroc: 0.8805227261754321
	-resnet
		-f1: 0.7667218775819765
		-auroc: 0.9424792010896523
2026-06-09 05:49:27 - __main__ - INFO - Input matrix with WVEDMKTNFRHCYALPIGSQ encoding is removed.

2026-06-09 05:49:41 - __main__ - INFO - Input matrix with MSRQDNITKLHCPAGWYFVE encoding is generated.
2026-06-09 05:55:33 - __main__ - INFO - MSRQDNITKLHCPAGWYFVE encoding is done for multiclass task with:
	-custom
		-f1: 0.656024648239407
		-auroc: 0.8866974681677675
	-resnet
		-f1: 0.7718976876672409
		-auroc: 0.9408886270689976
2026-06-09 05:55:33 - __main__ - INFO - Input matrix with MSRQDNITKLHCPAGWYFVE encoding is removed.

2026-06-09 05:55:47 - __main__ - INFO - Input matrix with QLNECAHRGYDWKTSMVPFI encoding is generated.
2026-06-09 06:01:38 - __main__ - INFO - QLNECAHRGYDWKTSMVPFI encoding is done for multiclass task with:
	-custom
		-f1: 0.6583189082559688
		-auroc: 0.8865460031657124
	-resnet
		-f1: 0.7732484317003381
		-auroc: 0.9403967800946311
2026-06-09 06:01:38 - __main__ - INFO - Input matrix with QLNECAHRGYDWKTSMVPFI encoding is removed.

2026-06-09 06:01:52 - __main__ - INFO - Input matrix with HIFEQGYNWVMASPKDCLRT encoding is generated.
2026-06-09 06:07:41 - __main__ - INFO - HIFEQGYNWVMASPKDCLRT encoding is done for multiclass task with:
	-custom
		-f1: 0.6464359922564695
		-auroc: 0.8841662877331056
	-resnet
		-f1: 0.7707689565615011
		-auroc: 0.9442637556135068
2026-06-09 06:07:41 - __main__ - INFO - Input matrix with HIFEQGYNWVMASPKDCLRT encoding is removed.

2026-06-09 06:07:55 - __main__ - INFO - Input matrix with GQSANFIKEVMYCPWTHRDL encoding is generated.
2026-06-09 06:13:46 - __main__ - INFO - GQSANFIKEVMYCPWTHRDL encoding is done for multiclass task with:
	-custom
		-f1: 0.6495714632128377
		-auroc: 0.8816929542033224
	-resnet
		-f1: 0.7633270720628821
		-auroc: 0.9403085169802818
2026-06-09 06:13:46 - __main__ - INFO - Input matrix with GQSANFIKEVMYCPWTHRDL encoding is removed.

2026-06-09 06:14:00 - __main__ - INFO - Input matrix with TRIKSFPHCYEVMLDWAQNG encoding is generated.
2026-06-09 06:19:50 - __main__ - INFO - TRIKSFPHCYEVMLDWAQNG encoding is done for multiclass task with:
	-custom
		-f1: 0.6372808584496107
		-auroc: 0.8795886014738995
	-resnet
		-f1: 0.7692105555360341
		-auroc: 0.9425653577056334
2026-06-09 06:19:50 - __main__ - INFO - Input matrix with TRIKSFPHCYEVMLDWAQNG encoding is removed.

2026-06-09 06:20:04 - __main__ - INFO - Input matrix with SNHVELADCRWYIMKPTFGQ encoding is generated.
2026-06-09 06:25:54 - __main__ - INFO - SNHVELADCRWYIMKPTFGQ encoding is done for multiclass task with:
	-custom
		-f1: 0.6472013438837032
		-auroc: 0.8834235518659492
	-resnet
		-f1: 0.7686615260206654
		-auroc: 0.9446266401001839
2026-06-09 06:25:54 - __main__ - INFO - Input matrix with SNHVELADCRWYIMKPTFGQ encoding is removed.

2026-06-09 06:26:08 - __main__ - INFO - Input matrix with FHMTQYSDRNIWPKVALGCE encoding is generated.
2026-06-09 06:31:55 - __main__ - INFO - FHMTQYSDRNIWPKVALGCE encoding is done for multiclass task with:
	-custom
		-f1: 0.6523786640822126
		-auroc: 0.8870736615154543
	-resnet
		-f1: 0.7709814892700079
		-auroc: 0.9412510733709674
2026-06-09 06:31:55 - __main__ - INFO - Input matrix with FHMTQYSDRNIWPKVALGCE encoding is removed.

2026-06-09 06:32:09 - __main__ - INFO - Input matrix with CQLDHRGMNIEWTKPVSYFA encoding is generated.
2026-06-09 06:37:59 - __main__ - INFO - CQLDHRGMNIEWTKPVSYFA encoding is done for multiclass task with:
	-custom
		-f1: 0.6498323007783723
		-auroc: 0.8839215603694413
	-resnet
		-f1: 0.7542000464356668
		-auroc: 0.94336117581511
2026-06-09 06:37:59 - __main__ - INFO - Input matrix with CQLDHRGMNIEWTKPVSYFA encoding is removed.

2026-06-09 06:38:13 - __main__ - INFO - Input matrix with WKIYAREQNTDLMGCSFHPV encoding is generated.
2026-06-09 06:44:02 - __main__ - INFO - WKIYAREQNTDLMGCSFHPV encoding is done for multiclass task with:
	-custom
		-f1: 0.6571971109323209
		-auroc: 0.8859597683322017
	-resnet
		-f1: 0.7756937670011343
		-auroc: 0.9395942651291662
2026-06-09 06:44:02 - __main__ - INFO - Input matrix with WKIYAREQNTDLMGCSFHPV encoding is removed.

2026-06-09 06:44:16 - __main__ - INFO - Input matrix with HVTKGAFMQWCIDNRYLPSE encoding is generated.
2026-06-09 06:50:07 - __main__ - INFO - HVTKGAFMQWCIDNRYLPSE encoding is done for multiclass task with:
	-custom
		-f1: 0.6365478294298187
		-auroc: 0.8821277093377045
	-resnet
		-f1: 0.7766144154578306
		-auroc: 0.9441825787439966
2026-06-09 06:50:07 - __main__ - INFO - Input matrix with HVTKGAFMQWCIDNRYLPSE encoding is removed.

2026-06-09 06:50:21 - __main__ - INFO - Input matrix with CVKTNIGARSEQLPHDWFMY encoding is generated.
2026-06-09 06:56:12 - __main__ - INFO - CVKTNIGARSEQLPHDWFMY encoding is done for multiclass task with:
	-custom
		-f1: 0.6421963688044471
		-auroc: 0.8833940812627536
	-resnet
		-f1: 0.7850756515613837
		-auroc: 0.9410368191218244
2026-06-09 06:56:12 - __main__ - INFO - Input matrix with CVKTNIGARSEQLPHDWFMY encoding is removed.

2026-06-09 06:56:26 - __main__ - INFO - Input matrix with LAFMQPDRSKWTEYCHIGNV encoding is generated.
2026-06-09 07:02:13 - __main__ - INFO - LAFMQPDRSKWTEYCHIGNV encoding is done for multiclass task with:
	-custom
		-f1: 0.6537856625990648
		-auroc: 0.8832889125512079
	-resnet
		-f1: 0.738297247383433
		-auroc: 0.9375684358659345
2026-06-09 07:02:13 - __main__ - INFO - Input matrix with LAFMQPDRSKWTEYCHIGNV encoding is removed.

2026-06-09 07:02:27 - __main__ - INFO - Input matrix with QLKFEYGAPSDMVNTWRIHC encoding is generated.
2026-06-09 07:08:14 - __main__ - INFO - QLKFEYGAPSDMVNTWRIHC encoding is done for multiclass task with:
	-custom
		-f1: 0.6408615766393619
		-auroc: 0.8797789700843179
	-resnet
		-f1: 0.762801689693627
		-auroc: 0.943948543884449
2026-06-09 07:08:14 - __main__ - INFO - Input matrix with QLKFEYGAPSDMVNTWRIHC encoding is removed.

2026-06-09 07:08:28 - __main__ - INFO - Input matrix with FSAHQELNCMPTIRYGVDWK encoding is generated.
2026-06-09 07:14:16 - __main__ - INFO - FSAHQELNCMPTIRYGVDWK encoding is done for multiclass task with:
	-custom
		-f1: 0.6481947866328013
		-auroc: 0.8822802581291048
	-resnet
		-f1: 0.73398509605241
		-auroc: 0.931099389086772
2026-06-09 07:14:16 - __main__ - INFO - Input matrix with FSAHQELNCMPTIRYGVDWK encoding is removed.

2026-06-09 07:14:30 - __main__ - INFO - Input matrix with NWLFTHEMVSIAKRQDPYCG encoding is generated.
2026-06-09 07:20:37 - __main__ - INFO - NWLFTHEMVSIAKRQDPYCG encoding is done for multiclass task with:
	-custom
		-f1: 0.6558489810547835
		-auroc: 0.8858391071462675
	-resnet
		-f1: 0.7774280171848613
		-auroc: 0.9440675520985637
2026-06-09 07:20:37 - __main__ - INFO - Input matrix with NWLFTHEMVSIAKRQDPYCG encoding is removed.

2026-06-09 07:20:51 - __main__ - INFO - Input matrix with IPAYDCNQGSVHFMWKLETR encoding is generated.
2026-06-09 07:26:41 - __main__ - INFO - IPAYDCNQGSVHFMWKLETR encoding is done for multiclass task with:
	-custom
		-f1: 0.6490364954812881
		-auroc: 0.882930686291254
	-resnet
		-f1: 0.7567072761954888
		-auroc: 0.9384754572740297
2026-06-09 07:26:41 - __main__ - INFO - Input matrix with IPAYDCNQGSVHFMWKLETR encoding is removed.

2026-06-09 07:26:55 - __main__ - INFO - Input matrix with SQPKMTIFDLYNHGEVWRCA encoding is generated.
2026-06-09 07:32:48 - __main__ - INFO - SQPKMTIFDLYNHGEVWRCA encoding is done for multiclass task with:
	-custom
		-f1: 0.6485554187955312
		-auroc: 0.8890611034887576
	-resnet
		-f1: 0.7712462846982057
		-auroc: 0.9445745731367594
2026-06-09 07:32:48 - __main__ - INFO - Input matrix with SQPKMTIFDLYNHGEVWRCA encoding is removed.

2026-06-09 07:33:02 - __main__ - INFO - Input matrix with DFYWCSKGTHPLREIMAVNQ encoding is generated.
2026-06-09 07:38:54 - __main__ - INFO - DFYWCSKGTHPLREIMAVNQ encoding is done for multiclass task with:
	-custom
		-f1: 0.6474443565346624
		-auroc: 0.8889036748286367
	-resnet
		-f1: 0.772089924140393
		-auroc: 0.9436295708510236
2026-06-09 07:38:54 - __main__ - INFO - Input matrix with DFYWCSKGTHPLREIMAVNQ encoding is removed.

2026-06-09 07:39:08 - __main__ - INFO - Input matrix with YHICQGRFPKDLVTEAMSWN encoding is generated.
2026-06-09 07:44:59 - __main__ - INFO - YHICQGRFPKDLVTEAMSWN encoding is done for multiclass task with:
	-custom
		-f1: 0.6382004649086381
		-auroc: 0.8823580670222102
	-resnet
		-f1: 0.7630396888301714
		-auroc: 0.943062135160855
2026-06-09 07:44:59 - __main__ - INFO - Input matrix with YHICQGRFPKDLVTEAMSWN encoding is removed.

2026-06-09 07:45:13 - __main__ - INFO - Input matrix with GSYQLRVHIMFKENPTADCW encoding is generated.
2026-06-09 07:51:02 - __main__ - INFO - GSYQLRVHIMFKENPTADCW encoding is done for multiclass task with:
	-custom
		-f1: 0.6316052392519207
		-auroc: 0.878701947162383
	-resnet
		-f1: 0.7715194143310897
		-auroc: 0.9388865713895889
2026-06-09 07:51:02 - __main__ - INFO - Input matrix with GSYQLRVHIMFKENPTADCW encoding is removed.

2026-06-09 07:51:17 - __main__ - INFO - Input matrix with GNWCHFDKYPQRVTLMESIA encoding is generated.
2026-06-09 07:57:10 - __main__ - INFO - GNWCHFDKYPQRVTLMESIA encoding is done for multiclass task with:
	-custom
		-f1: 0.6581889298152375
		-auroc: 0.8859743104733198
	-resnet
		-f1: 0.7510663912119644
		-auroc: 0.9397765242292536
2026-06-09 07:57:10 - __main__ - INFO - Input matrix with GNWCHFDKYPQRVTLMESIA encoding is removed.

2026-06-09 07:57:24 - __main__ - INFO - Input matrix with DVQALCTMHWFSIEYKGNPR encoding is generated.
2026-06-09 08:03:14 - __main__ - INFO - DVQALCTMHWFSIEYKGNPR encoding is done for multiclass task with:
	-custom
		-f1: 0.6401424915083056
		-auroc: 0.8846449973468736
	-resnet
		-f1: 0.7663410045517797
		-auroc: 0.9414904975111746
2026-06-09 08:03:14 - __main__ - INFO - Input matrix with DVQALCTMHWFSIEYKGNPR encoding is removed.

2026-06-09 08:03:28 - __main__ - INFO - Input matrix with STRLADMYIPWKQFNCGHEV encoding is generated.
2026-06-09 08:09:22 - __main__ - INFO - STRLADMYIPWKQFNCGHEV encoding is done for multiclass task with:
	-custom
		-f1: 0.653076566533366
		-auroc: 0.8826735681574316
	-resnet
		-f1: 0.7544152245230956
		-auroc: 0.939332404958992
2026-06-09 08:09:22 - __main__ - INFO - Input matrix with STRLADMYIPWKQFNCGHEV encoding is removed.

2026-06-09 08:09:36 - __main__ - INFO - Input matrix with AVEYGPCHQMFSWTLRKNID encoding is generated.
2026-06-09 08:15:28 - __main__ - INFO - AVEYGPCHQMFSWTLRKNID encoding is done for multiclass task with:
	-custom
		-f1: 0.6405204875822406
		-auroc: 0.8809654089294886
	-resnet
		-f1: 0.7369195706367015
		-auroc: 0.9351859046705868
2026-06-09 08:15:28 - __main__ - INFO - Input matrix with AVEYGPCHQMFSWTLRKNID encoding is removed.

2026-06-09 08:15:42 - __main__ - INFO - Input matrix with GQISCENVPDAMFLWTKYHR encoding is generated.
2026-06-09 08:21:32 - __main__ - INFO - GQISCENVPDAMFLWTKYHR encoding is done for multiclass task with:
	-custom
		-f1: 0.642455103170463
		-auroc: 0.8826098354832226
	-resnet
		-f1: 0.7635464805868029
		-auroc: 0.9389171390644211
2026-06-09 08:21:32 - __main__ - INFO - Input matrix with GQISCENVPDAMFLWTKYHR encoding is removed.

2026-06-09 08:21:46 - __main__ - INFO - Input matrix with RNLSDYATKFPHMVIEQGWC encoding is generated.
2026-06-09 08:27:38 - __main__ - INFO - RNLSDYATKFPHMVIEQGWC encoding is done for multiclass task with:
	-custom
		-f1: 0.6487292596071053
		-auroc: 0.8849613773076455
	-resnet
		-f1: 0.7476486553289609
		-auroc: 0.9391372689001827
2026-06-09 08:27:38 - __main__ - INFO - Input matrix with RNLSDYATKFPHMVIEQGWC encoding is removed.

2026-06-09 08:27:52 - __main__ - INFO - Input matrix with YGDIHAMPSQFRKCWVTNEL encoding is generated.
2026-06-09 08:33:43 - __main__ - INFO - YGDIHAMPSQFRKCWVTNEL encoding is done for multiclass task with:
	-custom
		-f1: 0.6379432571371124
		-auroc: 0.8763323043745718
	-resnet
		-f1: 0.7576572081851651
		-auroc: 0.9391981494219346
2026-06-09 08:33:43 - __main__ - INFO - Input matrix with YGDIHAMPSQFRKCWVTNEL encoding is removed.

2026-06-09 08:33:57 - __main__ - INFO - Input matrix with HWGETFVLYQRCNADSMIPK encoding is generated.
2026-06-09 08:39:48 - __main__ - INFO - HWGETFVLYQRCNADSMIPK encoding is done for multiclass task with:
	-custom
		-f1: 0.6438616366362195
		-auroc: 0.8811830316400127
	-resnet
		-f1: 0.7748844676709459
		-auroc: 0.9383481093429673
2026-06-09 08:39:48 - __main__ - INFO - Input matrix with HWGETFVLYQRCNADSMIPK encoding is removed.

2026-06-09 08:40:02 - __main__ - INFO - Input matrix with CQGDKPINTMEAWSLYHRFV encoding is generated.
2026-06-09 08:45:55 - __main__ - INFO - CQGDKPINTMEAWSLYHRFV encoding is done for multiclass task with:
	-custom
		-f1: 0.6644299256458019
		-auroc: 0.891332377182238
	-resnet
		-f1: 0.7817496842638387
		-auroc: 0.9458867109726995
2026-06-09 08:45:55 - __main__ - INFO - Input matrix with CQGDKPINTMEAWSLYHRFV encoding is removed.

2026-06-09 08:46:09 - __main__ - INFO - Input matrix with WGAFENCRSDYTVKQHPMLI encoding is generated.
2026-06-09 08:52:01 - __main__ - INFO - WGAFENCRSDYTVKQHPMLI encoding is done for multiclass task with:
	-custom
		-f1: 0.6359648828076556
		-auroc: 0.8860910275522367
	-resnet
		-f1: 0.7752958516596802
		-auroc: 0.9446513307893124
2026-06-09 08:52:01 - __main__ - INFO - Input matrix with WGAFENCRSDYTVKQHPMLI encoding is removed.

2026-06-09 08:52:15 - __main__ - INFO - Input matrix with YCWPRVEHLTGSKMQDNIAF encoding is generated.
2026-06-09 08:58:06 - __main__ - INFO - YCWPRVEHLTGSKMQDNIAF encoding is done for multiclass task with:
	-custom
		-f1: 0.6446646251291632
		-auroc: 0.8796950064660256
	-resnet
		-f1: 0.7727033479032667
		-auroc: 0.9440461009590934
2026-06-09 08:58:06 - __main__ - INFO - Input matrix with YCWPRVEHLTGSKMQDNIAF encoding is removed.

2026-06-09 08:58:20 - __main__ - INFO - Input matrix with DAVGSWECKHRQNYPIMFTL encoding is generated.
2026-06-09 09:04:13 - __main__ - INFO - DAVGSWECKHRQNYPIMFTL encoding is done for multiclass task with:
	-custom
		-f1: 0.6330805657816626
		-auroc: 0.8817826066501807
	-resnet
		-f1: 0.7439309550160517
		-auroc: 0.9387194609780376
2026-06-09 09:04:13 - __main__ - INFO - Input matrix with DAVGSWECKHRQNYPIMFTL encoding is removed.

2026-06-09 09:04:27 - __main__ - INFO - Input matrix with PSTHMQRDKNVEWIGFCYLA encoding is generated.
2026-06-09 09:10:20 - __main__ - INFO - PSTHMQRDKNVEWIGFCYLA encoding is done for multiclass task with:
	-custom
		-f1: 0.6567131042811833
		-auroc: 0.8836456270778765
	-resnet
		-f1: 0.7635375360835005
		-auroc: 0.942286296254365
2026-06-09 09:10:20 - __main__ - INFO - Input matrix with PSTHMQRDKNVEWIGFCYLA encoding is removed.

2026-06-09 09:10:34 - __main__ - INFO - Input matrix with DSMVGFWNEARCQHITLKPY encoding is generated.
2026-06-09 09:16:25 - __main__ - INFO - DSMVGFWNEARCQHITLKPY encoding is done for multiclass task with:
	-custom
		-f1: 0.639276624838012
		-auroc: 0.8769076413412039
	-resnet
		-f1: 0.7399099687985952
		-auroc: 0.9340282400311308
2026-06-09 09:16:25 - __main__ - INFO - Input matrix with DSMVGFWNEARCQHITLKPY encoding is removed.

2026-06-09 09:16:39 - __main__ - INFO - Input matrix with CEITYSRHFWNAMDLVQKGP encoding is generated.
2026-06-09 09:22:29 - __main__ - INFO - CEITYSRHFWNAMDLVQKGP encoding is done for multiclass task with:
	-custom
		-f1: 0.6369282595862404
		-auroc: 0.8773497732414149
	-resnet
		-f1: 0.7375609715887703
		-auroc: 0.9334704586020797
2026-06-09 09:22:29 - __main__ - INFO - Input matrix with CEITYSRHFWNAMDLVQKGP encoding is removed.

2026-06-09 09:22:43 - __main__ - INFO - Input matrix with ERAVFWMLSIKNTPYHDGQC encoding is generated.
2026-06-09 09:28:35 - __main__ - INFO - ERAVFWMLSIKNTPYHDGQC encoding is done for multiclass task with:
	-custom
		-f1: 0.6574975106162434
		-auroc: 0.8875355642775785
	-resnet
		-f1: 0.754553658245565
		-auroc: 0.942726509527876
2026-06-09 09:28:35 - __main__ - INFO - Input matrix with ERAVFWMLSIKNTPYHDGQC encoding is removed.

2026-06-09 09:28:50 - __main__ - INFO - Input matrix with IKNYGHWLVCSMQEAPTRFD encoding is generated.
2026-06-09 09:34:39 - __main__ - INFO - IKNYGHWLVCSMQEAPTRFD encoding is done for multiclass task with:
	-custom
		-f1: 0.6558450818909325
		-auroc: 0.8873736752651468
	-resnet
		-f1: 0.7584084238211163
		-auroc: 0.9399079262377157
2026-06-09 09:34:39 - __main__ - INFO - Input matrix with IKNYGHWLVCSMQEAPTRFD encoding is removed.

2026-06-09 09:34:53 - __main__ - INFO - Input matrix with IYVTNAGESLQCRPHDMFKW encoding is generated.
2026-06-09 09:40:46 - __main__ - INFO - IYVTNAGESLQCRPHDMFKW encoding is done for multiclass task with:
	-custom
		-f1: 0.6318804984872263
		-auroc: 0.8809152269474682
	-resnet
		-f1: 0.7548227945178674
		-auroc: 0.9407404163601848
2026-06-09 09:40:46 - __main__ - INFO - Input matrix with IYVTNAGESLQCRPHDMFKW encoding is removed.

2026-06-09 09:41:00 - __main__ - INFO - Input matrix with KFTDPMSQLGIVYENCRAWH encoding is generated.
2026-06-09 09:46:52 - __main__ - INFO - KFTDPMSQLGIVYENCRAWH encoding is done for multiclass task with:
	-custom
		-f1: 0.6421986331015358
		-auroc: 0.8846671699195726
	-resnet
		-f1: 0.7682460630898629
		-auroc: 0.94227082859311
2026-06-09 09:46:52 - __main__ - INFO - Input matrix with KFTDPMSQLGIVYENCRAWH encoding is removed.

2026-06-09 09:47:06 - __main__ - INFO - Input matrix with VPRCIYKWGDETLMNAQFSH encoding is generated.
2026-06-09 09:52:56 - __main__ - INFO - VPRCIYKWGDETLMNAQFSH encoding is done for multiclass task with:
	-custom
		-f1: 0.6465891392838236
		-auroc: 0.8878256515351562
	-resnet
		-f1: 0.7419667581481649
		-auroc: 0.9404381410718967
2026-06-09 09:52:56 - __main__ - INFO - Input matrix with VPRCIYKWGDETLMNAQFSH encoding is removed.

2026-06-09 09:53:10 - __main__ - INFO - Input matrix with PRHQFEKGDLSAVYWNMICT encoding is generated.
2026-06-09 09:58:59 - __main__ - INFO - PRHQFEKGDLSAVYWNMICT encoding is done for multiclass task with:
	-custom
		-f1: 0.6510276585033747
		-auroc: 0.8875761355435184
	-resnet
		-f1: 0.7723830972704182
		-auroc: 0.9473157934585178
2026-06-09 09:58:59 - __main__ - INFO - Input matrix with PRHQFEKGDLSAVYWNMICT encoding is removed.

2026-06-09 09:59:13 - __main__ - INFO - Input matrix with KDTANYLEVRQCSWFHGPIM encoding is generated.
2026-06-09 10:04:59 - __main__ - INFO - KDTANYLEVRQCSWFHGPIM encoding is done for multiclass task with:
	-custom
		-f1: 0.6341136113929922
		-auroc: 0.8831488183368087
	-resnet
		-f1: 0.7695179760080174
		-auroc: 0.9447679498319397
2026-06-09 10:04:59 - __main__ - INFO - Input matrix with KDTANYLEVRQCSWFHGPIM encoding is removed.

2026-06-09 10:05:14 - __main__ - INFO - Input matrix with TKQVSGCEDRILPANMFWYH encoding is generated.
2026-06-09 10:11:07 - __main__ - INFO - TKQVSGCEDRILPANMFWYH encoding is done for multiclass task with:
	-custom
		-f1: 0.6439725523081188
		-auroc: 0.8828975431030234
	-resnet
		-f1: 0.7346554519068922
		-auroc: 0.9370891123535594
2026-06-09 10:11:07 - __main__ - INFO - Input matrix with TKQVSGCEDRILPANMFWYH encoding is removed.

2026-06-09 10:11:21 - __main__ - INFO - Input matrix with IGKMWQTYHSNAEPVCRLFD encoding is generated.
2026-06-09 10:17:13 - __main__ - INFO - IGKMWQTYHSNAEPVCRLFD encoding is done for multiclass task with:
	-custom
		-f1: 0.6588466070043346
		-auroc: 0.884394588461874
	-resnet
		-f1: 0.7661513495398914
		-auroc: 0.9414233191361948
2026-06-09 10:17:13 - __main__ - INFO - Input matrix with IGKMWQTYHSNAEPVCRLFD encoding is removed.

2026-06-09 10:17:27 - __main__ - INFO - Input matrix with WQGVRKMTSPIEHDLYCAFN encoding is generated.
2026-06-09 10:23:18 - __main__ - INFO - WQGVRKMTSPIEHDLYCAFN encoding is done for multiclass task with:
	-custom
		-f1: 0.6553738025891984
		-auroc: 0.8853772553986763
	-resnet
		-f1: 0.768645101472576
		-auroc: 0.939859005362526
2026-06-09 10:23:18 - __main__ - INFO - Input matrix with WQGVRKMTSPIEHDLYCAFN encoding is removed.

2026-06-09 10:23:32 - __main__ - INFO - Input matrix with ALGPNMWQDTVHEIRFKSYC encoding is generated.
2026-06-09 10:29:22 - __main__ - INFO - ALGPNMWQDTVHEIRFKSYC encoding is done for multiclass task with:
	-custom
		-f1: 0.643664776651583
		-auroc: 0.8886522254558387
	-resnet
		-f1: 0.7385194333744697
		-auroc: 0.9348552446616134
2026-06-09 10:29:22 - __main__ - INFO - Input matrix with ALGPNMWQDTVHEIRFKSYC encoding is removed.

2026-06-09 10:29:36 - __main__ - INFO - Input matrix with WCQKEPDYTLIAMNVSGRFH encoding is generated.
2026-06-09 10:35:30 - __main__ - INFO - WCQKEPDYTLIAMNVSGRFH encoding is done for multiclass task with:
	-custom
		-f1: 0.6426851680776522
		-auroc: 0.8843389093822662
	-resnet
		-f1: 0.7531662958128503
		-auroc: 0.9363426894857415
2026-06-09 10:35:30 - __main__ - INFO - Input matrix with WCQKEPDYTLIAMNVSGRFH encoding is removed.

2026-06-09 10:35:44 - __main__ - INFO - Input matrix with EFCDLKPAYRHVSMQINGWT encoding is generated.
2026-06-09 10:41:31 - __main__ - INFO - EFCDLKPAYRHVSMQINGWT encoding is done for multiclass task with:
	-custom
		-f1: 0.6485460545470272
		-auroc: 0.8866296440432577
	-resnet
		-f1: 0.7477032789667524
		-auroc: 0.9359633020362882
2026-06-09 10:41:31 - __main__ - INFO - Input matrix with EFCDLKPAYRHVSMQINGWT encoding is removed.

2026-06-09 10:41:45 - __main__ - INFO - Input matrix with PGFHYRKEISVDMTNCAQLW encoding is generated.
2026-06-09 10:47:32 - __main__ - INFO - PGFHYRKEISVDMTNCAQLW encoding is done for multiclass task with:
	-custom
		-f1: 0.6561213103221828
		-auroc: 0.8837854204938076
	-resnet
		-f1: 0.7437439729836934
		-auroc: 0.9403569831054849
2026-06-09 10:47:32 - __main__ - INFO - Input matrix with PGFHYRKEISVDMTNCAQLW encoding is removed.

2026-06-09 10:47:46 - __main__ - INFO - Input matrix with CYSPDIMAWVLFGTEKNRHQ encoding is generated.
2026-06-09 10:53:30 - __main__ - INFO - CYSPDIMAWVLFGTEKNRHQ encoding is done for multiclass task with:
	-custom
		-f1: 0.6430590891044123
		-auroc: 0.8814562339227855
	-resnet
		-f1: 0.7788090420328693
		-auroc: 0.9433019569402216
2026-06-09 10:53:30 - __main__ - INFO - Input matrix with CYSPDIMAWVLFGTEKNRHQ encoding is removed.

2026-06-09 10:53:44 - __main__ - INFO - Input matrix with RDFWIKTGMYPSHEVQANLC encoding is generated.
2026-06-09 10:59:35 - __main__ - INFO - RDFWIKTGMYPSHEVQANLC encoding is done for multiclass task with:
	-custom
		-f1: 0.6214734421687458
		-auroc: 0.8798243584416585
	-resnet
		-f1: 0.7505641338384541
		-auroc: 0.9346243471110329
2026-06-09 10:59:35 - __main__ - INFO - Input matrix with RDFWIKTGMYPSHEVQANLC encoding is removed.

2026-06-09 10:59:49 - __main__ - INFO - Input matrix with EPFMQGICWKALHRNVTDSY encoding is generated.
2026-06-09 11:05:40 - __main__ - INFO - EPFMQGICWKALHRNVTDSY encoding is done for multiclass task with:
	-custom
		-f1: 0.6419022660080149
		-auroc: 0.881272885427842
	-resnet
		-f1: 0.7797741786521164
		-auroc: 0.940951942075977
2026-06-09 11:05:40 - __main__ - INFO - Input matrix with EPFMQGICWKALHRNVTDSY encoding is removed.

2026-06-09 11:05:54 - __main__ - INFO - Input matrix with TGSNCQVYRDMAFWIKELHP encoding is generated.
2026-06-09 11:11:44 - __main__ - INFO - TGSNCQVYRDMAFWIKELHP encoding is done for multiclass task with:
	-custom
		-f1: 0.6474299954868009
		-auroc: 0.8829991411249791
	-resnet
		-f1: 0.7671062088004917
		-auroc: 0.9394144217320907
2026-06-09 11:11:44 - __main__ - INFO - Input matrix with TGSNCQVYRDMAFWIKELHP encoding is removed.

2026-06-09 11:11:58 - __main__ - INFO - Input matrix with SCELWATIFMKNYGPVDRQH encoding is generated.
2026-06-09 11:17:45 - __main__ - INFO - SCELWATIFMKNYGPVDRQH encoding is done for multiclass task with:
	-custom
		-f1: 0.6514014990129315
		-auroc: 0.8840542432470535
	-resnet
		-f1: 0.7684522081199566
		-auroc: 0.9447113301653888
2026-06-09 11:17:45 - __main__ - INFO - Input matrix with SCELWATIFMKNYGPVDRQH encoding is removed.

2026-06-09 11:18:00 - __main__ - INFO - Input matrix with TYKLFAENCQGHPMIRDWSV encoding is generated.
2026-06-09 11:23:52 - __main__ - INFO - TYKLFAENCQGHPMIRDWSV encoding is done for multiclass task with:
	-custom
		-f1: 0.6450506461273589
		-auroc: 0.8866751670804526
	-resnet
		-f1: 0.7839441396265433
		-auroc: 0.9408473094367613
2026-06-09 11:23:52 - __main__ - INFO - Input matrix with TYKLFAENCQGHPMIRDWSV encoding is removed.

2026-06-09 11:24:06 - __main__ - INFO - Input matrix with AHTMCLFWNPKDYGESVQRI encoding is generated.
2026-06-09 11:29:59 - __main__ - INFO - AHTMCLFWNPKDYGESVQRI encoding is done for multiclass task with:
	-custom
		-f1: 0.6404149183865998
		-auroc: 0.8820709842134129
	-resnet
		-f1: 0.761859823806024
		-auroc: 0.9398934459964352
2026-06-09 11:29:59 - __main__ - INFO - Input matrix with AHTMCLFWNPKDYGESVQRI encoding is removed.

2026-06-09 11:30:13 - __main__ - INFO - Input matrix with HCYNWGTMDKFLVSPIQRAE encoding is generated.
2026-06-09 11:36:05 - __main__ - INFO - HCYNWGTMDKFLVSPIQRAE encoding is done for multiclass task with:
	-custom
		-f1: 0.6485002133240709
		-auroc: 0.8841461384963789
	-resnet
		-f1: 0.7571782413680568
		-auroc: 0.9402746599102251
2026-06-09 11:36:05 - __main__ - INFO - Input matrix with HCYNWGTMDKFLVSPIQRAE encoding is removed.

2026-06-09 11:36:19 - __main__ - INFO - Input matrix with DYTCVHLGWNSIRKFQPEMA encoding is generated.
2026-06-09 11:42:07 - __main__ - INFO - DYTCVHLGWNSIRKFQPEMA encoding is done for multiclass task with:
	-custom
		-f1: 0.6502548850490866
		-auroc: 0.886166296562972
	-resnet
		-f1: 0.7548668790881837
		-auroc: 0.9401884637249592
2026-06-09 11:42:07 - __main__ - INFO - Input matrix with DYTCVHLGWNSIRKFQPEMA encoding is removed.

2026-06-09 11:42:21 - __main__ - INFO - Input matrix with TRGMIWCQELVPFNHSDKYA encoding is generated.
2026-06-09 11:48:12 - __main__ - INFO - TRGMIWCQELVPFNHSDKYA encoding is done for multiclass task with:
	-custom
		-f1: 0.6424974165735544
		-auroc: 0.8823980001605387
	-resnet
		-f1: 0.7437509211070439
		-auroc: 0.9302864190440641
2026-06-09 11:48:12 - __main__ - INFO - Input matrix with TRGMIWCQELVPFNHSDKYA encoding is removed.

2026-06-09 11:48:27 - __main__ - INFO - Input matrix with QHAVKIYNCMRLSDWFEPTG encoding is generated.
2026-06-09 11:54:17 - __main__ - INFO - QHAVKIYNCMRLSDWFEPTG encoding is done for multiclass task with:
	-custom
		-f1: 0.6443144916645213
		-auroc: 0.8869160268178151
	-resnet
		-f1: 0.7702106761729185
		-auroc: 0.9389350908838162
2026-06-09 11:54:17 - __main__ - INFO - Input matrix with QHAVKIYNCMRLSDWFEPTG encoding is removed.

2026-06-09 11:54:31 - __main__ - INFO - Input matrix with NMSPFWHVALIYDGRCTKEQ encoding is generated.
2026-06-09 12:00:22 - __main__ - INFO - NMSPFWHVALIYDGRCTKEQ encoding is done for multiclass task with:
	-custom
		-f1: 0.6502638139195618
		-auroc: 0.8853123864996544
	-resnet
		-f1: 0.7259947727584829
		-auroc: 0.937857626455146
2026-06-09 12:00:22 - __main__ - INFO - Input matrix with NMSPFWHVALIYDGRCTKEQ encoding is removed.

2026-06-09 12:00:36 - __main__ - INFO - Input matrix with WMQRPNKGCVHIFELDSTYA encoding is generated.
2026-06-09 12:06:26 - __main__ - INFO - WMQRPNKGCVHIFELDSTYA encoding is done for multiclass task with:
	-custom
		-f1: 0.6490689706131632
		-auroc: 0.8831126008393021
	-resnet
		-f1: 0.763587442666411
		-auroc: 0.9391698318806834
2026-06-09 12:06:26 - __main__ - INFO - Input matrix with WMQRPNKGCVHIFELDSTYA encoding is removed.

2026-06-09 12:06:40 - __main__ - INFO - Input matrix with YQAGEVKPWSCMFIRDHNLT encoding is generated.
2026-06-09 12:12:29 - __main__ - INFO - YQAGEVKPWSCMFIRDHNLT encoding is done for multiclass task with:
	-custom
		-f1: 0.6394851888322453
		-auroc: 0.8857108286173248
	-resnet
		-f1: 0.7676686226576059
		-auroc: 0.9360485583798617
2026-06-09 12:12:29 - __main__ - INFO - Input matrix with YQAGEVKPWSCMFIRDHNLT encoding is removed.

2026-06-09 12:12:43 - __main__ - INFO - Input matrix with IHSAYTKPWLVNREFCQDMG encoding is generated.
2026-06-09 12:18:35 - __main__ - INFO - IHSAYTKPWLVNREFCQDMG encoding is done for multiclass task with:
	-custom
		-f1: 0.6307213970062835
		-auroc: 0.8770039017027333
	-resnet
		-f1: 0.7705349389809356
		-auroc: 0.9398632920230714
2026-06-09 12:18:35 - __main__ - INFO - Input matrix with IHSAYTKPWLVNREFCQDMG encoding is removed.

2026-06-09 12:18:49 - __main__ - INFO - Input matrix with SPLAMKDHQRWFNTCGEVYI encoding is generated.
2026-06-09 12:24:39 - __main__ - INFO - SPLAMKDHQRWFNTCGEVYI encoding is done for multiclass task with:
	-custom
		-f1: 0.6383702436244472
		-auroc: 0.8821571013111861
	-resnet
		-f1: 0.7782059656082361
		-auroc: 0.9471933553525727
2026-06-09 12:24:39 - __main__ - INFO - Input matrix with SPLAMKDHQRWFNTCGEVYI encoding is removed.

2026-06-09 12:24:53 - __main__ - INFO - Input matrix with SYGMVWLPRDNQATHIECFK encoding is generated.
2026-06-09 12:30:41 - __main__ - INFO - SYGMVWLPRDNQATHIECFK encoding is done for multiclass task with:
	-custom
		-f1: 0.6359642936352403
		-auroc: 0.8805542367695949
	-resnet
		-f1: 0.760854180796933
		-auroc: 0.941507613934004
2026-06-09 12:30:41 - __main__ - INFO - Input matrix with SYGMVWLPRDNQATHIECFK encoding is removed.

2026-06-09 12:30:55 - __main__ - INFO - Input matrix with HFAIKDLRCMSTNYGQEWPV encoding is generated.
2026-06-09 12:36:46 - __main__ - INFO - HFAIKDLRCMSTNYGQEWPV encoding is done for multiclass task with:
	-custom
		-f1: 0.6426297703263679
		-auroc: 0.8841988384438647
	-resnet
		-f1: 0.7784949119694831
		-auroc: 0.9428876862439377
2026-06-09 12:36:46 - __main__ - INFO - Input matrix with HFAIKDLRCMSTNYGQEWPV encoding is removed.

2026-06-09 12:37:00 - __main__ - INFO - Input matrix with YGENKAVSMRIPFTHWQLDC encoding is generated.
2026-06-09 12:42:49 - __main__ - INFO - YGENKAVSMRIPFTHWQLDC encoding is done for multiclass task with:
	-custom
		-f1: 0.6477487263990774
		-auroc: 0.879747726236497
	-resnet
		-f1: 0.7336074555119303
		-auroc: 0.9413546739710487
2026-06-09 12:42:49 - __main__ - INFO - Input matrix with YGENKAVSMRIPFTHWQLDC encoding is removed.

2026-06-09 12:43:03 - __main__ - INFO - Input matrix with VRQWNYCHAGIFMKSLTEDP encoding is generated.
2026-06-09 12:48:52 - __main__ - INFO - VRQWNYCHAGIFMKSLTEDP encoding is done for multiclass task with:
	-custom
		-f1: 0.62115519972661
		-auroc: 0.8802046097319375
	-resnet
		-f1: 0.7707157634119272
		-auroc: 0.940098254765107
2026-06-09 12:48:52 - __main__ - INFO - Input matrix with VRQWNYCHAGIFMKSLTEDP encoding is removed.

2026-06-09 12:49:06 - __main__ - INFO - Input matrix with YTWSDVKCIAHFNPLQGMRE encoding is generated.
2026-06-09 12:54:58 - __main__ - INFO - YTWSDVKCIAHFNPLQGMRE encoding is done for multiclass task with:
	-custom
		-f1: 0.6368810502916084
		-auroc: 0.8805147455290191
	-resnet
		-f1: 0.748077105720707
		-auroc: 0.9321564370617921
2026-06-09 12:54:58 - __main__ - INFO - Input matrix with YTWSDVKCIAHFNPLQGMRE encoding is removed.

2026-06-09 12:55:12 - __main__ - INFO - Input matrix with FMNQITSARWVDELHCGYPK encoding is generated.
2026-06-09 13:01:00 - __main__ - INFO - FMNQITSARWVDELHCGYPK encoding is done for multiclass task with:
	-custom
		-f1: 0.6454238675583168
		-auroc: 0.8870802227258098
	-resnet
		-f1: 0.7590993186978903
		-auroc: 0.9358980022573604
2026-06-09 13:01:00 - __main__ - INFO - Input matrix with FMNQITSARWVDELHCGYPK encoding is removed.

2026-06-09 13:01:14 - __main__ - INFO - Input matrix with EVWCTFPDAYKGRLQHNMIS encoding is generated.
2026-06-09 13:07:03 - __main__ - INFO - EVWCTFPDAYKGRLQHNMIS encoding is done for multiclass task with:
	-custom
		-f1: 0.6470425822368107
		-auroc: 0.8859051458229095
	-resnet
		-f1: 0.7612694932793764
		-auroc: 0.9406775942317396
2026-06-09 13:07:03 - __main__ - INFO - Input matrix with EVWCTFPDAYKGRLQHNMIS encoding is removed.

2026-06-09 13:07:18 - __main__ - INFO - Input matrix with CGDKAQHMRSEIVYFWLTNP encoding is generated.
2026-06-09 13:13:10 - __main__ - INFO - CGDKAQHMRSEIVYFWLTNP encoding is done for multiclass task with:
	-custom
		-f1: 0.6445833432172184
		-auroc: 0.885061834489882
	-resnet
		-f1: 0.741987299176388
		-auroc: 0.9293436993604441
2026-06-09 13:13:10 - __main__ - INFO - Input matrix with CGDKAQHMRSEIVYFWLTNP encoding is removed.

2026-06-09 13:13:24 - __main__ - INFO - Input matrix with KAVTLGMWYENFPQHCSDIR encoding is generated.
2026-06-09 13:19:14 - __main__ - INFO - KAVTLGMWYENFPQHCSDIR encoding is done for multiclass task with:
	-custom
		-f1: 0.644818612418707
		-auroc: 0.8833318461544686
	-resnet
		-f1: 0.7567414145760706
		-auroc: 0.942961818747494
2026-06-09 13:19:14 - __main__ - INFO - Input matrix with KAVTLGMWYENFPQHCSDIR encoding is removed.

2026-06-09 13:19:28 - __main__ - INFO - Input matrix with TKRYQPCEMADNVSHFGLIW encoding is generated.
2026-06-09 13:25:18 - __main__ - INFO - TKRYQPCEMADNVSHFGLIW encoding is done for multiclass task with:
	-custom
		-f1: 0.6465462046005932
		-auroc: 0.8856446339423305
	-resnet
		-f1: 0.7567221451768467
		-auroc: 0.9388044574555694
2026-06-09 13:25:18 - __main__ - INFO - Input matrix with TKRYQPCEMADNVSHFGLIW encoding is removed.

2026-06-09 13:25:32 - __main__ - INFO - Input matrix with FASCHDTLVEGPRNYQIWKM encoding is generated.
2026-06-09 13:31:21 - __main__ - INFO - FASCHDTLVEGPRNYQIWKM encoding is done for multiclass task with:
	-custom
		-f1: 0.6454115187682253
		-auroc: 0.8863055160169031
	-resnet
		-f1: 0.740733602008149
		-auroc: 0.9366855162958032
2026-06-09 13:31:21 - __main__ - INFO - Input matrix with FASCHDTLVEGPRNYQIWKM encoding is removed.

2026-06-09 13:31:35 - __main__ - INFO - Input matrix with YSQWHAKRETVFICLDGMPN encoding is generated.
2026-06-09 13:37:23 - __main__ - INFO - YSQWHAKRETVFICLDGMPN encoding is done for multiclass task with:
	-custom
		-f1: 0.6668051819692555
		-auroc: 0.8874621278445349
	-resnet
		-f1: 0.7629574783086032
		-auroc: 0.936940766166118
2026-06-09 13:37:23 - __main__ - INFO - Input matrix with YSQWHAKRETVFICLDGMPN encoding is removed.

2026-06-09 13:37:37 - __main__ - INFO - Input matrix with QPGMSWEHCIKNDTVALRYF encoding is generated.
2026-06-09 13:43:28 - __main__ - INFO - QPGMSWEHCIKNDTVALRYF encoding is done for multiclass task with:
	-custom
		-f1: 0.6499505225015123
		-auroc: 0.883051028400175
	-resnet
		-f1: 0.7584950713465627
		-auroc: 0.9387111004184142
2026-06-09 13:43:28 - __main__ - INFO - Input matrix with QPGMSWEHCIKNDTVALRYF encoding is removed.

2026-06-09 13:43:42 - __main__ - INFO - Input matrix with HMWRPFGDAITYSELKQCVN encoding is generated.
2026-06-09 13:49:31 - __main__ - INFO - HMWRPFGDAITYSELKQCVN encoding is done for multiclass task with:
	-custom
		-f1: 0.6432708656197221
		-auroc: 0.8853099708778768
	-resnet
		-f1: 0.7325618454589922
		-auroc: 0.9369926288804015
2026-06-09 13:49:31 - __main__ - INFO - Input matrix with HMWRPFGDAITYSELKQCVN encoding is removed.

2026-06-09 13:49:45 - __main__ - INFO - Input matrix with ASVKTMGDFEHLQCYRWPIN encoding is generated.
2026-06-09 13:55:38 - __main__ - INFO - ASVKTMGDFEHLQCYRWPIN encoding is done for multiclass task with:
	-custom
		-f1: 0.6481133523561897
		-auroc: 0.883286232281924
	-resnet
		-f1: 0.7625871986432105
		-auroc: 0.9407219009792762
2026-06-09 13:55:38 - __main__ - INFO - Input matrix with ASVKTMGDFEHLQCYRWPIN encoding is removed.

2026-06-09 13:55:52 - __main__ - INFO - Input matrix with VANRGYQPMFKLDICWHEST encoding is generated.
2026-06-09 14:01:40 - __main__ - INFO - VANRGYQPMFKLDICWHEST encoding is done for multiclass task with:
	-custom
		-f1: 0.6478437150540851
		-auroc: 0.8836853448327361
	-resnet
		-f1: 0.7700311829793441
		-auroc: 0.9399268039739452
2026-06-09 14:01:40 - __main__ - INFO - Input matrix with VANRGYQPMFKLDICWHEST encoding is removed.

2026-06-09 14:01:54 - __main__ - INFO - Input matrix with CIEFNDHWSKPMTVYLGAQR encoding is generated.
2026-06-09 14:07:43 - __main__ - INFO - CIEFNDHWSKPMTVYLGAQR encoding is done for multiclass task with:
	-custom
		-f1: 0.6492113433232557
		-auroc: 0.8854784717513953
	-resnet
		-f1: 0.7605641079210566
		-auroc: 0.9381979643442964
2026-06-09 14:07:43 - __main__ - INFO - Input matrix with CIEFNDHWSKPMTVYLGAQR encoding is removed.

2026-06-09 14:07:57 - __main__ - INFO - Input matrix with SQPHVDAKTFRMIWEGLYCN encoding is generated.
2026-06-09 14:13:50 - __main__ - INFO - SQPHVDAKTFRMIWEGLYCN encoding is done for multiclass task with:
	-custom
		-f1: 0.6280715583278713
		-auroc: 0.8813413353775588
	-resnet
		-f1: 0.7518205228220098
		-auroc: 0.9352350754140517
2026-06-09 14:13:50 - __main__ - INFO - Input matrix with SQPHVDAKTFRMIWEGLYCN encoding is removed.

2026-06-09 14:14:04 - __main__ - INFO - Input matrix with LDWAPKMFINVECYTSQGHR encoding is generated.
2026-06-09 14:19:55 - __main__ - INFO - LDWAPKMFINVECYTSQGHR encoding is done for multiclass task with:
	-custom
		-f1: 0.6451300169745171
		-auroc: 0.8809667660557023
	-resnet
		-f1: 0.7775221982722835
		-auroc: 0.9456025425982201
2026-06-09 14:19:55 - __main__ - INFO - Input matrix with LDWAPKMFINVECYTSQGHR encoding is removed.

2026-06-09 14:20:09 - __main__ - INFO - Input matrix with ERTVDIWKGQCYALPMSHFN encoding is generated.
2026-06-09 14:26:00 - __main__ - INFO - ERTVDIWKGQCYALPMSHFN encoding is done for multiclass task with:
	-custom
		-f1: 0.6395196719787613
		-auroc: 0.8810666106701548
	-resnet
		-f1: 0.742745984284953
		-auroc: 0.9385182188871605
2026-06-09 14:26:00 - __main__ - INFO - Input matrix with ERTVDIWKGQCYALPMSHFN encoding is removed.

2026-06-09 14:26:14 - __main__ - INFO - Input matrix with NPAEFDRGWVTSKQCIYMLH encoding is generated.
2026-06-09 14:32:04 - __main__ - INFO - NPAEFDRGWVTSKQCIYMLH encoding is done for multiclass task with:
	-custom
		-f1: 0.650085767540278
		-auroc: 0.8872576449792273
	-resnet
		-f1: 0.7550413977130276
		-auroc: 0.9339631823278541
2026-06-09 14:32:04 - __main__ - INFO - Input matrix with NPAEFDRGWVTSKQCIYMLH encoding is removed.

2026-06-09 14:32:18 - __main__ - INFO - Input matrix with EVQRICNMAPFDWTKSGHLY encoding is generated.
2026-06-09 14:38:07 - __main__ - INFO - EVQRICNMAPFDWTKSGHLY encoding is done for multiclass task with:
	-custom
		-f1: 0.6493658434227677
		-auroc: 0.8839890684135148
	-resnet
		-f1: 0.7213174132468931
		-auroc: 0.9331317124025478
2026-06-09 14:38:07 - __main__ - INFO - Input matrix with EVQRICNMAPFDWTKSGHLY encoding is removed.

2026-06-09 14:38:21 - __main__ - INFO - Input matrix with VNYRMSQFPKDEWHGLTCIA encoding is generated.
2026-06-09 14:44:14 - __main__ - INFO - VNYRMSQFPKDEWHGLTCIA encoding is done for multiclass task with:
	-custom
		-f1: 0.640837531934203
		-auroc: 0.8828015437255381
	-resnet
		-f1: 0.7409816078086615
		-auroc: 0.9370775292017101
2026-06-09 14:44:14 - __main__ - INFO - Input matrix with VNYRMSQFPKDEWHGLTCIA encoding is removed.

2026-06-09 14:44:28 - __main__ - INFO - Input matrix with IDGPTKSVCAWNFEMYRQLH encoding is generated.
2026-06-09 14:50:17 - __main__ - INFO - IDGPTKSVCAWNFEMYRQLH encoding is done for multiclass task with:
	-custom
		-f1: 0.6417219469119128
		-auroc: 0.8815132165335813
	-resnet
		-f1: 0.7607912639601405
		-auroc: 0.9357933111833876
2026-06-09 14:50:17 - __main__ - INFO - Input matrix with IDGPTKSVCAWNFEMYRQLH encoding is removed.

2026-06-09 14:50:31 - __main__ - INFO - Input matrix with PTLRMYKSWVAFQNDHEGCI encoding is generated.
2026-06-09 14:56:18 - __main__ - INFO - PTLRMYKSWVAFQNDHEGCI encoding is done for multiclass task with:
	-custom
		-f1: 0.6378537375260261
		-auroc: 0.8844133333483647
	-resnet
		-f1: 0.7742467506603645
		-auroc: 0.9410408966882329
2026-06-09 14:56:18 - __main__ - INFO - Input matrix with PTLRMYKSWVAFQNDHEGCI encoding is removed.

2026-06-09 14:56:32 - __main__ - INFO - Input matrix with EHSFLWPNVYIQDMTACGRK encoding is generated.
2026-06-09 15:02:24 - __main__ - INFO - EHSFLWPNVYIQDMTACGRK encoding is done for multiclass task with:
	-custom
		-f1: 0.6410495626779477
		-auroc: 0.8809140070507906
	-resnet
		-f1: 0.7921783244527845
		-auroc: 0.9464360782839965
2026-06-09 15:02:24 - __main__ - INFO - Input matrix with EHSFLWPNVYIQDMTACGRK encoding is removed.

2026-06-09 15:02:38 - __main__ - INFO - Input matrix with TQNEFVIARKGDHCPWYLSM encoding is generated.
2026-06-09 15:08:30 - __main__ - INFO - TQNEFVIARKGDHCPWYLSM encoding is done for multiclass task with:
	-custom
		-f1: 0.6492383802732705
		-auroc: 0.885190793267367
	-resnet
		-f1: 0.7652444918750781
		-auroc: 0.9422581210830498
2026-06-09 15:08:30 - __main__ - INFO - Input matrix with TQNEFVIARKGDHCPWYLSM encoding is removed.

2026-06-09 15:08:44 - __main__ - INFO - Input matrix with PQISNHYWTGDMRCKLFVEA encoding is generated.
2026-06-09 15:14:34 - __main__ - INFO - PQISNHYWTGDMRCKLFVEA encoding is done for multiclass task with:
	-custom
		-f1: 0.6603576239237888
		-auroc: 0.8909859872455964
	-resnet
		-f1: 0.7597320070301167
		-auroc: 0.9435401479340196
2026-06-09 15:14:34 - __main__ - INFO - Input matrix with PQISNHYWTGDMRCKLFVEA encoding is removed.

2026-06-09 15:14:48 - __main__ - INFO - Input matrix with WGCYDLHEAMVITPFKNSRQ encoding is generated.
2026-06-09 15:20:35 - __main__ - INFO - WGCYDLHEAMVITPFKNSRQ encoding is done for multiclass task with:
	-custom
		-f1: 0.6412580509606377
		-auroc: 0.8875810630738596
	-resnet
		-f1: 0.7559203665473098
		-auroc: 0.9471721673829336
2026-06-09 15:20:35 - __main__ - INFO - Input matrix with WGCYDLHEAMVITPFKNSRQ encoding is removed.

2026-06-09 15:20:50 - __main__ - INFO - Input matrix with MAVINCQFDHPTYWKLSREG encoding is generated.
2026-06-09 15:26:41 - __main__ - INFO - MAVINCQFDHPTYWKLSREG encoding is done for multiclass task with:
	-custom
		-f1: 0.6416957462615769
		-auroc: 0.8883530006113931
	-resnet
		-f1: 0.7529896792447607
		-auroc: 0.9384403782030517
2026-06-09 15:26:41 - __main__ - INFO - Input matrix with MAVINCQFDHPTYWKLSREG encoding is removed.

2026-06-09 15:26:55 - __main__ - INFO - Input matrix with YDVWQINHAFCMETSPLGKR encoding is generated.
2026-06-09 15:32:48 - __main__ - INFO - YDVWQINHAFCMETSPLGKR encoding is done for multiclass task with:
	-custom
		-f1: 0.6408338539940549
		-auroc: 0.8804144613097409
	-resnet
		-f1: 0.7561868899484232
		-auroc: 0.9359796337418536
2026-06-09 15:32:48 - __main__ - INFO - Input matrix with YDVWQINHAFCMETSPLGKR encoding is removed.

2026-06-09 15:33:02 - __main__ - INFO - Input matrix with WSYALDQHGVTCPNIMFEKR encoding is generated.
2026-06-09 15:39:10 - __main__ - INFO - WSYALDQHGVTCPNIMFEKR encoding is done for multiclass task with:
	-custom
		-f1: 0.6413332220701399
		-auroc: 0.8809939562830491
	-resnet
		-f1: 0.7722726081784552
		-auroc: 0.9379073153957027
2026-06-09 15:39:10 - __main__ - INFO - Input matrix with WSYALDQHGVTCPNIMFEKR encoding is removed.

2026-06-09 15:39:25 - __main__ - INFO - Input matrix with TSADVCGRNILEMHYFQPKW encoding is generated.
2026-06-09 15:45:18 - __main__ - INFO - TSADVCGRNILEMHYFQPKW encoding is done for multiclass task with:
	-custom
		-f1: 0.64830082091479
		-auroc: 0.8853693110042681
	-resnet
		-f1: 0.7312309639809221
		-auroc: 0.9327417369929147
2026-06-09 15:45:18 - __main__ - INFO - Input matrix with TSADVCGRNILEMHYFQPKW encoding is removed.

2026-06-09 15:45:32 - __main__ - INFO - Input matrix with PSQWAKYFVINCRGHETDML encoding is generated.
2026-06-09 15:51:19 - __main__ - INFO - PSQWAKYFVINCRGHETDML encoding is done for multiclass task with:
	-custom
		-f1: 0.6553077923100025
		-auroc: 0.8877822042878012
	-resnet
		-f1: 0.778352771171793
		-auroc: 0.9441634696476798
2026-06-09 15:51:19 - __main__ - INFO - Input matrix with PSQWAKYFVINCRGHETDML encoding is removed.

2026-06-09 15:51:33 - __main__ - INFO - Input matrix with YNEWGAPTVICHDQMKFRLS encoding is generated.
2026-06-09 15:57:21 - __main__ - INFO - YNEWGAPTVICHDQMKFRLS encoding is done for multiclass task with:
	-custom
		-f1: 0.6459028958373245
		-auroc: 0.8823835654934292
	-resnet
		-f1: 0.7591324702907752
		-auroc: 0.9429571714280927
2026-06-09 15:57:21 - __main__ - INFO - Input matrix with YNEWGAPTVICHDQMKFRLS encoding is removed.

2026-06-09 15:57:35 - __main__ - INFO - Input matrix with CYTAINQDELRHWPMVSFGK encoding is generated.
2026-06-09 16:03:26 - __main__ - INFO - CYTAINQDELRHWPMVSFGK encoding is done for multiclass task with:
	-custom
		-f1: 0.6458023005604996
		-auroc: 0.8781612175838415
	-resnet
		-f1: 0.7719913374104919
		-auroc: 0.9391071854715773
2026-06-09 16:03:26 - __main__ - INFO - Input matrix with CYTAINQDELRHWPMVSFGK encoding is removed.

2026-06-09 16:03:40 - __main__ - INFO - Input matrix with TQLCRWYIPDEFMGVNHSKA encoding is generated.
2026-06-09 16:09:33 - __main__ - INFO - TQLCRWYIPDEFMGVNHSKA encoding is done for multiclass task with:
	-custom
		-f1: 0.6460059264559954
		-auroc: 0.8876039622824543
	-resnet
		-f1: 0.7753192648057874
		-auroc: 0.9437771164210421
2026-06-09 16:09:33 - __main__ - INFO - Input matrix with TQLCRWYIPDEFMGVNHSKA encoding is removed.

2026-06-09 16:09:47 - __main__ - INFO - Input matrix with PQVSIRNMDWHTFEKGYACL encoding is generated.
2026-06-09 16:15:36 - __main__ - INFO - PQVSIRNMDWHTFEKGYACL encoding is done for multiclass task with:
	-custom
		-f1: 0.6555238164647199
		-auroc: 0.8878548357857339
	-resnet
		-f1: 0.7617261003402642
		-auroc: 0.9446488634489958
2026-06-09 16:15:36 - __main__ - INFO - Input matrix with PQVSIRNMDWHTFEKGYACL encoding is removed.

2026-06-09 16:15:50 - __main__ - INFO - Input matrix with QVTCSLGFEYKAIHMPRDNW encoding is generated.
2026-06-09 16:21:42 - __main__ - INFO - QVTCSLGFEYKAIHMPRDNW encoding is done for multiclass task with:
	-custom
		-f1: 0.6444595811251027
		-auroc: 0.8846885824682434
	-resnet
		-f1: 0.7528940107619941
		-auroc: 0.9331758870587754
2026-06-09 16:21:42 - __main__ - INFO - Input matrix with QVTCSLGFEYKAIHMPRDNW encoding is removed.

2026-06-09 16:21:56 - __main__ - INFO - Input matrix with FRYKEGTQHVDLPNMCIWAS encoding is generated.
2026-06-09 16:27:48 - __main__ - INFO - FRYKEGTQHVDLPNMCIWAS encoding is done for multiclass task with:
	-custom
		-f1: 0.6373245564000868
		-auroc: 0.8855723693109432
	-resnet
		-f1: 0.7274133357875057
		-auroc: 0.9387612376822402
2026-06-09 16:27:48 - __main__ - INFO - Input matrix with FRYKEGTQHVDLPNMCIWAS encoding is removed.

2026-06-09 16:28:02 - __main__ - INFO - Input matrix with CKESTMRAQLFIPGHNVYDW encoding is generated.
2026-06-09 16:33:50 - __main__ - INFO - CKESTMRAQLFIPGHNVYDW encoding is done for multiclass task with:
	-custom
		-f1: 0.6417499424555767
		-auroc: 0.8896289073682044
	-resnet
		-f1: 0.7684615186009723
		-auroc: 0.9400589003808026
2026-06-09 16:33:50 - __main__ - INFO - Input matrix with CKESTMRAQLFIPGHNVYDW encoding is removed.

2026-06-09 16:34:04 - __main__ - INFO - Input matrix with WVKSIEFHLGDNTQMYPACR encoding is generated.
2026-06-09 16:39:55 - __main__ - INFO - WVKSIEFHLGDNTQMYPACR encoding is done for multiclass task with:
	-custom
		-f1: 0.6626447351118152
		-auroc: 0.8895413069632221
	-resnet
		-f1: 0.7364796376682692
		-auroc: 0.9351778744468457
2026-06-09 16:39:55 - __main__ - INFO - Input matrix with WVKSIEFHLGDNTQMYPACR encoding is removed.

2026-06-09 16:40:09 - __main__ - INFO - Input matrix with WIRVYEQMKHFATGLNCSPD encoding is generated.
2026-06-09 16:45:47 - __main__ - INFO - WIRVYEQMKHFATGLNCSPD encoding is done for multiclass task with:
	-custom
		-f1: 0.6353060503132609
		-auroc: 0.8848487393330009
	-resnet
		-f1: 0.772769921340652
		-auroc: 0.9422143566413332
2026-06-09 16:45:47 - __main__ - INFO - Input matrix with WIRVYEQMKHFATGLNCSPD encoding is removed.

2026-06-09 16:46:01 - __main__ - INFO - Input matrix with KGQHTLFCAWNMEVSYIPRD encoding is generated.
2026-06-09 16:51:52 - __main__ - INFO - KGQHTLFCAWNMEVSYIPRD encoding is done for multiclass task with:
	-custom
		-f1: 0.6568536984516966
		-auroc: 0.8884065355115697
	-resnet
		-f1: 0.7522236977370056
		-auroc: 0.9385635366897704
2026-06-09 16:51:52 - __main__ - INFO - Input matrix with KGQHTLFCAWNMEVSYIPRD encoding is removed.

2026-06-09 16:52:06 - __main__ - INFO - Input matrix with TLEPNHWDRQYVKGISFMCA encoding is generated.
2026-06-09 16:57:56 - __main__ - INFO - TLEPNHWDRQYVKGISFMCA encoding is done for multiclass task with:
	-custom
		-f1: 0.6309946132506113
		-auroc: 0.8846610228685398
	-resnet
		-f1: 0.765314468292139
		-auroc: 0.9391834407355681
2026-06-09 16:57:56 - __main__ - INFO - Input matrix with TLEPNHWDRQYVKGISFMCA encoding is removed.

2026-06-09 16:58:10 - __main__ - INFO - Input matrix with SPFAQDMLCNRIHGYTEKWV encoding is generated.
2026-06-09 17:03:59 - __main__ - INFO - SPFAQDMLCNRIHGYTEKWV encoding is done for multiclass task with:
	-custom
		-f1: 0.6608495203901601
		-auroc: 0.888249776204004
	-resnet
		-f1: 0.7708594264073667
		-auroc: 0.9437176248648269
2026-06-09 17:03:59 - __main__ - INFO - Input matrix with SPFAQDMLCNRIHGYTEKWV encoding is removed.

2026-06-09 17:04:13 - __main__ - INFO - Input matrix with DYSKCQNEMVTRLWIHPAFG encoding is generated.
2026-06-09 17:10:05 - __main__ - INFO - DYSKCQNEMVTRLWIHPAFG encoding is done for multiclass task with:
	-custom
		-f1: 0.653297974282984
		-auroc: 0.8883824391330467
	-resnet
		-f1: 0.7722803970883201
		-auroc: 0.9417756540780408
2026-06-09 17:10:05 - __main__ - INFO - Input matrix with DYSKCQNEMVTRLWIHPAFG encoding is removed.

2026-06-09 17:10:19 - __main__ - INFO - Input matrix with DRHQMEWGCNYFLVAIKPST encoding is generated.
2026-06-09 17:16:12 - __main__ - INFO - DRHQMEWGCNYFLVAIKPST encoding is done for multiclass task with:
	-custom
		-f1: 0.6552285934554561
		-auroc: 0.886405644585021
	-resnet
		-f1: 0.7456609856204721
		-auroc: 0.9376196094101651
2026-06-09 17:16:12 - __main__ - INFO - Input matrix with DRHQMEWGCNYFLVAIKPST encoding is removed.

2026-06-09 17:16:26 - __main__ - INFO - Input matrix with EDNYTIFMCQHPRASVLGWK encoding is generated.
2026-06-09 17:22:17 - __main__ - INFO - EDNYTIFMCQHPRASVLGWK encoding is done for multiclass task with:
	-custom
		-f1: 0.6364155629601302
		-auroc: 0.8822800015114906
	-resnet
		-f1: 0.7682820649469442
		-auroc: 0.9430355326475894
2026-06-09 17:22:17 - __main__ - INFO - Input matrix with EDNYTIFMCQHPRASVLGWK encoding is removed.

2026-06-09 17:22:31 - __main__ - INFO - Input matrix with MPHEAQRTYVWKLCNGDFIS encoding is generated.
2026-06-09 17:28:18 - __main__ - INFO - MPHEAQRTYVWKLCNGDFIS encoding is done for multiclass task with:
	-custom
		-f1: 0.6551528371192032
		-auroc: 0.8891057272442737
	-resnet
		-f1: 0.7527528335085683
		-auroc: 0.938527629991569
2026-06-09 17:28:18 - __main__ - INFO - Input matrix with MPHEAQRTYVWKLCNGDFIS encoding is removed.

2026-06-09 17:28:33 - __main__ - INFO - Input matrix with HWQFVSNDRCKMGYETIALP encoding is generated.
2026-06-09 17:34:22 - __main__ - INFO - HWQFVSNDRCKMGYETIALP encoding is done for multiclass task with:
	-custom
		-f1: 0.6319053502006747
		-auroc: 0.8796452862756627
	-resnet
		-f1: 0.7654316094724212
		-auroc: 0.9393756910623949
2026-06-09 17:34:22 - __main__ - INFO - Input matrix with HWQFVSNDRCKMGYETIALP encoding is removed.

2026-06-09 17:34:36 - __main__ - INFO - Input matrix with VGPWFEATLHNYMIQSDKRC encoding is generated.
2026-06-09 17:40:28 - __main__ - INFO - VGPWFEATLHNYMIQSDKRC encoding is done for multiclass task with:
	-custom
		-f1: 0.6315633010701207
		-auroc: 0.8777996214453774
	-resnet
		-f1: 0.7491202072656792
		-auroc: 0.9383181761685236
2026-06-09 17:40:28 - __main__ - INFO - Input matrix with VGPWFEATLHNYMIQSDKRC encoding is removed.

2026-06-09 17:40:41 - __main__ - INFO - Input matrix with LCRTKYHWIAPFDMEVNGSQ encoding is generated.
2026-06-09 17:46:35 - __main__ - INFO - LCRTKYHWIAPFDMEVNGSQ encoding is done for multiclass task with:
	-custom
		-f1: 0.6446454382316535
		-auroc: 0.883186714057263
	-resnet
		-f1: 0.7639996332657437
		-auroc: 0.940131173509711
2026-06-09 17:46:35 - __main__ - INFO - Input matrix with LCRTKYHWIAPFDMEVNGSQ encoding is removed.

2026-06-09 17:46:49 - __main__ - INFO - Input matrix with LHEACKWFGVQIPDTMRYSN encoding is generated.
2026-06-09 17:52:37 - __main__ - INFO - LHEACKWFGVQIPDTMRYSN encoding is done for multiclass task with:
	-custom
		-f1: 0.634478472669149
		-auroc: 0.8857042282491083
	-resnet
		-f1: 0.7690325219920777
		-auroc: 0.9389887352517519
2026-06-09 17:52:37 - __main__ - INFO - Input matrix with LHEACKWFGVQIPDTMRYSN encoding is removed.

2026-06-09 17:52:51 - __main__ - INFO - Input matrix with NAFQHIGRTCYMSPEVWKLD encoding is generated.
2026-06-09 17:58:45 - __main__ - INFO - NAFQHIGRTCYMSPEVWKLD encoding is done for multiclass task with:
	-custom
		-f1: 0.6338829795553279
		-auroc: 0.8778434838044668
	-resnet
		-f1: 0.7432816853118852
		-auroc: 0.930543455285705
2026-06-09 17:58:45 - __main__ - INFO - Input matrix with NAFQHIGRTCYMSPEVWKLD encoding is removed.

2026-06-09 17:58:59 - __main__ - INFO - Input matrix with PQTYAKHMWLENGVCIDRFS encoding is generated.
2026-06-09 18:04:50 - __main__ - INFO - PQTYAKHMWLENGVCIDRFS encoding is done for multiclass task with:
	-custom
		-f1: 0.6427322206577601
		-auroc: 0.8853656234729517
	-resnet
		-f1: 0.7748090650829254
		-auroc: 0.9428542746981284
2026-06-09 18:04:50 - __main__ - INFO - Input matrix with PQTYAKHMWLENGVCIDRFS encoding is removed.

2026-06-09 18:05:04 - __main__ - INFO - Input matrix with VFDTISMLCGNEARYWQKHP encoding is generated.
2026-06-09 18:10:54 - __main__ - INFO - VFDTISMLCGNEARYWQKHP encoding is done for multiclass task with:
	-custom
		-f1: 0.6596698054592075
		-auroc: 0.8916387703352466
	-resnet
		-f1: 0.7577132000246555
		-auroc: 0.937149116934946
2026-06-09 18:10:54 - __main__ - INFO - Input matrix with VFDTISMLCGNEARYWQKHP encoding is removed.

2026-06-09 18:11:08 - __main__ - INFO - Input matrix with YQVHFLPRNITKDAEWMGCS encoding is generated.
2026-06-09 18:17:00 - __main__ - INFO - YQVHFLPRNITKDAEWMGCS encoding is done for multiclass task with:
	-custom
		-f1: 0.6395807083524108
		-auroc: 0.8836611436176401
	-resnet
		-f1: 0.763918328296939
		-auroc: 0.9399113081408107
2026-06-09 18:17:00 - __main__ - INFO - Input matrix with YQVHFLPRNITKDAEWMGCS encoding is removed.

2026-06-09 18:17:14 - __main__ - INFO - Input matrix with NCKSIARWVEYHDQFLGTMP encoding is generated.
2026-06-09 18:22:58 - __main__ - INFO - NCKSIARWVEYHDQFLGTMP encoding is done for multiclass task with:
	-custom
		-f1: 0.6581548338351156
		-auroc: 0.8882025353025009
	-resnet
		-f1: 0.753689578680677
		-auroc: 0.9358972065806631
2026-06-09 18:22:58 - __main__ - INFO - Input matrix with NCKSIARWVEYHDQFLGTMP encoding is removed.

2026-06-09 18:23:12 - __main__ - INFO - Input matrix with KTLREVICSADPYGWMFNQH encoding is generated.
2026-06-09 18:29:05 - __main__ - INFO - KTLREVICSADPYGWMFNQH encoding is done for multiclass task with:
	-custom
		-f1: 0.6515296634713866
		-auroc: 0.8856027408544719
	-resnet
		-f1: 0.7577885897425872
		-auroc: 0.940567252496286
2026-06-09 18:29:05 - __main__ - INFO - Input matrix with KTLREVICSADPYGWMFNQH encoding is removed.

2026-06-09 18:29:19 - __main__ - INFO - Input matrix with GFRALEDPWYKNCIMSTVHQ encoding is generated.
2026-06-09 18:35:10 - __main__ - INFO - GFRALEDPWYKNCIMSTVHQ encoding is done for multiclass task with:
	-custom
		-f1: 0.6484545263770816
		-auroc: 0.884639401215811
	-resnet
		-f1: 0.7669270621530212
		-auroc: 0.9373071654916949
2026-06-09 18:35:10 - __main__ - INFO - Input matrix with GFRALEDPWYKNCIMSTVHQ encoding is removed.

2026-06-09 18:35:24 - __main__ - INFO - Input matrix with EVCMPNQGTRHLWIYSKFDA encoding is generated.
2026-06-09 18:41:16 - __main__ - INFO - EVCMPNQGTRHLWIYSKFDA encoding is done for multiclass task with:
	-custom
		-f1: 0.6420606488535386
		-auroc: 0.8853796324304885
	-resnet
		-f1: 0.7127643283201148
		-auroc: 0.9324040026784157
2026-06-09 18:41:16 - __main__ - INFO - Input matrix with EVCMPNQGTRHLWIYSKFDA encoding is removed.

2026-06-09 18:41:30 - __main__ - INFO - Input matrix with VSKCIPHDFMQLNWGTRAYE encoding is generated.
2026-06-09 18:47:19 - __main__ - INFO - VSKCIPHDFMQLNWGTRAYE encoding is done for multiclass task with:
	-custom
		-f1: 0.6414914761039622
		-auroc: 0.8845716923725968
	-resnet
		-f1: 0.7712450782709643
		-auroc: 0.9436221331405289
2026-06-09 18:47:19 - __main__ - INFO - Input matrix with VSKCIPHDFMQLNWGTRAYE encoding is removed.

2026-06-09 18:47:33 - __main__ - INFO - Input matrix with PLDYEKINMCQGARVSWFTH encoding is generated.
2026-06-09 18:53:24 - __main__ - INFO - PLDYEKINMCQGARVSWFTH encoding is done for multiclass task with:
	-custom
		-f1: 0.646584937514544
		-auroc: 0.8824018414014017
	-resnet
		-f1: 0.7450320830704592
		-auroc: 0.9373826679452965
2026-06-09 18:53:24 - __main__ - INFO - Input matrix with PLDYEKINMCQGARVSWFTH encoding is removed.

2026-06-09 18:53:38 - __main__ - INFO - Input matrix with SYNFHLCDVIKEGAMWRQTP encoding is generated.
2026-06-09 18:59:29 - __main__ - INFO - SYNFHLCDVIKEGAMWRQTP encoding is done for multiclass task with:
	-custom
		-f1: 0.6540163747279178
		-auroc: 0.8857516313009064
	-resnet
		-f1: 0.7561423577434334
		-auroc: 0.941106934571952
2026-06-09 18:59:29 - __main__ - INFO - Input matrix with SYNFHLCDVIKEGAMWRQTP encoding is removed.

2026-06-09 18:59:43 - __main__ - INFO - Input matrix with AHTYFVLPQKWEDRGSICNM encoding is generated.
2026-06-09 19:05:33 - __main__ - INFO - AHTYFVLPQKWEDRGSICNM encoding is done for multiclass task with:
	-custom
		-f1: 0.6500339578700526
		-auroc: 0.8871939015862533
	-resnet
		-f1: 0.7540447812297271
		-auroc: 0.9407382542522559
2026-06-09 19:05:33 - __main__ - INFO - Input matrix with AHTYFVLPQKWEDRGSICNM encoding is removed.

2026-06-09 19:05:47 - __main__ - INFO - Input matrix with WRAPEFKDQTSHINGLYMCV encoding is generated.
2026-06-09 19:11:35 - __main__ - INFO - WRAPEFKDQTSHINGLYMCV encoding is done for multiclass task with:
	-custom
		-f1: 0.6512077999487671
		-auroc: 0.8872349026335271
	-resnet
		-f1: 0.7660322755878914
		-auroc: 0.9422894143856458
2026-06-09 19:11:35 - __main__ - INFO - Input matrix with WRAPEFKDQTSHINGLYMCV encoding is removed.

2026-06-09 19:11:49 - __main__ - INFO - Input matrix with CVGSETWRHMKYPDLQNFIA encoding is generated.
2026-06-09 19:17:39 - __main__ - INFO - CVGSETWRHMKYPDLQNFIA encoding is done for multiclass task with:
	-custom
		-f1: 0.6313944021286375
		-auroc: 0.8819608801122826
	-resnet
		-f1: 0.7383133040483336
		-auroc: 0.9284882541301
2026-06-09 19:17:39 - __main__ - INFO - Input matrix with CVGSETWRHMKYPDLQNFIA encoding is removed.

2026-06-09 19:17:53 - __main__ - INFO - Input matrix with HGSKPWRAQVNYMTDICLFE encoding is generated.
2026-06-09 19:23:45 - __main__ - INFO - HGSKPWRAQVNYMTDICLFE encoding is done for multiclass task with:
	-custom
		-f1: 0.6354833800491786
		-auroc: 0.8845047452150014
	-resnet
		-f1: 0.730638526252331
		-auroc: 0.9334025206041099
2026-06-09 19:23:45 - __main__ - INFO - Input matrix with HGSKPWRAQVNYMTDICLFE encoding is removed.

2026-06-09 19:23:59 - __main__ - INFO - Input matrix with RAQENLTIVYDKMHSGPFCW encoding is generated.
2026-06-09 19:29:53 - __main__ - INFO - RAQENLTIVYDKMHSGPFCW encoding is done for multiclass task with:
	-custom
		-f1: 0.6360322082980577
		-auroc: 0.8809064989743319
	-resnet
		-f1: 0.7630537035951093
		-auroc: 0.9435166354905112
2026-06-09 19:29:53 - __main__ - INFO - Input matrix with RAQENLTIVYDKMHSGPFCW encoding is removed.

2026-06-09 19:30:07 - __main__ - INFO - Input matrix with GRKADNYIHWPCQLFETSVM encoding is generated.
2026-06-09 19:35:57 - __main__ - INFO - GRKADNYIHWPCQLFETSVM encoding is done for multiclass task with:
	-custom
		-f1: 0.6440646392172222
		-auroc: 0.8831240457871236
	-resnet
		-f1: 0.7650404759957395
		-auroc: 0.9425738645505671
2026-06-09 19:35:57 - __main__ - INFO - Input matrix with GRKADNYIHWPCQLFETSVM encoding is removed.

2026-06-09 19:36:11 - __main__ - INFO - Input matrix with SEMACKNIWHVQGTRYDFPL encoding is generated.
2026-06-09 19:42:05 - __main__ - INFO - SEMACKNIWHVQGTRYDFPL encoding is done for multiclass task with:
	-custom
		-f1: 0.6479007959330302
		-auroc: 0.8918060231366984
	-resnet
		-f1: 0.7500671106075905
		-auroc: 0.9392816401769316
2026-06-09 19:42:05 - __main__ - INFO - Input matrix with SEMACKNIWHVQGTRYDFPL encoding is removed.

2026-06-09 19:42:19 - __main__ - INFO - Input matrix with NSTMHDYEKGWQRIPFLVCA encoding is generated.
2026-06-09 19:48:07 - __main__ - INFO - NSTMHDYEKGWQRIPFLVCA encoding is done for multiclass task with:
	-custom
		-f1: 0.6377307341787883
		-auroc: 0.8837675371059474
	-resnet
		-f1: 0.759840863464518
		-auroc: 0.9405081824800516
2026-06-09 19:48:07 - __main__ - INFO - Input matrix with NSTMHDYEKGWQRIPFLVCA encoding is removed.

2026-06-09 19:48:21 - __main__ - INFO - Input matrix with YTLCHWRAKPGSENMIQDFV encoding is generated.
2026-06-09 19:54:13 - __main__ - INFO - YTLCHWRAKPGSENMIQDFV encoding is done for multiclass task with:
	-custom
		-f1: 0.6608524423851234
		-auroc: 0.8864866763506468
	-resnet
		-f1: 0.7543223077229699
		-auroc: 0.9374436348087313
2026-06-09 19:54:13 - __main__ - INFO - Input matrix with YTLCHWRAKPGSENMIQDFV encoding is removed.

2026-06-09 19:54:27 - __main__ - INFO - Input matrix with NHYVEQIWLGPFMRTASCKD encoding is generated.
2026-06-09 20:00:18 - __main__ - INFO - NHYVEQIWLGPFMRTASCKD encoding is done for multiclass task with:
	-custom
		-f1: 0.6342849886226318
		-auroc: 0.8829043002838775
	-resnet
		-f1: 0.7793856904073216
		-auroc: 0.9441684858857649
2026-06-09 20:00:18 - __main__ - INFO - Input matrix with NHYVEQIWLGPFMRTASCKD encoding is removed.

2026-06-09 20:00:32 - __main__ - INFO - Input matrix with HDVPQRLWFMAKSGTNEYIC encoding is generated.
2026-06-09 20:06:22 - __main__ - INFO - HDVPQRLWFMAKSGTNEYIC encoding is done for multiclass task with:
	-custom
		-f1: 0.6488275257631053
		-auroc: 0.8876870778243117
	-resnet
		-f1: 0.7617744850092802
		-auroc: 0.9381470902501778
2026-06-09 20:06:22 - __main__ - INFO - Input matrix with HDVPQRLWFMAKSGTNEYIC encoding is removed.

2026-06-09 20:06:36 - __main__ - INFO - Input matrix with SYVWPDAHLMFGRIEQNTKC encoding is generated.
2026-06-09 20:12:28 - __main__ - INFO - SYVWPDAHLMFGRIEQNTKC encoding is done for multiclass task with:
	-custom
		-f1: 0.6284528995376595
		-auroc: 0.8799739497878123
	-resnet
		-f1: 0.7377179170422122
		-auroc: 0.9331616111505081
2026-06-09 20:12:28 - __main__ - INFO - Input matrix with SYVWPDAHLMFGRIEQNTKC encoding is removed.

2026-06-09 20:12:42 - __main__ - INFO - Input matrix with KSQMYPRDICGVETWNLHAF encoding is generated.
2026-06-09 20:18:36 - __main__ - INFO - KSQMYPRDICGVETWNLHAF encoding is done for multiclass task with:
	-custom
		-f1: 0.6534530901975738
		-auroc: 0.8866753188012984
	-resnet
		-f1: 0.7673097354342211
		-auroc: 0.9398882318047285
2026-06-09 20:18:36 - __main__ - INFO - Input matrix with KSQMYPRDICGVETWNLHAF encoding is removed.

2026-06-09 20:18:50 - __main__ - INFO - Input matrix with PRTLEVFINQGSHKWMYCDA encoding is generated.
2026-06-09 20:24:40 - __main__ - INFO - PRTLEVFINQGSHKWMYCDA encoding is done for multiclass task with:
	-custom
		-f1: 0.6391117822437195
		-auroc: 0.8817306479479499
	-resnet
		-f1: 0.7653808819058675
		-auroc: 0.9421409591298435
2026-06-09 20:24:40 - __main__ - INFO - Input matrix with PRTLEVFINQGSHKWMYCDA encoding is removed.

2026-06-09 20:24:54 - __main__ - INFO - Input matrix with FHCEVGNRSQWPDAYTLIMK encoding is generated.
2026-06-09 20:30:46 - __main__ - INFO - FHCEVGNRSQWPDAYTLIMK encoding is done for multiclass task with:
	-custom
		-f1: 0.6376666372480697
		-auroc: 0.8822192982790809
	-resnet
		-f1: 0.777014357121337
		-auroc: 0.9448337887871798
2026-06-09 20:30:46 - __main__ - INFO - Input matrix with FHCEVGNRSQWPDAYTLIMK encoding is removed.

2026-06-09 20:31:00 - __main__ - INFO - Input matrix with PCVGNFESWHYTDIARMLQK encoding is generated.
2026-06-09 20:36:51 - __main__ - INFO - PCVGNFESWHYTDIARMLQK encoding is done for multiclass task with:
	-custom
		-f1: 0.6362093009503813
		-auroc: 0.8805112445523695
	-resnet
		-f1: 0.7547503345522856
		-auroc: 0.9375956337279302
2026-06-09 20:36:51 - __main__ - INFO - Input matrix with PCVGNFESWHYTDIARMLQK encoding is removed.

2026-06-09 20:37:05 - __main__ - INFO - Input matrix with HGRQKSFACVNPWMTIDYEL encoding is generated.
2026-06-09 20:42:56 - __main__ - INFO - HGRQKSFACVNPWMTIDYEL encoding is done for multiclass task with:
	-custom
		-f1: 0.6333285984142274
		-auroc: 0.8850541398102723
	-resnet
		-f1: 0.7455080200576666
		-auroc: 0.9380286412131712
2026-06-09 20:42:56 - __main__ - INFO - Input matrix with HGRQKSFACVNPWMTIDYEL encoding is removed.

2026-06-09 20:43:10 - __main__ - INFO - Input matrix with YPGIMTRHLCEWNQDVKSFA encoding is generated.
2026-06-09 20:49:03 - __main__ - INFO - YPGIMTRHLCEWNQDVKSFA encoding is done for multiclass task with:
	-custom
		-f1: 0.6418378728775604
		-auroc: 0.8816726775679363
	-resnet
		-f1: 0.7667101147047662
		-auroc: 0.9449331142270336
2026-06-09 20:49:03 - __main__ - INFO - Input matrix with YPGIMTRHLCEWNQDVKSFA encoding is removed.

2026-06-09 20:49:17 - __main__ - INFO - Input matrix with VIYTACPSHLGKQFDWNERM encoding is generated.
2026-06-09 20:55:09 - __main__ - INFO - VIYTACPSHLGKQFDWNERM encoding is done for multiclass task with:
	-custom
		-f1: 0.6509784013556246
		-auroc: 0.8854641926564912
	-resnet
		-f1: 0.7034696543971682
		-auroc: 0.9263558120719966
2026-06-09 20:55:09 - __main__ - INFO - Input matrix with VIYTACPSHLGKQFDWNERM encoding is removed.

2026-06-09 20:55:23 - __main__ - INFO - Input matrix with PNWIQFAHVCSKGYLDTMRE encoding is generated.
2026-06-09 21:01:15 - __main__ - INFO - PNWIQFAHVCSKGYLDTMRE encoding is done for multiclass task with:
	-custom
		-f1: 0.6590375945318759
		-auroc: 0.8884075765664828
	-resnet
		-f1: 0.7825665646655384
		-auroc: 0.9404864439682242
2026-06-09 21:01:15 - __main__ - INFO - Input matrix with PNWIQFAHVCSKGYLDTMRE encoding is removed.

2026-06-09 21:01:29 - __main__ - INFO - Input matrix with KPLETGIYWRAFQNDHMVSC encoding is generated.
2026-06-09 21:07:16 - __main__ - INFO - KPLETGIYWRAFQNDHMVSC encoding is done for multiclass task with:
	-custom
		-f1: 0.6339547510284115
		-auroc: 0.8850892838884528
	-resnet
		-f1: 0.7286835879443548
		-auroc: 0.933092462399539
2026-06-09 21:07:16 - __main__ - INFO - Input matrix with KPLETGIYWRAFQNDHMVSC encoding is removed.

2026-06-09 21:07:30 - __main__ - INFO - Input matrix with VLFWPIAHNSTEKCRYGMDQ encoding is generated.
2026-06-09 21:13:24 - __main__ - INFO - VLFWPIAHNSTEKCRYGMDQ encoding is done for multiclass task with:
	-custom
		-f1: 0.6548785562282667
		-auroc: 0.889691609304732
	-resnet
		-f1: 0.7770911376724661
		-auroc: 0.9433889106416803
2026-06-09 21:13:24 - __main__ - INFO - Input matrix with VLFWPIAHNSTEKCRYGMDQ encoding is removed.

2026-06-09 21:13:38 - __main__ - INFO - Input matrix with ANYHIQDSCPERGFTMWVKL encoding is generated.
2026-06-09 21:19:28 - __main__ - INFO - ANYHIQDSCPERGFTMWVKL encoding is done for multiclass task with:
	-custom
		-f1: 0.651527349432766
		-auroc: 0.8885101767100062
	-resnet
		-f1: 0.7595614997365563
		-auroc: 0.9399864176458695
2026-06-09 21:19:28 - __main__ - INFO - Input matrix with ANYHIQDSCPERGFTMWVKL encoding is removed.

2026-06-09 21:19:42 - __main__ - INFO - Input matrix with DYVSFMPWRCHIQTENGKLA encoding is generated.
2026-06-09 21:25:33 - __main__ - INFO - DYVSFMPWRCHIQTENGKLA encoding is done for multiclass task with:
	-custom
		-f1: 0.6378655090594321
		-auroc: 0.8823708596791949
	-resnet
		-f1: 0.7709975658442412
		-auroc: 0.9468763741643397
2026-06-09 21:25:33 - __main__ - INFO - Input matrix with DYVSFMPWRCHIQTENGKLA encoding is removed.

2026-06-09 21:25:46 - __main__ - INFO - Input matrix with KCNQSYAVLGIMWDEFRPTH encoding is generated.
2026-06-09 21:31:40 - __main__ - INFO - KCNQSYAVLGIMWDEFRPTH encoding is done for multiclass task with:
	-custom
		-f1: 0.6488635650278795
		-auroc: 0.8835344861465984
	-resnet
		-f1: 0.7810827192565932
		-auroc: 0.9458283195304265
2026-06-09 21:31:40 - __main__ - INFO - Input matrix with KCNQSYAVLGIMWDEFRPTH encoding is removed.

2026-06-09 21:31:54 - __main__ - INFO - Input matrix with VHGRISQNMFDYCLAEKWTP encoding is generated.
2026-06-09 21:37:42 - __main__ - INFO - VHGRISQNMFDYCLAEKWTP encoding is done for multiclass task with:
	-custom
		-f1: 0.6491639405510918
		-auroc: 0.887929270123743
	-resnet
		-f1: 0.736520238055908
		-auroc: 0.9355567385579142
2026-06-09 21:37:42 - __main__ - INFO - Input matrix with VHGRISQNMFDYCLAEKWTP encoding is removed.

2026-06-09 21:37:56 - __main__ - INFO - Input matrix with ACKDTHPEFIGMVYQNRWSL encoding is generated.
2026-06-09 21:43:46 - __main__ - INFO - ACKDTHPEFIGMVYQNRWSL encoding is done for multiclass task with:
	-custom
		-f1: 0.6514381104924857
		-auroc: 0.8843800967460828
	-resnet
		-f1: 0.7696449952563028
		-auroc: 0.9428586671445542
2026-06-09 21:43:46 - __main__ - INFO - Input matrix with ACKDTHPEFIGMVYQNRWSL encoding is removed.

2026-06-09 21:44:00 - __main__ - INFO - Input matrix with FECRIHWAQLDVGNKMTSYP encoding is generated.
2026-06-09 21:49:51 - __main__ - INFO - FECRIHWAQLDVGNKMTSYP encoding is done for multiclass task with:
	-custom
		-f1: 0.6411969548596205
		-auroc: 0.8829768513396375
	-resnet
		-f1: 0.7622587298802754
		-auroc: 0.9425062232562859
2026-06-09 21:49:51 - __main__ - INFO - Input matrix with FECRIHWAQLDVGNKMTSYP encoding is removed.

2026-06-09 21:50:05 - __main__ - INFO - Input matrix with IFWQAYHDNSMTRGKLVPCE encoding is generated.
2026-06-09 21:55:53 - __main__ - INFO - IFWQAYHDNSMTRGKLVPCE encoding is done for multiclass task with:
	-custom
		-f1: 0.6365886308539737
		-auroc: 0.8807449639941035
	-resnet
		-f1: 0.7786019926828149
		-auroc: 0.9421010240585487
2026-06-09 21:55:53 - __main__ - INFO - Input matrix with IFWQAYHDNSMTRGKLVPCE encoding is removed.

2026-06-09 21:56:07 - __main__ - INFO - Input matrix with DTNKMAHYRFEIQLSVGPCW encoding is generated.
2026-06-09 22:01:53 - __main__ - INFO - DTNKMAHYRFEIQLSVGPCW encoding is done for multiclass task with:
	-custom
		-f1: 0.6319744994404652
		-auroc: 0.8838674481540908
	-resnet
		-f1: 0.7668355870738803
		-auroc: 0.9374212360207667
2026-06-09 22:01:53 - __main__ - INFO - Input matrix with DTNKMAHYRFEIQLSVGPCW encoding is removed.

2026-06-09 22:02:07 - __main__ - INFO - Input matrix with QDTIEHVMRSNGFKCAYPWL encoding is generated.
2026-06-09 22:07:59 - __main__ - INFO - QDTIEHVMRSNGFKCAYPWL encoding is done for multiclass task with:
	-custom
		-f1: 0.6533742105763165
		-auroc: 0.8874761800295875
	-resnet
		-f1: 0.6971110865898739
		-auroc: 0.9268705873448569
2026-06-09 22:07:59 - __main__ - INFO - Input matrix with QDTIEHVMRSNGFKCAYPWL encoding is removed.

2026-06-09 22:08:13 - __main__ - INFO - Input matrix with YSTQRHVLFEIMKGCNDWPA encoding is generated.
2026-06-09 22:14:06 - __main__ - INFO - YSTQRHVLFEIMKGCNDWPA encoding is done for multiclass task with:
	-custom
		-f1: 0.6498606218040095
		-auroc: 0.884765764498689
	-resnet
		-f1: 0.7735452691686747
		-auroc: 0.9391280045931953
2026-06-09 22:14:06 - __main__ - INFO - Input matrix with YSTQRHVLFEIMKGCNDWPA encoding is removed.

2026-06-09 22:14:21 - __main__ - INFO - Input matrix with RHYDSVPGENFWQICLAMTK encoding is generated.
2026-06-09 22:20:12 - __main__ - INFO - RHYDSVPGENFWQICLAMTK encoding is done for multiclass task with:
	-custom
		-f1: 0.649288856056657
		-auroc: 0.8815341661606373
	-resnet
		-f1: 0.7749263904419983
		-auroc: 0.9413752667115027
2026-06-09 22:20:12 - __main__ - INFO - Input matrix with RHYDSVPGENFWQICLAMTK encoding is removed.

2026-06-09 22:20:26 - __main__ - INFO - Input matrix with ANTLYHDGQRPWIMCEVFKS encoding is generated.
2026-06-09 22:26:19 - __main__ - INFO - ANTLYHDGQRPWIMCEVFKS encoding is done for multiclass task with:
	-custom
		-f1: 0.6432979317958909
		-auroc: 0.8837971978352147
	-resnet
		-f1: 0.7488566144538218
		-auroc: 0.9373144615793869
2026-06-09 22:26:19 - __main__ - INFO - Input matrix with ANTLYHDGQRPWIMCEVFKS encoding is removed.

2026-06-09 22:26:34 - __main__ - INFO - Input matrix with LANCGKFDVMISWHRTEQYP encoding is generated.
2026-06-09 22:32:26 - __main__ - INFO - LANCGKFDVMISWHRTEQYP encoding is done for multiclass task with:
	-custom
		-f1: 0.6393209244908423
		-auroc: 0.8782379416502538
	-resnet
		-f1: 0.7195850578903045
		-auroc: 0.9321255219583744
2026-06-09 22:32:26 - __main__ - INFO - Input matrix with LANCGKFDVMISWHRTEQYP encoding is removed.

2026-06-09 22:32:40 - __main__ - INFO - Input matrix with PAVTGIHCFRSEQMLNKYWD encoding is generated.
2026-06-09 22:38:30 - __main__ - INFO - PAVTGIHCFRSEQMLNKYWD encoding is done for multiclass task with:
	-custom
		-f1: 0.6376876016549581
		-auroc: 0.8801771640425405
	-resnet
		-f1: 0.7540343976333632
		-auroc: 0.9376346364967747
2026-06-09 22:38:30 - __main__ - INFO - Input matrix with PAVTGIHCFRSEQMLNKYWD encoding is removed.

2026-06-09 22:38:45 - __main__ - INFO - Input matrix with ELRNIYSKQTACWGMDFVPH encoding is generated.
2026-06-09 22:44:38 - __main__ - INFO - ELRNIYSKQTACWGMDFVPH encoding is done for multiclass task with:
	-custom
		-f1: 0.6410592419801369
		-auroc: 0.8854050663503358
	-resnet
		-f1: 0.7604423936895066
		-auroc: 0.940204003172646
2026-06-09 22:44:38 - __main__ - INFO - Input matrix with ELRNIYSKQTACWGMDFVPH encoding is removed.

2026-06-09 22:44:52 - __main__ - INFO - Input matrix with YWCVSQRKPDGHNMTFALIE encoding is generated.
2026-06-09 22:50:44 - __main__ - INFO - YWCVSQRKPDGHNMTFALIE encoding is done for multiclass task with:
	-custom
		-f1: 0.6316037569590072
		-auroc: 0.8791761237477189
	-resnet
		-f1: 0.775208588071888
		-auroc: 0.9391792669299825
2026-06-09 22:50:44 - __main__ - INFO - Input matrix with YWCVSQRKPDGHNMTFALIE encoding is removed.

2026-06-09 22:50:57 - __main__ - INFO - Input matrix with WAITEPNLQHVRMGSYCKDF encoding is generated.
2026-06-09 22:56:49 - __main__ - INFO - WAITEPNLQHVRMGSYCKDF encoding is done for multiclass task with:
	-custom
		-f1: 0.6344633030624807
		-auroc: 0.8786412189978972
	-resnet
		-f1: 0.7585061156269444
		-auroc: 0.933524129166192
2026-06-09 22:56:49 - __main__ - INFO - Input matrix with WAITEPNLQHVRMGSYCKDF encoding is removed.

2026-06-09 22:57:03 - __main__ - INFO - Input matrix with KDVHMPTNQCAIREWFLYGS encoding is generated.
2026-06-09 23:02:55 - __main__ - INFO - KDVHMPTNQCAIREWFLYGS encoding is done for multiclass task with:
	-custom
		-f1: 0.6542213975995416
		-auroc: 0.8883161679331936
	-resnet
		-f1: 0.7751413034301666
		-auroc: 0.9493365946981326
2026-06-09 23:02:55 - __main__ - INFO - Input matrix with KDVHMPTNQCAIREWFLYGS encoding is removed.

2026-06-09 23:03:10 - __main__ - INFO - Input matrix with PNYEHQKTGASCLDWMFVRI encoding is generated.
2026-06-09 23:09:00 - __main__ - INFO - PNYEHQKTGASCLDWMFVRI encoding is done for multiclass task with:
	-custom
		-f1: 0.6642341173351618
		-auroc: 0.8891405309696229
	-resnet
		-f1: 0.7646345882869264
		-auroc: 0.9381940313369974
2026-06-09 23:09:00 - __main__ - INFO - Input matrix with PNYEHQKTGASCLDWMFVRI encoding is removed.

2026-06-09 23:09:14 - __main__ - INFO - Input matrix with QLNRTMKPYGIHWESACVDF encoding is generated.
2026-06-09 23:15:06 - __main__ - INFO - QLNRTMKPYGIHWESACVDF encoding is done for multiclass task with:
	-custom
		-f1: 0.6312406696430708
		-auroc: 0.8799833696770245
	-resnet
		-f1: 0.7702387085837691
		-auroc: 0.9417300278686902
2026-06-09 23:15:06 - __main__ - INFO - Input matrix with QLNRTMKPYGIHWESACVDF encoding is removed.

2026-06-09 23:15:20 - __main__ - INFO - Input matrix with HPINTLCQSKVAWRFMDEGY encoding is generated.
2026-06-09 23:21:11 - __main__ - INFO - HPINTLCQSKVAWRFMDEGY encoding is done for multiclass task with:
	-custom
		-f1: 0.634781692982958
		-auroc: 0.8817652023487522
	-resnet
		-f1: 0.7536707850089228
		-auroc: 0.9415202113906403
2026-06-09 23:21:11 - __main__ - INFO - Input matrix with HPINTLCQSKVAWRFMDEGY encoding is removed.

2026-06-09 23:21:25 - __main__ - INFO - Input matrix with RKLSPQGIMCHADVETFNWY encoding is generated.
2026-06-09 23:27:12 - __main__ - INFO - RKLSPQGIMCHADVETFNWY encoding is done for multiclass task with:
	-custom
		-f1: 0.6462472524773553
		-auroc: 0.886699708626742
	-resnet
		-f1: 0.763079019314208
		-auroc: 0.9387315547319984
2026-06-09 23:27:12 - __main__ - INFO - Input matrix with RKLSPQGIMCHADVETFNWY encoding is removed.

2026-06-09 23:27:26 - __main__ - INFO - Input matrix with MALKRNGSDQTECIHFYPWV encoding is generated.
2026-06-09 23:33:15 - __main__ - INFO - MALKRNGSDQTECIHFYPWV encoding is done for multiclass task with:
	-custom
		-f1: 0.6282315920100588
		-auroc: 0.8814018258492945
	-resnet
		-f1: 0.7570462699825288
		-auroc: 0.93786267048398
2026-06-09 23:33:15 - __main__ - INFO - Input matrix with MALKRNGSDQTECIHFYPWV encoding is removed.

2026-06-09 23:33:30 - __main__ - INFO - Input matrix with MVFHRCENKAWPQSYDGILT encoding is generated.
2026-06-09 23:39:22 - __main__ - INFO - MVFHRCENKAWPQSYDGILT encoding is done for multiclass task with:
	-custom
		-f1: 0.6308935790261995
		-auroc: 0.8763722191457932
	-resnet
		-f1: 0.7348475482295915
		-auroc: 0.9334301102738802
2026-06-09 23:39:22 - __main__ - INFO - Input matrix with MVFHRCENKAWPQSYDGILT encoding is removed.

2026-06-09 23:39:36 - __main__ - INFO - Input matrix with GDRHPVAWICYQEFKNMLST encoding is generated.
2026-06-09 23:45:24 - __main__ - INFO - GDRHPVAWICYQEFKNMLST encoding is done for multiclass task with:
	-custom
		-f1: 0.633424103414242
		-auroc: 0.8840576344074347
	-resnet
		-f1: 0.7168517039969764
		-auroc: 0.9350271757837787
2026-06-09 23:45:24 - __main__ - INFO - Input matrix with GDRHPVAWICYQEFKNMLST encoding is removed.

2026-06-09 23:45:38 - __main__ - INFO - Input matrix with NEICVWFAMRHTGDLPSYKQ encoding is generated.
2026-06-09 23:51:25 - __main__ - INFO - NEICVWFAMRHTGDLPSYKQ encoding is done for multiclass task with:
	-custom
		-f1: 0.6299946733524096
		-auroc: 0.8817132089082419
	-resnet
		-f1: 0.7684722109315111
		-auroc: 0.9444749108753617
2026-06-09 23:51:25 - __main__ - INFO - Input matrix with NEICVWFAMRHTGDLPSYKQ encoding is removed.

2026-06-09 23:51:39 - __main__ - INFO - Input matrix with GNSIRQPCKHWEMYTLDFAV encoding is generated.
2026-06-09 23:57:25 - __main__ - INFO - GNSIRQPCKHWEMYTLDFAV encoding is done for multiclass task with:
	-custom
		-f1: 0.6344553611826772
		-auroc: 0.8814086990190123
	-resnet
		-f1: 0.7500409081944783
		-auroc: 0.942474502775611
2026-06-09 23:57:25 - __main__ - INFO - Input matrix with GNSIRQPCKHWEMYTLDFAV encoding is removed.

2026-06-09 23:57:39 - __main__ - INFO - Input matrix with GFQSLWTMCPVIHNDAREKY encoding is generated.
2026-06-10 00:03:30 - __main__ - INFO - GFQSLWTMCPVIHNDAREKY encoding is done for multiclass task with:
	-custom
		-f1: 0.6322300314920744
		-auroc: 0.8829243179805284
	-resnet
		-f1: 0.7596455723309962
		-auroc: 0.9424886533998847
2026-06-10 00:03:30 - __main__ - INFO - Input matrix with GFQSLWTMCPVIHNDAREKY encoding is removed.

2026-06-10 00:03:44 - __main__ - INFO - Input matrix with LYKENQFPWIGHATVCDRSM encoding is generated.
2026-06-10 00:09:37 - __main__ - INFO - LYKENQFPWIGHATVCDRSM encoding is done for multiclass task with:
	-custom
		-f1: 0.6631932941829957
		-auroc: 0.8894118221025795
	-resnet
		-f1: 0.7574279788357823
		-auroc: 0.94026717603383
2026-06-10 00:09:37 - __main__ - INFO - Input matrix with LYKENQFPWIGHATVCDRSM encoding is removed.

2026-06-10 00:09:51 - __main__ - INFO - Input matrix with PWNCIYETDVRGAQSFLHKM encoding is generated.
2026-06-10 00:15:45 - __main__ - INFO - PWNCIYETDVRGAQSFLHKM encoding is done for multiclass task with:
	-custom
		-f1: 0.6516427962306895
		-auroc: 0.8848769712048851
	-resnet
		-f1: 0.7644387087676714
		-auroc: 0.9376021438880517
2026-06-10 00:15:45 - __main__ - INFO - Input matrix with PWNCIYETDVRGAQSFLHKM encoding is removed.

2026-06-10 00:15:58 - __main__ - INFO - Input matrix with LSEWQKFPGICTARVHNMYD encoding is generated.
2026-06-10 00:21:51 - __main__ - INFO - LSEWQKFPGICTARVHNMYD encoding is done for multiclass task with:
	-custom
		-f1: 0.6573612816416997
		-auroc: 0.8820083774541629
	-resnet
		-f1: 0.7109208056454692
		-auroc: 0.9341010829607124
2026-06-10 00:21:51 - __main__ - INFO - Input matrix with LSEWQKFPGICTARVHNMYD encoding is removed.

2026-06-10 00:22:05 - __main__ - INFO - Input matrix with WYLRTMVQIKGSCFPNEAHD encoding is generated.
2026-06-10 00:27:56 - __main__ - INFO - WYLRTMVQIKGSCFPNEAHD encoding is done for multiclass task with:
	-custom
		-f1: 0.6293104240249487
		-auroc: 0.8790920100128637
	-resnet
		-f1: 0.7657787100027471
		-auroc: 0.9381306936740353
2026-06-10 00:27:56 - __main__ - INFO - Input matrix with WYLRTMVQIKGSCFPNEAHD encoding is removed.

2026-06-10 00:28:10 - __main__ - INFO - Input matrix with CWKRMSTDGLAYQIFPHVEN encoding is generated.
2026-06-10 00:34:02 - __main__ - INFO - CWKRMSTDGLAYQIFPHVEN encoding is done for multiclass task with:
	-custom
		-f1: 0.6334714442499855
		-auroc: 0.8810070033889108
	-resnet
		-f1: 0.7545410116537374
		-auroc: 0.9371998285077707
2026-06-10 00:34:02 - __main__ - INFO - Input matrix with CWKRMSTDGLAYQIFPHVEN encoding is removed.

2026-06-10 00:34:16 - __main__ - INFO - Input matrix with RMAFYKQTLSDNEWVGIHPC encoding is generated.
2026-06-10 00:40:10 - __main__ - INFO - RMAFYKQTLSDNEWVGIHPC encoding is done for multiclass task with:
	-custom
		-f1: 0.6442892726245139
		-auroc: 0.8850180756678622
	-resnet
		-f1: 0.7581735340345767
		-auroc: 0.9384091237956997
2026-06-10 00:40:10 - __main__ - INFO - Input matrix with RMAFYKQTLSDNEWVGIHPC encoding is removed.

2026-06-10 00:40:24 - __main__ - INFO - Input matrix with FNIWGKPMCALHYTQSRVED encoding is generated.
2026-06-10 00:46:17 - __main__ - INFO - FNIWGKPMCALHYTQSRVED encoding is done for multiclass task with:
	-custom
		-f1: 0.627620678002977
		-auroc: 0.8845502115418331
	-resnet
		-f1: 0.762228529938576
		-auroc: 0.9378984006460607
2026-06-10 00:46:17 - __main__ - INFO - Input matrix with FNIWGKPMCALHYTQSRVED encoding is removed.

2026-06-10 00:46:31 - __main__ - INFO - Input matrix with THGSWNYREPMKLFCVDIQA encoding is generated.
2026-06-10 00:52:22 - __main__ - INFO - THGSWNYREPMKLFCVDIQA encoding is done for multiclass task with:
	-custom
		-f1: 0.6352633763488461
		-auroc: 0.8823345290894199
	-resnet
		-f1: 0.6984819122173874
		-auroc: 0.9303751991384697
2026-06-10 00:52:22 - __main__ - INFO - Input matrix with THGSWNYREPMKLFCVDIQA encoding is removed.

2026-06-10 00:52:36 - __main__ - INFO - Input matrix with FYNSCIHADVEQPWGMTLRK encoding is generated.
2026-06-10 00:58:27 - __main__ - INFO - FYNSCIHADVEQPWGMTLRK encoding is done for multiclass task with:
	-custom
		-f1: 0.64094153410132
		-auroc: 0.883221416213552
	-resnet
		-f1: 0.7579066861669097
		-auroc: 0.9440087066457072
2026-06-10 00:58:27 - __main__ - INFO - Input matrix with FYNSCIHADVEQPWGMTLRK encoding is removed.

2026-06-10 00:58:41 - __main__ - INFO - Input matrix with CGAMDQYNIFKPETSVWHRL encoding is generated.
2026-06-10 01:04:33 - __main__ - INFO - CGAMDQYNIFKPETSVWHRL encoding is done for multiclass task with:
	-custom
		-f1: 0.6549482111155391
		-auroc: 0.8866210958849597
	-resnet
		-f1: 0.7432929127859571
		-auroc: 0.938359967344571
2026-06-10 01:04:33 - __main__ - INFO - Input matrix with CGAMDQYNIFKPETSVWHRL encoding is removed.

2026-06-10 01:04:47 - __main__ - INFO - Input matrix with CPQTWLKDGMVAEYRINSHF encoding is generated.
2026-06-10 01:10:39 - __main__ - INFO - CPQTWLKDGMVAEYRINSHF encoding is done for multiclass task with:
	-custom
		-f1: 0.6355610021145643
		-auroc: 0.8839204014838632
	-resnet
		-f1: 0.7830530883437347
		-auroc: 0.9452117162126097
2026-06-10 01:10:39 - __main__ - INFO - Input matrix with CPQTWLKDGMVAEYRINSHF encoding is removed.

2026-06-10 01:10:54 - __main__ - INFO - Input matrix with QRTSMCFILGPVYNHWKEDA encoding is generated.
2026-06-10 01:16:48 - __main__ - INFO - QRTSMCFILGPVYNHWKEDA encoding is done for multiclass task with:
	-custom
		-f1: 0.63420258882179
		-auroc: 0.8813008868291543
	-resnet
		-f1: 0.7761947067538937
		-auroc: 0.9430126835155452
2026-06-10 01:16:48 - __main__ - INFO - Input matrix with QRTSMCFILGPVYNHWKEDA encoding is removed.

2026-06-10 01:17:02 - __main__ - INFO - Input matrix with SDCVTEWAGNHFMILYRQPK encoding is generated.
2026-06-10 01:22:52 - __main__ - INFO - SDCVTEWAGNHFMILYRQPK encoding is done for multiclass task with:
	-custom
		-f1: 0.6499318560326272
		-auroc: 0.8879353456768213
	-resnet
		-f1: 0.7557411500111562
		-auroc: 0.9402601441981364
2026-06-10 01:22:52 - __main__ - INFO - Input matrix with SDCVTEWAGNHFMILYRQPK encoding is removed.

2026-06-10 01:23:06 - __main__ - INFO - Input matrix with NEKQMTLVGRAFDIPYWSHC encoding is generated.
2026-06-10 01:28:59 - __main__ - INFO - NEKQMTLVGRAFDIPYWSHC encoding is done for multiclass task with:
	-custom
		-f1: 0.63520268982132
		-auroc: 0.8804075099208077
	-resnet
		-f1: 0.7559015634123031
		-auroc: 0.938121210766702
2026-06-10 01:28:59 - __main__ - INFO - Input matrix with NEKQMTLVGRAFDIPYWSHC encoding is removed.

2026-06-10 01:29:13 - __main__ - INFO - Input matrix with HIKTFYLDPAGMCVNEWSRQ encoding is generated.
2026-06-10 01:35:04 - __main__ - INFO - HIKTFYLDPAGMCVNEWSRQ encoding is done for multiclass task with:
	-custom
		-f1: 0.6491373056190789
		-auroc: 0.8810777368512476
	-resnet
		-f1: 0.749289165492511
		-auroc: 0.9390535643207099
2026-06-10 01:35:04 - __main__ - INFO - Input matrix with HIKTFYLDPAGMCVNEWSRQ encoding is removed.

2026-06-10 01:35:18 - __main__ - INFO - Input matrix with CMEDAKVQGNHIYSLTWFPR encoding is generated.
2026-06-10 01:41:08 - __main__ - INFO - CMEDAKVQGNHIYSLTWFPR encoding is done for multiclass task with:
	-custom
		-f1: 0.6456355120481522
		-auroc: 0.8857891004512883
	-resnet
		-f1: 0.758233422244424
		-auroc: 0.9348943907403555
2026-06-10 01:41:08 - __main__ - INFO - Input matrix with CMEDAKVQGNHIYSLTWFPR encoding is removed.

2026-06-10 01:41:22 - __main__ - INFO - Input matrix with VYQTRNHIEAFKMLSDGPCW encoding is generated.
2026-06-10 01:47:09 - __main__ - INFO - VYQTRNHIEAFKMLSDGPCW encoding is done for multiclass task with:
	-custom
		-f1: 0.6319946689103514
		-auroc: 0.881575853345588
	-resnet
		-f1: 0.7665664851184039
		-auroc: 0.9440439480967335
2026-06-10 01:47:09 - __main__ - INFO - Input matrix with VYQTRNHIEAFKMLSDGPCW encoding is removed.

2026-06-10 01:47:23 - __main__ - INFO - Input matrix with HNTQYKVCPWRMGEIAFDSL encoding is generated.
2026-06-10 01:53:08 - __main__ - INFO - HNTQYKVCPWRMGEIAFDSL encoding is done for multiclass task with:
	-custom
		-f1: 0.641409199798378
		-auroc: 0.8885480532705226
	-resnet
		-f1: 0.7591805998253596
		-auroc: 0.9399960471354623
2026-06-10 01:53:08 - __main__ - INFO - Input matrix with HNTQYKVCPWRMGEIAFDSL encoding is removed.

2026-06-10 01:53:22 - __main__ - INFO - Input matrix with ITWCLYPVDQKFNEGHMASR encoding is generated.
2026-06-10 01:59:12 - __main__ - INFO - ITWCLYPVDQKFNEGHMASR encoding is done for multiclass task with:
	-custom
		-f1: 0.640571629763666
		-auroc: 0.8817696228197981
	-resnet
		-f1: 0.7561168891786055
		-auroc: 0.9318700423285543
2026-06-10 01:59:12 - __main__ - INFO - Input matrix with ITWCLYPVDQKFNEGHMASR encoding is removed.

2026-06-10 01:59:26 - __main__ - INFO - Input matrix with NEYFMLWRPKSVHQTICDAG encoding is generated.
2026-06-10 02:05:16 - __main__ - INFO - NEYFMLWRPKSVHQTICDAG encoding is done for multiclass task with:
	-custom
		-f1: 0.6371511939023118
		-auroc: 0.8825577160289264
	-resnet
		-f1: 0.751491712942481
		-auroc: 0.9414538597589246
2026-06-10 02:05:16 - __main__ - INFO - Input matrix with NEYFMLWRPKSVHQTICDAG encoding is removed.

2026-06-10 02:05:30 - __main__ - INFO - Input matrix with GTAFLNCPISWKEVHMYDQR encoding is generated.
2026-06-10 02:11:23 - __main__ - INFO - GTAFLNCPISWKEVHMYDQR encoding is done for multiclass task with:
	-custom
		-f1: 0.6542806797627193
		-auroc: 0.8916448479059907
	-resnet
		-f1: 0.7476131381838279
		-auroc: 0.9394760568194409
2026-06-10 02:11:23 - __main__ - INFO - Input matrix with GTAFLNCPISWKEVHMYDQR encoding is removed.

2026-06-10 02:11:37 - __main__ - INFO - Input matrix with IWARPCTGESDFHLQMNYVK encoding is generated.
2026-06-10 02:17:28 - __main__ - INFO - IWARPCTGESDFHLQMNYVK encoding is done for multiclass task with:
	-custom
		-f1: 0.6387291487548398
		-auroc: 0.8866600640374187
	-resnet
		-f1: 0.7679252510043828
		-auroc: 0.9399880973147627
2026-06-10 02:17:28 - __main__ - INFO - Input matrix with IWARPCTGESDFHLQMNYVK encoding is removed.

2026-06-10 02:17:42 - __main__ - INFO - Input matrix with MTGFIADWYLSHCERNPKVQ encoding is generated.
2026-06-10 02:23:33 - __main__ - INFO - MTGFIADWYLSHCERNPKVQ encoding is done for multiclass task with:
	-custom
		-f1: 0.632564578588258
		-auroc: 0.8827174258275609
	-resnet
		-f1: 0.7641542667636381
		-auroc: 0.9394106016841093
2026-06-10 02:23:33 - __main__ - INFO - Input matrix with MTGFIADWYLSHCERNPKVQ encoding is removed.

2026-06-10 02:23:47 - __main__ - INFO - Input matrix with WDKHALNFMRYEVGICPTQS encoding is generated.
2026-06-10 02:29:40 - __main__ - INFO - WDKHALNFMRYEVGICPTQS encoding is done for multiclass task with:
	-custom
		-f1: 0.6459769288168487
		-auroc: 0.8827280936754205
	-resnet
		-f1: 0.7633825355961169
		-auroc: 0.9436976661492744
2026-06-10 02:29:40 - __main__ - INFO - Input matrix with WDKHALNFMRYEVGICPTQS encoding is removed.

2026-06-10 02:29:54 - __main__ - INFO - Input matrix with PEAHVCIKTNFMSQGWDYLR encoding is generated.
2026-06-10 02:35:44 - __main__ - INFO - PEAHVCIKTNFMSQGWDYLR encoding is done for multiclass task with:
	-custom
		-f1: 0.6548846502980367
		-auroc: 0.8876744057026524
	-resnet
		-f1: 0.7734689668747492
		-auroc: 0.9423524330263275
2026-06-10 02:35:44 - __main__ - INFO - Input matrix with PEAHVCIKTNFMSQGWDYLR encoding is removed.

2026-06-10 02:35:58 - __main__ - INFO - Input matrix with CNFLMWHQETPVGSARDYKI encoding is generated.
2026-06-10 02:41:46 - __main__ - INFO - CNFLMWHQETPVGSARDYKI encoding is done for multiclass task with:
	-custom
		-f1: 0.6552840652564946
		-auroc: 0.8853201834466349
	-resnet
		-f1: 0.7777600295826226
		-auroc: 0.9446808922278089
2026-06-10 02:41:46 - __main__ - INFO - Input matrix with CNFLMWHQETPVGSARDYKI encoding is removed.

2026-06-10 02:42:00 - __main__ - INFO - Input matrix with FHSPTARKWLMYQGCINVDE encoding is generated.
2026-06-10 02:47:45 - __main__ - INFO - FHSPTARKWLMYQGCINVDE encoding is done for multiclass task with:
	-custom
		-f1: 0.637449888279621
		-auroc: 0.8819998724928375
	-resnet
		-f1: 0.7516459060388493
		-auroc: 0.9397364763446969
2026-06-10 02:47:45 - __main__ - INFO - Input matrix with FHSPTARKWLMYQGCINVDE encoding is removed.

2026-06-10 02:48:00 - __main__ - INFO - Input matrix with RNWCFAEMYKDGIQHTSVLP encoding is generated.
2026-06-10 02:53:50 - __main__ - INFO - RNWCFAEMYKDGIQHTSVLP encoding is done for multiclass task with:
	-custom
		-f1: 0.634683210124358
		-auroc: 0.8794726626694664
	-resnet
		-f1: 0.7553587814127358
		-auroc: 0.9386170785951418
2026-06-10 02:53:50 - __main__ - INFO - Input matrix with RNWCFAEMYKDGIQHTSVLP encoding is removed.

2026-06-10 02:54:04 - __main__ - INFO - Input matrix with TWAVECDPHQIYLKFNRMGS encoding is generated.
2026-06-10 02:59:55 - __main__ - INFO - TWAVECDPHQIYLKFNRMGS encoding is done for multiclass task with:
	-custom
		-f1: 0.6506071111708981
		-auroc: 0.8888892395061749
	-resnet
		-f1: 0.7779955440450972
		-auroc: 0.9442418510588162
2026-06-10 02:59:55 - __main__ - INFO - Input matrix with TWAVECDPHQIYLKFNRMGS encoding is removed.

2026-06-10 03:00:09 - __main__ - INFO - Input matrix with YPLQEMNDRTFKSAVCWIHG encoding is generated.
2026-06-10 03:06:00 - __main__ - INFO - YPLQEMNDRTFKSAVCWIHG encoding is done for multiclass task with:
	-custom
		-f1: 0.6504179637156862
		-auroc: 0.884322626920059
	-resnet
		-f1: 0.7473456108207038
		-auroc: 0.9402487194402808
2026-06-10 03:06:00 - __main__ - INFO - Input matrix with YPLQEMNDRTFKSAVCWIHG encoding is removed.

2026-06-10 03:06:14 - __main__ - INFO - Input matrix with CGYNQLWPHMFAKVRDSEIT encoding is generated.
2026-06-10 03:12:05 - __main__ - INFO - CGYNQLWPHMFAKVRDSEIT encoding is done for multiclass task with:
	-custom
		-f1: 0.6526044669014608
		-auroc: 0.8880425110228203
	-resnet
		-f1: 0.7821210816448267
		-auroc: 0.9443710689175818
2026-06-10 03:12:05 - __main__ - INFO - Input matrix with CGYNQLWPHMFAKVRDSEIT encoding is removed.

2026-06-10 03:12:19 - __main__ - INFO - Input matrix with LNGPTICVRAHKQSEDFYWM encoding is generated.
2026-06-10 03:18:11 - __main__ - INFO - LNGPTICVRAHKQSEDFYWM encoding is done for multiclass task with:
	-custom
		-f1: 0.6545210489397093
		-auroc: 0.8883545874070045
	-resnet
		-f1: 0.7460999176916835
		-auroc: 0.9360073659557561
2026-06-10 03:18:11 - __main__ - INFO - Input matrix with LNGPTICVRAHKQSEDFYWM encoding is removed.

2026-06-10 03:18:25 - __main__ - INFO - Input matrix with SIGCQPRFAVWKHYTDMENL encoding is generated.
2026-06-10 03:24:18 - __main__ - INFO - SIGCQPRFAVWKHYTDMENL encoding is done for multiclass task with:
	-custom
		-f1: 0.6516035831099748
		-auroc: 0.8883315189486993
	-resnet
		-f1: 0.7634151315747243
		-auroc: 0.9351435468440137
2026-06-10 03:24:18 - __main__ - INFO - Input matrix with SIGCQPRFAVWKHYTDMENL encoding is removed.

2026-06-10 03:24:31 - __main__ - INFO - Input matrix with QEKPYLFACDMSIVRHWTGN encoding is generated.
2026-06-10 03:30:22 - __main__ - INFO - QEKPYLFACDMSIVRHWTGN encoding is done for multiclass task with:
	-custom
		-f1: 0.630459208000139
		-auroc: 0.8831666714618738
	-resnet
		-f1: 0.7734398688229012
		-auroc: 0.9409681316963525
2026-06-10 03:30:22 - __main__ - INFO - Input matrix with QEKPYLFACDMSIVRHWTGN encoding is removed.

2026-06-10 03:30:37 - __main__ - INFO - Input matrix with LRYVWNFHCGMKTSADQPIE encoding is generated.
2026-06-10 03:36:29 - __main__ - INFO - LRYVWNFHCGMKTSADQPIE encoding is done for multiclass task with:
	-custom
		-f1: 0.6373235549613342
		-auroc: 0.882420983309018
	-resnet
		-f1: 0.7639724794206018
		-auroc: 0.9394785813177562
2026-06-10 03:36:29 - __main__ - INFO - Input matrix with LRYVWNFHCGMKTSADQPIE encoding is removed.

2026-06-10 03:36:43 - __main__ - INFO - Input matrix with LQMTRSKAIVGDCNWYFPEH encoding is generated.
2026-06-10 03:42:33 - __main__ - INFO - LQMTRSKAIVGDCNWYFPEH encoding is done for multiclass task with:
	-custom
		-f1: 0.6456706970018511
		-auroc: 0.8821354012386415
	-resnet
		-f1: 0.7765634753894194
		-auroc: 0.9441015711674823
2026-06-10 03:42:33 - __main__ - INFO - Input matrix with LQMTRSKAIVGDCNWYFPEH encoding is removed.

2026-06-10 03:42:47 - __main__ - INFO - Input matrix with KTFWNHPVCDSYMEAIRLGQ encoding is generated.
2026-06-10 03:48:37 - __main__ - INFO - KTFWNHPVCDSYMEAIRLGQ encoding is done for multiclass task with:
	-custom
		-f1: 0.6451505764675028
		-auroc: 0.8880734768217572
	-resnet
		-f1: 0.7646547595075688
		-auroc: 0.9409399275682618
2026-06-10 03:48:37 - __main__ - INFO - Input matrix with KTFWNHPVCDSYMEAIRLGQ encoding is removed.

2026-06-10 03:48:51 - __main__ - INFO - Input matrix with PLKQIDMGWESNFTRHAVYC encoding is generated.
2026-06-10 03:54:44 - __main__ - INFO - PLKQIDMGWESNFTRHAVYC encoding is done for multiclass task with:
	-custom
		-f1: 0.6666644001817537
		-auroc: 0.8918092476548148
	-resnet
		-f1: 0.765751586737289
		-auroc: 0.9399774491405484
2026-06-10 03:54:44 - __main__ - INFO - Input matrix with PLKQIDMGWESNFTRHAVYC encoding is removed.

2026-06-10 03:54:58 - __main__ - INFO - Input matrix with GHFQRWETVYLIADNMCPKS encoding is generated.
2026-06-10 04:00:42 - __main__ - INFO - GHFQRWETVYLIADNMCPKS encoding is done for multiclass task with:
	-custom
		-f1: 0.6468530398308399
		-auroc: 0.8850273356984122
	-resnet
		-f1: 0.7495761638392906
		-auroc: 0.9317970779287542
2026-06-10 04:00:42 - __main__ - INFO - Input matrix with GHFQRWETVYLIADNMCPKS encoding is removed.

2026-06-10 04:00:55 - __main__ - INFO - Input matrix with VPDQKECGTSMFYNIALHRW encoding is generated.
2026-06-10 04:06:46 - __main__ - INFO - VPDQKECGTSMFYNIALHRW encoding is done for multiclass task with:
	-custom
		-f1: 0.6589477657227344
		-auroc: 0.8914742282958767
	-resnet
		-f1: 0.7626353596988786
		-auroc: 0.9447791916282643
2026-06-10 04:06:46 - __main__ - INFO - Input matrix with VPDQKECGTSMFYNIALHRW encoding is removed.

2026-06-10 04:07:00 - __main__ - INFO - Input matrix with YWIFMQDKRVETNAGPSLCH encoding is generated.
2026-06-10 04:12:49 - __main__ - INFO - YWIFMQDKRVETNAGPSLCH encoding is done for multiclass task with:
	-custom
		-f1: 0.6361374212200811
		-auroc: 0.8807412509539485
	-resnet
		-f1: 0.7672304917929271
		-auroc: 0.9406369207248261
2026-06-10 04:12:49 - __main__ - INFO - Input matrix with YWIFMQDKRVETNAGPSLCH encoding is removed.

2026-06-10 04:13:03 - __main__ - INFO - Input matrix with CPMYKARVTFHQEDINSGWL encoding is generated.
2026-06-10 04:18:55 - __main__ - INFO - CPMYKARVTFHQEDINSGWL encoding is done for multiclass task with:
	-custom
		-f1: 0.6603818758078941
		-auroc: 0.8865565204059873
	-resnet
		-f1: 0.7727943192902555
		-auroc: 0.9432704874848419
2026-06-10 04:18:55 - __main__ - INFO - Input matrix with CPMYKARVTFHQEDINSGWL encoding is removed.

2026-06-10 04:19:09 - __main__ - INFO - Input matrix with FHQVSKEYWCLRAIGTNDPM encoding is generated.
2026-06-10 04:24:59 - __main__ - INFO - FHQVSKEYWCLRAIGTNDPM encoding is done for multiclass task with:
	-custom
		-f1: 0.6378976973795163
		-auroc: 0.8839253880117571
	-resnet
		-f1: 0.777801887405564
		-auroc: 0.9431752639240065
2026-06-10 04:24:59 - __main__ - INFO - Input matrix with FHQVSKEYWCLRAIGTNDPM encoding is removed.

2026-06-10 04:25:13 - __main__ - INFO - Input matrix with TIHCGAVYMKQRDLWFPSEN encoding is generated.
2026-06-10 04:31:06 - __main__ - INFO - TIHCGAVYMKQRDLWFPSEN encoding is done for multiclass task with:
	-custom
		-f1: 0.6225195417581547
		-auroc: 0.8814403570498012
	-resnet
		-f1: 0.7163648067289099
		-auroc: 0.9320431237929304
2026-06-10 04:31:06 - __main__ - INFO - Input matrix with TIHCGAVYMKQRDLWFPSEN encoding is removed.

2026-06-10 04:31:20 - __main__ - INFO - Input matrix with QSFCAEGWVNLIHYMRTPDK encoding is generated.
2026-06-10 04:37:12 - __main__ - INFO - QSFCAEGWVNLIHYMRTPDK encoding is done for multiclass task with:
	-custom
		-f1: 0.6447438638997358
		-auroc: 0.8838936552340003
	-resnet
		-f1: 0.7609854945311463
		-auroc: 0.9428108677382664
2026-06-10 04:37:12 - __main__ - INFO - Input matrix with QSFCAEGWVNLIHYMRTPDK encoding is removed.

2026-06-10 04:37:26 - __main__ - INFO - Input matrix with TLCDSIQMFRGPEWNKAVHY encoding is generated.
2026-06-10 04:43:18 - __main__ - INFO - TLCDSIQMFRGPEWNKAVHY encoding is done for multiclass task with:
	-custom
		-f1: 0.6428958097585433
		-auroc: 0.8846783288513725
	-resnet
		-f1: 0.769374152493181
		-auroc: 0.9412032635769242
2026-06-10 04:43:18 - __main__ - INFO - Input matrix with TLCDSIQMFRGPEWNKAVHY encoding is removed.

2026-06-10 04:43:32 - __main__ - INFO - Input matrix with DRYEIHVFMASKLCGPTNWQ encoding is generated.
2026-06-10 04:49:26 - __main__ - INFO - DRYEIHVFMASKLCGPTNWQ encoding is done for multiclass task with:
	-custom
		-f1: 0.6519733515538688
		-auroc: 0.888767175319999
	-resnet
		-f1: 0.7759328304841885
		-auroc: 0.9413915158291324
2026-06-10 04:49:26 - __main__ - INFO - Input matrix with DRYEIHVFMASKLCGPTNWQ encoding is removed.

2026-06-10 04:49:40 - __main__ - INFO - Input matrix with YMRCDNHQGKLWVIAFESPT encoding is generated.
2026-06-10 04:55:34 - __main__ - INFO - YMRCDNHQGKLWVIAFESPT encoding is done for multiclass task with:
	-custom
		-f1: 0.6340503072254229
		-auroc: 0.8836928319180609
	-resnet
		-f1: 0.778763132756089
		-auroc: 0.9431798035598054
2026-06-10 04:55:34 - __main__ - INFO - Input matrix with YMRCDNHQGKLWVIAFESPT encoding is removed.

2026-06-10 04:55:49 - __main__ - INFO - Input matrix with FPVCSGMKTRNIQDEWLHYA encoding is generated.
2026-06-10 05:01:44 - __main__ - INFO - FPVCSGMKTRNIQDEWLHYA encoding is done for multiclass task with:
	-custom
		-f1: 0.6479618298800937
		-auroc: 0.8798089701350358
	-resnet
		-f1: 0.7864650248442775
		-auroc: 0.9447281332121437
2026-06-10 05:01:44 - __main__ - INFO - Input matrix with FPVCSGMKTRNIQDEWLHYA encoding is removed.

2026-06-10 05:01:59 - __main__ - INFO - Input matrix with LIQGPCTSKERDNWAHFMYV encoding is generated.
2026-06-10 05:07:52 - __main__ - INFO - LIQGPCTSKERDNWAHFMYV encoding is done for multiclass task with:
	-custom
		-f1: 0.6406377727931961
		-auroc: 0.8834289868332389
	-resnet
		-f1: 0.6911289120987936
		-auroc: 0.9273629161659983
2026-06-10 05:07:52 - __main__ - INFO - Input matrix with LIQGPCTSKERDNWAHFMYV encoding is removed.

2026-06-10 05:08:07 - __main__ - INFO - Input matrix with FVNLTAMPWDYQSKCGEHIR encoding is generated.
2026-06-10 05:13:58 - __main__ - INFO - FVNLTAMPWDYQSKCGEHIR encoding is done for multiclass task with:
	-custom
		-f1: 0.6442513238610192
		-auroc: 0.8869577833796777
	-resnet
		-f1: 0.7394879948117515
		-auroc: 0.9435811213468535
2026-06-10 05:13:58 - __main__ - INFO - Input matrix with FVNLTAMPWDYQSKCGEHIR encoding is removed.

2026-06-10 05:14:12 - __main__ - INFO - Input matrix with WATEFLQGMICDRYVNKHPS encoding is generated.
2026-06-10 05:20:03 - __main__ - INFO - WATEFLQGMICDRYVNKHPS encoding is done for multiclass task with:
	-custom
		-f1: 0.6589487007675033
		-auroc: 0.8868944721581705
	-resnet
		-f1: 0.7520210728650124
		-auroc: 0.9354572273102854
2026-06-10 05:20:03 - __main__ - INFO - Input matrix with WATEFLQGMICDRYVNKHPS encoding is removed.

2026-06-10 05:20:18 - __main__ - INFO - Input matrix with YNVEDCFQAMWGRKHSLITP encoding is generated.
2026-06-10 05:26:09 - __main__ - INFO - YNVEDCFQAMWGRKHSLITP encoding is done for multiclass task with:
	-custom
		-f1: 0.6399950441054825
		-auroc: 0.8837567125751317
	-resnet
		-f1: 0.7601033732490083
		-auroc: 0.9386725083024958
2026-06-10 05:26:09 - __main__ - INFO - Input matrix with YNVEDCFQAMWGRKHSLITP encoding is removed.

2026-06-10 05:26:23 - __main__ - INFO - Input matrix with QAFSCDVNIPKTLEYRMWHG encoding is generated.
2026-06-10 05:32:14 - __main__ - INFO - QAFSCDVNIPKTLEYRMWHG encoding is done for multiclass task with:
	-custom
		-f1: 0.6542704582410754
		-auroc: 0.8850907292968444
	-resnet
		-f1: 0.7582142942339114
		-auroc: 0.9384477676343848
2026-06-10 05:32:14 - __main__ - INFO - Input matrix with QAFSCDVNIPKTLEYRMWHG encoding is removed.

2026-06-10 05:32:28 - __main__ - INFO - Input matrix with IEQYAVKRLHSMNDFCGPTW encoding is generated.
2026-06-10 05:38:19 - __main__ - INFO - IEQYAVKRLHSMNDFCGPTW encoding is done for multiclass task with:
	-custom
		-f1: 0.6386030011198071
		-auroc: 0.8794067498299409
	-resnet
		-f1: 0.7564887368095754
		-auroc: 0.9404254349660992
2026-06-10 05:38:19 - __main__ - INFO - Input matrix with IEQYAVKRLHSMNDFCGPTW encoding is removed.

2026-06-10 05:38:33 - __main__ - INFO - Input matrix with QATPWEHRKGLVFDNYCSMI encoding is generated.
2026-06-10 05:44:24 - __main__ - INFO - QATPWEHRKGLVFDNYCSMI encoding is done for multiclass task with:
	-custom
		-f1: 0.640056904914215
		-auroc: 0.8836506091564538
	-resnet
		-f1: 0.7535362639294465
		-auroc: 0.9395350290203908
2026-06-10 05:44:24 - __main__ - INFO - Input matrix with QATPWEHRKGLVFDNYCSMI encoding is removed.

2026-06-10 05:44:38 - __main__ - INFO - Input matrix with AGVDLRMWFIYTSPCKHNEQ encoding is generated.
2026-06-10 05:50:30 - __main__ - INFO - AGVDLRMWFIYTSPCKHNEQ encoding is done for multiclass task with:
	-custom
		-f1: 0.642327492959921
		-auroc: 0.8796898827879955
	-resnet
		-f1: 0.7727676539402536
		-auroc: 0.943027542823935
2026-06-10 05:50:30 - __main__ - INFO - Input matrix with AGVDLRMWFIYTSPCKHNEQ encoding is removed.

2026-06-10 05:50:44 - __main__ - INFO - Input matrix with KWMGQSVFALIPDEHCNRTY encoding is generated.
2026-06-10 05:56:36 - __main__ - INFO - KWMGQSVFALIPDEHCNRTY encoding is done for multiclass task with:
	-custom
		-f1: 0.6485142926267162
		-auroc: 0.8852969123370971
	-resnet
		-f1: 0.7606749865401958
		-auroc: 0.9403032434607889
2026-06-10 05:56:36 - __main__ - INFO - Input matrix with KWMGQSVFALIPDEHCNRTY encoding is removed.

2026-06-10 05:56:50 - __main__ - INFO - Input matrix with AVYTGCRLNPFIDKEHMSQW encoding is generated.
2026-06-10 06:02:40 - __main__ - INFO - AVYTGCRLNPFIDKEHMSQW encoding is done for multiclass task with:
	-custom
		-f1: 0.6425506127999835
		-auroc: 0.8873088629708011
	-resnet
		-f1: 0.7365967926502
		-auroc: 0.940271532026974
2026-06-10 06:02:40 - __main__ - INFO - Input matrix with AVYTGCRLNPFIDKEHMSQW encoding is removed.

2026-06-10 06:02:54 - __main__ - INFO - Input matrix with YKNGIAQETPHSCWMVLRFD encoding is generated.
2026-06-10 06:08:43 - __main__ - INFO - YKNGIAQETPHSCWMVLRFD encoding is done for multiclass task with:
	-custom
		-f1: 0.6279830797845963
		-auroc: 0.881940571665577
	-resnet
		-f1: 0.7243037876867553
		-auroc: 0.9350349729281586
2026-06-10 06:08:43 - __main__ - INFO - Input matrix with YKNGIAQETPHSCWMVLRFD encoding is removed.

2026-06-10 06:08:57 - __main__ - INFO - Input matrix with DMGVYPIFQLARHTCSKWEN encoding is generated.
2026-06-10 06:14:51 - __main__ - INFO - DMGVYPIFQLARHTCSKWEN encoding is done for multiclass task with:
	-custom
		-f1: 0.644884481212212
		-auroc: 0.8874604112652449
	-resnet
		-f1: 0.7629147930109207
		-auroc: 0.9392834246048377
2026-06-10 06:14:51 - __main__ - INFO - Input matrix with DMGVYPIFQLARHTCSKWEN encoding is removed.

2026-06-10 06:15:05 - __main__ - INFO - Input matrix with NEQVIYFMTWSLKHCPAGDR encoding is generated.
2026-06-10 06:20:59 - __main__ - INFO - NEQVIYFMTWSLKHCPAGDR encoding is done for multiclass task with:
	-custom
		-f1: 0.6485379531428886
		-auroc: 0.8892305761720906
	-resnet
		-f1: 0.7772455498165046
		-auroc: 0.9428292591545269
2026-06-10 06:20:59 - __main__ - INFO - Input matrix with NEQVIYFMTWSLKHCPAGDR encoding is removed.

2026-06-10 06:21:13 - __main__ - INFO - Input matrix with WGTRCHIMDVLKANEYQFSP encoding is generated.
2026-06-10 06:27:02 - __main__ - INFO - WGTRCHIMDVLKANEYQFSP encoding is done for multiclass task with:
	-custom
		-f1: 0.6348799703935268
		-auroc: 0.8790295616143198
	-resnet
		-f1: 0.7578163222439087
		-auroc: 0.9401065692006958
2026-06-10 06:27:02 - __main__ - INFO - Input matrix with WGTRCHIMDVLKANEYQFSP encoding is removed.

2026-06-10 06:27:16 - __main__ - INFO - Input matrix with LTAEKFHVINYRQCSMDGPW encoding is generated.
2026-06-10 06:33:07 - __main__ - INFO - LTAEKFHVINYRQCSMDGPW encoding is done for multiclass task with:
	-custom
		-f1: 0.6399942105902484
		-auroc: 0.8881976721352836
	-resnet
		-f1: 0.7696168712429923
		-auroc: 0.9423431503237361
2026-06-10 06:33:07 - __main__ - INFO - Input matrix with LTAEKFHVINYRQCSMDGPW encoding is removed.

2026-06-10 06:33:21 - __main__ - INFO - Input matrix with TKMLVPGSNFYDCAEWQRHI encoding is generated.
2026-06-10 06:39:12 - __main__ - INFO - TKMLVPGSNFYDCAEWQRHI encoding is done for multiclass task with:
	-custom
		-f1: 0.6425180340735359
		-auroc: 0.8848900179417866
	-resnet
		-f1: 0.7676474376445045
		-auroc: 0.9453388927943042
2026-06-10 06:39:12 - __main__ - INFO - Input matrix with TKMLVPGSNFYDCAEWQRHI encoding is removed.

2026-06-10 06:39:27 - __main__ - INFO - Input matrix with APISQTHLYEKMNRDCGWVF encoding is generated.
2026-06-10 06:45:16 - __main__ - INFO - APISQTHLYEKMNRDCGWVF encoding is done for multiclass task with:
	-custom
		-f1: 0.6598106236670838
		-auroc: 0.8885363770333591
	-resnet
		-f1: 0.7626899098726871
		-auroc: 0.938105964078459
2026-06-10 06:45:16 - __main__ - INFO - Input matrix with APISQTHLYEKMNRDCGWVF encoding is removed.

2026-06-10 06:45:30 - __main__ - INFO - Input matrix with AMNVPHFSGQTCRYKIEDWL encoding is generated.
2026-06-10 06:51:18 - __main__ - INFO - AMNVPHFSGQTCRYKIEDWL encoding is done for multiclass task with:
	-custom
		-f1: 0.6428793155731327
		-auroc: 0.8828783301557295
	-resnet
		-f1: 0.7645454108798395
		-auroc: 0.9363326912589592
2026-06-10 06:51:18 - __main__ - INFO - Input matrix with AMNVPHFSGQTCRYKIEDWL encoding is removed.

2026-06-10 06:51:32 - __main__ - INFO - Input matrix with KAIMRVFTGSEDQNWYLCHP encoding is generated.
2026-06-10 06:57:21 - __main__ - INFO - KAIMRVFTGSEDQNWYLCHP encoding is done for multiclass task with:
	-custom
		-f1: 0.6413719726072673
		-auroc: 0.8827372043456357
	-resnet
		-f1: 0.767340320070437
		-auroc: 0.9411099971643623
2026-06-10 06:57:21 - __main__ - INFO - Input matrix with KAIMRVFTGSEDQNWYLCHP encoding is removed.

2026-06-10 06:57:35 - __main__ - INFO - Input matrix with DTMAWEGHFSVKPRQLICNY encoding is generated.
2026-06-10 07:03:25 - __main__ - INFO - DTMAWEGHFSVKPRQLICNY encoding is done for multiclass task with:
	-custom
		-f1: 0.6440844797888309
		-auroc: 0.8822225763403402
	-resnet
		-f1: 0.7570506574675684
		-auroc: 0.9419353543777769
2026-06-10 07:03:25 - __main__ - INFO - Input matrix with DTMAWEGHFSVKPRQLICNY encoding is removed.

2026-06-10 07:03:40 - __main__ - INFO - Input matrix with PRCNQFVGEAIWDMHKSYTL encoding is generated.
2026-06-10 07:09:33 - __main__ - INFO - PRCNQFVGEAIWDMHKSYTL encoding is done for multiclass task with:
	-custom
		-f1: 0.6447206312565699
		-auroc: 0.8872617934089355
	-resnet
		-f1: 0.7679217857740778
		-auroc: 0.9329628338701514
2026-06-10 07:09:33 - __main__ - INFO - Input matrix with PRCNQFVGEAIWDMHKSYTL encoding is removed.

2026-06-10 07:09:47 - __main__ - INFO - Input matrix with ARNTVDMGSCKPELQHFIYW encoding is generated.
2026-06-10 07:15:36 - __main__ - INFO - ARNTVDMGSCKPELQHFIYW encoding is done for multiclass task with:
	-custom
		-f1: 0.6595998256757009
		-auroc: 0.8857801831367098
	-resnet
		-f1: 0.7675127743294125
		-auroc: 0.9415784406606587
2026-06-10 07:15:36 - __main__ - INFO - Input matrix with ARNTVDMGSCKPELQHFIYW encoding is removed.

2026-06-10 07:15:51 - __main__ - INFO - Input matrix with QDPCNGSAEFYIWTMLRHKV encoding is generated.
2026-06-10 07:21:44 - __main__ - INFO - QDPCNGSAEFYIWTMLRHKV encoding is done for multiclass task with:
	-custom
		-f1: 0.6396382851895513
		-auroc: 0.8819816981763303
	-resnet
		-f1: 0.7436761304101783
		-auroc: 0.9390588497158492
2026-06-10 07:21:44 - __main__ - INFO - Input matrix with QDPCNGSAEFYIWTMLRHKV encoding is removed.

2026-06-10 07:21:58 - __main__ - INFO - Input matrix with MWRQGELDYKTNAFCIHSVP encoding is generated.
2026-06-10 07:27:50 - __main__ - INFO - MWRQGELDYKTNAFCIHSVP encoding is done for multiclass task with:
	-custom
		-f1: 0.6382225859225776
		-auroc: 0.8813585575737456
	-resnet
		-f1: 0.7637416882079812
		-auroc: 0.9420772258334058
2026-06-10 07:27:50 - __main__ - INFO - Input matrix with MWRQGELDYKTNAFCIHSVP encoding is removed.

2026-06-10 07:28:04 - __main__ - INFO - Input matrix with VKARPENYQDSHTWCFLGIM encoding is generated.
2026-06-10 07:33:57 - __main__ - INFO - VKARPENYQDSHTWCFLGIM encoding is done for multiclass task with:
	-custom
		-f1: 0.6483061191071011
		-auroc: 0.8848288847671288
	-resnet
		-f1: 0.7449539145925226
		-auroc: 0.9391228152473665
2026-06-10 07:33:57 - __main__ - INFO - Input matrix with VKARPENYQDSHTWCFLGIM encoding is removed.

2026-06-10 07:34:11 - __main__ - INFO - Input matrix with MVQEFDCPTNYLWIHKGSAR encoding is generated.
2026-06-10 07:40:05 - __main__ - INFO - MVQEFDCPTNYLWIHKGSAR encoding is done for multiclass task with:
	-custom
		-f1: 0.6615972508444707
		-auroc: 0.8841880955075156
	-resnet
		-f1: 0.7594494929149465
		-auroc: 0.9396641405049376
2026-06-10 07:40:05 - __main__ - INFO - Input matrix with MVQEFDCPTNYLWIHKGSAR encoding is removed.

2026-06-10 07:40:20 - __main__ - INFO - Input matrix with KCVGQSIAYWLENPDRMHFT encoding is generated.
2026-06-10 07:46:12 - __main__ - INFO - KCVGQSIAYWLENPDRMHFT encoding is done for multiclass task with:
	-custom
		-f1: 0.6294408775857294
		-auroc: 0.8851465271403637
	-resnet
		-f1: 0.7475189317157818
		-auroc: 0.9367373314974674
2026-06-10 07:46:12 - __main__ - INFO - Input matrix with KCVGQSIAYWLENPDRMHFT encoding is removed.

2026-06-10 07:46:27 - __main__ - INFO - Input matrix with GSRVLHKCMTFWINEDPAYQ encoding is generated.
2026-06-10 07:52:18 - __main__ - INFO - GSRVLHKCMTFWINEDPAYQ encoding is done for multiclass task with:
	-custom
		-f1: 0.6351574494659453
		-auroc: 0.8800741945878547
	-resnet
		-f1: 0.7290135336161464
		-auroc: 0.9333047449116026
2026-06-10 07:52:18 - __main__ - INFO - Input matrix with GSRVLHKCMTFWINEDPAYQ encoding is removed.

2026-06-10 07:52:32 - __main__ - INFO - Input matrix with CPGITWQKYAVLNHDFSERM encoding is generated.
2026-06-10 07:58:24 - __main__ - INFO - CPGITWQKYAVLNHDFSERM encoding is done for multiclass task with:
	-custom
		-f1: 0.6281072673386312
		-auroc: 0.8831951573750411
	-resnet
		-f1: 0.7405771199313467
		-auroc: 0.9339628389978755
2026-06-10 07:58:24 - __main__ - INFO - Input matrix with CPGITWQKYAVLNHDFSERM encoding is removed.

2026-06-10 07:58:38 - __main__ - INFO - Input matrix with QLSVEITCPKHWFRMYGAND encoding is generated.
2026-06-10 08:04:28 - __main__ - INFO - QLSVEITCPKHWFRMYGAND encoding is done for multiclass task with:
	-custom
		-f1: 0.631622948821845
		-auroc: 0.8788260259729291
	-resnet
		-f1: 0.7361055982031675
		-auroc: 0.9355523653829622
2026-06-10 08:04:28 - __main__ - INFO - Input matrix with QLSVEITCPKHWFRMYGAND encoding is removed.

2026-06-10 08:04:42 - __main__ - INFO - Input matrix with EWGVHTFAQIRMLSKYCDNP encoding is generated.
2026-06-10 08:10:34 - __main__ - INFO - EWGVHTFAQIRMLSKYCDNP encoding is done for multiclass task with:
	-custom
		-f1: 0.6517897713441
		-auroc: 0.8862937653475867
	-resnet
		-f1: 0.7548578333073614
		-auroc: 0.9421250790388355
2026-06-10 08:10:34 - __main__ - INFO - Input matrix with EWGVHTFAQIRMLSKYCDNP encoding is removed.

2026-06-10 08:10:48 - __main__ - INFO - Input matrix with IYSKREMFVLPTGQWNDAHC encoding is generated.
2026-06-10 08:16:39 - __main__ - INFO - IYSKREMFVLPTGQWNDAHC encoding is done for multiclass task with:
	-custom
		-f1: 0.6421625304793193
		-auroc: 0.8843919528563422
	-resnet
		-f1: 0.7655046153736511
		-auroc: 0.9415856409654276
2026-06-10 08:16:39 - __main__ - INFO - Input matrix with IYSKREMFVLPTGQWNDAHC encoding is removed.

2026-06-10 08:16:53 - __main__ - INFO - Input matrix with HANRGMKDPTWCLQFIVEYS encoding is generated.
2026-06-10 08:22:44 - __main__ - INFO - HANRGMKDPTWCLQFIVEYS encoding is done for multiclass task with:
	-custom
		-f1: 0.6435075461639856
		-auroc: 0.8810645856178303
	-resnet
		-f1: 0.762629473502004
		-auroc: 0.9403250507406253
2026-06-10 08:22:44 - __main__ - INFO - Input matrix with HANRGMKDPTWCLQFIVEYS encoding is removed.

2026-06-10 08:22:58 - __main__ - INFO - Input matrix with RSADPHNVLTFGYEMCKIQW encoding is generated.
2026-06-10 08:28:47 - __main__ - INFO - RSADPHNVLTFGYEMCKIQW encoding is done for multiclass task with:
	-custom
		-f1: 0.6415605716399195
		-auroc: 0.8845723903671866
	-resnet
		-f1: 0.74566659968851
		-auroc: 0.936402023115909
2026-06-10 08:28:47 - __main__ - INFO - Input matrix with RSADPHNVLTFGYEMCKIQW encoding is removed.

2026-06-10 08:29:01 - __main__ - INFO - Input matrix with TCLDEYMIRQKPGSWVFNAH encoding is generated.
2026-06-10 08:34:53 - __main__ - INFO - TCLDEYMIRQKPGSWVFNAH encoding is done for multiclass task with:
	-custom
		-f1: 0.6390397125834516
		-auroc: 0.8845701736798579
	-resnet
		-f1: 0.767640804450785
		-auroc: 0.9397075984658141
2026-06-10 08:34:53 - __main__ - INFO - Input matrix with TCLDEYMIRQKPGSWVFNAH encoding is removed.

2026-06-10 08:35:07 - __main__ - INFO - Input matrix with DENGSYWAFPQMTICLRVKH encoding is generated.
2026-06-10 08:40:59 - __main__ - INFO - DENGSYWAFPQMTICLRVKH encoding is done for multiclass task with:
	-custom
		-f1: 0.634605220808927
		-auroc: 0.8790454677559196
	-resnet
		-f1: 0.7655890066282593
		-auroc: 0.9389637093745689
2026-06-10 08:40:59 - __main__ - INFO - Input matrix with DENGSYWAFPQMTICLRVKH encoding is removed.

2026-06-10 08:41:13 - __main__ - INFO - Input matrix with SIFNHKTERAQMPDLYCGWV encoding is generated.
2026-06-10 08:47:04 - __main__ - INFO - SIFNHKTERAQMPDLYCGWV encoding is done for multiclass task with:
	-custom
		-f1: 0.6628681769297384
		-auroc: 0.8857527867496305
	-resnet
		-f1: 0.7633703477385211
		-auroc: 0.941844089770675
2026-06-10 08:47:04 - __main__ - INFO - Input matrix with SIFNHKTERAQMPDLYCGWV encoding is removed.

2026-06-10 08:47:18 - __main__ - INFO - Input matrix with VRHECMQWILTYKNSFAPGD encoding is generated.
2026-06-10 08:53:10 - __main__ - INFO - VRHECMQWILTYKNSFAPGD encoding is done for multiclass task with:
	-custom
		-f1: 0.6407768204423836
		-auroc: 0.8829981826331041
	-resnet
		-f1: 0.7667686381409062
		-auroc: 0.9379669656628952
2026-06-10 08:53:10 - __main__ - INFO - Input matrix with VRHECMQWILTYKNSFAPGD encoding is removed.

2026-06-10 08:53:24 - __main__ - INFO - Input matrix with GYDRFNTMHPVQAIWLKECS encoding is generated.
2026-06-10 08:59:14 - __main__ - INFO - GYDRFNTMHPVQAIWLKECS encoding is done for multiclass task with:
	-custom
		-f1: 0.6483134596096574
		-auroc: 0.8866215783582048
	-resnet
		-f1: 0.7567520184229987
		-auroc: 0.9357057399093875
2026-06-10 08:59:14 - __main__ - INFO - Input matrix with GYDRFNTMHPVQAIWLKECS encoding is removed.

2026-06-10 08:59:29 - __main__ - INFO - Input matrix with PASFIQRTGEMWLVYCHKDN encoding is generated.
2026-06-10 09:05:22 - __main__ - INFO - PASFIQRTGEMWLVYCHKDN encoding is done for multiclass task with:
	-custom
		-f1: 0.6356227321773901
		-auroc: 0.8819529260579134
	-resnet
		-f1: 0.7610758474993352
		-auroc: 0.9409939520745683
2026-06-10 09:05:22 - __main__ - INFO - Input matrix with PASFIQRTGEMWLVYCHKDN encoding is removed.

2026-06-10 09:05:36 - __main__ - INFO - Input matrix with KLNHSPYGITWADRMCVEQF encoding is generated.
2026-06-10 09:11:31 - __main__ - INFO - KLNHSPYGITWADRMCVEQF encoding is done for multiclass task with:
	-custom
		-f1: 0.6294582935893048
		-auroc: 0.8824734093605994
	-resnet
		-f1: 0.7630993767255945
		-auroc: 0.9404930403003349
2026-06-10 09:11:31 - __main__ - INFO - Input matrix with KLNHSPYGITWADRMCVEQF encoding is removed.

2026-06-10 09:11:45 - __main__ - INFO - Input matrix with KPDTYQSWCHNMEALGRFIV encoding is generated.
2026-06-10 09:17:39 - __main__ - INFO - KPDTYQSWCHNMEALGRFIV encoding is done for multiclass task with:
	-custom
		-f1: 0.661728887429769
		-auroc: 0.8857851059984941
	-resnet
		-f1: 0.757369558492387
		-auroc: 0.9404841253222214
2026-06-10 09:17:39 - __main__ - INFO - Input matrix with KPDTYQSWCHNMEALGRFIV encoding is removed.

2026-06-10 09:17:53 - __main__ - INFO - Input matrix with LAGQPHFTKNRCEDIMVSWY encoding is generated.
2026-06-10 09:23:45 - __main__ - INFO - LAGQPHFTKNRCEDIMVSWY encoding is done for multiclass task with:
	-custom
		-f1: 0.6485965758307897
		-auroc: 0.8839049589005746
	-resnet
		-f1: 0.76945725069573
		-auroc: 0.9465150427229737
2026-06-10 09:23:45 - __main__ - INFO - Input matrix with LAGQPHFTKNRCEDIMVSWY encoding is removed.

2026-06-10 09:23:59 - __main__ - INFO - Input matrix with WMPYGSRTEAVCFNLKDHIQ encoding is generated.
2026-06-10 09:29:54 - __main__ - INFO - WMPYGSRTEAVCFNLKDHIQ encoding is done for multiclass task with:
	-custom
		-f1: 0.6455226888802678
		-auroc: 0.8879177743362279
	-resnet
		-f1: 0.7761480901915704
		-auroc: 0.9423513531084275
2026-06-10 09:29:54 - __main__ - INFO - Input matrix with WMPYGSRTEAVCFNLKDHIQ encoding is removed.

2026-06-10 09:30:09 - __main__ - INFO - Input matrix with HRISGETAKCWYNMVLFQPD encoding is generated.
2026-06-10 09:35:59 - __main__ - INFO - HRISGETAKCWYNMVLFQPD encoding is done for multiclass task with:
	-custom
		-f1: 0.6487639247962462
		-auroc: 0.8857364421241731
	-resnet
		-f1: 0.7747597042649751
		-auroc: 0.9374070131977522
2026-06-10 09:35:59 - __main__ - INFO - Input matrix with HRISGETAKCWYNMVLFQPD encoding is removed.

2026-06-10 09:36:13 - __main__ - INFO - Input matrix with LSEKPHRGCMFQIWYAVNDT encoding is generated.
2026-06-10 09:42:00 - __main__ - INFO - LSEKPHRGCMFQIWYAVNDT encoding is done for multiclass task with:
	-custom
		-f1: 0.6469639314330216
		-auroc: 0.8856498430579169
	-resnet
		-f1: 0.7430792284781751
		-auroc: 0.9370976148481269
2026-06-10 09:42:00 - __main__ - INFO - Input matrix with LSEKPHRGCMFQIWYAVNDT encoding is removed.

2026-06-10 09:42:14 - __main__ - INFO - Input matrix with CGQARSWNMDLVHPIFYKTE encoding is generated.
2026-06-10 09:48:04 - __main__ - INFO - CGQARSWNMDLVHPIFYKTE encoding is done for multiclass task with:
	-custom
		-f1: 0.6582566648077964
		-auroc: 0.8868069267650298
	-resnet
		-f1: 0.7571681592171391
		-auroc: 0.9373533183118828
2026-06-10 09:48:04 - __main__ - INFO - Input matrix with CGQARSWNMDLVHPIFYKTE encoding is removed.

2026-06-10 09:48:18 - __main__ - INFO - Input matrix with VRTIFYQCHGMANPWDSLKE encoding is generated.
2026-06-10 09:54:09 - __main__ - INFO - VRTIFYQCHGMANPWDSLKE encoding is done for multiclass task with:
	-custom
		-f1: 0.6423927757495893
		-auroc: 0.8836198799112118
	-resnet
		-f1: 0.7636534555975898
		-auroc: 0.937814704795211
2026-06-10 09:54:09 - __main__ - INFO - Input matrix with VRTIFYQCHGMANPWDSLKE encoding is removed.

2026-06-10 09:54:23 - __main__ - INFO - Input matrix with CTLPWFRIMYKGVHSNAQED encoding is generated.
2026-06-10 10:00:15 - __main__ - INFO - CTLPWFRIMYKGVHSNAQED encoding is done for multiclass task with:
	-custom
		-f1: 0.6249261563687496
		-auroc: 0.8787717047948236
	-resnet
		-f1: 0.7551196881890905
		-auroc: 0.9383313894104823
2026-06-10 10:00:15 - __main__ - INFO - Input matrix with CTLPWFRIMYKGVHSNAQED encoding is removed.

2026-06-10 10:00:29 - __main__ - INFO - Input matrix with HTRFGSLWQEMANDIYVKPC encoding is generated.
2026-06-10 10:06:22 - __main__ - INFO - HTRFGSLWQEMANDIYVKPC encoding is done for multiclass task with:
	-custom
		-f1: 0.633952129506023
		-auroc: 0.8826686854938719
	-resnet
		-f1: 0.756705696345864
		-auroc: 0.9411884381879287
2026-06-10 10:06:22 - __main__ - INFO - Input matrix with HTRFGSLWQEMANDIYVKPC encoding is removed.

2026-06-10 10:06:35 - __main__ - INFO - Input matrix with DQLHFGSWMIVPYENKTARC encoding is generated.
2026-06-10 10:12:25 - __main__ - INFO - DQLHFGSWMIVPYENKTARC encoding is done for multiclass task with:
	-custom
		-f1: 0.649167583434308
		-auroc: 0.8838449093713395
	-resnet
		-f1: 0.7680366960496887
		-auroc: 0.9414990250296652
2026-06-10 10:12:25 - __main__ - INFO - Input matrix with DQLHFGSWMIVPYENKTARC encoding is removed.

2026-06-10 10:12:39 - __main__ - INFO - Input matrix with IWTNMSKDFQYHVECALRGP encoding is generated.
2026-06-10 10:18:28 - __main__ - INFO - IWTNMSKDFQYHVECALRGP encoding is done for multiclass task with:
	-custom
		-f1: 0.6363614347232551
		-auroc: 0.8853383002335559
	-resnet
		-f1: 0.7591512091021005
		-auroc: 0.938359322105644
2026-06-10 10:18:28 - __main__ - INFO - Input matrix with IWTNMSKDFQYHVECALRGP encoding is removed.

2026-06-10 10:18:42 - __main__ - INFO - Input matrix with TADYPQKLEFSNHVICMWRG encoding is generated.
2026-06-10 10:24:33 - __main__ - INFO - TADYPQKLEFSNHVICMWRG encoding is done for multiclass task with:
	-custom
		-f1: 0.6483773780138186
		-auroc: 0.8814261746246246
	-resnet
		-f1: 0.7683169422550066
		-auroc: 0.9428947491947761
2026-06-10 10:24:33 - __main__ - INFO - Input matrix with TADYPQKLEFSNHVICMWRG encoding is removed.

2026-06-10 10:24:47 - __main__ - INFO - Input matrix with DIVLKASMHCNWYTREPQFG encoding is generated.
2026-06-10 10:30:39 - __main__ - INFO - DIVLKASMHCNWYTREPQFG encoding is done for multiclass task with:
	-custom
		-f1: 0.6383537243074046
		-auroc: 0.8822865618162787
	-resnet
		-f1: 0.7369210772930845
		-auroc: 0.9381199054434888
2026-06-10 10:30:39 - __main__ - INFO - Input matrix with DIVLKASMHCNWYTREPQFG encoding is removed.

2026-06-10 10:30:53 - __main__ - INFO - Input matrix with DCHQGVNRLKPYISEAWFTM encoding is generated.
2026-06-10 10:36:43 - __main__ - INFO - DCHQGVNRLKPYISEAWFTM encoding is done for multiclass task with:
	-custom
		-f1: 0.6454094916266891
		-auroc: 0.8863903624626918
	-resnet
		-f1: 0.7399313854257119
		-auroc: 0.9368328996770808
2026-06-10 10:36:43 - __main__ - INFO - Input matrix with DCHQGVNRLKPYISEAWFTM encoding is removed.

2026-06-10 10:36:57 - __main__ - INFO - Input matrix with RLPQFTDSGMNEIHCVYAKW encoding is generated.
2026-06-10 10:42:52 - __main__ - INFO - RLPQFTDSGMNEIHCVYAKW encoding is done for multiclass task with:
	-custom
		-f1: 0.6322286558104668
		-auroc: 0.8855850245866146
	-resnet
		-f1: 0.7581511938859677
		-auroc: 0.9421113299354482
2026-06-10 10:42:52 - __main__ - INFO - Input matrix with RLPQFTDSGMNEIHCVYAKW encoding is removed.

2026-06-10 10:43:06 - __main__ - INFO - Input matrix with VNSEYGFHCAWDRMPKQITL encoding is generated.
2026-06-10 10:48:59 - __main__ - INFO - VNSEYGFHCAWDRMPKQITL encoding is done for multiclass task with:
	-custom
		-f1: 0.6485147057702354
		-auroc: 0.8823187191184971
	-resnet
		-f1: 0.7714060068267072
		-auroc: 0.9406021441602096
2026-06-10 10:48:59 - __main__ - INFO - Input matrix with VNSEYGFHCAWDRMPKQITL encoding is removed.

2026-06-10 10:49:13 - __main__ - INFO - Input matrix with MVQWYLFDECISHPRNAKGT encoding is generated.
2026-06-10 10:55:02 - __main__ - INFO - MVQWYLFDECISHPRNAKGT encoding is done for multiclass task with:
	-custom
		-f1: 0.6321638170139849
		-auroc: 0.878458716628449
	-resnet
		-f1: 0.7558613893952361
		-auroc: 0.9387574035862902
2026-06-10 10:55:02 - __main__ - INFO - Input matrix with MVQWYLFDECISHPRNAKGT encoding is removed.

2026-06-10 10:55:17 - __main__ - INFO - Input matrix with LQATDHWEKCIYFVRPSMNG encoding is generated.
2026-06-10 11:01:05 - __main__ - INFO - LQATDHWEKCIYFVRPSMNG encoding is done for multiclass task with:
	-custom
		-f1: 0.6451706709173275
		-auroc: 0.8867896127268494
	-resnet
		-f1: 0.7558305160408867
		-auroc: 0.9388559862546917
2026-06-10 11:01:05 - __main__ - INFO - Input matrix with LQATDHWEKCIYFVRPSMNG encoding is removed.

2026-06-10 11:01:20 - __main__ - INFO - Input matrix with QEVYWGKNPCFHTISLRMAD encoding is generated.
2026-06-10 11:07:11 - __main__ - INFO - QEVYWGKNPCFHTISLRMAD encoding is done for multiclass task with:
	-custom
		-f1: 0.6379568842418442
		-auroc: 0.8837077406424763
	-resnet
		-f1: 0.7653607188329905
		-auroc: 0.9407236800446999
2026-06-10 11:07:11 - __main__ - INFO - Input matrix with QEVYWGKNPCFHTISLRMAD encoding is removed.

2026-06-10 11:07:25 - __main__ - INFO - Input matrix with RSPFETGWYILAMNVDHCQK encoding is generated.
2026-06-10 11:13:15 - __main__ - INFO - RSPFETGWYILAMNVDHCQK encoding is done for multiclass task with:
	-custom
		-f1: 0.6368020565667651
		-auroc: 0.8777189438628932
	-resnet
		-f1: 0.7638939457072804
		-auroc: 0.9397091979506869
2026-06-10 11:13:15 - __main__ - INFO - Input matrix with RSPFETGWYILAMNVDHCQK encoding is removed.

2026-06-10 11:13:29 - __main__ - INFO - Input matrix with MISYFTRVNCKPDEHQLGAW encoding is generated.
2026-06-10 11:19:20 - __main__ - INFO - MISYFTRVNCKPDEHQLGAW encoding is done for multiclass task with:
	-custom
		-f1: 0.6558387293601937
		-auroc: 0.8865577228286334
	-resnet
		-f1: 0.7528046789355998
		-auroc: 0.9399173885235074
2026-06-10 11:19:20 - __main__ - INFO - Input matrix with MISYFTRVNCKPDEHQLGAW encoding is removed.

2026-06-10 11:19:34 - __main__ - INFO - Input matrix with CWQKPRGHESTVAFNIDLYM encoding is generated.
2026-06-10 11:25:23 - __main__ - INFO - CWQKPRGHESTVAFNIDLYM encoding is done for multiclass task with:
	-custom
		-f1: 0.63745493062628
		-auroc: 0.8801719901176371
	-resnet
		-f1: 0.7668331833740984
		-auroc: 0.9422436812046042
2026-06-10 11:25:23 - __main__ - INFO - Input matrix with CWQKPRGHESTVAFNIDLYM encoding is removed.

2026-06-10 11:25:37 - __main__ - INFO - Input matrix with THKRIDLAESWPGMVQYFNC encoding is generated.
2026-06-10 11:31:20 - __main__ - INFO - THKRIDLAESWPGMVQYFNC encoding is done for multiclass task with:
	-custom
		-f1: 0.652071017653078
		-auroc: 0.8892929179723312
	-resnet
		-f1: 0.7579092363830628
		-auroc: 0.9369873841906864
2026-06-10 11:31:20 - __main__ - INFO - Input matrix with THKRIDLAESWPGMVQYFNC encoding is removed.

2026-06-10 11:31:34 - __main__ - INFO - Input matrix with LRGCSKDYPWHIQNVMTFEA encoding is generated.
2026-06-10 11:37:25 - __main__ - INFO - LRGCSKDYPWHIQNVMTFEA encoding is done for multiclass task with:
	-custom
		-f1: 0.640550745104439
		-auroc: 0.8833537434736659
	-resnet
		-f1: 0.7455081692400654
		-auroc: 0.9392478483826656
2026-06-10 11:37:25 - __main__ - INFO - Input matrix with LRGCSKDYPWHIQNVMTFEA encoding is removed.

2026-06-10 11:37:39 - __main__ - INFO - Input matrix with WPACDHLGVRFKYISNMEQT encoding is generated.
2026-06-10 11:43:24 - __main__ - INFO - WPACDHLGVRFKYISNMEQT encoding is done for multiclass task with:
	-custom
		-f1: 0.649760724733461
		-auroc: 0.8865327532609848
	-resnet
		-f1: 0.7764876377208215
		-auroc: 0.9489921255320499
2026-06-10 11:43:24 - __main__ - INFO - Input matrix with WPACDHLGVRFKYISNMEQT encoding is removed.

2026-06-10 11:43:38 - __main__ - INFO - Input matrix with CTPYFHILMGADREWQKVNS encoding is generated.
2026-06-10 11:49:29 - __main__ - INFO - CTPYFHILMGADREWQKVNS encoding is done for multiclass task with:
	-custom
		-f1: 0.6398654523268376
		-auroc: 0.8831127743650935
	-resnet
		-f1: 0.7531375355485751
		-auroc: 0.9409319262266329
2026-06-10 11:49:29 - __main__ - INFO - Input matrix with CTPYFHILMGADREWQKVNS encoding is removed.

2026-06-10 11:49:43 - __main__ - INFO - Input matrix with DLYQVFTHEPWKMAGSCINR encoding is generated.
2026-06-10 11:55:35 - __main__ - INFO - DLYQVFTHEPWKMAGSCINR encoding is done for multiclass task with:
	-custom
		-f1: 0.6512563386602448
		-auroc: 0.8845855607838334
	-resnet
		-f1: 0.77366719896075
		-auroc: 0.9388907152415318
2026-06-10 11:55:35 - __main__ - INFO - Input matrix with DLYQVFTHEPWKMAGSCINR encoding is removed.

2026-06-10 11:55:49 - __main__ - INFO - Input matrix with PIHGEYNDQKLWCRATSFVM encoding is generated.
2026-06-10 12:01:43 - __main__ - INFO - PIHGEYNDQKLWCRATSFVM encoding is done for multiclass task with:
	-custom
		-f1: 0.658496872310831
		-auroc: 0.8911252429338405
	-resnet
		-f1: 0.7828596530298588
		-auroc: 0.944101032319319
2026-06-10 12:01:43 - __main__ - INFO - Input matrix with PIHGEYNDQKLWCRATSFVM encoding is removed.

2026-06-10 12:01:57 - __main__ - INFO - Input matrix with SERCGLDPAKIQHWFVTNYM encoding is generated.
2026-06-10 12:07:46 - __main__ - INFO - SERCGLDPAKIQHWFVTNYM encoding is done for multiclass task with:
	-custom
		-f1: 0.6362892392454524
		-auroc: 0.8842419133864553
	-resnet
		-f1: 0.7599789867544533
		-auroc: 0.9399655032704428
2026-06-10 12:07:46 - __main__ - INFO - Input matrix with SERCGLDPAKIQHWFVTNYM encoding is removed.

2026-06-10 12:08:00 - __main__ - INFO - Input matrix with MGATNYFIWKPRVDSHCELQ encoding is generated.
2026-06-10 12:13:52 - __main__ - INFO - MGATNYFIWKPRVDSHCELQ encoding is done for multiclass task with:
	-custom
		-f1: 0.6475585983010352
		-auroc: 0.8862471068438337
	-resnet
		-f1: 0.7214999982596458
		-auroc: 0.936470944676541
2026-06-10 12:13:52 - __main__ - INFO - Input matrix with MGATNYFIWKPRVDSHCELQ encoding is removed.

2026-06-10 12:14:06 - __main__ - INFO - Input matrix with GQFCKRPSDEVTYMHNWLAI encoding is generated.
2026-06-10 12:19:52 - __main__ - INFO - GQFCKRPSDEVTYMHNWLAI encoding is done for multiclass task with:
	-custom
		-f1: 0.6385727337684397
		-auroc: 0.8850903889577687
	-resnet
		-f1: 0.7439165043422483
		-auroc: 0.9390492519520105
2026-06-10 12:19:52 - __main__ - INFO - Input matrix with GQFCKRPSDEVTYMHNWLAI encoding is removed.

2026-06-10 12:20:06 - __main__ - INFO - Input matrix with YVDEANTIGMQKPLRWSHFC encoding is generated.
2026-06-10 12:25:59 - __main__ - INFO - YVDEANTIGMQKPLRWSHFC encoding is done for multiclass task with:
	-custom
		-f1: 0.6288455684218398
		-auroc: 0.8842645129285464
	-resnet
		-f1: 0.7390209835309781
		-auroc: 0.9320992962102329
2026-06-10 12:25:59 - __main__ - INFO - Input matrix with YVDEANTIGMQKPLRWSHFC encoding is removed.

2026-06-10 12:26:13 - __main__ - INFO - Input matrix with NGVCLDRESKMTFHYIPAQW encoding is generated.
2026-06-10 12:32:07 - __main__ - INFO - NGVCLDRESKMTFHYIPAQW encoding is done for multiclass task with:
	-custom
		-f1: 0.6426064383250155
		-auroc: 0.8843539555910513
	-resnet
		-f1: 0.764973649967868
		-auroc: 0.9447341745193458
2026-06-10 12:32:07 - __main__ - INFO - Input matrix with NGVCLDRESKMTFHYIPAQW encoding is removed.

2026-06-10 12:32:21 - __main__ - INFO - Input matrix with DPRFVCMHYNLITQKSAGEW encoding is generated.
2026-06-10 12:38:13 - __main__ - INFO - DPRFVCMHYNLITQKSAGEW encoding is done for multiclass task with:
	-custom
		-f1: 0.6442095476894699
		-auroc: 0.8862850017966618
	-resnet
		-f1: 0.7809251251651181
		-auroc: 0.9378413693634581
2026-06-10 12:38:13 - __main__ - INFO - Input matrix with DPRFVCMHYNLITQKSAGEW encoding is removed.

2026-06-10 12:38:27 - __main__ - INFO - Input matrix with TMLKIVSRCYQNEFDGPAWH encoding is generated.
2026-06-10 12:44:19 - __main__ - INFO - TMLKIVSRCYQNEFDGPAWH encoding is done for multiclass task with:
	-custom
		-f1: 0.6449721762948133
		-auroc: 0.8839304246982598
	-resnet
		-f1: 0.7839548806193315
		-auroc: 0.9429341412725885
2026-06-10 12:44:19 - __main__ - INFO - Input matrix with TMLKIVSRCYQNEFDGPAWH encoding is removed.

2026-06-10 12:44:36 - __main__ - INFO - Input matrix with ERHGFMWCIVDNYQTKPSLA encoding is generated.
2026-06-10 12:50:25 - __main__ - INFO - ERHGFMWCIVDNYQTKPSLA encoding is done for multiclass task with:
	-custom
		-f1: 0.6322997358977529
		-auroc: 0.8823184211496031
	-resnet
		-f1: 0.771618259295354
		-auroc: 0.9424574808777907
2026-06-10 12:50:25 - __main__ - INFO - Input matrix with ERHGFMWCIVDNYQTKPSLA encoding is removed.

2026-06-10 12:50:39 - __main__ - INFO - Input matrix with VALWHTQKGPIERYSDFNMC encoding is generated.
2026-06-10 12:56:30 - __main__ - INFO - VALWHTQKGPIERYSDFNMC encoding is done for multiclass task with:
	-custom
		-f1: 0.6353345016210075
		-auroc: 0.8847731457452012
	-resnet
		-f1: 0.731635674547922
		-auroc: 0.9256884131209742
2026-06-10 12:56:30 - __main__ - INFO - Input matrix with VALWHTQKGPIERYSDFNMC encoding is removed.

2026-06-10 12:56:44 - __main__ - INFO - Input matrix with WFREASTPHDVLCMINYKGQ encoding is generated.
2026-06-10 13:02:39 - __main__ - INFO - WFREASTPHDVLCMINYKGQ encoding is done for multiclass task with:
	-custom
		-f1: 0.6335665192511245
		-auroc: 0.8847245401351458
	-resnet
		-f1: 0.7389014420213511
		-auroc: 0.9384591264449134
2026-06-10 13:02:39 - __main__ - INFO - Input matrix with WFREASTPHDVLCMINYKGQ encoding is removed.

2026-06-10 13:02:54 - __main__ - INFO - Input matrix with YTSKRLEQHMAWNGCVFIPD encoding is generated.
2026-06-10 13:08:48 - __main__ - INFO - YTSKRLEQHMAWNGCVFIPD encoding is done for multiclass task with:
	-custom
		-f1: 0.6337640728916062
		-auroc: 0.8839236138687376
	-resnet
		-f1: 0.7519235653755195
		-auroc: 0.938873109589592
2026-06-10 13:08:48 - __main__ - INFO - Input matrix with YTSKRLEQHMAWNGCVFIPD encoding is removed.

2026-06-10 13:09:03 - __main__ - INFO - Input matrix with MGRPEQKCLFNYWTVAHISD encoding is generated.
2026-06-10 13:14:57 - __main__ - INFO - MGRPEQKCLFNYWTVAHISD encoding is done for multiclass task with:
	-custom
		-f1: 0.652604576000088
		-auroc: 0.8852951007046785
	-resnet
		-f1: 0.7867961075061574
		-auroc: 0.945246750266385
2026-06-10 13:14:57 - __main__ - INFO - Input matrix with MGRPEQKCLFNYWTVAHISD encoding is removed.

2026-06-10 13:15:11 - __main__ - INFO - Input matrix with TECPDVASKQRWGNLIYHMF encoding is generated.
2026-06-10 13:21:09 - __main__ - INFO - TECPDVASKQRWGNLIYHMF encoding is done for multiclass task with:
	-custom
		-f1: 0.6463381545065585
		-auroc: 0.8874877524690155
	-resnet
		-f1: 0.7752322880105067
		-auroc: 0.9446660442104339
2026-06-10 13:21:09 - __main__ - INFO - Input matrix with TECPDVASKQRWGNLIYHMF encoding is removed.

2026-06-10 13:21:23 - __main__ - INFO - Input matrix with NQCFSHGIWRTVKMEPLYDA encoding is generated.
2026-06-10 13:27:18 - __main__ - INFO - NQCFSHGIWRTVKMEPLYDA encoding is done for multiclass task with:
	-custom
		-f1: 0.6394635269601048
		-auroc: 0.8817459597858607
	-resnet
		-f1: 0.7648710069383461
		-auroc: 0.9400418161841028
2026-06-10 13:27:18 - __main__ - INFO - Input matrix with NQCFSHGIWRTVKMEPLYDA encoding is removed.

2026-06-10 13:27:32 - __main__ - INFO - Input matrix with VQFPGTSEAYLKDMWIHCNR encoding is generated.
2026-06-10 13:33:26 - __main__ - INFO - VQFPGTSEAYLKDMWIHCNR encoding is done for multiclass task with:
	-custom
		-f1: 0.6412754085804611
		-auroc: 0.8834483784788439
	-resnet
		-f1: 0.7714581969119021
		-auroc: 0.9437286661209479
2026-06-10 13:33:26 - __main__ - INFO - Input matrix with VQFPGTSEAYLKDMWIHCNR encoding is removed.

2026-06-10 13:33:40 - __main__ - INFO - Input matrix with FPELMDASVQNRIYWCHGTK encoding is generated.
2026-06-10 13:39:29 - __main__ - INFO - FPELMDASVQNRIYWCHGTK encoding is done for multiclass task with:
	-custom
		-f1: 0.6543240935736078
		-auroc: 0.8839966519641257
	-resnet
		-f1: 0.7393584838363298
		-auroc: 0.9334763395978332
2026-06-10 13:39:29 - __main__ - INFO - Input matrix with FPELMDASVQNRIYWCHGTK encoding is removed.

2026-06-10 13:39:43 - __main__ - INFO - Input matrix with EWDVPKAGFCSYHMRQLINT encoding is generated.
2026-06-10 13:45:33 - __main__ - INFO - EWDVPKAGFCSYHMRQLINT encoding is done for multiclass task with:
	-custom
		-f1: 0.6385417554017249
		-auroc: 0.8824722097399145
	-resnet
		-f1: 0.7744954496093931
		-auroc: 0.9378930743447123
2026-06-10 13:45:33 - __main__ - INFO - Input matrix with EWDVPKAGFCSYHMRQLINT encoding is removed.

2026-06-10 13:45:47 - __main__ - INFO - Input matrix with VEWPSMFDGTAINCYQRLHK encoding is generated.
2026-06-10 13:51:41 - __main__ - INFO - VEWPSMFDGTAINCYQRLHK encoding is done for multiclass task with:
	-custom
		-f1: 0.6402595112952743
		-auroc: 0.8821061043555491
	-resnet
		-f1: 0.7321092734508773
		-auroc: 0.9344829029175541
2026-06-10 13:51:41 - __main__ - INFO - Input matrix with VEWPSMFDGTAINCYQRLHK encoding is removed.

2026-06-10 13:51:54 - __main__ - INFO - Input matrix with SVMLFQPDINAEGHYKWCRT encoding is generated.
2026-06-10 13:57:44 - __main__ - INFO - SVMLFQPDINAEGHYKWCRT encoding is done for multiclass task with:
	-custom
		-f1: 0.6399668906243532
		-auroc: 0.8862123818141822
	-resnet
		-f1: 0.7665235690736784
		-auroc: 0.9387447669354716
2026-06-10 13:57:44 - __main__ - INFO - Input matrix with SVMLFQPDINAEGHYKWCRT encoding is removed.

2026-06-10 13:57:59 - __main__ - INFO - Input matrix with NKYGAQRHLVTDSWMEPCIF encoding is generated.
2026-06-10 14:03:48 - __main__ - INFO - NKYGAQRHLVTDSWMEPCIF encoding is done for multiclass task with:
	-custom
		-f1: 0.6389764497867534
		-auroc: 0.8878475695302079
	-resnet
		-f1: 0.7461620438063624
		-auroc: 0.9375108975600396
2026-06-10 14:03:48 - __main__ - INFO - Input matrix with NKYGAQRHLVTDSWMEPCIF encoding is removed.

2026-06-10 14:04:03 - __main__ - INFO - Input matrix with SRGFLMDVTEKPAQYNWHIC encoding is generated.
2026-06-10 14:09:46 - __main__ - INFO - SRGFLMDVTEKPAQYNWHIC encoding is done for multiclass task with:
	-custom
		-f1: 0.6557149500007105
		-auroc: 0.8895285184600839
	-resnet
		-f1: 0.7575952299808122
		-auroc: 0.9406222878617363
2026-06-10 14:09:46 - __main__ - INFO - Input matrix with SRGFLMDVTEKPAQYNWHIC encoding is removed.

2026-06-10 14:10:00 - __main__ - INFO - Input matrix with PRSGCTANKEVWDMHYLQFI encoding is generated.
2026-06-10 14:15:51 - __main__ - INFO - PRSGCTANKEVWDMHYLQFI encoding is done for multiclass task with:
	-custom
		-f1: 0.6318170290005313
		-auroc: 0.8784204988248703
	-resnet
		-f1: 0.7756089214791259
		-auroc: 0.9427616679647862
2026-06-10 14:15:51 - __main__ - INFO - Input matrix with PRSGCTANKEVWDMHYLQFI encoding is removed.

2026-06-10 14:16:05 - __main__ - INFO - Input matrix with CVATSKWEPLMDRQFINHYG encoding is generated.
2026-06-10 14:21:48 - __main__ - INFO - CVATSKWEPLMDRQFINHYG encoding is done for multiclass task with:
	-custom
		-f1: 0.64255713452806
		-auroc: 0.8811176642015491
	-resnet
		-f1: 0.7584726774961882
		-auroc: 0.9405778328446125
2026-06-10 14:21:48 - __main__ - INFO - Input matrix with CVATSKWEPLMDRQFINHYG encoding is removed.

2026-06-10 14:22:02 - __main__ - INFO - Input matrix with YILVPNKFMQGSWHCARTDE encoding is generated.
2026-06-10 14:27:52 - __main__ - INFO - YILVPNKFMQGSWHCARTDE encoding is done for multiclass task with:
	-custom
		-f1: 0.6457152739236983
		-auroc: 0.8839905636024066
	-resnet
		-f1: 0.7547883975402618
		-auroc: 0.939360771920791
2026-06-10 14:27:52 - __main__ - INFO - Input matrix with YILVPNKFMQGSWHCARTDE encoding is removed.

2026-06-10 14:28:06 - __main__ - INFO - Input matrix with VHGSKFAMNCTELYDIRPWQ encoding is generated.
2026-06-10 14:33:55 - __main__ - INFO - VHGSKFAMNCTELYDIRPWQ encoding is done for multiclass task with:
	-custom
		-f1: 0.6405519490763584
		-auroc: 0.8801420902471147
	-resnet
		-f1: 0.7819642566691731
		-auroc: 0.9473927515958083
2026-06-10 14:33:55 - __main__ - INFO - Input matrix with VHGSKFAMNCTELYDIRPWQ encoding is removed.

2026-06-10 14:34:09 - __main__ - INFO - Input matrix with DYINFTVHCRSGMEQKALWP encoding is generated.
2026-06-10 14:39:58 - __main__ - INFO - DYINFTVHCRSGMEQKALWP encoding is done for multiclass task with:
	-custom
		-f1: 0.6387376160017589
		-auroc: 0.8826990930867422
	-resnet
		-f1: 0.7716268012218831
		-auroc: 0.936027550493567
2026-06-10 14:39:58 - __main__ - INFO - Input matrix with DYINFTVHCRSGMEQKALWP encoding is removed.

2026-06-10 14:40:12 - __main__ - INFO - Input matrix with SGEQTFARLNYMKHVICPDW encoding is generated.
2026-06-10 14:46:05 - __main__ - INFO - SGEQTFARLNYMKHVICPDW encoding is done for multiclass task with:
	-custom
		-f1: 0.6399074834831345
		-auroc: 0.8842764291988395
	-resnet
		-f1: 0.7934474541698907
		-auroc: 0.9452595525241024
2026-06-10 14:46:05 - __main__ - INFO - Input matrix with SGEQTFARLNYMKHVICPDW encoding is removed.

2026-06-10 14:46:19 - __main__ - INFO - Input matrix with MDCTKHAFGWELYIVRQSNP encoding is generated.
2026-06-10 14:52:10 - __main__ - INFO - MDCTKHAFGWELYIVRQSNP encoding is done for multiclass task with:
	-custom
		-f1: 0.6413167760964414
		-auroc: 0.8856342820952892
	-resnet
		-f1: 0.7398328310845886
		-auroc: 0.9372079349029165
2026-06-10 14:52:10 - __main__ - INFO - Input matrix with MDCTKHAFGWELYIVRQSNP encoding is removed.

2026-06-10 14:52:24 - __main__ - INFO - Input matrix with MFYPKCGTHNSIRAEWVDLQ encoding is generated.
2026-06-10 14:58:16 - __main__ - INFO - MFYPKCGTHNSIRAEWVDLQ encoding is done for multiclass task with:
	-custom
		-f1: 0.6428702943316834
		-auroc: 0.8862376491142154
	-resnet
		-f1: 0.7605995021982453
		-auroc: 0.9434036925355906
2026-06-10 14:58:16 - __main__ - INFO - Input matrix with MFYPKCGTHNSIRAEWVDLQ encoding is removed.

2026-06-10 14:58:30 - __main__ - INFO - Input matrix with KFMYENTLAWDHRPQGVSCI encoding is generated.
2026-06-10 15:04:25 - __main__ - INFO - KFMYENTLAWDHRPQGVSCI encoding is done for multiclass task with:
	-custom
		-f1: 0.6381144867977617
		-auroc: 0.8831599686520631
	-resnet
		-f1: 0.7595172707741685
		-auroc: 0.9426607474447988
2026-06-10 15:04:25 - __main__ - INFO - Input matrix with KFMYENTLAWDHRPQGVSCI encoding is removed.

2026-06-10 15:04:39 - __main__ - INFO - Input matrix with TSMVNDYHEIQCKFLGARWP encoding is generated.
2026-06-10 15:10:36 - __main__ - INFO - TSMVNDYHEIQCKFLGARWP encoding is done for multiclass task with:
	-custom
		-f1: 0.6424348237651784
		-auroc: 0.8887837410197286
	-resnet
		-f1: 0.7469510794664641
		-auroc: 0.938612297646318
2026-06-10 15:10:36 - __main__ - INFO - Input matrix with TSMVNDYHEIQCKFLGARWP encoding is removed.

2026-06-10 15:10:51 - __main__ - INFO - Input matrix with YRSDKFIPEQCHWMNTVGAL encoding is generated.
2026-06-10 15:16:45 - __main__ - INFO - YRSDKFIPEQCHWMNTVGAL encoding is done for multiclass task with:
	-custom
		-f1: 0.6375952476518248
		-auroc: 0.8812907340972576
	-resnet
		-f1: 0.7178891788419051
		-auroc: 0.9366288351987482
2026-06-10 15:16:45 - __main__ - INFO - Input matrix with YRSDKFIPEQCHWMNTVGAL encoding is removed.

2026-06-10 15:16:59 - __main__ - INFO - Input matrix with EKWSPTFRQYDINGMHALVC encoding is generated.
2026-06-10 15:22:48 - __main__ - INFO - EKWSPTFRQYDINGMHALVC encoding is done for multiclass task with:
	-custom
		-f1: 0.636789448343189
		-auroc: 0.8799085701972995
	-resnet
		-f1: 0.7108063522786121
		-auroc: 0.9363057826593393
2026-06-10 15:22:48 - __main__ - INFO - Input matrix with EKWSPTFRQYDINGMHALVC encoding is removed.

2026-06-10 15:23:02 - __main__ - INFO - Input matrix with NHFMAESTDLGPYWQIKRVC encoding is generated.
2026-06-10 15:28:54 - __main__ - INFO - NHFMAESTDLGPYWQIKRVC encoding is done for multiclass task with:
	-custom
		-f1: 0.6377385418467559
		-auroc: 0.8834709023991236
	-resnet
		-f1: 0.7123435459077514
		-auroc: 0.9366936852758887
2026-06-10 15:28:54 - __main__ - INFO - Input matrix with NHFMAESTDLGPYWQIKRVC encoding is removed.

2026-06-10 15:29:08 - __main__ - INFO - Input matrix with WKTNPCLMDVYHFGERQASI encoding is generated.
2026-06-10 15:34:58 - __main__ - INFO - WKTNPCLMDVYHFGERQASI encoding is done for multiclass task with:
	-custom
		-f1: 0.6386777983127463
		-auroc: 0.8829509813241087
	-resnet
		-f1: 0.7347979246389128
		-auroc: 0.9321705523656949
2026-06-10 15:34:58 - __main__ - INFO - Input matrix with WKTNPCLMDVYHFGERQASI encoding is removed.

2026-06-10 15:35:12 - __main__ - INFO - Input matrix with WPEDKSLMNVRGHFICTQAY encoding is generated.
2026-06-10 15:41:02 - __main__ - INFO - WPEDKSLMNVRGHFICTQAY encoding is done for multiclass task with:
	-custom
		-f1: 0.6379119537535931
		-auroc: 0.8828016542512529
	-resnet
		-f1: 0.7780939004247087
		-auroc: 0.940551293755696
2026-06-10 15:41:02 - __main__ - INFO - Input matrix with WPEDKSLMNVRGHFICTQAY encoding is removed.

2026-06-10 15:41:17 - __main__ - INFO - Input matrix with KMNQGALTPVCDFWYERSIH encoding is generated.
2026-06-10 15:47:06 - __main__ - INFO - KMNQGALTPVCDFWYERSIH encoding is done for multiclass task with:
	-custom
		-f1: 0.6419361091522027
		-auroc: 0.883894982383698
	-resnet
		-f1: 0.7582461551706453
		-auroc: 0.9423403092536644
2026-06-10 15:47:06 - __main__ - INFO - Input matrix with KMNQGALTPVCDFWYERSIH encoding is removed.

2026-06-10 15:47:20 - __main__ - INFO - Input matrix with TDSPVYMEQCGFRNKWALHI encoding is generated.
2026-06-10 15:53:10 - __main__ - INFO - TDSPVYMEQCGFRNKWALHI encoding is done for multiclass task with:
	-custom
		-f1: 0.640042590446229
		-auroc: 0.882011012698341
	-resnet
		-f1: 0.7667050282581928
		-auroc: 0.9428765060682451
2026-06-10 15:53:10 - __main__ - INFO - Input matrix with TDSPVYMEQCGFRNKWALHI encoding is removed.

2026-06-10 15:53:24 - __main__ - INFO - Input matrix with CVATDHSPGKYWNQMEIRFL encoding is generated.
2026-06-10 15:59:12 - __main__ - INFO - CVATDHSPGKYWNQMEIRFL encoding is done for multiclass task with:
	-custom
		-f1: 0.6369381071982232
		-auroc: 0.8838826847332747
	-resnet
		-f1: 0.7680329605976028
		-auroc: 0.9426656694905928
2026-06-10 15:59:12 - __main__ - INFO - Input matrix with CVATDHSPGKYWNQMEIRFL encoding is removed.

2026-06-10 15:59:26 - __main__ - INFO - Input matrix with GMIAHPTCYEQKNDFLVWSR encoding is generated.
2026-06-10 16:05:15 - __main__ - INFO - GMIAHPTCYEQKNDFLVWSR encoding is done for multiclass task with:
	-custom
		-f1: 0.6454199781260057
		-auroc: 0.8858287666935709
	-resnet
		-f1: 0.7595094034791394
		-auroc: 0.9385418646166908
2026-06-10 16:05:15 - __main__ - INFO - Input matrix with GMIAHPTCYEQKNDFLVWSR encoding is removed.

2026-06-10 16:05:29 - __main__ - INFO - Input matrix with QWRCNGDAEHVPLYMSKIFT encoding is generated.
2026-06-10 16:11:20 - __main__ - INFO - QWRCNGDAEHVPLYMSKIFT encoding is done for multiclass task with:
	-custom
		-f1: 0.6306463345694102
		-auroc: 0.8867423582622864
	-resnet
		-f1: 0.7607773781685193
		-auroc: 0.9405428244027391
2026-06-10 16:11:20 - __main__ - INFO - Input matrix with QWRCNGDAEHVPLYMSKIFT encoding is removed.

2026-06-10 16:11:34 - __main__ - INFO - Input matrix with HVQLMYRWFTADICKNESPG encoding is generated.
2026-06-10 16:17:22 - __main__ - INFO - HVQLMYRWFTADICKNESPG encoding is done for multiclass task with:
	-custom
		-f1: 0.6419554226318307
		-auroc: 0.8837931563236101
	-resnet
		-f1: 0.7391760150703821
		-auroc: 0.9411981476296619
2026-06-10 16:17:22 - __main__ - INFO - Input matrix with HVQLMYRWFTADICKNESPG encoding is removed.

2026-06-10 16:17:36 - __main__ - INFO - Input matrix with RGQILDNKPYAVECMFWHST encoding is generated.
2026-06-10 16:23:28 - __main__ - INFO - RGQILDNKPYAVECMFWHST encoding is done for multiclass task with:
	-custom
		-f1: 0.6392646518728788
		-auroc: 0.8805783426678282
	-resnet
		-f1: 0.7581546499014316
		-auroc: 0.9404031075054584
2026-06-10 16:23:28 - __main__ - INFO - Input matrix with RGQILDNKPYAVECMFWHST encoding is removed.

2026-06-10 16:23:42 - __main__ - INFO - Input matrix with PNMHLGSDVWKCYEARQFTI encoding is generated.
2026-06-10 16:29:32 - __main__ - INFO - PNMHLGSDVWKCYEARQFTI encoding is done for multiclass task with:
	-custom
		-f1: 0.6415472519166523
		-auroc: 0.882813276954364
	-resnet
		-f1: 0.7631374662657702
		-auroc: 0.9434004898419598
2026-06-10 16:29:32 - __main__ - INFO - Input matrix with PNMHLGSDVWKCYEARQFTI encoding is removed.

2026-06-10 16:29:46 - __main__ - INFO - Input matrix with DKQIHYRCMNSTLFAVWPEG encoding is generated.
2026-06-10 16:35:37 - __main__ - INFO - DKQIHYRCMNSTLFAVWPEG encoding is done for multiclass task with:
	-custom
		-f1: 0.6537775646340112
		-auroc: 0.887243688880935
	-resnet
		-f1: 0.7550317724126892
		-auroc: 0.9342830811409272
2026-06-10 16:35:37 - __main__ - INFO - Input matrix with DKQIHYRCMNSTLFAVWPEG encoding is removed.

2026-06-10 16:35:51 - __main__ - INFO - Input matrix with INTGQSHVPFWRMYKALDCE encoding is generated.
2026-06-10 16:41:42 - __main__ - INFO - INTGQSHVPFWRMYKALDCE encoding is done for multiclass task with:
	-custom
		-f1: 0.6396294597948722
		-auroc: 0.882976851314865
	-resnet
		-f1: 0.7597314596831263
		-auroc: 0.9414913657873314
2026-06-10 16:41:42 - __main__ - INFO - Input matrix with INTGQSHVPFWRMYKALDCE encoding is removed.

2026-06-10 16:41:56 - __main__ - INFO - Input matrix with PAWHSCNGTLMDYQRVKFEI encoding is generated.
2026-06-10 16:47:48 - __main__ - INFO - PAWHSCNGTLMDYQRVKFEI encoding is done for multiclass task with:
	-custom
		-f1: 0.6377675110946222
		-auroc: 0.8822149085326704
	-resnet
		-f1: 0.713009920249368
		-auroc: 0.9240147902006068
2026-06-10 16:47:48 - __main__ - INFO - Input matrix with PAWHSCNGTLMDYQRVKFEI encoding is removed.

2026-06-10 16:48:02 - __main__ - INFO - Input matrix with AQEGMRCYTNFISVLKDPWH encoding is generated.
2026-06-10 16:53:53 - __main__ - INFO - AQEGMRCYTNFISVLKDPWH encoding is done for multiclass task with:
	-custom
		-f1: 0.6456242308356609
		-auroc: 0.88543490268707
	-resnet
		-f1: 0.7566778338612427
		-auroc: 0.9408183403162665
2026-06-10 16:53:53 - __main__ - INFO - Input matrix with AQEGMRCYTNFISVLKDPWH encoding is removed.

2026-06-10 16:54:07 - __main__ - INFO - Input matrix with GAQKTRSIYCFEMHVWPNDL encoding is generated.
2026-06-10 16:59:53 - __main__ - INFO - GAQKTRSIYCFEMHVWPNDL encoding is done for multiclass task with:
	-custom
		-f1: 0.6498764963013165
		-auroc: 0.8840322829444883
	-resnet
		-f1: 0.780612232694924
		-auroc: 0.944174997752772
2026-06-10 16:59:53 - __main__ - INFO - Input matrix with GAQKTRSIYCFEMHVWPNDL encoding is removed.

2026-06-10 17:00:07 - __main__ - INFO - Input matrix with HLECNSGPVFIAMWTRKDYQ encoding is generated.
2026-06-10 17:05:59 - __main__ - INFO - HLECNSGPVFIAMWTRKDYQ encoding is done for multiclass task with:
	-custom
		-f1: 0.6550482323427023
		-auroc: 0.8881750420229416
	-resnet
		-f1: 0.7441618776877493
		-auroc: 0.9379649645154788
2026-06-10 17:05:59 - __main__ - INFO - Input matrix with HLECNSGPVFIAMWTRKDYQ encoding is removed.

2026-06-10 17:06:13 - __main__ - INFO - Input matrix with SIAHDMLNRFKVGPQYETWC encoding is generated.
2026-06-10 17:12:03 - __main__ - INFO - SIAHDMLNRFKVGPQYETWC encoding is done for multiclass task with:
	-custom
		-f1: 0.6353186954343947
		-auroc: 0.8810242740156069
	-resnet
		-f1: 0.7645691607836783
		-auroc: 0.9383978204591299
2026-06-10 17:12:03 - __main__ - INFO - Input matrix with SIAHDMLNRFKVGPQYETWC encoding is removed.

2026-06-10 17:12:17 - __main__ - INFO - Input matrix with AKGDWTHFIYMSERCVQNPL encoding is generated.
2026-06-10 17:18:09 - __main__ - INFO - AKGDWTHFIYMSERCVQNPL encoding is done for multiclass task with:
	-custom
		-f1: 0.644644622986706
		-auroc: 0.881693492811172
	-resnet
		-f1: 0.7703222623995412
		-auroc: 0.9424304954516446
2026-06-10 17:18:09 - __main__ - INFO - Input matrix with AKGDWTHFIYMSERCVQNPL encoding is removed.

2026-06-10 17:18:23 - __main__ - INFO - Input matrix with QSPECYGRALIWDTNKHMFV encoding is generated.
2026-06-10 17:24:15 - __main__ - INFO - QSPECYGRALIWDTNKHMFV encoding is done for multiclass task with:
	-custom
		-f1: 0.629133227340476
		-auroc: 0.8842865853152538
	-resnet
		-f1: 0.7382978770083917
		-auroc: 0.9300453197250297
2026-06-10 17:24:15 - __main__ - INFO - Input matrix with QSPECYGRALIWDTNKHMFV encoding is removed.

2026-06-10 17:24:29 - __main__ - INFO - Input matrix with MHWFGARYITQLKCDEVSNP encoding is generated.
2026-06-10 17:30:18 - __main__ - INFO - MHWFGARYITQLKCDEVSNP encoding is done for multiclass task with:
	-custom
		-f1: 0.6369015393860993
		-auroc: 0.8849916249636092
	-resnet
		-f1: 0.7625276196202811
		-auroc: 0.9417498684158974
2026-06-10 17:30:18 - __main__ - INFO - Input matrix with MHWFGARYITQLKCDEVSNP encoding is removed.

2026-06-10 17:30:32 - __main__ - INFO - Input matrix with IHNEQGRCYFDTKLPAVMSW encoding is generated.
2026-06-10 17:36:23 - __main__ - INFO - IHNEQGRCYFDTKLPAVMSW encoding is done for multiclass task with:
	-custom
		-f1: 0.639478251386306
		-auroc: 0.8892775478615687
	-resnet
		-f1: 0.7711671052090884
		-auroc: 0.9459415340175805
2026-06-10 17:36:23 - __main__ - INFO - Input matrix with IHNEQGRCYFDTKLPAVMSW encoding is removed.

2026-06-10 17:36:37 - __main__ - INFO - Input matrix with FEHVQIPGTSDLWCRKYMAN encoding is generated.
2026-06-10 17:42:24 - __main__ - INFO - FEHVQIPGTSDLWCRKYMAN encoding is done for multiclass task with:
	-custom
		-f1: 0.6511269587908914
		-auroc: 0.8867882557120623
	-resnet
		-f1: 0.7367460937740927
		-auroc: 0.9358260453603524
2026-06-10 17:42:24 - __main__ - INFO - Input matrix with FEHVQIPGTSDLWCRKYMAN encoding is removed.

2026-06-10 17:42:38 - __main__ - INFO - Input matrix with SKLAGWFMQVHERNYPDCTI encoding is generated.
2026-06-10 17:48:29 - __main__ - INFO - SKLAGWFMQVHERNYPDCTI encoding is done for multiclass task with:
	-custom
		-f1: 0.6551732633842217
		-auroc: 0.8853206088197005
	-resnet
		-f1: 0.7373071621027538
		-auroc: 0.9290150756254671
2026-06-10 17:48:29 - __main__ - INFO - Input matrix with SKLAGWFMQVHERNYPDCTI encoding is removed.

2026-06-10 17:48:43 - __main__ - INFO - Input matrix with GWNEVQLSIDATKYFPRMCH encoding is generated.
2026-06-10 17:54:32 - __main__ - INFO - GWNEVQLSIDATKYFPRMCH encoding is done for multiclass task with:
	-custom
		-f1: 0.6519524750825649
		-auroc: 0.8861973757621756
	-resnet
		-f1: 0.7449536003627371
		-auroc: 0.9355792912945431
2026-06-10 17:54:32 - __main__ - INFO - Input matrix with GWNEVQLSIDATKYFPRMCH encoding is removed.

2026-06-10 17:54:47 - __main__ - INFO - Input matrix with GKISLDYVWPTEQRHNCFAM encoding is generated.
2026-06-10 18:00:36 - __main__ - INFO - GKISLDYVWPTEQRHNCFAM encoding is done for multiclass task with:
	-custom
		-f1: 0.6477146909999794
		-auroc: 0.884722982183567
	-resnet
		-f1: 0.7498157377757041
		-auroc: 0.9401794127892849
2026-06-10 18:00:36 - __main__ - INFO - Input matrix with GKISLDYVWPTEQRHNCFAM encoding is removed.

2026-06-10 18:00:50 - __main__ - INFO - Input matrix with LKNYAWVPTIDERGQCHFSM encoding is generated.
2026-06-10 18:06:42 - __main__ - INFO - LKNYAWVPTIDERGQCHFSM encoding is done for multiclass task with:
	-custom
		-f1: 0.6381736996027099
		-auroc: 0.8838721474013621
	-resnet
		-f1: 0.7714581405752334
		-auroc: 0.9393632281751627
2026-06-10 18:06:42 - __main__ - INFO - Input matrix with LKNYAWVPTIDERGQCHFSM encoding is removed.

2026-06-10 18:06:56 - __main__ - INFO - Input matrix with AENPVFCHQSIWKTGRYDML encoding is generated.
2026-06-10 18:12:44 - __main__ - INFO - AENPVFCHQSIWKTGRYDML encoding is done for multiclass task with:
	-custom
		-f1: 0.6291352859662517
		-auroc: 0.8829275007124142
	-resnet
		-f1: 0.7688516987829471
		-auroc: 0.9405320035997617
2026-06-10 18:12:44 - __main__ - INFO - Input matrix with AENPVFCHQSIWKTGRYDML encoding is removed.

2026-06-10 18:12:58 - __main__ - INFO - Input matrix with YLFMSEQGVICAHDKRNWTP encoding is generated.
2026-06-10 18:18:51 - __main__ - INFO - YLFMSEQGVICAHDKRNWTP encoding is done for multiclass task with:
	-custom
		-f1: 0.657944329455569
		-auroc: 0.8883225083609354
	-resnet
		-f1: 0.764407551812442
		-auroc: 0.9414761946969357
2026-06-10 18:18:51 - __main__ - INFO - Input matrix with YLFMSEQGVICAHDKRNWTP encoding is removed.

2026-06-10 18:19:05 - __main__ - INFO - Input matrix with YKWQSFACMNPIERGHTDVL encoding is generated.
2026-06-10 18:24:53 - __main__ - INFO - YKWQSFACMNPIERGHTDVL encoding is done for multiclass task with:
	-custom
		-f1: 0.6481681645007975
		-auroc: 0.8859376557840788
	-resnet
		-f1: 0.7627048746716698
		-auroc: 0.9440628386398233
2026-06-10 18:24:53 - __main__ - INFO - Input matrix with YKWQSFACMNPIERGHTDVL encoding is removed.

2026-06-10 18:25:07 - __main__ - INFO - Input matrix with GVYQFWDALMSEIKNRPTHC encoding is generated.
2026-06-10 18:30:52 - __main__ - INFO - GVYQFWDALMSEIKNRPTHC encoding is done for multiclass task with:
	-custom
		-f1: 0.6604098653696971
		-auroc: 0.8893182604554403
	-resnet
		-f1: 0.7719154635506584
		-auroc: 0.9466675853189213
2026-06-10 18:30:52 - __main__ - INFO - Input matrix with GVYQFWDALMSEIKNRPTHC encoding is removed.

2026-06-10 18:31:06 - __main__ - INFO - Input matrix with EVCTGWDLYQFIRKHMNSPA encoding is generated.
2026-06-10 18:36:57 - __main__ - INFO - EVCTGWDLYQFIRKHMNSPA encoding is done for multiclass task with:
	-custom
		-f1: 0.6423675590462875
		-auroc: 0.8850624618974283
	-resnet
		-f1: 0.7557656863377106
		-auroc: 0.9426466932149186
2026-06-10 18:36:57 - __main__ - INFO - Input matrix with EVCTGWDLYQFIRKHMNSPA encoding is removed.

2026-06-10 18:37:11 - __main__ - INFO - Input matrix with KYNGDHIFESLQPWTCARVM encoding is generated.
2026-06-10 18:43:04 - __main__ - INFO - KYNGDHIFESLQPWTCARVM encoding is done for multiclass task with:
	-custom
		-f1: 0.6492377865069054
		-auroc: 0.8848654158170681
	-resnet
		-f1: 0.7146149165603988
		-auroc: 0.9314239571449878
2026-06-10 18:43:04 - __main__ - INFO - Input matrix with KYNGDHIFESLQPWTCARVM encoding is removed.

2026-06-10 18:43:18 - __main__ - INFO - Input matrix with KPQHLCSGNTAERDYVMIWF encoding is generated.
2026-06-10 18:49:12 - __main__ - INFO - KPQHLCSGNTAERDYVMIWF encoding is done for multiclass task with:
	-custom
		-f1: 0.6566376450218401
		-auroc: 0.8882052783879686
	-resnet
		-f1: 0.7394383563688807
		-auroc: 0.9378835187675726
2026-06-10 18:49:12 - __main__ - INFO - Input matrix with KPQHLCSGNTAERDYVMIWF encoding is removed.

2026-06-10 18:49:26 - __main__ - INFO - Input matrix with SFKDEMPYCNHVTILGWRAQ encoding is generated.
2026-06-10 18:55:20 - __main__ - INFO - SFKDEMPYCNHVTILGWRAQ encoding is done for multiclass task with:
	-custom
		-f1: 0.6469591060689335
		-auroc: 0.8833921787752488
	-resnet
		-f1: 0.7815019898836546
		-auroc: 0.9395876652592348
2026-06-10 18:55:20 - __main__ - INFO - Input matrix with SFKDEMPYCNHVTILGWRAQ encoding is removed.

2026-06-10 18:55:34 - __main__ - INFO - Input matrix with ILQYNMPVWTSCHEDRKAFG encoding is generated.
2026-06-10 19:01:27 - __main__ - INFO - ILQYNMPVWTSCHEDRKAFG encoding is done for multiclass task with:
	-custom
		-f1: 0.647848893980802
		-auroc: 0.8872144351744513
	-resnet
		-f1: 0.7805414329318641
		-auroc: 0.9448319667798823
2026-06-10 19:01:27 - __main__ - INFO - Input matrix with ILQYNMPVWTSCHEDRKAFG encoding is removed.

2026-06-10 19:01:41 - __main__ - INFO - Input matrix with NTWKVIPHAFLQCSYGEMDR encoding is generated.
2026-06-10 19:07:30 - __main__ - INFO - NTWKVIPHAFLQCSYGEMDR encoding is done for multiclass task with:
	-custom
		-f1: 0.6685502017949123
		-auroc: 0.8881113571256083
	-resnet
		-f1: 0.7633167039813218
		-auroc: 0.9372173491243103
2026-06-10 19:07:30 - __main__ - INFO - Input matrix with NTWKVIPHAFLQCSYGEMDR encoding is removed.

2026-06-10 19:07:44 - __main__ - INFO - Input matrix with IRQFYTLWCGDVKMENASHP encoding is generated.
2026-06-10 19:13:35 - __main__ - INFO - IRQFYTLWCGDVKMENASHP encoding is done for multiclass task with:
	-custom
		-f1: 0.6396236862117614
		-auroc: 0.8820147402206674
	-resnet
		-f1: 0.747273989169847
		-auroc: 0.9332458314175744
2026-06-10 19:13:35 - __main__ - INFO - Input matrix with IRQFYTLWCGDVKMENASHP encoding is removed.

2026-06-10 19:13:49 - __main__ - INFO - Input matrix with MWASERKLNPYQFCVGTHID encoding is generated.
2026-06-10 19:19:36 - __main__ - INFO - MWASERKLNPYQFCVGTHID encoding is done for multiclass task with:
	-custom
		-f1: 0.6424029983492362
		-auroc: 0.8872851849093626
	-resnet
		-f1: 0.7642912313152301
		-auroc: 0.9417808506087904
2026-06-10 19:19:36 - __main__ - INFO - Input matrix with MWASERKLNPYQFCVGTHID encoding is removed.

2026-06-10 19:19:50 - __main__ - INFO - Input matrix with RKDNYQVASGWELCMFIHTP encoding is generated.
2026-06-10 19:25:38 - __main__ - INFO - RKDNYQVASGWELCMFIHTP encoding is done for multiclass task with:
	-custom
		-f1: 0.6371359218172631
		-auroc: 0.8851708501183371
	-resnet
		-f1: 0.7685713218187493
		-auroc: 0.9438376838835134
2026-06-10 19:25:38 - __main__ - INFO - Input matrix with RKDNYQVASGWELCMFIHTP encoding is removed.

2026-06-10 19:25:52 - __main__ - INFO - Input matrix with HCSGLPWTFEADRNKVMIQY encoding is generated.
2026-06-10 19:31:43 - __main__ - INFO - HCSGLPWTFEADRNKVMIQY encoding is done for multiclass task with:
	-custom
		-f1: 0.6428051035637452
		-auroc: 0.8827604127793244
	-resnet
		-f1: 0.7751614665456057
		-auroc: 0.9442633969645204
2026-06-10 19:31:43 - __main__ - INFO - Input matrix with HCSGLPWTFEADRNKVMIQY encoding is removed.

2026-06-10 19:31:57 - __main__ - INFO - Input matrix with NTDWMYICSFLRKAGVQPEH encoding is generated.
2026-06-10 19:37:48 - __main__ - INFO - NTDWMYICSFLRKAGVQPEH encoding is done for multiclass task with:
	-custom
		-f1: 0.6559431026419187
		-auroc: 0.8886435166001172
	-resnet
		-f1: 0.7709958658975014
		-auroc: 0.942694221691139
2026-06-10 19:37:48 - __main__ - INFO - Input matrix with NTDWMYICSFLRKAGVQPEH encoding is removed.

2026-06-10 19:38:02 - __main__ - INFO - Input matrix with GRYPVQHFLDMKAIEWNSCT encoding is generated.
2026-06-10 19:43:53 - __main__ - INFO - GRYPVQHFLDMKAIEWNSCT encoding is done for multiclass task with:
	-custom
		-f1: 0.6397313446768583
		-auroc: 0.8850397360657286
	-resnet
		-f1: 0.7580940563795067
		-auroc: 0.9377337021926968
2026-06-10 19:43:53 - __main__ - INFO - Input matrix with GRYPVQHFLDMKAIEWNSCT encoding is removed.

2026-06-10 19:44:07 - __main__ - INFO - Input matrix with SPKDCEMNGAWTYHRQLFVI encoding is generated.
2026-06-10 19:49:58 - __main__ - INFO - SPKDCEMNGAWTYHRQLFVI encoding is done for multiclass task with:
	-custom
		-f1: 0.6395353342959794
		-auroc: 0.8843637345238641
	-resnet
		-f1: 0.7703814718329347
		-auroc: 0.948569781434489
2026-06-10 19:49:58 - __main__ - INFO - Input matrix with SPKDCEMNGAWTYHRQLFVI encoding is removed.

2026-06-10 19:50:12 - __main__ - INFO - Input matrix with LSCKMVPFQDHNGYTWRIAE encoding is generated.
2026-06-10 19:56:05 - __main__ - INFO - LSCKMVPFQDHNGYTWRIAE encoding is done for multiclass task with:
	-custom
		-f1: 0.6367940297001098
		-auroc: 0.8836450451568012
	-resnet
		-f1: 0.7555081928957418
		-auroc: 0.933914123533256
2026-06-10 19:56:05 - __main__ - INFO - Input matrix with LSCKMVPFQDHNGYTWRIAE encoding is removed.

2026-06-10 19:56:19 - __main__ - INFO - Input matrix with NDYWSLTARKQFVEMHCIGP encoding is generated.
2026-06-10 20:02:11 - __main__ - INFO - NDYWSLTARKQFVEMHCIGP encoding is done for multiclass task with:
	-custom
		-f1: 0.6375396831037626
		-auroc: 0.8839023199752389
	-resnet
		-f1: 0.7694925212677111
		-auroc: 0.94206034024087
2026-06-10 20:02:11 - __main__ - INFO - Input matrix with NDYWSLTARKQFVEMHCIGP encoding is removed.

2026-06-10 20:02:25 - __main__ - INFO - Input matrix with ESQNLGYPWDMKATIVFHRC encoding is generated.
2026-06-10 20:08:16 - __main__ - INFO - ESQNLGYPWDMKATIVFHRC encoding is done for multiclass task with:
	-custom
		-f1: 0.633559280462967
		-auroc: 0.881473871326276
	-resnet
		-f1: 0.7762388941074094
		-auroc: 0.9409951513944048
2026-06-10 20:08:16 - __main__ - INFO - Input matrix with ESQNLGYPWDMKATIVFHRC encoding is removed.

2026-06-10 20:08:30 - __main__ - INFO - Input matrix with NYRALKCFETHQDIPMGVWS encoding is generated.
2026-06-10 20:14:11 - __main__ - INFO - NYRALKCFETHQDIPMGVWS encoding is done for multiclass task with:
	-custom
		-f1: 0.6512482822267092
		-auroc: 0.8853869017360619
	-resnet
		-f1: 0.756393232187542
		-auroc: 0.9334817184903781
2026-06-10 20:14:11 - __main__ - INFO - Input matrix with NYRALKCFETHQDIPMGVWS encoding is removed.

2026-06-10 20:14:25 - __main__ - INFO - Input matrix with CTDLNIEQFYSAMRKWPVHG encoding is generated.
2026-06-10 20:20:15 - __main__ - INFO - CTDLNIEQFYSAMRKWPVHG encoding is done for multiclass task with:
	-custom
		-f1: 0.6448771061017528
		-auroc: 0.8864908055297118
	-resnet
		-f1: 0.7781342457107677
		-auroc: 0.9448597757822024
2026-06-10 20:20:15 - __main__ - INFO - Input matrix with CTDLNIEQFYSAMRKWPVHG encoding is removed.

2026-06-10 20:20:29 - __main__ - INFO - Input matrix with LGSPCNARTVYEKMIWHDFQ encoding is generated.
2026-06-10 20:26:19 - __main__ - INFO - LGSPCNARTVYEKMIWHDFQ encoding is done for multiclass task with:
	-custom
		-f1: 0.649686575083403
		-auroc: 0.8807216500069815
	-resnet
		-f1: 0.7286597837272324
		-auroc: 0.9358048957270878
2026-06-10 20:26:19 - __main__ - INFO - Input matrix with LGSPCNARTVYEKMIWHDFQ encoding is removed.

2026-06-10 20:26:33 - __main__ - INFO - Input matrix with FCVSELNTHIYARPWMQKDG encoding is generated.
2026-06-10 20:32:27 - __main__ - INFO - FCVSELNTHIYARPWMQKDG encoding is done for multiclass task with:
	-custom
		-f1: 0.650897834515774
		-auroc: 0.8808014062601199
	-resnet
		-f1: 0.777503420682294
		-auroc: 0.9405146260936285
2026-06-10 20:32:27 - __main__ - INFO - Input matrix with FCVSELNTHIYARPWMQKDG encoding is removed.

2026-06-10 20:32:41 - __main__ - INFO - Input matrix with QCEIGHPVMWFRLYSKTNAD encoding is generated.
2026-06-10 20:38:32 - __main__ - INFO - QCEIGHPVMWFRLYSKTNAD encoding is done for multiclass task with:
	-custom
		-f1: 0.6425111902437661
		-auroc: 0.885992214037528
	-resnet
		-f1: 0.7326962691785018
		-auroc: 0.9315601944566957
2026-06-10 20:38:32 - __main__ - INFO - Input matrix with QCEIGHPVMWFRLYSKTNAD encoding is removed.

2026-06-10 20:38:46 - __main__ - INFO - Input matrix with KGLTWCFRMPHQANSEYVID encoding is generated.
2026-06-10 20:44:36 - __main__ - INFO - KGLTWCFRMPHQANSEYVID encoding is done for multiclass task with:
	-custom
		-f1: 0.6526707561115217
		-auroc: 0.8886677259248448
	-resnet
		-f1: 0.744122984676525
		-auroc: 0.9398785163079111
2026-06-10 20:44:36 - __main__ - INFO - Input matrix with KGLTWCFRMPHQANSEYVID encoding is removed.

2026-06-10 20:44:50 - __main__ - INFO - Input matrix with NWLFACVDETQKRHYPISGM encoding is generated.
2026-06-10 20:50:33 - __main__ - INFO - NWLFACVDETQKRHYPISGM encoding is done for multiclass task with:
	-custom
		-f1: 0.6535800213850171
		-auroc: 0.8854404895090152
	-resnet
		-f1: 0.7649721379699844
		-auroc: 0.9419347333631283
2026-06-10 20:50:33 - __main__ - INFO - Input matrix with NWLFACVDETQKRHYPISGM encoding is removed.

2026-06-10 20:50:47 - __main__ - INFO - Input matrix with PQVDSGKTHLNYWRACEMFI encoding is generated.
2026-06-10 20:56:39 - __main__ - INFO - PQVDSGKTHLNYWRACEMFI encoding is done for multiclass task with:
	-custom
		-f1: 0.6440927831314731
		-auroc: 0.8824962673844811
	-resnet
		-f1: 0.7491450528955265
		-auroc: 0.9353764153896691
2026-06-10 20:56:39 - __main__ - INFO - Input matrix with PQVDSGKTHLNYWRACEMFI encoding is removed.

2026-06-10 20:56:53 - __main__ - INFO - Input matrix with EKPVDMISTNGAWYHQFCLR encoding is generated.
2026-06-10 21:02:45 - __main__ - INFO - EKPVDMISTNGAWYHQFCLR encoding is done for multiclass task with:
	-custom
		-f1: 0.6410947679859355
		-auroc: 0.8840118404954744
	-resnet
		-f1: 0.7611333412187293
		-auroc: 0.9398982550468377
2026-06-10 21:02:45 - __main__ - INFO - Input matrix with EKPVDMISTNGAWYHQFCLR encoding is removed.

2026-06-10 21:02:59 - __main__ - INFO - Input matrix with YGFEKQNHMLWRCPDIATVS encoding is generated.
2026-06-10 21:08:46 - __main__ - INFO - YGFEKQNHMLWRCPDIATVS encoding is done for multiclass task with:
	-custom
		-f1: 0.6421656351994914
		-auroc: 0.8811762385266361
	-resnet
		-f1: 0.7368567581426173
		-auroc: 0.9421109968358727
2026-06-10 21:08:46 - __main__ - INFO - Input matrix with YGFEKQNHMLWRCPDIATVS encoding is removed.

2026-06-10 21:09:00 - __main__ - INFO - Input matrix with PYTSEQRWGKHFLNVMIACD encoding is generated.
2026-06-10 21:14:47 - __main__ - INFO - PYTSEQRWGKHFLNVMIACD encoding is done for multiclass task with:
	-custom
		-f1: 0.6331257276671496
		-auroc: 0.8820568754567051
	-resnet
		-f1: 0.770931473007819
		-auroc: 0.9423921768498091
2026-06-10 21:14:47 - __main__ - INFO - Input matrix with PYTSEQRWGKHFLNVMIACD encoding is removed.

2026-06-10 21:15:01 - __main__ - INFO - Input matrix with IEKGMRSYDACVNHPQTFWL encoding is generated.
2026-06-10 21:20:53 - __main__ - INFO - IEKGMRSYDACVNHPQTFWL encoding is done for multiclass task with:
	-custom
		-f1: 0.6370355742582441
		-auroc: 0.8824462827933995
	-resnet
		-f1: 0.7780003308286212
		-auroc: 0.9411097632477382
2026-06-10 21:20:53 - __main__ - INFO - Input matrix with IEKGMRSYDACVNHPQTFWL encoding is removed.

2026-06-10 21:21:07 - __main__ - INFO - Input matrix with GPQLDTWRNCMAIFHSKVYE encoding is generated.
2026-06-10 21:26:58 - __main__ - INFO - GPQLDTWRNCMAIFHSKVYE encoding is done for multiclass task with:
	-custom
		-f1: 0.6479183822955396
		-auroc: 0.8864602158339882
	-resnet
		-f1: 0.7841129735934157
		-auroc: 0.9422959956360888
2026-06-10 21:26:58 - __main__ - INFO - Input matrix with GPQLDTWRNCMAIFHSKVYE encoding is removed.

2026-06-10 21:27:12 - __main__ - INFO - Input matrix with TEILKSNFCYVGAPHWQDRM encoding is generated.
2026-06-10 21:32:58 - __main__ - INFO - TEILKSNFCYVGAPHWQDRM encoding is done for multiclass task with:
	-custom
		-f1: 0.6518055485621911
		-auroc: 0.8833672400299916
	-resnet
		-f1: 0.7657911794613429
		-auroc: 0.938992565631868
2026-06-10 21:32:58 - __main__ - INFO - Input matrix with TEILKSNFCYVGAPHWQDRM encoding is removed.

2026-06-10 21:33:12 - __main__ - INFO - Input matrix with GHCFDMKQNWPETYILSRAV encoding is generated.
2026-06-10 21:39:02 - __main__ - INFO - GHCFDMKQNWPETYILSRAV encoding is done for multiclass task with:
	-custom
		-f1: 0.6313114004357431
		-auroc: 0.8825727026617443
	-resnet
		-f1: 0.7592439080583848
		-auroc: 0.9409598134839371
2026-06-10 21:39:03 - __main__ - INFO - Input matrix with GHCFDMKQNWPETYILSRAV encoding is removed.

2026-06-10 21:39:17 - __main__ - INFO - Input matrix with QYFPMVDKCESRGITLHAWN encoding is generated.
2026-06-10 21:45:09 - __main__ - INFO - QYFPMVDKCESRGITLHAWN encoding is done for multiclass task with:
	-custom
		-f1: 0.6459544503190078
		-auroc: 0.8860743496098029
	-resnet
		-f1: 0.772675965600957
		-auroc: 0.9471438437570221
2026-06-10 21:45:09 - __main__ - INFO - Input matrix with QYFPMVDKCESRGITLHAWN encoding is removed.

2026-06-10 21:45:23 - __main__ - INFO - Input matrix with LFGTPEYMIQKRDSHVANWC encoding is generated.
2026-06-10 21:51:12 - __main__ - INFO - LFGTPEYMIQKRDSHVANWC encoding is done for multiclass task with:
	-custom
		-f1: 0.645986082042258
		-auroc: 0.8891823254763984
	-resnet
		-f1: 0.7384219981336326
		-auroc: 0.9399457283212532
2026-06-10 21:51:12 - __main__ - INFO - Input matrix with LFGTPEYMIQKRDSHVANWC encoding is removed.

2026-06-10 21:51:26 - __main__ - INFO - Input matrix with KEQFDNSLCHRWAPGMYTIV encoding is generated.
2026-06-10 21:57:19 - __main__ - INFO - KEQFDNSLCHRWAPGMYTIV encoding is done for multiclass task with:
	-custom
		-f1: 0.6554246647890624
		-auroc: 0.8845225712356557
	-resnet
		-f1: 0.7779952846617496
		-auroc: 0.9428682219788584
2026-06-10 21:57:19 - __main__ - INFO - Input matrix with KEQFDNSLCHRWAPGMYTIV encoding is removed.

2026-06-10 21:57:33 - __main__ - INFO - Input matrix with LPVYHSDKCAGINMWRQETF encoding is generated.
2026-06-10 22:03:23 - __main__ - INFO - LPVYHSDKCAGINMWRQETF encoding is done for multiclass task with:
	-custom
		-f1: 0.6531777214534061
		-auroc: 0.8846146289832804
	-resnet
		-f1: 0.727115126544251
		-auroc: 0.9348708097697527
2026-06-10 22:03:23 - __main__ - INFO - Input matrix with LPVYHSDKCAGINMWRQETF encoding is removed.

2026-06-10 22:03:37 - __main__ - INFO - Input matrix with ITHVQLPSDNFAYRGEMWCK encoding is generated.
2026-06-10 22:09:26 - __main__ - INFO - ITHVQLPSDNFAYRGEMWCK encoding is done for multiclass task with:
	-custom
		-f1: 0.6438418889824288
		-auroc: 0.8855798794763604
	-resnet
		-f1: 0.7521544947493422
		-auroc: 0.9385759470681767
2026-06-10 22:09:26 - __main__ - INFO - Input matrix with ITHVQLPSDNFAYRGEMWCK encoding is removed.

2026-06-10 22:09:40 - __main__ - INFO - Input matrix with RYDFIWHQNTKMCVALGPSE encoding is generated.
2026-06-10 22:15:33 - __main__ - INFO - RYDFIWHQNTKMCVALGPSE encoding is done for multiclass task with:
	-custom
		-f1: 0.6409876484754492
		-auroc: 0.8816715094980336
	-resnet
		-f1: 0.7554591465331066
		-auroc: 0.9349940931633307
2026-06-10 22:15:33 - __main__ - INFO - Input matrix with RYDFIWHQNTKMCVALGPSE encoding is removed.

2026-06-10 22:15:47 - __main__ - INFO - Input matrix with QWFMPTKGLDRYSEIANVCH encoding is generated.
2026-06-10 22:21:39 - __main__ - INFO - QWFMPTKGLDRYSEIANVCH encoding is done for multiclass task with:
	-custom
		-f1: 0.6464737098352745
		-auroc: 0.8804799366082628
	-resnet
		-f1: 0.7647160105052032
		-auroc: 0.9391257464600983
2026-06-10 22:21:39 - __main__ - INFO - Input matrix with QWFMPTKGLDRYSEIANVCH encoding is removed.

2026-06-10 22:21:53 - __main__ - INFO - Input matrix with FWQMAKGSIEPTYRVLCHND encoding is generated.
2026-06-10 22:27:45 - __main__ - INFO - FWQMAKGSIEPTYRVLCHND encoding is done for multiclass task with:
	-custom
		-f1: 0.6563974361232714
		-auroc: 0.8889206171566117
	-resnet
		-f1: 0.761428297143018
		-auroc: 0.9398344669015042
2026-06-10 22:27:45 - __main__ - INFO - Input matrix with FWQMAKGSIEPTYRVLCHND encoding is removed.

2026-06-10 22:27:59 - __main__ - INFO - Input matrix with GCNDYIFMARWHQKTLESVP encoding is generated.
2026-06-10 22:33:50 - __main__ - INFO - GCNDYIFMARWHQKTLESVP encoding is done for multiclass task with:
	-custom
		-f1: 0.6239825772163505
		-auroc: 0.8758263999110264
	-resnet
		-f1: 0.7571150808039696
		-auroc: 0.937949560548849
2026-06-10 22:33:50 - __main__ - INFO - Input matrix with GCNDYIFMARWHQKTLESVP encoding is removed.

2026-06-10 22:34:04 - __main__ - INFO - Input matrix with WYPKQEIDFTRNSGAMVHCL encoding is generated.
2026-06-10 22:39:56 - __main__ - INFO - WYPKQEIDFTRNSGAMVHCL encoding is done for multiclass task with:
	-custom
		-f1: 0.6479125240125083
		-auroc: 0.8873115898963727
	-resnet
		-f1: 0.7750152724885145
		-auroc: 0.9424636406485242
2026-06-10 22:39:56 - __main__ - INFO - Input matrix with WYPKQEIDFTRNSGAMVHCL encoding is removed.

2026-06-10 22:40:10 - __main__ - INFO - Input matrix with NLWQHASRECYGMPDIKFVT encoding is generated.
2026-06-10 22:45:59 - __main__ - INFO - NLWQHASRECYGMPDIKFVT encoding is done for multiclass task with:
	-custom
		-f1: 0.6477294377821183
		-auroc: 0.8798233078152317
	-resnet
		-f1: 0.7649872084127568
		-auroc: 0.9421528219057402
2026-06-10 22:45:59 - __main__ - INFO - Input matrix with NLWQHASRECYGMPDIKFVT encoding is removed.

2026-06-10 22:46:13 - __main__ - INFO - Input matrix with ISLFPMCDGYQEWKHNRTVA encoding is generated.
2026-06-10 22:52:06 - __main__ - INFO - ISLFPMCDGYQEWKHNRTVA encoding is done for multiclass task with:
	-custom
		-f1: 0.6483839760855388
		-auroc: 0.8832404561197377
	-resnet
		-f1: 0.7448406065447937
		-auroc: 0.9404970878113781
2026-06-10 22:52:06 - __main__ - INFO - Input matrix with ISLFPMCDGYQEWKHNRTVA encoding is removed.

2026-06-10 22:52:20 - __main__ - INFO - Input matrix with HKGSFQTLWEAIVPYRCMDN encoding is generated.
2026-06-10 22:58:14 - __main__ - INFO - HKGSFQTLWEAIVPYRCMDN encoding is done for multiclass task with:
	-custom
		-f1: 0.649814610679515
		-auroc: 0.8857085066116156
	-resnet
		-f1: 0.7577692029775522
		-auroc: 0.9378686436641559
2026-06-10 22:58:14 - __main__ - INFO - Input matrix with HKGSFQTLWEAIVPYRCMDN encoding is removed.

2026-06-10 22:58:28 - __main__ - INFO - Input matrix with WEAHQNDVYICPTGFMKLRS encoding is generated.
2026-06-10 23:04:17 - __main__ - INFO - WEAHQNDVYICPTGFMKLRS encoding is done for multiclass task with:
	-custom
		-f1: 0.6278339542545337
		-auroc: 0.8780106282705695
	-resnet
		-f1: 0.7484261669260287
		-auroc: 0.9387275105076233
2026-06-10 23:04:17 - __main__ - INFO - Input matrix with WEAHQNDVYICPTGFMKLRS encoding is removed.

2026-06-10 23:04:31 - __main__ - INFO - Input matrix with PMSWNHKLTQECVFRIAGDY encoding is generated.
2026-06-10 23:10:23 - __main__ - INFO - PMSWNHKLTQECVFRIAGDY encoding is done for multiclass task with:
	-custom
		-f1: 0.6398371739342418
		-auroc: 0.883928899259241
	-resnet
		-f1: 0.771663679285596
		-auroc: 0.9443428104534884
2026-06-10 23:10:23 - __main__ - INFO - Input matrix with PMSWNHKLTQECVFRIAGDY encoding is removed.

2026-06-10 23:10:37 - __main__ - INFO - Input matrix with GTQWHASDCIPYKMLFNRVE encoding is generated.
2026-06-10 23:16:20 - __main__ - INFO - GTQWHASDCIPYKMLFNRVE encoding is done for multiclass task with:
	-custom
		-f1: 0.6577165112925387
		-auroc: 0.886854797533738
	-resnet
		-f1: 0.7753435210414048
		-auroc: 0.9411983686370877
2026-06-10 23:16:20 - __main__ - INFO - Input matrix with GTQWHASDCIPYKMLFNRVE encoding is removed.

2026-06-10 23:16:34 - __main__ - INFO - Input matrix with PLATKFVIDWHNCYMGERSQ encoding is generated.
2026-06-10 23:22:26 - __main__ - INFO - PLATKFVIDWHNCYMGERSQ encoding is done for multiclass task with:
	-custom
		-f1: 0.6368982969178427
		-auroc: 0.882881864639889
	-resnet
		-f1: 0.7697596475811785
		-auroc: 0.9433374857894379
2026-06-10 23:22:26 - __main__ - INFO - Input matrix with PLATKFVIDWHNCYMGERSQ encoding is removed.

2026-06-10 23:22:40 - __main__ - INFO - Input matrix with EFDAGHLPSIMCNVQRKYWT encoding is generated.
2026-06-10 23:28:32 - __main__ - INFO - EFDAGHLPSIMCNVQRKYWT encoding is done for multiclass task with:
	-custom
		-f1: 0.6410403622388053
		-auroc: 0.8795138933658961
	-resnet
		-f1: 0.7636190029284091
		-auroc: 0.9389515992235058
2026-06-10 23:28:32 - __main__ - INFO - Input matrix with EFDAGHLPSIMCNVQRKYWT encoding is removed.

2026-06-10 23:28:46 - __main__ - INFO - Input matrix with SNEQIVRMDPGTLFHCYKWA encoding is generated.
2026-06-10 23:34:36 - __main__ - INFO - SNEQIVRMDPGTLFHCYKWA encoding is done for multiclass task with:
	-custom
		-f1: 0.6495299803726111
		-auroc: 0.8841119712611855
	-resnet
		-f1: 0.7367328726117321
		-auroc: 0.9290094887058817
2026-06-10 23:34:36 - __main__ - INFO - Input matrix with SNEQIVRMDPGTLFHCYKWA encoding is removed.

2026-06-10 23:34:50 - __main__ - INFO - Input matrix with MYPFHGDQSARTVEKLWINC encoding is generated.
2026-06-10 23:40:43 - __main__ - INFO - MYPFHGDQSARTVEKLWINC encoding is done for multiclass task with:
	-custom
		-f1: 0.6667606341477126
		-auroc: 0.887367303157446
	-resnet
		-f1: 0.7512961922326871
		-auroc: 0.9371808092965177
2026-06-10 23:40:43 - __main__ - INFO - Input matrix with MYPFHGDQSARTVEKLWINC encoding is removed.

2026-06-10 23:40:57 - __main__ - INFO - Input matrix with ERNIQLKYMVTHWADSCGFP encoding is generated.
2026-06-10 23:46:49 - __main__ - INFO - ERNIQLKYMVTHWADSCGFP encoding is done for multiclass task with:
	-custom
		-f1: 0.6491861321093355
		-auroc: 0.8862197928360533
	-resnet
		-f1: 0.7577668561156781
		-auroc: 0.9401536600882698
2026-06-10 23:46:49 - __main__ - INFO - Input matrix with ERNIQLKYMVTHWADSCGFP encoding is removed.

2026-06-10 23:47:03 - __main__ - INFO - Input matrix with NQLMWRSPVDFIGEHKATYC encoding is generated.
2026-06-10 23:52:55 - __main__ - INFO - NQLMWRSPVDFIGEHKATYC encoding is done for multiclass task with:
	-custom
		-f1: 0.6427796793115702
		-auroc: 0.8830205407567512
	-resnet
		-f1: 0.7476265580331544
		-auroc: 0.9385019279659526
2026-06-10 23:52:55 - __main__ - INFO - Input matrix with NQLMWRSPVDFIGEHKATYC encoding is removed.

2026-06-10 23:53:09 - __main__ - INFO - Input matrix with APFLTMSHEGRWKDYNVIQC encoding is generated.
2026-06-10 23:59:01 - __main__ - INFO - APFLTMSHEGRWKDYNVIQC encoding is done for multiclass task with:
	-custom
		-f1: 0.635487558963187
		-auroc: 0.8868143712958284
	-resnet
		-f1: 0.7420865762448502
		-auroc: 0.9381870821571106
2026-06-10 23:59:01 - __main__ - INFO - Input matrix with APFLTMSHEGRWKDYNVIQC encoding is removed.

2026-06-10 23:59:15 - __main__ - INFO - Input matrix with DQSLIFNMCAWRPGKEYVHT encoding is generated.
2026-06-11 00:05:06 - __main__ - INFO - DQSLIFNMCAWRPGKEYVHT encoding is done for multiclass task with:
	-custom
		-f1: 0.6583673194962923
		-auroc: 0.8872388081534799
	-resnet
		-f1: 0.7567534036403758
		-auroc: 0.9397660816997812
2026-06-11 00:05:06 - __main__ - INFO - Input matrix with DQSLIFNMCAWRPGKEYVHT encoding is removed.

2026-06-11 00:05:21 - __main__ - INFO - Input matrix with HSIWRCFEAMTDLGKQNPYV encoding is generated.
2026-06-11 00:11:13 - __main__ - INFO - HSIWRCFEAMTDLGKQNPYV encoding is done for multiclass task with:
	-custom
		-f1: 0.6416389645917738
		-auroc: 0.8841748503510429
	-resnet
		-f1: 0.7719628000227685
		-auroc: 0.9440267466220552
2026-06-11 00:11:13 - __main__ - INFO - Input matrix with HSIWRCFEAMTDLGKQNPYV encoding is removed.

2026-06-11 00:11:27 - __main__ - INFO - Input matrix with PENCMYKVAGIHQLFDRTSW encoding is generated.
2026-06-11 00:17:22 - __main__ - INFO - PENCMYKVAGIHQLFDRTSW encoding is done for multiclass task with:
	-custom
		-f1: 0.6554564021251534
		-auroc: 0.8811103870117002
	-resnet
		-f1: 0.759494671502478
		-auroc: 0.9414449293833733
2026-06-11 00:17:22 - __main__ - INFO - Input matrix with PENCMYKVAGIHQLFDRTSW encoding is removed.

2026-06-11 00:17:36 - __main__ - INFO - Input matrix with YQDSVHNIALGPCKFEMTWR encoding is generated.
2026-06-11 00:23:25 - __main__ - INFO - YQDSVHNIALGPCKFEMTWR encoding is done for multiclass task with:
	-custom
		-f1: 0.6276259190379402
		-auroc: 0.8799848457749789
	-resnet
		-f1: 0.7583576486672146
		-auroc: 0.9427871341432578
2026-06-11 00:23:25 - __main__ - INFO - Input matrix with YQDSVHNIALGPCKFEMTWR encoding is removed.

2026-06-11 00:23:39 - __main__ - INFO - Input matrix with ESDFKTGWVHMNCRYPLQIA encoding is generated.
2026-06-11 00:29:29 - __main__ - INFO - ESDFKTGWVHMNCRYPLQIA encoding is done for multiclass task with:
	-custom
		-f1: 0.6349076883932665
		-auroc: 0.8834353982570058
	-resnet
		-f1: 0.7614024008244622
		-auroc: 0.9429912092210838
2026-06-11 00:29:29 - __main__ - INFO - Input matrix with ESDFKTGWVHMNCRYPLQIA encoding is removed.

2026-06-11 00:29:43 - __main__ - INFO - Input matrix with RLPSFKYIDQWVHECTGNAM encoding is generated.
2026-06-11 00:35:35 - __main__ - INFO - RLPSFKYIDQWVHECTGNAM encoding is done for multiclass task with:
	-custom
		-f1: 0.6365529972184083
		-auroc: 0.8815948224738342
	-resnet
		-f1: 0.7538612141620321
		-auroc: 0.9402898741731528
2026-06-11 00:35:35 - __main__ - INFO - Input matrix with RLPSFKYIDQWVHECTGNAM encoding is removed.

2026-06-11 00:35:48 - __main__ - INFO - Input matrix with ALNVKQDCTMESWHFPIYRG encoding is generated.
2026-06-11 00:41:38 - __main__ - INFO - ALNVKQDCTMESWHFPIYRG encoding is done for multiclass task with:
	-custom
		-f1: 0.6302941725692411
		-auroc: 0.8803293655134959
	-resnet
		-f1: 0.7421686025009675
		-auroc: 0.9377418526027546
2026-06-11 00:41:38 - __main__ - INFO - Input matrix with ALNVKQDCTMESWHFPIYRG encoding is removed.

2026-06-11 00:41:52 - __main__ - INFO - Input matrix with CTMDVEFPQNAIWKYGLSRH encoding is generated.
2026-06-11 00:47:44 - __main__ - INFO - CTMDVEFPQNAIWKYGLSRH encoding is done for multiclass task with:
	-custom
		-f1: 0.635073265341126
		-auroc: 0.8797115068437724
	-resnet
		-f1: 0.7566472122504345
		-auroc: 0.9386686581130361
2026-06-11 00:47:44 - __main__ - INFO - Input matrix with CTMDVEFPQNAIWKYGLSRH encoding is removed.

2026-06-11 00:47:58 - __main__ - INFO - Input matrix with LGENKSQHYIFCAWDVMTRP encoding is generated.
2026-06-11 00:53:45 - __main__ - INFO - LGENKSQHYIFCAWDVMTRP encoding is done for multiclass task with:
	-custom
		-f1: 0.6280735487801156
		-auroc: 0.8801349087930441
	-resnet
		-f1: 0.7765301900327722
		-auroc: 0.9460562770813941
2026-06-11 00:53:45 - __main__ - INFO - Input matrix with LGENKSQHYIFCAWDVMTRP encoding is removed.

2026-06-11 00:53:59 - __main__ - INFO - Input matrix with QIRNMTHKLDAPWVEGFYCS encoding is generated.
2026-06-11 00:59:51 - __main__ - INFO - QIRNMTHKLDAPWVEGFYCS encoding is done for multiclass task with:
	-custom
		-f1: 0.6429701662243128
		-auroc: 0.8860565338056938
	-resnet
		-f1: 0.7662460192889462
		-auroc: 0.9431737251082429
2026-06-11 00:59:51 - __main__ - INFO - Input matrix with QIRNMTHKLDAPWVEGFYCS encoding is removed.

2026-06-11 01:00:05 - __main__ - INFO - Input matrix with KMVATSYDCFILHRWPGQEN encoding is generated.
2026-06-11 01:05:58 - __main__ - INFO - KMVATSYDCFILHRWPGQEN encoding is done for multiclass task with:
	-custom
		-f1: 0.6393612177466584
		-auroc: 0.8835671339741987
	-resnet
		-f1: 0.7860551411126906
		-auroc: 0.9452237235197163
2026-06-11 01:05:58 - __main__ - INFO - Input matrix with KMVATSYDCFILHRWPGQEN encoding is removed.

2026-06-11 01:06:12 - __main__ - INFO - Input matrix with LAFRTDVYCNPHSIMWKGEQ encoding is generated.
2026-06-11 01:12:06 - __main__ - INFO - LAFRTDVYCNPHSIMWKGEQ encoding is done for multiclass task with:
	-custom
		-f1: 0.6339367621940356
		-auroc: 0.8809785309037881
	-resnet
		-f1: 0.7769073954405522
		-auroc: 0.9461542725384765
2026-06-11 01:12:06 - __main__ - INFO - Input matrix with LAFRTDVYCNPHSIMWKGEQ encoding is removed.

2026-06-11 01:12:20 - __main__ - INFO - Input matrix with CLFEHKGPTRDYNWIQSMVA encoding is generated.
2026-06-11 01:18:10 - __main__ - INFO - CLFEHKGPTRDYNWIQSMVA encoding is done for multiclass task with:
	-custom
		-f1: 0.6334122026251531
		-auroc: 0.8824274235422624
	-resnet
		-f1: 0.7706583258063422
		-auroc: 0.9410158864150553
2026-06-11 01:18:10 - __main__ - INFO - Input matrix with CLFEHKGPTRDYNWIQSMVA encoding is removed.

2026-06-11 01:18:25 - __main__ - INFO - Input matrix with YFPTMQCWDALVHIRGKNES encoding is generated.
2026-06-11 01:24:14 - __main__ - INFO - YFPTMQCWDALVHIRGKNES encoding is done for multiclass task with:
	-custom
		-f1: 0.6352283159844211
		-auroc: 0.88079476829663
	-resnet
		-f1: 0.7801523747116408
		-auroc: 0.9449906779871258
2026-06-11 01:24:14 - __main__ - INFO - Input matrix with YFPTMQCWDALVHIRGKNES encoding is removed.

2026-06-11 01:24:28 - __main__ - INFO - Input matrix with INGHSCWFPLDRKAQYMTEV encoding is generated.
2026-06-11 01:30:20 - __main__ - INFO - INGHSCWFPLDRKAQYMTEV encoding is done for multiclass task with:
	-custom
		-f1: 0.6477321058641249
		-auroc: 0.8790857398815952
	-resnet
		-f1: 0.7537924749001708
		-auroc: 0.9366643790976328
2026-06-11 01:30:20 - __main__ - INFO - Input matrix with INGHSCWFPLDRKAQYMTEV encoding is removed.

2026-06-11 01:30:34 - __main__ - INFO - Input matrix with APLDKHQIREVGCTYMSWNF encoding is generated.
2026-06-11 01:36:28 - __main__ - INFO - APLDKHQIREVGCTYMSWNF encoding is done for multiclass task with:
	-custom
		-f1: 0.6495743609756526
		-auroc: 0.8866716800677402
	-resnet
		-f1: 0.7559891527076931
		-auroc: 0.9379757670705638
2026-06-11 01:36:28 - __main__ - INFO - Input matrix with APLDKHQIREVGCTYMSWNF encoding is removed.

2026-06-11 01:36:42 - __main__ - INFO - Input matrix with IANWVKERSYHQDMCGFPTL encoding is generated.
2026-06-11 01:42:35 - __main__ - INFO - IANWVKERSYHQDMCGFPTL encoding is done for multiclass task with:
	-custom
		-f1: 0.6428861742505652
		-auroc: 0.8800026969805778
	-resnet
		-f1: 0.7125013024414489
		-auroc: 0.927938196943223
2026-06-11 01:42:35 - __main__ - INFO - Input matrix with IANWVKERSYHQDMCGFPTL encoding is removed.

2026-06-11 01:42:50 - __main__ - INFO - Input matrix with IHVCGWSQNAMREDFYPTKL encoding is generated.
2026-06-11 01:48:39 - __main__ - INFO - IHVCGWSQNAMREDFYPTKL encoding is done for multiclass task with:
	-custom
		-f1: 0.6357644620942755
		-auroc: 0.8855962576110086
	-resnet
		-f1: 0.7689533622824896
		-auroc: 0.9428123918308311
2026-06-11 01:48:39 - __main__ - INFO - Input matrix with IHVCGWSQNAMREDFYPTKL encoding is removed.

2026-06-11 01:48:53 - __main__ - INFO - Input matrix with CISLPWYDRGAQFMVETHKN encoding is generated.
2026-06-11 01:54:42 - __main__ - INFO - CISLPWYDRGAQFMVETHKN encoding is done for multiclass task with:
	-custom
		-f1: 0.6467505599211181
		-auroc: 0.8854860041264254
	-resnet
		-f1: 0.7551663874008356
		-auroc: 0.9404455552379698
2026-06-11 01:54:42 - __main__ - INFO - Input matrix with CISLPWYDRGAQFMVETHKN encoding is removed.

2026-06-11 01:54:56 - __main__ - INFO - Input matrix with AFNQSTMYCEWHRDGLVIKP encoding is generated.
2026-06-11 02:00:49 - __main__ - INFO - AFNQSTMYCEWHRDGLVIKP encoding is done for multiclass task with:
	-custom
		-f1: 0.6345020009815705
		-auroc: 0.8786521818791266
	-resnet
		-f1: 0.7688937618300351
		-auroc: 0.9446969776998955
2026-06-11 02:00:49 - __main__ - INFO - Input matrix with AFNQSTMYCEWHRDGLVIKP encoding is removed.

2026-06-11 02:01:03 - __main__ - INFO - Input matrix with HTWLEINVARSDGPCKFYQM encoding is generated.
2026-06-11 02:06:49 - __main__ - INFO - HTWLEINVARSDGPCKFYQM encoding is done for multiclass task with:
	-custom
		-f1: 0.6471733257931469
		-auroc: 0.8884751647650309
	-resnet
		-f1: 0.761144911870856
		-auroc: 0.9388695555422617
2026-06-11 02:06:49 - __main__ - INFO - Input matrix with HTWLEINVARSDGPCKFYQM encoding is removed.

2026-06-11 02:07:03 - __main__ - INFO - Input matrix with WDYIKNMAQVFESRCTPLHG encoding is generated.
2026-06-11 02:12:53 - __main__ - INFO - WDYIKNMAQVFESRCTPLHG encoding is done for multiclass task with:
	-custom
		-f1: 0.6523926954920468
		-auroc: 0.8833179235632457
	-resnet
		-f1: 0.754717995630606
		-auroc: 0.9398088233253235
2026-06-11 02:12:53 - __main__ - INFO - Input matrix with WDYIKNMAQVFESRCTPLHG encoding is removed.

2026-06-11 02:13:07 - __main__ - INFO - Input matrix with VICWFTAYNLPRMGDEKQSH encoding is generated.
2026-06-11 02:18:58 - __main__ - INFO - VICWFTAYNLPRMGDEKQSH encoding is done for multiclass task with:
	-custom
		-f1: 0.6454030135886345
		-auroc: 0.8778210440470525
	-resnet
		-f1: 0.7720744099623922
		-auroc: 0.9389246707145865
2026-06-11 02:18:58 - __main__ - INFO - Input matrix with VICWFTAYNLPRMGDEKQSH encoding is removed.

2026-06-11 02:19:12 - __main__ - INFO - Input matrix with THFPARWLDNSIVMYCEKGQ encoding is generated.
2026-06-11 02:25:03 - __main__ - INFO - THFPARWLDNSIVMYCEKGQ encoding is done for multiclass task with:
	-custom
		-f1: 0.6494234453534304
		-auroc: 0.8869193274970646
	-resnet
		-f1: 0.7533664083512441
		-auroc: 0.9372601880329177
2026-06-11 02:25:03 - __main__ - INFO - Input matrix with THFPARWLDNSIVMYCEKGQ encoding is removed.

2026-06-11 02:25:18 - __main__ - INFO - Input matrix with YRMSVKGHAPFTIEWNQLCD encoding is generated.
2026-06-11 02:31:09 - __main__ - INFO - YRMSVKGHAPFTIEWNQLCD encoding is done for multiclass task with:
	-custom
		-f1: 0.6434884279380519
		-auroc: 0.8836097747760577
	-resnet
		-f1: 0.7688317865092843
		-auroc: 0.9398706857530958
2026-06-11 02:31:09 - __main__ - INFO - Input matrix with YRMSVKGHAPFTIEWNQLCD encoding is removed.

2026-06-11 02:31:24 - __main__ - INFO - Input matrix with FDHQVNYIWMAKTSCLGRPE encoding is generated.
2026-06-11 02:37:14 - __main__ - INFO - FDHQVNYIWMAKTSCLGRPE encoding is done for multiclass task with:
	-custom
		-f1: 0.6422255122627802
		-auroc: 0.8858338786225126
	-resnet
		-f1: 0.7591338379632421
		-auroc: 0.9451200698645597
2026-06-11 02:37:14 - __main__ - INFO - Input matrix with FDHQVNYIWMAKTSCLGRPE encoding is removed.

2026-06-11 02:37:28 - __main__ - INFO - Input matrix with NFWDHQSVGPTEIYCKALMR encoding is generated.
2026-06-11 02:43:17 - __main__ - INFO - NFWDHQSVGPTEIYCKALMR encoding is done for multiclass task with:
	-custom
		-f1: 0.6326587958451814
		-auroc: 0.8805128488834526
	-resnet
		-f1: 0.7618562024185749
		-auroc: 0.9437585333648023
2026-06-11 02:43:17 - __main__ - INFO - Input matrix with NFWDHQSVGPTEIYCKALMR encoding is removed.

2026-06-11 02:43:31 - __main__ - INFO - Input matrix with TIRAQESDNMVFPWKHYCLG encoding is generated.
2026-06-11 02:49:24 - __main__ - INFO - TIRAQESDNMVFPWKHYCLG encoding is done for multiclass task with:
	-custom
		-f1: 0.6487226614918914
		-auroc: 0.8841713963074209
	-resnet
		-f1: 0.7320530239560697
		-auroc: 0.9402355798670434
2026-06-11 02:49:24 - __main__ - INFO - Input matrix with TIRAQESDNMVFPWKHYCLG encoding is removed.

2026-06-11 02:49:38 - __main__ - INFO - Input matrix with FALQKEVMCGRSHIPYWNTD encoding is generated.
2026-06-11 02:55:31 - __main__ - INFO - FALQKEVMCGRSHIPYWNTD encoding is done for multiclass task with:
	-custom
		-f1: 0.6456473931070972
		-auroc: 0.8816841406571635
	-resnet
		-f1: 0.7048920557380182
		-auroc: 0.9241101750000219
2026-06-11 02:55:31 - __main__ - INFO - Input matrix with FALQKEVMCGRSHIPYWNTD encoding is removed.

2026-06-11 02:55:45 - __main__ - INFO - Input matrix with APTFHEWCVDKLIMRNSYGQ encoding is generated.
2026-06-11 03:01:35 - __main__ - INFO - APTFHEWCVDKLIMRNSYGQ encoding is done for multiclass task with:
	-custom
		-f1: 0.6475179382192288
		-auroc: 0.8848288876466844
	-resnet
		-f1: 0.7736390504117558
		-auroc: 0.9424018518154422
2026-06-11 03:01:35 - __main__ - INFO - Input matrix with APTFHEWCVDKLIMRNSYGQ encoding is removed.

2026-06-11 03:01:49 - __main__ - INFO - Input matrix with QITRLYKGCPVDHMNFSAEW encoding is generated.
2026-06-11 03:07:41 - __main__ - INFO - QITRLYKGCPVDHMNFSAEW encoding is done for multiclass task with:
	-custom
		-f1: 0.6585091740994135
		-auroc: 0.8849744083557752
	-resnet
		-f1: 0.728997117609389
		-auroc: 0.9276763468887641
2026-06-11 03:07:41 - __main__ - INFO - Input matrix with QITRLYKGCPVDHMNFSAEW encoding is removed.

2026-06-11 03:07:56 - __main__ - INFO - Input matrix with VMNDKQFPTIAWLRECHSGY encoding is generated.
2026-06-11 03:13:45 - __main__ - INFO - VMNDKQFPTIAWLRECHSGY encoding is done for multiclass task with:
	-custom
		-f1: 0.6349327878948612
		-auroc: 0.8756098377238584
	-resnet
		-f1: 0.7629573574867141
		-auroc: 0.9351470072376736
2026-06-11 03:13:45 - __main__ - INFO - Input matrix with VMNDKQFPTIAWLRECHSGY encoding is removed.

2026-06-11 03:14:00 - __main__ - INFO - Input matrix with AIEQWTSVFNMGHKDPLCYR encoding is generated.
2026-06-11 03:19:49 - __main__ - INFO - AIEQWTSVFNMGHKDPLCYR encoding is done for multiclass task with:
	-custom
		-f1: 0.6546138916627643
		-auroc: 0.8860554807806889
	-resnet
		-f1: 0.7681724720156375
		-auroc: 0.9392441497031193
2026-06-11 03:19:49 - __main__ - INFO - Input matrix with AIEQWTSVFNMGHKDPLCYR encoding is removed.

2026-06-11 03:20:03 - __main__ - INFO - Input matrix with KWHFDCNRPEYLMIGTQSAV encoding is generated.
2026-06-11 03:25:52 - __main__ - INFO - KWHFDCNRPEYLMIGTQSAV encoding is done for multiclass task with:
	-custom
		-f1: 0.6370027353628537
		-auroc: 0.8862259858886095
	-resnet
		-f1: 0.7685288365799778
		-auroc: 0.9458375224006049
2026-06-11 03:25:52 - __main__ - INFO - Input matrix with KWHFDCNRPEYLMIGTQSAV encoding is removed.

2026-06-11 03:26:06 - __main__ - INFO - Input matrix with LMWKPQHTNEFGSVACYIDR encoding is generated.
2026-06-11 03:31:58 - __main__ - INFO - LMWKPQHTNEFGSVACYIDR encoding is done for multiclass task with:
	-custom
		-f1: 0.6371480890831318
		-auroc: 0.8843624047006777
	-resnet
		-f1: 0.7362855832715363
		-auroc: 0.9340246371059454
2026-06-11 03:31:58 - __main__ - INFO - Input matrix with LMWKPQHTNEFGSVACYIDR encoding is removed.

2026-06-11 03:32:12 - __main__ - INFO - Input matrix with NDPGYITWQKHRLVCMSFAE encoding is generated.
2026-06-11 03:38:03 - __main__ - INFO - NDPGYITWQKHRLVCMSFAE encoding is done for multiclass task with:
	-custom
		-f1: 0.6281549941975598
		-auroc: 0.8799278663562635
	-resnet
		-f1: 0.7687111522126815
		-auroc: 0.9377537138293602
2026-06-11 03:38:03 - __main__ - INFO - Input matrix with NDPGYITWQKHRLVCMSFAE encoding is removed.

2026-06-11 03:38:17 - __main__ - INFO - Input matrix with AQMNHVFYTWCKGPLDIRSE encoding is generated.
2026-06-11 03:44:09 - __main__ - INFO - AQMNHVFYTWCKGPLDIRSE encoding is done for multiclass task with:
	-custom
		-f1: 0.6532191921631468
		-auroc: 0.8878541783643111
	-resnet
		-f1: 0.773075781703765
		-auroc: 0.941676589108291
2026-06-11 03:44:09 - __main__ - INFO - Input matrix with AQMNHVFYTWCKGPLDIRSE encoding is removed.

2026-06-11 03:44:23 - __main__ - INFO - Input matrix with SHYCFNLKETVWQADPIMRG encoding is generated.
2026-06-11 03:50:13 - __main__ - INFO - SHYCFNLKETVWQADPIMRG encoding is done for multiclass task with:
	-custom
		-f1: 0.6416463084138697
		-auroc: 0.8851636031997797
	-resnet
		-f1: 0.7615733329053864
		-auroc: 0.9407719178089641
2026-06-11 03:50:13 - __main__ - INFO - Input matrix with SHYCFNLKETVWQADPIMRG encoding is removed.

2026-06-11 03:50:27 - __main__ - INFO - Input matrix with IALSNPFGDWEKQHVYMTCR encoding is generated.
2026-06-11 03:56:20 - __main__ - INFO - IALSNPFGDWEKQHVYMTCR encoding is done for multiclass task with:
	-custom
		-f1: 0.6405534502615319
		-auroc: 0.8821980152354338
	-resnet
		-f1: 0.7756657617857113
		-auroc: 0.9428886098529361
2026-06-11 03:56:20 - __main__ - INFO - Input matrix with IALSNPFGDWEKQHVYMTCR encoding is removed.

2026-06-11 03:56:34 - __main__ - INFO - Input matrix with HPQTAEWGISYFRVLKDNCM encoding is generated.
2026-06-11 04:02:24 - __main__ - INFO - HPQTAEWGISYFRVLKDNCM encoding is done for multiclass task with:
	-custom
		-f1: 0.6477661976737783
		-auroc: 0.8870659578172395
	-resnet
		-f1: 0.755219809274178
		-auroc: 0.9367229320050235
2026-06-11 04:02:24 - __main__ - INFO - Input matrix with HPQTAEWGISYFRVLKDNCM encoding is removed.

2026-06-11 04:02:38 - __main__ - INFO - Input matrix with SMAPIGVQDWLNFTREHKCY encoding is generated.
2026-06-11 04:08:32 - __main__ - INFO - SMAPIGVQDWLNFTREHKCY encoding is done for multiclass task with:
	-custom
		-f1: 0.6375782279371895
		-auroc: 0.8832521853324318
	-resnet
		-f1: 0.7193479546829713
		-auroc: 0.9348809754226224
2026-06-11 04:08:32 - __main__ - INFO - Input matrix with SMAPIGVQDWLNFTREHKCY encoding is removed.

2026-06-11 04:08:46 - __main__ - INFO - Input matrix with SLCNEYTQWRMKHPAIDFGV encoding is generated.
2026-06-11 04:14:39 - __main__ - INFO - SLCNEYTQWRMKHPAIDFGV encoding is done for multiclass task with:
	-custom
		-f1: 0.652524722492879
		-auroc: 0.8832637609927056
	-resnet
		-f1: 0.7492038314025932
		-auroc: 0.9382649606631415
2026-06-11 04:14:39 - __main__ - INFO - Input matrix with SLCNEYTQWRMKHPAIDFGV encoding is removed.

2026-06-11 04:14:53 - __main__ - INFO - Input matrix with LSPFNRTVKHIWAMYDEQCG encoding is generated.
2026-06-11 04:20:45 - __main__ - INFO - LSPFNRTVKHIWAMYDEQCG encoding is done for multiclass task with:
	-custom
		-f1: 0.6361430098086271
		-auroc: 0.8810498730193157
	-resnet
		-f1: 0.7063530345453684
		-auroc: 0.934629086292416
2026-06-11 04:20:45 - __main__ - INFO - Input matrix with LSPFNRTVKHIWAMYDEQCG encoding is removed.

2026-06-11 04:20:59 - __main__ - INFO - Input matrix with TGRCPQMYDWIALVSKEFHN encoding is generated.
2026-06-11 04:26:50 - __main__ - INFO - TGRCPQMYDWIALVSKEFHN encoding is done for multiclass task with:
	-custom
		-f1: 0.6523187981743102
		-auroc: 0.8876177534123508
	-resnet
		-f1: 0.7443388002439849
		-auroc: 0.9432606214645803
2026-06-11 04:26:50 - __main__ - INFO - Input matrix with TGRCPQMYDWIALVSKEFHN encoding is removed.

2026-06-11 04:27:04 - __main__ - INFO - Input matrix with FQGYMLTHEWKRISADCNVP encoding is generated.
2026-06-11 04:32:54 - __main__ - INFO - FQGYMLTHEWKRISADCNVP encoding is done for multiclass task with:
	-custom
		-f1: 0.637264996109754
		-auroc: 0.8787936777042831
	-resnet
		-f1: 0.7569923278932513
		-auroc: 0.9387204720013915
2026-06-11 04:32:54 - __main__ - INFO - Input matrix with FQGYMLTHEWKRISADCNVP encoding is removed.

2026-06-11 04:33:08 - __main__ - INFO - Input matrix with ANHRQMVDYPFWIKGLCETS encoding is generated.
2026-06-11 04:38:55 - __main__ - INFO - ANHRQMVDYPFWIKGLCETS encoding is done for multiclass task with:
	-custom
		-f1: 0.6418669407206202
		-auroc: 0.8821126611875162
	-resnet
		-f1: 0.766036171271
		-auroc: 0.9425283032663181
2026-06-11 04:38:55 - __main__ - INFO - Input matrix with ANHRQMVDYPFWIKGLCETS encoding is removed.

2026-06-11 04:39:10 - __main__ - INFO - Input matrix with ACWIPMLEYNSFRKDQHTGV encoding is generated.
2026-06-11 04:44:59 - __main__ - INFO - ACWIPMLEYNSFRKDQHTGV encoding is done for multiclass task with:
	-custom
		-f1: 0.6397370670106218
		-auroc: 0.885929557423261
	-resnet
		-f1: 0.7552463441213799
		-auroc: 0.9371293114081769
2026-06-11 04:44:59 - __main__ - INFO - Input matrix with ACWIPMLEYNSFRKDQHTGV encoding is removed.

2026-06-11 04:45:14 - __main__ - INFO - Input matrix with HDIWGVEFANYSKLQPCTRM encoding is generated.
2026-06-11 04:51:04 - __main__ - INFO - HDIWGVEFANYSKLQPCTRM encoding is done for multiclass task with:
	-custom
		-f1: 0.6305255068436797
		-auroc: 0.8843281848384807
	-resnet
		-f1: 0.7834022473500255
		-auroc: 0.9391127910975807
2026-06-11 04:51:04 - __main__ - INFO - Input matrix with HDIWGVEFANYSKLQPCTRM encoding is removed.

2026-06-11 04:51:18 - __main__ - INFO - Input matrix with YGHKWRTEDLNMFQSAVICP encoding is generated.
2026-06-11 04:57:10 - __main__ - INFO - YGHKWRTEDLNMFQSAVICP encoding is done for multiclass task with:
	-custom
		-f1: 0.6490048213821524
		-auroc: 0.8867175808271096
	-resnet
		-f1: 0.7600784905074663
		-auroc: 0.9364520884474263
2026-06-11 04:57:10 - __main__ - INFO - Input matrix with YGHKWRTEDLNMFQSAVICP encoding is removed.

2026-06-11 04:57:24 - __main__ - INFO - Input matrix with MQILHFCDVNKYREGPSTWA encoding is generated.
2026-06-11 05:03:16 - __main__ - INFO - MQILHFCDVNKYREGPSTWA encoding is done for multiclass task with:
	-custom
		-f1: 0.6445941377764258
		-auroc: 0.8863278643871959
	-resnet
		-f1: 0.7674000253745813
		-auroc: 0.9417301796633151
2026-06-11 05:03:16 - __main__ - INFO - Input matrix with MQILHFCDVNKYREGPSTWA encoding is removed.

2026-06-11 05:03:30 - __main__ - INFO - Input matrix with CVQRPFHLDTNIGMKAEWYS encoding is generated.
2026-06-11 05:09:23 - __main__ - INFO - CVQRPFHLDTNIGMKAEWYS encoding is done for multiclass task with:
	-custom
		-f1: 0.6498209207317568
		-auroc: 0.886011458413817
	-resnet
		-f1: 0.7447379979341437
		-auroc: 0.9382883366221263
2026-06-11 05:09:23 - __main__ - INFO - Input matrix with CVQRPFHLDTNIGMKAEWYS encoding is removed.

2026-06-11 05:09:37 - __main__ - INFO - Input matrix with WEFCNPLDVAQGKMHRYIST encoding is generated.
2026-06-11 05:15:31 - __main__ - INFO - WEFCNPLDVAQGKMHRYIST encoding is done for multiclass task with:
	-custom
		-f1: 0.637298755992157
		-auroc: 0.8838458737473417
	-resnet
		-f1: 0.7586630559496518
		-auroc: 0.941573456439712
2026-06-11 05:15:31 - __main__ - INFO - Input matrix with WEFCNPLDVAQGKMHRYIST encoding is removed.

2026-06-11 05:15:45 - __main__ - INFO - Input matrix with VWSMIPNFLTHYAKCDGQRE encoding is generated.
2026-06-11 05:21:32 - __main__ - INFO - VWSMIPNFLTHYAKCDGQRE encoding is done for multiclass task with:
	-custom
		-f1: 0.6566434054549501
		-auroc: 0.8887732854890444
	-resnet
		-f1: 0.746402072724037
		-auroc: 0.9363347810054886
2026-06-11 05:21:32 - __main__ - INFO - Input matrix with VWSMIPNFLTHYAKCDGQRE encoding is removed.

2026-06-11 05:21:46 - __main__ - INFO - Input matrix with NQWMYVTHSELADCGKRIFP encoding is generated.
2026-06-11 05:27:35 - __main__ - INFO - NQWMYVTHSELADCGKRIFP encoding is done for multiclass task with:
	-custom
		-f1: 0.6371789184642181
		-auroc: 0.8832575902149505
	-resnet
		-f1: 0.7328261524505103
		-auroc: 0.9265866324862682
2026-06-11 05:27:35 - __main__ - INFO - Input matrix with NQWMYVTHSELADCGKRIFP encoding is removed.

2026-06-11 05:27:49 - __main__ - INFO - Input matrix with KDTRAEHNGFVLPSYWIMCQ encoding is generated.
2026-06-11 05:33:38 - __main__ - INFO - KDTRAEHNGFVLPSYWIMCQ encoding is done for multiclass task with:
	-custom
		-f1: 0.6368056931671552
		-auroc: 0.8808322134956834
	-resnet
		-f1: 0.7551692930642817
		-auroc: 0.9352378239060986
2026-06-11 05:33:38 - __main__ - INFO - Input matrix with KDTRAEHNGFVLPSYWIMCQ encoding is removed.

2026-06-11 05:33:52 - __main__ - INFO - Input matrix with YDKILPFCNMWHTSARQEGV encoding is generated.
2026-06-11 05:39:43 - __main__ - INFO - YDKILPFCNMWHTSARQEGV encoding is done for multiclass task with:
	-custom
		-f1: 0.6510085600088489
		-auroc: 0.885751037670549
	-resnet
		-f1: 0.7720747340669236
		-auroc: 0.9406744386381064
2026-06-11 05:39:43 - __main__ - INFO - Input matrix with YDKILPFCNMWHTSARQEGV encoding is removed.

2026-06-11 05:39:57 - __main__ - INFO - Input matrix with ITSVACKWGPDYFQEHLMRN encoding is generated.
2026-06-11 05:45:45 - __main__ - INFO - ITSVACKWGPDYFQEHLMRN encoding is done for multiclass task with:
	-custom
		-f1: 0.6483363912836013
		-auroc: 0.8880842956618892
	-resnet
		-f1: 0.7783764952039387
		-auroc: 0.9454463265065332
2026-06-11 05:45:45 - __main__ - INFO - Input matrix with ITSVACKWGPDYFQEHLMRN encoding is removed.

2026-06-11 05:45:59 - __main__ - INFO - Input matrix with HNMPCVTKAEGDLYSFWQRI encoding is generated.
2026-06-11 05:51:49 - __main__ - INFO - HNMPCVTKAEGDLYSFWQRI encoding is done for multiclass task with:
	-custom
		-f1: 0.6522896121289034
		-auroc: 0.8922109001210133
	-resnet
		-f1: 0.7585626086155342
		-auroc: 0.9420978295278205
2026-06-11 05:51:49 - __main__ - INFO - Input matrix with HNMPCVTKAEGDLYSFWQRI encoding is removed.

2026-06-11 05:52:03 - __main__ - INFO - Input matrix with WIVGSMCRYKEFLTQHNADP encoding is generated.
2026-06-11 05:57:50 - __main__ - INFO - WIVGSMCRYKEFLTQHNADP encoding is done for multiclass task with:
	-custom
		-f1: 0.6493312969746471
		-auroc: 0.879180816632363
	-resnet
		-f1: 0.7690431858799378
		-auroc: 0.9415697498566526
2026-06-11 05:57:50 - __main__ - INFO - Input matrix with WIVGSMCRYKEFLTQHNADP encoding is removed.

2026-06-11 05:58:04 - __main__ - INFO - Input matrix with LHVFRKAPDCITEGYWNMSQ encoding is generated.
2026-06-11 06:03:53 - __main__ - INFO - LHVFRKAPDCITEGYWNMSQ encoding is done for multiclass task with:
	-custom
		-f1: 0.6440462990214539
		-auroc: 0.885668020272522
	-resnet
		-f1: 0.7753232323108332
		-auroc: 0.9427037664347855
2026-06-11 06:03:53 - __main__ - INFO - Input matrix with LHVFRKAPDCITEGYWNMSQ encoding is removed.

2026-06-11 06:04:07 - __main__ - INFO - Input matrix with YSDGELQMWPVTRNKIFHAC encoding is generated.
2026-06-11 06:10:00 - __main__ - INFO - YSDGELQMWPVTRNKIFHAC encoding is done for multiclass task with:
	-custom
		-f1: 0.6446413772460088
		-auroc: 0.8836717163554265
	-resnet
		-f1: 0.7864303651474582
		-auroc: 0.9433234416374751
2026-06-11 06:10:00 - __main__ - INFO - Input matrix with YSDGELQMWPVTRNKIFHAC encoding is removed.

2026-06-11 06:10:14 - __main__ - INFO - Input matrix with NRGFKSHVDILQEWMTAPCY encoding is generated.
2026-06-11 06:16:01 - __main__ - INFO - NRGFKSHVDILQEWMTAPCY encoding is done for multiclass task with:
	-custom
		-f1: 0.6450692966942754
		-auroc: 0.8844199763215584
	-resnet
		-f1: 0.7799799899538774
		-auroc: 0.9380966535605146
2026-06-11 06:16:01 - __main__ - INFO - Input matrix with NRGFKSHVDILQEWMTAPCY encoding is removed.

2026-06-11 06:16:15 - __main__ - INFO - Input matrix with TLAMSGQFECVWKHDPRIYN encoding is generated.
2026-06-11 06:22:08 - __main__ - INFO - TLAMSGQFECVWKHDPRIYN encoding is done for multiclass task with:
	-custom
		-f1: 0.6517482570875266
		-auroc: 0.8858612983311547
	-resnet
		-f1: 0.7765494607548582
		-auroc: 0.9431582167605719
2026-06-11 06:22:08 - __main__ - INFO - Input matrix with TLAMSGQFECVWKHDPRIYN encoding is removed.

2026-06-11 06:22:22 - __main__ - INFO - Input matrix with VRSNHTWYEMFKPIADQLGC encoding is generated.
2026-06-11 06:28:13 - __main__ - INFO - VRSNHTWYEMFKPIADQLGC encoding is done for multiclass task with:
	-custom
		-f1: 0.6426488774787646
		-auroc: 0.8807854393972679
	-resnet
		-f1: 0.7592590004822601
		-auroc: 0.9442629065641526
2026-06-11 06:28:13 - __main__ - INFO - Input matrix with VRSNHTWYEMFKPIADQLGC encoding is removed.

2026-06-11 06:28:26 - __main__ - INFO - Input matrix with ANEHCPLFKIVWQDMTGYSR encoding is generated.
2026-06-11 06:34:17 - __main__ - INFO - ANEHCPLFKIVWQDMTGYSR encoding is done for multiclass task with:
	-custom
		-f1: 0.6401476040133165
		-auroc: 0.8845528255351722
	-resnet
		-f1: 0.7647010414352862
		-auroc: 0.9446564606576212
2026-06-11 06:34:17 - __main__ - INFO - Input matrix with ANEHCPLFKIVWQDMTGYSR encoding is removed.

2026-06-11 06:34:31 - __main__ - INFO - Input matrix with IKTAMNGPLQSVYWHEDFCR encoding is generated.
2026-06-11 06:40:23 - __main__ - INFO - IKTAMNGPLQSVYWHEDFCR encoding is done for multiclass task with:
	-custom
		-f1: 0.6531775482344848
		-auroc: 0.884420686542765
	-resnet
		-f1: 0.7488683799292409
		-auroc: 0.9410142037039544
2026-06-11 06:40:23 - __main__ - INFO - Input matrix with IKTAMNGPLQSVYWHEDFCR encoding is removed.

2026-06-11 06:40:37 - __main__ - INFO - Input matrix with GTCWLNDVSQMREIHPFAKY encoding is generated.
2026-06-11 06:46:25 - __main__ - INFO - GTCWLNDVSQMREIHPFAKY encoding is done for multiclass task with:
	-custom
		-f1: 0.632270285178455
		-auroc: 0.8809328489437286
	-resnet
		-f1: 0.7566922080647306
		-auroc: 0.9390820018114567
2026-06-11 06:46:25 - __main__ - INFO - Input matrix with GTCWLNDVSQMREIHPFAKY encoding is removed.

2026-06-11 06:46:39 - __main__ - INFO - Input matrix with RNVGFWCYTAMSQDLIHEPK encoding is generated.
2026-06-11 06:52:24 - __main__ - INFO - RNVGFWCYTAMSQDLIHEPK encoding is done for multiclass task with:
	-custom
		-f1: 0.6387309836670007
		-auroc: 0.8800916704624899
	-resnet
		-f1: 0.7635063069255679
		-auroc: 0.9397366034987611
2026-06-11 06:52:24 - __main__ - INFO - Input matrix with RNVGFWCYTAMSQDLIHEPK encoding is removed.

2026-06-11 06:52:38 - __main__ - INFO - Input matrix with LAQHFISCGMNKTRWEPVYD encoding is generated.
2026-06-11 06:58:28 - __main__ - INFO - LAQHFISCGMNKTRWEPVYD encoding is done for multiclass task with:
	-custom
		-f1: 0.6635891543065441
		-auroc: 0.8858092549744929
	-resnet
		-f1: 0.7656243068091089
		-auroc: 0.9421335556960795
2026-06-11 06:58:28 - __main__ - INFO - Input matrix with LAQHFISCGMNKTRWEPVYD encoding is removed.

2026-06-11 06:58:42 - __main__ - INFO - Input matrix with KRPIVTSELYFWGNMCQHDA encoding is generated.
2026-06-11 07:04:34 - __main__ - INFO - KRPIVTSELYFWGNMCQHDA encoding is done for multiclass task with:
	-custom
		-f1: 0.6446218309295604
		-auroc: 0.883781208149626
	-resnet
		-f1: 0.7530256003698554
		-auroc: 0.9405211220757238
2026-06-11 07:04:34 - __main__ - INFO - Input matrix with KRPIVTSELYFWGNMCQHDA encoding is removed.

2026-06-11 07:04:48 - __main__ - INFO - Input matrix with FDCAYESNTHKGPRWMQLVI encoding is generated.
2026-06-11 07:10:38 - __main__ - INFO - FDCAYESNTHKGPRWMQLVI encoding is done for multiclass task with:
	-custom
		-f1: 0.6571113423986418
		-auroc: 0.8865625609145977
	-resnet
		-f1: 0.7617773525686922
		-auroc: 0.9425772358308293
2026-06-11 07:10:38 - __main__ - INFO - Input matrix with FDCAYESNTHKGPRWMQLVI encoding is removed.

2026-06-11 07:10:52 - __main__ - INFO - Input matrix with FCMYWIVSQLPKTGDEHRAN encoding is generated.
2026-06-11 07:16:44 - __main__ - INFO - FCMYWIVSQLPKTGDEHRAN encoding is done for multiclass task with:
	-custom
		-f1: 0.6379930869554522
		-auroc: 0.8787368813274894
	-resnet
		-f1: 0.760784881432084
		-auroc: 0.9314796477586507
2026-06-11 07:16:44 - __main__ - INFO - Input matrix with FCMYWIVSQLPKTGDEHRAN encoding is removed.

2026-06-11 07:16:58 - __main__ - INFO - Input matrix with PYQRIFACGVSHNLTKEDWM encoding is generated.
2026-06-11 07:22:48 - __main__ - INFO - PYQRIFACGVSHNLTKEDWM encoding is done for multiclass task with:
	-custom
		-f1: 0.6417087964453992
		-auroc: 0.886078353515123
	-resnet
		-f1: 0.7587828563795617
		-auroc: 0.9389782547613844
2026-06-11 07:22:48 - __main__ - INFO - Input matrix with PYQRIFACGVSHNLTKEDWM encoding is removed.

2026-06-11 07:23:02 - __main__ - INFO - Input matrix with RTGKDSEYWFIMAVQNLCPH encoding is generated.
2026-06-11 07:28:55 - __main__ - INFO - RTGKDSEYWFIMAVQNLCPH encoding is done for multiclass task with:
	-custom
		-f1: 0.6431975969680264
		-auroc: 0.8866353283944693
	-resnet
		-f1: 0.7639098705787974
		-auroc: 0.9420477829716949
2026-06-11 07:28:55 - __main__ - INFO - Input matrix with RTGKDSEYWFIMAVQNLCPH encoding is removed.

2026-06-11 07:29:09 - __main__ - INFO - Input matrix with QCSLWFGRVPDNYMKAETHI encoding is generated.
2026-06-11 07:34:57 - __main__ - INFO - QCSLWFGRVPDNYMKAETHI encoding is done for multiclass task with:
	-custom
		-f1: 0.6564449254136336
		-auroc: 0.8855395530621981
	-resnet
		-f1: 0.7824420423473339
		-auroc: 0.946518694611604
2026-06-11 07:34:57 - __main__ - INFO - Input matrix with QCSLWFGRVPDNYMKAETHI encoding is removed.

2026-06-11 07:35:11 - __main__ - INFO - Input matrix with ENGQRDLSFMATHCVYIPWK encoding is generated.
2026-06-11 07:41:00 - __main__ - INFO - ENGQRDLSFMATHCVYIPWK encoding is done for multiclass task with:
	-custom
		-f1: 0.6556106484921488
		-auroc: 0.8866904621021557
	-resnet
		-f1: 0.7576043770504447
		-auroc: 0.9377489201585958
2026-06-11 07:41:00 - __main__ - INFO - Input matrix with ENGQRDLSFMATHCVYIPWK encoding is removed.

2026-06-11 07:41:14 - __main__ - INFO - Input matrix with KQLYIRGFAWNTCMDPHESV encoding is generated.
2026-06-11 07:47:00 - __main__ - INFO - KQLYIRGFAWNTCMDPHESV encoding is done for multiclass task with:
	-custom
		-f1: 0.6462544716215681
		-auroc: 0.8847640858348175
	-resnet
		-f1: 0.7604397612628028
		-auroc: 0.9388222467082187
2026-06-11 07:47:00 - __main__ - INFO - Input matrix with KQLYIRGFAWNTCMDPHESV encoding is removed.

2026-06-11 07:47:14 - __main__ - INFO - Input matrix with PQEVDKANLRCGFSIWTHYM encoding is generated.
2026-06-11 07:53:06 - __main__ - INFO - PQEVDKANLRCGFSIWTHYM encoding is done for multiclass task with:
	-custom
		-f1: 0.6418828327214173
		-auroc: 0.8899785047275899
	-resnet
		-f1: 0.7772931230998161
		-auroc: 0.9446773139640646
2026-06-11 07:53:06 - __main__ - INFO - Input matrix with PQEVDKANLRCGFSIWTHYM encoding is removed.

2026-06-11 07:53:20 - __main__ - INFO - Input matrix with SLIHQMPCNVDAETKYWFGR encoding is generated.
2026-06-11 07:59:09 - __main__ - INFO - SLIHQMPCNVDAETKYWFGR encoding is done for multiclass task with:
	-custom
		-f1: 0.6288219728887111
		-auroc: 0.8845821150408029
	-resnet
		-f1: 0.7445021899560379
		-auroc: 0.9362912786134032
2026-06-11 07:59:09 - __main__ - INFO - Input matrix with SLIHQMPCNVDAETKYWFGR encoding is removed.

2026-06-11 07:59:23 - __main__ - INFO - Input matrix with SMTCWDRYQFVIHKGNEAPL encoding is generated.
2026-06-11 08:05:10 - __main__ - INFO - SMTCWDRYQFVIHKGNEAPL encoding is done for multiclass task with:
	-custom
		-f1: 0.6512368545184566
		-auroc: 0.8914581996889867
	-resnet
		-f1: 0.7205169368954579
		-auroc: 0.9419162549714042
2026-06-11 08:05:10 - __main__ - INFO - Input matrix with SMTCWDRYQFVIHKGNEAPL encoding is removed.

2026-06-11 08:05:24 - __main__ - INFO - Input matrix with FISGWDKQPNTYCHVMAERL encoding is generated.
2026-06-11 08:11:06 - __main__ - INFO - FISGWDKQPNTYCHVMAERL encoding is done for multiclass task with:
	-custom
		-f1: 0.6468922455970675
		-auroc: 0.887108064142142
	-resnet
		-f1: 0.7225079604248065
		-auroc: 0.9335665517756624
2026-06-11 08:11:06 - __main__ - INFO - Input matrix with FISGWDKQPNTYCHVMAERL encoding is removed.

2026-06-11 08:11:20 - __main__ - INFO - Input matrix with STMYVWGIKACENFRLHQDP encoding is generated.
2026-06-11 08:17:03 - __main__ - INFO - STMYVWGIKACENFRLHQDP encoding is done for multiclass task with:
	-custom
		-f1: 0.6433364346283191
		-auroc: 0.884207000518934
	-resnet
		-f1: 0.7736662551221543
		-auroc: 0.9445507749481706
2026-06-11 08:17:03 - __main__ - INFO - Input matrix with STMYVWGIKACENFRLHQDP encoding is removed.

2026-06-11 08:17:17 - __main__ - INFO - Input matrix with MRPQITNGKHCLVWYADEFS encoding is generated.
2026-06-11 08:23:06 - __main__ - INFO - MRPQITNGKHCLVWYADEFS encoding is done for multiclass task with:
	-custom
		-f1: 0.6326080939655946
		-auroc: 0.8826294317845775
	-resnet
		-f1: 0.7299784695391955
		-auroc: 0.932410257034262
2026-06-11 08:23:06 - __main__ - INFO - Input matrix with MRPQITNGKHCLVWYADEFS encoding is removed.

2026-06-11 08:23:20 - __main__ - INFO - Input matrix with GCSLQHPMTFWDRYKVAINE encoding is generated.
2026-06-11 08:29:11 - __main__ - INFO - GCSLQHPMTFWDRYKVAINE encoding is done for multiclass task with:
	-custom
		-f1: 0.6566198962283222
		-auroc: 0.8873202136067929
	-resnet
		-f1: 0.7391000035265677
		-auroc: 0.9374804130192309
2026-06-11 08:29:11 - __main__ - INFO - Input matrix with GCSLQHPMTFWDRYKVAINE encoding is removed.

2026-06-11 08:29:25 - __main__ - INFO - Input matrix with EFWMPINRYQKHCSVGTDAL encoding is generated.
2026-06-11 08:35:10 - __main__ - INFO - EFWMPINRYQKHCSVGTDAL encoding is done for multiclass task with:
	-custom
		-f1: 0.6461336489401814
		-auroc: 0.8806617294547078
	-resnet
		-f1: 0.7384225631239649
		-auroc: 0.934078463435393
2026-06-11 08:35:10 - __main__ - INFO - Input matrix with EFWMPINRYQKHCSVGTDAL encoding is removed.

2026-06-11 08:35:24 - __main__ - INFO - Input matrix with GDNMYKVLSERQFCTAIHPW encoding is generated.
2026-06-11 08:41:15 - __main__ - INFO - GDNMYKVLSERQFCTAIHPW encoding is done for multiclass task with:
	-custom
		-f1: 0.634877600838745
		-auroc: 0.8810808539130214
	-resnet
		-f1: 0.7646638580521555
		-auroc: 0.9440313730346626
2026-06-11 08:41:15 - __main__ - INFO - Input matrix with GDNMYKVLSERQFCTAIHPW encoding is removed.

2026-06-11 08:41:29 - __main__ - INFO - Input matrix with HRQNLDAVMWKFGIPETSCY encoding is generated.
2026-06-11 08:47:21 - __main__ - INFO - HRQNLDAVMWKFGIPETSCY encoding is done for multiclass task with:
	-custom
		-f1: 0.64592980617125
		-auroc: 0.8849634275248807
	-resnet
		-f1: 0.7675410506802789
		-auroc: 0.9395157778745208
2026-06-11 08:47:21 - __main__ - INFO - Input matrix with HRQNLDAVMWKFGIPETSCY encoding is removed.

2026-06-11 08:47:35 - __main__ - INFO - Input matrix with TKPWALIFREQDSMCHNYGV encoding is generated.
2026-06-11 08:53:23 - __main__ - INFO - TKPWALIFREQDSMCHNYGV encoding is done for multiclass task with:
	-custom
		-f1: 0.6519720981969908
		-auroc: 0.8861103188130457
	-resnet
		-f1: 0.7494666575146919
		-auroc: 0.9324361106131868
2026-06-11 08:53:23 - __main__ - INFO - Input matrix with TKPWALIFREQDSMCHNYGV encoding is removed.

2026-06-11 08:53:37 - __main__ - INFO - Input matrix with SCPVGAIFERHMTKDYWQNL encoding is generated.
2026-06-11 08:59:25 - __main__ - INFO - SCPVGAIFERHMTKDYWQNL encoding is done for multiclass task with:
	-custom
		-f1: 0.641881776253608
		-auroc: 0.8829985620065542
	-resnet
		-f1: 0.74482134519268
		-auroc: 0.9383599098699597
2026-06-11 08:59:25 - __main__ - INFO - Input matrix with SCPVGAIFERHMTKDYWQNL encoding is removed.

2026-06-11 08:59:39 - __main__ - INFO - Input matrix with KCAGEMWNDPTILRFYQHSV encoding is generated.
2026-06-11 09:05:32 - __main__ - INFO - KCAGEMWNDPTILRFYQHSV encoding is done for multiclass task with:
	-custom
		-f1: 0.649381824104891
		-auroc: 0.8875511599247312
	-resnet
		-f1: 0.7733463382562812
		-auroc: 0.9402073822671845
2026-06-11 09:05:32 - __main__ - INFO - Input matrix with KCAGEMWNDPTILRFYQHSV encoding is removed.

2026-06-11 09:05:46 - __main__ - INFO - Input matrix with QGIPCSRANWEKVMFHYDTL encoding is generated.
2026-06-11 09:11:36 - __main__ - INFO - QGIPCSRANWEKVMFHYDTL encoding is done for multiclass task with:
	-custom
		-f1: 0.6362638690346607
		-auroc: 0.8826432998862815
	-resnet
		-f1: 0.753122044721735
		-auroc: 0.9410374233295027
2026-06-11 09:11:36 - __main__ - INFO - Input matrix with QGIPCSRANWEKVMFHYDTL encoding is removed.

2026-06-11 09:11:50 - __main__ - INFO - Input matrix with FHGYEIPAKLWVTSCQRNMD encoding is generated.
2026-06-11 09:17:39 - __main__ - INFO - FHGYEIPAKLWVTSCQRNMD encoding is done for multiclass task with:
	-custom
		-f1: 0.6517848236315881
		-auroc: 0.889345291351421
	-resnet
		-f1: 0.7624267560625855
		-auroc: 0.9441209954895662
2026-06-11 09:17:39 - __main__ - INFO - Input matrix with FHGYEIPAKLWVTSCQRNMD encoding is removed.

2026-06-11 09:17:53 - __main__ - INFO - Input matrix with YWLRTPEFNSHVDCGQMIKA encoding is generated.
2026-06-11 09:23:40 - __main__ - INFO - YWLRTPEFNSHVDCGQMIKA encoding is done for multiclass task with:
	-custom
		-f1: 0.636014330858103
		-auroc: 0.8821564406077205
	-resnet
		-f1: 0.7596760020876822
		-auroc: 0.9367203809217189
2026-06-11 09:23:40 - __main__ - INFO - Input matrix with YWLRTPEFNSHVDCGQMIKA encoding is removed.

2026-06-11 09:23:54 - __main__ - INFO - Input matrix with ANQFLCKSWRHYPIMGETDV encoding is generated.
2026-06-11 09:29:44 - __main__ - INFO - ANQFLCKSWRHYPIMGETDV encoding is done for multiclass task with:
	-custom
		-f1: 0.638411851177042
		-auroc: 0.8836695556389612
	-resnet
		-f1: 0.7578401561803779
		-auroc: 0.9421284045453504
2026-06-11 09:29:44 - __main__ - INFO - Input matrix with ANQFLCKSWRHYPIMGETDV encoding is removed.

2026-06-11 09:29:58 - __main__ - INFO - Input matrix with EMGVSNWKCTQAPLHFIYRD encoding is generated.
2026-06-11 09:35:43 - __main__ - INFO - EMGVSNWKCTQAPLHFIYRD encoding is done for multiclass task with:
	-custom
		-f1: 0.6410948863816828
		-auroc: 0.8876506726060926
	-resnet
		-f1: 0.7440540133980778
		-auroc: 0.9403565483298477
2026-06-11 09:35:43 - __main__ - INFO - Input matrix with EMGVSNWKCTQAPLHFIYRD encoding is removed.

2026-06-11 09:35:57 - __main__ - INFO - Input matrix with VSYHGFTDENQKMLWIACRP encoding is generated.
2026-06-11 09:41:45 - __main__ - INFO - VSYHGFTDENQKMLWIACRP encoding is done for multiclass task with:
	-custom
		-f1: 0.6383876456558341
		-auroc: 0.8764133182720867
	-resnet
		-f1: 0.7769081884879571
		-auroc: 0.9459051958508298
2026-06-11 09:41:45 - __main__ - INFO - Input matrix with VSYHGFTDENQKMLWIACRP encoding is removed.

2026-06-11 09:41:59 - __main__ - INFO - Input matrix with DAQYWGCMRKNTFPSLEIHV encoding is generated.
2026-06-11 09:47:51 - __main__ - INFO - DAQYWGCMRKNTFPSLEIHV encoding is done for multiclass task with:
	-custom
		-f1: 0.6457501372512946
		-auroc: 0.883314070838253
	-resnet
		-f1: 0.7550339562872516
		-auroc: 0.9382264800898982
2026-06-11 09:47:51 - __main__ - INFO - Input matrix with DAQYWGCMRKNTFPSLEIHV encoding is removed.

2026-06-11 09:48:05 - __main__ - INFO - Input matrix with CTYIRWVMANPFHDLQKESG encoding is generated.
2026-06-11 09:53:56 - __main__ - INFO - CTYIRWVMANPFHDLQKESG encoding is done for multiclass task with:
	-custom
		-f1: 0.6458628626689432
		-auroc: 0.8871568277352366
	-resnet
		-f1: 0.7513551171704816
		-auroc: 0.9368106460608384
2026-06-11 09:53:56 - __main__ - INFO - Input matrix with CTYIRWVMANPFHDLQKESG encoding is removed.

2026-06-11 09:54:11 - __main__ - INFO - Input matrix with MAQPELTKNWSGIHDCRFYV encoding is generated.
2026-06-11 10:00:05 - __main__ - INFO - MAQPELTKNWSGIHDCRFYV encoding is done for multiclass task with:
	-custom
		-f1: 0.6438242333542098
		-auroc: 0.888482370574577
	-resnet
		-f1: 0.7781316399185966
		-auroc: 0.9413763132657552
2026-06-11 10:00:05 - __main__ - INFO - Input matrix with MAQPELTKNWSGIHDCRFYV encoding is removed.

2026-06-11 10:00:19 - __main__ - INFO - Input matrix with SRFAIMHNETKWGQPDVCYL encoding is generated.
2026-06-11 10:06:06 - __main__ - INFO - SRFAIMHNETKWGQPDVCYL encoding is done for multiclass task with:
	-custom
		-f1: 0.6278674980538972
		-auroc: 0.8803795559566006
	-resnet
		-f1: 0.7749945347043488
		-auroc: 0.9396333169671358
2026-06-11 10:06:06 - __main__ - INFO - Input matrix with SRFAIMHNETKWGQPDVCYL encoding is removed.

2026-06-11 10:06:20 - __main__ - INFO - Input matrix with GNWEYCIMTQSRPKHLDFAV encoding is generated.
2026-06-11 10:12:11 - __main__ - INFO - GNWEYCIMTQSRPKHLDFAV encoding is done for multiclass task with:
	-custom
		-f1: 0.6388319041735218
		-auroc: 0.8824973800100251
	-resnet
		-f1: 0.7932407682974684
		-auroc: 0.9451107421641876
2026-06-11 10:12:11 - __main__ - INFO - Input matrix with GNWEYCIMTQSRPKHLDFAV encoding is removed.

2026-06-11 10:12:25 - __main__ - INFO - Input matrix with YGKDQSWIFVLTCRAHENPM encoding is generated.
2026-06-11 10:18:13 - __main__ - INFO - YGKDQSWIFVLTCRAHENPM encoding is done for multiclass task with:
	-custom
		-f1: 0.6531408689691798
		-auroc: 0.888311461206629
	-resnet
		-f1: 0.7729655390857448
		-auroc: 0.941236168583624
2026-06-11 10:18:13 - __main__ - INFO - Input matrix with YGKDQSWIFVLTCRAHENPM encoding is removed.

2026-06-11 10:18:27 - __main__ - INFO - Input matrix with TNEIWGQDPMYLKCHFSAVR encoding is generated.
2026-06-11 10:24:18 - __main__ - INFO - TNEIWGQDPMYLKCHFSAVR encoding is done for multiclass task with:
	-custom
		-f1: 0.6327051421115064
		-auroc: 0.8832325523555797
	-resnet
		-f1: 0.7807657827315584
		-auroc: 0.9439265839963022
2026-06-11 10:24:18 - __main__ - INFO - Input matrix with TNEIWGQDPMYLKCHFSAVR encoding is removed.

2026-06-11 10:24:32 - __main__ - INFO - Input matrix with RFPNIQLEWDSGTYKCMAHV encoding is generated.
2026-06-11 10:30:12 - __main__ - INFO - RFPNIQLEWDSGTYKCMAHV encoding is done for multiclass task with:
	-custom
		-f1: 0.6409020462752018
		-auroc: 0.8843674824565004
	-resnet
		-f1: 0.7490219430473051
		-auroc: 0.9369569193205411
2026-06-11 10:30:12 - __main__ - INFO - Input matrix with RFPNIQLEWDSGTYKCMAHV encoding is removed.

2026-06-11 10:30:27 - __main__ - INFO - Input matrix with WSTFRHEPAYMCIKVNQLGD encoding is generated.
2026-06-11 10:36:17 - __main__ - INFO - WSTFRHEPAYMCIKVNQLGD encoding is done for multiclass task with:
	-custom
		-f1: 0.6505378347381409
		-auroc: 0.884671653926909
	-resnet
		-f1: 0.7568506373912296
		-auroc: 0.9338937064493061
2026-06-11 10:36:17 - __main__ - INFO - Input matrix with WSTFRHEPAYMCIKVNQLGD encoding is removed.

2026-06-11 10:36:31 - __main__ - INFO - Input matrix with PCTAQIKVEFYDMRLHSWGN encoding is generated.
2026-06-11 10:42:20 - __main__ - INFO - PCTAQIKVEFYDMRLHSWGN encoding is done for multiclass task with:
	-custom
		-f1: 0.6304589263545122
		-auroc: 0.8820000862700823
	-resnet
		-f1: 0.7819258620728639
		-auroc: 0.9433689819320801
2026-06-11 10:42:20 - __main__ - INFO - Input matrix with PCTAQIKVEFYDMRLHSWGN encoding is removed.

2026-06-11 10:42:34 - __main__ - INFO - Input matrix with IRYMPLVAEDNFGSCTQWHK encoding is generated.
2026-06-11 10:48:23 - __main__ - INFO - IRYMPLVAEDNFGSCTQWHK encoding is done for multiclass task with:
	-custom
		-f1: 0.6458832499631917
		-auroc: 0.8844122525050204
	-resnet
		-f1: 0.7518791692451942
		-auroc: 0.9418317538170211
2026-06-11 10:48:23 - __main__ - INFO - Input matrix with IRYMPLVAEDNFGSCTQWHK encoding is removed.

2026-06-11 10:48:37 - __main__ - INFO - Input matrix with MIPNERYQGWFTLCKDVHSA encoding is generated.
2026-06-11 10:54:27 - __main__ - INFO - MIPNERYQGWFTLCKDVHSA encoding is done for multiclass task with:
	-custom
		-f1: 0.6296665409724168
		-auroc: 0.8829849178677929
	-resnet
		-f1: 0.7674738711803983
		-auroc: 0.937964358311057
2026-06-11 10:54:27 - __main__ - INFO - Input matrix with MIPNERYQGWFTLCKDVHSA encoding is removed.

2026-06-11 10:54:41 - __main__ - INFO - Input matrix with AMGIRKHNSDLYFQEVPCTW encoding is generated.
2026-06-11 11:00:34 - __main__ - INFO - AMGIRKHNSDLYFQEVPCTW encoding is done for multiclass task with:
	-custom
		-f1: 0.6527312868160364
		-auroc: 0.8898738947342768
	-resnet
		-f1: 0.7356558810000043
		-auroc: 0.9372813871779627
2026-06-11 11:00:34 - __main__ - INFO - Input matrix with AMGIRKHNSDLYFQEVPCTW encoding is removed.

2026-06-11 11:00:48 - __main__ - INFO - Input matrix with KLISPGHMRVEDYWCNAFTQ encoding is generated.
2026-06-11 11:06:43 - __main__ - INFO - KLISPGHMRVEDYWCNAFTQ encoding is done for multiclass task with:
	-custom
		-f1: 0.6314663480510955
		-auroc: 0.8790076614589462
	-resnet
		-f1: 0.7864350131773123
		-auroc: 0.943814055212707
2026-06-11 11:06:43 - __main__ - INFO - Input matrix with KLISPGHMRVEDYWCNAFTQ encoding is removed.

2026-06-11 11:06:57 - __main__ - INFO - Input matrix with KHNLRTECSFDVAGIYPQMW encoding is generated.
2026-06-11 11:12:47 - __main__ - INFO - KHNLRTECSFDVAGIYPQMW encoding is done for multiclass task with:
	-custom
		-f1: 0.6299430682650672
		-auroc: 0.8787753141948789
	-resnet
		-f1: 0.7824657022942932
		-auroc: 0.9439312434962165
2026-06-11 11:12:47 - __main__ - INFO - Input matrix with KHNLRTECSFDVAGIYPQMW encoding is removed.

2026-06-11 11:13:01 - __main__ - INFO - Input matrix with VPGSKRNAFCEHQMLYTWDI encoding is generated.
2026-06-11 11:18:54 - __main__ - INFO - VPGSKRNAFCEHQMLYTWDI encoding is done for multiclass task with:
	-custom
		-f1: 0.6487249789717199
		-auroc: 0.8820734876744758
	-resnet
		-f1: 0.7759823067445953
		-auroc: 0.9424625634199335
2026-06-11 11:18:54 - __main__ - INFO - Input matrix with VPGSKRNAFCEHQMLYTWDI encoding is removed.

2026-06-11 11:19:08 - __main__ - INFO - Input matrix with PNSACYVFLIGRQTHKMEWD encoding is generated.
2026-06-11 11:25:01 - __main__ - INFO - PNSACYVFLIGRQTHKMEWD encoding is done for multiclass task with:
	-custom
		-f1: 0.6398346432602988
		-auroc: 0.8834672438699493
	-resnet
		-f1: 0.7624806529965114
		-auroc: 0.9411261693895927
2026-06-11 11:25:01 - __main__ - INFO - Input matrix with PNSACYVFLIGRQTHKMEWD encoding is removed.

2026-06-11 11:25:15 - __main__ - INFO - Input matrix with CAEWYIPHLTGDFSKNVQRM encoding is generated.
2026-06-11 11:31:31 - __main__ - INFO - CAEWYIPHLTGDFSKNVQRM encoding is done for multiclass task with:
	-custom
		-f1: 0.6277735260498086
		-auroc: 0.8836191692613081
	-resnet
		-f1: 0.7491507796946917
		-auroc: 0.9387417532235164
2026-06-11 11:31:31 - __main__ - INFO - Input matrix with CAEWYIPHLTGDFSKNVQRM encoding is removed.

2026-06-11 11:31:45 - __main__ - INFO - Input matrix with MFAYLRHWNCPIDKEQVTSG encoding is generated.
2026-06-11 11:37:38 - __main__ - INFO - MFAYLRHWNCPIDKEQVTSG encoding is done for multiclass task with:
	-custom
		-f1: 0.6408049525788199
		-auroc: 0.8797124552038135
	-resnet
		-f1: 0.749850846594201
		-auroc: 0.9433793619377143
2026-06-11 11:37:38 - __main__ - INFO - Input matrix with MFAYLRHWNCPIDKEQVTSG encoding is removed.

2026-06-11 11:37:52 - __main__ - INFO - Input matrix with QNPWLGYCFSTRDAHMKEVI encoding is generated.
2026-06-11 11:43:45 - __main__ - INFO - QNPWLGYCFSTRDAHMKEVI encoding is done for multiclass task with:
	-custom
		-f1: 0.6368171463934453
		-auroc: 0.8806750796655706
	-resnet
		-f1: 0.7635214620622159
		-auroc: 0.93823447680942
2026-06-11 11:43:45 - __main__ - INFO - Input matrix with QNPWLGYCFSTRDAHMKEVI encoding is removed.

2026-06-11 11:43:58 - __main__ - INFO - Input matrix with QETFSVCMNAIDLWPKYRGH encoding is generated.
2026-06-11 11:49:48 - __main__ - INFO - QETFSVCMNAIDLWPKYRGH encoding is done for multiclass task with:
	-custom
		-f1: 0.6389651658525916
		-auroc: 0.880834670655503
	-resnet
		-f1: 0.748455747834353
		-auroc: 0.9305491716570152
2026-06-11 11:49:48 - __main__ - INFO - Input matrix with QETFSVCMNAIDLWPKYRGH encoding is removed.

2026-06-11 11:50:02 - __main__ - INFO - Input matrix with LIKTYSACGFRPNQDMVHEW encoding is generated.
2026-06-11 11:55:48 - __main__ - INFO - LIKTYSACGFRPNQDMVHEW encoding is done for multiclass task with:
	-custom
		-f1: 0.6294749506792912
		-auroc: 0.8777821079717413
	-resnet
		-f1: 0.7000339282407165
		-auroc: 0.9271978429601322
2026-06-11 11:55:48 - __main__ - INFO - Input matrix with LIKTYSACGFRPNQDMVHEW encoding is removed.

2026-06-11 11:56:02 - __main__ - INFO - Input matrix with RGEIQLWMYFCDVHNSTPKA encoding is generated.
2026-06-11 12:01:52 - __main__ - INFO - RGEIQLWMYFCDVHNSTPKA encoding is done for multiclass task with:
	-custom
		-f1: 0.6506059418270603
		-auroc: 0.8870075836961977
	-resnet
		-f1: 0.7422243443799121
		-auroc: 0.9336674605331193
2026-06-11 12:01:52 - __main__ - INFO - Input matrix with RGEIQLWMYFCDVHNSTPKA encoding is removed.

2026-06-11 12:02:06 - __main__ - INFO - Input matrix with YPQLADKTEGMNICWHFRVS encoding is generated.
2026-06-11 12:07:56 - __main__ - INFO - YPQLADKTEGMNICWHFRVS encoding is done for multiclass task with:
	-custom
		-f1: 0.641438039306666
		-auroc: 0.8855308201786801
	-resnet
		-f1: 0.7749435150747501
		-auroc: 0.9417128432483288
2026-06-11 12:07:56 - __main__ - INFO - Input matrix with YPQLADKTEGMNICWHFRVS encoding is removed.

2026-06-11 12:08:10 - __main__ - INFO - Input matrix with CWLREIKPAQDNSTGFHYMV encoding is generated.
2026-06-11 12:13:59 - __main__ - INFO - CWLREIKPAQDNSTGFHYMV encoding is done for multiclass task with:
	-custom
		-f1: 0.641170252059851
		-auroc: 0.8835770134621779
	-resnet
		-f1: 0.7650072191465671
		-auroc: 0.9433452368420294
2026-06-11 12:13:59 - __main__ - INFO - Input matrix with CWLREIKPAQDNSTGFHYMV encoding is removed.

2026-06-11 12:14:13 - __main__ - INFO - Input matrix with EDVAYRHKQNPTLWMSGFIC encoding is generated.
2026-06-11 12:20:04 - __main__ - INFO - EDVAYRHKQNPTLWMSGFIC encoding is done for multiclass task with:
	-custom
		-f1: 0.643750026713847
		-auroc: 0.8849309301237815
	-resnet
		-f1: 0.7617309402540842
		-auroc: 0.9431883039452128
2026-06-11 12:20:04 - __main__ - INFO - Input matrix with EDVAYRHKQNPTLWMSGFIC encoding is removed.

2026-06-11 12:20:18 - __main__ - INFO - Input matrix with NKWVLGFCAHDYRSTMQIPE encoding is generated.
2026-06-11 12:26:09 - __main__ - INFO - NKWVLGFCAHDYRSTMQIPE encoding is done for multiclass task with:
	-custom
		-f1: 0.6606300514225697
		-auroc: 0.8904524094716836
	-resnet
		-f1: 0.769988005041765
		-auroc: 0.9388851474006351
2026-06-11 12:26:09 - __main__ - INFO - Input matrix with NKWVLGFCAHDYRSTMQIPE encoding is removed.

2026-06-11 12:26:23 - __main__ - INFO - Input matrix with ECRHDNYLWITMFSGPQAVK encoding is generated.
2026-06-11 12:32:14 - __main__ - INFO - ECRHDNYLWITMFSGPQAVK encoding is done for multiclass task with:
	-custom
		-f1: 0.6448424600427574
		-auroc: 0.8824851737750998
	-resnet
		-f1: 0.7626167324909117
		-auroc: 0.9399022439851248
2026-06-11 12:32:14 - __main__ - INFO - Input matrix with ECRHDNYLWITMFSGPQAVK encoding is removed.

2026-06-11 12:32:28 - __main__ - INFO - Input matrix with MKIWERCDLYTGFHVAPNQS encoding is generated.
2026-06-11 12:38:16 - __main__ - INFO - MKIWERCDLYTGFHVAPNQS encoding is done for multiclass task with:
	-custom
		-f1: 0.6470431760861033
		-auroc: 0.8803354180886203
	-resnet
		-f1: 0.7651935048925557
		-auroc: 0.9417416840359432
2026-06-11 12:38:16 - __main__ - INFO - Input matrix with MKIWERCDLYTGFHVAPNQS encoding is removed.

2026-06-11 12:38:30 - __main__ - INFO - Input matrix with PGMNKFIDQTRAYVWELSCH encoding is generated.
2026-06-11 12:44:13 - __main__ - INFO - PGMNKFIDQTRAYVWELSCH encoding is done for multiclass task with:
	-custom
		-f1: 0.644551069344558
		-auroc: 0.882827766396708
	-resnet
		-f1: 0.7365601835986995
		-auroc: 0.9345945317193991
2026-06-11 12:44:13 - __main__ - INFO - Input matrix with PGMNKFIDQTRAYVWELSCH encoding is removed.

2026-06-11 12:44:27 - __main__ - INFO - Input matrix with MNTIQKWRGSHYFVLPAEDC encoding is generated.
2026-06-11 12:50:20 - __main__ - INFO - MNTIQKWRGSHYFVLPAEDC encoding is done for multiclass task with:
	-custom
		-f1: 0.6457213695931526
		-auroc: 0.8844020373110852
	-resnet
		-f1: 0.76947108961571
		-auroc: 0.9403605234075784
2026-06-11 12:50:20 - __main__ - INFO - Input matrix with MNTIQKWRGSHYFVLPAEDC encoding is removed.

2026-06-11 12:50:34 - __main__ - INFO - Input matrix with GSMTFCNYALKPIVHDEWRQ encoding is generated.
2026-06-11 12:56:39 - __main__ - INFO - GSMTFCNYALKPIVHDEWRQ encoding is done for multiclass task with:
	-custom
		-f1: 0.6226885722045937
		-auroc: 0.8845499949120201
	-resnet
		-f1: 0.7655060776006495
		-auroc: 0.9393218771811032
2026-06-11 12:56:39 - __main__ - INFO - Input matrix with GSMTFCNYALKPIVHDEWRQ encoding is removed.

2026-06-11 12:56:53 - __main__ - INFO - Input matrix with APWTCNRISMYFLGVHKDEQ encoding is generated.
2026-06-11 13:02:40 - __main__ - INFO - APWTCNRISMYFLGVHKDEQ encoding is done for multiclass task with:
	-custom
		-f1: 0.6522118266794815
		-auroc: 0.8853945687041156
	-resnet
		-f1: 0.7927859181481818
		-auroc: 0.9448392890555068
2026-06-11 13:02:40 - __main__ - INFO - Input matrix with APWTCNRISMYFLGVHKDEQ encoding is removed.

2026-06-11 13:02:54 - __main__ - INFO - Input matrix with LWTQCYFHIRESKMPDVGNA encoding is generated.
2026-06-11 13:08:45 - __main__ - INFO - LWTQCYFHIRESKMPDVGNA encoding is done for multiclass task with:
	-custom
		-f1: 0.6405395890966995
		-auroc: 0.8842462514382337
	-resnet
		-f1: 0.770925606756077
		-auroc: 0.9404286279389847
2026-06-11 13:08:45 - __main__ - INFO - Input matrix with LWTQCYFHIRESKMPDVGNA encoding is removed.

2026-06-11 13:08:59 - __main__ - INFO - Input matrix with ADLQHWFGSKMPEVCIYTNR encoding is generated.
2026-06-11 13:14:47 - __main__ - INFO - ADLQHWFGSKMPEVCIYTNR encoding is done for multiclass task with:
	-custom
		-f1: 0.6447261860048116
		-auroc: 0.8832246703797504
	-resnet
		-f1: 0.7752998182252759
		-auroc: 0.9401530623169279
2026-06-11 13:14:47 - __main__ - INFO - Input matrix with ADLQHWFGSKMPEVCIYTNR encoding is removed.

2026-06-11 13:15:01 - __main__ - INFO - Input matrix with LQRVDPACYKMFHGIWSTEN encoding is generated.
2026-06-11 13:20:51 - __main__ - INFO - LQRVDPACYKMFHGIWSTEN encoding is done for multiclass task with:
	-custom
		-f1: 0.6506026654908644
		-auroc: 0.8828517629707562
	-resnet
		-f1: 0.7728899770932081
		-auroc: 0.9401879478463864
2026-06-11 13:20:51 - __main__ - INFO - Input matrix with LQRVDPACYKMFHGIWSTEN encoding is removed.

2026-06-11 13:21:05 - __main__ - INFO - Input matrix with ATDIFHMYGLKRWSCNPQVE encoding is generated.
2026-06-11 13:26:54 - __main__ - INFO - ATDIFHMYGLKRWSCNPQVE encoding is done for multiclass task with:
	-custom
		-f1: 0.6511244560645719
		-auroc: 0.8834546481987987
	-resnet
		-f1: 0.7861472633096911
		-auroc: 0.9477727551117692
2026-06-11 13:26:54 - __main__ - INFO - Input matrix with ATDIFHMYGLKRWSCNPQVE encoding is removed.

2026-06-11 13:27:08 - __main__ - INFO - Input matrix with FPYTAWGSCQKHRINVLEMD encoding is generated.
2026-06-11 13:32:58 - __main__ - INFO - FPYTAWGSCQKHRINVLEMD encoding is done for multiclass task with:
	-custom
		-f1: 0.6389835751393647
		-auroc: 0.8846084960874769
	-resnet
		-f1: 0.7638884700046022
		-auroc: 0.941493642636978
2026-06-11 13:32:58 - __main__ - INFO - Input matrix with FPYTAWGSCQKHRINVLEMD encoding is removed.

2026-06-11 13:33:12 - __main__ - INFO - Input matrix with SFMAYQEDPVTWNHILGKCR encoding is generated.
2026-06-11 13:38:55 - __main__ - INFO - SFMAYQEDPVTWNHILGKCR encoding is done for multiclass task with:
	-custom
		-f1: 0.6547975142056152
		-auroc: 0.8857860210223567
	-resnet
		-f1: 0.7571906847206762
		-auroc: 0.9409107445045347
2026-06-11 13:38:55 - __main__ - INFO - Input matrix with SFMAYQEDPVTWNHILGKCR encoding is removed.

2026-06-11 13:39:09 - __main__ - INFO - Input matrix with AMTIYKQCPRGWLNHEDVFS encoding is generated.
2026-06-11 13:44:59 - __main__ - INFO - AMTIYKQCPRGWLNHEDVFS encoding is done for multiclass task with:
	-custom
		-f1: 0.6366954791395012
		-auroc: 0.8831324951709891
	-resnet
		-f1: 0.7418476925650036
		-auroc: 0.9314004163056848
2026-06-11 13:44:59 - __main__ - INFO - Input matrix with AMTIYKQCPRGWLNHEDVFS encoding is removed.

2026-06-11 13:45:13 - __main__ - INFO - Input matrix with QCNESYPHWTIRKMGFLDAV encoding is generated.
2026-06-11 13:51:01 - __main__ - INFO - QCNESYPHWTIRKMGFLDAV encoding is done for multiclass task with:
	-custom
		-f1: 0.6455514557962791
		-auroc: 0.8816201184855912
	-resnet
		-f1: 0.7341069719511493
		-auroc: 0.9375050467366103
2026-06-11 13:51:01 - __main__ - INFO - Input matrix with QCNESYPHWTIRKMGFLDAV encoding is removed.

2026-06-11 13:51:15 - __main__ - INFO - Input matrix with EIVNFWLRQGCDMHYSAPTK encoding is generated.
2026-06-11 13:57:02 - __main__ - INFO - EIVNFWLRQGCDMHYSAPTK encoding is done for multiclass task with:
	-custom
		-f1: 0.6320355431744789
		-auroc: 0.8774717259497395
	-resnet
		-f1: 0.773277905147427
		-auroc: 0.9451809326607636
2026-06-11 13:57:02 - __main__ - INFO - Input matrix with EIVNFWLRQGCDMHYSAPTK encoding is removed.

2026-06-11 13:57:16 - __main__ - INFO - Input matrix with FGYVKTRIHEMWANQDLPCS encoding is generated.
2026-06-11 14:03:03 - __main__ - INFO - FGYVKTRIHEMWANQDLPCS encoding is done for multiclass task with:
	-custom
		-f1: 0.6418712876051745
		-auroc: 0.8831581077242638
	-resnet
		-f1: 0.7468585922126151
		-auroc: 0.9359768083766346
2026-06-11 14:03:03 - __main__ - INFO - Input matrix with FGYVKTRIHEMWANQDLPCS encoding is removed.

2026-06-11 14:03:17 - __main__ - INFO - Input matrix with RPSLNEDCWQGTMIYKFVAH encoding is generated.
2026-06-11 14:09:06 - __main__ - INFO - RPSLNEDCWQGTMIYKFVAH encoding is done for multiclass task with:
	-custom
		-f1: 0.6400596782095571
		-auroc: 0.883317600584518
	-resnet
		-f1: 0.7280928757548135
		-auroc: 0.9311907292009807
2026-06-11 14:09:06 - __main__ - INFO - Input matrix with RPSLNEDCWQGTMIYKFVAH encoding is removed.

2026-06-11 14:09:19 - __main__ - INFO - Input matrix with SGRPTVKQWFCAIHYMNDEL encoding is generated.
2026-06-11 14:15:08 - __main__ - INFO - SGRPTVKQWFCAIHYMNDEL encoding is done for multiclass task with:
	-custom
		-f1: 0.6420728984712195
		-auroc: 0.8815014064066482
	-resnet
		-f1: 0.732197429787797
		-auroc: 0.9292326684296492
2026-06-11 14:15:08 - __main__ - INFO - Input matrix with SGRPTVKQWFCAIHYMNDEL encoding is removed.

2026-06-11 14:15:22 - __main__ - INFO - Input matrix with MTDCKIPWVGYENFSALRHQ encoding is generated.
2026-06-11 14:21:11 - __main__ - INFO - MTDCKIPWVGYENFSALRHQ encoding is done for multiclass task with:
	-custom
		-f1: 0.6422133675660817
		-auroc: 0.8796035377976997
	-resnet
		-f1: 0.7543940663104175
		-auroc: 0.9391224854351506
2026-06-11 14:21:11 - __main__ - INFO - Input matrix with MTDCKIPWVGYENFSALRHQ encoding is removed.

2026-06-11 14:21:25 - __main__ - INFO - Input matrix with IKMDWCGYHENLTSVQRAPF encoding is generated.
2026-06-11 14:27:14 - __main__ - INFO - IKMDWCGYHENLTSVQRAPF encoding is done for multiclass task with:
	-custom
		-f1: 0.64091657295183
		-auroc: 0.8821013957653694
	-resnet
		-f1: 0.6872398243700177
		-auroc: 0.9249744661083188
2026-06-11 14:27:14 - __main__ - INFO - Input matrix with IKMDWCGYHENLTSVQRAPF encoding is removed.

2026-06-11 14:27:28 - __main__ - INFO - Input matrix with FLQMVNRDWHTSACIEYPKG encoding is generated.
2026-06-11 14:33:19 - __main__ - INFO - FLQMVNRDWHTSACIEYPKG encoding is done for multiclass task with:
	-custom
		-f1: 0.6486599673771656
		-auroc: 0.8841114500795959
	-resnet
		-f1: 0.7701813296879936
		-auroc: 0.940789380656533
2026-06-11 14:33:19 - __main__ - INFO - Input matrix with FLQMVNRDWHTSACIEYPKG encoding is removed.

2026-06-11 14:33:33 - __main__ - INFO - Input matrix with KWRAHPNDESVTLYMQGFCI encoding is generated.
2026-06-11 14:39:23 - __main__ - INFO - KWRAHPNDESVTLYMQGFCI encoding is done for multiclass task with:
	-custom
		-f1: 0.6426595687980947
		-auroc: 0.8816024970964342
	-resnet
		-f1: 0.7771651018817847
		-auroc: 0.9417573550569177
2026-06-11 14:39:23 - __main__ - INFO - Input matrix with KWRAHPNDESVTLYMQGFCI encoding is removed.

2026-06-11 14:39:37 - __main__ - INFO - Input matrix with MAPIKECLVDGYQSRWHNTF encoding is generated.
2026-06-11 14:45:26 - __main__ - INFO - MAPIKECLVDGYQSRWHNTF encoding is done for multiclass task with:
	-custom
		-f1: 0.6466290922315855
		-auroc: 0.8855908344782637
	-resnet
		-f1: 0.7630171102075484
		-auroc: 0.9442271840630566
2026-06-11 14:45:26 - __main__ - INFO - Input matrix with MAPIKECLVDGYQSRWHNTF encoding is removed.

2026-06-11 14:45:40 - __main__ - INFO - Input matrix with QFLSRPNCMWAVYHKTEIDG encoding is generated.
2026-06-11 14:51:31 - __main__ - INFO - QFLSRPNCMWAVYHKTEIDG encoding is done for multiclass task with:
	-custom
		-f1: 0.6488087741564119
		-auroc: 0.885169651326675
	-resnet
		-f1: 0.7709641055443099
		-auroc: 0.9422635501864853
2026-06-11 14:51:31 - __main__ - INFO - Input matrix with QFLSRPNCMWAVYHKTEIDG encoding is removed.

2026-06-11 14:51:45 - __main__ - INFO - Input matrix with RIMPQHDAGKWVNSLYCFTE encoding is generated.
2026-06-11 14:57:35 - __main__ - INFO - RIMPQHDAGKWVNSLYCFTE encoding is done for multiclass task with:
	-custom
		-f1: 0.6520351182153984
		-auroc: 0.8831121016482552
	-resnet
		-f1: 0.7652407478056784
		-auroc: 0.9372945562703512
2026-06-11 14:57:35 - __main__ - INFO - Input matrix with RIMPQHDAGKWVNSLYCFTE encoding is removed.

2026-06-11 14:57:49 - __main__ - INFO - Input matrix with VTYPKEQFGAWCSDNIHLMR encoding is generated.
2026-06-11 15:03:38 - __main__ - INFO - VTYPKEQFGAWCSDNIHLMR encoding is done for multiclass task with:
	-custom
		-f1: 0.6600716633766229
		-auroc: 0.891033290776034
	-resnet
		-f1: 0.7485765584538898
		-auroc: 0.9370099417639917
2026-06-11 15:03:38 - __main__ - INFO - Input matrix with VTYPKEQFGAWCSDNIHLMR encoding is removed.

2026-06-11 15:03:51 - __main__ - INFO - Input matrix with QNKMSTRYGWECPIFLHVDA encoding is generated.
2026-06-11 15:09:42 - __main__ - INFO - QNKMSTRYGWECPIFLHVDA encoding is done for multiclass task with:
	-custom
		-f1: 0.6321903179296209
		-auroc: 0.8775254625726344
	-resnet
		-f1: 0.7636723501003515
		-auroc: 0.939500050581754
2026-06-11 15:09:42 - __main__ - INFO - Input matrix with QNKMSTRYGWECPIFLHVDA encoding is removed.

2026-06-11 15:09:56 - __main__ - INFO - Input matrix with PAWFECMRVKIDNYHLSQGT encoding is generated.
2026-06-11 15:15:46 - __main__ - INFO - PAWFECMRVKIDNYHLSQGT encoding is done for multiclass task with:
	-custom
		-f1: 0.6427430335446014
		-auroc: 0.8805977948777792
	-resnet
		-f1: 0.6921401929971573
		-auroc: 0.9382078991828185
2026-06-11 15:15:46 - __main__ - INFO - Input matrix with PAWFECMRVKIDNYHLSQGT encoding is removed.

2026-06-11 15:16:00 - __main__ - INFO - Input matrix with LPGQMAKCETWDFIHNSRYV encoding is generated.
2026-06-11 15:21:45 - __main__ - INFO - LPGQMAKCETWDFIHNSRYV encoding is done for multiclass task with:
	-custom
		-f1: 0.656369745330654
		-auroc: 0.888020355557169
	-resnet
		-f1: 0.7603148861122117
		-auroc: 0.9370279982952429
2026-06-11 15:21:45 - __main__ - INFO - Input matrix with LPGQMAKCETWDFIHNSRYV encoding is removed.

2026-06-11 15:21:59 - __main__ - INFO - Input matrix with WHDRCGMKFVTYPAENISQL encoding is generated.
2026-06-11 15:27:48 - __main__ - INFO - WHDRCGMKFVTYPAENISQL encoding is done for multiclass task with:
	-custom
		-f1: 0.6446784659168515
		-auroc: 0.8869597558423343
	-resnet
		-f1: 0.7624074800031606
		-auroc: 0.9466090890666701
2026-06-11 15:27:48 - __main__ - INFO - Input matrix with WHDRCGMKFVTYPAENISQL encoding is removed.

2026-06-11 15:28:02 - __main__ - INFO - Input matrix with WAQCKRVLFHGNEMTPDSYI encoding is generated.
2026-06-11 15:33:52 - __main__ - INFO - WAQCKRVLFHGNEMTPDSYI encoding is done for multiclass task with:
	-custom
		-f1: 0.6409923903303301
		-auroc: 0.8841336812795685
	-resnet
		-f1: 0.7585694665539489
		-auroc: 0.9369296218728718
2026-06-11 15:33:52 - __main__ - INFO - Input matrix with WAQCKRVLFHGNEMTPDSYI encoding is removed.

2026-06-11 15:34:06 - __main__ - INFO - Input matrix with EFPCDQGWTYNALMIRHSKV encoding is generated.
2026-06-11 15:39:56 - __main__ - INFO - EFPCDQGWTYNALMIRHSKV encoding is done for multiclass task with:
	-custom
		-f1: 0.6576102728807697
		-auroc: 0.883810071419696
	-resnet
		-f1: 0.7775061932222168
		-auroc: 0.9426864150712376
2026-06-11 15:39:56 - __main__ - INFO - Input matrix with EFPCDQGWTYNALMIRHSKV encoding is removed.

2026-06-11 15:40:10 - __main__ - INFO - Input matrix with QLVKYPGHETIFWNRAMSCD encoding is generated.
2026-06-11 15:45:59 - __main__ - INFO - QLVKYPGHETIFWNRAMSCD encoding is done for multiclass task with:
	-custom
		-f1: 0.637820932718802
		-auroc: 0.8846191485716354
	-resnet
		-f1: 0.7639533028217459
		-auroc: 0.9392419231830547
2026-06-11 15:45:59 - __main__ - INFO - Input matrix with QLVKYPGHETIFWNRAMSCD encoding is removed.

2026-06-11 15:46:13 - __main__ - INFO - Input matrix with PHCFWMGNAEIDSLQVTRYK encoding is generated.
2026-06-11 15:52:00 - __main__ - INFO - PHCFWMGNAEIDSLQVTRYK encoding is done for multiclass task with:
	-custom
		-f1: 0.6493609988937623
		-auroc: 0.8885614530083922
	-resnet
		-f1: 0.7697673822813271
		-auroc: 0.9382774039602136
2026-06-11 15:52:00 - __main__ - INFO - Input matrix with PHCFWMGNAEIDSLQVTRYK encoding is removed.

2026-06-11 15:52:14 - __main__ - INFO - Input matrix with HRQGSKELIPAFYCDVWNTM encoding is generated.
2026-06-11 15:58:05 - __main__ - INFO - HRQGSKELIPAFYCDVWNTM encoding is done for multiclass task with:
	-custom
		-f1: 0.6530560876587266
		-auroc: 0.8838859173010682
	-resnet
		-f1: 0.7654654396871806
		-auroc: 0.9400157271553269
2026-06-11 15:58:05 - __main__ - INFO - Input matrix with HRQGSKELIPAFYCDVWNTM encoding is removed.

2026-06-11 15:58:19 - __main__ - INFO - Input matrix with STFCLGNQEWAIDRVMPHYK encoding is generated.
2026-06-11 16:04:09 - __main__ - INFO - STFCLGNQEWAIDRVMPHYK encoding is done for multiclass task with:
	-custom
		-f1: 0.6455542291164647
		-auroc: 0.8881332268293702
	-resnet
		-f1: 0.7491195067584652
		-auroc: 0.9390431828732029
2026-06-11 16:04:09 - __main__ - INFO - Input matrix with STFCLGNQEWAIDRVMPHYK encoding is removed.

2026-06-11 16:04:23 - __main__ - INFO - Input matrix with GPHQSLANRDYMWVCKEITF encoding is generated.
2026-06-11 16:10:08 - __main__ - INFO - GPHQSLANRDYMWVCKEITF encoding is done for multiclass task with:
	-custom
		-f1: 0.6359658442722396
		-auroc: 0.8802481847347112
	-resnet
		-f1: 0.7526594780115777
		-auroc: 0.9406604074585054
2026-06-11 16:10:08 - __main__ - INFO - Input matrix with GPHQSLANRDYMWVCKEITF encoding is removed.

2026-06-11 16:10:22 - __main__ - INFO - Input matrix with DQIHWYSAMKRECNPGFTVL encoding is generated.
2026-06-11 16:16:12 - __main__ - INFO - DQIHWYSAMKRECNPGFTVL encoding is done for multiclass task with:
	-custom
		-f1: 0.6511675465383011
		-auroc: 0.8815511441849628
	-resnet
		-f1: 0.7434006468780461
		-auroc: 0.9320181603054285
2026-06-11 16:16:12 - __main__ - INFO - Input matrix with DQIHWYSAMKRECNPGFTVL encoding is removed.

2026-06-11 16:16:26 - __main__ - INFO - Input matrix with IMLSQCFEVTYRKDWHNAGP encoding is generated.
2026-06-11 16:22:13 - __main__ - INFO - IMLSQCFEVTYRKDWHNAGP encoding is done for multiclass task with:
	-custom
		-f1: 0.6485150195308522
		-auroc: 0.8835474032304527
	-resnet
		-f1: 0.7730060124815016
		-auroc: 0.9397407843747161
2026-06-11 16:22:13 - __main__ - INFO - Input matrix with IMLSQCFEVTYRKDWHNAGP encoding is removed.

2026-06-11 16:22:27 - __main__ - INFO - Input matrix with FCHIMERLNTYKPSDAQVWG encoding is generated.
2026-06-11 16:28:17 - __main__ - INFO - FCHIMERLNTYKPSDAQVWG encoding is done for multiclass task with:
	-custom
		-f1: 0.6342134309454414
		-auroc: 0.8816203449574335
	-resnet
		-f1: 0.7593781830462681
		-auroc: 0.9422501420159612
2026-06-11 16:28:17 - __main__ - INFO - Input matrix with FCHIMERLNTYKPSDAQVWG encoding is removed.

2026-06-11 16:28:31 - __main__ - INFO - Input matrix with LFIMDSAEQWRPGNHKYTVC encoding is generated.
2026-06-11 16:34:20 - __main__ - INFO - LFIMDSAEQWRPGNHKYTVC encoding is done for multiclass task with:
	-custom
		-f1: 0.6465002713052781
		-auroc: 0.8878640397682828
	-resnet
		-f1: 0.7776975136268589
		-auroc: 0.9435829797606221
2026-06-11 16:34:20 - __main__ - INFO - Input matrix with LFIMDSAEQWRPGNHKYTVC encoding is removed.

2026-06-11 16:34:34 - __main__ - INFO - Input matrix with RPNVTFDMSKAECQGLWHIY encoding is generated.
2026-06-11 16:40:22 - __main__ - INFO - RPNVTFDMSKAECQGLWHIY encoding is done for multiclass task with:
	-custom
		-f1: 0.6664423091445167
		-auroc: 0.8867982188694651
	-resnet
		-f1: 0.7315996351087202
		-auroc: 0.9341355523160526
2026-06-11 16:40:22 - __main__ - INFO - Input matrix with RPNVTFDMSKAECQGLWHIY encoding is removed.

2026-06-11 16:40:36 - __main__ - INFO - Input matrix with ARSLNVDGTHPQWCEIMYKF encoding is generated.
2026-06-11 16:46:25 - __main__ - INFO - ARSLNVDGTHPQWCEIMYKF encoding is done for multiclass task with:
	-custom
		-f1: 0.644676152665609
		-auroc: 0.8842034126128617
	-resnet
		-f1: 0.725588091436274
		-auroc: 0.9367431292187038
2026-06-11 16:46:25 - __main__ - INFO - Input matrix with ARSLNVDGTHPQWCEIMYKF encoding is removed.

2026-06-11 16:46:38 - __main__ - INFO - Input matrix with QYPGFRNTMSECAIDLVKWH encoding is generated.
2026-06-11 16:52:25 - __main__ - INFO - QYPGFRNTMSECAIDLVKWH encoding is done for multiclass task with:
	-custom
		-f1: 0.6407085337182025
		-auroc: 0.8827174828006645
	-resnet
		-f1: 0.76270809172364
		-auroc: 0.9426655870040461
2026-06-11 16:52:25 - __main__ - INFO - Input matrix with QYPGFRNTMSECAIDLVKWH encoding is removed.

2026-06-11 16:52:39 - __main__ - INFO - Input matrix with MIRCEYVLHFTAGDWSKPQN encoding is generated.
2026-06-11 16:58:29 - __main__ - INFO - MIRCEYVLHFTAGDWSKPQN encoding is done for multiclass task with:
	-custom
		-f1: 0.650188691347347
		-auroc: 0.8834880256439381
	-resnet
		-f1: 0.7532138503374728
		-auroc: 0.9387576519586032
2026-06-11 16:58:29 - __main__ - INFO - Input matrix with MIRCEYVLHFTAGDWSKPQN encoding is removed.

2026-06-11 16:58:43 - __main__ - INFO - Input matrix with HTQKLSYRGVFAENIWDMCP encoding is generated.
2026-06-11 17:04:33 - __main__ - INFO - HTQKLSYRGVFAENIWDMCP encoding is done for multiclass task with:
	-custom
		-f1: 0.6508199601030666
		-auroc: 0.8851491510638583
	-resnet
		-f1: 0.7568221059102964
		-auroc: 0.9419072923191102
2026-06-11 17:04:33 - __main__ - INFO - Input matrix with HTQKLSYRGVFAENIWDMCP encoding is removed.

2026-06-11 17:04:47 - __main__ - INFO - Input matrix with QYWEPSMLTHDNVKFARCIG encoding is generated.
2026-06-11 17:10:37 - __main__ - INFO - QYWEPSMLTHDNVKFARCIG encoding is done for multiclass task with:
	-custom
		-f1: 0.6469301281325093
		-auroc: 0.8836576876918271
	-resnet
		-f1: 0.7339008025567437
		-auroc: 0.936779101353055
2026-06-11 17:10:37 - __main__ - INFO - Input matrix with QYWEPSMLTHDNVKFARCIG encoding is removed.

2026-06-11 17:10:51 - __main__ - INFO - Input matrix with RVEAYIPFCWMHLGKTSQDN encoding is generated.
2026-06-11 17:16:41 - __main__ - INFO - RVEAYIPFCWMHLGKTSQDN encoding is done for multiclass task with:
	-custom
		-f1: 0.6512661658096759
		-auroc: 0.8850305832649971
	-resnet
		-f1: 0.7643609869737693
		-auroc: 0.9412681266545988
2026-06-11 17:16:41 - __main__ - INFO - Input matrix with RVEAYIPFCWMHLGKTSQDN encoding is removed.

2026-06-11 17:16:55 - __main__ - INFO - Input matrix with TERQIPSNYDMHKLWGVAFC encoding is generated.
2026-06-11 17:22:45 - __main__ - INFO - TERQIPSNYDMHKLWGVAFC encoding is done for multiclass task with:
	-custom
		-f1: 0.6426069202844061
		-auroc: 0.8852253016301159
	-resnet
		-f1: 0.7419999657612302
		-auroc: 0.9382444645824363
2026-06-11 17:22:45 - __main__ - INFO - Input matrix with TERQIPSNYDMHKLWGVAFC encoding is removed.

2026-06-11 17:22:59 - __main__ - INFO - Input matrix with PMWRACETYIGFKNVSHLQD encoding is generated.
2026-06-11 17:28:47 - __main__ - INFO - PMWRACETYIGFKNVSHLQD encoding is done for multiclass task with:
	-custom
		-f1: 0.650416036350569
		-auroc: 0.8845396836386017
	-resnet
		-f1: 0.7613406617768309
		-auroc: 0.9383331023248227
2026-06-11 17:28:47 - __main__ - INFO - Input matrix with PMWRACETYIGFKNVSHLQD encoding is removed.

2026-06-11 17:29:01 - __main__ - INFO - Input matrix with KFPYNDRQSAHLMIWCGTEV encoding is generated.
2026-06-11 17:34:46 - __main__ - INFO - KFPYNDRQSAHLMIWCGTEV encoding is done for multiclass task with:
	-custom
		-f1: 0.6418783042855072
		-auroc: 0.882569915396626
	-resnet
		-f1: 0.7595047982411519
		-auroc: 0.9393911711215225
2026-06-11 17:34:46 - __main__ - INFO - Input matrix with KFPYNDRQSAHLMIWCGTEV encoding is removed.

2026-06-11 17:35:01 - __main__ - INFO - Input matrix with HVWNMSYTDGLIEAPCRFQK encoding is generated.
2026-06-11 17:40:50 - __main__ - INFO - HVWNMSYTDGLIEAPCRFQK encoding is done for multiclass task with:
	-custom
		-f1: 0.6357788389425542
		-auroc: 0.8848679980140115
	-resnet
		-f1: 0.7677877494821729
		-auroc: 0.9393259610664131
2026-06-11 17:40:50 - __main__ - INFO - Input matrix with HVWNMSYTDGLIEAPCRFQK encoding is removed.

2026-06-11 17:41:04 - __main__ - INFO - Input matrix with VELFITAWYHSKQCNRDMGP encoding is generated.
2026-06-11 17:46:54 - __main__ - INFO - VELFITAWYHSKQCNRDMGP encoding is done for multiclass task with:
	-custom
		-f1: 0.6426905848874733
		-auroc: 0.8804335372824108
	-resnet
		-f1: 0.7141849030678165
		-auroc: 0.9318176098576636
2026-06-11 17:46:54 - __main__ - INFO - Input matrix with VELFITAWYHSKQCNRDMGP encoding is removed.

2026-06-11 17:47:08 - __main__ - INFO - Input matrix with KALMEWQDCRNYITVPGSFH encoding is generated.
2026-06-11 17:52:57 - __main__ - INFO - KALMEWQDCRNYITVPGSFH encoding is done for multiclass task with:
	-custom
		-f1: 0.6411898462614669
		-auroc: 0.883629784160127
	-resnet
		-f1: 0.7511509773291969
		-auroc: 0.9410979855983959
2026-06-11 17:52:57 - __main__ - INFO - Input matrix with KALMEWQDCRNYITVPGSFH encoding is removed.

2026-06-11 17:53:11 - __main__ - INFO - Input matrix with CWHSEGMIQDYFNPTRVALK encoding is generated.
2026-06-11 17:58:55 - __main__ - INFO - CWHSEGMIQDYFNPTRVALK encoding is done for multiclass task with:
	-custom
		-f1: 0.6465039727627575
		-auroc: 0.8832494022702907
	-resnet
		-f1: 0.7866924284656603
		-auroc: 0.9407720795882064
2026-06-11 17:58:55 - __main__ - INFO - Input matrix with CWHSEGMIQDYFNPTRVALK encoding is removed.

2026-06-11 17:59:09 - __main__ - INFO - Input matrix with CKARHDINYVLSETFGWQPM encoding is generated.
2026-06-11 18:04:58 - __main__ - INFO - CKARHDINYVLSETFGWQPM encoding is done for multiclass task with:
	-custom
		-f1: 0.6510222870875264
		-auroc: 0.8853567657534669
	-resnet
		-f1: 0.7482064012561078
		-auroc: 0.939792493078011
2026-06-11 18:04:58 - __main__ - INFO - Input matrix with CKARHDINYVLSETFGWQPM encoding is removed.

2026-06-11 18:05:12 - __main__ - INFO - Input matrix with QLHMIWRTASYCNKVEGPFD encoding is generated.
2026-06-11 18:11:00 - __main__ - INFO - QLHMIWRTASYCNKVEGPFD encoding is done for multiclass task with:
	-custom
		-f1: 0.6555617047927951
		-auroc: 0.8849245161714794
	-resnet
		-f1: 0.7387741897545037
		-auroc: 0.9337442224598312
2026-06-11 18:11:00 - __main__ - INFO - Input matrix with QLHMIWRTASYCNKVEGPFD encoding is removed.

2026-06-11 18:11:14 - __main__ - INFO - Input matrix with NMKIGWLVCDQTAEYPHRFS encoding is generated.
2026-06-11 18:17:04 - __main__ - INFO - NMKIGWLVCDQTAEYPHRFS encoding is done for multiclass task with:
	-custom
		-f1: 0.6562664945194612
		-auroc: 0.8891109633559866
	-resnet
		-f1: 0.751887725315774
		-auroc: 0.9371507445906835
2026-06-11 18:17:04 - __main__ - INFO - Input matrix with NMKIGWLVCDQTAEYPHRFS encoding is removed.

2026-06-11 18:17:18 - __main__ - INFO - Input matrix with RCGLTPYISHFDWKENAQMV encoding is generated.
2026-06-11 18:23:07 - __main__ - INFO - RCGLTPYISHFDWKENAQMV encoding is done for multiclass task with:
	-custom
		-f1: 0.6327783873737356
		-auroc: 0.8821561323613137
	-resnet
		-f1: 0.7591591428606845
		-auroc: 0.9393149926367903
2026-06-11 18:23:07 - __main__ - INFO - Input matrix with RCGLTPYISHFDWKENAQMV encoding is removed.

2026-06-11 18:23:20 - __main__ - INFO - Input matrix with NFPSVIYQALCDKWRMGTHE encoding is generated.
2026-06-11 18:29:09 - __main__ - INFO - NFPSVIYQALCDKWRMGTHE encoding is done for multiclass task with:
	-custom
		-f1: 0.635114615312717
		-auroc: 0.8790375668204209
	-resnet
		-f1: 0.768358736252015
		-auroc: 0.9454955716757907
2026-06-11 18:29:09 - __main__ - INFO - Input matrix with NFPSVIYQALCDKWRMGTHE encoding is removed.

2026-06-11 18:29:23 - __main__ - INFO - Input matrix with AKIMCYGQNSRTPEWVLDHF encoding is generated.
2026-06-11 18:35:12 - __main__ - INFO - AKIMCYGQNSRTPEWVLDHF encoding is done for multiclass task with:
	-custom
		-f1: 0.6462986802768186
		-auroc: 0.8847379578146697
	-resnet
		-f1: 0.7552126270821876
		-auroc: 0.9392500795706583
2026-06-11 18:35:12 - __main__ - INFO - Input matrix with AKIMCYGQNSRTPEWVLDHF encoding is removed.

2026-06-11 18:35:26 - __main__ - INFO - Input matrix with PSQNVFAHKMIDWERLTGCY encoding is generated.
2026-06-11 18:41:16 - __main__ - INFO - PSQNVFAHKMIDWERLTGCY encoding is done for multiclass task with:
	-custom
		-f1: 0.6496319522398754
		-auroc: 0.883263073806803
	-resnet
		-f1: 0.7612621982980011
		-auroc: 0.9384496986026658
2026-06-11 18:41:16 - __main__ - INFO - Input matrix with PSQNVFAHKMIDWERLTGCY encoding is removed.

2026-06-11 18:41:30 - __main__ - INFO - Input matrix with RHYDVTECWSPFIAKQNGLM encoding is generated.
2026-06-11 18:47:23 - __main__ - INFO - RHYDVTECWSPFIAKQNGLM encoding is done for multiclass task with:
	-custom
		-f1: 0.651507002277605
		-auroc: 0.8829923186789495
	-resnet
		-f1: 0.7585877118783484
		-auroc: 0.936271566988065
2026-06-11 18:47:23 - __main__ - INFO - Input matrix with RHYDVTECWSPFIAKQNGLM encoding is removed.

2026-06-11 18:47:36 - __main__ - INFO - Input matrix with YHDTWICNLAQPSGKREMVF encoding is generated.
2026-06-11 18:53:26 - __main__ - INFO - YHDTWICNLAQPSGKREMVF encoding is done for multiclass task with:
	-custom
		-f1: 0.6444366682440666
		-auroc: 0.8840698266310583
	-resnet
		-f1: 0.7277462906644951
		-auroc: 0.9306526734524867
2026-06-11 18:53:26 - __main__ - INFO - Input matrix with YHDTWICNLAQPSGKREMVF encoding is removed.

2026-06-11 18:53:40 - __main__ - INFO - Input matrix with FQKYIRGNMSEHTLVWCAPD encoding is generated.
2026-06-11 18:59:19 - __main__ - INFO - FQKYIRGNMSEHTLVWCAPD encoding is done for multiclass task with:
	-custom
		-f1: 0.6425434378679639
		-auroc: 0.8852817394298456
	-resnet
		-f1: 0.7564301954739074
		-auroc: 0.9442029987483316
2026-06-11 18:59:19 - __main__ - INFO - Input matrix with FQKYIRGNMSEHTLVWCAPD encoding is removed.

2026-06-11 18:59:33 - __main__ - INFO - Input matrix with NVLICPKQGFMSATHWDYRE encoding is generated.
2026-06-11 19:05:18 - __main__ - INFO - NVLICPKQGFMSATHWDYRE encoding is done for multiclass task with:
	-custom
		-f1: 0.6339769003568319
		-auroc: 0.8794353159928292
	-resnet
		-f1: 0.7720842748800998
		-auroc: 0.9402414841785477
2026-06-11 19:05:18 - __main__ - INFO - Input matrix with NVLICPKQGFMSATHWDYRE encoding is removed.

2026-06-11 19:05:32 - __main__ - INFO - Input matrix with SDFCYMLEITVHGAWNQPKR encoding is generated.
2026-06-11 19:11:13 - __main__ - INFO - SDFCYMLEITVHGAWNQPKR encoding is done for multiclass task with:
	-custom
		-f1: 0.6418565040036872
		-auroc: 0.8843556465800276
	-resnet
		-f1: 0.7561332960166455
		-auroc: 0.9363170775544949
2026-06-11 19:11:13 - __main__ - INFO - Input matrix with SDFCYMLEITVHGAWNQPKR encoding is removed.

2026-06-11 19:11:27 - __main__ - INFO - Input matrix with MTLGKRFWCHPDQENVYSIA encoding is generated.
2026-06-11 19:17:16 - __main__ - INFO - MTLGKRFWCHPDQENVYSIA encoding is done for multiclass task with:
	-custom
		-f1: 0.6372153174659149
		-auroc: 0.8865323713902058
	-resnet
		-f1: 0.7710728407002035
		-auroc: 0.9421780598883615
2026-06-11 19:17:16 - __main__ - INFO - Input matrix with MTLGKRFWCHPDQENVYSIA encoding is removed.

2026-06-11 19:17:30 - __main__ - INFO - Input matrix with EALFNTCWRVKPSYGQDIMH encoding is generated.
2026-06-11 19:23:15 - __main__ - INFO - EALFNTCWRVKPSYGQDIMH encoding is done for multiclass task with:
	-custom
		-f1: 0.6518833352036435
		-auroc: 0.8884849499729401
	-resnet
		-f1: 0.7800679132680062
		-auroc: 0.9459557525060035
2026-06-11 19:23:15 - __main__ - INFO - Input matrix with EALFNTCWRVKPSYGQDIMH encoding is removed.

2026-06-11 19:23:29 - __main__ - INFO - Input matrix with RPNCEAVGDWKMLTFQYHSI encoding is generated.
2026-06-11 19:29:17 - __main__ - INFO - RPNCEAVGDWKMLTFQYHSI encoding is done for multiclass task with:
	-custom
		-f1: 0.6541774967955772
		-auroc: 0.8879024036981351
	-resnet
		-f1: 0.7832614171170789
		-auroc: 0.946119933624437
2026-06-11 19:29:17 - __main__ - INFO - Input matrix with RPNCEAVGDWKMLTFQYHSI encoding is removed.

2026-06-11 19:29:31 - __main__ - INFO - Input matrix with NVECTFYWIQAKMHPDRLGS encoding is generated.
2026-06-11 19:35:22 - __main__ - INFO - NVECTFYWIQAKMHPDRLGS encoding is done for multiclass task with:
	-custom
		-f1: 0.6431898041069339
		-auroc: 0.8817906945076432
	-resnet
		-f1: 0.7638575297831426
		-auroc: 0.9402699655732466
2026-06-11 19:35:22 - __main__ - INFO - Input matrix with NVECTFYWIQAKMHPDRLGS encoding is removed.

2026-06-11 19:35:36 - __main__ - INFO - Input matrix with MYNIRDHQAGETKCSFPVLW encoding is generated.
2026-06-11 19:41:22 - __main__ - INFO - MYNIRDHQAGETKCSFPVLW encoding is done for multiclass task with:
	-custom
		-f1: 0.6529983233664043
		-auroc: 0.8920483830789372
	-resnet
		-f1: 0.7569036950735877
		-auroc: 0.9456634889917706
2026-06-11 19:41:22 - __main__ - INFO - Input matrix with MYNIRDHQAGETKCSFPVLW encoding is removed.

2026-06-11 19:41:36 - __main__ - INFO - Input matrix with AGCEWIQVYMSTLPHFKNRD encoding is generated.
2026-06-11 19:47:27 - __main__ - INFO - AGCEWIQVYMSTLPHFKNRD encoding is done for multiclass task with:
	-custom
		-f1: 0.6443450464790192
		-auroc: 0.8854734308571679
	-resnet
		-f1: 0.7866512758348078
		-auroc: 0.9426637858302381
2026-06-11 19:47:27 - __main__ - INFO - Input matrix with AGCEWIQVYMSTLPHFKNRD encoding is removed.

2026-06-11 19:47:41 - __main__ - INFO - Input matrix with NTDCQGEWLKVIPYAFSRMH encoding is generated.
2026-06-11 19:53:28 - __main__ - INFO - NTDCQGEWLKVIPYAFSRMH encoding is done for multiclass task with:
	-custom
		-f1: 0.6473198889344929
		-auroc: 0.882807088038507
	-resnet
		-f1: 0.7754034736254897
		-auroc: 0.9408238838921769
2026-06-11 19:53:28 - __main__ - INFO - Input matrix with NTDCQGEWLKVIPYAFSRMH encoding is removed.

2026-06-11 19:53:42 - __main__ - INFO - Input matrix with IDYACSFPKHNGRLQVEWTM encoding is generated.
2026-06-11 19:59:31 - __main__ - INFO - IDYACSFPKHNGRLQVEWTM encoding is done for multiclass task with:
	-custom
		-f1: 0.6359213652192488
		-auroc: 0.8837733525835996
	-resnet
		-f1: 0.7630899898157109
		-auroc: 0.9364477784330019
2026-06-11 19:59:31 - __main__ - INFO - Input matrix with IDYACSFPKHNGRLQVEWTM encoding is removed.

2026-06-11 19:59:45 - __main__ - INFO - Input matrix with QCYFDAPEGHNMVKRISTWL encoding is generated.
2026-06-11 20:05:34 - __main__ - INFO - QCYFDAPEGHNMVKRISTWL encoding is done for multiclass task with:
	-custom
		-f1: 0.6394149971629357
		-auroc: 0.886471561439824
	-resnet
		-f1: 0.76715545870935
		-auroc: 0.9419967377921479
2026-06-11 20:05:34 - __main__ - INFO - Input matrix with QCYFDAPEGHNMVKRISTWL encoding is removed.

2026-06-11 20:05:48 - __main__ - INFO - Input matrix with RTDECPKSNIGAVQMWYHFL encoding is generated.
2026-06-11 20:11:38 - __main__ - INFO - RTDECPKSNIGAVQMWYHFL encoding is done for multiclass task with:
	-custom
		-f1: 0.6413535470707057
		-auroc: 0.885007759543857
	-resnet
		-f1: 0.6818240886223966
		-auroc: 0.9295765864863865
2026-06-11 20:11:38 - __main__ - INFO - Input matrix with RTDECPKSNIGAVQMWYHFL encoding is removed.

2026-06-11 20:11:52 - __main__ - INFO - Input matrix with EDTLHIQYGNKPRSVWMCFA encoding is generated.
2026-06-11 20:17:41 - __main__ - INFO - EDTLHIQYGNKPRSVWMCFA encoding is done for multiclass task with:
	-custom
		-f1: 0.6451730679459934
		-auroc: 0.884294625448337
	-resnet
		-f1: 0.7514291916981508
		-auroc: 0.9434800568946647
2026-06-11 20:17:41 - __main__ - INFO - Input matrix with EDTLHIQYGNKPRSVWMCFA encoding is removed.

2026-06-11 20:17:55 - __main__ - INFO - Input matrix with ERPLTGQKYSFWHVCDAINM encoding is generated.
2026-06-11 20:23:40 - __main__ - INFO - ERPLTGQKYSFWHVCDAINM encoding is done for multiclass task with:
	-custom
		-f1: 0.6427149274500614
		-auroc: 0.8841860606758924
	-resnet
		-f1: 0.7627000148857259
		-auroc: 0.9440552478956963
2026-06-11 20:23:40 - __main__ - INFO - Input matrix with ERPLTGQKYSFWHVCDAINM encoding is removed.

2026-06-11 20:23:54 - __main__ - INFO - Input matrix with TLHMNVWDARYFCIGSKEPQ encoding is generated.
2026-06-11 20:29:45 - __main__ - INFO - TLHMNVWDARYFCIGSKEPQ encoding is done for multiclass task with:
	-custom
		-f1: 0.6502077730206143
		-auroc: 0.8847737194143876
	-resnet
		-f1: 0.7425752774124418
		-auroc: 0.9413867710448376
2026-06-11 20:29:45 - __main__ - INFO - Input matrix with TLHMNVWDARYFCIGSKEPQ encoding is removed.

2026-06-11 20:29:59 - __main__ - INFO - Input matrix with PNHVQSCAKDTMEIFLGRYW encoding is generated.
2026-06-11 20:35:46 - __main__ - INFO - PNHVQSCAKDTMEIFLGRYW encoding is done for multiclass task with:
	-custom
		-f1: 0.6537071229725192
		-auroc: 0.8875410379827293
	-resnet
		-f1: 0.7646825164640296
		-auroc: 0.9352439488184086
2026-06-11 20:35:46 - __main__ - INFO - Input matrix with PNHVQSCAKDTMEIFLGRYW encoding is removed.

2026-06-11 20:36:00 - __main__ - INFO - Input matrix with WDSIGHLATVQNKFEMPCRY encoding is generated.
2026-06-11 20:41:46 - __main__ - INFO - WDSIGHLATVQNKFEMPCRY encoding is done for multiclass task with:
	-custom
		-f1: 0.6589867311430707
		-auroc: 0.8879053959515278
	-resnet
		-f1: 0.7619091100483965
		-auroc: 0.9410481017080636
2026-06-11 20:41:46 - __main__ - INFO - Input matrix with WDSIGHLATVQNKFEMPCRY encoding is removed.

2026-06-11 20:42:00 - __main__ - INFO - Input matrix with RAEKFIPDSMLQNVHGCWYT encoding is generated.
2026-06-11 20:47:47 - __main__ - INFO - RAEKFIPDSMLQNVHGCWYT encoding is done for multiclass task with:
	-custom
		-f1: 0.6486038413311974
		-auroc: 0.8867838901166902
	-resnet
		-f1: 0.7430031159963634
		-auroc: 0.9333903618770509
2026-06-11 20:47:47 - __main__ - INFO - Input matrix with RAEKFIPDSMLQNVHGCWYT encoding is removed.

2026-06-11 20:48:01 - __main__ - INFO - Input matrix with SHVTFRNIDYCQMAPKELWG encoding is generated.
2026-06-11 20:53:51 - __main__ - INFO - SHVTFRNIDYCQMAPKELWG encoding is done for multiclass task with:
	-custom
		-f1: 0.6474127325350068
		-auroc: 0.8856379864498061
	-resnet
		-f1: 0.7543211699637968
		-auroc: 0.942914209573661
2026-06-11 20:53:51 - __main__ - INFO - Input matrix with SHVTFRNIDYCQMAPKELWG encoding is removed.

2026-06-11 20:54:05 - __main__ - INFO - Input matrix with AQVEINLCFMGYPRHTSKDW encoding is generated.
2026-06-11 20:59:50 - __main__ - INFO - AQVEINLCFMGYPRHTSKDW encoding is done for multiclass task with:
	-custom
		-f1: 0.6519678317105555
		-auroc: 0.8886009165626056
	-resnet
		-f1: 0.771569193424238
		-auroc: 0.9425485480252409
2026-06-11 20:59:50 - __main__ - INFO - Input matrix with AQVEINLCFMGYPRHTSKDW encoding is removed.

2026-06-11 21:00:04 - __main__ - INFO - Input matrix with RNKSPMDGYICFVHLEAQTW encoding is generated.
2026-06-11 21:06:01 - __main__ - INFO - RNKSPMDGYICFVHLEAQTW encoding is done for multiclass task with:
	-custom
		-f1: 0.6497988049798556
		-auroc: 0.8860585572557742
	-resnet
		-f1: 0.7818659743201113
		-auroc: 0.9429897721026391
2026-06-11 21:06:01 - __main__ - INFO - Input matrix with RNKSPMDGYICFVHLEAQTW encoding is removed.

2026-06-11 21:06:15 - __main__ - INFO - Input matrix with FCSDNRHWGVIKEMPATLQY encoding is generated.
2026-06-11 21:12:04 - __main__ - INFO - FCSDNRHWGVIKEMPATLQY encoding is done for multiclass task with:
	-custom
		-f1: 0.6590697942064242
		-auroc: 0.8814975069882408
	-resnet
		-f1: 0.7838877295715548
		-auroc: 0.9422959353428197
2026-06-11 21:12:04 - __main__ - INFO - Input matrix with FCSDNRHWGVIKEMPATLQY encoding is removed.

2026-06-11 21:12:18 - __main__ - INFO - Input matrix with GVLADYRECPSIQNKTWHMF encoding is generated.
2026-06-11 21:18:05 - __main__ - INFO - GVLADYRECPSIQNKTWHMF encoding is done for multiclass task with:
	-custom
		-f1: 0.6419592778983179
		-auroc: 0.8827167457790166
	-resnet
		-f1: 0.7510907700483868
		-auroc: 0.935310867553089
2026-06-11 21:18:05 - __main__ - INFO - Input matrix with GVLADYRECPSIQNKTWHMF encoding is removed.

2026-06-11 21:18:19 - __main__ - INFO - Input matrix with KMGAEISPCWFTLVQNRDYH encoding is generated.
2026-06-11 21:24:07 - __main__ - INFO - KMGAEISPCWFTLVQNRDYH encoding is done for multiclass task with:
	-custom
		-f1: 0.6434537506411234
		-auroc: 0.8853728181038552
	-resnet
		-f1: 0.7507501367145615
		-auroc: 0.9374144679476168
2026-06-11 21:24:07 - __main__ - INFO - Input matrix with KMGAEISPCWFTLVQNRDYH encoding is removed.

2026-06-11 21:24:21 - __main__ - INFO - Input matrix with CHWAKQYEIRLMDGSNTFPV encoding is generated.
2026-06-11 21:30:15 - __main__ - INFO - CHWAKQYEIRLMDGSNTFPV encoding is done for multiclass task with:
	-custom
		-f1: 0.6232488544455339
		-auroc: 0.8790604788737207
	-resnet
		-f1: 0.7309055525970167
		-auroc: 0.9311154247970823
2026-06-11 21:30:15 - __main__ - INFO - Input matrix with CHWAKQYEIRLMDGSNTFPV encoding is removed.

2026-06-11 21:30:30 - __main__ - INFO - Input matrix with NPVTEWIRKHLADYGCSQMF encoding is generated.
2026-06-11 21:36:21 - __main__ - INFO - NPVTEWIRKHLADYGCSQMF encoding is done for multiclass task with:
	-custom
		-f1: 0.6385158307972214
		-auroc: 0.8829480405186931
	-resnet
		-f1: 0.7631004599464924
		-auroc: 0.9381439177174349
2026-06-11 21:36:21 - __main__ - INFO - Input matrix with NPVTEWIRKHLADYGCSQMF encoding is removed.

2026-06-11 21:36:35 - __main__ - INFO - Input matrix with TKLFQEMWVSHPGDRNYCAI encoding is generated.
2026-06-11 21:42:35 - __main__ - INFO - TKLFQEMWVSHPGDRNYCAI encoding is done for multiclass task with:
	-custom
		-f1: 0.6470833457292657
		-auroc: 0.8839532343033177
	-resnet
		-f1: 0.753466503291527
		-auroc: 0.9415737925250139
2026-06-11 21:42:35 - __main__ - INFO - Input matrix with TKLFQEMWVSHPGDRNYCAI encoding is removed.

2026-06-11 21:42:49 - __main__ - INFO - Input matrix with KTNEFQIMLRGWHAVCDPYS encoding is generated.
2026-06-11 21:48:40 - __main__ - INFO - KTNEFQIMLRGWHAVCDPYS encoding is done for multiclass task with:
	-custom
		-f1: 0.6518831843580466
		-auroc: 0.8873200853893959
	-resnet
		-f1: 0.7464900722881458
		-auroc: 0.9373349828957884
2026-06-11 21:48:40 - __main__ - INFO - Input matrix with KTNEFQIMLRGWHAVCDPYS encoding is removed.

2026-06-11 21:48:54 - __main__ - INFO - Input matrix with SGLQVTEFRDCANPKYMHIW encoding is generated.
2026-06-11 21:54:42 - __main__ - INFO - SGLQVTEFRDCANPKYMHIW encoding is done for multiclass task with:
	-custom
		-f1: 0.6466484747311811
		-auroc: 0.880215148090708
	-resnet
		-f1: 0.7723905026070665
		-auroc: 0.9414936286000429
2026-06-11 21:54:42 - __main__ - INFO - Input matrix with SGLQVTEFRDCANPKYMHIW encoding is removed.

2026-06-11 21:54:56 - __main__ - INFO - Input matrix with MWRNTIVYDFKEQSLHPGCA encoding is generated.
2026-06-11 22:00:46 - __main__ - INFO - MWRNTIVYDFKEQSLHPGCA encoding is done for multiclass task with:
	-custom
		-f1: 0.6488514215895427
		-auroc: 0.883710081398157
	-resnet
		-f1: 0.7377692899439703
		-auroc: 0.9406611735814454
2026-06-11 22:00:46 - __main__ - INFO - Input matrix with MWRNTIVYDFKEQSLHPGCA encoding is removed.

2026-06-11 22:01:01 - __main__ - INFO - Input matrix with NQPGRTVAFMSHKEIWYLCD encoding is generated.
2026-06-11 22:06:50 - __main__ - INFO - NQPGRTVAFMSHKEIWYLCD encoding is done for multiclass task with:
	-custom
		-f1: 0.6340117793964113
		-auroc: 0.8879073275827256
	-resnet
		-f1: 0.7592142824740374
		-auroc: 0.9381839902536389
2026-06-11 22:06:50 - __main__ - INFO - Input matrix with NQPGRTVAFMSHKEIWYLCD encoding is removed.

2026-06-11 22:07:04 - __main__ - INFO - Input matrix with MNKVRHQWLYDIESFTPGAC encoding is generated.
2026-06-11 22:12:57 - __main__ - INFO - MNKVRHQWLYDIESFTPGAC encoding is done for multiclass task with:
	-custom
		-f1: 0.6481538113263753
		-auroc: 0.8863205561784018
	-resnet
		-f1: 0.7604104180829946
		-auroc: 0.9403209566406459
2026-06-11 22:12:57 - __main__ - INFO - Input matrix with MNKVRHQWLYDIESFTPGAC encoding is removed.

2026-06-11 22:13:11 - __main__ - INFO - Input matrix with SNGIWMVPHYECRDLTQAFK encoding is generated.
2026-06-11 22:19:09 - __main__ - INFO - SNGIWMVPHYECRDLTQAFK encoding is done for multiclass task with:
	-custom
		-f1: 0.6479318482707073
		-auroc: 0.8867642124453013
	-resnet
		-f1: 0.7834151608558466
		-auroc: 0.9457580587261122
2026-06-11 22:19:09 - __main__ - INFO - Input matrix with SNGIWMVPHYECRDLTQAFK encoding is removed.

2026-06-11 22:19:23 - __main__ - INFO - Input matrix with VYHRTWGLIDSFQNCKEPMA encoding is generated.
2026-06-11 22:25:15 - __main__ - INFO - VYHRTWGLIDSFQNCKEPMA encoding is done for multiclass task with:
	-custom
		-f1: 0.6561331672509314
		-auroc: 0.8893193800081178
	-resnet
		-f1: 0.7812024842133197
		-auroc: 0.9427879401632907
2026-06-11 22:25:15 - __main__ - INFO - Input matrix with VYHRTWGLIDSFQNCKEPMA encoding is removed.

2026-06-11 22:25:30 - __main__ - INFO - Input matrix with NMYGILEWSAHCQVKFRDTP encoding is generated.
2026-06-11 22:31:23 - __main__ - INFO - NMYGILEWSAHCQVKFRDTP encoding is done for multiclass task with:
	-custom
		-f1: 0.6533953833017287
		-auroc: 0.8857460152506027
	-resnet
		-f1: 0.770499646831033
		-auroc: 0.9377064249952527
2026-06-11 22:31:23 - __main__ - INFO - Input matrix with NMYGILEWSAHCQVKFRDTP encoding is removed.

2026-06-11 22:31:37 - __main__ - INFO - Input matrix with DLISANTMPFKECVWQGYHR encoding is generated.
2026-06-11 22:37:26 - __main__ - INFO - DLISANTMPFKECVWQGYHR encoding is done for multiclass task with:
	-custom
		-f1: 0.6408713941672478
		-auroc: 0.8759336388952678
	-resnet
		-f1: 0.777626553065233
		-auroc: 0.944270653927662
2026-06-11 22:37:26 - __main__ - INFO - Input matrix with DLISANTMPFKECVWQGYHR encoding is removed.

2026-06-11 22:37:41 - __main__ - INFO - Input matrix with FYPWTDSHKERLGVMNACIQ encoding is generated.
2026-06-11 22:43:31 - __main__ - INFO - FYPWTDSHKERLGVMNACIQ encoding is done for multiclass task with:
	-custom
		-f1: 0.6422667797060212
		-auroc: 0.8829560609776561
	-resnet
		-f1: 0.781146470673854
		-auroc: 0.9494117554915091
2026-06-11 22:43:31 - __main__ - INFO - Input matrix with FYPWTDSHKERLGVMNACIQ encoding is removed.

2026-06-11 22:43:45 - __main__ - INFO - Input matrix with EWHGAQCTNYMVRFPISLDK encoding is generated.
2026-06-11 22:49:35 - __main__ - INFO - EWHGAQCTNYMVRFPISLDK encoding is done for multiclass task with:
	-custom
		-f1: 0.6394706808091632
		-auroc: 0.8821535710504878
	-resnet
		-f1: 0.7649854125278945
		-auroc: 0.9434315010380445
2026-06-11 22:49:35 - __main__ - INFO - Input matrix with EWHGAQCTNYMVRFPISLDK encoding is removed.

2026-06-11 22:49:50 - __main__ - INFO - Input matrix with TMSRGIALNPYCEFDWVQKH encoding is generated.
2026-06-11 22:55:40 - __main__ - INFO - TMSRGIALNPYCEFDWVQKH encoding is done for multiclass task with:
	-custom
		-f1: 0.638047870549908
		-auroc: 0.8796446268680123
	-resnet
		-f1: 0.7642725649182655
		-auroc: 0.9387504787448504
2026-06-11 22:55:40 - __main__ - INFO - Input matrix with TMSRGIALNPYCEFDWVQKH encoding is removed.

2026-06-11 22:55:54 - __main__ - INFO - Input matrix with CGWDRSIPMVFQAHYLETKN encoding is generated.
2026-06-11 23:01:43 - __main__ - INFO - CGWDRSIPMVFQAHYLETKN encoding is done for multiclass task with:
	-custom
		-f1: 0.6562921519805921
		-auroc: 0.8895132754333389
	-resnet
		-f1: 0.7616153273398631
		-auroc: 0.9399989088880278
2026-06-11 23:01:43 - __main__ - INFO - Input matrix with CGWDRSIPMVFQAHYLETKN encoding is removed.

2026-06-11 23:01:58 - __main__ - INFO - Input matrix with GWLIVSTEPNYADQHFMRKC encoding is generated.
2026-06-11 23:07:46 - __main__ - INFO - GWLIVSTEPNYADQHFMRKC encoding is done for multiclass task with:
	-custom
		-f1: 0.6456050029609598
		-auroc: 0.8828125581015079
	-resnet
		-f1: 0.7779759128417127
		-auroc: 0.9442521552767469
2026-06-11 23:07:46 - __main__ - INFO - Input matrix with GWLIVSTEPNYADQHFMRKC encoding is removed.

2026-06-11 23:08:01 - __main__ - INFO - Input matrix with YTQSFKHCMREWANVLPDIG encoding is generated.
2026-06-11 23:13:49 - __main__ - INFO - YTQSFKHCMREWANVLPDIG encoding is done for multiclass task with:
	-custom
		-f1: 0.6191027319918038
		-auroc: 0.8773295256479396
	-resnet
		-f1: 0.733683944507498
		-auroc: 0.9330020536864673
2026-06-11 23:13:49 - __main__ - INFO - Input matrix with YTQSFKHCMREWANVLPDIG encoding is removed.

2026-06-11 23:14:03 - __main__ - INFO - Input matrix with KRHSCWMTYEFDNGILVPQA encoding is generated.
2026-06-11 23:19:52 - __main__ - INFO - KRHSCWMTYEFDNGILVPQA encoding is done for multiclass task with:
	-custom
		-f1: 0.6453947279578012
		-auroc: 0.8832199814704633
	-resnet
		-f1: 0.7249268377770536
		-auroc: 0.9403253943423874
2026-06-11 23:19:52 - __main__ - INFO - Input matrix with KRHSCWMTYEFDNGILVPQA encoding is removed.

2026-06-11 23:20:06 - __main__ - INFO - Input matrix with HQDCLMPGINKTSVEWARYF encoding is generated.
2026-06-11 23:25:57 - __main__ - INFO - HQDCLMPGINKTSVEWARYF encoding is done for multiclass task with:
	-custom
		-f1: 0.6454374723500088
		-auroc: 0.8847236135290476
	-resnet
		-f1: 0.7460584410703912
		-auroc: 0.938897468277851
2026-06-11 23:25:57 - __main__ - INFO - Input matrix with HQDCLMPGINKTSVEWARYF encoding is removed.

2026-06-11 23:26:11 - __main__ - INFO - Input matrix with PHNSAYVMTCKGDELFRQWI encoding is generated.
2026-06-11 23:32:01 - __main__ - INFO - PHNSAYVMTCKGDELFRQWI encoding is done for multiclass task with:
	-custom
		-f1: 0.6225533233284991
		-auroc: 0.8764113806610279
	-resnet
		-f1: 0.7753985526265643
		-auroc: 0.9443861901778702
2026-06-11 23:32:01 - __main__ - INFO - Input matrix with PHNSAYVMTCKGDELFRQWI encoding is removed.

2026-06-11 23:32:16 - __main__ - INFO - Input matrix with WTFNVDLCIRYAQPSMEKHG encoding is generated.
2026-06-11 23:38:07 - __main__ - INFO - WTFNVDLCIRYAQPSMEKHG encoding is done for multiclass task with:
	-custom
		-f1: 0.6484143222791289
		-auroc: 0.8834711532402487
	-resnet
		-f1: 0.7870101906427712
		-auroc: 0.9455494856413582
2026-06-11 23:38:07 - __main__ - INFO - Input matrix with WTFNVDLCIRYAQPSMEKHG encoding is removed.

2026-06-11 23:38:21 - __main__ - INFO - Input matrix with EMWLKIGQDYTRHAPNSVFC encoding is generated.
2026-06-11 23:44:08 - __main__ - INFO - EMWLKIGQDYTRHAPNSVFC encoding is done for multiclass task with:
	-custom
		-f1: 0.6420089532274729
		-auroc: 0.885629106939251
	-resnet
		-f1: 0.7806550039525566
		-auroc: 0.9414079491340199
2026-06-11 23:44:08 - __main__ - INFO - Input matrix with EMWLKIGQDYTRHAPNSVFC encoding is removed.

2026-06-11 23:44:22 - __main__ - INFO - Input matrix with KHQPSEITFAGNDRMCWYLV encoding is generated.
2026-06-11 23:50:05 - __main__ - INFO - KHQPSEITFAGNDRMCWYLV encoding is done for multiclass task with:
	-custom
		-f1: 0.6444461941710481
		-auroc: 0.8831979666579212
	-resnet
		-f1: 0.7726833086696014
		-auroc: 0.939828795042937
2026-06-11 23:50:05 - __main__ - INFO - Input matrix with KHQPSEITFAGNDRMCWYLV encoding is removed.

2026-06-11 23:50:19 - __main__ - INFO - Input matrix with RQFMIHNADLVGCYKWTEPS encoding is generated.
2026-06-11 23:56:08 - __main__ - INFO - RQFMIHNADLVGCYKWTEPS encoding is done for multiclass task with:
	-custom
		-f1: 0.6283761302742117
		-auroc: 0.8834889359847719
	-resnet
		-f1: 0.7810891911726184
		-auroc: 0.9456866971218016
2026-06-11 23:56:08 - __main__ - INFO - Input matrix with RQFMIHNADLVGCYKWTEPS encoding is removed.

2026-06-11 23:56:22 - __main__ - INFO - Input matrix with PRLVTEQDIMCSWAYKGFNH encoding is generated.
2026-06-12 00:02:12 - __main__ - INFO - PRLVTEQDIMCSWAYKGFNH encoding is done for multiclass task with:
	-custom
		-f1: 0.6295038648433071
		-auroc: 0.8811434834740682
	-resnet
		-f1: 0.7370831413664366
		-auroc: 0.9318686150676176
2026-06-12 00:02:12 - __main__ - INFO - Input matrix with PRLVTEQDIMCSWAYKGFNH encoding is removed.

2026-06-12 00:02:26 - __main__ - INFO - Input matrix with IMSDCPTQLENYFARHKGWV encoding is generated.
2026-06-12 00:08:13 - __main__ - INFO - IMSDCPTQLENYFARHKGWV encoding is done for multiclass task with:
	-custom
		-f1: 0.6363245540444955
		-auroc: 0.8789677662175128
	-resnet
		-f1: 0.7396326864151466
		-auroc: 0.9297654069401018
2026-06-12 00:08:13 - __main__ - INFO - Input matrix with IMSDCPTQLENYFARHKGWV encoding is removed.

2026-06-12 00:08:27 - __main__ - INFO - Input matrix with TVSMYALDRIWKFNGHEPQC encoding is generated.
2026-06-12 00:14:14 - __main__ - INFO - TVSMYALDRIWKFNGHEPQC encoding is done for multiclass task with:
	-custom
		-f1: 0.6501395981580105
		-auroc: 0.8885650649118026
	-resnet
		-f1: 0.7668874309516245
		-auroc: 0.939721423955952
2026-06-12 00:14:14 - __main__ - INFO - Input matrix with TVSMYALDRIWKFNGHEPQC encoding is removed.

2026-06-12 00:14:28 - __main__ - INFO - Input matrix with MHTPYWVNCSKDQIFLRGAE encoding is generated.
2026-06-12 00:20:19 - __main__ - INFO - MHTPYWVNCSKDQIFLRGAE encoding is done for multiclass task with:
	-custom
		-f1: 0.6451599175964875
		-auroc: 0.8842930954367686
	-resnet
		-f1: 0.756859722158145
		-auroc: 0.9382655494529525
2026-06-12 00:20:19 - __main__ - INFO - Input matrix with MHTPYWVNCSKDQIFLRGAE encoding is removed.

2026-06-12 00:20:33 - __main__ - INFO - Input matrix with MFHKGWCIRPLTDEAYSNQV encoding is generated.
2026-06-12 00:26:24 - __main__ - INFO - MFHKGWCIRPLTDEAYSNQV encoding is done for multiclass task with:
	-custom
		-f1: 0.6378566840329598
		-auroc: 0.8846085718178813
	-resnet
		-f1: 0.7473343857621224
		-auroc: 0.9390703072805971
2026-06-12 00:26:24 - __main__ - INFO - Input matrix with MFHKGWCIRPLTDEAYSNQV encoding is removed.

2026-06-12 00:26:38 - __main__ - INFO - Input matrix with VDMAHKSTNIPYFCREWGQL encoding is generated.
2026-06-12 00:32:27 - __main__ - INFO - VDMAHKSTNIPYFCREWGQL encoding is done for multiclass task with:
	-custom
		-f1: 0.6422134658983598
		-auroc: 0.8860867119071789
	-resnet
		-f1: 0.7642113411085424
		-auroc: 0.941107086642566
2026-06-12 00:32:27 - __main__ - INFO - Input matrix with VDMAHKSTNIPYFCREWGQL encoding is removed.

2026-06-12 00:32:41 - __main__ - INFO - Input matrix with IDYQNTLAKWFHVPSGRMEC encoding is generated.
2026-06-12 00:38:30 - __main__ - INFO - IDYQNTLAKWFHVPSGRMEC encoding is done for multiclass task with:
	-custom
		-f1: 0.639089036579259
		-auroc: 0.8823900498974403
	-resnet
		-f1: 0.7695170556839495
		-auroc: 0.9430010923720797
2026-06-12 00:38:30 - __main__ - INFO - Input matrix with IDYQNTLAKWFHVPSGRMEC encoding is removed.

2026-06-12 00:38:44 - __main__ - INFO - Input matrix with PNQLEYFIKRGVCDMTHASW encoding is generated.
2026-06-12 00:44:31 - __main__ - INFO - PNQLEYFIKRGVCDMTHASW encoding is done for multiclass task with:
	-custom
		-f1: 0.6426362657918909
		-auroc: 0.8831464450847186
	-resnet
		-f1: 0.7560093748984833
		-auroc: 0.9397789831021033
2026-06-12 00:44:31 - __main__ - INFO - Input matrix with PNQLEYFIKRGVCDMTHASW encoding is removed.

2026-06-12 00:44:45 - __main__ - INFO - Input matrix with FRTCHQINDKYGMASVWLEP encoding is generated.
2026-06-12 00:50:34 - __main__ - INFO - FRTCHQINDKYGMASVWLEP encoding is done for multiclass task with:
	-custom
		-f1: 0.6504356185073583
		-auroc: 0.8849004099598602
	-resnet
		-f1: 0.7428954052203217
		-auroc: 0.9406288189634623
2026-06-12 00:50:34 - __main__ - INFO - Input matrix with FRTCHQINDKYGMASVWLEP encoding is removed.

2026-06-12 00:50:48 - __main__ - INFO - Input matrix with HTRWPMVFIGNQSDKAECLY encoding is generated.
2026-06-12 00:56:37 - __main__ - INFO - HTRWPMVFIGNQSDKAECLY encoding is done for multiclass task with:
	-custom
		-f1: 0.6430677340799811
		-auroc: 0.884513350787256
	-resnet
		-f1: 0.769983433943817
		-auroc: 0.9433927215631892
2026-06-12 00:56:37 - __main__ - INFO - Input matrix with HTRWPMVFIGNQSDKAECLY encoding is removed.

2026-06-12 00:56:51 - __main__ - INFO - Input matrix with WMKPTGHQVNADRLYEICSF encoding is generated.
2026-06-12 01:02:36 - __main__ - INFO - WMKPTGHQVNADRLYEICSF encoding is done for multiclass task with:
	-custom
		-f1: 0.6106871492699643
		-auroc: 0.8720828479650589
	-resnet
		-f1: 0.7602793697109467
		-auroc: 0.9367842464133244
2026-06-12 01:02:36 - __main__ - INFO - Input matrix with WMKPTGHQVNADRLYEICSF encoding is removed.

2026-06-12 01:02:50 - __main__ - INFO - Input matrix with TCSQKMWVAEHPFRDGNIYL encoding is generated.
2026-06-12 01:08:37 - __main__ - INFO - TCSQKMWVAEHPFRDGNIYL encoding is done for multiclass task with:
	-custom
		-f1: 0.6560464033740879
		-auroc: 0.8875900523807687
	-resnet
		-f1: 0.7701718630597763
		-auroc: 0.9428195233229119
2026-06-12 01:08:37 - __main__ - INFO - Input matrix with TCSQKMWVAEHPFRDGNIYL encoding is removed.

2026-06-12 01:08:51 - __main__ - INFO - Input matrix with VTLPCKSGDFQWNMIYHERA encoding is generated.
2026-06-12 01:14:37 - __main__ - INFO - VTLPCKSGDFQWNMIYHERA encoding is done for multiclass task with:
	-custom
		-f1: 0.6491713703737977
		-auroc: 0.8816973759567525
	-resnet
		-f1: 0.7609155461941455
		-auroc: 0.9330175858491746
2026-06-12 01:14:37 - __main__ - INFO - Input matrix with VTLPCKSGDFQWNMIYHERA encoding is removed.

2026-06-12 01:14:51 - __main__ - INFO - Input matrix with TYDMSPVEKRGHIWFNQCLA encoding is generated.
2026-06-12 01:20:41 - __main__ - INFO - TYDMSPVEKRGHIWFNQCLA encoding is done for multiclass task with:
	-custom
		-f1: 0.6461291334949383
		-auroc: 0.8828303602340986
	-resnet
		-f1: 0.7696706746846183
		-auroc: 0.9436348078578167
2026-06-12 01:20:41 - __main__ - INFO - Input matrix with TYDMSPVEKRGHIWFNQCLA encoding is removed.

2026-06-12 01:20:55 - __main__ - INFO - Input matrix with PLWTARQKIHYCFSNVGEDM encoding is generated.
2026-06-12 01:26:42 - __main__ - INFO - PLWTARQKIHYCFSNVGEDM encoding is done for multiclass task with:
	-custom
		-f1: 0.6437015790105541
		-auroc: 0.8776703235674439
	-resnet
		-f1: 0.74724471530159
		-auroc: 0.9409244343156091
2026-06-12 01:26:42 - __main__ - INFO - Input matrix with PLWTARQKIHYCFSNVGEDM encoding is removed.

2026-06-12 01:26:56 - __main__ - INFO - Input matrix with KEWDARMINYGCPFLQVSHT encoding is generated.
2026-06-12 01:32:42 - __main__ - INFO - KEWDARMINYGCPFLQVSHT encoding is done for multiclass task with:
	-custom
		-f1: 0.6292923989675371
		-auroc: 0.8758932349690562
	-resnet
		-f1: 0.76236727016218
		-auroc: 0.9410257129252534
2026-06-12 01:32:42 - __main__ - INFO - Input matrix with KEWDARMINYGCPFLQVSHT encoding is removed.

2026-06-12 01:32:56 - __main__ - INFO - Input matrix with VKCYSADIFPLNRWHTGEQM encoding is generated.
2026-06-12 01:38:43 - __main__ - INFO - VKCYSADIFPLNRWHTGEQM encoding is done for multiclass task with:
	-custom
		-f1: 0.6535288712465264
		-auroc: 0.8842246464112741
	-resnet
		-f1: 0.7205699923028355
		-auroc: 0.9285561550368385
2026-06-12 01:38:43 - __main__ - INFO - Input matrix with VKCYSADIFPLNRWHTGEQM encoding is removed.

2026-06-12 01:38:57 - __main__ - INFO - Input matrix with GKSPLMITHFENQCYARWVD encoding is generated.
2026-06-12 01:44:46 - __main__ - INFO - GKSPLMITHFENQCYARWVD encoding is done for multiclass task with:
	-custom
		-f1: 0.642580011121962
		-auroc: 0.8823035167562328
	-resnet
		-f1: 0.7647288621559334
		-auroc: 0.9393297725114385
2026-06-12 01:44:46 - __main__ - INFO - Input matrix with GKSPLMITHFENQCYARWVD encoding is removed.

2026-06-12 01:44:59 - __main__ - INFO - Input matrix with PYSTMKVHEQAGNRWLIDFC encoding is generated.
2026-06-12 01:50:47 - __main__ - INFO - PYSTMKVHEQAGNRWLIDFC encoding is done for multiclass task with:
	-custom
		-f1: 0.6369965991364135
		-auroc: 0.8790198243990606
	-resnet
		-f1: 0.7238185662602387
		-auroc: 0.9306077013627727
2026-06-12 01:50:47 - __main__ - INFO - Input matrix with PYSTMKVHEQAGNRWLIDFC encoding is removed.

2026-06-12 01:51:01 - __main__ - INFO - Input matrix with STAQVYWPREKCMHGDLNIF encoding is generated.
2026-06-12 01:56:51 - __main__ - INFO - STAQVYWPREKCMHGDLNIF encoding is done for multiclass task with:
	-custom
		-f1: 0.6473544837460827
		-auroc: 0.8876923357761012
	-resnet
		-f1: 0.7705728540056723
		-auroc: 0.9397402085634902
2026-06-12 01:56:51 - __main__ - INFO - Input matrix with STAQVYWPREKCMHGDLNIF encoding is removed.

2026-06-12 01:57:05 - __main__ - INFO - Input matrix with KLSPCDTQMEWVHANIYGRF encoding is generated.
2026-06-12 02:02:52 - __main__ - INFO - KLSPCDTQMEWVHANIYGRF encoding is done for multiclass task with:
	-custom
		-f1: 0.6420425469069878
		-auroc: 0.8848095943336473
	-resnet
		-f1: 0.7788332975547856
		-auroc: 0.9405450507655289
2026-06-12 02:02:52 - __main__ - INFO - Input matrix with KLSPCDTQMEWVHANIYGRF encoding is removed.

2026-06-12 02:03:06 - __main__ - INFO - Input matrix with VGCQLFWTKSDANPRIMHEY encoding is generated.
2026-06-12 02:08:55 - __main__ - INFO - VGCQLFWTKSDANPRIMHEY encoding is done for multiclass task with:
	-custom
		-f1: 0.642728706898504
		-auroc: 0.8839787315497837
	-resnet
		-f1: 0.7549325731240086
		-auroc: 0.9366745141045107
2026-06-12 02:08:55 - __main__ - INFO - Input matrix with VGCQLFWTKSDANPRIMHEY encoding is removed.

2026-06-12 02:09:09 - __main__ - INFO - Input matrix with SVDCNAILRYWQEPKMHTFG encoding is generated.
2026-06-12 02:14:58 - __main__ - INFO - SVDCNAILRYWQEPKMHTFG encoding is done for multiclass task with:
	-custom
		-f1: 0.6364432503978052
		-auroc: 0.8817952096696956
	-resnet
		-f1: 0.7400067530039672
		-auroc: 0.9346597879750187
2026-06-12 02:14:58 - __main__ - INFO - Input matrix with SVDCNAILRYWQEPKMHTFG encoding is removed.

2026-06-12 02:15:12 - __main__ - INFO - Input matrix with QWIEFRYNLSKVAGCTPMHD encoding is generated.
2026-06-12 02:21:00 - __main__ - INFO - QWIEFRYNLSKVAGCTPMHD encoding is done for multiclass task with:
	-custom
		-f1: 0.6402879866843008
		-auroc: 0.885102315410004
	-resnet
		-f1: 0.7489295812106336
		-auroc: 0.9407477694185719
2026-06-12 02:21:00 - __main__ - INFO - Input matrix with QWIEFRYNLSKVAGCTPMHD encoding is removed.

2026-06-12 02:21:15 - __main__ - INFO - Input matrix with DTFCEQAGSYVPLWIRKMNH encoding is generated.
2026-06-12 02:27:04 - __main__ - INFO - DTFCEQAGSYVPLWIRKMNH encoding is done for multiclass task with:
	-custom
		-f1: 0.6442439545945227
		-auroc: 0.8828124649901701
	-resnet
		-f1: 0.7364404188898842
		-auroc: 0.940040595052332
2026-06-12 02:27:04 - __main__ - INFO - Input matrix with DTFCEQAGSYVPLWIRKMNH encoding is removed.

2026-06-12 02:27:18 - __main__ - INFO - Input matrix with HGVQTWDRMLYIFEKNSAPC encoding is generated.
2026-06-12 02:33:08 - __main__ - INFO - HGVQTWDRMLYIFEKNSAPC encoding is done for multiclass task with:
	-custom
		-f1: 0.6339154972430173
		-auroc: 0.8852962250724143
	-resnet
		-f1: 0.7606601686597648
		-auroc: 0.9361498430027779
2026-06-12 02:33:08 - __main__ - INFO - Input matrix with HGVQTWDRMLYIFEKNSAPC encoding is removed.

2026-06-12 02:33:22 - __main__ - INFO - Input matrix with HSYLPGKFDIVNMWEQCART encoding is generated.
2026-06-12 02:39:02 - __main__ - INFO - HSYLPGKFDIVNMWEQCART encoding is done for multiclass task with:
	-custom
		-f1: 0.6462079449809478
		-auroc: 0.8855418183457416
	-resnet
		-f1: 0.7523081664400917
		-auroc: 0.9369874299767357
2026-06-12 02:39:02 - __main__ - INFO - Input matrix with HSYLPGKFDIVNMWEQCART encoding is removed.

2026-06-12 02:39:16 - __main__ - INFO - Input matrix with AEMTIWFQPKNDRVHSYGCL encoding is generated.
2026-06-12 02:45:07 - __main__ - INFO - AEMTIWFQPKNDRVHSYGCL encoding is done for multiclass task with:
	-custom
		-f1: 0.621430041349777
		-auroc: 0.8824421774010277
	-resnet
		-f1: 0.7611168178057646
		-auroc: 0.9426106526222972
2026-06-12 02:45:07 - __main__ - INFO - Input matrix with AEMTIWFQPKNDRVHSYGCL encoding is removed.

2026-06-12 02:45:21 - __main__ - INFO - Input matrix with CRKVENYISQGLDMHPWTAF encoding is generated.
2026-06-12 02:51:04 - __main__ - INFO - CRKVENYISQGLDMHPWTAF encoding is done for multiclass task with:
	-custom
		-f1: 0.6628397233757879
		-auroc: 0.8912106937983776
	-resnet
		-f1: 0.7544421771479712
		-auroc: 0.9393939331184005
2026-06-12 02:51:04 - __main__ - INFO - Input matrix with CRKVENYISQGLDMHPWTAF encoding is removed.

2026-06-12 02:51:18 - __main__ - INFO - Input matrix with FAWRDTKCNGVMYPISHLQE encoding is generated.
2026-06-12 02:57:06 - __main__ - INFO - FAWRDTKCNGVMYPISHLQE encoding is done for multiclass task with:
	-custom
		-f1: 0.6488120170539918
		-auroc: 0.8838051988665733
	-resnet
		-f1: 0.7813511308499506
		-auroc: 0.9464173670828201
2026-06-12 02:57:06 - __main__ - INFO - Input matrix with FAWRDTKCNGVMYPISHLQE encoding is removed.

2026-06-12 02:57:20 - __main__ - INFO - Input matrix with AEDCFPGQIMHVTRNKLYWS encoding is generated.
2026-06-12 03:03:07 - __main__ - INFO - AEDCFPGQIMHVTRNKLYWS encoding is done for multiclass task with:
	-custom
		-f1: 0.6502747797748352
		-auroc: 0.8861646377192661
	-resnet
		-f1: 0.7710714965061618
		-auroc: 0.9441305915930054
2026-06-12 03:03:07 - __main__ - INFO - Input matrix with AEDCFPGQIMHVTRNKLYWS encoding is removed.

2026-06-12 03:03:21 - __main__ - INFO - Input matrix with VHRTEMALPQSFYGCKNDIW encoding is generated.
2026-06-12 03:09:07 - __main__ - INFO - VHRTEMALPQSFYGCKNDIW encoding is done for multiclass task with:
	-custom
		-f1: 0.6516137792972418
		-auroc: 0.8841150575132417
	-resnet
		-f1: 0.7685734041885752
		-auroc: 0.9392013855872949
2026-06-12 03:09:07 - __main__ - INFO - Input matrix with VHRTEMALPQSFYGCKNDIW encoding is removed.

2026-06-12 03:09:21 - __main__ - INFO - Input matrix with NCHLQIWDYASPTRVGEFMK encoding is generated.
2026-06-12 03:15:09 - __main__ - INFO - NCHLQIWDYASPTRVGEFMK encoding is done for multiclass task with:
	-custom
		-f1: 0.6395870107414751
		-auroc: 0.8816837702348357
	-resnet
		-f1: 0.7517377165171648
		-auroc: 0.942840509348325
2026-06-12 03:15:09 - __main__ - INFO - Input matrix with NCHLQIWDYASPTRVGEFMK encoding is removed.

2026-06-12 03:15:23 - __main__ - INFO - Input matrix with ECWYHMNVAPKQTSRIDGLF encoding is generated.
2026-06-12 03:21:10 - __main__ - INFO - ECWYHMNVAPKQTSRIDGLF encoding is done for multiclass task with:
	-custom
		-f1: 0.6409633456559284
		-auroc: 0.8806987599677003
	-resnet
		-f1: 0.7272495132577611
		-auroc: 0.939868508096421
2026-06-12 03:21:11 - __main__ - INFO - Input matrix with ECWYHMNVAPKQTSRIDGLF encoding is removed.

2026-06-12 03:21:25 - __main__ - INFO - Input matrix with GHVEQWMIRTLFYPANCKDS encoding is generated.
2026-06-12 03:27:15 - __main__ - INFO - GHVEQWMIRTLFYPANCKDS encoding is done for multiclass task with:
	-custom
		-f1: 0.6451125156132138
		-auroc: 0.8860418583778508
	-resnet
		-f1: 0.7562570248694934
		-auroc: 0.9353106070021369
2026-06-12 03:27:15 - __main__ - INFO - Input matrix with GHVEQWMIRTLFYPANCKDS encoding is removed.

2026-06-12 03:27:29 - __main__ - INFO - Input matrix with FQLYEDHATVRWINGSMKPC encoding is generated.
2026-06-12 03:33:15 - __main__ - INFO - FQLYEDHATVRWINGSMKPC encoding is done for multiclass task with:
	-custom
		-f1: 0.645134231532753
		-auroc: 0.8867451152049066
	-resnet
		-f1: 0.7607601384791187
		-auroc: 0.9419144371927686
2026-06-12 03:33:15 - __main__ - INFO - Input matrix with FQLYEDHATVRWINGSMKPC encoding is removed.

2026-06-12 03:33:29 - __main__ - INFO - Input matrix with PSEHIAWRFQYNKCVLMGDT encoding is generated.
2026-06-12 03:39:14 - __main__ - INFO - PSEHIAWRFQYNKCVLMGDT encoding is done for multiclass task with:
	-custom
		-f1: 0.6455250319174675
		-auroc: 0.8821048184049992
	-resnet
		-f1: 0.7697684782984908
		-auroc: 0.9478446393661224
2026-06-12 03:39:14 - __main__ - INFO - Input matrix with PSEHIAWRFQYNKCVLMGDT encoding is removed.

2026-06-12 03:39:28 - __main__ - INFO - Input matrix with CRAVTFMDLYPGISNQHKEW encoding is generated.
2026-06-12 03:45:16 - __main__ - INFO - CRAVTFMDLYPGISNQHKEW encoding is done for multiclass task with:
	-custom
		-f1: 0.6336713806863907
		-auroc: 0.8792568511130021
	-resnet
		-f1: 0.7652356823621244
		-auroc: 0.9416072489853207
2026-06-12 03:45:16 - __main__ - INFO - Input matrix with CRAVTFMDLYPGISNQHKEW encoding is removed.

2026-06-12 03:45:30 - __main__ - INFO - Input matrix with RCAHKSQIYMTPLDGFEWNV encoding is generated.
2026-06-12 03:51:17 - __main__ - INFO - RCAHKSQIYMTPLDGFEWNV encoding is done for multiclass task with:
	-custom
		-f1: 0.6201061425254272
		-auroc: 0.877291693930097
	-resnet
		-f1: 0.7704759781233269
		-auroc: 0.9444891563796682
2026-06-12 03:51:17 - __main__ - INFO - Input matrix with RCAHKSQIYMTPLDGFEWNV encoding is removed.

2026-06-12 03:51:31 - __main__ - INFO - Input matrix with WHFMEIDVLPTKYGSANRCQ encoding is generated.
2026-06-12 03:57:19 - __main__ - INFO - WHFMEIDVLPTKYGSANRCQ encoding is done for multiclass task with:
	-custom
		-f1: 0.6366199068185331
		-auroc: 0.8845092878635163
	-resnet
		-f1: 0.7722387150358629
		-auroc: 0.9434206878487815
2026-06-12 03:57:19 - __main__ - INFO - Input matrix with WHFMEIDVLPTKYGSANRCQ encoding is removed.

2026-06-12 03:57:33 - __main__ - INFO - Input matrix with QTIWDSRNCHMFEKLAVGYP encoding is generated.
2026-06-12 04:03:21 - __main__ - INFO - QTIWDSRNCHMFEKLAVGYP encoding is done for multiclass task with:
	-custom
		-f1: 0.6367205884157908
		-auroc: 0.8801928855901708
	-resnet
		-f1: 0.7747426520866327
		-auroc: 0.9424638737232505
2026-06-12 04:03:21 - __main__ - INFO - Input matrix with QTIWDSRNCHMFEKLAVGYP encoding is removed.

2026-06-12 04:03:35 - __main__ - INFO - Input matrix with LITMFGQHWENKVCYPSRAD encoding is generated.
2026-06-12 04:09:22 - __main__ - INFO - LITMFGQHWENKVCYPSRAD encoding is done for multiclass task with:
	-custom
		-f1: 0.638801891126954
		-auroc: 0.8821619176566842
	-resnet
		-f1: 0.7560744141323432
		-auroc: 0.9418123677307587
2026-06-12 04:09:22 - __main__ - INFO - Input matrix with LITMFGQHWENKVCYPSRAD encoding is removed.

2026-06-12 04:09:36 - __main__ - INFO - Input matrix with NEYKPRDQIWSFMCVTGAHL encoding is generated.
2026-06-12 04:15:27 - __main__ - INFO - NEYKPRDQIWSFMCVTGAHL encoding is done for multiclass task with:
	-custom
		-f1: 0.6322783930848199
		-auroc: 0.8815602198845458
	-resnet
		-f1: 0.7715088528059593
		-auroc: 0.9391456480640338
2026-06-12 04:15:27 - __main__ - INFO - Input matrix with NEYKPRDQIWSFMCVTGAHL encoding is removed.

2026-06-12 04:15:41 - __main__ - INFO - Input matrix with LPCVIMRYEAQTFWGKNSDH encoding is generated.
2026-06-12 04:21:30 - __main__ - INFO - LPCVIMRYEAQTFWGKNSDH encoding is done for multiclass task with:
	-custom
		-f1: 0.6600327242422779
		-auroc: 0.8892436824382355
	-resnet
		-f1: 0.7819880539984625
		-auroc: 0.9458888190439995
2026-06-12 04:21:30 - __main__ - INFO - Input matrix with LPCVIMRYEAQTFWGKNSDH encoding is removed.

2026-06-12 04:21:44 - __main__ - INFO - Input matrix with CPLKVWFMDQESRATGIYNH encoding is generated.
2026-06-12 04:27:29 - __main__ - INFO - CPLKVWFMDQESRATGIYNH encoding is done for multiclass task with:
	-custom
		-f1: 0.6291584939546064
		-auroc: 0.879164493868603
	-resnet
		-f1: 0.7506568806244963
		-auroc: 0.9411618174902656
2026-06-12 04:27:29 - __main__ - INFO - Input matrix with CPLKVWFMDQESRATGIYNH encoding is removed.

2026-06-12 04:27:43 - __main__ - INFO - Input matrix with GHSEQNCVRFTLYWDMIAKP encoding is generated.
2026-06-12 04:33:30 - __main__ - INFO - GHSEQNCVRFTLYWDMIAKP encoding is done for multiclass task with:
	-custom
		-f1: 0.642402302298635
		-auroc: 0.8825956407159572
	-resnet
		-f1: 0.7552101883258849
		-auroc: 0.9387602494674308
2026-06-12 04:33:30 - __main__ - INFO - Input matrix with GHSEQNCVRFTLYWDMIAKP encoding is removed.

2026-06-12 04:33:44 - __main__ - INFO - Input matrix with ESDAFVKHMRITWLQPGNCY encoding is generated.
2026-06-12 04:39:30 - __main__ - INFO - ESDAFVKHMRITWLQPGNCY encoding is done for multiclass task with:
	-custom
		-f1: 0.627864860317281
		-auroc: 0.8831268214073493
	-resnet
		-f1: 0.7712101771133248
		-auroc: 0.9415536157860658
2026-06-12 04:39:30 - __main__ - INFO - Input matrix with ESDAFVKHMRITWLQPGNCY encoding is removed.

2026-06-12 04:39:44 - __main__ - INFO - Input matrix with RIHECKMGDPASLVWNYFQT encoding is generated.
2026-06-12 04:45:27 - __main__ - INFO - RIHECKMGDPASLVWNYFQT encoding is done for multiclass task with:
	-custom
		-f1: 0.6413543746328301
		-auroc: 0.885804613900435
	-resnet
		-f1: 0.7639356868799122
		-auroc: 0.9421872052824302
2026-06-12 04:45:27 - __main__ - INFO - Input matrix with RIHECKMGDPASLVWNYFQT encoding is removed.

2026-06-12 04:45:41 - __main__ - INFO - Input matrix with YMFHVAPQEDLCSKGIRWNT encoding is generated.
2026-06-12 04:51:29 - __main__ - INFO - YMFHVAPQEDLCSKGIRWNT encoding is done for multiclass task with:
	-custom
		-f1: 0.6589713105538691
		-auroc: 0.8920202443488353
	-resnet
		-f1: 0.7503655280013535
		-auroc: 0.9397817539337859
2026-06-12 04:51:29 - __main__ - INFO - Input matrix with YMFHVAPQEDLCSKGIRWNT encoding is removed.

2026-06-12 04:51:43 - __main__ - INFO - Input matrix with QFTYPDAIVLGWEKSCMNRH encoding is generated.
2026-06-12 04:57:30 - __main__ - INFO - QFTYPDAIVLGWEKSCMNRH encoding is done for multiclass task with:
	-custom
		-f1: 0.6524346611238343
		-auroc: 0.8861829089049674
	-resnet
		-f1: 0.7587617197025708
		-auroc: 0.9397110696889859
2026-06-12 04:57:30 - __main__ - INFO - Input matrix with QFTYPDAIVLGWEKSCMNRH encoding is removed.

2026-06-12 04:57:44 - __main__ - INFO - Input matrix with FWRYANVSIEHLDQKTCMPG encoding is generated.
2026-06-12 05:03:34 - __main__ - INFO - FWRYANVSIEHLDQKTCMPG encoding is done for multiclass task with:
	-custom
		-f1: 0.6360876450209767
		-auroc: 0.8817656420016255
	-resnet
		-f1: 0.7642623400253875
		-auroc: 0.9420273798459572
2026-06-12 05:03:34 - __main__ - INFO - Input matrix with FWRYANVSIEHLDQKTCMPG encoding is removed.

2026-06-12 05:03:48 - __main__ - INFO - Input matrix with ELMCDKRQPAFHWTNGSIYV encoding is generated.
2026-06-12 05:09:39 - __main__ - INFO - ELMCDKRQPAFHWTNGSIYV encoding is done for multiclass task with:
	-custom
		-f1: 0.6580281111041574
		-auroc: 0.8848365004044008
	-resnet
		-f1: 0.7426665080205452
		-auroc: 0.9430122854467671
2026-06-12 05:09:39 - __main__ - INFO - Input matrix with ELMCDKRQPAFHWTNGSIYV encoding is removed.

2026-06-12 05:09:52 - __main__ - INFO - Input matrix with RHLTIWPNAQEMVFKDCYGS encoding is generated.
2026-06-12 05:15:39 - __main__ - INFO - RHLTIWPNAQEMVFKDCYGS encoding is done for multiclass task with:
	-custom
		-f1: 0.6395459703484183
		-auroc: 0.877894811299195
	-resnet
		-f1: 0.767374557962272
		-auroc: 0.9427863109984894
2026-06-12 05:15:39 - __main__ - INFO - Input matrix with RHLTIWPNAQEMVFKDCYGS encoding is removed.

2026-06-12 05:15:54 - __main__ - INFO - Input matrix with STGLVWNRIQCEPFDKAHYM encoding is generated.
2026-06-12 05:21:43 - __main__ - INFO - STGLVWNRIQCEPFDKAHYM encoding is done for multiclass task with:
	-custom
		-f1: 0.6389304695145692
		-auroc: 0.8799783522785922
	-resnet
		-f1: 0.769577155600221
		-auroc: 0.942149046661593
2026-06-12 05:21:43 - __main__ - INFO - Input matrix with STGLVWNRIQCEPFDKAHYM encoding is removed.

2026-06-12 05:21:57 - __main__ - INFO - Input matrix with YWIKVTPRSEMHQFCALNGD encoding is generated.
2026-06-12 05:27:48 - __main__ - INFO - YWIKVTPRSEMHQFCALNGD encoding is done for multiclass task with:
	-custom
		-f1: 0.6433865118251939
		-auroc: 0.882594143743552
	-resnet
		-f1: 0.7861794648124802
		-auroc: 0.9472837952714108
2026-06-12 05:27:48 - __main__ - INFO - Input matrix with YWIKVTPRSEMHQFCALNGD encoding is removed.

2026-06-12 05:28:02 - __main__ - INFO - Input matrix with RKNDIYCMTQFHVLEGPWAS encoding is generated.
2026-06-12 05:33:50 - __main__ - INFO - RKNDIYCMTQFHVLEGPWAS encoding is done for multiclass task with:
	-custom
		-f1: 0.6432855185103988
		-auroc: 0.8852673632725292
	-resnet
		-f1: 0.7793615774156499
		-auroc: 0.9471720812631717
2026-06-12 05:33:50 - __main__ - INFO - Input matrix with RKNDIYCMTQFHVLEGPWAS encoding is removed.

2026-06-12 05:34:04 - __main__ - INFO - Input matrix with TAIVQSFKYRMGWLEDPHNC encoding is generated.
2026-06-12 05:39:50 - __main__ - INFO - TAIVQSFKYRMGWLEDPHNC encoding is done for multiclass task with:
	-custom
		-f1: 0.64145042712903
		-auroc: 0.8857500127756956
	-resnet
		-f1: 0.7433971866374514
		-auroc: 0.9355589735269263
2026-06-12 05:39:50 - __main__ - INFO - Input matrix with TAIVQSFKYRMGWLEDPHNC encoding is removed.

2026-06-12 05:40:04 - __main__ - INFO - Input matrix with LHTIRGVMFWDNYQCSKPAE encoding is generated.
2026-06-12 05:45:54 - __main__ - INFO - LHTIRGVMFWDNYQCSKPAE encoding is done for multiclass task with:
	-custom
		-f1: 0.6321166009349726
		-auroc: 0.8819164908414592
	-resnet
		-f1: 0.7591977345730195
		-auroc: 0.9378012674358895
2026-06-12 05:45:54 - __main__ - INFO - Input matrix with LHTIRGVMFWDNYQCSKPAE encoding is removed.

2026-06-12 05:46:08 - __main__ - INFO - Input matrix with LNYKCQRHVFGDSEMIWTAP encoding is generated.
2026-06-12 05:51:52 - __main__ - INFO - LNYKCQRHVFGDSEMIWTAP encoding is done for multiclass task with:
	-custom
		-f1: 0.6616498036050791
		-auroc: 0.8896517177296372
	-resnet
		-f1: 0.7790521886487742
		-auroc: 0.9429124199785635
2026-06-12 05:51:52 - __main__ - INFO - Input matrix with LNYKCQRHVFGDSEMIWTAP encoding is removed.

2026-06-12 05:52:06 - __main__ - INFO - Input matrix with RGKVYMIECLTHNPQWDSFA encoding is generated.
2026-06-12 05:57:55 - __main__ - INFO - RGKVYMIECLTHNPQWDSFA encoding is done for multiclass task with:
	-custom
		-f1: 0.6566020301010209
		-auroc: 0.884529610517155
	-resnet
		-f1: 0.7736786112102826
		-auroc: 0.9418681052146771
2026-06-12 05:57:55 - __main__ - INFO - Input matrix with RGKVYMIECLTHNPQWDSFA encoding is removed.

2026-06-12 05:58:09 - __main__ - INFO - Input matrix with QFSRDWEHLPICMNGAYVTK encoding is generated.
2026-06-12 06:04:00 - __main__ - INFO - QFSRDWEHLPICMNGAYVTK encoding is done for multiclass task with:
	-custom
		-f1: 0.647047495794778
		-auroc: 0.8874050072026585
	-resnet
		-f1: 0.7669700014953268
		-auroc: 0.9421971986764432
2026-06-12 06:04:00 - __main__ - INFO - Input matrix with QFSRDWEHLPICMNGAYVTK encoding is removed.

2026-06-12 06:04:14 - __main__ - INFO - Input matrix with WPESDNLMHRVGQTFAYICK encoding is generated.
2026-06-12 06:10:02 - __main__ - INFO - WPESDNLMHRVGQTFAYICK encoding is done for multiclass task with:
	-custom
		-f1: 0.6351237045383734
		-auroc: 0.879412873143323
	-resnet
		-f1: 0.7579212096363926
		-auroc: 0.9406133453491086
2026-06-12 06:10:02 - __main__ - INFO - Input matrix with WPESDNLMHRVGQTFAYICK encoding is removed.

2026-06-12 06:10:16 - __main__ - INFO - Input matrix with FCHWARTYMNGLPDEIKSQV encoding is generated.
2026-06-12 06:16:10 - __main__ - INFO - FCHWARTYMNGLPDEIKSQV encoding is done for multiclass task with:
	-custom
		-f1: 0.6422370546787809
		-auroc: 0.8843458080005799
	-resnet
		-f1: 0.7332038535740212
		-auroc: 0.931953055942833
2026-06-12 06:16:10 - __main__ - INFO - Input matrix with FCHWARTYMNGLPDEIKSQV encoding is removed.

2026-06-12 06:16:24 - __main__ - INFO - Input matrix with VYEPQIMLHADTGNKCWRSF encoding is generated.
2026-06-12 06:22:07 - __main__ - INFO - VYEPQIMLHADTGNKCWRSF encoding is done for multiclass task with:
	-custom
		-f1: 0.6445859221761859
		-auroc: 0.8861555542168107
	-resnet
		-f1: 0.7532122560908132
		-auroc: 0.9387718484639835
2026-06-12 06:22:07 - __main__ - INFO - Input matrix with VYEPQIMLHADTGNKCWRSF encoding is removed.

2026-06-12 06:22:21 - __main__ - INFO - Input matrix with GFSWVYHDMQLNRPIEKATC encoding is generated.
2026-06-12 06:28:10 - __main__ - INFO - GFSWVYHDMQLNRPIEKATC encoding is done for multiclass task with:
	-custom
		-f1: 0.6416150283303286
		-auroc: 0.8857543844477718
	-resnet
		-f1: 0.7444150875452127
		-auroc: 0.9390732961125646
2026-06-12 06:28:10 - __main__ - INFO - Input matrix with GFSWVYHDMQLNRPIEKATC encoding is removed.

2026-06-12 06:28:24 - __main__ - INFO - Input matrix with MIPECQGVSDHTNAWKRFLY encoding is generated.
2026-06-12 06:34:08 - __main__ - INFO - MIPECQGVSDHTNAWKRFLY encoding is done for multiclass task with:
	-custom
		-f1: 0.6413548735990143
		-auroc: 0.8841904576458701
	-resnet
		-f1: 0.7861940216820512
		-auroc: 0.9460711206552942
2026-06-12 06:34:08 - __main__ - INFO - Input matrix with MIPECQGVSDHTNAWKRFLY encoding is removed.

2026-06-12 06:34:22 - __main__ - INFO - Input matrix with TVFGKDHMEWNACYPLRISQ encoding is generated.
2026-06-12 06:40:06 - __main__ - INFO - TVFGKDHMEWNACYPLRISQ encoding is done for multiclass task with:
	-custom
		-f1: 0.6413468656019164
		-auroc: 0.8833492281305169
	-resnet
		-f1: 0.7761147998864241
		-auroc: 0.9439686672964152
2026-06-12 06:40:06 - __main__ - INFO - Input matrix with TVFGKDHMEWNACYPLRISQ encoding is removed.

2026-06-12 06:40:20 - __main__ - INFO - Input matrix with WYANDEVQTFHGSPCRIKLM encoding is generated.
2026-06-12 06:46:06 - __main__ - INFO - WYANDEVQTFHGSPCRIKLM encoding is done for multiclass task with:
	-custom
		-f1: 0.6404689038642611
		-auroc: 0.8819132914952033
	-resnet
		-f1: 0.7235490406792694
		-auroc: 0.939463466865365
2026-06-12 06:46:06 - __main__ - INFO - Input matrix with WYANDEVQTFHGSPCRIKLM encoding is removed.

2026-06-12 06:46:20 - __main__ - INFO - Input matrix with FCVGWSAMNLYHQPTKIERD encoding is generated.
2026-06-12 06:52:09 - __main__ - INFO - FCVGWSAMNLYHQPTKIERD encoding is done for multiclass task with:
	-custom
		-f1: 0.6400182421834166
		-auroc: 0.8824489724736349
	-resnet
		-f1: 0.7127235413853854
		-auroc: 0.9303923530469269
2026-06-12 06:52:09 - __main__ - INFO - Input matrix with FCVGWSAMNLYHQPTKIERD encoding is removed.

2026-06-12 06:52:23 - __main__ - INFO - Input matrix with FASIPGKWQTCHMEYDVRNL encoding is generated.
2026-06-12 06:58:12 - __main__ - INFO - FASIPGKWQTCHMEYDVRNL encoding is done for multiclass task with:
	-custom
		-f1: 0.6424011800242846
		-auroc: 0.8850588758660285
	-resnet
		-f1: 0.7586681072491211
		-auroc: 0.9366724511432329
2026-06-12 06:58:12 - __main__ - INFO - Input matrix with FASIPGKWQTCHMEYDVRNL encoding is removed.

2026-06-12 06:58:26 - __main__ - INFO - Input matrix with TQFMWEAYHRINSVDCKPGL encoding is generated.
2026-06-12 07:04:18 - __main__ - INFO - TQFMWEAYHRINSVDCKPGL encoding is done for multiclass task with:
	-custom
		-f1: 0.6402869431403271
		-auroc: 0.8831994672318922
	-resnet
		-f1: 0.7879777395038513
		-auroc: 0.9437421033900998
2026-06-12 07:04:18 - __main__ - INFO - Input matrix with TQFMWEAYHRINSVDCKPGL encoding is removed.

2026-06-12 07:04:32 - __main__ - INFO - Input matrix with TIPQLNAEKDVHGSCYMRFW encoding is generated.
2026-06-12 07:10:19 - __main__ - INFO - TIPQLNAEKDVHGSCYMRFW encoding is done for multiclass task with:
	-custom
		-f1: 0.6291843472152225
		-auroc: 0.8815849640325182
	-resnet
		-f1: 0.7544567622856919
		-auroc: 0.942258768967071
2026-06-12 07:10:19 - __main__ - INFO - Input matrix with TIPQLNAEKDVHGSCYMRFW encoding is removed.

2026-06-12 07:10:33 - __main__ - INFO - Input matrix with MYCSDPVNLITQREKAGFHW encoding is generated.
2026-06-12 07:16:20 - __main__ - INFO - MYCSDPVNLITQREKAGFHW encoding is done for multiclass task with:
	-custom
		-f1: 0.6401091306152706
		-auroc: 0.8839754357431218
	-resnet
		-f1: 0.773285713756775
		-auroc: 0.9391169450268133
2026-06-12 07:16:20 - __main__ - INFO - Input matrix with MYCSDPVNLITQREKAGFHW encoding is removed.

2026-06-12 07:16:34 - __main__ - INFO - Input matrix with LEFRNGSTCQMWDHPIKAVY encoding is generated.
2026-06-12 07:22:24 - __main__ - INFO - LEFRNGSTCQMWDHPIKAVY encoding is done for multiclass task with:
	-custom
		-f1: 0.6526036172123153
		-auroc: 0.88508578337452
	-resnet
		-f1: 0.7478861984595423
		-auroc: 0.933425701186807
2026-06-12 07:22:24 - __main__ - INFO - Input matrix with LEFRNGSTCQMWDHPIKAVY encoding is removed.

2026-06-12 07:22:38 - __main__ - INFO - Input matrix with EKNYRGPMDSLHCWTVAIQF encoding is generated.
2026-06-12 07:28:25 - __main__ - INFO - EKNYRGPMDSLHCWTVAIQF encoding is done for multiclass task with:
	-custom
		-f1: 0.6463494059909787
		-auroc: 0.8838609362754779
	-resnet
		-f1: 0.7581129022302363
		-auroc: 0.9383763027803521
2026-06-12 07:28:25 - __main__ - INFO - Input matrix with EKNYRGPMDSLHCWTVAIQF encoding is removed.

2026-06-12 07:28:39 - __main__ - INFO - Input matrix with FLTWNGECMPDHSKIQRVAY encoding is generated.
2026-06-12 07:34:28 - __main__ - INFO - FLTWNGECMPDHSKIQRVAY encoding is done for multiclass task with:
	-custom
		-f1: 0.6513780311852857
		-auroc: 0.8841269970058985
	-resnet
		-f1: 0.7341163388663572
		-auroc: 0.9341789996651103
2026-06-12 07:34:28 - __main__ - INFO - Input matrix with FLTWNGECMPDHSKIQRVAY encoding is removed.

2026-06-12 07:34:42 - __main__ - INFO - Input matrix with GPETCVNLKRDSHYFAQWMI encoding is generated.
2026-06-12 07:40:30 - __main__ - INFO - GPETCVNLKRDSHYFAQWMI encoding is done for multiclass task with:
	-custom
		-f1: 0.6353028627175126
		-auroc: 0.8806636863702761
	-resnet
		-f1: 0.7335511964553424
		-auroc: 0.9292068030368068
2026-06-12 07:40:30 - __main__ - INFO - Input matrix with GPETCVNLKRDSHYFAQWMI encoding is removed.

2026-06-12 07:40:44 - __main__ - INFO - Input matrix with LAGYIKRCSEMPVHDFQWTN encoding is generated.
2026-06-12 07:46:33 - __main__ - INFO - LAGYIKRCSEMPVHDFQWTN encoding is done for multiclass task with:
	-custom
		-f1: 0.6330821027659008
		-auroc: 0.8780379242496806
	-resnet
		-f1: 0.7848125718264229
		-auroc: 0.9461183000473123
2026-06-12 07:46:33 - __main__ - INFO - Input matrix with LAGYIKRCSEMPVHDFQWTN encoding is removed.

2026-06-12 07:46:47 - __main__ - INFO - Input matrix with RGNCDFQMYKSTIEWAHLPV encoding is generated.
2026-06-12 07:52:36 - __main__ - INFO - RGNCDFQMYKSTIEWAHLPV encoding is done for multiclass task with:
	-custom
		-f1: 0.6445199400265549
		-auroc: 0.8851166168283118
	-resnet
		-f1: 0.7741371846982111
		-auroc: 0.9423425805569818
2026-06-12 07:52:36 - __main__ - INFO - Input matrix with RGNCDFQMYKSTIEWAHLPV encoding is removed.

2026-06-12 07:52:50 - __main__ - INFO - Input matrix with TVDQFIRSWKYHLCEAPNMG encoding is generated.
2026-06-12 07:58:40 - __main__ - INFO - TVDQFIRSWKYHLCEAPNMG encoding is done for multiclass task with:
	-custom
		-f1: 0.6423654218481075
		-auroc: 0.8864085949408121
	-resnet
		-f1: 0.734714276449645
		-auroc: 0.9382782763324601
2026-06-12 07:58:40 - __main__ - INFO - Input matrix with TVDQFIRSWKYHLCEAPNMG encoding is removed.

2026-06-12 07:58:54 - __main__ - INFO - Input matrix with GSCAPEQYTRKLMWFNHIVD encoding is generated.
2026-06-12 08:04:40 - __main__ - INFO - GSCAPEQYTRKLMWFNHIVD encoding is done for multiclass task with:
	-custom
		-f1: 0.6577691690793708
		-auroc: 0.8860761856397016
	-resnet
		-f1: 0.7605125513867224
		-auroc: 0.935711292820287
2026-06-12 08:04:40 - __main__ - INFO - Input matrix with GSCAPEQYTRKLMWFNHIVD encoding is removed.

2026-06-12 08:04:54 - __main__ - INFO - Input matrix with LWNRVPMAQEDYGSCIHKTF encoding is generated.
2026-06-12 08:10:37 - __main__ - INFO - LWNRVPMAQEDYGSCIHKTF encoding is done for multiclass task with:
	-custom
		-f1: 0.6527809048052707
		-auroc: 0.8842539549513369
	-resnet
		-f1: 0.7705045940724053
		-auroc: 0.9434567963927354
2026-06-12 08:10:37 - __main__ - INFO - Input matrix with LWNRVPMAQEDYGSCIHKTF encoding is removed.

2026-06-12 08:10:51 - __main__ - INFO - Input matrix with DRHMGCTWAQLPFNYSEKIV encoding is generated.
2026-06-12 08:16:41 - __main__ - INFO - DRHMGCTWAQLPFNYSEKIV encoding is done for multiclass task with:
	-custom
		-f1: 0.6490633874730375
		-auroc: 0.8881425316643725
	-resnet
		-f1: 0.7491336779231074
		-auroc: 0.9392170391847161
2026-06-12 08:16:41 - __main__ - INFO - Input matrix with DRHMGCTWAQLPFNYSEKIV encoding is removed.

2026-06-12 08:16:55 - __main__ - INFO - Input matrix with VRGCADQWLIPFESTYNMHK encoding is generated.
2026-06-12 08:22:46 - __main__ - INFO - VRGCADQWLIPFESTYNMHK encoding is done for multiclass task with:
	-custom
		-f1: 0.6513139996366114
		-auroc: 0.8834820436655904
	-resnet
		-f1: 0.7566390345072045
		-auroc: 0.9371573651001249
2026-06-12 08:22:46 - __main__ - INFO - Input matrix with VRGCADQWLIPFESTYNMHK encoding is removed.

2026-06-12 08:23:00 - __main__ - INFO - Input matrix with WQLEMPCGTSYVIAFRKHDN encoding is generated.
2026-06-12 08:28:48 - __main__ - INFO - WQLEMPCGTSYVIAFRKHDN encoding is done for multiclass task with:
	-custom
		-f1: 0.6442546808955892
		-auroc: 0.8831990752425061
	-resnet
		-f1: 0.7788720900041085
		-auroc: 0.9459588780036501
2026-06-12 08:28:48 - __main__ - INFO - Input matrix with WQLEMPCGTSYVIAFRKHDN encoding is removed.

2026-06-12 08:29:02 - __main__ - INFO - Input matrix with PSNGMCEDHLVYAIWKQFRT encoding is generated.
2026-06-12 08:34:52 - __main__ - INFO - PSNGMCEDHLVYAIWKQFRT encoding is done for multiclass task with:
	-custom
		-f1: 0.631491748339453
		-auroc: 0.882669445789427
	-resnet
		-f1: 0.7628500033240048
		-auroc: 0.9464258531821994
2026-06-12 08:34:52 - __main__ - INFO - Input matrix with PSNGMCEDHLVYAIWKQFRT encoding is removed.

2026-06-12 08:35:06 - __main__ - INFO - Input matrix with LVHYWIFQSNRKEACPTGMD encoding is generated.
2026-06-12 08:40:53 - __main__ - INFO - LVHYWIFQSNRKEACPTGMD encoding is done for multiclass task with:
	-custom
		-f1: 0.6350920350753251
		-auroc: 0.8825363573514524
	-resnet
		-f1: 0.7349348024097997
		-auroc: 0.9307217278880937
2026-06-12 08:40:53 - __main__ - INFO - Input matrix with LVHYWIFQSNRKEACPTGMD encoding is removed.

2026-06-12 08:41:07 - __main__ - INFO - Input matrix with MTDQWVPSHCGELIKYFNAR encoding is generated.
2026-06-12 08:46:55 - __main__ - INFO - MTDQWVPSHCGELIKYFNAR encoding is done for multiclass task with:
	-custom
		-f1: 0.6464657029842487
		-auroc: 0.8849065976694115
	-resnet
		-f1: 0.7541276885566784
		-auroc: 0.93665953228052
2026-06-12 08:46:55 - __main__ - INFO - Input matrix with MTDQWVPSHCGELIKYFNAR encoding is removed.

2026-06-12 08:47:09 - __main__ - INFO - Input matrix with EPWFMHIACQVGKTRLDNYS encoding is generated.
2026-06-12 08:52:59 - __main__ - INFO - EPWFMHIACQVGKTRLDNYS encoding is done for multiclass task with:
	-custom
		-f1: 0.6369500512201267
		-auroc: 0.8817358465406879
	-resnet
		-f1: 0.7431388842529343
		-auroc: 0.9326182614625063
2026-06-12 08:52:59 - __main__ - INFO - Input matrix with EPWFMHIACQVGKTRLDNYS encoding is removed.

2026-06-12 08:53:13 - __main__ - INFO - Input matrix with PQDHYLRSAMGTEFVCIKWN encoding is generated.
2026-06-12 08:58:56 - __main__ - INFO - PQDHYLRSAMGTEFVCIKWN encoding is done for multiclass task with:
	-custom
		-f1: 0.6505833101766769
		-auroc: 0.8859096355820905
	-resnet
		-f1: 0.7689524013857307
		-auroc: 0.9444729127472659
2026-06-12 08:58:56 - __main__ - INFO - Input matrix with PQDHYLRSAMGTEFVCIKWN encoding is removed.

2026-06-12 08:59:10 - __main__ - INFO - Input matrix with YHVKDLQWTRCFEGSMNIPA encoding is generated.
2026-06-12 09:04:58 - __main__ - INFO - YHVKDLQWTRCFEGSMNIPA encoding is done for multiclass task with:
	-custom
		-f1: 0.6455776903045953
		-auroc: 0.8852588665489547
	-resnet
		-f1: 0.7731156404891913
		-auroc: 0.9382025110412215
2026-06-12 09:04:58 - __main__ - INFO - Input matrix with YHVKDLQWTRCFEGSMNIPA encoding is removed.

2026-06-12 09:05:13 - __main__ - INFO - Input matrix with YIPNCKGTSVRQMEDWALFH encoding is generated.
2026-06-12 09:10:59 - __main__ - INFO - YIPNCKGTSVRQMEDWALFH encoding is done for multiclass task with:
	-custom
		-f1: 0.6440185754800423
		-auroc: 0.8807444230602078
	-resnet
		-f1: 0.7610243144289555
		-auroc: 0.9423878389248899
2026-06-12 09:10:59 - __main__ - INFO - Input matrix with YIPNCKGTSVRQMEDWALFH encoding is removed.

2026-06-12 09:11:13 - __main__ - INFO - Input matrix with KYRTVSENQGICWDAHFMLP encoding is generated.
2026-06-12 09:17:03 - __main__ - INFO - KYRTVSENQGICWDAHFMLP encoding is done for multiclass task with:
	-custom
		-f1: 0.6363976124859605
		-auroc: 0.8838228537689201
	-resnet
		-f1: 0.7587347687851136
		-auroc: 0.9408004355256789
2026-06-12 09:17:03 - __main__ - INFO - Input matrix with KYRTVSENQGICWDAHFMLP encoding is removed.

2026-06-12 09:17:17 - __main__ - INFO - Input matrix with DFPILKWNVGTQEHCAYRSM encoding is generated.
2026-06-12 09:23:01 - __main__ - INFO - DFPILKWNVGTQEHCAYRSM encoding is done for multiclass task with:
	-custom
		-f1: 0.6444809262083322
		-auroc: 0.8862062271365246
	-resnet
		-f1: 0.7673017064260353
		-auroc: 0.9428468524400208
2026-06-12 09:23:01 - __main__ - INFO - Input matrix with DFPILKWNVGTQEHCAYRSM encoding is removed.

2026-06-12 09:23:15 - __main__ - INFO - Input matrix with VITNYKEWDHCLSFQRGMAP encoding is generated.
2026-06-12 09:29:04 - __main__ - INFO - VITNYKEWDHCLSFQRGMAP encoding is done for multiclass task with:
	-custom
		-f1: 0.6466141964268439
		-auroc: 0.8860596662262502
	-resnet
		-f1: 0.7472133218552098
		-auroc: 0.940002313564802
2026-06-12 09:29:04 - __main__ - INFO - Input matrix with VITNYKEWDHCLSFQRGMAP encoding is removed.

2026-06-12 09:29:18 - __main__ - INFO - Input matrix with SLEIMQYWHTFCVDGKPNRA encoding is generated.
2026-06-12 09:35:10 - __main__ - INFO - SLEIMQYWHTFCVDGKPNRA encoding is done for multiclass task with:
	-custom
		-f1: 0.6449708768915141
		-auroc: 0.8835960855137006
	-resnet
		-f1: 0.7480098509317059
		-auroc: 0.936003470151153
2026-06-12 09:35:10 - __main__ - INFO - Input matrix with SLEIMQYWHTFCVDGKPNRA encoding is removed.

2026-06-12 09:35:24 - __main__ - INFO - Input matrix with MDYCSIQFWVKRTHANGPEL encoding is generated.
2026-06-12 09:41:12 - __main__ - INFO - MDYCSIQFWVKRTHANGPEL encoding is done for multiclass task with:
	-custom
		-f1: 0.6406477344923796
		-auroc: 0.8833000982040623
	-resnet
		-f1: 0.7790747063023187
		-auroc: 0.9461478421269509
2026-06-12 09:41:12 - __main__ - INFO - Input matrix with MDYCSIQFWVKRTHANGPEL encoding is removed.

2026-06-12 09:41:26 - __main__ - INFO - Input matrix with QTAPGCLYVWNIMFKHERSD encoding is generated.
2026-06-12 09:47:16 - __main__ - INFO - QTAPGCLYVWNIMFKHERSD encoding is done for multiclass task with:
	-custom
		-f1: 0.6462314078271055
		-auroc: 0.8910728614255683
	-resnet
		-f1: 0.7685671108810183
		-auroc: 0.9438342040144532
2026-06-12 09:47:16 - __main__ - INFO - Input matrix with QTAPGCLYVWNIMFKHERSD encoding is removed.

2026-06-12 09:47:30 - __main__ - INFO - Input matrix with WYVIPEQMAHLDGKSCRTNF encoding is generated.
2026-06-12 09:53:20 - __main__ - INFO - WYVIPEQMAHLDGKSCRTNF encoding is done for multiclass task with:
	-custom
		-f1: 0.6456016826357808
		-auroc: 0.8871736890234507
	-resnet
		-f1: 0.7842513622147292
		-auroc: 0.9469951714445767
2026-06-12 09:53:20 - __main__ - INFO - Input matrix with WYVIPEQMAHLDGKSCRTNF encoding is removed.

2026-06-12 09:53:34 - __main__ - INFO - Input matrix with HRFNTIDSPYMKQAVCGWEL encoding is generated.
2026-06-12 09:59:23 - __main__ - INFO - HRFNTIDSPYMKQAVCGWEL encoding is done for multiclass task with:
	-custom
		-f1: 0.6352585776434456
		-auroc: 0.8834109152108077
	-resnet
		-f1: 0.6917800017274943
		-auroc: 0.9262614648250824
2026-06-12 09:59:23 - __main__ - INFO - Input matrix with HRFNTIDSPYMKQAVCGWEL encoding is removed.

2026-06-12 09:59:37 - __main__ - INFO - Input matrix with KWHVIFSGCQRLETNYPADM encoding is generated.
2026-06-12 10:05:25 - __main__ - INFO - KWHVIFSGCQRLETNYPADM encoding is done for multiclass task with:
	-custom
		-f1: 0.6467290995158209
		-auroc: 0.8838058032943341
	-resnet
		-f1: 0.7523279586032451
		-auroc: 0.9369227232105801
2026-06-12 10:05:26 - __main__ - INFO - Input matrix with KWHVIFSGCQRLETNYPADM encoding is removed.

2026-06-12 10:05:40 - __main__ - INFO - Input matrix with EIDGTSHAFLCYKWRPQNMV encoding is generated.
2026-06-12 10:11:28 - __main__ - INFO - EIDGTSHAFLCYKWRPQNMV encoding is done for multiclass task with:
	-custom
		-f1: 0.6446200829098869
		-auroc: 0.8831770950595168
	-resnet
		-f1: 0.7589708771789399
		-auroc: 0.932471648856063
2026-06-12 10:11:28 - __main__ - INFO - Input matrix with EIDGTSHAFLCYKWRPQNMV encoding is removed.

2026-06-12 10:11:41 - __main__ - INFO - Input matrix with CQRAYTIWSEVHDGFKMNPL encoding is generated.
2026-06-12 10:17:31 - __main__ - INFO - CQRAYTIWSEVHDGFKMNPL encoding is done for multiclass task with:
	-custom
		-f1: 0.6411238820371628
		-auroc: 0.8790224991654476
	-resnet
		-f1: 0.7775235389428381
		-auroc: 0.9404133836653104
2026-06-12 10:17:31 - __main__ - INFO - Input matrix with CQRAYTIWSEVHDGFKMNPL encoding is removed.

2026-06-12 10:17:45 - __main__ - INFO - Input matrix with TLEPWRNFGIYVKHADSCMQ encoding is generated.
2026-06-12 10:23:32 - __main__ - INFO - TLEPWRNFGIYVKHADSCMQ encoding is done for multiclass task with:
	-custom
		-f1: 0.6381184255716615
		-auroc: 0.8821902391728825
	-resnet
		-f1: 0.7818893390485756
		-auroc: 0.9414996527450116
2026-06-12 10:23:32 - __main__ - INFO - Input matrix with TLEPWRNFGIYVKHADSCMQ encoding is removed.

2026-06-12 10:23:46 - __main__ - INFO - Input matrix with VHMNEPQYTIFCRLKDAWSG encoding is generated.
2026-06-12 10:29:35 - __main__ - INFO - VHMNEPQYTIFCRLKDAWSG encoding is done for multiclass task with:
	-custom
		-f1: 0.6470775171527668
		-auroc: 0.8854658624130186
	-resnet
		-f1: 0.7589242366771917
		-auroc: 0.9434475543931929
2026-06-12 10:29:35 - __main__ - INFO - Input matrix with VHMNEPQYTIFCRLKDAWSG encoding is removed.

2026-06-12 10:29:49 - __main__ - INFO - Input matrix with LRPKHSWQMNCYIGAETFDV encoding is generated.
2026-06-12 10:35:41 - __main__ - INFO - LRPKHSWQMNCYIGAETFDV encoding is done for multiclass task with:
	-custom
		-f1: 0.6444479273802541
		-auroc: 0.8863514571484978
	-resnet
		-f1: 0.7682171048585623
		-auroc: 0.9402712780796975
2026-06-12 10:35:41 - __main__ - INFO - Input matrix with LRPKHSWQMNCYIGAETFDV encoding is removed.

2026-06-12 10:35:55 - __main__ - INFO - Input matrix with FDWAPGYLNQMCVKTHRISE encoding is generated.
2026-06-12 10:41:39 - __main__ - INFO - FDWAPGYLNQMCVKTHRISE encoding is done for multiclass task with:
	-custom
		-f1: 0.642222459565808
		-auroc: 0.8847611781058674
	-resnet
		-f1: 0.7646440172393478
		-auroc: 0.9370143641776577
2026-06-12 10:41:39 - __main__ - INFO - Input matrix with FDWAPGYLNQMCVKTHRISE encoding is removed.

2026-06-12 10:41:53 - __main__ - INFO - Input matrix with GLYTEHDAKQVPFWNICSMR encoding is generated.
2026-06-12 10:47:42 - __main__ - INFO - GLYTEHDAKQVPFWNICSMR encoding is done for multiclass task with:
	-custom
		-f1: 0.6401106020548047
		-auroc: 0.8832787426475974
	-resnet
		-f1: 0.74393991105327
		-auroc: 0.9374519776480961
2026-06-12 10:47:42 - __main__ - INFO - Input matrix with GLYTEHDAKQVPFWNICSMR encoding is removed.

2026-06-12 10:47:56 - __main__ - INFO - Input matrix with IEQGWTFNSVLKADHPCYRM encoding is generated.
2026-06-12 10:53:45 - __main__ - INFO - IEQGWTFNSVLKADHPCYRM encoding is done for multiclass task with:
	-custom
		-f1: 0.6299850211637252
		-auroc: 0.8822680043894076
	-resnet
		-f1: 0.762588265534717
		-auroc: 0.937871465389758
2026-06-12 10:53:45 - __main__ - INFO - Input matrix with IEQGWTFNSVLKADHPCYRM encoding is removed.

2026-06-12 10:53:59 - __main__ - INFO - Input matrix with MVPGIQELNHRKTCAWFYSD encoding is generated.
2026-06-12 10:59:47 - __main__ - INFO - MVPGIQELNHRKTCAWFYSD encoding is done for multiclass task with:
	-custom
		-f1: 0.6400755669222514
		-auroc: 0.8801329992224691
	-resnet
		-f1: 0.754270127149684
		-auroc: 0.94128112246155
2026-06-12 10:59:47 - __main__ - INFO - Input matrix with MVPGIQELNHRKTCAWFYSD encoding is removed.

2026-06-12 11:00:01 - __main__ - INFO - Input matrix with DNWIVHYTGRCLQFESMAKP encoding is generated.
2026-06-12 11:05:51 - __main__ - INFO - DNWIVHYTGRCLQFESMAKP encoding is done for multiclass task with:
	-custom
		-f1: 0.651209743454244
		-auroc: 0.8851212091290177
	-resnet
		-f1: 0.7731623141251308
		-auroc: 0.9392144068181734
2026-06-12 11:05:51 - __main__ - INFO - Input matrix with DNWIVHYTGRCLQFESMAKP encoding is removed.

2026-06-12 11:06:05 - __main__ - INFO - Input matrix with HYTKENVPIRDWCQFSLAMG encoding is generated.
2026-06-12 11:11:51 - __main__ - INFO - HYTKENVPIRDWCQFSLAMG encoding is done for multiclass task with:
	-custom
		-f1: 0.6450333688534203
		-auroc: 0.885578115220277
	-resnet
		-f1: 0.7742259353623577
		-auroc: 0.9392595689911122
2026-06-12 11:11:51 - __main__ - INFO - Input matrix with HYTKENVPIRDWCQFSLAMG encoding is removed.

2026-06-12 11:12:05 - __main__ - INFO - Input matrix with GPFKMEVSYRWCNQDAHLIT encoding is generated.
2026-06-12 11:17:49 - __main__ - INFO - GPFKMEVSYRWCNQDAHLIT encoding is done for multiclass task with:
	-custom
		-f1: 0.6417558745661699
		-auroc: 0.8828575651919754
	-resnet
		-f1: 0.7538794679095018
		-auroc: 0.9401043278888309
2026-06-12 11:17:49 - __main__ - INFO - Input matrix with GPFKMEVSYRWCNQDAHLIT encoding is removed.

2026-06-12 11:18:03 - __main__ - INFO - Input matrix with ITGPVDMNLYFKCSQAWRHE encoding is generated.
2026-06-12 11:23:55 - __main__ - INFO - ITGPVDMNLYFKCSQAWRHE encoding is done for multiclass task with:
	-custom
		-f1: 0.6476617647247433
		-auroc: 0.881847689958472
	-resnet
		-f1: 0.7630921431719248
		-auroc: 0.9429547776069531
2026-06-12 11:23:55 - __main__ - INFO - Input matrix with ITGPVDMNLYFKCSQAWRHE encoding is removed.

2026-06-12 11:24:09 - __main__ - INFO - Input matrix with PQACRMNYGVIFKEHWTLSD encoding is generated.
2026-06-12 11:29:56 - __main__ - INFO - PQACRMNYGVIFKEHWTLSD encoding is done for multiclass task with:
	-custom
		-f1: 0.6488107793158318
		-auroc: 0.8856439415197807
	-resnet
		-f1: 0.7364055387574362
		-auroc: 0.937855518382607
2026-06-12 11:29:56 - __main__ - INFO - Input matrix with PQACRMNYGVIFKEHWTLSD encoding is removed.

2026-06-12 11:30:10 - __main__ - INFO - Input matrix with AMDWFIHNREGVSQCLYTKP encoding is generated.
2026-06-12 11:36:08 - __main__ - INFO - AMDWFIHNREGVSQCLYTKP encoding is done for multiclass task with:
	-custom
		-f1: 0.6541933848503132
		-auroc: 0.8893461006738919
	-resnet
		-f1: 0.7706267596083949
		-auroc: 0.9424236513044804
2026-06-12 11:36:08 - __main__ - INFO - Input matrix with AMDWFIHNREGVSQCLYTKP encoding is removed.

2026-06-12 11:36:23 - __main__ - INFO - Input matrix with GKTAENHCVFIDWMRLPQYS encoding is generated.
2026-06-12 11:42:15 - __main__ - INFO - GKTAENHCVFIDWMRLPQYS encoding is done for multiclass task with:
	-custom
		-f1: 0.6518231207589633
		-auroc: 0.8850351583854529
	-resnet
		-f1: 0.7631957288981213
		-auroc: 0.9427576093025891
2026-06-12 11:42:15 - __main__ - INFO - Input matrix with GKTAENHCVFIDWMRLPQYS encoding is removed.

2026-06-12 11:42:29 - __main__ - INFO - Input matrix with TYFIWKGRSLVNCHQDPEMA encoding is generated.
2026-06-12 11:48:20 - __main__ - INFO - TYFIWKGRSLVNCHQDPEMA encoding is done for multiclass task with:
	-custom
		-f1: 0.642936501522846
		-auroc: 0.8842190349628634
	-resnet
		-f1: 0.7641196320949459
		-auroc: 0.9401507189645317
2026-06-12 11:48:20 - __main__ - INFO - Input matrix with TYFIWKGRSLVNCHQDPEMA encoding is removed.

2026-06-12 11:48:33 - __main__ - INFO - Input matrix with HNWSPEGFDIKYCRALQTMV encoding is generated.
2026-06-12 11:54:24 - __main__ - INFO - HNWSPEGFDIKYCRALQTMV encoding is done for multiclass task with:
	-custom
		-f1: 0.628861603697788
		-auroc: 0.8746691573883304
	-resnet
		-f1: 0.7604602441563136
		-auroc: 0.9459014303479656
2026-06-12 11:54:24 - __main__ - INFO - Input matrix with HNWSPEGFDIKYCRALQTMV encoding is removed.

2026-06-12 11:54:39 - __main__ - INFO - Input matrix with QLNDFICEWYRSTHGVPAMK encoding is generated.
2026-06-12 12:00:29 - __main__ - INFO - QLNDFICEWYRSTHGVPAMK encoding is done for multiclass task with:
	-custom
		-f1: 0.6307961177485343
		-auroc: 0.8838025181619766
	-resnet
		-f1: 0.7525439368167441
		-auroc: 0.9400709931897854
2026-06-12 12:00:29 - __main__ - INFO - Input matrix with QLNDFICEWYRSTHGVPAMK encoding is removed.

2026-06-12 12:00:43 - __main__ - INFO - Input matrix with WRDCYINHVQPFLAKESGMT encoding is generated.
2026-06-12 12:06:34 - __main__ - INFO - WRDCYINHVQPFLAKESGMT encoding is done for multiclass task with:
	-custom
		-f1: 0.6491020756220791
		-auroc: 0.8876077169638128
	-resnet
		-f1: 0.7581721265504106
		-auroc: 0.9396462077620221
2026-06-12 12:06:34 - __main__ - INFO - Input matrix with WRDCYINHVQPFLAKESGMT encoding is removed.

2026-06-12 12:06:48 - __main__ - INFO - Input matrix with IATLFESVPRGMCKWYHDNQ encoding is generated.
2026-06-12 12:12:41 - __main__ - INFO - IATLFESVPRGMCKWYHDNQ encoding is done for multiclass task with:
	-custom
		-f1: 0.6369782953282707
		-auroc: 0.8781341107128311
	-resnet
		-f1: 0.7514371737116078
		-auroc: 0.9380996942866684
2026-06-12 12:12:41 - __main__ - INFO - Input matrix with IATLFESVPRGMCKWYHDNQ encoding is removed.

2026-06-12 12:12:55 - __main__ - INFO - Input matrix with KRPGHSETDLIFNYWMCVAQ encoding is generated.
2026-06-12 12:18:34 - __main__ - INFO - KRPGHSETDLIFNYWMCVAQ encoding is done for multiclass task with:
	-custom
		-f1: 0.6432175244538658
		-auroc: 0.8906992768912699
	-resnet
		-f1: 0.7558681227668987
		-auroc: 0.9390063161262153
2026-06-12 12:18:34 - __main__ - INFO - Input matrix with KRPGHSETDLIFNYWMCVAQ encoding is removed.

2026-06-12 12:18:48 - __main__ - INFO - Input matrix with DARIGHYLWSMNECTVQPKF encoding is generated.
2026-06-12 12:24:42 - __main__ - INFO - DARIGHYLWSMNECTVQPKF encoding is done for multiclass task with:
	-custom
		-f1: 0.6448250774832764
		-auroc: 0.8838043666917722
	-resnet
		-f1: 0.7282289605733945
		-auroc: 0.9321030277207809
2026-06-12 12:24:42 - __main__ - INFO - Input matrix with DARIGHYLWSMNECTVQPKF encoding is removed.

2026-06-12 12:24:56 - __main__ - INFO - Input matrix with YDMQNSHWTVPAERGKLCFI encoding is generated.
2026-06-12 12:30:48 - __main__ - INFO - YDMQNSHWTVPAERGKLCFI encoding is done for multiclass task with:
	-custom
		-f1: 0.6328456015996078
		-auroc: 0.8837883756373077
	-resnet
		-f1: 0.7605652410079075
		-auroc: 0.9406831010919605
2026-06-12 12:30:48 - __main__ - INFO - Input matrix with YDMQNSHWTVPAERGKLCFI encoding is removed.

2026-06-12 12:31:02 - __main__ - INFO - Input matrix with GFKIEATPRDMCVSLWNHYQ encoding is generated.
2026-06-12 12:36:50 - __main__ - INFO - GFKIEATPRDMCVSLWNHYQ encoding is done for multiclass task with:
	-custom
		-f1: 0.6534123041904304
		-auroc: 0.8842418856304264
	-resnet
		-f1: 0.7625891282835238
		-auroc: 0.9380058040063766
2026-06-12 12:36:50 - __main__ - INFO - Input matrix with GFKIEATPRDMCVSLWNHYQ encoding is removed.

2026-06-12 12:37:04 - __main__ - INFO - Input matrix with ESWHYVMCKNRFIPAGDQTL encoding is generated.
2026-06-12 12:42:55 - __main__ - INFO - ESWHYVMCKNRFIPAGDQTL encoding is done for multiclass task with:
	-custom
		-f1: 0.633686489858795
		-auroc: 0.8792346501775189
	-resnet
		-f1: 0.7496587209997247
		-auroc: 0.9374546674331856
2026-06-12 12:42:55 - __main__ - INFO - Input matrix with ESWHYVMCKNRFIPAGDQTL encoding is removed.

2026-06-12 12:43:09 - __main__ - INFO - Input matrix with PSQMRVELIFNYTKWCADHG encoding is generated.
2026-06-12 12:49:01 - __main__ - INFO - PSQMRVELIFNYTKWCADHG encoding is done for multiclass task with:
	-custom
		-f1: 0.639741210289551
		-auroc: 0.8882794329866618
	-resnet
		-f1: 0.7764914464754995
		-auroc: 0.9411899024817927
2026-06-12 12:49:01 - __main__ - INFO - Input matrix with PSQMRVELIFNYTKWCADHG encoding is removed.

2026-06-12 12:49:15 - __main__ - INFO - Input matrix with YCWKTGNAQDLSERVHFPMI encoding is generated.
2026-06-12 12:55:03 - __main__ - INFO - YCWKTGNAQDLSERVHFPMI encoding is done for multiclass task with:
	-custom
		-f1: 0.6478181288429724
		-auroc: 0.886777241175715
	-resnet
		-f1: 0.7581405563627035
		-auroc: 0.9449758887694403
2026-06-12 12:55:03 - __main__ - INFO - Input matrix with YCWKTGNAQDLSERVHFPMI encoding is removed.

2026-06-12 12:55:17 - __main__ - INFO - Input matrix with DVHTASEKLYMQPNIGCFWR encoding is generated.
2026-06-12 13:01:08 - __main__ - INFO - DVHTASEKLYMQPNIGCFWR encoding is done for multiclass task with:
	-custom
		-f1: 0.6504195582567861
		-auroc: 0.88430130060025
	-resnet
		-f1: 0.7738589692223832
		-auroc: 0.9441524987644498
2026-06-12 13:01:08 - __main__ - INFO - Input matrix with DVHTASEKLYMQPNIGCFWR encoding is removed.

2026-06-12 13:01:23 - __main__ - INFO - Input matrix with CIRQNDKWTVFSHYEALPGM encoding is generated.
2026-06-12 13:07:12 - __main__ - INFO - CIRQNDKWTVFSHYEALPGM encoding is done for multiclass task with:
	-custom
		-f1: 0.6444741959845954
		-auroc: 0.8806316476546698
	-resnet
		-f1: 0.7647598944266388
		-auroc: 0.9410404905622791
2026-06-12 13:07:12 - __main__ - INFO - Input matrix with CIRQNDKWTVFSHYEALPGM encoding is removed.

2026-06-12 13:07:26 - __main__ - INFO - Input matrix with KYFCAWREPVNLGSDIQMHT encoding is generated.
2026-06-12 13:13:17 - __main__ - INFO - KYFCAWREPVNLGSDIQMHT encoding is done for multiclass task with:
	-custom
		-f1: 0.6336395414623011
		-auroc: 0.8868918157999461
	-resnet
		-f1: 0.7641355246597012
		-auroc: 0.9378047661177298
2026-06-12 13:13:17 - __main__ - INFO - Input matrix with KYFCAWREPVNLGSDIQMHT encoding is removed.

2026-06-12 13:13:31 - __main__ - INFO - Input matrix with MKYHNRTLPQIWVACDGFES encoding is generated.
2026-06-12 13:19:18 - __main__ - INFO - MKYHNRTLPQIWVACDGFES encoding is done for multiclass task with:
	-custom
		-f1: 0.6446361618803276
		-auroc: 0.881841340815901
	-resnet
		-f1: 0.7231300887260238
		-auroc: 0.933728486476509
2026-06-12 13:19:18 - __main__ - INFO - Input matrix with MKYHNRTLPQIWVACDGFES encoding is removed.

2026-06-12 13:19:32 - __main__ - INFO - Input matrix with NDHIARPMFCTKWGLVSYQE encoding is generated.
2026-06-12 13:25:19 - __main__ - INFO - NDHIARPMFCTKWGLVSYQE encoding is done for multiclass task with:
	-custom
		-f1: 0.6468378699697913
		-auroc: 0.8856281091017312
	-resnet
		-f1: 0.7646680422301825
		-auroc: 0.9414968025228987
2026-06-12 13:25:19 - __main__ - INFO - Input matrix with NDHIARPMFCTKWGLVSYQE encoding is removed.

2026-06-12 13:25:33 - __main__ - INFO - Input matrix with KQMYFDVGIREATSCPHWNL encoding is generated.
2026-06-12 13:31:25 - __main__ - INFO - KQMYFDVGIREATSCPHWNL encoding is done for multiclass task with:
	-custom
		-f1: 0.6508891667520615
		-auroc: 0.8857349084422633
	-resnet
		-f1: 0.7635513585677411
		-auroc: 0.9418153445863254
2026-06-12 13:31:25 - __main__ - INFO - Input matrix with KQMYFDVGIREATSCPHWNL encoding is removed.

2026-06-12 13:31:39 - __main__ - INFO - Input matrix with LFTWMVDPQRICAEYKSGNH encoding is generated.
2026-06-12 13:37:30 - __main__ - INFO - LFTWMVDPQRICAEYKSGNH encoding is done for multiclass task with:
	-custom
		-f1: 0.6308359504131522
		-auroc: 0.8838130551632475
	-resnet
		-f1: 0.7719914747708039
		-auroc: 0.9366354340502312
2026-06-12 13:37:30 - __main__ - INFO - Input matrix with LFTWMVDPQRICAEYKSGNH encoding is removed.

2026-06-12 13:37:44 - __main__ - INFO - Input matrix with CPSFQDMHVIENTGLRYAKW encoding is generated.
2026-06-12 13:43:35 - __main__ - INFO - CPSFQDMHVIENTGLRYAKW encoding is done for multiclass task with:
	-custom
		-f1: 0.6420893947743973
		-auroc: 0.8818518602150004
	-resnet
		-f1: 0.7587625812814861
		-auroc: 0.9395282981649007
2026-06-12 13:43:35 - __main__ - INFO - Input matrix with CPSFQDMHVIENTGLRYAKW encoding is removed.

2026-06-12 13:43:49 - __main__ - INFO - Input matrix with LNTKFPICEQDVGWMAYSRH encoding is generated.
2026-06-12 13:49:37 - __main__ - INFO - LNTKFPICEQDVGWMAYSRH encoding is done for multiclass task with:
	-custom
		-f1: 0.6500397643905156
		-auroc: 0.886437084326821
	-resnet
		-f1: 0.7706597400057666
		-auroc: 0.9436970293553385
2026-06-12 13:49:37 - __main__ - INFO - Input matrix with LNTKFPICEQDVGWMAYSRH encoding is removed.

2026-06-12 13:49:52 - __main__ - INFO - Input matrix with KRYNSWDMHVILCAQEGPFT encoding is generated.
2026-06-12 13:55:42 - __main__ - INFO - KRYNSWDMHVILCAQEGPFT encoding is done for multiclass task with:
	-custom
		-f1: 0.6482478571021921
		-auroc: 0.8883148278788525
	-resnet
		-f1: 0.7793972950517258
		-auroc: 0.9457729235835781
2026-06-12 13:55:42 - __main__ - INFO - Input matrix with KRYNSWDMHVILCAQEGPFT encoding is removed.

2026-06-12 13:55:56 - __main__ - INFO - Input matrix with LNQSTARDPWICHYMEFGKV encoding is generated.
2026-06-12 14:01:46 - __main__ - INFO - LNQSTARDPWICHYMEFGKV encoding is done for multiclass task with:
	-custom
		-f1: 0.6295996745981162
		-auroc: 0.8767867868446656
	-resnet
		-f1: 0.767056973914061
		-auroc: 0.9460835375784249
2026-06-12 14:01:46 - __main__ - INFO - Input matrix with LNQSTARDPWICHYMEFGKV encoding is removed.

2026-06-12 14:02:00 - __main__ - INFO - Input matrix with GVWPTKADEYSLFNHCRIMQ encoding is generated.
2026-06-12 14:07:51 - __main__ - INFO - GVWPTKADEYSLFNHCRIMQ encoding is done for multiclass task with:
	-custom
		-f1: 0.6480299794277224
		-auroc: 0.8847056242032731
	-resnet
		-f1: 0.7572155665731806
		-auroc: 0.9389155241060199
2026-06-12 14:07:51 - __main__ - INFO - Input matrix with GVWPTKADEYSLFNHCRIMQ encoding is removed.

2026-06-12 14:08:05 - __main__ - INFO - Input matrix with APTSKWGIDCMQNHRFVYLE encoding is generated.
2026-06-12 14:13:56 - __main__ - INFO - APTSKWGIDCMQNHRFVYLE encoding is done for multiclass task with:
	-custom
		-f1: 0.6417051162652764
		-auroc: 0.8803902066881178
	-resnet
		-f1: 0.7767557250401049
		-auroc: 0.9416166480996644
2026-06-12 14:13:56 - __main__ - INFO - Input matrix with APTSKWGIDCMQNHRFVYLE encoding is removed.

2026-06-12 14:14:11 - __main__ - INFO - Input matrix with IWFDRPTCAGMESYQHVLNK encoding is generated.
2026-06-12 14:20:02 - __main__ - INFO - IWFDRPTCAGMESYQHVLNK encoding is done for multiclass task with:
	-custom
		-f1: 0.6454729399361951
		-auroc: 0.8826525359711297
	-resnet
		-f1: 0.768062003742848
		-auroc: 0.941274548717416
2026-06-12 14:20:02 - __main__ - INFO - Input matrix with IWFDRPTCAGMESYQHVLNK encoding is removed.

2026-06-12 14:20:16 - __main__ - INFO - Input matrix with TPQLGIFNDEWRAHCVYSKM encoding is generated.
2026-06-12 14:26:07 - __main__ - INFO - TPQLGIFNDEWRAHCVYSKM encoding is done for multiclass task with:
	-custom
		-f1: 0.6500573538977911
		-auroc: 0.8855954445513581
	-resnet
		-f1: 0.7588774956350679
		-auroc: 0.9436456637232638
2026-06-12 14:26:07 - __main__ - INFO - Input matrix with TPQLGIFNDEWRAHCVYSKM encoding is removed.

2026-06-12 14:26:21 - __main__ - INFO - Input matrix with KRIAEYFSWVNTGHMQCLPD encoding is generated.
2026-06-12 14:32:13 - __main__ - INFO - KRIAEYFSWVNTGHMQCLPD encoding is done for multiclass task with:
	-custom
		-f1: 0.6505357214172945
		-auroc: 0.884571190573211
	-resnet
		-f1: 0.7486275942415607
		-auroc: 0.9387446930005762
2026-06-12 14:32:13 - __main__ - INFO - Input matrix with KRIAEYFSWVNTGHMQCLPD encoding is removed.

2026-06-12 14:32:27 - __main__ - INFO - Input matrix with DPYERTFLMAKQSIHCGVWN encoding is generated.
2026-06-12 14:38:20 - __main__ - INFO - DPYERTFLMAKQSIHCGVWN encoding is done for multiclass task with:
	-custom
		-f1: 0.6616205949508722
		-auroc: 0.8888496414101865
	-resnet
		-f1: 0.7382767608031069
		-auroc: 0.9313198320720343
2026-06-12 14:38:20 - __main__ - INFO - Input matrix with DPYERTFLMAKQSIHCGVWN encoding is removed.

2026-06-12 14:38:34 - __main__ - INFO - Input matrix with LMCDGEPTFIYASRQVHKNW encoding is generated.
2026-06-12 14:44:27 - __main__ - INFO - LMCDGEPTFIYASRQVHKNW encoding is done for multiclass task with:
	-custom
		-f1: 0.6395722083711252
		-auroc: 0.8801557523201466
	-resnet
		-f1: 0.7312492736337797
		-auroc: 0.9451589921109156
2026-06-12 14:44:27 - __main__ - INFO - Input matrix with LMCDGEPTFIYASRQVHKNW encoding is removed.

2026-06-12 14:44:42 - __main__ - INFO - Input matrix with NIKDGFYMPEAQSVHRTWCL encoding is generated.
2026-06-12 14:50:34 - __main__ - INFO - NIKDGFYMPEAQSVHRTWCL encoding is done for multiclass task with:
	-custom
		-f1: 0.6418905485124927
		-auroc: 0.8874071898068344
	-resnet
		-f1: 0.7741364561099082
		-auroc: 0.9426524494544225
2026-06-12 14:50:34 - __main__ - INFO - Input matrix with NIKDGFYMPEAQSVHRTWCL encoding is removed.

2026-06-12 14:50:47 - __main__ - INFO - Input matrix with QRNMCWAITVGKDHPFLSYE encoding is generated.
2026-06-12 14:56:41 - __main__ - INFO - QRNMCWAITVGKDHPFLSYE encoding is done for multiclass task with:
	-custom
		-f1: 0.6524880599499852
		-auroc: 0.8848331513012926
	-resnet
		-f1: 0.7618010740252562
		-auroc: 0.9364581453882426
2026-06-12 14:56:41 - __main__ - INFO - Input matrix with QRNMCWAITVGKDHPFLSYE encoding is removed.

2026-06-12 14:56:55 - __main__ - INFO - Input matrix with DESMFLQVRHWAPCGNYKIT encoding is generated.
2026-06-12 15:02:49 - __main__ - INFO - DESMFLQVRHWAPCGNYKIT encoding is done for multiclass task with:
	-custom
		-f1: 0.6468563585467834
		-auroc: 0.8878049128449998
	-resnet
		-f1: 0.7588410473561352
		-auroc: 0.9359184203424317
2026-06-12 15:02:49 - __main__ - INFO - Input matrix with DESMFLQVRHWAPCGNYKIT encoding is removed.

2026-06-12 15:03:03 - __main__ - INFO - Input matrix with NLHARQTGVEDCIWKSPFMY encoding is generated.
2026-06-12 15:08:55 - __main__ - INFO - NLHARQTGVEDCIWKSPFMY encoding is done for multiclass task with:
	-custom
		-f1: 0.6547196276407792
		-auroc: 0.8854736875722435
	-resnet
		-f1: 0.7218240311507425
		-auroc: 0.9293912000608829
2026-06-12 15:08:55 - __main__ - INFO - Input matrix with NLHARQTGVEDCIWKSPFMY encoding is removed.

2026-06-12 15:09:09 - __main__ - INFO - Input matrix with DIVAMCWSHRGQFLPEYKTN encoding is generated.
2026-06-12 15:14:58 - __main__ - INFO - DIVAMCWSHRGQFLPEYKTN encoding is done for multiclass task with:
	-custom
		-f1: 0.6529882545670017
		-auroc: 0.8868174324038494
	-resnet
		-f1: 0.7503493353454203
		-auroc: 0.933477216778444
2026-06-12 15:14:58 - __main__ - INFO - Input matrix with DIVAMCWSHRGQFLPEYKTN encoding is removed.

2026-06-12 15:15:12 - __main__ - INFO - Input matrix with TPKHEIGMVRQWDLSFCNAY encoding is generated.
2026-06-12 15:20:52 - __main__ - INFO - TPKHEIGMVRQWDLSFCNAY encoding is done for multiclass task with:
	-custom
		-f1: 0.6414038661152501
		-auroc: 0.8838966120618623
	-resnet
		-f1: 0.775663486218386
		-auroc: 0.9452877606723261
2026-06-12 15:20:52 - __main__ - INFO - Input matrix with TPKHEIGMVRQWDLSFCNAY encoding is removed.

2026-06-12 15:21:06 - __main__ - INFO - Input matrix with KCLTWDPASINFYEHMGRQV encoding is generated.
2026-06-12 15:26:57 - __main__ - INFO - KCLTWDPASINFYEHMGRQV encoding is done for multiclass task with:
	-custom
		-f1: 0.644319077872931
		-auroc: 0.8863797080245217
	-resnet
		-f1: 0.775706985097481
		-auroc: 0.9421375691592566
2026-06-12 15:26:57 - __main__ - INFO - Input matrix with KCLTWDPASINFYEHMGRQV encoding is removed.

2026-06-12 15:27:11 - __main__ - INFO - Input matrix with QMWILKTESGRNHDVFYCPA encoding is generated.
2026-06-12 15:32:57 - __main__ - INFO - QMWILKTESGRNHDVFYCPA encoding is done for multiclass task with:
	-custom
		-f1: 0.6515152627031128
		-auroc: 0.8886251174001358
	-resnet
		-f1: 0.7648205367818441
		-auroc: 0.9412468312583027
2026-06-12 15:32:57 - __main__ - INFO - Input matrix with QMWILKTESGRNHDVFYCPA encoding is removed.

2026-06-12 15:33:11 - __main__ - INFO - Input matrix with HDEAPIVFNMYGCSRKQTWL encoding is generated.
2026-06-12 15:38:57 - __main__ - INFO - HDEAPIVFNMYGCSRKQTWL encoding is done for multiclass task with:
	-custom
		-f1: 0.6657669277653012
		-auroc: 0.8901309734757851
	-resnet
		-f1: 0.7674531751386631
		-auroc: 0.9452027509507165
2026-06-12 15:38:57 - __main__ - INFO - Input matrix with HDEAPIVFNMYGCSRKQTWL encoding is removed.

2026-06-12 15:39:11 - __main__ - INFO - Input matrix with WGNYKEACSPIFVMLRHDQT encoding is generated.
2026-06-12 15:44:58 - __main__ - INFO - WGNYKEACSPIFVMLRHDQT encoding is done for multiclass task with:
	-custom
		-f1: 0.6551612796830352
		-auroc: 0.8908556476745023
	-resnet
		-f1: 0.7236336266454486
		-auroc: 0.9405398433261704
2026-06-12 15:44:58 - __main__ - INFO - Input matrix with WGNYKEACSPIFVMLRHDQT encoding is removed.

2026-06-12 15:45:12 - __main__ - INFO - Input matrix with GINRLSDACFWPYKEQHMVT encoding is generated.
2026-06-12 15:51:01 - __main__ - INFO - GINRLSDACFWPYKEQHMVT encoding is done for multiclass task with:
	-custom
		-f1: 0.6291740967430947
		-auroc: 0.8777761557597893
	-resnet
		-f1: 0.774330926523667
		-auroc: 0.9448298313228998
2026-06-12 15:51:01 - __main__ - INFO - Input matrix with GINRLSDACFWPYKEQHMVT encoding is removed.

2026-06-12 15:51:15 - __main__ - INFO - Input matrix with HKNMWFEDGYACLRIVPTSQ encoding is generated.
2026-06-12 15:57:06 - __main__ - INFO - HKNMWFEDGYACLRIVPTSQ encoding is done for multiclass task with:
	-custom
		-f1: 0.643310867397106
		-auroc: 0.8814694756166679
	-resnet
		-f1: 0.7755681236922692
		-auroc: 0.9395169027349383
2026-06-12 15:57:06 - __main__ - INFO - Input matrix with HKNMWFEDGYACLRIVPTSQ encoding is removed.

2026-06-12 15:57:20 - __main__ - INFO - Input matrix with PAKSILYCQRFGDNTEWHVM encoding is generated.
2026-06-12 16:03:09 - __main__ - INFO - PAKSILYCQRFGDNTEWHVM encoding is done for multiclass task with:
	-custom
		-f1: 0.6556618510141244
		-auroc: 0.8903930602606686
	-resnet
		-f1: 0.767690203327023
		-auroc: 0.9383921351383446
2026-06-12 16:03:09 - __main__ - INFO - Input matrix with PAKSILYCQRFGDNTEWHVM encoding is removed.

2026-06-12 16:03:23 - __main__ - INFO - Input matrix with SPEAQVFHLRNYKGWMTCID encoding is generated.
2026-06-12 16:09:13 - __main__ - INFO - SPEAQVFHLRNYKGWMTCID encoding is done for multiclass task with:
	-custom
		-f1: 0.6722791014261997
		-auroc: 0.8923043288853926
	-resnet
		-f1: 0.7446057939272432
		-auroc: 0.9345957939631131
2026-06-12 16:09:13 - __main__ - INFO - Input matrix with SPEAQVFHLRNYKGWMTCID encoding is removed.

2026-06-12 16:09:27 - __main__ - INFO - Input matrix with ELQPFIKDAVSNRMGYTHWC encoding is generated.
2026-06-12 16:15:21 - __main__ - INFO - ELQPFIKDAVSNRMGYTHWC encoding is done for multiclass task with:
	-custom
		-f1: 0.6367113494464955
		-auroc: 0.879241701818499
	-resnet
		-f1: 0.7649104244518137
		-auroc: 0.9407093933187257
2026-06-12 16:15:21 - __main__ - INFO - Input matrix with ELQPFIKDAVSNRMGYTHWC encoding is removed.

2026-06-12 16:15:35 - __main__ - INFO - Input matrix with MFYGTPEKHINWSLAQRVDC encoding is generated.
2026-06-12 16:21:26 - __main__ - INFO - MFYGTPEKHINWSLAQRVDC encoding is done for multiclass task with:
	-custom
		-f1: 0.636438271721519
		-auroc: 0.885840992433365
	-resnet
		-f1: 0.7569376097333224
		-auroc: 0.9418567264906166
2026-06-12 16:21:26 - __main__ - INFO - Input matrix with MFYGTPEKHINWSLAQRVDC encoding is removed.

2026-06-12 16:21:40 - __main__ - INFO - Input matrix with DIMQWFRTKNVLESAGPCYH encoding is generated.
2026-06-12 16:27:28 - __main__ - INFO - DIMQWFRTKNVLESAGPCYH encoding is done for multiclass task with:
	-custom
		-f1: 0.6441711043859474
		-auroc: 0.8852039975283699
	-resnet
		-f1: 0.7638474502540058
		-auroc: 0.9404768838509874
2026-06-12 16:27:28 - __main__ - INFO - Input matrix with DIMQWFRTKNVLESAGPCYH encoding is removed.

2026-06-12 16:27:42 - __main__ - INFO - Input matrix with MKTYDLPAERIFHVGNCQSW encoding is generated.
2026-06-12 16:33:34 - __main__ - INFO - MKTYDLPAERIFHVGNCQSW encoding is done for multiclass task with:
	-custom
		-f1: 0.6494944220596874
		-auroc: 0.8863782712193553
	-resnet
		-f1: 0.748153352657441
		-auroc: 0.9397315025123983
2026-06-12 16:33:34 - __main__ - INFO - Input matrix with MKTYDLPAERIFHVGNCQSW encoding is removed.

2026-06-12 16:33:48 - __main__ - INFO - Input matrix with HKSFCWANPVQDRETGMLIY encoding is generated.
2026-06-12 16:39:41 - __main__ - INFO - HKSFCWANPVQDRETGMLIY encoding is done for multiclass task with:
	-custom
		-f1: 0.6368938992598377
		-auroc: 0.8831385540868034
	-resnet
		-f1: 0.7556535212548813
		-auroc: 0.9352809762234008
2026-06-12 16:39:41 - __main__ - INFO - Input matrix with HKSFCWANPVQDRETGMLIY encoding is removed.

2026-06-12 16:39:55 - __main__ - INFO - Input matrix with NASTFDMCGHRQYWVPLKEI encoding is generated.
2026-06-12 16:45:46 - __main__ - INFO - NASTFDMCGHRQYWVPLKEI encoding is done for multiclass task with:
	-custom
		-f1: 0.6374555537364373
		-auroc: 0.8820031840052642
	-resnet
		-f1: 0.7431539850541011
		-auroc: 0.9427478741627509
2026-06-12 16:45:46 - __main__ - INFO - Input matrix with NASTFDMCGHRQYWVPLKEI encoding is removed.

2026-06-12 16:46:00 - __main__ - INFO - Input matrix with DREWKPIMVCNQTAHFSGYL encoding is generated.
2026-06-12 16:51:59 - __main__ - INFO - DREWKPIMVCNQTAHFSGYL encoding is done for multiclass task with:
	-custom
		-f1: 0.6415434052292565
		-auroc: 0.8853366617667644
	-resnet
		-f1: 0.7627991656005615
		-auroc: 0.939200265412946
2026-06-12 16:51:59 - __main__ - INFO - Input matrix with DREWKPIMVCNQTAHFSGYL encoding is removed.

2026-06-12 16:52:13 - __main__ - INFO - Input matrix with EDNYPLIGQHMRKFVCSWAT encoding is generated.
2026-06-12 16:58:08 - __main__ - INFO - EDNYPLIGQHMRKFVCSWAT encoding is done for multiclass task with:
	-custom
		-f1: 0.6571176288207256
		-auroc: 0.8832203023121334
	-resnet
		-f1: 0.7478297110692055
		-auroc: 0.9453374274831322
2026-06-12 16:58:08 - __main__ - INFO - Input matrix with EDNYPLIGQHMRKFVCSWAT encoding is removed.

2026-06-12 16:58:22 - __main__ - INFO - Input matrix with SHMPIDVWKFQYENLCGATR encoding is generated.
2026-06-12 17:04:16 - __main__ - INFO - SHMPIDVWKFQYENLCGATR encoding is done for multiclass task with:
	-custom
		-f1: 0.6457235493474839
		-auroc: 0.8851204062651906
	-resnet
		-f1: 0.7357652153518387
		-auroc: 0.9363074113321026
2026-06-12 17:04:16 - __main__ - INFO - Input matrix with SHMPIDVWKFQYENLCGATR encoding is removed.

2026-06-12 17:04:30 - __main__ - INFO - Input matrix with PAFCEQHTGDWKYSIVRMLN encoding is generated.
2026-06-12 17:10:23 - __main__ - INFO - PAFCEQHTGDWKYSIVRMLN encoding is done for multiclass task with:
	-custom
		-f1: 0.648441116594025
		-auroc: 0.8810628876253274
	-resnet
		-f1: 0.7570480253897702
		-auroc: 0.9421127892529195
2026-06-12 17:10:23 - __main__ - INFO - Input matrix with PAFCEQHTGDWKYSIVRMLN encoding is removed.

2026-06-12 17:10:37 - __main__ - INFO - Input matrix with NGFCAHSYRVPKQLDIMWET encoding is generated.
2026-06-12 17:16:26 - __main__ - INFO - NGFCAHSYRVPKQLDIMWET encoding is done for multiclass task with:
	-custom
		-f1: 0.6400677456064614
		-auroc: 0.8851007585747901
	-resnet
		-f1: 0.7732202729163935
		-auroc: 0.9420807551052187
2026-06-12 17:16:26 - __main__ - INFO - Input matrix with NGFCAHSYRVPKQLDIMWET encoding is removed.

2026-06-12 17:16:40 - __main__ - INFO - Input matrix with PLRKDYMWTEHAFNSGVICQ encoding is generated.
2026-06-12 17:22:33 - __main__ - INFO - PLRKDYMWTEHAFNSGVICQ encoding is done for multiclass task with:
	-custom
		-f1: 0.6494951352922196
		-auroc: 0.8822605804984137
	-resnet
		-f1: 0.785636583778036
		-auroc: 0.9460134814391244
2026-06-12 17:22:33 - __main__ - INFO - Input matrix with PLRKDYMWTEHAFNSGVICQ encoding is removed.

2026-06-12 17:22:47 - __main__ - INFO - Input matrix with CSIWRDMVTKEPFQHAYNGL encoding is generated.
2026-06-12 17:28:40 - __main__ - INFO - CSIWRDMVTKEPFQHAYNGL encoding is done for multiclass task with:
	-custom
		-f1: 0.644036497211801
		-auroc: 0.8824239501710469
	-resnet
		-f1: 0.7711964167810416
		-auroc: 0.9399045921326511
2026-06-12 17:28:40 - __main__ - INFO - Input matrix with CSIWRDMVTKEPFQHAYNGL encoding is removed.

2026-06-12 17:28:54 - __main__ - INFO - Input matrix with NYPVETCWIMDGAKHQFLSR encoding is generated.
2026-06-12 17:34:48 - __main__ - INFO - NYPVETCWIMDGAKHQFLSR encoding is done for multiclass task with:
	-custom
		-f1: 0.6518270468266145
		-auroc: 0.8843924970408843
	-resnet
		-f1: 0.769682106482835
		-auroc: 0.9399316034946177
2026-06-12 17:34:48 - __main__ - INFO - Input matrix with NYPVETCWIMDGAKHQFLSR encoding is removed.

2026-06-12 17:35:02 - __main__ - INFO - Input matrix with RNPDEASWTCKIYFVMQLGH encoding is generated.
2026-06-12 17:40:53 - __main__ - INFO - RNPDEASWTCKIYFVMQLGH encoding is done for multiclass task with:
	-custom
		-f1: 0.6378073105022949
		-auroc: 0.8827917504780306
	-resnet
		-f1: 0.7608401034177306
		-auroc: 0.9413125302866959
2026-06-12 17:40:53 - __main__ - INFO - Input matrix with RNPDEASWTCKIYFVMQLGH encoding is removed.

2026-06-12 17:41:07 - __main__ - INFO - Input matrix with IKQDPCGELRVMYTSWAFNH encoding is generated.
2026-06-12 17:47:01 - __main__ - INFO - IKQDPCGELRVMYTSWAFNH encoding is done for multiclass task with:
	-custom
		-f1: 0.628910311825716
		-auroc: 0.8818474587848405
	-resnet
		-f1: 0.7753409328671875
		-auroc: 0.9416673012352463
2026-06-12 17:47:01 - __main__ - INFO - Input matrix with IKQDPCGELRVMYTSWAFNH encoding is removed.

2026-06-12 17:47:15 - __main__ - INFO - Input matrix with IHSFPDMRQTWYELNVKCGA encoding is generated.
2026-06-12 17:53:06 - __main__ - INFO - IHSFPDMRQTWYELNVKCGA encoding is done for multiclass task with:
	-custom
		-f1: 0.6396616999573815
		-auroc: 0.8800248372009436
	-resnet
		-f1: 0.7643720589809513
		-auroc: 0.9390085076089791
2026-06-12 17:53:07 - __main__ - INFO - Input matrix with IHSFPDMRQTWYELNVKCGA encoding is removed.

