2026-06-05 22:12:04 - __main__ - INFO - Filename: training_noise.py started.
2026-06-05 22:12:22 - __main__ - INFO - Accuracy is 0.7800348229831688 and auroc is 0.7505301768279242 with WCYKMVHQFDGRLITNEASP encoding and index 0.
2026-06-05 22:12:40 - __main__ - INFO - Accuracy is 0.7782936738247244 and auroc is 0.7477258204486413 with ETHMDRFVICQAYWLSKPNG encoding and index 1.
2026-06-05 22:12:58 - __main__ - INFO - Accuracy is 0.7852582704585026 and auroc is 0.7538249467730369 with PFWALGEMCVITRDNHYQSK encoding and index 2.
2026-06-05 22:13:16 - __main__ - INFO - Accuracy is 0.788160185722577 and auroc is 0.7529355053840853 with RDCVFTHISPLNYWQGAKEM encoding and index 3.
2026-06-05 22:13:34 - __main__ - INFO - Accuracy is 0.7811955890887986 and auroc is 0.7477265180497306 with YEWHQFAVPNSMLDTIKCGR encoding and index 4.
2026-06-05 22:13:52 - __main__ - INFO - Accuracy is 0.7800348229831688 and auroc is 0.752087920060496 with DGVYPCNMQWIFKLATHSRE encoding and index 5.
2026-06-05 22:14:10 - __main__ - INFO - Accuracy is 0.7771329077190946 and auroc is 0.7422956935689551 with VIGHKDSRFNPCWATQYELM encoding and index 6.
2026-06-05 22:14:28 - __main__ - INFO - Accuracy is 0.7695879280325014 and auroc is 0.7419378242101062 with CVDGNAWHQYMRKTLPIEFS encoding and index 7.
2026-06-05 22:14:46 - __main__ - INFO - Accuracy is 0.7730702263493906 and auroc is 0.7370874038356899 with INHSWFPDQCTARYKMGLVE encoding and index 8.
2026-06-05 22:15:04 - __main__ - INFO - Accuracy is 0.7852582704585026 and auroc is 0.7540474815205471 with EHIGTSDFLMWNRAPQYVKC encoding and index 9.
2026-06-05 22:15:23 - __main__ - INFO - Accuracy is 0.7811955890887986 and auroc is 0.7544025604750385 with IMGHEWQDRKVTYPNCASFL encoding and index 10.
2026-06-05 22:15:41 - __main__ - INFO - Accuracy is 0.7771329077190946 and auroc is 0.745633714781609 with EGMHRYSLWFNAKDICPQVT encoding and index 11.
2026-06-05 22:15:59 - __main__ - INFO - Accuracy is 0.7788740568775392 and auroc is 0.7471028626758304 with YQLIRTMKGFCWAPSEDVHN encoding and index 12.
2026-06-05 22:16:16 - __main__ - INFO - Accuracy is 0.7904817179338364 and auroc is 0.762460550658396 with NPACKGISRQEVLFDHYMTW encoding and index 13.
2026-06-05 22:16:34 - __main__ - INFO - Accuracy is 0.7719094602437608 and auroc is 0.7425614795840065 with YGDCFRETVLQKASWMHIPN encoding and index 14.
2026-06-05 22:16:53 - __main__ - INFO - Accuracy is 0.77539175856065 and auroc is 0.7419392194122849 with YSELFDMTQCHVRINWAGPK encoding and index 15.
2026-06-05 22:17:11 - __main__ - INFO - Accuracy is 0.7724898432965758 and auroc is 0.7414934523161751 with EVTSPIHDKMAYWQFNCGRL encoding and index 16.
2026-06-05 22:17:29 - __main__ - INFO - Accuracy is 0.7939640162507254 and auroc is 0.7627284294767155 with REDQGKPCMNIFWALTHYVS encoding and index 17.
2026-06-05 22:17:47 - __main__ - INFO - Accuracy is 0.783517121300058 and auroc is 0.753468472616367 with EFYAPNHILWCTQKSDRVGM encoding and index 18.
2026-06-05 22:18:05 - __main__ - INFO - Accuracy is 0.7771329077190946 and auroc is 0.74652385377165 with ITQELAFNPCGYHVWSMKDR encoding and index 19.
2026-06-05 22:18:23 - __main__ - INFO - Accuracy is 0.7759721416134648 and auroc is 0.7457669565896795 with TQMFCRVPYGKWADIHNLSE encoding and index 20.
2026-06-05 22:18:42 - __main__ - INFO - Accuracy is 0.787579802669762 and auroc is 0.7609021098247347 with IMYQGVWNHRCDPEKATFSL encoding and index 21.
2026-06-05 22:19:00 - __main__ - INFO - Accuracy is 0.7736506094022054 and auroc is 0.7351292375778176 with MRVECIGLQDWKTNSHYAPF encoding and index 22.
2026-06-05 22:19:18 - __main__ - INFO - Accuracy is 0.783517121300058 and auroc is 0.7521332641313054 with AMDCFGRSETINPQVWLKHY encoding and index 23.
2026-06-05 22:19:36 - __main__ - INFO - Accuracy is 0.7748113755078352 and auroc is 0.7383340169824009 with QHVGLKRTIMPYWSNFCAED encoding and index 24.
2026-06-05 22:19:54 - __main__ - INFO - Accuracy is 0.7765525246662798 and auroc is 0.7429186513417658 with QNDMHWTAEICGRLYVKPSF encoding and index 25.
2026-06-05 22:20:12 - __main__ - INFO - Accuracy is 0.7777132907719094 and auroc is 0.7483487782214521 with KWPRNLGSIVDFAMQEYCTH encoding and index 26.
2026-06-05 22:20:30 - __main__ - INFO - Accuracy is 0.7748113755078352 and auroc is 0.7403368297099933 with ISANVEHFRPMDCQLWGTKY encoding and index 27.
2026-06-05 22:20:47 - __main__ - INFO - Accuracy is 0.7701683110853164 and auroc is 0.7399796579522337 with NMYQFRDHLKWSTVPIEAGC encoding and index 28.
2026-06-05 22:21:06 - __main__ - INFO - Accuracy is 0.7765525246662798 and auroc is 0.7467017420494403 with INSVFHMRWQEGTCLAKDPY encoding and index 29.
2026-06-05 22:21:23 - __main__ - INFO - Accuracy is 0.779454439930354 and auroc is 0.7458123006604888 with NASRLHMKTECWDIPFVQYG encoding and index 30.
2026-06-05 22:21:41 - __main__ - INFO - Accuracy is 0.7765525246662798 and auroc is 0.7409158386141736 with SAGQKFEICLNVYRMPHDTW encoding and index 31.
2026-06-05 22:21:59 - __main__ - INFO - Accuracy is 0.7864190365641324 and auroc is 0.7530241007224358 with KSHPVAQDRTCYFLMWEIGN encoding and index 32.
2026-06-05 22:22:17 - __main__ - INFO - Accuracy is 0.7800348229831688 and auroc is 0.7440766691501266 with VKSWGANFYCRMPTQHELDI encoding and index 33.
2026-06-05 22:22:39 - __main__ - INFO - Accuracy is 0.7788740568775392 and auroc is 0.7473253974233405 with SIYQATPRHKVDWNGEFLMC encoding and index 34.
2026-06-05 22:22:57 - __main__ - INFO - Accuracy is 0.7817759721416134 and auroc is 0.7493289077520223 with DGTQREFHIMWNKYAVCPSL encoding and index 35.
2026-06-05 22:23:15 - __main__ - INFO - Accuracy is 0.7933836331979106 and auroc is 0.7591232270468313 with VQRWNTEAFHIYLPSMCKDG encoding and index 36.
2026-06-05 22:23:34 - __main__ - INFO - Accuracy is 0.788160185722577 and auroc is 0.7607242215469444 with CRWHAFDYLVIQKGMTEPNS encoding and index 37.
2026-06-05 22:23:52 - __main__ - INFO - Accuracy is 0.7840975043528728 and auroc is 0.7524004453485355 with RKGWHTQEVSMAPLIYDFNC encoding and index 38.
2026-06-05 22:24:10 - __main__ - INFO - Accuracy is 0.77539175856065 and auroc is 0.7421617541597954 with DRQGIPVMCKSTNEHFAWYL encoding and index 39.
2026-06-05 22:24:28 - __main__ - INFO - Accuracy is 0.7864190365641324 and auroc is 0.7539142397124768 with LYQFKNVTASRMEDWPCGIH encoding and index 40.
2026-06-05 22:24:46 - __main__ - INFO - Accuracy is 0.7858386535113174 and auroc is 0.7583202881929622 with MNRHFSTVQKGILWCYDPEA encoding and index 41.
2026-06-05 22:25:04 - __main__ - INFO - Accuracy is 0.7788740568775392 and auroc is 0.7479930016658713 with AVSCKGNEWTQDLYFPIMRH encoding and index 42.
2026-06-05 22:25:22 - __main__ - INFO - Accuracy is 0.7829367382472432 and auroc is 0.7498632701864827 with LHYRGKPMSWIDQNCETVAF encoding and index 43.
2026-06-05 22:25:40 - __main__ - INFO - Accuracy is 0.783517121300058 and auroc is 0.7494628471611823 with SRLDGNWCHPIKMTFAYQVE encoding and index 44.
2026-06-05 22:25:57 - __main__ - INFO - Accuracy is 0.7817759721416134 and auroc is 0.7535570679547172 with PTYDSVMIQHRGCKLFWAEN encoding and index 45.
2026-06-05 22:26:15 - __main__ - INFO - Accuracy is 0.7759721416134648 and auroc is 0.7446542828521281 with CEFMYPSQLRHIAWDVTNKG encoding and index 46.
2026-06-05 22:26:34 - __main__ - INFO - Accuracy is 0.7695879280325014 and auroc is 0.7339265732997367 with MRWFSDCGLPQNVAETKYHI encoding and index 47.
2026-06-05 22:26:51 - __main__ - INFO - Accuracy is 0.783517121300058 and auroc is 0.7579191675665721 with CLGIKPWENMQSDRHYTFVA encoding and index 48.
2026-06-05 22:27:09 - __main__ - INFO - Accuracy is 0.7806152060359838 and auroc is 0.748794545317562 with RYLHWIVENAFDCTSGPKQM encoding and index 49.
2026-06-05 22:27:27 - __main__ - INFO - Accuracy is 0.7678467788740568 and auroc is 0.7333475643955566 with SKLWEYIDVMPGHFRCQNAT encoding and index 50.
2026-06-05 22:27:44 - __main__ - INFO - Accuracy is 0.7864190365641324 and auroc is 0.7539142397124768 with CPSDIHEKQNMRVFTWYLAG encoding and index 51.
2026-06-05 22:28:02 - __main__ - INFO - Accuracy is 0.7840975043528728 and auroc is 0.7566286055512305 with HDFKVITLPCWESRYMGAQN encoding and index 52.
2026-06-05 22:28:20 - __main__ - INFO - Accuracy is 0.7782936738247244 and auroc is 0.7475032857011308 with ARIVKNCQHEFWSDYMLPTG encoding and index 53.
2026-06-05 22:28:38 - __main__ - INFO - Accuracy is 0.7782936738247244 and auroc is 0.7419399170133744 with EQVNWPFMHLRTKACIYDGS encoding and index 54.
2026-06-05 22:28:56 - __main__ - INFO - Accuracy is 0.7811955890887986 and auroc is 0.7437208925945458 with FYDLMRPSVEAHCNTWGKIQ encoding and index 55.
2026-06-05 22:29:14 - __main__ - INFO - Accuracy is 0.7817759721416134 and auroc is 0.7502190467420634 with GRETQVCKPYHIWLMNDASF encoding and index 56.
2026-06-05 22:29:33 - __main__ - INFO - Accuracy is 0.7829367382472432 and auroc is 0.7478604574588904 with EFAHPMTQNRWLICVKDYGS encoding and index 57.
2026-06-05 22:29:51 - __main__ - INFO - Accuracy is 0.7771329077190946 and auroc is 0.7425182283164653 with TQPNIDVKSHWGMCLFYRAE encoding and index 58.
2026-06-05 22:30:09 - __main__ - INFO - Accuracy is 0.7707486941381312 and auroc is 0.7384665611893819 with DYFKMCHRITWEALGSNQPV encoding and index 59.
2026-06-05 22:30:27 - __main__ - INFO - Accuracy is 0.7684271619268718 and auroc is 0.7358400930878893 with RVYPFAGTINDWLKESMHCQ encoding and index 60.
2026-06-05 22:30:45 - __main__ - INFO - Accuracy is 0.779454439930354 and auroc is 0.7471475091455503 with HLQPAYFKGICMNVRSTDWE encoding and index 61.
2026-06-05 22:31:03 - __main__ - INFO - Accuracy is 0.7730702263493906 and auroc is 0.7419831682809155 with PHIDASTEKYQRFCGMNLVW encoding and index 62.
2026-06-05 22:31:21 - __main__ - INFO - Accuracy is 0.7678467788740568 and auroc is 0.7366855856082105 with SFCLQIMTYKGEHDWRVANP encoding and index 63.
2026-06-05 22:31:39 - __main__ - INFO - Accuracy is 0.7765525246662798 and auroc is 0.7440313250793172 with LGENIQYPCADRVMKSTWHF encoding and index 64.
2026-06-05 22:31:57 - __main__ - INFO - Accuracy is 0.7661056297156124 and auroc is 0.7345488334714584 with MAESPVFDNLQYGWCTHIKR encoding and index 65.
2026-06-05 22:32:15 - __main__ - INFO - Accuracy is 0.7829367382472432 and auroc is 0.7527562219041162 with CTFGELVKDRHPNIAWMSQY encoding and index 66.
2026-06-05 22:32:33 - __main__ - INFO - Accuracy is 0.788160185722577 and auroc is 0.7551608528591878 with KCDQFWVATPRHYNSLIGME encoding and index 67.
2026-06-05 22:32:50 - __main__ - INFO - Accuracy is 0.7684271619268718 and auroc is 0.734727419350338 with TDCGRLQNEHVYKSAPMFIW encoding and index 68.
2026-06-05 22:33:08 - __main__ - INFO - Accuracy is 0.767266395821242 and auroc is 0.73619586964347 with RTVIDQPEMFGSAHCKWYLN encoding and index 69.
2026-06-05 22:33:26 - __main__ - INFO - Accuracy is 0.771329077190946 and auroc is 0.7411816246292249 with HSMENPDLCTQVKIFGYAWR encoding and index 70.
2026-06-05 22:33:44 - __main__ - INFO - Accuracy is 0.7800348229831688 and auroc is 0.748749898847842 with FRGISVPLEWHMACDTKYQN encoding and index 71.
2026-06-05 22:34:01 - __main__ - INFO - Accuracy is 0.7782936738247244 and auroc is 0.7477258204486413 with PHELDCNFQAKSIVTWGMRY encoding and index 72.
2026-06-05 22:34:19 - __main__ - INFO - Accuracy is 0.7765525246662798 and auroc is 0.7413609081091942 with DANLYSPGFQIVHCEKTMRW encoding and index 73.
2026-06-05 22:34:37 - __main__ - INFO - Accuracy is 0.7852582704585026 and auroc is 0.7538249467730369 with ACVSIQHDKRETNGMPWFYL encoding and index 74.
2026-06-05 22:34:55 - __main__ - INFO - Accuracy is 0.77539175856065 and auroc is 0.748615261837593 with WNQFPLGERSIYCDHMAKVT encoding and index 75.
2026-06-05 22:35:13 - __main__ - INFO - Accuracy is 0.7887405687753918 and auroc is 0.7592111247840925 with NLTHSEVGFPRWKQDYMAIC encoding and index 76.
2026-06-05 22:35:30 - __main__ - INFO - Accuracy is 0.783517121300058 and auroc is 0.755248750596449 with RKCTQDSLMFHYVEPWIAGN encoding and index 77.
2026-06-05 22:35:48 - __main__ - INFO - Accuracy is 0.771329077190946 and auroc is 0.7380661381640814 with YIDQCMSAVHTFNWPERLKG encoding and index 78.
2026-06-05 22:36:05 - __main__ - INFO - Accuracy is 0.7782936738247244 and auroc is 0.7472807509536207 with HRAWVGLQFDPNYSTICKEM encoding and index 79.
2026-06-05 22:36:23 - __main__ - INFO - Accuracy is 0.7817759721416134 and auroc is 0.7499965119945531 with VQPLKYNAFDGCTRIWEMHS encoding and index 80.
2026-06-05 22:36:41 - __main__ - INFO - Accuracy is 0.779454439930354 and auroc is 0.749372856620653 with IKSHGDALFVPMQWYTNRCE encoding and index 81.
2026-06-05 22:36:58 - __main__ - INFO - Accuracy is 0.779454439930354 and auroc is 0.7500404608631838 with ISRPFGLKVNCMAWHTQYDE encoding and index 82.
2026-06-05 22:37:16 - __main__ - INFO - Accuracy is 0.7759721416134648 and auroc is 0.745321887094659 with QLCHDVGSNRFMPEYTAIKW encoding and index 83.
2026-06-05 22:37:34 - __main__ - INFO - Accuracy is 0.767266395821242 and auroc is 0.7408690993411855 with HISENLKDGTFPYCWAQRVM encoding and index 84.
2026-06-05 22:37:52 - __main__ - INFO - Accuracy is 0.7858386535113174 and auroc is 0.7569850797079004 with LWDRHPINKCYGSTVEFQAM encoding and index 85.
2026-06-05 22:38:10 - __main__ - INFO - Accuracy is 0.7806152060359838 and auroc is 0.7476818715800106 with RYVDGHFMTICQWSNLKEPA encoding and index 86.
2026-06-05 22:38:27 - __main__ - INFO - Accuracy is 0.7887405687753918 and auroc is 0.7565407078139694 with DFCGVINPRKMWLAETYSQH encoding and index 87.
2026-06-05 22:38:45 - __main__ - INFO - Accuracy is 0.7846778874056878 and auroc is 0.7517774875757247 with HLNIKWEQDPTRYCGFMVSA encoding and index 88.
2026-06-05 22:39:03 - __main__ - INFO - Accuracy is 0.7759721416134648 and auroc is 0.745544421842169 with EHPLTWASVIRCDKMGNQFY encoding and index 89.
2026-06-05 22:39:21 - __main__ - INFO - Accuracy is 0.7724898432965758 and auroc is 0.7394906395885827 with PVHTLCKRQNYASDGMFIEW encoding and index 90.
2026-06-05 22:39:38 - __main__ - INFO - Accuracy is 0.7788740568775392 and auroc is 0.7437648414631766 with NSEIHKQALCTVPDGFYMRW encoding and index 91.
2026-06-05 22:39:57 - __main__ - INFO - Accuracy is 0.7899013348810214 and auroc is 0.7610806957036144 with GRKDTWALFCVQIYPSHNEM encoding and index 92.
2026-06-05 22:40:15 - __main__ - INFO - Accuracy is 0.779454439930354 and auroc is 0.749372856620653 with KHNMRIDTVELPWQAYCSFG encoding and index 93.
2026-06-05 22:40:32 - __main__ - INFO - Accuracy is 0.7829367382472432 and auroc is 0.7507534091765237 with FMPVCSINYRTKLQHDEGAW encoding and index 94.
2026-06-05 22:40:50 - __main__ - INFO - Accuracy is 0.7759721416134648 and auroc is 0.7448768175996383 with PMYHWENQKRSTACVIFDGL encoding and index 95.
2026-06-05 22:41:08 - __main__ - INFO - Accuracy is 0.7742309924550204 and auroc is 0.7407372527352938 with AEKWTMIFGSLRNQYDVCPH encoding and index 96.
2026-06-05 22:41:27 - __main__ - INFO - Accuracy is 0.7730702263493906 and auroc is 0.7384226123207515 with CQVRATHPWMNSYDKFGILE encoding and index 97.
2026-06-05 22:41:45 - __main__ - INFO - Accuracy is 0.7695879280325014 and auroc is 0.7294758783495315 with KSAVEWPNGYRQTDLHIFCM encoding and index 98.
2026-06-05 22:42:03 - __main__ - INFO - Accuracy is 0.7869994196169472 and auroc is 0.7599673243649737 with NSRPAHMTWIYQGFDVLKEC encoding and index 99.
2026-06-05 22:42:20 - __main__ - INFO - Accuracy is 0.7730702263493906 and auroc is 0.7442085157560182 with VYNWQHTCLRPGDFMASIEK encoding and index 100.
2026-06-05 22:42:38 - __main__ - INFO - Accuracy is 0.77539175856065 and auroc is 0.7443871016348979 with EIDCMTRWAGPFKQLSYHVN encoding and index 101.
2026-06-05 22:42:56 - __main__ - INFO - Accuracy is 0.7811955890887986 and auroc is 0.7526222824949564 with CGVPETHYMFIWQKLNDSRA encoding and index 102.
2026-06-05 22:43:13 - __main__ - INFO - Accuracy is 0.7724898432965758 and auroc is 0.7421610565587058 with WTGEKAQDCVMFSRNYPHLI encoding and index 103.
2026-06-05 22:43:31 - __main__ - INFO - Accuracy is 0.7823563551944284 and auroc is 0.7538242491719475 with YWTPDQLNMIEAFVKSHRCG encoding and index 104.
2026-06-05 22:43:48 - __main__ - INFO - Accuracy is 0.7748113755078352 and auroc is 0.7405593644575036 with DMQGINKPEWHCRSVTYFLA encoding and index 105.
2026-06-05 22:44:06 - __main__ - INFO - Accuracy is 0.7788740568775392 and auroc is 0.750218349140974 with PLKNFVWHSYCEAGQTDMIR encoding and index 106.
2026-06-05 22:44:23 - __main__ - INFO - Accuracy is 0.7626233313987232 and auroc is 0.7293851902079131 with QMVEKICPFGYSAWLDNRHT encoding and index 107.
2026-06-05 22:44:40 - __main__ - INFO - Accuracy is 0.7695879280325014 and auroc is 0.7354843165323087 with IYAPKQCMWSGLTFDHRNVE encoding and index 108.
2026-06-05 22:44:57 - __main__ - INFO - Accuracy is 0.7782936738247244 and auroc is 0.7479483551961514 with PRKIVWYGDAELMFCNSTQH encoding and index 109.
2026-06-05 22:45:15 - __main__ - INFO - Accuracy is 0.7701683110853164 and auroc is 0.7370867062346004 with FMINPWCQGLKDHRTYVSEA encoding and index 110.
2026-06-05 22:45:32 - __main__ - INFO - Accuracy is 0.7777132907719094 and auroc is 0.7494614519590033 with EGQNRVHFTACMYSWIKDLP encoding and index 111.
2026-06-05 22:45:49 - __main__ - INFO - Accuracy is 0.7840975043528728 and auroc is 0.7510652368634738 with DHTEQWMRALSVIPGYCKNF encoding and index 112.
2026-06-05 22:46:07 - __main__ - INFO - Accuracy is 0.7829367382472432 and auroc is 0.7514210134190545 with RNYVCFKEQSTLAIHWPMDG encoding and index 113.
2026-06-05 22:46:24 - __main__ - INFO - Accuracy is 0.7806152060359838 and auroc is 0.7490170800650723 with IPCDYTWGSANFVQERLKHM encoding and index 114.
2026-06-05 22:46:41 - __main__ - INFO - Accuracy is 0.7684271619268718 and auroc is 0.7345048846028278 with RTKPFMVIEQLCGNYHDSAW encoding and index 115.
2026-06-05 22:46:59 - __main__ - INFO - Accuracy is 0.7823563551944284 and auroc is 0.7551594576570091 with TLFQGHEAYIKPNWCSMDRV encoding and index 116.
2026-06-05 22:47:16 - __main__ - INFO - Accuracy is 0.7626233313987232 and auroc is 0.7333908156630977 with PEKFYSIMHQLDANVGCWTR encoding and index 117.
2026-06-05 22:47:33 - __main__ - INFO - Accuracy is 0.7800348229831688 and auroc is 0.751197781070455 with HRQICEMFWGPYKVTDLNSA encoding and index 118.
2026-06-05 22:47:51 - __main__ - INFO - Accuracy is 0.779454439930354 and auroc is 0.749372856620653 with GTMAEQVCSLNRKHPFIWYD encoding and index 119.
2026-06-05 22:48:08 - __main__ - INFO - Accuracy is 0.7893209518282066 and auroc is 0.7568078890311994 with WHLDGNRVTEQYPCFKSMAI encoding and index 120.
2026-06-05 22:48:25 - __main__ - INFO - Accuracy is 0.7736506094022054 and auroc is 0.7449207664682689 with NSGWITMVQLEHPFYRACKD encoding and index 121.
2026-06-05 22:48:43 - __main__ - INFO - Accuracy is 0.7806152060359838 and auroc is 0.7519100317827057 with QACRIFEKYLGWHDNVTPMS encoding and index 122.
2026-06-05 22:49:00 - __main__ - INFO - Accuracy is 0.7829367382472432 and auroc is 0.7471928532163595 with RGFVKIYPASTLNMECHWDQ encoding and index 123.
2026-06-05 22:49:17 - __main__ - INFO - Accuracy is 0.7806152060359838 and auroc is 0.7499072190551133 with PTECMYWKSHNGQFALDIVR encoding and index 124.
2026-06-05 22:49:35 - __main__ - INFO - Accuracy is 0.788160185722577 and auroc is 0.7558284571017185 with LFVCKMWIYSGATNPHQRED encoding and index 125.
2026-06-05 22:49:52 - __main__ - INFO - Accuracy is 0.7829367382472432 and auroc is 0.749195665943952 with QNRGVIWPDKTYLFAECMSH encoding and index 126.
2026-06-05 22:50:10 - __main__ - INFO - Accuracy is 0.7771329077190946 and auroc is 0.7447435757915679 with HGSPKAWTCMRIVYNQEFDL encoding and index 127.
2026-06-05 22:50:27 - __main__ - INFO - Accuracy is 0.7817759721416134 and auroc is 0.7477711645194506 with ERSHPTQKIVACNYLFDMGW encoding and index 128.
2026-06-05 22:50:44 - __main__ - INFO - Accuracy is 0.7782936738247244 and auroc is 0.7486159594386823 with FREDPYWNVQCTGSHMLAKI encoding and index 129.
2026-06-05 22:51:01 - __main__ - INFO - Accuracy is 0.7724898432965758 and auroc is 0.7386005005985418 with FESDLRCGAIKHPWNQTVMY encoding and index 130.
2026-06-05 22:51:19 - __main__ - INFO - Accuracy is 0.7782936738247244 and auroc is 0.7463906119635797 with RHIVFSWETCKDAQGNMLPY encoding and index 131.
2026-06-05 22:51:36 - __main__ - INFO - Accuracy is 0.77539175856065 and auroc is 0.7394913371896722 with RNYLAIEFTKPWQDSGHMVC encoding and index 132.
2026-06-05 22:51:53 - __main__ - INFO - Accuracy is 0.7742309924550204 and auroc is 0.7434076697054169 with MTVESIAWNRLHDGQFPYKC encoding and index 133.
2026-06-05 22:52:11 - __main__ - INFO - Accuracy is 0.7759721416134648 and auroc is 0.7426514701245358 with VFTCDPWLNMIKQRYAGSHE encoding and index 134.
2026-06-05 22:52:28 - __main__ - INFO - Accuracy is 0.7800348229831688 and auroc is 0.7518653853129857 with WHDCSFVAYKTEILQRPMGN encoding and index 135.
2026-06-05 22:52:45 - __main__ - INFO - Accuracy is 0.7806152060359838 and auroc is 0.744566385114867 with VEIKQNSPADCHRWTFMYGL encoding and index 136.
2026-06-05 22:53:02 - __main__ - INFO - Accuracy is 0.7823563551944284 and auroc is 0.7511538322018244 with DKGAFVESMWIPYLCRNTQH encoding and index 137.
2026-06-05 22:53:19 - __main__ - INFO - Accuracy is 0.7684271619268718 and auroc is 0.7325020718752354 with HTRCPEWNIQSAKMFYDGVL encoding and index 138.
2026-06-05 22:53:36 - __main__ - INFO - Accuracy is 0.7759721416134648 and auroc is 0.7448768175996383 with QHSNDMARLEKVYWIGCPTF encoding and index 139.
2026-06-05 22:53:54 - __main__ - INFO - Accuracy is 0.7928032501450958 and auroc is 0.7579659068395601 with RMSCWYFDPGIVLENATQHK encoding and index 140.
2026-06-05 22:54:11 - __main__ - INFO - Accuracy is 0.7695879280325014 and auroc is 0.7381547335024319 with TFGLWQMHYSRNACKPDEIV encoding and index 141.
2026-06-05 22:54:29 - __main__ - INFO - Accuracy is 0.7788740568775392 and auroc is 0.744209910958197 with AYSLHEKRMFINWDVCTQPG encoding and index 142.
2026-06-05 22:54:46 - __main__ - INFO - Accuracy is 0.7742309924550204 and auroc is 0.7440752739479478 with NFKHPEAGWLQITSYMDCVR encoding and index 143.
2026-06-05 22:55:03 - __main__ - INFO - Accuracy is 0.7777132907719094 and auroc is 0.7467910349888802 with YTKFRSVQLNPCGAMDEWHI encoding and index 144.
2026-06-05 22:55:20 - __main__ - INFO - Accuracy is 0.7666860127684272 and auroc is 0.7352610841837092 with HLERPIQNSFWTADCVKYMG encoding and index 145.
2026-06-05 22:55:38 - __main__ - INFO - Accuracy is 0.7893209518282066 and auroc is 0.7610360492338945 with YQWKGNREHSPMIFCTLAVD encoding and index 146.
2026-06-05 22:55:55 - __main__ - INFO - Accuracy is 0.7666860127684272 and auroc is 0.7330357367086064 with CQPIHGTEAWVYSDFRMNLK encoding and index 147.
2026-06-05 22:56:12 - __main__ - INFO - Accuracy is 0.7742309924550204 and auroc is 0.740959787482804 with TVKPMEICSNWQLHFADGRY encoding and index 148.
2026-06-05 22:56:29 - __main__ - INFO - Accuracy is 0.783517121300058 and auroc is 0.7492403124136718 with QAHMTLWIEPSKYFGDRCNV encoding and index 149.
2026-06-05 22:56:47 - __main__ - INFO - Accuracy is 0.7701683110853164 and auroc is 0.7361965672445594 with DHQWCVASEKLNMPIGRYTF encoding and index 150.
2026-06-05 22:57:04 - __main__ - INFO - Accuracy is 0.7829367382472432 and auroc is 0.7549815693792187 with EHLCTYKFSGQWRNDVAMIP encoding and index 151.
2026-06-05 22:57:21 - __main__ - INFO - Accuracy is 0.7701683110853164 and auroc is 0.7430951444173775 with EVDPTRMFQYKLGCSWAHNI encoding and index 152.
2026-06-05 22:57:38 - __main__ - INFO - Accuracy is 0.7788740568775392 and auroc is 0.7459901889382791 with TPRGCSWFDYNQEHLMVIKA encoding and index 153.
2026-06-05 22:57:56 - __main__ - INFO - Accuracy is 0.7899013348810214 and auroc is 0.7575201397434502 with TRIQSPWAVFMKCDNGEHYL encoding and index 154.
2026-06-05 22:58:13 - __main__ - INFO - Accuracy is 0.7800348229831688 and auroc is 0.7483048293528214 with ITWVDFYKSRNQLPHMECGA encoding and index 155.
2026-06-05 22:58:30 - __main__ - INFO - Accuracy is 0.791642484039466 and auroc is 0.7605470308702433 with RKHWEAQLTIVFCMNSGDYP encoding and index 156.
2026-06-05 22:58:48 - __main__ - INFO - Accuracy is 0.7788740568775392 and auroc is 0.7459901889382791 with YPQIRHELMNVTASFGCWDK encoding and index 157.
2026-06-05 22:59:05 - __main__ - INFO - Accuracy is 0.7782936738247244 and auroc is 0.744165264488477 with CAEPWNDTMSFIHGKVLQYR encoding and index 158.
2026-06-05 22:59:23 - __main__ - INFO - Accuracy is 0.7869994196169472 and auroc is 0.7561842336572993 with LRFMCVDGYKTWHAQEPISN encoding and index 159.
2026-06-05 22:59:40 - __main__ - INFO - Accuracy is 0.7759721416134648 and auroc is 0.7464345608322103 with MFWGERTHDLQAIVPNCYSK encoding and index 160.
2026-06-05 22:59:57 - __main__ - INFO - Accuracy is 0.7771329077190946 and auroc is 0.7431858325589962 with GKLDHYPQVTMWASICEFNR encoding and index 161.
2026-06-05 23:00:15 - __main__ - INFO - Accuracy is 0.7840975043528728 and auroc is 0.7532905843385767 with SLDMAFTEKPGHICYQRVWN encoding and index 162.
2026-06-05 23:00:32 - __main__ - INFO - Accuracy is 0.7678467788740568 and auroc is 0.7362405161131901 with TPKYMQLGNAWHEFVDSIRC encoding and index 163.
2026-06-05 23:00:50 - __main__ - INFO - Accuracy is 0.7637840975043528 and auroc is 0.7285843441573118 with RHGNVSKWMFQCYEAPITLD encoding and index 164.
2026-06-05 23:01:07 - __main__ - INFO - Accuracy is 0.7724898432965758 and auroc is 0.7392681048410725 with MNTRPIQVHSLECFGWYKDA encoding and index 165.
2026-06-05 23:01:24 - __main__ - INFO - Accuracy is 0.7910621009866512 and auroc is 0.7605023844005235 with IEQYDNALWKRMCTFSPVHG encoding and index 166.
2026-06-05 23:01:41 - __main__ - INFO - Accuracy is 0.7800348229831688 and auroc is 0.7480822946053113 with RSYHLWPNDVFKQGIAETMC encoding and index 167.
2026-06-05 23:01:59 - __main__ - INFO - Accuracy is 0.7742309924550204 and auroc is 0.7376217662701502 with WVEDMKTNFRHCYALPIGSQ encoding and index 168.
2026-06-05 23:02:16 - __main__ - INFO - Accuracy is 0.7800348229831688 and auroc is 0.7496400378378829 with MSRQDNITKLHCPAGWYFVE encoding and index 169.
2026-06-05 23:02:33 - __main__ - INFO - Accuracy is 0.7655252466627974 and auroc is 0.7331689785166768 with QLNECAHRGYDWKTSMVPFI encoding and index 170.
2026-06-05 23:02:50 - __main__ - INFO - Accuracy is 0.7852582704585026 and auroc is 0.7522672035404651 with HIFEQGYNWVMASPKDCLRT encoding and index 171.
2026-06-05 23:03:08 - __main__ - INFO - Accuracy is 0.7626233313987232 and auroc is 0.7327232114205671 with GQSANFIKEVMYCPWTHRDL encoding and index 172.
2026-06-05 23:03:25 - __main__ - INFO - Accuracy is 0.7800348229831688 and auroc is 0.7485273641003318 with TRIKSFPHCYEVMLDWAQNG encoding and index 173.
2026-06-05 23:03:43 - __main__ - INFO - Accuracy is 0.7701683110853164 and auroc is 0.7390895189621929 with SNHVELADCRWYIMKPTFGQ encoding and index 174.
2026-06-05 23:04:00 - __main__ - INFO - Accuracy is 0.7817759721416134 and auroc is 0.7511091857321044 with FHMTQYSDRNIWPKVALGCE encoding and index 175.
2026-06-05 23:04:17 - __main__ - INFO - Accuracy is 0.7759721416134648 and auroc is 0.738645844669351 with CQLDHRGMNIEWTKPVSYFA encoding and index 176.
2026-06-05 23:04:34 - __main__ - INFO - Accuracy is 0.7742309924550204 and auroc is 0.7445203434429684 with WKIYAREQNTDLMGCSFHPV encoding and index 177.
2026-06-05 23:04:51 - __main__ - INFO - Accuracy is 0.7603017991874638 and auroc is 0.7305418128140949 with HVTKGAFMQWCIDNRYLPSE encoding and index 178.
2026-06-05 23:05:09 - __main__ - INFO - Accuracy is 0.7800348229831688 and auroc is 0.7485273641003318 with CVKTNIGARSEQLPHDWFMY encoding and index 179.
2026-06-05 23:05:27 - __main__ - INFO - Accuracy is 0.7788740568775392 and auroc is 0.74688032792832 with LAFMQPDRSKWTEYCHIGNV encoding and index 180.
2026-06-05 23:05:45 - __main__ - INFO - Accuracy is 0.7840975043528728 and auroc is 0.7532905843385767 with QLKFEYGAPSDMVNTWRIHC encoding and index 181.
2026-06-05 23:06:02 - __main__ - INFO - Accuracy is 0.7690075449796866 and auroc is 0.7414481082453659 with FSAHQELNCMPTIRYGVDWK encoding and index 182.
2026-06-05 23:06:19 - __main__ - INFO - Accuracy is 0.7840975043528728 and auroc is 0.7568511402987407 with NWLFTHEMVSIAKRQDPYCG encoding and index 183.
2026-06-05 23:06:36 - __main__ - INFO - Accuracy is 0.7771329077190946 and auroc is 0.7480815970042219 with IPAYDCNQGSVHFMWKLETR encoding and index 184.
2026-06-05 23:06:54 - __main__ - INFO - Accuracy is 0.7811955890887986 and auroc is 0.7468363790596895 with SQPKMTIFDLYNHGEVWRCA encoding and index 185.
2026-06-05 23:07:11 - __main__ - INFO - Accuracy is 0.7719094602437608 and auroc is 0.7367755761487398 with DFYWCSKGTHPLREIMAVNQ encoding and index 186.
2026-06-05 23:07:28 - __main__ - INFO - Accuracy is 0.7864190365641324 and auroc is 0.7588100041577025 with YHICQGRFPKDLVTEAMSWN encoding and index 187.
2026-06-05 23:07:46 - __main__ - INFO - Accuracy is 0.7701683110853164 and auroc is 0.733303615526926 with GSYQLRVHIMFKENPTADCW encoding and index 188.
2026-06-05 23:08:03 - __main__ - INFO - Accuracy is 0.77539175856065 and auroc is 0.7441645668873877 with GNWCHFDKYPQRVTLMESIA encoding and index 189.
2026-06-05 23:08:20 - __main__ - INFO - Accuracy is 0.7846778874056878 and auroc is 0.7540028350508272 with DVQALCTMHWFSIEYKGNPR encoding and index 190.
2026-06-05 23:08:37 - __main__ - INFO - Accuracy is 0.7748113755078352 and auroc is 0.7427847119326062 with STRLADMYIPWKQFNCGHEV encoding and index 191.
2026-06-05 23:08:55 - __main__ - INFO - Accuracy is 0.779454439930354 and auroc is 0.7513756693482453 with AVEYGPCHQMFSWTLRKNID encoding and index 192.
2026-06-05 23:09:12 - __main__ - INFO - Accuracy is 0.7782936738247244 and auroc is 0.7472807509536207 with GQISCENVPDAMFLWTKYHR encoding and index 193.
2026-06-05 23:09:30 - __main__ - INFO - Accuracy is 0.7811955890887986 and auroc is 0.7508420045148743 with RNLSDYATKFPHMVIEQGWC encoding and index 194.
2026-06-05 23:09:47 - __main__ - INFO - Accuracy is 0.767266395821242 and auroc is 0.7339705221683673 with YGDIHAMPSQFRKCWVTNEL encoding and index 195.
2026-06-05 23:10:04 - __main__ - INFO - Accuracy is 0.7910621009866512 and auroc is 0.7605023844005235 with HWGETFVLYQRCNADSMIPK encoding and index 196.
2026-06-05 23:10:21 - __main__ - INFO - Accuracy is 0.7742309924550204 and auroc is 0.740959787482804 with CQGDKPINTMEAWSLYHRFV encoding and index 197.
2026-06-05 23:10:39 - __main__ - INFO - Accuracy is 0.7661056297156124 and auroc is 0.7354389724614994 with WGAFENCRSDYTVKQHPMLI encoding and index 198.
2026-06-05 23:10:56 - __main__ - INFO - Accuracy is 0.7684271619268718 and auroc is 0.7369527668254408 with YCWPRVEHLTGSKMQDNIAF encoding and index 199.
2026-06-05 23:11:14 - __main__ - INFO - Accuracy is 0.7742309924550204 and auroc is 0.7447428781904785 with DAVGSWECKHRQNYPIMFTL encoding and index 200.
2026-06-05 23:11:31 - __main__ - INFO - Accuracy is 0.7806152060359838 and auroc is 0.745456524104908 with PSTHMQRDKNVEWIGFCYLA encoding and index 201.
2026-06-05 23:11:48 - __main__ - INFO - Accuracy is 0.7800348229831688 and auroc is 0.7471921556152701 with DSMVGFWNEARCQHITLKPY encoding and index 202.
2026-06-05 23:12:05 - __main__ - INFO - Accuracy is 0.7759721416134648 and auroc is 0.7424289353770254 with CEITYSRHFWNAMDLVQKGP encoding and index 203.
2026-06-05 23:12:23 - __main__ - INFO - Accuracy is 0.7811955890887986 and auroc is 0.7477265180497306 with ERAVFWMLSIKNTPYHDGQC encoding and index 204.
2026-06-05 23:12:40 - __main__ - INFO - Accuracy is 0.7823563551944284 and auroc is 0.7515989016968448 with IKNYGHWLVCSMQEAPTRFD encoding and index 205.
2026-06-05 23:12:57 - __main__ - INFO - Accuracy is 0.7701683110853164 and auroc is 0.7399796579522337 with IYVTNAGESLQCRPHDMFKW encoding and index 206.
2026-06-05 23:13:15 - __main__ - INFO - Accuracy is 0.7811955890887986 and auroc is 0.7488391917872819 with KFTDPMSQLGIVYENCRAWH encoding and index 207.
2026-06-05 23:13:32 - __main__ - INFO - Accuracy is 0.7736506094022054 and auroc is 0.7400250020230432 with VPRCIYKWGDETLMNAQFSH encoding and index 208.
2026-06-05 23:13:50 - __main__ - INFO - Accuracy is 0.7788740568775392 and auroc is 0.7448775152007276 with PRHQFEKGDLSAVYWNMICT encoding and index 209.
2026-06-05 23:14:07 - __main__ - INFO - Accuracy is 0.7829367382472432 and auroc is 0.7523111524090956 with KDTANYLEVRQCSWFHGPIM encoding and index 210.
2026-06-05 23:14:25 - __main__ - INFO - Accuracy is 0.796285548461985 and auroc is 0.7684703840433517 with TKQVSGCEDRILPANMFWYH encoding and index 211.
2026-06-05 23:14:43 - __main__ - INFO - Accuracy is 0.7719094602437608 and auroc is 0.736107971906209 with IGKMWQTYHSNAEPVCRLFD encoding and index 212.
2026-06-05 23:15:00 - __main__ - INFO - Accuracy is 0.7852582704585026 and auroc is 0.7549376205105883 with WQGVRKMTSPIEHDLYCAFN encoding and index 213.
2026-06-05 23:15:17 - __main__ - INFO - Accuracy is 0.7736506094022054 and auroc is 0.7480362529334126 with ALGPNMWQDTVHEIRFKSYC encoding and index 214.
2026-06-05 23:15:35 - __main__ - INFO - Accuracy is 0.779454439930354 and auroc is 0.7469249743980401 with WCQKEPDYTLIAMNVSGRFH encoding and index 215.
2026-06-05 23:15:52 - __main__ - INFO - Accuracy is 0.7678467788740568 and auroc is 0.7333475643955566 with EFCDLKPAYRHVSMQINGWT encoding and index 216.
2026-06-05 23:16:09 - __main__ - INFO - Accuracy is 0.7823563551944284 and auroc is 0.7507087627068039 with PGFHYRKEISVDMTNCAQLW encoding and index 217.
2026-06-05 23:16:26 - __main__ - INFO - Accuracy is 0.7928032501450958 and auroc is 0.7613039280522141 with CYSPDIMAWVLFGTEKNRHQ encoding and index 218.
2026-06-05 23:16:44 - __main__ - INFO - Accuracy is 0.771329077190946 and auroc is 0.7367309296790199 with RDFWIKTGMYPSHEVQANLC encoding and index 219.
2026-06-05 23:17:01 - __main__ - INFO - Accuracy is 0.7684271619268718 and auroc is 0.7327246066227457 with EPFMQGICWKALHRNVTDSY encoding and index 220.
2026-06-05 23:17:18 - __main__ - INFO - Accuracy is 0.7742309924550204 and auroc is 0.7405147179877836 with TGSNCQVYRDMAFWIKELHP encoding and index 221.
2026-06-05 23:17:36 - __main__ - INFO - Accuracy is 0.7899013348810214 and auroc is 0.762415904188676 with SCELWATIFMKNYGPVDRQH encoding and index 222.
2026-06-05 23:17:53 - __main__ - INFO - Accuracy is 0.7782936738247244 and auroc is 0.7455004729735386 with TYKLFAENCQGHPMIRDWSV encoding and index 223.
2026-06-05 23:18:11 - __main__ - INFO - Accuracy is 0.7933836331979106 and auroc is 0.7624612482594854 with AHTMCLFWNPKDYGESVQRI encoding and index 224.
2026-06-05 23:18:28 - __main__ - INFO - Accuracy is 0.7800348229831688 and auroc is 0.7451893428876779 with HCYNWGTMDKFLVSPIQRAE encoding and index 225.
2026-06-05 23:18:46 - __main__ - INFO - Accuracy is 0.7771329077190946 and auroc is 0.7460787842766295 with DYTCVHLGWNSIRKFQPEMA encoding and index 226.
2026-06-05 23:19:03 - __main__ - INFO - Accuracy is 0.771329077190946 and auroc is 0.7378436034165711 with TRGMIWCQELVPFNHSDKYA encoding and index 227.
2026-06-05 23:19:20 - __main__ - INFO - Accuracy is 0.7748113755078352 and auroc is 0.7414495034475446 with QHAVKIYNCMRLSDWFEPTG encoding and index 228.
2026-06-05 23:19:38 - __main__ - INFO - Accuracy is 0.7736506094022054 and auroc is 0.7409151410130842 with NMSPFWHVALIYDGRCTKEQ encoding and index 229.
2026-06-05 23:19:55 - __main__ - INFO - Accuracy is 0.783517121300058 and auroc is 0.7505755208987334 with WMQRPNKGCVHIFELDSTYA encoding and index 230.
2026-06-05 23:20:12 - __main__ - INFO - Accuracy is 0.7655252466627974 and auroc is 0.7300534920515331 with YQAGEVKPWSCMFIRDHNLT encoding and index 231.
2026-06-05 23:20:29 - __main__ - INFO - Accuracy is 0.7771329077190946 and auroc is 0.7469689232666706 with IHSAYTKPWLVNREFCQDMG encoding and index 232.
2026-06-05 23:20:47 - __main__ - INFO - Accuracy is 0.7748113755078352 and auroc is 0.7387790864774215 with SPLAMKDHQRWFNTCGEVYI encoding and index 233.
2026-06-05 23:21:04 - __main__ - INFO - Accuracy is 0.7817759721416134 and auroc is 0.7482162340144711 with SYGMVWLPRDNQATHIECFK encoding and index 234.
2026-06-05 23:21:22 - __main__ - INFO - Accuracy is 0.7742309924550204 and auroc is 0.7411823222303144 with HFAIKDLRCMSTNYGQEWPV encoding and index 235.
2026-06-05 23:21:39 - __main__ - INFO - Accuracy is 0.787579802669762 and auroc is 0.7542260673994268 with YGENKAVSMRIPFTHWQLDC encoding and index 236.
2026-06-05 23:21:56 - __main__ - INFO - Accuracy is 0.7893209518282066 and auroc is 0.7608135144863843 with VRQWNYCHAGIFMKSLTEDP encoding and index 237.
2026-06-05 23:22:13 - __main__ - INFO - Accuracy is 0.7719094602437608 and auroc is 0.7418938753414757 with YTWSDVKCIAHFNPLQGMRE encoding and index 238.
2026-06-05 23:22:30 - __main__ - INFO - Accuracy is 0.7684271619268718 and auroc is 0.7387330448055227 with FMNQITSARWVDELHCGYPK encoding and index 239.
2026-06-05 23:22:48 - __main__ - INFO - Accuracy is 0.7707486941381312 and auroc is 0.7355736094717487 with EVWCTFPDAYKGRLQHNMIS encoding and index 240.
2026-06-05 23:23:05 - __main__ - INFO - Accuracy is 0.7811955890887986 and auroc is 0.7512870740098948 with CGDKAQHMRSEIVYFWLTNP encoding and index 241.
2026-06-05 23:23:23 - __main__ - INFO - Accuracy is 0.7719094602437608 and auroc is 0.7376657151387808 with KAVTLGMWYENFPQHCSDIR encoding and index 242.
2026-06-05 23:23:40 - __main__ - INFO - Accuracy is 0.7637840975043528 and auroc is 0.7296970178948632 with TKRYQPCEMADNVSHFGLIW encoding and index 243.
2026-06-05 23:23:57 - __main__ - INFO - Accuracy is 0.7782936738247244 and auroc is 0.7452779382260284 with FASCHDTLVEGPRNYQIWKM encoding and index 244.
2026-06-05 23:24:15 - __main__ - INFO - Accuracy is 0.7782936738247244 and auroc is 0.7481708899436618 with YSQWHAKRETVFICLDGMPN encoding and index 245.
2026-06-05 23:24:32 - __main__ - INFO - Accuracy is 0.77539175856065 and auroc is 0.7468349838575108 with QPGMSWEHCIKNDTVALRYF encoding and index 246.
2026-06-05 23:24:49 - __main__ - INFO - Accuracy is 0.7748113755078352 and auroc is 0.7418945729425652 with HMWRPFGDAITYSELKQCVN encoding and index 247.
2026-06-05 23:25:07 - __main__ - INFO - Accuracy is 0.771329077190946 and auroc is 0.739401346649143 with ASVKTMGDFEHLQCYRWPIN encoding and index 248.
2026-06-05 23:25:24 - __main__ - INFO - Accuracy is 0.7782936738247244 and auroc is 0.7463906119635797 with VANRGYQPMFKLDICWHEST encoding and index 249.
2026-06-05 23:25:41 - __main__ - INFO - Accuracy is 0.7852582704585026 and auroc is 0.7515995992979343 with CIEFNDHWSKPMTVYLGAQR encoding and index 250.
2026-06-05 23:25:58 - __main__ - INFO - Accuracy is 0.7788740568775392 and auroc is 0.74688032792832 with SQPHVDAKTFRMIWEGLYCN encoding and index 251.
2026-06-05 23:26:16 - __main__ - INFO - Accuracy is 0.7736506094022054 and auroc is 0.7371320503054097 with LDWAPKMFINVECYTSQGHR encoding and index 252.
2026-06-05 23:26:33 - __main__ - INFO - Accuracy is 0.763203714451538 and auroc is 0.7334354621328176 with ERTVDIWKGQCYALPMSHFN encoding and index 253.
2026-06-05 23:26:51 - __main__ - INFO - Accuracy is 0.7759721416134648 and auroc is 0.7462120260846998 with NPAEFDRGWVTSKQCIYMLH encoding and index 254.
2026-06-05 23:27:08 - __main__ - INFO - Accuracy is 0.771329077190946 and auroc is 0.7391788119016327 with EVQRICNMAPFDWTKSGHLY encoding and index 255.
2026-06-05 23:27:25 - __main__ - INFO - Accuracy is 0.7823563551944284 and auroc is 0.7484834152317014 with VNYRMSQFPKDEWHGLTCIA encoding and index 256.
2026-06-05 23:27:43 - __main__ - INFO - Accuracy is 0.7655252466627974 and auroc is 0.7258253318488382 with IDGPTKSVCAWNFEMYRQLH encoding and index 257.
2026-06-05 23:28:00 - __main__ - INFO - Accuracy is 0.7846778874056878 and auroc is 0.7571183215159709 with PTLRMYKSWVAFQNDHEGCI encoding and index 258.
2026-06-05 23:28:17 - __main__ - INFO - Accuracy is 0.7730702263493906 and auroc is 0.7466563979786311 with EHSFLWPNVYIQDMTACGRK encoding and index 259.
2026-06-05 23:28:35 - __main__ - INFO - Accuracy is 0.7887405687753918 and auroc is 0.7589885900365821 with TQNEFVIARKGDHCPWYLSM encoding and index 260.
2026-06-05 23:28:52 - __main__ - INFO - Accuracy is 0.7765525246662798 and auroc is 0.7473693462919713 with PQISNHYWTGDMRCKLFVEA encoding and index 261.
2026-06-05 23:29:09 - __main__ - INFO - Accuracy is 0.787579802669762 and auroc is 0.7584542276021218 with WGCYDLHEAMVITPFKNSRQ encoding and index 262.
2026-06-05 23:29:26 - __main__ - INFO - Accuracy is 0.7724898432965758 and auroc is 0.7426061260537263 with MAVINCQFDHPTYWKLSREG encoding and index 263.
2026-06-05 23:29:44 - __main__ - INFO - Accuracy is 0.7742309924550204 and auroc is 0.7445203434429684 with YDVWQINHAFCMETSPLGKR encoding and index 264.
2026-06-05 23:30:01 - __main__ - INFO - Accuracy is 0.7852582704585026 and auroc is 0.754715085763078 with WSYALDQHGVTCPNIMFEKR encoding and index 265.
2026-06-05 23:30:19 - __main__ - INFO - Accuracy is 0.7777132907719094 and auroc is 0.7479037087264315 with TSADVCGRNILEMHYFQPKW encoding and index 266.
2026-06-05 23:30:36 - __main__ - INFO - Accuracy is 0.7864190365641324 and auroc is 0.75680719143011 with PSQWAKYFVINCRGHETDML encoding and index 267.
2026-06-05 23:30:54 - __main__ - INFO - Accuracy is 0.7748113755078352 and auroc is 0.7436748509226473 with YNEWGAPTVICHDQMKFRLS encoding and index 268.
2026-06-05 23:31:11 - __main__ - INFO - Accuracy is 0.7823563551944284 and auroc is 0.7531566449294168 with CYTAINQDELRHWPMVSFGK encoding and index 269.
2026-06-05 23:31:29 - __main__ - INFO - Accuracy is 0.7759721416134648 and auroc is 0.7433190743670666 with TQLCRWYIPDEFMGVNHSKA encoding and index 270.
2026-06-05 23:31:46 - __main__ - INFO - Accuracy is 0.763203714451538 and auroc is 0.7305425104151844 with PQVSIRNMDWHTFEKGYACL encoding and index 271.
2026-06-05 23:32:03 - __main__ - INFO - Accuracy is 0.7690075449796866 and auroc is 0.7345495310725477 with QVTCSLGFEYKAIHMPRDNW encoding and index 272.
2026-06-05 23:32:20 - __main__ - INFO - Accuracy is 0.779454439930354 and auroc is 0.7509305998532247 with FRYKEGTQHVDLPNMCIWAS encoding and index 273.
2026-06-05 23:32:38 - __main__ - INFO - Accuracy is 0.7823563551944284 and auroc is 0.7498186237167628 with CKESTMRAQLFIPGHNVYDW encoding and index 274.
2026-06-05 23:32:55 - __main__ - INFO - Accuracy is 0.771329077190946 and auroc is 0.739401346649143 with WVKSIEFHLGDNTQMYPACR encoding and index 275.
2026-06-05 23:33:13 - __main__ - INFO - Accuracy is 0.7788740568775392 and auroc is 0.7479930016658713 with WIRVYEQMKHFATGLNCSPD encoding and index 276.
2026-06-05 23:33:30 - __main__ - INFO - Accuracy is 0.7771329077190946 and auroc is 0.7458562495291192 with KGQHTLFCAWNMEVSYIPRD encoding and index 277.
2026-06-05 23:33:47 - __main__ - INFO - Accuracy is 0.7904817179338364 and auroc is 0.7604577379308036 with TLEPNHWDRQYVKGISFMCA encoding and index 278.
2026-06-05 23:34:05 - __main__ - INFO - Accuracy is 0.7829367382472432 and auroc is 0.7514210134190545 with SPFAQDMLCNRIHGYTEKWV encoding and index 279.
2026-06-05 23:34:22 - __main__ - INFO - Accuracy is 0.788160185722577 and auroc is 0.7547157833641672 with DYSKCQNEMVTRLWIHPAFG encoding and index 280.
2026-06-05 23:34:39 - __main__ - INFO - Accuracy is 0.7806152060359838 and auroc is 0.7467917325899696 with DRHQMEWGCNYFLVAIKPST encoding and index 281.
2026-06-05 23:34:57 - __main__ - INFO - Accuracy is 0.7788740568775392 and auroc is 0.748438071160892 with EDNYTIFMCQHPRASVLGWK encoding and index 282.
2026-06-05 23:35:14 - __main__ - INFO - Accuracy is 0.7829367382472432 and auroc is 0.7494182006914621 with MPHEAQRTYVWKLCNGDFIS encoding and index 283.
2026-06-05 23:35:32 - __main__ - INFO - Accuracy is 0.7730702263493906 and auroc is 0.7415380987858952 with HWQFVSNDRCKMGYETIALP encoding and index 284.
2026-06-05 23:35:49 - __main__ - INFO - Accuracy is 0.7730702263493906 and auroc is 0.7446535852510389 with VGPWFEATLHNYMIQSDKRC encoding and index 285.
2026-06-05 23:36:07 - __main__ - INFO - Accuracy is 0.7736506094022054 and auroc is 0.7377996545479406 with LCRTKYHWIAPFDMEVNGSQ encoding and index 286.
2026-06-05 23:36:24 - __main__ - INFO - Accuracy is 0.7846778874056878 and auroc is 0.7511098833331938 with LHEACKWFGVQIPDTMRYSN encoding and index 287.
2026-06-05 23:36:41 - __main__ - INFO - Accuracy is 0.7765525246662798 and auroc is 0.7431411860892763 with NAFQHIGRTCYMSPEVWKLD encoding and index 288.
2026-06-05 23:36:58 - __main__ - INFO - Accuracy is 0.7730702263493906 and auroc is 0.7402028903008335 with PQTYAKHMWLENGVCIDRFS encoding and index 289.
2026-06-05 23:37:16 - __main__ - INFO - Accuracy is 0.7899013348810214 and auroc is 0.7584102787334912 with VFDTISMLCGNEARYWQKHP encoding and index 290.
2026-06-05 23:37:33 - __main__ - INFO - Accuracy is 0.771329077190946 and auroc is 0.7378436034165711 with YQVHFLPRNITKDAEWMGCS encoding and index 291.
2026-06-05 23:37:50 - __main__ - INFO - Accuracy is 0.7800348229831688 and auroc is 0.7534231285455575 with NCKSIARWVEYHDQFLGTMP encoding and index 292.
2026-06-05 23:38:07 - __main__ - INFO - Accuracy is 0.7736506094022054 and auroc is 0.7391348630330021 with KTLREVICSADPYGWMFNQH encoding and index 293.
2026-06-05 23:38:25 - __main__ - INFO - Accuracy is 0.7777132907719094 and auroc is 0.7454558265038188 with GFRALEDPWYKNCIMSTVHQ encoding and index 294.
2026-06-05 23:38:43 - __main__ - INFO - Accuracy is 0.7840975043528728 and auroc is 0.7519553758535149 with EVCMPNQGTRHLWIYSKFDA encoding and index 295.
2026-06-05 23:39:01 - __main__ - INFO - Accuracy is 0.7701683110853164 and auroc is 0.7395345884572133 with VSKCIPHDFMQLNWGTRAYE encoding and index 296.
2026-06-05 23:39:18 - __main__ - INFO - Accuracy is 0.7771329077190946 and auroc is 0.7489717359942629 with PLDYEKINMCQGARVSWFTH encoding and index 297.
2026-06-05 23:39:35 - __main__ - INFO - Accuracy is 0.7910621009866512 and auroc is 0.7611699886430543 with SYNFHLCDVIKEGAMWRQTP encoding and index 298.
2026-06-05 23:39:53 - __main__ - INFO - Accuracy is 0.7817759721416134 and auroc is 0.7533345332072071 with AHTYFVLPQKWEDRGSICNM encoding and index 299.
2026-06-05 23:40:11 - __main__ - INFO - Accuracy is 0.7823563551944284 and auroc is 0.7467031372516191 with WRAPEFKDQTSHINGLYMCV encoding and index 300.
2026-06-05 23:40:28 - __main__ - INFO - Accuracy is 0.7806152060359838 and auroc is 0.7505748232976441 with CVGSETWRHMKYPDLQNFIA encoding and index 301.
2026-06-05 23:40:46 - __main__ - INFO - Accuracy is 0.7840975043528728 and auroc is 0.750175097873433 with HGSKPWRAQVNYMTDICLFE encoding and index 302.
2026-06-05 23:41:03 - __main__ - INFO - Accuracy is 0.7864190365641324 and auroc is 0.7574747956726408 with RAQENLTIVYDKMHSGPFCW encoding and index 303.
2026-06-05 23:41:20 - __main__ - INFO - Accuracy is 0.7806152060359838 and auroc is 0.7499072190551133 with GRKADNYIHWPCQLFETSVM encoding and index 304.
2026-06-05 23:41:38 - __main__ - INFO - Accuracy is 0.7707486941381312 and auroc is 0.7418045824020358 with SEMACKNIWHVQGTRYDFPL encoding and index 305.
2026-06-05 23:41:55 - __main__ - INFO - Accuracy is 0.792222867092281 and auroc is 0.7625944900675558 with NSTMHDYEKGWQRIPFLVCA encoding and index 306.
2026-06-05 23:42:12 - __main__ - INFO - Accuracy is 0.7777132907719094 and auroc is 0.7461234307463496 with YTLCHWRAKPGSENMIQDFV encoding and index 307.
2026-06-05 23:42:30 - __main__ - INFO - Accuracy is 0.7846778874056878 and auroc is 0.7515549528282143 with NHYVEQIWLGPFMRTASCKD encoding and index 308.
2026-06-05 23:42:47 - __main__ - INFO - Accuracy is 0.767266395821242 and auroc is 0.7324127789357956 with HDVPQRLWFMAKSGTNEYIC encoding and index 309.
2026-06-05 23:43:05 - __main__ - INFO - Accuracy is 0.7719094602437608 and auroc is 0.7354403676636782 with SYVWPDAHLMFGRIEQNTKC encoding and index 310.
2026-06-05 23:43:22 - __main__ - INFO - Accuracy is 0.7829367382472432 and auroc is 0.7529787566516264 with KSQMYPRDICGVETWNLHAF encoding and index 311.
2026-06-05 23:43:39 - __main__ - INFO - Accuracy is 0.771329077190946 and auroc is 0.7373985339215506 with PRTLEVFINQGSHKWMYCDA encoding and index 312.
2026-06-05 23:43:57 - __main__ - INFO - Accuracy is 0.7945443993035404 and auroc is 0.7690040488767228 with FHCEVGNRSQWPDAYTLIMK encoding and index 313.
2026-06-05 23:44:14 - __main__ - INFO - Accuracy is 0.7806152060359838 and auroc is 0.7501297538026235 with PCVGNFESWHYTDIARMLQK encoding and index 314.
2026-06-05 23:44:31 - __main__ - INFO - Accuracy is 0.7840975043528728 and auroc is 0.7550708623186585 with HGRQKSFACVNPWMTIDYEL encoding and index 315.
2026-06-05 23:44:49 - __main__ - INFO - Accuracy is 0.7852582704585026 and auroc is 0.7538249467730369 with YPGIMTRHLCEWNQDVKSFA encoding and index 316.
2026-06-05 23:45:06 - __main__ - INFO - Accuracy is 0.7719094602437608 and auroc is 0.7376657151387808 with VIYTACPSHLGKQFDWNERM encoding and index 317.
2026-06-05 23:45:24 - __main__ - INFO - Accuracy is 0.7666860127684272 and auroc is 0.7363737579212604 with PNWIQFAHVCSKGYLDTMRE encoding and index 318.
2026-06-05 23:45:41 - __main__ - INFO - Accuracy is 0.7782936738247244 and auroc is 0.7463906119635797 with KPLETGIYWRAFQNDHMVSC encoding and index 319.
2026-06-05 23:45:59 - __main__ - INFO - Accuracy is 0.7864190365641324 and auroc is 0.7565846566826 with VLFWPIAHNSTEKCRYGMDQ encoding and index 320.
2026-06-05 23:46:16 - __main__ - INFO - Accuracy is 0.7695879280325014 and auroc is 0.73659699026986 with ANYHIQDSCPERGFTMWVKL encoding and index 321.
2026-06-05 23:46:34 - __main__ - INFO - Accuracy is 0.7719094602437608 and auroc is 0.739668527866373 with DYVSFMPWRCHIQTENGKLA encoding and index 322.
2026-06-05 23:46:51 - __main__ - INFO - Accuracy is 0.7788740568775392 and auroc is 0.739091611765461 with KCNQSYAVLGIMWDEFRPTH encoding and index 323.
2026-06-05 23:47:09 - __main__ - INFO - Accuracy is 0.7887405687753918 and auroc is 0.7585435205415617 with VHGRISQNMFDYCLAEKWTP encoding and index 324.
2026-06-05 23:47:26 - __main__ - INFO - Accuracy is 0.7800348229831688 and auroc is 0.7509752463229447 with ACKDTHPEFIGMVYQNRWSL encoding and index 325.
2026-06-05 23:47:44 - __main__ - INFO - Accuracy is 0.7637840975043528 and auroc is 0.729474483147353 with FECRIHWAQLDVGNKMTSYP encoding and index 326.
2026-06-05 23:48:02 - __main__ - INFO - Accuracy is 0.7858386535113174 and auroc is 0.7545371974852875 with IFWQAYHDNSMTRGKLVPCE encoding and index 327.
2026-06-05 23:48:19 - __main__ - INFO - Accuracy is 0.7649448636099826 and auroc is 0.7335694015419775 with DTNKMAHYRFEIQLSVGPCW encoding and index 328.
2026-06-05 23:48:37 - __main__ - INFO - Accuracy is 0.7637840975043528 and auroc is 0.7292519483998426 with QDTIEHVMRSNGFKCAYPWL encoding and index 329.
2026-06-05 23:48:54 - __main__ - INFO - Accuracy is 0.787579802669762 and auroc is 0.7609021098247347 with YSTQRHVLFEIMKGCNDWPA encoding and index 330.
2026-06-05 23:49:12 - __main__ - INFO - Accuracy is 0.779454439930354 and auroc is 0.7500404608631838 with RHYDSVPGENFWQICLAMTK encoding and index 331.
2026-06-05 23:49:29 - __main__ - INFO - Accuracy is 0.7748113755078352 and auroc is 0.7459001983977499 with ANTLYHDGQRPWIMCEVFKS encoding and index 332.
2026-06-05 23:49:47 - __main__ - INFO - Accuracy is 0.7806152060359838 and auroc is 0.748794545317562 with LANCGKFDVMISWHRTEQYP encoding and index 333.
2026-06-05 23:50:04 - __main__ - INFO - Accuracy is 0.7852582704585026 and auroc is 0.7522672035404651 with PAVTGIHCFRSEQMLNKYWD encoding and index 334.
2026-06-05 23:50:22 - __main__ - INFO - Accuracy is 0.779454439930354 and auroc is 0.7500404608631838 with ELRNIYSKQTACWGMDFVPH encoding and index 335.
2026-06-05 23:50:39 - __main__ - INFO - Accuracy is 0.7817759721416134 and auroc is 0.750664116237084 with YWCVSQRKPDGHNMTFALIE encoding and index 336.
2026-06-05 23:50:57 - __main__ - INFO - Accuracy is 0.7904817179338364 and auroc is 0.7586774599507216 with WAITEPNLQHVRMGSYCKDF encoding and index 337.
2026-06-05 23:51:14 - __main__ - INFO - Accuracy is 0.7765525246662798 and auroc is 0.7458116030593993 with KDVHMPTNQCAIREWFLYGS encoding and index 338.
2026-06-05 23:51:32 - __main__ - INFO - Accuracy is 0.788160185722577 and auroc is 0.753603109626616 with PNYEHQKTGASCLDWMFVRI encoding and index 339.
2026-06-05 23:51:49 - __main__ - INFO - Accuracy is 0.7730702263493906 and auroc is 0.7437634462609977 with QLNRTMKPYGIHWESACVDF encoding and index 340.
2026-06-05 23:52:07 - __main__ - INFO - Accuracy is 0.7730702263493906 and auroc is 0.7395352860583027 with HPINTLCQSKVAWRFMDEGY encoding and index 341.
2026-06-05 23:52:24 - __main__ - INFO - Accuracy is 0.7811955890887986 and auroc is 0.7512870740098948 with RKLSPQGIMCHADVETFNWY encoding and index 342.
2026-06-05 23:52:42 - __main__ - INFO - Accuracy is 0.7899013348810214 and auroc is 0.7575201397434502 with MALKRNGSDQTECIHFYPWV encoding and index 343.
2026-06-05 23:53:00 - __main__ - INFO - Accuracy is 0.7666860127684272 and auroc is 0.7359286884262398 with MVFHRCENKAWPQSYDGILT encoding and index 344.
2026-06-05 23:53:17 - __main__ - INFO - Accuracy is 0.783517121300058 and auroc is 0.7525783336263256 with GDRHPVAWICYQEFKNMLST encoding and index 345.
2026-06-05 23:53:35 - __main__ - INFO - Accuracy is 0.7806152060359838 and auroc is 0.7485720105700517 with NEICVWFAMRHTGDLPSYKQ encoding and index 346.
2026-06-05 23:53:52 - __main__ - INFO - Accuracy is 0.7817759721416134 and auroc is 0.7493289077520223 with GNSIRQPCKHWEMYTLDFAV encoding and index 347.
2026-06-05 23:54:10 - __main__ - INFO - Accuracy is 0.783517121300058 and auroc is 0.7532459378688565 with GFQSLWTMCPVIHNDAREKY encoding and index 348.
2026-06-05 23:54:27 - __main__ - INFO - Accuracy is 0.7840975043528728 and auroc is 0.7515103063584945 with LYKENQFPWIGHATVCDRSM encoding and index 349.
2026-06-05 23:54:45 - __main__ - INFO - Accuracy is 0.7690075449796866 and auroc is 0.7376650175376914 with PWNCIYETDVRGAQSFLHKM encoding and index 350.
2026-06-05 23:55:02 - __main__ - INFO - Accuracy is 0.7707486941381312 and auroc is 0.7373538874518305 with LSEWQKFPGICTARVHNMYD encoding and index 351.
2026-06-05 23:55:20 - __main__ - INFO - Accuracy is 0.7806152060359838 and auroc is 0.7472368020849902 with WYLRTMVQIKGSCFPNEAHD encoding and index 352.
2026-06-05 23:55:37 - __main__ - INFO - Accuracy is 0.7829367382472432 and auroc is 0.7476379227113801 with CWKRMSTDGLAYQIFPHVEN encoding and index 353.
2026-06-05 23:55:54 - __main__ - INFO - Accuracy is 0.7748113755078352 and auroc is 0.7425621771850959 with RMAFYKQTLSDNEWVGIHPC encoding and index 354.
2026-06-05 23:56:12 - __main__ - INFO - Accuracy is 0.7846778874056878 and auroc is 0.7520000223232348 with FNIWGKPMCALHYTQSRVED encoding and index 355.
2026-06-05 23:56:30 - __main__ - INFO - Accuracy is 0.7806152060359838 and auroc is 0.7474593368325003 with THGSWNYREPMKLFCVDIQA encoding and index 356.
2026-06-05 23:56:47 - __main__ - INFO - Accuracy is 0.7765525246662798 and auroc is 0.7435862555842968 with FYNSCIHADVEQPWGMTLRK encoding and index 357.
2026-06-05 23:57:05 - __main__ - INFO - Accuracy is 0.779454439930354 and auroc is 0.7458123006604888 with CGAMDQYNIFKPETSVWHRL encoding and index 358.
2026-06-05 23:57:22 - __main__ - INFO - Accuracy is 0.7817759721416134 and auroc is 0.7482162340144711 with CPQTWLKDGMVAEYRINSHF encoding and index 359.
2026-06-05 23:57:40 - __main__ - INFO - Accuracy is 0.7829367382472432 and auroc is 0.7518660829140751 with QRTSMCFILGPVYNHWKEDA encoding and index 360.
2026-06-05 23:57:58 - __main__ - INFO - Accuracy is 0.7887405687753918 and auroc is 0.758098451046541 with SDCVTEWAGNHFMILYRQPK encoding and index 361.
2026-06-05 23:58:15 - __main__ - INFO - Accuracy is 0.7724898432965758 and auroc is 0.7394906395885827 with NEKQMTLVGRAFDIPYWSHC encoding and index 362.
2026-06-05 23:58:33 - __main__ - INFO - Accuracy is 0.779454439930354 and auroc is 0.7480376481355913 with HIKTFYLDPAGMCVNEWSRQ encoding and index 363.
2026-06-05 23:58:51 - __main__ - INFO - Accuracy is 0.7829367382472432 and auroc is 0.7500858049339929 with CMEDAKVQGNHIYSLTWFPR encoding and index 364.
2026-06-05 23:59:08 - __main__ - INFO - Accuracy is 0.7759721416134648 and auroc is 0.7433190743670666 with VYQTRNHIEAFKMLSDGPCW encoding and index 365.
2026-06-05 23:59:25 - __main__ - INFO - Accuracy is 0.7678467788740568 and auroc is 0.7360179813656798 with HNTQYKVCPWRMGEIAFDSL encoding and index 366.
2026-06-05 23:59:43 - __main__ - INFO - Accuracy is 0.7730702263493906 and auroc is 0.7370874038356899 with ITWCLYPVDQKFNEGHMASR encoding and index 367.
2026-06-06 00:00:01 - __main__ - INFO - Accuracy is 0.7765525246662798 and auroc is 0.7426961165942556 with NEYFMLWRPKSVHQTICDAG encoding and index 368.
2026-06-06 00:00:18 - __main__ - INFO - Accuracy is 0.7782936738247244 and auroc is 0.7481708899436618 with GTAFLNCPISWKEVHMYDQR encoding and index 369.
2026-06-06 00:00:36 - __main__ - INFO - Accuracy is 0.7736506094022054 and auroc is 0.7366869808103892 with IWARPCTGESDFHLQMNYVK encoding and index 370.
2026-06-06 00:00:53 - __main__ - INFO - Accuracy is 0.7742309924550204 and auroc is 0.7458555519280299 with MTGFIADWYLSHCERNPKVQ encoding and index 371.
2026-06-06 00:01:11 - __main__ - INFO - Accuracy is 0.7811955890887986 and auroc is 0.7488391917872819 with WDKHALNFMRYEVGICPTQS encoding and index 372.
2026-06-06 00:01:28 - __main__ - INFO - Accuracy is 0.7806152060359838 and auroc is 0.7472368020849902 with PEAHVCIKTNFMSQGWDYLR encoding and index 373.
2026-06-06 00:01:46 - __main__ - INFO - Accuracy is 0.7678467788740568 and auroc is 0.7371306551032311 with CNFLMWHQETPVGSARDYKI encoding and index 374.
2026-06-06 00:02:03 - __main__ - INFO - Accuracy is 0.7840975043528728 and auroc is 0.7470596114082892 with FHSPTARKWLMYQGCINVDE encoding and index 375.
2026-06-06 00:02:21 - __main__ - INFO - Accuracy is 0.7684271619268718 and auroc is 0.7367302320779304 with RNWCFAEMYKDGIQHTSVLP encoding and index 376.
2026-06-06 00:02:38 - __main__ - INFO - Accuracy is 0.7829367382472432 and auroc is 0.7496407354389726 with TWAVECDPHQIYLKFNRMGS encoding and index 377.
2026-06-06 00:02:56 - __main__ - INFO - Accuracy is 0.7666860127684272 and auroc is 0.7350385494361987 with YPLQEMNDRTFKSAVCWIHG encoding and index 378.
2026-06-06 00:03:14 - __main__ - INFO - Accuracy is 0.7771329077190946 and auroc is 0.7478590622567115 with CGYNQLWPHMFAKVRDSEIT encoding and index 379.
2026-06-06 00:03:31 - __main__ - INFO - Accuracy is 0.7846778874056878 and auroc is 0.752222557070745 with LNGPTICVRAHKQSEDFYWM encoding and index 380.
2026-06-06 00:03:48 - __main__ - INFO - Accuracy is 0.7742309924550204 and auroc is 0.7418499264728452 with SIGCQPRFAVWKHYTDMENL encoding and index 381.
2026-06-06 00:04:06 - __main__ - INFO - Accuracy is 0.787579802669762 and auroc is 0.7566739496220397 with QEKPYLFACDMSIVRHWTGN encoding and index 382.
2026-06-06 00:04:23 - __main__ - INFO - Accuracy is 0.77539175856065 and auroc is 0.7439420321398774 with LRYVWNFHCGMKTSADQPIE encoding and index 383.
2026-06-06 00:04:40 - __main__ - INFO - Accuracy is 0.779454439930354 and auroc is 0.7469249743980401 with LQMTRSKAIVGDCNWYFPEH encoding and index 384.
2026-06-06 00:04:58 - __main__ - INFO - Accuracy is 0.7736506094022054 and auroc is 0.7393573977805123 with KTFWNHPVCDSYMEAIRLGQ encoding and index 385.
2026-06-06 00:05:16 - __main__ - INFO - Accuracy is 0.7829367382472432 and auroc is 0.7527562219041162 with PLKQIDMGWESNFTRHAVYC encoding and index 386.
2026-06-06 00:05:33 - __main__ - INFO - Accuracy is 0.7829367382472432 and auroc is 0.7525336871566058 with GHFQRWETVYLIADNMCPKS encoding and index 387.
2026-06-06 00:05:50 - __main__ - INFO - Accuracy is 0.7893209518282066 and auroc is 0.7550276110511174 with VPDQKECGTSMFYNIALHRW encoding and index 388.
2026-06-06 00:06:08 - __main__ - INFO - Accuracy is 0.7800348229831688 and auroc is 0.7456344123826985 with YWIFMQDKRVETNAGPSLCH encoding and index 389.
2026-06-06 00:06:25 - __main__ - INFO - Accuracy is 0.7759721416134648 and auroc is 0.7426514701245358 with CPMYKARVTFHQEDINSGWL encoding and index 390.
2026-06-06 00:06:42 - __main__ - INFO - Accuracy is 0.7782936738247244 and auroc is 0.7475032857011308 with FHQVSKEYWCLRAIGTNDPM encoding and index 391.
2026-06-06 00:07:00 - __main__ - INFO - Accuracy is 0.7806152060359838 and auroc is 0.748794545317562 with TIHCGAVYMKQRDLWFPSEN encoding and index 392.
2026-06-06 00:07:17 - __main__ - INFO - Accuracy is 0.7933836331979106 and auroc is 0.7597908312893622 with QSFCAEGWVNLIHYMRTPDK encoding and index 393.
2026-06-06 00:07:35 - __main__ - INFO - Accuracy is 0.783517121300058 and auroc is 0.7530234031213463 with TLCDSIQMFRGPEWNKAVHY encoding and index 394.
2026-06-06 00:07:52 - __main__ - INFO - Accuracy is 0.767266395821242 and auroc is 0.7368634738860008 with DRYEIHVFMASKLCGPTNWQ encoding and index 395.
2026-06-06 00:08:09 - __main__ - INFO - Accuracy is 0.7933836331979106 and auroc is 0.7644640609870776 with YMRCDNHQGKLWVIAFESPT encoding and index 396.
2026-06-06 00:08:27 - __main__ - INFO - Accuracy is 0.7893209518282066 and auroc is 0.7601459102438535 with FPVCSGMKTRNIQDEWLHYA encoding and index 397.
2026-06-06 00:08:44 - __main__ - INFO - Accuracy is 0.791642484039466 and auroc is 0.7603244961227332 with LIQGPCTSKERDNWAHFMYV encoding and index 398.
2026-06-06 00:09:02 - __main__ - INFO - Accuracy is 0.77539175856065 and auroc is 0.7397138719371824 with FVNLTAMPWDYQSKCGEHIR encoding and index 399.
2026-06-06 00:09:19 - __main__ - INFO - Accuracy is 0.7806152060359838 and auroc is 0.749684684307603 with WATEFLQGMICDRYVNKHPS encoding and index 400.
2026-06-06 00:09:36 - __main__ - INFO - Accuracy is 0.7730702263493906 and auroc is 0.7417606335334053 with YNVEDCFQAMWGRKHSLITP encoding and index 401.
2026-06-06 00:09:54 - __main__ - INFO - Accuracy is 0.7788740568775392 and auroc is 0.7451000499482381 with QAFSCDVNIPKTLEYRMWHG encoding and index 402.
2026-06-06 00:10:11 - __main__ - INFO - Accuracy is 0.7806152060359838 and auroc is 0.7507973580451542 with IEQYAVKRLHSMNDFCGPTW encoding and index 403.
2026-06-06 00:10:29 - __main__ - INFO - Accuracy is 0.7829367382472432 and auroc is 0.7529787566516264 with QATPWEHRKGLVFDNYCSMI encoding and index 404.
2026-06-06 00:10:46 - __main__ - INFO - Accuracy is 0.771329077190946 and auroc is 0.7380661381640814 with AGVDLRMWFIYTSPCKHNEQ encoding and index 405.
2026-06-06 00:11:03 - __main__ - INFO - Accuracy is 0.7823563551944284 and auroc is 0.7538242491719475 with KWMGQSVFALIPDEHCNRTY encoding and index 406.
2026-06-06 00:11:20 - __main__ - INFO - Accuracy is 0.7817759721416134 and auroc is 0.7466584907818992 with AVYTGCRLNPFIDKEHMSQW encoding and index 407.
2026-06-06 00:11:38 - __main__ - INFO - Accuracy is 0.7800348229831688 and auroc is 0.7514203158179651 with YKNGIAQETPHSCWMVLRFD encoding and index 408.
2026-06-06 00:11:55 - __main__ - INFO - Accuracy is 0.7748113755078352 and auroc is 0.7459001983977499 with DMGVYPIFQLARHTCSKWEN encoding and index 409.
2026-06-06 00:12:12 - __main__ - INFO - Accuracy is 0.7811955890887986 and auroc is 0.7510645392623845 with NEQVIYFMTWSLKHCPAGDR encoding and index 410.
2026-06-06 00:12:30 - __main__ - INFO - Accuracy is 0.7800348229831688 and auroc is 0.7485273641003318 with WGTRCHIMDVLKANEYQFSP encoding and index 411.
2026-06-06 00:12:47 - __main__ - INFO - Accuracy is 0.7829367382472432 and auroc is 0.7529787566516264 with LTAEKFHVINYRQCSMDGPW encoding and index 412.
2026-06-06 00:13:04 - __main__ - INFO - Accuracy is 0.7742309924550204 and auroc is 0.7405147179877836 with TKMLVPGSNFYDCAEWQRHI encoding and index 413.
2026-06-06 00:13:21 - __main__ - INFO - Accuracy is 0.7765525246662798 and auroc is 0.7442538598268275 with APISQTHLYEKMNRDCGWVF encoding and index 414.
2026-06-06 00:13:39 - __main__ - INFO - Accuracy is 0.7736506094022054 and auroc is 0.7377996545479406 with AMNVPHFSGQTCRYKIEDWL encoding and index 415.
2026-06-06 00:13:56 - __main__ - INFO - Accuracy is 0.787579802669762 and auroc is 0.755116206389468 with KAIMRVFTGSEDQNWYLCHP encoding and index 416.
2026-06-06 00:14:13 - __main__ - INFO - Accuracy is 0.7806152060359838 and auroc is 0.7499072190551133 with DTMAWEGHFSVKPRQLICNY encoding and index 417.
2026-06-06 00:14:31 - __main__ - INFO - Accuracy is 0.767266395821242 and auroc is 0.733747987420857 with PRCNQFVGEAIWDMHKSYTL encoding and index 418.
2026-06-06 00:14:48 - __main__ - INFO - Accuracy is 0.7661056297156124 and auroc is 0.7349939029664789 with ARNTVDMGSCKPELQHFIYW encoding and index 419.
2026-06-06 00:15:05 - __main__ - INFO - Accuracy is 0.7893209518282066 and auroc is 0.7583656322637714 with QDPCNGSAEFYIWTMLRHKV encoding and index 420.
2026-06-06 00:15:22 - __main__ - INFO - Accuracy is 0.7800348229831688 and auroc is 0.7496400378378829 with MWRQGELDYKTNAFCIHSVP encoding and index 421.
2026-06-06 00:15:40 - __main__ - INFO - Accuracy is 0.788160185722577 and auroc is 0.761169291041965 with VKARPENYQDSHTWCFLGIM encoding and index 422.
2026-06-06 00:15:57 - __main__ - INFO - Accuracy is 0.7800348229831688 and auroc is 0.7467470861202496 with MVQEFDCPTNYLWIHKGSAR encoding and index 423.
2026-06-06 00:16:14 - __main__ - INFO - Accuracy is 0.7817759721416134 and auroc is 0.750664116237084 with KCVGQSIAYWLENPDRMHFT encoding and index 424.
2026-06-06 00:16:32 - __main__ - INFO - Accuracy is 0.77539175856065 and auroc is 0.7397138719371824 with GSRVLHKCMTFWINEDPAYQ encoding and index 425.
2026-06-06 00:16:49 - __main__ - INFO - Accuracy is 0.7782936738247244 and auroc is 0.7457230077210488 with CPGITWQKYAVLNHDFSERM encoding and index 426.
2026-06-06 00:17:06 - __main__ - INFO - Accuracy is 0.7771329077190946 and auroc is 0.7451886452865885 with QLSVEITCPKHWFRMYGAND encoding and index 427.
2026-06-06 00:17:23 - __main__ - INFO - Accuracy is 0.7904817179338364 and auroc is 0.760012668435783 with EWGVHTFAQIRMLSKYCDNP encoding and index 428.
2026-06-06 00:17:40 - __main__ - INFO - Accuracy is 0.7846778874056878 and auroc is 0.7531126960607862 with IYSKREMFVLPTGQWNDAHC encoding and index 429.
2026-06-06 00:17:58 - __main__ - INFO - Accuracy is 0.787579802669762 and auroc is 0.7544486021469372 with HANRGMKDPTWCLQFIVEYS encoding and index 430.
2026-06-06 00:18:15 - __main__ - INFO - Accuracy is 0.7800348229831688 and auroc is 0.7476372251102906 with RSADPHNVLTFGYEMCKIQW encoding and index 431.
2026-06-06 00:18:32 - __main__ - INFO - Accuracy is 0.7945443993035404 and auroc is 0.7627730759464354 with TCLDEYMIRQKPGSWVFNAH encoding and index 432.
2026-06-06 00:18:49 - __main__ - INFO - Accuracy is 0.783517121300058 and auroc is 0.7512431251412641 with DENGSYWAFPQMTICLRVKH encoding and index 433.
2026-06-06 00:19:06 - __main__ - INFO - Accuracy is 0.7887405687753918 and auroc is 0.7574308468040103 with SIFNHKTERAQMPDLYCGWV encoding and index 434.
2026-06-06 00:19:23 - __main__ - INFO - Accuracy is 0.783517121300058 and auroc is 0.7516881946362848 with VRHECMQWILTYKNSFAPGD encoding and index 435.
2026-06-06 00:19:41 - __main__ - INFO - Accuracy is 0.7782936738247244 and auroc is 0.7486159594386823 with GYDRFNTMHPVQAIWLKECS encoding and index 436.
2026-06-06 00:19:58 - __main__ - INFO - Accuracy is 0.7910621009866512 and auroc is 0.7587221064204415 with PASFIQRTGEMWLVYCHKDN encoding and index 437.
2026-06-06 00:20:15 - __main__ - INFO - Accuracy is 0.7811955890887986 and auroc is 0.7519546782524256 with KLNHSPYGITWADRMCVEQF encoding and index 438.
2026-06-06 00:20:32 - __main__ - INFO - Accuracy is 0.7742309924550204 and auroc is 0.7396245789977425 with KPDTYQSWCHNMEALGRFIV encoding and index 439.
2026-06-06 00:20:50 - __main__ - INFO - Accuracy is 0.7846778874056878 and auroc is 0.7517774875757247 with LAGQPHFTKNRCEDIMVSWY encoding and index 440.
2026-06-06 00:21:07 - __main__ - INFO - Accuracy is 0.7846778874056878 and auroc is 0.7502197443431528 with WMPYGSRTEAVCFNLKDHIQ encoding and index 441.
2026-06-06 00:21:24 - __main__ - INFO - Accuracy is 0.7858386535113174 and auroc is 0.7558724059703492 with HRISGETAKCWYNMVLFQPD encoding and index 442.
2026-06-06 00:21:41 - __main__ - INFO - Accuracy is 0.7811955890887986 and auroc is 0.7499518655248331 with LSEKPHRGCMFQIWYAVNDT encoding and index 443.
2026-06-06 00:21:59 - __main__ - INFO - Accuracy is 0.7765525246662798 and auroc is 0.749817228514584 with CGQARSWNMDLVHPIFYKTE encoding and index 444.
2026-06-06 00:22:16 - __main__ - INFO - Accuracy is 0.7800348229831688 and auroc is 0.7505301768279242 with VRTIFYQCHGMANPWDSLKE encoding and index 445.
2026-06-06 00:22:34 - __main__ - INFO - Accuracy is 0.7840975043528728 and auroc is 0.7524004453485355 with CTLPWFRIMYKGVHSNAQED encoding and index 446.
2026-06-06 00:22:51 - __main__ - INFO - Accuracy is 0.7782936738247244 and auroc is 0.7501737026712542 with HTRFGSLWQEMANDIYVKPC encoding and index 447.
2026-06-06 00:23:08 - __main__ - INFO - Accuracy is 0.7811955890887986 and auroc is 0.7508420045148743 with DQLHFGSWMIVPYENKTARC encoding and index 448.
2026-06-06 00:23:25 - __main__ - INFO - Accuracy is 0.7852582704585026 and auroc is 0.7515995992979343 with IWTNMSKDFQYHVECALRGP encoding and index 449.
2026-06-06 00:23:43 - __main__ - INFO - Accuracy is 0.7858386535113174 and auroc is 0.7547597322327979 with TADYPQKLEFSNHVICMWRG encoding and index 450.
2026-06-06 00:24:01 - __main__ - INFO - Accuracy is 0.7614625652930934 and auroc is 0.7270705497933706 with DIVLKASMHCNWYTREPQFG encoding and index 451.
2026-06-06 00:24:18 - __main__ - INFO - Accuracy is 0.767266395821242 and auroc is 0.7373085433810214 with DCHQGVNRLKPYISEAWFTM encoding and index 452.
2026-06-06 00:24:35 - __main__ - INFO - Accuracy is 0.7782936738247244 and auroc is 0.7472807509536207 with RLPQFTDSGMNEIHCVYAKW encoding and index 453.
2026-06-06 00:24:53 - __main__ - INFO - Accuracy is 0.7620429483459082 and auroc is 0.7280053352531315 with VNSEYGFHCAWDRMPKQITL encoding and index 454.
2026-06-06 00:25:10 - __main__ - INFO - Accuracy is 0.787579802669762 and auroc is 0.7582316928546116 with MVQWYLFDECISHPRNAKGT encoding and index 455.
2026-06-06 00:25:27 - __main__ - INFO - Accuracy is 0.7771329077190946 and auroc is 0.7447435757915679 with LQATDHWEKCIYFVRPSMNG encoding and index 456.
2026-06-06 00:25:45 - __main__ - INFO - Accuracy is 0.7811955890887986 and auroc is 0.7510645392623845 with QEVYWGKNPCFHTISLRMAD encoding and index 457.
2026-06-06 00:26:02 - __main__ - INFO - Accuracy is 0.7823563551944284 and auroc is 0.7524890406868859 with RSPFETGWYILAMNVDHCQK encoding and index 458.
2026-06-06 00:26:19 - __main__ - INFO - Accuracy is 0.791642484039466 and auroc is 0.7596568918802024 with MISYFTRVNCKPDEHQLGAW encoding and index 459.
2026-06-06 00:26:37 - __main__ - INFO - Accuracy is 0.7765525246662798 and auroc is 0.7484820200295224 with CWQKPRGHESTVAFNIDLYM encoding and index 460.
2026-06-06 00:26:54 - __main__ - INFO - Accuracy is 0.77539175856065 and auroc is 0.7472800533525313 with THKRIDLAESWPGMVQYFNC encoding and index 461.
2026-06-06 00:27:11 - __main__ - INFO - Accuracy is 0.7840975043528728 and auroc is 0.7532905843385767 with LRGCSKDYPWHIQNVMTFEA encoding and index 462.
2026-06-06 00:27:29 - __main__ - INFO - Accuracy is 0.7840975043528728 and auroc is 0.7510652368634738 with WPACDHLGVRFKYISNMEQT encoding and index 463.
2026-06-06 00:27:46 - __main__ - INFO - Accuracy is 0.7800348229831688 and auroc is 0.750307642080414 with CTPYFHILMGADREWQKVNS encoding and index 464.
2026-06-06 00:28:03 - __main__ - INFO - Accuracy is 0.7806152060359838 and auroc is 0.7516874970351954 with DLYQVFTHEPWKMAGSCINR encoding and index 465.
2026-06-06 00:28:20 - __main__ - INFO - Accuracy is 0.7991874637260592 and auroc is 0.7704738943720335 with PIHGEYNDQKLWCRATSFVM encoding and index 466.
2026-06-06 00:28:38 - __main__ - INFO - Accuracy is 0.7765525246662798 and auroc is 0.7426961165942556 with SERCGLDPAKIQHWFVTNYM encoding and index 467.
2026-06-06 00:28:55 - __main__ - INFO - Accuracy is 0.7864190365641324 and auroc is 0.7505762184998227 with MGATNYFIWKPRVDSHCELQ encoding and index 468.
2026-06-06 00:29:12 - __main__ - INFO - Accuracy is 0.7742309924550204 and auroc is 0.7407372527352938 with GQFCKRPSDEVTYMHNWLAI encoding and index 469.
2026-06-06 00:29:30 - __main__ - INFO - Accuracy is 0.7736506094022054 and auroc is 0.7418052800031253 with YVDEANTIGMQKPLRWSHFC encoding and index 470.
2026-06-06 00:29:47 - __main__ - INFO - Accuracy is 0.7777132907719094 and auroc is 0.7410051315536135 with NGVCLDRESKMTFHYIPAQW encoding and index 471.
2026-06-06 00:30:04 - __main__ - INFO - Accuracy is 0.7777132907719094 and auroc is 0.7436755485237366 with DPRFVCMHYNLITQKSAGEW encoding and index 472.
2026-06-06 00:30:22 - __main__ - INFO - Accuracy is 0.7730702263493906 and auroc is 0.7384226123207515 with TMLKIVSRCYQNEFDGPAWH encoding and index 473.
2026-06-06 00:30:39 - __main__ - INFO - Accuracy is 0.7759721416134648 and auroc is 0.7406486573969434 with ERHGFMWCIVDNYQTKPSLA encoding and index 474.
2026-06-06 00:30:56 - __main__ - INFO - Accuracy is 0.7800348229831688 and auroc is 0.7500851073329036 with VALWHTQKGPIERYSDFNMC encoding and index 475.
2026-06-06 00:31:13 - __main__ - INFO - Accuracy is 0.7933836331979106 and auroc is 0.7651316652296083 with WFREASTPHDVLCMINYKGQ encoding and index 476.
2026-06-06 00:31:31 - __main__ - INFO - Accuracy is 0.7887405687753918 and auroc is 0.7587660552890719 with YTSKRLEQHMAWNGCVFIPD encoding and index 477.
2026-06-06 00:31:48 - __main__ - INFO - Accuracy is 0.7928032501450958 and auroc is 0.7617489975472346 with MGRPEQKCLFNYWTVAHISD encoding and index 478.
2026-06-06 00:32:05 - __main__ - INFO - Accuracy is 0.7864190365641324 and auroc is 0.7565846566826 with TECPDVASKQRWGNLIYHMF encoding and index 479.
2026-06-06 00:32:22 - __main__ - INFO - Accuracy is 0.7765525246662798 and auroc is 0.7444763945743378 with NQCFSHGIWRTVKMEPLYDA encoding and index 480.
2026-06-06 00:32:40 - __main__ - INFO - Accuracy is 0.7777132907719094 and auroc is 0.7436755485237366 with VQFPGTSEAYLKDMWIHCNR encoding and index 481.
2026-06-06 00:32:57 - __main__ - INFO - Accuracy is 0.771329077190946 and auroc is 0.7407365551342046 with FPELMDASVQNRIYWCHGTK encoding and index 482.
2026-06-06 00:33:14 - __main__ - INFO - Accuracy is 0.7748113755078352 and auroc is 0.7474579416303218 with EWDVPKAGFCSYHMRQLINT encoding and index 483.
2026-06-06 00:33:32 - __main__ - INFO - Accuracy is 0.7748113755078352 and auroc is 0.7430072466801164 with VEWPSMFDGTAINCYQRLHK encoding and index 484.
2026-06-06 00:33:49 - __main__ - INFO - Accuracy is 0.7695879280325014 and auroc is 0.7350392470372882 with SVMLFQPDINAEGHYKWCRT encoding and index 485.
2026-06-06 00:34:06 - __main__ - INFO - Accuracy is 0.7811955890887986 and auroc is 0.7503969350198537 with NKYGAQRHLVTDSWMEPCIF encoding and index 486.
2026-06-06 00:34:23 - __main__ - INFO - Accuracy is 0.7684271619268718 and auroc is 0.7373978363204612 with SRGFLMDVTEKPAQYNWHIC encoding and index 487.
2026-06-06 00:34:40 - __main__ - INFO - Accuracy is 0.7771329077190946 and auroc is 0.7487492012467527 with PRSGCTANKEVWDMHYLQFI encoding and index 488.
2026-06-06 00:34:58 - __main__ - INFO - Accuracy is 0.7887405687753918 and auroc is 0.7594336595316027 with CVATSKWEPLMDRQFINHYG encoding and index 489.
2026-06-06 00:35:15 - __main__ - INFO - Accuracy is 0.7730702263493906 and auroc is 0.7408704945433643 with YILVPNKFMQGSWHCARTDE encoding and index 490.
2026-06-06 00:35:32 - __main__ - INFO - Accuracy is 0.7800348229831688 and auroc is 0.7476372251102906 with VHGSKFAMNCTELYDIRPWQ encoding and index 491.
2026-06-06 00:35:50 - __main__ - INFO - Accuracy is 0.7846778874056878 and auroc is 0.7533352308082963 with DYINFTVHCRSGMEQKALWP encoding and index 492.
2026-06-06 00:36:07 - __main__ - INFO - Accuracy is 0.7817759721416134 and auroc is 0.7479936992669608 with SGEQTFARLNYMKHVICPDW encoding and index 493.
2026-06-06 00:36:24 - __main__ - INFO - Accuracy is 0.7759721416134648 and auroc is 0.7471021650747411 with MDCTKHAFGWELYIVRQSNP encoding and index 494.
2026-06-06 00:36:41 - __main__ - INFO - Accuracy is 0.7748113755078352 and auroc is 0.7438973856701574 with MFYPKCGTHNSIRAEWVDLQ encoding and index 495.
2026-06-06 00:36:58 - __main__ - INFO - Accuracy is 0.7840975043528728 and auroc is 0.7546257928236381 with KFMYENTLAWDHRPQGVSCI encoding and index 496.
2026-06-06 00:37:16 - __main__ - INFO - Accuracy is 0.7719094602437608 and auroc is 0.7385558541288217 with TSMVNDYHEIQCKFLGARWP encoding and index 497.
2026-06-06 00:37:33 - __main__ - INFO - Accuracy is 0.7748113755078352 and auroc is 0.7398917602149728 with YRSDKFIPEQCHWMNTVGAL encoding and index 498.
2026-06-06 00:37:50 - __main__ - INFO - Accuracy is 0.7748113755078352 and auroc is 0.741672038195055 with EKWSPTFRQYDINGMHALVC encoding and index 499.
2026-06-06 00:38:07 - __main__ - INFO - Accuracy is 0.7684271619268718 and auroc is 0.7336147456127867 with NHFMAESTDLGPYWQIKRVC encoding and index 500.
2026-06-06 00:38:25 - __main__ - INFO - Accuracy is 0.7806152060359838 and auroc is 0.7472368020849902 with WKTNPCLMDVYHFGERQASI encoding and index 501.
2026-06-06 00:38:42 - __main__ - INFO - Accuracy is 0.7893209518282066 and auroc is 0.7574754932737302 with WPEDKSLMNVRGHFICTQAY encoding and index 502.
2026-06-06 00:38:59 - __main__ - INFO - Accuracy is 0.7800348229831688 and auroc is 0.7480822946053113 with KMNQGALTPVCDFWYERSIH encoding and index 503.
2026-06-06 00:39:17 - __main__ - INFO - Accuracy is 0.7724898432965758 and auroc is 0.7401582438311136 with TDSPVYMEQCGFRNKWALHI encoding and index 504.
2026-06-06 00:39:34 - __main__ - INFO - Accuracy is 0.7666860127684272 and auroc is 0.7361512231737503 with CVATDHSPGKYWNQMEIRFL encoding and index 505.
2026-06-06 00:39:51 - __main__ - INFO - Accuracy is 0.7933836331979106 and auroc is 0.7642415262395675 with GMIAHPTCYEQKNDFLVWSR encoding and index 506.
2026-06-06 00:40:08 - __main__ - INFO - Accuracy is 0.7811955890887986 and auroc is 0.7463913095646689 with QWRCNGDAEHVPLYMSKIFT encoding and index 507.
2026-06-06 00:40:26 - __main__ - INFO - Accuracy is 0.7765525246662798 and auroc is 0.7440313250793172 with HVQLMYRWFTADICKNESPG encoding and index 508.
2026-06-06 00:40:43 - __main__ - INFO - Accuracy is 0.7759721416134648 and auroc is 0.7442092133571075 with RGQILDNKPYAVECMFWHST encoding and index 509.
2026-06-06 00:41:00 - __main__ - INFO - Accuracy is 0.7603017991874638 and auroc is 0.7272037916014409 with PNMHLGSDVWKCYEARQFTI encoding and index 510.
2026-06-06 00:41:17 - __main__ - INFO - Accuracy is 0.7869994196169472 and auroc is 0.7564067684048096 with DKQIHYRCMNSTLFAVWPEG encoding and index 511.
2026-06-06 00:41:35 - __main__ - INFO - Accuracy is 0.779454439930354 and auroc is 0.7467024396505297 with INTGQSHVPFWRMYKALDCE encoding and index 512.
2026-06-06 00:41:52 - __main__ - INFO - Accuracy is 0.7800348229831688 and auroc is 0.7471921556152701 with PAWHSCNGTLMDYQRVKFEI encoding and index 513.
2026-06-06 00:42:09 - __main__ - INFO - Accuracy is 0.779454439930354 and auroc is 0.7444770921754271 with AQEGMRCYTNFISVLKDPWH encoding and index 514.
2026-06-06 00:42:27 - __main__ - INFO - Accuracy is 0.7736506094022054 and auroc is 0.73735458505292 with GAQKTRSIYCFEMHVWPNDL encoding and index 515.
2026-06-06 00:42:44 - __main__ - INFO - Accuracy is 0.787579802669762 and auroc is 0.7580091581071013 with HLECNSGPVFIAMWTRKDYQ encoding and index 516.
2026-06-06 00:43:01 - __main__ - INFO - Accuracy is 0.783517121300058 and auroc is 0.7523557988788155 with SIAHDMLNRFKVGPQYETWC encoding and index 517.
2026-06-06 00:43:19 - __main__ - INFO - Accuracy is 0.7765525246662798 and auroc is 0.7453665335643787 with AKGDWTHFIYMSERCVQNPL encoding and index 518.
2026-06-06 00:43:37 - __main__ - INFO - Accuracy is 0.7736506094022054 and auroc is 0.7435855579832072 with QSPECYGRALIWDTNKHMFV encoding and index 519.
2026-06-06 00:43:54 - __main__ - INFO - Accuracy is 0.7817759721416134 and auroc is 0.7515542552271249 with MHWFGARYITQLKCDEVSNP encoding and index 520.
2026-06-06 00:44:11 - __main__ - INFO - Accuracy is 0.7759721416134648 and auroc is 0.7477697693172719 with IHNEQGRCYFDTKLPAVMSW encoding and index 521.
2026-06-06 00:44:29 - __main__ - INFO - Accuracy is 0.7771329077190946 and auroc is 0.7480815970042219 with FEHVQIPGTSDLWCRKYMAN encoding and index 522.
2026-06-06 00:44:46 - __main__ - INFO - Accuracy is 0.7811955890887986 and auroc is 0.7532898867374871 with SKLAGWFMQVHERNYPDCTI encoding and index 523.
2026-06-06 00:45:04 - __main__ - INFO - Accuracy is 0.7724898432965758 and auroc is 0.7437187997912778 with GWNEVQLSIDATKYFPRMCH encoding and index 524.
2026-06-06 00:45:21 - __main__ - INFO - Accuracy is 0.7736506094022054 and auroc is 0.7409151410130842 with GKISLDYVWPTEQRHNCFAM encoding and index 525.
2026-06-06 00:45:38 - __main__ - INFO - Accuracy is 0.788160185722577 and auroc is 0.7504876231614724 with LKNYAWVPTIDERGQCHFSM encoding and index 526.
2026-06-06 00:45:56 - __main__ - INFO - Accuracy is 0.7719094602437608 and auroc is 0.7394459931188628 with AENPVFCHQSIWKTGRYDML encoding and index 527.
2026-06-06 00:46:13 - __main__ - INFO - Accuracy is 0.7899013348810214 and auroc is 0.760635626208594 with YLFMSEQGVICAHDKRNWTP encoding and index 528.
2026-06-06 00:46:30 - __main__ - INFO - Accuracy is 0.7730702263493906 and auroc is 0.7399803555533231 with YKWQSFACMNPIERGHTDVL encoding and index 529.
2026-06-06 00:46:47 - __main__ - INFO - Accuracy is 0.7777132907719094 and auroc is 0.7485713129689623 with GVYQFWDALMSEIKNRPTHC encoding and index 530.
2026-06-06 00:47:05 - __main__ - INFO - Accuracy is 0.7724898432965758 and auroc is 0.7417159870636854 with EVCTGWDLYQFIRKHMNSPA encoding and index 531.
2026-06-06 00:47:22 - __main__ - INFO - Accuracy is 0.7782936738247244 and auroc is 0.7412723127708436 with KYNGDHIFESLQPWTCARVM encoding and index 532.
2026-06-06 00:47:39 - __main__ - INFO - Accuracy is 0.7736506094022054 and auroc is 0.7411376757605945 with KPQHLCSGNTAERDYVMIWF encoding and index 533.
2026-06-06 00:47:57 - __main__ - INFO - Accuracy is 0.788160185722577 and auroc is 0.7576087350818006 with SFKDEMPYCNHVTILGWRAQ encoding and index 534.
2026-06-06 00:48:14 - __main__ - INFO - Accuracy is 0.7887405687753918 and auroc is 0.7583209857940514 with ILQYNMPVWTSCHEDRKAFG encoding and index 535.
2026-06-06 00:48:31 - __main__ - INFO - Accuracy is 0.783517121300058 and auroc is 0.7512431251412641 with NTWKVIPHAFLQCSYGEMDR encoding and index 536.
2026-06-06 00:48:49 - __main__ - INFO - Accuracy is 0.771329077190946 and auroc is 0.7431844373568175 with IRQFYTLWCGDVKMENASHP encoding and index 537.
2026-06-06 00:49:06 - __main__ - INFO - Accuracy is 0.7701683110853164 and auroc is 0.7399796579522337 with MWASERKLNPYQFCVGTHID encoding and index 538.
2026-06-06 00:49:23 - __main__ - INFO - Accuracy is 0.7690075449796866 and auroc is 0.7383326217802221 with RKDNYQVASGWELCMFIHTP encoding and index 539.
2026-06-06 00:49:41 - __main__ - INFO - Accuracy is 0.771329077190946 and auroc is 0.7429619026093072 with HCSGLPWTFEADRNKVMIQY encoding and index 540.
2026-06-06 00:49:58 - __main__ - INFO - Accuracy is 0.767266395821242 and auroc is 0.7308550357032237 with NTDWMYICSFLRKAGVQPEH encoding and index 541.
2026-06-06 00:50:15 - __main__ - INFO - Accuracy is 0.7817759721416134 and auroc is 0.7497739772470429 with GRYPVQHFLDMKAIEWNSCT encoding and index 542.
2026-06-06 00:50:32 - __main__ - INFO - Accuracy is 0.7864190365641324 and auroc is 0.7561395871875792 with SPKDCEMNGAWTYHRQLFVI encoding and index 543.
2026-06-06 00:50:50 - __main__ - INFO - Accuracy is 0.7823563551944284 and auroc is 0.7518214364443553 with LSCKMVPFQDHNGYTWRIAE encoding and index 544.
2026-06-06 00:51:07 - __main__ - INFO - Accuracy is 0.7904817179338364 and auroc is 0.7564521124756188 with NDYWSLTARKQFVEMHCIGP encoding and index 545.
2026-06-06 00:51:24 - __main__ - INFO - Accuracy is 0.783517121300058 and auroc is 0.7528008683738361 with ESQNLGYPWDMKATIVFHRC encoding and index 546.
2026-06-06 00:51:42 - __main__ - INFO - Accuracy is 0.7771329077190946 and auroc is 0.74652385377165 with NYRALKCFETHQDIPMGVWS encoding and index 547.
2026-06-06 00:51:59 - __main__ - INFO - Accuracy is 0.771329077190946 and auroc is 0.7422942983667763 with CTDLNIEQFYSAMRKWPVHG encoding and index 548.
2026-06-06 00:52:17 - __main__ - INFO - Accuracy is 0.7695879280325014 and auroc is 0.7374871292599011 with LGSPCNARTVYEKMIWHDFQ encoding and index 549.
2026-06-06 00:52:34 - __main__ - INFO - Accuracy is 0.7788740568775392 and auroc is 0.7435423067156661 with FCVSELNTHIYARPWMQKDG encoding and index 550.
2026-06-06 00:52:51 - __main__ - INFO - Accuracy is 0.783517121300058 and auroc is 0.7496853819086924 with QCEIGHPVMWFRLYSKTNAD encoding and index 551.
2026-06-06 00:53:08 - __main__ - INFO - Accuracy is 0.7800348229831688 and auroc is 0.7467470861202496 with KGLTWCFRMPHQANSEYVID encoding and index 552.
2026-06-06 00:53:25 - __main__ - INFO - Accuracy is 0.7823563551944284 and auroc is 0.7487059499792116 with NWLFACVDETQKRHYPISGM encoding and index 553.
2026-06-06 00:53:43 - __main__ - INFO - Accuracy is 0.7910621009866512 and auroc is 0.7553840852077875 with PQVDSGKTHLNYWRACEMFI encoding and index 554.
2026-06-06 00:54:00 - __main__ - INFO - Accuracy is 0.7817759721416134 and auroc is 0.7497739772470429 with EKPVDMISTNGAWYHQFCLR encoding and index 555.
2026-06-06 00:54:18 - __main__ - INFO - Accuracy is 0.7800348229831688 and auroc is 0.7467470861202496 with YGFEKQNHMLWRCPDIATVS encoding and index 556.
2026-06-06 00:54:36 - __main__ - INFO - Accuracy is 0.7887405687753918 and auroc is 0.7618815417542155 with PYTSEQRWGKHFLNVMIACD encoding and index 557.
2026-06-06 00:54:53 - __main__ - INFO - Accuracy is 0.7759721416134648 and auroc is 0.7459894913371896 with IEKGMRSYDACVNHPQTFWL encoding and index 558.
2026-06-06 00:55:11 - __main__ - INFO - Accuracy is 0.7730702263493906 and auroc is 0.7435409115134874 with GPQLDTWRNCMAIFHSKVYE encoding and index 559.
2026-06-06 00:55:28 - __main__ - INFO - Accuracy is 0.7730702263493906 and auroc is 0.7386451470682616 with TEILKSNFCYVGAPHWQDRM encoding and index 560.
2026-06-06 00:55:45 - __main__ - INFO - Accuracy is 0.7806152060359838 and auroc is 0.7476818715800106 with GHCFDMKQNWPETYILSRAV encoding and index 561.
2026-06-06 00:56:03 - __main__ - INFO - Accuracy is 0.77539175856065 and auroc is 0.7414941499172645 with QYFPMVDKCESRGITLHAWN encoding and index 562.
2026-06-06 00:56:20 - __main__ - INFO - Accuracy is 0.7829367382472432 and auroc is 0.7525336871566058 with LFGTPEYMIQKRDSHVANWC encoding and index 563.
2026-06-06 00:56:37 - __main__ - INFO - Accuracy is 0.7817759721416134 and auroc is 0.7540021374497378 with KEQFDNSLCHRWAPGMYTIV encoding and index 564.
2026-06-06 00:56:54 - __main__ - INFO - Accuracy is 0.7748113755078352 and auroc is 0.741004433952524 with LPVYHSDKCAGINMWRQETF encoding and index 565.
2026-06-06 00:57:11 - __main__ - INFO - Accuracy is 0.7684271619268718 and auroc is 0.733837280360297 with ITHVQLPSDNFAYRGEMWCK encoding and index 566.
2026-06-06 00:57:29 - __main__ - INFO - Accuracy is 0.7742309924550204 and auroc is 0.7398471137452528 with RYDFIWHQNTKMCVALGPSE encoding and index 567.
2026-06-06 00:57:46 - __main__ - INFO - Accuracy is 0.7695879280325014 and auroc is 0.7377096640074113 with QWFMPTKGLDRYSEIANVCH encoding and index 568.
2026-06-06 00:58:04 - __main__ - INFO - Accuracy is 0.7788740568775392 and auroc is 0.7457676541907687 with FWQMAKGSIEPTYRVLCHND encoding and index 569.
2026-06-06 00:58:21 - __main__ - INFO - Accuracy is 0.7846778874056878 and auroc is 0.7526676265657656 with GCNDYIFMARWHQKTLESVP encoding and index 570.
2026-06-06 00:58:38 - __main__ - INFO - Accuracy is 0.7800348229831688 and auroc is 0.7476372251102906 with WYPKQEIDFTRNSGAMVHCL encoding and index 571.
2026-06-06 00:58:56 - __main__ - INFO - Accuracy is 0.7777132907719094 and auroc is 0.7463459654938596 with NLWQHASRECYGMPDIKFVT encoding and index 572.
2026-06-06 00:59:13 - __main__ - INFO - Accuracy is 0.779454439930354 and auroc is 0.7502629956106939 with ISLFPMCDGYQEWKHNRTVA encoding and index 573.
2026-06-06 00:59:30 - __main__ - INFO - Accuracy is 0.779454439930354 and auroc is 0.7515982040957555 with HKGSFQTLWEAIVPYRCMDN encoding and index 574.
2026-06-06 00:59:48 - __main__ - INFO - Accuracy is 0.77539175856065 and auroc is 0.7463899143624904 with WEAHQNDVYICPTGFMKLRS encoding and index 575.
2026-06-06 01:00:05 - __main__ - INFO - Accuracy is 0.7869994196169472 and auroc is 0.7557391641622788 with PMSWNHKLTQECVFRIAGDY encoding and index 576.
2026-06-06 01:00:22 - __main__ - INFO - Accuracy is 0.7858386535113174 and auroc is 0.7556498712228388 with GTQWHASDCIPYKMLFNRVE encoding and index 577.
2026-06-06 01:00:40 - __main__ - INFO - Accuracy is 0.779454439930354 and auroc is 0.7524883430857966 with PLATKFVIDWHNCYMGERSQ encoding and index 578.
2026-06-06 01:00:58 - __main__ - INFO - Accuracy is 0.7782936738247244 and auroc is 0.7423849865083949 with EFDAGHLPSIMCNVQRKYWT encoding and index 579.
2026-06-06 01:01:15 - __main__ - INFO - Accuracy is 0.7806152060359838 and auroc is 0.745456524104908 with SNEQIVRMDPGTLFHCYKWA encoding and index 580.
2026-06-06 01:01:32 - __main__ - INFO - Accuracy is 0.796285548461985 and auroc is 0.7635746195981261 with MYPFHGDQSARTVEKLWINC encoding and index 581.
2026-06-06 01:01:50 - __main__ - INFO - Accuracy is 0.7788740568775392 and auroc is 0.7473253974233405 with ERNIQLKYMVTHWADSCGFP encoding and index 582.
2026-06-06 01:02:07 - __main__ - INFO - Accuracy is 0.7649448636099826 and auroc is 0.7355722142695698 with NQLMWRSPVDFIGEHKATYC encoding and index 583.
2026-06-06 01:02:24 - __main__ - INFO - Accuracy is 0.7759721416134648 and auroc is 0.7484373735598027 with APFLTMSHEGRWKDYNVIQC encoding and index 584.
2026-06-06 01:02:42 - __main__ - INFO - Accuracy is 0.7782936738247244 and auroc is 0.7506187721662746 with DQSLIFNMCAWRPGKEYVHT encoding and index 585.
2026-06-06 01:02:59 - __main__ - INFO - Accuracy is 0.7695879280325014 and auroc is 0.7368195250173702 with HSIWRCFEAMTDLGKQNPYV encoding and index 586.
2026-06-06 01:03:16 - __main__ - INFO - Accuracy is 0.7846778874056878 and auroc is 0.7533352308082963 with PENCMYKVAGIHQLFDRTSW encoding and index 587.
2026-06-06 01:03:34 - __main__ - INFO - Accuracy is 0.7788740568775392 and auroc is 0.7482155364133817 with YQDSVHNIALGPCKFEMTWR encoding and index 588.
2026-06-06 01:03:51 - __main__ - INFO - Accuracy is 0.7811955890887986 and auroc is 0.7517321435049152 with ESDFKTGWVHMNCRYPLQIA encoding and index 589.
2026-06-06 01:04:08 - __main__ - INFO - Accuracy is 0.7800348229831688 and auroc is 0.7491949683428626 with RLPSFKYIDQWVHECTGNAM encoding and index 590.
2026-06-06 01:04:25 - __main__ - INFO - Accuracy is 0.7846778874056878 and auroc is 0.7540028350508272 with ALNVKQDCTMESWHFPIYRG encoding and index 591.
2026-06-06 01:04:43 - __main__ - INFO - Accuracy is 0.7736506094022054 and auroc is 0.7453658359632894 with CTMDVEFPQNAIWKYGLSRH encoding and index 592.
2026-06-06 01:05:00 - __main__ - INFO - Accuracy is 0.7800348229831688 and auroc is 0.7516428505654754 with LGENKSQHYIFCAWDVMTRP encoding and index 593.
2026-06-06 01:05:17 - __main__ - INFO - Accuracy is 0.7730702263493906 and auroc is 0.7410930292908746 with QIRNMTHKLDAPWVEGFYCS encoding and index 594.
2026-06-06 01:05:34 - __main__ - INFO - Accuracy is 0.788160185722577 and auroc is 0.7593890130618828 with KMVATSYDCFILHRWPGQEN encoding and index 595.
2026-06-06 01:05:52 - __main__ - INFO - Accuracy is 0.7823563551944284 and auroc is 0.7511538322018244 with LAFRTDVYCNPHSIMWKGEQ encoding and index 596.
2026-06-06 01:06:09 - __main__ - INFO - Accuracy is 0.7782936738247244 and auroc is 0.7512863764088052 with CLFEHKGPTRDYNWIQSMVA encoding and index 597.
2026-06-06 01:06:26 - __main__ - INFO - Accuracy is 0.7951247823563552 and auroc is 0.7672684173663605 with YFPTMQCWDALVHIRGKNES encoding and index 598.
2026-06-06 01:06:43 - __main__ - INFO - Accuracy is 0.779454439930354 and auroc is 0.7484827176306118 with INGHSCWFPLDRKAQYMTEV encoding and index 599.
2026-06-06 01:07:01 - __main__ - INFO - Accuracy is 0.7823563551944284 and auroc is 0.7498186237167628 with APLDKHQIREVGCTYMSWNF encoding and index 600.
2026-06-06 01:07:18 - __main__ - INFO - Accuracy is 0.7695879280325014 and auroc is 0.7385998029974523 with IANWVKERSYHQDMCGFPTL encoding and index 601.
2026-06-06 01:07:35 - __main__ - INFO - Accuracy is 0.7684271619268718 and auroc is 0.7313893981376842 with IHVCGWSQNAMREDFYPTKL encoding and index 602.
2026-06-06 01:07:53 - __main__ - INFO - Accuracy is 0.7765525246662798 and auroc is 0.7475918810394815 with CISLPWYDRGAQFMVETHKN encoding and index 603.
2026-06-06 01:08:10 - __main__ - INFO - Accuracy is 0.7893209518282066 and auroc is 0.758810701758792 with AFNQSTMYCEWHRDGLVIKP encoding and index 604.
2026-06-06 01:08:27 - __main__ - INFO - Accuracy is 0.7684271619268718 and auroc is 0.7376203710679715 with HTWLEINVARSDGPCKFYQM encoding and index 605.
2026-06-06 01:08:44 - __main__ - INFO - Accuracy is 0.7765525246662798 and auroc is 0.7442538598268275 with WDYIKNMAQVFESRCTPLHG encoding and index 606.
2026-06-06 01:09:02 - __main__ - INFO - Accuracy is 0.7846778874056878 and auroc is 0.748662001110581 with VICWFTAYNLPRMGDEKQSH encoding and index 607.
2026-06-06 01:09:19 - __main__ - INFO - Accuracy is 0.788160185722577 and auroc is 0.7580538045768213 with THFPARWLDNSIVMYCEKGQ encoding and index 608.
2026-06-06 01:09:36 - __main__ - INFO - Accuracy is 0.7788740568775392 and auroc is 0.748660605908402 with YRMSVKGHAPFTIEWNQLCD encoding and index 609.
2026-06-06 01:09:53 - __main__ - INFO - Accuracy is 0.788160185722577 and auroc is 0.7567185960917597 with FDHQVNYIWMAKTSCLGRPE encoding and index 610.
2026-06-06 01:10:10 - __main__ - INFO - Accuracy is 0.7719094602437608 and auroc is 0.741226271098945 with NFWDHQSVGPTEIYCKALMR encoding and index 611.
2026-06-06 01:10:27 - __main__ - INFO - Accuracy is 0.783517121300058 and auroc is 0.7532459378688565 with TIRAQESDNMVFPWKHYCLG encoding and index 612.
2026-06-06 01:10:44 - __main__ - INFO - Accuracy is 0.7788740568775392 and auroc is 0.74688032792832 with FALQKEVMCGRSHIPYWNTD encoding and index 613.
2026-06-06 01:11:02 - __main__ - INFO - Accuracy is 0.7846778874056878 and auroc is 0.7582309952535222 with APTFHEWCVDKLIMRNSYGQ encoding and index 614.
2026-06-06 01:11:19 - __main__ - INFO - Accuracy is 0.7690075449796866 and auroc is 0.7312115098598939 with QITRLYKGCPVDHMNFSAEW encoding and index 615.
2026-06-06 01:11:36 - __main__ - INFO - Accuracy is 0.796285548461985 and auroc is 0.7651323628306979 with VMNDKQFPTIAWLRECHSGY encoding and index 616.
2026-06-06 01:11:53 - __main__ - INFO - Accuracy is 0.7904817179338364 and auroc is 0.7602352031832933 with AIEQWTSVFNMGHKDPLCYR encoding and index 617.
2026-06-06 01:12:10 - __main__ - INFO - Accuracy is 0.7806152060359838 and auroc is 0.753912844510298 with KWHFDCNRPEYLMIGTQSAV encoding and index 618.
2026-06-06 01:12:27 - __main__ - INFO - Accuracy is 0.7887405687753918 and auroc is 0.7560956383189488 with LMWKPQHTNEFGSVACYIDR encoding and index 619.
2026-06-06 01:12:45 - __main__ - INFO - Accuracy is 0.788160185722577 and auroc is 0.7580538045768213 with NDPGYITWQKHRLVCMSFAE encoding and index 620.
2026-06-06 01:13:02 - __main__ - INFO - Accuracy is 0.7765525246662798 and auroc is 0.7484820200295224 with AQMNHVFYTWCKGPLDIRSE encoding and index 621.
2026-06-06 01:13:19 - __main__ - INFO - Accuracy is 0.7893209518282066 and auroc is 0.7597008407488329 with SHYCFNLKETVWQADPIMRG encoding and index 622.
2026-06-06 01:13:37 - __main__ - INFO - Accuracy is 0.7840975043528728 and auroc is 0.7506201673684534 with IALSNPFGDWEKQHVYMTCR encoding and index 623.
2026-06-06 01:13:54 - __main__ - INFO - Accuracy is 0.7742309924550204 and auroc is 0.740959787482804 with HPQTAEWGISYFRVLKDNCM encoding and index 624.
2026-06-06 01:14:11 - __main__ - INFO - Accuracy is 0.7730702263493906 and auroc is 0.7375324733307105 with SMAPIGVQDWLNFTREHKCY encoding and index 625.
2026-06-06 01:14:28 - __main__ - INFO - Accuracy is 0.7823563551944284 and auroc is 0.7518214364443553 with SLCNEYTQWRMKHPAIDFGV encoding and index 626.
2026-06-06 01:14:45 - __main__ - INFO - Accuracy is 0.7858386535113174 and auroc is 0.7536470584952466 with LSPFNRTVKHIWAMYDEQCG encoding and index 627.
2026-06-06 01:15:02 - __main__ - INFO - Accuracy is 0.7771329077190946 and auroc is 0.7451886452865885 with TGRCPQMYDWIALVSKEFHN encoding and index 628.
2026-06-06 01:15:20 - __main__ - INFO - Accuracy is 0.7690075449796866 and auroc is 0.737219948042671 with FQGYMLTHEWKRISADCNVP encoding and index 629.
2026-06-06 01:15:37 - __main__ - INFO - Accuracy is 0.7724898432965758 and auroc is 0.7370427573659699 with ANHRQMVDYPFWIKGLCETS encoding and index 630.
2026-06-06 01:15:54 - __main__ - INFO - Accuracy is 0.7910621009866512 and auroc is 0.7629502666231365 with ACWIPMLEYNSFRKDQHTGV encoding and index 631.
2026-06-06 01:16:11 - __main__ - INFO - Accuracy is 0.7736506094022054 and auroc is 0.7435855579832072 with HDIWGVEFANYSKLQPCTRM encoding and index 632.
2026-06-06 01:16:28 - __main__ - INFO - Accuracy is 0.7719094602437608 and auroc is 0.7405586668564141 with YGHKWRTEDLNMFQSAVICP encoding and index 633.
2026-06-06 01:16:45 - __main__ - INFO - Accuracy is 0.7742309924550204 and auroc is 0.7414048569778247 with MQILHFCDVNKYREGPSTWA encoding and index 634.
2026-06-06 01:17:03 - __main__ - INFO - Accuracy is 0.7649448636099826 and auroc is 0.7364623532596108 with CVQRPFHLDTNIGMKAEWYS encoding and index 635.
2026-06-06 01:17:20 - __main__ - INFO - Accuracy is 0.7811955890887986 and auroc is 0.7477265180497306 with WEFCNPLDVAQGKMHRYIST encoding and index 636.
2026-06-06 01:17:37 - __main__ - INFO - Accuracy is 0.7823563551944284 and auroc is 0.7564946661420706 with VWSMIPNFLTHYAKCDGQRE encoding and index 637.
2026-06-06 01:17:54 - __main__ - INFO - Accuracy is 0.7800348229831688 and auroc is 0.7500851073329036 with NQWMYVTHSELADCGKRIFP encoding and index 638.
2026-06-06 01:18:11 - __main__ - INFO - Accuracy is 0.7840975043528728 and auroc is 0.752845514843556 with KDTRAEHNGFVLPSYWIMCQ encoding and index 639.
2026-06-06 01:18:28 - __main__ - INFO - Accuracy is 0.7748113755078352 and auroc is 0.741004433952524 with YDKILPFCNMWHTSARQEGV encoding and index 640.
2026-06-06 01:18:45 - __main__ - INFO - Accuracy is 0.7869994196169472 and auroc is 0.7568518378998301 with ITSVACKWGPDYFQEHLMRN encoding and index 641.
2026-06-06 01:19:02 - __main__ - INFO - Accuracy is 0.7777132907719094 and auroc is 0.7445656875137776 with HNMPCVTKAEGDLYSFWQRI encoding and index 642.
2026-06-06 01:19:19 - __main__ - INFO - Accuracy is 0.77539175856065 and auroc is 0.7421617541597954 with WIVGSMCRYKEFLTQHNADP encoding and index 643.
2026-06-06 01:19:37 - __main__ - INFO - Accuracy is 0.7811955890887986 and auroc is 0.7495067960298126 with LHVFRKAPDCITEGYWNMSQ encoding and index 644.
2026-06-06 01:19:54 - __main__ - INFO - Accuracy is 0.7904817179338364 and auroc is 0.7591225294457419 with YSDGELQMWPVTRNKIFHAC encoding and index 645.
2026-06-06 01:20:11 - __main__ - INFO - Accuracy is 0.7707486941381312 and auroc is 0.7389116306844026 with NRGFKSHVDILQEWMTAPCY encoding and index 646.
2026-06-06 01:20:28 - __main__ - INFO - Accuracy is 0.7864190365641324 and auroc is 0.7548043787025178 with TLAMSGQFECVWKHDPRIYN encoding and index 647.
2026-06-06 01:20:45 - __main__ - INFO - Accuracy is 0.7748113755078352 and auroc is 0.7392241559724421 with VRSNHTWYEMFKPIADQLGC encoding and index 648.
2026-06-06 01:21:02 - __main__ - INFO - Accuracy is 0.7806152060359838 and auroc is 0.7483494758225415 with ANEHCPLFKIVWQDMTGYSR encoding and index 649.
2026-06-06 01:21:20 - __main__ - INFO - Accuracy is 0.771329077190946 and auroc is 0.7376210686690607 with IKTAMNGPLQSVYWHEDFCR encoding and index 650.
2026-06-06 01:21:37 - __main__ - INFO - Accuracy is 0.7742309924550204 and auroc is 0.742517530715376 with GTCWLNDVSQMREIHPFAKY encoding and index 651.
2026-06-06 01:21:54 - __main__ - INFO - Accuracy is 0.771329077190946 and auroc is 0.7418492288717559 with RNVGFWCYTAMSQDLIHEPK encoding and index 652.
2026-06-06 01:22:11 - __main__ - INFO - Accuracy is 0.7811955890887986 and auroc is 0.7492842612823023 with LAQHFISCGMNKTRWEPVYD encoding and index 653.
2026-06-06 01:22:29 - __main__ - INFO - Accuracy is 0.7748113755078352 and auroc is 0.743452316175137 with KRPIVTSELYFWGNMCQHDA encoding and index 654.
2026-06-06 01:22:46 - __main__ - INFO - Accuracy is 0.7823563551944284 and auroc is 0.7509312974543141 with FDCAYESNTHKGPRWMQLVI encoding and index 655.
2026-06-06 01:23:03 - __main__ - INFO - Accuracy is 0.7806152060359838 and auroc is 0.7501297538026235 with FCMYWIVSQLPKTGDEHRAN encoding and index 656.
2026-06-06 01:23:20 - __main__ - INFO - Accuracy is 0.7846778874056878 and auroc is 0.7562281825259298 with PYQRIFACGVSHNLTKEDWM encoding and index 657.
2026-06-06 01:23:37 - __main__ - INFO - Accuracy is 0.7840975043528728 and auroc is 0.7577412792887818 with RTGKDSEYWFIMAVQNLCPH encoding and index 658.
2026-06-06 01:23:55 - __main__ - INFO - Accuracy is 0.7661056297156124 and auroc is 0.7358840419565199 with QCSLWFGRVPDNYMKAETHI encoding and index 659.
2026-06-06 01:24:12 - __main__ - INFO - Accuracy is 0.787579802669762 and auroc is 0.7584542276021218 with ENGQRDLSFMATHCVYIPWK encoding and index 660.
2026-06-06 01:24:29 - __main__ - INFO - Accuracy is 0.7765525246662798 and auroc is 0.7453665335643787 with KQLYIRGFAWNTCMDPHESV encoding and index 661.
2026-06-06 01:24:46 - __main__ - INFO - Accuracy is 0.7759721416134648 and auroc is 0.7382007751743305 with PQEVDKANLRCGFSIWTHYM encoding and index 662.
2026-06-06 01:25:04 - __main__ - INFO - Accuracy is 0.7736506094022054 and auroc is 0.7462559749533304 with SLIHQMPCNVDAETKYWFGR encoding and index 663.
2026-06-06 01:25:21 - __main__ - INFO - Accuracy is 0.7701683110853164 and auroc is 0.7390895189621929 with SMTCWDRYQFVIHKGNEAPL encoding and index 664.
2026-06-06 01:25:38 - __main__ - INFO - Accuracy is 0.7742309924550204 and auroc is 0.7451879476854991 with FISGWDKQPNTYCHVMAERL encoding and index 665.
2026-06-06 01:25:55 - __main__ - INFO - Accuracy is 0.7817759721416134 and auroc is 0.7482162340144711 with STMYVWGIKACENFRLHQDP encoding and index 666.
2026-06-06 01:26:13 - __main__ - INFO - Accuracy is 0.7817759721416134 and auroc is 0.7535570679547172 with MRPQITNGKHCLVWYADEFS encoding and index 667.
2026-06-06 01:26:30 - __main__ - INFO - Accuracy is 0.7643644805571678 and auroc is 0.7375303805274422 with GCSLQHPMTFWDRYKVAINE encoding and index 668.
2026-06-06 01:26:47 - __main__ - INFO - Accuracy is 0.7846778874056878 and auroc is 0.7520000223232348 with EFWMPINRYQKHCSVGTDAL encoding and index 669.
2026-06-06 01:27:05 - __main__ - INFO - Accuracy is 0.7829367382472432 and auroc is 0.7529787566516264 with GDNMYKVLSERQFCTAIHPW encoding and index 670.
2026-06-06 01:27:22 - __main__ - INFO - Accuracy is 0.7748113755078352 and auroc is 0.7445649899126883 with HRQNLDAVMWKFGIPETSCY encoding and index 671.
2026-06-06 01:27:39 - __main__ - INFO - Accuracy is 0.7893209518282066 and auroc is 0.7601459102438535 with TKPWALIFREQDSMCHNYGV encoding and index 672.
2026-06-06 01:27:56 - __main__ - INFO - Accuracy is 0.7597214161346488 and auroc is 0.7251563324041286 with SCPVGAIFERHMTKDYWQNL encoding and index 673.
2026-06-06 01:28:14 - __main__ - INFO - Accuracy is 0.7846778874056878 and auroc is 0.7557831130309093 with KCAGEMWNDPTILRFYQHSV encoding and index 674.
2026-06-06 01:28:31 - __main__ - INFO - Accuracy is 0.7684271619268718 and auroc is 0.7353950235928688 with QGIPCSRANWEKVMFHYDTL encoding and index 675.
2026-06-06 01:28:48 - __main__ - INFO - Accuracy is 0.7788740568775392 and auroc is 0.7453225846957483 with FHGYEIPAKLWVTSCQRNMD encoding and index 676.
2026-06-06 01:29:05 - __main__ - INFO - Accuracy is 0.7742309924550204 and auroc is 0.7447428781904785 with YWLRTPEFNSHVDCGQMIKA encoding and index 677.
2026-06-06 01:29:23 - __main__ - INFO - Accuracy is 0.7695879280325014 and auroc is 0.7368195250173702 with ANQFLCKSWRHYPIMGETDV encoding and index 678.
2026-06-06 01:29:40 - __main__ - INFO - Accuracy is 0.7806152060359838 and auroc is 0.7479044063275209 with EMGVSNWKCTQAPLHFIYRD encoding and index 679.
2026-06-06 01:29:57 - __main__ - INFO - Accuracy is 0.7811955890887986 and auroc is 0.7470589138071999 with VSYHGFTDENQKMLWIACRP encoding and index 680.
2026-06-06 01:30:15 - __main__ - INFO - Accuracy is 0.7806152060359838 and auroc is 0.7510198927926647 with DAQYWGCMRKNTFPSLEIHV encoding and index 681.
2026-06-06 01:30:32 - __main__ - INFO - Accuracy is 0.771329077190946 and auroc is 0.7380661381640814 with CTYIRWVMANPFHDLQKESG encoding and index 682.
2026-06-06 01:30:49 - __main__ - INFO - Accuracy is 0.7869994196169472 and auroc is 0.7564067684048096 with MAQPELTKNWSGIHDCRFYV encoding and index 683.
2026-06-06 01:31:06 - __main__ - INFO - Accuracy is 0.7800348229831688 and auroc is 0.7463020166252291 with SRFAIMHNETKWGQPDVCYL encoding and index 684.
2026-06-06 01:31:24 - __main__ - INFO - Accuracy is 0.7869994196169472 and auroc is 0.760189859112484 with GNWEYCIMTQSRPKHLDFAV encoding and index 685.
2026-06-06 01:31:41 - __main__ - INFO - Accuracy is 0.7852582704585026 and auroc is 0.7529348077829958 with YGKDQSWIFVLTCRAHENPM encoding and index 686.
2026-06-06 01:31:58 - __main__ - INFO - Accuracy is 0.7684271619268718 and auroc is 0.7373978363204612 with TNEIWGQDPMYLKCHFSAVR encoding and index 687.
2026-06-06 01:32:15 - __main__ - INFO - Accuracy is 0.7811955890887986 and auroc is 0.7517321435049152 with RFPNIQLEWDSGTYKCMAHV encoding and index 688.
2026-06-06 01:32:32 - __main__ - INFO - Accuracy is 0.7695879280325014 and auroc is 0.73659699026986 with WSTFRHEPAYMCIKVNQLGD encoding and index 689.
2026-06-06 01:32:50 - __main__ - INFO - Accuracy is 0.7800348229831688 and auroc is 0.7451893428876779 with PCTAQIKVEFYDMRLHSWGN encoding and index 690.
2026-06-06 01:33:07 - __main__ - INFO - Accuracy is 0.7806152060359838 and auroc is 0.7472368020849902 with IRYMPLVAEDNFGSCTQWHK encoding and index 691.
2026-06-06 01:33:24 - __main__ - INFO - Accuracy is 0.7800348229831688 and auroc is 0.7505301768279242 with MIPNERYQGWFTLCKDVHSA encoding and index 692.
2026-06-06 01:33:41 - __main__ - INFO - Accuracy is 0.7788740568775392 and auroc is 0.7499958143934637 with AMGIRKHNSDLYFQEVPCTW encoding and index 693.
2026-06-06 01:33:59 - __main__ - INFO - Accuracy is 0.7817759721416134 and auroc is 0.7522218594696557 with KLISPGHMRVEDYWCNAFTQ encoding and index 694.
2026-06-06 01:34:16 - __main__ - INFO - Accuracy is 0.7707486941381312 and auroc is 0.7409144434119949 with KHNLRTECSFDVAGIYPQMW encoding and index 695.
2026-06-06 01:34:33 - __main__ - INFO - Accuracy is 0.7811955890887986 and auroc is 0.7503969350198537 with VPGSKRNAFCEHQMLYTWDI encoding and index 696.
2026-06-06 01:34:50 - __main__ - INFO - Accuracy is 0.7928032501450958 and auroc is 0.7659771577499296 with PNSACYVFLIGRQTHKMEWD encoding and index 697.
2026-06-06 01:35:07 - __main__ - INFO - Accuracy is 0.7690075449796866 and auroc is 0.7394452955177735 with CAEWYIPHLTGDFSKNVQRM encoding and index 698.
2026-06-06 01:35:24 - __main__ - INFO - Accuracy is 0.7724898432965758 and auroc is 0.736375153123439 with MFAYLRHWNCPIDKEQVTSG encoding and index 699.
2026-06-06 01:35:42 - __main__ - INFO - Accuracy is 0.7661056297156124 and auroc is 0.7352164377139891 with QNPWLGYCFSTRDAHMKEVI encoding and index 700.
2026-06-06 01:35:59 - __main__ - INFO - Accuracy is 0.779454439930354 and auroc is 0.7467024396505297 with QETFSVCMNAIDLWPKYRGH encoding and index 701.
2026-06-06 01:36:16 - __main__ - INFO - Accuracy is 0.7771329077190946 and auroc is 0.745633714781609 with LIKTYSACGFRPNQDMVHEW encoding and index 702.
2026-06-06 01:36:33 - __main__ - INFO - Accuracy is 0.7736506094022054 and auroc is 0.7398024672755329 with RGEIQLWMYFCDVHNSTPKA encoding and index 703.
2026-06-06 01:36:51 - __main__ - INFO - Accuracy is 0.7864190365641324 and auroc is 0.7530241007224358 with YPQLADKTEGMNICWHFRVS encoding and index 704.
2026-06-06 01:37:08 - __main__ - INFO - Accuracy is 0.7829367382472432 and auroc is 0.7518660829140751 with CWLREIKPAQDNSTGFHYMV encoding and index 705.
2026-06-06 01:37:25 - __main__ - INFO - Accuracy is 0.7742309924550204 and auroc is 0.7454104824330093 with EDVAYRHKQNPTLWMSGFIC encoding and index 706.
2026-06-06 01:37:43 - __main__ - INFO - Accuracy is 0.7707486941381312 and auroc is 0.7398017696744434 with NKWVLGFCAHDYRSTMQIPE encoding and index 707.
2026-06-06 01:38:00 - __main__ - INFO - Accuracy is 0.7840975043528728 and auroc is 0.7524004453485355 with ECRHDNYLWITMFSGPQAVK encoding and index 708.
2026-06-06 01:38:17 - __main__ - INFO - Accuracy is 0.7858386535113174 and auroc is 0.7549822669803081 with MKIWERCDLYTGFHVAPNQS encoding and index 709.
2026-06-06 01:38:34 - __main__ - INFO - Accuracy is 0.7800348229831688 and auroc is 0.7467470861202496 with PGMNKFIDQTRAYVWELSCH encoding and index 710.
2026-06-06 01:38:52 - __main__ - INFO - Accuracy is 0.787579802669762 and auroc is 0.7548936716419576 with MNTIQKWRGSHYFVLPAEDC encoding and index 711.
2026-06-06 01:39:09 - __main__ - INFO - Accuracy is 0.7887405687753918 and auroc is 0.7569857773089896 with GSMTFCNYALKPIVHDEWRQ encoding and index 712.
2026-06-06 01:39:26 - __main__ - INFO - Accuracy is 0.7858386535113174 and auroc is 0.7538695932427566 with APWTCNRISMYFLGVHKDEQ encoding and index 713.
2026-06-06 01:39:43 - __main__ - INFO - Accuracy is 0.7811955890887986 and auroc is 0.748171587544751 with LWTQCYFHIRESKMPDVGNA encoding and index 714.
2026-06-06 01:40:00 - __main__ - INFO - Accuracy is 0.7748113755078352 and auroc is 0.7421171076900754 with ADLQHWFGSKMPEVCIYTNR encoding and index 715.
2026-06-06 01:40:18 - __main__ - INFO - Accuracy is 0.7736506094022054 and auroc is 0.7409151410130842 with LQRVDPACYKMFHGIWSTEN encoding and index 716.
2026-06-06 01:40:35 - __main__ - INFO - Accuracy is 0.7736506094022054 and auroc is 0.740692606265574 with ATDIFHMYGLKRWSCNPQVE encoding and index 717.
2026-06-06 01:40:52 - __main__ - INFO - Accuracy is 0.7817759721416134 and auroc is 0.7502190467420634 with FPYTAWGSCQKHRINVLEMD encoding and index 718.
2026-06-06 01:41:09 - __main__ - INFO - Accuracy is 0.7817759721416134 and auroc is 0.7502190467420634 with SFMAYQEDPVTWNHILGKCR encoding and index 719.
2026-06-06 01:41:27 - __main__ - INFO - Accuracy is 0.7777132907719094 and auroc is 0.7416727357961443 with AMTIYKQCPRGWLNHEDVFS encoding and index 720.
2026-06-06 01:41:44 - __main__ - INFO - Accuracy is 0.77539175856065 and auroc is 0.7470575186050211 with QCNESYPHWTIRKMGFLDAV encoding and index 721.
2026-06-06 01:42:02 - __main__ - INFO - Accuracy is 0.7846778874056878 and auroc is 0.7515549528282143 with EIVNFWLRQGCDMHYSAPTK encoding and index 722.
2026-06-06 01:42:19 - __main__ - INFO - Accuracy is 0.7765525246662798 and auroc is 0.7406933038666633 with FGYVKTRIHEMWANQDLPCS encoding and index 723.
2026-06-06 01:42:36 - __main__ - INFO - Accuracy is 0.7800348229831688 and auroc is 0.7540907327880884 with RPSLNEDCWQGTMIYKFVAH encoding and index 724.
2026-06-06 01:42:53 - __main__ - INFO - Accuracy is 0.7666860127684272 and auroc is 0.7350385494361987 with SGRPTVKQWFCAIHYMNDEL encoding and index 725.
2026-06-06 01:43:10 - __main__ - INFO - Accuracy is 0.7800348229831688 and auroc is 0.7525329895555164 with MTDCKIPWVGYENFSALRHQ encoding and index 726.
2026-06-06 01:43:28 - __main__ - INFO - Accuracy is 0.7736506094022054 and auroc is 0.7413602105081047 with IKMDWCGYHENLTSVQRAPF encoding and index 727.
2026-06-06 01:43:45 - __main__ - INFO - Accuracy is 0.7806152060359838 and auroc is 0.7503522885501338 with FLQMVNRDWHTSACIEYPKG encoding and index 728.
2026-06-06 01:44:02 - __main__ - INFO - Accuracy is 0.7765525246662798 and auroc is 0.7433637208367865 with KWRAHPNDESVTLYMQGFCI encoding and index 729.
2026-06-06 01:44:19 - __main__ - INFO - Accuracy is 0.787579802669762 and auroc is 0.757786623359591 with MAPIKECLVDGYQSRWHNTF encoding and index 730.
2026-06-06 01:44:36 - __main__ - INFO - Accuracy is 0.779454439930354 and auroc is 0.7440320226804066 with QFLSRPNCMWAVYHKTEIDG encoding and index 731.
2026-06-06 01:44:54 - __main__ - INFO - Accuracy is 0.7823563551944284 and auroc is 0.7475932762416602 with RIMPQHDAGKWVNSLYCFTE encoding and index 732.
2026-06-06 01:45:11 - __main__ - INFO - Accuracy is 0.779454439930354 and auroc is 0.7446996269229373 with VTYPKEQFGAWCSDNIHLMR encoding and index 733.
2026-06-06 01:45:28 - __main__ - INFO - Accuracy is 0.7823563551944284 and auroc is 0.7471482067466396 with QNKMSTRYGWECPIFLHVDA encoding and index 734.
2026-06-06 01:45:45 - __main__ - INFO - Accuracy is 0.7730702263493906 and auroc is 0.7399803555533231 with PAWFECMRVKIDNYHLSQGT encoding and index 735.
2026-06-06 01:46:03 - __main__ - INFO - Accuracy is 0.7858386535113174 and auroc is 0.7549822669803081 with LPGQMAKCETWDFIHNSRYV encoding and index 736.
2026-06-06 01:46:20 - __main__ - INFO - Accuracy is 0.7649448636099826 and auroc is 0.7380200964921826 with WHDRCGMKFVTYPAENISQL encoding and index 737.
2026-06-06 01:46:37 - __main__ - INFO - Accuracy is 0.7811955890887986 and auroc is 0.7521772129999359 with WAQCKRVLFHGNEMTPDSYI encoding and index 738.
2026-06-06 01:46:55 - __main__ - INFO - Accuracy is 0.7690075449796866 and auroc is 0.7354396700625888 with EFPCDQGWTYNALMIRHSKV encoding and index 739.
2026-06-06 01:47:12 - __main__ - INFO - Accuracy is 0.787579802669762 and auroc is 0.7524457894193448 with QLVKYPGHETIFWNRAMSCD encoding and index 740.
2026-06-06 01:47:29 - __main__ - INFO - Accuracy is 0.77539175856065 and auroc is 0.7446096363824082 with PHCFWMGNAEIDSLQVTRYK encoding and index 741.
2026-06-06 01:47:46 - __main__ - INFO - Accuracy is 0.7823563551944284 and auroc is 0.7507087627068039 with HRQGSKELIPAFYCDVWNTM encoding and index 742.
2026-06-06 01:48:04 - __main__ - INFO - Accuracy is 0.771329077190946 and auroc is 0.7396238813966531 with STFCLGNQEWAIDRVMPHYK encoding and index 743.
2026-06-06 01:48:21 - __main__ - INFO - Accuracy is 0.7823563551944284 and auroc is 0.748260880484191 with GPHQSLANRDYMWVCKEITF encoding and index 744.
2026-06-06 01:48:38 - __main__ - INFO - Accuracy is 0.7806152060359838 and auroc is 0.7470142673374799 with DQIHWYSAMKRECNPGFTVL encoding and index 745.
2026-06-06 01:48:55 - __main__ - INFO - Accuracy is 0.7724898432965758 and auroc is 0.738823035346052 with IMLSQCFEVTYRKDWHNAGP encoding and index 746.
2026-06-06 01:49:13 - __main__ - INFO - Accuracy is 0.77539175856065 and auroc is 0.7394913371896722 with FCHIMERLNTYKPSDAQVWG encoding and index 747.
2026-06-06 01:49:30 - __main__ - INFO - Accuracy is 0.7846778874056878 and auroc is 0.7511098833331938 with LFIMDSAEQWRPGNHKYTVC encoding and index 748.
2026-06-06 01:49:47 - __main__ - INFO - Accuracy is 0.7840975043528728 and auroc is 0.7506201673684534 with RPNVTFDMSKAECQGLWHIY encoding and index 749.
2026-06-06 01:50:05 - __main__ - INFO - Accuracy is 0.7736506094022054 and auroc is 0.7422503494981457 with ARSLNVDGTHPQWCEIMYKF encoding and index 750.
2026-06-06 01:50:22 - __main__ - INFO - Accuracy is 0.7771329077190946 and auroc is 0.7458562495291192 with QYPGFRNTMSECAIDLVKWH encoding and index 751.
2026-06-06 01:50:39 - __main__ - INFO - Accuracy is 0.7869994196169472 and auroc is 0.7566293031523197 with MIRCEYVLHFTAGDWSKPQN encoding and index 752.
2026-06-06 01:50:57 - __main__ - INFO - Accuracy is 0.7759721416134648 and auroc is 0.7422064006295152 with HTQKLSYRGVFAENIWDMCP encoding and index 753.
2026-06-06 01:51:14 - __main__ - INFO - Accuracy is 0.7788740568775392 and auroc is 0.744209910958197 with QYWEPSMLTHDNVKFARCIG encoding and index 754.
2026-06-06 01:51:31 - __main__ - INFO - Accuracy is 0.7765525246662798 and auroc is 0.7442538598268275 with RVEAYIPFCWMHLGKTSQDN encoding and index 755.
2026-06-06 01:51:49 - __main__ - INFO - Accuracy is 0.7730702263493906 and auroc is 0.7419831682809155 with TERQIPSNYDMHKLWGVAFC encoding and index 756.
2026-06-06 01:52:06 - __main__ - INFO - Accuracy is 0.7817759721416134 and auroc is 0.7517767899746353 with PMWRACETYIGFKNVSHLQD encoding and index 757.
2026-06-06 01:52:23 - __main__ - INFO - Accuracy is 0.7840975043528728 and auroc is 0.7557384665611895 with KFPYNDRQSAHLMIWCGTEV encoding and index 758.
2026-06-06 01:52:41 - __main__ - INFO - Accuracy is 0.7846778874056878 and auroc is 0.7497746748481322 with HVWNMSYTDGLIEAPCRFQK encoding and index 759.
2026-06-06 01:52:58 - __main__ - INFO - Accuracy is 0.7817759721416134 and auroc is 0.7519993247221456 with VELFITAWYHSKQCNRDMGP encoding and index 760.
2026-06-06 01:53:15 - __main__ - INFO - Accuracy is 0.7806152060359838 and auroc is 0.7485720105700517 with KALMEWQDCRNYITVPGSFH encoding and index 761.
2026-06-06 01:53:32 - __main__ - INFO - Accuracy is 0.7724898432965758 and auroc is 0.7392681048410725 with CWHSEGMIQDYFNPTRVALK encoding and index 762.
2026-06-06 01:53:50 - __main__ - INFO - Accuracy is 0.7765525246662798 and auroc is 0.7467017420494403 with CKARHDINYVLSETFGWQPM encoding and index 763.
2026-06-06 01:54:07 - __main__ - INFO - Accuracy is 0.77539175856065 and auroc is 0.7432744278973467 with QLHMIWRTASYCNKVEGPFD encoding and index 764.
2026-06-06 01:54:24 - __main__ - INFO - Accuracy is 0.7823563551944284 and auroc is 0.7495960889692524 with NMKIGWLVCDQTAEYPHRFS encoding and index 765.
2026-06-06 01:54:42 - __main__ - INFO - Accuracy is 0.767266395821242 and auroc is 0.7350831959059186 with RCGLTPYISHFDWKENAQMV encoding and index 766.
2026-06-06 01:54:59 - __main__ - INFO - Accuracy is 0.7777132907719094 and auroc is 0.7487938477164726 with NFPSVIYQALCDKWRMGTHE encoding and index 767.
2026-06-06 01:55:16 - __main__ - INFO - Accuracy is 0.7765525246662798 and auroc is 0.7460341378069095 with AKIMCYGQNSRTPEWVLDHF encoding and index 768.
2026-06-06 01:55:33 - __main__ - INFO - Accuracy is 0.7771329077190946 and auroc is 0.7467463885191604 with PSQNVFAHKMIDWERLTGCY encoding and index 769.
2026-06-06 01:55:51 - __main__ - INFO - Accuracy is 0.7864190365641324 and auroc is 0.7510212879948434 with RHYDVTECWSPFIAKQNGLM encoding and index 770.
2026-06-06 01:56:08 - __main__ - INFO - Accuracy is 0.7788740568775392 and auroc is 0.749328210150933 with YHDTWICNLAQPSGKREMVF encoding and index 771.
2026-06-06 01:56:26 - __main__ - INFO - Accuracy is 0.7800348229831688 and auroc is 0.7471921556152701 with FQKYIRGNMSEHTLVWCAPD encoding and index 772.
2026-06-06 01:56:43 - __main__ - INFO - Accuracy is 0.7788740568775392 and auroc is 0.7473253974233405 with NVLICPKQGFMSATHWDYRE encoding and index 773.
2026-06-06 01:57:00 - __main__ - INFO - Accuracy is 0.7806152060359838 and auroc is 0.7534677750152776 with SDFCYMLEITVHGAWNQPKR encoding and index 774.
2026-06-06 01:57:18 - __main__ - INFO - Accuracy is 0.779454439930354 and auroc is 0.7480376481355913 with MTLGKRFWCHPDQENVYSIA encoding and index 775.
2026-06-06 01:57:35 - __main__ - INFO - Accuracy is 0.7759721416134648 and auroc is 0.7433190743670666 with EALFNTCWRVKPSYGQDIMH encoding and index 776.
2026-06-06 01:57:53 - __main__ - INFO - Accuracy is 0.7695879280325014 and auroc is 0.7383772682499421 with RPNCEAVGDWKMLTFQYHSI encoding and index 777.
2026-06-06 01:58:10 - __main__ - INFO - Accuracy is 0.7782936738247244 and auroc is 0.7397145695382719 with NVECTFYWIQAKMHPDRLGS encoding and index 778.
2026-06-06 01:58:27 - __main__ - INFO - Accuracy is 0.7742309924550204 and auroc is 0.7389569747552118 with MYNIRDHQAGETKCSFPVLW encoding and index 779.
2026-06-06 01:58:45 - __main__ - INFO - Accuracy is 0.7771329077190946 and auroc is 0.7454111800340987 with AGCEWIQVYMSTLPHFKNRD encoding and index 780.
2026-06-06 01:59:02 - __main__ - INFO - Accuracy is 0.7858386535113174 and auroc is 0.7500865025350822 with NTDCQGEWLKVIPYAFSRMH encoding and index 781.
2026-06-06 01:59:19 - __main__ - INFO - Accuracy is 0.7736506094022054 and auroc is 0.7449207664682689 with IDYACSFPKHNGRLQVEWTM encoding and index 782.
2026-06-06 01:59:36 - __main__ - INFO - Accuracy is 0.7608821822402786 and auroc is 0.7303639245363046 with QCYFDAPEGHNMVKRISTWL encoding and index 783.
2026-06-06 01:59:54 - __main__ - INFO - Accuracy is 0.7765525246662798 and auroc is 0.7442538598268275 with RTDECPKSNIGAVQMWYHFL encoding and index 784.
2026-06-06 02:00:11 - __main__ - INFO - Accuracy is 0.7701683110853164 and auroc is 0.7408697969422751 with EDTLHIQYGNKPRSVWMCFA encoding and index 785.
2026-06-06 02:00:29 - __main__ - INFO - Accuracy is 0.7730702263493906 and auroc is 0.742428237775936 with ERPLTGQKYSFWHVCDAINM encoding and index 786.
2026-06-06 02:00:46 - __main__ - INFO - Accuracy is 0.7742309924550204 and auroc is 0.7420724612203554 with TLHMNVWDARYFCIGSKEPQ encoding and index 787.
2026-06-06 02:01:03 - __main__ - INFO - Accuracy is 0.7765525246662798 and auroc is 0.7473693462919713 with PNHVQSCAKDTMEIFLGRYW encoding and index 788.
2026-06-06 02:01:20 - __main__ - INFO - Accuracy is 0.7666860127684272 and auroc is 0.7312554587285244 with WDSIGHLATVQNKFEMPCRY encoding and index 789.
2026-06-06 02:01:37 - __main__ - INFO - Accuracy is 0.7846778874056878 and auroc is 0.7533352308082963 with RAEKFIPDSMLQNVHGCWYT encoding and index 790.
2026-06-06 02:01:55 - __main__ - INFO - Accuracy is 0.7719094602437608 and auroc is 0.7354403676636782 with SHVTFRNIDYCQMAPKELWG encoding and index 791.
2026-06-06 02:02:12 - __main__ - INFO - Accuracy is 0.7788740568775392 and auroc is 0.7466577931808098 with AQVEINLCFMGYPRHTSKDW encoding and index 792.
2026-06-06 02:02:29 - __main__ - INFO - Accuracy is 0.7840975043528728 and auroc is 0.7526229800960458 with RNKSPMDGYICFVHLEAQTW encoding and index 793.
2026-06-06 02:02:46 - __main__ - INFO - Accuracy is 0.7765525246662798 and auroc is 0.7435862555842968 with FCSDNRHWGVIKEMPATLQY encoding and index 794.
2026-06-06 02:03:03 - __main__ - INFO - Accuracy is 0.7811955890887986 and auroc is 0.7483941222922614 with GVLADYRECPSIQNKTWHMF encoding and index 795.
2026-06-06 02:03:21 - __main__ - INFO - Accuracy is 0.7782936738247244 and auroc is 0.7434976602459463 with KMGAEISPCWFTLVQNRDYH encoding and index 796.
2026-06-06 02:03:38 - __main__ - INFO - Accuracy is 0.7817759721416134 and auroc is 0.749106373004512 with CHWAKQYEIRLMDGSNTFPV encoding and index 797.
2026-06-06 02:03:55 - __main__ - INFO - Accuracy is 0.7852582704585026 and auroc is 0.7549376205105883 with NPVTEWIRKHLADYGCSQMF encoding and index 798.
2026-06-06 02:04:12 - __main__ - INFO - Accuracy is 0.7846778874056878 and auroc is 0.7566732520209503 with TKLFQEMWVSHPGDRNYCAI encoding and index 799.
2026-06-06 02:04:30 - __main__ - INFO - Accuracy is 0.7800348229831688 and auroc is 0.7509752463229447 with KTNEFQIMLRGWHAVCDPYS encoding and index 800.
2026-06-06 02:04:47 - __main__ - INFO - Accuracy is 0.7817759721416134 and auroc is 0.7515542552271249 with SGLQVTEFRDCANPKYMHIW encoding and index 801.
2026-06-06 02:05:04 - __main__ - INFO - Accuracy is 0.7840975043528728 and auroc is 0.748617354640861 with MWRNTIVYDFKEQSLHPGCA encoding and index 802.
2026-06-06 02:05:22 - __main__ - INFO - Accuracy is 0.7933836331979106 and auroc is 0.7620161787644648 with NQPGRTVAFMSHKEIWYLCD encoding and index 803.
2026-06-06 02:05:39 - __main__ - INFO - Accuracy is 0.7788740568775392 and auroc is 0.748660605908402 with MNKVRHQWLYDIESFTPGAC encoding and index 804.
2026-06-06 02:05:57 - __main__ - INFO - Accuracy is 0.7765525246662798 and auroc is 0.7484820200295224 with SNGIWMVPHYECRDLTQAFK encoding and index 805.
2026-06-06 02:06:14 - __main__ - INFO - Accuracy is 0.787579802669762 and auroc is 0.7580091581071013 with VYHRTWGLIDSFQNCKEPMA encoding and index 806.
2026-06-06 02:06:31 - __main__ - INFO - Accuracy is 0.7782936738247244 and auroc is 0.7466131467110899 with NMYGILEWSAHCQVKFRDTP encoding and index 807.
2026-06-06 02:06:49 - __main__ - INFO - Accuracy is 0.7858386535113174 and auroc is 0.7543146627377773 with DLISANTMPFKECVWQGYHR encoding and index 808.
2026-06-06 02:07:06 - __main__ - INFO - Accuracy is 0.787579802669762 and auroc is 0.7564514148745294 with FYPWTDSHKERLGVMNACIQ encoding and index 809.
2026-06-06 02:07:24 - __main__ - INFO - Accuracy is 0.7684271619268718 and auroc is 0.7362851625829099 with EWHGAQCTNYMVRFPISLDK encoding and index 810.
2026-06-06 02:07:41 - __main__ - INFO - Accuracy is 0.788160185722577 and auroc is 0.75694113083927 with TMSRGIALNPYCEFDWVQKH encoding and index 811.
2026-06-06 02:07:58 - __main__ - INFO - Accuracy is 0.7904817179338364 and auroc is 0.7615704116683548 with CGWDRSIPMVFQAHYLETKN encoding and index 812.
2026-06-06 02:08:15 - __main__ - INFO - Accuracy is 0.7858386535113174 and auroc is 0.7580977534454517 with GWLIVSTEPNYADQHFMRKC encoding and index 813.
2026-06-06 02:08:33 - __main__ - INFO - Accuracy is 0.7817759721416134 and auroc is 0.7451007475493274 with YTQSFKHCMREWANVLPDIG encoding and index 814.
2026-06-06 02:08:50 - __main__ - INFO - Accuracy is 0.7771329077190946 and auroc is 0.7485266664992424 with KRHSCWMTYEFDNGILVPQA encoding and index 815.
2026-06-06 02:09:08 - __main__ - INFO - Accuracy is 0.77539175856065 and auroc is 0.7419392194122849 with HQDCLMPGINKTSVEWARYF encoding and index 816.
2026-06-06 02:09:25 - __main__ - INFO - Accuracy is 0.7678467788740568 and auroc is 0.7366855856082105 with PHNSAYVMTCKGDELFRQWI encoding and index 817.
2026-06-06 02:09:42 - __main__ - INFO - Accuracy is 0.7765525246662798 and auroc is 0.7404707691191531 with WTFNVDLCIRYAQPSMEKHG encoding and index 818.
2026-06-06 02:10:00 - __main__ - INFO - Accuracy is 0.7707486941381312 and auroc is 0.7373538874518305 with EMWLKIGQDYTRHAPNSVFC encoding and index 819.
2026-06-06 02:10:17 - __main__ - INFO - Accuracy is 0.7806152060359838 and auroc is 0.7467917325899696 with KHQPSEITFAGNDRMCWYLV encoding and index 820.
2026-06-06 02:10:34 - __main__ - INFO - Accuracy is 0.7777132907719094 and auroc is 0.7405600620585929 with RQFMIHNADLVGCYKWTEPS encoding and index 821.
2026-06-06 02:10:52 - __main__ - INFO - Accuracy is 0.788160185722577 and auroc is 0.7582763393243315 with PRLVTEQDIMCSWAYKGFNH encoding and index 822.
2026-06-06 02:11:09 - __main__ - INFO - Accuracy is 0.7817759721416134 and auroc is 0.7535570679547172 with IMSDCPTQLENYFARHKGWV encoding and index 823.
2026-06-06 02:11:26 - __main__ - INFO - Accuracy is 0.771329077190946 and auroc is 0.7365083949315094 with TVSMYALDRIWKFNGHEPQC encoding and index 824.
2026-06-06 02:11:44 - __main__ - INFO - Accuracy is 0.7887405687753918 and auroc is 0.756318173066459 with MHTPYWVNCSKDQIFLRGAE encoding and index 825.
2026-06-06 02:12:01 - __main__ - INFO - Accuracy is 0.779454439930354 and auroc is 0.7442545574279169 with MFHKGWCIRPLTDEAYSNQV encoding and index 826.
2026-06-06 02:12:18 - __main__ - INFO - Accuracy is 0.7765525246662798 and auroc is 0.7418059776042147 with VDMAHKSTNIPYFCREWGQL encoding and index 827.
2026-06-06 02:12:36 - __main__ - INFO - Accuracy is 0.7661056297156124 and auroc is 0.7314333470063147 with IDYQNTLAKWFHVPSGRMEC encoding and index 828.
2026-06-06 02:12:53 - __main__ - INFO - Accuracy is 0.7736506094022054 and auroc is 0.741582745255615 with PNQLEYFIKRGVCDMTHASW encoding and index 829.
2026-06-06 02:13:11 - __main__ - INFO - Accuracy is 0.7811955890887986 and auroc is 0.7515096087574051 with FRTCHQINDKYGMASVWLEP encoding and index 830.
2026-06-06 02:13:28 - __main__ - INFO - Accuracy is 0.779454439930354 and auroc is 0.746034835407999 with HTRWPMVFIGNQSDKAECLY encoding and index 831.
2026-06-06 02:13:45 - __main__ - INFO - Accuracy is 0.7782936738247244 and auroc is 0.7437201949934564 with WMKPTGHQVNADRLYEICSF encoding and index 832.
2026-06-06 02:14:02 - __main__ - INFO - Accuracy is 0.7771329077190946 and auroc is 0.7442985062965476 with TCSQKMWVAEHPFRDGNIYL encoding and index 833.
2026-06-06 02:14:20 - __main__ - INFO - Accuracy is 0.7823563551944284 and auroc is 0.7444777897765165 with VTLPCKSGDFQWNMIYHERA encoding and index 834.
2026-06-06 02:14:37 - __main__ - INFO - Accuracy is 0.7788740568775392 and auroc is 0.749328210150933 with TYDMSPVEKRGHIWFNQCLA encoding and index 835.
2026-06-06 02:14:54 - __main__ - INFO - Accuracy is 0.787579802669762 and auroc is 0.75689648436955 with PLWTARQKIHYCFSNVGEDM encoding and index 836.
2026-06-06 02:15:11 - __main__ - INFO - Accuracy is 0.7777132907719094 and auroc is 0.7452332917563084 with KEWDARMINYGCPFLQVSHT encoding and index 837.
2026-06-06 02:15:29 - __main__ - INFO - Accuracy is 0.7788740568775392 and auroc is 0.7439873762106867 with VKCYSADIFPLNRWHTGEQM encoding and index 838.
2026-06-06 02:15:46 - __main__ - INFO - Accuracy is 0.771329077190946 and auroc is 0.739401346649143 with GKSPLMITHFENQCYARWVD encoding and index 839.
2026-06-06 02:16:03 - __main__ - INFO - Accuracy is 0.779454439930354 and auroc is 0.7498179261156734 with PYSTMKVHEQAGNRWLIDFC encoding and index 840.
2026-06-06 02:16:20 - __main__ - INFO - Accuracy is 0.7777132907719094 and auroc is 0.7467910349888802 with STAQVYWPREKCMHGDLNIF encoding and index 841.
2026-06-06 02:16:37 - __main__ - INFO - Accuracy is 0.7823563551944284 and auroc is 0.7524890406868859 with KLSPCDTQMEWVHANIYGRF encoding and index 842.
2026-06-06 02:16:55 - __main__ - INFO - Accuracy is 0.7788740568775392 and auroc is 0.7517760923735457 with VGCQLFWTKSDANPRIMHEY encoding and index 843.
2026-06-06 02:17:12 - __main__ - INFO - Accuracy is 0.7806152060359838 and auroc is 0.7490170800650723 with SVDCNAILRYWQEPKMHTFG encoding and index 844.
2026-06-06 02:17:29 - __main__ - INFO - Accuracy is 0.7771329077190946 and auroc is 0.7474139927616911 with QWIEFRYNLSKVAGCTPMHD encoding and index 845.
2026-06-06 02:17:46 - __main__ - INFO - Accuracy is 0.7742309924550204 and auroc is 0.741627391725335 with DTFCEQAGSYVPLWIRKMNH encoding and index 846.
2026-06-06 02:18:04 - __main__ - INFO - Accuracy is 0.7840975043528728 and auroc is 0.7519553758535149 with HGVQTWDRMLYIFEKNSAPC encoding and index 847.
2026-06-06 02:18:21 - __main__ - INFO - Accuracy is 0.77539175856065 and auroc is 0.7410490804222439 with HSYLPGKFDIVNMWEQCART encoding and index 848.
2026-06-06 02:18:39 - __main__ - INFO - Accuracy is 0.7614625652930934 and auroc is 0.7306311057535347 with AEMTIWFQPKNDRVHSYGCL encoding and index 849.
2026-06-06 02:18:56 - __main__ - INFO - Accuracy is 0.763203714451538 and auroc is 0.7298749061726534 with CRKVENYISQGLDMHPWTAF encoding and index 850.
2026-06-06 02:19:13 - __main__ - INFO - Accuracy is 0.779454439930354 and auroc is 0.7482601828831016 with FAWRDTKCNGVMYPISHLQE encoding and index 851.
2026-06-06 02:19:30 - __main__ - INFO - Accuracy is 0.7765525246662798 and auroc is 0.7435862555842968 with AEDCFPGQIMHVTRNKLYWS encoding and index 852.
2026-06-06 02:19:47 - __main__ - INFO - Accuracy is 0.7759721416134648 and auroc is 0.7457669565896795 with VHRTEMALPQSFYGCKNDIW encoding and index 853.
2026-06-06 02:20:04 - __main__ - INFO - Accuracy is 0.779454439930354 and auroc is 0.747815113388081 with NCHLQIWDYASPTRVGEFMK encoding and index 854.
2026-06-06 02:20:22 - __main__ - INFO - Accuracy is 0.7817759721416134 and auroc is 0.7524443942171661 with ECWYHMNVAPKQTSRIDGLF encoding and index 855.
2026-06-06 02:20:39 - __main__ - INFO - Accuracy is 0.7887405687753918 and auroc is 0.7565407078139694 with GHVEQWMIRTLFYPANCKDS encoding and index 856.
2026-06-06 02:20:56 - __main__ - INFO - Accuracy is 0.7846778874056878 and auroc is 0.7488845358580912 with FQLYEDHATVRWINGSMKPC encoding and index 857.
2026-06-06 02:21:13 - __main__ - INFO - Accuracy is 0.7904817179338364 and auroc is 0.7595675989407624 with PSEHIAWRFQYNKCVLMGDT encoding and index 858.
2026-06-06 02:21:30 - __main__ - INFO - Accuracy is 0.7829367382472432 and auroc is 0.745857644731298 with CRAVTFMDLYPGISNQHKEW encoding and index 859.
2026-06-06 02:21:48 - __main__ - INFO - Accuracy is 0.7695879280325014 and auroc is 0.7363744555223497 with RCAHKSQIYMTPLDGFEWNV encoding and index 860.
2026-06-06 02:22:05 - __main__ - INFO - Accuracy is 0.7707486941381312 and auroc is 0.7395792349269333 with WHFMEIDVLPTKYGSANRCQ encoding and index 861.
2026-06-06 02:22:22 - __main__ - INFO - Accuracy is 0.7817759721416134 and auroc is 0.7499965119945531 with QTIWDSRNCHMFEKLAVGYP encoding and index 862.
2026-06-06 02:22:39 - __main__ - INFO - Accuracy is 0.7806152060359838 and auroc is 0.748794545317562 with LITMFGQHWENKVCYPSRAD encoding and index 863.
2026-06-06 02:22:57 - __main__ - INFO - Accuracy is 0.7817759721416134 and auroc is 0.7477711645194506 with NEYKPRDQIWSFMCVTGAHL encoding and index 864.
2026-06-06 02:23:14 - __main__ - INFO - Accuracy is 0.7846778874056878 and auroc is 0.7557831130309093 with LPCVIMRYEAQTFWGKNSDH encoding and index 865.
2026-06-06 02:23:31 - __main__ - INFO - Accuracy is 0.7771329077190946 and auroc is 0.7467463885191604 with CPLKVWFMDQESRATGIYNH encoding and index 866.
2026-06-06 02:23:48 - __main__ - INFO - Accuracy is 0.7800348229831688 and auroc is 0.7494175030903728 with GHSEQNCVRFTLYWDMIAKP encoding and index 867.
2026-06-06 02:24:06 - __main__ - INFO - Accuracy is 0.7788740568775392 and auroc is 0.7473253974233405 with ESDAFVKHMRITWLQPGNCY encoding and index 868.
2026-06-06 02:24:23 - __main__ - INFO - Accuracy is 0.779454439930354 and auroc is 0.7482601828831016 with RIHECKMGDPASLVWNYFQT encoding and index 869.
2026-06-06 02:24:40 - __main__ - INFO - Accuracy is 0.7858386535113174 and auroc is 0.7511991762726337 with YMFHVAPQEDLCSKGIRWNT encoding and index 870.
2026-06-06 02:24:57 - __main__ - INFO - Accuracy is 0.7823563551944284 and auroc is 0.754269318666968 with QFTYPDAIVLGWEKSCMNRH encoding and index 871.
2026-06-06 02:25:14 - __main__ - INFO - Accuracy is 0.7811955890887986 and auroc is 0.7503969350198537 with FWRYANVSIEHLDQKTCMPG encoding and index 872.
2026-06-06 02:25:31 - __main__ - INFO - Accuracy is 0.7817759721416134 and auroc is 0.7486613035094916 with ELMCDKRQPAFHWTNGSIYV encoding and index 873.
2026-06-06 02:25:49 - __main__ - INFO - Accuracy is 0.7788740568775392 and auroc is 0.7466577931808098 with RHLTIWPNAQEMVFKDCYGS encoding and index 874.
2026-06-06 02:26:06 - __main__ - INFO - Accuracy is 0.7678467788740568 and auroc is 0.7355729118706591 with STGLVWNRIQCEPFDKAHYM encoding and index 875.
2026-06-06 02:26:23 - __main__ - INFO - Accuracy is 0.7782936738247244 and auroc is 0.7448328687310078 with YWIKVTPRSEMHQFCALNGD encoding and index 876.
2026-06-06 02:26:40 - __main__ - INFO - Accuracy is 0.7782936738247244 and auroc is 0.7437201949934564 with RKNDIYCMTQFHVLEGPWAS encoding and index 877.
2026-06-06 02:26:58 - __main__ - INFO - Accuracy is 0.7759721416134648 and auroc is 0.7477697693172719 with TAIVQSFKYRMGWLEDPHNC encoding and index 878.
2026-06-06 02:27:15 - __main__ - INFO - Accuracy is 0.7771329077190946 and auroc is 0.7429632978114858 with LHTIRGVMFWDNYQCSKPAE encoding and index 879.
2026-06-06 02:27:32 - __main__ - INFO - Accuracy is 0.779454439930354 and auroc is 0.7489277871256323 with LNYKCQRHVFGDSEMIWTAP encoding and index 880.
2026-06-06 02:27:49 - __main__ - INFO - Accuracy is 0.7690075449796866 and auroc is 0.7374424827901811 with RGKVYMIECLTHNPQWDSFA encoding and index 881.
2026-06-06 02:28:07 - __main__ - INFO - Accuracy is 0.7678467788740568 and auroc is 0.7386883983358028 with QFSRDWEHLPICMNGAYVTK encoding and index 882.
2026-06-06 02:28:24 - __main__ - INFO - Accuracy is 0.7939640162507254 and auroc is 0.7662889854368795 with WPESDNLMHRVGQTFAYICK encoding and index 883.
2026-06-06 02:28:41 - __main__ - INFO - Accuracy is 0.779454439930354 and auroc is 0.7444770921754271 with FCHWARTYMNGLPDEIKSQV encoding and index 884.
2026-06-06 02:28:59 - __main__ - INFO - Accuracy is 0.7858386535113174 and auroc is 0.753201989000226 with VYEPQIMLHADTGNKCWRSF encoding and index 885.
2026-06-06 02:29:16 - __main__ - INFO - Accuracy is 0.7742309924550204 and auroc is 0.7394020442502325 with GFSWVYHDMQLNRPIEKATC encoding and index 886.
2026-06-06 02:29:33 - __main__ - INFO - Accuracy is 0.7701683110853164 and auroc is 0.7375317757296209 with MIPECQGVSDHTNAWKRFLY encoding and index 887.
2026-06-06 02:29:50 - __main__ - INFO - Accuracy is 0.779454439930354 and auroc is 0.7473700438930606 with TVFGKDHMEWNACYPLRISQ encoding and index 888.
2026-06-06 02:30:07 - __main__ - INFO - Accuracy is 0.7684271619268718 and auroc is 0.7387330448055227 with WYANDEVQTFHGSPCRIKLM encoding and index 889.
2026-06-06 02:30:24 - __main__ - INFO - Accuracy is 0.7719094602437608 and auroc is 0.7392234583713526 with FCVGWSAMNLYHQPTKIERD encoding and index 890.
2026-06-06 02:30:42 - __main__ - INFO - Accuracy is 0.7846778874056878 and auroc is 0.7544479045458478 with FASIPGKWQTCHMEYDVRNL encoding and index 891.
2026-06-06 02:30:59 - __main__ - INFO - Accuracy is 0.7701683110853164 and auroc is 0.7361965672445594 with TQFMWEAYHRINSVDCKPGL encoding and index 892.
2026-06-06 02:31:16 - __main__ - INFO - Accuracy is 0.7736506094022054 and auroc is 0.740692606265574 with TIPQLNAEKDVHGSCYMRFW encoding and index 893.
2026-06-06 02:31:33 - __main__ - INFO - Accuracy is 0.7858386535113174 and auroc is 0.7536470584952466 with MYCSDPVNLITQREKAGFHW encoding and index 894.
2026-06-06 02:31:50 - __main__ - INFO - Accuracy is 0.7782936738247244 and auroc is 0.7455004729735386 with LEFRNGSTCQMWDHPIKAVY encoding and index 895.
2026-06-06 02:32:07 - __main__ - INFO - Accuracy is 0.7928032501450958 and auroc is 0.7633067407798064 with EKNYRGPMDSLHCWTVAIQF encoding and index 896.
2026-06-06 02:32:26 - __main__ - INFO - Accuracy is 0.7759721416134648 and auroc is 0.7475472345697616 with FLTWNGECMPDHSKIQRVAY encoding and index 897.
2026-06-06 02:32:43 - __main__ - INFO - Accuracy is 0.7777132907719094 and auroc is 0.7463459654938596 with GPETCVNLKRDSHYFAQWMI encoding and index 898.
2026-06-06 02:33:00 - __main__ - INFO - Accuracy is 0.7690075449796866 and auroc is 0.7390002260227528 with LAGYIKRCSEMPVHDFQWTN encoding and index 899.
2026-06-06 02:33:17 - __main__ - INFO - Accuracy is 0.7695879280325014 and auroc is 0.7321462953196547 with RGNCDFQMYKSTIEWAHLPV encoding and index 900.
2026-06-06 02:33:35 - __main__ - INFO - Accuracy is 0.7840975043528728 and auroc is 0.7526229800960458 with TVDQFIRSWKYHLCEAPNMG encoding and index 901.
2026-06-06 02:33:52 - __main__ - INFO - Accuracy is 0.7846778874056878 and auroc is 0.7553380435358887 with GSCAPEQYTRKLMWFNHIVD encoding and index 902.
2026-06-06 02:34:09 - __main__ - INFO - Accuracy is 0.77539175856065 and auroc is 0.7437194973923671 with LWNRVPMAQEDYGSCIHKTF encoding and index 903.
2026-06-06 02:34:27 - __main__ - INFO - Accuracy is 0.7858386535113174 and auroc is 0.7554273364753287 with DRHMGCTWAQLPFNYSEKIV encoding and index 904.
2026-06-06 02:34:44 - __main__ - INFO - Accuracy is 0.7817759721416134 and auroc is 0.7446556780543069 with VRGCADQWLIPFESTYNMHK encoding and index 905.
2026-06-06 02:35:01 - __main__ - INFO - Accuracy is 0.7782936738247244 and auroc is 0.7470582162061103 with WQLEMPCGTSYVIAFRKHDN encoding and index 906.
2026-06-06 02:35:18 - __main__ - INFO - Accuracy is 0.7910621009866512 and auroc is 0.7587221064204415 with PSNGMCEDHLVYAIWKQFRT encoding and index 907.
2026-06-06 02:35:35 - __main__ - INFO - Accuracy is 0.7823563551944284 and auroc is 0.7520439711918654 with LVHYWIFQSNRKEACPTGMD encoding and index 908.
2026-06-06 02:35:53 - __main__ - INFO - Accuracy is 0.787579802669762 and auroc is 0.7564514148745294 with MTDQWVPSHCGELIKYFNAR encoding and index 909.
2026-06-06 02:36:10 - __main__ - INFO - Accuracy is 0.7765525246662798 and auroc is 0.7458116030593993 with EPWFMHIACQVGKTRLDNYS encoding and index 910.
2026-06-06 02:36:27 - __main__ - INFO - Accuracy is 0.7817759721416134 and auroc is 0.7482162340144711 with PQDHYLRSAMGTEFVCIKWN encoding and index 911.
2026-06-06 02:36:44 - __main__ - INFO - Accuracy is 0.7852582704585026 and auroc is 0.748929182327811 with YHVKDLQWTRCFEGSMNIPA encoding and index 912.
2026-06-06 02:37:01 - __main__ - INFO - Accuracy is 0.7904817179338364 and auroc is 0.7629056201534165 with YIPNCKGTSVRQMEDWALFH encoding and index 913.
2026-06-06 02:37:18 - __main__ - INFO - Accuracy is 0.7748113755078352 and auroc is 0.7394466907199522 with KYRTVSENQGICWDAHFMLP encoding and index 914.
2026-06-06 02:37:36 - __main__ - INFO - Accuracy is 0.7701683110853164 and auroc is 0.7366416367395799 with DFPILKWNVGTQEHCAYRSM encoding and index 915.
2026-06-06 02:37:53 - __main__ - INFO - Accuracy is 0.7928032501450958 and auroc is 0.7650870187598885 with VITNYKEWDHCLSFQRGMAP encoding and index 916.
2026-06-06 02:38:10 - __main__ - INFO - Accuracy is 0.7817759721416134 and auroc is 0.7540021374497378 with SLEIMQYWHTFCVDGKPNRA encoding and index 917.
2026-06-06 02:38:27 - __main__ - INFO - Accuracy is 0.7765525246662798 and auroc is 0.7460341378069095 with MDYCSIQFWVKRTHANGPEL encoding and index 918.
2026-06-06 02:38:44 - __main__ - INFO - Accuracy is 0.7887405687753918 and auroc is 0.7592111247840925 with QTAPGCLYVWNIMFKHERSD encoding and index 919.
2026-06-06 02:39:02 - __main__ - INFO - Accuracy is 0.7823563551944284 and auroc is 0.7498186237167628 with WYVIPEQMAHLDGKSCRTNF encoding and index 920.
2026-06-06 02:39:19 - __main__ - INFO - Accuracy is 0.7695879280325014 and auroc is 0.7319237605721445 with HRFNTIDSPYMKQAVCGWEL encoding and index 921.
2026-06-06 02:39:36 - __main__ - INFO - Accuracy is 0.7777132907719094 and auroc is 0.7476811739789213 with KWHVIFSGCQRLETNYPADM encoding and index 922.
2026-06-06 02:39:53 - __main__ - INFO - Accuracy is 0.7904817179338364 and auroc is 0.7613478769208446 with EIDGTSHAFLCYKWRPQNMV encoding and index 923.
2026-06-06 02:40:11 - __main__ - INFO - Accuracy is 0.7724898432965758 and auroc is 0.7412709175686648 with CQRAYTIWSEVHDGFKMNPL encoding and index 924.
2026-06-06 02:40:28 - __main__ - INFO - Accuracy is 0.7840975043528728 and auroc is 0.7566286055512305 with TLEPWRNFGIYVKHADSCMQ encoding and index 925.
2026-06-06 02:40:45 - __main__ - INFO - Accuracy is 0.7823563551944284 and auroc is 0.7495960889692524 with VHMNEPQYTIFCRLKDAWSG encoding and index 926.
2026-06-06 02:41:02 - __main__ - INFO - Accuracy is 0.7748113755078352 and auroc is 0.7418945729425652 with LRPKHSWQMNCYIGAETFDV encoding and index 927.
2026-06-06 02:41:19 - __main__ - INFO - Accuracy is 0.7788740568775392 and auroc is 0.7488831406559125 with FDWAPGYLNQMCVKTHRISE encoding and index 928.
2026-06-06 02:41:37 - __main__ - INFO - Accuracy is 0.7730702263493906 and auroc is 0.739757820805813 with GLYTEHDAKQVPFWNICSMR encoding and index 929.
2026-06-06 02:41:54 - __main__ - INFO - Accuracy is 0.7777132907719094 and auroc is 0.739892457816062 with IEQGWTFNSVLKADHPCYRM encoding and index 930.
2026-06-06 02:42:11 - __main__ - INFO - Accuracy is 0.779454439930354 and auroc is 0.7449221616704478 with MVPGIQELNHRKTCAWFYSD encoding and index 931.
2026-06-06 02:42:29 - __main__ - INFO - Accuracy is 0.7724898432965758 and auroc is 0.743941334538788 with DNWIVHYTGRCLQFESMAKP encoding and index 932.
2026-06-06 02:42:46 - __main__ - INFO - Accuracy is 0.787579802669762 and auroc is 0.7588992970971423 with HYTKENVPIRDWCQFSLAMG encoding and index 933.
2026-06-06 02:43:03 - __main__ - INFO - Accuracy is 0.7771329077190946 and auroc is 0.7422956935689551 with GPFKMEVSYRWCNQDAHLIT encoding and index 934.
2026-06-06 02:43:21 - __main__ - INFO - Accuracy is 0.7719094602437608 and auroc is 0.7376657151387808 with ITGPVDMNLYFKCSQAWRHE encoding and index 935.
2026-06-06 02:43:38 - __main__ - INFO - Accuracy is 0.7840975043528728 and auroc is 0.7510652368634738 with PQACRMNYGVIFKEHWTLSD encoding and index 936.
2026-06-06 02:43:55 - __main__ - INFO - Accuracy is 0.7811955890887986 and auroc is 0.7490617265347923 with AMDWFIHNREGVSQCLYTKP encoding and index 937.
2026-06-06 02:44:12 - __main__ - INFO - Accuracy is 0.7869994196169472 and auroc is 0.7548490251722376 with GKTAENHCVFIDWMRLPQYS encoding and index 938.
2026-06-06 02:44:30 - __main__ - INFO - Accuracy is 0.7701683110853164 and auroc is 0.7373092409821107 with TYFIWKGRSLVNCHQDPEMA encoding and index 939.
2026-06-06 02:44:47 - __main__ - INFO - Accuracy is 0.7806152060359838 and auroc is 0.7467917325899696 with HNWSPEGFDIKYCRALQTMV encoding and index 940.
2026-06-06 02:45:04 - __main__ - INFO - Accuracy is 0.7864190365641324 and auroc is 0.7563621219350896 with QLNDFICEWYRSTHGVPAMK encoding and index 941.
2026-06-06 02:45:21 - __main__ - INFO - Accuracy is 0.7840975043528728 and auroc is 0.7519553758535149 with WRDCYINHVQPFLAKESGMT encoding and index 942.
2026-06-06 02:45:39 - __main__ - INFO - Accuracy is 0.7719094602437608 and auroc is 0.740336132108904 with IATLFESVPRGMCKWYHDNQ encoding and index 943.
2026-06-06 02:45:56 - __main__ - INFO - Accuracy is 0.7974463145676146 and auroc is 0.7627737735475248 with KRPGHSETDLIFNYWMCVAQ encoding and index 944.
2026-06-06 02:46:13 - __main__ - INFO - Accuracy is 0.7858386535113174 and auroc is 0.7520893152626748 with DARIGHYLWSMNECTVQPKF encoding and index 945.
2026-06-06 02:46:31 - __main__ - INFO - Accuracy is 0.7730702263493906 and auroc is 0.7422057030284259 with YDMQNSHWTVPAERGKLCFI encoding and index 946.
2026-06-06 02:46:48 - __main__ - INFO - Accuracy is 0.7811955890887986 and auroc is 0.7528448172424665 with GFKIEATPRDMCVSLWNHYQ encoding and index 947.
2026-06-06 02:47:06 - __main__ - INFO - Accuracy is 0.7840975043528728 and auroc is 0.7521779106010251 with ESWHYVMCKNRFIPAGDQTL encoding and index 948.
2026-06-06 02:47:23 - __main__ - INFO - Accuracy is 0.7858386535113174 and auroc is 0.7520893152626748 with PSQMRVELIFNYTKWCADHG encoding and index 949.
2026-06-06 02:47:40 - __main__ - INFO - Accuracy is 0.7788740568775392 and auroc is 0.7508859533835048 with YCWKTGNAQDLSERVHFPMI encoding and index 950.
2026-06-06 02:47:57 - __main__ - INFO - Accuracy is 0.7730702263493906 and auroc is 0.7373099385832 with DVHTASEKLYMQPNIGCFWR encoding and index 951.
2026-06-06 02:48:15 - __main__ - INFO - Accuracy is 0.7759721416134648 and auroc is 0.7488824430548231 with CIRQNDKWTVFSHYEALPGM encoding and index 952.
2026-06-06 02:48:32 - __main__ - INFO - Accuracy is 0.7765525246662798 and auroc is 0.7455890683118891 with KYFCAWREPVNLGSDIQMHT encoding and index 953.
2026-06-06 02:48:50 - __main__ - INFO - Accuracy is 0.7695879280325014 and auroc is 0.734816712289778 with MKYHNRTLPQIWVACDGFES encoding and index 954.
2026-06-06 02:49:07 - __main__ - INFO - Accuracy is 0.7724898432965758 and auroc is 0.7410483828211547 with NDHIARPMFCTKWGLVSYQE encoding and index 955.
2026-06-06 02:49:24 - __main__ - INFO - Accuracy is 0.771329077190946 and auroc is 0.7340605127088966 with KQMYFDVGIREATSCPHWNL encoding and index 956.
2026-06-06 02:49:41 - __main__ - INFO - Accuracy is 0.7846778874056878 and auroc is 0.7493296053531118 with LFTWMVDPQRICAEYKSGNH encoding and index 957.
2026-06-06 02:49:59 - __main__ - INFO - Accuracy is 0.7748113755078352 and auroc is 0.7425621771850959 with CPSFQDMHVIENTGLRYAKW encoding and index 958.
2026-06-06 02:50:16 - __main__ - INFO - Accuracy is 0.77539175856065 and auroc is 0.7450547058774287 with LNTKFPICEQDVGWMAYSRH encoding and index 959.
2026-06-06 02:50:33 - __main__ - INFO - Accuracy is 0.7817759721416134 and auroc is 0.7504415814895736 with KRYNSWDMHVILCAQEGPFT encoding and index 960.
2026-06-06 02:50:51 - __main__ - INFO - Accuracy is 0.7829367382472432 and auroc is 0.7507534091765237 with LNQSTARDPWICHYMEFGKV encoding and index 961.
2026-06-06 02:51:08 - __main__ - INFO - Accuracy is 0.7829367382472432 and auroc is 0.7507534091765237 with GVWPTKADEYSLFNHCRIMQ encoding and index 962.
2026-06-06 02:51:25 - __main__ - INFO - Accuracy is 0.7806152060359838 and auroc is 0.7476818715800106 with APTSKWGIDCMQNHRFVYLE encoding and index 963.
2026-06-06 02:51:42 - __main__ - INFO - Accuracy is 0.7730702263493906 and auroc is 0.7388676818157719 with IWFDRPTCAGMESYQHVLNK encoding and index 964.
2026-06-06 02:52:00 - __main__ - INFO - Accuracy is 0.77539175856065 and auroc is 0.7414941499172645 with TPQLGIFNDEWRAHCVYSKM encoding and index 965.
2026-06-06 02:52:17 - __main__ - INFO - Accuracy is 0.7811955890887986 and auroc is 0.7461687748171587 with KRIAEYFSWVNTGHMQCLPD encoding and index 966.
2026-06-06 02:52:34 - __main__ - INFO - Accuracy is 0.788160185722577 and auroc is 0.7560509918492291 with DPYERTFLMAKQSIHCGVWN encoding and index 967.
2026-06-06 02:52:51 - __main__ - INFO - Accuracy is 0.779454439930354 and auroc is 0.7438094879328964 with LMCDGEPTFIYASRQVHKNW encoding and index 968.
2026-06-06 02:53:09 - __main__ - INFO - Accuracy is 0.7626233313987232 and auroc is 0.7287175859653823 with NIKDGFYMPEAQSVHRTWCL encoding and index 969.
2026-06-06 02:53:26 - __main__ - INFO - Accuracy is 0.7806152060359838 and auroc is 0.7543579140053185 with QRNMCWAITVGKDHPFLSYE encoding and index 970.
2026-06-06 02:53:43 - __main__ - INFO - Accuracy is 0.7817759721416134 and auroc is 0.7508866509845942 with DESMFLQVRHWAPCGNYKIT encoding and index 971.
2026-06-06 02:54:00 - __main__ - INFO - Accuracy is 0.7788740568775392 and auroc is 0.7504408838884842 with NLHARQTGVEDCIWKSPFMY encoding and index 972.
2026-06-06 02:54:18 - __main__ - INFO - Accuracy is 0.7811955890887986 and auroc is 0.7477265180497306 with DIVAMCWSHRGQFLPEYKTN encoding and index 973.
2026-06-06 02:54:35 - __main__ - INFO - Accuracy is 0.7748113755078352 and auroc is 0.741672038195055 with TPKHEIGMVRQWDLSFCNAY encoding and index 974.
2026-06-06 02:54:52 - __main__ - INFO - Accuracy is 0.7800348229831688 and auroc is 0.74696962086776 with KCLTWDPASINFYEHMGRQV encoding and index 975.
2026-06-06 02:55:09 - __main__ - INFO - Accuracy is 0.7759721416134648 and auroc is 0.7462120260846998 with QMWILKTESGRNHDVFYCPA encoding and index 976.
2026-06-06 02:55:26 - __main__ - INFO - Accuracy is 0.7858386535113174 and auroc is 0.7527569195052055 with HDEAPIVFNMYGCSRKQTWL encoding and index 977.
2026-06-06 02:55:44 - __main__ - INFO - Accuracy is 0.7910621009866512 and auroc is 0.755829154702808 with WGNYKEACSPIFVMLRHDQT encoding and index 978.
2026-06-06 02:56:01 - __main__ - INFO - Accuracy is 0.7782936738247244 and auroc is 0.7468356814586001 with GINRLSDACFWPYKEQHMVT encoding and index 979.
2026-06-06 02:56:18 - __main__ - INFO - Accuracy is 0.7840975043528728 and auroc is 0.7535131190860868 with HKNMWFEDGYACLRIVPTSQ encoding and index 980.
2026-06-06 02:56:36 - __main__ - INFO - Accuracy is 0.7759721416134648 and auroc is 0.7435416091145768 with PAKSILYCQRFGDNTEWHVM encoding and index 981.
2026-06-06 02:56:53 - __main__ - INFO - Accuracy is 0.7759721416134648 and auroc is 0.745321887094659 with SPEAQVFHLRNYKGWMTCID encoding and index 982.
2026-06-06 02:57:11 - __main__ - INFO - Accuracy is 0.7701683110853164 and auroc is 0.738421914719662 with ELQPFIKDAVSNRMGYTHWC encoding and index 983.
2026-06-06 02:57:28 - __main__ - INFO - Accuracy is 0.7777132907719094 and auroc is 0.7490163824639828 with MFYGTPEKHINWSLAQRVDC encoding and index 984.
2026-06-06 02:57:45 - __main__ - INFO - Accuracy is 0.7811955890887986 and auroc is 0.7530673519899768 with DIMQWFRTKNVLESAGPCYH encoding and index 985.
2026-06-06 02:58:02 - __main__ - INFO - Accuracy is 0.7823563551944284 and auroc is 0.7493735542217423 with MKTYDLPAERIFHVGNCQSW encoding and index 986.
2026-06-06 02:58:19 - __main__ - INFO - Accuracy is 0.7759721416134648 and auroc is 0.741093726891964 with HKSFCWANPVQDRETGMLIY encoding and index 987.
2026-06-06 02:58:36 - __main__ - INFO - Accuracy is 0.7823563551944284 and auroc is 0.7540467839194578 with NASTFDMCGHRQYWVPLKEI encoding and index 988.
2026-06-06 02:58:54 - __main__ - INFO - Accuracy is 0.783517121300058 and auroc is 0.7494628471611823 with DREWKPIMVCNQTAHFSGYL encoding and index 989.
2026-06-06 02:59:12 - __main__ - INFO - Accuracy is 0.7840975043528728 and auroc is 0.7481722851458404 with EDNYPLIGQHMRKFVCSWAT encoding and index 990.
2026-06-06 02:59:29 - __main__ - INFO - Accuracy is 0.7695879280325014 and auroc is 0.7385998029974523 with SHMPIDVWKFQYENLCGATR encoding and index 991.
2026-06-06 02:59:46 - __main__ - INFO - Accuracy is 0.7730702263493906 and auroc is 0.7428733072709566 with PAFCEQHTGDWKYSIVRMLN encoding and index 992.
2026-06-06 03:00:03 - __main__ - INFO - Accuracy is 0.7782936738247244 and auroc is 0.7452779382260284 with NGFCAHSYRVPKQLDIMWET encoding and index 993.
2026-06-06 03:00:21 - __main__ - INFO - Accuracy is 0.7852582704585026 and auroc is 0.7529348077829958 with PLRKDYMWTEHAFNSGVICQ encoding and index 994.
2026-06-06 03:00:38 - __main__ - INFO - Accuracy is 0.7690075449796866 and auroc is 0.733881926830017 with CSIWRDMVTKEPFQHAYNGL encoding and index 995.
2026-06-06 03:00:56 - __main__ - INFO - Accuracy is 0.7811955890887986 and auroc is 0.7532898867374871 with NYPVETCWIMDGAKHQFLSR encoding and index 996.
2026-06-06 03:01:13 - __main__ - INFO - Accuracy is 0.7695879280325014 and auroc is 0.7368195250173702 with RNPDEASWTCKIYFVMQLGH encoding and index 997.
2026-06-06 03:01:30 - __main__ - INFO - Accuracy is 0.7852582704585026 and auroc is 0.7507094603078932 with IKQDPCGELRVMYTSWAFNH encoding and index 998.
2026-06-06 03:01:47 - __main__ - INFO - Accuracy is 0.77539175856065 and auroc is 0.7392688024421619 with IHSFPDMRQTWYELNVKCGA encoding and index 999.
