2026-06-07 00:38:32 - __main__ - INFO - Filename: cnn_random_encoding_search.py started.
2026-06-07 00:38:37 - __main__ - INFO - Input matrix with WCYKMVHQFDGRLITNEASP encoding is generated.
2026-06-07 00:42:52 - __main__ - INFO - Filename: cnn_random_encoding_search.py started.
2026-06-07 00:42:58 - __main__ - INFO - Input matrix with WCYKMVHQFDGRLITNEASP encoding is generated.
2026-06-07 00:45:58 - __main__ - INFO - Filename: cnn_random_encoding_search.py started.
2026-06-07 00:46:04 - __main__ - INFO - Input matrix with WCYKMVHQFDGRLITNEASP encoding is generated.
2026-06-07 00:47:59 - __main__ - INFO - WCYKMVHQFDGRLITNEASP encoding is done for multiclass task with:
	-custom
		-f1: 0.4312219222188979
		-auroc: 0.8069133593857398
	-resnet
		-f1: 0.3734172567549109
		-auroc: 0.7258748724259556
2026-06-07 00:47:59 - __main__ - INFO - Input matrix with WCYKMVHQFDGRLITNEASP encoding is removed.

2026-06-07 00:48:05 - __main__ - INFO - Input matrix with ETHMDRFVICQAYWLSKPNG encoding is generated.
2026-06-07 00:49:59 - __main__ - INFO - ETHMDRFVICQAYWLSKPNG encoding is done for multiclass task with:
	-custom
		-f1: 0.4408799390097844
		-auroc: 0.7949577670464815
	-resnet
		-f1: 0.4206489313557148
		-auroc: 0.7503970759342965
2026-06-07 00:49:59 - __main__ - INFO - Input matrix with ETHMDRFVICQAYWLSKPNG encoding is removed.

2026-06-07 00:50:05 - __main__ - INFO - Input matrix with PFWALGEMCVITRDNHYQSK encoding is generated.
2026-06-07 00:52:00 - __main__ - INFO - PFWALGEMCVITRDNHYQSK encoding is done for multiclass task with:
	-custom
		-f1: 0.4397259634778502
		-auroc: 0.7964697782758907
	-resnet
		-f1: 0.4273237716356819
		-auroc: 0.7423446893292887
2026-06-07 00:52:00 - __main__ - INFO - Input matrix with PFWALGEMCVITRDNHYQSK encoding is removed.

2026-06-07 00:52:05 - __main__ - INFO - Input matrix with RDCVFTHISPLNYWQGAKEM encoding is generated.
2026-06-07 00:54:00 - __main__ - INFO - RDCVFTHISPLNYWQGAKEM encoding is done for multiclass task with:
	-custom
		-f1: 0.4539136791793802
		-auroc: 0.7935309717301413
	-resnet
		-f1: 0.4107558102816723
		-auroc: 0.7548898855167908
2026-06-07 00:54:00 - __main__ - INFO - Input matrix with RDCVFTHISPLNYWQGAKEM encoding is removed.

2026-06-07 00:54:06 - __main__ - INFO - Input matrix with YEWHQFAVPNSMLDTIKCGR encoding is generated.
2026-06-07 00:56:00 - __main__ - INFO - YEWHQFAVPNSMLDTIKCGR encoding is done for multiclass task with:
	-custom
		-f1: 0.42119885110356037
		-auroc: 0.7890051405179738
	-resnet
		-f1: 0.36936964289292107
		-auroc: 0.7135835783611677
2026-06-07 00:56:00 - __main__ - INFO - Input matrix with YEWHQFAVPNSMLDTIKCGR encoding is removed.

2026-06-07 00:56:06 - __main__ - INFO - Input matrix with DGVYPCNMQWIFKLATHSRE encoding is generated.
2026-06-07 00:57:59 - __main__ - INFO - DGVYPCNMQWIFKLATHSRE encoding is done for multiclass task with:
	-custom
		-f1: 0.4131813964758885
		-auroc: 0.7944074440580787
	-resnet
		-f1: 0.37844792499964913
		-auroc: 0.7234796096581506
2026-06-07 00:57:59 - __main__ - INFO - Input matrix with DGVYPCNMQWIFKLATHSRE encoding is removed.

2026-06-07 00:58:05 - __main__ - INFO - Input matrix with VIGHKDSRFNPCWATQYELM encoding is generated.
2026-06-07 00:59:54 - __main__ - INFO - VIGHKDSRFNPCWATQYELM encoding is done for multiclass task with:
	-custom
		-f1: 0.4451790994772512
		-auroc: 0.7980449934763987
	-resnet
		-f1: 0.32728760323529144
		-auroc: 0.7272638623767845
2026-06-07 00:59:54 - __main__ - INFO - Input matrix with VIGHKDSRFNPCWATQYELM encoding is removed.

2026-06-07 01:00:00 - __main__ - INFO - Input matrix with CVDGNAWHQYMRKTLPIEFS encoding is generated.
2026-06-07 01:01:52 - __main__ - INFO - CVDGNAWHQYMRKTLPIEFS encoding is done for multiclass task with:
	-custom
		-f1: 0.4548816550886903
		-auroc: 0.794629614954822
	-resnet
		-f1: 0.35485307927947096
		-auroc: 0.7313924711337999
2026-06-07 01:01:52 - __main__ - INFO - Input matrix with CVDGNAWHQYMRKTLPIEFS encoding is removed.

2026-06-07 01:01:58 - __main__ - INFO - Input matrix with INHSWFPDQCTARYKMGLVE encoding is generated.
2026-06-07 01:03:50 - __main__ - INFO - INHSWFPDQCTARYKMGLVE encoding is done for multiclass task with:
	-custom
		-f1: 0.43268444354799945
		-auroc: 0.7875680695603172
	-resnet
		-f1: 0.36188192703147204
		-auroc: 0.6967736467140165
2026-06-07 01:03:50 - __main__ - INFO - Input matrix with INHSWFPDQCTARYKMGLVE encoding is removed.

2026-06-07 01:03:56 - __main__ - INFO - Input matrix with EHIGTSDFLMWNRAPQYVKC encoding is generated.
2026-06-07 01:05:47 - __main__ - INFO - EHIGTSDFLMWNRAPQYVKC encoding is done for multiclass task with:
	-custom
		-f1: 0.42566064348175736
		-auroc: 0.7897508433237252
	-resnet
		-f1: 0.38402785904240705
		-auroc: 0.722785967246548
2026-06-07 01:05:47 - __main__ - INFO - Input matrix with EHIGTSDFLMWNRAPQYVKC encoding is removed.

2026-06-07 01:05:53 - __main__ - INFO - Input matrix with IMGHEWQDRKVTYPNCASFL encoding is generated.
2026-06-07 01:07:45 - __main__ - INFO - IMGHEWQDRKVTYPNCASFL encoding is done for multiclass task with:
	-custom
		-f1: 0.42576444641157635
		-auroc: 0.7996928456345689
	-resnet
		-f1: 0.38435264047496276
		-auroc: 0.7375279373640422
2026-06-07 01:07:45 - __main__ - INFO - Input matrix with IMGHEWQDRKVTYPNCASFL encoding is removed.

2026-06-07 01:07:50 - __main__ - INFO - Input matrix with EGMHRYSLWFNAKDICPQVT encoding is generated.
2026-06-07 01:09:41 - __main__ - INFO - EGMHRYSLWFNAKDICPQVT encoding is done for multiclass task with:
	-custom
		-f1: 0.44052289496333596
		-auroc: 0.7957014474667743
	-resnet
		-f1: 0.4640148063876691
		-auroc: 0.7668553226508721
2026-06-07 01:09:41 - __main__ - INFO - Input matrix with EGMHRYSLWFNAKDICPQVT encoding is removed.

2026-06-07 01:09:47 - __main__ - INFO - Input matrix with YQLIRTMKGFCWAPSEDVHN encoding is generated.
2026-06-07 01:11:39 - __main__ - INFO - YQLIRTMKGFCWAPSEDVHN encoding is done for multiclass task with:
	-custom
		-f1: 0.4328203391034683
		-auroc: 0.8003663701646933
	-resnet
		-f1: 0.3527952799341342
		-auroc: 0.732505714841673
2026-06-07 01:11:39 - __main__ - INFO - Input matrix with YQLIRTMKGFCWAPSEDVHN encoding is removed.

2026-06-07 01:11:44 - __main__ - INFO - Input matrix with NPACKGISRQEVLFDHYMTW encoding is generated.
2026-06-07 01:13:36 - __main__ - INFO - NPACKGISRQEVLFDHYMTW encoding is done for multiclass task with:
	-custom
		-f1: 0.4357018124634224
		-auroc: 0.7898276695773117
	-resnet
		-f1: 0.37141024840952735
		-auroc: 0.7239304821330447
2026-06-07 01:13:36 - __main__ - INFO - Input matrix with NPACKGISRQEVLFDHYMTW encoding is removed.

2026-06-07 01:13:42 - __main__ - INFO - Input matrix with YGDCFRETVLQKASWMHIPN encoding is generated.
2026-06-07 01:15:33 - __main__ - INFO - YGDCFRETVLQKASWMHIPN encoding is done for multiclass task with:
	-custom
		-f1: 0.44532632448842857
		-auroc: 0.798198788482084
	-resnet
		-f1: 0.4281187883311236
		-auroc: 0.7523711457255197
2026-06-07 01:15:33 - __main__ - INFO - Input matrix with YGDCFRETVLQKASWMHIPN encoding is removed.

2026-06-07 01:15:39 - __main__ - INFO - Input matrix with YSELFDMTQCHVRINWAGPK encoding is generated.
2026-06-07 01:17:32 - __main__ - INFO - YSELFDMTQCHVRINWAGPK encoding is done for multiclass task with:
	-custom
		-f1: 0.416380551656487
		-auroc: 0.7835417725026214
	-resnet
		-f1: 0.40000728849329026
		-auroc: 0.7356844345097006
2026-06-07 01:17:32 - __main__ - INFO - Input matrix with YSELFDMTQCHVRINWAGPK encoding is removed.

2026-06-07 01:17:38 - __main__ - INFO - Input matrix with EVTSPIHDKMAYWQFNCGRL encoding is generated.
2026-06-07 01:19:30 - __main__ - INFO - EVTSPIHDKMAYWQFNCGRL encoding is done for multiclass task with:
	-custom
		-f1: 0.42268829505423533
		-auroc: 0.7923697737433582
	-resnet
		-f1: 0.340702655407015
		-auroc: 0.7231697169374577
2026-06-07 01:19:30 - __main__ - INFO - Input matrix with EVTSPIHDKMAYWQFNCGRL encoding is removed.

2026-06-07 01:19:36 - __main__ - INFO - Input matrix with REDQGKPCMNIFWALTHYVS encoding is generated.
2026-06-07 01:21:26 - __main__ - INFO - REDQGKPCMNIFWALTHYVS encoding is done for multiclass task with:
	-custom
		-f1: 0.42068831687784664
		-auroc: 0.7981240011381654
	-resnet
		-f1: 0.4188907744322254
		-auroc: 0.7451975637957237
2026-06-07 01:21:26 - __main__ - INFO - Input matrix with REDQGKPCMNIFWALTHYVS encoding is removed.

2026-06-07 01:21:32 - __main__ - INFO - Input matrix with EFYAPNHILWCTQKSDRVGM encoding is generated.
2026-06-07 01:23:26 - __main__ - INFO - EFYAPNHILWCTQKSDRVGM encoding is done for multiclass task with:
	-custom
		-f1: 0.43443182511822875
		-auroc: 0.7945008087505874
	-resnet
		-f1: 0.3635540608937286
		-auroc: 0.7330392656659461
2026-06-07 01:23:26 - __main__ - INFO - Input matrix with EFYAPNHILWCTQKSDRVGM encoding is removed.

2026-06-07 01:23:32 - __main__ - INFO - Input matrix with ITQELAFNPCGYHVWSMKDR encoding is generated.
2026-06-07 01:25:19 - __main__ - INFO - ITQELAFNPCGYHVWSMKDR encoding is done for multiclass task with:
	-custom
		-f1: 0.43522766851190253
		-auroc: 0.7940372333256154
	-resnet
		-f1: 0.38349759060061756
		-auroc: 0.7384689252557267
2026-06-07 01:25:19 - __main__ - INFO - Input matrix with ITQELAFNPCGYHVWSMKDR encoding is removed.

2026-06-07 01:25:25 - __main__ - INFO - Input matrix with TQMFCRVPYGKWADIHNLSE encoding is generated.
2026-06-07 01:27:17 - __main__ - INFO - TQMFCRVPYGKWADIHNLSE encoding is done for multiclass task with:
	-custom
		-f1: 0.45278544892174655
		-auroc: 0.8030842439908039
	-resnet
		-f1: 0.3647936875083084
		-auroc: 0.700374338757881
2026-06-07 01:27:17 - __main__ - INFO - Input matrix with TQMFCRVPYGKWADIHNLSE encoding is removed.

2026-06-07 01:27:23 - __main__ - INFO - Input matrix with IMYQGVWNHRCDPEKATFSL encoding is generated.
2026-06-07 01:29:11 - __main__ - INFO - IMYQGVWNHRCDPEKATFSL encoding is done for multiclass task with:
	-custom
		-f1: 0.397396017726928
		-auroc: 0.7915858393900416
	-resnet
		-f1: 0.3921578298211887
		-auroc: 0.7435723814651437
2026-06-07 01:29:11 - __main__ - INFO - Input matrix with IMYQGVWNHRCDPEKATFSL encoding is removed.

2026-06-07 01:29:16 - __main__ - INFO - Input matrix with MRVECIGLQDWKTNSHYAPF encoding is generated.
2026-06-07 01:31:07 - __main__ - INFO - MRVECIGLQDWKTNSHYAPF encoding is done for multiclass task with:
	-custom
		-f1: 0.440588910023264
		-auroc: 0.7978911777342259
	-resnet
		-f1: 0.32946812133357717
		-auroc: 0.7203657193574435
2026-06-07 01:31:07 - __main__ - INFO - Input matrix with MRVECIGLQDWKTNSHYAPF encoding is removed.

2026-06-07 01:31:13 - __main__ - INFO - Input matrix with AMDCFGRSETINPQVWLKHY encoding is generated.
2026-06-07 01:33:05 - __main__ - INFO - AMDCFGRSETINPQVWLKHY encoding is done for multiclass task with:
	-custom
		-f1: 0.42350837882150405
		-auroc: 0.7871781494238104
	-resnet
		-f1: 0.38204062019413654
		-auroc: 0.7319613957914252
2026-06-07 01:33:05 - __main__ - INFO - Input matrix with AMDCFGRSETINPQVWLKHY encoding is removed.

2026-06-07 01:33:11 - __main__ - INFO - Input matrix with QHVGLKRTIMPYWSNFCAED encoding is generated.
2026-06-07 01:34:59 - __main__ - INFO - QHVGLKRTIMPYWSNFCAED encoding is done for multiclass task with:
	-custom
		-f1: 0.44946132848782794
		-auroc: 0.79593883757144
	-resnet
		-f1: 0.3412044000805658
		-auroc: 0.7170316645686986
2026-06-07 01:34:59 - __main__ - INFO - Input matrix with QHVGLKRTIMPYWSNFCAED encoding is removed.

2026-06-07 01:35:04 - __main__ - INFO - Input matrix with QNDMHWTAEICGRLYVKPSF encoding is generated.
2026-06-07 01:36:52 - __main__ - INFO - QNDMHWTAEICGRLYVKPSF encoding is done for multiclass task with:
	-custom
		-f1: 0.4480818214337086
		-auroc: 0.7980271424160368
	-resnet
		-f1: 0.4219830486479804
		-auroc: 0.7496088491436403
2026-06-07 01:36:52 - __main__ - INFO - Input matrix with QNDMHWTAEICGRLYVKPSF encoding is removed.

2026-06-07 01:36:58 - __main__ - INFO - Input matrix with KWPRNLGSIVDFAMQEYCTH encoding is generated.
2026-06-07 01:38:49 - __main__ - INFO - KWPRNLGSIVDFAMQEYCTH encoding is done for multiclass task with:
	-custom
		-f1: 0.4230198878509797
		-auroc: 0.7908096255285417
	-resnet
		-f1: 0.3317912025575303
		-auroc: 0.7254648207478638
2026-06-07 01:38:49 - __main__ - INFO - Input matrix with KWPRNLGSIVDFAMQEYCTH encoding is removed.

2026-06-07 01:38:55 - __main__ - INFO - Input matrix with ISANVEHFRPMDCQLWGTKY encoding is generated.
2026-06-07 01:40:47 - __main__ - INFO - ISANVEHFRPMDCQLWGTKY encoding is done for multiclass task with:
	-custom
		-f1: 0.4038414321197564
		-auroc: 0.792497166933767
	-resnet
		-f1: 0.3677947947528878
		-auroc: 0.7179513184622982
2026-06-07 01:40:47 - __main__ - INFO - Input matrix with ISANVEHFRPMDCQLWGTKY encoding is removed.

2026-06-07 01:40:53 - __main__ - INFO - Input matrix with NMYQFRDHLKWSTVPIEAGC encoding is generated.
2026-06-07 01:42:42 - __main__ - INFO - NMYQFRDHLKWSTVPIEAGC encoding is done for multiclass task with:
	-custom
		-f1: 0.44202745300859253
		-auroc: 0.7969875367803795
	-resnet
		-f1: 0.3550496551758541
		-auroc: 0.7203575199986145
2026-06-07 01:42:42 - __main__ - INFO - Input matrix with NMYQFRDHLKWSTVPIEAGC encoding is removed.

2026-06-07 01:42:48 - __main__ - INFO - Input matrix with INSVFHMRWQEGTCLAKDPY encoding is generated.
2026-06-07 01:44:40 - __main__ - INFO - INSVFHMRWQEGTCLAKDPY encoding is done for multiclass task with:
	-custom
		-f1: 0.42394742556239073
		-auroc: 0.7894450392930594
	-resnet
		-f1: 0.40963864911075126
		-auroc: 0.7293887441940854
2026-06-07 01:44:40 - __main__ - INFO - Input matrix with INSVFHMRWQEGTCLAKDPY encoding is removed.

2026-06-07 01:44:46 - __main__ - INFO - Input matrix with NASRLHMKTECWDIPFVQYG encoding is generated.
2026-06-07 01:46:37 - __main__ - INFO - NASRLHMKTECWDIPFVQYG encoding is done for multiclass task with:
	-custom
		-f1: 0.4082501968927928
		-auroc: 0.8047017200803971
	-resnet
		-f1: 0.4164589339824751
		-auroc: 0.7411657896465302
2026-06-07 01:46:37 - __main__ - INFO - Input matrix with NASRLHMKTECWDIPFVQYG encoding is removed.

2026-06-07 01:46:42 - __main__ - INFO - Input matrix with SAGQKFEICLNVYRMPHDTW encoding is generated.
2026-06-07 01:48:33 - __main__ - INFO - SAGQKFEICLNVYRMPHDTW encoding is done for multiclass task with:
	-custom
		-f1: 0.41385857323471864
		-auroc: 0.7886672589541063
	-resnet
		-f1: 0.34718449696793513
		-auroc: 0.714936184234437
2026-06-07 01:48:33 - __main__ - INFO - Input matrix with SAGQKFEICLNVYRMPHDTW encoding is removed.

2026-06-07 01:48:39 - __main__ - INFO - Input matrix with KSHPVAQDRTCYFLMWEIGN encoding is generated.
2026-06-07 01:50:31 - __main__ - INFO - KSHPVAQDRTCYFLMWEIGN encoding is done for multiclass task with:
	-custom
		-f1: 0.4253852604913571
		-auroc: 0.7897068105609983
	-resnet
		-f1: 0.31614010203259124
		-auroc: 0.7434389094037458
2026-06-07 01:50:31 - __main__ - INFO - Input matrix with KSHPVAQDRTCYFLMWEIGN encoding is removed.

2026-06-07 01:50:37 - __main__ - INFO - Input matrix with VKSWGANFYCRMPTQHELDI encoding is generated.
2026-06-07 01:52:29 - __main__ - INFO - VKSWGANFYCRMPTQHELDI encoding is done for multiclass task with:
	-custom
		-f1: 0.4129089640026627
		-auroc: 0.8030953378288951
	-resnet
		-f1: 0.40864879005879196
		-auroc: 0.740551093561425
2026-06-07 01:52:29 - __main__ - INFO - Input matrix with VKSWGANFYCRMPTQHELDI encoding is removed.

2026-06-07 01:52:34 - __main__ - INFO - Input matrix with SIYQATPRHKVDWNGEFLMC encoding is generated.
2026-06-07 01:54:22 - __main__ - INFO - SIYQATPRHKVDWNGEFLMC encoding is done for multiclass task with:
	-custom
		-f1: 0.4221520537358665
		-auroc: 0.7873530183323467
	-resnet
		-f1: 0.40264025494401634
		-auroc: 0.711707700600936
2026-06-07 01:54:22 - __main__ - INFO - Input matrix with SIYQATPRHKVDWNGEFLMC encoding is removed.

2026-06-07 01:54:28 - __main__ - INFO - Input matrix with DGTQREFHIMWNKYAVCPSL encoding is generated.
2026-06-07 01:56:18 - __main__ - INFO - DGTQREFHIMWNKYAVCPSL encoding is done for multiclass task with:
	-custom
		-f1: 0.4175793766929495
		-auroc: 0.7883642677287919
	-resnet
		-f1: 0.4405366077806615
		-auroc: 0.7604985995913821
2026-06-07 01:56:18 - __main__ - INFO - Input matrix with DGTQREFHIMWNKYAVCPSL encoding is removed.

2026-06-07 01:56:24 - __main__ - INFO - Input matrix with VQRWNTEAFHIYLPSMCKDG encoding is generated.
2026-06-07 01:58:13 - __main__ - INFO - VQRWNTEAFHIYLPSMCKDG encoding is done for multiclass task with:
	-custom
		-f1: 0.44909752778301043
		-auroc: 0.8013701950876984
	-resnet
		-f1: 0.2832642110996938
		-auroc: 0.6906201725111607
2026-06-07 01:58:13 - __main__ - INFO - Input matrix with VQRWNTEAFHIYLPSMCKDG encoding is removed.

2026-06-07 01:58:18 - __main__ - INFO - Input matrix with CRWHAFDYLVIQKGMTEPNS encoding is generated.
2026-06-07 02:00:11 - __main__ - INFO - CRWHAFDYLVIQKGMTEPNS encoding is done for multiclass task with:
	-custom
		-f1: 0.45002652434059814
		-auroc: 0.8050195413364275
	-resnet
		-f1: 0.35072597265023653
		-auroc: 0.7184544297493181
2026-06-07 02:00:11 - __main__ - INFO - Input matrix with CRWHAFDYLVIQKGMTEPNS encoding is removed.

2026-06-07 02:00:17 - __main__ - INFO - Input matrix with RKGWHTQEVSMAPLIYDFNC encoding is generated.
2026-06-07 02:02:09 - __main__ - INFO - RKGWHTQEVSMAPLIYDFNC encoding is done for multiclass task with:
	-custom
		-f1: 0.40584263691287825
		-auroc: 0.7916597429347446
	-resnet
		-f1: 0.3450048248346444
		-auroc: 0.7216291351665889
2026-06-07 02:02:09 - __main__ - INFO - Input matrix with RKGWHTQEVSMAPLIYDFNC encoding is removed.

2026-06-07 02:02:14 - __main__ - INFO - Input matrix with DRQGIPVMCKSTNEHFAWYL encoding is generated.
2026-06-07 02:04:08 - __main__ - INFO - DRQGIPVMCKSTNEHFAWYL encoding is done for multiclass task with:
	-custom
		-f1: 0.4279158387230394
		-auroc: 0.795530355660355
	-resnet
		-f1: 0.3997308842441643
		-auroc: 0.7412855608504006
2026-06-07 02:04:08 - __main__ - INFO - Input matrix with DRQGIPVMCKSTNEHFAWYL encoding is removed.

2026-06-07 02:04:13 - __main__ - INFO - Input matrix with LYQFKNVTASRMEDWPCGIH encoding is generated.
2026-06-07 02:06:03 - __main__ - INFO - LYQFKNVTASRMEDWPCGIH encoding is done for multiclass task with:
	-custom
		-f1: 0.413005718431099
		-auroc: 0.7985005689822489
	-resnet
		-f1: 0.4175999032454638
		-auroc: 0.7393022835870691
2026-06-07 02:06:03 - __main__ - INFO - Input matrix with LYQFKNVTASRMEDWPCGIH encoding is removed.

2026-06-07 02:06:09 - __main__ - INFO - Input matrix with MNRHFSTVQKGILWCYDPEA encoding is generated.
2026-06-07 02:08:00 - __main__ - INFO - MNRHFSTVQKGILWCYDPEA encoding is done for multiclass task with:
	-custom
		-f1: 0.4400212649987605
		-auroc: 0.7920933215216029
	-resnet
		-f1: 0.4010361256101579
		-auroc: 0.75211821569962
2026-06-07 02:08:00 - __main__ - INFO - Input matrix with MNRHFSTVQKGILWCYDPEA encoding is removed.

2026-06-07 02:08:06 - __main__ - INFO - Input matrix with AVSCKGNEWTQDLYFPIMRH encoding is generated.
2026-06-07 02:09:54 - __main__ - INFO - AVSCKGNEWTQDLYFPIMRH encoding is done for multiclass task with:
	-custom
		-f1: 0.45383874007268804
		-auroc: 0.7968056880643313
	-resnet
		-f1: 0.379741110776627
		-auroc: 0.7329401412072111
2026-06-07 02:09:54 - __main__ - INFO - Input matrix with AVSCKGNEWTQDLYFPIMRH encoding is removed.

2026-06-07 02:10:00 - __main__ - INFO - Input matrix with LHYRGKPMSWIDQNCETVAF encoding is generated.
2026-06-07 02:11:51 - __main__ - INFO - LHYRGKPMSWIDQNCETVAF encoding is done for multiclass task with:
	-custom
		-f1: 0.4199445673918948
		-auroc: 0.7931210763104957
	-resnet
		-f1: 0.4303574744775444
		-auroc: 0.7327896454714049
2026-06-07 02:11:51 - __main__ - INFO - Input matrix with LHYRGKPMSWIDQNCETVAF encoding is removed.

2026-06-07 02:11:57 - __main__ - INFO - Input matrix with SRLDGNWCHPIKMTFAYQVE encoding is generated.
2026-06-07 02:13:46 - __main__ - INFO - SRLDGNWCHPIKMTFAYQVE encoding is done for multiclass task with:
	-custom
		-f1: 0.42630127295930154
		-auroc: 0.800760396598142
	-resnet
		-f1: 0.3975725264466997
		-auroc: 0.7473866262814995
2026-06-07 02:13:46 - __main__ - INFO - Input matrix with SRLDGNWCHPIKMTFAYQVE encoding is removed.

2026-06-07 02:13:51 - __main__ - INFO - Input matrix with PTYDSVMIQHRGCKLFWAEN encoding is generated.
2026-06-07 02:15:40 - __main__ - INFO - PTYDSVMIQHRGCKLFWAEN encoding is done for multiclass task with:
	-custom
		-f1: 0.390390684137715
		-auroc: 0.7974999274930996
	-resnet
		-f1: 0.4245860687877296
		-auroc: 0.7281017724978935
2026-06-07 02:15:40 - __main__ - INFO - Input matrix with PTYDSVMIQHRGCKLFWAEN encoding is removed.

2026-06-07 02:15:45 - __main__ - INFO - Input matrix with CEFMYPSQLRHIAWDVTNKG encoding is generated.
2026-06-07 02:17:38 - __main__ - INFO - CEFMYPSQLRHIAWDVTNKG encoding is done for multiclass task with:
	-custom
		-f1: 0.4368095852027062
		-auroc: 0.797273743692454
	-resnet
		-f1: 0.38272234679721645
		-auroc: 0.7258372139965387
2026-06-07 02:17:38 - __main__ - INFO - Input matrix with CEFMYPSQLRHIAWDVTNKG encoding is removed.

2026-06-07 02:17:43 - __main__ - INFO - Input matrix with MRWFSDCGLPQNVAETKYHI encoding is generated.
2026-06-07 02:19:35 - __main__ - INFO - MRWFSDCGLPQNVAETKYHI encoding is done for multiclass task with:
	-custom
		-f1: 0.423654473070862
		-auroc: 0.7913152637619282
	-resnet
		-f1: 0.3973977802833747
		-auroc: 0.7411241609460609
2026-06-07 02:19:35 - __main__ - INFO - Input matrix with MRWFSDCGLPQNVAETKYHI encoding is removed.

2026-06-07 02:19:41 - __main__ - INFO - Input matrix with CLGIKPWENMQSDRHYTFVA encoding is generated.
2026-06-07 02:21:33 - __main__ - INFO - CLGIKPWENMQSDRHYTFVA encoding is done for multiclass task with:
	-custom
		-f1: 0.45899517167724885
		-auroc: 0.794205359372251
	-resnet
		-f1: 0.37414370607406944
		-auroc: 0.7267985879051144
2026-06-07 02:21:33 - __main__ - INFO - Input matrix with CLGIKPWENMQSDRHYTFVA encoding is removed.

2026-06-07 02:21:38 - __main__ - INFO - Input matrix with RYLHWIVENAFDCTSGPKQM encoding is generated.
2026-06-07 02:23:26 - __main__ - INFO - RYLHWIVENAFDCTSGPKQM encoding is done for multiclass task with:
	-custom
		-f1: 0.4305605030375673
		-auroc: 0.7876798454399705
	-resnet
		-f1: 0.3555229176955002
		-auroc: 0.7298564079922593
2026-06-07 02:23:26 - __main__ - INFO - Input matrix with RYLHWIVENAFDCTSGPKQM encoding is removed.

2026-06-07 02:23:31 - __main__ - INFO - Input matrix with SKLWEYIDVMPGHFRCQNAT encoding is generated.
2026-06-07 02:25:23 - __main__ - INFO - SKLWEYIDVMPGHFRCQNAT encoding is done for multiclass task with:
	-custom
		-f1: 0.43112788890967624
		-auroc: 0.7959023997428201
	-resnet
		-f1: 0.3916451789137483
		-auroc: 0.7267790385885385
2026-06-07 02:25:23 - __main__ - INFO - Input matrix with SKLWEYIDVMPGHFRCQNAT encoding is removed.

2026-06-07 02:25:29 - __main__ - INFO - Input matrix with CPSDIHEKQNMRVFTWYLAG encoding is generated.
2026-06-07 02:27:20 - __main__ - INFO - CPSDIHEKQNMRVFTWYLAG encoding is done for multiclass task with:
	-custom
		-f1: 0.41679160960759115
		-auroc: 0.7932128113115329
	-resnet
		-f1: 0.3824155262562582
		-auroc: 0.7341709211273939
2026-06-07 02:27:20 - __main__ - INFO - Input matrix with CPSDIHEKQNMRVFTWYLAG encoding is removed.

2026-06-07 02:27:26 - __main__ - INFO - Input matrix with HDFKVITLPCWESRYMGAQN encoding is generated.
2026-06-07 02:29:14 - __main__ - INFO - HDFKVITLPCWESRYMGAQN encoding is done for multiclass task with:
	-custom
		-f1: 0.43942003975208577
		-auroc: 0.7947424172755486
	-resnet
		-f1: 0.3932757654769976
		-auroc: 0.7463558114335289
2026-06-07 02:29:14 - __main__ - INFO - Input matrix with HDFKVITLPCWESRYMGAQN encoding is removed.

2026-06-07 02:29:20 - __main__ - INFO - Input matrix with ARIVKNCQHEFWSDYMLPTG encoding is generated.
2026-06-07 02:31:11 - __main__ - INFO - ARIVKNCQHEFWSDYMLPTG encoding is done for multiclass task with:
	-custom
		-f1: 0.44938953055859165
		-auroc: 0.8055512113973566
	-resnet
		-f1: 0.425136184373389
		-auroc: 0.7690012128880029
2026-06-07 02:31:11 - __main__ - INFO - Input matrix with ARIVKNCQHEFWSDYMLPTG encoding is removed.

2026-06-07 02:31:17 - __main__ - INFO - Input matrix with EQVNWPFMHLRTKACIYDGS encoding is generated.
2026-06-07 02:33:05 - __main__ - INFO - EQVNWPFMHLRTKACIYDGS encoding is done for multiclass task with:
	-custom
		-f1: 0.4368115811052431
		-auroc: 0.7953714407173264
	-resnet
		-f1: 0.39759279779210094
		-auroc: 0.7351545333805971
2026-06-07 02:33:05 - __main__ - INFO - Input matrix with EQVNWPFMHLRTKACIYDGS encoding is removed.

2026-06-07 02:33:10 - __main__ - INFO - Input matrix with FYDLMRPSVEAHCNTWGKIQ encoding is generated.
2026-06-07 02:35:03 - __main__ - INFO - FYDLMRPSVEAHCNTWGKIQ encoding is done for multiclass task with:
	-custom
		-f1: 0.4254377963238066
		-auroc: 0.7992974815037194
	-resnet
		-f1: 0.348861901541873
		-auroc: 0.7327723240558174
2026-06-07 02:35:03 - __main__ - INFO - Input matrix with FYDLMRPSVEAHCNTWGKIQ encoding is removed.

2026-06-07 02:35:09 - __main__ - INFO - Input matrix with GRETQVCKPYHIWLMNDASF encoding is generated.
2026-06-07 02:36:59 - __main__ - INFO - GRETQVCKPYHIWLMNDASF encoding is done for multiclass task with:
	-custom
		-f1: 0.42969326071366887
		-auroc: 0.7973455072108092
	-resnet
		-f1: 0.396802462117311
		-auroc: 0.7683389232665165
2026-06-07 02:36:59 - __main__ - INFO - Input matrix with GRETQVCKPYHIWLMNDASF encoding is removed.

2026-06-07 02:37:04 - __main__ - INFO - Input matrix with EFAHPMTQNRWLICVKDYGS encoding is generated.
2026-06-07 02:38:58 - __main__ - INFO - EFAHPMTQNRWLICVKDYGS encoding is done for multiclass task with:
	-custom
		-f1: 0.44953834642378165
		-auroc: 0.7925822816058677
	-resnet
		-f1: 0.31203852832867585
		-auroc: 0.7087637631237881
2026-06-07 02:38:58 - __main__ - INFO - Input matrix with EFAHPMTQNRWLICVKDYGS encoding is removed.

2026-06-07 02:39:03 - __main__ - INFO - Input matrix with TQPNIDVKSHWGMCLFYRAE encoding is generated.
2026-06-07 02:40:52 - __main__ - INFO - TQPNIDVKSHWGMCLFYRAE encoding is done for multiclass task with:
	-custom
		-f1: 0.43000333154885684
		-auroc: 0.7923708312615441
	-resnet
		-f1: 0.37162207094552324
		-auroc: 0.7241325764957569
2026-06-07 02:40:52 - __main__ - INFO - Input matrix with TQPNIDVKSHWGMCLFYRAE encoding is removed.

2026-06-07 02:40:58 - __main__ - INFO - Input matrix with DYFKMCHRITWEALGSNQPV encoding is generated.
2026-06-07 02:42:46 - __main__ - INFO - DYFKMCHRITWEALGSNQPV encoding is done for multiclass task with:
	-custom
		-f1: 0.4438400687793106
		-auroc: 0.8065369337643309
	-resnet
		-f1: 0.36857557340611313
		-auroc: 0.7271378023027321
2026-06-07 02:42:46 - __main__ - INFO - Input matrix with DYFKMCHRITWEALGSNQPV encoding is removed.

2026-06-07 02:42:51 - __main__ - INFO - Input matrix with RVYPFAGTINDWLKESMHCQ encoding is generated.
2026-06-07 02:44:42 - __main__ - INFO - RVYPFAGTINDWLKESMHCQ encoding is done for multiclass task with:
	-custom
		-f1: 0.4031916942877326
		-auroc: 0.7822426027968575
	-resnet
		-f1: 0.41780902946242193
		-auroc: 0.7504799949505487
2026-06-07 02:44:42 - __main__ - INFO - Input matrix with RVYPFAGTINDWLKESMHCQ encoding is removed.

2026-06-07 02:44:47 - __main__ - INFO - Input matrix with HLQPAYFKGICMNVRSTDWE encoding is generated.
2026-06-07 02:46:37 - __main__ - INFO - HLQPAYFKGICMNVRSTDWE encoding is done for multiclass task with:
	-custom
		-f1: 0.4364424919223583
		-auroc: 0.794155559535487
	-resnet
		-f1: 0.38963773499943716
		-auroc: 0.7253291730126752
2026-06-07 02:46:37 - __main__ - INFO - Input matrix with HLQPAYFKGICMNVRSTDWE encoding is removed.

2026-06-07 02:46:43 - __main__ - INFO - Input matrix with PHIDASTEKYQRFCGMNLVW encoding is generated.
2026-06-07 02:48:36 - __main__ - INFO - PHIDASTEKYQRFCGMNLVW encoding is done for multiclass task with:
	-custom
		-f1: 0.4088951617463253
		-auroc: 0.7951054528094066
	-resnet
		-f1: 0.37889417989648144
		-auroc: 0.7377067617022453
2026-06-07 02:48:36 - __main__ - INFO - Input matrix with PHIDASTEKYQRFCGMNLVW encoding is removed.

2026-06-07 02:48:41 - __main__ - INFO - Input matrix with SFCLQIMTYKGEHDWRVANP encoding is generated.
2026-06-07 02:50:35 - __main__ - INFO - SFCLQIMTYKGEHDWRVANP encoding is done for multiclass task with:
	-custom
		-f1: 0.4138532303076419
		-auroc: 0.792201785119422
	-resnet
		-f1: 0.4444452146275645
		-auroc: 0.7677467474944392
2026-06-07 02:50:35 - __main__ - INFO - Input matrix with SFCLQIMTYKGEHDWRVANP encoding is removed.

2026-06-07 02:50:41 - __main__ - INFO - Input matrix with LGENIQYPCADRVMKSTWHF encoding is generated.
2026-06-07 02:52:33 - __main__ - INFO - LGENIQYPCADRVMKSTWHF encoding is done for multiclass task with:
	-custom
		-f1: 0.43421777933223893
		-auroc: 0.7952922649654506
	-resnet
		-f1: 0.39695495684553594
		-auroc: 0.7266929387236963
2026-06-07 02:52:33 - __main__ - INFO - Input matrix with LGENIQYPCADRVMKSTWHF encoding is removed.

2026-06-07 02:52:39 - __main__ - INFO - Input matrix with MAESPVFDNLQYGWCTHIKR encoding is generated.
2026-06-07 02:54:31 - __main__ - INFO - MAESPVFDNLQYGWCTHIKR encoding is done for multiclass task with:
	-custom
		-f1: 0.4322877044083719
		-auroc: 0.7944506995836648
	-resnet
		-f1: 0.4165352254681628
		-auroc: 0.7352659521834953
2026-06-07 02:54:31 - __main__ - INFO - Input matrix with MAESPVFDNLQYGWCTHIKR encoding is removed.

2026-06-07 02:54:36 - __main__ - INFO - Input matrix with CTFGELVKDRHPNIAWMSQY encoding is generated.
2026-06-07 02:56:28 - __main__ - INFO - CTFGELVKDRHPNIAWMSQY encoding is done for multiclass task with:
	-custom
		-f1: 0.40692573029430557
		-auroc: 0.7892628646627008
	-resnet
		-f1: 0.32646304780110824
		-auroc: 0.7258262502705687
2026-06-07 02:56:28 - __main__ - INFO - Input matrix with CTFGELVKDRHPNIAWMSQY encoding is removed.

2026-06-07 02:56:34 - __main__ - INFO - Input matrix with KCDQFWVATPRHYNSLIGME encoding is generated.
2026-06-07 02:58:25 - __main__ - INFO - KCDQFWVATPRHYNSLIGME encoding is done for multiclass task with:
	-custom
		-f1: 0.44092581306243706
		-auroc: 0.7936785635802284
	-resnet
		-f1: 0.4551384665625651
		-auroc: 0.7585816346175419
2026-06-07 02:58:25 - __main__ - INFO - Input matrix with KCDQFWVATPRHYNSLIGME encoding is removed.

2026-06-07 02:58:30 - __main__ - INFO - Input matrix with TDCGRLQNEHVYKSAPMFIW encoding is generated.
2026-06-07 03:00:23 - __main__ - INFO - TDCGRLQNEHVYKSAPMFIW encoding is done for multiclass task with:
	-custom
		-f1: 0.4411830841924619
		-auroc: 0.7994791158234229
	-resnet
		-f1: 0.37843975426604937
		-auroc: 0.7576635587822764
2026-06-07 03:00:23 - __main__ - INFO - Input matrix with TDCGRLQNEHVYKSAPMFIW encoding is removed.

2026-06-07 03:00:29 - __main__ - INFO - Input matrix with RTVIDQPEMFGSAHCKWYLN encoding is generated.
2026-06-07 03:02:21 - __main__ - INFO - RTVIDQPEMFGSAHCKWYLN encoding is done for multiclass task with:
	-custom
		-f1: 0.45464148134159343
		-auroc: 0.8019493213979985
	-resnet
		-f1: 0.4020400322295882
		-auroc: 0.7552634674065922
2026-06-07 03:02:21 - __main__ - INFO - Input matrix with RTVIDQPEMFGSAHCKWYLN encoding is removed.

2026-06-07 03:02:27 - __main__ - INFO - Input matrix with HSMENPDLCTQVKIFGYAWR encoding is generated.
2026-06-07 03:04:15 - __main__ - INFO - HSMENPDLCTQVKIFGYAWR encoding is done for multiclass task with:
	-custom
		-f1: 0.4628969759460951
		-auroc: 0.7978299785742514
	-resnet
		-f1: 0.4002544547606209
		-auroc: 0.7561810101547313
2026-06-07 03:04:15 - __main__ - INFO - Input matrix with HSMENPDLCTQVKIFGYAWR encoding is removed.

2026-06-07 03:04:21 - __main__ - INFO - Input matrix with FRGISVPLEWHMACDTKYQN encoding is generated.
2026-06-07 03:06:13 - __main__ - INFO - FRGISVPLEWHMACDTKYQN encoding is done for multiclass task with:
	-custom
		-f1: 0.4338173452249376
		-auroc: 0.7895336757633515
	-resnet
		-f1: 0.3626305156330428
		-auroc: 0.7270019690761242
2026-06-07 03:06:13 - __main__ - INFO - Input matrix with FRGISVPLEWHMACDTKYQN encoding is removed.

2026-06-07 03:06:19 - __main__ - INFO - Input matrix with PHELDCNFQAKSIVTWGMRY encoding is generated.
2026-06-07 03:08:14 - __main__ - INFO - PHELDCNFQAKSIVTWGMRY encoding is done for multiclass task with:
	-custom
		-f1: 0.41238011147736947
		-auroc: 0.7863472574757931
	-resnet
		-f1: 0.3378777718227573
		-auroc: 0.7236769679990911
2026-06-07 03:08:14 - __main__ - INFO - Input matrix with PHELDCNFQAKSIVTWGMRY encoding is removed.

2026-06-07 03:08:19 - __main__ - INFO - Input matrix with DANLYSPGFQIVHCEKTMRW encoding is generated.
2026-06-07 03:10:12 - __main__ - INFO - DANLYSPGFQIVHCEKTMRW encoding is done for multiclass task with:
	-custom
		-f1: 0.4083020696159524
		-auroc: 0.7861685800671061
	-resnet
		-f1: 0.33778445124021544
		-auroc: 0.7356487624365949
2026-06-07 03:10:12 - __main__ - INFO - Input matrix with DANLYSPGFQIVHCEKTMRW encoding is removed.

2026-06-07 03:10:17 - __main__ - INFO - Input matrix with ACVSIQHDKRETNGMPWFYL encoding is generated.
2026-06-07 03:12:09 - __main__ - INFO - ACVSIQHDKRETNGMPWFYL encoding is done for multiclass task with:
	-custom
		-f1: 0.4267594411009335
		-auroc: 0.7963735719500394
	-resnet
		-f1: 0.3742060385745224
		-auroc: 0.7488033660329638
2026-06-07 03:12:09 - __main__ - INFO - Input matrix with ACVSIQHDKRETNGMPWFYL encoding is removed.

2026-06-07 03:12:14 - __main__ - INFO - Input matrix with WNQFPLGERSIYCDHMAKVT encoding is generated.
2026-06-07 03:14:03 - __main__ - INFO - WNQFPLGERSIYCDHMAKVT encoding is done for multiclass task with:
	-custom
		-f1: 0.4328142844058906
		-auroc: 0.7970001077923158
	-resnet
		-f1: 0.3814438133921563
		-auroc: 0.7311828703116382
2026-06-07 03:14:03 - __main__ - INFO - Input matrix with WNQFPLGERSIYCDHMAKVT encoding is removed.

2026-06-07 03:14:09 - __main__ - INFO - Input matrix with NLTHSEVGFPRWKQDYMAIC encoding is generated.
2026-06-07 03:16:00 - __main__ - INFO - NLTHSEVGFPRWKQDYMAIC encoding is done for multiclass task with:
	-custom
		-f1: 0.4309493831090803
		-auroc: 0.7900652606507772
	-resnet
		-f1: 0.37119675827320175
		-auroc: 0.7298522232487625
2026-06-07 03:16:00 - __main__ - INFO - Input matrix with NLTHSEVGFPRWKQDYMAIC encoding is removed.

2026-06-07 03:16:06 - __main__ - INFO - Input matrix with RKCTQDSLMFHYVEPWIAGN encoding is generated.
2026-06-07 03:17:59 - __main__ - INFO - RKCTQDSLMFHYVEPWIAGN encoding is done for multiclass task with:
	-custom
		-f1: 0.42967387711674937
		-auroc: 0.7944244531022223
	-resnet
		-f1: 0.4085188219846274
		-auroc: 0.7363791091731
2026-06-07 03:17:59 - __main__ - INFO - Input matrix with RKCTQDSLMFHYVEPWIAGN encoding is removed.

2026-06-07 03:18:04 - __main__ - INFO - Input matrix with YIDQCMSAVHTFNWPERLKG encoding is generated.
2026-06-07 03:19:56 - __main__ - INFO - YIDQCMSAVHTFNWPERLKG encoding is done for multiclass task with:
	-custom
		-f1: 0.4371910487443162
		-auroc: 0.7852157617747582
	-resnet
		-f1: 0.3410534502736965
		-auroc: 0.7286715391303062
2026-06-07 03:19:56 - __main__ - INFO - Input matrix with YIDQCMSAVHTFNWPERLKG encoding is removed.

2026-06-07 03:20:02 - __main__ - INFO - Input matrix with HRAWVGLQFDPNYSTICKEM encoding is generated.
2026-06-07 03:21:51 - __main__ - INFO - HRAWVGLQFDPNYSTICKEM encoding is done for multiclass task with:
	-custom
		-f1: 0.43754475862064013
		-auroc: 0.7980032752121224
	-resnet
		-f1: 0.41766237355910263
		-auroc: 0.7486242214852885
2026-06-07 03:21:51 - __main__ - INFO - Input matrix with HRAWVGLQFDPNYSTICKEM encoding is removed.

2026-06-07 03:21:57 - __main__ - INFO - Input matrix with VQPLKYNAFDGCTRIWEMHS encoding is generated.
2026-06-07 03:23:50 - __main__ - INFO - VQPLKYNAFDGCTRIWEMHS encoding is done for multiclass task with:
	-custom
		-f1: 0.435773897914051
		-auroc: 0.7922221594700195
	-resnet
		-f1: 0.3446351692365967
		-auroc: 0.7331114294897585
2026-06-07 03:23:50 - __main__ - INFO - Input matrix with VQPLKYNAFDGCTRIWEMHS encoding is removed.

2026-06-07 03:23:56 - __main__ - INFO - Input matrix with IKSHGDALFVPMQWYTNRCE encoding is generated.
2026-06-07 03:25:49 - __main__ - INFO - IKSHGDALFVPMQWYTNRCE encoding is done for multiclass task with:
	-custom
		-f1: 0.4370552938422244
		-auroc: 0.799345153375017
	-resnet
		-f1: 0.36856419919456324
		-auroc: 0.720998518077361
2026-06-07 03:25:49 - __main__ - INFO - Input matrix with IKSHGDALFVPMQWYTNRCE encoding is removed.

2026-06-07 03:25:55 - __main__ - INFO - Input matrix with ISRPFGLKVNCMAWHTQYDE encoding is generated.
2026-06-07 03:27:45 - __main__ - INFO - ISRPFGLKVNCMAWHTQYDE encoding is done for multiclass task with:
	-custom
		-f1: 0.44960335602741497
		-auroc: 0.7882596349126262
	-resnet
		-f1: 0.41974901447838986
		-auroc: 0.7477803368629841
2026-06-07 03:27:45 - __main__ - INFO - Input matrix with ISRPFGLKVNCMAWHTQYDE encoding is removed.

2026-06-07 03:27:51 - __main__ - INFO - Input matrix with QLCHDVGSNRFMPEYTAIKW encoding is generated.
2026-06-07 03:29:43 - __main__ - INFO - QLCHDVGSNRFMPEYTAIKW encoding is done for multiclass task with:
	-custom
		-f1: 0.4522930283224401
		-auroc: 0.8013290963203719
	-resnet
		-f1: 0.37997465213704573
		-auroc: 0.7243263688385685
2026-06-07 03:29:43 - __main__ - INFO - Input matrix with QLCHDVGSNRFMPEYTAIKW encoding is removed.

2026-06-07 03:29:48 - __main__ - INFO - Input matrix with HISENLKDGTFPYCWAQRVM encoding is generated.
2026-06-07 03:31:42 - __main__ - INFO - HISENLKDGTFPYCWAQRVM encoding is done for multiclass task with:
	-custom
		-f1: 0.43671568536393135
		-auroc: 0.794069916054263
	-resnet
		-f1: 0.3292270486033428
		-auroc: 0.7048147780390234
2026-06-07 03:31:42 - __main__ - INFO - Input matrix with HISENLKDGTFPYCWAQRVM encoding is removed.

2026-06-07 03:31:47 - __main__ - INFO - Input matrix with LWDRHPINKCYGSTVEFQAM encoding is generated.
2026-06-07 03:33:41 - __main__ - INFO - LWDRHPINKCYGSTVEFQAM encoding is done for multiclass task with:
	-custom
		-f1: 0.41592611924824324
		-auroc: 0.794889844416296
	-resnet
		-f1: 0.2863521605544089
		-auroc: 0.6930442219778409
2026-06-07 03:33:41 - __main__ - INFO - Input matrix with LWDRHPINKCYGSTVEFQAM encoding is removed.

2026-06-07 03:33:47 - __main__ - INFO - Input matrix with RYVDGHFMTICQWSNLKEPA encoding is generated.
2026-06-07 03:35:39 - __main__ - INFO - RYVDGHFMTICQWSNLKEPA encoding is done for multiclass task with:
	-custom
		-f1: 0.4513577072327786
		-auroc: 0.807205462718057
	-resnet
		-f1: 0.31082604077415044
		-auroc: 0.7279253648047599
2026-06-07 03:35:39 - __main__ - INFO - Input matrix with RYVDGHFMTICQWSNLKEPA encoding is removed.

2026-06-07 03:35:44 - __main__ - INFO - Input matrix with DFCGVINPRKMWLAETYSQH encoding is generated.
2026-06-07 03:37:36 - __main__ - INFO - DFCGVINPRKMWLAETYSQH encoding is done for multiclass task with:
	-custom
		-f1: 0.44800934756388316
		-auroc: 0.8007962769925546
	-resnet
		-f1: 0.36619614479719365
		-auroc: 0.7233088733877373
2026-06-07 03:37:36 - __main__ - INFO - Input matrix with DFCGVINPRKMWLAETYSQH encoding is removed.

2026-06-07 03:37:42 - __main__ - INFO - Input matrix with HLNIKWEQDPTRYCGFMVSA encoding is generated.
2026-06-07 03:39:30 - __main__ - INFO - HLNIKWEQDPTRYCGFMVSA encoding is done for multiclass task with:
	-custom
		-f1: 0.4130828620707991
		-auroc: 0.7998815797210892
	-resnet
		-f1: 0.41193204128046884
		-auroc: 0.7591721933406091
2026-06-07 03:39:30 - __main__ - INFO - Input matrix with HLNIKWEQDPTRYCGFMVSA encoding is removed.

2026-06-07 03:39:36 - __main__ - INFO - Input matrix with EHPLTWASVIRCDKMGNQFY encoding is generated.
2026-06-07 03:41:27 - __main__ - INFO - EHPLTWASVIRCDKMGNQFY encoding is done for multiclass task with:
	-custom
		-f1: 0.4366530181502603
		-auroc: 0.7908049337739488
	-resnet
		-f1: 0.37545374913314045
		-auroc: 0.7254985821920935
2026-06-07 03:41:27 - __main__ - INFO - Input matrix with EHPLTWASVIRCDKMGNQFY encoding is removed.

2026-06-07 03:41:32 - __main__ - INFO - Input matrix with PVHTLCKRQNYASDGMFIEW encoding is generated.
2026-06-07 03:43:23 - __main__ - INFO - PVHTLCKRQNYASDGMFIEW encoding is done for multiclass task with:
	-custom
		-f1: 0.42950083948810136
		-auroc: 0.790623250290001
	-resnet
		-f1: 0.42294336626417295
		-auroc: 0.7560965050971076
2026-06-07 03:43:23 - __main__ - INFO - Input matrix with PVHTLCKRQNYASDGMFIEW encoding is removed.

2026-06-07 03:43:29 - __main__ - INFO - Input matrix with NSEIHKQALCTVPDGFYMRW encoding is generated.
2026-06-07 03:45:17 - __main__ - INFO - NSEIHKQALCTVPDGFYMRW encoding is done for multiclass task with:
	-custom
		-f1: 0.4550965084845039
		-auroc: 0.7933097084398586
	-resnet
		-f1: 0.4545749602138936
		-auroc: 0.7524146060017165
2026-06-07 03:45:17 - __main__ - INFO - Input matrix with NSEIHKQALCTVPDGFYMRW encoding is removed.

2026-06-07 03:45:23 - __main__ - INFO - Input matrix with GRKDTWALFCVQIYPSHNEM encoding is generated.
2026-06-07 03:47:14 - __main__ - INFO - GRKDTWALFCVQIYPSHNEM encoding is done for multiclass task with:
	-custom
		-f1: 0.4427447512473699
		-auroc: 0.7945714346970837
	-resnet
		-f1: 0.38151515533248326
		-auroc: 0.7373675842041403
2026-06-07 03:47:14 - __main__ - INFO - Input matrix with GRKDTWALFCVQIYPSHNEM encoding is removed.

2026-06-07 03:47:19 - __main__ - INFO - Input matrix with KHNMRIDTVELPWQAYCSFG encoding is generated.
2026-06-07 03:49:12 - __main__ - INFO - KHNMRIDTVELPWQAYCSFG encoding is done for multiclass task with:
	-custom
		-f1: 0.44692554676977503
		-auroc: 0.7920923249962261
	-resnet
		-f1: 0.35271475866009544
		-auroc: 0.7075322428500962
2026-06-07 03:49:12 - __main__ - INFO - Input matrix with KHNMRIDTVELPWQAYCSFG encoding is removed.

2026-06-07 03:49:18 - __main__ - INFO - Input matrix with FMPVCSINYRTKLQHDEGAW encoding is generated.
2026-06-07 03:51:06 - __main__ - INFO - FMPVCSINYRTKLQHDEGAW encoding is done for multiclass task with:
	-custom
		-f1: 0.43539088288675537
		-auroc: 0.785548327118771
	-resnet
		-f1: 0.29781107226797005
		-auroc: 0.6691616256687211
2026-06-07 03:51:06 - __main__ - INFO - Input matrix with FMPVCSINYRTKLQHDEGAW encoding is removed.

2026-06-07 03:51:11 - __main__ - INFO - Input matrix with PMYHWENQKRSTACVIFDGL encoding is generated.
2026-06-07 03:53:00 - __main__ - INFO - PMYHWENQKRSTACVIFDGL encoding is done for multiclass task with:
	-custom
		-f1: 0.4189635355716354
		-auroc: 0.7995245590017116
	-resnet
		-f1: 0.3365833169329908
		-auroc: 0.7281534172086013
2026-06-07 03:53:00 - __main__ - INFO - Input matrix with PMYHWENQKRSTACVIFDGL encoding is removed.

2026-06-07 03:53:06 - __main__ - INFO - Input matrix with AEKWTMIFGSLRNQYDVCPH encoding is generated.
2026-06-07 03:55:00 - __main__ - INFO - AEKWTMIFGSLRNQYDVCPH encoding is done for multiclass task with:
	-custom
		-f1: 0.4536444486401322
		-auroc: 0.8028006602197676
	-resnet
		-f1: 0.44693253952738915
		-auroc: 0.7768099426438859
2026-06-07 03:55:00 - __main__ - INFO - Input matrix with AEKWTMIFGSLRNQYDVCPH encoding is removed.

2026-06-07 03:55:05 - __main__ - INFO - Input matrix with CQVRATHPWMNSYDKFGILE encoding is generated.
2026-06-07 03:56:56 - __main__ - INFO - CQVRATHPWMNSYDKFGILE encoding is done for multiclass task with:
	-custom
		-f1: 0.4094732656209733
		-auroc: 0.794845936196672
	-resnet
		-f1: 0.3924161132006522
		-auroc: 0.7510601685904115
2026-06-07 03:56:56 - __main__ - INFO - Input matrix with CQVRATHPWMNSYDKFGILE encoding is removed.

2026-06-07 03:57:02 - __main__ - INFO - Input matrix with KSAVEWPNGYRQTDLHIFCM encoding is generated.
2026-06-07 03:58:53 - __main__ - INFO - KSAVEWPNGYRQTDLHIFCM encoding is done for multiclass task with:
	-custom
		-f1: 0.41280143142477843
		-auroc: 0.7920503936018681
	-resnet
		-f1: 0.3419565199823882
		-auroc: 0.7254490746707744
2026-06-07 03:58:53 - __main__ - INFO - Input matrix with KSAVEWPNGYRQTDLHIFCM encoding is removed.

2026-06-07 03:58:59 - __main__ - INFO - Input matrix with NSRPAHMTWIYQGFDVLKEC encoding is generated.
2026-06-07 04:00:52 - __main__ - INFO - NSRPAHMTWIYQGFDVLKEC encoding is done for multiclass task with:
	-custom
		-f1: 0.4545026653449636
		-auroc: 0.7894927547389285
	-resnet
		-f1: 0.40065769801219425
		-auroc: 0.7238648252586839
2026-06-07 04:00:52 - __main__ - INFO - Input matrix with NSRPAHMTWIYQGFDVLKEC encoding is removed.

2026-06-07 04:00:58 - __main__ - INFO - Input matrix with VYNWQHTCLRPGDFMASIEK encoding is generated.
2026-06-07 04:02:49 - __main__ - INFO - VYNWQHTCLRPGDFMASIEK encoding is done for multiclass task with:
	-custom
		-f1: 0.42111666825980343
		-auroc: 0.7892298780249332
	-resnet
		-f1: 0.4073956805298951
		-auroc: 0.7262251702379002
2026-06-07 04:02:49 - __main__ - INFO - Input matrix with VYNWQHTCLRPGDFMASIEK encoding is removed.

2026-06-07 04:02:54 - __main__ - INFO - Input matrix with EIDCMTRWAGPFKQLSYHVN encoding is generated.
2026-06-07 04:04:44 - __main__ - INFO - EIDCMTRWAGPFKQLSYHVN encoding is done for multiclass task with:
	-custom
		-f1: 0.4213894739527323
		-auroc: 0.7933185252918993
	-resnet
		-f1: 0.36168644356903235
		-auroc: 0.723639815886901
2026-06-07 04:04:44 - __main__ - INFO - Input matrix with EIDCMTRWAGPFKQLSYHVN encoding is removed.

2026-06-07 04:04:50 - __main__ - INFO - Input matrix with CGVPETHYMFIWQKLNDSRA encoding is generated.
2026-06-07 04:06:42 - __main__ - INFO - CGVPETHYMFIWQKLNDSRA encoding is done for multiclass task with:
	-custom
		-f1: 0.45237219294271835
		-auroc: 0.7945023117131372
	-resnet
		-f1: 0.42964976769475705
		-auroc: 0.7498808698167629
2026-06-07 04:06:42 - __main__ - INFO - Input matrix with CGVPETHYMFIWQKLNDSRA encoding is removed.

2026-06-07 04:06:47 - __main__ - INFO - Input matrix with WTGEKAQDCVMFSRNYPHLI encoding is generated.
2026-06-07 04:08:38 - __main__ - INFO - WTGEKAQDCVMFSRNYPHLI encoding is done for multiclass task with:
	-custom
		-f1: 0.44700251308840355
		-auroc: 0.7971508621777701
	-resnet
		-f1: 0.4197408655117313
		-auroc: 0.7393033098081258
2026-06-07 04:08:38 - __main__ - INFO - Input matrix with WTGEKAQDCVMFSRNYPHLI encoding is removed.

2026-06-07 04:08:43 - __main__ - INFO - Input matrix with YWTPDQLNMIEAFVKSHRCG encoding is generated.
2026-06-07 04:10:32 - __main__ - INFO - YWTPDQLNMIEAFVKSHRCG encoding is done for multiclass task with:
	-custom
		-f1: 0.40864155406185887
		-auroc: 0.7968568413473275
	-resnet
		-f1: 0.4135715394426877
		-auroc: 0.7252930099362891
2026-06-07 04:10:32 - __main__ - INFO - Input matrix with YWTPDQLNMIEAFVKSHRCG encoding is removed.

2026-06-07 04:10:38 - __main__ - INFO - Input matrix with DMQGINKPEWHCRSVTYFLA encoding is generated.
2026-06-07 04:12:27 - __main__ - INFO - DMQGINKPEWHCRSVTYFLA encoding is done for multiclass task with:
	-custom
		-f1: 0.4063232443653478
		-auroc: 0.7955429074657931
	-resnet
		-f1: 0.3879078650625043
		-auroc: 0.7563281314822833
2026-06-07 04:12:27 - __main__ - INFO - Input matrix with DMQGINKPEWHCRSVTYFLA encoding is removed.

2026-06-07 04:12:32 - __main__ - INFO - Input matrix with PLKNFVWHSYCEAGQTDMIR encoding is generated.
2026-06-07 04:14:26 - __main__ - INFO - PLKNFVWHSYCEAGQTDMIR encoding is done for multiclass task with:
	-custom
		-f1: 0.4511074554935838
		-auroc: 0.7960038700029368
	-resnet
		-f1: 0.37642127360009936
		-auroc: 0.7190705707990901
2026-06-07 04:14:26 - __main__ - INFO - Input matrix with PLKNFVWHSYCEAGQTDMIR encoding is removed.

2026-06-07 04:14:31 - __main__ - INFO - Input matrix with QMVEKICPFGYSAWLDNRHT encoding is generated.
2026-06-07 04:16:25 - __main__ - INFO - QMVEKICPFGYSAWLDNRHT encoding is done for multiclass task with:
	-custom
		-f1: 0.4548343136355907
		-auroc: 0.796213158144946
	-resnet
		-f1: 0.42325552806526534
		-auroc: 0.7457099317586936
2026-06-07 04:16:25 - __main__ - INFO - Input matrix with QMVEKICPFGYSAWLDNRHT encoding is removed.

2026-06-07 04:16:30 - __main__ - INFO - Input matrix with IYAPKQCMWSGLTFDHRNVE encoding is generated.
2026-06-07 04:18:20 - __main__ - INFO - IYAPKQCMWSGLTFDHRNVE encoding is done for multiclass task with:
	-custom
		-f1: 0.4305292866952529
		-auroc: 0.787031613506085
	-resnet
		-f1: 0.41143470026541423
		-auroc: 0.7399427952634213
2026-06-07 04:18:20 - __main__ - INFO - Input matrix with IYAPKQCMWSGLTFDHRNVE encoding is removed.

2026-06-07 04:18:26 - __main__ - INFO - Input matrix with PRKIVWYGDAELMFCNSTQH encoding is generated.
2026-06-07 04:20:16 - __main__ - INFO - PRKIVWYGDAELMFCNSTQH encoding is done for multiclass task with:
	-custom
		-f1: 0.4213000443955348
		-auroc: 0.8001336975624669
	-resnet
		-f1: 0.36264904483390314
		-auroc: 0.7247323808174082
2026-06-07 04:20:16 - __main__ - INFO - Input matrix with PRKIVWYGDAELMFCNSTQH encoding is removed.

2026-06-07 04:20:21 - __main__ - INFO - Input matrix with FMINPWCQGLKDHRTYVSEA encoding is generated.
2026-06-07 04:22:13 - __main__ - INFO - FMINPWCQGLKDHRTYVSEA encoding is done for multiclass task with:
	-custom
		-f1: 0.3954576773341075
		-auroc: 0.7923665433799881
	-resnet
		-f1: 0.32737863470461653
		-auroc: 0.7353563984466239
2026-06-07 04:22:13 - __main__ - INFO - Input matrix with FMINPWCQGLKDHRTYVSEA encoding is removed.

2026-06-07 04:22:18 - __main__ - INFO - Input matrix with EGQNRVHFTACMYSWIKDLP encoding is generated.
2026-06-07 04:24:09 - __main__ - INFO - EGQNRVHFTACMYSWIKDLP encoding is done for multiclass task with:
	-custom
		-f1: 0.4184087986689248
		-auroc: 0.7915686774429573
	-resnet
		-f1: 0.40583234391407563
		-auroc: 0.7320467859318142
2026-06-07 04:24:09 - __main__ - INFO - Input matrix with EGQNRVHFTACMYSWIKDLP encoding is removed.

2026-06-07 04:24:14 - __main__ - INFO - Input matrix with DHTEQWMRALSVIPGYCKNF encoding is generated.
2026-06-07 04:26:05 - __main__ - INFO - DHTEQWMRALSVIPGYCKNF encoding is done for multiclass task with:
	-custom
		-f1: 0.42757031206822005
		-auroc: 0.7977961494706894
	-resnet
		-f1: 0.3577987017478613
		-auroc: 0.7286568797977544
2026-06-07 04:26:05 - __main__ - INFO - Input matrix with DHTEQWMRALSVIPGYCKNF encoding is removed.

2026-06-07 04:26:11 - __main__ - INFO - Input matrix with RNYVCFKEQSTLAIHWPMDG encoding is generated.
2026-06-07 04:28:03 - __main__ - INFO - RNYVCFKEQSTLAIHWPMDG encoding is done for multiclass task with:
	-custom
		-f1: 0.40124524428020686
		-auroc: 0.7954908469974225
	-resnet
		-f1: 0.3415844278962543
		-auroc: 0.7161638606137899
2026-06-07 04:28:03 - __main__ - INFO - Input matrix with RNYVCFKEQSTLAIHWPMDG encoding is removed.

2026-06-07 04:28:08 - __main__ - INFO - Input matrix with IPCDYTWGSANFVQERLKHM encoding is generated.
2026-06-07 04:29:58 - __main__ - INFO - IPCDYTWGSANFVQERLKHM encoding is done for multiclass task with:
	-custom
		-f1: 0.4231726271057753
		-auroc: 0.7970194214586128
	-resnet
		-f1: 0.427994603581982
		-auroc: 0.7483846224654019
2026-06-07 04:29:58 - __main__ - INFO - Input matrix with IPCDYTWGSANFVQERLKHM encoding is removed.

2026-06-07 04:30:04 - __main__ - INFO - Input matrix with RTKPFMVIEQLCGNYHDSAW encoding is generated.
2026-06-07 04:31:54 - __main__ - INFO - RTKPFMVIEQLCGNYHDSAW encoding is done for multiclass task with:
	-custom
		-f1: 0.42700159556926953
		-auroc: 0.8049377758780951
	-resnet
		-f1: 0.36429523152029136
		-auroc: 0.7343318294079205
2026-06-07 04:31:54 - __main__ - INFO - Input matrix with RTKPFMVIEQLCGNYHDSAW encoding is removed.

2026-06-07 04:32:00 - __main__ - INFO - Input matrix with TLFQGHEAYIKPNWCSMDRV encoding is generated.
2026-06-07 04:33:51 - __main__ - INFO - TLFQGHEAYIKPNWCSMDRV encoding is done for multiclass task with:
	-custom
		-f1: 0.41254062771893396
		-auroc: 0.801197767215395
	-resnet
		-f1: 0.37804146434417973
		-auroc: 0.7335025570456568
2026-06-07 04:33:51 - __main__ - INFO - Input matrix with TLFQGHEAYIKPNWCSMDRV encoding is removed.

2026-06-07 04:33:56 - __main__ - INFO - Input matrix with PEKFYSIMHQLDANVGCWTR encoding is generated.
2026-06-07 04:35:46 - __main__ - INFO - PEKFYSIMHQLDANVGCWTR encoding is done for multiclass task with:
	-custom
		-f1: 0.4260019268391238
		-auroc: 0.7960410862613089
	-resnet
		-f1: 0.4244138615216634
		-auroc: 0.7662037412789606
2026-06-07 04:35:46 - __main__ - INFO - Input matrix with PEKFYSIMHQLDANVGCWTR encoding is removed.

2026-06-07 04:35:51 - __main__ - INFO - Input matrix with HRQICEMFWGPYKVTDLNSA encoding is generated.
2026-06-07 04:37:40 - __main__ - INFO - HRQICEMFWGPYKVTDLNSA encoding is done for multiclass task with:
	-custom
		-f1: 0.44643059086600667
		-auroc: 0.7957771925664959
	-resnet
		-f1: 0.3769925679398275
		-auroc: 0.7233509545912693
2026-06-07 04:37:40 - __main__ - INFO - Input matrix with HRQICEMFWGPYKVTDLNSA encoding is removed.

2026-06-07 04:37:45 - __main__ - INFO - Input matrix with GTMAEQVCSLNRKHPFIWYD encoding is generated.
2026-06-07 04:39:37 - __main__ - INFO - GTMAEQVCSLNRKHPFIWYD encoding is done for multiclass task with:
	-custom
		-f1: 0.42906760250071097
		-auroc: 0.7934048848273672
	-resnet
		-f1: 0.3458311801433389
		-auroc: 0.7153830163757261
2026-06-07 04:39:37 - __main__ - INFO - Input matrix with GTMAEQVCSLNRKHPFIWYD encoding is removed.

2026-06-07 04:39:42 - __main__ - INFO - Input matrix with WHLDGNRVTEQYPCFKSMAI encoding is generated.
2026-06-07 04:41:35 - __main__ - INFO - WHLDGNRVTEQYPCFKSMAI encoding is done for multiclass task with:
	-custom
		-f1: 0.43852715111529655
		-auroc: 0.7987234061737333
	-resnet
		-f1: 0.4276223228833976
		-auroc: 0.7179703626847711
2026-06-07 04:41:35 - __main__ - INFO - Input matrix with WHLDGNRVTEQYPCFKSMAI encoding is removed.

2026-06-07 04:41:40 - __main__ - INFO - Input matrix with NSGWITMVQLEHPFYRACKD encoding is generated.
2026-06-07 04:43:29 - __main__ - INFO - NSGWITMVQLEHPFYRACKD encoding is done for multiclass task with:
	-custom
		-f1: 0.40832175098262635
		-auroc: 0.7853330508536404
	-resnet
		-f1: 0.3502864259306691
		-auroc: 0.7058391884965474
2026-06-07 04:43:29 - __main__ - INFO - Input matrix with NSGWITMVQLEHPFYRACKD encoding is removed.

2026-06-07 04:43:35 - __main__ - INFO - Input matrix with QACRIFEKYLGWHDNVTPMS encoding is generated.
2026-06-07 04:45:26 - __main__ - INFO - QACRIFEKYLGWHDNVTPMS encoding is done for multiclass task with:
	-custom
		-f1: 0.4354295431490837
		-auroc: 0.8032133958702392
	-resnet
		-f1: 0.41007373124718943
		-auroc: 0.7029865102633603
2026-06-07 04:45:26 - __main__ - INFO - Input matrix with QACRIFEKYLGWHDNVTPMS encoding is removed.

2026-06-07 04:45:32 - __main__ - INFO - Input matrix with RGFVKIYPASTLNMECHWDQ encoding is generated.
2026-06-07 04:47:19 - __main__ - INFO - RGFVKIYPASTLNMECHWDQ encoding is done for multiclass task with:
	-custom
		-f1: 0.4094914710943294
		-auroc: 0.7920474117997289
	-resnet
		-f1: 0.4028093663846096
		-auroc: 0.7528207389604963
2026-06-07 04:47:19 - __main__ - INFO - Input matrix with RGFVKIYPASTLNMECHWDQ encoding is removed.

2026-06-07 04:47:24 - __main__ - INFO - Input matrix with PTECMYWKSHNGQFALDIVR encoding is generated.
2026-06-07 04:49:15 - __main__ - INFO - PTECMYWKSHNGQFALDIVR encoding is done for multiclass task with:
	-custom
		-f1: 0.43993766077608
		-auroc: 0.7947739631216394
	-resnet
		-f1: 0.3870889949190957
		-auroc: 0.7354844883262965
2026-06-07 04:49:15 - __main__ - INFO - Input matrix with PTECMYWKSHNGQFALDIVR encoding is removed.

2026-06-07 04:49:20 - __main__ - INFO - Input matrix with LFVCKMWIYSGATNPHQRED encoding is generated.
2026-06-07 04:51:08 - __main__ - INFO - LFVCKMWIYSGATNPHQRED encoding is done for multiclass task with:
	-custom
		-f1: 0.4738358295651265
		-auroc: 0.7971903546720304
	-resnet
		-f1: 0.4003594444229872
		-auroc: 0.7255918301713643
2026-06-07 04:51:08 - __main__ - INFO - Input matrix with LFVCKMWIYSGATNPHQRED encoding is removed.

2026-06-07 04:51:13 - __main__ - INFO - Input matrix with QNRGVIWPDKTYLFAECMSH encoding is generated.
2026-06-07 04:53:02 - __main__ - INFO - QNRGVIWPDKTYLFAECMSH encoding is done for multiclass task with:
	-custom
		-f1: 0.4207919548670119
		-auroc: 0.795115763547206
	-resnet
		-f1: 0.33576542981450025
		-auroc: 0.7160347158384652
2026-06-07 04:53:02 - __main__ - INFO - Input matrix with QNRGVIWPDKTYLFAECMSH encoding is removed.

2026-06-07 04:53:08 - __main__ - INFO - Input matrix with HGSPKAWTCMRIVYNQEFDL encoding is generated.
2026-06-07 04:55:00 - __main__ - INFO - HGSPKAWTCMRIVYNQEFDL encoding is done for multiclass task with:
	-custom
		-f1: 0.4126225503367211
		-auroc: 0.796352951635945
	-resnet
		-f1: 0.42294257651517164
		-auroc: 0.7467646921679226
2026-06-07 04:55:00 - __main__ - INFO - Input matrix with HGSPKAWTCMRIVYNQEFDL encoding is removed.

2026-06-07 04:55:05 - __main__ - INFO - Input matrix with ERSHPTQKIVACNYLFDMGW encoding is generated.
2026-06-07 04:56:54 - __main__ - INFO - ERSHPTQKIVACNYLFDMGW encoding is done for multiclass task with:
	-custom
		-f1: 0.46243067639697716
		-auroc: 0.7963799237121046
	-resnet
		-f1: 0.44444094401340434
		-auroc: 0.7499181959501584
2026-06-07 04:56:54 - __main__ - INFO - Input matrix with ERSHPTQKIVACNYLFDMGW encoding is removed.

2026-06-07 04:57:00 - __main__ - INFO - Input matrix with FREDPYWNVQCTGSHMLAKI encoding is generated.
2026-06-07 04:58:52 - __main__ - INFO - FREDPYWNVQCTGSHMLAKI encoding is done for multiclass task with:
	-custom
		-f1: 0.4188429434859316
		-auroc: 0.7911283855788119
	-resnet
		-f1: 0.41962626366575695
		-auroc: 0.7435225012748776
2026-06-07 04:58:52 - __main__ - INFO - Input matrix with FREDPYWNVQCTGSHMLAKI encoding is removed.

2026-06-07 04:58:57 - __main__ - INFO - Input matrix with FESDLRCGAIKHPWNQTVMY encoding is generated.
2026-06-07 05:00:46 - __main__ - INFO - FESDLRCGAIKHPWNQTVMY encoding is done for multiclass task with:
	-custom
		-f1: 0.446173815616626
		-auroc: 0.8051526115221899
	-resnet
		-f1: 0.389039329256013
		-auroc: 0.7389474545271566
2026-06-07 05:00:46 - __main__ - INFO - Input matrix with FESDLRCGAIKHPWNQTVMY encoding is removed.

2026-06-07 05:00:51 - __main__ - INFO - Input matrix with RHIVFSWETCKDAQGNMLPY encoding is generated.
2026-06-07 05:02:39 - __main__ - INFO - RHIVFSWETCKDAQGNMLPY encoding is done for multiclass task with:
	-custom
		-f1: 0.4535296650524677
		-auroc: 0.7944147360767229
	-resnet
		-f1: 0.38912596338519434
		-auroc: 0.7451841983360588
2026-06-07 05:02:39 - __main__ - INFO - Input matrix with RHIVFSWETCKDAQGNMLPY encoding is removed.

2026-06-07 05:02:44 - __main__ - INFO - Input matrix with RNYLAIEFTKPWQDSGHMVC encoding is generated.
2026-06-07 05:04:36 - __main__ - INFO - RNYLAIEFTKPWQDSGHMVC encoding is done for multiclass task with:
	-custom
		-f1: 0.45840614489287457
		-auroc: 0.7925736257808167
	-resnet
		-f1: 0.4442279138861186
		-auroc: 0.7302913761531665
2026-06-07 05:04:36 - __main__ - INFO - Input matrix with RNYLAIEFTKPWQDSGHMVC encoding is removed.

2026-06-07 05:04:41 - __main__ - INFO - Input matrix with MTVESIAWNRLHDGQFPYKC encoding is generated.
2026-06-07 05:06:33 - __main__ - INFO - MTVESIAWNRLHDGQFPYKC encoding is done for multiclass task with:
	-custom
		-f1: 0.42847745243077
		-auroc: 0.7939783322777076
	-resnet
		-f1: 0.42548611603450315
		-auroc: 0.7416143530087247
2026-06-07 05:06:33 - __main__ - INFO - Input matrix with MTVESIAWNRLHDGQFPYKC encoding is removed.

2026-06-07 05:06:39 - __main__ - INFO - Input matrix with VFTCDPWLNMIKQRYAGSHE encoding is generated.
2026-06-07 05:08:31 - __main__ - INFO - VFTCDPWLNMIKQRYAGSHE encoding is done for multiclass task with:
	-custom
		-f1: 0.4394215504420046
		-auroc: 0.7873867136061409
	-resnet
		-f1: 0.3880730034604458
		-auroc: 0.7049566470070309
2026-06-07 05:08:31 - __main__ - INFO - Input matrix with VFTCDPWLNMIKQRYAGSHE encoding is removed.

2026-06-07 05:08:36 - __main__ - INFO - Input matrix with WHDCSFVAYKTEILQRPMGN encoding is generated.
2026-06-07 05:10:28 - __main__ - INFO - WHDCSFVAYKTEILQRPMGN encoding is done for multiclass task with:
	-custom
		-f1: 0.4378817313699
		-auroc: 0.7996474457315499
	-resnet
		-f1: 0.41502167881845053
		-auroc: 0.7600686960338464
2026-06-07 05:10:28 - __main__ - INFO - Input matrix with WHDCSFVAYKTEILQRPMGN encoding is removed.

2026-06-07 05:10:33 - __main__ - INFO - Input matrix with VEIKQNSPADCHRWTFMYGL encoding is generated.
2026-06-07 05:12:22 - __main__ - INFO - VEIKQNSPADCHRWTFMYGL encoding is done for multiclass task with:
	-custom
		-f1: 0.4166235052665502
		-auroc: 0.7943009309894825
	-resnet
		-f1: 0.40238779138389774
		-auroc: 0.7372974388249764
2026-06-07 05:12:22 - __main__ - INFO - Input matrix with VEIKQNSPADCHRWTFMYGL encoding is removed.

2026-06-07 05:12:27 - __main__ - INFO - Input matrix with DKGAFVESMWIPYLCRNTQH encoding is generated.
2026-06-07 05:14:20 - __main__ - INFO - DKGAFVESMWIPYLCRNTQH encoding is done for multiclass task with:
	-custom
		-f1: 0.41739073297206836
		-auroc: 0.7928858197160903
	-resnet
		-f1: 0.4036873815001596
		-auroc: 0.7224394007906723
2026-06-07 05:14:20 - __main__ - INFO - Input matrix with DKGAFVESMWIPYLCRNTQH encoding is removed.

2026-06-07 05:14:26 - __main__ - INFO - Input matrix with HTRCPEWNIQSAKMFYDGVL encoding is generated.
2026-06-07 05:16:16 - __main__ - INFO - HTRCPEWNIQSAKMFYDGVL encoding is done for multiclass task with:
	-custom
		-f1: 0.4183636571606132
		-auroc: 0.7927191050420241
	-resnet
		-f1: 0.41971990964542805
		-auroc: 0.7347196174948752
2026-06-07 05:16:16 - __main__ - INFO - Input matrix with HTRCPEWNIQSAKMFYDGVL encoding is removed.

2026-06-07 05:16:22 - __main__ - INFO - Input matrix with QHSNDMARLEKVYWIGCPTF encoding is generated.
2026-06-07 05:18:15 - __main__ - INFO - QHSNDMARLEKVYWIGCPTF encoding is done for multiclass task with:
	-custom
		-f1: 0.45907039371554054
		-auroc: 0.803100196633919
	-resnet
		-f1: 0.3630209627171371
		-auroc: 0.7006809751572621
2026-06-07 05:18:15 - __main__ - INFO - Input matrix with QHSNDMARLEKVYWIGCPTF encoding is removed.

2026-06-07 05:18:20 - __main__ - INFO - Input matrix with RMSCWYFDPGIVLENATQHK encoding is generated.
2026-06-07 05:20:07 - __main__ - INFO - RMSCWYFDPGIVLENATQHK encoding is done for multiclass task with:
	-custom
		-f1: 0.43596199131837904
		-auroc: 0.8019480739144754
	-resnet
		-f1: 0.3747451922479932
		-auroc: 0.726682745787077
2026-06-07 05:20:07 - __main__ - INFO - Input matrix with RMSCWYFDPGIVLENATQHK encoding is removed.

2026-06-07 05:20:13 - __main__ - INFO - Input matrix with TFGLWQMHYSRNACKPDEIV encoding is generated.
2026-06-07 05:22:04 - __main__ - INFO - TFGLWQMHYSRNACKPDEIV encoding is done for multiclass task with:
	-custom
		-f1: 0.4395516011586856
		-auroc: 0.7940321792248664
	-resnet
		-f1: 0.43295631354837605
		-auroc: 0.7560858937408456
2026-06-07 05:22:04 - __main__ - INFO - Input matrix with TFGLWQMHYSRNACKPDEIV encoding is removed.

2026-06-07 05:22:10 - __main__ - INFO - Input matrix with AYSLHEKRMFINWDVCTQPG encoding is generated.
2026-06-07 05:23:58 - __main__ - INFO - AYSLHEKRMFINWDVCTQPG encoding is done for multiclass task with:
	-custom
		-f1: 0.43975886494558064
		-auroc: 0.790538020352799
	-resnet
		-f1: 0.3607208415068677
		-auroc: 0.718893688504426
2026-06-07 05:23:58 - __main__ - INFO - Input matrix with AYSLHEKRMFINWDVCTQPG encoding is removed.

2026-06-07 05:24:03 - __main__ - INFO - Input matrix with NFKHPEAGWLQITSYMDCVR encoding is generated.
2026-06-07 05:25:55 - __main__ - INFO - NFKHPEAGWLQITSYMDCVR encoding is done for multiclass task with:
	-custom
		-f1: 0.426058914297159
		-auroc: 0.7817469243373651
	-resnet
		-f1: 0.4080161599401181
		-auroc: 0.7335662188159839
2026-06-07 05:25:55 - __main__ - INFO - Input matrix with NFKHPEAGWLQITSYMDCVR encoding is removed.

2026-06-07 05:26:01 - __main__ - INFO - Input matrix with YTKFRSVQLNPCGAMDEWHI encoding is generated.
2026-06-07 05:27:50 - __main__ - INFO - YTKFRSVQLNPCGAMDEWHI encoding is done for multiclass task with:
	-custom
		-f1: 0.4327132102717023
		-auroc: 0.7994122174110151
	-resnet
		-f1: 0.3159455315805942
		-auroc: 0.6850583878446975
2026-06-07 05:27:50 - __main__ - INFO - Input matrix with YTKFRSVQLNPCGAMDEWHI encoding is removed.

2026-06-07 05:27:56 - __main__ - INFO - Input matrix with HLERPIQNSFWTADCVKYMG encoding is generated.
2026-06-07 05:29:46 - __main__ - INFO - HLERPIQNSFWTADCVKYMG encoding is done for multiclass task with:
	-custom
		-f1: 0.4614440867596672
		-auroc: 0.7958480171564783
	-resnet
		-f1: 0.3951420611931892
		-auroc: 0.7299816728732165
2026-06-07 05:29:46 - __main__ - INFO - Input matrix with HLERPIQNSFWTADCVKYMG encoding is removed.

2026-06-07 05:29:52 - __main__ - INFO - Input matrix with YQWKGNREHSPMIFCTLAVD encoding is generated.
2026-06-07 05:31:39 - __main__ - INFO - YQWKGNREHSPMIFCTLAVD encoding is done for multiclass task with:
	-custom
		-f1: 0.45437035578649015
		-auroc: 0.799592151110031
	-resnet
		-f1: 0.4214755661641455
		-auroc: 0.7552706053754674
2026-06-07 05:31:39 - __main__ - INFO - Input matrix with YQWKGNREHSPMIFCTLAVD encoding is removed.

2026-06-07 05:31:44 - __main__ - INFO - Input matrix with CQPIHGTEAWVYSDFRMNLK encoding is generated.
2026-06-07 05:33:36 - __main__ - INFO - CQPIHGTEAWVYSDFRMNLK encoding is done for multiclass task with:
	-custom
		-f1: 0.4441533045991717
		-auroc: 0.7999635629764622
	-resnet
		-f1: 0.37480505346803006
		-auroc: 0.738005005179261
2026-06-07 05:33:36 - __main__ - INFO - Input matrix with CQPIHGTEAWVYSDFRMNLK encoding is removed.

2026-06-07 05:33:42 - __main__ - INFO - Input matrix with TVKPMEICSNWQLHFADGRY encoding is generated.
2026-06-07 05:35:30 - __main__ - INFO - TVKPMEICSNWQLHFADGRY encoding is done for multiclass task with:
	-custom
		-f1: 0.4373399460672016
		-auroc: 0.8046021735655027
	-resnet
		-f1: 0.34556804030071114
		-auroc: 0.7323870727163874
2026-06-07 05:35:30 - __main__ - INFO - Input matrix with TVKPMEICSNWQLHFADGRY encoding is removed.

2026-06-07 05:35:36 - __main__ - INFO - Input matrix with QAHMTLWIEPSKYFGDRCNV encoding is generated.
2026-06-07 05:37:28 - __main__ - INFO - QAHMTLWIEPSKYFGDRCNV encoding is done for multiclass task with:
	-custom
		-f1: 0.44867725278865783
		-auroc: 0.7952276920348381
	-resnet
		-f1: 0.3368947313024983
		-auroc: 0.7183935855878687
2026-06-07 05:37:28 - __main__ - INFO - Input matrix with QAHMTLWIEPSKYFGDRCNV encoding is removed.

2026-06-07 05:37:34 - __main__ - INFO - Input matrix with DHQWCVASEKLNMPIGRYTF encoding is generated.
2026-06-07 05:39:27 - __main__ - INFO - DHQWCVASEKLNMPIGRYTF encoding is done for multiclass task with:
	-custom
		-f1: 0.43786973737114243
		-auroc: 0.7925008036498387
	-resnet
		-f1: 0.41560125281811955
		-auroc: 0.7171598827448464
2026-06-07 05:39:27 - __main__ - INFO - Input matrix with DHQWCVASEKLNMPIGRYTF encoding is removed.

2026-06-07 05:39:32 - __main__ - INFO - Input matrix with EHLCTYKFSGQWRNDVAMIP encoding is generated.
2026-06-07 05:41:20 - __main__ - INFO - EHLCTYKFSGQWRNDVAMIP encoding is done for multiclass task with:
	-custom
		-f1: 0.44067252364176984
		-auroc: 0.7810397561654193
	-resnet
		-f1: 0.3910141003778118
		-auroc: 0.7362220541387738
2026-06-07 05:41:20 - __main__ - INFO - Input matrix with EHLCTYKFSGQWRNDVAMIP encoding is removed.

2026-06-07 05:41:26 - __main__ - INFO - Input matrix with EVDPTRMFQYKLGCSWAHNI encoding is generated.
2026-06-07 05:43:18 - __main__ - INFO - EVDPTRMFQYKLGCSWAHNI encoding is done for multiclass task with:
	-custom
		-f1: 0.4450050656557022
		-auroc: 0.7947121922149254
	-resnet
		-f1: 0.3683904373677157
		-auroc: 0.7153259397915879
2026-06-07 05:43:18 - __main__ - INFO - Input matrix with EVDPTRMFQYKLGCSWAHNI encoding is removed.

2026-06-07 05:43:23 - __main__ - INFO - Input matrix with TPRGCSWFDYNQEHLMVIKA encoding is generated.
2026-06-07 05:45:12 - __main__ - INFO - TPRGCSWFDYNQEHLMVIKA encoding is done for multiclass task with:
	-custom
		-f1: 0.42480372244631426
		-auroc: 0.7936718645774444
	-resnet
		-f1: 0.3772755618898086
		-auroc: 0.7193292611260043
2026-06-07 05:45:12 - __main__ - INFO - Input matrix with TPRGCSWFDYNQEHLMVIKA encoding is removed.

2026-06-07 05:45:17 - __main__ - INFO - Input matrix with TRIQSPWAVFMKCDNGEHYL encoding is generated.
2026-06-07 05:47:09 - __main__ - INFO - TRIQSPWAVFMKCDNGEHYL encoding is done for multiclass task with:
	-custom
		-f1: 0.4156178399023004
		-auroc: 0.7955005846619452
	-resnet
		-f1: 0.3497788899815635
		-auroc: 0.7139919678149009
2026-06-07 05:47:09 - __main__ - INFO - Input matrix with TRIQSPWAVFMKCDNGEHYL encoding is removed.

2026-06-07 05:47:15 - __main__ - INFO - Input matrix with ITWVDFYKSRNQLPHMECGA encoding is generated.
2026-06-07 05:49:04 - __main__ - INFO - ITWVDFYKSRNQLPHMECGA encoding is done for multiclass task with:
	-custom
		-f1: 0.42542629476172217
		-auroc: 0.7987472848025219
	-resnet
		-f1: 0.41322644236636175
		-auroc: 0.742509109978063
2026-06-07 05:49:04 - __main__ - INFO - Input matrix with ITWVDFYKSRNQLPHMECGA encoding is removed.

2026-06-07 05:49:10 - __main__ - INFO - Input matrix with RKHWEAQLTIVFCMNSGDYP encoding is generated.
2026-06-07 05:51:00 - __main__ - INFO - RKHWEAQLTIVFCMNSGDYP encoding is done for multiclass task with:
	-custom
		-f1: 0.4322230407088588
		-auroc: 0.8008604180053162
	-resnet
		-f1: 0.3625731732507818
		-auroc: 0.7211011121471781
2026-06-07 05:51:00 - __main__ - INFO - Input matrix with RKHWEAQLTIVFCMNSGDYP encoding is removed.

2026-06-07 05:51:06 - __main__ - INFO - Input matrix with YPQIRHELMNVTASFGCWDK encoding is generated.
2026-06-07 05:52:55 - __main__ - INFO - YPQIRHELMNVTASFGCWDK encoding is done for multiclass task with:
	-custom
		-f1: 0.4096758423069914
		-auroc: 0.784020371785733
	-resnet
		-f1: 0.39640377533598525
		-auroc: 0.7293961511042133
2026-06-07 05:52:55 - __main__ - INFO - Input matrix with YPQIRHELMNVTASFGCWDK encoding is removed.

2026-06-07 05:53:00 - __main__ - INFO - Input matrix with CAEPWNDTMSFIHGKVLQYR encoding is generated.
2026-06-07 05:54:52 - __main__ - INFO - CAEPWNDTMSFIHGKVLQYR encoding is done for multiclass task with:
	-custom
		-f1: 0.42227173532440715
		-auroc: 0.788222826999595
	-resnet
		-f1: 0.40455959359159854
		-auroc: 0.7499614448445471
2026-06-07 05:54:52 - __main__ - INFO - Input matrix with CAEPWNDTMSFIHGKVLQYR encoding is removed.

2026-06-07 05:54:57 - __main__ - INFO - Input matrix with LRFMCVDGYKTWHAQEPISN encoding is generated.
2026-06-07 05:56:47 - __main__ - INFO - LRFMCVDGYKTWHAQEPISN encoding is done for multiclass task with:
	-custom
		-f1: 0.45204937338802437
		-auroc: 0.794914598488818
	-resnet
		-f1: 0.40717980953916
		-auroc: 0.7439600078614975
2026-06-07 05:56:47 - __main__ - INFO - Input matrix with LRFMCVDGYKTWHAQEPISN encoding is removed.

2026-06-07 05:56:53 - __main__ - INFO - Input matrix with MFWGERTHDLQAIVPNCYSK encoding is generated.
2026-06-07 05:58:42 - __main__ - INFO - MFWGERTHDLQAIVPNCYSK encoding is done for multiclass task with:
	-custom
		-f1: 0.4403722271384799
		-auroc: 0.801275744883341
	-resnet
		-f1: 0.36077322892061436
		-auroc: 0.7221111523974406
2026-06-07 05:58:42 - __main__ - INFO - Input matrix with MFWGERTHDLQAIVPNCYSK encoding is removed.

2026-06-07 05:58:48 - __main__ - INFO - Input matrix with GKLDHYPQVTMWASICEFNR encoding is generated.
2026-06-07 06:00:41 - __main__ - INFO - GKLDHYPQVTMWASICEFNR encoding is done for multiclass task with:
	-custom
		-f1: 0.41586786166105616
		-auroc: 0.7923969508651861
	-resnet
		-f1: 0.3960362454040381
		-auroc: 0.7311547523956224
2026-06-07 06:00:41 - __main__ - INFO - Input matrix with GKLDHYPQVTMWASICEFNR encoding is removed.

2026-06-07 06:00:46 - __main__ - INFO - Input matrix with SLDMAFTEKPGHICYQRVWN encoding is generated.
2026-06-07 06:02:35 - __main__ - INFO - SLDMAFTEKPGHICYQRVWN encoding is done for multiclass task with:
	-custom
		-f1: 0.43583932541966847
		-auroc: 0.8050309037908118
	-resnet
		-f1: 0.390990048928284
		-auroc: 0.7327394252711495
2026-06-07 06:02:35 - __main__ - INFO - Input matrix with SLDMAFTEKPGHICYQRVWN encoding is removed.

2026-06-07 06:02:40 - __main__ - INFO - Input matrix with TPKYMQLGNAWHEFVDSIRC encoding is generated.
2026-06-07 06:04:33 - __main__ - INFO - TPKYMQLGNAWHEFVDSIRC encoding is done for multiclass task with:
	-custom
		-f1: 0.44453328934504494
		-auroc: 0.7945478743763338
	-resnet
		-f1: 0.4015261620212932
		-auroc: 0.7286423666566867
2026-06-07 06:04:33 - __main__ - INFO - Input matrix with TPKYMQLGNAWHEFVDSIRC encoding is removed.

2026-06-07 06:04:38 - __main__ - INFO - Input matrix with RHGNVSKWMFQCYEAPITLD encoding is generated.
2026-06-07 06:06:27 - __main__ - INFO - RHGNVSKWMFQCYEAPITLD encoding is done for multiclass task with:
	-custom
		-f1: 0.4490118578672675
		-auroc: 0.7980653779656666
	-resnet
		-f1: 0.39724299772947175
		-auroc: 0.7350635628599591
2026-06-07 06:06:27 - __main__ - INFO - Input matrix with RHGNVSKWMFQCYEAPITLD encoding is removed.

2026-06-07 06:06:33 - __main__ - INFO - Input matrix with MNTRPIQVHSLECFGWYKDA encoding is generated.
2026-06-07 06:08:21 - __main__ - INFO - MNTRPIQVHSLECFGWYKDA encoding is done for multiclass task with:
	-custom
		-f1: 0.4106749617013986
		-auroc: 0.7952416103864256
	-resnet
		-f1: 0.3858692240971589
		-auroc: 0.7359972290827365
2026-06-07 06:08:21 - __main__ - INFO - Input matrix with MNTRPIQVHSLECFGWYKDA encoding is removed.

2026-06-07 06:08:27 - __main__ - INFO - Input matrix with IEQYDNALWKRMCTFSPVHG encoding is generated.
2026-06-07 06:10:19 - __main__ - INFO - IEQYDNALWKRMCTFSPVHG encoding is done for multiclass task with:
	-custom
		-f1: 0.402911384170083
		-auroc: 0.7999293558895262
	-resnet
		-f1: 0.4148352840106046
		-auroc: 0.7385607591730636
2026-06-07 06:10:19 - __main__ - INFO - Input matrix with IEQYDNALWKRMCTFSPVHG encoding is removed.

2026-06-07 06:10:24 - __main__ - INFO - Input matrix with RSYHLWPNDVFKQGIAETMC encoding is generated.
2026-06-07 06:12:16 - __main__ - INFO - RSYHLWPNDVFKQGIAETMC encoding is done for multiclass task with:
	-custom
		-f1: 0.46284365563885543
		-auroc: 0.7982388231266009
	-resnet
		-f1: 0.33969277721337127
		-auroc: 0.7213301884687706
2026-06-07 06:12:16 - __main__ - INFO - Input matrix with RSYHLWPNDVFKQGIAETMC encoding is removed.

2026-06-07 06:12:21 - __main__ - INFO - Input matrix with WVEDMKTNFRHCYALPIGSQ encoding is generated.
2026-06-07 06:14:11 - __main__ - INFO - WVEDMKTNFRHCYALPIGSQ encoding is done for multiclass task with:
	-custom
		-f1: 0.403396596316339
		-auroc: 0.7900389365636984
	-resnet
		-f1: 0.38329678827286484
		-auroc: 0.7279895129654455
2026-06-07 06:14:11 - __main__ - INFO - Input matrix with WVEDMKTNFRHCYALPIGSQ encoding is removed.

2026-06-07 06:14:17 - __main__ - INFO - Input matrix with MSRQDNITKLHCPAGWYFVE encoding is generated.
2026-06-07 06:16:08 - __main__ - INFO - MSRQDNITKLHCPAGWYFVE encoding is done for multiclass task with:
	-custom
		-f1: 0.41030734183372725
		-auroc: 0.7918349706816993
	-resnet
		-f1: 0.3664256713245806
		-auroc: 0.7343940865769869
2026-06-07 06:16:08 - __main__ - INFO - Input matrix with MSRQDNITKLHCPAGWYFVE encoding is removed.

2026-06-07 06:16:13 - __main__ - INFO - Input matrix with QLNECAHRGYDWKTSMVPFI encoding is generated.
2026-06-07 06:18:01 - __main__ - INFO - QLNECAHRGYDWKTSMVPFI encoding is done for multiclass task with:
	-custom
		-f1: 0.42913817584416714
		-auroc: 0.8024655246464499
	-resnet
		-f1: 0.401184620082255
		-auroc: 0.7421876521251489
2026-06-07 06:18:01 - __main__ - INFO - Input matrix with QLNECAHRGYDWKTSMVPFI encoding is removed.

2026-06-07 06:18:07 - __main__ - INFO - Input matrix with HIFEQGYNWVMASPKDCLRT encoding is generated.
2026-06-07 06:19:54 - __main__ - INFO - HIFEQGYNWVMASPKDCLRT encoding is done for multiclass task with:
	-custom
		-f1: 0.4488352704952339
		-auroc: 0.7846550137242112
	-resnet
		-f1: 0.4186388889679898
		-auroc: 0.7326112942865817
2026-06-07 06:19:54 - __main__ - INFO - Input matrix with HIFEQGYNWVMASPKDCLRT encoding is removed.

2026-06-07 06:20:00 - __main__ - INFO - Input matrix with GQSANFIKEVMYCPWTHRDL encoding is generated.
2026-06-07 06:21:50 - __main__ - INFO - GQSANFIKEVMYCPWTHRDL encoding is done for multiclass task with:
	-custom
		-f1: 0.4311346086710569
		-auroc: 0.792153087224405
	-resnet
		-f1: 0.39049651836110655
		-auroc: 0.7199488115434186
2026-06-07 06:21:50 - __main__ - INFO - Input matrix with GQSANFIKEVMYCPWTHRDL encoding is removed.

2026-06-07 06:21:55 - __main__ - INFO - Input matrix with TRIKSFPHCYEVMLDWAQNG encoding is generated.
2026-06-07 06:23:44 - __main__ - INFO - TRIKSFPHCYEVMLDWAQNG encoding is done for multiclass task with:
	-custom
		-f1: 0.43103322928697924
		-auroc: 0.7926809922330614
	-resnet
		-f1: 0.3753146491196269
		-auroc: 0.7100052952974678
2026-06-07 06:23:44 - __main__ - INFO - Input matrix with TRIKSFPHCYEVMLDWAQNG encoding is removed.

2026-06-07 06:23:49 - __main__ - INFO - Input matrix with SNHVELADCRWYIMKPTFGQ encoding is generated.
2026-06-07 06:25:42 - __main__ - INFO - SNHVELADCRWYIMKPTFGQ encoding is done for multiclass task with:
	-custom
		-f1: 0.4141552821830229
		-auroc: 0.7985128814098275
	-resnet
		-f1: 0.35023186816025687
		-auroc: 0.7181453730380353
2026-06-07 06:25:42 - __main__ - INFO - Input matrix with SNHVELADCRWYIMKPTFGQ encoding is removed.

2026-06-07 06:25:48 - __main__ - INFO - Input matrix with FHMTQYSDRNIWPKVALGCE encoding is generated.
2026-06-07 06:27:40 - __main__ - INFO - FHMTQYSDRNIWPKVALGCE encoding is done for multiclass task with:
	-custom
		-f1: 0.43063021603444823
		-auroc: 0.7940392171031947
	-resnet
		-f1: 0.3875984728297998
		-auroc: 0.7352351268226488
2026-06-07 06:27:40 - __main__ - INFO - Input matrix with FHMTQYSDRNIWPKVALGCE encoding is removed.

2026-06-07 06:27:45 - __main__ - INFO - Input matrix with CQLDHRGMNIEWTKPVSYFA encoding is generated.
2026-06-07 06:29:37 - __main__ - INFO - CQLDHRGMNIEWTKPVSYFA encoding is done for multiclass task with:
	-custom
		-f1: 0.4317936520741707
		-auroc: 0.7970114887671416
	-resnet
		-f1: 0.3913873429506857
		-auroc: 0.71661922531725
2026-06-07 06:29:37 - __main__ - INFO - Input matrix with CQLDHRGMNIEWTKPVSYFA encoding is removed.

2026-06-07 06:29:43 - __main__ - INFO - Input matrix with WKIYAREQNTDLMGCSFHPV encoding is generated.
2026-06-07 06:31:34 - __main__ - INFO - WKIYAREQNTDLMGCSFHPV encoding is done for multiclass task with:
	-custom
		-f1: 0.4214563950622129
		-auroc: 0.8000163109075782
	-resnet
		-f1: 0.39259153232901056
		-auroc: 0.7428157971491363
2026-06-07 06:31:34 - __main__ - INFO - Input matrix with WKIYAREQNTDLMGCSFHPV encoding is removed.

2026-06-07 06:31:39 - __main__ - INFO - Input matrix with HVTKGAFMQWCIDNRYLPSE encoding is generated.
2026-06-07 06:33:32 - __main__ - INFO - HVTKGAFMQWCIDNRYLPSE encoding is done for multiclass task with:
	-custom
		-f1: 0.42296364945719966
		-auroc: 0.7929542886841034
	-resnet
		-f1: 0.44713329985274386
		-auroc: 0.7624532599666118
2026-06-07 06:33:32 - __main__ - INFO - Input matrix with HVTKGAFMQWCIDNRYLPSE encoding is removed.

2026-06-07 06:33:37 - __main__ - INFO - Input matrix with CVKTNIGARSEQLPHDWFMY encoding is generated.
2026-06-07 06:35:28 - __main__ - INFO - CVKTNIGARSEQLPHDWFMY encoding is done for multiclass task with:
	-custom
		-f1: 0.4215656456934919
		-auroc: 0.7938095904830671
	-resnet
		-f1: 0.3212051965397481
		-auroc: 0.7087089343191968
2026-06-07 06:35:28 - __main__ - INFO - Input matrix with CVKTNIGARSEQLPHDWFMY encoding is removed.

2026-06-07 06:35:34 - __main__ - INFO - Input matrix with LAFMQPDRSKWTEYCHIGNV encoding is generated.
2026-06-07 06:37:23 - __main__ - INFO - LAFMQPDRSKWTEYCHIGNV encoding is done for multiclass task with:
	-custom
		-f1: 0.4130490212439331
		-auroc: 0.7993333157954752
	-resnet
		-f1: 0.38656887842496834
		-auroc: 0.7581964127702115
2026-06-07 06:37:23 - __main__ - INFO - Input matrix with LAFMQPDRSKWTEYCHIGNV encoding is removed.

2026-06-07 06:37:29 - __main__ - INFO - Input matrix with QLKFEYGAPSDMVNTWRIHC encoding is generated.
2026-06-07 06:39:20 - __main__ - INFO - QLKFEYGAPSDMVNTWRIHC encoding is done for multiclass task with:
	-custom
		-f1: 0.419140556801943
		-auroc: 0.7922781111046232
	-resnet
		-f1: 0.3961658266446365
		-auroc: 0.7196934427112414
2026-06-07 06:39:20 - __main__ - INFO - Input matrix with QLKFEYGAPSDMVNTWRIHC encoding is removed.

2026-06-07 06:39:25 - __main__ - INFO - Input matrix with FSAHQELNCMPTIRYGVDWK encoding is generated.
2026-06-07 06:41:18 - __main__ - INFO - FSAHQELNCMPTIRYGVDWK encoding is done for multiclass task with:
	-custom
		-f1: 0.4096422552373412
		-auroc: 0.7926191556464903
	-resnet
		-f1: 0.3636760837710525
		-auroc: 0.7234153391692898
2026-06-07 06:41:18 - __main__ - INFO - Input matrix with FSAHQELNCMPTIRYGVDWK encoding is removed.

2026-06-07 06:41:23 - __main__ - INFO - Input matrix with NWLFTHEMVSIAKRQDPYCG encoding is generated.
2026-06-07 06:43:12 - __main__ - INFO - NWLFTHEMVSIAKRQDPYCG encoding is done for multiclass task with:
	-custom
		-f1: 0.43435776184345876
		-auroc: 0.7912521264517796
	-resnet
		-f1: 0.41352641396651435
		-auroc: 0.7399126655584775
2026-06-07 06:43:12 - __main__ - INFO - Input matrix with NWLFTHEMVSIAKRQDPYCG encoding is removed.

2026-06-07 06:43:18 - __main__ - INFO - Input matrix with IPAYDCNQGSVHFMWKLETR encoding is generated.
2026-06-07 06:45:06 - __main__ - INFO - IPAYDCNQGSVHFMWKLETR encoding is done for multiclass task with:
	-custom
		-f1: 0.43079138626654456
		-auroc: 0.7922394724104881
	-resnet
		-f1: 0.38076098300083905
		-auroc: 0.7293517180787259
2026-06-07 06:45:06 - __main__ - INFO - Input matrix with IPAYDCNQGSVHFMWKLETR encoding is removed.

2026-06-07 06:45:12 - __main__ - INFO - Input matrix with SQPKMTIFDLYNHGEVWRCA encoding is generated.
2026-06-07 06:47:05 - __main__ - INFO - SQPKMTIFDLYNHGEVWRCA encoding is done for multiclass task with:
	-custom
		-f1: 0.4132285496264023
		-auroc: 0.7982095714374126
	-resnet
		-f1: 0.3980551460809749
		-auroc: 0.7306980128231744
2026-06-07 06:47:05 - __main__ - INFO - Input matrix with SQPKMTIFDLYNHGEVWRCA encoding is removed.

2026-06-07 06:47:11 - __main__ - INFO - Input matrix with DFYWCSKGTHPLREIMAVNQ encoding is generated.
2026-06-07 06:49:02 - __main__ - INFO - DFYWCSKGTHPLREIMAVNQ encoding is done for multiclass task with:
	-custom
		-f1: 0.42320184325986104
		-auroc: 0.7902340795269187
	-resnet
		-f1: 0.45017479314467224
		-auroc: 0.7679035470112664
2026-06-07 06:49:02 - __main__ - INFO - Input matrix with DFYWCSKGTHPLREIMAVNQ encoding is removed.

2026-06-07 06:49:07 - __main__ - INFO - Input matrix with YHICQGRFPKDLVTEAMSWN encoding is generated.
2026-06-07 06:50:59 - __main__ - INFO - YHICQGRFPKDLVTEAMSWN encoding is done for multiclass task with:
	-custom
		-f1: 0.4551597506460201
		-auroc: 0.7938552285505136
	-resnet
		-f1: 0.43396631099034116
		-auroc: 0.7585532153030399
2026-06-07 06:50:59 - __main__ - INFO - Input matrix with YHICQGRFPKDLVTEAMSWN encoding is removed.

2026-06-07 06:51:04 - __main__ - INFO - Input matrix with GSYQLRVHIMFKENPTADCW encoding is generated.
2026-06-07 06:52:52 - __main__ - INFO - GSYQLRVHIMFKENPTADCW encoding is done for multiclass task with:
	-custom
		-f1: 0.4393706726350962
		-auroc: 0.7904078651623114
	-resnet
		-f1: 0.3719646017107599
		-auroc: 0.7323337675798867
2026-06-07 06:52:52 - __main__ - INFO - Input matrix with GSYQLRVHIMFKENPTADCW encoding is removed.

2026-06-07 06:52:58 - __main__ - INFO - Input matrix with GNWCHFDKYPQRVTLMESIA encoding is generated.
2026-06-07 06:54:50 - __main__ - INFO - GNWCHFDKYPQRVTLMESIA encoding is done for multiclass task with:
	-custom
		-f1: 0.42142781705373544
		-auroc: 0.7869560908424326
	-resnet
		-f1: 0.38453469808145935
		-auroc: 0.7089336739910296
2026-06-07 06:54:50 - __main__ - INFO - Input matrix with GNWCHFDKYPQRVTLMESIA encoding is removed.

2026-06-07 06:54:55 - __main__ - INFO - Input matrix with DVQALCTMHWFSIEYKGNPR encoding is generated.
2026-06-07 06:56:47 - __main__ - INFO - DVQALCTMHWFSIEYKGNPR encoding is done for multiclass task with:
	-custom
		-f1: 0.4423393627265339
		-auroc: 0.7898221300905514
	-resnet
		-f1: 0.3472621052084765
		-auroc: 0.7173268171148761
2026-06-07 06:56:47 - __main__ - INFO - Input matrix with DVQALCTMHWFSIEYKGNPR encoding is removed.

2026-06-07 06:56:53 - __main__ - INFO - Input matrix with STRLADMYIPWKQFNCGHEV encoding is generated.
2026-06-07 06:58:44 - __main__ - INFO - STRLADMYIPWKQFNCGHEV encoding is done for multiclass task with:
	-custom
		-f1: 0.43698176153677276
		-auroc: 0.7985867009993204
	-resnet
		-f1: 0.37212414452417125
		-auroc: 0.7287744496425115
2026-06-07 06:58:44 - __main__ - INFO - Input matrix with STRLADMYIPWKQFNCGHEV encoding is removed.

2026-06-07 06:58:49 - __main__ - INFO - Input matrix with AVEYGPCHQMFSWTLRKNID encoding is generated.
2026-06-07 07:00:41 - __main__ - INFO - AVEYGPCHQMFSWTLRKNID encoding is done for multiclass task with:
	-custom
		-f1: 0.42251176960098125
		-auroc: 0.7987569205346814
	-resnet
		-f1: 0.4426680584196202
		-auroc: 0.7426642769940687
2026-06-07 07:00:41 - __main__ - INFO - Input matrix with AVEYGPCHQMFSWTLRKNID encoding is removed.

2026-06-07 07:00:47 - __main__ - INFO - Input matrix with GQISCENVPDAMFLWTKYHR encoding is generated.
2026-06-07 07:02:39 - __main__ - INFO - GQISCENVPDAMFLWTKYHR encoding is done for multiclass task with:
	-custom
		-f1: 0.38988548606417855
		-auroc: 0.7757804454712387
	-resnet
		-f1: 0.36771823339691667
		-auroc: 0.7467715253826223
2026-06-07 07:02:39 - __main__ - INFO - Input matrix with GQISCENVPDAMFLWTKYHR encoding is removed.

2026-06-07 07:02:45 - __main__ - INFO - Input matrix with RNLSDYATKFPHMVIEQGWC encoding is generated.
2026-06-07 07:04:33 - __main__ - INFO - RNLSDYATKFPHMVIEQGWC encoding is done for multiclass task with:
	-custom
		-f1: 0.4245265045724359
		-auroc: 0.7954816133346826
	-resnet
		-f1: 0.4016843749090935
		-auroc: 0.7354064698407333
2026-06-07 07:04:33 - __main__ - INFO - Input matrix with RNLSDYATKFPHMVIEQGWC encoding is removed.

2026-06-07 07:04:39 - __main__ - INFO - Input matrix with YGDIHAMPSQFRKCWVTNEL encoding is generated.
2026-06-07 07:06:30 - __main__ - INFO - YGDIHAMPSQFRKCWVTNEL encoding is done for multiclass task with:
	-custom
		-f1: 0.4074800246155238
		-auroc: 0.793572800255197
	-resnet
		-f1: 0.3622096628128268
		-auroc: 0.7454791306346833
2026-06-07 07:06:30 - __main__ - INFO - Input matrix with YGDIHAMPSQFRKCWVTNEL encoding is removed.

2026-06-07 07:06:36 - __main__ - INFO - Input matrix with HWGETFVLYQRCNADSMIPK encoding is generated.
2026-06-07 07:08:27 - __main__ - INFO - HWGETFVLYQRCNADSMIPK encoding is done for multiclass task with:
	-custom
		-f1: 0.4092565817253826
		-auroc: 0.7938691796929039
	-resnet
		-f1: 0.4123022492807918
		-auroc: 0.7343848132889914
2026-06-07 07:08:27 - __main__ - INFO - Input matrix with HWGETFVLYQRCNADSMIPK encoding is removed.

2026-06-07 07:08:32 - __main__ - INFO - Input matrix with CQGDKPINTMEAWSLYHRFV encoding is generated.
2026-06-07 07:10:19 - __main__ - INFO - CQGDKPINTMEAWSLYHRFV encoding is done for multiclass task with:
	-custom
		-f1: 0.4320625363640467
		-auroc: 0.7928663119611434
	-resnet
		-f1: 0.39997209336653017
		-auroc: 0.7243233012514674
2026-06-07 07:10:19 - __main__ - INFO - Input matrix with CQGDKPINTMEAWSLYHRFV encoding is removed.

2026-06-07 07:10:25 - __main__ - INFO - Input matrix with WGAFENCRSDYTVKQHPMLI encoding is generated.
2026-06-07 07:12:17 - __main__ - INFO - WGAFENCRSDYTVKQHPMLI encoding is done for multiclass task with:
	-custom
		-f1: 0.44575074264933184
		-auroc: 0.7998099836761998
	-resnet
		-f1: 0.3441549161342742
		-auroc: 0.7206874567316747
2026-06-07 07:12:17 - __main__ - INFO - Input matrix with WGAFENCRSDYTVKQHPMLI encoding is removed.

2026-06-07 07:12:22 - __main__ - INFO - Input matrix with YCWPRVEHLTGSKMQDNIAF encoding is generated.
2026-06-07 07:14:13 - __main__ - INFO - YCWPRVEHLTGSKMQDNIAF encoding is done for multiclass task with:
	-custom
		-f1: 0.43051345378915895
		-auroc: 0.7898659262694272
	-resnet
		-f1: 0.4264052936988211
		-auroc: 0.7616056292092166
2026-06-07 07:14:13 - __main__ - INFO - Input matrix with YCWPRVEHLTGSKMQDNIAF encoding is removed.

2026-06-07 07:14:19 - __main__ - INFO - Input matrix with DAVGSWECKHRQNYPIMFTL encoding is generated.
2026-06-07 07:16:09 - __main__ - INFO - DAVGSWECKHRQNYPIMFTL encoding is done for multiclass task with:
	-custom
		-f1: 0.43444282265706047
		-auroc: 0.7963828698735942
	-resnet
		-f1: 0.37880836261197437
		-auroc: 0.7268334538099731
2026-06-07 07:16:09 - __main__ - INFO - Input matrix with DAVGSWECKHRQNYPIMFTL encoding is removed.

2026-06-07 07:16:14 - __main__ - INFO - Input matrix with PSTHMQRDKNVEWIGFCYLA encoding is generated.
2026-06-07 07:18:06 - __main__ - INFO - PSTHMQRDKNVEWIGFCYLA encoding is done for multiclass task with:
	-custom
		-f1: 0.4338679006957549
		-auroc: 0.7950881715454536
	-resnet
		-f1: 0.40713429296627235
		-auroc: 0.7157959459032666
2026-06-07 07:18:06 - __main__ - INFO - Input matrix with PSTHMQRDKNVEWIGFCYLA encoding is removed.

2026-06-07 07:18:11 - __main__ - INFO - Input matrix with DSMVGFWNEARCQHITLKPY encoding is generated.
2026-06-07 07:20:04 - __main__ - INFO - DSMVGFWNEARCQHITLKPY encoding is done for multiclass task with:
	-custom
		-f1: 0.45532040029054094
		-auroc: 0.7914957077669268
	-resnet
		-f1: 0.39634450441812896
		-auroc: 0.7363627834410178
2026-06-07 07:20:04 - __main__ - INFO - Input matrix with DSMVGFWNEARCQHITLKPY encoding is removed.

2026-06-07 07:20:09 - __main__ - INFO - Input matrix with CEITYSRHFWNAMDLVQKGP encoding is generated.
2026-06-07 07:22:00 - __main__ - INFO - CEITYSRHFWNAMDLVQKGP encoding is done for multiclass task with:
	-custom
		-f1: 0.41433020004787896
		-auroc: 0.7898971298262495
	-resnet
		-f1: 0.3597710822510823
		-auroc: 0.7221262807843528
2026-06-07 07:22:00 - __main__ - INFO - Input matrix with CEITYSRHFWNAMDLVQKGP encoding is removed.

2026-06-07 07:22:06 - __main__ - INFO - Input matrix with ERAVFWMLSIKNTPYHDGQC encoding is generated.
2026-06-07 07:23:58 - __main__ - INFO - ERAVFWMLSIKNTPYHDGQC encoding is done for multiclass task with:
	-custom
		-f1: 0.4317396210511798
		-auroc: 0.7892350474944295
	-resnet
		-f1: 0.35833319501832095
		-auroc: 0.7250854409302403
2026-06-07 07:23:58 - __main__ - INFO - Input matrix with ERAVFWMLSIKNTPYHDGQC encoding is removed.

2026-06-07 07:24:03 - __main__ - INFO - Input matrix with IKNYGHWLVCSMQEAPTRFD encoding is generated.
2026-06-07 07:25:52 - __main__ - INFO - IKNYGHWLVCSMQEAPTRFD encoding is done for multiclass task with:
	-custom
		-f1: 0.46503043310840486
		-auroc: 0.7971456137229223
	-resnet
		-f1: 0.38312743080749934
		-auroc: 0.7368740309140713
2026-06-07 07:25:52 - __main__ - INFO - Input matrix with IKNYGHWLVCSMQEAPTRFD encoding is removed.

2026-06-07 07:25:57 - __main__ - INFO - Input matrix with IYVTNAGESLQCRPHDMFKW encoding is generated.
2026-06-07 07:27:48 - __main__ - INFO - IYVTNAGESLQCRPHDMFKW encoding is done for multiclass task with:
	-custom
		-f1: 0.4502849295235533
		-auroc: 0.7978207214970873
	-resnet
		-f1: 0.3960932084993799
		-auroc: 0.7245725993007648
2026-06-07 07:27:48 - __main__ - INFO - Input matrix with IYVTNAGESLQCRPHDMFKW encoding is removed.

2026-06-07 07:27:54 - __main__ - INFO - Input matrix with KFTDPMSQLGIVYENCRAWH encoding is generated.
2026-06-07 07:29:46 - __main__ - INFO - KFTDPMSQLGIVYENCRAWH encoding is done for multiclass task with:
	-custom
		-f1: 0.4365578550361352
		-auroc: 0.8023111019061211
	-resnet
		-f1: 0.37410913388228695
		-auroc: 0.7109972286005245
2026-06-07 07:29:46 - __main__ - INFO - Input matrix with KFTDPMSQLGIVYENCRAWH encoding is removed.

2026-06-07 07:29:52 - __main__ - INFO - Input matrix with VPRCIYKWGDETLMNAQFSH encoding is generated.
2026-06-07 07:31:42 - __main__ - INFO - VPRCIYKWGDETLMNAQFSH encoding is done for multiclass task with:
	-custom
		-f1: 0.42408431166205673
		-auroc: 0.7983812884682568
	-resnet
		-f1: 0.4026487187615818
		-auroc: 0.7353486509752049
2026-06-07 07:31:42 - __main__ - INFO - Input matrix with VPRCIYKWGDETLMNAQFSH encoding is removed.

2026-06-07 07:31:48 - __main__ - INFO - Input matrix with PRHQFEKGDLSAVYWNMICT encoding is generated.
2026-06-07 07:33:39 - __main__ - INFO - PRHQFEKGDLSAVYWNMICT encoding is done for multiclass task with:
	-custom
		-f1: 0.4015531170435474
		-auroc: 0.788440031009786
	-resnet
		-f1: 0.36381862735512815
		-auroc: 0.7118139260412997
2026-06-07 07:33:39 - __main__ - INFO - Input matrix with PRHQFEKGDLSAVYWNMICT encoding is removed.

2026-06-07 07:33:45 - __main__ - INFO - Input matrix with KDTANYLEVRQCSWFHGPIM encoding is generated.
2026-06-07 07:35:35 - __main__ - INFO - KDTANYLEVRQCSWFHGPIM encoding is done for multiclass task with:
	-custom
		-f1: 0.4525515661501113
		-auroc: 0.7970392052033927
	-resnet
		-f1: 0.34765734788486746
		-auroc: 0.7086679809053964
2026-06-07 07:35:35 - __main__ - INFO - Input matrix with KDTANYLEVRQCSWFHGPIM encoding is removed.

2026-06-07 07:35:41 - __main__ - INFO - Input matrix with TKQVSGCEDRILPANMFWYH encoding is generated.
2026-06-07 07:37:34 - __main__ - INFO - TKQVSGCEDRILPANMFWYH encoding is done for multiclass task with:
	-custom
		-f1: 0.4150412186805566
		-auroc: 0.8010874338541021
	-resnet
		-f1: 0.32626871745038244
		-auroc: 0.7301336883061365
2026-06-07 07:37:34 - __main__ - INFO - Input matrix with TKQVSGCEDRILPANMFWYH encoding is removed.

2026-06-07 07:37:39 - __main__ - INFO - Input matrix with IGKMWQTYHSNAEPVCRLFD encoding is generated.
2026-06-07 07:39:30 - __main__ - INFO - IGKMWQTYHSNAEPVCRLFD encoding is done for multiclass task with:
	-custom
		-f1: 0.4643575492347103
		-auroc: 0.7973171813474982
	-resnet
		-f1: 0.4136553276202883
		-auroc: 0.7348636284640595
2026-06-07 07:39:30 - __main__ - INFO - Input matrix with IGKMWQTYHSNAEPVCRLFD encoding is removed.

2026-06-07 07:39:36 - __main__ - INFO - Input matrix with WQGVRKMTSPIEHDLYCAFN encoding is generated.
2026-06-07 07:41:28 - __main__ - INFO - WQGVRKMTSPIEHDLYCAFN encoding is done for multiclass task with:
	-custom
		-f1: 0.4374925672800498
		-auroc: 0.7932385351033437
	-resnet
		-f1: 0.39965788909747946
		-auroc: 0.7320584293431098
2026-06-07 07:41:28 - __main__ - INFO - Input matrix with WQGVRKMTSPIEHDLYCAFN encoding is removed.

2026-06-07 07:41:34 - __main__ - INFO - Input matrix with ALGPNMWQDTVHEIRFKSYC encoding is generated.
2026-06-07 07:43:26 - __main__ - INFO - ALGPNMWQDTVHEIRFKSYC encoding is done for multiclass task with:
	-custom
		-f1: 0.4366692519534815
		-auroc: 0.786150912346084
	-resnet
		-f1: 0.3706263993390829
		-auroc: 0.7262146249997983
2026-06-07 07:43:26 - __main__ - INFO - Input matrix with ALGPNMWQDTVHEIRFKSYC encoding is removed.

2026-06-07 07:43:31 - __main__ - INFO - Input matrix with WCQKEPDYTLIAMNVSGRFH encoding is generated.
2026-06-07 07:45:23 - __main__ - INFO - WCQKEPDYTLIAMNVSGRFH encoding is done for multiclass task with:
	-custom
		-f1: 0.4379029959993928
		-auroc: 0.7957406640892823
	-resnet
		-f1: 0.4198077799978561
		-auroc: 0.7277592225599764
2026-06-07 07:45:23 - __main__ - INFO - Input matrix with WCQKEPDYTLIAMNVSGRFH encoding is removed.

2026-06-07 07:45:28 - __main__ - INFO - Input matrix with EFCDLKPAYRHVSMQINGWT encoding is generated.
2026-06-07 07:47:16 - __main__ - INFO - EFCDLKPAYRHVSMQINGWT encoding is done for multiclass task with:
	-custom
		-f1: 0.4008162160824189
		-auroc: 0.7908384509437776
	-resnet
		-f1: 0.3748083518986977
		-auroc: 0.7125418574714186
2026-06-07 07:47:16 - __main__ - INFO - Input matrix with EFCDLKPAYRHVSMQINGWT encoding is removed.

2026-06-07 07:47:21 - __main__ - INFO - Input matrix with PGFHYRKEISVDMTNCAQLW encoding is generated.
2026-06-07 07:49:09 - __main__ - INFO - PGFHYRKEISVDMTNCAQLW encoding is done for multiclass task with:
	-custom
		-f1: 0.40721658440171254
		-auroc: 0.7909184026258734
	-resnet
		-f1: 0.3403839363982549
		-auroc: 0.7184570167908635
2026-06-07 07:49:09 - __main__ - INFO - Input matrix with PGFHYRKEISVDMTNCAQLW encoding is removed.

2026-06-07 07:49:14 - __main__ - INFO - Input matrix with CYSPDIMAWVLFGTEKNRHQ encoding is generated.
2026-06-07 07:51:05 - __main__ - INFO - CYSPDIMAWVLFGTEKNRHQ encoding is done for multiclass task with:
	-custom
		-f1: 0.41432163354759916
		-auroc: 0.7903233681929966
	-resnet
		-f1: 0.42414966850029695
		-auroc: 0.7270963711502743
2026-06-07 07:51:05 - __main__ - INFO - Input matrix with CYSPDIMAWVLFGTEKNRHQ encoding is removed.

2026-06-07 07:51:11 - __main__ - INFO - Input matrix with RDFWIKTGMYPSHEVQANLC encoding is generated.
2026-06-07 07:53:01 - __main__ - INFO - RDFWIKTGMYPSHEVQANLC encoding is done for multiclass task with:
	-custom
		-f1: 0.4172820395996514
		-auroc: 0.7889828051964437
	-resnet
		-f1: 0.37593890689898346
		-auroc: 0.720795881908634
2026-06-07 07:53:01 - __main__ - INFO - Input matrix with RDFWIKTGMYPSHEVQANLC encoding is removed.

2026-06-07 07:53:06 - __main__ - INFO - Input matrix with EPFMQGICWKALHRNVTDSY encoding is generated.
2026-06-07 07:54:59 - __main__ - INFO - EPFMQGICWKALHRNVTDSY encoding is done for multiclass task with:
	-custom
		-f1: 0.41432409599777775
		-auroc: 0.7912513032231377
	-resnet
		-f1: 0.3974999727742853
		-auroc: 0.7389069347839751
2026-06-07 07:54:59 - __main__ - INFO - Input matrix with EPFMQGICWKALHRNVTDSY encoding is removed.

2026-06-07 07:55:05 - __main__ - INFO - Input matrix with TGSNCQVYRDMAFWIKELHP encoding is generated.
2026-06-07 07:56:59 - __main__ - INFO - TGSNCQVYRDMAFWIKELHP encoding is done for multiclass task with:
	-custom
		-f1: 0.4218099635903435
		-auroc: 0.7950496618743959
	-resnet
		-f1: 0.4254765973994739
		-auroc: 0.7496912146192817
2026-06-07 07:56:59 - __main__ - INFO - Input matrix with TGSNCQVYRDMAFWIKELHP encoding is removed.

2026-06-07 07:57:04 - __main__ - INFO - Input matrix with SCELWATIFMKNYGPVDRQH encoding is generated.
2026-06-07 07:58:58 - __main__ - INFO - SCELWATIFMKNYGPVDRQH encoding is done for multiclass task with:
	-custom
		-f1: 0.4201362810700295
		-auroc: 0.791638159498798
	-resnet
		-f1: 0.37855388448860644
		-auroc: 0.7277118292854281
2026-06-07 07:58:58 - __main__ - INFO - Input matrix with SCELWATIFMKNYGPVDRQH encoding is removed.

2026-06-07 07:59:04 - __main__ - INFO - Input matrix with TYKLFAENCQGHPMIRDWSV encoding is generated.
2026-06-07 08:00:57 - __main__ - INFO - TYKLFAENCQGHPMIRDWSV encoding is done for multiclass task with:
	-custom
		-f1: 0.4126817238001747
		-auroc: 0.7893349123983505
	-resnet
		-f1: 0.37881465654204033
		-auroc: 0.7311801670125263
2026-06-07 08:00:57 - __main__ - INFO - Input matrix with TYKLFAENCQGHPMIRDWSV encoding is removed.

2026-06-07 08:01:03 - __main__ - INFO - Input matrix with AHTMCLFWNPKDYGESVQRI encoding is generated.
2026-06-07 08:02:54 - __main__ - INFO - AHTMCLFWNPKDYGESVQRI encoding is done for multiclass task with:
	-custom
		-f1: 0.4028774072838039
		-auroc: 0.791393610191733
	-resnet
		-f1: 0.3579898493947352
		-auroc: 0.7261479697371765
2026-06-07 08:02:54 - __main__ - INFO - Input matrix with AHTMCLFWNPKDYGESVQRI encoding is removed.

2026-06-07 08:03:00 - __main__ - INFO - Input matrix with HCYNWGTMDKFLVSPIQRAE encoding is generated.
2026-06-07 08:04:54 - __main__ - INFO - HCYNWGTMDKFLVSPIQRAE encoding is done for multiclass task with:
	-custom
		-f1: 0.40354912214387373
		-auroc: 0.7977234272744127
	-resnet
		-f1: 0.3938594560602222
		-auroc: 0.7484885496769638
2026-06-07 08:04:54 - __main__ - INFO - Input matrix with HCYNWGTMDKFLVSPIQRAE encoding is removed.

2026-06-07 08:05:00 - __main__ - INFO - Input matrix with DYTCVHLGWNSIRKFQPEMA encoding is generated.
2026-06-07 08:06:57 - __main__ - INFO - DYTCVHLGWNSIRKFQPEMA encoding is done for multiclass task with:
	-custom
		-f1: 0.42700385238193395
		-auroc: 0.7917383668183549
	-resnet
		-f1: 0.3758014493230134
		-auroc: 0.7239594487127272
2026-06-07 08:06:57 - __main__ - INFO - Input matrix with DYTCVHLGWNSIRKFQPEMA encoding is removed.

2026-06-07 08:07:02 - __main__ - INFO - Input matrix with TRGMIWCQELVPFNHSDKYA encoding is generated.
2026-06-07 08:08:53 - __main__ - INFO - TRGMIWCQELVPFNHSDKYA encoding is done for multiclass task with:
	-custom
		-f1: 0.4309458691605883
		-auroc: 0.799123507825288
	-resnet
		-f1: 0.42692961146296293
		-auroc: 0.7423104655722264
2026-06-07 08:08:53 - __main__ - INFO - Input matrix with TRGMIWCQELVPFNHSDKYA encoding is removed.

2026-06-07 08:08:59 - __main__ - INFO - Input matrix with QHAVKIYNCMRLSDWFEPTG encoding is generated.
2026-06-07 08:10:51 - __main__ - INFO - QHAVKIYNCMRLSDWFEPTG encoding is done for multiclass task with:
	-custom
		-f1: 0.4736403280253113
		-auroc: 0.79694500676297
	-resnet
		-f1: 0.3923250700468247
		-auroc: 0.7369640759814567
2026-06-07 08:10:51 - __main__ - INFO - Input matrix with QHAVKIYNCMRLSDWFEPTG encoding is removed.

2026-06-07 08:10:56 - __main__ - INFO - Input matrix with NMSPFWHVALIYDGRCTKEQ encoding is generated.
2026-06-07 08:12:45 - __main__ - INFO - NMSPFWHVALIYDGRCTKEQ encoding is done for multiclass task with:
	-custom
		-f1: 0.438058308378465
		-auroc: 0.7935119338548529
	-resnet
		-f1: 0.40510208550215115
		-auroc: 0.7554422928185676
2026-06-07 08:12:45 - __main__ - INFO - Input matrix with NMSPFWHVALIYDGRCTKEQ encoding is removed.

2026-06-07 08:12:50 - __main__ - INFO - Input matrix with WMQRPNKGCVHIFELDSTYA encoding is generated.
2026-06-07 08:14:38 - __main__ - INFO - WMQRPNKGCVHIFELDSTYA encoding is done for multiclass task with:
	-custom
		-f1: 0.3961638754139641
		-auroc: 0.789154361028668
	-resnet
		-f1: 0.360601195106771
		-auroc: 0.7190238818866246
2026-06-07 08:14:38 - __main__ - INFO - Input matrix with WMQRPNKGCVHIFELDSTYA encoding is removed.

2026-06-07 08:14:44 - __main__ - INFO - Input matrix with YQAGEVKPWSCMFIRDHNLT encoding is generated.
2026-06-07 08:16:33 - __main__ - INFO - YQAGEVKPWSCMFIRDHNLT encoding is done for multiclass task with:
	-custom
		-f1: 0.4288590720795534
		-auroc: 0.7996244948967316
	-resnet
		-f1: 0.40876836810777395
		-auroc: 0.7312100732622315
2026-06-07 08:16:33 - __main__ - INFO - Input matrix with YQAGEVKPWSCMFIRDHNLT encoding is removed.

2026-06-07 08:16:39 - __main__ - INFO - Input matrix with IHSAYTKPWLVNREFCQDMG encoding is generated.
2026-06-07 08:18:29 - __main__ - INFO - IHSAYTKPWLVNREFCQDMG encoding is done for multiclass task with:
	-custom
		-f1: 0.4141148741022923
		-auroc: 0.7911471621038082
	-resnet
		-f1: 0.38747848721880274
		-auroc: 0.7485078758238681
2026-06-07 08:18:29 - __main__ - INFO - Input matrix with IHSAYTKPWLVNREFCQDMG encoding is removed.

2026-06-07 08:18:35 - __main__ - INFO - Input matrix with SPLAMKDHQRWFNTCGEVYI encoding is generated.
2026-06-07 08:20:26 - __main__ - INFO - SPLAMKDHQRWFNTCGEVYI encoding is done for multiclass task with:
	-custom
		-f1: 0.446702741419437
		-auroc: 0.79483645934193
	-resnet
		-f1: 0.4030141260894225
		-auroc: 0.7190666857179308
2026-06-07 08:20:26 - __main__ - INFO - Input matrix with SPLAMKDHQRWFNTCGEVYI encoding is removed.

2026-06-07 08:20:31 - __main__ - INFO - Input matrix with SYGMVWLPRDNQATHIECFK encoding is generated.
2026-06-07 08:22:20 - __main__ - INFO - SYGMVWLPRDNQATHIECFK encoding is done for multiclass task with:
	-custom
		-f1: 0.4435045647506947
		-auroc: 0.7917900818677882
	-resnet
		-f1: 0.3977412770096739
		-auroc: 0.7126996847657139
2026-06-07 08:22:20 - __main__ - INFO - Input matrix with SYGMVWLPRDNQATHIECFK encoding is removed.

2026-06-07 08:22:26 - __main__ - INFO - Input matrix with HFAIKDLRCMSTNYGQEWPV encoding is generated.
2026-06-07 08:24:14 - __main__ - INFO - HFAIKDLRCMSTNYGQEWPV encoding is done for multiclass task with:
	-custom
		-f1: 0.43975357025785156
		-auroc: 0.8009739195960524
	-resnet
		-f1: 0.359202767412529
		-auroc: 0.7011272232126571
2026-06-07 08:24:14 - __main__ - INFO - Input matrix with HFAIKDLRCMSTNYGQEWPV encoding is removed.

2026-06-07 08:24:20 - __main__ - INFO - Input matrix with YGENKAVSMRIPFTHWQLDC encoding is generated.
2026-06-07 08:26:09 - __main__ - INFO - YGENKAVSMRIPFTHWQLDC encoding is done for multiclass task with:
	-custom
		-f1: 0.44749507114177867
		-auroc: 0.7953837307182825
	-resnet
		-f1: 0.37824947508620027
		-auroc: 0.722545396902388
2026-06-07 08:26:09 - __main__ - INFO - Input matrix with YGENKAVSMRIPFTHWQLDC encoding is removed.

2026-06-07 08:26:15 - __main__ - INFO - Input matrix with VRQWNYCHAGIFMKSLTEDP encoding is generated.
2026-06-07 08:28:07 - __main__ - INFO - VRQWNYCHAGIFMKSLTEDP encoding is done for multiclass task with:
	-custom
		-f1: 0.43737404917956946
		-auroc: 0.79480629466429
	-resnet
		-f1: 0.38659684608848066
		-auroc: 0.7438311715458863
2026-06-07 08:28:07 - __main__ - INFO - Input matrix with VRQWNYCHAGIFMKSLTEDP encoding is removed.

2026-06-07 08:28:13 - __main__ - INFO - Input matrix with YTWSDVKCIAHFNPLQGMRE encoding is generated.
2026-06-07 08:30:03 - __main__ - INFO - YTWSDVKCIAHFNPLQGMRE encoding is done for multiclass task with:
	-custom
		-f1: 0.4383857448623182
		-auroc: 0.8024112178633063
	-resnet
		-f1: 0.37351822164941184
		-auroc: 0.7562473858048602
2026-06-07 08:30:03 - __main__ - INFO - Input matrix with YTWSDVKCIAHFNPLQGMRE encoding is removed.

2026-06-07 08:30:09 - __main__ - INFO - Input matrix with FMNQITSARWVDELHCGYPK encoding is generated.
2026-06-07 08:31:56 - __main__ - INFO - FMNQITSARWVDELHCGYPK encoding is done for multiclass task with:
	-custom
		-f1: 0.4215674481167043
		-auroc: 0.7887630914718714
	-resnet
		-f1: 0.37942973234826377
		-auroc: 0.7410033472008719
2026-06-07 08:31:56 - __main__ - INFO - Input matrix with FMNQITSARWVDELHCGYPK encoding is removed.

2026-06-07 08:32:02 - __main__ - INFO - Input matrix with EVWCTFPDAYKGRLQHNMIS encoding is generated.
2026-06-07 08:33:53 - __main__ - INFO - EVWCTFPDAYKGRLQHNMIS encoding is done for multiclass task with:
	-custom
		-f1: 0.43487913221988694
		-auroc: 0.7958699756728965
	-resnet
		-f1: 0.37353182854718353
		-auroc: 0.7296337062596758
2026-06-07 08:33:53 - __main__ - INFO - Input matrix with EVWCTFPDAYKGRLQHNMIS encoding is removed.

2026-06-07 08:33:59 - __main__ - INFO - Input matrix with CGDKAQHMRSEIVYFWLTNP encoding is generated.
2026-06-07 08:35:49 - __main__ - INFO - CGDKAQHMRSEIVYFWLTNP encoding is done for multiclass task with:
	-custom
		-f1: 0.4361320314967112
		-auroc: 0.8040525164943364
	-resnet
		-f1: 0.4142498612151799
		-auroc: 0.7349466144206955
2026-06-07 08:35:49 - __main__ - INFO - Input matrix with CGDKAQHMRSEIVYFWLTNP encoding is removed.

2026-06-07 08:35:55 - __main__ - INFO - Input matrix with KAVTLGMWYENFPQHCSDIR encoding is generated.
2026-06-07 08:37:46 - __main__ - INFO - KAVTLGMWYENFPQHCSDIR encoding is done for multiclass task with:
	-custom
		-f1: 0.4543233726976723
		-auroc: 0.7918503582653528
	-resnet
		-f1: 0.39955292033756595
		-auroc: 0.7345978140463558
2026-06-07 08:37:46 - __main__ - INFO - Input matrix with KAVTLGMWYENFPQHCSDIR encoding is removed.

2026-06-07 08:37:52 - __main__ - INFO - Input matrix with TKRYQPCEMADNVSHFGLIW encoding is generated.
2026-06-07 08:39:39 - __main__ - INFO - TKRYQPCEMADNVSHFGLIW encoding is done for multiclass task with:
	-custom
		-f1: 0.4329618194252477
		-auroc: 0.7901200312257244
	-resnet
		-f1: 0.3848796481413609
		-auroc: 0.7235591607172454
2026-06-07 08:39:39 - __main__ - INFO - Input matrix with TKRYQPCEMADNVSHFGLIW encoding is removed.

2026-06-07 08:39:44 - __main__ - INFO - Input matrix with FASCHDTLVEGPRNYQIWKM encoding is generated.
2026-06-07 08:41:31 - __main__ - INFO - FASCHDTLVEGPRNYQIWKM encoding is done for multiclass task with:
	-custom
		-f1: 0.4271211482869992
		-auroc: 0.7959327216552576
	-resnet
		-f1: 0.330686434581642
		-auroc: 0.6977926852828146
2026-06-07 08:41:31 - __main__ - INFO - Input matrix with FASCHDTLVEGPRNYQIWKM encoding is removed.

2026-06-07 08:41:37 - __main__ - INFO - Input matrix with YSQWHAKRETVFICLDGMPN encoding is generated.
2026-06-07 08:43:28 - __main__ - INFO - YSQWHAKRETVFICLDGMPN encoding is done for multiclass task with:
	-custom
		-f1: 0.4208599565302712
		-auroc: 0.7988465015260986
	-resnet
		-f1: 0.41637717170884264
		-auroc: 0.7529370355978613
2026-06-07 08:43:28 - __main__ - INFO - Input matrix with YSQWHAKRETVFICLDGMPN encoding is removed.

2026-06-07 08:43:34 - __main__ - INFO - Input matrix with QPGMSWEHCIKNDTVALRYF encoding is generated.
2026-06-07 08:45:24 - __main__ - INFO - QPGMSWEHCIKNDTVALRYF encoding is done for multiclass task with:
	-custom
		-f1: 0.4416503132974099
		-auroc: 0.7991776009284475
	-resnet
		-f1: 0.42753475538146846
		-auroc: 0.7440723197747985
2026-06-07 08:45:24 - __main__ - INFO - Input matrix with QPGMSWEHCIKNDTVALRYF encoding is removed.

2026-06-07 08:45:30 - __main__ - INFO - Input matrix with HMWRPFGDAITYSELKQCVN encoding is generated.
2026-06-07 08:47:18 - __main__ - INFO - HMWRPFGDAITYSELKQCVN encoding is done for multiclass task with:
	-custom
		-f1: 0.4445295724375244
		-auroc: 0.7902000454380815
	-resnet
		-f1: 0.4303951395695197
		-auroc: 0.7681447783028663
2026-06-07 08:47:18 - __main__ - INFO - Input matrix with HMWRPFGDAITYSELKQCVN encoding is removed.

2026-06-07 08:47:23 - __main__ - INFO - Input matrix with ASVKTMGDFEHLQCYRWPIN encoding is generated.
2026-06-07 08:49:11 - __main__ - INFO - ASVKTMGDFEHLQCYRWPIN encoding is done for multiclass task with:
	-custom
		-f1: 0.4281926948967077
		-auroc: 0.7980579850462395
	-resnet
		-f1: 0.42432928628967836
		-auroc: 0.7665245452924645
2026-06-07 08:49:11 - __main__ - INFO - Input matrix with ASVKTMGDFEHLQCYRWPIN encoding is removed.

2026-06-07 08:49:17 - __main__ - INFO - Input matrix with VANRGYQPMFKLDICWHEST encoding is generated.
2026-06-07 08:51:04 - __main__ - INFO - VANRGYQPMFKLDICWHEST encoding is done for multiclass task with:
	-custom
		-f1: 0.4319692355915972
		-auroc: 0.7927275475680928
	-resnet
		-f1: 0.3658882615182582
		-auroc: 0.7509104549888266
2026-06-07 08:51:04 - __main__ - INFO - Input matrix with VANRGYQPMFKLDICWHEST encoding is removed.

2026-06-07 08:51:10 - __main__ - INFO - Input matrix with CIEFNDHWSKPMTVYLGAQR encoding is generated.
2026-06-07 08:52:56 - __main__ - INFO - CIEFNDHWSKPMTVYLGAQR encoding is done for multiclass task with:
	-custom
		-f1: 0.4142773728050943
		-auroc: 0.7913498846689049
	-resnet
		-f1: 0.38374846690272457
		-auroc: 0.7216136466610712
2026-06-07 08:52:56 - __main__ - INFO - Input matrix with CIEFNDHWSKPMTVYLGAQR encoding is removed.

2026-06-07 08:53:02 - __main__ - INFO - Input matrix with SQPHVDAKTFRMIWEGLYCN encoding is generated.
2026-06-07 08:54:52 - __main__ - INFO - SQPHVDAKTFRMIWEGLYCN encoding is done for multiclass task with:
	-custom
		-f1: 0.45521687449119846
		-auroc: 0.7952395456538724
	-resnet
		-f1: 0.38966788804969993
		-auroc: 0.7160237103379908
2026-06-07 08:54:52 - __main__ - INFO - Input matrix with SQPHVDAKTFRMIWEGLYCN encoding is removed.

2026-06-07 08:54:57 - __main__ - INFO - Input matrix with LDWAPKMFINVECYTSQGHR encoding is generated.
2026-06-07 08:56:49 - __main__ - INFO - LDWAPKMFINVECYTSQGHR encoding is done for multiclass task with:
	-custom
		-f1: 0.43195890739153153
		-auroc: 0.7997840239608471
	-resnet
		-f1: 0.4389472687606803
		-auroc: 0.769174675927655
2026-06-07 08:56:49 - __main__ - INFO - Input matrix with LDWAPKMFINVECYTSQGHR encoding is removed.

2026-06-07 08:56:55 - __main__ - INFO - Input matrix with ERTVDIWKGQCYALPMSHFN encoding is generated.
2026-06-07 08:58:44 - __main__ - INFO - ERTVDIWKGQCYALPMSHFN encoding is done for multiclass task with:
	-custom
		-f1: 0.428581903287664
		-auroc: 0.7900895202020893
	-resnet
		-f1: 0.42154824417560405
		-auroc: 0.7427044087445877
2026-06-07 08:58:44 - __main__ - INFO - Input matrix with ERTVDIWKGQCYALPMSHFN encoding is removed.

2026-06-07 08:58:49 - __main__ - INFO - Input matrix with NPAEFDRGWVTSKQCIYMLH encoding is generated.
2026-06-07 09:00:39 - __main__ - INFO - NPAEFDRGWVTSKQCIYMLH encoding is done for multiclass task with:
	-custom
		-f1: 0.44088448953583254
		-auroc: 0.7898284507470855
	-resnet
		-f1: 0.3618597177885049
		-auroc: 0.7327391272102105
2026-06-07 09:00:39 - __main__ - INFO - Input matrix with NPAEFDRGWVTSKQCIYMLH encoding is removed.

2026-06-07 09:00:45 - __main__ - INFO - Input matrix with EVQRICNMAPFDWTKSGHLY encoding is generated.
2026-06-07 09:02:36 - __main__ - INFO - EVQRICNMAPFDWTKSGHLY encoding is done for multiclass task with:
	-custom
		-f1: 0.42102192659519666
		-auroc: 0.7947446213948491
	-resnet
		-f1: 0.38438824573156394
		-auroc: 0.7255476085742327
2026-06-07 09:02:36 - __main__ - INFO - Input matrix with EVQRICNMAPFDWTKSGHLY encoding is removed.

2026-06-07 09:02:41 - __main__ - INFO - Input matrix with VNYRMSQFPKDEWHGLTCIA encoding is generated.
2026-06-07 09:04:29 - __main__ - INFO - VNYRMSQFPKDEWHGLTCIA encoding is done for multiclass task with:
	-custom
		-f1: 0.4377262873498792
		-auroc: 0.7924510999749954
	-resnet
		-f1: 0.3532869481360204
		-auroc: 0.7158947791424156
2026-06-07 09:04:29 - __main__ - INFO - Input matrix with VNYRMSQFPKDEWHGLTCIA encoding is removed.

2026-06-07 09:04:34 - __main__ - INFO - Input matrix with IDGPTKSVCAWNFEMYRQLH encoding is generated.
2026-06-07 09:06:25 - __main__ - INFO - IDGPTKSVCAWNFEMYRQLH encoding is done for multiclass task with:
	-custom
		-f1: 0.44102006014735967
		-auroc: 0.7939719058068134
	-resnet
		-f1: 0.4035547347277082
		-auroc: 0.7206864643628137
2026-06-07 09:06:25 - __main__ - INFO - Input matrix with IDGPTKSVCAWNFEMYRQLH encoding is removed.

2026-06-07 09:06:30 - __main__ - INFO - Input matrix with PTLRMYKSWVAFQNDHEGCI encoding is generated.
2026-06-07 09:08:21 - __main__ - INFO - PTLRMYKSWVAFQNDHEGCI encoding is done for multiclass task with:
	-custom
		-f1: 0.45038610925748024
		-auroc: 0.7921017343013256
	-resnet
		-f1: 0.38499496830738666
		-auroc: 0.7303522747923221
2026-06-07 09:08:21 - __main__ - INFO - Input matrix with PTLRMYKSWVAFQNDHEGCI encoding is removed.

2026-06-07 09:08:26 - __main__ - INFO - Input matrix with EHSFLWPNVYIQDMTACGRK encoding is generated.
2026-06-07 09:10:16 - __main__ - INFO - EHSFLWPNVYIQDMTACGRK encoding is done for multiclass task with:
	-custom
		-f1: 0.43516616946009606
		-auroc: 0.7939748212820223
	-resnet
		-f1: 0.35453090651148134
		-auroc: 0.7127548211599132
2026-06-07 09:10:16 - __main__ - INFO - Input matrix with EHSFLWPNVYIQDMTACGRK encoding is removed.

2026-06-07 09:10:21 - __main__ - INFO - Input matrix with TQNEFVIARKGDHCPWYLSM encoding is generated.
2026-06-07 09:12:07 - __main__ - INFO - TQNEFVIARKGDHCPWYLSM encoding is done for multiclass task with:
	-custom
		-f1: 0.4424748466835558
		-auroc: 0.7965565448920027
	-resnet
		-f1: 0.39990058018237934
		-auroc: 0.7511999383405576
2026-06-07 09:12:07 - __main__ - INFO - Input matrix with TQNEFVIARKGDHCPWYLSM encoding is removed.

2026-06-07 09:12:12 - __main__ - INFO - Input matrix with PQISNHYWTGDMRCKLFVEA encoding is generated.
2026-06-07 09:14:02 - __main__ - INFO - PQISNHYWTGDMRCKLFVEA encoding is done for multiclass task with:
	-custom
		-f1: 0.4433623541066397
		-auroc: 0.7999951660092928
	-resnet
		-f1: 0.3623732483208161
		-auroc: 0.7272520270881219
2026-06-07 09:14:02 - __main__ - INFO - Input matrix with PQISNHYWTGDMRCKLFVEA encoding is removed.

2026-06-07 09:14:07 - __main__ - INFO - Input matrix with WGCYDLHEAMVITPFKNSRQ encoding is generated.
2026-06-07 09:15:56 - __main__ - INFO - WGCYDLHEAMVITPFKNSRQ encoding is done for multiclass task with:
	-custom
		-f1: 0.4482585714178409
		-auroc: 0.7989623134776724
	-resnet
		-f1: 0.35908909548802403
		-auroc: 0.6872117337820468
2026-06-07 09:15:56 - __main__ - INFO - Input matrix with WGCYDLHEAMVITPFKNSRQ encoding is removed.

2026-06-07 09:16:01 - __main__ - INFO - Input matrix with MAVINCQFDHPTYWKLSREG encoding is generated.
2026-06-07 09:17:51 - __main__ - INFO - MAVINCQFDHPTYWKLSREG encoding is done for multiclass task with:
	-custom
		-f1: 0.41646396714102113
		-auroc: 0.7850649939658456
	-resnet
		-f1: 0.33454087475173855
		-auroc: 0.7261595582656587
2026-06-07 09:17:51 - __main__ - INFO - Input matrix with MAVINCQFDHPTYWKLSREG encoding is removed.

2026-06-07 09:17:57 - __main__ - INFO - Input matrix with YDVWQINHAFCMETSPLGKR encoding is generated.
2026-06-07 09:19:47 - __main__ - INFO - YDVWQINHAFCMETSPLGKR encoding is done for multiclass task with:
	-custom
		-f1: 0.4000474334523557
		-auroc: 0.7893541185451458
	-resnet
		-f1: 0.3472180072433264
		-auroc: 0.7290825790406277
2026-06-07 09:19:47 - __main__ - INFO - Input matrix with YDVWQINHAFCMETSPLGKR encoding is removed.

2026-06-07 09:19:53 - __main__ - INFO - Input matrix with WSYALDQHGVTCPNIMFEKR encoding is generated.
2026-06-07 09:21:40 - __main__ - INFO - WSYALDQHGVTCPNIMFEKR encoding is done for multiclass task with:
	-custom
		-f1: 0.43074585364484097
		-auroc: 0.7913356107820688
	-resnet
		-f1: 0.37388722842866584
		-auroc: 0.7131323905412656
2026-06-07 09:21:40 - __main__ - INFO - Input matrix with WSYALDQHGVTCPNIMFEKR encoding is removed.

2026-06-07 09:21:46 - __main__ - INFO - Input matrix with TSADVCGRNILEMHYFQPKW encoding is generated.
2026-06-07 09:23:36 - __main__ - INFO - TSADVCGRNILEMHYFQPKW encoding is done for multiclass task with:
	-custom
		-f1: 0.47577884151167016
		-auroc: 0.811236704045991
	-resnet
		-f1: 0.4244870894878699
		-auroc: 0.7476033255074166
2026-06-07 09:23:36 - __main__ - INFO - Input matrix with TSADVCGRNILEMHYFQPKW encoding is removed.

2026-06-07 09:23:42 - __main__ - INFO - Input matrix with PSQWAKYFVINCRGHETDML encoding is generated.
2026-06-07 09:25:30 - __main__ - INFO - PSQWAKYFVINCRGHETDML encoding is done for multiclass task with:
	-custom
		-f1: 0.423681147775675
		-auroc: 0.8018052584178342
	-resnet
		-f1: 0.360906438463674
		-auroc: 0.7211514083907677
2026-06-07 09:25:30 - __main__ - INFO - Input matrix with PSQWAKYFVINCRGHETDML encoding is removed.

2026-06-07 09:25:36 - __main__ - INFO - Input matrix with YNEWGAPTVICHDQMKFRLS encoding is generated.
2026-06-07 09:27:23 - __main__ - INFO - YNEWGAPTVICHDQMKFRLS encoding is done for multiclass task with:
	-custom
		-f1: 0.42861153785772876
		-auroc: 0.7961832871052873
	-resnet
		-f1: 0.3913445085297544
		-auroc: 0.7204024524928246
2026-06-07 09:27:23 - __main__ - INFO - Input matrix with YNEWGAPTVICHDQMKFRLS encoding is removed.

2026-06-07 09:27:28 - __main__ - INFO - Input matrix with CYTAINQDELRHWPMVSFGK encoding is generated.
2026-06-07 09:29:18 - __main__ - INFO - CYTAINQDELRHWPMVSFGK encoding is done for multiclass task with:
	-custom
		-f1: 0.4324491617966177
		-auroc: 0.7975181054263807
	-resnet
		-f1: 0.40053475128290145
		-auroc: 0.7313815491139539
2026-06-07 09:29:18 - __main__ - INFO - Input matrix with CYTAINQDELRHWPMVSFGK encoding is removed.

2026-06-07 09:29:23 - __main__ - INFO - Input matrix with TQLCRWYIPDEFMGVNHSKA encoding is generated.
2026-06-07 09:31:14 - __main__ - INFO - TQLCRWYIPDEFMGVNHSKA encoding is done for multiclass task with:
	-custom
		-f1: 0.4351360348517156
		-auroc: 0.7975294303663947
	-resnet
		-f1: 0.3739862428336376
		-auroc: 0.7280567388512813
2026-06-07 09:31:14 - __main__ - INFO - Input matrix with TQLCRWYIPDEFMGVNHSKA encoding is removed.

2026-06-07 09:31:19 - __main__ - INFO - Input matrix with PQVSIRNMDWHTFEKGYACL encoding is generated.
2026-06-07 09:33:10 - __main__ - INFO - PQVSIRNMDWHTFEKGYACL encoding is done for multiclass task with:
	-custom
		-f1: 0.42339758227729735
		-auroc: 0.7857042632461922
	-resnet
		-f1: 0.36054197740438804
		-auroc: 0.6946628259811426
2026-06-07 09:33:10 - __main__ - INFO - Input matrix with PQVSIRNMDWHTFEKGYACL encoding is removed.

2026-06-07 09:33:16 - __main__ - INFO - Input matrix with QVTCSLGFEYKAIHMPRDNW encoding is generated.
2026-06-07 09:35:05 - __main__ - INFO - QVTCSLGFEYKAIHMPRDNW encoding is done for multiclass task with:
	-custom
		-f1: 0.43426443753751354
		-auroc: 0.7933450183782299
	-resnet
		-f1: 0.4291751565712215
		-auroc: 0.7523010213028569
2026-06-07 09:35:05 - __main__ - INFO - Input matrix with QVTCSLGFEYKAIHMPRDNW encoding is removed.

2026-06-07 09:35:11 - __main__ - INFO - Input matrix with FRYKEGTQHVDLPNMCIWAS encoding is generated.
2026-06-07 09:37:01 - __main__ - INFO - FRYKEGTQHVDLPNMCIWAS encoding is done for multiclass task with:
	-custom
		-f1: 0.43850917685089597
		-auroc: 0.7889783796604486
	-resnet
		-f1: 0.37127985647281103
		-auroc: 0.735744567154729
2026-06-07 09:37:01 - __main__ - INFO - Input matrix with FRYKEGTQHVDLPNMCIWAS encoding is removed.

2026-06-07 09:37:06 - __main__ - INFO - Input matrix with CKESTMRAQLFIPGHNVYDW encoding is generated.
2026-06-07 09:38:53 - __main__ - INFO - CKESTMRAQLFIPGHNVYDW encoding is done for multiclass task with:
	-custom
		-f1: 0.4453901297815178
		-auroc: 0.797603537879942
	-resnet
		-f1: 0.3490583630336666
		-auroc: 0.7367948463988163
2026-06-07 09:38:53 - __main__ - INFO - Input matrix with CKESTMRAQLFIPGHNVYDW encoding is removed.

2026-06-07 09:38:59 - __main__ - INFO - Input matrix with WVKSIEFHLGDNTQMYPACR encoding is generated.
2026-06-07 09:40:50 - __main__ - INFO - WVKSIEFHLGDNTQMYPACR encoding is done for multiclass task with:
	-custom
		-f1: 0.42966083325714804
		-auroc: 0.7933167854727872
	-resnet
		-f1: 0.3878577008202181
		-auroc: 0.743673532426316
2026-06-07 09:40:50 - __main__ - INFO - Input matrix with WVKSIEFHLGDNTQMYPACR encoding is removed.

2026-06-07 09:40:55 - __main__ - INFO - Input matrix with WIRVYEQMKHFATGLNCSPD encoding is generated.
2026-06-07 09:42:45 - __main__ - INFO - WIRVYEQMKHFATGLNCSPD encoding is done for multiclass task with:
	-custom
		-f1: 0.42362043978294484
		-auroc: 0.7904355568779483
	-resnet
		-f1: 0.39742446205702897
		-auroc: 0.7360217768097821
2026-06-07 09:42:45 - __main__ - INFO - Input matrix with WIRVYEQMKHFATGLNCSPD encoding is removed.

2026-06-07 09:42:51 - __main__ - INFO - Input matrix with KGQHTLFCAWNMEVSYIPRD encoding is generated.
2026-06-07 09:44:40 - __main__ - INFO - KGQHTLFCAWNMEVSYIPRD encoding is done for multiclass task with:
	-custom
		-f1: 0.44127596517689394
		-auroc: 0.7949314060715638
	-resnet
		-f1: 0.331285919650695
		-auroc: 0.7259008471978019
2026-06-07 09:44:40 - __main__ - INFO - Input matrix with KGQHTLFCAWNMEVSYIPRD encoding is removed.

2026-06-07 09:44:45 - __main__ - INFO - Input matrix with TLEPNHWDRQYVKGISFMCA encoding is generated.
2026-06-07 09:46:34 - __main__ - INFO - TLEPNHWDRQYVKGISFMCA encoding is done for multiclass task with:
	-custom
		-f1: 0.4486882291042066
		-auroc: 0.7983793529230082
	-resnet
		-f1: 0.4194006378172716
		-auroc: 0.7389960930845048
2026-06-07 09:46:34 - __main__ - INFO - Input matrix with TLEPNHWDRQYVKGISFMCA encoding is removed.

2026-06-07 09:46:40 - __main__ - INFO - Input matrix with SPFAQDMLCNRIHGYTEKWV encoding is generated.
2026-06-07 09:48:27 - __main__ - INFO - SPFAQDMLCNRIHGYTEKWV encoding is done for multiclass task with:
	-custom
		-f1: 0.4321947893086716
		-auroc: 0.7973878906808766
	-resnet
		-f1: 0.4546292603813383
		-auroc: 0.7697000834515149
2026-06-07 09:48:27 - __main__ - INFO - Input matrix with SPFAQDMLCNRIHGYTEKWV encoding is removed.

2026-06-07 09:48:33 - __main__ - INFO - Input matrix with DYSKCQNEMVTRLWIHPAFG encoding is generated.
2026-06-07 09:50:22 - __main__ - INFO - DYSKCQNEMVTRLWIHPAFG encoding is done for multiclass task with:
	-custom
		-f1: 0.4487322485606584
		-auroc: 0.7924695844841606
	-resnet
		-f1: 0.3408680718425761
		-auroc: 0.7312617619580795
2026-06-07 09:50:22 - __main__ - INFO - Input matrix with DYSKCQNEMVTRLWIHPAFG encoding is removed.

2026-06-07 09:50:28 - __main__ - INFO - Input matrix with DRHQMEWGCNYFLVAIKPST encoding is generated.
2026-06-07 09:52:18 - __main__ - INFO - DRHQMEWGCNYFLVAIKPST encoding is done for multiclass task with:
	-custom
		-f1: 0.47005289625830204
		-auroc: 0.8001970001357673
	-resnet
		-f1: 0.4330551521463148
		-auroc: 0.7602328067152314
2026-06-07 09:52:18 - __main__ - INFO - Input matrix with DRHQMEWGCNYFLVAIKPST encoding is removed.

2026-06-07 09:52:24 - __main__ - INFO - Input matrix with EDNYTIFMCQHPRASVLGWK encoding is generated.
2026-06-07 09:54:14 - __main__ - INFO - EDNYTIFMCQHPRASVLGWK encoding is done for multiclass task with:
	-custom
		-f1: 0.4065307893721851
		-auroc: 0.7871837553109402
	-resnet
		-f1: 0.4052446970154019
		-auroc: 0.7473853958239562
2026-06-07 09:54:14 - __main__ - INFO - Input matrix with EDNYTIFMCQHPRASVLGWK encoding is removed.

2026-06-07 09:54:19 - __main__ - INFO - Input matrix with MPHEAQRTYVWKLCNGDFIS encoding is generated.
2026-06-07 09:56:05 - __main__ - INFO - MPHEAQRTYVWKLCNGDFIS encoding is done for multiclass task with:
	-custom
		-f1: 0.3967009911628946
		-auroc: 0.7909496512152223
	-resnet
		-f1: 0.33432844780834964
		-auroc: 0.7001336449445812
2026-06-07 09:56:05 - __main__ - INFO - Input matrix with MPHEAQRTYVWKLCNGDFIS encoding is removed.

2026-06-07 09:56:11 - __main__ - INFO - Input matrix with HWQFVSNDRCKMGYETIALP encoding is generated.
2026-06-07 09:58:01 - __main__ - INFO - HWQFVSNDRCKMGYETIALP encoding is done for multiclass task with:
	-custom
		-f1: 0.41993129039012356
		-auroc: 0.8000748935277484
	-resnet
		-f1: 0.383998583450419
		-auroc: 0.7408291432928824
2026-06-07 09:58:01 - __main__ - INFO - Input matrix with HWQFVSNDRCKMGYETIALP encoding is removed.

2026-06-07 09:58:07 - __main__ - INFO - Input matrix with VGPWFEATLHNYMIQSDKRC encoding is generated.
2026-06-07 09:59:57 - __main__ - INFO - VGPWFEATLHNYMIQSDKRC encoding is done for multiclass task with:
	-custom
		-f1: 0.4235623546039595
		-auroc: 0.7874851552513249
	-resnet
		-f1: 0.4009232845168757
		-auroc: 0.7449247882084059
2026-06-07 09:59:57 - __main__ - INFO - Input matrix with VGPWFEATLHNYMIQSDKRC encoding is removed.

2026-06-07 10:00:02 - __main__ - INFO - Input matrix with LCRTKYHWIAPFDMEVNGSQ encoding is generated.
2026-06-07 10:01:53 - __main__ - INFO - LCRTKYHWIAPFDMEVNGSQ encoding is done for multiclass task with:
	-custom
		-f1: 0.42810566447589193
		-auroc: 0.7939035030149318
	-resnet
		-f1: 0.3004667403591365
		-auroc: 0.6920815789516797
2026-06-07 10:01:53 - __main__ - INFO - Input matrix with LCRTKYHWIAPFDMEVNGSQ encoding is removed.

2026-06-07 10:01:58 - __main__ - INFO - Input matrix with LHEACKWFGVQIPDTMRYSN encoding is generated.
2026-06-07 10:03:45 - __main__ - INFO - LHEACKWFGVQIPDTMRYSN encoding is done for multiclass task with:
	-custom
		-f1: 0.42507406391297886
		-auroc: 0.7965111164924081
	-resnet
		-f1: 0.3604029002328081
		-auroc: 0.7334372124058894
2026-06-07 10:03:45 - __main__ - INFO - Input matrix with LHEACKWFGVQIPDTMRYSN encoding is removed.

2026-06-07 10:03:50 - __main__ - INFO - Input matrix with NAFQHIGRTCYMSPEVWKLD encoding is generated.
2026-06-07 10:05:41 - __main__ - INFO - NAFQHIGRTCYMSPEVWKLD encoding is done for multiclass task with:
	-custom
		-f1: 0.3897291420851177
		-auroc: 0.7851733685892247
	-resnet
		-f1: 0.37680043288344006
		-auroc: 0.7145898020361301
2026-06-07 10:05:41 - __main__ - INFO - Input matrix with NAFQHIGRTCYMSPEVWKLD encoding is removed.

2026-06-07 10:05:46 - __main__ - INFO - Input matrix with PQTYAKHMWLENGVCIDRFS encoding is generated.
2026-06-07 10:07:37 - __main__ - INFO - PQTYAKHMWLENGVCIDRFS encoding is done for multiclass task with:
	-custom
		-f1: 0.4306614408141888
		-auroc: 0.7989024218753441
	-resnet
		-f1: 0.41517745459749766
		-auroc: 0.7485094083967271
2026-06-07 10:07:37 - __main__ - INFO - Input matrix with PQTYAKHMWLENGVCIDRFS encoding is removed.

2026-06-07 10:07:42 - __main__ - INFO - Input matrix with VFDTISMLCGNEARYWQKHP encoding is generated.
2026-06-07 10:09:31 - __main__ - INFO - VFDTISMLCGNEARYWQKHP encoding is done for multiclass task with:
	-custom
		-f1: 0.4385675791533713
		-auroc: 0.8019340488788729
	-resnet
		-f1: 0.3827331234080415
		-auroc: 0.7411126637788936
2026-06-07 10:09:31 - __main__ - INFO - Input matrix with VFDTISMLCGNEARYWQKHP encoding is removed.

2026-06-07 10:09:37 - __main__ - INFO - Input matrix with YQVHFLPRNITKDAEWMGCS encoding is generated.
2026-06-07 10:11:28 - __main__ - INFO - YQVHFLPRNITKDAEWMGCS encoding is done for multiclass task with:
	-custom
		-f1: 0.4708346122396431
		-auroc: 0.7960176987979606
	-resnet
		-f1: 0.37135190977323596
		-auroc: 0.7224163753863801
2026-06-07 10:11:28 - __main__ - INFO - Input matrix with YQVHFLPRNITKDAEWMGCS encoding is removed.

2026-06-07 10:11:33 - __main__ - INFO - Input matrix with NCKSIARWVEYHDQFLGTMP encoding is generated.
2026-06-07 10:13:22 - __main__ - INFO - NCKSIARWVEYHDQFLGTMP encoding is done for multiclass task with:
	-custom
		-f1: 0.43893163217048087
		-auroc: 0.7972409682018816
	-resnet
		-f1: 0.39945332876167233
		-auroc: 0.722850923925167
2026-06-07 10:13:22 - __main__ - INFO - Input matrix with NCKSIARWVEYHDQFLGTMP encoding is removed.

2026-06-07 10:13:27 - __main__ - INFO - Input matrix with KTLREVICSADPYGWMFNQH encoding is generated.
2026-06-07 10:15:16 - __main__ - INFO - KTLREVICSADPYGWMFNQH encoding is done for multiclass task with:
	-custom
		-f1: 0.44007281664715536
		-auroc: 0.7919244498320925
	-resnet
		-f1: 0.40544797195757337
		-auroc: 0.7497686151132612
2026-06-07 10:15:16 - __main__ - INFO - Input matrix with KTLREVICSADPYGWMFNQH encoding is removed.

2026-06-07 10:15:22 - __main__ - INFO - Input matrix with GFRALEDPWYKNCIMSTVHQ encoding is generated.
2026-06-07 10:17:11 - __main__ - INFO - GFRALEDPWYKNCIMSTVHQ encoding is done for multiclass task with:
	-custom
		-f1: 0.41441187941476515
		-auroc: 0.7880785559165294
	-resnet
		-f1: 0.42653968261325004
		-auroc: 0.7671657252909455
2026-06-07 10:17:11 - __main__ - INFO - Input matrix with GFRALEDPWYKNCIMSTVHQ encoding is removed.

2026-06-07 10:17:16 - __main__ - INFO - Input matrix with EVCMPNQGTRHLWIYSKFDA encoding is generated.
2026-06-07 10:19:08 - __main__ - INFO - EVCMPNQGTRHLWIYSKFDA encoding is done for multiclass task with:
	-custom
		-f1: 0.4614307393244719
		-auroc: 0.7963223537149424
	-resnet
		-f1: 0.40651287822590454
		-auroc: 0.7258660956511809
2026-06-07 10:19:08 - __main__ - INFO - Input matrix with EVCMPNQGTRHLWIYSKFDA encoding is removed.

2026-06-07 10:19:13 - __main__ - INFO - Input matrix with VSKCIPHDFMQLNWGTRAYE encoding is generated.
2026-06-07 10:21:02 - __main__ - INFO - VSKCIPHDFMQLNWGTRAYE encoding is done for multiclass task with:
	-custom
		-f1: 0.42232920204340124
		-auroc: 0.7954048476556556
	-resnet
		-f1: 0.3634181722304534
		-auroc: 0.7239113904510518
2026-06-07 10:21:02 - __main__ - INFO - Input matrix with VSKCIPHDFMQLNWGTRAYE encoding is removed.

2026-06-07 10:21:07 - __main__ - INFO - Input matrix with PLDYEKINMCQGARVSWFTH encoding is generated.
2026-06-07 10:22:55 - __main__ - INFO - PLDYEKINMCQGARVSWFTH encoding is done for multiclass task with:
	-custom
		-f1: 0.43157871822087107
		-auroc: 0.7801012211132237
	-resnet
		-f1: 0.34566214236856535
		-auroc: 0.7187472862801894
2026-06-07 10:22:55 - __main__ - INFO - Input matrix with PLDYEKINMCQGARVSWFTH encoding is removed.

2026-06-07 10:23:00 - __main__ - INFO - Input matrix with SYNFHLCDVIKEGAMWRQTP encoding is generated.
2026-06-07 10:24:49 - __main__ - INFO - SYNFHLCDVIKEGAMWRQTP encoding is done for multiclass task with:
	-custom
		-f1: 0.44002393924897526
		-auroc: 0.8017484620423924
	-resnet
		-f1: 0.37386744680804734
		-auroc: 0.7204097193011755
2026-06-07 10:24:49 - __main__ - INFO - Input matrix with SYNFHLCDVIKEGAMWRQTP encoding is removed.

2026-06-07 10:24:54 - __main__ - INFO - Input matrix with AHTYFVLPQKWEDRGSICNM encoding is generated.
2026-06-07 10:26:42 - __main__ - INFO - AHTYFVLPQKWEDRGSICNM encoding is done for multiclass task with:
	-custom
		-f1: 0.4417663726150892
		-auroc: 0.7934650688487246
	-resnet
		-f1: 0.43459312287984203
		-auroc: 0.7415167948511561
2026-06-07 10:26:42 - __main__ - INFO - Input matrix with AHTYFVLPQKWEDRGSICNM encoding is removed.

2026-06-07 10:26:48 - __main__ - INFO - Input matrix with WRAPEFKDQTSHINGLYMCV encoding is generated.
2026-06-07 10:28:37 - __main__ - INFO - WRAPEFKDQTSHINGLYMCV encoding is done for multiclass task with:
	-custom
		-f1: 0.41859160954815267
		-auroc: 0.7982423685522058
	-resnet
		-f1: 0.3673311786240482
		-auroc: 0.7348575827850651
2026-06-07 10:28:37 - __main__ - INFO - Input matrix with WRAPEFKDQTSHINGLYMCV encoding is removed.

2026-06-07 10:28:43 - __main__ - INFO - Input matrix with CVGSETWRHMKYPDLQNFIA encoding is generated.
2026-06-07 10:30:29 - __main__ - INFO - CVGSETWRHMKYPDLQNFIA encoding is done for multiclass task with:
	-custom
		-f1: 0.4337703602989949
		-auroc: 0.7914986744395931
	-resnet
		-f1: 0.3883471988795397
		-auroc: 0.7375364938078215
2026-06-07 10:30:29 - __main__ - INFO - Input matrix with CVGSETWRHMKYPDLQNFIA encoding is removed.

2026-06-07 10:30:35 - __main__ - INFO - Input matrix with HGSKPWRAQVNYMTDICLFE encoding is generated.
2026-06-07 10:32:26 - __main__ - INFO - HGSKPWRAQVNYMTDICLFE encoding is done for multiclass task with:
	-custom
		-f1: 0.39637141929270536
		-auroc: 0.793259417842237
	-resnet
		-f1: 0.3294600779979099
		-auroc: 0.7154546521348388
2026-06-07 10:32:26 - __main__ - INFO - Input matrix with HGSKPWRAQVNYMTDICLFE encoding is removed.

2026-06-07 10:32:32 - __main__ - INFO - Input matrix with RAQENLTIVYDKMHSGPFCW encoding is generated.
2026-06-07 10:34:22 - __main__ - INFO - RAQENLTIVYDKMHSGPFCW encoding is done for multiclass task with:
	-custom
		-f1: 0.41484562373642103
		-auroc: 0.7922616370604644
	-resnet
		-f1: 0.39721005001730236
		-auroc: 0.7436281906402532
2026-06-07 10:34:22 - __main__ - INFO - Input matrix with RAQENLTIVYDKMHSGPFCW encoding is removed.

2026-06-07 10:34:28 - __main__ - INFO - Input matrix with GRKADNYIHWPCQLFETSVM encoding is generated.
2026-06-07 10:36:14 - __main__ - INFO - GRKADNYIHWPCQLFETSVM encoding is done for multiclass task with:
	-custom
		-f1: 0.4342619531959323
		-auroc: 0.7940787799444553
	-resnet
		-f1: 0.4084497521475424
		-auroc: 0.7403712745292479
2026-06-07 10:36:14 - __main__ - INFO - Input matrix with GRKADNYIHWPCQLFETSVM encoding is removed.

2026-06-07 10:36:20 - __main__ - INFO - Input matrix with SEMACKNIWHVQGTRYDFPL encoding is generated.
2026-06-07 10:38:10 - __main__ - INFO - SEMACKNIWHVQGTRYDFPL encoding is done for multiclass task with:
	-custom
		-f1: 0.4642659103369776
		-auroc: 0.7953211099496138
	-resnet
		-f1: 0.40592377023585663
		-auroc: 0.7268508504611344
2026-06-07 10:38:10 - __main__ - INFO - Input matrix with SEMACKNIWHVQGTRYDFPL encoding is removed.

2026-06-07 10:38:15 - __main__ - INFO - Input matrix with NSTMHDYEKGWQRIPFLVCA encoding is generated.
2026-06-07 10:40:06 - __main__ - INFO - NSTMHDYEKGWQRIPFLVCA encoding is done for multiclass task with:
	-custom
		-f1: 0.4209814345427647
		-auroc: 0.8010488756311005
	-resnet
		-f1: 0.38418920814785584
		-auroc: 0.7213796293451212
2026-06-07 10:40:06 - __main__ - INFO - Input matrix with NSTMHDYEKGWQRIPFLVCA encoding is removed.

2026-06-07 10:40:12 - __main__ - INFO - Input matrix with YTLCHWRAKPGSENMIQDFV encoding is generated.
2026-06-07 10:42:02 - __main__ - INFO - YTLCHWRAKPGSENMIQDFV encoding is done for multiclass task with:
	-custom
		-f1: 0.41022142810932527
		-auroc: 0.7904506174842924
	-resnet
		-f1: 0.41508973471350014
		-auroc: 0.752976312091657
2026-06-07 10:42:02 - __main__ - INFO - Input matrix with YTLCHWRAKPGSENMIQDFV encoding is removed.

2026-06-07 10:42:08 - __main__ - INFO - Input matrix with NHYVEQIWLGPFMRTASCKD encoding is generated.
2026-06-07 10:43:58 - __main__ - INFO - NHYVEQIWLGPFMRTASCKD encoding is done for multiclass task with:
	-custom
		-f1: 0.4418479417406595
		-auroc: 0.7891448279410505
	-resnet
		-f1: 0.30670598511574243
		-auroc: 0.6952789913048262
2026-06-07 10:43:58 - __main__ - INFO - Input matrix with NHYVEQIWLGPFMRTASCKD encoding is removed.

2026-06-07 10:44:04 - __main__ - INFO - Input matrix with HDVPQRLWFMAKSGTNEYIC encoding is generated.
2026-06-07 10:45:49 - __main__ - INFO - HDVPQRLWFMAKSGTNEYIC encoding is done for multiclass task with:
	-custom
		-f1: 0.4396036266766613
		-auroc: 0.7979353082472909
	-resnet
		-f1: 0.3560709886905589
		-auroc: 0.7292286597961462
2026-06-07 10:45:49 - __main__ - INFO - Input matrix with HDVPQRLWFMAKSGTNEYIC encoding is removed.

2026-06-07 10:45:55 - __main__ - INFO - Input matrix with SYVWPDAHLMFGRIEQNTKC encoding is generated.
2026-06-07 10:47:44 - __main__ - INFO - SYVWPDAHLMFGRIEQNTKC encoding is done for multiclass task with:
	-custom
		-f1: 0.4255618172537828
		-auroc: 0.7959743960949535
	-resnet
		-f1: 0.4005686194899923
		-auroc: 0.7412573795331179
2026-06-07 10:47:44 - __main__ - INFO - Input matrix with SYVWPDAHLMFGRIEQNTKC encoding is removed.

2026-06-07 10:47:50 - __main__ - INFO - Input matrix with KSQMYPRDICGVETWNLHAF encoding is generated.
2026-06-07 10:49:39 - __main__ - INFO - KSQMYPRDICGVETWNLHAF encoding is done for multiclass task with:
	-custom
		-f1: 0.43980958705863804
		-auroc: 0.7955657094689584
	-resnet
		-f1: 0.419015500561537
		-auroc: 0.745420628376751
2026-06-07 10:49:39 - __main__ - INFO - Input matrix with KSQMYPRDICGVETWNLHAF encoding is removed.

2026-06-07 10:49:45 - __main__ - INFO - Input matrix with PRTLEVFINQGSHKWMYCDA encoding is generated.
2026-06-07 10:51:33 - __main__ - INFO - PRTLEVFINQGSHKWMYCDA encoding is done for multiclass task with:
	-custom
		-f1: 0.4218499683988002
		-auroc: 0.7864023144003253
	-resnet
		-f1: 0.3475921110123813
		-auroc: 0.7181252850539112
2026-06-07 10:51:33 - __main__ - INFO - Input matrix with PRTLEVFINQGSHKWMYCDA encoding is removed.

2026-06-07 10:51:39 - __main__ - INFO - Input matrix with FHCEVGNRSQWPDAYTLIMK encoding is generated.
2026-06-07 10:53:27 - __main__ - INFO - FHCEVGNRSQWPDAYTLIMK encoding is done for multiclass task with:
	-custom
		-f1: 0.42118416177795714
		-auroc: 0.7979340210268878
	-resnet
		-f1: 0.4061983878354748
		-auroc: 0.7495326427161574
2026-06-07 10:53:27 - __main__ - INFO - Input matrix with FHCEVGNRSQWPDAYTLIMK encoding is removed.

2026-06-07 10:53:33 - __main__ - INFO - Input matrix with PCVGNFESWHYTDIARMLQK encoding is generated.
2026-06-07 10:55:21 - __main__ - INFO - PCVGNFESWHYTDIARMLQK encoding is done for multiclass task with:
	-custom
		-f1: 0.4383550243984244
		-auroc: 0.7970603629553044
	-resnet
		-f1: 0.4033875748952379
		-auroc: 0.7286909653768581
2026-06-07 10:55:21 - __main__ - INFO - Input matrix with PCVGNFESWHYTDIARMLQK encoding is removed.

2026-06-07 10:55:27 - __main__ - INFO - Input matrix with HGRQKSFACVNPWMTIDYEL encoding is generated.
2026-06-07 10:57:17 - __main__ - INFO - HGRQKSFACVNPWMTIDYEL encoding is done for multiclass task with:
	-custom
		-f1: 0.42994874050975174
		-auroc: 0.7839232575982699
	-resnet
		-f1: 0.3436598832139186
		-auroc: 0.7234841378225966
2026-06-07 10:57:17 - __main__ - INFO - Input matrix with HGRQKSFACVNPWMTIDYEL encoding is removed.

2026-06-07 10:57:22 - __main__ - INFO - Input matrix with YPGIMTRHLCEWNQDVKSFA encoding is generated.
2026-06-07 10:59:12 - __main__ - INFO - YPGIMTRHLCEWNQDVKSFA encoding is done for multiclass task with:
	-custom
		-f1: 0.44072016220038696
		-auroc: 0.7962587642052269
	-resnet
		-f1: 0.3602211368556959
		-auroc: 0.7311652477818628
2026-06-07 10:59:12 - __main__ - INFO - Input matrix with YPGIMTRHLCEWNQDVKSFA encoding is removed.

2026-06-07 10:59:17 - __main__ - INFO - Input matrix with VIYTACPSHLGKQFDWNERM encoding is generated.
2026-06-07 11:01:07 - __main__ - INFO - VIYTACPSHLGKQFDWNERM encoding is done for multiclass task with:
	-custom
		-f1: 0.4291333236307501
		-auroc: 0.8027186267253892
	-resnet
		-f1: 0.3981603744597927
		-auroc: 0.7220837672712692
2026-06-07 11:01:07 - __main__ - INFO - Input matrix with VIYTACPSHLGKQFDWNERM encoding is removed.

2026-06-07 11:01:12 - __main__ - INFO - Input matrix with PNWIQFAHVCSKGYLDTMRE encoding is generated.
2026-06-07 11:03:01 - __main__ - INFO - PNWIQFAHVCSKGYLDTMRE encoding is done for multiclass task with:
	-custom
		-f1: 0.4096444447704652
		-auroc: 0.7865128500206218
	-resnet
		-f1: 0.4190665577976137
		-auroc: 0.7184576413777737
2026-06-07 11:03:01 - __main__ - INFO - Input matrix with PNWIQFAHVCSKGYLDTMRE encoding is removed.

2026-06-07 11:03:06 - __main__ - INFO - Input matrix with KPLETGIYWRAFQNDHMVSC encoding is generated.
2026-06-07 11:04:55 - __main__ - INFO - KPLETGIYWRAFQNDHMVSC encoding is done for multiclass task with:
	-custom
		-f1: 0.454168939067496
		-auroc: 0.7854057212367693
	-resnet
		-f1: 0.3793977209494451
		-auroc: 0.720459640498704
2026-06-07 11:04:55 - __main__ - INFO - Input matrix with KPLETGIYWRAFQNDHMVSC encoding is removed.

2026-06-07 11:05:01 - __main__ - INFO - Input matrix with VLFWPIAHNSTEKCRYGMDQ encoding is generated.
2026-06-07 11:06:51 - __main__ - INFO - VLFWPIAHNSTEKCRYGMDQ encoding is done for multiclass task with:
	-custom
		-f1: 0.4545382634486133
		-auroc: 0.7950840649209512
	-resnet
		-f1: 0.443144994479664
		-auroc: 0.7615346789302782
2026-06-07 11:06:51 - __main__ - INFO - Input matrix with VLFWPIAHNSTEKCRYGMDQ encoding is removed.

2026-06-07 11:06:56 - __main__ - INFO - Input matrix with ANYHIQDSCPERGFTMWVKL encoding is generated.
2026-06-07 11:08:47 - __main__ - INFO - ANYHIQDSCPERGFTMWVKL encoding is done for multiclass task with:
	-custom
		-f1: 0.43176628699558633
		-auroc: 0.7946830939031291
	-resnet
		-f1: 0.3889777722390192
		-auroc: 0.7169517629595066
2026-06-07 11:08:47 - __main__ - INFO - Input matrix with ANYHIQDSCPERGFTMWVKL encoding is removed.

2026-06-07 11:08:52 - __main__ - INFO - Input matrix with DYVSFMPWRCHIQTENGKLA encoding is generated.
2026-06-07 11:10:38 - __main__ - INFO - DYVSFMPWRCHIQTENGKLA encoding is done for multiclass task with:
	-custom
		-f1: 0.43191810660962887
		-auroc: 0.7972830006570247
	-resnet
		-f1: 0.42125186206650406
		-auroc: 0.7478397700706584
2026-06-07 11:10:38 - __main__ - INFO - Input matrix with DYVSFMPWRCHIQTENGKLA encoding is removed.

2026-06-07 11:10:44 - __main__ - INFO - Input matrix with KCNQSYAVLGIMWDEFRPTH encoding is generated.
2026-06-07 11:12:31 - __main__ - INFO - KCNQSYAVLGIMWDEFRPTH encoding is done for multiclass task with:
	-custom
		-f1: 0.4356305953023609
		-auroc: 0.7955020670629659
	-resnet
		-f1: 0.4318743489677962
		-auroc: 0.7488513644511335
2026-06-07 11:12:31 - __main__ - INFO - Input matrix with KCNQSYAVLGIMWDEFRPTH encoding is removed.

2026-06-07 11:12:36 - __main__ - INFO - Input matrix with VHGRISQNMFDYCLAEKWTP encoding is generated.
2026-06-07 11:14:23 - __main__ - INFO - VHGRISQNMFDYCLAEKWTP encoding is done for multiclass task with:
	-custom
		-f1: 0.4394099138274198
		-auroc: 0.7902426866541402
	-resnet
		-f1: 0.34039317595629404
		-auroc: 0.7204781813350734
2026-06-07 11:14:23 - __main__ - INFO - Input matrix with VHGRISQNMFDYCLAEKWTP encoding is removed.

2026-06-07 11:14:29 - __main__ - INFO - Input matrix with ACKDTHPEFIGMVYQNRWSL encoding is generated.
2026-06-07 11:16:19 - __main__ - INFO - ACKDTHPEFIGMVYQNRWSL encoding is done for multiclass task with:
	-custom
		-f1: 0.43202118302548725
		-auroc: 0.7911153243938418
	-resnet
		-f1: 0.36420439794882337
		-auroc: 0.7160927930266362
2026-06-07 11:16:19 - __main__ - INFO - Input matrix with ACKDTHPEFIGMVYQNRWSL encoding is removed.

2026-06-07 11:16:24 - __main__ - INFO - Input matrix with FECRIHWAQLDVGNKMTSYP encoding is generated.
2026-06-07 11:18:12 - __main__ - INFO - FECRIHWAQLDVGNKMTSYP encoding is done for multiclass task with:
	-custom
		-f1: 0.4342599281594506
		-auroc: 0.7991110243876185
	-resnet
		-f1: 0.41034301004397883
		-auroc: 0.727330891397874
2026-06-07 11:18:12 - __main__ - INFO - Input matrix with FECRIHWAQLDVGNKMTSYP encoding is removed.

2026-06-07 11:18:17 - __main__ - INFO - Input matrix with IFWQAYHDNSMTRGKLVPCE encoding is generated.
2026-06-07 11:20:03 - __main__ - INFO - IFWQAYHDNSMTRGKLVPCE encoding is done for multiclass task with:
	-custom
		-f1: 0.4180580182364679
		-auroc: 0.7882099357405299
	-resnet
		-f1: 0.355583414820743
		-auroc: 0.7142747159339089
2026-06-07 11:20:03 - __main__ - INFO - Input matrix with IFWQAYHDNSMTRGKLVPCE encoding is removed.

2026-06-07 11:20:09 - __main__ - INFO - Input matrix with DTNKMAHYRFEIQLSVGPCW encoding is generated.
2026-06-07 11:21:59 - __main__ - INFO - DTNKMAHYRFEIQLSVGPCW encoding is done for multiclass task with:
	-custom
		-f1: 0.40973571682837917
		-auroc: 0.7954272852102819
	-resnet
		-f1: 0.3641366879635712
		-auroc: 0.7322513107759145
2026-06-07 11:21:59 - __main__ - INFO - Input matrix with DTNKMAHYRFEIQLSVGPCW encoding is removed.

2026-06-07 11:22:05 - __main__ - INFO - Input matrix with QDTIEHVMRSNGFKCAYPWL encoding is generated.
2026-06-07 11:23:54 - __main__ - INFO - QDTIEHVMRSNGFKCAYPWL encoding is done for multiclass task with:
	-custom
		-f1: 0.45025069896190956
		-auroc: 0.7983118439734255
	-resnet
		-f1: 0.36054521793672
		-auroc: 0.7127815248391005
2026-06-07 11:23:54 - __main__ - INFO - Input matrix with QDTIEHVMRSNGFKCAYPWL encoding is removed.

2026-06-07 11:24:00 - __main__ - INFO - Input matrix with YSTQRHVLFEIMKGCNDWPA encoding is generated.
2026-06-07 11:25:46 - __main__ - INFO - YSTQRHVLFEIMKGCNDWPA encoding is done for multiclass task with:
	-custom
		-f1: 0.4164788697952758
		-auroc: 0.793988288339811
	-resnet
		-f1: 0.3189761685513809
		-auroc: 0.7151630022788316
2026-06-07 11:25:46 - __main__ - INFO - Input matrix with YSTQRHVLFEIMKGCNDWPA encoding is removed.

2026-06-07 11:25:51 - __main__ - INFO - Input matrix with RHYDSVPGENFWQICLAMTK encoding is generated.
2026-06-07 11:27:41 - __main__ - INFO - RHYDSVPGENFWQICLAMTK encoding is done for multiclass task with:
	-custom
		-f1: 0.4388466926258624
		-auroc: 0.7946995077230745
	-resnet
		-f1: 0.41459009099722544
		-auroc: 0.7260854094923425
2026-06-07 11:27:41 - __main__ - INFO - Input matrix with RHYDSVPGENFWQICLAMTK encoding is removed.

2026-06-07 11:27:46 - __main__ - INFO - Input matrix with ANTLYHDGQRPWIMCEVFKS encoding is generated.
2026-06-07 11:29:35 - __main__ - INFO - ANTLYHDGQRPWIMCEVFKS encoding is done for multiclass task with:
	-custom
		-f1: 0.403894737971817
		-auroc: 0.7911388154587222
	-resnet
		-f1: 0.4221793323084305
		-auroc: 0.7305868814128693
2026-06-07 11:29:35 - __main__ - INFO - Input matrix with ANTLYHDGQRPWIMCEVFKS encoding is removed.

2026-06-07 11:29:41 - __main__ - INFO - Input matrix with LANCGKFDVMISWHRTEQYP encoding is generated.
2026-06-07 11:31:28 - __main__ - INFO - LANCGKFDVMISWHRTEQYP encoding is done for multiclass task with:
	-custom
		-f1: 0.44143556945317786
		-auroc: 0.7986006721261418
	-resnet
		-f1: 0.3952093722355492
		-auroc: 0.7349646291082881
2026-06-07 11:31:29 - __main__ - INFO - Input matrix with LANCGKFDVMISWHRTEQYP encoding is removed.

2026-06-07 11:31:34 - __main__ - INFO - Input matrix with PAVTGIHCFRSEQMLNKYWD encoding is generated.
2026-06-07 11:33:19 - __main__ - INFO - PAVTGIHCFRSEQMLNKYWD encoding is done for multiclass task with:
	-custom
		-f1: 0.42298937287514277
		-auroc: 0.7938621738242788
	-resnet
		-f1: 0.39458967083815877
		-auroc: 0.7320283463460604
2026-06-07 11:33:19 - __main__ - INFO - Input matrix with PAVTGIHCFRSEQMLNKYWD encoding is removed.

2026-06-07 11:33:25 - __main__ - INFO - Input matrix with ELRNIYSKQTACWGMDFVPH encoding is generated.
2026-06-07 11:35:14 - __main__ - INFO - ELRNIYSKQTACWGMDFVPH encoding is done for multiclass task with:
	-custom
		-f1: 0.4089543890320691
		-auroc: 0.7975387542905457
	-resnet
		-f1: 0.4094093600479355
		-auroc: 0.7401247050918724
2026-06-07 11:35:14 - __main__ - INFO - Input matrix with ELRNIYSKQTACWGMDFVPH encoding is removed.

2026-06-07 11:35:20 - __main__ - INFO - Input matrix with YWCVSQRKPDGHNMTFALIE encoding is generated.
2026-06-07 11:37:08 - __main__ - INFO - YWCVSQRKPDGHNMTFALIE encoding is done for multiclass task with:
	-custom
		-f1: 0.4211049283421408
		-auroc: 0.7950305582541825
	-resnet
		-f1: 0.40787813411805357
		-auroc: 0.7553544714196602
2026-06-07 11:37:08 - __main__ - INFO - Input matrix with YWCVSQRKPDGHNMTFALIE encoding is removed.

2026-06-07 11:37:13 - __main__ - INFO - Input matrix with WAITEPNLQHVRMGSYCKDF encoding is generated.
2026-06-07 11:39:03 - __main__ - INFO - WAITEPNLQHVRMGSYCKDF encoding is done for multiclass task with:
	-custom
		-f1: 0.42200678439509487
		-auroc: 0.7975656901883139
	-resnet
		-f1: 0.41396268053138907
		-auroc: 0.7437843001035283
2026-06-07 11:39:03 - __main__ - INFO - Input matrix with WAITEPNLQHVRMGSYCKDF encoding is removed.

2026-06-07 11:39:08 - __main__ - INFO - Input matrix with KDVHMPTNQCAIREWFLYGS encoding is generated.
2026-06-07 11:40:55 - __main__ - INFO - KDVHMPTNQCAIREWFLYGS encoding is done for multiclass task with:
	-custom
		-f1: 0.4417409732207808
		-auroc: 0.7889655655509772
	-resnet
		-f1: 0.39354699711553154
		-auroc: 0.7462274147749433
2026-06-07 11:40:55 - __main__ - INFO - Input matrix with KDVHMPTNQCAIREWFLYGS encoding is removed.

2026-06-07 11:41:00 - __main__ - INFO - Input matrix with PNYEHQKTGASCLDWMFVRI encoding is generated.
2026-06-07 11:42:48 - __main__ - INFO - PNYEHQKTGASCLDWMFVRI encoding is done for multiclass task with:
	-custom
		-f1: 0.4585642496417396
		-auroc: 0.792576101678927
	-resnet
		-f1: 0.3951396241347967
		-auroc: 0.7454174780036817
2026-06-07 11:42:48 - __main__ - INFO - Input matrix with PNYEHQKTGASCLDWMFVRI encoding is removed.

2026-06-07 11:42:54 - __main__ - INFO - Input matrix with QLNRTMKPYGIHWESACVDF encoding is generated.
2026-06-07 11:44:44 - __main__ - INFO - QLNRTMKPYGIHWESACVDF encoding is done for multiclass task with:
	-custom
		-f1: 0.4221343631304393
		-auroc: 0.796691760298877
	-resnet
		-f1: 0.40662699576827566
		-auroc: 0.7531536932754905
2026-06-07 11:44:44 - __main__ - INFO - Input matrix with QLNRTMKPYGIHWESACVDF encoding is removed.

2026-06-07 11:44:50 - __main__ - INFO - Input matrix with HPINTLCQSKVAWRFMDEGY encoding is generated.
2026-06-07 11:46:38 - __main__ - INFO - HPINTLCQSKVAWRFMDEGY encoding is done for multiclass task with:
	-custom
		-f1: 0.42123726775111836
		-auroc: 0.7927101055962626
	-resnet
		-f1: 0.3759938544783154
		-auroc: 0.692873260146496
2026-06-07 11:46:38 - __main__ - INFO - Input matrix with HPINTLCQSKVAWRFMDEGY encoding is removed.

2026-06-07 11:46:44 - __main__ - INFO - Input matrix with RKLSPQGIMCHADVETFNWY encoding is generated.
2026-06-07 11:48:29 - __main__ - INFO - RKLSPQGIMCHADVETFNWY encoding is done for multiclass task with:
	-custom
		-f1: 0.42858819465995823
		-auroc: 0.787074432391984
	-resnet
		-f1: 0.4121631637566077
		-auroc: 0.749843962387925
2026-06-07 11:48:29 - __main__ - INFO - Input matrix with RKLSPQGIMCHADVETFNWY encoding is removed.

2026-06-07 11:48:35 - __main__ - INFO - Input matrix with MALKRNGSDQTECIHFYPWV encoding is generated.
2026-06-07 11:50:25 - __main__ - INFO - MALKRNGSDQTECIHFYPWV encoding is done for multiclass task with:
	-custom
		-f1: 0.4357092465904383
		-auroc: 0.7896720554250976
	-resnet
		-f1: 0.37338817749521264
		-auroc: 0.7509761672433111
2026-06-07 11:50:25 - __main__ - INFO - Input matrix with MALKRNGSDQTECIHFYPWV encoding is removed.

2026-06-07 11:50:30 - __main__ - INFO - Input matrix with MVFHRCENKAWPQSYDGILT encoding is generated.
2026-06-07 11:52:21 - __main__ - INFO - MVFHRCENKAWPQSYDGILT encoding is done for multiclass task with:
	-custom
		-f1: 0.4307415527648056
		-auroc: 0.8002476646615492
	-resnet
		-f1: 0.3787171833766678
		-auroc: 0.7404168979793486
2026-06-07 11:52:21 - __main__ - INFO - Input matrix with MVFHRCENKAWPQSYDGILT encoding is removed.

2026-06-07 11:52:26 - __main__ - INFO - Input matrix with GDRHPVAWICYQEFKNMLST encoding is generated.
2026-06-07 11:54:16 - __main__ - INFO - GDRHPVAWICYQEFKNMLST encoding is done for multiclass task with:
	-custom
		-f1: 0.43875592890395765
		-auroc: 0.7867942336448912
	-resnet
		-f1: 0.37136220003921167
		-auroc: 0.7328574367675691
2026-06-07 11:54:16 - __main__ - INFO - Input matrix with GDRHPVAWICYQEFKNMLST encoding is removed.

2026-06-07 11:54:21 - __main__ - INFO - Input matrix with NEICVWFAMRHTGDLPSYKQ encoding is generated.
2026-06-07 11:56:10 - __main__ - INFO - NEICVWFAMRHTGDLPSYKQ encoding is done for multiclass task with:
	-custom
		-f1: 0.4265656751176484
		-auroc: 0.7873905445316047
	-resnet
		-f1: 0.4064538566183935
		-auroc: 0.7362462240685202
2026-06-07 11:56:10 - __main__ - INFO - Input matrix with NEICVWFAMRHTGDLPSYKQ encoding is removed.

2026-06-07 11:56:16 - __main__ - INFO - Input matrix with GNSIRQPCKHWEMYTLDFAV encoding is generated.
2026-06-07 11:58:05 - __main__ - INFO - GNSIRQPCKHWEMYTLDFAV encoding is done for multiclass task with:
	-custom
		-f1: 0.4347392798455446
		-auroc: 0.7868453476448136
	-resnet
		-f1: 0.42311648780469835
		-auroc: 0.7351951231053329
2026-06-07 11:58:05 - __main__ - INFO - Input matrix with GNSIRQPCKHWEMYTLDFAV encoding is removed.

2026-06-07 11:58:11 - __main__ - INFO - Input matrix with GFQSLWTMCPVIHNDAREKY encoding is generated.
2026-06-07 11:59:57 - __main__ - INFO - GFQSLWTMCPVIHNDAREKY encoding is done for multiclass task with:
	-custom
		-f1: 0.4349691669652291
		-auroc: 0.7986332669156454
	-resnet
		-f1: 0.40980824756932777
		-auroc: 0.7506119714330085
2026-06-07 11:59:57 - __main__ - INFO - Input matrix with GFQSLWTMCPVIHNDAREKY encoding is removed.

2026-06-07 12:00:02 - __main__ - INFO - Input matrix with LYKENQFPWIGHATVCDRSM encoding is generated.
2026-06-07 12:01:52 - __main__ - INFO - LYKENQFPWIGHATVCDRSM encoding is done for multiclass task with:
	-custom
		-f1: 0.4243213965815933
		-auroc: 0.8021603868027624
	-resnet
		-f1: 0.37941739433848476
		-auroc: 0.7110185555704669
2026-06-07 12:01:52 - __main__ - INFO - Input matrix with LYKENQFPWIGHATVCDRSM encoding is removed.

2026-06-07 12:01:57 - __main__ - INFO - Input matrix with PWNCIYETDVRGAQSFLHKM encoding is generated.
2026-06-07 12:03:45 - __main__ - INFO - PWNCIYETDVRGAQSFLHKM encoding is done for multiclass task with:
	-custom
		-f1: 0.4411630164782456
		-auroc: 0.7966852915056892
	-resnet
		-f1: 0.42337103065154424
		-auroc: 0.7691330455057863
2026-06-07 12:03:45 - __main__ - INFO - Input matrix with PWNCIYETDVRGAQSFLHKM encoding is removed.

2026-06-07 12:03:51 - __main__ - INFO - Input matrix with LSEWQKFPGICTARVHNMYD encoding is generated.
2026-06-07 12:05:37 - __main__ - INFO - LSEWQKFPGICTARVHNMYD encoding is done for multiclass task with:
	-custom
		-f1: 0.43330412328936047
		-auroc: 0.7906381107874976
	-resnet
		-f1: 0.3811823224129823
		-auroc: 0.6886135058016741
2026-06-07 12:05:37 - __main__ - INFO - Input matrix with LSEWQKFPGICTARVHNMYD encoding is removed.

2026-06-07 12:05:43 - __main__ - INFO - Input matrix with WYLRTMVQIKGSCFPNEAHD encoding is generated.
2026-06-07 12:07:33 - __main__ - INFO - WYLRTMVQIKGSCFPNEAHD encoding is done for multiclass task with:
	-custom
		-f1: 0.44580114488676365
		-auroc: 0.7972367281485333
	-resnet
		-f1: 0.40135561145249865
		-auroc: 0.7522464989160061
2026-06-07 12:07:33 - __main__ - INFO - Input matrix with WYLRTMVQIKGSCFPNEAHD encoding is removed.

2026-06-07 12:07:39 - __main__ - INFO - Input matrix with CWKRMSTDGLAYQIFPHVEN encoding is generated.
2026-06-07 12:09:29 - __main__ - INFO - CWKRMSTDGLAYQIFPHVEN encoding is done for multiclass task with:
	-custom
		-f1: 0.38921247527015296
		-auroc: 0.7887152244524929
	-resnet
		-f1: 0.3635048300716829
		-auroc: 0.7220622108964923
2026-06-07 12:09:29 - __main__ - INFO - Input matrix with CWKRMSTDGLAYQIFPHVEN encoding is removed.

2026-06-07 12:09:35 - __main__ - INFO - Input matrix with RMAFYKQTLSDNEWVGIHPC encoding is generated.
2026-06-07 12:11:25 - __main__ - INFO - RMAFYKQTLSDNEWVGIHPC encoding is done for multiclass task with:
	-custom
		-f1: 0.4229782071510896
		-auroc: 0.7955575068572391
	-resnet
		-f1: 0.3784087224394881
		-auroc: 0.7192852233217992
2026-06-07 12:11:25 - __main__ - INFO - Input matrix with RMAFYKQTLSDNEWVGIHPC encoding is removed.

2026-06-07 12:11:30 - __main__ - INFO - Input matrix with FNIWGKPMCALHYTQSRVED encoding is generated.
2026-06-07 12:13:20 - __main__ - INFO - FNIWGKPMCALHYTQSRVED encoding is done for multiclass task with:
	-custom
		-f1: 0.43026847889879355
		-auroc: 0.7979190392073849
	-resnet
		-f1: 0.427175150153578
		-auroc: 0.7298367159970496
2026-06-07 12:13:20 - __main__ - INFO - Input matrix with FNIWGKPMCALHYTQSRVED encoding is removed.

2026-06-07 12:13:25 - __main__ - INFO - Input matrix with THGSWNYREPMKLFCVDIQA encoding is generated.
2026-06-07 12:15:13 - __main__ - INFO - THGSWNYREPMKLFCVDIQA encoding is done for multiclass task with:
	-custom
		-f1: 0.4092276582211123
		-auroc: 0.7833819228743815
	-resnet
		-f1: 0.38422520918096
		-auroc: 0.7398674918149951
2026-06-07 12:15:13 - __main__ - INFO - Input matrix with THGSWNYREPMKLFCVDIQA encoding is removed.

2026-06-07 12:15:19 - __main__ - INFO - Input matrix with FYNSCIHADVEQPWGMTLRK encoding is generated.
2026-06-07 12:17:09 - __main__ - INFO - FYNSCIHADVEQPWGMTLRK encoding is done for multiclass task with:
	-custom
		-f1: 0.40460028179902496
		-auroc: 0.7841699469099376
	-resnet
		-f1: 0.41671966996753723
		-auroc: 0.7481697576389731
2026-06-07 12:17:09 - __main__ - INFO - Input matrix with FYNSCIHADVEQPWGMTLRK encoding is removed.

2026-06-07 12:17:15 - __main__ - INFO - Input matrix with CGAMDQYNIFKPETSVWHRL encoding is generated.
2026-06-07 12:19:04 - __main__ - INFO - CGAMDQYNIFKPETSVWHRL encoding is done for multiclass task with:
	-custom
		-f1: 0.4181996015792399
		-auroc: 0.7962621351219294
	-resnet
		-f1: 0.3156918034385413
		-auroc: 0.7101678160903552
2026-06-07 12:19:04 - __main__ - INFO - Input matrix with CGAMDQYNIFKPETSVWHRL encoding is removed.

2026-06-07 12:19:10 - __main__ - INFO - Input matrix with CPQTWLKDGMVAEYRINSHF encoding is generated.
2026-06-07 12:20:59 - __main__ - INFO - CPQTWLKDGMVAEYRINSHF encoding is done for multiclass task with:
	-custom
		-f1: 0.46058621947937184
		-auroc: 0.794154445995533
	-resnet
		-f1: 0.3275829644610132
		-auroc: 0.7202831681173045
2026-06-07 12:20:59 - __main__ - INFO - Input matrix with CPQTWLKDGMVAEYRINSHF encoding is removed.

2026-06-07 12:21:05 - __main__ - INFO - Input matrix with QRTSMCFILGPVYNHWKEDA encoding is generated.
2026-06-07 12:22:55 - __main__ - INFO - QRTSMCFILGPVYNHWKEDA encoding is done for multiclass task with:
	-custom
		-f1: 0.4528207404082908
		-auroc: 0.7972165892781862
	-resnet
		-f1: 0.3835108359832137
		-auroc: 0.7266333474395159
2026-06-07 12:22:55 - __main__ - INFO - Input matrix with QRTSMCFILGPVYNHWKEDA encoding is removed.

2026-06-07 12:23:00 - __main__ - INFO - Input matrix with SDCVTEWAGNHFMILYRQPK encoding is generated.
2026-06-07 12:24:46 - __main__ - INFO - SDCVTEWAGNHFMILYRQPK encoding is done for multiclass task with:
	-custom
		-f1: 0.4379354227434088
		-auroc: 0.7998928063542551
	-resnet
		-f1: 0.34096923198128926
		-auroc: 0.6904782410950677
2026-06-07 12:24:46 - __main__ - INFO - Input matrix with SDCVTEWAGNHFMILYRQPK encoding is removed.

2026-06-07 12:24:52 - __main__ - INFO - Input matrix with NEKQMTLVGRAFDIPYWSHC encoding is generated.
2026-06-07 12:26:42 - __main__ - INFO - NEKQMTLVGRAFDIPYWSHC encoding is done for multiclass task with:
	-custom
		-f1: 0.4419626627260233
		-auroc: 0.7894853673079888
	-resnet
		-f1: 0.36307134058701396
		-auroc: 0.7437225579102514
2026-06-07 12:26:42 - __main__ - INFO - Input matrix with NEKQMTLVGRAFDIPYWSHC encoding is removed.

2026-06-07 12:26:48 - __main__ - INFO - Input matrix with HIKTFYLDPAGMCVNEWSRQ encoding is generated.
2026-06-07 12:28:34 - __main__ - INFO - HIKTFYLDPAGMCVNEWSRQ encoding is done for multiclass task with:
	-custom
		-f1: 0.4163902601889845
		-auroc: 0.7946485402817829
	-resnet
		-f1: 0.37481200465967174
		-auroc: 0.7179859871087526
2026-06-07 12:28:34 - __main__ - INFO - Input matrix with HIKTFYLDPAGMCVNEWSRQ encoding is removed.

2026-06-07 12:28:39 - __main__ - INFO - Input matrix with CMEDAKVQGNHIYSLTWFPR encoding is generated.
2026-06-07 12:30:28 - __main__ - INFO - CMEDAKVQGNHIYSLTWFPR encoding is done for multiclass task with:
	-custom
		-f1: 0.47104790003340724
		-auroc: 0.804280373534327
	-resnet
		-f1: 0.4584991554805661
		-auroc: 0.7669076892486377
2026-06-07 12:30:28 - __main__ - INFO - Input matrix with CMEDAKVQGNHIYSLTWFPR encoding is removed.

2026-06-07 12:30:34 - __main__ - INFO - Input matrix with VYQTRNHIEAFKMLSDGPCW encoding is generated.
2026-06-07 12:32:23 - __main__ - INFO - VYQTRNHIEAFKMLSDGPCW encoding is done for multiclass task with:
	-custom
		-f1: 0.42897706360679433
		-auroc: 0.8022038595471201
	-resnet
		-f1: 0.35968261358605497
		-auroc: 0.7274871870367275
2026-06-07 12:32:23 - __main__ - INFO - Input matrix with VYQTRNHIEAFKMLSDGPCW encoding is removed.

2026-06-07 12:32:29 - __main__ - INFO - Input matrix with HNTQYKVCPWRMGEIAFDSL encoding is generated.
2026-06-07 12:34:18 - __main__ - INFO - HNTQYKVCPWRMGEIAFDSL encoding is done for multiclass task with:
	-custom
		-f1: 0.4222256098857279
		-auroc: 0.789527568608157
	-resnet
		-f1: 0.40439638862475613
		-auroc: 0.7499180758100489
2026-06-07 12:34:18 - __main__ - INFO - Input matrix with HNTQYKVCPWRMGEIAFDSL encoding is removed.

2026-06-07 12:34:23 - __main__ - INFO - Input matrix with ITWCLYPVDQKFNEGHMASR encoding is generated.
2026-06-07 12:36:13 - __main__ - INFO - ITWCLYPVDQKFNEGHMASR encoding is done for multiclass task with:
	-custom
		-f1: 0.4217481466442206
		-auroc: 0.7864005313958342
	-resnet
		-f1: 0.37013342896835966
		-auroc: 0.7056341738041134
2026-06-07 12:36:13 - __main__ - INFO - Input matrix with ITWCLYPVDQKFNEGHMASR encoding is removed.

2026-06-07 12:36:19 - __main__ - INFO - Input matrix with NEYFMLWRPKSVHQTICDAG encoding is generated.
2026-06-07 12:38:07 - __main__ - INFO - NEYFMLWRPKSVHQTICDAG encoding is done for multiclass task with:
	-custom
		-f1: 0.4345067080539503
		-auroc: 0.7963873699984427
	-resnet
		-f1: 0.4311393234670642
		-auroc: 0.7340001563165733
2026-06-07 12:38:07 - __main__ - INFO - Input matrix with NEYFMLWRPKSVHQTICDAG encoding is removed.

2026-06-07 12:38:13 - __main__ - INFO - Input matrix with GTAFLNCPISWKEVHMYDQR encoding is generated.
2026-06-07 12:40:03 - __main__ - INFO - GTAFLNCPISWKEVHMYDQR encoding is done for multiclass task with:
	-custom
		-f1: 0.440884277734283
		-auroc: 0.7952304570900476
	-resnet
		-f1: 0.3620337162498592
		-auroc: 0.738061854261745
2026-06-07 12:40:03 - __main__ - INFO - Input matrix with GTAFLNCPISWKEVHMYDQR encoding is removed.

2026-06-07 12:40:09 - __main__ - INFO - Input matrix with IWARPCTGESDFHLQMNYVK encoding is generated.
2026-06-07 12:41:59 - __main__ - INFO - IWARPCTGESDFHLQMNYVK encoding is done for multiclass task with:
	-custom
		-f1: 0.40123250322018433
		-auroc: 0.7928844275145905
	-resnet
		-f1: 0.3741790227753613
		-auroc: 0.739572892088152
2026-06-07 12:41:59 - __main__ - INFO - Input matrix with IWARPCTGESDFHLQMNYVK encoding is removed.

2026-06-07 12:42:04 - __main__ - INFO - Input matrix with MTGFIADWYLSHCERNPKVQ encoding is generated.
2026-06-07 12:43:54 - __main__ - INFO - MTGFIADWYLSHCERNPKVQ encoding is done for multiclass task with:
	-custom
		-f1: 0.4292860175980615
		-auroc: 0.7927674791939007
	-resnet
		-f1: 0.35306698136617914
		-auroc: 0.7092990822379074
2026-06-07 12:43:54 - __main__ - INFO - Input matrix with MTGFIADWYLSHCERNPKVQ encoding is removed.

2026-06-07 12:43:59 - __main__ - INFO - Input matrix with WDKHALNFMRYEVGICPTQS encoding is generated.
2026-06-07 12:45:47 - __main__ - INFO - WDKHALNFMRYEVGICPTQS encoding is done for multiclass task with:
	-custom
		-f1: 0.4426175460624718
		-auroc: 0.7975722401727575
	-resnet
		-f1: 0.3557264930504106
		-auroc: 0.700484743902875
2026-06-07 12:45:47 - __main__ - INFO - Input matrix with WDKHALNFMRYEVGICPTQS encoding is removed.

2026-06-07 12:45:52 - __main__ - INFO - Input matrix with PEAHVCIKTNFMSQGWDYLR encoding is generated.
2026-06-07 12:47:42 - __main__ - INFO - PEAHVCIKTNFMSQGWDYLR encoding is done for multiclass task with:
	-custom
		-f1: 0.43484515789367795
		-auroc: 0.7988779926918668
	-resnet
		-f1: 0.33878578556102046
		-auroc: 0.7393237055006917
2026-06-07 12:47:42 - __main__ - INFO - Input matrix with PEAHVCIKTNFMSQGWDYLR encoding is removed.

2026-06-07 12:47:47 - __main__ - INFO - Input matrix with CNFLMWHQETPVGSARDYKI encoding is generated.
2026-06-07 12:49:36 - __main__ - INFO - CNFLMWHQETPVGSARDYKI encoding is done for multiclass task with:
	-custom
		-f1: 0.4376046200196767
		-auroc: 0.7966177649198938
	-resnet
		-f1: 0.3974517890157248
		-auroc: 0.754935774269126
2026-06-07 12:49:36 - __main__ - INFO - Input matrix with CNFLMWHQETPVGSARDYKI encoding is removed.

2026-06-07 12:49:41 - __main__ - INFO - Input matrix with FHSPTARKWLMYQGCINVDE encoding is generated.
2026-06-07 12:51:30 - __main__ - INFO - FHSPTARKWLMYQGCINVDE encoding is done for multiclass task with:
	-custom
		-f1: 0.44232526233548447
		-auroc: 0.7883964766744753
	-resnet
		-f1: 0.3601145598358678
		-auroc: 0.7170351698438602
2026-06-07 12:51:30 - __main__ - INFO - Input matrix with FHSPTARKWLMYQGCINVDE encoding is removed.

2026-06-07 12:51:35 - __main__ - INFO - Input matrix with RNWCFAEMYKDGIQHTSVLP encoding is generated.
2026-06-07 12:53:23 - __main__ - INFO - RNWCFAEMYKDGIQHTSVLP encoding is done for multiclass task with:
	-custom
		-f1: 0.3992033209520724
		-auroc: 0.7963459849902808
	-resnet
		-f1: 0.3971606537818024
		-auroc: 0.7384601529850421
2026-06-07 12:53:23 - __main__ - INFO - Input matrix with RNWCFAEMYKDGIQHTSVLP encoding is removed.

2026-06-07 12:53:29 - __main__ - INFO - Input matrix with TWAVECDPHQIYLKFNRMGS encoding is generated.
2026-06-07 12:55:20 - __main__ - INFO - TWAVECDPHQIYLKFNRMGS encoding is done for multiclass task with:
	-custom
		-f1: 0.4383237963771105
		-auroc: 0.795366726543802
	-resnet
		-f1: 0.44218850116727715
		-auroc: 0.7535324400287176
2026-06-07 12:55:20 - __main__ - INFO - Input matrix with TWAVECDPHQIYLKFNRMGS encoding is removed.

2026-06-07 12:55:26 - __main__ - INFO - Input matrix with YPLQEMNDRTFKSAVCWIHG encoding is generated.
2026-06-07 12:57:14 - __main__ - INFO - YPLQEMNDRTFKSAVCWIHG encoding is done for multiclass task with:
	-custom
		-f1: 0.456699192710444
		-auroc: 0.7964315316270374
	-resnet
		-f1: 0.3599181496122008
		-auroc: 0.7229477739532885
2026-06-07 12:57:14 - __main__ - INFO - Input matrix with YPLQEMNDRTFKSAVCWIHG encoding is removed.

2026-06-07 12:57:19 - __main__ - INFO - Input matrix with CGYNQLWPHMFAKVRDSEIT encoding is generated.
2026-06-07 12:59:08 - __main__ - INFO - CGYNQLWPHMFAKVRDSEIT encoding is done for multiclass task with:
	-custom
		-f1: 0.4344690197941664
		-auroc: 0.7905424326308859
	-resnet
		-f1: 0.440871241440114
		-auroc: 0.7489846109462701
2026-06-07 12:59:08 - __main__ - INFO - Input matrix with CGYNQLWPHMFAKVRDSEIT encoding is removed.

2026-06-07 12:59:13 - __main__ - INFO - Input matrix with LNGPTICVRAHKQSEDFYWM encoding is generated.
2026-06-07 13:01:02 - __main__ - INFO - LNGPTICVRAHKQSEDFYWM encoding is done for multiclass task with:
	-custom
		-f1: 0.4491877165606003
		-auroc: 0.8013614062417542
	-resnet
		-f1: 0.3745658030854105
		-auroc: 0.7070138257026792
2026-06-07 13:01:02 - __main__ - INFO - Input matrix with LNGPTICVRAHKQSEDFYWM encoding is removed.

2026-06-07 13:01:07 - __main__ - INFO - Input matrix with SIGCQPRFAVWKHYTDMENL encoding is generated.
2026-06-07 13:02:56 - __main__ - INFO - SIGCQPRFAVWKHYTDMENL encoding is done for multiclass task with:
	-custom
		-f1: 0.4334646592592244
		-auroc: 0.78944199689126
	-resnet
		-f1: 0.4056852479298231
		-auroc: 0.759875639210588
2026-06-07 13:02:56 - __main__ - INFO - Input matrix with SIGCQPRFAVWKHYTDMENL encoding is removed.

2026-06-07 13:03:01 - __main__ - INFO - Input matrix with QEKPYLFACDMSIVRHWTGN encoding is generated.
2026-06-07 13:04:47 - __main__ - INFO - QEKPYLFACDMSIVRHWTGN encoding is done for multiclass task with:
	-custom
		-f1: 0.4275073382286392
		-auroc: 0.7917718706706331
	-resnet
		-f1: 0.3856409299117765
		-auroc: 0.7380583398050273
2026-06-07 13:04:47 - __main__ - INFO - Input matrix with QEKPYLFACDMSIVRHWTGN encoding is removed.

2026-06-07 13:04:53 - __main__ - INFO - Input matrix with LRYVWNFHCGMKTSADQPIE encoding is generated.
2026-06-07 13:06:42 - __main__ - INFO - LRYVWNFHCGMKTSADQPIE encoding is done for multiclass task with:
	-custom
		-f1: 0.40539473847987273
		-auroc: 0.796248806347846
	-resnet
		-f1: 0.40732776278625904
		-auroc: 0.732500593266179
2026-06-07 13:06:42 - __main__ - INFO - Input matrix with LRYVWNFHCGMKTSADQPIE encoding is removed.

2026-06-07 13:06:48 - __main__ - INFO - Input matrix with LQMTRSKAIVGDCNWYFPEH encoding is generated.
2026-06-07 13:08:38 - __main__ - INFO - LQMTRSKAIVGDCNWYFPEH encoding is done for multiclass task with:
	-custom
		-f1: 0.4236770201292167
		-auroc: 0.7963436566744713
	-resnet
		-f1: 0.37427043992799425
		-auroc: 0.739565914847463
2026-06-07 13:08:38 - __main__ - INFO - Input matrix with LQMTRSKAIVGDCNWYFPEH encoding is removed.

2026-06-07 13:08:43 - __main__ - INFO - Input matrix with KTFWNHPVCDSYMEAIRLGQ encoding is generated.
2026-06-07 13:10:34 - __main__ - INFO - KTFWNHPVCDSYMEAIRLGQ encoding is done for multiclass task with:
	-custom
		-f1: 0.41510974665685707
		-auroc: 0.7915129541925225
	-resnet
		-f1: 0.32497980138720706
		-auroc: 0.7308199099928344
2026-06-07 13:10:34 - __main__ - INFO - Input matrix with KTFWNHPVCDSYMEAIRLGQ encoding is removed.

2026-06-07 13:10:39 - __main__ - INFO - Input matrix with PLKQIDMGWESNFTRHAVYC encoding is generated.
2026-06-07 13:12:30 - __main__ - INFO - PLKQIDMGWESNFTRHAVYC encoding is done for multiclass task with:
	-custom
		-f1: 0.4221090121489892
		-auroc: 0.7983156722540897
	-resnet
		-f1: 0.41746013326144116
		-auroc: 0.7287390253838728
2026-06-07 13:12:30 - __main__ - INFO - Input matrix with PLKQIDMGWESNFTRHAVYC encoding is removed.

2026-06-07 13:12:36 - __main__ - INFO - Input matrix with GHFQRWETVYLIADNMCPKS encoding is generated.
2026-06-07 13:14:26 - __main__ - INFO - GHFQRWETVYLIADNMCPKS encoding is done for multiclass task with:
	-custom
		-f1: 0.44411995034873275
		-auroc: 0.798802859155977
	-resnet
		-f1: 0.36505188233815195
		-auroc: 0.7169072088366146
2026-06-07 13:14:26 - __main__ - INFO - Input matrix with GHFQRWETVYLIADNMCPKS encoding is removed.

2026-06-07 13:14:32 - __main__ - INFO - Input matrix with VPDQKECGTSMFYNIALHRW encoding is generated.
2026-06-07 13:16:19 - __main__ - INFO - VPDQKECGTSMFYNIALHRW encoding is done for multiclass task with:
	-custom
		-f1: 0.4330874518113273
		-auroc: 0.7956002659000039
	-resnet
		-f1: 0.4058511428577999
		-auroc: 0.7239094706704291
2026-06-07 13:16:19 - __main__ - INFO - Input matrix with VPDQKECGTSMFYNIALHRW encoding is removed.

2026-06-07 13:16:25 - __main__ - INFO - Input matrix with YWIFMQDKRVETNAGPSLCH encoding is generated.
2026-06-07 13:18:14 - __main__ - INFO - YWIFMQDKRVETNAGPSLCH encoding is done for multiclass task with:
	-custom
		-f1: 0.4264154126655493
		-auroc: 0.7950903654694585
	-resnet
		-f1: 0.3992998301707086
		-auroc: 0.7551734621054595
2026-06-07 13:18:14 - __main__ - INFO - Input matrix with YWIFMQDKRVETNAGPSLCH encoding is removed.

2026-06-07 13:18:19 - __main__ - INFO - Input matrix with CPMYKARVTFHQEDINSGWL encoding is generated.
2026-06-07 13:20:09 - __main__ - INFO - CPMYKARVTFHQEDINSGWL encoding is done for multiclass task with:
	-custom
		-f1: 0.43957596510352914
		-auroc: 0.8014826265536288
	-resnet
		-f1: 0.39559005971124933
		-auroc: 0.733766881580767
2026-06-07 13:20:09 - __main__ - INFO - Input matrix with CPMYKARVTFHQEDINSGWL encoding is removed.

2026-06-07 13:20:14 - __main__ - INFO - Input matrix with FHQVSKEYWCLRAIGTNDPM encoding is generated.
2026-06-07 13:22:03 - __main__ - INFO - FHQVSKEYWCLRAIGTNDPM encoding is done for multiclass task with:
	-custom
		-f1: 0.4481600171160317
		-auroc: 0.7989435601207905
	-resnet
		-f1: 0.37392867775800476
		-auroc: 0.7306713388907353
2026-06-07 13:22:03 - __main__ - INFO - Input matrix with FHQVSKEYWCLRAIGTNDPM encoding is removed.

2026-06-07 13:22:09 - __main__ - INFO - Input matrix with TIHCGAVYMKQRDLWFPSEN encoding is generated.
2026-06-07 13:23:59 - __main__ - INFO - TIHCGAVYMKQRDLWFPSEN encoding is done for multiclass task with:
	-custom
		-f1: 0.43880187425006767
		-auroc: 0.7967545068721951
	-resnet
		-f1: 0.4013691524273514
		-auroc: 0.7490303672163938
2026-06-07 13:23:59 - __main__ - INFO - Input matrix with TIHCGAVYMKQRDLWFPSEN encoding is removed.

2026-06-07 13:24:04 - __main__ - INFO - Input matrix with QSFCAEGWVNLIHYMRTPDK encoding is generated.
2026-06-07 13:25:53 - __main__ - INFO - QSFCAEGWVNLIHYMRTPDK encoding is done for multiclass task with:
	-custom
		-f1: 0.4604175542447758
		-auroc: 0.7978955371795183
	-resnet
		-f1: 0.44286248224559105
		-auroc: 0.7544723368703978
2026-06-07 13:25:53 - __main__ - INFO - Input matrix with QSFCAEGWVNLIHYMRTPDK encoding is removed.

2026-06-07 13:25:59 - __main__ - INFO - Input matrix with TLCDSIQMFRGPEWNKAVHY encoding is generated.
2026-06-07 13:27:47 - __main__ - INFO - TLCDSIQMFRGPEWNKAVHY encoding is done for multiclass task with:
	-custom
		-f1: 0.4047266486039337
		-auroc: 0.7882896371241376
	-resnet
		-f1: 0.3303166371184144
		-auroc: 0.7150434458656049
2026-06-07 13:27:47 - __main__ - INFO - Input matrix with TLCDSIQMFRGPEWNKAVHY encoding is removed.

2026-06-07 13:27:53 - __main__ - INFO - Input matrix with DRYEIHVFMASKLCGPTNWQ encoding is generated.
2026-06-07 13:29:39 - __main__ - INFO - DRYEIHVFMASKLCGPTNWQ encoding is done for multiclass task with:
	-custom
		-f1: 0.4225739609492626
		-auroc: 0.7907633592946587
	-resnet
		-f1: 0.39752082828252094
		-auroc: 0.7524320609648123
2026-06-07 13:29:39 - __main__ - INFO - Input matrix with DRYEIHVFMASKLCGPTNWQ encoding is removed.

2026-06-07 13:29:45 - __main__ - INFO - Input matrix with YMRCDNHQGKLWVIAFESPT encoding is generated.
2026-06-07 13:31:36 - __main__ - INFO - YMRCDNHQGKLWVIAFESPT encoding is done for multiclass task with:
	-custom
		-f1: 0.44340325278686665
		-auroc: 0.7904526317877327
	-resnet
		-f1: 0.39029727927616464
		-auroc: 0.7166208588491029
2026-06-07 13:31:36 - __main__ - INFO - Input matrix with YMRCDNHQGKLWVIAFESPT encoding is removed.

2026-06-07 13:31:41 - __main__ - INFO - Input matrix with FPVCSGMKTRNIQDEWLHYA encoding is generated.
2026-06-07 13:33:28 - __main__ - INFO - FPVCSGMKTRNIQDEWLHYA encoding is done for multiclass task with:
	-custom
		-f1: 0.41031344655120405
		-auroc: 0.7877839464306521
	-resnet
		-f1: 0.3543079068656222
		-auroc: 0.7191756476899074
2026-06-07 13:33:28 - __main__ - INFO - Input matrix with FPVCSGMKTRNIQDEWLHYA encoding is removed.

2026-06-07 13:33:34 - __main__ - INFO - Input matrix with LIQGPCTSKERDNWAHFMYV encoding is generated.
2026-06-07 13:35:19 - __main__ - INFO - LIQGPCTSKERDNWAHFMYV encoding is done for multiclass task with:
	-custom
		-f1: 0.44760334518233125
		-auroc: 0.7974715078878724
	-resnet
		-f1: 0.3779714787181718
		-auroc: 0.7274831203145782
2026-06-07 13:35:19 - __main__ - INFO - Input matrix with LIQGPCTSKERDNWAHFMYV encoding is removed.

2026-06-07 13:35:25 - __main__ - INFO - Input matrix with FVNLTAMPWDYQSKCGEHIR encoding is generated.
2026-06-07 13:37:14 - __main__ - INFO - FVNLTAMPWDYQSKCGEHIR encoding is done for multiclass task with:
	-custom
		-f1: 0.4286744267446932
		-auroc: 0.7937622272512754
	-resnet
		-f1: 0.40199120845413683
		-auroc: 0.7240192329615616
2026-06-07 13:37:14 - __main__ - INFO - Input matrix with FVNLTAMPWDYQSKCGEHIR encoding is removed.

2026-06-07 13:37:20 - __main__ - INFO - Input matrix with WATEFLQGMICDRYVNKHPS encoding is generated.
2026-06-07 13:39:09 - __main__ - INFO - WATEFLQGMICDRYVNKHPS encoding is done for multiclass task with:
	-custom
		-f1: 0.4134288407223007
		-auroc: 0.789590329209405
	-resnet
		-f1: 0.4010288066260598
		-auroc: 0.723337493431871
2026-06-07 13:39:09 - __main__ - INFO - Input matrix with WATEFLQGMICDRYVNKHPS encoding is removed.

2026-06-07 13:39:14 - __main__ - INFO - Input matrix with YNVEDCFQAMWGRKHSLITP encoding is generated.
2026-06-07 13:41:02 - __main__ - INFO - YNVEDCFQAMWGRKHSLITP encoding is done for multiclass task with:
	-custom
		-f1: 0.415664625418071
		-auroc: 0.7890900054274843
	-resnet
		-f1: 0.3537330531278175
		-auroc: 0.7310472436719068
2026-06-07 13:41:02 - __main__ - INFO - Input matrix with YNVEDCFQAMWGRKHSLITP encoding is removed.

2026-06-07 13:41:07 - __main__ - INFO - Input matrix with QAFSCDVNIPKTLEYRMWHG encoding is generated.
2026-06-07 13:42:53 - __main__ - INFO - QAFSCDVNIPKTLEYRMWHG encoding is done for multiclass task with:
	-custom
		-f1: 0.4187523486270172
		-auroc: 0.7940905475970214
	-resnet
		-f1: 0.41877714573305724
		-auroc: 0.7377604808992017
2026-06-07 13:42:53 - __main__ - INFO - Input matrix with QAFSCDVNIPKTLEYRMWHG encoding is removed.

2026-06-07 13:42:58 - __main__ - INFO - Input matrix with IEQYAVKRLHSMNDFCGPTW encoding is generated.
2026-06-07 13:44:47 - __main__ - INFO - IEQYAVKRLHSMNDFCGPTW encoding is done for multiclass task with:
	-custom
		-f1: 0.4290886328777138
		-auroc: 0.7977042200219719
	-resnet
		-f1: 0.38173001599154743
		-auroc: 0.7238773879383255
2026-06-07 13:44:47 - __main__ - INFO - Input matrix with IEQYAVKRLHSMNDFCGPTW encoding is removed.

2026-06-07 13:44:53 - __main__ - INFO - Input matrix with QATPWEHRKGLVFDNYCSMI encoding is generated.
2026-06-07 13:46:40 - __main__ - INFO - QATPWEHRKGLVFDNYCSMI encoding is done for multiclass task with:
	-custom
		-f1: 0.3851304616628778
		-auroc: 0.7814275043664571
	-resnet
		-f1: 0.392788226070559
		-auroc: 0.7373202179298992
2026-06-07 13:46:40 - __main__ - INFO - Input matrix with QATPWEHRKGLVFDNYCSMI encoding is removed.

2026-06-07 13:46:45 - __main__ - INFO - Input matrix with AGVDLRMWFIYTSPCKHNEQ encoding is generated.
2026-06-07 13:48:34 - __main__ - INFO - AGVDLRMWFIYTSPCKHNEQ encoding is done for multiclass task with:
	-custom
		-f1: 0.42218270022462373
		-auroc: 0.7967284828699829
	-resnet
		-f1: 0.4141565372476276
		-auroc: 0.7460788385655938
2026-06-07 13:48:34 - __main__ - INFO - Input matrix with AGVDLRMWFIYTSPCKHNEQ encoding is removed.

2026-06-07 13:48:39 - __main__ - INFO - Input matrix with KWMGQSVFALIPDEHCNRTY encoding is generated.
2026-06-07 13:50:27 - __main__ - INFO - KWMGQSVFALIPDEHCNRTY encoding is done for multiclass task with:
	-custom
		-f1: 0.4395959040385547
		-auroc: 0.7997285088918492
	-resnet
		-f1: 0.4391578772602136
		-auroc: 0.7537277658595751
2026-06-07 13:50:27 - __main__ - INFO - Input matrix with KWMGQSVFALIPDEHCNRTY encoding is removed.

2026-06-07 13:50:32 - __main__ - INFO - Input matrix with AVYTGCRLNPFIDKEHMSQW encoding is generated.
2026-06-07 13:52:22 - __main__ - INFO - AVYTGCRLNPFIDKEHMSQW encoding is done for multiclass task with:
	-custom
		-f1: 0.4198013935514693
		-auroc: 0.7955632411176805
	-resnet
		-f1: 0.4387046708882643
		-auroc: 0.7574233258947037
2026-06-07 13:52:22 - __main__ - INFO - Input matrix with AVYTGCRLNPFIDKEHMSQW encoding is removed.

2026-06-07 13:52:27 - __main__ - INFO - Input matrix with YKNGIAQETPHSCWMVLRFD encoding is generated.
2026-06-07 13:54:17 - __main__ - INFO - YKNGIAQETPHSCWMVLRFD encoding is done for multiclass task with:
	-custom
		-f1: 0.42739328863163584
		-auroc: 0.7957261948191683
	-resnet
		-f1: 0.3879297472549875
		-auroc: 0.7385760718581428
2026-06-07 13:54:17 - __main__ - INFO - Input matrix with YKNGIAQETPHSCWMVLRFD encoding is removed.

2026-06-07 13:54:23 - __main__ - INFO - Input matrix with DMGVYPIFQLARHTCSKWEN encoding is generated.
2026-06-07 13:56:13 - __main__ - INFO - DMGVYPIFQLARHTCSKWEN encoding is done for multiclass task with:
	-custom
		-f1: 0.453053210517487
		-auroc: 0.7993249056850856
	-resnet
		-f1: 0.3937160507318159
		-auroc: 0.7625180125667649
2026-06-07 13:56:13 - __main__ - INFO - Input matrix with DMGVYPIFQLARHTCSKWEN encoding is removed.

2026-06-07 13:56:19 - __main__ - INFO - Input matrix with NEQVIYFMTWSLKHCPAGDR encoding is generated.
2026-06-07 13:58:09 - __main__ - INFO - NEQVIYFMTWSLKHCPAGDR encoding is done for multiclass task with:
	-custom
		-f1: 0.4128809694020382
		-auroc: 0.7965890208318906
	-resnet
		-f1: 0.38012155182571244
		-auroc: 0.7198355513181387
2026-06-07 13:58:09 - __main__ - INFO - Input matrix with NEQVIYFMTWSLKHCPAGDR encoding is removed.

2026-06-07 13:58:15 - __main__ - INFO - Input matrix with WGTRCHIMDVLKANEYQFSP encoding is generated.
2026-06-07 14:00:05 - __main__ - INFO - WGTRCHIMDVLKANEYQFSP encoding is done for multiclass task with:
	-custom
		-f1: 0.45363777044804826
		-auroc: 0.7873363375192257
	-resnet
		-f1: 0.35985792441057185
		-auroc: 0.7271489964945693
2026-06-07 14:00:05 - __main__ - INFO - Input matrix with WGTRCHIMDVLKANEYQFSP encoding is removed.

2026-06-07 14:00:11 - __main__ - INFO - Input matrix with LTAEKFHVINYRQCSMDGPW encoding is generated.
2026-06-07 14:02:01 - __main__ - INFO - LTAEKFHVINYRQCSMDGPW encoding is done for multiclass task with:
	-custom
		-f1: 0.41880614651550785
		-auroc: 0.7899974631849437
	-resnet
		-f1: 0.3780335468564332
		-auroc: 0.731320368517933
2026-06-07 14:02:01 - __main__ - INFO - Input matrix with LTAEKFHVINYRQCSMDGPW encoding is removed.

2026-06-07 14:02:07 - __main__ - INFO - Input matrix with TKMLVPGSNFYDCAEWQRHI encoding is generated.
2026-06-07 14:03:56 - __main__ - INFO - TKMLVPGSNFYDCAEWQRHI encoding is done for multiclass task with:
	-custom
		-f1: 0.4625382918906286
		-auroc: 0.8081153730631423
	-resnet
		-f1: 0.3947654593243001
		-auroc: 0.7587064725157217
2026-06-07 14:03:56 - __main__ - INFO - Input matrix with TKMLVPGSNFYDCAEWQRHI encoding is removed.

2026-06-07 14:04:01 - __main__ - INFO - Input matrix with APISQTHLYEKMNRDCGWVF encoding is generated.
2026-06-07 14:05:50 - __main__ - INFO - APISQTHLYEKMNRDCGWVF encoding is done for multiclass task with:
	-custom
		-f1: 0.4086612162513056
		-auroc: 0.8016635708491956
	-resnet
		-f1: 0.3913780064375688
		-auroc: 0.7391031369436286
2026-06-07 14:05:50 - __main__ - INFO - Input matrix with APISQTHLYEKMNRDCGWVF encoding is removed.

2026-06-07 14:05:56 - __main__ - INFO - Input matrix with AMNVPHFSGQTCRYKIEDWL encoding is generated.
2026-06-07 14:07:45 - __main__ - INFO - AMNVPHFSGQTCRYKIEDWL encoding is done for multiclass task with:
	-custom
		-f1: 0.42534917492737884
		-auroc: 0.793338973151091
	-resnet
		-f1: 0.36220350280733377
		-auroc: 0.7039572753630896
2026-06-07 14:07:45 - __main__ - INFO - Input matrix with AMNVPHFSGQTCRYKIEDWL encoding is removed.

2026-06-07 14:07:51 - __main__ - INFO - Input matrix with KAIMRVFTGSEDQNWYLCHP encoding is generated.
2026-06-07 14:09:41 - __main__ - INFO - KAIMRVFTGSEDQNWYLCHP encoding is done for multiclass task with:
	-custom
		-f1: 0.44736110580194344
		-auroc: 0.7930260390418497
	-resnet
		-f1: 0.38469770302524203
		-auroc: 0.7300816647337481
2026-06-07 14:09:41 - __main__ - INFO - Input matrix with KAIMRVFTGSEDQNWYLCHP encoding is removed.

2026-06-07 14:09:47 - __main__ - INFO - Input matrix with DTMAWEGHFSVKPRQLICNY encoding is generated.
2026-06-07 14:11:37 - __main__ - INFO - DTMAWEGHFSVKPRQLICNY encoding is done for multiclass task with:
	-custom
		-f1: 0.4370305193839853
		-auroc: 0.7977867587771053
	-resnet
		-f1: 0.3974660894388373
		-auroc: 0.7285187591854554
2026-06-07 14:11:37 - __main__ - INFO - Input matrix with DTMAWEGHFSVKPRQLICNY encoding is removed.

2026-06-07 14:11:43 - __main__ - INFO - Input matrix with PRCNQFVGEAIWDMHKSYTL encoding is generated.
2026-06-07 14:13:32 - __main__ - INFO - PRCNQFVGEAIWDMHKSYTL encoding is done for multiclass task with:
	-custom
		-f1: 0.4620824603460584
		-auroc: 0.7989300948274632
	-resnet
		-f1: 0.4089378871352273
		-auroc: 0.7367756816278866
2026-06-07 14:13:32 - __main__ - INFO - Input matrix with PRCNQFVGEAIWDMHKSYTL encoding is removed.

2026-06-07 14:13:38 - __main__ - INFO - Input matrix with ARNTVDMGSCKPELQHFIYW encoding is generated.
2026-06-07 14:15:23 - __main__ - INFO - ARNTVDMGSCKPELQHFIYW encoding is done for multiclass task with:
	-custom
		-f1: 0.4271501986329029
		-auroc: 0.7947085003173276
	-resnet
		-f1: 0.36843496180405866
		-auroc: 0.7206213337102646
2026-06-07 14:15:23 - __main__ - INFO - Input matrix with ARNTVDMGSCKPELQHFIYW encoding is removed.

2026-06-07 14:15:29 - __main__ - INFO - Input matrix with QDPCNGSAEFYIWTMLRHKV encoding is generated.
2026-06-07 14:17:20 - __main__ - INFO - QDPCNGSAEFYIWTMLRHKV encoding is done for multiclass task with:
	-custom
		-f1: 0.4464479163448235
		-auroc: 0.7955696473833074
	-resnet
		-f1: 0.3680869269550534
		-auroc: 0.7157188800563805
2026-06-07 14:17:20 - __main__ - INFO - Input matrix with QDPCNGSAEFYIWTMLRHKV encoding is removed.

2026-06-07 14:17:26 - __main__ - INFO - Input matrix with MWRQGELDYKTNAFCIHSVP encoding is generated.
2026-06-07 14:19:14 - __main__ - INFO - MWRQGELDYKTNAFCIHSVP encoding is done for multiclass task with:
	-custom
		-f1: 0.3997676878568868
		-auroc: 0.7887685826217405
	-resnet
		-f1: 0.3605694923882647
		-auroc: 0.7292839304459775
2026-06-07 14:19:14 - __main__ - INFO - Input matrix with MWRQGELDYKTNAFCIHSVP encoding is removed.

2026-06-07 14:19:20 - __main__ - INFO - Input matrix with VKARPENYQDSHTWCFLGIM encoding is generated.
2026-06-07 14:21:10 - __main__ - INFO - VKARPENYQDSHTWCFLGIM encoding is done for multiclass task with:
	-custom
		-f1: 0.4423314993104265
		-auroc: 0.7926861968608823
	-resnet
		-f1: 0.4276798874535122
		-auroc: 0.7462557257661948
2026-06-07 14:21:10 - __main__ - INFO - Input matrix with VKARPENYQDSHTWCFLGIM encoding is removed.

2026-06-07 14:21:15 - __main__ - INFO - Input matrix with MVQEFDCPTNYLWIHKGSAR encoding is generated.
2026-06-07 14:23:00 - __main__ - INFO - MVQEFDCPTNYLWIHKGSAR encoding is done for multiclass task with:
	-custom
		-f1: 0.43146239482224724
		-auroc: 0.7967848560639702
	-resnet
		-f1: 0.4551921541725398
		-auroc: 0.7419610907238041
2026-06-07 14:23:00 - __main__ - INFO - Input matrix with MVQEFDCPTNYLWIHKGSAR encoding is removed.

2026-06-07 14:23:05 - __main__ - INFO - Input matrix with KCVGQSIAYWLENPDRMHFT encoding is generated.
2026-06-07 14:24:56 - __main__ - INFO - KCVGQSIAYWLENPDRMHFT encoding is done for multiclass task with:
	-custom
		-f1: 0.4292761934922039
		-auroc: 0.7910629751342734
	-resnet
		-f1: 0.41270021878673935
		-auroc: 0.7430912536087393
2026-06-07 14:24:56 - __main__ - INFO - Input matrix with KCVGQSIAYWLENPDRMHFT encoding is removed.

2026-06-07 14:25:02 - __main__ - INFO - Input matrix with GSRVLHKCMTFWINEDPAYQ encoding is generated.
2026-06-07 14:26:48 - __main__ - INFO - GSRVLHKCMTFWINEDPAYQ encoding is done for multiclass task with:
	-custom
		-f1: 0.4181825599084162
		-auroc: 0.790489280876702
	-resnet
		-f1: 0.3778489200467441
		-auroc: 0.7555725353017685
2026-06-07 14:26:48 - __main__ - INFO - Input matrix with GSRVLHKCMTFWINEDPAYQ encoding is removed.

2026-06-07 14:26:53 - __main__ - INFO - Input matrix with CPGITWQKYAVLNHDFSERM encoding is generated.
2026-06-07 14:28:43 - __main__ - INFO - CPGITWQKYAVLNHDFSERM encoding is done for multiclass task with:
	-custom
		-f1: 0.4152031858678362
		-auroc: 0.7986438113967214
	-resnet
		-f1: 0.45964194438406913
		-auroc: 0.7585033889099144
2026-06-07 14:28:43 - __main__ - INFO - Input matrix with CPGITWQKYAVLNHDFSERM encoding is removed.

2026-06-07 14:28:49 - __main__ - INFO - Input matrix with QLSVEITCPKHWFRMYGAND encoding is generated.
2026-06-07 14:30:38 - __main__ - INFO - QLSVEITCPKHWFRMYGAND encoding is done for multiclass task with:
	-custom
		-f1: 0.4057818413183215
		-auroc: 0.7934100805480292
	-resnet
		-f1: 0.41039285394435476
		-auroc: 0.7441581774934363
2026-06-07 14:30:38 - __main__ - INFO - Input matrix with QLSVEITCPKHWFRMYGAND encoding is removed.

2026-06-07 14:30:44 - __main__ - INFO - Input matrix with EWGVHTFAQIRMLSKYCDNP encoding is generated.
2026-06-07 14:32:34 - __main__ - INFO - EWGVHTFAQIRMLSKYCDNP encoding is done for multiclass task with:
	-custom
		-f1: 0.41467440755694607
		-auroc: 0.7885070361729166
	-resnet
		-f1: 0.40766471936219084
		-auroc: 0.7326651621359448
2026-06-07 14:32:34 - __main__ - INFO - Input matrix with EWGVHTFAQIRMLSKYCDNP encoding is removed.

2026-06-07 14:32:40 - __main__ - INFO - Input matrix with IYSKREMFVLPTGQWNDAHC encoding is generated.
2026-06-07 14:34:29 - __main__ - INFO - IYSKREMFVLPTGQWNDAHC encoding is done for multiclass task with:
	-custom
		-f1: 0.4380618138801869
		-auroc: 0.7876191273047619
	-resnet
		-f1: 0.36363652857563866
		-auroc: 0.74424602822799
2026-06-07 14:34:29 - __main__ - INFO - Input matrix with IYSKREMFVLPTGQWNDAHC encoding is removed.

2026-06-07 14:34:34 - __main__ - INFO - Input matrix with HANRGMKDPTWCLQFIVEYS encoding is generated.
2026-06-07 14:36:24 - __main__ - INFO - HANRGMKDPTWCLQFIVEYS encoding is done for multiclass task with:
	-custom
		-f1: 0.41352587606579705
		-auroc: 0.7993870766701467
	-resnet
		-f1: 0.3922455269848954
		-auroc: 0.749553479015197
2026-06-07 14:36:24 - __main__ - INFO - Input matrix with HANRGMKDPTWCLQFIVEYS encoding is removed.

2026-06-07 14:36:30 - __main__ - INFO - Input matrix with RSADPHNVLTFGYEMCKIQW encoding is generated.
2026-06-07 14:38:16 - __main__ - INFO - RSADPHNVLTFGYEMCKIQW encoding is done for multiclass task with:
	-custom
		-f1: 0.39942801867615946
		-auroc: 0.7948463351126599
	-resnet
		-f1: 0.36490514259844675
		-auroc: 0.6931745172505227
2026-06-07 14:38:16 - __main__ - INFO - Input matrix with RSADPHNVLTFGYEMCKIQW encoding is removed.

2026-06-07 14:38:21 - __main__ - INFO - Input matrix with TCLDEYMIRQKPGSWVFNAH encoding is generated.
2026-06-07 14:40:09 - __main__ - INFO - TCLDEYMIRQKPGSWVFNAH encoding is done for multiclass task with:
	-custom
		-f1: 0.4219497763875423
		-auroc: 0.78954612849345
	-resnet
		-f1: 0.3850787724402962
		-auroc: 0.7221871746361083
2026-06-07 14:40:09 - __main__ - INFO - Input matrix with TCLDEYMIRQKPGSWVFNAH encoding is removed.

2026-06-07 14:40:14 - __main__ - INFO - Input matrix with DENGSYWAFPQMTICLRVKH encoding is generated.
2026-06-07 14:42:05 - __main__ - INFO - DENGSYWAFPQMTICLRVKH encoding is done for multiclass task with:
	-custom
		-f1: 0.4359868091284496
		-auroc: 0.7920061283000772
	-resnet
		-f1: 0.3759446893884291
		-auroc: 0.7326727898268404
2026-06-07 14:42:05 - __main__ - INFO - Input matrix with DENGSYWAFPQMTICLRVKH encoding is removed.

2026-06-07 14:42:10 - __main__ - INFO - Input matrix with SIFNHKTERAQMPDLYCGWV encoding is generated.
2026-06-07 14:44:01 - __main__ - INFO - SIFNHKTERAQMPDLYCGWV encoding is done for multiclass task with:
	-custom
		-f1: 0.4189627027512528
		-auroc: 0.8033665348182113
	-resnet
		-f1: 0.3681122669239797
		-auroc: 0.7174900952563428
2026-06-07 14:44:01 - __main__ - INFO - Input matrix with SIFNHKTERAQMPDLYCGWV encoding is removed.

2026-06-07 14:44:06 - __main__ - INFO - Input matrix with VRHECMQWILTYKNSFAPGD encoding is generated.
2026-06-07 14:45:55 - __main__ - INFO - VRHECMQWILTYKNSFAPGD encoding is done for multiclass task with:
	-custom
		-f1: 0.4644951355054342
		-auroc: 0.7914666640047874
	-resnet
		-f1: 0.34893581371996896
		-auroc: 0.7338076107654639
2026-06-07 14:45:55 - __main__ - INFO - Input matrix with VRHECMQWILTYKNSFAPGD encoding is removed.

2026-06-07 14:46:00 - __main__ - INFO - Input matrix with GYDRFNTMHPVQAIWLKECS encoding is generated.
2026-06-07 14:47:46 - __main__ - INFO - GYDRFNTMHPVQAIWLKECS encoding is done for multiclass task with:
	-custom
		-f1: 0.435428805050104
		-auroc: 0.7929285457663762
	-resnet
		-f1: 0.4149235602217338
		-auroc: 0.7336720829637601
2026-06-07 14:47:46 - __main__ - INFO - Input matrix with GYDRFNTMHPVQAIWLKECS encoding is removed.

2026-06-07 14:47:52 - __main__ - INFO - Input matrix with PASFIQRTGEMWLVYCHKDN encoding is generated.
2026-06-07 14:49:42 - __main__ - INFO - PASFIQRTGEMWLVYCHKDN encoding is done for multiclass task with:
	-custom
		-f1: 0.4513488713183835
		-auroc: 0.8015764039003251
	-resnet
		-f1: 0.3668972713025208
		-auroc: 0.7243826795959885
2026-06-07 14:49:42 - __main__ - INFO - Input matrix with PASFIQRTGEMWLVYCHKDN encoding is removed.

2026-06-07 14:49:48 - __main__ - INFO - Input matrix with KLNHSPYGITWADRMCVEQF encoding is generated.
2026-06-07 14:51:36 - __main__ - INFO - KLNHSPYGITWADRMCVEQF encoding is done for multiclass task with:
	-custom
		-f1: 0.4341500421906481
		-auroc: 0.788184612546063
	-resnet
		-f1: 0.3189107519611597
		-auroc: 0.6958334734488102
2026-06-07 14:51:36 - __main__ - INFO - Input matrix with KLNHSPYGITWADRMCVEQF encoding is removed.

2026-06-07 14:51:42 - __main__ - INFO - Input matrix with KPDTYQSWCHNMEALGRFIV encoding is generated.
2026-06-07 14:53:33 - __main__ - INFO - KPDTYQSWCHNMEALGRFIV encoding is done for multiclass task with:
	-custom
		-f1: 0.4287081211898882
		-auroc: 0.8085059950231199
	-resnet
		-f1: 0.394546222264223
		-auroc: 0.7350199077574529
2026-06-07 14:53:33 - __main__ - INFO - Input matrix with KPDTYQSWCHNMEALGRFIV encoding is removed.

2026-06-07 14:53:38 - __main__ - INFO - Input matrix with LAGQPHFTKNRCEDIMVSWY encoding is generated.
2026-06-07 14:55:24 - __main__ - INFO - LAGQPHFTKNRCEDIMVSWY encoding is done for multiclass task with:
	-custom
		-f1: 0.4498854696688911
		-auroc: 0.8012832252684016
	-resnet
		-f1: 0.3916868719908483
		-auroc: 0.7193696853766155
2026-06-07 14:55:24 - __main__ - INFO - Input matrix with LAGQPHFTKNRCEDIMVSWY encoding is removed.

2026-06-07 14:55:30 - __main__ - INFO - Input matrix with WMPYGSRTEAVCFNLKDHIQ encoding is generated.
2026-06-07 14:57:20 - __main__ - INFO - WMPYGSRTEAVCFNLKDHIQ encoding is done for multiclass task with:
	-custom
		-f1: 0.4214697646007083
		-auroc: 0.7899903786536508
	-resnet
		-f1: 0.44357603758864367
		-auroc: 0.7457473183776531
2026-06-07 14:57:20 - __main__ - INFO - Input matrix with WMPYGSRTEAVCFNLKDHIQ encoding is removed.

2026-06-07 14:57:25 - __main__ - INFO - Input matrix with HRISGETAKCWYNMVLFQPD encoding is generated.
2026-06-07 14:59:14 - __main__ - INFO - HRISGETAKCWYNMVLFQPD encoding is done for multiclass task with:
	-custom
		-f1: 0.42592263959593646
		-auroc: 0.7975753710716859
	-resnet
		-f1: 0.30995754755118315
		-auroc: 0.7403508419116384
2026-06-07 14:59:14 - __main__ - INFO - Input matrix with HRISGETAKCWYNMVLFQPD encoding is removed.

2026-06-07 14:59:20 - __main__ - INFO - Input matrix with LSEKPHRGCMFQIWYAVNDT encoding is generated.
2026-06-07 15:01:08 - __main__ - INFO - LSEKPHRGCMFQIWYAVNDT encoding is done for multiclass task with:
	-custom
		-f1: 0.39776157421297126
		-auroc: 0.7877430471045206
	-resnet
		-f1: 0.3771062982984953
		-auroc: 0.755794478746928
2026-06-07 15:01:08 - __main__ - INFO - Input matrix with LSEKPHRGCMFQIWYAVNDT encoding is removed.

2026-06-07 15:01:14 - __main__ - INFO - Input matrix with CGQARSWNMDLVHPIFYKTE encoding is generated.
2026-06-07 15:03:02 - __main__ - INFO - CGQARSWNMDLVHPIFYKTE encoding is done for multiclass task with:
	-custom
		-f1: 0.44946375655422777
		-auroc: 0.7909795655962126
	-resnet
		-f1: 0.3514861797552835
		-auroc: 0.7256009710046947
2026-06-07 15:03:02 - __main__ - INFO - Input matrix with CGQARSWNMDLVHPIFYKTE encoding is removed.

2026-06-07 15:03:08 - __main__ - INFO - Input matrix with VRTIFYQCHGMANPWDSLKE encoding is generated.
2026-06-07 15:04:57 - __main__ - INFO - VRTIFYQCHGMANPWDSLKE encoding is done for multiclass task with:
	-custom
		-f1: 0.42190168926362154
		-auroc: 0.7939900038433002
	-resnet
		-f1: 0.421369319834608
		-auroc: 0.7383813716767043
2026-06-07 15:04:57 - __main__ - INFO - Input matrix with VRTIFYQCHGMANPWDSLKE encoding is removed.

2026-06-07 15:05:03 - __main__ - INFO - Input matrix with CTLPWFRIMYKGVHSNAQED encoding is generated.
2026-06-07 15:06:53 - __main__ - INFO - CTLPWFRIMYKGVHSNAQED encoding is done for multiclass task with:
	-custom
		-f1: 0.43419007935095844
		-auroc: 0.7913248808302022
	-resnet
		-f1: 0.32033447508236346
		-auroc: 0.6800223077608404
2026-06-07 15:06:53 - __main__ - INFO - Input matrix with CTLPWFRIMYKGVHSNAQED encoding is removed.

2026-06-07 15:06:58 - __main__ - INFO - Input matrix with HTRFGSLWQEMANDIYVKPC encoding is generated.
2026-06-07 15:08:46 - __main__ - INFO - HTRFGSLWQEMANDIYVKPC encoding is done for multiclass task with:
	-custom
		-f1: 0.44387012923132724
		-auroc: 0.7973767907856723
	-resnet
		-f1: 0.41272060009382744
		-auroc: 0.7527990408076227
2026-06-07 15:08:46 - __main__ - INFO - Input matrix with HTRFGSLWQEMANDIYVKPC encoding is removed.

2026-06-07 15:08:52 - __main__ - INFO - Input matrix with DQLHFGSWMIVPYENKTARC encoding is generated.
2026-06-07 15:10:41 - __main__ - INFO - DQLHFGSWMIVPYENKTARC encoding is done for multiclass task with:
	-custom
		-f1: 0.46593314238957195
		-auroc: 0.7963727299607083
	-resnet
		-f1: 0.40911690415883817
		-auroc: 0.7476524032188501
2026-06-07 15:10:41 - __main__ - INFO - Input matrix with DQLHFGSWMIVPYENKTARC encoding is removed.

2026-06-07 15:10:46 - __main__ - INFO - Input matrix with IWTNMSKDFQYHVECALRGP encoding is generated.
2026-06-07 15:12:36 - __main__ - INFO - IWTNMSKDFQYHVECALRGP encoding is done for multiclass task with:
	-custom
		-f1: 0.4347767061262936
		-auroc: 0.8030683263894118
	-resnet
		-f1: 0.42634855714610315
		-auroc: 0.7367502468395661
2026-06-07 15:12:36 - __main__ - INFO - Input matrix with IWTNMSKDFQYHVECALRGP encoding is removed.

2026-06-07 15:12:42 - __main__ - INFO - Input matrix with TADYPQKLEFSNHVICMWRG encoding is generated.
2026-06-07 15:14:32 - __main__ - INFO - TADYPQKLEFSNHVICMWRG encoding is done for multiclass task with:
	-custom
		-f1: 0.4159701468825448
		-auroc: 0.7877572481561053
	-resnet
		-f1: 0.28095256954133485
		-auroc: 0.6988192854489433
2026-06-07 15:14:32 - __main__ - INFO - Input matrix with TADYPQKLEFSNHVICMWRG encoding is removed.

2026-06-07 15:14:37 - __main__ - INFO - Input matrix with DIVLKASMHCNWYTREPQFG encoding is generated.
2026-06-07 15:16:25 - __main__ - INFO - DIVLKASMHCNWYTREPQFG encoding is done for multiclass task with:
	-custom
		-f1: 0.406447864196615
		-auroc: 0.8043574618995069
	-resnet
		-f1: 0.35404889004469303
		-auroc: 0.7266832047256042
2026-06-07 15:16:25 - __main__ - INFO - Input matrix with DIVLKASMHCNWYTREPQFG encoding is removed.

2026-06-07 15:16:31 - __main__ - INFO - Input matrix with DCHQGVNRLKPYISEAWFTM encoding is generated.
2026-06-07 15:18:20 - __main__ - INFO - DCHQGVNRLKPYISEAWFTM encoding is done for multiclass task with:
	-custom
		-f1: 0.45146418523576193
		-auroc: 0.7918894368809003
	-resnet
		-f1: 0.4026143645212331
		-auroc: 0.7360484537239911
2026-06-07 15:18:20 - __main__ - INFO - Input matrix with DCHQGVNRLKPYISEAWFTM encoding is removed.

2026-06-07 15:18:26 - __main__ - INFO - Input matrix with RLPQFTDSGMNEIHCVYAKW encoding is generated.
2026-06-07 15:20:14 - __main__ - INFO - RLPQFTDSGMNEIHCVYAKW encoding is done for multiclass task with:
	-custom
		-f1: 0.4297055159335339
		-auroc: 0.7965783753567097
	-resnet
		-f1: 0.41235658247383533
		-auroc: 0.7290566629687436
2026-06-07 15:20:14 - __main__ - INFO - Input matrix with RLPQFTDSGMNEIHCVYAKW encoding is removed.

2026-06-07 15:20:20 - __main__ - INFO - Input matrix with VNSEYGFHCAWDRMPKQITL encoding is generated.
2026-06-07 15:22:09 - __main__ - INFO - VNSEYGFHCAWDRMPKQITL encoding is done for multiclass task with:
	-custom
		-f1: 0.40969047887465093
		-auroc: 0.8013874927643467
	-resnet
		-f1: 0.34175578610986806
		-auroc: 0.716652561787769
2026-06-07 15:22:09 - __main__ - INFO - Input matrix with VNSEYGFHCAWDRMPKQITL encoding is removed.

2026-06-07 15:22:14 - __main__ - INFO - Input matrix with MVQWYLFDECISHPRNAKGT encoding is generated.
2026-06-07 15:24:03 - __main__ - INFO - MVQWYLFDECISHPRNAKGT encoding is done for multiclass task with:
	-custom
		-f1: 0.4222143296352601
		-auroc: 0.7873633646378791
	-resnet
		-f1: 0.38855811809488044
		-auroc: 0.7387120242692375
2026-06-07 15:24:03 - __main__ - INFO - Input matrix with MVQWYLFDECISHPRNAKGT encoding is removed.

2026-06-07 15:24:08 - __main__ - INFO - Input matrix with LQATDHWEKCIYFVRPSMNG encoding is generated.
2026-06-07 15:25:55 - __main__ - INFO - LQATDHWEKCIYFVRPSMNG encoding is done for multiclass task with:
	-custom
		-f1: 0.44825402395092534
		-auroc: 0.8001676364780659
	-resnet
		-f1: 0.3565041769482141
		-auroc: 0.7303981603812597
2026-06-07 15:25:55 - __main__ - INFO - Input matrix with LQATDHWEKCIYFVRPSMNG encoding is removed.

2026-06-07 15:26:00 - __main__ - INFO - Input matrix with QEVYWGKNPCFHTISLRMAD encoding is generated.
2026-06-07 15:27:50 - __main__ - INFO - QEVYWGKNPCFHTISLRMAD encoding is done for multiclass task with:
	-custom
		-f1: 0.4173057778713753
		-auroc: 0.8027848125424312
	-resnet
		-f1: 0.27341979218044027
		-auroc: 0.6738658850887734
2026-06-07 15:27:50 - __main__ - INFO - Input matrix with QEVYWGKNPCFHTISLRMAD encoding is removed.

2026-06-07 15:27:56 - __main__ - INFO - Input matrix with RSPFETGWYILAMNVDHCQK encoding is generated.
2026-06-07 15:29:46 - __main__ - INFO - RSPFETGWYILAMNVDHCQK encoding is done for multiclass task with:
	-custom
		-f1: 0.4200199130512991
		-auroc: 0.7839576250105795
	-resnet
		-f1: 0.366507140929415
		-auroc: 0.7214461595128968
2026-06-07 15:29:46 - __main__ - INFO - Input matrix with RSPFETGWYILAMNVDHCQK encoding is removed.

2026-06-07 15:29:51 - __main__ - INFO - Input matrix with MISYFTRVNCKPDEHQLGAW encoding is generated.
2026-06-07 15:31:42 - __main__ - INFO - MISYFTRVNCKPDEHQLGAW encoding is done for multiclass task with:
	-custom
		-f1: 0.40899045272876106
		-auroc: 0.7906946325587072
	-resnet
		-f1: 0.3441159815910829
		-auroc: 0.713801319091175
2026-06-07 15:31:42 - __main__ - INFO - Input matrix with MISYFTRVNCKPDEHQLGAW encoding is removed.

2026-06-07 15:31:48 - __main__ - INFO - Input matrix with CWQKPRGHESTVAFNIDLYM encoding is generated.
2026-06-07 15:33:37 - __main__ - INFO - CWQKPRGHESTVAFNIDLYM encoding is done for multiclass task with:
	-custom
		-f1: 0.45274908166078764
		-auroc: 0.7953868671460812
	-resnet
		-f1: 0.36443353258261246
		-auroc: 0.722540781036955
2026-06-07 15:33:37 - __main__ - INFO - Input matrix with CWQKPRGHESTVAFNIDLYM encoding is removed.

2026-06-07 15:33:43 - __main__ - INFO - Input matrix with THKRIDLAESWPGMVQYFNC encoding is generated.
2026-06-07 15:35:34 - __main__ - INFO - THKRIDLAESWPGMVQYFNC encoding is done for multiclass task with:
	-custom
		-f1: 0.44011253806157813
		-auroc: 0.79183994236782
	-resnet
		-f1: 0.3705890815342542
		-auroc: 0.7563450216363908
2026-06-07 15:35:34 - __main__ - INFO - Input matrix with THKRIDLAESWPGMVQYFNC encoding is removed.

2026-06-07 15:35:39 - __main__ - INFO - Input matrix with LRGCSKDYPWHIQNVMTFEA encoding is generated.
2026-06-07 15:37:27 - __main__ - INFO - LRGCSKDYPWHIQNVMTFEA encoding is done for multiclass task with:
	-custom
		-f1: 0.42156396149629033
		-auroc: 0.7892995680187822
	-resnet
		-f1: 0.40291184204967534
		-auroc: 0.7517070142724794
2026-06-07 15:37:27 - __main__ - INFO - Input matrix with LRGCSKDYPWHIQNVMTFEA encoding is removed.

2026-06-07 15:37:32 - __main__ - INFO - Input matrix with WPACDHLGVRFKYISNMEQT encoding is generated.
2026-06-07 15:39:21 - __main__ - INFO - WPACDHLGVRFKYISNMEQT encoding is done for multiclass task with:
	-custom
		-f1: 0.4322454328564687
		-auroc: 0.7910548768824125
	-resnet
		-f1: 0.3474777906431645
		-auroc: 0.7210970444066527
2026-06-07 15:39:21 - __main__ - INFO - Input matrix with WPACDHLGVRFKYISNMEQT encoding is removed.

2026-06-07 15:39:27 - __main__ - INFO - Input matrix with CTPYFHILMGADREWQKVNS encoding is generated.
2026-06-07 15:41:15 - __main__ - INFO - CTPYFHILMGADREWQKVNS encoding is done for multiclass task with:
	-custom
		-f1: 0.448645564616886
		-auroc: 0.7968363760177015
	-resnet
		-f1: 0.37664939051555246
		-auroc: 0.7364450339325105
2026-06-07 15:41:15 - __main__ - INFO - Input matrix with CTPYFHILMGADREWQKVNS encoding is removed.

2026-06-07 15:41:21 - __main__ - INFO - Input matrix with DLYQVFTHEPWKMAGSCINR encoding is generated.
2026-06-07 15:43:10 - __main__ - INFO - DLYQVFTHEPWKMAGSCINR encoding is done for multiclass task with:
	-custom
		-f1: 0.39833459320919323
		-auroc: 0.7994909548640732
	-resnet
		-f1: 0.41609480813754524
		-auroc: 0.7576246565162192
2026-06-07 15:43:10 - __main__ - INFO - Input matrix with DLYQVFTHEPWKMAGSCINR encoding is removed.

2026-06-07 15:43:15 - __main__ - INFO - Input matrix with PIHGEYNDQKLWCRATSFVM encoding is generated.
2026-06-07 15:45:01 - __main__ - INFO - PIHGEYNDQKLWCRATSFVM encoding is done for multiclass task with:
	-custom
		-f1: 0.45513467967016463
		-auroc: 0.7940754313803916
	-resnet
		-f1: 0.35041515288853764
		-auroc: 0.7230272939388488
2026-06-07 15:45:01 - __main__ - INFO - Input matrix with PIHGEYNDQKLWCRATSFVM encoding is removed.

2026-06-07 15:45:07 - __main__ - INFO - Input matrix with SERCGLDPAKIQHWFVTNYM encoding is generated.
2026-06-07 15:46:55 - __main__ - INFO - SERCGLDPAKIQHWFVTNYM encoding is done for multiclass task with:
	-custom
		-f1: 0.4145323789788339
		-auroc: 0.7907921035829573
	-resnet
		-f1: 0.4164526774109948
		-auroc: 0.7353170276904841
2026-06-07 15:46:55 - __main__ - INFO - Input matrix with SERCGLDPAKIQHWFVTNYM encoding is removed.

2026-06-07 15:47:01 - __main__ - INFO - Input matrix with MGATNYFIWKPRVDSHCELQ encoding is generated.
2026-06-07 15:48:48 - __main__ - INFO - MGATNYFIWKPRVDSHCELQ encoding is done for multiclass task with:
	-custom
		-f1: 0.4314963723176778
		-auroc: 0.796090476247811
	-resnet
		-f1: 0.43407676448600296
		-auroc: 0.758322011377964
2026-06-07 15:48:48 - __main__ - INFO - Input matrix with MGATNYFIWKPRVDSHCELQ encoding is removed.

2026-06-07 15:48:54 - __main__ - INFO - Input matrix with GQFCKRPSDEVTYMHNWLAI encoding is generated.
2026-06-07 15:50:40 - __main__ - INFO - GQFCKRPSDEVTYMHNWLAI encoding is done for multiclass task with:
	-custom
		-f1: 0.4192815173333231
		-auroc: 0.79444781561361
	-resnet
		-f1: 0.30246107524605476
		-auroc: 0.7319545213165539
2026-06-07 15:50:40 - __main__ - INFO - Input matrix with GQFCKRPSDEVTYMHNWLAI encoding is removed.

2026-06-07 15:50:45 - __main__ - INFO - Input matrix with YVDEANTIGMQKPLRWSHFC encoding is generated.
2026-06-07 15:52:36 - __main__ - INFO - YVDEANTIGMQKPLRWSHFC encoding is done for multiclass task with:
	-custom
		-f1: 0.42051494488056074
		-auroc: 0.7936046215415178
	-resnet
		-f1: 0.3494517692970417
		-auroc: 0.7078889215277009
2026-06-07 15:52:36 - __main__ - INFO - Input matrix with YVDEANTIGMQKPLRWSHFC encoding is removed.

2026-06-07 15:52:42 - __main__ - INFO - Input matrix with NGVCLDRESKMTFHYIPAQW encoding is generated.
2026-06-07 15:54:32 - __main__ - INFO - NGVCLDRESKMTFHYIPAQW encoding is done for multiclass task with:
	-custom
		-f1: 0.42873870125838354
		-auroc: 0.786832448285615
	-resnet
		-f1: 0.41545933130892915
		-auroc: 0.7403499140072334
2026-06-07 15:54:32 - __main__ - INFO - Input matrix with NGVCLDRESKMTFHYIPAQW encoding is removed.

2026-06-07 15:54:38 - __main__ - INFO - Input matrix with DPRFVCMHYNLITQKSAGEW encoding is generated.
2026-06-07 15:56:27 - __main__ - INFO - DPRFVCMHYNLITQKSAGEW encoding is done for multiclass task with:
	-custom
		-f1: 0.45015291913969424
		-auroc: 0.7989710961912364
	-resnet
		-f1: 0.3829775730954327
		-auroc: 0.7305826539192326
2026-06-07 15:56:27 - __main__ - INFO - Input matrix with DPRFVCMHYNLITQKSAGEW encoding is removed.

2026-06-07 15:56:33 - __main__ - INFO - Input matrix with TMLKIVSRCYQNEFDGPAWH encoding is generated.
2026-06-07 15:58:22 - __main__ - INFO - TMLKIVSRCYQNEFDGPAWH encoding is done for multiclass task with:
	-custom
		-f1: 0.4350695446958882
		-auroc: 0.7961434025082083
	-resnet
		-f1: 0.3790027486262736
		-auroc: 0.7049693456315238
2026-06-07 15:58:22 - __main__ - INFO - Input matrix with TMLKIVSRCYQNEFDGPAWH encoding is removed.

2026-06-07 15:58:28 - __main__ - INFO - Input matrix with ERHGFMWCIVDNYQTKPSLA encoding is generated.
2026-06-07 16:00:19 - __main__ - INFO - ERHGFMWCIVDNYQTKPSLA encoding is done for multiclass task with:
	-custom
		-f1: 0.43011819167967114
		-auroc: 0.7991662682814212
	-resnet
		-f1: 0.3866057421260932
		-auroc: 0.7405167652464788
2026-06-07 16:00:19 - __main__ - INFO - Input matrix with ERHGFMWCIVDNYQTKPSLA encoding is removed.

2026-06-07 16:00:24 - __main__ - INFO - Input matrix with VALWHTQKGPIERYSDFNMC encoding is generated.
2026-06-07 16:02:14 - __main__ - INFO - VALWHTQKGPIERYSDFNMC encoding is done for multiclass task with:
	-custom
		-f1: 0.4116049265579732
		-auroc: 0.7903212626527925
	-resnet
		-f1: 0.38850520855489107
		-auroc: 0.7161644399834431
2026-06-07 16:02:14 - __main__ - INFO - Input matrix with VALWHTQKGPIERYSDFNMC encoding is removed.

2026-06-07 16:02:19 - __main__ - INFO - Input matrix with WFREASTPHDVLCMINYKGQ encoding is generated.
2026-06-07 16:04:09 - __main__ - INFO - WFREASTPHDVLCMINYKGQ encoding is done for multiclass task with:
	-custom
		-f1: 0.4298132523094321
		-auroc: 0.7939346063800014
	-resnet
		-f1: 0.3558032031316026
		-auroc: 0.7137946721654372
2026-06-07 16:04:09 - __main__ - INFO - Input matrix with WFREASTPHDVLCMINYKGQ encoding is removed.

2026-06-07 16:04:15 - __main__ - INFO - Input matrix with YTSKRLEQHMAWNGCVFIPD encoding is generated.
2026-06-07 16:06:05 - __main__ - INFO - YTSKRLEQHMAWNGCVFIPD encoding is done for multiclass task with:
	-custom
		-f1: 0.41846393749619565
		-auroc: 0.7972033365367164
	-resnet
		-f1: 0.4479004286004947
		-auroc: 0.7671635840774751
2026-06-07 16:06:05 - __main__ - INFO - Input matrix with YTSKRLEQHMAWNGCVFIPD encoding is removed.

2026-06-07 16:06:10 - __main__ - INFO - Input matrix with MGRPEQKCLFNYWTVAHISD encoding is generated.
2026-06-07 16:07:58 - __main__ - INFO - MGRPEQKCLFNYWTVAHISD encoding is done for multiclass task with:
	-custom
		-f1: 0.43686450790339226
		-auroc: 0.7961398768165161
	-resnet
		-f1: 0.3915673229406329
		-auroc: 0.7423129542450544
2026-06-07 16:07:58 - __main__ - INFO - Input matrix with MGRPEQKCLFNYWTVAHISD encoding is removed.

2026-06-07 16:08:04 - __main__ - INFO - Input matrix with TECPDVASKQRWGNLIYHMF encoding is generated.
2026-06-07 16:09:52 - __main__ - INFO - TECPDVASKQRWGNLIYHMF encoding is done for multiclass task with:
	-custom
		-f1: 0.4266255280283137
		-auroc: 0.7958534359770237
	-resnet
		-f1: 0.43306350890419754
		-auroc: 0.7378006220524316
2026-06-07 16:09:52 - __main__ - INFO - Input matrix with TECPDVASKQRWGNLIYHMF encoding is removed.

2026-06-07 16:09:57 - __main__ - INFO - Input matrix with NQCFSHGIWRTVKMEPLYDA encoding is generated.
2026-06-07 16:11:45 - __main__ - INFO - NQCFSHGIWRTVKMEPLYDA encoding is done for multiclass task with:
	-custom
		-f1: 0.4213365882215131
		-auroc: 0.7899264228157071
	-resnet
		-f1: 0.3847053016598295
		-auroc: 0.7290312954545912
2026-06-07 16:11:45 - __main__ - INFO - Input matrix with NQCFSHGIWRTVKMEPLYDA encoding is removed.

2026-06-07 16:11:51 - __main__ - INFO - Input matrix with VQFPGTSEAYLKDMWIHCNR encoding is generated.
2026-06-07 16:13:42 - __main__ - INFO - VQFPGTSEAYLKDMWIHCNR encoding is done for multiclass task with:
	-custom
		-f1: 0.4742837705472335
		-auroc: 0.7974127486701459
	-resnet
		-f1: 0.3894624305173087
		-auroc: 0.7437717869039755
2026-06-07 16:13:42 - __main__ - INFO - Input matrix with VQFPGTSEAYLKDMWIHCNR encoding is removed.

2026-06-07 16:13:47 - __main__ - INFO - Input matrix with FPELMDASVQNRIYWCHGTK encoding is generated.
2026-06-07 16:15:39 - __main__ - INFO - FPELMDASVQNRIYWCHGTK encoding is done for multiclass task with:
	-custom
		-f1: 0.4390942130201096
		-auroc: 0.7884283329581446
	-resnet
		-f1: 0.39192164194091605
		-auroc: 0.7261671473294452
2026-06-07 16:15:39 - __main__ - INFO - Input matrix with FPELMDASVQNRIYWCHGTK encoding is removed.

2026-06-07 16:15:44 - __main__ - INFO - Input matrix with EWDVPKAGFCSYHMRQLINT encoding is generated.
2026-06-07 16:17:33 - __main__ - INFO - EWDVPKAGFCSYHMRQLINT encoding is done for multiclass task with:
	-custom
		-f1: 0.4175720580785037
		-auroc: 0.795378629761428
	-resnet
		-f1: 0.35375126978945953
		-auroc: 0.7154677136497984
2026-06-07 16:17:33 - __main__ - INFO - Input matrix with EWDVPKAGFCSYHMRQLINT encoding is removed.

2026-06-07 16:17:38 - __main__ - INFO - Input matrix with VEWPSMFDGTAINCYQRLHK encoding is generated.
2026-06-07 16:19:28 - __main__ - INFO - VEWPSMFDGTAINCYQRLHK encoding is done for multiclass task with:
	-custom
		-f1: 0.4403625585635057
		-auroc: 0.7891780611226387
	-resnet
		-f1: 0.4053010407335556
		-auroc: 0.7240823454994494
2026-06-07 16:19:28 - __main__ - INFO - Input matrix with VEWPSMFDGTAINCYQRLHK encoding is removed.

2026-06-07 16:19:34 - __main__ - INFO - Input matrix with SVMLFQPDINAEGHYKWCRT encoding is generated.
2026-06-07 16:21:22 - __main__ - INFO - SVMLFQPDINAEGHYKWCRT encoding is done for multiclass task with:
	-custom
		-f1: 0.44664819017116103
		-auroc: 0.8028339003582076
	-resnet
		-f1: 0.4042900205585944
		-auroc: 0.7317702452084058
2026-06-07 16:21:22 - __main__ - INFO - Input matrix with SVMLFQPDINAEGHYKWCRT encoding is removed.

2026-06-07 16:21:28 - __main__ - INFO - Input matrix with NKYGAQRHLVTDSWMEPCIF encoding is generated.
2026-06-07 16:23:16 - __main__ - INFO - NKYGAQRHLVTDSWMEPCIF encoding is done for multiclass task with:
	-custom
		-f1: 0.42655633695197936
		-auroc: 0.7946998331482388
	-resnet
		-f1: 0.36805635156812977
		-auroc: 0.713233579758249
2026-06-07 16:23:16 - __main__ - INFO - Input matrix with NKYGAQRHLVTDSWMEPCIF encoding is removed.

2026-06-07 16:23:22 - __main__ - INFO - Input matrix with SRGFLMDVTEKPAQYNWHIC encoding is generated.
2026-06-07 16:25:12 - __main__ - INFO - SRGFLMDVTEKPAQYNWHIC encoding is done for multiclass task with:
	-custom
		-f1: 0.4583719803902939
		-auroc: 0.7936593997322244
	-resnet
		-f1: 0.34256442674529464
		-auroc: 0.7075089479555909
2026-06-07 16:25:12 - __main__ - INFO - Input matrix with SRGFLMDVTEKPAQYNWHIC encoding is removed.

2026-06-07 16:25:18 - __main__ - INFO - Input matrix with PRSGCTANKEVWDMHYLQFI encoding is generated.
2026-06-07 16:27:06 - __main__ - INFO - PRSGCTANKEVWDMHYLQFI encoding is done for multiclass task with:
	-custom
		-f1: 0.4576029437336461
		-auroc: 0.8012110703094597
	-resnet
		-f1: 0.43036511836898644
		-auroc: 0.7299223231002968
2026-06-07 16:27:06 - __main__ - INFO - Input matrix with PRSGCTANKEVWDMHYLQFI encoding is removed.

2026-06-07 16:27:12 - __main__ - INFO - Input matrix with CVATSKWEPLMDRQFINHYG encoding is generated.
2026-06-07 16:29:02 - __main__ - INFO - CVATSKWEPLMDRQFINHYG encoding is done for multiclass task with:
	-custom
		-f1: 0.44108976598658767
		-auroc: 0.7982831640041603
	-resnet
		-f1: 0.34436810452575894
		-auroc: 0.7252886487089745
2026-06-07 16:29:02 - __main__ - INFO - Input matrix with CVATSKWEPLMDRQFINHYG encoding is removed.

2026-06-07 16:29:07 - __main__ - INFO - Input matrix with YILVPNKFMQGSWHCARTDE encoding is generated.
2026-06-07 16:30:57 - __main__ - INFO - YILVPNKFMQGSWHCARTDE encoding is done for multiclass task with:
	-custom
		-f1: 0.4228410217943012
		-auroc: 0.7903975999726691
	-resnet
		-f1: 0.3210704861536019
		-auroc: 0.7042524597021144
2026-06-07 16:30:57 - __main__ - INFO - Input matrix with YILVPNKFMQGSWHCARTDE encoding is removed.

2026-06-07 16:31:02 - __main__ - INFO - Input matrix with VHGSKFAMNCTELYDIRPWQ encoding is generated.
2026-06-07 16:32:51 - __main__ - INFO - VHGSKFAMNCTELYDIRPWQ encoding is done for multiclass task with:
	-custom
		-f1: 0.4241781180160567
		-auroc: 0.7941535693950651
	-resnet
		-f1: 0.36753569630657
		-auroc: 0.7272412076646789
2026-06-07 16:32:51 - __main__ - INFO - Input matrix with VHGSKFAMNCTELYDIRPWQ encoding is removed.

2026-06-07 16:32:56 - __main__ - INFO - Input matrix with DYINFTVHCRSGMEQKALWP encoding is generated.
2026-06-07 16:34:47 - __main__ - INFO - DYINFTVHCRSGMEQKALWP encoding is done for multiclass task with:
	-custom
		-f1: 0.45827490024924317
		-auroc: 0.8019185121551198
	-resnet
		-f1: 0.40071241015608344
		-auroc: 0.7312989728348012
2026-06-07 16:34:47 - __main__ - INFO - Input matrix with DYINFTVHCRSGMEQKALWP encoding is removed.

2026-06-07 16:34:53 - __main__ - INFO - Input matrix with SGEQTFARLNYMKHVICPDW encoding is generated.
2026-06-07 16:36:44 - __main__ - INFO - SGEQTFARLNYMKHVICPDW encoding is done for multiclass task with:
	-custom
		-f1: 0.44196424210155316
		-auroc: 0.7974550812875661
	-resnet
		-f1: 0.3553061430926864
		-auroc: 0.7349375557093203
2026-06-07 16:36:44 - __main__ - INFO - Input matrix with SGEQTFARLNYMKHVICPDW encoding is removed.

2026-06-07 16:36:49 - __main__ - INFO - Input matrix with MDCTKHAFGWELYIVRQSNP encoding is generated.
2026-06-07 16:38:38 - __main__ - INFO - MDCTKHAFGWELYIVRQSNP encoding is done for multiclass task with:
	-custom
		-f1: 0.4398171521700426
		-auroc: 0.7978549457421769
	-resnet
		-f1: 0.39625766315999983
		-auroc: 0.7392380738578024
2026-06-07 16:38:38 - __main__ - INFO - Input matrix with MDCTKHAFGWELYIVRQSNP encoding is removed.

2026-06-07 16:38:44 - __main__ - INFO - Input matrix with MFYPKCGTHNSIRAEWVDLQ encoding is generated.
2026-06-07 16:40:34 - __main__ - INFO - MFYPKCGTHNSIRAEWVDLQ encoding is done for multiclass task with:
	-custom
		-f1: 0.4484952824733475
		-auroc: 0.7898270313299973
	-resnet
		-f1: 0.39451827391590427
		-auroc: 0.7264515591339252
2026-06-07 16:40:34 - __main__ - INFO - Input matrix with MFYPKCGTHNSIRAEWVDLQ encoding is removed.

2026-06-07 16:40:39 - __main__ - INFO - Input matrix with KFMYENTLAWDHRPQGVSCI encoding is generated.
2026-06-07 16:42:25 - __main__ - INFO - KFMYENTLAWDHRPQGVSCI encoding is done for multiclass task with:
	-custom
		-f1: 0.43154300700514436
		-auroc: 0.7910047916627635
	-resnet
		-f1: 0.37528007764767735
		-auroc: 0.7237295369989875
2026-06-07 16:42:25 - __main__ - INFO - Input matrix with KFMYENTLAWDHRPQGVSCI encoding is removed.

2026-06-07 16:42:31 - __main__ - INFO - Input matrix with TSMVNDYHEIQCKFLGARWP encoding is generated.
2026-06-07 16:44:21 - __main__ - INFO - TSMVNDYHEIQCKFLGARWP encoding is done for multiclass task with:
	-custom
		-f1: 0.43418503587435026
		-auroc: 0.7881282005387245
	-resnet
		-f1: 0.4093767034008769
		-auroc: 0.7500708393923283
2026-06-07 16:44:21 - __main__ - INFO - Input matrix with TSMVNDYHEIQCKFLGARWP encoding is removed.

2026-06-07 16:44:27 - __main__ - INFO - Input matrix with YRSDKFIPEQCHWMNTVGAL encoding is generated.
2026-06-07 16:46:17 - __main__ - INFO - YRSDKFIPEQCHWMNTVGAL encoding is done for multiclass task with:
	-custom
		-f1: 0.40634530500322324
		-auroc: 0.787900339383165
	-resnet
		-f1: 0.40326846218311446
		-auroc: 0.7320123922101427
2026-06-07 16:46:17 - __main__ - INFO - Input matrix with YRSDKFIPEQCHWMNTVGAL encoding is removed.

2026-06-07 16:46:23 - __main__ - INFO - Input matrix with EKWSPTFRQYDINGMHALVC encoding is generated.
2026-06-07 16:48:12 - __main__ - INFO - EKWSPTFRQYDINGMHALVC encoding is done for multiclass task with:
	-custom
		-f1: 0.4157227227795276
		-auroc: 0.7989091352334825
	-resnet
		-f1: 0.36600084476122574
		-auroc: 0.7308530248841121
2026-06-07 16:48:12 - __main__ - INFO - Input matrix with EKWSPTFRQYDINGMHALVC encoding is removed.

2026-06-07 16:48:18 - __main__ - INFO - Input matrix with NHFMAESTDLGPYWQIKRVC encoding is generated.
2026-06-07 16:50:09 - __main__ - INFO - NHFMAESTDLGPYWQIKRVC encoding is done for multiclass task with:
	-custom
		-f1: 0.4261686370248424
		-auroc: 0.7990761810438636
	-resnet
		-f1: 0.46834619504843245
		-auroc: 0.7669244381791881
2026-06-07 16:50:09 - __main__ - INFO - Input matrix with NHFMAESTDLGPYWQIKRVC encoding is removed.

2026-06-07 16:50:14 - __main__ - INFO - Input matrix with WKTNPCLMDVYHFGERQASI encoding is generated.
2026-06-07 16:52:04 - __main__ - INFO - WKTNPCLMDVYHFGERQASI encoding is done for multiclass task with:
	-custom
		-f1: 0.4367098469983575
		-auroc: 0.8042895455690064
	-resnet
		-f1: 0.4243269462345234
		-auroc: 0.757909434427998
2026-06-07 16:52:04 - __main__ - INFO - Input matrix with WKTNPCLMDVYHFGERQASI encoding is removed.

2026-06-07 16:52:10 - __main__ - INFO - Input matrix with WPEDKSLMNVRGHFICTQAY encoding is generated.
2026-06-07 16:53:59 - __main__ - INFO - WPEDKSLMNVRGHFICTQAY encoding is done for multiclass task with:
	-custom
		-f1: 0.42126288323353417
		-auroc: 0.7958543278307584
	-resnet
		-f1: 0.4339896209652019
		-auroc: 0.7684404032658804
2026-06-07 16:53:59 - __main__ - INFO - Input matrix with WPEDKSLMNVRGHFICTQAY encoding is removed.

2026-06-07 16:54:05 - __main__ - INFO - Input matrix with KMNQGALTPVCDFWYERSIH encoding is generated.
2026-06-07 16:55:51 - __main__ - INFO - KMNQGALTPVCDFWYERSIH encoding is done for multiclass task with:
	-custom
		-f1: 0.422256241908136
		-auroc: 0.7921526830249939
	-resnet
		-f1: 0.3424515761943293
		-auroc: 0.7306953503292272
2026-06-07 16:55:51 - __main__ - INFO - Input matrix with KMNQGALTPVCDFWYERSIH encoding is removed.

2026-06-07 16:55:57 - __main__ - INFO - Input matrix with TDSPVYMEQCGFRNKWALHI encoding is generated.
2026-06-07 16:57:46 - __main__ - INFO - TDSPVYMEQCGFRNKWALHI encoding is done for multiclass task with:
	-custom
		-f1: 0.40143588714287537
		-auroc: 0.801207455617838
	-resnet
		-f1: 0.4238488913067746
		-auroc: 0.7517897820144294
2026-06-07 16:57:46 - __main__ - INFO - Input matrix with TDSPVYMEQCGFRNKWALHI encoding is removed.

2026-06-07 16:57:52 - __main__ - INFO - Input matrix with CVATDHSPGKYWNQMEIRFL encoding is generated.
2026-06-07 16:59:43 - __main__ - INFO - CVATDHSPGKYWNQMEIRFL encoding is done for multiclass task with:
	-custom
		-f1: 0.45591103846316594
		-auroc: 0.7962110493819051
	-resnet
		-f1: 0.4055088325321501
		-auroc: 0.7515464206695681
2026-06-07 16:59:43 - __main__ - INFO - Input matrix with CVATDHSPGKYWNQMEIRFL encoding is removed.

2026-06-07 16:59:49 - __main__ - INFO - Input matrix with GMIAHPTCYEQKNDFLVWSR encoding is generated.
2026-06-07 17:01:39 - __main__ - INFO - GMIAHPTCYEQKNDFLVWSR encoding is done for multiclass task with:
	-custom
		-f1: 0.4355611796814932
		-auroc: 0.7973864419239013
	-resnet
		-f1: 0.34867480123330175
		-auroc: 0.7238222721071331
2026-06-07 17:01:39 - __main__ - INFO - Input matrix with GMIAHPTCYEQKNDFLVWSR encoding is removed.

2026-06-07 17:01:45 - __main__ - INFO - Input matrix with QWRCNGDAEHVPLYMSKIFT encoding is generated.
2026-06-07 17:03:35 - __main__ - INFO - QWRCNGDAEHVPLYMSKIFT encoding is done for multiclass task with:
	-custom
		-f1: 0.43360461158305796
		-auroc: 0.793402484245174
	-resnet
		-f1: 0.42874884379448047
		-auroc: 0.7556101417910426
2026-06-07 17:03:35 - __main__ - INFO - Input matrix with QWRCNGDAEHVPLYMSKIFT encoding is removed.

2026-06-07 17:03:41 - __main__ - INFO - Input matrix with HVQLMYRWFTADICKNESPG encoding is generated.
2026-06-07 17:05:29 - __main__ - INFO - HVQLMYRWFTADICKNESPG encoding is done for multiclass task with:
	-custom
		-f1: 0.4172649656599237
		-auroc: 0.796628611521621
	-resnet
		-f1: 0.4370414623492026
		-auroc: 0.7496504603379945
2026-06-07 17:05:29 - __main__ - INFO - Input matrix with HVQLMYRWFTADICKNESPG encoding is removed.

2026-06-07 17:05:35 - __main__ - INFO - Input matrix with RGQILDNKPYAVECMFWHST encoding is generated.
2026-06-07 17:07:24 - __main__ - INFO - RGQILDNKPYAVECMFWHST encoding is done for multiclass task with:
	-custom
		-f1: 0.4308675341712129
		-auroc: 0.7951257258637818
	-resnet
		-f1: 0.3988656808799583
		-auroc: 0.7426212251591323
2026-06-07 17:07:24 - __main__ - INFO - Input matrix with RGQILDNKPYAVECMFWHST encoding is removed.

2026-06-07 17:07:29 - __main__ - INFO - Input matrix with PNMHLGSDVWKCYEARQFTI encoding is generated.
2026-06-07 17:09:20 - __main__ - INFO - PNMHLGSDVWKCYEARQFTI encoding is done for multiclass task with:
	-custom
		-f1: 0.41943800940880865
		-auroc: 0.7996277133454444
	-resnet
		-f1: 0.3279476466086898
		-auroc: 0.7244601979988208
2026-06-07 17:09:20 - __main__ - INFO - Input matrix with PNMHLGSDVWKCYEARQFTI encoding is removed.

2026-06-07 17:09:26 - __main__ - INFO - Input matrix with DKQIHYRCMNSTLFAVWPEG encoding is generated.
2026-06-07 17:11:16 - __main__ - INFO - DKQIHYRCMNSTLFAVWPEG encoding is done for multiclass task with:
	-custom
		-f1: 0.44560825647782176
		-auroc: 0.7996754593947726
	-resnet
		-f1: 0.34338424662522443
		-auroc: 0.7331168003082972
2026-06-07 17:11:16 - __main__ - INFO - Input matrix with DKQIHYRCMNSTLFAVWPEG encoding is removed.

2026-06-07 17:11:22 - __main__ - INFO - Input matrix with INTGQSHVPFWRMYKALDCE encoding is generated.
2026-06-07 17:13:11 - __main__ - INFO - INTGQSHVPFWRMYKALDCE encoding is done for multiclass task with:
	-custom
		-f1: 0.4223177813784534
		-auroc: 0.7948917760992817
	-resnet
		-f1: 0.3968702065184838
		-auroc: 0.7253513401579219
2026-06-07 17:13:11 - __main__ - INFO - Input matrix with INTGQSHVPFWRMYKALDCE encoding is removed.

2026-06-07 17:13:16 - __main__ - INFO - Input matrix with PAWHSCNGTLMDYQRVKFEI encoding is generated.
2026-06-07 17:15:06 - __main__ - INFO - PAWHSCNGTLMDYQRVKFEI encoding is done for multiclass task with:
	-custom
		-f1: 0.4382856625500879
		-auroc: 0.7889244653459303
	-resnet
		-f1: 0.4122230656731964
		-auroc: 0.7409303158332387
2026-06-07 17:15:06 - __main__ - INFO - Input matrix with PAWHSCNGTLMDYQRVKFEI encoding is removed.

2026-06-07 17:15:12 - __main__ - INFO - Input matrix with AQEGMRCYTNFISVLKDPWH encoding is generated.
2026-06-07 17:16:58 - __main__ - INFO - AQEGMRCYTNFISVLKDPWH encoding is done for multiclass task with:
	-custom
		-f1: 0.4068678341171842
		-auroc: 0.7937548189393379
	-resnet
		-f1: 0.38810574027338623
		-auroc: 0.7351277753474058
2026-06-07 17:16:58 - __main__ - INFO - Input matrix with AQEGMRCYTNFISVLKDPWH encoding is removed.

2026-06-07 17:17:03 - __main__ - INFO - Input matrix with GAQKTRSIYCFEMHVWPNDL encoding is generated.
2026-06-07 17:18:53 - __main__ - INFO - GAQKTRSIYCFEMHVWPNDL encoding is done for multiclass task with:
	-custom
		-f1: 0.4405100467339812
		-auroc: 0.7898624937876966
	-resnet
		-f1: 0.389269068010155
		-auroc: 0.7351825401334425
2026-06-07 17:18:53 - __main__ - INFO - Input matrix with GAQKTRSIYCFEMHVWPNDL encoding is removed.

2026-06-07 17:18:59 - __main__ - INFO - Input matrix with HLECNSGPVFIAMWTRKDYQ encoding is generated.
2026-06-07 17:20:44 - __main__ - INFO - HLECNSGPVFIAMWTRKDYQ encoding is done for multiclass task with:
	-custom
		-f1: 0.4198631564341609
		-auroc: 0.7943759174081675
	-resnet
		-f1: 0.4036528915156997
		-auroc: 0.7299288800306368
2026-06-07 17:20:44 - __main__ - INFO - Input matrix with HLECNSGPVFIAMWTRKDYQ encoding is removed.

2026-06-07 17:20:50 - __main__ - INFO - Input matrix with SIAHDMLNRFKVGPQYETWC encoding is generated.
2026-06-07 17:22:35 - __main__ - INFO - SIAHDMLNRFKVGPQYETWC encoding is done for multiclass task with:
	-custom
		-f1: 0.4231238159158816
		-auroc: 0.7952134379793265
	-resnet
		-f1: 0.41278712325582856
		-auroc: 0.756986287930773
2026-06-07 17:22:35 - __main__ - INFO - Input matrix with SIAHDMLNRFKVGPQYETWC encoding is removed.

2026-06-07 17:22:41 - __main__ - INFO - Input matrix with AKGDWTHFIYMSERCVQNPL encoding is generated.
2026-06-07 17:24:27 - __main__ - INFO - AKGDWTHFIYMSERCVQNPL encoding is done for multiclass task with:
	-custom
		-f1: 0.4157000337201402
		-auroc: 0.79175272414621
	-resnet
		-f1: 0.39173862317434527
		-auroc: 0.7436899026462563
2026-06-07 17:24:27 - __main__ - INFO - Input matrix with AKGDWTHFIYMSERCVQNPL encoding is removed.

2026-06-07 17:24:33 - __main__ - INFO - Input matrix with QSPECYGRALIWDTNKHMFV encoding is generated.
2026-06-07 17:26:23 - __main__ - INFO - QSPECYGRALIWDTNKHMFV encoding is done for multiclass task with:
	-custom
		-f1: 0.41698650635844403
		-auroc: 0.7927447573097641
	-resnet
		-f1: 0.4283347514959853
		-auroc: 0.7541254294568962
2026-06-07 17:26:23 - __main__ - INFO - Input matrix with QSPECYGRALIWDTNKHMFV encoding is removed.

2026-06-07 17:26:28 - __main__ - INFO - Input matrix with MHWFGARYITQLKCDEVSNP encoding is generated.
2026-06-07 17:28:18 - __main__ - INFO - MHWFGARYITQLKCDEVSNP encoding is done for multiclass task with:
	-custom
		-f1: 0.43449841130141464
		-auroc: 0.79905261983794
	-resnet
		-f1: 0.36333159470506454
		-auroc: 0.7191626054920904
2026-06-07 17:28:18 - __main__ - INFO - Input matrix with MHWFGARYITQLKCDEVSNP encoding is removed.

2026-06-07 17:28:24 - __main__ - INFO - Input matrix with IHNEQGRCYFDTKLPAVMSW encoding is generated.
2026-06-07 17:30:13 - __main__ - INFO - IHNEQGRCYFDTKLPAVMSW encoding is done for multiclass task with:
	-custom
		-f1: 0.4252004723205731
		-auroc: 0.7893099559640845
	-resnet
		-f1: 0.40971614331058204
		-auroc: 0.7273430656242145
2026-06-07 17:30:13 - __main__ - INFO - Input matrix with IHNEQGRCYFDTKLPAVMSW encoding is removed.

2026-06-07 17:30:18 - __main__ - INFO - Input matrix with FEHVQIPGTSDLWCRKYMAN encoding is generated.
2026-06-07 17:32:10 - __main__ - INFO - FEHVQIPGTSDLWCRKYMAN encoding is done for multiclass task with:
	-custom
		-f1: 0.4163801620045019
		-auroc: 0.7930461707885795
	-resnet
		-f1: 0.4014146241660706
		-auroc: 0.7274017208356428
2026-06-07 17:32:10 - __main__ - INFO - Input matrix with FEHVQIPGTSDLWCRKYMAN encoding is removed.

2026-06-07 17:32:15 - __main__ - INFO - Input matrix with SKLAGWFMQVHERNYPDCTI encoding is generated.
2026-06-07 17:34:07 - __main__ - INFO - SKLAGWFMQVHERNYPDCTI encoding is done for multiclass task with:
	-custom
		-f1: 0.4030116453216891
		-auroc: 0.7912944188132719
	-resnet
		-f1: 0.33290022279305054
		-auroc: 0.6984513238507725
2026-06-07 17:34:07 - __main__ - INFO - Input matrix with SKLAGWFMQVHERNYPDCTI encoding is removed.

2026-06-07 17:34:12 - __main__ - INFO - Input matrix with GWNEVQLSIDATKYFPRMCH encoding is generated.
2026-06-07 17:36:02 - __main__ - INFO - GWNEVQLSIDATKYFPRMCH encoding is done for multiclass task with:
	-custom
		-f1: 0.4234895119311237
		-auroc: 0.7969535962344232
	-resnet
		-f1: 0.336966217556671
		-auroc: 0.7286186940016371
2026-06-07 17:36:02 - __main__ - INFO - Input matrix with GWNEVQLSIDATKYFPRMCH encoding is removed.

2026-06-07 17:36:08 - __main__ - INFO - Input matrix with GKISLDYVWPTEQRHNCFAM encoding is generated.
2026-06-07 17:38:00 - __main__ - INFO - GKISLDYVWPTEQRHNCFAM encoding is done for multiclass task with:
	-custom
		-f1: 0.43418473287043813
		-auroc: 0.798460801850913
	-resnet
		-f1: 0.4034106182419931
		-auroc: 0.7550286871834458
2026-06-07 17:38:00 - __main__ - INFO - Input matrix with GKISLDYVWPTEQRHNCFAM encoding is removed.

2026-06-07 17:38:05 - __main__ - INFO - Input matrix with LKNYAWVPTIDERGQCHFSM encoding is generated.
2026-06-07 17:39:54 - __main__ - INFO - LKNYAWVPTIDERGQCHFSM encoding is done for multiclass task with:
	-custom
		-f1: 0.4248697000180421
		-auroc: 0.7944964478035835
	-resnet
		-f1: 0.3797491696375441
		-auroc: 0.7099258661027685
2026-06-07 17:39:54 - __main__ - INFO - Input matrix with LKNYAWVPTIDERGQCHFSM encoding is removed.

2026-06-07 17:40:00 - __main__ - INFO - Input matrix with AENPVFCHQSIWKTGRYDML encoding is generated.
2026-06-07 17:41:47 - __main__ - INFO - AENPVFCHQSIWKTGRYDML encoding is done for multiclass task with:
	-custom
		-f1: 0.43009245301734456
		-auroc: 0.7913710986951215
	-resnet
		-f1: 0.4310983497523574
		-auroc: 0.7524389498426703
2026-06-07 17:41:47 - __main__ - INFO - Input matrix with AENPVFCHQSIWKTGRYDML encoding is removed.

2026-06-07 17:41:52 - __main__ - INFO - Input matrix with YLFMSEQGVICAHDKRNWTP encoding is generated.
2026-06-07 17:43:43 - __main__ - INFO - YLFMSEQGVICAHDKRNWTP encoding is done for multiclass task with:
	-custom
		-f1: 0.42868061889469933
		-auroc: 0.7957658698433907
	-resnet
		-f1: 0.35278868606894603
		-auroc: 0.7109711516538528
2026-06-07 17:43:43 - __main__ - INFO - Input matrix with YLFMSEQGVICAHDKRNWTP encoding is removed.

2026-06-07 17:43:49 - __main__ - INFO - Input matrix with YKWQSFACMNPIERGHTDVL encoding is generated.
2026-06-07 17:45:39 - __main__ - INFO - YKWQSFACMNPIERGHTDVL encoding is done for multiclass task with:
	-custom
		-f1: 0.4486492261112904
		-auroc: 0.7951565777390945
	-resnet
		-f1: 0.32008961404221636
		-auroc: 0.7220199211279061
2026-06-07 17:45:39 - __main__ - INFO - Input matrix with YKWQSFACMNPIERGHTDVL encoding is removed.

2026-06-07 17:45:45 - __main__ - INFO - Input matrix with GVYQFWDALMSEIKNRPTHC encoding is generated.
2026-06-07 17:47:35 - __main__ - INFO - GVYQFWDALMSEIKNRPTHC encoding is done for multiclass task with:
	-custom
		-f1: 0.41237509159496816
		-auroc: 0.7930654842009951
	-resnet
		-f1: 0.38933394785861253
		-auroc: 0.7232642451410284
2026-06-07 17:47:35 - __main__ - INFO - Input matrix with GVYQFWDALMSEIKNRPTHC encoding is removed.

2026-06-07 17:47:41 - __main__ - INFO - Input matrix with EVCTGWDLYQFIRKHMNSPA encoding is generated.
2026-06-07 17:49:30 - __main__ - INFO - EVCTGWDLYQFIRKHMNSPA encoding is done for multiclass task with:
	-custom
		-f1: 0.4241325740659342
		-auroc: 0.7936421704836707
	-resnet
		-f1: 0.41516696412548215
		-auroc: 0.7539424544045719
2026-06-07 17:49:30 - __main__ - INFO - Input matrix with EVCTGWDLYQFIRKHMNSPA encoding is removed.

2026-06-07 17:49:35 - __main__ - INFO - Input matrix with KYNGDHIFESLQPWTCARVM encoding is generated.
2026-06-07 17:51:26 - __main__ - INFO - KYNGDHIFESLQPWTCARVM encoding is done for multiclass task with:
	-custom
		-f1: 0.4412973545714041
		-auroc: 0.7978229812201316
	-resnet
		-f1: 0.36871690607602037
		-auroc: 0.716546263995009
2026-06-07 17:51:26 - __main__ - INFO - Input matrix with KYNGDHIFESLQPWTCARVM encoding is removed.

2026-06-07 17:51:31 - __main__ - INFO - Input matrix with KPQHLCSGNTAERDYVMIWF encoding is generated.
2026-06-07 17:53:21 - __main__ - INFO - KPQHLCSGNTAERDYVMIWF encoding is done for multiclass task with:
	-custom
		-f1: 0.4513935917368192
		-auroc: 0.8049040383866608
	-resnet
		-f1: 0.40183702029169643
		-auroc: 0.7316772904634277
2026-06-07 17:53:21 - __main__ - INFO - Input matrix with KPQHLCSGNTAERDYVMIWF encoding is removed.

2026-06-07 17:53:27 - __main__ - INFO - Input matrix with SFKDEMPYCNHVTILGWRAQ encoding is generated.
2026-06-07 17:55:18 - __main__ - INFO - SFKDEMPYCNHVTILGWRAQ encoding is done for multiclass task with:
	-custom
		-f1: 0.43351294720148237
		-auroc: 0.7989437487576813
	-resnet
		-f1: 0.3231045514470482
		-auroc: 0.6855238086040424
2026-06-07 17:55:18 - __main__ - INFO - Input matrix with SFKDEMPYCNHVTILGWRAQ encoding is removed.

2026-06-07 17:55:23 - __main__ - INFO - Input matrix with ILQYNMPVWTSCHEDRKAFG encoding is generated.
2026-06-07 17:57:12 - __main__ - INFO - ILQYNMPVWTSCHEDRKAFG encoding is done for multiclass task with:
	-custom
		-f1: 0.4201631274802007
		-auroc: 0.8035317472543972
	-resnet
		-f1: 0.3781640613736773
		-auroc: 0.7465508041122403
2026-06-07 17:57:12 - __main__ - INFO - Input matrix with ILQYNMPVWTSCHEDRKAFG encoding is removed.

2026-06-07 17:57:17 - __main__ - INFO - Input matrix with NTWKVIPHAFLQCSYGEMDR encoding is generated.
2026-06-07 17:59:09 - __main__ - INFO - NTWKVIPHAFLQCSYGEMDR encoding is done for multiclass task with:
	-custom
		-f1: 0.42008413509759135
		-auroc: 0.7995312954308769
	-resnet
		-f1: 0.3588441992419655
		-auroc: 0.7283096326614862
2026-06-07 17:59:09 - __main__ - INFO - Input matrix with NTWKVIPHAFLQCSYGEMDR encoding is removed.

2026-06-07 17:59:14 - __main__ - INFO - Input matrix with IRQFYTLWCGDVKMENASHP encoding is generated.
2026-06-07 18:01:05 - __main__ - INFO - IRQFYTLWCGDVKMENASHP encoding is done for multiclass task with:
	-custom
		-f1: 0.4420926668569739
		-auroc: 0.792743930484695
	-resnet
		-f1: 0.34803086593047916
		-auroc: 0.7001927228110085
2026-06-07 18:01:05 - __main__ - INFO - Input matrix with IRQFYTLWCGDVKMENASHP encoding is removed.

2026-06-07 18:01:10 - __main__ - INFO - Input matrix with MWASERKLNPYQFCVGTHID encoding is generated.
2026-06-07 18:02:59 - __main__ - INFO - MWASERKLNPYQFCVGTHID encoding is done for multiclass task with:
	-custom
		-f1: 0.4275358706676399
		-auroc: 0.7901189749303453
	-resnet
		-f1: 0.36729123753424486
		-auroc: 0.7232346330298898
2026-06-07 18:02:59 - __main__ - INFO - Input matrix with MWASERKLNPYQFCVGTHID encoding is removed.

2026-06-07 18:03:05 - __main__ - INFO - Input matrix with RKDNYQVASGWELCMFIHTP encoding is generated.
2026-06-07 18:04:52 - __main__ - INFO - RKDNYQVASGWELCMFIHTP encoding is done for multiclass task with:
	-custom
		-f1: 0.4324378705961484
		-auroc: 0.8003216303898093
	-resnet
		-f1: 0.39348050041969074
		-auroc: 0.7530532097888004
2026-06-07 18:04:52 - __main__ - INFO - Input matrix with RKDNYQVASGWELCMFIHTP encoding is removed.

2026-06-07 18:04:57 - __main__ - INFO - Input matrix with HCSGLPWTFEADRNKVMIQY encoding is generated.
2026-06-07 18:06:45 - __main__ - INFO - HCSGLPWTFEADRNKVMIQY encoding is done for multiclass task with:
	-custom
		-f1: 0.4224725241237109
		-auroc: 0.7927832228100326
	-resnet
		-f1: 0.39456932392687627
		-auroc: 0.746023721608986
2026-06-07 18:06:45 - __main__ - INFO - Input matrix with HCSGLPWTFEADRNKVMIQY encoding is removed.

2026-06-07 18:06:51 - __main__ - INFO - Input matrix with NTDWMYICSFLRKAGVQPEH encoding is generated.
2026-06-07 18:08:43 - __main__ - INFO - NTDWMYICSFLRKAGVQPEH encoding is done for multiclass task with:
	-custom
		-f1: 0.44126048516821503
		-auroc: 0.7983725797665163
	-resnet
		-f1: 0.36698926343363664
		-auroc: 0.7080065679125573
2026-06-07 18:08:43 - __main__ - INFO - Input matrix with NTDWMYICSFLRKAGVQPEH encoding is removed.

2026-06-07 18:08:48 - __main__ - INFO - Input matrix with GRYPVQHFLDMKAIEWNSCT encoding is generated.
2026-06-07 18:10:40 - __main__ - INFO - GRYPVQHFLDMKAIEWNSCT encoding is done for multiclass task with:
	-custom
		-f1: 0.40996853884163864
		-auroc: 0.7843880099533191
	-resnet
		-f1: 0.42100121063231033
		-auroc: 0.741519525262338
2026-06-07 18:10:40 - __main__ - INFO - Input matrix with GRYPVQHFLDMKAIEWNSCT encoding is removed.

2026-06-07 18:10:45 - __main__ - INFO - Input matrix with SPKDCEMNGAWTYHRQLFVI encoding is generated.
2026-06-07 18:12:35 - __main__ - INFO - SPKDCEMNGAWTYHRQLFVI encoding is done for multiclass task with:
	-custom
		-f1: 0.43002799282816656
		-auroc: 0.8018475540083385
	-resnet
		-f1: 0.41093389344690506
		-auroc: 0.7490010826013911
2026-06-07 18:12:35 - __main__ - INFO - Input matrix with SPKDCEMNGAWTYHRQLFVI encoding is removed.

2026-06-07 18:12:40 - __main__ - INFO - Input matrix with LSCKMVPFQDHNGYTWRIAE encoding is generated.
2026-06-07 18:14:30 - __main__ - INFO - LSCKMVPFQDHNGYTWRIAE encoding is done for multiclass task with:
	-custom
		-f1: 0.43982217807050733
		-auroc: 0.8011593335150081
	-resnet
		-f1: 0.4135098862208394
		-auroc: 0.7478850582217155
2026-06-07 18:14:30 - __main__ - INFO - Input matrix with LSCKMVPFQDHNGYTWRIAE encoding is removed.

2026-06-07 18:14:35 - __main__ - INFO - Input matrix with NDYWSLTARKQFVEMHCIGP encoding is generated.
2026-06-07 18:16:27 - __main__ - INFO - NDYWSLTARKQFVEMHCIGP encoding is done for multiclass task with:
	-custom
		-f1: 0.4329536173452714
		-auroc: 0.7978265663731673
	-resnet
		-f1: 0.3423132022496166
		-auroc: 0.7173973455522131
2026-06-07 18:16:27 - __main__ - INFO - Input matrix with NDYWSLTARKQFVEMHCIGP encoding is removed.

2026-06-07 18:16:32 - __main__ - INFO - Input matrix with ESQNLGYPWDMKATIVFHRC encoding is generated.
2026-06-07 18:18:23 - __main__ - INFO - ESQNLGYPWDMKATIVFHRC encoding is done for multiclass task with:
	-custom
		-f1: 0.42817430955350977
		-auroc: 0.7897239301082601
	-resnet
		-f1: 0.4342999508095643
		-auroc: 0.7627954273703471
2026-06-07 18:18:23 - __main__ - INFO - Input matrix with ESQNLGYPWDMKATIVFHRC encoding is removed.

2026-06-07 18:18:28 - __main__ - INFO - Input matrix with NYRALKCFETHQDIPMGVWS encoding is generated.
2026-06-07 18:20:18 - __main__ - INFO - NYRALKCFETHQDIPMGVWS encoding is done for multiclass task with:
	-custom
		-f1: 0.41125655021944346
		-auroc: 0.790154901723874
	-resnet
		-f1: 0.3896057800827699
		-auroc: 0.7420187361559036
2026-06-07 18:20:18 - __main__ - INFO - Input matrix with NYRALKCFETHQDIPMGVWS encoding is removed.

2026-06-07 18:20:24 - __main__ - INFO - Input matrix with CTDLNIEQFYSAMRKWPVHG encoding is generated.
2026-06-07 18:22:16 - __main__ - INFO - CTDLNIEQFYSAMRKWPVHG encoding is done for multiclass task with:
	-custom
		-f1: 0.42136424692143537
		-auroc: 0.7961827653143143
	-resnet
		-f1: 0.4044405060413446
		-auroc: 0.735771588049632
2026-06-07 18:22:16 - __main__ - INFO - Input matrix with CTDLNIEQFYSAMRKWPVHG encoding is removed.

2026-06-07 18:22:21 - __main__ - INFO - Input matrix with LGSPCNARTVYEKMIWHDFQ encoding is generated.
2026-06-07 18:24:13 - __main__ - INFO - LGSPCNARTVYEKMIWHDFQ encoding is done for multiclass task with:
	-custom
		-f1: 0.41670099875124267
		-auroc: 0.791639188760233
	-resnet
		-f1: 0.437356336144887
		-auroc: 0.7475266741758455
2026-06-07 18:24:13 - __main__ - INFO - Input matrix with LGSPCNARTVYEKMIWHDFQ encoding is removed.

2026-06-07 18:24:19 - __main__ - INFO - Input matrix with FCVSELNTHIYARPWMQKDG encoding is generated.
2026-06-07 18:26:07 - __main__ - INFO - FCVSELNTHIYARPWMQKDG encoding is done for multiclass task with:
	-custom
		-f1: 0.41513119459143805
		-auroc: 0.7859313493552036
	-resnet
		-f1: 0.4194846275391394
		-auroc: 0.7384059757794
2026-06-07 18:26:07 - __main__ - INFO - Input matrix with FCVSELNTHIYARPWMQKDG encoding is removed.

2026-06-07 18:26:13 - __main__ - INFO - Input matrix with QCEIGHPVMWFRLYSKTNAD encoding is generated.
2026-06-07 18:28:02 - __main__ - INFO - QCEIGHPVMWFRLYSKTNAD encoding is done for multiclass task with:
	-custom
		-f1: 0.40793592963365566
		-auroc: 0.7996596528158854
	-resnet
		-f1: 0.4318579466155226
		-auroc: 0.7570900326740416
2026-06-07 18:28:02 - __main__ - INFO - Input matrix with QCEIGHPVMWFRLYSKTNAD encoding is removed.

2026-06-07 18:28:08 - __main__ - INFO - Input matrix with KGLTWCFRMPHQANSEYVID encoding is generated.
2026-06-07 18:29:59 - __main__ - INFO - KGLTWCFRMPHQANSEYVID encoding is done for multiclass task with:
	-custom
		-f1: 0.45629125602529863
		-auroc: 0.7993860960656626
	-resnet
		-f1: 0.3431954495059501
		-auroc: 0.6936104956062857
2026-06-07 18:29:59 - __main__ - INFO - Input matrix with KGLTWCFRMPHQANSEYVID encoding is removed.

2026-06-07 18:30:04 - __main__ - INFO - Input matrix with NWLFACVDETQKRHYPISGM encoding is generated.
2026-06-07 18:31:53 - __main__ - INFO - NWLFACVDETQKRHYPISGM encoding is done for multiclass task with:
	-custom
		-f1: 0.41158933477070586
		-auroc: 0.7938046688445555
	-resnet
		-f1: 0.3784240939816582
		-auroc: 0.7028380979701851
2026-06-07 18:31:53 - __main__ - INFO - Input matrix with NWLFACVDETQKRHYPISGM encoding is removed.

2026-06-07 18:31:58 - __main__ - INFO - Input matrix with PQVDSGKTHLNYWRACEMFI encoding is generated.
2026-06-07 18:33:46 - __main__ - INFO - PQVDSGKTHLNYWRACEMFI encoding is done for multiclass task with:
	-custom
		-f1: 0.42622244826998124
		-auroc: 0.7900847004013256
	-resnet
		-f1: 0.39150093424088894
		-auroc: 0.7317911399217871
2026-06-07 18:33:46 - __main__ - INFO - Input matrix with PQVDSGKTHLNYWRACEMFI encoding is removed.

2026-06-07 18:33:52 - __main__ - INFO - Input matrix with EKPVDMISTNGAWYHQFCLR encoding is generated.
2026-06-07 18:35:44 - __main__ - INFO - EKPVDMISTNGAWYHQFCLR encoding is done for multiclass task with:
	-custom
		-f1: 0.45541147967796797
		-auroc: 0.8017348153807197
	-resnet
		-f1: 0.3898942652672205
		-auroc: 0.7214761031243278
2026-06-07 18:35:44 - __main__ - INFO - Input matrix with EKPVDMISTNGAWYHQFCLR encoding is removed.

2026-06-07 18:35:49 - __main__ - INFO - Input matrix with YGFEKQNHMLWRCPDIATVS encoding is generated.
2026-06-07 18:37:40 - __main__ - INFO - YGFEKQNHMLWRCPDIATVS encoding is done for multiclass task with:
	-custom
		-f1: 0.4177404762310649
		-auroc: 0.7867173000873537
	-resnet
		-f1: 0.38023265572486586
		-auroc: 0.7322062251530013
2026-06-07 18:37:40 - __main__ - INFO - Input matrix with YGFEKQNHMLWRCPDIATVS encoding is removed.

2026-06-07 18:37:46 - __main__ - INFO - Input matrix with PYTSEQRWGKHFLNVMIACD encoding is generated.
2026-06-07 18:39:37 - __main__ - INFO - PYTSEQRWGKHFLNVMIACD encoding is done for multiclass task with:
	-custom
		-f1: 0.4285309705276316
		-auroc: 0.7882175306339144
	-resnet
		-f1: 0.39594134320428137
		-auroc: 0.7502628146818925
2026-06-07 18:39:37 - __main__ - INFO - Input matrix with PYTSEQRWGKHFLNVMIACD encoding is removed.

2026-06-07 18:39:42 - __main__ - INFO - Input matrix with IEKGMRSYDACVNHPQTFWL encoding is generated.
2026-06-07 18:41:31 - __main__ - INFO - IEKGMRSYDACVNHPQTFWL encoding is done for multiclass task with:
	-custom
		-f1: 0.4295743946078387
		-auroc: 0.7949201095925555
	-resnet
		-f1: 0.34074111499045345
		-auroc: 0.7120870098863087
2026-06-07 18:41:31 - __main__ - INFO - Input matrix with IEKGMRSYDACVNHPQTFWL encoding is removed.

2026-06-07 18:41:36 - __main__ - INFO - Input matrix with GPQLDTWRNCMAIFHSKVYE encoding is generated.
2026-06-07 18:43:28 - __main__ - INFO - GPQLDTWRNCMAIFHSKVYE encoding is done for multiclass task with:
	-custom
		-f1: 0.41910540571201677
		-auroc: 0.7940347453721495
	-resnet
		-f1: 0.3698565703104141
		-auroc: 0.6948367926882175
2026-06-07 18:43:28 - __main__ - INFO - Input matrix with GPQLDTWRNCMAIFHSKVYE encoding is removed.

2026-06-07 18:43:34 - __main__ - INFO - Input matrix with TEILKSNFCYVGAPHWQDRM encoding is generated.
2026-06-07 18:45:20 - __main__ - INFO - TEILKSNFCYVGAPHWQDRM encoding is done for multiclass task with:
	-custom
		-f1: 0.43388516173039743
		-auroc: 0.7887348834677742
	-resnet
		-f1: 0.3210771486779126
		-auroc: 0.7310817079417848
2026-06-07 18:45:20 - __main__ - INFO - Input matrix with TEILKSNFCYVGAPHWQDRM encoding is removed.

2026-06-07 18:45:26 - __main__ - INFO - Input matrix with GHCFDMKQNWPETYILSRAV encoding is generated.
2026-06-07 18:47:18 - __main__ - INFO - GHCFDMKQNWPETYILSRAV encoding is done for multiclass task with:
	-custom
		-f1: 0.4225377642702968
		-auroc: 0.7951866000034371
	-resnet
		-f1: 0.4176534246450626
		-auroc: 0.7528782462114261
2026-06-07 18:47:18 - __main__ - INFO - Input matrix with GHCFDMKQNWPETYILSRAV encoding is removed.

2026-06-07 18:47:24 - __main__ - INFO - Input matrix with QYFPMVDKCESRGITLHAWN encoding is generated.
2026-06-07 18:49:15 - __main__ - INFO - QYFPMVDKCESRGITLHAWN encoding is done for multiclass task with:
	-custom
		-f1: 0.45035675183061546
		-auroc: 0.8000688081452673
	-resnet
		-f1: 0.3785797599333491
		-auroc: 0.7120649973752097
2026-06-07 18:49:15 - __main__ - INFO - Input matrix with QYFPMVDKCESRGITLHAWN encoding is removed.

2026-06-07 18:49:20 - __main__ - INFO - Input matrix with LFGTPEYMIQKRDSHVANWC encoding is generated.
2026-06-07 18:51:10 - __main__ - INFO - LFGTPEYMIQKRDSHVANWC encoding is done for multiclass task with:
	-custom
		-f1: 0.4081883777744168
		-auroc: 0.7844124819955349
	-resnet
		-f1: 0.4048856987172805
		-auroc: 0.723648336828161
2026-06-07 18:51:10 - __main__ - INFO - Input matrix with LFGTPEYMIQKRDSHVANWC encoding is removed.

2026-06-07 18:51:16 - __main__ - INFO - Input matrix with KEQFDNSLCHRWAPGMYTIV encoding is generated.
2026-06-07 18:53:08 - __main__ - INFO - KEQFDNSLCHRWAPGMYTIV encoding is done for multiclass task with:
	-custom
		-f1: 0.41836277714666814
		-auroc: 0.7887598486662656
	-resnet
		-f1: 0.3974822986844973
		-auroc: 0.7716965647934975
2026-06-07 18:53:08 - __main__ - INFO - Input matrix with KEQFDNSLCHRWAPGMYTIV encoding is removed.

2026-06-07 18:53:13 - __main__ - INFO - Input matrix with LPVYHSDKCAGINMWRQETF encoding is generated.
2026-06-07 18:55:05 - __main__ - INFO - LPVYHSDKCAGINMWRQETF encoding is done for multiclass task with:
	-custom
		-f1: 0.4304661013962117
		-auroc: 0.7931637441475843
	-resnet
		-f1: 0.35156375088554037
		-auroc: 0.7299315245534675
2026-06-07 18:55:05 - __main__ - INFO - Input matrix with LPVYHSDKCAGINMWRQETF encoding is removed.

2026-06-07 18:55:11 - __main__ - INFO - Input matrix with ITHVQLPSDNFAYRGEMWCK encoding is generated.
2026-06-07 18:56:58 - __main__ - INFO - ITHVQLPSDNFAYRGEMWCK encoding is done for multiclass task with:
	-custom
		-f1: 0.413664180101478
		-auroc: 0.7871220152611235
	-resnet
		-f1: 0.38848162422798344
		-auroc: 0.7308841654327176
2026-06-07 18:56:58 - __main__ - INFO - Input matrix with ITHVQLPSDNFAYRGEMWCK encoding is removed.

2026-06-07 18:57:04 - __main__ - INFO - Input matrix with RYDFIWHQNTKMCVALGPSE encoding is generated.
2026-06-07 18:58:54 - __main__ - INFO - RYDFIWHQNTKMCVALGPSE encoding is done for multiclass task with:
	-custom
		-f1: 0.41556734224288194
		-auroc: 0.7897277389316718
	-resnet
		-f1: 0.4198173801874193
		-auroc: 0.725637962883526
2026-06-07 18:58:54 - __main__ - INFO - Input matrix with RYDFIWHQNTKMCVALGPSE encoding is removed.

2026-06-07 18:59:00 - __main__ - INFO - Input matrix with QWFMPTKGLDRYSEIANVCH encoding is generated.
2026-06-07 19:00:49 - __main__ - INFO - QWFMPTKGLDRYSEIANVCH encoding is done for multiclass task with:
	-custom
		-f1: 0.41480312320502477
		-auroc: 0.7871603694157356
	-resnet
		-f1: 0.3630908770834834
		-auroc: 0.6968210943503328
2026-06-07 19:00:49 - __main__ - INFO - Input matrix with QWFMPTKGLDRYSEIANVCH encoding is removed.

2026-06-07 19:00:55 - __main__ - INFO - Input matrix with FWQMAKGSIEPTYRVLCHND encoding is generated.
2026-06-07 19:02:45 - __main__ - INFO - FWQMAKGSIEPTYRVLCHND encoding is done for multiclass task with:
	-custom
		-f1: 0.44715776065442625
		-auroc: 0.7971741832666536
	-resnet
		-f1: 0.42042692813255345
		-auroc: 0.7591785875542726
2026-06-07 19:02:45 - __main__ - INFO - Input matrix with FWQMAKGSIEPTYRVLCHND encoding is removed.

2026-06-07 19:02:50 - __main__ - INFO - Input matrix with GCNDYIFMARWHQKTLESVP encoding is generated.
2026-06-07 19:04:41 - __main__ - INFO - GCNDYIFMARWHQKTLESVP encoding is done for multiclass task with:
	-custom
		-f1: 0.4098027715058442
		-auroc: 0.7971404621718079
	-resnet
		-f1: 0.3701302103286402
		-auroc: 0.7047785171443577
2026-06-07 19:04:41 - __main__ - INFO - Input matrix with GCNDYIFMARWHQKTLESVP encoding is removed.

2026-06-07 19:04:47 - __main__ - INFO - Input matrix with WYPKQEIDFTRNSGAMVHCL encoding is generated.
2026-06-07 19:06:39 - __main__ - INFO - WYPKQEIDFTRNSGAMVHCL encoding is done for multiclass task with:
	-custom
		-f1: 0.43245094576828624
		-auroc: 0.796653171064104
	-resnet
		-f1: 0.4342746126052604
		-auroc: 0.750504218422521
2026-06-07 19:06:39 - __main__ - INFO - Input matrix with WYPKQEIDFTRNSGAMVHCL encoding is removed.

2026-06-07 19:06:44 - __main__ - INFO - Input matrix with NLWQHASRECYGMPDIKFVT encoding is generated.
2026-06-07 19:08:35 - __main__ - INFO - NLWQHASRECYGMPDIKFVT encoding is done for multiclass task with:
	-custom
		-f1: 0.42068489454546265
		-auroc: 0.8030174465263448
	-resnet
		-f1: 0.43161720275000165
		-auroc: 0.7623234844277456
2026-06-07 19:08:35 - __main__ - INFO - Input matrix with NLWQHASRECYGMPDIKFVT encoding is removed.

2026-06-07 19:08:41 - __main__ - INFO - Input matrix with ISLFPMCDGYQEWKHNRTVA encoding is generated.
2026-06-07 19:10:30 - __main__ - INFO - ISLFPMCDGYQEWKHNRTVA encoding is done for multiclass task with:
	-custom
		-f1: 0.43836711227806824
		-auroc: 0.8009218749462782
	-resnet
		-f1: 0.39002865881893556
		-auroc: 0.7311176351331607
2026-06-07 19:10:30 - __main__ - INFO - Input matrix with ISLFPMCDGYQEWKHNRTVA encoding is removed.

2026-06-07 19:10:35 - __main__ - INFO - Input matrix with HKGSFQTLWEAIVPYRCMDN encoding is generated.
2026-06-07 19:12:31 - __main__ - INFO - HKGSFQTLWEAIVPYRCMDN encoding is done for multiclass task with:
	-custom
		-f1: 0.43865606617923036
		-auroc: 0.7940859077418065
	-resnet
		-f1: 0.3845240425480924
		-auroc: 0.7546527905058161
2026-06-07 19:12:31 - __main__ - INFO - Input matrix with HKGSFQTLWEAIVPYRCMDN encoding is removed.

2026-06-07 19:12:37 - __main__ - INFO - Input matrix with WEAHQNDVYICPTGFMKLRS encoding is generated.
2026-06-07 19:14:28 - __main__ - INFO - WEAHQNDVYICPTGFMKLRS encoding is done for multiclass task with:
	-custom
		-f1: 0.42114179619300696
		-auroc: 0.7935757515065567
	-resnet
		-f1: 0.32833853044251626
		-auroc: 0.6963947246108417
2026-06-07 19:14:28 - __main__ - INFO - Input matrix with WEAHQNDVYICPTGFMKLRS encoding is removed.

2026-06-07 19:14:34 - __main__ - INFO - Input matrix with PMSWNHKLTQECVFRIAGDY encoding is generated.
2026-06-07 19:16:25 - __main__ - INFO - PMSWNHKLTQECVFRIAGDY encoding is done for multiclass task with:
	-custom
		-f1: 0.45335628179555654
		-auroc: 0.80153086641249
	-resnet
		-f1: 0.34820027176462826
		-auroc: 0.7211760895561434
2026-06-07 19:16:25 - __main__ - INFO - Input matrix with PMSWNHKLTQECVFRIAGDY encoding is removed.

2026-06-07 19:16:30 - __main__ - INFO - Input matrix with GTQWHASDCIPYKMLFNRVE encoding is generated.
2026-06-07 19:18:22 - __main__ - INFO - GTQWHASDCIPYKMLFNRVE encoding is done for multiclass task with:
	-custom
		-f1: 0.42343980640456974
		-auroc: 0.7989387539478522
	-resnet
		-f1: 0.3951156795236046
		-auroc: 0.7149355003380217
2026-06-07 19:18:22 - __main__ - INFO - Input matrix with GTQWHASDCIPYKMLFNRVE encoding is removed.

2026-06-07 19:18:28 - __main__ - INFO - Input matrix with PLATKFVIDWHNCYMGERSQ encoding is generated.
2026-06-07 19:20:17 - __main__ - INFO - PLATKFVIDWHNCYMGERSQ encoding is done for multiclass task with:
	-custom
		-f1: 0.41491430727123835
		-auroc: 0.793152234294006
	-resnet
		-f1: 0.3752498096453146
		-auroc: 0.7353449260002267
2026-06-07 19:20:17 - __main__ - INFO - Input matrix with PLATKFVIDWHNCYMGERSQ encoding is removed.

2026-06-07 19:20:22 - __main__ - INFO - Input matrix with EFDAGHLPSIMCNVQRKYWT encoding is generated.
2026-06-07 19:22:10 - __main__ - INFO - EFDAGHLPSIMCNVQRKYWT encoding is done for multiclass task with:
	-custom
		-f1: 0.415399526062859
		-auroc: 0.7989094614818766
	-resnet
		-f1: 0.3515528217924027
		-auroc: 0.7217320930196447
2026-06-07 19:22:10 - __main__ - INFO - Input matrix with EFDAGHLPSIMCNVQRKYWT encoding is removed.

2026-06-07 19:22:15 - __main__ - INFO - Input matrix with SNEQIVRMDPGTLFHCYKWA encoding is generated.
2026-06-07 19:24:05 - __main__ - INFO - SNEQIVRMDPGTLFHCYKWA encoding is done for multiclass task with:
	-custom
		-f1: 0.41149357079894366
		-auroc: 0.7908976571534565
	-resnet
		-f1: 0.4169245261267073
		-auroc: 0.7461551076511441
2026-06-07 19:24:05 - __main__ - INFO - Input matrix with SNEQIVRMDPGTLFHCYKWA encoding is removed.

2026-06-07 19:24:11 - __main__ - INFO - Input matrix with MYPFHGDQSARTVEKLWINC encoding is generated.
2026-06-07 19:25:59 - __main__ - INFO - MYPFHGDQSARTVEKLWINC encoding is done for multiclass task with:
	-custom
		-f1: 0.4579035977004782
		-auroc: 0.8016935716477678
	-resnet
		-f1: 0.39506834347619535
		-auroc: 0.7442365835636326
2026-06-07 19:25:59 - __main__ - INFO - Input matrix with MYPFHGDQSARTVEKLWINC encoding is removed.

2026-06-07 19:26:05 - __main__ - INFO - Input matrix with ERNIQLKYMVTHWADSCGFP encoding is generated.
2026-06-07 19:27:54 - __main__ - INFO - ERNIQLKYMVTHWADSCGFP encoding is done for multiclass task with:
	-custom
		-f1: 0.4552871321087471
		-auroc: 0.7976368643119826
	-resnet
		-f1: 0.3964749557110291
		-auroc: 0.7208136368662318
2026-06-07 19:27:54 - __main__ - INFO - Input matrix with ERNIQLKYMVTHWADSCGFP encoding is removed.

2026-06-07 19:28:00 - __main__ - INFO - Input matrix with NQLMWRSPVDFIGEHKATYC encoding is generated.
2026-06-07 19:29:51 - __main__ - INFO - NQLMWRSPVDFIGEHKATYC encoding is done for multiclass task with:
	-custom
		-f1: 0.43786799286133793
		-auroc: 0.7982945098905304
	-resnet
		-f1: 0.2948711340498282
		-auroc: 0.7143403375377338
2026-06-07 19:29:51 - __main__ - INFO - Input matrix with NQLMWRSPVDFIGEHKATYC encoding is removed.

2026-06-07 19:29:57 - __main__ - INFO - Input matrix with APFLTMSHEGRWKDYNVIQC encoding is generated.
2026-06-07 19:31:47 - __main__ - INFO - APFLTMSHEGRWKDYNVIQC encoding is done for multiclass task with:
	-custom
		-f1: 0.4217661650074772
		-auroc: 0.7899681445579099
	-resnet
		-f1: 0.39079209160035466
		-auroc: 0.743310389710903
2026-06-07 19:31:47 - __main__ - INFO - Input matrix with APFLTMSHEGRWKDYNVIQC encoding is removed.

2026-06-07 19:31:52 - __main__ - INFO - Input matrix with DQSLIFNMCAWRPGKEYVHT encoding is generated.
2026-06-07 19:33:44 - __main__ - INFO - DQSLIFNMCAWRPGKEYVHT encoding is done for multiclass task with:
	-custom
		-f1: 0.42359787752989375
		-auroc: 0.7997113814967017
	-resnet
		-f1: 0.4115838055183031
		-auroc: 0.7438395513108108
2026-06-07 19:33:44 - __main__ - INFO - Input matrix with DQSLIFNMCAWRPGKEYVHT encoding is removed.

2026-06-07 19:33:49 - __main__ - INFO - Input matrix with HSIWRCFEAMTDLGKQNPYV encoding is generated.
2026-06-07 19:35:39 - __main__ - INFO - HSIWRCFEAMTDLGKQNPYV encoding is done for multiclass task with:
	-custom
		-f1: 0.43078193037659024
		-auroc: 0.7901402297225102
	-resnet
		-f1: 0.38074863717062707
		-auroc: 0.7025872677138525
2026-06-07 19:35:39 - __main__ - INFO - Input matrix with HSIWRCFEAMTDLGKQNPYV encoding is removed.

2026-06-07 19:35:45 - __main__ - INFO - Input matrix with PENCMYKVAGIHQLFDRTSW encoding is generated.
2026-06-07 19:37:33 - __main__ - INFO - PENCMYKVAGIHQLFDRTSW encoding is done for multiclass task with:
	-custom
		-f1: 0.4481016939430611
		-auroc: 0.7956556048642704
	-resnet
		-f1: 0.425113063502469
		-auroc: 0.7378044167124052
2026-06-07 19:37:33 - __main__ - INFO - Input matrix with PENCMYKVAGIHQLFDRTSW encoding is removed.

2026-06-07 19:37:39 - __main__ - INFO - Input matrix with YQDSVHNIALGPCKFEMTWR encoding is generated.
2026-06-07 19:39:27 - __main__ - INFO - YQDSVHNIALGPCKFEMTWR encoding is done for multiclass task with:
	-custom
		-f1: 0.41380607197331665
		-auroc: 0.7983031453630153
	-resnet
		-f1: 0.4320476591144164
		-auroc: 0.7337575837317759
2026-06-07 19:39:27 - __main__ - INFO - Input matrix with YQDSVHNIALGPCKFEMTWR encoding is removed.

2026-06-07 19:39:32 - __main__ - INFO - Input matrix with ESDFKTGWVHMNCRYPLQIA encoding is generated.
2026-06-07 19:41:21 - __main__ - INFO - ESDFKTGWVHMNCRYPLQIA encoding is done for multiclass task with:
	-custom
		-f1: 0.424100685671018
		-auroc: 0.7925439865807326
	-resnet
		-f1: 0.3979674734987764
		-auroc: 0.7306924644564412
2026-06-07 19:41:21 - __main__ - INFO - Input matrix with ESDFKTGWVHMNCRYPLQIA encoding is removed.

2026-06-07 19:41:26 - __main__ - INFO - Input matrix with RLPSFKYIDQWVHECTGNAM encoding is generated.
2026-06-07 19:43:18 - __main__ - INFO - RLPSFKYIDQWVHECTGNAM encoding is done for multiclass task with:
	-custom
		-f1: 0.43102062619121373
		-auroc: 0.7998828812702647
	-resnet
		-f1: 0.3758654337488601
		-auroc: 0.7432595201296238
2026-06-07 19:43:18 - __main__ - INFO - Input matrix with RLPSFKYIDQWVHECTGNAM encoding is removed.

2026-06-07 19:43:24 - __main__ - INFO - Input matrix with ALNVKQDCTMESWHFPIYRG encoding is generated.
2026-06-07 19:45:16 - __main__ - INFO - ALNVKQDCTMESWHFPIYRG encoding is done for multiclass task with:
	-custom
		-f1: 0.4183596124031303
		-auroc: 0.7868146026584115
	-resnet
		-f1: 0.39535614322319496
		-auroc: 0.7148171746770733
2026-06-07 19:45:16 - __main__ - INFO - Input matrix with ALNVKQDCTMESWHFPIYRG encoding is removed.

2026-06-07 19:45:21 - __main__ - INFO - Input matrix with CTMDVEFPQNAIWKYGLSRH encoding is generated.
2026-06-07 19:47:12 - __main__ - INFO - CTMDVEFPQNAIWKYGLSRH encoding is done for multiclass task with:
	-custom
		-f1: 0.4124965659483205
		-auroc: 0.7926125518245075
	-resnet
		-f1: 0.357223778319596
		-auroc: 0.7263813765566239
2026-06-07 19:47:12 - __main__ - INFO - Input matrix with CTMDVEFPQNAIWKYGLSRH encoding is removed.

2026-06-07 19:47:18 - __main__ - INFO - Input matrix with LGENKSQHYIFCAWDVMTRP encoding is generated.
2026-06-07 19:49:05 - __main__ - INFO - LGENKSQHYIFCAWDVMTRP encoding is done for multiclass task with:
	-custom
		-f1: 0.44355283240713017
		-auroc: 0.7907094148452032
	-resnet
		-f1: 0.345535695846271
		-auroc: 0.7082494789329716
2026-06-07 19:49:05 - __main__ - INFO - Input matrix with LGENKSQHYIFCAWDVMTRP encoding is removed.

2026-06-07 19:49:11 - __main__ - INFO - Input matrix with QIRNMTHKLDAPWVEGFYCS encoding is generated.
2026-06-07 19:51:01 - __main__ - INFO - QIRNMTHKLDAPWVEGFYCS encoding is done for multiclass task with:
	-custom
		-f1: 0.43525501412366835
		-auroc: 0.7990322267682078
	-resnet
		-f1: 0.4285349234478309
		-auroc: 0.7416632745605409
2026-06-07 19:51:01 - __main__ - INFO - Input matrix with QIRNMTHKLDAPWVEGFYCS encoding is removed.

2026-06-07 19:51:07 - __main__ - INFO - Input matrix with KMVATSYDCFILHRWPGQEN encoding is generated.
2026-06-07 19:52:57 - __main__ - INFO - KMVATSYDCFILHRWPGQEN encoding is done for multiclass task with:
	-custom
		-f1: 0.4219055844436982
		-auroc: 0.80785157431218
	-resnet
		-f1: 0.3877770649559647
		-auroc: 0.7545699131808187
2026-06-07 19:52:57 - __main__ - INFO - Input matrix with KMVATSYDCFILHRWPGQEN encoding is removed.

2026-06-07 19:53:03 - __main__ - INFO - Input matrix with LAFRTDVYCNPHSIMWKGEQ encoding is generated.
2026-06-07 19:54:53 - __main__ - INFO - LAFRTDVYCNPHSIMWKGEQ encoding is done for multiclass task with:
	-custom
		-f1: 0.37584632471088714
		-auroc: 0.7844041243640903
	-resnet
		-f1: 0.39732914009827247
		-auroc: 0.7151237415380133
2026-06-07 19:54:53 - __main__ - INFO - Input matrix with LAFRTDVYCNPHSIMWKGEQ encoding is removed.

2026-06-07 19:54:59 - __main__ - INFO - Input matrix with CLFEHKGPTRDYNWIQSMVA encoding is generated.
2026-06-07 19:56:47 - __main__ - INFO - CLFEHKGPTRDYNWIQSMVA encoding is done for multiclass task with:
	-custom
		-f1: 0.38507365996333615
		-auroc: 0.7882514704964982
	-resnet
		-f1: 0.46874236874236885
		-auroc: 0.7614399664185332
2026-06-07 19:56:47 - __main__ - INFO - Input matrix with CLFEHKGPTRDYNWIQSMVA encoding is removed.

2026-06-07 19:56:52 - __main__ - INFO - Input matrix with YFPTMQCWDALVHIRGKNES encoding is generated.
2026-06-07 19:58:44 - __main__ - INFO - YFPTMQCWDALVHIRGKNES encoding is done for multiclass task with:
	-custom
		-f1: 0.43795379423945696
		-auroc: 0.7900472626745997
	-resnet
		-f1: 0.3560582475381792
		-auroc: 0.7244171100501297
2026-06-07 19:58:44 - __main__ - INFO - Input matrix with YFPTMQCWDALVHIRGKNES encoding is removed.

2026-06-07 19:58:50 - __main__ - INFO - Input matrix with INGHSCWFPLDRKAQYMTEV encoding is generated.
2026-06-07 20:00:37 - __main__ - INFO - INGHSCWFPLDRKAQYMTEV encoding is done for multiclass task with:
	-custom
		-f1: 0.4197088008612634
		-auroc: 0.7970034909947582
	-resnet
		-f1: 0.2635994083094892
		-auroc: 0.6970133050455671
2026-06-07 20:00:37 - __main__ - INFO - Input matrix with INGHSCWFPLDRKAQYMTEV encoding is removed.

2026-06-07 20:00:42 - __main__ - INFO - Input matrix with APLDKHQIREVGCTYMSWNF encoding is generated.
2026-06-07 20:02:34 - __main__ - INFO - APLDKHQIREVGCTYMSWNF encoding is done for multiclass task with:
	-custom
		-f1: 0.44410635469834475
		-auroc: 0.7927366402146088
	-resnet
		-f1: 0.3457724406663688
		-auroc: 0.7250904849302896
2026-06-07 20:02:34 - __main__ - INFO - Input matrix with APLDKHQIREVGCTYMSWNF encoding is removed.

2026-06-07 20:02:39 - __main__ - INFO - Input matrix with IANWVKERSYHQDMCGFPTL encoding is generated.
2026-06-07 20:04:31 - __main__ - INFO - IANWVKERSYHQDMCGFPTL encoding is done for multiclass task with:
	-custom
		-f1: 0.4193907098977003
		-auroc: 0.7932804471829702
	-resnet
		-f1: 0.34209916432293785
		-auroc: 0.7212165062985878
2026-06-07 20:04:31 - __main__ - INFO - Input matrix with IANWVKERSYHQDMCGFPTL encoding is removed.

2026-06-07 20:04:36 - __main__ - INFO - Input matrix with IHVCGWSQNAMREDFYPTKL encoding is generated.
2026-06-07 20:06:26 - __main__ - INFO - IHVCGWSQNAMREDFYPTKL encoding is done for multiclass task with:
	-custom
		-f1: 0.4446243758281918
		-auroc: 0.796775405792
	-resnet
		-f1: 0.3676772495844923
		-auroc: 0.7378553699454555
2026-06-07 20:06:26 - __main__ - INFO - Input matrix with IHVCGWSQNAMREDFYPTKL encoding is removed.

2026-06-07 20:06:31 - __main__ - INFO - Input matrix with CISLPWYDRGAQFMVETHKN encoding is generated.
2026-06-07 20:08:22 - __main__ - INFO - CISLPWYDRGAQFMVETHKN encoding is done for multiclass task with:
	-custom
		-f1: 0.4412658057751292
		-auroc: 0.791684770355668
	-resnet
		-f1: 0.38228905864492624
		-auroc: 0.7353755126003744
2026-06-07 20:08:22 - __main__ - INFO - Input matrix with CISLPWYDRGAQFMVETHKN encoding is removed.

2026-06-07 20:08:28 - __main__ - INFO - Input matrix with AFNQSTMYCEWHRDGLVIKP encoding is generated.
2026-06-07 20:10:19 - __main__ - INFO - AFNQSTMYCEWHRDGLVIKP encoding is done for multiclass task with:
	-custom
		-f1: 0.42506215393702823
		-auroc: 0.7931543954677835
	-resnet
		-f1: 0.3294308578186896
		-auroc: 0.7155338746658655
2026-06-07 20:10:19 - __main__ - INFO - Input matrix with AFNQSTMYCEWHRDGLVIKP encoding is removed.

2026-06-07 20:10:25 - __main__ - INFO - Input matrix with HTWLEINVARSDGPCKFYQM encoding is generated.
2026-06-07 20:12:12 - __main__ - INFO - HTWLEINVARSDGPCKFYQM encoding is done for multiclass task with:
	-custom
		-f1: 0.4124863550536316
		-auroc: 0.7978991141060725
	-resnet
		-f1: 0.43404123979516224
		-auroc: 0.7483661472837485
2026-06-07 20:12:12 - __main__ - INFO - Input matrix with HTWLEINVARSDGPCKFYQM encoding is removed.

2026-06-07 20:12:18 - __main__ - INFO - Input matrix with WDYIKNMAQVFESRCTPLHG encoding is generated.
2026-06-07 20:14:10 - __main__ - INFO - WDYIKNMAQVFESRCTPLHG encoding is done for multiclass task with:
	-custom
		-f1: 0.44820610603549305
		-auroc: 0.7941878522331897
	-resnet
		-f1: 0.37906966999487196
		-auroc: 0.7320863384763541
2026-06-07 20:14:10 - __main__ - INFO - Input matrix with WDYIKNMAQVFESRCTPLHG encoding is removed.

2026-06-07 20:14:15 - __main__ - INFO - Input matrix with VICWFTAYNLPRMGDEKQSH encoding is generated.
2026-06-07 20:16:03 - __main__ - INFO - VICWFTAYNLPRMGDEKQSH encoding is done for multiclass task with:
	-custom
		-f1: 0.4330684850386869
		-auroc: 0.7903771111346956
	-resnet
		-f1: 0.33699419224893806
		-auroc: 0.6992906153636089
2026-06-07 20:16:03 - __main__ - INFO - Input matrix with VICWFTAYNLPRMGDEKQSH encoding is removed.

2026-06-07 20:16:09 - __main__ - INFO - Input matrix with THFPARWLDNSIVMYCEKGQ encoding is generated.
2026-06-07 20:18:00 - __main__ - INFO - THFPARWLDNSIVMYCEKGQ encoding is done for multiclass task with:
	-custom
		-f1: 0.41104210321840784
		-auroc: 0.7987468881373083
	-resnet
		-f1: 0.4177326704874984
		-auroc: 0.7349726813499698
2026-06-07 20:18:00 - __main__ - INFO - Input matrix with THFPARWLDNSIVMYCEKGQ encoding is removed.

2026-06-07 20:18:06 - __main__ - INFO - Input matrix with YRMSVKGHAPFTIEWNQLCD encoding is generated.
2026-06-07 20:19:54 - __main__ - INFO - YRMSVKGHAPFTIEWNQLCD encoding is done for multiclass task with:
	-custom
		-f1: 0.40746982355532946
		-auroc: 0.7915974741255152
	-resnet
		-f1: 0.4104581184419532
		-auroc: 0.7225996400905463
2026-06-07 20:19:54 - __main__ - INFO - Input matrix with YRMSVKGHAPFTIEWNQLCD encoding is removed.

2026-06-07 20:19:59 - __main__ - INFO - Input matrix with FDHQVNYIWMAKTSCLGRPE encoding is generated.
2026-06-07 20:21:48 - __main__ - INFO - FDHQVNYIWMAKTSCLGRPE encoding is done for multiclass task with:
	-custom
		-f1: 0.4276860258038039
		-auroc: 0.7905372471221072
	-resnet
		-f1: 0.4366998842442375
		-auroc: 0.759052071657486
2026-06-07 20:21:48 - __main__ - INFO - Input matrix with FDHQVNYIWMAKTSCLGRPE encoding is removed.

2026-06-07 20:21:54 - __main__ - INFO - Input matrix with NFWDHQSVGPTEIYCKALMR encoding is generated.
2026-06-07 20:23:44 - __main__ - INFO - NFWDHQSVGPTEIYCKALMR encoding is done for multiclass task with:
	-custom
		-f1: 0.4509315980507549
		-auroc: 0.8008971662582928
	-resnet
		-f1: 0.39948573669904663
		-auroc: 0.7374104479379462
2026-06-07 20:23:44 - __main__ - INFO - Input matrix with NFWDHQSVGPTEIYCKALMR encoding is removed.

2026-06-07 20:23:50 - __main__ - INFO - Input matrix with TIRAQESDNMVFPWKHYCLG encoding is generated.
2026-06-07 20:25:39 - __main__ - INFO - TIRAQESDNMVFPWKHYCLG encoding is done for multiclass task with:
	-custom
		-f1: 0.42431300240456293
		-auroc: 0.7862332675678646
	-resnet
		-f1: 0.4131824261536554
		-auroc: 0.7509351026769965
2026-06-07 20:25:39 - __main__ - INFO - Input matrix with TIRAQESDNMVFPWKHYCLG encoding is removed.

2026-06-07 20:25:45 - __main__ - INFO - Input matrix with FALQKEVMCGRSHIPYWNTD encoding is generated.
2026-06-07 20:27:37 - __main__ - INFO - FALQKEVMCGRSHIPYWNTD encoding is done for multiclass task with:
	-custom
		-f1: 0.4331236404388707
		-auroc: 0.793114598560825
	-resnet
		-f1: 0.40727878846947585
		-auroc: 0.7214156291655305
2026-06-07 20:27:37 - __main__ - INFO - Input matrix with FALQKEVMCGRSHIPYWNTD encoding is removed.

2026-06-07 20:27:42 - __main__ - INFO - Input matrix with APTFHEWCVDKLIMRNSYGQ encoding is generated.
2026-06-07 20:29:34 - __main__ - INFO - APTFHEWCVDKLIMRNSYGQ encoding is done for multiclass task with:
	-custom
		-f1: 0.42239763231324867
		-auroc: 0.7944399402074865
	-resnet
		-f1: 0.41177489631117875
		-auroc: 0.7613072001364256
2026-06-07 20:29:34 - __main__ - INFO - Input matrix with APTFHEWCVDKLIMRNSYGQ encoding is removed.

2026-06-07 20:29:39 - __main__ - INFO - Input matrix with QITRLYKGCPVDHMNFSAEW encoding is generated.
2026-06-07 20:31:30 - __main__ - INFO - QITRLYKGCPVDHMNFSAEW encoding is done for multiclass task with:
	-custom
		-f1: 0.4520456192095367
		-auroc: 0.7985154542900272
	-resnet
		-f1: 0.3283084900825448
		-auroc: 0.7173719929690784
2026-06-07 20:31:30 - __main__ - INFO - Input matrix with QITRLYKGCPVDHMNFSAEW encoding is removed.

2026-06-07 20:31:36 - __main__ - INFO - Input matrix with VMNDKQFPTIAWLRECHSGY encoding is generated.
2026-06-07 20:33:24 - __main__ - INFO - VMNDKQFPTIAWLRECHSGY encoding is done for multiclass task with:
	-custom
		-f1: 0.43808844794451723
		-auroc: 0.7952157376338194
	-resnet
		-f1: 0.3297215285523832
		-auroc: 0.7354500906992681
2026-06-07 20:33:24 - __main__ - INFO - Input matrix with VMNDKQFPTIAWLRECHSGY encoding is removed.

2026-06-07 20:33:29 - __main__ - INFO - Input matrix with AIEQWTSVFNMGHKDPLCYR encoding is generated.
2026-06-07 20:35:21 - __main__ - INFO - AIEQWTSVFNMGHKDPLCYR encoding is done for multiclass task with:
	-custom
		-f1: 0.44197732028674014
		-auroc: 0.7846497218717609
	-resnet
		-f1: 0.4022292013388591
		-auroc: 0.7452022705859038
2026-06-07 20:35:21 - __main__ - INFO - Input matrix with AIEQWTSVFNMGHKDPLCYR encoding is removed.

2026-06-07 20:35:26 - __main__ - INFO - Input matrix with KWHFDCNRPEYLMIGTQSAV encoding is generated.
2026-06-07 20:37:15 - __main__ - INFO - KWHFDCNRPEYLMIGTQSAV encoding is done for multiclass task with:
	-custom
		-f1: 0.4293006553927574
		-auroc: 0.8047137350939014
	-resnet
		-f1: 0.41774676051864523
		-auroc: 0.7255499107184422
2026-06-07 20:37:15 - __main__ - INFO - Input matrix with KWHFDCNRPEYLMIGTQSAV encoding is removed.

2026-06-07 20:37:21 - __main__ - INFO - Input matrix with LMWKPQHTNEFGSVACYIDR encoding is generated.
2026-06-07 20:39:12 - __main__ - INFO - LMWKPQHTNEFGSVACYIDR encoding is done for multiclass task with:
	-custom
		-f1: 0.3966731186664741
		-auroc: 0.7898230555525945
	-resnet
		-f1: 0.4462014794359977
		-auroc: 0.7379592182921868
2026-06-07 20:39:12 - __main__ - INFO - Input matrix with LMWKPQHTNEFGSVACYIDR encoding is removed.

2026-06-07 20:39:18 - __main__ - INFO - Input matrix with NDPGYITWQKHRLVCMSFAE encoding is generated.
2026-06-07 20:41:09 - __main__ - INFO - NDPGYITWQKHRLVCMSFAE encoding is done for multiclass task with:
	-custom
		-f1: 0.4160335570876823
		-auroc: 0.798055440271933
	-resnet
		-f1: 0.4071324663662084
		-auroc: 0.7382687110911879
2026-06-07 20:41:09 - __main__ - INFO - Input matrix with NDPGYITWQKHRLVCMSFAE encoding is removed.

2026-06-07 20:41:14 - __main__ - INFO - Input matrix with AQMNHVFYTWCKGPLDIRSE encoding is generated.
2026-06-07 20:43:01 - __main__ - INFO - AQMNHVFYTWCKGPLDIRSE encoding is done for multiclass task with:
	-custom
		-f1: 0.4148037283774159
		-auroc: 0.7995261127582743
	-resnet
		-f1: 0.36980841070245407
		-auroc: 0.7333137788908076
2026-06-07 20:43:01 - __main__ - INFO - Input matrix with AQMNHVFYTWCKGPLDIRSE encoding is removed.

2026-06-07 20:43:07 - __main__ - INFO - Input matrix with SHYCFNLKETVWQADPIMRG encoding is generated.
2026-06-07 20:44:56 - __main__ - INFO - SHYCFNLKETVWQADPIMRG encoding is done for multiclass task with:
	-custom
		-f1: 0.4306844163480054
		-auroc: 0.7933435311256163
	-resnet
		-f1: 0.37703643513443413
		-auroc: 0.7409561229654069
2026-06-07 20:44:56 - __main__ - INFO - Input matrix with SHYCFNLKETVWQADPIMRG encoding is removed.

2026-06-07 20:45:02 - __main__ - INFO - Input matrix with IALSNPFGDWEKQHVYMTCR encoding is generated.
2026-06-07 20:46:53 - __main__ - INFO - IALSNPFGDWEKQHVYMTCR encoding is done for multiclass task with:
	-custom
		-f1: 0.42529719616708733
		-auroc: 0.7913122588800363
	-resnet
		-f1: 0.3994488125179593
		-auroc: 0.7511626701875137
2026-06-07 20:46:53 - __main__ - INFO - Input matrix with IALSNPFGDWEKQHVYMTCR encoding is removed.

2026-06-07 20:46:59 - __main__ - INFO - Input matrix with HPQTAEWGISYFRVLKDNCM encoding is generated.
2026-06-07 20:48:50 - __main__ - INFO - HPQTAEWGISYFRVLKDNCM encoding is done for multiclass task with:
	-custom
		-f1: 0.4524854861430973
		-auroc: 0.7893612482477498
	-resnet
		-f1: 0.3993692528878444
		-auroc: 0.7392291781768793
2026-06-07 20:48:50 - __main__ - INFO - Input matrix with HPQTAEWGISYFRVLKDNCM encoding is removed.

2026-06-07 20:48:55 - __main__ - INFO - Input matrix with SMAPIGVQDWLNFTREHKCY encoding is generated.
2026-06-07 20:50:47 - __main__ - INFO - SMAPIGVQDWLNFTREHKCY encoding is done for multiclass task with:
	-custom
		-f1: 0.45305444505483405
		-auroc: 0.792764755727094
	-resnet
		-f1: 0.37214649947255085
		-auroc: 0.7125927271259508
2026-06-07 20:50:47 - __main__ - INFO - Input matrix with SMAPIGVQDWLNFTREHKCY encoding is removed.

2026-06-07 20:50:53 - __main__ - INFO - Input matrix with SLCNEYTQWRMKHPAIDFGV encoding is generated.
2026-06-07 20:52:43 - __main__ - INFO - SLCNEYTQWRMKHPAIDFGV encoding is done for multiclass task with:
	-custom
		-f1: 0.41962510397809216
		-auroc: 0.7906584968270794
	-resnet
		-f1: 0.36742052795041485
		-auroc: 0.7256729342342263
2026-06-07 20:52:43 - __main__ - INFO - Input matrix with SLCNEYTQWRMKHPAIDFGV encoding is removed.

2026-06-07 20:52:48 - __main__ - INFO - Input matrix with LSPFNRTVKHIWAMYDEQCG encoding is generated.
2026-06-07 20:54:41 - __main__ - INFO - LSPFNRTVKHIWAMYDEQCG encoding is done for multiclass task with:
	-custom
		-f1: 0.4149311529009806
		-auroc: 0.7925579854551232
	-resnet
		-f1: 0.3738483771463398
		-auroc: 0.7348276432043321
2026-06-07 20:54:41 - __main__ - INFO - Input matrix with LSPFNRTVKHIWAMYDEQCG encoding is removed.

2026-06-07 20:54:46 - __main__ - INFO - Input matrix with TGRCPQMYDWIALVSKEFHN encoding is generated.
2026-06-07 20:56:36 - __main__ - INFO - TGRCPQMYDWIALVSKEFHN encoding is done for multiclass task with:
	-custom
		-f1: 0.41202082326361555
		-auroc: 0.7973684939463783
	-resnet
		-f1: 0.3968229455952358
		-auroc: 0.7327481926718632
2026-06-07 20:56:36 - __main__ - INFO - Input matrix with TGRCPQMYDWIALVSKEFHN encoding is removed.

2026-06-07 20:56:42 - __main__ - INFO - Input matrix with FQGYMLTHEWKRISADCNVP encoding is generated.
2026-06-07 20:58:30 - __main__ - INFO - FQGYMLTHEWKRISADCNVP encoding is done for multiclass task with:
	-custom
		-f1: 0.38696398132011106
		-auroc: 0.7931662641605126
	-resnet
		-f1: 0.294705553425901
		-auroc: 0.6801324101905619
2026-06-07 20:58:30 - __main__ - INFO - Input matrix with FQGYMLTHEWKRISADCNVP encoding is removed.

2026-06-07 20:58:35 - __main__ - INFO - Input matrix with ANHRQMVDYPFWIKGLCETS encoding is generated.
2026-06-07 21:00:24 - __main__ - INFO - ANHRQMVDYPFWIKGLCETS encoding is done for multiclass task with:
	-custom
		-f1: 0.4393132285280452
		-auroc: 0.7961145474459455
	-resnet
		-f1: 0.41939970333192056
		-auroc: 0.7315087348741107
2026-06-07 21:00:24 - __main__ - INFO - Input matrix with ANHRQMVDYPFWIKGLCETS encoding is removed.

2026-06-07 21:00:29 - __main__ - INFO - Input matrix with ACWIPMLEYNSFRKDQHTGV encoding is generated.
2026-06-07 21:02:19 - __main__ - INFO - ACWIPMLEYNSFRKDQHTGV encoding is done for multiclass task with:
	-custom
		-f1: 0.4392124614913766
		-auroc: 0.7972926646639064
	-resnet
		-f1: 0.40074307578055535
		-auroc: 0.7460555008382473
2026-06-07 21:02:19 - __main__ - INFO - Input matrix with ACWIPMLEYNSFRKDQHTGV encoding is removed.

2026-06-07 21:02:25 - __main__ - INFO - Input matrix with HDIWGVEFANYSKLQPCTRM encoding is generated.
2026-06-07 21:04:17 - __main__ - INFO - HDIWGVEFANYSKLQPCTRM encoding is done for multiclass task with:
	-custom
		-f1: 0.44947306606725157
		-auroc: 0.8035089490426511
	-resnet
		-f1: 0.3605717621698636
		-auroc: 0.7228533075038224
2026-06-07 21:04:17 - __main__ - INFO - Input matrix with HDIWGVEFANYSKLQPCTRM encoding is removed.

2026-06-07 21:04:22 - __main__ - INFO - Input matrix with YGHKWRTEDLNMFQSAVICP encoding is generated.
2026-06-07 21:06:13 - __main__ - INFO - YGHKWRTEDLNMFQSAVICP encoding is done for multiclass task with:
	-custom
		-f1: 0.41935202205630534
		-auroc: 0.7972323989175106
	-resnet
		-f1: 0.4234304789636051
		-auroc: 0.7657119281261617
2026-06-07 21:06:13 - __main__ - INFO - Input matrix with YGHKWRTEDLNMFQSAVICP encoding is removed.

2026-06-07 21:06:19 - __main__ - INFO - Input matrix with MQILHFCDVNKYREGPSTWA encoding is generated.
2026-06-07 21:08:10 - __main__ - INFO - MQILHFCDVNKYREGPSTWA encoding is done for multiclass task with:
	-custom
		-f1: 0.43430862257059166
		-auroc: 0.7974945513231434
	-resnet
		-f1: 0.3365454424118593
		-auroc: 0.7340681800923576
2026-06-07 21:08:10 - __main__ - INFO - Input matrix with MQILHFCDVNKYREGPSTWA encoding is removed.

2026-06-07 21:08:16 - __main__ - INFO - Input matrix with CVQRPFHLDTNIGMKAEWYS encoding is generated.
2026-06-07 21:10:02 - __main__ - INFO - CVQRPFHLDTNIGMKAEWYS encoding is done for multiclass task with:
	-custom
		-f1: 0.42995746806736246
		-auroc: 0.7955337135352158
	-resnet
		-f1: 0.3870036378325451
		-auroc: 0.7445902566088748
2026-06-07 21:10:02 - __main__ - INFO - Input matrix with CVQRPFHLDTNIGMKAEWYS encoding is removed.

2026-06-07 21:10:08 - __main__ - INFO - Input matrix with WEFCNPLDVAQGKMHRYIST encoding is generated.
2026-06-07 21:11:59 - __main__ - INFO - WEFCNPLDVAQGKMHRYIST encoding is done for multiclass task with:
	-custom
		-f1: 0.42229468800760034
		-auroc: 0.7827450567983691
	-resnet
		-f1: 0.38802238613817547
		-auroc: 0.734360566486688
2026-06-07 21:11:59 - __main__ - INFO - Input matrix with WEFCNPLDVAQGKMHRYIST encoding is removed.

2026-06-07 21:12:04 - __main__ - INFO - Input matrix with VWSMIPNFLTHYAKCDGQRE encoding is generated.
2026-06-07 21:13:54 - __main__ - INFO - VWSMIPNFLTHYAKCDGQRE encoding is done for multiclass task with:
	-custom
		-f1: 0.41707556840541543
		-auroc: 0.790751252160242
	-resnet
		-f1: 0.39287543579006223
		-auroc: 0.721991575066897
2026-06-07 21:13:54 - __main__ - INFO - Input matrix with VWSMIPNFLTHYAKCDGQRE encoding is removed.

2026-06-07 21:13:59 - __main__ - INFO - Input matrix with NQWMYVTHSELADCGKRIFP encoding is generated.
2026-06-07 21:15:50 - __main__ - INFO - NQWMYVTHSELADCGKRIFP encoding is done for multiclass task with:
	-custom
		-f1: 0.4101836911455237
		-auroc: 0.7982359274463169
	-resnet
		-f1: 0.399403372400592
		-auroc: 0.7472967000087294
2026-06-07 21:15:50 - __main__ - INFO - Input matrix with NQWMYVTHSELADCGKRIFP encoding is removed.

2026-06-07 21:15:56 - __main__ - INFO - Input matrix with KDTRAEHNGFVLPSYWIMCQ encoding is generated.
2026-06-07 21:17:43 - __main__ - INFO - KDTRAEHNGFVLPSYWIMCQ encoding is done for multiclass task with:
	-custom
		-f1: 0.44857677754238356
		-auroc: 0.7969861339484753
	-resnet
		-f1: 0.41905323181975784
		-auroc: 0.7578481711371169
2026-06-07 21:17:43 - __main__ - INFO - Input matrix with KDTRAEHNGFVLPSYWIMCQ encoding is removed.

2026-06-07 21:17:49 - __main__ - INFO - Input matrix with YDKILPFCNMWHTSARQEGV encoding is generated.
2026-06-07 21:19:40 - __main__ - INFO - YDKILPFCNMWHTSARQEGV encoding is done for multiclass task with:
	-custom
		-f1: 0.4156019437499161
		-auroc: 0.7981557891012593
	-resnet
		-f1: 0.3012334941506
		-auroc: 0.7061478316071692
2026-06-07 21:19:40 - __main__ - INFO - Input matrix with YDKILPFCNMWHTSARQEGV encoding is removed.

2026-06-07 21:19:46 - __main__ - INFO - Input matrix with ITSVACKWGPDYFQEHLMRN encoding is generated.
2026-06-07 21:21:35 - __main__ - INFO - ITSVACKWGPDYFQEHLMRN encoding is done for multiclass task with:
	-custom
		-f1: 0.44960751092181706
		-auroc: 0.8008746317211276
	-resnet
		-f1: 0.40016132936647375
		-auroc: 0.7662606951629625
2026-06-07 21:21:35 - __main__ - INFO - Input matrix with ITSVACKWGPDYFQEHLMRN encoding is removed.

2026-06-07 21:21:41 - __main__ - INFO - Input matrix with HNMPCVTKAEGDLYSFWQRI encoding is generated.
2026-06-07 21:23:32 - __main__ - INFO - HNMPCVTKAEGDLYSFWQRI encoding is done for multiclass task with:
	-custom
		-f1: 0.4205816664468798
		-auroc: 0.7962662315175526
	-resnet
		-f1: 0.32076892773123367
		-auroc: 0.68771426323001
2026-06-07 21:23:32 - __main__ - INFO - Input matrix with HNMPCVTKAEGDLYSFWQRI encoding is removed.

2026-06-07 21:23:38 - __main__ - INFO - Input matrix with WIVGSMCRYKEFLTQHNADP encoding is generated.
2026-06-07 21:25:29 - __main__ - INFO - WIVGSMCRYKEFLTQHNADP encoding is done for multiclass task with:
	-custom
		-f1: 0.45093091581088124
		-auroc: 0.8011473445353605
	-resnet
		-f1: 0.3850672712741141
		-auroc: 0.7294161528339714
2026-06-07 21:25:29 - __main__ - INFO - Input matrix with WIVGSMCRYKEFLTQHNADP encoding is removed.

2026-06-07 21:25:34 - __main__ - INFO - Input matrix with LHVFRKAPDCITEGYWNMSQ encoding is generated.
2026-06-07 21:27:25 - __main__ - INFO - LHVFRKAPDCITEGYWNMSQ encoding is done for multiclass task with:
	-custom
		-f1: 0.4285120824860188
		-auroc: 0.7973329710788541
	-resnet
		-f1: 0.3883672358568647
		-auroc: 0.74584982794356
2026-06-07 21:27:25 - __main__ - INFO - Input matrix with LHVFRKAPDCITEGYWNMSQ encoding is removed.

2026-06-07 21:27:31 - __main__ - INFO - Input matrix with YSDGELQMWPVTRNKIFHAC encoding is generated.
2026-06-07 21:29:22 - __main__ - INFO - YSDGELQMWPVTRNKIFHAC encoding is done for multiclass task with:
	-custom
		-f1: 0.4269034870075898
		-auroc: 0.7938548886043264
	-resnet
		-f1: 0.3270291836579325
		-auroc: 0.7085352355900293
2026-06-07 21:29:22 - __main__ - INFO - Input matrix with YSDGELQMWPVTRNKIFHAC encoding is removed.

2026-06-07 21:29:28 - __main__ - INFO - Input matrix with NRGFKSHVDILQEWMTAPCY encoding is generated.
2026-06-07 21:31:20 - __main__ - INFO - NRGFKSHVDILQEWMTAPCY encoding is done for multiclass task with:
	-custom
		-f1: 0.42174868622323836
		-auroc: 0.7946578118852128
	-resnet
		-f1: 0.41690207603340534
		-auroc: 0.7372283928333656
2026-06-07 21:31:20 - __main__ - INFO - Input matrix with NRGFKSHVDILQEWMTAPCY encoding is removed.

2026-06-07 21:31:25 - __main__ - INFO - Input matrix with TLAMSGQFECVWKHDPRIYN encoding is generated.
2026-06-07 21:33:16 - __main__ - INFO - TLAMSGQFECVWKHDPRIYN encoding is done for multiclass task with:
	-custom
		-f1: 0.4064042236183668
		-auroc: 0.7884140208302122
	-resnet
		-f1: 0.3553562849221413
		-auroc: 0.7165492674937741
2026-06-07 21:33:16 - __main__ - INFO - Input matrix with TLAMSGQFECVWKHDPRIYN encoding is removed.

2026-06-07 21:33:21 - __main__ - INFO - Input matrix with VRSNHTWYEMFKPIADQLGC encoding is generated.
2026-06-07 21:35:11 - __main__ - INFO - VRSNHTWYEMFKPIADQLGC encoding is done for multiclass task with:
	-custom
		-f1: 0.4273203241558828
		-auroc: 0.7998774126363168
	-resnet
		-f1: 0.3468374815901815
		-auroc: 0.7168189713448119
2026-06-07 21:35:11 - __main__ - INFO - Input matrix with VRSNHTWYEMFKPIADQLGC encoding is removed.

2026-06-07 21:35:17 - __main__ - INFO - Input matrix with ANEHCPLFKIVWQDMTGYSR encoding is generated.
2026-06-07 21:37:07 - __main__ - INFO - ANEHCPLFKIVWQDMTGYSR encoding is done for multiclass task with:
	-custom
		-f1: 0.4423565558794976
		-auroc: 0.7916921063574154
	-resnet
		-f1: 0.29795921925863433
		-auroc: 0.7026369317016805
2026-06-07 21:37:07 - __main__ - INFO - Input matrix with ANEHCPLFKIVWQDMTGYSR encoding is removed.

2026-06-07 21:37:13 - __main__ - INFO - Input matrix with IKTAMNGPLQSVYWHEDFCR encoding is generated.
2026-06-07 21:39:02 - __main__ - INFO - IKTAMNGPLQSVYWHEDFCR encoding is done for multiclass task with:
	-custom
		-f1: 0.4167604267428658
		-auroc: 0.7916269781402869
	-resnet
		-f1: 0.41650312889038377
		-auroc: 0.7464600645324608
2026-06-07 21:39:02 - __main__ - INFO - Input matrix with IKTAMNGPLQSVYWHEDFCR encoding is removed.

2026-06-07 21:39:07 - __main__ - INFO - Input matrix with GTCWLNDVSQMREIHPFAKY encoding is generated.
2026-06-07 21:40:59 - __main__ - INFO - GTCWLNDVSQMREIHPFAKY encoding is done for multiclass task with:
	-custom
		-f1: 0.41034142493229125
		-auroc: 0.7923725834091392
	-resnet
		-f1: 0.36233540464904535
		-auroc: 0.7113362464325922
2026-06-07 21:40:59 - __main__ - INFO - Input matrix with GTCWLNDVSQMREIHPFAKY encoding is removed.

2026-06-07 21:41:04 - __main__ - INFO - Input matrix with RNVGFWCYTAMSQDLIHEPK encoding is generated.
2026-06-07 21:42:55 - __main__ - INFO - RNVGFWCYTAMSQDLIHEPK encoding is done for multiclass task with:
	-custom
		-f1: 0.402354803723915
		-auroc: 0.7954916896968177
	-resnet
		-f1: 0.38525657547637343
		-auroc: 0.7552255141200622
2026-06-07 21:42:55 - __main__ - INFO - Input matrix with RNVGFWCYTAMSQDLIHEPK encoding is removed.

2026-06-07 21:43:00 - __main__ - INFO - Input matrix with LAQHFISCGMNKTRWEPVYD encoding is generated.
2026-06-07 21:44:52 - __main__ - INFO - LAQHFISCGMNKTRWEPVYD encoding is done for multiclass task with:
	-custom
		-f1: 0.39936872413339525
		-auroc: 0.7954304783217739
	-resnet
		-f1: 0.3413014992317971
		-auroc: 0.7070452748835383
2026-06-07 21:44:52 - __main__ - INFO - Input matrix with LAQHFISCGMNKTRWEPVYD encoding is removed.

2026-06-07 21:44:58 - __main__ - INFO - Input matrix with KRPIVTSELYFWGNMCQHDA encoding is generated.
2026-06-07 21:46:45 - __main__ - INFO - KRPIVTSELYFWGNMCQHDA encoding is done for multiclass task with:
	-custom
		-f1: 0.41883094193748543
		-auroc: 0.8067462717992117
	-resnet
		-f1: 0.372661128759872
		-auroc: 0.7313442801408929
2026-06-07 21:46:45 - __main__ - INFO - Input matrix with KRPIVTSELYFWGNMCQHDA encoding is removed.

2026-06-07 21:46:51 - __main__ - INFO - Input matrix with FDCAYESNTHKGPRWMQLVI encoding is generated.
2026-06-07 21:48:41 - __main__ - INFO - FDCAYESNTHKGPRWMQLVI encoding is done for multiclass task with:
	-custom
		-f1: 0.4369627881515082
		-auroc: 0.796637270376609
	-resnet
		-f1: 0.4539201463253237
		-auroc: 0.7705291010197985
2026-06-07 21:48:41 - __main__ - INFO - Input matrix with FDCAYESNTHKGPRWMQLVI encoding is removed.

2026-06-07 21:48:47 - __main__ - INFO - Input matrix with FCMYWIVSQLPKTGDEHRAN encoding is generated.
2026-06-07 21:50:34 - __main__ - INFO - FCMYWIVSQLPKTGDEHRAN encoding is done for multiclass task with:
	-custom
		-f1: 0.41627669620995533
		-auroc: 0.7972783209997851
	-resnet
		-f1: 0.40021237763398043
		-auroc: 0.7483305050497162
2026-06-07 21:50:34 - __main__ - INFO - Input matrix with FCMYWIVSQLPKTGDEHRAN encoding is removed.

2026-06-07 21:50:40 - __main__ - INFO - Input matrix with PYQRIFACGVSHNLTKEDWM encoding is generated.
2026-06-07 21:52:29 - __main__ - INFO - PYQRIFACGVSHNLTKEDWM encoding is done for multiclass task with:
	-custom
		-f1: 0.4150662300728941
		-auroc: 0.7883278992735345
	-resnet
		-f1: 0.4295701786405962
		-auroc: 0.7480686492870939
2026-06-07 21:52:29 - __main__ - INFO - Input matrix with PYQRIFACGVSHNLTKEDWM encoding is removed.

2026-06-07 21:52:34 - __main__ - INFO - Input matrix with RTGKDSEYWFIMAVQNLCPH encoding is generated.
2026-06-07 21:54:26 - __main__ - INFO - RTGKDSEYWFIMAVQNLCPH encoding is done for multiclass task with:
	-custom
		-f1: 0.4396459753043276
		-auroc: 0.7910424078994482
	-resnet
		-f1: 0.42339291282168123
		-auroc: 0.7398017130576815
2026-06-07 21:54:26 - __main__ - INFO - Input matrix with RTGKDSEYWFIMAVQNLCPH encoding is removed.

2026-06-07 21:54:32 - __main__ - INFO - Input matrix with QCSLWFGRVPDNYMKAETHI encoding is generated.
2026-06-07 21:56:20 - __main__ - INFO - QCSLWFGRVPDNYMKAETHI encoding is done for multiclass task with:
	-custom
		-f1: 0.4485108091579636
		-auroc: 0.7965365139874535
	-resnet
		-f1: 0.3337124090604794
		-auroc: 0.7243664948273507
2026-06-07 21:56:20 - __main__ - INFO - Input matrix with QCSLWFGRVPDNYMKAETHI encoding is removed.

2026-06-07 21:56:25 - __main__ - INFO - Input matrix with ENGQRDLSFMATHCVYIPWK encoding is generated.
2026-06-07 21:58:14 - __main__ - INFO - ENGQRDLSFMATHCVYIPWK encoding is done for multiclass task with:
	-custom
		-f1: 0.4297317009048419
		-auroc: 0.7902452271101532
	-resnet
		-f1: 0.38773449659861847
		-auroc: 0.7203269215603082
2026-06-07 21:58:14 - __main__ - INFO - Input matrix with ENGQRDLSFMATHCVYIPWK encoding is removed.

2026-06-07 21:58:20 - __main__ - INFO - Input matrix with KQLYIRGFAWNTCMDPHESV encoding is generated.
2026-06-07 22:00:11 - __main__ - INFO - KQLYIRGFAWNTCMDPHESV encoding is done for multiclass task with:
	-custom
		-f1: 0.4316256931124163
		-auroc: 0.7856011206533621
	-resnet
		-f1: 0.4158197541524503
		-auroc: 0.742832801509819
2026-06-07 22:00:11 - __main__ - INFO - Input matrix with KQLYIRGFAWNTCMDPHESV encoding is removed.

2026-06-07 22:00:17 - __main__ - INFO - Input matrix with PQEVDKANLRCGFSIWTHYM encoding is generated.
2026-06-07 22:02:06 - __main__ - INFO - PQEVDKANLRCGFSIWTHYM encoding is done for multiclass task with:
	-custom
		-f1: 0.424211329959798
		-auroc: 0.7963653416955017
	-resnet
		-f1: 0.4308603688320063
		-auroc: 0.7542288629632179
2026-06-07 22:02:06 - __main__ - INFO - Input matrix with PQEVDKANLRCGFSIWTHYM encoding is removed.

2026-06-07 22:02:11 - __main__ - INFO - Input matrix with SLIHQMPCNVDAETKYWFGR encoding is generated.
2026-06-07 22:04:03 - __main__ - INFO - SLIHQMPCNVDAETKYWFGR encoding is done for multiclass task with:
	-custom
		-f1: 0.47377545035302643
		-auroc: 0.8041197801305928
	-resnet
		-f1: 0.4117065542803138
		-auroc: 0.7433022036041866
2026-06-07 22:04:03 - __main__ - INFO - Input matrix with SLIHQMPCNVDAETKYWFGR encoding is removed.

2026-06-07 22:04:08 - __main__ - INFO - Input matrix with SMTCWDRYQFVIHKGNEAPL encoding is generated.
2026-06-07 22:05:59 - __main__ - INFO - SMTCWDRYQFVIHKGNEAPL encoding is done for multiclass task with:
	-custom
		-f1: 0.43064757802960657
		-auroc: 0.7942448391592226
	-resnet
		-f1: 0.38952075094827804
		-auroc: 0.730832257908973
2026-06-07 22:05:59 - __main__ - INFO - Input matrix with SMTCWDRYQFVIHKGNEAPL encoding is removed.

2026-06-07 22:06:04 - __main__ - INFO - Input matrix with FISGWDKQPNTYCHVMAERL encoding is generated.
2026-06-07 22:07:52 - __main__ - INFO - FISGWDKQPNTYCHVMAERL encoding is done for multiclass task with:
	-custom
		-f1: 0.43204138645780016
		-auroc: 0.7868426226260404
	-resnet
		-f1: 0.3979834444771112
		-auroc: 0.7416853940404919
2026-06-07 22:07:52 - __main__ - INFO - Input matrix with FISGWDKQPNTYCHVMAERL encoding is removed.

2026-06-07 22:07:58 - __main__ - INFO - Input matrix with STMYVWGIKACENFRLHQDP encoding is generated.
2026-06-07 22:09:48 - __main__ - INFO - STMYVWGIKACENFRLHQDP encoding is done for multiclass task with:
	-custom
		-f1: 0.4144273393771799
		-auroc: 0.7973575712719059
	-resnet
		-f1: 0.38908128594013774
		-auroc: 0.7192980375556396
2026-06-07 22:09:48 - __main__ - INFO - Input matrix with STMYVWGIKACENFRLHQDP encoding is removed.

2026-06-07 22:09:53 - __main__ - INFO - Input matrix with MRPQITNGKHCLVWYADEFS encoding is generated.
2026-06-07 22:11:45 - __main__ - INFO - MRPQITNGKHCLVWYADEFS encoding is done for multiclass task with:
	-custom
		-f1: 0.42644916026383906
		-auroc: 0.7917156811893307
	-resnet
		-f1: 0.4544865666809238
		-auroc: 0.7482947060798985
2026-06-07 22:11:45 - __main__ - INFO - Input matrix with MRPQITNGKHCLVWYADEFS encoding is removed.

2026-06-07 22:11:50 - __main__ - INFO - Input matrix with GCSLQHPMTFWDRYKVAINE encoding is generated.
2026-06-07 22:13:39 - __main__ - INFO - GCSLQHPMTFWDRYKVAINE encoding is done for multiclass task with:
	-custom
		-f1: 0.43217730734195037
		-auroc: 0.7922802768995221
	-resnet
		-f1: 0.3908735595044997
		-auroc: 0.7413762757765603
2026-06-07 22:13:39 - __main__ - INFO - Input matrix with GCSLQHPMTFWDRYKVAINE encoding is removed.

2026-06-07 22:13:45 - __main__ - INFO - Input matrix with EFWMPINRYQKHCSVGTDAL encoding is generated.
2026-06-07 22:15:32 - __main__ - INFO - EFWMPINRYQKHCSVGTDAL encoding is done for multiclass task with:
	-custom
		-f1: 0.43627968186539395
		-auroc: 0.7958553783494657
	-resnet
		-f1: 0.3783408224172119
		-auroc: 0.7275130005008208
2026-06-07 22:15:32 - __main__ - INFO - Input matrix with EFWMPINRYQKHCSVGTDAL encoding is removed.

2026-06-07 22:15:38 - __main__ - INFO - Input matrix with GDNMYKVLSERQFCTAIHPW encoding is generated.
2026-06-07 22:17:29 - __main__ - INFO - GDNMYKVLSERQFCTAIHPW encoding is done for multiclass task with:
	-custom
		-f1: 0.4740451251098691
		-auroc: 0.7921707650560826
	-resnet
		-f1: 0.36262332553014065
		-auroc: 0.7143296462191625
2026-06-07 22:17:29 - __main__ - INFO - Input matrix with GDNMYKVLSERQFCTAIHPW encoding is removed.

2026-06-07 22:17:34 - __main__ - INFO - Input matrix with HRQNLDAVMWKFGIPETSCY encoding is generated.
2026-06-07 22:19:25 - __main__ - INFO - HRQNLDAVMWKFGIPETSCY encoding is done for multiclass task with:
	-custom
		-f1: 0.4325323412216884
		-auroc: 0.7833518839171645
	-resnet
		-f1: 0.40322220269642994
		-auroc: 0.7135097422717083
2026-06-07 22:19:25 - __main__ - INFO - Input matrix with HRQNLDAVMWKFGIPETSCY encoding is removed.

2026-06-07 22:19:31 - __main__ - INFO - Input matrix with TKPWALIFREQDSMCHNYGV encoding is generated.
2026-06-07 22:21:30 - __main__ - INFO - TKPWALIFREQDSMCHNYGV encoding is done for multiclass task with:
	-custom
		-f1: 0.43052999442479206
		-auroc: 0.7956250052938275
	-resnet
		-f1: 0.42331071032326567
		-auroc: 0.7490765727348305
2026-06-07 22:21:30 - __main__ - INFO - Input matrix with TKPWALIFREQDSMCHNYGV encoding is removed.

2026-06-07 22:21:36 - __main__ - INFO - Input matrix with SCPVGAIFERHMTKDYWQNL encoding is generated.
2026-06-07 22:23:28 - __main__ - INFO - SCPVGAIFERHMTKDYWQNL encoding is done for multiclass task with:
	-custom
		-f1: 0.425567134959949
		-auroc: 0.7946710120114506
	-resnet
		-f1: 0.4427291406571873
		-auroc: 0.756812461814411
2026-06-07 22:23:28 - __main__ - INFO - Input matrix with SCPVGAIFERHMTKDYWQNL encoding is removed.

2026-06-07 22:23:34 - __main__ - INFO - Input matrix with KCAGEMWNDPTILRFYQHSV encoding is generated.
2026-06-07 22:25:27 - __main__ - INFO - KCAGEMWNDPTILRFYQHSV encoding is done for multiclass task with:
	-custom
		-f1: 0.460326403322428
		-auroc: 0.7998083992159639
	-resnet
		-f1: 0.3855246010173768
		-auroc: 0.7442646641192125
2026-06-07 22:25:27 - __main__ - INFO - Input matrix with KCAGEMWNDPTILRFYQHSV encoding is removed.

2026-06-07 22:25:32 - __main__ - INFO - Input matrix with QGIPCSRANWEKVMFHYDTL encoding is generated.
2026-06-07 22:27:24 - __main__ - INFO - QGIPCSRANWEKVMFHYDTL encoding is done for multiclass task with:
	-custom
		-f1: 0.42898408577881664
		-auroc: 0.7864746121259163
	-resnet
		-f1: 0.44368750366515153
		-auroc: 0.7616077828479538
2026-06-07 22:27:24 - __main__ - INFO - Input matrix with QGIPCSRANWEKVMFHYDTL encoding is removed.

2026-06-07 22:27:30 - __main__ - INFO - Input matrix with FHGYEIPAKLWVTSCQRNMD encoding is generated.
2026-06-07 22:29:22 - __main__ - INFO - FHGYEIPAKLWVTSCQRNMD encoding is done for multiclass task with:
	-custom
		-f1: 0.42538400189772096
		-auroc: 0.7869793591883397
	-resnet
		-f1: 0.3595895809619115
		-auroc: 0.7241425721536954
2026-06-07 22:29:22 - __main__ - INFO - Input matrix with FHGYEIPAKLWVTSCQRNMD encoding is removed.

2026-06-07 22:29:27 - __main__ - INFO - Input matrix with YWLRTPEFNSHVDCGQMIKA encoding is generated.
2026-06-07 22:31:18 - __main__ - INFO - YWLRTPEFNSHVDCGQMIKA encoding is done for multiclass task with:
	-custom
		-f1: 0.4363635545918725
		-auroc: 0.7963955749189897
	-resnet
		-f1: 0.4163481478105348
		-auroc: 0.7189758259489496
2026-06-07 22:31:18 - __main__ - INFO - Input matrix with YWLRTPEFNSHVDCGQMIKA encoding is removed.

2026-06-07 22:31:24 - __main__ - INFO - Input matrix with ANQFLCKSWRHYPIMGETDV encoding is generated.
2026-06-07 22:33:16 - __main__ - INFO - ANQFLCKSWRHYPIMGETDV encoding is done for multiclass task with:
	-custom
		-f1: 0.43840544552850896
		-auroc: 0.7935266240773741
	-resnet
		-f1: 0.29323171574585766
		-auroc: 0.6959524269289343
2026-06-07 22:33:16 - __main__ - INFO - Input matrix with ANQFLCKSWRHYPIMGETDV encoding is removed.

2026-06-07 22:33:22 - __main__ - INFO - Input matrix with EMGVSNWKCTQAPLHFIYRD encoding is generated.
2026-06-07 22:35:14 - __main__ - INFO - EMGVSNWKCTQAPLHFIYRD encoding is done for multiclass task with:
	-custom
		-f1: 0.4188573738637097
		-auroc: 0.7931728452256553
	-resnet
		-f1: 0.4063741483638867
		-auroc: 0.7406483212373999
2026-06-07 22:35:14 - __main__ - INFO - Input matrix with EMGVSNWKCTQAPLHFIYRD encoding is removed.

2026-06-07 22:35:19 - __main__ - INFO - Input matrix with VSYHGFTDENQKMLWIACRP encoding is generated.
2026-06-07 22:37:09 - __main__ - INFO - VSYHGFTDENQKMLWIACRP encoding is done for multiclass task with:
	-custom
		-f1: 0.4202468215980256
		-auroc: 0.7935468400601742
	-resnet
		-f1: 0.39894011199444335
		-auroc: 0.736389852516002
2026-06-07 22:37:09 - __main__ - INFO - Input matrix with VSYHGFTDENQKMLWIACRP encoding is removed.

2026-06-07 22:37:14 - __main__ - INFO - Input matrix with DAQYWGCMRKNTFPSLEIHV encoding is generated.
2026-06-07 22:39:06 - __main__ - INFO - DAQYWGCMRKNTFPSLEIHV encoding is done for multiclass task with:
	-custom
		-f1: 0.410690294302286
		-auroc: 0.7990941701115157
	-resnet
		-f1: 0.3025448792025114
		-auroc: 0.7311892486998539
2026-06-07 22:39:06 - __main__ - INFO - Input matrix with DAQYWGCMRKNTFPSLEIHV encoding is removed.

2026-06-07 22:39:11 - __main__ - INFO - Input matrix with CTYIRWVMANPFHDLQKESG encoding is generated.
2026-06-07 22:41:03 - __main__ - INFO - CTYIRWVMANPFHDLQKESG encoding is done for multiclass task with:
	-custom
		-f1: 0.430426114109382
		-auroc: 0.787006955141171
	-resnet
		-f1: 0.4232314275504093
		-auroc: 0.7522331348672207
2026-06-07 22:41:03 - __main__ - INFO - Input matrix with CTYIRWVMANPFHDLQKESG encoding is removed.

2026-06-07 22:41:08 - __main__ - INFO - Input matrix with MAQPELTKNWSGIHDCRFYV encoding is generated.
2026-06-07 22:43:00 - __main__ - INFO - MAQPELTKNWSGIHDCRFYV encoding is done for multiclass task with:
	-custom
		-f1: 0.435963485346056
		-auroc: 0.8090332548121545
	-resnet
		-f1: 0.39388831067177604
		-auroc: 0.7362104846778571
2026-06-07 22:43:00 - __main__ - INFO - Input matrix with MAQPELTKNWSGIHDCRFYV encoding is removed.

2026-06-07 22:43:06 - __main__ - INFO - Input matrix with SRFAIMHNETKWGQPDVCYL encoding is generated.
2026-06-07 22:44:58 - __main__ - INFO - SRFAIMHNETKWGQPDVCYL encoding is done for multiclass task with:
	-custom
		-f1: 0.40896029389942
		-auroc: 0.7805050996555745
	-resnet
		-f1: 0.31190392190877564
		-auroc: 0.7071467066792542
2026-06-07 22:44:58 - __main__ - INFO - Input matrix with SRFAIMHNETKWGQPDVCYL encoding is removed.

2026-06-07 22:45:03 - __main__ - INFO - Input matrix with GNWEYCIMTQSRPKHLDFAV encoding is generated.
2026-06-07 22:46:54 - __main__ - INFO - GNWEYCIMTQSRPKHLDFAV encoding is done for multiclass task with:
	-custom
		-f1: 0.42455332541956226
		-auroc: 0.7905900583978597
	-resnet
		-f1: 0.3191562708077329
		-auroc: 0.7294745935426434
2026-06-07 22:46:54 - __main__ - INFO - Input matrix with GNWEYCIMTQSRPKHLDFAV encoding is removed.

2026-06-07 22:46:59 - __main__ - INFO - Input matrix with YGKDQSWIFVLTCRAHENPM encoding is generated.
2026-06-07 22:48:48 - __main__ - INFO - YGKDQSWIFVLTCRAHENPM encoding is done for multiclass task with:
	-custom
		-f1: 0.4621627926712014
		-auroc: 0.7989419950966342
	-resnet
		-f1: 0.3781916384513163
		-auroc: 0.7167279678798139
2026-06-07 22:48:48 - __main__ - INFO - Input matrix with YGKDQSWIFVLTCRAHENPM encoding is removed.

2026-06-07 22:48:54 - __main__ - INFO - Input matrix with TNEIWGQDPMYLKCHFSAVR encoding is generated.
2026-06-07 22:50:46 - __main__ - INFO - TNEIWGQDPMYLKCHFSAVR encoding is done for multiclass task with:
	-custom
		-f1: 0.428232245027303
		-auroc: 0.7913527518771936
	-resnet
		-f1: 0.370750393883306
		-auroc: 0.7364827466939661
2026-06-07 22:50:46 - __main__ - INFO - Input matrix with TNEIWGQDPMYLKCHFSAVR encoding is removed.

2026-06-07 22:50:51 - __main__ - INFO - Input matrix with RFPNIQLEWDSGTYKCMAHV encoding is generated.
2026-06-07 22:52:42 - __main__ - INFO - RFPNIQLEWDSGTYKCMAHV encoding is done for multiclass task with:
	-custom
		-f1: 0.421378841397706
		-auroc: 0.7982499461092288
	-resnet
		-f1: 0.35894228051418925
		-auroc: 0.7083759736766593
2026-06-07 22:52:42 - __main__ - INFO - Input matrix with RFPNIQLEWDSGTYKCMAHV encoding is removed.

2026-06-07 22:52:48 - __main__ - INFO - Input matrix with WSTFRHEPAYMCIKVNQLGD encoding is generated.
2026-06-07 22:54:39 - __main__ - INFO - WSTFRHEPAYMCIKVNQLGD encoding is done for multiclass task with:
	-custom
		-f1: 0.4380015589085365
		-auroc: 0.7957688140334221
	-resnet
		-f1: 0.3707507501054832
		-auroc: 0.7337283343527903
2026-06-07 22:54:39 - __main__ - INFO - Input matrix with WSTFRHEPAYMCIKVNQLGD encoding is removed.

2026-06-07 22:54:45 - __main__ - INFO - Input matrix with PCTAQIKVEFYDMRLHSWGN encoding is generated.
2026-06-07 22:56:35 - __main__ - INFO - PCTAQIKVEFYDMRLHSWGN encoding is done for multiclass task with:
	-custom
		-f1: 0.4460352608631039
		-auroc: 0.800146831697624
	-resnet
		-f1: 0.3650142917679159
		-auroc: 0.7275986041563164
2026-06-07 22:56:35 - __main__ - INFO - Input matrix with PCTAQIKVEFYDMRLHSWGN encoding is removed.

2026-06-07 22:56:40 - __main__ - INFO - Input matrix with IRYMPLVAEDNFGSCTQWHK encoding is generated.
2026-06-07 22:58:31 - __main__ - INFO - IRYMPLVAEDNFGSCTQWHK encoding is done for multiclass task with:
	-custom
		-f1: 0.43294462227883485
		-auroc: 0.7953048906693259
	-resnet
		-f1: 0.3438940251160805
		-auroc: 0.7446559556281226
2026-06-07 22:58:31 - __main__ - INFO - Input matrix with IRYMPLVAEDNFGSCTQWHK encoding is removed.

2026-06-07 22:58:36 - __main__ - INFO - Input matrix with MIPNERYQGWFTLCKDVHSA encoding is generated.
2026-06-07 23:00:28 - __main__ - INFO - MIPNERYQGWFTLCKDVHSA encoding is done for multiclass task with:
	-custom
		-f1: 0.4140114871370478
		-auroc: 0.7929256689544399
	-resnet
		-f1: 0.426326872406593
		-auroc: 0.7435119056975866
2026-06-07 23:00:28 - __main__ - INFO - Input matrix with MIPNERYQGWFTLCKDVHSA encoding is removed.

2026-06-07 23:00:34 - __main__ - INFO - Input matrix with AMGIRKHNSDLYFQEVPCTW encoding is generated.
2026-06-07 23:02:25 - __main__ - INFO - AMGIRKHNSDLYFQEVPCTW encoding is done for multiclass task with:
	-custom
		-f1: 0.43558067368865583
		-auroc: 0.7979831425728677
	-resnet
		-f1: 0.32170568467015326
		-auroc: 0.6973349938125487
2026-06-07 23:02:25 - __main__ - INFO - Input matrix with AMGIRKHNSDLYFQEVPCTW encoding is removed.

2026-06-07 23:02:31 - __main__ - INFO - Input matrix with KLISPGHMRVEDYWCNAFTQ encoding is generated.
2026-06-07 23:04:21 - __main__ - INFO - KLISPGHMRVEDYWCNAFTQ encoding is done for multiclass task with:
	-custom
		-f1: 0.43008092263193093
		-auroc: 0.7871157829786453
	-resnet
		-f1: 0.467918036736996
		-auroc: 0.7512314239106814
2026-06-07 23:04:21 - __main__ - INFO - Input matrix with KLISPGHMRVEDYWCNAFTQ encoding is removed.

2026-06-07 23:04:27 - __main__ - INFO - Input matrix with KHNLRTECSFDVAGIYPQMW encoding is generated.
2026-06-07 23:06:18 - __main__ - INFO - KHNLRTECSFDVAGIYPQMW encoding is done for multiclass task with:
	-custom
		-f1: 0.45745064824233045
		-auroc: 0.8021713920811868
	-resnet
		-f1: 0.3842892437679679
		-auroc: 0.7514041935942208
2026-06-07 23:06:18 - __main__ - INFO - Input matrix with KHNLRTECSFDVAGIYPQMW encoding is removed.

2026-06-07 23:06:24 - __main__ - INFO - Input matrix with VPGSKRNAFCEHQMLYTWDI encoding is generated.
2026-06-07 23:08:14 - __main__ - INFO - VPGSKRNAFCEHQMLYTWDI encoding is done for multiclass task with:
	-custom
		-f1: 0.40227634284654135
		-auroc: 0.7875776728517504
	-resnet
		-f1: 0.34904064813926955
		-auroc: 0.7131344380002422
2026-06-07 23:08:14 - __main__ - INFO - Input matrix with VPGSKRNAFCEHQMLYTWDI encoding is removed.

2026-06-07 23:08:19 - __main__ - INFO - Input matrix with PNSACYVFLIGRQTHKMEWD encoding is generated.
2026-06-07 23:10:11 - __main__ - INFO - PNSACYVFLIGRQTHKMEWD encoding is done for multiclass task with:
	-custom
		-f1: 0.4374010311533067
		-auroc: 0.790252625907557
	-resnet
		-f1: 0.3571146590825135
		-auroc: 0.7343348393392175
2026-06-07 23:10:11 - __main__ - INFO - Input matrix with PNSACYVFLIGRQTHKMEWD encoding is removed.

2026-06-07 23:10:16 - __main__ - INFO - Input matrix with CAEWYIPHLTGDFSKNVQRM encoding is generated.
2026-06-07 23:12:03 - __main__ - INFO - CAEWYIPHLTGDFSKNVQRM encoding is done for multiclass task with:
	-custom
		-f1: 0.4249597108153743
		-auroc: 0.79640128174047
	-resnet
		-f1: 0.3811037545589845
		-auroc: 0.7433426524029202
2026-06-07 23:12:03 - __main__ - INFO - Input matrix with CAEWYIPHLTGDFSKNVQRM encoding is removed.

2026-06-07 23:12:08 - __main__ - INFO - Input matrix with MFAYLRHWNCPIDKEQVTSG encoding is generated.
2026-06-07 23:14:01 - __main__ - INFO - MFAYLRHWNCPIDKEQVTSG encoding is done for multiclass task with:
	-custom
		-f1: 0.4280795560116002
		-auroc: 0.7965803458075101
	-resnet
		-f1: 0.43824415902230723
		-auroc: 0.7451625520978955
2026-06-07 23:14:01 - __main__ - INFO - Input matrix with MFAYLRHWNCPIDKEQVTSG encoding is removed.

2026-06-07 23:14:06 - __main__ - INFO - Input matrix with QNPWLGYCFSTRDAHMKEVI encoding is generated.
2026-06-07 23:15:53 - __main__ - INFO - QNPWLGYCFSTRDAHMKEVI encoding is done for multiclass task with:
	-custom
		-f1: 0.4249519923130327
		-auroc: 0.7973354243991919
	-resnet
		-f1: 0.351254594744242
		-auroc: 0.7023183634319656
2026-06-07 23:15:53 - __main__ - INFO - Input matrix with QNPWLGYCFSTRDAHMKEVI encoding is removed.

2026-06-07 23:15:59 - __main__ - INFO - Input matrix with QETFSVCMNAIDLWPKYRGH encoding is generated.
2026-06-07 23:17:50 - __main__ - INFO - QETFSVCMNAIDLWPKYRGH encoding is done for multiclass task with:
	-custom
		-f1: 0.41927731017952413
		-auroc: 0.7966975782093865
	-resnet
		-f1: 0.3583041099801053
		-auroc: 0.7235953051971127
2026-06-07 23:17:50 - __main__ - INFO - Input matrix with QETFSVCMNAIDLWPKYRGH encoding is removed.

2026-06-07 23:17:56 - __main__ - INFO - Input matrix with LIKTYSACGFRPNQDMVHEW encoding is generated.
2026-06-07 23:19:44 - __main__ - INFO - LIKTYSACGFRPNQDMVHEW encoding is done for multiclass task with:
	-custom
		-f1: 0.4296968340682302
		-auroc: 0.7963150105850749
	-resnet
		-f1: 0.37841746959262834
		-auroc: 0.7299381437913869
2026-06-07 23:19:44 - __main__ - INFO - Input matrix with LIKTYSACGFRPNQDMVHEW encoding is removed.

2026-06-07 23:19:49 - __main__ - INFO - Input matrix with RGEIQLWMYFCDVHNSTPKA encoding is generated.
2026-06-07 23:21:38 - __main__ - INFO - RGEIQLWMYFCDVHNSTPKA encoding is done for multiclass task with:
	-custom
		-f1: 0.4283958913677875
		-auroc: 0.792301518258149
	-resnet
		-f1: 0.4185081925172973
		-auroc: 0.7380728605682041
2026-06-07 23:21:38 - __main__ - INFO - Input matrix with RGEIQLWMYFCDVHNSTPKA encoding is removed.

2026-06-07 23:21:44 - __main__ - INFO - Input matrix with YPQLADKTEGMNICWHFRVS encoding is generated.
2026-06-07 23:23:35 - __main__ - INFO - YPQLADKTEGMNICWHFRVS encoding is done for multiclass task with:
	-custom
		-f1: 0.42738109708647015
		-auroc: 0.7980340245560764
	-resnet
		-f1: 0.4408315046526208
		-auroc: 0.7406771913599035
2026-06-07 23:23:35 - __main__ - INFO - Input matrix with YPQLADKTEGMNICWHFRVS encoding is removed.

2026-06-07 23:23:41 - __main__ - INFO - Input matrix with CWLREIKPAQDNSTGFHYMV encoding is generated.
2026-06-07 23:25:32 - __main__ - INFO - CWLREIKPAQDNSTGFHYMV encoding is done for multiclass task with:
	-custom
		-f1: 0.43559695796432757
		-auroc: 0.8004316370658504
	-resnet
		-f1: 0.33663929351265975
		-auroc: 0.7306839024631946
2026-06-07 23:25:32 - __main__ - INFO - Input matrix with CWLREIKPAQDNSTGFHYMV encoding is removed.

2026-06-07 23:25:38 - __main__ - INFO - Input matrix with EDVAYRHKQNPTLWMSGFIC encoding is generated.
2026-06-07 23:27:25 - __main__ - INFO - EDVAYRHKQNPTLWMSGFIC encoding is done for multiclass task with:
	-custom
		-f1: 0.45221556594070983
		-auroc: 0.7944166859362307
	-resnet
		-f1: 0.39317921466370365
		-auroc: 0.7283344374763627
2026-06-07 23:27:25 - __main__ - INFO - Input matrix with EDVAYRHKQNPTLWMSGFIC encoding is removed.

2026-06-07 23:27:31 - __main__ - INFO - Input matrix with NKWVLGFCAHDYRSTMQIPE encoding is generated.
2026-06-07 23:29:21 - __main__ - INFO - NKWVLGFCAHDYRSTMQIPE encoding is done for multiclass task with:
	-custom
		-f1: 0.4319612410025833
		-auroc: 0.7941824767506723
	-resnet
		-f1: 0.36517460020307124
		-auroc: 0.7047328531129725
2026-06-07 23:29:21 - __main__ - INFO - Input matrix with NKWVLGFCAHDYRSTMQIPE encoding is removed.

2026-06-07 23:29:27 - __main__ - INFO - Input matrix with ECRHDNYLWITMFSGPQAVK encoding is generated.
2026-06-07 23:31:18 - __main__ - INFO - ECRHDNYLWITMFSGPQAVK encoding is done for multiclass task with:
	-custom
		-f1: 0.4475561330128789
		-auroc: 0.8001526180677312
	-resnet
		-f1: 0.4638408248461401
		-auroc: 0.7623120737093508
2026-06-07 23:31:18 - __main__ - INFO - Input matrix with ECRHDNYLWITMFSGPQAVK encoding is removed.

2026-06-07 23:31:23 - __main__ - INFO - Input matrix with MKIWERCDLYTGFHVAPNQS encoding is generated.
2026-06-07 23:33:12 - __main__ - INFO - MKIWERCDLYTGFHVAPNQS encoding is done for multiclass task with:
	-custom
		-f1: 0.4282737018475043
		-auroc: 0.7931604285896493
	-resnet
		-f1: 0.39134471573440455
		-auroc: 0.7177595702885441
2026-06-07 23:33:12 - __main__ - INFO - Input matrix with MKIWERCDLYTGFHVAPNQS encoding is removed.

2026-06-07 23:33:17 - __main__ - INFO - Input matrix with PGMNKFIDQTRAYVWELSCH encoding is generated.
2026-06-07 23:35:09 - __main__ - INFO - PGMNKFIDQTRAYVWELSCH encoding is done for multiclass task with:
	-custom
		-f1: 0.4269518075109976
		-auroc: 0.8008865533280781
	-resnet
		-f1: 0.42171894873847915
		-auroc: 0.7406758220985483
2026-06-07 23:35:09 - __main__ - INFO - Input matrix with PGMNKFIDQTRAYVWELSCH encoding is removed.

2026-06-07 23:35:15 - __main__ - INFO - Input matrix with MNTIQKWRGSHYFVLPAEDC encoding is generated.
2026-06-07 23:37:06 - __main__ - INFO - MNTIQKWRGSHYFVLPAEDC encoding is done for multiclass task with:
	-custom
		-f1: 0.4128546773256567
		-auroc: 0.7881954441294882
	-resnet
		-f1: 0.38757955390107074
		-auroc: 0.7385877311778759
2026-06-07 23:37:06 - __main__ - INFO - Input matrix with MNTIQKWRGSHYFVLPAEDC encoding is removed.

2026-06-07 23:37:12 - __main__ - INFO - Input matrix with GSMTFCNYALKPIVHDEWRQ encoding is generated.
2026-06-07 23:39:00 - __main__ - INFO - GSMTFCNYALKPIVHDEWRQ encoding is done for multiclass task with:
	-custom
		-f1: 0.41770158833038656
		-auroc: 0.7890654943757834
	-resnet
		-f1: 0.3077596364427422
		-auroc: 0.7002814944536162
2026-06-07 23:39:00 - __main__ - INFO - Input matrix with GSMTFCNYALKPIVHDEWRQ encoding is removed.

2026-06-07 23:39:05 - __main__ - INFO - Input matrix with APWTCNRISMYFLGVHKDEQ encoding is generated.
2026-06-07 23:40:57 - __main__ - INFO - APWTCNRISMYFLGVHKDEQ encoding is done for multiclass task with:
	-custom
		-f1: 0.43194580459557885
		-auroc: 0.784375346109526
	-resnet
		-f1: 0.40550125961850697
		-auroc: 0.7168235986052156
2026-06-07 23:40:57 - __main__ - INFO - Input matrix with APWTCNRISMYFLGVHKDEQ encoding is removed.

2026-06-07 23:41:03 - __main__ - INFO - Input matrix with LWTQCYFHIRESKMPDVGNA encoding is generated.
2026-06-07 23:42:53 - __main__ - INFO - LWTQCYFHIRESKMPDVGNA encoding is done for multiclass task with:
	-custom
		-f1: 0.4228673195883538
		-auroc: 0.7900495174448301
	-resnet
		-f1: 0.3265987542098525
		-auroc: 0.7161125556582992
2026-06-07 23:42:53 - __main__ - INFO - Input matrix with LWTQCYFHIRESKMPDVGNA encoding is removed.

2026-06-07 23:42:58 - __main__ - INFO - Input matrix with ADLQHWFGSKMPEVCIYTNR encoding is generated.
2026-06-07 23:44:49 - __main__ - INFO - ADLQHWFGSKMPEVCIYTNR encoding is done for multiclass task with:
	-custom
		-f1: 0.43472224041678575
		-auroc: 0.8004706044649581
	-resnet
		-f1: 0.38331018052521476
		-auroc: 0.7449234543867698
2026-06-07 23:44:49 - __main__ - INFO - Input matrix with ADLQHWFGSKMPEVCIYTNR encoding is removed.

2026-06-07 23:44:55 - __main__ - INFO - Input matrix with LQRVDPACYKMFHGIWSTEN encoding is generated.
2026-06-07 23:46:46 - __main__ - INFO - LQRVDPACYKMFHGIWSTEN encoding is done for multiclass task with:
	-custom
		-f1: 0.43816589127606714
		-auroc: 0.794965903566975
	-resnet
		-f1: 0.429360509821911
		-auroc: 0.7374418562389267
2026-06-07 23:46:46 - __main__ - INFO - Input matrix with LQRVDPACYKMFHGIWSTEN encoding is removed.

2026-06-07 23:46:52 - __main__ - INFO - Input matrix with ATDIFHMYGLKRWSCNPQVE encoding is generated.
2026-06-07 23:48:45 - __main__ - INFO - ATDIFHMYGLKRWSCNPQVE encoding is done for multiclass task with:
	-custom
		-f1: 0.42722174122533974
		-auroc: 0.7952785159664914
	-resnet
		-f1: 0.4154049696992101
		-auroc: 0.7592280135462902
2026-06-07 23:48:45 - __main__ - INFO - Input matrix with ATDIFHMYGLKRWSCNPQVE encoding is removed.

2026-06-07 23:48:50 - __main__ - INFO - Input matrix with FPYTAWGSCQKHRINVLEMD encoding is generated.
2026-06-07 23:50:41 - __main__ - INFO - FPYTAWGSCQKHRINVLEMD encoding is done for multiclass task with:
	-custom
		-f1: 0.4254002601925923
		-auroc: 0.7901283922050923
	-resnet
		-f1: 0.39293073413398616
		-auroc: 0.7603602876692169
2026-06-07 23:50:41 - __main__ - INFO - Input matrix with FPYTAWGSCQKHRINVLEMD encoding is removed.

2026-06-07 23:50:46 - __main__ - INFO - Input matrix with SFMAYQEDPVTWNHILGKCR encoding is generated.
2026-06-07 23:52:37 - __main__ - INFO - SFMAYQEDPVTWNHILGKCR encoding is done for multiclass task with:
	-custom
		-f1: 0.4399419408560238
		-auroc: 0.7910582130748004
	-resnet
		-f1: 0.38194069276638914
		-auroc: 0.7401122908233402
2026-06-07 23:52:37 - __main__ - INFO - Input matrix with SFMAYQEDPVTWNHILGKCR encoding is removed.

2026-06-07 23:52:42 - __main__ - INFO - Input matrix with AMTIYKQCPRGWLNHEDVFS encoding is generated.
2026-06-07 23:54:34 - __main__ - INFO - AMTIYKQCPRGWLNHEDVFS encoding is done for multiclass task with:
	-custom
		-f1: 0.41498491767497836
		-auroc: 0.7930693079025001
	-resnet
		-f1: 0.42849842642290464
		-auroc: 0.7403853650690173
2026-06-07 23:54:34 - __main__ - INFO - Input matrix with AMTIYKQCPRGWLNHEDVFS encoding is removed.

2026-06-07 23:54:39 - __main__ - INFO - Input matrix with QCNESYPHWTIRKMGFLDAV encoding is generated.
2026-06-07 23:56:31 - __main__ - INFO - QCNESYPHWTIRKMGFLDAV encoding is done for multiclass task with:
	-custom
		-f1: 0.3975717829026682
		-auroc: 0.7934407741366256
	-resnet
		-f1: 0.3645337992094376
		-auroc: 0.7311539869898167
2026-06-07 23:56:31 - __main__ - INFO - Input matrix with QCNESYPHWTIRKMGFLDAV encoding is removed.

2026-06-07 23:56:36 - __main__ - INFO - Input matrix with EIVNFWLRQGCDMHYSAPTK encoding is generated.
2026-06-07 23:58:26 - __main__ - INFO - EIVNFWLRQGCDMHYSAPTK encoding is done for multiclass task with:
	-custom
		-f1: 0.4292494697243752
		-auroc: 0.7993254692783713
	-resnet
		-f1: 0.3654416855456545
		-auroc: 0.704086943581164
2026-06-07 23:58:26 - __main__ - INFO - Input matrix with EIVNFWLRQGCDMHYSAPTK encoding is removed.

2026-06-07 23:58:32 - __main__ - INFO - Input matrix with FGYVKTRIHEMWANQDLPCS encoding is generated.
2026-06-08 00:00:18 - __main__ - INFO - FGYVKTRIHEMWANQDLPCS encoding is done for multiclass task with:
	-custom
		-f1: 0.3955605539823339
		-auroc: 0.7796934113342886
	-resnet
		-f1: 0.36313825948557155
		-auroc: 0.7194366198010297
2026-06-08 00:00:18 - __main__ - INFO - Input matrix with FGYVKTRIHEMWANQDLPCS encoding is removed.

2026-06-08 00:00:24 - __main__ - INFO - Input matrix with RPSLNEDCWQGTMIYKFVAH encoding is generated.
2026-06-08 00:02:16 - __main__ - INFO - RPSLNEDCWQGTMIYKFVAH encoding is done for multiclass task with:
	-custom
		-f1: 0.4316104009496963
		-auroc: 0.7894960122081034
	-resnet
		-f1: 0.35499097618285913
		-auroc: 0.7314865595660048
2026-06-08 00:02:16 - __main__ - INFO - Input matrix with RPSLNEDCWQGTMIYKFVAH encoding is removed.

2026-06-08 00:02:21 - __main__ - INFO - Input matrix with SGRPTVKQWFCAIHYMNDEL encoding is generated.
2026-06-08 00:04:11 - __main__ - INFO - SGRPTVKQWFCAIHYMNDEL encoding is done for multiclass task with:
	-custom
		-f1: 0.42163691816749865
		-auroc: 0.7953469716350811
	-resnet
		-f1: 0.3833131248249383
		-auroc: 0.7123237775584697
2026-06-08 00:04:11 - __main__ - INFO - Input matrix with SGRPTVKQWFCAIHYMNDEL encoding is removed.

2026-06-08 00:04:17 - __main__ - INFO - Input matrix with MTDCKIPWVGYENFSALRHQ encoding is generated.
2026-06-08 00:06:08 - __main__ - INFO - MTDCKIPWVGYENFSALRHQ encoding is done for multiclass task with:
	-custom
		-f1: 0.435895768413915
		-auroc: 0.7985802224368621
	-resnet
		-f1: 0.4230258516209241
		-auroc: 0.7599865225969611
2026-06-08 00:06:08 - __main__ - INFO - Input matrix with MTDCKIPWVGYENFSALRHQ encoding is removed.

2026-06-08 00:06:14 - __main__ - INFO - Input matrix with IKMDWCGYHENLTSVQRAPF encoding is generated.
2026-06-08 00:08:06 - __main__ - INFO - IKMDWCGYHENLTSVQRAPF encoding is done for multiclass task with:
	-custom
		-f1: 0.4303704458516157
		-auroc: 0.7942469384978802
	-resnet
		-f1: 0.41832467772915766
		-auroc: 0.7391368412827
2026-06-08 00:08:06 - __main__ - INFO - Input matrix with IKMDWCGYHENLTSVQRAPF encoding is removed.

2026-06-08 00:08:12 - __main__ - INFO - Input matrix with FLQMVNRDWHTSACIEYPKG encoding is generated.
2026-06-08 00:10:02 - __main__ - INFO - FLQMVNRDWHTSACIEYPKG encoding is done for multiclass task with:
	-custom
		-f1: 0.43554003980116607
		-auroc: 0.7940320656956882
	-resnet
		-f1: 0.38361754454375363
		-auroc: 0.7300822854751448
2026-06-08 00:10:02 - __main__ - INFO - Input matrix with FLQMVNRDWHTSACIEYPKG encoding is removed.

2026-06-08 00:10:07 - __main__ - INFO - Input matrix with KWRAHPNDESVTLYMQGFCI encoding is generated.
2026-06-08 00:11:58 - __main__ - INFO - KWRAHPNDESVTLYMQGFCI encoding is done for multiclass task with:
	-custom
		-f1: 0.4370625029126927
		-auroc: 0.7931794790174136
	-resnet
		-f1: 0.40158419164474085
		-auroc: 0.7390189659183354
2026-06-08 00:11:58 - __main__ - INFO - Input matrix with KWRAHPNDESVTLYMQGFCI encoding is removed.

2026-06-08 00:12:04 - __main__ - INFO - Input matrix with MAPIKECLVDGYQSRWHNTF encoding is generated.
2026-06-08 00:13:56 - __main__ - INFO - MAPIKECLVDGYQSRWHNTF encoding is done for multiclass task with:
	-custom
		-f1: 0.42233766214608137
		-auroc: 0.7900440546085121
	-resnet
		-f1: 0.36640950393149885
		-auroc: 0.729130725073148
2026-06-08 00:13:56 - __main__ - INFO - Input matrix with MAPIKECLVDGYQSRWHNTF encoding is removed.

2026-06-08 00:14:01 - __main__ - INFO - Input matrix with QFLSRPNCMWAVYHKTEIDG encoding is generated.
2026-06-08 00:15:53 - __main__ - INFO - QFLSRPNCMWAVYHKTEIDG encoding is done for multiclass task with:
	-custom
		-f1: 0.42232892815245754
		-auroc: 0.7904559110123327
	-resnet
		-f1: 0.35331072495243043
		-auroc: 0.7235769317698489
2026-06-08 00:15:53 - __main__ - INFO - Input matrix with QFLSRPNCMWAVYHKTEIDG encoding is removed.

2026-06-08 00:15:58 - __main__ - INFO - Input matrix with RIMPQHDAGKWVNSLYCFTE encoding is generated.
2026-06-08 00:17:47 - __main__ - INFO - RIMPQHDAGKWVNSLYCFTE encoding is done for multiclass task with:
	-custom
		-f1: 0.44088167765014113
		-auroc: 0.7932647784971945
	-resnet
		-f1: 0.3498594760920826
		-auroc: 0.7073205736219601
2026-06-08 00:17:47 - __main__ - INFO - Input matrix with RIMPQHDAGKWVNSLYCFTE encoding is removed.

2026-06-08 00:17:53 - __main__ - INFO - Input matrix with VTYPKEQFGAWCSDNIHLMR encoding is generated.
2026-06-08 00:19:42 - __main__ - INFO - VTYPKEQFGAWCSDNIHLMR encoding is done for multiclass task with:
	-custom
		-f1: 0.44661821927046946
		-auroc: 0.8049724239078182
	-resnet
		-f1: 0.40757067923425805
		-auroc: 0.7417181903695066
2026-06-08 00:19:42 - __main__ - INFO - Input matrix with VTYPKEQFGAWCSDNIHLMR encoding is removed.

2026-06-08 00:19:47 - __main__ - INFO - Input matrix with QNKMSTRYGWECPIFLHVDA encoding is generated.
2026-06-08 00:21:36 - __main__ - INFO - QNKMSTRYGWECPIFLHVDA encoding is done for multiclass task with:
	-custom
		-f1: 0.41967820695744223
		-auroc: 0.8008049729752125
	-resnet
		-f1: 0.3247981468030596
		-auroc: 0.6827570338817864
2026-06-08 00:21:36 - __main__ - INFO - Input matrix with QNKMSTRYGWECPIFLHVDA encoding is removed.

2026-06-08 00:21:42 - __main__ - INFO - Input matrix with PAWFECMRVKIDNYHLSQGT encoding is generated.
2026-06-08 00:23:33 - __main__ - INFO - PAWFECMRVKIDNYHLSQGT encoding is done for multiclass task with:
	-custom
		-f1: 0.44605432520801924
		-auroc: 0.7989643248639011
	-resnet
		-f1: 0.3713267681280042
		-auroc: 0.7519465927077491
2026-06-08 00:23:33 - __main__ - INFO - Input matrix with PAWFECMRVKIDNYHLSQGT encoding is removed.

2026-06-08 00:23:39 - __main__ - INFO - Input matrix with LPGQMAKCETWDFIHNSRYV encoding is generated.
2026-06-08 00:25:28 - __main__ - INFO - LPGQMAKCETWDFIHNSRYV encoding is done for multiclass task with:
	-custom
		-f1: 0.3888468530504882
		-auroc: 0.786441947152181
	-resnet
		-f1: 0.3476842784835248
		-auroc: 0.7154970920498015
2026-06-08 00:25:28 - __main__ - INFO - Input matrix with LPGQMAKCETWDFIHNSRYV encoding is removed.

2026-06-08 00:25:34 - __main__ - INFO - Input matrix with WHDRCGMKFVTYPAENISQL encoding is generated.
2026-06-08 00:27:20 - __main__ - INFO - WHDRCGMKFVTYPAENISQL encoding is done for multiclass task with:
	-custom
		-f1: 0.42076879236543097
		-auroc: 0.7943022537446806
	-resnet
		-f1: 0.3719843240180998
		-auroc: 0.7226386159564602
2026-06-08 00:27:20 - __main__ - INFO - Input matrix with WHDRCGMKFVTYPAENISQL encoding is removed.

2026-06-08 00:27:26 - __main__ - INFO - Input matrix with WAQCKRVLFHGNEMTPDSYI encoding is generated.
2026-06-08 00:29:17 - __main__ - INFO - WAQCKRVLFHGNEMTPDSYI encoding is done for multiclass task with:
	-custom
		-f1: 0.41236988549407927
		-auroc: 0.7836210248149007
	-resnet
		-f1: 0.4539766335129231
		-auroc: 0.7387757361145846
2026-06-08 00:29:17 - __main__ - INFO - Input matrix with WAQCKRVLFHGNEMTPDSYI encoding is removed.

2026-06-08 00:29:23 - __main__ - INFO - Input matrix with EFPCDQGWTYNALMIRHSKV encoding is generated.
2026-06-08 00:31:14 - __main__ - INFO - EFPCDQGWTYNALMIRHSKV encoding is done for multiclass task with:
	-custom
		-f1: 0.434498731780306
		-auroc: 0.7886278093992717
	-resnet
		-f1: 0.39070402389484965
		-auroc: 0.7338646406245193
2026-06-08 00:31:14 - __main__ - INFO - Input matrix with EFPCDQGWTYNALMIRHSKV encoding is removed.

2026-06-08 00:31:19 - __main__ - INFO - Input matrix with QLVKYPGHETIFWNRAMSCD encoding is generated.
2026-06-08 00:33:08 - __main__ - INFO - QLVKYPGHETIFWNRAMSCD encoding is done for multiclass task with:
	-custom
		-f1: 0.41621407476300937
		-auroc: 0.7841847461627937
	-resnet
		-f1: 0.3549327242910226
		-auroc: 0.7412073433072573
2026-06-08 00:33:08 - __main__ - INFO - Input matrix with QLVKYPGHETIFWNRAMSCD encoding is removed.

2026-06-08 00:33:13 - __main__ - INFO - Input matrix with PHCFWMGNAEIDSLQVTRYK encoding is generated.
2026-06-08 00:35:01 - __main__ - INFO - PHCFWMGNAEIDSLQVTRYK encoding is done for multiclass task with:
	-custom
		-f1: 0.42560174144604995
		-auroc: 0.7950932928165582
	-resnet
		-f1: 0.4110369486474875
		-auroc: 0.7372189984174329
2026-06-08 00:35:01 - __main__ - INFO - Input matrix with PHCFWMGNAEIDSLQVTRYK encoding is removed.

2026-06-08 00:35:07 - __main__ - INFO - Input matrix with HRQGSKELIPAFYCDVWNTM encoding is generated.
2026-06-08 00:36:55 - __main__ - INFO - HRQGSKELIPAFYCDVWNTM encoding is done for multiclass task with:
	-custom
		-f1: 0.429764822627685
		-auroc: 0.7882253132532611
	-resnet
		-f1: 0.40136825211782545
		-auroc: 0.7449177749589082
2026-06-08 00:36:55 - __main__ - INFO - Input matrix with HRQGSKELIPAFYCDVWNTM encoding is removed.

2026-06-08 00:37:00 - __main__ - INFO - Input matrix with STFCLGNQEWAIDRVMPHYK encoding is generated.
2026-06-08 00:38:52 - __main__ - INFO - STFCLGNQEWAIDRVMPHYK encoding is done for multiclass task with:
	-custom
		-f1: 0.4447847703234939
		-auroc: 0.7923610178874668
	-resnet
		-f1: 0.38700513966718353
		-auroc: 0.7207855441711942
2026-06-08 00:38:52 - __main__ - INFO - Input matrix with STFCLGNQEWAIDRVMPHYK encoding is removed.

2026-06-08 00:38:57 - __main__ - INFO - Input matrix with GPHQSLANRDYMWVCKEITF encoding is generated.
2026-06-08 00:40:44 - __main__ - INFO - GPHQSLANRDYMWVCKEITF encoding is done for multiclass task with:
	-custom
		-f1: 0.41400436536487784
		-auroc: 0.7919905767682136
	-resnet
		-f1: 0.4053627141150617
		-auroc: 0.7388581648662031
2026-06-08 00:40:44 - __main__ - INFO - Input matrix with GPHQSLANRDYMWVCKEITF encoding is removed.

2026-06-08 00:40:49 - __main__ - INFO - Input matrix with DQIHWYSAMKRECNPGFTVL encoding is generated.
2026-06-08 00:42:38 - __main__ - INFO - DQIHWYSAMKRECNPGFTVL encoding is done for multiclass task with:
	-custom
		-f1: 0.41965528417647296
		-auroc: 0.8033911852468651
	-resnet
		-f1: 0.4255304916082583
		-auroc: 0.7336097107709335
2026-06-08 00:42:38 - __main__ - INFO - Input matrix with DQIHWYSAMKRECNPGFTVL encoding is removed.

2026-06-08 00:42:44 - __main__ - INFO - Input matrix with IMLSQCFEVTYRKDWHNAGP encoding is generated.
2026-06-08 00:44:33 - __main__ - INFO - IMLSQCFEVTYRKDWHNAGP encoding is done for multiclass task with:
	-custom
		-f1: 0.4469950977955994
		-auroc: 0.7944325666267853
	-resnet
		-f1: 0.40754556134881764
		-auroc: 0.7275265940654665
2026-06-08 00:44:33 - __main__ - INFO - Input matrix with IMLSQCFEVTYRKDWHNAGP encoding is removed.

2026-06-08 00:44:38 - __main__ - INFO - Input matrix with FCHIMERLNTYKPSDAQVWG encoding is generated.
2026-06-08 00:46:29 - __main__ - INFO - FCHIMERLNTYKPSDAQVWG encoding is done for multiclass task with:
	-custom
		-f1: 0.45450040196524366
		-auroc: 0.8008859256288587
	-resnet
		-f1: 0.4236901694897638
		-auroc: 0.7452925853491272
2026-06-08 00:46:29 - __main__ - INFO - Input matrix with FCHIMERLNTYKPSDAQVWG encoding is removed.

2026-06-08 00:46:34 - __main__ - INFO - Input matrix with LFIMDSAEQWRPGNHKYTVC encoding is generated.
2026-06-08 00:48:25 - __main__ - INFO - LFIMDSAEQWRPGNHKYTVC encoding is done for multiclass task with:
	-custom
		-f1: 0.40507246068763186
		-auroc: 0.792092079641059
	-resnet
		-f1: 0.42667894072200657
		-auroc: 0.7501183685290986
2026-06-08 00:48:25 - __main__ - INFO - Input matrix with LFIMDSAEQWRPGNHKYTVC encoding is removed.

2026-06-08 00:48:30 - __main__ - INFO - Input matrix with RPNVTFDMSKAECQGLWHIY encoding is generated.
2026-06-08 00:50:22 - __main__ - INFO - RPNVTFDMSKAECQGLWHIY encoding is done for multiclass task with:
	-custom
		-f1: 0.4279930433066689
		-auroc: 0.790254412211722
	-resnet
		-f1: 0.3170278686999535
		-auroc: 0.738789877565112
2026-06-08 00:50:22 - __main__ - INFO - Input matrix with RPNVTFDMSKAECQGLWHIY encoding is removed.

2026-06-08 00:50:27 - __main__ - INFO - Input matrix with ARSLNVDGTHPQWCEIMYKF encoding is generated.
2026-06-08 00:52:17 - __main__ - INFO - ARSLNVDGTHPQWCEIMYKF encoding is done for multiclass task with:
	-custom
		-f1: 0.4174885449326126
		-auroc: 0.7939934535159148
	-resnet
		-f1: 0.38025401255608887
		-auroc: 0.7170878158241557
2026-06-08 00:52:17 - __main__ - INFO - Input matrix with ARSLNVDGTHPQWCEIMYKF encoding is removed.

2026-06-08 00:52:23 - __main__ - INFO - Input matrix with QYPGFRNTMSECAIDLVKWH encoding is generated.
2026-06-08 00:54:13 - __main__ - INFO - QYPGFRNTMSECAIDLVKWH encoding is done for multiclass task with:
	-custom
		-f1: 0.4363199419086756
		-auroc: 0.7925650877484333
	-resnet
		-f1: 0.3849824708425376
		-auroc: 0.7049528970534501
2026-06-08 00:54:13 - __main__ - INFO - Input matrix with QYPGFRNTMSECAIDLVKWH encoding is removed.

2026-06-08 00:54:19 - __main__ - INFO - Input matrix with MIRCEYVLHFTAGDWSKPQN encoding is generated.
2026-06-08 00:56:10 - __main__ - INFO - MIRCEYVLHFTAGDWSKPQN encoding is done for multiclass task with:
	-custom
		-f1: 0.4355084990907211
		-auroc: 0.7925388951118612
	-resnet
		-f1: 0.42772699722133734
		-auroc: 0.7346439398668726
2026-06-08 00:56:10 - __main__ - INFO - Input matrix with MIRCEYVLHFTAGDWSKPQN encoding is removed.

2026-06-08 00:56:16 - __main__ - INFO - Input matrix with HTQKLSYRGVFAENIWDMCP encoding is generated.
2026-06-08 00:58:06 - __main__ - INFO - HTQKLSYRGVFAENIWDMCP encoding is done for multiclass task with:
	-custom
		-f1: 0.4388270359780658
		-auroc: 0.7975979256504416
	-resnet
		-f1: 0.35046121109288336
		-auroc: 0.7267782888735836
2026-06-08 00:58:06 - __main__ - INFO - Input matrix with HTQKLSYRGVFAENIWDMCP encoding is removed.

2026-06-08 00:58:11 - __main__ - INFO - Input matrix with QYWEPSMLTHDNVKFARCIG encoding is generated.
2026-06-08 00:59:58 - __main__ - INFO - QYWEPSMLTHDNVKFARCIG encoding is done for multiclass task with:
	-custom
		-f1: 0.42750721493329297
		-auroc: 0.79426087055095
	-resnet
		-f1: 0.3764630338600907
		-auroc: 0.7424781513749424
2026-06-08 00:59:58 - __main__ - INFO - Input matrix with QYWEPSMLTHDNVKFARCIG encoding is removed.

2026-06-08 01:00:03 - __main__ - INFO - Input matrix with RVEAYIPFCWMHLGKTSQDN encoding is generated.
2026-06-08 01:01:57 - __main__ - INFO - RVEAYIPFCWMHLGKTSQDN encoding is done for multiclass task with:
	-custom
		-f1: 0.421329606851322
		-auroc: 0.797997975078063
	-resnet
		-f1: 0.3552146605283713
		-auroc: 0.7179789830347002
2026-06-08 01:01:57 - __main__ - INFO - Input matrix with RVEAYIPFCWMHLGKTSQDN encoding is removed.

2026-06-08 01:02:02 - __main__ - INFO - Input matrix with TERQIPSNYDMHKLWGVAFC encoding is generated.
2026-06-08 01:03:52 - __main__ - INFO - TERQIPSNYDMHKLWGVAFC encoding is done for multiclass task with:
	-custom
		-f1: 0.44057767951114785
		-auroc: 0.7870948423338442
	-resnet
		-f1: 0.35765924429306956
		-auroc: 0.7361451272379285
2026-06-08 01:03:52 - __main__ - INFO - Input matrix with TERQIPSNYDMHKLWGVAFC encoding is removed.

2026-06-08 01:03:57 - __main__ - INFO - Input matrix with PMWRACETYIGFKNVSHLQD encoding is generated.
2026-06-08 01:05:46 - __main__ - INFO - PMWRACETYIGFKNVSHLQD encoding is done for multiclass task with:
	-custom
		-f1: 0.4376021132972939
		-auroc: 0.7986770991924578
	-resnet
		-f1: 0.42139171876753884
		-auroc: 0.7456232846229209
2026-06-08 01:05:46 - __main__ - INFO - Input matrix with PMWRACETYIGFKNVSHLQD encoding is removed.

2026-06-08 01:05:51 - __main__ - INFO - Input matrix with KFPYNDRQSAHLMIWCGTEV encoding is generated.
2026-06-08 01:07:41 - __main__ - INFO - KFPYNDRQSAHLMIWCGTEV encoding is done for multiclass task with:
	-custom
		-f1: 0.44293126615844536
		-auroc: 0.80612769239891
	-resnet
		-f1: 0.2926243280214088
		-auroc: 0.6801904099458502
2026-06-08 01:07:41 - __main__ - INFO - Input matrix with KFPYNDRQSAHLMIWCGTEV encoding is removed.

2026-06-08 01:07:47 - __main__ - INFO - Input matrix with HVWNMSYTDGLIEAPCRFQK encoding is generated.
2026-06-08 01:09:36 - __main__ - INFO - HVWNMSYTDGLIEAPCRFQK encoding is done for multiclass task with:
	-custom
		-f1: 0.47426110634643653
		-auroc: 0.8067944415321353
	-resnet
		-f1: 0.3976866262284472
		-auroc: 0.7500725525313052
2026-06-08 01:09:36 - __main__ - INFO - Input matrix with HVWNMSYTDGLIEAPCRFQK encoding is removed.

2026-06-08 01:09:41 - __main__ - INFO - Input matrix with VELFITAWYHSKQCNRDMGP encoding is generated.
2026-06-08 01:11:33 - __main__ - INFO - VELFITAWYHSKQCNRDMGP encoding is done for multiclass task with:
	-custom
		-f1: 0.42699879471722124
		-auroc: 0.7929114970773609
	-resnet
		-f1: 0.3902798174949576
		-auroc: 0.7449910469278567
2026-06-08 01:11:33 - __main__ - INFO - Input matrix with VELFITAWYHSKQCNRDMGP encoding is removed.

2026-06-08 01:11:39 - __main__ - INFO - Input matrix with KALMEWQDCRNYITVPGSFH encoding is generated.
2026-06-08 01:13:29 - __main__ - INFO - KALMEWQDCRNYITVPGSFH encoding is done for multiclass task with:
	-custom
		-f1: 0.4249782152853515
		-auroc: 0.802193307891352
	-resnet
		-f1: 0.36551161060460674
		-auroc: 0.7311875089696788
2026-06-08 01:13:29 - __main__ - INFO - Input matrix with KALMEWQDCRNYITVPGSFH encoding is removed.

2026-06-08 01:13:35 - __main__ - INFO - Input matrix with CWHSEGMIQDYFNPTRVALK encoding is generated.
2026-06-08 01:15:26 - __main__ - INFO - CWHSEGMIQDYFNPTRVALK encoding is done for multiclass task with:
	-custom
		-f1: 0.4281861303738855
		-auroc: 0.788092939891264
	-resnet
		-f1: 0.41745215936269175
		-auroc: 0.7319105174288746
2026-06-08 01:15:26 - __main__ - INFO - Input matrix with CWHSEGMIQDYFNPTRVALK encoding is removed.

2026-06-08 01:15:32 - __main__ - INFO - Input matrix with CKARHDINYVLSETFGWQPM encoding is generated.
2026-06-08 01:17:24 - __main__ - INFO - CKARHDINYVLSETFGWQPM encoding is done for multiclass task with:
	-custom
		-f1: 0.42203055683162444
		-auroc: 0.7997444562465562
	-resnet
		-f1: 0.3923591669597291
		-auroc: 0.7457708235361068
2026-06-08 01:17:24 - __main__ - INFO - Input matrix with CKARHDINYVLSETFGWQPM encoding is removed.

2026-06-08 01:17:29 - __main__ - INFO - Input matrix with QLHMIWRTASYCNKVEGPFD encoding is generated.
2026-06-08 01:19:20 - __main__ - INFO - QLHMIWRTASYCNKVEGPFD encoding is done for multiclass task with:
	-custom
		-f1: 0.41782445443150895
		-auroc: 0.8088236689134028
	-resnet
		-f1: 0.37576073687716816
		-auroc: 0.7089137033594268
2026-06-08 01:19:20 - __main__ - INFO - Input matrix with QLHMIWRTASYCNKVEGPFD encoding is removed.

2026-06-08 01:19:25 - __main__ - INFO - Input matrix with NMKIGWLVCDQTAEYPHRFS encoding is generated.
2026-06-08 01:21:17 - __main__ - INFO - NMKIGWLVCDQTAEYPHRFS encoding is done for multiclass task with:
	-custom
		-f1: 0.429997604059105
		-auroc: 0.796936274552895
	-resnet
		-f1: 0.41857443996002786
		-auroc: 0.7517091523223047
2026-06-08 01:21:17 - __main__ - INFO - Input matrix with NMKIGWLVCDQTAEYPHRFS encoding is removed.

2026-06-08 01:21:22 - __main__ - INFO - Input matrix with RCGLTPYISHFDWKENAQMV encoding is generated.
2026-06-08 01:23:14 - __main__ - INFO - RCGLTPYISHFDWKENAQMV encoding is done for multiclass task with:
	-custom
		-f1: 0.43584581652005827
		-auroc: 0.797270269763896
	-resnet
		-f1: 0.4182659925770915
		-auroc: 0.742591472214701
2026-06-08 01:23:14 - __main__ - INFO - Input matrix with RCGLTPYISHFDWKENAQMV encoding is removed.

2026-06-08 01:23:19 - __main__ - INFO - Input matrix with NFPSVIYQALCDKWRMGTHE encoding is generated.
2026-06-08 01:25:08 - __main__ - INFO - NFPSVIYQALCDKWRMGTHE encoding is done for multiclass task with:
	-custom
		-f1: 0.44770961584670416
		-auroc: 0.798552375362115
	-resnet
		-f1: 0.3795642526695905
		-auroc: 0.7287244915813169
2026-06-08 01:25:08 - __main__ - INFO - Input matrix with NFPSVIYQALCDKWRMGTHE encoding is removed.

2026-06-08 01:25:13 - __main__ - INFO - Input matrix with AKIMCYGQNSRTPEWVLDHF encoding is generated.
2026-06-08 01:27:03 - __main__ - INFO - AKIMCYGQNSRTPEWVLDHF encoding is done for multiclass task with:
	-custom
		-f1: 0.41302213641070135
		-auroc: 0.7888414414412747
	-resnet
		-f1: 0.39680751701187245
		-auroc: 0.7264961719214931
2026-06-08 01:27:03 - __main__ - INFO - Input matrix with AKIMCYGQNSRTPEWVLDHF encoding is removed.

2026-06-08 01:27:09 - __main__ - INFO - Input matrix with PSQNVFAHKMIDWERLTGCY encoding is generated.
2026-06-08 01:29:01 - __main__ - INFO - PSQNVFAHKMIDWERLTGCY encoding is done for multiclass task with:
	-custom
		-f1: 0.4383348936100229
		-auroc: 0.7904971225919118
	-resnet
		-f1: 0.3788354259707689
		-auroc: 0.71360517788406
2026-06-08 01:29:01 - __main__ - INFO - Input matrix with PSQNVFAHKMIDWERLTGCY encoding is removed.

2026-06-08 01:29:06 - __main__ - INFO - Input matrix with RHYDVTECWSPFIAKQNGLM encoding is generated.
2026-06-08 01:30:55 - __main__ - INFO - RHYDVTECWSPFIAKQNGLM encoding is done for multiclass task with:
	-custom
		-f1: 0.4462671107405643
		-auroc: 0.794898706880945
	-resnet
		-f1: 0.3542447338052886
		-auroc: 0.725081265197916
2026-06-08 01:30:55 - __main__ - INFO - Input matrix with RHYDVTECWSPFIAKQNGLM encoding is removed.

2026-06-08 01:31:00 - __main__ - INFO - Input matrix with YHDTWICNLAQPSGKREMVF encoding is generated.
2026-06-08 01:32:49 - __main__ - INFO - YHDTWICNLAQPSGKREMVF encoding is done for multiclass task with:
	-custom
		-f1: 0.45685954794104433
		-auroc: 0.7902302436448867
	-resnet
		-f1: 0.3849742389977853
		-auroc: 0.72150045744049
2026-06-08 01:32:49 - __main__ - INFO - Input matrix with YHDTWICNLAQPSGKREMVF encoding is removed.

2026-06-08 01:32:55 - __main__ - INFO - Input matrix with FQKYIRGNMSEHTLVWCAPD encoding is generated.
2026-06-08 01:34:47 - __main__ - INFO - FQKYIRGNMSEHTLVWCAPD encoding is done for multiclass task with:
	-custom
		-f1: 0.4150887303208036
		-auroc: 0.7925122372861892
	-resnet
		-f1: 0.35552902826372046
		-auroc: 0.7292904797368057
2026-06-08 01:34:47 - __main__ - INFO - Input matrix with FQKYIRGNMSEHTLVWCAPD encoding is removed.

2026-06-08 01:34:53 - __main__ - INFO - Input matrix with NVLICPKQGFMSATHWDYRE encoding is generated.
2026-06-08 01:36:44 - __main__ - INFO - NVLICPKQGFMSATHWDYRE encoding is done for multiclass task with:
	-custom
		-f1: 0.4109174970767282
		-auroc: 0.7892957301107322
	-resnet
		-f1: 0.37491293469321857
		-auroc: 0.7268378679136728
2026-06-08 01:36:44 - __main__ - INFO - Input matrix with NVLICPKQGFMSATHWDYRE encoding is removed.

2026-06-08 01:36:50 - __main__ - INFO - Input matrix with SDFCYMLEITVHGAWNQPKR encoding is generated.
2026-06-08 01:38:39 - __main__ - INFO - SDFCYMLEITVHGAWNQPKR encoding is done for multiclass task with:
	-custom
		-f1: 0.4362806603881295
		-auroc: 0.7888179468265053
	-resnet
		-f1: 0.3546164774942949
		-auroc: 0.6982711241470726
2026-06-08 01:38:39 - __main__ - INFO - Input matrix with SDFCYMLEITVHGAWNQPKR encoding is removed.

2026-06-08 01:38:45 - __main__ - INFO - Input matrix with MTLGKRFWCHPDQENVYSIA encoding is generated.
2026-06-08 01:40:38 - __main__ - INFO - MTLGKRFWCHPDQENVYSIA encoding is done for multiclass task with:
	-custom
		-f1: 0.3906295252410622
		-auroc: 0.7825459495148775
	-resnet
		-f1: 0.4239650009639001
		-auroc: 0.7432416262650985
2026-06-08 01:40:38 - __main__ - INFO - Input matrix with MTLGKRFWCHPDQENVYSIA encoding is removed.

2026-06-08 01:40:43 - __main__ - INFO - Input matrix with EALFNTCWRVKPSYGQDIMH encoding is generated.
2026-06-08 01:42:34 - __main__ - INFO - EALFNTCWRVKPSYGQDIMH encoding is done for multiclass task with:
	-custom
		-f1: 0.42237660933050314
		-auroc: 0.7987113725450568
	-resnet
		-f1: 0.4087620225381853
		-auroc: 0.7405119577244019
2026-06-08 01:42:34 - __main__ - INFO - Input matrix with EALFNTCWRVKPSYGQDIMH encoding is removed.

2026-06-08 01:42:39 - __main__ - INFO - Input matrix with RPNCEAVGDWKMLTFQYHSI encoding is generated.
2026-06-08 01:44:28 - __main__ - INFO - RPNCEAVGDWKMLTFQYHSI encoding is done for multiclass task with:
	-custom
		-f1: 0.4394786463139675
		-auroc: 0.7975550482157853
	-resnet
		-f1: 0.4226992832052507
		-auroc: 0.7150066560388826
2026-06-08 01:44:28 - __main__ - INFO - Input matrix with RPNCEAVGDWKMLTFQYHSI encoding is removed.

2026-06-08 01:44:34 - __main__ - INFO - Input matrix with NVECTFYWIQAKMHPDRLGS encoding is generated.
2026-06-08 01:46:25 - __main__ - INFO - NVECTFYWIQAKMHPDRLGS encoding is done for multiclass task with:
	-custom
		-f1: 0.44168499586096266
		-auroc: 0.7934645154431481
	-resnet
		-f1: 0.4086479042264248
		-auroc: 0.7420417402192943
2026-06-08 01:46:25 - __main__ - INFO - Input matrix with NVECTFYWIQAKMHPDRLGS encoding is removed.

2026-06-08 01:46:30 - __main__ - INFO - Input matrix with MYNIRDHQAGETKCSFPVLW encoding is generated.
2026-06-08 01:48:20 - __main__ - INFO - MYNIRDHQAGETKCSFPVLW encoding is done for multiclass task with:
	-custom
		-f1: 0.43708171521972305
		-auroc: 0.8027944516942302
	-resnet
		-f1: 0.36837915833958396
		-auroc: 0.7250048644019694
2026-06-08 01:48:20 - __main__ - INFO - Input matrix with MYNIRDHQAGETKCSFPVLW encoding is removed.

2026-06-08 01:48:26 - __main__ - INFO - Input matrix with AGCEWIQVYMSTLPHFKNRD encoding is generated.
2026-06-08 01:50:15 - __main__ - INFO - AGCEWIQVYMSTLPHFKNRD encoding is done for multiclass task with:
	-custom
		-f1: 0.4370548255794269
		-auroc: 0.8022813501703645
	-resnet
		-f1: 0.3621725889420252
		-auroc: 0.7257902207525577
2026-06-08 01:50:15 - __main__ - INFO - Input matrix with AGCEWIQVYMSTLPHFKNRD encoding is removed.

2026-06-08 01:50:21 - __main__ - INFO - Input matrix with NTDCQGEWLKVIPYAFSRMH encoding is generated.
2026-06-08 01:52:08 - __main__ - INFO - NTDCQGEWLKVIPYAFSRMH encoding is done for multiclass task with:
	-custom
		-f1: 0.4459789438443068
		-auroc: 0.7962323974809357
	-resnet
		-f1: 0.36101087686536604
		-auroc: 0.7396060178219279
2026-06-08 01:52:08 - __main__ - INFO - Input matrix with NTDCQGEWLKVIPYAFSRMH encoding is removed.

2026-06-08 01:52:13 - __main__ - INFO - Input matrix with IDYACSFPKHNGRLQVEWTM encoding is generated.
2026-06-08 01:54:00 - __main__ - INFO - IDYACSFPKHNGRLQVEWTM encoding is done for multiclass task with:
	-custom
		-f1: 0.4638862203289026
		-auroc: 0.7972325022610767
	-resnet
		-f1: 0.4048572396605435
		-auroc: 0.7382943904745811
2026-06-08 01:54:00 - __main__ - INFO - Input matrix with IDYACSFPKHNGRLQVEWTM encoding is removed.

2026-06-08 01:54:05 - __main__ - INFO - Input matrix with QCYFDAPEGHNMVKRISTWL encoding is generated.
2026-06-08 01:55:56 - __main__ - INFO - QCYFDAPEGHNMVKRISTWL encoding is done for multiclass task with:
	-custom
		-f1: 0.443796583412399
		-auroc: 0.7966984648729672
	-resnet
		-f1: 0.32973242969913585
		-auroc: 0.7040541184159005
2026-06-08 01:55:56 - __main__ - INFO - Input matrix with QCYFDAPEGHNMVKRISTWL encoding is removed.

2026-06-08 01:56:02 - __main__ - INFO - Input matrix with RTDECPKSNIGAVQMWYHFL encoding is generated.
2026-06-08 01:57:51 - __main__ - INFO - RTDECPKSNIGAVQMWYHFL encoding is done for multiclass task with:
	-custom
		-f1: 0.444159624765578
		-auroc: 0.7867626521759412
	-resnet
		-f1: 0.3768113149147632
		-auroc: 0.7332599011500689
2026-06-08 01:57:51 - __main__ - INFO - Input matrix with RTDECPKSNIGAVQMWYHFL encoding is removed.

2026-06-08 01:57:57 - __main__ - INFO - Input matrix with EDTLHIQYGNKPRSVWMCFA encoding is generated.
2026-06-08 01:59:46 - __main__ - INFO - EDTLHIQYGNKPRSVWMCFA encoding is done for multiclass task with:
	-custom
		-f1: 0.46494996902354446
		-auroc: 0.8052890891682771
	-resnet
		-f1: 0.37306474373188714
		-auroc: 0.7352398205494065
2026-06-08 01:59:46 - __main__ - INFO - Input matrix with EDTLHIQYGNKPRSVWMCFA encoding is removed.

2026-06-08 01:59:52 - __main__ - INFO - Input matrix with ERPLTGQKYSFWHVCDAINM encoding is generated.
2026-06-08 02:01:44 - __main__ - INFO - ERPLTGQKYSFWHVCDAINM encoding is done for multiclass task with:
	-custom
		-f1: 0.41801399592420524
		-auroc: 0.793692017519001
	-resnet
		-f1: 0.43667573248372377
		-auroc: 0.7404400871300578
2026-06-08 02:01:44 - __main__ - INFO - Input matrix with ERPLTGQKYSFWHVCDAINM encoding is removed.

2026-06-08 02:01:50 - __main__ - INFO - Input matrix with TLHMNVWDARYFCIGSKEPQ encoding is generated.
2026-06-08 02:03:42 - __main__ - INFO - TLHMNVWDARYFCIGSKEPQ encoding is done for multiclass task with:
	-custom
		-f1: 0.4271148037663736
		-auroc: 0.7956383678600069
	-resnet
		-f1: 0.3565486279430218
		-auroc: 0.694928050716087
2026-06-08 02:03:42 - __main__ - INFO - Input matrix with TLHMNVWDARYFCIGSKEPQ encoding is removed.

2026-06-08 02:03:47 - __main__ - INFO - Input matrix with PNHVQSCAKDTMEIFLGRYW encoding is generated.
2026-06-08 02:05:34 - __main__ - INFO - PNHVQSCAKDTMEIFLGRYW encoding is done for multiclass task with:
	-custom
		-f1: 0.40148607879982423
		-auroc: 0.7941273369377743
	-resnet
		-f1: 0.375435395855626
		-auroc: 0.7188933343027071
2026-06-08 02:05:34 - __main__ - INFO - Input matrix with PNHVQSCAKDTMEIFLGRYW encoding is removed.

2026-06-08 02:05:39 - __main__ - INFO - Input matrix with WDSIGHLATVQNKFEMPCRY encoding is generated.
2026-06-08 02:07:27 - __main__ - INFO - WDSIGHLATVQNKFEMPCRY encoding is done for multiclass task with:
	-custom
		-f1: 0.39895155622427775
		-auroc: 0.7924418417123938
	-resnet
		-f1: 0.40864322223944144
		-auroc: 0.7279352171188835
2026-06-08 02:07:27 - __main__ - INFO - Input matrix with WDSIGHLATVQNKFEMPCRY encoding is removed.

2026-06-08 02:07:32 - __main__ - INFO - Input matrix with RAEKFIPDSMLQNVHGCWYT encoding is generated.
2026-06-08 02:09:19 - __main__ - INFO - RAEKFIPDSMLQNVHGCWYT encoding is done for multiclass task with:
	-custom
		-f1: 0.4049678321919513
		-auroc: 0.79884379179459
	-resnet
		-f1: 0.39820263590830457
		-auroc: 0.7342737851293579
2026-06-08 02:09:19 - __main__ - INFO - Input matrix with RAEKFIPDSMLQNVHGCWYT encoding is removed.

2026-06-08 02:09:25 - __main__ - INFO - Input matrix with SHVTFRNIDYCQMAPKELWG encoding is generated.
2026-06-08 02:11:15 - __main__ - INFO - SHVTFRNIDYCQMAPKELWG encoding is done for multiclass task with:
	-custom
		-f1: 0.4196069650871025
		-auroc: 0.7926238362058043
	-resnet
		-f1: 0.4182652773912917
		-auroc: 0.7416286807782881
2026-06-08 02:11:15 - __main__ - INFO - Input matrix with SHVTFRNIDYCQMAPKELWG encoding is removed.

2026-06-08 02:11:21 - __main__ - INFO - Input matrix with AQVEINLCFMGYPRHTSKDW encoding is generated.
2026-06-08 02:13:11 - __main__ - INFO - AQVEINLCFMGYPRHTSKDW encoding is done for multiclass task with:
	-custom
		-f1: 0.3773664234413955
		-auroc: 0.7942490229084515
	-resnet
		-f1: 0.3711822380875424
		-auroc: 0.7492777159841809
2026-06-08 02:13:11 - __main__ - INFO - Input matrix with AQVEINLCFMGYPRHTSKDW encoding is removed.

2026-06-08 02:13:17 - __main__ - INFO - Input matrix with RNKSPMDGYICFVHLEAQTW encoding is generated.
2026-06-08 02:15:08 - __main__ - INFO - RNKSPMDGYICFVHLEAQTW encoding is done for multiclass task with:
	-custom
		-f1: 0.3959950608792901
		-auroc: 0.7906864442754385
	-resnet
		-f1: 0.39868152554355535
		-auroc: 0.726592090147103
2026-06-08 02:15:08 - __main__ - INFO - Input matrix with RNKSPMDGYICFVHLEAQTW encoding is removed.

2026-06-08 02:15:14 - __main__ - INFO - Input matrix with FCSDNRHWGVIKEMPATLQY encoding is generated.
2026-06-08 02:17:05 - __main__ - INFO - FCSDNRHWGVIKEMPATLQY encoding is done for multiclass task with:
	-custom
		-f1: 0.4480846655209126
		-auroc: 0.8011149881900959
	-resnet
		-f1: 0.39138407922728646
		-auroc: 0.7146984125874529
2026-06-08 02:17:05 - __main__ - INFO - Input matrix with FCSDNRHWGVIKEMPATLQY encoding is removed.

2026-06-08 02:17:11 - __main__ - INFO - Input matrix with GVLADYRECPSIQNKTWHMF encoding is generated.
2026-06-08 02:18:59 - __main__ - INFO - GVLADYRECPSIQNKTWHMF encoding is done for multiclass task with:
	-custom
		-f1: 0.4485883386593314
		-auroc: 0.786212708026059
	-resnet
		-f1: 0.36744980112627174
		-auroc: 0.7074648955659117
2026-06-08 02:18:59 - __main__ - INFO - Input matrix with GVLADYRECPSIQNKTWHMF encoding is removed.

2026-06-08 02:19:05 - __main__ - INFO - Input matrix with KMGAEISPCWFTLVQNRDYH encoding is generated.
2026-06-08 02:20:55 - __main__ - INFO - KMGAEISPCWFTLVQNRDYH encoding is done for multiclass task with:
	-custom
		-f1: 0.4280666584649153
		-auroc: 0.7934187985733953
	-resnet
		-f1: 0.43034021484027923
		-auroc: 0.7509211991792692
2026-06-08 02:20:55 - __main__ - INFO - Input matrix with KMGAEISPCWFTLVQNRDYH encoding is removed.

2026-06-08 02:21:00 - __main__ - INFO - Input matrix with CHWAKQYEIRLMDGSNTFPV encoding is generated.
2026-06-08 02:22:52 - __main__ - INFO - CHWAKQYEIRLMDGSNTFPV encoding is done for multiclass task with:
	-custom
		-f1: 0.4229172902218473
		-auroc: 0.7960880463319574
	-resnet
		-f1: 0.4004436280664277
		-auroc: 0.759755231155124
2026-06-08 02:22:52 - __main__ - INFO - Input matrix with CHWAKQYEIRLMDGSNTFPV encoding is removed.

2026-06-08 02:22:57 - __main__ - INFO - Input matrix with NPVTEWIRKHLADYGCSQMF encoding is generated.
2026-06-08 02:24:47 - __main__ - INFO - NPVTEWIRKHLADYGCSQMF encoding is done for multiclass task with:
	-custom
		-f1: 0.43237660512593135
		-auroc: 0.7968087948877993
	-resnet
		-f1: 0.41691904545863706
		-auroc: 0.7313462082983876
2026-06-08 02:24:47 - __main__ - INFO - Input matrix with NPVTEWIRKHLADYGCSQMF encoding is removed.

2026-06-08 02:24:53 - __main__ - INFO - Input matrix with TKLFQEMWVSHPGDRNYCAI encoding is generated.
2026-06-08 02:26:44 - __main__ - INFO - TKLFQEMWVSHPGDRNYCAI encoding is done for multiclass task with:
	-custom
		-f1: 0.41740852254228045
		-auroc: 0.7911633782168975
	-resnet
		-f1: 0.3306671696003599
		-auroc: 0.7459573101641264
2026-06-08 02:26:44 - __main__ - INFO - Input matrix with TKLFQEMWVSHPGDRNYCAI encoding is removed.

2026-06-08 02:26:49 - __main__ - INFO - Input matrix with KTNEFQIMLRGWHAVCDPYS encoding is generated.
2026-06-08 02:28:41 - __main__ - INFO - KTNEFQIMLRGWHAVCDPYS encoding is done for multiclass task with:
	-custom
		-f1: 0.4366243888566827
		-auroc: 0.7909296730865222
	-resnet
		-f1: 0.36569244922181243
		-auroc: 0.713415995293423
2026-06-08 02:28:41 - __main__ - INFO - Input matrix with KTNEFQIMLRGWHAVCDPYS encoding is removed.

2026-06-08 02:28:46 - __main__ - INFO - Input matrix with SGLQVTEFRDCANPKYMHIW encoding is generated.
2026-06-08 02:30:37 - __main__ - INFO - SGLQVTEFRDCANPKYMHIW encoding is done for multiclass task with:
	-custom
		-f1: 0.4365405421945293
		-auroc: 0.7894965972688224
	-resnet
		-f1: 0.35758020876909463
		-auroc: 0.7149741956401632
2026-06-08 02:30:37 - __main__ - INFO - Input matrix with SGLQVTEFRDCANPKYMHIW encoding is removed.

2026-06-08 02:30:43 - __main__ - INFO - Input matrix with MWRNTIVYDFKEQSLHPGCA encoding is generated.
2026-06-08 02:32:30 - __main__ - INFO - MWRNTIVYDFKEQSLHPGCA encoding is done for multiclass task with:
	-custom
		-f1: 0.422099429265947
		-auroc: 0.7994156246168425
	-resnet
		-f1: 0.39381993166141965
		-auroc: 0.744815078537054
2026-06-08 02:32:30 - __main__ - INFO - Input matrix with MWRNTIVYDFKEQSLHPGCA encoding is removed.

2026-06-08 02:32:35 - __main__ - INFO - Input matrix with NQPGRTVAFMSHKEIWYLCD encoding is generated.
2026-06-08 02:34:23 - __main__ - INFO - NQPGRTVAFMSHKEIWYLCD encoding is done for multiclass task with:
	-custom
		-f1: 0.42905803124453745
		-auroc: 0.79292344047012
	-resnet
		-f1: 0.40209157971764986
		-auroc: 0.7318755409392271
2026-06-08 02:34:23 - __main__ - INFO - Input matrix with NQPGRTVAFMSHKEIWYLCD encoding is removed.

2026-06-08 02:34:29 - __main__ - INFO - Input matrix with MNKVRHQWLYDIESFTPGAC encoding is generated.
2026-06-08 02:36:19 - __main__ - INFO - MNKVRHQWLYDIESFTPGAC encoding is done for multiclass task with:
	-custom
		-f1: 0.4578091021377384
		-auroc: 0.7874637178935868
	-resnet
		-f1: 0.3858861686070167
		-auroc: 0.750492937328347
2026-06-08 02:36:19 - __main__ - INFO - Input matrix with MNKVRHQWLYDIESFTPGAC encoding is removed.

2026-06-08 02:36:24 - __main__ - INFO - Input matrix with SNGIWMVPHYECRDLTQAFK encoding is generated.
2026-06-08 02:38:16 - __main__ - INFO - SNGIWMVPHYECRDLTQAFK encoding is done for multiclass task with:
	-custom
		-f1: 0.4688516906279541
		-auroc: 0.7992015234977844
	-resnet
		-f1: 0.39015647948608845
		-auroc: 0.7314452800486692
2026-06-08 02:38:16 - __main__ - INFO - Input matrix with SNGIWMVPHYECRDLTQAFK encoding is removed.

2026-06-08 02:38:21 - __main__ - INFO - Input matrix with VYHRTWGLIDSFQNCKEPMA encoding is generated.
2026-06-08 02:40:12 - __main__ - INFO - VYHRTWGLIDSFQNCKEPMA encoding is done for multiclass task with:
	-custom
		-f1: 0.43223618541021985
		-auroc: 0.7993933439740099
	-resnet
		-f1: 0.40883908835762217
		-auroc: 0.756602968911522
2026-06-08 02:40:12 - __main__ - INFO - Input matrix with VYHRTWGLIDSFQNCKEPMA encoding is removed.

2026-06-08 02:40:17 - __main__ - INFO - Input matrix with NMYGILEWSAHCQVKFRDTP encoding is generated.
2026-06-08 02:42:09 - __main__ - INFO - NMYGILEWSAHCQVKFRDTP encoding is done for multiclass task with:
	-custom
		-f1: 0.41905758283019534
		-auroc: 0.7943810471843865
	-resnet
		-f1: 0.33198383570862255
		-auroc: 0.7021142027813588
2026-06-08 02:42:09 - __main__ - INFO - Input matrix with NMYGILEWSAHCQVKFRDTP encoding is removed.

2026-06-08 02:42:15 - __main__ - INFO - Input matrix with DLISANTMPFKECVWQGYHR encoding is generated.
2026-06-08 02:44:06 - __main__ - INFO - DLISANTMPFKECVWQGYHR encoding is done for multiclass task with:
	-custom
		-f1: 0.43412757439635613
		-auroc: 0.7999917705494987
	-resnet
		-f1: 0.42316285407594806
		-auroc: 0.7546202568281168
2026-06-08 02:44:06 - __main__ - INFO - Input matrix with DLISANTMPFKECVWQGYHR encoding is removed.

2026-06-08 02:44:12 - __main__ - INFO - Input matrix with FYPWTDSHKERLGVMNACIQ encoding is generated.
2026-06-08 02:46:04 - __main__ - INFO - FYPWTDSHKERLGVMNACIQ encoding is done for multiclass task with:
	-custom
		-f1: 0.43186393871358175
		-auroc: 0.7875348993811626
	-resnet
		-f1: 0.40197830929226647
		-auroc: 0.7352606851734369
2026-06-08 02:46:04 - __main__ - INFO - Input matrix with FYPWTDSHKERLGVMNACIQ encoding is removed.

2026-06-08 02:46:09 - __main__ - INFO - Input matrix with EWHGAQCTNYMVRFPISLDK encoding is generated.
2026-06-08 02:47:58 - __main__ - INFO - EWHGAQCTNYMVRFPISLDK encoding is done for multiclass task with:
	-custom
		-f1: 0.45014181507922163
		-auroc: 0.7980241601404453
	-resnet
		-f1: 0.41004103340407194
		-auroc: 0.71380334098547
2026-06-08 02:47:58 - __main__ - INFO - Input matrix with EWHGAQCTNYMVRFPISLDK encoding is removed.

2026-06-08 02:48:03 - __main__ - INFO - Input matrix with TMSRGIALNPYCEFDWVQKH encoding is generated.
2026-06-08 02:49:56 - __main__ - INFO - TMSRGIALNPYCEFDWVQKH encoding is done for multiclass task with:
	-custom
		-f1: 0.44167655457409094
		-auroc: 0.7893125322283487
	-resnet
		-f1: 0.4176481036888551
		-auroc: 0.7348445149763305
2026-06-08 02:49:56 - __main__ - INFO - Input matrix with TMSRGIALNPYCEFDWVQKH encoding is removed.

2026-06-08 02:50:01 - __main__ - INFO - Input matrix with CGWDRSIPMVFQAHYLETKN encoding is generated.
2026-06-08 02:51:50 - __main__ - INFO - CGWDRSIPMVFQAHYLETKN encoding is done for multiclass task with:
	-custom
		-f1: 0.4638530381441851
		-auroc: 0.8013206328872318
	-resnet
		-f1: 0.38483195696175804
		-auroc: 0.7271702179424013
2026-06-08 02:51:50 - __main__ - INFO - Input matrix with CGWDRSIPMVFQAHYLETKN encoding is removed.

2026-06-08 02:51:55 - __main__ - INFO - Input matrix with GWLIVSTEPNYADQHFMRKC encoding is generated.
2026-06-08 02:53:46 - __main__ - INFO - GWLIVSTEPNYADQHFMRKC encoding is done for multiclass task with:
	-custom
		-f1: 0.4482604167676122
		-auroc: 0.7941431327849398
	-resnet
		-f1: 0.41096953786638357
		-auroc: 0.7322904195997878
2026-06-08 02:53:46 - __main__ - INFO - Input matrix with GWLIVSTEPNYADQHFMRKC encoding is removed.

2026-06-08 02:53:52 - __main__ - INFO - Input matrix with YTQSFKHCMREWANVLPDIG encoding is generated.
2026-06-08 02:55:41 - __main__ - INFO - YTQSFKHCMREWANVLPDIG encoding is done for multiclass task with:
	-custom
		-f1: 0.4319133771911119
		-auroc: 0.7960744142223791
	-resnet
		-f1: 0.4191485553927869
		-auroc: 0.763409425974708
2026-06-08 02:55:41 - __main__ - INFO - Input matrix with YTQSFKHCMREWANVLPDIG encoding is removed.

2026-06-08 02:55:47 - __main__ - INFO - Input matrix with KRHSCWMTYEFDNGILVPQA encoding is generated.
2026-06-08 02:57:39 - __main__ - INFO - KRHSCWMTYEFDNGILVPQA encoding is done for multiclass task with:
	-custom
		-f1: 0.3972827324162339
		-auroc: 0.7935307963179481
	-resnet
		-f1: 0.3506154911111643
		-auroc: 0.7144987401695084
2026-06-08 02:57:39 - __main__ - INFO - Input matrix with KRHSCWMTYEFDNGILVPQA encoding is removed.

2026-06-08 02:57:44 - __main__ - INFO - Input matrix with HQDCLMPGINKTSVEWARYF encoding is generated.
2026-06-08 02:59:36 - __main__ - INFO - HQDCLMPGINKTSVEWARYF encoding is done for multiclass task with:
	-custom
		-f1: 0.4450641674192181
		-auroc: 0.7994616010980293
	-resnet
		-f1: 0.43240807984157426
		-auroc: 0.7430154350433498
2026-06-08 02:59:36 - __main__ - INFO - Input matrix with HQDCLMPGINKTSVEWARYF encoding is removed.

2026-06-08 02:59:42 - __main__ - INFO - Input matrix with PHNSAYVMTCKGDELFRQWI encoding is generated.
2026-06-08 03:01:34 - __main__ - INFO - PHNSAYVMTCKGDELFRQWI encoding is done for multiclass task with:
	-custom
		-f1: 0.42175401703357096
		-auroc: 0.7955589090628812
	-resnet
		-f1: 0.33170565160403476
		-auroc: 0.7190806205998295
2026-06-08 03:01:34 - __main__ - INFO - Input matrix with PHNSAYVMTCKGDELFRQWI encoding is removed.

2026-06-08 03:01:39 - __main__ - INFO - Input matrix with WTFNVDLCIRYAQPSMEKHG encoding is generated.
2026-06-08 03:03:32 - __main__ - INFO - WTFNVDLCIRYAQPSMEKHG encoding is done for multiclass task with:
	-custom
		-f1: 0.41480279754474514
		-auroc: 0.7910519405855958
	-resnet
		-f1: 0.37986842880821203
		-auroc: 0.7600169925304627
2026-06-08 03:03:32 - __main__ - INFO - Input matrix with WTFNVDLCIRYAQPSMEKHG encoding is removed.

2026-06-08 03:03:37 - __main__ - INFO - Input matrix with EMWLKIGQDYTRHAPNSVFC encoding is generated.
2026-06-08 03:05:28 - __main__ - INFO - EMWLKIGQDYTRHAPNSVFC encoding is done for multiclass task with:
	-custom
		-f1: 0.4479469147994533
		-auroc: 0.7950194380479646
	-resnet
		-f1: 0.3516807967532566
		-auroc: 0.7345126989064423
2026-06-08 03:05:28 - __main__ - INFO - Input matrix with EMWLKIGQDYTRHAPNSVFC encoding is removed.

2026-06-08 03:05:34 - __main__ - INFO - Input matrix with KHQPSEITFAGNDRMCWYLV encoding is generated.
2026-06-08 03:07:21 - __main__ - INFO - KHQPSEITFAGNDRMCWYLV encoding is done for multiclass task with:
	-custom
		-f1: 0.4445875291649773
		-auroc: 0.7977658739525311
	-resnet
		-f1: 0.4430628328152294
		-auroc: 0.7737610536349402
2026-06-08 03:07:21 - __main__ - INFO - Input matrix with KHQPSEITFAGNDRMCWYLV encoding is removed.

2026-06-08 03:07:27 - __main__ - INFO - Input matrix with RQFMIHNADLVGCYKWTEPS encoding is generated.
2026-06-08 03:09:17 - __main__ - INFO - RQFMIHNADLVGCYKWTEPS encoding is done for multiclass task with:
	-custom
		-f1: 0.42758753170225183
		-auroc: 0.7935300207653787
	-resnet
		-f1: 0.39369875172931196
		-auroc: 0.7408026321121459
2026-06-08 03:09:17 - __main__ - INFO - Input matrix with RQFMIHNADLVGCYKWTEPS encoding is removed.

2026-06-08 03:09:23 - __main__ - INFO - Input matrix with PRLVTEQDIMCSWAYKGFNH encoding is generated.
2026-06-08 03:11:10 - __main__ - INFO - PRLVTEQDIMCSWAYKGFNH encoding is done for multiclass task with:
	-custom
		-f1: 0.44691195345704404
		-auroc: 0.7975518335604969
	-resnet
		-f1: 0.40308581030102114
		-auroc: 0.7337998627514349
2026-06-08 03:11:10 - __main__ - INFO - Input matrix with PRLVTEQDIMCSWAYKGFNH encoding is removed.

2026-06-08 03:11:16 - __main__ - INFO - Input matrix with IMSDCPTQLENYFARHKGWV encoding is generated.
2026-06-08 03:13:06 - __main__ - INFO - IMSDCPTQLENYFARHKGWV encoding is done for multiclass task with:
	-custom
		-f1: 0.4535734349961647
		-auroc: 0.7969796759825335
	-resnet
		-f1: 0.3968767593521941
		-auroc: 0.7297514303423163
2026-06-08 03:13:06 - __main__ - INFO - Input matrix with IMSDCPTQLENYFARHKGWV encoding is removed.

2026-06-08 03:13:12 - __main__ - INFO - Input matrix with TVSMYALDRIWKFNGHEPQC encoding is generated.
2026-06-08 03:15:03 - __main__ - INFO - TVSMYALDRIWKFNGHEPQC encoding is done for multiclass task with:
	-custom
		-f1: 0.4264622430400918
		-auroc: 0.7893756964428307
	-resnet
		-f1: 0.37361155202138197
		-auroc: 0.7099883616393455
2026-06-08 03:15:03 - __main__ - INFO - Input matrix with TVSMYALDRIWKFNGHEPQC encoding is removed.

2026-06-08 03:15:09 - __main__ - INFO - Input matrix with MHTPYWVNCSKDQIFLRGAE encoding is generated.
2026-06-08 03:17:01 - __main__ - INFO - MHTPYWVNCSKDQIFLRGAE encoding is done for multiclass task with:
	-custom
		-f1: 0.4226059147111778
		-auroc: 0.7944417773079445
	-resnet
		-f1: 0.35990761402080784
		-auroc: 0.7424869196832871
2026-06-08 03:17:01 - __main__ - INFO - Input matrix with MHTPYWVNCSKDQIFLRGAE encoding is removed.

2026-06-08 03:17:07 - __main__ - INFO - Input matrix with MFHKGWCIRPLTDEAYSNQV encoding is generated.
2026-06-08 03:18:58 - __main__ - INFO - MFHKGWCIRPLTDEAYSNQV encoding is done for multiclass task with:
	-custom
		-f1: 0.4186745507691949
		-auroc: 0.7899686486613239
	-resnet
		-f1: 0.38539816516305075
		-auroc: 0.7533400104492951
2026-06-08 03:18:58 - __main__ - INFO - Input matrix with MFHKGWCIRPLTDEAYSNQV encoding is removed.

2026-06-08 03:19:04 - __main__ - INFO - Input matrix with VDMAHKSTNIPYFCREWGQL encoding is generated.
2026-06-08 03:20:54 - __main__ - INFO - VDMAHKSTNIPYFCREWGQL encoding is done for multiclass task with:
	-custom
		-f1: 0.4105449649759466
		-auroc: 0.797174612788981
	-resnet
		-f1: 0.40828736690095485
		-auroc: 0.7397144669837973
2026-06-08 03:20:54 - __main__ - INFO - Input matrix with VDMAHKSTNIPYFCREWGQL encoding is removed.

2026-06-08 03:21:00 - __main__ - INFO - Input matrix with IDYQNTLAKWFHVPSGRMEC encoding is generated.
2026-06-08 03:22:52 - __main__ - INFO - IDYQNTLAKWFHVPSGRMEC encoding is done for multiclass task with:
	-custom
		-f1: 0.4178756242502609
		-auroc: 0.7923969033068432
	-resnet
		-f1: 0.3954147899788176
		-auroc: 0.7165642484287068
2026-06-08 03:22:52 - __main__ - INFO - Input matrix with IDYQNTLAKWFHVPSGRMEC encoding is removed.

2026-06-08 03:22:57 - __main__ - INFO - Input matrix with PNQLEYFIKRGVCDMTHASW encoding is generated.
2026-06-08 03:24:47 - __main__ - INFO - PNQLEYFIKRGVCDMTHASW encoding is done for multiclass task with:
	-custom
		-f1: 0.4332158494612014
		-auroc: 0.7893629794707928
	-resnet
		-f1: 0.4029295672429673
		-auroc: 0.7432434550481963
2026-06-08 03:24:47 - __main__ - INFO - Input matrix with PNQLEYFIKRGVCDMTHASW encoding is removed.

2026-06-08 03:24:53 - __main__ - INFO - Input matrix with FRTCHQINDKYGMASVWLEP encoding is generated.
2026-06-08 03:26:44 - __main__ - INFO - FRTCHQINDKYGMASVWLEP encoding is done for multiclass task with:
	-custom
		-f1: 0.44167087195426713
		-auroc: 0.7946355132080221
	-resnet
		-f1: 0.38902192811436964
		-auroc: 0.7116427275192461
2026-06-08 03:26:44 - __main__ - INFO - Input matrix with FRTCHQINDKYGMASVWLEP encoding is removed.

2026-06-08 03:26:50 - __main__ - INFO - Input matrix with HTRWPMVFIGNQSDKAECLY encoding is generated.
2026-06-08 03:28:41 - __main__ - INFO - HTRWPMVFIGNQSDKAECLY encoding is done for multiclass task with:
	-custom
		-f1: 0.4121599965250692
		-auroc: 0.7948379166293317
	-resnet
		-f1: 0.3792877211390023
		-auroc: 0.73092473770084
2026-06-08 03:28:41 - __main__ - INFO - Input matrix with HTRWPMVFIGNQSDKAECLY encoding is removed.

2026-06-08 03:28:47 - __main__ - INFO - Input matrix with WMKPTGHQVNADRLYEICSF encoding is generated.
2026-06-08 03:30:39 - __main__ - INFO - WMKPTGHQVNADRLYEICSF encoding is done for multiclass task with:
	-custom
		-f1: 0.4123903347961665
		-auroc: 0.7886740124413885
	-resnet
		-f1: 0.4056342201801576
		-auroc: 0.7357405891077533
2026-06-08 03:30:39 - __main__ - INFO - Input matrix with WMKPTGHQVNADRLYEICSF encoding is removed.

2026-06-08 03:30:44 - __main__ - INFO - Input matrix with TCSQKMWVAEHPFRDGNIYL encoding is generated.
2026-06-08 03:32:33 - __main__ - INFO - TCSQKMWVAEHPFRDGNIYL encoding is done for multiclass task with:
	-custom
		-f1: 0.4265920003513785
		-auroc: 0.7957148233831439
	-resnet
		-f1: 0.3885239759605835
		-auroc: 0.748756722741011
2026-06-08 03:32:33 - __main__ - INFO - Input matrix with TCSQKMWVAEHPFRDGNIYL encoding is removed.

2026-06-08 03:32:38 - __main__ - INFO - Input matrix with VTLPCKSGDFQWNMIYHERA encoding is generated.
2026-06-08 03:34:27 - __main__ - INFO - VTLPCKSGDFQWNMIYHERA encoding is done for multiclass task with:
	-custom
		-f1: 0.4499879499917442
		-auroc: 0.7940612887549753
	-resnet
		-f1: 0.457082496501975
		-auroc: 0.7554386398178151
2026-06-08 03:34:27 - __main__ - INFO - Input matrix with VTLPCKSGDFQWNMIYHERA encoding is removed.

2026-06-08 03:34:32 - __main__ - INFO - Input matrix with TYDMSPVEKRGHIWFNQCLA encoding is generated.
2026-06-08 03:36:22 - __main__ - INFO - TYDMSPVEKRGHIWFNQCLA encoding is done for multiclass task with:
	-custom
		-f1: 0.43181704836719026
		-auroc: 0.7926700910510442
	-resnet
		-f1: 0.40739155036178926
		-auroc: 0.7663527092743178
2026-06-08 03:36:22 - __main__ - INFO - Input matrix with TYDMSPVEKRGHIWFNQCLA encoding is removed.

2026-06-08 03:36:28 - __main__ - INFO - Input matrix with PLWTARQKIHYCFSNVGEDM encoding is generated.
2026-06-08 03:38:19 - __main__ - INFO - PLWTARQKIHYCFSNVGEDM encoding is done for multiclass task with:
	-custom
		-f1: 0.4212139378384296
		-auroc: 0.8010124090710896
	-resnet
		-f1: 0.39022503121034446
		-auroc: 0.7245571614528951
2026-06-08 03:38:19 - __main__ - INFO - Input matrix with PLWTARQKIHYCFSNVGEDM encoding is removed.

2026-06-08 03:38:25 - __main__ - INFO - Input matrix with KEWDARMINYGCPFLQVSHT encoding is generated.
2026-06-08 03:40:17 - __main__ - INFO - KEWDARMINYGCPFLQVSHT encoding is done for multiclass task with:
	-custom
		-f1: 0.452493662286519
		-auroc: 0.8081061920640666
	-resnet
		-f1: 0.4359054376882273
		-auroc: 0.7634072677775346
2026-06-08 03:40:17 - __main__ - INFO - Input matrix with KEWDARMINYGCPFLQVSHT encoding is removed.

2026-06-08 03:40:22 - __main__ - INFO - Input matrix with VKCYSADIFPLNRWHTGEQM encoding is generated.
2026-06-08 03:42:14 - __main__ - INFO - VKCYSADIFPLNRWHTGEQM encoding is done for multiclass task with:
	-custom
		-f1: 0.41857665506127145
		-auroc: 0.7925014440837205
	-resnet
		-f1: 0.39050674769799265
		-auroc: 0.7372364235468878
2026-06-08 03:42:14 - __main__ - INFO - Input matrix with VKCYSADIFPLNRWHTGEQM encoding is removed.

2026-06-08 03:42:19 - __main__ - INFO - Input matrix with GKSPLMITHFENQCYARWVD encoding is generated.
2026-06-08 03:44:11 - __main__ - INFO - GKSPLMITHFENQCYARWVD encoding is done for multiclass task with:
	-custom
		-f1: 0.43433906851628146
		-auroc: 0.7893109980340149
	-resnet
		-f1: 0.33066461849963413
		-auroc: 0.7145909112984612
2026-06-08 03:44:11 - __main__ - INFO - Input matrix with GKSPLMITHFENQCYARWVD encoding is removed.

2026-06-08 03:44:17 - __main__ - INFO - Input matrix with PYSTMKVHEQAGNRWLIDFC encoding is generated.
2026-06-08 03:46:08 - __main__ - INFO - PYSTMKVHEQAGNRWLIDFC encoding is done for multiclass task with:
	-custom
		-f1: 0.4498756586359455
		-auroc: 0.7924815741652844
	-resnet
		-f1: 0.40685419653299226
		-auroc: 0.7348187758152775
2026-06-08 03:46:08 - __main__ - INFO - Input matrix with PYSTMKVHEQAGNRWLIDFC encoding is removed.

2026-06-08 03:46:14 - __main__ - INFO - Input matrix with STAQVYWPREKCMHGDLNIF encoding is generated.
2026-06-08 03:48:02 - __main__ - INFO - STAQVYWPREKCMHGDLNIF encoding is done for multiclass task with:
	-custom
		-f1: 0.40391882415251024
		-auroc: 0.8048666872833913
	-resnet
		-f1: 0.4487317849249036
		-auroc: 0.7362742978743697
2026-06-08 03:48:02 - __main__ - INFO - Input matrix with STAQVYWPREKCMHGDLNIF encoding is removed.

2026-06-08 03:48:07 - __main__ - INFO - Input matrix with KLSPCDTQMEWVHANIYGRF encoding is generated.
2026-06-08 03:49:58 - __main__ - INFO - KLSPCDTQMEWVHANIYGRF encoding is done for multiclass task with:
	-custom
		-f1: 0.4364545319901708
		-auroc: 0.7967488547241004
	-resnet
		-f1: 0.40638329272831697
		-auroc: 0.721792424594228
2026-06-08 03:49:58 - __main__ - INFO - Input matrix with KLSPCDTQMEWVHANIYGRF encoding is removed.

2026-06-08 03:50:03 - __main__ - INFO - Input matrix with VGCQLFWTKSDANPRIMHEY encoding is generated.
2026-06-08 03:51:54 - __main__ - INFO - VGCQLFWTKSDANPRIMHEY encoding is done for multiclass task with:
	-custom
		-f1: 0.42746241715701033
		-auroc: 0.7811515579524082
	-resnet
		-f1: 0.42371102519870085
		-auroc: 0.7472784542841528
2026-06-08 03:51:54 - __main__ - INFO - Input matrix with VGCQLFWTKSDANPRIMHEY encoding is removed.

2026-06-08 03:51:59 - __main__ - INFO - Input matrix with SVDCNAILRYWQEPKMHTFG encoding is generated.
2026-06-08 03:53:51 - __main__ - INFO - SVDCNAILRYWQEPKMHTFG encoding is done for multiclass task with:
	-custom
		-f1: 0.4128135292703171
		-auroc: 0.7945611296826157
	-resnet
		-f1: 0.4227302788853732
		-auroc: 0.7469848133790846
2026-06-08 03:53:51 - __main__ - INFO - Input matrix with SVDCNAILRYWQEPKMHTFG encoding is removed.

2026-06-08 03:53:56 - __main__ - INFO - Input matrix with QWIEFRYNLSKVAGCTPMHD encoding is generated.
2026-06-08 03:55:49 - __main__ - INFO - QWIEFRYNLSKVAGCTPMHD encoding is done for multiclass task with:
	-custom
		-f1: 0.44864045400006924
		-auroc: 0.7907444492128498
	-resnet
		-f1: 0.3577284034430969
		-auroc: 0.7300667686906505
2026-06-08 03:55:49 - __main__ - INFO - Input matrix with QWIEFRYNLSKVAGCTPMHD encoding is removed.

2026-06-08 03:55:55 - __main__ - INFO - Input matrix with DTFCEQAGSYVPLWIRKMNH encoding is generated.
2026-06-08 03:57:46 - __main__ - INFO - DTFCEQAGSYVPLWIRKMNH encoding is done for multiclass task with:
	-custom
		-f1: 0.4371576875587073
		-auroc: 0.7920701877359378
	-resnet
		-f1: 0.3901031821827712
		-auroc: 0.7242934494258613
2026-06-08 03:57:46 - __main__ - INFO - Input matrix with DTFCEQAGSYVPLWIRKMNH encoding is removed.

2026-06-08 03:57:52 - __main__ - INFO - Input matrix with HGVQTWDRMLYIFEKNSAPC encoding is generated.
2026-06-08 03:59:39 - __main__ - INFO - HGVQTWDRMLYIFEKNSAPC encoding is done for multiclass task with:
	-custom
		-f1: 0.4032281436796123
		-auroc: 0.7870867535202988
	-resnet
		-f1: 0.3459599303185682
		-auroc: 0.7158490523396337
2026-06-08 03:59:39 - __main__ - INFO - Input matrix with HGVQTWDRMLYIFEKNSAPC encoding is removed.

2026-06-08 03:59:45 - __main__ - INFO - Input matrix with HSYLPGKFDIVNMWEQCART encoding is generated.
2026-06-08 04:01:32 - __main__ - INFO - HSYLPGKFDIVNMWEQCART encoding is done for multiclass task with:
	-custom
		-f1: 0.4459664407248291
		-auroc: 0.7990782183508023
	-resnet
		-f1: 0.3881291183164791
		-auroc: 0.7290519381575186
2026-06-08 04:01:32 - __main__ - INFO - Input matrix with HSYLPGKFDIVNMWEQCART encoding is removed.

2026-06-08 04:01:37 - __main__ - INFO - Input matrix with AEMTIWFQPKNDRVHSYGCL encoding is generated.
2026-06-08 04:03:29 - __main__ - INFO - AEMTIWFQPKNDRVHSYGCL encoding is done for multiclass task with:
	-custom
		-f1: 0.41128955151732016
		-auroc: 0.7975447821091394
	-resnet
		-f1: 0.33842382353670186
		-auroc: 0.7161088666606152
2026-06-08 04:03:29 - __main__ - INFO - Input matrix with AEMTIWFQPKNDRVHSYGCL encoding is removed.

2026-06-08 04:03:34 - __main__ - INFO - Input matrix with CRKVENYISQGLDMHPWTAF encoding is generated.
2026-06-08 04:05:23 - __main__ - INFO - CRKVENYISQGLDMHPWTAF encoding is done for multiclass task with:
	-custom
		-f1: 0.4065524933349397
		-auroc: 0.7940745768540032
	-resnet
		-f1: 0.31384860149600946
		-auroc: 0.7149934449808661
2026-06-08 04:05:23 - __main__ - INFO - Input matrix with CRKVENYISQGLDMHPWTAF encoding is removed.

2026-06-08 04:05:28 - __main__ - INFO - Input matrix with FAWRDTKCNGVMYPISHLQE encoding is generated.
2026-06-08 04:07:17 - __main__ - INFO - FAWRDTKCNGVMYPISHLQE encoding is done for multiclass task with:
	-custom
		-f1: 0.4082186547350612
		-auroc: 0.7956066107848502
	-resnet
		-f1: 0.39128937767133454
		-auroc: 0.7223700499427483
2026-06-08 04:07:17 - __main__ - INFO - Input matrix with FAWRDTKCNGVMYPISHLQE encoding is removed.

2026-06-08 04:07:23 - __main__ - INFO - Input matrix with AEDCFPGQIMHVTRNKLYWS encoding is generated.
2026-06-08 04:09:14 - __main__ - INFO - AEDCFPGQIMHVTRNKLYWS encoding is done for multiclass task with:
	-custom
		-f1: 0.4226086400735241
		-auroc: 0.7957587513246611
	-resnet
		-f1: 0.4119101532541669
		-auroc: 0.7456806018112305
2026-06-08 04:09:14 - __main__ - INFO - Input matrix with AEDCFPGQIMHVTRNKLYWS encoding is removed.

2026-06-08 04:09:20 - __main__ - INFO - Input matrix with VHRTEMALPQSFYGCKNDIW encoding is generated.
2026-06-08 04:11:10 - __main__ - INFO - VHRTEMALPQSFYGCKNDIW encoding is done for multiclass task with:
	-custom
		-f1: 0.4209143078570482
		-auroc: 0.7891396832476172
	-resnet
		-f1: 0.41053124348011033
		-auroc: 0.7608696043374108
2026-06-08 04:11:10 - __main__ - INFO - Input matrix with VHRTEMALPQSFYGCKNDIW encoding is removed.

2026-06-08 04:11:15 - __main__ - INFO - Input matrix with NCHLQIWDYASPTRVGEFMK encoding is generated.
2026-06-08 04:13:07 - __main__ - INFO - NCHLQIWDYASPTRVGEFMK encoding is done for multiclass task with:
	-custom
		-f1: 0.4021399068722632
		-auroc: 0.7926489531596351
	-resnet
		-f1: 0.35625591793589306
		-auroc: 0.7016585847954143
2026-06-08 04:13:07 - __main__ - INFO - Input matrix with NCHLQIWDYASPTRVGEFMK encoding is removed.

2026-06-08 04:13:12 - __main__ - INFO - Input matrix with ECWYHMNVAPKQTSRIDGLF encoding is generated.
2026-06-08 04:15:01 - __main__ - INFO - ECWYHMNVAPKQTSRIDGLF encoding is done for multiclass task with:
	-custom
		-f1: 0.4319537436928287
		-auroc: 0.8017167986279293
	-resnet
		-f1: 0.42655338223348493
		-auroc: 0.7469473337488333
2026-06-08 04:15:01 - __main__ - INFO - Input matrix with ECWYHMNVAPKQTSRIDGLF encoding is removed.

2026-06-08 04:15:07 - __main__ - INFO - Input matrix with GHVEQWMIRTLFYPANCKDS encoding is generated.
2026-06-08 04:16:58 - __main__ - INFO - GHVEQWMIRTLFYPANCKDS encoding is done for multiclass task with:
	-custom
		-f1: 0.4326629933623093
		-auroc: 0.7857794866058654
	-resnet
		-f1: 0.38511229336330166
		-auroc: 0.7345470738379232
2026-06-08 04:16:58 - __main__ - INFO - Input matrix with GHVEQWMIRTLFYPANCKDS encoding is removed.

2026-06-08 04:17:04 - __main__ - INFO - Input matrix with FQLYEDHATVRWINGSMKPC encoding is generated.
2026-06-08 04:18:56 - __main__ - INFO - FQLYEDHATVRWINGSMKPC encoding is done for multiclass task with:
	-custom
		-f1: 0.40829241954739964
		-auroc: 0.7933876878587018
	-resnet
		-f1: 0.4037008697781556
		-auroc: 0.7573793175410695
2026-06-08 04:18:56 - __main__ - INFO - Input matrix with FQLYEDHATVRWINGSMKPC encoding is removed.

2026-06-08 04:19:02 - __main__ - INFO - Input matrix with PSEHIAWRFQYNKCVLMGDT encoding is generated.
2026-06-08 04:20:52 - __main__ - INFO - PSEHIAWRFQYNKCVLMGDT encoding is done for multiclass task with:
	-custom
		-f1: 0.4108208769961439
		-auroc: 0.790843119614643
	-resnet
		-f1: 0.3627868970326003
		-auroc: 0.7144147608963933
2026-06-08 04:20:52 - __main__ - INFO - Input matrix with PSEHIAWRFQYNKCVLMGDT encoding is removed.

2026-06-08 04:20:57 - __main__ - INFO - Input matrix with CRAVTFMDLYPGISNQHKEW encoding is generated.
2026-06-08 04:22:47 - __main__ - INFO - CRAVTFMDLYPGISNQHKEW encoding is done for multiclass task with:
	-custom
		-f1: 0.46456618586657095
		-auroc: 0.7990761463568454
	-resnet
		-f1: 0.4292191876082453
		-auroc: 0.7287354069218782
2026-06-08 04:22:47 - __main__ - INFO - Input matrix with CRAVTFMDLYPGISNQHKEW encoding is removed.

2026-06-08 04:22:53 - __main__ - INFO - Input matrix with RCAHKSQIYMTPLDGFEWNV encoding is generated.
2026-06-08 04:24:42 - __main__ - INFO - RCAHKSQIYMTPLDGFEWNV encoding is done for multiclass task with:
	-custom
		-f1: 0.4487005354154358
		-auroc: 0.7941527629185609
	-resnet
		-f1: 0.3691334716107534
		-auroc: 0.7283247483601715
2026-06-08 04:24:42 - __main__ - INFO - Input matrix with RCAHKSQIYMTPLDGFEWNV encoding is removed.

2026-06-08 04:24:47 - __main__ - INFO - Input matrix with WHFMEIDVLPTKYGSANRCQ encoding is generated.
2026-06-08 04:26:38 - __main__ - INFO - WHFMEIDVLPTKYGSANRCQ encoding is done for multiclass task with:
	-custom
		-f1: 0.4331661898384107
		-auroc: 0.7885615692920126
	-resnet
		-f1: 0.4142318121651605
		-auroc: 0.7286281384172237
2026-06-08 04:26:38 - __main__ - INFO - Input matrix with WHFMEIDVLPTKYGSANRCQ encoding is removed.

2026-06-08 04:26:44 - __main__ - INFO - Input matrix with QTIWDSRNCHMFEKLAVGYP encoding is generated.
2026-06-08 04:28:34 - __main__ - INFO - QTIWDSRNCHMFEKLAVGYP encoding is done for multiclass task with:
	-custom
		-f1: 0.4390864102160488
		-auroc: 0.8013342190393459
	-resnet
		-f1: 0.34973115591563
		-auroc: 0.7252702156739392
2026-06-08 04:28:34 - __main__ - INFO - Input matrix with QTIWDSRNCHMFEKLAVGYP encoding is removed.

2026-06-08 04:28:40 - __main__ - INFO - Input matrix with LITMFGQHWENKVCYPSRAD encoding is generated.
2026-06-08 04:30:32 - __main__ - INFO - LITMFGQHWENKVCYPSRAD encoding is done for multiclass task with:
	-custom
		-f1: 0.43550960224272484
		-auroc: 0.7982899895718631
	-resnet
		-f1: 0.3571693417942018
		-auroc: 0.7371211724471437
2026-06-08 04:30:32 - __main__ - INFO - Input matrix with LITMFGQHWENKVCYPSRAD encoding is removed.

2026-06-08 04:30:38 - __main__ - INFO - Input matrix with NEYKPRDQIWSFMCVTGAHL encoding is generated.
2026-06-08 04:32:27 - __main__ - INFO - NEYKPRDQIWSFMCVTGAHL encoding is done for multiclass task with:
	-custom
		-f1: 0.4500976247396899
		-auroc: 0.7976643497441773
	-resnet
		-f1: 0.41701043259561654
		-auroc: 0.7329084203666902
2026-06-08 04:32:27 - __main__ - INFO - Input matrix with NEYKPRDQIWSFMCVTGAHL encoding is removed.

2026-06-08 04:32:33 - __main__ - INFO - Input matrix with LPCVIMRYEAQTFWGKNSDH encoding is generated.
2026-06-08 04:34:24 - __main__ - INFO - LPCVIMRYEAQTFWGKNSDH encoding is done for multiclass task with:
	-custom
		-f1: 0.43409797158859825
		-auroc: 0.7988363763658871
	-resnet
		-f1: 0.35631815489646845
		-auroc: 0.7308747800326961
2026-06-08 04:34:24 - __main__ - INFO - Input matrix with LPCVIMRYEAQTFWGKNSDH encoding is removed.

2026-06-08 04:34:30 - __main__ - INFO - Input matrix with CPLKVWFMDQESRATGIYNH encoding is generated.
2026-06-08 04:36:21 - __main__ - INFO - CPLKVWFMDQESRATGIYNH encoding is done for multiclass task with:
	-custom
		-f1: 0.4425939417198263
		-auroc: 0.7952344468773648
	-resnet
		-f1: 0.38590979256338126
		-auroc: 0.6866076324314266
2026-06-08 04:36:21 - __main__ - INFO - Input matrix with CPLKVWFMDQESRATGIYNH encoding is removed.

2026-06-08 04:36:26 - __main__ - INFO - Input matrix with GHSEQNCVRFTLYWDMIAKP encoding is generated.
2026-06-08 04:38:18 - __main__ - INFO - GHSEQNCVRFTLYWDMIAKP encoding is done for multiclass task with:
	-custom
		-f1: 0.4072364390720276
		-auroc: 0.7896139588900908
	-resnet
		-f1: 0.38438657782838315
		-auroc: 0.726786744912809
2026-06-08 04:38:18 - __main__ - INFO - Input matrix with GHSEQNCVRFTLYWDMIAKP encoding is removed.

2026-06-08 04:38:23 - __main__ - INFO - Input matrix with ESDAFVKHMRITWLQPGNCY encoding is generated.
2026-06-08 04:40:13 - __main__ - INFO - ESDAFVKHMRITWLQPGNCY encoding is done for multiclass task with:
	-custom
		-f1: 0.4009752126471476
		-auroc: 0.7902960239325925
	-resnet
		-f1: 0.41302555792006534
		-auroc: 0.7157368448152293
2026-06-08 04:40:13 - __main__ - INFO - Input matrix with ESDAFVKHMRITWLQPGNCY encoding is removed.

2026-06-08 04:40:19 - __main__ - INFO - Input matrix with RIHECKMGDPASLVWNYFQT encoding is generated.
2026-06-08 04:42:10 - __main__ - INFO - RIHECKMGDPASLVWNYFQT encoding is done for multiclass task with:
	-custom
		-f1: 0.45215529385911457
		-auroc: 0.7952578053559918
	-resnet
		-f1: 0.38374385208940315
		-auroc: 0.743831895980231
2026-06-08 04:42:10 - __main__ - INFO - Input matrix with RIHECKMGDPASLVWNYFQT encoding is removed.

2026-06-08 04:42:15 - __main__ - INFO - Input matrix with YMFHVAPQEDLCSKGIRWNT encoding is generated.
2026-06-08 04:44:03 - __main__ - INFO - YMFHVAPQEDLCSKGIRWNT encoding is done for multiclass task with:
	-custom
		-f1: 0.4438810911925814
		-auroc: 0.7977070339573367
	-resnet
		-f1: 0.4115297610952446
		-auroc: 0.7562722983670772
2026-06-08 04:44:03 - __main__ - INFO - Input matrix with YMFHVAPQEDLCSKGIRWNT encoding is removed.

2026-06-08 04:44:08 - __main__ - INFO - Input matrix with QFTYPDAIVLGWEKSCMNRH encoding is generated.
2026-06-08 04:46:00 - __main__ - INFO - QFTYPDAIVLGWEKSCMNRH encoding is done for multiclass task with:
	-custom
		-f1: 0.4079739281549147
		-auroc: 0.7996178958985575
	-resnet
		-f1: 0.4154024117031126
		-auroc: 0.7506389641025921
2026-06-08 04:46:00 - __main__ - INFO - Input matrix with QFTYPDAIVLGWEKSCMNRH encoding is removed.

2026-06-08 04:46:05 - __main__ - INFO - Input matrix with FWRYANVSIEHLDQKTCMPG encoding is generated.
2026-06-08 04:47:57 - __main__ - INFO - FWRYANVSIEHLDQKTCMPG encoding is done for multiclass task with:
	-custom
		-f1: 0.4269208592825614
		-auroc: 0.7917564912675834
	-resnet
		-f1: 0.35327599310962776
		-auroc: 0.7426681808174133
2026-06-08 04:47:57 - __main__ - INFO - Input matrix with FWRYANVSIEHLDQKTCMPG encoding is removed.

2026-06-08 04:48:02 - __main__ - INFO - Input matrix with ELMCDKRQPAFHWTNGSIYV encoding is generated.
2026-06-08 04:49:52 - __main__ - INFO - ELMCDKRQPAFHWTNGSIYV encoding is done for multiclass task with:
	-custom
		-f1: 0.4332598242928952
		-auroc: 0.8005730303375367
	-resnet
		-f1: 0.40680484385798854
		-auroc: 0.7472517578435528
2026-06-08 04:49:52 - __main__ - INFO - Input matrix with ELMCDKRQPAFHWTNGSIYV encoding is removed.

2026-06-08 04:49:58 - __main__ - INFO - Input matrix with RHLTIWPNAQEMVFKDCYGS encoding is generated.
2026-06-08 04:51:50 - __main__ - INFO - RHLTIWPNAQEMVFKDCYGS encoding is done for multiclass task with:
	-custom
		-f1: 0.4018755067610661
		-auroc: 0.7956050129255771
	-resnet
		-f1: 0.38858323398560646
		-auroc: 0.7140721836481099
2026-06-08 04:51:50 - __main__ - INFO - Input matrix with RHLTIWPNAQEMVFKDCYGS encoding is removed.

2026-06-08 04:51:55 - __main__ - INFO - Input matrix with STGLVWNRIQCEPFDKAHYM encoding is generated.
2026-06-08 04:53:46 - __main__ - INFO - STGLVWNRIQCEPFDKAHYM encoding is done for multiclass task with:
	-custom
		-f1: 0.43239593266160836
		-auroc: 0.7946106754974656
	-resnet
		-f1: 0.377697078711416
		-auroc: 0.7284358132322486
2026-06-08 04:53:46 - __main__ - INFO - Input matrix with STGLVWNRIQCEPFDKAHYM encoding is removed.

2026-06-08 04:53:52 - __main__ - INFO - Input matrix with YWIKVTPRSEMHQFCALNGD encoding is generated.
2026-06-08 04:55:40 - __main__ - INFO - YWIKVTPRSEMHQFCALNGD encoding is done for multiclass task with:
	-custom
		-f1: 0.40609832212648056
		-auroc: 0.795835353386963
	-resnet
		-f1: 0.4172382747111241
		-auroc: 0.7433220663820246
2026-06-08 04:55:40 - __main__ - INFO - Input matrix with YWIKVTPRSEMHQFCALNGD encoding is removed.

2026-06-08 04:55:45 - __main__ - INFO - Input matrix with RKNDIYCMTQFHVLEGPWAS encoding is generated.
2026-06-08 04:57:35 - __main__ - INFO - RKNDIYCMTQFHVLEGPWAS encoding is done for multiclass task with:
	-custom
		-f1: 0.40225476709318897
		-auroc: 0.7961981141679045
	-resnet
		-f1: 0.34172822727752467
		-auroc: 0.7014503920789731
2026-06-08 04:57:35 - __main__ - INFO - Input matrix with RKNDIYCMTQFHVLEGPWAS encoding is removed.

2026-06-08 04:57:41 - __main__ - INFO - Input matrix with TAIVQSFKYRMGWLEDPHNC encoding is generated.
2026-06-08 04:59:30 - __main__ - INFO - TAIVQSFKYRMGWLEDPHNC encoding is done for multiclass task with:
	-custom
		-f1: 0.42777463223960044
		-auroc: 0.7905233882440265
	-resnet
		-f1: 0.40762949170999097
		-auroc: 0.7006374604584973
2026-06-08 04:59:30 - __main__ - INFO - Input matrix with TAIVQSFKYRMGWLEDPHNC encoding is removed.

2026-06-08 04:59:35 - __main__ - INFO - Input matrix with LHTIRGVMFWDNYQCSKPAE encoding is generated.
2026-06-08 05:01:27 - __main__ - INFO - LHTIRGVMFWDNYQCSKPAE encoding is done for multiclass task with:
	-custom
		-f1: 0.40816521670970396
		-auroc: 0.785930071249744
	-resnet
		-f1: 0.3535876158703163
		-auroc: 0.7365099401698316
2026-06-08 05:01:27 - __main__ - INFO - Input matrix with LHTIRGVMFWDNYQCSKPAE encoding is removed.

2026-06-08 05:01:32 - __main__ - INFO - Input matrix with LNYKCQRHVFGDSEMIWTAP encoding is generated.
2026-06-08 05:03:22 - __main__ - INFO - LNYKCQRHVFGDSEMIWTAP encoding is done for multiclass task with:
	-custom
		-f1: 0.4173362699407696
		-auroc: 0.7831317413519976
	-resnet
		-f1: 0.31369963369963366
		-auroc: 0.7036915701070258
2026-06-08 05:03:22 - __main__ - INFO - Input matrix with LNYKCQRHVFGDSEMIWTAP encoding is removed.

2026-06-08 05:03:27 - __main__ - INFO - Input matrix with RGKVYMIECLTHNPQWDSFA encoding is generated.
2026-06-08 05:05:19 - __main__ - INFO - RGKVYMIECLTHNPQWDSFA encoding is done for multiclass task with:
	-custom
		-f1: 0.4132346106548188
		-auroc: 0.7914318435726667
	-resnet
		-f1: 0.405145969930561
		-auroc: 0.7280129795990391
2026-06-08 05:05:19 - __main__ - INFO - Input matrix with RGKVYMIECLTHNPQWDSFA encoding is removed.

2026-06-08 05:05:24 - __main__ - INFO - Input matrix with QFSRDWEHLPICMNGAYVTK encoding is generated.
2026-06-08 05:07:16 - __main__ - INFO - QFSRDWEHLPICMNGAYVTK encoding is done for multiclass task with:
	-custom
		-f1: 0.42181172085519786
		-auroc: 0.8047584775067597
	-resnet
		-f1: 0.4142193479787163
		-auroc: 0.7458660926123197
2026-06-08 05:07:16 - __main__ - INFO - Input matrix with QFSRDWEHLPICMNGAYVTK encoding is removed.

2026-06-08 05:07:22 - __main__ - INFO - Input matrix with WPESDNLMHRVGQTFAYICK encoding is generated.
2026-06-08 05:09:13 - __main__ - INFO - WPESDNLMHRVGQTFAYICK encoding is done for multiclass task with:
	-custom
		-f1: 0.43623640681742304
		-auroc: 0.7919103726803186
	-resnet
		-f1: 0.3702996495091182
		-auroc: 0.7004451503162583
2026-06-08 05:09:13 - __main__ - INFO - Input matrix with WPESDNLMHRVGQTFAYICK encoding is removed.

2026-06-08 05:09:19 - __main__ - INFO - Input matrix with FCHWARTYMNGLPDEIKSQV encoding is generated.
2026-06-08 05:11:10 - __main__ - INFO - FCHWARTYMNGLPDEIKSQV encoding is done for multiclass task with:
	-custom
		-f1: 0.4282977599215981
		-auroc: 0.7893248308047505
	-resnet
		-f1: 0.3949819921192037
		-auroc: 0.7270227704753298
2026-06-08 05:11:10 - __main__ - INFO - Input matrix with FCHWARTYMNGLPDEIKSQV encoding is removed.

2026-06-08 05:11:15 - __main__ - INFO - Input matrix with VYEPQIMLHADTGNKCWRSF encoding is generated.
2026-06-08 05:13:07 - __main__ - INFO - VYEPQIMLHADTGNKCWRSF encoding is done for multiclass task with:
	-custom
		-f1: 0.4225508735650562
		-auroc: 0.7994901178829468
	-resnet
		-f1: 0.34548911228541745
		-auroc: 0.7340156738174672
2026-06-08 05:13:08 - __main__ - INFO - Input matrix with VYEPQIMLHADTGNKCWRSF encoding is removed.

2026-06-08 05:13:13 - __main__ - INFO - Input matrix with GFSWVYHDMQLNRPIEKATC encoding is generated.
2026-06-08 05:15:05 - __main__ - INFO - GFSWVYHDMQLNRPIEKATC encoding is done for multiclass task with:
	-custom
		-f1: 0.42743887439121825
		-auroc: 0.7968576231587194
	-resnet
		-f1: 0.4312933617216734
		-auroc: 0.7492048512942417
2026-06-08 05:15:05 - __main__ - INFO - Input matrix with GFSWVYHDMQLNRPIEKATC encoding is removed.

2026-06-08 05:15:10 - __main__ - INFO - Input matrix with MIPECQGVSDHTNAWKRFLY encoding is generated.
2026-06-08 05:17:03 - __main__ - INFO - MIPECQGVSDHTNAWKRFLY encoding is done for multiclass task with:
	-custom
		-f1: 0.4229575961056626
		-auroc: 0.791353918554968
	-resnet
		-f1: 0.3940131176902668
		-auroc: 0.7226175850367383
2026-06-08 05:17:03 - __main__ - INFO - Input matrix with MIPECQGVSDHTNAWKRFLY encoding is removed.

2026-06-08 05:17:08 - __main__ - INFO - Input matrix with TVFGKDHMEWNACYPLRISQ encoding is generated.
2026-06-08 05:18:55 - __main__ - INFO - TVFGKDHMEWNACYPLRISQ encoding is done for multiclass task with:
	-custom
		-f1: 0.4665454408081149
		-auroc: 0.7969999442960246
	-resnet
		-f1: 0.39842161448189073
		-auroc: 0.7410431741507304
2026-06-08 05:18:55 - __main__ - INFO - Input matrix with TVFGKDHMEWNACYPLRISQ encoding is removed.

2026-06-08 05:19:01 - __main__ - INFO - Input matrix with WYANDEVQTFHGSPCRIKLM encoding is generated.
2026-06-08 05:20:53 - __main__ - INFO - WYANDEVQTFHGSPCRIKLM encoding is done for multiclass task with:
	-custom
		-f1: 0.44474766056862663
		-auroc: 0.8055014198892689
	-resnet
		-f1: 0.4071195228260917
		-auroc: 0.7520007889294851
2026-06-08 05:20:53 - __main__ - INFO - Input matrix with WYANDEVQTFHGSPCRIKLM encoding is removed.

2026-06-08 05:20:59 - __main__ - INFO - Input matrix with FCVGWSAMNLYHQPTKIERD encoding is generated.
2026-06-08 05:22:50 - __main__ - INFO - FCVGWSAMNLYHQPTKIERD encoding is done for multiclass task with:
	-custom
		-f1: 0.4439409613358629
		-auroc: 0.7957131904222156
	-resnet
		-f1: 0.33352676381184976
		-auroc: 0.7105400145455084
2026-06-08 05:22:50 - __main__ - INFO - Input matrix with FCVGWSAMNLYHQPTKIERD encoding is removed.

2026-06-08 05:22:55 - __main__ - INFO - Input matrix with FASIPGKWQTCHMEYDVRNL encoding is generated.
2026-06-08 05:24:46 - __main__ - INFO - FASIPGKWQTCHMEYDVRNL encoding is done for multiclass task with:
	-custom
		-f1: 0.40689452054136854
		-auroc: 0.7868193375393349
	-resnet
		-f1: 0.35243045116760563
		-auroc: 0.7341508257396168
2026-06-08 05:24:46 - __main__ - INFO - Input matrix with FASIPGKWQTCHMEYDVRNL encoding is removed.

2026-06-08 05:24:52 - __main__ - INFO - Input matrix with TQFMWEAYHRINSVDCKPGL encoding is generated.
2026-06-08 05:26:44 - __main__ - INFO - TQFMWEAYHRINSVDCKPGL encoding is done for multiclass task with:
	-custom
		-f1: 0.44256974285985357
		-auroc: 0.7976654544025613
	-resnet
		-f1: 0.4061699825274541
		-auroc: 0.7327005556255445
2026-06-08 05:26:44 - __main__ - INFO - Input matrix with TQFMWEAYHRINSVDCKPGL encoding is removed.

2026-06-08 05:26:49 - __main__ - INFO - Input matrix with TIPQLNAEKDVHGSCYMRFW encoding is generated.
2026-06-08 05:28:36 - __main__ - INFO - TIPQLNAEKDVHGSCYMRFW encoding is done for multiclass task with:
	-custom
		-f1: 0.43029314458674495
		-auroc: 0.7931805417621757
	-resnet
		-f1: 0.3223178273537333
		-auroc: 0.7040525495689154
2026-06-08 05:28:36 - __main__ - INFO - Input matrix with TIPQLNAEKDVHGSCYMRFW encoding is removed.

2026-06-08 05:28:42 - __main__ - INFO - Input matrix with MYCSDPVNLITQREKAGFHW encoding is generated.
2026-06-08 05:30:29 - __main__ - INFO - MYCSDPVNLITQREKAGFHW encoding is done for multiclass task with:
	-custom
		-f1: 0.4204511494428596
		-auroc: 0.8036140927035508
	-resnet
		-f1: 0.30486023063444223
		-auroc: 0.7176221282420008
2026-06-08 05:30:29 - __main__ - INFO - Input matrix with MYCSDPVNLITQREKAGFHW encoding is removed.

2026-06-08 05:30:34 - __main__ - INFO - Input matrix with LEFRNGSTCQMWDHPIKAVY encoding is generated.
2026-06-08 05:32:26 - __main__ - INFO - LEFRNGSTCQMWDHPIKAVY encoding is done for multiclass task with:
	-custom
		-f1: 0.42458427388213604
		-auroc: 0.8004896468114382
	-resnet
		-f1: 0.33979283658700976
		-auroc: 0.7357108879599414
2026-06-08 05:32:26 - __main__ - INFO - Input matrix with LEFRNGSTCQMWDHPIKAVY encoding is removed.

2026-06-08 05:32:31 - __main__ - INFO - Input matrix with EKNYRGPMDSLHCWTVAIQF encoding is generated.
2026-06-08 05:34:22 - __main__ - INFO - EKNYRGPMDSLHCWTVAIQF encoding is done for multiclass task with:
	-custom
		-f1: 0.41585574885430027
		-auroc: 0.7956679795627102
	-resnet
		-f1: 0.39293354983395934
		-auroc: 0.7449750623624829
2026-06-08 05:34:22 - __main__ - INFO - Input matrix with EKNYRGPMDSLHCWTVAIQF encoding is removed.

2026-06-08 05:34:27 - __main__ - INFO - Input matrix with FLTWNGECMPDHSKIQRVAY encoding is generated.
2026-06-08 05:36:17 - __main__ - INFO - FLTWNGECMPDHSKIQRVAY encoding is done for multiclass task with:
	-custom
		-f1: 0.42772626993950247
		-auroc: 0.7977660982843435
	-resnet
		-f1: 0.4207422811786886
		-auroc: 0.7301440762389196
2026-06-08 05:36:17 - __main__ - INFO - Input matrix with FLTWNGECMPDHSKIQRVAY encoding is removed.

2026-06-08 05:36:23 - __main__ - INFO - Input matrix with GPETCVNLKRDSHYFAQWMI encoding is generated.
2026-06-08 05:38:12 - __main__ - INFO - GPETCVNLKRDSHYFAQWMI encoding is done for multiclass task with:
	-custom
		-f1: 0.4190445408912927
		-auroc: 0.793958289853756
	-resnet
		-f1: 0.34746421153330165
		-auroc: 0.7259798255358926
2026-06-08 05:38:12 - __main__ - INFO - Input matrix with GPETCVNLKRDSHYFAQWMI encoding is removed.

2026-06-08 05:38:18 - __main__ - INFO - Input matrix with LAGYIKRCSEMPVHDFQWTN encoding is generated.
2026-06-08 05:40:09 - __main__ - INFO - LAGYIKRCSEMPVHDFQWTN encoding is done for multiclass task with:
	-custom
		-f1: 0.4136937685738338
		-auroc: 0.7948483089137282
	-resnet
		-f1: 0.37541588129589115
		-auroc: 0.7403815363925461
2026-06-08 05:40:09 - __main__ - INFO - Input matrix with LAGYIKRCSEMPVHDFQWTN encoding is removed.

2026-06-08 05:40:14 - __main__ - INFO - Input matrix with RGNCDFQMYKSTIEWAHLPV encoding is generated.
2026-06-08 05:42:06 - __main__ - INFO - RGNCDFQMYKSTIEWAHLPV encoding is done for multiclass task with:
	-custom
		-f1: 0.43117815055922676
		-auroc: 0.8028440959426325
	-resnet
		-f1: 0.425147336461814
		-auroc: 0.7446380593530629
2026-06-08 05:42:06 - __main__ - INFO - Input matrix with RGNCDFQMYKSTIEWAHLPV encoding is removed.

2026-06-08 05:42:11 - __main__ - INFO - Input matrix with TVDQFIRSWKYHLCEAPNMG encoding is generated.
2026-06-08 05:44:02 - __main__ - INFO - TVDQFIRSWKYHLCEAPNMG encoding is done for multiclass task with:
	-custom
		-f1: 0.4395650143182487
		-auroc: 0.7925970656985414
	-resnet
		-f1: 0.42603724650071484
		-auroc: 0.7481637900072493
2026-06-08 05:44:02 - __main__ - INFO - Input matrix with TVDQFIRSWKYHLCEAPNMG encoding is removed.

2026-06-08 05:44:08 - __main__ - INFO - Input matrix with GSCAPEQYTRKLMWFNHIVD encoding is generated.
2026-06-08 05:45:59 - __main__ - INFO - GSCAPEQYTRKLMWFNHIVD encoding is done for multiclass task with:
	-custom
		-f1: 0.4055957285566321
		-auroc: 0.7962400289820991
	-resnet
		-f1: 0.3698713459222679
		-auroc: 0.7261898129619618
2026-06-08 05:45:59 - __main__ - INFO - Input matrix with GSCAPEQYTRKLMWFNHIVD encoding is removed.

2026-06-08 05:46:05 - __main__ - INFO - Input matrix with LWNRVPMAQEDYGSCIHKTF encoding is generated.
2026-06-08 05:47:56 - __main__ - INFO - LWNRVPMAQEDYGSCIHKTF encoding is done for multiclass task with:
	-custom
		-f1: 0.4729997752541347
		-auroc: 0.7988739500706794
	-resnet
		-f1: 0.39419297841933165
		-auroc: 0.7552541203801144
2026-06-08 05:47:56 - __main__ - INFO - Input matrix with LWNRVPMAQEDYGSCIHKTF encoding is removed.

2026-06-08 05:48:02 - __main__ - INFO - Input matrix with DRHMGCTWAQLPFNYSEKIV encoding is generated.
2026-06-08 05:49:51 - __main__ - INFO - DRHMGCTWAQLPFNYSEKIV encoding is done for multiclass task with:
	-custom
		-f1: 0.4313486100381819
		-auroc: 0.7949353380834565
	-resnet
		-f1: 0.38051570264063506
		-auroc: 0.7230697489247427
2026-06-08 05:49:51 - __main__ - INFO - Input matrix with DRHMGCTWAQLPFNYSEKIV encoding is removed.

2026-06-08 05:49:56 - __main__ - INFO - Input matrix with VRGCADQWLIPFESTYNMHK encoding is generated.
2026-06-08 05:51:48 - __main__ - INFO - VRGCADQWLIPFESTYNMHK encoding is done for multiclass task with:
	-custom
		-f1: 0.4462028938485164
		-auroc: 0.7961079619617817
	-resnet
		-f1: 0.39940169651355534
		-auroc: 0.728323464157286
2026-06-08 05:51:48 - __main__ - INFO - Input matrix with VRGCADQWLIPFESTYNMHK encoding is removed.

2026-06-08 05:51:54 - __main__ - INFO - Input matrix with WQLEMPCGTSYVIAFRKHDN encoding is generated.
2026-06-08 05:53:43 - __main__ - INFO - WQLEMPCGTSYVIAFRKHDN encoding is done for multiclass task with:
	-custom
		-f1: 0.4457173787510579
		-auroc: 0.8068257852336804
	-resnet
		-f1: 0.3953865250076478
		-auroc: 0.7288902363695285
2026-06-08 05:53:43 - __main__ - INFO - Input matrix with WQLEMPCGTSYVIAFRKHDN encoding is removed.

2026-06-08 05:53:49 - __main__ - INFO - Input matrix with PSNGMCEDHLVYAIWKQFRT encoding is generated.
2026-06-08 05:55:41 - __main__ - INFO - PSNGMCEDHLVYAIWKQFRT encoding is done for multiclass task with:
	-custom
		-f1: 0.4303408946144218
		-auroc: 0.7955668218623656
	-resnet
		-f1: 0.3860140385095356
		-auroc: 0.753652399142916
2026-06-08 05:55:41 - __main__ - INFO - Input matrix with PSNGMCEDHLVYAIWKQFRT encoding is removed.

2026-06-08 05:55:46 - __main__ - INFO - Input matrix with LVHYWIFQSNRKEACPTGMD encoding is generated.
2026-06-08 05:57:37 - __main__ - INFO - LVHYWIFQSNRKEACPTGMD encoding is done for multiclass task with:
	-custom
		-f1: 0.4569365209052304
		-auroc: 0.7978964085376804
	-resnet
		-f1: 0.39744134168518885
		-auroc: 0.7090485706513344
2026-06-08 05:57:37 - __main__ - INFO - Input matrix with LVHYWIFQSNRKEACPTGMD encoding is removed.

2026-06-08 05:57:42 - __main__ - INFO - Input matrix with MTDQWVPSHCGELIKYFNAR encoding is generated.
2026-06-08 05:59:32 - __main__ - INFO - MTDQWVPSHCGELIKYFNAR encoding is done for multiclass task with:
	-custom
		-f1: 0.4408434305554788
		-auroc: 0.8049877214142942
	-resnet
		-f1: 0.38644319209947103
		-auroc: 0.7257681073382497
2026-06-08 05:59:32 - __main__ - INFO - Input matrix with MTDQWVPSHCGELIKYFNAR encoding is removed.

2026-06-08 05:59:37 - __main__ - INFO - Input matrix with EPWFMHIACQVGKTRLDNYS encoding is generated.
2026-06-08 06:01:29 - __main__ - INFO - EPWFMHIACQVGKTRLDNYS encoding is done for multiclass task with:
	-custom
		-f1: 0.4430298889724596
		-auroc: 0.7952024272191792
	-resnet
		-f1: 0.3879282004230371
		-auroc: 0.7208489852588684
2026-06-08 06:01:29 - __main__ - INFO - Input matrix with EPWFMHIACQVGKTRLDNYS encoding is removed.

2026-06-08 06:01:34 - __main__ - INFO - Input matrix with PQDHYLRSAMGTEFVCIKWN encoding is generated.
2026-06-08 06:03:25 - __main__ - INFO - PQDHYLRSAMGTEFVCIKWN encoding is done for multiclass task with:
	-custom
		-f1: 0.4350023725997951
		-auroc: 0.8000138044213567
	-resnet
		-f1: 0.3472984795881833
		-auroc: 0.7389346247284164
2026-06-08 06:03:25 - __main__ - INFO - Input matrix with PQDHYLRSAMGTEFVCIKWN encoding is removed.

2026-06-08 06:03:30 - __main__ - INFO - Input matrix with YHVKDLQWTRCFEGSMNIPA encoding is generated.
2026-06-08 06:05:22 - __main__ - INFO - YHVKDLQWTRCFEGSMNIPA encoding is done for multiclass task with:
	-custom
		-f1: 0.4551890038421016
		-auroc: 0.8029248703775028
	-resnet
		-f1: 0.388939200956355
		-auroc: 0.7512618459555419
2026-06-08 06:05:22 - __main__ - INFO - Input matrix with YHVKDLQWTRCFEGSMNIPA encoding is removed.

2026-06-08 06:05:28 - __main__ - INFO - Input matrix with YIPNCKGTSVRQMEDWALFH encoding is generated.
2026-06-08 06:07:18 - __main__ - INFO - YIPNCKGTSVRQMEDWALFH encoding is done for multiclass task with:
	-custom
		-f1: 0.4398796049193229
		-auroc: 0.7986951550298239
	-resnet
		-f1: 0.4547249412455511
		-auroc: 0.7662189171627631
2026-06-08 06:07:18 - __main__ - INFO - Input matrix with YIPNCKGTSVRQMEDWALFH encoding is removed.

2026-06-08 06:07:23 - __main__ - INFO - Input matrix with KYRTVSENQGICWDAHFMLP encoding is generated.
2026-06-08 06:09:13 - __main__ - INFO - KYRTVSENQGICWDAHFMLP encoding is done for multiclass task with:
	-custom
		-f1: 0.41346557581851695
		-auroc: 0.7908048614929623
	-resnet
		-f1: 0.4013076738547138
		-auroc: 0.7390357678294381
2026-06-08 06:09:13 - __main__ - INFO - Input matrix with KYRTVSENQGICWDAHFMLP encoding is removed.

2026-06-08 06:09:19 - __main__ - INFO - Input matrix with DFPILKWNVGTQEHCAYRSM encoding is generated.
2026-06-08 06:11:07 - __main__ - INFO - DFPILKWNVGTQEHCAYRSM encoding is done for multiclass task with:
	-custom
		-f1: 0.4080739673523731
		-auroc: 0.794441124864556
	-resnet
		-f1: 0.3726898237714698
		-auroc: 0.7321551674482436
2026-06-08 06:11:07 - __main__ - INFO - Input matrix with DFPILKWNVGTQEHCAYRSM encoding is removed.

2026-06-08 06:11:12 - __main__ - INFO - Input matrix with VITNYKEWDHCLSFQRGMAP encoding is generated.
2026-06-08 06:13:02 - __main__ - INFO - VITNYKEWDHCLSFQRGMAP encoding is done for multiclass task with:
	-custom
		-f1: 0.43457371962969216
		-auroc: 0.7979082653736465
	-resnet
		-f1: 0.39060173235487805
		-auroc: 0.7241209223014046
2026-06-08 06:13:02 - __main__ - INFO - Input matrix with VITNYKEWDHCLSFQRGMAP encoding is removed.

2026-06-08 06:13:08 - __main__ - INFO - Input matrix with SLEIMQYWHTFCVDGKPNRA encoding is generated.
2026-06-08 06:15:00 - __main__ - INFO - SLEIMQYWHTFCVDGKPNRA encoding is done for multiclass task with:
	-custom
		-f1: 0.41053418761162935
		-auroc: 0.7958319294977292
	-resnet
		-f1: 0.3618044568988694
		-auroc: 0.7370646386436539
2026-06-08 06:15:00 - __main__ - INFO - Input matrix with SLEIMQYWHTFCVDGKPNRA encoding is removed.

2026-06-08 06:15:06 - __main__ - INFO - Input matrix with MDYCSIQFWVKRTHANGPEL encoding is generated.
2026-06-08 06:16:57 - __main__ - INFO - MDYCSIQFWVKRTHANGPEL encoding is done for multiclass task with:
	-custom
		-f1: 0.39157768190884507
		-auroc: 0.7907827165042022
	-resnet
		-f1: 0.3630924888171855
		-auroc: 0.7341406091251029
2026-06-08 06:16:57 - __main__ - INFO - Input matrix with MDYCSIQFWVKRTHANGPEL encoding is removed.

2026-06-08 06:17:03 - __main__ - INFO - Input matrix with QTAPGCLYVWNIMFKHERSD encoding is generated.
2026-06-08 06:18:51 - __main__ - INFO - QTAPGCLYVWNIMFKHERSD encoding is done for multiclass task with:
	-custom
		-f1: 0.4094841009077628
		-auroc: 0.7954198951464531
	-resnet
		-f1: 0.35596933037496026
		-auroc: 0.7368918884998079
2026-06-08 06:18:51 - __main__ - INFO - Input matrix with QTAPGCLYVWNIMFKHERSD encoding is removed.

2026-06-08 06:18:56 - __main__ - INFO - Input matrix with WYVIPEQMAHLDGKSCRTNF encoding is generated.
2026-06-08 06:20:49 - __main__ - INFO - WYVIPEQMAHLDGKSCRTNF encoding is done for multiclass task with:
	-custom
		-f1: 0.4482570417548821
		-auroc: 0.7954258650520403
	-resnet
		-f1: 0.4099145958702504
		-auroc: 0.7332750882380779
2026-06-08 06:20:49 - __main__ - INFO - Input matrix with WYVIPEQMAHLDGKSCRTNF encoding is removed.

2026-06-08 06:20:54 - __main__ - INFO - Input matrix with HRFNTIDSPYMKQAVCGWEL encoding is generated.
2026-06-08 06:22:45 - __main__ - INFO - HRFNTIDSPYMKQAVCGWEL encoding is done for multiclass task with:
	-custom
		-f1: 0.4456756772816125
		-auroc: 0.8014912421773337
	-resnet
		-f1: 0.4296220933042033
		-auroc: 0.7561295414155669
2026-06-08 06:22:45 - __main__ - INFO - Input matrix with HRFNTIDSPYMKQAVCGWEL encoding is removed.

2026-06-08 06:22:51 - __main__ - INFO - Input matrix with KWHVIFSGCQRLETNYPADM encoding is generated.
2026-06-08 06:24:41 - __main__ - INFO - KWHVIFSGCQRLETNYPADM encoding is done for multiclass task with:
	-custom
		-f1: 0.4133408950240436
		-auroc: 0.7963206197481226
	-resnet
		-f1: 0.42633403591402474
		-auroc: 0.7403247796470204
2026-06-08 06:24:41 - __main__ - INFO - Input matrix with KWHVIFSGCQRLETNYPADM encoding is removed.

2026-06-08 06:24:47 - __main__ - INFO - Input matrix with EIDGTSHAFLCYKWRPQNMV encoding is generated.
2026-06-08 06:26:39 - __main__ - INFO - EIDGTSHAFLCYKWRPQNMV encoding is done for multiclass task with:
	-custom
		-f1: 0.43814134642328667
		-auroc: 0.7894104851558332
	-resnet
		-f1: 0.41168676841436563
		-auroc: 0.7513486064353365
2026-06-08 06:26:39 - __main__ - INFO - Input matrix with EIDGTSHAFLCYKWRPQNMV encoding is removed.

2026-06-08 06:26:45 - __main__ - INFO - Input matrix with CQRAYTIWSEVHDGFKMNPL encoding is generated.
2026-06-08 06:28:33 - __main__ - INFO - CQRAYTIWSEVHDGFKMNPL encoding is done for multiclass task with:
	-custom
		-f1: 0.44568068841219316
		-auroc: 0.7891447748228331
	-resnet
		-f1: 0.35370409710910833
		-auroc: 0.73038350087796
2026-06-08 06:28:33 - __main__ - INFO - Input matrix with CQRAYTIWSEVHDGFKMNPL encoding is removed.

2026-06-08 06:28:39 - __main__ - INFO - Input matrix with TLEPWRNFGIYVKHADSCMQ encoding is generated.
2026-06-08 06:30:31 - __main__ - INFO - TLEPWRNFGIYVKHADSCMQ encoding is done for multiclass task with:
	-custom
		-f1: 0.4283454949160664
		-auroc: 0.7969200168599964
	-resnet
		-f1: 0.42507438497716815
		-auroc: 0.7295047533277584
2026-06-08 06:30:31 - __main__ - INFO - Input matrix with TLEPWRNFGIYVKHADSCMQ encoding is removed.

2026-06-08 06:30:36 - __main__ - INFO - Input matrix with VHMNEPQYTIFCRLKDAWSG encoding is generated.
2026-06-08 06:32:26 - __main__ - INFO - VHMNEPQYTIFCRLKDAWSG encoding is done for multiclass task with:
	-custom
		-f1: 0.43906589647835637
		-auroc: 0.7938394590948297
	-resnet
		-f1: 0.3928584487597178
		-auroc: 0.7506566134852967
2026-06-08 06:32:26 - __main__ - INFO - Input matrix with VHMNEPQYTIFCRLKDAWSG encoding is removed.

2026-06-08 06:32:31 - __main__ - INFO - Input matrix with LRPKHSWQMNCYIGAETFDV encoding is generated.
2026-06-08 06:34:23 - __main__ - INFO - LRPKHSWQMNCYIGAETFDV encoding is done for multiclass task with:
	-custom
		-f1: 0.44331689957351966
		-auroc: 0.7983160268357355
	-resnet
		-f1: 0.3916015299442122
		-auroc: 0.7512399876254267
2026-06-08 06:34:23 - __main__ - INFO - Input matrix with LRPKHSWQMNCYIGAETFDV encoding is removed.

2026-06-08 06:34:28 - __main__ - INFO - Input matrix with FDWAPGYLNQMCVKTHRISE encoding is generated.
2026-06-08 06:36:14 - __main__ - INFO - FDWAPGYLNQMCVKTHRISE encoding is done for multiclass task with:
	-custom
		-f1: 0.4067073833251443
		-auroc: 0.7880146165065803
	-resnet
		-f1: 0.3218051879687915
		-auroc: 0.6794512601094641
2026-06-08 06:36:14 - __main__ - INFO - Input matrix with FDWAPGYLNQMCVKTHRISE encoding is removed.

2026-06-08 06:36:20 - __main__ - INFO - Input matrix with GLYTEHDAKQVPFWNICSMR encoding is generated.
2026-06-08 06:38:09 - __main__ - INFO - GLYTEHDAKQVPFWNICSMR encoding is done for multiclass task with:
	-custom
		-f1: 0.42964737817796106
		-auroc: 0.7929441116568454
	-resnet
		-f1: 0.4699980233648233
		-auroc: 0.7667979420918494
2026-06-08 06:38:09 - __main__ - INFO - Input matrix with GLYTEHDAKQVPFWNICSMR encoding is removed.

2026-06-08 06:38:15 - __main__ - INFO - Input matrix with IEQGWTFNSVLKADHPCYRM encoding is generated.
2026-06-08 06:40:08 - __main__ - INFO - IEQGWTFNSVLKADHPCYRM encoding is done for multiclass task with:
	-custom
		-f1: 0.44873956621026306
		-auroc: 0.789689195513215
	-resnet
		-f1: 0.40923747415903006
		-auroc: 0.7524364496443169
2026-06-08 06:40:08 - __main__ - INFO - Input matrix with IEQGWTFNSVLKADHPCYRM encoding is removed.

2026-06-08 06:40:13 - __main__ - INFO - Input matrix with MVPGIQELNHRKTCAWFYSD encoding is generated.
2026-06-08 06:42:01 - __main__ - INFO - MVPGIQELNHRKTCAWFYSD encoding is done for multiclass task with:
	-custom
		-f1: 0.40803134832366517
		-auroc: 0.7848354967500111
	-resnet
		-f1: 0.38350837227267803
		-auroc: 0.7314899798634784
2026-06-08 06:42:01 - __main__ - INFO - Input matrix with MVPGIQELNHRKTCAWFYSD encoding is removed.

2026-06-08 06:42:07 - __main__ - INFO - Input matrix with DNWIVHYTGRCLQFESMAKP encoding is generated.
2026-06-08 06:43:59 - __main__ - INFO - DNWIVHYTGRCLQFESMAKP encoding is done for multiclass task with:
	-custom
		-f1: 0.39251738314013995
		-auroc: 0.7936278558810337
	-resnet
		-f1: 0.38716417119849855
		-auroc: 0.7381990409629273
2026-06-08 06:43:59 - __main__ - INFO - Input matrix with DNWIVHYTGRCLQFESMAKP encoding is removed.

2026-06-08 06:44:04 - __main__ - INFO - Input matrix with HYTKENVPIRDWCQFSLAMG encoding is generated.
2026-06-08 06:45:56 - __main__ - INFO - HYTKENVPIRDWCQFSLAMG encoding is done for multiclass task with:
	-custom
		-f1: 0.4385894313189488
		-auroc: 0.7973166874869756
	-resnet
		-f1: 0.4140071538483669
		-auroc: 0.7598331610969808
2026-06-08 06:45:56 - __main__ - INFO - Input matrix with HYTKENVPIRDWCQFSLAMG encoding is removed.

2026-06-08 06:46:01 - __main__ - INFO - Input matrix with GPFKMEVSYRWCNQDAHLIT encoding is generated.
2026-06-08 06:47:53 - __main__ - INFO - GPFKMEVSYRWCNQDAHLIT encoding is done for multiclass task with:
	-custom
		-f1: 0.40127014158148366
		-auroc: 0.792541624244835
	-resnet
		-f1: 0.39815547061916645
		-auroc: 0.7283576376342326
2026-06-08 06:47:53 - __main__ - INFO - Input matrix with GPFKMEVSYRWCNQDAHLIT encoding is removed.

2026-06-08 06:47:59 - __main__ - INFO - Input matrix with ITGPVDMNLYFKCSQAWRHE encoding is generated.
2026-06-08 06:49:46 - __main__ - INFO - ITGPVDMNLYFKCSQAWRHE encoding is done for multiclass task with:
	-custom
		-f1: 0.43187872515072623
		-auroc: 0.7937395293866507
	-resnet
		-f1: 0.39966448234207524
		-auroc: 0.7369352120014779
2026-06-08 06:49:46 - __main__ - INFO - Input matrix with ITGPVDMNLYFKCSQAWRHE encoding is removed.

2026-06-08 06:49:51 - __main__ - INFO - Input matrix with PQACRMNYGVIFKEHWTLSD encoding is generated.
2026-06-08 06:51:43 - __main__ - INFO - PQACRMNYGVIFKEHWTLSD encoding is done for multiclass task with:
	-custom
		-f1: 0.42266768058690696
		-auroc: 0.7894020445481245
	-resnet
		-f1: 0.4249250594923204
		-auroc: 0.7539789815459051
2026-06-08 06:51:43 - __main__ - INFO - Input matrix with PQACRMNYGVIFKEHWTLSD encoding is removed.

2026-06-08 06:51:49 - __main__ - INFO - Input matrix with AMDWFIHNREGVSQCLYTKP encoding is generated.
2026-06-08 06:53:35 - __main__ - INFO - AMDWFIHNREGVSQCLYTKP encoding is done for multiclass task with:
	-custom
		-f1: 0.43051188914811267
		-auroc: 0.7865743612325937
	-resnet
		-f1: 0.40799674450797274
		-auroc: 0.7268706810536065
2026-06-08 06:53:35 - __main__ - INFO - Input matrix with AMDWFIHNREGVSQCLYTKP encoding is removed.

2026-06-08 06:53:41 - __main__ - INFO - Input matrix with GKTAENHCVFIDWMRLPQYS encoding is generated.
2026-06-08 06:55:28 - __main__ - INFO - GKTAENHCVFIDWMRLPQYS encoding is done for multiclass task with:
	-custom
		-f1: 0.4057595577750027
		-auroc: 0.7969608116664895
	-resnet
		-f1: 0.34982724901034495
		-auroc: 0.69080154492441
2026-06-08 06:55:28 - __main__ - INFO - Input matrix with GKTAENHCVFIDWMRLPQYS encoding is removed.

2026-06-08 06:55:33 - __main__ - INFO - Input matrix with TYFIWKGRSLVNCHQDPEMA encoding is generated.
2026-06-08 06:57:24 - __main__ - INFO - TYFIWKGRSLVNCHQDPEMA encoding is done for multiclass task with:
	-custom
		-f1: 0.41757943741882614
		-auroc: 0.7927899661660626
	-resnet
		-f1: 0.44994484774094506
		-auroc: 0.7416522677242
2026-06-08 06:57:24 - __main__ - INFO - Input matrix with TYFIWKGRSLVNCHQDPEMA encoding is removed.

2026-06-08 06:57:30 - __main__ - INFO - Input matrix with HNWSPEGFDIKYCRALQTMV encoding is generated.
2026-06-08 06:59:20 - __main__ - INFO - HNWSPEGFDIKYCRALQTMV encoding is done for multiclass task with:
	-custom
		-f1: 0.4387049050519371
		-auroc: 0.7953460751471456
	-resnet
		-f1: 0.4178756126413517
		-auroc: 0.7307286890147874
2026-06-08 06:59:20 - __main__ - INFO - Input matrix with HNWSPEGFDIKYCRALQTMV encoding is removed.

2026-06-08 06:59:25 - __main__ - INFO - Input matrix with QLNDFICEWYRSTHGVPAMK encoding is generated.
2026-06-08 07:01:17 - __main__ - INFO - QLNDFICEWYRSTHGVPAMK encoding is done for multiclass task with:
	-custom
		-f1: 0.43347286772046667
		-auroc: 0.8103681426619908
	-resnet
		-f1: 0.38070671329384265
		-auroc: 0.7346226790444031
2026-06-08 07:01:17 - __main__ - INFO - Input matrix with QLNDFICEWYRSTHGVPAMK encoding is removed.

2026-06-08 07:01:22 - __main__ - INFO - Input matrix with WRDCYINHVQPFLAKESGMT encoding is generated.
2026-06-08 07:03:15 - __main__ - INFO - WRDCYINHVQPFLAKESGMT encoding is done for multiclass task with:
	-custom
		-f1: 0.42834140755009453
		-auroc: 0.790130577103695
	-resnet
		-f1: 0.36393186453394966
		-auroc: 0.7179342826769626
2026-06-08 07:03:15 - __main__ - INFO - Input matrix with WRDCYINHVQPFLAKESGMT encoding is removed.

2026-06-08 07:03:20 - __main__ - INFO - Input matrix with IATLFESVPRGMCKWYHDNQ encoding is generated.
2026-06-08 07:05:10 - __main__ - INFO - IATLFESVPRGMCKWYHDNQ encoding is done for multiclass task with:
	-custom
		-f1: 0.41817096256649205
		-auroc: 0.7927832879725958
	-resnet
		-f1: 0.3848372729651027
		-auroc: 0.7249308743352073
2026-06-08 07:05:10 - __main__ - INFO - Input matrix with IATLFESVPRGMCKWYHDNQ encoding is removed.

2026-06-08 07:05:15 - __main__ - INFO - Input matrix with KRPGHSETDLIFNYWMCVAQ encoding is generated.
2026-06-08 07:07:02 - __main__ - INFO - KRPGHSETDLIFNYWMCVAQ encoding is done for multiclass task with:
	-custom
		-f1: 0.42462808654604745
		-auroc: 0.798873157087502
	-resnet
		-f1: 0.40115742894875767
		-auroc: 0.7451459367128483
2026-06-08 07:07:02 - __main__ - INFO - Input matrix with KRPGHSETDLIFNYWMCVAQ encoding is removed.

2026-06-08 07:07:08 - __main__ - INFO - Input matrix with DARIGHYLWSMNECTVQPKF encoding is generated.
2026-06-08 07:09:00 - __main__ - INFO - DARIGHYLWSMNECTVQPKF encoding is done for multiclass task with:
	-custom
		-f1: 0.43886763101446685
		-auroc: 0.7963547533434109
	-resnet
		-f1: 0.4073958409766772
		-auroc: 0.7477826056674839
2026-06-08 07:09:00 - __main__ - INFO - Input matrix with DARIGHYLWSMNECTVQPKF encoding is removed.

2026-06-08 07:09:06 - __main__ - INFO - Input matrix with YDMQNSHWTVPAERGKLCFI encoding is generated.
2026-06-08 07:10:56 - __main__ - INFO - YDMQNSHWTVPAERGKLCFI encoding is done for multiclass task with:
	-custom
		-f1: 0.43171483906111796
		-auroc: 0.7913153411262904
	-resnet
		-f1: 0.36673347443123805
		-auroc: 0.7128093175691173
2026-06-08 07:10:56 - __main__ - INFO - Input matrix with YDMQNSHWTVPAERGKLCFI encoding is removed.

2026-06-08 07:11:02 - __main__ - INFO - Input matrix with GFKIEATPRDMCVSLWNHYQ encoding is generated.
2026-06-08 07:12:53 - __main__ - INFO - GFKIEATPRDMCVSLWNHYQ encoding is done for multiclass task with:
	-custom
		-f1: 0.44637836270963105
		-auroc: 0.8010369044708966
	-resnet
		-f1: 0.3694477137984694
		-auroc: 0.7364779782362156
2026-06-08 07:12:53 - __main__ - INFO - Input matrix with GFKIEATPRDMCVSLWNHYQ encoding is removed.

2026-06-08 07:12:58 - __main__ - INFO - Input matrix with ESWHYVMCKNRFIPAGDQTL encoding is generated.
2026-06-08 07:14:44 - __main__ - INFO - ESWHYVMCKNRFIPAGDQTL encoding is done for multiclass task with:
	-custom
		-f1: 0.41637980793489443
		-auroc: 0.7897492275808846
	-resnet
		-f1: 0.352339037178876
		-auroc: 0.7025977100505798
2026-06-08 07:14:44 - __main__ - INFO - Input matrix with ESWHYVMCKNRFIPAGDQTL encoding is removed.

2026-06-08 07:14:50 - __main__ - INFO - Input matrix with PSQMRVELIFNYTKWCADHG encoding is generated.
2026-06-08 07:16:40 - __main__ - INFO - PSQMRVELIFNYTKWCADHG encoding is done for multiclass task with:
	-custom
		-f1: 0.4273454365940264
		-auroc: 0.8040731941172297
	-resnet
		-f1: 0.41662050592250177
		-auroc: 0.7612629522870499
2026-06-08 07:16:40 - __main__ - INFO - Input matrix with PSQMRVELIFNYTKWCADHG encoding is removed.

2026-06-08 07:16:45 - __main__ - INFO - Input matrix with YCWKTGNAQDLSERVHFPMI encoding is generated.
2026-06-08 07:18:35 - __main__ - INFO - YCWKTGNAQDLSERVHFPMI encoding is done for multiclass task with:
	-custom
		-f1: 0.442671686022848
		-auroc: 0.797037429317738
	-resnet
		-f1: 0.3744754352491634
		-auroc: 0.7303271500816579
2026-06-08 07:18:35 - __main__ - INFO - Input matrix with YCWKTGNAQDLSERVHFPMI encoding is removed.

2026-06-08 07:18:41 - __main__ - INFO - Input matrix with DVHTASEKLYMQPNIGCFWR encoding is generated.
2026-06-08 07:20:28 - __main__ - INFO - DVHTASEKLYMQPNIGCFWR encoding is done for multiclass task with:
	-custom
		-f1: 0.4464368288746484
		-auroc: 0.7934739190187259
	-resnet
		-f1: 0.40053503820106123
		-auroc: 0.733831477040593
2026-06-08 07:20:28 - __main__ - INFO - Input matrix with DVHTASEKLYMQPNIGCFWR encoding is removed.

2026-06-08 07:20:33 - __main__ - INFO - Input matrix with CIRQNDKWTVFSHYEALPGM encoding is generated.
2026-06-08 07:22:20 - __main__ - INFO - CIRQNDKWTVFSHYEALPGM encoding is done for multiclass task with:
	-custom
		-f1: 0.452981445991131
		-auroc: 0.7971222173412417
	-resnet
		-f1: 0.36614430407650594
		-auroc: 0.7341222773699163
2026-06-08 07:22:20 - __main__ - INFO - Input matrix with CIRQNDKWTVFSHYEALPGM encoding is removed.

2026-06-08 07:22:25 - __main__ - INFO - Input matrix with KYFCAWREPVNLGSDIQMHT encoding is generated.
2026-06-08 07:24:17 - __main__ - INFO - KYFCAWREPVNLGSDIQMHT encoding is done for multiclass task with:
	-custom
		-f1: 0.42368045131404514
		-auroc: 0.7924604419954004
	-resnet
		-f1: 0.3259258658553071
		-auroc: 0.7236872525850471
2026-06-08 07:24:17 - __main__ - INFO - Input matrix with KYFCAWREPVNLGSDIQMHT encoding is removed.

2026-06-08 07:24:22 - __main__ - INFO - Input matrix with MKYHNRTLPQIWVACDGFES encoding is generated.
2026-06-08 07:26:13 - __main__ - INFO - MKYHNRTLPQIWVACDGFES encoding is done for multiclass task with:
	-custom
		-f1: 0.43759713657001187
		-auroc: 0.7879198527390543
	-resnet
		-f1: 0.41620232741724905
		-auroc: 0.7282020251284775
2026-06-08 07:26:13 - __main__ - INFO - Input matrix with MKYHNRTLPQIWVACDGFES encoding is removed.

2026-06-08 07:26:18 - __main__ - INFO - Input matrix with NDHIARPMFCTKWGLVSYQE encoding is generated.
2026-06-08 07:28:09 - __main__ - INFO - NDHIARPMFCTKWGLVSYQE encoding is done for multiclass task with:
	-custom
		-f1: 0.4139760323379701
		-auroc: 0.7867123997940146
	-resnet
		-f1: 0.419206740107124
		-auroc: 0.7327159508003351
2026-06-08 07:28:09 - __main__ - INFO - Input matrix with NDHIARPMFCTKWGLVSYQE encoding is removed.

2026-06-08 07:28:15 - __main__ - INFO - Input matrix with KQMYFDVGIREATSCPHWNL encoding is generated.
2026-06-08 07:30:06 - __main__ - INFO - KQMYFDVGIREATSCPHWNL encoding is done for multiclass task with:
	-custom
		-f1: 0.45972933759014056
		-auroc: 0.8016082930306954
	-resnet
		-f1: 0.38845477094899783
		-auroc: 0.7224261350485278
2026-06-08 07:30:06 - __main__ - INFO - Input matrix with KQMYFDVGIREATSCPHWNL encoding is removed.

2026-06-08 07:30:11 - __main__ - INFO - Input matrix with LFTWMVDPQRICAEYKSGNH encoding is generated.
2026-06-08 07:32:01 - __main__ - INFO - LFTWMVDPQRICAEYKSGNH encoding is done for multiclass task with:
	-custom
		-f1: 0.4283836667533206
		-auroc: 0.7989713902955714
	-resnet
		-f1: 0.312339987976915
		-auroc: 0.717280553726613
2026-06-08 07:32:01 - __main__ - INFO - Input matrix with LFTWMVDPQRICAEYKSGNH encoding is removed.

2026-06-08 07:32:07 - __main__ - INFO - Input matrix with CPSFQDMHVIENTGLRYAKW encoding is generated.
2026-06-08 07:33:56 - __main__ - INFO - CPSFQDMHVIENTGLRYAKW encoding is done for multiclass task with:
	-custom
		-f1: 0.4367931844084212
		-auroc: 0.8032723345336714
	-resnet
		-f1: 0.43530745255203457
		-auroc: 0.7629125507568247
2026-06-08 07:33:56 - __main__ - INFO - Input matrix with CPSFQDMHVIENTGLRYAKW encoding is removed.

2026-06-08 07:34:01 - __main__ - INFO - Input matrix with LNTKFPICEQDVGWMAYSRH encoding is generated.
2026-06-08 07:35:53 - __main__ - INFO - LNTKFPICEQDVGWMAYSRH encoding is done for multiclass task with:
	-custom
		-f1: 0.42960153989451727
		-auroc: 0.7875151075106236
	-resnet
		-f1: 0.4287649481886356
		-auroc: 0.7398839922821866
2026-06-08 07:35:53 - __main__ - INFO - Input matrix with LNTKFPICEQDVGWMAYSRH encoding is removed.

2026-06-08 07:35:59 - __main__ - INFO - Input matrix with KRYNSWDMHVILCAQEGPFT encoding is generated.
2026-06-08 07:37:49 - __main__ - INFO - KRYNSWDMHVILCAQEGPFT encoding is done for multiclass task with:
	-custom
		-f1: 0.4412410925622111
		-auroc: 0.7978854271161746
	-resnet
		-f1: 0.34549593531572514
		-auroc: 0.7261181313499401
2026-06-08 07:37:49 - __main__ - INFO - Input matrix with KRYNSWDMHVILCAQEGPFT encoding is removed.

2026-06-08 07:37:55 - __main__ - INFO - Input matrix with LNQSTARDPWICHYMEFGKV encoding is generated.
2026-06-08 07:39:44 - __main__ - INFO - LNQSTARDPWICHYMEFGKV encoding is done for multiclass task with:
	-custom
		-f1: 0.4357089484973927
		-auroc: 0.7930555329604981
	-resnet
		-f1: 0.3760310725752097
		-auroc: 0.737141045999816
2026-06-08 07:39:44 - __main__ - INFO - Input matrix with LNQSTARDPWICHYMEFGKV encoding is removed.

2026-06-08 07:39:50 - __main__ - INFO - Input matrix with GVWPTKADEYSLFNHCRIMQ encoding is generated.
2026-06-08 07:41:41 - __main__ - INFO - GVWPTKADEYSLFNHCRIMQ encoding is done for multiclass task with:
	-custom
		-f1: 0.3994248886162627
		-auroc: 0.7814840919963311
	-resnet
		-f1: 0.4419588661183539
		-auroc: 0.7544610311729619
2026-06-08 07:41:41 - __main__ - INFO - Input matrix with GVWPTKADEYSLFNHCRIMQ encoding is removed.

2026-06-08 07:41:47 - __main__ - INFO - Input matrix with APTSKWGIDCMQNHRFVYLE encoding is generated.
2026-06-08 07:43:33 - __main__ - INFO - APTSKWGIDCMQNHRFVYLE encoding is done for multiclass task with:
	-custom
		-f1: 0.4169448749241786
		-auroc: 0.792616443447307
	-resnet
		-f1: 0.4038631552240283
		-auroc: 0.7298691348229551
2026-06-08 07:43:33 - __main__ - INFO - Input matrix with APTSKWGIDCMQNHRFVYLE encoding is removed.

2026-06-08 07:43:39 - __main__ - INFO - Input matrix with IWFDRPTCAGMESYQHVLNK encoding is generated.
2026-06-08 07:45:30 - __main__ - INFO - IWFDRPTCAGMESYQHVLNK encoding is done for multiclass task with:
	-custom
		-f1: 0.4600582667405055
		-auroc: 0.8002687782232678
	-resnet
		-f1: 0.4047783137886669
		-auroc: 0.7613269360779975
2026-06-08 07:45:30 - __main__ - INFO - Input matrix with IWFDRPTCAGMESYQHVLNK encoding is removed.

2026-06-08 07:45:36 - __main__ - INFO - Input matrix with TPQLGIFNDEWRAHCVYSKM encoding is generated.
2026-06-08 07:47:27 - __main__ - INFO - TPQLGIFNDEWRAHCVYSKM encoding is done for multiclass task with:
	-custom
		-f1: 0.419786254776849
		-auroc: 0.7932797494677875
	-resnet
		-f1: 0.36853258262028843
		-auroc: 0.7470252700869058
2026-06-08 07:47:27 - __main__ - INFO - Input matrix with TPQLGIFNDEWRAHCVYSKM encoding is removed.

2026-06-08 07:47:32 - __main__ - INFO - Input matrix with KRIAEYFSWVNTGHMQCLPD encoding is generated.
2026-06-08 07:49:23 - __main__ - INFO - KRIAEYFSWVNTGHMQCLPD encoding is done for multiclass task with:
	-custom
		-f1: 0.4289057674351793
		-auroc: 0.8060409488831917
	-resnet
		-f1: 0.42701472577297855
		-auroc: 0.7608311578625216
2026-06-08 07:49:23 - __main__ - INFO - Input matrix with KRIAEYFSWVNTGHMQCLPD encoding is removed.

2026-06-08 07:49:28 - __main__ - INFO - Input matrix with DPYERTFLMAKQSIHCGVWN encoding is generated.
2026-06-08 07:51:20 - __main__ - INFO - DPYERTFLMAKQSIHCGVWN encoding is done for multiclass task with:
	-custom
		-f1: 0.4365260522308406
		-auroc: 0.7914754665586425
	-resnet
		-f1: 0.3935208317692501
		-auroc: 0.7369554874409948
2026-06-08 07:51:20 - __main__ - INFO - Input matrix with DPYERTFLMAKQSIHCGVWN encoding is removed.

2026-06-08 07:51:26 - __main__ - INFO - Input matrix with LMCDGEPTFIYASRQVHKNW encoding is generated.
2026-06-08 07:53:17 - __main__ - INFO - LMCDGEPTFIYASRQVHKNW encoding is done for multiclass task with:
	-custom
		-f1: 0.4321500095033838
		-auroc: 0.794883683525548
	-resnet
		-f1: 0.3114868455612424
		-auroc: 0.6735123173426629
2026-06-08 07:53:17 - __main__ - INFO - Input matrix with LMCDGEPTFIYASRQVHKNW encoding is removed.

2026-06-08 07:53:23 - __main__ - INFO - Input matrix with NIKDGFYMPEAQSVHRTWCL encoding is generated.
2026-06-08 07:55:12 - __main__ - INFO - NIKDGFYMPEAQSVHRTWCL encoding is done for multiclass task with:
	-custom
		-f1: 0.4446159110361051
		-auroc: 0.8019933072259672
	-resnet
		-f1: 0.37985179183742207
		-auroc: 0.7342814358649392
2026-06-08 07:55:12 - __main__ - INFO - Input matrix with NIKDGFYMPEAQSVHRTWCL encoding is removed.

2026-06-08 07:55:18 - __main__ - INFO - Input matrix with QRNMCWAITVGKDHPFLSYE encoding is generated.
2026-06-08 07:57:05 - __main__ - INFO - QRNMCWAITVGKDHPFLSYE encoding is done for multiclass task with:
	-custom
		-f1: 0.4059219786834971
		-auroc: 0.7923233220141951
	-resnet
		-f1: 0.3830811131527074
		-auroc: 0.715663278768616
2026-06-08 07:57:05 - __main__ - INFO - Input matrix with QRNMCWAITVGKDHPFLSYE encoding is removed.

2026-06-08 07:57:11 - __main__ - INFO - Input matrix with DESMFLQVRHWAPCGNYKIT encoding is generated.
2026-06-08 07:59:02 - __main__ - INFO - DESMFLQVRHWAPCGNYKIT encoding is done for multiclass task with:
	-custom
		-f1: 0.42271021163523537
		-auroc: 0.796401549650404
	-resnet
		-f1: 0.42059662715252166
		-auroc: 0.7260779054831825
2026-06-08 07:59:02 - __main__ - INFO - Input matrix with DESMFLQVRHWAPCGNYKIT encoding is removed.

2026-06-08 07:59:07 - __main__ - INFO - Input matrix with NLHARQTGVEDCIWKSPFMY encoding is generated.
2026-06-08 08:00:54 - __main__ - INFO - NLHARQTGVEDCIWKSPFMY encoding is done for multiclass task with:
	-custom
		-f1: 0.4271872280997958
		-auroc: 0.789015176301749
	-resnet
		-f1: 0.3877240305796429
		-auroc: 0.7410361298463854
2026-06-08 08:00:54 - __main__ - INFO - Input matrix with NLHARQTGVEDCIWKSPFMY encoding is removed.

2026-06-08 08:01:00 - __main__ - INFO - Input matrix with DIVAMCWSHRGQFLPEYKTN encoding is generated.
2026-06-08 08:02:51 - __main__ - INFO - DIVAMCWSHRGQFLPEYKTN encoding is done for multiclass task with:
	-custom
		-f1: 0.44720459954553304
		-auroc: 0.7948952391864803
	-resnet
		-f1: 0.37960458785350104
		-auroc: 0.7400956661427577
2026-06-08 08:02:51 - __main__ - INFO - Input matrix with DIVAMCWSHRGQFLPEYKTN encoding is removed.

2026-06-08 08:02:57 - __main__ - INFO - Input matrix with TPKHEIGMVRQWDLSFCNAY encoding is generated.
2026-06-08 08:04:44 - __main__ - INFO - TPKHEIGMVRQWDLSFCNAY encoding is done for multiclass task with:
	-custom
		-f1: 0.40950261588166315
		-auroc: 0.7922071285787344
	-resnet
		-f1: 0.3671794959028477
		-auroc: 0.7255944878917165
2026-06-08 08:04:44 - __main__ - INFO - Input matrix with TPKHEIGMVRQWDLSFCNAY encoding is removed.

2026-06-08 08:04:50 - __main__ - INFO - Input matrix with KCLTWDPASINFYEHMGRQV encoding is generated.
2026-06-08 08:06:38 - __main__ - INFO - KCLTWDPASINFYEHMGRQV encoding is done for multiclass task with:
	-custom
		-f1: 0.4368314002798737
		-auroc: 0.7922564563758804
	-resnet
		-f1: 0.3502266048152595
		-auroc: 0.7080391040982216
2026-06-08 08:06:38 - __main__ - INFO - Input matrix with KCLTWDPASINFYEHMGRQV encoding is removed.

2026-06-08 08:06:44 - __main__ - INFO - Input matrix with QMWILKTESGRNHDVFYCPA encoding is generated.
2026-06-08 08:08:35 - __main__ - INFO - QMWILKTESGRNHDVFYCPA encoding is done for multiclass task with:
	-custom
		-f1: 0.45431562176815515
		-auroc: 0.7969697572339082
	-resnet
		-f1: 0.41259454979848253
		-auroc: 0.757336470002816
2026-06-08 08:08:35 - __main__ - INFO - Input matrix with QMWILKTESGRNHDVFYCPA encoding is removed.

2026-06-08 08:08:41 - __main__ - INFO - Input matrix with HDEAPIVFNMYGCSRKQTWL encoding is generated.
2026-06-08 08:10:30 - __main__ - INFO - HDEAPIVFNMYGCSRKQTWL encoding is done for multiclass task with:
	-custom
		-f1: 0.43638525827084174
		-auroc: 0.7989235643857038
	-resnet
		-f1: 0.3541008562693386
		-auroc: 0.6994731486695943
2026-06-08 08:10:30 - __main__ - INFO - Input matrix with HDEAPIVFNMYGCSRKQTWL encoding is removed.

2026-06-08 08:10:35 - __main__ - INFO - Input matrix with WGNYKEACSPIFVMLRHDQT encoding is generated.
2026-06-08 08:12:26 - __main__ - INFO - WGNYKEACSPIFVMLRHDQT encoding is done for multiclass task with:
	-custom
		-f1: 0.43639329865722776
		-auroc: 0.8021090591604304
	-resnet
		-f1: 0.37732576400489537
		-auroc: 0.7138411380797922
2026-06-08 08:12:26 - __main__ - INFO - Input matrix with WGNYKEACSPIFVMLRHDQT encoding is removed.

2026-06-08 08:12:31 - __main__ - INFO - Input matrix with GINRLSDACFWPYKEQHMVT encoding is generated.
2026-06-08 08:14:23 - __main__ - INFO - GINRLSDACFWPYKEQHMVT encoding is done for multiclass task with:
	-custom
		-f1: 0.4254240553433169
		-auroc: 0.7928764424835613
	-resnet
		-f1: 0.39780517243803704
		-auroc: 0.7202788449223487
2026-06-08 08:14:23 - __main__ - INFO - Input matrix with GINRLSDACFWPYKEQHMVT encoding is removed.

2026-06-08 08:14:28 - __main__ - INFO - Input matrix with HKNMWFEDGYACLRIVPTSQ encoding is generated.
2026-06-08 08:16:19 - __main__ - INFO - HKNMWFEDGYACLRIVPTSQ encoding is done for multiclass task with:
	-custom
		-f1: 0.43265981814894516
		-auroc: 0.795119218837552
	-resnet
		-f1: 0.38813313325135257
		-auroc: 0.7347820168718261
2026-06-08 08:16:19 - __main__ - INFO - Input matrix with HKNMWFEDGYACLRIVPTSQ encoding is removed.

2026-06-08 08:16:24 - __main__ - INFO - Input matrix with PAKSILYCQRFGDNTEWHVM encoding is generated.
2026-06-08 08:18:15 - __main__ - INFO - PAKSILYCQRFGDNTEWHVM encoding is done for multiclass task with:
	-custom
		-f1: 0.4472878184314218
		-auroc: 0.7932581183624202
	-resnet
		-f1: 0.360184716567823
		-auroc: 0.7374424131325502
2026-06-08 08:18:15 - __main__ - INFO - Input matrix with PAKSILYCQRFGDNTEWHVM encoding is removed.

2026-06-08 08:18:20 - __main__ - INFO - Input matrix with SPEAQVFHLRNYKGWMTCID encoding is generated.
2026-06-08 08:20:11 - __main__ - INFO - SPEAQVFHLRNYKGWMTCID encoding is done for multiclass task with:
	-custom
		-f1: 0.43889468751296035
		-auroc: 0.7935238627552084
	-resnet
		-f1: 0.3688577138844084
		-auroc: 0.7309790853765828
2026-06-08 08:20:11 - __main__ - INFO - Input matrix with SPEAQVFHLRNYKGWMTCID encoding is removed.

2026-06-08 08:20:17 - __main__ - INFO - Input matrix with ELQPFIKDAVSNRMGYTHWC encoding is generated.
2026-06-08 08:22:05 - __main__ - INFO - ELQPFIKDAVSNRMGYTHWC encoding is done for multiclass task with:
	-custom
		-f1: 0.4353334883792388
		-auroc: 0.7957813239815199
	-resnet
		-f1: 0.36968186941052555
		-auroc: 0.7099887805286913
2026-06-08 08:22:05 - __main__ - INFO - Input matrix with ELQPFIKDAVSNRMGYTHWC encoding is removed.

2026-06-08 08:22:11 - __main__ - INFO - Input matrix with MFYGTPEKHINWSLAQRVDC encoding is generated.
2026-06-08 08:24:02 - __main__ - INFO - MFYGTPEKHINWSLAQRVDC encoding is done for multiclass task with:
	-custom
		-f1: 0.4395704040861751
		-auroc: 0.7999742458592725
	-resnet
		-f1: 0.3640509656168446
		-auroc: 0.7281167890783993
2026-06-08 08:24:02 - __main__ - INFO - Input matrix with MFYGTPEKHINWSLAQRVDC encoding is removed.

2026-06-08 08:24:07 - __main__ - INFO - Input matrix with DIMQWFRTKNVLESAGPCYH encoding is generated.
2026-06-08 08:25:58 - __main__ - INFO - DIMQWFRTKNVLESAGPCYH encoding is done for multiclass task with:
	-custom
		-f1: 0.4331854609971398
		-auroc: 0.8005721780337256
	-resnet
		-f1: 0.3803793777389687
		-auroc: 0.721031783384225
2026-06-08 08:25:58 - __main__ - INFO - Input matrix with DIMQWFRTKNVLESAGPCYH encoding is removed.

2026-06-08 08:26:04 - __main__ - INFO - Input matrix with MKTYDLPAERIFHVGNCQSW encoding is generated.
2026-06-08 08:27:55 - __main__ - INFO - MKTYDLPAERIFHVGNCQSW encoding is done for multiclass task with:
	-custom
		-f1: 0.45911429318420743
		-auroc: 0.792841672772925
	-resnet
		-f1: 0.38298238170302473
		-auroc: 0.728634317011746
2026-06-08 08:27:55 - __main__ - INFO - Input matrix with MKTYDLPAERIFHVGNCQSW encoding is removed.

2026-06-08 08:28:01 - __main__ - INFO - Input matrix with HKSFCWANPVQDRETGMLIY encoding is generated.
2026-06-08 08:29:52 - __main__ - INFO - HKSFCWANPVQDRETGMLIY encoding is done for multiclass task with:
	-custom
		-f1: 0.4332716826640054
		-auroc: 0.7907477985752136
	-resnet
		-f1: 0.3835740937308741
		-auroc: 0.7186351764788736
2026-06-08 08:29:52 - __main__ - INFO - Input matrix with HKSFCWANPVQDRETGMLIY encoding is removed.

2026-06-08 08:29:58 - __main__ - INFO - Input matrix with NASTFDMCGHRQYWVPLKEI encoding is generated.
2026-06-08 08:31:50 - __main__ - INFO - NASTFDMCGHRQYWVPLKEI encoding is done for multiclass task with:
	-custom
		-f1: 0.3880641234373525
		-auroc: 0.7856943530913117
	-resnet
		-f1: 0.39615791006516476
		-auroc: 0.7370735846775129
2026-06-08 08:31:50 - __main__ - INFO - Input matrix with NASTFDMCGHRQYWVPLKEI encoding is removed.

2026-06-08 08:31:55 - __main__ - INFO - Input matrix with DREWKPIMVCNQTAHFSGYL encoding is generated.
2026-06-08 08:33:46 - __main__ - INFO - DREWKPIMVCNQTAHFSGYL encoding is done for multiclass task with:
	-custom
		-f1: 0.42158350855679705
		-auroc: 0.7947856346700317
	-resnet
		-f1: 0.40607712003758517
		-auroc: 0.7444132032445869
2026-06-08 08:33:46 - __main__ - INFO - Input matrix with DREWKPIMVCNQTAHFSGYL encoding is removed.

2026-06-08 08:33:51 - __main__ - INFO - Input matrix with EDNYPLIGQHMRKFVCSWAT encoding is generated.
2026-06-08 08:35:41 - __main__ - INFO - EDNYPLIGQHMRKFVCSWAT encoding is done for multiclass task with:
	-custom
		-f1: 0.44865592544654226
		-auroc: 0.8022955731176588
	-resnet
		-f1: 0.37827827976439626
		-auroc: 0.7411217601998491
2026-06-08 08:35:41 - __main__ - INFO - Input matrix with EDNYPLIGQHMRKFVCSWAT encoding is removed.

2026-06-08 08:35:47 - __main__ - INFO - Input matrix with SHMPIDVWKFQYENLCGATR encoding is generated.
2026-06-08 08:37:38 - __main__ - INFO - SHMPIDVWKFQYENLCGATR encoding is done for multiclass task with:
	-custom
		-f1: 0.40359792527727356
		-auroc: 0.793410774481859
	-resnet
		-f1: 0.38335379397296304
		-auroc: 0.7119464407240101
2026-06-08 08:37:38 - __main__ - INFO - Input matrix with SHMPIDVWKFQYENLCGATR encoding is removed.

2026-06-08 08:37:43 - __main__ - INFO - Input matrix with PAFCEQHTGDWKYSIVRMLN encoding is generated.
2026-06-08 08:39:33 - __main__ - INFO - PAFCEQHTGDWKYSIVRMLN encoding is done for multiclass task with:
	-custom
		-f1: 0.4708030219235625
		-auroc: 0.7907706647533123
	-resnet
		-f1: 0.43017635105286944
		-auroc: 0.7409525419007205
2026-06-08 08:39:33 - __main__ - INFO - Input matrix with PAFCEQHTGDWKYSIVRMLN encoding is removed.

2026-06-08 08:39:39 - __main__ - INFO - Input matrix with NGFCAHSYRVPKQLDIMWET encoding is generated.
2026-06-08 08:41:31 - __main__ - INFO - NGFCAHSYRVPKQLDIMWET encoding is done for multiclass task with:
	-custom
		-f1: 0.41835881865364327
		-auroc: 0.7886682903680381
	-resnet
		-f1: 0.3967951749238936
		-auroc: 0.7095791390235949
2026-06-08 08:41:31 - __main__ - INFO - Input matrix with NGFCAHSYRVPKQLDIMWET encoding is removed.

2026-06-08 08:41:36 - __main__ - INFO - Input matrix with PLRKDYMWTEHAFNSGVICQ encoding is generated.
2026-06-08 08:43:24 - __main__ - INFO - PLRKDYMWTEHAFNSGVICQ encoding is done for multiclass task with:
	-custom
		-f1: 0.4311374921709656
		-auroc: 0.7923610964233351
	-resnet
		-f1: 0.4239506557634717
		-auroc: 0.7413434835042116
2026-06-08 08:43:24 - __main__ - INFO - Input matrix with PLRKDYMWTEHAFNSGVICQ encoding is removed.

2026-06-08 08:43:29 - __main__ - INFO - Input matrix with CSIWRDMVTKEPFQHAYNGL encoding is generated.
2026-06-08 08:45:21 - __main__ - INFO - CSIWRDMVTKEPFQHAYNGL encoding is done for multiclass task with:
	-custom
		-f1: 0.4430508381909652
		-auroc: 0.7950554221508922
	-resnet
		-f1: 0.3996183580029113
		-auroc: 0.7582267521193335
2026-06-08 08:45:21 - __main__ - INFO - Input matrix with CSIWRDMVTKEPFQHAYNGL encoding is removed.

2026-06-08 08:45:26 - __main__ - INFO - Input matrix with NYPVETCWIMDGAKHQFLSR encoding is generated.
2026-06-08 08:47:17 - __main__ - INFO - NYPVETCWIMDGAKHQFLSR encoding is done for multiclass task with:
	-custom
		-f1: 0.4303416873919598
		-auroc: 0.7947882731011564
	-resnet
		-f1: 0.39701024116526606
		-auroc: 0.7504968095945269
2026-06-08 08:47:17 - __main__ - INFO - Input matrix with NYPVETCWIMDGAKHQFLSR encoding is removed.

2026-06-08 08:47:22 - __main__ - INFO - Input matrix with RNPDEASWTCKIYFVMQLGH encoding is generated.
2026-06-08 08:49:11 - __main__ - INFO - RNPDEASWTCKIYFVMQLGH encoding is done for multiclass task with:
	-custom
		-f1: 0.44150041689936625
		-auroc: 0.7953496796841493
	-resnet
		-f1: 0.37525148028444144
		-auroc: 0.7300604755655697
2026-06-08 08:49:11 - __main__ - INFO - Input matrix with RNPDEASWTCKIYFVMQLGH encoding is removed.

2026-06-08 08:49:16 - __main__ - INFO - Input matrix with IKQDPCGELRVMYTSWAFNH encoding is generated.
2026-06-08 08:51:08 - __main__ - INFO - IKQDPCGELRVMYTSWAFNH encoding is done for multiclass task with:
	-custom
		-f1: 0.45216227486153837
		-auroc: 0.800536438100617
	-resnet
		-f1: 0.3383259574173461
		-auroc: 0.7089526911330121
2026-06-08 08:51:08 - __main__ - INFO - Input matrix with IKQDPCGELRVMYTSWAFNH encoding is removed.

2026-06-08 08:51:13 - __main__ - INFO - Input matrix with IHSFPDMRQTWYELNVKCGA encoding is generated.
2026-06-08 08:53:04 - __main__ - INFO - IHSFPDMRQTWYELNVKCGA encoding is done for multiclass task with:
	-custom
		-f1: 0.4538940882818915
		-auroc: 0.8070020507716258
	-resnet
		-f1: 0.3779614660019898
		-auroc: 0.7432119237797317
2026-06-08 08:53:04 - __main__ - INFO - Input matrix with IHSFPDMRQTWYELNVKCGA encoding is removed.

