encoding,accuracy
RYSPMLTEQKFGIHAWNCVD,0.7263007840342124
LNHAPTQEFDVRIGMCYKSW,0.7426942266571632
WHYCKQEFPDMVISLAGTRN,0.7341411261582323
KIERYPAHDQFTNSLCGWVM,0.7455452601568069
YIQVPHSKWEANTMGDRLCF,0.7426942266571632
MKSHQWFEGTIRLNAYCVPD,0.7455452601568069
TYFRDLMAGIQPEHNWKVSC,0.7355666429080542
LYTHASCFIKGVDNRWQEMP,0.7334283677833214
DESGFHVTALKQNYMWRIPC,0.7412687099073414
TKNFDHVCLMARYGWSPIEQ,0.7312900926585887
KYMGEHAVNCRPIDWTQSFL,0.7234497505345688
CVHWAKFMGQLDIPYSTREN,0.7248752672843906
WCPLATQGNKYFESHMIVRD,0.7362794012829651
LWTKVDIMYCNPHSQAERGF,0.7305773342836779
QNPCRIFASTGHKLDVEYMW,0.736992159657876
IQLFYPGKMHRNEWVTSADC,0.7277263007840342
CENVTMSLAWHKQYIGPDRF,0.7398431931575196
SANCRMQYHFELKTIPWGDV,0.7127583749109052
CARKQVSPWINTEDYFMGHL,0.7398431931575196
MEHNAPSRGYDKTFIQVLWC,0.7284390591589451
TDVSGNCKAYHIMLFPQREW,0.7391304347826086
WNQDGEHSTMAKVYLRPFCI,0.7405559515324305
HRYTMIGENPFLDSKQWCVA,0.7277263007840342
IGPKEYTVRWCFLADMNHQS,0.7355666429080542
GNLAQCHIVSRTEFDWYKMP,0.7434069850320741
NEMTGDRQVICAPYWHSLFK,0.7455452601568069
FTYPRDWVLGINEAMQCHSK,0.7377049180327869
IKNRHPEQYVATGLSDMFCW,0.7398431931575196
MTSKVDNAPFGWIECYHLRQ,0.729151817533856
RTEVDHKWNAPIYGLMFCQS,0.7412687099073414
KWFPTNLYHERCAISDQGVM,0.744832501781896
ASGTQMFCIHKWYVREDLPN,0.7384176764076978
CMYASWLPQIGRTEDNKHVF,0.7177476835352815
DCIEFSVQHANGKYPTLRMW,0.7284390591589451
NRCAMWSVLFGEYIKDHTPQ,0.7455452601568069
SGRILQDWAMHVNYTFECPK,0.7341411261582323
VQGDWAFEMPCTKLYSIRNH,0.7377049180327869
MRTQNWHSFDGCEPIALVKY,0.7398431931575196
QFSCGNIHTMKEDLARVPWY,0.7284390591589451
KEYGSRFIPQDNMLWVTACH,0.7384176764076978
YLRNGWPSFTAHQDEMCKIV,0.7498218104062723
KMIDCAWRFTYEQVPHGLNS,0.7312900926585887
FKAPYDSTVIRHWGQNECML,0.7334283677833214
VYIDANQCSPRKMFWGHELT,0.7384176764076978
LVPSHCQRMIEAKGDYTNFW,0.7405559515324305
TSQELHDKMCARGYWNPIVF,0.729864575908767
ASNIMQEGRPCHFLYWKVTD,0.7205987170349252
HMYRGWDPQAIEFKNCLTVS,0.7384176764076978
FLHAEPMNTQRWSDICGKYV,0.7398431931575196
NQGFRAMKLSVTCPDIHWYE,0.7341411261582323
ELPSNIAQMTVGCRWYHDKF,0.7419814682822523
HNPTLSAYEVFCGDWMIKRQ,0.7348538845331433
PIMKHGENSQLYTVAWRDFC,0.7305773342836779
MCYFNKRGDVQLAPETHWIS,0.7255880256593015
EYADTQVNKRILPMFHSGCW,0.7284390591589451
CRWEVHAKNSQPLYFMGDTI,0.7327156094084105
SFRCQPLEVTANHDYMIKWG,0.7248752672843906
IMYCALFQENVSTGHKPDWR,0.7391304347826086
GWMCPNTFRHIVEKSQAYDL,0.7312900926585887
MHPAYCWSINFRLEKVTDGQ,0.7491090520313614
EWDTQMFHVKNRYCGIPLSA,0.7426942266571632
FDEMLHSRQWITCAGNPVKY,0.7320028510334996
RGLWHDSCIYMQVANPFKTE,0.736992159657876
FMPHAVRLSIGETDCYQKNW,0.7312900926585887
FVRHQWGSEPNIKLAMDTYC,0.7284390591589451
FDSIQGPERMTYCAKHVLWN,0.7270135424091233
MQCKFLTGPDSHNWAYRIVE,0.7377049180327869
DTSMRPVFLHWINKGECYQA,0.7419814682822523
RGEAWKITCSMYNLFHPVQD,0.7362794012829651
DCWPVGQSKMFHLAREIYNT,0.7263007840342124
YLAWHKTMRGVNESDICFPQ,0.7205987170349252
HDWVYRSAQIPKMFLNCEGT,0.7391304347826086
EPFICKQMHNGSVARYTLWD,0.7320028510334996
QPFSTVHDCWYLNMAKIREG,0.7348538845331433
AKYTLHVDIMSWQCRGNPFE,0.7234497505345688
QHMDSTILNKYWREAGCVFP,0.7341411261582323
NDVTCMYIARQHWSEGKLFP,0.7355666429080542
IWMQGKESNPLVCHFYDRAT,0.7462580185317177
FHAKSDNVCEIPQGMLWTRY,0.7277263007840342
NRTSEWICHAGFYVMKPQDL,0.729151817533856
PDGEKIVQHTWMRYSCNFAL,0.7426942266571632
YPESFCDTINRHKMGWALQV,0.7312900926585887
MHIRQCKDAPTWLFGSVYEN,0.7540983606557377
IWEGVSCNKRQPMLAYTDHF,0.7348538845331433
VPLMERSYCIDHFTWQNAKG,0.7498218104062723
NDCIAGYVKRHWSQTPMFLE,0.7391304347826086
AHMVCEIQLKGYSPRFTWND,0.7227369921596579
GWFHMTNVEKSPILARCQYD,0.736992159657876
IMQFTGAYNERLSPWVDCHK,0.7263007840342124
NDCFWMQLVSYRAPHIKEGT,0.7391304347826086
LHVNRMQWYSIKAFGDCEPT,0.7305773342836779
FNEICYTVMWGLRKDSPHAQ,0.7476835352815395
QTAIHMVRKSNFPEWGDLYC,0.7341411261582323
WVKYHRGCIDSLQMPNFTEA,0.7384176764076978
FYVRLSQCNHTDAGPEKIMW,0.7348538845331433
WKRLGPFEQNTVCHSDMIYA,0.7441197434069851
MDREGAQICTPHNLFSYKVW,0.736992159657876
AQKNSFYPIWRGDVMHTLCE,0.7334283677833214
AIVYRSKLCQWGPTMFNEDH,0.7355666429080542
VNSHWKTLGYDRAFPCQMIE,0.7320028510334996
RSCVKNWYLEMAGDQTHPFI,0.7334283677833214
SMDEQVGPRKIWHNATLFYC,0.7355666429080542
RCPDFKIELAYMWTSNQVGH,0.729864575908767
ACWTLMFDSNGHIKPVREYQ,0.7455452601568069
TVGEPAHDWIYRMCKFQSNL,0.7441197434069851
LWEDQRCIHTYMFSAPVKNG,0.7476835352815395
IVGRPYMHSCQNLDATEWFK,0.7263007840342124
LVKMYQANHIEFCGTPSRDW,0.729864575908767
ETAHIDSNYLCKPWFQGVRM,0.7348538845331433
TFQWASVHRGNEDCKYLMPI,0.7483962936564504
RPCGIDYTNQVKHAEWFSLM,0.7412687099073414
IKTPGHQFYANELSRDWMVC,0.7462580185317177
LDGPIWMAENYTCVHKSQFR,0.7377049180327869
LGYWITASRFMHNKCDPEVQ,0.736992159657876
YKWVHIQNFEAGDSTRPMLC,0.7327156094084105
WFHTDCRYLGPQVNKESMIA,0.7434069850320741
GYSWPVKRNMAIQLHFDETC,0.7277263007840342
RMHEYWQTDFPVCGASLIKN,0.7205987170349252
PREFWHVKQMIYTLDNSGAC,0.7248752672843906
RVMLEPACHIQDKYWNTSGF,0.744832501781896
GIYDLCNPHRQMWFVTKESA,0.7419814682822523
ACWMPFLENIGRKSHVDQYT,0.7412687099073414
IFLNVHRMEWCKGTPSDAYQ,0.7270135424091233
CDHTKLYFWSIMEGAPNVRQ,0.7419814682822523
VSTDEGKAHYWFLIQNPMCR,0.7270135424091233
SIYTCDPWHGQVMLNKAEFR,0.7334283677833214
WGTNSRPLAVEKHIDMYFQC,0.7341411261582323
LDHWNKSTCPAGMRYFQVIE,0.7462580185317177
HQCSNFWYMARPKLGEVDIT,0.736992159657876
EFGITASKRPWDNCVYQLHM,0.7405559515324305
TSQNGYIHWMAKFLVDEPRC,0.7412687099073414
YTFVELIKCGDQNHWRASPM,0.7483962936564504
DRPSCYNVKGWEITMFQAHL,0.7355666429080542
GCMASWRHQLYIFKVDETPN,0.7569493941553813
DYMGINQAPVCSKRFLHWTE,0.7419814682822523
VAGWSRYEMPTDKLIQCFHN,0.7284390591589451
MISTVGKRDQPLEHCAFWNY,0.7419814682822523
IHWEFYLSTRVNCMDQAGPK,0.7205987170349252
TKGNADESMWFVHPRLQYIC,0.7348538845331433
WHQPMAREITSVLFNYGCKD,0.744832501781896
AIWQHFNDTCMYVSPKRGLE,0.7312900926585887
DMQAEKNRVGYHTILSCWFP,0.7305773342836779
FSDHKYCQINEGALVRWMTP,0.7555238774055595
GREWVYTDCKASLIMPNFQH,0.7284390591589451
IMENTHKDLRVWCAYPFSQG,0.7362794012829651
MHVWYELFCQDKSGRIANTP,0.7441197434069851
YAKRFESLMDTPNGWVCHQI,0.7441197434069851
CVFYDSTLIHKARMQNPEGW,0.7284390591589451
TPFNCSKAHERGIWYMDLVQ,0.7248752672843906
SMFLNWICGYHAVPETRDKQ,0.7398431931575196
MRTGIWNFQEYVPSCDLAHK,0.7341411261582323
GWCAYLVPHIRDEQTNMKSF,0.7334283677833214
KQLTPEHFWCSVIGMYNARD,0.7476835352815395
DEYVFMTWIKNAGLHRQPCS,0.736992159657876
VFHQTDMWCGPSIAKRNLYE,0.7405559515324305
NPIKYQSADHRTVWGMLEFC,0.7355666429080542
VFPITGCSQWLYKAENRDMH,0.7476835352815395
RPSEGCNYLAVQKWMHDTFI,0.7419814682822523
RCWALMPYFKSQDVTINGEH,0.7362794012829651
LISAEVWNRYKFDHGPTQCM,0.7377049180327869
QRFNGAIWLVEYCDPHMKST,0.7377049180327869
EGVFTDLMYPHAKRNWICQS,0.7305773342836779
GYEAWIRNCMDLSPQHVFKT,0.7198859586600143
IDYESFTVMARWHGPKCNQL,0.736992159657876
SRNYWEAKMLPDFTVQIGCH,0.7540983606557377
VIADTMPWENHLGKRQSFCY,0.729151817533856
LRQSWIYECGKHVDAFTMNP,0.7248752672843906
THEVAPDKWFQICYRNSGLM,0.7441197434069851
QNHSILAGTRVPKDFWCYME,0.7312900926585887
CWFQISMKHRYLEVANPTGD,0.7255880256593015
QLEYKCWRNHSADVTGMPIF,0.7305773342836779
KVDNMGIRSWTQAEHFPYLC,0.7327156094084105
CNLVTAHRGMWYPSDIQEKF,0.7405559515324305
SQRCWKPHIETLVMANDYFG,0.7284390591589451
YGATKMLPRWHIFNSQVCDE,0.7227369921596579
FLQGRVPWAYDMCTIEHSNK,0.7398431931575196
EKARTSCWQNYLGPVIHFMD,0.7327156094084105
DCHTWNRILGEVKYMAQPSF,0.7320028510334996
RNCKDQLAVIFMWTYEHSPG,0.7569493941553813
DIMVECAKSQFWTGHRLYNP,0.7312900926585887
MCTNRYHGFQDPEIKSLAWV,0.7455452601568069
AFKVYHRWLDPCGSNMQTIE,0.7441197434069851
GKQHSYPWNRTFMEILCVAD,0.7491090520313614
SRPWEIGLNYCQDVHTKMFA,0.7405559515324305
QLGRAHCKEMPITFVNSDWY,0.7512473271560941
NWFRTEACVDSGLMIYHKQP,0.7377049180327869
TEFKAMHLINCVDGSPRWQY,0.7419814682822523
IGSYWQTAEPRVNMCLKFDH,0.7184604419101924
GMNLYIVWRQAKEFHTDCPS,0.7305773342836779
EKCGRFSHAQYNPLWVIDTM,0.7412687099073414
RVLACYSITFWMKDQNHPGE,0.7548111190306486
HRWPLMIKCQADVFEGYTSN,0.729151817533856
EKSVPGYHNQTCDAWIRMFL,0.7455452601568069
REKWHFDTPQLAMYNIGVSC,0.7205987170349252
CKLGIAWDEQNMYPVTSHFR,0.7398431931575196
WGRMEFPQVATSCYHDLNKI,0.7341411261582323
LRGNCKHYWMSFDTAVEQIP,0.7384176764076978
APYERMTSQKIGFVCWNLHD,0.7270135424091233
AGLHPDYWMRKTESNVFICQ,0.7455452601568069
LYIVGTCQDSFPMNKAHRWE,0.7469707769066286
NKRYFGVCTIQPSHLMWEDA,0.7277263007840342
PLECTNGKSRHDWQVMFYIA,0.7377049180327869
LKCGNMFTSEDPYRHIWVQA,0.7434069850320741
GSWIKARLVETPYFNCDHMQ,0.7526728439059159
MNFARYCPWGIQHKTSELVD,0.7305773342836779
LPHTNAFKIYGDCSRWEVQM,0.7462580185317177
QGMLHPRSYETFVWCKINAD,0.7412687099073414
HQCDYNASWKEIGLPVRFTM,0.7377049180327869
HWLYNEDCPKFRTSAQMVGI,0.7434069850320741
HYKICDWNLFGQSMRVEPAT,0.7398431931575196
FYADMILPQVHRNKCWSTGE,0.7320028510334996
MKSWTFNAHVCELQRGDIPY,0.7419814682822523
PHCAEMQRGLVWTYSIDFKN,0.7341411261582323
IRDGFSWLEKTQNCHMPYAV,0.7348538845331433
RCNMATIFHQPKWGDSEYLV,0.7405559515324305
GNPDCEYTQLFIAHVKSRWM,0.7391304347826086
CEISDGTKFRHQWNMVPLYA,0.7384176764076978
LNPTKYAQSEMVWDRFHGIC,0.729864575908767
KMEDTCAGWYVQRHLIPNFS,0.729864575908767
YGLNMTAVIHQRWPCEDFSK,0.7476835352815395
DHMREYLQSWVTFNIGPKAC,0.744832501781896
GLYATQHVKDCNRWPMIEFS,0.7198859586600143
PNKERSHIYTMQWDALFCGV,0.7455452601568069
CKTVIHMNGDWEAPRFYLQS,0.7341411261582323
FCDSNWPGYRTLMVHQIKEA,0.7512473271560941
FTDAYWLVPCMRSNIQHKEG,0.7441197434069851
LVWEKPGMQRYNCFSHTAID,0.7198859586600143
TWEPCFKSVMAIQHDNYGLR,0.7184604419101924
LPSRNGCTIDYVKMHAQEWF,0.7305773342836779
WAHVGLTSKCDNFIYMRQPE,0.7334283677833214
CSHMWEDAIQFRLKNGPTVY,0.736992159657876
RWSHTKVNAMLYDGIQCPEF,0.7426942266571632
RITAGMDFSNKLPVHCEQYW,0.7362794012829651
AWYVQEDLFRNTCKIMHGPS,0.7398431931575196
VKTHFWPRELGIQASYNDCM,0.7455452601568069
MIFGTECRSYNHAPVQWDKL,0.7334283677833214
WHRDEGMTLVISPYFQACKN,0.7412687099073414
KPTAGRFQDSLIHCVENYMW,0.7384176764076978
DAENRVLHPGKCSWYITQFM,0.7334283677833214
DCEPAGLSWNTIRVMFYKHQ,0.7533856022808268
LGAVKIYSQEWTPHCFDNRM,0.7384176764076978
GWTLFNYVICHDEPQKRMSA,0.7355666429080542
ITMCVPRKLFEGHWSQNADY,0.7284390591589451
CMIWEYDHNRSQAFKVPLGT,0.7334283677833214
PQWLSVRNHKMFCEATDGIY,0.7355666429080542
IKVSQLCERNDPYAGFHTWM,0.7327156094084105
HPTEFSNRCLYQVDWGMAKI,0.7127583749109052
GVTPCYRNLSQKDEAHFWIM,0.7540983606557377
EQWHYPTNRFGDLCSAIKVM,0.7305773342836779
ICDRHMQSWKVNYPATGFLE,0.736992159657876
NFTYRAIPQSWCDGHMLVKE,0.7469707769066286
QMYHKWETILPACNRDFGSV,0.7362794012829651
KGFSLTPHQYCEWRVNDIAM,0.729151817533856
VRTKNCLYMQHSGWAIPDEF,0.7341411261582323
KHQNFYATIECWLVMPGDSR,0.7562366357804704
VMRKQYPCSFGITLDEWHNA,0.7441197434069851
KNDTRGIAQMELYHFPCWVS,0.729864575908767
WTAGSDVECRHQKMPFYILN,0.7177476835352815
ENTRHVDMGLKISCPYQFWA,0.7170349251603706
ACEGPQFHRNLSTVIKYMDW,0.7248752672843906
DTPCFEWRYLHQMGKNIASV,0.7255880256593015
VLCKWQFAHTNPGDYESRMI,0.7284390591589451
EFIWLSRAQHTCVGYNDKMP,0.7327156094084105
WQSLHDFPYRVGTIACKMEN,0.7398431931575196
KWYITVGEHRDCPLNSQFAM,0.7334283677833214
DITAHEMLKVNRYSWCGQFP,0.7426942266571632
THDFYEVKMANRLGQSIWCP,0.729864575908767
RWELNQDTVPYMACGHIFKS,0.7555238774055595
RANKWDVLSYQFCHIPMTEG,0.7355666429080542
TENFPDHARSWMYLKCGIQV,0.7355666429080542
CKEDWNLTMHAGQIFRPYSV,0.7255880256593015
VFALSCETGMYKIWPNRDHQ,0.7362794012829651
SKDQYNCEHWPVGLTFRAIM,0.7605131860299359
PVKHIGDNCSTRWMLQAFYE,0.7455452601568069
SMPLGFTIDQEWCYHARKVN,0.7198859586600143
HVMDCAYTGPRNFEWQISLK,0.729151817533856
FVDMQKEHSTICWAYGPNRL,0.736992159657876
AFDCGLIHRQPYETNKSWVM,0.7184604419101924
FTIAPMENSGVYQLRKHDCW,0.7455452601568069
QYLFDRAEVTPGKMHCNSWI,0.7213114754098361
QNMIADFRKYGTHWSLVCPE,0.7419814682822523
GMYTPECKRDFLSVQWAHIN,0.7320028510334996
FKVSMHYELGDCPNWIRQTA,0.729151817533856
WCLPRGDSKHTNMIEQFVYA,0.7377049180327869
TYICKHRPNEVLDGFQSAMW,0.7305773342836779
ELQNDKWCHPAIVGSMFYRT,0.7398431931575196
QWHIVRPMLCSAFGYKNDTE,0.729151817533856
NGSYPLETCDKAWFHQMRVI,0.7355666429080542
HKRYSEQLMFWGNIADCPVT,0.744832501781896
MLNKPIGTAWCSQFRHYDVE,0.7334283677833214
PDKRHVLANGEFYCSTMWQI,0.7412687099073414
NWGPMRDYVESKCAQHITLF,0.7434069850320741
VRYTCLWAGDQHENIMSPKF,0.7405559515324305
RDVGWHECNAKTMLQYIFSP,0.7498218104062723
YRGITDPHCAFMQNWVEKSL,0.7540983606557377
TKCVWMIAHRNGFDSYQELP,0.729151817533856
VGRTMHIFDCALSQPKYNEW,0.7234497505345688
PQTVNMDIGHFAREKWYSLC,0.7305773342836779
CHVKNDTMGWYFSQRAPLEI,0.7320028510334996
RHQPMDFCEANWYTSILGKV,0.7419814682822523
DPKWGQITCLRMAEYFHNVS,0.744832501781896
ADMWREIHGTVFCPSQLKYN,0.7426942266571632
TKVFQWMAHRGEPCDYLNIS,0.729864575908767
PDMYRIEHVCANKLFWSTQG,0.744832501781896
FTCKQVLGYDPSEAMNWRHI,0.7355666429080542
FNCWDKLGSMEIVHPAQTYR,0.7198859586600143
KDNMSTVGHLQYFPWAEIRC,0.7348538845331433
MKTNYCSIQGFEDHWRALVP,0.7362794012829651
WSGDCYKTVHQEFLNIPRMA,0.7327156094084105
HISWMVEYKGPCQDLFATRN,0.7384176764076978
QSAIYENGTMPFWRLCVDHK,0.7569493941553813
WDKRHYSFQGNITCPMVEAL,0.7384176764076978
YLRFSCDMNVTWEGKPAHIQ,0.7391304347826086
KANQMIPHDCTYGFSVLWRE,0.7419814682822523
NQVICYPRHFGWDASELKMT,0.7284390591589451
APMEGSFQNITCDLKRVYWH,0.7327156094084105
KWGNCTIYAFVEPQMDSHRL,0.7455452601568069
CQTNFYHMGLRKPSEIWADV,0.7327156094084105
NAEYLWHDGSPMQCKIFTRV,0.7426942266571632
DGCFLWAIYHEPKRNMTQVS,0.7334283677833214
WGVKMPHTYQNEICASFRLD,0.7334283677833214
SYGMIPDLKETFAHCRWQVN,0.7377049180327869
HRQPVKGWIMCALNFYETDS,0.7241625089094796
FMTLADWYNGSVPEQRIKCH,0.7341411261582323
NDLKTFIRGMQWECSPAYVH,0.7362794012829651
HPWGNYLITSMKFDEVQCAR,0.7191732002851033
MRVYLADQHPTSCENGWKIF,0.729864575908767
ILMGNVWFHSQEDTYARCKP,0.7391304347826086
FQGTLNRVAMSWKHPCYIED,0.7391304347826086
YLMGTADWVEIRPCNSQHFK,0.7398431931575196
KAMRENQVFGCSITDYHLWP,0.7270135424091233
KAVQSFYTHMPDRWGECLNI,0.7348538845331433
CDYTEWNLPIVGRKAMHQSF,0.7327156094084105
YMNKVHCEPFDALGWSRQIT,0.729151817533856
SIGCLHVMNWDEFKPYTARQ,0.7227369921596579
APRKMFWEDVTLICHQYNGS,0.7434069850320741
EFSPCHNMAQLIDRVWTKYG,0.7362794012829651
IGQHMRFDTNEALCKPWYVS,0.7341411261582323
CQPEYVALWKDNHGSITRFM,0.7362794012829651
PESKNAFLYMCQRGHIDWTV,0.7505345687811832
YEQCRKMHSLVGIADWTFPN,0.7441197434069851
DIQEFNGMCLPKTRAWVYSH,0.7455452601568069
QCRIMHNPFAEYSKDGTVLW,0.7341411261582323
SEVDMPLWCFRGNATKQYIH,0.7391304347826086
RWSQKGHNIALCTDEVPMYF,0.722024233784747
GFNWTLYACRDMEIVSPKQH,0.7320028510334996
GWNLCHQASRVFITYDMEKP,0.736992159657876
MFHGNYQSVAECDRILWPTK,0.7419814682822523
FIQTECHPSVNWLMAKGYRD,0.7320028510334996
STPVMYKHGNRAQFIDWLEC,0.736992159657876
PCTIHWESQNLFYKGDRVAM,0.7412687099073414
YVLASIDTQECRKGFWHMPN,0.7334283677833214
AFGPTSVIRENWQKMYCHLD,0.7284390591589451
DCNYTPQIGFRHVWESALMK,0.7398431931575196
SRGAQHLNTIDVEWPCYMKF,0.7312900926585887
CVAGEQHNSMRKWDITPLYF,0.7327156094084105
GIHRFKYMNQPTCDVLWSEA,0.7355666429080542
IATGRLMHFEWQYCDPVNSK,0.7441197434069851
FDNASIEKHYRGVCWMTLQP,0.7312900926585887
SCRDPGQYMKTNILVWEFHA,0.7426942266571632
FIVDCPGLKHSEYRAMNTQW,0.7334283677833214
HVKMIAGQYELPCSDNFWRT,0.7540983606557377
TENDPMSLWQKCGFYVRHIA,0.7355666429080542
MNSHKTAQRYFLGEVPCIDW,0.7327156094084105
SFPQKYWDGRTIEMHLVNAC,0.7384176764076978
IPRDLNYAFSEWVCQKHTGM,0.7127583749109052
FQLMSAYWNVGRKPIECDTH,0.7305773342836779
EIPGFKNTQWSYCDRHAMLV,0.714896650035638
NCQLTDHSEMGYKIAPFRWV,0.7476835352815395
PKLTRDMNIVYHWECSGAFQ,0.7263007840342124
GHWKDVSIYQCFNLEPATRM,0.7355666429080542
VMTNDLYKIHCGRSAEQPWF,0.729151817533856
MYAGVLFTWKNIEPCRSQDH,0.7505345687811832
KVCDFSPQEYHTLAIRMGNW,0.7348538845331433
MLTPAYCGVIFRSNDQEHWK,0.7548111190306486
TQRKPAMSFNLYDHGWVCEI,0.7362794012829651
YSAQVKILMDEWCNPRHTFG,0.7362794012829651
FQKYAICGDTSRMLVHWEPN,0.7426942266571632
MFYITKSQDEHNGAWRLVCP,0.751960085531005
INQLFEDWMSRAHKGPVCTY,0.7263007840342124
TVKNLHYIFRAPEWDCGMSQ,0.7405559515324305
KVDALRIWSNHFMEPTCQGY,0.7512473271560941
HIGQTSADYKWNCLVMRPEF,0.7377049180327869
RIVNACDFEMWTYQHGLSKP,0.7163221667854597
YCLNPWSTMEQADHFGRVIK,0.7305773342836779
IQCPEYKRGLTWMNAHFVDS,0.7483962936564504
NIKDYHQPWFTCEMRLGAVS,0.7455452601568069
MVFHIERGLQWKPADSYNCT,0.751960085531005
TPKLFNDYEVGHSIQRACWM,0.7355666429080542
DCYPAKHIVQGNETLSMWRF,0.7469707769066286
EPWRFICQMKSGLHVNTAYD,0.7277263007840342
MIYVKPLRWQHADGESCNFT,0.736992159657876
WCMEQAHDTVNKYLSGIRPF,0.729864575908767
ITLWYQCHENVMDPAGRKSF,0.7419814682822523
KVRCGMSDEWNPQYLIHFTA,0.7305773342836779
WHVMQPATLDSRINGCFEKY,0.7270135424091233
YPELNWMFCKIAGSTRDVQH,0.7426942266571632
RNEYLIWDQKMGHPSAFCVT,0.7355666429080542
TILCYGRKSMWADQFHVNEP,0.7348538845331433
KFHVDCWLAYMPRENTGSIQ,0.7348538845331433
VFLKWPYRTICQHEDASNMG,0.7498218104062723
CKMQWFREVDPINAGTLHSY,0.7462580185317177
VRWEFMPHQSNYICLDAGTK,0.7241625089094796
QVYGNLTPFIWECAHMRKSD,0.7384176764076978
WCDQEPGMSKYIALTVHNFR,0.7462580185317177
NDMVRFSIQWKACEYTPGLH,0.736992159657876
FTRNKLIHWESMGADQPCYV,0.7476835352815395
PCAISVHYNDWTRMGKLQFE,0.7213114754098361
RMPENDVATIHCKLQYFSWG,0.722024233784747
QRHCMFPSIAKDWTEYVLGN,0.7384176764076978
IEYDRCQGSPNMVFWHALTK,0.7412687099073414
QAKDFWNVRPEYGTHILCMS,0.7312900926585887
QNVSPEWCTYAMFHGIDRKL,0.7348538845331433
KVMGRWIFPAYSQENLHDCT,0.7412687099073414
HWKEMGIFTVANQRCPSLYD,0.7512473271560941
TDYHFKRISVNGCQWALPEM,0.7270135424091233
CVSYKGQNAEDWHLIMPTFR,0.7248752672843906
WHKSGQYPMTEFNIAVCRDL,0.7205987170349252
IERWCLYNTPKVGSFDAMHQ,0.7320028510334996
QPWHKTSGFVNCLYDMAIER,0.7377049180327869
QSMWNYRFPHLDAKGCVIET,0.736992159657876
LPNGWVCHQIRSYDTMAEFK,0.7348538845331433
WMEVLDTPHSCYKFANRQIG,0.7305773342836779
QCGPDASIWTVFLERNYKMH,0.7469707769066286
NAMSHLTGWYREVIPFKQCD,0.7405559515324305
WLTDNHCEKRFVGMIPYSAQ,0.7398431931575196
KLPNHERWCIVTASFGYMDQ,0.7419814682822523
CFPLKWVAEMIQTRDNHSYG,0.736992159657876
KVFQEGWRHANCSTLIMPDY,0.7348538845331433
DHQLKIWYRAEFSNVPCGTM,0.7434069850320741
MFDTNEVHGLPWYCIKRQSA,0.736992159657876
MRWLEDQFVHPTYASIKGNC,0.7462580185317177
MFLGYIERDKQNHCAVSWTP,0.7476835352815395
SPLDKWQAHFRNVMGCYEIT,0.7434069850320741
QCDLKMRYFASEIPGTVNHW,0.7398431931575196
INCMSPEFGYATWHLRVKDQ,0.751960085531005
GNSCMEFPITLDYHAKWQVR,0.7426942266571632
LVCMQPSDRYKAHIFNETGW,0.7377049180327869
WQDNFYHIGMERKACLPVTS,0.7398431931575196
IHVFMARTQSPWYGLDCEKN,0.7441197434069851
HKNREFDQMVICLSGTWPYA,0.729151817533856
AIYCLMDVEGKFQRTNSWHP,0.7284390591589451
PCRGHFASWTKQVILMYEDN,0.7405559515324305
AFIPGNDRVHEKTMSYLWQC,0.7405559515324305
MKWTVCAGNFIHQYLDREPS,0.7305773342836779
LAICQETRHPVFGKYWSNDM,0.744832501781896
HIPAKFNTYRVMSDECQGWL,0.7398431931575196
ELDMNIAVHTRSQKCGYFPW,0.7327156094084105
CQHVFEKPLWTDARYGNIMS,0.7505345687811832
MYLIVDEWNPKQHGCFSTRA,0.7384176764076978
NAIPYRVWGQDCLESHFTMK,0.7441197434069851
PEGKDYFQHITCRLVWAMSN,0.7476835352815395
FTCWLKYGISDVMNPEQHRA,0.7327156094084105
DKWGPQNIESRHFYVLATCM,0.7412687099073414
MSHQTFAIGWEDVCKNYRPL,0.7405559515324305
IQRELHKDSTVMPCGANWFY,0.7412687099073414
MESGLDVRQICWFTNKHYPA,0.7320028510334996
DSGQKETIRVFHLYCMPWNA,0.7348538845331433
FRTSELPIDHCYANGQVWMK,0.7341411261582323
LMKECRDTGWHANYSPVFQI,0.7270135424091233
MKIHPFCDLRTNEAQWVSYG,0.7391304347826086
YIRWFSTNCLMDEPGAVKQH,0.7398431931575196
PDRVNEAHTKYILWQGSMCF,0.7462580185317177
GKQAVFDIPETRSYNCMWHL,0.7305773342836779
TAGFKYDSWINREVCQHLPM,0.7305773342836779
CLEPVDSWRIGKTFQANMHY,0.736992159657876
RIFWQTKVANPCMELYHDGS,0.7362794012829651
WVEDHINMPRSYQAGFLTKC,0.7312900926585887
DHEKMTGAWIFNYCLSPRQV,0.7327156094084105
IVYFLADKSNWPCGETRHMQ,0.7277263007840342
AIRWSDMHKVNCTQLYPEFG,0.7213114754098361
HRGATSVYCLMQEFNKDWIP,0.729864575908767
GWFDKPISCHNAQRTVEYML,0.7377049180327869
LDWFEACQVKSRNGMHTYIP,0.729151817533856
HRGVQSAYCDPKNTWLEMFI,0.7334283677833214
HEDVSRCWANFMTQYIKPLG,0.7377049180327869
VPKIQWLTNCFGSMARYEDH,0.7341411261582323
TPQLGFVKYRHAIMNWSDEC,0.722024233784747
RVMITLYEDPQSCKFNAWGH,0.7405559515324305
KIFGHWRPTLSYQVMCAEDN,0.7426942266571632
GSAFKMQLHERCTDIVPYNW,0.7234497505345688
AGYESRPNMHTWVDQLKFCI,0.7327156094084105
GYTNRMCVEFDLHPQKIAWS,0.7191732002851033
RFQDCGTMHEPAYLSVNWKI,0.7284390591589451
QFWCSRMLGEKVNTPIAYHD,0.7398431931575196
LMAKRNYEPVGWDICHQSTF,0.7455452601568069
NHFSDLKQGYVMAEICPWRT,0.7426942266571632
TGAHWKSYRVPCDFELINMQ,0.7248752672843906
HVAFWPQELSYRGCNDTIMK,0.7312900926585887
PSDTFAQWGYVLCNKIMERH,0.7327156094084105
GHPRQSKVLTYNCEIFWDMA,0.7398431931575196
PSIGKRNDVEQATLHWFYCM,0.7384176764076978
TSRWELNVHQIYGFMDCPKA,0.7419814682822523
AMSLCHRNTEYFKVQGDWPI,0.7341411261582323
RPVSFDIEWYHGCKQTLNAM,0.722024233784747
TNERWIHKACGSFDPLVQYM,0.7227369921596579
HCEAWTYPQKIDNRSLFMGV,0.7434069850320741
DHGRETKQVPMWYSAFCILN,0.7348538845331433
SCDMKWATQGENLHRFYPIV,0.7355666429080542
GNYLIHVPACMERQKFTSDW,0.736992159657876
EWGASYVHPDNCIFQLKRMT,0.7270135424091233
PLNCFQRWVITEHGMKSAYD,0.7334283677833214
MRQDIVPNSAFCEGWHLKTY,0.7312900926585887
WKLCDNIFGHYAPEMSQVRT,0.7263007840342124
GCMEIHSWFQRNDTPYLVAK,0.7419814682822523
FEARTYKVQWLDMCIPSGHN,0.7270135424091233
DIVEPHRTNQASLYFWCKMG,0.7419814682822523
ETWNMKQFYCIGADRSHVPL,0.7327156094084105
LDEPHTQCKGANFRYSMVWI,0.7263007840342124
AKPTSVYCEFDNGMHWLIQR,0.722024233784747
LQDTKMWFVYAECRIGNSPH,0.7355666429080542
FSIWVPRQLTKNMGYHCEDA,0.7327156094084105
KAPQTFDVRLHGENSIMWCY,0.7398431931575196
KDVRWTNAHSMGIEQCLPYF,0.736992159657876
LNMKRPECGTQHVIWSFYDA,0.7419814682822523
GQEVCPTHSIKMRYLANFWD,0.7227369921596579
YWKTDCQERLNMGPFAHSIV,0.736992159657876
PCVTAEKLIQMNWRSGHDYF,0.744832501781896
IPMHGYLTADSWREKCVFNQ,0.729864575908767
AMVYIQLKWENSHCRGTDFP,0.7312900926585887
FHKSCYPATLGQWEIDVNRM,0.7312900926585887
FEMAHDIPCQGYTSWLVRNK,0.7277263007840342
VPEFKWCTQSAHGRMNYLDI,0.7213114754098361
AWVYDEIQLSKMPHCGTFRN,0.7398431931575196
NDAYSKFRQMLPWTHGCIEV,0.7377049180327869
ENTPDIHKGFSVWRYLQACM,0.7248752672843906
HPFACIMYLKDRSNEWTVQG,0.7505345687811832
RLGFHACMPNIDTYWVEQKS,0.7305773342836779
MKPEQDCRGFIYSHLAWVNT,0.7341411261582323
FPQSHWVMYTGEIKDLACRN,0.729864575908767
NEATMIPWDSGYRKLFQCVH,0.7384176764076978
KMGEVRHSADTLICYNQWFP,0.7270135424091233
WKMLRIEDYGFSNQHATPCV,0.7327156094084105
DHFQCANEKPLMYISTWVRG,0.736992159657876
FICQSVAGERNDMTYHPLWK,0.7327156094084105
SKFYDQRWPHMANTEIGCVL,0.729864575908767
EVSWHGRCLFNDMPTYQKAI,0.7377049180327869
RVDTQFAIELSPWHNGYKMC,0.729151817533856
TYMRAISQKFVEGDWCHNPL,0.7491090520313614
TAVDFRQIMLSNGYWPECKH,0.729864575908767
RIQAGKVWFTNYMSEPHDCL,0.7455452601568069
KGTQRCLFWEPADHSMNIYV,0.7327156094084105
HFSCKLVIMEAPNTGYRWDQ,0.7384176764076978
CMAIPWYKHVRSFGTQLDEN,0.7398431931575196
HTCQNEAYRLGKISPWDFVM,0.7426942266571632
EDQFSTWCALGIHVYMKNPR,0.729864575908767
YNQGTWASVILPCEMKDFHR,0.7405559515324305
LINHYCKDSTEFGARWMPQV,0.7419814682822523
KMTFSEVYARPCLDWGQHNI,0.7334283677833214
EPVIASQCKWNFDTMLHRYG,0.7476835352815395
YMIRCFHLGATVQWEKPNSD,0.7384176764076978
SLQRMYWVEKCIFDTPGHNA,0.7255880256593015
KSVIHFWAMDYQGRNEPCLT,0.7320028510334996
ANMRPSGFEKILYWVHCQDT,0.736992159657876
PGDLTQHSNMYWAFVKRCEI,0.7327156094084105
HKTSVWGIPDAQLYCRMENF,0.7270135424091233
CHAQYIMDGNSFTLWEPRVK,0.7434069850320741
GTCYWVANSFRHMKPELQID,0.7405559515324305
TQLYPFKCHGDANWIMVSER,0.7248752672843906
ENVFLSACIHKGWMTQYPRD,0.7099073414112615
RKPMSNGVFIHWDCETQYLA,0.7483962936564504
FMIDEWRNTKVGPYCQAHLS,0.7355666429080542
RITPSCLHYVAKNQFEGDMW,0.729864575908767
GENSPIYRHQMAKWTFDCVL,0.7255880256593015
APVNMGTSYIEHDLQFWKCR,0.7312900926585887
MSDHFCWNEPLRQKIVYGTA,0.7355666429080542
YHNKTLWSVEDQCAMFPGIR,0.7548111190306486
EMWILSQHTVRDYPAGKNFC,0.7156094084105489
PHTVYFSKAEQWIMRNLDGC,0.7305773342836779
PERQTILYFHCMGDKWSVAN,0.7398431931575196
WHPNFARMVSCYEDTLIQGK,0.7320028510334996
WADFIGSLMCENKQHTVYRP,0.7334283677833214
YTGEACNRMKFVHDWQPSIL,0.7377049180327869
MWSTDVHYGQNRLFAKCIEP,0.7505345687811832
PQMWDGIKACSHLTYNRFEV,0.729864575908767
SNDVRLQPEYIFATMCGKHW,0.7441197434069851
CSQNDFWIKMYERVPHTALG,0.7198859586600143
GYTNMPFRQKLHCSDEVIAW,0.7412687099073414
IRKTYDNLFHCAMEQSPWVG,0.7377049180327869
VHINFGDQYKERASPCLWMT,0.736992159657876
YLSHTNRPFVMEDKICAQWG,0.7377049180327869
HDLAVNIPGKWTCYRFSEQM,0.7426942266571632
DANWSEPIHKYVMRCGLFQT,0.7355666429080542
HNAMSWICFDEYVQLRPGKT,0.736992159657876
VNRCIMFDGHPAQYWETLKS,0.7234497505345688
IKDHARNSGMYEFPVCQLTW,0.7284390591589451
INVWAHMGPCYDKRTEFSLQ,0.7277263007840342
QYATWMREKLIVHPFNCSDG,0.7305773342836779
MFCHRAPIELWYQNDVTKSG,0.7426942266571632
PGAFLSVRHKCQNETMIDYW,0.729864575908767
LTGVYAICQWNKEPDSMHRF,0.7434069850320741
KPGVFACWHSDMNQITYLRE,0.7263007840342124
GFLYVKMSQTHWECRDPAIN,0.7334283677833214
PMGTYDVAIRFLSNHWKQEC,0.7505345687811832
CFPWVGKANYESIMQHRDTL,0.729151817533856
SCFIQDMANVPLGHWKERYT,0.7548111190306486
IFLKCNSEADVWMRPTQGYH,0.7384176764076978
KGVTNQRDMEYWHFLCAPIS,0.7512473271560941
IPGEAQDLHKNYTVCRMWFS,0.7305773342836779
EYSQFGALMRKDHTNICWVP,0.7355666429080542
MLSHVCKPTRQDFWGIYANE,0.7255880256593015
EWHQVFCSNYIDTRPLKAMG,0.7334283677833214
RMSFNYQCHTIAGVDWLPKE,0.7377049180327869
KHWTECRLFNQMIYGVSDPA,0.7555238774055595
SQWMVDRYAIFGTCHPEKNL,0.7270135424091233
PISHLMKCTRAGDEFWNVYQ,0.7320028510334996
TERMKFHWPVNAQYCGIDSL,0.7320028510334996
SVEQDPHLNCYTKWIARGMF,0.7377049180327869
TCPWSKYIVGEHQNMRAFDL,0.7355666429080542
RQNKADWCYFGEHVLTSIMP,0.7412687099073414
GLTIKRDPMYNCEHWSAQVF,0.7327156094084105
PATYECSMRVDIWLNFHQGK,0.7305773342836779
ATYVRIQSLEDMKWGNHPFC,0.7405559515324305
LTKMCEHWARIPSDFQYNGV,0.7334283677833214
NIDRGWVSHLMTFPAKCYEQ,0.7476835352815395
CTRDLIAPQGVSYNMHKEWF,0.7248752672843906
RHGFDCNWPMTVSKLQIEAY,0.7398431931575196
AKNHCSDLIPWGQRYMFTEV,0.7426942266571632
FIDLWKPEYAMQSVTGHRNC,0.7377049180327869
QNYMFTCRIDSLPKHAVGWE,0.7327156094084105
TGALWEHPSDQRMNFCIVKY,0.7533856022808268
SERVQIFGNLDMTKWCPYAH,0.7405559515324305
FPQYVEWCLIDTRGNKSMAH,0.7391304347826086
MEWHKRYFVLPTADCSNGIQ,0.7362794012829651
EPHMLRCDQGIYFTAVKSWN,0.7391304347826086
DNFKEGICTPVARMQYLSHW,0.7334283677833214
TPEANMHGDWFYSVLIQKRC,0.7441197434069851
WQSLAGNIHDVMRPCKYETF,0.7277263007840342
RIELTHSCQNMPVDKGYAWF,0.7377049180327869
WVFCMLATIRESNPYQKHDG,0.7384176764076978
GEFRWNDTVQKCIMYLAHPS,0.7355666429080542
CGDQALYKMFNTSVERHPIW,0.7355666429080542
MNRGPFVTCLDAQIYESWKH,0.7355666429080542
QGDPLCYTASRMIFHEKNVW,0.7277263007840342
SVEGHWKLACDIYRPNFQMT,0.7377049180327869
GYVTPAWDEMNCQFLKSHRI,0.7412687099073414
CDQPGMVTELNISWHKAYFR,0.7412687099073414
TRGFYLKPNCIMDSAWEVHQ,0.7334283677833214
DVGMANEIFSWLYRPTQHCK,0.7362794012829651
RAEKPSQTWGHDCLFMNYVI,0.7434069850320741
NRDPVLFYMWAKCSTQIEHG,0.7483962936564504
RCNDVGSPQEYTHILMKWFA,0.7334283677833214
ALSFCDKIWQHNYGERVTPM,0.7191732002851033
KMHLQNYVRWDTFCIEGPSA,0.7305773342836779
RIGHTDFCQWKPMASENLYV,0.7391304347826086
ISMCVGYLTQEPHFAWRKND,0.7384176764076978
MFYWDNQRAKGTPLEHCISV,0.736992159657876
KMTVACEQGDFHPIWNYSLR,0.7320028510334996
GFAVYDCSPHNITLRQKEWM,0.7441197434069851
LPSWADTMVYINREQFGHKC,0.7241625089094796
PNQHCEWGKSVDYMRLIFTA,0.7469707769066286
VSTAIPMDHKRENQGYWFLC,0.7341411261582323
KTNRHISEWYPVCAGFDQML,0.7405559515324305
SYTGMPAEIRCKHQVFWDLN,0.7284390591589451
TISLRMNCHWKVDGQEAFYP,0.7398431931575196
TFKIAWHGVRQMPDYNCLSE,0.7434069850320741
GQNWAMIDCERTVSFPKLYH,0.7391304347826086
MGIEWAKNRDQPLSFTYVCH,0.7426942266571632
GANYQRWPSFLVCTDEMKHI,0.7512473271560941
ISLCYRMKDNGEPTFWVHAQ,0.7391304347826086
IFWYEQSGDNHTLMKCAPVR,0.7384176764076978
DPVTMHRWQEKIGLAFCNSY,0.7434069850320741
GAWTYPLINHCKVREDMFQS,0.7341411261582323
LGIQKMYCRAFDWPNSHVTE,0.7184604419101924
YPIMGLQTHNWVKARFDSEC,0.7234497505345688
ARGSQNEVTCIFDKHYWLMP,0.7391304347826086
QVFYHCGMNAREPLWKTSID,0.7419814682822523
GSMVQHTIDNWYFPEKALRC,0.7391304347826086
WKVCIMERDLPHGANFTYSQ,0.7412687099073414
EKCMVTQYSWRDHNLFAPIG,0.7441197434069851
IVHPDFRWKYELTANGSQMC,0.7334283677833214
GICADYEHLMRSKVPQNFWT,0.7405559515324305
PCVDQWENTFSMHGKARLIY,0.7441197434069851
NGICKSVHQYTAWPRFEDLM,0.7227369921596579
AYHTEPSGLFQVDNIKCRWM,0.7384176764076978
HVGNEATYSCPDQMFWRIKL,0.7505345687811832
FERMNGDWAPKIHCQSYTLV,0.7377049180327869
RYFAQMWVGPKHDLSEINCT,0.7377049180327869
WPMNYCALFSDEIKTHRGVQ,0.7284390591589451
TKDILHSGYWQPNVFCMRAE,0.744832501781896
GFPIDKSAVLTRMYNQCEWH,0.7562366357804704
NATMEGFWKIYRSPDCVHLQ,0.7426942266571632
VRTHMKLSGECAWNYIFQDP,0.7377049180327869
ECQAKFDWTSRGMLYHPVIN,0.7434069850320741
CHGNTFLPWVMKQIDRYSEA,0.7419814682822523
HQTYLSIVGDMNFAKECRPW,0.7113328581610834
AYRQCLNDSIVEMGWPFTKH,0.7377049180327869
LDEIRKCGVWSMNFQAPTYH,0.744832501781896
CIWLANDTYKPSREFGVMHQ,0.7398431931575196
SEPYNCVQADFGMLTKIWRH,0.7341411261582323
GKYVSQINCAWRTFHLDEPM,0.7362794012829651
PDCATFRWKSHILYMVGNQE,0.7434069850320741
VFAIEMDCSTGKPHNYWRLQ,0.7348538845331433
WMFAIPYQRTLSVDNEKHCG,0.7469707769066286
WGYLQEIMCSKVTHNDFAPR,0.7455452601568069
LFPVRHGSKWENYQMTDICA,0.7405559515324305
KHFMCSVWAQIDTYGLRENP,0.7405559515324305
EKAGPITYLCRWVNMDFQSH,0.7341411261582323
GYNVTEHKMLSDARFIWQPC,0.7562366357804704
MQANCYKFPRVISWEHDTGL,0.722024233784747
PYSAKNLHFDGEMVTRCWIQ,0.7205987170349252
GAQWSHNCKTIMPEFLVRYD,0.7391304347826086
ELFQAMYRPNDSKIGCHWTV,0.7241625089094796
IRNAVGCDMYFHLPESTWQK,0.7312900926585887
TDEGRSFKLYMPAHICNVWQ,0.7355666429080542
KGMQVWEFNYLDHIASRTCP,0.729151817533856
PKCTHAYEIDNVWQSRFLGM,0.7426942266571632
GWVLCKDAYPFTMIESNQHR,0.7426942266571632
ALMSHFDRKYWGQPCVTEIN,0.7248752672843906
EGRWMNCKVYSITLQPFDHA,0.7455452601568069
TSKQYIVWADNHMERLCGFP,0.7355666429080542
PVHAMGCLTSDYQWNIEKRF,0.7426942266571632
DYCGTQWLFVAHMPIENRSK,0.7455452601568069
QYWGANSREHFCLIMPTVKD,0.7384176764076978
YEVFLPQSGMCDNWIHKRTA,0.736992159657876
FCMHKRAPVSYDGQNLITWE,0.7284390591589451
HLFMQYWPENTISVCGDAKR,0.7426942266571632
PMEDGCNFHVQTRLKSAWYI,0.736992159657876
AWMPGHLRICQSTDNKEYFV,0.7441197434069851
VIAFCHWDRQKMYTGENPSL,0.7391304347826086
YGMQEANRHKSTVCIFPWLD,0.7426942266571632
FPQDRTKVNWYGILCMHESA,0.7234497505345688
QHILDYKTRFWGVPMNACSE,0.7405559515324305
QEIFCDSHWAMRLTGKYVNP,0.7419814682822523
GDSPHFIQWLTNRVYCEAKM,0.7362794012829651
YSARIPQWKHEGLCDFVTMN,0.7305773342836779
DTPSHNAFYLMQVIRGKECW,0.7512473271560941
TMPQLYAWVFHEGSNKRIDC,0.7419814682822523
WVAECSIHYFDKTQGNPRML,0.7255880256593015
RPQKFCHESYNIADTLMGWV,0.7434069850320741
RIPNHCVELFDQSYAKGMTW,0.7419814682822523
WSGHLIDRYVPQKMENFCAT,0.7377049180327869
YWHSCVNPKMRTFGLAQEID,0.7377049180327869
DQLRECNHMIWVPGFYAKTS,0.7348538845331433
VACEKNTLRYDGSHIMFPQW,0.7391304347826086
QPRCAWFYKSEINDMLHTGV,0.7312900926585887
SLFTNEYKWAVPGCMRQHDI,0.736992159657876
DHKSCERNTWVIFAGYMLPQ,0.7341411261582323
DKNSGFYMQAVHCPILTEWR,0.7398431931575196
QSCLEIYDGHWKTVAFRPNM,0.729864575908767
LIAGQHNVMESDTWYRKFCP,0.7327156094084105
QIPFEKGVYLTDRAHCNWSM,0.736992159657876
IHAFDNQKVLSGTPRWMYEC,0.7234497505345688
VCSREQPWKLGYIMHTAFND,0.736992159657876
EMYCNKGILDFRWSTAPVHQ,0.7227369921596579
PAVESKFGYTQWMINHDLCR,0.7320028510334996
PTYEWAHIFNLVMRCSKDQG,0.7348538845331433
CYIPNLDAGKRHETVMSFWQ,0.7469707769066286
RCHKVTMYDSNEIWFPAGQL,0.7263007840342124
YHVEPCKGMINATDRWQSLF,0.7327156094084105
NFRQKISMVTAPGECDHWLY,0.7555238774055595
GLEVIRMFWPHAKCSTYQDN,0.7312900926585887
ENTPDSVMHYQWKFLAGRCI,0.729151817533856
FGPRAMKEQSCTILYVWHDN,0.7377049180327869
QHYKMIRLPESANFVDCGTW,0.7505345687811832
WVHTFINSDQMEARGKPYLC,0.7355666429080542
NAFKYTHMQSRPVCWELDIG,0.7284390591589451
FSVCKLRNGPWIAYTQEMDH,0.7412687099073414
HWLMVQDPEIRKTCNFYSGA,0.7362794012829651
INFTKCDAQGYERPWHMLSV,0.7348538845331433
SAVFQIMKCDRTGWHLPNEY,0.7334283677833214
VGQASPHETFCNWRMIKYLD,0.7255880256593015
DHAFKLWNVREPTQGYMICS,0.7398431931575196
WAYTDHVIKGPQRNCFMELS,0.7355666429080542
ESLGTQMDYCWNARHKIVFP,0.729864575908767
DEPLYHGTVWNFRSQAICKM,0.7263007840342124
KEDIRTNFAQGHSMWCLPVY,0.7355666429080542
VHNGRLPFIMEQTWCDSAYK,0.7384176764076978
QHKYCAPNRWITSMDGEVFL,0.7305773342836779
AQWTVPKDCMYFHRINSELG,0.7305773342836779
DCIAVKMPNFGQSYELHWTR,0.7362794012829651
GHANMELIDTRWPQCSKVFY,0.7248752672843906
SERHYVWKCGPQLAMTDIFN,0.7434069850320741
LPITVNAYRGEWDKMHCQFS,0.7377049180327869
DIEKLPQHCANMVGTWRFYS,0.7434069850320741
YPFLRVMGTWQIKCDHESNA,0.7263007840342124
SCPRWAMNVEYLKTHFQGID,0.7327156094084105
TRKAMHLYCQIWSPNFEVGD,0.7312900926585887
GMSQWDEITNPAVHFKRYLC,0.7405559515324305
FLWCYATMQESNDPVKHIRG,0.7348538845331433
NMGVLPEAQRWSHFTYKIDC,0.7255880256593015
ERQTKLFMNHVYWIGSDCAP,0.7405559515324305
EIKRHDMQGVCPFTYWSNLA,0.7526728439059159
NSLIVEAYPDQMKCFHGTWR,0.7355666429080542
ARTEDGFPQWKSIYHLMCNV,0.7377049180327869
NYEVCWRAHKDTGIMPSFQL,0.7312900926585887
YWERPTDHVSGAIQNLCFMK,0.7284390591589451
IPEWYTMQRVCKAHFLSNGD,0.7362794012829651
RNWPHSCEFADMKQVGTYIL,0.7277263007840342
NDECVGKYAPFLIMQWHRTS,0.7412687099073414
CFNAMHEIVRWDQSLPKYGT,0.7320028510334996
LEGHRISDWKNYCMVQFAPT,0.7391304347826086
KENVPFAQMRSYGWICDTHL,0.7391304347826086
RFYMKWVQICDSAGHLTNEP,0.7384176764076978
WFPNILKSEQYDTVGHRACM,0.7334283677833214
KIDCWPNMGYARQFHVLEST,0.7234497505345688
PWSGQMIHYKAREDNCLFVT,0.7483962936564504
EYQDSITVGAMWFRLKCPNH,0.7469707769066286
VWLQDGRIYNTSEMPCFHAK,0.7305773342836779
CIGPMQYRSFTAKEVHDLWN,0.7476835352815395
QEGFLNWSIRMPYHKTADCV,0.7198859586600143
KQPNVRFDCSALEMITYWGH,0.729864575908767
RPNAEWGVIFMDCQYHTSLK,0.7391304347826086
WTPLCNMQYIRGHFDAEKVS,0.7198859586600143
CADYSLGKNWMEVFRIQHPT,0.7355666429080542
FELASRDNYVGKPMHQCTWI,0.7469707769066286
WGAQYLTFKDSMNVECPIRH,0.7398431931575196
MYSIHFTPCNGRWVAKDLEQ,0.7248752672843906
LHSCDWKVTNPYQFIERGAM,0.7320028510334996
GMWCNERQTVYASLFHPDKI,0.744832501781896
KDPSLHVEGFQMRIAYCNWT,0.7205987170349252
GKMQLPDIHTSNWFVRECAY,0.7441197434069851
CRPIFMVAYDTQEHSKGWLN,0.7255880256593015
SLWNMATRHKFDIGEVYCQP,0.7327156094084105
LIFEWNHMATPQVYDRCSGK,0.7355666429080542
GNSHEMCPDRVYATKLFIWQ,0.736992159657876
DQAGEIFHMRLCYSKTWVNP,0.7405559515324305
NEHSGTADCRIPVQKMLFWY,0.7412687099073414
MYICHGDWSRNFEVKAQTLP,0.7426942266571632
PADELGQWRTVIFHYCMNKS,0.7205987170349252
MIREDWVNAGPSFYHTLCQK,0.7512473271560941
LEHQYIGTMCSDVKRANWPF,0.7327156094084105
ESDFVNMLTHARGYPWQICK,0.7441197434069851
WNVCFREMTSKDHGPYQLIA,0.7255880256593015
VGNFRCLEYMIKQDWTPASH,0.7398431931575196
SRIEVPYKAGDHCFQLTWMN,0.7469707769066286
IREYNQAWGMKDCVFPHTSL,0.7384176764076978
RALTIQGFYWCMPNEDHSKV,0.736992159657876
YWVFDEMTKNIGHARSPLCQ,0.7227369921596579
DVIFMWESTKYHQANPRLGC,0.7227369921596579
SNLAVFIQYHPCTGDMKREW,0.7334283677833214
KRWESAHCFQMPGNIYLDVT,0.7327156094084105
DWPELRMGQKFIYSTNVCAH,0.7483962936564504
DFNRIHMKGLWASEVTPCYQ,0.7327156094084105
WDHCEPGLMRSIYFNTAKQV,0.7441197434069851
WEGIKHMFNDSCAQLRVYPT,0.7462580185317177
GTLAVYHCEDSKWMFQRPIN,0.7512473271560941
GWPIHFKVDERTSLAQCMNY,0.7398431931575196
VCQPGIRWSHTYALNKEDFM,0.7512473271560941
AQYGSEKVCIRNLMWHTFPD,0.7419814682822523
WYNHPRALDQMSKGFVTCIE,0.7398431931575196
SGLAYDHPETMVRKCQNWIF,0.7270135424091233
AIDQSWLREGPFTMVYKHNC,0.7505345687811832
YPARNSQILGEWTMCKDHVF,0.7191732002851033
NVHTMCQEYPDARIKSFLWG,0.7434069850320741
DTGFAKEYMQINVRHLPWSC,0.729151817533856
PSHAMYDQFVKTNLWGCIRE,0.7419814682822523
DCLFGRVNYKHTWEQMIAPS,0.7305773342836779
RDFCASIVGKNWLEHPYQTM,0.7327156094084105
DHCQFTNEKAGSRPWLIYVM,0.7398431931575196
MFYVRALNWDSIHPEKTQCG,0.7348538845331433
AQHSNIDTRPYKFCEMWGVL,0.7284390591589451
WRKLGFYEPDNSVHCAMIQT,0.7320028510334996
AECQTIFGVHDRYWLSNPMK,0.7398431931575196
WYQKPLSVGTHNICFEADRM,0.7341411261582323
VHITFDMYKWGSLQAPENCR,0.714183891660727
FNEAVQYDSLPHWTRGIMKC,0.7391304347826086
ILPESHRMWDGTFKYANVCQ,0.7227369921596579
HFSNGDMEKCIWRTQYLPAV,0.7320028510334996
QHESDINLTYCPVFMRWKGA,0.7405559515324305
SFAMNTQYEHVWILGCRKDP,0.7377049180327869
CHWNKGIRQDELSMVAYPTF,0.7255880256593015
HGEVRMKLPWINYQCTFSAD,0.7355666429080542
EPHYFKDWCLNRGIVTMQSA,0.7391304347826086
VPNEYCWQLIASTHFKMGRD,0.7462580185317177
QILNAHYGDPFRMVCETSKW,0.7426942266571632
NCMVRSAPQDWGHIEFTLKY,0.7320028510334996
LIGPERQYMWNCVHSFADTK,0.7334283677833214
LRFTYNCAQDHIPKMVESWG,0.7312900926585887
VNWYRGSLKQPCIATDHEMF,0.7377049180327869
NVFWQHIALTDMPYCGEKSR,0.7362794012829651
HYMTFAQWNPCGVSILERDK,0.7398431931575196
CVERATDGWPISFKYLHQNM,0.7284390591589451
CETLNWVQSYADGKFPRIHM,0.7263007840342124
WYIELKQRFAHSNVMCTGPD,0.7455452601568069
HNEIRQMDGAYFSPLTCVWK,0.7327156094084105
PEIWGNQDFMKHYLATCRVS,0.7426942266571632
MVWKNEIPLTHGSDQCYFAR,0.7434069850320741
LCTYSHIVGMEDKRNWAPFQ,0.7384176764076978
DSIPWHGMCYNFQTELRKAV,0.7384176764076978
AWFETDYMIVNKGPSQHRLC,0.7341411261582323
PVLEWNRHAMCGTKYFIQDS,0.7419814682822523
MTNPIGCDVWSYQHEKRAFL,0.7426942266571632
CFGHDVQWARINMETYSPKL,0.729864575908767
ETCDSMPWGALYHIQRNVKF,0.7305773342836779
KISQCPELDHAVFRYGMTWN,0.7419814682822523
RSDCHLWAPQGNMIKYEFVT,0.7441197434069851
MEFTHVRIYDACKQNSGWPL,0.729151817533856
MRWKQPDLHSVFITYGENCA,0.7476835352815395
PQYDVLNAGKIEWHSRCFTM,0.7398431931575196
TVPFDCHKAEISMQNWGLYR,0.7270135424091233
LQVIGFCAKPWMYRTNEHDS,0.7455452601568069
AGTLSDCYIWEQPMNKFHVR,0.7234497505345688
KPCQTEWRMHVYILNGSFAD,0.7270135424091233
FPYGICTKWQEMVSLADHRN,0.7441197434069851
PGKCEATMWNYLIHRSVFDQ,0.736992159657876
WKNHCVTMGRADLEQPYIFS,0.7255880256593015
LPEWHCIKRDMVAFNGYTSQ,0.7320028510334996
DPGQTCSAVRHLMWKFENIY,0.7355666429080542
TKYLPGVEWNAQSFCDHMIR,0.7263007840342124
YHLINDRKEQASTVFGCPWM,0.7498218104062723
KANRGTPYWFIQLDSHMEVC,0.7270135424091233
ACPLNYDGTFSHVKMQERWI,0.7362794012829651
HNQYMPCGWILEFADKSRTV,0.7455452601568069
ILFSPKYMDHTECQWVANGR,0.7362794012829651
WQFSRIDGELYANKTMHCVP,0.736992159657876
GWNQCATYREKDVPLISMHF,0.7263007840342124
RKWYPFGATLCHEIDSNVMQ,0.7384176764076978
EYTWCPRHQASMFLNIDKVG,0.7348538845331433
YDMNECFRHTKQALSIGPWV,0.7348538845331433
CLDWNPARGHKIFYVEQSMT,0.7198859586600143
VLNKAYTDHICGEPSWMFRQ,0.7434069850320741
PRATVYIQWNFEDHKCLSGM,0.7426942266571632
ANWSKPHCRIQTFGMVDYLE,0.7398431931575196
RFWSCTEDHYNGPMLQKVIA,0.7377049180327869
RFVSQKTECHMGYNWDLPAI,0.744832501781896
TAPGICHSNRLDMYVKFQEW,0.736992159657876
FNTRIHLVDKMCGSYAEQWP,0.7377049180327869
ATFLHCNIDVYQGPWKSRME,0.7491090520313614
IHSQYDENVAMTGLKPWRFC,0.7498218104062723
GCITEHNPWDMRVFYQSALK,0.7398431931575196
QHRKLYPMFAIDESWCNTGV,0.7320028510334996
PFHSQYCLRWIMKGAVDENT,0.7320028510334996
HMVKRYDGNFQISCAEWPLT,0.7341411261582323
ECDFASYVWPGHNIQKMRLT,0.744832501781896
SCRPTHEYNKVWFAGILDQM,0.7248752672843906
KIYLAPFTSQEMNCVHRWGD,0.7391304347826086
DRMCLSPEFQTYAHVIGNWK,0.7327156094084105
CIKLDWQHFGEMVNPYRATS,0.7348538845331433
IFTLHMRNAWDCQGPYEVKS,0.7412687099073414
EDKHGLSVFRIQTAWPMCNY,0.7426942266571632
RISDWCTHQGYPAENLVFKM,0.7512473271560941
HFPKDIYNGWMLVCETASQR,0.7426942266571632
QMIHEWRAGYLSFPVDNTCK,0.7355666429080542
PFWRVLTMGSYCINKHDEAQ,0.7469707769066286
YWSIMVRLAKFGTNHEPDQC,0.7384176764076978
WGHIPYMKFAQCRSLETVDN,0.744832501781896
MLVKTFCIDGYNHPEARSQW,0.736992159657876
DGIFWLPSRKVEHYACMQTN,0.7198859586600143
PKVYHAICRQMNSEFGTDWL,0.729864575908767
QLAGPSEHYKMWCFINVRTD,0.736992159657876
HSMYDFVQTEGNRLAIKWPC,0.7320028510334996
VMHFYSNLEGDWPTRCQAIK,0.7341411261582323
NQTCAVEMYHIDPKRFSGWL,0.7377049180327869
YLENQAIPFSTKRMWGDHVC,0.7391304347826086
FTQGHSCKWLNPMAYRDIEV,0.744832501781896
LFDYRVIQASPHGKCNTMWE,0.7348538845331433
KWMAEFVNDQCSRPITGLHY,0.7384176764076978
QPHRESGMLIDVATWCYFNK,0.7355666429080542
RQWIYNEKLTHSCMVPDFGA,0.7341411261582323
GWTYQIPAMDSLKCEVHNRF,0.7320028510334996
NYCDQAVLIKHPETMWSRGF,0.729151817533856
PFLSWQIDMKACVHETRYGN,0.7384176764076978
PCELGWIDFQKAVYSHRNTM,0.7198859586600143
SEGNMKLVQFARWIYDPHTC,0.7398431931575196
NTDFIRPYWMKLEAGCVSQH,0.7248752672843906
NIPHDYKVLTQARWSCEGFM,0.744832501781896
TVCNHISFYEWKMQALRGDP,0.7320028510334996
QCPSDMAKWNTEHILRGFYV,0.7327156094084105
AEPKMLVQISCHDTYGRFNW,0.7384176764076978
SDWQRKPYAILNVTMEHCFG,0.7398431931575196
ATEVHNFMICSKWDGLRQPY,0.744832501781896
KQNRSGHYDCEMWFAPVLTI,0.7455452601568069
GKDQIEHYVLMWPRNCTFAS,0.7455452601568069
ADYSGFWEVRHLMPICTKQN,0.7341411261582323
HKESQTMFDWRGIPCNYAVL,0.7412687099073414
ACRKDMGQEPHWYVNFTSLI,0.729151817533856
YDGHMASVLKTICWQPERNF,0.736992159657876
SGFHTELPIKCNRAQWDMVY,0.7398431931575196
IFCGRMVNKAEPWYDLQSHT,0.7305773342836779
ANQYERKDVPMWHGILCSTF,0.7462580185317177
LRMNWIYTKGVQDACPSHEF,0.7391304347826086
RNKTQVGHYLEFPIASCWMD,0.7284390591589451
KRPFGHMQVTWESDLNYAIC,0.7205987170349252
HKEWSCNMVAYITGPQDRFL,0.7426942266571632
YCGNAFDQLKTSEVPWHIRM,0.7320028510334996
TIGNEASCKMQDWLHFPYVR,0.7412687099073414
KHPENSQAVIGRDYCLFTWM,0.744832501781896
YWSFRTKHPLEGADCNIQMV,0.7398431931575196
DHWKGICETQRAMNYVPSLF,0.7341411261582323
QFACVIDYSNGLKEPHMRWT,0.7455452601568069
EGTCDLQYRHWKFNMASVIP,0.722024233784747
KQDGEMICAWYSTVLPHNFR,0.7362794012829651
EYNAQGTSFIDHPVCMWKRL,0.7476835352815395
KLCINSRMPYEWDFHGQVAT,0.7405559515324305
RECLYFPTVINDHQAKGMSW,0.7355666429080542
NEYLSVPRMGDQAHWCKFIT,0.722024233784747
ELDPGWSRTIAVCNKFMQHY,0.7469707769066286
HGVWRITLMPKESFNAYQCD,0.7412687099073414
KWSCPDETLAVQYRMHFIGN,0.7405559515324305
VNEKMRHQFWIYPTCDGLSA,0.7284390591589451
VARFWDPQIKSGCHENTLMY,0.7462580185317177
KIQGHMRECWTYPDLFAVNS,0.7348538845331433
GEHMCDSWYQTILKPVNAFR,0.7362794012829651
TYEFIRLMDWQGHPCVASKN,0.7327156094084105
YKFGQISEATPNLDCRWVHM,0.7248752672843906
MNKTVSLFDAHIYRWCQGEP,0.7263007840342124
MDCKIQHLFSTGYWRPNVAE,0.7341411261582323
VTNSKYPLWRAHFEQDMIGC,0.7548111190306486
EGILVCSQMWRPFATDYHKN,0.7320028510334996
FVHSMYPCAQDREITKWGNL,0.7320028510334996
QKDSTFMLWNHGIVRAEPYC,0.7405559515324305
DLEHKTAYSMFIGNWQCRPV,0.7362794012829651
SFENPLKYARVQTHGDIMCW,0.7334283677833214
TDSFQMLWHCEGRAVIPKNY,0.7384176764076978
YRSNCVWTPQMGDLAEFIKH,0.7284390591589451
IVSCFHLARKEPDGTYMNWQ,0.7255880256593015
HKETVSQNWMRIDPLYFCGA,0.7426942266571632
TWCVGAHSLIYEFNDPKRMQ,0.7327156094084105
NKCFGHMVWYEAIDSRTPLQ,0.7156094084105489
YGAQWRDNCHMLESVFITKP,0.7483962936564504
ITHDGEAYWQNSMFCRVLKP,0.7455452601568069
QAHEPLRITCNFKMWYDGVS,0.7405559515324305
HPCQEVSWYRLTNAKMIDGF,0.7284390591589451
EMWIVDGKYTPRHQSACFLN,0.7277263007840342
DCWVRNHMQFLTASIGKPEY,0.7362794012829651
EPVMKGCDYITFWLNHSRAQ,0.7469707769066286
NHCKMSTGDVWIQRLYAFEP,0.7384176764076978
LSGEQKWANRYPVCFHDTMI,0.7234497505345688
DEQAYMRINKWLVPFCSGTH,0.7384176764076978
GYHAWLFTVNRECPSKDQMI,0.7455452601568069
IRVFSKAYQCDETLGPHNMW,0.7434069850320741
KRYMESLWTHFQNICVGAPD,0.729864575908767
GDWYESKNHPFVQMALIRTC,0.7348538845331433
AGMSYRDCHFETLWIKNVPQ,0.7455452601568069
TEIGYLRKPNMSACQVWHFD,0.7255880256593015
DSQTCNHVGARWKYPLEIFM,0.736992159657876
PDANEVTWHFMRCYSIGLKQ,0.7341411261582323
LYNWRAMETFCVPHKGIDSQ,0.7170349251603706
SAQHICPREGFWKNDVYLTM,0.7348538845331433
AGCVFHPRQDYNELIWTMKS,0.7277263007840342
EHRVSWLKPGAIQNTDYFCM,0.7234497505345688
ECKTQRDLSFNAPYWMIVHG,0.7426942266571632
PVTWCAHQNSMGYFDEKIRL,0.7391304347826086
QSTIYCLWVNDAMEFPGHKR,0.7334283677833214
DKFAIEPTSGWRHMQLYVCN,0.729864575908767
ARCTLYWISNKQVMFGEHDP,0.7384176764076978
PYKEVQDSILNRWCGHMATF,0.7391304347826086
SMHVWCGYFPTIDLQANERK,0.744832501781896
IDSYVAENHPCGRMKQTLFW,0.7120456165359943
DAQVRMNPIWYSELKFHGTC,0.7255880256593015
GKHANCMTPELVQDRFYWSI,0.7348538845331433
GKNHLCFPQYETIVMSARWD,0.736992159657876
KPVFMIGDHRWSLEYNCAQT,0.729864575908767
QKPHECGWNLFTVDMYSIAR,0.7377049180327869
LRTIDPAKHMVQSWENYCFG,0.7213114754098361
MDIAGNCEYRTPQSFHVWKL,0.7398431931575196
QTEDAKWSPGYLRIVFCNMH,0.7327156094084105
GDAHPKLMSRIENYVTCFQW,0.736992159657876
DKGMPEIHRQAFWLVNSYCT,0.736992159657876
HIWPACMRTYQLSVNKGDFE,0.7377049180327869
RIPAVNWTYLFHGSCEQDKM,0.7412687099073414
NPCAGWSLRVYMFEIQHTKD,0.7469707769066286
LYAIVNFKQWCPEHMGRSTD,0.7320028510334996
RADINQMCHPFSEVKTLWGY,0.7362794012829651
LHMTNQVECFDRIYPASGKW,0.7348538845331433
ICSGAMYENQTWHFPDKRLV,0.7355666429080542
DGQATRKFHIEWMLVNSYPC,0.7505345687811832
QMKTGYDWRENALHFSIPCV,0.7398431931575196
IYFSQARNVWKHCEPTMDLG,0.7177476835352815
WQPIKNHYEFSCVLGDMTRA,0.7334283677833214
AYEIHDQNRVWTLSPCMGFK,0.7234497505345688
FLGNTACRDQHESWYKVMPI,0.7419814682822523
VDTCHLSRNGEQMPWIAKFY,0.7234497505345688
YTDACEHIPFMLGSVQRKNW,0.7377049180327869
PKVISGLFANWDERCHQYMT,0.7398431931575196
ANQEIRKMFDHTCVSGWLPY,0.7334283677833214
HDNARPLFSQWYMEVCGITK,0.7434069850320741
GVECNAFMDHSKYTIWQLRP,0.7391304347826086
INCSFMRYEVTDPHGLQAWK,0.7234497505345688
MWVLPHAECTSRYIDFQKGN,0.7355666429080542
QYPDHNGESRVICTFKLAWM,0.7327156094084105
TQMPFCDYLIVHENSWAKRG,0.7412687099073414
EIFMVRWLKYDCSANTGQPH,0.7362794012829651
SRMPLKIFYGHECVANDTWQ,0.7476835352815395
PKWIDSRAYNFVLQEGTHMC,0.7177476835352815
HPENYFSAQLTMIVKWCDGR,0.7355666429080542
IVSGELTMCDFHYWRAKNPQ,0.7227369921596579
PMEGTDNQRWFKILASVHCY,0.7455452601568069
DIAVLPCEWSGFYNRHQKTM,0.7476835352815395
NVCERYHKWLDMGPISQFTA,0.7377049180327869
HLVCADKRISNPYGWQEMTF,0.7441197434069851
DQFTVIWSEPRLMHCKNGAY,0.736992159657876
GIQYFWNAPHDTLMVCKRSE,0.7533856022808268
MACISYWRVHPKTLGENDQF,0.7469707769066286
QWGVFKCHELSIYDMANPTR,0.7434069850320741
WQPHNRISLMTFKCEDVYAG,0.7434069850320741
PKEHNFIGTQMWCRVLDASY,0.7341411261582323
FNGEMSYATLVIKQWDHPCR,0.7469707769066286
LWGDQTHYVMPFKSENARCI,0.7327156094084105
GHFTWNKEISRPQVDACYLM,0.7284390591589451
RWMKIFQLGHNYDASTVCEP,0.7305773342836779
RPQGYCMTHFELIVWASNDK,0.7377049180327869
TPWGNSYFARHKIMEDLQCV,0.7441197434069851
DYNGIVTECARHPSQLFKMW,0.7355666429080542
KEWHFCMYVDGARQSNLTIP,0.7191732002851033
PTNWCQVAIHDMRKGLEFSY,0.7312900926585887
GTRLSVPHAMFIWCNEYDKQ,0.7441197434069851
GEAWIKFHLCRVTMNSDQYP,0.7305773342836779
VQRGTHYKFEDSLPCMWAIN,0.7305773342836779
CPKMEFTIYNRQHVDWALGS,0.7341411261582323
YGPRVCNHMLEKAQWSFITD,0.7362794012829651
FIWHNYARVSLMCPETKGDQ,0.7305773342836779
PKRMGTQFANWICSLEVYHD,0.7583749109052031
DPTMNKRGCLWIQFYSEVHA,0.7277263007840342
QLYDKGVRSNHIFPCEAMTW,0.7426942266571632
IYAECWNTPFSHRQKGLMDV,0.7227369921596579
MWRTDGYLHIKCVQAFSPEN,0.7362794012829651
FMLDNVKICAQGHRTSWYEP,0.7263007840342124
KIVCQMLRHFTPSGYNADEW,0.7398431931575196
YGRCLEMWDPIHQTSFNAVK,0.744832501781896
SHCVTQNWKAFMLDGPYRIE,0.7327156094084105
YKNIHCMSRTVGWEDALQPF,0.729151817533856
EGMSVTWKLCFNDARPIHYQ,0.7441197434069851
ELQPAIGKCRVTWNMDYHFS,0.7213114754098361
YQPWSEVMKGFDCATNHLRI,0.7434069850320741
KYFIPMWAVNTSHLGQDRCE,0.7426942266571632
MLERNDIKGFQVSCPTAWYH,0.7327156094084105
KASIPGNWDLFVTECMQRYH,0.7377049180327869
DHTPIEFLKGNQYWSVMACR,0.7312900926585887
NHTDIFAWVPRYKMGCEQLS,0.7191732002851033
GQDTRNVSFYPHCLKWAIME,0.7312900926585887
GEVWSYNLIHADPRQMCKTF,0.729151817533856
CFGLQAISDNRPYKETHWMV,0.7263007840342124
MHVYSPKRWEFQANTIGCDL,0.729864575908767
DYALPVNMFSTIQHKWCEGR,0.7434069850320741
TSPHNWCEAQGYFLIRKMDV,0.7398431931575196
NVQFSLIEATGMWYCDRKPH,0.7234497505345688
LWHAFPNYMIQKRDVETSCG,0.7205987170349252
KEILTNPVDSRFQMWYCGAH,0.736992159657876
KMASGLQHCPFERTNDWYVI,0.7377049180327869
DPVNYELWRAGTSCFMIKHQ,0.7327156094084105
VKFATWEIGDRCYHSPMQLN,0.7384176764076978
QSETHNGLFKARPMVDIWYC,0.7384176764076978
KRCNETIVPDGHSWAMFQLY,0.7398431931575196
VTKCLEYQPFWRIDANGHMS,0.7398431931575196
IMVDGKYSHCARTWQFELNP,0.7334283677833214
LEFQTVCYSRHKGDWIPNAM,0.7377049180327869
TQHYRAKPENVGSDMLWIFC,0.7334283677833214
ADKQVEMHCPILYSNWRGTF,0.7377049180327869
NHRAFYQTDMIVCLGEPWSK,0.7348538845331433
YCMSQLRIAKWGNFPVHETD,0.7284390591589451
KLTNEMFSAYHRGVIDPWCQ,0.7205987170349252
RGEAVTYNILPKHDQWCSMF,0.7441197434069851
RAKGHDMQSFYVCLWNETPI,0.7426942266571632
QDFANKGTWVSILRMYCEPH,0.7426942266571632
AEQSPLHNCTIGFDKYRVMW,0.7341411261582323
YNKVQPICDTLHAGSWRFME,0.7355666429080542
KELCQVWSNMTYPGIARFDH,0.7405559515324305
YQHFDAPMKNCTSEGWLRIV,0.729151817533856
LSPIMEQWCTNAFVRHKGDY,0.7491090520313614
GSHNLTKIFMEYQVDRACPW,0.714183891660727
LHEVTRGDNKCPISMWQAYF,0.7362794012829651
YEWLGPRVHASQMFDNCTKI,0.7327156094084105
ICDLAPGVFEMYNKHQWRST,0.7312900926585887
RSFIYQPNHWLCAMDEKVTG,0.7412687099073414
RFWPMLSANGYQEIVHCKDT,0.7426942266571632
YSAPRQKWHCDNTEMFIVLG,0.7441197434069851
PFYNMLHIRTDCWQSAEVGK,0.7312900926585887
ECAVWDSGKHMYTFPIRNQL,0.7341411261582323
CIDLAYMWKFRSVPHGEQNT,0.7263007840342124
LEWGQHRPIMKDCVSYATNF,0.7327156094084105
TNYKWVLIPQFMRSHCEADG,0.7398431931575196
ARMFYLDWSKIEGHPVNQCT,0.7398431931575196
IMNLHGEWFDVRTKSQCPYA,0.7412687099073414
MQFNGESVHLCWPIRATDYK,0.729864575908767
VDFGSEHIRLPWKMTYACNQ,0.7277263007840342
KVTEQRLCPFGYSIAMWDHN,0.7398431931575196
DNGSPLWETQIARMYKVCFH,0.7177476835352815
IERSYCTQDVKMLWHFPGAN,0.7312900926585887
SPCVIANQKHFGLRMYWDTE,0.7398431931575196
PKITFVNEWMCGSDAQHYRL,0.7462580185317177
GESTVYMLIQWFKHNRCPDA,0.7412687099073414
SCANITDGMPYRKHQEWLFV,0.7455452601568069
AHDFNLWQETSVYKRPIGCM,0.7341411261582323
QGCKMAIDTSNLHRWVFYEP,0.729864575908767
HWLRIVFSGNDEPMTKYCQA,0.7476835352815395
YFMSCWVARTQPGIHDNEKL,0.7576621525302922
FPDCKYHMWNISERAGTQVL,0.7412687099073414
ILSWRDCKYNVPGHMAEQFT,0.7334283677833214
QAEVGHFSPICLRKYNTDMW,0.722024233784747
KFDYCVPATSMQLHIRGNEW,0.7227369921596579
NSMTQVYGPAHWIRKFLCED,0.7384176764076978
PGDMAHNSFRKVIWTYELCQ,0.7391304347826086
HQREVGDYTNPSMLKAWFCI,0.7398431931575196
HEPDNFRWTLGMVSAQCIYK,0.7434069850320741
NTWPHVFQDSRYMIGLEKAC,0.7419814682822523
EHIPLRCNWQVMATKYFSDG,0.7341411261582323
VAKHTMIWNSQGDRECYLPF,0.744832501781896
PISFCHTAGRNDMWYLEVKQ,0.736992159657876
RPQGCWIAVTHLFYMENKDS,0.7491090520313614
HFEPKNGIATSDRVWYLCMQ,0.7398431931575196
FYKQEWLISTMPGAVHNRCD,0.7384176764076978
LEDVRPIYFTWKMCQGHNSA,0.7419814682822523
GHEDQLYAPRWSVKTINFMC,0.7362794012829651
QICPFAMSHYTVWGRDEKNL,0.736992159657876
RYQVTLSMHWNFEPDIAGCK,0.7241625089094796
TYGLQMAEISVRHPDFCNWK,0.7163221667854597
GVICFMYAEHLTDQKSPNRW,0.7405559515324305
KDAHFRISCMWELNPVYGTQ,0.7305773342836779
QRWMKFYVCLSNEHDAIPGT,0.7462580185317177
TFIDLCNYSQAMEKGWVHPR,0.7241625089094796
AWYEQVPMHSRFDILNGCKT,0.7341411261582323
KDRFWPGIELCASVQYNTHM,0.7284390591589451
RMWAQPKCINSDLTYFHVGE,0.7441197434069851
TNWDHEAFLCSGQRMPKYVI,0.7412687099073414
GKFAYWEPQLNMVTISHRCD,0.7320028510334996
IKGYWARFMCDEPQSLHVTN,0.7434069850320741
CFMWGQSTAKLHIRPYDNEV,0.7462580185317177
VGDPQRYLKNWTMEAFCHIS,0.7455452601568069
MQFRGEPTHYCDKNLWISAV,0.7362794012829651
CWFAMEPTSIVYDKLNGQRH,0.7483962936564504
GDHWCELAKYVRTSMNQFIP,0.7284390591589451
ACGIFVPYWQLDHKRTENMS,0.7412687099073414
CHRSKWLAGEVFIYNDPQMT,0.7348538845331433
RITPQGEYCHNDVSWKAFLM,0.7412687099073414
FQKVTDSLGWCARHPIMYNE,0.7362794012829651
LFCDTSKYEGAPMWQNRHVI,0.7455452601568069
DLQITWHVSNGYFMAPKRCE,0.7377049180327869
DEFNHKTMPSRIYQGWVLAC,0.7355666429080542
LRKHDNCTASEVFGQIWYPM,0.736992159657876
IQNHTDFGAMPYLRCWSKVE,0.7455452601568069
KWSTHGDVQPIYNRCEFMLA,0.7348538845331433
FWLAPEIRCNGKMTDVHYQS,0.7327156094084105
VINEPWYTGQSHCFRKDMLA,0.7384176764076978
NVASIQGTFKEDMPWYHCRL,0.7263007840342124
PLARCSQMWFKVIDTEGHNY,0.7227369921596579
HTGYNAIPSCWVQKRFLMDE,0.7398431931575196
FWKDGCSPVLRAHQNIEMTY,0.7377049180327869
VFMPWIHCQSELYRGNTDAK,0.7241625089094796
RFTCYIAHWMVESNDQLKPG,0.729151817533856
HNYWRSALMIDEGFCPTKVQ,0.7191732002851033
YIVMHGREFDTLNCSWQKPA,0.7455452601568069
HKCEARTPYNFLGSDVIWQM,0.7362794012829651
LDWRVAYHMIFCQSNEPKGT,0.736992159657876
PCYDMWGETRLSAIHKFQVN,0.7391304347826086
WCRYTDGLVFAKHSQNEIMP,0.736992159657876
CFVADIGPLSWHETQNRMKY,0.7263007840342124
HKVYINPQRAGEFDWMCLTS,0.7540983606557377
YQFHEMADCITSVNWKLRGP,0.7441197434069851
GIACMLPRDYTQSEVWNKHF,0.7377049180327869
RKPFQHCYDEGTMSVWLINA,0.7412687099073414
NAKQDYIMRESHWPCLGFTV,0.7441197434069851
KVSEWQYRLPACGMDIFHNT,0.7248752672843906
TECLNYRMSFPHKQAIGWVD,0.7170349251603706
AEHGVKLFTCYQRSWPNDIM,0.7355666429080542
LNWKQFIERTHGMVCAPDSY,0.7362794012829651
PDCANETSFWYGLIVQKRHM,0.7312900926585887
NRVSKWMYDAPIHGQTECFL,0.7305773342836779
GKFSDTPWRVQYLAMNHICE,0.7284390591589451
FEKQVCRTWHSILPNGDYAM,0.7384176764076978
QCSMDLHFPKNEVWIRGATY,0.7234497505345688
PIRHVYDNMKWFACETSQGL,0.729864575908767
VDPYAGIRCKSMQNTHLFWE,0.7419814682822523
GDRILKVNYSMTEQAHCWPF,0.7241625089094796
KCVNMWPHQFLIRSATYGDE,0.7412687099073414
YIAGDLCHVKMNFQTWERSP,0.7270135424091233
LNCYIFEPQHDTGASRKMWV,0.7284390591589451
YAGMDKSLHPTEWVFCQRIN,0.7412687099073414
LNPKSVMHQIAETYWGDRCF,0.7384176764076978
HMWYCKRSENLFTIGAQVDP,0.7533856022808268
CQETSVKGRHNAYFPDWLIM,0.7377049180327869
MWTQIGAHLKFDESYVCNRP,0.729151817533856
NTKLWSFEAHMCDYRIGQPV,0.7270135424091233
GIETWHQARVYCFKNDSLMP,0.7377049180327869
VEKHSWPYLNIATGCQDFMR,0.729151817533856
MVEFSWRNHLKDACQITPGY,0.7476835352815395
REQSNVGFCTLIMKPAHWYD,0.7419814682822523
IHSREVYCTPFGLNAMDKWQ,0.736992159657876
WLGHATIQNDMRCKSFYVEP,0.7270135424091233
QEPANVFLSYHWGKCRMTID,0.7441197434069851
RPIEKWFLHGTQSVNYMADC,0.7405559515324305
HSFWCDYQLAIPRVEGNMKT,0.7434069850320741
NKWHCEYPFLQTAVISMGDR,0.7391304347826086
YAGNERIWMCKHDSFTVQPL,0.7434069850320741
TGENWPLMIFQKSCAYHDRV,0.7320028510334996
CVIHRNTYPEMQFWLDKSGA,0.7384176764076978
LHYAICGKNWRVQTFESPMD,0.7263007840342124
FPWMCHAKYSQERDLVINGT,0.744832501781896
EGTSWLVDNFQIPAYKCRMH,0.7391304347826086
VYAMTLFPWNSEHGIKQCDR,0.7398431931575196
VPWESKRTYILNACMGDFQH,0.7384176764076978
QPRLKWAVHFEDMGYSTICN,0.7255880256593015
AMWPHTDCYIRVQGFESLKN,0.7334283677833214
NFHIYAMLWSTRGDPVKQEC,0.7441197434069851
LMFWPTIRCKSVDNGAQYEH,0.7419814682822523
DQWISAENVFYRTPKGHMCL,0.7170349251603706
HSCWEIMVNGAFDLQRYTKP,0.7362794012829651
EQHDFWSKCIVYPNTRLGMA,0.7491090520313614
RALFENHYDSKCGVPTIMWQ,0.7426942266571632
QHRGKMYWSDNLICFPVETA,0.7277263007840342
KCQMELSWNGFRIYDAPVHT,0.7348538845331433
HDLKGNMWCVSIAPFYERTQ,0.7341411261582323
HARYMCPWTKSNEDQGVLFI,0.729864575908767
TFGEMVCNPYHIRWKADSQL,0.7320028510334996
LWKFSDQYVERHIPMTANGC,0.7384176764076978
KFPCVMRQLASWGTIDHEYN,0.7455452601568069
STFPEMHNLKDRVICAGQYW,0.7441197434069851
PVWYHAGCKNTILFQMRDES,0.736992159657876
FINHVDACRYWEKPLQMTSG,0.7362794012829651
VHNFTDEQMRAGLWSYIKCP,0.7391304347826086
TVRFLIDEYSQWCNPAGKHM,0.7412687099073414
ALDYKCRWETVIPFQGNHMS,0.7491090520313614
NYVEDTAFWHGPRKQSMILC,0.7398431931575196
IHCYTDLERKMFPVASNGWQ,0.7377049180327869
EQSIVDFTGHMRLNWYCKAP,0.736992159657876
AFSDHQCLENMGPRVKWYTI,0.7320028510334996
AKGWYFECVDLNIPMQRHTS,0.7312900926585887
GMVRHAPIWNLCEQKTYFSD,0.7205987170349252
PECVFGNQHWAIYDKRTSML,0.7320028510334996
LYPDHMSKRIWGVCAQETNF,0.7320028510334996
VWHENCDRSYMPLAFTKGQI,0.7576621525302922
ACFVPGLKYRIEHWDSNMQT,0.7405559515324305
PGVYWQKHMEIRFNSDCLAT,0.7512473271560941
VDGTQPKHSCMWIARLFNEY,0.7462580185317177
LSQVYMICRGNDFHPWTEAK,0.7312900926585887
LGREAWCKNDQTFYPMHISV,0.7434069850320741
WMCYAFTQHPVDRIKELNSG,0.7377049180327869
LNIFKEPMSVRDQTWYGHAC,0.744832501781896
ENWLICVKHFDPMYGTQASR,0.7377049180327869
TCLESWRFVKHNPDYQAIMG,0.7498218104062723
NRVTLIKHMAYSCDQPWGFE,0.7412687099073414
FGCWHSQKYIPLMVRTEDAN,0.7533856022808268
GKVNRFLSIQCYDPMAWTEH,0.7391304347826086
KVAMFDNIHPTWLCYEQGRS,0.7412687099073414
LQVEIWTNGCARPHFKMYSD,0.7255880256593015
RYNTDIQFMLAEGSCVHPWK,0.7227369921596579
HVNWSCMITPAEGRQLKFDY,0.7263007840342124
ATFIQDVSYLNEWRKMHGCP,0.7434069850320741
VNHMTLGESWYFPRKADQIC,0.7248752672843906
MPEKDCVHQIGTYRWAFNSL,0.7384176764076978
GPIRTANHCYEMWVKQLSFD,0.7320028510334996
WDPCISAFNVYHGMRLKETQ,0.7412687099073414
RTEKMFDVIAQLYNHCPSGW,0.7277263007840342
GWKHSFEMVAQNRLPITYDC,0.7512473271560941
GAQSDVHNCLWKYRMFTEPI,0.7512473271560941
NPHGIMWDTRCSELQVYFKA,0.736992159657876
ADEGFMTNRVHYQWPSICLK,0.7405559515324305
PDVWLTNMAEGHSQKFRICY,0.729151817533856
RWMIVSCEYGQDPLNFTKAH,0.7548111190306486
MIWPANFHCRQLGKEDSYVT,0.7312900926585887
EWASKMPYQRHCITLNGVDF,0.7163221667854597
WFQYASETNVRLIPDHGCKM,0.7320028510334996
FDTCWAMLYNEQHPSRGKIV,0.7355666429080542
EYGWMRCIDPSNVHTFAKLQ,0.7412687099073414
KDNCGFHESLRVITYPQAMW,0.7334283677833214
NTMAYLPEGVSIQFRWKDCH,0.7476835352815395
SGMLCKYRIFWEADTVPHQN,0.7327156094084105
PDCGSALHVIKYTEWRMFNQ,0.7391304347826086
CLGSTNAKHDIEFRPVMWYQ,0.7312900926585887
RMTLEQHSKVWNPAIFGDYC,0.7462580185317177
AKPGTCLYFNMDWVEISQRH,0.7391304347826086
RTWHNLSEIFMQPKVACDGY,0.7312900926585887
EHSFRNWYKCMDAPQTVLIG,0.7384176764076978
KLWNATQMIDPHFESVYGRC,0.7348538845331433
AVTNEMDKFCRYSWPHGIQL,0.7327156094084105
PEMRGSVCAIHNFYTKLDWQ,0.7355666429080542
HPEQSRMNLWAVKIDCTGYF,0.7434069850320741
EAQWRPMISDLYCGTHVKFN,0.7198859586600143
HMWKPDALFGCITSNERQVY,0.7419814682822523
DAIGPTRSKVCNEQHYMWFL,0.7377049180327869
GYLDNTAFWCVKSHERMIQP,0.7362794012829651
GLTNKMPAISVDRWQCYHFE,0.7334283677833214
WVTLDARGQHCFKEYMIPNS,0.7348538845331433
FDGWSTEHKAQCRIMPYLVN,0.7419814682822523
KYSMVNGLTWAIQCFHRPED,0.7334283677833214
HLGFVPKWYCDASQMRIENT,0.729151817533856
NHKIRTGDMYQPFWCSALEV,0.7412687099073414
PASQEKMTHVIWDGYNLFCR,0.7277263007840342
WMSRYCPFKTLDEQGVAHNI,0.7327156094084105
IFCVKQELHPGMNRTWASYD,0.7391304347826086
KEYWIRGDPACQSNLTHFMV,0.7412687099073414
SHGKPWCMIQERNLYVATFD,0.7177476835352815
IHTPYKQELWACVNSRFDMG,0.7434069850320741
SYGIHALTCRMDQPWVFKEN,0.7434069850320741
DIYRQTSFWGCLHPENKMAV,0.7320028510334996
DGSIEQWLTMNPVKFCYAHR,0.7312900926585887
HENPFRMIYVGQLAWSDKCT,0.7263007840342124
EFPAVYMICHGDWTQLNKRS,0.7355666429080542
YWEGMDSITFNAHPCLKRQV,0.7341411261582323
IYGMPRAVKWTHSCFNLDQE,0.7334283677833214
YTFVDKNACWHSMPREQLIG,0.7348538845331433
MISLGAHCWKNVFQDPEYTR,0.7355666429080542
SYLGTKINRMAVFWDQEHCP,0.7512473271560941
IQELTWYMCNFGSHKPDAVR,0.7305773342836779
SVPIMDQGTLNWHCAEFRKY,0.7355666429080542
DLCQNPWKTVGMSHEIYFRA,0.7320028510334996
HLIYKDNSARCMTWPFEVGQ,0.7476835352815395
HMVNERQDKAPSCWGLYITF,0.744832501781896
VNGMCAKDTLRHEFPYSWIQ,0.7455452601568069
PEGMKNICWYSQRVDFALHT,0.7419814682822523
RHIEKNTQWMGFYLSCPVDA,0.7419814682822523
LYVGATHMQCWIDFNERPKS,0.7320028510334996
GWSLCMFHRNATEYVIQPDK,0.7327156094084105
LCHMQETDSVYKFWPRAGNI,0.7320028510334996
SGDTYWKIAFEHCNMQRPLV,0.7334283677833214
AERFMTVGNLSQIKYWDPHC,0.722024233784747
PDYESTFMAVNQCIHRWKGL,0.744832501781896
QCDFYVKHPWIRMTAEGSLN,0.7305773342836779
RDSWHIELPNYTFMACVQKG,0.7512473271560941
FQMDHVCLESIGRYWTAKPN,0.729151817533856
PLGAVSQIEHRYCFKWNDMT,0.736992159657876
PAFWESLMHKTINVQDCRGY,0.7355666429080542
YFQASLGTKPCRNWMHDVIE,0.7355666429080542
EDQFCMITYLSNKGRVHPWA,0.722024233784747
KCFVQYRIELADGWSHMTNP,0.7462580185317177
KDYSPITFHVGERMNLCQAW,0.751960085531005
MNAEQRYIFPGTCLKVSHDW,0.7362794012829651
WYNASRCKQHVIPFMGDTLE,0.7405559515324305
RQAHCPNSKELVYIDFMGWT,0.7377049180327869
CMKVGIHWTPNYQSLDEARF,0.736992159657876
WPVHRKDSNIQLTFACMGEY,0.7334283677833214
KCHMSGYIQNTDLERVFAWP,0.714183891660727
GNIHMTKDPYCRWLQAESFV,0.7263007840342124
IYWMPVNGDHLFSTKCQARE,0.7391304347826086
GRTPDQYLKVFESNIWMHAC,0.7355666429080542
YCHQTMFGEVSDRWNLKPAI,0.7384176764076978
MNFQKITVLERYDPHACSWG,0.7455452601568069
HILSWDNYQGKAVRFPMCET,0.736992159657876
YVLMFPNAESCIHGTDRQWK,0.7277263007840342
RAHKGMVNPYDLEQFTSCWI,0.7255880256593015
AGMKWTCQPLSNYREHFVDI,0.7384176764076978
HADKQETSMYNGCIPVLFRW,0.7462580185317177
TMPSEFCWDHAYIVGNLQKR,0.7398431931575196
FSNECYMATPDLGRIKWVHQ,0.736992159657876
LNSEHKIVYFGWRDMAPTCQ,0.7491090520313614
AWICKHRYGMFNDPESQLVT,0.7341411261582323
SRTYGEMAQNHCVLFWDIKP,0.7512473271560941
VGDKHQMALNSWFEYIRCPT,0.7462580185317177
RIQPKFMYWSATDCHGLENV,0.7348538845331433
VGAEFRKTWMSILYQNPDCH,0.7327156094084105
TLGDQEIKSNWAVYFCMHRP,0.7341411261582323
HIKLEMCAGFTYDRQSVPNW,0.7327156094084105
PMVAYLTCSWNGDFEQKHIR,0.7426942266571632
HEMKCPFSIVLGAYNRDTWQ,0.7348538845331433
PCDIYGLFHAMSNWKEQTVR,0.7476835352815395
PNGMQCHDIKATESLYWVRF,0.7384176764076978
VANGRDCIQFPTSMYEWKLH,0.7305773342836779
CIQGRAMYWNSPHEDFKLVT,0.7483962936564504
HFGREYNPQMILCWKDVTSA,0.7334283677833214
VNWLQTSIPYCMADHRGEFK,0.7213114754098361
REKILMFSVQPAWDTYGHCN,0.7476835352815395
EYLTNVRKGPDMWSIHCFQA,0.7412687099073414
FGARCDLIMEYPNVHQTSKW,0.7341411261582323
IGHECDAFKRTSMYQVLPWN,0.7320028510334996
WPIRYTLMDCNAKGSHQFEV,0.7334283677833214
WDEHLKNCYQRSPTGIMVAF,0.7391304347826086
TPFSIWKQRLCHDEAYMVNG,0.7533856022808268
EHDWYFAGIKCNRLMVTSQP,0.7548111190306486
TNHDARIESVYCLQPKMFGW,0.7341411261582323
IYNWRQPFALKDHTSGEMVC,0.7462580185317177
MQKYHETPCIFGDLVARNWS,0.736992159657876
KWMHQTVGICDASRNFLYEP,0.7334283677833214
IGSEFADWRPYCNVKTMLQH,0.736992159657876
HVYLFTWNGQAKMRCPDIES,0.7305773342836779
YFEPIKHGCLSNRMAQWTVD,0.7377049180327869
HFPKIEGYALSTRVNDWMQC,0.7327156094084105
EHTVILKDNYPMQGFSWCRA,0.736992159657876
FLQSAEWGRVDKCINYPMHT,0.7355666429080542
DVAKTCYIQSRPEHNMLFWG,0.7384176764076978
YFDGPRWVLCMHQSIKTANE,0.7334283677833214
IEAYWRCFPHDSNKVMGLTQ,0.7263007840342124
MYGPCLREIFNTHDQVASWK,0.7334283677833214
MRLTPQNVGAEFHCKDYSIW,0.7412687099073414
DIGCFSANLKWEQPVMHTYR,0.7177476835352815
YQATHRFEPMKDGISNLCVW,0.7455452601568069
PWELSCKAMRQTGIHFVDYN,0.7255880256593015
DMHSCNKYRGQFTWALPEVI,0.7355666429080542
SKWPGLVENICDFQATYRMH,0.7391304347826086
YLIEHCMANVKWTDQGFSPR,0.7348538845331433
PRVMGIWFLEHKNASTDYCQ,0.7526728439059159
LWANHPSIQECVFGYKRMTD,0.7255880256593015
MECAVKDHRTPWGLSQNYIF,0.7213114754098361
WLCQRTAYNGEFKSIMDVHP,0.7341411261582323
GYWKQAMSEDNTPLRFVICH,0.7512473271560941
TKEDFGNSAQILCHVPWRMY,0.7213114754098361
QATELNFRCSPIGKVWMYHD,0.7426942266571632
GCLVFKSWMHDITPERYAQN,0.7255880256593015
YGNRDAMKCQSWIPETLVHF,0.7284390591589451
FIHAWCSGQEPLVKTRNMDY,0.7163221667854597
DKNHASLYIPCTGEQMWVRF,0.7263007840342124
ELGVFQPISNCAWYHDTMRK,0.736992159657876
APQDFSCLKGIMWYREVTHN,0.7405559515324305
YMFSVAQCRNWHGIKTPEDL,0.7227369921596579
AFGDECLSPNIKMWQYHVTR,0.7255880256593015
NETPMGLDIHQVARYSFCWK,0.7255880256593015
QYSIRKHGFNWALMPEDVTC,0.7377049180327869
AMYIFDERTGCNPWQLVKHS,0.7263007840342124
NGKHMDIPACELWQTSVFYR,0.7398431931575196
GEWCKRSYTQHLMFANPVID,0.7419814682822523
YFHDKVGLAWNTSQICPEMR,0.7398431931575196
MDYHVTCAREPQIFWGLSKN,0.7312900926585887
IPQGKWFSLCTDHVNERYAM,0.7441197434069851
YNPLFESVGRHQWKDCTMAI,0.7334283677833214
CLMHRKYFTVENWIPSQGAD,0.736992159657876
IPFGVMCSTEWRLYKQDNHA,0.7412687099073414
KYDAFPRNQCHTILVGMWES,0.7377049180327869
IVKDTGMYLERHPNQCWAFS,0.7184604419101924
KWTGEFMSNVCAYHDQPLIR,0.7426942266571632
MDVEQNSTAKYLFWPCGHIR,0.7327156094084105
GLTEWNFMVYHCQKSAIDPR,0.7469707769066286
YNFTAKHEVISMDLGWCQPR,0.7419814682822523
GCTYQEMIHLNFPASVKWDR,0.7320028510334996
CGAMPHNFKRITVSLEDQWY,0.7462580185317177
GMCVWRDAKIPYHLQFTNSE,0.7334283677833214
CAWMIYSRFPLEGTKDQNHV,0.744832501781896
FWTMCYASKIPRDENGLQVH,0.7334283677833214
QMTYKSEHIALDFPVRGNCW,0.7205987170349252
NARSEYWKTPMGHVQLCFID,0.729151817533856
CHNMVFPTIRGKAQDYSWEL,0.7441197434069851
GFNYDWVPKEAICLSMHQTR,0.736992159657876
MQIGYDRLPESCVWTKNHFA,0.7398431931575196
YMWHPRAESGFDKNVILQTC,0.729151817533856
PEHCDQGNIKSRYAWLVMFT,0.7455452601568069
SGMVFRLHKTNDCPWYIEQA,0.7348538845331433
NMRETQAIFKGWHCPYVDLS,0.7355666429080542
DYCLIPFHRAWEQSNGTMVK,0.7384176764076978
FKVQYWNALMDIHSRECPTG,0.7405559515324305
PHMVRQKGDLANSEYITFWC,0.7505345687811832
EKSADPCWFQYMLIVTGRNH,0.7498218104062723
TNYHKEGILSCDWRQAFMVP,0.7405559515324305
RYIEGWAPSQCTNLVHKMFD,0.7362794012829651
YLIKVNWDRPTQHCAMEGSF,0.7234497505345688
WMDQGNIECPLSFTVYAHKR,0.7491090520313614
FLTQNERPWSYMCIGAHKVD,0.7320028510334996
LCNQTSHDIAEPKRYFVWGM,0.7419814682822523
MQKIVDNSCAWPRHELGTFY,0.7255880256593015
VEYLIKFHANGTCQWMRDSP,0.7412687099073414
HGTAVSELFWPNDQMIRKCY,0.7483962936564504
VDITSQCYHGRLWPAMKEFN,0.7377049180327869
QYMTRDVPSIGECNKAWHFL,0.7163221667854597
AYTKDILFNEWGCVPSQHMR,0.7412687099073414
PFCKQTEADYGVHMSWNILR,0.7341411261582323
YRQDSLANVGEHFKTCPWMI,0.7355666429080542
KSPCWRTGHVNLMAQDYFEI,0.7398431931575196
FIRWMECALYHSDGTPQNKV,0.7412687099073414
YRSKETCLHWMPVAIQGDNF,0.7362794012829651
MDYRVQHKSWTFGNCLPEIA,0.7419814682822523
PNMYWQALDCTRGEIFKSVH,0.7305773342836779
TNDMKLRGFQAIYSEHPVCW,0.7355666429080542
GFSMCYWAIDLVHREPKNQT,0.7312900926585887
HGMTESWLKCFRAVDNYIQP,0.7384176764076978
GCEHKAVSWTYINLPDQFRM,0.7348538845331433
SHDLVNFAYKCPQEWTGRMI,0.7320028510334996
RNWVSAEPKHFTICYMLGQD,0.7405559515324305
PHIYETAMFLRWCKGNVSQD,0.751960085531005
EGHKTVMSPLQNFADCIYWR,0.7355666429080542
ATPSQFDIRGCVKNHMELWY,0.7341411261582323
QREWPVYCLNKTFMIGAHSD,0.7362794012829651
DRKLFGIQCSEAPNTYWMVH,0.7334283677833214
QVNPMSFEHTRKCLGIADWY,0.7391304347826086
IANSQERFWLPGCTHDVKMY,0.7434069850320741
DAKIRCGLFNQYETHPMSVW,0.7327156094084105
DTEPLHFKMNYWVRSQIGAC,0.7320028510334996
WHIKSDMNYVEAGPCQTRFL,0.7426942266571632
IRDWNTMHCGPQVEKLYFSA,0.7334283677833214
YIMWNCFRKLPTGEHDSAQV,0.7405559515324305
CVIKNPWTDQRGLFHASEMY,0.7405559515324305
PWNDAHITKLVCREFYQSGM,0.7348538845331433
CFRKGNWIVELQSAHTDMPY,0.729864575908767
EGNMTKVWFISYLPQCHDAR,0.7334283677833214
IWKDHEMLPYSQGTANRCFV,0.7377049180327869
SQCRGMALYNTPDWIVFHEK,0.7419814682822523
FWDAMSGRCPHKVNIETYQL,0.736992159657876
RWGQMHAITFYENVKDPSLC,0.7341411261582323
MVHTAFCNPDSQWEKLGIRY,0.7384176764076978
SELVHWNCQFGKTRPADIMY,0.722024233784747
SNVQPAYEFGLCRIMWTKDH,0.7391304347826086
TCKQMLWHPNGSVEDYRFIA,0.7341411261582323
GKNDPLWIVHYATQFSERCM,0.7348538845331433
TRIWSYVLQMDNGPAHKCFE,0.7341411261582323
PRQTWFHYCKGEMDSNIVLA,0.7305773342836779
RAGWKDPELCYMHIVQFTNS,0.751960085531005
LHIRKVNYPWESFMGDQACT,0.7384176764076978
VMDILPWQYTHKRSFAGNEC,0.7312900926585887
RICMWKNQEGYHPFTLDSAV,0.7398431931575196
ARQLWDSTIFNHVKMCGPEY,0.7426942266571632
QSGWPRHKTLNIAECFDVMY,0.7377049180327869
WDSFTRIECGHKMNYVLAPQ,0.7355666429080542
LGKIDPMCYNAHTFWSVEQR,0.744832501781896
KMERCYFSTGPDVHWQAILN,0.7312900926585887
TDHAIYQKENPFLRSWGCVM,0.7419814682822523
PKIQLMSEHCWVYAGFTRND,0.7270135424091233
PYEAMQRVDKTNHWIFSGCL,0.7284390591589451
HDKRSTVINEQLYMWGPAFC,0.7305773342836779
KWAIFRYNEQDGMLPTHVCS,0.7334283677833214
NFGAMEWHCDYKQVLRTSIP,0.7491090520313614
KEHGNDWVCPTISRFAYLMQ,0.736992159657876
VDCPHRTKFNMEYGWSLAQI,0.7348538845331433
FPNICSYETGVQKRMLAHDW,0.7426942266571632
TEAPWCNYLKVQRISFHMDG,0.7227369921596579
SHEWKRFINPVLCGATMQYD,0.7483962936564504
SAHCMKFDPGQEWYLNVRTI,0.7255880256593015
ATLVHKNGCEPYQWSRMIFD,0.7320028510334996
KWRTLNSACGYHVMDFQEIP,0.714896650035638
GKVYHWTPRASFDLCNEQIM,0.7398431931575196
SDGIKVCHPAFMWENTRYLQ,0.7455452601568069
RGYHIWEAVMTFQLCKDSNP,0.7391304347826086
RAGNHWSYKVMFCTQLEPID,0.7398431931575196
ICFEGMWQVRDPNSHLAKYT,0.7305773342836779
LTWYNAMPICSQRGDVFKEH,0.7555238774055595
WLQGYFKASERICDHMVPNT,0.7441197434069851
QENCALHWRPDTSYKVMFGI,0.7355666429080542
NYGMHTREPQAVIKCSLDFW,0.7127583749109052
TLVYRCMIDWHSQAEKNGPF,0.7426942266571632
TQGDWVKEMHYPLFSACRIN,0.7533856022808268
LQIGPESCFNVTARDMHYWK,0.7348538845331433
NCILEFWDQMHVPKSARGTY,0.7305773342836779
SDHPCAGLKYNFRVMTWEQI,0.7469707769066286
ANRFCHGQMLWSEPVKDTIY,0.7320028510334996
TCSFIPYEVLDKNGHAMQWR,0.7312900926585887
FSQVWRENKGPTIHMDYALC,0.7320028510334996
CHRAPEQLIMGFKTWDSNVY,0.7391304347826086
GYHKIETNMFQPLRVDSWAC,0.7391304347826086
DCYAMQVRSKTIGEFLHPNW,0.7483962936564504
DHMILRKCQTVYNASPEWFG,0.7412687099073414
QCVNSKMPWHYGALIRETFD,0.7327156094084105
HPQYFDTGKMLSCRWAINVE,0.7284390591589451
FDSAYTRIQWKVCMHLGENP,0.7184604419101924
WDCGMTIQKAVHRELFNYPS,0.7491090520313614
TFSMAYEQVKGIDRCLNWHP,0.7277263007840342
QPYFVMRCDSTALNGHIEWK,0.7341411261582323
FWQYINGCMVRDKEAHTLSP,0.7505345687811832
LWGMISFACRHYNKQDTPEV,0.7391304347826086
AMYDTISKPVLQWHCGFNER,0.7277263007840342
TGAIDWMYPFEVCHRQNKSL,0.7263007840342124
TDAHEGIKFNQMYPLCRVWS,0.7320028510334996
GSQDKPINCTLEWFMVYARH,0.7512473271560941
RQPKFEMVYDWCIHTNSGAL,0.7320028510334996
QIFGKWENVCTDSPHMYARL,0.7234497505345688
GCTWNEFHQLPVAYMSIDKR,0.7462580185317177
TSFKRWCVHIDPQYMLGANE,0.7327156094084105
KTRYCLPIGFASEVNDQWMH,0.729151817533856
THWCRSQENYMLVPIFKADG,0.7348538845331433
DEFCGANTRLIPHSKWQYMV,0.7334283677833214
HCWDMKPELRTSAFNQIGYV,0.7348538845331433
WHQTNLPKVDERMGSFCYIA,0.729151817533856
QFPHMCNEKSRAYWVIDGLT,0.7248752672843906
FEQPKVDRWYIHGNMSLACT,0.7305773342836779
GNYWAFLPIVDHSEKRCQTM,0.7434069850320741
LHSQKDWEPVAYTMRNCFIG,0.7377049180327869
NGMHLACTYKISEFQWVRPD,0.7320028510334996
WTEGYHNVCKDQLSRAFIMP,0.7526728439059159
ENILKFVHDYMQRCGWPTAS,0.7434069850320741
HCIPEANTLSGFKYMDVWRQ,0.7377049180327869
NVPMGDCSRTWLQIFEKYAH,0.7455452601568069
GHEKTWCPRQFMNLYAIVSD,0.7384176764076978
ITWDEHQNSMKRFCVLGPYA,0.736992159657876
YDPRVECMNGWFSATLHIKQ,0.7398431931575196
TKPESIRDQGCFLHYMVWAN,0.7469707769066286
EKRYQGAWSHLVTFIPNDMC,0.7426942266571632
DAWHRIMPQSTCYFNEGLVK,0.7412687099073414
TQMYLWDFCVHKANIREGSP,0.729864575908767
VGPILRYTHQSKWFNCEAMD,0.7348538845331433
KYGADETPSWCFQLRIHNVM,0.7434069850320741
KNQGMFSILECRYPDTVWAH,0.7391304347826086
STQKPHNDIWVERGCALYMF,0.7263007840342124
IKLRNDHTVEASGMWQPFYC,0.7419814682822523
GTFAPYCRILKDMVESNQHW,0.7483962936564504
TGRVIYDSLNKWAFQEMHCP,0.7362794012829651
WFNDQVAEHGRKMCYTLPSI,0.729864575908767
MSHIGCTDWYLRPFNVKEAQ,0.7412687099073414
SIAPKMREFTDVYQNHCWLG,0.736992159657876
CGDQVMSLEWYKANRHTFIP,0.7391304347826086
VCDMWGQRYPIKHTESFNLA,0.7476835352815395
VRTFIDYLEMNGAHQCPKSW,0.7184604419101924
DKPMYWNCIHREALTSGFQV,0.7362794012829651
FMWDVHARQLGKPSYTCEIN,0.729864575908767
HDSNGIYPFMQWERVLCAKT,0.7426942266571632
RAFKYSGLWHTIPMDNCVEQ,0.7263007840342124
DHPGMLFREQIWVSYKNTAC,0.7533856022808268
NKCDWTMVRYEAGQPLSFHI,0.729864575908767
TYARQDNPELSKGWFCIVMH,0.7434069850320741
ILTQRHAFSMKYGNPWVCDE,0.7341411261582323
PYFVKAESCDNLMGIHTWQR,0.7327156094084105
PSGKYWDELRIFNCTAVQMH,0.7526728439059159
CFSVKILEHAWRMQTPNGYD,0.7355666429080542
ISLPENDYHFKQGACMVTWR,0.7412687099073414
KDIGHNCLTVMFAQREYWSP,0.751960085531005
YESRTPKLFCAGNDMQHWVI,0.7398431931575196
WYTIQFLDNRAEGMVSCPKH,0.7263007840342124
WVDFNYPCGSMEIAQTRHKL,0.7498218104062723
GHNIEDCFRKYMSTVAQPLW,0.7377049180327869
LTNEPIRDYFCGWAKQVHSM,0.7341411261582323
FSELYHNMQGCKPITRWVAD,0.7305773342836779
LQYHDMWNSKVIEFGTPCAR,0.7362794012829651
ECLMVNQFRWADHGISYKPT,0.7334283677833214
STGCFRQNLPDVAKMYHEWI,0.736992159657876
TPIQWHLSGANCKMDYEVRF,0.7362794012829651
YRDHPWAFMVGCTEKLISNQ,0.7462580185317177
HVDGWITRAQYKSCFMNEPL,0.7348538845331433
RMVHESFCQAGWLIPNKDYT,0.7462580185317177
RQPSYKTEVAFLDMGCHWIN,0.7434069850320741
YWDVSKNHELMIGPTQAFCR,0.7434069850320741
QYDPFIMSWAGCKLNETVRH,0.7334283677833214
QFARSWTYMGNLCKVEHIPD,0.7355666429080542
CVHEIDYMRQWFNKPLSAGT,0.7312900926585887
WNMTQSHERFLKGPIVYADC,0.7419814682822523
QFEPHGLRAMNYSICTWKDV,0.7320028510334996
HYLQDKGTRFEASVNMICPW,0.722024233784747
ALTMGVISCKWNPYFQDHRE,0.7426942266571632
KVEWNSQHCFDITPGMYALR,0.7391304347826086
QPRGLDNWHAKCYIEVFTMS,0.7377049180327869
RFTSVWEPLMCKANIHYDGQ,0.7355666429080542
FDAWYVENRIGMQPHSKLCT,0.729864575908767
VIYRWAHMFQDETKNLSPCG,0.7405559515324305
RAMDPTEWHLFQCNIGVKYS,0.7177476835352815
NMHASLWDVCKYQTRFIGEP,0.7491090520313614
KTDFLEHACYQWSNIRGMVP,0.7405559515324305
FGVLTNSKPYEIAMCRWHDQ,0.7277263007840342
DCRPAQVSNHETFYLMWKIG,0.7548111190306486
GTDMQFYNHLARPSEWKICV,0.7391304347826086
DTQFASCKHYWMEPRNVILG,0.7234497505345688
PFDHELQNWRYMCKVAGSIT,0.7334283677833214
SACTVNERYFPDLKQHGMWI,0.7312900926585887
GCDLVPHSKWYFEIRAMQNT,0.7377049180327869
YKAECHPTLMDVSRFIQNWG,0.7334283677833214
PCYGKAHSDQMEIVLTNWRF,0.7355666429080542
CMKRLDHYWPEAGNVIFTSQ,0.7555238774055595
ICGRPLQDFNVTKMWAHEYS,0.7184604419101924
RVQGYLKTADWHFCNPISME,0.7305773342836779
MHLEAKQVCDFSYGPWNITR,0.7334283677833214
TMWRALHEGCQFKVPNYIDS,0.7341411261582323
SNQAHMKTLFDVPCWEIYRG,0.7334283677833214
LMYVEARPHCKQTGDFNIWS,0.744832501781896
CYWIGTFSEDNLHVAPMKQR,0.7419814682822523
PIMNTDRKQHVYFWCAESLG,0.7348538845331433
ARGPCFKYENVQWILSDMTH,0.729864575908767
QEDNPWRLSKCFVYTMIAHG,0.7555238774055595
TVRGCENDQYMSFKHWPALI,0.7462580185317177
AGKSVTHPYNIEFWDQMLCR,0.7312900926585887
ADKHIMVGYSQECTWLPRFN,0.7455452601568069
AKWPQTVMFICLEDGSYRNH,0.7426942266571632
QFVMKCNDTPLIAWHRGSEY,0.729151817533856
DYNQGMTEFASLCKHVRIPW,0.7320028510334996
MAYLRWNVEDTHFSIKGCPQ,0.7284390591589451
YAIQEFVLWGCSKDRTMHNP,0.729151817533856
ITRGCEDNHPWMKSQYLAVF,0.7341411261582323
LGADEFYTPCQRWISHKMNV,0.7241625089094796
EGHVFDYNRSICATPKMQLW,0.7341411261582323
TEQMDWRKNSGIFHPCYVLA,0.7426942266571632
CEMDKYSNAGTLPVHWFQIR,0.7505345687811832
RAVDMYSCWNFEHQIPKLTG,0.729151817533856
RTAHDKYILPFGMQNEWSVC,0.736992159657876
FITGWYDRSKQNEHPVMLCA,0.7455452601568069
MAGTNQCIWRKHLSYDVFEP,0.7270135424091233
DKVHPMTWRNLSQIYFAEGC,0.7391304347826086
MGFDANISCYWTHQKRLVPE,0.7120456165359943
VDKRIEGWFYNQMPALSCTH,0.7377049180327869
CWKILGNHYRAFMSPTDEVQ,0.7277263007840342
SDEVMKACYIHLQWNGRTFP,0.7284390591589451
WTIAPRCHNVGLEMYQKSDF,0.7241625089094796
CVMKLFIRDNTSGAWHYPEQ,0.7377049180327869
RIGQTYHEDKNAPSMWVFLC,0.7483962936564504
VHNRQTIKAGYMDWESCLPF,0.7270135424091233
KVGYMEWPDTLHRQFNAISC,0.7398431931575196
EWCIFDLNKAVYMGHSTQRP,0.7234497505345688
IHKWMVGSNTLCQEPAFRYD,0.7377049180327869
QGRAYMWSENDLFCPIHKTV,0.7327156094084105
KLAFSIDWYVRPCQHMETNG,0.7263007840342124
YKWTAHLGRSMICQVENPDF,0.7227369921596579
GQCFVIHYPMKRELWNSDTA,0.7156094084105489
TPRQYLWSKDMECIVGNAFH,0.729864575908767
VCWADYETGSMIFQKHNLRP,0.729864575908767
ADRMNEYHLTSGIQCVFPWK,0.7320028510334996
SLDHGPCARNFIEWMYTQVK,0.7334283677833214
EMASVIRKPHWFGDCNQYLT,0.7426942266571632
VYCNRAQPSKFEMHWDLITG,0.7491090520313614
TPFAEHCMWRVYQSDIKNLG,0.7277263007840342
LCMFPGDNHQYISVKTWEAR,0.736992159657876
CDITMSGLYNWAPRKQFVEH,0.7391304347826086
GQRWHLSNYMEPKDTCFIAV,0.7348538845331433
YRQIVSGWDECNAPKFMHTL,0.7469707769066286
QGSNWADLMREKIFVPHYTC,0.7483962936564504
TWLVMNSCKPQGAHRDFYEI,0.7391304347826086
PDGAYRMKVLFHSWTEIQCN,0.7334283677833214
YPKWIENLTRFSAHQGCDMV,0.7391304347826086
QYKNSFHMCPTEGVIDRWLA,0.7327156094084105
WRQNCAKLFIGDPTHYSMVE,0.7405559515324305
GNTYDFEIAVWLQHRKPCSM,0.7412687099073414
FNWPTLCQSYDKVHEMRIGA,0.736992159657876
KTAFCPMHDLGERNSQVYWI,0.7270135424091233
NIQVPHSKGMRYFTECLAWD,0.7334283677833214
ETSAWMLKGINDPHYVFCRQ,0.7341411261582323
MNCKRQESPILVGFTDAHYW,0.7455452601568069
HWQMRYNSDLEGKCITVFPA,0.7562366357804704
KATVFQDCGINYRELSWPMH,0.7320028510334996
ITSHQPNKGVEMFLCAYWDR,0.7491090520313614
TEMGWHRLFPAQCKYNDISV,0.7462580185317177
QRHIVPNEGKMAYTWDCSLF,0.7348538845331433
INATYGWDQRMSHLPEVKCF,0.7441197434069851
ICEPRMTNQWGKHDAVYLFS,0.7434069850320741
VIFDASWTPHCEGNRLYQMK,0.7248752672843906
WSLQYMFKEIHCPRANVTDG,0.729151817533856
DATWLGNYHSMKVRCQFPEI,0.7305773342836779
FMGRCVWDKPILQNHATEYS,0.7320028510334996
RVTPLKQCFIWYGNHSMDEA,0.7277263007840342
ISKTEDFVRALMHYPWNCQG,0.7533856022808268
AWPNEKYMIHTLDGVSQFCR,0.7213114754098361
RVMKSIYLEQDWTAHPCGFN,0.7341411261582323
KNQFDECLPRSIWMVTAYGH,0.7469707769066286
VNKLFRPYSWQHAEIMGTDC,0.7284390591589451
GWRPIHSMYTALDKNQCVEF,0.722024233784747
GMYWQIKSDRLHFVPATNEC,0.744832501781896
PQGLATRKEDCNIHFWYVMS,0.7305773342836779
ISHGNDYWQCEFPVRKTLAM,0.7434069850320741
HISKRFPVNTMDGCQLAEWY,0.7362794012829651
YRFWLDMAQTPEKNHCISVG,0.7377049180327869
KWSQHYMREDNIFPAVGTCL,0.7419814682822523
TMESNFADYGVPRKHIQLCW,0.7198859586600143
YAFCNWPIREKLDHSTGVMQ,0.7205987170349252
CQTAMIKSPRFLEHGNWYDV,0.7277263007840342
ARSGLCIDFEWHPYTVKMQN,0.722024233784747
KHVLDIMCFPRTNSQAYGEW,0.7263007840342124
PQLRCAHIGSETMFNDKYVW,0.7362794012829651
IKRGQDTLNWSPHFVEMYCA,0.7384176764076978
RNYQEGFATKIVDLPMHCSW,0.736992159657876
LAEFDMRQVTSWNKIPHCYG,0.7198859586600143
YSDQMKRNPAECLWGFITVH,0.7491090520313614
VQAEPHRKCDFMWGINLYTS,0.7498218104062723
DKGITCMESHVRAPFYWNLQ,0.7312900926585887
WPITMQRSNCHVYALKFDGE,0.7241625089094796
IPKCFSMVHRAETLQYWDGN,0.7312900926585887
QVIHKGLTDRANSPYCWEMF,0.7156094084105489
VATMDNYWHISEKPLRCGQF,0.7234497505345688
ANDKRPSQYMFHLTWEVGCI,0.7398431931575196
HPSITFQDEYRKAWCVLMGN,0.7405559515324305
HFMAQKSRVTYEIDWCLPGN,0.7355666429080542
NTYEQIAFVLGRPMCHWDKS,0.7605131860299359
NLAFIMCTKHEDWGRQVPYS,0.7377049180327869
WYFITGCEMNDLPQVRSKAH,0.7419814682822523
VEILWMGCYNDPQHAFSKRT,0.7362794012829651
WRHYAGLMEPSNQTKVFCID,0.7355666429080542
KSLFIYRTHQDGAEPWVNMC,0.7227369921596579
QILNDARPETCVWKYGHFSM,0.7384176764076978
QAEDYRKVPCWHTIMFSGNL,0.722024233784747
PARCWLNDYQIKFHVGMSET,0.722024233784747
KELVDSYRNTQGFAWPHMIC,0.7377049180327869
GRQCNPVYLDSKMATWIFEH,0.7312900926585887
QFWVSAGMILCNKYHTDERP,0.7391304347826086
YIFMKHRWGNQCPESVLATD,0.7334283677833214
EDCYVHIKPQGWFLMNSRTA,0.7548111190306486
AIQMTHRPCKVEYGFDWSLN,0.7156094084105489
HQRLDKYNGSIPCWTFMVEA,0.7419814682822523
WQSGPYNRIALKMDTFEVCH,0.7362794012829651
MLTNWDIACVHKQPFGEYSR,0.7320028510334996
ISADWYRTMEFPGNQVKCLH,0.7305773342836779
HTWNSKEPCVAFLDMRYQIG,0.7462580185317177
RIQAHYWPLNVTEMKFCDGS,0.7384176764076978
EAPGQVHSNMCTIYFKLWRD,0.736992159657876
YIWQRDHVNPTALSEFGKMC,0.729864575908767
FDSVITMPCKHRGALQYENW,0.7391304347826086
WYRNVHETSIGKDMFLPQCA,0.7377049180327869
QKTVHPIFDRNYLASEMCGW,0.714183891660727
AHLQYITVSEKFGCMRWPDN,0.7341411261582323
GTAKFCIMRHQLPDVNWSYE,0.729864575908767
MRLGHAPCFYVDQIKSWETN,0.7284390591589451
KWNAFGVYCQEITLRDMHPS,0.7391304347826086
RPLYGQETIKFNHVCMWADS,0.7384176764076978
KMCGTPDRWAEFNSVILQHY,0.7377049180327869
PVWQNTRKLGHFSYAIMECD,0.7412687099073414
NGMQREKWHVLYIAPSTCFD,0.736992159657876
TNEQCKHDAIWLGYRMPFVS,0.7462580185317177
KTINDCFWYGPAHEMSQLVR,0.7320028510334996
KLEDIWTNHPRGMQFYSAVC,0.7284390591589451
YCKSQFDHLPIVEGARMWNT,0.7426942266571632
HIMPKQCTLEVNDYRSFAGW,0.7312900926585887
WKPTHVGRNDLIYFSMCEAQ,0.7320028510334996
DIPWEQFAVLYKCMRGTHSN,0.7455452601568069
LPMGQKTESWYFAICDRHVN,0.7412687099073414
FRTGAMEQVKHSDNYLIWCP,0.7498218104062723
YTDSVQKPNACGERWHLIMF,0.729151817533856
SEDKAPTVCQRYHLIFNGWM,0.7426942266571632
EDYFCNWGQSMLPIHTAVKR,0.751960085531005
TFVKHMIQRPEAYLSDGWCN,0.7419814682822523
LVGIFESMDNYCRPAKTHWQ,0.7227369921596579
PNCQHRKIALWDYMSGETFV,0.7491090520313614
YPENCAFQIRHTWKMGSLDV,0.7263007840342124
NTIDFAGRWKSCHQMVELYP,0.7191732002851033
YGRCMLISVEANTFKWQPDH,0.7255880256593015
RETAILKHSVGCNMPFDWYQ,0.7441197434069851
WGDFMYNEVTLSQCHPRAKI,0.7355666429080542
ESAMYLIWTDGPCFKNVRHQ,0.729151817533856
IVQDFWMCASNPLRHKYETG,0.7355666429080542
FGRINCQSHPVKMEWADTLY,0.7248752672843906
GANHMYPICTSFRDWQVLEK,0.7498218104062723
YGTDWQFAKMRSELNPCVHI,0.7391304347826086
QRHSKCEWFNYVTLMGIPAD,0.7533856022808268
WSGLFNIMAPQYDHCTKVER,0.7312900926585887
EIYVQGARWDHMLNTFSCPK,0.7426942266571632
YCPFTQLIVWHAGERNKSDM,0.7312900926585887
RNFCVQEKMGYADPTIWSHL,0.7320028510334996
LHTYIFQSCVKPEWGRMNDA,0.7355666429080542
AEDFILHYCGQTKSMNPWVR,0.7327156094084105
SFAGMREVINYPHQDLTWCK,0.7277263007840342
PWQICAMTSDLKREVFNHYG,0.7362794012829651
WPSLTIARNVFHKQMYEGDC,0.7334283677833214
FKTEQMIPYHCGLWNSDARV,0.7362794012829651
AGNPSIYDCTWLFKEVQMHR,0.7455452601568069
HGPRNKWIMVYDEQFTCALS,0.7284390591589451
KMNCHFGTVRWIAQDSPYEL,0.7405559515324305
IPHDETVFNAYLQSCGKWMR,0.7412687099073414
SIWFDVCYKPHRAGLQTNME,0.7327156094084105
SVPLGIYEWMAHCTDKRQNF,0.736992159657876
VTAKHWMRFSELDYPGCQNI,0.7405559515324305
GRTHPWYDAKVECIQMFSNL,0.7227369921596579
VGWSFDYQICEKNHALMRTP,0.7320028510334996
NFIEYSVWAMLQRDGHKTCP,0.729864575908767
YHNEAIFPRGVLMDSCTQKW,0.7362794012829651
WFISTRGNYHEQPLMACVDK,0.7377049180327869
TGAKEMPILNSWFVDRCQHY,0.736992159657876
QINFDKTHALREGVWMYPCS,0.7562366357804704
LHWFCAPKQSMTYNEDRIVG,0.7284390591589451
FIWHTMLYNDPKVSCQRAEG,0.7426942266571632
CPKQLSHVEMNFWRTAIDGY,0.7377049180327869
VNWIAFYDGPQESHLCMKTR,0.7362794012829651
LKMFTQWDPHVRAINSYEGC,0.7334283677833214
LQGNKYCDPAVWFRSEIMTH,0.7384176764076978
TKLMIQNSCAEDGRWHFYPV,0.7384176764076978
VGRFENQPCKTYLSAHIDWM,0.7227369921596579
KTWINPRQMHALFYCDVGSE,0.7405559515324305
YALGTRFKWMDQEVINCPSH,0.7434069850320741
KFYASHVDITGWEPMLNQCR,0.7355666429080542
PQKRHTVDFINGACMWESYL,0.7362794012829651
RSLIEHQWDYNVPCFATKMG,0.736992159657876
ISNHTVWPFLKMYEGDCRQA,0.7491090520313614
YLGAMPNRQKDSHVTIFWCE,0.7441197434069851
ESVTHMDFRGLAYQNCWIKP,0.7270135424091233
WMPNKGDQCRSTLVYHEIFA,0.7419814682822523
FQSLWPGADNEHVKYRMCTI,0.7391304347826086
NVGAQEMHKWLRDITYFCSP,0.7419814682822523
EKHDWISGLVCYRNQAPTMF,0.7441197434069851
HCATGDVFWISEMQNYRLPK,0.7327156094084105
DSPCHQYMNVIKRLFGEWAT,0.744832501781896
EVLHSMWINFYDTAPQGCRK,0.7377049180327869
LSWPEQIYNHGCFDRTAKVM,0.7305773342836779
DLMRCIGQTSHNEPYVFWAK,0.7426942266571632
HPMQKDREFCSITGVWNYLA,0.7377049180327869
HGEWMRALIVSPCYDNQFTK,0.7391304347826086
ERQGMFSCKAVWDYPNTHLI,0.736992159657876
ETHQYICMGVDAWLRFNKSP,0.7548111190306486
NIEHDYAMQWRPKTCFSLVG,0.736992159657876
HEMYPWVGLQFKIRSTNADC,0.7355666429080542
TEFCVAIGQYSDRWNKHPLM,0.729151817533856
NPAQSWHKCVLTMIEFRYGD,0.7512473271560941
ACLRSWPVTHNMYEGIQKFD,0.7391304347826086
WTPQRYHCENLIMVADSKGF,0.7384176764076978
NTHWYGPVLMSQDCIFERKA,0.7405559515324305
TPHRCGDISNKQAEMLVFWY,0.744832501781896
SDNFVEAYIQRPLHGCWTMK,0.7263007840342124
WLVDYIMAQNHRPGTEKCFS,0.7234497505345688
RKVCLENHATWPSYGQMFID,0.7284390591589451
TMCAFYLKDIWGNPVSRQHE,0.7234497505345688
LGADRIEYNPWKSMFQHTCV,0.7320028510334996
MGATCHSKYLIEWPNVRQDF,0.7355666429080542
RKLPMYCFQSNVHATWDIGE,0.7384176764076978
SHEVQRNWIAMGFTKLPCYD,0.7312900926585887
SMYQENWCPLGFHRKVATID,0.7312900926585887
SKFWADVNHGQCERPYMILT,0.7305773342836779
EMYAGNDFTSLWKRVPQCIH,0.7277263007840342
MARFDYKPSTIQWCVNGHLE,0.7284390591589451
LISHCEQNPGFWKTMVYARD,0.7384176764076978
WHLYATMIERNVDQGPKSCF,0.7184604419101924
LMPRFSNQCVDYKGIAWTHE,0.7398431931575196
GNPSIVMKFLATDHEWCQYR,0.7548111190306486
MYCIKGQLNEHRFDTAVWSP,0.7455452601568069
FCTHDVRYQKWMNLPASIEG,0.7412687099073414
ELWNCPYVQKRFGMAITDSH,0.7284390591589451
GRAVSNHLMDYKTPIQEFCW,0.7241625089094796
KIERHVAMCWTSPDLYNGFQ,0.729151817533856
HTKLPCNQFVISRGWDEAYM,0.7398431931575196
RKLSFQWAGEIPCYNDHMTV,0.7248752672843906
LPWDIKGTAEFHQNYVSMRC,0.7341411261582323
SMELPCGNRKDFTVHQWAYI,0.729864575908767
KTVYIMWCDFRSEAPGNLHQ,0.736992159657876
PICMNTGQKFHVYDWRLASE,0.7362794012829651
FCNDYPETQGSKRLHWIVMA,0.729864575908767
SYTCFKPVIHQEGWLNMRAD,0.7284390591589451
EDGHIWMFQLCARSNVTPKY,0.7327156094084105
CFAPGTWQDNRSKLMVIHEY,0.7355666429080542
KPVTGNCFMRDAIHYQLWES,0.729151817533856
FVTHQKGPIADWLNSRECYM,0.7540983606557377
HRAKEMICGQFSLVWPTDNY,0.7348538845331433
PCDSGLYVRHQEKFNAWIMT,0.7419814682822523
FEYHNPIRSCDLMAVQTKWG,0.7327156094084105
MANSKTGVHYLWQPCEFRDI,0.7355666429080542
SLAPMGWNVQFKTRHYEDIC,0.7320028510334996
MPYVERNWHQASFGKDILCT,0.722024233784747
MVKPHFESYITGDLCWNQAR,0.7391304347826086
WMLFRSDCVGNAYEPKQIHT,0.751960085531005
IDKVAHRYFSWPQCLGNTEM,0.736992159657876
MPAHFKCQVTEIYDNGWLSR,0.7391304347826086
KQVLWTRDYIASMNPGEFHC,0.7334283677833214
SPYGAFVMLQNTCWIKDHER,0.7498218104062723
YANDSITLFRQEGHMKVPWC,0.7434069850320741
DPEINQTVGLFSCAHMWRYK,0.7384176764076978
SACGDQRHEMNLYWTKVFPI,0.7441197434069851
VRWAHCKQPFLSTGDYNMEI,0.7348538845331433
GWQVASLFYPMKCIHERNDT,0.7227369921596579
RYNTCPKMFSDHLIQVAGWE,0.7348538845331433
RVIWFDTQASCHYLGENMPK,0.7191732002851033
IPFQRDAHSMGCNLVWTEYK,0.7384176764076978
FHMNWCRYDGEQVTSAPLIK,0.7412687099073414
AGFVHEQLSICKMPRDYTWN,0.7348538845331433
SNAYMEIHGKQDCVWTPFLR,0.7462580185317177
EWRADVMQHGPINCYSTFLK,0.7491090520313614
TSCIDPNGVQMLYRAKFWEH,0.7334283677833214
GMIVPRQWESYDTCNAFLHK,0.7505345687811832
PNCGHAYITQLFKMDWESVR,0.7341411261582323
NDFHSLIAETRQYWCMKGPV,0.7341411261582323
NYFRSKQVTLEAHMDICPWG,0.7505345687811832
VTNFPAMYCGLESHQKRDIW,0.7248752672843906
RPLCTYIEKWVSDNQFGAHM,0.7334283677833214
MRALTWNSHCDGYEKVFQIP,0.7412687099073414
VMKDYRQEHTSPLCGIFNAW,0.7377049180327869
FHSNLEYARGDWKTICPQMV,0.7198859586600143
YAHIVGDKRLSQWPTENCMF,0.7426942266571632
CFGQWMKETYHVASPNDLRI,0.7462580185317177
NWIKFYLDHRCEMPGAQSTV,0.729864575908767
PCLVFWNIQTDRKHGMSEYA,0.7312900926585887
GHKQTPFECLYASNDIWVRM,0.7362794012829651
LWAYKVFRGHMQCDISPNET,0.7398431931575196
PKAFQMVLTSEHYWRIDGCN,0.736992159657876
MELQSWINGKVRFTDHYAPC,0.7227369921596579
MRCVPEIFYTAHGSLWQDNK,0.7462580185317177
WYHSRAIEKVGDTNFPQLMC,0.7263007840342124
AWSNHFEMIQRLGYPDTCKV,0.7312900926585887
TNMYDKIERPHQCGWVSAFL,0.7234497505345688
CEWRPVMGLKTDFSNHAQYI,0.7320028510334996
RCQSMNHKYGLDPWTAIVFE,0.7405559515324305
LTYCQPDASMENRHFIVWKG,0.7334283677833214
QLRKHGIWDVEFNSATYMCP,0.7334283677833214
AFELPNGSYDCKQVRTIHMW,0.7441197434069851
NPGASLECYKIMRDVFTQHW,0.7412687099073414
NFYTASMDRVWIGCEKPQLH,0.7426942266571632
RWNHPVDSYACITKQLGMFE,0.7540983606557377
NQVCLMAWPIDHFYEGKTRS,0.7355666429080542
KGWHTYVADMPISFQRNLEC,0.7348538845331433
DMTRYGWECFALNHKSIQPV,0.7213114754098361
DGPINAWEQVMRCKFTLSHY,0.7362794012829651
HIRQNSAMFCDKPWGETVLY,0.7270135424091233
QRACPTGHKMYIDNWLFVES,0.7377049180327869
YQHWSNAFVLITMGEPDKRC,0.7419814682822523
KPDSFIVNTGCARWHYELMQ,0.7334283677833214
GRKSYPMTVLWFCEIAQNDH,0.7512473271560941
CIHRESGTVWKAFDMPLQYN,0.7270135424091233
VTAKWFMPIYCLHQGSNDER,0.7305773342836779
TAFCHYIDQKWGNEPSRVLM,0.7355666429080542
IFETAWYDNKMCHLVSPGQR,0.7441197434069851
NLRGATMSVCKYIEPDHQWF,0.7391304347826086
QGMICDLSTEKFANVWPRHY,0.7270135424091233
QMHNDKFWGRSPAVITYECL,0.7469707769066286
WFAPYIKTMLDQESNCVRHG,0.7469707769066286
NEKCPFILARTHYSVGDQMW,0.7426942266571632
ITQMWHGDRYPVLKANSEFC,0.7334283677833214
NFIWAYKGHRDSEVLPTMQC,0.7505345687811832
RWYSPMQEICGKADHNLFTV,0.7426942266571632
MCDNTEVIHFSWQKYGARPL,0.7284390591589451
AHQFELVSPMTWNDCGYKIR,0.7312900926585887
VWYNSGCDILTMPARHQEFK,0.7505345687811832
WKNVTAHGCQYDMRIPFSEL,0.7312900926585887
DHCTGRYFEMQSLIVKNAWP,0.7419814682822523
VQLKTDRNAPGEYIFMCSWH,0.722024233784747
GQCFDPNTRYHKISMLAVWE,0.7205987170349252
VPSYTHIENKWDMLRACGFQ,0.7348538845331433
WQDKSYAERMHNPGFLTIVC,0.751960085531005
CPDFVKYGTLNWAMHREISQ,0.7320028510334996
WLTDFVNPRCAIEKHMQYSG,0.7227369921596579
QFELTYKVGMNPRSDICAWH,0.736992159657876
IGMNTPEWQVDHLCSARYFK,0.7241625089094796
RCIVPWGQLSADYMNKHETF,0.7377049180327869
DCWFMKQPEVRLIYGTAHNS,0.7455452601568069
HVLDRKNGTESPFMIAQCYW,0.7419814682822523
IPYTRKLHQACSGFMDNWEV,0.7341411261582323
ICHFAWQMYKDSELTRGVNP,0.736992159657876
YPWGINHCLKREQAMDFSVT,0.736992159657876
VYDSRIEMFQGCNPLAWHTK,0.7391304347826086
WNFMDYTIVSAQLECGRKPH,0.7284390591589451
HNSMEALQPIFKWRYVCTDG,0.7312900926585887
CEFMISGHNLRTVWQDKPAY,0.7355666429080542
ERYAFKNIHSGMLDWQCTPV,0.7156094084105489
YRCSIKWVMDNFAEHLPTQG,0.7320028510334996
SATCWPKGEVYFRNHMDILQ,0.7377049180327869
IYCWEFVNDQGHRSLATMPK,0.7312900926585887
LWPYHFSCQEGKDNARMVTI,0.7455452601568069
VGMNIHKCFDYEPTWLARQS,0.7205987170349252
LKHVFRAYNDIPWGEMCQTS,0.736992159657876
DYFCLWPVKTAIHNSRQEGM,0.7419814682822523
IFRPQKVNLYATGEMCHDWS,0.7334283677833214
PHYRFVLSDCWTAIEGNMQK,0.7320028510334996
ESAQVLHPIMGYFCNKRTDW,0.7362794012829651
FTDYGQNELHSKIAWRPVMC,0.7391304347826086
YCRDAEGPLIVMTWHNKFSQ,0.744832501781896
ARFIHGLPWDVSNQYKCTEM,0.729151817533856
IQKATGWFPHRMLYSEVDNC,0.7434069850320741
TNSPGQEFYVMCKLHAWDRI,0.7476835352815395
NSKVRLHTAQYMEPGIWFDC,0.7576621525302922
GKFTSHMPWNYICLEADRQV,0.7341411261582323
YDELFQGISCPNVMKRTAHW,0.729151817533856
REQKNGMAHSDFTWCLYVPI,0.7334283677833214
YKERDSMAPGIVTLQFCWNH,0.7476835352815395
VWSTYFLDGMPIHCRAEQNK,0.7384176764076978
WMVHFSDRLCIQEKGNPAYT,0.7348538845331433
QAHEKLNDWMVCGFYITSRP,0.7320028510334996
NEWYATVHIMGPQFSDRCKL,0.7412687099073414
WRSTCLNEHVPMIFKGADYQ,0.729864575908767
VITPNGCDHYASLWMQFEKR,0.7419814682822523
FWGNVELDAIKCQTSRHPMY,0.736992159657876
DYQMFEVHGPWSNCARLITK,0.7419814682822523
RANSCIVKDPHMLWGTEFYQ,0.7434069850320741
FRWQVYGTSDLKECNPHAIM,0.7398431931575196
IHKCEPGNASWRFLTYMVQD,0.7455452601568069
GAILTMDPWYRHCSVQNKFE,0.722024233784747
SILVCYEFKTNGWMAPQRDH,0.7398431931575196
YKGCIPLMHDATVSFWQNRE,0.7412687099073414
ETAFCVLKPQMWGHDYSNIR,0.7426942266571632
DRCKWMIVFGTNHPEALYSQ,0.7320028510334996
VKGYLFPISMETCWRANHDQ,0.7284390591589451
FGQYINKVESTWRADCLMPH,0.744832501781896
YKTWAHRGDNFVSMECLQIP,0.7248752672843906
TGAKLIYEDMNVCPHQFSRW,0.7505345687811832
TSDPMYNLAIGCVRKFEQWH,0.7320028510334996
GLDYITKPSCHFREVANWMQ,0.729864575908767
DFSPWRAIKMTGCNEVHQYL,0.7362794012829651
MKCIYFQWETNRAPGDHSLV,0.7320028510334996
NHDVYMEKTLPWIFQSARCG,0.7377049180327869
FMPQTDWNHCAGIYRVKLES,0.7312900926585887
FGYKLPNMQCTVRADSEHIW,0.729864575908767
IYEQLSGKPTDAMRVCNFHW,0.7170349251603706
MWQGAHPCFRSIKDTEVNYL,0.736992159657876
YCSEGADWQKFNMHTPVLIR,0.7234497505345688
HIQPGRLDTVMECNWSKYAF,0.7412687099073414
KIGDAMVSTRWENLFYPHCQ,0.7312900926585887
WRLEHASQPKGFMITVYNCD,0.751960085531005
IWSGDLREVYCMFNKAPQHT,0.7398431931575196
TDFVLIYQEMHCKGANWPRS,0.7270135424091233
NARITSYHVCWLDEKFQPGM,0.7277263007840342
NIHQFGTEKVWMPDYASRCL,0.7084818246614397
YSFMHKNVLWADTRCPGEQI,0.7384176764076978
TFISENYLMRPGDAWQKCVH,0.736992159657876
SIYGELAKFTVRDHNPMQWC,0.736992159657876
HGKYMQVFAEWLRITDSNPC,0.751960085531005
PLFIVCWGQMYKSRENHADT,0.7483962936564504
VCSLNAFHPYWQTRMIDGEK,0.7341411261582323
IGQWVFSLCKEMNYTHRADP,0.7255880256593015
QHLWYIGNSPCEMRFVDATK,0.7391304347826086
PVLIHRQWGCYKMANDTESF,0.7327156094084105
EVLHRMCSWYFNGDAKPQTI,0.7419814682822523
VGQSIMTACLYPWKEHFRND,0.7234497505345688
FVAYRWKQEHILSTDPCMGN,0.7455452601568069
HLCNTQMSRVFGPDAWKEYI,0.7263007840342124
EGAHCQFNLVKRDWISYTMP,0.7198859586600143
SFWVYAMECNGLRPTDKIQH,0.7341411261582323
QDMVGPATHLWCIYENKRSF,0.7419814682822523
ECQHYRNTAKVMPSIDWLFG,0.7263007840342124
VGMYDRPKAFILCEQHSTNW,0.7419814682822523
TLKQAGENYPDRVFHMWISC,0.7377049180327869
RWAVNHDTGQCEISKMYFPL,0.7391304347826086
SDMREHIPGAWNCVFYQKLT,0.736992159657876
YHQWTGPEFVCMNDSAIKRL,0.7426942266571632
NEIYTPLASHRVWQGCFDKM,0.7405559515324305
QHSWVNMLACPRGYEDIKFT,0.7476835352815395
KWMLRVCYPIFHDNSTGAEQ,0.7441197434069851
ANTWYSCVFQMPEGLKHRID,0.729151817533856
AELQVNKYPWGHIDSRMTFC,0.729151817533856
SLPCTRHKQAMIEYNFGDVW,0.7270135424091233
QYPFDEWTVCSKIMAHNRGL,0.7184604419101924
HDTFWMPRSLNVYQAICEGK,0.7334283677833214
SGAEDIWPCLMQTVRYKFHN,0.7384176764076978
LMDVWGSKRHIPYFAQECTN,0.7362794012829651
TNCMGWSDLHYEKFAVPRIQ,0.7341411261582323
WKPSFNTCARIEDMYGLQVH,0.7312900926585887
YMPLSKFCTHWAQDEGNVRI,0.7391304347826086
VRQGMWKENHSFCPTDIAYL,0.7441197434069851
FPNQLRIEAYDWHKGSTMCV,0.7348538845331433
PGKHLRAINMSYDECFTQVW,0.7412687099073414
GDFWMCTQVSPNHLAKRYIE,0.7327156094084105
FKDAISNVGHWPMCEQRYLT,0.7355666429080542
LRWADIMHPFTVYCEKQSGN,0.7334283677833214
NPQLSYVMKWIHCGRTAEFD,0.7198859586600143
IYMDRVGLQEFWKASTCPHN,0.7270135424091233
HQVGPTDKIRELYAWMCFNS,0.7341411261582323
APVQTMHLFCRKDSWNIGYE,0.7483962936564504
NAQLRVPTYGFKDICMWSHE,0.7320028510334996
SIVQNEKYAFMWDRHPCGTL,0.7355666429080542
VFRALKYECTMHPWIDGNQS,0.7384176764076978
WRDCEFAKTSMQIHVGPLYN,0.7341411261582323
PWYQMHGSRVDNTLIEAKCF,0.7384176764076978
AVLEFNGIHTMWRQYKCSDP,0.7377049180327869
KNIAGSQDHWRLFMTYCPVE,0.7469707769066286
ANRFWTHMCSGKPIQYEVDL,0.7205987170349252
HKQTAWMVDLRINCSEPYFG,0.7412687099073414
RMSVFKGWLEAHYNITPQCD,0.722024233784747
CVQWDLEANTPSKRHMYIFG,0.7205987170349252
PHSAFNGWCLREMYTDIQVK,0.7248752672843906
SYTDKRVEGIFLHANMPQCW,0.729864575908767
HELDYWIVGRNAQMPSKTFC,0.7205987170349252
STQCAVGRWKLIYFEDNPHM,0.7355666429080542
NIHWYFCRASQTLGPEKVMD,0.729864575908767
DHRPGMKTNSQWIVFACYEL,0.736992159657876
FCQRPLDTVNKEHYGWSIMA,0.7320028510334996
FCEDHSNYPMLIKGWVTAQR,0.7476835352815395
NEIQVHGCMPWKRDYLATSF,0.7277263007840342
FHEDNKYVRPICQTGLWMSA,0.7263007840342124
SCNRGDVPMHWETQAKFIYL,0.7312900926585887
CAWVMHNERKSDYPLQIGFT,0.7305773342836779
HALRTIYDGEFMWCSKNQPV,0.7426942266571632
CKGAPEFWTMQVNLYHDSRI,0.751960085531005
DAIYFWQGPKMESCHLRTVN,0.7391304347826086
ECIGLRWDFHYMKANPQVST,0.729151817533856
RSQPVKHANWTCGFELYDIM,0.744832501781896
KTLAWRIEYDHQVPFSMCNG,0.751960085531005
KLYQMCHGPAETSIFWRVDN,0.7377049180327869
WGNPVYIHMLFCREKSQATD,0.7362794012829651
MGKCEIAYPRDWFSVTHQLN,0.7312900926585887
KEFCMPGWAHISLRQNYTDV,0.7227369921596579
MLPYHTIFCKQGEDSRAWNV,0.7384176764076978
SMAERQIPWVDKNFLCYHTG,0.7355666429080542
EYMPKTWANHRQCLFSGDIV,0.729151817533856
MIRYWSKHCQDTNALGFEPV,0.7469707769066286
IACRYWKEDGMSVLTNHQFP,0.7398431931575196
EQTKYLVPMRISWCADHNGF,0.7419814682822523
KLDQYWNRTECPFSVGAHIM,0.7305773342836779
IDGFSETRAMLVPNQYKHCW,0.7391304347826086
VQIELGAHYPFDNMRKWSTC,0.7327156094084105
WDSHYRTCPKVNILMQEGAF,0.7341411261582323
APNYLSMKDEGHWTQIVCFR,0.744832501781896
YSRPIFDTAGVNMQHKCEWL,0.7498218104062723
EQWAISTKRGPLHFYMVDNC,0.7405559515324305
QKRTMDLHCYEFWVSGINAP,0.7355666429080542
ESWHTQIAVGNMKRFCLDYP,0.7355666429080542
CDITKLMQWAGVESHPYNFR,0.7241625089094796
RCVPITKDAYFGHMEQNWLS,0.7334283677833214
VAPNCHGIFMQYRDWLKTES,0.7355666429080542
IYKSGMQHDAFLTPCVERWN,0.7398431931575196
SRDTIYKAMWPQLHEFGNCV,0.7348538845331433
TSLYPRIMAKDNCFEHGQVW,0.7362794012829651
DTSHQYFMLIEWKARVPCGN,0.7533856022808268
TYHQDSWRNMGCLEFVKAPI,0.7377049180327869
LSTFRGDMIWYQPKENCVHA,0.7320028510334996
GFPMATNVKQSYWDERICHL,0.7426942266571632
GEYPDKNWCATRFIHSLQMV,0.7533856022808268
ECAFMSYIWRKGHNQLDTPV,0.7227369921596579
SHCRYLDNTEPFWQGAMIKV,0.736992159657876
RHSDPLEVIWGYTKFMNCAQ,0.7462580185317177
CSFKMYVENALTHWRGDPIQ,0.7320028510334996
QPFDIAGNHLMTKCEVRWYS,0.7327156094084105
IPARKNFLQESHGDWVMCTY,0.7491090520313614
AWHGMQTYFVNIRPCSKLDE,0.7405559515324305
YFAMSEPHTKQDCGLIRNWV,0.7455452601568069
DNRAGSQTVHELFYICKMPW,0.7391304347826086
TSPHVKCLFGQNRMYIDWAE,0.7255880256593015
TDMAWPHIESGFRLYKNVQC,0.7398431931575196
LFWTANGKQRPVDEMCYHSI,0.7419814682822523
SWRQDIGLMEFTNPHVKAYC,0.7405559515324305
LTDPHYCIRWFVSENGKMAQ,0.7377049180327869
QYPISEDNFCAMLVGTWKRH,0.7434069850320741
KIEVWYNQMRTHFSLADCGP,0.7434069850320741
MDFKISYTHQPLGRWNEVCA,0.7184604419101924
VDSAGKTPICMHYRLFNWEQ,0.7476835352815395
CEFRTQDMVIAPHGSWNYLK,0.7476835352815395
YICVEKRWADQTGSMHFLNP,0.7391304347826086
KGQSNMDYRFPLIVHAECTW,0.7426942266571632
WLVIECYMASGQTNHKRFPD,0.7270135424091233
VHEALQYPKGFRSTMIDWNC,0.7419814682822523
SGLWTYMHREKVPCAIDNQF,0.7426942266571632
HPCRNEWSITYFAQGKVMLD,0.7426942266571632
AQKWVTYSPCMFLNIHDGRE,0.7590876692801141
FPKWYTCMEHVQNRDASILG,0.7134711332858161
PEYKIFASQGVNRLCHTDWM,0.7198859586600143
CATWRYLNEMVPQSHIKFDG,0.722024233784747
SFQLMCDRAHYIEPGTKWNV,0.7341411261582323
VWARFNCDYHQKSPGTEILM,0.7391304347826086
VHKIFERYWLTCMQSNDPGA,0.7334283677833214
DRGMKFHWNQPASCILEYTV,0.7255880256593015
DIHARLFSEWCMNYKGQTPV,0.7362794012829651
FWKHLQTPEYDVMRINSGCA,0.7462580185317177
FNHEGWAMQKTSCRVIYDPL,0.7284390591589451
QECNDPAGRIVMKTFLYSWH,0.7476835352815395
CSLYKDPVTHQEMWIFRAGN,0.7398431931575196
NQSFYGRPACTEMDKVWLIH,0.7312900926585887
PSLAFHKGMVYTNIDREQCW,0.7341411261582323
HMKCQDPLREYFIVGNSWTA,0.7505345687811832
MNCLWAFSRGDPVEQKYHTI,0.7398431931575196
NHIAGFTKCSWEQVPLYDMR,0.7377049180327869
DMGHRPCKEQNTLSAYIFWV,0.7441197434069851
SPWHNVYLMDAKFQICTERG,0.7334283677833214
VFYDKHWSLANRGMTCQPIE,0.7327156094084105
YDNRISTEGFALPVMHKWQC,0.7348538845331433
QKTCSHRPFVAEIMGWLNYD,0.7327156094084105
CEQIHGLWDASYKMFTPVRN,0.7419814682822523
KSFGRWICPVNQMDALYHET,0.7255880256593015
DRHMYESKPLVTNFIQAGWC,0.7348538845331433
NPERLHFMSATDYCWGVQIK,0.7512473271560941
CEVWITDSFKQRANMYPLGH,0.7305773342836779
VPWIQREGDCKANTSYHLMF,0.7270135424091233
AKSLDGYWMQHFPRTNECIV,0.7362794012829651
KEVGCLPRDWIMASTHYFNQ,0.7320028510334996
WHVPKYCINTQGDLAMRSEF,0.7198859586600143
WMAFTSRQGLPKEIHCVDNY,0.736992159657876
MALPDCYGNWSIKERQFTVH,0.7398431931575196
NRVYCQTHWLEGDMAFSPKI,0.7312900926585887
KPHEVLRIGYDFSMWTAQCN,0.7305773342836779
ITGESVQNPRMLHFWDYAKC,0.7405559515324305
ENKTADPIVFCLSYRQHWMG,0.7184604419101924
DRAPEMFIWLQNSHGVYCTK,0.7469707769066286
EHTVLYCAWIGFPQDKNRSM,0.7491090520313614
QWEKTFVCHRSDLPMGYANI,0.7348538845331433
NRFDPTSGLAEWQVKIYMCH,0.7234497505345688
HSMDEKCPATRLNWGYFIVQ,0.7405559515324305
EVIWLSRHTMADCYQGNFKP,0.7320028510334996
VKMYHDWNFCESRITPQGLA,0.7191732002851033
CWSDFTMRAVLKNGPEYHIQ,0.7184604419101924
EPYMQATLSRDHWGINFVKC,0.7434069850320741
NMPHFVWASCELQDGYRTIK,0.7341411261582323
AKVDHTQGFILWRYSNCMPE,0.7320028510334996
MPDACHYNGWFEIVSTLRQK,0.7441197434069851
CSIPEYNGKQVFALDWTHMR,0.7341411261582323
WSYPCGETDIFMRKNLVHAQ,0.7362794012829651
VLFHKPQEARMWSTDYIGNC,0.7384176764076978
LCFGAQPIYMDNERVKTSWH,0.7355666429080542
DHQIPTMVYKREWSGANFLC,0.7277263007840342
IGHQWTCLPAFYMVESRDKN,0.7476835352815395
CFAHPDMKSITWNVLEYGRQ,0.751960085531005
WIEKCLYSVRMHTFQAPNDG,0.7391304347826086
MTDHAGQVYCRSWNFLEPIK,0.7462580185317177
FWEMHRVAYKQLTGCSPNDI,0.7248752672843906
EHTDMRSLAYCQWIPNKVFG,0.714183891660727
AYRQKMEPGHDTICVLSWNF,0.7362794012829651
HIQVFAYWRCPKMDNGSLTE,0.7241625089094796
VQFPRLAYTDHCNGESIMKW,0.7327156094084105
EPSTFDRHQNMYAIGCLKVW,0.729151817533856
QARKSFHIYWTPMDGNCEVL,0.7419814682822523
DTWQNMYKLPAEGVRCFISH,0.7412687099073414
RSQNWALEPFGVHMITDCKY,0.7377049180327869
EAGTNHSVIFKCPRWMYLDQ,0.7362794012829651
MWEINHQVPGTRCLAYKSDF,0.7426942266571632
RTGESWCHVAMLIDPYFNKQ,0.7391304347826086
IVECSHFGWNMAQLRPTKDY,0.7341411261582323
KHLSVDPFRCGMANEWYTQI,0.7405559515324305
MCHTEFDISWVYLAGQKRNP,0.729151817533856
LCVQAYGKIDFRHSTEWMPN,0.7263007840342124
FESNWARTYKPDCHIVMGQL,0.7320028510334996
ACMSNLEVHTDQWRYGKFIP,0.7412687099073414
KGSQWTDIAMRVFCELYPHN,0.736992159657876
PKGELSQYTDNCWRAHFIMV,0.7384176764076978
PAFSLCRNIMWKHQDVEGYT,0.7348538845331433
ICDLNTHFVAGPSQWKEYRM,0.7362794012829651
NDIELAPMHRSFCQKTVGWY,0.7234497505345688
ICSQLFWMVDKNRGHTEPYA,0.7312900926585887
SLIYWFTPKDMRGENAVCQH,0.7277263007840342
YSTQWVPELRFDCGMHINKA,0.7391304347826086
GIWDVFRTCLPQYNMAKEHS,0.7348538845331433
WRTAFPYSNVGHLCDMQEKI,0.7426942266571632
QSYGVWPATCRMHNILFEKD,0.7476835352815395
NGHQYCKDRAVTMPESWIFL,0.7198859586600143
QERHKDLVMIPYWCSNGTAF,0.736992159657876
WLVCMDNHEGTRYPISQKFA,0.7213114754098361
TRGDALEQINPMVKYSFCHW,0.7505345687811832
QLTNFVHYMPDRKGCASIEW,0.729151817533856
GEVHTYFIDCAPMRNWQSKL,0.7327156094084105
SEYLMQRDTCNPHGIKVAWF,0.7405559515324305
GNKEQLPRVADTYICWSMHF,0.7227369921596579
EDCRHLQSWIKYAFGVTPMN,0.7441197434069851
VHYPGEQRTKICLMSWANFD,0.7255880256593015
NYTCHSERAQKPGVIWDLMF,0.7334283677833214
VKEQTPHFWMNIRLCYDSAG,0.744832501781896
WACPHVLDKETYQGMRNISF,0.736992159657876
HNAREIKPLTDGFQSVCYMW,0.7398431931575196
QHTIPVADSWFKLYNMREGC,0.7512473271560941
HQTMYNVPAKWIGCEDSLFR,0.7362794012829651
QAVIYRHDFTNKPESMLGWC,0.7348538845331433
MCPIVWTFGLDQYAKREHSN,0.7455452601568069
CEMAHVGKLPTNFSWYDQIR,0.7434069850320741
ATRYKPEQNDLMCGSIWFHV,0.7391304347826086
VLTRFDCSINQAYEMKWHGP,0.7398431931575196
MVKSYQTLIEACPRNDGWFH,0.7512473271560941
YVLIAFTSMEDPNWGQHCRK,0.7305773342836779
RQTVCSAMDPIWHGEYNFLK,0.7412687099073414
AMLIHETSRWFNKDCQPYVG,0.7533856022808268
INWVSPTKAGHRMEQFCLYD,0.7362794012829651
ETNRSGVQHFPKLDYCIWMA,0.729151817533856
TYLWCVMFEPINRHKGSDQA,0.7455452601568069
SQGICYTVEDMKPRAWFNLH,0.7320028510334996
MKHELDTFWYCVINRSGQPA,0.7391304347826086
DGVSIAKPFNMTHRWQCYEL,0.7377049180327869
SEIPHVDLAQTKGYWFRNCM,0.7341411261582323
TNHFSRMCVDWGYPIQKLEA,0.7377049180327869
KPDIELASFWGCHQVRNTMY,0.7341411261582323
NMSYGIHTKRWEPDFCQLVA,0.7405559515324305
NFWIPTESKCRMVYGLDQHA,0.744832501781896
YHICAMLDVEQWKFSTRNGP,0.7434069850320741
YAKPVREHQDCWGFLSITNM,0.7341411261582323
KWVRLTQYHEFNMSDGAICP,0.7377049180327869
LGVCHMAIYRPWDQEFSKNT,0.7412687099073414
WHPFRAQCIVLDGKYNMEST,0.7355666429080542
MVYDKIFNPGSCTHALERWQ,0.7263007840342124
YLRAMVWNDIPETKCQGSFH,0.7198859586600143
FRSHAYGQPTMEICVNLWDK,0.7405559515324305
NMFRQPIDWKGHASVYLETC,0.7348538845331433
WTLGMSEDARPNYFCVIQKH,0.7441197434069851
MRYFLAIQPNDHEGVWCSKT,0.736992159657876
KRGAPTYVFDEMQWHLNSCI,0.7277263007840342
TLGPVWKRAEDCNFHMQISY,0.7483962936564504
CQTYDGWSEMAVNHPFRKLI,0.7384176764076978
TWAESGQPFILNYMRHVCDK,0.736992159657876
VLREKMFPSGDTNQYAWIHC,0.7348538845331433
SNICTMPGDHYAVRWLKQEF,0.736992159657876
HLTSPCEWGFYQDMIRKANV,0.7498218104062723
EWPGRYVFNMSTAKDCILHQ,0.7419814682822523
KRQFNAMITSHWVPEYCGLD,0.7241625089094796
LCEDVMRYGKAWTQHPIFNS,0.7305773342836779
IFGRWPDQTKHNALCVSYEM,0.7384176764076978
WFRMCDITYQAHKENPVLSG,0.7569493941553813
IDCTMHNEAWKLSGYPQFVR,0.7205987170349252
NFPYCVMASHITWGQEKLRD,0.7391304347826086
KCPWLMTREDGQNIFHYSVA,0.7441197434069851
EFSDQNLIVAYGTWPCHKMR,0.7405559515324305
PDWTNERVSLHCFKGIQYAM,0.7255880256593015
CQFYWEGHISDRVPAMLKTN,0.7441197434069851
IAHCEMGLKYNWTSQFPDVR,0.7255880256593015
FAYNHDRKQECIPSLGTMVW,0.7540983606557377
HDMALQWEPVNGTFRSYCIK,0.7426942266571632
SVFLQARWDGKIPYTHCENM,0.7476835352815395
AWKRIYLVPFTEDQHSMGCN,0.7341411261582323
EFTGVRPAQLHYCIMNWSDK,0.7398431931575196
HWVITCLFNYKREDGMSPAQ,0.7505345687811832
GILFTYMSAPCEHWQKDVRN,0.7348538845331433
IRGPHKWVCDTAYNFMQSEL,0.729864575908767
KMGFQNRWAYIVPLEHSDTC,0.7398431931575196
YFPKDCHTLQVIMRWAGENS,0.7434069850320741
DWPNRIFAEQMGCVSYLHTK,0.7355666429080542
MIAQKFRENCSGVYDTWLPH,0.7320028510334996
RGKYHSDACTNIVEFWQLPM,0.729151817533856
TSKGRIAFYMHCLEPDWNQV,0.7455452601568069
MAKIYGQDVWTCHLPSNFRE,0.7426942266571632
EMNFHQYADCRVTGSKPWLI,0.7184604419101924
YFNGWIRQMAESKVPTCLHD,0.7305773342836779
QPNHMGKFARVYWITLSCED,0.7540983606557377
CPDMSAGQWNYRHVEILFTK,0.7398431931575196
YLKTGSCVMDEPAQNFIHRW,0.7234497505345688
FMWKQEIVTHYSDCGNRLAP,0.744832501781896
EWFCRAIVPSYMNQDLKTGH,0.7362794012829651
WGEHIVDCATKSLFPMYQNR,0.7455452601568069
CDRNAGEWSKHVFIYQPTLM,0.7362794012829651
SVTGALHRCIEYPNMKDFQW,0.7362794012829651
TCMVKHIWLPGFNYSAEQRD,0.736992159657876
ACFGYMPRWVTKLESQHDNI,0.7377049180327869
FSKDGYVHEQPWNLACMITR,0.7476835352815395
CIPKEAMTLRNSFQYGDWHV,0.7334283677833214
HMYEFKSWRTVAIDLNQGCP,0.7377049180327869
SPLAMFYTCHNVQEGIRDKW,0.7384176764076978
IRDGWEMYPLHQSFTNKACV,0.7241625089094796
IAHLMFSDEPKQRTWCYVNG,0.7377049180327869
NAQGWMPIKFHESTDLVYCR,0.729151817533856
GMWYHCQTIRSLDNVEFKAP,0.7312900926585887
KFCYPWNQITVDLHGESRMA,0.7391304347826086
PRNEMCHIKLQYWDGASVFT,0.7455452601568069
EHWKDNRLPTYSQGAIMCFV,0.7334283677833214
DVILAHQRCTSEKGNWFYMP,0.744832501781896
QMITCFNLDAEYRVKGPWSH,0.7163221667854597
NIMCTGYFDVRLAEQPKSWH,0.7362794012829651
VTEDCRGSYQHALWNMKIPF,0.7205987170349252
SHIVFNMKCYARWTQLEPGD,0.7341411261582323
WVPKCDSMIHNERTYLGQFA,0.7405559515324305
FAKRGCTQVYWNMSHPELID,0.7163221667854597
DMIRNLASCWFGKTYVEHQP,0.7362794012829651
WHKIRPTCYSMADQEFNLVG,0.7476835352815395
NSGIEVRYWLHTKQPMACDF,0.7305773342836779
CMWGSTIYEPHDKVQRNALF,0.7312900926585887
GDIFMSVNEQLCPRHKWYTA,0.7327156094084105
LQHDKGWCMSNATPYVEIRF,0.7441197434069851
QYGDCSAVKELMNFWRHIPT,0.7434069850320741
LRKCSIHGAMVWTDQNEYPF,0.7512473271560941
DNPKEVRHFWYTSCIAGQML,0.7391304347826086
LGPDFIWCYASVENHTQKRM,0.7227369921596579
CVESQHGAPTFMIWKRDLYN,0.736992159657876
NGYKTDHAVPQMWSEFLRIC,0.7419814682822523
LVPYMDQGCNWSRAIHKEFT,0.736992159657876
PSEMLKCNHRYTQVIDAWGF,0.7334283677833214
PCRVSFIHGEAQMNLKTWDY,0.7270135424091233
LHMTQIFKPSDNRWCGAEYV,0.7320028510334996
LANDKQSMEWHTFIGPRCVY,0.7405559515324305
MPNKTFYRDQHICVWEGASL,0.7327156094084105
STQRLDMYNEFKVWGACIHP,0.7412687099073414
VFGRNYMWIHTACESLDPQK,0.7362794012829651
GVMTECPKWQNLASHIDYRF,0.7227369921596579
KFLIYRNEGVWPMDCQHSTA,0.7391304347826086
TNERDMSIWAGPFQYCHVLK,0.7327156094084105
LKAGFESDVIWNPHTMQCRY,0.7362794012829651
MQTSFINPECWVHAYKRGLD,0.7156094084105489
MRPFWACHLDGQINEVSKYT,0.7391304347826086
CNKGTMEWAHFQPSVDLYRI,0.7263007840342124
LFANSDIPGKHQCRTMYEWV,0.7483962936564504
LDPSCTFKWQVHANRYIMEG,0.7270135424091233
SLYNIEWPCADQFMHVKGRT,0.7348538845331433
TYIAMFHEKPRDQLVNSWCG,0.7412687099073414
GKVPHIESWQYMTDNFCRLA,0.7419814682822523
WMAQPHVFDEYSLICNKTGR,0.7412687099073414
GVMIHLSCNYWAQTKFPEDR,0.729864575908767
MHPRGAKSEVLIQNFTYDCW,0.7312900926585887
ERLGSKWMYIVCQHPFANDT,0.7341411261582323
LTRKNDCEYQPWSHGIAMVF,0.744832501781896
CVGFTQSDRHIYLPNKEWAM,0.729151817533856
DRIFSQMPWCKHYVEGLTNA,0.7241625089094796
LYKTCANPVDFMSWIEHGRQ,0.729864575908767
AGQTKFISWMHNYLREDCPV,0.7412687099073414
DRMYNKATHCGPWQSVLFEI,0.7348538845331433
LQTFCDKMPIEHAGVSWNRY,0.7284390591589451
FPANDGTLRYSMEVWQKHIC,0.7334283677833214
KWMHRDQVAFILYSPETNCG,0.7270135424091233
CAKNHGTWQVEDFRSYPLIM,0.7505345687811832
FLHCDWNPTGEAIRMKSQVY,0.744832501781896
QLMWRHNSVIFCGPTYKDEA,0.744832501781896
VADCPSQKGEYRNFMTILWH,0.7483962936564504
PNEAHSFTLCMWDVYRIQGK,0.7320028510334996
YHNWLSTAGPFIRQCVKEMD,0.736992159657876
HFLIDTMGKERACYSQWNVP,0.7320028510334996
VNPMFQGDKLETWRAHIYCS,0.729151817533856
LFGPSQEKCDRYVNHTMWIA,0.7455452601568069
YEMWHSCPKTNDVAIRLGFQ,0.7255880256593015
NSFREGVMKCAPITHDLQWY,0.7498218104062723
WFCGLQPVIDEYRHTNKASM,0.7405559515324305
LCWHTGVQDERYFKMSANPI,0.7348538845331433
RKDFHMISQVENTCPLWAYG,0.729151817533856
NCPAERIQTLGHYVDKWSMF,0.7540983606557377
HNVKCPTGRLMSFADQIEYW,0.7469707769066286
FRITGKHYLVDSNPWAQEMC,0.7412687099073414
YRVNFIQLSKPMHTWAGDCE,0.7234497505345688
QTWHNLKSFGCVPDIMYREA,0.7227369921596579
FGIREVKNLQPWDHASYCTM,0.7441197434069851
IFMARYCETNQHKLSDGPWV,0.7384176764076978
RPSWYIVHKNATMFECDQLG,0.7441197434069851
WADSKNMEPCTRFILHVYQG,0.7491090520313614
GIYEFARCTQSVPWMDHLKN,0.7263007840342124
HGARLNIKFQEMWYCVPTSD,0.7355666429080542
YCDAMISRENQLGWKPFHVT,0.7469707769066286
DNMFVIWHRAYCGPSTQELK,0.7341411261582323
FKQMTLSHYIEGCDNVWARP,0.729151817533856
IQMKLEPVCDFGNYWSTAHR,0.7277263007840342
CASNGIFDMVERPQHLWYKT,0.729864575908767
YEHIKPWALFNRCTGMSDVQ,0.7426942266571632
ECHPRADMVGYLWSTKINQF,0.7441197434069851
YEFPICAVLKHWGMNRQTSD,0.7377049180327869
TKVWYFHIGRADNQMCESPL,0.7483962936564504
KRWYECHFDIPANTLGVQSM,0.7412687099073414
NMHTDRWLSAKECYQVPGIF,0.7334283677833214
NGPKMVRHAQEIDYCTLSWF,0.7227369921596579
LQVRIFPDWHMTNEAYCKGS,0.7398431931575196
EVGWAQPLSMNYRKDFHCIT,0.7348538845331433
HYGFMNATEKQCPVRILSDW,0.7234497505345688
IQDKPENYTLWARMCHSVFG,0.7476835352815395
WRFLTPEKYSQMHIADNCGV,0.7412687099073414
KFRTCVPEHAWNYLQDGSMI,0.729151817533856
RVCELWNYHMDAGIKPFQST,0.7355666429080542
KLDWSEAQMFHCIRTYGVNP,0.7263007840342124
MESDYHIKFWNQCTRGPAVL,0.7198859586600143
HPTMEIFQNYRGWSLVAKDC,0.7377049180327869
QKDTSAHYMLVEPIRNCGFW,0.744832501781896
PWTLAQSYFGMDKEIVNCRH,0.729151817533856
HDTKCRESFINWMLPVYGQA,0.7462580185317177
YNLSCTFHMIAGDPKVWQER,0.7377049180327869
LDGQKYSVMEPFITWANCHR,0.7491090520313614
GAEKMTRYIHSCNQDWFVPL,0.7391304347826086
HCTSYDIRQFEANWVGKPML,0.7412687099073414
DCETPIGWVARFLKNMQSYH,0.7533856022808268
SHIDWKECPANTQGRMLVYF,0.7384176764076978
PCFETIQVNHSDKYLRMAWG,0.7491090520313614
DRCHATQNLKFIVMYEWSPG,0.7405559515324305
LNHVSMCPGTEFIDAYKRWQ,0.7305773342836779
NWFQVIALHCRYKSGMDPTE,0.7341411261582323
YTPNCFRMLWSDVKHAIGQE,0.7341411261582323
RKPMDVNHGLYIQWESFCTA,0.7156094084105489
MIAVYKNQHLTRCSWEFGPD,0.7398431931575196
IQTKSPMADFCVYNREWGHL,0.7156094084105489
QSKDMIAHRNEYLTFGCPVW,0.7412687099073414
TSRAICEKQDPLGHMNVYFW,0.7398431931575196
FVRTPCIEWNQLAMDGHSYK,0.7362794012829651
ARLPTEIKVQDNHGWMCSFY,0.7462580185317177
DPVYSCAWMLINRQKHEFTG,0.7533856022808268
KWQPYRFVLGHMISDANCET,0.7455452601568069
PIDWKCRVFYAGTELQHMNS,0.7255880256593015
DHEARGSQTIMYPFWNCKLV,0.7412687099073414
IMWGCYETVALQFHNSKPDR,0.7512473271560941
HTPQIDKYFCGENLMVSAWR,0.7241625089094796
FQGIWADSMYELKCPNTRVH,0.7312900926585887
IVWYHEPALKTDNFGQCMRS,0.7284390591589451
RPGYSHWMNEIAQFTDCVLK,0.7391304347826086
RMNSGIPKTAYEVDCHLWQF,0.7362794012829651
PSIGWFDVEYRMQNLCTAHK,0.7483962936564504
CNWLMGHREDPFYITAVSKQ,0.7462580185317177
TERGPYWCNVHLFADIMKSQ,0.7348538845331433
CDGSYVHIFTENQRMALPKW,0.7284390591589451
HFAWGRTLYINSCDQEVPKM,0.7348538845331433
IPQCYEFRWAVHMKTDSNLG,0.729864575908767
QMITREHNPSCGFKDWAVLY,0.7405559515324305
NTIYKWACVEQHPDSMRGLF,0.7263007840342124
GWFLKQDPHRVTAINYEMSC,0.7498218104062723
CFQLGTMDYPIAVKHNSEWR,0.7234497505345688
CVAPDMQFHIWGYTLERKNS,0.7426942266571632
IYMFWTNPVEGHLQRSKDAC,0.7263007840342124
CLAVMKNYWEITGDSPQHFR,0.7327156094084105
KQEYDMHGLRFVSTNCPAIW,0.7384176764076978
PMVRKILFEQNWGTDSHACY,0.7341411261582323
MFCVWHARKLGSPQIDYNTE,0.7355666429080542
DKWSAFINYCGHEPQVTLMR,0.7391304347826086
DKCQSHTNMRYWEGPVLFIA,0.7491090520313614
CVREFQWYKAPNGDMILSHT,0.7234497505345688
CEGDKHWLAFVMYPQNTSRI,0.7405559515324305
ELRKGVTDAFQYISCHMNPW,0.729864575908767
SQITYFVHNAPLKWMCDERG,0.7270135424091233
DRWGAMYCPLHNFEKISTVQ,0.7327156094084105
YWNVFPERQSMHADTKLICG,0.7469707769066286
DNHKAIFCTYQGRSLWEMVP,0.7419814682822523
NQTHVIPLEFDKCSWGMRYA,0.7377049180327869
VDAGNPWETHYICRLQKFMS,0.7234497505345688
YTIQRFWVDLNHPECASGKM,0.7305773342836779
NPVFGTWKMQSLDACHRYIE,0.7277263007840342
DKVTNLPMQFGRCIAYSEHW,0.7320028510334996
RSITGAPCNYKEWVDLFHQM,0.7462580185317177
GHRWPMQAICLDVEYNSFKT,0.7248752672843906
KPVYGCITNDFHWAMLERQS,0.7355666429080542
NMSEPTRDFLYQVKWGHACI,0.7419814682822523
HNRWYMPLAFIVTSCQGDEK,0.7512473271560941
TRQCNAMEIVLGFWSHKPDY,0.7348538845331433
QPEGDVKNHSMLTRCAIYFW,0.736992159657876
CDSLEMHIWVNFKGQTRYPA,0.7227369921596579
EINWHMGPLTKVSFYDRCAQ,0.7412687099073414
DHFKPGNAISECLRYVQTWM,0.729151817533856
NLFEQPTIHRGVWSCMDAKY,0.7327156094084105
HENFYVPAKRTLQWDCIGMS,0.7284390591589451
ITFYWKDSMERPALGCVHNQ,0.7377049180327869
NQETSHKCGLFDIPMVWRYA,0.7384176764076978
AKMIVEHFPWCGLTDQNYRS,0.7384176764076978
TRHELAIFCSQGKDMVPWYN,0.7334283677833214
RKQSCGMAVLIFTYEDNPWH,0.7491090520313614
RMDPNHEVLWQYGTACIKFS,0.7384176764076978
WQSTCFPDGILERKHAVMNY,0.7405559515324305
REKWITCDAVMYQSNLFPHG,0.7434069850320741
RGMYFLHAPQCTSVINEWDK,0.7348538845331433
MGHALQFDPEVSNYRICTKW,0.7348538845331433
FIWTKRDEHACNQGLSVMYP,0.7391304347826086
RNVGYFPMDSTCAWIEKLQH,0.736992159657876
CKQMEWDTLYVISRAHFNPG,0.7462580185317177
TVDIFKSEGLYCQANWPRHM,0.7255880256593015
FWTYPKVDNQRILACGSEHM,0.7455452601568069
QIPMSACGEVHDYRKFWTNL,0.729151817533856
YFDRPMTQVNSHWKAIELGC,0.7341411261582323
TWFRDPHQKLGSAEIYNVMC,0.7419814682822523
NTADFGHMLSQVKIRECYWP,0.7348538845331433
PVEYFKGRLNQTDMISCWHA,0.7263007840342124
MVPDQSTHLCNIEGRYWFKA,0.7469707769066286
ELNMIAVPGRKSDFQWHCYT,0.7270135424091233
EFLVYMRHDCNKITAQGSPW,0.7476835352815395
PAGHECYFINWKQMDTVRLS,0.7405559515324305
PTMAHDSLNCIVERKQYWGF,0.744832501781896
QYDGNFWAMHPRLIKEVSCT,0.7412687099073414
SCDEPVRGAFWQHINMYLTK,0.744832501781896
DKHYVMPRTCNEGQLISFAW,0.7312900926585887
QSLEDYFWHNPAMCKGRVIT,0.7476835352815395
TPAEGYRSKCWFQHMNVLID,0.7426942266571632
QMCLSHVDTNYKIEAGRPFW,0.722024233784747
FCMQNITHDGVWKLESAPYR,0.7384176764076978
AYEGLMFICSPHVQTWDRKN,0.7377049180327869
YMEFKGHVLWSDTRNPQIAC,0.7170349251603706
QFRDCIWKTANEYVHPMGSL,0.7277263007840342
NMSTPALFIRWHKCVYQDGE,0.744832501781896
DHWQSIEGMLFKTYNVACRP,0.7398431931575196
NPLHRMVGSECFAKQWIYDT,0.7334283677833214
QCHLPVTNYMGIDASKREFW,0.7384176764076978
LWEGDPCMSQKRTAIVNHYF,0.7384176764076978
YQNHADSTIWEGVLMKFPRC,0.7305773342836779
FDINCPYWMQVKLETHRGSA,0.7191732002851033
GVHIAFYQDSNRKWTCPELM,0.7312900926585887
AENWIFDKMCLGTSRYPHQV,0.729864575908767
RCPQLHYEFGTKIDMNWSAV,0.7384176764076978
DGIRLTFNSAVWPHMYQECK,0.7398431931575196
KQFCNEDRWIMHVYLPGSAT,0.7305773342836779
HTAGMRFVSEINLYPCKWDQ,0.7555238774055595
HNAKGQEMRPTLCWVYISDF,0.7255880256593015
MPYLGHCWFSETQADRVINK,0.7327156094084105
DHFWLYIASVKTCRGQMNPE,0.7334283677833214
YQWCRSAGDKLEIHPVFNTM,0.7412687099073414
RIPSMHKFVWAYLNDGECQT,0.7462580185317177
ECDFWTLYMRQHGSVNAPKI,0.7312900926585887
VKDQTRMCIFGAPEHNLYSW,0.7334283677833214
KMSAFPRTDINLQHCWGYVE,0.7248752672843906
GNKELRIVQTPCDFMSAHWY,0.7455452601568069
SQDWKGFHIMLTEVNARPYC,0.7512473271560941
PHIYTSWQGADFVLCKMENR,0.7391304347826086
CHRWQFAVKMGTNSYDLIEP,0.7405559515324305
LSHNYTEGCIRWAVKMFDQP,0.7277263007840342
NQGFCYKAVLRDPEWIHMST,0.7320028510334996
DKVHSALEGTICPQRMWNYF,0.7341411261582323
MYQEKAWNFGSTPCDRVHIL,0.7455452601568069
MWSRTKLQVFDCGYNIPHAE,0.729151817533856
QFTMCSGKLNEAIVWRDYPH,0.7405559515324305
MWHKVYTAFELIRSPGCDNQ,0.7434069850320741
IDFTLWGPQHVYSRMCANKE,0.7426942266571632
QYRDPKHSFGVTNWMIEALC,0.736992159657876
HPNDTWGARSLCVQFYMKIE,0.7320028510334996
YIKWFRDTVPMCLAEHSQNG,0.7476835352815395
LYMERKCNFQDIAVWPTGSH,0.7398431931575196
TGHMDYFAKPVQNESLCWRI,0.7334283677833214
WSCNQLHIEYMRADGFPVKT,0.7434069850320741
YSTFEPGMRAWIQLVNCDKH,0.7412687099073414
CLQDASIPWFHNTEGVRYMK,0.7227369921596579
SWLDPHRFTNKEVCMIQYAG,0.7312900926585887
VHDIWSFNCMYAQGRKPTEL,0.7305773342836779
STEYGQFILCVDNWMKPARH,0.7312900926585887
FLTAVISMDCGREQHNYKPW,0.736992159657876
GVNRTYHFAQMPDEKWISCL,0.729151817533856
WIHLCRTYPVNGQSAMFDKE,0.7362794012829651
ILDYNGMATSWQRCKPFEVH,0.7327156094084105
RNQPHAWCYIDLKTFMESVG,0.714183891660727
DLASNEWMFYVRQHKTGCPI,0.729864575908767
HTIYGLDMQKCWSENVARFP,0.7327156094084105
VGAWYSIKCFPRHELDTNQM,0.7241625089094796
EDKRIAPYQNTLSMWCFGVH,0.7483962936564504
MKVIAQFTDYCHGSNELRPW,0.7384176764076978
VWHTMQIRNYFGLESAKCPD,0.7277263007840342
HKPWCASVMIEGRFYLTQND,0.736992159657876
CPVNWHEQDRLIFSMYKGTA,0.7462580185317177
QNCTMFYEKHSPVRAWIDLG,0.7234497505345688
NDEGIHTASMWVRCLQFYKP,0.7398431931575196
DHFMPRNLWSIGKVQYCTEA,0.729864575908767
PFLWEMRNASTVKIYGQHCD,0.736992159657876
WCGKENLQDRIMASTPHFVY,0.736992159657876
TDKEPFQMAYLGVNIRWCHS,0.751960085531005
AYGFSQEKLCTDIHRWNPVM,0.7377049180327869
SPTIHGKRDFNQCVMEYALW,0.729864575908767
SLNYGRFWKMCIEHDVTQPA,0.7419814682822523
ESMCHIYWDVRLNGTPAQKF,0.7305773342836779
VESYKWRQGIATDCPHLFNM,0.7441197434069851
AMGCIQLNWDVPKHSTYFRE,0.7405559515324305
RHVPMSGKFEYLINCWTADQ,0.736992159657876
EYGFDPHQWSAVRICTLKNM,0.7284390591589451
SVFRTCIAPNWLYGQDEKHM,0.7555238774055595
TRSVYKPHIMQCLGEWDNAF,0.7305773342836779
MPTHRCKEWNAFGQSVYLDI,0.7284390591589451
WEDRKLVFNIYASTCGMPHQ,0.7362794012829651
WKDAEMVIRCYHLNTQFGSP,0.7334283677833214
KMLRTPWDCIAYNVFSEGQH,0.751960085531005
VFYCWTESDHLRMIPGAQNK,0.7348538845331433
KMSCVLYTNDFWRIGEAQHP,0.7384176764076978
TIMQFGLAHRSDEVPYWKCN,0.7355666429080542
MINAVKRSLFQTGHWDEYCP,0.7398431931575196
WVLRSITDGKYAPHMENFCQ,0.7434069850320741
VLAWSYHRFNPMTDKIEQGC,0.729864575908767
HGMEPWRLSAKFNIVQYTDC,0.7391304347826086
TFREMVYSLNQDKHGIWPCA,0.7576621525302922
MEDYTPWCSAIVLRKQGNHF,0.7377049180327869
FPKEQSRCWYHNVMDGTLAI,0.7412687099073414
NTKFIPERWLGMHSAQDVCY,0.736992159657876
NIRTCFQGVWMSKHALDEYP,0.7405559515324305
CMYVWNGTLPADREIHKFSQ,0.7469707769066286
EPHAYVTMNWLDFKQGIRCS,0.7312900926585887
YPLWCMSHVFKGDQTNIRAE,0.7327156094084105
PHMNSCWQYVRKGETIAFDL,0.7312900926585887
TKQIRNADFEGYPVSWCLHM,0.7384176764076978
QAYTIVWGNEMRSFHCDLKP,0.7476835352815395
FMYRVDQCAIHWSLTKENPG,0.7362794012829651
TNGARISQVMWHDCEFYPKL,0.7540983606557377
MSIEPDVHNGLAQKWRCTYF,0.7198859586600143
ANWDCGFHVIQTSMPLREYK,0.7405559515324305
NIGMHPYLVFEDCSAKRTWQ,0.7426942266571632
VCSWPTDHQGKFNMIRAEYL,0.7441197434069851
SVLTHRCPDMYGAFKNEWIQ,0.729151817533856
EVFRTYAHNCGPILDSKWMQ,0.7412687099073414
EFCLRWDIPYSHVTGAQNKM,0.7426942266571632
CNAIVTKYRPDQHLSEGWMF,0.729864575908767
TCDIFGKQLMYRPVNSHEWA,0.7312900926585887
CYDFTMHLIWQERGKNVPAS,0.729151817533856
YMIKCFSANDQVHTELGRPW,0.7355666429080542
MCFPLETIAWSDRNQYKHVG,0.729151817533856
QCDPNVTELYAIMHSGKFWR,0.7441197434069851
KSYLTPHCDRQGAEWFMIVN,0.7419814682822523
SRCFWAVMDGQKPIHTYNEL,0.7255880256593015
NPARCMQTHDLKFVWSGYIE,0.7270135424091233
TPGILEASNDRYFWCHKMQV,0.7305773342836779
GLYHATKSVQDCIWMENPRF,0.7241625089094796
LIPCSYETKRWGVHFNAQDM,0.7327156094084105
DGWRQKFLCHINVETAMPYS,0.7434069850320741
AILMQKWNDSYPRFECVTGH,0.7512473271560941
DPMCYTSNGKAEWFIQLVHR,0.7305773342836779
PNRATSWFYQEMIVHKLCDG,0.7327156094084105
HWNKLETFMVCDYAIPSGQR,0.7441197434069851
MRGSFDVYLKPHNIQWCAET,0.7412687099073414
GCMTEAIKNLRWFQSPVDYH,0.7462580185317177
VEFLSGKDQIHCNMARPWYT,0.7412687099073414
MNHPCWERTKSAFLYIDQVG,0.7405559515324305
YPRLGQTWECFNKDHMVIAS,0.729151817533856
TAMFRYCPKLGVNQWIHDES,0.7398431931575196
KYGVNEDFAMSRCTQHWPIL,0.7327156094084105
VHRKQFLAWEPCNGTYIDMS,0.7412687099073414
SPLNGIHREWTYFKVCQMDA,0.7270135424091233
FDRQKAYEPCNGISMVWLTH,0.7469707769066286
GSLAWRFEIMNQVPYKDTCH,0.7312900926585887
KYCGMAWNHSEPTLVDQIFR,0.7377049180327869
ICSPHRMWAYTLQKEDGFVN,0.7327156094084105
SQWPYDMLKAFITCNGRVEH,0.7419814682822523
MNRAYLGVFKTEWQHCIDSP,0.7362794012829651
HYWEKDPNISFMVLTRGCQA,0.7512473271560941
NPMQDCFGHRYKAILSEVWT,0.7426942266571632
SDQTILAGRFCVWEMYKHNP,0.7277263007840342
EFAPWRGQTHKYLCIMSNDV,0.7405559515324305
QMAVHFLWCRDTKSGNIEYP,0.722024233784747
EVKFLRSNWDTAHGMCIYQP,0.7384176764076978
RHLWFYPVTKMESNGCDAIQ,0.7348538845331433
EGDPIYHMCTSFQLVRAKWN,0.7341411261582323
MCYDKGEIFVPHWTNLRAQS,0.7441197434069851
EMYLTFKAQGNVRPDHICWS,0.7341411261582323
ISNVWDTRAKCMPEHYGFLQ,0.7077690662865289
SFKRGTDYCVQPAMIELWNH,0.7391304347826086
RSTGIPMNYFAKCHDQWEVL,0.7270135424091233
CYSWIVKTEHQFDRAGNMPL,0.7191732002851033
WSKQPTACGHVMFELIRDNY,0.7398431931575196
MNRDLSHCEWTKAYGPFVQI,0.7334283677833214
AGYQISWFCEVDHMTKNRPL,0.7348538845331433
GKFMTDCSQYNIHVWPAERL,0.7398431931575196
NQSMIPWRAFTCGYVEKDLH,0.7320028510334996
LIKSCMVPGTWFRYQADHEN,0.7434069850320741
VGKCPYIWQNMHEADTFLRS,0.7483962936564504
MREGDIKSHPCYWANLFTQV,0.7505345687811832
TVKIPYFWHQLRCGASNEMD,0.729151817533856
WAPYLDSFTNKVMEQCIGRH,0.729151817533856
NKYMIRLPQEHTAWVFDSGC,0.7320028510334996
FVDLRQGPWHMNTKCEAYIS,0.729864575908767
PFSCTEAQGDHMLIYNRVWK,0.7405559515324305
TVDEWACGFHRMQNSKLIPY,0.7391304347826086
FEGNKRMACIWSVYHTQPDL,0.7227369921596579
PVYINDQASCEFRHWGKTML,0.7462580185317177
DSVNLAWHEGMRYQFTIKCP,0.744832501781896
LHKCWSVRPMFNIAETGQYD,0.7334283677833214
DEVYINGPHFTQAKRCWSLM,0.7305773342836779
WFDVANPRKIECMHGSLYTQ,0.7277263007840342
KGFAPYECIQHWVSTRLNDM,0.7284390591589451
REIWVYGPNQCMKSFADTHL,0.7476835352815395
KLQAFNSEMCIDPYTGHVWR,0.7334283677833214
DIRLPSGKVHNWYCAFEMQT,0.7362794012829651
ITGDYHAMCEWLRSPNFKQV,0.7377049180327869
CIGAVPTHKMFWDQYLNESR,0.7419814682822523
DQYSIAVTRWEHCMKFNLGP,0.7434069850320741
SCVEIFHWQAMDPKGYLTRN,0.729151817533856
DAVICSRMQLYPHGKWEFNT,0.7248752672843906
AWEHKSQRFVNDPMTCGLIY,0.7362794012829651
VKQYAGNSRPDLMTWEHCFI,0.7377049180327869
EPVMNLAKSDRHGCWQTYFI,0.7320028510334996
RPMVQKGELITYWHANFSCD,0.7377049180327869
KILNFQVSYWGPDERCTMHA,0.7255880256593015
KLIHCRFSMVGPWENADQYT,0.7398431931575196
WGDTKNLVSMCPAEHIYRFQ,0.7255880256593015
AMGPNSICWEYKRFLDHVTQ,0.7469707769066286
DACHQLTNVYPFKSMGIERW,0.736992159657876
YFAWLIQRMCDTSGNKHVEP,0.7405559515324305
FPANYWLMDRGSEHIQTKVC,0.7234497505345688
WAKERMYTFDGSPLNIHCVQ,0.729151817533856
YIAVPHMFGTRSLDEQKWCN,0.7483962936564504
MSELTWFGICYKAVQRPDHN,0.7362794012829651
DENMYQCHATKRWVLGSFIP,0.7419814682822523
WMYAHSTVEGIRFPKDCNLQ,0.736992159657876
HDKMVRGNCTSYAFWLIEPQ,0.7391304347826086
KHWTLRDMFNSCQEIGVPYA,0.744832501781896
QKPHAWMFCRSVLNITDYGE,0.7405559515324305
FDEPYGNHASRMTWCLVQIK,0.7434069850320741
AHFPNGIRQLCVWDMKYSET,0.7419814682822523
PCQNILAHSTRGDMKFWYEV,0.7320028510334996
LRVWCMTGQYPDSFIANKEH,0.736992159657876
HQFTDCRKYMIVNPGELSWA,0.7355666429080542
ADWHECSFGKQPTYMLNIRV,0.7398431931575196
GRYCIKPAFLTQNSEHDVMW,0.7469707769066286
HENQPICKWVMLDSGARYFT,0.736992159657876
HWIPMSEKGTNQLVDRYACF,0.7248752672843906
QKTWANGPELFIHMCDSRYV,0.744832501781896
CFRLHDGSPKWYMTNAVIQE,0.7476835352815395
IAHNMPDCLTFQGKYERWVS,0.7334283677833214
RVQGCKLHYIWSDMFTENAP,0.7312900926585887
VPMWHTEANSKLFDCQGIYR,0.7405559515324305
IETCAHQFLNGRPMSKYDWV,0.7426942266571632
AHGYTIKPDVFQSCMNWLRE,0.7569493941553813
HSKDFCRNETVAQMLYGIPW,0.7377049180327869
DFRNEMAYVWTLKHGQPISC,0.7341411261582323
ESWFMKRAVTPYHDGLNIQC,0.7277263007840342
FVCQWDYGEARLISMPNHKT,0.7362794012829651
TEPHICSKFQVLRDMAWYNG,0.729151817533856
FRDQKETPSLIYCAMGHVNW,0.7355666429080542
GQYLEIKVAHRWMTDFSNPC,0.7419814682822523
QRWMSKVPHEGFALIYNDTC,0.7405559515324305
WVKDYIRNQGPAHECMSLTF,0.7405559515324305
ALWQKYTCIVMERHFSDNGP,0.7398431931575196
HNAGQWERCVFLYDPKSITM,0.7355666429080542
IKVMWYDQACLGTENHPRFS,0.7434069850320741
SDEWNIVPRLTFMQCGHKYA,0.7434069850320741
VNAKYCRHWQGLMSPTDEFI,0.7305773342836779
IMPTYKHFWDSAEGQNRLCV,0.7434069850320741
DSKTGCILARVMFPYEWNHQ,0.7384176764076978
CYDPSELMHFQKVTINRGWA,0.7362794012829651
THERFPYNIKVWACSDMLQG,0.7312900926585887
NKRIFMVEPQYWHDLSGCTA,0.729151817533856
LIRENFHPGYWMASKTDVCQ,0.7341411261582323
KHTIWQAPNLMDECGSVFRY,0.7405559515324305
FRTSNGYKWACDLPHVEIQM,0.7341411261582323
CKEVLHATIYNWFQSMPGDR,0.7391304347826086
GNTLDCFVERHSKPIAMYQW,0.7255880256593015
MKRHWTQIEPLVGFDAYCSN,0.7320028510334996
FWVSMYLHNKTECQDRAPIG,0.744832501781896
GFYEHKSNDMQITWARVLCP,0.7305773342836779
NFCDWQSHYLMITGAPKVRE,0.7419814682822523
YSGPEKNWLCDFHTQMIVRA,0.7355666429080542
YDAVLGQPEKMITRHSFNCW,0.7469707769066286
HEDCWRVSTGNIQFAKPLMY,0.7184604419101924
CDVIHTKLAYNMFWSERPQG,0.7462580185317177
TGSKNWILHDRQFCAMEYVP,0.7384176764076978
GFIRSLYHWTQEDKNPVMCA,0.7398431931575196
ALKPERNVTSIFCWQYMDGH,0.729151817533856
TGQKSLHVDARWIMFNYEPC,0.7327156094084105
SWCQNMDLKEPTVYFGRHAI,0.7355666429080542
TSKQPWMYNAVCERLGHDIF,0.729864575908767
KRAVMCDTLNSWEHQFGPIY,0.7391304347826086
HFTCVRQDGESYLNMWIKPA,0.7434069850320741
CQKYSLVDHMFATIPGNWER,0.7419814682822523
APGHWKDVTECYNMLRSIFQ,0.7505345687811832
SKFDVHAGITMNERYQPLCW,0.7305773342836779
CHLAPQWDGSYKMIRFNVET,0.7362794012829651
ADFMLIQNSVTREHPCKWGY,0.7284390591589451
PVEDKCSGFTMNAHIWLYRQ,0.7426942266571632
HGESQNRPMATKDIYCVWLF,0.7277263007840342
HVPICWSYEAKMLNRGDTQF,0.7248752672843906
INDKWFTEQVGHPSYCRLAM,0.7405559515324305
WSHKGNVDLIRMCEPAFQTY,0.7391304347826086
RWAHSLKNGITFCYMDQEPV,0.7469707769066286
YAKRCLHWESVNQDFITMGP,0.7462580185317177
EYANKHSIFVMTPCLRGWQD,0.7341411261582323
VENLYMIWARHQCSTPGDKF,0.7476835352815395
RVSFLAHTNGWCYDKMEPIQ,0.7305773342836779
MVCLKAFQESDHGRWNITPY,0.7412687099073414
EVAPWISCTKGLYFDQMNRH,0.729864575908767
QFMRYHCVILDWKANSTPEG,0.7355666429080542
CKSFTLWHMEDQYPGAVNRI,0.7412687099073414
CHGNMFPWELSRTKVAIQDY,0.7341411261582323
TEIVQNLKWDFASCGMHYRP,0.7284390591589451
TDYQLAKHNFEWSIVGCRMP,0.7241625089094796
ITSVWRAHKCLNPFDQGYEM,0.7405559515324305
YENPVIRWFCQHSDLGATMK,0.7355666429080542
WMNKLHSFPDYGVTRAQEIC,0.7398431931575196
TQVEPHDLSYMRAWNGCIKF,0.7284390591589451
QFPWCDAKGETLVRSYNIMH,0.7305773342836779
CNAHGPVKEYQLIFRDMWST,0.7312900926585887
RETQLHWFCDKIYVPMNSAG,0.7320028510334996
CKFYLSRGVMDIEHWPAQNT,0.7327156094084105
LCWEHDQFRKYNPGTSMIVA,0.7483962936564504
VCEHQRDPIWTSANLYGMKF,0.7341411261582323
MFAKETQCNLGVPWISDRHY,0.7412687099073414
TQKPHMSCNRYIGLVDAEFW,0.7312900926585887
KNEVHDQSWTGALPICMYFR,0.7441197434069851
QPRSKENCAVDLHWYFMIGT,0.7405559515324305
AWPFEDQMNYKLGICSVTRH,0.7334283677833214
PKYRAVDNFGIHWESQTMLC,0.7384176764076978
GLYVCHDQIFSKMEPRANTW,0.7334283677833214
RTSGKQVEDNMLICYPWHFA,0.7227369921596579
HKSFWMLDTACQGERPIYNV,0.7320028510334996
MYIACNRLPFKEWHQSGDTV,0.7270135424091233
NWGRSLDFKPIHMCEVYQTA,0.7227369921596579
RNWIAKCHYGMLQEDVSTFP,0.7255880256593015
HLSCAPTVGRDIWFQMYKEN,0.7362794012829651
WPFGSCYQVERALDITNHMK,0.729151817533856
AVTCDSFLHYNIKEPGQWMR,0.736992159657876
QVYFSNRGCDHATMLWPEKI,0.7377049180327869
TMAWKNLEDHRFVSPYCIGQ,0.7412687099073414
CWHFMAIVNYREDGTQPSLK,0.7205987170349252
VGKCPFENHYTAQWIDRMSL,0.7284390591589451
TVICRYGEMSLQADFPNWKH,0.7312900926585887
VQWNMKLEFHTICDPASRYG,0.7341411261582323
QRFPHKMGNSETALYWCIVD,0.7284390591589451
WLHVEDIAGSRKPCTNMFQY,0.7362794012829651
DHWGAMSITYPFRLCNVEQK,0.7548111190306486
SWQACNLPYGDVRFEIKTMH,0.7320028510334996
AWKPSTFDQLYVNECHMRIG,0.7419814682822523
KWDFSYMPIRNVTLGAECHQ,0.7398431931575196
KNPGRCSWFLVQYHTEDMIA,0.7327156094084105
ECVSRLIAFPQTYWKNDGHM,0.7498218104062723
FMCANGKSPWVQLEDIHRTY,0.7270135424091233
DLKTYHWGISNEQMCPVAFR,0.7263007840342124
YFQSRVHEPLNCIMAWKTDG,0.7562366357804704
LSAIPCKYEDFNQGHRTMVW,0.7377049180327869
CKSPFQHGTMLWEADIRYVN,0.7334283677833214
THGCENIWYMDKQLPRSFAV,0.7455452601568069
HGLDWIQKPACRENMTFVYS,0.7305773342836779
WGYFEPNLHTSAIVDMRKQC,0.7391304347826086
FNPHWKLYRIASVDGMCTEQ,0.7241625089094796
ADCHGIYLERQVSMWTFKPN,0.7412687099073414
LVPRNKHDTQYWEIFMGACS,0.7348538845331433
SFVICDYLTHRQNPKAEWMG,0.7362794012829651
NKAERYCQLHSPGMWDFVIT,0.7476835352815395
MCSWVDKREPQAGYHFLNTI,0.7277263007840342
ISMHWCAKNQLYEPVDTRFG,0.722024233784747
ESVPGMWQKRDAYCTLHNIF,0.7391304347826086
RDGEVYNMIQWCSTPLFHKA,0.7476835352815395
KMCENPFVGQYDTALHISWR,0.7341411261582323
WGAPRFDVLESQCYTMNHKI,0.7305773342836779
ERGMCIWQNTPLKHFAVDYS,0.729864575908767
HVNMEGPKQWLIYADCFSRT,0.7255880256593015
QPWLGDMANYEITVFKHCRS,0.7263007840342124
QILWSHYVMCPFATRKGEDN,0.7512473271560941
LCAMSTVYQKGEFHNDWRPI,0.7434069850320741
TFPKQSVALDERHCYNMGWI,0.7405559515324305
YNDGLKESQVPATCFRIMWH,0.7405559515324305
LDKHYRWSECGPFTNQVAIM,0.7491090520313614
RLFDCPQENVAKHWSTIGMY,0.7384176764076978
TWIDSGYEAFLVMHKCRPNQ,0.7391304347826086
RWVYFLACMKQDNPHIGETS,0.7405559515324305
LARQKTHNWCMPEYSGDIVF,0.7305773342836779
FDYWVEGQPKRHCNLITSAM,0.7334283677833214
SMAILWYPKDQGNHFRTCVE,0.729864575908767
MWEQIHPSADYGRFVLTKNC,0.7419814682822523
MSIHPVERKQWTAFLGNDYC,0.7505345687811832
TPFWMSCQAGNRYELDKVIH,0.7412687099073414
LPWSKGAIHNERTMDQCVFY,0.7348538845331433
PRVMNGQYTEHFLAWDKSCI,0.7483962936564504
QMARLECYPKNHDSTWGFIV,0.7426942266571632
IGDEQYAFWKHRTSLPCMNV,0.7312900926585887
TYKPVQWAHDESGCLFMIRN,0.7384176764076978
MVWSTKLADQICEFGRYNHP,0.729864575908767
APYREMILSKGWQNCDVHTF,0.729151817533856
DRMHTFENIGCQPSVLAYKW,0.7419814682822523
KSGVHWRYEFLNDCIAMTPQ,0.744832501781896
NMGYRSQFECDHWLTIPKVA,0.7355666429080542
KSAHNRVLTEIQGDCWFYPM,0.744832501781896
YPLASFVCITDNWKHGQREM,0.7455452601568069
RTFKADSHMLEVGWCINPYQ,0.7305773342836779
CMSQFADKPWLRHNTGEYIV,0.729151817533856
HISEDATLVYPFCWRMNGKQ,0.7505345687811832
TKLQESCAHNYRIPMFGWVD,0.7305773342836779
PQSGRIEWLNYKACVFDHTM,0.7491090520313614
HTSLCMGNDKRFPQAYEVWI,0.7255880256593015
LQPSADFCHEIKVYGTMRWN,0.7263007840342124
NWGVHTSFEIDCRAPYMQLK,0.729864575908767
ETPWNSQHKCMYLVIAGRDF,0.7419814682822523
SQHLFIDVYWMNGTKCPREA,0.7277263007840342
VDCYFWLKGSRNQAMHIPTE,0.7248752672843906
KGNTRHLSAVMYEIDWFCPQ,0.7241625089094796
WFKPTLSIEQHMYNRVGDCA,0.7362794012829651
FMRLSTAYIDPCWENKHQVG,0.7270135424091233
NIETFRPMHVWYLGAKSQCD,0.7412687099073414
YKLRIPTWHMSNQCFEDVAG,0.7434069850320741
DTSAWEKYVHFGQRMLNPCI,0.729151817533856
NGDPIAKWMFQLCYHSTERV,0.736992159657876
TMFGWRNLAICPEYQVSDHK,0.7426942266571632
EYVHANCPRDMKFLGIQTSW,0.7312900926585887
WLPQYCEIHVSAKDMTNFGR,0.7312900926585887
FPNVYKCDGRTILHWMQEAS,0.7355666429080542
KGNAWFIERMVSCQHYLPDT,0.7334283677833214
IALSMRYNEDCWTHVQKPGF,0.7305773342836779
LVYWKPSQRGHDIANEMCTF,0.7426942266571632
TVPWFEIRKAHNLMCDSYGQ,0.7469707769066286
VQERYWGLCDKPSMTINHFA,0.7334283677833214
YNFLVATDWCRGMKEPSQIH,0.7348538845331433
PTKRYAISLNEFDCGQWVMH,0.729151817533856
VATDQRPKELINHMFSWCYG,0.7434069850320741
MPKATGFQDWNRCEHLYVIS,0.7327156094084105
INFMCLDQERSVWPGHAKTY,0.7355666429080542
LYPSANKGREDMQWFTCVHI,0.7384176764076978
FNKMLACSIGQHPRWDEYVT,0.7391304347826086
LNMFCDIHTSGQPVKERYAW,0.7412687099073414
MEYWCGPSDQTVRHANILFK,0.7341411261582323
EYIGKARFWLSMDCTVHQNP,0.7355666429080542
KVWAGYDIRLTFESQPMNCH,0.7348538845331433
PVILEYCNQAMDGFWRKSTH,0.7263007840342124
MFRWPKNTQVSAELCGYDIH,0.7234497505345688
VKFMYSTWICNGRQAELPHD,0.7334283677833214
MAKTSEHVPWDRQCNFLIGY,0.744832501781896
CIKYLWMHFPRVDTGNAEQS,0.7455452601568069
DKWCFIEQNYMTLPRGSVHA,0.7312900926585887
IYDFCTEAQKMPVLRWHNGS,0.7398431931575196
SKVNECTHQIYAWPLGFRDM,0.7248752672843906
PNAWDSGHLERQKITMYCVF,0.7476835352815395
CFSLEGTQWDKPHRMAYNIV,0.729864575908767
CEMDIGFQSVYKWNPLARTH,0.7362794012829651
PCEFAGIHRWVNTDQLSMYK,0.7263007840342124
CWPTEAILGNSDYQHKMRVF,0.7312900926585887
EVGSNHRYCTKWFDPMIQAL,0.7384176764076978
KELYNGQIMARWVDFCPHST,0.7255880256593015
HVYDMFPKLITRWEQCASNG,0.736992159657876
TEIFSGHNYLRCQPMAKVDW,0.7362794012829651
CMGFVYKINREWLPATSDQH,0.7426942266571632
RGHNCVKQMLATEIDWYFPS,0.751960085531005
GVTNDKAREQMWHSLYPCIF,0.7341411261582323
VLCRTKHEAGDNIFSWYQMP,0.7348538845331433
PRKSWIVGDYMHNCTQALFE,0.7377049180327869
NCLKIWYPSVQRDFAMGHET,0.729151817533856
WCKSFDTGVLEYMRQAIPHN,0.7312900926585887
RTYQKPCDSWHMFVLGEAIN,0.7526728439059159
VLRPKFGAENQWSHCMDYIT,0.7455452601568069
PTQCNGVFHYMKAELDSIRW,0.729864575908767
ARTEMCGWPVHKDLSIQFNY,0.7241625089094796
TNSEFYQDVGCPHWRAILKM,0.7327156094084105
TFGRNQIWLAHDKVSPCYEM,0.7434069850320741
GVPADLHTERQMNKWYFCSI,0.7476835352815395
WAQHEDMCRGVKLSINTPFY,0.7277263007840342
SWGAQTPYRKHVFLEIDMCN,0.7426942266571632
MWYVNQADILESPGTFKHCR,0.7469707769066286
PHYNMAVEFKDGQISWLRTC,0.729151817533856
RAGQWFDNVKHMLPSCEYIT,0.7341411261582323
ERVSWGHIYCNQDAFMPKLT,0.7505345687811832
YWTRAMQNGHEKFVPDLISC,0.744832501781896
WDGYSMRIHCFANEQLPVKT,0.7391304347826086
WIMTHDPSRLCYFAKGEQVN,0.7426942266571632
YSHLEWNMPCDGVTIRFAKQ,0.7412687099073414
HFVARNYQIPKWDLECGTSM,0.7248752672843906
PMGWKTNAQIEYLVHFDRSC,0.7362794012829651
TKCHNGFDSILAVWEPRYQM,0.7441197434069851
EQVMFARISKYTWPGCDLNH,0.729864575908767
ERCHLATWVYINSFPQGDMK,0.7434069850320741
VDKYWFHSRNGACQTMLIPE,0.729864575908767
LNEVFRHYSQIWGKAMTCDP,0.7320028510334996
MNFKGECHWATDRIPVQYSL,0.7312900926585887
NPLEYHCWTGISVAMRDKFQ,0.7305773342836779
VRCTFINQPHMYADKGSLEW,0.7398431931575196
FKLQTYENACVWMPDSRGHI,0.7398431931575196
TAVPMYCQDRSKHWGNILEF,0.7434069850320741
NWYDGHALKFQPRITMSEVC,0.7355666429080542
CPVEMQNDLWYRHTGKIFAS,0.7270135424091233
KNWFTGVECMHIQALSYDRP,0.7312900926585887
EWVACKHSPMNGRDTYQFIL,0.7341411261582323
YKNTEMPLGCISRWDQAHFV,0.7312900926585887
FICGWHKMPALQYTSNDVER,0.729864575908767
PLIVTEMKNCSFGHRYWDQA,0.7469707769066286
QWVCKDGHYLTSFRNAMIPE,0.729151817533856
IDNQGSARVKHMPECWFTLY,0.7391304347826086
AEWGDSRKYVNTLIFCQHPM,0.7491090520313614
SFKDYCVMLEAHRQNPGWIT,0.7270135424091233
YSFQGELWVHTAMRCPKNID,0.7398431931575196
LHVEFAKTYIRMQDCWGSPN,0.714183891660727
CYDEVKSGWLHPTQIRAMNF,0.7277263007840342
YCMWIHQFDTAEPRSNVKGL,0.729864575908767
FYPWNMCTAEDVRQSIGLHK,0.7412687099073414
YIKCEVPARHMTLNDGFWSQ,0.7334283677833214
ARTLHCMEIWKPQFYSDNGV,0.744832501781896
WSQYHFNPALGVMICKTEDR,0.7377049180327869
QSNGWMPIHDVAKTLCYERF,0.7362794012829651
GNVKHFQLCYTRSWDEAMPI,0.7476835352815395
QPIYFLEGKMRNWVCSHTAD,0.7312900926585887
DQYCLKMVGSEIWHFNRPTA,0.7327156094084105
IVMGKLQPWCTSDAYHFNRE,0.736992159657876
NKTQCGDEWFIPMLAYVSRH,0.736992159657876
TNYPCFESVQRIMAHGLKDW,0.7327156094084105
PQCWNYGKDFRMVLIEHTSA,0.7405559515324305
NCPGIEQWDHFKARTVSLMY,0.7498218104062723
VSNFTEHGWALCPRYMIQDK,0.729151817533856
YERSVQACWGHKTNDMLPIF,0.729151817533856
ACRKWGYSPHQIVFLDMNET,0.7355666429080542
FITKSLPAQEGMNWHVYRDC,0.7227369921596579
KRGTQSNCWAFMDEPILYHV,0.736992159657876
SCHMKFELGYIQNTVWRPDA,0.7305773342836779
DCYMLHTRIGEFVWNQPSAK,0.7419814682822523
GQIERKPYNSTMVAHWFLDC,0.7469707769066286
NTFGYDAPCHQEKVWIRLSM,0.7405559515324305
MKRCWFVLYSGIPNDQTAEH,0.7362794012829651
QCFIVHPDTGSMRYKWANEL,0.7341411261582323
EQTAMGHKRFLNSIDWYVCP,0.736992159657876
PEKSNFDWTGMLQAHRCVYI,0.7419814682822523
GPNTLDVCRAQWMFYEHKIS,0.7341411261582323
WFRTCSPHLGDQVAKYNIME,0.7462580185317177
KMYQWDHLGCPSFTIANEVR,0.7341411261582323
GTYMCWIAKRFPNELQVDSH,0.7469707769066286
MAHVKSRGEDLQWCYNIFTP,0.7462580185317177
EFMPIHWNRYVSGATQKLDC,0.7263007840342124
VQRPISGNLTAWHFYCDMKE,0.7419814682822523
MCNFSDITKYAEGVHPQRWL,0.722024233784747
VADRLWMGQYSEPIKCNTHF,0.7284390591589451
NWKPQCVAMTYSDRLFEIGH,0.7348538845331433
GPSDFVCKLRTHMAYEQIWN,0.7455452601568069
YWCLAKNIMFPVHEQSGDTR,0.7355666429080542
RFNPIAHKSYVECGTDQLMW,0.7505345687811832
PWDNVIEKARCHFLMSTQGY,0.7533856022808268
FECGDQRYSAKVNMIHPTLW,0.7412687099073414
NTLGACPQDVFIREMSWHYK,0.7412687099073414
TMDIVQHYLCSNKAPWERGF,0.7362794012829651
TIPWSKLFGRNYQHEDCVAM,0.7434069850320741
IWRYDNKMCAHFVQGLPTES,0.7362794012829651
ISPNEFATWKQMHGLVDRYC,0.7327156094084105
PYHDGWEQTKFLVARNICSM,0.7419814682822523
YERSGNLQIAFHPCVWDMKT,0.7327156094084105
AGRICLMHWYSDFPEKVNTQ,0.7255880256593015
FNYDGHICSRMAPLVKWTQE,0.7434069850320741
QVMAIEHFKSTNGRWCYLDP,0.7391304347826086
SIYGFMDLWTVCAKPEQRHN,0.7355666429080542
CMEDTWKALRFVPQSNHIYG,0.7434069850320741
RMSIFAHLDTGVWYPNEKCQ,0.7270135424091233
SHYGPQDRAMKLCEFNWVIT,0.7355666429080542
STQHAWCGEYVLMRDIKFPN,0.7198859586600143
IRFQPYLHSGNMVKEACDTW,0.7312900926585887
NHICYQAMFDSWPLGVKTRE,0.7362794012829651
GNPCDKRIAFWSVETQHMLY,0.7355666429080542
LMRNYSIPGFDWKQCEATHV,0.7384176764076978
FVPADNCHELQKMISRWYTG,0.7312900926585887
FPYQCNITMGEVDWHRSLAK,0.7270135424091233
CMKLHEFYGSVQRTINAPWD,0.7377049180327869
TCEWHNQKPRFGILYMSDVA,0.7391304347826086
YILNAEHQWRCFSDVPMGKT,0.7434069850320741
KMPLTSHIRYVEDNGCQWAF,0.7241625089094796
KMSCLRVYPNHWAGFDIQTE,0.7348538845331433
LSVPDAMIHWFCGRQTEKNY,0.7355666429080542
RVLTSPDCMFQWHGEIKYNA,0.729864575908767
IGEAQRHLKFSCNMVDWPTY,0.736992159657876
HTILPDGSMNAYVKFWCEQR,0.7355666429080542
PVCILSNWYFEQKTHMRDGA,0.7405559515324305
TSAQWELMDIVNYPCFGRKH,0.7334283677833214
EGWNLPQFSMVTRIYDCHKA,0.7277263007840342
ENVLRADQKFYTHMGSPWCI,0.7434069850320741
LQINCSEMFKRGTYPVHWDA,0.7305773342836779
IKFVDPSRLQNCTGMAEWHY,0.7312900926585887
YTGWPQIEVLMDKNFACRSH,0.7426942266571632
HRNWQIFATGCLMEKDVSPY,0.7426942266571632
MHWSNQEFLPGVRCADIKYT,0.7391304347826086
WQTHKCASLNGEYDIPFRMV,0.7263007840342124
HMGFVAECYSITPKNRWDLQ,0.7227369921596579
HMFNSQPCDLWTYERVGKAI,0.7391304347826086
QHTVGWKCSYNRIMLFAPED,0.7583749109052031
QFWLMNKYVGRPATESICDH,0.7562366357804704
LKNYCIVWSMRHPFGAETDQ,0.7377049180327869
IPDVGCWMKYFSHENRALQT,0.7384176764076978
NHPVTCRSMKAIFYEDLGWQ,0.7362794012829651
EDYPQMWAVRGFNLHSITKC,0.7405559515324305
LITEWRSVNDAFYMPQHKCG,0.7362794012829651
LKPHYGEAWFQIMVCDRTSN,0.7405559515324305
GCRVDFSNWAPMLQKHIEYT,0.7355666429080542
WACEGHRISYFLNKDTQVPM,0.7434069850320741
RMFLCYKWHAIPNETVQGSD,0.729864575908767
AFPQCKTHNYVILEDWGSMR,0.7341411261582323
RWACMTKFVLSNGHDYQPEI,0.7462580185317177
CGYFRHSMDLINAWETQKPV,0.7156094084105489
PHMFYVETLKCGAQDINRSW,0.7284390591589451
CNIYRMAFKETSPHQVLGDW,0.736992159657876
VNKHYAEDSMGIWLFPRCTQ,0.7441197434069851
DTNQSHPFIMVRYCLEWAKG,0.7270135424091233
FHVMETNGKQPCWDISLARY,0.7312900926585887
IEGYNSFLCTQPMAHVDRKW,0.7263007840342124
RGWLSIKFCDMATYQENPHV,0.7355666429080542
IPMFLVDRNKGETWQSHACY,0.7255880256593015
VYAHFREISDLTWNCMKGPQ,0.7405559515324305
THSLFEAGNYMDWVIPCQRK,0.7327156094084105
AECWRLSKINPFVMQDHYTG,0.7462580185317177
CSTYAQVDPRLIWGENFHKM,0.7377049180327869
MENPDHGVTWRAFYKLQICS,0.7476835352815395
LAPHNTKESYGFRQMDWCIV,0.7512473271560941
EQTSIVMGPYLKCWRFNDAH,0.7377049180327869
GIACKDEQMRTNPWSVLYHF,0.729864575908767
NFQGKPRSYALDICTVHEMW,0.7377049180327869
LRWINDVGYEQFMHPASCKT,0.7412687099073414
DVIPMHNALGKRFCYWSQTE,0.7355666429080542
YARCFNEGWTHQPLVSDMKI,0.7270135424091233
QKLRSYMEATPCGDNVIWFH,0.7362794012829651
KFTQIWHDPEGALCRSVMNY,0.7270135424091233
DFSPMQIRCNATHWYVEGKL,0.729864575908767
ETQMLYFGDNHWAIVRSKCP,0.7540983606557377
LRMDGYASEVPKCFNHTIWQ,0.7284390591589451
TGMCEYFHSPNAIKRDLWVQ,0.7398431931575196
ACGQEMPDLNYSVKRFITHW,0.736992159657876
CHMSTAKPWEVIGQYDNLFR,0.7305773342836779
TAQKVIPMDCFYSNLHRWEG,0.7355666429080542
KYLQGTWPVMERSDFHCNAI,0.7426942266571632
WSENGHTIQMVKDYLRACFP,0.7355666429080542
HNMEVCLGIWFARDQYPSTK,0.7327156094084105
MTWVPRSFLDHKCIYNEAQG,0.7491090520313614
VKHAWTYQDCNELGRFIPSM,0.7455452601568069
IHPRCWNGMAKLQSVFTYDE,0.729864575908767
FMTLYQGCWADNIHVSPRKE,0.7362794012829651
PYWIGQHVMENCKRAFTSLD,0.7384176764076978
KRWTEQFGDINCAPSVHYML,0.7384176764076978
CKWHSMRPVDFAINQYEGTL,0.744832501781896
CIQEDRLHMYTPGVAKSWNF,0.7569493941553813
LCIMKRTPAFWQEHGVSDNY,0.7562366357804704
TMIDCLPRKQNFWAVGHESY,0.7455452601568069
DASPVRKWFYILNGHMTCQE,0.7505345687811832
DNWFRVQEHTSIKMGACLPY,0.7391304347826086
EDFGSTAQLKHRNYMVWCPI,0.7419814682822523
ICEPRKDASFMNTLWQHGYV,0.7476835352815395
YEKIVRFSATQDLMWHCNPG,0.7455452601568069
GPCHTRMDAFIKWNLEQVYS,0.744832501781896
LIKFWMRSCTGEYDVQNPAH,0.7355666429080542
WLVDSYMTNFCGQIAKPRHE,0.7277263007840342
FDPLENYWQICVAHRTGMSK,0.7398431931575196
FMDRKIVYLWETPQAHNCSG,0.7270135424091233
TLEVHFKPQAMDCSGRWNIY,0.7426942266571632
HDSAEVITKYMQWNFLGRCP,0.7434069850320741
EGAQDRTKFYLWVPHMSNCI,0.7391304347826086
LKHRFVDEWNCQMIYGASTP,0.7312900926585887
GHQSMWDENRALKYIFPCVT,0.7384176764076978
FLGVSPTMWKYDREHAINCQ,0.744832501781896
SIGAWPLEVRMQYKHFNDTC,0.7305773342836779
NMQEHAVDIGWKPRSLTCYF,0.7320028510334996
CRHQGVDEIFTKYPSANLWM,0.7405559515324305
AFICNEVRYHSTLKGPWMQD,0.7341411261582323
WVARINSTMCDLEFYHGKQP,0.736992159657876
KIYFGEAQRLNCVPMDSHWT,0.7377049180327869
SAVYFMPTWLRIHNDCKEQG,0.7483962936564504
EHQMIDSWFRKGYTNALCPV,0.7270135424091233
EFNTSKHGQIDYWCLMRAVP,0.7277263007840342
TMRHVSLAFECIDPWKGYQN,0.7263007840342124
GPFSLMEIAQVWKCRYHDTN,0.7320028510334996
SHGCKQDIYVNTRWAFPELM,0.7391304347826086
KEMVQFHIPSTWLYANGRCD,0.7355666429080542
RKSQYTGDIMVLWEPHNCAF,0.7384176764076978
KYEGPSAFMVWHRLQCNTID,0.7441197434069851
FIHGQLCPDSYWTRVANMKE,0.7312900926585887
QSKRDGFWNMLVEHPTAICY,0.7491090520313614
EWSHMGIRPVYQNFLDCATK,0.7391304347826086
KSRENCIFAPQYHLWGTMVD,0.7441197434069851
RPLYDQSEMKFWAGTIVCNH,0.7362794012829651
CDVALTGKYMFHPWNRQIES,0.7320028510334996
LMFQEHGPWVACISTDKNRY,0.7505345687811832
YQLKEMCWGVIFDSAHTPNR,0.7312900926585887
HPWNAGTDICLYKVFMSREQ,0.7377049180327869
ILHGKNSRDVWACQFTMPYE,0.7362794012829651
ETDSHNCWVMKLQGYRIFPA,0.7327156094084105
NDGRHTVAYPSWCMLIKEQF,0.7405559515324305
FTSECLHNDVWQAKPYRGIM,0.7377049180327869
KLDSQAWVPRHFCGYMNETI,0.7241625089094796
WCFYQLGHMSVKRNIATDEP,0.729151817533856
SEQRMDYWFGTIVPNCALHK,0.7462580185317177
TLCKHMYVENIFQDGAWRPS,0.7398431931575196
WLAYVKIHTGFRNMDPSEQC,0.7334283677833214
ESVCRWQIPMDFNKYGLTHA,0.7198859586600143
TPYDCMSWVNLHKEQRGIFA,0.7355666429080542
HTEGKCDNWPVLFYMIQASR,0.7476835352815395
RVMFQHWGIYKENACPTDLS,0.7355666429080542
PFYHELTDMGAIKCRVSQWN,0.7362794012829651
KHCTYDSRLPFVIQWEMNGA,0.7398431931575196
YPDQWSKCHVGEAIRNLFMT,0.7398431931575196
SKYHCTNVMDARWFEPILQG,0.7320028510334996
DCPSRTWGMYQFVNIHAKLE,0.7512473271560941
DKRAIGSEWYPVCMNTLHFQ,0.7434069850320741
YNDQFLHTEVIGRPSMCAWK,0.7270135424091233
TENSMCWKGPRVYDQLFAIH,0.7398431931575196
CPDGVQFERSWTNIKHMYLA,0.7441197434069851
NSRHTLEQGMWPDCYAKIVF,0.7391304347826086
GIQMCLSHPETWDNRVKYFA,0.7084818246614397
SLHCKIYERAWNMPTDQFGV,0.7227369921596579
SRKDGECILQPNFATVHWYM,0.736992159657876
DLNGCTRFQAEHSYMKIWPV,0.7312900926585887
PEANWSKQGCFLMVTDIHYR,0.7384176764076978
LHVRWGQCKSENMPDFTYIA,0.751960085531005
REPDSWFTVLGNCHYQIAMK,0.7462580185317177
CNIPTSKWYDVHQARGEMLF,0.7263007840342124
PMCELQWAFNGTDYVHRSKI,0.7334283677833214
YQVKHIPTEFADRMSLCGWN,0.7277263007840342
TRSLAVIFMQCPWHGNEKYD,0.7426942266571632
CWGPIVNQKLMRHSFETYDA,0.7377049180327869
QYLRNGAPEITDHSCKFVWM,0.7419814682822523
YNHPKVSTWQLFCDAIRGEM,0.7419814682822523
VMHGQAYLRSNKIWFCTEDP,0.729864575908767
GPCTEIDASLYVKQMNWRHF,0.7284390591589451
MSNEKQFWPAICVRYLTDGH,0.7462580185317177
GNEIQDYSTFVKRALPWMHC,0.7405559515324305
GDVHTIPRCQSNKFAYMLWE,0.7426942266571632
KCSFLPHIADVYQGNMETWR,0.7277263007840342
ESHFTYCILKNAVWMQGRDP,0.7284390591589451
AFQMDKYWPGNVRCTESLIH,0.736992159657876
WMSDKNRTEAVQFYCGLPHI,0.7263007840342124
FIWMNRQKLYPHAGDVCTES,0.729864575908767
FTNHLKSYIQMDEAWRVGCP,0.7305773342836779
MSDEYPRLITAVWCQGFKHN,0.7555238774055595
DMTVNESKAFHLGIYQPRWC,0.7284390591589451
CWTLHYQSFKVAGERNPMID,0.7320028510334996
CYPMLWIFTSGKANQRHVED,0.7341411261582323
YFKIMHAETVWRLSQGNPCD,0.7405559515324305
QVSTGRAFPHKNYMEILDCW,0.7177476835352815
NPRVGKHISAYCMLDQFWTE,0.7377049180327869
LYEGTAIHWFDSNQKPMCRV,0.729864575908767
WEMICSRYGQDALPHTFKVN,0.7391304347826086
HDWVETYGRILNACPSFKMQ,0.7426942266571632
DIMLQCGPHVAKFEWRTSYN,0.7348538845331433
RHDWGFKCPQTIVELYNMSA,0.7398431931575196
EMHWFRVCGQSTNDKPILAY,0.7277263007840342
FVRDEMSAHKTIQNYCLGPW,0.736992159657876
LVAEIPSDNMWFYKRGTQHC,0.7491090520313614
QLGPYMISKHVTFECNDWRA,0.7526728439059159
PRSGAKWYTCNFLEMDVIQH,0.7348538845331433
STMPDAYFKCWLEHQGRNIV,0.7355666429080542
PAVWSGINCERTLQFHYMKD,0.7384176764076978
LASVHIWNGMPDKREQYFTC,0.7384176764076978
YMRHCPSWGATEDIKVFLNQ,0.7391304347826086
RNDQATKWISCLEYMVGFPH,0.7348538845331433
CVTEDHPAGLWRKIFNMQYS,0.7462580185317177
SCMEDQIGYWFHNVPALTRK,0.7391304347826086
TCLHAEDIWSYFKGMRPNVQ,0.7312900926585887
DGWMEAHLPQKCISYFNRVT,0.7377049180327869
RVLSICHEMPFWTYQGNDAK,0.7419814682822523
EKPANIYTSHGRMLWDQFVC,0.7469707769066286
SITPYGACRVQLHMWDENKF,0.7384176764076978
IYVNMGSDWHELQTACPFKR,0.7234497505345688
WCIPYTVHMDFLKRAESQGN,0.7384176764076978
SGLAIFRWVTPDHQMKNCYE,0.7491090520313614
KTIVMFGCEYQPWLHRASND,0.736992159657876
WDQCSPNEKTMAHIYLFRVG,0.7512473271560941
LMWYPRTHFCAEVKIGNSDQ,0.729864575908767
HAPTQNSRGFKIYMLCVEDW,0.7355666429080542
VCEFWIYKSHADNGQTPMLR,0.7327156094084105
TSGIVQKLCHFDMYPNREWA,0.7462580185317177
QRVTHWKLSPCYEDAGIFNM,0.7441197434069851
WNTIHGEMSLCFAPDVRQYK,0.7341411261582323
QIYDHFKGVCRLSWNPTMEA,0.7305773342836779
SKRWDENMATGCYVQILFPH,0.7334283677833214
TKHVEIDACFYPSLWQMNRG,0.7476835352815395
HYGINWTSDFARELCMKVPQ,0.7255880256593015
IHDMYTNLEGKWFSCPQAVR,0.736992159657876
PWVNSLHFCYDGEMQTKAIR,0.7270135424091233
RGINCFHVLQEPTYDSWKAM,0.7327156094084105
QSGIFYEHPLRAKTCMVDWN,0.7277263007840342
SWFMKHEIAYDVPNCGTRLQ,0.7320028510334996
LRGHTKVQEDFCISMPWAYN,0.7334283677833214
ILTVEQHMSDRNFPWAKGYC,0.7198859586600143
TNMGDQRALCIHFYKEPWSV,0.7334283677833214
VHSPWTIYLCDKFRAEMNGQ,0.7398431931575196
WAINMFETQDLYGVCRPHKS,0.7248752672843906
PRVACIQDKEGSWFYTNLHM,0.7469707769066286
KSLWAMGTFNIHYCDPVEQR,0.7327156094084105
ASGIVEQCMRYLFHPWNKTD,0.7362794012829651
WTSRLCKIMANHEFGYDPVQ,0.7305773342836779
MGEHYQRSNCPDIKFAWVTL,0.7391304347826086
FYKRWLCTEGHIQAMSVDNP,0.7270135424091233
WPFMHVRYITKDESCQNAGL,0.7391304347826086
VEKRDFPQTACYGLMHNIWS,0.736992159657876
CRKLGVFYTHSINEDAQMPW,0.7312900926585887
MWTYHNPQADGRCLVFKSIE,0.729864575908767
HTCKEVSQPADMNYRFGIWL,0.7241625089094796
APHIDLWVYCKTSEGNQRFM,0.7255880256593015
NAWCTIMSPLEGVQKDYFRH,0.7277263007840342
PYVTDAWMCLISGKHQNRFE,0.7405559515324305
ENRLGPFSVMHCTYIAKWDQ,0.7377049180327869
SKQVCWNIMLFTADHGEPRY,0.7426942266571632
CDQKYPWMVSAGHLRIEFTN,0.7540983606557377
HRLWIFPKDEQYMNSTGVAC,0.7391304347826086
THCKWIDVGLMQSRYENFPA,0.7334283677833214
AQCLVMSRWDPYKEGHITNF,0.7341411261582323
TMKEPDFYWQGLHRCSNVAI,0.729864575908767
WSPRQAHMITNCFEDKYVLG,0.7348538845331433
FVQWEPGKHRINSDLMCYTA,0.7419814682822523
TCRKLIGSMQEPVFAHDYNW,0.7320028510334996
QRIVYNFEWKGHLTSCDPMA,0.7405559515324305
KDHSLYFNGVAQEMTRPCWI,0.722024233784747
LHNERVKQWTGFMIDSCYPA,0.7412687099073414
QIWAEDCGLPFNRTMHKYSV,0.729151817533856
GHDVNKYRCSLTWAPEQIMF,0.7426942266571632
QSHPVNDFLYIAKMRWTGCE,0.7405559515324305
PREHTWFMCYQLNAVDIKGS,0.7533856022808268
IHGKVQLYWFECNTARPSMD,0.7320028510334996
HMLQKEFVPWNDTIYSACGR,0.7384176764076978
AHTIWPNLDVFRYSKGQCME,0.7355666429080542
VYLFMSCQDRWTKIAEHGNP,0.7441197434069851
GARFCHPKVNWTSDIYEMQL,0.7398431931575196
WIKGAQRHPYESCDTVMLFN,0.7419814682822523
ASLWEYVGRIFNCHDMTKPQ,0.7391304347826086
KWNIRAGHTEMQFPCSYLDV,0.7334283677833214
DCPLQAENRYSWHTKMGFVI,0.7384176764076978
DWSMRHNIPFQETCLYGVAK,0.7348538845331433
PFCTVHMKLRQSNWAIGYDE,0.7305773342836779
YWLSIMCPQKENRAGVDFHT,0.7305773342836779
MIQNPFHEDRCYAWVLTKGS,0.7348538845331433
KSELVADNMPGYHCFIRTWQ,0.7455452601568069
TNDHCAEWFGYSRVILPKMQ,0.7334283677833214
EYPNITMKGDCWQRAHVLSF,0.7277263007840342
VMASGPLHRYEIDKQNWTCF,0.7305773342836779
IVFWLYNGSMCHERDATKPQ,0.7255880256593015
TEHDYQIARGMSFKPCVWLN,0.7355666429080542
RYSVAFNGCHPLKMWQIEDT,0.7263007840342124
MAIRGHDPLVKQTENFSCWY,0.7334283677833214
EDQTPHSIWNCKYFGMLVRA,0.7334283677833214
EASIWCDQFTMPVRYLGHNK,0.7405559515324305
SETALIQPDYCNKMGHVRFW,0.7327156094084105
HPSMTARIVNKGQYLCFEWD,0.7434069850320741
RNDPYCTQMLKAHWSIEFVG,0.7398431931575196
SCWEQVDNMTYIAKPFHGRL,0.7327156094084105
FWMNYHTEALKDSRVGPQCI,0.7405559515324305
ADVRFYLIWTCPHQMNKSGE,0.7312900926585887
PQAFKIRVTMGNWEDCHYLS,0.7419814682822523
NPWGESTAKFMRHYDQCVIL,0.7362794012829651
DWCEARNYGTQPIVSFKHML,0.7355666429080542
YGHMKQSLPFTVDRWIEACN,0.7377049180327869
DHAVKMIWCFGNPEYSRQLT,0.7434069850320741
THQNAFKIDLPMESWYRCVG,0.7355666429080542
IRKTPQSAGVYMHELWCNDF,0.7234497505345688
LYQGIAKSHMETRNVPWDCF,0.7341411261582323
MKIWEQATPRCLYNFSGDHV,0.7170349251603706
DKQVSFCGTHRIYEWNMAPL,0.7355666429080542
IVHLFTWKCDGAPMNRSEYQ,0.7191732002851033
ARLFYTNCGDWHVEPKSIQM,0.7462580185317177
FIHDAPGMCWVQSKYLNTRE,0.729151817533856
GEKDLIVWPSNYATQHCRFM,0.7248752672843906
CYKLWDFNTSHMVAQIGPRE,0.7355666429080542
HKELWGTAFVSNMDYPRQCI,0.7255880256593015
KPGSTNEFCRLAIWHQMVDY,0.7398431931575196
AHPWTSYMIKDVCLGEFNRQ,0.7419814682822523
EDHSQPRIWAYKNMFLCTGV,0.7426942266571632
CKQTEFMLDYWSPGIANHVR,0.7327156094084105
MKVTNYFIWERDAGPLSHCQ,0.7469707769066286
DLEGWQHYNKFATRPMSVCI,0.7341411261582323
TEALGRWFCDPVQYNKIMHS,0.7398431931575196
VNISADPCEWFTMGYRLQKH,0.7462580185317177
LTAHEQGSPWCDFIVRYKNM,0.7426942266571632
LENQPAHTKCDRMFYSIGWV,0.7355666429080542
SARMDGYCTKVEWLPHNFQI,0.7248752672843906
GDPWHNQFLYRMVSCAEKTI,0.7377049180327869
FKTVSWDRIPYANCQGHLEM,0.7405559515324305
TRHSLWGFKPEQAMVYNICD,0.7341411261582323
KAPMQFLGVSDIYWTCRENH,0.729864575908767
YMKCPASERIDFVTGHQLNW,0.7377049180327869
QYWHSVRMICANTKGELDPF,0.7198859586600143
GQKHINCYAVRDPSWEMFLT,0.7377049180327869
GKECWAIFNRPYMTDSQVHL,0.7312900926585887
WNHRQMPICKSYLETVFGAD,0.736992159657876
VDHSRQWPAMILGCENKTYF,0.7312900926585887
LPIHYACWNRMDKQTGFVSE,0.7355666429080542
FNWHYCQTSLRDVKEIGPMA,0.7384176764076978
VKYESARLGMHNPWDFQCIT,0.7412687099073414
FTQCGSMLVAYWKPINDHRE,0.7419814682822523
QYRPTNFACKISWGDVEMHL,0.7312900926585887
PTYWDKGHIRQNMSFVACLE,0.7348538845331433
YTWIFNLQREVGHCDASPKM,0.7362794012829651
SAHTFILVDNKQCYWEPMRG,0.7248752672843906
NYMRTKCPSWVQLDGFIEAH,0.7241625089094796
VNHWQAEFPGSRDLTKIYCM,0.7234497505345688
KPFREVTYDLWQGIHSCMNA,0.736992159657876
IAGHSLKRFDWTNYCMPVEQ,0.7434069850320741
TRSYIWMNDPVCKFGLHQAE,0.7362794012829651
NMDFVHISQAGPEYTWCLKR,0.7305773342836779
MFTNWCQYRDEHGLKSIAPV,0.7540983606557377
TGAKMCQIRSWYNLHDPEFV,0.729864575908767
MSCAKFPRVEYTDLGNHQIW,0.7305773342836779
LTFPIQMDWHAGKYNSCERV,0.7483962936564504
YWFMEQCGDRNKHTVLSAPI,0.7362794012829651
KVPTLFHSICRGWANQMYED,0.7305773342836779
MCSTDLKEIGPVFWQHAYRN,0.7327156094084105
SGPMRKWQLCTDVEYFIAHN,0.7334283677833214
VILPYWTAHCENMSDRKGFQ,0.7362794012829651
ELYWFHRMKQSAITPGVDCN,0.7327156094084105
TIELPDYSHCQANGKVMRWF,0.736992159657876
RGSYEDQTKHWMVLFNPIAC,0.7647897362794013
FTGPALRMNDQECKWHIYVS,0.7441197434069851
CYFEHPTQVSMLGWRDIKAN,0.7341411261582323
HTQYWENSVKAIRMCLPDFG,0.7284390591589451
PSTERCAKHVWYMNGQDFIL,0.7270135424091233
RKVTNMDYEIWQFGCLHPSA,0.7277263007840342
TSVYCQERPHNADGLMIWKF,0.7263007840342124
MQLARKTWNCGHEFVDSYIP,0.7320028510334996
TICDHNVPWLRGQEYSMFAK,0.7312900926585887
GWFPQHKLYITSNAREMDCV,0.7426942266571632
SMHQIDNLWCVYGFARKPET,0.7334283677833214
TEILDPKAGHWYRNQCSFMV,0.7205987170349252
VAEHGWRIYFQMKCLDSPTN,0.7391304347826086
RVLAHPDEYSWQMKGICNTF,0.7483962936564504
RNTDPSHEGFWVYIKAQLMC,0.7362794012829651
DQYLFNRKPVECAIWGSMTH,0.7398431931575196
DLFKYWQPATMHGSEVCNIR,0.7334283677833214
YWSMIADPHTVLEGFKCNQR,0.7248752672843906
DMNHQEVSTLCWYPGAIFKR,0.7348538845331433
NGMLIDAERHVQKCYFTPSW,0.7320028510334996
EYSFGMCNHPKVAQDWRITL,0.7441197434069851
VGARNMDYIQLPCKSWTEHF,0.7263007840342124
ANFCMRTGDHPESIYKWVQL,0.7412687099073414
IEFGLRTYHQMCVWPSDAKN,0.7270135424091233
IMTSVEQFHGNPKDRACLYW,0.736992159657876
YRDNWPIGEMCHSQTLFVKA,0.7312900926585887
AYKVGEITWRFLHCPQSDMN,0.7419814682822523
INWDGASLQEVCKTHYFPMR,0.7320028510334996
KRVNQYCLFWPASEMGIDTH,0.7320028510334996
WKFHNGMSLVYICREDAQTP,0.7334283677833214
ISRFPTDEQHGAVLWKMNCY,0.7248752672843906
LSNKAMFGTQWIVYEDHCRP,0.7284390591589451
HDFYTSLWCMAIKRQVNGPE,0.7398431931575196
PMWFGVLTDESRNIQHKCAY,0.7419814682822523
CRGLDVFTKPQNSHEIWMAY,0.7191732002851033
WYEIVRHSGDKTFLQCMPAN,0.7334283677833214
FWCALYNKGIMRDETSQVPH,0.7398431931575196
WPCVLQREIMFDSGYHNATK,0.729151817533856
FMHASPRYWVDQIKTGNCLE,0.7526728439059159
NDKTCRAGVQLPHSMYWFEI,0.7305773342836779
KQNRPHMWYFAEVSCILDTG,0.7334283677833214
FYTLIARWCSHKPMEDQVGN,0.744832501781896
RIANKWFHMYCPSVLQGDET,0.736992159657876
CGLIEDMNTVSFKARWPHYQ,0.7377049180327869
AVKLRQHGTPMSNDCEIFYW,0.7391304347826086
NSQYPIRGVWDHCELMTKFA,0.7398431931575196
KMITHWGVDFAELNRQSPYC,0.7362794012829651
FGWMKHQLVYIATPRNSEDC,0.7405559515324305
RAGTDNHYSPILFKCEQMVW,0.7341411261582323
KRCTFPILENAMDGYVWQSH,0.7362794012829651
DKFEPLNATSQGWMCIVRHY,0.7398431931575196
ETGNRSDQWMFPACHYVLIK,0.7384176764076978
QGDAEWKSFRYNLCHIPVTM,0.751960085531005
PNQRMECIHDKWVSAYFGLT,0.7327156094084105
TKDHRLYCMQFPISEANGWV,0.7455452601568069
TFEKRLISHGCDAVQMYNPW,0.7498218104062723
RFSECWLPVHQTDMAKINGY,0.7377049180327869
HDMIWFCVGTANLPESYKQR,0.744832501781896
EKITWHCRNVPFSQADMGYL,0.7377049180327869
NIDSQECMYGKHAVTRLFPW,0.7426942266571632
RPDMKGEQVWYAHTISLFCN,0.7270135424091233
AKFMNVPIERQDTHSWLYCG,0.7412687099073414
ISVDETGRCWFAMKHPNQLY,0.7341411261582323
CYIRMAPGVENFDTKHSWQL,0.7334283677833214
THVYQKELMGDCRSWPAINF,0.7441197434069851
HSWCAYLGKEDQNPTMIVRF,0.729151817533856
FEGYSVKDHICMAQLRPTWN,0.7355666429080542
WNACMVSKFRIHTLYQGDEP,0.7377049180327869
CRWDYGINTEFHSMQPLVAK,0.7270135424091233
PRADITCKLWYSMGVNFQHE,0.7384176764076978
LWENAFDHGVYPTMCIQSKR,0.7491090520313614
PYFDWHCGIVAQNSELRKTM,0.7505345687811832
QPKMLRICASDEWYHGTFVN,0.7377049180327869
QVLYWGADSFMRNKCTPEIH,0.7312900926585887
VKQERIDPMSWYHGTCLNFA,0.7270135424091233
AHCGYDIQVNRKEPMTLFWS,0.729151817533856
DASVRYWNIKPHQFTCEGML,0.7270135424091233
QRLVFAMKWTYCPIHENDGS,0.7270135424091233
WPGIVFCQEMKSADYNHLRT,0.7455452601568069
PNCDFTKYVRQMGISLEAHW,0.7284390591589451
NIPEFRCTKHLGVAWSMYDQ,0.7305773342836779
WYPHNLDFQMKRITVSACGE,0.7334283677833214
MERNVCWLPDTSYHFQIKGA,0.7248752672843906
NPDCFTAHREYIGWKLSQVM,0.7320028510334996
SHCTKELYVFQWGRMDPINA,0.7248752672843906
DRWLHVEFITNGSMYCPKAQ,0.7426942266571632
YDQPTCEWFHGRNMVLIKAS,0.7348538845331433
TLHAKIESVPGNMYWQFDCR,0.7234497505345688
EVFHMLSWKDQIYGRNCTPA,0.7434069850320741
TLRFEQSAMDNKCVYPHIWG,0.7426942266571632
KMFQNSCVDAGITPLRYWEH,0.7505345687811832
CNPSYMQTIGEWFHRDAVKL,0.7455452601568069
WFTLQMGVNSECRAYHKPDI,0.7191732002851033
ELFRNQGVHYPDMSKATICW,0.7320028510334996
DWFISLQNGCTEKYRAVHMP,0.7263007840342124
PSQHYDREIFKTNVAWLGMC,0.7384176764076978
SWAKCHFNIYVELMGPRQTD,0.7355666429080542
HIDSWGPAQYFMRNVLECTK,0.7498218104062723
EDGLSIHRQMVNCYFPWATK,0.7191732002851033
EVPGRMCKFIWYSTADHQNL,0.7284390591589451
GVACWEHPYSLDTNIKRFQM,0.7284390591589451
GLTFHWAVNEDMSRCQKPIY,0.7277263007840342
FAWCSEINQLPDHKVYTRMG,0.729864575908767
YIKSDHAPNMQCERFWTVLG,0.7355666429080542
VANMGIHRFSQPTDKLWECY,0.7419814682822523
DYMIVALWTFEQPCHNRKSG,0.744832501781896
PKNLWIATYQFRDMVCESHG,0.7312900926585887
QVTPWIRSFKNMHGCDLYAE,0.7405559515324305
SLGTVRWEMDNHQIPYCKAF,0.7327156094084105
LMQTSVHEYRWACNIFDGKP,0.7412687099073414
HVTENDWGQCSYRLAFPKMI,0.7320028510334996
CQDNIWETYLRMSPVHGFAK,0.744832501781896
ETMALDQCFNIHGWRSKYVP,0.7377049180327869
TQYMLGHKPIWCDENVFSAR,0.7348538845331433
EMKYDQVLIFWHGTCARNPS,0.7320028510334996
YGVWENRFDIPHMCKSALQT,0.7241625089094796
MGYLNKQIAHVCSFRTDWEP,0.7305773342836779
FRVPHWYGEAKTCSQILDNM,0.7362794012829651
FKMWGTRYNIEPVASLDCQH,0.736992159657876
AVEYWTKIGQDNFLPMSRHC,0.7434069850320741
FKAVWCTDLMIRPQHGYSNE,0.7305773342836779
EVGMLASWTHDRCYFNQPIK,0.729864575908767
SQRYEPHLIKCFTGVNAWDM,0.7398431931575196
VYPCGLWNRFMSTIEDAQHK,0.7434069850320741
IVAGRDPYSCLQTWEKNMHF,0.7277263007840342
CLMYNASERDTPQKGHVWFI,0.7419814682822523
YQHSEPMKGLDIWNRFVACT,0.7327156094084105
QLYKNSTHWMFCEAVRPGDI,0.7270135424091233
TRWHMDFQGLVEYICPNSKA,0.7327156094084105
FVAWGTHKCPRIDNMEYQSL,0.736992159657876
MEVKTRNGLDFHYWAQICPS,0.7248752672843906
ASKRTYIQDELNGVPHCFWM,0.729864575908767
HCLQRPIMGNFAVYEWDTSK,0.7320028510334996
SEVQYICDPGKNATFWHLRM,0.7512473271560941
SLMIGVQHTKWENAPDYFCR,0.7348538845331433
KPTVFWNMSHQLADEGRCYI,0.7277263007840342
RCMGTQYKNPEFDIVHLSAW,0.7227369921596579
SYQNEVTADKPHCLGWFMRI,0.7348538845331433
DIYAQPRNGKCLVMFWHETS,0.7412687099073414
WKYGHCVNLRDAEPMFSTIQ,0.7462580185317177
WVLQKHPYCFSEITADNGRM,0.7341411261582323
AGFCWNYLRMIVPSHDKQTE,0.7405559515324305
MTFNYLEPVASDGIQCHRWK,0.7362794012829651
DMKRYCHASWIQVNGTFLEP,0.7377049180327869
WPTMSNAGVHQIEDYCLFRK,0.7377049180327869
MKSGLYPQHCDFREVINWAT,0.729864575908767
KRNTMCQDSAFWEPILVGHY,0.7498218104062723
YQCLDIVSKNHFWGRETAMP,0.7334283677833214
CNVGRQSMLIHTPAFWDEKY,0.7426942266571632
HICSGMPKNRYTAFELVDQW,0.7312900926585887
VSFQILMGHTWRAEDKYNCP,0.7419814682822523
EGMNWQKCDLVTPASYIHRF,0.736992159657876
WHARNEYGQSLDVIKMFTPC,0.729151817533856
FAPDTIRESWQGKCNYLVHM,0.7441197434069851
DWRFGIQACKLSYNPHMETV,0.7248752672843906
VNRFMWDCHILQYSAGKETP,0.729864575908767
DLSKVGHFWYTCAPMERQNI,0.729151817533856
CHEPANQITKVSYDRGFLMW,0.7384176764076978
CKMHNFITWRQALVPYSDEG,0.7384176764076978
GEYFMPCNDSLWARVHTIKQ,0.736992159657876
KYCWGPDMLFNTQSVRIAEH,0.7391304347826086
DNLCFRYTWGAVKQSEMPIH,0.729151817533856
SHDTWQCNMKPLAIFVRYEG,0.7469707769066286
KMRTICAEQFNVHDPGYLSW,0.736992159657876
ECHVQFSKRMYLDTWPIGNA,0.7270135424091233
NPKSQRDLIHGWACTEFMVY,0.7391304347826086
TFSIYAWRGCVQEKHLPDNM,0.7377049180327869
VRLKEQCHFGNTWSMDIYPA,0.7405559515324305
VQDSYNMHGPRCLEKWIFAT,0.7362794012829651
NFDIYVEPSCMKQATWRGHL,0.729151817533856
IKDVHLETCSWRGMPQFYNA,0.7434069850320741
KFENYPRMAGCDHQSLITWV,0.7377049180327869
KYQITGWLPRMFACESHNVD,0.7377049180327869
GRTMSDPKEQWNCIFVLYHA,0.7441197434069851
LMHIQRSCDNPGFYAVTEWK,0.7434069850320741
NWGMAEFCIQLTPHYKVRDS,0.7426942266571632
QYDPTMFGCNRAVKIHWSEL,0.7377049180327869
WFYGRKVITPQLEHCMSAND,0.7255880256593015
MFEQNDGLSKAHYPTIWCVR,0.7469707769066286
KFVEQHMDGSTRWIYNLACP,0.729151817533856
YRKSLWGVHFACNPTEMQID,0.7312900926585887
LHYCPNMDSIKTGFWRQAVE,0.7434069850320741
YNSTIMEHRFLVPCWQAGDK,0.7327156094084105
LKPVIQACSTMEYGDRFWNH,0.7455452601568069
GAIHFTQKNMPVEWSLYRDC,0.7241625089094796
WSFMEKPNLIDYHRGCAVQT,0.7398431931575196
VIQNSHCDWMYPERKATFGL,0.7184604419101924
HVLACFWYQNPTEGMSIDKR,0.744832501781896
HQLIVWEDAKNGMPYCSFRT,0.7405559515324305
DWSGHYELQRTAKVPNFMIC,0.7469707769066286
RMAYCQDGFKLTNIHSEVWP,0.736992159657876
EWNSHPQYTMKVGILFRCAD,0.7384176764076978
CTMGSNEHLFYDIAKPRQWV,0.744832501781896
RCYWGQATSPNHFEKLIMVD,0.7277263007840342
CVFQWPYLASKNHGDIREMT,0.7412687099073414
GYDRLVITPFEMCWHQSNAK,0.7234497505345688
WRTYIMGPACEKVHLSNFDQ,0.7277263007840342
STNYIAGFDRWVQMHKCPEL,0.7341411261582323
YRDVMITHWPALFGEQKSNC,0.7498218104062723
TIAWNKYCFPRVGEDLHQMS,0.7263007840342124
FYDSMGTCIHKVQAWNLREP,0.7391304347826086
TSPAVEHCLQIFMWYNGKDR,0.7391304347826086
YPIKVALSQWCGNFDREHMT,0.7227369921596579
FKYGEPQSWRDCVIHMANTL,0.7434069850320741
ADLFHGSEIVKYMWRCNTPQ,0.7163221667854597
HPGFQACVSNETIMLDRKYW,0.7419814682822523
CPRDQENSHGVLWTFMAKIY,0.7540983606557377
TEHPVCGQNRFDKYLWSIAM,0.7441197434069851
AMWKTPDCSEINGHFQLYVR,0.7398431931575196
MWCLNGATSRHEYQPFDVKI,0.7334283677833214
LICVMAWHQGTREDSYFNPK,0.7455452601568069
EIWSHTGDLMVFYNPKCAQR,0.7491090520313614
GIAYQPMLEHRDKVTWNFCS,0.7412687099073414
GNEHAKIFRVYLTWCQMPSD,0.7498218104062723
FIERCLWVPMSDATHQKGNY,0.736992159657876
DALHVWMRFNTPKYQCISEG,0.736992159657876
MNTCEALGFYIRHWVKPDQS,0.7441197434069851
NFARLHVSKWEGTIMQCDPY,0.7312900926585887
LVSIQKATPYFMRGHENWDC,0.7377049180327869
IQFAMCEYRKNPVHLGWTSD,0.7341411261582323
PFMSINRGCLKWETVADQYH,0.744832501781896
PKWVDTLSQYCGENFMRAIH,0.7205987170349252
MEKINLVRWFYPTGQDHCSA,0.744832501781896
DPVEYRGHTACILSNMKWFQ,0.7434069850320741
LIKDWTFPERVNSYHCGMAQ,0.7305773342836779
GKFANCLSMQVYRPEHWIDT,0.722024233784747
PVLRHIACFMWSKETGQYND,0.7462580185317177
GEQCIVWYFRLHKDNTSAPM,0.7391304347826086
RDAGYMNLFQKEHSWITPCV,0.7327156094084105
KVLQGAWMPRYNETDSFCIH,0.7334283677833214
FPISYWMHCDNKRGATEQLV,0.7426942266571632
LAWQEMRVHICKTFGPYSDN,0.7355666429080542
EGRSIMAPTQDHFCNWYKVL,0.7327156094084105
ELNSAIVFRPKWHCQTDMYG,0.7270135424091233
NMDAPEIYTSRGKCHWQVLF,0.7205987170349252
RQKTHIFCGVSLEWPAYMND,0.7213114754098361
RVTISNLKDQAFMPYGWCHE,0.7633642195295794
NMALYHVTPQWKCGSFIDER,0.7277263007840342
WRMSLVITEFQYAPNCDKGH,0.7441197434069851
NMYFTCRVPWLISAEGKDQH,0.7384176764076978
PGQYDHSNLARFITWCKVEM,0.7441197434069851
GLSAFPMKYQDITWRHVNCE,0.7348538845331433
VYCKENPSDRTHFWALGIMQ,0.7348538845331433
HPVCYIAQWSLRTDKMFEGN,0.7355666429080542
FMYNRPIELDGTWVCKASHQ,0.7377049180327869
KYHLQSRATDIWGPFENMVC,0.7341411261582323
MTGINEQFKCADSYPLHVRW,0.7462580185317177
GDMVFILCNSAWKEQYPRHT,0.7384176764076978
KHMTDIRQWNPASYLEVGCF,0.7198859586600143
HELANSKGVQIDCWTFRMYP,0.7355666429080542
QIHNYMTFRVDSELGPWAKC,0.7434069850320741
KCVSRLTPQIEDNYWFGAHM,0.7355666429080542
WHCEVTADSPNMIYKRGFQL,0.729151817533856
WTGILMDSFNCAQYHVKPRE,0.7362794012829651
IQREDSMLGNTWYVPFHCAK,0.7476835352815395
FPHLDNMECWQYGVISTARK,0.7270135424091233
QTARKGSDMCFEYNWHVPIL,0.7284390591589451
GRIQWKDNLFVEHYPMSATC,0.7434069850320741
KVASLEIFRCQTPNWMGYDH,0.7405559515324305
WEQAPKYNGLFCITRDHSVM,0.7512473271560941
HWLRTKFDMPIAVYCNESGQ,0.7426942266571632
FCEQRLSTMWAINPVGDYHK,0.744832501781896
ETNAVYRPIHMLGKWDSQCF,0.7391304347826086
KIRWDVQCNMPELHSAYTFG,0.7241625089094796
TYSVQWEIFADPGLRHMKNC,0.7419814682822523
RPNWLTFHMSEVIDGCAYQK,0.7277263007840342
FKNRGTESVMHIAPDYCLWQ,0.736992159657876
DCIMKGVPFQEALSNYRHTW,0.7312900926585887
LMETAHKWYPSRIFNGQCDV,0.7405559515324305
MDLWRNGHSVPKYCTEAQFI,0.729151817533856
FWLSACHVQKTYDMGENPRI,0.7327156094084105
WVHAQGISYFEPTKLCRNDM,0.7391304347826086
IEFVHAGDPKRTMSQWCNLY,0.7227369921596579
AKMTNRGVCHLYFDQISEWP,0.7270135424091233
CMLVSNEFKDIQRPHTAGYW,0.7362794012829651
PCMGILKETRYFHSVNADQW,0.7270135424091233
SGAVPQNTIMDWHLYFCREK,0.7391304347826086
PAQNKYTHGMSRFDVCWLEI,0.7348538845331433
DFHPGIEMCWKQVSYRANLT,0.7277263007840342
EPMWNHGVFRQDTCAYILSK,0.744832501781896
FEISQAGHKRYLPNMCDTWV,0.7320028510334996
AIVSYFEPCGLMRNQWHTKD,0.729864575908767
CIGNRQHYPVSFMTLAWDEK,0.7498218104062723
HWCYNRIGTDPVEAFMSKQL,0.7441197434069851
RNPVWAYEQHTKLCFMSIDG,0.7284390591589451
HRKPGAVDEQLCWSFMTNIY,0.7441197434069851
DVRNASKYWMLEPHTQICFG,0.736992159657876
DVCKGYEMSRFLWPNTAHQI,0.7462580185317177
AYSPDQGILRKFTEVWNCMH,0.7498218104062723
PMIKEDLFVGRSYQTHWNCA,0.7312900926585887
SAEFIVHQDPLRTMKYWGNC,0.729864575908767
LVCEHMDKASRWTIQPYFGN,0.7341411261582323
ASQYRDFLWNVIKGMPCTEH,0.7284390591589451
PVLNSGMKHITRAYWQDCFE,0.7398431931575196
TDGHSERNYLCQKMVPAWIF,0.7270135424091233
CLMWYNFEISGKVPDRAQTH,0.736992159657876
HEGPIRSQKLYMWVFTANCD,0.7576621525302922
YTDHGVSNIPECLRMWKFAQ,0.7419814682822523
SFYAGCLRVPWDNHEQTIKM,0.7305773342836779
HFAGNWPYCMTQLRVKSIDE,0.7384176764076978
FRIHYSQPWDNCLVTGMKEA,0.7391304347826086
EARPVGFILWNDTSYMHQCK,0.7398431931575196
KGPISLRFTWHECYQADVNM,0.736992159657876
MEQPSRFYVNHDTWKGALIC,0.7540983606557377
CRTYINLAFDGMHVQEKSPW,0.7184604419101924
KDAFIEPGVLNYWRCQHSTM,0.7462580185317177
PMCHDTIVELFRAQSNGWYK,0.7377049180327869
CKLWYPDVRQFNSTEMHIGA,0.7362794012829651
PIQGVNLTREWDASMKHCYF,0.7419814682822523
CIFPQSRALNDTEMWYVKGH,0.7426942266571632
FHKVGAMIQWNPYCLDREST,0.7320028510334996
SPERQFTAKINDCGYLMWHV,0.7419814682822523
WDGSQNLYFHCKTAVMPIER,0.7312900926585887
NFCYMWSEGRPAIVDKTLHQ,0.7405559515324305
YAFVCWTIQLMNDKPSREGH,0.7398431931575196
DLPHVFRGTQSIKMYECWNA,0.7198859586600143
FVRMAIWLSKEYPNQCDTGH,0.7455452601568069
QIDEVKCGALFRWNMHYPST,0.744832501781896
CVRSYTAIQDWFNKLMGEHP,0.736992159657876
AVPYQGHLWFDSCKTEMIRN,0.7391304347826086
EYFVIAQRWSHTGPLCDMNK,0.729864575908767
WEQVHRPNKDCFYTIMGALS,0.7391304347826086
EQRPLGNFWSCAVHKTIYMD,0.7184604419101924
IVSLYAGQTKFHMPRNDEWC,0.7426942266571632
KLFQGHTNWVREAPYICDSM,0.7305773342836779
NSAWMHGPITDYVQFKRECL,0.722024233784747
FWLQKMPTAEHRDNVYSCGI,0.7391304347826086
DKMFEIWQTGAPVRHCSLNY,0.7441197434069851
DTYKPMGWLFHVISRNQEAC,0.7348538845331433
QHWISTCFMARPVEGYDKLN,0.7341411261582323
HRDVGEFLMTWPQYKINCAS,0.736992159657876
EAYNFKGHMIDQTRLSVCWP,0.7213114754098361
DPSTGHIMRCYLEWQVKANF,0.7241625089094796
CRFKMLDVYASPHQWINETG,0.7227369921596579
NKYLQIWCTPFASHDGMEVR,0.7205987170349252
GCLTWDSNIHKEFAVMRPYQ,0.736992159657876
HMAIWYKNCDGTEFQLPVRS,0.7405559515324305
DTSQKRVGIAWYMCFHPLNE,0.7255880256593015
YTNMEKIFPLHSVGRDWQAC,0.7263007840342124
TWQGLPKASEFMVDYRCHIN,0.736992159657876
LKRIDVPTMQWFGNESHACY,0.7476835352815395
DQEMLTVYINPGKAFCSWRH,0.736992159657876
TRWNIGVYAPMSQKLCHFED,0.7462580185317177
EVPFIMYQGSHKNWLARCDT,0.7241625089094796
VTWDGARQKEYCPFSHMLNI,0.722024233784747
HQRCYDEPTVSWAMFLNGKI,0.7434069850320741
PYTVKGFQEWARLCMDSHNI,0.7462580185317177
WCIESLPNDFMKRHQTGVAY,0.7320028510334996
YEKGWFTPMNRSHDCLVQAI,0.7533856022808268
ALEGKRYNDIFTQWPMCHVS,0.7248752672843906
QVETHKDIRCGAPSYWLMFN,0.736992159657876
VKFPAMDGQITHYERLNCWS,0.7255880256593015
SIYWEPFMDVLNQHRGTAKC,0.7327156094084105
KANSTPHYVCMIQGDELWFR,0.744832501781896
CFTAWLSGKDRPMNEQYHIV,0.7476835352815395
AYCSDENMWRLVTQFHKGIP,0.7498218104062723
MWTNIRAEPYFQDKHSLGCV,0.7334283677833214
PDHQCAWRETIYLSGMNVKF,0.729151817533856
NRCGLWSTHVDYPMEFIAQK,0.7305773342836779
PIQAKTFWDYRENCLGSVHM,0.7377049180327869
GNSAFRWDMTQHVYEKPCLI,0.7184604419101924
HIQCEYDRWNVSMTLPFKAG,0.7348538845331433
NRQYVCATKGHSIMLWPDFE,0.7391304347826086
KCVSAGYNRWMTDHFIQEPL,0.7384176764076978
YDSVLPKRTNGMQWCIEAHF,0.7163221667854597
GLYFAKWMEQDHCNTRIPSV,0.7348538845331433
YILRTSPCNFKWGQHVDMEA,0.7277263007840342
EVKRWYNFTLGMPQIACSHD,0.7483962936564504
LWQNTVAMHKGDYFPRSIEC,0.7391304347826086
HAQPDMSTVLGRFEWCYNKI,0.7377049180327869
WTEVQDGIKLFYNSMRCAHP,0.7434069850320741
MSFDIHYVKQRCNTWEAPLG,0.722024233784747
QIHNYRDKFELMWVCGSPTA,0.7526728439059159
EQWMDVSNAKILGCFRYPHT,0.7312900926585887
ECYKSIMQTWHANRPDVGFL,0.7362794012829651
GVLTCWSIDRAFYNEMPQKH,0.7312900926585887
FNQCKEHVYDAGSITPRWML,0.7255880256593015
HPQYFWTRMCAKSDILVNGE,0.7391304347826086
ATLWPKVDNSQCHIEFRMGY,0.7491090520313614
PKLRCSINVHFQTWDGMEAY,0.7384176764076978
YTNDEIAGCPLKVQWSRFMH,0.7377049180327869
HEDMRVAIFSTPLCYNQWKG,0.7284390591589451
NCPQEYAMIWTKHVRLFGDS,0.7498218104062723
EVMRYDCHLITKANPWGSFQ,0.7462580185317177
MASCKYLWVTFPGNERHQID,0.744832501781896
MCKVNGRLFADTIYSWPEQH,0.7384176764076978
DQFMPSAEKYHNWCTRIVGL,0.7284390591589451
NPTEDFVGMCLKRYWQSHAI,0.7305773342836779
IFEHMWDSLTRGYCNAKVPQ,0.7348538845331433
CDYKQWPHAGINSMVRETLF,0.7355666429080542
HCMPAKLEITFSGVNWRDQY,0.736992159657876
GVSTAWDFEPHMNCQYKLIR,0.7384176764076978
HAYLKTCWQMRDENVGSIFP,0.7091945830363506
IKCAGLEWSTQVMYRFPNDH,0.7320028510334996
GCHDYKELQVSARTPIFMWN,0.751960085531005
THDEAPRCWKYLFMNISGQV,0.7512473271560941
GSKDLAHWEFCVIQMRYNPT,0.7198859586600143
TREMYQKIDACNHSPWVLFG,0.7312900926585887
LQARGEVMKNYTPIFHDCWS,0.736992159657876
RLFSGKTNMQDAEWIHVPCY,0.7391304347826086
CQIMFKASPYNRVGEDHTWL,0.7263007840342124
HWPLEFRDSAQGNYIKTVMC,0.7377049180327869
DLWTHIFCQESRAVGPKMNY,0.7334283677833214
LTPDCEYQVWANIHSRFKGM,0.744832501781896
TLCENSIRMQWVHFKYGDAP,0.7248752672843906
RYLCFWIGQSMVNPEAHDKT,0.7405559515324305
WEMCSHALKIRVPGYQTFDN,0.7384176764076978
VALYSCEPWITRFNGDMHKQ,0.7483962936564504
KYIWDLHPFTARNSECQMGV,0.729864575908767
EQKPARVTMGHDLWNYISCF,0.7327156094084105
HQGDCWVENTASFMRLYPIK,0.7491090520313614
NCKLGTYMIDPEVSFHRWAQ,0.7213114754098361
DQKMCNRYEVGWLFTAHSIP,0.7398431931575196
QYVKGEPFSNTLIDRMAWCH,0.7263007840342124
ARWNIMEGFQSKVTYPCHLD,0.7177476835352815
SMYPFQEGVNAWLHCKDTRI,0.7320028510334996
YWELAVTNMCHFSRGIDQKP,0.7312900926585887
SHAMFNTIGEWPQDVRLCYK,0.7334283677833214
LFPEQGHNRMCIAYTSWVKD,0.7419814682822523
LEASWDINRMFQKGTPHVYC,0.7248752672843906
WFGMTEQPSLCANDVIHYKR,0.7362794012829651
FDSMGYIKWCENTQVLHARP,0.7391304347826086
LWQYRCENGITFMKSAVPDH,0.7377049180327869
AELPYCGSFRKNMVDWQIHT,0.7305773342836779
NRQGMHVEKYSWTFACPDLI,0.7348538845331433
VFQGEAIDCKWNSPLYHMTR,0.7341411261582323
YKVEDIHFQNASRMTGWPCL,0.7305773342836779
DYRNEVFGIPMSQCKWAHTL,0.7498218104062723
PMIEHNTGVYSARDKFLQCW,0.7391304347826086
KWMTYDASCQNPVGEHLIFR,0.7277263007840342
YVDTQSIERLKNFGAHMWPC,0.7270135424091233
YVLTKMQNAHWCFSEGDPRI,0.7398431931575196
HGSVWQMNFKELCPAITDYR,0.7341411261582323
HTAEWGISNFMVRPLKDQCY,0.7398431931575196
MKWAYQNISEHPFTLCGRDV,0.7312900926585887
QSEYKHDNCMILWGRPTFAV,0.7476835352815395
EILMQSTDPAYVFNRCKGWH,0.7412687099073414
KIVEAMYHWSNLPQFRTCDG,0.7312900926585887
GWVKRMIQAYENFLTDSCPH,0.7362794012829651
LMKHPSYAFDVNIQREGWTC,0.729151817533856
LPDGAWFTSKRIQEVNCMYH,0.7434069850320741
GSAHQFRKNEIMTVPCWDYL,0.744832501781896
THIDKGLVCAPWEFNSRYQM,0.7312900926585887
FCGWKYDSIHLVTNRMQPEA,0.7327156094084105
AQLDPERVHYSKFCGMITNW,0.7327156094084105
CRHVMFQWIYEPTNLDGAKS,0.7320028510334996
IAHCRTYFWNEKMSDPVLGQ,0.729864575908767
ALSPGMKENHQYITDWCFVR,0.736992159657876
SDHVCFPGNKEWRTQYLIAM,0.729864575908767
DHQWKNPTVYFMESARGICL,0.7384176764076978
KYWTDVEMRGPFCLSAHINQ,0.7327156094084105
MWENPFYRQTGIVKSHLACD,0.736992159657876
SKVMYLPNGWIRTCEQHAFD,0.7277263007840342
WECAPTINHDRVQMSLGYFK,0.7362794012829651
RCNDITSAHFEKPMGQLWVY,0.7234497505345688
RNCFKMTGYIVLADHPEWSQ,0.7320028510334996
FTENQYCWGHSPILAKMRVD,0.7377049180327869
IWQGRNKAVTMCHSLEPFDY,0.7426942266571632
HRNQVKIDGWMCLPTFSYAE,0.7498218104062723
RHTNQPVGYEILCAWMDSFK,0.729864575908767
PIDGVECYQLAKNMFWHRST,0.7426942266571632
AGMCVHIRQEWDNKSLFTPY,0.7505345687811832
YLRHGAQVEFIKSNCTMPDW,0.729151817533856
QMYHVETICFPLKGADRWNS,0.7320028510334996
QVYEIHNLWFSKCGTMRPDA,0.7284390591589451
VKNFHQYLAEDTGIMCSPRW,0.736992159657876
PWLYVANHCQTSDIMGEKFR,0.751960085531005
ENHDAIYTWQRPSCMKLVFG,0.7341411261582323
LARGNCKSYFHWIQTDPVEM,0.7434069850320741
KRMYFVSQGCANIPLHTDWE,0.729151817533856
DVQLEWSRNYFGHTPICMAK,0.7398431931575196
ACPMSRNKHQVYDFTLWGIE,0.7462580185317177
ASTCEPIVGYRMFQNLHKDW,0.7476835352815395
AKRYQCGILPHTSMFDENVW,0.7348538845331433
PCGKVIEYLFMWRNDQAHST,0.736992159657876
INAHDYKGFSCVTRPLMQWE,0.7426942266571632
VNMIRYQPLTKDFEHCAWGS,0.7391304347826086
NVTAYEHLCQSMPKRFDIGW,0.7327156094084105
ALSIKNDFEGQTHRYWVPMC,0.7205987170349252
PCNLHGAYVDRTMKSWQFIE,0.7234497505345688
AQYMRLWKHEPNTSIGCDVF,0.7355666429080542
IMNRWGHCETVKSPQFDALY,0.7305773342836779
WTQVHYMDELCNFAKGSIPR,0.7469707769066286
YAWVCHNFTELDPRSQGIKM,0.7412687099073414
LANTHQYSCFMRVDWGPKEI,0.7277263007840342
TQVNYKEDISFMRHLAWPCG,0.7419814682822523
GFKIRAQSTMWVYCDLENHP,0.7327156094084105
WCSYTEDQNVARGMFKPILH,0.7441197434069851
AGLVHWDPKQFCRETIMYNS,0.7312900926585887
WPQRTHNYKLCMAEVGFSDI,0.7277263007840342
KIYSQRMLFVENHGAWDPTC,0.7405559515324305
YHIVWKRTMANSCLEQDPFG,0.7263007840342124
TYPMNQIFSLAHRCEKVGDW,0.7384176764076978
FSAPIDCMRQHTLNEYKVGW,0.7469707769066286
MNCRGKTVIEHFWPLSDAQY,0.7483962936564504
CNVSHGRWDFLTEIKAPQYM,0.7277263007840342
CHVMSGAPTDQYKRWFILNE,0.7405559515324305
MPLRVNDFEAITQKWGYCSH,0.7426942266571632
NWHIETPACRFKGDMVLYQS,0.7320028510334996
DIGEHWSCVRQPYKFTLNMA,0.7270135424091233
DERTQFPHVSWICMYKAGNL,0.7213114754098361
SPVCEGKHDMNFLTRAWIYQ,0.7441197434069851
NQVCHLSWMIEFPDAKYRTG,0.7355666429080542
CWNRFELYDHMKVTQGPSIA,0.7263007840342124
RDKTEYMWVPSACGHLFNIQ,0.7341411261582323
CEKFDGWLTHIYMVSRNAPQ,0.7419814682822523
NEMLASKGVRYCTIHPQDWF,0.7327156094084105
WCPDKYQAFRLVETMINHSG,0.744832501781896
ECHSYATVQPIGNRFDMKLW,0.7334283677833214
FKMSEHANYDIVTGQPRCLW,0.7312900926585887
WVIHKSPCNDMFTAQERLYG,0.7384176764076978
SWRAKGCLEFDVHPQTNYIM,0.7355666429080542
CSTKVYEMDQHWANGFRPLI,0.7405559515324305
RSKAMDHLVWITCEPGNQFY,0.7391304347826086
SIYQKMWEPCRGVHLFDTAN,0.7355666429080542
NRHGWCFPKYDMLEQIAVST,0.7334283677833214
CGSAPKMLFDRTQWNIVHEY,0.7341411261582323
FSCTILKYEGNPWDAHVMQR,0.7348538845331433
MLNFYPRGVTHKISCQWAED,0.7263007840342124
HLMYEFPCVQINGDSTRKAW,0.7284390591589451
WDYELNFKCHIRQPMTAGSV,0.7412687099073414
NWSPVGRIMDFHQLYECKAT,0.7434069850320741
NYSCVPFRGEWLKIQTMHDA,0.7355666429080542
RACSFWKEYLPVDIGHMNTQ,0.729864575908767
KNWRYDGILTVEFPAHMCSQ,0.7384176764076978
LNAVERWQSIFCKTDHGMYP,0.7419814682822523
QCYWFRATHVGNLESIMDKP,0.744832501781896
TPEYKGQRNADWHSFLVMIC,0.7533856022808268
CNHEMGSAPIRLYWQTVFKD,0.7476835352815395
RSVCGIQPHEMYTKLFAWND,0.7540983606557377
KRTECVGQSHPDLMNAFYIW,0.7305773342836779
HINEDMKAYGVCSQPTLFRW,0.7412687099073414
ITSKGCDWYRHMVQNEALPF,0.7341411261582323
SWHFIMPLQEAGDTYRVKNC,0.729151817533856
PECFSATVLHKMRIGYQNWD,0.729151817533856
LRCYWFETQVPGHKNDIMSA,0.7334283677833214
FYVRPLWACTSINGMDQKEH,0.7377049180327869
PKNFVLQSRCWHEATDMYIG,0.7320028510334996
TCMNVKPDWRSLFAYHQIGE,0.7284390591589451
DFHTYAVQSLKCNIPMREGW,0.7405559515324305
CKWMQYPAHEGDRLTSNFIV,0.7391304347826086
LWCSGTPDKANEIRYQFHVM,0.7412687099073414
ALSCKIHFMTPRQEVGNWDY,0.7405559515324305
CYKRQNVDWHSFPGEALMTI,0.7412687099073414
DISPVNTHWAEFQGMKCRLY,0.7263007840342124
AYLKEDVIWMTRFGCSHNPQ,0.7327156094084105
WHIYNPACETGFSQMKDVLR,0.736992159657876
HRCGWQDMTNFEPLVYKAIS,0.7462580185317177
LQKFIVDCHRNGSWAPEYMT,0.7362794012829651
CHAQMPKSWVGTYFREDNIL,0.7334283677833214
FICPNVYLTGSAKQREHWMD,0.7412687099073414
HWVMCPGEQSARYTKNIFDL,0.7170349251603706
NPKRLSYTAFMGIDWVQHEC,0.7312900926585887
WTVFSDEARQLCHGKIMPYN,0.7405559515324305
MWHCPITFVQSDEAKGNRLY,0.7419814682822523
EMTSRNDYWAHGCPKQFLIV,0.7320028510334996
CFHWIYMQNERTVSDPGKAL,0.7348538845331433
MCKWRYANSFEITVQDGHLP,0.7362794012829651
GNCSFEYKMRVDLWPATHQI,0.7412687099073414
GDSHCLFWNRVTKYPIQEMA,0.7362794012829651
DRAKQLHSVNYGMICTFWEP,0.7526728439059159
WTYVNQFMILSEHRGDPCAK,0.7377049180327869
FIKGWRPQHCDEATNMYLVS,0.7412687099073414
PEKLGRQSMYCIHAFNDTVW,0.7384176764076978
RCTPNLQYDFAVEKIGSHMW,0.729151817533856
PISAGYWVKQTMFCNDERLH,0.7483962936564504
YRTNLSGPHFQMDAWKEICV,0.7163221667854597
AWSYIKDRQCNVFEMLPHGT,0.7412687099073414
CDKIAHGWFPTMYEVSNQLR,0.7462580185317177
WDYSAECTIHVGPQKRLMFN,0.7412687099073414
TQPAILFMYVGENSCRWHDK,0.7498218104062723
WPHAQEMCGRITDSLYVFNK,0.7391304347826086
WFPCIAHGSQRNKYVETDML,0.7341411261582323
KVLQCMDSRENWATPFYIGH,0.7498218104062723
GTRFVIDQLWNAEPSKHCMY,0.7398431931575196
HGTMNFKCIYPLWREVAQDS,0.7248752672843906
WSKMEHACDYPVNLGQFITR,0.7398431931575196
TNREWHCSADGMLKQYPIVF,0.7377049180327869
MWALCSFKHENPRYIVQDGT,0.7391304347826086
VCWKFNHDISQATMLGREPY,0.7441197434069851
QWAYTSFVGCMRPIKLDHEN,0.7441197434069851
KAIGPWQDNREFSMHVLTCY,0.7362794012829651
ILMCEWQSPNDTYVAKHGRF,0.7270135424091233
RDIMYQVPNGASWCEKFLHT,0.7334283677833214
LECQTPSWNVMAIRHYDKGF,0.7320028510334996
VKGETALDNHYQFRCIMPWS,0.7334283677833214
DGAYSTRLMFHEKWPIVNCQ,0.729864575908767
RPNKMQYLCDATIEVWFSGH,0.7355666429080542
IPQYERDLKTFHSNAWMVCG,0.7491090520313614
IRHYECSVMDNFPKWQALGT,0.7405559515324305
MGKSQHAEDFLNCPIVYRWT,0.7483962936564504
VKEFMDNACGYSTQPIRLWH,0.7312900926585887
RSFHPDKCVQENWTMGAYLI,0.7391304347826086
SPEHVQWNDFLCMKIAYGRT,0.7305773342836779
RHQALFNCGDVMPIKSTWYE,0.7348538845331433
RVIPQKDAWMNCLTGSFEHY,0.7548111190306486
GHKWCEQPLMYISRFDVTNA,0.7305773342836779
NDGTMRPALQWKCSFEIHYV,0.7384176764076978
KIMAPSWCRDGNQLYFEHTV,0.7426942266571632
YFLIEQACRPTSNHGDWVMK,0.7377049180327869
YLDSTMFHWGKIPAERNCVQ,0.7405559515324305
HDRWVYQPSEAKTCLIMGNF,0.7263007840342124
ATYGFQSKCEWMNLRDPVHI,0.7398431931575196
RGEWCNPTKFASYHDVLMQI,0.7248752672843906
RSDILGWMEYKVAFPCNQHT,0.7263007840342124
KADMETIFCPQGLSWYRVNH,0.7377049180327869
MPQCSYFEWHGATVKLRIND,0.7426942266571632
MCPYRHGKVDIELTSNAFQW,0.7327156094084105
YFEGPIKCNHWAQVDMSLTR,0.7455452601568069
MWQLDGHPNFEVSYIRATCK,0.7227369921596579
NSDAERFLQWMGCTKIYVPH,0.744832501781896
LGAQYRDHCNIPWEKSVMTF,0.7405559515324305
NQSIHGTYECALRVWMKPFD,0.7241625089094796
DSAYQCIRPETVFNMWKHLG,0.7398431931575196
EDFMNPIKCQHVASGYWRTL,0.7391304347826086
SEAIMVNLCDFYRKTPWHQG,0.7270135424091233
MPRALKVYHQGNTDIWSECF,0.7284390591589451
SFDTQHPCMWRANKEILYVG,0.7412687099073414
EWLHASTCIKQNYDVGMRFP,0.7320028510334996
FMQILEYPCHTWRVDASGKN,0.7312900926585887
DRATFNPWHVSMEKYGCQLI,0.722024233784747
AFGDNICRMPYHKLQVTSEW,0.7312900926585887
IFQGYAHTWMEVKRPSNCLD,0.7270135424091233
MDKFRGNHCLASWPTEYIQV,0.744832501781896
VWEHFTPLDSNRIKYMCQGA,0.744832501781896
YQARPKDENLTFMIGWHSCV,0.7505345687811832
RNPVKCIMFDGLTQASYHEW,0.729864575908767
FCGMYLDITHEARNWKSVQP,0.729151817533856
VCGRPYLEDSKFQMAHNWTI,0.7469707769066286
TAIENHFSWYCKRVQPLDGM,0.7362794012829651
IGRASHDKTQCWPVNELMYF,0.7327156094084105
HPIVGCTWEKYASMDNLRQF,0.7419814682822523
WGDCSAVMPITKHLYQERFN,0.7348538845331433
VFPHSACMDGQETNILWRYK,0.7455452601568069
NREWKHVSPLDGCYQTAIFM,0.7341411261582323
CSHRWGFTPMNIEALKQDYV,0.7405559515324305
QNDMCHYPRFWTKLIEVSGA,0.7419814682822523
VAWSHGLTCEYNRKMPQFDI,0.7191732002851033
YMNAKSEWGHCQTVFPLRDI,0.7241625089094796
DMEKNHQYGRPFISTVWALC,0.7312900926585887
MIQEWTSGRAHNCPVYDLFK,0.7312900926585887
FLEQWCARNYIVHDGKMPST,0.7305773342836779
KLVQMTGRFANWEPDIHSYC,0.7327156094084105
PDTRWGYAMQHLEVCNSFIK,0.7362794012829651
QWGNIRFMTYSKHVDPCLEA,0.7426942266571632
LWNFQPVHYRSTEDAMICKG,0.722024233784747
VATNFQCPLRGESDHYIKWM,0.7284390591589451
PHDTNEQWMCRSVYLKFAGI,0.7377049180327869
AVRWGDQTFHELKSYCNMIP,0.7391304347826086
SMFRTHNCIQDLWAGPYKEV,0.729864575908767
RGCIWEPMDQVTSNHYAFLK,0.7234497505345688
VPMGNHKWFSTYLAIEDCRQ,0.7320028510334996
HYNPKVQRETADLFCIGSWM,0.729151817533856
WCQRPVEMHGALDNFSKYTI,0.7362794012829651
DHWNVPCQMSETRFAYGLKI,0.7412687099073414
NCATWVMISRDGEPFLHYKQ,0.7419814682822523
CTFDISHMWLQGRVNAPKEY,0.7341411261582323
AKDSHNRLPVFGWQTIYMEC,0.7441197434069851
IRMSHYTEPFQVNLACGDKW,0.7391304347826086
KEYSQPGVIRTHADFLNCWM,0.744832501781896
KEPRLIYNTFMVGWHDCSQA,0.7412687099073414
GESIMRTHWVLAPKDQYFCN,0.7213114754098361
EVDNMLTWIGHAPRCQFYSK,0.7391304347826086
QHSKWRVMPFLYTCAEGNDI,0.7341411261582323
EDPNHQLIFCTSRMGAWYKV,0.7305773342836779
GYRTNIHDMVLWQCEPFSAK,0.7455452601568069
ILQTSEKDVCGAHPMFWYRN,0.7348538845331433
NIHVFLDESGWTAQYMRCKP,0.7412687099073414
IRCGMSLWFTHPENVQADYK,0.7348538845331433
SHNWTQLAKGPIMCDFEVYR,0.7263007840342124
NEDSYPQCGTMFAKLIVWHR,0.7512473271560941
FGYEAHNLRDSICQMTWKVP,0.7398431931575196
DSQPAMHIVTLFKWEYGRNC,0.7462580185317177
GMKISDFPLNREAYWCQTVH,0.736992159657876
FECAGRWSHQVDMNPLKITY,0.7312900926585887
RPLDKEHSGFTQIMWCYNVA,0.7327156094084105
INHKQYSFLTPRMVEACWGD,0.751960085531005
LFVHANMDKIRGEPYCSWQT,0.7476835352815395
PVECQHWGASKRNLDYFMTI,0.7441197434069851
YSIRKCQAHEGNMTPWLDFV,0.7305773342836779
TYNRHEPCKWQLIVAMFSDG,0.7355666429080542
NWVSLTEQPAIYDCHKGMFR,0.7327156094084105
CQPSWNMDEFALYKVIRTHG,0.7334283677833214
KFDLTYEMAWCPQHVRISGN,0.7270135424091233
RYSNQFEWTVIPADGKHCML,0.736992159657876
YTRSHCMEIGLNAPDQFKWV,0.7533856022808268
ICWHYDTPVGRANKLFSQME,0.729864575908767
KMDSLPIGATFNRQCWVHEY,0.7434069850320741
MTLWAEFCIDHSRNYQGVPK,0.744832501781896
QIYKRLVFNMSHEPWACTGD,0.7419814682822523
IFEHKYSQRTLCMDNWVGPA,0.7398431931575196
LCIFGEQYPAHSVDWKTRMN,0.7255880256593015
QYFRSALCPKGIEDTHVNMW,0.7312900926585887
NLATVPGRHDWCQKSFEYMI,0.7391304347826086
NCWVQKTMIGEAHFRYLDSP,0.7305773342836779
FGEHQDCRLSKVITMPYNWA,0.7362794012829651
QYNVFRKHLITWMCPAESGD,0.7526728439059159
RKEQALITGHCFSVMDWPYN,0.7434069850320741
NRWISKPQDHGTYMVLCEAF,0.7391304347826086
NGLFECMVRQIYSAWKDPHT,0.7327156094084105
MWYCSITQDPVLHFEANGRK,0.744832501781896
NPFRSQLGACHMYDWVITKE,0.7391304347826086
MKRWEQCFVLTSYGNHDAPI,0.7540983606557377
MENTPQWFCIAKRYSDHGVL,0.7398431931575196
LCEPKWVNFYRHDGMAQSIT,0.7263007840342124
RYQHLFAICVTNKWDESGMP,0.7334283677833214
SKVPEQGLMRYTACDIWHNF,0.7362794012829651
FGQDPTMHLNICAEVYRWSK,0.7377049180327869
MHPCKILFTQDGSYRNWVEA,0.7355666429080542
YLRENKGAWPITSFMVQDCH,0.7505345687811832
VLTEIPRMDQFYHWNKGSAC,0.7391304347826086
SQDCFGYEKMVANLWRITPH,0.7312900926585887
ADTNKFGQILPHREYVMSCW,0.7134711332858161
RCPDFTKVWELMNIYQHSGA,0.7198859586600143
HYGMKAQRVSTPDCNWLEFI,0.7263007840342124
CFEDIQKRLAHGPNYMTVWS,0.7391304347826086
PTMIQYNDRVSKEAGLFCHW,0.7391304347826086
ENPLIQTDSYKVHRGWFMAC,0.7391304347826086
CDSQPYNTKGRVHAMEIFWL,0.7334283677833214
IDEVYLMSFNCAKHGQTWRP,0.7362794012829651
MGTPCDFVELRSNYWKQHAI,0.7483962936564504
AVTKPQYINWDFLCEGSRMH,0.7355666429080542
ESNKMFRTYVHCAGLWIQDP,0.7540983606557377
IDGRHEKVCQFLWSYANPTM,0.7312900926585887
CPLRFMDEQISAKHTWVNGY,0.7348538845331433
NHRDAEGWLSIPFVQMYTCK,0.7362794012829651
YILVQHCMDKSWGTARNPFE,0.7248752672843906
LQNECDTYWHGSKVAPIFRM,0.7505345687811832
TWKQFELMIDRNCSVPAYGH,0.736992159657876
CWKQHLRYGAIFESNMTVPD,0.7398431931575196
TRPCDHNFLGMWAVIKYEQS,0.7434069850320741
TSELKQIWRVYHPCGDAMNF,0.7426942266571632
FRMETQKIWYCNLDASPGHV,0.7312900926585887
CLFWMGNYIHSAVRDTQKEP,0.736992159657876
NRPTMEDQHIFWLYKGVCSA,0.7419814682822523
IHNVKEYAWSMDQTLFPRGC,0.7305773342836779
FYWNHTCQGERPDLIKSVAM,0.736992159657876
PIKYQRHNLSDWAFCETMVG,0.7362794012829651
VLGKNQMPSRYDFTEAHWCI,0.7341411261582323
KHQAMCGSVFPRNEWYILDT,0.7327156094084105
IEDWHTLGYNSRCPQMAKFV,0.7312900926585887
PLKESCWTNYRAQFIDMGVH,0.7234497505345688
KRSEGWQNYFVLTCPDHMAI,0.7512473271560941
YMKSNVTLRPGICFQAEWHD,0.7434069850320741
WRQPGTCYNEVHFDSMLIKA,0.7320028510334996
KAGLWISDYHMQEVNTRFPC,0.7248752672843906
AIVYSDLHTWEGFRPCMQNK,0.7234497505345688
PGAYQKRDVISLWMEFCTNH,0.7355666429080542
ANCSHQGIWPKMTDVELYRF,0.729864575908767
EICYQDRMAPHKGNVTLFSW,0.7483962936564504
FPSGVYETLCKHIMWARDNQ,0.744832501781896
ATKDMFQPSGEHIRNLVYCW,0.7284390591589451
ILEDCNMYGPSKRHFWQVTA,0.7334283677833214
RADTGLWHNSCIFVMPEKYQ,0.7405559515324305
IACMFWYPSETDNGQKVLHR,0.7362794012829651
QNCLWSKATEDGHYIRFVPM,0.7419814682822523
EGRNMITWFDVPLCSAKYHQ,0.729151817533856
DCAKRFTNVLQWHEMIGYSP,0.7491090520313614
HIDLRPMGQCSYAKFEWNTV,0.7248752672843906
AEMKPHRVWYTDICFNLSQG,0.7284390591589451
NFAPSCVDWEYTRGIQHMLK,0.7327156094084105
LTFEAPVDNWCYGKRQMHIS,0.7426942266571632
VFKGTMSYPQNWHCDLAIRE,0.7384176764076978
KDNTLICMHQYAGFSVPWER,0.7334283677833214
CSDWQMNRHPETIFVYKLAG,0.7270135424091233
KQSHWGRECTNADPILYFVM,0.7327156094084105
AQFRKNVTPCLWGHYSMEID,0.7284390591589451
RAFNCDVKYHGMTPWQLESI,0.7362794012829651
FWATYGRSPCIELDNKVQHM,0.7462580185317177
QNLRYHWPCEIDVGFSKTMA,0.7405559515324305
KIDRGWYVSCFNLTAHMEPQ,0.7305773342836779
QEGNMLSWKTPHCFDAVYIR,0.714183891660727
MTVFKSQEWNPYAIGHLCRD,0.7362794012829651
DMFIQHWYCKVGTSPARLNE,0.7419814682822523
YPKDAFTCEVGLSINRWMQH,0.7312900926585887
PMWFDQEIVAGNTKCRHLSY,0.7362794012829651
NYKLIAVTPMFREDHCGSWQ,0.7505345687811832
TCMLHQWYIGFDKPNESARV,0.736992159657876
QDFWSEPAIKRVNHYCLTGM,0.7476835352815395
QSKEDCTHVFGLPRMNYWAI,0.7462580185317177
MSIDHCLRVYWFNKQPAGET,0.729151817533856
FCNQRSHLTEWGMYPDVAIK,0.744832501781896
TAFNKPLEDHMSVCRYGIWQ,0.7277263007840342
KTCIHQPRSYWEVLGDNAMF,0.7341411261582323
IEDYHAVQTSNLKCMGFPRW,0.7312900926585887
KICLSVEHFTNQWAYRDMPG,0.7234497505345688
WKIDMFSTAPYRHCQVGNEL,0.7270135424091233
HFQLYPTGCSNIEMAKWRVD,0.7191732002851033
SQPYNCTAKWFILDGHREVM,0.7277263007840342
QECGMVYANSLIRDTPWFKH,0.7355666429080542
HQCAGEKYNWMFIDSRLTPV,0.7391304347826086
VIMLRTQGHNPFWDEAKYCS,0.7334283677833214
CERPWGSAHVYQTDKILNMF,0.7327156094084105
CAISLHWPYTRFKNMGDQEV,0.7405559515324305
RCPATMNWIKLFGYSHQVDE,0.7419814682822523
LMVYFIHANQETWDSCGRPK,0.7341411261582323
DTRYEVWAFLINKCQHGMSP,0.7377049180327869
TCLIWKSGHPAQRYDVFEMN,0.7312900926585887
DLQCKEPGFRTHWAINYVSM,0.7227369921596579
GYWQDTFAKCEPVILHMNSR,0.7391304347826086
MGDKHYPSFCLVWNEITQRA,0.7377049180327869
EDPLRQCWIYHKVATNMGSF,0.7277263007840342
PCMKNDFYQETSLAGVHRWI,0.7270135424091233
GHYVCWANFLIMKQRSDPTE,0.7441197434069851
DVCPRYHNLSQEIWKTGFAM,0.7327156094084105
VDKPINMAELWRFSTGYCHQ,0.7405559515324305
SPDVINFTKLCAGHWQMYRE,0.7312900926585887
MKLPVEWRDFTGAQHCYSNI,0.7377049180327869
DQARTVSGEMHFYICNPKLW,0.7434069850320741
IHYFPVWREKMQSCGALTND,0.7177476835352815
MHGDWLCKFNAQESVYPITR,0.7320028510334996
CLIGFRKAMTVEYHWPNQSD,0.7334283677833214
IQYAFLCWEVGMSPHRDNTK,0.722024233784747
WLRIGVCADPQMNETYSKHF,0.7377049180327869
LVWCNKEDPGHYSFRQATIM,0.7441197434069851
FTWYSMCAGPNLQEHRKDVI,0.736992159657876
DMNGWIRSHTPEKVAQLCYF,0.722024233784747
IDHECMNLGYRWKPSTQAFV,0.7248752672843906
EFPQCNKVWAHRLMSIGTYD,0.736992159657876
PSIRCLKNTEAVFDGHYMQW,0.7284390591589451
HELQSGKAWVMYITRFCPND,0.7462580185317177
DFVCNRAKHGIELMSTWPYQ,0.736992159657876
LFDHQMVTKPIACSEYGNWR,0.7419814682822523
SLCNTQYFVRWDAMIHEKPG,0.7384176764076978
REAKCWTDPQLVNMGYSIHF,0.7348538845331433
EVQPACLGTNKWMDRHFIYS,0.7234497505345688
ALTFKDWGQCYSENIHVPRM,0.7384176764076978
NWMFHAPVQDTKSYIGLREC,0.729864575908767
RYHWFLVPNKSCAGMTQIDE,0.7277263007840342
FLRTNYCEVWKGHMPADQSI,0.736992159657876
ALCYMDFPRGNHTESKVWQI,0.7248752672843906
CKDEAITMQFSYNPGLHRWV,0.7341411261582323
GDRVNYLFAEHMTWIPCSKQ,0.7377049180327869
DNVAHPFKYRQTWSMELGCI,0.7320028510334996
GLTSFPMQRHCIKVEANWDY,0.7213114754098361
TLGVQSPYFRWDAIKCMEHN,0.7320028510334996
MARIQEDTKNPGYSWLVFCH,0.7462580185317177
NFSATPQIDVKRGCWYLMEH,0.7241625089094796
GHQRPSTDCMYIVFKAENLW,0.7270135424091233
ESQCWFYKMTGPHINRLVAD,0.7362794012829651
FVPWDLHIAYQRCKENTGSM,0.7441197434069851
GMNWQFEYLKTRCDVSIPAH,0.7305773342836779
CANHGETPVYDWISFMRLKQ,0.7405559515324305
IHGERALQFMPWDSKVNYTC,0.7312900926585887
WMKYISTHQFVCLDPNGERA,0.7113328581610834
PLVHSYIMCFNQDTGKREAW,0.7227369921596579
WKYCDARQIVHLFTPMNESG,0.7498218104062723
CGPTFISMWYVEDRAKNHQL,0.7170349251603706
PYDCLEAVQINTMGWKRSHF,0.7398431931575196
CDRLQWHPTSIENMFGVYAK,0.7455452601568069
RFLEDQSYMPVWCHANGKTI,0.7569493941553813
KPFWNCESVYGATMIRHQLD,0.751960085531005
YWEHACMSKIGTQRLVDNPF,0.7405559515324305
EFRWVQKLDCASGMIPYNHT,0.7305773342836779
AEFPSDKWVTHQMYLNRGCI,0.7398431931575196
IFVLGPYDRSNATKEWHQCM,0.722024233784747
QYGIWVEAKLTDRPFNHSCM,0.7398431931575196
MKHFVNGWEQYRCLASDPIT,0.7263007840342124
SRYGELKPFCIQHNAMWTDV,0.7234497505345688
AYFWIPRVEKDLMSNTQCHG,0.7312900926585887
CRIYDFSLHKGEWMVTAPNQ,0.7327156094084105
GTCFNDLQRYKVSIMWAPHE,0.707056307911618
PLAEYIKHVSNGMCDQFWRT,0.7398431931575196
WYRLCEQTIHNASMDVKFPG,0.7398431931575196
VATCNQKLFSRGWHIMEPYD,0.729864575908767
VGQCIHSNDLRMEAFWYKTP,0.7419814682822523
YCAVWINGTHFRSLEMKPQD,0.7398431931575196
TWRQDCVHLSKNYGIFAPME,0.7483962936564504
NFWPTSEKGVAHQYDMRLIC,0.7419814682822523
PIYWSELQAMGRKCFVTHDN,0.7355666429080542
DICVAYKLETMHFWSQRPNG,0.7348538845331433
KYMHQTVRCPDFSLIWNEGA,0.7348538845331433
KTSLAVMPGFCHDQYNWERI,0.7327156094084105
LATDKMSYHGIRPFEQWVCN,0.7462580185317177
LKRFYWNGIQTAEDSMCPHV,0.7327156094084105
MIEVRYLDWAPFGNCQHSTK,0.7320028510334996
PGVLSCAQRIMEYDNKTWFH,0.7362794012829651
CIYVDERKFPGSNLAMHQWT,0.7426942266571632
VFTDIASHWQREKYPNGCML,0.7312900926585887
CPYSDVLWQIEGNRMAHKFT,0.7177476835352815
QKWCLYPDGFNATIHMVRES,0.7462580185317177
ARFLNIHYDCSEGTVKQWPM,0.7384176764076978
SIQDGNHVKWLMTRYCAPFE,0.7426942266571632
DKRILTQCNFMPVGESYWHA,0.7377049180327869
TNPEWSKHCIMLAVGFDQRY,0.7434069850320741
FKGCRLHAIEQDNVYTWSMP,0.7405559515324305
ARYKTCNHQPGFVDEIWMLS,0.7426942266571632
MIREGCVSNKQPTYWADLFH,0.7277263007840342
EVQMGDKWFTYSANIRPHLC,0.7426942266571632
CAVSWFQDLTKEHIRGYMNP,0.7355666429080542
TGCNEFDMKVIYQWRLPSAH,0.729151817533856
WYMPAITHLQSNCKRGFVDE,0.7348538845331433
GKVAMTPNRIHEYQFWCSDL,0.7191732002851033
GYCPWDQNAHRLSVFTKMIE,0.7441197434069851
PMIECRHDGYQFVLTSNKWA,0.7526728439059159
CLMYKFNRDWVPEIASGQTH,0.722024233784747
GWQLFDIAKVPMRETSNYHC,0.7163221667854597
MSLAVEFTCNGIYPQWKHRD,0.7384176764076978
FIQPTNGVLSMAKWHYDECR,0.7327156094084105
WKQIRYSDTFPLEVCAGMHN,0.7476835352815395
KESDIPNCFHYWQVTGLRMA,0.7327156094084105
VDAPCHIGSFNWKRQELYTM,0.7270135424091233
DQFLRCAGMHWVYPSTEINK,0.7391304347826086
VYEWDFMLSKICQTRHANGP,0.7284390591589451
ADVMNSTGEYLPCIHWFKRQ,0.7419814682822523
RYADTMHLCSEFGVPIWQKN,0.7412687099073414
AYQIDKFPCSEHMLTWGNRV,0.7419814682822523
ERYTHQSCKIWFAGVMDPLN,0.7441197434069851
IQYHAWSFKETLRMCDNGVP,0.7391304347826086
QVTNGHCLEKYMRPFWIDAS,0.7234497505345688
INCVLPFMSKAETYHRQWDG,0.7384176764076978
YPNDWELIQCKVTMGARFSH,0.744832501781896
PVWTHARFLMDYNESQGIKC,0.7412687099073414
MTRPKNAVDHSEYFCQWLGI,0.7327156094084105
NYQFWIRPGATMEHDLCVKS,0.7526728439059159
CVWMTERPHQFSLKDGYAIN,0.7412687099073414
TVKYIAPLWFCGENDRMQSH,0.7462580185317177
RFWSHDKPEGQIVTLAMNCY,0.7476835352815395
MYRKQLWAISTFENVPCHDG,0.7412687099073414
EFHVLWGPRMSCKYQIATND,0.7327156094084105
LWMGSYDEPQNHRATVKICF,0.7384176764076978
ACIWMPTFDYNHKVEQLSRG,0.7419814682822523
FELRMPWANVGYKTHQDCIS,0.7441197434069851
CRVDSKENFMLYPIHWQATG,0.7512473271560941
TDMEGPSQCFHYINVAWKLR,0.7355666429080542
GVEPHSNKIWYMLFDQCTAR,0.7320028510334996
DVLMRWIFANGQKYPHETCS,0.7362794012829651
VFDHSTRLNWEIKYPCAMQG,0.736992159657876
VQASWCFYRMDIGNEHPLTK,0.7277263007840342
PSVMHKWLATQIGNREFYDC,0.7384176764076978
QAGPKHYMLCTSNRVFWIED,0.744832501781896
CEWTPYLRAGHQVMSIKFND,0.7348538845331433
CGWQNKMEFLVSHRDIYTAP,0.7391304347826086
VFRIWSLPNAGYTDCEQHMK,0.7334283677833214
KTYQGVDEIWLPRSANHMFC,0.7284390591589451
KDQNRCIFTEYGWPVHALMS,0.7512473271560941
EGIFWRKMVLYHQTDSPANC,0.7305773342836779
MAPDQHNLYTKCGWERSFIV,0.7455452601568069
RVFLAHINTGQCMWSEYKDP,0.7334283677833214
CSPMEQDFKVYTAGRLNHWI,0.736992159657876
KFTLMNQRAWYPGVHECDIS,0.7441197434069851
AEQVPLNDRCWHIMFKTGYS,0.7320028510334996
ILQTFEKHCGRWMAVNSYPD,0.7341411261582323
QKNEVRGSWHMCDPIYLTAF,0.7348538845331433
VKDFSITLAQMCHENYWGPR,0.7327156094084105
VYMTDHAFGWKPERCLNIQS,0.729151817533856
DTPLRCEHGSFIVMNQKYAW,0.744832501781896
YLCAHSKQITVRWPMNDEGF,0.7405559515324305
HFYDCRAITMGKSQELWVNP,0.7426942266571632
CHEWLYNIDFRTKQSVPGAM,0.7441197434069851
VMFPKTLGCAWRSQIEDHNY,0.7426942266571632
CRADFWPVNTEMSIGYKQHL,0.7270135424091233
YMRTISDKQGPCLWEFANVH,0.7434069850320741
FQEVGPMNTSHWLRAICKYD,0.729864575908767
WQDAYEMLRNHKCTFVISPG,0.7334283677833214
KAGVCYMRDSPNLTWHEIQF,0.736992159657876
SLAVGWHNQFCDTKIYPMRE,0.7277263007840342
YSLAEDITWRCVKGHFPMNQ,0.7198859586600143
IEDPCQKFRLYGHWMSNATV,0.744832501781896
IMQPVLDCSEFAKWNHGYTR,0.7355666429080542
SVEGYMILTFWKPNCAQHRD,0.7398431931575196
EQSMHPWDNIFTRYLACVGK,0.7426942266571632
CSKTQHGRPLWNVAMIYEFD,0.7255880256593015
VNSRDCLHGEPFTQIMYAWK,0.7462580185317177
PRCSYETQDIWLAFMVHKNG,0.7270135424091233
AFIMHTKDPEQGYLWVSCRN,0.7384176764076978
ADIFYTCGWSVRKNEQMLPH,0.736992159657876
VKPTQGLFHWYMCIRDSENA,0.7398431931575196
WLHYQKGCEAVRFDIPTSMN,0.7341411261582323
SLNAVWGDEYHQFRMCITPK,0.7462580185317177
TNQKILVGMAHFYDPRWECS,0.7469707769066286
LEMFHCSWKVNGRDYITQAP,0.7255880256593015
KWEYLHPIAMDQNFGSCTRV,0.7341411261582323
YSNPRATKDMQFVCHLIWGE,0.7384176764076978
MTNRPGWQIYSFDVHAECKL,0.7355666429080542
HYIANLSQMGKTPCFVWDER,0.7284390591589451
RDFSEMKGWQILHCTNPYAV,0.7355666429080542
WVHAKNGEFCDYRPSLTIMQ,0.7405559515324305
SFVITRMCDWQYNGKLHEPA,0.7405559515324305
NWFIPRGYLKMVCSEQDATH,0.7377049180327869
IHYMQNAGPFRCVLDSKETW,0.7284390591589451
RIGVNKAHDTLQFCYMEPWS,0.7377049180327869
WNRLSEFDKAQGVPTHMICY,0.7405559515324305
CPFDYMTQWKRNSAIGLVEH,0.7327156094084105
FWQELHTKMPIAGNVRDCSY,0.7277263007840342
IVERTCLMAGNSQWKDHYFP,0.7327156094084105
FKVCNYGDSQHLWARMPITE,0.7327156094084105
ETMFGVWQSCHNDYARIPKL,0.7334283677833214
SHCIVAWPNLTKQGRDEFMY,0.7355666429080542
QIAGYHPKDMRNVSTFCLWE,0.7405559515324305
NKCFITVYMSDRWHLEGPAQ,0.7305773342836779
EAIDQNGHSVTRMWKFCLYP,0.7405559515324305
PHNWCKAMGRFYVTSEQIDL,0.7312900926585887
CYNASHPGTWQEMDRVLKIF,0.7184604419101924
ECHRTNDVQLMWKSAYPGIF,0.7384176764076978
IGHPYELMCRNKASVDFQTW,0.7355666429080542
RACVLWHSKTIMPGDNFYEQ,0.7284390591589451
TFMDRVIPHSKQCGAELNWY,0.7426942266571632
LKYVTRMGCWQAPDEFHINS,0.7348538845331433
SDVFKEQTYRPINMAWCGLH,0.7263007840342124
NYFQCSMDLVAETIPWHGRK,0.744832501781896
HQLTVMISDYWFRCEGKPAN,0.736992159657876
SVETRKDPNMGFLYWCQAHI,0.7426942266571632
LAFNQHVKCGIEWSTDYMRP,0.7334283677833214
YRFSCVQKTLHENMPWDIAG,0.736992159657876
QVRPHITNYEKGALFWMDCS,0.7348538845331433
IKLQEYTMSRVWNADGPCHF,0.7412687099073414
YMFDHARCLVTSWPIQEGNK,0.744832501781896
NSCIYLFDKPGTMRQAHWEV,0.7512473271560941
FDPTVHAQLYGRNMSCIEKW,0.7491090520313614
RPDTIHAWSLQNKFEVMYGC,0.7377049180327869
WPKHDQELFNARIMSTCYVG,0.7562366357804704
IQVRMFACKELSDWNYPGTH,0.736992159657876
IHPAFMEGCRSYNTQKLVDW,0.7213114754098361
QMVSLRDTINWCKFGPEAHY,0.7213114754098361
KLHGIYWTECQPVMNFARDS,0.7412687099073414
ADCIEWTYKGSHQFNRMVLP,0.7277263007840342
WNFDGKVAPMRQYLCEISHT,0.7213114754098361
QEWFCHYKPAVIDMTRLGNS,0.7263007840342124
TVERIWSKQHNYCFMAGLPD,0.7391304347826086
IYMFKHRNVEAQTCLPSDGW,0.7334283677833214
RKGHYLPDSMFIETQNVWAC,0.7362794012829651
NMIGVHRDYFLTQECSKWPA,0.736992159657876
PFSCNWELYGQKVHAIMDRT,0.7227369921596579
SRLMCHQYTKNGVPWDAIFE,0.744832501781896
LNQYICVEMARFKSWDGTPH,0.7455452601568069
RIYKPFADSECNLMVGQWTH,0.7426942266571632
INMKFDQWETVSPARCYGHL,0.7255880256593015
IGACEVYRNQTDHPLMKFWS,0.7419814682822523
NFEGHRWLMDVSYCPTIQKA,0.7434069850320741
QPTCKMYVWINERHGFLADS,0.7270135424091233
PEKYMHTVNIQRDSLACGWF,0.7191732002851033
QMFKCLTARIDGNPESHYWV,0.744832501781896
VSNWIMYDFCQKRAPGHTLE,0.7384176764076978
RIHLMCWTFNDQAPKSGVEY,0.7498218104062723
MYTFNELSVQPCRAIHWKGD,0.7191732002851033
VNTADGSYIMLEPFHKWRQC,0.7348538845331433
MINHQEPGSKCLFDWYATVR,0.7327156094084105
LCWEMNYSIFKHGDPRQTVA,0.7362794012829651
DGFTMVYWEISPLQRANKHC,0.7398431931575196
PTVCMALDSEGNYFWHIRQK,0.7263007840342124
DFQEKTHYWNMIGARVPSLC,0.7355666429080542
GSNIFVHTRYCWPDALMKQE,0.7277263007840342
CAGMEVFPSKYTIRWLDHNQ,0.7362794012829651
VFHTLQSMYRCNEPAGDKIW,0.7284390591589451
RLHNATCEIKGSWQPYFDMV,0.7469707769066286
SEKLHAMIGFDQYCWNRTVP,0.7270135424091233
CEQWVSLFKRPHMNDIYATG,0.7320028510334996
GTEKRMVPLIDHWFNYQCAS,0.7469707769066286
AMTCYIDPGQSKHNWELRVF,0.729864575908767
DLFCYVNAMQRSIHEPTWGK,0.7327156094084105
QLKDPYENRCVHSITAMWGF,0.736992159657876
WVFMLIHDGTQKERYAPCNS,0.744832501781896
LRWIKTPQMVASCHNFGYDE,0.7476835352815395
YCTVDWAFQILNKGSPHREM,0.7227369921596579
VLMPHANYKIDSRWQFCTGE,0.7184604419101924
DHYEPANSKITMCRFWVGLQ,0.7476835352815395
MLWIYCGSFNKRPADQTHVE,0.729864575908767
PRFTEHKQYANLCGVSIWMD,0.7491090520313614
VAKCFSWLMPGENDYQHITR,0.7255880256593015
CHQWEYLMKDPINRFSTVAG,0.7334283677833214
PCWEYLIRTKVDNGHSFMQA,0.729864575908767
LHQPMECVFGRKWNSDTYIA,0.7391304347826086
MWSCTIKAYFQVPGLHNEDR,0.7377049180327869
GRNIFVMKTYECPHWALDQS,0.7377049180327869
NMRVEYFAPQSGKHTIWLDC,0.7327156094084105
ANMGIWESKVDYRCHTQFPL,0.7277263007840342
KMRQLDIPGENAHTCYWFVS,0.7341411261582323
ICMWSKNFVPGTLHRDYQEA,0.7491090520313614
CVHMDPGIKRYTNLEAFQWS,0.729151817533856
QFCIRWAYHDLNSVEPMTKG,0.7348538845331433
IAPFDGNTRQKCEMWHSLYV,0.7377049180327869
VGTHIYNLQEKRFCWPDSMA,0.7441197434069851
ACSFQKVRPEWGLDMHNYTI,0.7320028510334996
AMFSLQGWIDTEVPHRCNKY,0.7441197434069851
VPWKLQGYFSICNDRAHTEM,0.7312900926585887
HTCWAIQYSVEDPLKNFRMG,0.7426942266571632
LDVTNCGFKYEPWQSHAIRM,0.7348538845331433
PRNSDETLHQFIAMYGCWVK,0.7419814682822523
YRTHMWFCGSIKNLQEDAPV,0.729864575908767
MPASHELYQFKNDRCGTIWV,0.7320028510334996
VDQLIGHYAFPNKEWMSRTC,0.729864575908767
IFPGKLRAVTDEMSCNHYWQ,0.729864575908767
DLCPGTKAHMSNEYVRIQWF,0.714183891660727
RYFDVGHQWAIPKETNLMCS,0.7312900926585887
VDANKPIHTGCLMREQSFYW,0.7305773342836779
NQWYKDMVCLGATRSEFHIP,0.7419814682822523
MARPFYINEVHSKGDQTLCW,0.736992159657876
VCRGLWTNYFEQKDPSIAMH,0.7277263007840342
EDGVANCRWYIHPKSQTMLF,0.729864575908767
QHNTPACLGFIDKYMEVRSW,0.7320028510334996
PQSWDECRKVILAMHTYFGN,0.7398431931575196
RWFPAVMSENTIHDLCGQYK,0.7398431931575196
IVGEDSLPWYQATFKHCMRN,0.7362794012829651
TIYGFVSENDHCKAPRMLWQ,0.7355666429080542
QTNFRAYPGWEMKDLHVSIC,0.7227369921596579
SFWNPLGRMDEATIQYVKHC,0.7334283677833214
PFCEQLAHDGWMTNRYIKVS,0.7320028510334996
YGVPMKHSCTLNERQDWFAI,0.7412687099073414
VHKAMPYGRFQNICWTSELD,0.7277263007840342
FRMTKDICGYEPQLWAHSVN,0.7405559515324305
MAKHIERTSWLPVCGQYFDN,0.7405559515324305
WRSAGYEIMFLDTVKPCHQN,0.7377049180327869
QYWHADLSVPFIKTMRGENC,0.7384176764076978
YKGDWIRQMHANLFCSEPTV,0.7312900926585887
NWFKRMCAIEYDHTSLVQGP,0.7377049180327869
CPLMIDGSYKRFTQENWVHA,0.7384176764076978
HTYCGLDESMFVAIPQWKNR,0.7426942266571632
RWYVHDQSGKTIAPCFMNEL,0.7455452601568069
WLHFQSPDIAMNKTREVYGC,0.7348538845331433
HFGRLSIACDKMVQNEYWTP,0.7405559515324305
TYSRQIDMGFEAHVKCNWPL,0.7405559515324305
KPTEVIGQHLSRAYCMDWNF,0.7305773342836779
PCFVSNWMAGRDHQTKEYLI,0.7284390591589451
HWNICSYDEFTPGKRLAVMQ,0.7491090520313614
TNGLHIMAPQYKECRDVFSW,0.7327156094084105
CYWMINHRAEDPSFKVLGTQ,0.7355666429080542
FGVYSRANWTHCPIQEKMLD,0.7241625089094796
TDMSIWQLARKEPCHYGNVF,0.7198859586600143
FDWKGETHQRLIASCYMPNV,0.7334283677833214
WNIDEPSVQHRMTLKAYGFC,0.7277263007840342
WSVIGDLFETNPYHAKQRCM,0.729864575908767
QAPKSNHLVRGCFYEDTMWI,0.7441197434069851
WSKIMDPRQVNLGHATEFYC,0.7320028510334996
TKNVGEFDSAPQLMHYWICR,0.7248752672843906
WEVCGHNKMQDRPAYFILST,0.7341411261582323
RCWKIMGYFPADHSVQLENT,0.7241625089094796
WYHSVDIQFNEGTMARKPLC,0.7284390591589451
CVEDMFYWPSILRQAKGNTH,0.7312900926585887
SRKGFTMIWELAVDHPYNCQ,0.7227369921596579
CNGVQIYKASRHLEWPMDFT,0.7312900926585887
SRCQDVLTEKYMHAGIWPNF,0.7334283677833214
DISPYRQFLHNWVACKTEGM,0.7391304347826086
YFHRESATQNWPKLCIDGVM,0.7277263007840342
DRPVQTWEIHNCSKAYLGMF,0.7327156094084105
EAIWCYSRLPKVNQFMHTDG,0.7377049180327869
FQGYRVMWIKSAHECDLTNP,0.7405559515324305
PIRDAYQTHVEGCSWFNLKM,0.7348538845331433
GLVCHAQWTPFYSDEIMRKN,0.7312900926585887
PRTQNKFILAHVSYGMDWEC,0.7341411261582323
SWIDHVNEGTLAQKMRPYCF,0.7277263007840342
GNPMIHCTRLFSDAKQEYWV,0.751960085531005
FNVPRTGKEQWSAHMICDYL,0.7377049180327869
HADPSKEFGQYMTWVNLRIC,0.7384176764076978
PYFTSQIWVGAMLKDRCHEN,0.7426942266571632
DFRQVAMETSKNGLICYPWH,0.7263007840342124
RINATPFQWKGDSVLYMEHC,0.7426942266571632
VWDKCNYMTHAFPRQGSELI,0.7476835352815395
MYGHSDFCAEWKPRQVNLTI,0.7412687099073414
MFPWKTENICASQYGHLVDR,0.7334283677833214
QARTFWDHSMLKIGEYPCNV,0.7391304347826086
ERAVLGWTFQPDYMNICKHS,0.7391304347826086
DEWLIVTFNYCPAGRQMHKS,0.7341411261582323
YNRCSITHEGFAMPDQKWLV,0.7377049180327869
RKMSHVYCNWLIAEDPGQTF,0.7348538845331433
APHGKQTVYEWMFRNLDCSI,0.7384176764076978
ILAQPYSTDRFGKCNWHMEV,0.729864575908767
YLHQEFWDNKMSAVRPITGC,0.7334283677833214
NEKWRTPILFSAYQVGCDHM,0.7348538845331433
DTAPLNWGVISMHFKECRQY,0.7348538845331433
NSFTIDCYWGQKPRAEMLVH,0.7341411261582323
QAENPLVKMDRHIYTWSGFC,0.7248752672843906
FLWKHGEMSAICRDTQNPVY,0.7277263007840342
VWRNYSCHKIFQAELPDGTM,0.7391304347826086
AWVYGQRNLPSIHMDFCTEK,0.7305773342836779
VACPDQTYWSIRNLMFHKGE,0.7441197434069851
WIHEYNASVTKLRPGQDCFM,0.7483962936564504
CQEDNFGPLWYHRVMIASTK,0.7455452601568069
TFNMARECSIKDVHLWYPGQ,0.751960085531005
PALGYQEVFDKSNHCRTWIM,0.7398431931575196
QWGCTYENRIAHFVSLPMDK,0.7434069850320741
FELCYDWMVRPGKNQASHIT,0.7198859586600143
VDGRNTEWFKSYMCAHQPIL,0.7205987170349252
SIETMCQPALVRFYKHNDGW,0.7405559515324305
CVDRISETHKFQWGPAMLNY,0.7263007840342124
GESDITCPQHLFKVAMYRWN,0.7241625089094796
NVRPYSDGEAKHLFTCQIMW,0.7405559515324305
NGDISYLETCHQKMARVFWP,0.744832501781896
TYAWQNEHGDVCFSLKMIPR,0.7384176764076978
AYCWPNKFILQDHMTVSGRE,0.7441197434069851
MDKWLNIGRPQFHYECSAVT,0.7434069850320741
QKFPCRADLEMHTYISGVWN,0.7277263007840342
SGWCTFEDAMPLIQRKHVYN,0.736992159657876
KNWRIYFLSQMPAEHVTGDC,0.7441197434069851
VLMWYTCKRIPESHGDFQNA,0.7327156094084105
KMHVLSNGEDCWFRATIYQP,0.736992159657876
ANEMRWKGVSDLPITQYFHC,0.7263007840342124
MSNGDWVETYPHACQILFRK,0.7426942266571632
TALKYGSNFCMDIWHVPQRE,0.7348538845331433
MPYSTIDGNWQRHALKVFCE,0.7277263007840342
PVFSWCEDRHAQLKMGNYIT,0.7377049180327869
PGEQVHWLADRINSKCYTMF,0.7355666429080542
EKCVAYHMDFGWISNRQLPT,0.729151817533856
YLIWEFNPKSCTQHMDAVGR,0.7255880256593015
ISYHPTMRCFVQAKGEDNWL,0.7234497505345688
PATIGWHLKSQVYDCFMRNE,0.7426942266571632
KWMIENLTQRHCADPYSFVG,0.7355666429080542
NEQIFKVYHRCWATDMGPLS,0.7213114754098361
EPLAWGKVQRDTSMYHICNF,0.7320028510334996
VHYCNTGKPSEFRQAWILDM,0.722024233784747
ETNIGRFHPWYMSVCDALKQ,0.7277263007840342
SIFYDHPQWVTRKEGLANCM,0.736992159657876
GCHNAIWRFDVLYSTEPKMQ,0.7305773342836779
PSGTNVIKERQCDWFHAMYL,0.7248752672843906
SWPYMDLTINHFQVAKECRG,0.7277263007840342
SLMKHCQDTNVERFYPIAGW,0.729864575908767
TMIHPQSWGYRCDFVEAKNL,0.7426942266571632
EWKAPRDYSFMIQLCGHTVN,0.7426942266571632
FSMNACRDKPGVWLIHYETQ,0.7391304347826086
PQHFMYKNGSDRLVAWIECT,0.7263007840342124
FHRWQGPYSVCAMNLTIKED,0.7391304347826086
YFLCQPNHREDVWMGTAKIS,0.7384176764076978
FYPNWKMGIASLQEVRTDCH,0.7362794012829651
CRVLDAKEPMNTQFSWHYIG,0.7184604419101924
DNLPYGAETKRIMHCQSWVF,0.7312900926585887
PDFGKWSHNRQAMCILEVTY,0.7362794012829651
TIMQKWNGDHVEFLAYSRCP,0.7384176764076978
EDTNVWCFALYMRSIGHKPQ,0.7320028510334996
TGSDLPYRFVMHNQEKWAIC,0.7255880256593015
PKRMSDHYCVWANTILGFQE,0.7377049180327869
MQENFPWTYLGDHRKSVICA,0.7384176764076978
ASQTVWRKHGPYEFCIDNML,0.7120456165359943
KGIVECPSRYNQTMALHDWF,0.7405559515324305
EARNHVCLDSKYFQIWTGPM,0.7355666429080542
KGVDIHEFQYLCRTWNASMP,0.7320028510334996
IFPDWMCSNGVTQYALRKHE,0.7412687099073414
WTEVMIGLDYCAKFPSNHRQ,0.7384176764076978
MFCDTYKWRGHIQVLSANEP,0.7434069850320741
CSFNERLTQDAIWGVMPHYK,0.7434069850320741
RYHGFAKWCTQPEMNLSVDI,0.7284390591589451
NDYKCWPHRMAIGTVFELQS,0.7398431931575196
IWGDTYVKSQHMLFNPERAC,0.729864575908767
ACIMVLGQDHFTYKRNPWES,0.7434069850320741
HRKYSNIPAMWFDCVQLEGT,0.7412687099073414
WKDFTQIYARHVGSECPNLM,0.7255880256593015
SPGQKERTCDHWMVLFAINY,0.7576621525302922
AFGMENWLHIKYVRPDCSTQ,0.7455452601568069
KWQGNLAITHPFMCYRDVES,0.7405559515324305
VMSCQIWKGREYPTALHFDN,0.7426942266571632
PVQWHCREIANDTKSYGFML,0.7312900926585887
YQICLPVRWFNDEGKHTMSA,0.7384176764076978
IWFCMKYPGDRHNLVTQESA,0.7405559515324305
SAWKCLFGNIQPRVMTYDEH,0.7483962936564504
HVLQDRCAYIWNMTEFSGPK,0.7462580185317177
EMNGSCVHKFWLTIDAQRYP,0.7355666429080542
VKWYTRLQNDEISGMHCFPA,0.729864575908767
QRVPMAYHNTWKDIEGCSLF,0.7320028510334996
TVMCEDPFYANQGLRKWHSI,0.7398431931575196
PQWRYCLFIADKEMGSNTVH,0.7405559515324305
DATLIWVGHYKPSMQREFNC,0.7255880256593015
GRCVMYKNITWSLHFPAEDQ,0.7469707769066286
CNKPQDGIRAMWTLFSVHYE,0.7412687099073414
GFRCLPDSAKYHEMQTIVWN,0.7320028510334996
SGRKDWEIMVFPNYHQCATL,0.7505345687811832
SHCAMVTPYRQFEDKILGNW,0.729864575908767
NSMYVEKPATLIFGDCQRWH,0.7548111190306486
MVACFTQLHKEGSWRPYNID,0.722024233784747
FSQETDVRNAIMWKHYLPCG,0.7341411261582323
PHKCFSAIEVQYMNGDTLWR,0.7377049180327869
LQYNIPTDSGEFHRMWCAVK,0.7469707769066286
MTKQANWVRFCDGISPHLEY,0.7355666429080542
WTLHMDRGYIFCAEPVKQNS,0.7348538845331433
KMTGACWSFNDRYLVHPIQE,0.7412687099073414
SHYMCGPQILENDAWKRTVF,0.7355666429080542
NAYVCGTSPEMDLIQWKHRF,0.7248752672843906
GATEPVIDWMRLHYSKQNCF,0.7362794012829651
ETIMHGRKASFWVQYCPLDN,0.7341411261582323
ASWGPDLHKYFREICQTVMN,0.7277263007840342
MGDRNQHKCSALEWTPFYIV,0.7476835352815395
SPWHKRNEIAYFDTCLQGVM,0.7398431931575196
RWAMGCNYHEPIDQLTFVSK,0.7426942266571632
YFCLPWGSDVKTIRHNQAME,0.736992159657876
MKVLYHNIQCPAFDGWRTES,0.7412687099073414
DLHSAWKCMTGPRENVIYQF,0.7156094084105489
ANDMHVSPKTWFYIGLRQEC,0.7512473271560941
LRQPMANETWYGVIDHSFKC,0.7362794012829651
SMIVRHQYGLKCWDTENPFA,0.7234497505345688
SQEFAHVMPDTCKRNGWYLI,0.7191732002851033
YFLASCQTKNVIDGHWPMRE,0.7391304347826086
GQLSVTHACENPMFWYDIRK,0.7441197434069851
IERHVAKPLTSMYGQCFNDW,0.7462580185317177
FLNTVGAERQHWDKCISMPY,0.751960085531005
NHKTPYIACSVDWELQMFGR,0.7441197434069851
LECKAGDMFSIHYWTRPVQN,0.7177476835352815
PNTHIFSRVDACEKQWGMYL,0.7255880256593015
VCNLHERGPSTQAWFDMKYI,0.7341411261582323
HNGRDVLEPFMKIQATWSCY,0.7284390591589451
VIQDAYFWGRMETSLPCHKN,0.7405559515324305
RVTSKYIMHQEAWGNCPDFL,0.736992159657876
EMLPDQARIGVKWYHTSNCF,0.7419814682822523
SDEAMCLGRIHPYTFKWVNQ,0.7405559515324305
IQHRTCYWAKPMVDGNLESF,0.7305773342836779
GWITPDQMRAFNSHLVEKYC,0.7562366357804704
NQLHKEIDFVPCSTYWRMAG,0.7476835352815395
AFGHLYCIPDRTQMWVEKNS,0.7263007840342124
IRHPDWSGEKYQLNCAMFTV,0.7312900926585887
FCLGNKHTWPSDQYAIRVEM,0.7476835352815395
CNEHKFSTQVWDGYLRIMPA,0.7391304347826086
YVNRLTFQAIWGMDKCHSEP,0.7263007840342124
VCSIDGTLKPRHQYMWFNEA,0.7398431931575196
FTLWSGHCMDVRIYNEQKPA,0.7348538845331433
TDSFRKPQLVIGHWCNYMEA,0.7426942266571632
CHDFENSKRWGTLPQMVAIY,0.7412687099073414
TKQCHDPYIENWGASRFLMV,0.7498218104062723
FGTIELPYKHRQWAVDCNMS,0.7398431931575196
QDLNWPKEMSCRVIFYHATG,0.736992159657876
NFGDWPRCHTLKSAMIVQYE,0.7255880256593015
NAEDKTGMFVLSQCHWRIPY,0.7355666429080542
WHDAMGEQTPCNIKFSLYVR,0.7320028510334996
AHCKRDEISVWFYLQNGMPT,0.7505345687811832
VPMSCRHWLTANYGQFEKID,0.7391304347826086
LSGCIARKMYWHNEDQTPVF,0.7419814682822523
QILHWVMFACNEPTDRSKYG,0.7384176764076978
IPCFWSKQYHGNMVAERTLD,0.7270135424091233
NHYTIAFECDWPLVRQSKMG,0.7455452601568069
PNIMFKSLAHWETQGVDYCR,0.729864575908767
KSCYMHFINEVDLQWTRGPA,0.722024233784747
LAREHTDMYCGPWSINQKFV,0.7305773342836779
ILFNWYDSQCTAHGEPMRKV,0.7434069850320741
ADCKMEQSYGRNVWTHILFP,0.736992159657876
MKIAVTPLHYFEQNCRSDGW,0.7320028510334996
HQMSFLKEPCDWYATNIRVG,0.7469707769066286
GLFHARQMTPSDIWVENKCY,0.7305773342836779
FEPQAYMIDLTVCGNWHSRK,0.7405559515324305
EFYPKDTQMCGNWLRAHVSI,0.7398431931575196
FCTYVMEDHKWLGPIANQSR,0.7505345687811832
KPNLDWASMCRYEFQVIHGT,0.7113328581610834
LICSWQEVPNAKFMDGHRYT,0.7312900926585887
HWMIDFSCENGKRYLTVQAP,0.7498218104062723
YSWAGEIPDRQMNTKLHFCV,0.7305773342836779
RNLGDKAECTQWFYMHVISP,0.7491090520313614
ACVDERQTLIGSMWYKFNHP,0.7312900926585887
QLKGSDNVHWIRYPECFMAT,0.7241625089094796
AKWGENPIYTCDHQSVRLMF,0.7483962936564504
FPVKILEMCSHTAQWRGYND,0.7320028510334996
ALTRYNFMISKDEQPWHVGC,0.744832501781896
HAYCNESLFVGWPDMIKTRQ,0.7255880256593015
CHVYMATQRFEKSWIPGLDN,0.7405559515324305
MENQAWVHSLDYPCFKIRTG,0.7163221667854597
CDYMSEKPHTLQIAGVNFRW,0.7362794012829651
WNSDQIGFYERHCALKMPTV,0.7434069850320741
WKFHTPMNAIYCRDELSVQG,0.7327156094084105
VSWDPCIREKHYATFQNGML,0.7391304347826086
TLDEPQWCHKISMNGFAVRY,0.7327156094084105
DQPALYWKVNREHTGFMICS,0.7377049180327869
HMQPWVSKIRNEFDYGLTCA,0.7334283677833214
QSVLAMEIGPWHRYDKCFNT,0.744832501781896
PIAQSEYGWRCVMLHNKTDF,0.7341411261582323
TANLQCYMWFPSEIRVGKDH,0.7284390591589451
VHSNGDWTIFRAEPLQYKMC,0.7312900926585887
REQCVIDNYASMFLWPGTKH,0.7455452601568069
LWCGQPKDFTRMVANIHESY,0.7455452601568069
IDCPESGLMHFTYWRKNAQV,0.7362794012829651
RFHVLNDGYAPSEMWTQKCI,0.744832501781896
PGCTIVKMNYRAWSLDQEHF,0.7277263007840342
HPDNKLQFECVAWYGTSIMR,0.7426942266571632
ERGCNLDMTVFSWQYKAPIH,0.7505345687811832
IVSNHWDLFQKYMAECGTPR,0.7277263007840342
IGYVHDTFPKQAMCNSEWRL,0.729151817533856
ANRFQICWLDMSGHETPYVK,0.7248752672843906
RTCSNQADMPEGKYFIWHVL,0.7320028510334996
LTGKPARWHIFSVYQCNEDM,0.7419814682822523
KMQCPVGSDFINWLTHAYER,0.7412687099073414
LMQNDRTWSKIHCFEGPYVA,0.7362794012829651
DWGTKAVYRSCMLPQHFINE,0.7540983606557377
CFTLEDKIMRGSAHWNVYQP,0.7455452601568069
SNFGDERKVIMWCYHLQATP,0.7398431931575196
ICEFKDQSAYTPMVRGHWNL,0.7270135424091233
YNLGWFVRADSHMTKQIECP,0.7312900926585887
WDHFIGYMQALCTPRNSKVE,0.7248752672843906
DRHLGTPQACSENYMVKIFW,0.7398431931575196
TRECMDISQGFHPVWAYKNL,0.7426942266571632
MWSKYAFNHPEGILVDQCRT,0.744832501781896
QRCKEYGPLDNTFSMIHAWV,0.7405559515324305
NLWTIADGMQFYHCKPVESR,0.7341411261582323
MWKNRPGYQFCDHATVILES,0.744832501781896
QGRNDPCAELTIVMHKSYWF,0.7434069850320741
SAIFEMRGDLQVCPKHYTWN,0.7312900926585887
LIEFRYSKHPDQMGACNWVT,0.7355666429080542
VYTPWSMQKRIAECHGLNFD,0.7205987170349252
GATQCRFPEVKHSYMWNDIL,0.7327156094084105
PLRQYMTDVAKGIHNWFECS,0.7434069850320741
AMLVRWDQTKSFHYENCPGI,0.751960085531005
IDKSHVGARQTPNWCLFMYE,0.7384176764076978
YASTWRHGPKLIMQCVFDEN,0.7505345687811832
VKYSDFCEGRQLHNTWMAPI,0.7277263007840342
HLKTAEFDCGVYPIRMQSNW,0.7327156094084105
EHMQANVSWPKLIDRFTGCY,0.7320028510334996
AYKCMRHTLEQDPVNWSIFG,0.7362794012829651
VIKARPDTGMCENHFQSLWY,0.729151817533856
LVTKCEQMNIADSFRPYHGW,0.736992159657876
DHECIFWSGLARNTKQVYPM,0.736992159657876
HPCWTKVIFSDMNRYGEQLA,0.7163221667854597
VINSDTAPFWQHMLGYECRK,0.744832501781896
PTNEMQDLYHGRSFICKWVA,0.7426942266571632
SIDRCQNPHYLEATFMKWGV,0.7234497505345688
NLWYDQCMFPSVKEIGARHT,0.7426942266571632
LGYVWNRKTQESAMPDIHFC,0.7305773342836779
VIGLAHESTKNFWDRCQMPY,0.7348538845331433
FCSTQERMGDLINAYPKWHV,0.7312900926585887
YEQWVDMKNCAFHPRTLIGS,0.7355666429080542
PKNSQWDRITCLVHFYAEGM,0.7398431931575196
FEQWDTSVHINGRLPAMKYC,0.7170349251603706
CEDLKPNYVSQAGIFWTHMR,0.7348538845331433
SQKCLEAFWGRYVHPDNTMI,0.7377049180327869
GAWETNSIHYCKLPQDFRVM,0.7327156094084105
MHLGNITSEAPRFKYWCVDQ,0.7255880256593015
HNYKMTDFAQIRLVSWGECP,0.7412687099073414
CWVIRTGMPFLEADHSYNKQ,0.7405559515324305
YQATFWRMDSCHKNIEGLPV,0.7391304347826086
LGMSAPCHFERQINTKWDVY,0.7434069850320741
IWFKCTGMHAYNVLEDSQRP,0.7348538845331433
DCYLMKVWPAIFHESTGRNQ,0.7483962936564504
NHSCMPFKYAEIQWGRVTDL,0.729151817533856
LEKNPIVAFYHTQCSWGRMD,0.7334283677833214
CKPGHQNASMRVEFYIWTLD,0.7327156094084105
TRYHQEDPWFLASVGKIMCN,0.7391304347826086
QRGYPIEDCSHFWTMALNKV,0.7498218104062723
QHYLRTIFSAGVCDWKPMEN,0.7334283677833214
AWQISCGMEPHYDNFLTRVK,0.7398431931575196
PSRCMLFAEVITGKYNWHQD,0.7583749109052031
FPHMNRQSIWGAELKYDTVC,0.7362794012829651
LIWGKYEFVQSTRMCADHPN,0.7405559515324305
EGFLARHKTSIQVNPYDCMW,0.7334283677833214
KLAWYIQHVPMETCFNSGRD,0.7320028510334996
TSPLAHFDNYGWKCMQVEIR,0.7391304347826086
MWECYLDSTHGNFKPRIQAV,0.7384176764076978
KGEYVFLSQARCNHDMWPTI,0.7377049180327869
GFHKDPTERSLVYNAWQMIC,0.7491090520313614
WGHIYVNRTQMFPCDALESK,0.7419814682822523
ICMARYFGQSNWHKVTLDEP,0.7498218104062723
ANFWVGHYLCSDIPEKMQRT,0.7377049180327869
VTEYAWLSMQCRDKFHIGNP,0.7398431931575196
GDEWTISLKRVANYQMCHPF,0.7391304347826086
ENIDVCPKQTLSRMAGWYHF,0.7263007840342124
DNQGAFIWPMHVCTLKERSY,0.7398431931575196
VRLDAFSPWEMKYNQITGHC,0.729151817533856
NDGEHKYMRPQSVWICFTLA,0.7455452601568069
KQCHIWPLENASFGRTDVMY,0.729864575908767
MFDQGLPRYWHVEINCATSK,0.7177476835352815
ANRHQIKVWYEPLSDCMFGT,0.736992159657876
GHQSDRPWECKTVLFIAYNM,0.7412687099073414
ICGQFETKNLWVPSAYRHMD,0.7213114754098361
LSTFIECVAYGDHPRQWMKN,0.7305773342836779
PKFGVALTQYISDECNMHWR,0.7391304347826086
WYNDVMGKHTQCFRAPESLI,0.7312900926585887
QLNVKIESDMCFAGYTWRHP,0.7320028510334996
VWCFPGLKHRDAIMEYNTQS,0.7327156094084105
KQSGCVMWTPYDHRLAEINF,0.7348538845331433
EQCGDMVWPAHLINTSFKYR,0.7355666429080542
SIYHDTVKGPELAQFMCWNR,0.7320028510334996
HKNTSIPLCFEVDGQMYWAR,0.7419814682822523
MRLDQINYKPTWSAGHFCEV,0.7355666429080542
AMFKVPSDGIETHYNQLCRW,0.7377049180327869
YLRFCQPNWSKMAVGDHITE,0.7270135424091233
AFWQYKGETHCPMRVINSDL,0.7234497505345688
GVRFCIKMWSTAHLNPDYEQ,0.7348538845331433
KRDVCNWQYPLGAHMSEFIT,0.7170349251603706
PDHQNLTIYVSMEWRCKGFA,0.7455452601568069
GDHPLNVWRAMEKSICFYQT,0.7355666429080542
HDQEKFVLSTPIGCRWMNYA,0.7462580185317177
HTQVKEIYDMLSCWGFPRAN,0.729151817533856
DARGILNHCQYSVTKEPWFM,0.7312900926585887
WQVMFAYPNGHLRDKSCIET,0.7320028510334996
LQCSKNDEAPIHYFRTMGVW,0.7434069850320741
CLFHANMPKWVEIDGQYRTS,0.7320028510334996
TWENYKDGPQVAFMHLRCIS,0.7327156094084105
YPMHRTGAFEQKSLVDCIWN,0.7348538845331433
NEDLRPCQVKATFMHISGYW,0.7419814682822523
NWMFQLPASYRVTHEKCIGD,0.7284390591589451
FGKTSYDCAWQHNRVPIELM,0.7384176764076978
YLRGWVASPMIQNETFCDKH,0.7384176764076978
WPANIQGEHYSCLMTDFRVK,0.7405559515324305
HKFVGDWLYRNCAMIQSPTE,0.7384176764076978
RWMFLKENISPDGTHVYQCA,0.7391304347826086
KQDMRFPAESTLYHWICGVN,0.7419814682822523
WQVGELNYSPIAKFHCMTRD,0.729151817533856
QADLMITVNCHPSWREYGKF,0.7391304347826086
AWDQKGVYPIHRCFMSTLNE,0.7569493941553813
QDNEITLCSHKAYGWMVFPR,0.7505345687811832
KNPMEDTYHGLQWRFVAISC,0.7405559515324305
EASFKMVDCIQPWLGNHRYT,0.7334283677833214
IQDELFTGYKMRVPCNWAHS,0.7405559515324305
KIEPQACGTVHMNWLYSFRD,0.7327156094084105
YSRLQDGICWHMTAFEKNPV,0.729151817533856
SCATYRMLDPKQFGHINWEV,0.729864575908767
THLFPNMWAYDKRVESQGCI,0.744832501781896
VMNHFTAWRECYILQSDPGK,0.7284390591589451
ANLEVMTRSQKDCHFIYPWG,0.7412687099073414
LIHEDQKCRATMWNVSPGYF,0.7455452601568069
HNQEPKVGYFLTCASRDMWI,0.744832501781896
GVSWFMDQPYAITNEKCLHR,0.7362794012829651
VPGICAYLHWTQNFKRSEMD,0.7426942266571632
DPRHTNAGEWLYSQCMVFKI,0.7241625089094796
GELWPVHSFKTCNYRAMQID,0.7320028510334996
TMCVEDGKYQWLRNHFSPAI,0.7312900926585887
APWDETHRILYFCKQSNGMV,0.7398431931575196
TDGFIHMNVRLEYKPCWAQS,0.7348538845331433
WILKCNRFHAEVSPQMYTGD,0.7455452601568069
IHSYQLKTMPGNFEDRACVW,0.7348538845331433
VQNTIWYLSFMCDKGPHEAR,0.736992159657876
TGPHMFQKEAWIVDNRCSLY,0.729864575908767
CQYHTDPRSNFLMIEAVWGK,0.7391304347826086
DAFWPEICLGQHMSNKTRVY,0.7320028510334996
ILWPFTNREDVMHCSKQGAY,0.7398431931575196
DVTGAENCWQHSMLKRFIPY,0.7498218104062723
DRPVCAETSNIKYHWMQGLF,0.729864575908767
NRKSQEPDYWGTAIHVMFLC,0.7533856022808268
FGEIKTCMSPLNHRWQYVAD,0.7305773342836779
SCGFIKNQYEVWDTPMRHLA,0.7213114754098361
SAPRGQMYWNKIVFDLTECH,0.7320028510334996
VTACSMGWPQKYRFEDNHLI,0.7455452601568069
TMEGWDLIYKRCQFSAPHVN,0.7248752672843906
NYIAQRSMWDLVFETCPGHK,0.7355666429080542
TRDQYPSVWLENKMACHGIF,0.7341411261582323
RHDKMPCIFYQNGLEAVSWT,0.7391304347826086
IHSEKFMRVATNWCYDPLQG,0.7270135424091233
LHIPFWSKRYDVNEMTCGQA,0.7312900926585887
ESMTGNICDHAQLFYWRKPV,0.7377049180327869
RPEAWCFSINVLMHYQDTGK,0.7469707769066286
DGYFQWEATHNSPCRLVMIK,0.7505345687811832
CSTKQYNRFVAPWGMIHELD,0.7505345687811832
LYQVWCNRHGMAKPSFTDEI,0.7419814682822523
ASTKWYEFPDCNHMQRVGLI,0.7277263007840342
MLREVKCASDQTHPNIGYWF,0.7491090520313614
PSRDWVATLQKIYGHNFMEC,0.7255880256593015
VNIHKYCMGDFAQELTSPWR,0.7277263007840342
KDEQFARNYHMWIPLVCGTS,0.7384176764076978
IERKPGTMFCSHDAWVQYLN,0.7320028510334996
QTLWDKMEAPVNYSCHGRFI,0.7362794012829651
VIARHLFGEMDNQYCWSKTP,0.7405559515324305
DTVCPHRAGYKIWNFLQMES,0.7284390591589451
TCGHIFANKQRSVPWMYELD,0.7255880256593015
NFDRAWETVKGHQSCIPYLM,0.7241625089094796
PTFKNDGCAVLRMEQSHIWY,0.7362794012829651
EYKPWSQLIDTCAMRFHVNG,0.7263007840342124
QRCLFGWKAEVNPIMDHSTY,0.7305773342836779
MYDRKWLHGNCEIQFVPTAS,0.7341411261582323
RQKHLMNCADTVFESPYGIW,0.7455452601568069
NGEYDAPRWCLKVMIFHQST,0.7263007840342124
VRWQLTNDKYMFCPAIGSEH,0.7476835352815395
GDANREKQWLVPSIHCYFMT,0.7483962936564504
LVEAYPSFGKQRNTDHIMWC,0.7284390591589451
HFYANSVKEGWILRPCDQMT,0.7391304347826086
WVDYPFEKGMRCQSNHIATL,0.7384176764076978
FCWTMDLYVIERQNPSHKGA,0.7362794012829651
LDCMHFQKTVYNEAGWPSIR,0.7355666429080542
RKPNHETDSMVQLFGCYWAI,0.7384176764076978
MLQSAEVHYCGIDFTRNKWP,0.7362794012829651
YMQISDAVHCLPRNTKWEFG,0.7205987170349252
GSHQEYTMKIARNFDCLVWP,0.7398431931575196
FWEDAVLKICSNYGHQRPTM,0.7355666429080542
HQTMYNAFEVDGPISRCKWL,0.7341411261582323
PTMFGDQLRAYNKEWSCHVI,0.7377049180327869
QADWSNCTYMPEKGFIHLRV,0.7384176764076978
QIWRCATGKMSDYFPEHNLV,0.7270135424091233
YDGHACNQPLRMSWETVIKF,0.7263007840342124
LHYFSKGQVNITAWRECPDM,0.7384176764076978
WSQDLTGMPAEVIKNFRCHY,0.7320028510334996
LKVERQACYSDIGHNFWPTM,0.736992159657876
EHSQYRFPMCWVLATGDIKN,0.7441197434069851
AGYNIDWEFTMKCLSRHPQV,0.7362794012829651
SRHMPLGDCFTVKIAYWQNE,0.7362794012829651
IPELTMQSRDWAFVNHCGKY,0.7491090520313614
DEPFGTHYLKNAIVSRQCMW,0.7355666429080542
EYKRICMFGATQHWNPDVLS,0.7263007840342124
KYPLTSAWDVFGNHCQEMRI,0.7426942266571632
VFARWGQDSYCPEHMKILNT,0.7540983606557377
SIHMAWRQTCENKPVYDLFG,0.7170349251603706
RFCKHMQGYIPTVSLNDEWA,0.7412687099073414
DIAMVGFTPYCHKRNLWEQS,0.7348538845331433
HAVSDFGQNILRYWCMTEPK,0.729864575908767
NFPGIHCVEWKMTSYDLQRA,0.7341411261582323
QADCIKHSWEFNVGMYRPTL,0.7312900926585887
FMCTKHAWVPDRNISGLEQY,0.7398431931575196
DHSGKTEILRYPCQFMAWNV,0.751960085531005
WFEGYSNHRPCITKVQMALD,0.729151817533856
GAFNDRWSVKPLTEIMCHYQ,0.7341411261582323
YDFCVQTWGKIRNEHSLMAP,0.7327156094084105
AFEVKRDQGLPTCHNMSWIY,0.7255880256593015
TDPAFWREMHCVKQSGNLIY,0.7384176764076978
PNFAKRITEDQGHMCVWLSY,0.7462580185317177
DQATLMSNRKICGWFPHYEV,0.7476835352815395
VMGQELTIFHSDANPYRKCW,0.7384176764076978
WHRSAICLYEMTVQKPNDFG,0.729864575908767
SVQKLWGHMAYNDTCFPEIR,0.736992159657876
DYPKQNRELTSVFIMGHACW,0.7384176764076978
KWQEGSAPMFYVRHLNTICD,0.7341411261582323
DPWGCYENAVIHRKMQLSFT,0.7348538845331433
PVSWARIGHNFTELMDYQCK,0.7320028510334996
GFIDNMVPESQKWYCTLHAR,0.7320028510334996
KFYECIQHPATWRMDNSGVL,0.729864575908767
YVAIKCFTMWPGSERNHLDQ,0.7284390591589451
TDEMVQRFNKSIYGHLCPAW,0.7377049180327869
VQDGAKIYTSRECMPLFNHW,0.7483962936564504
GRQYHMITLKCAFENPWSDV,0.7334283677833214
VKAECLHTNPIYMGRFSWQD,0.7362794012829651
RFQEDAIVHWCKPTGMSNYL,0.7398431931575196
VRHNAMYLSFEPKGQDCTIW,0.7398431931575196
PMYREGATSLQCKNIHFWDV,0.7348538845331433
CQYMDFEKVASRPTNWHILG,0.7227369921596579
EFNCVYLAKDQWIHTMGPSR,0.7312900926585887
LKSPVARYQTNEHMCFGWID,0.7327156094084105
FTLDKGCPWVEIYRHAQNMS,0.7398431931575196
PHKARFCLWSYDVMGNTQEI,0.7434069850320741
YETPWIQAMKSDFNVGLRHC,0.7434069850320741
YGLEFCWVSIHQTAMRNDPK,0.736992159657876
HLWIQGREAVNYDTFCPKMS,0.7455452601568069
FLQENAKMSPCYTWDIHRVG,0.7341411261582323
IWFGEAKLHSCNMVYDPTQR,0.7391304347826086
ACWLKIRNSYMVDEPQHFGT,0.7305773342836779
ATSFGDVIYHRCNLEWKPQM,0.7441197434069851
VCRTFMHESINKYAQDPLGW,0.7312900926585887
WVKHADMIPNRQFYGSLTEC,0.7341411261582323
VNEMQCRFKSHLPWYGDATI,0.744832501781896
RTHKCGDAESIYFLQWPVMN,0.7312900926585887
KSEMILYFNWRTGPQAVDCH,0.7398431931575196
LAQGESVYDHKPNRCWMITF,0.7377049180327869
MLREYDQCVKAHNWIPFTSG,0.7476835352815395
VSQKERFPCNTIYWLAMHGD,0.7455452601568069
KTENAQCYSGFMLHIPRVDW,0.7320028510334996
SWAMNFPQIHRVLEDCGTKY,0.7277263007840342
QHDRGFKTVWELSNYPCIMA,0.7277263007840342
YHGDENIMVTCRSKPLAQWF,0.7377049180327869
WPEKYSHRADFNCLVIMTGQ,0.7384176764076978
KEYRNASGIPDTCVMWLQFH,0.7405559515324305
VELGSTMHPKADRYIFNCQW,0.7234497505345688
TLSECWGVAHDMIYPFRQKN,0.729151817533856
LSQTPKYRWMICHEADVFGN,0.7355666429080542
DKVFENMSAILTPQHYRWCG,0.7320028510334996
AGCVWPNLYQTDRSHMKEFI,0.7398431931575196
NILVTSHEYFQPMGCRKWAD,0.736992159657876
SGDNEALRYTFWPICVMHKQ,0.7526728439059159
PGNLRTSAKYWCHQMDIVFE,0.7412687099073414
LWARNMPQTGVKDHFCESYI,0.7362794012829651
WTFGDKLQNHERSVMIACYP,0.7462580185317177
GEALIQVYKDSTWMRFCHPN,0.7419814682822523
RETLAMQDFWGVSYKNHICP,0.7348538845331433
IGHQVWENDTPSAYFLRCKM,0.744832501781896
LGQFIAVPTYRHCKESWMND,0.7362794012829651
VCLRWFQPGDTHISMAYKNE,0.7320028510334996
ACSWIGHYRQFTLVDEMKPN,0.7426942266571632
QTWEHMAFVCDNIKGRYSPL,0.7405559515324305
LTSDYPGVWEAQCKRNIMHF,0.7469707769066286
IMQAYTKRHDECSLGFPWVN,0.7263007840342124
GSKQMPRFDCWNHLTVYIEA,0.759800427655025
YDWGMNLCRQFAIHSTVPKE,0.7284390591589451
EMSKWRGDYACIPQVLFTHN,0.744832501781896
IVPHKYGWQFTSACEMDNLR,0.7362794012829651
VGMNLEAIWKHTPCSFDYRQ,0.7213114754098361
RVMCIWPSNTLGAHDQFEYK,0.7469707769066286
ANQKIDLWSYMCPRHVEFGT,0.7469707769066286
RYHLSKAWQFECMIDTPVGN,0.7213114754098361
HMYRPLCIDGFSEKTAWNVQ,0.7277263007840342
LQIVNFETYDPGSARMWCHK,0.729151817533856
NMWTAFGDHPEIQLRYKVSC,0.7512473271560941
DACVFTPQRKIYWSNLMEHG,0.7305773342836779
IHVQFRDMGWAKNPTECYLS,0.7163221667854597
TFGLERHNSVCMQYDKAWIP,0.7384176764076978
KRDWCLENQPTFAGSVYHMI,0.7312900926585887
VIYAGNMTRCQSDKPHWLEF,0.7277263007840342
WYFCKMRIDEAGHLTSVPNQ,0.7462580185317177
NDPGWMFLEHACKQRTSVIY,0.7483962936564504
PCWKSEQFMDIYNTVALRGH,0.7426942266571632
DIHEQPCTVAWSLKYRNFMG,0.7384176764076978
LRKIGYVCNAEPFMDWQTHS,0.744832501781896
MFWSDQHRVLGAEIYPNTCK,0.7434069850320741
FCLETIWDKHRYMNQVGAPS,0.7334283677833214
YFQTMLCDVIWHESGNARKP,0.7305773342836779
QKNARETDLIPFMWHVSCYG,0.7483962936564504
VPADCNIHQTKRWFSGYELM,0.7355666429080542
AFKYSGPEVLRCITQMWDNH,0.7426942266571632
NLQVTWSHIFYRDGMCEKAP,0.7334283677833214
GWNDEHYCIPTQLVASRMKF,0.744832501781896
FRPCVKGIWTNDAQHMEYLS,0.7469707769066286
GTFQDPWNRHYEMKIVASLC,0.7384176764076978
NRWQVYLKHICEFTSPGAMD,0.729151817533856
EWLPKDNGAVMSYITRFQHC,0.7419814682822523
AIKQNRFPVTWEDSGHCYLM,0.751960085531005
CVRLSAMWGKQYHTNIPFDE,0.736992159657876
QYHLNTVMEFSCGRDKIWPA,0.7191732002851033
QNTSWCRYHGEFDLKPVAIM,0.7134711332858161
QPHKFSWIGERMYADLNTCV,0.7227369921596579
VWENLTPIMGRDYSAKFQHC,0.7312900926585887
CALGMRTWIVSFPKDEHNYQ,0.7483962936564504
CVFLEGKWDATINMYPSRQH,0.7391304347826086
MQTGNRPWELIKHSCDFVAY,0.7441197434069851
TGEADFKCLQPMWIVYRHSN,0.7384176764076978
ATVNSMYGCLQIEHFDPWRK,0.7320028510334996
DLFTHPIAVGQWCKMSNREY,0.7412687099073414
PFDKSAWGRTHQLNMECIVY,0.7405559515324305
KCDGEMHWPLSAVNRQITFY,0.7327156094084105
NTPIDYCRQSVFKGEMAWHL,0.7277263007840342
ADTMWIFLCVKYENRPGQHS,0.7434069850320741
HKFAITNGMWRCYVLPSQDE,0.7455452601568069
DFNGYPSRWMHILVQKETAC,0.7405559515324305
HTRCAIFVEMPWYDKSNQGL,0.7348538845331433
SAKFEPWILNYHQMVGTRDC,0.7327156094084105
CFRNTDYLGSAQKVEMPHIW,0.7156094084105489
SREPQHCTIGNMDFKAVYWL,0.7091945830363506
FLAQEKDPSHNWGMCIYVRT,0.7505345687811832
PHDMKWSLQGNRYTAVCFIE,0.7348538845331433
WVSIKYLCGRNPETQHADMF,0.7263007840342124
KCGMAIQPHYTLFREDVNWS,0.7526728439059159
LCWDAGETIYNPHVMSFKQR,0.7441197434069851
LASKCVFPIWMTNHGQYDRE,0.7540983606557377
ITEPHLYCSDWKNFMGARVQ,0.7312900926585887
AGKPHNLDVCEYQTWRIFSM,0.7327156094084105
PCTVFEGHNKYDRIQLWASM,0.7355666429080542
MIKNDWCSVTGFHLAEQYPR,0.7419814682822523
TWNGMQLSFHYRDCAEKVPI,0.7355666429080542
RISNLTQPFDGCEWAHMKYV,0.7213114754098361
ARNSFTMQPVILHGYDEWKC,0.7412687099073414
QWDCEGPVRNTSLFAIKMHY,0.7434069850320741
DCRHYVIQTFPMGEASWNLK,0.751960085531005
DTMCGNQAEKWVYIRSLHFP,0.7405559515324305
LVHDACEKSYMPINRFWGQT,0.7434069850320741
SCRHGAWYFPNEVIMDKQTL,0.7334283677833214
SMVQWIHTYGAFLNCEKRPD,0.736992159657876
RNWGIVDQTSMLEKHFAYCP,0.7355666429080542
NTAHRLCIVWYDFQMSEPGK,0.7391304347826086
LESCITANVPKRGDMYWHFQ,0.7213114754098361
WGLKTVIRNHFDPSEAMYQC,0.7341411261582323
LEVFRWTKAMSGQYNHCDIP,0.7434069850320741
WMNPLCFARKQEDHVITSGY,0.7540983606557377
HSCFALYNTRKDEVWIMQGP,0.7377049180327869
FAWIKLGMNYPCHDRSETQV,0.7263007840342124
HADSLEFIMVPGTQRCYWNK,0.7348538845331433
LQYIAFSMTKHEVWGPNDRC,0.7348538845331433
GKDVYPINTRLHQCWEFSAM,0.736992159657876
RTPWAEFKSLCNVHMYGQDI,0.7312900926585887
RNKELYWPFIVQDTAHGCSM,0.7398431931575196
DTHVLEGNAFYKPIMCSWQR,0.7384176764076978
ELVKDAGISCRFNQTWMHYP,0.7355666429080542
CAIVTYNKRLEQSMFWGPDH,0.7441197434069851
DYMCTKLEGFPRVAHISNQW,0.7405559515324305
CNAMYPRTDLIVWHFQSGEK,0.7320028510334996
MAEVFLPNYCWQHIGRDTSK,0.729864575908767
DWVSYTGQEMFIHKNPRCAL,0.7576621525302922
KRMEDFGQATHNYLPCISWV,0.7341411261582323
CNPKRQWTGISLEVDMAYHF,0.7234497505345688
LKQESDWGHMTRYANIVFCP,0.736992159657876
ICHADEWFSGPYTMVKNRLQ,0.7412687099073414
RWHCFAYTNGSQVLMKDPEI,0.7241625089094796
TNYELQSDIPHFMVCAKGWR,0.729151817533856
HFEVTGPMSLNDCYARIWQK,0.7320028510334996
HEFSYMQVTDALRNWPICKG,0.7348538845331433
DGIEAPYSWFMHNTVRKLCQ,0.744832501781896
SPAYMQEHNFGKWCILVRTD,0.7384176764076978
FRIVCELWTHYAGSDPMNQK,0.7355666429080542
GKTQMPAELHIYDVRSFWCN,0.7362794012829651
VCEHFKTSNQYPGARDMLWI,0.7263007840342124
FAHRSGNTVPWDCLQIKMYE,0.744832501781896
WLKNQVPFMAGRTSHICDYE,0.7412687099073414
WYTMEHCKLDPSVFGRAINQ,0.7305773342836779
NHLTSWGYCVKPEMDQRFAI,0.7305773342836779
VQGDSHPNKACLETIMFRYW,0.7305773342836779
QPETKGVCNAYFWLSIDRMH,0.7362794012829651
VKFCTPYAGNSDELIQRWMH,0.7320028510334996
YFQLNDCTPRMKHEAVGISW,0.7327156094084105
PKGLFMHTSEWDNYVARQCI,0.7284390591589451
HIEMLVRAFPSTGWCQDNKY,0.7426942266571632
SRITQDLEHWGNMFPAYCVK,0.7334283677833214
ITWKDFVPHYLGAMECQNRS,0.7355666429080542
ENFLSCTIKMWYRHPGDVAQ,0.7469707769066286
KGCRHITNWYFVELMSDQAP,0.7377049180327869
FAMHYLDNEQPKSTIRCWGV,0.736992159657876
INGKCEQSTYAPFWHRLVMD,0.7248752672843906
FWKVYMCSIDTRPLAEGQNH,0.7384176764076978
HQWCSPYRMIALVFDGKETN,0.7355666429080542
ECVMAPIFDTLGQNKHRYSW,0.744832501781896
EASCVQGDHKPFITRMYLNW,0.7348538845331433
MHNSDTYGQFIEVLKPAWRC,0.7248752672843906
SNQFPAVWMKTICLGEHDRY,0.7348538845331433
NESTYIDFAVCWKQLPGRHM,0.7227369921596579
PWEHLQMTYRNFSIKGCDVA,0.7455452601568069
YCMESHLVTKQPINFRDWAG,0.7398431931575196
CIADSTYLHWNRQGKMPEFV,0.7227369921596579
LNRYFGVWAHSECTQIMDKP,0.7362794012829651
RAGPHMDNLYWFEQVISCTK,0.7334283677833214
HMGELQAWNSKVIYDRCFPT,0.7255880256593015
TCRHALMINEPDYQWVFSKG,0.7405559515324305
EGPCSVKAFLWYRITNMQHD,0.7398431931575196
KVQTCLYNRDSEIPAWMFHG,0.7426942266571632
TPMLWGFQAVKYNRCESDIH,0.7205987170349252
CRNMQAHPWSFYTKGIEDLV,0.7327156094084105
ITDLAYGWSMRNKVEPHFQC,0.7255880256593015
EQSYPIRDALTKFNCVWHGM,0.7391304347826086
MGTAFCYHWRNKQIDEVLPS,0.7398431931575196
VGQYEMKLPCFNITADRSWH,0.7426942266571632
ERHPFQIDTAVLKNYCGWSM,0.7284390591589451
LIDPAGMVCTWYKSHQFNER,0.7426942266571632
VEGCHKPDQLRTIYSFWAMN,0.7441197434069851
RWVIMELGTCAKFNPHSYDQ,0.7334283677833214
CPTMDYNAVGRKLFHSWEQI,0.729151817533856
NDIKAEPLYMVHWSTRGCFQ,0.7284390591589451
SDEVKMCFHRLNIWTYAGQP,0.7391304347826086
DCIVGRNYAEKLMSFTWPHQ,0.7441197434069851
WYPMDSERGKHLTFVQICNA,0.7327156094084105
RSQTPNDCLVEHGMYWFAIK,0.744832501781896
IHAFSNWLQTKYVCDEMRGP,0.7312900926585887
AGRHNQVKFWSMEPYDCTIL,0.7377049180327869
NDTAWVPSRLQIYKHMFCGE,0.7362794012829651
RFQLGMCETSDVAIPHYKNW,0.729864575908767
MCLNFYKDERSWVPAQTGIH,0.7355666429080542
AQETCWFYILSRPNMHDGKV,0.7441197434069851
VNMLGQCWSAKDPEFRYITH,0.7348538845331433
LWFMQHENISTVAPDCKGRY,0.7512473271560941
CSQFIGNTYAKRWHVLEDMP,0.7384176764076978
ERTHCMKSGYPWDINQFLAV,0.7462580185317177
KIPYLVNCRTWFMGQASHDE,0.7434069850320741
WGERACIQDMVFTNLYHSKP,0.7491090520313614
HMGWVNRQPDYSFCEIKLTA,0.7426942266571632
YGNIHKMDWEFAPTLSCVRQ,0.7483962936564504
LKVEMQDTFYWACNPHISRG,0.7312900926585887
YPLVTNIHQDWSEGRCAMFK,0.729864575908767
CDYKNTALEGSQFRIMPHVW,0.736992159657876
MWSATGIQRYEPVDFKLHNC,0.7377049180327869
QMNFGWEDCIKRAYTSPLVH,0.7341411261582323
VHSACWPKLTGIMQFDERYN,0.7405559515324305
CTWVNLYMPFAGEQHIDKSR,0.7341411261582323
APVFMQRGDSWEKYCITHNL,0.7263007840342124
KPIFLTHECQDMASRWGNVY,0.7255880256593015
MTEVIHLACQGKRWSNFDPY,0.7434069850320741
WDHSYQPLTAFGKERMIVCN,0.744832501781896
YADSIREPMFCHLTKGVNQW,0.7355666429080542
CNKEHGADMVPQTYIFLRWS,0.7469707769066286
ESMYNITPGDHKQRLCAVWF,0.7327156094084105
DPCSTFYAGRKENIWLQVHM,0.7377049180327869
FVKLMWSCGEQPTHDAIRYN,0.7391304347826086
WQGPLTDAERHVCMFSKNYI,0.729151817533856
SICEAMPVKTNWRDYGQHLF,0.7227369921596579
SHNVRIKCFPDQTGWLAEYM,0.729151817533856
EKDGFIMASQTNLYPRWVHC,0.7156094084105489
VRMFPDINTAWKHEQSGYLC,0.7398431931575196
RNYFHQKIGAWMCSDVPTEL,0.7284390591589451
VKWMFQYTRICSELHGNDAP,0.7305773342836779
GTYVPSFRMNQAEILDCWKH,0.7419814682822523
NCLSMTPEDFKAVHQIRWYG,0.7305773342836779
KPILEFDRGAMTVQCHSWNY,0.7362794012829651
RADTQSFKICNHWVGEMYPL,0.7377049180327869
ENAWRDMSVKGHLIQTYCFP,0.7327156094084105
PKQHDWCRNEVTFGYIAMSL,0.7469707769066286
CWATHYGKMNIDLFRSQVEP,0.7391304347826086
LIAWSYQMVHREKCGPTFDN,0.7213114754098361
MSCIGHAPNQETKWRYDFLV,0.7305773342836779
WVCPSYREDLNTHMIAFQGK,0.7327156094084105
MDNPGAHEYSQFWIVTCRLK,0.7341411261582323
PTNKLIQRGHCMWSVDEAYF,0.7177476835352815
GSPVYQDAELFKRICHMTWN,0.7462580185317177
THGVYEWMNACLRDIFSKPQ,0.7334283677833214
QWGTSPFVIRANEHCYMKLD,0.7426942266571632
HDGRMQLPASEFICTVYNWK,0.7441197434069851
LERMQDGWHYITVNCFSKPA,0.7441197434069851
WPLSANQEMIHCKVYDGTFR,0.7455452601568069
IQRGANDMYWHFCPEKVLST,0.7405559515324305
FSKGTVQRMYENWCIPHLDA,0.7362794012829651
LGNSQMKIPWVFDEYTCRHA,0.729151817533856
ESGTYLKFNRAQDHVPWICM,0.7412687099073414
HNILRKEAYCWMTQDGPVFS,0.7391304347826086
PTQDEMNAYKWLCIGFRVSH,0.7327156094084105
TSMQHDNLAWYFRKEVICGP,0.7555238774055595
DIMTLGVREYPNAHQWKCSF,0.7362794012829651
WIVGNHYRFSMQTACKDLEP,0.7398431931575196
PDRTIESGVMKYQLNWAFHC,0.7391304347826086
VQCARFWIGELTPSDHYMKN,0.7362794012829651
KPFIRTDWMECNVGSAYLQH,0.7312900926585887
FWCSTEHYGQMNPRIKVALD,0.7227369921596579
CWKILRHNYATDEQPMSVFG,0.7355666429080542
YNCKSIMHVRFWAGQPELTD,0.7391304347826086
KSERGFHPNMAYDVTQCLWI,0.7412687099073414
VTCQSWAMERNPIYKLFGDH,0.7377049180327869
HLWDNACVGYMTFEKRSPQI,0.7334283677833214
LVWCPHFKSQDENARMGYTI,0.7455452601568069
TRQPKFYGAWDCELIHNMSV,0.7348538845331433
KISWPDLTEYFQMHCRGVNA,0.7248752672843906
AQFMYITVHDEGWSPRNCLK,0.7334283677833214
KCTELDYIFVQGWAHPMNRS,0.729864575908767
GDCYRSQTLPVFIKNAHMEW,0.7505345687811832
EMVRAGFCPNKSYQDITLWH,0.7469707769066286
PKCLNGFHSDMWYATRIVEQ,0.7362794012829651
PSGQVMNDYCLIATWHRKEF,0.7277263007840342
YDSCMRQANFTWHKIVLPEG,0.7391304347826086
TKFDWCQLYEGVIRSPMHNA,0.7277263007840342
VRHTNGQCLFWYIAMDEKSP,0.7391304347826086
TRLQMHFISNYWPAKDGCVE,0.7384176764076978
DYKTQEGRWFHNPVALICSM,0.7270135424091233
CDWSKRLMTHQEYGNIPAVF,0.7377049180327869
RPMIYTAECHVKQFWLNDGS,0.7434069850320741
CRYLHATSKEDGVPFIQNMW,0.736992159657876
RDMTCEIPKYNLFAGSHQWV,0.729864575908767
HQTYPKNSFGARMCWVELID,0.7398431931575196
IHCGKDWMEANLFVQSYPTR,0.7491090520313614
EKWHFCVAQDSIGYNMRTLP,0.7213114754098361
PVEGDTAYSRNMCFQIWKLH,0.7177476835352815
ALFPCSKMVWQRYDTINHEG,0.744832501781896
HPSRIFCETYLVWMQAGKDN,0.7476835352815395
FNYQMKWIHDGSARCTELVP,0.7405559515324305
PYVHERMCGDSWINTAKFLQ,0.722024233784747
GMAVFNIDSRHEPKTWYLQC,0.7327156094084105
DISCYGPKHTNWMLVFEARQ,0.7540983606557377
KERDYQGSTLNAWFCIPMHV,0.7391304347826086
ASVWMTEDPKQINCHYLRFG,0.7227369921596579
ETIVKYLHQWGMNCRPASDF,0.722024233784747
TSLNWHAGIYRVKFMPDECQ,0.7227369921596579
HGSTWFPRIAQLYEKVMNDC,0.729864575908767
KANCLQDFSGTEHVWMIYPR,0.7405559515324305
WYHASKNMPVRQTDIFEGCL,0.7205987170349252
MDFCGILQYAKSVWHNTEPR,0.7284390591589451
QNVIHPWLSYCDATRKMGFE,0.7412687099073414
GYNTSDRLFEMIWCQKPHVA,0.7348538845331433
VRGASQCYFNTWKHILMPED,0.729151817533856
LQNYESGIPVKDRATMWFHC,0.7384176764076978
HLEFQWDGICRSYKVTMNAP,0.7163221667854597
RPMTDFCWNKAHYVLQGEIS,0.729151817533856
ERTYQSCPAFWGDVKLHINM,0.7405559515324305
EYNMDSCRGLTFHIQVKAWP,0.736992159657876
CAFMLTHSNPDKWREVQGYI,0.736992159657876
LSCTAEWDNVFRYMKQHPGI,0.7426942266571632
FLWMIEGHVPRNDQKASYCT,0.736992159657876
CWQRAEPIHYDNTSMFGVKL,0.7362794012829651
VCIPEGHSRDMLYAQKWNTF,0.7305773342836779
LYTMWAHFNDVKSCQEPIRG,0.7405559515324305
IEQLDAMGVHPTSWCNYKFR,0.7263007840342124
FRNICMQLYSTDPEAKWHVG,0.7426942266571632
TEPSIKAQMFCVHLWNDRGY,0.7434069850320741
HSPAKGNWCITDFEYRMQLV,0.7312900926585887
DCVSPNYKIWQMHFLEATGR,0.7441197434069851
MPGKSWDIYVAFTEHQRNCL,0.7412687099073414
TNWFQMVIYEAHPSKDGRLC,0.7213114754098361
TDMRCKYNVPSAEGWLHIFQ,0.7255880256593015
STCDEAHQIWMLNFPKRGVY,0.7341411261582323
QHSVENFGLICKMATWPYDR,0.7476835352815395
RHPLYQGVTMDNAWKSIECF,0.7270135424091233
SVMLCFKGRQYIWENDAPHT,0.7248752672843906
QGIRVTWAHKYPMSFELCND,0.7391304347826086
KRWMGPAQSDCYHLNIEVTF,0.7441197434069851
PGHLTVADEKFWCQYMSIRN,0.7405559515324305
PFEKVSLNWACYHRTMGDIQ,0.729864575908767
MFKCDGVLPWNRIHSQAEYT,0.7341411261582323
CPLAWQIMDYNRGSVEFHTK,0.7362794012829651
YMIHFGNWPRDSVQCELAKT,0.729864575908767
DVPRAEFIMKNGSCLYHTWQ,0.7362794012829651
EHPYCQWSTKNVLRGIMAFD,0.7355666429080542
DFGQIYEATKMRVPHCSNLW,0.714896650035638
WYSDFALVNMRKTIGCPHQE,0.7191732002851033
RFYHPLNQSCVTKEGIWDMA,0.7355666429080542
NHYRIPKQTAFDVWSLMGCE,0.7384176764076978
MFASEYQLDICKNPGWVTRH,0.7412687099073414
WQNTERHFMAVDLKCSGIYP,0.7348538845331433
RLHEWGPFSANKMCYDQITV,0.7476835352815395
AYCPFMQHNGWSKLVRDIET,0.7391304347826086
IDPGYFASTLWKRHMCEQVN,0.7526728439059159
EVFTDYGMSLIKAPQWRCNH,0.7426942266571632
RHQEMFVPWCNTIKALDSGY,0.7384176764076978
WVKFISHYPDLEGNTRCQMA,0.729151817533856
MKFVPGSQDWEICRHTYNLA,0.7412687099073414
TSKRQFIMLENYAGDPWVCH,0.7327156094084105
LQESIRDWVHYFGCNKPATM,0.7334283677833214
SETMHYNKRFGCQPLADVWI,0.7362794012829651
GALFWYDECMVSRPHITNQK,0.7234497505345688
ARTPHMYSKNQECDWIVGFL,0.7384176764076978
TMYASPIKVLEQCNFGDWHR,0.7405559515324305
TWRIHSPFKNYQMDCEGLAV,0.7405559515324305
RYDKSAWTEPNQIFMVGLCH,0.7327156094084105
NLTAYMEKIQRWPDGHCFVS,0.7455452601568069
FVSGAETMQDRCHLWKINPY,0.7362794012829651
NMIPDVQYERLSFCKHWAGT,0.7263007840342124
YQWPRACHDVTLMESINFKG,0.7405559515324305
FMHGSEPITWDNVKRQYCLA,0.7270135424091233
VHMPQTYSECGIALNRKDFW,0.7412687099073414
SWRQMGFCVIKEDAPLYHTN,0.7476835352815395
TNMPYFDWIHCVKGSLEAQR,0.7341411261582323
VIKCYLNEFQMDATRPSGHW,0.7334283677833214
KHWITLSMRGCPFDQEYVNA,0.7241625089094796
MGLHVDEYAPFWRQKTCNSI,0.7284390591589451
LVGWSPRDFTCAQIHNMKYE,0.7355666429080542
VLEAQHIWGNKYDRPSFMCT,0.7334283677833214
KCIEQGPTDWYVRNLMASHF,0.7377049180327869
RWQAIKHYETGDNMLVSCPF,0.7327156094084105
PHFWLINCDYREQVTSGMKA,0.7327156094084105
SCIFYPNWHMKVLDTREGQA,0.7255880256593015
EPDVLFITKNQRSYHCAWMG,0.722024233784747
CQEFDTPRIMKLGSYNHVAW,0.7248752672843906
NIQDAGKHTYRSEPMFCWLV,0.7327156094084105
SKLWYHVADFRITCGQNEMP,0.7384176764076978
KTEPWIVGRCAYNQDLSMFH,0.7248752672843906
FRNQLYTKSCWAPEIVDMGH,0.7362794012829651
SHAFRNKLEWPGMYQVCDIT,0.7263007840342124
MHLVRDFNSPKYQEIGTWAC,0.736992159657876
WFCSNRTAQGLVMKYHDEPI,0.7412687099073414
CFRKIDWVEAMHYTQNLPSG,0.7355666429080542
VFRTGAKMLPDSIYHNEQWC,0.7512473271560941
SLVKFPAHDMQGENTICYRW,0.7113328581610834
VLMDYAECFHRKGSITQPWN,0.7320028510334996
EWDAQCNPHGRFLSTIYKMV,0.7384176764076978
NRIWYVHMDLASFKEGTQCP,0.722024233784747
KCVPLYIHMDSTWQEAGRFN,0.7213114754098361
NTFDPKVMLSACIYQGHERW,0.7348538845331433
QSWHIMANYLCEFVPGKDTR,0.736992159657876
NYTFWHMSDLPIARGVQCEK,0.7284390591589451
TMGKVFNCAPHRDISEYQLW,0.7334283677833214
GLKQFTAIMRVCYDNHPSEW,0.7248752672843906
SWHFLVDNIYTQEKMACPGR,0.7334283677833214
WASFMQVKENGTLYPHCRID,0.7327156094084105
QDPTLNGCVFWEMYHKRIAS,0.7277263007840342
FDPEGTKHSLMCRIVWQANY,0.7355666429080542
AMDNWTVSEKCIQFRGLYPH,0.7248752672843906
VYKMWRSHTNEACPIGFQDL,0.7341411261582323
YTVLICASEHMNDKWRQPFG,0.7398431931575196
FKCNHWREVSGLTYAPQDMI,0.736992159657876
HGDNSTAPRQIYMVFKLECW,0.7362794012829651
DFSHLYGVQRCNWKAEPIMT,0.7270135424091233
GVHRMYWKLIQNTPECSADF,0.7205987170349252
ECDGTQVYLKIARHMSPFWN,0.7362794012829651
YWQKGPTNDVLAFREMSHCI,0.7405559515324305
CMWYNRDHILKTPGQAFVES,0.7426942266571632
NGWSAVYFTCHMDIPRKLEQ,0.7284390591589451
TDQMHFCWYEANISRLPGVK,0.7405559515324305
CGIHQFEWVSDLYPMTAKRN,0.7248752672843906
RAKINTPSWLQGECDFYMHV,0.7234497505345688
GRNSCVKEIHDLFWTYMQAP,0.7362794012829651
RFANWYDKTCQVGLHMSEPI,0.7384176764076978
MVFIEYSRATLGCWPKDHNQ,0.7434069850320741
VFCYTRMQDGSLWHNIAEKP,0.7419814682822523
MGFVQCPHSYTWARIDLNEK,0.729151817533856
HTNCMYLWSQPREIGVFKAD,0.7384176764076978
WACSMFHEVRGNTPQKLDYI,0.729864575908767
AICRFGLMNQEHSVYKWDTP,0.7348538845331433
LCHFENDWAYSPMIRGQKTV,0.7391304347826086
AKRILYFPEHVQCNGSMWDT,0.7426942266571632
YPMFSDLTHKWIRNACEGQV,0.7334283677833214
NSMAHCTDWREKLPIVQGYF,0.7312900926585887
HTYPNVKIFRSADLEWMGQC,0.7348538845331433
AGTESVNKCQRHIYPMFLWD,0.7327156094084105
AKCWLHTDQENSIVFGRYMP,0.7398431931575196
ETDVKQRSMNCFYHLPIAGW,0.7263007840342124
KWIYNALTVMCFEPQDHSRG,0.7491090520313614
IQLPSWVCGKNFTYERDAMH,0.7320028510334996
TWHKPRCMGFLESNYDIVAQ,0.7362794012829651
AHPCLNTKYWDVIRESQMFG,0.7198859586600143
NCKPIMHLFVWSDTYGRAQE,0.7419814682822523
QTYHFSCGPADKELVWMRNI,0.7263007840342124
LIPMQRGVCWKHYTFDESNA,0.7469707769066286
LSMDHICRGPQWETNKYAFV,0.7205987170349252
INEPQLVGMKHCTFRYDASW,0.7270135424091233
DGYVNWRKAMSFHTIEQLCP,0.7327156094084105
WHRPKTEAIYGQDVMNCSLF,0.7362794012829651
HKVPSDGCIMFEAYNTLQRW,0.7419814682822523
HEIRKMCYFSGAPDTLNWQV,0.7312900926585887
IPENACYLFDWRKMGVHQST,0.7405559515324305
RDQMNAFESTGCHIWPKLYV,0.7405559515324305
CFIETYKAWHMVGPNDRLSQ,0.7476835352815395
WKRMTQEILCNSYFAHDGPV,0.7412687099073414
SMEKDTARLFNQIWHYCGPV,0.7391304347826086
PVYHMTELAIGRSKWQCNDF,0.744832501781896
YKDETNCPQFGILMHVSRAW,0.7377049180327869
CRDFQLSWMKPYAEGTIVHN,0.7312900926585887
ETARSCDFGIKNHQMPVYWL,0.7391304347826086
YSAQIPLFWMHGNVDETRCK,0.7362794012829651
KFMARDYSQCTLVNGHWIEP,0.7469707769066286
SITAGRQYWDNEFPVHLKMC,0.7320028510334996
HMWSTFYRPIDGLVNQKEAC,0.729864575908767
LTDECKNSPMGQIRWFVHYA,0.7526728439059159
IVNYADHWTECMFQSKRLPG,0.7355666429080542
CTQAIMHKYELSDGNVWRPF,0.7455452601568069
FRMWINVATSQYLKEGDHPC,0.7341411261582323
KGMENVDWPCAIQHSTYRFL,0.736992159657876
FETRNCDVIYPQGSMALKHW,0.7263007840342124
IHGDCSAVFQWKNMRLTPEY,0.7312900926585887
CFMIYGPVHNQADSLERKWT,0.7483962936564504
GTYDFWRQKPCALHVSNMEI,0.7441197434069851
DGSFWMEIRKNLPTQYHCVA,0.7191732002851033
RTKVYIGMLAWENFPCSDHQ,0.7412687099073414
TIFKGRELWYMVASQHCDNP,0.7391304347826086
RDKPFLMYHVSTNEAGCIQW,0.7284390591589451
ASDIMHCWKPTNVEGRYQLF,0.7234497505345688
KDGTWSLFMYCIEVHQANPR,0.7405559515324305
WGSTKACNVYEFMIHDQLRP,0.7434069850320741
WGSFMDHTPVRACELIKNYQ,0.744832501781896
VLPIWQCYASNTMGFEKRHD,0.7334283677833214
EWMQNVKSACPGRTIFDYHL,0.7284390591589451
QSKVMLPCGYWIDNRFTAEH,0.7405559515324305
VYMENAPTDHQLIWGRKFCS,0.7263007840342124
NQDEMVLPFWYGTIAHSCKR,0.7619387027797576
HYSITPNCREQAGKWLVFMD,0.7327156094084105
YDIWLVCEKSRGQAHFNPMT,0.7341411261582323
PQEGTHSVWFKNLDRAIYCM,0.7263007840342124
YGTQCKESFARIVDWHMLNP,0.736992159657876
LNWPADFKCTHQGSYERMVI,0.7305773342836779
FEKNRCDWHAVSGYTQIMLP,0.7391304347826086
NSQAMIFRTPELDKYHWGVC,0.7334283677833214
NCKGIRSVQMEDHTAWYLPF,0.7255880256593015
MVQSPAWTYRGFIDCLKHEN,0.7384176764076978
VNEMGPSYIATCLRDWQKFH,0.7362794012829651
YEANSTLDIGMKFWVRPCQH,0.7227369921596579
EHVCDNMASPGWIYRTLFQK,0.7405559515324305
CPEIYRDLHVKTAMGQNWFS,0.7384176764076978
PYRNMDAFHQVIGKSTWECL,0.7213114754098361
NLHSGFYMTWCDAKVPRQIE,0.7441197434069851
DNIGYCMFERHKTAQSPWVL,0.7305773342836779
KEYWDGMSTFRPCVAQLNIH,0.7462580185317177
ICNGLKMDYHVWAPERSQTF,0.7205987170349252
YARQLFNSVTEMCPKDHIGW,0.7341411261582323
CMRDEQTHNSKVPWAFLYIG,0.7505345687811832
MLVCRYDANGEITFPQHWKS,0.7419814682822523
CTYPQSHIFKMEADLRNVWG,0.7263007840342124
RGSHIKTECYLPDAFVWNMQ,0.729864575908767
IFLMNQPCHYDVSETGWRAK,0.7441197434069851
FDMAWCERLVSTPKHIYNQG,0.7341411261582323
SHYMKACQLNRGDIFPVEWT,0.7341411261582323
RNAITVGYDQLHCPFKEMSW,0.7426942266571632
WYEKFSPTHAGCDMVQINRL,0.7177476835352815
EWMGVKHSLAIPYDNTCRQF,0.7277263007840342
EINTDFVCMQRWLHYAPKSG,0.7341411261582323
VLNHWFPSTIDMYKGCRQAE,0.7263007840342124
QTSHGAYKIWRVMEDNCLPF,0.7362794012829651
AGMYWLEVKPIHRDNTFSQC,0.7348538845331433
NTPAHSVKREMYCWLFDIGQ,0.7305773342836779
HADCMLRQGTNPSVKFWIEY,0.7412687099073414
CQSLNTGWAYIRPKHEVFMD,0.7348538845331433
DHWKMEYTIARGVPCSNQFL,0.7305773342836779
NHPQYESVCKWGIFALRMTD,0.7355666429080542
EKPNTRIAVQMSYCWDFLHG,0.7341411261582323
MTWDFKENIYPGVRHCQSAL,0.722024233784747
QGYINVSTRFLPCAEWKDHM,0.7512473271560941
APLSTKQFEYRDCGMNIWHV,0.7455452601568069
YHQDKVPCTGFIAWSLENRM,0.7334283677833214
VGPRIHEMFWKLCAQDSTYN,0.7419814682822523
AEYCDLQVHWRNKMPSFGTI,0.7398431931575196
VEMDRAFSKWNICTQGPHYL,0.722024233784747
HNKADYMTPRCVELFWGQIS,0.729151817533856
RWHFNYITVESDLAQMCKPG,0.7270135424091233
QEGVYPTAKSDCHIWRLNMF,0.7391304347826086
SDIGYLKVERFATHNWMQCP,0.7540983606557377
MEQDANLSHCVKWPIFRYTG,0.7327156094084105
PEFHYNMSGAQWCRTLVIDK,0.7227369921596579
TVRICLFSGYAPDNKHMQWE,0.7419814682822523
KQAIFNYCMLSVRWTPDGEH,0.7334283677833214
QMSGANDVHTWLIPRKECYF,0.7334283677833214
VPHWYFSNMCATIGEQDKLR,0.7455452601568069
SLVADEHCIPMGWRFNTQYK,0.7355666429080542
WSPQRACELTIDKHMVYGNF,0.7377049180327869
WFHTVKILGMSPRQEYDANC,0.729864575908767
RFVCLGWAIQMKTYSNHDPE,0.7491090520313614
CISYAQVFHMTDGRKLNWPE,0.7263007840342124
DQPAKHVMEITFGSYLRWNC,0.7483962936564504
HADGQFYPNTLKEWRCIMSV,0.7255880256593015
FDVHICWTMGEYRLNQKSPA,0.7419814682822523
KGAPLNQVFHYWCDIETRSM,0.7312900926585887
RKQAFSWNGEPVIYTLDMCH,0.7455452601568069
EAKYNFMRHQPIWLDSVCGT,0.7362794012829651
IDKTQANLHWPGRFMCSVYE,0.7434069850320741
IPFNYHRWQCVGDATLEMSK,0.7441197434069851
PINSMDHTQFVCYEWGKLRA,0.7362794012829651
IAPFEGHLWKCMRTYVDQNS,0.729151817533856
QHFSVKMPICTGLWEYADRN,0.7284390591589451
AVEPFIMKTWNCGQDYLRHS,0.7284390591589451
CSHGTMNDIQLFPRAKWVYE,0.7377049180327869
WDLQPNGEYATMVHRIKFCS,0.7355666429080542
TIHWVGDEQRKFYSCNLPMA,0.7455452601568069
MWEDNRLAQPKYTSIGHVFC,0.7213114754098361
VECGARPKQYNIFDWLHTSM,0.7405559515324305
QMLTPRYGHAISCNEFWVKD,0.7384176764076978
HDYERLNFPTQIGWACKSMV,0.7505345687811832
QHTWLPVAKSECIRFDYNMG,0.7405559515324305
GIQYAPVKCMNFTHSERDLW,0.7341411261582323
WCPVEYKSNHRAIGQLDTFM,0.7177476835352815
DCINESFHYLQRGATWVMKP,0.744832501781896
KYMTRWVSGPICNALQHDEF,0.7405559515324305
FWYNICVQELAMGKDHSPTR,0.7419814682822523
CWINAKYVETSRFMPDHGQL,0.7377049180327869
NESVQDMLAICFWHYRKGTP,0.7462580185317177
WYIKDHPTVMQCNELFARGS,0.7391304347826086
HNFQTVKRCAYPWEDIGMLS,0.7320028510334996
NIQMLHEWPAFTGCSDYKRV,0.7341411261582323
HVCLEYFIRSNTAWDMPQGK,0.736992159657876
WPSCENYQKAVDIMGFTLRH,0.7476835352815395
CFPWMIRYGLNDHQKAVTSE,0.7441197434069851
PQLKDFTARYNISGEWHCMV,0.7327156094084105
QHCPKWSNVDYFMRLIEGTA,0.7512473271560941
FSAYVQLPEIHRCGWKNMTD,0.7277263007840342
GLEKNPTMSAQFICDVRHWY,0.7355666429080542
GCVWMLQHASFNTRDPIEKY,0.7305773342836779
DRLCEPQIWYAHGTVFKNSM,0.7412687099073414
GWHYTRSIAVFDPKLEQCNM,0.7255880256593015
ILFVPSDAMCKYRETGQHNW,0.7312900926585887
EVQLKHDANTRGFPMSYICW,0.7341411261582323
QIYCLGKVTWARFSNHDEMP,0.7462580185317177
GRWVDPIASKYMQCETHFLN,0.7255880256593015
DNMCVAHYSLIGQREPWKFT,0.736992159657876
NMFPAYLSCVDREQHTIGWK,0.729864575908767
YILNEWMSTAFVHPKDRQGC,0.7469707769066286
QSEDGWHTLNYFVIKCAPRM,0.7455452601568069
DSQLPHVFGCTKWYARMNEI,0.7327156094084105
STEPWCNHYRIFLVMAGQKD,0.744832501781896
TLAYSRWFIEVQKCDNGMHP,0.7483962936564504
MTKHIGVQLPWNCARYDEFS,0.7483962936564504
GCMFIRYQTLNVHAEDPWKS,0.7455452601568069
SEITWQAVNRMKPYDGHLCF,0.7248752672843906
ETLGCVPSMRQDKIHANWFY,0.7320028510334996
KGMECRLPQSFYAWTHINVD,0.7248752672843906
HTLPIKAYQMSGEWNCVDRF,0.7305773342836779
HDPKAFTWQLGYCSNMRVIE,0.7434069850320741
VPLMWQYFGEAKCNDSTHIR,0.7526728439059159
MAPRKYFHLVSQWGNETDCI,0.7391304347826086
EFVCTDARNGSKMPYQHILW,0.7263007840342124
QIYFWRDTNGVAMEPKSHLC,0.7277263007840342
TSHMWFPVIERQAKDYCNGL,0.7405559515324305
MERLDIWQFKTGNHASPYCV,0.7248752672843906
ETLHNMSYCKFPRWGDAIVQ,0.7334283677833214
HVTRSDGPAQLCMENWFYKI,0.7391304347826086
QMWHGEVLFAIPCRKYNSDT,0.7505345687811832
EFRVCYLKPITNWHGMSDQA,0.7434069850320741
YWHLPMQNASDRGEKFTIVC,0.7405559515324305
IQKTVYLNRAWSHFECPMDG,0.7405559515324305
LKRWEHIGTDVAMCQNSFPY,0.7362794012829651
QVTAEDGCSLKRHPNIFYMW,0.7384176764076978
LRSFPKNQWGYTMAHEVICD,0.7341411261582323
PTVDLRMIAWHSQYCENGKF,0.7270135424091233
DLNCAIGYWKTHSEPVRQMF,0.7227369921596579
FAEQPSTIRMKVNLYGDWHC,0.736992159657876
ITYRHDSNKAPCFVWGEMQL,0.736992159657876
EGPRFAYTQCLHVSKWMDNI,0.7327156094084105
NRPDFSLEVWYIGQKAMCHT,0.7277263007840342
QDHEAYLTVRKGPMIFNSCW,0.7384176764076978
RIYTQCGNMPVHLADFKSEW,0.7391304347826086
CKENSRIDFYWQPHVGAMTL,0.7419814682822523
HIEWCYDPGLNSRFVTAMKQ,0.7405559515324305
ICGMEVTPKNFASRLYQHDW,0.7312900926585887
IENYMFGSKPACHQVTWDLR,0.7384176764076978
ACWSHLYTQDGPRVEIMFNK,0.7348538845331433
GNMCKDFSEQHARPYVTWIL,0.729864575908767
EYHTWSNICQRPLFGVKDMA,0.7398431931575196
WHPQRGFCVNSYDEIMLTAK,0.7455452601568069
SWHLKPQGVYMDIERTCAFN,0.7241625089094796
EGVKHQWIAPTFSRYNCMLD,0.7391304347826086
ECIKTRPVQFYHMGDASLNW,0.736992159657876
FVSNYAGWRMDTQEKLHIPC,0.7277263007840342
QNACGESLMKRVIHTDFWYP,0.744832501781896
ENVSLFDIPTAMRQGCKHWY,0.7270135424091233
NRKGHPDTQEFCVSLIWAYM,0.736992159657876
PGFIAQYLNHSKVDCRMTWE,0.7348538845331433
MTKPSHWVRIDQCGYFNELA,0.7391304347826086
WYCPRSIVFGLMHETNQADK,0.7320028510334996
EVKYMFSHLRTPAIWGQCND,0.736992159657876
FMDANVYCRQIWKHPELSTG,0.7305773342836779
MWHYRDAGTFKVNISECPQL,0.7312900926585887
LIYGNKQRDCPFEMHVWTSA,0.7462580185317177
HIQCWLYNAKGRESFMVDTP,0.744832501781896
HFIWMLSKQYPTERDAVCGN,0.7248752672843906
YPHRGKMQDFTCEALVISWN,0.7284390591589451
FTSHMAIEPVRKLDCWYQNG,0.7198859586600143
RKVGNEHSMADTCFWLYPQI,0.736992159657876
THEQSVGKLCDNMFIAWPRY,0.7327156094084105
FCRYKLDPMWHITANSQEVG,0.7263007840342124
AVYFSMREPKCQDHLWGINT,0.7405559515324305
EYDFGLSRHIPNAMQCVKWT,0.7263007840342124
SWHPYVMFNQLATKDRIGCE,0.7348538845331433
IWGDETLRQCVSPNFMKHAY,0.7384176764076978
RVAFWGEITCKMDSNHLQYP,0.7191732002851033
CDGMPYFVWQHNESTIKARL,0.7505345687811832
GHNMPVYEQCWIFDARTSKL,0.7391304347826086
MQGKVDNLRCYPESIWTAHF,0.7213114754098361
LQKAWRCPFSMGEYHDVTIN,0.722024233784747
HQMPRGASFEKLDNYIVWTC,0.7334283677833214
PRDLFYGQTHWVMKASECNI,0.7099073414112615
RWDVEYKQFNLTCASIMPGH,0.7476835352815395
YRCNDTAIWQVHEFGMSLKP,0.7341411261582323
DNATQCPFKMIVGSHEWYRL,0.7312900926585887
MFYKTDCIVQWGHRLASENP,0.7362794012829651
SHYPDFNWVEMGILQTCKRA,0.7234497505345688
GVFQSKNMTPIHDLYECARW,0.7384176764076978
FPAHICKWQESMDRGTVLNY,0.7419814682822523
IFMRWCDQGEPKVLSYANTH,0.7405559515324305
YALFHVTPICDGWMEKSNQR,0.7426942266571632
RGECIPTVKLNYMSQFDHAW,0.7384176764076978
HSTGFLWCQMIKEVPRDANY,0.729151817533856
PEWDLFYKVQIMHGCSATRN,0.7320028510334996
HGIMKPYWRQFENCVSLATD,0.7305773342836779
WLMDRVQTSKEPGAYIHNFC,0.736992159657876
KGRTEPWAMNVISHCFLDQY,0.7234497505345688
SPFDWIYGAQHRKVECLNTM,0.7362794012829651
CLMNIQDWPSTHEGKYAFRV,0.7419814682822523
NFCWLKYTHDPEVISRAGQM,0.7405559515324305
ALNPCKQMWSFGETDHIYVR,0.7377049180327869
FLWHVRTQECPKYNGDMAIS,0.7377049180327869
EKFDQPNISVWYRCLTHAGM,0.7255880256593015
ATDWFSQVRLMNCGPHKEIY,0.7462580185317177
SKWIGFCVLHNQDMAPRYTE,0.7334283677833214
RDYKSWPHFLIANTQMGVEC,0.7277263007840342
SHYEINWQCMLVRTGDKFPA,0.7412687099073414
KYNMQPWRDLCAGVEHSIFT,0.7426942266571632
NMFIESKWTHCQGRPDAYLV,0.736992159657876
YKFRQVGTNWLDMHPCSIEA,0.7312900926585887
MHQPDIVTSYCRLGEKWFNA,0.7277263007840342
TWLERMAQNKHVCFPYSDGI,0.7462580185317177
DYMFWQTLCAEPVIHGRKSN,0.7505345687811832
FCSVLENQPGHDRIWTYMKA,0.7377049180327869
PQERGLSDHFIYTWCANVMK,0.7255880256593015
KCNADTSLPEWQVRGMYFIH,0.7248752672843906
VNIAHYWEPGRCSQDTLKFM,0.729151817533856
CSNTARKGFYVIWPEMHDQL,0.7455452601568069
KGPYDQTAVNCESWMFLIRH,0.7405559515324305
GVFLQTDESAWCNPHKRIMY,0.7412687099073414
FDALGHTQIWCVYEKSMNPR,0.7255880256593015
VMENPYCKWDFGIALHQTRS,0.7419814682822523
HNGYDCKQLEFMSPITARVW,0.751960085531005
YNTRVEGISCKAFHQPDLWM,0.7284390591589451
GNYPVASTDFWHLKREQMIC,0.7263007840342124
GDWYTISRCFNVKMPAHELQ,0.7341411261582323
NTGICSWHLKDARFEMQVYP,0.7476835352815395
STNEQHPYDWKICFLAGVMR,0.736992159657876
IQYDLNVWHGSTKCRFMAEP,0.7355666429080542
QEHNRMPFITLWKCDVYSAG,0.7362794012829651
HVNILFPEYRDKGAQCWMST,0.714183891660727
MLFRGVQPSCTEWHAKIDYN,0.7320028510334996
PSEMFRGVNKATLWIYDQHC,0.7505345687811832
LDHKTIYCAGSMWPVNRQEF,0.7270135424091233
MANIFPDGQVHCLRESKTYW,0.736992159657876
EQPFNGCDLIRMVTAHYWKS,0.729151817533856
MWVCYTRDPEFHAKQLGSIN,0.7426942266571632
MKGTPFSNHACLVIRDQYEW,0.7398431931575196
QFNKDGRVHEAYSPLCTMIW,0.7434069850320741
HFATKGSVNPDLEMCQWYRI,0.7377049180327869
DLISNAYTFMERCPHKWQVG,0.7312900926585887
ANWISHTRPCVFQYLGMKDE,0.7405559515324305
YWTPRDGLCNIEMKAFHVSQ,0.7362794012829651
NGIETQFDPRAYSMVWKCHL,0.7441197434069851
PGVMDAHIWREYSKQLNTFC,0.7377049180327869
VQDMFTEHISKPCYNGWRLA,0.7348538845331433
KTEMAPFQLIGHSWCVRNDY,0.7419814682822523
GILVSANFDWHPCKMYETRQ,0.7270135424091233
EQNMVHDARKCTIWYPGSFL,0.7270135424091233
GWVTERKMLQIPSANHCFYD,0.7263007840342124
GIFEKDLWAHYMRSVQNCTP,0.7348538845331433
IGQHPCRSADFWEKTLVYNM,0.7398431931575196
NMCIQVRATGFLYDSPWHKE,0.7312900926585887
IKVCLWGEPHSTYAQRNDFM,0.7106200997861725
KGDEAWYRMVHSTLIPNQCF,0.7320028510334996
VRSFPTEIAWDQCKMNGYLH,0.7377049180327869
FIEDHVRAGLWPTKCYQSNM,0.7512473271560941
RHPKQFMLYATEVGIWNSDC,0.7491090520313614
WLDFSHQYCKAMPEINGTRV,0.7312900926585887
VAQWMHCIETDGSLKRNFYP,0.7191732002851033
ELPTDRVSQMFGAHKINWYC,0.7263007840342124
ALRQSIMDENHPYKFCVGTW,0.7255880256593015
MRPWVFSNIYQDKEGLTACH,0.7441197434069851
HIFNCTPEQDYKAGLWVMRS,0.7419814682822523
SGWDQVNPKFMTCALYHEIR,0.7462580185317177
RVEASIMNWTGKFYHCQDLP,0.7355666429080542
KMSVDCHFEWRPQITANLYG,0.7341411261582323
CYTKWGNFLVSQPIMDHARE,0.7384176764076978
KQVIENLTRCDWHGSPFAYM,0.7362794012829651
LNKDPVCGTFQIAHESMRWY,0.744832501781896
CQKLGHFWDERYMTNSPAVI,0.7476835352815395
AVEFYLQSKDRHMCTPWGIN,0.7398431931575196
DGHNRMTELFCVWIAYPSQK,0.7562366357804704
GLDTHIWRPNCSVMKAEYFQ,0.7284390591589451
NMIQYKRVLSEHPTAFGCWD,0.7391304347826086
RMEWGIDACQYHPKTVFNLS,0.7355666429080542
NRFDGLIVTSEWYCMPHAQK,0.7127583749109052
ASRHNMGWCPTEIFQDVLYK,0.7405559515324305
SFRIKCANYEVLGDPMWHTQ,0.736992159657876
IMCVGRQALYNFDHWKTPSE,0.7263007840342124
PKRFHGAQYNDSMLIVTEWC,0.7355666429080542
IGCFLAHYMEDKVNRSPWQT,0.7355666429080542
IFHKQNGYCPRTLADVMSEW,0.729864575908767
PGNHFWKAEDRYMLSCQVIT,0.7355666429080542
LTGADRNSHMEPCYFQIWVK,0.7327156094084105
HVFWNYTIQKGDMPCLEARS,0.7419814682822523
PDRGKVLAEMHTIWCNSYFQ,0.7341411261582323
FWGEHPVSAQIYTDNLCMRK,0.729151817533856
EKMHQAGDITYCNWSRVFPL,0.7384176764076978
DKHLVCPINSAGFMYTRQWE,0.7476835352815395
VCHAGINLPYQKSTDWREMF,0.7362794012829651
YWANVMCRTDKGESQHLFPI,0.7348538845331433
RYPIVHFLCDSNMTAQKEGW,0.7505345687811832
IPSHFLNQERCKYVWGATMD,0.7348538845331433
LIQGRNVACYHTMFDKESPW,0.7398431931575196
YLFHPKQDITGENSMVWACR,0.736992159657876
VIKWPRGDESQYHMFLATCN,0.7441197434069851
GSFKLMEADQRHPYTVWINC,0.7341411261582323
WRPYFETDKHGMLCSVAINQ,0.7384176764076978
KHFQLGPEWVTSCRIMAYND,0.714896650035638
FGVIKLNHTRPMSEYCDAQW,0.7377049180327869
KMDFNHTIWGAELCRQVPSY,0.7227369921596579
FQEASWRTGKVNCPDHIMYL,0.7377049180327869
AFYIHTNMDKLQWGVCRESP,0.7348538845331433
WTPYSVMHCKINDERGFQLA,0.7398431931575196
WPYQFLSHKRTGNMEDVAIC,0.7241625089094796
SCMWFIENHDVPAQTYLGRK,0.736992159657876
IDHAKEYSFMRLNCTPQVWG,0.7412687099073414
WFCIDQKNMGLPVTRESYHA,0.751960085531005
AMQECPRSDLNHGTVWIFKY,0.729864575908767
VSFLNRPTHKIGMAYWCDQE,0.7398431931575196
RPQYWSGLCENVHITAKFMD,0.7412687099073414
IKPSHDMRGFCNEVLQYTWA,0.7305773342836779
WYSPTFDGMLIVNHERQCAK,0.7426942266571632
EAFGCWNMHDTVKPYSRLQI,0.7341411261582323
LHYNWPGTIMVKCDRAFSQE,0.7320028510334996
EQFLDRKMSGVCYPANIWTH,0.7270135424091233
VNSTHLFWGDKPRICQMYEA,0.7377049180327869
HGVWLYSENFMQCTDRPAKI,0.7320028510334996
STQAVWGFYEDHPMKCRILN,0.7320028510334996
PIAYQSGWMKERVCLTFNDH,0.7412687099073414
NAIECFMLTSPYGDVQRHWK,0.7540983606557377
GEMCDAFRTPWVYNIHLSQK,0.7305773342836779
QKSDTPHYRAEVGMNLWCIF,0.7320028510334996
YDQFGHRSNVELATWCIPMK,0.7405559515324305
RDMELSGKAVCHQWYPTIFN,0.7248752672843906
AYSCVNFWTGLERHMQDPKI,0.7405559515324305
VEWRMIFYQSPLKACNTDGH,0.7312900926585887
MNLIWQAKHYRSFEGTDPCV,0.7263007840342124
YMPATFQVWIDHRSGLKCNE,0.7441197434069851
RTGSPWMHLDIKVEQYANCF,0.7441197434069851
FIVCQSMYGKDHRTLEANPW,0.7377049180327869
YVGQTMLKEPDCSAWIRFHN,0.7384176764076978
MRTIHSYAGFNWLPDVKCQE,0.7341411261582323
MLGVPEDHFICNTRQAYKSW,0.7462580185317177
GKWTHEYAVQPCNFSMRLDI,0.7334283677833214
DLPWKTHCEQAYFNSGMIVR,0.7312900926585887
DTCPKEWMYVRNALGFQHIS,0.722024233784747
LHKGQAYVMTPWCSDNFIER,0.7398431931575196
YLHKQPATGWDMVRICNFSE,0.7327156094084105
NDWKTEYPSQAFMCLIGHVR,0.7426942266571632
IHLCEAKNVFPSGDRYWMTQ,0.7241625089094796
SLQVDIPRHFMEAWKYNCGT,0.7156094084105489
SHPIRVGKMYEWLDNFTQCA,0.7426942266571632
DTFKINQHGRPWASEVMLCY,0.7334283677833214
MGLPYSRFCKATNHDWQVEI,0.7305773342836779
MYWICVFDPHESNQGRTLKA,0.7377049180327869
MQVIGPWNERKASCHDYLTF,0.7270135424091233
AVCINFYDREWGKTLMSPQH,0.7377049180327869
DCEWMVGNQYLKASHFRTPI,0.7320028510334996
GSIVFMEHQNRDWLAPTCYK,0.7327156094084105
DQGAYHMVTPKLWSIRNCEF,0.7441197434069851
SLCKATFHGVQNDEIYRMWP,0.7248752672843906
HRQNMAIYLSFCEPGWKVTD,0.7312900926585887
TGWCKRAVPENYIFDMQHSL,0.7156094084105489
YRWDKASMELGTVCFINQPH,0.7355666429080542
GNMQKFVYLSCDAWPTEHRI,0.7377049180327869
MTEFVLYDCHGAWNSRPIQK,0.729151817533856
DVPWSETIAGQFKMNHLCRY,0.7234497505345688
LKCGHTAIVSEYPRDQNFMW,0.7426942266571632
ITRMAWVECSDHFPYLNKGQ,0.7405559515324305
LSIHACKRDQGNPVWEFYTM,0.7498218104062723
HKFWQTENPMRLCDGAISVY,0.7412687099073414
EPQHSCVLKTMRNFYAWDGI,0.7426942266571632
FSETYVIRLMPHKCGAQDWN,0.7405559515324305
MAVRIFTQNPCHEDLYSWGK,0.744832501781896
AHCVDPMGYQRENSILKFTW,0.7498218104062723
TMPWIHLERYVDACFGSKNQ,0.7348538845331433
RLQSVWDTPHIKYGCFNEMA,0.7355666429080542
ELCVTHDQGSMAPYKWINFR,0.7469707769066286
FGLQVHICTKPYENSRWMDA,0.7277263007840342
VDMWFPNTECKSGIYRQALH,0.7191732002851033
MGPVNIACELFWSRTDHKYQ,0.7526728439059159
EFNTAYHCRIKDQSLGMWVP,0.7391304347826086
FMYGIVLDQHPCKTESNARW,0.7398431931575196
TPKCWAFRIYSLQNVGHEMD,0.729151817533856
ELFAITYDCSHWVPMRGQNK,0.7441197434069851
ITWEHDQKSFYMPGCLNAVR,0.7441197434069851
YFPTMHNISQRVECGDKWAL,0.7412687099073414
HCFGWELDSVTNPAKRQIYM,0.7362794012829651
VSCPIHKQRMYFALEDGTWN,0.744832501781896
TQRPLKVNGFWYASCIEHMD,0.7327156094084105
DYHKTRLWECFQGVSANMPI,0.7327156094084105
PDCQESILHRAFVTNGKWYM,0.7562366357804704
EPKFCNGVQWIDMTHRYALS,0.7234497505345688
SFTLAMDRVWHNYCKEPQGI,0.7177476835352815
EMTGLYKWIPNQHVFDSCRA,0.7498218104062723
SARWGLCDKVTHFEQNPIMY,0.7348538845331433
GAYHKIRTNCSMLQVEWFDP,0.7469707769066286
AWILTNEGDKSMFYVQPCHR,0.7377049180327869
YARSNVFWLGMTCDEIPQKH,0.7512473271560941
ALCDPNFKGQTERSHYVIWM,0.736992159657876
TIFWGPRHQKNDLVMCEYAS,0.7384176764076978
EFSRNMVKGAHIPDQTCYWL,0.7270135424091233
VESIMLDAFHRYKCWNGQTP,0.7377049180327869
QAWEHVMLFKGIYCTDRPSN,0.7355666429080542
LMNDFSYKWERGHTQICPVA,0.7170349251603706
YHDQFWPSMAEVTRNLGKCI,0.7248752672843906
YNCFDKLGHEMSPQRAVIWT,0.7205987170349252
VRDNTWQEAPLMCKFIHGSY,0.7355666429080542
CQETANVMWDFLRKHPYIGS,0.736992159657876
KLYRMEQHDANPGFTVWISC,0.7548111190306486
PWKDMNAVYETHSLQGFRCI,0.7277263007840342
NYFLDSKPGMQRVIWCETHA,0.7213114754098361
TIYWVFCNKMHQPASLDREG,0.7334283677833214
MPNVSDCEIRGLQATFHWKY,0.7434069850320741
WPDCHVGIKNRTFSQLYMAE,0.7348538845331433
EWMPCFHVTQLDASGYIRNK,0.7391304347826086
LWRTGCPIYMQNAFDHVEKS,0.7377049180327869
NIRASEGQMHTWFCDLPYKV,0.7412687099073414
MFWTYAKQHIESCVNPRLGD,0.7341411261582323
NHPAMLGRCFKEQIDTSWVY,0.729864575908767
CWREGAQNKMIFSVPLYDHT,0.7469707769066286
DMKWIYAPSHCVRNTFGEQL,0.7334283677833214
TKYSNIPFACVMREDQLGHW,0.7377049180327869
NAIWYQMVPTKCSGHRFDLE,0.7355666429080542
FWASMDEPTIYNKQGRCVHL,0.7312900926585887
VPSMFLWCTKDNQEGYIRHA,0.7341411261582323
NYMWACDFKPSTEHLVGRQI,0.7327156094084105
DCSKIYQFREGWNPVHMATL,0.7377049180327869
QECRTMIPFGDYWANKSHVL,0.7476835352815395
SGTFYCMILPHWKREAQVDN,0.7327156094084105
LFKGSWTVHREQCNPDIAYM,0.7434069850320741
QIYDGFACKTSENPWRHVLM,0.7284390591589451
FRDPMTKYELHSIQGVWCAN,0.7312900926585887
KCHMIEYLGQAWNFSRTDVP,0.7377049180327869
IDYCFAWEKQMGTLPNVRHS,0.7234497505345688
FPKRQSTMDEWGINLYCVHA,0.7312900926585887
DPRGYKMTSWHQELVAICFN,0.7398431931575196
ASQDMNFEYWHPLTIVKGCR,0.7469707769066286
PNLVHIEMDCSGRFKYWTQA,0.7391304347826086
WVDYHETRPFAQNIMGKSLC,0.7327156094084105
YWNCSLKARMDQHFTPIGVE,0.7483962936564504
FNMDHTQRCLASEYVGKIWP,0.7412687099073414
PGFWCIHYSQLMETVAKRND,0.7270135424091233
MICEWRHQYSLKDTNFVPAG,0.7377049180327869
FLINHVCMQEDPWYGATKRS,0.7483962936564504
DIGLPNEAWFTHSKYRCQVM,0.7184604419101924
IRYPSWHDMFQNLKCETAVG,0.7419814682822523
ALDPGVNWMEHKRQFCSYIT,0.7355666429080542
RCEDHVNSGTQPAFWYKILM,0.7377049180327869
QSFAHMKPGCREITVYDNWL,0.7334283677833214
GHDEFLNYIAMRQVSPTCWK,0.7405559515324305
KMWLIARHSFGVNQDTCEYP,0.7412687099073414
IFKESQPDYTNMRLHWCAGV,0.7469707769066286
AVQGNRIFYDTHCWMPKSEL,0.7355666429080542
RCIEKDGWAPTYSHMVQNFL,0.7320028510334996
GILNVCDKAMTYHPFQWRES,0.7334283677833214
IKTWQPCEDHFSALYRVMNG,0.744832501781896
LYETNKDSRIVAQMCHGFWP,0.7426942266571632
ICDYAGTNKELWRFPHVSMQ,0.7255880256593015
VEFCRTHYQMNPWIKDSALG,0.722024233784747
KTGAQMLSPWNDIFYVHREC,0.7327156094084105
MSATVWDNYPIHRQKECLFG,0.7312900926585887
QMWKILRECVPGSDATNYFH,0.7270135424091233
NGPDKWQTSYVHRCFMAIEL,0.7277263007840342
CMADEKFIGWPHSYNRVQTL,0.7405559515324305
CMYPNFSEIWQATGLRHKDV,0.729151817533856
ACLMYPKTFWIHRDGVENSQ,0.7191732002851033
HYAPIMGSLFVTCQDEWRNK,0.7491090520313614
MAHRPTDLIKGQWCFVSYNE,0.729151817533856
TYHCLANKIMPFDVWGREQS,0.7426942266571632
HLDNKIRVQMPAFSWTCGEY,0.7412687099073414
DAVWEHFIYPTRSKMNQLCG,0.7441197434069851
WMNACSEFQIDRKVPLYTGH,0.7391304347826086
FVIHGEDKQMTYAPWLNSCR,0.736992159657876
NTERVGKLYPSWDIHFQAMC,0.7341411261582323
FEAMTDWSVNQKRICHGYPL,0.7320028510334996
RENIWYMPHCTQAVKSGLDF,0.7234497505345688
GKNWDHCFAREISPVTYLMQ,0.736992159657876
RCEMTGDSPHQNFIWLVKYA,0.736992159657876
KEITSDGMFYPVQWHCNRAL,0.7426942266571632
HISRYFGLMCDKPAWVNQTE,0.7391304347826086
WNKQASVTHEIYDLCMPGRF,0.7263007840342124
KLSHPMQTGAYCVDEWNRIF,0.722024233784747
NKCYDQWVPMFGIHSRAELT,0.7455452601568069
KFLHYIWDRSEACVNPTMGQ,0.7426942266571632
DWTCQVRIAGYLPNSFKMEH,0.7476835352815395
PWMTKQHCAFDYELGSNIVR,0.7234497505345688
HSNGAMFIRLKQDYTCPEWV,0.7512473271560941
DFTWQEGPAICKHLMNRYVS,0.7405559515324305
VWHGQITEYCALPMSRFNDK,0.7384176764076978
MWEKVNADSQYRCFGTIPLH,0.7341411261582323
DTVQIYMWSLAPFGENRCHK,0.7384176764076978
EFNCLDIKQHPMARWTGSYV,0.7263007840342124
NDAFIMTEQRPYWCSKHVGL,0.7077690662865289
SYDENRKWCIGPQTFVALMH,0.7469707769066286
LNKFPEHQAMTYRWGVISCD,0.7412687099073414
RGLQAKNCMHDTEFVSYIWP,0.7277263007840342
QESFDVARYIWPHCLKNMTG,0.7277263007840342
TGHQLYFEWSMVKCIPNRDA,0.7255880256593015
AYQCGMIVFHKWDNTPESRL,0.729151817533856
MVSRWGDICQKLAEHYNTPF,0.7320028510334996
NQRLCYSVFEIAGHKMPWDT,0.7263007840342124
FRNVWCMAHKDLYTQEIGPS,0.7405559515324305
TGPIEWYKSDAFLNQMCVHR,0.7348538845331433
LFTMGKWIQHEVPCRNASYD,0.7441197434069851
FLDQATRHIPMYKEVWGSNC,0.7305773342836779
YREKDFTQLGVSPCINMWHA,0.729864575908767
DLKMHSCFPAQVYGNWTEIR,0.729864575908767
TSDFRHVWPINAGQCEMYLK,0.7505345687811832
SITWGMEAQDHYCFVLRPNK,0.7562366357804704
MFLHWQRADINCGESTYKPV,0.7384176764076978
LDIGHAKSPFMTVWREYQNC,0.7305773342836779
WEANIQTSYDLPHVGCMFRK,0.7284390591589451
NVYDCTGKWSAIFEHPQMLR,0.7334283677833214
EMKDWRGHLQICSYNVFPTA,0.7469707769066286
PYNSHQWETGILFRCMDVAK,0.7327156094084105
VGFAPKQIWYHSDTCNLERM,0.7284390591589451
CYNIGFKDTMHRVPQELSWA,0.7348538845331433
ILKWPHMTFECRDVNYSAGQ,0.7334283677833214
INWHSKAEPTDQGYVRLMFC,0.7391304347826086
TLPQIYFWARNGMKSDHCVE,0.7348538845331433
KNMQVPYHCTDIRELWGSAF,0.7305773342836779
GSIHVNACLEFRMPWTKYDQ,0.7277263007840342
VAYIPFWSGERKQCMHTDLN,0.7305773342836779
YDWALMHPCVEKQSIGTNFR,0.7305773342836779
AMIPQNYLSEHTVGKDWFCR,0.7419814682822523
WGMDHCYNLIKVQPFERTAS,0.7227369921596579
AHFMEWYVKDPNTISRQGLC,0.7284390591589451
ASCKYLMNGRQIHFDTWEPV,0.7348538845331433
PTKRGIWELSMHNDVCYQFA,0.7263007840342124
RGVEQINFLAPTWSKHDYMC,0.7327156094084105
WPQYLFGIMSNRADECVHKT,0.7270135424091233
GTPAVWRKLEDQCIYHMFNS,0.7263007840342124
KGDWETRFMLQPVNYHASCI,0.7284390591589451
VTQRFKDGSWCMAPEYLNIH,0.7334283677833214
GEYPVIWTLHQAKNFDRSMC,0.7434069850320741
DPGHIYEMCFRAWVKNLQST,0.7355666429080542
ESPCRTHNIWAGLKYFMDVQ,0.7377049180327869
HAVNIRCGFLSYMQPWKETD,0.7341411261582323
DRWGTANVHIQPLCYKESMF,0.7377049180327869
LASEQCNDFKRYHMVWITPG,0.729864575908767
YQKCGVEDATWPHNRLISFM,0.7348538845331433
GWIEADYPTCQVRMHSLNKF,0.736992159657876
NSACTKMLEPWRDVFQIYGH,0.7305773342836779
YELRSGKWIMAPDFNTVCHQ,0.7391304347826086
AILYGKWMTNRESHVDPQCF,0.7327156094084105
CFRTVQLPKYEAMSDGIWNH,0.7362794012829651
KDIHGFRQCEAYWVPLSMNT,0.7398431931575196
DCIEYWSGFVARNKHMQTPL,0.7355666429080542
KVMSYCTGLNAFWDRIQPEH,0.7327156094084105
ERHMLSPGDKFWYVIQTANC,0.7398431931575196
IYQNRHPLMAKSEDFVCGWT,0.736992159657876
KLYFCHIENGSAPMTDVRWQ,0.7312900926585887
SPWVMDKQLTICFENYARHG,0.7419814682822523
DACWVTQFKSEPHIRGLMYN,0.7377049180327869
VDIWRYMPHSNGLECTKQFA,0.7348538845331433
GWMKPDSHVYTQLNACFRIE,0.7434069850320741
FSMPDGLETQNRKVWHYCAI,0.7284390591589451
PQGTYMHSDCLEWNFRKIAV,0.7398431931575196
TAKRLCPYQEGWNSVDMIFH,0.7377049180327869
HWSTEVMRYLKGNIDPFCQA,0.7348538845331433
WQFTEAVRSCNGKPYDMHLI,0.7334283677833214
HVAYKCNWELTRDSIQPGMF,0.736992159657876
HQCGAIPTLMRFYDSVEKWN,0.7548111190306486
AFNSDYWVTGIMQPEKHCRL,0.7348538845331433
MVKACDFQERWGTPISNLHY,0.7227369921596579
WTFCESKPYNHDIVGLRMAQ,0.729864575908767
PVHFGKDWCSQENILAMYRT,0.7384176764076978
LHVWARGKDFPQTMSYCEIN,0.7341411261582323
VAEHSIKGQMFRTLWPNCDY,0.7441197434069851
SMQWRPCVLYDFITNHEKGA,0.7412687099073414
YDPSCEWKGMRFTLHAINQV,0.7540983606557377
HPEKSGQDACRTINLVWYMF,0.729864575908767
RAIDFNHVCMKGLQPYESTW,0.7255880256593015
LNVKETPYGWQFDSMAIRHC,0.7334283677833214
LAGVTWCNSKQMYPDEIFRH,0.7569493941553813
KEHPNQITRALCDGSWMFVY,0.7391304347826086
TKVWRGACLEDSMFHINQYP,0.7384176764076978
VIHLGAEYSCDNTRWFQKPM,0.7398431931575196
RMHWNGSYDFQPKITALVEC,0.7377049180327869
CKHPNGYMARFTWELSDIVQ,0.7476835352815395
NSHKCGMFALWPTREQYVDI,0.7483962936564504
HVRAYETNCSQGMILKPWFD,0.7362794012829651
LHQFIGWYTECKPADNRVSM,0.7241625089094796
IKTGPRYMCFNHQASWVLED,0.7327156094084105
GSTKIMQDVYRLPEHWCFAN,0.7462580185317177
CLWPREKNHVQIGAMTFSDY,0.7434069850320741
DLCRWYSAEIVQPHKMGNTF,0.7255880256593015
KMVTYCIHWGQEAPSNRFDL,0.7263007840342124
WPDTISGVCKFMHQENALYR,0.7312900926585887
ELKDCYRAPIGMNWHQTFSV,0.7469707769066286
QVISPLRFTEYAMHDKNCWG,0.7555238774055595
QIAYTGSHRWDVCMFLPNKE,0.7384176764076978
TDGKWAPRYHEFQCSINVLM,0.7312900926585887
NKSVPGMECQLDTFWIYHRA,0.7391304347826086
VHGAQDINTCYRKMELFPWS,0.7312900926585887
FLNAMEWHPVYIQCGKSTRD,0.736992159657876
QEGHIYPLRDMNFVSTCAKW,0.7348538845331433
HGKESQPLWATICRDMYFNV,0.7327156094084105
HKFSLPMIDVCRWATYQGNE,0.7327156094084105
CIVMGWFRQSLNHAYPTEKD,0.7562366357804704
AGTMWRDKYIQVECHPLFSN,0.7455452601568069
PTNIYKQFEWVSCLMHDRAG,0.7434069850320741
NKRYCVLHGISTQAFDEWMP,0.7334283677833214
TLRNICYADKWEGPQMVFHS,0.7355666429080542
MDNIRHSYCVFAPKLGETQW,0.7384176764076978
SGDKCELIVQTRMWHAFPNY,0.7377049180327869
EFIPCWQRDVLYKMTAHGSN,0.7419814682822523
CYRMKLWVISNPFAHDQGTE,0.7483962936564504
IERWTMQDSCAKVPHFLNGY,0.7348538845331433
IMAFVGNWTYLCRSQPHKDE,0.7362794012829651
GILYQRSHVWANMDEFPTKC,0.729151817533856
IEKGSTAFRDPLQNVYCHWM,0.729151817533856
WGYERFQCITLSKNDPVHMA,0.7476835352815395
STCIPVLDGNAEYFWQMRHK,0.744832501781896
GIWMFCYSQPELADNKHTRV,0.7213114754098361
TFLVEADSMGCPKNRWHQYI,0.7476835352815395
QWNCLRKTVADMFHSYEPGI,0.7327156094084105
HMAGPRFTWENIVSYLCQKD,0.7469707769066286
VRQCLINTPYASHGEMWKFD,0.7284390591589451
KNELCGYRHAFWTIVQDPMS,0.7491090520313614
SVWANHRMYFLEIPCKGQDT,0.7455452601568069
WLYMHFPSAQIEKVGRNDCT,0.7362794012829651
QMPCYGVSTNKHELADFRWI,0.7270135424091233
LQKDVSERMCFHIPTWNYGA,0.7441197434069851
PTDHYLQFIMGWENVSRAKC,0.7284390591589451
FGQRPNWASVKDHMEYLTCI,0.7341411261582323
MDSQEGVFTLIKACRYPHWN,0.7505345687811832
GEFKCNSWLQYRTHVPDIMA,0.7441197434069851
WMNFCKYLSDAGHVTIEPRQ,0.7405559515324305
HRWMASLENCYQKIGFPVTD,0.7355666429080542
SEIKVTFRANWHLMQYGDCP,0.7419814682822523
SMKGRIHQCDFVLPTNEYWA,0.7377049180327869
APYSFKDHVWRETLICQNGM,0.7391304347826086
RLKYSEWDVQHNPMFACIGT,0.7462580185317177
PRMYSNHEQCLIKTADGVFW,0.729151817533856
YSFDLVGWEKTNPHICRQAM,0.7205987170349252
WKLGDPCHVSRIFTEYNMQA,0.736992159657876
RQWDAGNLEYSTPFCHIKMV,0.736992159657876
RTKWVNQMAIPEHCFLDYGS,0.7398431931575196
CNELKIMAHVTGRYPFSWDQ,0.7512473271560941
RTVIFDCMHGANKLQSPYWE,0.7241625089094796
YGNVTIHEDMLWKCRPSAQF,0.7462580185317177
PTEWFQLKIVRDYGSMNCAH,0.7327156094084105
CRYKVIFTWQSGNPDEHMAL,0.7576621525302922
AINVSMLFQPTDCWEGHRKY,0.7213114754098361
HWLPIVTECRAGFMDQNKYS,0.7483962936564504
PDWMEYFGITSQHAVLRKCN,0.744832501781896
LMQWHYTSDPKFNCEARVGI,0.7334283677833214
VQGAIYFWNDKPCMEHTLRS,0.7327156094084105
PEQKMDLSWVTGHARYCNIF,0.7312900926585887
AQVTYLRMCDKHFIPSNGEW,0.7355666429080542
HAWYIKESMPDLCTRVFGNQ,0.7255880256593015
DETYSGQFWNPLACRHMKVI,0.7255880256593015
NSCWIYQHFEATDLRPGVKM,0.7512473271560941
GQNVFTSMEPYKAHWRDCLI,0.7277263007840342
PAKWESLHQVYITCFNRDMG,0.7284390591589451
QELRIVSGAMFHWNKDTYPC,0.744832501781896
FMGPLQDVTESHAWKRNICY,0.7156094084105489
YCSATGLKFWNPREVIHQMD,0.729151817533856
MDGSTPWFALRVNKIYQCHE,0.7441197434069851
LYIQHVTNAPDCFRKMESWG,0.7320028510334996
YAGEMCDWRKSVLPTNIQHF,0.7241625089094796
PERKTLQFISDAMVGCNWYH,0.7462580185317177
FLVNDTRHKQGIMYWPCAES,0.7341411261582323
GQDTWKIMLPYNARSFVCEH,0.736992159657876
GTIDVRMALWFNKYPHESCQ,0.7384176764076978
FHADILYEGPCNVRKSTWMQ,0.729151817533856
KFDIGNEMPWCASVHRTLQY,0.7284390591589451
TVFMCYRDNLEIPSHKQGAW,0.744832501781896
DHSKWEQGATMCRVPLIFYN,0.7476835352815395
WMTVKSILPEGRCFDNAYHQ,0.7398431931575196
VHIWMRATEYGDFSQKLCNP,0.7312900926585887
AYTDIVQKSCGWNHPRMFLE,0.7398431931575196
YLETCARPMFVQSGHIWNKD,0.7320028510334996
YLAVSWRHCINTDKPMQEGF,0.7334283677833214
IPVRWGQHATENLKSFMYDC,0.729864575908767
KAHPQNFVCRLTYEGWMIDS,0.7377049180327869
RQTILWDPGKAYFHENSMVC,0.7341411261582323
EKSNHGYQFMWCVTRDALPI,0.7398431931575196
KITGSACVQFYNRWDHEMLP,0.7362794012829651
KLPQSTFYIDMCNAVEGHRW,0.7526728439059159
ETFDVQRNCSGPYMLWKIHA,0.7377049180327869
DALGHNQPCTKYFIEVRMWS,0.736992159657876
RTFHVWMSIGNKELAPQCYD,0.7305773342836779
ITDHFSNGKWVALCMRPEYQ,0.7377049180327869
KNTWALGCQYFPMVIDHRES,0.7455452601568069
NYGEVACRLSIMFTKPDWHQ,0.7426942266571632
MKSGNHFLVAEDTQCIYWPR,0.7512473271560941
VTCAYNPILKRWQHSEFGMD,0.7312900926585887
GALVIMWPDHRCSTEYFNQK,0.7312900926585887
GNRCSKDIMAYLPHWTEQFV,0.736992159657876
LREFIYVTMAQWKGPSDCHN,0.7483962936564504
LKTAHWMFRSDVPECQNGIY,0.7419814682822523
FGENMPVILKQHSDRWCYTA,0.7084818246614397
DVCMSQGFKYIHNTPARELW,0.7341411261582323
DQIYMVSETACRKHGLFNPW,0.7341411261582323
TDMRNAGYPVKFEHIWCLSQ,0.7398431931575196
VDNKMTICYHPQLGSWAFRE,0.7412687099073414
EMVHCKTLNRYFIADGQSPW,0.7355666429080542
NESATRMQWFPLCIHDGVYK,0.7405559515324305
LKRQNVTWGIESMDPYHACF,0.7241625089094796
HAGNSQIEPYCTLMWVRKDF,0.7341411261582323
PMNKDWISLEQCVFGYHART,0.7398431931575196
LKPIYWMAVGDEQNHSFRTC,0.7590876692801141
QRWIVDSAYTHCFLGENMPK,0.7384176764076978
QDFGMIVRCTKWENHYPASL,0.7234497505345688
VDRCIPALQYNWFMHGSETK,0.7334283677833214
VGMADQFYSHWPNETKCILR,0.7270135424091233
SQPATLCEIWGKRFDNHYVM,0.7391304347826086
MGTPIAEDRQHLYSNCKVFW,0.7377049180327869
TAGCNLHYKRIFEMWSPVQD,0.7419814682822523
YPIDHCQWFMSVTNGLKRAE,0.7377049180327869
EWADVTCPFHNQLKISRYMG,0.7305773342836779
IEWQRCKPGHSNVTLDMFAY,0.7334283677833214
HEQLCGVFRKYSDWMAPTIN,0.7327156094084105
NIWYVEKAMHTDCLGFSQPR,0.7412687099073414
YWPVNHASIQRTCGEFKMLD,0.7163221667854597
CKFQGHRVAWEILNTYPSDM,0.7348538845331433
KHNAFQTEWCILSRDGYMVP,0.7184604419101924
HYMVRPTIDASFQELCWNGK,0.7398431931575196
YVFCITLWASKMEPGHNRQD,0.7405559515324305
SCINPGVDFAHTQRELYKMW,0.7362794012829651
HSCFIMTRKVGLWYAEDPQN,0.7348538845331433
MLTWCQNFVSADIRPEGHYK,0.7355666429080542
NDVMWHPRCGILFEAQKSTY,0.736992159657876
MDRFVGTHSAEILQNPWYCK,0.7241625089094796
EVKCWMAGRFIHTPYSQDLN,0.7305773342836779
PNQSYICMKAHTFLREGDWV,0.7491090520313614
SVQFINAEPDLYHMWTCRKG,0.7241625089094796
ADEKPNWYIHGRSQLVFMTC,0.7469707769066286
CAEYNFISPLDQGKTVMWHR,0.7327156094084105
LHFGCRADMEVIYPTKQNSW,0.7277263007840342
LWGIPSEVAYHRTCFKQMDN,0.7426942266571632
PKSRLWDTMFCYVGNQEIHA,0.7441197434069851
TCIQMPARNEYWSHFDGKLV,0.7270135424091233
TMKGCIFNSPWAVRQELHYD,0.729151817533856
AGPIKLWRVNQTDYFEMSCH,0.7320028510334996
KLIDPWCFVYGENMQHSATR,0.7191732002851033
YIHKNETRWVLCMDASQGFP,0.7177476835352815
LMGIRDANHYCEKQSVFPWT,0.7455452601568069
QLCGAIDPYFMHKEWSTNVR,0.7270135424091233
ICTSFAYWLGHRMVNKEQDP,0.7419814682822523
WGSDTHAMVPNLQYERFKIC,0.7284390591589451
KSRWIMYGHCNFTALDVEPQ,0.7377049180327869
DQECYVWAGMKPNSTRHIFL,0.7270135424091233
PWIKEFDMHRNYATGVCSQL,0.7277263007840342
TGWNHKDYIPLACFVREQSM,0.7426942266571632
PTKYHEWCNGAMVISDFLQR,0.7391304347826086
AQDHFPILSYVMNWRCETKG,0.7426942266571632
WDEALGQFTKNSVHMYRPIC,0.7334283677833214
RFLCWVSQPGHINKTEDAMY,0.7469707769066286
CKHFEQTGWILADYNSMVPR,0.722024233784747
NRKVSDHEAPIQYLMWFGCT,0.7405559515324305
MRHVAYDTLQSFEINKWGCP,0.7498218104062723
VITLRNSMHEQCYGDAWFPK,0.7312900926585887
IEVCHGTDKNPQSWLRAMYF,0.7362794012829651
KITCGRLMNDVPYWEQHSAF,0.7334283677833214
TQSLCVHIAMNFYPERDKWG,0.729151817533856
QHVDIEPYRNASGWTLMKCF,0.7277263007840342
HYNEDLGICWMPAQRKVSTF,0.7270135424091233
DTFMVHYCAPGKENQISWLR,0.7377049180327869
DALIHGKSNEVQTPYWRMCF,0.7312900926585887
DGVCRISKMPFHTLQAWENY,0.7348538845331433
TNHRIVCGSDEPLQAFYKWM,0.7391304347826086
LDYKHSNRGMFTPCIEAQWV,0.7505345687811832
IGMLWVPQYDKTFCARNSEH,0.7312900926585887
FADCKHGSEPYRWTNMILQV,0.7362794012829651
PQNFLMHAYTESWCKIGDRV,0.7113328581610834
SCMNPWHGRVATLFYDQIEK,0.7526728439059159
VMAEQDIKGLRPCTYWFNHS,0.7476835352815395
DVPYCASWHFLNKTMEQGRI,0.7384176764076978
FMPYQIECGVKSTHLWNADR,0.7441197434069851
STCKQRHYLWEIVGPMAFND,0.7512473271560941
NAHSRLDPMGFVCEYQIKTW,0.7234497505345688
LMSQWHNYPDCGREAVKITF,0.7391304347826086
ENWFHVITRLPQKSMYAGDC,0.736992159657876
GVLHMKFITDWPQYSRANCE,0.7277263007840342
RCFMESGIHLVWYKAPDNQT,0.7391304347826086
HWPNSIVLCREMYAFQTGDK,0.7398431931575196
INGVRDFACTSKYLPWQHME,0.7312900926585887
PHKEYDALRFWSNVIGMCTQ,0.7348538845331433
HKNYWTQECRPFVGADLMIS,0.7384176764076978
CTFEAMWSVYHNKLRIPDGQ,0.7320028510334996
YNTEVPCMGASQWHIDKFRL,0.7341411261582323
NMGCVWTPRLEHDAQSKFYI,0.7498218104062723
RPTEAGKCHILQWMSYFNDV,0.7312900926585887
NTQMDYFHKRSLPWEGAIVC,0.7312900926585887
YNDLAIMGTCKPQSVRFEWH,0.7163221667854597
QSRATECNPWGDKYMFLIVH,0.7312900926585887
MPTWYIDSVRNCFKGQHEAL,0.7312900926585887
FIEWVLNMQAGPYDRHTKCS,0.7227369921596579
AGIKPCEQSYRTHLFWDMVN,0.7441197434069851
ICNARPFDWYQLEKGMSTHV,0.7277263007840342
HKDEYIVGACFPMNTWSLQR,0.7434069850320741
HMCLTAPRYSNIEGQFDVKW,0.7320028510334996
AIMNDWYFPHEQRSGTCLKV,0.7412687099073414
VGNQKFSLEAIYPMDRCWTH,0.7362794012829651
DFCKHQSWIRVLTPEMANGY,0.7377049180327869
YTVDRKPNLMGHECWQAFSI,0.7327156094084105
YGCLFTQVRPDNIKSWEAHM,0.7263007840342124
LWPSTIKDHYVNMRAGCFQE,0.7476835352815395
VDIRCFLWQTNPHYKAGESM,0.729864575908767
PVGNYLHEWRCSKTMIFDAQ,0.7184604419101924
KVILRNTGSWYQMAPHFCED,0.7312900926585887
SMWVKFLGYNIEDHTRAPQC,0.7348538845331433
FAQLMSIPNKDGEHCRTYWV,0.729151817533856
HAWTCQYEFKPGLSNDVMRI,0.7327156094084105
QGIHYVAEKRTSMNDFLCPW,0.7434069850320741
YLSIAERFTCQGMDNWHVPK,0.7398431931575196
CWLDSHAPMTYVGIQNREKF,0.7284390591589451
SMKQYFRGIPAHETWLVCND,0.7469707769066286
FGEKYQWTMVCDSRALNHIP,0.744832501781896
IMGLCADYWEKTNQSPVHRF,0.7205987170349252
MWLACGESKYHFTNRPQVID,0.729864575908767
VEDYNWMSHIQARKGCFPLT,0.7284390591589451
ICPARGLENTYFHVSMKQDW,0.7348538845331433
CEKNYMQGILRVTDWFPASH,0.736992159657876
DAEGMNKSFCVHRTYWLIPQ,0.7362794012829651
TRPQADSLGMFCVYIWEKNH,0.7441197434069851
NACPGIYMFQTSRLVDHWKE,0.7533856022808268
RSIEVYFQDLNKMTCPAWGH,0.7327156094084105
LFGAVRQKTIEPWYNCHMSD,0.7362794012829651
GQKCALTMFYIWNHPRDVES,0.7384176764076978
IWFDKNLMCVGHPYEARQST,0.7334283677833214
SAFHGVQNKMCRYDITELPW,0.7198859586600143
PSEWYCIANLGRHFDMVTKQ,0.7270135424091233
MGHIACQYEPNRKFWTLSVD,0.7284390591589451
NKTRGHVPALEDIFQCWSYM,0.736992159657876
FSMTGQCIAVNHPLRDYWEK,0.7398431931575196
IVNSFAGYTDCKPLWQMREH,0.7312900926585887
KNTSEVWGDFIPAMHQRCYL,0.7391304347826086
WNATRYHLQISEKVCPMDGF,0.7205987170349252
WAINDFKRHLSYPQTECGVM,0.7312900926585887
MTQDFHANSWVKPLCIYREG,0.736992159657876
RVKEGDPQSATNFWHILCMY,0.7405559515324305
KHYDRWSMQAIGLNEVTPCF,0.729151817533856
LANSRPYGFKMVHICTDEQW,0.7270135424091233
TEDFQCRNIPLGHAMYWVSK,0.7426942266571632
VTESQGYPAHFNCKILMRDW,0.7284390591589451
VMFEKWHPRYSINGLTAQCD,0.7263007840342124
GIVAPQNDSMCWHRLYEKFT,0.7384176764076978
ELYTHQGVMNWCARFPDIKS,0.7362794012829651
KLGTPQWESYCINRDAHFMV,0.7227369921596579
MIQFAPYNLHEWCTSDRVKG,0.7398431931575196
LVIWMYQHEDTACKRSFNPG,0.7312900926585887
GMEHYPFTAKVLSQCNIDRW,0.7312900926585887
REPWQICDYANMSKTHFVGL,0.7320028510334996
RKHAYWIGLFSNMEDPVCQT,0.7441197434069851
HMWLEGRNIDKQAFTVYPCS,0.7334283677833214
YFHWCGVKMEQPARDLSTIN,0.7327156094084105
AHMQNIGTVKLPSWREDFCY,0.7355666429080542
NTILKRQFHEYMGVDSWAPC,0.7426942266571632
EADQPIVSTCWKMGFYHRNL,0.7263007840342124
VNRFPLHDIMKGWTYCESQA,0.7305773342836779
VRPMHGCKATELQDNWIFYS,0.7362794012829651
HACMIQGKFTNLESYRDVWP,0.729151817533856
MTQVRLDGIKHNWYPFECSA,0.7355666429080542
LNKDGHTRMWICVYEQASPF,0.729864575908767
VKDLSNYMEGFRQAHWTIPC,0.7320028510334996
DTMQNCGVHFYERPIWKLAS,0.7348538845331433
VNWAKMGHYIEFDPTQCRSL,0.7277263007840342
LVIMYGQCKPWNTDFHESRA,0.7412687099073414
IHEDMGWCLTARKPSQNFVY,0.736992159657876
TSFALDCNIHVWKYEPRQMG,0.7312900926585887
YDEMQLCSAIHTVNPKWGFR,0.7191732002851033
WVKIMRSCHFYTEPQGALDN,0.7255880256593015
EFQLRTNPHDSGVIYKMCAW,0.729864575908767
ETIGDFLNSYRHPQWACVMK,0.7334283677833214
GWDVQHMCTNFISERKPAYL,0.7270135424091233
HNDSKYGPFIEMAQCRLVTW,0.7462580185317177
CETQIVDRNGWYAKHMPFSL,0.7248752672843906
GRHQPYSDWFVKICMTLAEN,0.7391304347826086
RMYKGFHWAECVPISNLQDT,0.7384176764076978
TVILARKFDWPMHNYGSCEQ,0.7505345687811832
VPYRSDIHQFECANTMGKWL,0.7270135424091233
VYQKIRASWEGFNCHMDPLT,0.7419814682822523
KDRSGQNHEFCTIYMWPLVA,0.7576621525302922
PDLCSHGINETMWFAYRQKV,0.7391304347826086
IVGSKLYENFDMRTHWQPCA,0.7434069850320741
QHAMFWKGILPTDNCSREYV,0.7312900926585887
WIHFQVGYCMAEDNKRTSLP,0.7270135424091233
VCPNEDHKAYTQWIGLSMRF,0.7362794012829651
GLFAKHMVPIQEDNRSYTCW,0.729151817533856
AHKEIWVLQMYGFTNRDSPC,0.7434069850320741
GQEIYNHSCPATLFMKWDRV,0.7548111190306486
ELSNAYWDFTIGRCKMPVHQ,0.7156094084105489
YFQDESMGTPNLWVARKIHC,0.7419814682822523
MCYLRADSGKQPEIWFHNVT,0.7469707769066286
MHFRIQTANELSKCYWPGVD,0.729864575908767
NWRHQEILKMTCGDPVYSFA,0.7391304347826086
KEMLQIDSYTCAPFVNRGWH,0.7462580185317177
EMHQTYPVNKICGRWLDASF,0.7434069850320741
GQFRDSAIKYNEWLPTVMHC,0.7312900926585887
SYLEAFNWDGRQMCTVKHIP,0.7533856022808268
QYNKEWHMILDAVRGFPCTS,0.7398431931575196
MWATDLYRGVSFEKPNCHQI,0.7320028510334996
GAVTEPHDWINLCFQMKSRY,0.729151817533856
RHMGFLVPYWKQNITECSAD,0.7227369921596579
YLNSMGFVWAHKTRQPIDEC,0.7398431931575196
CGLMQSEWINKPHFYVRATD,0.729864575908767
FNITLPDASEMWGQVHCKRY,0.7476835352815395
AQCVGKWNSTRPDILHMYFE,0.7312900926585887
VFWKRQSDGMCLTIAEHYNP,0.744832501781896
HAPMRLCINKVQFEYGSDTW,0.7377049180327869
RKQSHWILFDNAPGVYMETC,0.7355666429080542
EWDNPYVGMQITFCRLKHAS,0.7384176764076978
AYGFLPEVNTMISDWCKHRQ,0.7241625089094796
AYRMHGEPLFNQKSTWIVCD,0.7412687099073414
YLTSCIVGFRHNQDWMAPEK,0.7483962936564504
HYCDRLFGVIWEKNTQSPAM,0.7419814682822523
FCPQEKNGRTMDWLHSIVAY,0.7334283677833214
ALRCNQPGMDYVFHEKTWSI,0.7327156094084105
MTNASDLEGVKPIQRYHFCW,0.7284390591589451
SQYHNGIWDPCAFVLMKTER,0.7526728439059159
VKYERFMPWGLASHTDQINC,0.7348538845331433
QITPSLECYMKRVAGFDWHN,0.736992159657876
QKMCTGFLIYPHDASWRVEN,0.7355666429080542
YWRCPDSVMNIQTAHFKGEL,0.7384176764076978
QCFYKLVIMWGHTPNEARSD,0.7355666429080542
YEPFDICLTSMQRVGWKNHA,0.7255880256593015
AHDKRPGFLWTICYEQMVNS,0.7483962936564504
QYLPMFCAVISTERHNWGKD,0.7391304347826086
SLDWCTKGFVEAMYHRIQNP,0.7327156094084105
KVFDGEPSLRAMHIWTNCQY,0.7320028510334996
WSNEGTDLRIPCHQYVFAKM,0.7498218104062723
WQCYAEGMTRSIVPFKDLHN,0.7270135424091233
YLWCAHQDSFIRTPEGKVMN,0.7412687099073414
RLMYHDVANSPWIGTFKEQC,0.7476835352815395
HGAEPLKSNQIYRTMWCFVD,0.7320028510334996
HNELKASGCQMFRDYVWPIT,0.7419814682822523
GASHCYPEDNKQWIMFLRVT,0.7426942266571632
RNAVETQCHWDIFMSGPYKL,0.729151817533856
GISPRQFYNKVTMDLWCEHA,0.7384176764076978
WKLPARFNGMYDECHQVTIS,0.7491090520313614
IWMNLPYFGAQECSKHRTDV,0.714183891660727
NGEVKWFPRMDHTQASYLCI,0.7377049180327869
NFKERMPTAVWGDICSHLYQ,0.7412687099073414
NLDMPQGARKTFEYSHCIVW,0.729151817533856
NHGKYWACMQRTIDFVSEPL,0.736992159657876
LYWCQDETHPVAFMNRSKGI,0.7441197434069851
SHACFKDQWRLIVTPYMGNE,0.7355666429080542
YQLPSRNCHKMDTGIEWAVF,0.729864575908767
DSACNLYWIEQKHRVTPMFG,0.7362794012829651
TLWIQRVKENYMDAHPCFSG,0.744832501781896
GPDVIHQMFLYKNETACRSW,0.7434069850320741
QDCRIYFSHEWVAMGLTNKP,0.7405559515324305
KNFITVWCSRMHQGDYEAPL,0.744832501781896
HKDMQYGNVECRWAILPFTS,0.7476835352815395
CSTPKEHVAIMNRDQYLFWG,0.7441197434069851
MWSGLTNDKQHCRAIPEYVF,0.7377049180327869
TNEKIHRYASDWCFLVPGQM,0.7426942266571632
WMELKCIDYHTNAVFRGSPQ,0.7533856022808268
YLTRIVENGQFCSKHAMDWP,0.7384176764076978
VKMWSTQNYHCPLGDRAEIF,0.7191732002851033
GLDAYRIHSWVTEFCNQMKP,0.7191732002851033
AYGRPEMLKVTFHDWIQNSC,0.744832501781896
KTVGEQHPMLFIYCNRSWDA,0.7419814682822523
VQSDIWPCGRTMFYEHNALK,0.729864575908767
LNKTGVQMWSPHYECIAFDR,0.7284390591589451
CKTQSAWEYMDHGIPLVNRF,0.7434069850320741
QVCPIASDYLWFGNRTMEKH,0.7555238774055595
VNADKFTSLYERHMIPGQWC,0.729151817533856
RHIPAFDQYELCMNVWTSGK,0.7419814682822523
YDTACMVWFPQGLINRKHSE,0.7327156094084105
SCMQILHTERYKWDPANVGF,0.7248752672843906
HEYGLMSPVIAWTNFKQRDC,0.7320028510334996
ICRTEVKDWNMFPHQYASLG,0.7327156094084105
VYDTSGNKEWMAHLQRFCIP,0.7426942266571632
PVCETWFQIKSDHGLRNMAY,0.7426942266571632
WHLMNKGRQFCYITPVESAD,0.7198859586600143
ARFLMVDNESIPYKGHWTCQ,0.7405559515324305
IKWDGLPNVSTCEHAMFYQR,0.7412687099073414
PGYSEKMICFWADHLQRVNT,0.7234497505345688
QMHAESNCPWFDLVKGTRIY,0.744832501781896
WSYRTNMADKHPEQLCFIGV,0.7391304347826086
ELYNAVKSRCPHMIQFGDTW,0.7277263007840342
NVRTWFQGYMPLAEHDKCIS,0.7426942266571632
CYEPHWQFGINSLMAKTDVR,0.7270135424091233
PCFTYWENSQKDVARIGHML,0.7341411261582323
CRPMIYWTAHLNSVEDFQKG,0.7362794012829651
WSDTEYCNVGRLQFHMPIKA,0.7184604419101924
PKMQTWCVAHFSDYNIERGL,0.7305773342836779
ADHIGFLCPQYNEMWKRTVS,0.7263007840342124
TGWANSQFMRIEVPLYCDKH,0.7412687099073414
SIYCMKWHPTARNQGELDVF,0.7205987170349252
RYKAFMTHLWSPNCVIQDEG,0.7277263007840342
NYPAGHDFSIELMCWKTVRQ,0.7441197434069851
FADKMYSCVTIRLHPQNEGW,0.7377049180327869
MNVACHIFRQTWDKGEPSYL,0.7277263007840342
LQDVATRSMWNGCYIHEPKF,0.7334283677833214
CLVAFDSKGMEPYQTHNWIR,0.7127583749109052
THFVNASQRGKYIWLCMDPE,0.7377049180327869
MKAYWFEHIPNCQLRTVSDG,0.729151817533856
IDKFGYMVQLRNSTHWPAEC,0.7156094084105489
LNVGIEYCQAWDSMRTKPFH,0.7362794012829651
WEICGFDPHRLYQNAVTSMK,0.7419814682822523
MNHVCERPWKASTYGFDQIL,0.729864575908767
SKHWQGIDYLNRTAPEMVFC,0.7355666429080542
TYVHKIELSFNPMDAGWRCQ,0.7426942266571632
PQMSYKCATFLNGDRIWVEH,0.7355666429080542
KAGFICYMWRHTVDQPLNSE,0.7405559515324305
DQPSRFAMIKNHLVGWYCTE,0.7469707769066286
FKTNQEHLCIWRPMAYGVDS,0.7334283677833214
HCMWEFVQDARLTNPSKYIG,0.7533856022808268
FWTNCQPHIRADELSGYMKV,0.7398431931575196
GWDISMHREQPFTKLCNAYV,0.7384176764076978
QSWRAGDPLNFHVKCYTIEM,0.7320028510334996
FQKWITLDYCAPVHMRSNGE,0.7362794012829651
YIQACEVPTLKNSRFDHGMW,0.7384176764076978
EDVCWHYGAFPIRTSNMLQK,0.7362794012829651
PGLYTHNCKRQSIEVWFMAD,0.7398431931575196
LHSNQCATEIKRYVGFMWDP,0.7412687099073414
HQYPIMDCLNARGTEKSFWV,0.7412687099073414
PHAVKDICLWEGMTYNQSFR,0.7312900926585887
YCWATEDRKSNMIHFQVPGL,0.7248752672843906
AECDMHVSWTFYPGQLKNIR,0.7426942266571632
LDPAQFKIRHNEWTCVYSMG,0.7255880256593015
PSAMTWKHFYLGNEDVRQIC,0.729151817533856
FLDTEHYSMPRWIVQNACKG,0.7277263007840342
KWDTGVQMCFHLSIANREPY,0.7255880256593015
WQHVMTLCSPYGNERFAIKD,0.7498218104062723
FPNKHSLCTRIQAWYEGVDM,0.7241625089094796
EDVIMFHYATQNCWSLKRGP,0.7198859586600143
CHKPGYVEASRWIMLTNFDQ,0.7555238774055595
MNCPKWDALGRHYSQVTEIF,0.7277263007840342
EKPFHQLYIAWDGVNSRCTM,0.7184604419101924
VLWMDECRSQIHNTAYKPFG,0.7348538845331433
LNYPHDFGVIQMKSAERTCW,0.729864575908767
QWINDSEGRFMYKLPVHCTA,0.7434069850320741
PKGVQYNITCRESMLHAWFD,0.7284390591589451
WCEAISQPVTGLYRMFDNHK,0.7355666429080542
DGPACQNEVFTSRWHKYLIM,0.7377049180327869
LMCSVYPRKTEDFQINGAWH,0.7248752672843906
QGEPIWFADKYNMSTRLVHC,0.7483962936564504
DVWPAYLTFEHGICRSQKNM,0.7362794012829651
YMVSPQWENDHKGFCILATR,0.7384176764076978
LEMHQVIPYNKDRWGSTACF,0.7455452601568069
MDCYGHWSPQLAVKFREINT,0.7384176764076978
YAGLQDNCESMPRKWHFVIT,0.736992159657876
FHKDCWELYQPGNAVISTRM,0.744832501781896
RHNGKPMLWCQSADFVEIYT,0.7434069850320741
RKAFMVQNCHYTEWPSGILD,0.7205987170349252
TEYQVLRCPDWSMFNKHIGA,0.7434069850320741
QHCWMTERAGVLPIDKSNFY,0.7412687099073414
WKRHDAMVYQGISPLCFTEN,0.7469707769066286
SVPIATFKGYDMQCNWERLH,0.7483962936564504
GVKILNYQEHAWMDTSFCPR,0.729151817533856
HEGFVCRMIKQATSWNYPLD,0.7213114754098361
KTMFPEWIQLRHNVSGDACY,0.729151817533856
GPMTWHYKFAECINRLSDQV,0.7434069850320741
RMWENAGSCQDIKLFPVHYT,0.7405559515324305
WHVNYITAPQGELFCSKMRD,0.7334283677833214
DVGMHFANYPSTRIQWKCLE,0.7305773342836779
AMGTRDPKQSHEINVLCFWY,0.7398431931575196
LKHSNIETQFWMRCPGAVDY,0.7327156094084105
PQRNCYEGWFSVILTKDHAM,0.7441197434069851
VHDIERMPATKYNFGSLQCW,0.7348538845331433
ETKRNDWGLSVHQCAPYIFM,0.7327156094084105
IPYVKQFSCLDTNGWEMRAH,0.7277263007840342
YWNLDVGAFKCIERPMQHST,0.7205987170349252
HDAMFKRVSEYNPLWGCIQT,0.7462580185317177
NQGPRCHELSYKVDWMIAFT,0.7355666429080542
MANLQWSFDPYEKVGCIRTH,0.7377049180327869
DSYNHLAKMTQGPWCEIRVF,0.7205987170349252
FGCPWSVRYDQMTAKLENHI,0.7284390591589451
RFAPDEHVNILMGSYCQTKW,0.7377049180327869
TQSRDKFEHNILCGAWPVYM,0.7398431931575196
QNCSGFRPLYWHVKIATDME,0.7405559515324305
QNSIERLPGYTFDHMCVWKA,0.7412687099073414
PFIGEHNTVYDSALKCQRMW,0.7434069850320741
KWQFYVHEADTPRGMNCISL,0.7305773342836779
HKGWNLDCPVYASREFMQIT,0.7205987170349252
QKHCIANRMWSPETGVFYDL,0.736992159657876
INVSPWHTKAYQDECFGRLM,0.7241625089094796
SGTIPLWYCVRNFMAEQHKD,0.7476835352815395
GKPAWCFQRSEVDYILMHTN,0.7241625089094796
LQDYSGRVFNPATKECMIHW,0.7334283677833214
HAMWPTDQNECRGVKYILSF,0.7320028510334996
DNLFHRVAKWGYCMQIPTES,0.7355666429080542
WTRIGALSDENCMYQFHPKV,0.7398431931575196
GEWHAVNCMPILQTRKFYSD,0.7320028510334996
EWQCYVALRMPTDKIHSGNF,0.7341411261582323
LPFAWTSVYMIGCKHDQNER,0.7405559515324305
QCRLVGFYINTAWKMHSEDP,0.7355666429080542
ATEDLHQFRGIPWSKYCVMN,0.7305773342836779
QCINSDFLKGVTWAPEMHRY,0.7398431931575196
DVMWQFTCLSIANRHPEYGK,0.7405559515324305
GTQVHFWIKPNYELSRMCDA,0.7305773342836779
ELYNIARPDQHFSCVGTWMK,0.7355666429080542
HDPVKGMYWSFQCAINELRT,0.7377049180327869
RHMLGFKDEWYTQVSCIPAN,0.7391304347826086
DIVFECALPWTSYHMQKNRG,0.736992159657876
RSLCGVNTKHEMQIDPYAFW,0.7305773342836779
IERFDTWQMYNKGPVSCHAL,0.7305773342836779
HSKAFTDEYWMCVGLNIQRP,0.7377049180327869
WTACYQDRNKPELHMSIVGF,0.7305773342836779
ELDWKYTQRICSAGFNHMVP,0.7284390591589451
FNRAWIKPEGSCVHYLQMDT,0.7312900926585887
GKDTNQAHRYIPFCEVSMWL,0.7391304347826086
CYQIAVWLFNHTERPGDKMS,0.7476835352815395
TYFICDQRVGKHWNMSAEPL,0.7398431931575196
DGVTLKQMNFACHYIEPRSW,0.7241625089094796
IHVGMKTCQREPDLFASWYN,0.7384176764076978
EYTGMPKWCRLNISDQHFVA,0.7476835352815395
IHELCRDYFWTSGPNAVMQK,0.7419814682822523
GYSNWRTDAQVFEPICMKHL,0.729864575908767
MHIASGNKYFPVEWRTQCLD,0.7312900926585887
HLDFKRNIQYSWMAPECVGT,0.722024233784747
DKYHCWQTLAGSPMFVENIR,0.744832501781896
IHDCWELVMFNYKRTPAQGS,0.7384176764076978
SMVLADHKEQRCPTFYNWIG,0.7391304347826086
YRSHCNTDEGQPVMAFLKIW,0.7434069850320741
FNTDHLEGYVKWCPSMARIQ,0.7327156094084105
WKYVDMSPAGIFTELCQHRN,0.7455452601568069
WGHDPCMKQRTIANYVLSFE,0.7334283677833214
AQLYPFCMWGHIDERVKTNS,0.7320028510334996
CNIVPFKSRLTWDQAEYGMH,0.7619387027797576
YQEWCSRKMTFNHIGLPADV,0.7469707769066286
VHQMCYTNPDWFIKSRGELA,0.7348538845331433
LDNAKYFCEITMRQGHPVWS,0.7398431931575196
FGLQDNAEVYHMTRIWCPKS,0.7405559515324305
PCDAGQIVEHFLSMTWYNKR,0.7362794012829651
LGCWEHNDQSTMYIVPFKAR,0.7526728439059159
TGYSNFHVCALQIPKDRMEW,0.7334283677833214
WCRVIKEGQPADNLFMYSHT,0.7320028510334996
HDECTSYLPRFWGAQNIVMK,0.7491090520313614
ASDVRFYPHCLKTNMEWIQG,0.7405559515324305
QSMDYCVANRWHTKLIFPEG,0.7270135424091233
QWFESNHMLCYATVGRDKPI,0.7377049180327869
DPLITHGVKWMRSAFNQCYE,0.7341411261582323
GICENTWDRFQSLHPVYAMK,0.7405559515324305
NCAHMWITYESPVKDGQLRF,0.7284390591589451
MQWPLSKEIVRDATHCFNYG,0.7334283677833214
SDLRKVFQHGCMPYITNAEW,0.7327156094084105
KCIDWHLTQSERPYNAMGFV,0.7284390591589451
SGKHTWCMVANYIQERDLFP,0.7341411261582323
HKSNDFGCRIVAWPTQELYM,0.7483962936564504
AWMTEGHNDQSLICRKYVPF,0.7248752672843906
QWRDGMAISVYCTPEKFHNL,0.7377049180327869
RITVWAGHLMQPEKSYNFDC,0.7412687099073414
NTCYRMGQWPVHIDSAFKLE,0.7412687099073414
RHYTIECMALQWNGFVKDPS,0.7377049180327869
FCHYTVGLRIQPWMSNKEDA,0.7362794012829651
GQAVTLMRNDIFSPCHEWYK,0.7434069850320741
MLNEATSPVRQHCFKDWGIY,0.736992159657876
VDLEWHNTFRPQCASIKYGM,0.7398431931575196
WMTEYFHSGCNDQAKVIPLR,0.7512473271560941
CSVNADRMEWHQTILPGYFK,0.7234497505345688
DAEPHLSCTRINVKGMYWFQ,0.7234497505345688
MVGIELSDCRPTNYHFAQKW,0.7441197434069851
IWNMESGFVCLKRDYHQAPT,0.7284390591589451
MVLKYERGDHTQCINFSAWP,0.7426942266571632
QWETHYMVNADKPLSFCRIG,0.7419814682822523
QMVFAWHKSLDYGTCIENPR,0.7284390591589451
DKGHFTSCNIQRWAVMLYPE,0.7398431931575196
FRIWDPAGSVCMTHYEKQLN,0.7412687099073414
NMLAWYTRQHICGVFDKEPS,0.744832501781896
KSWGEMTPVLAYRQHICFDN,0.7305773342836779
CANLHDWSFEMKRYGTQVPI,0.7341411261582323
CQGYIESAHRFKNPWDLTMV,0.7419814682822523
MQETKWHNAPSYLCGRDIFV,0.7320028510334996
MNCRETIKHDYQVLWAGPFS,0.7426942266571632
HFPGYENACMSKWDITVLQR,0.7391304347826086
QLEYPMSCIGWTADKFHVRN,0.7263007840342124
KTPHCGVLNAYRQIFEDWMS,0.7412687099073414
HCMRKLVNWIYPDQGTAESF,0.751960085531005
DWHLSCKRTPMAEINGYQFV,0.7163221667854597
YTHVPWMARSLIFDKECNQG,0.7419814682822523
RETQSKMYFLWPHNDVACIG,0.7412687099073414
LFVNCWAYKTQRPIDMHESG,0.7327156094084105
CYQAKDHMEWTNLRSFGVPI,0.7491090520313614
GKPIFAVDNMTSLRQYWHCE,0.7362794012829651
ATYPKSQRINVCHWEGDMLF,0.7255880256593015
MLIVCFNEWYATRKQGDPSH,0.729864575908767
GKVRNMCPDFSQEALYIWHT,0.7391304347826086
GWDYHCSEVQARKMPFNTIL,0.714896650035638
HIYCFAWESQDLVKPTMGRN,0.7248752672843906
SWFEQDARHGTCVPYINKML,0.7512473271560941
PFYAKWDMRSCNEHIQTGVL,0.7341411261582323
IMRETAHNDGQLFKSPYWVC,0.7426942266571632
SNWTRFHDICGQMEVPKAYL,0.736992159657876
CRTDFKASVIHPLWYEMNQG,0.7320028510334996
QMCLNKPSYDWIVAGTRFHE,0.7341411261582323
QCTLANKRFIHVYEWPGDSM,0.7434069850320741
RILKYGWVTCQFPMADNSHE,0.7533856022808268
VGSKNAYFRWMIELCQHPDT,0.7377049180327869
LQRNAHDMFEISVCWGPYKT,0.7384176764076978
WTADLEYRMQSVFKHGICPN,0.7327156094084105
GQFPVHCTWMEIYNRSDLAK,0.722024233784747
DRLTYVWGCQASNEHMPKFI,0.7277263007840342
IRHGTNQKLMSDWEVFPYCA,0.7362794012829651
HPRYKICSFDNGVMAEWQTL,0.7248752672843906
VFELMCQSDIKARYNHTWGP,0.744832501781896
SYLVFQIDPTGNWMECHRKA,0.7348538845331433
AMRQNIGPKESVTLCYHDFW,0.7412687099073414
TGHMLPENCWFDKYIQRSAV,0.7334283677833214
FTRNDIMQPCGSAYVKHEWL,0.7277263007840342
NQYEIRFMSVLTAPGCWHKD,0.7569493941553813
NLEPGFTAQYKWCDSRVHIM,0.7412687099073414
TPEFILKRDQHNVSAWMYGC,0.7305773342836779
IFKDRSCLPNTHVWGMEQYA,0.7412687099073414
TALPHNWGMSFRDIVQKCEY,0.7462580185317177
LNMRSAVTDQECGFPKIWHY,0.7398431931575196
WRVYNGETKPQMIFLSCHDA,0.7334283677833214
SIAQELFDPVWTKCRHYGMN,0.7441197434069851
WQGNESDVKCTRFAMYLPIH,0.7512473271560941
RIAKNCTWFGVYPQHMLEDS,0.7505345687811832
KFARHTLSYGCNDEVMIQPW,0.7327156094084105
VKHGFAEWMLYPCNRISTDQ,0.7412687099073414
AMIGPDFQKCYLNTHREVWS,0.736992159657876
RKTHLDGMFVNSEAWYICQP,0.7362794012829651
YFQDGTVCHKSMAREWNLIP,0.7426942266571632
AYEMLVDNIKCRFGPTWHQS,0.7348538845331433
TLRVCYDKSQAFHGIEPNMW,0.7355666429080542
AEQPFDSGTMVCYHLWIRNK,0.7384176764076978
EFMSDITYVPRQCAWHLKGN,0.7198859586600143
QDYALPTMWGIHESCRKNFV,0.729151817533856
EHFQPKRACTLWNIMSVYDG,0.7348538845331433
IPNGTHYFCRLSQKDWMAEV,0.7362794012829651
FQCMPGRSDWLEAHYIKTVN,0.7334283677833214
RQAGLEMTDHKNSCWPIFYV,0.7462580185317177
VNQTWFHLCSIPYADKRMGE,0.7462580185317177
TDRQSKICMWFNLHEYVGAP,0.7505345687811832
AHRGMCSQKYENIPDTVWLF,0.7362794012829651
SLMFPYGQHVAWNTKIERCD,0.7284390591589451
EAPSKYRQLIVWNTHFCGMD,0.7398431931575196
PRWDFEKILGYVSCAMTHQN,0.7441197434069851
NAQVPCGLWSDIRMTFHKEY,0.7462580185317177
YIPRFNKDVSEAGMCQHWLT,0.7384176764076978
LITVGDEFKYHAPWRCQSNM,0.7327156094084105
PRIHGQKTMDVNSAFWCYLE,0.7348538845331433
WIRLYEVMQSATFKHCDPNG,0.7419814682822523
QDSGETLHWYFKRMPVCNIA,0.7398431931575196
LDCWHENGVAFSKYRMQITP,0.7327156094084105
GDQSVTCKLNFEYPARWIHM,0.7419814682822523
NMGHRITAEWDVKYCFQSLP,0.7270135424091233
VQISYETMWALCPNFHKGDR,0.7327156094084105
LHCITVGAFSKYMEWPNDQR,0.7248752672843906
GAQRDHMCSYPLFTVKWEIN,0.7398431931575196
SERHIMPCLTKNYWQFDVAG,0.7213114754098361
RYWEAGVNMSLFHKCDPITQ,0.7377049180327869
IFLSHWVEKQMAGTPRCYDN,0.729864575908767
SWKPTFVCHDMAEILGRYNQ,0.7455452601568069
GSNQCYTHMERVAKPLDIFW,0.729151817533856
NRHEYMSIWTACKDGPQLVF,0.7398431931575196
HSTWMLVFDGPNECRKQAYI,0.7505345687811832
SHRMPYQENWTGVLICADKF,0.7348538845331433
TIKELRGNFHVYPAQDMSWC,0.7327156094084105
EFSHGPKDINWYTCQRLMVA,0.7384176764076978
QHPWDAKGTCVIMLNRFYSE,0.7284390591589451
KRACSDPVIEWQNHLMGFTY,0.7405559515324305
WENRPCKTSYHAFQGVDMIL,0.7305773342836779
TDCFNSGQLHRMYPIEAWKV,0.7320028510334996
FDCARVYNWLTGIKHEMSQP,0.7426942266571632
CFATHLVYPNDGIWSREQMK,0.7398431931575196
THYMEAKFVCDIRPGSWQLN,0.7213114754098361
ACHNSLYGKQTMIEVFPRWD,0.7355666429080542
NCDYSTRGAILVFWMQPHKE,0.7533856022808268
LMQKYNGDCVEIWPTRFHAS,0.7434069850320741
AVDKRHMQETGFCNWYPISL,0.7377049180327869
VHIQRLFTYMDESGWCAPKN,0.7355666429080542
KNVHRPTADLYCQFGMESIW,0.7241625089094796
EICSMFKVLHDPWATYNRQG,0.7455452601568069
IYSEQPTHNRLDCKAWVGMF,0.7277263007840342
MVPKSFDYQRIELGNCTHAW,0.7170349251603706
SAGICNWFYEQDLKRTPHMV,0.7398431931575196
NDLTRWHAKYFCEVIGMQPS,0.7320028510334996
IEYNDPSKMFWTCHLQAVRG,0.7398431931575196
NKWQDPRMELVHAFYCIGTS,0.7498218104062723
LVNIACHDSGTFMEWYPQRK,0.751960085531005
CDVAGMSNRETQHKYWPIFL,0.7305773342836779
KCQHRGTIMADFWSNLVYPE,0.7341411261582323
RADGWMHSLFKICYVPETNQ,0.7320028510334996
IHPYCNVQRESTDWMAFGLK,0.7248752672843906
FPHQVLGITYCSRNKMWDEA,0.7434069850320741
PKGNSCVLHRQMAETFDIYW,0.7412687099073414
TIHGLWCNPRDKYFQVAESM,0.7263007840342124
CIPGYFKHSTRQNMDAWVEL,0.7312900926585887
SFIRGYDLTVCKWAHMPNEQ,0.7391304347826086
DEYVQPIFLCWKMHRGSNTA,0.7362794012829651
CTMANQVIEHGKRPSFDWLY,0.7419814682822523
TCGDLRQVMAKYIESWPHNF,0.7170349251603706
CMSHRPTNGDWLEIAVYFKQ,0.736992159657876
MEYNFRPHSITDCVALKWGQ,0.744832501781896
KIWCFTSYNRGQHPELVDAM,0.7270135424091233
DESMPAHQLGIRTVFKYWCN,0.7483962936564504
PSTLHCGAIKNFMEQWYDVR,0.7263007840342124
VDEARQSWPHLKMGTNYFCI,0.7241625089094796
IDRQPELWAHSYTMKVCNGF,0.7198859586600143
SMVETCFQRDYLAINHPKWG,0.7213114754098361
CAHWSGIQNTFMDRYVPKLE,0.7377049180327869
DKQGNYRILCVSMHWPFTEA,0.7362794012829651
EKHSGRPWTVFALIMQDYCN,0.7384176764076978
DPRESYHILCGTAWMQFKNV,0.7398431931575196
EFDRVCNLSWIPKYAQTMGH,0.7284390591589451
YDIKTLPAVSCMQRNEFWHG,0.7348538845331433
RVFSGTMHPCEYWQIKLDNA,0.7305773342836779
WITAGVNSPCFEHMRQYLKD,0.7263007840342124
HCGDEWSKIFPRTQANYMLV,0.7391304347826086
KTAYCNDHIFVWGMELRQSP,0.7320028510334996
FAHYGQSMDRTKPINWVELC,0.729151817533856
QWTFHYSRLPIAEGMDNVKC,0.729864575908767
IAYQDCSMWGFRELNPHTKV,0.7234497505345688
YIRMPWHGATKDQSFNVLCE,0.736992159657876
NSYFHTLRDMPAVGIWKCEQ,0.7491090520313614
SMDFGIAHKLPTVQECRWNY,0.7277263007840342
FIDVAEPLNRHSKQTMGCWY,0.7412687099073414
ARILNCDGVHFEMTWQYKSP,0.7391304347826086
DVASFMPHGCETINWLQYKR,0.7398431931575196
QCDPTNHVYMKLGFWSERAI,0.7384176764076978
NWGMYLIKQSERTDAFPHVC,0.7412687099073414
YTSFVDLNHMKGPCQREWIA,0.7348538845331433
HKMENWLPSDFVIYAGQRCT,0.7348538845331433
SPYNCWFAHQLDVRMGEIKT,0.7312900926585887
ALPDQWFSYINRKHCEVGMT,0.7391304347826086
MQGPVNSTYIWDARLKHECF,0.7426942266571632
YNLDCGREIMAHPKWQFSTV,0.729151817533856
LGRWFNMTHVEIYKDCASQP,0.729151817533856
LNGKIRMDSAYHWQCPVFTE,0.7384176764076978
QSPERVCKALYGDHFMITWN,0.7391304347826086
ETGNAYFCKIHMWSVPRLQD,0.729151817533856
MAGLKSVHIENFTRYPQDCW,0.729151817533856
RKFSQMYCWDLNVEIHPTAG,0.729864575908767
SEGIAYLRVWNMTDFKQHPC,0.744832501781896
IVGPWFLCKYHRNSMAQTED,0.7312900926585887
VIGRFCQSTHAPMELYNWKD,0.729864575908767
ISEMWGRVDPFQNTCYLAKH,0.7398431931575196
VRFHELCMWGTNYQPAKDIS,0.7455452601568069
LECKMDQHSRTNVAPGYFWI,0.744832501781896
CLANMEVKRWDPGQSFTYHI,0.7398431931575196
IHRSWVEPDMLACFQGTKNY,0.7263007840342124
GWMATVIHFLKDQPYSCENR,0.7341411261582323
TCFSHDMLYENPWVRKQGIA,0.7576621525302922
IGAYSMRVWTQCFDHNKELP,0.7348538845331433
YKGAMHDRFNTWSPVLEIQC,0.7320028510334996
AKVFPLDTSCEWGIQRHNMY,0.7170349251603706
FWRCGQAKPYLEMNTSHVID,0.7213114754098361
RGLVAPTHECMWNQSYFDKI,0.7398431931575196
IGCNQEAWPHVFRYMSKDLT,0.744832501781896
TNVESQCGDKMRIWHPLYFA,0.7355666429080542
WDNMPQAVYKLTSICREGFH,0.7419814682822523
MIDARSCLPNGQWVYKETFH,0.7405559515324305
FALYESMNCRDQPKGHIVWT,0.7334283677833214
AKTGRYMNDQLHPISWCFEV,0.7320028510334996
MIDEQVHFSWAGYCNLPKRT,0.7362794012829651
IQTSMRKPGLFNEDWYVACH,0.7384176764076978
IPGRKSEFQACTLDVMYHWN,0.7362794012829651
VIWCMDNHALSRYFGQEKPT,0.736992159657876
TNGYSWRMEVPFAKIHLCQD,0.7377049180327869
GIADSNLEHQPWYMKRTVFC,0.7198859586600143
CAIWRQFHELPGNVDSMYTK,0.7341411261582323
VQEWDGCRFPKHLISMTNYA,0.7263007840342124
NPYTKVSHRLFDEWMQCAIG,0.736992159657876
VIRTQNEWLPSGCMDAFKYH,0.7426942266571632
ASPFKYDIRQTMHVGNWELC,0.7362794012829651
GMKRIFSEHVWYLQNCPTDA,0.729151817533856
DYNLTIHAKVQFPGCWESRM,0.7362794012829651
KCRWVIQTFDYPNELHSAGM,0.7270135424091233
GRSMVPQTIWKFHEADCYNL,0.7255880256593015
EWQFYMTIVHKRPCNLDAGS,0.7391304347826086
MVRDFGWTNIKYPLCQHSAE,0.7205987170349252
FMGVQISWDPHALYRKTENC,0.7348538845331433
GASRMLDVTKIYCFNQHWPE,0.729864575908767
NACMSWYDGVTPLEQHFIRK,0.7412687099073414
LRSCPKTGYNIMQDEVAWHF,0.7426942266571632
LGKREISCMVPDAHFNYWTQ,0.729864575908767
AVSKHELIRTMGQCYFPWDN,0.7341411261582323
KTPIMFQWSVACDLHRGNEY,0.7355666429080542
ILGQYTECKRAPHVMWDFNS,0.7312900926585887
CWPAMGRVYLSKHEDNIQFT,0.7348538845331433
PTVEMSWQRGLKINFYHACD,0.7284390591589451
TFYPERIANWQHDLMCGSVK,0.7312900926585887
HYADMNKLSQWIRTPCGVFE,0.7405559515324305
DKSNQTAIVGPCRMFWHLEY,0.7533856022808268
LTGEQVCHSAYKRWMIDFPN,0.7312900926585887
SFTLMWKYEHPRNQVDCAGI,0.7334283677833214
GAVTYQDHCRMWSPIKELFN,0.7312900926585887
WINRPLHCDYSVQKGTMEFA,0.7355666429080542
NDGPFITCMRHAYEKWVQLS,0.7241625089094796
LRYTWVPKAEFCNSIDQMHG,0.7412687099073414
YAGCDENSMFTQHIRLPWVK,0.7476835352815395
FKVAGLISRNWDCHQEPMYT,0.7362794012829651
PCHTLAFVQGWMEIKSRNDY,0.736992159657876
WGHEQYDMPTARVNCIKLSF,0.7355666429080542
NVQFTMYSHRWKIELPACDG,0.7398431931575196
RFVTNESYHDLGWQKIAPMC,0.7327156094084105
FIWALYDGCMRKVNTQPHSE,0.7398431931575196
HSEAKTVFGRMICQLDWYNP,0.7355666429080542
YLMEWNCPHVAQGRTDKISF,0.7348538845331433
RSNTPDGVFWCLYHAIQEMK,0.7241625089094796
DQMLGWPKSCETANHYRIVF,0.7227369921596579
RIFHNWKEVMAQDSGTLCPY,0.7398431931575196
MFITSKAPDCYGRQLVNWHE,0.7498218104062723
YDHSPIVMGKCWTENFLRAQ,0.7483962936564504
YRTFWPLQCNDIGSAKVMHE,0.736992159657876
LSIGWKDMTHQYVECNAPFR,0.7355666429080542
RFEKASGLDMVTIYHCWNPQ,0.7462580185317177
AFDRIMVHGLTKEYCQSNPW,0.7398431931575196
WTGMRDANFVLYSIEHKQPC,0.729864575908767
FVRGSDTCNWEIMYKHAPQL,0.7355666429080542
KFDMTHIYGWSNRALQEVPC,0.7312900926585887
KYHNEIPAFCVMGTSDLRWQ,0.7441197434069851
EPNCDGKLWIMRFVTHSAYQ,0.7426942266571632
ECYGNFIWVQKSDHLRMAPT,0.7491090520313614
RCFTVKEWHLMIGYNAQSDP,0.7320028510334996
QSFWVKCMYARELGHPNTID,0.7312900926585887
QFVHLNIESRCMYDAKWPGT,0.7191732002851033
RQDAVTIMELNGPFYHSKCW,0.7398431931575196
FHMCAYVPNSTRIEDQWLGK,0.736992159657876
GNAFESMCYITHPVQLDKRW,0.7412687099073414
GYLSIERPCAKFHQVWMDNT,0.7377049180327869
NPVRHWQAIMKSLYFGECTD,0.7263007840342124
WPKLDTAFVQINEGMSHYRC,0.7213114754098361
SGHQNAKFPYMVCLDRTIEW,0.7441197434069851
HCEVSQNRPDGWTAMLIFYK,0.7483962936564504
CFEVSMTHLRPIYKWQDGNA,0.7312900926585887
NHDAMIRGSCFQPKTEWYLV,0.7405559515324305
IGVPYMWTDQCNFKEASLHR,0.7362794012829651
RNEIHQKALMCSPYTWGFVD,0.7419814682822523
QMAPRKFSDLETNVIWHYCG,0.7305773342836779
HEIQDNACFYLKVWRPGSTM,0.7334283677833214
GEYTCRAWVHMNFKSDPQIL,0.7284390591589451
GDYVCLNHEISWAKMFRQPT,0.7469707769066286
VHQDCLPGNWYRMEFKTSIA,0.7334283677833214
PTHFKYWNDGSCLRAQVEIM,0.7362794012829651
SCQNMYFPEGLIWHKADTRV,0.7305773342836779
GMQAVNFHISTWCKRELYDP,0.7320028510334996
FLSCGQYDRTHPEMKIWNVA,0.7341411261582323
IQLRFYTSCPAKNHVDEGWM,0.7341411261582323
GKFWSNVAPHLQCTRMYDEI,0.7469707769066286
KAGIRLWMVFTSHPNYDQCE,0.7526728439059159
CRAGDIELKSHYMTPWFNQV,0.7412687099073414
ISYFNALMTDCGEVKHPRWQ,0.729864575908767
GWPDEKITNCQSRHYFMVLA,0.7434069850320741
CPVAYMRTNLQIKGHWEFDS,0.7334283677833214
VLWDGMYICQPEHKNRTAFS,0.7327156094084105
KAGPHMEDSTCNIRQFLWYV,0.7362794012829651
IFPSQLRYHDEGACVMKNWT,0.7512473271560941
ECFANMGTKQRVYDIPSWLH,0.7455452601568069
FQLWRTSIYMAEGHKVDNCP,0.729151817533856
TQVWYFCDGEIPRNSKLHMA,0.7391304347826086
RILDWCEQGYKANVPTSFMH,0.736992159657876
LCTHKMNGYWDVQRAPESFI,0.7248752672843906
DACKVSWEYQNFMHGIRPLT,0.7320028510334996
ERYTAHNDMKWVCGQIFSPL,0.7377049180327869
LDRMSEGWIVYNKPFQTHAC,0.7284390591589451
YARTMGLCNPFQDKIEHVWS,0.7320028510334996
FTHPIEVMWQYLSGAKNDRC,0.7263007840342124
FIQERMGPNTVYWSDCHKAL,0.7540983606557377
RASHVPYTWEFICKGMQLND,0.7334283677833214
RQCNKLYTHIFMAPWSGDVE,0.7426942266571632
APDWFIMVGERNYHCLTSQK,0.7348538845331433
IYGCKARHDPWLNTSVFMEQ,0.7476835352815395
AGFLDNIMTHKPVEYQWCSR,0.7320028510334996
RKTVHQISPMGWLFACYDEN,0.744832501781896
CMIPFSHLGYNKEWAQTDVR,0.7234497505345688
HTVKALYWPGRNQEICSFMD,0.7462580185317177
IGSLHFNMAPDRQTKYWVEC,0.7312900926585887
SVKRCEFNDATMWPLIYHGQ,0.7398431931575196
PLEAKGQTFVCSWHYINMRD,0.7384176764076978
AHGVFNMKECTSRILWYPDQ,0.7384176764076978
SDKYFLWPCVIGATHQNEMR,0.7362794012829651
AVKNHIFQMWCSGPLYTDRE,0.7312900926585887
LGRPKAMQEWDHSFNTICYV,0.7434069850320741
NVIPGSHQYDWKCEMLFTRA,0.7555238774055595
EDWNVCLFPHSKGMTIAYRQ,0.7405559515324305
WTSGQPVADKCEIYMLFRNH,0.7548111190306486
QPSLKMGVHNTRWAIDECFY,0.7255880256593015
GYEHLFSMTAIKWRNPQVCD,0.7434069850320741
TFKNYGQRPWSCILVMDAHE,0.7412687099073414
KCGQHDSPATEMNYVIFWLR,0.7498218104062723
SNAWYICPTDQKEGFHLMRV,0.7362794012829651
VQSKAPCERWHLIDFMYGTN,0.7255880256593015
QNYTGDPILCARKVWFSEMH,0.7469707769066286
MEPKHFSVCWGIAQNLRDTY,0.7270135424091233
CAPWVEKNRMGDTSFYIHQL,0.7391304347826086
PERLTHQVFIGMKSNDWAYC,0.7491090520313614
MERNIVGWPFCTLHKSYQAD,0.7305773342836779
GEMTNAFKDLQSPRVIYCHW,0.7384176764076978
RPVCLNSGTEAWIHDQFYKM,0.7305773342836779
YPALVRDMKETGNWHIFSQC,0.7284390591589451
KGVFANYTMELCPHIWQRDS,0.7419814682822523
MSCQIYFAVWHGNPTRDEKL,0.7405559515324305
QYTRNFMCHSLKPVEWDAIG,0.744832501781896
TAYNILEDQCRGMVWHFKSP,0.7384176764076978
HKRDQTYELICNFAMVGSWP,0.7469707769066286
VWHDGQLPMRENSTFIYAKC,0.7434069850320741
YNWHAQLKREDIPFMSGTCV,0.7312900926585887
KILDPTGHANCVYMFWQSER,0.7320028510334996
NTMIVYLCPGDREKSWQAHF,0.7441197434069851
CNFYEVPILSAQKDWHTMRG,0.736992159657876
PDGLYMEKSNRHQVIWFACT,0.722024233784747
QTNFWICRAKDPMSHLYVEG,0.7263007840342124
KRDLTMCVIWASPYFGEQHN,0.7334283677833214
VTLADNEWICHYSQMGPRKF,0.7426942266571632
WVGFACDKSHQMPIELNTYR,0.7405559515324305
EALWHQGTKRIMCDPNVSYF,0.7198859586600143
CIYSAVNFDTWRMHLGKPQE,0.7384176764076978
ARGCVIHSFMTNDEWYPQLK,0.7362794012829651
ADTFESMYIRHCGQVWPLKN,0.7177476835352815
GRIHVYMPCNQELAKDFSTW,0.7434069850320741
GDTMPSLAYKFIHQEWVNRC,0.7334283677833214
GHVYFCWTNIQMSEDPLRAK,0.7405559515324305
YGKPRINHASLCWQFTDVME,0.7263007840342124
TKQRLNPGWIFDYCVAMSHE,0.7270135424091233
YIMFDKEVRQTSGWHPNCLA,0.729864575908767
PGEQYSNMKIDFHCRLWTAV,0.7377049180327869
VCISLKWMHAQDERTNYPFG,0.736992159657876
NCMGERSPYIHFQDWATKLV,0.7263007840342124
DCTEMRSPLFKGIHANVYQW,0.7405559515324305
FMWYAKRDGLVCEPHTNSIQ,0.7320028510334996
YNKIPGVSQDFRTMHALWEC,0.7455452601568069
CMQTSNGIKPHELAVFWYDR,0.7384176764076978
LASEHPQGRFIMTNWKDVCY,0.7505345687811832
EAQIRHMDVGCNTKWPLSFY,0.7284390591589451
DHEQTLKAYVSPIGCMFNWR,0.7483962936564504
DWTKCVHRLNAEQPGIYMSF,0.7362794012829651
CNYMKWQPETAHLRGVISDF,0.7341411261582323
YHGDIWQCEFSVRKLMPATN,0.7391304347826086
MPLNAWVHGRCDQKIEFTSY,0.7476835352815395
HEMGWDTKPFNIRCSAYQLV,0.7327156094084105
FMDGVQHYCLTRAKWEISPN,0.7434069850320741
CYLFHRDPGIQMSTKEWNAV,0.7334283677833214
SHRGWAYTFKLPIVDNMEQC,0.7205987170349252
WEVMHTRSYDFGQANPIKLC,0.7277263007840342
YLGKQNFRPWAMHDVESTIC,0.7234497505345688
YDLWIFRNATMPGSVCQKEH,0.7327156094084105
MNKGHWILECDQVFYPASTR,0.7441197434069851
QVYHCRPWAEKTSDLFGNMI,0.7205987170349252
WTIGNKLMHVRYEFSACPQD,0.7426942266571632
GINFVTASRPEYKDWLHQCM,0.7384176764076978
MWGFDLIQYVSNTCKERPHA,0.7184604419101924
WCPGLHNKFDARMIEQVTYS,0.7270135424091233
YGVAIWNPKERMSDCTFQHL,0.7419814682822523
DALRIQHTVGCPFMWSYKNE,0.7548111190306486
LACDHSIQVMEKTYNPGRWF,0.7426942266571632
GYCPTLWAHNRIEDFMKVQS,0.7562366357804704
FMNDAIQWRSVEYTPCKGHL,0.7184604419101924
QITPRKHGFWVMSEYACDNL,0.7405559515324305
STGYKWFCHQRINADLEVPM,0.7441197434069851
SERYPGKFNHLDQVMIACWT,0.729151817533856
RSQHNMLWYFDEACTKVIGP,0.7348538845331433
RFQAKEHNTDPCGLYWSIVM,0.7377049180327869
FLYPKEISVDWCRMGNHQAT,0.7540983606557377
MQCSWNDHIYFLPKAVRGTE,0.7384176764076978
WCAMFLQNRPHSYKEGDVIT,0.7284390591589451
IMFNGPSEACLQHYDTVRKW,0.7348538845331433
ESHNIVATKLGYDPCWQMFR,0.7312900926585887
PNWRHITFLSCKVMDYGQEA,0.7384176764076978
YRNQIGTLMSDWVKCAFHEP,0.7341411261582323
WVTLNKDCAHQSEMYRGFPI,0.7562366357804704
PYWIGHFKSLVTRAECMQDN,0.729864575908767
RWEMATVNYHLKIDFQGCPS,0.7227369921596579
SACTGEPKMVLNYWDRIQHF,0.7305773342836779
DWFGHEVCMPRQYNTASILK,0.7277263007840342
RMHGCQDWPFVINKYTLSAE,0.7334283677833214
MNVLFYSWGDPRCITHAEKQ,0.7255880256593015
IRNSPVCTQFHMLWYKEGAD,0.7355666429080542
SVHRYFCMLAENQPDWKIGT,0.7426942266571632
VIPRLDFKNECWMGQATYSH,0.7312900926585887
RMLWKGTCSNEDYVAQIHFP,0.7384176764076978
SDPHREYKQGMTVLIFCWAN,0.7590876692801141
PYEHKSNRIQDWVAFGCTLM,0.7419814682822523
QSYIDETMNVWRAKGHPLFC,0.7384176764076978
DKSFLVQNTWCHRIAEYGMP,0.7355666429080542
GPNTFIMCWKYHARQSDLVE,0.7320028510334996
FAKQSENLWYRPDHIGMCVT,0.7398431931575196
FRGWAVSTCPLYKHIEMQDN,0.7341411261582323
KDVLMARWQNPGEYITHFCS,0.7412687099073414
MTGFIAHVPENLCRSKQWDY,0.7334283677833214
SLECTKQGAVYHDWFRMPIN,0.7348538845331433
WHPVQEASGRDYCFNTKIML,0.7270135424091233
IGQSERANKHWLMPFDVYCT,0.7426942266571632
TLHRPIGFSWMNDECQYAKV,0.7412687099073414
AFKMVRQEPDYCLGWNTIHS,0.7476835352815395
QAILKHWSREDVGYTPNMFC,0.7227369921596579
VETRCNILHKYGWDASQFMP,0.7377049180327869
QPWFANYTLRKHSGDCIVEM,0.7476835352815395
TMFVEDAIRHCKNSLYPGQW,0.7320028510334996
KDHEYAQCILMTRWVPSGFN,0.7405559515324305
MKAFWHNLIGQDPRVSECTY,0.7263007840342124
SGEPTVIKFMYRCNWDAHLQ,0.7248752672843906
EHSPCDTMIRVNGWQAKLYF,0.7341411261582323
NCKYTHMIFWQDSVLRGPAE,0.7469707769066286
IFWYPLCVSNKQHDERAMGT,0.7555238774055595
PSWGLAVTREDYMQKHCINF,0.7163221667854597
YMWRTFEPGQKDSNAHCLVI,0.7348538845331433
FVRPCHWQNSETMKYLADIG,0.7320028510334996
CQWRNFEKVILDMPAYTGHS,0.7334283677833214
FRENIYQAPWSMGTDLCKHV,0.736992159657876
RNWYGFMTVLHEAQIDCKSP,0.7483962936564504
SDTINMRHLYVPKWEQAGCF,0.7377049180327869
YDEWSAQCHLNPRIKFVTMG,0.7540983606557377
PYEWSGLKCRNFHDAQMITV,0.7377049180327869
PDIALCQWGFMTHYVRSKEN,0.7441197434069851
RIAPSQLGDWMKETVYCNHF,0.7284390591589451
TLYSDFCQMPVAHKGIWENR,0.7270135424091233
FCTDSGMWHAEPQIYNVKRL,0.729151817533856
SYGCLDNIRVEWKHFAMQPT,0.7077690662865289
KEHAFPISDCVGTLWNMYRQ,0.7576621525302922
IWACKRVTDQMGEHSNPFLY,0.7213114754098361
EIGVRYWCHDMKFSQTLNPA,0.7434069850320741
CHMESNLRWPIGADTFYVQK,0.7455452601568069
SMVDKRGIAPFNQYCWEHLT,0.744832501781896
NEGSIFRHMDVYKLPCQWAT,0.729151817533856
AQGPHICTSDMFELVRNKYW,0.7426942266571632
GRNMWDLQAHTSPIEYFKCV,0.7263007840342124
YTHQKGSRNFMVPWIAEDLC,0.7426942266571632
PYAKMFCRLEQHIWVDNGTS,0.744832501781896
QCGNELDPIMRKFAWHVSTY,0.7419814682822523
HFPVTSNWMDCIALRQYKGE,0.7469707769066286
HWPDILRTYNCGSKEMAVFQ,0.7334283677833214
RNHEAPCMWKTYVIDSLFQG,0.7305773342836779
VCEILHGSANDQRMWTPFYK,0.7483962936564504
QKWDTSFGINLCMEYRPAVH,0.7341411261582323
REFKNLQPWYGDCHSTVMAI,0.7512473271560941
LGCESRITPMAKNHWFVYDQ,0.7512473271560941
NCSMLKEFWHVIGQRATYDP,0.7341411261582323
EMTSVGANDKQHRILWCPYF,0.7391304347826086
MGNDIELWHKFPYVSRACQT,0.7412687099073414
QFSAIMYLCDVRWEHKNPGT,0.7483962936564504
HPVDFECGMYNTRAKQSLWI,0.7362794012829651
ARDYGTNWFSEVQCIHMPKL,0.7305773342836779
QICVLYAGKFHSERNDTPWM,0.7412687099073414
SVDFIGKCELRQPMNYTAWH,0.729864575908767
GCKFLTVAPIRNEWDYQMHS,0.7305773342836779
VGAFQTPMYCHRNKELSDIW,0.7348538845331433
NLEQKYMHTDRAFWPCSVIG,0.7277263007840342
NYPRHKCTWSFAVQIEGMDL,0.7255880256593015
LYPADSVKCQIEFHRTGMWN,0.7384176764076978
PVGHEAKRILDTNYWFCSQM,0.7284390591589451
PYQNDTIWMVFCASEKRHLG,0.7384176764076978
PGNFDSKMRHTICALQEWYV,0.7412687099073414
TCYNFISQWKPDHGARMELV,0.7341411261582323
RYKLSECMATIGVFPDQWNH,0.744832501781896
TKYFVHMQLRPDCIGNASEW,0.7391304347826086
HPTIRLMQAKNEYSCDFGVW,0.7426942266571632
KYVRIGFWNLETQCPMHDSA,0.7348538845331433
SWHLPTKDFYEGVMIRQANC,0.7284390591589451
PTSCNKVLIRYWHDGEFQMA,0.7476835352815395
MFCGHSNRYDAKVELQIWPT,0.7441197434069851
AYQPVTECNSMGKHIWLRDF,0.7248752672843906
SLMYHRWAVITGNEFPKDQC,0.7398431931575196
KFHIVTMGCESPYNWQRLDA,0.7491090520313614
AGVNEKQCPRITHDSFWYLM,0.7377049180327869
PEIDRLWYMHGTSVQKAFNC,0.7348538845331433
MPCYGQRTVLKFEHSAINDW,0.7476835352815395
NKGEMARDVCPLFIYSQTHW,0.7391304347826086
WVTNPAKIRDSECLYQGFHM,0.7355666429080542
AYIRDHMWCKESQLVTFGPN,0.7255880256593015
PLFWANQSEKRHTMYIVGDC,0.7305773342836779
TIFLSWYHCMQAGERDKPNV,0.7377049180327869
HWFNCGDLTAKMIRSEYQPV,0.7348538845331433
SGDHPNYVCIWALEKMTFQR,0.7305773342836779
SNTKPCDMLEHYAWGIRVQF,0.7384176764076978
ALNMTVYSGKDIPQEFRHWC,0.7341411261582323
AFSMGQEVIDRWNKHTPCLY,0.7384176764076978
MYCDGALHIETFWSNPVKRQ,0.7320028510334996
QRSIKMGNDYFHVAETLPCW,0.7348538845331433
DTGVPRSALNWKQFCEIYMH,0.7255880256593015
CKNFQDPWHSAIYTRGLMVE,0.7362794012829651
SKPNGCYRHDTMEIAFVLWQ,0.7412687099073414
EADQFGRSITWYHPCVMLNK,0.7405559515324305
EQGCMRKVNPWTSDFLYHIA,0.7184604419101924
CGRSFPIWYTQKALVHDNEM,0.7398431931575196
WRNFHMYVTSLAGDKCIQPE,0.7284390591589451
HINEMPQDTVFSRGKWYALC,0.7334283677833214
DHTCEGAQSFYPLVIRKMWN,0.7476835352815395
YFLCMRHQVPDIANWGKTES,0.7284390591589451
EPLVAMGTWDIRSCNHQKFY,0.7355666429080542
VQKLMPYNICEGRTDSHWAF,0.7284390591589451
PRIHYEMDNFCKGATLSWQV,0.7398431931575196
AERINWKFPDHYGQVCSTLM,0.744832501781896
ICNFELWQVGYMSPTRAHDK,0.7391304347826086
CRFWGSINAKTDVMHLEYPQ,0.7305773342836779
GDVCAEPRHLFKSTMWYIQN,0.729864575908767
WLTGYSNCKDVEAPQFRIHM,0.7312900926585887
DECLAQVFKTNMYSIGPHRW,0.744832501781896
KHIDTPNFWLGVQYRMSAEC,0.7412687099073414
FYERNKGCLHQMTIPWSDVA,0.7377049180327869
VANFSPRYDKEILGMTWHCQ,0.7305773342836779
DVSHNLIAERGQYKFWMPTC,0.7398431931575196
NFIWQKAVYRSPDHLTMCGE,0.7391304347826086
YGKLITAHVDNESFWCQPMR,0.7398431931575196
NPVFAMWKRCSLTIYQDHEG,0.7391304347826086
NQTSVFHPRYDELWCKMIAG,0.7355666429080542
KHFITQNGCSMRAELWVDYP,0.7377049180327869
HTMVGLDWKFPNSEAQYICR,0.714896650035638
LCEPVIKSQHYFRMNATGWD,0.729864575908767
FIARSNEPTKDWMHCLVYGQ,0.7377049180327869
HFRECGMNVQLSDKWAITYP,0.7327156094084105
RAQIDHVFPEGWKMCTYLNS,0.729151817533856
RFCPVDAYSMILWEKTHNQG,0.736992159657876
GCLTKWSPRFHIENYMADVQ,0.7227369921596579
GRAHKLCMQPYSFDVEINTW,0.7455452601568069
FCDNIYQAHSTVLPRMWEKG,0.7505345687811832
GDEYWLMHNFQVKPARSCTI,0.7384176764076978
LVKRNEYWIMQHSTDCFGAP,0.7391304347826086
DKPNLSIMCFWAHQTEVRYG,0.7270135424091233
VDKTALWHYSIGFQEMCNRP,0.7341411261582323
DGVKWFIRNYCETPHQLAMS,0.729864575908767
CLWDQVNYFRGEAITMHSKP,0.7348538845331433
VGEMRYQDFCTLKIANHSWP,0.7327156094084105
DTAMVGSQNLPCRKHYFWIE,0.7320028510334996
VEHGSAIQLFPKNCRDTWYM,0.7377049180327869
FQDEYSVMTCKLWHGIPNAR,0.7348538845331433
FVSALQKCTYIWRDPEGMNH,0.7419814682822523
VYFMTKSLGIQHCDNAWREP,0.7284390591589451
FGWLRHMCEVPIATKSNYQD,0.7305773342836779
DKTWCPNEQHFSRYGVAIML,0.7348538845331433
WGHMCYPDFIQTVKNERLAS,0.7384176764076978
IDHTCRWVGMAYPENSKLQF,0.7362794012829651
MSATIFYNCLQDRVGWKEHP,0.7355666429080542
DAPGHQMSIETRLNYCWKVF,0.7334283677833214
YDIVFKQCEMNAHGLSWTPR,0.7305773342836779
HRFKWMEGYTLCIVNPQASD,0.7320028510334996
RDVEIQKAYWHLMSNTPGCF,0.7341411261582323
MQWSCERIGTLPVDFYAKNH,0.7362794012829651
ITAPVDHSCGYLNFRMWQKE,0.751960085531005
HWRFLNAVKQEDPCYMITGS,0.7355666429080542
MGPHQWFIVERSTLDYNCKA,0.7426942266571632
VGCLQAWDKMIFSNYTPRHE,0.7320028510334996
VDMNLISWPHKEYRGFQATC,0.7163221667854597
SCDIMWLGNQFAPHREKVTY,0.7305773342836779
SACPRKTGVHIMDEQLYWNF,0.7270135424091233
ARGSDCEFIPMNWQVYKHLT,0.7526728439059159
YPNKCSDGVLRHWFIETQAM,0.7483962936564504
RLAIMCKEYSQFHGDTWVNP,0.7270135424091233
TGWVLMYPASRHFNKDCQIE,0.7355666429080542
WMNITHPEVDCYSLQKGRFA,0.729864575908767
HTSIQMEDNPRYGVWFALKC,0.7384176764076978
RMVICWDSLTEQGYKNHAFP,0.7348538845331433
VPGWIHMSTDRYELFKANCQ,0.7419814682822523
NPVETQYCILSDAFHGKRMW,0.7270135424091233
SNTFQDGALMIEYPKHCWVR,0.7334283677833214
YWKANPTRMGHLSDIVFCQE,0.7391304347826086
QYMLETSNFGCAKIHDVWPR,0.7334283677833214
VCANHEYIKSFQWTDLMPGR,0.729151817533856
HSGLNTQFVEYKCDRMWAIP,0.7355666429080542
WYCPSRHVNQMLIEADKGFT,0.736992159657876
NVYHWISARECMTKQGDPFL,0.729864575908767
HFAQWSLYRIMVDTCPKNGE,0.7398431931575196
MNAGSTYEPVFWDCLKIHQR,0.7384176764076978
RKFWTPVNYHQEGLMIACSD,0.744832501781896
DCKHVIAPLQTFRWSGMYNE,0.736992159657876
PDRTYVLFQWGEKCSAMIHN,0.7384176764076978
QANHRFTCLVMGYKSWEPID,0.7626514611546685
RINWQTFDPLAYVMKGSEHC,0.7263007840342124
HKYPGLFSIAREVCMNDQWT,0.7341411261582323
DEQCPVTHFGALWKMINRSY,0.7405559515324305
IKVWNASGYPFTREMLQHCD,0.7377049180327869
AILQHPVSEYRNCFDGWTMK,0.7334283677833214
ETPFVLNGSHQMYAIKDCRW,0.7334283677833214
MPYASLDNQTWRGCEFKHIV,0.7476835352815395
GTRDWENQCKFYIAVSPMLH,0.7320028510334996
YCMGHASIVEKQFWRPTNLD,0.7077690662865289
MCKIPFHNQGSTWALVYDRE,0.7384176764076978
IQTVYNPGMSWAHLERDCFK,0.7419814682822523
DMPIGRECFLTWVYQKSHNA,0.7512473271560941
TSFMVHNDYIQLKCPERAWG,0.7327156094084105
AMTSIVQRWLPFDECGYKNH,0.751960085531005
RSGDHFPLIYVTQEACMKWN,0.7334283677833214
GVDISTENHFKCMRPAQYLW,0.7234497505345688
PEAWICVQLKGTRDNHFSMY,0.729864575908767
GPVFKATCSWQIDRNYHELM,0.7099073414112615
RYKVDPEIQMAFSCHTGWNL,0.729864575908767
QPKELVGNISYDHTCWFMAR,0.7377049180327869
DGIQCLANEYSTRFVMHPWK,0.7434069850320741
NYHFGVPWTIKCQEAMSDLR,0.744832501781896
LRQIPWVGNSDCEATKHMYF,0.7377049180327869
GQSDRYMWIKFACPVNLHTE,0.7341411261582323
PDGHSMTRNQECILFAYVWK,0.7455452601568069
EKTFMSNGAVHWDQRPCYIL,0.7198859586600143
PQFHVNWSDMLATIYCRKGE,0.7312900926585887
HEYRSDWGQFTAINVKCMLP,0.7341411261582323
IAFRWGHLNYSMCTKQVPDE,0.729864575908767
VDLFKICPNGTHQWAESYRM,0.729151817533856
GMCDTKFAQLPISHRENWVY,0.7355666429080542
FMHWALYRSKEVQTPGINDC,0.7355666429080542
PNQGDMFLHAWVISRCYTKE,0.7491090520313614
DQWGMEAHPCYVNRSFTKLI,0.7434069850320741
CDGSPKYEAFMWQVTLRINH,0.744832501781896
EDGATCHYSMNQWPFLRVKI,0.7263007840342124
TPYNRKMHLECGDQFSWIAV,0.7398431931575196
KSRCVWIELTGHFANYQDMP,0.7462580185317177
QHPEVTCNILKGMAWSFRDY,0.7334283677833214
RSFQYVDWANKCMTGIHPEL,0.7284390591589451
VSHKGLPDMAYWTFERNCQI,0.736992159657876
MWINQKHDCEPAYRFVTGSL,0.744832501781896
DTRMGIVLQFKYSHPWAENC,0.729864575908767
PMDNFGQTSIVRKELWYACH,0.7434069850320741
KMNAHRYLIDFEVTPCQSGW,0.7320028510334996
TESWRACKMQLPVFNIGYDH,0.7334283677833214
RWFYPSIVMHLQDCANGKTE,0.7348538845331433
RTYPFKVACNQDHWLEISGM,0.736992159657876
GIPMEDASWHKNRTCQLFVY,0.736992159657876
KRIFYDQANCSMTPLVEHGW,0.7419814682822523
RQKVFACIGDNSMEPLTHWY,0.7270135424091233
LQYCMPNRSITHFWAVEKGD,0.7412687099073414
AQIERNTPKMCHWDVGLFSY,0.7284390591589451
HQEDVPNGWFKMLRAIYSCT,0.7320028510334996
CVDPKMSGYNEHLIQTWARF,0.729864575908767
SDMLCNWGHFEQAIYRPVTK,0.7263007840342124
HFNKMLYIRPQEWCTAGVDS,0.7355666429080542
RPCHEFLTNIYSMDAQKWVG,0.744832501781896
DFGVQAKSMHENRLWCPIYT,0.7384176764076978
FVWLYMAQPIECNRGTHDKS,0.7320028510334996
HQWVKLDMEAFRGTYCSINP,0.7320028510334996
TAMKEGYNDHCPQIFLSVRW,0.7491090520313614
QPTNGMLSWREFDVAHCIKY,0.736992159657876
RTNMHQSEIKDCVPYAWGFL,0.7320028510334996
VAGKQFCRDYLHIEMWSPNT,0.729864575908767
DQHNKYSILFGVTERWCPAM,0.7327156094084105
EYDNSGHPFLCMIVQKATRW,0.7462580185317177
DKWPTHSMRAFGVNIYEQCL,0.7355666429080542
LRPAQKSCFGWEDYIVNHMT,0.7355666429080542
DKWPLNGAHCSYRTFMVQIE,0.7434069850320741
RIWMGPSFAYHKLECNQDTV,0.7398431931575196
YLKRDMNPCVTQWHAGIESF,0.7255880256593015
ANIWDFMKVRELYCTGHSPQ,0.7355666429080542
DWMHKQSTFICGNARYPLVE,0.7434069850320741
LNHMIQTWGYDKFRSVCAEP,0.7391304347826086
FTCGKIQPDMHANRLSWYEV,0.7227369921596579
NQAPWFCKYGIREMVHDLST,0.7483962936564504
LNECPMKTASDQWYGFHIVR,0.7355666429080542
HFYRDNGCSLPVQATMIWKE,0.7327156094084105
PFEKDSVCTAWHNGIYRQLM,0.7469707769066286
FANLQHTRWGVDYMCSEKPI,0.729864575908767
KQGWNSHYEIVMFRPTALCD,0.7505345687811832
MKLHWDIVECGNSRQPAFTY,0.7241625089094796
TIGCDYSNQLWEHVMRAPKF,0.7320028510334996
AQWTCMNDYLKGSPFIVHRE,0.7320028510334996
QWPEISYMCKHAGLDFTNVR,0.7277263007840342
MYTFLSEQARIVDNCGKHPW,0.7255880256593015
AHWGIQTMSEPVLYCNFDRK,0.7426942266571632
GYDNVWHKPTFACEMSQILR,0.729151817533856
AESLNPMYQGRIHWVFCDTK,0.7248752672843906
DWYAGERMCTNKQVHIFPLS,0.7334283677833214
RHMNLKVYGWDSPQAFCTIE,0.729864575908767
VNDSLTKMEYCWFRQAPIGH,0.7405559515324305
HFRKDEASQNTLGCWMIVPY,0.7362794012829651
HKICEDMSQYGTWPFANRLV,0.7469707769066286
TKGHCWSEFIYNLRVPDQMA,0.7327156094084105
SQEILVCHYRKFGWTDPNMA,0.7341411261582323
MYWLGHVNTEDFCPQRSIKA,0.7377049180327869
YLTPFKIQVAWDSNECHRMG,0.7426942266571632
HKRWIQEYGLCFSTDMNPAV,0.7270135424091233
QNVEGWYDPAKTSLRFIHMC,0.7455452601568069
VMHTAPSDKICYRLWENFGQ,0.7583749109052031
FYDRTKPMGINWAVQSCLEH,0.7312900926585887
VAICGFYKDTLWPMNERQSH,0.7419814682822523
FEASYNCPIRKDGQVMWLHT,0.7284390591589451
PACKMSTFHQDNGLWRYEIV,0.7362794012829651
THCDNPRGMLYQESKVFAWI,0.7377049180327869
KALVTCIRWEMGQSHYFDNP,0.7548111190306486
SREYIFGVMHDLWKNPQATC,0.7405559515324305
IRLPFMYNVECTDGSQWKAH,0.7412687099073414
PECVDLRYFQAIHGTWKNSM,0.7284390591589451
EIGQFRKWMNCAHSVTPYLD,0.7263007840342124
RILGQAPKFTHYWMNDSVEC,0.7412687099073414
MNIECDQRFATVPSYWGLKH,0.7441197434069851
TWCMDHQIYSVGAFPRKNLE,0.7156094084105489
RKVPFMTLICWSNQEYGAHD,0.7398431931575196
IPDLQTASEMYHVCRNFGKW,0.7341411261582323
DCASPTWKFGEINVRLQHMY,0.736992159657876
IVMPWAFRDSYHLNCKTGQE,0.7305773342836779
TPIKYRDNMGQFVLWECASH,0.7405559515324305
HIVPDKNGYLAWSCRFTQEM,0.7419814682822523
LQTMHNYVFKWCISRPEGAD,0.7320028510334996
PFGQTWECRYDAIKHSLNVM,0.7398431931575196
KTWMFSNEHGQLCYPRVIAD,0.7355666429080542
MKFVLAPSRHECGTYQDWNI,0.7362794012829651
WQVKLDGIAMHTRFPYCSNE,0.7355666429080542
IWMKTGQNVEHDAPLCFSRY,0.7398431931575196
CGLTKWYPSDRFEQNMAHVI,0.7391304347826086
RKDSFHVQTMLGWYNCAIEP,0.7419814682822523
YFRHQGKVIEPNASWLTMDC,0.7426942266571632
RDIAHWCMSFGNKYELVQTP,0.7320028510334996
MFHKCINWRDVAPGETSQLY,0.7362794012829651
MIRAYWNTHQSVDKGLCPFE,0.729864575908767
MCQGTNKSILPHAVYRFDWE,0.744832501781896
DSVYKTNREIWGQHALCFMP,0.7334283677833214
DIRHCSYQFTEGWAVNPLKM,0.7305773342836779
YFSEMQPNIVATRGCLWHDK,0.7419814682822523
WLSKDCTFHMRANYGPIEQV,0.7476835352815395
WYDMGACEVSTRPNQFHKIL,0.7341411261582323
SWDMNAPVYQEICRKTLFGH,0.7284390591589451
DVKNIQAEWLSHCPRFYTGM,0.7277263007840342
QTCDRPASFHKYEGIWLVNM,0.7341411261582323
PTWYNMDFHERIVKALSQCG,0.7426942266571632
ACMYQFNRHWKPILSVGDET,0.7270135424091233
GDMFIWCVQRTEYLNHASKP,0.7327156094084105
GATYDWNREKSQCHVIMPFL,0.7205987170349252
MRVTHCYPQIFWLKSEDGNA,0.7348538845331433
CAIVMRTKWPLHEFYGDSNQ,0.7434069850320741
ECLADRIGTMFPHYNSKVQW,0.7469707769066286
GPYHWSADRVTELMIFCKNQ,0.7455452601568069
TRMKNVGFQLCWDIAESPYH,0.7320028510334996
SHQMPRGAFDYECLTNVIKW,0.7234497505345688
FVKESAHGRITCLMYPWNQD,0.7334283677833214
SGDAWQEFRMLPKVTHNICY,0.7455452601568069
HDRWYKCPNQVGMLASIEFT,0.7405559515324305
TNGEYVKHAPDSFWMIQLCR,0.7320028510334996
PNKTRYLAGCSIEMFWQVDH,0.736992159657876
NDPGVWEASMIQKCRTHYFL,0.7284390591589451
GMNEVSPFHCKAQWDITLYR,0.7334283677833214
YWANMTCELIQPGSRDVHKF,0.7362794012829651
QFITECMLVGARYNSHPKWD,0.7312900926585887
HVTANKFQRWIGYPMLCEDS,0.736992159657876
CKWSQHRDYFLAMVNETGIP,0.7576621525302922
WAVGETMFLSPQHDKCIYNR,0.7398431931575196
WKPVYQHTFLMDCESRNGAI,0.7426942266571632
GQCHWRFKALTSDMIYEVPN,0.7419814682822523
KNLAPYSQGFWEIVHMDRTC,0.7412687099073414
NKSEIARVCMYHGLPWFTDQ,0.7426942266571632
NMQIYGVWFPSCTHLEARKD,0.7377049180327869
IENLPCQGVFTSYMARKHWD,0.7348538845331433
CLDRTIWYFQSENVPGAMHK,0.7127583749109052
YAFSNEDHKPVRQTLCMIWG,0.736992159657876
GKYQHARVDTWECNIMLFPS,0.7462580185317177
LVTSNPFHIYGQMACRDWEK,0.7483962936564504
DSMKHPTNQGVYEFWRACIL,0.7284390591589451
RLQWPMFTKNIACSVHGYED,0.7391304347826086
IAVTQLERFPCSWGNYMDKH,0.7348538845331433
EQSLGPRHACIYFNMVKDWT,0.7327156094084105
MFSRPNHILTVYDGKCWAEQ,0.7498218104062723
FEDMYWLNSQRCTVGPAHKI,0.7384176764076978
EAIRMCPFTWLSVYQHDNKG,0.744832501781896
SPNYHALVTCFKIGQMERDW,0.7348538845331433
ACLMRYTFVPSIDENGHWKQ,0.744832501781896
CYASPFINTGLRKMVHWEQD,0.736992159657876
PMGSTKHNLYAVQCRDWFIE,0.729151817533856
FLQCSGKRHNEPAMYTVDWI,0.7348538845331433
AMVILRFTKYGPDHSNQECW,0.7398431931575196
PVCNFGMHYSAIERQLTDKW,0.722024233784747
KYGHLSCPMWFRETDVNQAI,0.7334283677833214
KLIEATGVRFWDHMQPCNYS,0.7419814682822523
MTWRVHALYNDCQFGPESIK,0.736992159657876
EMAHPQFGSYKRLCIWDVTN,0.7405559515324305
HINFYKQLSVDWMTAECPRG,0.7377049180327869
YMSGDPIWLVRAKCEQNHFT,0.7355666429080542
QEHRGDKCALNTPIFMVYSW,0.7533856022808268
YLTRWPMEQFDIAGHKCSNV,0.7312900926585887
AQKYCMHVPINTSDWEGFLR,0.7419814682822523
WERCILMQVHYNFSPDTAGK,0.7441197434069851
VSHPRYIFDTQNALKGMWEC,0.7362794012829651
PKCTFGNWEDMRHQASILYV,0.7455452601568069
VYPGECKNIARQWSLHFDMT,0.7434069850320741
PGTFKVQSRHALNDWCYIEM,0.7483962936564504
HMPCRLWDQVGTFEYASKIN,0.7512473271560941
SDIYRATHVFEKGMCLNPWQ,0.7312900926585887
HAIGKSDYCVEWFQRPLNTM,0.7391304347826086
NELAMSPKDFGRCWYVHQTI,0.7205987170349252
YQSTKRNWDMLCAEFHPGIV,0.7341411261582323
VGHYNRDTMAEIKPCWSLFQ,0.7334283677833214
CVMSYATQLHKFNERIDGWP,0.7341411261582323
IHGMYLRTKWCESADFNPQV,0.729151817533856
GYVNFSAIMPLDQEHWRTCK,0.7334283677833214
MHADIWGLTSCVPQYFEKRN,0.7377049180327869
QMCWNIGPYDSAHERFTLKV,0.7398431931575196
KNYHGQMPDSLEFATIRCVW,0.7384176764076978
IVYDHECTLRMNAKQWFPGS,0.7526728439059159
DGIAKLQHNPRVECYMTWSF,0.729151817533856
RAMICEGHTWLVDFYPKSNQ,0.7391304347826086
RILYNQSFGCMAEHTVPWKD,0.7277263007840342
NFEKVWGPIQYHRCATDSML,0.729151817533856
PVNTFWHGLAMYQSCDERIK,0.7320028510334996
VWSIMDPGLFRYCTKEQAHN,0.729864575908767
YICRNLDPGKAHVFSQWMTE,0.7248752672843906
RWFADICVEGPKQNTMYLHS,0.7377049180327869
NCSHWILKRYPMAQVETGFD,0.729864575908767
PDQKMCANTGRYHFEWLVIS,0.729151817533856
DISEPYGKVRCFLTAWNQHM,0.7512473271560941
FRCGAVQYHTSMLEWPDIKN,0.7334283677833214
NWKIRTGSDHMEFQAVPLYC,0.7384176764076978
WSPCQEMHNVLITDGKRAYF,0.7320028510334996
CNATQGKHWSFDRIEMVYPL,0.7377049180327869
QSGCETLVNIWKHAFDRMYP,0.744832501781896
THPNMCRYAQLGDWSFVIKE,0.7284390591589451
LYCSGQADMFIWHVREKPNT,0.7305773342836779
DALGHIFVQRTKYSPCWNEM,0.7405559515324305
QVEPSNRDAMTKLFYIHCGW,0.744832501781896
GAEPSVNTHIYWFCMLQDRK,0.7426942266571632
DNKVRAFEHMPTQWYCGILS,0.7419814682822523
DFTYARNGIWMKPLQHSVEC,0.729864575908767
NQISKCWEGPDMFRAHTLYV,0.7419814682822523
WKFQTHRICYSDMGPELVNA,0.729151817533856
GTNSLRIFPQDYAKWHVECM,0.7227369921596579
VQMDTHPELSGCKIAWYFRN,0.7412687099073414
AYEGKFIVMQWCLTRSHDPN,0.7362794012829651
KDCLTAQPHRFMINWYVSGE,0.7426942266571632
MVIENPTRKYAQHGLCFWSD,0.7434069850320741
SMWTKGEVHRYLFNPDCIAQ,0.7334283677833214
SKQNIECYVAFMLPRHGTWD,0.7391304347826086
KGLEWSQFYRCAPTINMVHD,0.736992159657876
KSYDTQMAFPWEVRCHLNGI,0.7312900926585887
CHPTFLRYIAWMVGSKQNDE,0.7476835352815395
SHCYDFAEPLVRIKTNGMWQ,0.7398431931575196
DYMFGNQSLCKITAEVHPWR,0.736992159657876
NRCAHYWKDIVTGQFEPMLS,0.7348538845331433
TWYDKQCRFHMNEVGPLSAI,0.729151817533856
QGPCKILTVERDSANWYFMH,0.7398431931575196
SYPLTDHKWIGFMCQERVAN,0.7476835352815395
YKSQWAPCVHEGTFRMINDL,0.7355666429080542
KNCEVYAQMDPFSWRLIGHT,0.7384176764076978
IKNPCMQALGVTDYWSREFH,0.7362794012829651
YGRIKSEMQTHVLDCFWPAN,0.7341411261582323
HQVSYGELTCWNFRAMPIKD,0.7348538845331433
ISAWVRKYNMGFCDPLTHEQ,0.7305773342836779
PDCWRYSANHGIEKVLQFTM,0.7284390591589451
WTPVKCHLGNDAFYSIQMRE,0.7327156094084105
DQYECAHGIPNSKVFRWLMT,0.7476835352815395
FPADHVNYRGLQETCMWSIK,0.7255880256593015
YRELMAFHIWPTVGQSNKDC,0.7476835352815395
CIPVMGLFNDQYWSAHKTER,0.7469707769066286
DIEPVCWMQTRNLSHKYFGA,0.7334283677833214
YVSTFQMRIPHLGNCDKEAW,0.7334283677833214
QANCGFLIDYPVSKTRHWME,0.7419814682822523
GWRFECHDVKSNYPQLTIAM,0.7320028510334996
HLVQFMEWPNRGDSKIYACT,0.7355666429080542
LRYIWFDTVNPHQMSECKAG,0.7405559515324305
VEFTCMRNPYIAHQGSLKWD,0.7327156094084105
KVRPSEICYNMTFDHGLWQA,0.736992159657876
WRLASGTQFIHCKMDPEVYN,0.7377049180327869
TCYGDAQISNLHEWMFRKPV,0.729151817533856
RVSEQWTMADYGKLCPNIHF,0.7320028510334996
FRWYDCIQLNEMHATVSKPG,0.7491090520313614
TFDWLVGCAQNRIPEMKHYS,0.7270135424091233
LTNDIEMFAGPKYHCRWVQS,0.736992159657876
WCGRHIPQVLKMDNSATFEY,0.736992159657876
KQNVWGDTYACSRLMHEIPF,0.7384176764076978
HKLWYENRPADSMQTVIFCG,0.736992159657876
AQEWCVKDYMPGHTNISFRL,0.736992159657876
AVCQDMWGENRFYLTKSHIP,0.7405559515324305
CDNSRWFPAYGQTEHIVMKL,0.7391304347826086
HNQFEVPYTGDCSWMIRKAL,0.7377049180327869
TFPICMYDGWVSARNHEQKL,0.7327156094084105
ACWQGTIYHPDLRSKNVMEF,0.736992159657876
EKAVHMNFRDCIQSPGTWLY,0.7284390591589451
DMWFCVQTSLYERHNGIAPK,0.722024233784747
CALTGYKEQWIDRNVMSFHP,0.7398431931575196
CYMGWEARTKIQNLDHSVFP,0.7213114754098361
NLVRHMQWEKSCAGPYFDTI,0.7241625089094796
QNPYTKCSVWHDLGIEMRAF,0.7305773342836779
YDCRINSKLQEMTHVAPGWF,0.7434069850320741
DRMQTCVWPLINYSFKEHGA,0.736992159657876
RCFEQLSHWYMIAPTKGNVD,0.7412687099073414
YHFSMWATRKECPGDVNLQI,0.7277263007840342
EFRGLPSCQHANTWIDKMVY,0.7341411261582323
KGPCSWMADHILFENRYVQT,0.7419814682822523
GNYKQAEDPTVWFICHRLMS,0.7469707769066286
GQHESWFNRDIYLVKPCTMA,0.7270135424091233
RQSNEKTWLPCADGYHMFVI,0.7341411261582323
CMEWQGHTYISAVNDPLFKR,0.7234497505345688
FYHRWMKPALSNITVQECDG,0.7362794012829651
CHGIDWTEQNFAVKSRLPYM,0.7405559515324305
FCDAYNQSTGRVEKLPMIWH,0.7305773342836779
EFCGTLPIWHYVRKANSDMQ,0.7263007840342124
AIGFRLKQCYWNEHMDTVSP,0.7241625089094796
DPWSAKNRETFVGHYQILCM,0.7341411261582323
LSRNFKWGHMAYTECPIDVQ,0.7170349251603706
DQKWPHNGLRMYIETCVASF,0.729864575908767
PEKHDGVICTLRYSNAWFMQ,0.7455452601568069
HKRCFNITSWGYQVAPMDLE,0.729864575908767
WIRATNYQDFLMEHVGPSKC,0.7341411261582323
NWIRCVGSMFLYPHAKETDQ,0.729151817533856
HTAWQEGDIPRVKLSFCNYM,0.7284390591589451
GRAVKYDWTCHIFLPQNSEM,0.7284390591589451
HQTCAVRPIKYEWMNGDFSL,0.7177476835352815
AMRGLSQPECWVYIHKTFND,0.714896650035638
RAKMSPDNEIGHVYQWTLCF,0.7455452601568069
GNIDCTLRYFSHKVAMEPQW,0.7362794012829651
NLVEAYSHFKCPWQMIDTRG,0.7305773342836779
RTPIDAVSHMENKQCFWLYG,0.7412687099073414
EGDRPTQNKYWILVSCHAMF,0.7327156094084105
QFGDPYHEWVKLSMNATCIR,0.7284390591589451
SEANPKRDMYHIQCVLTFWG,0.7441197434069851
ACRGENHSDFPYVILKWMTQ,0.7491090520313614
RPWVTAKYMGLHENIFQDCS,0.7391304347826086
MQWDRCYNAHTISKVFLGPE,0.7384176764076978
WHPRATYFIVSQMKGDLECN,0.729864575908767
LEVFNQGSYPRDAWHKITCM,0.7334283677833214
LDQHTIMGASNYFEKPWRCV,0.7320028510334996
YLNHQGFIMCSVDEKTPRAW,0.7263007840342124
NIDVQGLMTFYSEKAWRPHC,0.7312900926585887
QACLYVRNKGMDHSTFIEPW,0.7327156094084105
ARQFSWYCKTMDNGPHIELV,0.7255880256593015
ILWDSMHVTAQNFKYERGPC,0.7227369921596579
HNLQFWRSYEKVIDMGTPCA,0.7241625089094796
GWYHKMQSCDIFRNVPTEAL,0.7462580185317177
RWGMICPSFHDLTKQEYNVA,0.729151817533856
MRYSKFTWNPDVAQLIGEHC,0.7483962936564504
TCEANLPKRMDQFWYHVIGS,0.7405559515324305
FNHSMKLTEDCIPWYAQVRG,0.7213114754098361
TDCYWERLQNSGAHMPVIKF,0.7277263007840342
EFNTKYLRWPVSHQIMDCAG,0.7320028510334996
MNPIGEFDLWTCVKAQYHSR,0.7263007840342124
FIQAPESGVLTKDHMCNWYR,0.7434069850320741
MFKHCVNQRIATELPYWSDG,0.7441197434069851
RPWEKHTDIFYMNSQGLCAV,0.729864575908767
QIVKTWMSGFENPDCHLYRA,0.7355666429080542
QRMLEWYFAHNCVIPSGTKD,0.7312900926585887
NLIFKWAHQDRPTYEMVSGC,0.722024233784747
IYGFKDWQSMTERPVCANLH,0.7106200997861725
WRQAINHLYFMPGSCETDVK,0.7377049180327869
KEIGDYMLCTAWPHVSRFNQ,0.7441197434069851
NHGPIMYARETWLFSDQCVK,0.7362794012829651
EHPWNSDIRKGCFTLQAVYM,0.7462580185317177
YPIKWVLDRSGCFMQHATEN,0.7270135424091233
CFYPWGMAKVTERDNISLQH,0.729864575908767
GEWQHMNDYARLKPIFCVTS,0.7334283677833214
ELCYSDIWFPGNKAMHVRTQ,0.7241625089094796
THMDSNEYPKWRFIQAVCLG,0.7305773342836779
GPFARKNYIMSQTVEDWCLH,0.736992159657876
HFGCWRNKEPTMDSYIVQLA,0.7305773342836779
YVIGMENRASLKPTDWFHQC,0.7334283677833214
QPCIMFTRESGVYWLNKDHA,0.7562366357804704
MRACVGFSWPHQEKYNDLIT,0.736992159657876
YHNWMGAIKDLFETRPSQCV,0.7426942266571632
LHVNTDARKWGEPSFMCIYQ,0.7284390591589451
CKWINQRPLTSFDGEHAMVY,0.7377049180327869
EYQMACSRHGNTKIFLDWVP,0.7263007840342124
LSTNGRCFEMIYVQPADHKW,0.7419814682822523
IGCPFWQREHKNAVYMTDLS,0.729151817533856
EQFNSCPMVLKGAHWYDIRT,0.7426942266571632
WHLAPQCDEKFYVNRITSGM,0.744832501781896
QDIKNMCPGWREFAVHTSLY,0.7505345687811832
NVRGMDTPCELIQSKFYHAW,0.7305773342836779
VPWCMEKDHQSILYANFTGR,0.7462580185317177
MGVCWEDRLTANSHYFKPQI,0.7419814682822523
ISVKLRNYAGDEFQCMWHPT,0.7327156094084105
IDENMTRPLGHWSQVAKYCF,0.7198859586600143
SHKPEFARVTNIWMQYGCLD,0.7348538845331433
DIHTFGWKVESPMQCYNLRA,0.729864575908767
VMAGETIPNFDWKRCHQYLS,0.729151817533856
DMWAYQICNHKTERPLVFSG,0.7391304347826086
VLQREMPADSFGTYHNIWKC,0.7419814682822523
VKLMFACSTGRNDIHEPQYW,0.7312900926585887
YCVTNMPLFKSAGEDWIRHQ,0.729864575908767
GPMNECKSLHWTYVRFQIDA,0.7412687099073414
MVRQHGPKICAEFWDTSYNL,0.7341411261582323
VGQYSRLAMCDKTHIFENPW,0.7334283677833214
TYPSCKLRVEGFIDQMHANW,0.7384176764076978
KNGQRTWEFCLPYSAVHDIM,0.7412687099073414
YSEKIMHRPCGFNQADVWTL,0.7320028510334996
NVYIQARPWHTFDGESKCML,0.7305773342836779
ICLRKMVYSPWQFAGHNDTE,0.744832501781896
YWMARLETKNFGQSCIDPVH,0.7412687099073414
LMRGDYTCVAKWPEQFNSHI,0.7341411261582323
PVHAINDCQFMLRYKWEGTS,0.7462580185317177
FPSLRNCIGEYHVKWTADQM,0.736992159657876
QRAFPKICTWMDGENVYSHL,0.7134711332858161
MQPGSAECFKIVDWLNRTHY,0.7391304347826086
QPFHRYNDAGVCEKTWIMLS,0.7327156094084105
LNGVSCHFERWAMIDPQTYK,0.7434069850320741
LWYIHCSTFGAREQKMVDPN,0.7384176764076978
CFWVPQSREGLYMDHTANIK,0.736992159657876
ASKRCGLVNEWQMFPIDHTY,0.7412687099073414
YFTLRGMVNHDCQWPKSAEI,0.7327156094084105
RKVIPYLMNAHWCGQTSFDE,0.7320028510334996
CMISEAHDLKWGNQPYTFRV,0.7355666429080542
KGSVPTQLNWHYCDREAMFI,0.729864575908767
YLRVSDQFKHIMPTAWENCG,0.7391304347826086
WNTQEIYFRSVDPLKGAMCH,0.7441197434069851
NYREPGVCMDFSITHQLKWA,0.7384176764076978
SRCLGFDYQEHTIPVKANMW,0.7248752672843906
CEQHPGRFKMSINYDVTWLA,0.7405559515324305
CYIGRQVMSLEPDTHNFKAW,0.7305773342836779
VTCFRMPHGEQNADYSLKWI,0.7270135424091233
NFSATGQRCDLKEYIWHVPM,0.7277263007840342
MNDQASTRPLFWGYVIHEKC,0.7491090520313614
GDSRCETFMQWHVYIKPLAN,0.736992159657876
AQSDTEPKMNYFIGVWCRHL,0.7248752672843906
CYRHKMIEDPGTWNAVFLQS,0.7455452601568069
CRGMQFTAWNYPKHLVIEDS,0.7405559515324305
VSAQYHCWGRPIMTLDKEFN,0.7426942266571632
ICYNGHEQFWVTKDMRSPLA,0.7362794012829651
HAVQEYGWTFKSPMRDLCIN,0.736992159657876
AMSFHWVNRKPYGCILTEDQ,0.7334283677833214
THGLIYPSEWQMVNADCKFR,0.7384176764076978
CKFHVYAMDIQRLWSPEGTN,0.7334283677833214
KEVYLGTRMPQACDHNWIFS,0.7391304347826086
NCFDYPHILTQESMARKVGW,0.7334283677833214
KGCLWRYIQSMFVHPNEDTA,0.7355666429080542
HEGQMCKYDWRILTANVSFP,0.7398431931575196
DFGVPWCEANKIRQSHLTMY,0.7384176764076978
YICFALESPTWQVDNHMGRK,0.7327156094084105
SDWNCTFEILAQGVYKPRMH,0.7377049180327869
PSRIFVLNEYDMHGCTKAQW,0.722024233784747
MWTARGENYHVFPQCISDLK,0.7327156094084105
YFVLGQHMCKAWEITDRPNS,0.7270135424091233
CKDGAQWVFHRLPYETNMIS,0.7355666429080542
GKCEFVHRAMILDQNYSWTP,0.7270135424091233
WGPLVYICFRDAHSTQKMNE,0.7184604419101924
GIFEDCHMTYLVRQSAPNKW,0.7434069850320741
MRWNPYQDHKGFACVSIETL,0.7412687099073414
ELFYAGWCIHSNRVQPDMKT,0.7327156094084105
PDCKVTYWHASERFLIGQMN,0.7355666429080542
TEMLWFCGDRAYNKQHPIVS,0.7320028510334996
AEFDVGCRHNYWIQSPKMTL,0.7270135424091233
ICRSVDNFPKGEAMLQHWTY,0.7491090520313614
PHADTCGVWQFESYIRNLKM,0.7419814682822523
LFDYIHVMKTNPCEWSRGQA,0.7384176764076978
IPVQWLRFDHECKTNMGSAY,0.7419814682822523
RGLWVPISTKAEYCQDMNFH,0.7305773342836779
ASCHLNYMEIKRFGWDQVTP,0.7391304347826086
HEVANRLQYKWIFGTPMSCD,0.7355666429080542
MAILDGNPSRETHQFWKVCY,0.729151817533856
GCLYEKVDAHWSQPMNFITR,0.7405559515324305
GTFCHVQIWMDAKLPYNESR,0.7348538845331433
RIAFWSTGHCLDMPKYENQV,0.7320028510334996
LCDMSIGAEKTPQFWYNVHR,0.7398431931575196
GLWMSVHKYQTNARCIFPDE,0.7255880256593015
YWIEFRDSKLCMQNTGPAVH,0.7213114754098361
PFGICSDHARTLVKQNWYEM,0.7469707769066286
TGRWESCNDQYFLVKMIAPH,0.7491090520313614
AQIENKLYHPVMTWDGSCFR,0.7455452601568069
SPRNVYLGCWDQAHFTEMKI,0.7412687099073414
LTCYQHSWMERPDVINFKGA,0.7348538845331433
NKAFQWMPHLYGITSEDRCV,0.7284390591589451
NAMRTGEWPVKHSIQYFCLD,0.7277263007840342
FLYWVKDAISQPENCRHMGT,0.7476835352815395
EIAPTGDMKYWLHRVQNFCS,0.7184604419101924
KPQGRDINECWYTVLFSAMH,0.7533856022808268
PSFYMDLCIARKQHGNVWTE,0.7469707769066286
YHQDGRWIEFLMTCVKNSPA,0.7498218104062723
RCTFNIHAYSGDQWLMPKVE,0.7362794012829651
HNGLAFRDTEPYIMVWSQCK,0.7277263007840342
VYQSFKMTPGADWEHRNLIC,0.7341411261582323
SCMTDKGVYQIHNFWRALPE,0.729864575908767
DYGEKSMQLCFPNIVWARTH,0.7384176764076978
KCWGMDLSYAIVFEQRNTPH,0.7320028510334996
NMAQTSFPWVRICLKHEYDG,0.7277263007840342
RDHNCGAMFWLVKPEQTYSI,0.7426942266571632
PKAEVQWIDFNGMRCTYSHL,0.729151817533856
GTHLQMFIVCRNAWKEPSYD,0.7305773342836779
WGTAQHMYFVSEKIDCLNPR,0.7248752672843906
YRKFLHQWENPDGCVSMATI,0.7320028510334996
THNACEIWMPSYRKFQLDVG,0.729864575908767
CVFAYNEMRHWSQTDKIPLG,0.7270135424091233
PGMANRLQYSIWTVCEFHKD,0.7405559515324305
TIYNDRKMCHQEGFWAPSLV,0.736992159657876
NWSECLMRYTPGVKAQFDIH,0.7469707769066286
TNHFYAKIVECDRSMLGQPW,0.7305773342836779
FIKQPNCMRLAHSTGWYEDV,0.7377049180327869
WADRLQTNSIMKFGHYCVPE,0.7391304347826086
HQEFPISADYRKCLNWGMVT,0.7355666429080542
SLRKMWDFHTAEPNVYQICG,0.729864575908767
QMLIYTASPHRENDCFGKVW,0.7441197434069851
YWVCQMIPGKELDNSRAHTF,0.7434069850320741
FCRTAHLDIESKYVPQNGWM,0.7305773342836779
DFCEIKQVPGLMYTANSHRW,0.7498218104062723
WKVGNQMRHSDYCLIETPAF,0.7426942266571632
AQRNLYDIPGWHVEKFTCSM,0.7191732002851033
QCFKIANMPHSTYLVEGWDR,0.7384176764076978
INGTRYALQMCWVPSEDKFH,0.7341411261582323
LKSWPAQHTVFEGDRYCMIN,0.7277263007840342
KFHRTNLIGMWYVPDESQCA,0.7505345687811832
QYDRTHGWLVSFKMEICNAP,0.7398431931575196
PQWFAERGSVMDYCLKNIHT,0.7241625089094796
RPGMCYDALSFQNKEITWHV,0.729864575908767
TQNYFSMCLWEHDVIKAPRG,0.7441197434069851
GHPFYVWMNDAQCLKSITRE,0.7355666429080542
VKNAIPQGHEMLWYRCFSTD,0.7320028510334996
LKEYITPASRQFMCVHWGDN,0.7255880256593015
YLVSQDNRWATMFEGKHCPI,0.7455452601568069
ANWQFTYHCIVRGLEPMDSK,0.7334283677833214
KTEFWDYHLAGCSQVMNRIP,0.7277263007840342
GRALNFYPMQHSKDCTVWIE,0.7327156094084105
PTKDMRWNIEYHLCAQGSVF,0.7255880256593015
AGLHFNVITCPYDEWKMRQS,0.7398431931575196
HFRTIVEQMWCLPDASNYKG,0.7277263007840342
ANHVWKQEIRFSDMYCPTGL,0.7191732002851033
YVFTIQRANMPSCLGKWDHE,0.7391304347826086
MSTAIPFNCYHRDLQKEWVG,0.7334283677833214
SKPLGRDNCWVQFHTYAEIM,0.744832501781896
VADMFKGRITNCPHQWELYS,0.7213114754098361
FKNQSPIYLTEMCAWDVGRH,0.7341411261582323
DFTHEGKSRLVIMQNWCPAY,0.7384176764076978
ITWLQFHDMGACEVKSNRPY,0.7241625089094796
EHATDLIRCQGKVWPNFSMY,0.7348538845331433
GQSPMENDVHACYILKFTRW,0.7455452601568069
TVYAPGMEKRLHWSICFQND,0.7305773342836779
RFHTQWEMPVIKNYDSACGL,0.7305773342836779
AVICREDMNPTSQFHLYWGK,0.7391304347826086
TDQFMRYLENWHCIVPSKGA,0.7263007840342124
KQGCRSNITVMWFLHDAYEP,0.7590876692801141
QRLMNIFYSTPHGEWKADVC,0.7348538845331433
MSTFCKWNGEVDPALQIHYR,0.7398431931575196
RIASEFGVLCYQMKDTNPHW,0.7270135424091233
HGMKWTLNRSAVEDIPYFCQ,0.7391304347826086
TFIYHSNQGERDACMWVKLP,0.7277263007840342
IRFVSHDYKLNWEGPCQAMT,0.7434069850320741
VDTHNKLIWGRPYFSQACME,0.7320028510334996
YCSDGEVFQAWRLMKPITNH,0.7412687099073414
KQLCRYPWIMAGTVEDHNFS,0.7405559515324305
YFVMCDLTEISNAPRKQHWG,0.7348538845331433
NKFCVPHRLEISDYWMGTAQ,0.729151817533856
QSPNTCEGWKYVAMFRLIHD,0.7455452601568069
YTHGCVMPFWAEQSRNLKDI,0.7483962936564504
PLCFYTQDWRAHKGNVSMEI,0.7255880256593015
IFRVCMLEGYTDSANWHPKQ,0.7312900926585887
SCPYGWMRHAKFENDVLTQI,0.7498218104062723
CSYAEWQNHDKGPVMTRILF,0.729151817533856
AHVKPFDQCSRWIENMLGTY,0.7441197434069851
SGYTAPMVRLWNCQKEFHID,0.7434069850320741
PCEWTRGVMANYFDISQLKH,0.7348538845331433
KVSDMFRTIHQAPNLEYWGC,0.7305773342836779
EYPFNIKWQVAHMTGSRLCD,0.7355666429080542
HPRQVANCMKIYTLFDGESW,0.7398431931575196
WHYKQTDRSVECPGILMAFN,0.729864575908767
YGCEIVQHFDRWTKSAMLNP,0.7312900926585887
RATWMKFHLQNSGECYPVID,0.7341411261582323
RGKYSWCITQDEHLAVPFMN,0.7405559515324305
VTHWPDECGASMKRLQNFIY,0.7348538845331433
PIARMFVYWCKDQTGEHSNL,0.7320028510334996
TMDPSWKNILRQHCGYAVFE,0.7263007840342124
SHDYKCQMLTAERWGNPFVI,0.7441197434069851
FCGLNTIMYERAWPQHSKVD,0.7277263007840342
SYHLPIFARDKVGNTQWMCE,0.7234497505345688
RIQSVEWCAFYLHGDNPTMK,0.7241625089094796
AMCINDTFGSLVQEKHPRWY,0.7312900926585887
ILKNMPECGRFYDTAVQWSH,0.729151817533856
WCADGTKQFESYRVNIMHLP,0.7327156094084105
WKMCFIVLETRASQDHGNPY,0.7426942266571632
TESLRYVPDCIMQFAKGWNH,0.729864575908767
ALMVWTRNCSPYFEGDQIHK,0.7391304347826086
RNWATKHYVCSMLQGPIFED,0.7255880256593015
QPIHRSGDKVMNTFAWECLY,0.7455452601568069
TFLICMSGVKEHRDWPAQYN,0.7505345687811832
DFICGAMWQNPSKLYREVHT,0.7334283677833214
CPLHTFWNKGMRSAVDEIQY,0.7405559515324305
RQFLVSNHGAPYCEKWITMD,0.7248752672843906
MLAPCDEFRTQYNIVWGHSK,0.7419814682822523
IWCNSRMEVTKLDHGAFQPY,0.7284390591589451
VHSTPCEMIKWYDGLRFAQN,0.7327156094084105
EYCLPDSRFANGTHMQVWIK,0.7270135424091233
REMAPIWYSLTFVGHCQDNK,0.7491090520313614
PGSFYVDHWMNLTRKEQIAC,0.7263007840342124
DYTLFGSRAEKVHQCPWMNI,0.7156094084105489
AIQDGHCVTLWYPKERNFMS,0.7434069850320741
MIRADKFGYTLHCNPVWSEQ,0.7469707769066286
THYIPWKCDMSFQNAVELRG,0.7419814682822523
WYIFQGTPKEADSCNHLRVM,0.7469707769066286
CSRPIMKWVQTAYENDFGHL,0.7312900926585887
RQYPTIACKNVGLMSEHWFD,0.7398431931575196
GSFHWADTQLRIPMYVCENK,0.7412687099073414
NRQTSEIKHPMCWDVLAGYF,0.729864575908767
NLRHGDSIFCQKEWTAMPYV,0.7434069850320741
RHQVAENSGTLMYICFKDPW,0.7512473271560941
YQEVHLIARGPWSDMKFNTC,0.7312900926585887
KGFSMEIDQTLPRCVWNHYA,0.7398431931575196
GHSEFQVTKNICALWYPDRM,0.7377049180327869
EYRSPWLTKIAVMHQFCDGN,0.7419814682822523
DPYITHALFVWNKGCRSEMQ,0.7398431931575196
HVLGPWQSDTFNYERKCAIM,0.7498218104062723
VIEMKNGCSDHWPRTLYAFQ,0.7362794012829651
DSWRTLMPEIYANVHGFCKQ,0.7540983606557377
LGDNCKRYAEFTHIPVQWMS,0.7548111190306486
FYMGKLARHECVSQWNDTPI,0.7377049180327869
PMQVATCKSWLIREGHDFNY,0.7284390591589451
MCDGFKYTLPEWAHISNQRV,0.7405559515324305
KIDCGLNFVEAWQTMHYPSR,0.744832501781896
TCWQAPGRSIVFEDHYMLKN,0.7405559515324305
EVPICQTMDYNRSFAHWGLK,0.7312900926585887
HWTVNADRLISYCFQMPGKE,0.7377049180327869
LYRFNHEQMCAVTSPIDKWG,0.7348538845331433
IFVNCKSRAPMEDTGHYLQW,0.7405559515324305
FQNEWRKLMHDYPVACGITS,0.7462580185317177
GFTIYCAMWHKRQDPEVNLS,0.7355666429080542
GLDSWFCRHPYVAKQIEMNT,0.7277263007840342
IKWCPHQTDYSFMGRANVEL,0.744832501781896
DMIHRKFNGSQACEPLVYWT,0.722024233784747
AHEYFKMCQISPWNTVRGDL,0.7241625089094796
CPAYMTQWENSHVLIGFKDR,0.7334283677833214
NAHGDRMSPVQCITKYFELW,0.7362794012829651
QYASMGVNRCLEHDITFKWP,0.7263007840342124
CEAVRSYLITMDHFQNKWGP,0.7362794012829651
HGECLSADQTRWIVMKNYFP,0.7305773342836779
GQIALDWSFEYHPMNTKVCR,0.7412687099073414
PNSTMEDICVLYAKWQFHGR,0.7284390591589451
DNHMVLIESGARKTCYFWPQ,0.7405559515324305
NESLGFTPWICVRKQYDHMA,0.7277263007840342
WGHVYTPEFSLNICQAMDKR,0.7576621525302922
DSKAFRPYCVHENIMLQGWT,0.7213114754098361
VGDKPMLTFNIECQASHWRY,0.7362794012829651
DALECPNGRQWFYVHSKMTI,0.736992159657876
RGHMEVSTFLNDQYPWAKCI,0.7398431931575196
TYVSWNLAHFERQIGKMCPD,0.7234497505345688
RQFCDPMAKVWENGYTSLHI,0.7227369921596579
WGDNYIHTKLEVPQSCRMFA,0.7398431931575196
FGKVETICSAYMQLRPDHWN,0.7412687099073414
NLAIPFKTMRYQHEVGCWSD,0.729864575908767
EPQDWIGRSAKVHFTLMCYN,0.7462580185317177
WCYTGAQFNVMPSEIHKRDL,0.736992159657876
WYPSKITHLGMDFQVACNER,0.7441197434069851
AVPFQDRSNYTIGMCEHKLW,0.7384176764076978
YVKMDFAEQIPWCTLNRHSG,0.7234497505345688
IMDKNPTLHWFRQYSGAEVC,0.7434069850320741
ICQSRTWYEGDAVNMPLKHF,0.7227369921596579
KFVCRETANSGMHDWYQILP,0.7327156094084105
QCWMKIEDHAYPRTSGFNLV,0.7198859586600143
MVFPQTWNELGHRIYDACSK,0.7434069850320741
MCDPENRFQHTYVGKISALW,0.7348538845331433
EVCNPDFKWHITYRLAQSMG,0.7391304347826086
FPLTHYNDKCIQAGMSWREV,0.7377049180327869
SCHWLTRVQYNIDEAMKGFP,0.7434069850320741
DSWPGHTNEMCVIYALQKRF,0.7398431931575196
RLAFGDWMQCPEVNKISTYH,0.7312900926585887
DGYCEVPISMNWRATQLKHF,0.7270135424091233
ELKITVNSCDWMFAPGYRHQ,0.744832501781896
GKYEWHSIPMQDNCFAVRTL,0.7434069850320741
VWYGKRNLQSADEHPCITMF,0.7405559515324305
ECNKYQGVTFPMIRDWAHLS,0.7555238774055595
ILVAKGPHRNFQMDCTSWYE,0.736992159657876
TEDVFPQMSRALKHGYCWIN,0.7348538845331433
IHTNMKSCEQALYFPGVDWR,0.7341411261582323
SIRLYPTDNWGVQAMEFHCK,0.7405559515324305
IWFMADCNPQLRYTSGVHEK,0.7312900926585887
VYDSLKFMAICRHTPGWNEQ,0.7476835352815395
FEMKDQPHLYAIRVWNGCTS,0.736992159657876
EAWHGIPQCYRLKDNFTMSV,0.7498218104062723
YENTWDQSACRGIKFLVPHM,0.7391304347826086
EMGQNWFYTCPHDIRVSALK,0.7405559515324305
IMNGEWDCVQLYAHKPRSFT,0.7341411261582323
NTFGWSEQYMCDLVPKRIAH,0.736992159657876
ADNKSTWYMVICLQERFGPH,0.7491090520313614
WFTIKRNQVLPSYDGEHCAM,0.7540983606557377
IRDLWMYHSVPCQNGTAFEK,0.7391304347826086
YPCMRGLTAFHQSNEDKWVI,0.7426942266571632
ALRDWMVQSKHIYPCTEGFN,0.714183891660727
GDLKRQTPENMIVASYWCHF,0.7377049180327869
ASLEKHIDVGYWPMCNFRTQ,0.7498218104062723
VGKDAITMWNFCHLQYSREP,0.729864575908767
QMYHCPIDEWVGNSALRKTF,0.7312900926585887
MFLQREDAKWGSVNCPTYHI,0.7533856022808268
PYCHKLINMDWFEQSTGRAV,0.7491090520313614
CLDGWSPKAEQFRTIMYVHN,0.7355666429080542
RYDHLIGSPAVFWNEQCMKT,0.7469707769066286
FMTECANQHWIDLPSRYKGV,0.7391304347826086
ISHRYWPGLFEDMTKQCVNA,0.7412687099073414
REVHQPTLSKFYAMWICDNG,0.751960085531005
PADKVTHMYREWGFCNQLSI,0.7205987170349252
KVYICPEGLFQDSRANMHWT,0.7255880256593015
MTHYNLSEIDVQFGPKCARW,0.7362794012829651
SGTFWEQNAKYLDPMRHVIC,0.7327156094084105
MYGECSNQAHPLTIDVFKWR,0.7284390591589451
PGTKEIADCSQHRYWNFVML,0.7348538845331433
IAMYVELHKQDWSPFRNTGC,0.7412687099073414
TFDMVQSEKAPNYIHGCWRL,0.7426942266571632
IEVNAPQFRMHDYCSGLWTK,0.736992159657876
QYFGSDTEMALKPHRVINCW,0.7391304347826086
HNCPRVSGFETYIWDKAMQL,0.736992159657876
TEYQGCKPDRNWAFVIHSML,0.7341411261582323
RMPGESWVIHQFYKTDALNC,0.7391304347826086
ELIQAMGDVCNPHRTFKWSY,0.7241625089094796
YQTGAWMNKESRLHPDVIFC,0.7255880256593015
SRGPEKMTDAFNYVIWQLHC,0.7512473271560941
WREDMCKGNVILYQFSATPH,0.7348538845331433
GDIVENFHQPLMWATSYRCK,0.7441197434069851
QKIDFGWTPNVRYSMLAHEC,0.7398431931575196
NFQRAKPGSTMEICLDYHWV,0.7391304347826086
WITASPDGRVNFMCYEHLKQ,0.729864575908767
ILVFTDPRSYKMCEGWQANH,0.729151817533856
YCILDTHPAESWKMFQNVRG,0.729864575908767
PCLEMYWTRADNFIHSQGKV,0.736992159657876
YWHRNILQEAKDCMFSTPVG,0.7505345687811832
QCALTIWSRMNFDHKVPGYE,0.7305773342836779
ALNWEIGDKQVSMYRFHTCP,0.7320028510334996
DRAIEKCYWFGHNVMLQTPS,0.736992159657876
DCWKEGHARYLNITMFPSQV,0.7377049180327869
YSWNCFKRVTEGDPIHLAQM,0.7277263007840342
QPYMFTGARHWCSNILEDVK,0.7341411261582323
SMNDHYWGLRQPFEVAICTK,0.7391304347826086
MRHGINCSEWPFKVTDAYQL,0.7348538845331433
DCYVQGIAEPSFTLWRHNMK,0.7548111190306486
KCVFTDRPWAMQGSHIYLNE,0.729151817533856
IDCHLQWNFVRKEPAMYSTG,0.7327156094084105
WQGMRLFVEKTDPHNAIYSC,0.7469707769066286
AMLDRGSTQKYIHVWFCNPE,0.7434069850320741
CNQEIASKWDLPYVMRHTFG,0.729864575908767
QYGPWFNIDSERCTHKLVAM,0.7234497505345688
KEITWDVQGRPMFNCSAYLH,0.729864575908767
QDLKYSCRMHENPFIGWTVA,0.7419814682822523
HFDYCVMQEPISWATLRGKN,0.7434069850320741
HWGYNMILQADRPEKFVSTC,0.7284390591589451
TLPCSDWRHYNAKIEQGVFM,0.7476835352815395
HVRCMSDTLIENFGPAQWKY,0.7355666429080542
VWYMPNLTQCEIRKDHSAFG,0.7441197434069851
RYCISWKLGEPTDVNQFHMA,0.7348538845331433
SDGMEHIFKPCVNRQYWALT,0.7348538845331433
IPRAGYEWDFSVHMLQNKTC,0.7377049180327869
QEITGMARNSDYHVLPWFCK,0.7455452601568069
PNHTGAIRQSMYKWLCFDVE,0.7305773342836779
RFYCGWPETIAVDSHMKNLQ,0.7362794012829651
KMATNHYPLQGVIDCWFERS,0.7512473271560941
GETLFVIQNKWDHMPYCASR,0.7263007840342124
GTLQSECDAHKVPFRMNIYW,0.7405559515324305
DWLATNRMCGPIFVKHESQY,0.7362794012829651
LWVEKHTSINAMPYFDQGRC,0.7441197434069851
PDLWYNIHKCVMSEAFRQTG,0.7434069850320741
HYAGLICFQDMWTRSPNKVE,0.7348538845331433
KGNRWSEPCDATILQYVMHF,0.7362794012829651
EMRAWSFPVTGNHQCKIDLY,0.7562366357804704
FSEMDINGYLCPWAKVHQTR,0.7491090520313614
EYAWSLVRGQDMTPCNHKFI,0.7377049180327869
IQNVCMGSPKEHFDLWATYR,0.7305773342836779
SWICRMTAPDHEYGLFKQNV,0.7348538845331433
MYEGAFTKSVPRHNWIQCDL,0.7284390591589451
ADSTLHQGKFPVINWRYEMC,0.7362794012829651
IHLTERNMFVGWPYDSAQKC,0.7391304347826086
YQTFWNRSELHGVAPKCMDI,0.722024233784747
CRLSTNKMPDFIQGVWAYEH,0.7277263007840342
CFEWPSQYRLHGMDKNAVTI,0.7455452601568069
IYKDTQNMAPHLGVFECRSW,0.7327156094084105
GRQTWFISHPLVYCDEKMNA,0.7341411261582323
RGHKSPQIAWTNMFLDYCVE,0.736992159657876
YFMNAWTCPIRVLGHQKSED,0.7540983606557377
NQAMDSRGFKLPHEITCWYV,0.7491090520313614
FMSYHWGRTIQANELDPKVC,0.744832501781896
SVNAEFYDWQKRTIPGHCLM,0.7320028510334996
DLWFIMNSKGCTRVPEHYAQ,0.7419814682822523
ERTVIAFDMLYHGPNWKSQC,0.744832501781896
AIEKLHMDWCSRYVFPGTNQ,0.736992159657876
CRQWTKGNDVASFHPIYMLE,0.7355666429080542
GKFDLVTHINWSPRMEQAYC,0.7241625089094796
HQNFCLMRTSVYDKPWGAEI,0.7483962936564504
VHDTYKGWRCLASENIPMFQ,0.729864575908767
AGWPTYDHLFKECSQMRNIV,0.7412687099073414
GEVTSPNACKHMDIYQWRLF,0.7405559515324305
KTIECASVNGLMHRWPQFYD,0.7377049180327869
AVSQRLMEWTPDGHCNKFYI,0.7526728439059159
FSYAQPGHTEIVKRCMLNWD,0.7255880256593015
LYRKIGWPQHMDVCFNEAST,0.7327156094084105
NSHIVLACGTQPDFMRYEWK,0.7419814682822523
WDALTMRHVYFCNPSIQEKG,0.7434069850320741
CNYQSKAMGFTPIRDWLEVH,0.7405559515324305
TNEGRVHSFLIQAPCYKMDW,0.7334283677833214
WIPRDLGFHKAVYMSEQNCT,0.7134711332858161
SIARPQDKVLECMFYTGWHN,0.7498218104062723
PAWHIYDCFNSQVGEMLRKT,0.7320028510334996
KYFDRIHMWAPETCGVSLQN,0.7327156094084105
NYRCEWATSQMGVHDKILPF,0.7434069850320741
HFELSVATQMICGKWYNPDR,0.7398431931575196
QVAKCMENWDIFGLYHPTRS,0.7355666429080542
RPLCEIKFSTMAGWQVHYND,0.7348538845331433
WVNIGHPSTFEYRAMQCKLD,0.7327156094084105
HYDIKRTCGVQNSMALFWPE,0.744832501781896
VDGTHRQMLESNFPWAKICY,0.736992159657876
TRLSKPYGVMCFAIDNWHQE,0.7405559515324305
TCSVPNRLKFAEIQMYWHGD,0.7348538845331433
KQYHFRWGPVNDTSIMALCE,0.7455452601568069
ATGFVDIHRSPELCYWNMQK,0.7227369921596579
WPAEDTLVRNKQHFSCYGIM,0.7348538845331433
EQAWDCSIRMGYNTHKPFVL,0.7198859586600143
YKPEAGNVLDQFTHWRCMSI,0.7412687099073414
ADMETKFIGCQSLVYWNHPR,0.7305773342836779
HCYFMWIVALNKTQPSEDGR,0.7398431931575196
HYIWVDAMPLFGNRTKQCSE,0.7391304347826086
QCMVWYKERGFLIATNDPSH,0.7498218104062723
CAHVISEKMNGYLQPTFDWR,0.7305773342836779
EFGIAYCTKHMPWSNLDVRQ,0.7476835352815395
TADVECGSHYQRMNLIWPKF,0.7312900926585887
NSHQLPVCGWYRIEMDKAFT,0.7255880256593015
DHKRFPCVLQYNIEASWMTG,0.7412687099073414
EMDCKHYSATLPWQFGRIVN,0.7462580185317177
IWSKVCNDLEGRTFAPYQMH,0.7334283677833214
NGICHYKWLTPQEFRMVADS,0.7384176764076978
GQANSRPFDMIWKVTCLEYH,0.7213114754098361
HISDQMGFVAKTPRNCEWLY,0.7398431931575196
RPCEWSDVMQTKIFYHAGLN,0.722024233784747
MGWTSINHYCLKDAFVPQER,0.736992159657876
LSGCEVPQRWADHKTMIYNF,0.744832501781896
HDANELYIVKPWCTQRSFMG,0.7419814682822523
SDEYKQIHVPAFGMLWCNTR,0.7434069850320741
MAIPDVEGRQTNSHFWCKLY,0.7263007840342124
DTHQWMGRLEPSIANKYFVC,0.7391304347826086
IMNTRQSGFYHCWEPDALVK,0.7327156094084105
SNPEMWDHRQGVKCATYFLI,0.7277263007840342
PNMLWAHRDVSFCEGIKQTY,0.729151817533856
RCKPIGTFLEHMDQYWNSAV,0.7498218104062723
WVPGMNQYKRLCFTAIEHSD,0.7562366357804704
YTDAGWMFCVKNSIRPHLEQ,0.7263007840342124
EWPSNQVFLAGCTKMYHIRD,0.7391304347826086
YKNQWEVPSGRITHACDLFM,0.7362794012829651
DKTPIHRACQGLVYFNMSEW,0.729864575908767
HREINSDQCTLPKMYFVAWG,0.7441197434069851
KDWEVNARCFHLMYSITQPG,0.7398431931575196
ANSFPQYMLDTVCGWRHEIK,0.7441197434069851
HILPTEVYWCNAGMDRSKFQ,0.7241625089094796
RNYKPMAIVEQCHTFSWDLG,0.7248752672843906
VAETLCYFWPMRSIQGNHDK,0.7419814682822523
TYHCIESKAQGNWDPLFRMV,0.7483962936564504
TGFIQMHVPRLKSAYCEWDN,0.7227369921596579
MHVKRAWILDGETYSQPCFN,0.7270135424091233
NALEFGWPHRTCSMDQYVIK,0.7198859586600143
HLRWCDPEVGKAMIFYQNST,0.7355666429080542
ISYKFHRLEQWPDCGMANTV,0.736992159657876
YQFHMCTRWIAKSPEVDNLG,0.7263007840342124
PQALWSVMITYGDCEHNRKF,0.7284390591589451
NDKQPCSAGEYHIFTVLWMR,0.7533856022808268
YHMPKDQTRACEGNLFVISW,0.7426942266571632
NGISFDWRMELVCHAPKQTY,0.7405559515324305
PGMICHSQDVTREKNFLYAW,0.7362794012829651
TYWEFVICMHGDPRLNQAKS,0.7341411261582323
CQFNRVLKSEWMHGDATYIP,0.722024233784747
FMVAGKYQSHTEDWRPNILC,0.7312900926585887
YCFIQTMWHEDPSAGNLRKV,0.7419814682822523
FPAMENCTIGVSLQYWDRKH,0.7334283677833214
VKCPYGHWFAREQNSMDITL,0.7555238774055595
GTYQCFILEAMVWKDHPSRN,0.7405559515324305
TLHMDSPCWYIQEKFNVRGA,0.7355666429080542
WFKPIYRHGESQMVLACTDN,0.7441197434069851
IYVTGPSHCQRLAMEKNWFD,0.7327156094084105
IRYSNCDPEWLTKAVQHGMF,0.729151817533856
VTSNIYEQCGLMWDKPFRHA,0.7412687099073414
RYWDNTIKSLHVMGAQFECP,0.7320028510334996
AKFRCLHWQVIDEGMTPYSN,0.7320028510334996
LESAQKHWRFIYDCPNVMGT,0.7419814682822523
CEKLRIMDGQAHFVYNSPTW,0.736992159657876
KGIFNAHPQCYTMVESDRLW,0.7398431931575196
ENWDFRACLYMHSKVPIQTG,0.7263007840342124
RACIFQDHGKEVLSPWNYMT,0.7334283677833214
YPIGNFCWRHQVLKMESDTA,0.7341411261582323
DSAGWLPQYNVHRFITMCEK,0.7384176764076978
KMDHYQLWRFPIAENSTGVC,0.7405559515324305
KFTRMWQDGAISCLNYPEVH,0.7334283677833214
EGFLYMVDIWANQRCPSTKH,0.7348538845331433
DLWFMNCHSPQTIVEKYAGR,0.7405559515324305
RECFLKIWMGQYDTASHPNV,0.7476835352815395
CLYTNAVRMPEGIDSFKHQW,0.7398431931575196
KQERLFNGDVHIYTAWPSMC,0.7334283677833214
NKFPICYVMHRTADSQWGLE,0.729151817533856
HLQMITSVPKFYDGRWCENA,0.744832501781896
YTSHLRFMPKDQENVGIWCA,0.7419814682822523
KMDYGCIHTQVPNLFEWASR,0.7434069850320741
FVTACGNHDQEMIWLPKSYR,0.7434069850320741
VKIYPHENDRSQAGTMLWCF,0.7355666429080542
QTFGRDPYCNMWLSKVAHIE,0.7377049180327869
AIYCRHPNWTKMVDSEQFGL,0.7227369921596579
SIKDPRLVHTEYAWQNMCFG,0.7091945830363506
NHYLIGQSWDCTRKEVFPMA,0.7398431931575196
MIREKGNASQPHLCDTVWFY,0.7320028510334996
DCVPSREMNGWIHTQLAFYK,0.7227369921596579
KMRFCWAEGHDNYQTLIVPS,0.736992159657876
PQYKNVSECWIDMLATGRFH,0.7384176764076978
EVGQATPHSMYRNCDFIWKL,0.7277263007840342
DTVQRPAFSHNGWCELKIYM,0.7419814682822523
IHQKESGLPAFVMNRYTCWD,0.7419814682822523
AYNWVRCHPFQSGKMELDTI,0.7213114754098361
WFLTINGPEKSYMDAHVRQC,0.729864575908767
ADFSQWYPNICVTGRHEKLM,0.744832501781896
ANGYPQTRFHKEDCWLMSVI,0.7483962936564504
NYCFWMTPGSIVQADHLEKR,0.7355666429080542
TFLHIWPSKDMREQCGNYAV,0.7505345687811832
PKVDEGSHCRAYIQFLWTMN,0.744832501781896
MLHQRNGKTDACSPFEVYIW,0.7263007840342124
WCYVNLKGHMEQATFPSRID,0.7441197434069851
WKYCQSNAIVPRTLHMDFGE,0.7341411261582323
TFRHEISYLANQCWPKDMVG,0.7398431931575196
IDAKFERVGHTLSWCQPMNY,0.7270135424091233
NQKWRECVTLFPADYMISGH,0.7426942266571632
DHGIFCVMLTSAPQKNRWYE,0.7441197434069851
THIDAMEQGLSFRYNKVCWP,0.7348538845331433
IHENLMDVWSGQTFPARKYC,0.7362794012829651
IACVQNGMKEWHRSLPDYFT,0.7263007840342124
GREWMHQVYTIKCFPDASLN,0.7248752672843906
NFIAWPRTVKYSQHEMLGDC,0.7312900926585887
DHKIMTQPVRECLSGYNAFW,0.7170349251603706
HYAPTQVSNMIGKERLDFWC,0.7255880256593015
TMLGWQSEPCHYRAFDVNKI,0.7334283677833214
DEQKRMGLNCTYHSAPWFVI,0.7398431931575196
GQCVLWTNESFPIDAYMHKR,0.7355666429080542
PGDWKAHNIVTQCRSFLEYM,0.7377049180327869
FNVDYTMEIQCGLAPWRKHS,0.736992159657876
QHFYMADVEILCPRSWTNGK,0.7320028510334996
EDVTWMAPRCSFILNHKQYG,0.7391304347826086
PWITNHKVLSQAEFMDYGRC,0.7419814682822523
KQIDVETMHLPASWYRFGCN,0.7312900926585887
CLVHGYQWFIDPKTSMRNEA,0.7362794012829651
ICWDHESYPLMFVGNQATRK,0.7462580185317177
WDHQNFLCGKTESVPYAIRM,0.7441197434069851
PIACYFGNELWTRSMQDKVH,0.7384176764076978
ACVITYSQDRLMGKHPENFW,0.7476835352815395
KADQVMFNEHYGRCSPWITL,0.7476835352815395
ARESNCWIGKFYLHQVDTPM,0.729864575908767
FRYTLCPAQSIVDHMGWEKN,0.7312900926585887
MPTVYLAFEHIGNKRSQWDC,0.7441197434069851
MIGVDKPSYQHNRLCAFETW,0.7263007840342124
QMGTIEKHWCANLDVFPYRS,0.7377049180327869
TDPMKSYREHACQFWNGVIL,0.7348538845331433
MSDNCPTAGRFKHQVEIWYL,0.7284390591589451
RLTKIFMAGYENVDCWPSQH,0.7412687099073414
CWLEGRVIKFMQHDYSPTNA,0.7455452601568069
LQNRVAITDMFHKSGWCEYP,0.7426942266571632
HCYVEFSTPRAWKDINLMGQ,0.7355666429080542
TMHEQAKNIRDFGWCLYVPS,0.7462580185317177
MDEKNRITQYWPCGLVSHAF,0.7355666429080542
TANMYCVEGDLIWFRSKHQP,0.7426942266571632
HYWDSGERFCNAMLKTVIPQ,0.7362794012829651
CHAIETFVWKSDPRQNGLYM,0.7334283677833214
EAWKMFTLPSVRIDGYNCHQ,0.7583749109052031
RSMWGETAINDKVYFQLCHP,0.7391304347826086
AGMIPVWNLEDRTCYHQKFS,0.7334283677833214
KVPCWSQMIFHNDGRTLYEA,0.7419814682822523
ERFNWSKHIYQDMCGLVTAP,0.7341411261582323
ARDLTKGVYQFSICMHPENW,0.7327156094084105
GHCIRPWKEDVTMSNYQFLA,0.722024233784747
IRDMQKFNCSALWYTEHVPG,0.7476835352815395
MRWHTCIAEPYGKVNFLDQS,0.7434069850320741
PGRCTDMQEHSAFVLNKIWY,0.736992159657876
TMQLWYSFPVGEKCRNAHID,0.7156094084105489
EHASNMRGITCVKPYDWLFQ,0.7419814682822523
NYSLHPVMCIWEFGTRDQKA,0.729864575908767
RYFPTEVDNMCKAWILSGHQ,0.7362794012829651
NIMDFWLTEVRYHQGACSPK,0.7441197434069851
CTVQYDRHWFESIPLNGAKM,0.7391304347826086
MIESKHRYGQLPNFDAWVCT,0.7384176764076978
FDTWYPRLQVGKEMHSACNI,0.7248752672843906
DAKCVWYSLRINTEQHFMPG,0.736992159657876
GSHRPYFVNAILTCKMEWQD,0.7476835352815395
LRHIWESYMTQPKGVNFDCA,0.736992159657876
CGIFRDQHTKMLWYEPVNSA,0.7362794012829651
IMRHGDLESNKWPYTQFACV,0.7284390591589451
PYHQDGLMSVFTKERACNIW,0.7241625089094796
MNCLDARWIPTSQFGYVKHE,0.7362794012829651
GAEIHRNQPFWMCDVKYSLT,0.7284390591589451
PHEQVMRSTKIYNWLGDCFA,0.729864575908767
NMCEVGLDQKISTHYRFWPA,0.7384176764076978
AILFMQYHGECDSTPRVNKW,0.7362794012829651
DKTAEYQPSWRHVLICMNGF,0.7348538845331433
YFGDMVRACSTPKELNWIQH,0.7455452601568069
FEHWNAIGLKDVTMQYRSPC,0.7341411261582323
RMNQPSCLKGYAWDIHVEFT,0.7341411261582323
CGQPATLEMIVSHYNWFRKD,0.7483962936564504
DYWVMICKRTSQGEPAHNFL,0.7391304347826086
SHYKLERTVCAWFMIQGDPN,0.7419814682822523
KDYAIWECMSTRPNFVHQLG,0.7327156094084105
HNKGPFEYCSVAIDTQWRML,0.7341411261582323
MKEILQYGVRNCSFWDPAHT,0.7277263007840342
MVACYWGTFRIDKPQENLHS,0.7355666429080542
YRFSKLTHDAMCQEIVWNGP,0.7526728439059159
HWVLPCYGIKFQSNMDTREA,0.7334283677833214
SNYAEGHLFPVRCWIDQMTK,0.7412687099073414
NMGHQWTCEDVILSAPKFRY,0.729864575908767
QYKLCEFPGMHWSARINVTD,0.722024233784747
FQEALCHPYGTIWRKNMDSV,0.7412687099073414
DRNMKYVIQAEPSFHCLGTW,0.729151817533856
MPLYIGHVCWFDASNTKRQE,0.7455452601568069
LYSVDMCFIRAGWTPKQENH,0.7405559515324305
SAVLRKDYQWENFGIMTPHC,0.7362794012829651
CDHRPVWKYFAQNGIELTSM,0.7391304347826086
CRPWEMVLTGNIYHSQDKAF,0.736992159657876
SHRGTYLNPAKFWDCQVMIE,0.7398431931575196
AYVPMDTSQWHNKELIFRCG,0.7348538845331433
TLDYESMKIHGVPCQFNRWA,0.729151817533856
IDLKECRAHQPVFTWMYSGN,0.7505345687811832
RTQMNPFVEALCSDIHKWYG,0.7234497505345688
VSRPKQEFCYDLNAHWGMIT,0.7583749109052031
AHPEQWNDVIYKRGFLMSTC,0.7320028510334996
DMAPCYFVKTWLSIQNGEHR,0.7398431931575196
HFAGQCKVSNDPTLYEWIRM,0.7312900926585887
MELRPIFTCSGDNYKVQAHW,0.751960085531005
YDIFNEWVRGHCALMSQKTP,0.7377049180327869
NITAWDYEMHLKFVQGRPSC,0.7348538845331433
QHCGFTIMPYRADWKVLSEN,0.7391304347826086
EYRDTMIPQWLHFVCNKGSA,0.7419814682822523
AHTRSNGWDYEMKQICVFLP,0.7505345687811832
EQSDIVPNHLATCMYGRWKF,0.7255880256593015
CWFYKEAGIDQSRLTPNMVH,0.7277263007840342
HRISYNCMTADWFKLVPQEG,0.7391304347826086
TWHLPVSMAKYDNRIECFQG,0.7419814682822523
FAKWLYEVHQTRSCNMDPIG,0.7384176764076978
ASDNWYGQHTKILREFMPCV,0.7434069850320741
NYKSQWITFPHDELCRMVGA,0.729151817533856
SYDITNAWGKHPRCQLVEFM,0.7270135424091233
FAMWDYIPSTVHENLQGCRK,0.7248752672843906
PGIYCLWMTANHQEDSRVFK,0.736992159657876
QCIDYWPTRGVLNFKEHMSA,0.7320028510334996
VLMWTNQDIKSHEPGYRFAC,0.7391304347826086
KAWEPISGFTQDVLMYNCRH,0.7476835352815395
FTHIQENAPKDWRLGSVYMC,0.7462580185317177
TWCDAGIKMYNHQLESVRPF,0.729151817533856
LGDKPAQITNEMFYCSRWHV,0.729864575908767
VWDHCQRIAETLGPKNMYSF,0.7341411261582323
NERFWGACVPTQLHSDYMKI,0.7348538845331433
YNDWMRTAQSGHKVPIFLCE,0.7469707769066286
MIDLYNGPRQTKHWSFEAVC,0.7255880256593015
LVISFATMHWDQPEKNGYCR,0.7248752672843906
AKEGCPRHVMDFISLWQTNY,0.7305773342836779
IAYTKWLQCESNVPFGHRDM,0.7270135424091233
LFGRNPAIVKMQWCHSDEYT,0.7512473271560941
SQLACPIYNTMRHFVWGDKE,0.7476835352815395
HTYFSRVIWAGDLNMPQECK,0.7263007840342124
WMQCNSPDIKGRHVLAFTYE,0.7476835352815395
QSEDCWPLFAIVTGYRNKHM,0.7405559515324305
HLRPCWTQFDKSNVEYGMAI,0.7241625089094796
DQFNRHEMPLISVACKTWGY,0.7362794012829651
SKCYVNMFWAPHQDGRIETL,0.7505345687811832
NFMHVWEAKYCDLSGQRTIP,0.729864575908767
EWMPFHARLYDNTVQKSIGC,0.729864575908767
DEYSPMFKLRGAWNCQTHIV,0.7434069850320741
GRKSIVDYQPNACELFMHWT,0.7426942266571632
RPLNAMVEYIQCGTKHWSFD,0.729864575908767
QFEHRKPCVSGMDANTYLWI,0.729151817533856
EAHSNLMVTWQCFRKIGDYP,0.7348538845331433
LEWMYSHPQVDACKFNRGTI,0.7377049180327869
TCYKPFHDEMWSVGNAQLIR,0.736992159657876
CRWQSMYNPEKIHGALVFTD,0.7341411261582323
QNPESGMCHRFVWADTLIYK,0.7398431931575196
EKQDSPYRFTNHLWAGCVMI,0.7526728439059159
DEPLQHCTYAKMSIWFVGNR,0.7540983606557377
NMVHQDYIRKGCSLWAFPET,0.7362794012829651
ASLMTHPVYWNQRGIFCKED,0.7377049180327869
ESWYHNMRDCGTAKPIQLFV,0.7362794012829651
VWIHPRSDCYNMLKTAGFEQ,0.7312900926585887
ANKFIGSQREMLTVHPDCWY,0.7455452601568069
ATRCVENIQSDWGMFLYHPK,0.7327156094084105
WLDQTSYCVGENFMHIKRPA,0.7341411261582323
MNKWCRQIFLVYEHTGPSDA,0.7305773342836779
HMYVKERWCDGAPLFQSNTI,0.7462580185317177
KDGCVFALHIRSMTEPNQYW,0.7498218104062723
FMDTWCYILAVEGKRPQSHN,0.736992159657876
IQHTGVYPLKWNRMFECASD,0.7412687099073414
EHNDFQPCWLYGIMASRVKT,0.7305773342836779
HMTLGNQRCSYIFAEKDPVW,0.7241625089094796
IMHYRDLGNFASPEVKQCWT,0.7270135424091233
FCMLGIRPNQWDTYHKSAEV,0.7270135424091233
EVMTDGNIPLCAQKFSHWRY,0.7391304347826086
AEGDWCMTHYIFSQKVLPNR,0.736992159657876
PMRFESGQLKCVNYHDIAWT,0.7334283677833214
LYTCRSFVHGNIAPQKWDME,0.736992159657876
HKCGPAVFQDIWLSYMERTN,0.7498218104062723
HSLYVNCIGTPEMFWDAKRQ,0.7412687099073414
PRQFDIYGAWHVNCKTMLES,0.7234497505345688
SVRYDIAPQWCHMTFGKNEL,0.7398431931575196
IMCYNRTQWGLDPFEVKSAH,0.7312900926585887
KMVIFWQSLYNEPCGRAHDT,0.7248752672843906
FTMHNDAIREWGCLVYKSPQ,0.7348538845331433
ALCWEIKVRSMDPQHYNTFG,0.7191732002851033
FLSGMHTNRDCIAWEVYKPQ,0.7320028510334996
RCTGNHFWILVEKMADYPQS,0.729151817533856
GLEWMIPNQHFAVDTYKRSC,0.7384176764076978
KYNDWSMLPHETRGQIVFCA,0.7305773342836779
KCFGTNLEDMYRPHQSWAVI,0.7384176764076978
EIMYCLNAWGPFKSVDRTQH,0.7384176764076978
MCWVLEPQIRAGNTSFYKDH,0.7355666429080542
LGHWFSRDKVPIMCQAYNET,0.7327156094084105
GFKNRHITSADWPQVELYCM,0.7362794012829651
WKDICAQSVHPNRTYMGLEF,0.7263007840342124
PQWFKMVTHDLGNRACSYIE,0.7255880256593015
LCDQIYGNSFTWPAHRVEKM,0.7305773342836779
VITGFRAEDQLHKPCYWMSN,0.744832501781896
GDWFIANLPCTHEVMYQSKR,0.7312900926585887
PDLEKQNCVRYSGTAHMWFI,0.7384176764076978
GTESIPNAYDKLWCMRFQVH,0.7205987170349252
KQNHTLCSWYGDEMFPIVAR,0.7462580185317177
DICRNYHEAMQWSTGLFKPV,0.7284390591589451
MEDPNWFHGYVRCALQKTIS,0.7398431931575196
DPECNMRFKWQGVSTHIYAL,0.7270135424091233
FKPASDLWTEGVQCMHYRIN,0.7384176764076978
GRLHTWFVDSQICPMKYNAE,0.7455452601568069
YNCGHFRSIWDLQEPVMTKA,0.7234497505345688
TIHSAVDCYGPERLQFMWNK,0.7341411261582323
PLQRGVIMDTCKWFEHSNAY,0.7355666429080542
LDNAQGRMYWFEPSTKICVH,0.7270135424091233
SLIWEKANFRCGVHMDYQTP,0.7327156094084105
NMCGWILPDTRAQHFYKVES,0.7384176764076978
MFEHVQIKSRDCGWPANTLY,0.7434069850320741
QNVATGMEKISDWRHFPYLC,0.7405559515324305
SAGHCDWYFKIPRVMLNQTE,0.7377049180327869
RDMGQVNFYICSAKWLTPEH,0.736992159657876
MPFNIKDYHEGVWSQCRATL,0.7419814682822523
AECMPITYWDVLFQKRHNGS,0.7412687099073414
PCRWKIGALDFYTSNMHEQV,0.729864575908767
CFPHADEQWGKNIYMTRLVS,0.7398431931575196
GPRHIEAQSLDCMFWVTKYN,0.7355666429080542
LWIYFDNKSPGAVCEHQMRT,0.7377049180327869
QAKSYMNVWHILEFTPCRDG,0.7312900926585887
GRSQHPEFWMKCNIYDVTAL,0.7398431931575196
GESFDAHWLYQCTPNIVMRK,0.7412687099073414
IPYMDVQWTSGCALKFERHN,0.7234497505345688
HKRDYAENFVGMQCLITPWS,0.7483962936564504
GCAVYEKHIDWSLMNQPTFR,0.7362794012829651
LICYWGPMNRVKSTAQEDFH,0.7255880256593015
YWVPMAQIGSHKRNDLECTF,0.7355666429080542
TKADWEFNYQCRMPGSHILV,0.7398431931575196
PHGKTRAYWNFMIVEDSCLQ,0.7405559515324305
RNIQHMTFVYLEKPCDSWGA,0.7469707769066286
TCNVKIHQGDRWPMESLAYF,0.744832501781896
WEHTQFRVDGIPAKLNSCMY,0.7305773342836779
HRPYDSAMGIVCLWTKQFEN,0.7412687099073414
PFATHKGRQNWSDIECYLVM,0.7398431931575196
NIESKVCHFRDTMWLPQGAY,0.7476835352815395
DPKTGVYQMCSHRNFEWAIL,0.7270135424091233
QAMGHERNLPYIVSFCKTWD,0.7362794012829651
IHFTDLMWYNPKQCASVREG,0.7362794012829651
GSVRHKPNFCYDTWEILMAQ,0.7312900926585887
YFQSHTIWAPLVDGRCKEMN,0.7469707769066286
VEMTKIQRCWLNYAHSFGPD,0.729864575908767
YNDGQESPHRCKTFMIALVW,0.7405559515324305
IYRNAVKDHWGQLPMEFSTC,0.7505345687811832
AGSYLPHDFQKIMEVNTCWR,0.7255880256593015
KHDLPAWVMCITRYEGSFQN,0.7455452601568069
PDICYKSVAFQGLERNMTWH,0.7377049180327869
AELWHFNQTDCPSKYIRVMG,0.7483962936564504
NCQTMFKVRGYHLWEDSPIA,0.7284390591589451
LEGYDRNWAIPVQSHMKCTF,0.7312900926585887
HQDCFMTKPGWAILNYVRSE,0.7419814682822523
AYDISFWPGMTVRLHQKENC,0.7548111190306486
STLWQHNGAMKFIPEVDYCR,0.7384176764076978
ICDPYVLGWRTMFKAENSHQ,0.7405559515324305
ETMIWGDRVSQNCFYAHPLK,0.7391304347826086
IHQARMWLFPDKCETGSVNY,0.736992159657876
AKFGINHTVWDRPQSCELYM,0.7270135424091233
SRMIALWTKYNEPHDGCVFQ,0.7434069850320741
MRKQAGYPSILNDCFTWEVH,0.7405559515324305
DATCRLEQKSNYVIWMHPFG,0.7412687099073414
HVRETLCPIFASWGQYKMDN,0.7412687099073414
LRQFTDYIGWHNAKVCEMSP,0.7426942266571632
CDWIEATRSHKFMYVLNQPG,0.7462580185317177
RHIDYTPQFWKSMLNGVECA,0.7327156094084105
EDCLSVHFWPYQIMTGAKNR,0.7419814682822523
ETVWFCPGRQKMIDYASNHL,0.736992159657876
CHWQKLYDESMPNGVTRFIA,0.7384176764076978
MATWQPRLGKFYHSVECNDI,0.7320028510334996
TRWQGMHESLYINDCAFKVP,0.744832501781896
LEIMDCRVYHKFSAWPQTGN,0.7305773342836779
YHDPFTICVGLESRWNQAMK,0.7263007840342124
IFDYSWPGAVNERQMTHCLK,0.7391304347826086
SVLFAPEDRMTKYIGHWCNQ,0.7377049180327869
CFHALVENSIQRDPTWMKGY,0.7334283677833214
WYTDSHCRGVAFNQLMKIEP,0.7405559515324305
CSFLEIAKQYPWNGRMHDTV,0.7455452601568069
GYPARFQNDETMICWKHVSL,0.7248752672843906
KWSDTGIRANHPMFVECLYQ,0.7398431931575196
NAVCPKQDWFLHESMTRYIG,0.7391304347826086
GLYIQERWFCVMADHKSPTN,0.744832501781896
HKIEGSWMQTVYFPDNCALR,0.7462580185317177
RQNTAVSMGEFDHYIPWKCL,0.7355666429080542
QWSCKNLPTEVMGIRYHFAD,0.7377049180327869
CFQIWSMALDRPKENHTVYG,0.7348538845331433
WKMDFVQNYSLPRCEHTIAG,0.722024233784747
CFPHSEQYWTKAGNMIVLRD,0.7384176764076978
KWMVCDFRLHTAGIPYSQNE,0.7441197434069851
DALPCWMIHKYRGVSQTNFE,0.7234497505345688
TYNWECMKLHDRIAVPGFQS,0.7576621525302922
AQVNMPHCTDSLIGWFRKEY,0.7341411261582323
AIHMTGWPRELNSCDFQVYK,0.729864575908767
FKLRHCGQVMIWYTEPNSAD,0.7348538845331433
NSLDGQVMEKTWHPICRFAY,0.729151817533856
QLENTPGACYSWMVDIHKFR,0.7327156094084105
YWQLEDICMSNVPKRFGTAH,0.7348538845331433
DKMFCQPATSHRWLYEINGV,0.7341411261582323
RSYWGVKFPADMHLINEQCT,0.7498218104062723
KDIWQEATPCLMFHRGVSYN,0.7491090520313614
YHDTPEGVKIFCSARNWQLM,0.7377049180327869
ATEHCPLVWMFNRSQYDKIG,0.7562366357804704
TFKCGHQWADMVSRPIYLNE,0.7305773342836779
RCDISENHAWFMGKPYLQTV,0.744832501781896
QMSIVENHTWFLDACGKYRP,0.7312900926585887
KNILWMQHRAEVSTDCPFGY,0.7348538845331433
SFDPNTVQRWYEKHGMIACL,0.7384176764076978
HILEMCYTVSFRGPNWKDAQ,0.7426942266571632
VQCGERTPSKHADNFWLIMY,0.7377049180327869
CAFPLWIVMGYSTKQEHRDN,0.7412687099073414
KNPSFMIYCRLVWTDAQEHG,0.7469707769066286
NVSTRYFMLKCHQDIGEPWA,0.744832501781896
VSHFAWMRGDQIPEYKNLCT,0.7348538845331433
KQMLPFYNTWVAIHRGDCSE,0.7312900926585887
HADIMQGETSWYNLKCPVRF,0.7441197434069851
VMLQKCSGDANTIFWHPYRE,0.736992159657876
KIFTPDYSHERVGMQWCLNA,0.7341411261582323
EVMWDCNQLKFGIPHATSYR,0.7341411261582323
PGQLKERSVHYCANWFTDIM,0.7355666429080542
FGISVYEMLPRQNWHKTCAD,0.729864575908767
TEGQSHMNYDCWIARKVLPF,0.7334283677833214
GTMRNPAYWQEICHSDFKVL,0.7355666429080542
NRPVMFQASKLEDWHTYGIC,0.7191732002851033
AFTYVWCQMLKHINSDERGP,0.7391304347826086
GRDWPHTACFEKQLINVYSM,0.7320028510334996
QYWADCIHNFRLPTKEVMGS,0.7362794012829651
RKYCGSNPFLMIDWAQEVHT,0.7384176764076978
ACPVQRETKLWYFMDGNSHI,0.7348538845331433
CIYRTWSENMGQFDAVLKHP,0.722024233784747
SHLFQGYVPWECITRNDKAM,0.7277263007840342
FKAQGMNDSVIYCHEWRLPT,0.7441197434069851
LISYNTGKMCPHAWQFERVD,0.7248752672843906
RKPYLSVQWFNCMHEGTIDA,0.7255880256593015
GIRENKVLMDQFWATCHYSP,0.7576621525302922
VRDHSLYKFQCETIPNWGAM,0.7462580185317177
KQIETLYSCFVDPWARMHNG,0.7355666429080542
IAHELWDGYVCQRMPKTNFS,0.7284390591589451
GKCYTWPMDEFSHAQRLVIN,0.7241625089094796
ELTHAQGKYIVNRPFWSMCD,0.7255880256593015
SWHEKDMGCQANIYRLVTPF,0.7398431931575196
MWVRNLTICKDSGHFEQYPA,0.7483962936564504
MEQGTFKHRNPCWLVDIYAS,0.7441197434069851
DQPINCKYTLSVWMEFAHGR,0.7377049180327869
MILETWGVCKANQPDRYSFH,0.7355666429080542
VPTHIFWQMDKLRSEGAYCN,0.7320028510334996
NFVGETQMKIYWCPALSHRD,0.7419814682822523
FWIPLRDKCSTNEHQAGYMV,0.7434069850320741
TDPCKQIAWVFLENYHGMSR,0.7398431931575196
RWSLVFQNEMAHDYTCKPGI,0.7355666429080542
CFQEDSILNAHMYPGRKTVW,0.7405559515324305
IVNADRLQSWEYTGHFMKPC,0.7377049180327869
GYLMHQRIKNSTDFWVEAPC,0.7426942266571632
TDGKMPYRWQVSCFIEANHL,0.7312900926585887
CTIMYHNKQSDELRVGWPAF,0.7355666429080542
RSMEHVPCIFQWKLGDNTYA,0.7312900926585887
QSYETPLVAMNDGCKIFRWH,0.7277263007840342
ALICGQNESTDHFKPRVWYM,0.736992159657876
LCGWEHYTPDQKMFARVINS,0.7455452601568069
ILAMTHFYPEQSRGNCWKDV,0.7341411261582323
AEYNWLMRFHVTKGQCIPSD,0.7355666429080542
CFQKLDYVRTPGWAMEINSH,0.7419814682822523
WRNKSDCGHMFYQETLPVAI,0.759800427655025
DITVNKRWGFLAYSCMHQPE,0.7412687099073414
LDNTSCRKYMWGAVPFHEIQ,0.7426942266571632
AHGELDQNFWVYPICMSRTK,0.7284390591589451
MIFSERHGNVTCWLAQYPKD,0.7455452601568069
IVGRQFKEAHMYPLNSCWTD,0.7320028510334996
YQLWAPIDTFMKNSCVEHRG,0.7419814682822523
PAGSVCHTRLNWQFYKDMIE,0.7462580185317177
NQYVMPWFRCIATDHGSELK,0.7348538845331433
WGYPMLHFNRCTDVKQESIA,0.7355666429080542
MERTHIQALPVWNGSYDFCK,0.7334283677833214
PIYRTHFGKCLMDVSEAQNW,0.7205987170349252
EHDCLFQPWMRAGTVSKYIN,0.7327156094084105
AVCEGMSRTQDWNFILYKPH,0.7491090520313614
FQDKALCVPYIMSHWRNTEG,0.7377049180327869
PYIHRQTNCKVEFDMLGWSA,0.7263007840342124
LSYFCNVKRDMAWQHPITEG,0.7305773342836779
YPIAWNFDHCRVLTGQSEKM,0.7398431931575196
SDYGAMCKPWTNIHVFRQEL,0.7455452601568069
CHLRFVNIEMKTWSQDPYGA,0.729151817533856
YWTGREFASPNDKICMLVQH,0.7434069850320741
DFTECHASIWLGQMYPNVRK,0.7270135424091233
ALCMYWHSQVFKGNIETRPD,0.729864575908767
NQVRLKPFITWGACDYMHSE,0.7419814682822523
TWQACNKFRPYHLMEIDVGS,0.7483962936564504
ANGCVIKYTDEHSQLRFWPM,0.7405559515324305
WEMYGPKTQRLCNAVDISHF,0.714896650035638
FTRNEKDHWIGMSYACPVLQ,0.7498218104062723
WVFKNHIMQPLAGSCYREDT,0.7198859586600143
NYEVHPWATFLSKDMCQIGR,0.7398431931575196
DPMQNIVSRHGCWETKYAFL,0.7127583749109052
FNDHIAGQYCELKRSTPVWM,0.7341411261582323
VIHWLFYMGRCETDAPQNSK,0.7348538845331433
KQAEGHTDIPFNYMSLRCWV,0.7434069850320741
YDRPAKGIWQLNEVCTSMFH,0.7113328581610834
YMREWGTPAVQHICFLKSDN,0.7476835352815395
VANKLIYSTEWFHDCMQRGP,0.7476835352815395
MDWPFHRALCTQYSGEKINV,0.7156094084105489
ATIMERWVCHYNQLPDGSFK,0.7305773342836779
STRFQNHCEDIYGVPMKWLA,0.7348538845331433
SPRCNHVADGTEIKFMQLYW,0.722024233784747
ARCLKFVQIDMYNSWPETHG,0.7170349251603706
RYSIQPDCWKTGHAEMNVFL,0.7227369921596579
CGFTNDPASHLQEKYRIWMV,0.7334283677833214
TRMCHLSEDIGQFWKVYANP,0.744832501781896
RFWHQNSTYGAMPEVICLDK,0.7533856022808268
TKQNMPWIHDAEVGYSFRCL,0.7384176764076978
TMPVEDIAYNSLCGHKQRWF,0.7355666429080542
YLPFHTWDRESVQCGAIMKN,0.7355666429080542
FSNLDMTAIQYPRECHWKVG,0.7120456165359943
KVGDFENCAYLQSTRWMIHP,0.7355666429080542
QHRIATFPYNKLSVMCDWGE,0.7476835352815395
RCSETNAVIWPHGFLKYDQM,0.7419814682822523
YHEQSILCFTAPDWRVNGMK,0.7419814682822523
IASHWNTDLGVPREYKQMFC,0.7205987170349252
YRFQCEATNWMHIVSPDGKL,0.7355666429080542
VTGYMDKIPACNWHQRELFS,0.7391304347826086
SGIWRNLPFKHCVYTQDEAM,0.7434069850320741
HESCMKYIGWVNDQPLAFTR,0.7491090520313614
PYARWFVQHLSIKTGNEMDC,0.7341411261582323
VGATHWDKQEIFLSCNRYPM,0.7555238774055595
FCGKSLMPQVNEYRDHIAWT,0.7255880256593015
HCKEDWSLARVQTFGPINMY,0.7398431931575196
KMQHECPNALTGWRVYSDIF,0.7476835352815395
QGHNLCFRVAYWPKMSIEDT,0.7270135424091233
MPQHSTVWLCNEKYAGRDIF,0.7469707769066286
SFQIYKGPECWTDNLHMARV,0.7377049180327869
YGNSRPQAVFWMITEHCKDL,0.7355666429080542
HDGPWQYKVFTCLANRMISE,0.7434069850320741
FWIPYLNCTDHQKGRSMVAE,0.744832501781896
EWNSRTKHYDLMGICFQVAP,0.7320028510334996
RMIKSTCDVQEAYGLNHWFP,0.7455452601568069
YAFWCNDSVLRGQIKTHMPE,0.7284390591589451
MDLHQERGCANIVFWYKTPS,0.7334283677833214
IYVDSHQEMCPKTWNLFGRA,0.7398431931575196
VLTKEMQINHDCSGFYWPAR,0.7419814682822523
YEMCIPGRLHAVFWNSQKTD,0.7398431931575196
VMPIALQTHCYRNSGWFEDK,0.7462580185317177
KFPENGASDTHCMVYLRWIQ,0.729864575908767
VKILRYAPQTDSNWFHGCEM,0.7419814682822523
NYICSRPMFKWLGHTEDQAV,0.7462580185317177
CYHNILAQDPEFWGMTKSRV,0.7305773342836779
SIVDWMGNEPFHRCAKYLTQ,0.7270135424091233
WFLCIDNAMKGSYRTQVPEH,0.7348538845331433
AQWYLIMFDSTHERKNVCPG,0.7327156094084105
WLFYHDRAKPCMQNGIEVTS,0.7362794012829651
ICTSYWRMLKHEAPGVNDQF,0.736992159657876
HIAPWFVRLYKMNDECTGQS,0.7455452601568069
QPVLDYICSRNWGHAKMFTE,0.736992159657876
PKQEFICDATVGNMWLSHYR,0.7412687099073414
RFDLHYVKEMSIACTGQNPW,0.7362794012829651
WNGTMILRSVQPCAYDEKFH,0.7384176764076978
IFELKNYAMTSVHCQGPDWR,0.7455452601568069
QNHDTVYPGKWRALEMCFIS,0.7412687099073414
DVKRGYNFAITWMHSCPLQE,0.7434069850320741
WHGLSRYCMEANIVQKDFTP,0.7234497505345688
IMWHQTPSNRLAKDCVFGYE,0.7384176764076978
PRLHCAYWTQIDMNFKGSVE,0.7327156094084105
GYVQSRNPILTKFCHMWADE,0.7491090520313614
MKPIWECDYLVQHANTFGRS,0.7362794012829651
NQGDKAFILTCYRWEVHPMS,0.7362794012829651
VEHSPRIKYMALGFTWCQDN,0.7505345687811832
AITGWCVDFPSRMHQKNYLE,0.7441197434069851
IFEPWRMYLSCQKNGDTVHA,0.7348538845331433
QRSLEYICNVGPFDMKAHWT,0.7348538845331433
PFINQMGDWAVREHYCTSKL,0.7334283677833214
WTKNECDMGFYRHIAPSLVQ,0.7284390591589451
IGLNCRMSPDWQAVFKETHY,0.736992159657876
VQWTHRYKCISAFLDENMPG,0.7362794012829651
PRGLINWSFKEYCVMTDHQA,0.7191732002851033
RAHCVWSGQDYETFMKILNP,0.7441197434069851
MAYDRLCVTQIWGSFPNKEH,0.7334283677833214
MENFKVPHWRACTGQDYLIS,0.736992159657876
LNMFDPCHASTYWERKGIVQ,0.7334283677833214
TKQYHILGWSECVNFRDPAM,0.7419814682822523
HVIWKPRQFCMEGLDTNSAY,0.7234497505345688
SPQTLGNAYRHMCVEKWFDI,0.7305773342836779
PNSTDHERMIAGWYVFQKCL,0.7377049180327869
KPVIYGWNDQLFRSHETCAM,0.7455452601568069
NHFCEMIPQTSGLAVWDRYK,0.7355666429080542
MVWISYHNAFTCGLPQEDRK,0.7391304347826086
CILEFKMTQGWHRVYADNPS,0.7412687099073414
CQRNHTIMVALFDKGWEPSY,0.7526728439059159
AIKRVYDSGFWTQECPLMNH,0.7362794012829651
ITMFKHCWDYRSEVNGALQP,0.7334283677833214
KQEGLANVWMFPRYDCITHS,0.7412687099073414
EMSHNRIWAPQFGLCTDKYV,0.7334283677833214
CWRGVLETYNHSPDFMIAQK,0.7312900926585887
MPEIQWCGHLKNVRSFYTAD,0.7348538845331433
TVELKIAYHMSPGDNFWCQR,0.751960085531005
RTCILEDQWPHSYVKGFANM,0.7348538845331433
KRCITPMHQNSDEFGALWYV,0.7255880256593015
SHPAFEVNWCMKDYTRGQLI,0.7184604419101924
FVGWSLQYETCANPRIMHKD,0.7405559515324305
RFDWNYLCITKGSQEMPHVA,0.7334283677833214
PQCMAVESNDYWKLHGTIFR,0.7419814682822523
YFRNGMCSQWELAPTDKVHI,0.7362794012829651
PICHFGESWTVMYANRKQDL,0.7462580185317177
VWFCDQIALMYKGTHPRENS,0.7355666429080542
EARHLWGYCNSKMVTPIDQF,0.7412687099073414
PDGQNMKCYLAESTVFRHWI,0.7377049180327869
TPLQEHYGDAKINRWMFSCV,0.736992159657876
NFCYDPVLEGHIKTRMAQSW,0.7426942266571632
RVMTPDKYIWLSQGCNAHEF,0.7405559515324305
EKPWMFSLCRIQAVYNDGTH,0.7327156094084105
DMAGNILTHWVCREKFPQSY,0.7263007840342124
WEKVLMAGYCQFNISTRHPD,0.744832501781896
SHEMLQFAWYNPRCITKVDG,0.7405559515324305
HNMVKFDQITYWCPARSLGE,0.7384176764076978
IWQMLRNCDGFSATPYHKEV,0.7305773342836779
GIRTHWNPQYDSFKCEAVLM,0.7305773342836779
QSEIMKWLYNDACVFGPTHR,0.7341411261582323
HEWVQFSNPTADIGKCYMRL,0.7305773342836779
ILSCVFAWTDMYQHPEGNRK,0.7255880256593015
NLGESQWVDRPMAHKIYTFC,0.722024233784747
CKYVFSNLAGMERITDQHPW,0.7327156094084105
FPMIENAGCQSWYHTVLDRK,0.7305773342836779
PSQWTNMEDRFLCYGAKIVH,0.7348538845331433
ETKDRLMSWNYHGVAQPIFC,0.7305773342836779
QLWDAERKIGNTCFVHMYPS,0.7391304347826086
INRGSPHCQKELTFAYMWVD,0.7334283677833214
RQEIVSFNDWHGMPTLKAYC,0.7405559515324305
DQNPSMGLEKHIRWTFACVY,0.7426942266571632
IWHGSDYEMFQLACPVTNKR,0.736992159657876
ANQYRDGCWEFISPVTKHLM,0.736992159657876
GPFANMQTCELVIKDYRHSW,0.7405559515324305
NATMFPIDWKCHEYVGQSLR,0.7384176764076978
YNGQACITHEDFKWLVRPMS,0.736992159657876
AVTRDMKLPCHNYWSIFQGE,0.7263007840342124
LTMKANWQGYSEIRPVHCFD,0.7234497505345688
FAMDIKRWSNECPHLYQGVT,0.7348538845331433
MRNYAVLGQISWDPCHEKTF,0.7341411261582323
HKERIPYTMSLQVFADWCGN,0.7455452601568069
PSLVWTYHFMGRNKDICQEA,0.7398431931575196
MCPHSAEGFIKWTYVDQRNL,0.7320028510334996
KQNSWMAFHLGTPVYRICDE,0.7512473271560941
NSEIKFLAVHGQPRWYMTCD,0.7320028510334996
WKMLRSGQHCPIEDYFATNV,0.736992159657876
CFPRMSDWKHYNVEQLGIAT,0.7327156094084105
MWADVRQLIHTYKEPGCSFN,0.729151817533856
FWCNDMGRSEPQYLAHVIKT,0.7362794012829651
TSKCYFILMGVHDRWAQPNE,0.7312900926585887
GYQFALKDERMWICSTPVNH,0.7355666429080542
RPNIDCQTLFEVSAYGKHWM,0.7312900926585887
EAIQGKSDYNLHWRTMVFCP,0.7419814682822523
PEHRDSATGYIWCVMKFQLN,0.7327156094084105
CQNTFHMRPIYWLDGSVKAE,0.7305773342836779
MHTNFKIVPERLYWQCSDGA,0.7270135424091233
ADWEKHNSVFQRIMPCGTYL,0.7384176764076978
PDEATCHIGRQFYMVKWSLN,0.7312900926585887
FIWESLVTYCMDGPKRNQHA,0.7270135424091233
GSQCRKEDLMFWTANVHIPY,0.7483962936564504
FSWANYTPQIRMKDHLGEVC,0.729864575908767
RVSIADPENFQMLCHTGYWK,0.7405559515324305
LSTQYGWVPAHDFKEMNCRI,0.7334283677833214
HLNIEQGPTFDKYRMCWVAS,0.7348538845331433
AWKPMCRQHTFVLYESNDGI,0.7441197434069851
AHLVTQGNIDCKREPWYFSM,0.729151817533856
AHTEIMPSDCLVGWNQRYFK,0.736992159657876
EQWNTKMFPHCIYASGVLDR,0.7277263007840342
ATGMWRLVPYQDESNHKCFI,0.7483962936564504
NMADTGVISRHYFWCLPEQK,0.7312900926585887
HVGKEMNQPTLYSFRAIWDC,0.7312900926585887
DKGNIRPWHETYVQLFSCMA,0.7512473271560941
QVMFWHIRLEACSDKYPGTN,0.744832501781896
SIRMDHNLQYGWPCEFVKAT,0.7334283677833214
VWGEDYAMRLPNIKCSTQFH,0.7491090520313614
YARCEMDFKGQWPNVSLTIH,0.7391304347826086
FMWERSDCTKGAVHYNPILQ,0.7362794012829651
YGHPLNAKDFIWEMCSRTQV,0.7227369921596579
PRVKLYAFMETSHGQNCIDW,0.7462580185317177
LTQIESHPAFRNVDMYGKWC,0.7270135424091233
YLCHQGKWTRDIEPANMVFS,0.7255880256593015
CWYKNQSTRVDHGAMPLIEF,0.7312900926585887
ICTYAWDEFLSGQMPNVRKH,0.7277263007840342
WYRVGISAFPQHTLMKEDCN,0.7405559515324305
KTGLRHSPAMYCIFWQVEND,0.7213114754098361
EHWVYSLGKMIARPFNTDQC,0.7462580185317177
FSRDMLAPWVQNHEGCYKIT,0.7320028510334996
QYHIDKFSPLVWNMTCEGAR,0.7398431931575196
MVTNWGKQSDYELCFPRHAI,0.7362794012829651
VKCAGWMYELSHTFQPRDIN,0.7277263007840342
DMQPIYNFTVHALKWCGRES,0.7377049180327869
TSGMAFLHVWRIKQEPNCDY,0.7334283677833214
DMWYNCGIVRSKEPTQFALH,0.7419814682822523
KTRVQEIDALGNWYFMSHPC,0.7398431931575196
ISECQPRHMVAFDNLGWKTY,0.7391304347826086
GSLFPHNRQEKCVIDTWMYA,0.7305773342836779
GLKFWQNRVMHDIPEACTYS,0.722024233784747
IATPGQVELHKSCMWDFRNY,0.7434069850320741
DPTIWRACGYVKEFSNHMLQ,0.7334283677833214
YIDHFLMQCKRGWPNETSAV,0.729864575908767
MISDGQVLWTNRECAKYFPH,0.7227369921596579
NVFPCIWHTKLSAMQGREDY,0.7398431931575196
GKMWLATFRYDNIQVSCEPH,0.7526728439059159
NDMTCEGILWQHVYSKRFAP,0.7362794012829651
EIPAHRKVDMWTYGQLSCFN,0.7341411261582323
YPTKQNWFIECHALRVSGMD,0.7320028510334996
RILYAKVEDPHMWTCSNFGQ,0.7341411261582323
VPNMKHQWREFSLCADIGYT,0.7362794012829651
KVNCPFAYSIQWTLDMERGH,0.7412687099073414
VTAIPMLGYRSQWCHKFNDE,0.744832501781896
MRCVESQNAFHGDPIYLKWT,0.7277263007840342
IYKCGMAPHFRTVDSEQNLW,0.7348538845331433
MDCYLAGFRQEKTSVWPHNI,0.7305773342836779
HGRCFYVQPIKMSNTDLEAW,0.7227369921596579
HQFASWMPTEKGCVLDYRNI,0.7170349251603706
KERADVIMFPNCTSYLQGWH,0.7377049180327869
MCVTKNLSHIQGYFPADREW,0.729864575908767
IRATEMHKPLSYGDCFVQNW,0.7377049180327869
IYFWQELTCHAGVPNDMKRS,0.7263007840342124
CYTSKQVIDGNPALREMWFH,0.7412687099073414
IKTFQPSYGWLDHNMCERAV,0.7441197434069851
SAQRFHNLDITPYVCWGMKE,0.729151817533856
AIYDCEHSGFNVRWPLKQTM,0.7398431931575196
FWEQSLVHDTPMICRAGNYK,0.7476835352815395
RSVWQPDTIKYEGFHNMCLA,0.722024233784747
ITYCAKMRHWFNQELGDVPS,0.736992159657876
NFDMCGELPQVSAWRKHTIY,0.7305773342836779
SGVTMCLQDRYANHFWKEPI,0.7434069850320741
MSFALKHVWCRTNPGDIYQE,0.729864575908767
IFERVWLTSYDQHCKPNGAM,0.7512473271560941
QPIDWTYFAEVMGNLRHSCK,0.7441197434069851
SNFEYADVHCIRWPKQLMGT,0.7384176764076978
HLQMVRGEPIDSTACKNYFW,0.7255880256593015
CSFPWDAMTERQGNILYHVK,0.7305773342836779
QNHSGCRAYPLDWFVMIKET,0.736992159657876
EKFCWMVRAIYSLNDQPHTG,0.729151817533856
GDRKTPIECHMLAYVFWSQN,0.7384176764076978
LKFYDWRAQSVCIEMHPTNG,0.7263007840342124
LDGRYTPIEVMNWKAQFCHS,0.729864575908767
VGWKIYEDMHPCRQTNLFAS,0.7391304347826086
MFNDQASWRHTYEIPKVGLC,0.7398431931575196
RIFHKWTYCNMLDESGPQVA,0.7255880256593015
NMFIGAQHRKPYESWCVDTL,0.7191732002851033
QWPSMEIKLCGYRVADHFTN,0.7355666429080542
EPHFYDGNKQLCATWRSVMI,0.729864575908767
MITHLVADRKGYPQNFECWS,0.7334283677833214
TVSNPIEDCYKHLFMGARWQ,0.7412687099073414
LVKYTQPNADGEMFIWRSHC,0.7419814682822523
HETVFNIYDLGPCAMRKQWS,0.7277263007840342
ADYRIWMEHNGFTPQCVKSL,0.7476835352815395
NDLAMEVSWRCQFPYKHTIG,0.7405559515324305
KIWPCTGLHDQYASRMEFNV,0.7320028510334996
VAWDYRTGNCSPQLMEKHIF,0.7284390591589451
EHSGKPYCMVRDWIFLNATQ,0.736992159657876
DVKCWQTFHNIAGEPLMSYR,0.7305773342836779
GDVNMFAIRSPWYKCHLEQT,0.7320028510334996
NQSPTDVRFHKMYAGWLECI,0.729151817533856
VGKMQIRWFNSTAEPHLYDC,0.7419814682822523
YCTVSEKQDIMAGPFHNRLW,0.7476835352815395
LGPCDNHFYMVISKAREQTW,0.7398431931575196
MKFGQNTEPVICLAWDSHYR,0.729151817533856
AMIRFYVPDEHQKLNTWCSG,0.7255880256593015
ARVMEFCLTGDYHNQPSIKW,0.7391304347826086
AILECWQKYTFGNDRMPHVS,0.7341411261582323
YHNAGCDQPMLSFETVWIKR,0.744832501781896
EPGMWTICVYARNKDFSQLH,0.7483962936564504
VFWRNHACLIPYQKEMGDTS,0.7405559515324305
WVIFSDANYLPREHMTKQGC,0.7277263007840342
DGTICPAVWFHSRNLMKYEQ,0.7384176764076978
IQDPLMTCAWSFVREYNKGH,0.7305773342836779
SDFMLVQYPTRIEGCWNKAH,0.7284390591589451
SNAWPDTEGVHQMRFKCLIY,0.7441197434069851
NIDACHWQMRPGYVLKSFTE,0.7348538845331433
IWKCTPMFHVAQSYDRNGLE,0.7320028510334996
RDAWETQGVHKNIYFPLCSM,0.729864575908767
WTEKRDHCISYVFLMGPNAQ,0.7505345687811832
FNEMKTYSQHPCGAILVDRW,0.7362794012829651
DYFENGQLHRWPISAMTVCK,0.729151817533856
DECWVGFIHYSNMRLQATKP,0.7419814682822523
TGCWKYNFHRLAIDSQMEVP,0.7384176764076978
RLVYADQFGKMWEHCSPNTI,0.7419814682822523
QSLEMNFGYRCIPHWVDKAT,0.7227369921596579
MSWNGVQDCPYRAKLIFHTE,0.7405559515324305
LYRFMPQCNTHGIKDWVASE,0.7362794012829651
LDYACTKHIGEQFMSRNPWV,0.7248752672843906
KGSWMFYCILVNRAEHQDPT,0.7412687099073414
RFKCVNLPESAWQHDTMYGI,0.751960085531005
MSVAFGDQNYPKIRWELCHT,0.736992159657876
YHGEQCNRTPKAFWMVDISL,0.7426942266571632
MSNQTLHYRKEAPIDFCVGW,0.7426942266571632
MKWRTNCLFAYQGIESHVDP,0.7419814682822523
NRECATYSHIVDWKLFPMGQ,0.729151817533856
IWCRHLPDGKYTEMNSVFQA,0.7248752672843906
KQMHWIFTNEYRPCALVGDS,0.7562366357804704
EVAWICHNTSDQMRKFPGLY,0.736992159657876
NECVQKDAPMYTSIFRWHGL,0.7198859586600143
CMYWVDFSPLKQRAGNIHET,0.7334283677833214
WDETAMLFQKYVINGPSCHR,0.7341411261582323
CTKPWSQENMADHVGRLYFI,0.7263007840342124
HDGWAQNKYPTFSERLVMCI,0.7469707769066286
MHVYDRICFTGKNWSEQPLA,0.7263007840342124
DKSFLHWMIRGCQVAPENYT,0.7405559515324305
CGHFNMEISRAKLTWPDQYV,0.7377049180327869
TWKSYQAPDVRFMGEHCNIL,0.7405559515324305
IYQTRGVDAMHPCNWFKESL,0.7419814682822523
APINRGVQSEMCLKWTHDFY,0.7305773342836779
NREPDHTAISKMCWYLVQFG,0.7277263007840342
KMNASTWFPVRHLEYIDQCG,0.744832501781896
AQDKHGPVCRSLWTFYENMI,0.7398431931575196
TLNASYFPKMQRHWVEGCID,0.7312900926585887
EMQWDLICTGVSNKHPYRFA,0.736992159657876
PNEVQWGILDRFCMYSKHAT,0.7312900926585887
VREGSDHNIWMTYCFQAKLP,0.7434069850320741
NMGEPQYDFKLIAWHSVRTC,0.7170349251603706
HERGCVLTWSYPAFQKNIDM,0.7327156094084105
MVFEWNPQDKTASHRCYIGL,0.7277263007840342
RNPSVHQDWTMYCLEAKGIF,0.7334283677833214
DLAERQWPCSFGNTVMKYIH,0.7377049180327869
RCLESTKANMFPWHDQYGVI,0.7526728439059159
RNPDFKTGSQVEIYAWCLMH,0.7327156094084105
CSGYMHLAKNTDPWRVQIFE,0.7362794012829651
MIQYWNVESKAPLFDGTHCR,0.7341411261582323
ASRKPTMDEVCGWLNIFQYH,0.736992159657876
QGDMSAFKWRHTVYCEILPN,0.7312900926585887
THWQPFGDIRKYCNSEAVML,0.7419814682822523
TRGWVNIYAKCQHDFPESLM,0.7227369921596579
DTVLKGFCEANQYPIMWHSR,0.7412687099073414
NGFRPVSLKWDYHEMTAQIC,0.7412687099073414
KLAEWPMNTCHQVRSGDIFY,0.7099073414112615
TFWSMPYDLQCHNGKVERIA,0.7476835352815395
YRVSMKTDNICEGPQLAFHW,0.722024233784747
FQIVYSTGLMHRPADWECKN,0.7434069850320741
TFDVINSHMGWQCRLAYPEK,0.7384176764076978
SMICRKNDFHWVGQAYLPET,0.7277263007840342
PKDGREVHCIFYTMNASQWL,0.7405559515324305
MIDPKNRFGALTQCEVSWYH,0.7405559515324305
QIRMGTAESPHVKCNLYFWD,0.7476835352815395
HFLRCITSGYPQEVANMDWK,0.7384176764076978
SYFQGNDMRHLTVAEPCIKW,0.7462580185317177
QWFYLPEAKDCRSNVTIMGH,0.7391304347826086
YFMRVKCQDLISGEAPWTNH,0.7355666429080542
IGHPYFSTKERAQLNCWDVM,0.7434069850320741
VTHWEQASKRDPNYFMCGLI,0.729151817533856
RCIPQKHYFNEWSDGVLMAT,0.7384176764076978
GRDNYPKVLSECQMFAIWHT,0.7377049180327869
WICTYNHSQAGDERLFMKVP,0.7412687099073414
IEPQLVSCRTDKYGMFNHWA,0.7384176764076978
FPAYEWTKVDMNSGRIHQCL,0.7277263007840342
KFWSLYDEIPTNAMCRVHQG,0.7412687099073414
PVHDEQFIWAKTRSMLYNCG,0.7434069850320741
HKIVWRFLYTSEAGDNCQMP,0.7341411261582323
WCHPEQSIFYKGNMAVLTRD,0.7263007840342124
VNIWCLRPFSQMHTAGYKED,0.7327156094084105
RWEHKGAFNLSVDYMTCIQP,0.729864575908767
MNTYSGWDLCREVQAKIPFH,0.7305773342836779
QLNPWHRIYCFMKEADGTVS,0.7305773342836779
TRYNKVWGHASDIECFLPQM,0.7312900926585887
PIRVDCALWSEMQNHKGFTY,0.7341411261582323
IFDVRSGEWCTYMNLKPAQH,0.7227369921596579
APGYMTNWFEKRLDQSHCIV,0.7405559515324305
QKWVEAMCNRSGDHTILYFP,0.7320028510334996
LWVTMHKFRCYEIPASNQGD,0.7355666429080542
RATGHWPEFCKISLDNYVQM,0.736992159657876
NYHILTMDCWKREVAQSPGF,0.7156094084105489
LHRVATMYDWKESNGQIPFC,0.7327156094084105
IWCLRKMEYFNDHSGQPTVA,0.7469707769066286
KWISGRCLAYHVPNQEFTDM,0.7320028510334996
CFQDTNSERWGVPAYHLMIK,0.7312900926585887
WFHEPSCQGNDMYLRTKAIV,0.7569493941553813
IFNHPQAGKVDLSRYCMWTE,0.7248752672843906
KGQNIAREPVFSTLWMYHDC,0.7398431931575196
WRSHNLDKVPTIACQFMGEY,0.7426942266571632
ELFHGWKAPVSYDNQCRTIM,0.7348538845331433
HCGALSFIWTEPNQVYDRKM,0.7263007840342124
KASTDRFIHWLEPQGYMCVN,0.7227369921596579
LHMGDPAQINFSRCVKYWET,0.7405559515324305
MQRYCENAIVFPSGHLTWDK,0.744832501781896
FDIAHMENYRCQGLKSTPVW,0.7377049180327869
SRWIELCQVYGHPFMDAKNT,0.7305773342836779
RCYKSTMQIHGELDPVFWNA,0.7491090520313614
YPALFSHDTKQGCINWEMRV,0.7419814682822523
QTSLEHNMKFGVPCRWAYID,0.7362794012829651
TEKAHIFVCPYGDRWQLMSN,0.7426942266571632
MGWSCEHIQFAKVLYPDTRN,0.7362794012829651
KGQHVITWSENYMCDPLRFA,0.7320028510334996
EYVCRQTSGPIANLHMDKFW,0.7163221667854597
PLIDYTWGESHRCAVKMNQF,0.722024233784747
KSINYATCMLWHFQRDGVPE,0.7341411261582323
TLFRGASYECDNPMIQKWHV,0.7455452601568069
HVDGQSYCEMTWNLRIKAFP,0.7334283677833214
PCVELDHFGSQIYRMAWNKT,0.7270135424091233
TLYSEVDHKGQCWPRNAIFM,0.7312900926585887
YSMPCVDGIERTNQAFLKWH,0.7412687099073414
SFPIHGYCWEMVRQKLNADT,0.7284390591589451
LSYHMQEFKWDIPAVRNTGC,0.7270135424091233
HISLRFYTKQMDGAPECVWN,0.7205987170349252
SAYKEQWMRLFCVNPHIDGT,0.7483962936564504
MYLVWNITGDKAPRHCFSEQ,0.7312900926585887
CDWEIGFNLQRHAVMYTPKS,0.744832501781896
TDMRWPQEKGFIVSYCHNLA,0.7327156094084105
CFNPREQTMSWAVYLKIHGD,0.7284390591589451
TDLPWCGIRQFYVKAENHMS,0.7469707769066286
PLDRENWGHMSYVTIAKFCQ,0.7341411261582323
QCATHPNISKMFVWYLDERG,0.7533856022808268
WYPIFVSCREGMNKLTDHQA,0.7327156094084105
MQTPKWNDGLHAIFYCESRV,0.7362794012829651
REDTWYQSHLMPICFNVGAK,0.7362794012829651
MQGPFAKDLSINVRTEYWHC,0.7284390591589451
FVADGRYNQPCEWHMTKLSI,0.7384176764076978
YRKQCEVGINPATHLDMSFW,0.736992159657876
LMSYECPDIWAHRGFQKNTV,0.7384176764076978
ANGTHLKISDRMYFPCEVWQ,0.7284390591589451
KIVWFNEGDYRHMPQTLACS,0.7341411261582323
KYIENGDTQAWHMLPRFVCS,0.7526728439059159
YQMCSPFETAKWRVNLIGHD,0.7483962936564504
ATNHMSGLDFWEKCPQVRYI,0.7405559515324305
YSNMGQEKPWLCFDHRTAVI,0.729864575908767
NTGMEHLSWIDAQPKCRVYF,0.722024233784747
YHPDACGSMINWLRQKVFET,0.7284390591589451
LCPWKDNGFTIEVYRSAMQH,0.7384176764076978
EHFSGMCIYTQWNPKDAVRL,0.7391304347826086
CMLYENWQKFAIDPGHSVTR,0.7334283677833214
NCAEMDHYIPLRVWFKQGTS,0.7384176764076978
LQIVPHMCEKTGRDNWAFYS,0.7426942266571632
SHRYIGLFNTQMWDEPKCVA,0.7355666429080542
RLPESKWNQMTGDYAICVFH,0.7362794012829651
NGMWQEAPHSYCDLFKIVTR,0.7491090520313614
KAHEGWSVNFPMTQYCIRLD,0.736992159657876
MHYICTLAPFGRKNWDESVQ,0.7441197434069851
PMRTDVCQIFYSWGAKLEHN,0.7377049180327869
WQDCKLINHFSGEARYPTVM,0.744832501781896
HNDEVAWFKTLPYRISQCGM,0.7419814682822523
IHCATVQGRWENYLMKPSDF,0.7255880256593015
VNLYSFIHMWRDQPKATEGC,0.7455452601568069
AMTGDVICLHWPFRSYNQEK,0.7377049180327869
MFVGTKLEISAPQWYCNRDH,0.7312900926585887
MWVQINHYCFSLDKRPGAET,0.7198859586600143
WMLDIRPEYAKGSNTQVCFH,0.7305773342836779
VDNHLEKPFQTGICMWRYSA,0.7348538845331433
PWMIRKCTSAGNEDLHVYQF,0.7248752672843906
VKPRFHDCGAETYNMLSIQW,0.7305773342836779
RGICNLPAKMYQFTDWSVHE,0.7355666429080542
DSAKYWGLVEQCTMHRNPFI,0.7341411261582323
AVTEKLIDSCRNYQGPHWFM,0.729864575908767
IYRNSAQVFDPEMLTCWKGH,0.7305773342836779
PGYFADEVINTWSCMHRKLQ,0.7320028510334996
GIYFDVSEHNQAWPLKRCMT,0.7263007840342124
EDSKCAIVNPGQWHYLTRMF,0.7434069850320741
KEWINSPQLHCATDRYMVFG,0.7198859586600143
VMSAILFCETNHKDRPWQGY,0.7533856022808268
QCYELDMKWHFINSARTPVG,0.7334283677833214
ETGYAIHCWRVLMSFPQKND,0.7405559515324305
MCHTEYGNWRQLKADSIVFP,0.7327156094084105
GQSEDNPAYKWMIVHCRLFT,0.7384176764076978
ACWMQGRYKFSELNVITPDH,0.7234497505345688
TGINHSVLKQYPCFWADRME,0.7412687099073414
HEGLMSRTYQINPCFAWDVK,0.7277263007840342
HFGTNKSLQYEVIRMDCAWP,0.7412687099073414
EKVTHPCNWQLMSDFYRAIG,0.7334283677833214
PVWQLHCNSYKEFAITMGDR,0.7377049180327869
FDSALIPVTQWKYECHGMNR,0.7391304347826086
KVGQEIYPAFTCLDRHMWSN,0.7334283677833214
QNRYWMGAVHEDLFPCSKIT,0.736992159657876
NQCWESHIGTKDFVLMYPRA,0.7412687099073414
DGINAPVFWEQYRTSMCHLK,0.7355666429080542
DKIVAFTLCNHMPWSQYERG,0.7483962936564504
SDYTKHEARPINWLFGQMVC,0.7455452601568069
DEILFNMPRKCGHTASVQWY,0.7234497505345688
YPKWHNCGIARVQTLMFESD,0.7362794012829651
PDTGYSKIAWNLQCMHVEFR,0.7284390591589451
KDRAYMVSFNIPCLTQWHGE,0.7227369921596579
CSTRPIGVNKYWFEQMDLHA,0.7384176764076978
LWESIDKYHNMGCRPQTVFA,0.7348538845331433
RKALCSNHMWEYFDITPVQG,0.7341411261582323
QARMVNFPCHYSWTDGIELK,0.7483962936564504
AYIHELCPKMWTRGQSNDFV,0.7334283677833214
IHLYGRFKNMTWPQEAVCDS,0.7263007840342124
YGQHEVSNRLCPDIAWKFTM,0.7412687099073414
FEKLQPICHNAYWMSRVDGT,0.7498218104062723
RKVHEYTMSLGFCANIDPWQ,0.7398431931575196
NMGLAHRWFEQPVTIYCKSD,0.7426942266571632
LQHCGNVTMPDIWFSAKEYR,0.7583749109052031
ENQWYLVIKAFHCPTMRSGD,0.7384176764076978
RNHCDGPVFSILAMWQEYKT,0.7426942266571632
PSAGDRCEWFKNQLTYMVHI,0.744832501781896
HKRIMENGQAYSLCVPDTWF,0.7234497505345688
CMQEFVWIRLTPDKYNHSAG,0.7320028510334996
PGFNYIMCASWRVHTKQDEL,0.7277263007840342
QWIEDGSTKPRCFMVHYNAL,0.7426942266571632
FMIEWVYHNQPGLSTRCAKD,0.7263007840342124
MFGHPIYTLSQCERVWKNDA,0.7412687099073414
CLVNATQHWKFGSPYEDIRM,0.7391304347826086
NCFWTDIEVLQMHRSAPYKG,0.7191732002851033
VIDHYCGNKSEARFMWQTLP,0.7462580185317177
MCKIQYDENSRVGALHTFWP,0.7505345687811832
CTINVSEKFDMHPQGRALWY,0.7305773342836779
PRCIQLFAEHVKNSMGTDYW,0.7305773342836779
GIMVPWYKNSCERHDQTLAF,0.7483962936564504
LQNPGKSRTICWHMAEFVYD,0.7355666429080542
SLRYKGDCPMFETQWIAHVN,0.7384176764076978
YAFPVERHLCMIQNGSDKWT,0.7327156094084105
LYATHIGPMQDWCNERVSFK,0.744832501781896
MGRTHWSILKVNEQACDPYF,0.7419814682822523
PDTNSKWEQARLHMCVGIYF,0.7377049180327869
STLGRINFYAHPDMWEVKQC,0.7334283677833214
DRQEIKYNAFLVPMWTSCHG,0.7483962936564504
HAWSRGIYMDCQEPNKLVTF,0.7384176764076978
QDPHEMNSATFYRVLWKCIG,0.7533856022808268
IADQTNYHRFGPSMLVEKWC,0.7419814682822523
YAQLWMFNDRHPTKSCIVEG,0.7241625089094796
SYVDPFWQTHEIAKCLNGMR,0.736992159657876
VEMFHRSGWLCANITQDKPY,0.7355666429080542
QFIEKHVARNTPLWGSCMDY,0.7312900926585887
SKAGCNQPMTHDYFRWEVLI,0.7348538845331433
RPSCHWFIYGDNVALEQTKM,0.736992159657876
YGPASEVKWTRMINDQHFCL,0.7320028510334996
PLSWTDGMVEYARFKCHQNI,0.7227369921596579
MQRLKYDAGVICSTHPFENW,0.7441197434069851
VYWFHPCETGNSAKDRIMLQ,0.7348538845331433
GPTEVKMFLYWIRDQSNAHC,0.7455452601568069
SEVKWRMTFNCGLDYIQPAH,0.7348538845331433
FTSQHLNIPCVWYDREKAMG,0.7434069850320741
CIDTPAELNKVSMYWRGHQF,0.7255880256593015
IFSVGAMDKNCQYWTRPLHE,0.7469707769066286
YQGKARSICMFDWEPNLVTH,0.7341411261582323
HIMCLGQFEPKTRYDWVSAN,0.7170349251603706
CDFMHISEYQTGRPWAVNLK,0.7426942266571632
GDNCFATIWYMRVQHLKEPS,0.7320028510334996
PFLVHCWNYDRTGAMQESIK,0.7377049180327869
WNAIPLTMGFSQHDKYVCRE,0.7348538845331433
SWGFLAVHKIQMCDTRPYNE,0.7227369921596579
QLYGTKFSRHIVDAEPNCWM,0.7419814682822523
DMHIRPTKGVENFLSWCQYA,0.7384176764076978
PRSYNGWMKVIFAELCDTHQ,0.744832501781896
CRMVPAHWSFLNGIKETQYD,0.7348538845331433
IWCYPVSMFHLDGKRTAQEN,0.7248752672843906
KLDEVTFYAHWRCIGMNSQP,0.7341411261582323
CQEGHDKAWSTFVMRNLYIP,0.744832501781896
QYIPKRATWDVHSMFCEGNL,0.7049180327868853
SPLGACFINKVETDMQYWHR,0.7263007840342124
MFLWEPRQGNDKCSVHIYAT,0.7412687099073414
NMKEGFDTSIYAQPWVRCLH,0.7248752672843906
KTRQFIYGLHCPADWVMNES,0.7263007840342124
CIEQTPFKLRWMDYNHSGVA,0.7434069850320741
HYWACTPFVDMLSIKGQRNE,0.7462580185317177
AERCGTNSHQLFDPVMWYKI,0.7362794012829651
SIVHGTCWDEPMQNFLKYRA,0.7355666429080542
EMIWRLCQTYAKVNFSGDPH,0.7334283677833214
MTVQFSAGYKEWLDRICNPH,0.7277263007840342
CTYASEGDRHFVMLNQKPIW,0.7362794012829651
FASEKIQMVYTGHPDLRWCN,0.7377049180327869
YSTGILPHMRVEKDNWFCAQ,0.7419814682822523
LKTWSERVDMNPYHCIFAQG,0.7205987170349252
PEFWTGLCMNKHARQSIVDY,0.7320028510334996
RNHGASPQDMWFCEYKLIVT,0.7426942266571632
KCEHAVYTSIPWLQNRFDGM,0.7455452601568069
AFRDIVWESYHGMNPTCKQL,0.7348538845331433
NCWGKSPLHRVFADTYEQMI,0.7469707769066286
IKFAWRQVNTDPSCLGYEMH,0.7241625089094796
RYTFHWSQPINEVDGLKCMA,0.7362794012829651
WFSEDQATYHIPVCKRMGNL,0.7455452601568069
WHEQNKIDCYRVMPTSLFAG,0.744832501781896
GIFENMDWLSPYRVHAQTCK,0.7327156094084105
PRHEFIQLYDTSWCKVNAGM,0.7320028510334996
EDIHPYWSCNRFLQAGKTVM,0.7498218104062723
EARCKMTQNFILPVGYSHDW,0.7398431931575196
WEMRQYASGLNPKDFTHIVC,0.7234497505345688
ILGVQPNEHDYRAKFTSWCM,0.7384176764076978
SMDGATKILFVCHEQWYNRP,0.7419814682822523
DMQWVGSAFTKCEPHLNRYI,0.7312900926585887
AQYMEPIVHKWCRGSNDLFT,0.7391304347826086
AVSKQCYILTEGWDNPMHFR,0.7263007840342124
KEFCWVLHNAYRSMIPDTQG,0.7377049180327869
VICDEWMATRFHLKQGYPSN,0.7377049180327869
VQCMRKDANSYWHFTEPIGL,0.7341411261582323
CDQVWSITAGNLKRMHPFEY,0.7419814682822523
EHTYVCNDLMAWRKGIQPSF,0.7434069850320741
VHCNSMQWGRDKPTIELAFY,0.7184604419101924
AVYMDCWRTIPKENLHQFSG,0.7334283677833214
PRIKWLNDAEHQFYGSVMCT,0.7441197434069851
QWPETCYKSRGDILVMAFHN,0.744832501781896
YGNQPKDRCEMFAVTLWSIH,0.7462580185317177
PECFNALSTMKRDGQWHIVY,0.7341411261582323
MGYEDLTAPVRWHCFSIKQN,0.7348538845331433
EQVRGAWLMNCHYSKDITPF,0.7355666429080542
GSRMPQTAWVCEHFDKNYLI,0.7213114754098361
IMRTSPDAHYCVLGFEQKWN,0.7412687099073414
RPGEDQIKTHCVMSYLFAWN,0.7462580185317177
YDWPHFRVCKMIGENLQTAS,0.7341411261582323
IKQYTNVCSMREFHLGDWAP,0.7362794012829651
VIAKSFWNEMYPRGDTQCHL,0.7426942266571632
LSMWAQECGRTYDKPIFVNH,0.7327156094084105
HPLISCTQMAFWYDVRNEGK,0.7377049180327869
GMYWTSLQHCKAPIVNDFRE,0.7341411261582323
QLWAVNHCYIFETKPDSGRM,0.7355666429080542
RIHNFSQCLDGTVWMPKYEA,0.7384176764076978
YNQMWGFHLTAPDVIERKSC,0.7540983606557377
REVNKLPDAQYTISMHGFWC,0.7263007840342124
NLAGHKMWTQDFCIPRESVY,0.7348538845331433
GPCSMQIVWEKYFNLDTHRA,0.736992159657876
RPIDAVQEKHMLNTSWYFGC,0.7255880256593015
NPVLCMHSFKQWEATYIRGD,0.7270135424091233
AVCIENYGFRWHLQMKSDPT,0.7391304347826086
ANEQLGVDWMIRPCTFKSYH,0.7327156094084105
YEAGQDTCPWKHFSIRLMNV,0.7391304347826086
PIASWLVDMFNKQYETHCGR,0.7498218104062723
RSHEATNMGIQCYFKWPDLV,0.7476835352815395
CTPQWSIDVKLMGHFYRAEN,0.7305773342836779
KIWTVCQSNLHFPDAGRMEY,0.7305773342836779
AGHLFVDWPCNRMKEYSQIT,0.729864575908767
ENTVRLPWFKHYQSACMDIG,0.7312900926585887
ANELCSYKWFPTIMGRQHVD,0.7320028510334996
FLKAQDNMWCSPYIHTEVRG,0.7455452601568069
RLMVWHPNSQYGCFEAKDTI,0.7405559515324305
CESPRDQYGMAKTNVFHIWL,0.7405559515324305
ELQCPKFWNSRYGTHAMDVI,0.7241625089094796
FYPRWCVKTNGHLSDEQIMA,0.7312900926585887
KPLTRCSGDMYEAHVNFIQW,0.7384176764076978
VTMIQDNSEKCWHPYAGLFR,0.7327156094084105
AKVWCHQPRYMSEINLGDFT,0.7270135424091233
GNPMDWEQIARCSLFYTKHV,0.744832501781896
SYTVPFQEIMNLAHKRCWGD,0.7405559515324305
NVHPCRDQTEWMGLSAFKYI,0.7213114754098361
SCLEDWTGKMFAIQRHNPYV,0.7305773342836779
DQCTRGSFEIVKHWNPLMYA,0.7405559515324305
VSWKMFITAPRNHGCEYDLQ,0.729864575908767
YFSKDIWGREHCANQLTMVP,0.7377049180327869
LRFGCNMDSVHQKAEPTYIW,0.7412687099073414
HMQEATSYLGRFCWKNVDIP,0.7391304347826086
EGYNQDWISRAMLKVTPHFC,0.736992159657876
NDGCTMFPVKLAIQEHYWRS,0.7419814682822523
VRYQPWCFSAIKEHTLNGMD,0.7305773342836779
AKRPLYGDSCNEFVIQTWHM,0.7263007840342124
LPNCHGEAMDYSQITWFKRV,0.7377049180327869
GQLHVCWAMKSRENTDFYPI,0.7362794012829651
TLWYVNHFICESRMKPADQG,0.7391304347826086
SFNGTKDMWEQILAHVPYCR,0.7277263007840342
NRHILQDGASCKFMYPVTEW,0.729864575908767
KGIQLEFAMNSDRHVWPCTY,0.736992159657876
GYLQWPHKAREMTNFISVCD,0.7348538845331433
AGDEKRQSMLIYFHCTWVPN,0.7426942266571632
INFKVAMETLQGRWDHPYCS,0.7384176764076978
NFHSVKGELDWMRYQCAPIT,0.7348538845331433
THLRPSWVFNAKDQGCIMYE,0.751960085531005
QWFRMGHLETVDKPNYCSIA,0.7419814682822523
MQWNDCIHGTALYFVRKSPE,0.7426942266571632
LQMNKFYRHACEGWPDISVT,0.7405559515324305
HPVSTFNEKLQDYRIAGCWM,0.7412687099073414
YSKWNIQRLGPDAFMHCTEV,0.7362794012829651
MPKGHSVWCQTFANYLRDIE,0.7505345687811832
EVFPNCGRDTWLHASMIKQY,0.7505345687811832
EVDQTIGRSNMKHWFPCYAL,0.7305773342836779
TDKVWRAQYGNISCFELHMP,0.7213114754098361
QDGMAERVFPHWLTYSKNIC,0.7633642195295794
KENRSPLYHVADFQTCMGWI,0.7362794012829651
AIFPKHLYSQVCRGTDWEMN,0.7263007840342124
AFWLQYPVEKIGMRSDNCHT,0.7576621525302922
CFADSNYKWITQRHEGMVPL,0.7327156094084105
CEPTMNADQYWFIVSHKRLG,0.7469707769066286
LPIWSNHKMYEDVGQRATFC,0.736992159657876
YRTAVQWCSKNPDFIEGHLM,0.7391304347826086
VLMPYRIEDGQNHSACTFKW,0.7405559515324305
RSTNMEDYFAVWPQLGIKHC,0.7426942266571632
CSDQAKLEVPYTWNMFRGIH,0.7441197434069851
HWDGQEMCFRTKIVLASNPY,0.7412687099073414
LACFVKSRDGPIQHYMETWN,0.7327156094084105
MLYTWPSHFDVGCKAINQER,0.7334283677833214
ILPNWTCQRDESMYGFAHVK,0.7305773342836779
MHPYKASQVCIENLRGFDTW,0.7327156094084105
GHRILVCPEAWYQNSTDKMF,0.7191732002851033
MQSERTAWVDGIKLPFNCHY,0.7177476835352815
FWRQKMCVEYIDHNGPTASL,0.7426942266571632
ATGRVIKNDPEQMWFSLYCH,0.7312900926585887
DMGNCVFIARTQSHEYPWKL,0.722024233784747
PKTYQHWVIERSGMDLAFNC,0.7334283677833214
RAILQPYHEGWKCVFSTNDM,0.7270135424091233
NSVMHAQKFPDILEYRTGWC,0.7312900926585887
RESLFIWHMKTVQCDNYPAG,0.7305773342836779
TRECYANKIVFQLHDWMGPS,0.744832501781896
KIDLNSYQMRGEWFHTCVAP,0.7248752672843906
EVNFPKGQSHWRTACDMIYL,0.7255880256593015
QKPNGFARETYCHWLDSVIM,0.7213114754098361
QPWAERDFCITHVSMLGNYK,0.7419814682822523
DRIAGFMEQKNLWSVTHPYC,0.7469707769066286
MYNIQPVGCFKDSAETRHLW,0.7213114754098361
ARTLKCYFQNPHSIVMDGEW,0.7320028510334996
AWHNPTVDKMEFQYICLRGS,0.7426942266571632
WDMVNHKQPCSIFGRYALTE,0.7355666429080542
AFEPQCVLDIGWYMTSHNKR,0.7398431931575196
HKNERPDFMGCVILYATQWS,0.736992159657876
WSMFTEYPVANGICQDRKHL,0.744832501781896
TAKWFMCNELHGDVQYIPRS,0.7277263007840342
FAWNSIHVGQTPELDKYCMR,0.7362794012829651
RNLITVDGHWQCFPEYSKAM,0.7327156094084105
EQGCMHNYWTLASVIPKRFD,0.7419814682822523
EAMGDRHFWLQCNYPISKTV,0.729864575908767
QYVETAGMKIFRNHPCWDSL,0.7263007840342124
KTESAYRNQHCPFDVGLWIM,0.7305773342836779
MTGIVSELNDRAPYHQKWFC,0.7320028510334996
LVYHNRPISTDEACMKWQFG,0.7191732002851033
DVQIEKYWCGNTARSHMFPL,0.7362794012829651
NHVTGWLKRFEASCPYDQMI,0.7469707769066286
QNVEMYAIRWPGTSLDKCHF,0.7327156094084105
DAEPQHSMNYLFGRTIKWVC,0.7377049180327869
NWHKRFPMSCTGVELDQAYI,0.736992159657876
AYDPVTISKEWCRFMNHLGQ,0.7434069850320741
KWAHMDPYLVIRSGNTCFQE,0.7241625089094796
QFYPVLNISHDCWGMERTAK,0.7248752672843906
DPKCGHWVQAFNTYRSMLEI,0.7362794012829651
AVGQPYWFLDSRIKNMTHEC,0.7419814682822523
PLWKEVCNSYQIMFTGRDAH,0.7355666429080542
LVYRDPTWHINKCSEMQAGF,0.7227369921596579
RSKGIDAWVFHNCPTQEYML,0.7505345687811832
PTGMCSWIYDHFKAVLQERN,0.7412687099073414
AGRVCFENQIHTYMSDWKLP,0.7348538845331433
QSCIYKGMHAELVRDWFNTP,0.7334283677833214
NIEHTVCRYMFSDGKQPLWA,0.7305773342836779
TWGRNKLISVEYQAHFPMDC,0.729151817533856
NHTSFRMCQKDEAYIVWGLP,0.7341411261582323
SGHVCLRAQNPKYMEIDTFW,0.7348538845331433
PCNQDIAVSFYRTLGEHKWM,0.7398431931575196
SNIKQWFCRPEDHLYTAGMV,0.7405559515324305
YFSQHVEKMLNIACTRDWPG,0.7305773342836779
ALKWQCPSDNGFYVRHMITE,0.7405559515324305
SDPNALYEMIGFTCQVKHRW,0.7312900926585887
WRQAHKDGIFTYLMSCNVEP,0.744832501781896
RIHTVLCMGDEYKQANFSPW,0.744832501781896
HEVPDNQYMITSLRCGKWFA,0.7362794012829651
AMKFYTQNSLIGWCHPEVDR,0.7191732002851033
HVDYALIPEFGNSKRTCQWM,0.7419814682822523
LVSYNFGHTMAPCRQWEKDI,0.7391304347826086
AVMIDWRFELTGNSCKPQYH,0.7327156094084105
HKTPYEMVIDAWFCLSNGRQ,0.7384176764076978
IVHGKWDYFTARMPSNECLQ,0.7270135424091233
IAKEYCLHWPQTSFMVGNRD,0.7334283677833214
FMSVRDPQHTKANWGLEYCI,0.7277263007840342
HQKMADIYCNSPEWRLTFVG,0.7469707769066286
PIDCAVWMFGTSQKLHNREY,0.7434069850320741
YVNMKDWRICFPQEATSHGL,0.736992159657876
LRTVHAQDYIGCPNWEMKFS,0.7505345687811832
CVETYFKLWPGRNMSAQHDI,0.7391304347826086
HRIGPWYSKCQTNVLFEADM,0.7441197434069851
PEKACLRDYQFWGTVHISMN,0.744832501781896
QHTESNKVDGFPCRYAWILM,0.7320028510334996
CQNWHDILSEGAYRMKTPFV,0.7405559515324305
KMNTRFPDQYIALEVCHSWG,0.7341411261582323
MIFYNAEPQRVSCLWKGDHT,0.7362794012829651
RHFPKWGMASVLTECIQYDN,0.7263007840342124
FCWHNYTDKAPESMGRQIVL,0.7305773342836779
RPFSKHDMWTCEGLQIYAVN,0.7348538845331433
LPSKFDEGQCARHNYIVWTM,0.729151817533856
VENMRHKYQWFCISTAGLPD,0.7277263007840342
ERWCGNSTQDIVPFHAKMYL,0.7312900926585887
YLSMTPVGHNRKIAWECFQD,0.7377049180327869
YPDRLKNHATMVGEWSCQFI,0.7391304347826086
YREMPIDAHGSCWNVKLFQT,0.7419814682822523
CKAFPWGHETDVSNILYMRQ,0.7362794012829651
LVQTDSGFHPYREKIAWCNM,0.7412687099073414
WMRIYHVSKLEGCDQANTFP,0.7455452601568069
TRKDHMQWGLICVEFYSPAN,0.7362794012829651
PDNVLIKEHACTQFSGWRYM,0.7284390591589451
IRAGYVLSPCWQKEHFDMNT,0.7341411261582323
LWGVFHNSKAQIEMYPTRDC,0.7341411261582323
TGSFQAEILWRVCMDPHKNY,0.7270135424091233
MLEPRTVDSFAYHQKGICNW,0.7277263007840342
EIHNVGWKSPARMQYCLFTD,0.7491090520313614
VRWPCLNFHKEQDATISYGM,0.7491090520313614
HFPDTCVGSIEAMNQYRKWL,0.7284390591589451
WQCLGFKSRVIEAPNHDYTM,0.7277263007840342
GRPFQCNEIVMKHSLDAWTY,0.7398431931575196
EACHMLYSGPWTNVQIFRDK,0.7377049180327869
GTNHYMVQFPSCDWAIELKR,0.7341411261582323
TWNKPMQIFRDVAGSHEYLC,0.7241625089094796
NIQKLRTPMGSDEVHYWACF,0.7170349251603706
PNMRTKYGSIVHWEAQCDFL,0.7391304347826086
CVAMNTRDGSEKLHQPIWFY,0.7305773342836779
KMARQTWHVIFECLDPNSGY,0.7341411261582323
NIPRWVCDEQKGMTFAYSLH,0.7384176764076978
ASQGMFYPTLKIERDHWCNV,0.7362794012829651
CWAHKFNTQDRLGIMPESYV,0.7255880256593015
CDVLWRMEIGPHYQTSANKF,0.7362794012829651
KRHYFACVTENWGQSILMPD,0.7241625089094796
AFSEPKQNLWGVDHYCTIMR,0.7491090520313614
QIRSNFGWETDLMCYVKHPA,0.7320028510334996
HQTNGCRIFYWKPLAESMDV,0.7234497505345688
ILRPAWTQGEHYNMCFSDKV,0.7526728439059159
IDEYFKVAPTQLSRMNWHGC,0.7241625089094796
TEQAHFGLIYSCWPMNRKVD,0.729151817533856
EKFYTAPMRQISCWGDVHNL,0.7305773342836779
QPFDHKWCNYSGTLVEARIM,0.7548111190306486
LYDSPWFNGVQTEKIACHMR,0.7384176764076978
KDHNYSACTPQGFWRLIVME,0.7462580185317177
TFLYDVCWGMPEAQIRNHKS,0.7348538845331433
YKWSGHINFMCVTAERQPLD,0.7341411261582323
PFHYRQTINDSKEGVMWLAC,0.7498218104062723
ILQGTRAPDSHKFMWNVEYC,0.7462580185317177
HTQCILYREKVWNGDPMFSA,0.7184604419101924
LEPWMYDKCRATFSGHIQNV,0.7398431931575196
TPEHWMKAQIGFNDRSLVYC,0.7234497505345688
HMFYDGVCSPLTEAKRQWNI,0.7362794012829651
SQATYMKEVNLICPDGWHRF,0.729864575908767
IASQCHTNMGFWLEPRVDKY,0.7391304347826086
WPFDCVEKYLHARMNIGQST,0.7312900926585887
WNRDIHCAQPMGYESVTKLF,0.7177476835352815
ILTHWYEQMCNAVGDKSFPR,0.7462580185317177
ERYWKMFVQSNGDLHTAPIC,0.7234497505345688
GLSRMFCPWHATDKENQVYI,0.7334283677833214
QDPVKCAYIFMENLGSHTRW,0.7341411261582323
RIQVWTHFEYLCNSMKAPGD,0.7191732002851033
VAEPCGQKYSHTRIDNMLWF,0.7412687099073414
QDEKRLGTCPYIWMASVHNF,0.7362794012829651
HIKSMLTYVAFNGWEPRDCQ,0.7384176764076978
LCDSIYMTANPFQHKEWRGV,0.7341411261582323
LAHCPESVGYWDKMFTRQIN,0.736992159657876
KSDHQMIGNVLTCYEFRWPA,0.7426942266571632
HVFSMYGCEILDQRKANPTW,0.7455452601568069
EFVKIPTDSCHNQLMWYRAG,0.7462580185317177
TNQCWSVDKGIPHFYMALER,0.7384176764076978
NLGISMVPEAHTKQRCYFWD,0.7320028510334996
FCALHTKPEMWNYDIRGQSV,0.7384176764076978
ENIGHRFCWSKTVPQMLDAY,0.7277263007840342
GECFRLNIMYAVWQDKPTHS,0.729864575908767
FQANCMPDKVYREIWTSHGL,0.7320028510334996
QFWVLCMRKTEGIYAPNHDS,0.7398431931575196
YKGQCWVPMNAHFSDTEIRL,0.7341411261582323
SEVGARMQIHNYCDKTPLWF,0.7341411261582323
TISVFPYAHWNMLRECKQDG,0.7384176764076978
LTRVHYEKAQDCPGMINFSW,0.7462580185317177
SEVFGHMTQWDCYINAKPRL,0.7512473271560941
AIFKLCQSPHTEWYMGRDVN,0.7320028510334996
SAPRDQGMLKVEYIFCWHTN,0.7341411261582323
HEYTDIASCFRMNVWQKLPG,0.7263007840342124
MRKHFNATGSWDYQLECVPI,0.7462580185317177
KRGSLAHYWVTIFDQNECPM,0.7512473271560941
ECWKSLFATDVHYNRQGIMP,0.7355666429080542
DTGIQVFSPAMHYWCRNEKL,0.7362794012829651
WNKYLEGTFIPRAMVHDCSQ,0.7434069850320741
SMVLWECRFPHTIGQKADNY,0.7384176764076978
TYLGAKERPHMSFINQDWCV,0.7377049180327869
FDKYPGHNVAISWRCQTLME,0.7362794012829651
PSHWTQNYVRLDMFAGECIK,0.7341411261582323
AWLYKTPSQGFHICNRMEVD,0.7334283677833214
RVAHKGDMYFCEISLQTWNP,0.7334283677833214
KLEWSMYIRDQGTANHPCVF,0.7305773342836779
HESWMGDATKVICQRNFYLP,0.7248752672843906
VKGICYWAQTDNPHELSFRM,0.7362794012829651
HTIMPCWDFRESGLAKNVQY,0.7476835352815395
KALNQCRVPEYDMGTSHFWI,0.7348538845331433
LNFQTMHRWPKDVCYAESIG,0.7205987170349252
ECHMYIKNLFPVQWTGRSDA,0.7377049180327869
YNMTQIHDCFKGRVSWALPE,0.7255880256593015
KTRMLIACVWQGPDFESHYN,0.7377049180327869
IHRANDQELMYGWVPFSTCK,0.7362794012829651
MCKLPGFASIYRNHQWDTVE,0.7312900926585887
PVQSGCNHTWMKDAYIFRLE,0.7384176764076978
VDYIFTKGPRAQENCSWHLM,0.7234497505345688
DCHAPKWNMQLIYFVTSGER,0.7355666429080542
VNRFAWIGSHYQDTKECLPM,0.7348538845331433
GMKFYDHCTSIAVNQREWPL,0.7248752672843906
YNIWFHASRVDMELQPCKGT,0.7255880256593015
DRCGHLPINAYMWTKESVQF,0.7248752672843906
IWKYDRACEPSNHGFTLMQV,0.7491090520313614
RAVFSWQENIHGYDPTCLMK,0.7277263007840342
DNAERGPCFKILQHYWTMSV,0.7362794012829651
KWPCFRQGTAYDVSIMNLHE,0.7362794012829651
AMHPSGQFLIDVNECKRWYT,0.7334283677833214
FITKHYLPEVCDAQWGNMSR,0.7469707769066286
SCITMPNWLGRKVAEYQHDF,0.736992159657876
KFCSMRPEQDWNGVILTAHY,0.7555238774055595
LCWMPRAIYTNSVQKDHFGE,0.729151817533856
MAKRSHIDCPTWEGVQLFYN,0.7405559515324305
RPIQMLWCHGEYVAKTDNSF,0.7426942266571632
YCLIDNPSKGTRHAMQEVWF,0.7334283677833214
AETVKIMNRQGLYFDPCWHS,0.7205987170349252
TQVINWYSRCPALDEGKFHM,0.7284390591589451
EGFKQSAYMDPCNIWRTLVH,0.7355666429080542
NRVLSAPKIYWFDQCHGEMT,0.7327156094084105
IMYRLHTDPVECGFSKAWQN,0.7377049180327869
AVSKEPGHNRMLTIQFYDCW,0.7377049180327869
AVMGQEKISPDCHFYLRWTN,0.7441197434069851
QAYFWHTMGNVDRICSKEPL,0.7412687099073414
ASKWPHRIMLCGTQEYFVND,0.7305773342836779
SMKYAVFTIHCLQEPNRDGW,0.7419814682822523
REYNLMTDIAFSGHKVQPCW,0.7284390591589451
VQNKRWFECMHDIPLYSATG,0.7327156094084105
KACSIHQRLDPTEYVGWFNM,0.7398431931575196
HGFVDQLATWERKMCNIYSP,0.7362794012829651
KVTFHYMGLSAQIRWDECPN,0.7270135424091233
RTGIEKPCNLFHWAYVMSQD,0.7320028510334996
WVYLGSPAMHRNTCQEDKFI,0.7341411261582323
ILRHWQFVYDATPSMECKNG,0.7341411261582323
VFLNYWPSKMTGIAEHQDRC,0.7434069850320741
EWGIKDRLHNPSYTCAVQFM,0.7377049180327869
HTYPQDSIRLKCWFVEMNAG,0.7498218104062723
MGRHTDSWYLKECIVAQPNF,0.7327156094084105
GFKECPDWYANLQHRVSMIT,0.7348538845331433
PGLQDYMFAIKETSVRNWHC,0.7334283677833214
KAFYWPNCRLDSETVMHIGQ,0.7284390591589451
GCPDWAIRLKYMVHENSQTF,0.7419814682822523
ALENMFKQDGTHVIPSCYWR,0.7469707769066286
SCGIKHTRLPDYWNAQMEVF,0.7362794012829651
DPQMWKYFLCVRGEIATNHS,0.7398431931575196
DAHGNVSMEFYWQLIKPRTC,0.736992159657876
RYVFGSQIPCDLATNEWMHK,0.7255880256593015
TFHSPWANIYEGCDVLKRMQ,0.7348538845331433
WLPTSVANQKFGYHIDRMEC,0.7426942266571632
SMVLFTNAPWGIKCDRYEHQ,0.7362794012829651
SLCFQPTVAREHIYNMDGWK,0.7284390591589451
SYRWFCLGQDPIHEMNAKTV,0.7334283677833214
QRGSVEHCIYTLMWPFKNDA,0.7476835352815395
GNKCMFPDSQHVAETIYWRL,0.7362794012829651
KQYIADGFTCMPLVHNRSEW,0.7540983606557377
VPKMFWRQANTHCGSDLIYE,0.7255880256593015
MSCVDITRPAQHGWLYKENF,0.7270135424091233
HYWQGTMCRASILPKVNDFE,0.7355666429080542
IHCTRNAMPKFYEDSVQLGW,0.7227369921596579
DVERNKYILCMGASHFWTQP,0.7270135424091233
WVNLDIMFTHSYEGAPQCRK,0.7327156094084105
SLAGHWVNIRFQEPTCYDKM,0.7320028510334996
GSAKVTMCYIHFDENRWPLQ,0.7198859586600143
VYERCTINKLDFHPMAGSWQ,0.7255880256593015
AQWKPIGLCSYNREVHFTDM,0.7362794012829651
VQYWDCSTMNHGEFILKPAR,0.7341411261582323
AQVLCHNSRYTGIDMWEFPK,0.7355666429080542
CRHSVFGPDEIYTNWMQLKA,0.7255880256593015
NGVRDPYWEMIQTLCFAHKS,0.7305773342836779
CMHNWPTSDFVQEIRGALYK,0.7434069850320741
CPNAGDRWFKMLYQHITEVS,0.7476835352815395
RWYLIMECGSVHFDKNPQTA,0.729864575908767
FDYPIVCWQRGNKSMTAEHL,0.7334283677833214
GDKPSWEYLHRIFTCNQMVA,0.7548111190306486
VPAQICKLFGYTMNSHWRED,0.751960085531005
AQGVHMKIYTFWLRDPNSEC,0.7512473271560941
RQFEMWTDIGHCNPYKLSVA,0.7348538845331433
ETCDVPGSAWHIMLQYKNRF,0.7384176764076978
MGCQNHTELYVIWPAKRFDS,0.729864575908767
KGHVWCPFNMQIDSRELATY,0.7320028510334996
MFRWCAEQGDILNKSHTPVY,0.7241625089094796
VWQEHYDPRKNAFITGCSML,0.7419814682822523
AMGCWVHTIDEQNFPYLSKR,0.7341411261582323
MPRGNTACVDLHYIFEKQWS,0.7284390591589451
RCTPANEGSHIFYVLQKDMW,0.7398431931575196
EGRHPYQTNLSVWMKADFCI,0.7312900926585887
WTMYKGFQIACLHRSNDPVE,0.729864575908767
DKSLTYFNPRECVWQGIHAM,0.7384176764076978
SLRFEKIVTAWPMDCQHNYG,0.7377049180327869
CTYRKVGEHIDMALSQPFNW,0.7205987170349252
WMQCPNVITKDRYHELAGFS,0.729151817533856
TGLKEQRPADNFHCYMVSIW,0.7533856022808268
KPTSYVDMNCEIRHQFWLGA,0.7334283677833214
QDFITCWGVHEPYMKARLNS,0.7391304347826086
IFSGHEPTNCYRMAKDLVQW,0.7419814682822523
DGKSLTQRFMVIAHPWCENY,0.7412687099073414
REGYTQSPDCAMFKINWVLH,0.7284390591589451
SNICMWFHEGTARYQPVKDL,0.7270135424091233
HKYGNCVDRAFWMQTSELIP,0.729151817533856
SYLMHQFVAGDCRWNIETPK,0.7327156094084105
CMAEKSQRDHYFLINGVTPW,0.7476835352815395
KGDVIMHWLRYTASPECQFN,0.7327156094084105
VPTMYENCQHKLAIWDRSGF,0.7334283677833214
DEWARNPQCYSIKFTMLGHV,0.7305773342836779
SWQLCDRVEAIYMTFKPGNH,0.7505345687811832
NPDGARKMTECSILYQFWHV,0.7391304347826086
TGHEVSAKIPDFMQYCLRWN,0.7334283677833214
RCYSTVEQFLADPNGKWIHM,0.7334283677833214
LPEMANGKHIWFSTVRYCQD,0.7498218104062723
GCKFDIPYRHSALMQNVWET,0.7277263007840342
HKMNLQIPYWARECSFTDVG,0.7305773342836779
KEHITSNCPLMAGFRQWYDV,0.7526728439059159
FHGVKARLQDWEYCTIMPSN,0.7462580185317177
FTKPDSVWLYRHQMNIGCEA,0.7213114754098361
AMLGKQEIFWHYPVDRCNTS,0.729864575908767
WTIQVDPSLKFNHMCREYAG,0.7377049180327869
MDYQEVKCISGHRLNTAFWP,0.7377049180327869
VKALWCMYNGSTEDQRIHFP,0.7255880256593015
VMIYPRQAFEDWKLSTGNCH,0.7455452601568069
DYELCFWGISMPKQTANHVR,0.729151817533856
DFQTISGMHPYANRVLWECK,0.7270135424091233
VSIQKFDYRMPGNWATLHCE,0.7270135424091233
RGPNYEWSMQFLHCDKATVI,0.7412687099073414
YKTVNAPCSHIRMQGLEFDW,0.7255880256593015
TIASQKWFVLCYRDGPNMEH,0.7398431931575196
PACKDMHGNTQLIYVSFWRE,0.7405559515324305
WQPIDLREFGVCTYHNKSMA,0.7362794012829651
RVGDYNMLITEHQSCFWPAK,0.729151817533856
YCNIHQFLEVWTSPRKAMDG,0.7362794012829651
ERWHQKTIPLGSVCNYDFMA,0.7398431931575196
HICELWKYQFRMDVTASGNP,0.7441197434069851
MYGLHSPINVWTFKARCQDE,0.736992159657876
RHNQWVITSLGPYECFAKDM,0.7377049180327869
GHVNDIYPMFQRAWSTEKCL,0.729151817533856
AYPMETHRCQGFIKLDSNWV,0.7320028510334996
SPEVKTDCFYMLANGRHIWQ,0.7355666429080542
LVTYGENIDHMRQPCWKASF,0.751960085531005
YVCELQHGFTKPDNRIWMAS,0.7441197434069851
WVYPHAELIFGMTDCSKQRN,0.736992159657876
KGPAELCQWDYMFSRNIVTH,0.7434069850320741
GVALFPRQDHITEKYMWSCN,0.7327156094084105
MGDYNAHLSIFVKWECQPTR,0.7426942266571632
PYVRICHKMAQENLTGFDWS,0.751960085531005
FSDTCWLAGQMVPYNKEHRI,0.7362794012829651
WEDNHCGIRSLYVAFTMQKP,0.7391304347826086
TKFHIYDQECRSLGVWNAPM,0.7355666429080542
VRLFATWEYIMSDGQCNHKP,0.7348538845331433
MEKWLGNVQHDYCISRTAPF,0.722024233784747
WVPFLYSDAGINTKCHMRQE,0.7277263007840342
QHENFSDKCTWIMPGLVARY,0.7469707769066286
RVGYMEQTSCLHKWFNIAPD,0.7505345687811832
PFYGAHVKWRQNCDITESLM,0.7334283677833214
DMSQLWNFHKACIPTGRYEV,0.7227369921596579
LSCHQRAEMDVFNGTKPWYI,0.7384176764076978
YLMGHVQITSEDWKRAPCNF,0.7377049180327869
GIQRPAKCHNWYSTLVEFDM,0.7391304347826086
QLCEKRWFGTYDPMNHSVAI,0.7405559515324305
AVFIKGNHCQRSDEMLTPYW,0.7426942266571632
IGLCKPNDRWEHSQAYVTFM,0.7512473271560941
SFQMPCGEVNLYTHRKWIDA,0.7305773342836779
IWQCGKTESYFALVMRPHDN,0.744832501781896
EWSQDAKCPNIRMLGHYFVT,0.7469707769066286
SMQPNITHYWCGKFVALRDE,0.7462580185317177
VFEYDNRSTWQPAMKCILGH,0.7398431931575196
LQIYKRNHEASCMPGDVWFT,0.7355666429080542
AFCPSGKQETWHIVYDNLRM,0.7441197434069851
FMYTLRHEPIQCSDWNAGVK,0.7384176764076978
KAYRNHCDTEWMQVLISPGF,0.736992159657876
RIPNKTLHCFWQSEGAVMDY,0.7255880256593015
TFLWEGVDYHIQKRAMCNSP,0.744832501781896
NWVYIDATLFMEPHSCKRGQ,0.7419814682822523
CVHRSDWMTPEQGYAKLINF,0.7334283677833214
NKMQCISTPARGLEFVHYWD,0.7320028510334996
KCTDEPHFIMQYAGWNLRVS,0.7277263007840342
VQAKEFNCDWMHPGRSLYIT,0.7377049180327869
ICTFARMPYDVEHSGWKLQN,0.7263007840342124
WPQKCEMLARFHDTSNVYGI,0.736992159657876
DMRCTKHNQEAFYGWSIVPL,0.7255880256593015
RKCDFQLPWTIAMVYEHNGS,0.7377049180327869
TAPMYWQNFCKLISRDHVGE,0.7441197434069851
YRTSWVMFAICQPKELGHND,0.7569493941553813
DAWPLGENHRSMTFKCIYQV,0.7284390591589451
GLESVFCRHDKYTPWQAMIN,0.7312900926585887
CNELSPWKTGIAVHMQDRYF,0.7312900926585887
DLWYVRIMCFEASKQHPNGT,0.7391304347826086
LPGFEMNTAKVRDQHWYISC,0.7398431931575196
VPCWKNFERYASQTIGDLHM,0.7284390591589451
PIDLSETMWVYQAFNHCRKG,0.7270135424091233
GSDTELAPMKFRVNICWQHY,0.7334283677833214
VRTIEWLSKACNHMGDQPFY,0.7355666429080542
LHGMRYCWINPEVDFQKAST,0.7263007840342124
MQEHGWCVTRPNSDFALIYK,0.729151817533856
RCIAFKMQLTWYDEVPGSNH,0.7270135424091233
NKSIGQYWLRHFTCEPVDMA,0.7398431931575196
AEIFTMQVNWRGPCYSKDLH,0.7320028510334996
FPDQWSYREMVCIKTHGANL,0.7348538845331433
ALPWTSCINREGYVKHMDQF,0.7241625089094796
VINSCKLDRWEGTFHQMPAY,0.7398431931575196
ATVLRIGHQWNKYCDSFPEM,0.7441197434069851
WRTCSVALIGQMYPEFNDKH,0.7398431931575196
VSMRCTEQAHYGPDKLFWIN,0.7462580185317177
RVGFPMDEHASQIKYWCLTN,0.729151817533856
CNYALSEPWVKFDITQGHRM,0.7476835352815395
HWDSVFQKCYGMEINTLPAR,0.7320028510334996
GRQLFTCYNPDWIKEMVHSA,0.729151817533856
NMHALPSRWCIFVGQKYTED,0.7355666429080542
RHLYMAVISWNTGDFQCKEP,0.7348538845331433
QNDWMKGPAELTVSCYRHIF,0.7362794012829651
NKLYCTHQEFRAVGDPIWSM,0.7255880256593015
SMGVPRLICANFWHQETDYK,0.729864575908767
HNDEVCATIYPSRQFKWLGM,0.7341411261582323
AHVLDRSMNYIECGFTKPQW,0.7320028510334996
RFINPKMAVLTSQCEDWHYG,0.7469707769066286
WFDYLPSRKCIVHMTAGNEQ,0.7434069850320741
DRMLQNHPWCTFVKIGYASE,0.744832501781896
DIWRMPYTGCAQSLKVFENH,0.7355666429080542
YRVDPANTSHQCGLMEKIWF,0.7341411261582323
YHRDKGVCFNELIQPWTMAS,0.7362794012829651
SLIDYQTFNWMCREKHPGAV,0.729864575908767
TGAPRYNLWIHDEKFSVMCQ,0.7355666429080542
HVCQMINTEWADGFYSRPKL,0.7384176764076978
FPKDQGWLIEAYSRMTVCHN,0.7441197434069851
QSDWLAYGVFTIRHKNMPCE,0.7512473271560941
VGENLDKQTWMFYRACIPHS,0.7312900926585887
VEPKMIGRHQYWDASFCNTL,0.7391304347826086
PITQYLRNMHWEFGDCKSAV,0.7398431931575196
SFKPWVNAMEHCYTIGQDRL,0.7320028510334996
MCNWAQFGLERVTPDKHSYI,0.7526728439059159
LVIARPTKYGQECFMHDNSW,0.7498218104062723
STINWFDAYCELMRKPVGHQ,0.7398431931575196
PVQRNEYHLKTCDSWAFMIG,0.7569493941553813
VCDIHGMEWNKYTLARFQSP,0.7398431931575196
QFMGKRHWDNLYEVPITASC,0.7469707769066286
KVDYMEAHSTFQGPLRNCIW,0.7327156094084105
FKGIMRDQLCTSNHVWYEAP,0.7505345687811832
MRAWHLTGSEQNIDYCPKFV,0.7327156094084105
RPYWCEDKHSQMLTAGIVFN,0.7348538845331433
MKWINHFQLVCDTYPERSAG,0.7327156094084105
HGYAVKILQTCSFMNEPDWR,0.7398431931575196
DGNTARPWCHFKIVEYSQML,0.7348538845331433
LDGCVNTQMEKWIRYPHASF,0.714183891660727
MQNLYWKTPHRDGIFVECSA,0.7377049180327869
SCNRQFDTGHYMWIEKPLAV,0.7412687099073414
MIGDLERHAPYFNKWCTSQV,0.7170349251603706
TSFLIVQGCNREPYKHDMWA,0.729151817533856
GACFIQEDVTNHPLSMKRWY,0.7391304347826086
ASIPFDNKYTCREGLHVQWM,0.7255880256593015
VIMDTWKRQGFPACSYLNEH,0.7362794012829651
LTPKADNGIMSVRYFEHQCW,0.7312900926585887
VQAYECRGNMPLTKDISWHF,0.7320028510334996
SPQVMDCNYFWERTHGKLAI,0.7377049180327869
HQVPRYTSNAICLKGFMDEW,0.7419814682822523
RPKFVTEIGMNWYDSLHCAQ,0.7377049180327869
KDPCVHRTFYIWQALSMNGE,0.7426942266571632
VQWHSGTFYCDEIKNPLAMR,0.7455452601568069
TSGNYDCPEAQMFVRKHWLI,0.7270135424091233
PAIEMYGRKDCLFNTSHVWQ,0.7384176764076978
KTPCYVWILSGRNHEDFQAM,0.7277263007840342
VSEPHARGNYDKWTMCQFIL,0.7198859586600143
WVHADRSCIELFGNPQKYTM,0.7362794012829651
ALIYHKVTGRCFPESMWDNQ,0.7334283677833214
CHLKRAITVEMDNWPYQGFS,0.736992159657876
NRQMTGHSEPVFDLKCAWYI,0.7355666429080542
NFHCRIAVDPLYQTKESGMW,0.7391304347826086
CRYIMSATHLVEQDWNKGFP,0.7341411261582323
HQSICRMGNWFVEKPDTLAY,0.7391304347826086
SGMCRHTEIYPLADQKWFNV,0.7398431931575196
IQRFNPLHCMDVYWTASEKG,0.7355666429080542
DCSNWYPFKAGHEIQVTRLM,0.7384176764076978
SCNDFQARPWEVHYTLKIGM,0.7341411261582323
PWGTESCLFRHKDQNMYVIA,0.7327156094084105
DFMSHLETQVAGRWYKPCIN,0.7320028510334996
CWGQDAIFLKNPMHTVEYSR,0.7384176764076978
RKDVMCESLIAQFNPGTYHW,0.7312900926585887
EMCSIFARNQDHLWVGPYKT,0.7312900926585887
EHNKRYGQPATLVSFCIMWD,0.7505345687811832
RCDMNWLETVPKQYIFGHAS,0.7362794012829651
SMNFIHYQDEKATVCLPWRG,0.7426942266571632
DGEMWNILHYTCQFKRASPV,0.7334283677833214
AWTELGFRISMVYQDNPHCK,0.7327156094084105
NVMATQRGIDEYFWSCKHLP,0.7277263007840342
GWNQFPIRYKVMDTHLCASE,0.7191732002851033
KPLHFQNRDWAESGVCTYIM,0.7198859586600143
QRCKWFGPHVDSAYMLNETI,0.7263007840342124
QYIDVEMKRPACHTGWSNLF,0.7156094084105489
HLIVWGMQSPERFAKCDNTY,0.7334283677833214
KGSMAVFIRCLDEPNHTWYQ,0.7270135424091233
YMCDSQIVRKAWNLGPTEHF,0.722024233784747
CWRKAYFVIDMEQNPHLTGS,0.7377049180327869
VKPNMGQIETRDFYCHLWAS,0.7270135424091233
GSQFLAVPHEMYCKIWNRTD,0.7255880256593015
FYQEVARGTHKCPWDLIMNS,0.7377049180327869
CYLMIKRAEDQVNSFTPWGH,0.744832501781896
DYFAQCEKILWTVGRSNMHP,0.7434069850320741
QYRGTMNPAEVDHCLFWKIS,0.7434069850320741
QKITMNGSERCWFYHVAPDL,0.7355666429080542
TENAGIRQPSHFVDMYWCLK,0.7441197434069851
IVSEFPRWGMATYLDQCKNH,0.7491090520313614
QFIDEYKHPRLCSATWVMGN,0.751960085531005
DLYGIAHNMCFRVPTWKQSE,0.729151817533856
NSGETADQHWCRMIKFLYVP,0.7305773342836779
CDAGQKFHIWVSTMERPLYN,0.7355666429080542
DSPEFNAIYCKVMWLQGTRH,0.7391304347826086
LTEDQMFIHKYVNGWPRCSA,0.736992159657876
DFPRKHAQGEVTYMLCNISW,0.7426942266571632
RDHKIQSTGMNCVWPELAFY,0.736992159657876
QLICTWDGYFNEHSAMKVPR,0.7255880256593015
FECIDMVRHTPSWYGKANLQ,0.7255880256593015
EAVYLNCRQGPSHMKIDFWT,0.7312900926585887
FECQYNWALKGHVSIDRTPM,0.7377049180327869
EINVTRSAPGLQMHCYFKWD,0.7377049180327869
YLIHFWNSQAPKEDRCVMGT,0.7341411261582323
YFVHLMESQCDPKAIGNRTW,0.7334283677833214
FLAMSHCRWGYTKQPEVIDN,0.7284390591589451
TKSYREDHNLMCVPQGIAWF,0.7469707769066286
IHEPRWNQATFMVCGLSKYD,0.7434069850320741
CGMLDRSNETHAKFPVIWQY,0.729864575908767
MLVQRNHKYWGCFTAESIPD,0.7227369921596579
ARQGHLFDMWKPTECISVYN,0.7270135424091233
GMLTFCNKVQEWDRYSPAIH,0.7483962936564504
KTYLMQSNPGVARIEFHCWD,0.729864575908767
WTRYKCVSNAHMQIFDLEPG,0.7434069850320741
EPQNVFSMAWLGYKHDTIRC,0.7412687099073414
HMENCPDGSTRLFQWYIAVK,0.7455452601568069
KEHGWLQRCVPFTSAYDMNI,0.7334283677833214
GNMAFPRKYLIHVETQSDWC,0.7362794012829651
YHMGAWNFLETVDSQCKIPR,0.7391304347826086
VMKTCREYWAFSHGNIQPLD,0.7191732002851033
CKMPSQDAHLFYVWTNIEGR,0.7462580185317177
RGANYFWDKCISHQLPMVTE,0.729151817533856
YDCAQHMLRWKGFIVSNPET,0.7377049180327869
HKWSRVTGAIFEMPLYDQCN,0.7391304347826086
LFCYIDQRSPGMTEKNHVAW,0.7469707769066286
WGCNPHTLQMKEDYVRSAFI,0.7377049180327869
TIAFNWKYGQLSHDPCVMER,0.7355666429080542
QNDMVYCKWHGAPFESLIRT,0.7384176764076978
SKPCMQNLHETDIFVWGRAY,0.7377049180327869
LGATWPYEVRFKSINQDHCM,0.7398431931575196
TMFLCDANPWYSKREQVIHG,0.7533856022808268
IRQPYHNWMAVEKCFSTGLD,0.7277263007840342
AVKYMDNEIHQWGSRFLTPC,0.7341411261582323
WHLTNRPQSEVGMFAKYCID,0.7277263007840342
QRPGEDTKWSCMFYVHLANI,0.7569493941553813
LMNYFHDIGQAPTKCSVWRE,0.7355666429080542
LGIVDTACKSERQMPFWYHN,0.7341411261582323
QLESKWGARCVHFMTIDYPN,0.7284390591589451
CYQFHDAPWTMVINRGSKLE,0.722024233784747
DEGKVPQRCFWLTYHMNAIS,0.744832501781896
FAYWRIQTGSDKCVLHMNPE,0.7548111190306486
CWYRTFNDHELVGMKAISQP,0.7377049180327869
IWEMSHYQCPALTNKGDRVF,0.7341411261582323
IQRLYGWHTKDACENMFVPS,0.736992159657876
AMKQTNRPGWLHVCYSFIED,0.7277263007840342
CNLDRKETIPHQYVASWMGF,0.7426942266571632
HWTPGNCAELVFQSKYIDRM,0.7462580185317177
WRMDVCIYLAENGFPQTKHS,0.7327156094084105
AWEYNMSVKPGDCRILTQHF,0.729151817533856
CALHMSIWPVYDTEGRFQKN,0.7348538845331433
EMICLRGPWDNYVHKTSAQF,0.7234497505345688
VYPTGADNEWLRQKSFHIMC,0.7605131860299359
YCLNTVHRKQIDSGWMAFPE,0.7341411261582323
PQVFCNHSWRLDMTGAIKYE,0.744832501781896
HWDCKNEQLRYFSAMGVTPI,0.7384176764076978
KPHGDNWFAYLRCQVSMTIE,0.7455452601568069
DFKLYVWSPMTEAGIRHQCN,0.736992159657876
WRQTAMYSLVCHEIDPGKFN,0.736992159657876
CGYPWQSEMFDHIRNTVAKL,0.7362794012829651
RATPHDCEGFNYVWSQIMLK,0.7455452601568069
HISTVAGCWEFPQMNRYLKD,0.7377049180327869
LVGDKTSHQFWPMARYICEN,0.7384176764076978
AWHQMVFNYGISKETPDRLC,0.736992159657876
NEMTCGHPDQKVWASLIFYR,0.7391304347826086
SFLWITHKEYRAQGVCDMNP,0.7320028510334996
AFVRQYCLDTKSPMHWENGI,0.7305773342836779
YSDVFNHWKPGETCQLIMAR,0.7284390591589451
VRCDEMPGTFWYKNHLQISA,0.7398431931575196
CPSIYQRKWDTMGFAHLENV,0.7305773342836779
CMLRAPYWDNFHKVEGTISQ,0.7384176764076978
AGESPVDHNYIQRLWKFMCT,0.7320028510334996
SREKHDPVNYGCQAWIFMTL,0.7434069850320741
AQEMHKRDLWNIVPTGFYCS,0.7405559515324305
VMHYEKWDIQGFPRTCSLNA,0.7384176764076978
PTCGWDAMLQVHKNRIEYFS,0.7312900926585887
QCTNGYHIKMPDALSRWFVE,0.7377049180327869
EKTQLVPAMCNGDFYHSWIR,0.7327156094084105
TGQPSYWLVNFRMICKHADE,0.7405559515324305
NQHFTKWVESMRIAGLPCYD,0.7462580185317177
LTWVRPYCDMAFEKQIGSNH,0.7277263007840342
DSMEGVAPYICLTNRKWHQF,0.7327156094084105
LCESQPMDFRWTGANKHIVY,0.7384176764076978
GPSIRVCYKQAFLENDWHTM,0.729864575908767
PEDNSTRKFAVIQGCWMHLY,0.7412687099073414
TLGWSNEMQVRIKYPCHFDA,0.7248752672843906
MCKTHPFAQWESYDRGVILN,0.7241625089094796
NVHSTEPYIRLACFMDKWGQ,0.7277263007840342
YLEVFASTPQWCRMKNHDGI,0.7284390591589451
LNDVTWFHRPKCMIYGESQA,0.7177476835352815
QSDRHIPMVNLKTEGYCWFA,0.7312900926585887
MCLEFSWITYARQPVGNDHK,0.7526728439059159
CPEDQHWTNIRVAMLKSGYF,0.7391304347826086
KGQIRAVENDTFWCHPLMYS,0.7462580185317177
ITSCYQLANKRPWFMEDVGH,0.7305773342836779
YDFCQALSVTWRGKMHIPNE,0.7405559515324305
TMRFSQYPEKDCHAGILWNV,0.7426942266571632
CSKDIPTLNMGFYRHWEQAV,0.7398431931575196
MDVRGQYKNIWELCTPAFSH,0.7270135424091233
SQDATVCHMWYIELRNFPGK,0.7377049180327869
VNLGCDFQMPYTRSWKHEIA,0.7305773342836779
YQCLVRKGIPHMNADSFTWE,0.7476835352815395
RYDFSKTWHQVAPGNMLIEC,0.729151817533856
EWYVGLDCNPKFSQRHMAIT,0.7305773342836779
RISYCVGDFPETAQMNLKHW,0.7348538845331433
RETLMCASGQPDFIHKYNVW,0.7355666429080542
QNDKIRLWAYMFCTSVEGHP,0.7498218104062723
WAGHQEDYKLCPNVTFMSRI,0.7355666429080542
SMRHIATVDYFCKPLWEGQN,0.736992159657876
FGAYESMLWHDKCTNIQRPV,0.7320028510334996
AGERSKQMWTNIYCPLHDVF,0.7312900926585887
FVMSRPQEHNYCGDLKIATW,0.7305773342836779
YHVFRCSETGIPLMKNDWAQ,0.7362794012829651
REKQPATDFYVCWMINHSGL,0.7277263007840342
HMFCSPRVKDQLETIANWYG,0.7462580185317177
AFWDVNSTYMIHQGCLERKP,0.7270135424091233
PEKLVDIGMARYSQCFNTHW,0.7327156094084105
TICKGLNPAFQDVYHWESMR,0.7191732002851033
GPHAVCIYDKMQWFSRNTEL,0.7241625089094796
HLYDSPGRKWTIMQNAVCFE,0.729864575908767
WCIGSDAERNTFQHPMLVYK,0.7434069850320741
TIGSWCDHREANMYKFQLVP,0.7548111190306486
DCGYSQVWKRNAMFHEILPT,0.7277263007840342
ASHCQTRIMFELDPVKYWNG,0.7412687099073414
VFCSAKPLRHMWENYTDIGQ,0.7391304347826086
SYKADPQRHLVCNWMFGETI,0.736992159657876
HDFKTVMNPIQESAWYRLCG,0.7184604419101924
QLIFSYCAHRWMNTEGPDVK,0.7213114754098361
RNLMDYGWHVQIKEPTASCF,0.722024233784747
ARTQSHKVFMPLENYDCGIW,0.7377049180327869
WMNLPTCIRSGAHDVFQEYK,0.7391304347826086
FVGQNCKHASETILWYRDPM,0.7476835352815395
FDHPKYWNGTMCRLIAVQES,0.7391304347826086
QTPMREKFAHGVLSDIWCNY,0.7512473271560941
MQIHYDRSTACFNGVKPELW,0.7441197434069851
WVFMEQYHDATNRPSCGILK,0.7263007840342124
EVMSGCDPFHARQLWKTIYN,0.7334283677833214
IGAMDCSFPLNEHQVYRWTK,0.7241625089094796
LESDQPVNWYCKAIRTHMFG,0.7334283677833214
NCMHWPFKGTDRSVLAQYIE,0.744832501781896
TKWLYVMGRAQDCFEHSNIP,0.7391304347826086
IPLCSGDHVRYFMANQWEKT,0.7483962936564504
TPAMEKIWRFHDNQGLCYSV,0.7398431931575196
YWAIFLMGDPNCEQSHKRTV,0.7469707769066286
WCYHENVDIQKMFGASLTPR,0.7412687099073414
RFYHLKPCQDGMIAVWSNET,0.7377049180327869
FPKAETQYNSHIGCMDVWLR,0.7455452601568069
DGRWVHNFAQPLCIESMYKT,0.7348538845331433
CDHYGLWPNSTRAFKQEMIV,0.744832501781896
RFKTAVWGIMNHQESYLDPC,0.7476835352815395
SHPIMEALFDYGNKVTWQCR,0.7270135424091233
GWTNMRCFPHEDYKLQIVSA,0.7263007840342124
CSHPLYMVEDAQFNRTGIWK,0.7248752672843906
HEPVDAGTQYFISNMLCRWK,0.7341411261582323
RSGNADIQMTYLFCVPKEWH,0.7498218104062723
GFTYHDVCPMLKEWNAIQRS,0.736992159657876
ATMWFRYKGQICPHLESVDN,0.729864575908767
KEQDFATPCMWRLHGYNSVI,0.7512473271560941
RNGWHVTPAEKSIMCQDYFL,0.744832501781896
DNPQLSEVMRKFAHGYTWIC,0.7362794012829651
NSEDCRKHYAPWTFMGLIVQ,0.7405559515324305
WQFINGMRKVPTHCDYELAS,0.7305773342836779
SQTEFYNVLGKWHRPICAMD,0.7348538845331433
TKMGDCEYLRHWQINPVASF,0.7334283677833214
CRFDALWHESPTQYKGVMNI,0.7362794012829651
SNEPTRDCFKQMWVAHLGYI,0.7405559515324305
ASMNRIGQFDLHYTPCWKEV,0.7284390591589451
NQTADFYISLHGKCEPVRMW,0.7255880256593015
TVHDEQFYPKMAWCNRGLSI,0.7469707769066286
WYHQMEADLKIRVGTNPSFC,0.7312900926585887
VNARWTMFCIGQSKYDELPH,0.7412687099073414
