sequence_id,signature_ac,start,stop
P63033,PS51421,15,266
A2CI98,PS50135,223,279
A2CI98,PS01357,228,255
O75326,PS51004,53,490
O75326,PS50835,544,619
P93004,PS00221,98,106
Q96FE7,PS50070,24,101
Q96FE7,PS00021,69,82
Q6QNK2,PS51828,79,276
Q6QNK2,PS50221,371,557
Q6QNK2,PS50261,566,810
Q6QNK2,PS00650,798,813
Q708S7,PS01206,307,327
Q708S6,PS01206,305,325
O23507,PS00142,272,281
P33527,PS50929,326,608
P33527,PS50893,644,868
P33527,PS00107,680,705
P33527,PS00211,768,782
P33527,PS50929,976,1256
P33527,PS50893,1293,1527
P33527,PS00211,1430,1444
Q708S8,PS01206,338,358
Q9Y4C2,PS51723,542,841
O93295,PS01238,161,176
G5EBN9,PS50267,29,559
G5EBN9,PS00610,54,68
O54982,PS51201,331,473
O54982,PS51201,718,889
Q24210,PS50011,12,278
Q24210,PS51022,343,397
Q24210,PS51022,402,461
Q24210,PS50106,495,576
Q24210,PS50002,582,651
Q24210,PS50052,711,883
Q24210,PS00856,746,763
Q9SVT8,PS01219,206,231
Q42438,PS50011,57,315
Q42438,PS00107,63,86
Q42438,PS00108,177,189
Q42438,PS50222,358,393
Q42438,PS50222,395,430
Q42438,PS00018,408,420
Q42438,PS50222,431,466
Q42438,PS00018,444,456
Q42438,PS50222,467,502
Q42438,PS00018,480,492
Q5QGZ9,PS50041,140,249
Q9GKE8,PS50835,3,125
Q8NCG7,PS00120,437,446
Q14246,PS50026,31,68
Q14246,PS00010,47,58
Q14246,PS01187,80,106
Q14246,PS50026,80,118
Q14246,PS00010,97,108
Q14246,PS01187,132,157
Q14246,PS50026,132,171
Q14246,PS00010,148,159
Q14246,PS01186,157,170
Q14246,PS01187,172,197
Q14246,PS50026,172,209
Q14246,PS00010,188,199
Q14246,PS01187,221,244
Q14246,PS50026,221,256
Q14246,PS00010,235,246
Q14246,PS01187,268,294
Q14246,PS50026,268,305
Q14246,PS00010,285,296
Q14246,PS50221,431,597
Q14246,PS50261,602,848
Q14246,PS00650,836,851
Q9TV66,PS50042,596,711
Q9TV66,PS00888,623,639
Q8GWJ6,PS50053,8,76
Q923X1,PS50026,18,57
Q923X1,PS01186,42,56
Q923X1,PS01187,58,83
Q923X1,PS50026,58,95
Q923X1,PS00010,74,85
Q923X1,PS01187,108,133
Q923X1,PS50026,108,145
Q923X1,PS00010,124,135
Q923X1,PS50221,293,468
Q923X1,PS50261,476,717
Q923X1,PS00650,705,720
Q949G3,PS50893,165,438
Q949G3,PS50893,838,1090
Q9C6K9,PS50011,291,565
Q9C6K9,PS00107,297,319
Q9C6K9,PS00108,412,424
D2K6F1,PS51202,211,295
D2K6F1,PS51202,317,401
D2K6F1,PS51202,406,491
D2K6F1,PS51202,497,583
Q9LFB8,PS01022,86,110
Q9LFB8,PS01023,183,195
Q02785,PS50893,144,397
Q02785,PS50893,836,1084
Q9VWE0,PS50853,227,327
Q9VWE0,PS50853,329,431
Q9VWE0,PS50853,436,535
Q9VWE0,PS50853,537,631
Q9VWE0,PS00152,541,550
Q9VWE0,PS50853,635,735
Q9VWE0,PS50853,736,836
Q8W4I7,PS50011,54,312
Q8W4I7,PS00107,60,83
Q8W4I7,PS00108,174,186
Q8W4I7,PS50222,355,390
Q8W4I7,PS00018,368,380
Q8W4I7,PS50222,391,426
Q8W4I7,PS50222,427,462
Q8W4I7,PS50222,463,498
Q8W4I7,PS00018,476,488
G5EGT9,PS50814,22,147
G5EGT9,PS50011,281,583
G5EGT9,PS00109,434,446
Q03614,PS50267,39,578
Q03614,PS00610,64,78
Q03614,PS00754,147,167
Q9UGT4,PS50958,27,66
Q9UGT4,PS00524,42,62
Q9UGT4,PS50856,285,433
Q9UGT4,PS51233,445,639
Q9UGT4,PS50923,723,780
P25378,PS51421,9,209
Q9H244,PS50262,42,298
P49238,PS50262,48,293
P49238,PS00237,115,131
O24367,PS50893,158,430
O24367,PS50893,843,1095
Q96NR3,PS50156,268,427
P04775,PS50096,1905,1934
Q08733,PS00221,112,120
P11234,PS51421,10,206
P08953,PS51450,175,195
P08953,PS51450,198,219
P08953,PS51450,222,243
P08953,PS51450,270,291
P08953,PS51450,367,388
P08953,PS51450,391,412
P08953,PS51450,415,436
P08953,PS51450,439,460
P08953,PS51450,474,495
P08953,PS51450,498,521
P08953,PS51450,669,690
P08953,PS51450,693,713
P08953,PS51450,715,738
P08953,PS50104,857,993
Q8R4G0,PS51117,46,296
Q8R4G0,PS50027,297,356
Q8R4G0,PS00022,315,326
Q8R4G0,PS50027,364,419
Q8R4G0,PS01248,384,420
Q8R4G0,PS50027,420,469
Q8R4G0,PS00022,438,449
Q8R4G0,PS50026,463,498
Q8R4G0,PS00022,486,497
Q9LYU7,PS50011,118,401
Q2EG98,PS50221,909,1071
Q2EG98,PS50095,1129,1246
Q9S752,PS50089,319,358
Q9JKB0,PS50042,464,570
Q9JKB0,PS00888,491,507
P78348,PS01206,305,325
P30273,PS51055,54,82
O80662,PS50404,1,80
O80662,PS50405,120,250
Q9LVI6,PS50011,365,639
Q9LVI6,PS00107,371,393
Q61088,PS50038,40,161
Q61088,PS50261,219,503
P43287,PS00221,103,111
P43286,PS00221,105,113
Q63344,PS50850,25,432
Q969I6,PS00634,495,527
P53379,PS51767,81,468
P53379,PS00141,96,107
P53379,PS00141,357,368
Q5ANA3,PS50893,150,404
Q5ANA3,PS00211,303,317
Q5ANA3,PS50893,859,1103
Q12256,PS00216,146,162
P19327,PS50262,53,400
P19327,PS00237,122,138
P28566,PS50262,39,344
P28566,PS00237,108,124
P28565,PS50262,52,353
P28565,PS00237,121,137
P28564,PS50262,62,365
P28564,PS00237,131,147
Q8R456,PS50262,87,347
Q8R456,PS00237,156,172
Q8R456,PS00238,331,347
P43353,PS00687,209,216
P43353,PS00070,237,248
P30530,PS50835,27,128
P30530,PS50835,139,222
P30530,PS50853,227,331
P30530,PS50853,336,428
P30530,PS50011,536,807
P30530,PS00107,542,567
P30530,PS00109,668,680
Q13641,PS51450,92,113
Q13641,PS51450,143,164
Q13641,PS51450,211,232
Q13641,PS51450,235,256
Q13641,PS51450,259,280
Q9UM73,PS50060,264,427
Q9UM73,PS50060,478,636
Q9UM73,PS50011,1116,1392
Q9UM73,PS00107,1122,1150
Q9UM73,PS00109,1245,1257
Q9UM73,PS00239,1276,1284
P63138,PS00236,160,174
A9ZSY3,PS50850,54,476
A9ZSY3,PS00216,108,125
A9ZSY3,PS00217,150,175
P51172,PS01206,387,407
O81445,PS50222,67,102
O81445,PS50222,104,139
O81445,PS00018,117,129
O81445,PS50222,148,183
O81445,PS00018,161,173
Q12303,PS51767,63,394
Q12303,PS00141,78,89
Q12303,PS00141,285,296
O14931,PS50835,14,111
G5EG88,PS00236,157,171
Q9LSD8,PS50053,7,73
Q8L796,PS51455,351,750
Q8VYG0,PS50011,358,633
Q8VYG0,PS00107,364,386
Q8VYG0,PS00108,478,490
Q95QW4,PS00213,380,392
Q9ZWC8,PS51450,103,124
Q9ZWC8,PS51450,126,147
Q9ZWC8,PS51450,176,197
Q9ZWC8,PS51450,202,224
Q9ZWC8,PS51450,227,248
Q9ZWC8,PS51450,252,274
Q9ZWC8,PS51450,278,300
Q9ZWC8,PS51450,303,325
Q9ZWC8,PS51450,327,349
Q9ZWC8,PS51450,376,397
Q9ZWC8,PS51450,427,449
Q9ZWC8,PS51450,476,498
Q9ZWC8,PS51450,548,570
Q9ZWC8,PS51450,664,686
Q9ZWC8,PS51450,688,710
Q9ZWC8,PS51450,712,734
Q9ZWC8,PS50011,859,1147
Q9ZWC8,PS00107,865,888
Q9ZWC8,PS00108,983,995
Q86SQ4,PS01180,41,149
Q86SQ4,PS51828,154,356
Q86SQ4,PS50221,670,853
Q86SQ4,PS50261,864,1118
Q86SQ4,PS00650,1106,1121
P18089,PS50262,29,423
P18089,PS00237,98,114
Q7XJT7,PS50011,50,291
O73798,PS50853,483,603
O73798,PS50853,604,702
O73798,PS50853,829,924
O73798,PS50011,995,1270
O73798,PS00107,1001,1029
O73798,PS00109,1127,1139
O73798,PS00239,1155,1163
M5A7P9,PS00678,369,383
Q42371,PS51450,93,115
Q42371,PS51450,117,140
Q42371,PS51450,141,163
Q42371,PS51450,165,187
Q42371,PS51450,189,212
Q42371,PS51450,237,259
Q42371,PS51450,260,282
Q42371,PS51450,284,306
Q42371,PS51450,308,330
Q42371,PS51450,332,355
Q42371,PS51450,380,401
Q42371,PS51450,404,425
Q42371,PS51450,428,449
Q42371,PS51450,452,473
Q42371,PS51450,476,498
Q42371,PS51450,500,522
Q42371,PS51450,523,545
Q42371,PS50011,648,918
Q42371,PS00107,654,676
Q42371,PS00108,769,781
Q9W534,PS50262,53,363
Q9W534,PS00237,122,138
Q12791,PS51201,407,549
Q12791,PS51201,839,983
Q12791,PS00092,1156,1162
Q62962,PS01206,302,322
Q02013,PS00221,74,82
Q59XM0,PS50850,143,682
Q9Y6L6,PS50850,30,647
Q9Y6L6,PS51465,453,508
A0PJK1,PS50283,17,493
A0PJK1,PS00457,461,481
Q9SVQ3,PS51334,65,429
Q8TDU6,PS50262,31,280
Q00788,PS50262,54,325
Q00788,PS00237,125,141
Q9JJV4,PS01346,65,80
O97148,PS50261,214,478
Q3E7D0,PS00041,340,381
Q9LYN8,PS50011,917,1192
Q9LYN8,PS00107,923,946
Q9LYN8,PS00108,1039,1051
Q9U298,PS00236,149,163
P43144,PS00236,155,169
Q39203,PS50927,18,139
Q39203,PS50948,321,407
Q39203,PS50011,461,742
Q39203,PS00107,467,490
Q39203,PS00108,581,593
P30302,PS00221,103,111
D3W0D1,PS50041,85,194
Q03206,PS51420,1,176
O04529,PS00546,118,125
O04529,PS00142,277,286
Q6R6I6,PS50068,26,63
Q6R6I6,PS01209,40,62
Q6R6I6,PS51450,127,148
Q6R6I6,PS51450,151,172
Q6R6I6,PS51450,175,196
Q6R6I6,PS51450,199,220
Q6R6I6,PS51450,223,244
Q6R6I6,PS51450,248,269
Q6R6I6,PS51450,272,293
Q6R6I6,PS51450,296,317
Q6R6I6,PS51450,320,341
Q6R6I6,PS51450,344,365
Q6R6I6,PS50262,422,681
O80809,PS51450,98,120
O80809,PS51450,122,145
O80809,PS51450,196,218
O80809,PS51450,289,311
O80809,PS51450,316,339
O80809,PS51450,340,363
O80809,PS51450,364,385
O80809,PS51450,388,411
O80809,PS51450,412,435
O80809,PS51450,436,457
O80809,PS51450,460,482
O80809,PS51450,573,595
O80809,PS51450,596,619
O80809,PS51450,620,641
Q9LPT1,PS51450,137,159
Q9LPT1,PS50011,375,648
Q76JU9,PS50262,22,276
O76689,PS50267,63,611
O76689,PS00610,88,102
O76689,PS00754,170,190
Q9BXA5,PS50262,40,295
Q9BXA5,PS00237,108,124
Q92637,PS50835,22,86
Q92637,PS50835,95,168
P23229,PS51470,30,95
P23229,PS51470,101,166
P23229,PS51470,176,229
P23229,PS51470,283,339
P23229,PS51470,340,402
P23229,PS51470,403,458
P23229,PS51470,459,518
P23229,PS00242,1076,1083
Q8JZM4,PS50026,44,92
Q8JZM4,PS00022,80,91
Q8JZM4,PS50026,94,133
Q8JZM4,PS00022,121,132
Q8JZM4,PS01186,121,132
Q8JZM4,PS50026,309,348
Q8JZM4,PS00022,336,347
Q8JZM4,PS50026,349,390
Q8JZM4,PS00022,378,389
Q8JZM4,PS01186,378,389
Q8JZM4,PS50026,392,428
Q8JZM4,PS00022,416,427
Q8JZM4,PS01186,416,427
Q8JZM4,PS50026,430,466
Q8JZM4,PS00022,454,465
Q8JZM4,PS01186,454,465
Q8JZM4,PS50026,468,503
Q8JZM4,PS00022,491,502
Q8JZM4,PS01186,491,502
Q8JZM4,PS01187,505,529
Q8JZM4,PS50026,505,541
Q8JZM4,PS00010,520,531
Q8JZM4,PS00022,529,540
Q8JZM4,PS50026,543,579
Q8JZM4,PS00022,567,578
Q8JZM4,PS01186,567,578
Q8JZM4,PS01187,581,605
Q8JZM4,PS50026,581,617
Q8JZM4,PS00010,596,607
Q8JZM4,PS00022,605,616
Q8JZM4,PS01186,605,616
Q40687,PS50082,62,103
Q40687,PS50294,62,380
Q40687,PS00678,81,95
Q40687,PS50082,153,195
Q40687,PS00678,173,187
Q40687,PS50082,201,243
Q40687,PS50082,245,286
Q40687,PS00678,313,327
Q40687,PS50082,340,380
Q9R155,PS01130,113,134
Q9R155,PS50801,535,729
O61967,PS51450,37,59
O61967,PS51450,60,81
O61967,PS51450,83,104
O61967,PS51450,106,127
O61967,PS51450,152,174
O61967,PS51450,175,196
O61967,PS51450,198,219
O61967,PS51450,221,242
O61967,PS51450,244,265
O61967,PS51450,290,311
O61967,PS51450,313,334
O61967,PS51450,336,357
O61967,PS51450,359,380
O61967,PS51450,382,403
O61967,PS50106,568,658
Q9Z138,PS50835,55,145
Q9Z138,PS50038,169,303
Q9Z138,PS50070,315,394
Q9Z138,PS00021,364,377
Q9Z138,PS50011,473,746
Q9Z138,PS00109,611,623
P79960,PS50262,52,314
P79960,PS00237,121,137
Q8K1P8,PS50850,326,545
Q8BLA8,PS50297,63,580
Q8BLA8,PS50088,98,130
Q8BLA8,PS50088,165,197
Q8BLA8,PS50088,239,271
Q8BLA8,PS50088,309,341
Q8BLA8,PS50088,342,374
Q8BLA8,PS50088,413,445
Q8BLA8,PS50088,446,478
Q8BLA8,PS00018,469,481
Q8BLA8,PS50088,482,507
Q8BLA8,PS50088,548,580
P50571,PS00236,161,175
P93604,PS50011,339,628
P93604,PS00107,345,367
P93604,PS00108,462,474
P13385,PS50026,83,107
P13385,PS00022,95,106
P12314,PS50835,22,86
P12314,PS50835,95,184
P12314,PS50835,190,277
Q9M2Z1,PS51450,94,116
Q9M2Z1,PS51450,118,140
Q9M2Z1,PS51450,143,166
Q9M2Z1,PS51450,191,213
Q9M2Z1,PS51450,288,310
Q9M2Z1,PS51450,312,334
Q9M2Z1,PS51450,336,358
Q9M2Z1,PS51450,360,382
Q9M2Z1,PS00105,402,415
Q9M2Z1,PS51450,457,479
Q9M2Z1,PS51450,505,527
Q9M2Z1,PS51450,529,551
Q9M2Z1,PS51450,553,575
Q9M2Z1,PS51450,577,598
Q9M2Z1,PS50011,690,967
Q9M2Z1,PS00108,812,824
O80725,PS50929,64,349
O80725,PS50893,384,620
O80725,PS00211,523,537
O80725,PS50929,721,1007
O80725,PS50893,1042,1279
O80725,PS00211,1182,1196
Q9C9Y6,PS51352,19,131
Q9C9Y6,PS00194,49,67
Q7XBS0,PS50283,43,515
Q12333,PS51384,321,419
Q56WM6,PS51334,127,500
Q7TS55,PS50049,40,166
Q7Z020,PS50297,63,602
Q7Z020,PS50088,89,121
Q7Z020,PS50088,122,154
Q7Z020,PS50088,190,211
Q7Z020,PS50088,265,297
Q7Z020,PS50088,336,368
Q7Z020,PS50088,369,401
Q7Z020,PS50088,443,475
Q7Z020,PS50088,476,498
Q7Z020,PS50088,512,544
Q7Z020,PS50088,578,602
Q9Z0M6,PS01187,69,95
Q9Z0M6,PS50026,69,107
Q9Z0M6,PS00010,86,97
Q9Z0M6,PS01187,165,191
Q9Z0M6,PS50026,165,203
Q9Z0M6,PS00010,182,193
Q9Z0M6,PS01187,214,240
Q9Z0M6,PS50026,214,252
Q9Z0M6,PS00010,231,242
Q9Z0M6,PS50221,347,525
Q9Z0M6,PS50261,529,774
O00206,PS51257,1,20
O00206,PS51450,55,76
O00206,PS51450,79,100
O00206,PS51450,103,124
O00206,PS51450,151,172
O00206,PS51450,176,199
O00206,PS51450,374,394
O00206,PS51450,400,422
O00206,PS51450,423,444
O00206,PS51450,497,518
O00206,PS51450,521,542
O00206,PS51450,545,565
O00206,PS50104,672,815
Q24247,PS51470,38,105
Q24247,PS51470,121,186
Q24247,PS51470,193,245
Q24247,PS51470,254,303
Q24247,PS51470,304,366
Q24247,PS51470,367,422
Q24247,PS51470,432,494
Q24247,PS00242,1107,1114
P32329,PS51767,83,475
P32329,PS00141,98,109
P32329,PS00141,368,379
Q9WTY2,PS51421,110,341
Q9WTY2,PS00675,118,131
Q91X52,PS00061,136,164
Q9TTY5,PS50262,32,293
Q9TTY5,PS00237,103,119
Q5RKR3,PS51450,52,73
Q5RKR3,PS51450,100,123
Q5RKR3,PS51450,124,145
Q5RKR3,PS51450,148,169
Q5RKR3,PS51450,172,193
Q5RKR3,PS50835,233,372
Q9SZW4,PS50846,7,73
Q9SZW4,PS00154,391,397
Q9SZW4,PS01229,590,612
C0LGW6,PS50011,648,921
C0LGW6,PS00107,654,676
C0LGW6,PS00108,769,781
Q9HBX8,PS51450,66,88
Q9HBX8,PS51450,91,112
Q9HBX8,PS51450,115,136
Q9HBX8,PS51450,139,160
Q9HBX8,PS51450,163,186
Q9HBX8,PS51450,187,208
Q9HBX8,PS51450,211,232
Q9HBX8,PS51450,235,256
Q9HBX8,PS51450,258,279
Q9HBX8,PS51450,353,374
Q9HBX8,PS51450,375,396
Q9HBX8,PS51450,399,420
Q9HBX8,PS51450,423,443
Q9HBX9,PS50068,26,63
Q9HBX9,PS01209,40,62
Q9HBX9,PS51450,127,148
Q9HBX9,PS51450,151,172
Q9HBX9,PS51450,175,196
Q9HBX9,PS51450,199,220
Q9HBX9,PS51450,223,244
Q9HBX9,PS51450,248,269
Q9HBX9,PS51450,272,293
Q9HBX9,PS51450,296,317
Q9HBX9,PS51450,320,341
Q9HBX9,PS51450,344,365
Q9HBX9,PS50262,422,681
O08892,PS50262,65,368
O08892,PS00237,134,150
P27448,PS50011,56,307
P27448,PS00107,62,85
P27448,PS00108,174,186
P27448,PS50030,326,365
P27448,PS50032,704,753
Q9SH14,PS50053,7,72
Q12891,PS00022,427,438
Q12891,PS01186,427,438
Q9SW27,PS50053,7,73
P15390,PS50096,1720,1749
Q9QUR8,PS51004,53,488
Q9QUR8,PS50835,542,617
Q13336,PS00079,284,304
P51905,PS50267,73,593
P51905,PS00610,98,112
P51905,PS00754,181,201
P54760,PS51550,17,202
P54760,PS00790,178,198
P54760,PS00791,239,260
P54760,PS01186,253,268
P54760,PS50853,323,432
P54760,PS50853,436,529
P54760,PS50011,615,899
P54760,PS00107,621,647
P54760,PS00109,736,748
P54760,PS50105,907,971
P24348,PS50011,885,1152
P24348,PS00107,891,919
P24348,PS00109,1006,1018
Q84T94,PS51746,227,630
P32037,PS50850,13,454
P32037,PS00217,126,151
P32037,PS00216,322,338
P46940,PS50021,44,159
P46940,PS50020,679,712
P46940,PS01159,685,710
P46940,PS50096,745,774
P46940,PS50096,775,804
P46940,PS50096,805,834
P46940,PS50096,835,864
P46940,PS50018,1020,1269
P46940,PS00509,1189,1203
Q12809,PS50112,41,70
Q12809,PS50113,92,144
Q12809,PS50042,742,842
Q6Z2T3,PS00221,106,114
Q13237,PS50042,168,283
Q13237,PS00888,195,211
Q13237,PS00889,231,248
Q13237,PS50042,286,399
Q13237,PS00888,313,329
Q13237,PS00889,355,372
Q13237,PS50011,453,711
Q13237,PS00107,459,486
Q13237,PS00108,572,584
Q13237,PS51285,712,762
Q3U9N9,PS50850,289,512
P13637,PS00154,366,372
Q9ZR72,PS50929,46,333
Q9ZR72,PS50893,368,604
Q9ZR72,PS00211,507,521
Q9ZR72,PS50929,701,988
Q9ZR72,PS50893,1024,1260
Q9ZR72,PS00211,1163,1177
Q9ZR72,PS00455,1271,1282
Q8IWT6,PS51450,522,544
Q8IWT6,PS51450,545,565
Q8IWT6,PS51450,568,588
Q8IWT6,PS51450,592,613
Q8IWT6,PS51450,615,636
Q8IWT6,PS51450,640,662
Q8IWT6,PS51450,663,684
Q8IWT6,PS51450,686,707
Q8IWT6,PS51450,709,730
Q8IWT6,PS51450,732,753
Q8IWT6,PS51450,755,776
P41144,PS50262,76,330
P41144,PS00237,144,160
P11584,PS52047,507,545
P11584,PS00022,533,544
P11584,PS52047,546,600
P11584,PS00243,571,584
P11584,PS52047,601,639
P11584,PS00243,614,629
P11584,PS00022,627,638
P11584,PS01186,627,640
P11584,PS52047,640,683
P11584,PS00243,656,669
P08219,PS00236,166,180
P04264,PS51842,180,493
P04264,PS00226,479,487
P41143,PS50262,66,318
P41143,PS00237,134,150
Q9LV40,PS51334,76,440
Q96CW9,PS51117,35,286
Q96CW9,PS50027,287,335
Q96CW9,PS00022,305,316
Q96CW9,PS50027,353,408
Q96CW9,PS01248,373,409
Q96CW9,PS50027,409,453
Q96CW9,PS00022,427,438
Q96CW9,PS01248,427,456
Q96CW9,PS50026,452,487
Q96CW9,PS00022,475,486
Q96CW9,PS01186,475,486
P78410,PS50835,26,139
P0DMS1,PS51774,10,90
Q9SCZ4,PS50011,536,810
Q9SCZ4,PS00107,542,565
Q9SCZ4,PS00108,657,669
O15552,PS50262,24,273
O15552,PS00237,95,111
Q3TWN3,PS51846,251,431
Q3TWN3,PS51371,450,511
Q3TWN3,PS51371,518,584
Q28362,PS00678,359,373
Q9JKA7,PS50042,595,710
Q9JKA7,PS00888,622,638
P21917,PS50262,51,448
P21917,PS00237,121,137
Q96E93,PS50041,82,185
Q38873,PS50011,59,317
Q38873,PS00107,65,88
Q38873,PS00108,179,191
Q38873,PS50222,360,395
Q38873,PS50222,396,431
Q38873,PS00018,409,421
Q38873,PS50222,432,467
Q38873,PS00018,445,457
Q38873,PS50222,469,504
Q38873,PS00018,482,494
Q38872,PS50011,85,343
Q38872,PS00107,91,114
Q38872,PS00108,205,217
Q38872,PS50222,386,421
Q38872,PS00018,399,411
Q38872,PS50222,422,457
Q38872,PS00018,435,447
Q38872,PS50222,458,493
Q38872,PS00018,471,483
Q38872,PS50222,497,527
Q38872,PS00018,505,517
O60503,PS50125,394,521
O60503,PS00452,498,521
O60503,PS50125,1058,1198
O60503,PS00452,1175,1198
P15116,PS50268,160,267
P15116,PS00232,255,265
P15116,PS50268,268,382
P15116,PS00232,370,380
P15116,PS50268,383,497
P15116,PS50268,498,605
P15116,PS00232,593,603
P15116,PS50268,604,710
P51830,PS50125,394,521
P51830,PS00452,498,521
P51830,PS50125,1058,1198
P51830,PS00452,1175,1198
P20789,PS50262,81,369
P20789,PS00237,155,171
P53987,PS50850,19,445
P53986,PS50850,19,445
O88917,PS50228,40,129
O88917,PS51132,139,398
O88917,PS50227,477,536
O88917,PS50221,669,850
O88917,PS50261,859,1100
O88917,PS00650,1088,1103
Q06451,PS50850,181,607
O88713,PS50041,82,184
C0LGL9,PS50011,304,576
C0LGL9,PS00107,310,336
C0LGL9,PS00108,423,435
Q495A1,PS50835,17,108
Q91ZE5,PS01187,77,103
Q91ZE5,PS00010,94,105
Q91ZE5,PS50221,182,339
Q91ZE5,PS50261,346,596
Q91ZE5,PS00650,584,599
Q8K3P1,PS01212,260,286
Q9FKP4,PS50067,138,452
Q9FKP4,PS00411,352,363
C0LGD7,PS50011,625,897
C0LGD7,PS00107,631,653
C0LGD7,PS00108,745,757
O44616,PS50850,50,496
O44616,PS00217,163,188
Q23022,PS00236,151,165
P08069,PS50853,491,609
P08069,PS50853,610,708
P08069,PS50853,735,828
P08069,PS50853,834,927
P08069,PS50011,999,1274
P08069,PS00107,1005,1033
P08069,PS00109,1131,1143
P08069,PS00239,1159,1167
Q8SWR3,PS50262,106,389
Q6AWJ9,PS50835,25,114
Q6AWJ9,PS50835,127,199
Q6AWJ9,PS50835,251,365
Q6AWJ9,PS50835,368,463
Q6AWJ9,PS50835,468,558
Q6AWJ9,PS50011,692,1028
Q6AWJ9,PS00109,888,900
P42866,PS50262,85,336
P42866,PS00237,153,169
P08220,PS00236,161,175
Q7M730,PS50835,26,142
Q8VZG8,PS51450,119,141
Q8VZG8,PS51450,143,166
Q8VZG8,PS51450,167,189
Q8VZG8,PS51450,215,237
Q8VZG8,PS51450,239,261
Q8VZG8,PS51450,311,333
Q8VZG8,PS51450,359,381
Q8VZG8,PS51450,383,404
Q8VZG8,PS51450,407,427
Q8VZG8,PS51450,503,525
Q8VZG8,PS51450,527,549
Q8VZG8,PS51450,551,574
Q8VZG8,PS51450,575,598
Q8VZG8,PS51450,599,621
Q8VZG8,PS51450,623,645
Q8VZG8,PS51450,647,669
Q8VZG8,PS50011,775,1045
Q8VZG8,PS00107,781,803
Q8VZG8,PS00109,901,913
Q99N50-11,PS50916,1,57
Q99N50-11,PS50004,588,713
Q99N50-11,PS50004,728,857
P10040,PS50026,265,301
P10040,PS00022,289,300
P10040,PS50026,304,341
P10040,PS00022,329,340
P10040,PS50026,346,384
P10040,PS00022,372,383
P10040,PS01186,372,383
P10040,PS01187,386,410
P10040,PS50026,386,423
P10040,PS00010,401,412
P10040,PS01187,425,449
P10040,PS50026,425,461
P10040,PS00010,440,451
P10040,PS00022,449,460
P10040,PS01186,449,460
P10040,PS50026,462,498
P10040,PS00010,477,488
P10040,PS00022,486,497
P10040,PS00022,518,529
P10040,PS50026,543,579
P10040,PS00022,567,578
P10040,PS01186,567,578
P10040,PS50026,609,644
P10040,PS00022,632,643
P10040,PS01186,632,643
P10040,PS01187,646,671
P10040,PS50026,646,683
P10040,PS00010,662,673
P10040,PS00022,671,682
P10040,PS01186,671,682
P10040,PS01187,685,709
P10040,PS50026,685,721
P10040,PS00010,700,711
P10040,PS00022,709,720
P10040,PS01186,709,720
P10040,PS01187,716,747
P10040,PS50026,723,759
P10040,PS00010,738,749
P10040,PS00022,747,758
P10040,PS01187,761,785
P10040,PS50026,761,798
P10040,PS00010,776,787
P10040,PS01187,793,824
P10040,PS50026,800,836
P10040,PS00010,815,826
P10040,PS00022,824,835
P10040,PS01186,824,835
P10040,PS50026,838,900
P10040,PS00022,888,899
P10040,PS01187,902,926
P10040,PS50026,902,938
P10040,PS00010,917,928
P10040,PS00022,926,937
P10040,PS01186,926,937
P10040,PS01187,940,964
P10040,PS50026,940,976
P10040,PS00010,955,966
P10040,PS00022,964,975
P10040,PS50026,978,1019
P10040,PS00022,1007,1018
P10040,PS01186,1007,1018
P10040,PS50025,1021,1203
P10040,PS50026,1205,1241
P10040,PS00010,1220,1231
P10040,PS00022,1229,1240
P10040,PS01186,1229,1240
P10040,PS50025,1248,1483
P10040,PS50026,1479,1515
P10040,PS00010,1494,1505
P10040,PS00022,1503,1514
P10040,PS01186,1503,1514
P10040,PS50025,1555,1757
P10040,PS50026,1758,1792
P10040,PS00022,1780,1791
P10040,PS01186,1780,1791
P10040,PS01187,1787,1818
P10040,PS50026,1794,1830
P10040,PS00010,1809,1820
P10040,PS00022,1818,1829
P10040,PS01186,1818,1829
P10040,PS01187,1832,1856
P10040,PS50026,1832,1868
P10040,PS00010,1847,1858
P10040,PS00022,1856,1867
P10040,PS50026,1871,1909
P10040,PS00022,1900,1911
P10040,PS01186,1900,1911
P10040,PS50026,1912,1948
P10040,PS00022,1936,1947
P10040,PS01186,1936,1947
P10040,PS01187,1950,1974
P10040,PS50026,1950,1987
P10040,PS00010,1965,1976
P10040,PS01187,1989,2015
P10040,PS50026,1989,2027
P10040,PS00010,2006,2017
P10040,PS00022,2015,2026
P10040,PS01186,2015,2026
P10040,PS50026,2028,2068
P10040,PS00022,2056,2067
P10040,PS01186,2056,2067
Q9V5N8,PS50268,360,464
Q9V5N8,PS00232,452,462
Q9V5N8,PS50268,465,581
Q9V5N8,PS00232,569,579
Q9V5N8,PS50268,582,689
Q9V5N8,PS00232,677,687
Q9V5N8,PS50268,690,794
Q9V5N8,PS00232,782,792
Q9V5N8,PS50268,795,897
Q9V5N8,PS50268,898,1007
Q9V5N8,PS00232,995,1005
Q9V5N8,PS50268,1008,1113
Q9V5N8,PS50268,1114,1220
Q9V5N8,PS00232,1208,1218
Q9V5N8,PS01186,1464,1479
Q9V5N8,PS50026,1482,1518
Q9V5N8,PS00022,1506,1517
Q9V5N8,PS50025,1556,1753
Q9V5N8,PS50026,1756,1792
Q9V5N8,PS00022,1780,1791
Q9V5N8,PS01186,1780,1791
Q9V5N8,PS50025,1796,1963
Q9V5N8,PS50026,1965,2000
Q9V5N8,PS00022,1988,1999
Q9V5N8,PS01186,1988,2003
Q9V5N8,PS50027,2095,2142
Q9V5N8,PS00022,2114,2125
Q9V5N8,PS01248,2114,2147
Q9V5N8,PS50227,2115,2201
Q9V5N8,PS50221,2653,2803
Q9V5N8,PS50261,2812,3053
P16234,PS50835,1,113
P16234,PS50835,202,306
P16234,PS50011,593,954
P16234,PS00107,599,627
P16234,PS00240,652,665
P16234,PS00109,814,826
P37023,PS51256,172,201
P37023,PS50011,202,492
P37023,PS00107,208,229
P37023,PS00108,326,338
O04714,PS50261,19,273
P28222,PS50262,66,369
P28222,PS00237,135,151
F4K4R6,PS50194,249,382
F4K4R6,PS50194,447,485
P30606,PS50850,112,558
P30606,PS00216,169,185
P30606,PS00217,211,236
P30606,PS00216,413,429
P23975,PS50267,55,582
P23975,PS00610,80,94
P23975,PS00754,162,182
Q68D85,PS50835,41,124
Q68D85,PS50835,143,244
Q68D85,PS00290,226,232
Q86UN2,PS51450,77,98
Q86UN2,PS51450,101,123
Q86UN2,PS51450,150,171
Q86UN2,PS51450,174,195
Q86UN2,PS51450,198,219
Q86UN2,PS51450,222,243
Q2M3G0,PS50929,49,350
Q2M3G0,PS50893,386,622
Q2M3G0,PS00211,525,539
Q2M3G0,PS50929,693,980
Q2M3G0,PS50893,1015,1253
Q2M3G0,PS00211,1156,1170
Q13733,PS00154,384,390
Q08905,PS51384,415,534
Q06611,PS00221,112,120
Q9SSL9,PS51257,1,28
Q9SSL9,PS51450,100,123
Q9SSL9,PS51450,124,147
Q9SSL9,PS51450,148,170
Q9SSL9,PS51450,172,194
Q9SSL9,PS51450,220,242
Q9SSL9,PS51450,268,290
Q9SSL9,PS51450,316,338
Q9SSL9,PS51450,364,385
Q9SSL9,PS51450,436,458
Q9SSL9,PS51450,460,482
Q9SSL9,PS51450,531,554
Q9SSL9,PS51450,555,578
Q9SSL9,PS51450,603,626
Q9SSL9,PS51450,676,698
Q9SSL9,PS50011,827,1115
Q9SSL9,PS00107,833,855
Q9SSL9,PS00108,950,962
Q0VGW6,PS00178,28,39
Q9XF58,PS00221,105,113
C0LGH2,PS50011,694,968
C0LGH2,PS00108,814,826
Q9BYW1,PS50850,17,460
Q9BYW1,PS00217,130,155
Q8IWT1,PS50835,26,148
P04001,PS50262,70,322
P04001,PS00237,139,155
P04001,PS01186,278,289
P04001,PS00238,306,322
Q9UGH3,PS01116,482,502
Q8K299,PS50287,389,489
Q8K299,PS00420,394,431
P54867,PS51212,21,110
P0CC10,PS51450,89,110
P0CC10,PS51450,113,134
P0CC10,PS51450,137,158
P0CC10,PS51450,161,182
P0CC10,PS51450,210,231
P0CC10,PS51450,232,253
P0CC10,PS51450,280,301
P0CC10,PS50835,366,454
P53955,PS50003,445,555
Q6ZTQ4,PS50268,23,132
Q6ZTQ4,PS50268,136,236
Q6ZTQ4,PS50268,237,344
Q6ZTQ4,PS50268,346,466
Q6ZTQ4,PS50268,462,566
Q6ZTQ4,PS50268,567,695
P25105,PS50262,32,293
P25105,PS00237,103,119
P41145,PS50262,76,330
P41145,PS00237,144,160
Q8IU80,PS50024,84,209
Q8IU80,PS01180,335,452
Q8IU80,PS50068,457,490
Q8IU80,PS50068,490,526
Q8IU80,PS01209,503,525
Q8IU80,PS50068,530,567
Q8IU80,PS01209,543,568
Q8IU80,PS50240,577,811
Q8IU80,PS00134,613,618
Q8IU80,PS00135,756,767
Q9LV48,PS50011,280,559
Q9LV48,PS00107,286,308
Q9LV48,PS00108,400,412
O00270,PS50262,31,282
O00270,PS00237,100,116
Q8IZP1,PS50086,101,293
Q99250,PS50096,1905,1934
Q9NYB5,PS50850,45,668
Q9NYB5,PS51465,470,525
Q8IZP9,PS50221,462,619
Q8IZP9,PS50261,628,883
Q8IZP9,PS00650,871,886
A8IJF8,PS51202,212,296
A8IJF8,PS51202,318,402
A8IJF8,PS51202,407,492
A8IJF8,PS51202,498,584
Q9ZSA2,PS50011,80,338
Q9ZSA2,PS00107,86,113
Q9ZSA2,PS00108,200,212
Q9ZSA2,PS50222,380,415
Q9ZSA2,PS00018,393,405
Q9ZSA2,PS50222,416,451
Q9ZSA2,PS00018,429,441
Q9ZSA2,PS50222,452,487
Q9ZSA2,PS00018,465,477
Q9ZSA2,PS50222,488,522
Q9ZSA2,PS00018,500,512
P69744,PS50297,38,255
P69744,PS50088,110,142
P69744,PS50088,156,188
Q12691,PS00154,369,375
Q9SKB2,PS51450,112,133
Q9SKB2,PS51450,136,159
Q9SKB2,PS51450,160,182
Q9SKB2,PS51450,183,205
Q9SKB2,PS50011,347,641
Q9SKB2,PS00108,485,497
P92949,PS51384,332,437
O88667,PS51421,85,308
Q9GZC8,PS00284,61,71
P30939,PS50262,40,347
P30939,PS00237,109,125
P08913,PS50262,50,426
P08913,PS00237,119,135
Q8R4F1,PS51117,35,286
Q8R4F1,PS50027,287,346
Q8R4F1,PS00022,305,316
Q8R4F1,PS50027,413,468
Q8R4F1,PS01248,433,469
Q8R4F1,PS50027,469,513
Q8R4F1,PS00022,487,498
Q8R4F1,PS01248,487,516
Q8R4F1,PS50026,512,547
Q8R4F1,PS00022,535,546
Q8R4F1,PS01186,535,546
Q9JIL4,PS50106,9,90
Q9JIL4,PS50106,135,215
Q9JIL4,PS50106,243,323
Q9JIL4,PS50106,378,454
P29972,PS00221,74,82
O88689,PS50268,28,133
O88689,PS00232,121,131
O88689,PS50268,134,242
O88689,PS00232,230,240
O88689,PS50268,243,350
O88689,PS00232,338,348
O88689,PS50268,351,455
O88689,PS00232,443,453
O88689,PS50268,456,565
O88689,PS00232,553,563
O88689,PS50268,581,681
P52803,PS51551,29,162
P52803,PS01299,113,140
P31390,PS50262,44,467
P31390,PS00237,113,129
Q93VD3,PS50011,31,286
Q93VD3,PS00107,37,60
Q93VD3,PS00108,150,162
Q93VD3,PS50816,328,352
Q9LTB8,PS50222,67,102
Q9LTB8,PS50222,104,139
Q9LTB8,PS00018,117,129
Q9LTB8,PS50222,148,183
Q9LTB8,PS00018,161,173
Q9Y2T6,PS50262,37,288
Q9Y2T6,PS00237,107,123
Q84JQ4,PS50011,338,613
O49545,PS00105,402,415
O49545,PS50011,694,971
O49545,PS00108,816,828
S4X0Q8,PS51450,69,90
S4X0Q8,PS51450,93,114
S4X0Q8,PS51450,117,138
S4X0Q8,PS51450,141,162
S4X0Q8,PS50835,229,327
S4X0Q8,PS50227,310,405
S4X0Q8,PS50221,563,728
S4X0Q8,PS50261,738,1031
A6BM72,PS51041,24,101
A6BM72,PS50026,95,130
A6BM72,PS00022,118,129
A6BM72,PS01186,118,133
A6BM72,PS50026,143,173
A6BM72,PS50027,146,187
A6BM72,PS00022,161,172
A6BM72,PS01186,161,176
A6BM72,PS50026,181,216
A6BM72,PS50027,189,236
A6BM72,PS00022,204,215
A6BM72,PS01186,204,219
A6BM72,PS50026,224,259
A6BM72,PS00022,247,258
A6BM72,PS01186,247,262
A6BM72,PS50026,267,302
A6BM72,PS50027,275,322
A6BM72,PS00022,290,301
A6BM72,PS01186,290,305
A6BM72,PS50026,310,345
A6BM72,PS00022,333,344
A6BM72,PS01186,333,344
A6BM72,PS50027,362,405
A6BM72,PS00022,379,390
A6BM72,PS01186,379,394
A6BM72,PS50026,399,434
A6BM72,PS00022,422,433
A6BM72,PS01186,422,437
A6BM72,PS50026,442,477
A6BM72,PS50027,450,495
A6BM72,PS00022,465,476
A6BM72,PS01186,465,480
A6BM72,PS50026,490,520
A6BM72,PS00022,508,519
A6BM72,PS01186,508,523
A6BM72,PS50027,536,583
A6BM72,PS00022,551,562
A6BM72,PS01186,551,566
A6BM72,PS50026,571,606
A6BM72,PS00022,594,605
A6BM72,PS01186,594,609
A6BM72,PS50027,622,665
A6BM72,PS00022,639,650
A6BM72,PS01186,639,654
A6BM72,PS50026,659,694
A6BM72,PS00022,682,693
A6BM72,PS01186,682,697
A6BM72,PS50026,707,737
A6BM72,PS00022,725,736
A6BM72,PS01186,725,740
A6BM72,PS50026,750,780
A6BM72,PS50027,753,794
A6BM72,PS00022,768,779
A6BM72,PS01186,768,783
A6BM72,PS50026,788,823
A6BM72,PS00022,811,822
A6BM72,PS01186,811,822
O00478,PS50835,26,139
O00478,PS50835,164,236
O00478,PS50188,322,518
Q90674,PS50262,401,648
Q90674,PS00237,477,493
Q9S7I6,PS50011,874,1146
Q9S7I6,PS00107,880,902
Q9S7I6,PS00108,992,1004
P22723,PS00236,189,203
P49682-2,PS50262,117,365
P49682-2,PS00237,184,200
O35158,PS50835,42,113
O35158,PS50835,224,305
O35158,PS50835,310,396
O35158,PS50835,405,516
O35158,PS50853,573,674
O35158,PS50853,720,815
O35158,PS50853,823,923
Q9FMX3,PS50850,27,479
Q9FMX3,PS00217,144,169
Q9FMX3,PS00216,340,357
Q9FMF5,PS50097,54,122
Q9FMF5,PS51649,250,605
P32300,PS50262,66,318
P32300,PS00237,134,150
Q61006,PS00228,1,4
Q61006,PS50835,28,116
Q61006,PS50835,121,205
Q61006,PS50835,212,302
Q61006,PS50038,312,450
Q61006,PS00108,450,462
Q61006,PS50011,574,855
Q61006,PS00107,580,608
Q61006,PS00109,720,732
Q9ZNQ8,PS50011,284,562
Q9ZNQ8,PS00107,290,312
Q9ZNQ8,PS00108,404,416
C0LGH3,PS50011,693,951
C0LGH3,PS00108,813,825
O23492,PS50850,30,549
O23492,PS00217,129,154
O23492,PS00216,333,349
Q93ZS4,PS50011,301,584
Q93ZS4,PS00107,307,329
Q93ZS4,PS00108,424,436
Q61003,PS50287,45,155
Q61003,PS50287,160,259
Q61003,PS50287,264,360
Q9NQA5,PS50297,44,262
Q9NQA5,PS50088,116,148
Q9NQA5,PS50088,162,194
C0LGF4,PS50011,306,578
C0LGF4,PS00107,312,338
C0LGF4,PS00108,425,437
P46408,PS50850,22,451
P46408,PS00217,135,160
P40879,PS01130,102,123
P40879,PS50801,525,720
Q17328,PS00236,161,175
P28221,PS50262,55,356
P28221,PS00237,124,140
Q9UGM1,PS00236,155,169
Q80YF9,PS50002,210,272
Q80YF9,PS50238,339,534
Q9LY03,PS51450,94,115
Q9LY03,PS51450,119,141
Q9LY03,PS51450,144,166
Q9LY03,PS51450,168,189
Q9LY03,PS51450,192,214
Q9LY03,PS51450,216,238
Q9LY03,PS51450,240,262
Q9LY03,PS51450,288,310
Q9LY03,PS51450,312,334
Q9LY03,PS51450,336,358
Q9LY03,PS51450,377,400
Q9LY03,PS51450,401,423
Q9LY03,PS51450,425,446
Q9LY03,PS51450,449,471
Q9LY03,PS51450,473,496
Q9LY03,PS51450,497,520
Q9LY03,PS50011,678,951
Q9LY03,PS00107,684,707
Q96L08,PS50923,30,93
P36898,PS51256,174,203
P36898,PS50011,204,494
P36898,PS00107,210,231
P36898,PS00108,328,340
Q9UIA0,PS50190,54,241
Q9UIA0,PS50003,259,375
Q6UVW9,PS50041,65,165
P40485,PS50003,468,581
P10823,PS51882,122,448
O70507,PS50042,595,703
O70507,PS00888,622,638
Q925H0,PS01206,302,322
Q8IWE4,PS51229,86,278
Q8H8V7,PS50893,121,382
Q8H8V7,PS00211,282,296
Q6ZSM3,PS51257,1,25
Q6ZSM3,PS50850,17,435
P63212,PS50058,5,71
P14416,PS50262,51,426
P14416,PS00237,120,136
Q9H7M9,PS50835,29,148
Q9EPZ7,PS50850,45,672
Q9EPZ7,PS51465,474,529
Q864R9,PS50929,326,608
Q864R9,PS50893,644,868
Q864R9,PS00107,680,705
Q864R9,PS00211,768,782
Q864R9,PS50929,976,1256
Q864R9,PS50893,1293,1527
Q864R9,PS00211,1430,1444
Q62875,PS50835,54,137
O04532,PS51444,296,732
Q9BXB1,PS51450,58,79
Q9BXB1,PS51450,82,103
Q9BXB1,PS51450,106,127
Q9BXB1,PS51450,130,151
Q9BXB1,PS51450,154,177
Q9BXB1,PS51450,178,199
Q9BXB1,PS51450,202,223
Q9BXB1,PS51450,226,247
Q9BXB1,PS51450,249,270
Q9BXB1,PS51450,273,294
Q9BXB1,PS51450,320,341
Q9BXB1,PS51450,344,365
Q9BXB1,PS51450,366,387
Q9BXB1,PS51450,390,411
Q9BXB1,PS51450,414,435
Q9BXB1,PS50262,555,801
Q9BXB1,PS00028,858,879
Q9C888,PS50004,1,116
Q9C888,PS50035,610,637
Q9JLB9,PS50835,37,165
Q9JLB9,PS50835,170,258
Q9JLB9,PS50835,269,354
Q6QLQ4,PS50041,126,241
P43657,PS50262,34,291
P43657,PS00237,102,118
P34886,PS01206,537,557
Q9VVX3,PS51257,1,20
Q9VVX3,PS50038,59,180
Q9VVX3,PS50261,317,612
P35499,PS50096,1727,1756
P35498,PS00648,1922,1936
Q9Y6Q6-6,PS50050,33,68
Q9Y6Q6-6,PS00652,34,68
Q9Y6Q6-6,PS01186,112,127
Q8VZ80,PS50850,39,487
Q8VZ80,PS00216,93,110
Q8VZ80,PS00217,135,160
Q5M8M9,PS51450,54,73
Q5M8M9,PS51450,78,99
Q5M8M9,PS51450,102,123
Q5M8M9,PS51450,126,148
Q5M8M9,PS51450,151,172
Q5M8M9,PS51450,175,197
Q5M8M9,PS00962,294,305
Q05062,PS51420,1,176
O75762,PS50297,67,579
O75762,PS50088,97,129
O75762,PS50088,164,196
O75762,PS50088,238,270
O75762,PS50088,308,340
O75762,PS50088,341,373
O75762,PS50088,412,444
O75762,PS50088,445,477
O75762,PS00018,468,480
O75762,PS50088,481,506
O75762,PS50088,547,579
Q8NFP4,PS50835,24,123
Q8NFP4,PS00699,29,36
Q8NFP4,PS50835,132,230
Q8NFP4,PS50835,240,323
Q8NFP4,PS50835,338,432
Q8NFP4,PS50835,440,532
Q8NFP4,PS50835,539,631
Q8NFP4,PS50853,643,743
Q8NFP4,PS50060,751,918
Q9XEC6,PS51473,23,128
Q9XEC6,PS51473,139,246
Q9XEC6,PS50011,340,612
Q9XEC6,PS00107,346,368
Q9XEC6,PS00108,461,473
O35464,PS51004,24,512
P18064,PS51882,37,383
Q7XJR9,PS50011,108,368
Q7XJR9,PS00107,114,138
Q7XJR9,PS00108,230,242
Q7XJR9,PS50222,411,446
Q7XJR9,PS00018,424,436
Q7XJR9,PS50222,448,483
Q7XJR9,PS00018,461,473
Q7XJR9,PS50222,490,525
Q7XJR9,PS00018,503,515
Q7XJR9,PS50222,528,555
Q7XJR9,PS00018,533,545
P15379,PS50963,34,123
P15379,PS01241,55,99
Q9H1D0,PS50297,84,302
Q9H1D0,PS50088,156,188
Q9H1D0,PS50088,202,234
P26433,PS00678,351,365
Q07307,PS01116,447,467
Q91WD2,PS50297,84,301
Q91WD2,PS50088,156,188
Q91WD2,PS50088,202,234
Q9ZRF9,PS50011,261,535
Q9ZRF9,PS00107,267,289
Q9ZRF9,PS00108,381,393
G5EBL2,PS50011,656,966
Q5XF51,PS00546,121,128
Q5XF51,PS00142,282,291
Q2HXU8,PS50041,150,264
Q96P31,PS50835,21,98
Q96P31,PS00092,25,31
Q96P31,PS50835,99,182
Q96P31,PS50835,192,270
Q96P31,PS50835,284,369
Q96P31,PS50835,383,470
Q96P31,PS50835,476,563
P42893,PS51885,90,762
P42893,PS00142,596,605
A9ZSY2,PS50850,45,471
A9ZSY2,PS00216,103,120
A9ZSY2,PS00217,145,170
A9ZSY2,PS00216,336,353
Q96RD9,PS50835,23,101
Q96RD9,PS50835,188,271
Q96RD9,PS50835,287,374
Q96RD9,PS50835,380,463
Q96RD9,PS50835,473,556
Q96RD9,PS50835,566,651
Q96RD9,PS50835,659,744
Q96RD9,PS50835,752,834
P06731,PS50835,145,232
P06731,PS50835,240,315
P06731,PS50835,323,410
P06731,PS50835,418,495
P06731,PS50835,501,588
P06731,PS50835,593,675
P53985,PS50850,19,452
Q08ET2,PS50835,19,136
Q08ET2,PS50835,146,229
Q08ET2,PS50835,236,331
Q08ET2,PS00290,317,323
Q5ABU7,PS50850,116,557
P15431,PS00236,161,175
P50993,PS00154,374,380
Q8H8C7,PS51782,111,158
Q8H8C7,PS51782,175,219
Q03064,PS50850,19,445
O00934,PS51456,99,773
Q9XUB9,PS50004,1,141
Q9XUB9,PS50004,159,295
Q9XUB9,PS50234,338,557
P10870,PS50850,100,545
P10870,PS00217,204,229
P10870,PS00216,408,425
P51170,PS01206,389,409
Q9FFW5,PS50011,339,617
Q9FFW5,PS00107,345,367
Q9FFW5,PS00108,459,471
Q8CG09,PS00063,302,317
Q8CG09,PS50929,327,609
Q8CG09,PS50893,645,869
Q8CG09,PS00211,769,783
Q8CG09,PS50929,976,1257
Q8CG09,PS50893,1294,1528
Q8CG09,PS00211,1431,1445
O81016,PS50893,135,408
O81016,PS50893,818,1070
O54728,PS01098,398,408
O54728,PS01098,745,755
P55926,PS01206,303,323
P19440,PS00462,381,405
P35367,PS50262,44,468
P35367,PS00237,113,129
C0LGK4,PS51450,153,174
C0LGK4,PS51450,177,198
C0LGK4,PS51450,201,224
C0LGK4,PS51450,225,247
C0LGK4,PS51450,249,272
C0LGK4,PS51450,298,320
C0LGK4,PS51450,322,343
C0LGK4,PS50011,527,811
Q75KU4,PS50222,67,102
Q75KU4,PS50222,104,139
Q75KU4,PS50222,148,183
Q75KU4,PS00018,161,173
Q8VDZ4,PS50216,104,154
Q94JG1,PS00166,392,412
Q8CJ11,PS50221,457,615
Q8CJ11,PS50261,624,879
Q8CJ11,PS00650,867,882
Q8CJ12,PS50221,453,611
Q8CJ12,PS50261,620,875
Q8CJ12,PS00650,863,878
Q4W815,PS50853,146,246
P30940,PS50262,40,347
P30940,PS00237,109,125
P26718,PS50041,106,212
P26432,PS00678,353,367
Q9HCJ2,PS51450,77,98
Q9HCJ2,PS51450,101,122
Q9HCJ2,PS51450,125,146
Q9HCJ2,PS51450,149,170
Q9HCJ2,PS51450,198,219
Q9HCJ2,PS51450,220,241
Q9HCJ2,PS51450,268,289
Q9HCJ2,PS50835,354,442
P36033,PS51384,415,534
D3ZB51,PS50835,30,115
D3ZB51,PS50835,139,226
D3ZB51,PS50835,228,320
D3ZB51,PS50835,324,415
D3ZB51,PS00092,415,421
D3ZB51,PS50835,420,504
D3ZB51,PS50853,512,604
D3ZB51,PS50853,614,708
Q61735,PS50835,34,133
Q9M390,PS01022,85,109
Q9M390,PS01023,183,195
O76554,PS00236,156,170
Q92887,PS50929,325,605
Q92887,PS50893,637,861
Q92887,PS00211,761,775
Q92887,PS50929,980,1264
Q92887,PS50893,1300,1534
Q94CE4,PS00704,109,116
Q94CE4,PS00705,153,173
Q9MZS1,PS50042,411,517
Q9MZS1,PS00888,438,454
P14384,PS52035,21,311
P14384,PS00132,74,96
P14384,PS00133,190,200
Q02284,PS50262,40,347
Q02284,PS00237,109,125
Q86YR6,PS50297,138,357
Q86YR6,PS50088,172,204
Q86YR6,PS50088,205,237
Q86YR6,PS50088,238,270
Q86YR6,PS50088,271,303
Q86YR6,PS50088,304,336
Q60484,PS50262,55,355
Q60484,PS00237,124,140
O00421,PS50262,55,300
Q96PJ5,PS50835,23,97
Q96PJ5,PS50835,115,167
Q96PJ5,PS50835,193,271
Q96PJ5,PS50835,275,374
F1MH24,PS50011,46,315
F1MH24,PS00108,172,184
Q7TSN2,PS50835,20,112
Q2TAD5,PS50262,53,315
Q2TAD5,PS00237,122,138
P63094,PS51882,39,394
Q30201,PS50835,207,286
Q30201,PS00290,280,286
Q9LFX9,PS01022,75,99
P51143,PS50267,53,580
P51143,PS00610,78,92
P51143,PS00754,160,180
Q9LVN2,PS51450,91,113
Q9LVN2,PS51450,114,136
Q9LVN2,PS51450,138,160
Q9LVN2,PS51450,162,185
Q9LVN2,PS51450,186,208
Q9LVN2,PS51450,211,233
Q9LVN2,PS51450,261,283
Q9LVN2,PS51450,285,308
Q9LVN2,PS51450,309,330
Q9LVN2,PS51450,333,355
Q9LVN2,PS51450,356,377
Q9LVN2,PS50011,521,785
Q9ASS4,PS50011,303,596
Q9MA83,PS51450,136,159
Q9MA83,PS51450,160,183
Q9MA83,PS51450,184,204
Q9MA83,PS51450,209,230
Q9MA83,PS51450,306,328
Q9MA83,PS51450,330,353
Q9MA83,PS51450,401,423
Q9MA83,PS51450,450,473
Q9MA83,PS51450,524,546
Q9MA83,PS51450,623,646
Q9MA83,PS51450,647,670
P32246,PS50262,51,301
P32246,PS00237,119,135
P32249,PS50262,48,308
P32249,PS00237,117,133
Q0WYX8,PS50835,24,125
Q0WYX8,PS00699,29,36
Q0WYX8,PS50835,132,230
Q0WYX8,PS50835,240,323
Q0WYX8,PS50835,338,432
Q0WYX8,PS50835,440,531
Q0WYX8,PS50835,537,625
Q0WYX8,PS50853,637,737
Q0WYX8,PS50060,745,912
O35316,PS50267,40,570
O35316,PS00610,65,79
O35316,PS00754,148,168
Q8QGH3,PS50268,84,164
Q8QGH3,PS00232,152,162
Q8QGH3,PS50268,165,273
Q8QGH3,PS00232,261,271
Q8QGH3,PS50268,274,392
Q8QGH3,PS50268,389,493
Q8QGH3,PS00232,481,491
Q8QGH3,PS50268,493,615
P0C5E2-2,PS50011,338,610
P0C5E2-2,PS00107,344,366
P0C5E2-2,PS00108,458,470
Q9P1Z3,PS50042,428,534
A6NFQ2-2,PS51723,542,841
A1Z8N1,PS50850,399,826
A1Z8N1,PS00216,457,474
A1Z8N1,PS00217,499,524
A1Z8N1,PS00216,690,706
Q8GWW6,PS00142,249,258
G5EDW2,PS51257,1,18
G5EDW2,PS50228,43,134
G5EDW2,PS50227,158,239
G5EDW2,PS50221,359,542
G5EDW2,PS50261,551,796
Q7TSP5,PS50835,49,144
Q7TSP5,PS50835,153,241
Q9LJF3,PS50011,858,1136
Q9LJF3,PS00107,864,887
Q9LJF3,PS00108,981,993
Q9XF59,PS00221,115,123
Q9C8K2,PS50893,24,269
Q9C8K2,PS00211,168,182
Q0GA42,PS51846,218,414
Q0GA42,PS51371,433,495
Q0GA42,PS51371,502,568
Q9EPU5,PS50050,90,131
Q9EPU5,PS00652,91,133
Q9EPU5,PS50017,415,498
Q39033,PS50007,103,248
Q39033,PS50008,346,432
Q39033,PS50004,434,563
E9PZ19,PS50835,30,115
E9PZ19,PS50835,139,226
E9PZ19,PS50835,228,320
E9PZ19,PS50835,324,415
E9PZ19,PS00092,415,421
E9PZ19,PS50835,420,504
E9PZ19,PS50853,512,604
E9PZ19,PS50853,614,708
P63137,PS00236,160,174
O88575,PS50267,47,626
O88575,PS00610,72,86
O88575,PS00754,155,175
Q9FG74,PS50011,109,446
Q9FG74,PS00108,230,242
Q9NRM0-2,PS50850,31,474
Q9NRM0-2,PS00217,144,169
Q9NRM0-2,PS00216,342,358
P50077,PS50222,1787,1822
Q1XA76,PS01206,304,324
O48682,PS51444,303,738
Q9C5Y0,PS50004,1,154
Q9C5Y0,PS50035,368,403
Q9C5Y0,PS50035,713,740
P35462,PS50262,46,383
P35462,PS00237,116,132
Q6PE84,PS01270,160,188
O75509,PS50050,90,131
O75509,PS00652,91,133
O75509,PS50017,415,498
Q3E8W4,PS50011,521,794
Q3E8W4,PS00107,527,550
Q3E8W4,PS00108,641,653
P20353,PS51882,33,355
Q01896,PS00154,369,375
C0LGP9,PS51450,126,148
C0LGP9,PS51450,150,172
C0LGP9,PS51450,174,197
C0LGP9,PS51450,198,220
C0LGP9,PS51450,222,242
C0LGP9,PS51450,247,268
C0LGP9,PS51450,271,294
C0LGP9,PS51450,319,342
C0LGP9,PS51450,343,365
C0LGP9,PS50011,488,773
O60741,PS50042,475,581
O60741,PS00888,502,518
Q8MPP3,PS00142,254,263
Q8MPP3,PS51642,513,561
Q8MPP3,PS51642,565,610
Q8MPP3,PS51642,612,659
Q8MPP3,PS51642,660,707
P47871,PS50227,42,125
P47871,PS00649,58,82
P47871,PS50261,141,404
P47871,PS00650,392,407
P13587,PS00154,369,375
Q9FII5,PS50011,719,1001
Q9FII5,PS00107,725,748
Q9FII5,PS00108,848,860
O13928,PS51420,7,182
P23977,PS50267,59,584
P23977,PS00610,84,98
P23977,PS00754,166,186
Q8NAC3,PS51534,583,735
P22732,PS50850,21,464
P22732,PS00217,134,159
P22732,PS00216,332,348
P19156,PS00154,386,392
Q63803,PS51882,789,1144
P48181,PS00236,155,169
P48180,PS00236,147,161
Q99PI8,PS51450,58,79
Q99PI8,PS51450,82,103
Q99PI8,PS51450,106,128
Q99PI8,PS51450,131,152
Q99PI8,PS51450,155,176
Q99PI8,PS51450,179,200
Q99PI8,PS51450,203,224
Q99PI8,PS51450,227,248
Q9VVT2,PS01271,513,529
C0LGS2,PS50011,841,1123
C0LGS2,PS00108,962,974
Q9UBL9,PS01212,259,285
O64825,PS50835,81,153
O64825,PS51782,119,165
O64825,PS51782,186,231
O64825,PS50011,283,601
Q12466,PS51847,172,375
Q12466,PS50004,366,487
Q12466,PS50004,512,636
Q12466,PS50004,640,757
Q12466,PS50004,976,1094
Q8JZW5,PS50001,218,314
Q99P47,PS50022,33,179
Q99P47,PS01285,71,100
Q99P47,PS01286,161,179
Q99P47,PS50025,185,366
Q99P47,PS50025,372,549
Q99P47,PS50026,551,588
Q99P47,PS51406,587,638
Q99P47,PS50025,795,960
Q99P47,PS50026,961,999
Q99P47,PS50025,1017,1204
Q91Y77,PS50850,291,514
P51681,PS50262,47,297
P51681,PS00237,114,130
Q9ERB5,PS50850,45,671
Q9ERB5,PS51465,473,528
B9DFG5,PS50011,113,395
B9DFG5,PS00107,119,142
B9DFG5,PS00109,241,253
P31649,PS50267,31,558
P31649,PS00610,56,70
P31649,PS00754,139,159
P08909,PS50262,71,370
P08909,PS00237,141,157
P08908,PS50262,53,400
P08908,PS00237,122,138
P31646,PS50267,31,558
P31646,PS00610,56,70
P31646,PS00754,139,159
Q07436,PS50057,26,399
Q925P2,PS50835,158,234
Q925P2,PS50835,239,319
Q925P2,PS50835,327,411
Q9SXB8,PS50927,32,157
Q9SXB8,PS50948,349,435
Q9SXB8,PS50011,524,810
Q9SXB8,PS00108,645,657
Q9VWS4,PS50050,99,137
D7SFH9,PS51704,51,353
D7SFH9,PS51704,369,670
D7SFH9,PS50011,805,1094
D7SFH9,PS00107,811,833
D7SFH9,PS00108,924,936
P34082-2,PS50835,31,131
P34082-2,PS50835,152,223
P34082-2,PS50835,230,318
P34082-2,PS50835,323,423
P34082-2,PS50835,428,520
P34082-2,PS50853,524,622
P34082-2,PS50853,638,738
Q9LSI9,PS50011,307,578
Q64264,PS50262,53,400
Q64264,PS00237,122,138
Q9LX66,PS50011,485,758
Q9LX66,PS00107,491,513
Q9LX66,PS00108,605,617
P09483,PS00236,163,177
P32791,PS51257,1,29
P32791,PS51384,399,522
Q60943,PS51534,379,537
Q8VYM2,PS50850,24,507
Q9FKW4,PS50011,62,322
Q9FKW4,PS00107,68,91
Q9FKW4,PS00108,184,196
Q9FKW4,PS50222,365,400
Q9FKW4,PS00018,378,390
Q9FKW4,PS50222,402,437
Q9FKW4,PS00018,415,427
Q9FKW4,PS50222,444,479
Q9FKW4,PS00018,457,469
Q9FKW4,PS50222,482,509
Q9FKW4,PS00018,487,499
Q45R42,PS51450,75,96
Q45R42,PS51450,99,120
Q45R42,PS51450,123,144
Q45R42,PS51450,147,168
Q45R42,PS51450,196,217
Q45R42,PS51450,218,239
Q45R42,PS51450,266,287
Q45R42,PS50835,352,441
Q18297,PS50297,49,660
Q18297,PS50088,83,115
Q18297,PS50088,173,205
Q18297,PS50088,206,238
Q18297,PS50088,311,343
Q18297,PS50088,378,410
Q18297,PS50088,473,505
Q18297,PS50088,540,572
Q18297,PS50088,573,605
Q18297,PS50088,605,637
Q9ZUJ5,PS00546,117,124
Q9ZUJ5,PS00142,267,276
Q8R183,PS50835,16,112
P90920,PS51450,105,126
P90920,PS51450,127,148
P90920,PS51450,151,172
P90920,PS51450,176,197
P90920,PS51450,200,221
P90920,PS51450,224,245
P90920,PS51450,248,269
P90920,PS51450,272,293
P90920,PS51450,294,315
P90920,PS51450,318,339
P90920,PS51450,342,363
P90920,PS51450,366,387
P90920,PS51450,390,411
P90920,PS51450,414,435
Q9NSD5,PS50267,31,558
Q9NSD5,PS00610,56,70
Q9NSD5,PS00754,139,159
O88420,PS00878,1232,1250
O88420,PS50096,1893,1922
P33766,PS50262,51,312
P33766,PS00237,119,135
Q401N2,PS00236,157,171
P28334,PS50262,62,365
P28334,PS00237,131,147
P28335,PS50262,70,368
P28335,PS00237,140,156
P23291,PS50011,69,353
P23291,PS00107,75,98
P23291,PS00108,184,196
P23292,PS50011,76,360
P23292,PS00107,82,105
P23292,PS00108,191,203
P58418,PS51257,1,20
Q07800,PS50969,253,411
P48764,PS00678,354,368
O14804,PS50262,51,305
O14804,PS00237,120,136
O14804,PS00599,235,244
Q8H1G6,PS50011,68,350
Q8H1G6,PS00107,74,96
Q8H1G6,PS00109,196,208
B5X0E4,PS50929,51,351
B5X0E4,PS50893,387,623
B5X0E4,PS00211,526,540
B5X0E4,PS50929,694,981
B5X0E4,PS50893,1016,1254
B5X0E4,PS00211,1157,1171
Q9NY25,PS50041,78,184
Q9ZPS9,PS51450,153,175
Q9ZPS9,PS51450,178,200
Q9ZPS9,PS51450,205,228
Q9ZPS9,PS51450,229,251
Q9ZPS9,PS51450,253,275
Q9ZPS9,PS51450,278,299
Q9ZPS9,PS51450,302,323
Q9ZPS9,PS51450,327,349
Q9ZPS9,PS51450,376,398
Q9ZPS9,PS51450,400,422
Q9ZPS9,PS51450,448,470
Q9ZPS9,PS51450,496,518
Q9ZPS9,PS51450,520,542
Q9ZPS9,PS51450,612,634
Q9ZPS9,PS51450,636,658
Q9ZPS9,PS51450,660,682
Q9ZPS9,PS51450,684,706
Q9ZPS9,PS50011,838,1129
Q9ZPS9,PS00107,844,867
Q9ZPS9,PS00108,962,974
P54144,PS01219,198,223
Q06991,PS51257,1,25
Q06991,PS01346,74,90
P11169,PS50850,13,454
P11169,PS00217,126,151
P11169,PS00216,322,338
Q9LK35,PS51257,1,16
Q9LK35,PS50011,510,783
Q9LK35,PS00107,516,538
Q9LK35,PS00108,630,642
Q8TF71,PS50850,287,515
Q9MAB9,PS50053,8,74
P49145,PS50262,55,356
P49145,PS00237,124,140
Q6YHK3,PS00477,918,926
P43298,PS51450,89,111
P43298,PS51450,112,133
P43298,PS51450,136,157
P43298,PS51450,233,255
P43298,PS51450,256,277
P43298,PS51450,280,301
P43298,PS51450,411,433
P43298,PS50011,588,869
P43298,PS00107,594,626
P43298,PS00108,713,725
P40528,PS51382,1,303
P40528,PS51380,606,815
P15530,PS50835,73,132
P15530,PS51055,184,212
Q9N2J4,PS00221,76,84
O14654,PS50003,78,199
O14654,PS51064,231,335
Q9QUK6,PS00159,224,233
Q9QUK6,PS50104,670,813
Q9HC97,PS50262,37,276
Q9HC97,PS00237,102,118
O60669,PS50850,19,436
P58295,PS50267,192,744
P58295,PS00610,217,231
P58295,PS00754,299,319
P58295,PS00923,506,515
C6KFA3,PS01180,41,149
C6KFA3,PS51828,154,355
C6KFA3,PS50221,658,840
C6KFA3,PS50261,851,1107
C6KFA3,PS00650,1095,1110
Q9SV84,PS00221,135,143
Q61327,PS50267,59,584
Q61327,PS00610,84,98
Q61327,PS00754,166,186
Q8TDS4,PS50262,44,294
Q8TDS4,PS00237,113,129
P31809,PS50835,147,234
P31809,PS50835,239,319
P31809,PS50835,323,411
P54244,PS00236,185,199
Q9XIE2,PS50893,171,444
Q9XIE2,PS50893,867,1119
P20905,PS50262,179,507
P20905,PS00237,248,264
P33533,PS50262,66,318
P33533,PS00237,134,150
P33534,PS50262,76,330
P33534,PS00237,144,160
C0LGG8,PS50011,669,950
C0LGG8,PS00108,791,803
Q9NRD9,PS50292,20,580
Q9NRD9,PS50222,815,850
Q9NRD9,PS00018,828,840
Q9NRD9,PS50222,851,886
Q9NRD9,PS00018,864,876
Q9NRD9,PS50222,895,930
Q9NRD9,PS51384,1270,1376
Q08722,PS50835,3,127
A2ARI4,PS51450,58,79
A2ARI4,PS51450,82,103
A2ARI4,PS51450,106,127
A2ARI4,PS51450,130,151
A2ARI4,PS51450,154,177
A2ARI4,PS51450,178,199
A2ARI4,PS51450,202,223
A2ARI4,PS51450,226,247
A2ARI4,PS51450,249,270
A2ARI4,PS51450,273,294
A2ARI4,PS51450,320,341
A2ARI4,PS51450,344,365
A2ARI4,PS51450,366,387
A2ARI4,PS51450,390,411
A2ARI4,PS51450,414,435
A2ARI4,PS50262,555,801
A2ARI4,PS00028,858,879
Q90240,PS52035,46,383
Q90240,PS00132,130,152
Q90240,PS00133,260,270
Q90240,PS52035,511,801
Q90240,PS00132,564,586
Q90240,PS00133,680,690
Q90240,PS52035,935,1220
Q9Y2C5,PS50850,39,485
P26362,PS50929,83,324
P26362,PS50893,424,647
P26362,PS00211,549,563
P26362,PS50929,869,1169
P26362,PS50893,1220,1453
O81905,PS50927,31,153
O81905,PS50948,347,428
O81905,PS50011,526,807
O81905,PS00107,532,554
O81905,PS00108,647,659
Q10133,PS51420,2,181
P97689,PS00079,279,299
Q9WTY4,PS00221,67,75
P53988,PS50850,20,435
G5EBR3,PS00236,191,205
Q6UXZ3,PS50835,13,125
Q01453,PS01221,18,42
Q01453,PS01222,66,82
C0LGU0,PS50011,357,639
Q9M1E2,PS00012,57,72
Q24372,PS50835,29,130
Q24372,PS50835,135,221
Q24372,PS50835,226,317
P16581,PS50041,19,139
P16581,PS00615,111,138
P16581,PS50026,139,175
P16581,PS00022,163,174
P16581,PS01186,163,174
P16581,PS50923,178,239
P16581,PS50923,240,301
P16581,PS50923,315,364
P16581,PS50923,378,427
P16581,PS50923,441,490
P16581,PS50923,491,549
P18434,PS00390,17,37
P18434,PS00391,149,164
Q9LSE1,PS50011,74,354
Q9LSE1,PS00107,80,102
Q9LSE1,PS00108,196,208
P47735,PS51450,90,112
P47735,PS51450,115,137
P47735,PS51450,140,161
P47735,PS51450,164,186
P47735,PS51450,213,236
P47735,PS51450,237,259
P47735,PS51450,285,307
P47735,PS51450,308,330
P47735,PS51450,332,353
P47735,PS51450,380,402
P47735,PS51450,404,427
P47735,PS51450,452,474
P47735,PS51450,500,523
P47735,PS51450,524,546
P47735,PS51450,548,569
P47735,PS51450,571,593
P47735,PS50011,683,968
P47735,PS00107,689,712
P47735,PS00108,815,827
P42287,PS50026,179,224
P42287,PS00022,212,223
Q24008,PS50106,17,106
Q24008,PS50106,249,332
Q24008,PS50106,364,448
Q24008,PS50106,489,552
Q24008,PS50106,584,664
C0LGN2,PS50011,672,949
C0LGN2,PS00108,794,806
P10644,PS50042,137,252
P10644,PS00888,164,180
P10644,PS00889,200,217
P10644,PS50042,255,376
P10644,PS00888,282,298
P10644,PS00889,324,341
Q9M6N7,PS01219,180,205
P31389,PS50262,53,469
P31389,PS00237,122,138
Q8VGC3,PS50002,110,179
Q9GL65,PS51257,1,20
Q9GL65,PS51450,55,76
Q9GL65,PS51450,79,100
Q9GL65,PS51450,103,124
Q9GL65,PS51450,151,172
Q9GL65,PS51450,176,197
Q9GL65,PS51450,205,225
Q9GL65,PS51450,374,394
Q9GL65,PS51450,400,422
Q9GL65,PS51450,423,444
Q9GL65,PS51450,497,518
Q9GL65,PS51450,521,542
Q9GL65,PS51450,545,568
Q9GL65,PS51450,570,591
Q9GL65,PS50104,673,816
Q9H5Y7,PS51257,1,15
Q9H5Y7,PS51450,113,134
Q9H5Y7,PS51450,137,158
Q9H5Y7,PS51450,161,182
Q9H5Y7,PS51450,184,205
Q9H5Y7,PS51450,388,409
Q9H5Y7,PS51450,412,433
Q9H5Y7,PS51450,436,457
Q9H5Y7,PS51450,460,481
Q9H5Y7,PS51450,483,504
Q9XIC7,PS50011,305,592
Q9XIC7,PS00107,311,333
Q9XIC7,PS00108,428,440
Q9VJN5,PS51915,10,82
Q9VJN5,PS50157,271,299
Q9VJN5,PS00028,273,294
Q9VJN5,PS50157,300,327
Q9VJN5,PS00028,302,322
Q9VJN5,PS00028,328,350
Q9VJN5,PS50157,328,355
Q9VJN5,PS50157,355,382
Q9VJN5,PS00028,357,377
Q9VJN5,PS50157,383,410
Q9VJN5,PS00028,385,405
Q9VJN5,PS50157,411,434
Q9VJN5,PS00028,413,434
Q9SZ11,PS51704,44,344
Q9SZ11,PS51704,360,661
O44783,PS51227,380,499
A8R7E6,PS51782,168,211
A8R7E6,PS50011,322,594
A8R7E6,PS00107,328,350
A8R7E6,PS00108,437,449
Q9WVT0,PS01186,116,129
Q9WVT0,PS50024,163,271
Q9WVT0,PS50835,268,366
Q9WVT0,PS50835,367,464
Q9WVT0,PS50835,469,559
Q9WVT0,PS50221,842,1006
Q9WVT0,PS50261,1015,1273
Q9WVT0,PS00650,1261,1276
Q9ESC1,PS50026,18,56
Q9ESC1,PS01186,41,55
Q9ESC1,PS01187,57,82
Q9ESC1,PS50026,57,94
Q9ESC1,PS00010,73,84
Q9ESC1,PS01187,107,132
Q9ESC1,PS50026,107,144
Q9ESC1,PS00010,123,134
Q9ESC1,PS50221,292,467
Q9ESC1,PS50261,475,716
Q9ESC1,PS00650,704,719
Q8NFA2-3,PS50195,1,126
Q8NFA2-3,PS50002,158,220
Q8NFA2-3,PS50002,232,291
O14842,PS50262,22,276
Q21929,PS00061,143,171
P36021,PS50850,320,539
P27922,PS50267,59,582
P27922,PS00610,84,98
P27922,PS00754,166,186
Q3UV74,PS52047,421,454
Q3UV74,PS00022,442,453
Q3UV74,PS01186,442,455
Q3UV74,PS52047,455,507
Q3UV74,PS00243,478,491
Q3UV74,PS52047,508,546
Q3UV74,PS00243,521,536
Q3UV74,PS00022,534,545
Q3UV74,PS01186,534,547
Q3UV74,PS52047,547,585
Q3UV74,PS00243,562,575
Q3UV74,PS01186,573,584
Q9SCT4,PS50011,537,808
Q7K4Y6,PS50267,26,584
Q7K4Y6,PS00610,51,65
Q7K4Y6,PS00754,134,154
Q9Y345,PS50267,190,742
Q9Y345,PS00610,215,229
Q9Y345,PS00754,297,317
Q9Y345,PS00923,504,513
Q9WTU3,PS00878,1232,1250
Q9WTU3,PS50096,1893,1922
Q5T3U5,PS50929,286,563
Q5T3U5,PS50893,598,824
Q5T3U5,PS00211,726,740
Q5T3U5,PS50929,886,1210
Q5T3U5,PS50893,1246,1479
Q5T3U5,PS00211,1382,1396
Q38890,PS60032,156,173
Q38890,PS00592,489,515
Q38890,PS00698,559,577
Q07824,PS50850,148,586
P38360,PS50846,410,477
P38360,PS00154,903,909
O15146,PS00228,1,4
O15146,PS50835,28,116
O15146,PS50835,121,205
O15146,PS50835,212,302
O15146,PS50038,312,450
O15146,PS50011,575,856
O15146,PS00107,581,609
O15146,PS00109,721,733
Q16832,PS50022,30,185
Q16832,PS01285,71,104
Q16832,PS01286,168,185
Q16832,PS50011,563,849
Q16832,PS00109,706,718
Q16832,PS00239,734,742
Q8MKK4,PS50850,31,458
Q8MKK4,PS00216,89,106
Q8MKK4,PS00217,131,156
Q8MKK4,PS00216,322,338
P33302,PS50893,161,410
P33302,PS00211,309,323
P33302,PS50893,869,1112
P37091,PS01206,390,410
Q01959,PS50267,59,585
Q01959,PS00610,84,98
Q01959,PS00754,166,186
Q9JM59,PS50222,140,175
Q9JM59,PS00018,153,165
Q9JM59,PS50222,176,211
Q9JM59,PS00018,189,201
Q9JM59,PS50222,224,259
Q9JM59,PS00018,237,249
Q8N4T4,PS50010,22,197
Q8N4T4,PS50003,227,331
P35374,PS50262,61,318
P35374,PS00237,130,146
Q92854,PS51004,19,500
Q92854,PS50835,554,636
P51865,PS50026,67,91
P51865,PS00022,79,90
Q9HBA0-5,PS50088,203,235
Q9HBA0-5,PS50297,203,358
Q21219,PS01022,102,126
Q21219,PS01023,185,197
P50080,PS50850,69,608
P46720,PS50850,22,627
P46720,PS51465,433,488
Q9M9E1,PS50893,154,427
Q9M9E1,PS50893,825,1077
P08646,PS51421,1,189
P21462,PS50262,43,301
P21462,PS00237,111,127
Q9VFI9,PS50813,231,400
Q9VFI9,PS50813,414,613
Q9VFI9,PS51845,642,965
Q9VFI9,PS00126,758,769
Q9LPZ9,PS50927,22,145
Q9LPZ9,PS50948,340,423
Q9LPZ9,PS50011,512,798
Q9LPZ9,PS00107,518,540
Q9LPZ9,PS00108,633,645
Q9NR22,PS51678,73,394
Q9NR22,PS00329,115,128
P30372,PS50262,43,440
P30372,PS00237,112,128
Q84VQ3,PS50011,13,268
Q84VQ3,PS00107,19,42
Q84VQ3,PS00108,132,144
Q84VQ3,PS50816,306,330
Q9UU99,PS50191,675,828
Q9R007,PS50041,80,186
Q9UQD0,PS00878,1234,1252
Q9UQD0,PS50096,1895,1924
Q8IYR6,PS50026,73,104
Q8IYR6,PS51465,98,145
Q8IYR6,PS51465,189,237
Q8IYR6,PS50026,271,311
Q8IYR6,PS00022,299,310
Q8IYR6,PS01186,299,310
Q9CAT6,PS50850,89,515
Q9P296,PS50262,52,291
P34975,PS50262,76,330
P34975,PS00237,144,160
Q9FRS6,PS50011,714,1007
Q9FRS6,PS00108,850,862
Q0DJ33,PS51882,38,380
Q42400,PS00063,111,126
Q5SQ64,PS50835,14,108
Q95Q39,PS50026,34,68
Q95Q39,PS00022,56,67
Q95Q39,PS01186,56,71
Q95Q39,PS51670,71,108
Q6RI86,PS50297,63,580
Q6RI86,PS50088,98,130
Q6RI86,PS50088,165,197
Q6RI86,PS50088,239,271
Q6RI86,PS50088,309,341
Q6RI86,PS50088,342,374
Q6RI86,PS50088,413,445
Q6RI86,PS50088,446,478
Q6RI86,PS00018,469,481
Q6RI86,PS50088,482,507
Q6RI86,PS50088,548,580
D0Q0Y7,PS01340,29,43
P38084,PS00218,124,155
Q9WV38,PS50850,20,463
Q9WV38,PS00217,133,158
Q9WV38,PS00216,331,347
Q8K480,PS01180,150,259
Q8K480,PS50068,265,301
Q8K480,PS01209,278,300
Q8K480,PS01180,307,420
Q8K480,PS50038,466,584
Q9LRP3,PS50011,154,433
Q9LRP3,PS00107,160,183
Q9LRP3,PS00108,276,288
Q9ER63,PS00652,38,72
Q9ER63,PS50050,74,114
Q9ER63,PS00652,75,116
Q9ER63,PS00652,114,155
Q9ER63,PS50050,115,155
Q8VDB9,PS51257,1,18
Q8VDB9,PS50267,4,583
Q8VDB9,PS00610,29,43
Q8VDB9,PS00754,112,132
Q62668,PS00079,352,372
Q27218,PS00236,163,177
Q62178,PS51004,36,494
D4A6D8,PS51450,66,87
D4A6D8,PS51450,90,111
D4A6D8,PS51450,114,135
D4A6D8,PS51450,138,159
D4A6D8,PS51450,162,183
D4A6D8,PS51450,186,207
D4A6D8,PS51450,210,230
D4A6D8,PS51450,257,278
D4A6D8,PS51450,281,302
Q6S5L9,PS01179,186,349
Q6S5L9,PS50001,522,613
Q9Y3Q4,PS00227,110,116
Q9Y3Q4,PS50042,595,710
Q9Y3Q4,PS00888,622,638
Q6VB83,PS50262,39,344
Q6VB83,PS00237,108,124
P18872,PS51882,32,354
P35404,PS50262,65,367
P35404,PS00237,134,150
Q8R4I7,PS01180,41,155
Q8R4I7,PS01180,172,287
Q8R4I7,PS50068,291,327
Q8R4I7,PS01209,304,326
O00481,PS50835,26,139
O00481,PS50835,164,236
O00481,PS50188,322,513
Q8BIK6,PS50024,92,220
Q8BIK6,PS01180,233,346
Q8BIK6,PS01180,351,428
Q8BIK6,PS50068,469,505
Q8BIK6,PS01209,482,504
Q8BIK6,PS50068,544,581
Q8BIK6,PS50240,592,826
Q8BIK6,PS00134,628,633
Q8BIK6,PS00135,770,781
Q12675,PS00154,712,718
Q12675,PS00572,1339,1347
Q6PAJ1,PS50010,497,690
Q6PAJ1,PS00741,638,663
Q6PAJ1,PS50003,707,865
Q6PAJ1,PS50004,892,1019
Q6PAJ1,PS50238,1053,1247
Q9QXZ9,PS50262,86,347
Q9QXZ9,PS00237,155,171
Q9QXZ9,PS00238,331,347
P61837,PS00221,112,120
Q9HBW9,PS50026,18,57
Q9HBW9,PS01186,42,56
Q9HBW9,PS01187,58,84
Q9HBW9,PS50026,58,96
Q9HBW9,PS00010,75,86
Q9HBW9,PS00018,153,165
Q9HBW9,PS50221,244,419
Q9HBW9,PS50261,427,668
Q9HBW9,PS00650,656,671
Q9LRB7,PS50089,134,176
A8J6J0,PS00053,459,476
A8J6J0,PS50801,542,664
Q9SQH9,PS01219,202,227
P18507,PS00236,190,204
O44827,PS50850,49,495
O44827,PS00217,162,187
P18508,PS00236,189,203
P41597,PS50262,59,305
P41597,PS00237,126,142
Q9C757,PS50850,31,545
Q9C757,PS00217,130,155
Q9C757,PS00213,177,190
Q9C757,PS00216,331,347
Q99572,PS01212,249,275
O54709,PS50041,122,228
Q96LA5,PS50835,109,187
Q96LA5,PS50835,201,290
Q96LA5,PS50835,300,387
Q5DID3,PS51041,34,107
Q5DID3,PS51390,115,159
Q5DID3,PS01187,265,292
Q5DID3,PS50026,265,306
Q5DID3,PS50853,307,391
Q5DID3,PS50024,389,503
Q5DID3,PS01187,500,527
Q5DID3,PS50026,500,545
Q5DID3,PS00010,518,529
Q5DID3,PS50853,709,795
Q5DID3,PS50024,792,904
Q5DID3,PS01187,901,926
Q5DID3,PS50026,901,945
Q5DID3,PS00010,917,928
Q5DID3,PS51034,995,1238
P30546,PS50262,45,472
P30546,PS00237,114,130
O43000,PS50850,32,514
Q9LFS4,PS50011,312,593
Q9LFS4,PS00107,318,340
Q9LFS4,PS00108,431,443
P01730,PS50835,20,119
Q9LX93,PS50089,135,177
Q8K4C2-4,PS51534,481,630
Q8K4C2-1,PS51534,472,621
Q8K4C2-5,PS51534,487,636
O57579,PS00142,383,392
Q98998,PS50262,47,386
Q98998,PS00237,116,132
P91682,PS50038,85,206
P91682,PS50261,256,520
A5LGM7,PS50850,46,473
A5LGM7,PS00216,104,121
A5LGM7,PS00217,146,171
Q9ULT6,PS50089,293,334
P38227,PS50850,109,673
Q6P4Q7,PS51846,178,358
Q6P4Q7,PS51371,377,438
Q6P4Q7,PS51371,445,511
Q6P4Q7,PS50042,575,652
Q9FMD7,PS50011,343,613
P09581,PS50835,21,85
P09581,PS50835,104,188
P09581,PS50835,203,294
P09581,PS50835,400,500
P09581,PS50011,580,914
P09581,PS00107,586,614
P09581,PS00240,639,652
P09581,PS00109,772,784
A1Z6W3,PS51303,515,623
A1Z6W3,PS50023,622,686
A1Z6W3,PS00478,624,663
A1Z6W3,PS50023,687,747
A1Z6W3,PS00478,689,723
A1Z6W3,PS50023,748,810
A1Z6W3,PS00028,749,771
Q9JKF6,PS50835,26,141
Q9JKF6,PS50835,247,334
O80623,PS50011,487,761
O80623,PS00107,493,515
O80623,PS00108,608,620
P31321,PS50042,137,252
P31321,PS00888,164,180
P31321,PS00889,200,217
P31321,PS50042,255,376
P31321,PS00888,282,298
P31321,PS00889,324,341
Q09914,PS51420,1,179
Q9EPX4,PS50262,48,304
Q5DRK1,PS01238,163,178
Q9Z1F2,PS50283,25,501
Q9D659,PS50835,46,147
Q38868,PS50011,91,349
Q38868,PS00107,97,120
Q38868,PS00108,211,223
Q38868,PS50222,392,427
Q38868,PS00018,405,417
Q38868,PS50222,428,463
Q38868,PS00018,441,453
Q38868,PS50222,464,499
Q38868,PS00018,477,489
Q38868,PS50222,500,534
Q38868,PS00018,512,524
P21709,PS51550,27,209
P21709,PS00790,185,205
P21709,PS00791,249,269
P21709,PS01186,262,277
P21709,PS50853,332,445
P21709,PS50853,447,538
P21709,PS50011,624,884
P21709,PS00107,630,656
P21709,PS00109,745,757
P21709,PS50105,913,976
A5X5Y0,PS00236,162,176
O88704,PS50042,464,570
O88704,PS00888,491,507
E7FBY6,PS51450,73,94
E7FBY6,PS51450,97,118
E7FBY6,PS51450,121,142
E7FBY6,PS51450,145,166
E7FBY6,PS50835,230,332
E7FBY6,PS50227,326,409
E7FBY6,PS50221,574,730
E7FBY6,PS50261,737,925
Q8RY65,PS50011,312,567
Q8RY65,PS00107,318,340
Q8RY65,PS00108,431,443
P43427,PS50850,12,463
P43427,PS00217,133,158
P43427,PS00216,331,347
Q9Y2I2,PS51117,46,296
Q9Y2I2,PS50027,297,356
Q9Y2I2,PS00022,315,326
Q9Y2I2,PS50027,364,419
Q9Y2I2,PS01248,384,420
Q9Y2I2,PS50027,420,469
Q9Y2I2,PS00022,438,449
Q9Y2I2,PS50026,463,498
Q9Y2I2,PS00022,486,497
Q9DBI0,PS50024,86,209
Q9DBI0,PS01180,335,452
Q9DBI0,PS50068,457,490
Q9DBI0,PS50068,490,526
Q9DBI0,PS01209,503,525
Q9DBI0,PS50068,530,567
Q9DBI0,PS01209,543,568
Q9DBI0,PS50240,577,811
Q9DBI0,PS00134,613,618
Q9DBI0,PS00135,756,767
Q9UNG2,PS50049,69,192
O08890,PS50262,40,347
O08890,PS00237,109,125
P20594,PS00458,98,115
P20594,PS50011,513,786
P20594,PS50125,861,991
P20594,PS00452,968,991
P85171,PS50835,24,123
P85171,PS00699,29,36
P85171,PS50835,132,230
P85171,PS50835,240,323
P85171,PS50835,338,432
P85171,PS50835,440,534
P85171,PS50835,539,632
P85171,PS50853,644,744
P85171,PS50060,752,919
Q9Y2I9,PS50086,249,457
P51864,PS00022,95,106
Q8IYJ3,PS50916,31,87
Q8IYJ3,PS00152,230,239
Q8IYJ3,PS50004,266,385
Q8IYJ3,PS50004,398,527
P12318,PS50835,39,118
P12318,PS50835,122,204
O22267,PS50109,402,671
O22267,PS50110,987,1120
A3BI11,PS00430,1,62
Q6F6B3,PS50297,886,1260
Q6F6B3,PS50088,957,989
Q6F6B3,PS50088,1068,1100
Q6F6B3,PS50088,1101,1133
Q6F6B3,PS50088,1134,1166
Q6F6B3,PS50088,1167,1199
Q6F6B3,PS50088,1200,1232
Q6F6B3,PS50005,1279,1312
Q6F6B3,PS50293,1279,1393
Q6F6B3,PS50005,1326,1359
Q6F6B3,PS50005,1360,1393
Q9UIB8,PS50835,135,207
Q8RWZ5,PS50927,33,148
Q8RWZ5,PS50011,493,768
Q8RWZ5,PS00107,499,522
Q8RWZ5,PS00108,614,626
Q96LA6,PS50835,3,104
Q96LA6,PS50835,109,200
Q96LA6,PS50835,208,291
P53283,PS50850,172,614
Q8QFP9,PS50835,7,114
Q8QFP9,PS00290,101,107
Q8QFP9,PS50835,125,205
Q8QFP9,PS50853,213,306
Q8QFP9,PS50853,311,401
Q8QFP9,PS50011,503,774
Q8QFP9,PS00107,509,535
Q8QFP9,PS00109,636,648
Q9D1N2,PS00983,62,113
Q8WXA8,PS00236,162,176
Q96BF3,PS50835,4,129
Q7PIR5,PS50850,335,762
Q7PIR5,PS00216,393,410
Q7PIR5,PS00217,435,460
Q9SYQ8,PS50011,692,968
Q9SYQ8,PS00108,813,825
Q21441,PS50067,15,326
Q9BZL4,PS50088,100,132
Q9BZL4,PS50297,100,300
Q9BZL4,PS50088,133,165
Q9BZL4,PS50088,226,258
Q9BZL4,PS50088,259,291
O16785,PS50021,99,206
O16785,PS50021,266,373
P39976,PS01258,60,71
P39976,PS51387,64,243
P20936,PS50001,181,272
P20936,PS50002,279,341
P20936,PS50001,351,441
P20936,PS50003,474,577
P20936,PS50004,577,690
P20936,PS50018,764,974
P20936,PS00509,898,912
Q49A88,PS00196,232,247
P40558,PS01215,128,144
P40559,PS50275,151,480
P40559,PS52082,522,827
Q42539,PS01279,147,162
Q98SP8,PS50102,11,89
Q98SP8,PS50102,99,175
Q98SP8,PS50102,191,268
Q98SP8,PS50102,294,370
Q98SP8,PS51309,539,616
Q9XVI9,PS50222,2,37
Q9XVI9,PS50222,75,110
Q86AV6,PS00480,324,336
P38174,PS01202,189,205
Q07963,PS51157,96,172
Q6PDX6,PS50089,514,553
P70569,PS51844,8,60
P70569,PS51456,69,763
P70569,PS50096,767,795
P70569,PS50096,789,818
P70569,PS50096,814,840
P70569,PS50096,838,866
P70569,PS50096,862,888
P70569,PS50096,885,914
P70569,PS51126,1524,1801
P21672,PS51161,1,92
P21672,PS00089,585,607
Q12525,PS50970,6,320
Q84TG3,PS51698,11,86
O94354,PS00564,11,19
O94354,PS00565,118,129
Q12834,PS50294,197,480
Q12834,PS50082,222,263
Q12834,PS50082,305,336
Q12834,PS00678,373,387
Q12834,PS50082,439,470
P13693,PS51797,1,172
P13693,PS01002,48,58
P13693,PS01003,129,151
Q9USS2,PS50011,25,310
Q9USS2,PS00108,159,171
Q8S895,PS00101,229,257
Q6TY21,PS50102,93,170
Q9DAK8,PS51450,49,71
Q9DAK8,PS51450,80,101
Q9DAK8,PS51450,103,124
Q9DAK8,PS51450,128,149
Q8W035,PS01012,159,174
Q93015,PS51186,60,207
Q9P7Y8,PS50003,583,688
Q84P53,PS00600,251,288
Q7TN29,PS50115,13,139
Q5BKC6,PS51184,124,288
Q6WCQ1,PS50003,43,150
Q6WCQ1,PS50003,387,483
O14305,PS50011,9,260
O14305,PS00107,15,38
Q8R512,PS51399,224,288
Q8R512,PS50033,386,463
Q9M2K0,PS51844,6,55
Q9M2K0,PS51456,60,729
Q9M2K0,PS50096,755,784
Q9M2K0,PS50096,780,809
Q9M2K0,PS50096,803,832
Q9M2K0,PS50096,828,853
Q969U6,PS50181,9,49
Q969U6,PS50082,88,120
Q969U6,PS50294,88,129
Q969U6,PS50082,506,538
Q969U6,PS50294,506,548
Q8VD46,PS50297,45,234
Q8VD46,PS50088,78,110
Q8VD46,PS50088,148,180
Q8VD46,PS50088,181,213
P39714,PS00059,72,86
O13828,PS51462,94,227
O13828,PS00893,128,149
Q96HU1,PS50086,114,305
Q96HU1,PS50002,480,539
Q96HU1,PS50826,555,718
Q08168,PS50293,113,214
Q04439,PS51456,36,715
Q04439,PS51757,771,961
Q04439,PS50002,1085,1147
O54988,PS50011,34,292
O54988,PS00107,40,63
O54988,PS00108,151,163
O54988,PS50151,873,908
Q9P219,PS50021,11,131
Q6ZVX7,PS51114,95,273
P52013,PS50072,32,189
P52013,PS00170,73,90
A1ZAJ2,PS50067,3,351
A1ZAJ2,PS00411,242,253
A1ZAJ2,PS50003,1537,1635
Q8BUM3,PS50055,97,349
Q8BUM3,PS50056,265,340
Q8BUM3,PS00383,288,298
Q969K4,PS50297,1,76
Q969K4,PS50088,35,67
Q969K4,PS50097,115,182
Q969K4,PS50097,272,346
Q42538,PS00101,238,266
O89106,PS51084,2,109
O89106,PS00892,83,101
P48643,PS00750,49,61
P48643,PS00751,70,86
P48643,PS00995,98,106
Q8NEM0,PS50172,1,93
Q8NEM0,PS50172,672,730
Q8NEM0,PS50172,751,833
Q05874,PS51560,1,261
P45441,PS51857,41,110
P45441,PS00352,55,74
Q8CDP0,PS52035,304,576
O74781,PS00178,150,161
Q8VCW2,PS51842,75,390
Q39160,PS51844,7,56
Q39160,PS51456,59,729
Q39160,PS50096,734,758
Q39160,PS50096,755,784
Q39160,PS50096,780,807
Q39160,PS50096,803,832
Q39160,PS50096,828,854
Q39160,PS50096,851,880
Q39160,PS51126,1148,1463
O60760,PS50404,2,79
O60760,PS50405,81,199
P24000,PS01073,8,25
Q54QV3,PS50011,205,548
Q54QV3,PS00107,211,234
Q54QV3,PS00634,289,321
Q54QV3,PS00108,328,340
Q9P7W4,PS50181,28,74
Q9P7W4,PS50294,213,260
Q9P7W4,PS50082,238,260
Q9P7W4,PS50330,581,600
Q9P7W4,PS50330,646,662
P21524,PS51161,1,92
P21524,PS00089,585,607
P21524,PS00237,690,706
P24706,PS00087,44,54
P24706,PS00332,141,152
O08919,PS01179,78,203
Q09760,PS50069,287,406
Q09760,PS50069,420,654
Q09760,PS01256,758,785
Q05580,PS00028,64,85
Q05580,PS50089,64,104
P41214,PS50890,93,173
P41214,PS51925,383,467
P41214,PS50296,491,564
Q8VIN1,PS01220,64,86
Q10113,PS50021,2,103
Q10113,PS51230,173,247
Q99MV5-2,PS52088,109,550
Q5FWU8,PS01360,385,421
Q5FWU8,PS50865,385,421
Q9HCR9,PS50813,199,371
Q9HCR9,PS50813,385,559
Q9HCR9,PS51845,588,912
Q9HCR9,PS00126,704,715
O43182,PS50238,401,602
Q9SLN5,PS52013,12,65
Q9SLN5,PS00680,302,320
O75563,PS50003,116,219
O75563,PS50002,297,358
Q05672,PS51061,26,88
Q5TBA9,PS00627,1749,1759
P0CX27,PS01172,63,74
P60709,PS00406,53,63
P60709,PS01132,104,116
P60709,PS00432,356,364
P0CX29,PS00055,62,69
P0CX28,PS01172,63,74
P33420,PS00845,34,65
P33420,PS50245,34,84
Q5VYS8,PS00028,246,268
Q5VYS8,PS50158,965,980
Q5VYS8,PS50158,1347,1361
Q5VYS8,PS50158,1452,1468
Q80VI1,PS50089,21,60
Q80VI1,PS00518,36,45
Q80VI1,PS50119,164,205
Q1W617,PS50106,10,92
Q1W617,PS00028,895,919
Q1W617,PS51307,1190,1469
O74414,PS51219,3,208
Q9LHH7,PS00766,82,107
Q9LHH7,PS00767,274,282
Q9BSW2,PS50222,84,119
Q9BSW2,PS00018,97,109
P14743,PS00975,167,175
P14743,PS00976,412,418
Q54SM3,PS50072,15,178
Q54SM3,PS00170,63,80
P83741,PS50011,221,479
P83741,PS00108,345,357
P83741,PS00093,1971,1976
Q0IH24,PS50021,7,115
Q9FQ04,PS50158,264,279
Q9BYP7,PS50011,147,405
Q9BYP7,PS00108,271,283
O42874,PS00501,277,284
O42870,PS50862,228,480
Q9VKK1,PS00678,384,398
P31265,PS51797,1,168
P31265,PS01002,45,55
P31265,PS01003,125,147
Q7G188,PS50021,123,240
Q7G188,PS00020,212,236
Q7G188,PS50021,268,371
Q7G188,PS50021,392,498
Q7G188,PS00020,470,494
Q7G188,PS50021,513,621
Q60854,PS00284,351,361
O74389,PS50172,180,251
P05933,PS50222,9,44
P05933,PS00018,22,34
P05933,PS50222,45,80
P05933,PS00018,58,70
P05933,PS50222,82,117
P05933,PS00018,95,107
P05933,PS50222,118,150
P05933,PS00018,131,143
O59763,PS50011,302,614
O59763,PS00107,308,331
O59763,PS00108,421,433
Q9LKB9,PS51844,8,57
Q9LKB9,PS51456,62,731
Q9LKB9,PS50096,736,763
Q9LKB9,PS50096,757,786
Q9LKB9,PS50096,782,811
Q9LKB9,PS50096,805,834
Q9LKB9,PS50096,830,859
Q9LKB9,PS50096,853,882
Q9LKB9,PS51126,1148,1452
P80456,PS51085,5,92
P80456,PS00197,44,52
P80456,PS51387,236,421
P80456,PS00559,802,837
O60229,PS50191,35,180
O60229,PS50010,1281,1456
O60229,PS50003,1468,1580
O60229,PS50002,1646,1711
O60229,PS50010,1928,2103
O60229,PS50003,2115,2225
O60229,PS50002,2320,2385
O60229,PS50835,2470,2563
O60229,PS50853,2570,2664
O60229,PS50011,2683,2937
O60229,PS00107,2689,2712
O60229,PS00108,2798,2810
O95932,PS00547,272,289
P78820,PS50979,68,577
P78820,PS50975,226,418
P78820,PS00866,257,271
P78820,PS00867,387,394
P78820,PS50968,704,778
P78820,PS00188,735,752
P78820,PS00216,1442,1459
P78820,PS50980,1524,1863
P78820,PS50989,1867,2181
Q9UTE4,PS51130,23,226
Q9UTE4,PS01236,62,72
P22987,PS50011,125,395
P22987,PS00107,131,154
P22987,PS00108,262,274
P22987,PS50032,842,891
P38760,PS50102,111,189
P38760,PS50102,199,267
P38760,PS50102,313,389
Q8SVC2,PS00113,81,92
Q8S905,PS50067,31,353
Q8S905,PS00411,251,262
P05062,PS00158,222,232
Q9Y295,PS51710,65,290
Q9Y295,PS00905,117,130
Q9Y295,PS51880,290,366
Q08AD1,PS50021,222,335
Q08AD1,PS51508,1349,1483
O94347,PS51383,11,313
O94347,PS01049,115,125
O42890,PS01164,383,396
O42890,PS01165,599,612
P51114,PS51641,4,50
P51114,PS51641,63,115
P51114,PS50084,218,279
P51114,PS50084,281,351
Q0WPN0,PS01175,792,816
Q9D5U9,PS51848,519,668
Q9P7X5,PS50011,21,317
Q9GT24,PS50011,13,249
Q9GT24,PS00107,19,41
Q9GT24,PS00109,127,139
Q9CZV8,PS50181,22,68
Q9CXF4,PS50086,329,539
Q8IWE5,PS50826,36,158
Q8IWE5,PS50003,771,873
Q8IWE5,PS00070,819,830
B0EXJ8,PS51683,16,355
P32452,PS51171,7,224
P32452,PS51671,244,322
Q07655,PS50102,533,625
Q6ULP2,PS00018,290,302
Q62871,PS50294,310,607
Q62871,PS50082,472,519
O45551,PS00813,65,88
Q8CH72,PS50089,21,66
Q8CH72,PS00518,40,49
Q8CH72,PS50119,96,139
Q8CH72,PS00028,113,134
Q8CH72,PS51125,360,403
Q8CH72,PS51125,417,460
Q8CH72,PS51125,466,501
Q8CH72,PS51125,564,607
Q8CH72,PS51125,618,648
Q9TW28,PS51844,4,55
Q9TW28,PS51456,59,886
Q9TW28,PS50096,889,916
Q9TW28,PS50010,1389,1572
Q9TW28,PS50003,1603,1714
O13781,PS00785,38,50
Q9UH77,PS50097,50,117
Q8TE68,PS50002,478,537
Q8TE67,PS50002,450,509
Q8BGE7,PS50089,15,60
Q8BGE7,PS00518,30,39
Q8BGE7,PS50119,92,133
Q8BGE7,PS50188,282,488
P62701,PS00528,8,22
P62701,PS50889,42,104
B2GUZ5,PS00748,196,204
B2GUZ5,PS00749,256,266
Q9NHD5,PS51186,6,155
O13819,PS51339,120,541
O13819,PS00383,340,350
P42772,PS50297,13,138
O42650,PS01245,261,272
O42650,PS00109,261,273
Q9GRF8,PS00825,205,216
Q9FK35,PS00113,115,126
Q66HS7,PS50106,9,84
Q66HS7,PS50023,290,349
Q66HS7,PS00478,292,325
Q14134,PS50119,220,260
Q9UPM9,PS51381,9,127
P52732,PS50067,18,359
P52732,PS00411,259,270
P46781,PS00632,106,130
P46781,PS50889,108,182
Q6EJ98,PS50097,55,123
Q6EJ98,PS50134,225,326
Q9V3D5,PS50011,198,494
Q9V3D5,PS00107,204,227
Q9V3D5,PS00108,320,332
Q7Z2B8,PS50222,8,43
Q7Z2B8,PS00018,21,33
Q7Z2B8,PS50222,79,114
Q7Z2B8,PS50222,115,147
Q12196,PS50011,76,402
Q12196,PS01245,240,251
Q4LB35,PS00435,185,195
Q4LB35,PS50972,465,724
Q4LB35,PS00793,500,513
Q9H227,PS00653,7,21
P22768,PS00564,9,17
P22768,PS00565,116,127
Q95QJ7,PS50877,424,445
P82289,PS00214,4,21
Q8N142,PS01266,40,47
Q8N142,PS00513,166,177
Q14008,PS50077,440,478
P0CX56,PS50159,17,146
P0CX56,PS00646,123,136
B2RY04,PS50002,8,69
B2RY04,PS51650,443,627
B2RY04,PS51651,1231,1642
F4JY37,PS50011,4,253
F4JY37,PS00108,117,129
Q9Y5P6,PS00101,256,284
Q8N1F8,PS51450,120,141
Q8N1F8,PS51450,175,196
Q8N1F8,PS51450,198,220
Q8N1F8,PS51450,221,242
Q8N1F8,PS51450,244,265
Q8N1F8,PS51450,266,287
Q8N1F8,PS51450,291,312
P38818,PS51611,1,585
P38818,PS50280,18,273
Q10322,PS50006,60,116
Q10322,PS50089,192,236
P14755,PS00067,189,213
P56932,PS01024,89,103
P56932,PS01025,180,194
Q4PSE4,PS50294,147,425
Q4PSE4,PS50082,164,205
Q4PSE4,PS50082,248,280
Q4PSE4,PS00678,318,332
Q4PSE4,PS50082,384,417
Q4PSE4,PS00678,403,417
O74774,PS51722,175,401
Q9CQ84,PS50053,1,76
Q9Y2K2,PS50011,8,259
Q9Y2K2,PS00107,14,37
Q9Y2K2,PS00108,126,138
Q9Y2K2,PS50030,286,326
Q9LXD1,PS50255,126,202
Q9LXD1,PS00191,157,164
A5A3E0,PS50297,138,357
A5A3E0,PS50088,172,204
A5A3E0,PS50088,238,270
A5A3E0,PS50088,271,303
A5A3E0,PS50088,304,336
A5A3E0,PS01132,804,816
A5A3E0,PS00432,1056,1064
Q9VKJ9,PS50004,637,776
P50095,PS51371,121,183
P50095,PS51371,184,240
P50095,PS00487,325,337
Q9NX02,PS50824,1,94
Q9NX02,PS50837,207,405
Q9H0C8,PS51746,108,390
Q9H0C8,PS01032,147,155
Q7L7X3,PS50011,28,281
Q7L7X3,PS00107,34,58
Q7L7X3,PS00108,147,159
Q03426,PS00627,137,148
P33892,PS50077,1489,1527
P33892,PS50077,1601,1646
P33892,PS50077,1646,1685
P33892,PS50077,1952,1989
F4K5J1,PS51844,8,57
F4K5J1,PS51456,62,732
F4K5J1,PS50096,758,787
F4K5J1,PS50096,783,812
F4K5J1,PS50096,806,835
F4K5J1,PS50096,831,860
F4K5J1,PS50096,854,883
F4K5J1,PS51126,1159,1470
Q9VU68,PS50082,60,101
Q9VU68,PS50294,60,608
Q9VU68,PS50082,191,232
Q9VU68,PS50082,235,276
Q9VU68,PS50082,321,362
Q9VU68,PS50082,532,562
Q9BPX1,PS00061,141,169
Q9H0C5,PS50097,69,145
Q9H6S3,PS01179,51,171
Q9H6S3,PS50002,492,551
Q9NZJ9,PS51462,18,144
Q9NZJ9,PS00893,51,72
P90901,PS51842,69,422
P90901,PS00226,408,416
P90901,PS51841,455,572
P05738,PS00700,163,184
Q9H788,PS50001,347,440
Q2TBA0,PS50097,33,98
Q2TBA0,PS00374,44,50
P79065,PS00845,22,56
P79065,PS50245,22,69
Q9SE37,PS51752,1,152
Q12500,PS50211,10,464
P78968,PS00125,305,310
Q03735,PS50102,653,726
Q12508,PS50897,176,236
Q12508,PS51867,361,404
Q9Z2K5,PS50294,1,326
Q9Z2K5,PS50082,81,122
Q9Z2K5,PS00678,100,114
Q9Z2K5,PS50082,216,257
Q9Z2K5,PS50082,277,307
O74919,PS50084,93,157
O74919,PS50084,178,243
O74919,PS50084,320,385
Q9USQ6,PS50275,171,484
Q9USQ6,PS52082,563,865
Q9ESN6,PS50089,23,64
Q9ESN6,PS00518,38,47
Q9ESN6,PS50119,113,154
Q9ESN6,PS50194,320,421
Q9ESN6,PS51125,473,516
Q9ESN6,PS51125,520,563
Q9ESN6,PS51125,564,605
Q9ESN6,PS51125,609,652
Q9ESN6,PS51125,656,699
Q9ESN6,PS51125,700,743
P17076,PS01082,170,187
Q8TF46,PS01175,784,808
Q54AX5,PS51450,38,59
Q54AX5,PS51450,61,82
Q54AX5,PS51450,84,105
Q54AX5,PS51450,109,130
Q54AX5,PS51450,132,153
Q54AX5,PS51450,155,174
Q54AX5,PS51450,178,199
Q54AX5,PS51450,201,222
Q54AX5,PS51450,224,246
Q54AX5,PS51450,247,268
Q54AX5,PS51450,270,293
Q54AX5,PS51450,294,315
Q54AX5,PS51450,317,337
Q54AX5,PS51450,342,363
Q54AX5,PS51450,365,386
Q54AX5,PS51450,388,409
Q54AX5,PS51450,411,433
Q54AX5,PS51450,434,456
Q54AX5,PS51450,457,478
Q96C12,PS50176,195,238
Q96C12,PS50097,748,808
P78368,PS50011,46,316
P78368,PS00107,52,75
P78368,PS00108,161,173
Q07653,PS00230,640,649
Q80WS1,PS50975,119,304
Q2PPJ7,PS50085,1635,1843
Q9P2A4,PS50002,308,366
P06115,PS51402,12,546
P06115,PS00438,53,69
P06115,PS00437,347,355
Q8LDI5,PS51352,1,110
F9W301,PS50067,3,330
F9W301,PS00411,229,240
P92186,PS51857,52,119
P92186,PS50158,168,183
P25822,PS50303,1091,1428
P25822,PS50302,1111,1146
P25822,PS50302,1147,1182
P25822,PS50302,1183,1218
P25822,PS50302,1219,1254
P25822,PS50302,1255,1290
P25822,PS50302,1291,1326
P25822,PS50302,1327,1362
P25822,PS50302,1366,1402
Q9H765,PS50088,52,84
Q9H765,PS50297,52,188
Q9H765,PS50088,85,116
Q9H765,PS50088,117,149
Q9H765,PS50088,150,182
Q9H765,PS50225,235,288
Q5XPI4,PS50188,74,254
Q5XPI4,PS50089,1254,1292
Q8CGF6,PS50896,10,42
Q8CGF6,PS50897,45,102
Q8CGF6,PS50082,658,688
Q8CGF6,PS50294,658,920
Q8CGF6,PS50082,752,792
Q8CGF6,PS00678,770,784
Q8CGF6,PS50082,797,838
Q8CGF6,PS50082,839,873
Q8CGF6,PS50082,885,920
O14212,PS51382,1,337
O14212,PS50089,374,413
O14212,PS00518,389,398
P18589,PS51718,65,338
P18589,PS00410,93,102
P18589,PS51388,571,659
Q09815,PS50011,518,814
Q09815,PS00107,524,547
Q09815,PS00108,640,652
Q8SY33,PS50030,547,588
P08733,PS50222,24,59
P08733,PS00018,37,49
P08733,PS50222,94,129
P08733,PS50222,130,165
Q92615,PS50961,150,239
P08045,PS50805,1,58
P08045,PS50157,108,135
P08045,PS50157,136,163
P08045,PS00028,138,158
P08045,PS50157,164,191
P08045,PS00028,166,186
P08045,PS50157,192,219
P08045,PS00028,194,214
P08045,PS50157,220,247
P08045,PS00028,222,242
P08045,PS50157,248,275
P08045,PS00028,250,270
P08045,PS50157,276,303
P08045,PS00028,278,298
P08045,PS50157,326,353
P08045,PS00028,328,348
P08045,PS50157,354,381
P08045,PS00028,356,376
P08045,PS50157,382,409
P08045,PS00028,384,404
P08045,PS50157,410,437
P08045,PS00028,412,432
P08045,PS50157,438,465
P08045,PS00028,440,460
P08045,PS50157,466,490
P08045,PS00028,468,488
P08045,PS50157,503,530
P08045,PS00028,505,525
P08045,PS50157,531,558
P08045,PS00028,533,553
P08045,PS50157,559,586
P08045,PS00028,561,581
P08045,PS50157,587,614
P08045,PS00028,589,609
P08045,PS50157,615,642
P08045,PS00028,617,637
P08045,PS50157,643,670
P08045,PS00028,645,665
P08045,PS50157,671,698
P08045,PS00028,673,693
P08045,PS50157,699,726
P08045,PS00028,701,721
P08045,PS50157,750,777
P08045,PS00028,752,772
P08045,PS50157,778,805
P08045,PS00028,780,800
P08045,PS50157,806,833
P08045,PS00028,808,828
P08045,PS50157,834,861
P08045,PS00028,836,856
P08045,PS50157,862,889
P08045,PS00028,864,884
P08045,PS50157,890,917
P08045,PS00028,892,912
P08045,PS50157,918,945
P08045,PS00028,920,940
P08045,PS50157,988,1015
P08045,PS00028,990,1010
P08045,PS50157,1016,1043
P08045,PS00028,1018,1038
P08045,PS50157,1044,1071
P08045,PS00028,1046,1066
P08045,PS50157,1136,1163
P08045,PS00028,1138,1158
P08045,PS50157,1164,1191
P08045,PS00028,1166,1186
P08045,PS50157,1192,1219
P08045,PS00028,1194,1214
P08045,PS50157,1220,1247
P08045,PS00028,1222,1242
P08045,PS50157,1248,1275
P08045,PS00028,1250,1270
P08045,PS50157,1276,1303
O13790,PS50069,412,642
O13790,PS01256,742,767
Q9JMB7,PS50821,279,392
Q9JMB7,PS50822,556,848
P23202,PS50404,112,196
P23202,PS50405,205,354
Q95YF3,PS51195,43,71
Q95YF3,PS51192,74,244
Q95YF3,PS00039,190,198
Q95YF3,PS51194,254,414
Q15555,PS50021,57,159
Q15555,PS51230,236,306
Q9UHD8,PS51719,295,567
Q9VLU5,PS50020,11,44
Q9VLU5,PS50020,52,86
Q9UHD2,PS50011,9,310
Q9UHD2,PS00107,15,38
Q9NRD1,PS50181,10,57
Q9NRD1,PS51114,78,259
Q10N21,PS00436,33,44
Q10N21,PS50873,74,250
Q10N21,PS00435,155,165
O13370,PS51195,169,197
O13370,PS51192,200,392
O13370,PS00039,334,342
O13370,PS51194,403,564
Q8SR40,PS00977,61,78
P41940,PS00101,257,285
P41940,PS00101,309,337
P53295,PS51710,64,292
P53295,PS00905,116,129
P53295,PS51880,292,367
Q8RWL6,PS51671,180,260
Q8RWL6,PS50011,292,545
Q8RWL6,PS00108,409,421
P05737,PS00634,102,134
P0DM58,PS01175,792,816
P05739,PS00430,1,68
P05739,PS01170,72,90
O59801,PS51192,289,445
O59801,PS51194,545,736
P22211,PS50011,438,742
P22211,PS00107,444,467
P22211,PS00108,557,569
O60059,PS50102,1,74
O60059,PS50303,129,482
O60059,PS50302,191,226
O60059,PS50302,227,263
O60059,PS50302,264,302
O60059,PS50302,374,410
Q3EDJ0,PS50893,14,249
Q86AT8,PS50297,43,235
Q86AT8,PS50088,80,112
Q86AT8,PS50088,150,184
Q86AT8,PS50088,185,217
Q86AT8,PS50105,240,303
Q86AT8,PS50011,351,620
Q86AT8,PS00107,357,378
Q86AT8,PS00108,468,480
Q9FR37,PS00571,111,142
P33401,PS00710,114,123
Q8I0F4,PS50896,7,39
Q8I0F4,PS50082,102,143
Q8I0F4,PS50294,102,419
Q8I0F4,PS00678,121,135
Q8I0F4,PS50082,144,185
Q8I0F4,PS00678,163,177
Q8I0F4,PS50082,186,227
Q8I0F4,PS00678,205,219
Q8I0F4,PS50082,228,269
Q8I0F4,PS00678,247,261
Q8I0F4,PS50082,318,341
Q8I0F4,PS00678,319,333
Q8I0F4,PS50082,342,383
Q8I0F4,PS00678,361,375
Q8I0F4,PS50082,385,419
O59945,PS50222,16,50
O59945,PS50222,51,86
O59945,PS50021,112,233
O59945,PS00020,205,229
O59945,PS50021,261,364
O59945,PS50021,385,495
O59945,PS00019,387,396
O59945,PS50021,508,614
P81122,PS50003,30,144
P81122,PS51064,191,295
Q60I26,PS51205,795,941
Q60I27,PS51205,796,942
Q7ZT42,PS50830,18,167
Q7ZT42,PS01284,103,113
Q7ZT42,PS50830,194,329
Q7ZT42,PS50830,342,499
Q7ZT42,PS50830,528,663
Q7ZT42,PS50304,732,790
Q99J72,PS51747,38,154
Q99J72,PS00903,71,112
Q99J72,PS51747,238,357
Q99J72,PS00903,288,323
Q9Z1Z9,PS50106,9,85
Q9Z1Z9,PS50023,280,338
Q9Z1Z9,PS50023,339,398
Q9Z1Z9,PS00478,341,374
Q9Z1Z9,PS50023,399,457
Q9Z1Z9,PS00478,400,435
Q9XW16,PS00414,1,9
Q63HN8,PS50089,3997,4035
Q63HN8,PS51981,4483,4555
P81900,PS50042,124,239
P81900,PS00888,151,167
P81900,PS00889,187,204
P81900,PS50042,242,362
P81900,PS00888,269,285
P81900,PS00889,309,326
Q08817,PS51450,67,88
Q08817,PS51450,90,111
Q08817,PS51450,113,134
Q08817,PS51450,138,159
Q08817,PS51450,163,183
A2A3N6,PS51455,28,396
A2A3N6,PS50234,490,673
Q8NHU6,PS51644,3,76
Q8NHU6,PS51644,233,302
Q8NHU6,PS51644,337,406
Q8NHU6,PS50304,513,570
Q8NHU6,PS50304,703,760
P83887,PS00227,142,148
Q9BR61,PS51228,42,127
Q9BR61,PS50297,166,256
Q9BR61,PS50088,191,223
Q9BR61,PS50088,224,256
A8HNV0,PS50176,79,122
Q8GY82,PS50011,37,287
Q8GY82,PS00107,43,65
Q8GY82,PS00108,158,170
O94567,PS50862,265,560
O94560,PS50294,303,431
O94560,PS50082,335,376
P29218,PS00629,87,100
P29218,PS00630,219,233
P38013,PS51352,9,176
P83779,PS00187,430,449
P83778,PS00068,151,163
Q9P7F2,PS01164,396,409
Q9P7F2,PS01165,622,635
P83777,PS00387,117,123
P83776,PS51748,21,467
O14356,PS51189,1226,1781
O14356,PS50290,1955,2269
O14356,PS00915,1985,1999
O14356,PS00916,2122,2142
O14356,PS51190,2303,2335
O00329,PS51544,16,105
O00329,PS51546,187,278
O00329,PS51547,319,476
O00329,PS51545,497,674
O00329,PS50290,745,1027
O00329,PS00915,778,792
O00329,PS00916,878,898
D5MCN2,PS50961,573,665
Q8CHQ0,PS50181,54,100
Q8N8W4,PS51635,16,185
P48594,PS00284,363,373
P48597,PS00813,86,109
P57723,PS50084,17,79
P57723,PS50084,101,166
P57723,PS50084,241,305
Q22560,PS51214,1,59
P29453,PS01082,170,187
Q9CA90,PS00065,147,174
P39053,PS51718,28,294
P39053,PS00410,57,66
P39053,PS50003,519,625
P39053,PS51388,659,750
Q5U5Z8,PS52035,396,666
Q7XZQ8,PS51471,194,295
Q8H1Q2,PS01215,166,182
Q94464,PS51718,22,296
Q94464,PS00410,51,60
Q94464,PS51388,762,853
Q19266,PS51745,12,95
Q19266,PS50081,127,177
Q19266,PS00479,128,177
Q19266,PS50011,253,522
Q19266,PS00107,259,286
Q19266,PS00108,373,385
Q19266,PS51285,524,595
Q09820,PS51997,36,193
Q09820,PS52088,392,839
P08729,PS51842,91,403
P08729,PS00226,389,397
Q8TAC2,PS50957,11,188
P22366,PS50017,32,109
P22366,PS50104,159,293
Q9Y4D1,PS51232,45,420
Q9Y4D1,PS51444,600,1009
Q9Y4D1,PS51231,1027,1058
Q8K4K1,PS50222,24,59
Q8K4K1,PS00018,37,49
Q8K4K1,PS50222,60,95
Q8K4K1,PS50222,97,132
Q8K4K1,PS50222,133,168
Q8K4K1,PS00039,141,149
Q8K4K1,PS00018,146,158
P46672,PS50886,205,307
Q99836,PS50017,32,109
Q99836,PS50104,159,293
P32381,PS01132,107,119
Q9Y6H5,PS50297,349,510
Q9Y6H5,PS50088,456,488
Q9XSH5,PS50059,50,138
Q9XSH5,PS50059,165,251
Q9XSH5,PS50005,268,301
Q9XSH5,PS50005,317,350
Q9XSH5,PS50293,317,384
Q9XSH5,PS50005,351,384
P32895,PS00114,128,143
Q6IFX2,PS51842,94,405
Q6IFX2,PS00226,391,399
P53200,PS00092,157,163
P24784,PS51195,154,182
P24784,PS51192,185,374
P24784,PS00039,316,324
P24784,PS51194,385,545
Q12163,PS50002,110,171
Q09733,PS50010,230,423
Q09733,PS00741,377,402
Q8GZ26,PS50102,12,93
Q8GZ26,PS50102,100,180
Q8GZ26,PS50102,330,408
Q7TSG1,PS50004,1,112
Q7TSG1,PS50004,435,569
Q9P7T8,PS51192,744,914
Q9P7T8,PS51194,1160,1334
O16844,PS50067,4,391
Q5T7B8,PS50105,1,64
Q5T7B8,PS50067,223,546
Q5T7B8,PS00411,445,456
Q9P7T1,PS00455,364,375
Q9P7T1,PS50075,715,791
Q9P7T1,PS50075,2172,2246
Q9P7T1,PS00012,2201,2216
Q9P7T1,PS00455,2875,2886
Q9P7T1,PS50075,3254,3328
Q9P7T1,PS00012,3283,3298
Q9P7T1,PS50075,4402,4478
P54577,PS50886,364,468
Q9LVG3,PS50303,1,324
Q9LVG3,PS50302,75,117
Q9LVG3,PS50302,150,185
Q9LVG3,PS50302,186,222
Q9LVG3,PS50302,223,260
Q9LVG3,PS50302,261,296
Q5SWU9,PS50979,116,617
Q5SWU9,PS50975,274,465
Q5SWU9,PS00866,305,319
Q5SWU9,PS00867,434,441
Q5SWU9,PS50968,744,818
Q5SWU9,PS00188,775,792
Q5SWU9,PS50980,1575,1913
Q5SWU9,PS50989,1917,2233
P32769,PS51722,165,390
P32769,PS00933,210,222
P32769,PS00301,221,236
P26784,PS00783,84,107
O42631,PS01360,544,587
O42631,PS50865,546,587
Q9LSV0,PS00895,5,18
Q8BQR7,PS50838,91,289
Q8LF21,PS51718,32,301
Q8LF21,PS00410,61,70
Q8LF21,PS51388,523,614
P23301,PS00302,49,56
P00883,PS00158,222,232
Q8GXV2,PS51352,23,148
P05743,PS01108,53,70
P02829,PS00298,24,33
Q9ZRW8,PS50404,3,82
Q9ZRW8,PS50405,88,208
O13747,PS50089,208,248
O13747,PS50271,245,338
P14605,PS50200,292,380
P14605,PS51450,430,450
P14605,PS51450,477,498
P14605,PS51450,503,524
P14605,PS51450,526,547
P14605,PS51450,549,570
P14605,PS51450,572,594
P14605,PS51450,596,617
P14605,PS51450,730,751
P14605,PS51450,753,774
P14605,PS51450,831,852
P14605,PS51450,855,876
P14605,PS51450,878,899
P14605,PS51450,901,922
P14605,PS51450,930,951
P14605,PS51746,995,1275
P14605,PS50125,1332,1469
P14605,PS00659,1420,1429
Q4KMP7,PS50086,360,548
Q4KMP7,PS00886,472,482
P51401,PS00700,163,184
O60132,PS50002,130,191
P97477,PS50011,124,374
P97477,PS00107,130,153
P97477,PS00108,243,255
P33764,PS00303,58,79
P97479,PS51456,65,741
P97479,PS50096,767,796
P97479,PS50096,813,837
P97479,PS50096,839,865
P97479,PS51016,1017,1253
P97479,PS50057,1258,1605
P97479,PS50002,1603,1672
P97479,PS51016,1747,1896
P97479,PS50057,1902,2205
Q8TFF9,PS00571,207,238
G5EFM9,PS50011,23,288
G5EFM9,PS00107,29,52
G5EFM9,PS00108,146,158
P54351,PS00674,372,390
Q9Y7J9,PS50003,847,958
Q10303,PS51450,116,137
Q10303,PS51450,142,163
Q10303,PS51450,168,190
Q10303,PS51450,218,241
Q10303,PS51450,267,288
Q10303,PS51450,291,312
Q91ZF0,PS50076,58,129
Q91ZF0,PS51074,140,195
Q6PGB6,PS51186,6,155
P40048,PS50206,111,232
P40048,PS50055,530,878
P40048,PS50056,798,869
P40048,PS00383,802,812
Q9QWL7,PS51842,84,395
Q9QWL7,PS00226,381,389
F4JAA5,PS51192,369,524
F4JAA5,PS51194,673,838
Q9HCE6,PS50010,316,503
Q9HCE1,PS52088,498,958
Q9HCE1,PS00014,1000,1003
P09914,PS50005,52,85
P09914,PS50293,139,284
P09914,PS50005,141,174
P09914,PS50005,183,216
P09914,PS50005,251,284
P09914,PS50293,325,373
P09914,PS50005,340,373
P09914,PS50005,437,470
P09914,PS50293,437,470
N1P3Y5,PS00670,232,254
N1P3Y5,PS00671,261,277
Q5BJ29,PS50181,111,157
Q9BUT1,PS00061,134,162
Q4U925,PS50011,55,340
Q4U925,PS00107,61,84
Q4U925,PS00108,168,180
O97143,PS50011,14,267
O97143,PS00107,20,43
O97143,PS00109,134,146
O97143,PS51984,381,498
O97143,PS51985,499,602
O97143,PS50078,660,739
Q06436,PS50089,195,249
Q06436,PS00518,211,220
Q9BX70,PS50097,117,187
Q920Q6,PS50102,21,111
Q920Q6,PS50102,110,187
P38713,PS50003,221,315
P38713,PS01013,741,751
Q64346,PS50206,30,148
Q64346,PS50054,206,349
Q64346,PS50056,262,330
Q07527,PS51623,1,1436
P40212,PS01104,70,84
Q54N00,PS51232,34,394
Q54N00,PS51444,623,1016
Q96IJ6,PS00101,295,323
O80448,PS51129,26,309
O80448,PS01235,222,240
P40462,PS00142,327,336
Q23978,PS51456,7,690
Q23978,PS50096,695,721
Q23978,PS51757,806,1007
Q23979,PS51456,21,703
Q23979,PS50096,706,733
Q23979,PS51757,857,1035
Q9H0A6,PS50089,127,169
Q9H0A6,PS50096,186,215
Q9H0A6,PS50089,293,352
Q9M0A5,PS51273,19,217
Q9M0A7,PS51273,16,213
Q9D5V2,PS50097,39,106
Q10490,PS00178,74,85
Q08491,PS51722,265,503
O14344,PS51371,121,180
O14344,PS51371,184,242
O14344,PS00487,327,339
Q9XGZ0,PS00331,300,316
Q9XGZ0,PS00599,458,467
P47068,PS50002,5,69
O74805,PS51844,7,61
O74805,PS51456,65,749
O74805,PS50096,753,781
O74805,PS50096,777,804
O74805,PS50096,800,825
O74805,PS50096,848,877
O74805,PS51126,1171,1417
Q945P8,PS52002,10,85
P39994,PS00187,429,448
P39998,PS52002,1,63
P39998,PS51512,93,129
P39998,PS51385,288,527
Q8N7E2,PS50089,57,97
Q8N7E2,PS00518,73,82
Q8N7E2,PS50157,112,143
P78417,PS50404,22,101
P78417,PS50405,106,230
P17649,PS00600,292,331
P47117,PS01132,149,161
Q8IVU3,PS00626,28,38
Q8IVU3,PS50012,42,93
Q8IVU3,PS00626,80,90
Q8IVU3,PS50012,94,146
Q8IVU3,PS00626,133,143
Q8IVU3,PS50012,147,199
Q8IVU3,PS50012,200,254
Q8IVU3,PS50012,255,305
Q8IVU3,PS50237,693,1014
A2ABU4,PS50835,154,246
A2ABU4,PS50835,269,362
A2ABU4,PS50853,376,471
A2ABU4,PS50853,504,599
A2ABU4,PS50853,605,698
A2ABU4,PS50853,704,799
A2ABU4,PS50853,806,901
A2ABU4,PS00018,981,993
A2ABU4,PS50835,1122,1207
A2ABU4,PS50835,1336,1425
P29536,PS51082,574,593
Q9VUL1,PS51273,300,554
P46863,PS50067,19,356
P46863,PS00411,255,266
Q8BYJ6,PS01179,373,445
Q8BYJ6,PS50086,927,1121
P28776,PS00876,265,275
P28776,PS00877,295,308
Q9Y4K4,PS50011,20,277
Q9Y4K4,PS00107,26,49
Q9Y4K4,PS50219,506,819
Q8N2Y8,PS50826,1031,1175
Q8N2Y8,PS50002,1447,1506
Q9Y6K8,PS00113,215,226
Q9Y6K8,PS00113,458,469
P35609,PS50021,38,142
P35609,PS00019,40,49
P35609,PS00020,114,138
P35609,PS50021,151,257
P35609,PS50222,753,788
P35609,PS50222,789,824
Q09722,PS50250,188,347
Q7Z5W3,PS51515,53,274
Q9Y3B6,PS50249,4,139
Q6P1M3,PS50082,433,451
Q6P1M3,PS00678,438,452
P14126,PS00474,209,232
Q9URB4,PS00602,99,111
Q9URB4,PS00806,171,182
P21574,PS51857,41,110
P21574,PS00352,55,74
O14019,PS50011,351,623
O14019,PS00107,357,385
O14019,PS00108,477,489
Q9VVW5,PS50206,22,149
Q9VVW5,PS50054,214,358
Q9VVW5,PS50056,279,339
Q12362,PS50889,99,168
Q12362,PS01129,207,221
Q12362,PS51747,433,552
P48445,PS51733,369,606
Q6ZQ58,PS50961,372,462
Q6ZQ58,PS00191,629,636
Q9H257,PS50209,6,98
O13759,PS50102,85,167
O13759,PS50102,182,261
O13759,PS50102,297,369
Q59MQ0,PS51456,43,731
Q59MQ0,PS51757,789,981
Q59MQ0,PS50002,1156,1216
Q24JL3,PS50206,56,173
Q24JL3,PS00380,80,91
Q24JL3,PS50206,224,338
Q24JL3,PS00683,319,329
Q69VD5,PS50821,333,446
Q69VD5,PS50822,620,941
Q8H183,PS50263,90,360
Q24117,PS01239,55,69
Q9W1A4,PS01358,742,761
P22045,PS00798,44,61
P22045,PS00062,134,151
P22045,PS00063,238,253
P39938,PS00733,73,80
P38823,PS50006,189,252
P38823,PS50089,327,371
P38822,PS51741,5,271
P38822,PS50002,493,555
P38822,PS50002,577,633
P38820,PS50206,339,438
Q9Y7K2,PS50077,688,720
Q9Y7K2,PS51189,1228,1784
Q9Y7K2,PS50290,1958,2285
Q9Y7K2,PS00915,1988,2002
Q9Y7K2,PS00916,2125,2145
Q9Y7K2,PS51190,2305,2337
Q76N89,PS50004,182,318
Q76N89,PS50020,829,862
Q76N89,PS01159,835,860
Q76N89,PS50020,1018,1051
Q76N89,PS01159,1024,1049
Q76N89,PS50237,1271,1606
P08879,PS51374,6,142
P08879,PS00469,116,124
Q76PD2,PS50089,81,121
Q76PD2,PS00518,96,105
Q76PD2,PS00028,117,138
Q76PD2,PS00028,173,197
Q76PD2,PS00028,247,268
Q91192,PS51718,31,304
Q91192,PS00410,59,68
Q91192,PS51388,535,621
Q8IUI8,PS50853,181,274
Q91197,PS51718,31,304
Q91197,PS00410,59,68
Q91197,PS51388,537,623
Q9D1E6,PS00845,183,214
Q9D1E6,PS50245,183,225
P93836,PS51819,46,192
P93836,PS51819,223,383
O59722,PS50178,60,119
O59722,PS51455,1590,1916
Q949P2,PS00142,480,489
Q7PLK0,PS50821,291,402
Q7PLK0,PS50822,566,853
P20965,PS50102,11,89
P20965,PS50102,99,175
P20965,PS50102,191,268
P20965,PS50102,294,370
P20965,PS51309,540,617
Q155Q3,PS50021,20,127
Q155Q3,PS50841,600,680
Q155Q3-2,PS50841,389,469
Q39821,PS51718,31,300
Q39821,PS00410,60,69
Q39821,PS51388,518,610
Q8RWD9,PS51228,13,107
Q920R4,PS00213,771,782
Q68J44,PS50054,54,202
Q68J44,PS50056,129,181
Q68J44,PS00383,145,155
O42980,PS50600,13,178
B0YLW8,PS50810,5,107
B0YLW8,PS01344,51,65
Q8LSN3,PS00125,107,112
P38720,PS00461,252,264
Q86AS5,PS00708,584,614
P33280,PS51409,37,358
P33280,PS01053,278,299
Q9D552,PS50096,48,76
Q9D552,PS50096,71,99
Q9D552,PS50096,107,135
Q8RXD9,PS00430,1,40
Q8RXD9,PS51166,13,122
Q8RXD9,PS51166,157,270
Q5T6F0,PS50082,180,220
Q5T6F0,PS50294,180,220
Q5T6F0,PS00678,198,212
Q91X46,PS50010,121,303
Q91X46,PS00741,251,276
Q91X46,PS50003,290,448
Q08954,PS50828,97,173
O94388,PS51205,139,278
P16086,PS50002,967,1026
P16086,PS50222,2323,2358
P16086,PS00018,2336,2348
P16086,PS50222,2366,2401
P16086,PS00018,2379,2391
P16086,PS50222,2404,2439
O76041-2,PS50023,3,63
O76041-2,PS00478,5,39
O76041-2,PS51216,61,95
O76041-2,PS51216,97,131
O76041-2,PS51216,133,159
O76041-2,PS50002,210,270
P50998,PS00485,660,666
Q43187,PS00387,97,103
P50990,PS00750,44,56
P50990,PS00751,65,81
P50990,PS00995,93,101
P50990,PS00141,282,293
Q9SKN2,PS50137,1,70
Q9SKN2,PS50137,87,155
P14136,PS51842,69,377
P14136,PS00226,363,371
Q9XUB2,PS50103,270,299
Q9XUB2,PS50103,314,344
Q9BYJ4,PS50089,15,59
Q9BYJ4,PS00518,30,39
Q9BYJ4,PS50119,92,134
Q9BYJ4,PS50188,283,488
Q5GLZ8,PS50012,1,52
Q5GLZ8,PS00626,39,49
Q5GLZ8,PS50012,53,102
Q5GLZ8,PS50012,103,155
Q5GLZ8,PS00626,142,152
Q5GLZ8,PS50012,156,208
Q5GLZ8,PS50012,209,260
Q5GLZ8,PS00626,247,257
Q5GLZ8,PS50012,261,312
Q5GLZ8,PS50012,314,380
Q5GLZ8,PS50237,730,1057
P28289,PS00435,130,140
P38219,PS51710,21,285
P38219,PS51880,306,389
Q03569,PS50877,424,445
Q9ZNR6,PS51129,33,314
Q9ZNR6,PS01235,226,244
P80895,PS01279,141,156
O74815,PS50011,102,403
O74815,PS00108,227,239
P0DMV9,PS00297,9,16
P0DMV9,PS00329,197,210
P0DMV9,PS01036,334,348
P0DMV8,PS00297,9,16
P0DMV8,PS00329,197,210
P0DMV8,PS01036,334,348
Q08I43,PS50800,20,54
P47122,PS52071,2,262
Q86BW2,PS51257,1,17
Q86V86,PS50011,40,293
Q86V86,PS00107,46,69
Q86V86,PS00108,166,178
Q9EQC9,PS51058,132,173
Q9SVC6,PS51698,6,81
Q62234,PS50835,258,349
Q62234,PS50835,376,478
Q62234,PS50853,492,587
Q62234,PS50853,620,714
Q62234,PS50853,721,814
Q62234,PS50853,918,1016
Q62234,PS50853,1023,1122
Q62234,PS50835,1114,1212
Q62234,PS50835,1340,1426
Q62234,PS50835,1566,1644
Q6IMN8,PS00798,39,56
Q6IMN8,PS00062,143,160
Q8GW31,PS51462,106,234
Q8GW31,PS00893,139,160
P21576,PS51718,26,336
P21576,PS00410,55,64
P21576,PS51388,618,704
Q19Q52,PS51747,4,126
Q19Q52,PS00903,54,92
Q55DH8,PS51402,18,510
Q55DH8,PS00438,58,74
Q55DH8,PS00437,352,360
P08670,PS51842,103,411
P08670,PS00226,397,405
O95396,PS50206,347,458
Q9BVG3,PS50089,11,54
Q9BVG3,PS00518,26,35
Q9BVG3,PS50119,88,128
Q9BVG3,PS50188,277,475
Q9BVG3,PS00290,386,392
Q5DM57,PS50294,12,102
Q5DM57,PS50096,826,855
Q5DM57,PS00139,1319,1330
P39729,PS51710,66,292
P39729,PS00905,118,131
P39729,PS51880,292,368
Q8LFS6,PS50102,18,99
Q8LFS6,PS50102,106,186
Q8LFS6,PS50102,349,427
Q9Y7Z8,PS51456,40,720
Q9Y7Z8,PS51757,778,964
Q9Y7Z8,PS50002,1106,1165
Q09JZ4,PS51450,47,68
Q09JZ4,PS51450,69,90
Q09JZ4,PS51450,91,112
Q09JZ4,PS51450,113,134
Q09JZ4,PS51450,138,159
Q09JZ4,PS51450,163,185
P10383,PS50802,29,150
P10383,PS50304,336,396
Q04489,PS51278,2,211
Q9UTI8,PS01172,63,74
O43066,PS50011,57,326
O43066,PS00108,183,195
Q5JT25,PS51419,25,222
P19158,PS50018,1717,1922
P19158,PS00509,1847,1861
P26696,PS50011,28,316
P26696,PS00107,34,58
P26696,PS01351,62,164
P26696,PS00108,148,160
P53550,PS51462,101,228
P53550,PS00893,134,155
P53221,PS01108,53,70
Q9Y3P9,PS01179,152,267
Q9Y3P9,PS50086,566,752
Q6UWE0,PS51450,82,103
Q6UWE0,PS51450,105,127
Q6UWE0,PS51450,128,149
Q6UWE0,PS51450,151,172
Q6UWE0,PS50105,578,632
Q6UWE0,PS50089,675,710
P57721,PS50084,45,107
P57721,PS50084,129,194
P57721,PS50084,293,357
P0CX55,PS50159,17,146
P0CX55,PS00646,123,136
P0CX50,PS01106,50,67
P0CX52,PS00360,71,89
P0CX53,PS00359,130,144
Q9ZUC2,PS00704,87,94
Q9VL52,PS51195,477,505
Q8CDK2,PS00159,247,256
Q8CDK2,PS52035,359,629
Q12229,PS50033,356,455
C9JR72,PS50097,7,74
Q13310,PS50102,11,89
Q13310,PS50102,99,175
Q13310,PS50102,191,268
Q13310,PS50102,294,370
Q13310,PS51309,551,628
P49445,PS50055,97,349
P49445,PS50056,265,340
P49445,PS00383,288,298
Q8IWZ3,PS50297,204,1379
Q8IWZ3,PS50088,271,303
Q8IWZ3,PS50088,304,336
Q8IWZ3,PS50088,337,369
Q8IWZ3,PS50088,371,403
Q8IWZ3,PS50088,404,436
Q8IWZ3,PS50088,437,469
Q8IWZ3,PS50088,470,502
Q8IWZ3,PS50088,534,566
Q8IWZ3,PS50088,567,599
Q8IWZ3,PS50088,600,632
Q8IWZ3,PS50088,634,666
Q8IWZ3,PS50088,1054,1086
Q8IWZ3,PS50088,1087,1119
Q8IWZ3,PS50088,1121,1153
Q8IWZ3,PS50088,1154,1186
Q8IWZ3,PS50088,1189,1221
Q8IWZ3,PS50088,1223,1255
Q8IWZ3,PS50088,1256,1288
Q8IWZ3,PS50088,1291,1323
Q8IWZ3,PS50088,1324,1356
Q8IWZ3,PS50084,1695,1759
Q5K651,PS50105,14,60
Q3V089,PS50102,792,865
P0CX54,PS00359,130,144
Q9LXX6,PS00659,508,517
O13728,PS50021,8,114
O13728,PS00020,86,110
O13728,PS50021,123,230
Q9XF19,PS50893,13,248
Q9LUL2,PS50011,88,396
Q9LUL2,PS00108,209,221
P0C6G6,PS00214,7,24
P0CX51,PS00360,71,89
P48008,PS51719,49,325
Q9P6I2,PS00759,131,170
Q7Z2X4,PS01179,163,223
Q9HCK5,PS50821,219,338
Q9HCK5,PS50822,509,820
Q5A0M4,PS51722,17,346
Q5A0M4,PS00301,58,73
Q9URY3,PS50086,34,387
Q9URY3,PS00121,289,297
Q9URY1,PS50011,31,279
Q9URY1,PS00107,37,60
Q9URY1,PS00108,144,156
P84183,PS00406,54,64
P84183,PS01132,105,117
P84183,PS00432,357,365
P50526,PS50011,135,409
P50526,PS00107,141,164
P50526,PS00108,263,275
P50527,PS50108,147,160
P50527,PS50011,386,637
P50527,PS00107,392,416
P50527,PS00108,501,513
O74484,PS00101,258,286
Q67Z52,PS50245,181,223
P34808,PS00674,333,352
F4IK01,PS00041,76,115
P62081,PS00948,78,91
Q8LAD0,PS51130,2,220
Q8LAD0,PS01236,40,50
Q96F86,PS52002,1,68
Q96F86,PS51512,192,228
Q96F86,PS51385,283,487
Q9I8X5,PS50089,69,104
Q9I8X5,PS51081,122,182
Q06251,PS00152,4,13
Q06251,PS51411,472,565
Q9D7V1,PS50001,315,407
Q7TNC6,PS50067,450,801
P40483,PS00142,315,324
P40483,PS51752,522,695
Q8L7Y8,PS50067,96,431
Q8L7Y8,PS00411,326,337
P39517,PS51195,46,74
P39517,PS51192,77,247
P39517,PS00039,193,201
P39517,PS51194,257,417
O94536,PS50908,405,504
O94536,PS51192,587,756
O94536,PS00690,698,707
O94536,PS51194,797,968
Q6PGN3,PS50309,72,158
Q6PGN3,PS50309,196,279
Q6PGN3,PS50011,393,650
Q6PGN3,PS00107,399,422
Q6PGN3,PS00108,510,522
Q9ULC4,PS50890,92,171
Q9LZ82,PS50084,34,102
Q9LZ82,PS50084,120,188
Q9LZ82,PS50084,233,300
O54975,PS00491,485,497
O74363,PS51061,525,587
O74363,PS50174,652,695
O54754,PS51085,4,91
O54754,PS00197,43,51
O54754,PS51387,235,420
O54754,PS00559,801,836
Q78P75,PS01239,55,69
Q9CQ07,PS51450,51,72
Q9CQ07,PS51450,74,95
Q9CQ07,PS51450,97,118
Q9CQ07,PS51450,122,144
Q9CQ07,PS51450,145,167
Q1JQ73,PS50102,20,109
Q1JQ73,PS50102,117,197
Q1JQ73,PS50102,255,333
Q07617,PS50293,209,242
Q07617,PS50005,242,275
Q07617,PS50293,242,309
Q07617,PS50005,276,309
Q07617,PS50005,445,478
Q07617,PS50293,452,554
Q07617,PS50005,487,520
Q07617,PS50005,521,554
Q07617,PS50005,623,656
Q07617,PS50293,623,724
Q07617,PS50005,657,690
Q07617,PS50005,691,724
Q9US60,PS50067,3,325
Q9US60,PS00411,224,235
Q9UL18,PS50821,227,346
Q9UL18,PS50822,515,816
P26263,PS00187,427,446
Q5QE80,PS51085,8,95
Q5QE80,PS00197,47,55
Q5QE80,PS51387,236,421
Q9C099,PS51450,44,65
Q9C099,PS51450,66,87
Q9C099,PS51450,88,109
Q9C099,PS51450,110,131
Q9C099,PS51450,136,157
O94441,PS50005,460,493
O94441,PS50293,460,527
O94441,PS50005,494,527
O94441,PS50005,705,738
O94441,PS50293,705,772
O94441,PS50005,739,772
O94441,PS50005,814,847
O94441,PS50293,814,847
P50942,PS50275,167,507
P50942,PS52082,586,888
Q08726,PS52071,1,265
Q8CA72,PS50097,30,99
Q9NNW5,PS50082,205,238
Q9NNW5,PS50294,205,335
Q9NNW5,PS00678,932,946
Q06673,PS00012,136,151
P78371,PS00750,40,52
P78371,PS00751,63,79
P78371,PS00995,91,99
P78371,PS00107,95,120
Q09855,PS50181,70,116
Q09855,PS50082,217,256
Q09855,PS50294,217,506
Q09855,PS00678,234,248
Q09855,PS50082,257,298
Q09855,PS50082,299,338
Q09855,PS50082,343,384
Q09855,PS00678,362,376
Q09855,PS50082,385,424
Q09855,PS50082,425,464
Q09855,PS00678,442,456
Q8VCK3,PS00227,142,148
Q6W3C0,PS00018,267,279
Q6W3C0,PS00164,343,356
Q5SW45,PS51381,314,442
Q7TNR9,PS50002,1,46
Q7TNR9,PS50010,78,262
Q7TNR9,PS00741,210,235
Q7TNR9,PS50003,293,400
Q8IRY7,PS50208,257,387
Q8IRY7,PS01122,377,388
Q8IRY7,PS50207,414,492
Q9VNP5,PS51195,54,82
Q9VNP5,PS51192,87,263
Q9VNP5,PS00626,88,98
P53949,PS50054,10,160
Q9NZJ4,PS50053,30,67
Q9NZJ4,PS50076,4306,4393
Q9NZJ4,PS50910,4451,4567
D2XV59,PS51722,158,389
Q4V7Y7,PS50082,16,58
Q4V7Y7,PS50294,16,253
Q4V7Y7,PS50082,59,100
Q4V7Y7,PS50082,101,142
Q4V7Y7,PS00678,120,134
Q4V7Y7,PS50082,143,184
Q4V7Y7,PS00678,162,176
Q4V7Y7,PS50082,185,219
Q4V7Y7,PS00678,204,218
Q9NFU0,PS51641,1,49
Q9NFU0,PS51641,65,117
Q9NFU0,PS50084,221,282
Q9NFU0,PS50084,284,321
O76337,PS01179,59,203
P18091,PS50021,34,138
P18091,PS00019,36,45
P18091,PS00020,110,134
P18091,PS50021,147,253
P18091,PS50222,778,813
P18091,PS00018,791,803
P18091,PS50222,819,854
Q8C142,PS01179,44,169
Q940X9,PS50961,272,361
A3AZ88,PS00022,64,75
O15033,PS50194,52,158
O15033,PS00626,179,189
O15033,PS50237,483,823
Q9NJE9,PS51450,45,66
Q9NJE9,PS51450,67,88
Q9NJE9,PS51450,89,110
Q9NJE9,PS51450,114,135
Q9FE46,PS50404,1,82
Q9FE46,PS50405,89,214
P10155,PS50988,16,369
Q10179,PS50862,184,520
P46086,PS00627,140,151
P81274,PS50005,62,95
P81274,PS50293,62,135
P81274,PS50005,102,135
P81274,PS50005,202,235
P81274,PS50293,202,355
P81274,PS50005,242,275
P81274,PS50005,282,315
P81274,PS50005,322,355
P81274,PS50877,489,511
P81274,PS50877,544,566
P81274,PS50877,594,616
P81274,PS50877,628,650
O60058,PS00674,416,434
O60058,PS00674,683,701
Q9VCU7,PS50304,366,427
Q1ENB6,PS00794,98,109
Q1ENB6,PS50972,202,470
Q1ENB6,PS00792,204,219
Q1ENB6,PS00793,238,251
Q9SJ20,PS51161,1,92
Q9SJ20,PS00089,600,622
Q62688,PS50003,114,224
Q62688,PS50007,399,543
Q62688,PS50008,586,702
Q62688,PS50004,702,831
Q12221,PS50102,316,402
Q12221,PS50303,511,872
Q12221,PS50302,574,611
Q12221,PS50302,612,647
Q12221,PS50302,649,687
Q12221,PS50302,722,758
Q12221,PS50302,760,800
Q04067,PS50102,191,270
F4HZB2,PS51783,2760,2927
F4HZB2,PS50197,2952,3244
F4HZB2,PS50294,3326,3417
F4HZB2,PS50082,3376,3417
F4HZB2,PS00678,3395,3409
P0CX43,PS01199,117,136
A0A8M2,PS52002,1,81
A0A8M2,PS51512,288,324
A0A8M2,PS51513,363,379
A0A8M2,PS51536,382,402
P0CX47,PS00056,120,132
P0CX45,PS00467,197,208
P0CX44,PS01199,117,136
P0CX48,PS00056,120,132
O80438,PS51186,16,164
P10081,PS51195,22,50
P10081,PS51192,53,222
P10081,PS00039,168,176
P10081,PS51194,233,394
Q96JN8,PS51065,41,207
Q96JN8,PS51065,317,484
Q96JN8,PS51065,520,686
Q96JN8,PS51065,716,884
Q96JN8,PS51065,913,1086
Q96JN8,PS51065,1131,1294
O14965,PS50011,133,383
O14965,PS00107,139,162
O14965,PS00108,252,264
Q02748,PS51195,30,58
Q02748,PS51192,61,231
Q02748,PS00039,177,185
Q02748,PS51194,242,403
P89886,PS50890,90,172
Q8WQ99,PS50011,28,298
Q8WQ99,PS00107,34,57
Q8WQ99,PS00108,143,155
Q5SGK3,PS51085,9,96
Q5SGK3,PS00197,48,56
Q5SGK3,PS51387,238,423
O75011,PS50011,10,264
O75011,PS00107,16,39
O75011,PS00108,129,141
O13426,PS00096,241,257
P98081,PS01179,46,197
Q3UND0,PS50003,116,219
Q3UND0,PS50002,296,357
F4I3Z5,PS50293,1,222
F4I3Z5,PS50005,121,154
F4I3Z5,PS50005,155,188
F4I3Z5,PS50005,189,222
F4I3Z5,PS50005,412,445
F4I3Z5,PS50293,412,479
F4I3Z5,PS50005,446,479
Q10199,PS51741,16,269
Q10199,PS50002,607,670
Q94FN2,PS50077,447,485
P11441,PS50053,1,72
P11441,PS00299,27,52
P36059,PS51383,11,335
P36059,PS01049,115,125
P36059,PS01050,246,256
P36505,PS50813,197,396
P36505,PS50046,216,385
P36505,PS00245,316,325
P36505,PS50112,610,681
P36505,PS00678,625,639
P36505,PS50112,744,796
P36505,PS50109,895,1115
O15539-2,PS50132,1,72
Q8WXX0,PS50222,2240,2275
Q8WXX0,PS00018,2253,2265
Q8WXX0,PS00061,3440,3468
Q9P6J6,PS00775,211,228
Q9P6J6,PS51820,397,556
O60303,PS00256,1213,1220
Q94K05,PS00750,44,56
Q94K05,PS00751,65,81
Q8K2Y9,PS01179,67,223
Q86WH2,PS50200,79,187
Q86WH2,PS50951,187,234
Q9UBP9,PS01179,27,155
Q9UBP9,PS00687,153,160
P21550,PS00164,340,353
Q9VVI3,PS50004,52,175
Q9VVI3,PS50020,246,279
Q9VVI3,PS01159,252,277
Q9VVI3,PS50020,529,562
Q9VVI3,PS01159,535,560
Q9VVI3,PS50020,580,613
Q9VVI3,PS01159,586,611
Q9VVI3,PS50237,672,1006
Q9VVI2,PS52002,1,71
Q9VVI2,PS51512,333,369
Q9VVI2,PS51385,430,658
Q8NHQ1,PS50005,483,516
Q8NHQ1,PS50293,483,516
B6VQA1,PS50888,156,208
Q9LTT8,PS50082,233,275
Q9LTT8,PS50294,233,275
Q9LTT8,PS50082,352,394
Q9LTT8,PS50294,352,394
O76922,PS50821,281,390
O76922,PS50822,555,852
Q9UT28,PS51560,1,253
Q96L34,PS50011,59,310
Q96L34,PS00107,65,88
Q96L34,PS00108,177,189
Q96L34,PS50030,324,368
Q96L34,PS50032,703,752
P41888,PS51462,136,276
P0C2H9,PS01144,49,63
P40494,PS50011,22,298
P40494,PS00435,140,150
P40494,PS00108,154,166
P0C2H7,PS01107,125,136
P0C2H6,PS01107,125,136
Q4VRV8,PS51371,102,163
Q4VRV8,PS51371,165,221
Q4VRV8,PS00487,305,317
O94525,PS00389,691,710
P38697,PS51371,121,183
P38697,PS51371,184,240
P38697,PS00487,325,337
P38690,PS00902,210,227
P38690,PS50890,315,406
Q9SU29,PS50053,95,171
Q9SU29,PS00615,272,296
Q9SU29,PS50237,532,871
Q06409,PS51651,1410,1824
Q06698,PS50030,365,406
Q06698,PS50908,430,531
Q06698,PS51192,614,782
Q06698,PS51194,845,1020
Q06698,PS00924,1085,1095
Q56Y85,PS01202,207,223
Q9Z2R9,PS50011,167,580
Q9Z2R9,PS00107,173,197
Q9Z2R9,PS00108,436,448
Q9LZ98,PS50893,14,257
Q33DV3,PS00375,335,378
P29762,PS00214,6,23
P48009,PS51719,25,298
Q12447,PS51186,12,179
Q679P3,PS50106,9,85
Q679P3,PS50023,239,297
Q679P3,PS50023,298,357
Q679P3,PS00478,300,333
Q679P3,PS50023,358,416
Q679P3,PS00478,359,394
Q86XJ1,PS50021,48,168
Q86XJ1,PS51460,208,281
P06787,PS50222,8,43
P06787,PS00018,21,33
P06787,PS50222,44,79
P06787,PS00018,57,69
P06787,PS50222,81,116
P06787,PS00018,94,106
Q08732,PS50011,215,722
Q08732,PS00107,221,250
Q08732,PS00108,336,348
O74875,PS50255,69,145
O42943,PS50893,76,325
O42943,PS00211,221,235
O42943,PS50893,388,609
Q9UTR5,PS50010,447,634
Q9UTR5,PS50219,825,1120
O59731,PS50076,9,75
O59731,PS00636,52,71
Q9JKB1,PS52048,5,229
Q9JKB1,PS00140,89,105
P38314,PS51371,114,175
P38314,PS51371,198,256
P38314,PS51371,283,342
P38314,PS51371,443,512
O88751,PS50222,153,188
O88751,PS00018,166,178
O88751,PS50222,207,224
O88751,PS50222,230,265
O88751,PS00018,243,255
O88751,PS50222,267,298
O88751,PS00018,280,292
A1Y9I9,PS51682,42,255
P29508,PS00284,363,373
Q9LYG3,PS00331,300,316
Q9LYG3,PS00599,458,467
Q09510,PS50222,27,62
Q09510,PS00018,40,52
Q09510,PS50222,98,133
Q09510,PS50222,134,168
P47147,PS51339,155,637
P47147,PS00383,395,405
Q9V877,PS50067,87,479
Q9V877,PS00411,374,385
F4IIS5,PS50067,50,392
F4IIS5,PS00411,292,303
O75828,PS00061,181,209
Q9WV89,PS50106,19,93
Q9WV89,PS50020,500,533
Q9WV89,PS01159,506,531
Q5BGR2,PS50211,81,613
O23304,PS50011,15,293
O23304,PS00107,21,45
Q8WYK0,PS51770,5,117
Q8WYK0,PS51770,179,294
Q8WYK0,PS50848,367,512
Q9DCB4,PS51061,163,226
Q9DCB4,PS51673,227,298
O94282,PS01263,26,63
Q9C8E6,PS51840,131,284
Q6TEM9,PS50057,1,279
Q6TEM9,PS50089,384,419
Q12173,PS50158,267,281
Q07825,PS00491,621,633
Q54KF1,PS51232,20,388
Q54KF1,PS51444,601,998
P25853,PS00506,96,104
P25853,PS00679,185,195
Q91ZP9,PS50222,63,98
Q91ZP9,PS00018,76,88
Q91ZP9,PS50222,99,132
Q91ZP9,PS00018,110,122
Q91ZP9,PS51725,289,377
P53844,PS50191,139,297
Q54QT7,PS50222,6,41
Q54QT7,PS00018,19,31
Q54QT7,PS50222,57,80
Q54QT7,PS50222,89,124
Q54QT7,PS00018,102,114
Q54QT7,PS50222,130,159
Q54QT7,PS00018,137,149
Q9Y7X7,PS50913,216,264
P53849,PS50158,6,19
P53849,PS50158,25,38
P53849,PS50158,49,62
P53849,PS50158,66,82
P53849,PS50158,94,107
P53849,PS50158,117,133
P53849,PS50158,137,152
Q05193,PS51718,28,294
Q05193,PS00410,57,66
Q05193,PS50003,519,625
Q05193,PS51388,659,750
A2AG06,PS00012,163,178
F4I460,PS51844,8,57
F4I460,PS51456,62,732
F4I460,PS50096,758,787
F4I460,PS50096,783,810
F4I460,PS50096,808,835
F4I460,PS50096,831,860
F4I460,PS50096,854,883
F4I460,PS51126,1146,1447
Q99MZ8,PS50023,3,63
Q99MZ8,PS00478,5,39
Q99MZ8,PS51216,61,95
Q99MZ8,PS51216,97,131
Q99MZ8,PS50002,204,263
P53965,PS50054,121,271
P53965,PS00383,212,222
Q9Y4H4,PS50877,62,84
Q9Y4H4,PS50877,132,155
O14040,PS01175,754,778
Q9TW45,PS50011,170,421
Q9TW45,PS00107,176,199
Q9TW45,PS00108,288,300
Q9TW45,PS50030,440,482
Q9TW45,PS50032,1143,1192
O65570,PS51089,909,974
O43548,PS00547,276,293
Q9UBK8-2,PS50902,4,147
Q9UBK8-2,PS51384,271,533
Q9UBK8-3,PS50902,4,58
Q8K394,PS50003,142,252
Q8K394,PS50007,427,571
Q8K394,PS50008,619,735
Q8K394,PS50004,735,864
O22558,PS51671,174,249
O22558,PS50011,286,539
O22558,PS00108,403,415
O64682,PS50011,75,394
O64682,PS00108,201,213
P32324,PS51722,17,346
P32324,PS00301,58,73
Q02979,PS51382,1,213
Q02979,PS50297,427,625
Q02979,PS50088,538,570
Q02979,PS50088,572,604
Q02979,PS51704,872,1217
Q02979,PS50007,892,926
P41842,PS50005,389,422
P41842,PS50293,416,586
P41842,PS50005,451,484
P41842,PS50005,485,518
P41842,PS50005,519,552
P41842,PS50005,553,586
P41842,PS00226,573,581
Q02753,PS01171,37,62
Q9JI91,PS50021,38,142
Q9JI91,PS00019,40,49
Q9JI91,PS00020,114,138
Q9JI91,PS50021,151,257
Q9JI91,PS50222,753,788
Q9JI91,PS50222,789,824
Q76LL6,PS51232,18,405
Q76LL6,PS51444,1039,1435
Q76LL6,PS51231,1515,1547
Q8CDG1,PS50821,387,500
Q8CDG1,PS50822,666,957
P85968,PS00461,254,266
Q5SW96,PS01179,48,170
Q4P9P9,PS50896,19,51
Q4P9P9,PS50082,118,159
Q4P9P9,PS50294,118,395
Q4P9P9,PS50082,160,195
Q4P9P9,PS00678,179,193
Q4P9P9,PS50082,203,244
Q4P9P9,PS00678,222,236
Q4P9P9,PS50082,245,286
Q4P9P9,PS00678,264,278
Q4P9P9,PS50082,328,353
Q4P9P9,PS00678,331,345
Q4P9P9,PS50082,354,395
Q4P9P9,PS00678,373,387
O75005,PS00178,139,150
O75005,PS00041,780,824
Q9ULL8,PS50106,10,92
Q9ULL8,PS51307,1208,1487
Q9MA55,PS51228,12,106
Q9P6K0,PS50961,319,408
Q8BL48,PS50103,84,113
Q8BL48,PS50103,124,154
Q8BL48,PS50103,215,241
Q8BL48,PS50103,251,285
Q8BL48,PS50103,293,321
Q6AY43,PS00036,144,159
Q6Q6R3,PS50023,3,64
Q6Q6R3,PS00478,5,39
Q6Q6R3,PS50023,122,182
P10986,PS00406,54,64
P10986,PS01132,105,117
P10986,PS00432,357,365
Q10235,PS50053,4,81
Q10235,PS00845,172,205
Q10235,PS50245,174,216
Q8NEX9,PS00061,159,187
Q920M2,PS50089,20,66
Q920M2,PS00518,35,44
Q920M2,PS50188,142,352
P05745,PS01190,52,62
Q99JY3,PS51720,28,219
P41252,PS00178,48,59
A6BLY7,PS51842,84,399
Q06278,PS51085,5,92
Q06278,PS00197,44,52
Q06278,PS51387,236,421
Q06278,PS00559,806,841
P34220,PS01090,222,232
P34220,PS01091,313,329
Q9NR46,PS51021,24,287
Q9NR46,PS50002,335,395
Q06504,PS51186,2,172
A6H687,PS50250,229,397
O94513,PS50250,245,423
O94513,PS00036,282,295
P50946,PS50054,72,230
O94518,PS50294,239,330
O94518,PS00678,259,273
O94518,PS50082,287,321
Q924M7,PS00965,129,137
Q924M7,PS00966,276,301
Q96KP4,PS00759,130,169
O59838,PS01036,340,354
O70305,PS52002,237,314
Q8IUD6,PS50089,21,63
Q8IUD6,PS00518,36,45
Q8IUD6,PS50188,241,432
P38689,PS00114,131,146
Q86YV0,PS50004,284,404
Q86YV0,PS50018,474,682
Q86YV0,PS00509,606,620
Q12453,PS00599,684,693
O01775,PS50011,4,267
O01775,PS00107,10,35
O01775,PS00108,133,145
Q9NQR4,PS50263,4,248
Q12690,PS01104,70,84
Q1PSW8,PS50089,12,94
Q1PSW8,PS00518,60,69
Q1PSW8,PS50119,260,301
Q1PSW8,PS50194,466,567
Q1PSW8,PS51125,580,623
Q1PSW8,PS51125,627,670
Q1PSW8,PS51125,674,717
Q1PSW8,PS51125,721,764
Q1PSW8,PS51125,768,811
Q1PSW8,PS51125,815,855
Q9NP86,PS50222,28,63
Q9NP86,PS00018,41,53
Q9NP86,PS50222,82,99
Q9NP86,PS50222,105,140
Q9NP86,PS00018,118,130
Q9NP86,PS50222,142,173
Q9NP86,PS00018,155,167
Q9YGX5,PS50102,304,401
P52304,PS50011,25,277
P52304,PS00108,144,156
P52304,PS50078,391,469
P52304,PS50078,491,572
G5ECQ3,PS50011,47,317
G5ECQ3,PS00108,174,186
Q9C0B0,PS50103,84,113
Q9C0B0,PS50103,124,154
Q9C0B0,PS50103,215,241
Q9C0B0,PS50103,251,285
Q9C0B0,PS50103,293,321
Q11002,PS50222,1,14
Q11002,PS50203,88,387
Q11002,PS00139,137,148
Q11002,PS50222,595,614
Q11002,PS50222,699,734
Q11002,PS00018,712,724
Q11002,PS50222,735,764
Q11002,PS50222,780,799
O01510,PS51189,1053,1535
O01510,PS50290,1754,2099
O01510,PS51190,2290,2322
Q8MXI4,PS50011,49,350
Q8MXI4,PS00107,55,79
Q8MXI4,PS01351,84,187
P83780,PS51463,10,548
P83780,PS00765,272,285
P83780,PS00174,498,515
P18963,PS50018,1725,1930
P18963,PS00509,1855,1869
P53145,PS51721,188,394
P53924,PS50006,295,358
P53924,PS50089,433,477
Q9Z0U5,PS51085,4,91
Q9Z0U5,PS00197,43,51
Q9Z0U5,PS51387,235,420
Q9Z0U5,PS00559,801,836
Q10434,PS00748,176,184
Q10434,PS00749,230,240
P00924,PS00164,343,356
Q9UTK6,PS50174,115,161
Q5T5Y3,PS50021,216,331
Q5T5Y3,PS51508,1463,1597
A1ZAB5,PS51823,424,666
Q9M0Y9,PS50108,30,43
Q9Y7Y8,PS00178,269,280
P53327,PS51192,297,485
P53327,PS51194,516,735
P53327,PS51192,1149,1324
P53327,PS51194,1355,1550
Q8SX86,PS50181,264,309
Q86VQ3,PS51352,429,553
O81644,PS51089,911,976
O60078,PS51176,5,285
O81643,PS51089,844,909
Q8CI75,PS01175,686,710
O60072,PS51192,287,479
O60072,PS51194,513,723
O60072,PS51192,1144,1319
O60072,PS51194,1351,1546
Q8TER5,PS50010,1085,1253
Q8TER5,PS50003,1265,1372
O95835,PS50030,100,141
O95835,PS50011,705,1010
O95835,PS00108,824,836
O95835,PS51285,1011,1090
B5DF11,PS51036,8,42
B5DF11,PS51039,148,194
P35900,PS51842,70,381
P35900,PS00226,367,375
B0BNN3,PS51144,4,261
B0BNN3,PS00162,106,122
O36023,PS51719,92,367
O36023,PS00675,98,111
Q9JIM4,PS50054,26,170
Q9JIM4,PS50056,87,149
Q9JIM4,PS00070,299,310
Q6NUP7,PS50077,213,250
Q6NUP7,PS50077,252,290
Q9D0M5,PS01239,55,69
P63073,PS00813,90,113
Q9H3Y6,PS50002,51,112
Q9H3Y6,PS50001,120,212
Q9H3Y6,PS50011,230,488
Q9H3Y6,PS00107,236,258
Q9H3Y6,PS00109,346,358
O22765,PS00167,57,70
Q12213,PS00634,102,134
Q9D0S4,PS51065,23,244
Q9D0S4,PS50225,250,285
P85973,PS01240,79,120
Q99426,PS00845,183,214
Q99426,PS50245,183,225
O13629,PS51733,49,225
P41279,PS50011,138,388
P41279,PS00108,249,261
O43024,PS51140,77,120
P11353,PS01021,190,214
Q38SD2,PS50297,53,218
Q38SD2,PS51450,279,300
Q38SD2,PS51450,303,324
Q38SD2,PS51450,330,351
Q38SD2,PS51450,353,374
Q38SD2,PS51450,381,402
Q38SD2,PS51450,405,426
Q38SD2,PS51450,451,472
Q38SD2,PS51450,474,495
Q38SD2,PS51450,498,519
Q38SD2,PS51450,549,570
Q38SD2,PS51450,572,594
Q38SD2,PS51424,632,826
Q38SD2,PS50011,1242,1525
A9JRD8,PS50097,123,193
P40017,PS00439,23,38
P40017,PS00440,398,424
Q9JMC1,PS52082,413,730
Q9UHR4,PS51338,1,249
Q9UHR4,PS50002,339,402
Q9NYS0,PS51419,1,192
O04314,PS51752,2,142
O04314,PS51752,152,295
P48034,PS51085,5,92
P48034,PS00197,44,52
P48034,PS51387,236,421
P48034,PS00559,807,842
P04449,PS01073,8,25
Q3UP24,PS50209,1,88
Q3UP24,PS50837,163,252
Q9IA88,PS50011,26,277
Q9IA88,PS00107,32,55
Q9IA88,PS00108,144,156
Q9IA88,PS50030,302,342
Q95QC4,PS50309,211,298
Q95QC4,PS00091,306,337
Q95QC4,PS50309,340,423
Q95QC4,PS50011,482,743
Q95QC4,PS00108,600,612
Q8WUN7,PS50053,152,225
Q16584,PS50002,41,105
Q16584,PS50011,117,379
Q16584,PS00107,123,144
Q16584,PS00108,237,249
O61235,PS51402,20,497
O61235,PS00438,60,76
O61235,PS00437,350,358
G5DGA8,PS00061,149,177
O94614,PS50005,315,348
O94614,PS50293,315,348
O94614,PS50005,512,545
O94614,PS50293,512,545
O14727,PS50209,1,90
O14727,PS50082,611,652
O14727,PS50294,611,1212
O14727,PS50082,653,694
O14727,PS00678,672,686
O14727,PS50082,695,738
O14727,PS00678,716,730
O14727,PS50082,739,780
O14727,PS00678,758,772
O14727,PS50082,878,910
O14727,PS50082,999,1031
O14727,PS50082,1040,1080
O14727,PS50082,1081,1115
O14727,PS50082,1123,1164
O14727,PS00678,1142,1156
Q08873,PS50021,26,136
Q9S7H3,PS50294,144,423
Q9S7H3,PS50082,161,202
Q9S7H3,PS50082,245,277
Q9S7H3,PS00678,316,330
Q9S7H3,PS50082,382,415
Q9S7H3,PS00678,401,415
Q9VXH6,PS50203,18,331
Q9VXH6,PS50222,552,587
Q9N1F5,PS50404,22,101
Q9N1F5,PS50405,106,225
O61125,PS50011,20,273
O61125,PS00107,26,50
O61125,PS50951,411,458
Q9UUJ1,PS01132,104,116
O59679,PS50010,72,268
Q3SY84,PS51842,130,443
Q3SY84,PS00226,429,437
O59672,PS50893,183,459
O59672,PS00211,355,369
O59672,PS50893,518,734
Q7Z569,PS50089,264,304
Q7Z569,PS50271,301,393
A8MTJ3,PS51882,32,354
P47897,PS00178,270,281
Q08911,PS00670,232,254
Q08911,PS00671,261,277
P0CT22,PS00670,232,254
P0CT22,PS00671,261,277
Q6P7F1,PS51022,23,79
Q6P7F1,PS51022,86,136
Q6P7F1,PS50106,153,234
Q6P7F1,PS50002,241,311
Q6P7F1,PS50052,426,615
Q6P7F1,PS00856,461,478
O14618,PS50846,11,74
O14618,PS00332,219,230
Q9P0V9,PS51719,63,329
Q9LK22,PS50033,104,180
H9TB17,PS51085,4,91
H9TB17,PS00197,43,51
H9TB17,PS51387,234,419
H9TB17,PS00559,800,835
Q5U259,PS50102,20,98
Q5U259,PS50102,106,186
Q5U259,PS50102,244,322
O74945,PS51722,17,246
Q8WZJ7,PS00721,412,422
Q8WZJ7,PS00722,700,711
Q8CGY6,PS50005,6,39
Q8CGY6,PS50293,6,110
Q8CGY6,PS50005,43,76
Q8CGY6,PS50005,77,110
Q12463,PS51627,2,433
Q12463,PS00092,288,294
P17174,PS00105,256,269
Q9C037,PS50089,12,53
Q9C037,PS00518,27,36
Q9C037,PS50119,82,123
Q9C037,PS50188,288,500
P29348,PS51882,32,354
Q96ED9,PS50021,6,122
O94477,PS51844,7,62
O94477,PS51456,73,766
O94477,PS50096,840,869
O94477,PS50096,888,917
O94477,PS51126,1163,1431
O94474,PS50005,2,35
O94474,PS50293,2,69
O94474,PS50005,36,69
O94474,PS50293,448,497
O94474,PS50005,497,530
O94474,PS50293,538,792
O94474,PS50005,575,608
O94474,PS50005,650,683
O94474,PS50005,684,717
O94474,PS50005,718,751
O94474,PS50005,759,792
O94474,PS50293,915,1031
O94474,PS50005,930,963
O94474,PS50005,964,997
O94474,PS50005,998,1031
O94474,PS50005,1124,1157
O94474,PS50005,1167,1200
O94474,PS50293,1167,1237
B0G0Y8,PS51845,137,458
B0G0Y8,PS00126,253,264
O60114,PS51192,641,811
O60114,PS51194,886,1064
O42923,PS50102,202,280
Q75QN6,PS00678,116,130
Q75QN6,PS50054,703,848
Q75QN6,PS50056,768,824
Q75QN6,PS00383,790,800
Q147X3,PS51186,214,362
P47169,PS50902,682,831
P47169,PS00365,1343,1359
Q5SW79,PS50006,23,73
P05089,PS51409,1,311
P05089,PS01053,230,251
O00743,PS00125,110,115
Q8UVX0,PS50821,276,388
Q8UVX0,PS50822,552,844
P38254,PS51221,343,734
Q9C102,PS51278,69,469
Q9C104,PS51382,1,96
Q9C104,PS50297,298,453
Q9C104,PS50088,366,398
Q9C104,PS50088,400,432
Q9C104,PS51704,747,1066
Q9C104,PS50007,768,802
Q23985,PS50918,35,118
Q23985,PS50918,119,201
Q23985,PS50089,548,600
Q23985,PS00221,559,567
Q5JY77,PS00213,400,411
Q5JY77,PS00213,774,785
Q5JY77,PS00213,962,975
Q5JY77,PS00213,996,1008
P23298,PS50004,1,118
P23298,PS50081,171,222
P23298,PS00479,172,224
P23298,PS50081,245,295
P23298,PS00479,246,295
P23298,PS50011,355,614
P23298,PS00107,361,384
P23298,PS00108,475,487
P23298,PS51285,615,683
Q8VDD5,PS51844,27,77
Q8VDD5,PS51456,81,776
Q8VDD5,PS50096,779,808
P32525,PS50238,181,359
Q9QX73,PS50002,15,74
Q9QX73,PS50010,110,294
Q9QX73,PS50003,325,432
Q8CH77,PS00387,382,388
Q9USR3,PS51545,1305,1491
Q9USR3,PS50290,1593,1861
Q9USR3,PS00915,1623,1637
Q9USR3,PS00916,1716,1736
E9Q735,PS51698,949,1023
Q09798,PS50235,473,814
C7AE94,PS51682,8,234
C7AE94,PS00018,151,163
Q9V3Z6,PS51456,63,733
Q9V3Z6,PS01037,544,561
Q9V3Z6,PS50096,736,765
Q9V3Z6,PS50096,759,788
Q9V3Z6,PS50096,805,829
Q9V3Z6,PS50096,831,857
Q9V3Z6,PS51016,1008,1245
Q9V3Z6,PS50057,1250,1560
Q9V3Z6,PS50002,1558,1627
Q9V3Z6,PS51016,1701,1849
Q9V3Z6,PS50057,1855,2158
O14192,PS00092,118,124
Q550F6,PS50309,21,98
Q550F6,PS50309,194,277
Q8W2B8,PS00101,266,294
Q92598,PS01036,338,352
Q8TF74,PS51082,36,53
Q8WVN8,PS50127,204,368
P43643,PS51722,5,230
P43643,PS00301,61,76
P35237,PS00284,349,359
P35236,PS50055,97,350
P35236,PS50056,268,341
P35236,PS00383,289,299
Q9QZR6,PS51719,275,546
Q9QZR6,PS00177,544,552
O60060,PS51273,225,412
P87308,PS50179,20,149
Q18510,PS51417,11,181
P53010,PS50235,505,855
P00359,PS00071,148,155
Q61166,PS50021,14,116
Q61166,PS51230,185,255
Q86XT4,PS50089,16,57
Q86XT4,PS00518,31,40
Q86XT4,PS50119,84,125
Q86XT4,PS50188,276,475
Q09312,PS50303,162,566
Q09312,PS50302,187,225
Q09312,PS50302,226,264
Q09312,PS50302,271,307
Q09312,PS50302,308,332
Q09312,PS50302,345,384
Q09312,PS50302,400,436
Q09312,PS50302,438,473
Q09312,PS50302,484,521
Q96JB8,PS51022,24,80
Q96JB8,PS51022,87,137
Q96JB8,PS50106,154,235
Q96JB8,PS50002,242,312
Q96JB8,PS50052,427,616
Q96JB8,PS00856,462,479
O23512,PS00120,81,90
Q8IYB7,PS01175,688,712
Q8CFW7,PS50004,1031,1209
G5EC24,PS50001,10,113
G5EC24,PS50001,134,232
G5EC24,PS50055,264,580
G5EC24,PS50056,487,571
G5EC24,PS00383,516,526
P12844,PS51844,33,82
P12844,PS51456,86,791
P12844,PS50096,794,823
Q10447,PS50011,388,637
P00958,PS00178,205,216
Q9BSL1,PS50030,187,231
Q9BSL1,PS50030,288,328
Q9JI78,PS51398,451,651
Q12265,PS00114,242,257
O14306,PS52082,784,1128
Q9UKF7,PS52086,1,252
Q8IWV7,PS51157,97,168
Q8IWV7,PS00732,618,627
Q6DUB4,PS51419,3,206
Q6DUB4,PS00675,11,24
P57796,PS50222,129,164
P57796,PS00018,142,154
P57796,PS50222,183,200
P57796,PS50222,206,241
P57796,PS00018,219,231
P57796,PS50222,243,275
P57796,PS00018,256,268
P02994,PS51722,5,240
P02994,PS00301,61,76
O60085,PS01202,194,210
O60086,PS00430,1,106
O60086,PS51671,72,149
Q14152,PS50250,315,498
Q9LDN0,PS50067,91,426
Q9LDN0,PS00411,321,332
Q1K9C2,PS50902,728,876
Q9SQ68,PS00798,46,63
Q9SQ68,PS00062,150,167
Q9SQ68,PS00063,261,276
Q9SQ69,PS00798,46,63
Q9SQ69,PS00062,150,167
Q9SQ69,PS00063,261,276
Q9SQ67,PS00798,46,63
Q9SQ67,PS00062,150,167
Q9SQ67,PS00063,261,276
Q9D291,PS51858,5,149
P07347,PS51186,35,195
Q03690,PS51823,339,596
Q9UPY8,PS50021,14,116
Q9UPY8,PS51230,194,264
P42843,PS50181,54,100
Q5GIS3,PS50082,52,93
Q5GIS3,PS50294,52,341
Q5GIS3,PS00678,71,85
Q5GIS3,PS50082,140,180
Q5GIS3,PS00678,158,172
Q5GIS3,PS50082,181,222
Q5GIS3,PS50082,223,264
Q5GIS3,PS00678,286,300
Q5GIS3,PS50082,309,341
Q9UPY3,PS51192,51,227
Q9UPY3,PS51194,433,602
Q9UPY3,PS51327,630,722
Q9UPY3,PS50821,895,1042
Q9UPY3,PS50142,1283,1372
Q9UPY3,PS50142,1666,1824
Q9UPY3,PS00517,1702,1710
Q9UPY3,PS50137,1849,1914
O74407,PS00061,58,86
O74407,PS50862,254,580
Q9BKZ9,PS50020,233,266
Q9BKZ9,PS01179,330,456
Q9BKZ9,PS01179,499,615
Q9BKZ9,PS00290,583,589
Q9BKZ9,PS00646,617,630
Q9UDY6,PS50089,16,61
Q9UDY6,PS00518,31,40
Q9UDY6,PS50119,94,135
Q9UDY6,PS50188,292,481
Q9VHP0,PS51195,295,323
Q9VHP0,PS51192,326,515
Q9VHP0,PS00039,457,465
Q9VHP0,PS51194,542,693
Q12000,PS50103,87,114
Q12000,PS50103,158,196
Q7M3S9,PS50089,897,932
Q9NWZ3,PS50011,186,454
Q9VUX2,PS51416,100,168
Q9VUX2,PS50135,174,226
Q9VUX2,PS01357,179,206
Q9VUX2,PS51416,237,315
Q9VUX2,PS52085,342,409
Q9VUX2,PS52085,420,486
Q9VUX2,PS50297,557,822
Q9VUX2,PS50088,567,599
Q9VUX2,PS50088,600,632
Q9VUX2,PS50088,633,665
Q9VUX2,PS50088,666,698
Q9VUX2,PS50088,735,759
Q9VUX2,PS50088,769,801
Q9VUX2,PS50089,970,1005
Q9VUX2,PS50089,1017,1052
Q9VUX2,PS50089,1183,1216
Q03002,PS50011,41,313
Q03002,PS00107,47,80
Q03002,PS00108,171,183
O74452,PS50102,426,503
P49638,PS50191,88,253
P38063,PS00114,140,155
Q42403,PS51352,1,113
Q42403,PS00194,31,49
Q54I79,PS00432,364,372
Q9R1S0,PS51381,9,127
Q96K76,PS50235,188,564
Q96K76,PS00972,189,204
Q96K76,PS00973,487,504
P34370,PS52082,1,286
Q9U1M8,PS51456,13,688
Q9U1M8,PS50096,691,719
Q9U1M8,PS51016,1155,1313
Q9U1M8,PS50057,1318,1620
Q9U1M8,PS50002,1618,1678
Q9U1M8,PS51016,1894,2051
Q9U1M8,PS50057,2060,2357
F4HPR5,PS51718,59,346
P47089,PS50296,99,170
Q9SMT7,PS00455,167,178
O13839,PS50011,4,281
O13839,PS00108,147,159
P30305,PS50206,431,538
Q9LTR9,PS00975,180,188
Q9LTR9,PS00976,403,409
P39939,PS00733,73,80
Q12676,PS01011,27,50
Q12676,PS01012,121,136
Q6DGF4,PS51036,8,42
Q6DGF4,PS51039,158,204
Q9UBG3,PS50222,49,84
Q9UBG3,PS00018,62,74
P38339,PS51741,33,295
P38339,PS50238,472,663
P57752,PS51228,3,88
Q19420,PS00629,93,106
Q19420,PS00630,229,243
P47176,PS00770,237,272
Q15051,PS50096,294,323
Q15051,PS50096,387,416
Q9XEX2,PS51352,4,162
Q9UQW6,PS00737,341,357
Q9UQW6,PS00099,376,389
O14455,PS01190,52,62
Q9BU02,PS51707,5,201
Q8BIL5,PS50021,12,128
Q8BG18,PS50222,26,61
Q8BG18,PS00018,39,51
Q8BG18,PS50222,63,95
Q8BG18,PS51725,252,340
O14185,PS50021,3,109
Q1PFB9,PS50011,146,480
Q1PFB9,PS00108,267,279
Q0WPU1,PS51844,12,61
Q0WPU1,PS51456,67,737
Q0WPU1,PS50096,763,792
Q0WPU1,PS50096,836,865
Q0WPU1,PS50096,859,888
Q0WPU1,PS51126,1164,1456
Q5VST9-3,PS50835,10,100
Q5VST9-3,PS50835,110,202
Q5VST9-3,PS50835,236,322
Q5VST9-3,PS50835,331,414
Q5VST9-3,PS50853,515,612
Q5VST9-3,PS50835,701,790
Q5VST9-3,PS50835,812,884
Q5VST9-3,PS50835,886,964
Q5VST9-3,PS50835,978,1066
Q5VST9-3,PS50835,1070,1148
Q5VST9-3,PS50835,1162,1252
Q5VST9-3,PS50835,1254,1332
Q5VST9-3,PS50835,1346,1432
Q5VST9-3,PS50835,1438,1524
Q5VST9-3,PS50835,1530,1608
Q5VST9-3,PS50835,1622,1719
Q5VST9-3,PS50835,1723,1808
Q5VST9-3,PS50835,1823,1894
Q5VST9-3,PS50835,1896,1982
Q5VST9-3,PS50835,1987,2071
Q5VST9-3,PS50835,2165,2249
Q5VST9-3,PS50835,2289,2380
Q5VST9-3,PS50835,2468,2559
Q5VST9-3,PS50835,2646,2730
Q5VST9-3,PS50835,2826,2908
Q5VST9-3,PS50835,2920,2999
Q5VST9-3,PS50835,3095,3169
Q5VST9-3,PS50835,3184,3268
Q5VST9-3,PS50835,3273,3356
Q5VST9-3,PS50835,3359,3444
Q5VST9-3,PS50835,3449,3532
Q5VST9-3,PS50835,3537,3620
Q5VST9-3,PS50835,3625,3708
Q5VST9-3,PS50835,3713,3796
Q5VST9-3,PS50835,3801,3884
Q5VST9-3,PS50835,3890,3973
Q5VST9-3,PS50835,3978,4062
Q5VST9-3,PS50835,4068,4160
Q5VST9-3,PS50835,4248,4337
Q5VST9-3,PS50853,4525,4619
Q5VST9-3,PS50835,4624,4714
Q5VST9-3,PS50096,4872,4901
Q5VST9-3,PS50835,4898,4989
Q5VST9-3,PS50835,5126,5215
Q5VST9-3,PS50835,5260,5349
Q5VST9-3,PS50835,5371,5467
Q5VST9-3,PS50002,5600,5667
Q5VST9-3,PS50010,5693,5877
Q5VST9-3,PS50003,5895,6004
Q5VST9-3,PS50835,6014,6097
Q5VST9-3,PS50835,6108,6200
Q5VST9-3,PS00178,6474,6485
P57113,PS50404,4,87
P57113,PS50405,92,212
P62932,PS50145,54,96
P62932,PS50181,572,626
O18388,PS50166,27,107
O18388,PS50077,415,453
Q9SRV1,PS50144,46,180
Q9SRV1,PS50097,216,282
Q9P2K6,PS50097,5,72
Q38900,PS50072,8,171
Q38900,PS00170,56,73
F4JWB3,PS51339,181,647
F4JWB3,PS00383,438,448
O13648,PS00028,59,81
O13648,PS51678,217,543
R4ZGN4,PS51085,17,104
R4ZGN4,PS00197,56,64
R4ZGN4,PS51387,288,474
P35207,PS51192,338,496
P35207,PS51194,638,815
Q76G19,PS50106,130,199
O14077,PS00143,55,78
Q08257,PS01162,149,170
Q9SA73,PS51710,25,282
Q9SA73,PS51880,303,386
Q02833,PS50200,6,89
P32644,PS52088,648,1121
Q8K4P8,PS50004,182,318
Q8K4P8,PS50020,826,859
Q8K4P8,PS01159,832,857
Q8K4P8,PS50020,1016,1049
Q8K4P8,PS01159,1022,1047
Q8K4P8,PS50237,1269,1604
Q9D0C1,PS50089,229,270
F4JTP5,PS51671,178,252
F4JTP5,PS50011,290,543
F4JTP5,PS00108,407,419
Q9NPP4,PS50209,1,88
Q9NPP4,PS50837,163,252
P51161-2,PS00214,54,71
Q8N392,PS50238,324,523
Q12271,PS50275,142,482
Q12271,PS52082,561,863
O43048,PS50086,220,408
O43048,PS50222,576,611
O43048,PS00018,589,601
O43048,PS50222,612,647
O43048,PS00018,625,637
O95819,PS50011,25,289
O95819,PS00107,31,54
O95819,PS00108,149,161
O95819,PS50219,926,1213
Q8T2I8,PS50011,18,268
Q8T2I8,PS00107,24,47
Q8T2I8,PS00108,136,148
Q9Y7U7,PS50830,3,142
Q9Y7U7,PS50830,167,312
Q9Y7U7,PS50830,326,464
Q9Y7U7,PS50830,493,626
Q9Y7U7,PS50304,695,755
Q9Y7U6,PS50010,621,808
Q9Y7U6,PS50003,843,973
Q9Y7U6,PS50219,995,1293
Q9WVS4,PS50011,4,285
Q9WVS4,PS00107,10,33
Q9WVS4,PS00108,124,136
Q20347,PS50011,66,330
Q20347,PS00107,72,95
Q20347,PS00108,190,202
Q6ZMR3,PS51257,1,35
Q6ZMR3,PS00064,190,196
Q9SQ70,PS00798,46,63
Q9SQ70,PS00062,150,167
Q9SQ70,PS00063,261,276
Q8VHK2,PS50297,41,289
Q8VHK2,PS50088,48,80
Q8VHK2,PS50088,81,113
Q8VHK2,PS50088,114,146
Q8VHK2,PS50088,147,171
Q8VHK2,PS50088,188,220
Q8VHK2,PS50088,220,252
Q8VHK2,PS50002,281,347
Q8VHK2,PS50105,474,537
Q8VHK2,PS50105,543,607
Q9H4B7,PS00228,1,4
Q9H4B7,PS00227,140,146
Q2QYF3,PS50985,283,653
Q96G61,PS51462,17,144
Q96G61,PS00893,50,71
Q12108,PS51886,289,515
Q9Z1B2,PS50404,5,92
Q9Z1B2,PS50405,94,212
Q9Y825,PS50294,178,408
Q9Y825,PS50082,369,402
O60343,PS01179,366,438
O60343,PS50086,918,1112
Q91V36,PS50011,36,304
P81299,PS50054,196,354
P81299,PS50056,278,340
P81299,PS00383,293,303
P81299,PS50950,950,1024
Q9USH9,PS50893,276,519
Q9USH9,PS00211,421,435
Q9USH9,PS50893,594,809
Q21341,PS50186,23,107
P37012,PS00710,113,122
Q9ULP9,PS51886,343,554
P80210,PS01266,9,16
P80210,PS00513,137,148
Q9UUD0,PS51021,14,237
Q9UUD0,PS50002,421,487
O74985,PS50293,10,145
O74985,PS50293,380,447
O74985,PS50293,677,710
P15442,PS50908,17,128
P15442,PS50011,256,527
P15442,PS50011,599,981
P15442,PS00107,605,629
P15442,PS00108,831,843
Q02326,PS01170,72,90
Q8MQJ9,PS50119,174,222
Q8MQJ9,PS50119,323,366
Q8MQJ9,PS00028,340,361
Q8MQJ9,PS51125,767,810
Q8MQJ9,PS51125,814,859
Q8MQJ9,PS51125,860,901
Q8MQJ9,PS51125,902,944
Q8MQJ9,PS51125,945,988
Q12701,PS50011,99,366
Q12701,PS00107,105,128
Q12701,PS00108,219,231
A2ZDX9,PS00315,86,101
A2ZDX9,PS00823,106,113
A2ZDX9,PS00823,163,170
P50579,PS01202,246,262
Q4AC94,PS50004,521,678
Q4AC94,PS50004,787,919
Q4AC94,PS50004,985,1147
Q4AC94,PS50004,1171,1339
Q4AC94,PS50004,1403,1533
Q4AC94,PS50004,1617,1745
Q60760,PS50200,194,278
Q60760,PS50003,318,427
Q60760,PS50001,520,616
Q8C0L9,PS51166,1,115
Q8C0L9,PS51704,321,621
Q9XW79,PS00125,136,141
Q0VDF9,PS01036,332,346
O74526,PS50011,446,742
O74526,PS00108,580,592
Q6AYD6,PS50106,1,84
Q6AYD6,PS50023,281,341
Q6AYD6,PS00478,283,317
O42906,PS52071,7,266
Q2L4W6,PS50102,296,380
Q2L4W6,PS50102,384,462
P17156,PS00297,10,17
P17156,PS00329,200,213
P17156,PS01036,337,351
O94413,PS00114,130,145
Q23500,PS00450,428,444
Q23500,PS01244,494,507
Q03017,PS50088,229,251
Q03017,PS50297,229,456
Q03017,PS50088,265,297
Q03017,PS50088,361,393
Q03017,PS50088,395,427
P0C090,PS50089,14,54
P0C090,PS00518,33,42
P0C090,PS50103,410,438
Q3UIZ8,PS50011,491,746
Q3UIZ8,PS00107,497,520
Q3UIZ8,PS00108,608,620
P38344,PS00028,9,31
Q9BZR8,PS50062,270,317
Q6ZU15,PS51719,49,315
A1ZA47,PS50106,8,90
A1ZA47,PS50023,280,339
A1ZA47,PS50023,2018,2078
A1ZA47,PS50023,2079,2138
A1ZA47,PS00478,2081,2114
A1ZA47,PS50023,2139,2194
A1ZA47,PS00478,2140,2175
Q9BDB7,PS51886,1,159
Q03785,PS50011,12,337
Q03785,PS00107,18,41
Q03785,PS00108,181,193
Q8NJU8,PS00433,487,505
P53137,PS00062,244,261
P53137,PS51140,316,359
Q19286,PS51842,39,388
Q19286,PS51841,420,538
Q8TFG6,PS50112,23,53
Q8TFG6,PS50011,566,934
Q8TFG6,PS00108,686,698
Q8TFG6,PS51285,935,1044
Q8TFG6,PS50110,1200,1316
Q9DAN6,PS51800,14,41
Q9DAN6,PS51800,48,75
Q229Z6,PS50082,43,77
Q229Z6,PS50294,43,351
Q229Z6,PS00678,62,76
Q229Z6,PS50082,85,117
Q229Z6,PS50082,127,168
Q229Z6,PS50082,169,210
Q229Z6,PS00678,188,202
Q229Z6,PS50082,226,267
Q229Z6,PS50082,268,309
Q229Z6,PS00678,287,301
Q229Z6,PS50082,310,351
Q05D44,PS51722,625,842
O95848,PS51462,38,206
Q1MX18,PS00118,30,37
O44406,PS50800,92,126
P02407,PS00712,41,56
Q924T7,PS01358,300,319
Q924T7,PS50199,344,373
Q924T7,PS01358,348,367
Q924T7,PS01358,407,426
Q924T7,PS50030,558,609
Q924T7,PS51873,689,923
Q924T7,PS00518,887,896
O44408,PS50011,38,338
O44408,PS01351,73,176
O44408,PS00108,160,172
Q9H4H8,PS00178,319,329
P53808,PS50848,30,212
Q6B8I1,PS50054,37,184
Q6B8I1,PS50056,105,163
Q6B8I1,PS00383,127,137
Q8SWR8,PS52002,60,135
Q55FT4,PS50011,5,257
Q55FT4,PS00107,11,34
Q55FT4,PS00108,122,134
Q99666,PS50293,26,93
Q99666,PS50005,60,93
Q99666,PS50196,1036,1172
Q99666,PS50196,1333,1469
Q99666,PS50913,1702,1752
Q9FGX1,PS01217,168,193
Q9FGX1,PS01216,174,203
Q9FGX1,PS00399,259,275
O23826,PS50067,9,355
O23826,PS00411,255,266
G5EEM5,PS50077,179,217
G5EEM5,PS50077,464,502
I6WU39,PS51502,3,97
Q1MTQ1,PS50067,132,460
Q1MTQ1,PS00411,355,366
Q8MKF1,PS51707,5,201
P28708,PS50011,192,508
P28708,PS00107,198,225
P28708,PS00108,350,362
Q8WUY3,PS50191,2895,3056
O08582,PS51722,158,389
Q96PF2,PS50011,12,272
Q96PF2,PS00107,18,41
Q96PF2,PS00108,132,144
Q13042,PS50005,130,163
Q13042,PS50293,299,512
Q13042,PS50005,334,367
Q13042,PS50005,368,401
Q13042,PS50005,445,478
Q13042,PS50005,479,512
Q9M811,PS51334,95,456
P41805,PS01257,108,129
Q9UTI7,PS00091,477,505
P23258,PS00227,142,148
P50094,PS51371,122,183
P50094,PS51371,185,241
P50094,PS00487,326,338
B7ZFT1,PS51354,5,101
B7ZFT1,PS00195,19,35
U4PR86,PS50011,11,265
U4PR86,PS00107,17,40
U4PR86,PS00108,128,140
U4PR86,PS50032,656,705
Q9SYD8,PS51502,5,100
Q9SYD8,PS51502,116,204
Q9TU03,PS00387,13,19
Q9GZZ1,PS51186,6,155
Q27884,PS00125,108,113
Q54Q99,PS01024,80,94
Q54Q99,PS01025,205,219
Q54Q99,PS00678,222,236
Q8TC44,PS50082,14,55
Q8TC44,PS50294,14,307
Q8TC44,PS00678,33,47
Q8TC44,PS50082,56,87
Q8TC44,PS50082,98,139
Q8TC44,PS50082,140,181
Q8TC44,PS00678,159,173
Q8TC44,PS50082,192,223
Q8TC44,PS00678,201,215
Q8TC44,PS50082,224,265
Q8TC44,PS50082,266,297
Q9H9G7,PS50821,230,349
Q9H9G7,PS50822,518,819
P25704,PS00164,340,353
P42932,PS00750,44,56
P42932,PS00751,65,81
P42932,PS00995,93,101
P05619,PS00284,352,362
F4HWY6,PS51844,11,60
F4HWY6,PS51456,65,735
F4HWY6,PS50096,738,767
F4HWY6,PS50096,761,790
F4HWY6,PS50096,786,812
F4HWY6,PS50096,834,861
F4HWY6,PS50096,857,886
F4HWY6,PS00052,1121,1147
F4HWY6,PS51126,1163,1472
Q9UPQ3,PS52057,67,241
Q9UPQ3,PS50003,346,588
Q9UPQ3,PS50115,609,729
Q9UPQ3,PS50297,736,825
Q9UPQ3,PS50088,768,800
Q9LDL7,PS50985,110,490
Q54IH8,PS50011,130,437
Q54IH8,PS00107,136,159
Q54IH8,PS00108,254,266
Q54IH8,PS51285,438,510
Q9UUJ3,PS51741,3,392
Q9UUJ3,PS50238,425,622
Q06817,PS50862,10,372
Q9P940,PS51440,4,246
Q9P940,PS00171,163,173
P0CX40,PS01193,11,30
P0CE95,PS50057,84,365
P0CE95,PS00660,134,162
P0CE95,PS00661,245,274
P0CE95,PS50945,2250,2492
Q16828,PS50206,30,148
Q16828,PS50054,206,349
Q16828,PS50056,262,330
O59675,PS00632,105,129
O59675,PS50889,107,181
Q10277,PS50102,79,158
Q10277,PS50102,365,441
Q8TGA0,PS00433,460,478
Q8TGA0,PS00433,832,850
Q9HGM9,PS50005,23,56
Q9HGM9,PS50293,23,328
Q9HGM9,PS50005,59,92
Q9HGM9,PS50005,143,176
Q9HGM9,PS50005,177,210
Q9HGM9,PS50005,223,256
Q9HGM9,PS50005,261,294
Q9HGM9,PS50005,295,328
Q9HGM9,PS50076,349,414
P40976,PS00455,462,473
P40976,PS50075,880,956
P40976,PS00012,911,926
Q9C5C0,PS50011,25,316
Q9C5C0,PS00107,31,55
Q9C5C0,PS01351,60,163
Q53H96,PS00521,227,249
Q96A58,PS51421,2,195
P25567,PS50961,255,351
P54136,PS00178,201,212
P36003,PS50011,449,912
P36003,PS00107,455,478
P36003,PS00108,576,588
P36006,PS51456,36,715
P36006,PS51757,771,961
P36006,PS50002,1120,1182
P36004,PS50011,412,712
P36004,PS00108,559,571
P34217,PS50102,85,163
Q06836,PS50190,432,620
Q4JIM5,PS50002,107,167
Q4JIM5,PS50001,173,263
Q4JIM5,PS50011,288,539
Q4JIM5,PS00107,294,317
Q4JIM5,PS00109,405,417
Q91903,PS50102,66,145
Q91903,PS50102,153,233
Q91903,PS50102,306,384
Q8WXC3,PS50824,1,89
Q7TMK6,PS50021,6,122
Q804A5,PS50102,93,170
P06730,PS00813,90,113
P25157,PS51882,131,457
Q9USX7,PS50011,155,445
Q9USX7,PS00108,276,288
Q9USX7,PS51285,446,526
P38426,PS00213,848,861
P59644,PS52082,415,732
B9VRJ2,PS00798,46,63
B9VRJ2,PS00062,150,167
B9VRJ2,PS00063,261,276
P91124,PS50870,56,260
O00936,PS51456,105,780
Q91637,PS50067,198,528
Q91637,PS00411,426,437
Q21067,PS51842,51,399
Q21067,PS51841,509,622
Q21065,PS51842,71,424
Q21065,PS51841,457,574
Q20757,PS50303,121,513
Q20757,PS50302,146,184
Q20757,PS50302,185,223
Q20757,PS50302,224,260
Q20757,PS50302,261,285
Q20757,PS50302,297,335
Q20757,PS50302,347,384
Q20757,PS50302,386,421
Q20757,PS50302,432,472
Q53GT1,PS50097,50,117
Q49B96,PS51808,27,69
Q9UJC3,PS50021,12,128
Q96IV0,PS51398,454,654
Q9USU1,PS50212,590,723
Q9USU1,PS50009,752,985
Q9YH12,PS52002,1,81
Q9YH12,PS51512,288,324
Q9YH12,PS51513,365,381
Q9YH12,PS51536,384,404
P91276,PS51214,5,67
P91276,PS50176,132,174
Q9LVC6,PS51089,897,962
Q9SE42,PS01085,36,50
Q9SE42,PS01086,142,164
Q00647,PS51456,50,729
Q00647,PS51757,787,979
Q00647,PS50002,1074,1135
P17555,PS01088,16,28
P17555,PS51329,369,504
P17555,PS01089,498,509
O76003,PS51352,1,117
O76003,PS51354,134,236
O76003,PS51354,236,335
P83299,PS51144,2,258
P83299,PS00162,104,120
Q9H4A3,PS50011,221,479
Q9H4A3,PS00108,345,357
Q80UG5,PS51719,293,565
Q80UG5,PS00177,563,571
P04551,PS50011,4,293
P04551,PS00107,10,33
P04551,PS00108,130,142
Q9P789,PS50102,592,666
Q9P789,PS50303,712,1065
Q9P789,PS50302,771,808
Q9P789,PS50302,809,844
Q9P789,PS50302,846,884
Q9P789,PS50302,889,917
Q9P789,PS50302,919,954
Q9P789,PS50302,956,993
Q9P2M1,PS50005,59,92
Q9P2M1,PS50293,59,92
O43001,PS50275,144,474
O43001,PS52082,553,853
Q3TYQ9,PS51085,8,95
Q3TYQ9,PS00197,47,55
Q3TYQ9,PS51387,237,423
P00491,PS01240,79,120
Q8TF40,PS51836,37,1157
Q09697,PS51741,3,420
Q09697,PS50186,213,296
Q09697,PS50238,454,650
Q9NVR7,PS51329,290,435
Q9CA40,PS51462,7,140
Q9CA40,PS00893,41,62
Q8NHV4,PS50294,1,244
Q8NHV4,PS50082,81,114
Q8NHV4,PS00678,92,106
Q8NHV4,PS00678,178,192
Q04412,PS50115,170,297
Q54UC9,PS50067,3,329
Q54UC9,PS00411,228,239
P00360,PS00071,148,155
Q04093,PS00120,278,287
Q84TC2,PS51471,214,326
P00560,PS00111,18,28
Q7TS73,PS00430,1,88
Q23K29,PS51221,571,930
F2Z461,PS00626,27,37
F2Z461,PS50012,41,92
F2Z461,PS00626,79,89
F2Z461,PS50012,93,145
F2Z461,PS00626,132,142
F2Z461,PS50012,146,198
F2Z461,PS50012,199,253
F2Z461,PS00626,240,250
F2Z461,PS50012,254,304
F2Z461,PS50237,679,999
P41831,PS00114,128,143
P07281,PS00628,90,109
P07280,PS00628,90,109
Q94K80,PS50961,363,452
O96013,PS50108,11,24
O96013,PS50011,321,572
O96013,PS00107,327,351
P41238,PS51747,10,134
P41238,PS00903,61,100
Q99247,PS50082,264,298
Q99247,PS50294,264,305
Q99247,PS00678,283,297
Q62048,PS50168,3,81
Q9UTC7,PS50082,168,209
Q9UTC7,PS50294,168,462
Q9UTC7,PS50082,261,302
Q9UTC7,PS00678,280,294
Q9UTC7,PS50082,303,344
Q9UTC7,PS50082,345,386
Q9UTC7,PS00678,364,378
Q9UTC7,PS50082,387,421
Q9UTC7,PS50082,431,462
Q93V56,PS00387,98,104
O61585,PS50082,12,54
O61585,PS50294,12,248
O61585,PS50082,55,96
O61585,PS50082,97,138
O61585,PS00678,116,130
O61585,PS50082,139,180
O61585,PS00678,158,172
O61585,PS50082,181,222
O61585,PS00678,200,214
Q9FJX5,PS50097,60,128
Q9N5M6,PS50303,160,564
Q9N5M6,PS50302,185,223
Q9N5M6,PS50302,224,263
Q9N5M6,PS50302,269,305
Q9N5M6,PS50302,306,330
Q9N5M6,PS50302,343,382
Q9N5M6,PS50302,398,434
Q9N5M6,PS50302,436,471
Q9N5M6,PS50302,483,519
Q8IIK4,PS51130,5,214
Q8IIK4,PS01236,46,56
Q812E0,PS50102,264,351
Q812E0,PS50102,372,450
Q3V016,PS50011,11,347
Q3V016,PS00107,17,40
Q3V016,PS00108,132,144
Q76IC5,PS01333,74,90
Q76IC5,PS01334,136,150
Q5XI32,PS00231,62,67
O43402,PS50249,4,150
Q9Z335,PS50011,53,318
Q9Z335,PS00108,170,182
Q94BT9,PS50846,2,65
Q9HGL2,PS50222,8,43
Q9HGL2,PS50031,9,92
Q9HGL2,PS50222,45,77
Q9HGL2,PS50031,134,224
Q9HGL2,PS50222,166,201
Q9HGL2,PS50031,259,344
Q9HGL2,PS50222,292,327
Q9HGL2,PS00018,305,317
P26196,PS51195,96,124
P26196,PS51192,127,298
P26196,PS00039,244,252
P26196,PS51194,308,468
P36102,PS50103,8,37
P36102,PS50011,299,549
Q9VCA8,PS50297,552,1036
Q9VCA8,PS50088,618,650
Q9VCA8,PS50088,651,683
Q9VCA8,PS50088,684,716
Q9VCA8,PS50088,718,750
Q9VCA8,PS50088,751,783
Q9VCA8,PS50088,784,816
Q9VCA8,PS50088,817,849
Q9VCA8,PS50088,881,913
Q9VCA8,PS50088,914,946
Q9VCA8,PS50088,947,979
Q9VCA8,PS50088,981,1007
Q9VCA8,PS50088,2312,2344
Q9VCA8,PS50297,2312,2637
Q9VCA8,PS50088,2345,2377
Q9VCA8,PS50088,2379,2411
Q9VCA8,PS50088,2412,2444
Q9VCA8,PS50088,2447,2479
Q9VCA8,PS50088,2481,2513
Q9VCA8,PS50088,2514,2546
Q9VCA8,PS50088,2549,2581
Q9VCA8,PS50088,2582,2614
Q9VCA8,PS50084,3036,3100
O43314,PS00616,380,394
Q9C030,PS50089,15,60
Q9C030,PS00518,30,39
Q9C030,PS50119,92,133
Q9C030,PS50188,282,488
A6NK89,PS50200,1,133
P48163,PS00331,266,282
C6KT50,PS51129,11,301
C6KT50,PS01235,207,225
Q9UUF2,PS00178,231,242
Q96MI9,PS52035,686,976
Q9VWQ2,PS50011,159,435
Q9UJP4,PS50097,35,103
P85515,PS01132,109,121
P85515,PS00432,357,365
O74729,PS50072,8,172
O74729,PS00170,55,72
Q9P7I2,PS50011,31,291
Q9P7I2,PS00107,37,60
Q9P7I2,PS00108,150,162
O42854,PS50002,3,67
Q15814,PS51329,171,323
P40363,PS00120,155,164
Q64282,PS50293,136,275
Q64282,PS50005,138,171
Q64282,PS50005,242,275
Q64282,PS50293,312,401
Q64282,PS50005,329,362
Q64282,PS50005,426,459
Q64282,PS50293,426,459
O70400,PS50106,12,85
O70400,PS50023,256,315
O70400,PS00478,258,291
Q16613,PS51186,35,194
Q2QAV0,PS50011,6,256
Q2QAV0,PS00107,12,39
Q2QAV0,PS00108,123,135
Q9P6P3,PS50011,130,458
Q9P6P3,PS00107,136,159
Q9P6P3,PS00108,253,265
P30625,PS50042,122,237
P30625,PS00888,149,165
P30625,PS00889,185,202
P30625,PS50042,240,361
P30625,PS00888,267,283
P30625,PS00889,309,326
P40561,PS50102,64,141
Q8LFL8,PS52002,10,85
Q9C0I1,PS51339,205,643
P51668,PS50127,1,147
P51668,PS00183,74,89
Q920B0,PS50057,59,361
Q920B0,PS00661,230,259
Q5VCS6,PS51644,7,80
Q5VCS6,PS51644,122,197
Q5VCS6,PS51644,291,365
Q5VCS6,PS50304,533,592
P46614,PS00110,239,251
Q8MUF9,PS50004,15,123
P14127,PS00712,41,56
Q9U489,PS50119,366,412
Q9U489,PS50194,759,817
Q9U489,PS51125,835,875
Q9U489,PS51125,879,922
Q9U489,PS51125,926,969
Q9U489,PS51125,985,1017
Q9U489,PS51125,1022,1065
Q9U489,PS51125,1120,1147
O94324,PS50011,528,877
O94324,PS00108,648,660
Q6PKG0,PS50961,397,487
Q6PKG0,PS00191,652,659
Q9USR0,PS50294,43,283
Q9USR0,PS00678,63,77
Q9USR0,PS50082,99,141
Q9USR0,PS50082,185,227
Q9USR0,PS00678,205,219
Q9USR0,PS50082,242,283
Q9USR0,PS00678,261,275
Q10225,PS50297,51,110
Q10225,PS50097,167,223
Q10225,PS50097,306,373
P09052,PS51195,245,273
P09052,PS51192,276,453
P09052,PS00039,397,405
P09052,PS51194,477,624
O14319,PS51140,17,60
G3X982,PS51085,8,95
G3X982,PS00197,47,55
G3X982,PS51387,236,421
Q960N3,PS50294,243,326
Q960N3,PS50082,285,317
Q960N3,PS50082,429,451
P39016,PS50303,188,596
P39016,PS50302,209,247
P39016,PS50302,248,283
P39016,PS50302,284,320
P39016,PS50302,325,362
P39016,PS50302,363,404
P39016,PS50302,409,438
P39016,PS50302,439,474
P39016,PS50302,503,539
Q9V3P0,PS51352,2,160
Q922Y1,PS50030,1,42
Q922Y1,PS50033,209,291
P32909,PS50829,205,261
O13837,PS00600,299,338
P49025,PS50011,97,359
P49025,PS00107,103,126
P49025,PS00108,217,229
P49025,PS51285,360,430
P49025,PS00867,1171,1178
P49025,PS50081,1388,1437
P49025,PS00479,1389,1437
P49025,PS50003,1469,1589
P49025,PS50219,1617,1907
Q9CA51,PS51523,39,88
Q04409,PS51748,12,498
Q04409,PS00378,160,185
P23128,PS51195,58,86
P23128,PS51192,89,259
P23128,PS00039,205,213
P23128,PS51194,269,429
Q9P209,PS51450,55,76
Q9P209,PS51450,77,98
Q9GN62,PS50011,183,446
Q9GN62,PS00107,189,212
Q9GN62,PS00108,306,318
Q9W590,PS51721,165,395
Q9SHS8,PS51721,158,362
Q09757,PS00632,105,129
Q09757,PS50889,107,181
Q9ERC1,PS50297,79,306
Q9ERC1,PS50088,92,124
Q9ERC1,PS50088,125,157
Q9ERC1,PS50088,221,253
Q9ERC1,PS50088,257,286
Q9ERC1,PS51456,401,1144
Q9ERC1,PS50096,1146,1175
Q53GG5,PS50106,9,84
Q53GG5,PS50023,292,351
Q53GG5,PS00478,294,327
Q9H7D7,PS50896,123,155
Q9H7D7,PS50897,156,231
Q9H7D7,PS50082,351,392
Q9H7D7,PS50294,351,641
Q9H7D7,PS50082,397,428
Q9H7D7,PS50082,609,641
O13944,PS50866,1,131
O13944,PS50003,149,243
O13944,PS01013,673,684
Q8NEL9,PS51043,611,886
O13943,PS50211,11,437
Q18066,PS50835,323,417
Q18066,PS50835,422,521
Q18066,PS50835,529,626
Q28283,PS50011,61,308
Q2PQA9,PS50067,8,325
Q2PQA9,PS00411,225,236
Q96P47,PS52057,87,261
Q96P47,PS50003,367,605
Q96P47,PS50115,626,746
Q96P47,PS50297,753,842
Q96P47,PS50088,785,817
Q9FKW8,PS50206,26,128
Q6P9H5,PS51720,38,240
P32589,PS00329,201,214
P32589,PS01036,338,352
Q8CIQ7,PS50002,6,67
Q8CIQ7,PS51650,421,598
Q8CIQ7,PS51651,1225,1632
Q9C8M3,PS50404,6,85
Q9C8M3,PS50405,91,217
O42845,PS50089,192,238
O42845,PS00518,213,222
Q9WVP9,PS51718,60,333
Q9WVP9,PS00410,88,97
Q9WVP9,PS51388,567,655
P48375,PS50059,20,108
Q58EE9,PS51842,81,389
Q58EE9,PS00226,375,383
Q9USV4,PS50103,134,172
Q24311,PS50069,416,647
Q24311,PS01256,747,774
Q9QZH7,PS50181,22,68
Q3BBV0,PS51316,165,259
Q3BBV0,PS51316,436,530
Q3BBV0,PS51316,707,799
Q3BBV0,PS51316,800,888
Q3BBV0,PS51316,891,946
Q3BBV0,PS51316,947,1038
Q3BBV0,PS51316,1041,1114
Q3BBV0,PS51316,1116,1214
Q9V3B4,PS50017,151,237
Q9P6K4,PS51836,35,842
Q5MPA9,PS50309,72,158
Q5MPA9,PS50309,196,279
Q5MPA9,PS50011,409,666
Q5MPA9,PS00107,415,438
Q5MPA9,PS00108,526,538
Q8K1H1,PS51644,3,76
Q8K1H1,PS51644,222,291
Q8K1H1,PS51644,325,394
Q8K1H1,PS50304,501,558
Q8K1H1,PS50304,691,748
Q9Z320,PS51842,74,389
Q08689,PS51186,14,176
Q9VA38,PS50011,719,1020
Q9VA38,PS00107,725,749
Q9VA38,PS00108,839,851
Q9VA38,PS51285,1021,1091
Q9VU87,PS51495,1,144
P0CX36,PS00528,8,22
P0CX36,PS50889,42,105
P0CX35,PS00528,8,22
P0CX35,PS50889,42,105
P0CX30,PS00055,62,69
P0CX39,PS01193,11,30
P62158,PS50222,8,43
P62158,PS00018,21,33
P62158,PS50222,44,79
P62158,PS00018,57,69
P62158,PS50222,81,116
P62158,PS00018,94,106
P62158,PS50222,117,149
P62158,PS00018,130,142
E9PT87,PS50011,482,737
E9PT87,PS00107,488,511
E9PT87,PS00108,599,611
P14315-2,PS00231,62,67
O43307,PS50002,8,67
O43307,PS50010,103,287
O43307,PS50003,318,425
Q2LE78,PS50097,127,197
Q9NUV9,PS51720,28,230
Q6AXZ5,PS01360,394,430
Q6AXZ5,PS50865,394,430
Q8T135,PS50067,6,330
Q8T135,PS00411,229,240
P97434,PS50003,43,150
P97434,PS50003,386,482
Q9GV41,PS00798,42,59
Q9GV41,PS00062,124,141
F4IIU4,PS51450,293,314
F4IIU4,PS51450,315,335
F4IIU4,PS51450,339,360
F4IIU4,PS51450,361,381
F4IIU4,PS51450,382,403
F4IIU4,PS51450,404,425
Q24145,PS50001,10,106
Q24145,PS50297,124,275
Q24145,PS50088,153,185
Q24145,PS50088,186,218
Q24145,PS50088,220,241
Q24145,PS50001,288,403
Q24145,PS50011,662,921
Q24145,PS00107,668,698
Q24145,PS00109,785,797
P07259,PS51273,228,413
P07259,PS50975,562,754
P07259,PS00866,593,607
P07259,PS00867,723,730
P07259,PS50975,1099,1290
P07259,PS00866,1130,1144
P07259,PS00867,1259,1266
P07259,PS51855,1356,1508
P07259,PS00097,1956,1963
Q9FV49,PS01202,209,225
Q9Y2I6,PS50222,7,42
Q9Y2I6,PS50222,60,76
Q9Y2I6,PS50222,196,231
Q9Y2I6,PS50222,233,268
Q9Y2I6,PS00018,246,258
Q54HG2,PS50021,8,115
Q54HG2,PS00019,10,19
Q54HG2,PS50021,124,229
Q2V2M9,PS51232,18,411
Q2V2M9,PS51444,883,1279
Q2V2M9,PS51231,1359,1391
Q2V2M9-4,PS51232,18,411
Q2V2M9-4,PS51444,1075,1471
Q2V2M9-4,PS51231,1559,1591
O42844,PS50011,65,351
O42844,PS00107,71,98
O42844,PS00108,184,196
O65902,PS01088,5,17
O65902,PS51329,316,453
Q9W1I9,PS50059,103,192
Q54NW4,PS00053,78,95
Q54NW4,PS50023,205,262
Q54NW4,PS00478,207,240
Q54NW4,PS50023,263,322
Q54NW4,PS00478,265,298
Q54NW4,PS50023,328,387
Q54NW4,PS50023,388,447
Q54NW4,PS00478,390,423
Q54NW4,PS50023,448,505
Q54NW4,PS00478,449,482
Q8STE5,PS51335,339,485
P38620,PS00114,132,147
P38623,PS50011,163,478
P38623,PS00107,169,201
P38623,PS00108,309,321
P38990,PS50011,133,448
P38990,PS00107,139,162
P38990,PS00108,273,285
P23403,PS00361,43,58
P38627,PS51273,305,564
Q96VB9,PS01036,338,352
Q12756,PS50067,5,354
Q12756,PS00411,242,253
Q12756,PS50006,516,572
Q12756,PS50003,1575,1673
Q9SUW2,PS00103,126,138
Q8ND56,PS52002,1,81
Q8ND56,PS51512,284,320
Q8ND56,PS51513,361,377
Q8ND56,PS51536,380,400
Q8TED4,PS51257,1,35
Q8TED4,PS50850,25,485
Q7X911,PS50275,128,456
Q9DAV9,PS00047,283,287
P40557,PS51352,22,142
P40557,PS00194,52,70
Q6QLL4,PS00061,170,198
Q96JJ7,PS51352,10,131
Q96JJ7,PS00194,45,63
P18031,PS50055,3,277
P18031,PS50056,189,268
P18031,PS00383,213,223
Q9D1Q6,PS51352,18,141
Q9D1Q6,PS00014,403,406
Q99287,PS51715,34,263
P38755,PS01013,153,164
Q9FFS0,PS50845,68,257
P05177,PS00086,451,460
Q06107,PS50922,95,302
P49333,PS50813,139,308
P49333,PS50109,350,585
P49333,PS50110,611,729
Q6A152,PS00086,445,454
Q9UBM7,PS01017,213,228
Q9UBM7,PS01018,439,462
Q08986,PS00218,105,136
Q6P179,PS00142,367,376
Q96LT4,PS50105,12,78
Q7M3I4,PS00061,170,198
Q8BLF1,PS01174,185,197
Q9GZR5,PS01188,154,162
Q10084,PS50850,108,536
Q0WPQ2,PS50813,170,332
Q0WPQ2,PS50110,647,766
O00767,PS00476,294,308
Q5RJY4,PS51257,1,31
Q5RJY4,PS00061,194,222
Q7XI45,PS51318,1,33
Q9FMY1,PS00086,481,490
Q10061,PS00329,219,232
Q10061,PS01036,368,382
Q10061,PS00014,845,848
Q86SQ9,PS01066,201,218
Q9JHP7,PS50194,24,130
Q9JHP7,PS00014,499,502
Q5VV42,PS51449,64,172
Q5VV42,PS51918,200,431
Q5VV42,PS01278,208,228
Q5VV42,PS50926,431,493
Q4N4N8,PS51352,13,141
O59712,PS51382,1,294
Q9BRL7,PS50859,8,119
A1L3X0,PS01188,143,151
P53337,PS01339,277,291
Q9JLA3,PS00014,1548,1551
Q6R0J2,PS00061,170,198
P16474,PS00297,55,62
P16474,PS00329,242,255
P16474,PS01036,379,393
P16474,PS00014,679,682
P38717,PS50003,309,423
P38717,PS51778,771,976
Q9BY08,PS51751,39,184
Q99PG0,PS01173,106,121
Q99PG0,PS01174,182,194
Q8VY69,PS50859,10,114
Q8VY69,PS50892,130,186
Q03714,PS50053,259,318
Q8HZR1,PS50026,35,73
Q8HZR1,PS50292,115,603
Q9P8E3,PS00755,76,95
Q9P8E3,PS00756,166,184
O35052,PS01315,375,401
Q08227,PS52082,1,327
O76062,PS01017,167,182
O76062,PS01018,382,405
Q91W90,PS51352,27,155
Q91W90,PS00194,67,85
Q91W90,PS51352,156,281
Q91W90,PS00194,195,213
Q91W90,PS51352,289,417
Q91W90,PS00194,327,345
Q91W90,PS00014,414,417
P70227,PS50919,113,173
P70227,PS50919,174,224
P70227,PS50919,232,288
P70227,PS50919,295,372
P70227,PS50919,378,434
P70227,PS00307,1469,1475
Q9Z0F5,PS00070,273,284
Q9M2U2,PS50244,199,280
Q9C5U2,PS50839,302,526
Q9C5U2,PS50109,594,862
Q9C5U2,PS50110,891,1013
Q9C5U2,PS50110,1036,1173
Q9C5U0,PS50839,198,411
Q9C5U0,PS50109,479,760
Q9C5U0,PS50110,786,920
Q9C5U0,PS50110,946,1071
P49858,PS01340,29,43
Q9W5D4,PS50919,318,374
Q9W5D4,PS50919,384,440
Q9W5D4,PS50919,445,501
Q38870,PS50011,186,444
Q38870,PS00107,192,215
Q38870,PS00108,306,318
Q38870,PS50222,487,522
Q38870,PS00018,500,512
Q38870,PS50222,523,558
Q38870,PS00018,536,548
Q38870,PS50222,559,592
Q38870,PS00018,572,584
Q38870,PS50222,593,628
Q38870,PS00018,606,618
Q8WMV1,PS01017,167,182
Q8WMV1,PS01018,382,405
Q12443,PS50845,30,236
P28791,PS00014,380,383
Q9NYU1,PS00014,1513,1516
Q9NYU2,PS00014,1552,1555
O04153,PS00803,107,122
O04153,PS00804,139,147
O04153,PS00805,217,229
O04153,PS00014,421,424
Q04958,PS50042,814,947
Q04958,PS50042,943,1074
Q04958,PS51635,1373,1537
Q04958,PS01237,1376,1408
Q9UBS4,PS50076,25,90
Q9UBS4,PS00636,67,86
O75460,PS50011,571,832
O75460,PS00108,684,696
O75460,PS51392,835,963
Q12745,PS00867,532,539
Q9P381,PS01315,342,368
P52194,PS00803,144,159
P52194,PS00804,178,186
P52193,PS00803,98,113
P52193,PS00804,130,138
P52193,PS00805,208,220
P52193,PS00805,225,237
P52193,PS00805,242,254
P52193,PS00014,414,417
Q9C0Y5,PS50893,73,320
Q9C0Y5,PS50893,758,1001
Q9SUT9,PS50845,85,271
P43560,PS51778,409,582
Q99220,PS51914,115,241
Q99220,PS00014,539,542
O35949,PS01188,142,150
Q9SHC8,PS50202,5,125
Q9H6R6,PS50216,99,149
Q9H6R6,PS50002,313,398
O74368,PS51847,90,288
Q9HB03,PS01188,141,149
P41800,PS51847,194,409
Q86SK9,PS00476,268,282
P55061,PS01243,96,125
Q8LB08,PS50920,8,101
Q8LB08,PS50920,113,205
Q8LB08,PS50920,213,299
P18418,PS00803,98,113
P18418,PS00804,130,138
P18418,PS00805,208,220
P18418,PS00805,225,237
P18418,PS00805,242,254
P18418,PS00014,413,416
Q60432,PS00329,230,243
Q60432,PS01036,380,394
Q96HE7,PS00018,159,171
O64837,PS50845,16,206
P32368,PS50275,115,454
O60103,PS51292,1,61
O13752,PS50922,74,271
Q9QYI6,PS50076,26,90
Q9QYI6,PS00636,67,86
Q02769,PS01044,171,186
Q02769,PS01045,207,232
Q9NWM8,PS50059,45,135
Q9NWM8,PS50222,135,170
Q9NWM8,PS50222,179,211
Q9NWM8,PS00018,192,204
Q9NWM8,PS00014,208,211
P35179,PS01067,28,56
Q9CXI3,PS50836,35,148
Q9SRQ1,PS00086,447,456
Q9SRQ1,PS01034,484,495
B9FJ61,PS51257,1,35
Q86W10,PS00086,445,454
P38800,PS51778,758,930
P38800,PS51778,967,1139
P54219-2,PS50850,23,472
Q9Y0A1,PS50919,192,246
Q9Y0A1,PS50919,319,379
Q9Y0A1,PS50919,386,466
Q9Y0A1,PS50919,490,551
P81999,PS50076,25,90
P81999,PS00636,67,86
Q04629,PS50216,136,184
Q9UT00,PS51847,217,422
Q9UT00,PS50004,413,534
Q9UT00,PS50004,559,668
Q9UT00,PS50004,685,803
Q9UT00,PS50004,1019,1137
P40900,PS00141,724,735
Q9BY64,PS51257,1,23
Q9BY64,PS00375,356,399
Q8RWM6,PS50866,38,151
P79088,PS00755,76,95
P79088,PS00756,166,184
P08684,PS00086,435,444
P25303,PS50076,23,88
P25303,PS00636,65,84
P25303,PS51188,156,237
P25303,PS00014,374,377
Q96L12,PS00803,98,113
Q96L12,PS00804,130,138
Q96L12,PS00014,381,384
O00237,PS50089,621,663
Q96K19,PS50089,87,130
Q96K19,PS00518,102,111
Q71KT5,PS01017,167,182
Q71KT5,PS01018,382,405
O59868,PS00154,329,335
O13789,PS51762,218,587
P38428,PS51140,65,107
Q9UBY8,PS50922,62,262
P24903,PS00086,429,438
Q9DC23,PS50076,35,100
Q9DC23,PS51352,113,234
Q9DC23,PS51352,437,555
Q9DC23,PS00194,472,490
Q9DC23,PS51352,666,793
Q9DC23,PS00194,692,710
Q9DC23,PS00014,790,793
Q8VWZ7,PS00086,429,438
Q9Y2P5,PS00455,292,303
Q86XL3,PS50954,69,113
Q8NHH9,PS51715,91,336
O42967,PS50053,4,61
Q4V8D1,PS00086,469,478
Q6WNR0,PS00086,429,438
P39986,PS00154,487,493
P39986,PS01229,814,836
Q93W54,PS51564,4,197
P09601,PS00593,129,139
Q6Y288,PS00014,495,498
Q9Y385,PS50127,10,160
Q84KI1,PS00086,436,445
P23141,PS00941,114,124
P23141,PS00122,208,223
Q96SQ9,PS00086,433,442
Q9NQC3,PS50845,1005,1192
O81062,PS51257,1,35
Q99KV1,PS50076,25,90
Q99KV1,PS00636,67,86
Q9LT02,PS00154,491,497
Q10487,PS50850,85,524
Q08001,PS51778,403,576
Q96328,PS50275,129,455
Q9Z2E3,PS50011,508,768
Q9Z2E3,PS00108,621,633
Q9Z2E3,PS51392,771,899
Q9VWR5,PS00086,498,507
Q9SE50,PS00653,48,62
Q9SE50,PS00014,525,528
Q9CQU0,PS51352,4,154
Q9CQU0,PS00194,56,74
Q9CQU0,PS00014,167,170
Q6JTJ0,PS00086,439,448
P13516,PS00476,290,304
O82352,PS50845,68,253
P43571,PS00120,230,239
Q9NXB9,PS01188,142,150
Q9HD20,PS00154,533,539
O60725,PS51564,1,284
P25358,PS01188,174,182
Q12232,PS51469,163,331
Q8TBM8,PS50076,108,172
Q8TBM8,PS00636,149,168
Q8TBM8,PS00092,269,275
Q9HDV2,PS00218,112,143
Q9BZW4,PS51751,61,186
Q9BZW4,PS51751,217,351
O55143,PS00154,351,357
Q9ES21,PS50275,122,451
Q05359,PS50866,32,131
D5JBW8,PS00086,425,434
P28845,PS00061,170,198
Q9NZ01,PS50244,197,283
O74852,PS50850,16,448
Q91X77,PS00086,428,437
O74507,PS50244,196,289
Q9FLT5,PS50893,520,765
Q9FLT5,PS00211,667,681
Q7Z449,PS00086,483,492
Q9JKR6,PS00329,230,243
Q9JKR6,PS01036,380,394
Q9W429,PS51257,1,18
Q9US37,PS50850,61,476
P13011,PS00476,293,307
Q8L9C4,PS00061,193,221
Q12155,PS51751,7,159
P57057,PS50850,27,517
Q9C101,PS50850,81,549
Q9FMW9,PS51564,4,197
Q09499,PS50011,518,778
Q09499,PS00108,632,644
Q09499,PS51392,781,909
Q9UBV2,PS51092,122,170
Q9UBV2,PS00023,127,168
P04191,PS00154,351,357
O35217,PS00014,478,481
P25574,PS00923,101,110
O00124,PS50033,187,263
P10635,PS00086,436,445
Q9P6J7,PS50850,47,504
O94511,PS50053,1,72
O94511,PS50244,194,270
F4J4Y0,PS50866,36,127
P40367,PS01047,3,31
Q9FUY7,PS00086,465,474
F2YMG0,PS50240,109,341
F2YMG0,PS00134,145,150
F2YMG0,PS00135,284,295
O14264,PS50244,172,250
P33296,PS50127,5,167
Q9UTE0,PS00136,30,40
Q9UTE0,PS51715,36,251
Q9VTK2,PS50919,450,511
Q9VTK2,PS50919,522,579
Q9VTK2,PS50919,585,642
P15367,PS00501,42,49
P15367,PS00761,98,111
Q39085,PS51387,49,232
Q53LQ0,PS51352,32,151
Q53LQ0,PS00194,61,79
Q53LQ0,PS51352,372,491
Q53LQ0,PS00194,406,424
Q53LQ0,PS00014,509,512
Q6IDL4,PS50866,40,152
Q9P6J9,PS50850,47,539
Q9P6J9,PS00217,163,188
P13689,PS00014,198,201
O54998,PS50059,49,141
O54998,PS50222,141,176
O54998,PS00018,154,166
O54998,PS50222,185,218
O54998,PS00018,198,210
O54998,PS00014,215,218
P18125,PS00086,437,446
Q99190,PS50244,206,292
O94537,PS50011,654,938
O94537,PS00108,770,782
O94537,PS51392,941,1072
Q8R1V4,PS50866,39,137
Q9EQY0,PS50011,571,832
Q9EQY0,PS00108,684,696
Q9EQY0,PS51392,835,963
Q8CBG9,PS50089,115,158
Q8CBG9,PS00518,130,139
Q8C341,PS51469,283,452
Q9FYL6,PS00061,192,220
Q99PL7,PS00476,294,308
Q02201,PS01013,153,164
Q5KQH7,PS00086,497,506
O23051,PS00086,432,441
Q9Y7T9,PS50076,4,71
Q9SR37,PS00653,44,58
Q9SR37,PS00014,521,524
P29704,PS01044,178,193
P29704,PS01045,214,239
Q9VQB7,PS00014,517,520
O74923,PS50850,77,486
P35196,PS01066,203,220
Q8T045,PS00014,408,411
Q9Z247,PS50059,54,142
Q9Z247,PS50059,166,254
Q9Z247,PS50059,278,365
Q9Z247,PS50059,389,477
Q9Z247,PS50222,488,523
Q9Z247,PS50222,533,568
Q9Z247,PS00018,546,558
Q9Z247,PS00014,567,570
P40345,PS00120,318,327
P22700,PS00154,351,357
Q15011,PS50053,10,72
P78329,PS00086,461,470
O60337,PS51292,1,62
Q06833,PS51847,304,504
P11712,PS00086,428,437
O94661,PS50086,35,220
O95881,PS51352,6,156
O95881,PS00194,58,76
Q922Y2,PS50089,10,60
Q922Y2,PS00518,25,34
Q922Y2,PS50119,92,134
O43080,PS52002,47,116
Q920L5,PS01188,137,145
O74444,PS51207,88,261
O59700,PS50850,99,538
O43826,PS50850,13,419
O43826,PS00942,133,149
Q8GYE0,PS00146,87,102
Q8GYE0,PS50294,118,201
Q8GYE0,PS50082,167,201
Q08109,PS50089,349,400
Q9DBY1,PS50089,291,330
O13941,PS51762,231,578
Q8NCC5,PS50850,23,480
Q86IA3,PS51352,5,132
Q86IA3,PS00194,43,61
Q86IA3,PS51352,133,285
Q86IA3,PS00194,164,182
Q9JMH2,PS51450,84,105
Q9JMH2,PS51450,108,128
Q9JMH2,PS51450,132,153
Q9JMH2,PS51450,156,177
Q9JMH2,PS50835,254,346
Q9JMH2,PS50853,430,518
P40319,PS01188,181,189
Q9LD45,PS01243,101,130
Q53GQ0,PS00061,189,217
O80458,PS01066,246,263
Q8WU17,PS50089,547,586
O80452,PS00485,732,738
Q76MJ5,PS50011,520,781
Q76MJ5,PS00108,633,645
Q76MJ5,PS51392,784,912
P48449,PS01074,574,588
Q6P073,PS50127,12,162
P39540,PS01188,168,176
Q6ZWL3,PS00086,460,469
Q06136,PS00061,173,201
O60162,PS50275,106,441
O42933,PS50919,336,396
O42933,PS50919,408,467
O42933,PS50919,474,529
Q9P035,PS51203,5,94
Q9Z329,PS50919,112,166
Q9Z329,PS50919,173,223
Q9Z329,PS50919,231,287
Q9Z329,PS50919,294,372
Q9Z329,PS50919,378,434
Q9HBI6,PS00086,461,470
Q6T707,PS00476,288,302
Q61576,PS50059,61,149
Q61576,PS50059,173,261
Q61576,PS50059,285,373
Q61576,PS50059,398,485
Q61576,PS50222,504,531
Q61576,PS50222,541,576
Q61576,PS00018,554,566
Q61576,PS00014,578,581
Q04947,PS50845,20,220
Q9P246,PS50105,136,194
Q2HXL6,PS00014,928,931
Q8NBJ5,PS00014,619,622
Q765A7,PS00120,168,177
P28496,PS50922,168,384
Q86TM6,PS50089,291,330
Q4VCM1,PS00127,280,286
Q9Y6A1,PS50919,318,381
Q9Y6A1,PS50919,392,449
Q9Y6A1,PS50919,453,513
O94464,PS51847,238,429
P11881,PS50919,112,166
P11881,PS50919,173,223
P11881,PS50919,231,287
P11881,PS50919,294,373
P11881,PS50919,379,435
Q9H0X9,PS50003,126,243
Q9H0X9,PS01013,474,484
Q12284,PS51324,72,174
P24557,PS00086,472,481
Q13438,PS51914,108,230
Q9P6J0,PS50850,44,453
Q9P6J0,PS00290,125,131
O94273,PS50072,30,187
O94273,PS00170,71,88
Q09827,PS01067,15,43
P43256,PS50065,147,549
P43256,PS00066,327,341
P43256,PS00318,480,487
P43256,PS01192,534,547
Q6DD88,PS51715,57,305
Q9UKY4,PS00284,95,105
Q9UKY4,PS50919,334,390
Q9UKY4,PS50919,403,459
Q9UKY4,PS50919,464,521
Q9BW60,PS01188,137,145
Q9NXG6,PS00018,198,210
Q9NXG6,PS00018,237,249
Q9NXG6,PS51471,310,460
Q6XVG2,PS00086,428,437
Q8IXB1,PS50076,35,100
Q8IXB1,PS51352,113,234
Q8IXB1,PS51352,437,555
Q8IXB1,PS00194,472,490
Q8IXB1,PS51352,625,793
Q8IXB1,PS00194,692,710
Q8IXB1,PS00014,790,793
Q8NBM4,PS50030,304,344
P36596,PS01044,175,190
P36596,PS01045,211,236
P35206,PS00018,95,107
Q642F4,PS50859,8,119
O14072,PS00154,485,491
O14072,PS01229,822,844
Q09736,PS00086,435,444
Q12006,PS50216,78,128
Q9UT20,PS50244,160,257
Q9VS60,PS50105,58,107
Q949U1,PS00086,466,475
O59699,PS50850,137,577
Q8W037,PS00221,104,112
Q9H5J4,PS01188,137,145
Q86VZ5,PS50105,13,76
Q9FMR5,PS50859,7,112
Q9FMR5,PS50892,127,187
Q9FMR5,PS00417,145,164
C7G3A0,PS00024,87,101
P40616,PS51417,11,177
Q9NXF8,PS50216,132,180
Q9ZRE2,PS51419,4,203
P28188,PS51419,4,203
P28188,PS00675,11,24
Q9CW79,PS50913,679,728
P40009,PS01238,147,162
Q12114,PS50853,78,168
Q12114,PS50172,166,262
Q9NX62,PS00630,299,313
Q9UK23,PS50026,358,390
Q9UK23,PS00022,378,389
Q9UK23,PS01186,378,393
O14244,PS00120,570,579
Q92805,PS50913,688,737
Q9VMA7,PS50002,50,112
Q9US44,PS50850,59,469
Q9USP2,PS01238,140,155
Q53F39,PS00024,92,106
Q24509,PS50192,375,437
Q24509,PS00914,381,420
P36096,PS50089,699,752
P36096,PS00282,729,751
Q9LV16,PS51304,187,401
Q9LN62,PS51257,1,28
Q8L7F9,PS51304,171,364
Q14435,PS50231,516,630
Q8TB61,PS00196,167,183
Q9C9Q6,PS51257,1,28
Q9C9Q5,PS51257,1,28
P39524,PS00154,560,566
Q9H4G4,PS01009,102,112
Q8NCW6,PS50231,476,607
Q9I8W5,PS51186,62,218
P98194,PS00154,350,356
P32486,PS51762,289,664
A7XDQ9,PS51304,191,405
Q9H082,PS51419,29,229
Q02391,PS51289,81,112
Q02391,PS51289,113,175
Q02391,PS51289,178,241
Q02391,PS51289,249,309
Q02391,PS51289,310,376
Q02391,PS51289,377,436
Q02391,PS51289,438,500
Q02391,PS51289,501,567
Q02391,PS51289,572,631
Q02391,PS51289,633,691
Q02391,PS51289,692,751
Q02391,PS51289,759,819
Q02391,PS51289,821,874
Q02391,PS51289,875,942
Q02391,PS51289,943,998
Q02391,PS51289,1004,1064
Q8RX55,PS51304,191,392
Q0WQX7,PS00217,249,274
Q9LIL4,PS50866,35,122
O94572,PS50850,52,465
Q9NQQ7,PS00061,100,128
Q96JA3,PS50003,1,93
Q9HB20,PS50003,1,93
P51996,PS51419,9,222
P51996,PS00675,16,29
P38555,PS51419,9,223
P38555,PS00675,16,29
P61212,PS51417,11,177
Q9P3E8,PS50850,44,477
Q92896,PS51289,116,149
Q92896,PS51289,150,212
Q92896,PS51289,215,278
Q92896,PS51289,286,346
Q92896,PS51289,347,413
Q92896,PS51289,414,473
Q92896,PS51289,475,537
Q92896,PS51289,538,604
Q92896,PS51289,609,668
Q92896,PS51289,670,728
Q92896,PS51289,729,788
Q92896,PS51289,796,856
Q92896,PS51289,858,911
Q92896,PS51289,912,979
Q92896,PS51289,980,1035
Q92896,PS51289,1041,1101
Q80V26,PS00630,297,311
Q62638,PS51289,108,141
Q62638,PS51289,142,204
Q62638,PS51289,207,270
Q62638,PS51289,278,338
Q62638,PS51289,339,405
Q62638,PS51289,406,465
Q62638,PS51289,467,529
Q62638,PS51289,530,596
Q62638,PS51289,601,660
Q62638,PS51289,662,720
Q62638,PS51289,721,780
Q62638,PS51289,788,848
Q62638,PS51289,850,903
Q62638,PS51289,904,971
Q62638,PS51289,972,1027
Q62638,PS51289,1033,1093
Q9ASW1,PS51304,166,344
Q21815,PS01238,169,184
O59666,PS50846,2,68
O59666,PS01047,8,37
O59666,PS00154,529,535
O59666,PS01229,740,762
O35963,PS51419,29,229
Q8R173,PS50216,129,177
Q8GXG6,PS51304,185,394
P20340,PS51419,9,208
P20340-2,PS51419,9,208
P43682,PS50192,7,69
Q06147,PS50146,266,405
Q12234,PS50913,401,452
Q9Y225,PS50089,78,119
Q9FKV1,PS50850,12,429
P35844,PS01013,139,149
P40955,PS50293,337,404
P09620,PS00131,194,201
P09620,PS00560,460,477
O43861,PS00154,468,474
Q9H7X0,PS51186,13,182
Q08851,PS50192,263,325
Q08851,PS00914,269,309
Q8WUD6,PS00379,114,136
Q8WUD6,PS00189,268,297
P30430,PS51892,340,654
P30430,PS00136,368,379
P30430,PS00137,413,423
P30430,PS00138,585,595
P30430,PS51829,662,791
Q9VHV5,PS51417,14,181
Q04301,PS50850,38,556
Q0WML0,PS50929,72,362
Q0WML0,PS50893,396,633
Q0WML0,PS00211,536,550
Q9SAK7,PS50850,40,491
Q9SZN1,PS00152,367,376
P51798,PS51371,631,695
P51798,PS51371,741,799
P51799,PS51371,629,693
P51799,PS51371,739,797
P10253,PS51448,80,131
P10253,PS00025,89,110
P10253,PS00129,514,521
P10253,PS00707,643,673
Q41963,PS00221,84,92
Q9LHQ6,PS50850,52,500
Q9LHQ6,PS00217,185,210
Q9LHQ6,PS00216,377,393
Q8LAS7,PS50222,82,117
Q8LAS7,PS50222,119,154
Q8LAS7,PS50222,163,198
Q9C5P6,PS50222,76,111
Q9C5P6,PS50222,113,148
Q9C5P6,PS50222,157,192
P43585,PS51382,1,146
P38142,PS51257,1,32
P38142,PS50850,27,476
P38142,PS00217,147,172
P38142,PS00216,349,366
Q9HE12,PS01159,265,290
Q9HE12,PS01116,446,466
Q9HE12,PS00572,521,529
Q924V4,PS01023,199,211
Q12296,PS51846,57,240
Q12296,PS51371,259,320
Q12296,PS51371,321,386
Q41951,PS00221,81,89
Q04602,PS50850,251,758
P93654,PS50192,175,237
P93654,PS00914,181,220
Q09752,PS50850,33,524
Q9LFP1,PS50859,7,112
Q9LFP1,PS50892,127,187
Q9LFP1,PS00417,145,164
Q9NP78,PS50929,189,471
Q9NP78,PS50893,504,740
Q9NP78,PS00211,643,657
Q8LBL1,PS00018,301,313
Q8LBL1,PS00018,340,352
Q06708,PS50077,87,122
P46032,PS01022,102,126
P46032,PS01023,201,213
Q8RWN2,PS50850,38,484
Q7XC27,PS50222,67,102
Q7XC27,PS50222,104,139
Q7XC27,PS00018,117,129
Q7XC27,PS50222,148,183
Q7XC27,PS00018,161,173
P53273,PS50801,668,781
P53273,PS50042,936,1002
Q9FL25,PS00018,378,390
P32386,PS50929,359,662
P32386,PS50893,694,935
P32386,PS00211,835,849
P32386,PS50929,1032,1345
P32386,PS50893,1381,1636
P32386,PS00211,1539,1553
Q9ASS7,PS00962,211,222
Q850M0,PS00018,289,301
Q850M0,PS50222,315,347
Q850M0,PS00018,328,340
P26587,PS00221,91,99
P36412,PS51419,9,214
P36412,PS00675,16,29
Q12255,PS50892,167,227
O13987,PS50088,861,893
O13987,PS50297,861,935
O13987,PS50088,894,926
Q8VZR6,PS50850,34,468
Q8VZR6,PS00217,133,158
Q9SA36,PS50850,45,497
P58749,PS51751,60,185
P58749,PS51751,216,350
Q9XFR0,PS00018,203,215
O59726,PS50850,91,577
Q9HDW7,PS00154,545,551
O64515,PS50850,35,498
P32609,PS00028,8,29
P32609,PS50178,72,137
P32609,PS50178,215,297
Q12473,PS51384,412,546
Q8LIN5,PS00018,284,296
Q8LIN5,PS00018,323,335
Q8W5R2,PS51043,669,868
Q9SJ40,PS50236,385,536
Q9SJ40,PS50236,548,756
Q9SJ40,PS50089,842,877
F4KEW8,PS51774,21,101
Q12003,PS50011,30,364
Q12003,PS00107,36,69
Q55DM1,PS51783,2807,2932
Q55DM1,PS50197,2972,3270
Q55DM1,PS50294,3345,3602
Q55DM1,PS50082,3387,3428
Q55DM1,PS00678,3406,3420
P42837,PS50275,166,528
P42836,PS50216,104,154
Q05902,PS00462,470,494
Q9FRX6,PS00498,328,339
P27514,PS51382,1,256
P27514,PS00599,751,760
P47075,PS51382,1,148
Q9P5N0,PS50929,251,539
Q9P5N0,PS50893,575,804
Q9P5N0,PS00211,704,718
Q9P5N0,PS50929,904,1189
Q9P5N0,PS50893,1226,1460
Q9P5N0,PS00211,1363,1377
O82316,PS00221,77,85
Q8W4E2,PS00152,367,376
Q9C8G9,PS50929,303,582
Q9C8G9,PS50893,614,838
Q9C8G9,PS00211,740,754
Q9C8G9,PS50929,919,1200
Q9C8G9,PS50893,1237,1471
Q9C8G9,PS00211,1374,1388
O74837,PS01309,13,28
O64964,PS00221,83,91
P11574,PS00152,366,375
O49377,PS50859,7,111
O49377,PS50892,126,186
O49377,PS00417,144,163
P25818,PS00221,83,91
O70496,PS51371,629,693
O70496,PS51371,739,797
Q8LEM7,PS50222,82,117
Q8LEM7,PS50222,119,154
Q8LEM7,PS50222,163,198
Q12200,PS50156,557,717
Q12200,PS00435,1136,1146
Q9FGL2,PS00221,81,89
P0CW78,PS50846,13,79
P0CW78,PS00154,397,403
P0CW78,PS01229,597,619
Q9LYK2,PS50850,41,447
O23654,PS00152,449,458
Q9SIQ9,PS50859,7,111
Q9SIQ9,PS50892,126,186
Q9SIQ9,PS00417,144,163
P12868,PS50236,406,583
P12868,PS50089,928,972
P11117,PS00616,33,47
P11117,PS00778,280,296
Q9M3D6,PS50893,73,325
Q9M3D6,PS00211,225,239
P39109,PS50929,288,590
P39109,PS50893,626,853
P39109,PS00211,753,767
P39109,PS50929,955,1235
P39109,PS50893,1272,1507
P39109,PS00211,1410,1424
Q2V4F9,PS51382,2,145
Q9Y7M3,PS50178,165,220
Q02725,PS51382,1,145
P53191,PS50178,452,527
Q3HRP5,PS50222,81,116
Q3HRP5,PS50222,118,153
Q3HRP5,PS50222,162,197
O14156,PS51746,51,356
O14156,PS01032,87,95
Q03897,PS50294,63,239
Q03897,PS50082,110,146
Q03897,PS00678,130,144
Q03897,PS50082,197,239
Q03897,PS50908,432,543
Q41975,PS00221,81,89
Q9SA38,PS50850,43,496
Q9VFJ3,PS50106,338,410
Q9C1X2,PS51387,93,272
P40556,PS50920,75,166
P40556,PS50920,174,263
P40556,PS50920,276,364
Q3E7A9,PS51808,2,44
Q3E7A4,PS51808,10,54
Q01802,PS00105,283,296
O88696,PS00381,141,152
O88696,PS00382,163,176
P47025,PS50082,394,436
P47025,PS50294,394,714
P47025,PS00678,414,428
P47025,PS50082,437,478
P47025,PS00678,456,470
P47025,PS50082,498,537
P47025,PS00678,579,593
P47025,PS50082,579,601
P47025,PS50082,602,636
P47025,PS00678,619,633
P47025,PS50082,683,714
Q91VA0,PS00455,219,230
P87355,PS51374,33,169
P87355,PS00469,143,151
Q9Y6E7,PS50305,37,314
P46643,PS00105,274,287
Q8BGD8,PS51808,9,52
Q8LE47,PS51375,115,149
Q8LE47,PS51375,150,185
Q8LE47,PS51375,186,220
Q8LE47,PS51375,221,255
Q8LE47,PS51375,256,290
Q8LE47,PS51375,291,325
Q8LE47,PS51375,326,360
Q8LE47,PS51375,361,391
Q09769,PS51787,162,425
Q09769,PS51786,854,1040
Q09769,PS01046,943,951
O18412,PS51718,83,364
Q7L8L6,PS51286,697,757
P54098,PS00447,943,962
O80983,PS00674,363,381
P40941,PS50920,82,175
P40941,PS50920,187,280
P40941,PS50920,288,374
Q8JZU2,PS50920,23,111
Q8JZU2,PS50920,122,208
Q8JZU2,PS50920,218,303
Q66GT5,PS50054,37,188
Q66GT5,PS50056,109,177
Q66GT5,PS00383,130,140
O42875,PS00178,22,31
Q8LB02,PS51085,51,140
Q8LB02,PS00197,101,109
Q8LB02,PS51379,183,213
Q8LB02,PS00198,193,204
Q9P7X9,PS50920,22,129
Q9P7X9,PS50920,134,227
Q9P7X9,PS50920,244,327
Q05809,PS51808,36,77
O49447,PS50920,77,170
O49447,PS50920,182,274
O49447,PS50920,282,368
Q9BZJ4,PS50920,9,151
Q9BZJ4,PS50920,159,243
Q9BZJ4,PS50920,253,347
Q9P7V8,PS50920,21,105
Q9P7V8,PS50920,118,203
Q9P7V8,PS50920,219,303
P10109,PS51085,67,171
P10109,PS00814,106,116
Q6UPE1,PS51379,576,605
Q6UPE0,PS00623,130,153
Q6UPE0,PS00624,302,316
P11181,PS50968,64,139
P11181,PS00189,89,118
P11181,PS51826,172,209
Q9NUT2,PS50929,150,437
Q9NUT2,PS50893,472,709
Q9NUT2,PS00211,612,626
P07275,PS00687,316,323
P07275,PS00070,344,355
Q96RR1,PS51199,384,635
P50416,PS00439,171,186
P50416,PS00440,451,478
P36130,PS50082,315,357
P36130,PS50294,315,564
P36130,PS00678,335,349
P36130,PS50082,358,400
P36130,PS00678,378,392
P36130,PS50082,420,459
P36130,PS00678,502,516
P36130,PS50082,502,524
P36130,PS50082,525,564
P36130,PS00678,542,556
O23138,PS51007,10,111
Q9BPX6,PS50222,218,253
Q9BPX6,PS00018,231,243
Q9BPX6,PS50222,408,443
Q9BPX6,PS00018,421,433
P31167,PS50920,78,171
P31167,PS50920,183,276
P31167,PS50920,284,370
O94370,PS50920,14,95
O94370,PS50920,102,185
O94370,PS50920,190,274
Q6P1Q0,PS51758,186,360
Q8IYU8,PS50222,172,207
Q8IYU8,PS50222,236,262
Q8IYU8,PS50222,313,328
Q8IYU8,PS50222,362,397
Q9Y4W6,PS00674,447,465
Q06493,PS51758,177,371
P53722,PS00142,121,130
Q8VYP0,PS51352,166,331
O13809,PS51384,40,140
Q8TFH2,PS50920,18,103
Q8TFH2,PS50920,113,217
Q8TFH2,PS50920,224,313
P42940,PS01065,166,186
O75746,PS50222,86,121
O75746,PS50222,157,192
O75746,PS00018,170,182
O75746,PS50920,324,416
O75746,PS50920,424,508
O75746,PS50920,516,604
Q2TA68,PS51718,285,561
Q9LSW8,PS01065,157,177
Q12184,PS51085,61,163
Q12184,PS00814,98,108
P46681,PS51387,98,277
Q9Y7M7,PS50929,159,447
Q9Y7M7,PS50893,482,719
Q9Y7M7,PS00211,620,634
Q9NYY8,PS51286,634,691
Q78YY6,PS50076,94,147
P38705,PS50862,156,433
Q07534,PS50920,8,87
Q07534,PS50920,115,199
Q07534,PS50920,221,305
P84029,PS51007,6,107
Q9LPS1,PS51257,1,17
Q9LPS1,PS51748,35,494
Q10480,PS01070,139,147
P39722,PS51423,3,185
P39722,PS00675,8,21
P39722,PS50222,201,236
P39722,PS50222,330,365
P39722,PS51423,446,611
P29147,PS00061,195,223
Q86UT6,PS50837,160,294
Q9Y255,PS50904,2,174
P32891,PS51387,146,327
P32898,PS00178,237,248
Q9NTG7,PS50305,118,380
Q6C793,PS00480,344,356
Q12375,PS50920,11,97
Q12375,PS50920,105,196
Q12375,PS50920,211,292
P14604,PS00166,131,151
P33416,PS00870,231,243
P33416,PS00871,567,585
P07213,PS50005,99,132
P07213,PS50293,99,165
P07213,PS50005,133,165
P07213,PS50005,363,396
P07213,PS50293,363,575
P07213,PS50005,397,430
P07213,PS50005,465,498
P07213,PS50005,542,575
Q10306,PS00480,363,375
P19882,PS00296,427,438
Q8NC60,PS51721,202,503
Q8BXN7,PS51746,94,346
Q8BXN7,PS01032,122,130
Q86SX6,PS51354,42,145
Q03151,PS51721,42,228
Q3UN04,PS50235,68,502
Q3UN04,PS00972,69,84
Q3UN04,PS00973,436,453
Q70HW3,PS50920,4,77
Q70HW3,PS50920,86,168
Q70HW3,PS50920,177,265
Q53H12,PS50146,58,199
Q3UMR5,PS51257,1,32
Q96250,PS00153,307,320
Q8NE86,PS51257,1,33
Q03713,PS51503,5,96
Q9BUK6,PS00136,536,547
O13844,PS50920,15,93
O13844,PS50920,104,190
O13844,PS50920,201,287
P04181,PS00600,260,297
Q00711,PS00504,88,97
P00508,PS00105,269,282
Q9P3U7,PS50850,9,456
Q9P3U7,PS00216,318,335
P08067,PS51296,123,214
Q04013,PS50920,18,100
Q04013,PS50920,107,199
Q04013,PS50920,217,301
O88561,PS00455,269,280
P00890,PS00480,355,367
Q0QF01,PS00504,97,106
Q6P4F2,PS51085,68,170
Q6P4F2,PS00814,105,115
P38825,PS50005,127,160
P38825,PS50293,127,215
P38825,PS50005,161,194
P38825,PS50005,378,411
P38825,PS50293,378,597
P38825,PS50005,412,445
P38825,PS50005,480,513
P38825,PS50005,530,563
P38825,PS50005,564,597
Q56XE8,PS51257,1,17
Q56XE8,PS51748,35,491
Q96RQ3,PS50979,48,494
Q96RQ3,PS50975,167,364
Q96RQ3,PS00867,333,340
Q96RQ3,PS50968,643,715
Q96RQ3,PS00188,671,688
P36078,PS51266,10,94
P93834,PS51748,35,487
P93834,PS00378,172,197
Q9ZNT1,PS51384,45,149
Q08959,PS51704,2,251
Q5JTJ3,PS51808,55,98
Q8CD10,PS50222,169,204
Q8CD10,PS50222,243,259
Q8CD10,PS50222,310,325
Q8CD10,PS50222,359,394
P39987,PS00297,32,39
P39987,PS00329,216,229
P39987,PS01036,357,371
Q9BRQ6,PS51808,194,235
Q0WQF7,PS50968,85,161
Q0WQF7,PS00189,110,139
Q0WQF7,PS50968,212,288
Q0WQF7,PS00189,237,266
Q0WQF7,PS51826,330,367
Q8CGK3,PS51787,112,359
Q8CGK3,PS51786,748,938
Q8CGK3,PS01046,841,849
Q9Y276,PS00674,325,343
Q9FKS5,PS51007,90,197
P08074,PS00061,136,164
Q8VZI8,PS00674,467,485
Q09669,PS00913,216,244
Q09669,PS00060,303,323
O13920,PS51758,217,410
Q9FNK4,PS00600,262,299
Q9C6I6,PS00696,303,329
Q6Q0C1,PS50920,1,80
Q6Q0C1,PS50920,93,206
Q6Q0C1,PS50920,215,302
P39112,PS01175,821,845
Q02776,PS50969,187,330
P49448,PS00074,177,190
Q8N3J5,PS51746,94,346
Q8N3J5,PS01032,122,130
Q9Y5T4,PS50076,96,149
Q10361,PS00814,541,551
P36064,PS51808,39,82
Q8BJ64,PS00623,127,150
Q8BJ64,PS00624,299,313
Q6CE48,PS01215,172,188
D3ZUA0,PS00767,314,322
Q8R0Z5,PS50920,70,158
Q8R0Z5,PS50920,168,252
Q8R0Z5,PS50920,263,352
Q08822,PS51379,591,620
P12234,PS50920,63,147
P12234,PS50920,160,244
P12234,PS50920,261,339
Q9M7T0,PS51352,37,201
Q9M0V0,PS51085,79,184
Q9M0V0,PS00814,118,128
Q9M0G9,PS50929,111,402
Q9M0G9,PS50893,439,673
Q9M0G9,PS00211,576,590
O94445,PS51192,166,283
O94445,PS51194,326,486
P35999,PS00142,555,564
O95140,PS51718,93,342
Q9M7Z1,PS50968,73,150
Q9M7Z1,PS00189,100,129
Q9M7Z1,PS51826,183,220
Q01519,PS51808,24,67
Q02772,PS51808,18,64
P08425,PS50862,151,370
P08425,PS51447,372,469
P25646,PS51746,29,411
P32191,PS00977,73,90
P32191,PS00978,459,469
Q8R107,PS50904,2,174
Q9JK42,PS50109,242,364
Q8IXI1,PS51423,2,168
Q8IXI1,PS50222,184,219
Q8IXI1,PS50222,304,339
Q8IXI1,PS00018,317,329
Q8IXI1,PS51423,414,576
Q8IXI2,PS51423,2,168
Q8IXI2,PS50222,184,219
Q8IXI2,PS00018,197,209
Q8IXI2,PS50222,304,339
Q8IXI2,PS51423,416,579
P38909,PS51384,63,184
Q14296-4,PS51286,443,501
Q12511,PS51746,153,543
Q12511,PS01032,192,200
P12007,PS00072,164,176
P12007,PS00073,378,397
P18886,PS00439,49,64
P18886,PS00440,350,377
Q07914,PS50076,112,168
Q874C1,PS50969,244,387
P29117,PS50072,48,204
P29117,PS00170,89,106
P53153,PS50830,53,261
P53848,PS00794,385,396
P53848,PS50972,504,814
P53848,PS00792,506,521
P53848,PS00793,546,559
P87320,PS51718,260,531
P87320,PS00410,289,298
P87320,PS51388,805,898
Q92843,PS01260,9,29
Q92843,PS50063,10,27
Q92843,PS50062,46,146
Q92843,PS01080,85,104
Q92843,PS01258,137,148
Q9NGX9,PS00086,427,436
Q27539,PS00381,112,123
Q27539,PS00382,134,147
Q7KUT2,PS51787,94,411
Q7KUT2,PS51786,800,992
Q7KUT2,PS01046,895,903
Q9CR58,PS50920,7,96
Q9CR58,PS50920,104,189
Q9CR58,PS50920,198,289
Q9BEA2,PS00455,223,234
Q8R4Z9,PS51718,72,321
O60313,PS51718,285,561
O59680,PS51007,89,259
Q3ZBF6,PS00072,153,165
Q3ZBF6,PS00073,365,384
P37932,PS00142,555,564
Q8N8R3,PS50920,2,86
Q8N8R3,PS50920,90,178
Q8N8R3,PS50920,185,275
Q9LKA3,PS00068,174,186
P48813,PS00218,178,209
P40530,PS50109,126,386
Q04837,PS50935,30,141
Q8LBZ7,PS51085,52,141
Q8LBZ7,PS00197,102,110
Q8LBZ7,PS51379,184,214
Q8LBZ7,PS00198,194,205
P53142,PS50850,31,483
Q9VUF8,PS00086,481,490
Q10439,PS00491,403,415
Q93XM7,PS50920,2,93
Q93XM7,PS50920,102,201
Q93XM7,PS50920,211,298
O64764,PS51352,89,194
Q8N4Q1,PS51808,61,105
Q9UIJ7,PS00113,87,98
Q75Q39,PS50005,116,149
Q75Q39,PS50293,116,580
Q75Q39,PS50005,155,188
Q75Q39,PS50005,331,364
Q75Q39,PS50005,369,402
Q75Q39,PS50005,403,436
Q75Q39,PS50005,478,511
Q75Q39,PS50005,547,580
Q64536,PS50109,242,364
Q641Y2,PS00535,116,127
P05165,PS50979,62,509
P05165,PS50975,181,378
P05165,PS00866,214,228
P05165,PS00867,347,354
P05165,PS50968,653,728
P05165,PS00188,684,701
Q9WVJ4,PS50106,13,100
Q9VAY3,PS50920,12,98
Q9VAY3,PS50920,105,189
Q9VAY3,PS50920,196,281
P33310,PS50929,105,398
P33310,PS50893,432,673
P33310,PS00211,574,588
P33311,PS50929,120,413
P33311,PS50893,446,686
P33311,PS00211,586,600
Q84WU8,PS00674,461,479
O59674,PS50920,15,97
O59674,PS50920,102,205
O59674,PS50920,212,292
O94502,PS50920,125,216
O94502,PS50920,226,315
O94502,PS50920,334,422
Q9LK29,PS51007,90,246
P51970,PS51808,33,74
P51970,PS51808,75,118
Q9P6P9,PS50109,290,418
Q86XF0,PS51330,4,185
O14286,PS50929,122,409
O14286,PS50893,443,679
O14286,PS00211,580,594
O94320,PS00105,281,294
O00746,PS51374,38,174
O00746,PS00469,148,156
P17505,PS00068,164,176
Q9H2V7,PS50850,61,489
Q15118,PS50109,270,393
Q12482,PS50920,528,614
Q12482,PS50920,622,710
Q12482,PS50920,725,813
Q05776,PS50904,2,172
Q57YZ9,PS50305,1,301
P27144,PS00113,85,96
P00175,PS50255,88,165
P00175,PS00191,119,126
P00175,PS51349,197,563
P00175,PS00557,451,457
Q6PI48,PS50862,187,618
P26364,PS00113,99,110
Q383Q5,PS51476,19,191
Q9SS48,PS00977,79,96
Q9SS48,PS00978,436,446
P16036,PS50920,57,141
P16036,PS50920,154,238
P16036,PS50920,255,333
P38891,PS00770,254,289
C0LGJ1,PS51450,112,134
C0LGJ1,PS51450,136,160
C0LGJ1,PS51450,277,299
C0LGJ1,PS51450,301,324
C0LGJ1,PS51450,325,347
C0LGJ1,PS51450,374,396
C0LGJ1,PS51450,398,420
C0LGJ1,PS51450,422,444
C0LGJ1,PS51450,446,468
C0LGJ1,PS51450,595,617
C0LGJ1,PS51450,618,640
C0LGJ1,PS51450,642,665
C0LGJ1,PS50011,814,1095
C0LGJ1,PS00107,820,843
C0LGJ1,PS00108,937,949
P42844,PS51501,64,159
Q02337,PS00061,195,223
P12695,PS50968,34,110
P12695,PS00189,59,88
P12695,PS51826,175,212
Q9JJG9,PS51721,203,504
P38860,PS51883,89,339
P38860,PS51710,340,512
Q9FUT3,PS50929,104,400
Q9FUT3,PS50893,437,671
Q9FUT3,PS00211,574,588
Q06143,PS50920,11,95
Q06143,PS50920,103,195
Q06143,PS50920,205,289
Q96I59,PS50862,156,467
O82663,PS00504,85,94
Q9JHS4,PS51902,94,147
Q924S5,PS51787,112,360
Q924S5,PS51786,749,939
Q924S5,PS01046,842,850
P49017,PS51608,62,306
P49017,PS01183,78,93
P49017,PS01184,215,229
P00348,PS00067,213,237
Q04083,PS51257,1,29
P32795,PS00674,417,435
A2VD13,PS51375,124,160
A2VD13,PS51375,161,195
A2VD13,PS51375,196,234
A2VD13,PS51375,235,269
A2VD13,PS51375,270,306
A2VD13,PS51375,508,542
A2VD13,PS51375,575,609
Q02784,PS51354,35,140
P40035,PS51257,1,29
P40035,PS50920,16,100
P40035,PS50920,107,193
P40035,PS50920,209,293
Q9ZPX5,PS00504,83,92
Q9M1D3,PS00480,343,355
O75127,PS51375,135,171
O75127,PS51375,172,206
O75127,PS51375,207,245
O75127,PS51375,246,280
O75127,PS51375,281,317
O75127,PS51375,519,553
O75127,PS51375,586,620
Q9FLD5,PS00674,365,383
P36013,PS00331,351,367
P40341,PS00674,488,506
P83483,PS00152,423,432
P83484,PS00152,423,432
P39925,PS00674,429,447
O95202,PS51758,252,537
O95202,PS50222,663,698
O95202,PS00018,676,688
Q9FMU6,PS50920,76,160
Q9FMU6,PS50920,173,257
Q9FMU6,PS50920,274,353
P39102,PS50076,9,77
P39102,PS00636,54,73
P39102,PS51188,146,240
Q9LVM1,PS50929,144,445
Q9LVM1,PS50893,479,713
Q9LVM1,PS00211,616,630
Q05931,PS00297,33,40
Q05931,PS00329,232,245
Q05931,PS01036,373,387
Q9UQX0,PS00088,181,188
E9P974,PS00113,99,110
B2GV06,PS01273,55,70
B2GV06,PS01274,341,349
P93648,PS51787,89,300
P93648,PS51786,773,957
P93648,PS01046,860,868
P54861,PS51718,25,333
P54861,PS00410,54,63
P54861,PS51388,670,757
P32198,PS00439,171,186
P32198,PS00440,451,478
Q944H5,PS50920,59,193
Q944H5,PS50920,205,305
Q944H5,PS00213,268,281
Q944H5,PS50920,318,406
Q8BL03,PS50920,2,86
Q8BL03,PS50920,90,178
Q8BL03,PS50920,190,275
Q9JIX9,PS51286,439,497
Q9HGM3,PS00674,436,454
O35465,PS50059,110,194
O35465,PS50005,262,295
O35465,PS50293,262,329
O35465,PS50005,296,329
P08760,PS00113,87,98
Q07540,PS50810,66,174
Q07540,PS01344,120,134
P70584,PS00072,175,187
P70584,PS00073,387,406
Q3B7D0,PS01021,305,329
Q5M729,PS50968,111,187
Q5M729,PS00189,136,165
Q5M729,PS51826,248,285
Q9BT17,PS51721,36,209
Q9UTB1,PS51503,12,103
Q9UTB2,PS00396,28,45
Q9UTB2,PS50862,308,463
P93655,PS51787,100,309
P93655,PS51786,751,935
P93655,PS01046,838,846
O14092,PS00599,374,383
Q9YHT2,PS51085,50,143
Q9YHT2,PS00197,103,111
Q9YHT2,PS51379,186,216
Q9YHT2,PS00198,196,207
P58281,PS51718,285,561
Q8RWN9,PS50968,111,187
Q8RWN9,PS00189,136,165
Q8RWN9,PS51826,248,285
Q5HYK3,PS51608,63,326
Q5HYK3,PS01183,79,94
Q5HYK3,PS01184,234,248
P25719,PS50072,25,181
P25719,PS00170,66,83
F8WLE0,PS50067,16,363
F8WLE0,PS00411,258,269
O14874,PS50109,269,404
P42834,PS50076,85,146
P42834,PS00163,122,131
O60168,PS50830,55,216
O74439,PS50920,10,101
O74439,PS50920,119,199
O74439,PS50920,212,294
Q12031,PS00161,236,241
P40185,PS01094,119,137
Q14318,PS50059,120,204
Q14318,PS50005,272,305
Q14318,PS50293,272,339
Q14318,PS50005,306,339
P04803,PS00178,43,52
Q96A46,PS50920,70,158
Q96A46,PS50920,168,252
Q96A46,PS50920,259,352
Q9BW72,PS51503,20,106
P38988,PS50920,8,108
P38988,PS50920,117,198
P38988,PS50920,208,293
P30405,PS50072,49,205
P30405,PS00170,90,107
Q12287,PS51808,23,65
P40416,PS50929,112,401
P40416,PS50893,436,672
P40416,PS00211,573,587
P40416,PS00014,687,690
F4J2K2,PS01012,232,247
P38297,PS51718,184,467
Q287T7,PS50920,31,119
Q287T7,PS50920,129,213
Q287T7,PS50920,220,314
Q8R500,PS51718,93,342
Q5ZLR5,PS51296,172,270
Q8N4T8,PS00061,135,163
Q68CK6,PS00455,218,229
Q8R216,PS50305,34,323
P20115,PS00480,351,363
Q9M5K3,PS00076,79,89
Q9M5K2,PS00076,79,89
Q5PQQ5,PS51758,220,440
P32580,PS51192,226,365
P32580,PS51194,390,546
P45880,PS00558,236,258
P36775,PS51787,182,480
P36775,PS51786,923,1109
P36775,PS01046,1012,1020
P36776,PS51787,124,370
P36776,PS51786,759,949
P36776,PS01046,852,860
Q70CQ3,PS50235,68,502
Q70CQ3,PS00972,69,84
Q70CQ3,PS00973,436,453
O81235,PS00088,192,199
Q9ZP06,PS00068,174,186
P07257,PS00143,37,59
Q9YHT1,PS00504,98,107
Q39055,PS51918,69,290
Q39055,PS01305,81,92
Q9UJS0,PS50222,87,122
Q9UJS0,PS50222,158,193
Q9UJS0,PS50920,326,418
Q9UJS0,PS50920,426,510
Q9UJS0,PS50920,518,606
P09950,PS00599,334,343
Q21443,PS51842,45,387
Q21443,PS51841,435,550
A8MQY1,PS51005,4,154
Q8VYJ2,PS51742,167,309
O95251,PS51802,176,219
O95251,PS51726,332,607
Q9Y2U8,PS50954,6,50
Q9C0Z1,PS00463,10,38
Q9C0Z1,PS50048,10,40
Q8RWL4,PS01031,233,349
O82289,PS50918,77,152
O82289,PS51059,245,463
O82289,PS51879,497,568
Q90972,PS50089,240,282
Q90972,PS01186,264,278
Q68FY1,PS51472,169,249
Q63623,PS51391,1,139
Q63623,PS50102,477,551
Q9D666,PS51469,751,912
Q6NLQ6,PS50011,63,321
Q6NLQ6,PS00107,69,96
Q6NLQ6,PS00108,183,195
Q6NLQ6,PS50222,364,399
Q6NLQ6,PS50222,400,435
Q6NLQ6,PS00018,413,425
Q6NLQ6,PS50222,436,470
Q6NLQ6,PS00018,449,461
Q6NLQ6,PS50222,471,506
Q6NLQ6,PS00018,484,496
Q8L773,PS50102,88,165
P49793,PS51434,738,880
P49792,PS50293,26,128
P49792,PS50005,60,93
P49792,PS50196,1171,1307
P49792,PS50199,1351,1381
P49792,PS01358,1356,1375
P49792,PS50199,1415,1444
P49792,PS01358,1419,1438
P49792,PS50199,1479,1508
P49792,PS01358,1483,1502
P49792,PS50199,1543,1572
P49792,PS01358,1547,1566
P49792,PS50199,1606,1635
P49792,PS01358,1610,1629
P49792,PS50199,1665,1694
P49792,PS01358,1669,1688
P49792,PS50199,1724,1753
P49792,PS01358,1728,1747
P49792,PS50199,1781,1810
P49792,PS01358,1785,1804
P49792,PS50196,2012,2148
P49792,PS50196,2309,2445
P49792,PS50196,2911,3046
P49792,PS50072,3067,3223
P49792,PS00170,3108,3125
O15084,PS50297,7,991
O15084,PS50088,40,72
O15084,PS50088,73,105
O15084,PS50088,106,138
O15084,PS50088,139,171
O15084,PS50088,172,204
O15084,PS50088,205,237
O15084,PS50088,238,270
O15084,PS50088,271,304
O15084,PS50088,305,337
O15084,PS50088,338,370
O15084,PS50088,371,403
O15084,PS50088,404,436
O15084,PS50088,437,469
O15084,PS50088,470,503
O15084,PS50088,549,581
O15084,PS50088,582,614
O15084,PS50088,616,648
O15084,PS50088,652,684
O15084,PS50088,685,717
O15084,PS50088,718,750
O15084,PS50088,755,777
O15084,PS50088,822,854
O15084,PS50088,855,888
O15084,PS50088,925,957
Q54HI5,PS51842,132,515
Q54HI5,PS51841,575,698
Q8VHV7,PS50102,11,90
Q8VHV7,PS50102,111,188
Q8VHV7,PS50102,289,364
O82166,PS51742,102,238
Q93ZV7,PS50961,4,108
Q93ZV7,PS50102,116,193
Q93ZV7,PS51939,298,419
Q9Y2K7,PS51184,148,316
Q9Y2K7,PS51058,564,610
Q9Y2K7,PS00197,577,585
Q9Y2K7,PS50016,617,678
Q9Y2K7,PS01359,620,675
P89105,PS50005,56,89
P89105,PS50293,56,89
P89105,PS50005,183,216
P89105,PS50293,183,251
P89105,PS50005,218,251
P89105,PS50005,338,371
P89105,PS50293,338,405
P89105,PS50005,462,495
P89105,PS50293,462,534
P89105,PS50005,664,697
P89105,PS50293,680,731
P89105,PS50005,731,764
P89105,PS50293,731,801
P89105,PS50005,768,801
Q558Z2,PS51469,662,860
Q558Z2,PS00014,902,905
P20484,PS50082,48,87
P20484,PS50294,48,186
P20484,PS50082,145,186
P20484,PS00678,164,178
P20484,PS50082,296,339
P20484,PS50294,296,339
P20484,PS00678,317,331
Q9M548,PS50030,109,150
Q9M548,PS50030,190,225
Q9M548,PS51680,295,626
Q9NVV9,PS50950,1,81
Q8N205,PS51049,347,404
Q9Y4E5,PS50157,169,200
Q9Y4E5,PS00028,171,195
Q9Y4E5,PS00028,255,277
Q9Y4E5,PS50157,315,337
Q9Y4E5,PS00028,317,337
Q9Y4E5,PS00028,364,386
Q9Y4E5,PS50157,498,526
Q9Y4E5,PS00028,500,521
Q9Y4E5,PS50157,531,559
Q9Y4E5,PS00028,533,554
Q9Y4E5,PS50157,636,664
Q9Y4E5,PS00028,638,659
Q9Y4E5,PS00028,669,690
Q9Y4E5,PS00028,791,812
Q9UKX7,PS50196,348,468
P01106,PS50888,354,406
P92964,PS50102,2,74
P92964,PS50102,93,164
Q94F30,PS50600,288,459
Q9XTB5,PS50954,1,45
Q6DVA0,PS50954,1,42
O15504,PS50103,1,25
Q9ZVD5,PS50821,292,408
Q9ZVD5,PS50822,577,885
Q07666,PS50084,171,197
Q9M126,PS51005,4,153
O15381-2,PS00674,298,316
O15381-2,PS00674,612,630
Q9D992,PS00133,89,99
Q9ERI5,PS51184,141,305
Q8N6T7,PS50305,27,272
O60131,PS00463,17,44
O60131,PS50048,17,46
Q8CII8,PS51049,331,388
Q9ZVW2,PS51192,90,246
Q9ZVW2,PS51194,323,524
Q640Z6,PS00152,157,166
Q640Z6,PS50199,655,684
Q640Z6,PS01358,659,678
Q640Z6,PS50199,720,749
Q640Z6,PS01358,724,743
Q640Z6,PS50199,790,819
Q640Z6,PS01358,794,813
Q640Z6,PS50199,842,871
Q640Z6,PS01358,846,865
Q640Z6,PS50199,906,935
Q640Z6,PS01358,910,929
Q9NXV6,PS51827,19,133
Q9NXV6,PS50137,462,537
Q9C811,PS00616,1113,1127
Q6ISB3,PS51968,244,482
O55035,PS50072,11,176
O55035,PS00170,60,77
Q8NCN4,PS50089,68,107
Q8NCN4,PS00518,83,92
Q6NZQ4,PS50172,8,93
Q6NZQ4,PS50172,94,183
Q6NZQ4,PS50172,588,681
Q6NZQ4,PS50172,698,759
Q6NZQ4,PS50172,853,934
Q96RU2,PS50235,162,650
Q96RU2,PS00972,163,178
Q96RU2,PS00973,584,601
Q96RU2,PS00867,953,960
P05205,PS50013,24,82
P05205,PS00598,41,61
P05205,PS50013,147,205
Q9GZL7,PS50294,97,422
Q9GZL7,PS50082,136,171
Q9GZL7,PS50082,185,217
Q9GZL7,PS50082,253,293
Q9GZL7,PS00678,271,285
Q9GZL7,PS50082,303,325
Q9GZL7,PS50082,338,374
Q9GZL7,PS00678,358,372
O09053,PS51192,522,688
O09053,PS51194,713,866
O09053,PS50967,1115,1194
P25490,PS50157,296,320
P25490,PS00028,298,320
P25490,PS50157,325,352
P25490,PS00028,327,347
P25490,PS50157,353,382
P25490,PS00028,355,377
P25490,PS50157,383,412
P25490,PS00028,385,407
Q5T200,PS50103,36,64
P11387,PS52038,432,765
P11387,PS00176,710,728
Q62376,PS50102,103,181
O75400,PS50020,140,173
O75400,PS01159,146,171
O75400,PS50020,186,214
O75400,PS01159,187,212
O75400,PS51676,393,447
O75400,PS51676,460,514
O75400,PS51676,527,587
O75400,PS51676,607,667
O75400,PS51676,672,727
O75400,PS51676,742,799
Q9BDK6,PS00390,87,107
Q9BDK6,PS00391,215,230
Q9LY75,PS50072,10,174
Q9LY75,PS00170,59,76
Q9LW88,PS50196,309,438
O01971,PS50954,1,44
Q8NC56,PS50954,1,42
Q12024,PS50082,99,133
Q12024,PS50294,99,413
Q12024,PS00678,118,132
Q12024,PS50082,140,180
Q12024,PS50082,204,235
Q12024,PS50082,283,325
Q12024,PS50082,371,413
Q12024,PS00678,391,405
Q8TBF4,PS50102,10,88
Q8TBF4,PS50158,106,122
P52948,PS51434,738,880
Q94EH8,PS50102,107,184
Q04660,PS50082,433,474
Q04660,PS50294,433,474
Q04660,PS00678,452,466
Q04660,PS50294,662,807
Q04660,PS50082,786,807
Q8NFH5,PS51472,170,250
Q14191,PS51192,558,724
Q14191,PS51194,749,899
Q14191,PS50967,1150,1229
Q9SEE9,PS50102,98,176
P02545,PS51842,31,387
P02545,PS00226,373,381
P02545,PS51841,428,545
Q9FN02,PS00125,142,147
Q13427,PS50072,11,176
Q13427,PS00170,60,77
P42285,PS51192,148,304
P42285,PS51194,405,577
Q794E4,PS50102,11,90
Q794E4,PS50102,111,188
Q794E4,PS50102,289,366
Q8K5C0,PS51968,244,482
Q9LXL9,PS51005,14,156
Q6NQ72,PS50102,93,170
Q8GUI6,PS51183,56,97
Q8GUI6,PS51184,263,429
Q8GUI6,PS51542,726,784
Q8GUI6,PS51543,786,876
O94436,PS51037,1,137
P54252,PS50957,1,180
P54252,PS50330,224,243
P54252,PS50330,244,263
Q75N03,PS50089,109,149
Q75N03,PS00518,125,134
Q8RY59,PS50918,64,153
Q8RY59,PS51059,248,469
Q8RY59,PS51879,501,572
Q9JJF3,PS51184,256,401
Q8VBV4,PS50181,200,246
Q8VBV4,PS50294,298,581
Q8VBV4,PS50082,313,338
Q8VBV4,PS50082,339,378
Q8VBV4,PS00678,356,370
Q8VBV4,PS50082,379,418
Q8VBV4,PS00678,396,410
Q8VBV4,PS50082,419,458
Q8VBV4,PS50082,459,498
Q8VBV4,PS00678,476,490
Q8VBV4,PS50082,499,538
Q8VBV4,PS00678,516,530
Q8VBV4,PS50082,542,581
Q8VBV4,PS00678,559,573
Q7L014,PS51195,372,400
Q7L014,PS51192,403,581
Q7L014,PS00039,527,535
Q7L014,PS51194,592,753
Q5M775-4,PS50021,881,986
Q19972,PS50013,87,147
Q14137,PS50082,409,450
Q14137,PS50294,409,450
Q14137,PS00678,428,442
Q14137,PS50294,575,746
Q14137,PS50082,659,689
P53261,PS50172,355,449
Q84JE8,PS50064,50,132
Q84JE8,PS50064,165,247
Q84JE8,PS50064,328,410
Q6DID3,PS51391,1,139
Q6DID3,PS50102,477,551
Q62826,PS50102,70,148
Q62826,PS50102,164,241
Q62826,PS50102,613,689
Q9FJJ3,PS51059,30,248
Q9FJJ3,PS51879,238,309
Q6RHR6,PS51201,348,489
Q6RHR6,PS51201,608,757
Q9DBY8,PS00674,403,421
Q9DBY8,PS00674,717,735
Q9NR30,PS51195,186,214
Q9NR30,PS51192,217,396
Q9NR30,PS51194,429,573
Q42404,PS50102,138,216
Q6NZY4,PS50158,229,243
P53064,PS51360,238,370
Q4G0J3,PS50961,28,122
Q4G0J3,PS50102,125,188
Q4G0J3,PS51939,450,563
O08587,PS50196,347,467
Q64279,PS50888,94,146
Q9W261,PS51360,428,559
Q9FFK8,PS01359,87,151
Q9FFK8,PS00197,206,214
Q9FFK8,PS00197,312,320
H2QII6,PS50293,26,93
H2QII6,PS50005,60,93
H2QII6,PS50196,1171,1307
H2QII6,PS50199,1351,1381
H2QII6,PS01358,1356,1375
H2QII6,PS50199,1415,1444
H2QII6,PS01358,1419,1438
H2QII6,PS50199,1479,1508
H2QII6,PS01358,1483,1502
H2QII6,PS50199,1543,1572
H2QII6,PS01358,1547,1566
H2QII6,PS50199,1606,1635
H2QII6,PS01358,1610,1629
H2QII6,PS50199,1665,1694
H2QII6,PS01358,1669,1688
H2QII6,PS50199,1724,1753
H2QII6,PS01358,1728,1747
H2QII6,PS50199,1781,1810
H2QII6,PS01358,1785,1804
H2QII6,PS50196,2012,2148
H2QII6,PS50196,2309,2445
H2QII6,PS50196,2911,3046
H2QII6,PS50072,3067,3223
H2QII6,PS00170,3108,3125
Q9DF36,PS51195,221,249
Q9DF36,PS51192,252,431
Q9DF36,PS51194,464,620
Q9DF35,PS51195,179,207
Q9DF35,PS51192,210,389
Q9DF35,PS51194,422,566
Q9C829,PS50196,291,410
Q01130,PS50102,14,92
O94569,PS00463,10,38
O94569,PS50048,10,40
Q8RWN0,PS50600,331,523
Q0WVE8,PS50967,334,414
Q8L719,PS50102,108,185
O60164,PS50172,348,441
Q5H8A6,PS51201,320,461
Q5H8A6,PS51201,580,752
Q5H8A5,PS51201,383,524
Q5H8A5,PS51201,643,792
P21279,PS51882,38,359
Q60749,PS50084,171,197
Q9DA32,PS51469,203,362
Q9UAS6,PS51614,109,321
O94573,PS00463,7,34
O94573,PS50048,7,36
O94667,PS51360,214,345
Q15397,PS50303,137,510
Q15397,PS50302,164,200
Q15397,PS50302,201,236
Q15397,PS50302,350,385
Q15397,PS50302,424,460
Q15397,PS50302,493,531
Q80TN7,PS50021,77,184
P38996,PS50102,330,401
H2KZB2,PS50088,221,246
H2KZB2,PS50297,221,263
Q8LLD0,PS51434,51,187
Q8LLD0,PS00018,221,233
O74399,PS50082,379,420
O74399,PS50294,379,420
O74399,PS00678,398,412
O74399,PS50294,569,740
O74399,PS50082,653,684
Q5XG73,PS51228,44,133
Q5XG73,PS00880,66,84
Q86WA8,PS51787,13,222
Q86WA8,PS51786,651,837
Q86WA8,PS01046,740,748
C4R8D7,PS51228,5,103
Q92968,PS50002,272,336
P04842,PS00623,87,110
Q9MA90,PS50920,5,94
Q9MA90,PS50920,104,184
Q9MA90,PS50920,202,298
Q84JW1,PS00068,1,13
Q42564,PS00436,31,42
Q42564,PS50873,31,287
Q42564,PS00435,152,162
Q06850,PS50011,150,408
Q06850,PS00107,156,183
Q06850,PS00108,270,282
Q06850,PS50222,451,486
Q06850,PS00018,464,476
Q06850,PS50222,487,522
Q06850,PS00018,500,512
Q06850,PS50222,523,558
Q06850,PS00018,536,548
Q06850,PS50222,561,592
Q06850,PS00018,570,582
Q8S3J3,PS00653,44,58
Q9SYU4,PS50089,327,365
Q9SYU4,PS00518,342,351
O04200,PS50920,2,91
O04200,PS50920,109,216
O04200,PS50920,229,320
Q3MIB4,PS51787,13,222
Q3MIB4,PS51786,651,837
Q3MIB4,PS01046,740,748
Q8LPS1,PS00455,266,277
Q00922,PS00623,87,110
Q00922,PS00624,268,282
Q8VZS0,PS50920,7,96
Q8VZS0,PS50920,106,186
Q8VZS0,PS50920,204,300
Q9CA86,PS50089,277,318
Q9CA86,PS00518,293,302
Q06497,PS50920,1,101
Q06497,PS50920,122,208
Q06497,PS50920,220,304
B6ZJZ9,PS50920,5,94
B6ZJZ9,PS50920,104,184
B6ZJZ9,PS50920,202,296
Q9SEK3,PS51748,35,487
Q9T0H9,PS01214,157,166
P56274,PS00196,77,91
Q8W4I6,PS51721,273,457
Q9LIK0,PS00110,339,351
Q8LD49,PS51352,20,177
Q9SI61,PS51278,91,311
Q9SI61,PS00103,432,444
F4J264,PS00041,107,151
Q94B60,PS00382,172,185
Q8W585,PS00674,359,377
Q8W585,PS00142,478,487
Q9SF38,PS51375,152,186
Q9SF38,PS51375,235,269
Q9SF38,PS51375,270,304
Q9SF38,PS51375,305,339
Q9SF38,PS51375,413,443
Q9SF38,PS51375,451,485
Q9SF38,PS51375,486,521
Q9SF38,PS51375,522,556
Q9SF38,PS51375,557,587
Q9SF38,PS51375,593,627
Q9SF38,PS51375,628,658
Q9SF38,PS51375,682,716
Q9SRY4,PS50005,75,108
Q9SRY4,PS50293,75,145
Q9FH02,PS00674,389,407
P25857,PS00071,233,240
Q1PDW5,PS00674,363,381
Q1PDW5,PS00142,482,491
Q38885,PS00755,193,212
Q38885,PS00756,285,302
Q93ZB2,PS00086,447,456
Q9AT00,PS00152,16,25
Q9AT00,PS50893,85,336
Q9AT00,PS00211,220,234
Q9LXC9,PS00387,173,179
Q8RWG1,PS50011,236,567
D2WL32,PS00082,336,354
O23680,PS51720,34,258
Q9M1X2,PS00589,99,114
Q9C9P4,PS52004,129,539
Q9C9P4,PS00606,283,299
P13133,PS00196,77,91
O48737,PS51352,67,179
O48737,PS00194,96,114
Q43157,PS01085,91,105
Q43157,PS01086,195,217
Q9STG9,PS51278,87,307
Q9STG9,PS00103,428,440
Q9S7N7,PS01026,126,143
Q9M5P4,PS01195,74,87
Q9SEU7,PS51352,47,173
Q9SEU7,PS00194,88,106
Q9SEU6,PS51352,72,192
Q9SEU6,PS00194,108,126
Q9C5J8,PS51779,314,396
Q9SQI8,PS50968,55,133
Q9SQI8,PS00189,80,109
Q9SQI8,PS51826,187,224
Q9SQI8,PS00237,397,413
Q39249,PS00213,206,219
Q9CAP8,PS00455,250,261
Q8RY46,PS50929,140,421
Q8RY46,PS50893,455,694
Q8RY46,PS00211,593,607
Q9LJE4,PS00296,455,466
Q9FYC2,PS51296,88,200
Q9FGC7,PS50006,558,612
P17745,PS51722,77,281
P17745,PS00301,118,133
Q8L7S9,PS51352,46,164
Q8L7S9,PS00194,80,98
B9DFX7,PS50846,76,146
B9DFX7,PS00154,548,554
Q93Z53,PS00110,309,321
P45951,PS50800,97,131
P45951,PS51435,276,536
P45951,PS00726,306,315
P45951,PS00727,470,485
P45951,PS00728,495,506
Q9C5D0,PS51371,83,145
Q9C5D0,PS51371,177,234
Q9SXJ7,PS51903,115,257
Q9SXJ7,PS00870,410,422
Q9SXJ7,PS50151,532,567
Q9SXJ7,PS00871,692,710
P52410,PS52004,60,470
P52410,PS00606,215,231
Q8GX78,PS50850,134,538
Q944G9,PS00158,259,269
A8MS68,PS00076,121,131
Q9FIM2,PS00674,469,487
P18068,PS00196,123,138
Q7XJR2,PS50850,101,509
P21240,PS00296,459,470
O80860,PS00674,366,384
O80860,PS00142,485,494
Q42529,PS00167,95,108
O82390,PS50850,105,509
O82390,PS00032,364,369
Q8VZT6,PS51352,66,191
Q8LEU3,PS00061,220,248
F4KF14,PS00674,457,475
Q38786,PS00653,78,92
Q9SMS0,PS50076,106,172
Q9SMS0,PS00636,149,168
Q9XIK3,PS01152,159,176
O65023,PS50920,85,177
O65023,PS50920,185,268
O65023,PS50920,275,359
Q9M024,PS50920,113,205
Q9M024,PS50920,213,296
Q9M024,PS50920,307,387
Q9LD43,PS50989,132,385
Q9ZP27,PS00653,79,93
Q9M001,PS01315,355,381
Q9SK50,PS51296,88,193
P12113,PS00153,342,355
Q9S713,PS50011,134,452
Q9S713,PS00107,140,167
Q9S713,PS00108,275,287
P37272,PS01044,251,266
P37272,PS01045,287,312
Q9LVY0,PS00745,325,341
Q9LZB8,PS50929,81,362
Q9LZB8,PS50893,396,633
Q9LZB8,PS00211,536,550
Q9FI56,PS51903,95,237
Q9FI56,PS00870,389,401
Q9FI56,PS50151,511,546
Q9FI56,PS00871,671,689
Q8H0W1,PS00501,140,147
Q8H0W1,PS00761,239,252
Q9FKW6,PS51384,81,203
P07465,PS00196,77,91
Q8H103,PS51463,72,542
Q8H103,PS00174,509,526
P52032,PS51355,69,236
P52032,PS00460,99,114
P52032,PS00763,136,143
Q9STW6,PS00297,83,90
Q9STW6,PS00329,267,280
Q9STW6,PS01036,408,422
Q3E9A0,PS50850,101,508
Q9LW57,PS00213,131,142
Q8W493,PS51384,90,212
Q9LTX9,PS00297,83,90
Q9LTX9,PS00329,267,280
Q9LTX9,PS01036,408,422
Q9SIF2,PS00298,97,106
Q94A03,PS01315,343,369
Q9ASS6,PS50072,103,253
Q9ASS6,PS00170,137,154
Q9SEU8,PS51352,45,186
Q9SEU8,PS00194,102,120
Q9SJU4,PS00158,260,270
P42762,PS51903,80,233
P42762,PS00870,408,420
P42762,PS00871,690,708
Q9MA15,PS50011,216,546
Q9LY74,PS51734,65,274
O23166,PS51352,101,229
Q84ST4,PS00061,215,243
Q9ZU52,PS00158,252,262
Q8LEK4,PS51352,68,202
Q8LEK4,PS00194,117,135
O04921,PS00534,290,311
Q9XFH9,PS51352,59,184
Q9XFH9,PS00194,101,119
F4IV66,PS51166,76,185
F4IV66,PS00435,610,620
Q9XFH8,PS51352,49,174
Q9XFH8,PS00194,91,109
Q6STH5,PS01215,281,297
Q9SD67,PS00674,465,483
Q8W593,PS51819,88,212
Q8W593,PS00934,91,112
Q8W593,PS51819,218,342
Q8W593,PS00934,221,242
Q39102,PS00674,401,419
Q93Y07,PS00572,425,433
Q9FYB5,PS50076,65,133
Q93VK5,PS00086,509,518
Q9SZC9,PS50846,148,222
Q9SZC9,PS01047,154,183
Q9SZC9,PS00154,598,604
Q6NPF9,PS51352,5,169
Q6NPF9,PS00194,85,103
O22265,PS50297,152,234
O22265,PS50088,159,191
O22265,PS50088,193,225
O22265,PS50013,320,373
P00300,PS00196,76,91
Q7XA87,PS50920,4,94
Q7XA87,PS50920,104,192
Q7XA87,PS50920,213,299
O22832,PS00574,321,340
P48529,PS00125,108,113
P48528,PS00125,108,113
Q8RWG2,PS50293,168,511
Q8RWG2,PS50005,305,338
Q8RWG2,PS50005,339,372
Q8RWG2,PS50005,407,440
Q8RWG2,PS50005,441,474
Q8RWG2,PS50005,478,511
Q8GT74,PS50089,196,238
Q8GZR2,PS51010,149,496
O49931,PS51296,103,208
P42804,PS00747,193,216
Q6TBX7,PS00086,480,489
Q94BU1,PS50011,189,523
Q84V18,PS50011,139,482
Q84V18,PS00107,145,172
Q84V18,PS00108,298,310
Q38906,PS51720,36,260
P34791,PS50072,98,255
P34791,PS00170,139,156
Q9ZWM5,PS51296,305,406
Q9ZWM5,PS00570,346,368
Q9SN86,PS00068,227,239
Q9FYT6,PS51295,168,265
Q9FYT6,PS51295,350,447
Q9FYT6,PS51295,562,662
P26956,PS00196,123,138
Q949U7,PS51352,73,234
Q9PSN1,PS00272,41,62
Q9PSN6,PS00272,40,58
P15226,PS51863,21,82
Q01972,PS51767,87,394
Q01972,PS00141,100,111
Q01972,PS00141,282,293
P84810,PS51863,24,87
Q86AV4,PS50842,45,145
P01420,PS00272,39,57
P84651,PS00118,43,50
P84651,PS00119,85,95
P07713,PS51362,469,588
P07713,PS00250,505,520
H2A0L7,PS50853,250,355
H2A0L7,PS50853,359,449
H2A0L7,PS50853,453,545
H2A0L7,PS50853,549,642
H2A0L7,PS50853,645,742
H2A0L5,PS51910,20,380
H2A0L5,PS01095,133,141
H2A0L4,PS51910,22,381
H2A0L4,PS01095,135,143
H2A0L3,PS50026,21,55
H2A0L3,PS00022,43,54
H2A0L3,PS01186,43,54
H2A0L3,PS50026,61,93
H2A0L3,PS00022,81,92
H2A0L2,PS00022,40,51
H2A0L2,PS50026,60,92
H2A0L2,PS00022,80,91
H2A0L2,PS51034,99,342
H2A0L1,PS00497,154,171
H2A0L1,PS00498,315,326
H2A0L0,PS00497,155,172
H2A0L0,PS00498,309,320
P29717,PS00659,223,232
H2A0L8,PS50853,131,236
H2A0L8,PS50853,240,330
H2A0L8,PS50853,334,430
H2A0L8,PS50853,431,524
H2A0L8,PS50853,527,624
P29060,PS51910,23,291
P29060,PS01095,141,149
P0CT48,PS51761,40,230
P0CT48,PS00776,123,133
P0CT48,PS00777,214,225
P02767,PS00768,35,50
P02767,PS00769,125,137
P01494,PS51863,20,85
Q9BPH1,PS00118,50,57
P91850,PS01158,55,69
Q5EF78,PS51257,1,16
Q5EF78,PS00430,1,43
C6EVG7,PS00263,153,169
D3JXM1,PS01138,36,58
P60237,PS00272,41,59
P27731,PS00768,38,53
P27731,PS00769,128,140
P01014,PS00284,361,371
P01012,PS00284,359,369
Q8N2S1,PS50026,149,181
Q8N2S1,PS00022,169,180
Q8N2S1,PS51364,287,327
Q8N2S1,PS01187,357,381
Q8N2S1,PS50026,357,393
Q8N2S1,PS00010,372,383
Q8N2S1,PS01186,381,396
Q8N2S1,PS51364,407,459
Q8N2S1,PS01186,570,585
Q8N2S1,PS01187,587,612
Q8N2S1,PS50026,587,628
Q8N2S1,PS00010,603,614
Q8N2S1,PS01186,612,627
Q8N2S1,PS01187,629,654
Q8N2S1,PS50026,629,670
Q8N2S1,PS00010,645,656
Q8N2S1,PS01186,654,669
Q8N2S1,PS01187,671,696
Q8N2S1,PS50026,671,708
Q8N2S1,PS00010,687,698
Q8N2S1,PS00022,696,707
Q8N2S1,PS01186,696,707
Q8N2S1,PS01187,710,735
Q8N2S1,PS50026,710,747
Q8N2S1,PS00010,726,737
Q8N2S1,PS01186,735,750
Q8N2S1,PS01187,752,777
Q8N2S1,PS50026,752,793
Q8N2S1,PS00010,768,779
Q8N2S1,PS01186,777,792
Q8N2S1,PS01187,794,818
Q8N2S1,PS01187,834,860
Q8N2S1,PS50026,834,872
Q8N2S1,PS00010,851,862
Q8N2S1,PS01187,878,903
Q8N2S1,PS50026,878,919
Q8N2S1,PS00010,894,905
Q8N2S1,PS01186,903,918
Q8N2S1,PS01187,920,944
Q8N2S1,PS50026,920,960
Q8N2S1,PS00010,935,946
Q8N2S1,PS01187,961,987
Q8N2S1,PS01187,1005,1031
Q8N2S1,PS01187,1049,1074
Q8N2S1,PS50026,1049,1090
Q8N2S1,PS00010,1065,1076
Q8N2S1,PS01186,1074,1089
Q8N2S1,PS01187,1091,1116
Q8N2S1,PS00010,1107,1118
Q8N2S1,PS51364,1181,1235
Q8N2S1,PS01187,1253,1279
Q8N2S1,PS50026,1253,1295
Q8N2S1,PS00010,1270,1281
Q8N2S1,PS01186,1279,1294
Q8N2S1,PS01187,1296,1321
Q8N2S1,PS50026,1296,1337
Q8N2S1,PS00010,1312,1323
Q8N2S1,PS51364,1349,1402
Q8N2S1,PS50026,1533,1569
Q8N2S1,PS01186,1557,1572
Q8N2S1,PS01187,1574,1602
Q8N2S1,PS50026,1574,1618
Q8N2S1,PS00010,1593,1604
Q8N2S1,PS01186,1602,1617
Q8LG89,PS51485,34,129
Q8T0W1,PS51257,1,26
Q8T0W4,PS50279,28,76
Q8T0W4,PS00280,54,72
Q9UHF1,PS51041,27,104
Q9UHF1,PS50026,103,135
Q9UHF1,PS00022,123,134
Q9UHF1,PS01186,123,134
Q9UHF1,PS01187,137,161
Q9UHF1,PS00010,152,163
Q7T2X6,PS51362,330,443
Q7T2X6,PS00250,359,374
Q7T2X7,PS51362,346,458
Q7T2X7,PS00250,374,389
Q90ZI3,PS50215,200,396
Q90ZI3,PS00142,333,342
Q90ZI3,PS50214,404,489
Q90ZI3,PS00427,444,463
P86408,PS51863,2,64
P04115,PS51406,169,412
P04115,PS00514,356,368
P86403,PS51863,2,64
P86404,PS51863,2,66
P86405,PS51863,2,66
Q4U4T0,PS51910,35,343
Q4U4T0,PS01095,165,173
Q4U4T0,PS51164,383,419
C6JUP2,PS00272,65,85
P45663,PS51863,20,85
D4AL88,PS00142,426,435
Q8W4J3,PS51352,35,170
Q8W4J3,PS00194,64,82
Q8W4J3,PS51324,295,397
Q7T3J2,PS00272,64,84
Q4QXT8,PS00967,130,136
Q9PRI1,PS00272,56,74
Q9NII5,PS01138,34,56
Q9NII6,PS01138,33,55
Q9NII7,PS01138,35,56
P25518,PS00272,41,61
P04824,PS00512,65,80
D4AQ54,PS00131,231,238
B3A0Q3,PS51257,1,20
P15692,PS50278,39,135
P15692,PS00249,75,87
B3A0Q5,PS00018,95,107
B3A0Q5,PS50222,115,150
B3A0Q5,PS00018,128,140
P81030,PS00272,41,62
P81031,PS00272,41,61
Q867F4,PS01138,35,57
P50390,PS00768,35,50
P50390,PS00769,125,137
P13213,PS00612,72,102
P13213,PS51465,94,151
P13213,PS00613,163,173
P13213,PS00018,274,286
P38616,PS51732,50,354
Q801X7,PS51304,3,134
P12100,PS50844,3,62
P62389,PS00272,38,56
B6V9X0,PS00142,426,435
Q56VR3,PS50998,40,86
Q56VR3,PS00011,56,81
Q56VR3,PS01187,86,110
Q56VR3,PS50026,86,122
Q56VR3,PS00010,101,112
Q56VR3,PS00022,110,121
Q56VR3,PS01186,110,121
Q56VR3,PS01186,149,164
Q56VR3,PS50240,210,454
Q56VR3,PS00134,247,252
Q56VR3,PS00135,400,411
P84716,PS00272,37,57
P84715,PS00263,105,121
Q9PSM8,PS50041,9,121
Q9PSM8,PS00615,97,120
Q9PSM9,PS50041,9,130
Q9PSM9,PS00615,104,129
P81996,PS50041,9,120
P81996,PS00615,96,119
D4B1N9,PS00122,222,237
A2VBC4,PS00120,150,159
Q5A0X8,PS52012,34,145
Q90282,PS50215,198,393
Q90282,PS00142,330,339
Q90282,PS50214,401,487
Q90282,PS00427,441,460
D4AQ27,PS00142,298,307
R4J7Z9,PS00022,384,395
R4J7Z9,PS01186,384,395
Q13822,PS50958,55,98
Q13822,PS00524,74,94
Q13822,PS50958,99,143
Q13822,PS00524,118,138
E0D877,PS00785,41,53
E0D877,PS00786,124,135
Q8NJQ5,PS51910,38,337
Q8NJQ5,PS01095,152,160
P34073,PS00272,41,61
P34074,PS00272,40,60
P34075,PS00272,39,57
P34076,PS00272,40,58
Q4ZJM9,PS50871,105,238
Q9W7J5,PS00272,62,83
P29182,PS00272,41,61
P29180,PS00272,41,61
P10460,PS00272,40,58
P11997,PS00210,472,480
P11995,PS00210,505,513
Q9VD83,PS01225,52,142
Q9W3W5,PS50814,119,261
Q9W3W5,PS50026,279,311
Q9W3W5,PS00022,299,310
Q9W3W5,PS01186,299,310
Q9W3W5,PS00022,331,342
Q9W3W5,PS01186,331,342
Q9W3W5,PS50026,343,375
Q9W3W5,PS00022,363,374
Q9W3W5,PS01186,363,374
Q9W3W5,PS50026,376,407
Q9W3W5,PS00022,395,406
Q9W3W5,PS50026,412,441
Q9W3W5,PS00022,429,440
Q9W3W5,PS01186,429,440
Q7TQ62,PS51450,98,119
Q7TQ62,PS51450,122,145
Q7TQ62,PS51450,148,169
Q7TQ62,PS51450,193,213
Q7TQ62,PS51450,219,239
Q7TQ62,PS51450,240,261
Q7TQ62,PS51450,264,284
Q7TQ62,PS51450,290,311
Q7TQ62,PS51450,312,332
Q7TQ62,PS51450,335,358
Q7TQ62,PS51450,361,382
Q7TQ62,PS51450,383,403
Q7TQ62,PS51450,406,427
Q7TQ62,PS51450,432,453
Q7TQ62,PS51450,477,490
Q7TQ62,PS51450,503,523
Q7TQ62,PS51450,524,545
D2Y2D1,PS60021,50,77
D2Y2D3,PS60021,50,77
D2Y2D2,PS60021,50,77
D2Y2D7,PS60021,51,80
P17454,PS00400,29,61
P05486,PS51257,1,28
P05486,PS00264,28,36
D8VPP5,PS00503,215,224
P85247,PS51257,1,16
O61705,PS51863,21,83
A2AJ76,PS50835,426,515
A2AJ76,PS50835,517,601
A2AJ76,PS50835,609,692
A2AJ76,PS50835,699,782
A2AJ76,PS50835,787,877
A2AJ76,PS50835,882,968
A2AJ76,PS50835,973,1058
A2AJ76,PS50835,1063,1156
A2AJ76,PS50835,1161,1239
A2AJ76,PS50835,1246,1335
A2AJ76,PS50835,1340,1437
A2AJ76,PS50835,1442,1531
A2AJ76,PS50835,1536,1624
A2AJ76,PS50835,1629,1717
A2AJ76,PS50835,1722,1810
A2AJ76,PS50835,1846,1913
A2AJ76,PS50835,1920,2008
A2AJ76,PS50835,2011,2100
A2AJ76,PS50835,2105,2189
A2AJ76,PS50835,2196,2285
A2AJ76,PS50835,2290,2379
A2AJ76,PS50835,2384,2473
A2AJ76,PS50835,2478,2566
A2AJ76,PS50835,2571,2662
A2AJ76,PS50835,2667,2758
A2AJ76,PS50835,2781,2859
A2AJ76,PS50835,2875,2964
A2AJ76,PS50835,2971,3058
A2AJ76,PS50835,3063,3153
A2AJ76,PS50835,3157,3245
A2AJ76,PS50835,3250,3340
A2AJ76,PS50835,3345,3432
A2AJ76,PS50835,3438,3523
A2AJ76,PS50835,3528,3609
A2AJ76,PS50835,3614,3702
A2AJ76,PS50835,3707,3793
A2AJ76,PS50835,3798,3886
A2AJ76,PS50835,3891,3977
A2AJ76,PS50835,3982,4067
A2AJ76,PS50835,4071,4158
A2AJ76,PS50835,4163,4244
A2AJ76,PS50835,4252,4336
A2AJ76,PS50835,4343,4428
A2AJ76,PS50993,4432,4654
A2AJ76,PS01187,4668,4692
A2AJ76,PS50026,4668,4708
A2AJ76,PS00010,4683,4694
A2AJ76,PS01186,4692,4707
A2AJ76,PS01187,4709,4735
A2AJ76,PS50026,4709,4753
A2AJ76,PS50026,4754,4789
A2AJ76,PS01186,4780,4795
A2AJ76,PS01187,4797,4821
A2AJ76,PS50026,4797,4837
A2AJ76,PS00010,4812,4823
A2AJ76,PS01187,4904,4927
A2AJ76,PS50026,4904,4943
A2AJ76,PS00010,4918,4929
A2AJ76,PS01186,4927,4942
A2AJ76,PS01187,4944,4970
A2AJ76,PS00758,5013,5022
D4AX35,PS00142,434,443
D4AX35,PS00435,520,530
Q9PUB7,PS00272,56,74
P09036,PS51465,27,80
P09036,PS00282,40,62
Q9XEC4,PS51257,1,16
Q9XEC4,PS51767,87,505
Q9XEC4,PS00141,102,113
Q9XEC4,PS00141,289,300
Q9XEC4,PS50015,317,357
Q9XEC4,PS50015,378,419
P01493,PS51863,20,85
P15502,PS01155,402,430
P15502,PS00101,508,536
P15502,PS00101,514,542
P15502,PS00101,520,548
P00992,PS50279,31,81
P00992,PS00280,59,77
P00995,PS51465,26,79
P00995,PS00282,39,61
D4AY02,PS50072,38,195
D4AY02,PS00170,79,96
P00998,PS51465,3,56
P00998,PS00282,16,38
P24014,PS51450,101,122
P24014,PS51450,125,146
P24014,PS51450,149,170
P24014,PS51450,173,194
P24014,PS51450,197,218
P24014,PS51450,221,242
P24014,PS51450,245,266
P24014,PS51450,347,368
P24014,PS51450,371,392
P24014,PS51450,395,416
P24014,PS51450,419,440
P24014,PS51450,443,464
P24014,PS51450,571,592
P24014,PS51450,596,617
P24014,PS51450,620,641
P24014,PS51450,644,665
P24014,PS51450,668,689
P24014,PS51450,791,812
P24014,PS51450,815,836
P24014,PS51450,839,860
P24014,PS50026,933,968
P24014,PS00022,956,967
P24014,PS01186,956,967
P24014,PS50026,970,1007
P24014,PS00022,995,1006
P24014,PS01186,995,1006
P24014,PS01187,1009,1034
P24014,PS50026,1009,1046
P24014,PS00010,1025,1036
P24014,PS00022,1034,1045
P24014,PS01186,1034,1045
P24014,PS50026,1048,1086
P24014,PS00010,1065,1076
P24014,PS00022,1074,1085
P24014,PS01186,1074,1085
P24014,PS01187,1088,1112
P24014,PS50026,1088,1124
P24014,PS00010,1103,1114
P24014,PS00022,1112,1123
P24014,PS50026,1135,1173
P24014,PS00022,1161,1172
P24014,PS01186,1161,1172
P24014,PS50025,1176,1349
P24014,PS50026,1377,1416
P24014,PS00022,1404,1415
P24014,PS01225,1433,1504
P24014,PS01185,1466,1503
O46375,PS00768,35,50
O46375,PS00769,125,137
D4AXW3,PS51892,128,399
D4AXW3,PS00138,344,354
P86419,PS00272,41,62
Q2LMP1,PS00246,203,212
D4ARW0,PS00956,104,115
Q6H321,PS50240,25,258
Q6H321,PS00134,61,66
Q6H321,PS00135,207,218
Q9V3D4,PS51910,22,440
P86389,PS00118,43,50
P86389,PS00119,87,97
Q6NUI6,PS51450,62,84
Q6NUI6,PS51450,111,132
Q6NUI6,PS51450,135,156
Q6NUI6,PS51450,159,180
Q6NUI6,PS51450,183,204
Q6NUI6,PS51450,207,228
Q6NUI6,PS51450,231,252
Q6NUI6,PS51450,279,300
Q6NUI6,PS51450,450,471
Q6NUI6,PS51450,474,495
Q6NUI6,PS51450,498,519
Q6NUI6,PS51450,522,543
Q6NUI6,PS51450,546,566
Q6NUI6,PS51450,570,591
Q6NUI6,PS51450,594,615
Q6NUI6,PS51450,619,640
Q6NUI6,PS51450,644,665
Q6NUI6,PS51450,666,687
Q25519,PS00209,204,223
Q25519,PS00210,397,405
Q25519,PS00498,401,412
A0ZSK4,PS50188,506,700
P86097,PS00272,38,56
P86095,PS00272,38,56
P60772,PS00272,39,57
P60773,PS00272,39,57
P60771,PS00272,61,79
P60774,PS00272,39,57
P60775,PS00272,61,79
Q8T115,PS00209,196,215
Q8T115,PS00210,387,395
Q8T115,PS00498,391,402
P19999,PS50041,123,235
P19999,PS00615,212,234
B3A0N5,PS00785,36,48
P67863,PS50278,25,122
P67863,PS00249,61,73
P67862,PS50278,25,122
P67862,PS00249,61,73
P67861,PS50278,25,122
P67861,PS00249,61,73
Q9WVL7,PS00471,30,75
Q8MJF1,PS51450,144,165
Q8MJF1,PS51450,168,189
Q8MJF1,PS51450,214,234
Q8MJF1,PS51450,235,256
Q84WS0,PS51892,122,623
Q84WS0,PS00136,148,159
Q84WS0,PS00138,550,560
Q8C6K9,PS50234,26,205
Q8C6K9,PS50234,228,406
Q8C6K9,PS50234,435,605
Q8C6K9,PS50234,621,790
Q8C6K9,PS50234,808,981
Q8C6K9,PS50234,999,1170
Q8C6K9,PS50234,1756,1901
Q8C6K9,PS50234,1964,2165
Q9HE18,PS51164,317,353
Q9HE18,PS00562,325,352
P86870,PS01009,176,186
P86870,PS01010,205,216
Q8NIJ4,PS00142,434,443
Q8NIJ4,PS00435,520,530
O15537,PS50022,63,219
O15537,PS01285,111,140
Q9QXT5,PS51041,28,105
Q9QXT5,PS50026,104,136
Q9QXT5,PS00022,124,135
Q9QXT5,PS01186,124,135
Q9QXT5,PS01187,138,162
Q54PR9,PS00616,44,58
Q7SZN0,PS00079,307,327
Q7SZN0,PS00079,662,682
Q7SZN0,PS00079,1120,1140
Q7SZN0,PS50022,1147,1298
Q7SZN0,PS01285,1187,1217
Q7SZN0,PS50022,1303,1457
Q7SZN0,PS01285,1347,1376
Q7SZN0,PS01286,1441,1457
Q6UY14,PS50092,44,380
Q6UY14,PS50092,723,782
Q6UY14,PS50092,783,842
Q6UY14,PS50092,845,909
Q6UY14,PS50092,910,969
Q6UY14,PS50092,970,1026
Q6UY14,PS50900,1029,1066
P13582,PS51888,36,89
P13582,PS50240,128,391
P13582,PS00032,138,143
P13582,PS00134,169,174
P13582,PS00135,332,343
P05017,PS00262,95,109
Q6T5L0,PS50240,1,229
Q6T5L0,PS00134,39,44
Q6T5L0,PS00135,178,189
P84631,PS51863,2,64
P83942,PS50278,1,98
P83942,PS00249,37,49
D4ANB6,PS00131,200,207
P29268,PS51323,24,97
P29268,PS00222,52,67
P29268,PS50184,100,166
P29268,PS01208,119,165
P29268,PS50092,197,242
P29268,PS01225,255,329
P29268,PS01185,291,328
P25680,PS00272,41,61
P25683,PS00272,38,56
Q8NJP6,PS51164,346,382
Q8NJP6,PS00562,354,381
Q00604,PS01225,39,132
Q00604,PS01185,95,131
Q4VP10,PS51257,1,18
P09486,PS00612,72,102
P09486,PS51465,94,151
P09486,PS00613,163,173
P09486,PS00018,274,286
P10456,PS00272,61,79
P10457,PS00272,61,79
P10458,PS00272,40,58
P47001,PS50256,64,82
P47001,PS00929,68,78
P60234,PS00272,41,61
Q01176,PS51760,31,329
Q1HA14,PS00967,113,119
M1JBC0,PS51863,2,63
Q6PXP0,PS00118,55,62
K9MCH1,PS00272,59,77
P01033,PS00288,24,36
P01033,PS50189,24,147
P01034,PS00287,80,93
P01036,PS00287,75,88
P01037,PS00287,75,88
F5CPD5,PS00272,59,77
F5CPD7,PS00272,61,79
F5CPD8,PS00272,59,77
F5CPD9,PS00272,61,79
P49141,PS00768,37,52
P49141,PS00769,127,139
P49142,PS00768,37,52
P49142,PS00769,127,139
A2AJB7,PS00213,34,47
Q9HEZ1,PS51164,19,55
Q9HEZ1,PS00562,27,54
Q9HEZ1,PS51760,88,405
Q9HEZ1,PS00591,320,330
P0DMT2,PS00118,43,50
P0DMT2,PS00119,85,95
P01409,PS00272,41,61
P35624,PS00288,24,36
P35624,PS50189,24,147
P0CAY6,PS51257,1,17
Q6KF10,PS51362,332,455
Q6KF10,PS00250,372,387
W0HJ53,PS51761,28,216
W0HJ53,PS00776,109,119
W0HJ53,PS00777,200,211
Q08380,PS50287,24,124
Q08380,PS00420,29,66
Q08380,PS50097,153,221
P98064,PS01180,16,143
P98064,PS01187,144,171
P98064,PS00010,162,173
P98064,PS01186,171,186
P98064,PS01180,190,302
P98064,PS50923,304,369
P98064,PS50923,370,439
P98064,PS50240,454,701
P98064,PS00134,491,496
P98064,PS00135,645,656
Q9NPH9,PS00520,74,94
I1S2K3,PS51761,41,229
I1S2K3,PS00776,122,132
I1S2K3,PS00777,213,224
Q6PRW6,PS51760,50,330
Q6PRW6,PS00591,260,270
Q5S7A8,PS51760,46,326
Q5S7A8,PS00591,256,266
A0ZSK3,PS50188,508,703
O57382,PS51864,153,352
O57382,PS00142,242,251
O57382,PS01180,354,466
O57382,PS01180,467,579
O57382,PS01187,579,604
O57382,PS50026,579,620
O57382,PS00010,595,606
O57382,PS01186,604,619
O57382,PS01180,623,735
O57382,PS01187,735,759
O57382,PS50026,735,775
O57382,PS00010,750,761
O57382,PS01186,759,774
O57382,PS01180,779,891
O57382,PS01180,892,1008
O94813,PS51450,56,77
O94813,PS51450,80,101
O94813,PS51450,104,125
O94813,PS51450,128,149
O94813,PS51450,152,173
O94813,PS51450,176,197
O94813,PS51450,200,221
O94813,PS51450,301,322
O94813,PS51450,325,346
O94813,PS51450,349,370
O94813,PS51450,373,394
O94813,PS51450,397,418
O94813,PS51450,559,580
O94813,PS51450,607,628
O94813,PS51450,631,652
O94813,PS51450,655,676
O94813,PS51450,755,777
O94813,PS51450,778,799
O94813,PS51450,802,823
O94813,PS51450,826,847
O94813,PS50026,920,955
O94813,PS00022,943,954
O94813,PS01186,943,954
O94813,PS50026,957,996
O94813,PS00022,984,995
O94813,PS01186,984,995
O94813,PS01187,991,1022
O94813,PS50026,998,1034
O94813,PS00010,1013,1024
O94813,PS00022,1022,1033
O94813,PS50026,1036,1074
O94813,PS00022,1062,1073
O94813,PS01186,1062,1073
O94813,PS01187,1076,1100
O94813,PS50026,1076,1112
O94813,PS00010,1091,1102
O94813,PS00022,1100,1111
O94813,PS01186,1100,1111
O94813,PS50026,1121,1157
O94813,PS00022,1145,1156
O94813,PS01186,1145,1156
O94813,PS50025,1160,1333
O94813,PS50026,1337,1368
O94813,PS00022,1356,1367
O94813,PS01186,1356,1367
O94813,PS50026,1371,1407
O94813,PS00022,1395,1406
O94813,PS50026,1412,1448
O94813,PS00022,1436,1447
O94813,PS01186,1436,1447
O94813,PS01225,1453,1528
O94813,PS01185,1491,1527
Q12562,PS51761,29,221
Q12562,PS00776,111,121
F8J2F2,PS00272,62,82
Q13219,PS51257,1,19
Q13219,PS00142,559,568
Q13219,PS50923,1213,1282
Q13219,PS50923,1283,1344
Q13219,PS50923,1345,1412
Q13219,PS50923,1413,1473
Q13219,PS50923,1476,1556
P14612,PS00272,62,82
P14613,PS00272,40,58
O02350,PS52035,130,423
O02350,PS00132,178,200
O02350,PS00133,312,322
P59939,PS60026,5,41
B5A7N4,PS51761,32,221
B5A7N4,PS00776,114,124
B5A7N4,PS00777,205,216
P60615,PS00272,64,84
P60616,PS00272,64,84
O09118,PS51117,47,284
O09118,PS50027,285,340
O09118,PS00022,304,315
O09118,PS01248,304,338
O09118,PS50027,341,403
O09118,PS01248,368,404
O09118,PS50027,404,453
O09118,PS00022,423,434
O09118,PS01248,423,451
O09118,PS50189,472,601
Q7Z1K3,PS50279,28,84
Q7Z1K3,PS00280,62,80
C0HJQ8,PS01138,34,56
P0C929,PS50041,9,128
P0C929,PS00615,102,127
A4QUT2,PS00436,132,143
A4QUT2,PS50873,174,458
A4QUT2,PS00435,306,316
C0HJQ4,PS01138,36,57
Q7TMF5,PS00284,384,394
C0HJC1,PS00118,43,50
C0HJC1,PS00119,85,95
Q27J47,PS50240,25,249
Q27J47,PS00134,61,66
Q27J47,PS00135,198,209
P81908,PS00941,90,100
P81908,PS00122,185,200
Q27J49,PS00263,223,239
O35568,PS01187,44,70
O35568,PS01187,173,199
O35568,PS50026,173,213
O35568,PS00010,190,201
O35568,PS01186,199,212
O35568,PS01187,214,237
O35568,PS50026,214,253
O35568,PS00010,228,239
O35568,PS01186,237,252
O35568,PS01187,254,277
O35568,PS50026,254,293
O35568,PS00010,268,279
O35568,PS01186,277,292
O35568,PS01187,294,318
O35568,PS50026,294,333
O35568,PS00010,309,320
O35568,PS01186,318,332
O35568,PS01187,334,359
B5U6Y4,PS00118,59,66
B5U6Y4,PS00119,101,111
P83559,PS01186,24,36
Q5Y4V8,PS60015,35,66
Q54PA4,PS50842,42,141
Q5Y4V6,PS60015,36,67
Q5Y4V2,PS60015,37,68
P83952,PS51390,3,47
B6V874,PS00142,434,443
B6V874,PS00435,520,530
Q9HFH0,PS51761,35,223
Q9HFH0,PS00776,116,126
Q9XZ63,PS00018,145,157
D4AQA7,PS00131,221,228
Q9P403,PS51782,108,152
Q9P403,PS51782,183,227
Q4VP09,PS51257,1,17
Q4VP08,PS51257,1,17
P84516,PS50873,40,337
P84516,PS00436,72,83
P84516,PS00435,203,213
Q8T0W2,PS51446,23,59
Q8T0W2,PS51446,85,121
Q8T0W2,PS51446,147,184
P07457,PS50844,24,83
Q93243,PS51864,115,308
Q93243,PS50026,303,343
Q93243,PS00022,331,342
Q93243,PS01186,331,342
Q93243,PS01180,350,458
Q93243,PS50092,576,627
P83377,PS01009,157,167
P83377,PS01010,186,197
P09230,PS51892,166,454
P09230,PS00136,196,207
P09230,PS00137,231,241
P09230,PS00138,395,405
P01023,PS00430,1,63
P01023,PS00477,969,977
Q8BGU2,PS50871,88,224
Q90Y12,PS00263,165,181
Q670P5,PS00246,207,216
F5CPE4,PS00272,61,79
F5CPE3,PS00272,52,70
Q00387,PS00284,405,415
P68419,PS00272,39,57
P68418,PS00272,39,57
P83579,PS51465,1,58
P83579,PS00282,14,36
P68413,PS00272,38,56
P68412,PS00272,38,56
P68410,PS51863,1,62
P68417,PS00272,39,57
P68416,PS00272,59,77
P86471,PS51378,1,40
Q68SA9,PS50215,226,437
Q68SA9,PS00142,369,378
Q68SA9,PS50092,523,578
Q68SA9,PS50092,804,863
Q68SA9,PS50092,925,978
Q68SA9,PS50092,1382,1430
Q68SA9,PS50092,1433,1493
Q68SA9,PS50092,1540,1600
Q68SA9,PS50900,1603,1643
O73682,PS50278,36,132
O73682,PS00249,72,84
P06857,PS00120,165,174
P06857,PS50095,356,467
F8J2G3,PS00272,59,77
F8J2G5,PS00272,56,74
C9K4X8,PS00262,102,116
Q2PGV8,PS51760,46,354
P11159,PS00539,43,48
P11159,PS00539,119,124
P11159,PS00539,155,160
P11159,PS00539,165,170
P85258,PS51257,1,16
P82935,PS00272,62,82
P85253,PS51257,1,16
P85254,PS51257,1,16
P85255,PS51257,1,16
P85256,PS51257,1,16
P86406,PS51863,1,63
P23776,PS00079,135,155
P23776,PS00659,225,234
A5JUY8,PS50292,129,711
P07214,PS00612,71,101
P07214,PS51465,93,150
P07214,PS00613,162,172
P07214,PS00018,273,285
Q8I817,PS51257,1,25
P82807,PS50998,40,86
P82807,PS00011,56,81
P82807,PS01187,86,110
P82807,PS50026,86,122
P82807,PS00010,101,112
P82807,PS00022,110,121
P82807,PS50240,210,453
P82807,PS00134,247,252
P82807,PS00135,399,410
P86854,PS50041,37,148
P86854,PS00615,131,156
Q2PE51,PS00263,165,181
P86100,PS50026,352,407
P86100,PS00022,395,406
P86100,PS01186,395,406
D4APE2,PS00708,591,621
P85105,PS00597,69,90
P13495,PS00272,41,62
Q20930,PS50215,192,372
Q20930,PS00142,299,308
Q20930,PS50900,465,506
Q96W72,PS51761,16,207
Q96W72,PS00777,191,202
Q3BER4,PS50214,49,112
Q3BER4,PS00427,67,86
Q3BER3,PS50214,49,112
Q3BER3,PS00427,67,86
E9Q7T7,PS51450,61,83
E9Q7T7,PS51450,86,107
E9Q7T7,PS51450,110,131
E9Q7T7,PS51450,134,155
E9Q7T7,PS51450,158,179
E9Q7T7,PS51450,182,203
E9Q7T7,PS51450,206,227
E9Q7T7,PS51450,230,251
E9Q7T7,PS51450,278,299
E9Q7T7,PS51450,300,321
E9Q7T7,PS51450,473,494
E9Q7T7,PS51450,497,518
E9Q7T7,PS51450,521,542
E9Q7T7,PS51450,545,566
E9Q7T7,PS51450,569,590
E9Q7T7,PS51450,593,614
E9Q7T7,PS51450,618,639
E9Q7T7,PS51450,643,664
E9Q7T7,PS51450,665,686
P19958,PS00272,38,56
P19959,PS00272,59,77
Q6UX27-2,PS50835,27,114
Q91053,PS50240,25,253
Q91053,PS00134,63,68
Q91053,PS00135,202,213
Q9UJW2,PS50958,59,107
Q9UJW2,PS00524,81,102
Q9UJW2,PS00640,431,450
P84032,PS51162,4,67
P84032,PS51162,72,127
Q5Y4U8,PS60015,36,67
P84614,PS51863,3,65
P83560,PS60018,63,105
Q5Y4U6,PS60015,35,65
Q5Y4U7,PS60015,35,65
Q6WIH4,PS00142,440,449
Q6WIH3,PS00142,426,435
Q6WIH1,PS00142,434,443
Q6WIH1,PS00435,520,530
P55332,PS51761,37,225
P55332,PS00776,118,128
P55332,PS00777,209,220
Q6WIH8,PS00142,426,435
P84293,PS00209,182,201
P84293,PS00210,373,381
P84293,PS00498,377,388
P29029,PS51910,27,311
P29029,PS01095,149,157
P85314,PS50215,8,204
P85314,PS00142,141,150
P04180,PS00120,199,208
O94163,PS51760,45,326
P83346,PS00272,41,61
P0DKW9,PS00272,40,60
Q2TJ95,PS50092,147,207
C0K3N1,PS50278,25,122
C0K3N1,PS00249,61,73
A2CKF7,PS00272,62,82
A2CKF6,PS00272,62,82
P53189,PS00587,472,485
P83493,PS51767,71,377
P83493,PS00141,86,97
P01471,PS00272,38,58
D2Y2I3,PS60021,50,77
Q09055,PS00284,383,393
Q5Y4V3,PS60015,37,68
Q6ZMM2,PS50092,45,97
Q6ZMM2,PS50189,360,479
Q8NJ73,PS51164,17,53
Q8NJ73,PS00562,25,52
Q8NJ73,PS51760,74,379
P98133,PS00022,134,145
P98133,PS01186,134,145
P98133,PS50026,146,178
P98133,PS00022,166,177
P98133,PS01186,166,177
P98133,PS51364,184,227
P98133,PS01187,246,271
P98133,PS50026,246,287
P98133,PS00010,262,273
P98133,PS01187,288,313
P98133,PS50026,288,329
P98133,PS00010,304,315
P98133,PS01186,313,328
P98133,PS51364,334,389
P98133,PS50026,449,489
P98133,PS01186,474,488
P98133,PS01187,490,513
P98133,PS50026,490,525
P98133,PS00010,504,515
P98133,PS01186,513,528
P98133,PS01187,530,555
P98133,PS50026,530,571
P98133,PS00010,546,557
P98133,PS01186,555,570
P98133,PS01187,572,596
P98133,PS50026,572,612
P98133,PS00010,587,598
P98133,PS01186,596,611
P98133,PS01187,613,637
P98133,PS50026,613,653
P98133,PS00010,628,639
P98133,PS51364,659,711
P98133,PS01187,723,748
P98133,PS50026,723,764
P98133,PS00010,739,750
P98133,PS01186,748,763
P98133,PS01187,765,790
P98133,PS50026,765,806
P98133,PS00010,781,792
P98133,PS01186,790,805
P98133,PS01187,807,830
P98133,PS50026,807,846
P98133,PS00010,821,832
P98133,PS51364,851,890
P98133,PS01187,910,935
P98133,PS50026,910,951
P98133,PS00010,926,937
P98133,PS51364,956,1008
P98133,PS01187,1028,1053
P98133,PS50026,1028,1069
P98133,PS00010,1044,1055
P98133,PS01186,1053,1068
P98133,PS01187,1070,1095
P98133,PS50026,1070,1112
P98133,PS00010,1086,1097
P98133,PS01187,1113,1138
P98133,PS50026,1113,1154
P98133,PS00010,1129,1140
P98133,PS01187,1155,1180
P98133,PS50026,1155,1196
P98133,PS00010,1171,1182
P98133,PS01186,1180,1195
P98133,PS01187,1197,1221
P98133,PS50026,1197,1237
P98133,PS00010,1212,1223
P98133,PS01186,1221,1236
P98133,PS01187,1238,1263
P98133,PS50026,1238,1279
P98133,PS00010,1254,1265
P98133,PS01186,1263,1278
P98133,PS01187,1280,1305
P98133,PS50026,1280,1317
P98133,PS00010,1296,1307
P98133,PS01186,1305,1320
P98133,PS01187,1322,1348
P98133,PS50026,1322,1362
P98133,PS00010,1339,1350
P98133,PS01186,1348,1361
P98133,PS01187,1363,1389
P98133,PS50026,1363,1401
P98133,PS00010,1380,1391
P98133,PS01186,1389,1402
P98133,PS01187,1404,1429
P98133,PS50026,1404,1445
P98133,PS00010,1420,1431
P98133,PS01186,1429,1444
P98133,PS01187,1446,1470
P98133,PS50026,1446,1482
P98133,PS00010,1461,1472
P98133,PS01186,1470,1485
P98133,PS01187,1487,1511
P98133,PS50026,1487,1527
P98133,PS00010,1502,1513
P98133,PS51364,1532,1589
P98133,PS01187,1606,1631
P98133,PS50026,1606,1647
P98133,PS00010,1622,1633
P98133,PS01186,1631,1646
P98133,PS01187,1648,1672
P98133,PS50026,1648,1684
P98133,PS00010,1663,1674
P98133,PS51364,1693,1748
P98133,PS01187,1766,1791
P98133,PS50026,1766,1807
P98133,PS00010,1782,1793
P98133,PS01186,1791,1806
P98133,PS01187,1808,1833
P98133,PS50026,1808,1848
P98133,PS00010,1824,1835
P98133,PS01186,1833,1847
P98133,PS01187,1849,1874
P98133,PS50026,1849,1890
P98133,PS00010,1865,1876
P98133,PS01186,1874,1889
P98133,PS01187,1891,1914
P98133,PS50026,1891,1926
P98133,PS00028,1900,1924
P98133,PS00010,1905,1916
P98133,PS01186,1914,1928
P98133,PS01187,1930,1956
P98133,PS50026,1930,1972
P98133,PS00010,1947,1958
P98133,PS01186,1956,1971
P98133,PS01187,1973,1998
P98133,PS50026,1973,2012
P98133,PS00010,1989,2000
P98133,PS01186,1998,2011
P98133,PS01187,2013,2038
P98133,PS50026,2013,2054
P98133,PS00010,2029,2040
P98133,PS01186,2038,2053
P98133,PS51364,2059,2111
P98133,PS01187,2127,2151
P98133,PS50026,2127,2165
P98133,PS00010,2142,2153
P98133,PS01186,2151,2164
P98133,PS01187,2160,2190
P98133,PS50026,2166,2205
P98133,PS00010,2181,2192
P98133,PS01186,2190,2204
P98133,PS01187,2206,2230
P98133,PS50026,2206,2246
P98133,PS00010,2221,2232
P98133,PS01186,2230,2245
P98133,PS01187,2247,2274
P98133,PS50026,2247,2290
P98133,PS00010,2265,2276
P98133,PS01186,2274,2289
P98133,PS01187,2291,2316
P98133,PS50026,2291,2332
P98133,PS00010,2307,2318
P98133,PS01186,2316,2331
P98133,PS51364,2337,2390
P98133,PS01187,2402,2427
P98133,PS50026,2402,2439
P98133,PS00010,2418,2429
P98133,PS01186,2427,2442
P98133,PS01187,2444,2468
P98133,PS50026,2444,2484
P98133,PS00010,2459,2470
P98133,PS01186,2468,2483
P98133,PS01187,2485,2509
P98133,PS50026,2485,2521
P98133,PS00010,2500,2511
P98133,PS01186,2509,2522
P98133,PS01187,2524,2550
P98133,PS50026,2524,2566
P98133,PS00010,2541,2552
P98133,PS01186,2550,2565
P98133,PS01187,2567,2590
P98133,PS50026,2567,2606
P98133,PS00010,2581,2592
P98133,PS01186,2590,2605
P98133,PS01187,2601,2631
P98133,PS50026,2607,2643
P98133,PS00010,2622,2633
P98133,PS01186,2631,2646
P98133,PS01187,2648,2672
P98133,PS50026,2648,2687
P98133,PS00010,2663,2674
P98133,PS01186,2672,2686
Q84UV8,PS51144,32,265
Q84UV8,PS00162,127,143
D4AVJ0,PS51910,1,331
D4AVJ0,PS01095,110,118
P0DJ06,PS51767,70,384
P0DJ06,PS00141,85,96
P0DJ06,PS00141,271,282
P0C6A6,PS50214,1,64
P0C6A6,PS00427,20,39
F8J2D7,PS00272,62,82
A6MFK7,PS50998,40,86
A6MFK7,PS00011,56,81
A6MFK7,PS01187,86,110
A6MFK7,PS50026,86,122
A6MFK7,PS00010,101,112
A6MFK7,PS00022,110,121
A6MFK7,PS01186,110,121
A6MFK7,PS01186,149,164
A6MFK7,PS50240,229,460
A6MFK7,PS00134,266,271
A6MFK7,PS00135,406,417
A6MFK5,PS00272,62,82
A6MFK4,PS00272,62,82
A6MFK8,PS50998,40,86
A6MFK8,PS00011,56,81
A6MFK8,PS01187,86,110
A6MFK8,PS50026,86,122
A6MFK8,PS00010,101,112
A6MFK8,PS00022,110,121
A6MFK8,PS01186,110,121
A6MFK8,PS01186,149,164
A6MFK8,PS50240,227,458
A6MFK8,PS00134,264,269
A6MFK8,PS00135,404,415
Q90VW1,PS00272,61,79
Q9VEG6,PS50292,227,809
P0DL42,PS50278,1,98
P0DL42,PS00249,37,49
Q8IZI9,PS52077,35,196
Q7Z1M0,PS51211,19,790
Q7Z1M0,PS51233,1410,1597
P80273,PS00597,69,90
E7CLP2,PS51863,19,82
D4AXL1,PS00146,113,128
P19540,PS50998,40,86
P19540,PS00011,56,81
P19540,PS01187,86,110
P19540,PS50026,86,122
P19540,PS00010,101,112
P19540,PS00022,110,121
P19540,PS01186,110,121
P19540,PS01186,148,163
P19540,PS50240,218,450
P19540,PS00134,254,259
P19540,PS00135,396,407
Q2PAY4,PS51257,1,18
Q9FLN0,PS01098,38,49
Q9C9H5,PS60032,68,85
Q9C9H5,PS00592,378,404
Q9C9H5,PS00698,451,469
P09228,PS00287,75,88
Q42589,PS51257,1,29
Q42589,PS00597,96,117
P22947,PS00272,38,56
P69940,PS51257,1,19
P69940,PS51862,53,87
Q6FHJ7,PS50038,19,139
Q6FHJ7,PS50189,178,307
Q91516,PS50240,25,249
Q91516,PS00134,61,66
Q86QT3,PS60026,25,61
I1RII8,PS51761,37,227
I1RII8,PS00776,119,129
I1RII8,PS00777,211,222
P84756,PS51861,1,53
P83403,PS00268,25,35
P83400,PS51200,26,57
P83404,PS51378,58,98
P05117,PS00502,286,299
P05117,PS00626,287,297
P56219,PS01138,35,57
Q873X9,PS51910,43,407
Q873X9,PS01095,169,177
Q8N8U9,PS01208,67,105
Q8N8U9,PS50184,164,225
Q8N8U9,PS01208,186,224
Q8N8U9,PS50184,299,358
Q8N8U9,PS01208,319,357
Q8N8U9,PS51233,362,535
P86147,PS51257,1,18
Q9UVI4,PS51257,1,25
P85213,PS51378,33,72
Q7SDR1,PS51257,1,35
Q7SDR1,PS51164,16,52
Q7SDR1,PS00562,24,51
P83578,PS51465,1,58
P83578,PS00282,14,36
Q9LNU1,PS51892,112,613
Q9LNU1,PS00137,210,220
Q9LNU1,PS00138,544,554
I1RQU5,PS51760,19,339
Q8CEK3,PS51465,33,89
Q9M099,PS00131,177,184
Q9M099,PS00560,428,445
Q8CFR0,PS50871,154,287
B3EWT1,PS60029,6,32
B3EWT0,PS60029,6,32
Q1HA20,PS00967,130,136
O77463,PS51863,21,82
Q3U492,PS50184,134,191
Q3U492,PS01208,154,190
Q3U492,PS50184,192,251
Q3U492,PS01208,214,250
Q3U492,PS50184,253,312
Q3U492,PS01208,275,311
Q3U492,PS50184,312,370
Q3U492,PS01208,333,369
Q3U492,PS50184,426,485
Q3U492,PS01208,448,484
Q3U492,PS50184,485,544
Q3U492,PS01208,507,543
Q3U492,PS50184,602,661
Q3U492,PS01208,624,660
Q3U492,PS50184,724,781
Q3U492,PS50184,781,840
Q3U492,PS01208,803,839
Q3U492,PS01186,806,820
Q3U492,PS50184,899,958
Q3U492,PS01208,921,957
Q3U492,PS50184,958,1016
Q3U492,PS01208,980,1015
Q3U492,PS50184,1016,1084
Q3U492,PS01208,1038,1083
Q3U492,PS50184,1081,1144
Q3U492,PS01208,1105,1143
Q3U492,PS50184,1148,1208
Q3U492,PS01208,1168,1207
Q3U492,PS51233,1212,1388
Q9BXN1,PS51450,103,124
Q9BXN1,PS51450,127,148
Q9BXN1,PS51450,151,173
Q9BXN1,PS51450,242,263
Q9BXN1,PS51450,266,287
Q9BXN1,PS51450,290,312
Q9BXN1,PS51450,313,334
P01389,PS00272,41,61
Q64K34,PS51892,126,397
Q64K34,PS00138,342,352
Q64K36,PS51892,129,400
Q64K36,PS00137,192,202
Q64K36,PS00138,344,354
Q92954,PS50958,26,69
Q92954,PS00524,44,64
Q92954,PS50958,70,108
Q92954,PS00524,84,104
Q92954,PS51642,1148,1191
Q92954,PS00024,1185,1199
Q92954,PS51642,1192,1239
Q4WQU0,PS51695,197,594
Q4WQU0,PS00138,492,502
P79263,PS51468,18,146
P79263,PS50234,272,453
O65351,PS51892,102,610
O65351,PS00879,270,287
O65351,PS00138,540,550
O60020,PS51767,97,402
O60020,PS00141,287,298
P86453,PS00118,43,50
P86453,PS00119,85,95
P86456,PS00118,42,49
P86456,PS00119,84,94
P04155,PS51448,29,72
P04155,PS00025,38,58
Q9IBF7,PS51408,27,363
P25494,PS00272,38,56
P25495,PS00272,40,58
P25496,PS00272,40,58
P25497,PS00272,61,79
Q6T6T4,PS00287,72,85
Q6T6T4,PS00014,137,140
Q6T6T3,PS50214,49,112
Q6T6T3,PS00427,67,86
Q6T6T2,PS50214,49,112
Q6T6T2,PS00427,67,86
F8J2E2,PS00272,61,81
F8J2E1,PS00272,61,81
F8J2E6,PS00272,62,82
F8J2E5,PS00272,61,81
O75339,PS00101,2,30
O75339,PS50092,149,201
O75339,PS50835,309,390
Q9V521,PS00209,197,216
Q9V521,PS00210,394,402
Q9V521,PS00498,398,409
Q9HGE1,PS51761,37,225
Q9HGE1,PS00776,118,128
Q9HGE1,PS00777,209,220
Q69F35,PS51892,128,399
Q69F35,PS00138,344,354
B3EWH9,PS00272,38,58
B3EWH0,PS60029,4,30
Q2VBP4,PS00272,61,81
P86907,PS00118,43,50
P86907,PS00119,85,95
P11226,PS50041,134,245
P11226,PS00615,222,244
P28325,PS00287,76,89
Q98967,PS00287,66,79
P0CY27,PS51767,64,377
P0CY27,PS00141,79,90
P0CY27,PS00141,264,275
P81112,PS50041,11,130
P81112,PS00615,104,129
Q9DBD0,PS51408,25,347
Q9DBD0,PS00207,241,271
Q9DBD0,PS51408,355,685
Q9DBD0,PS00205,446,455
P84987,PS50041,10,132
P84987,PS00615,106,131
P12032,PS00288,25,37
P12032,PS50189,25,148
Q8BJ66,PS51323,56,136
Q8BJ66,PS51465,127,177
Q8BJ66,PS50835,179,276
P62388,PS00272,38,56
P83370,PS50998,40,86
P83370,PS00011,56,81
P83370,PS01187,86,110
P83370,PS50026,86,122
P83370,PS00010,101,112
P83370,PS00022,110,121
P83370,PS50240,210,453
P83370,PS00134,247,252
P83370,PS00135,399,410
P30120,PS00288,24,36
P30120,PS50189,24,147
P31779,PS00768,38,53
P31779,PS00769,128,140
P60827,PS50871,112,252
Q69CK0,PS00272,60,80
D4B4X4,PS51910,16,314
D4B4X4,PS01095,147,155
Q8IVN8,PS50958,24,75
Q8IVN8,PS00524,50,70
Q8IVN8,PS50092,74,127
Q8LAD7,PS51257,1,23
Q95P08,PS00209,186,205
Q95P08,PS00210,377,385
Q95P08,PS00498,381,392
Q95P07,PS00209,195,214
Q95P07,PS00210,386,394
Q95P07,PS00498,390,401
Q9VET0,PS51257,1,22
Q86QU9,PS60026,5,41
Q8R481,PS50292,127,709
Q9HB63,PS51117,30,261
Q9HB63,PS50027,262,331
Q9HB63,PS00022,293,304
Q9HB63,PS50027,332,394
Q9HB63,PS01248,359,395
Q9HB63,PS50027,395,448
Q9HB63,PS00022,420,431
Q9HB63,PS01248,420,455
Q9HB63,PS50189,506,627
C0HJD3,PS00272,50,70
C0HJD7,PS00272,41,61
Q6PGN1,PS50871,185,340
P22599,PS00284,383,393
P05160,PS50923,89,148
P05160,PS50923,151,210
P05160,PS50923,211,269
P05160,PS50923,272,329
P05160,PS50923,334,391
P05160,PS50923,394,452
P05160,PS50923,522,580
P0CB06,PS00272,40,58
P0C554,PS00272,62,82
P0C8R7,PS00272,40,60
Q3T478,PS51438,19,209
Q3T478,PS00212,184,208
Q3T478,PS51438,210,401
Q3T478,PS00212,376,400
Q3T478,PS51438,403,600
Q3T478,PS00212,574,598
P35753,PS50844,4,63
P35753,PS50844,74,133
P35751,PS50844,4,63
P29179,PS00272,39,58
Q968Z6,PS51820,116,261
Q2UY11,PS50234,48,227
Q2UY11,PS50234,798,976
Q2UY11,PS50279,1088,1138
Q2UY11,PS00280,1116,1134
Q4LCT0,PS51863,25,80
Q59KZ1,PS00142,360,369
B3EWY1,PS01138,36,58
B3EWY5,PS51378,1,40
P53761,PS00120,199,208
Q5MJP5,PS51863,16,90
Q4U4N3,PS01250,58,75
P59940,PS60026,5,41
Q8TAT2,PS51257,1,21
Q62918,PS50184,272,331
Q62918,PS01208,291,330
Q62918,PS50026,397,439
Q62918,PS01187,440,466
Q62918,PS50026,440,481
Q62918,PS00010,457,468
Q62918,PS01186,466,480
Q62918,PS50026,482,522
Q62918,PS01186,508,521
Q62918,PS50026,523,553
Q62918,PS00022,541,552
Q62918,PS01186,541,552
Q62918,PS01187,555,581
Q62918,PS50026,555,601
Q62918,PS00010,572,583
Q62918,PS01187,602,628
Q62918,PS50026,602,637
Q62918,PS00010,619,630
Q62918,PS50184,638,693
Q62918,PS01186,663,677
Q62918,PS50184,698,756
Q62918,PS01208,719,755
P02671,PS51406,623,864
P02671,PS00514,807,819
P02676,PS51406,209,465
P02676,PS00514,409,421
P02675,PS51406,232,488
P02675,PS00514,432,444
P01412,PS00272,61,79
P01410,PS00272,41,61
P01411,PS00272,41,61
P01416,PS00272,38,56
P01417,PS00272,38,56
P01414,PS00272,38,56
P01415,PS00272,36,57
O42257,PS00272,61,81
P0DN86,PS00261,54,60
P0DN86,PS00689,103,130
P0DN87,PS00261,54,60
P0DN87,PS00689,103,130
P15445,PS00118,43,50
P15445,PS00119,89,99
A8MRC6,PS51257,1,17
Q3V1G4,PS51132,489,746
Q8N6G6,PS50092,33,82
Q8N6G6,PS50092,376,424
Q8N6G6,PS50092,436,493
Q8N6G6,PS50092,522,584
Q8N6G6,PS50092,607,665
Q8N6G6,PS50092,666,729
Q8N6G6,PS50092,788,850
Q8N6G6,PS50835,861,949
Q8N6G6,PS50835,1164,1266
Q8N6G6,PS50835,1286,1369
Q8N6G6,PS50835,1395,1485
Q8N6G6,PS50092,1545,1608
Q8N6G6,PS50092,1666,1726
Q8N6G6,PS50900,1726,1762
P98159,PS50068,890,928
P98159,PS01209,905,929
P98159,PS50068,956,1005
P98159,PS50240,1145,1383
P98159,PS00134,1181,1186
P98159,PS00135,1326,1337
P98159,PS50068,1395,1431
P98159,PS01209,1408,1430
P98159,PS50068,1727,1774
P98159,PS50068,1775,1812
P98159,PS01209,1789,1811
P98159,PS50240,2027,2301
P98159,PS50068,2309,2345
P98159,PS01209,2320,2344
P98159,PS50068,2350,2388
P98159,PS01209,2364,2389
P98159,PS50068,2420,2458
P98159,PS01209,2435,2457
Q63772,PS50998,45,91
Q63772,PS00011,61,86
Q63772,PS50026,113,151
Q63772,PS00010,130,141
Q63772,PS00022,139,150
Q63772,PS01186,139,150
Q63772,PS01187,153,177
Q63772,PS50026,153,193
Q63772,PS00010,168,179
Q63772,PS01186,177,192
Q63772,PS01187,194,218
Q63772,PS50026,194,234
Q63772,PS00010,209,220
Q63772,PS01186,218,233
Q63772,PS01187,235,257
Q63772,PS50026,235,275
Q63772,PS00010,248,259
Q63772,PS50025,295,467
Q63772,PS50025,481,666
Q59ZX3,PS01009,212,222
P15703,PS00587,227,240
B8XGR5,PS00142,426,435
Q5UE90,PS50092,144,204
P86822,PS51862,58,91
P83514,PS50041,10,129
P83514,PS00615,103,128
P18329,PS00272,59,77
Q7SID6,PS00118,43,50
Q7SID6,PS00119,85,95
Q8INV7,PS51257,1,31
Q68GV9,PS51892,111,382
Q68GV9,PS00136,139,150
Q68GV9,PS00137,173,183
Q68GV9,PS00138,326,336
L8FSM5,PS51892,128,400
L8FSM5,PS00136,156,167
L8FSM5,PS00137,192,202
L8FSM5,PS00138,343,353
P86804,PS00118,44,51
P86804,PS00119,85,95
P86805,PS00118,42,49
P86805,PS00119,84,94
P86806,PS00118,42,49
P86806,PS00119,84,94
P86802,PS50215,17,221
P86802,PS00142,155,164
P86803,PS00118,44,51
P86803,PS00119,85,95
Q9BYZ8,PS50041,37,155
Q9BYZ8,PS00615,129,154
Q8I0L5,PS01138,35,57
P0CH47,PS00120,167,176
P81783,PS00272,63,84
P0C8M0,PS51861,1,68
P0C8M1,PS00118,44,51
P0C8M1,PS00119,85,95
P07489,PS00768,15,30
P07489,PS00769,105,117
O55233,PS01225,162,246
D2Y232,PS60021,51,80
D2Y233,PS60021,51,80
Q90X23,PS50278,25,122
Q90X23,PS00249,61,73
Q93X94,PS01098,30,41
Q9PTT0,PS00272,61,79
A6P6V9,PS51387,77,251
Q0ZHI9,PS51761,43,231
Q0ZHI9,PS00776,124,134
Q0ZHI9,PS00777,215,226
P68415,PS00272,38,56
Q86QV0,PS60026,5,41
Q6UX73,PS00261,192,198
A6N6J0,PS51910,39,408
A6N6J0,PS01095,164,172
P84776,PS00118,43,50
P84776,PS00119,85,95
P84777,PS01138,37,59
Q6EEH1,PS00652,78,122
Q8BFU0,PS50092,144,204
Q8WTD4,PS51378,54,87
P18424,PS00120,199,208
D4B5F9,PS51257,1,16
D4B5F9,PS51677,149,334
D4B5F9,PS51782,389,435
Q45Z11,PS00272,61,79
P83515,PS50041,13,139
A8CL69,PS00539,76,81
A8CL69,PS00539,124,129
P0C7B0,PS50215,198,394
P0C7B0,PS00142,331,340
P0C7B0,PS50214,402,488
P0C7B0,PS00427,442,461
Q9Y6Z7,PS50041,155,271
Q9Y6Z7,PS00615,248,270
Q9NDE8,PS51257,1,17
P09655,PS51465,26,79
P09655,PS00282,39,61
P01492,PS51863,20,85
P0DMT3,PS00118,42,49
P0DMT3,PS00119,84,94
P01408,PS00272,41,61
P0DMT1,PS00118,42,49
P0DMT1,PS00119,84,94
A8K2U0,PS00477,967,975
P01401,PS00272,41,61
P01400,PS00272,41,61
P01404,PS00272,59,77
P01407,PS00272,41,61
P53334,PS00587,317,330
A6XHF7,PS52035,71,351
O18641,PS00539,43,48
O18641,PS00539,119,124
O18641,PS00539,155,160
O18641,PS00539,165,170
Q8MVB6,PS00287,70,83
Q39688,PS50927,39,160
Q5UFR8,PS00272,59,77
P42660,PS00131,203,210
P42660,PS00560,438,455
Q8NKF9,PS00659,207,216
D4AN50,PS00775,290,307
P82464,PS00272,40,61
P82462,PS00272,41,61
P82463,PS00272,41,61
E7BLC7,PS51863,19,82
P25679,PS00272,40,60
P29181,PS00272,41,61
P25670,PS00272,40,60
P25671,PS00272,40,60
P25672,PS00272,40,60
P25673,PS00272,40,60
P25674,PS00272,40,60
P25675,PS00272,39,57
P25676,PS00272,36,57
Q86DU6,PS60013,54,71
E2DQZ5,PS50041,34,145
E2DQZ5,PS00615,121,144
E2DQZ6,PS50041,34,153
E2DQZ6,PS00615,127,152
P87037,PS51761,33,221
P87037,PS00776,114,124
P54317,PS00120,165,174
P54317,PS50095,357,469
P54315,PS00120,165,174
P54315,PS50095,356,467
P04542,PS51465,4,57
P04542,PS00282,17,39
P22079,PS50292,129,711
O55245,PS00768,38,53
O55245,PS00769,128,140
P82662,PS00272,61,81
P0C6A3,PS50214,1,65
P0C6A3,PS00427,20,39
C0HJT5,PS00272,41,61
P0C6A7,PS50214,1,64
P0C6A4,PS50214,1,65
P0C6A4,PS00427,20,39
P0C6A5,PS50214,1,64
P0C6A5,PS00427,20,39
P0C6A8,PS50214,1,65
P0C6A8,PS00427,21,40
P0C6A9,PS50214,1,64
P0C6A9,PS00427,20,39
P82849,PS00272,40,58
P19608,PS50844,3,62
P19609,PS50844,2,61
P80495,PS00272,41,61
Q07449,PS00087,87,97
Q07449,PS00332,184,195
Q9VKI3,PS51137,36,73
P81790,PS60023,55,65
P36192,PS51257,1,16
P36192,PS51378,52,92
P85215,PS51378,4,44
P86146,PS51257,1,18
D2Y1X6,PS60021,50,77
D2Y1X7,PS60021,50,77
D2Y1X8,PS60021,50,77
D2Y1X9,PS60021,50,77
P22466,PS00861,33,45
P49338,PS00246,206,215
D4B4V1,PS00175,105,114
Q96TR7,PS51761,29,221
Q96TR7,PS00776,111,121
W0HFK8,PS51760,50,330
W0HFK8,PS00591,260,270
O04496,PS51767,104,444
O04496,PS00120,296,305
Q28295,PS51233,33,201
Q28295,PS51233,386,560
Q28295,PS51233,865,1032
Q28295,PS50234,1277,1453
Q28295,PS50234,1498,1665
Q28295,PS50234,1691,1871
Q28295,PS51233,1948,2124
Q28295,PS50184,2255,2328
Q28295,PS01208,2278,2325
Q28295,PS50184,2429,2495
Q28295,PS01208,2448,2494
Q28295,PS50184,2580,2645
Q28295,PS01208,2600,2644
Q28295,PS01225,2724,2812
Q28295,PS01185,2773,2811
P01137,PS51362,275,390
P01137,PS00250,311,326
Q54TR1,PS51257,1,15
Q54TR1,PS00139,327,338
Q54TR1,PS00639,473,483
P85140,PS00272,42,62
P12101,PS50844,3,62
P12102,PS50844,4,63
O77469,PS01177,23,57
O77469,PS01186,178,193
O77469,PS01187,195,221
O77469,PS01187,281,307
O77469,PS01187,343,368
O77469,PS50026,343,376
O77469,PS01187,390,413
O77469,PS50026,390,429
O77469,PS00010,404,415
O77469,PS01186,413,428
O77469,PS01187,430,457
O77469,PS50026,430,473
O77469,PS00010,448,459
O77469,PS01186,457,472
O77469,PS01187,474,498
O77469,PS50026,474,514
O77469,PS00010,489,500
O77469,PS01186,498,513
O77469,PS01187,515,543
O77469,PS50026,515,559
O77469,PS00010,534,545
O77469,PS01186,543,558
O77469,PS01187,560,585
P83234,PS50188,11,190
P07480,PS00861,33,45
P84788,PS50240,1,224
P84788,PS00134,36,41
P84788,PS00135,173,184
Q03626,PS00430,1,63
Q03626,PS00477,982,990
Q6B4T5,PS51257,1,16
A6H584,PS50234,30,209
A6H584,PS50234,268,445
A6H584,PS50234,474,644
A6H584,PS50234,660,829
A6H584,PS50234,846,1023
A6H584,PS50234,1037,1214
A6H584,PS50234,1790,1941
A6H584,PS50234,1996,2186
A6H584,PS50234,2321,2516
P83303,PS60021,54,83
P83658,PS50214,1,64
P83658,PS00427,20,39
A1XIH5,PS51892,129,400
A1XIH5,PS00137,192,202
A1XIH4,PS51892,129,401
A1XIH4,PS00137,193,203
A1XIH4,PS00138,345,355
A1XIH6,PS51892,129,400
A1XIH6,PS00137,192,202
A1XIH6,PS00138,344,354
A1XIH1,PS51892,135,412
A1XIH1,PS00136,163,174
A1XIH1,PS00137,198,208
A1XIH1,PS00138,356,366
A1XIH0,PS51892,135,412
A1XIH0,PS00136,163,174
A1XIH0,PS00137,198,208
A1XIH0,PS00138,356,366
A1XIH3,PS51892,129,401
A1XIH3,PS00137,193,203
A1XIH3,PS00138,345,355
Q9YGV1,PS51362,237,354
Q9YGV1,PS00250,271,286
P59354,PS51863,2,64
Q9D7Z6,PS50234,307,476
Q9D7Z6,PS00153,639,652
Q9DER7,PS51864,144,343
Q9DER7,PS00142,233,242
Q9DER7,PS01180,345,457
Q9DER7,PS01180,458,570
Q9DER7,PS50026,570,610
Q9DER7,PS00010,585,596
Q9DER7,PS01186,594,609
Q9DER7,PS01180,613,725
Q9DER7,PS01187,725,749
Q9DER7,PS50026,725,765
Q9DER7,PS00010,740,751
Q9DER7,PS01186,749,764
Q9DER7,PS01180,769,881
Q9DER7,PS01180,882,998
P09464,PS00213,31,44
Q23997,PS51910,29,452
Q9BZM2,PS00118,63,70
D4B0M5,PS51257,1,24
P85259,PS51257,1,16
B7FDP2,PS51863,20,85
P01434,PS00272,40,58
P01437,PS00272,38,56
P01431,PS00272,40,58
P01432,PS00272,40,58
P01433,PS00272,39,57
Q8QGR0,PS00272,62,82
P58806,PS60025,81,95
Q9QZS0,PS51403,1444,1668
P0C930,PS50041,9,124
Q8CHN8,PS01180,16,143
Q8CHN8,PS01187,144,171
Q8CHN8,PS00010,162,173
Q8CHN8,PS01186,171,186
Q8CHN8,PS01180,190,302
Q8CHN8,PS50923,304,369
Q8CHN8,PS50923,370,439
Q8CHN8,PS50240,454,701
Q8CHN8,PS00134,491,496
Q8CHN8,PS00135,645,656
O08841,PS51352,37,157
O08841,PS51324,397,504
P25667,PS00272,41,61
P82475,PS50278,1,98
P82475,PS00249,37,49
P83435,PS51863,2,62
P25669,PS00272,40,60
P25668,PS00272,40,60
P63076,PS00247,114,138
D3ZVP0,PS51465,36,97
D3ZVP0,PS00282,56,78
P04054,PS00118,66,73
P04054,PS00119,117,127
P00747,PS50948,16,98
P00747,PS50070,102,181
P00747,PS00021,151,164
P00747,PS50070,184,262
P00747,PS00021,233,245
P00747,PS50070,274,352
P00747,PS00021,323,335
P00747,PS50070,376,454
P00747,PS00021,425,437
P00747,PS50070,480,560
P00747,PS00021,530,543
P00747,PS50240,581,808
P00747,PS00134,618,623
P00747,PS00135,754,765
P00741,PS50998,47,93
P00741,PS00011,63,88
P00741,PS01187,93,117
P00741,PS50026,93,129
P00741,PS00010,108,119
P00741,PS00022,117,128
P00741,PS01186,117,128
P00741,PS01186,155,170
P00741,PS50240,228,460
P00741,PS00134,264,269
P00741,PS00135,406,417
P00740,PS50998,47,93
P00740,PS00011,63,88
P00740,PS01187,93,117
P00740,PS50026,93,129
P00740,PS00010,108,119
P00740,PS00022,117,128
P00740,PS01186,117,128
P00740,PS01186,155,170
P00740,PS50240,227,459
P00740,PS00134,263,268
P00740,PS00135,405,416
Q8TAX7,PS51257,1,16
Q7LZK0,PS50214,1,47
Q7LZK0,PS00427,2,21
Q90495,PS50215,201,397
Q90495,PS00142,334,343
Q90495,PS50214,405,491
Q90495,PS00427,445,464
Q2PGY1,PS51761,29,217
Q2PGY1,PS00776,110,120
P58370,PS00272,63,83
Q7TQN3,PS51390,34,87
Q7TQN3,PS51465,121,172
Q7TQN3,PS50835,205,298
Q7TQN3,PS50279,323,373
Q7TQN3,PS50279,381,431
Q7TQN3,PS00280,409,427
Q7TQN3,PS50189,440,561
O75888,PS50049,116,250
O75888,PS00251,155,171
O46654,PS00768,35,50
O46654,PS00769,125,137
Q5G872,PS01187,28,54
Q5G872,PS50026,28,68
Q5G872,PS00010,45,56
Q5G872,PS01186,54,67
Q5G872,PS01187,69,94
Q5G872,PS50026,69,110
Q5G872,PS00010,85,96
Q5G872,PS01186,94,109
Q5G872,PS01187,111,135
Q5G872,PS50026,111,147
Q5G872,PS00010,126,137
Q5G872,PS01186,135,150
Q5G872,PS01186,181,196
Q5G872,PS01186,289,304
Q5G872,PS01187,306,330
Q5G872,PS50026,306,346
Q5G872,PS00010,321,332
Q5G872,PS01186,330,345
Q5G872,PS01187,347,370
Q5G872,PS50026,347,385
Q5G872,PS00010,361,372
Q5G872,PS01186,370,384
Q5G872,PS01187,386,410
Q5G872,PS50026,386,426
Q5G872,PS00010,401,412
Q5G872,PS01186,410,425
Q5G872,PS01180,822,934
P15818,PS00272,63,84
P19614,PS50844,4,63
P19611,PS50844,3,62
P19613,PS50844,1,60
P19612,PS50844,3,62
Q8AXY1,PS00118,59,66
Q8AXY1,PS00119,101,111
P86952,PS00497,154,171
P86952,PS00498,315,326
P86954,PS50026,21,55
P86954,PS00022,43,54
P86954,PS01186,43,54
P86954,PS50026,61,93
P86954,PS00022,81,92
P10997,PS00258,35,49
P86959,PS50279,72,122
P86959,PS00280,100,118
Q0WUV7,PS01098,29,40
D2Y1Y1,PS60021,50,77
D2Y1Y0,PS60021,50,77
D2Y1Y3,PS60021,50,77
D2Y1Y2,PS60021,50,77
P84156,PS51378,4,44
Q3UQ28,PS51450,60,81
Q3UQ28,PS51450,84,105
Q3UQ28,PS51450,108,129
Q3UQ28,PS51450,132,153
Q3UQ28,PS51450,156,177
Q3UQ28,PS50835,243,329
Q3UQ28,PS50835,339,425
Q3UQ28,PS50835,430,517
Q3UQ28,PS50835,518,607
Q3UQ28,PS50292,726,1313
Q3UQ28,PS50184,1409,1467
Q3UQ28,PS01208,1430,1466
Q6GU94,PS51378,23,56
O35701,PS50234,78,253
O35701,PS50026,259,300
O35701,PS01186,284,299
O35701,PS50026,301,342
O35701,PS01186,326,341
O35701,PS50026,343,384
O35701,PS01186,368,383
O35701,PS50026,385,426
O35701,PS01186,410,425
E9QA28,PS50835,134,219
E9QA28,PS50835,224,310
P83948,PS00800,298,317
P83948,PS00503,417,426
Q9LEW3,PS51767,132,460
Q9LEW3,PS00141,147,158
O42815,PS00120,148,157
Q9Z1P8,PS51406,183,405
Q9Z1P8,PS00514,353,365
P05154,PS00284,382,392
Q5AAH2,PS51910,18,291
Q5AAH2,PS01095,139,147
P48827,PS51910,38,401
P48827,PS01095,163,171
P84844,PS00127,40,46
Q8NK92,PS51695,225,651
Q70GH4,PS51695,209,592
Q70GH4,PS00138,497,507
P49893,PS00246,208,217
P83228,PS00263,80,96
C1IC48,PS00272,61,79
C1IC49,PS00272,62,82
C1IC47,PS00272,61,79
P97737,PS51362,363,476
P97737,PS00250,392,407
P01423,PS00272,39,57
P01422,PS00272,39,57
P01421,PS00272,39,57
P01427,PS00272,39,57
P01426,PS00272,39,57
P01425,PS00272,39,57
P01424,PS00272,39,57
D4ANW6,PS00616,60,74
D4ANW6,PS00778,337,353
P0C8R8,PS00272,40,60
A0S864,PS00272,84,104
A0S865,PS00272,86,106
P49061,PS00288,24,36
P49061,PS50189,24,147
Q6XBF8,PS51767,90,430
Q6XBF8,PS00141,105,116
Q6XBF8,PS00141,316,327
Q9QZR9,PS51403,1457,1682
Q10749,PS50215,205,400
Q10749,PS50214,408,494
Q10749,PS00427,448,467
P0CF39,PS51863,1,61
P0CF37,PS51863,1,63
Q9BXJ3,PS50871,25,162
Q9BXJ3,PS50871,172,317
D4ATA2,PS01177,68,100
P14661,PS00268,15,25
Q2VBN2,PS00272,62,82
P0CG02,PS00272,38,56
A7XQ02,PS50941,23,66
A7XQ02,PS00026,35,54
A7XQ02,PS50941,125,167
A7XQ02,PS00118,142,149
A7XQ02,PS00773,200,222
A7XQ02,PS00774,326,336
Q7SIG3,PS50240,1,236
Q7SIG3,PS00134,41,46
Q7SIG3,PS00135,181,192
Q59XX2,PS00587,310,323
Q8AY81,PS50240,25,251
Q8AY81,PS00134,63,68
B3A0S5,PS51760,1,323
Q14406,PS00338,196,213
Q9CR36,PS50869,71,165
Q8NIB6,PS00142,427,436
Q9R1E6,PS50958,54,97
Q9R1E6,PS00524,73,93
Q9R1E6,PS50958,98,142
Q9R1E6,PS00524,117,137
P86169,PS00118,43,50
P86169,PS00119,85,95
D2Y1Z4,PS60021,50,77
D2Y1Z7,PS60021,50,77
D2Y1Z8,PS60021,50,77
D4B093,PS51257,1,19
O74199,PS51910,235,522
Q9BJW4,PS51200,25,56
Q94EG3,PS00725,112,125
P85092,PS00272,41,61
D4AWY5,PS51892,126,397
D4AWY5,PS00138,342,352
Q80XF5,PS50853,29,128
Q80XF5,PS50853,129,230
B7ZS96,PS00768,39,54
B7ZS96,PS00769,129,141
P0CS83,PS51767,70,384
P0CS83,PS00141,85,96
P0CS83,PS00141,271,282
P85520,PS00272,41,61
Q29616,PS00768,37,52
Q29616,PS00769,127,139
L8G6I7,PS51892,128,400
L8G6I7,PS00136,156,167
L8G6I7,PS00137,192,202
L8G6I7,PS00138,343,353
Q12713,PS51910,27,321
Q12713,PS01095,159,167
O42807,PS00120,148,157
P83495,PS51767,71,377
P83495,PS00141,86,97
P83495,PS00141,267,278
P83490,PS00272,54,74
P84213,PS00257,49,55
D4B3C8,PS51257,1,22
P69939,PS51257,1,19
P69939,PS51862,54,91
E9PV24,PS51406,546,787
E9PV24,PS00514,730,742
D4ASH1,PS00122,202,217
P07758,PS00284,383,393
D4ANV2,PS51210,50,597
P24778,PS00272,39,59
Q3YBN2,PS00120,164,173
P24776,PS00272,38,58
P24777,PS00272,38,58
Q5BKQ4,PS00120,165,174
Q5BKQ4,PS50095,356,470
P60770,PS00272,61,79
P18328,PS00272,62,82
Q58L91,PS00079,307,327
Q58L91,PS00079,662,682
Q58L91,PS00079,1119,1139
Q58L91,PS50022,1146,1297
Q58L91,PS01285,1186,1216
Q58L91,PS50022,1302,1456
Q58L91,PS01285,1346,1375
Q58L91,PS01286,1440,1456
P16975,PS00612,70,100
P16975,PS51465,92,149
P16975,PS00613,161,171
P16975,PS00018,272,284
Q58L96,PS50998,40,86
Q58L96,PS00011,56,81
Q58L96,PS01187,86,110
Q58L96,PS50026,86,122
Q58L96,PS00010,101,112
Q58L96,PS00022,110,121
Q58L96,PS01186,110,121
Q58L96,PS01186,149,164
Q58L96,PS50240,210,454
Q58L96,PS00134,247,252
Q58L96,PS00135,400,411
Q8VIM0-2,PS50835,31,125
Q58L94,PS50998,40,86
Q58L94,PS00011,56,81
Q58L94,PS01187,86,110
Q58L94,PS50026,86,122
Q58L94,PS00010,101,112
Q58L94,PS00022,110,121
Q58L94,PS50240,210,451
Q58L94,PS00134,247,252
Q58L94,PS00135,397,408
Q8RX86,PS00512,75,91
Q6T6S7,PS50240,25,251
Q28755,PS51767,71,379
Q28755,PS00141,86,97
P55333,PS51761,33,221
P55333,PS00776,114,124
P55333,PS00777,205,216
Q14520,PS50026,73,109
Q14520,PS00022,97,108
Q14520,PS01186,97,108
Q14520,PS50026,111,148
Q14520,PS00022,136,147
Q14520,PS01186,136,147
Q14520,PS50026,150,188
Q14520,PS00022,176,187
Q14520,PS50070,193,276
Q14520,PS00021,245,257
Q14520,PS50240,314,555
Q14520,PS00134,358,363
Q14520,PS00135,503,514
P01418,PS00272,38,56
Q99935,PS51257,1,15
Q9H324,PS50215,239,457
Q9H324,PS00142,389,398
Q9H324,PS50092,547,602
Q9H324,PS50092,825,883
Q9H324,PS50092,884,945
Q9H324,PS50092,947,1001
Q9H324,PS50092,1003,1058
Q9H324,PS50900,1065,1103
P86686,PS01009,158,168
P86686,PS01010,187,198
P02679,PS51406,170,416
P02679,PS00514,360,372
Q63041,PS00477,983,991
P0DN29,PS51166,504,610
Q2UH35,PS00221,257,265
D4APX3,PS00079,563,583
D4APX3,PS00080,568,579
P0CH87,PS00120,131,140
P0C6B0,PS50214,1,66
P0C6B0,PS00427,21,40
A8TGA1,PS51761,39,241
A8TGA1,PS00776,131,141
A8TGA1,PS51164,300,335
A8TGA1,PS00562,308,334
P0DM36,PS50041,10,132
P0DM36,PS00615,106,131
P25428,PS50270,129,242
P25428,PS00248,191,204
P86194,PS51345,1,42
P86193,PS51345,1,42
P0DM38,PS50041,34,153
P0DM38,PS00615,127,152
P0DM39,PS50041,34,145
P0DM39,PS00615,121,144
P81508,PS50041,11,121
P82987,PS50092,75,124
P82987,PS50092,418,468
P82987,PS50092,478,535
P82987,PS50092,564,626
P82987,PS50092,703,760
P82987,PS50092,763,818
P82987,PS50092,819,881
P82987,PS50835,896,992
P82987,PS50835,1185,1279
P82987,PS50835,1296,1378
P82987,PS50092,1424,1482
P82987,PS50092,1483,1545
P82987,PS50092,1597,1644
P82987,PS50900,1655,1691
P86975,PS00118,43,50
P86975,PS00119,85,95
P81761,PS51200,26,58
Q9YGI0,PS51257,1,15
Q9YGI0,PS00272,61,82
Q9YGI4,PS00272,62,82
O70513,PS50287,24,124
O70513,PS00420,29,66
O70513,PS50097,153,221
P48740,PS01180,11,138
P48740,PS01187,139,166
P48740,PS00010,157,168
P48740,PS01186,166,181
P48740,PS01180,185,297
P48740,PS50923,299,364
P48740,PS50923,365,434
P48740,PS50240,449,696
P48740,PS00134,486,491
P48740,PS00135,640,651
Q9W303,PS51910,25,442
Q00896,PS00284,383,393
Q00897,PS00284,383,393
Q00898,PS00284,383,393
Q9BY76,PS51406,179,401
Q9BY76,PS00514,349,361
Q90X24,PS50278,25,122
Q90X24,PS00249,61,73
Q9CQ76,PS51450,96,116
Q9CQ76,PS51450,117,138
Q9CQ76,PS51450,141,162
Q9CQ76,PS51450,165,186
Q9CQ76,PS51450,187,208
Q9CQ76,PS51450,211,233
Q9CQ76,PS51450,256,277
Q9CQ76,PS51450,278,299
Q9CQ76,PS51450,300,320
Q9CQ76,PS51450,323,344
Q9CQ76,PS51450,347,367
Q9CQ76,PS51450,368,389
Q9CQ76,PS51450,392,415
Q9CQ76,PS51450,416,437
P41748,PS51767,86,392
P41748,PS00141,99,110
P41748,PS00141,281,292
Q9U655,PS60005,53,77
Q8QG87,PS00118,59,66
Q8QG87,PS00119,101,111
Q8IZJ0,PS52077,39,200
O76818,PS00539,118,123
O76818,PS00539,154,159
O76818,PS00539,164,169
P80109,PS51470,365,427
P80109,PS51470,434,496
P80109,PS51470,498,558
P80109,PS51470,562,622
P80109,PS51470,632,692
P80109,PS51470,703,769
P80109,PS51470,787,839
P86955,PS51910,20,380
P86955,PS01095,133,141
Q07797,PS50287,24,124
Q07797,PS00420,29,66
Q07797,PS50097,153,221
Q59KI0,PS50817,91,230
P84688,PS51863,21,83
P84685,PS51863,21,83
P18511,PS60005,53,77
P83669,PS51378,1,43
P83668,PS51378,1,43
P80965,PS00272,42,62
Q9C168,PS51402,38,527
Q9C168,PS00438,81,97
Q9C168,PS00437,375,383
O44249,PS00209,198,217
O44249,PS00210,395,403
O44249,PS00498,399,410
D4ANG0,PS51695,210,596
D4ANG0,PS00138,499,509
Q4P902,PS51760,35,338
P0C892,PS60026,5,41
P0C893,PS60026,5,41
P91793,PS51378,58,98
P01397,PS00272,41,61
P0CAR1,PS00272,38,56
Q9NL38,PS51144,55,567
D4ANU4,PS51904,29,235
Q70J59,PS51695,212,602
Q70J59,PS00138,501,511
P83110,PS51323,21,84
P83110,PS51465,64,128
P83110,PS50106,385,426
Q330K6,PS50278,25,122
Q330K6,PS00249,61,73
Q53B54,PS00272,41,61
Q53B57,PS00272,62,82
Q53B58,PS00272,62,82
Q9NIP6,PS00539,126,131
O75596,PS50041,74,192
O75596,PS00615,167,191
Q14393,PS50998,48,94
Q14393,PS00011,64,89
Q14393,PS50026,116,154
Q14393,PS00010,133,144
Q14393,PS00022,142,153
Q14393,PS01186,142,153
Q14393,PS01187,156,180
Q14393,PS50026,156,196
Q14393,PS00010,171,182
Q14393,PS01186,180,195
Q14393,PS01187,197,221
Q14393,PS50026,197,233
Q14393,PS00010,212,223
Q14393,PS01186,221,236
Q14393,PS01187,238,260
Q14393,PS50026,238,278
Q14393,PS00010,251,262
Q14393,PS50025,341,513
Q14393,PS50025,520,713
P01379,PS00272,61,81
Q9IBG7,PS50184,383,438
Q9IBG7,PS01208,401,437
Q9IBG7,PS50184,435,493
Q9IBG7,PS01208,456,492
Q9IBG7,PS50184,494,553
Q9IBG7,PS01208,516,552
Q9IBG7,PS50184,610,669
Q9IBG7,PS01208,632,668
Q9IBG7,PS50184,669,728
Q9IBG7,PS01208,691,727
Q9IBG7,PS50184,728,786
Q9IBG7,PS01208,749,785
Q9IBG7,PS50184,786,847
Q9IBG7,PS50184,847,907
Q9IBG7,PS01208,870,906
Q9IBG7,PS50184,907,966
Q9IBG7,PS01208,929,965
Q9IBG7,PS50184,966,1025
Q9IBG7,PS01208,988,1024
Q9IBG7,PS50184,1083,1142
Q9IBG7,PS01208,1105,1141
Q9IBG7,PS50184,1146,1203
Q9IBG7,PS50184,1203,1260
Q9IBG7,PS50184,1260,1319
Q9IBG7,PS01208,1282,1318
Q9IBG7,PS01186,1285,1299
Q9IBG7,PS50184,1436,1495
Q9IBG7,PS01208,1458,1494
Q9IBG7,PS50184,1496,1555
Q9IBG7,PS01208,1518,1554
Q9IBG7,PS50184,1555,1614
Q9IBG7,PS01208,1577,1613
Q9IBG7,PS50184,1614,1673
Q9IBG7,PS01208,1636,1672
Q9IBG7,PS50184,1673,1731
Q9IBG7,PS01208,1695,1730
Q9IBG7,PS50184,1731,1799
Q9IBG7,PS01208,1753,1798
Q9IBG7,PS50184,1796,1860
Q9IBG7,PS01208,1821,1859
Q9IBG7,PS50184,1860,1924
Q9IBG7,PS01208,1884,1923
Q9IBG7,PS50184,1928,1988
Q9IBG7,PS01208,1948,1987
Q9IBG7,PS51233,1992,2168
P19003,PS00272,39,59
P19004,PS00272,39,60
P93349,PS51762,1,220
P93349,PS01034,106,116
Q76HP6,PS00609,31,44
P81428,PS50998,40,86
P81428,PS00011,56,81
P81428,PS01187,86,110
P81428,PS50026,86,122
P81428,PS00010,101,112
P81428,PS00022,110,121
P81428,PS50240,210,453
P81428,PS00134,247,252
P81428,PS00135,399,410
B2BRQ5,PS00272,61,81
Q90WJ8,PS50041,41,161
Q90WJ8,PS00615,136,160
Q9PW66,PS51257,1,26
E7EF85,PS51761,33,223
E7EF85,PS00776,116,126
E7EF85,PS00777,207,218
E7EF85,PS51164,275,310
E7EF85,PS00562,283,309
Q4LCS9,PS51863,25,80
Q4LCS8,PS51863,25,82
P86963,PS50279,98,151
P86964,PS50279,42,95
P86964,PS50279,97,151
P86964,PS00280,129,147
Q8BZH1,PS00547,253,270
Q75N90,PS00022,135,146
Q75N90,PS01186,135,146
Q75N90,PS50026,147,179
Q75N90,PS00022,167,178
Q75N90,PS01186,167,178
Q75N90,PS51364,185,228
Q75N90,PS01187,247,272
Q75N90,PS50026,247,284
Q75N90,PS00010,263,274
Q75N90,PS51364,293,346
Q75N90,PS50026,408,446
Q75N90,PS01186,433,447
Q75N90,PS01187,449,472
Q75N90,PS50026,449,488
Q75N90,PS00010,463,474
Q75N90,PS01186,472,487
Q75N90,PS01187,489,514
Q75N90,PS50026,489,530
Q75N90,PS00010,505,516
Q75N90,PS01186,514,529
Q75N90,PS01187,531,555
Q75N90,PS50026,531,571
Q75N90,PS00010,546,557
Q75N90,PS01186,555,570
Q75N90,PS01187,572,596
Q75N90,PS50026,572,612
Q75N90,PS00010,587,598
Q75N90,PS51364,618,670
Q75N90,PS01187,682,707
Q75N90,PS50026,682,723
Q75N90,PS00010,698,709
Q75N90,PS01186,707,722
Q75N90,PS01187,724,749
Q75N90,PS50026,724,765
Q75N90,PS00010,740,751
Q75N90,PS01186,749,764
Q75N90,PS01187,766,789
Q75N90,PS50026,766,805
Q75N90,PS00010,780,791
Q75N90,PS51364,810,849
Q75N90,PS01187,869,894
Q75N90,PS50026,869,910
Q75N90,PS00010,885,896
Q75N90,PS51364,915,966
Q75N90,PS01187,986,1011
Q75N90,PS50026,986,1027
Q75N90,PS00010,1002,1013
Q75N90,PS01186,1011,1026
Q75N90,PS01187,1028,1053
Q75N90,PS50026,1028,1070
Q75N90,PS00010,1044,1055
Q75N90,PS01187,1071,1096
Q75N90,PS50026,1071,1112
Q75N90,PS00010,1087,1098
Q75N90,PS01187,1113,1138
Q75N90,PS50026,1113,1154
Q75N90,PS00010,1129,1140
Q75N90,PS01186,1138,1153
Q75N90,PS01187,1155,1179
Q75N90,PS50026,1155,1195
Q75N90,PS00010,1170,1181
Q75N90,PS01186,1179,1194
Q75N90,PS50026,1196,1237
Q75N90,PS01186,1221,1236
Q75N90,PS01187,1238,1263
Q75N90,PS50026,1238,1275
Q75N90,PS00010,1254,1265
Q75N90,PS01186,1263,1278
Q75N90,PS01187,1280,1306
Q75N90,PS50026,1280,1318
Q75N90,PS00010,1297,1308
Q75N90,PS01186,1306,1319
Q75N90,PS01187,1321,1347
Q75N90,PS50026,1321,1361
Q75N90,PS00010,1338,1349
Q75N90,PS01186,1347,1360
Q75N90,PS01187,1362,1387
Q75N90,PS50026,1362,1403
Q75N90,PS00010,1378,1389
Q75N90,PS01186,1387,1402
Q75N90,PS01187,1404,1428
Q75N90,PS50026,1404,1440
Q75N90,PS00010,1419,1430
Q75N90,PS01186,1428,1443
Q75N90,PS01187,1445,1469
Q75N90,PS50026,1445,1485
Q75N90,PS00010,1460,1471
Q75N90,PS51364,1490,1546
Q75N90,PS01187,1563,1588
Q75N90,PS50026,1563,1604
Q75N90,PS00010,1579,1590
Q75N90,PS01186,1588,1603
Q75N90,PS01187,1605,1630
Q75N90,PS50026,1605,1646
Q75N90,PS00010,1621,1632
Q75N90,PS51364,1651,1703
Q75N90,PS01187,1721,1746
Q75N90,PS50026,1721,1762
Q75N90,PS00010,1737,1748
Q75N90,PS01186,1746,1761
Q75N90,PS01187,1763,1789
Q75N90,PS50026,1763,1804
Q75N90,PS00010,1780,1791
Q75N90,PS01186,1789,1803
Q75N90,PS50026,1805,1846
Q75N90,PS00010,1821,1832
Q75N90,PS01186,1830,1845
Q75N90,PS01187,1847,1870
Q75N90,PS50026,1847,1882
Q75N90,PS00010,1861,1872
Q75N90,PS01186,1870,1884
Q75N90,PS01187,1886,1912
Q75N90,PS50026,1886,1928
Q75N90,PS00010,1903,1914
Q75N90,PS01186,1912,1927
Q75N90,PS01187,1929,1954
Q75N90,PS50026,1929,1968
Q75N90,PS00010,1945,1956
Q75N90,PS01186,1954,1967
Q75N90,PS01187,1969,1994
Q75N90,PS50026,1969,2010
Q75N90,PS00010,1985,1996
Q75N90,PS01186,1994,2009
Q75N90,PS51364,2015,2068
Q75N90,PS01187,2084,2109
Q75N90,PS50026,2084,2125
Q75N90,PS00010,2100,2111
Q75N90,PS01186,2109,2124
Q75N90,PS01187,2126,2150
Q75N90,PS50026,2126,2165
Q75N90,PS00010,2141,2152
Q75N90,PS01186,2150,2164
Q75N90,PS01187,2166,2190
Q75N90,PS50026,2166,2206
Q75N90,PS00010,2181,2192
Q75N90,PS01186,2190,2205
Q75N90,PS01187,2207,2234
Q75N90,PS50026,2207,2251
Q75N90,PS00010,2225,2236
Q75N90,PS01187,2252,2277
Q75N90,PS50026,2252,2293
Q75N90,PS00010,2268,2279
Q75N90,PS01186,2277,2292
Q75N90,PS51364,2298,2351
Q75N90,PS01187,2363,2388
Q75N90,PS50026,2363,2404
Q75N90,PS00010,2379,2390
Q75N90,PS01186,2388,2403
Q75N90,PS01187,2405,2429
Q75N90,PS50026,2405,2445
Q75N90,PS00010,2420,2431
Q75N90,PS01186,2429,2444
Q75N90,PS01187,2446,2470
Q75N90,PS50026,2446,2482
Q75N90,PS00010,2461,2472
Q75N90,PS01186,2470,2483
Q75N90,PS01187,2485,2511
Q75N90,PS50026,2485,2527
Q75N90,PS00010,2502,2513
Q75N90,PS01186,2511,2526
Q75N90,PS01187,2528,2551
Q75N90,PS50026,2528,2567
Q75N90,PS00010,2542,2553
Q75N90,PS01186,2551,2566
Q75N90,PS01187,2568,2593
Q75N90,PS50026,2568,2605
Q75N90,PS00010,2584,2595
Q75N90,PS01186,2593,2608
Q75N90,PS01187,2610,2634
Q75N90,PS50026,2610,2649
Q75N90,PS00010,2625,2636
Q75N90,PS01186,2634,2648
P86986,PS50222,21,56
P86986,PS00018,54,66
P86986,PS50222,102,128
P86986,PS00018,106,118
Q64610,PS50958,54,97
Q64610,PS00524,73,93
Q64610,PS50958,98,142
Q64610,PS00524,117,137
P82959,PS60022,52,82
P81603,PS51378,59,99
P81602,PS51378,58,98
B3A0R0,PS50072,28,185
B3A0R0,PS00170,69,86
Q5AIR7,PS52008,426,1145
A8N286,PS00272,61,82
H2A0P1,PS51257,1,21
H2A0P0,PS50279,29,81
H2A0P0,PS00280,59,77
H2A0P0,PS50279,83,141
H2A0P0,PS00280,119,137
Q9HFA4,PS51761,44,232
Q9HFA4,PS00776,125,135
Q9HFA4,PS00777,216,227
P28798,PS00799,92,105
P28798,PS00799,157,170
P28798,PS00799,239,252
P28798,PS00118,312,319
P28798,PS00799,313,326
P28798,PS00799,395,408
P28798,PS00799,473,486
P28798,PS00799,548,561
Q8CC36,PS00261,13,19
P16301,PS00120,199,208
P09971,PS51257,1,23
P09971,PS00539,43,48
P09971,PS00539,154,159
P09971,PS00539,164,169
H2A0N5,PS50279,42,95
H2A0N5,PS50279,97,151
H2A0N5,PS00280,129,147
H2A0N1,PS50279,30,79
H2A0N1,PS00280,57,75
H2A0N1,PS50279,84,136
H2A0N1,PS00280,114,132
H2A0N3,PS51257,1,27
H2A0N3,PS00369,108,115
H2A0N2,PS50189,27,146
C0HJL8,PS00118,43,50
C0HJL8,PS00119,85,95
P84693,PS51863,21,82
Q9VWU1,PS51257,1,17
Q9VWU1,PS51888,29,78
Q9VWU1,PS50240,144,389
Q9VWU1,PS00134,183,188
Q9VWU1,PS00135,333,344
B7SNV8,PS51863,21,81
P84674,PS00118,43,50
P84674,PS00119,85,95
P83580,PS60016,52,59
P80958,PS00272,60,78
P83906,PS50278,39,135
P83906,PS00249,75,87
P04275,PS51233,33,201
P04275,PS51233,386,560
P04275,PS51233,865,1032
P04275,PS50234,1277,1453
P04275,PS50234,1498,1665
P04275,PS50234,1691,1871
P04275,PS51233,1948,2124
P04275,PS50184,2255,2328
P04275,PS01208,2278,2325
P04275,PS50184,2429,2495
P04275,PS01208,2448,2494
P04275,PS50184,2580,2645
P04275,PS01208,2600,2644
P04275,PS01225,2724,2812
P04275,PS01185,2773,2811
Q8MM24,PS51910,22,439
B7SIW2,PS51164,20,56
B7SIW2,PS00562,28,55
B7SIW2,PS51760,81,396
B7SIW2,PS00591,311,321
B7SIW1,PS51761,34,222
B7SIW1,PS00776,115,125
B7SIW1,PS00777,206,217
B7SIW1,PS51164,255,290
B7SIW1,PS00562,263,289
Q2UXQ5,PS50215,201,397
Q2UXQ5,PS00142,334,343
Q2UXQ5,PS50214,405,491
Q2UXQ5,PS00427,445,464
P01140,PS50270,4,116
P01140,PS00248,65,78
P60213,PS51863,21,83
P60215,PS51863,21,83
P60214,PS51863,22,84
Q09GK0,PS50041,32,145
Q09GK0,PS00615,119,144
Q09GK2,PS00263,148,164
Q7YRQ8,PS50279,36,86
Q7YRQ8,PS00280,64,82
Q7YRQ8,PS50279,96,146
Q7YRQ8,PS00280,124,142
Q7YRQ8,PS50279,155,205
Q7YRQ8,PS00280,183,201
Q8IFJ8,PS00209,187,206
Q8IFJ8,PS00210,382,390
Q8IFJ8,PS00498,386,397
P46115,PS51863,2,64
Q53B49,PS00272,62,82
Q3UTY6-2,PS50092,316,377
Q3UTY6-2,PS50092,379,432
Q3UTY6-2,PS50092,433,491
Q3UTY6-2,PS50092,492,551
Q3UTY6-2,PS50092,552,608
Q3UTY6-2,PS50900,611,648
Q966V2,PS50240,130,372
Q966V2,PS00134,174,179
Q966V2,PS00135,318,329
Q09101,PS50923,527,599
Q09101,PS50835,612,708
Q09101,PS50923,712,770
Q09101,PS50923,771,829
Q09101,PS50923,830,891
Q09101,PS50923,892,954
Q9PRS8,PS50041,12,139
Q24940,PS00139,126,137
Q24940,PS00639,267,277
Q24940,PS00640,284,303
Q20224,PS00214,28,45
Q20223,PS00214,26,43
Q20222,PS00214,29,46
P01388,PS00272,40,60
Q8MLZ7,PS51910,25,441
P01386,PS00272,41,61
P01387,PS00272,41,61
P01384,PS00272,61,81
P01385,PS00272,40,60
P01382,PS00272,42,62
P01383,PS00272,41,61
P01380,PS00272,40,60
P01381,PS00272,40,60
Q69F56,PS51892,126,397
Q69F56,PS00138,342,352
P86422,PS00272,40,58
P86423,PS00272,40,61
P42634,PS00267,80,85
Q8WZJ4,PS51164,493,529
Q8WZJ4,PS00562,501,528
D4B1P2,PS51387,60,232
P10808,PS00272,42,60
Q8BMS2,PS51020,30,220
Q8BMS2,PS50092,276,330
Q8VHI5,PS50820,40,133
Q8VHI5,PS50234,265,450
Q8VHI5,PS50234,467,640
Q8CJ69,PS01208,67,105
Q8CJ69,PS50184,164,225
Q8CJ69,PS01208,186,224
Q8CJ69,PS50184,299,358
Q8CJ69,PS01208,319,357
Q8CJ69,PS51233,362,535
F8J2B3,PS00272,62,82
B7S4N9,PS50279,31,81
B7S4N9,PS00280,59,77
P12799,PS51406,168,415
P12799,PS00514,359,371
P07306-2,PS50041,122,239
P07306-2,PS00615,216,238
Q8J0D7,PS51892,126,397
Q8J0D7,PS00138,342,352
Q8J0D6,PS00142,426,435
Q8J0D5,PS00142,424,433
O62589,PS50240,246,531
Q9ESN4,PS50871,122,255
P81017,PS50041,11,128
P20414,PS00288,24,36
P20414,PS50189,24,147
P80548,PS00272,38,56
D4ALG0,PS51782,157,203
D4ALG0,PS51782,245,291
D4ALG0,PS51782,325,371
D4ALG0,PS51782,409,455
D4AUF1,PS51212,62,160
D4AUF1,PS51212,195,289
D4AUF1,PS51212,307,404
D4AUF4,PS50873,109,329
D4AUF4,PS01026,179,196
D4AUF4,PS51212,524,615
D4AUF4,PS51212,627,718
P61103,PS60021,54,79
Q9GZM7,PS50958,50,98
Q9GZM7,PS00524,71,92
Q9GZM7,PS00213,269,282
Q9GZM7,PS00639,398,408
P80494,PS00272,41,62
Q4P0L3,PS51761,23,220
Q4P0L3,PS00776,108,118
D4B3R7,PS51257,1,15
P85420,PS50215,6,202
P85420,PS00142,139,148
P84843,PS51465,17,76
H2A0M8,PS00652,42,80
H2A0M9,PS51257,1,30
H2A0M2,PS50279,72,122
H2A0M2,PS00280,100,118
B8QG00,PS60028,44,73
P39905,PS51362,88,211
P30623,PS00768,38,53
P30623,PS00769,128,140
Q9UBX5,PS01187,42,68
Q9UBX5,PS50026,42,82
Q9UBX5,PS01187,121,153
Q9UBX5,PS50026,127,167
Q9UBX5,PS00010,144,155
Q9UBX5,PS01186,153,166
Q9UBX5,PS01187,168,190
Q9UBX5,PS50026,168,206
Q9UBX5,PS00010,181,192
Q9UBX5,PS01186,190,205
Q9UBX5,PS01187,207,230
Q9UBX5,PS50026,207,246
Q9UBX5,PS00010,221,232
Q9UBX5,PS01186,230,245
Q9UBX5,PS01187,247,271
Q9UBX5,PS50026,247,287
Q9UBX5,PS00010,262,273
Q9UBX5,PS01186,271,286
Q9UBX5,PS01187,288,314
Q7LZK1,PS50214,1,47
Q7LZK1,PS00427,2,21
P83608,PS60018,1,42
P83644,PS51863,3,65
P15817,PS00272,62,83
P15816,PS00272,62,83
P15815,PS00272,41,62
P15814,PS50835,114,208
P15814,PS00290,192,198
P05049,PS51888,92,138
P05049,PS50240,186,432
P05049,PS00134,231,236
P05049,PS00135,375,386
P84646,PS51863,3,65
Q9MAP7,PS51892,112,621
Q9MAP7,PS00138,550,560
Q9MAP5,PS51892,115,624
Q9MAP5,PS00137,220,230
Q9MAP5,PS00138,553,563
Q04951,PS00587,320,333
B3VSG7,PS51761,37,226
B3VSG7,PS00776,119,129
O19116,PS50038,47,163
O19116,PS50189,180,300
P83288,PS51861,1,68
P47032,PS01009,249,259
P47032,PS01010,276,287
P59276,PS00272,39,57
P59275,PS00272,39,57
P59071,PS00118,43,50
P59071,PS00119,85,95
B3A0P2,PS51144,42,365
L8GD75,PS51892,123,404
L8GD75,PS00136,154,165
L8GD75,PS00137,190,200
L8GD75,PS00138,345,355
Q3T052,PS51468,20,149
Q3T052,PS50234,275,458
Q09GJ8,PS50041,32,151
Q9UK05,PS51362,316,429
Q9UK05,PS00250,345,360
Q92244,PS51761,45,236
Q92244,PS00776,128,138
P06276,PS00941,118,128
P06276,PS00122,213,228
P32879,PS00272,38,56
P45452,PS00546,94,101
P45452,PS00142,219,228
P45452,PS51642,281,330
P45452,PS00024,323,338
P45452,PS51642,331,377
P45452,PS51642,379,427
P45452,PS51642,428,471
P28296,PS51892,130,403
P28296,PS00136,158,169
P28296,PS00137,193,203
P28296,PS00138,347,357
Q92626,PS51450,63,84
Q92626,PS51450,87,108
Q92626,PS51450,111,132
Q92626,PS51450,135,156
Q92626,PS51450,159,180
Q92626,PS50835,246,332
Q92626,PS50835,342,428
Q92626,PS50835,433,520
Q92626,PS50835,521,610
Q92626,PS50292,729,1316
Q92626,PS50184,1413,1471
Q92626,PS01208,1434,1470
P09382,PS51304,4,135
P00739,PS50240,104,346
P01399,PS00272,41,61
P01398,PS00272,62,83
P10459,PS00272,61,79
P01395,PS00272,41,61
P01394,PS00272,41,61
Q8WX77,PS51323,34,109
Q8WX77,PS51465,114,153
Q8WX77,PS50835,155,259
P01396,PS00272,41,61
P01390,PS00272,40,60
P01393,PS00272,41,61
D4AIK6,PS51695,212,600
D4AIK6,PS00138,502,512
Q7T2I5,PS00272,61,79
D4B1S5,PS00142,427,436
D4B1S6,PS52035,71,351
Q9R1A3,PS51117,36,254
Q9R1A3,PS50027,255,310
Q9R1A3,PS00022,274,285
Q9R1A3,PS01248,274,308
Q9R1A3,PS50027,311,373
Q9R1A3,PS01248,338,374
Q9R1A3,PS50027,374,423
Q9R1A3,PS00022,393,404
Q9R1A3,PS01248,393,421
Q9R1A3,PS50189,441,577
Q2WEN9,PS50835,133,218
Q2WEN9,PS50835,223,309
A8DY01,PS00018,29,41
Q9GK37,PS00284,378,388
P36378,PS00612,69,99
P36378,PS51465,91,148
P36378,PS00613,160,170
P36378,PS00018,271,283
Q9D0T7,PS50869,63,155
P40954,PS51910,23,313
P40954,PS01095,149,157
P36110,PS01009,279,289
P36110,PS01010,306,317
P82971,PS00118,30,37
Q8GTB6,PS51387,77,251
Q868Z9,PS50092,57,111
Q868Z9,PS50092,338,397
Q868Z9,PS50092,461,521
Q868Z9,PS50092,576,633
Q868Z9,PS50092,639,694
Q868Z9,PS50279,1612,1662
Q868Z9,PS00280,1640,1658
Q868Z9,PS50279,1671,1721
Q868Z9,PS00280,1699,1717
Q868Z9,PS50279,1730,1780
Q868Z9,PS00280,1758,1776
Q868Z9,PS50279,1790,1840
Q868Z9,PS00280,1818,1836
Q868Z9,PS50279,1849,1899
Q868Z9,PS00280,1877,1895
Q868Z9,PS50279,1922,1972
Q868Z9,PS50279,2001,2051
Q868Z9,PS00280,2029,2047
Q868Z9,PS50279,2071,2121
Q868Z9,PS00280,2099,2117
Q868Z9,PS50279,2128,2178
Q868Z9,PS00280,2156,2174
Q868Z9,PS50279,2194,2244
Q868Z9,PS00280,2222,2240
Q868Z9,PS50279,2253,2303
Q868Z9,PS00280,2281,2299
Q868Z9,PS50279,2318,2371
Q868Z9,PS00280,2349,2367
Q868Z9,PS00022,2417,2428
Q868Z9,PS51390,2452,2498
Q868Z9,PS50835,2523,2607
Q868Z9,PS50835,2617,2697
Q868Z9,PS50835,2749,2840
Q868Z9,PS50900,2847,2886
B3A0P5,PS51257,1,16
P80022,PS00530,61,68
P80022,PS00531,114,125
P80025,PS50292,129,711
O74716,PS51761,29,216
O74716,PS00776,109,119
O74717,PS51760,26,325
O74717,PS00591,255,265
Q96VB6,PS51760,43,322
P86368,PS00118,43,50
P86368,PS00119,85,95
P80156,PS00272,42,62
Q8NIH1,PS00142,425,434
D4APA9,PS51892,129,413
D4APA9,PS00137,192,202
D4APA9,PS00138,344,354
