encoding,auroc,f1,task,model,dataset
WCYKMVHQFDGRLITNEASP,0.7505301768279242,0.8305766651765758,binary,custom,deeploc
WCYKMVHQFDGRLITNEASP,0.7484743464175394,0.7715472481827622,binary,resnet,deeploc
ETHMDRFVICQAYWLSKPNG,0.7418945729425652,0.8287731685789939,binary,custom,deeploc
ETHMDRFVICQAYWLSKPNG,0.7337040385522267,0.8267132256656482,binary,resnet,deeploc
PFWALGEMCVITRDNHYQSK,0.7496853819086924,0.8361879666227492,binary,custom,deeploc
PFWALGEMCVITRDNHYQSK,0.7300395400297457,0.711340206185567,binary,resnet,deeploc
RDCVFTHISPLNYWQGAKEM,0.75769872562233,0.8433945756780402,binary,custom,deeploc
RDCVFTHISPLNYWQGAKEM,0.7442950182911005,0.8080713280150165,binary,resnet,deeploc
YEWHQFAVPNSMLDTIKCGR,0.741582745255615,0.8272807794508414,binary,custom,deeploc
YEWHQFAVPNSMLDTIKCGR,0.7322662827070271,0.7224719101123596,binary,resnet,deeploc
DGVYPCNMQWIFKLATHSRE,0.753912844510298,0.8291139240506329,binary,custom,deeploc
DGVYPCNMQWIFKLATHSRE,0.7513275348730784,0.8051823416506718,binary,resnet,deeploc
VIGHKDSRFNPCWATQYELM,0.7404261226494332,0.8314410480349345,binary,custom,deeploc
VIGHKDSRFNPCWATQYELM,0.760322403319465,0.828125,binary,resnet,deeploc
CVDGNAWHQYMRKTLPIEFS,0.751108488131015,0.8284556506078343,binary,custom,deeploc
CVDGNAWHQYMRKTLPIEFS,0.7418429504619515,0.779507785032647,binary,resnet,deeploc
INHSWFPDQCTARYKMGLVE,0.737888249886291,0.8272527472527472,binary,custom,deeploc
INHSWFPDQCTARYKMGLVE,0.7354857117344875,0.8338342636324603,binary,resnet,deeploc
EHIGTSDFLMWNRAPQYVKC,0.7442985062965476,0.8305383936451898,binary,custom,deeploc
EHIGTSDFLMWNRAPQYVKC,0.7248305526953911,0.7013888888888888,binary,resnet,deeploc
IMGHEWQDRKVTYPNCASFL,0.7540907327880884,0.8281179138321996,binary,custom,deeploc
IMGHEWQDRKVTYPNCASFL,0.7550269134500279,0.8368794326241135,binary,resnet,deeploc
EGMHRYSLWFNAKDICPQVT,0.7520439711918654,0.8329621380846325,binary,custom,deeploc
EGMHRYSLWFNAKDICPQVT,0.7268487126469497,0.8237847222222222,binary,resnet,deeploc
YQLIRTMKGFCWAPSEDVHN,0.7404254250483437,0.827220503756076,binary,custom,deeploc
YQLIRTMKGFCWAPSEDVHN,0.7702011323460883,0.8081308874566188,binary,resnet,deeploc
NPACKGISRQEVLFDHYMTW,0.758364934662682,0.834681042228212,binary,custom,deeploc
NPACKGISRQEVLFDHYMTW,0.7815985389442783,0.824330900243309,binary,resnet,deeploc
YGDCFRETVLQKASWMHIPN,0.744297808695458,0.8262617239839214,binary,custom,deeploc
YGDCFRETVLQKASWMHIPN,0.7601431198394959,0.8201033348990137,binary,resnet,deeploc
YSELFDMTQCHVRINWAGPK,0.73686417148709,0.8253968253968254,binary,custom,deeploc
YSELFDMTQCHVRINWAGPK,0.7690445097399065,0.813079551000488,binary,resnet,deeploc
EVTSPIHDKMAYWQFNCGRL,0.7379321987549217,0.8237905015534842,binary,custom,deeploc
EVTSPIHDKMAYWQFNCGRL,0.7251542396008605,0.8045558086560365,binary,resnet,deeploc
REDQGKPCMNIFWALTHYVS,0.759523650072132,0.8430769230769231,binary,custom,deeploc
REDQGKPCMNIFWALTHYVS,0.7101125649117814,0.8258872651356993,binary,resnet,deeploc
EFYAPNHILWCTQKSDRVGM,0.7519546782524256,0.8313199105145413,binary,custom,deeploc
EFYAPNHILWCTQKSDRVGM,0.723199561348435,0.8287292817679558,binary,resnet,deeploc
ITQELAFNPCGYHVWSMKDR,0.745321887094659,0.8281389136242209,binary,custom,deeploc
ITQELAFNPCGYHVWSMKDR,0.7591127630304908,0.7706226716338478,binary,resnet,deeploc
TQMFCRVPYGKWADIHNLSE,0.7452325941552189,0.8264758497316637,binary,custom,deeploc
TQMFCRVPYGKWADIHNLSE,0.7343632715816849,0.7669556348801632,binary,resnet,deeploc
IMYQGVWNHRCDPEKATFSL,0.7544025604750385,0.8296430185268866,binary,custom,deeploc
IMYQGVWNHRCDPEKATFSL,0.7650849259566204,0.8264925373134329,binary,resnet,deeploc
MRVECIGLQDWKTNSHYAPF,0.7412716151697542,0.8300395256916996,binary,custom,deeploc
MRVECIGLQDWKTNSHYAPF,0.7515507672216781,0.8098624940730204,binary,resnet,deeploc
AMDCFGRSETINPQVWLKHY,0.7527562219041162,0.8333333333333334,binary,custom,deeploc
AMDCFGRSETINPQVWLKHY,0.738197984769973,0.815622161671208,binary,resnet,deeploc
QHVGLKRTIMPYWSNFCAED,0.7333482619966459,0.8286334056399133,binary,custom,deeploc
QHVGLKRTIMPYWSNFCAED,0.755428034076418,0.8399296394019349,binary,resnet,deeploc
QNDMHWTAEICGRLYVKPSF,0.7448328687310078,0.8318661971830986,binary,custom,deeploc
QNDMHWTAEICGRLYVKPSF,0.743752982244657,0.7450765864332604,binary,resnet,deeploc
KWPRNLGSIVDFAMQEYCTH,0.7502629956106939,0.8299015219337511,binary,custom,deeploc
KWPRNLGSIVDFAMQEYCTH,0.7725604192303507,0.8091451292246521,binary,resnet,deeploc
ISANVEHFRPMDCQLWGTKY,0.7457662589885901,0.8234762979683973,binary,custom,deeploc
ISANVEHFRPMDCQLWGTKY,0.7077051435523523,0.8026548672566372,binary,resnet,deeploc
NMYQFRDHLKWSTVPIEAGC,0.7414934523161751,0.8256227758007118,binary,custom,deeploc
NMYQFRDHLKWSTVPIEAGC,0.771359150154449,0.8131436978911231,binary,resnet,deeploc
INSVFHMRWQEGTCLAKDPY,0.7491949683428626,0.8314806580702534,binary,custom,deeploc
INSVFHMRWQEGTCLAKDPY,0.7559086812269966,0.7775467775467776,binary,resnet,deeploc
NASRLHMKTECWDIPFVQYG,0.7486166570397715,0.8335540838852097,binary,custom,deeploc
NASRLHMKTECWDIPFVQYG,0.7313433564657855,0.8171275646743978,binary,resnet,deeploc
SAGQKFEICLNVYRMPHDTW,0.7471028626758304,0.8311918475852902,binary,custom,deeploc
SAGQKFEICLNVYRMPHDTW,0.7531050224488032,0.7826530612244897,binary,resnet,deeploc
KSHPVAQDRTCYFLMWEIGN,0.751910729383795,0.8347363757199823,binary,custom,deeploc
KSHPVAQDRTCYFLMWEIGN,0.7677511573202073,0.7946884576098059,binary,resnet,deeploc
VKSWGANFYCRMPTQHELDI,0.7441645668873877,0.8280764104842292,binary,custom,deeploc
VKSWGANFYCRMPTQHELDI,0.7402789288195752,0.7253121452894438,binary,resnet,deeploc
SIYQATPRHKVDWNGEFLMC,0.7436748509226473,0.8275555555555556,binary,custom,deeploc
SIYQATPRHKVDWNGEFLMC,0.7334368573349963,0.826048951048951,binary,resnet,deeploc
DGTQREFHIMWNKYAVCPSL,0.7505748232976441,0.8314005352363961,binary,custom,deeploc
DGTQREFHIMWNKYAVCPSL,0.695669431957385,0.6455155582672362,binary,resnet,deeploc
VQRWNTEAFHIYLPSMCKDG,0.7609927979663533,0.8446005267778753,binary,custom,deeploc
VQRWNTEAFHIYLPSMCKDG,0.7235065058277594,0.7992633517495396,binary,resnet,deeploc
CRWHAFDYLVIQKGMTEPNS,0.763662517335387,0.838796587337225,binary,custom,deeploc
CRWHAFDYLVIQKGMTEPNS,0.7803958746661979,0.8185404339250493,binary,resnet,deeploc
RKGWHTQEVSMAPLIYDFNC,0.7515989016968448,0.8332592263228101,binary,custom,deeploc
RKGWHTQEVSMAPLIYDFNC,0.7831548869746715,0.813286361348767,binary,resnet,deeploc
DRQGIPVMCKSTNEHFAWYL,0.7342823498553175,0.8246153846153846,binary,custom,deeploc
DRQGIPVMCKSTNEHFAWYL,0.7326346160822164,0.8197158081705151,binary,resnet,deeploc
LYQFKNVTASRMEDWPCGIH,0.7519553758535149,0.8355437665782494,binary,custom,deeploc
LYQFKNVTASRMEDWPCGIH,0.7807976928936773,0.8268210323203087,binary,resnet,deeploc
MNRHFSTVQKGILWCYDPEA,0.7532005937980473,0.8287392679620424,binary,custom,deeploc
MNRHFSTVQKGILWCYDPEA,0.7347727634211474,0.8293530178028659,binary,resnet,deeploc
AVSCKGNEWTQDLYFPIMRH,0.7533798772780164,0.8362831858407079,binary,custom,deeploc
AVSCKGNEWTQDLYFPIMRH,0.7545309190754832,0.794234592445328,binary,resnet,deeploc
LHYRGKPMSWIDQNCETVAF,0.7492396148125826,0.8322981366459627,binary,custom,deeploc
LHYRGKPMSWIDQNCETVAF,0.7649963306182699,0.8292457195742712,binary,resnet,deeploc
SRLDGNWCHPIKMTFAYQVE,0.7493289077520223,0.833922261484099,binary,custom,deeploc
SRLDGNWCHPIKMTFAYQVE,0.7403765929720876,0.7986641221374046,binary,resnet,deeploc
PTYDSVMIQHRGCKLFWAEN,0.7545811463539183,0.8329601433049709,binary,custom,deeploc
PTYDSVMIQHRGCKLFWAEN,0.7534607990043837,0.7800616649537513,binary,resnet,deeploc
CEFMYPSQLRHIAWDVTNKG,0.7442092133571075,0.8289007092198581,binary,custom,deeploc
CEFMYPSQLRHIAWDVTNKG,0.7125611447354836,0.8283333333333334,binary,resnet,deeploc
MRWFSDCGLPQNVAETKYHI,0.7525336871566058,0.8334817453250223,binary,custom,deeploc
MRWFSDCGLPQNVAETKYHI,0.758364934662682,0.834681042228212,binary,resnet,deeploc
CLGIKPWENMQSDRHYTFVA,0.7544025604750385,0.8296430185268866,binary,custom,deeploc
CLGIKPWENMQSDRHYTFVA,0.7758112403068328,0.8192888455918168,binary,resnet,deeploc
RYLHWIVENAFDCTSGPKQM,0.7446542828521281,0.8285968028419183,binary,custom,deeploc
RYLHWIVENAFDCTSGPKQM,0.704415256814865,0.8271604938271605,binary,resnet,deeploc
SKLWEYIDVMPGHFRCQNAT,0.7419831682809155,0.8261449533125834,binary,custom,deeploc
SKLWEYIDVMPGHFRCQNAT,0.758049618970285,0.8103696591454633,binary,resnet,deeploc
CPSDIHEKQNMRVFTWYLAG,0.7557838106319987,0.8380530973451328,binary,custom,deeploc
CPSDIHEKQNMRVFTWYLAG,0.7626726213895656,0.7604395604395604,binary,resnet,deeploc
HDFKVITLPCWESRYMGAQN,0.7586321158799121,0.835352175863616,binary,custom,deeploc
HDFKVITLPCWESRYMGAQN,0.7494977272156508,0.7681007345225603,binary,resnet,deeploc
ARIVKNCQHEFWSDYMLPTG,0.742472884245656,0.8266666666666667,binary,custom,deeploc
ARIVKNCQHEFWSDYMLPTG,0.7626349509307393,0.814388489208633,binary,resnet,deeploc
EQVNWPFMHLRTKACIYDGS,0.7484834152317014,0.8353096179183136,binary,custom,deeploc
EQVNWPFMHLRTKACIYDGS,0.7031686436681539,0.8255670103092784,binary,resnet,deeploc
FYDLMRPSVEAHCNTWGKIQ,0.7548490251722376,0.8378258948298718,binary,custom,deeploc
FYDLMRPSVEAHCNTWGKIQ,0.773583800028462,0.8062248995983936,binary,resnet,deeploc
GRETQVCKPYHIWLMNDASF,0.7526229800960458,0.8351063829787234,binary,custom,deeploc
GRETQVCKPYHIWLMNDASF,0.7610813933047038,0.8421052631578947,binary,resnet,deeploc
EFAHPMTQNRWLICVKDYGS,0.7541814209297069,0.8382547377699427,binary,custom,deeploc
EFAHPMTQNRWLICVKDYGS,0.7208249272402064,0.7074829931972789,binary,resnet,deeploc
TQPNIDVKSHWGMCLFYRAE,0.7509312974543141,0.8337028824833703,binary,custom,deeploc
TQPNIDVKSHWGMCLFYRAE,0.7546655560857323,0.8023369036027264,binary,resnet,deeploc
DYFKMCHRITWEALGSNQPV,0.7447428781904785,0.8259507829977628,binary,custom,deeploc
DYFKMCHRITWEALGSNQPV,0.7196236581643046,0.7135678391959799,binary,resnet,deeploc
RVYPFAGTINDWLKESMHCQ,0.7491056754034227,0.8298347476552033,binary,custom,deeploc
RVYPFAGTINDWLKESMHCQ,0.7406486573969434,0.8312937062937062,binary,resnet,deeploc
HLQPAYFKGICMNVRSTDWE,0.7467903373877909,0.8253825382538253,binary,custom,deeploc
HLQPAYFKGICMNVRSTDWE,0.7454969849680917,0.8090098545283905,binary,resnet,deeploc
PHIDASTEKYQRFCGMNLVW,0.740336132108904,0.8255659121171771,binary,custom,deeploc
PHIDASTEKYQRFCGMNLVW,0.7256481411721373,0.8312128922815946,binary,resnet,deeploc
SFCLQIMTYKGEHDWRVANP,0.7342370057845082,0.8194382523406153,binary,custom,deeploc
SFCLQIMTYKGEHDWRVANP,0.7625051971281158,0.8387096774193549,binary,resnet,deeploc
LGENIQYPCADRVMKSTWHF,0.7451886452865885,0.8299379982285208,binary,custom,deeploc
LGENIQYPCADRVMKSTWHF,0.7366360559308649,0.7877312560856865,binary,resnet,deeploc
MAESPVFDNLQYGWCTHIKR,0.730808994031325,0.815742397137746,binary,custom,deeploc
MAESPVFDNLQYGWCTHIKR,0.7600077852281574,0.8077669902912621,binary,resnet,deeploc
CTFGELVKDRHPNIAWMSQY,0.7533791796769269,0.8320644872369011,binary,custom,deeploc
CTFGELVKDRHPNIAWMSQY,0.760231017576757,0.8124700239808154,binary,resnet,deeploc
KCDQFWVATPRHYNSLIGME,0.7517774875757247,0.8364918466284706,binary,custom,deeploc
KCDQFWVATPRHYNSLIGME,0.7041731892368523,0.665871121718377,binary,resnet,deeploc
TDCGRLQNEHVYKSAPMFIW,0.7357508001484495,0.8218569524655709,binary,custom,deeploc
TDCGRLQNEHVYKSAPMFIW,0.7606328358042364,0.8206572769953052,binary,resnet,deeploc
RTVIDQPEMFGSAHCKWYLN,0.737219948042671,0.8234250221827861,binary,custom,deeploc
RTVIDQPEMFGSAHCKWYLN,0.7470031057200499,0.751357220412595,binary,resnet,deeploc
HSMENPDLCTQVKIFGYAWR,0.7470128721353011,0.8252252252252252,binary,custom,deeploc
HSMENPDLCTQVKIFGYAWR,0.7382789064963404,0.7542372881355932,binary,resnet,deeploc
FRGISVPLEWHMACDTKYQN,0.7489724335953523,0.8316303864948912,binary,custom,deeploc
FRGISVPLEWHMACDTKYQN,0.7530617711812619,0.7924340467894475,binary,resnet,deeploc
PHELDCNFQAKSIVTWGMRY,0.7466570955797205,0.8272157564905999,binary,custom,deeploc
PHELDCNFQAKSIVTWGMRY,0.7459825153262959,0.7786802030456853,binary,resnet,deeploc
DANLYSPGFQIVHCEKTMRW,0.7524450918182554,0.8360583296509059,binary,custom,deeploc
DANLYSPGFQIVHCEKTMRW,0.7621884862335402,0.8049140049140049,binary,resnet,deeploc
ACVSIQHDKRETNGMPWFYL,0.7489277871256323,0.8308103294746215,binary,custom,deeploc
ACVSIQHDKRETNGMPWFYL,0.776210965731044,0.8130887456618741,binary,resnet,deeploc
WNQFPLGERSIYCDHMAKVT,0.7449200688671795,0.8205361199454794,binary,custom,deeploc
WNQFPLGERSIYCDHMAKVT,0.7144739669225468,0.8213219616204691,binary,resnet,deeploc
NLTHSEVGFPRWKQDYMAIC,0.7521779106010251,0.8353982300884956,binary,custom,deeploc
NLTHSEVGFPRWKQDYMAIC,0.7608574633550148,0.8338614757808963,binary,resnet,deeploc
RKCTQDSLMFHYVEPWIAGN,0.749684684307603,0.832,binary,custom,deeploc
RKCTQDSLMFHYVEPWIAGN,0.7586237446668398,0.7758530183727034,binary,resnet,deeploc
YIDQCMSAVHTFNWPERLKG,0.7472361044839009,0.8293986636971047,binary,custom,deeploc
YIDQCMSAVHTFNWPERLKG,0.7369841588744626,0.7171543316121629,binary,resnet,deeploc
HRAWVGLQFDPNYSTICKEM,0.7491942707417731,0.8271827182718272,binary,custom,deeploc
HRAWVGLQFDPNYSTICKEM,0.736865566689269,0.8337639965546942,binary,resnet,deeploc
VQPLKYNAFDGCTRIWEMHS,0.7403800809775345,0.822052891080233,binary,custom,deeploc
VQPLKYNAFDGCTRIWEMHS,0.7480788065998643,0.8097928436911488,binary,resnet,deeploc
IKSHGDALFVPMQWYTNRCE,0.7491056754034227,0.8298347476552033,binary,custom,deeploc
IKSHGDALFVPMQWYTNRCE,0.6522877130124927,0.8047713717693837,binary,resnet,deeploc
ISRPFGLKVNCMAWHTQYDE,0.750307642080414,0.8307280035730237,binary,custom,deeploc
ISRPFGLKVNCMAWHTQYDE,0.7417048254462555,0.7398015435501654,binary,resnet,deeploc
QLCHDVGSNRFMPEYTAIKW,0.7487052523781221,0.8309608540925267,binary,custom,deeploc
QLCHDVGSNRFMPEYTAIKW,0.6143730938050234,0.42301943198804187,binary,resnet,deeploc
HISENLKDGTFPYCWAQRVM,0.7430065490790271,0.8236877523553163,binary,custom,deeploc
HISENLKDGTFPYCWAQRVM,0.747096584266026,0.788480635551142,binary,resnet,deeploc
LWDRHPINKCYGSTVEFQAM,0.7548929740408682,0.8344489067380634,binary,custom,deeploc
LWDRHPINKCYGSTVEFQAM,0.7567597545560327,0.8171133051245886,binary,resnet,deeploc
RYVDGHFMTICQWSNLKEPA,0.7478597598578011,0.832375055285272,binary,custom,deeploc
RYVDGHFMTICQWSNLKEPA,0.7365069997293308,0.8186714542190305,binary,resnet,deeploc
DFCGVINPRKMWLAETYSQH,0.7540028350508272,0.8350377945753669,binary,custom,deeploc
DFCGVINPRKMWLAETYSQH,0.7342237513638101,0.7109826589595376,binary,resnet,deeploc
HLNIKWEQDPTRYCGFMVSA,0.7515103063584945,0.8358340688437775,binary,custom,deeploc
HLNIKWEQDPTRYCGFMVSA,0.7374843388555437,0.8059562587249883,binary,resnet,deeploc
EHPLTWASVIRCDKMGNQFY,0.7462566725544199,0.8283548818546589,binary,custom,deeploc
EHPLTWASVIRCDKMGNQFY,0.7622352255065281,0.8203677510608204,binary,resnet,deeploc
PVHTLCKRQNYASDGMFIEW,0.742472884245656,0.8266666666666667,binary,custom,deeploc
PVHTLCKRQNYASDGMFIEW,0.7650856235577097,0.8309534776600644,binary,resnet,deeploc
NSEIHKQALCTVPDGFYMRW,0.7471921556152701,0.8328187031318923,binary,custom,deeploc
NSEIHKQALCTVPDGFYMRW,0.7602742688442982,0.8035363457760314,binary,resnet,deeploc
GRKDTWALFCVQIYPSHNEM,0.7567625449603902,0.8348993288590604,binary,custom,deeploc
GRKDTWALFCVQIYPSHNEM,0.7591629903089256,0.8142857142857143,binary,resnet,deeploc
KHNMRIDTVELPWQAYCSFG,0.7486159594386823,0.8293118856121537,binary,custom,deeploc
KHNMRIDTVELPWQAYCSFG,0.6653502934110181,0.5732984293193717,binary,resnet,deeploc
FMPVCSINYRTKLQHDEGAW,0.7464792073019302,0.8282016956715752,binary,custom,deeploc
FMPVCSINYRTKLQHDEGAW,0.7283632046119803,0.8302693458743052,binary,resnet,deeploc
PMYHWENQKRSTACVIFDGL,0.7394459931188628,0.8261831048208758,binary,custom,deeploc
PMYHWENQKRSTACVIFDGL,0.7620105979557498,0.8060724779627816,binary,resnet,deeploc
AEKWTMIFGSLRNQYDVCPH,0.7426514701245358,0.8299559471365638,binary,custom,deeploc
AEKWTMIFGSLRNQYDVCPH,0.7320444455606062,0.7296849087893864,binary,resnet,deeploc
CQVRATHPWMNSYDKFGILE,0.7346388240119877,0.8269230769230769,binary,custom,deeploc
CQVRATHPWMNSYDKFGILE,0.7324448685859068,0.7277777777777777,binary,resnet,deeploc
KSAVEWPNGYRQTDLHIFCM,0.7441199204176676,0.8272484416740873,binary,custom,deeploc
KSAVEWPNGYRQTDLHIFCM,0.7492382196104038,0.8236363636363636,binary,resnet,deeploc
NSRPAHMTWIYQGFDVLKEC,0.760279152051924,0.8359550561797753,binary,custom,deeploc
NSRPAHMTWIYQGFDVLKEC,0.7622303422989025,0.7846790890269151,binary,resnet,deeploc
VYNWQHTCLRPGDFMASIEK,0.7514203158179651,0.8299685957828623,binary,custom,deeploc
VYNWQHTCLRPGDFMASIEK,0.7659269304714945,0.8006012024048096,binary,resnet,deeploc
EIDCMTRWAGPFKQLSYHVN,0.7437634462609977,0.8248992386923422,binary,custom,deeploc
EIDCMTRWAGPFKQLSYHVN,0.7385021388449399,0.7600627286983795,binary,resnet,deeploc
CGVPETHYMFIWQKLNDSRA,0.7595222548699532,0.834759117514633,binary,custom,deeploc
CGVPETHYMFIWQKLNDSRA,0.760544240465886,0.823474615742897,binary,resnet,deeploc
WTGEKAQDCVMFSRNYPHLI,0.7447428781904785,0.8259507829977628,binary,custom,deeploc
WTGEKAQDCVMFSRNYPHLI,0.762369164915688,0.8230337078651685,binary,resnet,deeploc
YWTPDQLNMIEAFVKSHRCG,0.754269318666968,0.8314606741573034,binary,custom,deeploc
YWTPDQLNMIEAFVKSHRCG,0.6612790934534324,0.8042071197411004,binary,resnet,deeploc
DMQGINKPEWHCRSVTYFLA,0.7404700715180637,0.828042328042328,binary,custom,deeploc
DMQGINKPEWHCRSVTYFLA,0.7734533486247492,0.8276515151515151,binary,resnet,deeploc
PLKNFVWHSYCEAGQTDMIR,0.7538242491719475,0.8317631224764468,binary,custom,deeploc
PLKNFVWHSYCEAGQTDMIR,0.7496365498324362,0.8085308056872038,binary,resnet,deeploc
QMVEKICPFGYSAWLDNRHT,0.7362851625829099,0.8232166592822331,binary,custom,deeploc
QMVEKICPFGYSAWLDNRHT,0.7539958590399334,0.787266296109146,binary,resnet,deeploc
IYAPKQCMWSGLTFDHRNVE,0.7417159870636854,0.8254674977738201,binary,custom,deeploc
IYAPKQCMWSGLTFDHRNVE,0.7392681048410725,0.8271604938271605,binary,resnet,deeploc
PRKIVWYGDAELMFCNSTQH,0.7525776360252363,0.8300359712230215,binary,custom,deeploc
PRKIVWYGDAELMFCNSTQH,0.7586711815409172,0.798810703666997,binary,resnet,deeploc
FMINPWCQGLKDHRTYVSEA,0.7439420321398774,0.8282290279627164,binary,custom,deeploc
FMINPWCQGLKDHRTYVSEA,0.7516777306199443,0.7583603020496225,binary,resnet,deeploc
EGQNRVHFTACMYSWIKDLP,0.7467903373877909,0.8253825382538253,binary,custom,deeploc
EGQNRVHFTACMYSWIKDLP,0.7672621389565563,0.7993951612903226,binary,resnet,deeploc
DHTEQWMRALSVIPGYCKNF,0.7535138166871761,0.8386813186813187,binary,custom,deeploc
DHTEQWMRALSVIPGYCKNF,0.7695809649776348,0.8286516853932584,binary,resnet,deeploc
RNYVCFKEQSTLAIHWPMDG,0.7500404608631838,0.8300536672629696,binary,custom,deeploc
RNYVCFKEQSTLAIHWPMDG,0.7722039450736807,0.8064032016008004,binary,resnet,deeploc
IPCDYTWGSANFVQERLKHM,0.7524883430857966,0.8283649503161699,binary,custom,deeploc
IPCDYTWGSANFVQERLKHM,0.7262264524752281,0.829205807002562,binary,resnet,deeploc
RTKPFMVIEQLCGNYHDSAW,0.7458116030593993,0.8286604361370716,binary,custom,deeploc
RTKPFMVIEQLCGNYHDSAW,0.7480732257911494,0.7672955974842768,binary,resnet,deeploc
TLFQGHEAYIKPNWCSMDRV,0.7553819924045193,0.8306997742663657,binary,custom,deeploc
TLFQGHEAYIKPNWCSMDRV,0.7494614519590033,0.8278651685393258,binary,resnet,deeploc
PEKFYSIMHQLDANVGCWTR,0.743540213912398,0.8206521739130435,binary,custom,deeploc
PEKFYSIMHQLDANVGCWTR,0.7141565584268817,0.7826496935407826,binary,resnet,deeploc
HRQICEMFWGPYKVTDLNSA,0.7499518655248331,0.8326675543719485,binary,custom,deeploc
HRQICEMFWGPYKVTDLNSA,0.7310189719592266,0.7128146453089245,binary,resnet,deeploc
GTMAEQVCSLNRKHPFIWYD,0.7481708899436618,0.8296164139161463,binary,custom,deeploc
GTMAEQVCSLNRKHPFIWYD,0.7529766638483583,0.8199907450254512,binary,resnet,deeploc
WHLDGNRVTEQYPCFKSMAI,0.7570743726473403,0.8363798484172983,binary,custom,deeploc
WHLDGNRVTEQYPCFKSMAI,0.7643677920367441,0.7914110429447853,binary,resnet,deeploc
NSGWITMVQLEHPFYRACKD,0.7491496242720532,0.8263419034731619,binary,custom,deeploc
NSGWITMVQLEHPFYRACKD,0.7565783782727955,0.7933966983491746,binary,resnet,deeploc
QACRIFEKYLGWHDNVTPMS,0.7571629679856908,0.8337825696316262,binary,custom,deeploc
QACRIFEKYLGWHDNVTPMS,0.7199020009989647,0.8059299191374663,binary,resnet,deeploc
RGFVKIYPASTLNMECHWDQ,0.7459462400696485,0.8352992573176059,binary,custom,deeploc
RGFVKIYPASTLNMECHWDQ,0.7555096534038749,0.790135883241067,binary,resnet,deeploc
PTECMYWKSHNGQFALDIVR,0.7458123006604888,0.8328935795954265,binary,custom,deeploc
PTECMYWKSHNGQFALDIVR,0.6997210990844683,0.6570397111913358,binary,resnet,deeploc
LFVCKMWIYSGATNPHQRED,0.7516435481665649,0.834072759538598,binary,custom,deeploc
LFVCKMWIYSGATNPHQRED,0.7332450170354186,0.7168091168091169,binary,resnet,deeploc
QNRGVIWPDKTYLFAECMSH,0.7524004453485355,0.8352524357838795,binary,custom,deeploc
QNRGVIWPDKTYLFAECMSH,0.7534245237477362,0.8370860927152318,binary,resnet,deeploc
HGSPKAWTCMRIVYNQEFDL,0.7479930016658713,0.8305913739439751,binary,custom,deeploc
HGSPKAWTCMRIVYNQEFDL,0.7540439935151002,0.8135913166588014,binary,resnet,deeploc
ERSHPTQKIVACNYLFDMGW,0.7548490251722376,0.8378258948298718,binary,custom,deeploc
ERSHPTQKIVACNYLFDMGW,0.7341491080472472,0.8264101442938347,binary,resnet,deeploc
FREDPYWNVQCTGSHMLAKI,0.7462566725544199,0.8283548818546589,binary,custom,deeploc
FREDPYWNVQCTGSHMLAKI,0.7570660014342678,0.7774882751433038,binary,resnet,deeploc
FESDLRCGAIKHPWNQTVMY,0.7405147179877836,0.8288605367355917,binary,custom,deeploc
FESDLRCGAIKHPWNQTVMY,0.7156298919276392,0.8127734033245845,binary,resnet,deeploc
RHIVFSWETCKDAQGNMLPY,0.7525336871566058,0.8334817453250223,binary,custom,deeploc
RHIVFSWETCKDAQGNMLPY,0.7204384562366933,0.8205793341980112,binary,resnet,deeploc
RNYLAIEFTKPWQDSGHMVC,0.7476372251102906,0.8325231992929739,binary,custom,deeploc
RNYLAIEFTKPWQDSGHMVC,0.6851607691470571,0.599090318388564,binary,resnet,deeploc
MTVESIAWNRLHDGQFPYKC,0.7481262434739417,0.8287885561019223,binary,custom,deeploc
MTVESIAWNRLHDGQFPYKC,0.7568497450965619,0.8234750462107209,binary,resnet,deeploc
VFTCDPWLNMIKQRYAGSHE,0.74652385377165,0.8290293855743545,binary,custom,deeploc
VFTCDPWLNMIKQRYAGSHE,0.7478611550599799,0.8406047516198704,binary,resnet,deeploc
WHDCSFVAYKTEILQRPMGN,0.7548922764397789,0.8301716350496838,binary,custom,deeploc
WHDCSFVAYKTEILQRPMGN,0.7620991932941003,0.802962962962963,binary,resnet,deeploc
VEIKQNSPADCHRWTFMYGL,0.7459462400696485,0.8352992573176059,binary,custom,deeploc
VEIKQNSPADCHRWTFMYGL,0.7388676818157719,0.8282828282828283,binary,resnet,deeploc
DKGAFVESMWIPYLCRNTQH,0.748749898847842,0.831779849090102,binary,custom,deeploc
DKGAFVESMWIPYLCRNTQH,0.7526187944895095,0.8080229226361032,binary,resnet,deeploc
HTRCPEWNIQSAKMFYDGVL,0.7374871292599011,0.824102791315906,binary,custom,deeploc
HTRCPEWNIQSAKMFYDGVL,0.7553743187925361,0.7758081334723671,binary,resnet,deeploc
QHSNDMARLEKVYWIGCPTF,0.7476365275092014,0.8282647584973166,binary,custom,deeploc
QHSNDMARLEKVYWIGCPTF,0.7560900575102337,0.8031189083820662,binary,resnet,deeploc
RMSCWYFDPGIVLENATQHK,0.764731242204308,0.8414470745868692,binary,custom,deeploc
RMSCWYFDPGIVLENATQHK,0.7067745436991275,0.828041237113402,binary,resnet,deeploc
TFGLWQMHYSRNACKPDEIV,0.7403807785786238,0.8263950398582817,binary,custom,deeploc
TFGLWQMHYSRNACKPDEIV,0.7449214640693582,0.8292682926829268,binary,resnet,deeploc
AYSLHEKRMFINWDVCTQPG,0.7483941222922614,0.8337009263343625,binary,custom,deeploc
AYSLHEKRMFINWDVCTQPG,0.7436692701139321,0.7895771878072763,binary,resnet,deeploc
NFKHPEAGWLQITSYMDCVR,0.7491942707417731,0.8271827182718272,binary,custom,deeploc
NFKHPEAGWLQITSYMDCVR,0.734188173708252,0.789980732177264,binary,resnet,deeploc
YTKFRSVQLNPCGAMDEWHI,0.7418045824020358,0.822790489008524,binary,custom,deeploc
YTKFRSVQLNPCGAMDEWHI,0.7570199597623692,0.7645161290322581,binary,resnet,deeploc
HLERPIQNSFWTADCVKYMG,0.7497286331762335,0.8285457809694794,binary,custom,deeploc
HLERPIQNSFWTADCVKYMG,0.7442057253516607,0.8062234794908062,binary,resnet,deeploc
YQWKGNREHSPMIFCTLAVD,0.7523104548080063,0.8293561458802341,binary,custom,deeploc
YQWKGNREHSPMIFCTLAVD,0.7776389551609924,0.8372093023255814,binary,resnet,deeploc
CQPIHGTEAWVYSDFRMNLK,0.7370420597648806,0.8244139761167625,binary,custom,deeploc
CQPIHGTEAWVYSDFRMNLK,0.7445210410440577,0.8303886925795053,binary,resnet,deeploc
TVKPMEICSNWQLHFADGRY,0.7397131743360931,0.8268551236749117,binary,custom,deeploc
TVKPMEICSNWQLHFADGRY,0.7232860638835175,0.8133037694013304,binary,resnet,deeploc
QAHMTLWIEPSKYFGDRCNV,0.7426961165942556,0.8307692307692308,binary,custom,deeploc
QAHMTLWIEPSKYFGDRCNV,0.7657971766688711,0.8268782081194587,binary,resnet,deeploc
DHQWCVASEKLNMPIGRYTF,0.7413155640383848,0.8266075388026608,binary,custom,deeploc
DHQWCVASEKLNMPIGRYTF,0.7581347263031887,0.7809425168306577,binary,resnet,deeploc
EHLCTYKFSGQWRNDVAMIP,0.7514649622876851,0.8307967770814683,binary,custom,deeploc
EHLCTYKFSGQWRNDVAMIP,0.753196408191511,0.8005850804485617,binary,resnet,deeploc
EVDPTRMFQYKLGCSWAHNI,0.7403354345078144,0.821203953279425,binary,custom,deeploc
EVDPTRMFQYKLGCSWAHNI,0.7457655613875007,0.8190127970749543,binary,resnet,deeploc
TPRGCSWFDYNQEHLMVIKA,0.7459008959988391,0.8303057155516171,binary,custom,deeploc
TPRGCSWFDYNQEHLMVIKA,0.7288522229756313,0.8266320795503674,binary,resnet,deeploc
TRIQSPWAVFMKCDNGEHYL,0.7451886452865885,0.8299379982285208,binary,custom,deeploc
TRIQSPWAVFMKCDNGEHYL,0.7555089558027854,0.7846938775510204,binary,resnet,deeploc
ITWVDFYKSRNQLPHMECGA,0.740336132108904,0.8255659121171771,binary,custom,deeploc
ITWVDFYKSRNQLPHMECGA,0.7803965722672873,0.8233576642335766,binary,resnet,deeploc
RKHWEAQLTIVFCMNSGDYP,0.7678920727402608,0.8444048149799376,binary,custom,deeploc
RKHWEAQLTIVFCMNSGDYP,0.7634783506477923,0.7975891511803114,binary,resnet,deeploc
YPQIRHELMNVTASFGCWDK,0.7450993523471486,0.8282918149466192,binary,custom,deeploc
YPQIRHELMNVTASFGCWDK,0.7443347815531949,0.7724704673857217,binary,resnet,deeploc
CAEPWNDTMSFIHGKVLQYR,0.7447428781904785,0.8259507829977628,binary,custom,deeploc
CAEPWNDTMSFIHGKVLQYR,0.7184621523504973,0.6670746634026927,binary,resnet,deeploc
LRFMCVDGYKTWHAQEPISN,0.7503969350198537,0.8323699421965318,binary,custom,deeploc
LRFMCVDGYKTWHAQEPISN,0.747939983983079,0.7697916666666667,binary,resnet,deeploc
MFWGERTHDLQAIVPNCYSK,0.7476804763778319,0.8247515808491418,binary,custom,deeploc
MFWGERTHDLQAIVPNCYSK,0.7627681927388097,0.8123492522913651,binary,resnet,deeploc
GKLDHYPQVTMWASICEFNR,0.7418499264728452,0.8279522335249889,binary,custom,deeploc
GKLDHYPQVTMWASICEFNR,0.6971364870483382,0.6201153106982703,binary,resnet,deeploc
SLDMAFTEKPGHICYQRVWN,0.763751810274827,0.8404112650871703,binary,custom,deeploc
SLDMAFTEKPGHICYQRVWN,0.7817331759545275,0.8316642823080591,binary,resnet,deeploc
TPKYMQLGNAWHEFVDSIRC,0.7411816246292249,0.8241071428571428,binary,custom,deeploc
TPKYMQLGNAWHEFVDSIRC,0.7404163562341819,0.7615062761506276,binary,resnet,deeploc
RHGNVSKWMFQCYEAPITLD,0.7405593644575036,0.8296751536435469,binary,custom,deeploc
RHGNVSKWMFQCYEAPITLD,0.7537775098989594,0.8175454969668688,binary,resnet,deeploc
MNTRPIQVHSLECFGWYKDA,0.7453665335643787,0.8289649044868947,binary,custom,deeploc
MNTRPIQVHSLECFGWYKDA,0.7541765377220814,0.8067307692307693,binary,resnet,deeploc
IEQYDNALWKRMCTFSPVHG,0.7559170524400691,0.8362989323843416,binary,custom,deeploc
IEQYDNALWKRMCTFSPVHG,0.7556373144032302,0.7390562819783968,binary,resnet,deeploc
RSYHLWPNDVFKQGIAETMC,0.7474586392314111,0.8292465448060633,binary,custom,deeploc
RSYHLWPNDVFKQGIAETMC,0.7207056374539236,0.8212435233160622,binary,resnet,deeploc
WVEDMKTNFRHCYALPIGSQ,0.753157342530506,0.8364279398762158,binary,custom,deeploc
WVEDMKTNFRHCYALPIGSQ,0.7669524040728743,0.8128342245989305,binary,resnet,deeploc
MSRQDNITKLHCPAGWYFVE,0.7513317204796148,0.8325912733748887,binary,custom,deeploc
MSRQDNITKLHCPAGWYFVE,0.7552926994650795,0.8290249433106576,binary,resnet,deeploc
QLNECAHRGYDWKTSMVPFI,0.7502622980096046,0.8255550521069325,binary,custom,deeploc
QLNECAHRGYDWKTSMVPFI,0.7263150478135787,0.8266666666666667,binary,resnet,deeploc
HIFEQGYNWVMASPKDCLRT,0.7515995992979343,0.8374340949033392,binary,custom,deeploc
HIFEQGYNWVMASPKDCLRT,0.7066406042899676,0.8257261410788381,binary,resnet,deeploc
GQSANFIKEVMYCPWTHRDL,0.7325013742741462,0.8215547703180212,binary,custom,deeploc
GQSANFIKEVMYCPWTHRDL,0.7535989240200797,0.813942534149788,binary,resnet,deeploc
TRIKSFPHCYEVMLDWAQNG,0.7513317204796148,0.8325912733748887,binary,custom,deeploc
TRIKSFPHCYEVMLDWAQNG,0.6780612828604993,0.8106557377049181,binary,resnet,deeploc
SNHVELADCRWYIMKPTFGQ,0.7430065490790271,0.8236877523553163,binary,custom,deeploc
SNHVELADCRWYIMKPTFGQ,0.673317595452757,0.5615696887686062,binary,resnet,deeploc
FHMTQYSDRNIWPKVALGCE,0.7431411860892763,0.8304711580801409,binary,custom,deeploc
FHMTQYSDRNIWPKVALGCE,0.754670439293358,0.8345965225144896,binary,resnet,deeploc
CQLDHRGMNIEWTKPVSYFA,0.7409151410130842,0.8277385159010601,binary,custom,deeploc
CQLDHRGMNIEWTKPVSYFA,0.6947785953662545,0.6382716049382716,binary,resnet,deeploc
WKIYAREQNTDLMGCSFHPV,0.7453665335643787,0.8289649044868947,binary,custom,deeploc
WKIYAREQNTDLMGCSFHPV,0.7155796646492043,0.7728813559322034,binary,resnet,deeploc
HVTKGAFMQWCIDNRYLPSE,0.7302746315968648,0.8143497757847533,binary,custom,deeploc
HVTKGAFMQWCIDNRYLPSE,0.7157931305825526,0.6880841121495327,binary,resnet,deeploc
CVKTNIGARSEQLPHDWFMY,0.7396238813966531,0.8251996450754214,binary,custom,deeploc
CVKTNIGARSEQLPHDWFMY,0.6910603815598919,0.8198198198198198,binary,resnet,deeploc
LAFMQPDRSKWTEYCHIGNV,0.7514203158179651,0.8299685957828623,binary,custom,deeploc
LAFMQPDRSKWTEYCHIGNV,0.6806438020933614,0.8154471544715447,binary,resnet,deeploc
QLKFEYGAPSDMVNTWRIHC,0.7514203158179651,0.8299685957828623,binary,custom,deeploc
QLKFEYGAPSDMVNTWRIHC,0.757781042550876,0.7996051332675223,binary,resnet,deeploc
FSAHQELNCMPTIRYGVDWK,0.7459887937361004,0.8233167645729779,binary,custom,deeploc
FSAHQELNCMPTIRYGVDWK,0.720868876108837,0.7014925373134329,binary,resnet,deeploc
NWLFTHEMVSIAKRQDPYCG,0.7561835360562098,0.8327338129496403,binary,custom,deeploc
NWLFTHEMVSIAKRQDPYCG,0.7385872461778437,0.7234525837592277,binary,resnet,deeploc
IPAYDCNQGSVHFMWKLETR,0.748438071160892,0.8302895322939866,binary,custom,deeploc
IPAYDCNQGSVHFMWKLETR,0.749550047297354,0.8251811594202898,binary,resnet,deeploc
SQPKMTIFDLYNHGEVWRCA,0.745010757008798,0.8309050772626931,binary,custom,deeploc
SQPKMTIFDLYNHGEVWRCA,0.7312994075971548,0.8206713780918727,binary,resnet,deeploc
DFYWCSKGTHPLREIMAVNQ,0.7447435757915679,0.830238726790451,binary,custom,deeploc
DFYWCSKGTHPLREIMAVNQ,0.7466961612407254,0.7899159663865546,binary,resnet,deeploc
YHICQGRFPKDLVTEAMSWN,0.760279152051924,0.8359550561797753,binary,custom,deeploc
YHICQGRFPKDLVTEAMSWN,0.7626349509307393,0.814388489208633,binary,resnet,deeploc
GSYQLRVHIMFKENPTADCW,0.7407818992050137,0.8295254833040422,binary,custom,deeploc
GSYQLRVHIMFKENPTADCW,0.7423291784212451,0.7506731287022078,binary,resnet,deeploc
GNWCHFDKYPQRVTLMESIA,0.7381547335024319,0.8236339404709018,binary,custom,deeploc
GNWCHFDKYPQRVTLMESIA,0.7404714667202424,0.8363479758828596,binary,resnet,deeploc
DVQALCTMHWFSIEYKGNPR,0.748660605908402,0.8301382077574677,binary,custom,deeploc
DVQALCTMHWFSIEYKGNPR,0.7454948921648237,0.7941463414634147,binary,resnet,deeploc
STRLADMYIPWKQFNCGHEV,0.7325467183449553,0.8266550522648084,binary,custom,deeploc
STRLADMYIPWKQFNCGHEV,0.7475423513621359,0.7933235149729995,binary,resnet,deeploc
AVEYGPCHQMFSWTLRKNID,0.7517321435049152,0.8314707197139025,binary,custom,deeploc
AVEYGPCHQMFSWTLRKNID,0.7291633530614922,0.8238884045335658,binary,resnet,deeploc
GQISCENVPDAMFLWTKYHR,0.745544421842169,0.8279857397504456,binary,custom,deeploc
GQISCENVPDAMFLWTKYHR,0.7150362334005821,0.6861826697892272,binary,resnet,deeploc
RNLSDYATKFPHMVIEQGWC,0.7470582162061103,0.8303730017761989,binary,custom,deeploc
RNLSDYATKFPHMVIEQGWC,0.7386856079314453,0.8020735155513666,binary,resnet,deeploc
YGDIHAMPSQFRKCWVTNEL,0.7370867062346004,0.8252427184466019,binary,custom,deeploc
YGDIHAMPSQFRKCWVTNEL,0.7580475261670169,0.7952047952047953,binary,resnet,deeploc
HWGETFVLYQRCNADSMIPK,0.7560502942481395,0.8345259391771019,binary,custom,deeploc
HWGETFVLYQRCNADSMIPK,0.745446757689657,0.7654450261780105,binary,resnet,deeploc
CQGDKPINTMEAWSLYHRFV,0.7450993523471486,0.8282918149466192,binary,custom,deeploc
CQGDKPINTMEAWSLYHRFV,0.7648177447393902,0.8257823446987389,binary,resnet,deeploc
WGAFENCRSDYTVKQHPMLI,0.7314326494052253,0.8188277087033747,binary,custom,deeploc
WGAFENCRSDYTVKQHPMLI,0.7348174098908673,0.830155979202773,binary,resnet,deeploc
YCWPRVEHLTGSKMQDNIAF,0.7397124767350037,0.8225301743406348,binary,custom,deeploc
YCWPRVEHLTGSKMQDNIAF,0.7413051000220442,0.7481081081081081,binary,resnet,deeploc
DAVGSWECKHRQNYPIMFTL,0.7459448448674698,0.8268456375838926,binary,custom,deeploc
DAVGSWECKHRQNYPIMFTL,0.7586307206777334,0.8266666666666667,binary,resnet,deeploc
PSTHMQRDKNVEWIGFCYLA,0.7509766415251236,0.8386532575426323,binary,custom,deeploc
PSTHMQRDKNVEWIGFCYLA,0.7222982607409639,0.749611197511664,binary,resnet,deeploc
DSMVGFWNEARCQHITLKPY,0.75680719143011,0.8357142857142857,binary,custom,deeploc
DSMVGFWNEARCQHITLKPY,0.7406472621947646,0.8227394807520143,binary,resnet,deeploc
CEITYSRHFWNAMDLVQKGP,0.7533352308082963,0.8354767184035476,binary,custom,deeploc
CEITYSRHFWNAMDLVQKGP,0.7539965566410227,0.7926221335992024,binary,resnet,deeploc
ERAVFWMLSIKNTPYHDGQC,0.7502190467420634,0.8333333333333334,binary,custom,deeploc
ERAVFWMLSIKNTPYHDGQC,0.7084655287397696,0.8253438932888704,binary,resnet,deeploc
IKNYGHWLVCSMQEAPTRFD,0.7508866509845942,0.8328888888888889,binary,custom,deeploc
IKNYGHWLVCSMQEAPTRFD,0.7652607214311425,0.811284046692607,binary,resnet,deeploc
IYVTNAGESLQCRPHDMFKW,0.7406919086644845,0.82358195623046,binary,custom,deeploc
IYVTNAGESLQCRPHDMFKW,0.757161572783512,0.8250460405156538,binary,resnet,deeploc
KFTDPMSQLGIVYENCRAWH,0.7451886452865885,0.8299379982285208,binary,custom,deeploc
KFTDPMSQLGIVYENCRAWH,0.7482134436101135,0.817174515235457,binary,resnet,deeploc
VPRCIYKWGDETLMNAQFSH,0.7379321987549217,0.8237905015534842,binary,custom,deeploc
VPRCIYKWGDETLMNAQFSH,0.7511098833331938,0.8369230769230769,binary,resnet,deeploc
PRHQFEKGDLSAVYWNMICT,0.7566739496220397,0.8374777975133215,binary,custom,deeploc
PRHQFEKGDLSAVYWNMICT,0.7553833876066981,0.8391361833406787,binary,resnet,deeploc
KDTANYLEVRQCSWFHGPIM,0.7569850797079004,0.8347514554411106,binary,custom,deeploc
KDTANYLEVRQCSWFHGPIM,0.7511043025244788,0.8003885381253035,binary,resnet,deeploc
TKQVSGCEDRILPANMFWYH,0.761882239355305,0.8399465002229157,binary,custom,deeploc
TKQVSGCEDRILPANMFWYH,0.766334329507689,0.8453699601240585,binary,resnet,deeploc
IGKMWQTYHSNAEPVCRLFD,0.7494175030903728,0.831330663106364,binary,custom,deeploc
IGKMWQTYHSNAEPVCRLFD,0.7228849432571274,0.8100134108180599,binary,resnet,deeploc
WQGVRKMTSPIEHDLYCAFN,0.7538242491719475,0.8317631224764468,binary,custom,deeploc
WQGVRKMTSPIEHDLYCAFN,0.7259006727664906,0.7201783723522854,binary,resnet,deeploc
ALGPNMWQDTVHEIRFKSYC,0.7542246721972481,0.8306306306306306,binary,custom,deeploc
ALGPNMWQDTVHEIRFKSYC,0.7191032477516317,0.821505376344086,binary,resnet,deeploc
WCQKEPDYTLIAMNVSGRFH,0.7554273364753287,0.835781041388518,binary,custom,deeploc
WCQKEPDYTLIAMNVSGRFH,0.7504841351560254,0.8209366391184573,binary,resnet,deeploc
EFCDLKPAYRHVSMQINGWT,0.7327685554913763,0.8222320247022497,binary,custom,deeploc
EFCDLKPAYRHVSMQINGWT,0.7121411888796805,0.6666666666666666,binary,resnet,deeploc
PGFHYRKEISVDMTNCAQLW,0.7495507448984432,0.8295302013422818,binary,custom,deeploc
PGFHYRKEISVDMTNCAQLW,0.7600112732336044,0.8309794988610478,binary,resnet,deeploc
CYSPDIMAWVLFGTEKNRHQ,0.7653541999771186,0.8402154398563735,binary,custom,deeploc
CYSPDIMAWVLFGTEKNRHQ,0.7721139545331515,0.799184505606524,binary,resnet,deeploc
RDFWIKTGMYPSHEVQANLC,0.7350385494361987,0.8214920071047958,binary,custom,deeploc
RDFWIKTGMYPSHEVQANLC,0.7469242767969507,0.8278945015645954,binary,resnet,deeploc
EPFMQGICWKALHRNVTDSY,0.7345934799411782,0.8218085106382979,binary,custom,deeploc
EPFMQGICWKALHRNVTDSY,0.7502560195998002,0.7810590631364562,binary,resnet,deeploc
TGSNCQVYRDMAFWIKELHP,0.7382886729115916,0.8261253309796999,binary,custom,deeploc
TGSNCQVYRDMAFWIKELHP,0.7524869478836178,0.8194444444444444,binary,resnet,deeploc
SCELWATIFMKNYGPVDRQH,0.7592550736527229,0.8340847610459874,binary,custom,deeploc
SCELWATIFMKNYGPVDRQH,0.7747467010444483,0.8433953699500681,binary,resnet,deeploc
TYKLFAENCQGHPMIRDWSV,0.7490163824639828,0.8281740690892777,binary,custom,deeploc
TYKLFAENCQGHPMIRDWSV,0.7685994402448859,0.8134437408670239,binary,resnet,deeploc
AHTMCLFWNPKDYGESVQRI,0.7640189914920571,0.8410714285714286,binary,custom,deeploc
AHTMCLFWNPKDYGESVQRI,0.7595124884547021,0.7628865979381443,binary,resnet,deeploc
HCYNWGTMDKFLVSPIQRAE,0.7517321435049152,0.8314707197139025,binary,custom,deeploc
HCYNWGTMDKFLVSPIQRAE,0.7627270342745367,0.8343168406718112,binary,resnet,deeploc
DYTCVHLGWNSIRKFQPEMA,0.7551601552580983,0.8351158645276292,binary,custom,deeploc
DYTCVHLGWNSIRKFQPEMA,0.7563153826621015,0.8220574606116775,binary,resnet,deeploc
TRGMIWCQELVPFNHSDKYA,0.7384665611893819,0.8251438689685702,binary,custom,deeploc
TRGMIWCQELVPFNHSDKYA,0.7482559972765654,0.8038277511961722,binary,resnet,deeploc
QHAVKIYNCMRLSDWFEPTG,0.7413595129070154,0.8231079265562025,binary,custom,deeploc
QHAVKIYNCMRLSDWFEPTG,0.7402377703553022,0.7568710359408034,binary,resnet,deeploc
NMSPFWHVALIYDGRCTKEQ,0.7505748232976441,0.8314005352363961,binary,custom,deeploc
NMSPFWHVALIYDGRCTKEQ,0.7779493876457637,0.8298479087452472,binary,resnet,deeploc
WMQRPNKGCVHIFELDSTYA,0.7537349562325075,0.8301036502929248,binary,custom,deeploc
WMQRPNKGCVHIFELDSTYA,0.7639220249406342,0.7863424728401448,binary,resnet,deeploc
YQAGEVKPWSCMFIRDHNLT,0.7369088179568101,0.8262208534975803,binary,custom,deeploc
YQAGEVKPWSCMFIRDHNLT,0.734760904202628,0.7407809110629068,binary,resnet,deeploc
IHSAYTKPWLVNREFCQDMG,0.7544479045458478,0.8347438752783964,binary,custom,deeploc
IHSAYTKPWLVNREFCQDMG,0.7356063967229491,0.738394320043692,binary,resnet,deeploc
SPLAMKDHQRWFNTCGEVYI,0.7457237053221382,0.8354430379746836,binary,custom,deeploc
SPLAMKDHQRWFNTCGEVYI,0.7318351652337941,0.8304647160068847,binary,resnet,deeploc
SYGMVWLPRDNQATHIECFK,0.7473693462919713,0.8275862068965517,binary,custom,deeploc
SYGMVWLPRDNQATHIECFK,0.7137903178549604,0.6913294797687861,binary,resnet,deeploc
HFAIKDLRCMSTNYGQEWPV,0.7471914580141809,0.8285714285714286,binary,custom,deeploc
HFAIKDLRCMSTNYGQEWPV,0.7722067354780381,0.8258186995728524,binary,resnet,deeploc
YGENKAVSMRIPFTHWQLDC,0.7560956383189488,0.8395061728395061,binary,custom,deeploc
YGENKAVSMRIPFTHWQLDC,0.7056862859997042,0.6614363307181653,binary,resnet,deeploc
VRQWNYCHAGIFMKSLTEDP,0.7566732520209503,0.8332584269662922,binary,custom,deeploc
VRQWNYCHAGIFMKSLTEDP,0.7608993194203773,0.8167141500474834,binary,resnet,deeploc
YTWSDVKCIAHFNPLQGMRE,0.7548929740408682,0.8344489067380634,binary,custom,deeploc
YTWSDVKCIAHFNPLQGMRE,0.7608965290160197,0.7967967967967968,binary,resnet,deeploc
FMNQITSARWVDELHCGYPK,0.752399747747446,0.8310174809502465,binary,custom,deeploc
FMNQITSARWVDELHCGYPK,0.7632132622338302,0.8119864668922184,binary,resnet,deeploc
EVWCTFPDAYKGRLQHNMIS,0.742116410088986,0.8243182834152883,binary,custom,deeploc
EVWCTFPDAYKGRLQHNMIS,0.76071794313714,0.7927199191102123,binary,resnet,deeploc
CGDKAQHMRSEIVYFWLTNP,0.758721408819352,0.8369807949977669,binary,custom,deeploc
CGDKAQHMRSEIVYFWLTNP,0.7638334296022836,0.7897435897435897,binary,resnet,deeploc
KAVTLGMWYENFPQHCSDIR,0.7379328963560109,0.8280701754385965,binary,custom,deeploc
KAVTLGMWYENFPQHCSDIR,0.748525968898153,0.8232621535665606,binary,resnet,deeploc
TKRYQPCEMADNVSHFGLIW,0.7355729118706591,0.8228520814880426,binary,custom,deeploc
TKRYQPCEMADNVSHFGLIW,0.7446075435791399,0.814404432132964,binary,resnet,deeploc
FASCHDTLVEGPRNYQIWKM,0.7554719829450486,0.8365896980461812,binary,custom,deeploc
FASCHDTLVEGPRNYQIWKM,0.738289370512681,0.8303532490187527,binary,resnet,deeploc
YSQWHAKRETVFICLDGMPN,0.7595222548699532,0.834759117514633,binary,custom,deeploc
YSQWHAKRETVFICLDGMPN,0.7109134109623825,0.8237273874631889,binary,resnet,deeploc
QPGMSWEHCIKNDTVALRYF,0.7389555795530329,0.8213166144200627,binary,custom,deeploc
QPGMSWEHCIKNDTVALRYF,0.7576457079395376,0.7858967807869187,binary,resnet,deeploc
HMWRPFGDAITYSELKQCVN,0.7476372251102906,0.8325231992929739,binary,custom,deeploc
HMWRPFGDAITYSELKQCVN,0.7414502010486339,0.8332607749238137,binary,resnet,deeploc
ASVKTMGDFEHLQCYRWPIN,0.7457223101199594,0.8270004470272687,binary,custom,deeploc
ASVKTMGDFEHLQCYRWPIN,0.7295623808846139,0.813984760197221,binary,resnet,deeploc
VANRGYQPMFKLDICWHEST,0.7475925786405708,0.8317094774136404,binary,custom,deeploc
VANRGYQPMFKLDICWHEST,0.6777947992443585,0.8141233766233766,binary,resnet,deeploc
CIEFNDHWSKPMTVYLGAQR,0.7510205903937539,0.8353200883002208,binary,custom,deeploc
CIEFNDHWSKPMTVYLGAQR,0.7803965722672873,0.8233576642335766,binary,resnet,deeploc
SQPHVDAKTFRMIWEGLYCN,0.7509305998532247,0.829443447037702,binary,custom,deeploc
SQPHVDAKTFRMIWEGLYCN,0.703256541405415,0.8189836203275934,binary,resnet,deeploc
LDWAPKMFINVECYTSQGHR,0.746034835407999,0.8327464788732394,binary,custom,deeploc
LDWAPKMFINVECYTSQGHR,0.7447805486493049,0.7776649746192893,binary,resnet,deeploc
ERTVDIWKGQCYALPMSHFN,0.7357054560776402,0.8165840468679585,binary,custom,deeploc
ERTVDIWKGQCYALPMSHFN,0.748169494741483,0.8208409506398537,binary,resnet,deeploc
NPAEFDRGWVTSKQCIYMLH,0.7420717636192661,0.8234767025089605,binary,custom,deeploc
NPAEFDRGWVTSKQCIYMLH,0.7216704197605276,0.7047401484865791,binary,resnet,deeploc
EVQRICNMAPFDWTKSGHLY,0.7420724612203554,0.8277999114652501,binary,custom,deeploc
EVQRICNMAPFDWTKSGHLY,0.7424268425737574,0.8169785486079416,binary,resnet,deeploc
VNYRMSQFPKDEWHGLTCIA,0.7458123006604888,0.8328935795954265,binary,custom,deeploc
VNYRMSQFPKDEWHGLTCIA,0.6849138183614187,0.7960327727468737,binary,resnet,deeploc
IDGPTKSVCAWNFEMYRQLH,0.7263143502124894,0.8224543080939948,binary,custom,deeploc
IDGPTKSVCAWNFEMYRQLH,0.755379202000162,0.8125296630280019,binary,resnet,deeploc
PTLRMYKSWVAFQNDHEGCI,0.7558277595006291,0.8346738159070599,binary,custom,deeploc
PTLRMYKSWVAFQNDHEGCI,0.7230656219392753,0.8263473053892215,binary,resnet,deeploc
EHSFLWPNVYIQDMTACGRK,0.7420264195484568,0.8181818181818182,binary,custom,deeploc
EHSFLWPNVYIQDMTACGRK,0.7308410836814363,0.7145299145299145,binary,resnet,deeploc
TQNEFVIARKGDHCPWYLSM,0.7579645116373812,0.8357941834451902,binary,custom,deeploc
TQNEFVIARKGDHCPWYLSM,0.76325790870355,0.8129218900675024,binary,resnet,deeploc
PQISNHYWTGDMRCKLFVEA,0.7539135421113874,0.833407771326485,binary,custom,deeploc
PQISNHYWTGDMRCKLFVEA,0.755245262591002,0.8097514340344169,binary,resnet,deeploc
WGCYDLHEAMVITPFKNSRQ,0.7524443942171661,0.8318425760286225,binary,custom,deeploc
WGCYDLHEAMVITPFKNSRQ,0.7503432197359718,0.7659799260433174,binary,resnet,deeploc
MAVINCQFDHPTYWKLSREG,0.7495060984287233,0.8286995515695067,binary,custom,deeploc
MAVINCQFDHPTYWKLSREG,0.7470561234028423,0.8171349608475357,binary,resnet,deeploc
YDVWQINHAFCMETSPLGKR,0.7479476575950621,0.8254397834912043,binary,custom,deeploc
YDVWQINHAFCMETSPLGKR,0.6923948924438641,0.8148148148148148,binary,resnet,deeploc
WSYALDQHGVTCPNIMFEKR,0.7569857773089896,0.8389380530973451,binary,custom,deeploc
WSYALDQHGVTCPNIMFEKR,0.697336000959899,0.8163948138854036,binary,resnet,deeploc
TSADVCGRNILEMHYFQPKW,0.7479037087264315,0.8289414917373827,binary,custom,deeploc
TSADVCGRNILEMHYFQPKW,0.7548894860354214,0.811965811965812,binary,resnet,deeploc
PSQWAKYFVINCRGHETDML,0.7543586116064078,0.8331096196868009,binary,custom,deeploc
PSQWAKYFVINCRGHETDML,0.762369164915688,0.8230337078651685,binary,resnet,deeploc
YNEWGAPTVICHDQMKFRLS,0.749729330777323,0.8328159645232815,binary,custom,deeploc
YNEWGAPTVICHDQMKFRLS,0.727856746221095,0.693491124260355,binary,resnet,deeploc
CYTAINQDELRHWPMVSFGK,0.7528448172424665,0.8307139649753031,binary,custom,deeploc
CYTAINQDELRHWPMVSFGK,0.6690001423106223,0.5683930942895087,binary,resnet,deeploc
TQLCRWYIPDEFMGVNHSKA,0.7503969350198537,0.8323699421965318,binary,custom,deeploc
TQLCRWYIPDEFMGVNHSKA,0.7513233492665423,0.7731529656607701,binary,resnet,deeploc
PQVSIRNMDWHTFEKGYACL,0.7395792349269333,0.8243663850600267,binary,custom,deeploc
PQVSIRNMDWHTFEKGYACL,0.7598285017481884,0.7988077496274217,binary,resnet,deeploc
QVTCSLGFEYKAIHMPRDNW,0.7451433012157792,0.8247978436657682,binary,custom,deeploc
QVTCSLGFEYKAIHMPRDNW,0.7348955412128771,0.750795334040297,binary,resnet,deeploc
FRYKEGTQHVDLPNMCIWAS,0.7512863764088052,0.8274616079494128,binary,custom,deeploc
FRYKEGTQHVDLPNMCIWAS,0.7247140533134656,0.8350083752093802,binary,resnet,deeploc
CKESTMRAQLFIPGHNVYDW,0.7576087350818006,0.8377056469542019,binary,custom,deeploc
CKESTMRAQLFIPGHNVYDW,0.772475311897447,0.8354898336414048,binary,resnet,deeploc
WVKSIEFHLGDNTQMYPACR,0.7403807785786238,0.8263950398582817,binary,custom,deeploc
WVKSIEFHLGDNTQMYPACR,0.7450037809979044,0.7829573934837093,binary,resnet,deeploc
WIRVYEQMKHFATGLNCSPD,0.7473253974233405,0.8310421286031042,binary,custom,deeploc
WIRVYEQMKHFATGLNCSPD,0.7710501128718563,0.8302945301542777,binary,resnet,deeploc
KGQHTLFCAWNMEVSYIPRD,0.749684684307603,0.832,binary,custom,deeploc
KGQHTLFCAWNMEVSYIPRD,0.7685129377098034,0.8303114830311483,binary,resnet,deeploc
TLEPNHWDRQYVKGISFMCA,0.7589878924354927,0.8334085778781039,binary,custom,deeploc
TLEPNHWDRQYVKGISFMCA,0.638799595949449,0.7995273729814888,binary,resnet,deeploc
SPFAQDMLCNRIHGYTEKWV,0.7505308744290136,0.8348056537102474,binary,custom,deeploc
SPFAQDMLCNRIHGYTEKWV,0.7494133174838365,0.8038369304556355,binary,resnet,deeploc
DYSKCQNEMVTRLWIHPAFG,0.7613039280522141,0.8419654714475432,binary,custom,deeploc
DYSKCQNEMVTRLWIHPAFG,0.7500397632620943,0.82571299230421,binary,resnet,deeploc
DRHQMEWGCNYFLVAIKPST,0.7543146627377773,0.8365086397873283,binary,custom,deeploc
DRHQMEWGCNYFLVAIKPST,0.711828663591641,0.6551297898640297,binary,resnet,deeploc
EDNYTIFMCQHPRASVLGWK,0.7522218594696557,0.8319928507596068,binary,custom,deeploc
EDNYTIFMCQHPRASVLGWK,0.714992982133041,0.7000569151963574,binary,resnet,deeploc
MPHEAQRTYVWKLCNGDFIS,0.7503522885501338,0.8315508021390374,binary,custom,deeploc
MPHEAQRTYVWKLCNGDFIS,0.7460320450036415,0.8151571164510166,binary,resnet,deeploc
HWQFVSNDRCKMGYETIALP,0.7377536128760418,0.8204209583519928,binary,custom,deeploc
HWQFVSNDRCKMGYETIALP,0.7149155484121203,0.7987307343608341,binary,resnet,deeploc
VGPWFEATLHNYMIQSDKRC,0.7442971110943688,0.8218806509945751,binary,custom,deeploc
VGPWFEATLHNYMIQSDKRC,0.757289931383957,0.7884322678843226,binary,resnet,deeploc
LCRTKYHWIAPFDMEVNGSQ,0.7405593644575036,0.8296751536435469,binary,custom,deeploc
LCRTKYHWIAPFDMEVNGSQ,0.7126497400738341,0.8258497691984893,binary,resnet,deeploc
LHEACKWFGVQIPDTMRYSN,0.7496407354389726,0.835387323943662,binary,custom,deeploc
LHEACKWFGVQIPDTMRYSN,0.7063545878433244,0.6686531585220501,binary,resnet,deeploc
NAFQHIGRTCYMSPEVWKLD,0.7432297814276265,0.8278615794143744,binary,custom,deeploc
NAFQHIGRTCYMSPEVWKLD,0.7449584369270952,0.7763627101375445,binary,resnet,deeploc
PQTYAKHMWLENGVCIDRFS,0.7422949959678657,0.8276473194505981,binary,custom,deeploc
PQTYAKHMWLENGVCIDRFS,0.7266240850961713,0.8107865168539325,binary,resnet,deeploc
VFDTISMLCGNEARYWQKHP,0.7536917049649664,0.8377425044091711,binary,custom,deeploc
VFDTISMLCGNEARYWQKHP,0.7359719396937809,0.8127562642369021,binary,resnet,deeploc
YQVHFLPRNITKDAEWMGCS,0.7487938477164726,0.8283281039892425,binary,custom,deeploc
YQVHFLPRNITKDAEWMGCS,0.7599596507529907,0.7802083333333333,binary,resnet,deeploc
NCKSIARWVEYHDQFLGTMP,0.7432730326951678,0.8199546485260771,binary,custom,deeploc
NCKSIARWVEYHDQFLGTMP,0.7688708070686523,0.8412984670874661,binary,resnet,deeploc
KTLREVICSADPYGWMFNQH,0.7419831682809155,0.8261449533125834,binary,custom,deeploc
KTLREVICSADPYGWMFNQH,0.7739430645894898,0.8282063416942735,binary,resnet,deeploc
GFRALEDPWYKNCIMSTVHQ,0.7457230077210488,0.8312720848056537,binary,custom,deeploc
GFRALEDPWYKNCIMSTVHQ,0.7007437822814904,0.6427244582043343,binary,resnet,deeploc
EVCMPNQGTRHLWIYSKFDA,0.7508420045148743,0.8320712694877506,binary,custom,deeploc
EVCMPNQGTRHLWIYSKFDA,0.7654839537797422,0.8159538683325325,binary,resnet,deeploc
VSKCIPHDFMQLNWGTRAYE,0.7464345608322103,0.8273703041144902,binary,custom,deeploc
VSKCIPHDFMQLNWGTRAYE,0.7541277056458252,0.7736539466806064,binary,resnet,deeploc
PLDYEKINMCQGARVSWFTH,0.7506187721662746,0.8279279279279279,binary,custom,deeploc
PLDYEKINMCQGARVSWFTH,0.7453183990892119,0.8053055423969683,binary,resnet,deeploc
SYNFHLCDVIKEGAMWRQTP,0.754715085763078,0.8354092526690391,binary,custom,deeploc
SYNFHLCDVIKEGAMWRQTP,0.7527101802322175,0.8237986270022883,binary,resnet,deeploc
AHTYFVLPQKWEDRGSICNM,0.7566732520209503,0.8332584269662922,binary,custom,deeploc
AHTYFVLPQKWEDRGSICNM,0.7706008577702995,0.8016153457849571,binary,resnet,deeploc
WRAPEFKDQTSHINGLYMCV,0.7511991762726337,0.838512035010941,binary,custom,deeploc
WRAPEFKDQTSHINGLYMCV,0.7275156192883911,0.8190224570673712,binary,resnet,deeploc
CVGSETWRHMKYPDLQNFIA,0.7448768175996383,0.8284444444444444,binary,custom,deeploc
CVGSETWRHMKYPDLQNFIA,0.7057937165674679,0.818910932883073,binary,resnet,deeploc
HGSKPWRAQVNYMTDICLFE,0.7544039556772172,0.8381120423467138,binary,custom,deeploc
HGSKPWRAQVNYMTDICLFE,0.7278595366254524,0.7230255839822024,binary,resnet,deeploc
RAQENLTIVYDKMHSGPFCW,0.7541360768588977,0.8332588287885561,binary,custom,deeploc
RAQENLTIVYDKMHSGPFCW,0.7675795474522213,0.8387681159420289,binary,resnet,deeploc
GRKADNYIHWPCQLFETSVM,0.7470582162061103,0.8303730017761989,binary,custom,deeploc
GRKADNYIHWPCQLFETSVM,0.7559582109043423,0.8149197355996223,binary,resnet,deeploc
SEMACKNIWHVQGTRYDFPL,0.74545443130164,0.8219302220208428,binary,custom,deeploc
SEMACKNIWHVQGTRYDFPL,0.7378380226078561,0.7887049659201558,binary,resnet,deeploc
NSTMHDYEKGWQRIPFLVCA,0.7677141844624705,0.8453333333333334,binary,custom,deeploc
NSTMHDYEKGWQRIPFLVCA,0.7548406539591652,0.779783393501805,binary,resnet,deeploc
YTLCHWRAKPGSENMIQDFV,0.7440313250793172,0.8298718515245249,binary,custom,deeploc
YTLCHWRAKPGSENMIQDFV,0.6964012155001381,0.8162071846282373,binary,resnet,deeploc
NHYVEQIWLGPFMRTASCKD,0.7479044063275209,0.8331862312444837,binary,custom,deeploc
NHYVEQIWLGPFMRTASCKD,0.7664194368405925,0.8209026128266034,binary,resnet,deeploc
HDVPQRLWFMAKSGTNEYIC,0.7394459931188628,0.8261831048208758,binary,custom,deeploc
HDVPQRLWFMAKSGTNEYIC,0.734904610027039,0.8189539561913277,binary,resnet,deeploc
SYVWPDAHLMFGRIEQNTKC,0.750664116237084,0.8330373001776199,binary,custom,deeploc
SYVWPDAHLMFGRIEQNTKC,0.7237241573676442,0.762241292276628,binary,resnet,deeploc
KSQMYPRDICGVETWNLHAF,0.7531566449294168,0.8322147651006712,binary,custom,deeploc
KSQMYPRDICGVETWNLHAF,0.7408160816583931,0.753731343283582,binary,resnet,deeploc
PRTLEVFINQGSHKWMYCDA,0.7410490804222439,0.8301886792452831,binary,custom,deeploc
PRTLEVFINQGSHKWMYCDA,0.7540405055096534,0.7883064516129032,binary,resnet,deeploc
FHCEVGNRSQWPDAYTLIMK,0.760723523945855,0.8313582497721057,binary,custom,deeploc
FHCEVGNRSQWPDAYTLIMK,0.7425510155676661,0.7439824945295405,binary,resnet,deeploc
PCVGNFESWHYTDIARMLQK,0.7518653853129857,0.8296629213483147,binary,custom,deeploc
PCVGNFESWHYTDIARMLQK,0.7235999843737356,0.8276450511945392,binary,resnet,deeploc
HGRQKSFACVNPWMTIDYEL,0.7633953361181569,0.8381294964028777,binary,custom,deeploc
HGRQKSFACVNPWMTIDYEL,0.7258706759196475,0.8310696095076401,binary,resnet,deeploc
YPGIMTRHLCEWNQDVKSFA,0.7479483551961514,0.8297682709447415,binary,custom,deeploc
YPGIMTRHLCEWNQDVKSFA,0.7473686486908817,0.8232094288304623,binary,resnet,deeploc
VIYTACPSHLGKQFDWNERM,0.7444317481046179,0.8287488908606921,binary,custom,deeploc
VIYTACPSHLGKQFDWNERM,0.7658871672094002,0.8330275229357799,binary,resnet,deeploc
PNWIQFAHVCSKGYLDTMRE,0.7429626002103965,0.8271879164815638,binary,custom,deeploc
PNWIQFAHVCSKGYLDTMRE,0.7643273311735604,0.8206341694273545,binary,resnet,deeploc
KPLETGIYWRAFQNDHMVSC,0.7541807233286175,0.8340767172167708,binary,custom,deeploc
KPLETGIYWRAFQNDHMVSC,0.7476762907712957,0.7962962962962963,binary,resnet,deeploc
VLFWPIAHNSTEKCRYGMDQ,0.7591218318446527,0.8358744394618834,binary,custom,deeploc
VLFWPIAHNSTEKCRYGMDQ,0.74349347463941,0.8058435438265787,binary,resnet,deeploc
ANYHIQDSCPERGFTMWVKL,0.7442092133571075,0.8289007092198581,binary,custom,deeploc
ANYHIQDSCPERGFTMWVKL,0.7603175201118394,0.7941620533467539,binary,resnet,deeploc
DYVSFMPWRCHIQTENGKLA,0.7484373735598027,0.8259693417493237,binary,custom,deeploc
DYVSFMPWRCHIQTENGKLA,0.7490959089881715,0.7576571735626008,binary,resnet,deeploc
KCNQSYAVLGIMWDEFRPTH,0.7529355053840853,0.8406809253601047,binary,custom,deeploc
KCNQSYAVLGIMWDEFRPTH,0.7805772509494351,0.8404452690166976,binary,resnet,deeploc
VHGRISQNMFDYCLAEKWTP,0.7548929740408682,0.8344489067380634,binary,custom,deeploc
VHGRISQNMFDYCLAEKWTP,0.748615261837593,0.824966078697422,binary,resnet,deeploc
ACKDTHPEFIGMVYQNRWSL,0.7451000499482381,0.8325274725274725,binary,custom,deeploc
ACKDTHPEFIGMVYQNRWSL,0.7638383128099093,0.8246844319775596,binary,resnet,deeploc
FECRIHWAQLDVGNKMTSYP,0.7264468944194703,0.816290393979637,binary,custom,deeploc
FECRIHWAQLDVGNKMTSYP,0.7475890906351239,0.8092322185586435,binary,resnet,deeploc
IFWQAYHDNSMTRGKLVPCE,0.7582763393243315,0.8372715113687026,binary,custom,deeploc
IFWQAYHDNSMTRGKLVPCE,0.7448768175996383,0.8284444444444444,binary,resnet,deeploc
DTNKMAHYRFEIQLSVGPCW,0.7373085433810214,0.8207420652659813,binary,custom,deeploc
DTNKMAHYRFEIQLSVGPCW,0.7564904805355345,0.801762114537445,binary,resnet,deeploc
QDTIEHVMRSNGFKCAYPWL,0.7336586944814173,0.8216024789729969,binary,custom,deeploc
QDTIEHVMRSNGFKCAYPWL,0.7470142673374799,0.8337730870712401,binary,resnet,deeploc
YSTQRHVLFEIMKGCNDWPA,0.7602784544508343,0.8316651501364877,binary,custom,deeploc
YSTQRHVLFEIMKGCNDWPA,0.7480718305889706,0.7551240560949298,binary,resnet,deeploc
RHYDSVPGENFWQICLAMTK,0.7483487782214521,0.8286353467561521,binary,custom,deeploc
RHYDSVPGENFWQICLAMTK,0.7876997580719421,0.8443616029822927,binary,resnet,deeploc
ANTLYHDGQRPWIMCEVFKS,0.7411816246292249,0.8241071428571428,binary,custom,deeploc
ANTLYHDGQRPWIMCEVFKS,0.7630311883495037,0.7816091954022989,binary,resnet,deeploc
LANCGKFDVMISWHRTEQYP,0.7474586392314111,0.8292465448060633,binary,custom,deeploc
LANCGKFDVMISWHRTEQYP,0.7581884415870704,0.8439003060778312,binary,resnet,deeploc
PAVTGIHCFRSEQMLNKYWD,0.756630000753409,0.8408091468777484,binary,custom,deeploc
PAVTGIHCFRSEQMLNKYWD,0.7541793281264388,0.8254113345521024,binary,resnet,deeploc
ELRNIYSKQTACWGMDFVPH,0.7406919086644845,0.82358195623046,binary,custom,deeploc
ELRNIYSKQTACWGMDFVPH,0.666398787848347,0.8088709677419355,binary,resnet,deeploc
YWCVSQRKPDGHNMTFALIE,0.7626391365372757,0.8411214953271028,binary,custom,deeploc
YWCVSQRKPDGHNMTFALIE,0.7448642607800297,0.7301587301587301,binary,resnet,deeploc
WAITEPNLQHVRMGSYCKDF,0.744788222261288,0.8310542567269519,binary,custom,deeploc
WAITEPNLQHVRMGSYCKDF,0.7403333417045463,0.8074592074592074,binary,resnet,deeploc
KDVHMPTNQCAIREWFLYGS,0.7586321158799121,0.835352175863616,binary,custom,deeploc
KDVHMPTNQCAIREWFLYGS,0.7426389133049269,0.7331838565022422,binary,resnet,deeploc
PNYEHQKTGASCLDWMFVRI,0.7518221340454445,0.8372911169744943,binary,custom,deeploc
PNYEHQKTGASCLDWMFVRI,0.7479930016658713,0.8305913739439751,binary,resnet,deeploc
QLNRTMKPYGIHWESACVDF,0.7429619026093072,0.822841726618705,binary,custom,deeploc
QLNRTMKPYGIHWESACVDF,0.7511029073223001,0.7900249376558603,binary,resnet,deeploc
HPINTLCQSKVAWRFMDEGY,0.7376657151387808,0.8274044795783926,binary,custom,deeploc
HPINTLCQSKVAWRFMDEGY,0.7530610735801725,0.7870837537840565,binary,resnet,deeploc
RKLSPQGIMCHADVETFNWY,0.7473246998222512,0.8267504488330341,binary,custom,deeploc
RKLSPQGIMCHADVETFNWY,0.7280060328542208,0.823836450630709,binary,resnet,deeploc
MALKRNGSDQTECIHFYPWV,0.7538249467730369,0.8359929078014184,binary,custom,deeploc
MALKRNGSDQTECIHFYPWV,0.7636143828602202,0.8155246765692381,binary,resnet,deeploc
MVFHRCENKAWPQSYDGILT,0.739312053709703,0.8236865538735529,binary,custom,deeploc
MVFHRCENKAWPQSYDGILT,0.7659750649466615,0.8258426966292135,binary,resnet,deeploc
GDRHPVAWICYQEFKNMLST,0.7584542276021218,0.8363148479427549,binary,custom,deeploc
GDRHPVAWICYQEFKNMLST,0.7548887884343319,0.8071188071188071,binary,resnet,deeploc
NEICVWFAMRHTGDLPSYKQ,0.7554719829450486,0.8365896980461812,binary,custom,deeploc
NEICVWFAMRHTGDLPSYKQ,0.7632097742283835,0.7859358841778697,binary,resnet,deeploc
GNSIRQPCKHWEMYTLDFAV,0.753157342530506,0.8364279398762158,binary,custom,deeploc
GNSIRQPCKHWEMYTLDFAV,0.7507073675046252,0.8252383113935542,binary,resnet,deeploc
GFQSLWTMCPVIHNDAREKY,0.7458116030593993,0.8286604361370716,binary,custom,deeploc
GFQSLWTMCPVIHNDAREKY,0.7402370727542129,0.7506702412868632,binary,resnet,deeploc
LYKENQFPWIGHATVCDRSM,0.7507087627068039,0.8338502436863092,binary,custom,deeploc
LYKENQFPWIGHATVCDRSM,0.7610765100970782,0.8108108108108109,binary,resnet,deeploc
PWNCIYETDVRGAQSFLHKM,0.7432290838265373,0.8235294117647058,binary,custom,deeploc
PWNCIYETDVRGAQSFLHKM,0.7332938491116747,0.7575442247658689,binary,resnet,deeploc
LSEWQKFPGICTARVHNMYD,0.7430958420184669,0.825368468066101,binary,custom,deeploc
LSEWQKFPGICTARVHNMYD,0.7481262434739417,0.8287885561019223,binary,resnet,deeploc
WYLRTMVQIKGSCFPNEAHD,0.7460787842766295,0.8293333333333334,binary,custom,deeploc
WYLRTMVQIKGSCFPNEAHD,0.7699332535277688,0.8022143935581278,binary,resnet,deeploc
CWKRMSTDGLAYQIFPHVEN,0.7481269410750311,0.8330388692579506,binary,custom,deeploc
CWKRMSTDGLAYQIFPHVEN,0.7811534694492579,0.8246721709567751,binary,resnet,deeploc
RMAFYKQTLSDNEWVGIHPC,0.7475032857011308,0.8300711743772242,binary,custom,deeploc
RMAFYKQTLSDNEWVGIHPC,0.772868758911854,0.7840848806366048,binary,resnet,deeploc
FNIWGKPMCALHYTQSRVED,0.7504415814895736,0.8331854480922803,binary,custom,deeploc
FNIWGKPMCALHYTQSRVED,0.7502609028074259,0.8165350673478867,binary,resnet,deeploc
THGSWNYREPMKLFCVDIQA,0.7440759715490373,0.8306878306878307,binary,custom,deeploc
THGSWNYREPMKLFCVDIQA,0.7487059499792116,0.8351648351648352,binary,resnet,deeploc
FYNSCIHADVEQPWGMTLRK,0.7459894913371896,0.8276785714285714,binary,custom,deeploc
FYNSCIHADVEQPWGMTLRK,0.7320444455606062,0.7296849087893864,binary,resnet,deeploc
CGAMDQYNIFKPETSVWHRL,0.7455004729735386,0.8314210061782877,binary,custom,deeploc
CGAMDQYNIFKPETSVWHRL,0.7698481461948652,0.8293595137914913,binary,resnet,deeploc
CPQTWLKDGMVAEYRINSHF,0.7521779106010251,0.8353982300884956,binary,custom,deeploc
CPQTWLKDGMVAEYRINSHF,0.7584033027225975,0.7927565392354124,binary,resnet,deeploc
QRTSMCFILGPVYNHWKEDA,0.7593443665921629,0.8357271095152603,binary,custom,deeploc
QRTSMCFILGPVYNHWKEDA,0.7617427191374302,0.8001988071570576,binary,resnet,deeploc
SDCVTEWAGNHFMILYRQPK,0.75689648436955,0.8373333333333334,binary,custom,deeploc
SDCVTEWAGNHFMILYRQPK,0.7576938424147043,0.8125894134477826,binary,resnet,deeploc
NEKQMTLVGRAFDIPYWSHC,0.7481262434739417,0.8287885561019223,binary,custom,deeploc
NEKQMTLVGRAFDIPYWSHC,0.745633714781609,0.8296362023070097,binary,resnet,deeploc
HIKTFYLDPAGMCVNEWSRQ,0.7492842612823023,0.83311199645861,binary,custom,deeploc
HIKTFYLDPAGMCVNEWSRQ,0.7533777844747482,0.8233134465351079,binary,resnet,deeploc
CMEDAKVQGNHIYSLTWFPR,0.7488838382570019,0.8342151675485009,binary,custom,deeploc
CMEDAKVQGNHIYSLTWFPR,0.7547946122872666,0.7670212765957447,binary,resnet,deeploc
VYQTRNHIEAFKMLSDGPCW,0.7450100594077087,0.8266309204647007,binary,custom,deeploc
VYQTRNHIEAFKMLSDGPCW,0.7473219094178939,0.8084905660377358,binary,resnet,deeploc
HNTQYKVCPWRMGEIAFDSL,0.7430958420184669,0.825368468066101,binary,custom,deeploc
HNTQYKVCPWRMGEIAFDSL,0.6828475239346934,0.6200873362445415,binary,resnet,deeploc
ITWCLYPVDQKFNEGHMASR,0.7390895189621929,0.8238434163701067,binary,custom,deeploc
ITWCLYPVDQKFNEGHMASR,0.7308864277522455,0.7229994404029099,binary,resnet,deeploc
NEYFMLWRPKSVHQTICDAG,0.7464352584332996,0.831639416703491,binary,custom,deeploc
NEYFMLWRPKSVHQTICDAG,0.7752343242059208,0.8308996702779087,binary,resnet,deeploc
GTAFLNCPISWKEVHMYDQR,0.7474586392314111,0.8292465448060633,binary,custom,deeploc
GTAFLNCPISWKEVHMYDQR,0.7761691096656815,0.8311320754716981,binary,resnet,deeploc
IWARPCTGESDFHLQMNYVK,0.7427854095336957,0.8323851203501094,binary,custom,deeploc
IWARPCTGESDFHLQMNYVK,0.7649077352799193,0.8319559228650137,binary,resnet,deeploc
MTGFIADWYLSHCERNPKVQ,0.7406465645936753,0.818305391934753,binary,custom,deeploc
MTGFIADWYLSHCERNPKVQ,0.7239404137053499,0.7027649769585254,binary,resnet,deeploc
WDKHALNFMRYEVGICPTQS,0.7498179261156734,0.8302055406613047,binary,custom,deeploc
WDKHALNFMRYEVGICPTQS,0.7184809875799102,0.8269149386373255,binary,resnet,deeploc
PEAHVCIKTNFMSQGWDYLR,0.7476811739789213,0.8290941543953592,binary,custom,deeploc
PEAHVCIKTNFMSQGWDYLR,0.7212839487570144,0.8191304347826087,binary,resnet,deeploc
CNFLMWHQETPVGSARDYKI,0.7374424827901811,0.8232682060390764,binary,custom,deeploc
CNFLMWHQETPVGSARDYKI,0.7118021547502449,0.8146868250539957,binary,resnet,deeploc
FHSPTARKWLMYQGCINVDE,0.7496853819086924,0.8361879666227492,binary,custom,deeploc
FHSPTARKWLMYQGCINVDE,0.6625703530698633,0.806607574536664,binary,resnet,deeploc
RNWCFAEMYKDGIQHTSVLP,0.7387337424066123,0.8258178603006189,binary,custom,deeploc
RNWCFAEMYKDGIQHTSVLP,0.7257220868876109,0.7147688838782412,binary,resnet,deeploc
TWAVECDPHQIYLKFNRMGS,0.750975943924034,0.8345132743362832,binary,custom,deeploc
TWAVECDPHQIYLKFNRMGS,0.7645917219864329,0.8017928286852589,binary,resnet,deeploc
YPLQEMNDRTFKSAVCWIHG,0.7432290838265373,0.8235294117647058,binary,custom,deeploc
YPLQEMNDRTFKSAVCWIHG,0.7298658373584915,0.7530026109660575,binary,resnet,deeploc
CGYNQLWPHMFAKVRDSEIT,0.7462120260846998,0.8275245755138516,binary,custom,deeploc
CGYNQLWPHMFAKVRDSEIT,0.7489696431909948,0.8138124125058329,binary,resnet,deeploc
LNGPTICVRAHKQSEDFYWM,0.752222557070745,0.8362030905077262,binary,custom,deeploc
LNGPTICVRAHKQSEDFYWM,0.777104592726532,0.835820895522388,binary,resnet,deeploc
SIGCQPRFAVWKHYTDMENL,0.7422064006295152,0.830255057167986,binary,custom,deeploc
SIGCQPRFAVWKHYTDMENL,0.7472786581503527,0.8169663439372983,binary,resnet,deeploc
QEKPYLFACDMSIVRHWTGN,0.760947453895544,0.8397150489759573,binary,custom,deeploc
QEKPYLFACDMSIVRHWTGN,0.7591197390413844,0.8227082363890181,binary,resnet,deeploc
LRYVWNFHCGMKTSADQPIE,0.7371759991740403,0.8268892794376098,binary,custom,deeploc
LRYVWNFHCGMKTSADQPIE,0.7273837726824994,0.8292682926829268,binary,resnet,deeploc
LQMTRSKAIVGDCNWYFPEH,0.7509305998532247,0.829443447037702,binary,custom,deeploc
LQMTRSKAIVGDCNWYFPEH,0.7290308088545111,0.8298328332618946,binary,resnet,deeploc
KTFWNHPVCDSYMEAIRLGQ,0.7436748509226473,0.8275555555555556,binary,custom,deeploc
KTFWNHPVCDSYMEAIRLGQ,0.7393113561086136,0.8192879675529517,binary,resnet,deeploc
PLKQIDMGWESNFTRHAVYC,0.7515542552271249,0.8324420677361853,binary,custom,deeploc
PLKQIDMGWESNFTRHAVYC,0.7338344899559396,0.8070013818516812,binary,resnet,deeploc
GHFQRWETVYLIADNMCPKS,0.7571629679856908,0.8337825696316262,binary,custom,deeploc
GHFQRWETVYLIADNMCPKS,0.7750989895945821,0.818889970788705,binary,resnet,deeploc
VPDQKECGTSMFYNIALHRW,0.7602359007843826,0.8434476693051891,binary,custom,deeploc
VPDQKECGTSMFYNIALHRW,0.7490952113870821,0.7513631406761178,binary,resnet,deeploc
YWIFMQDKRVETNAGPSLCH,0.7507080651057144,0.8295964125560538,binary,custom,deeploc
YWIFMQDKRVETNAGPSLCH,0.742282439148257,0.7295313382269905,binary,resnet,deeploc
CPMYKARVTFHQEDINSGWL,0.7377096640074113,0.8239467849223947,binary,custom,deeploc
CPMYKARVTFHQEDINSGWL,0.7529299245753702,0.8048192771084337,binary,resnet,deeploc
FHQVSKEYWCLRAIGTNDPM,0.7527122730354855,0.8367166813768756,binary,custom,deeploc
FHQVSKEYWCLRAIGTNDPM,0.7090438400428607,0.8233319345362988,binary,resnet,deeploc
TIHCGAVYMKQRDLWFPSEN,0.7457230077210488,0.8312720848056537,binary,custom,deeploc
TIHCGAVYMKQRDLWFPSEN,0.7533331380050283,0.8224471021159153,binary,resnet,deeploc
QSFCAEGWVNLIHYMRTPDK,0.763529973128406,0.8446601941747572,binary,custom,deeploc
QSFCAEGWVNLIHYMRTPDK,0.7544444165404008,0.8123222748815165,binary,resnet,deeploc
TLCDSIQMFRGPEWNKAVHY,0.7474586392314111,0.8292465448060633,binary,custom,deeploc
TLCDSIQMFRGPEWNKAVHY,0.7328899380809274,0.7271714922048997,binary,resnet,deeploc
DRYEIHVFMASKLCGPTNWQ,0.7435855579832072,0.8258928571428571,binary,custom,deeploc
DRYEIHVFMASKLCGPTNWQ,0.752522525539176,0.7497243660418964,binary,resnet,deeploc
YMRCDNHQGKLWVIAFESPT,0.7632174478403665,0.8390856118332586,binary,custom,deeploc
YMRCDNHQGKLWVIAFESPT,0.7496386426357043,0.8224554997717937,binary,resnet,deeploc
FPVCSGMKTRNIQDEWLHYA,0.7518214364443553,0.8331108144192256,binary,custom,deeploc
FPVCSGMKTRNIQDEWLHYA,0.6845385089753356,0.6125554850982878,binary,resnet,deeploc
LIQGPCTSKERDNWAHFMYV,0.7581430975162611,0.8390243902439024,binary,custom,deeploc
LIQGPCTSKERDNWAHFMYV,0.774162111331553,0.8036437246963563,binary,resnet,deeploc
FVNLTAMPWDYQSKCGEHIR,0.7413169592405636,0.8349935036812473,binary,custom,deeploc
FVNLTAMPWDYQSKCGEHIR,0.7631714061684679,0.8296500920810314,binary,resnet,deeploc
WATEFLQGMICDRYVNKHPS,0.7488838382570019,0.8342151675485009,binary,custom,deeploc
WATEFLQGMICDRYVNKHPS,0.7777261552971642,0.8253968253968254,binary,resnet,deeploc
YNVEDCFQAMWGRKHSLITP,0.7514649622876851,0.8307967770814683,binary,custom,deeploc
YNVEDCFQAMWGRKHSLITP,0.7448642607800297,0.7301587301587301,binary,resnet,deeploc
QAFSCDVNIPKTLEYRMWHG,0.7498625725853935,0.831029870708872,binary,custom,deeploc
QAFSCDVNIPKTLEYRMWHG,0.721775757525023,0.8320738874895046,binary,resnet,deeploc
IEQYAVKRLHSMNDFCGPTW,0.7546257928236381,0.8337801608579088,binary,custom,deeploc
IEQYAVKRLHSMNDFCGPTW,0.7050368193854971,0.8177589852008457,binary,resnet,deeploc
QATPWEHRKGLVFDNYCSMI,0.7549822669803081,0.8360728565082186,binary,custom,deeploc
QATPWEHRKGLVFDNYCSMI,0.7624577602540384,0.8201982067012742,binary,resnet,deeploc
AGVDLRMWFIYTSPCKHNEQ,0.7463459654938596,0.8300044385264093,binary,custom,deeploc
AGVDLRMWFIYTSPCKHNEQ,0.7431753685426555,0.7546766435061465,binary,resnet,deeploc
KWMGQSVFALIPDEHCNRTY,0.7592550736527229,0.8340847610459874,binary,custom,deeploc
KWMGQSVFALIPDEHCNRTY,0.7533798772780164,0.8362831858407079,binary,resnet,deeploc
AVYTGCRLNPFIDKEHMSQW,0.7469249743980401,0.8321554770318021,binary,custom,deeploc
AVYTGCRLNPFIDKEHMSQW,0.7792385544589266,0.8184948352188883,binary,resnet,deeploc
YKNGIAQETPHSCWMVLRFD,0.7512870740098948,0.8317715305667113,binary,custom,deeploc
YKNGIAQETPHSCWMVLRFD,0.7485273641003318,0.8319290465631929,binary,resnet,deeploc
DMGVYPIFQLARHTCSKWEN,0.7552933970661689,0.8333333333333334,binary,custom,deeploc
DMGVYPIFQLARHTCSKWEN,0.7610716268894525,0.7732342007434945,binary,resnet,deeploc
NEQVIYFMTWSLKHCPAGDR,0.7471914580141809,0.8285714285714286,binary,custom,deeploc
NEQVIYFMTWSLKHCPAGDR,0.7390002260227528,0.8221626452189454,binary,resnet,deeploc
WGTRCHIMDVLKANEYQFSP,0.7467456909180709,0.8245376635092467,binary,custom,deeploc
WGTRCHIMDVLKANEYQFSP,0.7444763945743378,0.8295706064630367,binary,resnet,deeploc
LTAEKFHVINYRQCSMDGPW,0.7494621495600927,0.8321492007104796,binary,custom,deeploc
LTAEKFHVINYRQCSMDGPW,0.7385028364460294,0.765979381443299,binary,resnet,deeploc
TKMLVPGSNFYDCAEWQRHI,0.7408258480736444,0.8260869565217391,binary,custom,deeploc
TKMLVPGSNFYDCAEWQRHI,0.7471454163422822,0.8188904172397983,binary,resnet,deeploc
APISQTHLYEKMNRDCGWVF,0.7445210410440577,0.8303886925795053,binary,custom,deeploc
APISQTHLYEKMNRDCGWVF,0.7462455109369898,0.7432357813362783,binary,resnet,deeploc
AMNVPHFSGQTCRYKIEDWL,0.7358400930878893,0.8235294117647058,binary,custom,deeploc
AMNVPHFSGQTCRYKIEDWL,0.6935075661814154,0.8140409527789386,binary,resnet,deeploc
KAIMRVFTGSEDQNWYLCHP,0.7548490251722376,0.8378258948298718,binary,custom,deeploc
KAIMRVFTGSEDQNWYLCHP,0.7634337041780724,0.796576032225579,binary,resnet,deeploc
DTMAWEGHFSVKPRQLICNY,0.7446096363824082,0.8277703604806409,binary,custom,deeploc
DTMAWEGHFSVKPRQLICNY,0.7490149872618039,0.8193103448275862,binary,resnet,deeploc
PRCNQFVGEAIWDMHKSYTL,0.7446096363824082,0.8277703604806409,binary,custom,deeploc
PRCNQFVGEAIWDMHKSYTL,0.7722506843466687,0.822062350119904,binary,resnet,deeploc
ARNTVDMGSCKPELQHFIYW,0.7436748509226473,0.8275555555555556,binary,custom,deeploc
ARNTVDMGSCKPELQHFIYW,0.7438862240527275,0.7422907488986784,binary,resnet,deeploc
QDPCNGSAEFYIWTMLRHKV,0.7540474815205471,0.8358473824312334,binary,custom,deeploc
QDPCNGSAEFYIWTMLRHKV,0.7481164770586907,0.7563206024744487,binary,resnet,deeploc
MWRQGELDYKTNAFCIHSVP,0.7482155364133817,0.8304405874499332,binary,custom,deeploc
MWRQGELDYKTNAFCIHSVP,0.7588051209500769,0.8017707820954255,binary,resnet,deeploc
VKARPENYQDSHTWCFLGIM,0.7630388619614867,0.835820895522388,binary,custom,deeploc
VKARPENYQDSHTWCFLGIM,0.762191974238987,0.8285714285714286,binary,resnet,deeploc
MVQEFDCPTNYLWIHKGSAR,0.7524890406868859,0.8326639892904953,binary,custom,deeploc
MVQEFDCPTNYLWIHKGSAR,0.7637462294661119,0.8035625927758535,binary,resnet,deeploc
KCVGQSIAYWLENPDRMHFT,0.7481708899436618,0.8296164139161463,binary,custom,deeploc
KCVGQSIAYWLENPDRMHFT,0.7601026589763122,0.8451443569553806,binary,resnet,deeploc
GSRVLHKCMTFWINEDPAYQ,0.745055403478518,0.8317180616740089,binary,custom,deeploc
GSRVLHKCMTFWINEDPAYQ,0.7232435102170656,0.8253968253968254,binary,resnet,deeploc
CPGITWQKYAVLNHDFSERM,0.7533345332072071,0.8312387791741472,binary,custom,deeploc
CPGITWQKYAVLNHDFSERM,0.7247580021820963,0.8317836010143702,binary,resnet,deeploc
QLSVEITCPKHWFRMYGAND,0.7455451194432585,0.8322324966974901,binary,custom,deeploc
QLSVEITCPKHWFRMYGAND,0.7263150478135787,0.8266666666666667,binary,resnet,deeploc
EWGVHTFAQIRMLSKYCDNP,0.7524443942171661,0.8318425760286225,binary,custom,deeploc
EWGVHTFAQIRMLSKYCDNP,0.7487066475803009,0.8392701998262381,binary,resnet,deeploc
IYSKREMFVLPTGQWNDAHC,0.7499958143934637,0.8292245629762438,binary,custom,deeploc
IYSKREMFVLPTGQWNDAHC,0.7583161025864258,0.8062166100048568,binary,resnet,deeploc
HANRGMKDPTWCLQFIVEYS,0.7527122730354855,0.8367166813768756,binary,custom,deeploc
HANRGMKDPTWCLQFIVEYS,0.7768374115093017,0.8351237739374124,binary,resnet,deeploc
RSADPHNVLTFGYEMCKIQW,0.748749898847842,0.831779849090102,binary,custom,deeploc
RSADPHNVLTFGYEMCKIQW,0.7641034012238713,0.8112566715186803,binary,resnet,deeploc
TCLDEYMIRQKPGSWVFNAH,0.7642868703103767,0.8458149779735683,binary,custom,deeploc
TCLDEYMIRQKPGSWVFNAH,0.763209076627294,0.7802831672784478,binary,resnet,deeploc
DENGSYWAFPQMTICLRVKH,0.7503522885501338,0.8315508021390374,binary,custom,deeploc
DENGSYWAFPQMTICLRVKH,0.6526155855244983,0.5123152709359606,binary,resnet,deeploc
SIFNHKTERAQMPDLYCGWV,0.7569857773089896,0.8389380530973451,binary,custom,deeploc
SIFNHKTERAQMPDLYCGWV,0.6951811111948233,0.6619385342789598,binary,resnet,deeploc
VRHECMQWILTYKNSFAPGD,0.747815113388081,0.8315602836879432,binary,custom,deeploc
VRHECMQWILTYKNSFAPGD,0.7444749993721591,0.8208616780045351,binary,resnet,deeploc
GYDRFNTMHPVQAIWLKECS,0.7472361044839009,0.8293986636971047,binary,custom,deeploc
GYDRFNTMHPVQAIWLKECS,0.7718516565235468,0.8324022346368715,binary,resnet,deeploc
PASFIQRTGEMWLVYCHKDN,0.760012668435783,0.8394842152067585,binary,custom,deeploc
PASFIQRTGEMWLVYCHKDN,0.7701564858763683,0.8071570576540755,binary,resnet,deeploc
KLNHSPYGITWADRMCVEQF,0.7560056477784196,0.8337068579112505,binary,custom,deeploc
KLNHSPYGITWADRMCVEQF,0.6901925658047107,0.623507228158391,binary,resnet,deeploc
KPDTYQSWCHNMEALGRFIV,0.74728144855471,0.8344312692138779,binary,custom,deeploc
KPDTYQSWCHNMEALGRFIV,0.7405900589054359,0.7205966724039014,binary,resnet,deeploc
LAGQPHFTKNRCEDIMVSWY,0.7524890406868859,0.8326639892904953,binary,custom,deeploc
LAGQPHFTKNRCEDIMVSWY,0.7469256719991294,0.8363160192055871,binary,resnet,deeploc
WMPYGSRTEAVCFNLKDHIQ,0.7560063453795088,0.8379096545615589,binary,custom,deeploc
WMPYGSRTEAVCFNLKDHIQ,0.7633485968451688,0.8241347053320861,binary,resnet,deeploc
HRISGETAKCWYNMVLFQPD,0.7598340825569034,0.8362494392104083,binary,custom,deeploc
HRISGETAKCWYNMVLFQPD,0.7593841298542572,0.8043052837573386,binary,resnet,deeploc
LSEKPHRGCMFQIWYAVNDT,0.7479930016658713,0.8305913739439751,binary,custom,deeploc
LSEKPHRGCMFQIWYAVNDT,0.7511545298029138,0.8377192982456141,binary,resnet,deeploc
CGQARSWNMDLVHPIFYKTE,0.7450100594077087,0.8266309204647007,binary,custom,deeploc
CGQARSWNMDLVHPIFYKTE,0.7271605403338998,0.8252595155709342,binary,resnet,deeploc
VRTIFYQCHGMANPWDSLKE,0.7482155364133817,0.8304405874499332,binary,custom,deeploc
VRTIFYQCHGMANPWDSLKE,0.7541263104436464,0.7616998386229156,binary,resnet,deeploc
CTLPWFRIMYKGVHSNAQED,0.7616597046077948,0.8400890868596882,binary,custom,deeploc
CTLPWFRIMYKGVHSNAQED,0.7504415814895736,0.8331854480922803,binary,resnet,deeploc
HTRFGSLWQEMANDIYVKPC,0.7491942707417731,0.8271827182718272,binary,custom,deeploc
HTRFGSLWQEMANDIYVKPC,0.7685596769827915,0.8439874832364774,binary,resnet,deeploc
DQLHFGSWMIVPYENKTARC,0.754670439293358,0.8345965225144896,binary,custom,deeploc
DQLHFGSWMIVPYENKTARC,0.7505748232976441,0.8314005352363961,binary,resnet,deeploc
IWTNMSKDFQYHVECALRGP,0.7552048017278183,0.8359270787016452,binary,custom,deeploc
IWTNMSKDFQYHVECALRGP,0.7427868047358743,0.8405301410859342,binary,resnet,deeploc
TADYPQKLEFSNHVICMWRG,0.7532905843385767,0.8346666666666667,binary,custom,deeploc
TADYPQKLEFSNHVICMWRG,0.7597433944152847,0.8258660508083141,binary,resnet,deeploc
DIVLKASMHCNWYTREPQFG,0.739356700179423,0.8245224344735673,binary,custom,deeploc
DIVLKASMHCNWYTREPQFG,0.7408690993411855,0.818140589569161,binary,resnet,deeploc
DCHQGVNRLKPYISEAWFTM,0.7347260241481592,0.8155164636896707,binary,custom,deeploc
DCHQGVNRLKPYISEAWFTM,0.7583635394605032,0.8259668508287292,binary,resnet,deeploc
RLPQFTDSGMNEIHCVYAKW,0.7494168054892835,0.827027027027027,binary,custom,deeploc
RLPQFTDSGMNEIHCVYAKW,0.7467798733714502,0.7451843698403963,binary,resnet,deeploc
VNSEYGFHCAWDRMPKQITL,0.7338812292289275,0.821444395214887,binary,custom,deeploc
VNSEYGFHCAWDRMPKQITL,0.7620566396276485,0.8167539267015707,binary,resnet,deeploc
MVQWYLFDECISHPRNAKGT,0.7580091581071013,0.8366071428571429,binary,custom,deeploc
MVQWYLFDECISHPRNAKGT,0.7646845029313197,0.8276823037621923,binary,resnet,deeploc
LQATDHWEKCIYFVRPSMNG,0.7524897382879754,0.8368606701940036,binary,custom,deeploc
LQATDHWEKCIYFVRPSMNG,0.7255142017629774,0.8288518992744345,binary,resnet,deeploc
QEVYWGKNPCFHTISLRMAD,0.7524004453485355,0.8352524357838795,binary,custom,deeploc
QEVYWGKNPCFHTISLRMAD,0.7421533829467227,0.7701799485861183,binary,resnet,deeploc
RSPFETGWYILAMNVDHCQK,0.7544479045458478,0.8347438752783964,binary,custom,deeploc
RSPFETGWYILAMNVDHCQK,0.7439434273420561,0.8365843086259211,binary,resnet,deeploc
MISYFTRVNCKPDEHQLGAW,0.7557831130309093,0.8338557993730408,binary,custom,deeploc
MISYFTRVNCKPDEHQLGAW,0.7584479491923175,0.7937782237832414,binary,resnet,deeploc
CWQKPRGHESTVAFNIDLYM,0.7450993523471486,0.8282918149466192,binary,custom,deeploc
CWQKPRGHESTVAFNIDLYM,0.7452709622151347,0.7837837837837838,binary,resnet,deeploc
THKRIDLAESWPGMVQYFNC,0.751153134600735,0.8292902066486972,binary,custom,deeploc
THKRIDLAESWPGMVQYFNC,0.7503955398176749,0.8236902050113896,binary,resnet,deeploc
LRGCSKDYPWHIQNVMTFEA,0.741004433952524,0.8293755496921724,binary,custom,deeploc
LRGCSKDYPWHIQNVMTFEA,0.6856295570791163,0.817774154097024,binary,resnet,deeploc
WPACDHLGVRFKYISNMEQT,0.748749898847842,0.831779849090102,binary,custom,deeploc
WPACDHLGVRFKYISNMEQT,0.7451439988168685,0.8291167332445628,binary,resnet,deeploc
CTPYFHILMGADREWQKVNS,0.7587207112182627,0.8327305605786618,binary,custom,deeploc
CTPYFHILMGADREWQKVNS,0.7746532224984723,0.8143771541112752,binary,resnet,deeploc
DLYQVFTHEPWKMAGSCINR,0.7495946937670739,0.8260280162675102,binary,custom,deeploc
DLYQVFTHEPWKMAGSCINR,0.7559170524400691,0.8362989323843416,binary,resnet,deeploc
PIHGEYNDQKLWCRATSFVM,0.7694051695031127,0.8426258992805755,binary,custom,deeploc
PIHGEYNDQKLWCRATSFVM,0.7332603642593848,0.8352490421455939,binary,resnet,deeploc
SERCGLDPAKIQHWFVTNYM,0.748794545317562,0.8325952170062002,binary,custom,deeploc
SERCGLDPAKIQHWFVTNYM,0.7191339421995643,0.7128491620111732,binary,resnet,deeploc
MGATNYFIWKPRVDSHCELQ,0.7508427021159637,0.8362676056338029,binary,custom,deeploc
MGATNYFIWKPRVDSHCELQ,0.7361393639552308,0.7268648345485137,binary,resnet,deeploc
GQFCKRPSDEVTYMHNWLAI,0.7551601552580983,0.8351158645276292,binary,custom,deeploc
GQFCKRPSDEVTYMHNWLAI,0.752925738968834,0.7726084683742812,binary,resnet,deeploc
YVDEANTIGMQKPLRWSHFC,0.7488384941861925,0.8291592128801432,binary,custom,deeploc
YVDEANTIGMQKPLRWSHFC,0.7339572677476693,0.7172177879133409,binary,resnet,deeploc
NGVCLDRESKMTFHYIPAQW,0.7471921556152701,0.8328187031318923,binary,custom,deeploc
NGVCLDRESKMTFHYIPAQW,0.7324009197172762,0.7332601536772777,binary,resnet,deeploc
DPRFVCMHYNLITQKSAGEW,0.7494182006914621,0.8355321020228672,binary,custom,deeploc
DPRFVCMHYNLITQKSAGEW,0.732592760016854,0.8356687898089172,binary,resnet,deeploc
TMLKIVSRCYQNEFDGPAWH,0.743808790331807,0.8300220750551877,binary,custom,deeploc
TMLKIVSRCYQNEFDGPAWH,0.7423333640277813,0.7855373947498762,binary,resnet,deeploc
ERHGFMWCIVDNYQTKPSLA,0.7482601828831016,0.8312611012433393,binary,custom,deeploc
ERHGFMWCIVDNYQTKPSLA,0.6630321649910289,0.5160370634354954,binary,resnet,deeploc
VALWHTQKGPIERYSDFNMC,0.7581423999151717,0.8348294434470377,binary,custom,deeploc
VALWHTQKGPIERYSDFNMC,0.7467038348527084,0.8405172413793104,binary,resnet,deeploc
WFREASTPHDVLCMINYKGQ,0.763707163805107,0.839605734767025,binary,custom,deeploc
WFREASTPHDVLCMINYKGQ,0.7365844334502512,0.7262507026419337,binary,resnet,deeploc
YTSKRLEQHMAWNGCVFIPD,0.7555166294147685,0.8373947718210013,binary,custom,deeploc
YTSKRLEQHMAWNGCVFIPD,0.7159891564886668,0.8317407561279602,binary,resnet,deeploc
MGRPEQKCLFNYWTVAHISD,0.7576533815515206,0.8385093167701864,binary,custom,deeploc
MGRPEQKCLFNYWTVAHISD,0.7504339078775905,0.7797649463464487,binary,resnet,deeploc
TECPDVASKQRWGNLIYHMF,0.7465678026402806,0.8255395683453237,binary,custom,deeploc
TECPDVASKQRWGNLIYHMF,0.7364204971942485,0.8340498710232158,binary,resnet,deeploc
NQCFSHGIWRTVKMEPLYDA,0.7440752739479478,0.8264167782240072,binary,custom,deeploc
NQCFSHGIWRTVKMEPLYDA,0.7650381866836323,0.8114674441205053,binary,resnet,deeploc
VQFPGTSEAYLKDMWIHCNR,0.7473700438930606,0.831858407079646,binary,custom,deeploc
VQFPGTSEAYLKDMWIHCNR,0.7425600843818279,0.815052776502983,binary,resnet,deeploc
FPELMDASVQNRIYWCHGTK,0.737175301572951,0.82258781680747,binary,custom,deeploc
FPELMDASVQNRIYWCHGTK,0.7365872238546087,0.7525172231054584,binary,resnet,deeploc
EWDVPKAGFCSYHMRQLINT,0.7398010720733541,0.8198198198198198,binary,custom,deeploc
EWDVPKAGFCSYHMRQLINT,0.7331138680306163,0.7402597402597403,binary,resnet,deeploc
VEWPSMFDGTAINCYQRLHK,0.7439866786095974,0.829052258635961,binary,custom,deeploc
VEWPSMFDGTAINCYQRLHK,0.7346841680827968,0.8318965517241379,binary,resnet,deeploc
SVMLFQPDINAEGHYKWCRT,0.7379768452246415,0.8246235606731621,binary,custom,deeploc
SVMLFQPDINAEGHYKWCRT,0.7448677487854766,0.7625065824117957,binary,resnet,deeploc
NKYGAQRHLVTDSWMEPCIF,0.7613478769208446,0.8386231560125168,binary,custom,deeploc
NKYGAQRHLVTDSWMEPCIF,0.7033897832134854,0.8172224567327987,binary,resnet,deeploc
SRGFLMDVTEKPAQYNWHIC,0.7363291114515405,0.8196868008948546,binary,custom,deeploc
SRGFLMDVTEKPAQYNWHIC,0.721018162741963,0.8268821777966823,binary,resnet,deeploc
PRSGCTANKEVWDMHYLQFI,0.7576966328190617,0.8308390022675737,binary,custom,deeploc
PRSGCTANKEVWDMHYLQFI,0.736375153123439,0.8291194420226679,binary,resnet,deeploc
CVATSKWEPLMDRQFINHYG,0.7564060708037202,0.8325832583258326,binary,custom,deeploc
CVATSKWEPLMDRQFINHYG,0.7615236723953669,0.8245695672405771,binary,resnet,deeploc
YILVPNKFMQGSWHCARTDE,0.7429179537406765,0.8263579697239537,binary,custom,deeploc
YILVPNKFMQGSWHCARTDE,0.7414006713712884,0.8007608178792202,binary,resnet,deeploc
VHGSKFAMNCTELYDIRPWQ,0.7392674072399833,0.8228469433288711,binary,custom,deeploc
VHGSKFAMNCTELYDIRPWQ,0.7134505861244353,0.8236786469344609,binary,resnet,deeploc
DYINFTVHCRSGMEQKALWP,0.7601012637741333,0.8369175627240143,binary,custom,deeploc
DYINFTVHCRSGMEQKALWP,0.7604563427286248,0.8306709265175719,binary,resnet,deeploc
SGEQTFARLNYMKHVICPDW,0.7406486573969434,0.8312937062937062,binary,custom,deeploc
SGEQTFARLNYMKHVICPDW,0.7403772905731769,0.80357983984927,binary,resnet,deeploc
MDCTKHAFGWELYIVRQSNP,0.7460341378069095,0.8285077951002228,binary,custom,deeploc
MDCTKHAFGWELYIVRQSNP,0.7328585460319055,0.828125,binary,resnet,deeploc
MFYPKCGTHNSIRAEWVDLQ,0.7509312974543141,0.8337028824833703,binary,custom,deeploc
MFYPKCGTHNSIRAEWVDLQ,0.7649049448755618,0.8135265700483092,binary,resnet,deeploc
KFMYENTLAWDHRPQGVSCI,0.7500851073329036,0.8308790718429273,binary,custom,deeploc
KFMYENTLAWDHRPQGVSCI,0.7543041987214367,0.7602591792656588,binary,resnet,deeploc
TSMVNDYHEIQCKFLGARWP,0.7425614795840065,0.8240035826242723,binary,custom,deeploc
TSMVNDYHEIQCKFLGARWP,0.7383758730477632,0.8145785876993167,binary,resnet,deeploc
YRSDKFIPEQCHWMNTVGAL,0.7399810531544125,0.8317349607672189,binary,custom,deeploc
YRSDKFIPEQCHWMNTVGAL,0.7551155087883785,0.8343010272443055,binary,resnet,deeploc
EKWSPTFRQYDINGMHALVC,0.7461234307463496,0.8301552106430156,binary,custom,deeploc
EKWSPTFRQYDINGMHALVC,0.7273837726824994,0.8292682926829268,binary,resnet,deeploc
NHFMAESTDLGPYWQIKRVC,0.7453665335643787,0.8289649044868947,binary,custom,deeploc
NHFMAESTDLGPYWQIKRVC,0.7144739669225468,0.8213219616204691,binary,resnet,deeploc
WKTNPCLMDVYHFGERQASI,0.752845514843556,0.8349600709849158,binary,custom,deeploc
WKTNPCLMDVYHFGERQASI,0.6802182654288433,0.5771543086172345,binary,resnet,deeploc
WPEDKSLMNVRGHFICTQAY,0.7661110971590893,0.8413978494623656,binary,custom,deeploc
WPEDKSLMNVRGHFICTQAY,0.7631295501031055,0.8457142857142858,binary,resnet,deeploc
KMNQGALTPVCDFWYERSIH,0.7519546782524256,0.8313199105145413,binary,custom,deeploc
KMNQGALTPVCDFWYERSIH,0.7619708346936556,0.8373764600179695,binary,resnet,deeploc
TDSPVYMEQCGFRNKWALHI,0.7414495034475446,0.8290748898678414,binary,custom,deeploc
TDSPVYMEQCGFRNKWALHI,0.7241329516060173,0.8205574912891986,binary,resnet,deeploc
CVATDHSPGKYWNQMEIRFL,0.7492389172114932,0.8280197575213292,binary,custom,deeploc
CVATDHSPGKYWNQMEIRFL,0.7588504650208862,0.8077481840193704,binary,resnet,deeploc
GMIAHPTCYEQKNDFLVWSR,0.7684703840433517,0.8423888639425235,binary,custom,deeploc
GMIAHPTCYEQKNDFLVWSR,0.7584549252032111,0.8404772425983208,binary,resnet,deeploc
QWRCNGDAEHVPLYMSKIFT,0.7440759715490373,0.8306878306878307,binary,custom,deeploc
QWRCNGDAEHVPLYMSKIFT,0.7231102684089952,0.8271446862996159,binary,resnet,deeploc
HVQLMYRWFTADICKNESPG,0.748749898847842,0.831779849090102,binary,custom,deeploc
HVQLMYRWFTADICKNESPG,0.7418952705436545,0.8329699084169211,binary,resnet,deeploc
RGQILDNKPYAVECMFWHST,0.7400703460938525,0.8333333333333334,binary,custom,deeploc
RGQILDNKPYAVECMFWHST,0.7420675780127298,0.7951690821256039,binary,resnet,deeploc
PNMHLGSDVWKCYEARQFTI,0.7293851902079131,0.8194260485651215,binary,custom,deeploc
PNMHLGSDVWKCYEARQFTI,0.7520383903831505,0.795465746673238,binary,resnet,deeploc
DKQIHYRCMNSTLFAVWPEG,0.7519553758535149,0.8355437665782494,binary,custom,deeploc
DKQIHYRCMNSTLFAVWPEG,0.7508866509845942,0.8328888888888889,binary,resnet,deeploc
INTGQSHVPFWRMYKALDCE,0.7480369505345019,0.8271216883700044,binary,custom,deeploc
INTGQSHVPFWRMYKALDCE,0.7496804987010668,0.8045977011494253,binary,resnet,deeploc
PAWHSCNGTLMDYQRVKFEI,0.7513763669493346,0.8334073745002222,binary,custom,deeploc
PAWHSCNGTLMDYQRVKFEI,0.7414941499172645,0.8298901098901099,binary,resnet,deeploc
AQEGMRCYTNFISVLKDPWH,0.7523111524090956,0.8336298932384342,binary,custom,deeploc
AQEGMRCYTNFISVLKDPWH,0.7668212550680717,0.8288372093023256,binary,resnet,deeploc
GAQKTRSIYCFEMHVWPNDL,0.7373538874518305,0.8259144997796386,binary,custom,deeploc
GAQKTRSIYCFEMHVWPNDL,0.7460313474025522,0.8104819840898456,binary,resnet,deeploc
HLECNSGPVFIAMWTRKDYQ,0.7644640609870776,0.8407871198568873,binary,custom,deeploc
HLECNSGPVFIAMWTRKDYQ,0.7469668304634025,0.8153632577510412,binary,resnet,deeploc
SIAHDMLNRFKVGPQYETWC,0.7505748232976441,0.8314005352363961,binary,custom,deeploc
SIAHDMLNRFKVGPQYETWC,0.725643955565601,0.8051001821493625,binary,resnet,deeploc
AKGDWTHFIYMSERCVQNPL,0.744698929321848,0.8294195835179442,binary,custom,deeploc
AKGDWTHFIYMSERCVQNPL,0.7620524540211122,0.7859721505930892,binary,resnet,deeploc
QSPECYGRALIWDTNKHMFV,0.7534245237477362,0.8370860927152318,binary,custom,deeploc
QSPECYGRALIWDTNKHMFV,0.7716730706446673,0.8289473684210527,binary,resnet,deeploc
MHWFGARYITQLKCDEVSNP,0.7495507448984432,0.8295302013422818,binary,custom,deeploc
MHWFGARYITQLKCDEVSNP,0.7325327663231678,0.7164009111617312,binary,resnet,deeploc
IHNEQGRCYFDTKLPAVMSW,0.7531119984596968,0.831390134529148,binary,custom,deeploc
IHNEQGRCYFDTKLPAVMSW,0.7503515909490446,0.8272440234551195,binary,resnet,deeploc
FEHVQIPGTSDLWCRKYMAN,0.7453211894935696,0.8237945020279405,binary,custom,deeploc
FEHVQIPGTSDLWCRKYMAN,0.7230942235839395,0.6980255516840883,binary,resnet,deeploc
SKLAGWFMQVHERNYPDCTI,0.7494168054892835,0.827027027027027,binary,custom,deeploc
SKLAGWFMQVHERNYPDCTI,0.7657497397947937,0.8068965517241379,binary,resnet,deeploc
GWNEVQLSIDATKYFPRMCH,0.7418045824020358,0.822790489008524,binary,custom,deeploc
GWNEVQLSIDATKYFPRMCH,0.7136717256697669,0.8150714595062798,binary,resnet,deeploc
GKISLDYVWPTEQRHNCFAM,0.7380661381640814,0.826278659611993,binary,custom,deeploc
GKISLDYVWPTEQRHNCFAM,0.720038730812482,0.8258833546189868,binary,resnet,deeploc
LKNYAWVPTIDERGQCHFSM,0.7503522885501338,0.8315508021390374,binary,custom,deeploc
LKNYAWVPTIDERGQCHFSM,0.7209672378624387,0.7845934379457917,binary,resnet,deeploc
AENPVFCHQSIWKTGRYDML,0.7346388240119877,0.8269230769230769,binary,custom,deeploc
AENPVFCHQSIWKTGRYDML,0.7599198874908963,0.8155893536121673,binary,resnet,deeploc
YLFMSEQGVICAHDKRNWTP,0.7567625449603902,0.8348993288590604,binary,custom,deeploc
YLFMSEQGVICAHDKRNWTP,0.76258960685993,0.8085728202630297,binary,resnet,deeploc
YKWQSFACMNPIERGHTDVL,0.7404693739169742,0.8237394020526551,binary,custom,deeploc
YKWQSFACMNPIERGHTDVL,0.7304106638092925,0.8297506448839209,binary,resnet,deeploc
GVYQFWDALMSEIKNRPTHC,0.7466117515089112,0.8219800181653043,binary,custom,deeploc
GVYQFWDALMSEIKNRPTHC,0.6972027591518287,0.8181439866833126,binary,resnet,deeploc
EVCTGWDLYQFIRKHMNSPA,0.7446982317207587,0.8251121076233184,binary,custom,deeploc
EVCTGWDLYQFIRKHMNSPA,0.754136774459987,0.8374558303886925,binary,resnet,deeploc
KYNGDHIFESLQPWTCARVM,0.7451446964179579,0.8333333333333334,binary,custom,deeploc
KYNGDHIFESLQPWTCARVM,0.7483494758225415,0.8328912466843501,binary,resnet,deeploc
KPQHLCSGNTAERDYVMIWF,0.7424721866445666,0.8223121907332434,binary,custom,deeploc
KPQHLCSGNTAERDYVMIWF,0.7397592160079917,0.835987946620749,binary,resnet,deeploc
SFKDEMPYCNHVTILGWRAQ,0.7632174478403665,0.8390856118332586,binary,custom,deeploc
SFKDEMPYCNHVTILGWRAQ,0.7585790981971197,0.7747368421052632,binary,resnet,deeploc
ILQYNMPVWTSCHEDRKAFG,0.758409581132402,0.8354997758852533,binary,custom,deeploc
ILQYNMPVWTSCHEDRKAFG,0.754269318666968,0.8314606741573034,binary,resnet,deeploc
NTWKVIPHAFLQCSYGEMDR,0.748438071160892,0.8302895322939866,binary,custom,deeploc
NTWKVIPHAFLQCSYGEMDR,0.7413148664372954,0.822262118491921,binary,resnet,deeploc
IRQFYTLWCGDVKMENASHP,0.7410923316897852,0.8224215246636771,binary,custom,deeploc
IRQFYTLWCGDVKMENASHP,0.7282146155799437,0.7125782583949914,binary,resnet,deeploc
MWASERKLNPYQFCVGTHID,0.7413595129070154,0.8231079265562025,binary,custom,deeploc
MWASERKLNPYQFCVGTHID,0.7408202672649294,0.788027477919529,binary,resnet,deeploc
RKDNYQVASGWELCMFIHTP,0.7414934523161751,0.8256227758007118,binary,custom,deeploc
RKDNYQVASGWELCMFIHTP,0.7609446634911865,0.8222637979420019,binary,resnet,deeploc
HCSGLPWTFEADRNKVMIQY,0.7394452955177735,0.8218442256042973,binary,custom,deeploc
HCSGLPWTFEADRNKVMIQY,0.733079685577237,0.8193950177935944,binary,resnet,deeploc
NTDWMYICSFLRKAGVQPEH,0.7447435757915679,0.830238726790451,binary,custom,deeploc
NTDWMYICSFLRKAGVQPEH,0.7508413069137849,0.8277727682596934,binary,resnet,deeploc
GRYPVQHFLDMKAIEWNSCT,0.7429626002103965,0.8271879164815638,binary,custom,deeploc
GRYPVQHFLDMKAIEWNSCT,0.7318316772283471,0.808588396528095,binary,resnet,deeploc
SPKDCEMNGAWTYHRQLFVI,0.7575201397434502,0.8402471315092674,binary,custom,deeploc
SPKDCEMNGAWTYHRQLFVI,0.7622296446978132,0.779002624671916,binary,resnet,deeploc
LSCKMVPFQDHNGYTWRIAE,0.7524890406868859,0.8326639892904953,binary,custom,deeploc
LSCKMVPFQDHNGYTWRIAE,0.7659750649466615,0.8258426966292135,binary,resnet,deeploc
NDYWSLTARKQFVEMHCIGP,0.7502636932117832,0.8341441839893853,binary,custom,deeploc
NDYWSLTARKQFVEMHCIGP,0.7624096257788716,0.7943405760485094,binary,resnet,deeploc
ESQNLGYPWDMKATIVFHRC,0.7504415814895736,0.8331854480922803,binary,custom,deeploc
ESQNLGYPWDMKATIVFHRC,0.7543983748685021,0.8015602145294978,binary,resnet,deeploc
NYRALKCFETHQDIPMGVWS,0.739356700179423,0.8245224344735673,binary,custom,deeploc
NYRALKCFETHQDIPMGVWS,0.7254556032714701,0.7208008898776418,binary,resnet,deeploc
CTDLNIEQFYSAMRKWPVHG,0.73619586964347,0.8215398308856253,binary,custom,deeploc
CTDLNIEQFYSAMRKWPVHG,0.7472354068828113,0.8250676284941388,binary,resnet,deeploc
LGSPCNARTVYEKMIWHDFQ,0.7446096363824082,0.8277703604806409,binary,custom,deeploc
LGSPCNARTVYEKMIWHDFQ,0.7556505688239281,0.8397887323943662,binary,resnet,deeploc
FCVSELNTHIYARPWMQKDG,0.7452779382260284,0.8315696649029982,binary,custom,deeploc
FCVSELNTHIYARPWMQKDG,0.76192130501631,0.8041338582677166,binary,resnet,deeploc
QCEIGHPVMWFRLYSKTNAD,0.7523118500101851,0.8378021978021978,binary,custom,deeploc
QCEIGHPVMWFRLYSKTNAD,0.7507073675046252,0.8252383113935542,binary,resnet,deeploc
KGLTWCFRMPHQANSEYVID,0.7402921832402733,0.829010989010989,binary,custom,deeploc
KGLTWCFRMPHQANSEYVID,0.741444620239919,0.7967323402210476,binary,resnet,deeploc
NWLFACVDETQKRHYPISGM,0.7503529861512233,0.8357551739321885,binary,custom,deeploc
NWLFACVDETQKRHYPISGM,0.7611253421733344,0.8387673068334077,binary,resnet,deeploc
PQVDSGKTHLNYWRACEMFI,0.7459908865393683,0.8360941586748039,binary,custom,deeploc
PQVDSGKTHLNYWRACEMFI,0.741347653688496,0.7294250281848929,binary,resnet,deeploc
EKPVDMISTNGAWYHQFCLR,0.751197781070455,0.8301210219632452,binary,custom,deeploc
EKPVDMISTNGAWYHQFCLR,0.7314214877877954,0.7318681318681318,binary,resnet,deeploc
YGFEKQNHMLWRCPDIATVS,0.7521779106010251,0.8353982300884956,binary,custom,deeploc
YGFEKQNHMLWRCPDIATVS,0.7097832971975969,0.6822429906542056,binary,resnet,deeploc
PYTSEQRWGKHFLNVMIACD,0.759611547809393,0.8363962348722546,binary,custom,deeploc
PYTSEQRWGKHFLNVMIACD,0.7434404569566175,0.7361963190184049,binary,resnet,deeploc
IEKGMRSYDACVNHPQTFWL,0.7471914580141809,0.8285714285714286,binary,custom,deeploc
IEKGMRSYDACVNHPQTFWL,0.7547513610197254,0.7776049766718507,binary,resnet,deeploc
GPQLDTWRNCMAIFHSKVYE,0.7453665335643787,0.8289649044868947,binary,custom,deeploc
GPQLDTWRNCMAIFHSKVYE,0.7685094497043566,0.8065476190476191,binary,resnet,deeploc
TEILKSNFCYVGAPHWQDRM,0.743496962644857,0.8285334514842712,binary,custom,deeploc
TEILKSNFCYVGAPHWQDRM,0.7742995387461598,0.8306679209783632,binary,resnet,deeploc
GHCFDMKQNWPETYILSRAV,0.7454111800340987,0.8297872340425532,binary,custom,deeploc
GHCFDMKQNWPETYILSRAV,0.7446996269229373,0.8336252189141856,binary,resnet,deeploc
QYFPMVDKCESRGITLHAWN,0.7445656875137776,0.8312031732040547,binary,custom,deeploc
QYFPMVDKCESRGITLHAWN,0.7633458064408114,0.8049261083743843,binary,resnet,deeploc
LFGTPEYMIQKRDSHVANWC,0.749729330777323,0.8328159645232815,binary,custom,deeploc
LFGTPEYMIQKRDSHVANWC,0.7093800837679388,0.6509609423434594,binary,resnet,deeploc
KEQFDNSLCHRWAPGMYTIV,0.7544025604750385,0.8296430185268866,binary,custom,deeploc
KEQFDNSLCHRWAPGMYTIV,0.7221601357252679,0.7054794520547946,binary,resnet,deeploc
LPVYHSDKCAGINMWRQETF,0.7444770921754271,0.8337707786526685,binary,custom,deeploc
LPVYHSDKCAGINMWRQETF,0.7689147559372829,0.8378870673952641,binary,resnet,deeploc
ITHVQLPSDNFAYRGEMWCK,0.7415380987858952,0.8264536173990236,binary,custom,deeploc
ITHVQLPSDNFAYRGEMWCK,0.6852730829224463,0.8155737704918032,binary,resnet,deeploc
RYDFIWHQNTKMCVALGPSE,0.7479930016658713,0.8305913739439751,binary,custom,deeploc
RYDFIWHQNTKMCVALGPSE,0.7446103339834975,0.832014072119613,binary,resnet,deeploc
QWFMPTKGLDRYSEIANVCH,0.7431851349579068,0.8270342374388617,binary,custom,deeploc
QWFMPTKGLDRYSEIANVCH,0.7556449880152133,0.8035019455252919,binary,resnet,deeploc
FWQMAKGSIEPTYRVLCHND,0.7428293584023262,0.828988068935042,binary,custom,deeploc
FWQMAKGSIEPTYRVLCHND,0.7436769437259154,0.83998283998284,binary,resnet,deeploc
GCNDYIFMARWHQKTLESVP,0.7560949407178594,0.8353413654618473,binary,custom,deeploc
GCNDYIFMARWHQKTLESVP,0.7531998961969579,0.8243366880146387,binary,resnet,deeploc
WYPKQEIDFTRNSGAMVHCL,0.7421171076900754,0.8286219081272085,binary,custom,deeploc
WYPKQEIDFTRNSGAMVHCL,0.7774603692821127,0.8338028169014085,binary,resnet,deeploc
NLWQHASRECYGMPDIKFVT,0.7521325665302159,0.8303411131059246,binary,custom,deeploc
NLWQHASRECYGMPDIKFVT,0.7230935259828501,0.6902654867256637,binary,resnet,deeploc
ISLFPMCDGYQEWKHNRTVA,0.7494614519590033,0.8278651685393258,binary,custom,deeploc
ISLFPMCDGYQEWKHNRTVA,0.7648135591328539,0.7963617988883275,binary,resnet,deeploc
HKGSFQTLWEAIVPYRCMDN,0.7513310228785254,0.8283010365029293,binary,custom,deeploc
HKGSFQTLWEAIVPYRCMDN,0.7601368414296915,0.7730646871686108,binary,resnet,deeploc
WEAHQNDVYICPTGFMKLRS,0.7451439988168685,0.8291167332445628,binary,custom,deeploc
WEAHQNDVYICPTGFMKLRS,0.7577405816876924,0.8273018781493358,binary,resnet,deeploc
PMSWNHKLTQECVFRIAGDY,0.75645071727344,0.833408172429277,binary,custom,deeploc
PMSWNHKLTQECVFRIAGDY,0.758937665157058,0.794383149448345,binary,resnet,deeploc
GTQWHASDCIPYKMLFNRVE,0.7635739219970366,0.8413547237076648,binary,custom,deeploc
GTQWHASDCIPYKMLFNRVE,0.7466033802958388,0.759318423855165,binary,resnet,deeploc
PLATKFVIDWHNCYMGERSQ,0.7471461139433716,0.8233695652173914,binary,custom,deeploc
PLATKFVIDWHNCYMGERSQ,0.7416162301079049,0.7438558164937192,binary,resnet,deeploc
EFDAGHLPSIMCNVQRKYWT,0.7464799049030195,0.8324514991181657,binary,custom,deeploc
EFDAGHLPSIMCNVQRKYWT,0.683358167932115,0.8102734051367025,binary,resnet,deeploc
SNEQIVRMDPGTLFHCYKWA,0.7463913095646689,0.8350109409190372,binary,custom,deeploc
SNEQIVRMDPGTLFHCYKWA,0.757515954136914,0.8136882129277566,binary,resnet,deeploc
MYPFHGDQSARTVEKLWINC,0.7614371698602844,0.840231419670672,binary,custom,deeploc
MYPFHGDQSARTVEKLWINC,0.7594748179958757,0.8159392789373814,binary,resnet,deeploc
ERNIQLKYMVTHWADSCGFP,0.748927089524543,0.8264984227129337,binary,custom,deeploc
ERNIQLKYMVTHWADSCGFP,0.755467099737423,0.8046534173533689,binary,resnet,deeploc
NQLMWRSPVDFIGEHKATYC,0.7390888213611035,0.8194506978838361,binary,custom,deeploc
NQLMWRSPVDFIGEHKATYC,0.7568050986268421,0.8226030569708198,binary,resnet,deeploc
APFLTMSHEGRWKDYNVIQC,0.7471014674736516,0.8225147526100771,binary,custom,deeploc
APFLTMSHEGRWKDYNVIQC,0.7538681980405779,0.8282736746714998,binary,resnet,deeploc
DQSLIFNMCAWRPGKEYVHT,0.7444756969732486,0.8252688172043011,binary,custom,deeploc
DQSLIFNMCAWRPGKEYVHT,0.7474544536248748,0.8015377222489188,binary,resnet,deeploc
HSIWRCFEAMTDLGKQNPYV,0.7438973856701574,0.8274021352313167,binary,custom,deeploc
HSIWRCFEAMTDLGKQNPYV,0.7499867455793019,0.7627659574468085,binary,resnet,deeploc
PENCMYKVAGIHQLFDRTSW,0.7498625725853935,0.831029870708872,binary,custom,deeploc
PENCMYKVAGIHQLFDRTSW,0.763660424532119,0.825722273998136,binary,resnet,deeploc
YQDSVHNIALGPCKFEMTWR,0.7598787290266232,0.8370635631154879,binary,custom,deeploc
YQDSVHNIALGPCKFEMTWR,0.7429960850626866,0.743421052631579,binary,resnet,deeploc
ESDFKTGWVHMNCRYPLQIA,0.747992304064782,0.8262826282628263,binary,custom,deeploc
ESDFKTGWVHMNCRYPLQIA,0.7308989845718543,0.8218213814342279,binary,resnet,deeploc
RLPSFKYIDQWVHECTGNAM,0.7484827176306118,0.8311111111111111,binary,custom,deeploc
RLPSFKYIDQWVHECTGNAM,0.755060398302318,0.7556041552761071,binary,resnet,deeploc
ALNVKQDCTMESWHFPIYRG,0.747815113388081,0.8315602836879432,binary,custom,deeploc
ALNVKQDCTMESWHFPIYRG,0.7600503388946092,0.7933467741935484,binary,resnet,deeploc
CTMDVEFPQNAIWKYGLSRH,0.7453658359632894,0.8246402877697842,binary,custom,deeploc
CTMDVEFPQNAIWKYGLSRH,0.7467031372516191,0.8364587876144789,binary,resnet,deeploc
LGENKSQHYIFCAWDVMTRP,0.7458555519280299,0.8251685393258427,binary,custom,deeploc
LGENKSQHYIFCAWDVMTRP,0.732280932329904,0.8342564976565828,binary,resnet,deeploc
QIRNMTHKLDAPWVEGFYCS,0.7475032857011308,0.8300711743772242,binary,custom,deeploc
QIRNMTHKLDAPWVEGFYCS,0.7600559197033242,0.8318181818181818,binary,resnet,deeploc
KMVATSYDCFILHRWPGQEN,0.7617482999461451,0.8375224416517055,binary,custom,deeploc
KMVATSYDCFILHRWPGQEN,0.7706943363162756,0.8323269856014863,binary,resnet,deeploc
LAFRTDVYCNPHSIMWKGEQ,0.7563174754653696,0.835194283162126,binary,custom,deeploc
LAFRTDVYCNPHSIMWKGEQ,0.7607667752133961,0.8233100233100233,binary,resnet,deeploc
CLFEHKGPTRDYNWIQSMVA,0.7651756140982389,0.8369565217391305,binary,custom,deeploc
CLFEHKGPTRDYNWIQSMVA,0.7554217556666136,0.7986213687838504,binary,resnet,deeploc
YFPTMQCWDALVHIRGKNES,0.7588992970971423,0.8360215053763441,binary,custom,deeploc
YFPTMQCWDALVHIRGKNES,0.7577384888844243,0.813510941960038,binary,resnet,deeploc
INGHSCWFPLDRKAQYMTEV,0.7449214640693582,0.8292682926829268,binary,custom,deeploc
INGHSCWFPLDRKAQYMTEV,0.731879811703514,0.8312580506655217,binary,resnet,deeploc
APLDKHQIREVGCTYMSWNF,0.7505308744290136,0.8348056537102474,binary,custom,deeploc
APLDKHQIREVGCTYMSWNF,0.7504353030797694,0.7906514172053705,binary,resnet,deeploc
IANWVKERSYHQDMCGFPTL,0.7441199204176676,0.8272484416740873,binary,custom,deeploc
IANWVKERSYHQDMCGFPTL,0.752087920060496,0.8295096716149347,binary,resnet,deeploc
IHVCGWSQNAMREDFYPTKL,0.734772065820058,0.8251318101933216,binary,custom,deeploc
IHVCGWSQNAMREDFYPTKL,0.7463466630949491,0.8342105263157895,binary,resnet,deeploc
CISLPWYDRGAQFMVETHKN,0.74652385377165,0.8290293855743545,binary,custom,deeploc
CISLPWYDRGAQFMVETHKN,0.7557796250254625,0.8112488083889419,binary,resnet,deeploc
AFNQSTMYCEWHRDGLVIKP,0.7605023844005235,0.84,binary,custom,deeploc
AFNQSTMYCEWHRDGLVIKP,0.7573785267223073,0.7850562947799385,binary,resnet,deeploc
HTWLEINVARSDGPCKFYQM,0.7340591175067178,0.8204444444444444,binary,custom,deeploc
HTWLEINVARSDGPCKFYQM,0.7316572769560037,0.8314028314028314,binary,resnet,deeploc
WDYIKNMAQVFESRCTPLHG,0.7516874970351954,0.8306451612903226,binary,custom,deeploc
WDYIKNMAQVFESRCTPLHG,0.7272854109288978,0.7641700404858299,binary,resnet,deeploc
VICWFTAYNLPRMGDEKQSH,0.7542707138691468,0.8398420359806933,binary,custom,deeploc
VICWFTAYNLPRMGDEKQSH,0.7636136852591309,0.8106796116504854,binary,resnet,deeploc
THFPARWLDNSIVMYCEKGQ,0.7575640886120809,0.8368983957219251,binary,custom,deeploc
THFPARWLDNSIVMYCEKGQ,0.7487903597110258,0.8053435114503816,binary,resnet,deeploc
YRMSVKGHAPFTIEWNQLCD,0.7435409115134874,0.8250559284116331,binary,custom,deeploc
YRMSVKGHAPFTIEWNQLCD,0.7121893233548474,0.7071946458449526,binary,resnet,deeploc
FDHQVNYIWMAKTSCLGRPE,0.7492396148125826,0.8322981366459627,binary,custom,deeploc
FDHQVNYIWMAKTSCLGRPE,0.7184342483069222,0.8133509003074221,binary,resnet,deeploc
NFWDHQSVGPTEIYCKALMR,0.7491949683428626,0.8314806580702534,binary,custom,deeploc
NFWDHQSVGPTEIYCKALMR,0.7507889868320818,0.7713987473903967,binary,resnet,deeploc
TIRAQESDNMVFPWKHYCLG,0.7588999946982318,0.8401947764497565,binary,custom,deeploc
TIRAQESDNMVFPWKHYCLG,0.7779486900446744,0.8252286952335098,binary,resnet,deeploc
FALQKEVMCGRSHIPYWNTD,0.7473253974233405,0.8310421286031042,binary,custom,deeploc
FALQKEVMCGRSHIPYWNTD,0.7573345778536767,0.7894736842105263,binary,resnet,deeploc
APTFHEWCVDKLIMRNSYGQ,0.7601891615113947,0.829981718464351,binary,custom,deeploc
APTFHEWCVDKLIMRNSYGQ,0.7677490645169391,0.7778369738945126,binary,resnet,deeploc
QITRLYKGCPVDHMNFSAEW,0.7438973856701574,0.8274021352313167,binary,custom,deeploc
QITRLYKGCPVDHMNFSAEW,0.7390860309567461,0.8007572172266919,binary,resnet,deeploc
VMNDKQFPTIAWLRECHSGY,0.7661996924974399,0.8388261851015801,binary,custom,deeploc
VMNDKQFPTIAWLRECHSGY,0.7230663195403646,0.8304439746300212,binary,resnet,deeploc
AIEQWTSVFNMGHKDPLCYR,0.7520439711918654,0.8329621380846325,binary,custom,deeploc
AIEQWTSVFNMGHKDPLCYR,0.726938703187479,0.8295600170867151,binary,resnet,deeploc
KWHFDCNRPEYLMIGTQSAV,0.7531559473283274,0.8278985507246377,binary,custom,deeploc
KWHFDCNRPEYLMIGTQSAV,0.7582742465210633,0.8242368177613321,binary,resnet,deeploc
LMWKPQHTNEFGSVACYIDR,0.751910729383795,0.8347363757199823,binary,custom,deeploc
LMWKPQHTNEFGSVACYIDR,0.7447889198623773,0.8352223190932868,binary,resnet,deeploc
NDPGYITWQKHRLVCMSFAE,0.7597454872185528,0.8388245770258237,binary,custom,deeploc
NDPGYITWQKHRLVCMSFAE,0.7499923263880168,0.8062977099236641,binary,resnet,deeploc
AQMNHVFYTWCKGPLDIRSE,0.7481701923425723,0.8252821670428894,binary,custom,deeploc
AQMNHVFYTWCKGPLDIRSE,0.7369988084973393,0.832034632034632,binary,resnet,deeploc
SHYCFNLKETVWQADPIMRG,0.7565846566826,0.8358608385370205,binary,custom,deeploc
SHYCFNLKETVWQADPIMRG,0.7596080598039462,0.8139312977099237,binary,resnet,deeploc
IALSNPFGDWEKQHVYMTCR,0.7501304514037129,0.8358996920369556,binary,custom,deeploc
IALSNPFGDWEKQHVYMTCR,0.7678850967293669,0.7977698935631019,binary,resnet,deeploc
HPQTAEWGISYFRVLKDNCM,0.7455897659129784,0.8330404217926186,binary,custom,deeploc
HPQTAEWGISYFRVLKDNCM,0.7609014122236453,0.8303612254229538,binary,resnet,deeploc
SMAPIGVQDWLNFTREHKCY,0.7507534091765237,0.8346595932802829,binary,custom,deeploc
SMAPIGVQDWLNFTREHKCY,0.7548908812376001,0.8212962962962963,binary,resnet,deeploc
SLCNEYTQWRMKHPAIDFGV,0.7449654129379889,0.825794894760412,binary,custom,deeploc
SLCNEYTQWRMKHPAIDFGV,0.7200694252604145,0.7199558985667034,binary,resnet,deeploc
LSPFNRTVKHIWAMYDEQCG,0.7492396148125826,0.8322981366459627,binary,custom,deeploc
LSPFNRTVKHIWAMYDEQCG,0.7385991053963631,0.8189189189189189,binary,resnet,deeploc
TGRCPQMYDWIALVSKEFHN,0.7512870740098948,0.8317715305667113,binary,custom,deeploc
TGRCPQMYDWIALVSKEFHN,0.7617455095417878,0.819811320754717,binary,resnet,deeploc
FQGYMLTHEWKRISADCNVP,0.7349492564967589,0.8198037466547725,binary,custom,deeploc
FQGYMLTHEWKRISADCNVP,0.7180659149317328,0.7157894736842105,binary,resnet,deeploc
ANHRQMVDYPFWIKGLCETS,0.7454104824330093,0.8254822790489008,binary,custom,deeploc
ANHRQMVDYPFWIKGLCETS,0.74572161251887,0.8226244343891402,binary,resnet,deeploc
ACWIPMLEYNSFRKDQHTGV,0.7539135421113874,0.833407771326485,binary,custom,deeploc
ACWIPMLEYNSFRKDQHTGV,0.7596980503444755,0.8204406938584153,binary,resnet,deeploc
HDIWGVEFANYSKLQPCTRM,0.7512424275401748,0.830948121645796,binary,custom,deeploc
HDIWGVEFANYSKLQPCTRM,0.7547074121510947,0.7821629933367504,binary,resnet,deeploc
YGHKWRTEDLNMFQSAVICP,0.7481708899436618,0.8296164139161463,binary,custom,deeploc
YGHKWRTEDLNMFQSAVICP,0.7627654023344522,0.7918575063613231,binary,resnet,deeploc
MQILHFCDVNKYREGPSTWA,0.7380654405629921,0.821954484605087,binary,custom,deeploc
MQILHFCDVNKYREGPSTWA,0.7700727737456434,0.842200180342651,binary,resnet,deeploc
CVQRPFHLDTNIGMKAEWYS,0.7401122021592149,0.8169014084507042,binary,custom,deeploc
CVQRPFHLDTNIGMKAEWYS,0.7538179707621431,0.7885196374622356,binary,resnet,deeploc
WEFCNPLDVAQGKMHRYIST,0.7479483551961514,0.8297682709447415,binary,custom,deeploc
WEFCNPLDVAQGKMHRYIST,0.7321790825708553,0.7401404646137223,binary,resnet,deeploc
VWSMIPNFLTHYAKCDGQRE,0.7557824154298199,0.8295557570262919,binary,custom,deeploc
VWSMIPNFLTHYAKCDGQRE,0.7611685934408756,0.8310502283105022,binary,resnet,deeploc
NQWMYVTHSELADCGKRIFP,0.7657992694721392,0.8399280575539568,binary,custom,deeploc
NQWMYVTHSELADCGKRIFP,0.7581417023140822,0.8305315765561109,binary,resnet,deeploc
KDTRAEHNGFVLPSYWIMCQ,0.7476372251102906,0.8325231992929739,binary,custom,deeploc
KDTRAEHNGFVLPSYWIMCQ,0.7539100541059405,0.8108365019011406,binary,resnet,deeploc
YDKILPFCNMWHTSARQEGV,0.739757820805813,0.8276773909211106,binary,custom,deeploc
YDKILPFCNMWHTSARQEGV,0.7447777582449472,0.7540279269602578,binary,resnet,deeploc
ITSVACKWGPDYFQEHLMRN,0.7613471793197553,0.8343891402714932,binary,custom,deeploc
ITSVACKWGPDYFQEHLMRN,0.7515075159541369,0.8183503243744208,binary,resnet,deeploc
HNMPCVTKAEGDLYSFWQRI,0.7433637208367865,0.8303217276333187,binary,custom,deeploc
HNMPCVTKAEGDLYSFWQRI,0.736361898702741,0.7265581134194273,binary,resnet,deeploc
WIVGSMCRYKEFLTQHNADP,0.7413602105081047,0.827433628318584,binary,custom,deeploc
WIVGSMCRYKEFLTQHNADP,0.7214632322369835,0.8265871325095867,binary,resnet,deeploc
LHVFRKAPDCITEGYWNMSQ,0.753468472616367,0.8337048595630852,binary,custom,deeploc
LHVFRKAPDCITEGYWNMSQ,0.7061062418555073,0.8244592346089851,binary,resnet,deeploc
YSDGELQMWPVTRNKIFHAC,0.7557391641622788,0.8372505543237251,binary,custom,deeploc
YSDGELQMWPVTRNKIFHAC,0.7546243976214595,0.825091575091575,binary,resnet,deeploc
NRGFKSHVDILQEWMTAPCY,0.7431404884881868,0.8262032085561497,binary,custom,deeploc
NRGFKSHVDILQEWMTAPCY,0.7619687418903873,0.8242424242424242,binary,resnet,deeploc
TLAMSGQFECVWKHDPRIYN,0.7472368020849902,0.8336267605633803,binary,custom,deeploc
TLAMSGQFECVWKHDPRIYN,0.7518221340454445,0.8372911169744943,binary,resnet,deeploc
VRSNHTWYEMFKPIADQLGC,0.7408258480736444,0.8260869565217391,binary,custom,deeploc
VRSNHTWYEMFKPIADQLGC,0.7402928808413627,0.8331885317115552,binary,resnet,deeploc
ANEHCPLFKIVWQDMTGYSR,0.7357061536787296,0.8210151380231523,binary,custom,deeploc
ANEHCPLFKIVWQDMTGYSR,0.7456246459674472,0.7640567524960589,binary,resnet,deeploc
IKTAMNGPLQSVYWHEDFCR,0.747815113388081,0.8315602836879432,binary,custom,deeploc
IKTAMNGPLQSVYWHEDFCR,0.7461666820138907,0.8223028105167725,binary,resnet,deeploc
GTCWLNDVSQMREIHPFAKY,0.7415380987858952,0.8264536173990236,binary,custom,deeploc
GTCWLNDVSQMREIHPFAKY,0.736765112132399,0.7510638297872341,binary,resnet,deeploc
RNVGFWCYTAMSQDLIHEPK,0.7370860086335111,0.8209021884769987,binary,custom,deeploc
RNVGFWCYTAMSQDLIHEPK,0.7564960613442494,0.8384240814519699,binary,resnet,deeploc
LAQHFISCGMNKTRWEPVYD,0.7519553758535149,0.8355437665782494,binary,custom,deeploc
LAQHFISCGMNKTRWEPVYD,0.752397654944178,0.8176744186046512,binary,resnet,deeploc
KRPIVTSELYFWGNMCQHDA,0.7413155640383848,0.8266075388026608,binary,custom,deeploc
KRPIVTSELYFWGNMCQHDA,0.74122069029023,0.7865943814687038,binary,resnet,deeploc
FDCAYESNTHKGPRWMQLVI,0.745544421842169,0.8279857397504456,binary,custom,deeploc
FDCAYESNTHKGPRWMQLVI,0.7703776254216999,0.7965235173824131,binary,resnet,deeploc
FCMYWIVSQLPKTGDEHRAN,0.7497739772470429,0.8336283185840708,binary,custom,deeploc
FCMYWIVSQLPKTGDEHRAN,0.7520355999787929,0.773555439875065,binary,resnet,deeploc
PYQRIFACGVSHNLTKEDWM,0.75645071727344,0.833408172429277,binary,custom,deeploc
PYQRIFACGVSHNLTKEDWM,0.7491426482611595,0.7765793528505393,binary,resnet,deeploc
RTGKDSEYWFIMAVQNLCPH,0.7610353516328051,0.8328792007266121,binary,custom,deeploc
RTGKDSEYWFIMAVQNLCPH,0.762501709122669,0.8164043872198379,binary,resnet,deeploc
QCSLWFGRVPDNYMKAETHI,0.734904610027039,0.8189539561913277,binary,custom,deeploc
QCSLWFGRVPDNYMKAETHI,0.7427749455173549,0.7563829787234042,binary,resnet,deeploc
ENGQRDLSFMATHCVYIPWK,0.7592111247840925,0.8375,binary,custom,deeploc
ENGQRDLSFMATHCVYIPWK,0.689879342915582,0.6003924133420536,binary,resnet,deeploc
KQLYIRGFAWNTCMDPHESV,0.744788222261288,0.8310542567269519,binary,custom,deeploc
KQLYIRGFAWNTCMDPHESV,0.7591643855111043,0.8235840297121634,binary,resnet,deeploc
PQEVDKANLRCGFSIWTHYM,0.740603313326134,0.8262411347517731,binary,custom,deeploc
PQEVDKANLRCGFSIWTHYM,0.7486954859628708,0.7593582887700535,binary,resnet,deeploc
SLIHQMPCNVDAETKYWFGR,0.7544918534144782,0.8313090418353576,binary,custom,deeploc
SLIHQMPCNVDAETKYWFGR,0.7378443010176603,0.8306486721811058,binary,resnet,deeploc
SMTCWDRYQFVIHKGNEAPL,0.7398910626138835,0.8258750553832521,binary,custom,deeploc
SMTCWDRYQFVIHKGNEAPL,0.744566385114867,0.8353658536585366,binary,resnet,deeploc
FISGWDKQPNTYCHVMAERL,0.7446103339834975,0.832014072119613,binary,custom,deeploc
FISGWDKQPNTYCHVMAERL,0.7642861727092873,0.8417298261257244,binary,resnet,deeploc
STMYVWGIKACENFRLHQDP,0.7516881946362848,0.8348826914563966,binary,custom,deeploc
STMYVWGIKACENFRLHQDP,0.7553338579293526,0.8067469879518072,binary,resnet,deeploc
MRPQITNGKHCLVWYADEFS,0.7487045547770328,0.8266546600630347,binary,custom,deeploc
MRPQITNGKHCLVWYADEFS,0.7300988361223425,0.8283002588438308,binary,resnet,deeploc
GCSLQHPMTFWDRYKVAINE,0.7325453231427766,0.8180196253345228,binary,custom,deeploc
GCSLQHPMTFWDRYKVAINE,0.7470142673374799,0.8337730870712401,binary,resnet,deeploc
EFWMPINRYQKHCSVGTDAL,0.7467477837213391,0.8372497824194952,binary,custom,deeploc
EFWMPINRYQKHCSVGTDAL,0.7502190467420634,0.8333333333333334,binary,resnet,deeploc
GDNMYKVLSERQFCTAIHPW,0.7565400102128799,0.8350469378632096,binary,custom,deeploc
GDNMYKVLSERQFCTAIHPW,0.7336893889293497,0.7088167053364269,binary,resnet,deeploc
HRQNLDAVMWKFGIPETSCY,0.7554273364753287,0.835781041388518,binary,custom,deeploc
HRQNLDAVMWKFGIPETSCY,0.7747906499130789,0.8399816597890876,binary,resnet,deeploc
TKPWALIFREQDSMCHNYGV,0.749283563681213,0.828853046594982,binary,custom,deeploc
TKPWALIFREQDSMCHNYGV,0.7702911228866175,0.8149951314508277,binary,resnet,deeploc
SCPVGAIFERHMTKDYWQNL,0.7363298090526299,0.8240495137046862,binary,custom,deeploc
SCPVGAIFERHMTKDYWQNL,0.7408265456747337,0.8303375712406839,binary,resnet,deeploc
KCAGEMWNDPTILRFYQHSV,0.7558724059703492,0.8354881854658939,binary,custom,deeploc
KCAGEMWNDPTILRFYQHSV,0.7582226240404497,0.771595124536301,binary,resnet,deeploc
QGIPCSRANWEKVMFHYDTL,0.7388223377449625,0.823162583518931,binary,custom,deeploc
QGIPCSRANWEKVMFHYDTL,0.7162912177603658,0.7677957781050565,binary,resnet,deeploc
FHGYEIPAKLWVTSCQRNMD,0.748794545317562,0.8325952170062002,binary,custom,deeploc
FHGYEIPAKLWVTSCQRNMD,0.7580963582432729,0.8252650991240202,binary,resnet,deeploc
YWLRTPEFNSHVDCGQMIKA,0.7429619026093072,0.822841726618705,binary,custom,deeploc
YWLRTPEFNSHVDCGQMIKA,0.7498974526398621,0.760427807486631,binary,resnet,deeploc
ANQFLCKSWRHYPIMGETDV,0.7512417299390854,0.8266183793571752,binary,custom,deeploc
ANQFLCKSWRHYPIMGETDV,0.7605449380669753,0.827966881324747,binary,resnet,deeploc
EMGVSNWKCTQAPLHFIYRD,0.7515103063584945,0.8358340688437775,binary,custom,deeploc
EMGVSNWKCTQAPLHFIYRD,0.7280813737718732,0.7156585641605426,binary,resnet,deeploc
VSYHGFTDENQKMLWIACRP,0.7552494481975383,0.8367346938775511,binary,custom,deeploc
VSYHGFTDENQKMLWIACRP,0.7331110776262588,0.7126436781609196,binary,resnet,deeploc
DAQYWGCMRKNTFPSLEIHV,0.7529787566516264,0.8331846565566459,binary,custom,deeploc
DAQYWGCMRKNTFPSLEIHV,0.7600510364956986,0.7986076578816509,binary,resnet,deeploc
CTYIRWVMANPFHDLQKESG,0.7411376757605945,0.8275862068965517,binary,custom,deeploc
CTYIRWVMANPFHDLQKESG,0.6718051962909946,0.5787401574803149,binary,resnet,deeploc
MAQPELTKNWSGIHDCRFYV,0.7490617265347923,0.8332596196373286,binary,custom,deeploc
MAQPELTKNWSGIHDCRFYV,0.7220854924087049,0.8211346903421395,binary,resnet,deeploc
SRFAIMHNETKWGQPDVCYL,0.7446542828521281,0.8285968028419183,binary,custom,deeploc
SRFAIMHNETKWGQPDVCYL,0.7016102028344927,0.8225538971807629,binary,resnet,deeploc
GNWEYCIMTQSRPKHLDFAV,0.7614364722591951,0.836036036036036,binary,custom,deeploc
GNWEYCIMTQSRPKHLDFAV,0.73814566468827,0.7568421052631579,binary,resnet,deeploc
YGKDQSWIFVLTCRAHENPM,0.7566739496220397,0.8374777975133215,binary,custom,deeploc
YGKDQSWIFVLTCRAHENPM,0.7442985062965476,0.8305383936451898,binary,resnet,deeploc
TNEIWGQDPMYLKCHFSAVR,0.7475032857011308,0.8300711743772242,binary,custom,deeploc
TNEIWGQDPMYLKCHFSAVR,0.7211032700748665,0.8021828103683493,binary,resnet,deeploc
RFPNIQLEWDSGTYKCMAHV,0.7507527115754343,0.8304250559284116,binary,custom,deeploc
RFPNIQLEWDSGTYKCMAHV,0.7519965343177879,0.8142589118198874,binary,resnet,deeploc
WSTFRHEPAYMCIKVNQLGD,0.7360626278353996,0.8233731739707836,binary,custom,deeploc
WSTFRHEPAYMCIKVNQLGD,0.7421994246186214,0.782435129740519,binary,resnet,deeploc
PCTAQIKVEFYDMRLHSWGN,0.7488838382570019,0.8342151675485009,binary,custom,deeploc
PCTAQIKVEFYDMRLHSWGN,0.7608532777484787,0.8060576453346361,binary,resnet,deeploc
IRYMPLVAEDNFGSCTQWHK,0.7458562495291192,0.8294849023090586,binary,custom,deeploc
IRYMPLVAEDNFGSCTQWHK,0.7347155601318187,0.7328918322295805,binary,resnet,deeploc
MIPNERYQGWFTLCKDVHSA,0.7552933970661689,0.8333333333333334,binary,custom,deeploc
MIPNERYQGWFTLCKDVHSA,0.7527513386964906,0.8009732360097324,binary,resnet,deeploc
AMGIRKHNSDLYFQEVPCTW,0.7393560025783336,0.8201438848920863,binary,custom,deeploc
AMGIRKHNSDLYFQEVPCTW,0.7719381590586292,0.8156097560975609,binary,resnet,deeploc
KLISPGHMRVEDYWCNAFTQ,0.748438071160892,0.8302895322939866,binary,custom,deeploc
KLISPGHMRVEDYWCNAFTQ,0.7398896674117047,0.817067635043123,binary,resnet,deeploc
KHNLRTECSFDVAGIYPQMW,0.7491949683428626,0.8314806580702534,binary,custom,deeploc
KHNLRTECSFDVAGIYPQMW,0.7077951340928814,0.8088811493252068,binary,resnet,deeploc
VPGSKRNAFCEHQMLYTWDI,0.7501297538026235,0.8317008014247551,binary,custom,deeploc
VPGSKRNAFCEHQMLYTWDI,0.7364072427735503,0.7346938775510204,binary,resnet,deeploc
PNSACYVFLIGRQTHKMEWD,0.759077882976022,0.8392539964476021,binary,custom,deeploc
PNSACYVFLIGRQTHKMEWD,0.7644619681838096,0.8278422273781902,binary,resnet,deeploc
CAEWYIPHLTGDFSKNVQRM,0.7450100594077087,0.8266309204647007,binary,custom,deeploc
CAEWYIPHLTGDFSKNVQRM,0.7596987479455648,0.825,binary,resnet,deeploc
MFAYLRHWNCPIDKEQVTSG,0.7423842889073056,0.8292898103220114,binary,custom,deeploc
MFAYLRHWNCPIDKEQVTSG,0.7509661775087828,0.7640807651434643,binary,resnet,deeploc
QNPWLGYCFSTRDAHMKEVI,0.7304978639454642,0.8186252771618625,binary,custom,deeploc
QNPWLGYCFSTRDAHMKEVI,0.7230963163872076,0.7199112590127565,binary,resnet,deeploc
QETFSVCMNAIDLWPKYRGH,0.754136774459987,0.8374558303886925,binary,custom,deeploc
QETFSVCMNAIDLWPKYRGH,0.7434955674426782,0.8197911938266,binary,resnet,deeploc
LIKTYSACGFRPNQDMVHEW,0.7490170800650723,0.8324468085106383,binary,custom,deeploc
LIKTYSACGFRPNQDMVHEW,0.7534649846109199,0.8111954459203036,binary,resnet,deeploc
RGEIQLWMYFCDVHNSTPKA,0.7395345884572133,0.8235294117647058,binary,custom,deeploc
RGEIQLWMYFCDVHNSTPKA,0.7109559646288344,0.8118209474141678,binary,resnet,deeploc
YPQLADKTEGMNICWHFRVS,0.7438980832712467,0.8316483516483516,binary,custom,deeploc
YPQLADKTEGMNICWHFRVS,0.7425970572395644,0.7578166401695814,binary,resnet,deeploc
CWLREIKPAQDNSTGFHYMV,0.750664116237084,0.8330373001776199,binary,custom,deeploc
CWLREIKPAQDNSTGFHYMV,0.7564493220712614,0.8246663598711459,binary,resnet,deeploc
EDVAYRHKQNPTLWMSGFIC,0.7505748232976441,0.8314005352363961,binary,custom,deeploc
EDVAYRHKQNPTLWMSGFIC,0.7546243976214595,0.825091575091575,binary,resnet,deeploc
NKWVLGFCAHDYRSTMQIPE,0.7248891511868985,0.8174219093708754,binary,custom,deeploc
NKWVLGFCAHDYRSTMQIPE,0.7400236068208644,0.8196573489630298,binary,resnet,deeploc
ECRHDNYLWITMFSGPQAVK,0.7604130914610836,0.8383928571428572,binary,custom,deeploc
ECRHDNYLWITMFSGPQAVK,0.7792399496611053,0.8279827503593675,binary,resnet,deeploc
MKIWERCDLYTGFHVAPNQS,0.7544032580761277,0.8339285714285715,binary,custom,deeploc
MKIWERCDLYTGFHVAPNQS,0.7594259859196196,0.7841318907779495,binary,resnet,deeploc
PGMNKFIDQTRAYVWELSCH,0.7508859533835048,0.8286099865047234,binary,custom,deeploc
PGMNKFIDQTRAYVWELSCH,0.7612969520413203,0.7953745600804424,binary,resnet,deeploc
MNTIQKWRGSHYFVLPAEDC,0.7601912543146627,0.8426619656236227,binary,custom,deeploc
MNTIQKWRGSHYFVLPAEDC,0.7362426089164582,0.8349764252036005,binary,resnet,deeploc
GSMTFCNYALKPIVHDEWRQ,0.7572969073948506,0.8362338241856314,binary,custom,deeploc
GSMTFCNYALKPIVHDEWRQ,0.7653465263651356,0.7871569135163128,binary,resnet,deeploc
APWTCNRISMYFLGVHKDEQ,0.75694113083927,0.8381374722838137,binary,custom,deeploc
APWTCNRISMYFLGVHKDEQ,0.7592055439753774,0.8003952569169961,binary,resnet,deeploc
LWTQCYFHIRESKMPDVGNA,0.7483048293528214,0.8320779796189632,binary,custom,deeploc
LWTQCYFHIRESKMPDVGNA,0.7551120207829317,0.811787072243346,binary,resnet,deeploc
ADLQHWFGSKMPEVCIYTNR,0.7317891235618953,0.8211920529801324,binary,custom,deeploc
ADLQHWFGSKMPEVCIYTNR,0.7432269910232693,0.809878844361603,binary,resnet,deeploc
LQRVDPACYKMFHGIWSTEN,0.7527122730354855,0.8367166813768756,binary,custom,deeploc
LQRVDPACYKMFHGIWSTEN,0.7502992708673414,0.770757180156658,binary,resnet,deeploc
ATDIFHMYGLKRWSCNPQVE,0.7409151410130842,0.8277385159010601,binary,custom,deeploc
ATDIFHMYGLKRWSCNPQVE,0.7419392194122849,0.8295904887714664,binary,resnet,deeploc
FPYTAWGSCQKHRINVLEMD,0.7413155640383848,0.8266075388026608,binary,custom,deeploc
FPYTAWGSCQKHRINVLEMD,0.7613011376478566,0.8247326824732683,binary,resnet,deeploc
SFMAYQEDPVTWNHILGKCR,0.7521772129999359,0.8311688311688312,binary,custom,deeploc
SFMAYQEDPVTWNHILGKCR,0.7114931174676522,0.8298136645962733,binary,resnet,deeploc
AMTIYKQCPRGWLNHEDVFS,0.7520439711918654,0.8329621380846325,binary,custom,deeploc
AMTIYKQCPRGWLNHEDVFS,0.7603677473902744,0.8333333333333334,binary,resnet,deeploc
QCNESYPHWTIRKMGFLDAV,0.7464792073019302,0.8282016956715752,binary,custom,deeploc
QCNESYPHWTIRKMGFLDAV,0.7594252883185302,0.7784743991640544,binary,resnet,deeploc
EIVNFWLRQGCDMHYSAPTK,0.759077882976022,0.8392539964476021,binary,custom,deeploc
EIVNFWLRQGCDMHYSAPTK,0.7503006660695201,0.7821229050279329,binary,resnet,deeploc
FGYVKTRIHEMWANQDLPCS,0.7426061260537263,0.8248436103663985,binary,custom,deeploc
FGYVKTRIHEMWANQDLPCS,0.7505762184998227,0.8397212543554007,binary,resnet,deeploc
RPSLNEDCWQGTMIYKFVAH,0.7525783336263256,0.8342958685028876,binary,custom,deeploc
RPSLNEDCWQGTMIYKFVAH,0.7533296499995814,0.7984306032368809,binary,resnet,deeploc
SGRPTVKQWFCAIHYMNDEL,0.7341484104461578,0.8221238938053097,binary,custom,deeploc
SGRPTVKQWFCAIHYMNDEL,0.740200099896476,0.8094575799721836,binary,resnet,deeploc
MTDCKIPWVGYENFSALRHQ,0.7603231009205544,0.8325011348161597,binary,custom,deeploc
MTDCKIPWVGYENFSALRHQ,0.7279627815866797,0.8313458262350937,binary,resnet,deeploc
IKMDWCGYHENLTSVQRAPF,0.7385998029974523,0.8233199821984869,binary,custom,deeploc
IKMDWCGYHENLTSVQRAPF,0.7588518602230648,0.8173666823973572,binary,resnet,deeploc
FLQMVNRDWHTSACIEYPKG,0.7626837830069955,0.8419182948490231,binary,custom,deeploc
FLQMVNRDWHTSACIEYPKG,0.7499065214540239,0.8275551553354344,binary,resnet,deeploc
KWRAHPNDESVTLYMQGFCI,0.7445210410440577,0.8303886925795053,binary,custom,deeploc
KWRAHPNDESVTLYMQGFCI,0.7629453834155107,0.8062775870524767,binary,resnet,deeploc
MAPIKECLVDGYQSRWHNTF,0.7513756693482453,0.829136690647482,binary,custom,deeploc
MAPIKECLVDGYQSRWHNTF,0.7227384470283589,0.7016129032258065,binary,resnet,deeploc
QFLSRPNCMWAVYHKTEIDG,0.7411376757605945,0.8275862068965517,binary,custom,deeploc
QFLSRPNCMWAVYHKTEIDG,0.7572013360456064,0.7917505030181087,binary,resnet,deeploc
RIMPQHDAGKWVNSLYCFTE,0.7441206180187572,0.8315002199736031,binary,custom,deeploc
RIMPQHDAGKWVNSLYCFTE,0.7733640556853092,0.8258801141769743,binary,resnet,deeploc
VTYPKEQFGAWCSDNIHLMR,0.7550269134500279,0.8368794326241135,binary,custom,deeploc
VTYPKEQFGAWCSDNIHLMR,0.7287196787686503,0.8324829931972789,binary,resnet,deeploc
QNKMSTRYGWECPIFLHVDA,0.7480383457366808,0.8355984217448488,binary,custom,deeploc
QNKMSTRYGWECPIFLHVDA,0.7705143552352173,0.8196248196248196,binary,resnet,deeploc
PAWFECMRVKIDNYHLSQGT,0.7431858325589962,0.8312829525483304,binary,custom,deeploc
PAWFECMRVKIDNYHLSQGT,0.7629007369457909,0.8053097345132744,binary,resnet,deeploc
LPGQMAKCETWDFIHNSRYV,0.7427847119326062,0.8281665190434012,binary,custom,deeploc
LPGQMAKCETWDFIHNSRYV,0.729120101793951,0.8314127187366624,binary,resnet,deeploc
WHDRCGMKFVTYPAENISQL,0.7493721590195636,0.8261851015801355,binary,custom,deeploc
WHDRCGMKFVTYPAENISQL,0.7622359231076175,0.8249534450651769,binary,resnet,deeploc
WAQCKRVLFHGNEMTPDSYI,0.7531119984596968,0.831390134529148,binary,custom,deeploc
WAQCKRVLFHGNEMTPDSYI,0.7613883377840284,0.8125,binary,resnet,deeploc
EFPCDQGWTYNALMIRHSKV,0.7402468391694641,0.8238965670976371,binary,custom,deeploc
EFPCDQGWTYNALMIRHSKV,0.7608072360765799,0.7947686116700201,binary,resnet,deeploc
QLVKYPGHETIFWNRAMSCD,0.7662443389671598,0.8396396396396396,binary,custom,deeploc
QLVKYPGHETIFWNRAMSCD,0.7554210580655243,0.7934131736526946,binary,resnet,deeploc
PHCFWMGNAEIDSLQVTRYK,0.742428237775936,0.8258351893095769,binary,custom,deeploc
PHCFWMGNAEIDSLQVTRYK,0.7596945623390285,0.7957957957957958,binary,resnet,deeploc
HRQGSKELIPAFYCDVWNTM,0.7457669565896795,0.8278322925958965,binary,custom,deeploc
HRQGSKELIPAFYCDVWNTM,0.777057853453544,0.8211856171039844,binary,resnet,deeploc
STFCLGNQEWAIDRVMPHYK,0.7423389448364963,0.8241610738255034,binary,custom,deeploc
STFCLGNQEWAIDRVMPHYK,0.6769493067240374,0.8155026241421074,binary,resnet,deeploc
GPHQSLANRDYMWVCKEITF,0.751287771610984,0.8359788359788359,binary,custom,deeploc
GPHQSLANRDYMWVCKEITF,0.6914608045851924,0.8187422934648582,binary,resnet,deeploc
DQIHWYSAMKRECNPGFTVL,0.7429632978114858,0.8314310798946444,binary,custom,deeploc
DQIHWYSAMKRECNPGFTVL,0.7550694671164799,0.8247706422018348,binary,resnet,deeploc
IMLSQCFEVTYRKDWHNAGP,0.7446535852510389,0.8242696629213483,binary,custom,deeploc
IMLSQCFEVTYRKDWHNAGP,0.6901025752641815,0.61003861003861,binary,resnet,deeploc
FCHIMERLNTYKPSDAQVWG,0.7377543104771314,0.8247787610619469,binary,custom,deeploc
FCHIMERLNTYKPSDAQVWG,0.7646405540626893,0.8312643678160919,binary,resnet,deeploc
LFIMDSAEQWRPGNHKYTVC,0.7456783612513289,0.8304559539619301,binary,custom,deeploc
LFIMDSAEQWRPGNHKYTVC,0.7601905567135734,0.8385370205173952,binary,resnet,deeploc
RPNVTFDMSKAECQGLWHIY,0.7527122730354855,0.8367166813768756,binary,custom,deeploc
RPNVTFDMSKAECQGLWHIY,0.711759601083793,0.8264324550397323,binary,resnet,deeploc
ARSLNVDGTHPQWCEIMYKF,0.7339712197694568,0.8273757628596339,binary,custom,deeploc
ARSLNVDGTHPQWCEIMYKF,0.7657936886634242,0.8027888446215139,binary,resnet,deeploc
QYPGFRNTMSECAIDLVKWH,0.7471028626758304,0.8311918475852902,binary,custom,deeploc
QYPGFRNTMSECAIDLVKWH,0.7654825585775635,0.8061174148988653,binary,resnet,deeploc
MIRCEYVLHFTAGDWSKPQN,0.7594336595316027,0.837354781054513,binary,custom,deeploc
MIRCEYVLHFTAGDWSKPQN,0.7369960180929819,0.8147138964577657,binary,resnet,deeploc
HTQKLSYRGVFAENIWDMCP,0.74696962086776,0.8329660643455267,binary,custom,deeploc
HTQKLSYRGVFAENIWDMCP,0.7454069944275625,0.8022922636103151,binary,resnet,deeploc
QYWEPSMLTHDNVKFARCIG,0.7532905843385767,0.8346666666666667,binary,custom,deeploc
QYWEPSMLTHDNVKFARCIG,0.7353071258556078,0.8306626245127761,binary,resnet,deeploc
RVEAYIPFCWMHLGKTSQDN,0.749729330777323,0.8328159645232815,binary,custom,deeploc
RVEAYIPFCWMHLGKTSQDN,0.758275641723242,0.8330324909747292,binary,resnet,deeploc
TERQIPSNYDMHKLWGVAFC,0.7485266664992424,0.8276481149012568,binary,custom,deeploc
TERQIPSNYDMHKLWGVAFC,0.7519002653674544,0.7580993520518359,binary,resnet,deeploc
PMWRACETYIGFKNVSHLQD,0.7531119984596968,0.831390134529148,binary,custom,deeploc
PMWRACETYIGFKNVSHLQD,0.7585853766069242,0.8212785814279048,binary,resnet,deeploc
KFPYNDRQSAHLMIWCGTEV,0.7580091581071013,0.8366071428571429,binary,custom,deeploc
KFPYNDRQSAHLMIWCGTEV,0.7572452849142369,0.7873855544252288,binary,resnet,deeploc
HVWNMSYTDGLIEAPCRFQK,0.7612592815824941,0.8411712511091393,binary,custom,deeploc
HVWNMSYTDGLIEAPCRFQK,0.7461220355441707,0.8214447978191731,binary,resnet,deeploc
VELFITAWYHSKQCNRDMGP,0.7474586392314111,0.8292465448060633,binary,custom,deeploc
VELFITAWYHSKQCNRDMGP,0.7596554966780237,0.8329560887279311,binary,resnet,deeploc
KALMEWQDCRNYITVPGSFH,0.7507080651057144,0.8295964125560538,binary,custom,deeploc
KALMEWQDCRNYITVPGSFH,0.7747446082411802,0.8303487276154571,binary,resnet,deeploc
CWHSEGMIQDYFNPTRVALK,0.7414934523161751,0.8256227758007118,binary,custom,deeploc
CWHSEGMIQDYFNPTRVALK,0.7459001983977499,0.8260089686098655,binary,resnet,deeploc
CKARHDINYVLSETFGWQPM,0.7567178984906704,0.8340807174887892,binary,custom,deeploc
CKARHDINYVLSETFGWQPM,0.7619659514860297,0.8051055473735886,binary,resnet,deeploc
QLHMIWRTASYCNKVEGPFD,0.7514649622876851,0.8307967770814683,binary,custom,deeploc
QLHMIWRTASYCNKVEGPFD,0.7721160473364195,0.8144884973078805,binary,resnet,deeploc
NMKIGWLVCDQTAEYPHRFS,0.75649536374316,0.8342293906810035,binary,custom,deeploc
NMKIGWLVCDQTAEYPHRFS,0.6982268375510294,0.8199170124481328,binary,resnet,deeploc
RCGLTPYISHFDWKENAQMV,0.7341930569158778,0.8229580573951435,binary,custom,deeploc
RCGLTPYISHFDWKENAQMV,0.732183965778481,0.7813725490196078,binary,resnet,deeploc
NFPSVIYQALCDKWRMGTHE,0.7507973580451542,0.83125,binary,custom,deeploc
NFPSVIYQALCDKWRMGTHE,0.7563118946566546,0.7978250123578843,binary,resnet,deeploc
AKIMCYGQNSRTPEWVLDHF,0.7480369505345019,0.8271216883700044,binary,custom,deeploc
AKIMCYGQNSRTPEWVLDHF,0.7557349785557426,0.8103201146679407,binary,resnet,deeploc
PSQNVFAHKMIDWERLTGCY,0.7483048293528214,0.8320779796189632,binary,custom,deeploc
PSQNVFAHKMIDWERLTGCY,0.7477181468366582,0.775782452539764,binary,resnet,deeploc
RHYDVTECWSPFIAKQNGLM,0.753603109626616,0.8402625820568927,binary,custom,deeploc
RHYDVTECWSPFIAKQNGLM,0.7270712473944598,0.8236316246741964,binary,resnet,deeploc
YHDTWICNLAQPSGKREMVF,0.7521772129999359,0.8311688311688312,binary,custom,deeploc
YHDTWICNLAQPSGKREMVF,0.738823035346052,0.8274647887323944,binary,resnet,deeploc
FQKYIRGNMSEHTLVWCAPD,0.7589439435668622,0.8368350469378633,binary,custom,deeploc
FQKYIRGNMSEHTLVWCAPD,0.7507073675046252,0.8252383113935542,binary,resnet,deeploc
NVLICPKQGFMSATHWDYRE,0.7422949959678657,0.8276473194505981,binary,custom,deeploc
NVLICPKQGFMSATHWDYRE,0.7011651333394722,0.8228476821192053,binary,resnet,deeploc
SDFCYMLEITVHGAWNQPKR,0.7587653576879825,0.8335588633288228,binary,custom,deeploc
SDFCYMLEITVHGAWNQPKR,0.7645080098557081,0.8373983739837398,binary,resnet,deeploc
MTLGKRFWCHPDQENVYSIA,0.7504862279592937,0.8339973439575034,binary,custom,deeploc
MTLGKRFWCHPDQENVYSIA,0.7572069168543213,0.8303085299455535,binary,resnet,deeploc
EALFNTCWRVKPSYGQDIMH,0.745010757008798,0.8309050772626931,binary,custom,deeploc
EALFNTCWRVKPSYGQDIMH,0.7564911781366238,0.8067632850241546,binary,resnet,deeploc
RPNCEAVGDWKMLTFQYHSI,0.7497725820448642,0.8250226654578422,binary,custom,deeploc
RPNCEAVGDWKMLTFQYHSI,0.7792825033275572,0.8145201392342118,binary,resnet,deeploc
NVECTFYWIQAKMHPDRLGS,0.7485720105700517,0.8327433628318585,binary,custom,deeploc
NVECTFYWIQAKMHPDRLGS,0.754308384327973,0.7944389275074478,binary,resnet,deeploc
MYNIRDHQAGETKCSFPVLW,0.7461234307463496,0.8301552106430156,binary,custom,deeploc
MYNIRDHQAGETKCSFPVLW,0.6929718085447762,0.8041148735533648,binary,resnet,deeploc
AGCEWIQVYMSTLPHFKNRD,0.7443431527662673,0.8313518273888155,binary,custom,deeploc
AGCEWIQVYMSTLPHFKNRD,0.7028568159812039,0.8241621845262722,binary,resnet,deeploc
NTDCQGEWLKVIPYAFSRMH,0.7535577655558066,0.8353306702174877,binary,custom,deeploc
NTDCQGEWLKVIPYAFSRMH,0.7774554860744871,0.7995878413189078,binary,resnet,deeploc
IDYACSFPKHNGRLQVEWTM,0.7435409115134874,0.8250559284116331,binary,custom,deeploc
IDYACSFPKHNGRLQVEWTM,0.7295135488083578,0.7839147286821705,binary,resnet,deeploc
QCYFDAPEGHNMVKRISTWL,0.7378422082143923,0.8176895306859205,binary,custom,deeploc
QCYFDAPEGHNMVKRISTWL,0.7546223048181913,0.8112220637184974,binary,resnet,deeploc
RTDECPKSNIGAVQMWYHFL,0.7470582162061103,0.8303730017761989,binary,custom,deeploc
RTDECPKSNIGAVQMWYHFL,0.7216418181158633,0.8297422898183354,binary,resnet,deeploc
EDTLHIQYGNKPRSVWMCFA,0.7339258756986474,0.8222811671087533,binary,custom,deeploc
EDTLHIQYGNKPRSVWMCFA,0.7488733742406612,0.7579173376274826,binary,resnet,deeploc
ERPLTGQKYSFWHVCDAINM,0.7501737026712542,0.8282374100719424,binary,custom,deeploc
ERPLTGQKYSFWHVCDAINM,0.7771018023221745,0.8172888015717092,binary,resnet,deeploc
TLHMNVWDARYFCIGSKEPQ,0.745010757008798,0.8309050772626931,binary,custom,deeploc
TLHMNVWDARYFCIGSKEPQ,0.7544813893981377,0.7524752475247525,binary,resnet,deeploc
PNHVQSCAKDTMEIFLGRYW,0.7546257928236381,0.8337801608579088,binary,custom,deeploc
PNHVQSCAKDTMEIFLGRYW,0.7702897276844388,0.805,binary,resnet,deeploc
WDSIGHLATVQNKFEMPCRY,0.7377550080782207,0.8290336685614342,binary,custom,deeploc
WDSIGHLATVQNKFEMPCRY,0.7643259359713817,0.811073336571151,binary,resnet,deeploc
RAEKFIPDSMLQNVHGCWYT,0.748749898847842,0.831779849090102,binary,custom,deeploc
RAEKFIPDSMLQNVHGCWYT,0.7644138337086427,0.8029776674937965,binary,resnet,deeploc
SHVTFRNIDYCQMAPKELWG,0.7427847119326062,0.8281665190434012,binary,custom,deeploc
SHVTFRNIDYCQMAPKELWG,0.7302306827282341,0.8179396092362344,binary,resnet,deeploc
AQVEINLCFMGYPRHTSKDW,0.7630842060322962,0.8408381631743201,binary,custom,deeploc
AQVEINLCFMGYPRHTSKDW,0.7514614742822383,0.8080038113387328,binary,resnet,deeploc
RNKSPMDGYICFVHLEAQTW,0.7573862003342905,0.8378498445135495,binary,custom,deeploc
RNKSPMDGYICFVHLEAQTW,0.7219089993330934,0.830379746835443,binary,resnet,deeploc
FCSDNRHWGVIKEMPATLQY,0.7578305722282215,0.8333333333333334,binary,custom,deeploc
FCSDNRHWGVIKEMPATLQY,0.763929000951528,0.8352246935996369,binary,resnet,deeploc
GVLADYRECPSIQNKTWHMF,0.7533798772780164,0.8362831858407079,binary,custom,deeploc
GVLADYRECPSIQNKTWHMF,0.7560516894503183,0.8427947598253275,binary,resnet,deeploc
KMGAEISPCWFTLVQNRDYH,0.7485720105700517,0.8327433628318585,binary,custom,deeploc
KMGAEISPCWFTLVQNRDYH,0.7505713352921972,0.8087327954437589,binary,resnet,deeploc
CHWAKQYEIRLMDGSNTFPV,0.751287771610984,0.8359788359788359,binary,custom,deeploc
CHWAKQYEIRLMDGSNTFPV,0.7602784544508343,0.8316651501364877,binary,resnet,deeploc
NPVTEWIRKHLADYGCSQMF,0.75680719143011,0.8357142857142857,binary,custom,deeploc
NPVTEWIRKHLADYGCSQMF,0.7672237708966406,0.8406840684068407,binary,resnet,deeploc
TKLFQEMWVSHPGDRNYCAI,0.7598780314255339,0.8328047122791119,binary,custom,deeploc
TKLFQEMWVSHPGDRNYCAI,0.74728144855471,0.8344312692138779,binary,resnet,deeploc
KTNEFQIMLRGWHAVCDPYS,0.752043273590776,0.8286744815148782,binary,custom,deeploc
KTNEFQIMLRGWHAVCDPYS,0.7431739733404767,0.7418822234452394,binary,resnet,deeploc
SGLQVTEFRDCANPKYMHIW,0.7454111800340987,0.8297872340425532,binary,custom,deeploc
SGLQVTEFRDCANPKYMHIW,0.7355729118706591,0.8228520814880426,binary,resnet,deeploc
MWRNTIVYDFKEQSLHPGCA,0.7596122454104824,0.8405668733392383,binary,custom,deeploc
MWRNTIVYDFKEQSLHPGCA,0.7549285516964264,0.7704485488126649,binary,resnet,deeploc
NQPGRTVAFMSHKEIWYLCD,0.7571636655867802,0.8379937860630271,binary,custom,deeploc
NQPGRTVAFMSHKEIWYLCD,0.7589404555614154,0.8144624167459562,binary,resnet,deeploc
MNKVRHQWLYDIESFTPGAC,0.7460341378069095,0.8285077951002228,binary,custom,deeploc
MNKVRHQWLYDIESFTPGAC,0.7569815917024536,0.8122020972354623,binary,resnet,deeploc
SNGIWMVPHYECRDLTQAFK,0.7540021374497378,0.8307830783078308,binary,custom,deeploc
SNGIWMVPHYECRDLTQAFK,0.7274256287478619,0.8128916741271263,binary,resnet,deeploc
VYHRTWGLIDSFQNCKEPMA,0.7553826900056088,0.8349687778768956,binary,custom,deeploc
VYHRTWGLIDSFQNCKEPMA,0.7585853766069242,0.8212785814279048,binary,resnet,deeploc
NMYGILEWSAHCQVKFRDTP,0.7467463885191604,0.8288770053475936,binary,custom,deeploc
NMYGILEWSAHCQVKFRDTP,0.7373838842986737,0.7076742823667252,binary,resnet,deeploc
DLISANTMPFKECVWQGYHR,0.7515989016968448,0.8332592263228101,binary,custom,deeploc
DLISANTMPFKECVWQGYHR,0.7183728594110572,0.6637931034482759,binary,resnet,deeploc
FYPWTDSHKERLGVMNACIQ,0.749684684307603,0.832,binary,custom,deeploc
FYPWTDSHKERLGVMNACIQ,0.7426005452450115,0.7863501483679525,binary,resnet,deeploc
EWHGAQCTNYMVRFPISLDK,0.7397131743360931,0.8268551236749117,binary,custom,deeploc
EWHGAQCTNYMVRFPISLDK,0.7623677697135092,0.813640730067243,binary,resnet,deeploc
TMSRGIALNPYCEFDWVQKH,0.7507087627068039,0.8338502436863092,binary,custom,deeploc
TMSRGIALNPYCEFDWVQKH,0.734193754516967,0.8272251308900523,binary,resnet,deeploc
CGWDRSIPMVFQAHYLETKN,0.7650870187598885,0.8395505617977528,binary,custom,deeploc
CGWDRSIPMVFQAHYLETKN,0.7525678696099852,0.7573131094257854,binary,resnet,deeploc
GWLIVSTEPNYADQHFMRKC,0.7514649622876851,0.8307967770814683,binary,custom,deeploc
GWLIVSTEPNYADQHFMRKC,0.7861392244350128,0.827485380116959,binary,resnet,deeploc
YTQSFKHCMREWANVLPDIG,0.7524011429496249,0.8393873085339169,binary,custom,deeploc
YTQSFKHCMREWANVLPDIG,0.6999631666624812,0.8220198675496688,binary,resnet,deeploc
KRHSCWMTYEFDNGILVPQA,0.7505294792268348,0.8262443438914027,binary,custom,deeploc
KRHSCWMTYEFDNGILVPQA,0.7486166570397715,0.8335540838852097,binary,resnet,deeploc
HQDCLMPGINKTSVEWARYF,0.7430072466801164,0.8280141843971631,binary,custom,deeploc
HQDCLMPGINKTSVEWARYF,0.7505287816257455,0.8218048557031608,binary,resnet,deeploc
PHNSAYVMTCKGDELFRQWI,0.7438527392004375,0.8265715559518502,binary,custom,deeploc
PHNSAYVMTCKGDELFRQWI,0.7502092803268123,0.7625133120340788,binary,resnet,deeploc
WTFNVDLCIRYAQPSMEKHG,0.7456344123826985,0.8338448049101271,binary,custom,deeploc
WTFNVDLCIRYAQPSMEKHG,0.7159431148167681,0.8228279386712095,binary,resnet,deeploc
EMWLKIGQDYTRHAPNSVFC,0.7377989569468512,0.82560706401766,binary,custom,deeploc
EMWLKIGQDYTRHAPNSVFC,0.7391237014155722,0.7456709956709957,binary,resnet,deeploc
KHQPSEITFAGNDRMCWYLV,0.7475486297719403,0.8350877192982457,binary,custom,deeploc
KHQPSEITFAGNDRMCWYLV,0.7292540412031108,0.833757421543681,binary,resnet,deeploc
RQFMIHNADLVGCYKWTEPS,0.7403368297099933,0.8298245614035088,binary,custom,deeploc
RQFMIHNADLVGCYKWTEPS,0.7440766691501266,0.8348583877995642,binary,resnet,deeploc
PRLVTEQDIMCSWAYKGFNH,0.7552494481975383,0.8367346938775511,binary,custom,deeploc
PRLVTEQDIMCSWAYKGFNH,0.7527973803683892,0.8117313150425733,binary,resnet,deeploc
IMSDCPTQLENYFARHKGWV,0.7603677473902744,0.8333333333333334,binary,custom,deeploc
IMSDCPTQLENYFARHKGWV,0.7239397161042607,0.695143358689292,binary,resnet,deeploc
TVSMYALDRIWKFNGHEPQC,0.7534231285455575,0.8285843509724107,binary,custom,deeploc
TVSMYALDRIWKFNGHEPQC,0.764636368456153,0.8027819175360159,binary,resnet,deeploc
MHTPYWVNCSKDQIFLRGAE,0.7515989016968448,0.8332592263228101,binary,custom,deeploc
MHTPYWVNCSKDQIFLRGAE,0.7213306880300024,0.8323554065381391,binary,resnet,deeploc
MFHKGWCIRPLTDEAYSNQV,0.7467470861202496,0.8331131660061647,binary,custom,deeploc
MFHKGWCIRPLTDEAYSNQV,0.7210188603430523,0.830950378469302,binary,resnet,deeploc
VDMAHKSTNIPYFCREWGQL,0.7394906395885827,0.8270079435127978,binary,custom,deeploc
VDMAHKSTNIPYFCREWGQL,0.7451412084125111,0.8111888111888111,binary,resnet,deeploc
IDYQNTLAKWFHVPSGRMEC,0.741004433952524,0.8293755496921724,binary,custom,deeploc
IDYQNTLAKWFHVPSGRMEC,0.7134945349930659,0.8203158344003414,binary,resnet,deeploc
PNQLEYFIKRGVCDMTHASW,0.7468356814586001,0.8305235137533274,binary,custom,deeploc
PNQLEYFIKRGVCDMTHASW,0.7548022858992497,0.8240698208543867,binary,resnet,deeploc
FRTCHQINDKYGMASVWLEP,0.7505301768279242,0.8305766651765758,binary,custom,deeploc
FRTCHQINDKYGMASVWLEP,0.7284078510817004,0.8310580204778157,binary,resnet,deeploc
HTRWPMVFIGNQSDKAECLY,0.7448335663320971,0.8360156589821661,binary,custom,deeploc
HTRWPMVFIGNQSDKAECLY,0.7437648414631766,0.8334062090074333,binary,resnet,deeploc
WMKPTGHQVNADRLYEICSF,0.7462127236857893,0.8317880794701987,binary,custom,deeploc
WMKPTGHQVNADRLYEICSF,0.7418952705436545,0.8329699084169211,binary,resnet,deeploc
TCSQKMWVAEHPFRDGNIYL,0.7387337424066123,0.8258178603006189,binary,custom,deeploc
TCSQKMWVAEHPFRDGNIYL,0.7459001983977499,0.8260089686098655,binary,resnet,deeploc
VTLPCKSGDFQWNMIYHERA,0.7501304514037129,0.8358996920369556,binary,custom,deeploc
VTLPCKSGDFQWNMIYHERA,0.766994957739326,0.7985865724381626,binary,resnet,deeploc
TYDMSPVEKRGHIWFNQCLA,0.743764143862087,0.8292035398230089,binary,custom,deeploc
TYDMSPVEKRGHIWFNQCLA,0.7379768452246415,0.8246235606731621,binary,resnet,deeploc
PLWTARQKIHYCFSNVGEDM,0.7514210134190545,0.8342198581560284,binary,custom,deeploc
PLWTARQKIHYCFSNVGEDM,0.7755015054231508,0.8316086547507056,binary,resnet,deeploc
KEWDARMINYGCPFLQVSHT,0.7471475091455503,0.8320070733863837,binary,custom,deeploc
KEWDARMINYGCPFLQVSHT,0.7513686933373516,0.7799385875127943,binary,resnet,deeploc
VKCYSADIFPLNRWHTGEQM,0.7461680772160694,0.8309734513274336,binary,custom,deeploc
VKCYSADIFPLNRWHTGEQM,0.7560495966470502,0.8302399275690358,binary,resnet,deeploc
GKSPLMITHFENQCYARWVD,0.7395792349269333,0.8243663850600267,binary,custom,deeploc
GKSPLMITHFENQCYARWVD,0.7412130166782468,0.7182448036951501,binary,resnet,deeploc
PYSTMKVHEQAGNRWLIDFC,0.7509305998532247,0.829443447037702,binary,custom,deeploc
PYSTMKVHEQAGNRWLIDFC,0.7550645839088542,0.790557508789553,binary,resnet,deeploc
STAQVYWPREKCMHGDLNIF,0.7581870463848916,0.8356471115091805,binary,custom,deeploc
STAQVYWPREKCMHGDLNIF,0.7324909102578054,0.7423345884884346,binary,resnet,deeploc
KLSPCDTQMEWVHANIYGRF,0.752043273590776,0.8286744815148782,binary,custom,deeploc
KLSPCDTQMEWVHANIYGRF,0.7425077643001248,0.7554608417687799,binary,resnet,deeploc
VGCQLFWTKSDANPRIMHEY,0.7518653853129857,0.8296629213483147,binary,custom,deeploc
VGCQLFWTKSDANPRIMHEY,0.7553826900056088,0.8349687778768956,binary,resnet,deeploc
SVDCNAILRYWQEPKMHTFG,0.7485273641003318,0.8319290465631929,binary,custom,deeploc
SVDCNAILRYWQEPKMHTFG,0.7504408838884842,0.8289178266726538,binary,resnet,deeploc
QWIEFRYNLSKVAGCTPMHD,0.7460787842766295,0.8293333333333334,binary,custom,deeploc
QWIEFRYNLSKVAGCTPMHD,0.7395352860583027,0.8278291501541172,binary,resnet,deeploc
DTFCEQAGSYVPLWIRKMNH,0.7478590622567115,0.8281110116383169,binary,custom,deeploc
DTFCEQAGSYVPLWIRKMNH,0.7614343794559268,0.822814399251987,binary,resnet,deeploc
HGVQTWDRMLYIFEKNSAPC,0.7581870463848916,0.8356471115091805,binary,custom,deeploc
HGVQTWDRMLYIFEKNSAPC,0.6521537736033329,0.8024,binary,resnet,deeploc
HSYLPGKFDIVNMWEQCART,0.7413162616394742,0.8308501314636284,binary,custom,deeploc
HSYLPGKFDIVNMWEQCART,0.6749904428650755,0.8135867367569753,binary,resnet,deeploc
AEMTIWFQPKNDRVHSYGCL,0.733079685577237,0.8193950177935944,binary,custom,deeploc
AEMTIWFQPKNDRVHSYGCL,0.7238071718972797,0.7059496567505721,binary,resnet,deeploc
CRKVENYISQGLDMHPWTAF,0.7337033409511372,0.8224381625441696,binary,custom,deeploc
CRKVENYISQGLDMHPWTAF,0.7237632230286491,0.711864406779661,binary,resnet,deeploc
FAWRDTKCNGVMYPISHLQE,0.7444763945743378,0.8295706064630367,binary,custom,deeploc
FAWRDTKCNGVMYPISHLQE,0.7588539530263332,0.8309090909090909,binary,resnet,deeploc
AEDCFPGQIMHVTRNKLYWS,0.7477704669183611,0.8307418924922256,binary,custom,deeploc
AEDCFPGQIMHVTRNKLYWS,0.757866847484869,0.7743293003682272,binary,resnet,deeploc
VHRTEMALPQSFYGCKNDIW,0.7449214640693582,0.8292682926829268,binary,custom,deeploc
VHRTEMALPQSFYGCKNDIW,0.7029461089206437,0.8257107540173053,binary,resnet,deeploc
NCHLQIWDYASPTRVGEFMK,0.7459008959988391,0.8303057155516171,binary,custom,deeploc
NCHLQIWDYASPTRVGEFMK,0.7188814106052108,0.8258283772302464,binary,resnet,deeploc
ECWYHMNVAPKQTSRIDGLF,0.7499965119945531,0.83348095659876,binary,custom,deeploc
ECWYHMNVAPKQTSRIDGLF,0.7361923816380231,0.7982954545454546,binary,resnet,deeploc
GHVEQWMIRTLFYPANCKDS,0.7513763669493346,0.8334073745002222,binary,custom,deeploc
GHVEQWMIRTLFYPANCKDS,0.7485245736959742,0.8141592920353983,binary,resnet,deeploc
FQLYEDHATVRWINGSMKPC,0.7418506240739345,0.8321678321678322,binary,custom,deeploc
FQLYEDHATVRWINGSMKPC,0.7040134385873857,0.820125786163522,binary,resnet,deeploc
PSEHIAWRFQYNKCVLMGDT,0.7588999946982318,0.8401947764497565,binary,custom,deeploc
PSEHIAWRFQYNKCVLMGDT,0.7272944797430596,0.8276751181779115,binary,resnet,deeploc
CRAVTFMDLYPGISNQHKEW,0.7552947922683476,0.8416447944007,binary,custom,deeploc
CRAVTFMDLYPGISNQHKEW,0.770249266821255,0.832637923041261,binary,resnet,deeploc
RCAHKSQIYMTPLDGFEWNV,0.7420278147506356,0.8269742679680568,binary,custom,deeploc
RCAHKSQIYMTPLDGFEWNV,0.7329450485669878,0.8123300090661831,binary,resnet,deeploc
WHFMEIDVLPTKYGSANRCQ,0.7352617817847984,0.8256477821695213,binary,custom,deeploc
WHFMEIDVLPTKYGSANRCQ,0.686830826155018,0.8145094806265457,binary,resnet,deeploc
QTIWDSRNCHMFEKLAVGYP,0.7497732796459534,0.8293775190326914,binary,custom,deeploc
QTIWDSRNCHMFEKLAVGYP,0.6945769886514255,0.8207236842105263,binary,resnet,deeploc
LITMFGQHWENKVCYPSRAD,0.7469242767969507,0.8278945015645954,binary,custom,deeploc
LITMFGQHWENKVCYPSRAD,0.7307559763485327,0.7519664394336655,binary,resnet,deeploc
NEYKPRDQIWSFMCVTGAHL,0.7426068236548159,0.8291390728476821,binary,custom,deeploc
NEYKPRDQIWSFMCVTGAHL,0.7619701370925662,0.833105957253297,binary,resnet,deeploc
LPCVIMRYEAQTFWGKNSDH,0.7519993247221456,0.8321428571428572,binary,custom,deeploc
LPCVIMRYEAQTFWGKNSDH,0.7656611444564432,0.8099658036150464,binary,resnet,deeploc
CPLKVWFMDQESRATGIYNH,0.7467463885191604,0.8288770053475936,binary,custom,deeploc
CPLKVWFMDQESRATGIYNH,0.7190599964840905,0.8289806234203876,binary,resnet,deeploc
GHSEQNCVRFTLYWDMIAKP,0.7539581885811073,0.8342245989304813,binary,custom,deeploc
GHSEQNCVRFTLYWDMIAKP,0.7541291008480039,0.7849517031011692,binary,resnet,deeploc
ESDAFVKHMRITWLQPGNCY,0.744342455165178,0.8270944741532977,binary,custom,deeploc
ESDAFVKHMRITWLQPGNCY,0.710361608500688,0.6780660377358491,binary,resnet,deeploc
RIHECKMGDPASLVWNYFQT,0.7532898867374871,0.8304093567251462,binary,custom,deeploc
RIHECKMGDPASLVWNYFQT,0.7547994954948922,0.80521991300145,binary,resnet,deeploc
YMFHVAPQEDLCSKGIRWNT,0.7498632701864827,0.8352422907488987,binary,custom,deeploc
YMFHVAPQEDLCSKGIRWNT,0.7572508657229519,0.8267644362969753,binary,resnet,deeploc
QFTYPDAIVLGWEKSCMNRH,0.7458555519280299,0.8251685393258427,binary,custom,deeploc
QFTYPDAIVLGWEKSCMNRH,0.7565790758738847,0.7986179664363278,binary,resnet,deeploc
FWRYANVSIEHLDQKTCMPG,0.7495953913681632,0.8303571428571429,binary,custom,deeploc
FWRYANVSIEHLDQKTCMPG,0.7620147835622859,0.8339382940108893,binary,resnet,deeploc
ELMCDKRQPAFHWTNGSIYV,0.7495960889692524,0.8345831495368328,binary,custom,deeploc
ELMCDKRQPAFHWTNGSIYV,0.7237625254275597,0.7045324153757889,binary,resnet,deeploc
RHLTIWPNAQEMVFKDCYGS,0.7433190743670666,0.8295053003533569,binary,custom,deeploc
RHLTIWPNAQEMVFKDCYGS,0.7697107187802584,0.8024132730015083,binary,resnet,deeploc
STGLVWNRIQCEPFDKAHYM,0.7323681324660758,0.8233743409490334,binary,custom,deeploc
STGLVWNRIQCEPFDKAHYM,0.7553798996012511,0.817244611059044,binary,resnet,deeploc
YWIKVTPRSEMHQFCALNGD,0.748749898847842,0.831779849090102,binary,custom,deeploc
YWIKVTPRSEMHQFCALNGD,0.749190085135237,0.7990291262135922,binary,resnet,deeploc
RKNDIYCMTQFHVLEGPWAS,0.7479044063275209,0.8331862312444837,binary,custom,deeploc
RKNDIYCMTQFHVLEGPWAS,0.7202173166913617,0.8290417897847193,binary,resnet,deeploc
TAIVQSFKYRMGWLEDPHNC,0.7456776636502396,0.8261648745519713,binary,custom,deeploc
TAIVQSFKYRMGWLEDPHNC,0.7579645116373812,0.8357941834451902,binary,resnet,deeploc
LHTIRGVMFWDNYQCSKPAE,0.7467024396505297,0.8323036187113857,binary,custom,deeploc
LHTIRGVMFWDNYQCSKPAE,0.7468301006498852,0.7929342492639843,binary,resnet,deeploc
LNYKCQRHVFGDSEMIWTAP,0.7514210134190545,0.8342198581560284,binary,custom,deeploc
LNYKCQRHVFGDSEMIWTAP,0.7507973580451542,0.83125,binary,resnet,deeploc
RGKVYMIECLTHNPQWDSFA,0.7388223377449625,0.823162583518931,binary,custom,deeploc
RGKVYMIECLTHNPQWDSFA,0.7483927270900826,0.8251242657026661,binary,resnet,deeploc
QFSRDWEHLPICMNGAYVTK,0.748927089524543,0.8264984227129337,binary,custom,deeploc
QFSRDWEHLPICMNGAYVTK,0.7716681874370415,0.7942238267148014,binary,resnet,deeploc
WPESDNLMHRVGQTFAYICK,0.7565846566826,0.8358608385370205,binary,custom,deeploc
WPESDNLMHRVGQTFAYICK,0.7444659305579971,0.7518878101402373,binary,resnet,deeploc
FCHWARTYMNGLPDEIKSQV,0.7560949407178594,0.8353413654618473,binary,custom,deeploc
FCHWARTYMNGLPDEIKSQV,0.6960007924748375,0.8173116937161881,binary,resnet,deeploc
VYEPQIMLHADTGNKCWRSF,0.7504415814895736,0.8331854480922803,binary,custom,deeploc
VYEPQIMLHADTGNKCWRSF,0.6893903245519307,0.6096463022508039,binary,resnet,deeploc
GFSWVYHDMQLNRPIEKATC,0.7452332917563084,0.830755634114008,binary,custom,deeploc
GFSWVYHDMQLNRPIEKATC,0.7440759715490373,0.8306878306878307,binary,resnet,deeploc
MIPECQGVSDHTNAWKRFLY,0.7409590898817147,0.8242640499553969,binary,custom,deeploc
MIPECQGVSDHTNAWKRFLY,0.7632167502392772,0.8348457350272233,binary,resnet,deeploc
TVFGKDHMEWNACYPLRISQ,0.7449214640693582,0.8292682926829268,binary,custom,deeploc
TVFGKDHMEWNACYPLRISQ,0.7172615808756847,0.6824644549763034,binary,resnet,deeploc
WYANDEVQTFHGSPCRIKLM,0.7357061536787296,0.8210151380231523,binary,custom,deeploc
WYANDEVQTFHGSPCRIKLM,0.6914601069841031,0.8146300914380715,binary,resnet,deeploc
FCVGWSAMNLYHQPTKIERD,0.7483494758225415,0.8328912466843501,binary,custom,deeploc
FCVGWSAMNLYHQPTKIERD,0.7311640729858164,0.8091116173120729,binary,resnet,deeploc
FASIPGKWQTCHMEYDVRNL,0.7510198927926647,0.8310991957104558,binary,custom,deeploc
FASIPGKWQTCHMEYDVRNL,0.7414864763052814,0.7765419615773509,binary,resnet,deeploc
TQFMWEAYHRINSVDCKPGL,0.7328578484308161,0.82389108476065,binary,custom,deeploc
TQFMWEAYHRINSVDCKPGL,0.7304539150768338,0.8221343873517787,binary,resnet,deeploc
TIPQLNAEKDVHGSCYMRFW,0.7440313250793172,0.8298718515245249,binary,custom,deeploc
TIPQLNAEKDVHGSCYMRFW,0.766284102229254,0.8084479371316307,binary,resnet,deeploc
MYCSDPVNLITQREKAGFHW,0.7558277595006291,0.8346738159070599,binary,custom,deeploc
MYCSDPVNLITQREKAGFHW,0.7518200412421763,0.8244414044687642,binary,resnet,deeploc
LEFRNGSTCQMWDHPIKAVY,0.7444763945743378,0.8295706064630367,binary,custom,deeploc
LEFRNGSTCQMWDHPIKAVY,0.7433644184378758,0.8344947735191638,binary,resnet,deeploc
EKNYRGPMDSLHCWTVAIQF,0.7566739496220397,0.8374777975133215,binary,custom,deeploc
EKNYRGPMDSLHCWTVAIQF,0.7589397579603261,0.8096385542168675,binary,resnet,deeploc
FLTWNGECMPDHSKIQRVAY,0.7499511679237438,0.8283917340521114,binary,custom,deeploc
FLTWNGECMPDHSKIQRVAY,0.7719821079272599,0.8116370808678501,binary,resnet,deeploc
GPETCVNLKRDSHYFAQWMI,0.7539581885811073,0.8342245989304813,binary,custom,deeploc
GPETCVNLKRDSHYFAQWMI,0.7208388792619937,0.8194444444444444,binary,resnet,deeploc
LAGYIKRCSEMPVHDFQWTN,0.7379761476235521,0.8202599731062304,binary,custom,deeploc
LAGYIKRCSEMPVHDFQWTN,0.7471928532163595,0.8369659982563208,binary,resnet,deeploc
RGNCDFQMYKSTIEWAHLPV,0.7385119052601913,0.8302051505892624,binary,custom,deeploc
RGNCDFQMYKSTIEWAHLPV,0.6944869981108963,0.8150313152400835,binary,resnet,deeploc
TVDQFIRSWKYHLCEAPNMG,0.7527562219041162,0.8333333333333334,binary,custom,deeploc
TVDQFIRSWKYHLCEAPNMG,0.7529327149797277,0.8236371965185525,binary,resnet,deeploc
GSCAPEQYTRKLMWFNHIVD,0.7622380159108857,0.8380439659039928,binary,custom,deeploc
GSCAPEQYTRKLMWFNHIVD,0.7472333140795433,0.811417875526439,binary,resnet,deeploc
LWNRVPMAQEDYGSCIHKTF,0.7543146627377773,0.8365086397873283,binary,custom,deeploc
LWNRVPMAQEDYGSCIHKTF,0.7163442354431581,0.8258664412510567,binary,resnet,deeploc
DRHMGCTWAQLPFNYSEKIV,0.7426061260537263,0.8248436103663985,binary,custom,deeploc
DRHMGCTWAQLPFNYSEKIV,0.7314347422084935,0.8315473639091299,binary,resnet,deeploc
VRGCADQWLIPFESTYNMHK,0.7444763945743378,0.8295706064630367,binary,custom,deeploc
VRGCADQWLIPFESTYNMHK,0.7569801965002749,0.8023483365949119,binary,resnet,deeploc
WQLEMPCGTSYVIAFRKHDN,0.7511984786715443,0.8343666961913198,binary,custom,deeploc
WQLEMPCGTSYVIAFRKHDN,0.7405161131899625,0.8371293510958315,binary,resnet,deeploc
PSNGMCEDHLVYAIWKQFRT,0.7536470584952466,0.8369421122403888,binary,custom,deeploc
PSNGMCEDHLVYAIWKQFRT,0.7056583819561292,0.8078260869565217,binary,resnet,deeploc
LVHYWIFQSNRKEACPTGMD,0.7589439435668622,0.8368350469378633,binary,custom,deeploc
LVHYWIFQSNRKEACPTGMD,0.7611225517689768,0.8212106992022524,binary,resnet,deeploc
MTDQWVPSHCGELIKYFNAR,0.7548490251722376,0.8378258948298718,binary,custom,deeploc
MTDQWVPSHCGELIKYFNAR,0.7529752686461796,0.8106312292358804,binary,resnet,deeploc
EPWFMHIACQVGKTRLDNYS,0.7510198927926647,0.8310991957104558,binary,custom,deeploc
EPWFMHIACQVGKTRLDNYS,0.7430972372206457,0.8338421282163105,binary,resnet,deeploc
PQDHYLRSAMGTEFVCIKWN,0.7477265180497306,0.8341399032116146,binary,custom,deeploc
PQDHYLRSAMGTEFVCIKWN,0.7413504440928536,0.7555791710945803,binary,resnet,deeploc
YHVKDLQWTRCFEGSMNIPA,0.7500858049339929,0.8350970017636684,binary,custom,deeploc
YHVKDLQWTRCFEGSMNIPA,0.6919491253477541,0.8109243697478992,binary,resnet,deeploc
YIPNCKGTSVRQMEDWALFH,0.75613888958649,0.8319062640829202,binary,custom,deeploc
YIPNCKGTSVRQMEDWALFH,0.7880555346275229,0.8424015009380863,binary,resnet,deeploc
KYRTVSENQGICWDAHFMLP,0.7503976326209432,0.836555360281195,binary,custom,deeploc
KYRTVSENQGICWDAHFMLP,0.7320576999813043,0.830318690783807,binary,resnet,deeploc
DFPILKWNVGTQEHCAYRSM,0.7311661657890844,0.8224956063268892,binary,custom,deeploc
DFPILKWNVGTQEHCAYRSM,0.740022909219775,0.8151528982199908,binary,resnet,deeploc
VITNYKEWDHCLSFQRGMAP,0.7621933694411657,0.8372302158273381,binary,custom,deeploc
VITNYKEWDHCLSFQRGMAP,0.7260464713941697,0.8174603174603174,binary,resnet,deeploc
SLEIMQYWHTFCVDGKPNRA,0.7528448172424665,0.8307139649753031,binary,custom,deeploc
SLEIMQYWHTFCVDGKPNRA,0.7653932656381236,0.8041646008924145,binary,resnet,deeploc
MDYCSIQFWVKRTHANGPEL,0.7438527392004375,0.8265715559518502,binary,custom,deeploc
MDYCSIQFWVKRTHANGPEL,0.7438415775830075,0.7410270568746549,binary,resnet,deeploc
QTAPGCLYVWNIMFKHERSD,0.7575640886120809,0.8368983957219251,binary,custom,deeploc
QTAPGCLYVWNIMFKHERSD,0.685850696624448,0.8093450146015854,binary,resnet,deeploc
WYVIPEQMAHLDGKSCRTNF,0.7487052523781221,0.8309608540925267,binary,custom,deeploc
WYVIPEQMAHLDGKSCRTNF,0.7734080045539399,0.8221153846153846,binary,resnet,deeploc
HRFNTIDSPYMKQAVCGWEL,0.7365976878709495,0.8289703315881326,binary,custom,deeploc
HRFNTIDSPYMKQAVCGWEL,0.7178957002659255,0.7833096254148886,binary,resnet,deeploc
KWHVIFSGCQRLETNYPADM,0.7407812016039244,0.825255669186305,binary,custom,deeploc
KWHVIFSGCQRLETNYPADM,0.7074860968102887,0.8243637880684188,binary,resnet,deeploc
EIDGTSHAFLCYKWRPQNMV,0.7558277595006291,0.8346738159070599,binary,custom,deeploc
EIDGTSHAFLCYKWRPQNMV,0.7489717359942629,0.8273381294964028,binary,resnet,deeploc
CQRAYTIWSEVHDGFKMNPL,0.7323227883952664,0.8181818181818182,binary,custom,deeploc
CQRAYTIWSEVHDGFKMNPL,0.7398031648766222,0.8326814428509344,binary,resnet,deeploc
TLEPWRNFGIYVKHADSCMQ,0.7531566449294168,0.8322147651006712,binary,custom,deeploc
TLEPWRNFGIYVKHADSCMQ,0.7588051209500769,0.8017707820954255,binary,resnet,deeploc
VHMNEPQYTIFCRLKDAWSG,0.7432297814276265,0.8278615794143744,binary,custom,deeploc
VHMNEPQYTIFCRLKDAWSG,0.7701627642861728,0.8478935698447894,binary,resnet,deeploc
LRPKHSWQMNCYIGAETFDV,0.7470582162061103,0.8303730017761989,binary,custom,deeploc
LRPKHSWQMNCYIGAETFDV,0.7195490148477416,0.8253833049403748,binary,resnet,deeploc
FDWAPGYLNQMCVKTHRISE,0.7413595129070154,0.8231079265562025,binary,custom,deeploc
FDWAPGYLNQMCVKTHRISE,0.7526132136807945,0.7646432374866879,binary,resnet,deeploc
GLYTEHDAKQVPFWNICSMR,0.7423396424375857,0.8284703801945181,binary,custom,deeploc
GLYTEHDAKQVPFWNICSMR,0.7487917549132044,0.8148837209302325,binary,resnet,deeploc
IEQGWTFNSVLKADHPCYRM,0.748304131751732,0.8278026905829596,binary,custom,deeploc
IEQGWTFNSVLKADHPCYRM,0.744163171685209,0.8192990441511152,binary,resnet,deeploc
MVPGIQELNHRKTCAWFYSD,0.7422956935689551,0.8318739054290718,binary,custom,deeploc
MVPGIQELNHRKTCAWFYSD,0.7297744516157836,0.731359649122807,binary,resnet,deeploc
DNWIVHYTGRCLQFESMAKP,0.7569843821068111,0.8304623753399819,binary,custom,deeploc
DNWIVHYTGRCLQFESMAKP,0.6990081507711282,0.6479217603911981,binary,resnet,deeploc
HYTKENVPIRDWCQFSLAMG,0.7495507448984432,0.8295302013422818,binary,custom,deeploc
HYTKENVPIRDWCQFSLAMG,0.7623231232437893,0.8127106403466539,binary,resnet,deeploc
GPFKMEVSYRWCNQDAHLIT,0.7414041593767353,0.8239499553172476,binary,custom,deeploc
GPFKMEVSYRWCNQDAHLIT,0.7401135973613936,0.825720620842572,binary,resnet,deeploc
ITGPVDMNLYFKCSQAWRHE,0.7456783612513289,0.8304559539619301,binary,custom,deeploc
ITGPVDMNLYFKCSQAWRHE,0.7424666058358517,0.7832585949177877,binary,resnet,deeploc
PQACRMNYGVIFKEHWTLSD,0.7506194697673639,0.8322207387627948,binary,custom,deeploc
PQACRMNYGVIFKEHWTLSD,0.7530575855747256,0.7579859231185706,binary,resnet,deeploc
AMDWFIHNREGVSQCLYTKP,0.7485273641003318,0.8319290465631929,binary,custom,deeploc
AMDWFIHNREGVSQCLYTKP,0.7133424579555824,0.6592865928659286,binary,resnet,deeploc
GKTAENHCVFIDWMRLPQYS,0.7547597322327979,0.8362183754993342,binary,custom,deeploc
GKTAENHCVFIDWMRLPQYS,0.7291640506625815,0.8280913399396812,binary,resnet,deeploc
TYFIWKGRSLVNCHQDPEMA,0.7448775152007276,0.8326745718050066,binary,custom,deeploc
TYFIWKGRSLVNCHQDPEMA,0.7455423290389009,0.8146093388811836,binary,resnet,deeploc
HNWSPEGFDIKYCRALQTMV,0.7411376757605945,0.8275862068965517,binary,custom,deeploc
HNWSPEGFDIKYCRALQTMV,0.7461652868117119,0.8131970260223048,binary,resnet,deeploc
QLNDFICEWYRSTHGVPAMK,0.745544421842169,0.8279857397504456,binary,custom,deeploc
QLNDFICEWYRSTHGVPAMK,0.7437634462609977,0.8248992386923422,binary,resnet,deeploc
WRDCYINHVQPFLAKESGMT,0.7631288525020161,0.8416370106761566,binary,custom,deeploc
WRDCYINHVQPFLAKESGMT,0.7545797511517395,0.8242312987608995,binary,resnet,deeploc
IATLFESVPRGMCKWYHDNQ,0.7420278147506356,0.8269742679680568,binary,custom,deeploc
IATLFESVPRGMCKWYHDNQ,0.766817767062625,0.8049627791563275,binary,resnet,deeploc
KRPGHSETDLIFNYWMCVAQ,0.7602359007843826,0.8434476693051891,binary,custom,deeploc
KRPGHSETDLIFNYWMCVAQ,0.7358414882900681,0.8319654427645788,binary,resnet,deeploc
DARIGHYLWSMNECTVQPKF,0.7480822946053113,0.8322266489597167,binary,custom,deeploc
DARIGHYLWSMNECTVQPKF,0.7540858495804628,0.7946428571428571,binary,resnet,deeploc
YDMQNSHWTVPAERGKLCFI,0.753957490980018,0.8299503834009924,binary,custom,deeploc
YDMQNSHWTVPAERGKLCFI,0.7756814865042094,0.8436363636363636,binary,resnet,deeploc
GFKIEATPRDMCVSLWNHYQ,0.7434962650437675,0.8242152466367713,binary,custom,deeploc
GFKIEATPRDMCVSLWNHYQ,0.7598291993492776,0.803921568627451,binary,resnet,deeploc
ESWHYVMCKNRFIPAGDQTL,0.7470582162061103,0.8303730017761989,binary,custom,deeploc
ESWHYVMCKNRFIPAGDQTL,0.7313838173289692,0.7894484412470024,binary,resnet,deeploc
PSQMRVELIFNYTKWCADHG,0.7572522609251306,0.8354203935599285,binary,custom,deeploc
PSQMRVELIFNYTKWCADHG,0.7509724559185872,0.812235294117647,binary,resnet,deeploc
YCWKTGNAQDLSERVHFPMI,0.7509305998532247,0.829443447037702,binary,custom,deeploc
YCWKTGNAQDLSERVHFPMI,0.7468321934531534,0.8079282680509674,binary,resnet,deeploc
DVHTASEKLYMQPNIGCFWR,0.7379775428257309,0.8288840262582057,binary,custom,deeploc
DVHTASEKLYMQPNIGCFWR,0.7422070982306046,0.834419817470665,binary,resnet,deeploc
CIRQNDKWTVFSHYEALPGM,0.74572161251887,0.8226244343891402,binary,custom,deeploc
CIRQNDKWTVFSHYEALPGM,0.76410479642605,0.8208037825059101,binary,resnet,deeploc
KYFCAWREPVNLGSDIQMHT,0.7472361044839009,0.8293986636971047,binary,custom,deeploc
KYFCAWREPVNLGSDIQMHT,0.699011638776575,0.6888763410502541,binary,resnet,deeploc
MKYHNRTLPQIWVACDGFES,0.7448768175996383,0.8284444444444444,binary,custom,deeploc
MKYHNRTLPQIWVACDGFES,0.7527032042213235,0.7728459530026109,binary,resnet,deeploc
NDHIARPMFCTKWGLVSYQE,0.7429172561395871,0.821991888237945,binary,custom,deeploc
NDHIARPMFCTKWGLVSYQE,0.7355736094717487,0.8271334792122538,binary,resnet,deeploc
KQMYFDVGIREATSCPHWNL,0.73659699026986,0.8247240618101546,binary,custom,deeploc
KQMYFDVGIREATSCPHWNL,0.7504311174732331,0.7560843699296917,binary,resnet,deeploc
LFTWMVDPQRICAEYKSGNH,0.7569857773089896,0.8389380530973451,binary,custom,deeploc
LFTWMVDPQRICAEYKSGNH,0.7381547335024319,0.8236339404709018,binary,resnet,deeploc
CPSFQDMHVIENTGLRYAKW,0.7475039833022205,0.8342857142857143,binary,custom,deeploc
CPSFQDMHVIENTGLRYAKW,0.726938703187479,0.8295600170867151,binary,resnet,deeploc
LNTKFPICEQDVGWMAYSRH,0.7466563979786311,0.8228364295423652,binary,custom,deeploc
LNTKFPICEQDVGWMAYSRH,0.7497244475696974,0.8005808325266215,binary,resnet,deeploc
KRYNSWDMHVILCAQEGPFT,0.7595222548699532,0.834759117514633,binary,custom,deeploc
KRYNSWDMHVILCAQEGPFT,0.7661090043558212,0.8284518828451883,binary,resnet,deeploc
LNQSTARDPWICHYMEFGKV,0.7511984786715443,0.8343666961913198,binary,custom,deeploc
LNQSTARDPWICHYMEFGKV,0.764240828638478,0.8367254635911352,binary,resnet,deeploc
GVWPTKADEYSLFNHCRIMQ,0.7484387687619812,0.8345070422535211,binary,custom,deeploc
GVWPTKADEYSLFNHCRIMQ,0.7543551236009611,0.8104761904761905,binary,resnet,deeploc
APTSKWGIDCMQNHRFVYLE,0.7394020442502325,0.8296101620674551,binary,custom,deeploc
APTSKWGIDCMQNHRFVYLE,0.7731875626096977,0.8358760980120203,binary,resnet,deeploc
IWFDRPTCAGMESYQHVLNK,0.7438534368015268,0.8308370044052863,binary,custom,deeploc
IWFDRPTCAGMESYQHVLNK,0.7352052760965592,0.7335907335907336,binary,resnet,deeploc
TPQLGIFNDEWRAHCVYSKM,0.74688032792832,0.8313413014608234,binary,custom,deeploc
TPQLGIFNDEWRAHCVYSKM,0.7620085051524816,0.7904130545639979,binary,resnet,deeploc
KRIAEYFSWVNTGHMQCLPD,0.753246635469946,0.8380281690140845,binary,custom,deeploc
KRIAEYFSWVNTGHMQCLPD,0.7588951114906062,0.808695652173913,binary,resnet,deeploc
DPYERTFLMAKQSIHCGVWN,0.7586321158799121,0.835352175863616,binary,custom,deeploc
DPYERTFLMAKQSIHCGVWN,0.7411823222303144,0.8284075871195412,binary,resnet,deeploc
LMCDGEPTFIYASRQVHKNW,0.7479051039286103,0.8373310074138683,binary,custom,deeploc
LMCDGEPTFIYASRQVHKNW,0.7385977101941843,0.8097876269621422,binary,resnet,deeploc
NIKDGFYMPEAQSVHRTWCL,0.741004433952524,0.8293755496921724,binary,custom,deeploc
NIKDGFYMPEAQSVHRTWCL,0.7673974735678948,0.812469556746225,binary,resnet,deeploc
QRNMCWAITVGKDHPFLSYE,0.7501290562015341,0.8273997296079315,binary,custom,deeploc
QRNMCWAITVGKDHPFLSYE,0.7578738234957627,0.8254260709350529,binary,resnet,deeploc
DESMFLQVRHWAPCGNYKIT,0.7548483275711483,0.8336314847942755,binary,custom,deeploc
DESMFLQVRHWAPCGNYKIT,0.7357521953506283,0.8303687635574837,binary,resnet,deeploc
NLHARQTGVEDCIWKSPFMY,0.7503962374187644,0.828082808280828,binary,custom,deeploc
NLHARQTGVEDCIWKSPFMY,0.7698034997251452,0.8284910965323337,binary,resnet,deeploc
DIVAMCWSHRGQFLPEYKTN,0.7448321711299184,0.8276169265033407,binary,custom,deeploc
DIVAMCWSHRGQFLPEYKTN,0.7619701370925662,0.833105957253297,binary,resnet,deeploc
TPKHEIGMVRQWDLSFCNAY,0.7343262987239481,0.821127385707945,binary,custom,deeploc
TPKHEIGMVRQWDLSFCNAY,0.7523962597419993,0.808206106870229,binary,resnet,deeploc
KCLTWDPASINFYEHMGRQV,0.7444763945743378,0.8295706064630367,binary,custom,deeploc
KCLTWDPASINFYEHMGRQV,0.7368195250173702,0.824569155987627,binary,resnet,deeploc
QMWILKTESGRNHDVFYCPA,0.7499511679237438,0.8283917340521114,binary,custom,deeploc
QMWILKTESGRNHDVFYCPA,0.7465657098370124,0.811945870275315,binary,resnet,deeploc
HDEAPIVFNMYGCSRKQTWL,0.7437194973923671,0.8283813747228381,binary,custom,deeploc
HDEAPIVFNMYGCSRKQTWL,0.7439838882052399,0.8111627906976744,binary,resnet,deeploc
WGNYKEACSPIFVMLRHDQT,0.7586774599507216,0.8403361344537815,binary,custom,deeploc
WGNYKEACSPIFVMLRHDQT,0.6456995683244459,0.8028447254049783,binary,resnet,deeploc
GINRLSDACFWPYKEQHMVT,0.7444756969732486,0.8252688172043011,binary,custom,deeploc
GINRLSDACFWPYKEQHMVT,0.7660183162142026,0.8174413033061811,binary,resnet,deeploc
HKNMWFEDGYACLRIVPTSQ,0.757875916299031,0.8383658969804618,binary,custom,deeploc
HKNMWFEDGYACLRIVPTSQ,0.7319537574189876,0.712893982808023,binary,resnet,deeploc
PAKSILYCQRFGDNTEWHVM,0.7484827176306118,0.8311111111111111,binary,custom,deeploc
PAKSILYCQRFGDNTEWHVM,0.7531085104542499,0.8085918854415275,binary,resnet,deeploc
SPEAQVFHLRNYKGWMTCID,0.7480376481355913,0.831410825199645,binary,custom,deeploc
SPEAQVFHLRNYKGWMTCID,0.7705617921092944,0.8385036496350365,binary,resnet,deeploc
ELQPFIKDAVSNRMGYTHWC,0.7378429058154817,0.8221132411948283,binary,custom,deeploc
ELQPFIKDAVSNRMGYTHWC,0.7488350061807456,0.806282722513089,binary,resnet,deeploc
MFYGTPEKHINWSLAQRVDC,0.7507080651057144,0.8295964125560538,binary,custom,deeploc
MFYGTPEKHINWSLAQRVDC,0.7461164547354557,0.7818639798488665,binary,resnet,deeploc
DIMQWFRTKNVLESAGPCYH,0.7434516185740476,0.8233707865168539,binary,custom,deeploc
DIMQWFRTKNVLESAGPCYH,0.7628142344107085,0.8227016885553471,binary,resnet,deeploc
MKTYDLPAERIFHVGNCQSW,0.7575194421423609,0.8360875390799464,binary,custom,deeploc
MKTYDLPAERIFHVGNCQSW,0.7712754380237241,0.8472160356347439,binary,resnet,deeploc
HKSFCWANPVQDRETGMLIY,0.7520886176615853,0.8337777777777777,binary,custom,deeploc
HKSFCWANPVQDRETGMLIY,0.7508420045148743,0.8320712694877506,binary,resnet,deeploc
NASTFDMCGHRQYWVPLKEI,0.75649536374316,0.8342293906810035,binary,custom,deeploc
NASTFDMCGHRQYWVPLKEI,0.7057302348683349,0.654434250764526,binary,resnet,deeploc
DREWKPIMVCNQTAHFSGYL,0.7404254250483437,0.827220503756076,binary,custom,deeploc
DREWKPIMVCNQTAHFSGYL,0.7416259965231561,0.8193752829334541,binary,resnet,deeploc
EDNYPLIGQHMRKFVCSWAT,0.7526229800960458,0.8351063829787234,binary,custom,deeploc
EDNYPLIGQHMRKFVCSWAT,0.7703350717552481,0.8110236220472441,binary,resnet,deeploc
SHMPIDVWKFQYENLCGATR,0.7417606335334053,0.8262994224788983,binary,custom,deeploc
SHMPIDVWKFQYENLCGATR,0.7627702855420779,0.8263695450324977,binary,resnet,deeploc
PAFCEQHTGDWKYSIVRMLN,0.7402461415683748,0.8194945848375451,binary,custom,deeploc
PAFCEQHTGDWKYSIVRMLN,0.7264022479497504,0.8154392191659272,binary,resnet,deeploc
NGFCAHSYRVPKQLDIMWET,0.7401135973613936,0.825720620842572,binary,custom,deeploc
NGFCAHSYRVPKQLDIMWET,0.7494572663524672,0.7998061076102763,binary,resnet,deeploc
PLRKDYMWTEHAFNSGVICQ,0.7557838106319987,0.8380530973451328,binary,custom,deeploc
PLRKDYMWTEHAFNSGVICQ,0.74728144855471,0.8344312692138779,binary,resnet,deeploc
CSIWRDMVTKEPFQHAYNGL,0.7410037363514346,0.8251001335113485,binary,custom,deeploc
CSIWRDMVTKEPFQHAYNGL,0.7547981002927133,0.7950372208436725,binary,resnet,deeploc
NYPVETCWIMDGAKHQFLSR,0.7487492012467527,0.8274932614555256,binary,custom,deeploc
NYPVETCWIMDGAKHQFLSR,0.7366730287886019,0.7219069239500567,binary,resnet,deeploc
RNPDEASWTCKIYFVMQLGH,0.7446096363824082,0.8277703604806409,binary,custom,deeploc
RNPDEASWTCKIYFVMQLGH,0.7425600843818279,0.815052776502983,binary,resnet,deeploc
IKQDPCGELRVMYTSWAFNH,0.7516442457676542,0.8382288469969311,binary,custom,deeploc
IKQDPCGELRVMYTSWAFNH,0.7543955844641448,0.7802367472979927,binary,resnet,deeploc
IHSFPDMRQTWYELNVKCGA,0.7492849588833916,0.8372703412073491,binary,custom,deeploc
IHSFPDMRQTWYELNVKCGA,0.732402314919455,0.746268656716418,binary,resnet,deeploc
