encoding,auroc,f1,task,type,dataset
WCYKMVHQFDGRLITNEASP,0.7505301768279242,0.8305766651765758,binary,custom,deeploc
WCYKMVHQFDGRLITNEASP,0.7484743464175394,0.7715472481827622,binary,resnet,deeploc
WCYKMVHQFDGRLITNEASP,0.7436748509226473,0.8275555555555556,binary,custom,deeploc
WCYKMVHQFDGRLITNEASP,0.7538598268275056,0.7668613913967074,binary,resnet,deeploc
WCYKMVHQFDGRLITNEASP,0.7474139927616911,0.8284182305630027,binary,custom,deeploc
WCYKMVHQFDGRLITNEASP,0.7600524316978773,0.8087167070217918,binary,resnet,deeploc
WCYKMVHQFDGRLITNEASP,0.7514210134190545,0.8342198581560284,binary,custom,deeploc
WCYKMVHQFDGRLITNEASP,0.7279913832313442,0.7055427251732102,binary,resnet,deeploc
WCYKMVHQFDGRLITNEASP,0.7473253974233405,0.8310421286031042,binary,custom,deeploc
WCYKMVHQFDGRLITNEASP,0.7550638863077649,0.785132382892057,binary,resnet,deeploc
WCYKMVHQFDGRLITNEASP,0.7531566449294168,0.8322147651006712,binary,custom,deeploc
WCYKMVHQFDGRLITNEASP,0.764016898688789,0.8281611857341362,binary,resnet,deeploc
WCYKMVHQFDGRLITNEASP,0.7434076697054169,0.82688028482421,binary,custom,deeploc
WCYKMVHQFDGRLITNEASP,0.7690445097399065,0.813079551000488,binary,resnet,deeploc
WCYKMVHQFDGRLITNEASP,0.7483934246911721,0.8294642857142858,binary,custom,deeploc
WCYKMVHQFDGRLITNEASP,0.7524004453485355,0.8352524357838795,binary,resnet,deeploc
WCYKMVHQFDGRLITNEASP,0.7426068236548159,0.8291390728476821,binary,custom,deeploc
WCYKMVHQFDGRLITNEASP,0.7706001601692101,0.7963152507676561,binary,resnet,deeploc
WCYKMVHQFDGRLITNEASP,0.7479930016658713,0.8305913739439751,binary,custom,deeploc
WCYKMVHQFDGRLITNEASP,0.758848372217618,0.7923387096774194,binary,resnet,deeploc
WCYKMVHQFDGRLITNEASP,0.7459448448674698,0.8268456375838926,binary,custom,deeploc
WCYKMVHQFDGRLITNEASP,0.7471830868011083,0.7682672233820459,binary,resnet,deeploc
WCYKMVHQFDGRLITNEASP,0.7466131467110899,0.8306737588652482,binary,custom,deeploc
WCYKMVHQFDGRLITNEASP,0.7576491959449844,0.8116634799235182,binary,resnet,deeploc
WCYKMVHQFDGRLITNEASP,0.7427840143315168,0.8238458090542358,binary,custom,deeploc
WCYKMVHQFDGRLITNEASP,0.7323199979909089,0.799625468164794,binary,resnet,deeploc
WCYKMVHQFDGRLITNEASP,0.7481708899436618,0.8296164139161463,binary,custom,deeploc
WCYKMVHQFDGRLITNEASP,0.7588079113544344,0.8211116300794021,binary,resnet,deeploc
WCYKMVHQFDGRLITNEASP,0.7417159870636854,0.8254674977738201,binary,custom,deeploc
WCYKMVHQFDGRLITNEASP,0.7459797249219385,0.7551020408163265,binary,resnet,deeploc
WCYKMVHQFDGRLITNEASP,0.741093726891964,0.8309982486865148,binary,custom,deeploc
WCYKMVHQFDGRLITNEASP,0.725558150631608,0.8255062473071951,binary,resnet,deeploc
WCYKMVHQFDGRLITNEASP,0.740603313326134,0.8262411347517731,binary,custom,deeploc
WCYKMVHQFDGRLITNEASP,0.7489222063169173,0.7931034482758621,binary,resnet,deeploc
WCYKMVHQFDGRLITNEASP,0.7510198927926647,0.8310991957104558,binary,custom,deeploc
WCYKMVHQFDGRLITNEASP,0.7442078181549289,0.8201634877384196,binary,resnet,deeploc
WCYKMVHQFDGRLITNEASP,0.7495953913681632,0.8303571428571429,binary,custom,deeploc
WCYKMVHQFDGRLITNEASP,0.740817476860572,0.7658031088082902,binary,resnet,deeploc
WCYKMVHQFDGRLITNEASP,0.7432297814276265,0.8278615794143744,binary,custom,deeploc
WCYKMVHQFDGRLITNEASP,0.7515933208881299,0.7958681751106739,binary,resnet,deeploc
WCYKMVHQFDGRLITNEASP,0.7483487782214521,0.8286353467561521,binary,custom,deeploc
WCYKMVHQFDGRLITNEASP,0.7218643528633735,0.8295983086680762,binary,resnet,deeploc
WCYKMVHQFDGRLITNEASP,0.7467463885191604,0.8288770053475936,binary,custom,deeploc
WCYKMVHQFDGRLITNEASP,0.707111485025295,0.6706302021403091,binary,resnet,deeploc
WCYKMVHQFDGRLITNEASP,0.7479044063275209,0.8331862312444837,binary,custom,deeploc
WCYKMVHQFDGRLITNEASP,0.7272358812515523,0.7182940516273849,binary,resnet,deeploc
WCYKMVHQFDGRLITNEASP,0.7477258204486413,0.8299198575244879,binary,custom,deeploc
WCYKMVHQFDGRLITNEASP,0.6373304480552278,0.7981072555205048,binary,resnet,deeploc
WCYKMVHQFDGRLITNEASP,0.7390455700935623,0.8273127753303965,binary,custom,deeploc
WCYKMVHQFDGRLITNEASP,0.7592090319808245,0.824455766558592,binary,resnet,deeploc
WCYKMVHQFDGRLITNEASP,0.7462566725544199,0.8283548818546589,binary,custom,deeploc
WCYKMVHQFDGRLITNEASP,0.7521765153988464,0.8268359020852222,binary,resnet,deeploc
WCYKMVHQFDGRLITNEASP,0.7480815970042219,0.8279569892473119,binary,custom,deeploc
WCYKMVHQFDGRLITNEASP,0.7284964464200507,0.8285345938977224,binary,resnet,deeploc
WCYKMVHQFDGRLITNEASP,0.7457230077210488,0.8312720848056537,binary,custom,deeploc
WCYKMVHQFDGRLITNEASP,0.7493707638173848,0.8172142526608052,binary,resnet,deeploc
WCYKMVHQFDGRLITNEASP,0.749372856620653,0.8305084745762712,binary,custom,deeploc
WCYKMVHQFDGRLITNEASP,0.766284102229254,0.8084479371316307,binary,resnet,deeploc
WCYKMVHQFDGRLITNEASP,0.7510645392623845,0.8319215336602764,binary,custom,deeploc
WCYKMVHQFDGRLITNEASP,0.7553317651260845,0.7913741223671013,binary,resnet,deeploc
WCYKMVHQFDGRLITNEASP,0.7422503494981457,0.8268206039076377,binary,custom,deeploc
WCYKMVHQFDGRLITNEASP,0.7620559420265591,0.8119575699132112,binary,resnet,deeploc
WCYKMVHQFDGRLITNEASP,0.7444317481046179,0.8287488908606921,binary,custom,deeploc
WCYKMVHQFDGRLITNEASP,0.7122479218463548,0.8186484174508126,binary,resnet,deeploc
WCYKMVHQFDGRLITNEASP,0.7512870740098948,0.8317715305667113,binary,custom,deeploc
WCYKMVHQFDGRLITNEASP,0.7465217609683819,0.8157043879907622,binary,resnet,deeploc
WCYKMVHQFDGRLITNEASP,0.745055403478518,0.8317180616740089,binary,custom,deeploc
WCYKMVHQFDGRLITNEASP,0.7624968259150433,0.779874213836478,binary,resnet,deeploc
WCYKMVHQFDGRLITNEASP,0.7444317481046179,0.8287488908606921,binary,custom,deeploc
WCYKMVHQFDGRLITNEASP,0.7407302767244002,0.7806096951524237,binary,resnet,deeploc
WCYKMVHQFDGRLITNEASP,0.7459008959988391,0.8303057155516171,binary,custom,deeploc
WCYKMVHQFDGRLITNEASP,0.7594301715261559,0.8150261531145981,binary,resnet,deeploc
WCYKMVHQFDGRLITNEASP,0.741582745255615,0.8272807794508414,binary,custom,deeploc
WCYKMVHQFDGRLITNEASP,0.7362272616924919,0.7153536515238643,binary,resnet,deeploc
WCYKMVHQFDGRLITNEASP,0.7531566449294168,0.8322147651006712,binary,custom,deeploc
WCYKMVHQFDGRLITNEASP,0.7494998200189189,0.7851031706089582,binary,resnet,deeploc
WCYKMVHQFDGRLITNEASP,0.7453665335643787,0.8289649044868947,binary,custom,deeploc
WCYKMVHQFDGRLITNEASP,0.7549766861715932,0.799017199017199,binary,resnet,deeploc
WCYKMVHQFDGRLITNEASP,0.7498179261156734,0.8302055406613047,binary,custom,deeploc
WCYKMVHQFDGRLITNEASP,0.712337912386884,0.8244210526315789,binary,resnet,deeploc
WCYKMVHQFDGRLITNEASP,0.7475032857011308,0.8300711743772242,binary,custom,deeploc
WCYKMVHQFDGRLITNEASP,0.7381072966283544,0.804490177736202,binary,resnet,deeploc
WCYKMVHQFDGRLITNEASP,0.744297808695458,0.8262617239839214,binary,custom,deeploc
WCYKMVHQFDGRLITNEASP,0.7410358260015459,0.7270668176670442,binary,resnet,deeploc
WCYKMVHQFDGRLITNEASP,0.7470135697363904,0.8295505117935025,binary,custom,deeploc
WCYKMVHQFDGRLITNEASP,0.7385530637244642,0.8088847755668672,binary,resnet,deeploc
WCYKMVHQFDGRLITNEASP,0.7426961165942556,0.8307692307692308,binary,custom,deeploc
WCYKMVHQFDGRLITNEASP,0.7489598767757436,0.7342776203966006,binary,resnet,deeploc
WCYKMVHQFDGRLITNEASP,0.7533352308082963,0.8354767184035476,binary,custom,deeploc
WCYKMVHQFDGRLITNEASP,0.715987761286488,0.8236294092647684,binary,resnet,deeploc
WCYKMVHQFDGRLITNEASP,0.7475925786405708,0.8317094774136404,binary,custom,deeploc
WCYKMVHQFDGRLITNEASP,0.7464261896191378,0.7667364016736402,binary,resnet,deeploc
WCYKMVHQFDGRLITNEASP,0.7467017420494403,0.8280482358195623,binary,custom,deeploc
WCYKMVHQFDGRLITNEASP,0.7463389894829661,0.7816439737771054,binary,resnet,deeploc
WCYKMVHQFDGRLITNEASP,0.7431851349579068,0.8270342374388617,binary,custom,deeploc
WCYKMVHQFDGRLITNEASP,0.7737651763116995,0.8292452830188679,binary,resnet,deeploc
WCYKMVHQFDGRLITNEASP,0.7520439711918654,0.8329621380846325,binary,custom,deeploc
WCYKMVHQFDGRLITNEASP,0.7541709569133663,0.7628755364806867,binary,resnet,deeploc
WCYKMVHQFDGRLITNEASP,0.74652385377165,0.8290293855743545,binary,custom,deeploc
WCYKMVHQFDGRLITNEASP,0.7397013151175736,0.7357340720221607,binary,resnet,deeploc
WCYKMVHQFDGRLITNEASP,0.7473253974233405,0.8310421286031042,binary,custom,deeploc
WCYKMVHQFDGRLITNEASP,0.7418499264728452,0.8279522335249889,binary,resnet,deeploc
WCYKMVHQFDGRLITNEASP,0.7421610565587058,0.8251561106155219,binary,custom,deeploc
WCYKMVHQFDGRLITNEASP,0.7401512678202199,0.7778894472361809,binary,resnet,deeploc
WCYKMVHQFDGRLITNEASP,0.7503969350198537,0.8323699421965318,binary,custom,deeploc
WCYKMVHQFDGRLITNEASP,0.7350294806220369,0.7543398211467649,binary,resnet,deeploc
WCYKMVHQFDGRLITNEASP,0.7498179261156734,0.8302055406613047,binary,custom,deeploc
WCYKMVHQFDGRLITNEASP,0.7501227777917298,0.7834008097165992,binary,resnet,deeploc
WCYKMVHQFDGRLITNEASP,0.7396238813966531,0.8251996450754214,binary,custom,deeploc
WCYKMVHQFDGRLITNEASP,0.7546620680802856,0.7754038561750912,binary,resnet,deeploc
WCYKMVHQFDGRLITNEASP,0.738823035346052,0.8274647887323944,binary,custom,deeploc
WCYKMVHQFDGRLITNEASP,0.7352610841837092,0.8213333333333334,binary,resnet,deeploc
WCYKMVHQFDGRLITNEASP,0.7479037087264315,0.8289414917373827,binary,custom,deeploc
WCYKMVHQFDGRLITNEASP,0.7327685554913763,0.8222320247022497,binary,resnet,deeploc
WCYKMVHQFDGRLITNEASP,0.7489724335953523,0.8316303864948912,binary,custom,deeploc
WCYKMVHQFDGRLITNEASP,0.7572041264499638,0.8120229007633588,binary,resnet,deeploc
WCYKMVHQFDGRLITNEASP,0.7441645668873877,0.8280764104842292,binary,custom,deeploc
WCYKMVHQFDGRLITNEASP,0.7616087797282705,0.7971957936905358,binary,resnet,deeploc
WCYKMVHQFDGRLITNEASP,0.7455451194432585,0.8322324966974901,binary,custom,deeploc
WCYKMVHQFDGRLITNEASP,0.7771004071199957,0.8072653884964682,binary,resnet,deeploc
WCYKMVHQFDGRLITNEASP,0.7520439711918654,0.8329621380846325,binary,custom,deeploc
WCYKMVHQFDGRLITNEASP,0.7288522229756313,0.8266320795503674,binary,resnet,deeploc
WCYKMVHQFDGRLITNEASP,0.7412269687000343,0.829225352112676,binary,custom,deeploc
WCYKMVHQFDGRLITNEASP,0.7333852348543827,0.776949826130154,binary,resnet,deeploc
WCYKMVHQFDGRLITNEASP,0.7499958143934637,0.8292245629762438,binary,custom,deeploc
WCYKMVHQFDGRLITNEASP,0.7586760647485427,0.8318985047575895,binary,resnet,deeploc
WCYKMVHQFDGRLITNEASP,0.7510645392623845,0.8319215336602764,binary,custom,deeploc
WCYKMVHQFDGRLITNEASP,0.7556924248892907,0.8234209313047487,binary,resnet,deeploc
WCYKMVHQFDGRLITNEASP,0.7463906119635797,0.8308237378210807,binary,custom,deeploc
WCYKMVHQFDGRLITNEASP,0.7591657807132832,0.832427536231884,binary,resnet,deeploc
WCYKMVHQFDGRLITNEASP,0.7451439988168685,0.8291167332445628,binary,custom,deeploc
WCYKMVHQFDGRLITNEASP,0.759340878586716,0.8131868131868132,binary,resnet,deeploc
WCYKMVHQFDGRLITNEASP,0.7446542828521281,0.8285968028419183,binary,custom,deeploc
WCYKMVHQFDGRLITNEASP,0.7501297538026235,0.8317008014247551,binary,resnet,deeploc
WCYKMVHQFDGRLITNEASP,0.7442092133571075,0.8289007092198581,binary,custom,deeploc
WCYKMVHQFDGRLITNEASP,0.7511894098573825,0.7697954902988988,binary,resnet,deeploc
WCYKMVHQFDGRLITNEASP,0.7456783612513289,0.8304559539619301,binary,custom,deeploc
WCYKMVHQFDGRLITNEASP,0.7609460586933653,0.8312043795620438,binary,resnet,deeploc
WCYKMVHQFDGRLITNEASP,0.7471914580141809,0.8285714285714286,binary,custom,deeploc
WCYKMVHQFDGRLITNEASP,0.7590311437030339,0.8254847645429363,binary,resnet,deeploc
WCYKMVHQFDGRLITNEASP,0.741582745255615,0.8272807794508414,binary,custom,deeploc
WCYKMVHQFDGRLITNEASP,0.6966237502476484,0.8160535117056856,binary,resnet,deeploc
WCYKMVHQFDGRLITNEASP,0.7481708899436618,0.8296164139161463,binary,custom,deeploc
WCYKMVHQFDGRLITNEASP,0.7490603313326135,0.8246488445854101,binary,resnet,deeploc
WCYKMVHQFDGRLITNEASP,0.7410930292908746,0.8267611874169252,binary,custom,deeploc
WCYKMVHQFDGRLITNEASP,0.7664619905070444,0.8072942336126171,binary,resnet,deeploc
WCYKMVHQFDGRLITNEASP,0.7407372527352938,0.8287098194627918,binary,custom,deeploc
WCYKMVHQFDGRLITNEASP,0.725334220681919,0.8171000440722785,binary,resnet,deeploc
WCYKMVHQFDGRLITNEASP,0.7498625725853935,0.831029870708872,binary,custom,deeploc
WCYKMVHQFDGRLITNEASP,0.7690410217344595,0.786833855799373,binary,resnet,deeploc
WCYKMVHQFDGRLITNEASP,0.7517767899746353,0.8322925958965209,binary,custom,deeploc
WCYKMVHQFDGRLITNEASP,0.7160149677289736,0.6797385620915033,binary,resnet,deeploc
WCYKMVHQFDGRLITNEASP,0.7482601828831016,0.8312611012433393,binary,custom,deeploc
WCYKMVHQFDGRLITNEASP,0.7403793833764452,0.8176043557168784,binary,resnet,deeploc
WCYKMVHQFDGRLITNEASP,0.7511091857321044,0.8327402135231317,binary,custom,deeploc
WCYKMVHQFDGRLITNEASP,0.7283597166065334,0.808529945553539,binary,resnet,deeploc
WCYKMVHQFDGRLITNEASP,0.7451439988168685,0.8291167332445628,binary,custom,deeploc
WCYKMVHQFDGRLITNEASP,0.7120086446726994,0.6784869976359338,binary,resnet,deeploc
WCYKMVHQFDGRLITNEASP,0.7467024396505297,0.8323036187113857,binary,custom,deeploc
WCYKMVHQFDGRLITNEASP,0.7615222771931882,0.8152744630071599,binary,resnet,deeploc
WCYKMVHQFDGRLITNEASP,0.7422949959678657,0.8276473194505981,binary,custom,deeploc
WCYKMVHQFDGRLITNEASP,0.7584019075204188,0.781799379524302,binary,resnet,deeploc
WCYKMVHQFDGRLITNEASP,0.7470135697363904,0.8295505117935025,binary,custom,deeploc
WCYKMVHQFDGRLITNEASP,0.7319691046429538,0.8328345446772125,binary,resnet,deeploc
WCYKMVHQFDGRLITNEASP,0.7472361044839009,0.8293986636971047,binary,custom,deeploc
WCYKMVHQFDGRLITNEASP,0.7596464278638617,0.7664155005382132,binary,resnet,deeploc
WCYKMVHQFDGRLITNEASP,0.7462120260846998,0.8275245755138516,binary,custom,deeploc
WCYKMVHQFDGRLITNEASP,0.7138328715214121,0.6686819830713422,binary,resnet,deeploc
WCYKMVHQFDGRLITNEASP,0.7497732796459534,0.8293775190326914,binary,custom,deeploc
WCYKMVHQFDGRLITNEASP,0.7702478716190763,0.823585354255825,binary,resnet,deeploc
WCYKMVHQFDGRLITNEASP,0.7478597598578011,0.832375055285272,binary,custom,deeploc
WCYKMVHQFDGRLITNEASP,0.7529766638483583,0.8199907450254512,binary,resnet,deeploc
WCYKMVHQFDGRLITNEASP,0.7467017420494403,0.8280482358195623,binary,custom,deeploc
WCYKMVHQFDGRLITNEASP,0.7634316113748044,0.7800524934383202,binary,resnet,deeploc
WCYKMVHQFDGRLITNEASP,0.7477704669183611,0.8307418924922256,binary,custom,deeploc
WCYKMVHQFDGRLITNEASP,0.7622763839708012,0.7965846308387745,binary,resnet,deeploc
WCYKMVHQFDGRLITNEASP,0.7543586116064078,0.8331096196868009,binary,custom,deeploc
WCYKMVHQFDGRLITNEASP,0.6999868850995197,0.6405959031657356,binary,resnet,deeploc
WCYKMVHQFDGRLITNEASP,0.7496400378378829,0.8311804008908686,binary,custom,deeploc
WCYKMVHQFDGRLITNEASP,0.7469682256655812,0.8243792325056434,binary,resnet,deeploc
WCYKMVHQFDGRLITNEASP,0.7442092133571075,0.8289007092198581,binary,custom,deeploc
WCYKMVHQFDGRLITNEASP,0.7512403347369068,0.8176334106728538,binary,resnet,deeploc
WCYKMVHQFDGRLITNEASP,0.7470135697363904,0.8295505117935025,binary,custom,deeploc
WCYKMVHQFDGRLITNEASP,0.7433155863616197,0.8069516204790982,binary,resnet,deeploc
WCYKMVHQFDGRLITNEASP,0.7548483275711483,0.8336314847942755,binary,custom,deeploc
WCYKMVHQFDGRLITNEASP,0.7178580298070993,0.8281381634372368,binary,resnet,deeploc
WCYKMVHQFDGRLITNEASP,0.7453665335643787,0.8289649044868947,binary,custom,deeploc
WCYKMVHQFDGRLITNEASP,0.7099786255026216,0.8235294117647058,binary,resnet,deeploc
WCYKMVHQFDGRLITNEASP,0.7492396148125826,0.8322981366459627,binary,custom,deeploc
WCYKMVHQFDGRLITNEASP,0.7515535576260355,0.8281461434370772,binary,resnet,deeploc
WCYKMVHQFDGRLITNEASP,0.752399747747446,0.8310174809502465,binary,custom,deeploc
WCYKMVHQFDGRLITNEASP,0.6917705394688745,0.8076271186440678,binary,resnet,deeploc
WCYKMVHQFDGRLITNEASP,0.7431404884881868,0.8262032085561497,binary,custom,deeploc
WCYKMVHQFDGRLITNEASP,0.7493714614184741,0.8217550274223034,binary,resnet,deeploc
WCYKMVHQFDGRLITNEASP,0.7389116306844026,0.8248337028824834,binary,custom,deeploc
WCYKMVHQFDGRLITNEASP,0.7332924539094958,0.7451820128479657,binary,resnet,deeploc
WCYKMVHQFDGRLITNEASP,0.739580630129112,0.8328267477203647,binary,custom,deeploc
WCYKMVHQFDGRLITNEASP,0.7564018851971839,0.8048543689320389,binary,resnet,deeploc
WCYKMVHQFDGRLITNEASP,0.741672038195055,0.8289241622574955,binary,custom,deeploc
WCYKMVHQFDGRLITNEASP,0.749764908432881,0.7689889994761655,binary,resnet,deeploc
WCYKMVHQFDGRLITNEASP,0.7491503218731426,0.8306595365418895,binary,custom,deeploc
WCYKMVHQFDGRLITNEASP,0.7165207285187697,0.8164859002169197,binary,resnet,deeploc
WCYKMVHQFDGRLITNEASP,0.7457669565896795,0.8278322925958965,binary,custom,deeploc
WCYKMVHQFDGRLITNEASP,0.7357487073451814,0.808294930875576,binary,resnet,deeploc
WCYKMVHQFDGRLITNEASP,0.7429179537406765,0.8263579697239537,binary,custom,deeploc
WCYKMVHQFDGRLITNEASP,0.7493261173476649,0.8163265306122449,binary,resnet,deeploc
WCYKMVHQFDGRLITNEASP,0.7486159594386823,0.8293118856121537,binary,custom,deeploc
WCYKMVHQFDGRLITNEASP,0.766375487971962,0.8246356370474848,binary,resnet,deeploc
WCYKMVHQFDGRLITNEASP,0.7523111524090956,0.8336298932384342,binary,custom,deeploc
WCYKMVHQFDGRLITNEASP,0.6677081850931018,0.5513955071477196,binary,resnet,deeploc
WCYKMVHQFDGRLITNEASP,0.7481708899436618,0.8296164139161463,binary,custom,deeploc
WCYKMVHQFDGRLITNEASP,0.7652579310267851,0.7905544147843943,binary,resnet,deeploc
WCYKMVHQFDGRLITNEASP,0.7454997753724493,0.8271549799017418,binary,custom,deeploc
WCYKMVHQFDGRLITNEASP,0.7291647482636707,0.8321976149914821,binary,resnet,deeploc
WCYKMVHQFDGRLITNEASP,0.7417606335334053,0.8262994224788983,binary,custom,deeploc
WCYKMVHQFDGRLITNEASP,0.7446528876499494,0.8198362147406734,binary,resnet,deeploc
WCYKMVHQFDGRLITNEASP,0.7417166846647748,0.8297404311482622,binary,custom,deeploc
WCYKMVHQFDGRLITNEASP,0.7551113231818422,0.8069330765527203,binary,resnet,deeploc
WCYKMVHQFDGRLITNEASP,0.7439866786095974,0.829052258635961,binary,custom,deeploc
WCYKMVHQFDGRLITNEASP,0.73579474901708,0.8183041722745625,binary,resnet,deeploc
WCYKMVHQFDGRLITNEASP,0.7430958420184669,0.825368468066101,binary,custom,deeploc
WCYKMVHQFDGRLITNEASP,0.7490170800650723,0.8324468085106383,binary,resnet,deeploc
WCYKMVHQFDGRLITNEASP,0.7474139927616911,0.8284182305630027,binary,custom,deeploc
WCYKMVHQFDGRLITNEASP,0.7529292269742809,0.7998046875,binary,resnet,deeploc
WCYKMVHQFDGRLITNEASP,0.7421617541597954,0.8294402820625827,binary,custom,deeploc
WCYKMVHQFDGRLITNEASP,0.7299509446913951,0.7158252977878616,binary,resnet,deeploc
WCYKMVHQFDGRLITNEASP,0.7470135697363904,0.8295505117935025,binary,custom,deeploc
WCYKMVHQFDGRLITNEASP,0.7530143343071845,0.7689873417721519,binary,resnet,deeploc
WCYKMVHQFDGRLITNEASP,0.7485273641003318,0.8319290465631929,binary,custom,deeploc
WCYKMVHQFDGRLITNEASP,0.7687354724573138,0.8301535597952536,binary,resnet,deeploc
WCYKMVHQFDGRLITNEASP,0.7424735818467454,0.8309178743961353,binary,custom,deeploc
WCYKMVHQFDGRLITNEASP,0.7420717636192661,0.8234767025089605,binary,resnet,deeploc
WCYKMVHQFDGRLITNEASP,0.7425621771850959,0.8283185840707965,binary,custom,deeploc
WCYKMVHQFDGRLITNEASP,0.7552850258530963,0.7735849056603774,binary,resnet,deeploc
WCYKMVHQFDGRLITNEASP,0.7471914580141809,0.8285714285714286,binary,custom,deeploc
WCYKMVHQFDGRLITNEASP,0.7574273587985636,0.8165959453088166,binary,resnet,deeploc
WCYKMVHQFDGRLITNEASP,0.7468356814586001,0.8305235137533274,binary,custom,deeploc
WCYKMVHQFDGRLITNEASP,0.7471802963967509,0.7433628318584071,binary,resnet,deeploc
WCYKMVHQFDGRLITNEASP,0.7463459654938596,0.8300044385264093,binary,custom,deeploc
WCYKMVHQFDGRLITNEASP,0.738421914719662,0.8243123336291038,binary,resnet,deeploc
WCYKMVHQFDGRLITNEASP,0.7464352584332996,0.831639416703491,binary,custom,deeploc
WCYKMVHQFDGRLITNEASP,0.7370734518139023,0.7199087278950371,binary,resnet,deeploc
WCYKMVHQFDGRLITNEASP,0.7388676818157719,0.8282828282828283,binary,custom,deeploc
WCYKMVHQFDGRLITNEASP,0.7644584801783626,0.803960396039604,binary,resnet,deeploc
WCYKMVHQFDGRLITNEASP,0.748660605908402,0.8301382077574677,binary,custom,deeploc
WCYKMVHQFDGRLITNEASP,0.7709559367247908,0.7938144329896907,binary,resnet,deeploc
WCYKMVHQFDGRLITNEASP,0.7418059776042147,0.8313622426631625,binary,custom,deeploc
WCYKMVHQFDGRLITNEASP,0.7235532451007476,0.8139946855624446,binary,resnet,deeploc
WCYKMVHQFDGRLITNEASP,0.750307642080414,0.8307280035730237,binary,custom,deeploc
WCYKMVHQFDGRLITNEASP,0.7565386150107012,0.82638570774164,binary,resnet,deeploc
WCYKMVHQFDGRLITNEASP,0.741582745255615,0.8272807794508414,binary,custom,deeploc
WCYKMVHQFDGRLITNEASP,0.7547122953587204,0.8177570093457944,binary,resnet,deeploc
WCYKMVHQFDGRLITNEASP,0.7525783336263256,0.8342958685028876,binary,custom,deeploc
WCYKMVHQFDGRLITNEASP,0.7415318203760908,0.7830845771144279,binary,resnet,deeploc
WCYKMVHQFDGRLITNEASP,0.7467463885191604,0.8288770053475936,binary,custom,deeploc
WCYKMVHQFDGRLITNEASP,0.749408434276211,0.7658227848101266,binary,resnet,deeploc
WCYKMVHQFDGRLITNEASP,0.7399803555533231,0.827525363917071,binary,custom,deeploc
WCYKMVHQFDGRLITNEASP,0.7551092303785741,0.7915831663326653,binary,resnet,deeploc
WCYKMVHQFDGRLITNEASP,0.7520439711918654,0.8329621380846325,binary,custom,deeploc
WCYKMVHQFDGRLITNEASP,0.7258553286956813,0.7116912599318955,binary,resnet,deeploc
WCYKMVHQFDGRLITNEASP,0.7482155364133817,0.8304405874499332,binary,custom,deeploc
WCYKMVHQFDGRLITNEASP,0.7569815917024536,0.8122020972354623,binary,resnet,deeploc
WCYKMVHQFDGRLITNEASP,0.7483048293528214,0.8320779796189632,binary,custom,deeploc
WCYKMVHQFDGRLITNEASP,0.7474035287453505,0.7495908346972177,binary,resnet,deeploc
WCYKMVHQFDGRLITNEASP,0.7427407630639755,0.8315789473684211,binary,custom,deeploc
WCYKMVHQFDGRLITNEASP,0.7194436770832461,0.693069306930693,binary,resnet,deeploc
WCYKMVHQFDGRLITNEASP,0.7465685002413699,0.8298533984895602,binary,custom,deeploc
WCYKMVHQFDGRLITNEASP,0.7413051000220442,0.7481081081081081,binary,resnet,deeploc
WCYKMVHQFDGRLITNEASP,0.7447435757915679,0.830238726790451,binary,custom,deeploc
WCYKMVHQFDGRLITNEASP,0.7534147573324852,0.7673555908850026,binary,resnet,deeploc
WCYKMVHQFDGRLITNEASP,0.7475032857011308,0.8300711743772242,binary,custom,deeploc
WCYKMVHQFDGRLITNEASP,0.7526662313635869,0.8273674671499773,binary,resnet,deeploc
WCYKMVHQFDGRLITNEASP,0.7481708899436618,0.8296164139161463,binary,custom,deeploc
WCYKMVHQFDGRLITNEASP,0.771939554260808,0.8250950570342205,binary,resnet,deeploc
WCYKMVHQFDGRLITNEASP,0.7427400654628862,0.8273413226808699,binary,custom,deeploc
WCYKMVHQFDGRLITNEASP,0.7460669250581102,0.7381351200446677,binary,resnet,deeploc
WCYKMVHQFDGRLITNEASP,0.7445210410440577,0.8303886925795053,binary,custom,deeploc
WCYKMVHQFDGRLITNEASP,0.7350406422394669,0.8341191598799829,binary,resnet,deeploc
WCYKMVHQFDGRLITNEASP,0.7410930292908746,0.8267611874169252,binary,custom,deeploc
WCYKMVHQFDGRLITNEASP,0.7208702713110157,0.7160356347438753,binary,resnet,deeploc
WCYKMVHQFDGRLITNEASP,0.7385119052601913,0.8302051505892624,binary,custom,deeploc
WCYKMVHQFDGRLITNEASP,0.7559582109043423,0.8149197355996223,binary,resnet,deeploc
WCYKMVHQFDGRLITNEASP,0.7529787566516264,0.8331846565566459,binary,custom,deeploc
WCYKMVHQFDGRLITNEASP,0.7437187997912778,0.8240574506283662,binary,resnet,deeploc
WCYKMVHQFDGRLITNEASP,0.750664116237084,0.8330373001776199,binary,custom,deeploc
WCYKMVHQFDGRLITNEASP,0.7136731208719456,0.8235294117647058,binary,resnet,deeploc
WCYKMVHQFDGRLITNEASP,0.7432744278973467,0.8286852589641435,binary,custom,deeploc
WCYKMVHQFDGRLITNEASP,0.7488391917872819,0.8334069818824569,binary,resnet,deeploc
WCYKMVHQFDGRLITNEASP,0.73655234380014,0.8238938053097346,binary,custom,deeploc
WCYKMVHQFDGRLITNEASP,0.7234186080904985,0.8068592057761733,binary,resnet,deeploc
WCYKMVHQFDGRLITNEASP,0.7445210410440577,0.8303886925795053,binary,custom,deeploc
WCYKMVHQFDGRLITNEASP,0.7404254250483437,0.827220503756076,binary,resnet,deeploc
WCYKMVHQFDGRLITNEASP,0.7506194697673639,0.8322207387627948,binary,custom,deeploc
WCYKMVHQFDGRLITNEASP,0.7309436310415742,0.8226514486391572,binary,resnet,deeploc
WCYKMVHQFDGRLITNEASP,0.7513317204796148,0.8325912733748887,binary,custom,deeploc
WCYKMVHQFDGRLITNEASP,0.7550220302424024,0.8050314465408805,binary,resnet,deeploc
WCYKMVHQFDGRLITNEASP,0.741582745255615,0.8272807794508414,binary,custom,deeploc
WCYKMVHQFDGRLITNEASP,0.7645017314459039,0.7945205479452054,binary,resnet,deeploc
WCYKMVHQFDGRLITNEASP,0.7437194973923671,0.8283813747228381,binary,custom,deeploc
WCYKMVHQFDGRLITNEASP,0.7542679234647893,0.8226623675725472,binary,resnet,deeploc
WCYKMVHQFDGRLITNEASP,0.7476365275092014,0.8282647584973166,binary,custom,deeploc
WCYKMVHQFDGRLITNEASP,0.752703901822413,0.7785787847579815,binary,resnet,deeploc
WCYKMVHQFDGRLITNEASP,0.7500404608631838,0.8300536672629696,binary,custom,deeploc
WCYKMVHQFDGRLITNEASP,0.7423389448364963,0.8241610738255034,binary,resnet,deeploc
WCYKMVHQFDGRLITNEASP,0.7431404884881868,0.8262032085561497,binary,custom,deeploc
WCYKMVHQFDGRLITNEASP,0.7438869216538169,0.74877916440586,binary,resnet,deeploc
WCYKMVHQFDGRLITNEASP,0.7505308744290136,0.8348056537102474,binary,custom,deeploc
WCYKMVHQFDGRLITNEASP,0.7677511573202073,0.7946884576098059,binary,resnet,deeploc
WCYKMVHQFDGRLITNEASP,0.7441645668873877,0.8280764104842292,binary,custom,deeploc
WCYKMVHQFDGRLITNEASP,0.7215915908374282,0.7931034482758621,binary,resnet,deeploc
WCYKMVHQFDGRLITNEASP,0.7554719829450486,0.8365896980461812,binary,custom,deeploc
WCYKMVHQFDGRLITNEASP,0.7568448618889363,0.7888607594936708,binary,resnet,deeploc
WCYKMVHQFDGRLITNEASP,0.7453665335643787,0.8289649044868947,binary,custom,deeploc
WCYKMVHQFDGRLITNEASP,0.730098138521253,0.8240942819729375,binary,resnet,deeploc
WCYKMVHQFDGRLITNEASP,0.7426961165942556,0.8307692307692308,binary,custom,deeploc
WCYKMVHQFDGRLITNEASP,0.7560440158383351,0.7917711991971902,binary,resnet,deeploc
WCYKMVHQFDGRLITNEASP,0.7407372527352938,0.8287098194627918,binary,custom,deeploc
WCYKMVHQFDGRLITNEASP,0.7162556401048077,0.8283676038606799,binary,resnet,deeploc
WCYKMVHQFDGRLITNEASP,0.749328210150933,0.829682610639249,binary,custom,deeploc
WCYKMVHQFDGRLITNEASP,0.7691358954826144,0.8289719626168224,binary,resnet,deeploc
WCYKMVHQFDGRLITNEASP,0.7375324733307105,0.8291830493665356,binary,custom,deeploc
WCYKMVHQFDGRLITNEASP,0.7687773285226762,0.8123167155425219,binary,resnet,deeploc
WCYKMVHQFDGRLITNEASP,0.7498179261156734,0.8302055406613047,binary,custom,deeploc
WCYKMVHQFDGRLITNEASP,0.738278208895251,0.7479849543256314,binary,resnet,deeploc
WCYKMVHQFDGRLITNEASP,0.7423842889073056,0.8292898103220114,binary,custom,deeploc
WCYKMVHQFDGRLITNEASP,0.7591601999045681,0.7941767068273092,binary,resnet,deeploc
WCYKMVHQFDGRLITNEASP,0.7411823222303144,0.8284075871195412,binary,custom,deeploc
WCYKMVHQFDGRLITNEASP,0.7706936387151863,0.8278457196613358,binary,resnet,deeploc
WCYKMVHQFDGRLITNEASP,0.7444324457057072,0.8329679964927663,binary,custom,deeploc
WCYKMVHQFDGRLITNEASP,0.711890052487506,0.8075737560546015,binary,resnet,deeploc
WCYKMVHQFDGRLITNEASP,0.7418052800031253,0.8271276595744681,binary,custom,deeploc
WCYKMVHQFDGRLITNEASP,0.7672223756944619,0.8321033210332104,binary,resnet,deeploc
WCYKMVHQFDGRLITNEASP,0.7451439988168685,0.8291167332445628,binary,custom,deeploc
WCYKMVHQFDGRLITNEASP,0.7351278423756387,0.8231653404067197,binary,resnet,deeploc
WCYKMVHQFDGRLITNEASP,0.7476372251102906,0.8325231992929739,binary,custom,deeploc
WCYKMVHQFDGRLITNEASP,0.7443431527662673,0.8313518273888155,binary,resnet,deeploc
WCYKMVHQFDGRLITNEASP,0.7404261226494332,0.8314410480349345,binary,custom,deeploc
WCYKMVHQFDGRLITNEASP,0.7378861570830229,0.8140382862351869,binary,resnet,deeploc
WCYKMVHQFDGRLITNEASP,0.7472361044839009,0.8293986636971047,binary,custom,deeploc
WCYKMVHQFDGRLITNEASP,0.7657476469915255,0.7911749615187276,binary,resnet,deeploc
WCYKMVHQFDGRLITNEASP,0.741627391725335,0.828104286345559,binary,custom,deeploc
WCYKMVHQFDGRLITNEASP,0.7624577602540384,0.8201982067012742,binary,resnet,deeploc
WCYKMVHQFDGRLITNEASP,0.7443871016348979,0.82792352156514,binary,custom,deeploc
WCYKMVHQFDGRLITNEASP,0.7248912439901666,0.8300764655904843,binary,resnet,deeploc
WCYKMVHQFDGRLITNEASP,0.7485273641003318,0.8319290465631929,binary,custom,deeploc
WCYKMVHQFDGRLITNEASP,0.764989354607376,0.7784241142252777,binary,resnet,deeploc
WCYKMVHQFDGRLITNEASP,0.7460341378069095,0.8285077951002228,binary,custom,deeploc
WCYKMVHQFDGRLITNEASP,0.7397571232047235,0.8233719892952721,binary,resnet,deeploc
WCYKMVHQFDGRLITNEASP,0.7415387963869845,0.8307017543859649,binary,custom,deeploc
WCYKMVHQFDGRLITNEASP,0.7641508380979488,0.8307267709291628,binary,resnet,deeploc
WCYKMVHQFDGRLITNEASP,0.7430072466801164,0.8280141843971631,binary,custom,deeploc
WCYKMVHQFDGRLITNEASP,0.7594699347882501,0.7795726941115164,binary,resnet,deeploc
WCYKMVHQFDGRLITNEASP,0.7373985339215506,0.8267370272647317,binary,custom,deeploc
WCYKMVHQFDGRLITNEASP,0.7547492682164573,0.7597402597402597,binary,resnet,deeploc
WCYKMVHQFDGRLITNEASP,0.7441199204176676,0.8272484416740873,binary,custom,deeploc
WCYKMVHQFDGRLITNEASP,0.7411362805584156,0.8188405797101449,binary,resnet,deeploc
WCYKMVHQFDGRLITNEASP,0.7476811739789213,0.8290941543953592,binary,custom,deeploc
WCYKMVHQFDGRLITNEASP,0.7738523764478711,0.8169838945827232,binary,resnet,deeploc
WCYKMVHQFDGRLITNEASP,0.7439420321398774,0.8282290279627164,binary,custom,deeploc
WCYKMVHQFDGRLITNEASP,0.7624989187183114,0.7963800904977375,binary,resnet,deeploc
WCYKMVHQFDGRLITNEASP,0.7431851349579068,0.8270342374388617,binary,custom,deeploc
WCYKMVHQFDGRLITNEASP,0.6575845980841084,0.8043390920048212,binary,resnet,deeploc
WCYKMVHQFDGRLITNEASP,0.7451439988168685,0.8291167332445628,binary,custom,deeploc
WCYKMVHQFDGRLITNEASP,0.7347211409405338,0.7810650887573964,binary,resnet,deeploc
WCYKMVHQFDGRLITNEASP,0.741627391725335,0.828104286345559,binary,custom,deeploc
WCYKMVHQFDGRLITNEASP,0.7566718568187716,0.8245048364808844,binary,resnet,deeploc
WCYKMVHQFDGRLITNEASP,0.7461234307463496,0.8301552106430156,binary,custom,deeploc
WCYKMVHQFDGRLITNEASP,0.7542686210658787,0.827115559599636,binary,resnet,deeploc
WCYKMVHQFDGRLITNEASP,0.7417606335334053,0.8262994224788983,binary,custom,deeploc
WCYKMVHQFDGRLITNEASP,0.7487882669077577,0.7900744416873449,binary,resnet,deeploc
WCYKMVHQFDGRLITNEASP,0.7525336871566058,0.8334817453250223,binary,custom,deeploc
WCYKMVHQFDGRLITNEASP,0.7668631111334343,0.810942843185149,binary,resnet,deeploc
WCYKMVHQFDGRLITNEASP,0.7451439988168685,0.8291167332445628,binary,custom,deeploc
WCYKMVHQFDGRLITNEASP,0.7544458117425796,0.821626617375231,binary,resnet,deeploc
WCYKMVHQFDGRLITNEASP,0.7428293584023262,0.828988068935042,binary,custom,deeploc
WCYKMVHQFDGRLITNEASP,0.7269394007885683,0.8336148648648649,binary,resnet,deeploc
WCYKMVHQFDGRLITNEASP,0.7425182283164653,0.8317265556529361,binary,custom,deeploc
WCYKMVHQFDGRLITNEASP,0.7613415985110402,0.7963891675025075,binary,resnet,deeploc
WCYKMVHQFDGRLITNEASP,0.7490610289337029,0.8290062667860341,binary,custom,deeploc
WCYKMVHQFDGRLITNEASP,0.7524381158073618,0.7887606623181134,binary,resnet,deeploc
WCYKMVHQFDGRLITNEASP,0.742472884245656,0.8266666666666667,binary,custom,deeploc
WCYKMVHQFDGRLITNEASP,0.6840257721746459,0.8098006644518272,binary,resnet,deeploc
WCYKMVHQFDGRLITNEASP,0.7438527392004375,0.8265715559518502,binary,custom,deeploc
WCYKMVHQFDGRLITNEASP,0.761654821400169,0.8083657587548638,binary,resnet,deeploc
WCYKMVHQFDGRLITNEASP,0.7454111800340987,0.8297872340425532,binary,custom,deeploc
WCYKMVHQFDGRLITNEASP,0.7627228486680006,0.8064674179323861,binary,resnet,deeploc
WCYKMVHQFDGRLITNEASP,0.7501297538026235,0.8317008014247551,binary,custom,deeploc
WCYKMVHQFDGRLITNEASP,0.7457634685842325,0.804935927859516,binary,resnet,deeploc
WCYKMVHQFDGRLITNEASP,0.7430511955487471,0.8245299910474485,binary,custom,deeploc
WCYKMVHQFDGRLITNEASP,0.746120640341992,0.8122962272938985,binary,resnet,deeploc
WCYKMVHQFDGRLITNEASP,0.7477704669183611,0.8307418924922256,binary,custom,deeploc
WCYKMVHQFDGRLITNEASP,0.7278713958439718,0.817013735046522,binary,resnet,deeploc
WCYKMVHQFDGRLITNEASP,0.7477258204486413,0.8299198575244879,binary,custom,deeploc
WCYKMVHQFDGRLITNEASP,0.7478499934425498,0.7615507169410515,binary,resnet,deeploc
WCYKMVHQFDGRLITNEASP,0.7342384009866869,0.8280365694383979,binary,custom,deeploc
WCYKMVHQFDGRLITNEASP,0.7497711868426854,0.8159851301115242,binary,resnet,deeploc
WCYKMVHQFDGRLITNEASP,0.7522218594696557,0.8319928507596068,binary,custom,deeploc
WCYKMVHQFDGRLITNEASP,0.7515940184892194,0.8009708737864077,binary,resnet,deeploc
WCYKMVHQFDGRLITNEASP,0.749372856620653,0.8305084745762712,binary,custom,deeploc
WCYKMVHQFDGRLITNEASP,0.7632544206981033,0.7870036101083032,binary,resnet,deeploc
WCYKMVHQFDGRLITNEASP,0.7438080927307177,0.8257372654155496,binary,custom,deeploc
WCYKMVHQFDGRLITNEASP,0.7535996216211691,0.8186046511627907,binary,resnet,deeploc
WCYKMVHQFDGRLITNEASP,0.7358847395576091,0.824360105913504,binary,custom,deeploc
WCYKMVHQFDGRLITNEASP,0.7409486258653741,0.7446924333151878,binary,resnet,deeploc
WCYKMVHQFDGRLITNEASP,0.7394020442502325,0.8296101620674551,binary,custom,deeploc
WCYKMVHQFDGRLITNEASP,0.7534203381412,0.8102710413694721,binary,resnet,deeploc
WCYKMVHQFDGRLITNEASP,0.7507980556462437,0.835465372739303,binary,custom,deeploc
WCYKMVHQFDGRLITNEASP,0.7207070326561023,0.829535864978903,binary,resnet,deeploc
WCYKMVHQFDGRLITNEASP,0.7454111800340987,0.8297872340425532,binary,custom,deeploc
WCYKMVHQFDGRLITNEASP,0.7446096363824082,0.8277703604806409,binary,resnet,deeploc
WCYKMVHQFDGRLITNEASP,0.7433630232356971,0.8260481712756468,binary,custom,deeploc
WCYKMVHQFDGRLITNEASP,0.7381086918305332,0.8138686131386861,binary,resnet,deeploc
WCYKMVHQFDGRLITNEASP,0.7422503494981457,0.8268206039076377,binary,custom,deeploc
WCYKMVHQFDGRLITNEASP,0.7557293977470275,0.7671816728822589,binary,resnet,deeploc
WCYKMVHQFDGRLITNEASP,0.7491503218731426,0.8306595365418895,binary,custom,deeploc
WCYKMVHQFDGRLITNEASP,0.7516421529643861,0.8254545454545454,binary,resnet,deeploc
WCYKMVHQFDGRLITNEASP,0.7483494758225415,0.8328912466843501,binary,custom,deeploc
WCYKMVHQFDGRLITNEASP,0.7225605587505685,0.7033849684452094,binary,resnet,deeploc
WCYKMVHQFDGRLITNEASP,0.7432744278973467,0.8286852589641435,binary,custom,deeploc
WCYKMVHQFDGRLITNEASP,0.7370399669616124,0.8110091743119267,binary,resnet,deeploc
WCYKMVHQFDGRLITNEASP,0.7498186237167628,0.8344370860927153,binary,custom,deeploc
WCYKMVHQFDGRLITNEASP,0.7528859757067399,0.8087744396757273,binary,resnet,deeploc
WCYKMVHQFDGRLITNEASP,0.7483487782214521,0.8286353467561521,binary,custom,deeploc
WCYKMVHQFDGRLITNEASP,0.7535940408124541,0.7776628748707343,binary,resnet,deeploc
WCYKMVHQFDGRLITNEASP,0.7449214640693582,0.8292682926829268,binary,custom,deeploc
WCYKMVHQFDGRLITNEASP,0.7486138666354142,0.8159480760315253,binary,resnet,deeploc
WCYKMVHQFDGRLITNEASP,0.7475032857011308,0.8300711743772242,binary,custom,deeploc
WCYKMVHQFDGRLITNEASP,0.7447393901850317,0.8028571428571428,binary,resnet,deeploc
WCYKMVHQFDGRLITNEASP,0.7422057030284259,0.8259902091677792,binary,custom,deeploc
WCYKMVHQFDGRLITNEASP,0.765393963239213,0.8091976516634051,binary,resnet,deeploc
WCYKMVHQFDGRLITNEASP,0.7457223101199594,0.8270004470272687,binary,custom,deeploc
WCYKMVHQFDGRLITNEASP,0.7328104115567387,0.8049907578558225,binary,resnet,deeploc
WCYKMVHQFDGRLITNEASP,0.749729330777323,0.8328159645232815,binary,custom,deeploc
WCYKMVHQFDGRLITNEASP,0.7413609081091942,0.8316571928290337,binary,resnet,deeploc
WCYKMVHQFDGRLITNEASP,0.7469249743980401,0.8321554770318021,binary,custom,deeploc
WCYKMVHQFDGRLITNEASP,0.7346360336076301,0.8091743119266055,binary,resnet,deeploc
WCYKMVHQFDGRLITNEASP,0.7417613311344946,0.8305531167690957,binary,custom,deeploc
WCYKMVHQFDGRLITNEASP,0.7448321711299184,0.8276169265033407,binary,resnet,deeploc
WCYKMVHQFDGRLITNEASP,0.7483934246911721,0.8294642857142858,binary,custom,deeploc
WCYKMVHQFDGRLITNEASP,0.7255421058065523,0.6941176470588235,binary,resnet,deeploc
WCYKMVHQFDGRLITNEASP,0.7463906119635797,0.8308237378210807,binary,custom,deeploc
WCYKMVHQFDGRLITNEASP,0.7364630508607003,0.8222222222222222,binary,resnet,deeploc
WCYKMVHQFDGRLITNEASP,0.7495953913681632,0.8303571428571429,binary,custom,deeploc
WCYKMVHQFDGRLITNEASP,0.7212239550633283,0.6901822457378013,binary,resnet,deeploc
WCYKMVHQFDGRLITNEASP,0.7470135697363904,0.8295505117935025,binary,custom,deeploc
WCYKMVHQFDGRLITNEASP,0.7580042748994757,0.8044856167723062,binary,resnet,deeploc
WCYKMVHQFDGRLITNEASP,0.749328210150933,0.829682610639249,binary,custom,deeploc
WCYKMVHQFDGRLITNEASP,0.7439399393366093,0.8149171270718232,binary,resnet,deeploc
WCYKMVHQFDGRLITNEASP,0.750664116237084,0.8330373001776199,binary,custom,deeploc
WCYKMVHQFDGRLITNEASP,0.7759898261857126,0.8229618909792571,binary,resnet,deeploc
WCYKMVHQFDGRLITNEASP,0.7392241559724421,0.8305676855895197,binary,custom,deeploc
WCYKMVHQFDGRLITNEASP,0.7643719776432802,0.8215297450424929,binary,resnet,deeploc
WCYKMVHQFDGRLITNEASP,0.7481708899436618,0.8296164139161463,binary,custom,deeploc
WCYKMVHQFDGRLITNEASP,0.766862413532345,0.805940594059406,binary,resnet,deeploc
WCYKMVHQFDGRLITNEASP,0.743452316175137,0.827708703374778,binary,custom,deeploc
WCYKMVHQFDGRLITNEASP,0.7614783283245576,0.8190836088804913,binary,resnet,deeploc
WCYKMVHQFDGRLITNEASP,0.7404254250483437,0.827220503756076,binary,custom,deeploc
WCYKMVHQFDGRLITNEASP,0.7322223338383964,0.7280799112097669,binary,resnet,deeploc
WCYKMVHQFDGRLITNEASP,0.7444317481046179,0.8287488908606921,binary,custom,deeploc
WCYKMVHQFDGRLITNEASP,0.7665073345778537,0.8131974769529354,binary,resnet,deeploc
WCYKMVHQFDGRLITNEASP,0.743764143862087,0.8292035398230089,binary,custom,deeploc
WCYKMVHQFDGRLITNEASP,0.7538158779588751,0.7716535433070866,binary,resnet,deeploc
WCYKMVHQFDGRLITNEASP,0.740336132108904,0.8255659121171771,binary,custom,deeploc
WCYKMVHQFDGRLITNEASP,0.7524855526814391,0.8100664767331434,binary,resnet,deeploc
WCYKMVHQFDGRLITNEASP,0.7458562495291192,0.8294849023090586,binary,custom,deeploc
WCYKMVHQFDGRLITNEASP,0.756088662308055,0.7927927927927928,binary,resnet,deeploc
WCYKMVHQFDGRLITNEASP,0.7486166570397715,0.8335540838852097,binary,custom,deeploc
WCYKMVHQFDGRLITNEASP,0.7477655837107355,0.7982541222114452,binary,resnet,deeploc
WCYKMVHQFDGRLITNEASP,0.7413602105081047,0.827433628318584,binary,custom,deeploc
WCYKMVHQFDGRLITNEASP,0.6614751193595464,0.5332409972299169,binary,resnet,deeploc
WCYKMVHQFDGRLITNEASP,0.7535131190860868,0.8345195729537367,binary,custom,deeploc
WCYKMVHQFDGRLITNEASP,0.6927067201308141,0.8162588137702198,binary,resnet,deeploc
WCYKMVHQFDGRLITNEASP,0.7474586392314111,0.8292465448060633,binary,custom,deeploc
WCYKMVHQFDGRLITNEASP,0.7551085327774848,0.7861858811579482,binary,resnet,deeploc
WCYKMVHQFDGRLITNEASP,0.7369527668254408,0.8227454464682363,binary,custom,deeploc
WCYKMVHQFDGRLITNEASP,0.7524436966160767,0.8275237664101404,binary,resnet,deeploc
WCYKMVHQFDGRLITNEASP,0.7541360768588977,0.8332588287885561,binary,custom,deeploc
WCYKMVHQFDGRLITNEASP,0.7296516738240537,0.8157072735385988,binary,resnet,deeploc
WCYKMVHQFDGRLITNEASP,0.743452316175137,0.827708703374778,binary,custom,deeploc
WCYKMVHQFDGRLITNEASP,0.7548859980299746,0.7864028411973617,binary,resnet,deeploc
WCYKMVHQFDGRLITNEASP,0.7402475367705534,0.8281938325991189,binary,custom,deeploc
WCYKMVHQFDGRLITNEASP,0.7603196129151075,0.809477756286267,binary,resnet,deeploc
WCYKMVHQFDGRLITNEASP,0.7470582162061103,0.8303730017761989,binary,custom,deeploc
WCYKMVHQFDGRLITNEASP,0.763522299516423,0.7932960893854749,binary,resnet,deeploc
WCYKMVHQFDGRLITNEASP,0.7386444494671723,0.8241563055062167,binary,custom,deeploc
WCYKMVHQFDGRLITNEASP,0.691504753453823,0.8154292824554127,binary,resnet,deeploc
WCYKMVHQFDGRLITNEASP,0.7468356814586001,0.8305235137533274,binary,custom,deeploc
WCYKMVHQFDGRLITNEASP,0.7028358879485226,0.642190416925949,binary,resnet,deeploc
WCYKMVHQFDGRLITNEASP,0.7401142949624829,0.8299737072743207,binary,custom,deeploc
WCYKMVHQFDGRLITNEASP,0.7322216362373073,0.7211267605633803,binary,resnet,deeploc
WCYKMVHQFDGRLITNEASP,0.7418506240739345,0.8321678321678322,binary,custom,deeploc
WCYKMVHQFDGRLITNEASP,0.754842049161344,0.7907676869041645,binary,resnet,deeploc
WCYKMVHQFDGRLITNEASP,0.7431404884881868,0.8262032085561497,binary,custom,deeploc
WCYKMVHQFDGRLITNEASP,0.7486989739683177,0.7880299251870324,binary,resnet,deeploc
WCYKMVHQFDGRLITNEASP,0.7504862279592937,0.8339973439575034,binary,custom,deeploc
WCYKMVHQFDGRLITNEASP,0.7324009197172762,0.7332601536772777,binary,resnet,deeploc
WCYKMVHQFDGRLITNEASP,0.7413155640383848,0.8266075388026608,binary,custom,deeploc
WCYKMVHQFDGRLITNEASP,0.7501737026712542,0.8282374100719424,binary,resnet,deeploc
WCYKMVHQFDGRLITNEASP,0.7423396424375857,0.8284703801945181,binary,custom,deeploc
WCYKMVHQFDGRLITNEASP,0.7505692424889291,0.7936821322803553,binary,resnet,deeploc
WCYKMVHQFDGRLITNEASP,0.7479037087264315,0.8289414917373827,binary,custom,deeploc
WCYKMVHQFDGRLITNEASP,0.7546167240094762,0.7684154742978272,binary,resnet,deeploc
WCYKMVHQFDGRLITNEASP,0.7388676818157719,0.8282828282828283,binary,custom,deeploc
WCYKMVHQFDGRLITNEASP,0.7497635132307022,0.7568733153638814,binary,resnet,deeploc
WCYKMVHQFDGRLITNEASP,0.7357068512798189,0.8253409590849098,binary,custom,deeploc
WCYKMVHQFDGRLITNEASP,0.741082565274534,0.7483801295896328,binary,resnet,deeploc
WCYKMVHQFDGRLITNEASP,0.7412709175686648,0.8257777777777778,binary,custom,deeploc
WCYKMVHQFDGRLITNEASP,0.7546243976214595,0.825091575091575,binary,resnet,deeploc
WCYKMVHQFDGRLITNEASP,0.7450547058774287,0.8274632189032546,binary,custom,deeploc
WCYKMVHQFDGRLITNEASP,0.7579212603698402,0.8432574430823118,binary,resnet,deeploc
WCYKMVHQFDGRLITNEASP,0.7415380987858952,0.8264536173990236,binary,custom,deeploc
WCYKMVHQFDGRLITNEASP,0.7754973198166146,0.8024439918533605,binary,resnet,deeploc
WCYKMVHQFDGRLITNEASP,0.7489724335953523,0.8316303864948912,binary,custom,deeploc
WCYKMVHQFDGRLITNEASP,0.7268905687123122,0.8069059518400727,binary,resnet,deeploc
WCYKMVHQFDGRLITNEASP,0.7473700438930606,0.831858407079646,binary,custom,deeploc
WCYKMVHQFDGRLITNEASP,0.7071742691233387,0.8229384679782336,binary,resnet,deeploc
WCYKMVHQFDGRLITNEASP,0.7449214640693582,0.8292682926829268,binary,custom,deeploc
WCYKMVHQFDGRLITNEASP,0.7731380329323522,0.8014220416455053,binary,resnet,deeploc
WCYKMVHQFDGRLITNEASP,0.7418499264728452,0.8279522335249889,binary,custom,deeploc
WCYKMVHQFDGRLITNEASP,0.7217283206509455,0.8144557073600706,binary,resnet,deeploc
WCYKMVHQFDGRLITNEASP,0.748794545317562,0.8325952170062002,binary,custom,deeploc
WCYKMVHQFDGRLITNEASP,0.7524429990149872,0.8230980751604033,binary,resnet,deeploc
WCYKMVHQFDGRLITNEASP,0.7484827176306118,0.8311111111111111,binary,custom,deeploc
WCYKMVHQFDGRLITNEASP,0.74728144855471,0.8344312692138779,binary,resnet,deeploc
WCYKMVHQFDGRLITNEASP,0.7501744002723436,0.8325188804975566,binary,custom,deeploc
WCYKMVHQFDGRLITNEASP,0.7320556071780362,0.8174921909861669,binary,resnet,deeploc
WCYKMVHQFDGRLITNEASP,0.7512870740098948,0.8317715305667113,binary,custom,deeploc
WCYKMVHQFDGRLITNEASP,0.7722039450736807,0.8064032016008004,binary,resnet,deeploc
WCYKMVHQFDGRLITNEASP,0.7474586392314111,0.8292465448060633,binary,custom,deeploc
WCYKMVHQFDGRLITNEASP,0.7653067631030414,0.8217494089834515,binary,resnet,deeploc
WCYKMVHQFDGRLITNEASP,0.7491056754034227,0.8298347476552033,binary,custom,deeploc
WCYKMVHQFDGRLITNEASP,0.7251863292509718,0.6977829638273045,binary,resnet,deeploc
WCYKMVHQFDGRLITNEASP,0.750307642080414,0.8307280035730237,binary,custom,deeploc
WCYKMVHQFDGRLITNEASP,0.7586746695463641,0.8230376219228983,binary,resnet,deeploc
WCYKMVHQFDGRLITNEASP,0.7449654129379889,0.825794894760412,binary,custom,deeploc
WCYKMVHQFDGRLITNEASP,0.7570729774451616,0.8277752398355414,binary,resnet,deeploc
WCYKMVHQFDGRLITNEASP,0.7491056754034227,0.8298347476552033,binary,custom,deeploc
WCYKMVHQFDGRLITNEASP,0.7728262052454021,0.7995920448750637,binary,resnet,deeploc
WCYKMVHQFDGRLITNEASP,0.7482601828831016,0.8312611012433393,binary,custom,deeploc
WCYKMVHQFDGRLITNEASP,0.7363305066537191,0.8283093053735255,binary,resnet,deeploc
WCYKMVHQFDGRLITNEASP,0.744342455165178,0.8270944741532977,binary,custom,deeploc
WCYKMVHQFDGRLITNEASP,0.7595620181320475,0.8031418753068238,binary,resnet,deeploc
WCYKMVHQFDGRLITNEASP,0.7479483551961514,0.8297682709447415,binary,custom,deeploc
WCYKMVHQFDGRLITNEASP,0.749106373004512,0.8340688437775816,binary,resnet,deeploc
WCYKMVHQFDGRLITNEASP,0.7409151410130842,0.8277385159010601,binary,custom,deeploc
WCYKMVHQFDGRLITNEASP,0.7470142673374799,0.8337730870712401,binary,resnet,deeploc
WCYKMVHQFDGRLITNEASP,0.745277240624939,0.8273092369477911,binary,custom,deeploc
WCYKMVHQFDGRLITNEASP,0.7032111973346057,0.8139633886760324,binary,resnet,deeploc
WCYKMVHQFDGRLITNEASP,0.7436302044529273,0.8267260579064588,binary,custom,deeploc
WCYKMVHQFDGRLITNEASP,0.748703159574854,0.8177203507152746,binary,resnet,deeploc
WCYKMVHQFDGRLITNEASP,0.7429626002103965,0.8271879164815638,binary,custom,deeploc
WCYKMVHQFDGRLITNEASP,0.752664836161408,0.8183929400836043,binary,resnet,deeploc
WCYKMVHQFDGRLITNEASP,0.744342455165178,0.8270944741532977,binary,custom,deeploc
WCYKMVHQFDGRLITNEASP,0.7489696431909948,0.8138124125058329,binary,resnet,deeploc
WCYKMVHQFDGRLITNEASP,0.7462566725544199,0.8283548818546589,binary,custom,deeploc
WCYKMVHQFDGRLITNEASP,0.7314333470063147,0.8231680561649847,binary,resnet,deeploc
WCYKMVHQFDGRLITNEASP,0.7412709175686648,0.8257777777777778,binary,custom,deeploc
WCYKMVHQFDGRLITNEASP,0.7316551841527356,0.8186666666666667,binary,resnet,deeploc
WCYKMVHQFDGRLITNEASP,0.7494175030903728,0.831330663106364,binary,custom,deeploc
WCYKMVHQFDGRLITNEASP,0.7153201570439573,0.8240779991521832,binary,resnet,deeploc
WCYKMVHQFDGRLITNEASP,0.7429626002103965,0.8271879164815638,binary,custom,deeploc
WCYKMVHQFDGRLITNEASP,0.7572927217883143,0.809042809042809,binary,resnet,deeploc
WCYKMVHQFDGRLITNEASP,0.7454111800340987,0.8297872340425532,binary,custom,deeploc
WCYKMVHQFDGRLITNEASP,0.7299209478445522,0.829247311827957,binary,resnet,deeploc
WCYKMVHQFDGRLITNEASP,0.7475479321708509,0.8308921438082557,binary,custom,deeploc
WCYKMVHQFDGRLITNEASP,0.7079751151739399,0.8207507380851962,binary,resnet,deeploc
WCYKMVHQFDGRLITNEASP,0.7405586668564141,0.8254109284762328,binary,custom,deeploc
WCYKMVHQFDGRLITNEASP,0.7755887055593226,0.8194647201946472,binary,resnet,deeploc
WCYKMVHQFDGRLITNEASP,0.7478597598578011,0.832375055285272,binary,custom,deeploc
WCYKMVHQFDGRLITNEASP,0.7493630902054016,0.7585836909871244,binary,resnet,deeploc
WCYKMVHQFDGRLITNEASP,0.7489277871256323,0.8308103294746215,binary,custom,deeploc
WCYKMVHQFDGRLITNEASP,0.7271486811153806,0.7361036157582299,binary,resnet,deeploc
WCYKMVHQFDGRLITNEASP,0.748660605908402,0.8301382077574677,binary,custom,deeploc
WCYKMVHQFDGRLITNEASP,0.7499853503771231,0.7502738225629791,binary,resnet,deeploc
WCYKMVHQFDGRLITNEASP,0.7441199204176676,0.8272484416740873,binary,custom,deeploc
WCYKMVHQFDGRLITNEASP,0.7531531569239698,0.8095238095238095,binary,resnet,deeploc
WCYKMVHQFDGRLITNEASP,0.743452316175137,0.827708703374778,binary,custom,deeploc
WCYKMVHQFDGRLITNEASP,0.738989064405323,0.7353266888150609,binary,resnet,deeploc
WCYKMVHQFDGRLITNEASP,0.7446542828521281,0.8285968028419183,binary,custom,deeploc
WCYKMVHQFDGRLITNEASP,0.767622101118673,0.8264540337711069,binary,resnet,deeploc
WCYKMVHQFDGRLITNEASP,0.7445656875137776,0.8312031732040547,binary,custom,deeploc
WCYKMVHQFDGRLITNEASP,0.7308096916324145,0.8201502430402121,binary,resnet,deeploc
WCYKMVHQFDGRLITNEASP,0.741004433952524,0.8293755496921724,binary,custom,deeploc
WCYKMVHQFDGRLITNEASP,0.7158977707459588,0.8177892918825561,binary,resnet,deeploc
WCYKMVHQFDGRLITNEASP,0.7517767899746353,0.8322925958965209,binary,custom,deeploc
WCYKMVHQFDGRLITNEASP,0.7542686210658787,0.827115559599636,binary,resnet,deeploc
WCYKMVHQFDGRLITNEASP,0.7475925786405708,0.8317094774136404,binary,custom,deeploc
WCYKMVHQFDGRLITNEASP,0.753957490980018,0.8299503834009924,binary,resnet,deeploc
WCYKMVHQFDGRLITNEASP,0.7450993523471486,0.8282918149466192,binary,custom,deeploc
WCYKMVHQFDGRLITNEASP,0.743803209523092,0.7925817471937531,binary,resnet,deeploc
WCYKMVHQFDGRLITNEASP,0.7458116030593993,0.8286604361370716,binary,custom,deeploc
WCYKMVHQFDGRLITNEASP,0.7012530310767333,0.8161888701517707,binary,resnet,deeploc
WCYKMVHQFDGRLITNEASP,0.7475479321708509,0.8308921438082557,binary,custom,deeploc
WCYKMVHQFDGRLITNEASP,0.7414502010486339,0.8332607749238137,binary,resnet,deeploc
WCYKMVHQFDGRLITNEASP,0.7483048293528214,0.8320779796189632,binary,custom,deeploc
WCYKMVHQFDGRLITNEASP,0.7606272549955214,0.7795193312434692,binary,resnet,deeploc
WCYKMVHQFDGRLITNEASP,0.7438527392004375,0.8265715559518502,binary,custom,deeploc
WCYKMVHQFDGRLITNEASP,0.7453211894935696,0.8237945020279405,binary,resnet,deeploc
WCYKMVHQFDGRLITNEASP,0.7479037087264315,0.8289414917373827,binary,custom,deeploc
WCYKMVHQFDGRLITNEASP,0.76348114105215,0.8175321581705574,binary,resnet,deeploc
WCYKMVHQFDGRLITNEASP,0.7486159594386823,0.8293118856121537,binary,custom,deeploc
WCYKMVHQFDGRLITNEASP,0.7390888213611035,0.8194506978838361,binary,resnet,deeploc
WCYKMVHQFDGRLITNEASP,0.7433183767659772,0.8252123379526151,binary,custom,deeploc
WCYKMVHQFDGRLITNEASP,0.7731373353312628,0.796086508753862,binary,resnet,deeploc
WCYKMVHQFDGRLITNEASP,0.7504862279592937,0.8339973439575034,binary,custom,deeploc
WCYKMVHQFDGRLITNEASP,0.730010240783992,0.8308351177730193,binary,resnet,deeploc
WCYKMVHQFDGRLITNEASP,0.7498179261156734,0.8302055406613047,binary,custom,deeploc
WCYKMVHQFDGRLITNEASP,0.7234220960959453,0.8285835814547001,binary,resnet,deeploc
WCYKMVHQFDGRLITNEASP,0.7434076697054169,0.82688028482421,binary,custom,deeploc
WCYKMVHQFDGRLITNEASP,0.758984404430046,0.8105769230769231,binary,resnet,deeploc
WCYKMVHQFDGRLITNEASP,0.7494175030903728,0.831330663106364,binary,custom,deeploc
WCYKMVHQFDGRLITNEASP,0.7484310951499982,0.7817721518987342,binary,resnet,deeploc
WCYKMVHQFDGRLITNEASP,0.7578312698293109,0.8375611927013796,binary,custom,deeploc
WCYKMVHQFDGRLITNEASP,0.7411753462194207,0.7801702553830746,binary,resnet,deeploc
WCYKMVHQFDGRLITNEASP,0.7429179537406765,0.8263579697239537,binary,custom,deeploc
WCYKMVHQFDGRLITNEASP,0.7633018575721807,0.8089668615984406,binary,resnet,deeploc
WCYKMVHQFDGRLITNEASP,0.7477704669183611,0.8307418924922256,binary,custom,deeploc
WCYKMVHQFDGRLITNEASP,0.7409137458109055,0.8190045248868778,binary,resnet,deeploc
WCYKMVHQFDGRLITNEASP,0.7454111800340987,0.8297872340425532,binary,custom,deeploc
WCYKMVHQFDGRLITNEASP,0.7255128065607988,0.8204456094364351,binary,resnet,deeploc
WCYKMVHQFDGRLITNEASP,0.7369534644265301,0.8270412642669008,binary,custom,deeploc
WCYKMVHQFDGRLITNEASP,0.7450937715384336,0.7903543307086615,binary,resnet,deeploc
WCYKMVHQFDGRLITNEASP,0.7450993523471486,0.8282918149466192,binary,custom,deeploc
WCYKMVHQFDGRLITNEASP,0.6704239461340343,0.5578876100203114,binary,resnet,deeploc
WCYKMVHQFDGRLITNEASP,0.7431404884881868,0.8262032085561497,binary,custom,deeploc
WCYKMVHQFDGRLITNEASP,0.7531524593228804,0.804630969609262,binary,resnet,deeploc
WCYKMVHQFDGRLITNEASP,0.7458116030593993,0.8286604361370716,binary,custom,deeploc
WCYKMVHQFDGRLITNEASP,0.7485273641003318,0.8319290465631929,binary,resnet,deeploc
WCYKMVHQFDGRLITNEASP,0.7387783888763322,0.8266431407146008,binary,custom,deeploc
WCYKMVHQFDGRLITNEASP,0.7470582162061103,0.8303730017761989,binary,resnet,deeploc
WCYKMVHQFDGRLITNEASP,0.7479483551961514,0.8297682709447415,binary,custom,deeploc
WCYKMVHQFDGRLITNEASP,0.7020803859687308,0.6578153289076645,binary,resnet,deeploc
WCYKMVHQFDGRLITNEASP,0.7500851073329036,0.8308790718429273,binary,custom,deeploc
WCYKMVHQFDGRLITNEASP,0.7531015344433563,0.7528767123287671,binary,resnet,deeploc
WCYKMVHQFDGRLITNEASP,0.7426514701245358,0.8299559471365638,binary,custom,deeploc
WCYKMVHQFDGRLITNEASP,0.7490087088519998,0.7732919254658385,binary,resnet,deeploc
WCYKMVHQFDGRLITNEASP,0.7468356814586001,0.8305235137533274,binary,custom,deeploc
WCYKMVHQFDGRLITNEASP,0.7439776097954355,0.7635028841111694,binary,resnet,deeploc
WCYKMVHQFDGRLITNEASP,0.7440752739479478,0.8264167782240072,binary,custom,deeploc
WCYKMVHQFDGRLITNEASP,0.752309757206917,0.8249772105742935,binary,resnet,deeploc
WCYKMVHQFDGRLITNEASP,0.7448321711299184,0.8276169265033407,binary,custom,deeploc
WCYKMVHQFDGRLITNEASP,0.7388090833242644,0.7159353348729792,binary,resnet,deeploc
WCYKMVHQFDGRLITNEASP,0.7510645392623845,0.8319215336602764,binary,custom,deeploc
WCYKMVHQFDGRLITNEASP,0.7444722089678014,0.8020982355746304,binary,resnet,deeploc
WCYKMVHQFDGRLITNEASP,0.7467910349888802,0.8297020898176968,binary,custom,deeploc
WCYKMVHQFDGRLITNEASP,0.7338826244311063,0.8299437472955431,binary,resnet,deeploc
WCYKMVHQFDGRLITNEASP,0.7374878268609903,0.8283712784588442,binary,custom,deeploc
WCYKMVHQFDGRLITNEASP,0.7441094564013272,0.7485062466051059,binary,resnet,deeploc
WCYKMVHQFDGRLITNEASP,0.7437194973923671,0.8283813747228381,binary,custom,deeploc
WCYKMVHQFDGRLITNEASP,0.7158977707459588,0.8177892918825561,binary,resnet,deeploc
WCYKMVHQFDGRLITNEASP,0.7479037087264315,0.8289414917373827,binary,custom,deeploc
WCYKMVHQFDGRLITNEASP,0.6922602554336148,0.8081321473951716,binary,resnet,deeploc
WCYKMVHQFDGRLITNEASP,0.7467463885191604,0.8288770053475936,binary,custom,deeploc
WCYKMVHQFDGRLITNEASP,0.7799054611003682,0.813,binary,resnet,deeploc
WCYKMVHQFDGRLITNEASP,0.74652385377165,0.8290293855743545,binary,custom,deeploc
WCYKMVHQFDGRLITNEASP,0.758275641723242,0.8330324909747292,binary,resnet,deeploc
WCYKMVHQFDGRLITNEASP,0.7464792073019302,0.8282016956715752,binary,custom,deeploc
WCYKMVHQFDGRLITNEASP,0.7661055163503744,0.8045634920634921,binary,resnet,deeploc
WCYKMVHQFDGRLITNEASP,0.743764143862087,0.8292035398230089,binary,custom,deeploc
WCYKMVHQFDGRLITNEASP,0.7467463885191604,0.8288770053475936,binary,resnet,deeploc
WCYKMVHQFDGRLITNEASP,0.7490170800650723,0.8324468085106383,binary,custom,deeploc
WCYKMVHQFDGRLITNEASP,0.7132726978466449,0.8246205733558178,binary,resnet,deeploc
WCYKMVHQFDGRLITNEASP,0.7485720105700517,0.8327433628318585,binary,custom,deeploc
WCYKMVHQFDGRLITNEASP,0.7685540961740766,0.8075210291934686,binary,resnet,deeploc
WCYKMVHQFDGRLITNEASP,0.7436748509226473,0.8275555555555556,binary,custom,deeploc
WCYKMVHQFDGRLITNEASP,0.7468266126444383,0.7651077246452969,binary,resnet,deeploc
WCYKMVHQFDGRLITNEASP,0.7455004729735386,0.8314210061782877,binary,custom,deeploc
WCYKMVHQFDGRLITNEASP,0.7485678249635155,0.8055290753098189,binary,resnet,deeploc
WCYKMVHQFDGRLITNEASP,0.7487052523781221,0.8309608540925267,binary,custom,deeploc
WCYKMVHQFDGRLITNEASP,0.7284852848026209,0.7472295514511873,binary,resnet,deeploc
WCYKMVHQFDGRLITNEASP,0.7423835913062162,0.825,binary,custom,deeploc
WCYKMVHQFDGRLITNEASP,0.7669098504064223,0.8260665729020159,binary,resnet,deeploc
WCYKMVHQFDGRLITNEASP,0.742428237775936,0.8258351893095769,binary,custom,deeploc
WCYKMVHQFDGRLITNEASP,0.752087920060496,0.8295096716149347,binary,resnet,deeploc
WCYKMVHQFDGRLITNEASP,0.7402914856391839,0.8247330960854092,binary,custom,deeploc
WCYKMVHQFDGRLITNEASP,0.7482029795937729,0.7325383304940375,binary,resnet,deeploc
WCYKMVHQFDGRLITNEASP,0.7471028626758304,0.8311918475852902,binary,custom,deeploc
WCYKMVHQFDGRLITNEASP,0.7420633924061936,0.7620545073375262,binary,resnet,deeploc
WCYKMVHQFDGRLITNEASP,0.7460341378069095,0.8285077951002228,binary,custom,deeploc
WCYKMVHQFDGRLITNEASP,0.759697352743386,0.8157644824311491,binary,resnet,deeploc
WCYKMVHQFDGRLITNEASP,0.7495953913681632,0.8303571428571429,binary,custom,deeploc
WCYKMVHQFDGRLITNEASP,0.7595138836568808,0.7749077490774908,binary,resnet,deeploc
WCYKMVHQFDGRLITNEASP,0.7470582162061103,0.8303730017761989,binary,custom,deeploc
WCYKMVHQFDGRLITNEASP,0.7591657807132832,0.832427536231884,binary,resnet,deeploc
WCYKMVHQFDGRLITNEASP,0.7463013190241399,0.8291814946619217,binary,custom,deeploc
WCYKMVHQFDGRLITNEASP,0.7409974579416304,0.781437125748503,binary,resnet,deeploc
WCYKMVHQFDGRLITNEASP,0.7533352308082963,0.8354767184035476,binary,custom,deeploc
WCYKMVHQFDGRLITNEASP,0.7471447187411928,0.8142989786443825,binary,resnet,deeploc
WCYKMVHQFDGRLITNEASP,0.7455890683118891,0.8288128056914184,binary,custom,deeploc
WCYKMVHQFDGRLITNEASP,0.7654365169056647,0.7947154471544715,binary,resnet,deeploc
WCYKMVHQFDGRLITNEASP,0.7458123006604888,0.8328935795954265,binary,custom,deeploc
WCYKMVHQFDGRLITNEASP,0.7514161302114291,0.8021286889211418,binary,resnet,deeploc
WCYKMVHQFDGRLITNEASP,0.7517321435049152,0.8314707197139025,binary,custom,deeploc
WCYKMVHQFDGRLITNEASP,0.7029007648498344,0.8208768267223382,binary,resnet,deeploc
WCYKMVHQFDGRLITNEASP,0.7454551289027292,0.8263205013428827,binary,custom,deeploc
WCYKMVHQFDGRLITNEASP,0.7413595129070154,0.8231079265562025,binary,resnet,deeploc
WCYKMVHQFDGRLITNEASP,0.7429179537406765,0.8263579697239537,binary,custom,deeploc
WCYKMVHQFDGRLITNEASP,0.7737184370387112,0.8141592920353983,binary,resnet,deeploc
WCYKMVHQFDGRLITNEASP,0.7471914580141809,0.8285714285714286,binary,custom,deeploc
WCYKMVHQFDGRLITNEASP,0.7342704906367982,0.7334801762114538,binary,resnet,deeploc
WCYKMVHQFDGRLITNEASP,0.7508866509845942,0.8328888888888889,binary,custom,deeploc
WCYKMVHQFDGRLITNEASP,0.7531078128531605,0.8036750483558994,binary,resnet,deeploc
WCYKMVHQFDGRLITNEASP,0.7345941775422676,0.8261060008760402,binary,custom,deeploc
WCYKMVHQFDGRLITNEASP,0.7542672258637,0.8180970149253731,binary,resnet,deeploc
WCYKMVHQFDGRLITNEASP,0.7417166846647748,0.8297404311482622,binary,custom,deeploc
WCYKMVHQFDGRLITNEASP,0.7662429437649811,0.8310249307479224,binary,resnet,deeploc
WCYKMVHQFDGRLITNEASP,0.740692606265574,0.8278905560458959,binary,custom,deeploc
WCYKMVHQFDGRLITNEASP,0.7478562718523541,0.8099717779868297,binary,resnet,deeploc
WCYKMVHQFDGRLITNEASP,0.7444317481046179,0.8287488908606921,binary,custom,deeploc
WCYKMVHQFDGRLITNEASP,0.7386444494671723,0.8241563055062167,binary,resnet,deeploc
WCYKMVHQFDGRLITNEASP,0.7396245789977425,0.8294607628233231,binary,custom,deeploc
WCYKMVHQFDGRLITNEASP,0.7577831353541442,0.8144280968201234,binary,resnet,deeploc
WCYKMVHQFDGRLITNEASP,0.7394899419874934,0.8226887003126395,binary,custom,deeploc
WCYKMVHQFDGRLITNEASP,0.7627235462690898,0.811411992263056,binary,resnet,deeploc
WCYKMVHQFDGRLITNEASP,0.7479044063275209,0.8331862312444837,binary,custom,deeploc
WCYKMVHQFDGRLITNEASP,0.7166553655290189,0.8231785257775884,binary,resnet,deeploc
WCYKMVHQFDGRLITNEASP,0.7433637208367865,0.8303217276333187,binary,custom,deeploc
WCYKMVHQFDGRLITNEASP,0.7584019075204188,0.781799379524302,binary,resnet,deeploc
WCYKMVHQFDGRLITNEASP,0.7434076697054169,0.82688028482421,binary,custom,deeploc
WCYKMVHQFDGRLITNEASP,0.7388209425427839,0.8142400730260155,binary,resnet,deeploc
WCYKMVHQFDGRLITNEASP,0.7420278147506356,0.8269742679680568,binary,custom,deeploc
WCYKMVHQFDGRLITNEASP,0.7520816416506916,0.7858585858585858,binary,resnet,deeploc
WCYKMVHQFDGRLITNEASP,0.7520886176615853,0.8337777777777777,binary,custom,deeploc
WCYKMVHQFDGRLITNEASP,0.7591162510359377,0.7984111221449851,binary,resnet,deeploc
WCYKMVHQFDGRLITNEASP,0.7412269687000343,0.829225352112676,binary,custom,deeploc
WCYKMVHQFDGRLITNEASP,0.7431753685426555,0.7546766435061465,binary,resnet,deeploc
WCYKMVHQFDGRLITNEASP,0.7417606335334053,0.8262994224788983,binary,custom,deeploc
WCYKMVHQFDGRLITNEASP,0.741928057794855,0.7460576400217509,binary,resnet,deeploc
WCYKMVHQFDGRLITNEASP,0.7464792073019302,0.8282016956715752,binary,custom,deeploc
WCYKMVHQFDGRLITNEASP,0.745448850492925,0.7825213460572576,binary,resnet,deeploc
WCYKMVHQFDGRLITNEASP,0.7402028903008335,0.8273730684326711,binary,custom,deeploc
WCYKMVHQFDGRLITNEASP,0.7623238208448786,0.8174904942965779,binary,resnet,deeploc
WCYKMVHQFDGRLITNEASP,0.7420724612203554,0.8277999114652501,binary,custom,deeploc
WCYKMVHQFDGRLITNEASP,0.7535549751514492,0.8177156177156177,binary,resnet,deeploc
WCYKMVHQFDGRLITNEASP,0.742874004872046,0.8298059964726632,binary,custom,deeploc
WCYKMVHQFDGRLITNEASP,0.7461652868117119,0.8131970260223048,binary,resnet,deeploc
WCYKMVHQFDGRLITNEASP,0.7487052523781221,0.8309608540925267,binary,custom,deeploc
WCYKMVHQFDGRLITNEASP,0.7421624517608847,0.8336236933797909,binary,resnet,deeploc
WCYKMVHQFDGRLITNEASP,0.7429626002103965,0.8271879164815638,binary,custom,deeploc
WCYKMVHQFDGRLITNEASP,0.7493665782108485,0.7873936968484242,binary,resnet,deeploc
WCYKMVHQFDGRLITNEASP,0.7423842889073056,0.8292898103220114,binary,custom,deeploc
WCYKMVHQFDGRLITNEASP,0.7607653800112174,0.8139646102343376,binary,resnet,deeploc
WCYKMVHQFDGRLITNEASP,0.7463013190241399,0.8291814946619217,binary,custom,deeploc
WCYKMVHQFDGRLITNEASP,0.7575640886120809,0.8368983957219251,binary,resnet,deeploc
WCYKMVHQFDGRLITNEASP,0.75680719143011,0.8357142857142857,binary,custom,deeploc
WCYKMVHQFDGRLITNEASP,0.7490610289337029,0.8290062667860341,binary,resnet,deeploc
WCYKMVHQFDGRLITNEASP,0.7430965396195564,0.8296557811120918,binary,custom,deeploc
WCYKMVHQFDGRLITNEASP,0.6763005377109198,0.5695097380792478,binary,resnet,deeploc
WCYKMVHQFDGRLITNEASP,0.7457669565896795,0.8278322925958965,binary,custom,deeploc
WCYKMVHQFDGRLITNEASP,0.7393134489118818,0.8321739130434782,binary,resnet,deeploc
WCYKMVHQFDGRLITNEASP,0.7444763945743378,0.8295706064630367,binary,custom,deeploc
WCYKMVHQFDGRLITNEASP,0.755956118101074,0.8001963672066765,binary,resnet,deeploc
WCYKMVHQFDGRLITNEASP,0.7499958143934637,0.8292245629762438,binary,custom,deeploc
WCYKMVHQFDGRLITNEASP,0.7171011326251286,0.8270042194092827,binary,resnet,deeploc
WCYKMVHQFDGRLITNEASP,0.7449214640693582,0.8292682926829268,binary,custom,deeploc
WCYKMVHQFDGRLITNEASP,0.7617901560115076,0.8207058823529412,binary,resnet,deeploc
WCYKMVHQFDGRLITNEASP,0.7392234583713526,0.8263367211665931,binary,custom,deeploc
WCYKMVHQFDGRLITNEASP,0.7535124214849974,0.830256641152634,binary,resnet,deeploc
WCYKMVHQFDGRLITNEASP,0.7441645668873877,0.8280764104842292,binary,custom,deeploc
WCYKMVHQFDGRLITNEASP,0.7579603260308452,0.8084901109503135,binary,resnet,deeploc
WCYKMVHQFDGRLITNEASP,0.7567178984906704,0.8340807174887892,binary,custom,deeploc
WCYKMVHQFDGRLITNEASP,0.7579610236319346,0.8133333333333334,binary,resnet,deeploc
WCYKMVHQFDGRLITNEASP,0.7434076697054169,0.82688028482421,binary,custom,deeploc
WCYKMVHQFDGRLITNEASP,0.7478144157869917,0.8272768057424854,binary,resnet,deeploc
WCYKMVHQFDGRLITNEASP,0.7457223101199594,0.8270004470272687,binary,custom,deeploc
WCYKMVHQFDGRLITNEASP,0.7416252989220667,0.8148487626031164,binary,resnet,deeploc
WCYKMVHQFDGRLITNEASP,0.7472361044839009,0.8293986636971047,binary,custom,deeploc
WCYKMVHQFDGRLITNEASP,0.7436295068518379,0.8223624887285843,binary,resnet,deeploc
WCYKMVHQFDGRLITNEASP,0.7417613311344946,0.8305531167690957,binary,custom,deeploc
WCYKMVHQFDGRLITNEASP,0.7737198322408899,0.8237547892720306,binary,resnet,deeploc
WCYKMVHQFDGRLITNEASP,0.7468356814586001,0.8305235137533274,binary,custom,deeploc
WCYKMVHQFDGRLITNEASP,0.750754106777613,0.8387942332896461,binary,resnet,deeploc
WCYKMVHQFDGRLITNEASP,0.7471914580141809,0.8285714285714286,binary,custom,deeploc
WCYKMVHQFDGRLITNEASP,0.7454969849680917,0.8090098545283905,binary,resnet,deeploc
WCYKMVHQFDGRLITNEASP,0.7418945729425652,0.8287731685789939,binary,custom,deeploc
WCYKMVHQFDGRLITNEASP,0.7207035446506552,0.8080536912751678,binary,resnet,deeploc
WCYKMVHQFDGRLITNEASP,0.7477704669183611,0.8307418924922256,binary,custom,deeploc
WCYKMVHQFDGRLITNEASP,0.7511908050595612,0.7812340642529322,binary,resnet,deeploc
WCYKMVHQFDGRLITNEASP,0.7458116030593993,0.8286604361370716,binary,custom,deeploc
WCYKMVHQFDGRLITNEASP,0.7439336609268049,0.7682737169517885,binary,resnet,deeploc
WCYKMVHQFDGRLITNEASP,0.7480822946053113,0.8322266489597167,binary,custom,deeploc
WCYKMVHQFDGRLITNEASP,0.7376071166472734,0.7147806004618937,binary,resnet,deeploc
WCYKMVHQFDGRLITNEASP,0.7469242767969507,0.8278945015645954,binary,custom,deeploc
WCYKMVHQFDGRLITNEASP,0.7535124214849974,0.830256641152634,binary,resnet,deeploc
WCYKMVHQFDGRLITNEASP,0.7457223101199594,0.8270004470272687,binary,custom,deeploc
WCYKMVHQFDGRLITNEASP,0.7419357314068382,0.8071161048689138,binary,resnet,deeploc
WCYKMVHQFDGRLITNEASP,0.7487052523781221,0.8309608540925267,binary,custom,deeploc
WCYKMVHQFDGRLITNEASP,0.7527115754343962,0.8325145154086646,binary,resnet,deeploc
WCYKMVHQFDGRLITNEASP,0.7484827176306118,0.8311111111111111,binary,custom,deeploc
WCYKMVHQFDGRLITNEASP,0.7511956882671867,0.8167441860465117,binary,resnet,deeploc
WCYKMVHQFDGRLITNEASP,0.7502629956106939,0.8299015219337511,binary,custom,deeploc
WCYKMVHQFDGRLITNEASP,0.7466124491100006,0.8263795423956931,binary,resnet,deeploc
WCYKMVHQFDGRLITNEASP,0.7458562495291192,0.8294849023090586,binary,custom,deeploc
WCYKMVHQFDGRLITNEASP,0.75725295852622,0.8395934600088378,binary,resnet,deeploc
WCYKMVHQFDGRLITNEASP,0.7475032857011308,0.8300711743772242,binary,custom,deeploc
WCYKMVHQFDGRLITNEASP,0.7479888160593352,0.8030666027791088,binary,resnet,deeploc
WCYKMVHQFDGRLITNEASP,0.744698929321848,0.8294195835179442,binary,custom,deeploc
WCYKMVHQFDGRLITNEASP,0.7607200359404082,0.8081593006313744,binary,resnet,deeploc
WCYKMVHQFDGRLITNEASP,0.7436309020540167,0.8309859154929577,binary,custom,deeploc
WCYKMVHQFDGRLITNEASP,0.7187767704418047,0.7017142857142857,binary,resnet,deeploc
WCYKMVHQFDGRLITNEASP,0.7469689232666706,0.8287243532560215,binary,custom,deeploc
WCYKMVHQFDGRLITNEASP,0.7490149872618039,0.8193103448275862,binary,resnet,deeploc
WCYKMVHQFDGRLITNEASP,0.7407365551342046,0.8244206773618539,binary,custom,deeploc
WCYKMVHQFDGRLITNEASP,0.7520837344539597,0.8015526443474041,binary,resnet,deeploc
WCYKMVHQFDGRLITNEASP,0.7508866509845942,0.8328888888888889,binary,custom,deeploc
WCYKMVHQFDGRLITNEASP,0.7404568170973655,0.7236467236467237,binary,resnet,deeploc
WCYKMVHQFDGRLITNEASP,0.7457676541907687,0.8320846187747907,binary,custom,deeploc
WCYKMVHQFDGRLITNEASP,0.7045478010218461,0.821413634462568,binary,resnet,deeploc
WCYKMVHQFDGRLITNEASP,0.7500851073329036,0.8308790718429273,binary,custom,deeploc
WCYKMVHQFDGRLITNEASP,0.6932850314339051,0.81419624217119,binary,resnet,deeploc
WCYKMVHQFDGRLITNEASP,0.74688032792832,0.8313413014608234,binary,custom,deeploc
WCYKMVHQFDGRLITNEASP,0.752798775570568,0.8210332103321033,binary,resnet,deeploc
WCYKMVHQFDGRLITNEASP,0.7455890683118891,0.8288128056914184,binary,custom,deeploc
WCYKMVHQFDGRLITNEASP,0.7398910626138835,0.8258750553832521,binary,resnet,deeploc
WCYKMVHQFDGRLITNEASP,0.7385998029974523,0.8233199821984869,binary,custom,deeploc
WCYKMVHQFDGRLITNEASP,0.7547506634186361,0.7718191377497371,binary,resnet,deeploc
WCYKMVHQFDGRLITNEASP,0.7460341378069095,0.8285077951002228,binary,custom,deeploc
WCYKMVHQFDGRLITNEASP,0.7444715113667121,0.7971014492753623,binary,resnet,deeploc
WCYKMVHQFDGRLITNEASP,0.7471914580141809,0.8285714285714286,binary,custom,deeploc
WCYKMVHQFDGRLITNEASP,0.7582302976524329,0.8278388278388278,binary,resnet,deeploc
WCYKMVHQFDGRLITNEASP,0.74652385377165,0.8290293855743545,binary,custom,deeploc
WCYKMVHQFDGRLITNEASP,0.7671756364214738,0.8174831892411143,binary,resnet,deeploc
WCYKMVHQFDGRLITNEASP,0.7467024396505297,0.8323036187113857,binary,custom,deeploc
WCYKMVHQFDGRLITNEASP,0.7577824377530549,0.8096153846153846,binary,resnet,deeploc
WCYKMVHQFDGRLITNEASP,0.7454111800340987,0.8297872340425532,binary,custom,deeploc
WCYKMVHQFDGRLITNEASP,0.7404233322450757,0.8139321723189734,binary,resnet,deeploc
WCYKMVHQFDGRLITNEASP,0.7493289077520223,0.833922261484099,binary,custom,deeploc
WCYKMVHQFDGRLITNEASP,0.7633465040419007,0.8099173553719008,binary,resnet,deeploc
WCYKMVHQFDGRLITNEASP,0.7514210134190545,0.8342198581560284,binary,custom,deeploc
WCYKMVHQFDGRLITNEASP,0.7238636775855188,0.8065099457504521,binary,resnet,deeploc
WCYKMVHQFDGRLITNEASP,0.7488831406559125,0.8299866131191432,binary,custom,deeploc
WCYKMVHQFDGRLITNEASP,0.7414906619118176,0.8074766355140187,binary,resnet,deeploc
WCYKMVHQFDGRLITNEASP,0.7491056754034227,0.8298347476552033,binary,custom,deeploc
WCYKMVHQFDGRLITNEASP,0.7404135658298243,0.7361419068736141,binary,resnet,deeploc
WCYKMVHQFDGRLITNEASP,0.7442538598268275,0.8297213622291022,binary,custom,deeploc
WCYKMVHQFDGRLITNEASP,0.7657483445926148,0.7965587044534413,binary,resnet,deeploc
WCYKMVHQFDGRLITNEASP,0.7426068236548159,0.8291390728476821,binary,custom,deeploc
WCYKMVHQFDGRLITNEASP,0.7746567105039192,0.8374884579870729,binary,resnet,deeploc
WCYKMVHQFDGRLITNEASP,0.7454111800340987,0.8297872340425532,binary,custom,deeploc
WCYKMVHQFDGRLITNEASP,0.757112740707256,0.7950124688279302,binary,resnet,deeploc
WCYKMVHQFDGRLITNEASP,0.7434076697054169,0.82688028482421,binary,custom,deeploc
WCYKMVHQFDGRLITNEASP,0.7069510367747391,0.8189509306260575,binary,resnet,deeploc
WCYKMVHQFDGRLITNEASP,0.7519993247221456,0.8321428571428572,binary,custom,deeploc
WCYKMVHQFDGRLITNEASP,0.760499593996166,0.8225957049486461,binary,resnet,deeploc
WCYKMVHQFDGRLITNEASP,0.7448321711299184,0.8276169265033407,binary,custom,deeploc
WCYKMVHQFDGRLITNEASP,0.7467826637758078,0.7698701298701298,binary,resnet,deeploc
WCYKMVHQFDGRLITNEASP,0.7489277871256323,0.8308103294746215,binary,custom,deeploc
WCYKMVHQFDGRLITNEASP,0.7543983748685021,0.8015602145294978,binary,resnet,deeploc
WCYKMVHQFDGRLITNEASP,0.7464799049030195,0.8324514991181657,binary,custom,deeploc
WCYKMVHQFDGRLITNEASP,0.6567830544324178,0.8024193548387096,binary,resnet,deeploc
WCYKMVHQFDGRLITNEASP,0.7426954189931663,0.8265124555160143,binary,custom,deeploc
WCYKMVHQFDGRLITNEASP,0.7673095758306335,0.8202193609918932,binary,resnet,deeploc
WCYKMVHQFDGRLITNEASP,0.7488391917872819,0.8334069818824569,binary,custom,deeploc
WCYKMVHQFDGRLITNEASP,0.7713152012858183,0.8170790878214459,binary,resnet,deeploc
WCYKMVHQFDGRLITNEASP,0.7407812016039244,0.825255669186305,binary,custom,deeploc
WCYKMVHQFDGRLITNEASP,0.6620799395040335,0.8019559902200489,binary,resnet,deeploc
WCYKMVHQFDGRLITNEASP,0.7489724335953523,0.8316303864948912,binary,custom,deeploc
WCYKMVHQFDGRLITNEASP,0.7539567933789286,0.8255707762557077,binary,resnet,deeploc
WCYKMVHQFDGRLITNEASP,0.7442985062965476,0.8305383936451898,binary,custom,deeploc
WCYKMVHQFDGRLITNEASP,0.7637476246682907,0.8134939759036145,binary,resnet,deeploc
WCYKMVHQFDGRLITNEASP,0.7443871016348979,0.82792352156514,binary,custom,deeploc
WCYKMVHQFDGRLITNEASP,0.7714937871646981,0.8207592503604036,binary,resnet,deeploc
WCYKMVHQFDGRLITNEASP,0.7436748509226473,0.8275555555555556,binary,custom,deeploc
WCYKMVHQFDGRLITNEASP,0.7687738405172293,0.7859759288330717,binary,resnet,deeploc
WCYKMVHQFDGRLITNEASP,0.7469689232666706,0.8287243532560215,binary,custom,deeploc
WCYKMVHQFDGRLITNEASP,0.7239508777216906,0.7940214852872489,binary,resnet,deeploc
WCYKMVHQFDGRLITNEASP,0.7429179537406765,0.8263579697239537,binary,custom,deeploc
WCYKMVHQFDGRLITNEASP,0.7375757245982515,0.8214285714285714,binary,resnet,deeploc
WCYKMVHQFDGRLITNEASP,0.7474139927616911,0.8284182305630027,binary,custom,deeploc
WCYKMVHQFDGRLITNEASP,0.7257813829802077,0.8294970161977835,binary,resnet,deeploc
WCYKMVHQFDGRLITNEASP,0.7485273641003318,0.8319290465631929,binary,custom,deeploc
WCYKMVHQFDGRLITNEASP,0.7572494705207731,0.8176691729323309,binary,resnet,deeploc
WCYKMVHQFDGRLITNEASP,0.7491503218731426,0.8306595365418895,binary,custom,deeploc
WCYKMVHQFDGRLITNEASP,0.7480822946053113,0.8322266489597167,binary,resnet,deeploc
WCYKMVHQFDGRLITNEASP,0.7445210410440577,0.8303886925795053,binary,custom,deeploc
WCYKMVHQFDGRLITNEASP,0.7586760647485427,0.8318985047575895,binary,resnet,deeploc
WCYKMVHQFDGRLITNEASP,0.7501744002723436,0.8325188804975566,binary,custom,deeploc
WCYKMVHQFDGRLITNEASP,0.6929090244467325,0.6383763837638377,binary,resnet,deeploc
WCYKMVHQFDGRLITNEASP,0.7441199204176676,0.8272484416740873,binary,custom,deeploc
WCYKMVHQFDGRLITNEASP,0.7569788012980961,0.7919597989949749,binary,resnet,deeploc
WCYKMVHQFDGRLITNEASP,0.7430972372206457,0.8338421282163105,binary,custom,deeploc
WCYKMVHQFDGRLITNEASP,0.7407365551342046,0.8244206773618539,binary,resnet,deeploc
WCYKMVHQFDGRLITNEASP,0.742874004872046,0.8298059964726632,binary,custom,deeploc
WCYKMVHQFDGRLITNEASP,0.7657964790677818,0.8223062381852552,binary,resnet,deeploc
WCYKMVHQFDGRLITNEASP,0.7394906395885827,0.8270079435127978,binary,custom,deeploc
WCYKMVHQFDGRLITNEASP,0.7449221616704478,0.8334794040315513,binary,resnet,deeploc
WCYKMVHQFDGRLITNEASP,0.7482155364133817,0.8304405874499332,binary,custom,deeploc
WCYKMVHQFDGRLITNEASP,0.7147683545822624,0.6769964243146603,binary,resnet,deeploc
WCYKMVHQFDGRLITNEASP,0.7472361044839009,0.8293986636971047,binary,custom,deeploc
WCYKMVHQFDGRLITNEASP,0.6798862073103014,0.8102099629477151,binary,resnet,deeploc
WCYKMVHQFDGRLITNEASP,0.7427400654628862,0.8273413226808699,binary,custom,deeploc
WCYKMVHQFDGRLITNEASP,0.7695823601798136,0.8374429223744292,binary,resnet,deeploc
WCYKMVHQFDGRLITNEASP,0.7426068236548159,0.8291390728476821,binary,custom,deeploc
WCYKMVHQFDGRLITNEASP,0.7634790482488818,0.8027750247770069,binary,resnet,deeploc
WCYKMVHQFDGRLITNEASP,0.7492396148125826,0.8322981366459627,binary,custom,deeploc
WCYKMVHQFDGRLITNEASP,0.7651728236938814,0.819047619047619,binary,resnet,deeploc
WCYKMVHQFDGRLITNEASP,0.7410037363514346,0.8251001335113485,binary,custom,deeploc
WCYKMVHQFDGRLITNEASP,0.7579610236319346,0.8133333333333334,binary,resnet,deeploc
WCYKMVHQFDGRLITNEASP,0.7469249743980401,0.8321554770318021,binary,custom,deeploc
WCYKMVHQFDGRLITNEASP,0.7177666440643914,0.8138414367060884,binary,resnet,deeploc
WCYKMVHQFDGRLITNEASP,0.7447875246601986,0.8267857142857142,binary,custom,deeploc
WCYKMVHQFDGRLITNEASP,0.755868220363813,0.8082652570879385,binary,resnet,deeploc
WCYKMVHQFDGRLITNEASP,0.7375324733307105,0.8291830493665356,binary,custom,deeploc
WCYKMVHQFDGRLITNEASP,0.7627221510669111,0.8013902681231381,binary,resnet,deeploc
WCYKMVHQFDGRLITNEASP,0.7447875246601986,0.8267857142857142,binary,custom,deeploc
WCYKMVHQFDGRLITNEASP,0.7604507619199099,0.7918987341772152,binary,resnet,deeploc
WCYKMVHQFDGRLITNEASP,0.7417166846647748,0.8297404311482622,binary,custom,deeploc
WCYKMVHQFDGRLITNEASP,0.7449549489216483,0.7461706783369803,binary,resnet,deeploc
WCYKMVHQFDGRLITNEASP,0.7413602105081047,0.827433628318584,binary,custom,deeploc
WCYKMVHQFDGRLITNEASP,0.7480355553323231,0.8182236539346526,binary,resnet,deeploc
WCYKMVHQFDGRLITNEASP,0.7471914580141809,0.8285714285714286,binary,custom,deeploc
WCYKMVHQFDGRLITNEASP,0.7484757416197182,0.7828282828282829,binary,resnet,deeploc
WCYKMVHQFDGRLITNEASP,0.7515989016968448,0.8332592263228101,binary,custom,deeploc
WCYKMVHQFDGRLITNEASP,0.768642691512427,0.8043912175648703,binary,resnet,deeploc
WCYKMVHQFDGRLITNEASP,0.7483934246911721,0.8294642857142858,binary,custom,deeploc
WCYKMVHQFDGRLITNEASP,0.7582309952535222,0.8322026232473994,binary,resnet,deeploc
WCYKMVHQFDGRLITNEASP,0.7461234307463496,0.8301552106430156,binary,custom,deeploc
WCYKMVHQFDGRLITNEASP,0.7608944362127515,0.7803860198226396,binary,resnet,deeploc
WCYKMVHQFDGRLITNEASP,0.7441645668873877,0.8280764104842292,binary,custom,deeploc
WCYKMVHQFDGRLITNEASP,0.759340878586716,0.8131868131868132,binary,resnet,deeploc
WCYKMVHQFDGRLITNEASP,0.7499518655248331,0.8326675543719485,binary,custom,deeploc
WCYKMVHQFDGRLITNEASP,0.7538654076362206,0.8099094807050977,binary,resnet,deeploc
WCYKMVHQFDGRLITNEASP,0.7499072190551133,0.8318505338078291,binary,custom,deeploc
WCYKMVHQFDGRLITNEASP,0.7563579363285533,0.808837656099904,binary,resnet,deeploc
WCYKMVHQFDGRLITNEASP,0.7441645668873877,0.8280764104842292,binary,custom,deeploc
WCYKMVHQFDGRLITNEASP,0.7451384180081536,0.7913598429062346,binary,resnet,deeploc
WCYKMVHQFDGRLITNEASP,0.7483941222922614,0.8337009263343625,binary,custom,deeploc
WCYKMVHQFDGRLITNEASP,0.7435374235080405,0.8019047619047619,binary,resnet,deeploc
WCYKMVHQFDGRLITNEASP,0.7402028903008335,0.8273730684326711,binary,custom,deeploc
WCYKMVHQFDGRLITNEASP,0.7319991014897969,0.7214406302757457,binary,resnet,deeploc
WCYKMVHQFDGRLITNEASP,0.744297808695458,0.8262617239839214,binary,custom,deeploc
WCYKMVHQFDGRLITNEASP,0.7437104285782052,0.7626050420168067,binary,resnet,deeploc
WCYKMVHQFDGRLITNEASP,0.7477704669183611,0.8307418924922256,binary,custom,deeploc
WCYKMVHQFDGRLITNEASP,0.7442085157560182,0.8245850157021085,binary,resnet,deeploc
WCYKMVHQFDGRLITNEASP,0.74652385377165,0.8290293855743545,binary,custom,deeploc
WCYKMVHQFDGRLITNEASP,0.7536435704897997,0.8148496240601504,binary,resnet,deeploc
WCYKMVHQFDGRLITNEASP,0.7475925786405708,0.8317094774136404,binary,custom,deeploc
WCYKMVHQFDGRLITNEASP,0.752087920060496,0.8295096716149347,binary,resnet,deeploc
WCYKMVHQFDGRLITNEASP,0.748794545317562,0.8325952170062002,binary,custom,deeploc
WCYKMVHQFDGRLITNEASP,0.7350818007037399,0.8134362233318202,binary,resnet,deeploc
WCYKMVHQFDGRLITNEASP,0.7494175030903728,0.831330663106364,binary,custom,deeploc
WCYKMVHQFDGRLITNEASP,0.7537775098989594,0.8175454969668688,binary,resnet,deeploc
WCYKMVHQFDGRLITNEASP,0.7451886452865885,0.8299379982285208,binary,custom,deeploc
WCYKMVHQFDGRLITNEASP,0.7576052470763538,0.815515610217597,binary,resnet,deeploc
WCYKMVHQFDGRLITNEASP,0.7445210410440577,0.8303886925795053,binary,custom,deeploc
WCYKMVHQFDGRLITNEASP,0.7507024842969995,0.791459781529295,binary,resnet,deeploc
WCYKMVHQFDGRLITNEASP,0.7427407630639755,0.8315789473684211,binary,custom,deeploc
WCYKMVHQFDGRLITNEASP,0.7323130219800149,0.7438370846730975,binary,resnet,deeploc
WCYKMVHQFDGRLITNEASP,0.7408265456747337,0.8303375712406839,binary,custom,deeploc
WCYKMVHQFDGRLITNEASP,0.7772803882010542,0.8210116731517509,binary,resnet,deeploc
WCYKMVHQFDGRLITNEASP,0.7447875246601986,0.8267857142857142,binary,custom,deeploc
WCYKMVHQFDGRLITNEASP,0.7173501762140352,0.6774386594853381,binary,resnet,deeploc
WCYKMVHQFDGRLITNEASP,0.749372856620653,0.8305084745762712,binary,custom,deeploc
WCYKMVHQFDGRLITNEASP,0.7719842007305279,0.8259838786154575,binary,resnet,deeploc
WCYKMVHQFDGRLITNEASP,0.7474586392314111,0.8292465448060633,binary,custom,deeploc
WCYKMVHQFDGRLITNEASP,0.7465678026402806,0.8255395683453237,binary,resnet,deeploc
WCYKMVHQFDGRLITNEASP,0.7466570955797205,0.8272157564905999,binary,custom,deeploc
WCYKMVHQFDGRLITNEASP,0.7608532777484787,0.8060576453346361,binary,resnet,deeploc
WCYKMVHQFDGRLITNEASP,0.7487052523781221,0.8309608540925267,binary,custom,deeploc
WCYKMVHQFDGRLITNEASP,0.7162542449026288,0.820094461142121,binary,resnet,deeploc
WCYKMVHQFDGRLITNEASP,0.7422949959678657,0.8276473194505981,binary,custom,deeploc
WCYKMVHQFDGRLITNEASP,0.6539075427420187,0.5308641975308642,binary,resnet,deeploc
WCYKMVHQFDGRLITNEASP,0.7529341101819064,0.8323647742512293,binary,custom,deeploc
WCYKMVHQFDGRLITNEASP,0.7520390879842399,0.8005836575875487,binary,resnet,deeploc
WCYKMVHQFDGRLITNEASP,0.7483934246911721,0.8294642857142858,binary,custom,deeploc
WCYKMVHQFDGRLITNEASP,0.7109134109623825,0.8237273874631889,binary,resnet,deeploc
WCYKMVHQFDGRLITNEASP,0.7498625725853935,0.831029870708872,binary,custom,deeploc
WCYKMVHQFDGRLITNEASP,0.735083893507008,0.8266199649737302,binary,resnet,deeploc
WCYKMVHQFDGRLITNEASP,0.7467463885191604,0.8288770053475936,binary,custom,deeploc
WCYKMVHQFDGRLITNEASP,0.729474483147353,0.821098901098901,binary,resnet,deeploc
WCYKMVHQFDGRLITNEASP,0.7427847119326062,0.8281665190434012,binary,custom,deeploc
WCYKMVHQFDGRLITNEASP,0.7374306235716619,0.7306190741773564,binary,resnet,deeploc
WCYKMVHQFDGRLITNEASP,0.7469249743980401,0.8321554770318021,binary,custom,deeploc
WCYKMVHQFDGRLITNEASP,0.7503522885501338,0.8315508021390374,binary,resnet,deeploc
WCYKMVHQFDGRLITNEASP,0.7486159594386823,0.8293118856121537,binary,custom,deeploc
WCYKMVHQFDGRLITNEASP,0.7449228592715371,0.83759203118233,binary,resnet,deeploc
WCYKMVHQFDGRLITNEASP,0.7511538322018244,0.833555259653795,binary,custom,deeploc
WCYKMVHQFDGRLITNEASP,0.7388572177994313,0.7510683760683761,binary,resnet,deeploc
WCYKMVHQFDGRLITNEASP,0.7462120260846998,0.8275245755138516,binary,custom,deeploc
WCYKMVHQFDGRLITNEASP,0.7502155587366164,0.8109382366808109,binary,resnet,deeploc
WCYKMVHQFDGRLITNEASP,0.7420724612203554,0.8277999114652501,binary,custom,deeploc
WCYKMVHQFDGRLITNEASP,0.7485273641003318,0.8319290465631929,binary,resnet,deeploc
WCYKMVHQFDGRLITNEASP,0.7472361044839009,0.8293986636971047,binary,custom,deeploc
WCYKMVHQFDGRLITNEASP,0.7430030610735802,0.8003820439350525,binary,resnet,deeploc
WCYKMVHQFDGRLITNEASP,0.7486159594386823,0.8293118856121537,binary,custom,deeploc
WCYKMVHQFDGRLITNEASP,0.7417152894625961,0.8210905813429473,binary,resnet,deeploc
WCYKMVHQFDGRLITNEASP,0.7450993523471486,0.8282918149466192,binary,custom,deeploc
WCYKMVHQFDGRLITNEASP,0.7446075435791399,0.814404432132964,binary,resnet,deeploc
WCYKMVHQFDGRLITNEASP,0.7427400654628862,0.8273413226808699,binary,custom,deeploc
WCYKMVHQFDGRLITNEASP,0.7315568223991339,0.7485442032821599,binary,resnet,deeploc
WCYKMVHQFDGRLITNEASP,0.7458116030593993,0.8286604361370716,binary,custom,deeploc
WCYKMVHQFDGRLITNEASP,0.7620991932941003,0.802962962962963,binary,resnet,deeploc
WCYKMVHQFDGRLITNEASP,0.7535131190860868,0.8345195729537367,binary,custom,deeploc
WCYKMVHQFDGRLITNEASP,0.7224412689642856,0.8191721132897604,binary,resnet,deeploc
WCYKMVHQFDGRLITNEASP,0.742517530715376,0.8274944567627495,binary,custom,deeploc
WCYKMVHQFDGRLITNEASP,0.762457062652949,0.8154875717017208,binary,resnet,deeploc
WCYKMVHQFDGRLITNEASP,0.7460341378069095,0.8285077951002228,binary,custom,deeploc
WCYKMVHQFDGRLITNEASP,0.740412868228735,0.7293190770962296,binary,resnet,deeploc
WCYKMVHQFDGRLITNEASP,0.7388669842146824,0.824,binary,custom,deeploc
WCYKMVHQFDGRLITNEASP,0.7588518602230648,0.8173666823973572,binary,resnet,deeploc
WCYKMVHQFDGRLITNEASP,0.7454111800340987,0.8297872340425532,binary,custom,deeploc
WCYKMVHQFDGRLITNEASP,0.7541793281264388,0.8254113345521024,binary,resnet,deeploc
WCYKMVHQFDGRLITNEASP,0.7446096363824082,0.8277703604806409,binary,custom,deeploc
WCYKMVHQFDGRLITNEASP,0.76263425332965,0.8095238095238095,binary,resnet,deeploc
WCYKMVHQFDGRLITNEASP,0.7467024396505297,0.8323036187113857,binary,custom,deeploc
WCYKMVHQFDGRLITNEASP,0.7564904805355345,0.801762114537445,binary,resnet,deeploc
WCYKMVHQFDGRLITNEASP,0.7435862555842968,0.8301720335244817,binary,custom,deeploc
WCYKMVHQFDGRLITNEASP,0.7579554428232195,0.7707006369426752,binary,resnet,deeploc
WCYKMVHQFDGRLITNEASP,0.7445649899126883,0.8269402319357716,binary,custom,deeploc
WCYKMVHQFDGRLITNEASP,0.7499490751204757,0.8149184149184149,binary,resnet,deeploc
WCYKMVHQFDGRLITNEASP,0.7470582162061103,0.8303730017761989,binary,custom,deeploc
WCYKMVHQFDGRLITNEASP,0.7523076644036486,0.8111689540937056,binary,resnet,deeploc
WCYKMVHQFDGRLITNEASP,0.7459894913371896,0.8276785714285714,binary,custom,deeploc
WCYKMVHQFDGRLITNEASP,0.6839371768362954,0.8123711340206186,binary,resnet,deeploc
WCYKMVHQFDGRLITNEASP,0.7422949959678657,0.8276473194505981,binary,custom,deeploc
WCYKMVHQFDGRLITNEASP,0.7645017314459039,0.7945205479452054,binary,resnet,deeploc
WCYKMVHQFDGRLITNEASP,0.7502629956106939,0.8299015219337511,binary,custom,deeploc
WCYKMVHQFDGRLITNEASP,0.7461234307463496,0.8301552106430156,binary,resnet,deeploc
WCYKMVHQFDGRLITNEASP,0.7439866786095974,0.829052258635961,binary,custom,deeploc
WCYKMVHQFDGRLITNEASP,0.7578312698293109,0.8375611927013796,binary,resnet,deeploc
WCYKMVHQFDGRLITNEASP,0.7429179537406765,0.8263579697239537,binary,custom,deeploc
WCYKMVHQFDGRLITNEASP,0.7328585460319055,0.828125,binary,resnet,deeploc
WCYKMVHQFDGRLITNEASP,0.7411816246292249,0.8241071428571428,binary,custom,deeploc
WCYKMVHQFDGRLITNEASP,0.7425196235186441,0.8398972602739726,binary,resnet,deeploc
WCYKMVHQFDGRLITNEASP,0.7458569471302086,0.8336989907854322,binary,custom,deeploc
WCYKMVHQFDGRLITNEASP,0.7249791417274278,0.8233766233766234,binary,resnet,deeploc
WCYKMVHQFDGRLITNEASP,0.7450993523471486,0.8282918149466192,binary,custom,deeploc
WCYKMVHQFDGRLITNEASP,0.7503871686046025,0.7610903260288616,binary,resnet,deeploc
WCYKMVHQFDGRLITNEASP,0.7446542828521281,0.8285968028419183,binary,custom,deeploc
WCYKMVHQFDGRLITNEASP,0.6748565034559157,0.8112286411716843,binary,resnet,deeploc
WCYKMVHQFDGRLITNEASP,0.7520439711918654,0.8329621380846325,binary,custom,deeploc
WCYKMVHQFDGRLITNEASP,0.7611671982386967,0.8220973782771536,binary,resnet,deeploc
WCYKMVHQFDGRLITNEASP,0.750307642080414,0.8307280035730237,binary,custom,deeploc
WCYKMVHQFDGRLITNEASP,0.7572892337828674,0.7829218106995884,binary,resnet,deeploc
WCYKMVHQFDGRLITNEASP,0.7470135697363904,0.8295505117935025,binary,custom,deeploc
WCYKMVHQFDGRLITNEASP,0.7275616609602897,0.8283261802575107,binary,resnet,deeploc
WCYKMVHQFDGRLITNEASP,0.74652385377165,0.8290293855743545,binary,custom,deeploc
WCYKMVHQFDGRLITNEASP,0.7466075659023749,0.7931372549019607,binary,resnet,deeploc
WCYKMVHQFDGRLITNEASP,0.7485713129689623,0.8284818629646216,binary,custom,deeploc
WCYKMVHQFDGRLITNEASP,0.7660615674817437,0.8086359175662414,binary,resnet,deeploc
WCYKMVHQFDGRLITNEASP,0.7467910349888802,0.8297020898176968,binary,custom,deeploc
WCYKMVHQFDGRLITNEASP,0.7172343744331992,0.825275657336726,binary,resnet,deeploc
WCYKMVHQFDGRLITNEASP,0.7472361044839009,0.8293986636971047,binary,custom,deeploc
WCYKMVHQFDGRLITNEASP,0.765349316769493,0.8082393330063756,binary,resnet,deeploc
WCYKMVHQFDGRLITNEASP,0.7436302044529273,0.8267260579064588,binary,custom,deeploc
WCYKMVHQFDGRLITNEASP,0.7548929740408682,0.8344489067380634,binary,resnet,deeploc
WCYKMVHQFDGRLITNEASP,0.7476811739789213,0.8290941543953592,binary,custom,deeploc
WCYKMVHQFDGRLITNEASP,0.7528420268381091,0.8126474752241624,binary,resnet,deeploc
WCYKMVHQFDGRLITNEASP,0.7429626002103965,0.8271879164815638,binary,custom,deeploc
WCYKMVHQFDGRLITNEASP,0.7687759333204974,0.8022088353413654,binary,resnet,deeploc
WCYKMVHQFDGRLITNEASP,0.7473693462919713,0.8275862068965517,binary,custom,deeploc
WCYKMVHQFDGRLITNEASP,0.7490617265347923,0.8332596196373286,binary,resnet,deeploc
WCYKMVHQFDGRLITNEASP,0.7385565517299112,0.8310104529616724,binary,custom,deeploc
WCYKMVHQFDGRLITNEASP,0.7572041264499638,0.8120229007633588,binary,resnet,deeploc
WCYKMVHQFDGRLITNEASP,0.7498625725853935,0.831029870708872,binary,custom,deeploc
WCYKMVHQFDGRLITNEASP,0.7457230077210488,0.8312720848056537,binary,resnet,deeploc
WCYKMVHQFDGRLITNEASP,0.7454997753724493,0.8271549799017418,binary,custom,deeploc
WCYKMVHQFDGRLITNEASP,0.7708673413864402,0.797138477261114,binary,resnet,deeploc
WCYKMVHQFDGRLITNEASP,0.7427847119326062,0.8281665190434012,binary,custom,deeploc
WCYKMVHQFDGRLITNEASP,0.7507003914937314,0.7749612002069323,binary,resnet,deeploc
WCYKMVHQFDGRLITNEASP,0.7532905843385767,0.8346666666666667,binary,custom,deeploc
WCYKMVHQFDGRLITNEASP,0.7405133227856049,0.8201892744479495,binary,resnet,deeploc
WCYKMVHQFDGRLITNEASP,0.7479483551961514,0.8297682709447415,binary,custom,deeploc
WCYKMVHQFDGRLITNEASP,0.7302327755315023,0.8306900985855122,binary,resnet,deeploc
WCYKMVHQFDGRLITNEASP,0.7505308744290136,0.8348056537102474,binary,custom,deeploc
WCYKMVHQFDGRLITNEASP,0.68870039707454,0.8148760330578513,binary,resnet,deeploc
WCYKMVHQFDGRLITNEASP,0.7411823222303144,0.8284075871195412,binary,custom,deeploc
WCYKMVHQFDGRLITNEASP,0.7437181021901884,0.8196274420717855,binary,resnet,deeploc
WCYKMVHQFDGRLITNEASP,0.7448321711299184,0.8276169265033407,binary,custom,deeploc
WCYKMVHQFDGRLITNEASP,0.7290601081002649,0.7098623853211009,binary,resnet,deeploc
WCYKMVHQFDGRLITNEASP,0.7503969350198537,0.8323699421965318,binary,custom,deeploc
WCYKMVHQFDGRLITNEASP,0.7398017696744434,0.8242100578549176,binary,resnet,deeploc
WCYKMVHQFDGRLITNEASP,0.7452332917563084,0.830755634114008,binary,custom,deeploc
WCYKMVHQFDGRLITNEASP,0.7511001169179425,0.7675276752767528,binary,resnet,deeploc
WCYKMVHQFDGRLITNEASP,0.7464345608322103,0.8273703041144902,binary,custom,deeploc
WCYKMVHQFDGRLITNEASP,0.7353824667732601,0.7251264755480608,binary,resnet,deeploc
WCYKMVHQFDGRLITNEASP,0.7399357090836033,0.8267020335985853,binary,custom,deeploc
WCYKMVHQFDGRLITNEASP,0.7512396371358174,0.8129699248120301,binary,resnet,deeploc
WCYKMVHQFDGRLITNEASP,0.74652385377165,0.8290293855743545,binary,custom,deeploc
WCYKMVHQFDGRLITNEASP,0.7674386320321678,0.7873114924596983,binary,resnet,deeploc
WCYKMVHQFDGRLITNEASP,0.7510198927926647,0.8310991957104558,binary,custom,deeploc
WCYKMVHQFDGRLITNEASP,0.763167918163021,0.8060873834069711,binary,resnet,deeploc
WCYKMVHQFDGRLITNEASP,0.7472361044839009,0.8293986636971047,binary,custom,deeploc
WCYKMVHQFDGRLITNEASP,0.6999861874984303,0.6313131313131313,binary,resnet,deeploc
WCYKMVHQFDGRLITNEASP,0.7430958420184669,0.825368468066101,binary,custom,deeploc
WCYKMVHQFDGRLITNEASP,0.7525706600143427,0.7809621289662231,binary,resnet,deeploc
WCYKMVHQFDGRLITNEASP,0.7496400378378829,0.8311804008908686,binary,custom,deeploc
WCYKMVHQFDGRLITNEASP,0.7628553928749815,0.7992007992007992,binary,resnet,deeploc
WCYKMVHQFDGRLITNEASP,0.749283563681213,0.828853046594982,binary,custom,deeploc
WCYKMVHQFDGRLITNEASP,0.6510410998657816,0.803187250996016,binary,resnet,deeploc
WCYKMVHQFDGRLITNEASP,0.7493289077520223,0.833922261484099,binary,custom,deeploc
WCYKMVHQFDGRLITNEASP,0.7454976825691811,0.8137164040778498,binary,resnet,deeploc
WCYKMVHQFDGRLITNEASP,0.7445649899126883,0.8269402319357716,binary,custom,deeploc
WCYKMVHQFDGRLITNEASP,0.7575592054044551,0.8048661800486618,binary,resnet,deeploc
WCYKMVHQFDGRLITNEASP,0.7491503218731426,0.8306595365418895,binary,custom,deeploc
WCYKMVHQFDGRLITNEASP,0.7728757349227476,0.834338747099768,binary,resnet,deeploc
WCYKMVHQFDGRLITNEASP,0.7460787842766295,0.8293333333333334,binary,custom,deeploc
WCYKMVHQFDGRLITNEASP,0.741672038195055,0.8289241622574955,binary,resnet,deeploc
WCYKMVHQFDGRLITNEASP,0.745633714781609,0.8296362023070097,binary,custom,deeploc
WCYKMVHQFDGRLITNEASP,0.7188353689333121,0.816557734204793,binary,resnet,deeploc
WCYKMVHQFDGRLITNEASP,0.7462566725544199,0.8283548818546589,binary,custom,deeploc
WCYKMVHQFDGRLITNEASP,0.7260332169734717,0.7099715099715099,binary,resnet,deeploc
WCYKMVHQFDGRLITNEASP,0.7418945729425652,0.8287731685789939,binary,custom,deeploc
WCYKMVHQFDGRLITNEASP,0.7529313197775489,0.814466885861907,binary,resnet,deeploc
WCYKMVHQFDGRLITNEASP,0.7472361044839009,0.8293986636971047,binary,custom,deeploc
WCYKMVHQFDGRLITNEASP,0.7501206849884616,0.7662269129287599,binary,resnet,deeploc
WCYKMVHQFDGRLITNEASP,0.7452779382260284,0.8315696649029982,binary,custom,deeploc
WCYKMVHQFDGRLITNEASP,0.7445203434429684,0.8261063924899419,binary,resnet,deeploc
WCYKMVHQFDGRLITNEASP,0.748794545317562,0.8325952170062002,binary,custom,deeploc
WCYKMVHQFDGRLITNEASP,0.7212399998883838,0.8225667527993109,binary,resnet,deeploc
WCYKMVHQFDGRLITNEASP,0.7401582438311136,0.8265486725663717,binary,custom,deeploc
WCYKMVHQFDGRLITNEASP,0.753418245337932,0.7952522255192879,binary,resnet,deeploc
WCYKMVHQFDGRLITNEASP,0.7470135697363904,0.8295505117935025,binary,custom,deeploc
WCYKMVHQFDGRLITNEASP,0.7117414634554693,0.6773238602723505,binary,resnet,deeploc
WCYKMVHQFDGRLITNEASP,0.7519993247221456,0.8321428571428572,binary,custom,deeploc
WCYKMVHQFDGRLITNEASP,0.7637064662040176,0.8353741496598639,binary,resnet,deeploc
WCYKMVHQFDGRLITNEASP,0.7471475091455503,0.8320070733863837,binary,custom,deeploc
WCYKMVHQFDGRLITNEASP,0.7292086971323014,0.8288907996560619,binary,resnet,deeploc
WCYKMVHQFDGRLITNEASP,0.7462566725544199,0.8283548818546589,binary,custom,deeploc
WCYKMVHQFDGRLITNEASP,0.7471907604130914,0.8242205151378219,binary,resnet,deeploc
WCYKMVHQFDGRLITNEASP,0.749684684307603,0.832,binary,custom,deeploc
WCYKMVHQFDGRLITNEASP,0.7587639624858038,0.8247803975959316,binary,resnet,deeploc
WCYKMVHQFDGRLITNEASP,0.7464792073019302,0.8282016956715752,binary,custom,deeploc
WCYKMVHQFDGRLITNEASP,0.7661955068909034,0.8114953726254263,binary,resnet,deeploc
WCYKMVHQFDGRLITNEASP,0.7451439988168685,0.8291167332445628,binary,custom,deeploc
WCYKMVHQFDGRLITNEASP,0.758719316016084,0.8239110287303059,binary,resnet,deeploc
WCYKMVHQFDGRLITNEASP,0.7439866786095974,0.829052258635961,binary,custom,deeploc
WCYKMVHQFDGRLITNEASP,0.7452311989530402,0.8175985334555453,binary,resnet,deeploc
WCYKMVHQFDGRLITNEASP,0.7431404884881868,0.8262032085561497,binary,custom,deeploc
WCYKMVHQFDGRLITNEASP,0.7299056006205858,0.707105719237435,binary,resnet,deeploc
WCYKMVHQFDGRLITNEASP,0.744342455165178,0.8270944741532977,binary,custom,deeploc
WCYKMVHQFDGRLITNEASP,0.7452311989530402,0.8175985334555453,binary,resnet,deeploc
WCYKMVHQFDGRLITNEASP,0.7489724335953523,0.8316303864948912,binary,custom,deeploc
WCYKMVHQFDGRLITNEASP,0.7721627866094075,0.8294974166275246,binary,resnet,deeploc
WCYKMVHQFDGRLITNEASP,0.7354396700625888,0.824669603524229,binary,custom,deeploc
WCYKMVHQFDGRLITNEASP,0.7622366207087068,0.8294252873563218,binary,resnet,deeploc
WCYKMVHQFDGRLITNEASP,0.7415380987858952,0.8264536173990236,binary,custom,deeploc
WCYKMVHQFDGRLITNEASP,0.7357940514159907,0.8138056312443234,binary,resnet,deeploc
WCYKMVHQFDGRLITNEASP,0.7481262434739417,0.8287885561019223,binary,custom,deeploc
WCYKMVHQFDGRLITNEASP,0.7442447910126657,0.7643979057591623,binary,resnet,deeploc
WCYKMVHQFDGRLITNEASP,0.7395799325280227,0.828646748681898,binary,custom,deeploc
WCYKMVHQFDGRLITNEASP,0.7311089624997558,0.7226890756302521,binary,resnet,deeploc
WCYKMVHQFDGRLITNEASP,0.7404693739169742,0.8237394020526551,binary,custom,deeploc
WCYKMVHQFDGRLITNEASP,0.7492354292060464,0.8049713193116634,binary,resnet,deeploc
WCYKMVHQFDGRLITNEASP,0.7427847119326062,0.8281665190434012,binary,custom,deeploc
WCYKMVHQFDGRLITNEASP,0.7524862502825285,0.8148148148148148,binary,resnet,deeploc
WCYKMVHQFDGRLITNEASP,0.7417606335334053,0.8262994224788983,binary,custom,deeploc
WCYKMVHQFDGRLITNEASP,0.7398038624777117,0.8367697594501718,binary,resnet,deeploc
WCYKMVHQFDGRLITNEASP,0.7422949959678657,0.8276473194505981,binary,custom,deeploc
WCYKMVHQFDGRLITNEASP,0.693551515050046,0.8106284268241248,binary,resnet,deeploc
WCYKMVHQFDGRLITNEASP,0.7448321711299184,0.8276169265033407,binary,custom,deeploc
WCYKMVHQFDGRLITNEASP,0.7528838829034716,0.7936507936507936,binary,resnet,deeploc
WCYKMVHQFDGRLITNEASP,0.7469689232666706,0.8287243532560215,binary,custom,deeploc
WCYKMVHQFDGRLITNEASP,0.7674407248354358,0.8033932135728543,binary,resnet,deeploc
WCYKMVHQFDGRLITNEASP,0.7491503218731426,0.8306595365418895,binary,custom,deeploc
WCYKMVHQFDGRLITNEASP,0.7538612220296843,0.7785234899328859,binary,resnet,deeploc
WCYKMVHQFDGRLITNEASP,0.7477704669183611,0.8307418924922256,binary,custom,deeploc
WCYKMVHQFDGRLITNEASP,0.7557796250254625,0.8112488083889419,binary,resnet,deeploc
WCYKMVHQFDGRLITNEASP,0.7475479321708509,0.8308921438082557,binary,custom,deeploc
WCYKMVHQFDGRLITNEASP,0.7369932276886243,0.7956064947468959,binary,resnet,deeploc
WCYKMVHQFDGRLITNEASP,0.7536017144244372,0.8319139399372478,binary,custom,deeploc
WCYKMVHQFDGRLITNEASP,0.7315093855250565,0.7207207207207207,binary,resnet,deeploc
WCYKMVHQFDGRLITNEASP,0.7426954189931663,0.8265124555160143,binary,custom,deeploc
WCYKMVHQFDGRLITNEASP,0.7513303252774359,0.823905109489051,binary,resnet,deeploc
WCYKMVHQFDGRLITNEASP,0.7459455424685593,0.8311229000884174,binary,custom,deeploc
WCYKMVHQFDGRLITNEASP,0.7597894360871833,0.835431654676259,binary,resnet,deeploc
WCYKMVHQFDGRLITNEASP,0.7447435757915679,0.830238726790451,binary,custom,deeploc
WCYKMVHQFDGRLITNEASP,0.7381519430980744,0.8054129724685021,binary,resnet,deeploc
WCYKMVHQFDGRLITNEASP,0.7472361044839009,0.8293986636971047,binary,custom,deeploc
WCYKMVHQFDGRLITNEASP,0.757917074763304,0.8171536286522149,binary,resnet,deeploc
WCYKMVHQFDGRLITNEASP,0.741226271098945,0.8249443207126949,binary,custom,deeploc
WCYKMVHQFDGRLITNEASP,0.75422257939398,0.8172043010752689,binary,resnet,deeploc
WCYKMVHQFDGRLITNEASP,0.7477704669183611,0.8307418924922256,binary,custom,deeploc
WCYKMVHQFDGRLITNEASP,0.7041473779965455,0.8225,binary,resnet,deeploc
WCYKMVHQFDGRLITNEASP,0.743764143862087,0.8292035398230089,binary,custom,deeploc
WCYKMVHQFDGRLITNEASP,0.7328145971632749,0.8314703353396389,binary,resnet,deeploc
WCYKMVHQFDGRLITNEASP,0.7425614795840065,0.8240035826242723,binary,custom,deeploc
WCYKMVHQFDGRLITNEASP,0.7600077852281574,0.8077669902912621,binary,resnet,deeploc
WCYKMVHQFDGRLITNEASP,0.7490610289337029,0.8290062667860341,binary,custom,deeploc
WCYKMVHQFDGRLITNEASP,0.7564514148745294,0.8376220053238687,binary,resnet,deeploc
WCYKMVHQFDGRLITNEASP,0.7435409115134874,0.8250559284116331,binary,custom,deeploc
WCYKMVHQFDGRLITNEASP,0.7502162563377058,0.8156424581005587,binary,resnet,deeploc
WCYKMVHQFDGRLITNEASP,0.7467017420494403,0.8280482358195623,binary,custom,deeploc
WCYKMVHQFDGRLITNEASP,0.7371732087696828,0.809040590405904,binary,resnet,deeploc
WCYKMVHQFDGRLITNEASP,0.7471914580141809,0.8285714285714286,binary,custom,deeploc
WCYKMVHQFDGRLITNEASP,0.758180070373998,0.7875700458481916,binary,resnet,deeploc
WCYKMVHQFDGRLITNEASP,0.7404700715180637,0.828042328042328,binary,custom,deeploc
WCYKMVHQFDGRLITNEASP,0.7406863278557696,0.7849728126544736,binary,resnet,deeploc
WCYKMVHQFDGRLITNEASP,0.7450993523471486,0.8282918149466192,binary,custom,deeploc
WCYKMVHQFDGRLITNEASP,0.7252449277424791,0.8154050464807437,binary,resnet,deeploc
WCYKMVHQFDGRLITNEASP,0.7442985062965476,0.8305383936451898,binary,custom,deeploc
WCYKMVHQFDGRLITNEASP,0.7627681927388097,0.8123492522913651,binary,resnet,deeploc
WCYKMVHQFDGRLITNEASP,0.7484387687619812,0.8345070422535211,binary,custom,deeploc
WCYKMVHQFDGRLITNEASP,0.7252881790100203,0.8072398190045249,binary,resnet,deeploc
WCYKMVHQFDGRLITNEASP,0.745633714781609,0.8296362023070097,binary,custom,deeploc
WCYKMVHQFDGRLITNEASP,0.7629042249512377,0.8289534347625634,binary,resnet,deeploc
WCYKMVHQFDGRLITNEASP,0.7463459654938596,0.8300044385264093,binary,custom,deeploc
WCYKMVHQFDGRLITNEASP,0.7455437242410797,0.8236355435272892,binary,resnet,deeploc
WCYKMVHQFDGRLITNEASP,0.7487492012467527,0.8274932614555256,binary,custom,deeploc
WCYKMVHQFDGRLITNEASP,0.7629481738198683,0.8253376804843968,binary,resnet,deeploc
WCYKMVHQFDGRLITNEASP,0.7439420321398774,0.8282290279627164,binary,custom,deeploc
WCYKMVHQFDGRLITNEASP,0.7194869283507873,0.6786570743405276,binary,resnet,deeploc
WCYKMVHQFDGRLITNEASP,0.7442092133571075,0.8289007092198581,binary,custom,deeploc
WCYKMVHQFDGRLITNEASP,0.753020612716989,0.8162692847124825,binary,resnet,deeploc
WCYKMVHQFDGRLITNEASP,0.7524890406868859,0.8326639892904953,binary,custom,deeploc
WCYKMVHQFDGRLITNEASP,0.7341428296374427,0.7837573385518591,binary,resnet,deeploc
WCYKMVHQFDGRLITNEASP,0.7461680772160694,0.8309734513274336,binary,custom,deeploc
WCYKMVHQFDGRLITNEASP,0.7608958314149302,0.791476407914764,binary,resnet,deeploc
WCYKMVHQFDGRLITNEASP,0.7487052523781221,0.8309608540925267,binary,custom,deeploc
WCYKMVHQFDGRLITNEASP,0.7436295068518379,0.8223624887285843,binary,resnet,deeploc
WCYKMVHQFDGRLITNEASP,0.7419831682809155,0.8261449533125834,binary,custom,deeploc
WCYKMVHQFDGRLITNEASP,0.7644612705827202,0.8233082706766918,binary,resnet,deeploc
WCYKMVHQFDGRLITNEASP,0.7429626002103965,0.8271879164815638,binary,custom,deeploc
WCYKMVHQFDGRLITNEASP,0.7518207388432658,0.8288288288288288,binary,resnet,deeploc
WCYKMVHQFDGRLITNEASP,0.7433190743670666,0.8295053003533569,binary,custom,deeploc
WCYKMVHQFDGRLITNEASP,0.7425161355131974,0.8187187641980918,binary,resnet,deeploc
WCYKMVHQFDGRLITNEASP,0.742517530715376,0.8274944567627495,binary,custom,deeploc
WCYKMVHQFDGRLITNEASP,0.7497279355751443,0.8241708314402544,binary,resnet,deeploc
WCYKMVHQFDGRLITNEASP,0.7481708899436618,0.8296164139161463,binary,custom,deeploc
WCYKMVHQFDGRLITNEASP,0.7271458907110228,0.7083094555873926,binary,resnet,deeploc
WCYKMVHQFDGRLITNEASP,0.7459455424685593,0.8311229000884174,binary,custom,deeploc
WCYKMVHQFDGRLITNEASP,0.7641940893654899,0.8225882352941176,binary,resnet,deeploc
WCYKMVHQFDGRLITNEASP,0.7487052523781221,0.8309608540925267,binary,custom,deeploc
WCYKMVHQFDGRLITNEASP,0.6903020891757425,0.8104026845637584,binary,resnet,deeploc
WCYKMVHQFDGRLITNEASP,0.7474139927616911,0.8284182305630027,binary,custom,deeploc
WCYKMVHQFDGRLITNEASP,0.7490149872618039,0.8193103448275862,binary,resnet,deeploc
WCYKMVHQFDGRLITNEASP,0.7497732796459534,0.8293775190326914,binary,custom,deeploc
WCYKMVHQFDGRLITNEASP,0.7509654799076936,0.7579514824797844,binary,resnet,deeploc
WCYKMVHQFDGRLITNEASP,0.7507080651057144,0.8295964125560538,binary,custom,deeploc
WCYKMVHQFDGRLITNEASP,0.7418492288717559,0.8236347358997315,binary,resnet,deeploc
WCYKMVHQFDGRLITNEASP,0.7452332917563084,0.830755634114008,binary,custom,deeploc
WCYKMVHQFDGRLITNEASP,0.7153466658853534,0.6726835138387485,binary,resnet,deeploc
WCYKMVHQFDGRLITNEASP,0.7442092133571075,0.8289007092198581,binary,custom,deeploc
WCYKMVHQFDGRLITNEASP,0.7571190191170603,0.8371886120996441,binary,resnet,deeploc
WCYKMVHQFDGRLITNEASP,0.7434076697054169,0.82688028482421,binary,custom,deeploc
WCYKMVHQFDGRLITNEASP,0.7419294529970338,0.7585842577918648,binary,resnet,deeploc
WCYKMVHQFDGRLITNEASP,0.7539581885811073,0.8342245989304813,binary,custom,deeploc
WCYKMVHQFDGRLITNEASP,0.7493261173476649,0.8163265306122449,binary,resnet,deeploc
WCYKMVHQFDGRLITNEASP,0.7488384941861925,0.8291592128801432,binary,custom,deeploc
WCYKMVHQFDGRLITNEASP,0.7243408367306506,0.7006369426751592,binary,resnet,deeploc
WCYKMVHQFDGRLITNEASP,0.744297808695458,0.8262617239839214,binary,custom,deeploc
WCYKMVHQFDGRLITNEASP,0.7171743807395129,0.7026719727117681,binary,resnet,deeploc
WCYKMVHQFDGRLITNEASP,0.750664116237084,0.8330373001776199,binary,custom,deeploc
WCYKMVHQFDGRLITNEASP,0.7344609357341972,0.8278867102396514,binary,resnet,deeploc
WCYKMVHQFDGRLITNEASP,0.7549376205105883,0.8352626892252895,binary,custom,deeploc
WCYKMVHQFDGRLITNEASP,0.744786827059109,0.8224130140081337,binary,resnet,deeploc
WCYKMVHQFDGRLITNEASP,0.747815113388081,0.8315602836879432,binary,custom,deeploc
WCYKMVHQFDGRLITNEASP,0.7487840813012214,0.7555315704263357,binary,resnet,deeploc
WCYKMVHQFDGRLITNEASP,0.7433190743670666,0.8295053003533569,binary,custom,deeploc
WCYKMVHQFDGRLITNEASP,0.7538633148329524,0.7948463825569871,binary,resnet,deeploc
WCYKMVHQFDGRLITNEASP,0.742874004872046,0.8298059964726632,binary,custom,deeploc
WCYKMVHQFDGRLITNEASP,0.7328934260863742,0.7591921284308648,binary,resnet,deeploc
WCYKMVHQFDGRLITNEASP,0.743764143862087,0.8292035398230089,binary,custom,deeploc
WCYKMVHQFDGRLITNEASP,0.7396678302652837,0.8216845878136201,binary,resnet,deeploc
WCYKMVHQFDGRLITNEASP,0.7464792073019302,0.8282016956715752,binary,custom,deeploc
WCYKMVHQFDGRLITNEASP,0.7488357037818351,0.8110902255639098,binary,resnet,deeploc
WCYKMVHQFDGRLITNEASP,0.7411823222303144,0.8284075871195412,binary,custom,deeploc
WCYKMVHQFDGRLITNEASP,0.7268905687123122,0.8069059518400727,binary,resnet,deeploc
WCYKMVHQFDGRLITNEASP,0.7501297538026235,0.8317008014247551,binary,custom,deeploc
WCYKMVHQFDGRLITNEASP,0.6997838831825118,0.8146897425073871,binary,resnet,deeploc
WCYKMVHQFDGRLITNEASP,0.7422956935689551,0.8318739054290718,binary,custom,deeploc
WCYKMVHQFDGRLITNEASP,0.7650346986781854,0.7852314092563702,binary,resnet,deeploc
WCYKMVHQFDGRLITNEASP,0.7431404884881868,0.8262032085561497,binary,custom,deeploc
WCYKMVHQFDGRLITNEASP,0.7620552444254697,0.8070346849047386,binary,resnet,deeploc
WCYKMVHQFDGRLITNEASP,0.7475032857011308,0.8300711743772242,binary,custom,deeploc
WCYKMVHQFDGRLITNEASP,0.7549780813737718,0.8089995213020584,binary,resnet,deeploc
WCYKMVHQFDGRLITNEASP,0.742472884245656,0.8266666666666667,binary,custom,deeploc
WCYKMVHQFDGRLITNEASP,0.7360605350321315,0.8099173553719008,binary,resnet,deeploc
WCYKMVHQFDGRLITNEASP,0.7486159594386823,0.8293118856121537,binary,custom,deeploc
WCYKMVHQFDGRLITNEASP,0.760322403319465,0.828125,binary,resnet,deeploc
WCYKMVHQFDGRLITNEASP,0.7513763669493346,0.8334073745002222,binary,custom,deeploc
WCYKMVHQFDGRLITNEASP,0.7445573163007052,0.7722365038560411,binary,resnet,deeploc
WCYKMVHQFDGRLITNEASP,0.7432744278973467,0.8286852589641435,binary,custom,deeploc
WCYKMVHQFDGRLITNEASP,0.7677574357300117,0.8378009995456611,binary,resnet,deeploc
WCYKMVHQFDGRLITNEASP,0.7453665335643787,0.8289649044868947,binary,custom,deeploc
WCYKMVHQFDGRLITNEASP,0.755870313167081,0.8223866790009251,binary,resnet,deeploc
WCYKMVHQFDGRLITNEASP,0.7442092133571075,0.8289007092198581,binary,custom,deeploc
WCYKMVHQFDGRLITNEASP,0.7672656269620031,0.8239735724398302,binary,resnet,deeploc
WCYKMVHQFDGRLITNEASP,0.7376650175376914,0.8231111111111111,binary,custom,deeploc
WCYKMVHQFDGRLITNEASP,0.7407812016039244,0.825255669186305,binary,resnet,deeploc
WCYKMVHQFDGRLITNEASP,0.7454997753724493,0.8271549799017418,binary,custom,deeploc
WCYKMVHQFDGRLITNEASP,0.756489782934445,0.7966269841269841,binary,resnet,deeploc
WCYKMVHQFDGRLITNEASP,0.7436755485237366,0.8317962231005709,binary,custom,deeploc
WCYKMVHQFDGRLITNEASP,0.7579163771622146,0.8124105011933174,binary,resnet,deeploc
WCYKMVHQFDGRLITNEASP,0.7475032857011308,0.8300711743772242,binary,custom,deeploc
WCYKMVHQFDGRLITNEASP,0.7391753238961858,0.802637776731041,binary,resnet,deeploc
WCYKMVHQFDGRLITNEASP,0.7474139927616911,0.8284182305630027,binary,custom,deeploc
WCYKMVHQFDGRLITNEASP,0.7401470822136836,0.7417943107221007,binary,resnet,deeploc
WCYKMVHQFDGRLITNEASP,0.7467463885191604,0.8288770053475936,binary,custom,deeploc
WCYKMVHQFDGRLITNEASP,0.7609425706879184,0.8079727758872144,binary,resnet,deeploc
WCYKMVHQFDGRLITNEASP,0.7515542552271249,0.8324420677361853,binary,custom,deeploc
WCYKMVHQFDGRLITNEASP,0.7660636602850119,0.8230297310051912,binary,resnet,deeploc
WCYKMVHQFDGRLITNEASP,0.7506194697673639,0.8322207387627948,binary,custom,deeploc
WCYKMVHQFDGRLITNEASP,0.7506571402261902,0.7850655903128153,binary,resnet,deeploc
WCYKMVHQFDGRLITNEASP,0.7446542828521281,0.8285968028419183,binary,custom,deeploc
WCYKMVHQFDGRLITNEASP,0.7498151357113159,0.812206572769953,binary,resnet,deeploc
WCYKMVHQFDGRLITNEASP,0.7399357090836033,0.8267020335985853,binary,custom,deeploc
WCYKMVHQFDGRLITNEASP,0.7528385388326623,0.7872983870967742,binary,resnet,deeploc
WCYKMVHQFDGRLITNEASP,0.7420724612203554,0.8277999114652501,binary,custom,deeploc
WCYKMVHQFDGRLITNEASP,0.7596534038747554,0.8195488721804511,binary,resnet,deeploc
WCYKMVHQFDGRLITNEASP,0.7487052523781221,0.8309608540925267,binary,custom,deeploc
WCYKMVHQFDGRLITNEASP,0.7853362855811435,0.8154851684263449,binary,resnet,deeploc
WCYKMVHQFDGRLITNEASP,0.7478597598578011,0.832375055285272,binary,custom,deeploc
WCYKMVHQFDGRLITNEASP,0.7448231023157565,0.7613516367476241,binary,resnet,deeploc
WCYKMVHQFDGRLITNEASP,0.748660605908402,0.8301382077574677,binary,custom,deeploc
WCYKMVHQFDGRLITNEASP,0.7350252950155006,0.714203565267395,binary,resnet,deeploc
WCYKMVHQFDGRLITNEASP,0.7413155640383848,0.8266075388026608,binary,custom,deeploc
WCYKMVHQFDGRLITNEASP,0.7449214640693582,0.8292682926829268,binary,resnet,deeploc
WCYKMVHQFDGRLITNEASP,0.7503522885501338,0.8315508021390374,binary,custom,deeploc
WCYKMVHQFDGRLITNEASP,0.7465245513727395,0.8332600087989441,binary,resnet,deeploc
WCYKMVHQFDGRLITNEASP,0.7489277871256323,0.8308103294746215,binary,custom,deeploc
WCYKMVHQFDGRLITNEASP,0.7492758900692299,0.7741602067183463,binary,resnet,deeploc
WCYKMVHQFDGRLITNEASP,0.7484827176306118,0.8311111111111111,binary,custom,deeploc
WCYKMVHQFDGRLITNEASP,0.7515089111563157,0.8273056057866185,binary,resnet,deeploc
WCYKMVHQFDGRLITNEASP,0.7540474815205471,0.8358473824312334,binary,custom,deeploc
WCYKMVHQFDGRLITNEASP,0.7591141582326696,0.7822038282462493,binary,resnet,deeploc
WCYKMVHQFDGRLITNEASP,0.7430072466801164,0.8280141843971631,binary,custom,deeploc
WCYKMVHQFDGRLITNEASP,0.7188367641354908,0.8250319284802043,binary,resnet,deeploc
WCYKMVHQFDGRLITNEASP,0.7477704669183611,0.8307418924922256,binary,custom,deeploc
WCYKMVHQFDGRLITNEASP,0.7583140097831575,0.7906976744186046,binary,resnet,deeploc
WCYKMVHQFDGRLITNEASP,0.7459455424685593,0.8311229000884174,binary,custom,deeploc
WCYKMVHQFDGRLITNEASP,0.7700246392704767,0.8190567853705486,binary,resnet,deeploc
WCYKMVHQFDGRLITNEASP,0.7489277871256323,0.8308103294746215,binary,custom,deeploc
WCYKMVHQFDGRLITNEASP,0.7106273945157393,0.662613981762918,binary,resnet,deeploc
WCYKMVHQFDGRLITNEASP,0.7458562495291192,0.8294849023090586,binary,custom,deeploc
WCYKMVHQFDGRLITNEASP,0.752173724994489,0.8083889418493804,binary,resnet,deeploc
WCYKMVHQFDGRLITNEASP,0.7429179537406765,0.8263579697239537,binary,custom,deeploc
WCYKMVHQFDGRLITNEASP,0.77336335808422,0.8212048192771084,binary,resnet,deeploc
WCYKMVHQFDGRLITNEASP,0.7463906119635797,0.8308237378210807,binary,custom,deeploc
WCYKMVHQFDGRLITNEASP,0.7547115977576311,0.8130619971604354,binary,resnet,deeploc
WCYKMVHQFDGRLITNEASP,0.7457223101199594,0.8270004470272687,binary,custom,deeploc
WCYKMVHQFDGRLITNEASP,0.756267945788024,0.8019559902200489,binary,resnet,deeploc
WCYKMVHQFDGRLITNEASP,0.7353950235928688,0.823841059602649,binary,custom,deeploc
WCYKMVHQFDGRLITNEASP,0.7028554207790252,0.8159119763013118,binary,resnet,deeploc
WCYKMVHQFDGRLITNEASP,0.7429626002103965,0.8271879164815638,binary,custom,deeploc
WCYKMVHQFDGRLITNEASP,0.7252895742121991,0.8162544169611308,binary,resnet,deeploc
WCYKMVHQFDGRLITNEASP,0.7479483551961514,0.8297682709447415,binary,custom,deeploc
WCYKMVHQFDGRLITNEASP,0.7374752700413816,0.731924360400445,binary,resnet,deeploc
WCYKMVHQFDGRLITNEASP,0.7431404884881868,0.8262032085561497,binary,custom,deeploc
WCYKMVHQFDGRLITNEASP,0.7658815864006853,0.7942973523421588,binary,resnet,deeploc
WCYKMVHQFDGRLITNEASP,0.7505748232976441,0.8314005352363961,binary,custom,deeploc
WCYKMVHQFDGRLITNEASP,0.7190599964840905,0.8289806234203876,binary,resnet,deeploc
WCYKMVHQFDGRLITNEASP,0.7507080651057144,0.8295964125560538,binary,custom,deeploc
WCYKMVHQFDGRLITNEASP,0.767976482472075,0.814922480620155,binary,resnet,deeploc
WCYKMVHQFDGRLITNEASP,0.749372856620653,0.8305084745762712,binary,custom,deeploc
WCYKMVHQFDGRLITNEASP,0.7643259359713817,0.811073336571151,binary,resnet,deeploc
WCYKMVHQFDGRLITNEASP,0.7487052523781221,0.8309608540925267,binary,custom,deeploc
WCYKMVHQFDGRLITNEASP,0.7574294516018316,0.8301544050862852,binary,resnet,deeploc
WCYKMVHQFDGRLITNEASP,0.7470582162061103,0.8303730017761989,binary,custom,deeploc
WCYKMVHQFDGRLITNEASP,0.7523983525452673,0.8222324299494718,binary,resnet,deeploc
WCYKMVHQFDGRLITNEASP,0.7463459654938596,0.8300044385264093,binary,custom,deeploc
WCYKMVHQFDGRLITNEASP,0.7535933432113647,0.7718930256948086,binary,resnet,deeploc
WCYKMVHQFDGRLITNEASP,0.7467470861202496,0.8331131660061647,binary,custom,deeploc
WCYKMVHQFDGRLITNEASP,0.7401889382790461,0.7153623188405797,binary,resnet,deeploc
WCYKMVHQFDGRLITNEASP,0.7475479321708509,0.8308921438082557,binary,custom,deeploc
WCYKMVHQFDGRLITNEASP,0.7503062468782351,0.8219679633867277,binary,resnet,deeploc
WCYKMVHQFDGRLITNEASP,0.7373538874518305,0.8259144997796386,binary,custom,deeploc
WCYKMVHQFDGRLITNEASP,0.7519986271210561,0.8278355173971984,binary,resnet,deeploc
WCYKMVHQFDGRLITNEASP,0.7465685002413699,0.8298533984895602,binary,custom,deeploc
WCYKMVHQFDGRLITNEASP,0.7502636932117832,0.8341441839893853,binary,resnet,deeploc
WCYKMVHQFDGRLITNEASP,0.740959787482804,0.8285588364918466,binary,custom,deeploc
WCYKMVHQFDGRLITNEASP,0.7223980176967444,0.8267918088737202,binary,resnet,deeploc
WCYKMVHQFDGRLITNEASP,0.7536910073638771,0.8335564480142793,binary,custom,deeploc
WCYKMVHQFDGRLITNEASP,0.7517265626962004,0.793666501731816,binary,resnet,deeploc
WCYKMVHQFDGRLITNEASP,0.748304131751732,0.8278026905829596,binary,custom,deeploc
WCYKMVHQFDGRLITNEASP,0.7579575356264876,0.7877862595419848,binary,resnet,deeploc
WCYKMVHQFDGRLITNEASP,0.7463459654938596,0.8300044385264093,binary,custom,deeploc
WCYKMVHQFDGRLITNEASP,0.7469179983871462,0.7843530591775326,binary,resnet,deeploc
WCYKMVHQFDGRLITNEASP,0.7428293584023262,0.828988068935042,binary,custom,deeploc
WCYKMVHQFDGRLITNEASP,0.7599652315617056,0.8211610486891385,binary,resnet,deeploc
WCYKMVHQFDGRLITNEASP,0.7524890406868859,0.8326639892904953,binary,custom,deeploc
WCYKMVHQFDGRLITNEASP,0.7604556451275353,0.8262476894639557,binary,resnet,deeploc
WCYKMVHQFDGRLITNEASP,0.7464345608322103,0.8273703041144902,binary,custom,deeploc
WCYKMVHQFDGRLITNEASP,0.755153876848294,0.7926036981509246,binary,resnet,deeploc
WCYKMVHQFDGRLITNEASP,0.7443871016348979,0.82792352156514,binary,custom,deeploc
WCYKMVHQFDGRLITNEASP,0.7407386479374727,0.836989247311828,binary,resnet,deeploc
WCYKMVHQFDGRLITNEASP,0.7463899143624904,0.8265351860152398,binary,custom,deeploc
WCYKMVHQFDGRLITNEASP,0.7544918534144782,0.8313090418353576,binary,resnet,deeploc
WCYKMVHQFDGRLITNEASP,0.744342455165178,0.8270944741532977,binary,custom,deeploc
WCYKMVHQFDGRLITNEASP,0.7583642370615926,0.8303774442928604,binary,resnet,deeploc
WCYKMVHQFDGRLITNEASP,0.7480376481355913,0.831410825199645,binary,custom,deeploc
WCYKMVHQFDGRLITNEASP,0.6998278320511425,0.8112484022155944,binary,resnet,deeploc
WCYKMVHQFDGRLITNEASP,0.7438973856701574,0.8274021352313167,binary,custom,deeploc
WCYKMVHQFDGRLITNEASP,0.673610587910294,0.8137096774193548,binary,resnet,deeploc
WCYKMVHQFDGRLITNEASP,0.7508420045148743,0.8320712694877506,binary,custom,deeploc
WCYKMVHQFDGRLITNEASP,0.7214178881661742,0.8215982721382289,binary,resnet,deeploc
WCYKMVHQFDGRLITNEASP,0.7528008683738361,0.8341485104490884,binary,custom,deeploc
WCYKMVHQFDGRLITNEASP,0.7643245407692028,0.800997506234414,binary,resnet,deeploc
WCYKMVHQFDGRLITNEASP,0.7507080651057144,0.8295964125560538,binary,custom,deeploc
WCYKMVHQFDGRLITNEASP,0.7462510917457048,0.7903305377405032,binary,resnet,deeploc
WCYKMVHQFDGRLITNEASP,0.7479037087264315,0.8289414917373827,binary,custom,deeploc
WCYKMVHQFDGRLITNEASP,0.686740835614489,0.8087065717873587,binary,resnet,deeploc
WCYKMVHQFDGRLITNEASP,0.743496962644857,0.8285334514842712,binary,custom,deeploc
WCYKMVHQFDGRLITNEASP,0.6026973443721729,0.7836166924265843,binary,resnet,deeploc
WCYKMVHQFDGRLITNEASP,0.7418052800031253,0.8271276595744681,binary,custom,deeploc
WCYKMVHQFDGRLITNEASP,0.7306785426276121,0.83446519524618,binary,resnet,deeploc
WCYKMVHQFDGRLITNEASP,0.7461234307463496,0.8301552106430156,binary,custom,deeploc
WCYKMVHQFDGRLITNEASP,0.7472716821394588,0.764612954186414,binary,resnet,deeploc
WCYKMVHQFDGRLITNEASP,0.739757820805813,0.8276773909211106,binary,custom,deeploc
WCYKMVHQFDGRLITNEASP,0.7577873209606804,0.8408990744821507,binary,resnet,deeploc
WCYKMVHQFDGRLITNEASP,0.7477258204486413,0.8299198575244879,binary,custom,deeploc
WCYKMVHQFDGRLITNEASP,0.7566188391359792,0.760043431053203,binary,resnet,deeploc
WCYKMVHQFDGRLITNEASP,0.749372856620653,0.8305084745762712,binary,custom,deeploc
WCYKMVHQFDGRLITNEASP,0.7604968035918085,0.8033431661750245,binary,resnet,deeploc
WCYKMVHQFDGRLITNEASP,0.7448321711299184,0.8276169265033407,binary,custom,deeploc
WCYKMVHQFDGRLITNEASP,0.7350713366873993,0.7296996662958843,binary,resnet,deeploc
WCYKMVHQFDGRLITNEASP,0.745633714781609,0.8296362023070097,binary,custom,deeploc
WCYKMVHQFDGRLITNEASP,0.7548887884343319,0.8071188071188071,binary,resnet,deeploc
WCYKMVHQFDGRLITNEASP,0.7482155364133817,0.8304405874499332,binary,custom,deeploc
WCYKMVHQFDGRLITNEASP,0.7642380382341204,0.818830242510699,binary,resnet,deeploc
WCYKMVHQFDGRLITNEASP,0.7479930016658713,0.8305913739439751,binary,custom,deeploc
WCYKMVHQFDGRLITNEASP,0.7462524869478836,0.8005766458433445,binary,resnet,deeploc
WCYKMVHQFDGRLITNEASP,0.7369988084973393,0.832034632034632,binary,custom,deeploc
WCYKMVHQFDGRLITNEASP,0.7504792519483998,0.7863247863247863,binary,resnet,deeploc
WCYKMVHQFDGRLITNEASP,0.7446096363824082,0.8277703604806409,binary,custom,deeploc
WCYKMVHQFDGRLITNEASP,0.7392667096388937,0.8184281842818428,binary,resnet,deeploc
WCYKMVHQFDGRLITNEASP,0.7429179537406765,0.8263579697239537,binary,custom,deeploc
WCYKMVHQFDGRLITNEASP,0.7551587600559198,0.8264840182648402,binary,resnet,deeploc
WCYKMVHQFDGRLITNEASP,0.7491503218731426,0.8306595365418895,binary,custom,deeploc
WCYKMVHQFDGRLITNEASP,0.7567611497582115,0.8262265016047684,binary,resnet,deeploc
WCYKMVHQFDGRLITNEASP,0.744521738645147,0.83457005674378,binary,custom,deeploc
WCYKMVHQFDGRLITNEASP,0.706842908605886,0.6523076923076923,binary,resnet,deeploc
WCYKMVHQFDGRLITNEASP,0.7483934246911721,0.8294642857142858,binary,custom,deeploc
WCYKMVHQFDGRLITNEASP,0.7478513886447284,0.7733608673205988,binary,resnet,deeploc
WCYKMVHQFDGRLITNEASP,0.7436748509226473,0.8275555555555556,binary,custom,deeploc
WCYKMVHQFDGRLITNEASP,0.7499497727215652,0.8195211786372008,binary,resnet,deeploc
WCYKMVHQFDGRLITNEASP,0.7434076697054169,0.82688028482421,binary,custom,deeploc
WCYKMVHQFDGRLITNEASP,0.6331901855897939,0.7944664031620553,binary,resnet,deeploc
WCYKMVHQFDGRLITNEASP,0.7455890683118891,0.8288128056914184,binary,custom,deeploc
WCYKMVHQFDGRLITNEASP,0.7225319571059042,0.8291649003815176,binary,resnet,deeploc
WCYKMVHQFDGRLITNEASP,0.7450547058774287,0.8274632189032546,binary,custom,deeploc
WCYKMVHQFDGRLITNEASP,0.7162095984329089,0.8192771084337349,binary,resnet,deeploc
WCYKMVHQFDGRLITNEASP,0.7459455424685593,0.8311229000884174,binary,custom,deeploc
WCYKMVHQFDGRLITNEASP,0.7219968970703544,0.823731728288908,binary,resnet,deeploc
WCYKMVHQFDGRLITNEASP,0.74652385377165,0.8290293855743545,binary,custom,deeploc
WCYKMVHQFDGRLITNEASP,0.7495932985648951,0.8170449282075035,binary,resnet,deeploc
WCYKMVHQFDGRLITNEASP,0.7474586392314111,0.8292465448060633,binary,custom,deeploc
WCYKMVHQFDGRLITNEASP,0.7443319911488374,0.7482327351821643,binary,resnet,deeploc
WCYKMVHQFDGRLITNEASP,0.74688032792832,0.8313413014608234,binary,custom,deeploc
WCYKMVHQFDGRLITNEASP,0.7292519483998426,0.821256038647343,binary,resnet,deeploc
WCYKMVHQFDGRLITNEASP,0.738289370512681,0.8303532490187527,binary,custom,deeploc
WCYKMVHQFDGRLITNEASP,0.7257646405540626,0.6937573616018846,binary,resnet,deeploc
WCYKMVHQFDGRLITNEASP,0.7503522885501338,0.8315508021390374,binary,custom,deeploc
WCYKMVHQFDGRLITNEASP,0.7496756154934411,0.7667193259610321,binary,resnet,deeploc
WCYKMVHQFDGRLITNEASP,0.740959787482804,0.8285588364918466,binary,custom,deeploc
WCYKMVHQFDGRLITNEASP,0.7429646930136646,0.839622641509434,binary,resnet,deeploc
WCYKMVHQFDGRLITNEASP,0.7402928808413627,0.8331885317115552,binary,custom,deeploc
WCYKMVHQFDGRLITNEASP,0.7417564479268692,0.7984681665868837,binary,resnet,deeploc
WCYKMVHQFDGRLITNEASP,0.7484827176306118,0.8311111111111111,binary,custom,deeploc
WCYKMVHQFDGRLITNEASP,0.7392674072399833,0.8228469433288711,binary,resnet,deeploc
WCYKMVHQFDGRLITNEASP,0.7495953913681632,0.8303571428571429,binary,custom,deeploc
WCYKMVHQFDGRLITNEASP,0.7528880685100079,0.82277318640955,binary,resnet,deeploc
WCYKMVHQFDGRLITNEASP,0.7491949683428626,0.8314806580702534,binary,custom,deeploc
WCYKMVHQFDGRLITNEASP,0.7611609198288924,0.7754886423666139,binary,resnet,deeploc
WCYKMVHQFDGRLITNEASP,0.7504415814895736,0.8331854480922803,binary,custom,deeploc
WCYKMVHQFDGRLITNEASP,0.7559163548389798,0.8320576316974336,binary,resnet,deeploc
WCYKMVHQFDGRLITNEASP,0.7471914580141809,0.8285714285714286,binary,custom,deeploc
WCYKMVHQFDGRLITNEASP,0.762457062652949,0.8154875717017208,binary,resnet,deeploc
WCYKMVHQFDGRLITNEASP,0.7420278147506356,0.8269742679680568,binary,custom,deeploc
WCYKMVHQFDGRLITNEASP,0.7408711921444536,0.8311461067366579,binary,resnet,deeploc
WCYKMVHQFDGRLITNEASP,0.7527115754343962,0.8325145154086646,binary,custom,deeploc
WCYKMVHQFDGRLITNEASP,0.7545295238733045,0.7834525025536262,binary,resnet,deeploc
WCYKMVHQFDGRLITNEASP,0.7441206180187572,0.8315002199736031,binary,custom,deeploc
WCYKMVHQFDGRLITNEASP,0.7594713299904289,0.7906741003547897,binary,resnet,deeploc
WCYKMVHQFDGRLITNEASP,0.7456783612513289,0.8304559539619301,binary,custom,deeploc
WCYKMVHQFDGRLITNEASP,0.7553826900056088,0.8349687778768956,binary,resnet,deeploc
WCYKMVHQFDGRLITNEASP,0.742874004872046,0.8298059964726632,binary,custom,deeploc
WCYKMVHQFDGRLITNEASP,0.7607632872079493,0.7990049751243781,binary,resnet,deeploc
WCYKMVHQFDGRLITNEASP,0.7489277871256323,0.8308103294746215,binary,custom,deeploc
WCYKMVHQFDGRLITNEASP,0.7240408682622199,0.800734618916437,binary,resnet,deeploc
WCYKMVHQFDGRLITNEASP,0.7461234307463496,0.8301552106430156,binary,custom,deeploc
WCYKMVHQFDGRLITNEASP,0.675969177193467,0.8104575163398693,binary,resnet,deeploc
WCYKMVHQFDGRLITNEASP,0.7463013190241399,0.8291814946619217,binary,custom,deeploc
WCYKMVHQFDGRLITNEASP,0.736774180946561,0.819363514119229,binary,resnet,deeploc
WCYKMVHQFDGRLITNEASP,0.7419831682809155,0.8261449533125834,binary,custom,deeploc
WCYKMVHQFDGRLITNEASP,0.7280813737718732,0.7156585641605426,binary,resnet,deeploc
WCYKMVHQFDGRLITNEASP,0.7483941222922614,0.8337009263343625,binary,custom,deeploc
WCYKMVHQFDGRLITNEASP,0.7666377859815666,0.7903142709943328,binary,resnet,deeploc
WCYKMVHQFDGRLITNEASP,0.7458116030593993,0.8286604361370716,binary,custom,deeploc
WCYKMVHQFDGRLITNEASP,0.7471412307357459,0.7894997523526498,binary,resnet,deeploc
WCYKMVHQFDGRLITNEASP,0.7366869808103892,0.8305821025195482,binary,custom,deeploc
WCYKMVHQFDGRLITNEASP,0.6558482689726568,0.8022553362867499,binary,resnet,deeploc
WCYKMVHQFDGRLITNEASP,0.741582745255615,0.8272807794508414,binary,custom,deeploc
WCYKMVHQFDGRLITNEASP,0.6987144607125019,0.8077253218884121,binary,resnet,deeploc
WCYKMVHQFDGRLITNEASP,0.7471914580141809,0.8285714285714286,binary,custom,deeploc
WCYKMVHQFDGRLITNEASP,0.7650388842847217,0.8163069544364508,binary,resnet,deeploc
WCYKMVHQFDGRLITNEASP,0.7452332917563084,0.830755634114008,binary,custom,deeploc
WCYKMVHQFDGRLITNEASP,0.7548001930959816,0.8101145038167938,binary,resnet,deeploc
WCYKMVHQFDGRLITNEASP,0.7454558265038188,0.8306059265811587,binary,custom,deeploc
WCYKMVHQFDGRLITNEASP,0.7533763892725696,0.8141176470588235,binary,resnet,deeploc
WCYKMVHQFDGRLITNEASP,0.7489724335953523,0.8316303864948912,binary,custom,deeploc
WCYKMVHQFDGRLITNEASP,0.7042352757338066,0.8157894736842105,binary,resnet,deeploc
WCYKMVHQFDGRLITNEASP,0.7437194973923671,0.8283813747228381,binary,custom,deeploc
WCYKMVHQFDGRLITNEASP,0.7089105982347901,0.8250521920668058,binary,resnet,deeploc
WCYKMVHQFDGRLITNEASP,0.7411823222303144,0.8284075871195412,binary,custom,deeploc
WCYKMVHQFDGRLITNEASP,0.7584053955258656,0.8081198646689222,binary,resnet,deeploc
WCYKMVHQFDGRLITNEASP,0.7459008959988391,0.8303057155516171,binary,custom,deeploc
WCYKMVHQFDGRLITNEASP,0.76111906376353,0.7965931863727455,binary,resnet,deeploc
WCYKMVHQFDGRLITNEASP,0.7421171076900754,0.8286219081272085,binary,custom,deeploc
WCYKMVHQFDGRLITNEASP,0.6872745004478599,0.8057432432432432,binary,resnet,deeploc
WCYKMVHQFDGRLITNEASP,0.7558277595006291,0.8346738159070599,binary,custom,deeploc
WCYKMVHQFDGRLITNEASP,0.7622791743751587,0.8165793234873749,binary,resnet,deeploc
WCYKMVHQFDGRLITNEASP,0.7467910349888802,0.8297020898176968,binary,custom,deeploc
WCYKMVHQFDGRLITNEASP,0.729459833524476,0.7002341920374707,binary,resnet,deeploc
WCYKMVHQFDGRLITNEASP,0.7477704669183611,0.8307418924922256,binary,custom,deeploc
WCYKMVHQFDGRLITNEASP,0.7240450538687562,0.8273504273504273,binary,resnet,deeploc
WCYKMVHQFDGRLITNEASP,0.742472884245656,0.8266666666666667,binary,custom,deeploc
WCYKMVHQFDGRLITNEASP,0.7544848774035845,0.7823860727086533,binary,resnet,deeploc
WCYKMVHQFDGRLITNEASP,0.7430518931498363,0.8288367978770456,binary,custom,deeploc
WCYKMVHQFDGRLITNEASP,0.7454893113561086,0.7480916030534351,binary,resnet,deeploc
WCYKMVHQFDGRLITNEASP,0.74652385377165,0.8290293855743545,binary,custom,deeploc
WCYKMVHQFDGRLITNEASP,0.7678899799369928,0.8316373728029602,binary,resnet,deeploc
WCYKMVHQFDGRLITNEASP,0.7402914856391839,0.8247330960854092,binary,custom,deeploc
WCYKMVHQFDGRLITNEASP,0.7309889751123836,0.8277056277056277,binary,resnet,deeploc
WCYKMVHQFDGRLITNEASP,0.7435855579832072,0.8258928571428571,binary,custom,deeploc
WCYKMVHQFDGRLITNEASP,0.7497265403729654,0.8150908244061481,binary,resnet,deeploc
WCYKMVHQFDGRLITNEASP,0.7447875246601986,0.8267857142857142,binary,custom,deeploc
WCYKMVHQFDGRLITNEASP,0.7401059237494104,0.7711950970377937,binary,resnet,deeploc
WCYKMVHQFDGRLITNEASP,0.7436302044529273,0.8267260579064588,binary,custom,deeploc
WCYKMVHQFDGRLITNEASP,0.7249791417274278,0.8233766233766234,binary,resnet,deeploc
WCYKMVHQFDGRLITNEASP,0.7455890683118891,0.8288128056914184,binary,custom,deeploc
WCYKMVHQFDGRLITNEASP,0.7534649846109199,0.8111954459203036,binary,resnet,deeploc
WCYKMVHQFDGRLITNEASP,0.7386451470682616,0.8284335234752084,binary,custom,deeploc
WCYKMVHQFDGRLITNEASP,0.7736744881700807,0.8180933852140078,binary,resnet,deeploc
WCYKMVHQFDGRLITNEASP,0.7482155364133817,0.8304405874499332,binary,custom,deeploc
WCYKMVHQFDGRLITNEASP,0.761072324490542,0.7790575916230367,binary,resnet,deeploc
WCYKMVHQFDGRLITNEASP,0.7396238813966531,0.8251996450754214,binary,custom,deeploc
WCYKMVHQFDGRLITNEASP,0.7103350996592916,0.8257417467613873,binary,resnet,deeploc
WCYKMVHQFDGRLITNEASP,0.7473700438930606,0.831858407079646,binary,custom,deeploc
WCYKMVHQFDGRLITNEASP,0.7485266664992424,0.8276481149012568,binary,resnet,deeploc
WCYKMVHQFDGRLITNEASP,0.7385558541288217,0.8267959453503746,binary,custom,deeploc
WCYKMVHQFDGRLITNEASP,0.7609432682890078,0.8128598848368522,binary,resnet,deeploc
WCYKMVHQFDGRLITNEASP,0.749729330777323,0.8328159645232815,binary,custom,deeploc
WCYKMVHQFDGRLITNEASP,0.7189260570749307,0.8266214497668504,binary,resnet,deeploc
WCYKMVHQFDGRLITNEASP,0.7481262434739417,0.8287885561019223,binary,custom,deeploc
WCYKMVHQFDGRLITNEASP,0.7543090819290623,0.7996080352768251,binary,resnet,deeploc
WCYKMVHQFDGRLITNEASP,0.7402028903008335,0.8273730684326711,binary,custom,deeploc
WCYKMVHQFDGRLITNEASP,0.7558242714951824,0.8121730860675226,binary,resnet,deeploc
WCYKMVHQFDGRLITNEASP,0.7484827176306118,0.8311111111111111,binary,custom,deeploc
WCYKMVHQFDGRLITNEASP,0.7635725267948579,0.8328767123287671,binary,resnet,deeploc
WCYKMVHQFDGRLITNEASP,0.7523111524090956,0.8336298932384342,binary,custom,deeploc
WCYKMVHQFDGRLITNEASP,0.6926411456284131,0.6278195488721805,binary,resnet,deeploc
WCYKMVHQFDGRLITNEASP,0.7453665335643787,0.8289649044868947,binary,custom,deeploc
WCYKMVHQFDGRLITNEASP,0.754216998585265,0.7758710348413936,binary,resnet,deeploc
WCYKMVHQFDGRLITNEASP,0.7422057030284259,0.8259902091677792,binary,custom,deeploc
WCYKMVHQFDGRLITNEASP,0.7393999514469641,0.8165304268846503,binary,resnet,deeploc
WCYKMVHQFDGRLITNEASP,0.742517530715376,0.8274944567627495,binary,custom,deeploc
WCYKMVHQFDGRLITNEASP,0.7198154984638824,0.8218588640275387,binary,resnet,deeploc
WCYKMVHQFDGRLITNEASP,0.7445649899126883,0.8269402319357716,binary,custom,deeploc
WCYKMVHQFDGRLITNEASP,0.7472786581503527,0.8169663439372983,binary,resnet,deeploc
WCYKMVHQFDGRLITNEASP,0.742874004872046,0.8298059964726632,binary,custom,deeploc
WCYKMVHQFDGRLITNEASP,0.74686916631089,0.7476737821565408,binary,resnet,deeploc
WCYKMVHQFDGRLITNEASP,0.7422503494981457,0.8268206039076377,binary,custom,deeploc
WCYKMVHQFDGRLITNEASP,0.7416176253100837,0.7564986737400531,binary,resnet,deeploc
WCYKMVHQFDGRLITNEASP,0.7306771474254334,0.8262380538662033,binary,custom,deeploc
WCYKMVHQFDGRLITNEASP,0.7341498056483367,0.8305963699222126,binary,resnet,deeploc
WCYKMVHQFDGRLITNEASP,0.74696962086776,0.8329660643455267,binary,custom,deeploc
WCYKMVHQFDGRLITNEASP,0.7383340169824009,0.8311575282854656,binary,resnet,deeploc
WCYKMVHQFDGRLITNEASP,0.7463013190241399,0.8291814946619217,binary,custom,deeploc
WCYKMVHQFDGRLITNEASP,0.774339302008254,0.7971163748712667,binary,resnet,deeploc
WCYKMVHQFDGRLITNEASP,0.7429626002103965,0.8271879164815638,binary,custom,deeploc
WCYKMVHQFDGRLITNEASP,0.6915731183605816,0.6319056486654252,binary,resnet,deeploc
WCYKMVHQFDGRLITNEASP,0.7384679563915606,0.8335495028102032,binary,custom,deeploc
WCYKMVHQFDGRLITNEASP,0.74664663156338,0.747949699289229,binary,resnet,deeploc
WCYKMVHQFDGRLITNEASP,0.7458562495291192,0.8294849023090586,binary,custom,deeploc
WCYKMVHQFDGRLITNEASP,0.7595620181320475,0.8031418753068238,binary,resnet,deeploc
WCYKMVHQFDGRLITNEASP,0.7435416091145768,0.8293545534924845,binary,custom,deeploc
WCYKMVHQFDGRLITNEASP,0.7688247653967536,0.8318666049096805,binary,resnet,deeploc
WCYKMVHQFDGRLITNEASP,0.7364637484617897,0.826526130873957,binary,custom,deeploc
WCYKMVHQFDGRLITNEASP,0.7074840040070207,0.8117443868739206,binary,resnet,deeploc
WCYKMVHQFDGRLITNEASP,0.7453665335643787,0.8289649044868947,binary,custom,deeploc
WCYKMVHQFDGRLITNEASP,0.6729869325363939,0.8108766233766234,binary,resnet,deeploc
WCYKMVHQFDGRLITNEASP,0.743764143862087,0.8292035398230089,binary,custom,deeploc
WCYKMVHQFDGRLITNEASP,0.7387344400077016,0.8300567933595456,binary,resnet,deeploc
WCYKMVHQFDGRLITNEASP,0.7454111800340987,0.8297872340425532,binary,custom,deeploc
WCYKMVHQFDGRLITNEASP,0.7381554311035212,0.8279192273924495,binary,resnet,deeploc
WCYKMVHQFDGRLITNEASP,0.7489724335953523,0.8316303864948912,binary,custom,deeploc
WCYKMVHQFDGRLITNEASP,0.7490108016552679,0.789865871833085,binary,resnet,deeploc
WCYKMVHQFDGRLITNEASP,0.7440306274782278,0.8255813953488372,binary,custom,deeploc
WCYKMVHQFDGRLITNEASP,0.748260880484191,0.8354541465555068,binary,resnet,deeploc
WCYKMVHQFDGRLITNEASP,0.7492396148125826,0.8322981366459627,binary,custom,deeploc
WCYKMVHQFDGRLITNEASP,0.7756347472312213,0.8297067171239356,binary,resnet,deeploc
WCYKMVHQFDGRLITNEASP,0.7497739772470429,0.8336283185840708,binary,custom,deeploc
WCYKMVHQFDGRLITNEASP,0.7528824877012927,0.7828746177370031,binary,resnet,deeploc
WCYKMVHQFDGRLITNEASP,0.7422949959678657,0.8276473194505981,binary,custom,deeploc
WCYKMVHQFDGRLITNEASP,0.7667291717242745,0.8080708661417323,binary,resnet,deeploc
WCYKMVHQFDGRLITNEASP,0.7441199204176676,0.8272484416740873,binary,custom,deeploc
WCYKMVHQFDGRLITNEASP,0.7718502613213681,0.8233046800382043,binary,resnet,deeploc
WCYKMVHQFDGRLITNEASP,0.744788222261288,0.8310542567269519,binary,custom,deeploc
WCYKMVHQFDGRLITNEASP,0.7422496518970564,0.8224719101123595,binary,resnet,deeploc
WCYKMVHQFDGRLITNEASP,0.7472807509536207,0.8302222222222222,binary,custom,deeploc
WCYKMVHQFDGRLITNEASP,0.6997845807836014,0.8188647746243739,binary,resnet,deeploc
WCYKMVHQFDGRLITNEASP,0.7430072466801164,0.8280141843971631,binary,custom,deeploc
WCYKMVHQFDGRLITNEASP,0.7464680456845002,0.7429519071310116,binary,resnet,deeploc
WCYKMVHQFDGRLITNEASP,0.7441645668873877,0.8280764104842292,binary,custom,deeploc
WCYKMVHQFDGRLITNEASP,0.7109385246015999,0.6568265682656826,binary,resnet,deeploc
WCYKMVHQFDGRLITNEASP,0.7472807509536207,0.8302222222222222,binary,custom,deeploc
WCYKMVHQFDGRLITNEASP,0.7470923986594896,0.7537796976241901,binary,resnet,deeploc
WCYKMVHQFDGRLITNEASP,0.7430072466801164,0.8280141843971631,binary,custom,deeploc
WCYKMVHQFDGRLITNEASP,0.7719835031294385,0.8213256484149856,binary,resnet,deeploc
WCYKMVHQFDGRLITNEASP,0.7512870740098948,0.8317715305667113,binary,custom,deeploc
WCYKMVHQFDGRLITNEASP,0.7601877663092158,0.8209934395501406,binary,resnet,deeploc
WCYKMVHQFDGRLITNEASP,0.748660605908402,0.8301382077574677,binary,custom,deeploc
WCYKMVHQFDGRLITNEASP,0.7458116030593993,0.8286604361370716,binary,resnet,deeploc
WCYKMVHQFDGRLITNEASP,0.7431411860892763,0.8304711580801409,binary,custom,deeploc
WCYKMVHQFDGRLITNEASP,0.7578738234957627,0.8254260709350529,binary,resnet,deeploc
WCYKMVHQFDGRLITNEASP,0.7480376481355913,0.831410825199645,binary,custom,deeploc
WCYKMVHQFDGRLITNEASP,0.7244761713419892,0.7193763919821826,binary,resnet,deeploc
WCYKMVHQFDGRLITNEASP,0.749328210150933,0.829682610639249,binary,custom,deeploc
WCYKMVHQFDGRLITNEASP,0.7135670855063607,0.6838709677419355,binary,resnet,deeploc
WCYKMVHQFDGRLITNEASP,0.7463013190241399,0.8291814946619217,binary,custom,deeploc
WCYKMVHQFDGRLITNEASP,0.7504339078775905,0.7797649463464487,binary,resnet,deeploc
WCYKMVHQFDGRLITNEASP,0.7473253974233405,0.8310421286031042,binary,custom,deeploc
WCYKMVHQFDGRLITNEASP,0.7623259136481467,0.8311212814645309,binary,resnet,deeploc
WCYKMVHQFDGRLITNEASP,0.7511091857321044,0.8327402135231317,binary,custom,deeploc
WCYKMVHQFDGRLITNEASP,0.7325467183449553,0.8266550522648084,binary,resnet,deeploc
WCYKMVHQFDGRLITNEASP,0.7438973856701574,0.8274021352313167,binary,custom,deeploc
WCYKMVHQFDGRLITNEASP,0.7634776530467029,0.7922606924643585,binary,resnet,deeploc
WCYKMVHQFDGRLITNEASP,0.7492396148125826,0.8322981366459627,binary,custom,deeploc
WCYKMVHQFDGRLITNEASP,0.7685575841795235,0.8311688311688312,binary,resnet,deeploc
WCYKMVHQFDGRLITNEASP,0.7466131467110899,0.8306737588652482,binary,custom,deeploc
WCYKMVHQFDGRLITNEASP,0.7544381381305965,0.7637921799678629,binary,resnet,deeploc
WCYKMVHQFDGRLITNEASP,0.7519546782524256,0.8313199105145413,binary,custom,deeploc
WCYKMVHQFDGRLITNEASP,0.6915731183605816,0.6319056486654252,binary,resnet,deeploc
WCYKMVHQFDGRLITNEASP,0.7495953913681632,0.8303571428571429,binary,custom,deeploc
WCYKMVHQFDGRLITNEASP,0.7741655993369999,0.828043581241118,binary,resnet,deeploc
WCYKMVHQFDGRLITNEASP,0.7521772129999359,0.8311688311688312,binary,custom,deeploc
WCYKMVHQFDGRLITNEASP,0.7144565268953124,0.6742514970059881,binary,resnet,deeploc
WCYKMVHQFDGRLITNEASP,0.7513317204796148,0.8325912733748887,binary,custom,deeploc
WCYKMVHQFDGRLITNEASP,0.7530178223126314,0.7966518956179222,binary,resnet,deeploc
WCYKMVHQFDGRLITNEASP,0.7404707691191531,0.8322440087145969,binary,custom,deeploc
WCYKMVHQFDGRLITNEASP,0.739388789829534,0.7265536723163842,binary,resnet,deeploc
WCYKMVHQFDGRLITNEASP,0.7415380987858952,0.8264536173990236,binary,custom,deeploc
WCYKMVHQFDGRLITNEASP,0.7464352584332996,0.831639416703491,binary,resnet,deeploc
WCYKMVHQFDGRLITNEASP,0.7401135973613936,0.825720620842572,binary,custom,deeploc
WCYKMVHQFDGRLITNEASP,0.740780504002835,0.8208820882088209,binary,resnet,deeploc
WCYKMVHQFDGRLITNEASP,0.7436309020540167,0.8309859154929577,binary,custom,deeploc
WCYKMVHQFDGRLITNEASP,0.7534147573324852,0.7673555908850026,binary,resnet,deeploc
WCYKMVHQFDGRLITNEASP,0.7446542828521281,0.8285968028419183,binary,custom,deeploc
WCYKMVHQFDGRLITNEASP,0.7521248929182327,0.7757638529259451,binary,resnet,deeploc
WCYKMVHQFDGRLITNEASP,0.7502629956106939,0.8299015219337511,binary,custom,deeploc
WCYKMVHQFDGRLITNEASP,0.7057930189663784,0.8146883005977796,binary,resnet,deeploc
WCYKMVHQFDGRLITNEASP,0.7422064006295152,0.830255057167986,binary,custom,deeploc
WCYKMVHQFDGRLITNEASP,0.7565365222074331,0.8125594671741199,binary,resnet,deeploc
WCYKMVHQFDGRLITNEASP,0.7463013190241399,0.8291814946619217,binary,custom,deeploc
WCYKMVHQFDGRLITNEASP,0.708178814692037,0.6585365853658537,binary,resnet,deeploc
WCYKMVHQFDGRLITNEASP,0.7447435757915679,0.830238726790451,binary,custom,deeploc
WCYKMVHQFDGRLITNEASP,0.7530645615856193,0.812470477090222,binary,resnet,deeploc
WCYKMVHQFDGRLITNEASP,0.7426068236548159,0.8291390728476821,binary,custom,deeploc
WCYKMVHQFDGRLITNEASP,0.75038995900896,0.7842344618494189,binary,resnet,deeploc
WCYKMVHQFDGRLITNEASP,0.7444763945743378,0.8295706064630367,binary,custom,deeploc
WCYKMVHQFDGRLITNEASP,0.7500320896501111,0.7698744769874477,binary,resnet,deeploc
WCYKMVHQFDGRLITNEASP,0.7444763945743378,0.8295706064630367,binary,custom,deeploc
WCYKMVHQFDGRLITNEASP,0.7514196182168758,0.8256130790190735,binary,resnet,deeploc
WCYKMVHQFDGRLITNEASP,0.7471028626758304,0.8311918475852902,binary,custom,deeploc
WCYKMVHQFDGRLITNEASP,0.7522602275295713,0.79,binary,resnet,deeploc
WCYKMVHQFDGRLITNEASP,0.7469689232666706,0.8287243532560215,binary,custom,deeploc
WCYKMVHQFDGRLITNEASP,0.71669861679656,0.8154917319408181,binary,resnet,deeploc
WCYKMVHQFDGRLITNEASP,0.7439420321398774,0.8282290279627164,binary,custom,deeploc
WCYKMVHQFDGRLITNEASP,0.7327559986717675,0.7231892195395845,binary,resnet,deeploc
WCYKMVHQFDGRLITNEASP,0.7471468115444608,0.8277404921700223,binary,custom,deeploc
WCYKMVHQFDGRLITNEASP,0.7360954150866003,0.7324099722991689,binary,resnet,deeploc
WCYKMVHQFDGRLITNEASP,0.7467910349888802,0.8297020898176968,binary,custom,deeploc
WCYKMVHQFDGRLITNEASP,0.7459448448674698,0.8268456375838926,binary,resnet,deeploc
WCYKMVHQFDGRLITNEASP,0.7392681048410725,0.8271604938271605,binary,custom,deeploc
WCYKMVHQFDGRLITNEASP,0.7346834704817075,0.8277365896205844,binary,resnet,deeploc
WCYKMVHQFDGRLITNEASP,0.7475479321708509,0.8308921438082557,binary,custom,deeploc
WCYKMVHQFDGRLITNEASP,0.7294737855462634,0.8167259786476868,binary,resnet,deeploc
WCYKMVHQFDGRLITNEASP,0.7433637208367865,0.8303217276333187,binary,custom,deeploc
WCYKMVHQFDGRLITNEASP,0.7348627539616766,0.8350427350427351,binary,resnet,deeploc
WCYKMVHQFDGRLITNEASP,0.7465685002413699,0.8298533984895602,binary,custom,deeploc
WCYKMVHQFDGRLITNEASP,0.7538626172318631,0.789552988448016,binary,resnet,deeploc
WCYKMVHQFDGRLITNEASP,0.748438071160892,0.8302895322939866,binary,custom,deeploc
WCYKMVHQFDGRLITNEASP,0.7466110539078219,0.8174712643678161,binary,resnet,deeploc
WCYKMVHQFDGRLITNEASP,0.742428237775936,0.8258351893095769,binary,custom,deeploc
WCYKMVHQFDGRLITNEASP,0.7457167293112446,0.7887184562097971,binary,resnet,deeploc
WCYKMVHQFDGRLITNEASP,0.74688032792832,0.8313413014608234,binary,custom,deeploc
WCYKMVHQFDGRLITNEASP,0.7346681232577412,0.7027663331371395,binary,resnet,deeploc
WCYKMVHQFDGRLITNEASP,0.7446096363824082,0.8277703604806409,binary,custom,deeploc
WCYKMVHQFDGRLITNEASP,0.7451886452865885,0.8299379982285208,binary,resnet,deeploc
WCYKMVHQFDGRLITNEASP,0.7464792073019302,0.8282016956715752,binary,custom,deeploc
WCYKMVHQFDGRLITNEASP,0.7304476366670294,0.7787610619469026,binary,resnet,deeploc
WCYKMVHQFDGRLITNEASP,0.7471921556152701,0.8328187031318923,binary,custom,deeploc
WCYKMVHQFDGRLITNEASP,0.7572013360456064,0.7917505030181087,binary,resnet,deeploc
WCYKMVHQFDGRLITNEASP,0.7441645668873877,0.8280764104842292,binary,custom,deeploc
WCYKMVHQFDGRLITNEASP,0.7486961835639603,0.7654190827622562,binary,resnet,deeploc
WCYKMVHQFDGRLITNEASP,0.745544421842169,0.8279857397504456,binary,custom,deeploc
WCYKMVHQFDGRLITNEASP,0.75920275357102,0.778705636743215,binary,resnet,deeploc
WCYKMVHQFDGRLITNEASP,0.7430965396195564,0.8296557811120918,binary,custom,deeploc
WCYKMVHQFDGRLITNEASP,0.7576931448136149,0.8077294685990338,binary,resnet,deeploc
WCYKMVHQFDGRLITNEASP,0.7488384941861925,0.8291592128801432,binary,custom,deeploc
WCYKMVHQFDGRLITNEASP,0.7352568985771728,0.7931034482758621,binary,resnet,deeploc
WCYKMVHQFDGRLITNEASP,0.7422949959678657,0.8276473194505981,binary,custom,deeploc
WCYKMVHQFDGRLITNEASP,0.7564465316669038,0.8058111380145279,binary,resnet,deeploc
WCYKMVHQFDGRLITNEASP,0.744698929321848,0.8294195835179442,binary,custom,deeploc
WCYKMVHQFDGRLITNEASP,0.7589390603592366,0.8046875,binary,resnet,deeploc
WCYKMVHQFDGRLITNEASP,0.74652385377165,0.8290293855743545,binary,custom,deeploc
WCYKMVHQFDGRLITNEASP,0.7684201567649167,0.8045862412761715,binary,resnet,deeploc
WCYKMVHQFDGRLITNEASP,0.7445203434429684,0.8261063924899419,binary,custom,deeploc
WCYKMVHQFDGRLITNEASP,0.740916536215263,0.8360655737704918,binary,resnet,deeploc
WCYKMVHQFDGRLITNEASP,0.7476811739789213,0.8290941543953592,binary,custom,deeploc
WCYKMVHQFDGRLITNEASP,0.7613443889153978,0.8163653663177926,binary,resnet,deeploc
WCYKMVHQFDGRLITNEASP,0.743452316175137,0.827708703374778,binary,custom,deeploc
WCYKMVHQFDGRLITNEASP,0.7281839211320111,0.8228621291448517,binary,resnet,deeploc
WCYKMVHQFDGRLITNEASP,0.7415380987858952,0.8264536173990236,binary,custom,deeploc
WCYKMVHQFDGRLITNEASP,0.7494600567568246,0.8189774297558728,binary,resnet,deeploc
WCYKMVHQFDGRLITNEASP,0.7445649899126883,0.8269402319357716,binary,custom,deeploc
WCYKMVHQFDGRLITNEASP,0.7482566948776548,0.8086915446386396,binary,resnet,deeploc
WCYKMVHQFDGRLITNEASP,0.7512870740098948,0.8317715305667113,binary,custom,deeploc
WCYKMVHQFDGRLITNEASP,0.7662861950325222,0.8228625413320737,binary,resnet,deeploc
WCYKMVHQFDGRLITNEASP,0.7479037087264315,0.8289414917373827,binary,custom,deeploc
WCYKMVHQFDGRLITNEASP,0.7544437189393114,0.8074891982717235,binary,resnet,deeploc
WCYKMVHQFDGRLITNEASP,0.740603313326134,0.8262411347517731,binary,custom,deeploc
WCYKMVHQFDGRLITNEASP,0.6783731105474495,0.8120915032679739,binary,resnet,deeploc
WCYKMVHQFDGRLITNEASP,0.7499518655248331,0.8326675543719485,binary,custom,deeploc
WCYKMVHQFDGRLITNEASP,0.7614357746581057,0.8317373461012312,binary,resnet,deeploc
WCYKMVHQFDGRLITNEASP,0.745544421842169,0.8279857397504456,binary,custom,deeploc
WCYKMVHQFDGRLITNEASP,0.6898584148829007,0.819000819000819,binary,resnet,deeploc
WCYKMVHQFDGRLITNEASP,0.7431858325589962,0.8312829525483304,binary,custom,deeploc
WCYKMVHQFDGRLITNEASP,0.7580928702378262,0.8013765978367748,binary,resnet,deeploc
WCYKMVHQFDGRLITNEASP,0.7436302044529273,0.8267260579064588,binary,custom,deeploc
WCYKMVHQFDGRLITNEASP,0.771049415270767,0.8257575757575758,binary,resnet,deeploc
WCYKMVHQFDGRLITNEASP,0.7460787842766295,0.8293333333333334,binary,custom,deeploc
WCYKMVHQFDGRLITNEASP,0.7666419715881029,0.8207322872087494,binary,resnet,deeploc
WCYKMVHQFDGRLITNEASP,0.7464799049030195,0.8324514991181657,binary,custom,deeploc
WCYKMVHQFDGRLITNEASP,0.7363312042548085,0.8324697754749568,binary,resnet,deeploc
WCYKMVHQFDGRLITNEASP,0.7436748509226473,0.8275555555555556,binary,custom,deeploc
WCYKMVHQFDGRLITNEASP,0.69840472582882,0.818976279650437,binary,resnet,deeploc
WCYKMVHQFDGRLITNEASP,0.7427400654628862,0.8273413226808699,binary,custom,deeploc
WCYKMVHQFDGRLITNEASP,0.7176794439282196,0.8249787595581988,binary,resnet,deeploc
WCYKMVHQFDGRLITNEASP,0.7480369505345019,0.8271216883700044,binary,custom,deeploc
WCYKMVHQFDGRLITNEASP,0.7470477521897698,0.752571737953438,binary,resnet,deeploc
WCYKMVHQFDGRLITNEASP,0.744698929321848,0.8294195835179442,binary,custom,deeploc
WCYKMVHQFDGRLITNEASP,0.7711812618766585,0.8142717497556208,binary,resnet,deeploc
WCYKMVHQFDGRLITNEASP,0.7406479597958541,0.8270676691729323,binary,custom,deeploc
WCYKMVHQFDGRLITNEASP,0.7637908759358318,0.8045409674234946,binary,resnet,deeploc
WCYKMVHQFDGRLITNEASP,0.7418952705436545,0.8329699084169211,binary,custom,deeploc
WCYKMVHQFDGRLITNEASP,0.7638801688752718,0.806483300589391,binary,resnet,deeploc
WCYKMVHQFDGRLITNEASP,0.7382447240429612,0.8295454545454546,binary,custom,deeploc
WCYKMVHQFDGRLITNEASP,0.7613457841175766,0.8256029684601113,binary,resnet,deeploc
WCYKMVHQFDGRLITNEASP,0.7411823222303144,0.8284075871195412,binary,custom,deeploc
WCYKMVHQFDGRLITNEASP,0.7532361714536052,0.7627209426888055,binary,resnet,deeploc
WCYKMVHQFDGRLITNEASP,0.7501297538026235,0.8317008014247551,binary,custom,deeploc
WCYKMVHQFDGRLITNEASP,0.7720720984677889,0.8184019370460048,binary,resnet,deeploc
WCYKMVHQFDGRLITNEASP,0.7449214640693582,0.8292682926829268,binary,custom,deeploc
WCYKMVHQFDGRLITNEASP,0.7374871292599011,0.824102791315906,binary,resnet,deeploc
WCYKMVHQFDGRLITNEASP,0.743452316175137,0.827708703374778,binary,custom,deeploc
WCYKMVHQFDGRLITNEASP,0.7267154708388792,0.8255613126079447,binary,resnet,deeploc
WCYKMVHQFDGRLITNEASP,0.7422503494981457,0.8268206039076377,binary,custom,deeploc
WCYKMVHQFDGRLITNEASP,0.7538654076362206,0.8099094807050977,binary,resnet,deeploc
WCYKMVHQFDGRLITNEASP,0.7446096363824082,0.8277703604806409,binary,custom,deeploc
WCYKMVHQFDGRLITNEASP,0.7230635291360071,0.8134692069118299,binary,resnet,deeploc
WCYKMVHQFDGRLITNEASP,0.7470582162061103,0.8303730017761989,binary,custom,deeploc
WCYKMVHQFDGRLITNEASP,0.7514635670855063,0.8220183486238533,binary,resnet,deeploc
WCYKMVHQFDGRLITNEASP,0.7444317481046179,0.8287488908606921,binary,custom,deeploc
WCYKMVHQFDGRLITNEASP,0.736361898702741,0.7265581134194273,binary,resnet,deeploc
WCYKMVHQFDGRLITNEASP,0.7514649622876851,0.8307967770814683,binary,custom,deeploc
WCYKMVHQFDGRLITNEASP,0.7532884915353084,0.8215767634854771,binary,resnet,deeploc
WCYKMVHQFDGRLITNEASP,0.7398910626138835,0.8258750553832521,binary,custom,deeploc
WCYKMVHQFDGRLITNEASP,0.7503083396815031,0.8349514563106796,binary,resnet,deeploc
WCYKMVHQFDGRLITNEASP,0.7434076697054169,0.82688028482421,binary,custom,deeploc
WCYKMVHQFDGRLITNEASP,0.7551120207829317,0.811787072243346,binary,resnet,deeploc
WCYKMVHQFDGRLITNEASP,0.7512870740098948,0.8317715305667113,binary,custom,deeploc
WCYKMVHQFDGRLITNEASP,0.7514182230146971,0.8165735567970205,binary,resnet,deeploc
WCYKMVHQFDGRLITNEASP,0.7467463885191604,0.8288770053475936,binary,custom,deeploc
WCYKMVHQFDGRLITNEASP,0.745185854882231,0.812093023255814,binary,resnet,deeploc
WCYKMVHQFDGRLITNEASP,0.7519546782524256,0.8313199105145413,binary,custom,deeploc
WCYKMVHQFDGRLITNEASP,0.7332038585711456,0.7490716180371353,binary,resnet,deeploc
WCYKMVHQFDGRLITNEASP,0.7425621771850959,0.8283185840707965,binary,custom,deeploc
WCYKMVHQFDGRLITNEASP,0.7312115098598939,0.8275563258232236,binary,resnet,deeploc
WCYKMVHQFDGRLITNEASP,0.7426954189931663,0.8265124555160143,binary,custom,deeploc
WCYKMVHQFDGRLITNEASP,0.753065956787798,0.8217411331183786,binary,resnet,deeploc
WCYKMVHQFDGRLITNEASP,0.7461234307463496,0.8301552106430156,binary,custom,deeploc
WCYKMVHQFDGRLITNEASP,0.7193990306135263,0.6915887850467289,binary,resnet,deeploc
WCYKMVHQFDGRLITNEASP,0.7472807509536207,0.8302222222222222,binary,custom,deeploc
WCYKMVHQFDGRLITNEASP,0.7509264142466885,0.8015488867376573,binary,resnet,deeploc
WCYKMVHQFDGRLITNEASP,0.7467463885191604,0.8288770053475936,binary,custom,deeploc
WCYKMVHQFDGRLITNEASP,0.749317048533503,0.7445983379501385,binary,resnet,deeploc
WCYKMVHQFDGRLITNEASP,0.7487052523781221,0.8309608540925267,binary,custom,deeploc
WCYKMVHQFDGRLITNEASP,0.7254569984736489,0.734341252699784,binary,resnet,deeploc
WCYKMVHQFDGRLITNEASP,0.7492396148125826,0.8322981366459627,binary,custom,deeploc
WCYKMVHQFDGRLITNEASP,0.7442078181549289,0.8201634877384196,binary,resnet,deeploc
WCYKMVHQFDGRLITNEASP,0.7464792073019302,0.8282016956715752,binary,custom,deeploc
WCYKMVHQFDGRLITNEASP,0.7579121915556783,0.7811691670977755,binary,resnet,deeploc
WCYKMVHQFDGRLITNEASP,0.7465685002413699,0.8298533984895602,binary,custom,deeploc
WCYKMVHQFDGRLITNEASP,0.7293726333883044,0.7195053400786959,binary,resnet,deeploc
WCYKMVHQFDGRLITNEASP,0.745277240624939,0.8273092369477911,binary,custom,deeploc
WCYKMVHQFDGRLITNEASP,0.7403242728903845,0.7335562987736901,binary,resnet,deeploc
WCYKMVHQFDGRLITNEASP,0.7444763945743378,0.8295706064630367,binary,custom,deeploc
WCYKMVHQFDGRLITNEASP,0.750302061271699,0.7928818586258033,binary,resnet,deeploc
WCYKMVHQFDGRLITNEASP,0.748660605908402,0.8301382077574677,binary,custom,deeploc
WCYKMVHQFDGRLITNEASP,0.7357473121430026,0.7986767485822306,binary,resnet,deeploc
WCYKMVHQFDGRLITNEASP,0.7522665059393756,0.8328131966116807,binary,custom,deeploc
WCYKMVHQFDGRLITNEASP,0.7555152342125897,0.828869723104857,binary,resnet,deeploc
WCYKMVHQFDGRLITNEASP,0.7448768175996383,0.8284444444444444,binary,custom,deeploc
WCYKMVHQFDGRLITNEASP,0.743496962644857,0.8285334514842712,binary,resnet,deeploc
WCYKMVHQFDGRLITNEASP,0.7462120260846998,0.8275245755138516,binary,custom,deeploc
WCYKMVHQFDGRLITNEASP,0.7390392916837579,0.7844104588061174,binary,resnet,deeploc
WCYKMVHQFDGRLITNEASP,0.7490610289337029,0.8290062667860341,binary,custom,deeploc
WCYKMVHQFDGRLITNEASP,0.7573380658591236,0.8147797252486974,binary,resnet,deeploc
WCYKMVHQFDGRLITNEASP,0.7471028626758304,0.8311918475852902,binary,custom,deeploc
WCYKMVHQFDGRLITNEASP,0.7471816915989296,0.7561761546723953,binary,resnet,deeploc
WCYKMVHQFDGRLITNEASP,0.7521332641313054,0.834589800443459,binary,custom,deeploc
WCYKMVHQFDGRLITNEASP,0.7571134383083453,0.8001968503937008,binary,resnet,deeploc
WCYKMVHQFDGRLITNEASP,0.7384226123207515,0.8285839544059623,binary,custom,deeploc
WCYKMVHQFDGRLITNEASP,0.7417592383312266,0.8174783796085571,binary,resnet,deeploc
WCYKMVHQFDGRLITNEASP,0.7489277871256323,0.8308103294746215,binary,custom,deeploc
WCYKMVHQFDGRLITNEASP,0.7796843215550366,0.8229571984435797,binary,resnet,deeploc
WCYKMVHQFDGRLITNEASP,0.7480376481355913,0.831410825199645,binary,custom,deeploc
WCYKMVHQFDGRLITNEASP,0.7641508380979488,0.8307267709291628,binary,resnet,deeploc
WCYKMVHQFDGRLITNEASP,0.741093726891964,0.8309982486865148,binary,custom,deeploc
WCYKMVHQFDGRLITNEASP,0.7710026759977789,0.8104639684106614,binary,resnet,deeploc
WCYKMVHQFDGRLITNEASP,0.7498179261156734,0.8302055406613047,binary,custom,deeploc
WCYKMVHQFDGRLITNEASP,0.7488810478526444,0.8166666666666667,binary,resnet,deeploc
WCYKMVHQFDGRLITNEASP,0.7451886452865885,0.8299379982285208,binary,custom,deeploc
WCYKMVHQFDGRLITNEASP,0.7492730996648724,0.7498631636562672,binary,resnet,deeploc
WCYKMVHQFDGRLITNEASP,0.7426954189931663,0.8265124555160143,binary,custom,deeploc
WCYKMVHQFDGRLITNEASP,0.7568455594900259,0.7942057942057942,binary,resnet,deeploc
WCYKMVHQFDGRLITNEASP,0.7474146903627805,0.8326710816777042,binary,custom,deeploc
WCYKMVHQFDGRLITNEASP,0.7597838552784685,0.797808764940239,binary,resnet,deeploc
WCYKMVHQFDGRLITNEASP,0.7469689232666706,0.8287243532560215,binary,custom,deeploc
WCYKMVHQFDGRLITNEASP,0.7391250966177508,0.7581493165089379,binary,resnet,deeploc
WCYKMVHQFDGRLITNEASP,0.7379768452246415,0.8246235606731621,binary,custom,deeploc
WCYKMVHQFDGRLITNEASP,0.7498186237167628,0.8344370860927153,binary,resnet,deeploc
WCYKMVHQFDGRLITNEASP,0.7451886452865885,0.8299379982285208,binary,custom,deeploc
WCYKMVHQFDGRLITNEASP,0.7386325902486529,0.7317345231455661,binary,resnet,deeploc
WCYKMVHQFDGRLITNEASP,0.7443871016348979,0.82792352156514,binary,custom,deeploc
WCYKMVHQFDGRLITNEASP,0.7384679563915606,0.8335495028102032,binary,resnet,deeploc
WCYKMVHQFDGRLITNEASP,0.7408704945433643,0.8269145639663568,binary,custom,deeploc
WCYKMVHQFDGRLITNEASP,0.7483480806203626,0.8242753623188406,binary,resnet,deeploc
WCYKMVHQFDGRLITNEASP,0.7432744278973467,0.8286852589641435,binary,custom,deeploc
WCYKMVHQFDGRLITNEASP,0.7702450812147189,0.8040100250626566,binary,resnet,deeploc
WCYKMVHQFDGRLITNEASP,0.7476372251102906,0.8325231992929739,binary,custom,deeploc
WCYKMVHQFDGRLITNEASP,0.7403807785786238,0.8263950398582817,binary,resnet,deeploc
WCYKMVHQFDGRLITNEASP,0.7502629956106939,0.8299015219337511,binary,custom,deeploc
WCYKMVHQFDGRLITNEASP,0.6874084398570197,0.8082249265631557,binary,resnet,deeploc
WCYKMVHQFDGRLITNEASP,0.7421610565587058,0.8251561106155219,binary,custom,deeploc
WCYKMVHQFDGRLITNEASP,0.7264343375998616,0.7151720248166948,binary,resnet,deeploc
WCYKMVHQFDGRLITNEASP,0.7420278147506356,0.8269742679680568,binary,custom,deeploc
WCYKMVHQFDGRLITNEASP,0.7361512231737503,0.8206958073148974,binary,resnet,deeploc
WCYKMVHQFDGRLITNEASP,0.7427847119326062,0.8281665190434012,binary,custom,deeploc
WCYKMVHQFDGRLITNEASP,0.7699332535277688,0.8022143935581278,binary,resnet,deeploc
WCYKMVHQFDGRLITNEASP,0.7444317481046179,0.8287488908606921,binary,custom,deeploc
WCYKMVHQFDGRLITNEASP,0.7592962321169962,0.8122605363984674,binary,resnet,deeploc
WCYKMVHQFDGRLITNEASP,0.7445649899126883,0.8269402319357716,binary,custom,deeploc
WCYKMVHQFDGRLITNEASP,0.6876979443091098,0.5972495088408645,binary,resnet,deeploc
WCYKMVHQFDGRLITNEASP,0.7433630232356971,0.8260481712756468,binary,custom,deeploc
WCYKMVHQFDGRLITNEASP,0.7679792728764325,0.8333333333333334,binary,resnet,deeploc
WCYKMVHQFDGRLITNEASP,0.7441645668873877,0.8280764104842292,binary,custom,deeploc
WCYKMVHQFDGRLITNEASP,0.7061062418555073,0.8244592346089851,binary,resnet,deeploc
WCYKMVHQFDGRLITNEASP,0.7506194697673639,0.8322207387627948,binary,custom,deeploc
WCYKMVHQFDGRLITNEASP,0.752530199151159,0.8109900521080057,binary,resnet,deeploc
WCYKMVHQFDGRLITNEASP,0.7501297538026235,0.8317008014247551,binary,custom,deeploc
WCYKMVHQFDGRLITNEASP,0.7424714890434773,0.8178506375227687,binary,resnet,deeploc
WCYKMVHQFDGRLITNEASP,0.7495960889692524,0.8345831495368328,binary,custom,deeploc
WCYKMVHQFDGRLITNEASP,0.7646852005324092,0.8321100917431192,binary,resnet,deeploc
WCYKMVHQFDGRLITNEASP,0.7500851073329036,0.8308790718429273,binary,custom,deeploc
WCYKMVHQFDGRLITNEASP,0.7693514542192309,0.7773019271948608,binary,resnet,deeploc
WCYKMVHQFDGRLITNEASP,0.742517530715376,0.8274944567627495,binary,custom,deeploc
WCYKMVHQFDGRLITNEASP,0.7650814379511736,0.8023892483822798,binary,resnet,deeploc
WCYKMVHQFDGRLITNEASP,0.73775570567931,0.8331892826274849,binary,custom,deeploc
WCYKMVHQFDGRLITNEASP,0.714563957463076,0.8270361041141897,binary,resnet,deeploc
WCYKMVHQFDGRLITNEASP,0.7460787842766295,0.8293333333333334,binary,custom,deeploc
WCYKMVHQFDGRLITNEASP,0.7585386373339359,0.806028196402528,binary,resnet,deeploc
WCYKMVHQFDGRLITNEASP,0.7492396148125826,0.8322981366459627,binary,custom,deeploc
WCYKMVHQFDGRLITNEASP,0.766153650825541,0.8293135435992579,binary,resnet,deeploc
WCYKMVHQFDGRLITNEASP,0.7550262158489387,0.8326603858232391,binary,custom,deeploc
WCYKMVHQFDGRLITNEASP,0.7346688208588306,0.7103128621089224,binary,resnet,deeploc
WCYKMVHQFDGRLITNEASP,0.7385558541288217,0.8267959453503746,binary,custom,deeploc
WCYKMVHQFDGRLITNEASP,0.7593848274553466,0.8092708836310961,binary,resnet,deeploc
WCYKMVHQFDGRLITNEASP,0.7464345608322103,0.8273703041144902,binary,custom,deeploc
WCYKMVHQFDGRLITNEASP,0.7267887189532636,0.6967741935483871,binary,resnet,deeploc
WCYKMVHQFDGRLITNEASP,0.7473253974233405,0.8310421286031042,binary,custom,deeploc
WCYKMVHQFDGRLITNEASP,0.7587618696825358,0.8107588856868396,binary,resnet,deeploc
WCYKMVHQFDGRLITNEASP,0.7451439988168685,0.8291167332445628,binary,custom,deeploc
WCYKMVHQFDGRLITNEASP,0.7450547058774287,0.8274632189032546,binary,resnet,deeploc
WCYKMVHQFDGRLITNEASP,0.7435855579832072,0.8258928571428571,binary,custom,deeploc
WCYKMVHQFDGRLITNEASP,0.7267043092214494,0.7430997876857749,binary,resnet,deeploc
WCYKMVHQFDGRLITNEASP,0.7467463885191604,0.8288770053475936,binary,custom,deeploc
WCYKMVHQFDGRLITNEASP,0.7770592486557227,0.8304924242424242,binary,resnet,deeploc
WCYKMVHQFDGRLITNEASP,0.7456783612513289,0.8304559539619301,binary,custom,deeploc
WCYKMVHQFDGRLITNEASP,0.7137882250516923,0.667070952092177,binary,resnet,deeploc
WCYKMVHQFDGRLITNEASP,0.7482155364133817,0.8304405874499332,binary,custom,deeploc
WCYKMVHQFDGRLITNEASP,0.7505294792268348,0.8262443438914027,binary,resnet,deeploc
WCYKMVHQFDGRLITNEASP,0.7468796303272307,0.8270609318996416,binary,custom,deeploc
WCYKMVHQFDGRLITNEASP,0.7191911454888927,0.8145550197281894,binary,resnet,deeploc
WCYKMVHQFDGRLITNEASP,0.7419831682809155,0.8261449533125834,binary,custom,deeploc
WCYKMVHQFDGRLITNEASP,0.7706489922454662,0.826968411126827,binary,resnet,deeploc
WCYKMVHQFDGRLITNEASP,0.7512870740098948,0.8317715305667113,binary,custom,deeploc
WCYKMVHQFDGRLITNEASP,0.7585839814047455,0.8118717089516515,binary,resnet,deeploc
WCYKMVHQFDGRLITNEASP,0.7495067960298126,0.8329641116526363,binary,custom,deeploc
WCYKMVHQFDGRLITNEASP,0.743935753730073,0.7850746268656716,binary,resnet,deeploc
WCYKMVHQFDGRLITNEASP,0.7441199204176676,0.8272484416740873,binary,custom,deeploc
WCYKMVHQFDGRLITNEASP,0.7460327426047308,0.8197170241898677,binary,resnet,deeploc
WCYKMVHQFDGRLITNEASP,0.7481708899436618,0.8296164139161463,binary,custom,deeploc
WCYKMVHQFDGRLITNEASP,0.7332136249863969,0.821917808219178,binary,resnet,deeploc
WCYKMVHQFDGRLITNEASP,0.7491056754034227,0.8298347476552033,binary,custom,deeploc
WCYKMVHQFDGRLITNEASP,0.6923055995044242,0.8132051817801922,binary,resnet,deeploc
WCYKMVHQFDGRLITNEASP,0.7433190743670666,0.8295053003533569,binary,custom,deeploc
WCYKMVHQFDGRLITNEASP,0.7394808731733316,0.7552966101694916,binary,resnet,deeploc
WCYKMVHQFDGRLITNEASP,0.745277240624939,0.8273092369477911,binary,custom,deeploc
WCYKMVHQFDGRLITNEASP,0.7337451970164997,0.8051827857473391,binary,resnet,deeploc
WCYKMVHQFDGRLITNEASP,0.7399803555533231,0.827525363917071,binary,custom,deeploc
WCYKMVHQFDGRLITNEASP,0.7393008920922731,0.7375964718853363,binary,resnet,deeploc
WCYKMVHQFDGRLITNEASP,0.7489724335953523,0.8316303864948912,binary,custom,deeploc
WCYKMVHQFDGRLITNEASP,0.7564918757377131,0.8116356700047688,binary,resnet,deeploc
WCYKMVHQFDGRLITNEASP,0.7473246998222512,0.8267504488330341,binary,custom,deeploc
WCYKMVHQFDGRLITNEASP,0.741403461775646,0.819538670284939,binary,resnet,deeploc
WCYKMVHQFDGRLITNEASP,0.7430965396195564,0.8296557811120918,binary,custom,deeploc
WCYKMVHQFDGRLITNEASP,0.7442426982093976,0.7457627118644068,binary,resnet,deeploc
WCYKMVHQFDGRLITNEASP,0.7463459654938596,0.8300044385264093,binary,custom,deeploc
WCYKMVHQFDGRLITNEASP,0.7717170195132977,0.8252611585944919,binary,resnet,deeploc
WCYKMVHQFDGRLITNEASP,0.7446096363824082,0.8277703604806409,binary,custom,deeploc
WCYKMVHQFDGRLITNEASP,0.7391781143005431,0.8211564320932317,binary,resnet,deeploc
WCYKMVHQFDGRLITNEASP,0.7386897935379817,0.829246935201401,binary,custom,deeploc
WCYKMVHQFDGRLITNEASP,0.7461583108008181,0.7598299681190224,binary,resnet,deeploc
WCYKMVHQFDGRLITNEASP,0.7515096087574051,0.8316212594908441,binary,custom,deeploc
WCYKMVHQFDGRLITNEASP,0.687409137458109,0.812448132780083,binary,resnet,deeploc
WCYKMVHQFDGRLITNEASP,0.74688032792832,0.8313413014608234,binary,custom,deeploc
WCYKMVHQFDGRLITNEASP,0.7438980832712467,0.8316483516483516,binary,resnet,deeploc
WCYKMVHQFDGRLITNEASP,0.7457230077210488,0.8312720848056537,binary,custom,deeploc
WCYKMVHQFDGRLITNEASP,0.7347281169514274,0.8285465622280244,binary,resnet,deeploc
WCYKMVHQFDGRLITNEASP,0.7402028903008335,0.8273730684326711,binary,custom,deeploc
WCYKMVHQFDGRLITNEASP,0.7630786252235812,0.8041440552540701,binary,resnet,deeploc
WCYKMVHQFDGRLITNEASP,0.7422949959678657,0.8276473194505981,binary,custom,deeploc
WCYKMVHQFDGRLITNEASP,0.736862078683822,0.8120713305898491,binary,resnet,deeploc
WCYKMVHQFDGRLITNEASP,0.7460341378069095,0.8285077951002228,binary,custom,deeploc
WCYKMVHQFDGRLITNEASP,0.7439859810085081,0.8247422680412371,binary,resnet,deeploc
WCYKMVHQFDGRLITNEASP,0.748660605908402,0.8301382077574677,binary,custom,deeploc
WCYKMVHQFDGRLITNEASP,0.7600538269000563,0.8183105238319962,binary,resnet,deeploc
WCYKMVHQFDGRLITNEASP,0.738289370512681,0.8303532490187527,binary,custom,deeploc
WCYKMVHQFDGRLITNEASP,0.75799939169185,0.765843179377014,binary,resnet,deeploc
WCYKMVHQFDGRLITNEASP,0.7466131467110899,0.8306737588652482,binary,custom,deeploc
WCYKMVHQFDGRLITNEASP,0.7753222219431817,0.8234728234728235,binary,resnet,deeploc
WCYKMVHQFDGRLITNEASP,0.7394906395885827,0.8270079435127978,binary,custom,deeploc
WCYKMVHQFDGRLITNEASP,0.7742527994731716,0.8156862745098039,binary,resnet,deeploc
WCYKMVHQFDGRLITNEASP,0.7449661105390782,0.8300884955752212,binary,custom,deeploc
WCYKMVHQFDGRLITNEASP,0.759788738486094,0.8311333636777424,binary,resnet,deeploc
WCYKMVHQFDGRLITNEASP,0.7469689232666706,0.8287243532560215,binary,custom,deeploc
WCYKMVHQFDGRLITNEASP,0.7531015344433563,0.7528767123287671,binary,resnet,deeploc
WCYKMVHQFDGRLITNEASP,0.7450547058774287,0.8274632189032546,binary,custom,deeploc
WCYKMVHQFDGRLITNEASP,0.7303220684709422,0.8322663252240717,binary,resnet,deeploc
WCYKMVHQFDGRLITNEASP,0.7455890683118891,0.8288128056914184,binary,custom,deeploc
WCYKMVHQFDGRLITNEASP,0.7326213616615185,0.7119033927544566,binary,resnet,deeploc
WCYKMVHQFDGRLITNEASP,0.7475032857011308,0.8300711743772242,binary,custom,deeploc
WCYKMVHQFDGRLITNEASP,0.7407365551342046,0.8244206773618539,binary,resnet,deeploc
WCYKMVHQFDGRLITNEASP,0.7441213156198465,0.8356521739130435,binary,custom,deeploc
WCYKMVHQFDGRLITNEASP,0.7046629052015927,0.6666666666666666,binary,resnet,deeploc
WCYKMVHQFDGRLITNEASP,0.746079481877719,0.8335529205094423,binary,custom,deeploc
WCYKMVHQFDGRLITNEASP,0.7710501128718563,0.8302945301542777,binary,resnet,deeploc
WCYKMVHQFDGRLITNEASP,0.7509305998532247,0.829443447037702,binary,custom,deeploc
WCYKMVHQFDGRLITNEASP,0.7470484497908592,0.7588046958377801,binary,resnet,deeploc
WCYKMVHQFDGRLITNEASP,0.7510198927926647,0.8310991957104558,binary,custom,deeploc
WCYKMVHQFDGRLITNEASP,0.7562253921215722,0.8156529938708157,binary,resnet,deeploc
WCYKMVHQFDGRLITNEASP,0.7472807509536207,0.8302222222222222,binary,custom,deeploc
WCYKMVHQFDGRLITNEASP,0.7301406921877049,0.8117381489841986,binary,resnet,deeploc
WCYKMVHQFDGRLITNEASP,0.7370867062346004,0.8252427184466019,binary,custom,deeploc
WCYKMVHQFDGRLITNEASP,0.678883754544871,0.5911458333333334,binary,resnet,deeploc
WCYKMVHQFDGRLITNEASP,0.7467463885191604,0.8288770053475936,binary,custom,deeploc
WCYKMVHQFDGRLITNEASP,0.7456755708469716,0.8126452812645282,binary,resnet,deeploc
WCYKMVHQFDGRLITNEASP,0.7507527115754343,0.8304250559284116,binary,custom,deeploc
WCYKMVHQFDGRLITNEASP,0.7679346264067125,0.8324873096446701,binary,resnet,deeploc
WCYKMVHQFDGRLITNEASP,0.7430958420184669,0.825368468066101,binary,custom,deeploc
WCYKMVHQFDGRLITNEASP,0.7536003192222585,0.8231511254019293,binary,resnet,deeploc
WCYKMVHQFDGRLITNEASP,0.7467017420494403,0.8280482358195623,binary,custom,deeploc
WCYKMVHQFDGRLITNEASP,0.7134505861244353,0.8236786469344609,binary,resnet,deeploc
WCYKMVHQFDGRLITNEASP,0.7451439988168685,0.8291167332445628,binary,custom,deeploc
WCYKMVHQFDGRLITNEASP,0.7451767860680693,0.7392996108949417,binary,resnet,deeploc
WCYKMVHQFDGRLITNEASP,0.7522665059393756,0.8328131966116807,binary,custom,deeploc
WCYKMVHQFDGRLITNEASP,0.7595585301266006,0.7760252365930599,binary,resnet,deeploc
WCYKMVHQFDGRLITNEASP,0.7472807509536207,0.8302222222222222,binary,custom,deeploc
WCYKMVHQFDGRLITNEASP,0.7620601276330952,0.8389982110912343,binary,resnet,deeploc
WCYKMVHQFDGRLITNEASP,0.7390455700935623,0.8273127753303965,binary,custom,deeploc
WCYKMVHQFDGRLITNEASP,0.7569801965002749,0.8023483365949119,binary,resnet,deeploc
WCYKMVHQFDGRLITNEASP,0.7386897935379817,0.829246935201401,binary,custom,deeploc
WCYKMVHQFDGRLITNEASP,0.7370860086335111,0.8209021884769987,binary,resnet,deeploc
WCYKMVHQFDGRLITNEASP,0.742517530715376,0.8274944567627495,binary,custom,deeploc
WCYKMVHQFDGRLITNEASP,0.7270259033236506,0.8185022026431719,binary,resnet,deeploc
WCYKMVHQFDGRLITNEASP,0.7433630232356971,0.8260481712756468,binary,custom,deeploc
WCYKMVHQFDGRLITNEASP,0.7339712197694568,0.8273757628596339,binary,resnet,deeploc
WCYKMVHQFDGRLITNEASP,0.7468356814586001,0.8305235137533274,binary,custom,deeploc
WCYKMVHQFDGRLITNEASP,0.7412625463555924,0.7653167185877466,binary,resnet,deeploc
WCYKMVHQFDGRLITNEASP,0.7453665335643787,0.8289649044868947,binary,custom,deeploc
WCYKMVHQFDGRLITNEASP,0.7510198927926647,0.8310991957104558,binary,resnet,deeploc
WCYKMVHQFDGRLITNEASP,0.7489277871256323,0.8308103294746215,binary,custom,deeploc
WCYKMVHQFDGRLITNEASP,0.7286603826760536,0.7191011235955056,binary,resnet,deeploc
WCYKMVHQFDGRLITNEASP,0.7447875246601986,0.8267857142857142,binary,custom,deeploc
WCYKMVHQFDGRLITNEASP,0.7490491697151833,0.7369014084507042,binary,resnet,deeploc
WCYKMVHQFDGRLITNEASP,0.7459448448674698,0.8268456375838926,binary,custom,deeploc
WCYKMVHQFDGRLITNEASP,0.7629509642242258,0.8425720620842572,binary,resnet,deeploc
WCYKMVHQFDGRLITNEASP,0.7466577931808098,0.8314904909332154,binary,custom,deeploc
WCYKMVHQFDGRLITNEASP,0.7646817125269624,0.8088019559902201,binary,resnet,deeploc
WCYKMVHQFDGRLITNEASP,0.7499072190551133,0.8318505338078291,binary,custom,deeploc
WCYKMVHQFDGRLITNEASP,0.767846031068362,0.8351648351648352,binary,resnet,deeploc
WCYKMVHQFDGRLITNEASP,0.7419392194122849,0.8295904887714664,binary,custom,deeploc
WCYKMVHQFDGRLITNEASP,0.746921486392593,0.8097698449976515,binary,resnet,deeploc
WCYKMVHQFDGRLITNEASP,0.747815113388081,0.8315602836879432,binary,custom,deeploc
WCYKMVHQFDGRLITNEASP,0.7263150478135787,0.8266666666666667,binary,resnet,deeploc
WCYKMVHQFDGRLITNEASP,0.7427400654628862,0.8273413226808699,binary,custom,deeploc
WCYKMVHQFDGRLITNEASP,0.7469249743980401,0.8321554770318021,binary,resnet,deeploc
