encoding,auroc,f1,task,model,dataset
WCYKMVHQFDGRLITNEASP,0.7972490284445315,0.8091603053435115,binary,custom,immune
WCYKMVHQFDGRLITNEASP,0.8478291042095294,0.8676867686768677,binary,resnet,immune
WCYKMVHQFDGRLITNEASP,0.8093853074687306,0.8206106870229007,binary,custom,immune
WCYKMVHQFDGRLITNEASP,0.828757225433526,0.8501805054151624,binary,resnet,immune
WCYKMVHQFDGRLITNEASP,0.8141022500898079,0.8220502901353965,binary,custom,immune
WCYKMVHQFDGRLITNEASP,0.7364084288560138,0.7934426229508197,binary,resnet,immune
WCYKMVHQFDGRLITNEASP,0.8018700401685118,0.8108108108108109,binary,custom,immune
WCYKMVHQFDGRLITNEASP,0.876334868227687,0.8895027624309392,binary,resnet,immune
WCYKMVHQFDGRLITNEASP,0.7990798798210379,0.811787072243346,binary,custom,immune
WCYKMVHQFDGRLITNEASP,0.838970804349956,0.8624667258207631,binary,resnet,immune
WCYKMVHQFDGRLITNEASP,0.8058195356128147,0.815028901734104,binary,custom,immune
WCYKMVHQFDGRLITNEASP,0.8693033375787858,0.8829493087557604,binary,resnet,immune
WCYKMVHQFDGRLITNEASP,0.8078422487835145,0.8169556840077071,binary,custom,immune
WCYKMVHQFDGRLITNEASP,0.8877914666405408,0.8960302457466919,binary,resnet,immune
WCYKMVHQFDGRLITNEASP,0.802161915025636,0.8144624167459562,binary,custom,immune
WCYKMVHQFDGRLITNEASP,0.878053460043761,0.878968253968254,binary,resnet,immune
WCYKMVHQFDGRLITNEASP,0.8024537898827602,0.8180112570356473,binary,custom,immune
WCYKMVHQFDGRLITNEASP,0.8875914405146794,0.8901960784313725,binary,resnet,immune
WCYKMVHQFDGRLITNEASP,0.8158371705692171,0.825,binary,custom,immune
WCYKMVHQFDGRLITNEASP,0.8349253780085564,0.8589174800354925,binary,resnet,immune
WCYKMVHQFDGRLITNEASP,0.8107324221939192,0.8203650336215178,binary,custom,immune
WCYKMVHQFDGRLITNEASP,0.852741990790634,0.8725314183123878,binary,resnet,immune
WCYKMVHQFDGRLITNEASP,0.804860226641847,0.8185255198487713,binary,custom,immune
WCYKMVHQFDGRLITNEASP,0.8577467261030012,0.8738574040219378,binary,resnet,immune
WCYKMVHQFDGRLITNEASP,0.817088354397309,0.8251207729468599,binary,custom,immune
WCYKMVHQFDGRLITNEASP,0.8518745305509291,0.8712871287128713,binary,resnet,immune
WCYKMVHQFDGRLITNEASP,0.8158371705692171,0.825,binary,custom,immune
WCYKMVHQFDGRLITNEASP,0.8522296789784788,0.8430962343096234,binary,resnet,immune
WCYKMVHQFDGRLITNEASP,0.8121754678162048,0.8197674418604651,binary,custom,immune
WCYKMVHQFDGRLITNEASP,0.8616962215473041,0.8777372262773723,binary,resnet,immune
WCYKMVHQFDGRLITNEASP,0.7950385356454721,0.8126747437092264,binary,custom,immune
WCYKMVHQFDGRLITNEASP,0.8688155187616342,0.8774928774928775,binary,resnet,immune
WCYKMVHQFDGRLITNEASP,0.8074585251951276,0.8183556405353728,binary,custom,immune
WCYKMVHQFDGRLITNEASP,0.881431452271317,0.887823585810163,binary,resnet,immune
WCYKMVHQFDGRLITNEASP,0.8108324352568499,0.8245283018867925,binary,custom,immune
WCYKMVHQFDGRLITNEASP,0.8880792593318312,0.8954372623574145,binary,resnet,immune
WCYKMVHQFDGRLITNEASP,0.8110202148852095,0.8193236714975846,binary,custom,immune
WCYKMVHQFDGRLITNEASP,0.8664968485679762,0.8692232055063913,binary,resnet,immune
WCYKMVHQFDGRLITNEASP,0.807650386989321,0.817658349328215,binary,custom,immune
WCYKMVHQFDGRLITNEASP,0.881907024590967,0.883399209486166,binary,resnet,immune
WCYKMVHQFDGRLITNEASP,0.8098649619542145,0.8188824662813102,binary,custom,immune
WCYKMVHQFDGRLITNEASP,0.8769941380098626,0.8780971258671952,binary,resnet,immune
WCYKMVHQFDGRLITNEASP,0.8111202279481402,0.8235294117647058,binary,custom,immune
WCYKMVHQFDGRLITNEASP,0.8858606022011037,0.8908212560386474,binary,resnet,immune
WCYKMVHQFDGRLITNEASP,0.8075544560922243,0.8180076628352491,binary,custom,immune
WCYKMVHQFDGRLITNEASP,0.859861288004964,0.8720821661998133,binary,resnet,immune
WCYKMVHQFDGRLITNEASP,0.8172842983573365,0.8288973384030418,binary,custom,immune
WCYKMVHQFDGRLITNEASP,0.8791086999118252,0.8762677484787018,binary,resnet,immune
WCYKMVHQFDGRLITNEASP,0.7978286959929461,0.8117313150425733,binary,custom,immune
WCYKMVHQFDGRLITNEASP,0.8757511185134385,0.884469696969697,binary,resnet,immune
WCYKMVHQFDGRLITNEASP,0.8168005617060188,0.8261287223823247,binary,custom,immune
WCYKMVHQFDGRLITNEASP,0.8660294405799941,0.8807339449541285,binary,resnet,immune
WCYKMVHQFDGRLITNEASP,0.8165127690147285,0.8271251193887297,binary,custom,immune
WCYKMVHQFDGRLITNEASP,0.8850931550243297,0.8924833491912464,binary,resnet,immune
WCYKMVHQFDGRLITNEASP,0.8098649619542145,0.8188824662813102,binary,custom,immune
WCYKMVHQFDGRLITNEASP,0.8571670585545866,0.871889400921659,binary,resnet,immune
WCYKMVHQFDGRLITNEASP,0.8058195356128147,0.815028901734104,binary,custom,immune
WCYKMVHQFDGRLITNEASP,0.8732365043597532,0.8733798604187437,binary,resnet,immune
WCYKMVHQFDGRLITNEASP,0.7972490284445315,0.8091603053435115,binary,custom,immune
WCYKMVHQFDGRLITNEASP,0.8733487639201856,0.8866359447004608,binary,resnet,immune
WCYKMVHQFDGRLITNEASP,0.8110242970510433,0.8238636363636364,binary,custom,immune
WCYKMVHQFDGRLITNEASP,0.8809477156199993,0.8856589147286822,binary,resnet,immune
WCYKMVHQFDGRLITNEASP,0.8009107311975442,0.8143939393939394,binary,custom,immune
WCYKMVHQFDGRLITNEASP,0.8756551876163418,0.8846880907372401,binary,resnet,immune
WCYKMVHQFDGRLITNEASP,0.8262385291140069,0.8336557059961315,binary,custom,immune
WCYKMVHQFDGRLITNEASP,0.8858606022011037,0.8908212560386474,binary,resnet,immune
WCYKMVHQFDGRLITNEASP,0.7964856634335913,0.8165898617511521,binary,custom,immune
WCYKMVHQFDGRLITNEASP,0.8309718003984193,0.8514492753623188,binary,resnet,immune
WCYKMVHQFDGRLITNEASP,0.7968653048561445,0.8106060606060606,binary,custom,immune
WCYKMVHQFDGRLITNEASP,0.8802680350086542,0.8804780876494024,binary,resnet,immune
WCYKMVHQFDGRLITNEASP,0.8051480193331374,0.8174904942965779,binary,custom,immune
WCYKMVHQFDGRLITNEASP,0.8845971718755102,0.8802456499488229,binary,resnet,immune
WCYKMVHQFDGRLITNEASP,0.8143900427810978,0.8210116731517509,binary,custom,immune
WCYKMVHQFDGRLITNEASP,0.8821029685509943,0.8862973760932945,binary,resnet,immune
WCYKMVHQFDGRLITNEASP,0.8155493778779269,0.8260038240917782,binary,custom,immune
WCYKMVHQFDGRLITNEASP,0.8752673818621207,0.8822966507177034,binary,resnet,immune
WCYKMVHQFDGRLITNEASP,0.810444629502629,0.8213944603629417,binary,custom,immune
WCYKMVHQFDGRLITNEASP,0.856683321903269,0.8696461824953445,binary,resnet,immune
WCYKMVHQFDGRLITNEASP,0.8115039515365272,0.8221797323135756,binary,custom,immune
WCYKMVHQFDGRLITNEASP,0.8117203063257242,0.8458904109589042,binary,resnet,immune
WCYKMVHQFDGRLITNEASP,0.818247689494138,0.8300094966761633,binary,custom,immune
WCYKMVHQFDGRLITNEASP,0.8641067404722249,0.8818755635707844,binary,resnet,immune
WCYKMVHQFDGRLITNEASP,0.8123673296103981,0.8190661478599222,binary,custom,immune
WCYKMVHQFDGRLITNEASP,0.8573507560171125,0.8642925890279115,binary,resnet,immune
WCYKMVHQFDGRLITNEASP,0.8103486986055322,0.8217349857006673,binary,custom,immune
WCYKMVHQFDGRLITNEASP,0.8500477613402567,0.8723404255319149,binary,resnet,immune
WCYKMVHQFDGRLITNEASP,0.807654469155155,0.8222013170272813,binary,custom,immune
WCYKMVHQFDGRLITNEASP,0.8278019986283922,0.856396866840731,binary,resnet,immune
WCYKMVHQFDGRLITNEASP,0.8011025929917377,0.8136882129277566,binary,custom,immune
WCYKMVHQFDGRLITNEASP,0.861020623101793,0.8760330578512396,binary,resnet,immune
WCYKMVHQFDGRLITNEASP,0.8139103882956141,0.8227360308285164,binary,custom,immune
WCYKMVHQFDGRLITNEASP,0.8717934587374677,0.8735177865612648,binary,resnet,immune
WCYKMVHQFDGRLITNEASP,0.8220971718755102,0.8301158301158301,binary,custom,immune
WCYKMVHQFDGRLITNEASP,0.8656457169916071,0.8816029143897997,binary,resnet,immune
WCYKMVHQFDGRLITNEASP,0.8057236047157179,0.8153846153846154,binary,custom,immune
WCYKMVHQFDGRLITNEASP,0.840509780869338,0.8620071684587813,binary,resnet,immune
WCYKMVHQFDGRLITNEASP,0.8226768394239247,0.8325358851674641,binary,custom,immune
WCYKMVHQFDGRLITNEASP,0.8685277260703439,0.8781869688385269,binary,resnet,immune
WCYKMVHQFDGRLITNEASP,0.8220971718755102,0.8301158301158301,binary,custom,immune
WCYKMVHQFDGRLITNEASP,0.8841256817216943,0.8882410106899903,binary,resnet,immune
WCYKMVHQFDGRLITNEASP,0.7980205577871397,0.8110161443494777,binary,custom,immune
WCYKMVHQFDGRLITNEASP,0.8895223049541164,0.8954937679769894,binary,resnet,immune
WCYKMVHQFDGRLITNEASP,0.8128510662617159,0.821944177093359,binary,custom,immune
WCYKMVHQFDGRLITNEASP,0.8684358773390811,0.8817005545286506,binary,resnet,immune
WCYKMVHQFDGRLITNEASP,0.8156453087750236,0.8256704980842912,binary,custom,immune
WCYKMVHQFDGRLITNEASP,0.8691114757845922,0.8833792470156107,binary,resnet,immune
WCYKMVHQFDGRLITNEASP,0.8187273439796219,0.8283796740172579,binary,custom,immune
WCYKMVHQFDGRLITNEASP,0.8159535122954835,0.8451443569553806,binary,resnet,immune
WCYKMVHQFDGRLITNEASP,0.8141981809869043,0.8217054263565892,binary,custom,immune
WCYKMVHQFDGRLITNEASP,0.8812395904771235,0.8882521489971347,binary,resnet,immune
WCYKMVHQFDGRLITNEASP,0.8145859867411254,0.8248803827751197,binary,custom,immune
WCYKMVHQFDGRLITNEASP,0.8236606413898958,0.8531711555169418,binary,resnet,immune
WCYKMVHQFDGRLITNEASP,0.8199785278077136,0.8285163776493256,binary,custom,immune
WCYKMVHQFDGRLITNEASP,0.8874955096175827,0.8904109589041096,binary,resnet,immune
WCYKMVHQFDGRLITNEASP,0.8283571731818034,0.8352713178294574,binary,custom,immune
WCYKMVHQFDGRLITNEASP,0.8546646908984031,0.8712328767123287,binary,resnet,immune
WCYKMVHQFDGRLITNEASP,0.8112161588452369,0.8231939163498099,binary,custom,immune
WCYKMVHQFDGRLITNEASP,0.8538972437216289,0.873087308730873,binary,resnet,immune
WCYKMVHQFDGRLITNEASP,0.8153534339178994,0.8221574344023324,binary,custom,immune
WCYKMVHQFDGRLITNEASP,0.8688114365958003,0.874031007751938,binary,resnet,immune
WCYKMVHQFDGRLITNEASP,0.8088056399203162,0.8180943214629451,binary,custom,immune
WCYKMVHQFDGRLITNEASP,0.8726690833088403,0.8817407757805109,binary,resnet,immune
WCYKMVHQFDGRLITNEASP,0.8083300676006661,0.8242990654205608,binary,custom,immune
WCYKMVHQFDGRLITNEASP,0.8749755070049965,0.8796116504854369,binary,resnet,immune
WCYKMVHQFDGRLITNEASP,0.8071707325038373,0.8193916349809885,binary,custom,immune
WCYKMVHQFDGRLITNEASP,0.8825867052023122,0.8884615384615384,binary,resnet,immune
WCYKMVHQFDGRLITNEASP,0.8077463178864179,0.8173076923076923,binary,custom,immune
WCYKMVHQFDGRLITNEASP,0.878645374089677,0.8907407407407407,binary,resnet,immune
WCYKMVHQFDGRLITNEASP,0.8121795499820385,0.8243114909781576,binary,custom,immune
WCYKMVHQFDGRLITNEASP,0.8670805982822246,0.874880611270296,binary,resnet,immune
WCYKMVHQFDGRLITNEASP,0.8082300545377356,0.8201712654614652,binary,custom,immune
WCYKMVHQFDGRLITNEASP,0.7878437183632148,0.8356500408830744,binary,resnet,immune
WCYKMVHQFDGRLITNEASP,0.8123714117762321,0.8236415633937083,binary,custom,immune
WCYKMVHQFDGRLITNEASP,0.7940955553378402,0.832625318606627,binary,resnet,immune
WCYKMVHQFDGRLITNEASP,0.8052439502302341,0.8171428571428572,binary,custom,immune
WCYKMVHQFDGRLITNEASP,0.8682358512132196,0.8754789272030651,binary,resnet,immune
WCYKMVHQFDGRLITNEASP,0.8025497207798569,0.8176691729323309,binary,custom,immune
WCYKMVHQFDGRLITNEASP,0.8636230038209072,0.8797814207650273,binary,resnet,immune
WCYKMVHQFDGRLITNEASP,0.8093853074687306,0.8206106870229007,binary,custom,immune
WCYKMVHQFDGRLITNEASP,0.8614084288560139,0.8784029038112523,binary,resnet,immune
WCYKMVHQFDGRLITNEASP,0.811983606022011,0.8204633204633205,binary,custom,immune
WCYKMVHQFDGRLITNEASP,0.8820070376538977,0.8865179437439379,binary,resnet,immune
WCYKMVHQFDGRLITNEASP,0.8123673296103981,0.8190661478599222,binary,custom,immune
WCYKMVHQFDGRLITNEASP,0.8777656673524705,0.8796844181459567,binary,resnet,immune
WCYKMVHQFDGRLITNEASP,0.8192069984651057,0.8267182962245886,binary,custom,immune
WCYKMVHQFDGRLITNEASP,0.8793128082035204,0.8861244019138756,binary,resnet,immune
WCYKMVHQFDGRLITNEASP,0.8047683779105843,0.8233117483811286,binary,custom,immune
WCYKMVHQFDGRLITNEASP,0.867068351784723,0.8638211382113821,binary,resnet,immune
WCYKMVHQFDGRLITNEASP,0.8053398811273309,0.816793893129771,binary,custom,immune
WCYKMVHQFDGRLITNEASP,0.8473494497240455,0.8688670829616414,binary,resnet,immune
WCYKMVHQFDGRLITNEASP,0.8029293622024101,0.8115942028985508,binary,custom,immune
WCYKMVHQFDGRLITNEASP,0.8762389373305901,0.8897058823529411,binary,resnet,immune
WCYKMVHQFDGRLITNEASP,0.8098690441200483,0.8234183191690274,binary,custom,immune
WCYKMVHQFDGRLITNEASP,0.8725690702459097,0.8786127167630058,binary,resnet,immune
WCYKMVHQFDGRLITNEASP,0.8137185265014206,0.8234165067178503,binary,custom,immune
WCYKMVHQFDGRLITNEASP,0.8671846935109891,0.8813247470101196,binary,resnet,immune
WCYKMVHQFDGRLITNEASP,0.8040886972992392,0.8167141500474834,binary,custom,immune
WCYKMVHQFDGRLITNEASP,0.8747877273766368,0.8834123222748815,binary,resnet,immune
WCYKMVHQFDGRLITNEASP,0.8111161457823063,0.818973862536302,binary,custom,immune
WCYKMVHQFDGRLITNEASP,0.8809436334541655,0.8822947576656776,binary,resnet,immune
WCYKMVHQFDGRLITNEASP,0.8126592044675223,0.822627037392138,binary,custom,immune
WCYKMVHQFDGRLITNEASP,0.8546646908984031,0.8712328767123287,binary,resnet,immune
WCYKMVHQFDGRLITNEASP,0.8062073413670358,0.8182683158896289,binary,custom,immune
WCYKMVHQFDGRLITNEASP,0.8543728160412789,0.8685185185185185,binary,resnet,immune
WCYKMVHQFDGRLITNEASP,0.8133348029130336,0.8247619047619048,binary,custom,immune
WCYKMVHQFDGRLITNEASP,0.853505355801574,0.8672237697307336,binary,resnet,immune
WCYKMVHQFDGRLITNEASP,0.8193029293622024,0.8263821532492726,binary,custom,immune
WCYKMVHQFDGRLITNEASP,0.8804639789686817,0.8834476003917727,binary,resnet,immune
WCYKMVHQFDGRLITNEASP,0.8171842852944058,0.8247821878025169,binary,custom,immune
WCYKMVHQFDGRLITNEASP,0.8652538290715522,0.8759398496240601,binary,resnet,immune
WCYKMVHQFDGRLITNEASP,0.808038192743542,0.8208530805687204,binary,custom,immune
WCYKMVHQFDGRLITNEASP,0.8687114235328696,0.8706811451135242,binary,resnet,immune
WCYKMVHQFDGRLITNEASP,0.8131388589530061,0.8209099709583737,binary,custom,immune
WCYKMVHQFDGRLITNEASP,0.8820070376538977,0.8865179437439379,binary,resnet,immune
WCYKMVHQFDGRLITNEASP,0.8123714117762321,0.8236415633937083,binary,custom,immune
WCYKMVHQFDGRLITNEASP,0.8636025929917377,0.8620342396777442,binary,resnet,immune
WCYKMVHQFDGRLITNEASP,0.8094812383658274,0.8202676864244742,binary,custom,immune
WCYKMVHQFDGRLITNEASP,0.8296797949119886,0.8053392658509455,binary,resnet,immune
WCYKMVHQFDGRLITNEASP,0.8064951340583261,0.8172248803827751,binary,custom,immune
WCYKMVHQFDGRLITNEASP,0.8861565592240619,0.896358543417367,binary,resnet,immune
WCYKMVHQFDGRLITNEASP,0.8033171679566312,0.8148854961832062,binary,custom,immune
WCYKMVHQFDGRLITNEASP,0.8265508148003005,0.8561525129982669,binary,resnet,immune
WCYKMVHQFDGRLITNEASP,0.8133348029130336,0.8247619047619048,binary,custom,immune
WCYKMVHQFDGRLITNEASP,0.8684317951732471,0.8784165881244109,binary,resnet,immune
WCYKMVHQFDGRLITNEASP,0.8018741223343457,0.815515610217597,binary,custom,immune
WCYKMVHQFDGRLITNEASP,0.8743080728911531,0.8845070422535212,binary,resnet,immune
WCYKMVHQFDGRLITNEASP,0.8063032722641325,0.8179218303145853,binary,custom,immune
WCYKMVHQFDGRLITNEASP,0.8742080598282224,0.8814531548757171,binary,resnet,immune
WCYKMVHQFDGRLITNEASP,0.8112202410110708,0.8275862068965517,binary,custom,immune
WCYKMVHQFDGRLITNEASP,0.8650619672773587,0.8764044943820225,binary,resnet,immune
WCYKMVHQFDGRLITNEASP,0.8068788576467131,0.8158148505303761,binary,custom,immune
WCYKMVHQFDGRLITNEASP,0.8540891055158225,0.8726287262872628,binary,resnet,immune
WCYKMVHQFDGRLITNEASP,0.8095771692629241,0.8199233716475096,binary,custom,immune
WCYKMVHQFDGRLITNEASP,0.8308840338329904,0.8588850174216028,binary,resnet,immune
WCYKMVHQFDGRLITNEASP,0.7840615917181021,0.8065994500458296,binary,custom,immune
WCYKMVHQFDGRLITNEASP,0.8728527807713661,0.874381800197824,binary,resnet,immune
WCYKMVHQFDGRLITNEASP,0.8056358381502889,0.8247232472324724,binary,custom,immune
WCYKMVHQFDGRLITNEASP,0.8730528068972274,0.880838894184938,binary,resnet,immune
WCYKMVHQFDGRLITNEASP,0.8088097220861501,0.8226415094339623,binary,custom,immune
WCYKMVHQFDGRLITNEASP,0.8752673818621207,0.8822966507177034,binary,resnet,immune
WCYKMVHQFDGRLITNEASP,0.8192069984651057,0.8267182962245886,binary,custom,immune
WCYKMVHQFDGRLITNEASP,0.876030746873061,0.876984126984127,binary,resnet,immune
WCYKMVHQFDGRLITNEASP,0.8179558146370138,0.8265895953757225,binary,custom,immune
WCYKMVHQFDGRLITNEASP,0.8597612749420332,0.8688212927756654,binary,resnet,immune
WCYKMVHQFDGRLITNEASP,0.8220012409784135,0.8304431599229287,binary,custom,immune
WCYKMVHQFDGRLITNEASP,0.8410812840860847,0.8568790397045245,binary,resnet,immune
WCYKMVHQFDGRLITNEASP,0.8154493648149962,0.8218111002921129,binary,custom,immune
WCYKMVHQFDGRLITNEASP,0.874871411776232,0.8727272727272727,binary,resnet,immune
WCYKMVHQFDGRLITNEASP,0.8107324221939192,0.8203650336215178,binary,custom,immune
WCYKMVHQFDGRLITNEASP,0.8887548577773424,0.8970727101038716,binary,resnet,immune
WCYKMVHQFDGRLITNEASP,0.8111161457823063,0.818973862536302,binary,custom,immune
WCYKMVHQFDGRLITNEASP,0.8436918291368668,0.8677248677248677,binary,resnet,immune
WCYKMVHQFDGRLITNEASP,0.8049561575389439,0.8181818181818182,binary,custom,immune
WCYKMVHQFDGRLITNEASP,0.8537012997616015,0.870201096892139,binary,resnet,immune
WCYKMVHQFDGRLITNEASP,0.7986002253355541,0.8135593220338984,binary,custom,immune
WCYKMVHQFDGRLITNEASP,0.8787290584892721,0.8807881773399014,binary,resnet,immune
WCYKMVHQFDGRLITNEASP,0.7963856503706607,0.8123827392120075,binary,custom,immune
WCYKMVHQFDGRLITNEASP,0.8228850298814538,0.848,binary,resnet,immune
WCYKMVHQFDGRLITNEASP,0.8040886972992392,0.8167141500474834,binary,custom,immune
WCYKMVHQFDGRLITNEASP,0.8666927925280038,0.8723404255319149,binary,resnet,immune
WCYKMVHQFDGRLITNEASP,0.8027415825740505,0.8169811320754717,binary,custom,immune
WCYKMVHQFDGRLITNEASP,0.8631474315012573,0.8839681133746679,binary,resnet,immune
WCYKMVHQFDGRLITNEASP,0.8114080206394305,0.8225190839694656,binary,custom,immune
WCYKMVHQFDGRLITNEASP,0.853125714379021,0.8716094032549728,binary,resnet,immune
WCYKMVHQFDGRLITNEASP,0.807654469155155,0.8222013170272813,binary,custom,immune
WCYKMVHQFDGRLITNEASP,0.8674724862022795,0.8806660499537465,binary,resnet,immune
WCYKMVHQFDGRLITNEASP,0.8166086999118252,0.8267942583732057,binary,custom,immune
WCYKMVHQFDGRLITNEASP,0.8777697495183044,0.8830917874396135,binary,resnet,immune
WCYKMVHQFDGRLITNEASP,0.8161249632605074,0.8239845261121856,binary,custom,immune
WCYKMVHQFDGRLITNEASP,0.8327148852094968,0.8611111111111112,binary,resnet,immune
WCYKMVHQFDGRLITNEASP,0.7984083635413606,0.8142589118198874,binary,custom,immune
WCYKMVHQFDGRLITNEASP,0.8765267300218804,0.88909426987061,binary,resnet,immune
WCYKMVHQFDGRLITNEASP,0.810828353091016,0.8200192492781521,binary,custom,immune
WCYKMVHQFDGRLITNEASP,0.8745836190849416,0.8734939759036144,binary,resnet,immune
WCYKMVHQFDGRLITNEASP,0.8025497207798569,0.8176691729323309,binary,custom,immune
WCYKMVHQFDGRLITNEASP,0.8870158551320989,0.8914728682170543,binary,resnet,immune
WCYKMVHQFDGRLITNEASP,0.8011985238888345,0.8133333333333334,binary,custom,immune
WCYKMVHQFDGRLITNEASP,0.8703626596126841,0.8837638376383764,binary,resnet,immune
WCYKMVHQFDGRLITNEASP,0.8095771692629241,0.8199233716475096,binary,custom,immune
WCYKMVHQFDGRLITNEASP,0.8597653571078672,0.8723205964585274,binary,resnet,immune
WCYKMVHQFDGRLITNEASP,0.8090975147774404,0.8216318785578748,binary,custom,immune
WCYKMVHQFDGRLITNEASP,0.8450348616962216,0.864376130198915,binary,resnet,immune
WCYKMVHQFDGRLITNEASP,0.7960978576793704,0.8134328358208955,binary,custom,immune
WCYKMVHQFDGRLITNEASP,0.8678602919565004,0.8829981718464351,binary,resnet,immune
WCYKMVHQFDGRLITNEASP,0.8103486986055322,0.8217349857006673,binary,custom,immune
WCYKMVHQFDGRLITNEASP,0.8305003102446034,0.8598615916955017,binary,resnet,immune
WCYKMVHQFDGRLITNEASP,0.7965775121648542,0.8116760828625236,binary,custom,immune
WCYKMVHQFDGRLITNEASP,0.8703422487835145,0.8661899897854954,binary,resnet,immune
WCYKMVHQFDGRLITNEASP,0.8272978511479051,0.8344627299128751,binary,custom,immune
WCYKMVHQFDGRLITNEASP,0.8428202867313281,0.863063063063063,binary,resnet,immune
WCYKMVHQFDGRLITNEASP,0.8060154795728423,0.818957345971564,binary,custom,immune
WCYKMVHQFDGRLITNEASP,0.8839419842591685,0.8948837209302326,binary,resnet,immune
WCYKMVHQFDGRLITNEASP,0.8035090297508247,0.814176245210728,binary,custom,immune
WCYKMVHQFDGRLITNEASP,0.8434958851768395,0.864816472694718,binary,resnet,immune
WCYKMVHQFDGRLITNEASP,0.8074585251951276,0.8183556405353728,binary,custom,immune
WCYKMVHQFDGRLITNEASP,0.8421487704516508,0.8647686832740213,binary,resnet,immune
WCYKMVHQFDGRLITNEASP,0.8018782045001795,0.8200371057513914,binary,custom,immune
WCYKMVHQFDGRLITNEASP,0.8624595865582444,0.8725212464589235,binary,resnet,immune
WCYKMVHQFDGRLITNEASP,0.7982124195813332,0.8102955195424214,binary,custom,immune
WCYKMVHQFDGRLITNEASP,0.8502355409686163,0.8685403445149592,binary,resnet,immune
WCYKMVHQFDGRLITNEASP,0.7978286959929461,0.8117313150425733,binary,custom,immune
WCYKMVHQFDGRLITNEASP,0.8773860259299173,0.8839884947267498,binary,resnet,immune
WCYKMVHQFDGRLITNEASP,0.7972490284445315,0.8091603053435115,binary,custom,immune
WCYKMVHQFDGRLITNEASP,0.8778697625812351,0.8861480075901328,binary,resnet,immune
WCYKMVHQFDGRLITNEASP,0.7950385356454721,0.8126747437092264,binary,custom,immune
WCYKMVHQFDGRLITNEASP,0.8802680350086542,0.8804780876494024,binary,resnet,immune
WCYKMVHQFDGRLITNEASP,0.7927239476176481,0.8071833648393195,binary,custom,immune
WCYKMVHQFDGRLITNEASP,0.877961611312498,0.8826382153249273,binary,resnet,immune
WCYKMVHQFDGRLITNEASP,0.8135266647072271,0.8240917782026769,binary,custom,immune
WCYKMVHQFDGRLITNEASP,0.831847424969792,0.8598781549173194,binary,resnet,immune
WCYKMVHQFDGRLITNEASP,0.8014863165801247,0.8122605363984674,binary,custom,immune
WCYKMVHQFDGRLITNEASP,0.8556954377714641,0.8447729672650475,binary,resnet,immune
WCYKMVHQFDGRLITNEASP,0.8168964926031154,0.8257940327237728,binary,custom,immune
WCYKMVHQFDGRLITNEASP,0.856299598314882,0.8706099815157117,binary,resnet,immune
WCYKMVHQFDGRLITNEASP,0.807654469155155,0.8222013170272813,binary,custom,immune
WCYKMVHQFDGRLITNEASP,0.8875077561150845,0.8995391705069125,binary,resnet,immune
WCYKMVHQFDGRLITNEASP,0.8123714117762321,0.8236415633937083,binary,custom,immune
WCYKMVHQFDGRLITNEASP,0.8758429672447013,0.8809293320425944,binary,resnet,immune
WCYKMVHQFDGRLITNEASP,0.8063992031612292,0.8175740210124164,binary,custom,immune
WCYKMVHQFDGRLITNEASP,0.8679398941902616,0.8690476190476191,binary,resnet,immune
WCYKMVHQFDGRLITNEASP,0.7932117664347996,0.8146788990825689,binary,custom,immune
WCYKMVHQFDGRLITNEASP,0.8550443323209563,0.8667917448405253,binary,resnet,immune
WCYKMVHQFDGRLITNEASP,0.8025456386140231,0.8130393096836049,binary,custom,immune
WCYKMVHQFDGRLITNEASP,0.822409457561804,0.8529411764705882,binary,resnet,immune
WCYKMVHQFDGRLITNEASP,0.8090015838803436,0.821969696969697,binary,custom,immune
WCYKMVHQFDGRLITNEASP,0.8494599294601743,0.8635097493036211,binary,resnet,immune
WCYKMVHQFDGRLITNEASP,0.807266663400934,0.819047619047619,binary,custom,immune
WCYKMVHQFDGRLITNEASP,0.8643945331635153,0.8812330009066183,binary,resnet,immune
WCYKMVHQFDGRLITNEASP,0.806111410469939,0.818613485280152,binary,custom,immune
WCYKMVHQFDGRLITNEASP,0.8771941641357238,0.8844317096466093,binary,resnet,immune
WCYKMVHQFDGRLITNEASP,0.8106405734626563,0.825187969924812,binary,custom,immune
WCYKMVHQFDGRLITNEASP,0.8537972306586983,0.86996336996337,binary,resnet,immune
WCYKMVHQFDGRLITNEASP,0.8155493778779269,0.8260038240917782,binary,custom,immune
WCYKMVHQFDGRLITNEASP,0.8714097351490807,0.8745098039215686,binary,resnet,immune
WCYKMVHQFDGRLITNEASP,0.8280652983246791,0.831858407079646,binary,custom,immune
WCYKMVHQFDGRLITNEASP,0.8774819568270142,0.8837656099903939,binary,resnet,immune
WCYKMVHQFDGRLITNEASP,0.8111202279481402,0.8235294117647058,binary,custom,immune
WCYKMVHQFDGRLITNEASP,0.8504274027628099,0.8680618744313012,binary,resnet,immune
WCYKMVHQFDGRLITNEASP,0.8117917442278175,0.8211538461538461,binary,custom,immune
WCYKMVHQFDGRLITNEASP,0.8772941771986545,0.8874296435272045,binary,resnet,immune
WCYKMVHQFDGRLITNEASP,0.8212297116358055,0.8286544046466602,binary,custom,immune
WCYKMVHQFDGRLITNEASP,0.8550524966526241,0.8736462093862816,binary,resnet,immune
WCYKMVHQFDGRLITNEASP,0.8018700401685118,0.8108108108108109,binary,custom,immune
WCYKMVHQFDGRLITNEASP,0.8747754808791353,0.8729838709677419,binary,resnet,immune
WCYKMVHQFDGRLITNEASP,0.810444629502629,0.8213944603629417,binary,custom,immune
WCYKMVHQFDGRLITNEASP,0.8240443649782828,0.8521434820647419,binary,resnet,immune
WCYKMVHQFDGRLITNEASP,0.7973490415074622,0.8134957825679475,binary,custom,immune
WCYKMVHQFDGRLITNEASP,0.8694829528754775,0.8722986247544204,binary,resnet,immune
WCYKMVHQFDGRLITNEASP,0.8075544560922243,0.8180076628352491,binary,custom,immune
WCYKMVHQFDGRLITNEASP,0.8592612096273798,0.8505747126436781,binary,resnet,immune
WCYKMVHQFDGRLITNEASP,0.812755135364619,0.8222862632084534,binary,custom,immune
WCYKMVHQFDGRLITNEASP,0.8490721237059534,0.8609022556390977,binary,resnet,immune
WCYKMVHQFDGRLITNEASP,0.8077463178864179,0.8173076923076923,binary,custom,immune
WCYKMVHQFDGRLITNEASP,0.8639863165801247,0.8609137055837564,binary,resnet,immune
WCYKMVHQFDGRLITNEASP,0.8161290454263413,0.828436018957346,binary,custom,immune
WCYKMVHQFDGRLITNEASP,0.8656334704941054,0.8714975845410629,binary,resnet,immune
WCYKMVHQFDGRLITNEASP,0.8171924496260735,0.8334883720930233,binary,custom,immune
WCYKMVHQFDGRLITNEASP,0.881347767871722,0.8971119133574007,binary,resnet,immune
WCYKMVHQFDGRLITNEASP,0.821421573429999,0.8279883381924198,binary,custom,immune
WCYKMVHQFDGRLITNEASP,0.8752673818621207,0.8822966507177034,binary,resnet,immune
WCYKMVHQFDGRLITNEASP,0.7918605695437773,0.8104089219330854,binary,custom,immune
WCYKMVHQFDGRLITNEASP,0.8376236896247673,0.8624338624338624,binary,resnet,immune
WCYKMVHQFDGRLITNEASP,0.8092893765716339,0.820952380952381,binary,custom,immune
WCYKMVHQFDGRLITNEASP,0.8893263609940889,0.8927875243664717,binary,resnet,immune
WCYKMVHQFDGRLITNEASP,0.7993717546781619,0.8153701968134958,binary,custom,immune
WCYKMVHQFDGRLITNEASP,0.8350172267398189,0.855072463768116,binary,resnet,immune
WCYKMVHQFDGRLITNEASP,0.7957100519251494,0.8101983002832861,binary,custom,immune
WCYKMVHQFDGRLITNEASP,0.8698789229613664,0.8816402609506058,binary,resnet,immune
WCYKMVHQFDGRLITNEASP,0.7834819241696875,0.8040665434380776,binary,custom,immune
WCYKMVHQFDGRLITNEASP,0.8843216256817217,0.8910133843212237,binary,resnet,immune
WCYKMVHQFDGRLITNEASP,0.8093853074687306,0.8206106870229007,binary,custom,immune
WCYKMVHQFDGRLITNEASP,0.8529256882531596,0.8651685393258427,binary,resnet,immune
WCYKMVHQFDGRLITNEASP,0.8108324352568499,0.8245283018867925,binary,custom,immune
WCYKMVHQFDGRLITNEASP,0.8699748538584631,0.8814192343604108,binary,resnet,immune
WCYKMVHQFDGRLITNEASP,0.8155493778779269,0.8260038240917782,binary,custom,immune
WCYKMVHQFDGRLITNEASP,0.8637148525521702,0.8762790697674419,binary,resnet,immune
WCYKMVHQFDGRLITNEASP,0.8006229385062539,0.815442561205273,binary,custom,immune
WCYKMVHQFDGRLITNEASP,0.8607328304105025,0.8767123287671232,binary,resnet,immune
WCYKMVHQFDGRLITNEASP,0.8173761470885994,0.8241010689990281,binary,custom,immune
WCYKMVHQFDGRLITNEASP,0.8505233336599066,0.8678213309024613,binary,resnet,immune
WCYKMVHQFDGRLITNEASP,0.8107324221939192,0.8203650336215178,binary,custom,immune
WCYKMVHQFDGRLITNEASP,0.8776779007870414,0.8865784499054821,binary,resnet,immune
WCYKMVHQFDGRLITNEASP,0.8160290323634108,0.8243243243243243,binary,custom,immune
WCYKMVHQFDGRLITNEASP,0.8583223114855817,0.8724584103512015,binary,resnet,immune
WCYKMVHQFDGRLITNEASP,0.8028375134711473,0.8166351606805293,binary,custom,immune
WCYKMVHQFDGRLITNEASP,0.8748754939420659,0.8763600395647874,binary,resnet,immune
WCYKMVHQFDGRLITNEASP,0.8147778485353188,0.8242074927953891,binary,custom,immune
WCYKMVHQFDGRLITNEASP,0.8855728095098135,0.8914505283381364,binary,resnet,immune
WCYKMVHQFDGRLITNEASP,0.803321250122465,0.8194574368568756,binary,custom,immune
WCYKMVHQFDGRLITNEASP,0.8466779334443683,0.8704845814977974,binary,resnet,immune
WCYKMVHQFDGRLITNEASP,0.81314294111884,0.825426944971537,binary,custom,immune
WCYKMVHQFDGRLITNEASP,0.8742080598282224,0.8814531548757171,binary,resnet,immune
WCYKMVHQFDGRLITNEASP,0.8117958263936516,0.825636192271442,binary,custom,immune
WCYKMVHQFDGRLITNEASP,0.7831145292446361,0.8228279386712095,binary,resnet,immune
WCYKMVHQFDGRLITNEASP,0.8137185265014206,0.8234165067178503,binary,custom,immune
WCYKMVHQFDGRLITNEASP,0.8699707716926292,0.878095238095238,binary,resnet,immune
WCYKMVHQFDGRLITNEASP,0.8125632735704256,0.8229665071770335,binary,custom,immune
WCYKMVHQFDGRLITNEASP,0.8744999346853466,0.884071630537229,binary,resnet,immune
WCYKMVHQFDGRLITNEASP,0.8132347898501029,0.8205625606207565,binary,custom,immune
WCYKMVHQFDGRLITNEASP,0.8733283530910159,0.8693877551020408,binary,resnet,immune
WCYKMVHQFDGRLITNEASP,0.8001392018549363,0.8125594671741199,binary,custom,immune
WCYKMVHQFDGRLITNEASP,0.8792209594722575,0.8895131086142322,binary,resnet,immune
WCYKMVHQFDGRLITNEASP,0.8216175173900264,0.8317399617590823,binary,custom,immune
WCYKMVHQFDGRLITNEASP,0.8629433232095621,0.874766355140187,binary,resnet,immune
WCYKMVHQFDGRLITNEASP,0.8113120897423337,0.8228571428571428,binary,custom,immune
WCYKMVHQFDGRLITNEASP,0.8371440351392835,0.8636363636363636,binary,resnet,immune
WCYKMVHQFDGRLITNEASP,0.810444629502629,0.8213944603629417,binary,custom,immune
WCYKMVHQFDGRLITNEASP,0.8683399464419842,0.8819188191881919,binary,resnet,immune
WCYKMVHQFDGRLITNEASP,0.8153575160837333,0.8266666666666667,binary,custom,immune
WCYKMVHQFDGRLITNEASP,0.8683399464419842,0.8819188191881919,binary,resnet,immune
WCYKMVHQFDGRLITNEASP,0.7998514091636458,0.8136234626300851,binary,custom,immune
WCYKMVHQFDGRLITNEASP,0.8745795369191077,0.8697435897435898,binary,resnet,immune
WCYKMVHQFDGRLITNEASP,0.818247689494138,0.8300094966761633,binary,custom,immune
WCYKMVHQFDGRLITNEASP,0.8291491133535808,0.8563922942206655,binary,resnet,immune
WCYKMVHQFDGRLITNEASP,0.8068788576467131,0.8158148505303761,binary,custom,immune
WCYKMVHQFDGRLITNEASP,0.8695829659384083,0.875602700096432,binary,resnet,immune
WCYKMVHQFDGRLITNEASP,0.7991798928839684,0.8160597572362278,binary,custom,immune
WCYKMVHQFDGRLITNEASP,0.8581345318572221,0.8762420957542909,binary,resnet,immune
WCYKMVHQFDGRLITNEASP,0.8136225956043238,0.8237547892720306,binary,custom,immune
WCYKMVHQFDGRLITNEASP,0.873716158845237,0.8721047331319235,binary,resnet,immune
WCYKMVHQFDGRLITNEASP,0.8132347898501029,0.8205625606207565,binary,custom,immune
WCYKMVHQFDGRLITNEASP,0.8787372228209399,0.8874172185430463,binary,resnet,immune
WCYKMVHQFDGRLITNEASP,0.8070748016067405,0.8197343453510436,binary,custom,immune
WCYKMVHQFDGRLITNEASP,0.8556239998693707,0.8688372093023256,binary,resnet,immune
WCYKMVHQFDGRLITNEASP,0.8122754808791353,0.8239771646051379,binary,custom,immune
WCYKMVHQFDGRLITNEASP,0.8586856242447992,0.8524251805985552,binary,resnet,immune
WCYKMVHQFDGRLITNEASP,0.7992717416152315,0.8110687022900763,binary,custom,immune
WCYKMVHQFDGRLITNEASP,0.8409567780281506,0.8272921108742004,binary,resnet,immune
WCYKMVHQFDGRLITNEASP,0.8196907351164234,0.8295019157088123,binary,custom,immune
WCYKMVHQFDGRLITNEASP,0.8644700532314425,0.8634538152610441,binary,resnet,immune
WCYKMVHQFDGRLITNEASP,0.8086137781261227,0.8187919463087249,binary,custom,immune
WCYKMVHQFDGRLITNEASP,0.7788813232748767,0.8240200166805671,binary,resnet,immune
WCYKMVHQFDGRLITNEASP,0.8155534600437608,0.8303655107778819,binary,custom,immune
WCYKMVHQFDGRLITNEASP,0.8232728356356749,0.8506151142355008,binary,resnet,immune
WCYKMVHQFDGRLITNEASP,0.7973531236732962,0.8180147058823529,binary,custom,immune
WCYKMVHQFDGRLITNEASP,0.8706463701381404,0.879848628192999,binary,resnet,immune
WCYKMVHQFDGRLITNEASP,0.8149697103295125,0.8235294117647058,binary,custom,immune
WCYKMVHQFDGRLITNEASP,0.859861288004964,0.8720821661998133,binary,resnet,immune
WCYKMVHQFDGRLITNEASP,0.817088354397309,0.8251207729468599,binary,custom,immune
WCYKMVHQFDGRLITNEASP,0.873152819960158,0.8838951310861424,binary,resnet,immune
WCYKMVHQFDGRLITNEASP,0.8180517455341105,0.8262548262548263,binary,custom,immune
WCYKMVHQFDGRLITNEASP,0.8775778877241108,0.8835418671799807,binary,resnet,immune
WCYKMVHQFDGRLITNEASP,0.8035131119166584,0.8187793427230047,binary,custom,immune
WCYKMVHQFDGRLITNEASP,0.8902897521308905,0.8938656280428432,binary,resnet,immune
WCYKMVHQFDGRLITNEASP,0.7950385356454721,0.8126747437092264,binary,custom,immune
WCYKMVHQFDGRLITNEASP,0.871613843440776,0.8841519925857275,binary,resnet,immune
WCYKMVHQFDGRLITNEASP,0.7983083504784297,0.8099331423113658,binary,custom,immune
WCYKMVHQFDGRLITNEASP,0.8611165539988895,0.8758049678012879,binary,resnet,immune
WCYKMVHQFDGRLITNEASP,0.7998514091636458,0.8136234626300851,binary,custom,immune
WCYKMVHQFDGRLITNEASP,0.8705504392410437,0.8800755429650614,binary,resnet,immune
WCYKMVHQFDGRLITNEASP,0.80447650305346,0.8198874296435272,binary,custom,immune
WCYKMVHQFDGRLITNEASP,0.8909653505764018,0.8955512572533849,binary,resnet,immune
WCYKMVHQFDGRLITNEASP,0.8180558276999444,0.8306527909176916,binary,custom,immune
WCYKMVHQFDGRLITNEASP,0.8678480454589986,0.8729388942774006,binary,resnet,immune
WCYKMVHQFDGRLITNEASP,0.7998473269978119,0.8088803088803089,binary,custom,immune
WCYKMVHQFDGRLITNEASP,0.8718016230691357,0.8804554079696395,binary,resnet,immune
WCYKMVHQFDGRLITNEASP,0.8111202279481402,0.8235294117647058,binary,custom,immune
WCYKMVHQFDGRLITNEASP,0.8707423010352373,0.8796208530805687,binary,resnet,immune
WCYKMVHQFDGRLITNEASP,0.8050520884360406,0.8178368121442126,binary,custom,immune
WCYKMVHQFDGRLITNEASP,0.8515826556938049,0.8686131386861314,binary,resnet,immune
WCYKMVHQFDGRLITNEASP,0.8008148003004474,0.8147448015122873,binary,custom,immune
WCYKMVHQFDGRLITNEASP,0.859001992096927,0.8774774774774775,binary,resnet,immune
WCYKMVHQFDGRLITNEASP,0.8055317429215244,0.8160919540229885,binary,custom,immune
WCYKMVHQFDGRLITNEASP,0.81421450965024,0.8387096774193549,binary,resnet,immune
WCYKMVHQFDGRLITNEASP,0.7968653048561445,0.8106060606060606,binary,custom,immune
WCYKMVHQFDGRLITNEASP,0.8784535122954835,0.8911439114391144,binary,resnet,immune
WCYKMVHQFDGRLITNEASP,0.8106364912968225,0.8207094918504314,binary,custom,immune
WCYKMVHQFDGRLITNEASP,0.881431452271317,0.887823585810163,binary,resnet,immune
WCYKMVHQFDGRLITNEASP,0.8169005747689494,0.8301886792452831,binary,custom,immune
WCYKMVHQFDGRLITNEASP,0.8683195356128147,0.86414708886619,binary,resnet,immune
WCYKMVHQFDGRLITNEASP,0.8112161588452369,0.8231939163498099,binary,custom,immune
WCYKMVHQFDGRLITNEASP,0.8391626661441495,0.8619768477292965,binary,resnet,immune
WCYKMVHQFDGRLITNEASP,0.8176680219457235,0.8275862068965517,binary,custom,immune
WCYKMVHQFDGRLITNEASP,0.8651660625061232,0.8826714801444043,binary,resnet,immune
WCYKMVHQFDGRLITNEASP,0.8166086999118252,0.8267942583732057,binary,custom,immune
WCYKMVHQFDGRLITNEASP,0.8823029946768557,0.8922211808809747,binary,resnet,immune
WCYKMVHQFDGRLITNEASP,0.8046724470134875,0.8236380424746076,binary,custom,immune
WCYKMVHQFDGRLITNEASP,0.8756592697821756,0.8878591288229842,binary,resnet,immune
WCYKMVHQFDGRLITNEASP,0.8135266647072271,0.8240917782026769,binary,custom,immune
WCYKMVHQFDGRLITNEASP,0.8708341497665001,0.875968992248062,binary,resnet,immune
WCYKMVHQFDGRLITNEASP,0.8155452957120931,0.8214634146341463,binary,custom,immune
WCYKMVHQFDGRLITNEASP,0.8765144835243787,0.8792934249263984,binary,resnet,immune
WCYKMVHQFDGRLITNEASP,0.8062073413670358,0.8182683158896289,binary,custom,immune
WCYKMVHQFDGRLITNEASP,0.8835500963391136,0.8895292987512008,binary,resnet,immune
WCYKMVHQFDGRLITNEASP,0.8068788576467131,0.8158148505303761,binary,custom,immune
WCYKMVHQFDGRLITNEASP,0.8857687534698411,0.8941398865784499,binary,resnet,immune
WCYKMVHQFDGRLITNEASP,0.8161249632605074,0.8239845261121856,binary,custom,immune
WCYKMVHQFDGRLITNEASP,0.8794087391006172,0.8859060402684564,binary,resnet,immune
WCYKMVHQFDGRLITNEASP,0.8095771692629241,0.8199233716475096,binary,custom,immune
WCYKMVHQFDGRLITNEASP,0.8552484406126514,0.8764444444444445,binary,resnet,immune
WCYKMVHQFDGRLITNEASP,0.7928239606805787,0.8115134633240483,binary,custom,immune
WCYKMVHQFDGRLITNEASP,0.863414813363378,0.8664047151277013,binary,resnet,immune
WCYKMVHQFDGRLITNEASP,0.8174802423173639,0.8325537885874649,binary,custom,immune
WCYKMVHQFDGRLITNEASP,0.8669928317167956,0.8817598533455545,binary,resnet,immune
WCYKMVHQFDGRLITNEASP,0.8094812383658274,0.8202676864244742,binary,custom,immune
WCYKMVHQFDGRLITNEASP,0.8701667156526567,0.8809746954076851,binary,resnet,immune
WCYKMVHQFDGRLITNEASP,0.8060154795728423,0.818957345971564,binary,custom,immune
WCYKMVHQFDGRLITNEASP,0.8061359034649422,0.8430873621713316,binary,resnet,immune
WCYKMVHQFDGRLITNEASP,0.8058236177786486,0.8196411709159585,binary,custom,immune
WCYKMVHQFDGRLITNEASP,0.8429202997942588,0.8662533215234721,binary,resnet,immune
WCYKMVHQFDGRLITNEASP,0.7904134417556579,0.806390977443609,binary,custom,immune
WCYKMVHQFDGRLITNEASP,0.7718538747918096,0.8219852337981952,binary,resnet,immune
WCYKMVHQFDGRLITNEASP,0.8200785408706442,0.8325449385052034,binary,custom,immune
WCYKMVHQFDGRLITNEASP,0.8775778877241108,0.8835418671799807,binary,resnet,immune
WCYKMVHQFDGRLITNEASP,0.8112161588452369,0.8231939163498099,binary,custom,immune
WCYKMVHQFDGRLITNEASP,0.8687195878645373,0.8777251184834123,binary,resnet,immune
WCYKMVHQFDGRLITNEASP,0.806111410469939,0.818613485280152,binary,custom,immune
WCYKMVHQFDGRLITNEASP,0.8800884197119625,0.8907563025210085,binary,resnet,immune
WCYKMVHQFDGRLITNEASP,0.8160331145292448,0.8287606433301797,binary,custom,immune
WCYKMVHQFDGRLITNEASP,0.8797006139577415,0.888468809073724,binary,resnet,immune
WCYKMVHQFDGRLITNEASP,0.8163168250547008,0.8233009708737864,binary,custom,immune
WCYKMVHQFDGRLITNEASP,0.8718934718003983,0.8768186226964112,binary,resnet,immune
WCYKMVHQFDGRLITNEASP,0.8128510662617159,0.821944177093359,binary,custom,immune
WCYKMVHQFDGRLITNEASP,0.7950630286404755,0.8373644703919934,binary,resnet,immune
WCYKMVHQFDGRLITNEASP,0.8181476764312074,0.8259187620889749,binary,custom,immune
WCYKMVHQFDGRLITNEASP,0.6797928709055876,0.7713207547169811,binary,resnet,immune
WCYKMVHQFDGRLITNEASP,0.8050520884360406,0.8178368121442126,binary,custom,immune
WCYKMVHQFDGRLITNEASP,0.8954945135691192,0.9014354066985646,binary,resnet,immune
WCYKMVHQFDGRLITNEASP,0.8109283661539467,0.8241965973534972,binary,custom,immune
WCYKMVHQFDGRLITNEASP,0.8636148394892393,0.8731060606060606,binary,resnet,immune
WCYKMVHQFDGRLITNEASP,0.8029334443682439,0.8162878787878788,binary,custom,immune
WCYKMVHQFDGRLITNEASP,0.8733446817543515,0.8834586466165414,binary,resnet,immune
WCYKMVHQFDGRLITNEASP,0.8175720910486268,0.8279158699808795,binary,custom,immune
WCYKMVHQFDGRLITNEASP,0.8736283922798079,0.8794599807135969,binary,resnet,immune
WCYKMVHQFDGRLITNEASP,0.8163209072205349,0.8277830637488106,binary,custom,immune
WCYKMVHQFDGRLITNEASP,0.8571670585545866,0.871889400921659,binary,resnet,immune
WCYKMVHQFDGRLITNEASP,0.8035131119166584,0.8187793427230047,binary,custom,immune
WCYKMVHQFDGRLITNEASP,0.8786412919238431,0.8876298394711992,binary,resnet,immune
WCYKMVHQFDGRLITNEASP,0.8100649880800757,0.8271375464684015,binary,custom,immune
WCYKMVHQFDGRLITNEASP,0.8370440220763529,0.8604444444444445,binary,resnet,immune
WCYKMVHQFDGRLITNEASP,0.7926280167205512,0.8075471698113208,binary,custom,immune
WCYKMVHQFDGRLITNEASP,0.867276542242252,0.8778195488721805,binary,resnet,immune
WCYKMVHQFDGRLITNEASP,0.8146819176382222,0.8245445829338447,binary,custom,immune
WCYKMVHQFDGRLITNEASP,0.8792209594722575,0.8895131086142322,binary,resnet,immune
WCYKMVHQFDGRLITNEASP,0.8107365043597532,0.8248587570621468,binary,custom,immune
WCYKMVHQFDGRLITNEASP,0.8660131119166585,0.8667992047713717,binary,resnet,immune
WCYKMVHQFDGRLITNEASP,0.8172802161915026,0.8244422890397672,binary,custom,immune
WCYKMVHQFDGRLITNEASP,0.8252914666405408,0.8487018800358102,binary,resnet,immune
WCYKMVHQFDGRLITNEASP,0.8000473531236733,0.8175046554934823,binary,custom,immune
WCYKMVHQFDGRLITNEASP,0.8756470232846739,0.8779527559055118,binary,resnet,immune
WCYKMVHQFDGRLITNEASP,0.807266663400934,0.819047619047619,binary,custom,immune
WCYKMVHQFDGRLITNEASP,0.8716097612749419,0.8809073724007561,binary,resnet,immune
WCYKMVHQFDGRLITNEASP,0.8021659971914699,0.8190298507462687,binary,custom,immune
WCYKMVHQFDGRLITNEASP,0.8737243231769047,0.8792270531400966,binary,resnet,immune
WCYKMVHQFDGRLITNEASP,0.7881029358936678,0.805607476635514,binary,custom,immune
WCYKMVHQFDGRLITNEASP,0.867748032396068,0.8695652173913043,binary,resnet,immune
WCYKMVHQFDGRLITNEASP,0.810060905914242,0.8227488151658767,binary,custom,immune
WCYKMVHQFDGRLITNEASP,0.8685154795728421,0.8674698795180723,binary,resnet,immune
WCYKMVHQFDGRLITNEASP,0.8130429280559094,0.821256038647343,binary,custom,immune
WCYKMVHQFDGRLITNEASP,0.8802802815061559,0.8903467666354264,binary,resnet,immune
WCYKMVHQFDGRLITNEASP,0.8175720910486268,0.8279158699808795,binary,custom,immune
WCYKMVHQFDGRLITNEASP,0.8795128343293818,0.8919667590027701,binary,resnet,immune
WCYKMVHQFDGRLITNEASP,0.8122754808791353,0.8239771646051379,binary,custom,immune
WCYKMVHQFDGRLITNEASP,0.8682236047157179,0.8644240570846076,binary,resnet,immune
WCYKMVHQFDGRLITNEASP,0.8081341236406387,0.8205128205128205,binary,custom,immune
WCYKMVHQFDGRLITNEASP,0.870750465366905,0.886052871467639,binary,resnet,immune
WCYKMVHQFDGRLITNEASP,0.8088056399203162,0.8180943214629451,binary,custom,immune
WCYKMVHQFDGRLITNEASP,0.8750836843995949,0.8890925756186985,binary,resnet,immune
WCYKMVHQFDGRLITNEASP,0.8074585251951276,0.8183556405353728,binary,custom,immune
WCYKMVHQFDGRLITNEASP,0.8656457169916071,0.8816029143897997,binary,resnet,immune
WCYKMVHQFDGRLITNEASP,0.793111753371869,0.8104575163398693,binary,custom,immune
WCYKMVHQFDGRLITNEASP,0.8681440024819569,0.8791002811621368,binary,resnet,immune
WCYKMVHQFDGRLITNEASP,0.8137185265014206,0.8234165067178503,binary,custom,immune
WCYKMVHQFDGRLITNEASP,0.8596653440449364,0.8690702087286527,binary,resnet,immune
WCYKMVHQFDGRLITNEASP,0.8083259854348324,0.8198284080076264,binary,custom,immune
WCYKMVHQFDGRLITNEASP,0.8816233140655105,0.8873917228103946,binary,resnet,immune
WCYKMVHQFDGRLITNEASP,0.8001392018549363,0.8125594671741199,binary,custom,immune
WCYKMVHQFDGRLITNEASP,0.8752755461937886,0.8886844526218951,binary,resnet,immune
WCYKMVHQFDGRLITNEASP,0.7987880049639137,0.8081002892960463,binary,custom,immune
WCYKMVHQFDGRLITNEASP,0.8707341367035694,0.8726554787759131,binary,resnet,immune
WCYKMVHQFDGRLITNEASP,0.8189192057738154,0.8277189605389798,binary,custom,immune
WCYKMVHQFDGRLITNEASP,0.8650619672773587,0.8764044943820225,binary,resnet,immune
WCYKMVHQFDGRLITNEASP,0.8043764899905295,0.8156638013371538,binary,custom,immune
WCYKMVHQFDGRLITNEASP,0.8678439632931648,0.8693069306930693,binary,resnet,immune
WCYKMVHQFDGRLITNEASP,0.8215175043270958,0.8276533592989289,binary,custom,immune
WCYKMVHQFDGRLITNEASP,0.8840338329904315,0.8916349809885932,binary,resnet,immune
WCYKMVHQFDGRLITNEASP,0.8107324221939192,0.8203650336215178,binary,custom,immune
WCYKMVHQFDGRLITNEASP,0.8923165474674243,0.898854961832061,binary,resnet,immune
WCYKMVHQFDGRLITNEASP,0.8139103882956141,0.8227360308285164,binary,custom,immune
WCYKMVHQFDGRLITNEASP,0.8693992684758826,0.8827331486611265,binary,resnet,immune
WCYKMVHQFDGRLITNEASP,0.8091934456745371,0.8212927756653993,binary,custom,immune
WCYKMVHQFDGRLITNEASP,0.8739121028052643,0.8752475247524752,binary,resnet,immune
WCYKMVHQFDGRLITNEASP,0.8146778354723883,0.8199608610567515,binary,custom,immune
WCYKMVHQFDGRLITNEASP,0.8797046961235753,0.891566265060241,binary,resnet,immune
WCYKMVHQFDGRLITNEASP,0.8031293883282714,0.8201304753028891,binary,custom,immune
WCYKMVHQFDGRLITNEASP,0.871697527840371,0.873767258382643,binary,resnet,immune
WCYKMVHQFDGRLITNEASP,0.810060905914242,0.8227488151658767,binary,custom,immune
WCYKMVHQFDGRLITNEASP,0.8824948564710492,0.8918156161806209,binary,resnet,immune
WCYKMVHQFDGRLITNEASP,0.8199785278077136,0.8285163776493256,binary,custom,immune
WCYKMVHQFDGRLITNEASP,0.7731009764540675,0.818105616093881,binary,resnet,immune
WCYKMVHQFDGRLITNEASP,0.8083259854348324,0.8198284080076264,binary,custom,immune
WCYKMVHQFDGRLITNEASP,0.8756592697821756,0.8878591288229842,binary,resnet,immune
WCYKMVHQFDGRLITNEASP,0.8242158159433068,0.8317214700193424,binary,custom,immune
WCYKMVHQFDGRLITNEASP,0.7795569217203879,0.8258706467661692,binary,resnet,immune
WCYKMVHQFDGRLITNEASP,0.8130429280559094,0.821256038647343,binary,custom,immune
WCYKMVHQFDGRLITNEASP,0.8862484079553248,0.8931297709923665,binary,resnet,immune
WCYKMVHQFDGRLITNEASP,0.8121754678162048,0.8197674418604651,binary,custom,immune
WCYKMVHQFDGRLITNEASP,0.835409114659874,0.8611599297012302,binary,resnet,immune
WCYKMVHQFDGRLITNEASP,0.7982124195813332,0.8102955195424214,binary,custom,immune
WCYKMVHQFDGRLITNEASP,0.8812395904771235,0.8882521489971347,binary,resnet,immune
WCYKMVHQFDGRLITNEASP,0.81314294111884,0.825426944971537,binary,custom,immune
WCYKMVHQFDGRLITNEASP,0.8673683909735149,0.8741594620557157,binary,resnet,immune
WCYKMVHQFDGRLITNEASP,0.8054358120244277,0.8164435946462715,binary,custom,immune
WCYKMVHQFDGRLITNEASP,0.8086382711211261,0.8434559452523525,binary,resnet,immune
WCYKMVHQFDGRLITNEASP,0.8093853074687306,0.8206106870229007,binary,custom,immune
WCYKMVHQFDGRLITNEASP,0.8878792332059698,0.8895463510848126,binary,resnet,immune
WCYKMVHQFDGRLITNEASP,0.8093853074687306,0.8206106870229007,binary,custom,immune
WCYKMVHQFDGRLITNEASP,0.8624677508899122,0.8792007266121707,binary,resnet,immune
WCYKMVHQFDGRLITNEASP,0.8158371705692171,0.825,binary,custom,immune
WCYKMVHQFDGRLITNEASP,0.8179803076320171,0.8505154639175257,binary,resnet,immune
WCYKMVHQFDGRLITNEASP,0.8066869958525196,0.8165225744476465,binary,custom,immune
WCYKMVHQFDGRLITNEASP,0.8404730413768329,0.8241639697950378,binary,resnet,immune
WCYKMVHQFDGRLITNEASP,0.8050480062702068,0.8131655372700871,binary,custom,immune
WCYKMVHQFDGRLITNEASP,0.877873844747069,0.8893023255813953,binary,resnet,immune
WCYKMVHQFDGRLITNEASP,0.8117917442278175,0.8211538461538461,binary,custom,immune
WCYKMVHQFDGRLITNEASP,0.786680301100552,0.8277027027027027,binary,resnet,immune
WCYKMVHQFDGRLITNEASP,0.8059195486757456,0.8192999053926207,binary,custom,immune
WCYKMVHQFDGRLITNEASP,0.8614084288560139,0.8784029038112523,binary,resnet,immune
WCYKMVHQFDGRLITNEASP,0.8007147872375168,0.8103946102021174,binary,custom,immune
WCYKMVHQFDGRLITNEASP,0.8593816335194802,0.8732654949121184,binary,resnet,immune
WCYKMVHQFDGRLITNEASP,0.8065951471212566,0.8214285714285714,binary,custom,immune
WCYKMVHQFDGRLITNEASP,0.880568074197446,0.8897266729500471,binary,resnet,immune
WCYKMVHQFDGRLITNEASP,0.8114080206394305,0.8225190839694656,binary,custom,immune
WCYKMVHQFDGRLITNEASP,0.8537053819274354,0.873542600896861,binary,resnet,immune
WCYKMVHQFDGRLITNEASP,0.8115039515365272,0.8221797323135756,binary,custom,immune
WCYKMVHQFDGRLITNEASP,0.8664049998367134,0.8730769230769231,binary,resnet,immune
WCYKMVHQFDGRLITNEASP,0.8091015969432741,0.826046511627907,binary,custom,immune
WCYKMVHQFDGRLITNEASP,0.8571711407204207,0.8752260397830018,binary,resnet,immune
WCYKMVHQFDGRLITNEASP,0.8089975017145097,0.8173913043478261,binary,custom,immune
WCYKMVHQFDGRLITNEASP,0.8797883805231704,0.8816568047337278,binary,resnet,immune
WCYKMVHQFDGRLITNEASP,0.8176680219457235,0.8275862068965517,binary,custom,immune
WCYKMVHQFDGRLITNEASP,0.8619880964044284,0.8802880288028803,binary,resnet,immune
WCYKMVHQFDGRLITNEASP,0.8132347898501029,0.8205625606207565,binary,custom,immune
WCYKMVHQFDGRLITNEASP,0.8374318278305738,0.8629173989455184,binary,resnet,immune
WCYKMVHQFDGRLITNEASP,0.8095771692629241,0.8199233716475096,binary,custom,immune
WCYKMVHQFDGRLITNEASP,0.8759388981417982,0.8806983511154219,binary,resnet,immune
WCYKMVHQFDGRLITNEASP,0.816704630808922,0.8264621284755513,binary,custom,immune
WCYKMVHQFDGRLITNEASP,0.8742039776623884,0.8780487804878049,binary,resnet,immune
WCYKMVHQFDGRLITNEASP,0.8090015838803436,0.821969696969697,binary,custom,immune
WCYKMVHQFDGRLITNEASP,0.8597531106103653,0.8613861386138614,binary,resnet,immune
WCYKMVHQFDGRLITNEASP,0.8153575160837333,0.8266666666666667,binary,custom,immune
WCYKMVHQFDGRLITNEASP,0.864102658306391,0.8786764705882353,binary,resnet,immune
WCYKMVHQFDGRLITNEASP,0.8149697103295125,0.8235294117647058,binary,custom,immune
WCYKMVHQFDGRLITNEASP,0.8717016100062049,0.8772946859903382,binary,resnet,immune
WCYKMVHQFDGRLITNEASP,0.8057276868815518,0.8199811498586239,binary,custom,immune
WCYKMVHQFDGRLITNEASP,0.8351131576369158,0.8548094373865699,binary,resnet,immune
WCYKMVHQFDGRLITNEASP,0.8169924235002123,0.8254580520732884,binary,custom,immune
WCYKMVHQFDGRLITNEASP,0.8840297508245974,0.8884578079534433,binary,resnet,immune
WCYKMVHQFDGRLITNEASP,0.8116958133307207,0.8214971209213052,binary,custom,immune
WCYKMVHQFDGRLITNEASP,0.884221612618791,0.8880233690360273,binary,resnet,immune
WCYKMVHQFDGRLITNEASP,0.8128510662617159,0.821944177093359,binary,custom,immune
WCYKMVHQFDGRLITNEASP,0.8769941380098626,0.8780971258671952,binary,resnet,immune
WCYKMVHQFDGRLITNEASP,0.8146819176382222,0.8245445829338447,binary,custom,immune
WCYKMVHQFDGRLITNEASP,0.8753673949250514,0.8853383458646616,binary,resnet,immune
WCYKMVHQFDGRLITNEASP,0.8212297116358055,0.8286544046466602,binary,custom,immune
WCYKMVHQFDGRLITNEASP,0.8669928317167956,0.8817598533455545,binary,resnet,immune
WCYKMVHQFDGRLITNEASP,0.8057236047157179,0.8153846153846154,binary,custom,immune
WCYKMVHQFDGRLITNEASP,0.8587815551418961,0.8521199586349535,binary,resnet,immune
WCYKMVHQFDGRLITNEASP,0.7976368341987524,0.8124410933081998,binary,custom,immune
WCYKMVHQFDGRLITNEASP,0.8686236569674407,0.8779564806054873,binary,resnet,immune
WCYKMVHQFDGRLITNEASP,0.8020659841285392,0.8148148148148148,binary,custom,immune
WCYKMVHQFDGRLITNEASP,0.8788372358838705,0.8903345724907064,binary,resnet,immune
WCYKMVHQFDGRLITNEASP,0.8086137781261227,0.8187919463087249,binary,custom,immune
WCYKMVHQFDGRLITNEASP,0.8496599555860357,0.8699551569506726,binary,resnet,immune
WCYKMVHQFDGRLITNEASP,0.8156453087750236,0.8256704980842912,binary,custom,immune
WCYKMVHQFDGRLITNEASP,0.7955386009601253,0.8321917808219178,binary,resnet,immune
WCYKMVHQFDGRLITNEASP,0.8122754808791353,0.8239771646051379,binary,custom,immune
WCYKMVHQFDGRLITNEASP,0.8186477417458607,0.8449955713020372,binary,resnet,immune
WCYKMVHQFDGRLITNEASP,0.8071707325038373,0.8193916349809885,binary,custom,immune
WCYKMVHQFDGRLITNEASP,0.8501355279056856,0.8653136531365314,binary,resnet,immune
WCYKMVHQFDGRLITNEASP,0.8097690310571176,0.8192307692307692,binary,custom,immune
WCYKMVHQFDGRLITNEASP,0.8589019790339963,0.8744271310724107,binary,resnet,immune
WCYKMVHQFDGRLITNEASP,0.8135266647072271,0.8240917782026769,binary,custom,immune
WCYKMVHQFDGRLITNEASP,0.8776819829528755,0.8897126969416126,binary,resnet,immune
WCYKMVHQFDGRLITNEASP,0.8058236177786486,0.8196411709159585,binary,custom,immune
WCYKMVHQFDGRLITNEASP,0.8232646713040072,0.843065693430657,binary,resnet,immune
WCYKMVHQFDGRLITNEASP,0.8144900558440286,0.8252148997134671,binary,custom,immune
WCYKMVHQFDGRLITNEASP,0.8102772607034388,0.8462192013593883,binary,resnet,immune
WCYKMVHQFDGRLITNEASP,0.8096771823258548,0.8240827845719662,binary,custom,immune
WCYKMVHQFDGRLITNEASP,0.8758511315763692,0.8874418604651163,binary,resnet,immune
WCYKMVHQFDGRLITNEASP,0.8089015708174128,0.8177434908389586,binary,custom,immune
WCYKMVHQFDGRLITNEASP,0.8612961692955815,0.8647058823529412,binary,resnet,immune
WCYKMVHQFDGRLITNEASP,0.8032253192253681,0.8197945845004668,binary,custom,immune
WCYKMVHQFDGRLITNEASP,0.86804807158486,0.8793264733395697,binary,resnet,immune
WCYKMVHQFDGRLITNEASP,0.8208459880474186,0.829971181556196,binary,custom,immune
WCYKMVHQFDGRLITNEASP,0.8517785996538323,0.87151841868823,binary,resnet,immune
WCYKMVHQFDGRLITNEASP,0.7892622709904967,0.8106617647058824,binary,custom,immune
WCYKMVHQFDGRLITNEASP,0.8673765553051828,0.8808864265927978,binary,resnet,immune
WCYKMVHQFDGRLITNEASP,0.8153575160837333,0.8266666666666667,binary,custom,immune
WCYKMVHQFDGRLITNEASP,0.8773901080957511,0.8872180451127819,binary,resnet,immune
WCYKMVHQFDGRLITNEASP,0.8132388720159368,0.8250950570342205,binary,custom,immune
WCYKMVHQFDGRLITNEASP,0.8714056529832468,0.8708708708708709,binary,resnet,immune
WCYKMVHQFDGRLITNEASP,0.8024497077169264,0.8133971291866029,binary,custom,immune
WCYKMVHQFDGRLITNEASP,0.8816192318996766,0.8840864440078585,binary,resnet,immune
WCYKMVHQFDGRLITNEASP,0.8071707325038373,0.8193916349809885,binary,custom,immune
WCYKMVHQFDGRLITNEASP,0.8622636425982168,0.8694817658349329,binary,resnet,immune
WCYKMVHQFDGRLITNEASP,0.8050480062702068,0.8131655372700871,binary,custom,immune
WCYKMVHQFDGRLITNEASP,0.8698789229613664,0.8816402609506058,binary,resnet,immune
WCYKMVHQFDGRLITNEASP,0.7927239476176481,0.8071833648393195,binary,custom,immune
WCYKMVHQFDGRLITNEASP,0.8699748538584631,0.8814192343604108,binary,resnet,immune
WCYKMVHQFDGRLITNEASP,0.8111202279481402,0.8235294117647058,binary,custom,immune
WCYKMVHQFDGRLITNEASP,0.7379596518728977,0.8050314465408805,binary,resnet,immune
WCYKMVHQFDGRLITNEASP,0.817859883739917,0.8269230769230769,binary,custom,immune
WCYKMVHQFDGRLITNEASP,0.862735132752033,0.8606060606060606,binary,resnet,immune
WCYKMVHQFDGRLITNEASP,0.8006229385062539,0.815442561205273,binary,custom,immune
WCYKMVHQFDGRLITNEASP,0.8524541980993435,0.8732142857142857,binary,resnet,immune
WCYKMVHQFDGRLITNEASP,0.8003351458149637,0.8164794007490637,binary,custom,immune
WCYKMVHQFDGRLITNEASP,0.8442592501877797,0.8592592592592593,binary,resnet,immune
WCYKMVHQFDGRLITNEASP,0.8060154795728423,0.818957345971564,binary,custom,immune
WCYKMVHQFDGRLITNEASP,0.8146104797361289,0.8488471391972673,binary,resnet,immune
WCYKMVHQFDGRLITNEASP,0.810444629502629,0.8213944603629417,binary,custom,immune
WCYKMVHQFDGRLITNEASP,0.8739161849710982,0.8787584869059166,binary,resnet,immune
WCYKMVHQFDGRLITNEASP,0.8123714117762321,0.8236415633937083,binary,custom,immune
WCYKMVHQFDGRLITNEASP,0.8488843440775938,0.8650137741046832,binary,resnet,immune
WCYKMVHQFDGRLITNEASP,0.8168005617060188,0.8261287223823247,binary,custom,immune
WCYKMVHQFDGRLITNEASP,0.8749795891708305,0.8829686013320647,binary,resnet,immune
WCYKMVHQFDGRLITNEASP,0.8011025929917377,0.8136882129277566,binary,custom,immune
WCYKMVHQFDGRLITNEASP,0.871997567029163,0.8832866479925303,binary,resnet,immune
WCYKMVHQFDGRLITNEASP,0.8065910649554228,0.8168744007670182,binary,custom,immune
WCYKMVHQFDGRLITNEASP,0.8799965709806995,0.8939670932358318,binary,resnet,immune
WCYKMVHQFDGRLITNEASP,0.812755135364619,0.8222862632084534,binary,custom,immune
WCYKMVHQFDGRLITNEASP,0.8725813167434113,0.888283378746594,binary,resnet,immune
WCYKMVHQFDGRLITNEASP,0.8110242970510433,0.8238636363636364,binary,custom,immune
WCYKMVHQFDGRLITNEASP,0.8487006466150682,0.8722466960352423,binary,resnet,immune
WCYKMVHQFDGRLITNEASP,0.8140063191927108,0.8223938223938224,binary,custom,immune
WCYKMVHQFDGRLITNEASP,0.8874077430521538,0.8968105065666041,binary,resnet,immune
WCYKMVHQFDGRLITNEASP,0.8144941380098625,0.8295880149812734,binary,custom,immune
WCYKMVHQFDGRLITNEASP,0.842912135462591,0.859245630174793,binary,resnet,immune
WCYKMVHQFDGRLITNEASP,0.807266663400934,0.819047619047619,binary,custom,immune
WCYKMVHQFDGRLITNEASP,0.884997224127233,0.8926875593542261,binary,resnet,immune
WCYKMVHQFDGRLITNEASP,0.8101568368113387,0.8224121557454891,binary,custom,immune
WCYKMVHQFDGRLITNEASP,0.8770941510727931,0.8813229571984436,binary,resnet,immune
WCYKMVHQFDGRLITNEASP,0.8158371705692171,0.825,binary,custom,immune
WCYKMVHQFDGRLITNEASP,0.8650538029456909,0.8693957115009746,binary,resnet,immune
WCYKMVHQFDGRLITNEASP,0.819111067568009,0.8270531400966183,binary,custom,immune
WCYKMVHQFDGRLITNEASP,0.8449430129649587,0.8680248007085917,binary,resnet,immune
WCYKMVHQFDGRLITNEASP,0.8064951340583261,0.8172248803827751,binary,custom,immune
WCYKMVHQFDGRLITNEASP,0.8634311420267137,0.8802177858439202,binary,resnet,immune
WCYKMVHQFDGRLITNEASP,0.8090934326116063,0.8170377541142304,binary,custom,immune
WCYKMVHQFDGRLITNEASP,0.7728131837627772,0.8190158465387823,binary,resnet,immune
WCYKMVHQFDGRLITNEASP,0.7979246268900427,0.8113744075829384,binary,custom,immune
WCYKMVHQFDGRLITNEASP,0.8737284053427388,0.8825757575757576,binary,resnet,immune
WCYKMVHQFDGRLITNEASP,0.8081382058064727,0.8249534450651769,binary,custom,immune
WCYKMVHQFDGRLITNEASP,0.8492721498318148,0.867513611615245,binary,resnet,immune
WCYKMVHQFDGRLITNEASP,0.8090015838803436,0.821969696969697,binary,custom,immune
WCYKMVHQFDGRLITNEASP,0.8790209333463962,0.883495145631068,binary,resnet,immune
WCYKMVHQFDGRLITNEASP,0.822193102772607,0.8297872340425532,binary,custom,immune
WCYKMVHQFDGRLITNEASP,0.840513863035172,0.8654353562005277,binary,resnet,immune
WCYKMVHQFDGRLITNEASP,0.8104487116684628,0.8258426966292135,binary,custom,immune
WCYKMVHQFDGRLITNEASP,0.8762307729989224,0.8833652007648184,binary,resnet,immune
WCYKMVHQFDGRLITNEASP,0.8051480193331374,0.8174904942965779,binary,custom,immune
WCYKMVHQFDGRLITNEASP,0.8676684301623068,0.8834244080145719,binary,resnet,immune
WCYKMVHQFDGRLITNEASP,0.8126592044675223,0.822627037392138,binary,custom,immune
WCYKMVHQFDGRLITNEASP,0.8602531759250188,0.8778280542986425,binary,resnet,immune
WCYKMVHQFDGRLITNEASP,0.8128551484275498,0.8264150943396227,binary,custom,immune
WCYKMVHQFDGRLITNEASP,0.8867280624408086,0.8921001926782274,binary,resnet,immune
WCYKMVHQFDGRLITNEASP,0.8083300676006661,0.8242990654205608,binary,custom,immune
WCYKMVHQFDGRLITNEASP,0.8736283922798079,0.8794599807135969,binary,resnet,immune
WCYKMVHQFDGRLITNEASP,0.8189192057738154,0.8277189605389798,binary,custom,immune
WCYKMVHQFDGRLITNEASP,0.8575548643088077,0.8743169398907104,binary,resnet,immune
WCYKMVHQFDGRLITNEASP,0.8217134482871232,0.8314176245210728,binary,custom,immune
WCYKMVHQFDGRLITNEASP,0.8663172332712845,0.8800738007380073,binary,resnet,immune
WCYKMVHQFDGRLITNEASP,0.8031293883282714,0.8201304753028891,binary,custom,immune
WCYKMVHQFDGRLITNEASP,0.8698666764638645,0.8712871287128713,binary,resnet,immune
WCYKMVHQFDGRLITNEASP,0.811987688187845,0.8249763481551561,binary,custom,immune
WCYKMVHQFDGRLITNEASP,0.870538192743542,0.8694779116465864,binary,resnet,immune
WCYKMVHQFDGRLITNEASP,0.8043805721563633,0.8202247191011236,binary,custom,immune
WCYKMVHQFDGRLITNEASP,0.8719016361320662,0.8835041938490215,binary,resnet,immune
WCYKMVHQFDGRLITNEASP,0.8094812383658274,0.8202676864244742,binary,custom,immune
WCYKMVHQFDGRLITNEASP,0.8583223114855817,0.8724584103512015,binary,resnet,immune
WCYKMVHQFDGRLITNEASP,0.7984083635413606,0.8142589118198874,binary,custom,immune
WCYKMVHQFDGRLITNEASP,0.8678562097906666,0.8797763280521901,binary,resnet,immune
WCYKMVHQFDGRLITNEASP,0.8101568368113387,0.8224121557454891,binary,custom,immune
WCYKMVHQFDGRLITNEASP,0.8831745370823945,0.8964252978918423,binary,resnet,immune
WCYKMVHQFDGRLITNEASP,0.795426341399693,0.8158379373848987,binary,custom,immune
WCYKMVHQFDGRLITNEASP,0.8536972175957676,0.8667287977632805,binary,resnet,immune
WCYKMVHQFDGRLITNEASP,0.8149697103295125,0.8235294117647058,binary,custom,immune
WCYKMVHQFDGRLITNEASP,0.8764226347931159,0.8829174664107485,binary,resnet,immune
WCYKMVHQFDGRLITNEASP,0.8131388589530061,0.8209099709583737,binary,custom,immune
WCYKMVHQFDGRLITNEASP,0.8663213154371184,0.8832579185520362,binary,resnet,immune
WCYKMVHQFDGRLITNEASP,0.8075585382580582,0.8225352112676056,binary,custom,immune
WCYKMVHQFDGRLITNEASP,0.86295148754123,0.8812949640287769,binary,resnet,immune
WCYKMVHQFDGRLITNEASP,0.8137144443355867,0.8188050930460333,binary,custom,immune
WCYKMVHQFDGRLITNEASP,0.8662213023741876,0.8802946593001841,binary,resnet,immune
WCYKMVHQFDGRLITNEASP,0.8179558146370138,0.8265895953757225,binary,custom,immune
WCYKMVHQFDGRLITNEASP,0.8646782436889715,0.8773234200743495,binary,resnet,immune
WCYKMVHQFDGRLITNEASP,0.8136225956043238,0.8237547892720306,binary,custom,immune
WCYKMVHQFDGRLITNEASP,0.8063318474249698,0.8461538461538461,binary,resnet,immune
WCYKMVHQFDGRLITNEASP,0.8122754808791353,0.8239771646051379,binary,custom,immune
WCYKMVHQFDGRLITNEASP,0.8599613010678947,0.8752293577981651,binary,resnet,immune
WCYKMVHQFDGRLITNEASP,0.80649921622416,0.8217636022514071,binary,custom,immune
WCYKMVHQFDGRLITNEASP,0.8515867378596387,0.8719785138764548,binary,resnet,immune
WCYKMVHQFDGRLITNEASP,0.8089015708174128,0.8177434908389586,binary,custom,immune
WCYKMVHQFDGRLITNEASP,0.7773382645896606,0.8208578637510513,binary,resnet,immune
WCYKMVHQFDGRLITNEASP,0.806107328304105,0.813953488372093,binary,custom,immune
WCYKMVHQFDGRLITNEASP,0.8756551876163418,0.8846880907372401,binary,resnet,immune
WCYKMVHQFDGRLITNEASP,0.8128551484275498,0.8264150943396227,binary,custom,immune
WCYKMVHQFDGRLITNEASP,0.8758388850788674,0.8774703557312253,binary,resnet,immune
WCYKMVHQFDGRLITNEASP,0.818339538225401,0.8252427184466019,binary,custom,immune
WCYKMVHQFDGRLITNEASP,0.873540625714379,0.8862164662349676,binary,resnet,immune
WCYKMVHQFDGRLITNEASP,0.819111067568009,0.8270531400966183,binary,custom,immune
WCYKMVHQFDGRLITNEASP,0.8789290846151334,0.8869895536562203,binary,resnet,immune
WCYKMVHQFDGRLITNEASP,0.8107324221939192,0.8203650336215178,binary,custom,immune
WCYKMVHQFDGRLITNEASP,0.8422447013487475,0.8645276292335116,binary,resnet,immune
WCYKMVHQFDGRLITNEASP,0.8014863165801247,0.8122605363984674,binary,custom,immune
WCYKMVHQFDGRLITNEASP,0.8657375657228699,0.878139534883721,binary,resnet,immune
WCYKMVHQFDGRLITNEASP,0.8177598706769864,0.8227228207639569,binary,custom,immune
WCYKMVHQFDGRLITNEASP,0.8819151889226349,0.889943074003795,binary,resnet,immune
WCYKMVHQFDGRLITNEASP,0.8002392149178668,0.8168224299065421,binary,custom,immune
WCYKMVHQFDGRLITNEASP,0.878257568335456,0.8884723523898782,binary,resnet,immune
WCYKMVHQFDGRLITNEASP,0.7968653048561445,0.8106060606060606,binary,custom,immune
WCYKMVHQFDGRLITNEASP,0.8803802945690865,0.8931860036832413,binary,resnet,immune
WCYKMVHQFDGRLITNEASP,0.8251792070801085,0.8328502415458937,binary,custom,immune
WCYKMVHQFDGRLITNEASP,0.8733405995885176,0.8801534036433365,binary,resnet,immune
WCYKMVHQFDGRLITNEASP,0.8017781914372489,0.8158640226628895,binary,custom,immune
WCYKMVHQFDGRLITNEASP,0.8714178994807484,0.8813559322033898,binary,resnet,immune
WCYKMVHQFDGRLITNEASP,0.8063951209953953,0.8128654970760234,binary,custom,immune
WCYKMVHQFDGRLITNEASP,0.8471208484373469,0.8333333333333334,binary,resnet,immune
WCYKMVHQFDGRLITNEASP,0.7965775121648542,0.8116760828625236,binary,custom,immune
WCYKMVHQFDGRLITNEASP,0.7785935305835865,0.8248962655601659,binary,resnet,immune
WCYKMVHQFDGRLITNEASP,0.8113080075764998,0.8182701652089407,binary,custom,immune
WCYKMVHQFDGRLITNEASP,0.8730487247313936,0.877431906614786,binary,resnet,immune
WCYKMVHQFDGRLITNEASP,0.8034130988537278,0.8145315487571702,binary,custom,immune
WCYKMVHQFDGRLITNEASP,0.8567792528003656,0.8694029850746269,binary,resnet,immune
WCYKMVHQFDGRLITNEASP,0.8097690310571176,0.8192307692307692,binary,custom,immune
WCYKMVHQFDGRLITNEASP,0.8677561967277359,0.8766603415559773,binary,resnet,immune
WCYKMVHQFDGRLITNEASP,0.806111410469939,0.818613485280152,binary,custom,immune
WCYKMVHQFDGRLITNEASP,0.8242443911041442,0.8585944115156647,binary,resnet,immune
WCYKMVHQFDGRLITNEASP,0.8126592044675223,0.822627037392138,binary,custom,immune
WCYKMVHQFDGRLITNEASP,0.8738080075764998,0.8680412371134021,binary,resnet,immune
WCYKMVHQFDGRLITNEASP,0.8189192057738154,0.8277189605389798,binary,custom,immune
WCYKMVHQFDGRLITNEASP,0.877873844747069,0.8893023255813953,binary,resnet,immune
WCYKMVHQFDGRLITNEASP,0.812755135364619,0.8222862632084534,binary,custom,immune
WCYKMVHQFDGRLITNEASP,0.8804639789686817,0.8834476003917727,binary,resnet,immune
WCYKMVHQFDGRLITNEASP,0.8099608928513111,0.8185328185328186,binary,custom,immune
WCYKMVHQFDGRLITNEASP,0.8853809477156199,0.8918660287081339,binary,resnet,immune
WCYKMVHQFDGRLITNEASP,0.8023537768198296,0.8137535816618912,binary,custom,immune
WCYKMVHQFDGRLITNEASP,0.7825389438620554,0.8246205733558178,binary,resnet,immune
WCYKMVHQFDGRLITNEASP,0.8116998954965547,0.825964252116651,binary,custom,immune
WCYKMVHQFDGRLITNEASP,0.8687032592012018,0.86302780638517,binary,resnet,immune
WCYKMVHQFDGRLITNEASP,0.8168005617060188,0.8261287223823247,binary,custom,immune
WCYKMVHQFDGRLITNEASP,0.8715097482120114,0.87776708373436,binary,resnet,immune
WCYKMVHQFDGRLITNEASP,0.8064951340583261,0.8172248803827751,binary,custom,immune
WCYKMVHQFDGRLITNEASP,0.8822989125110219,0.8891013384321224,binary,resnet,immune
WCYKMVHQFDGRLITNEASP,0.8141063322556417,0.8265402843601896,binary,custom,immune
WCYKMVHQFDGRLITNEASP,0.8338701381404918,0.8616187989556136,binary,resnet,immune
WCYKMVHQFDGRLITNEASP,0.7925320858234545,0.807909604519774,binary,custom,immune
WCYKMVHQFDGRLITNEASP,0.8547606217954997,0.8709972552607502,binary,resnet,immune
WCYKMVHQFDGRLITNEASP,0.8234442866006989,0.8299319727891157,binary,custom,immune
WCYKMVHQFDGRLITNEASP,0.8758429672447013,0.8809293320425944,binary,resnet,immune
WCYKMVHQFDGRLITNEASP,0.8130429280559094,0.821256038647343,binary,custom,immune
WCYKMVHQFDGRLITNEASP,0.8784412657979817,0.881488736532811,binary,resnet,immune
WCYKMVHQFDGRLITNEASP,0.7972531106103653,0.813844714686623,binary,custom,immune
WCYKMVHQFDGRLITNEASP,0.8590734299990203,0.8553971486761711,binary,resnet,immune
WCYKMVHQFDGRLITNEASP,0.81314294111884,0.825426944971537,binary,custom,immune
WCYKMVHQFDGRLITNEASP,0.8094934848633292,0.8331830477908025,binary,resnet,immune
WCYKMVHQFDGRLITNEASP,0.8020659841285392,0.8148148148148148,binary,custom,immune
WCYKMVHQFDGRLITNEASP,0.8342538617288788,0.8606485539000877,binary,resnet,immune
WCYKMVHQFDGRLITNEASP,0.8154534469808301,0.8263358778625954,binary,custom,immune
WCYKMVHQFDGRLITNEASP,0.8554362202410111,0.8727272727272727,binary,resnet,immune
WCYKMVHQFDGRLITNEASP,0.8114080206394305,0.8225190839694656,binary,custom,immune
WCYKMVHQFDGRLITNEASP,0.863802619117599,0.8690591658583899,binary,resnet,immune
WCYKMVHQFDGRLITNEASP,0.8036049606479213,0.8138195777351248,binary,custom,immune
WCYKMVHQFDGRLITNEASP,0.8504314849286438,0.8714285714285714,binary,resnet,immune
WCYKMVHQFDGRLITNEASP,0.811983606022011,0.8204633204633205,binary,custom,immune
WCYKMVHQFDGRLITNEASP,0.8781616374383594,0.8886810102899907,binary,resnet,immune
WCYKMVHQFDGRLITNEASP,0.7979246268900427,0.8113744075829384,binary,custom,immune
WCYKMVHQFDGRLITNEASP,0.8684277130074133,0.875,binary,resnet,immune
WCYKMVHQFDGRLITNEASP,0.807266663400934,0.819047619047619,binary,custom,immune
WCYKMVHQFDGRLITNEASP,0.8402219881780478,0.8627450980392157,binary,resnet,immune
WCYKMVHQFDGRLITNEASP,0.8139103882956141,0.8227360308285164,binary,custom,immune
WCYKMVHQFDGRLITNEASP,0.8550484144867901,0.8702851885924563,binary,resnet,immune
WCYKMVHQFDGRLITNEASP,0.7973449593416284,0.8087954110898662,binary,custom,immune
WCYKMVHQFDGRLITNEASP,0.8162453871526076,0.8480138169257341,binary,resnet,immune
WCYKMVHQFDGRLITNEASP,0.8082300545377356,0.8201712654614652,binary,custom,immune
WCYKMVHQFDGRLITNEASP,0.8561118186865224,0.8744354110207768,binary,resnet,immune
WCYKMVHQFDGRLITNEASP,0.8091975278403709,0.825722273998136,binary,custom,immune
WCYKMVHQFDGRLITNEASP,0.8776738186212076,0.8833172613307618,binary,resnet,immune
WCYKMVHQFDGRLITNEASP,0.8142022631527382,0.8262108262108262,binary,custom,immune
WCYKMVHQFDGRLITNEASP,0.8598531236732962,0.8649173955296404,binary,resnet,immune
WCYKMVHQFDGRLITNEASP,0.8234483687665328,0.8342857142857143,binary,custom,immune
WCYKMVHQFDGRLITNEASP,0.883841971196238,0.8920454545454546,binary,resnet,immune
WCYKMVHQFDGRLITNEASP,0.8023537768198296,0.8137535816618912,binary,custom,immune
WCYKMVHQFDGRLITNEASP,0.8896182358512131,0.8952929875120077,binary,resnet,immune
WCYKMVHQFDGRLITNEASP,0.8145859867411254,0.8248803827751197,binary,custom,immune
WCYKMVHQFDGRLITNEASP,0.7474894680121486,0.8067632850241546,binary,resnet,immune
WCYKMVHQFDGRLITNEASP,0.8179598968028476,0.8309726156751652,binary,custom,immune
WCYKMVHQFDGRLITNEASP,0.8541850364129193,0.8723981900452489,binary,resnet,immune
WCYKMVHQFDGRLITNEASP,0.8038968355050455,0.8174077578051088,binary,custom,immune
WCYKMVHQFDGRLITNEASP,0.8804639789686817,0.8834476003917727,binary,resnet,immune
WCYKMVHQFDGRLITNEASP,0.8095771692629241,0.8199233716475096,binary,custom,immune
WCYKMVHQFDGRLITNEASP,0.8783453349008851,0.8817204301075269,binary,resnet,immune
WCYKMVHQFDGRLITNEASP,0.8032212370595343,0.8152380952380952,binary,custom,immune
WCYKMVHQFDGRLITNEASP,0.8679521406877633,0.8795518207282913,binary,resnet,immune
WCYKMVHQFDGRLITNEASP,0.8163209072205349,0.8277830637488106,binary,custom,immune
WCYKMVHQFDGRLITNEASP,0.882294830345188,0.8858536585365854,binary,resnet,immune
WCYKMVHQFDGRLITNEASP,0.8150697233924431,0.8276515151515151,binary,custom,immune
WCYKMVHQFDGRLITNEASP,0.8641740962084842,0.85625,binary,resnet,immune
WCYKMVHQFDGRLITNEASP,0.801390385683028,0.8126195028680688,binary,custom,immune
WCYKMVHQFDGRLITNEASP,0.8670887626138926,0.8815426997245179,binary,resnet,immune
WCYKMVHQFDGRLITNEASP,0.8215215864929297,0.8320610687022901,binary,custom,immune
WCYKMVHQFDGRLITNEASP,0.8473412853923777,0.8619091751621872,binary,resnet,immune
WCYKMVHQFDGRLITNEASP,0.8154534469808301,0.8263358778625954,binary,custom,immune
WCYKMVHQFDGRLITNEASP,0.8643782045001797,0.8675171736997056,binary,resnet,immune
WCYKMVHQFDGRLITNEASP,0.8113120897423337,0.8228571428571428,binary,custom,immune
WCYKMVHQFDGRLITNEASP,0.8956863753633127,0.9010566762728146,binary,resnet,immune
WCYKMVHQFDGRLITNEASP,0.8147819307011528,0.8286252354048964,binary,custom,immune
WCYKMVHQFDGRLITNEASP,0.8759470624734659,0.8872320596458527,binary,resnet,immune
WCYKMVHQFDGRLITNEASP,0.8097690310571176,0.8192307692307692,binary,custom,immune
WCYKMVHQFDGRLITNEASP,0.8651497338427876,0.869140625,binary,resnet,immune
WCYKMVHQFDGRLITNEASP,0.8022578459227329,0.8141086749285034,binary,custom,immune
WCYKMVHQFDGRLITNEASP,0.8651497338427876,0.869140625,binary,resnet,immune
WCYKMVHQFDGRLITNEASP,0.8150656412266092,0.8231884057971014,binary,custom,immune
WCYKMVHQFDGRLITNEASP,0.7380474184383267,0.7964169381107492,binary,resnet,immune
WCYKMVHQFDGRLITNEASP,0.8188232748767186,0.8280499519692603,binary,custom,immune
WCYKMVHQFDGRLITNEASP,0.8397341693608962,0.8568807339449541,binary,resnet,immune
WCYKMVHQFDGRLITNEASP,0.8009107311975442,0.8143939393939394,binary,custom,immune
WCYKMVHQFDGRLITNEASP,0.8552443584468176,0.8731884057971014,binary,resnet,immune
WCYKMVHQFDGRLITNEASP,0.810444629502629,0.8213944603629417,binary,custom,immune
WCYKMVHQFDGRLITNEASP,0.8005474184383267,0.8366124893071001,binary,resnet,immune
WCYKMVHQFDGRLITNEASP,0.8147819307011528,0.8286252354048964,binary,custom,immune
WCYKMVHQFDGRLITNEASP,0.8591652787302831,0.8508863399374348,binary,resnet,immune
WCYKMVHQFDGRLITNEASP,0.8072707455667679,0.8235294117647058,binary,custom,immune
WCYKMVHQFDGRLITNEASP,0.8689951340583261,0.8661257606490872,binary,resnet,immune
WCYKMVHQFDGRLITNEASP,0.7953263283367624,0.8116213683223993,binary,custom,immune
WCYKMVHQFDGRLITNEASP,0.8692910910812841,0.87279843444227,binary,resnet,immune
WCYKMVHQFDGRLITNEASP,0.8137226086672545,0.8278457196613358,binary,custom,immune
WCYKMVHQFDGRLITNEASP,0.8676521014989713,0.8698224852071006,binary,resnet,immune
WCYKMVHQFDGRLITNEASP,0.8193988602592993,0.826044703595724,binary,custom,immune
WCYKMVHQFDGRLITNEASP,0.8666805460305018,0.8609680741503605,binary,resnet,immune
WCYKMVHQFDGRLITNEASP,0.8134307338101303,0.8244274809160306,binary,custom,immune
WCYKMVHQFDGRLITNEASP,0.8612084027301525,0.8721804511278195,binary,resnet,immune
WCYKMVHQFDGRLITNEASP,0.8099608928513111,0.8185328185328186,binary,custom,immune
WCYKMVHQFDGRLITNEASP,0.8743958394565821,0.8775710088148874,binary,resnet,immune
WCYKMVHQFDGRLITNEASP,0.8145859867411254,0.8248803827751197,binary,custom,immune
WCYKMVHQFDGRLITNEASP,0.8845216518075831,0.8966789667896679,binary,resnet,immune
WCYKMVHQFDGRLITNEASP,0.8041846281963358,0.8163653663177926,binary,custom,immune
WCYKMVHQFDGRLITNEASP,0.870930080663597,0.8757281553398059,binary,resnet,immune
WCYKMVHQFDGRLITNEASP,0.8013944678488619,0.817244611059044,binary,custom,immune
WCYKMVHQFDGRLITNEASP,0.8125836843995948,0.8434782608695652,binary,resnet,immune
WCYKMVHQFDGRLITNEASP,0.8169924235002123,0.8254580520732884,binary,custom,immune
WCYKMVHQFDGRLITNEASP,0.879116864243493,0.8832684824902723,binary,resnet,immune
WCYKMVHQFDGRLITNEASP,0.7973490415074622,0.8134957825679475,binary,custom,immune
WCYKMVHQFDGRLITNEASP,0.8515867378596387,0.8719785138764548,binary,resnet,immune
WCYKMVHQFDGRLITNEASP,0.8012944547859312,0.8129770992366412,binary,custom,immune
WCYKMVHQFDGRLITNEASP,0.8612961692955815,0.8647058823529412,binary,resnet,immune
WCYKMVHQFDGRLITNEASP,0.8075585382580582,0.8225352112676056,binary,custom,immune
WCYKMVHQFDGRLITNEASP,0.8693788576467131,0.8650306748466258,binary,resnet,immune
WCYKMVHQFDGRLITNEASP,0.808038192743542,0.8208530805687204,binary,custom,immune
WCYKMVHQFDGRLITNEASP,0.8341538486659482,0.857397504456328,binary,resnet,immune
WCYKMVHQFDGRLITNEASP,0.8031253061624375,0.8155893536121673,binary,custom,immune
WCYKMVHQFDGRLITNEASP,0.8717097743378727,0.8839368616527391,binary,resnet,immune
WCYKMVHQFDGRLITNEASP,0.8022578459227329,0.8141086749285034,binary,custom,immune
WCYKMVHQFDGRLITNEASP,0.8612084027301525,0.8721804511278195,binary,resnet,immune
WCYKMVHQFDGRLITNEASP,0.8070748016067405,0.8197343453510436,binary,custom,immune
WCYKMVHQFDGRLITNEASP,0.8806558407628752,0.8829891838741396,binary,resnet,immune
WCYKMVHQFDGRLITNEASP,0.818339538225401,0.8252427184466019,binary,custom,immune
WCYKMVHQFDGRLITNEASP,0.8349253780085564,0.8589174800354925,binary,resnet,immune
WCYKMVHQFDGRLITNEASP,0.8090975147774404,0.8216318785578748,binary,custom,immune
WCYKMVHQFDGRLITNEASP,0.8620595343065216,0.8585961342828077,binary,resnet,immune
WCYKMVHQFDGRLITNEASP,0.818339538225401,0.8252427184466019,binary,custom,immune
WCYKMVHQFDGRLITNEASP,0.8588938147023284,0.8674928503336511,binary,resnet,immune
WCYKMVHQFDGRLITNEASP,0.8049561575389439,0.8181818181818182,binary,custom,immune
WCYKMVHQFDGRLITNEASP,0.872769096371771,0.8847583643122676,binary,resnet,immune
WCYKMVHQFDGRLITNEASP,0.8044724208876262,0.815311004784689,binary,custom,immune
WCYKMVHQFDGRLITNEASP,0.8824826099735475,0.882,binary,resnet,immune
WCYKMVHQFDGRLITNEASP,0.8081341236406387,0.8205128205128205,binary,custom,immune
WCYKMVHQFDGRLITNEASP,0.8681440024819569,0.8791002811621368,binary,resnet,immune
WCYKMVHQFDGRLITNEASP,0.8079422618464452,0.8211920529801324,binary,custom,immune
WCYKMVHQFDGRLITNEASP,0.8707423010352373,0.8796208530805687,binary,resnet,immune
WCYKMVHQFDGRLITNEASP,0.8165127690147285,0.8271251193887297,binary,custom,immune
WCYKMVHQFDGRLITNEASP,0.8840297508245974,0.8884578079534433,binary,resnet,immune
WCYKMVHQFDGRLITNEASP,0.8181517585970414,0.8303317535545024,binary,custom,immune
WCYKMVHQFDGRLITNEASP,0.8745917834166095,0.8805394990366089,binary,resnet,immune
WCYKMVHQFDGRLITNEASP,0.8102527677084355,0.8220742150333016,binary,custom,immune
WCYKMVHQFDGRLITNEASP,0.8719016361320662,0.8835041938490215,binary,resnet,immune
WCYKMVHQFDGRLITNEASP,0.8297042879069919,0.8351219512195122,binary,custom,immune
WCYKMVHQFDGRLITNEASP,0.8829622644590315,0.8808080808080808,binary,resnet,immune
WCYKMVHQFDGRLITNEASP,0.8038968355050455,0.8174077578051088,binary,custom,immune
WCYKMVHQFDGRLITNEASP,0.8628269814832958,0.8562564632885212,binary,resnet,immune
WCYKMVHQFDGRLITNEASP,0.8154534469808301,0.8263358778625954,binary,custom,immune
WCYKMVHQFDGRLITNEASP,0.8771941641357238,0.8844317096466093,binary,resnet,immune
WCYKMVHQFDGRLITNEASP,0.8064032853270631,0.8220973782771536,binary,custom,immune
WCYKMVHQFDGRLITNEASP,0.8750755200679272,0.882745471877979,binary,resnet,immune
WCYKMVHQFDGRLITNEASP,0.8053398811273309,0.816793893129771,binary,custom,immune
WCYKMVHQFDGRLITNEASP,0.8786331275921753,0.8810226155358899,binary,resnet,immune
WCYKMVHQFDGRLITNEASP,0.8046683648476535,0.8192090395480226,binary,custom,immune
WCYKMVHQFDGRLITNEASP,0.8729568760001306,0.8810656517602283,binary,resnet,immune
WCYKMVHQFDGRLITNEASP,0.7950385356454721,0.8126747437092264,binary,custom,immune
WCYKMVHQFDGRLITNEASP,0.8682276868815519,0.8682634730538922,binary,resnet,immune
WCYKMVHQFDGRLITNEASP,0.812755135364619,0.8222862632084534,binary,custom,immune
WCYKMVHQFDGRLITNEASP,0.8821029685509943,0.8862973760932945,binary,resnet,immune
WCYKMVHQFDGRLITNEASP,0.8128510662617159,0.821944177093359,binary,custom,immune
WCYKMVHQFDGRLITNEASP,0.855907710394827,0.8645038167938931,binary,resnet,immune
WCYKMVHQFDGRLITNEASP,0.8079422618464452,0.8211920529801324,binary,custom,immune
WCYKMVHQFDGRLITNEASP,0.877490121158682,0.8901200369344414,binary,resnet,immune
WCYKMVHQFDGRLITNEASP,0.8050480062702068,0.8131655372700871,binary,custom,immune
WCYKMVHQFDGRLITNEASP,0.8626555305182719,0.8754646840148699,binary,resnet,immune
WCYKMVHQFDGRLITNEASP,0.8177639528428202,0.8272552783109405,binary,custom,immune
WCYKMVHQFDGRLITNEASP,0.8707463832010712,0.8828996282527881,binary,resnet,immune
WCYKMVHQFDGRLITNEASP,0.8039886842363084,0.8123791102514507,binary,custom,immune
WCYKMVHQFDGRLITNEASP,0.8764267169589497,0.8861712135465664,binary,resnet,immune
WCYKMVHQFDGRLITNEASP,0.8038968355050455,0.8174077578051088,binary,custom,immune
WCYKMVHQFDGRLITNEASP,0.8640026452434604,0.8755846585594013,binary,resnet,immune
WCYKMVHQFDGRLITNEASP,0.8084219163319291,0.8194842406876791,binary,custom,immune
WCYKMVHQFDGRLITNEASP,0.8065196270533294,0.8420153714773698,binary,resnet,immune
WCYKMVHQFDGRLITNEASP,0.8238320923549197,0.8330134357005758,binary,custom,immune
WCYKMVHQFDGRLITNEASP,0.8459064041017602,0.8690265486725663,binary,resnet,immune
WCYKMVHQFDGRLITNEASP,0.7971530975474348,0.8095238095238095,binary,custom,immune
WCYKMVHQFDGRLITNEASP,0.8513826295679435,0.8620037807183365,binary,resnet,immune
WCYKMVHQFDGRLITNEASP,0.8056276738186212,0.8157389635316699,binary,custom,immune
WCYKMVHQFDGRLITNEASP,0.7405538682603442,0.8006456820016142,binary,resnet,immune
WCYKMVHQFDGRLITNEASP,0.7986002253355541,0.8135593220338984,binary,custom,immune
WCYKMVHQFDGRLITNEASP,0.8710300937265276,0.8789323164918971,binary,resnet,immune
WCYKMVHQFDGRLITNEASP,0.8062073413670358,0.8182683158896289,binary,custom,immune
WCYKMVHQFDGRLITNEASP,0.8706382058064727,0.8729064039408867,binary,resnet,immune
WCYKMVHQFDGRLITNEASP,0.8110242970510433,0.8238636363636364,binary,custom,immune
WCYKMVHQFDGRLITNEASP,0.8312636752555436,0.8543342269883825,binary,resnet,immune
WCYKMVHQFDGRLITNEASP,0.8075544560922243,0.8180076628352491,binary,custom,immune
WCYKMVHQFDGRLITNEASP,0.8842297769504588,0.8942937324602432,binary,resnet,immune
WCYKMVHQFDGRLITNEASP,0.8001432840207701,0.8171641791044776,binary,custom,immune
WCYKMVHQFDGRLITNEASP,0.8903938473596551,0.8997188378631678,binary,resnet,immune
WCYKMVHQFDGRLITNEASP,0.8141063322556417,0.8265402843601896,binary,custom,immune
WCYKMVHQFDGRLITNEASP,0.8336741941804644,0.8586572438162544,binary,resnet,immune
WCYKMVHQFDGRLITNEASP,0.8063032722641325,0.8179218303145853,binary,custom,immune
WCYKMVHQFDGRLITNEASP,0.873540625714379,0.8862164662349676,binary,resnet,immune
WCYKMVHQFDGRLITNEASP,0.8044724208876262,0.815311004784689,binary,custom,immune
WCYKMVHQFDGRLITNEASP,0.8606164886842362,0.8588709677419355,binary,resnet,immune
WCYKMVHQFDGRLITNEASP,0.810444629502629,0.8213944603629417,binary,custom,immune
WCYKMVHQFDGRLITNEASP,0.8769063714444335,0.8850902184235517,binary,resnet,immune
WCYKMVHQFDGRLITNEASP,0.7990798798210379,0.811787072243346,binary,custom,immune
WCYKMVHQFDGRLITNEASP,0.8606287351817379,0.8701421800947867,binary,resnet,immune
WCYKMVHQFDGRLITNEASP,0.8082300545377356,0.8201712654614652,binary,custom,immune
WCYKMVHQFDGRLITNEASP,0.8691951601841874,0.873046875,binary,resnet,immune
WCYKMVHQFDGRLITNEASP,0.8081341236406387,0.8205128205128205,binary,custom,immune
WCYKMVHQFDGRLITNEASP,0.8615962084843735,0.8746518105849582,binary,resnet,immune
WCYKMVHQFDGRLITNEASP,0.8023537768198296,0.8137535816618912,binary,custom,immune
WCYKMVHQFDGRLITNEASP,0.8786290454263413,0.8775100401606426,binary,resnet,immune
WCYKMVHQFDGRLITNEASP,0.8128551484275498,0.8264150943396227,binary,custom,immune
WCYKMVHQFDGRLITNEASP,0.8718853074687306,0.8695652173913043,binary,resnet,immune
WCYKMVHQFDGRLITNEASP,0.8036090428137552,0.8184383819379115,binary,custom,immune
WCYKMVHQFDGRLITNEASP,0.7802243558342314,0.8198121263877028,binary,resnet,immune
WCYKMVHQFDGRLITNEASP,0.8179558146370138,0.8265895953757225,binary,custom,immune
WCYKMVHQFDGRLITNEASP,0.8581304496913882,0.8729281767955801,binary,resnet,immune
WCYKMVHQFDGRLITNEASP,0.8030293752653408,0.8159392789373814,binary,custom,immune
WCYKMVHQFDGRLITNEASP,0.875171450965024,0.8825214899713467,binary,resnet,immune
WCYKMVHQFDGRLITNEASP,0.7864680284771888,0.8070175438596491,binary,custom,immune
WCYKMVHQFDGRLITNEASP,0.858014107965122,0.854526958290946,binary,resnet,immune
WCYKMVHQFDGRLITNEASP,0.8148737794324156,0.8238691049085659,binary,custom,immune
WCYKMVHQFDGRLITNEASP,0.8222135136017766,0.8498683055311677,binary,resnet,immune
WCYKMVHQFDGRLITNEASP,0.8050520884360406,0.8178368121442126,binary,custom,immune
WCYKMVHQFDGRLITNEASP,0.8766226609189772,0.8888888888888888,binary,resnet,immune
WCYKMVHQFDGRLITNEASP,0.8107324221939192,0.8203650336215178,binary,custom,immune
WCYKMVHQFDGRLITNEASP,0.8616962215473041,0.8777372262773723,binary,resnet,immune
WCYKMVHQFDGRLITNEASP,0.8082300545377356,0.8201712654614652,binary,custom,immune
WCYKMVHQFDGRLITNEASP,0.8823989255739526,0.892018779342723,binary,resnet,immune
WCYKMVHQFDGRLITNEASP,0.8052439502302341,0.8171428571428572,binary,custom,immune
WCYKMVHQFDGRLITNEASP,0.8693033375787858,0.8829493087557604,binary,resnet,immune
WCYKMVHQFDGRLITNEASP,0.8147778485353188,0.8242074927953891,binary,custom,immune
WCYKMVHQFDGRLITNEASP,0.8663172332712845,0.8800738007380073,binary,resnet,immune
WCYKMVHQFDGRLITNEASP,0.8110242970510433,0.8238636363636364,binary,custom,immune
WCYKMVHQFDGRLITNEASP,0.8671846935109891,0.8813247470101196,binary,resnet,immune
WCYKMVHQFDGRLITNEASP,0.8118876751249142,0.8208092485549133,binary,custom,immune
WCYKMVHQFDGRLITNEASP,0.8585182554456092,0.8753412192902639,binary,resnet,immune
WCYKMVHQFDGRLITNEASP,0.8046683648476535,0.8192090395480226,binary,custom,immune
WCYKMVHQFDGRLITNEASP,0.8073870872930342,0.8432708688245315,binary,resnet,immune
WCYKMVHQFDGRLITNEASP,0.8171883674602397,0.8292220113851992,binary,custom,immune
WCYKMVHQFDGRLITNEASP,0.876722673981908,0.89171974522293,binary,resnet,immune
WCYKMVHQFDGRLITNEASP,0.7948466738512786,0.8133704735376045,binary,custom,immune
WCYKMVHQFDGRLITNEASP,0.8586101041768721,0.8717472118959108,binary,resnet,immune
WCYKMVHQFDGRLITNEASP,0.8095771692629241,0.8199233716475096,binary,custom,immune
WCYKMVHQFDGRLITNEASP,0.877957529146664,0.8792079207920792,binary,resnet,immune
WCYKMVHQFDGRLITNEASP,0.816704630808922,0.8264621284755513,binary,custom,immune
WCYKMVHQFDGRLITNEASP,0.8581222853597203,0.8659003831417624,binary,resnet,immune
WCYKMVHQFDGRLITNEASP,0.8204581822931976,0.8268482490272373,binary,custom,immune
WCYKMVHQFDGRLITNEASP,0.878257568335456,0.8884723523898782,binary,resnet,immune
WCYKMVHQFDGRLITNEASP,0.8070748016067405,0.8197343453510436,binary,custom,immune
WCYKMVHQFDGRLITNEASP,0.8874077430521538,0.8968105065666041,binary,resnet,immune
WCYKMVHQFDGRLITNEASP,0.8073625942980308,0.8187022900763359,binary,custom,immune
WCYKMVHQFDGRLITNEASP,0.8502355409686163,0.8685403445149592,binary,resnet,immune
WCYKMVHQFDGRLITNEASP,0.8041846281963358,0.8163653663177926,binary,custom,immune
WCYKMVHQFDGRLITNEASP,0.8381033441102512,0.8612099644128114,binary,resnet,immune
WCYKMVHQFDGRLITNEASP,0.8086137781261227,0.8187919463087249,binary,custom,immune
WCYKMVHQFDGRLITNEASP,0.8671724470134875,0.87109375,binary,resnet,immune
WCYKMVHQFDGRLITNEASP,0.8220012409784135,0.8304431599229287,binary,custom,immune
WCYKMVHQFDGRLITNEASP,0.8807558538258058,0.8861003861003861,binary,resnet,immune
WCYKMVHQFDGRLITNEASP,0.8094812383658274,0.8202676864244742,binary,custom,immune
WCYKMVHQFDGRLITNEASP,0.8593571405244766,0.8502617801047121,binary,resnet,immune
WCYKMVHQFDGRLITNEASP,0.8250832761830117,0.8331726133076182,binary,custom,immune
WCYKMVHQFDGRLITNEASP,0.8502314588027824,0.8650646950092421,binary,resnet,immune
WCYKMVHQFDGRLITNEASP,0.8029334443682439,0.8162878787878788,binary,custom,immune
WCYKMVHQFDGRLITNEASP,0.872769096371771,0.8847583643122676,binary,resnet,immune
WCYKMVHQFDGRLITNEASP,0.7863720975800922,0.8073732718894009,binary,custom,immune
WCYKMVHQFDGRLITNEASP,0.8222135136017766,0.8498683055311677,binary,resnet,immune
WCYKMVHQFDGRLITNEASP,0.816704630808922,0.8264621284755513,binary,custom,immune
WCYKMVHQFDGRLITNEASP,0.8233728486986054,0.8539325842696629,binary,resnet,immune
WCYKMVHQFDGRLITNEASP,0.8087097090232194,0.8184438040345822,binary,custom,immune
WCYKMVHQFDGRLITNEASP,0.8664131641683811,0.8798521256931608,binary,resnet,immune
WCYKMVHQFDGRLITNEASP,0.8052439502302341,0.8171428571428572,binary,custom,immune
WCYKMVHQFDGRLITNEASP,0.8766144965873094,0.882466281310212,binary,resnet,immune
WCYKMVHQFDGRLITNEASP,0.8130470102217433,0.8257575757575758,binary,custom,immune
WCYKMVHQFDGRLITNEASP,0.8678521276248325,0.876425855513308,binary,resnet,immune
WCYKMVHQFDGRLITNEASP,0.8186314130825251,0.8287081339712918,binary,custom,immune
WCYKMVHQFDGRLITNEASP,0.8707300545377356,0.8689516129032258,binary,resnet,immune
WCYKMVHQFDGRLITNEASP,0.7913768328924594,0.8075117370892019,binary,custom,immune
WCYKMVHQFDGRLITNEASP,0.8457022958100651,0.8590102707749766,binary,resnet,immune
WCYKMVHQFDGRLITNEASP,0.8120836190849416,0.8246445497630331,binary,custom,immune
WCYKMVHQFDGRLITNEASP,0.8715056660461775,0.8742632612966601,binary,resnet,immune
WCYKMVHQFDGRLITNEASP,0.8172802161915026,0.8244422890397672,binary,custom,immune
WCYKMVHQFDGRLITNEASP,0.8663172332712845,0.8800738007380073,binary,resnet,immune
WCYKMVHQFDGRLITNEASP,0.8110202148852095,0.8193236714975846,binary,custom,immune
WCYKMVHQFDGRLITNEASP,0.8741121289311258,0.8816793893129771,binary,resnet,immune
WCYKMVHQFDGRLITNEASP,0.8141022500898079,0.8220502901353965,binary,custom,immune
WCYKMVHQFDGRLITNEASP,0.8754510793246465,0.8748748748748749,binary,resnet,immune
WCYKMVHQFDGRLITNEASP,0.8163168250547008,0.8233009708737864,binary,custom,immune
WCYKMVHQFDGRLITNEASP,0.8810395643512623,0.8820614469772051,binary,resnet,immune
WCYKMVHQFDGRLITNEASP,0.8084219163319291,0.8194842406876791,binary,custom,immune
WCYKMVHQFDGRLITNEASP,0.8678439632931648,0.8693069306930693,binary,resnet,immune
WCYKMVHQFDGRLITNEASP,0.8145859867411254,0.8248803827751197,binary,custom,immune
WCYKMVHQFDGRLITNEASP,0.8465452630547663,0.8354430379746836,binary,resnet,immune
WCYKMVHQFDGRLITNEASP,0.8058195356128147,0.815028901734104,binary,custom,immune
WCYKMVHQFDGRLITNEASP,0.8810436465170961,0.8854368932038835,binary,resnet,immune
WCYKMVHQFDGRLITNEASP,0.7934036282289931,0.8139963167587477,binary,custom,immune
WCYKMVHQFDGRLITNEASP,0.8582222984226512,0.8692380056444027,binary,resnet,immune
WCYKMVHQFDGRLITNEASP,0.8081341236406387,0.8205128205128205,binary,custom,immune
WCYKMVHQFDGRLITNEASP,0.8642904379347506,0.8748824082784572,binary,resnet,immune
WCYKMVHQFDGRLITNEASP,0.8035090297508247,0.814176245210728,binary,custom,immune
WCYKMVHQFDGRLITNEASP,0.8755510923875771,0.8781925343811395,binary,resnet,immune
WCYKMVHQFDGRLITNEASP,0.8001392018549363,0.8125594671741199,binary,custom,immune
WCYKMVHQFDGRLITNEASP,0.8512907808366807,0.8658649398704903,binary,resnet,immune
WCYKMVHQFDGRLITNEASP,0.8190151366709121,0.8273866923818708,binary,custom,immune
WCYKMVHQFDGRLITNEASP,0.8543768982071128,0.8719346049046321,binary,resnet,immune
WCYKMVHQFDGRLITNEASP,0.8215215864929297,0.8320610687022901,binary,custom,immune
WCYKMVHQFDGRLITNEASP,0.8630392541066588,0.8745318352059925,binary,resnet,immune
WCYKMVHQFDGRLITNEASP,0.8012944547859312,0.8129770992366412,binary,custom,immune
WCYKMVHQFDGRLITNEASP,0.869295173247118,0.8763183125599233,binary,resnet,immune
WCYKMVHQFDGRLITNEASP,0.8117917442278175,0.8211538461538461,binary,custom,immune
WCYKMVHQFDGRLITNEASP,0.7826348747591523,0.8243243243243243,binary,resnet,immune
WCYKMVHQFDGRLITNEASP,0.8130470102217433,0.8257575757575758,binary,custom,immune
WCYKMVHQFDGRLITNEASP,0.8691033114529244,0.8767908309455588,binary,resnet,immune
WCYKMVHQFDGRLITNEASP,0.8111202279481402,0.8235294117647058,binary,custom,immune
WCYKMVHQFDGRLITNEASP,0.7163813232748767,0.7853736089030207,binary,resnet,immune
WCYKMVHQFDGRLITNEASP,0.8028375134711473,0.8166351606805293,binary,custom,immune
WCYKMVHQFDGRLITNEASP,0.8509111394141274,0.8702702702702703,binary,resnet,immune
WCYKMVHQFDGRLITNEASP,0.8020659841285392,0.8148148148148148,binary,custom,immune
WCYKMVHQFDGRLITNEASP,0.8115284445315307,0.8464163822525598,binary,resnet,immune
WCYKMVHQFDGRLITNEASP,0.7984083635413606,0.8142589118198874,binary,custom,immune
WCYKMVHQFDGRLITNEASP,0.8790168511805624,0.8800792864222002,binary,resnet,immune
WCYKMVHQFDGRLITNEASP,0.8193029293622024,0.8263821532492726,binary,custom,immune
WCYKMVHQFDGRLITNEASP,0.8511989321054179,0.8695652173913043,binary,resnet,immune
WCYKMVHQFDGRLITNEASP,0.810444629502629,0.8213944603629417,binary,custom,immune
WCYKMVHQFDGRLITNEASP,0.7771464027954671,0.8214585079631181,binary,resnet,immune
WCYKMVHQFDGRLITNEASP,0.8163209072205349,0.8277830637488106,binary,custom,immune
WCYKMVHQFDGRLITNEASP,0.8313596061526405,0.8540734109221128,binary,resnet,immune
WCYKMVHQFDGRLITNEASP,0.8075544560922243,0.8180076628352491,binary,custom,immune
WCYKMVHQFDGRLITNEASP,0.7742562293850623,0.8184873949579832,binary,resnet,immune
WCYKMVHQFDGRLITNEASP,0.8141022500898079,0.8220502901353965,binary,custom,immune
WCYKMVHQFDGRLITNEASP,0.8786412919238431,0.8876298394711992,binary,resnet,immune
WCYKMVHQFDGRLITNEASP,0.8125632735704256,0.8229665071770335,binary,custom,immune
WCYKMVHQFDGRLITNEASP,0.7845616570327554,0.8263069139966274,binary,resnet,immune
WCYKMVHQFDGRLITNEASP,0.7971571797132687,0.8141923436041083,binary,custom,immune
WCYKMVHQFDGRLITNEASP,0.8528134286927272,0.8498985801217038,binary,resnet,immune
WCYKMVHQFDGRLITNEASP,0.7998514091636458,0.8136234626300851,binary,custom,immune
WCYKMVHQFDGRLITNEASP,0.8829704287906992,0.8875968992248062,binary,resnet,immune
WCYKMVHQFDGRLITNEASP,0.8089015708174128,0.8177434908389586,binary,custom,immune
WCYKMVHQFDGRLITNEASP,0.8746836321478724,0.8768472906403941,binary,resnet,immune
WCYKMVHQFDGRLITNEASP,0.8078463309493484,0.8215297450424929,binary,custom,immune
WCYKMVHQFDGRLITNEASP,0.870930080663597,0.8757281553398059,binary,resnet,immune
WCYKMVHQFDGRLITNEASP,0.8095771692629241,0.8199233716475096,binary,custom,immune
WCYKMVHQFDGRLITNEASP,0.8717893765716339,0.8698284561049445,binary,resnet,immune
WCYKMVHQFDGRLITNEASP,0.8313432774893048,0.8383349467570184,binary,custom,immune
WCYKMVHQFDGRLITNEASP,0.8789290846151334,0.8869895536562203,binary,resnet,immune
WCYKMVHQFDGRLITNEASP,0.8018741223343457,0.815515610217597,binary,custom,immune
WCYKMVHQFDGRLITNEASP,0.8249995917834166,0.8457350272232305,binary,resnet,immune
WCYKMVHQFDGRLITNEASP,0.8006229385062539,0.815442561205273,binary,custom,immune
WCYKMVHQFDGRLITNEASP,0.82876130759936,0.853852967227635,binary,resnet,immune
WCYKMVHQFDGRLITNEASP,0.8038968355050455,0.8174077578051088,binary,custom,immune
WCYKMVHQFDGRLITNEASP,0.847541311518239,0.8683974932855864,binary,resnet,immune
WCYKMVHQFDGRLITNEASP,0.8009107311975442,0.8143939393939394,binary,custom,immune
WCYKMVHQFDGRLITNEASP,0.834633503151432,0.8561151079136691,binary,resnet,immune
WCYKMVHQFDGRLITNEASP,0.801298536951765,0.8175865294667914,binary,custom,immune
WCYKMVHQFDGRLITNEASP,0.8664009176708795,0.8694798822374877,binary,resnet,immune
WCYKMVHQFDGRLITNEASP,0.8241198850462101,0.832046332046332,binary,custom,immune
WCYKMVHQFDGRLITNEASP,0.8657334835570359,0.8747628083491461,binary,resnet,immune
WCYKMVHQFDGRLITNEASP,0.8141063322556417,0.8265402843601896,binary,custom,immune
WCYKMVHQFDGRLITNEASP,0.8781534731066913,0.8821811100292113,binary,resnet,immune
WCYKMVHQFDGRLITNEASP,0.8102527677084355,0.8220742150333016,binary,custom,immune
WCYKMVHQFDGRLITNEASP,0.876334868227687,0.8895027624309392,binary,resnet,immune
WCYKMVHQFDGRLITNEASP,0.8081341236406387,0.8205128205128205,binary,custom,immune
WCYKMVHQFDGRLITNEASP,0.8513907938996114,0.8690909090909091,binary,resnet,immune
WCYKMVHQFDGRLITNEASP,0.828069380490513,0.8362235067437379,binary,custom,immune
WCYKMVHQFDGRLITNEASP,0.86419042487182,0.8716475095785441,binary,resnet,immune
WCYKMVHQFDGRLITNEASP,0.8114080206394305,0.8225190839694656,binary,custom,immune
WCYKMVHQFDGRLITNEASP,0.8802761993403221,0.887189292543021,binary,resnet,immune
WCYKMVHQFDGRLITNEASP,0.8083259854348324,0.8198284080076264,binary,custom,immune
WCYKMVHQFDGRLITNEASP,0.8638148656151008,0.8793418647166362,binary,resnet,immune
WCYKMVHQFDGRLITNEASP,0.8091893635087032,0.8166828322017459,binary,custom,immune
WCYKMVHQFDGRLITNEASP,0.868439959504915,0.8848594741613781,binary,resnet,immune
WCYKMVHQFDGRLITNEASP,0.8116039645994578,0.8262910798122066,binary,custom,immune
WCYKMVHQFDGRLITNEASP,0.8789290846151334,0.8869895536562203,binary,resnet,immune
WCYKMVHQFDGRLITNEASP,0.8118876751249142,0.8208092485549133,binary,custom,immune
WCYKMVHQFDGRLITNEASP,0.882678553933575,0.8849557522123894,binary,resnet,immune
WCYKMVHQFDGRLITNEASP,0.8154493648149962,0.8218111002921129,binary,custom,immune
WCYKMVHQFDGRLITNEASP,0.8654497730315797,0.8788159111933395,binary,resnet,immune
WCYKMVHQFDGRLITNEASP,0.8034130988537278,0.8145315487571702,binary,custom,immune
WCYKMVHQFDGRLITNEASP,0.7136870938244995,0.7861635220125787,binary,resnet,immune
WCYKMVHQFDGRLITNEASP,0.8091893635087032,0.8166828322017459,binary,custom,immune
WCYKMVHQFDGRLITNEASP,0.8657416478887038,0.8813868613138686,binary,resnet,immune
WCYKMVHQFDGRLITNEASP,0.8201703896019071,0.8278529980657641,binary,custom,immune
WCYKMVHQFDGRLITNEASP,0.8632229515691845,0.8669275929549902,binary,resnet,immune
WCYKMVHQFDGRLITNEASP,0.8126592044675223,0.822627037392138,binary,custom,immune
WCYKMVHQFDGRLITNEASP,0.8600572319649913,0.875,binary,resnet,immune
WCYKMVHQFDGRLITNEASP,0.8168964926031154,0.8257940327237728,binary,custom,immune
WCYKMVHQFDGRLITNEASP,0.8699789360242971,0.8846153846153846,binary,resnet,immune
WCYKMVHQFDGRLITNEASP,0.8056276738186212,0.8157389635316699,binary,custom,immune
WCYKMVHQFDGRLITNEASP,0.8493680807289117,0.8672727272727273,binary,resnet,immune
WCYKMVHQFDGRLITNEASP,0.804568351784723,0.8149568552253116,binary,custom,immune
WCYKMVHQFDGRLITNEASP,0.8717138565037066,0.8870673952641166,binary,resnet,immune
WCYKMVHQFDGRLITNEASP,0.8077463178864179,0.8173076923076923,binary,custom,immune
WCYKMVHQFDGRLITNEASP,0.8092138565037066,0.8418323249783924,binary,resnet,immune
WCYKMVHQFDGRLITNEASP,0.8161249632605074,0.8239845261121856,binary,custom,immune
WCYKMVHQFDGRLITNEASP,0.8791291107409948,0.8927589367552704,binary,resnet,immune
WCYKMVHQFDGRLITNEASP,0.8065910649554228,0.8168744007670182,binary,custom,immune
WCYKMVHQFDGRLITNEASP,0.8493721628947455,0.8706512042818911,binary,resnet,immune
WCYKMVHQFDGRLITNEASP,0.8073625942980308,0.8187022900763359,binary,custom,immune
WCYKMVHQFDGRLITNEASP,0.8711260246236243,0.8787010506208214,binary,resnet,immune
WCYKMVHQFDGRLITNEASP,0.8124673426733288,0.8233046800382043,binary,custom,immune
WCYKMVHQFDGRLITNEASP,0.883454165442017,0.8897411313518696,binary,resnet,immune
WCYKMVHQFDGRLITNEASP,0.8090975147774404,0.8216318785578748,binary,custom,immune
WCYKMVHQFDGRLITNEASP,0.8780697887070965,0.891941391941392,binary,resnet,immune
WCYKMVHQFDGRLITNEASP,0.8027415825740505,0.8169811320754717,binary,custom,immune
WCYKMVHQFDGRLITNEASP,0.8669928317167956,0.8817598533455545,binary,resnet,immune
WCYKMVHQFDGRLITNEASP,0.8069788707096438,0.8200757575757576,binary,custom,immune
WCYKMVHQFDGRLITNEASP,0.8528338395218966,0.8689275893675527,binary,resnet,immune
WCYKMVHQFDGRLITNEASP,0.8200785408706442,0.8325449385052034,binary,custom,immune
WCYKMVHQFDGRLITNEASP,0.8615962084843735,0.8746518105849582,binary,resnet,immune
WCYKMVHQFDGRLITNEASP,0.8048561444760131,0.8138862102217936,binary,custom,immune
WCYKMVHQFDGRLITNEASP,0.8658375787858006,0.8811700182815356,binary,resnet,immune
WCYKMVHQFDGRLITNEASP,0.7930117403089384,0.8060836501901141,binary,custom,immune
WCYKMVHQFDGRLITNEASP,0.8770023023415303,0.884871550903901,binary,resnet,immune
WCYKMVHQFDGRLITNEASP,0.8123714117762321,0.8236415633937083,binary,custom,immune
WCYKMVHQFDGRLITNEASP,0.8707382188694034,0.8762088974854932,binary,resnet,immune
WCYKMVHQFDGRLITNEASP,0.8101568368113387,0.8224121557454891,binary,custom,immune
WCYKMVHQFDGRLITNEASP,0.859385715685314,0.8765880217785844,binary,resnet,immune
WCYKMVHQFDGRLITNEASP,0.8011025929917377,0.8136882129277566,binary,custom,immune
WCYKMVHQFDGRLITNEASP,0.8417283073707587,0.8292682926829268,binary,resnet,immune
WCYKMVHQFDGRLITNEASP,0.810060905914242,0.8227488151658767,binary,custom,immune
WCYKMVHQFDGRLITNEASP,0.7681003233075341,0.8217179902755267,binary,resnet,immune
WCYKMVHQFDGRLITNEASP,0.8084219163319291,0.8194842406876791,binary,custom,immune
WCYKMVHQFDGRLITNEASP,0.797657245027922,0.8336192109777015,binary,resnet,immune
WCYKMVHQFDGRLITNEASP,0.8091934456745371,0.8212927756653993,binary,custom,immune
WCYKMVHQFDGRLITNEASP,0.8616839750498023,0.8673765730880929,binary,resnet,immune
WCYKMVHQFDGRLITNEASP,0.815161572123706,0.8228460793804453,binary,custom,immune
WCYKMVHQFDGRLITNEASP,0.7598135266647073,0.8118323746918652,binary,resnet,immune
WCYKMVHQFDGRLITNEASP,0.7994676855752587,0.8150234741784037,binary,custom,immune
WCYKMVHQFDGRLITNEASP,0.8624636687240784,0.8759259259259259,binary,resnet,immune
WCYKMVHQFDGRLITNEASP,0.8054358120244277,0.8164435946462715,binary,custom,immune
WCYKMVHQFDGRLITNEASP,0.8741121289311258,0.8816793893129771,binary,resnet,immune
WCYKMVHQFDGRLITNEASP,0.811983606022011,0.8204633204633205,binary,custom,immune
WCYKMVHQFDGRLITNEASP,0.8446470559420006,0.8618481244281794,binary,resnet,immune
WCYKMVHQFDGRLITNEASP,0.8164168381176317,0.8274547187797903,binary,custom,immune
WCYKMVHQFDGRLITNEASP,0.880664005094543,0.8895184135977338,binary,resnet,immune
WCYKMVHQFDGRLITNEASP,0.8071707325038373,0.8193916349809885,binary,custom,immune
WCYKMVHQFDGRLITNEASP,0.8850931550243297,0.8924833491912464,binary,resnet,immune
WCYKMVHQFDGRLITNEASP,0.8055317429215244,0.8160919540229885,binary,custom,immune
WCYKMVHQFDGRLITNEASP,0.8616962215473041,0.8777372262773723,binary,resnet,immune
WCYKMVHQFDGRLITNEASP,0.8023537768198296,0.8137535816618912,binary,custom,immune
WCYKMVHQFDGRLITNEASP,0.8581345318572221,0.8762420957542909,binary,resnet,immune
WCYKMVHQFDGRLITNEASP,0.810828353091016,0.8200192492781521,binary,custom,immune
WCYKMVHQFDGRLITNEASP,0.7861047157179714,0.8294314381270903,binary,resnet,immune
WCYKMVHQFDGRLITNEASP,0.8024537898827602,0.8180112570356473,binary,custom,immune
WCYKMVHQFDGRLITNEASP,0.8784453479638157,0.8848368522072937,binary,resnet,immune
WCYKMVHQFDGRLITNEASP,0.8129469971588126,0.8216007714561234,binary,custom,immune
WCYKMVHQFDGRLITNEASP,0.8259711472518859,0.8541484716157205,binary,resnet,immune
WCYKMVHQFDGRLITNEASP,0.8220012409784135,0.8304431599229287,binary,custom,immune
WCYKMVHQFDGRLITNEASP,0.8499518304431599,0.8725663716814159,binary,resnet,immune
WCYKMVHQFDGRLITNEASP,0.8141981809869043,0.8217054263565892,binary,custom,immune
WCYKMVHQFDGRLITNEASP,0.8725690702459097,0.8786127167630058,binary,resnet,immune
WCYKMVHQFDGRLITNEASP,0.8154534469808301,0.8263358778625954,binary,custom,immune
WCYKMVHQFDGRLITNEASP,0.8765185656902126,0.8826923076923077,binary,resnet,immune
WCYKMVHQFDGRLITNEASP,0.8059154665099114,0.8146718146718147,binary,custom,immune
WCYKMVHQFDGRLITNEASP,0.8892345122628262,0.8960915157292659,binary,resnet,immune
WCYKMVHQFDGRLITNEASP,0.8037968224421148,0.8131021194605009,binary,custom,immune
WCYKMVHQFDGRLITNEASP,0.8668887364880311,0.8753568030447193,binary,resnet,immune
WCYKMVHQFDGRLITNEASP,0.8132347898501029,0.8205625606207565,binary,custom,immune
WCYKMVHQFDGRLITNEASP,0.8514663139675385,0.8499496475327291,binary,resnet,immune
WCYKMVHQFDGRLITNEASP,0.8159331014663138,0.8246628131021194,binary,custom,immune
WCYKMVHQFDGRLITNEASP,0.8625595996211749,0.87569573283859,binary,resnet,immune
WCYKMVHQFDGRLITNEASP,0.8049561575389439,0.8181818181818182,binary,custom,immune
WCYKMVHQFDGRLITNEASP,0.863718934718004,0.8795620437956204,binary,resnet,immune
WCYKMVHQFDGRLITNEASP,0.8016863427059862,0.8207024029574861,binary,custom,immune
WCYKMVHQFDGRLITNEASP,0.8797924626890044,0.885024154589372,binary,resnet,immune
WCYKMVHQFDGRLITNEASP,0.7979287090558767,0.8159851301115242,binary,custom,immune
WCYKMVHQFDGRLITNEASP,0.8794087391006172,0.8859060402684564,binary,resnet,immune
WCYKMVHQFDGRLITNEASP,0.808034110577708,0.816247582205029,binary,custom,immune
WCYKMVHQFDGRLITNEASP,0.7764667221841219,0.8154506437768241,binary,resnet,immune
WCYKMVHQFDGRLITNEASP,0.8026456516769538,0.8173258003766478,binary,custom,immune
WCYKMVHQFDGRLITNEASP,0.8640067274092942,0.8788990825688073,binary,resnet,immune
WCYKMVHQFDGRLITNEASP,0.8051480193331374,0.8174904942965779,binary,custom,immune
WCYKMVHQFDGRLITNEASP,0.879888393586101,0.8848015488867377,binary,resnet,immune
WCYKMVHQFDGRLITNEASP,0.7806876816563796,0.8003714020427113,binary,custom,immune
WCYKMVHQFDGRLITNEASP,0.7968897978511478,0.8358714043993232,binary,resnet,immune
WCYKMVHQFDGRLITNEASP,0.8043764899905295,0.8156638013371538,binary,custom,immune
WCYKMVHQFDGRLITNEASP,0.851962297116358,0.8641049671977507,binary,resnet,immune
WCYKMVHQFDGRLITNEASP,0.8082300545377356,0.8201712654614652,binary,custom,immune
WCYKMVHQFDGRLITNEASP,0.8666050259625747,0.8794063079777366,binary,resnet,immune
WCYKMVHQFDGRLITNEASP,0.8110242970510433,0.8238636363636364,binary,custom,immune
WCYKMVHQFDGRLITNEASP,0.8577426439371671,0.8704566635601119,binary,resnet,immune
WCYKMVHQFDGRLITNEASP,0.8085178472290259,0.8191387559808613,binary,custom,immune
WCYKMVHQFDGRLITNEASP,0.8715138303778452,0.8811320754716981,binary,resnet,immune
WCYKMVHQFDGRLITNEASP,0.8009107311975442,0.8143939393939394,binary,custom,immune
WCYKMVHQFDGRLITNEASP,0.8461901146272167,0.8649138712601995,binary,resnet,immune
WCYKMVHQFDGRLITNEASP,0.8052439502302341,0.8171428571428572,binary,custom,immune
WCYKMVHQFDGRLITNEASP,0.8835419320074459,0.8828828828828829,binary,resnet,immune
WCYKMVHQFDGRLITNEASP,0.8207500571503217,0.8302972195589645,binary,custom,immune
WCYKMVHQFDGRLITNEASP,0.8541850364129193,0.8723981900452489,binary,resnet,immune
WCYKMVHQFDGRLITNEASP,0.8031253061624375,0.8155893536121673,binary,custom,immune
WCYKMVHQFDGRLITNEASP,0.8770941510727931,0.8813229571984436,binary,resnet,immune
WCYKMVHQFDGRLITNEASP,0.8155493778779269,0.8260038240917782,binary,custom,immune
WCYKMVHQFDGRLITNEASP,0.8610042944384573,0.8616915422885573,binary,resnet,immune
WCYKMVHQFDGRLITNEASP,0.8152575030208027,0.8225024248302619,binary,custom,immune
WCYKMVHQFDGRLITNEASP,0.8538013128245321,0.8733153638814016,binary,resnet,immune
WCYKMVHQFDGRLITNEASP,0.8091934456745371,0.8212927756653993,binary,custom,immune
WCYKMVHQFDGRLITNEASP,0.8653375134711474,0.8648648648648649,binary,resnet,immune
WCYKMVHQFDGRLITNEASP,0.8095771692629241,0.8199233716475096,binary,custom,immune
WCYKMVHQFDGRLITNEASP,0.870538192743542,0.8694779116465864,binary,resnet,immune
WCYKMVHQFDGRLITNEASP,0.8097690310571176,0.8192307692307692,binary,custom,immune
WCYKMVHQFDGRLITNEASP,0.8717016100062049,0.8772946859903382,binary,resnet,immune
WCYKMVHQFDGRLITNEASP,0.8156453087750236,0.8256704980842912,binary,custom,immune
WCYKMVHQFDGRLITNEASP,0.8867239802749747,0.8888888888888888,binary,resnet,immune
WCYKMVHQFDGRLITNEASP,0.8058195356128147,0.815028901734104,binary,custom,immune
WCYKMVHQFDGRLITNEASP,0.8575385356454721,0.8599605522682445,binary,resnet,immune
WCYKMVHQFDGRLITNEASP,0.8109283661539467,0.8241965973534972,binary,custom,immune
WCYKMVHQFDGRLITNEASP,0.8866362137095458,0.8953817153628653,binary,resnet,immune
WCYKMVHQFDGRLITNEASP,0.8141981809869043,0.8217054263565892,binary,custom,immune
WCYKMVHQFDGRLITNEASP,0.8394504588354397,0.8612354521038496,binary,resnet,immune
WCYKMVHQFDGRLITNEASP,0.8111202279481402,0.8235294117647058,binary,custom,immune
WCYKMVHQFDGRLITNEASP,0.8649701185460957,0.8799266727772685,binary,resnet,immune
WCYKMVHQFDGRLITNEASP,0.8081341236406387,0.8205128205128205,binary,custom,immune
WCYKMVHQFDGRLITNEASP,0.8702667287155873,0.8839779005524862,binary,resnet,immune
WCYKMVHQFDGRLITNEASP,0.8095771692629241,0.8199233716475096,binary,custom,immune
WCYKMVHQFDGRLITNEASP,0.864578230626041,0.8741721854304636,binary,resnet,immune
WCYKMVHQFDGRLITNEASP,0.8115039515365272,0.8221797323135756,binary,custom,immune
WCYKMVHQFDGRLITNEASP,0.8822989125110219,0.8891013384321224,binary,resnet,immune
WCYKMVHQFDGRLITNEASP,0.79628563730773,0.8080229226361032,binary,custom,immune
WCYKMVHQFDGRLITNEASP,0.8766063322556417,0.8755020080321285,binary,resnet,immune
WCYKMVHQFDGRLITNEASP,0.8098690441200483,0.8234183191690274,binary,custom,immune
WCYKMVHQFDGRLITNEASP,0.7717579438947129,0.8222768222768223,binary,resnet,immune
WCYKMVHQFDGRLITNEASP,0.8160290323634108,0.8243243243243243,binary,custom,immune
WCYKMVHQFDGRLITNEASP,0.8840338329904315,0.8916349809885932,binary,resnet,immune
WCYKMVHQFDGRLITNEASP,0.8152615851866366,0.8269961977186312,binary,custom,immune
WCYKMVHQFDGRLITNEASP,0.8444551941478071,0.8623518687329079,binary,resnet,immune
WCYKMVHQFDGRLITNEASP,0.8054358120244277,0.8164435946462715,binary,custom,immune
WCYKMVHQFDGRLITNEASP,0.849180301100552,0.8711111111111111,binary,resnet,immune
WCYKMVHQFDGRLITNEASP,0.7971571797132687,0.8141923436041083,binary,custom,immune
WCYKMVHQFDGRLITNEASP,0.856299598314882,0.8706099815157117,binary,resnet,immune
WCYKMVHQFDGRLITNEASP,0.8112161588452369,0.8231939163498099,binary,custom,immune
WCYKMVHQFDGRLITNEASP,0.865649799157441,0.8847184986595175,binary,resnet,immune
WCYKMVHQFDGRLITNEASP,0.8065910649554228,0.8168744007670182,binary,custom,immune
WCYKMVHQFDGRLITNEASP,0.8597531106103653,0.8613861386138614,binary,resnet,immune
WCYKMVHQFDGRLITNEASP,0.8180517455341105,0.8262548262548263,binary,custom,immune
WCYKMVHQFDGRLITNEASP,0.8733446817543515,0.8834586466165414,binary,resnet,immune
WCYKMVHQFDGRLITNEASP,0.8035131119166584,0.8187793427230047,binary,custom,immune
WCYKMVHQFDGRLITNEASP,0.8827826491623396,0.89120151371807,binary,resnet,immune
WCYKMVHQFDGRLITNEASP,0.8038009046079488,0.817752596789424,binary,custom,immune
WCYKMVHQFDGRLITNEASP,0.8503355540315469,0.8716577540106952,binary,resnet,immune
WCYKMVHQFDGRLITNEASP,0.8250832761830117,0.8331726133076182,binary,custom,immune
WCYKMVHQFDGRLITNEASP,0.862731050586199,0.8565531475748194,binary,resnet,immune
WCYKMVHQFDGRLITNEASP,0.8040886972992392,0.8167141500474834,binary,custom,immune
WCYKMVHQFDGRLITNEASP,0.8705504392410437,0.8800755429650614,binary,resnet,immune
WCYKMVHQFDGRLITNEASP,0.8193070115280363,0.8307984790874525,binary,custom,immune
WCYKMVHQFDGRLITNEASP,0.8524541980993435,0.8732142857142857,binary,resnet,immune
WCYKMVHQFDGRLITNEASP,0.8005229254433233,0.8111217641418984,binary,custom,immune
WCYKMVHQFDGRLITNEASP,0.8308758695013226,0.8517179023508138,binary,resnet,immune
WCYKMVHQFDGRLITNEASP,0.808034110577708,0.816247582205029,binary,custom,immune
WCYKMVHQFDGRLITNEASP,0.8872117990921263,0.894184938036225,binary,resnet,immune
WCYKMVHQFDGRLITNEASP,0.8152615851866366,0.8269961977186312,binary,custom,immune
WCYKMVHQFDGRLITNEASP,0.8461941967930506,0.8683274021352313,binary,resnet,immune
WCYKMVHQFDGRLITNEASP,0.8141981809869043,0.8217054263565892,binary,custom,immune
WCYKMVHQFDGRLITNEASP,0.8645741484602071,0.8706563706563707,binary,resnet,immune
WCYKMVHQFDGRLITNEASP,0.8105405603997257,0.8210526315789474,binary,custom,immune
WCYKMVHQFDGRLITNEASP,0.8655497860945103,0.8818181818181818,binary,resnet,immune
WCYKMVHQFDGRLITNEASP,0.812755135364619,0.8222862632084534,binary,custom,immune
WCYKMVHQFDGRLITNEASP,0.8393586101041769,0.8649122807017544,binary,resnet,immune
WCYKMVHQFDGRLITNEASP,0.8264303909082003,0.8330097087378641,binary,custom,immune
WCYKMVHQFDGRLITNEASP,0.8656457169916071,0.8816029143897997,binary,resnet,immune
WCYKMVHQFDGRLITNEASP,0.8035090297508247,0.814176245210728,binary,custom,immune
WCYKMVHQFDGRLITNEASP,0.8556280820352045,0.8722627737226277,binary,resnet,immune
WCYKMVHQFDGRLITNEASP,0.8087097090232194,0.8184438040345822,binary,custom,immune
WCYKMVHQFDGRLITNEASP,0.8757388720159368,0.8741188318227593,binary,resnet,immune
WCYKMVHQFDGRLITNEASP,0.8004310767120604,0.8161350844277674,binary,custom,immune
WCYKMVHQFDGRLITNEASP,0.8843216256817217,0.8910133843212237,binary,resnet,immune
WCYKMVHQFDGRLITNEASP,0.7965775121648542,0.8116760828625236,binary,custom,immune
WCYKMVHQFDGRLITNEASP,0.8682440155448875,0.8821362799263351,binary,resnet,immune
WCYKMVHQFDGRLITNEASP,0.8062073413670358,0.8182683158896289,binary,custom,immune
WCYKMVHQFDGRLITNEASP,0.8682440155448875,0.8821362799263351,binary,resnet,immune
WCYKMVHQFDGRLITNEASP,0.8036131249795891,0.8228782287822878,binary,custom,immune
WCYKMVHQFDGRLITNEASP,0.8488925084092616,0.8717948717948718,binary,resnet,immune
WCYKMVHQFDGRLITNEASP,0.8134307338101303,0.8244274809160306,binary,custom,immune
WCYKMVHQFDGRLITNEASP,0.871313804251984,0.8747553816046967,binary,resnet,immune
WCYKMVHQFDGRLITNEASP,0.8050520884360406,0.8178368121442126,binary,custom,immune
WCYKMVHQFDGRLITNEASP,0.8848972110643023,0.8897485493230174,binary,resnet,immune
WCYKMVHQFDGRLITNEASP,0.8126592044675223,0.822627037392138,binary,custom,immune
WCYKMVHQFDGRLITNEASP,0.8799843244831979,0.8845780795344326,binary,resnet,immune
WCYKMVHQFDGRLITNEASP,0.8106364912968225,0.8207094918504314,binary,custom,immune
WCYKMVHQFDGRLITNEASP,0.8619799320727606,0.8737137511693172,binary,resnet,immune
WCYKMVHQFDGRLITNEASP,0.8139103882956141,0.8227360308285164,binary,custom,immune
WCYKMVHQFDGRLITNEASP,0.8664927664021425,0.8654618473895582,binary,resnet,immune
WCYKMVHQFDGRLITNEASP,0.800235132752033,0.8122020972354623,binary,custom,immune
WCYKMVHQFDGRLITNEASP,0.8233687665327717,0.8503521126760564,binary,resnet,immune
WCYKMVHQFDGRLITNEASP,0.810060905914242,0.8227488151658767,binary,custom,immune
WCYKMVHQFDGRLITNEASP,0.8230809738414814,0.851138353765324,binary,resnet,immune
WCYKMVHQFDGRLITNEASP,0.8118876751249142,0.8208092485549133,binary,custom,immune
WCYKMVHQFDGRLITNEASP,0.7932240129323015,0.8274067649609714,binary,resnet,immune
WCYKMVHQFDGRLITNEASP,0.8042805590934325,0.8160152526215443,binary,custom,immune
WCYKMVHQFDGRLITNEASP,0.826350788674439,0.8494623655913979,binary,resnet,immune
WCYKMVHQFDGRLITNEASP,0.8042805590934325,0.8160152526215443,binary,custom,immune
WCYKMVHQFDGRLITNEASP,0.8741080467652919,0.878286270691334,binary,resnet,immune
WCYKMVHQFDGRLITNEASP,0.8063992031612292,0.8175740210124164,binary,custom,immune
WCYKMVHQFDGRLITNEASP,0.8862443257894909,0.8899707887049659,binary,resnet,immune
WCYKMVHQFDGRLITNEASP,0.8069788707096438,0.8200757575757576,binary,custom,immune
WCYKMVHQFDGRLITNEASP,0.848400607426276,0.862708719851577,binary,resnet,immune
WCYKMVHQFDGRLITNEASP,0.8094812383658274,0.8202676864244742,binary,custom,immune
WCYKMVHQFDGRLITNEASP,0.8569751967603931,0.8723599632690542,binary,resnet,immune
WCYKMVHQFDGRLITNEASP,0.8083259854348324,0.8198284080076264,binary,custom,immune
WCYKMVHQFDGRLITNEASP,0.8859606152640346,0.8937381404174574,binary,resnet,immune
WCYKMVHQFDGRLITNEASP,0.8058195356128147,0.815028901734104,binary,custom,immune
WCYKMVHQFDGRLITNEASP,0.835409114659874,0.8611599297012302,binary,resnet,immune
WCYKMVHQFDGRLITNEASP,0.8052439502302341,0.8171428571428572,binary,custom,immune
WCYKMVHQFDGRLITNEASP,0.8655334574311746,0.8681102362204725,binary,resnet,immune
WCYKMVHQFDGRLITNEASP,0.8091934456745371,0.8212927756653993,binary,custom,immune
WCYKMVHQFDGRLITNEASP,0.8440510597302504,0.844,binary,resnet,immune
WCYKMVHQFDGRLITNEASP,0.8060154795728423,0.818957345971564,binary,custom,immune
WCYKMVHQFDGRLITNEASP,0.8743039907253193,0.8812260536398467,binary,resnet,immune
WCYKMVHQFDGRLITNEASP,0.8232524248065054,0.8305905130687319,binary,custom,immune
WCYKMVHQFDGRLITNEASP,0.8338701381404918,0.8616187989556136,binary,resnet,immune
WCYKMVHQFDGRLITNEASP,0.80447650305346,0.8198874296435272,binary,custom,immune
WCYKMVHQFDGRLITNEASP,0.8613124979589171,0.8786231884057971,binary,resnet,immune
WCYKMVHQFDGRLITNEASP,0.8046724470134875,0.8236380424746076,binary,custom,immune
WCYKMVHQFDGRLITNEASP,0.7613525031840893,0.8109452736318408,binary,resnet,immune
WCYKMVHQFDGRLITNEASP,0.8163209072205349,0.8277830637488106,binary,custom,immune
WCYKMVHQFDGRLITNEASP,0.8319351915352209,0.8524886877828054,binary,resnet,immune
WCYKMVHQFDGRLITNEASP,0.8089015708174128,0.8177434908389586,binary,custom,immune
WCYKMVHQFDGRLITNEASP,0.8780657065412625,0.8888888888888888,binary,resnet,immune
WCYKMVHQFDGRLITNEASP,0.808038192743542,0.8208530805687204,binary,custom,immune
WCYKMVHQFDGRLITNEASP,0.8794087391006172,0.8859060402684564,binary,resnet,immune
WCYKMVHQFDGRLITNEASP,0.8039927664021423,0.8170616113744076,binary,custom,immune
WCYKMVHQFDGRLITNEASP,0.8087301198523889,0.8394415357766143,binary,resnet,immune
WCYKMVHQFDGRLITNEASP,0.8086137781261227,0.8187919463087249,binary,custom,immune
WCYKMVHQFDGRLITNEASP,0.8659253453512294,0.8742857142857143,binary,resnet,immune
WCYKMVHQFDGRLITNEASP,0.8148737794324156,0.8238691049085659,binary,custom,immune
WCYKMVHQFDGRLITNEASP,0.829916560530355,0.8543516873889876,binary,resnet,immune
WCYKMVHQFDGRLITNEASP,0.793883282714477,0.8122676579925651,binary,custom,immune
WCYKMVHQFDGRLITNEASP,0.8652579112373862,0.8792626728110599,binary,resnet,immune
WCYKMVHQFDGRLITNEASP,0.8093853074687306,0.8206106870229007,binary,custom,immune
WCYKMVHQFDGRLITNEASP,0.8488843440775938,0.8650137741046832,binary,resnet,immune
WCYKMVHQFDGRLITNEASP,0.8003310636491298,0.8118433619866284,binary,custom,immune
WCYKMVHQFDGRLITNEASP,0.8552443584468176,0.8731884057971014,binary,resnet,immune
WCYKMVHQFDGRLITNEASP,0.8033171679566312,0.8148854961832062,binary,custom,immune
WCYKMVHQFDGRLITNEASP,0.8794128212664512,0.8890977443609023,binary,resnet,immune
WCYKMVHQFDGRLITNEASP,0.7945588811599882,0.814404432132964,binary,custom,immune
WCYKMVHQFDGRLITNEASP,0.8713219685836517,0.881578947368421,binary,resnet,immune
WCYKMVHQFDGRLITNEASP,0.8140063191927108,0.8223938223938224,binary,custom,immune
WCYKMVHQFDGRLITNEASP,0.8682399333790536,0.8788732394366198,binary,resnet,immune
WCYKMVHQFDGRLITNEASP,0.8060195617386761,0.8234200743494424,binary,custom,immune
WCYKMVHQFDGRLITNEASP,0.8811477417458606,0.891588785046729,binary,resnet,immune
WCYKMVHQFDGRLITNEASP,0.8154575291466639,0.8306828811973808,binary,custom,immune
WCYKMVHQFDGRLITNEASP,0.8572629894516834,0.8716528162511542,binary,resnet,immune
WCYKMVHQFDGRLITNEASP,0.8103486986055322,0.8217349857006673,binary,custom,immune
WCYKMVHQFDGRLITNEASP,0.8433040233826459,0.8652988403211418,binary,resnet,immune
WCYKMVHQFDGRLITNEASP,0.8171842852944058,0.8247821878025169,binary,custom,immune
WCYKMVHQFDGRLITNEASP,0.8865362006466151,0.8925143953934741,binary,resnet,immune
WCYKMVHQFDGRLITNEASP,0.7973490415074622,0.8134957825679475,binary,custom,immune
WCYKMVHQFDGRLITNEASP,0.8732528330230888,0.8868445262189513,binary,resnet,immune
WCYKMVHQFDGRLITNEASP,0.8157412396721204,0.8253358925143954,binary,custom,immune
WCYKMVHQFDGRLITNEASP,0.8746917964795403,0.8836329233680227,binary,resnet,immune
WCYKMVHQFDGRLITNEASP,0.8121754678162048,0.8197674418604651,binary,custom,immune
WCYKMVHQFDGRLITNEASP,0.8547606217954997,0.8709972552607502,binary,resnet,immune
WCYKMVHQFDGRLITNEASP,0.8085219293948597,0.8236397748592871,binary,custom,immune
WCYKMVHQFDGRLITNEASP,0.8707463832010712,0.8828996282527881,binary,resnet,immune
WCYKMVHQFDGRLITNEASP,0.8071748146696711,0.8238583410997204,binary,custom,immune
WCYKMVHQFDGRLITNEASP,0.8711341889552922,0.8852157943067034,binary,resnet,immune
WCYKMVHQFDGRLITNEASP,0.8132388720159368,0.8250950570342205,binary,custom,immune
WCYKMVHQFDGRLITNEASP,0.8754551614904803,0.8784313725490196,binary,resnet,immune
WCYKMVHQFDGRLITNEASP,0.8115039515365272,0.8221797323135756,binary,custom,immune
WCYKMVHQFDGRLITNEASP,0.8358479474870188,0.8169934640522876,binary,resnet,immune
WCYKMVHQFDGRLITNEASP,0.7840615917181021,0.8065994500458296,binary,custom,immune
WCYKMVHQFDGRLITNEASP,0.8222216779334444,0.8569009314140559,binary,resnet,immune
WCYKMVHQFDGRLITNEASP,0.8308595408379871,0.8356164383561644,binary,custom,immune
WCYKMVHQFDGRLITNEASP,0.8624677508899122,0.8792007266121707,binary,resnet,immune
WCYKMVHQFDGRLITNEASP,0.8140063191927108,0.8223938223938224,binary,custom,immune
WCYKMVHQFDGRLITNEASP,0.8705422749093759,0.8731563421828908,binary,resnet,immune
WCYKMVHQFDGRLITNEASP,0.8207500571503217,0.8302972195589645,binary,custom,immune
WCYKMVHQFDGRLITNEASP,0.7747358838705463,0.8169491525423729,binary,resnet,immune
WCYKMVHQFDGRLITNEASP,0.8153575160837333,0.8266666666666667,binary,custom,immune
WCYKMVHQFDGRLITNEASP,0.8793128082035204,0.8861244019138756,binary,resnet,immune
WCYKMVHQFDGRLITNEASP,0.8137185265014206,0.8234165067178503,binary,custom,immune
WCYKMVHQFDGRLITNEASP,0.8756551876163418,0.8846880907372401,binary,resnet,immune
WCYKMVHQFDGRLITNEASP,0.8079422618464452,0.8211920529801324,binary,custom,immune
WCYKMVHQFDGRLITNEASP,0.8548606348584306,0.8741007194244604,binary,resnet,immune
WCYKMVHQFDGRLITNEASP,0.8141022500898079,0.8220502901353965,binary,custom,immune
WCYKMVHQFDGRLITNEASP,0.8719016361320662,0.8835041938490215,binary,resnet,immune
WCYKMVHQFDGRLITNEASP,0.7975409033016557,0.812793979303857,binary,custom,immune
WCYKMVHQFDGRLITNEASP,0.8548606348584306,0.8741007194244604,binary,resnet,immune
WCYKMVHQFDGRLITNEASP,0.7886785212762484,0.8034026465028355,binary,custom,immune
WCYKMVHQFDGRLITNEASP,0.8382911237386109,0.8571428571428571,binary,resnet,immune
WCYKMVHQFDGRLITNEASP,0.8083300676006661,0.8242990654205608,binary,custom,immune
WCYKMVHQFDGRLITNEASP,0.8589897455994252,0.8672397325692455,binary,resnet,immune
WCYKMVHQFDGRLITNEASP,0.8162249763234383,0.8281101614434948,binary,custom,immune
WCYKMVHQFDGRLITNEASP,0.8713178864178179,0.87823585810163,binary,resnet,immune
WCYKMVHQFDGRLITNEASP,0.8011985238888345,0.8133333333333334,binary,custom,immune
WCYKMVHQFDGRLITNEASP,0.8823907612422847,0.8856304985337243,binary,resnet,immune
WCYKMVHQFDGRLITNEASP,0.809673100160021,0.8195777351247601,binary,custom,immune
WCYKMVHQFDGRLITNEASP,0.8703544952810164,0.8771593090211133,binary,resnet,immune
WCYKMVHQFDGRLITNEASP,0.8110242970510433,0.8238636363636364,binary,custom,immune
WCYKMVHQFDGRLITNEASP,0.8520623101792887,0.8674033149171271,binary,resnet,immune
WCYKMVHQFDGRLITNEASP,0.7988880180268443,0.8125,binary,custom,immune
WCYKMVHQFDGRLITNEASP,0.8587182815714706,0.8812664907651715,binary,resnet,immune
WCYKMVHQFDGRLITNEASP,0.8117917442278175,0.8211538461538461,binary,custom,immune
WCYKMVHQFDGRLITNEASP,0.8707423010352373,0.8796208530805687,binary,resnet,immune
WCYKMVHQFDGRLITNEASP,0.7960019267822736,0.813780260707635,binary,custom,immune
WCYKMVHQFDGRLITNEASP,0.8629351588778943,0.867704280155642,binary,resnet,immune
WCYKMVHQFDGRLITNEASP,0.8121795499820385,0.8243114909781576,binary,custom,immune
WCYKMVHQFDGRLITNEASP,0.8684277130074133,0.875,binary,resnet,immune
WCYKMVHQFDGRLITNEASP,0.8044724208876262,0.815311004784689,binary,custom,immune
WCYKMVHQFDGRLITNEASP,0.8703585774468502,0.8805268109125117,binary,resnet,immune
WCYKMVHQFDGRLITNEASP,0.8049561575389439,0.8181818181818182,binary,custom,immune
WCYKMVHQFDGRLITNEASP,0.814222673981908,0.846286701208981,binary,resnet,immune
WCYKMVHQFDGRLITNEASP,0.8006229385062539,0.815442561205273,binary,custom,immune
WCYKMVHQFDGRLITNEASP,0.8765185656902126,0.8826923076923077,binary,resnet,immune
WCYKMVHQFDGRLITNEASP,0.8085178472290259,0.8191387559808613,binary,custom,immune
WCYKMVHQFDGRLITNEASP,0.8809477156199993,0.8856589147286822,binary,resnet,immune
WCYKMVHQFDGRLITNEASP,0.8090934326116063,0.8170377541142304,binary,custom,immune
WCYKMVHQFDGRLITNEASP,0.8797006139577415,0.888468809073724,binary,resnet,immune
WCYKMVHQFDGRLITNEASP,0.8231564939094086,0.8309178743961353,binary,custom,immune
WCYKMVHQFDGRLITNEASP,0.834245697397211,0.8535031847133758,binary,resnet,immune
WCYKMVHQFDGRLITNEASP,0.8035090297508247,0.814176245210728,binary,custom,immune
WCYKMVHQFDGRLITNEASP,0.8701667156526567,0.8809746954076851,binary,resnet,immune
WCYKMVHQFDGRLITNEASP,0.8093853074687306,0.8206106870229007,binary,custom,immune
WCYKMVHQFDGRLITNEASP,0.8729487116684628,0.8741328047571854,binary,resnet,immune
WCYKMVHQFDGRLITNEASP,0.8037049737108519,0.8180961357210179,binary,custom,immune
WCYKMVHQFDGRLITNEASP,0.8568792658632964,0.8725939505041247,binary,resnet,immune
WCYKMVHQFDGRLITNEASP,0.8198825969106169,0.8288461538461539,binary,custom,immune
WCYKMVHQFDGRLITNEASP,0.8636066751575715,0.8658777120315582,binary,resnet,immune
WCYKMVHQFDGRLITNEASP,0.8067829267496162,0.8161693936477382,binary,custom,immune
WCYKMVHQFDGRLITNEASP,0.8772900950328206,0.8842105263157894,binary,resnet,immune
WCYKMVHQFDGRLITNEASP,0.8034130988537278,0.8145315487571702,binary,custom,immune
WCYKMVHQFDGRLITNEASP,0.8807558538258058,0.8861003861003861,binary,resnet,immune
WCYKMVHQFDGRLITNEASP,0.8069788707096438,0.8200757575757576,binary,custom,immune
WCYKMVHQFDGRLITNEASP,0.8739161849710982,0.8787584869059166,binary,resnet,immune
WCYKMVHQFDGRLITNEASP,0.8125632735704256,0.8229665071770335,binary,custom,immune
WCYKMVHQFDGRLITNEASP,0.8709423271610987,0.8856358645928637,binary,resnet,immune
WCYKMVHQFDGRLITNEASP,0.8155493778779269,0.8260038240917782,binary,custom,immune
WCYKMVHQFDGRLITNEASP,0.875559256719245,0.8849056603773585,binary,resnet,immune
WCYKMVHQFDGRLITNEASP,0.8070748016067405,0.8197343453510436,binary,custom,immune
WCYKMVHQFDGRLITNEASP,0.8549565657555271,0.8738738738738738,binary,resnet,immune
WCYKMVHQFDGRLITNEASP,0.8179558146370138,0.8265895953757225,binary,custom,immune
WCYKMVHQFDGRLITNEASP,0.8183640312204041,0.8494809688581315,binary,resnet,immune
WCYKMVHQFDGRLITNEASP,0.8254710819372326,0.8361904761904762,binary,custom,immune
WCYKMVHQFDGRLITNEASP,0.8850013062930668,0.8957169459962756,binary,resnet,immune
WCYKMVHQFDGRLITNEASP,0.8075585382580582,0.8225352112676056,binary,custom,immune
WCYKMVHQFDGRLITNEASP,0.8768145227131707,0.8884758364312267,binary,resnet,immune
WCYKMVHQFDGRLITNEASP,0.8083300676006661,0.8242990654205608,binary,custom,immune
WCYKMVHQFDGRLITNEASP,0.8800802553802946,0.8843537414965986,binary,resnet,immune
WCYKMVHQFDGRLITNEASP,0.8090015838803436,0.821969696969697,binary,custom,immune
WCYKMVHQFDGRLITNEASP,0.8684317951732471,0.8784165881244109,binary,resnet,immune
WCYKMVHQFDGRLITNEASP,0.8086178602919566,0.8233082706766918,binary,custom,immune
WCYKMVHQFDGRLITNEASP,0.8704585905097809,0.8835489833641405,binary,resnet,immune
WCYKMVHQFDGRLITNEASP,0.8022578459227329,0.8141086749285034,binary,custom,immune
WCYKMVHQFDGRLITNEASP,0.8738284184056693,0.8855813953488372,binary,resnet,immune
WCYKMVHQFDGRLITNEASP,0.8074626073609614,0.8228678537956888,binary,custom,immune
WCYKMVHQFDGRLITNEASP,0.8637107703863363,0.872865275142315,binary,resnet,immune
WCYKMVHQFDGRLITNEASP,0.8164168381176317,0.8274547187797903,binary,custom,immune
WCYKMVHQFDGRLITNEASP,0.8731405734626563,0.8736318407960199,binary,resnet,immune
WCYKMVHQFDGRLITNEASP,0.8192069984651057,0.8267182962245886,binary,custom,immune
WCYKMVHQFDGRLITNEASP,0.8793087260376865,0.8828125,binary,resnet,immune
WCYKMVHQFDGRLITNEASP,0.8024497077169264,0.8133971291866029,binary,custom,immune
WCYKMVHQFDGRLITNEASP,0.8535135201332418,0.8739946380697051,binary,resnet,immune
WCYKMVHQFDGRLITNEASP,0.8084219163319291,0.8194842406876791,binary,custom,immune
WCYKMVHQFDGRLITNEASP,0.8414772541719735,0.8664323374340949,binary,resnet,immune
WCYKMVHQFDGRLITNEASP,0.8121795499820385,0.8243114909781576,binary,custom,immune
WCYKMVHQFDGRLITNEASP,0.8316555631755984,0.8603642671292281,binary,resnet,immune
WCYKMVHQFDGRLITNEASP,0.8004310767120604,0.8161350844277674,binary,custom,immune
WCYKMVHQFDGRLITNEASP,0.8769022892785996,0.8817829457364341,binary,resnet,immune
WCYKMVHQFDGRLITNEASP,0.8116958133307207,0.8214971209213052,binary,custom,immune
WCYKMVHQFDGRLITNEASP,0.8578467391659318,0.8769092542677448,binary,resnet,immune
WCYKMVHQFDGRLITNEASP,0.8187273439796219,0.8283796740172579,binary,custom,immune
WCYKMVHQFDGRLITNEASP,0.8836501094020444,0.8924528301886793,binary,resnet,immune
WCYKMVHQFDGRLITNEASP,0.8077463178864179,0.8173076923076923,binary,custom,immune
WCYKMVHQFDGRLITNEASP,0.8845175696417492,0.8936970837253058,binary,resnet,immune
WCYKMVHQFDGRLITNEASP,0.8132347898501029,0.8205625606207565,binary,custom,immune
WCYKMVHQFDGRLITNEASP,0.8644822997289441,0.874409820585458,binary,resnet,immune
WCYKMVHQFDGRLITNEASP,0.8164168381176317,0.8274547187797903,binary,custom,immune
WCYKMVHQFDGRLITNEASP,0.8353091015969433,0.8579088471849866,binary,resnet,immune
WCYKMVHQFDGRLITNEASP,0.8023578589856634,0.8183520599250936,binary,custom,immune
WCYKMVHQFDGRLITNEASP,0.8886589268802456,0.8972667295004713,binary,resnet,immune
WCYKMVHQFDGRLITNEASP,0.7955181901309558,0.8109125117591721,binary,custom,immune
WCYKMVHQFDGRLITNEASP,0.8423324679141766,0.8571428571428571,binary,resnet,immune
WCYKMVHQFDGRLITNEASP,0.8129469971588126,0.8216007714561234,binary,custom,immune
WCYKMVHQFDGRLITNEASP,0.8663927533392117,0.8618219037871033,binary,resnet,immune
WCYKMVHQFDGRLITNEASP,0.8224808954638974,0.8287937743190662,binary,custom,immune
WCYKMVHQFDGRLITNEASP,0.861012458770125,0.8691499522445081,binary,resnet,immune
WCYKMVHQFDGRLITNEASP,0.793111753371869,0.8104575163398693,binary,custom,immune
WCYKMVHQFDGRLITNEASP,0.8825907873681461,0.8916116870876531,binary,resnet,immune
WCYKMVHQFDGRLITNEASP,0.8203622513961008,0.8271844660194175,binary,custom,immune
WCYKMVHQFDGRLITNEASP,0.8668887364880311,0.8753568030447193,binary,resnet,immune
WCYKMVHQFDGRLITNEASP,0.8123673296103981,0.8190661478599222,binary,custom,immune
WCYKMVHQFDGRLITNEASP,0.8699707716926292,0.878095238095238,binary,resnet,immune
WCYKMVHQFDGRLITNEASP,0.804860226641847,0.8185255198487713,binary,custom,immune
WCYKMVHQFDGRLITNEASP,0.8627514614153686,0.8752327746741154,binary,resnet,immune
WCYKMVHQFDGRLITNEASP,0.810444629502629,0.8213944603629417,binary,custom,immune
WCYKMVHQFDGRLITNEASP,0.826742676594494,0.8556521739130435,binary,resnet,immune
WCYKMVHQFDGRLITNEASP,0.8058236177786486,0.8196411709159585,binary,custom,immune
WCYKMVHQFDGRLITNEASP,0.8694951993729795,0.8825161887141536,binary,resnet,immune
WCYKMVHQFDGRLITNEASP,0.8050520884360406,0.8178368121442126,binary,custom,immune
WCYKMVHQFDGRLITNEASP,0.8715179125436792,0.8843663274745606,binary,resnet,immune
WCYKMVHQFDGRLITNEASP,0.8013944678488619,0.817244611059044,binary,custom,immune
WCYKMVHQFDGRLITNEASP,0.8724813036804807,0.8853974121996303,binary,resnet,immune
WCYKMVHQFDGRLITNEASP,0.8094812383658274,0.8202676864244742,binary,custom,immune
WCYKMVHQFDGRLITNEASP,0.8552402762809836,0.8698060941828255,binary,resnet,immune
WCYKMVHQFDGRLITNEASP,0.8051480193331374,0.8174904942965779,binary,custom,immune
WCYKMVHQFDGRLITNEASP,0.8525419646647725,0.8661710037174721,binary,resnet,immune
WCYKMVHQFDGRLITNEASP,0.8146819176382222,0.8245445829338447,binary,custom,immune
WCYKMVHQFDGRLITNEASP,0.8604205447242089,0.8553846153846154,binary,resnet,immune
WCYKMVHQFDGRLITNEASP,0.8069788707096438,0.8200757575757576,binary,custom,immune
WCYKMVHQFDGRLITNEASP,0.8670765161163908,0.8713450292397661,binary,resnet,immune
WCYKMVHQFDGRLITNEASP,0.812755135364619,0.8222862632084534,binary,custom,immune
WCYKMVHQFDGRLITNEASP,0.873156902125992,0.8870523415977961,binary,resnet,immune
WCYKMVHQFDGRLITNEASP,0.8039927664021423,0.8170616113744076,binary,custom,immune
WCYKMVHQFDGRLITNEASP,0.875079602233761,0.8859813084112149,binary,resnet,immune
WCYKMVHQFDGRLITNEASP,0.8162208941576043,0.8236434108527132,binary,custom,immune
WCYKMVHQFDGRLITNEASP,0.6780538682603443,0.7642526964560863,binary,resnet,immune
WCYKMVHQFDGRLITNEASP,0.7988880180268443,0.8125,binary,custom,immune
WCYKMVHQFDGRLITNEASP,0.8635189085921426,0.8733459357277883,binary,resnet,immune
WCYKMVHQFDGRLITNEASP,0.810060905914242,0.8227488151658767,binary,custom,immune
WCYKMVHQFDGRLITNEASP,0.8738284184056693,0.8855813953488372,binary,resnet,immune
WCYKMVHQFDGRLITNEASP,0.8113120897423337,0.8228571428571428,binary,custom,immune
WCYKMVHQFDGRLITNEASP,0.8538972437216289,0.873087308730873,binary,resnet,immune
WCYKMVHQFDGRLITNEASP,0.8011985238888345,0.8133333333333334,binary,custom,immune
WCYKMVHQFDGRLITNEASP,0.867068351784723,0.8638211382113821,binary,resnet,immune
WCYKMVHQFDGRLITNEASP,0.8109283661539467,0.8241965973534972,binary,custom,immune
WCYKMVHQFDGRLITNEASP,0.8769982201756964,0.8815533980582524,binary,resnet,immune
WCYKMVHQFDGRLITNEASP,0.8118876751249142,0.8208092485549133,binary,custom,immune
WCYKMVHQFDGRLITNEASP,0.8773860259299173,0.8839884947267498,binary,resnet,immune
WCYKMVHQFDGRLITNEASP,0.8056317559844551,0.8203198494825964,binary,custom,immune
WCYKMVHQFDGRLITNEASP,0.8659090166878939,0.8592132505175983,binary,resnet,immune
WCYKMVHQFDGRLITNEASP,0.8147778485353188,0.8242074927953891,binary,custom,immune
WCYKMVHQFDGRLITNEASP,0.8736202279481402,0.8723618090452261,binary,resnet,immune
WCYKMVHQFDGRLITNEASP,0.8114080206394305,0.8225190839694656,binary,custom,immune
WCYKMVHQFDGRLITNEASP,0.8766185787531433,0.8857412653446648,binary,resnet,immune
WCYKMVHQFDGRLITNEASP,0.8078463309493484,0.8215297450424929,binary,custom,immune
WCYKMVHQFDGRLITNEASP,0.8803721302374188,0.8869731800766284,binary,resnet,immune
WCYKMVHQFDGRLITNEASP,0.8035090297508247,0.814176245210728,binary,custom,immune
WCYKMVHQFDGRLITNEASP,0.8506233467228372,0.8709677419354839,binary,resnet,immune
WCYKMVHQFDGRLITNEASP,0.8063992031612292,0.8175740210124164,binary,custom,immune
WCYKMVHQFDGRLITNEASP,0.8743080728911531,0.8845070422535212,binary,resnet,immune
WCYKMVHQFDGRLITNEASP,0.8110202148852095,0.8193236714975846,binary,custom,immune
WCYKMVHQFDGRLITNEASP,0.8771900819698899,0.8810916179337231,binary,resnet,immune
WCYKMVHQFDGRLITNEASP,0.8058195356128147,0.815028901734104,binary,custom,immune
WCYKMVHQFDGRLITNEASP,0.8831663727507266,0.8903717826501429,binary,resnet,immune
WCYKMVHQFDGRLITNEASP,0.8112161588452369,0.8231939163498099,binary,custom,immune
WCYKMVHQFDGRLITNEASP,0.873152819960158,0.8838951310861424,binary,resnet,immune
WCYKMVHQFDGRLITNEASP,0.8110202148852095,0.8193236714975846,binary,custom,immune
WCYKMVHQFDGRLITNEASP,0.8795046699977139,0.8856868395773295,binary,resnet,immune
WCYKMVHQFDGRLITNEASP,0.8068788576467131,0.8158148505303761,binary,custom,immune
WCYKMVHQFDGRLITNEASP,0.871521994709513,0.8874773139745916,binary,resnet,immune
WCYKMVHQFDGRLITNEASP,0.8203622513961008,0.8271844660194175,binary,custom,immune
WCYKMVHQFDGRLITNEASP,0.8592897847882173,0.8768115942028986,binary,resnet,immune
WCYKMVHQFDGRLITNEASP,0.8251792070801085,0.8328502415458937,binary,custom,immune
WCYKMVHQFDGRLITNEASP,0.8925084092616178,0.8984674329501916,binary,resnet,immune
WCYKMVHQFDGRLITNEASP,0.796193788576467,0.8130841121495327,binary,custom,immune
WCYKMVHQFDGRLITNEASP,0.8480250481695568,0.8705673758865248,binary,resnet,immune
WCYKMVHQFDGRLITNEASP,0.8099608928513111,0.8185328185328186,binary,custom,immune
WCYKMVHQFDGRLITNEASP,0.8810436465170961,0.8854368932038835,binary,resnet,immune
WCYKMVHQFDGRLITNEASP,0.8084219163319291,0.8194842406876791,binary,custom,immune
WCYKMVHQFDGRLITNEASP,0.8388789556186931,0.8660869565217392,binary,resnet,immune
WCYKMVHQFDGRLITNEASP,0.793495476960256,0.8090310442144873,binary,custom,immune
WCYKMVHQFDGRLITNEASP,0.8634270598608798,0.8769657724329325,binary,resnet,immune
WCYKMVHQFDGRLITNEASP,0.8084219163319291,0.8194842406876791,binary,custom,immune
WCYKMVHQFDGRLITNEASP,0.8532216452761178,0.8713768115942029,binary,resnet,immune
WCYKMVHQFDGRLITNEASP,0.8112161588452369,0.8231939163498099,binary,custom,immune
WCYKMVHQFDGRLITNEASP,0.8175965840436302,0.8515358361774744,binary,resnet,immune
WCYKMVHQFDGRLITNEASP,0.811895839456582,0.8296296296296296,binary,custom,immune
WCYKMVHQFDGRLITNEASP,0.8866321315437119,0.8923076923076924,binary,resnet,immune
WCYKMVHQFDGRLITNEASP,0.8189192057738154,0.8277189605389798,binary,custom,immune
WCYKMVHQFDGRLITNEASP,0.8732487508572548,0.8836772983114447,binary,resnet,immune
WCYKMVHQFDGRLITNEASP,0.7981205708500702,0.8152985074626866,binary,custom,immune
WCYKMVHQFDGRLITNEASP,0.8567874171320337,0.8761220825852782,binary,resnet,immune
WCYKMVHQFDGRLITNEASP,0.8025538029456909,0.8221198156682028,binary,custom,immune
WCYKMVHQFDGRLITNEASP,0.8733487639201856,0.8866359447004608,binary,resnet,immune
WCYKMVHQFDGRLITNEASP,0.8039927664021423,0.8170616113744076,binary,custom,immune
WCYKMVHQFDGRLITNEASP,0.8746958786453741,0.8868274582560297,binary,resnet,immune
WCYKMVHQFDGRLITNEASP,0.8168005617060188,0.8261287223823247,binary,custom,immune
WCYKMVHQFDGRLITNEASP,0.870454508343947,0.8803016022620169,binary,resnet,immune
WCYKMVHQFDGRLITNEASP,0.8193029293622024,0.8263821532492726,binary,custom,immune
WCYKMVHQFDGRLITNEASP,0.86852364390451,0.8747591522157996,binary,resnet,immune
WCYKMVHQFDGRLITNEASP,0.8114080206394305,0.8225190839694656,binary,custom,immune
WCYKMVHQFDGRLITNEASP,0.8742039776623884,0.8780487804878049,binary,resnet,immune
WCYKMVHQFDGRLITNEASP,0.7981164886842362,0.8106565176022835,binary,custom,immune
WCYKMVHQFDGRLITNEASP,0.8814396166029848,0.8940092165898618,binary,resnet,immune
WCYKMVHQFDGRLITNEASP,0.8152615851866366,0.8269961977186312,binary,custom,immune
WCYKMVHQFDGRLITNEASP,0.8747918095424709,0.8866171003717472,binary,resnet,immune
WCYKMVHQFDGRLITNEASP,0.8033171679566312,0.8148854961832062,binary,custom,immune
WCYKMVHQFDGRLITNEASP,0.8692992554129519,0.8796992481203008,binary,resnet,immune
WCYKMVHQFDGRLITNEASP,0.806882939812547,0.8204158790170132,binary,custom,immune
WCYKMVHQFDGRLITNEASP,0.8488884262434278,0.8684684684684685,binary,resnet,immune
WCYKMVHQFDGRLITNEASP,0.8094812383658274,0.8202676864244742,binary,custom,immune
WCYKMVHQFDGRLITNEASP,0.8692829267496163,0.8653061224489796,binary,resnet,immune
WCYKMVHQFDGRLITNEASP,0.7986961562326508,0.8132075471698114,binary,custom,immune
WCYKMVHQFDGRLITNEASP,0.8423406322458443,0.8642857142857143,binary,resnet,immune
WCYKMVHQFDGRLITNEASP,0.8070748016067405,0.8197343453510436,binary,custom,immune
WCYKMVHQFDGRLITNEASP,0.8619799320727606,0.8737137511693172,binary,resnet,immune
WCYKMVHQFDGRLITNEASP,0.8043764899905295,0.8156638013371538,binary,custom,immune
WCYKMVHQFDGRLITNEASP,0.8723690441200483,0.872,binary,resnet,immune
WCYKMVHQFDGRLITNEASP,0.8149697103295125,0.8235294117647058,binary,custom,immune
WCYKMVHQFDGRLITNEASP,0.8794046569347833,0.8825831702544031,binary,resnet,immune
WCYKMVHQFDGRLITNEASP,0.8141063322556417,0.8265402843601896,binary,custom,immune
WCYKMVHQFDGRLITNEASP,0.8114243493027662,0.8392226148409894,binary,resnet,immune
WCYKMVHQFDGRLITNEASP,0.7976327520329186,0.8076923076923077,binary,custom,immune
WCYKMVHQFDGRLITNEASP,0.8543646517096111,0.861271676300578,binary,resnet,immune
WCYKMVHQFDGRLITNEASP,0.8059154665099114,0.8146718146718147,binary,custom,immune
WCYKMVHQFDGRLITNEASP,0.8814355344371511,0.8909774436090225,binary,resnet,immune
WCYKMVHQFDGRLITNEASP,0.7908930962411416,0.8045540796963947,binary,custom,immune
WCYKMVHQFDGRLITNEASP,0.8754674079879822,0.8882733148661126,binary,resnet,immune
WCYKMVHQFDGRLITNEASP,0.8088056399203162,0.8180943214629451,binary,custom,immune
WCYKMVHQFDGRLITNEASP,0.8654456908657457,0.8754716981132076,binary,resnet,immune
WCYKMVHQFDGRLITNEASP,0.8113080075764998,0.8182701652089407,binary,custom,immune
WCYKMVHQFDGRLITNEASP,0.8695911302700762,0.8822984244670992,binary,resnet,immune
WCYKMVHQFDGRLITNEASP,0.8165127690147285,0.8271251193887297,binary,custom,immune
WCYKMVHQFDGRLITNEASP,0.8715179125436792,0.8843663274745606,binary,resnet,immune
WCYKMVHQFDGRLITNEASP,0.821037849841612,0.8293153326904532,binary,custom,immune
WCYKMVHQFDGRLITNEASP,0.8788249893863689,0.8805528134254689,binary,resnet,immune
WCYKMVHQFDGRLITNEASP,0.8153534339178994,0.8221574344023324,binary,custom,immune
WCYKMVHQFDGRLITNEASP,0.8736283922798079,0.8794599807135969,binary,resnet,immune
WCYKMVHQFDGRLITNEASP,0.80447650305346,0.8198874296435272,binary,custom,immune
WCYKMVHQFDGRLITNEASP,0.88104772868293,0.8886774500475737,binary,resnet,immune
WCYKMVHQFDGRLITNEASP,0.8148778615982495,0.8283018867924529,binary,custom,immune
WCYKMVHQFDGRLITNEASP,0.8792087129747559,0.8796019900497513,binary,resnet,immune
WCYKMVHQFDGRLITNEASP,0.8047602135789165,0.8142444658325313,binary,custom,immune
WCYKMVHQFDGRLITNEASP,0.8562791874857124,0.8515864892528148,binary,resnet,immune
WCYKMVHQFDGRLITNEASP,0.8124673426733288,0.8233046800382043,binary,custom,immune
WCYKMVHQFDGRLITNEASP,0.7919809934358774,0.835,binary,resnet,immune
WCYKMVHQFDGRLITNEASP,0.8107324221939192,0.8203650336215178,binary,custom,immune
WCYKMVHQFDGRLITNEASP,0.860245011593351,0.8711194731890874,binary,resnet,immune
WCYKMVHQFDGRLITNEASP,0.8142941118840012,0.8213592233009709,binary,custom,immune
WCYKMVHQFDGRLITNEASP,0.842440645308775,0.8674275680421423,binary,resnet,immune
WCYKMVHQFDGRLITNEASP,0.8071707325038373,0.8193916349809885,binary,custom,immune
WCYKMVHQFDGRLITNEASP,0.8521541589105516,0.863593603010348,binary,resnet,immune
WCYKMVHQFDGRLITNEASP,0.8205541131902943,0.8265107212475633,binary,custom,immune
WCYKMVHQFDGRLITNEASP,0.8795046699977139,0.8856868395773295,binary,resnet,immune
WCYKMVHQFDGRLITNEASP,0.8103486986055322,0.8217349857006673,binary,custom,immune
WCYKMVHQFDGRLITNEASP,0.8670724339505569,0.8676616915422886,binary,resnet,immune
WCYKMVHQFDGRLITNEASP,0.804860226641847,0.8185255198487713,binary,custom,immune
WCYKMVHQFDGRLITNEASP,0.8646823258548055,0.8805834092980857,binary,resnet,immune
WCYKMVHQFDGRLITNEASP,0.812755135364619,0.8222862632084534,binary,custom,immune
WCYKMVHQFDGRLITNEASP,0.8593816335194802,0.8732654949121184,binary,resnet,immune
WCYKMVHQFDGRLITNEASP,0.8114039384735966,0.8179162609542356,binary,custom,immune
WCYKMVHQFDGRLITNEASP,0.8717893765716339,0.8698284561049445,binary,resnet,immune
WCYKMVHQFDGRLITNEASP,0.811987688187845,0.8249763481551561,binary,custom,immune
WCYKMVHQFDGRLITNEASP,0.8728486986055322,0.8707070707070707,binary,resnet,immune
WCYKMVHQFDGRLITNEASP,0.8140063191927108,0.8223938223938224,binary,custom,immune
WCYKMVHQFDGRLITNEASP,0.823180986904412,0.8544358311800172,binary,resnet,immune
WCYKMVHQFDGRLITNEASP,0.8149697103295125,0.8235294117647058,binary,custom,immune
WCYKMVHQFDGRLITNEASP,0.8656334704941054,0.8714975845410629,binary,resnet,immune
WCYKMVHQFDGRLITNEASP,0.8062114235328696,0.8227611940298507,binary,custom,immune
WCYKMVHQFDGRLITNEASP,0.8618840011756638,0.8739495798319328,binary,resnet,immune
WCYKMVHQFDGRLITNEASP,0.8060154795728423,0.818957345971564,binary,custom,immune
WCYKMVHQFDGRLITNEASP,0.8731487377943242,0.8806112702960841,binary,resnet,immune
WCYKMVHQFDGRLITNEASP,0.8140104013585447,0.826868495742668,binary,custom,immune
WCYKMVHQFDGRLITNEASP,0.8722812775546194,0.8793103448275862,binary,resnet,immune
WCYKMVHQFDGRLITNEASP,0.821421573429999,0.8279883381924198,binary,custom,immune
WCYKMVHQFDGRLITNEASP,0.8821070507168284,0.8895238095238095,binary,resnet,immune
WCYKMVHQFDGRLITNEASP,0.8211378629045425,0.8333333333333334,binary,custom,immune
WCYKMVHQFDGRLITNEASP,0.8721812644916888,0.8760975609756098,binary,resnet,immune
WCYKMVHQFDGRLITNEASP,0.8152615851866366,0.8269961977186312,binary,custom,immune
WCYKMVHQFDGRLITNEASP,0.8498191600535581,0.8377518557794273,binary,resnet,immune
WCYKMVHQFDGRLITNEASP,0.8074666895267953,0.8272058823529411,binary,custom,immune
WCYKMVHQFDGRLITNEASP,0.8635229907579764,0.8767377201112141,binary,resnet,immune
WCYKMVHQFDGRLITNEASP,0.8091934456745371,0.8212927756653993,binary,custom,immune
WCYKMVHQFDGRLITNEASP,0.817688432774893,0.8476936466492603,binary,resnet,immune
WCYKMVHQFDGRLITNEASP,0.8083259854348324,0.8198284080076264,binary,custom,immune
WCYKMVHQFDGRLITNEASP,0.8678602919565004,0.8829981718464351,binary,resnet,immune
WCYKMVHQFDGRLITNEASP,0.8087097090232194,0.8184438040345822,binary,custom,immune
WCYKMVHQFDGRLITNEASP,0.7422847065739199,0.7990196078431373,binary,resnet,immune
WCYKMVHQFDGRLITNEASP,0.8116039645994578,0.8262910798122066,binary,custom,immune
WCYKMVHQFDGRLITNEASP,0.8760429933705627,0.8870214752567693,binary,resnet,immune
WCYKMVHQFDGRLITNEASP,0.8181476764312074,0.8259187620889749,binary,custom,immune
WCYKMVHQFDGRLITNEASP,0.7851372424153359,0.8245315161839863,binary,resnet,immune
WCYKMVHQFDGRLITNEASP,0.8172842983573365,0.8288973384030418,binary,custom,immune
WCYKMVHQFDGRLITNEASP,0.8658416609516345,0.884304932735426,binary,resnet,immune
WCYKMVHQFDGRLITNEASP,0.8094812383658274,0.8202676864244742,binary,custom,immune
WCYKMVHQFDGRLITNEASP,0.8449389307991247,0.8646209386281588,binary,resnet,immune
WCYKMVHQFDGRLITNEASP,0.8118876751249142,0.8208092485549133,binary,custom,immune
WCYKMVHQFDGRLITNEASP,0.8862484079553248,0.8931297709923665,binary,resnet,immune
WCYKMVHQFDGRLITNEASP,0.8183436203912348,0.829686013320647,binary,custom,immune
WCYKMVHQFDGRLITNEASP,0.8699748538584631,0.8814192343604108,binary,resnet,immune
WCYKMVHQFDGRLITNEASP,0.8121795499820385,0.8243114909781576,binary,custom,immune
WCYKMVHQFDGRLITNEASP,0.859769439273701,0.8756855575868373,binary,resnet,immune
WCYKMVHQFDGRLITNEASP,0.8055358250873583,0.8206572769953052,binary,custom,immune
WCYKMVHQFDGRLITNEASP,0.7980450507821429,0.8363019508057676,binary,resnet,immune
WCYKMVHQFDGRLITNEASP,0.8037968224421148,0.8131021194605009,binary,custom,immune
WCYKMVHQFDGRLITNEASP,0.8768104405473368,0.885308056872038,binary,resnet,immune
WCYKMVHQFDGRLITNEASP,0.8052439502302341,0.8171428571428572,binary,custom,immune
WCYKMVHQFDGRLITNEASP,0.8706545344698082,0.8862602365787079,binary,resnet,immune
WCYKMVHQFDGRLITNEASP,0.8003310636491298,0.8118433619866284,binary,custom,immune
WCYKMVHQFDGRLITNEASP,0.8808599490545704,0.8921933085501859,binary,resnet,immune
WCYKMVHQFDGRLITNEASP,0.8130429280559094,0.821256038647343,binary,custom,immune
WCYKMVHQFDGRLITNEASP,0.8840256686587636,0.8851485148514852,binary,resnet,immune
WCYKMVHQFDGRLITNEASP,0.7960019267822736,0.813780260707635,binary,custom,immune
WCYKMVHQFDGRLITNEASP,0.8659294275170635,0.8776844070961718,binary,resnet,immune
WCYKMVHQFDGRLITNEASP,0.8175720910486268,0.8279158699808795,binary,custom,immune
WCYKMVHQFDGRLITNEASP,0.8689032853270631,0.8701684836471755,binary,resnet,immune
WCYKMVHQFDGRLITNEASP,0.8097731132229516,0.823751178133836,binary,custom,immune
WCYKMVHQFDGRLITNEASP,0.8524501159335096,0.8698817106460418,binary,resnet,immune
WCYKMVHQFDGRLITNEASP,0.8097731132229516,0.823751178133836,binary,custom,immune
WCYKMVHQFDGRLITNEASP,0.873152819960158,0.8838951310861424,binary,resnet,immune
WCYKMVHQFDGRLITNEASP,0.8131388589530061,0.8209099709583737,binary,custom,immune
WCYKMVHQFDGRLITNEASP,0.8785412788609125,0.8846153846153846,binary,resnet,immune
WCYKMVHQFDGRLITNEASP,0.8115080337023611,0.8266166822867854,binary,custom,immune
WCYKMVHQFDGRLITNEASP,0.8862443257894909,0.8899707887049659,binary,resnet,immune
WCYKMVHQFDGRLITNEASP,0.8165127690147285,0.8271251193887297,binary,custom,immune
WCYKMVHQFDGRLITNEASP,0.7836982789588844,0.8289036544850499,binary,resnet,immune
WCYKMVHQFDGRLITNEASP,0.810444629502629,0.8213944603629417,binary,custom,immune
WCYKMVHQFDGRLITNEASP,0.8840338329904315,0.8916349809885932,binary,resnet,immune
WCYKMVHQFDGRLITNEASP,0.8081341236406387,0.8205128205128205,binary,custom,immune
WCYKMVHQFDGRLITNEASP,0.859001992096927,0.8774774774774775,binary,resnet,immune
WCYKMVHQFDGRLITNEASP,0.8171842852944058,0.8247821878025169,binary,custom,immune
WCYKMVHQFDGRLITNEASP,0.8797924626890044,0.885024154589372,binary,resnet,immune
WCYKMVHQFDGRLITNEASP,0.802161915025636,0.8144624167459562,binary,custom,immune
WCYKMVHQFDGRLITNEASP,0.8628433101466314,0.8715509039010466,binary,resnet,immune
WCYKMVHQFDGRLITNEASP,0.7963815682048268,0.8076555023923445,binary,custom,immune
WCYKMVHQFDGRLITNEASP,0.8666091081284085,0.8826205641492265,binary,resnet,immune
WCYKMVHQFDGRLITNEASP,0.8144900558440286,0.8252148997134671,binary,custom,immune
WCYKMVHQFDGRLITNEASP,0.8555321511381079,0.8724954462659381,binary,resnet,immune
WCYKMVHQFDGRLITNEASP,0.7989839489239412,0.8121442125237192,binary,custom,immune
WCYKMVHQFDGRLITNEASP,0.8642904379347506,0.8748824082784572,binary,resnet,immune
WCYKMVHQFDGRLITNEASP,0.8128510662617159,0.821944177093359,binary,custom,immune
WCYKMVHQFDGRLITNEASP,0.8498518173802293,0.8694869486948695,binary,resnet,immune
WCYKMVHQFDGRLITNEASP,0.8172802161915026,0.8244422890397672,binary,custom,immune
WCYKMVHQFDGRLITNEASP,0.8514826426308743,0.8653667595171773,binary,resnet,immune
WCYKMVHQFDGRLITNEASP,0.8101609189771726,0.8268156424581006,binary,custom,immune
WCYKMVHQFDGRLITNEASP,0.8529134417556579,0.8537313432835821,binary,resnet,immune
WCYKMVHQFDGRLITNEASP,0.8027415825740505,0.8169811320754717,binary,custom,immune
WCYKMVHQFDGRLITNEASP,0.8614084288560139,0.8784029038112523,binary,resnet,immune
WCYKMVHQFDGRLITNEASP,0.7892581888246628,0.8059981255857545,binary,custom,immune
WCYKMVHQFDGRLITNEASP,0.8714138173149146,0.878001921229587,binary,resnet,immune
WCYKMVHQFDGRLITNEASP,0.8087097090232194,0.8184438040345822,binary,custom,immune
WCYKMVHQFDGRLITNEASP,0.8816273962313446,0.8905660377358491,binary,resnet,immune
WCYKMVHQFDGRLITNEASP,0.8033171679566312,0.8148854961832062,binary,custom,immune
WCYKMVHQFDGRLITNEASP,0.830259462460403,0.8083700440528634,binary,resnet,immune
WCYKMVHQFDGRLITNEASP,0.7986002253355541,0.8135593220338984,binary,custom,immune
WCYKMVHQFDGRLITNEASP,0.8710300937265276,0.8789323164918971,binary,resnet,immune
WCYKMVHQFDGRLITNEASP,0.8050520884360406,0.8178368121442126,binary,custom,immune
WCYKMVHQFDGRLITNEASP,0.8254874106005683,0.8518518518518519,binary,resnet,immune
WCYKMVHQFDGRLITNEASP,0.8004310767120604,0.8161350844277674,binary,custom,immune
WCYKMVHQFDGRLITNEASP,0.8733405995885176,0.8801534036433365,binary,resnet,immune
WCYKMVHQFDGRLITNEASP,0.8159371836321478,0.8290840415486308,binary,custom,immune
WCYKMVHQFDGRLITNEASP,0.8327148852094968,0.8611111111111112,binary,resnet,immune
WCYKMVHQFDGRLITNEASP,0.807654469155155,0.8222013170272813,binary,custom,immune
WCYKMVHQFDGRLITNEASP,0.8592612096273798,0.8505747126436781,binary,resnet,immune
WCYKMVHQFDGRLITNEASP,0.8046642826818197,0.8146013448607109,binary,custom,immune
WCYKMVHQFDGRLITNEASP,0.7936118186865223,0.8301886792452831,binary,resnet,immune
WCYKMVHQFDGRLITNEASP,0.8134307338101303,0.8244274809160306,binary,custom,immune
WCYKMVHQFDGRLITNEASP,0.8457063779758989,0.8626373626373627,binary,resnet,immune
WCYKMVHQFDGRLITNEASP,0.8101568368113387,0.8224121557454891,binary,custom,immune
WCYKMVHQFDGRLITNEASP,0.8683276999444826,0.871694417238002,binary,resnet,immune
WCYKMVHQFDGRLITNEASP,0.810444629502629,0.8213944603629417,binary,custom,immune
WCYKMVHQFDGRLITNEASP,0.848788413180497,0.8652612282309807,binary,resnet,immune
WCYKMVHQFDGRLITNEASP,0.7984083635413606,0.8142589118198874,binary,custom,immune
WCYKMVHQFDGRLITNEASP,0.8736365566114758,0.8860055607043559,binary,resnet,immune
WCYKMVHQFDGRLITNEASP,0.8083259854348324,0.8198284080076264,binary,custom,immune
WCYKMVHQFDGRLITNEASP,0.8603491068221155,0.8776065276518585,binary,resnet,immune
WCYKMVHQFDGRLITNEASP,0.8010107442604748,0.8186046511627907,binary,custom,immune
WCYKMVHQFDGRLITNEASP,0.8612124848959863,0.8755760368663594,binary,resnet,immune
WCYKMVHQFDGRLITNEASP,0.8094812383658274,0.8202676864244742,binary,custom,immune
WCYKMVHQFDGRLITNEASP,0.8161453740896771,0.8446005267778753,binary,resnet,immune
WCYKMVHQFDGRLITNEASP,0.8246954704287908,0.830078125,binary,custom,immune
WCYKMVHQFDGRLITNEASP,0.859769439273701,0.8756855575868373,binary,resnet,immune
WCYKMVHQFDGRLITNEASP,0.8193988602592993,0.826044703595724,binary,custom,immune
WCYKMVHQFDGRLITNEASP,0.8765226478560465,0.885956644674835,binary,resnet,immune
WCYKMVHQFDGRLITNEASP,0.8150656412266092,0.8231884057971014,binary,custom,immune
WCYKMVHQFDGRLITNEASP,0.8536053688645048,0.8704379562043796,binary,resnet,immune
WCYKMVHQFDGRLITNEASP,0.7952263152738317,0.8072519083969466,binary,custom,immune
WCYKMVHQFDGRLITNEASP,0.8819192710884687,0.8930232558139535,binary,resnet,immune
WCYKMVHQFDGRLITNEASP,0.8128510662617159,0.821944177093359,binary,custom,immune
WCYKMVHQFDGRLITNEASP,0.8539890924528919,0.8694852941176471,binary,resnet,immune
WCYKMVHQFDGRLITNEASP,0.8139103882956141,0.8227360308285164,binary,custom,immune
WCYKMVHQFDGRLITNEASP,0.8632392802325202,0.8806509945750453,binary,resnet,immune
WCYKMVHQFDGRLITNEASP,0.811983606022011,0.8204633204633205,binary,custom,immune
WCYKMVHQFDGRLITNEASP,0.886919924235002,0.8916827852998066,binary,resnet,immune
WCYKMVHQFDGRLITNEASP,0.8040886972992392,0.8167141500474834,binary,custom,immune
WCYKMVHQFDGRLITNEASP,0.8680439894190259,0.8759541984732825,binary,resnet,immune
WCYKMVHQFDGRLITNEASP,0.8271059893537116,0.8351012536162006,binary,custom,immune
WCYKMVHQFDGRLITNEASP,0.8775738055582769,0.8801571709233792,binary,resnet,immune
WCYKMVHQFDGRLITNEASP,0.7955181901309558,0.8109125117591721,binary,custom,immune
WCYKMVHQFDGRLITNEASP,0.877486038992848,0.8870056497175142,binary,resnet,immune
WCYKMVHQFDGRLITNEASP,0.8087097090232194,0.8184438040345822,binary,custom,immune
WCYKMVHQFDGRLITNEASP,0.7933199438293981,0.8271068635968722,binary,resnet,immune
WCYKMVHQFDGRLITNEASP,0.8199785278077136,0.8285163776493256,binary,custom,immune
WCYKMVHQFDGRLITNEASP,0.8832663858136574,0.8932584269662921,binary,resnet,immune
WCYKMVHQFDGRLITNEASP,0.8015904118088893,0.8210332103321033,binary,custom,immune
WCYKMVHQFDGRLITNEASP,0.8088689134907416,0.7733026467203682,binary,resnet,immune
WCYKMVHQFDGRLITNEASP,0.816704630808922,0.8264621284755513,binary,custom,immune
WCYKMVHQFDGRLITNEASP,0.8562118317494529,0.8774422735346359,binary,resnet,immune
WCYKMVHQFDGRLITNEASP,0.8063992031612292,0.8175740210124164,binary,custom,immune
WCYKMVHQFDGRLITNEASP,0.8796965317919074,0.8852459016393442,binary,resnet,immune
WCYKMVHQFDGRLITNEASP,0.8084219163319291,0.8194842406876791,binary,custom,immune
WCYKMVHQFDGRLITNEASP,0.8792127951405897,0.8830409356725146,binary,resnet,immune
WCYKMVHQFDGRLITNEASP,0.8129469971588126,0.8216007714561234,binary,custom,immune
WCYKMVHQFDGRLITNEASP,0.8624636687240784,0.8759259259259259,binary,resnet,immune
WCYKMVHQFDGRLITNEASP,0.8147778485353188,0.8242074927953891,binary,custom,immune
WCYKMVHQFDGRLITNEASP,0.8692033245158551,0.8799249530956847,binary,resnet,immune
WCYKMVHQFDGRLITNEASP,0.8069788707096438,0.8200757575757576,binary,custom,immune
WCYKMVHQFDGRLITNEASP,0.8592897847882173,0.8768115942028986,binary,resnet,immune
WCYKMVHQFDGRLITNEASP,0.8031253061624375,0.8155893536121673,binary,custom,immune
WCYKMVHQFDGRLITNEASP,0.8776738186212076,0.8833172613307618,binary,resnet,immune
WCYKMVHQFDGRLITNEASP,0.808513765063192,0.814453125,binary,custom,immune
WCYKMVHQFDGRLITNEASP,0.8663090689396166,0.8733205374280231,binary,resnet,immune
WCYKMVHQFDGRLITNEASP,0.8030293752653408,0.8159392789373814,binary,custom,immune
WCYKMVHQFDGRLITNEASP,0.835700989516998,0.8638334778837814,binary,resnet,immune
WCYKMVHQFDGRLITNEASP,0.8111202279481402,0.8235294117647058,binary,custom,immune
WCYKMVHQFDGRLITNEASP,0.8653579243003168,0.8822463768115942,binary,resnet,immune
WCYKMVHQFDGRLITNEASP,0.810828353091016,0.8200192492781521,binary,custom,immune
WCYKMVHQFDGRLITNEASP,0.8627392149178668,0.8644906033630069,binary,resnet,immune
WCYKMVHQFDGRLITNEASP,0.8108324352568499,0.8245283018867925,binary,custom,immune
WCYKMVHQFDGRLITNEASP,0.8515826556938049,0.8686131386861314,binary,resnet,immune
WCYKMVHQFDGRLITNEASP,0.8044724208876262,0.815311004784689,binary,custom,immune
WCYKMVHQFDGRLITNEASP,0.8605368864504752,0.8738404452690167,binary,resnet,immune
WCYKMVHQFDGRLITNEASP,0.8172802161915026,0.8244422890397672,binary,custom,immune
WCYKMVHQFDGRLITNEASP,0.884997224127233,0.8926875593542261,binary,resnet,immune
WCYKMVHQFDGRLITNEASP,0.8009107311975442,0.8143939393939394,binary,custom,immune
WCYKMVHQFDGRLITNEASP,0.8863402566865877,0.8897560975609756,binary,resnet,immune
WCYKMVHQFDGRLITNEASP,0.8038009046079488,0.817752596789424,binary,custom,immune
WCYKMVHQFDGRLITNEASP,0.8678562097906666,0.8797763280521901,binary,resnet,immune
WCYKMVHQFDGRLITNEASP,0.8196907351164234,0.8295019157088123,binary,custom,immune
WCYKMVHQFDGRLITNEASP,0.8858565200352698,0.8875739644970414,binary,resnet,immune
WCYKMVHQFDGRLITNEASP,0.8103486986055322,0.8217349857006673,binary,custom,immune
WCYKMVHQFDGRLITNEASP,0.8568792658632964,0.8725939505041247,binary,resnet,immune
WCYKMVHQFDGRLITNEASP,0.7903175108585612,0.8067542213883677,binary,custom,immune
WCYKMVHQFDGRLITNEASP,0.8790250155122302,0.8867745004757374,binary,resnet,immune
WCYKMVHQFDGRLITNEASP,0.8134307338101303,0.8244274809160306,binary,custom,immune
WCYKMVHQFDGRLITNEASP,0.8796924496260735,0.8818897637795275,binary,resnet,immune
WCYKMVHQFDGRLITNEASP,0.8032212370595343,0.8152380952380952,binary,custom,immune
WCYKMVHQFDGRLITNEASP,0.873240586525587,0.876953125,binary,resnet,immune
WCYKMVHQFDGRLITNEASP,0.8129469971588126,0.8216007714561234,binary,custom,immune
WCYKMVHQFDGRLITNEASP,0.867660265830639,0.8768939393939394,binary,resnet,immune
WCYKMVHQFDGRLITNEASP,0.8156453087750236,0.8256704980842912,binary,custom,immune
WCYKMVHQFDGRLITNEASP,0.8926084223245485,0.9012229539040452,binary,resnet,immune
WCYKMVHQFDGRLITNEASP,0.8037049737108519,0.8180961357210179,binary,custom,immune
WCYKMVHQFDGRLITNEASP,0.8462860455243133,0.8646684831970936,binary,resnet,immune
WCYKMVHQFDGRLITNEASP,0.8089015708174128,0.8177434908389586,binary,custom,immune
WCYKMVHQFDGRLITNEASP,0.86852364390451,0.8747591522157996,binary,resnet,immune
WCYKMVHQFDGRLITNEASP,0.8069788707096438,0.8200757575757576,binary,custom,immune
WCYKMVHQFDGRLITNEASP,0.8666968746938376,0.875829383886256,binary,resnet,immune
WCYKMVHQFDGRLITNEASP,0.7915686946866529,0.8067860508953817,binary,custom,immune
WCYKMVHQFDGRLITNEASP,0.8863443388524216,0.892925430210325,binary,resnet,immune
WCYKMVHQFDGRLITNEASP,0.8071707325038373,0.8193916349809885,binary,custom,immune
WCYKMVHQFDGRLITNEASP,0.8725731524117435,0.8819641170915958,binary,resnet,immune
WCYKMVHQFDGRLITNEASP,0.8054358120244277,0.8164435946462715,binary,custom,immune
WCYKMVHQFDGRLITNEASP,0.8473453675582117,0.8654545454545455,binary,resnet,immune
WCYKMVHQFDGRLITNEASP,0.8183436203912348,0.829686013320647,binary,custom,immune
WCYKMVHQFDGRLITNEASP,0.8551443453838867,0.8700460829493087,binary,resnet,immune
WCYKMVHQFDGRLITNEASP,0.8098649619542145,0.8188824662813102,binary,custom,immune
WCYKMVHQFDGRLITNEASP,0.8752673818621207,0.8822966507177034,binary,resnet,immune
WCYKMVHQFDGRLITNEASP,0.811599882433624,0.8218390804597702,binary,custom,immune
WCYKMVHQFDGRLITNEASP,0.8504314849286438,0.8714285714285714,binary,resnet,immune
WCYKMVHQFDGRLITNEASP,0.8135266647072271,0.8240917782026769,binary,custom,immune
WCYKMVHQFDGRLITNEASP,0.8853768655497861,0.888671875,binary,resnet,immune
WCYKMVHQFDGRLITNEASP,0.8097731132229516,0.823751178133836,binary,custom,immune
WCYKMVHQFDGRLITNEASP,0.8249036608863198,0.8460144927536232,binary,resnet,immune
WCYKMVHQFDGRLITNEASP,0.7953304105025962,0.8161764705882353,binary,custom,immune
WCYKMVHQFDGRLITNEASP,0.8729609581659645,0.8843283582089553,binary,resnet,immune
WCYKMVHQFDGRLITNEASP,0.8098649619542145,0.8188824662813102,binary,custom,immune
WCYKMVHQFDGRLITNEASP,0.8626596126841056,0.8787602552415679,binary,resnet,immune
WCYKMVHQFDGRLITNEASP,0.8054358120244277,0.8164435946462715,binary,custom,immune
WCYKMVHQFDGRLITNEASP,0.83973825152673,0.8604860486048604,binary,resnet,immune
WCYKMVHQFDGRLITNEASP,0.7985961431697202,0.808837656099904,binary,custom,immune
WCYKMVHQFDGRLITNEASP,0.873156902125992,0.8870523415977961,binary,resnet,immune
WCYKMVHQFDGRLITNEASP,0.8090975147774404,0.8216318785578748,binary,custom,immune
WCYKMVHQFDGRLITNEASP,0.8647700924202345,0.8736942070275404,binary,resnet,immune
WCYKMVHQFDGRLITNEASP,0.822193102772607,0.8297872340425532,binary,custom,immune
WCYKMVHQFDGRLITNEASP,0.8768104405473368,0.885308056872038,binary,resnet,immune
WCYKMVHQFDGRLITNEASP,0.8058195356128147,0.815028901734104,binary,custom,immune
WCYKMVHQFDGRLITNEASP,0.8677602788935699,0.88,binary,resnet,immune
WCYKMVHQFDGRLITNEASP,0.8081300414748049,0.8158914728682171,binary,custom,immune
WCYKMVHQFDGRLITNEASP,0.870150386989321,0.866734486266531,binary,resnet,immune
WCYKMVHQFDGRLITNEASP,0.8169965056660461,0.8298676748582231,binary,custom,immune
WCYKMVHQFDGRLITNEASP,0.8671887756768231,0.8844765342960289,binary,resnet,immune
WCYKMVHQFDGRLITNEASP,0.8043805721563633,0.8202247191011236,binary,custom,immune
WCYKMVHQFDGRLITNEASP,0.8762348551647562,0.8865979381443299,binary,resnet,immune
WCYKMVHQFDGRLITNEASP,0.8062073413670358,0.8182683158896289,binary,custom,immune
WCYKMVHQFDGRLITNEASP,0.8642863557689168,0.8714011516314779,binary,resnet,immune
WCYKMVHQFDGRLITNEASP,0.8206541262532249,0.830622009569378,binary,custom,immune
WCYKMVHQFDGRLITNEASP,0.847028999706084,0.8383733055265902,binary,resnet,immune
WCYKMVHQFDGRLITNEASP,0.8130429280559094,0.821256038647343,binary,custom,immune
WCYKMVHQFDGRLITNEASP,0.8714138173149146,0.878001921229587,binary,resnet,immune
WCYKMVHQFDGRLITNEASP,0.8118917572907483,0.8253068932955618,binary,custom,immune
WCYKMVHQFDGRLITNEASP,0.8620554521406877,0.8544698544698545,binary,resnet,immune
WCYKMVHQFDGRLITNEASP,0.802161915025636,0.8144624167459562,binary,custom,immune
WCYKMVHQFDGRLITNEASP,0.8528297573560628,0.8654205607476636,binary,resnet,immune
WCYKMVHQFDGRLITNEASP,0.8067829267496162,0.8161693936477382,binary,custom,immune
WCYKMVHQFDGRLITNEASP,0.8600531497991575,0.8716026241799437,binary,resnet,immune
WCYKMVHQFDGRLITNEASP,0.8135266647072271,0.8240917782026769,binary,custom,immune
WCYKMVHQFDGRLITNEASP,0.8685318082361777,0.8814814814814815,binary,resnet,immune
WCYKMVHQFDGRLITNEASP,0.8149737924953464,0.8279773156899811,binary,custom,immune
WCYKMVHQFDGRLITNEASP,0.7959223245485125,0.8310344827586207,binary,resnet,immune
WCYKMVHQFDGRLITNEASP,0.8034130988537278,0.8145315487571702,binary,custom,immune
WCYKMVHQFDGRLITNEASP,0.882770402664838,0.8812877263581489,binary,resnet,immune
WCYKMVHQFDGRLITNEASP,0.8070748016067405,0.8197343453510436,binary,custom,immune
WCYKMVHQFDGRLITNEASP,0.8535849580353352,0.851664984863774,binary,resnet,immune
WCYKMVHQFDGRLITNEASP,0.8133348029130336,0.8247619047619048,binary,custom,immune
WCYKMVHQFDGRLITNEASP,0.878257568335456,0.8884723523898782,binary,resnet,immune
WCYKMVHQFDGRLITNEASP,0.7935914078573527,0.8086710650329878,binary,custom,immune
WCYKMVHQFDGRLITNEASP,0.8558199438293981,0.8717948717948718,binary,resnet,immune
WCYKMVHQFDGRLITNEASP,0.7977368472616831,0.8166666666666667,binary,custom,immune
WCYKMVHQFDGRLITNEASP,0.8747877273766368,0.8834123222748815,binary,resnet,immune
WCYKMVHQFDGRLITNEASP,0.8073625942980308,0.8187022900763359,binary,custom,immune
WCYKMVHQFDGRLITNEASP,0.8508152085170309,0.8705035971223022,binary,resnet,immune
WCYKMVHQFDGRLITNEASP,0.8051480193331374,0.8174904942965779,binary,custom,immune
WCYKMVHQFDGRLITNEASP,0.8547606217954997,0.8709972552607502,binary,resnet,immune
WCYKMVHQFDGRLITNEASP,0.8077463178864179,0.8173076923076923,binary,custom,immune
WCYKMVHQFDGRLITNEASP,0.8613084157930833,0.8753462603878116,binary,resnet,immune
WCYKMVHQFDGRLITNEASP,0.8168964926031154,0.8257940327237728,binary,custom,immune
WCYKMVHQFDGRLITNEASP,0.8729568760001306,0.8810656517602283,binary,resnet,immune
WCYKMVHQFDGRLITNEASP,0.8071707325038373,0.8193916349809885,binary,custom,immune
WCYKMVHQFDGRLITNEASP,0.8572711537833512,0.8782222222222222,binary,resnet,immune
WCYKMVHQFDGRLITNEASP,0.7947466607883478,0.8090737240075614,binary,custom,immune
WCYKMVHQFDGRLITNEASP,0.8784494301296495,0.8880526810912511,binary,resnet,immune
WCYKMVHQFDGRLITNEASP,0.8069747885438097,0.8154589371980676,binary,custom,immune
WCYKMVHQFDGRLITNEASP,0.8857605891381732,0.8877952755905512,binary,resnet,immune
WCYKMVHQFDGRLITNEASP,0.8273937820450018,0.8341416100872939,binary,custom,immune
WCYKMVHQFDGRLITNEASP,0.8686154926357729,0.870935960591133,binary,resnet,immune
WCYKMVHQFDGRLITNEASP,0.8022578459227329,0.8141086749285034,binary,custom,immune
WCYKMVHQFDGRLITNEASP,0.7800324940400378,0.8204255319148936,binary,resnet,immune
WCYKMVHQFDGRLITNEASP,0.8140063191927108,0.8223938223938224,binary,custom,immune
WCYKMVHQFDGRLITNEASP,0.8805639920316123,0.8865384615384615,binary,resnet,immune
WCYKMVHQFDGRLITNEASP,0.8190151366709121,0.8273866923818708,binary,custom,immune
WCYKMVHQFDGRLITNEASP,0.8591938538911204,0.8770343580470162,binary,resnet,immune
WCYKMVHQFDGRLITNEASP,0.8220971718755102,0.8301158301158301,binary,custom,immune
WCYKMVHQFDGRLITNEASP,0.8356050586199014,0.8640692640692641,binary,resnet,immune
