encoding,auroc,f1,task,model,dataset
WCYKMVHQFDGRLITNEASP,0.7972490284445315,0.8091603053435115,binary,custom,immune
WCYKMVHQFDGRLITNEASP,0.8478291042095294,0.8676867686768677,binary,resnet,immune
ETHMDRFVICQAYWLSKPNG,0.8201785539335751,0.8364312267657993,binary,custom,immune
ETHMDRFVICQAYWLSKPNG,0.8716097612749419,0.8809073724007561,binary,resnet,immune
PFWALGEMCVITRDNHYQSK,0.8046642826818197,0.8146013448607109,binary,custom,immune
PFWALGEMCVITRDNHYQSK,0.881815175859704,0.8869565217391304,binary,resnet,immune
RDCVFTHISPLNYWQGAKEM,0.810444629502629,0.8213944603629417,binary,custom,immune
RDCVFTHISPLNYWQGAKEM,0.866417246334215,0.8830462375339981,binary,resnet,immune
YEWHQFAVPNSMLDTIKCGR,0.8196907351164234,0.8295019157088123,binary,custom,immune
YEWHQFAVPNSMLDTIKCGR,0.8396423206296333,0.8607367475292004,binary,resnet,immune
DGVYPCNMQWIFKLATHSRE,0.7959978446164396,0.8091168091168092,binary,custom,immune
DGVYPCNMQWIFKLATHSRE,0.875559256719245,0.8849056603773585,binary,resnet,immune
VIGHKDSRFNPCWATQYELM,0.8000391887920055,0.8081395348837209,binary,custom,immune
VIGHKDSRFNPCWATQYELM,0.8759470624734659,0.8872320596458527,binary,resnet,immune
CVDGNAWHQYMRKTLPIEFS,0.8113120897423337,0.8228571428571428,binary,custom,immune
CVDGNAWHQYMRKTLPIEFS,0.8402811795826395,0.8249194414607949,binary,resnet,immune
INHSWFPDQCTARYKMGLVE,0.8209378367786814,0.825147347740668,binary,custom,immune
INHSWFPDQCTARYKMGLVE,0.8782494040037881,0.8819512195121951,binary,resnet,immune
EHIGTSDFLMWNRAPQYVKC,0.8093893896345645,0.8250701590271281,binary,custom,immune
EHIGTSDFLMWNRAPQYVKC,0.8250077561150845,0.8531468531468531,binary,resnet,immune
IMGHEWQDRKVTYPNCASFL,0.8011025929917377,0.8136882129277566,binary,custom,immune
IMGHEWQDRKVTYPNCASFL,0.870838231932334,0.879392212725546,binary,resnet,immune
EGMHRYSLWFNAKDICPQVT,0.8139144704614482,0.8271954674220963,binary,custom,immune
EGMHRYSLWFNAKDICPQVT,0.8694951993729795,0.8825161887141536,binary,resnet,immune
YQLIRTMKGFCWAPSEDVHN,0.7985002122726234,0.8092042186001918,binary,custom,immune
YQLIRTMKGFCWAPSEDVHN,0.8773941902615853,0.8903225806451613,binary,resnet,immune
NPACKGISRQEVLFDHYMTW,0.7806835994905458,0.7954545454545454,binary,custom,immune
NPACKGISRQEVLFDHYMTW,0.8363725057966754,0.8621597892888498,binary,resnet,immune
YGDCFRETVLQKASWMHIPN,0.800235132752033,0.8122020972354623,binary,custom,immune
YGDCFRETVLQKASWMHIPN,0.8687032592012018,0.86302780638517,binary,resnet,immune
YSELFDMTQCHVRINWAGPK,0.8254710819372326,0.8361904761904762,binary,custom,immune
YSELFDMTQCHVRINWAGPK,0.8655375395970086,0.8717454194792671,binary,resnet,immune
EVTSPIHDKMAYWQFNCGRL,0.8164168381176317,0.8274547187797903,binary,custom,immune
EVTSPIHDKMAYWQFNCGRL,0.8289572515593873,0.8568935427574171,binary,resnet,immune
REDQGKPCMNIFWALTHYVS,0.8067910910812841,0.8251618871415356,binary,custom,immune
REDQGKPCMNIFWALTHYVS,0.6548487965775122,0.7557879014189693,binary,resnet,immune
EFYAPNHILWCTQKSDRVGM,0.8405893831030992,0.8466019417475729,binary,custom,immune
EFYAPNHILWCTQKSDRVGM,0.8482128277979164,0.8667271078875793,binary,resnet,immune
ITQELAFNPCGYHVWSMKDR,0.825279220143039,0.8368121442125237,binary,custom,immune
ITQELAFNPCGYHVWSMKDR,0.8447429868390974,0.8615948670944088,binary,resnet,immune
TQMFCRVPYGKWADIHNLSE,0.8123714117762321,0.8236415633937083,binary,custom,immune
TQMFCRVPYGKWADIHNLSE,0.8660294405799941,0.8807339449541285,binary,resnet,immune
IMYQGVWNHRCDPEKATFSL,0.8157412396721204,0.8253358925143954,binary,custom,immune
IMYQGVWNHRCDPEKATFSL,0.8605409686163091,0.8771610555050046,binary,resnet,immune
MRVECIGLQDWKTNSHYAPF,0.808038192743542,0.8208530805687204,binary,custom,immune
MRVECIGLQDWKTNSHYAPF,0.8758429672447013,0.8809293320425944,binary,resnet,immune
AMDCFGRSETINPQVWLKHY,0.8228687012181182,0.8318924111431316,binary,custom,immune
AMDCFGRSETINPQVWLKHY,0.8743080728911531,0.8845070422535212,binary,resnet,immune
QHVGLKRTIMPYWSNFCAED,0.8028375134711473,0.8166351606805293,binary,custom,immune
QHVGLKRTIMPYWSNFCAED,0.8749836713366643,0.8861940298507462,binary,resnet,immune
QNDMHWTAEICGRLYVKPSF,0.8016781783743182,0.8115384615384615,binary,custom,immune
QNDMHWTAEICGRLYVKPSF,0.8743080728911531,0.8845070422535212,binary,resnet,immune
KWPRNLGSIVDFAMQEYCTH,0.8063073544299663,0.822429906542056,binary,custom,immune
KWPRNLGSIVDFAMQEYCTH,0.8697829920642697,0.881860465116279,binary,resnet,immune
ISANVEHFRPMDCQLWGTKY,0.8023578589856634,0.8183520599250936,binary,custom,immune
ISANVEHFRPMDCQLWGTKY,0.8573507560171125,0.8642925890279115,binary,resnet,immune
NMYQFRDHLKWSTVPIEAGC,0.8088097220861501,0.8226415094339623,binary,custom,immune
NMYQFRDHLKWSTVPIEAGC,0.8840338329904315,0.8916349809885932,binary,resnet,immune
INSVFHMRWQEGTCLAKDPY,0.8134307338101303,0.8244274809160306,binary,custom,immune
INSVFHMRWQEGTCLAKDPY,0.8460023349988571,0.8687943262411347,binary,resnet,immune
NASRLHMKTECWDIPFVQYG,0.8123714117762321,0.8236415633937083,binary,custom,immune
NASRLHMKTECWDIPFVQYG,0.8711260246236243,0.8787010506208214,binary,resnet,immune
SAGQKFEICLNVYRMPHDTW,0.8126592044675223,0.822627037392138,binary,custom,immune
SAGQKFEICLNVYRMPHDTW,0.8619840142385944,0.8770642201834863,binary,resnet,immune
KSHPVAQDRTCYFLMWEIGN,0.8204622644590314,0.8312678741658722,binary,custom,immune
KSHPVAQDRTCYFLMWEIGN,0.875942980307632,0.8840304182509505,binary,resnet,immune
VKSWGANFYCRMPTQHELDI,0.8079381796806113,0.8166023166023166,binary,custom,immune
VKSWGANFYCRMPTQHELDI,0.849176218934718,0.8677536231884058,binary,resnet,immune
SIYQATPRHKVDWNGEFLMC,0.8037008915450181,0.8134615384615385,binary,custom,immune
SIYQATPRHKVDWNGEFLMC,0.8628433101466314,0.8715509039010466,binary,resnet,immune
DGTQREFHIMWNKYAVCPSL,0.8165168511805624,0.8314606741573034,binary,custom,immune
DGTQREFHIMWNKYAVCPSL,0.8642986022664184,0.881447963800905,binary,resnet,immune
VQRWNTEAFHIYLPSMCKDG,0.7987920871297476,0.8128544423440454,binary,custom,immune
VQRWNTEAFHIYLPSMCKDG,0.7946752228862546,0.8347386172006745,binary,resnet,immune
CRWHAFDYLVIQKGMTEPNS,0.8126592044675223,0.822627037392138,binary,custom,immune
CRWHAFDYLVIQKGMTEPNS,0.8788249893863689,0.8805528134254689,binary,resnet,immune
RKGWHTQEVSMAPLIYDFNC,0.810060905914242,0.8227488151658767,binary,custom,immune
RKGWHTQEVSMAPLIYDFNC,0.8560832435256849,0.8479166666666667,binary,resnet,immune
DRQGIPVMCKSTNEHFAWYL,0.8340375069396819,0.8380765456329735,binary,custom,immune
DRQGIPVMCKSTNEHFAWYL,0.8668887364880311,0.8753568030447193,binary,resnet,immune
LYQFKNVTASRMEDWPCGIH,0.8015822474772215,0.8119001919385797,binary,custom,immune
LYQFKNVTASRMEDWPCGIH,0.8537727376636948,0.8467908902691511,binary,resnet,immune
MNRHFSTVQKGILWCYDPEA,0.8091975278403709,0.825722273998136,binary,custom,immune
MNRHFSTVQKGILWCYDPEA,0.8344416413572384,0.8566308243727598,binary,resnet,immune
AVSCKGNEWTQDLYFPIMRH,0.8062073413670358,0.8182683158896289,binary,custom,immune
AVSCKGNEWTQDLYFPIMRH,0.8456022827471343,0.8555133079847909,binary,resnet,immune
LHYRGKPMSWIDQNCETVAF,0.8041846281963358,0.8163653663177926,binary,custom,immune
LHYRGKPMSWIDQNCETVAF,0.8544728291042095,0.8717015468607825,binary,resnet,immune
SRLDGNWCHPIKMTFAYQVE,0.7948425916854446,0.8087121212121212,binary,custom,immune
SRLDGNWCHPIKMTFAYQVE,0.8713219685836517,0.881578947368421,binary,resnet,immune
PTYDSVMIQHRGCKLFWAEN,0.8128510662617159,0.821944177093359,binary,custom,immune
PTYDSVMIQHRGCKLFWAEN,0.8687991900982985,0.8627450980392157,binary,resnet,immune
CEFMYPSQLRHIAWDVTNKG,0.7981164886842362,0.8106565176022835,binary,custom,immune
CEFMYPSQLRHIAWDVTNKG,0.866505012899644,0.8762983947119924,binary,resnet,immune
MRWFSDCGLPQNVAETKYHI,0.8011025929917377,0.8136882129277566,binary,custom,immune
MRWFSDCGLPQNVAETKYHI,0.8822029816139251,0.8893129770992366,binary,resnet,immune
CLGIKPWENMQSDRHYTFVA,0.7906053035498515,0.8056603773584906,binary,custom,immune
CLGIKPWENMQSDRHYTFVA,0.8468616309068939,0.8631772268135904,binary,resnet,immune
RYLHWIVENAFDCTSGPKQM,0.8014903987459586,0.8169014084507042,binary,custom,immune
RYLHWIVENAFDCTSGPKQM,0.8650497207798569,0.8656716417910447,binary,resnet,immune
SKLWEYIDVMPGHFRCQNAT,0.8325944613173966,0.8385214007782101,binary,custom,immune
SKLWEYIDVMPGHFRCQNAT,0.8610083766042912,0.8654970760233918,binary,resnet,immune
CPSDIHEKQNMRVFTWYLAG,0.8062073413670358,0.8182683158896289,binary,custom,immune
CPSDIHEKQNMRVFTWYLAG,0.8348172006139576,0.8480300187617261,binary,resnet,immune
HDFKVITLPCWESRYMGAQN,0.7930117403089384,0.8060836501901141,binary,custom,immune
HDFKVITLPCWESRYMGAQN,0.840513863035172,0.8654353562005277,binary,resnet,immune
ARIVKNCQHEFWSDYMLPTG,0.8071707325038373,0.8193916349809885,binary,custom,immune
ARIVKNCQHEFWSDYMLPTG,0.8757552006792724,0.8876508820798514,binary,resnet,immune
EQVNWPFMHLRTKACIYDGS,0.8183436203912348,0.829686013320647,binary,custom,immune
EQVNWPFMHLRTKACIYDGS,0.8743958394565821,0.8775710088148874,binary,resnet,immune
FYDLMRPSVEAHCNTWGKIQ,0.8032171548937004,0.8104956268221575,binary,custom,immune
FYDLMRPSVEAHCNTWGKIQ,0.8789250024492995,0.8837209302325582,binary,resnet,immune
GRETQVCKPYHIWLMNDASF,0.8049561575389439,0.8181818181818182,binary,custom,immune
GRETQVCKPYHIWLMNDASF,0.8576507952059045,0.8740875912408759,binary,resnet,immune
EFAHPMTQNRWLICVKDYGS,0.8097690310571176,0.8192307692307692,binary,custom,immune
EFAHPMTQNRWLICVKDYGS,0.8708341497665001,0.875968992248062,binary,resnet,immune
TQPNIDVKSHWGMCLFYRAE,0.8172842983573365,0.8288973384030418,binary,custom,immune
TQPNIDVKSHWGMCLFYRAE,0.8776697364553738,0.8799212598425197,binary,resnet,immune
DYFKMCHRITWEALGSNQPV,0.8173761470885994,0.8241010689990281,binary,custom,immune
DYFKMCHRITWEALGSNQPV,0.8679317298585938,0.8612836438923396,binary,resnet,immune
RVYPFAGTINDWLKESMHCQ,0.8061154926357728,0.8230912476722533,binary,custom,immune
RVYPFAGTINDWLKESMHCQ,0.8795087521635478,0.8888888888888888,binary,resnet,immune
HLQPAYFKGICMNVRSTDWE,0.7982124195813332,0.8102955195424214,binary,custom,immune
HLQPAYFKGICMNVRSTDWE,0.883841971196238,0.8920454545454546,binary,resnet,immune
PHIDASTEKYQRFCGMNLVW,0.8178558015740831,0.8223748773307163,binary,custom,immune
PHIDASTEKYQRFCGMNLVW,0.8790209333463962,0.883495145631068,binary,resnet,immune
SFCLQIMTYKGEHDWRVANP,0.8106364912968225,0.8207094918504314,binary,custom,immune
SFCLQIMTYKGEHDWRVANP,0.8743958394565821,0.8775710088148874,binary,resnet,immune
LGENIQYPCADRVMKSTWHF,0.8120795369191077,0.8201160541586073,binary,custom,immune
LGENIQYPCADRVMKSTWHF,0.853505355801574,0.8672237697307336,binary,resnet,immune
MAESPVFDNLQYGWCTHIKR,0.809964975017145,0.8230842005676443,binary,custom,immune
MAESPVFDNLQYGWCTHIKR,0.8769145357761015,0.891324200913242,binary,resnet,immune
CTFGELVKDRHPNIAWMSQY,0.8022537637568987,0.8093385214007782,binary,custom,immune
CTFGELVKDRHPNIAWMSQY,0.8725649880800757,0.8751229105211407,binary,resnet,immune
KCDQFWVATPRHYNSLIGME,0.7913768328924594,0.8075117370892019,binary,custom,immune
KCDQFWVATPRHYNSLIGME,0.8008311289637831,0.8318739054290718,binary,resnet,immune
TDCGRLQNEHVYKSAPMFIW,0.8081300414748049,0.8158914728682171,binary,custom,immune
TDCGRLQNEHVYKSAPMFIW,0.8693992684758826,0.8827331486611265,binary,resnet,immune
RTVIDQPEMFGSAHCKWYLN,0.8109242839881128,0.819672131147541,binary,custom,immune
RTVIDQPEMFGSAHCKWYLN,0.8659171810195616,0.8670634920634921,binary,resnet,immune
HSMENPDLCTQVKIFGYAWR,0.8234442866006989,0.8299319727891157,binary,custom,immune
HSMENPDLCTQVKIFGYAWR,0.8735283792168773,0.8762278978388998,binary,resnet,immune
FRGISVPLEWHMACDTKYQN,0.811212076679403,0.8186226964112512,binary,custom,immune
FRGISVPLEWHMACDTKYQN,0.8690073805558277,0.877025738798856,binary,resnet,immune
PHELDCNFQAKSIVTWGMRY,0.8287449789360244,0.8382775119617225,binary,custom,immune
PHELDCNFQAKSIVTWGMRY,0.8251036870121811,0.8528896672504378,binary,resnet,immune
DANLYSPGFQIVHCEKTMRW,0.820266320499004,0.8275193798449613,binary,custom,immune
DANLYSPGFQIVHCEKTMRW,0.8754633258221481,0.8851224105461394,binary,resnet,immune
ACVSIQHDKRETNGMPWFYL,0.8267181835994906,0.83203125,binary,custom,immune
ACVSIQHDKRETNGMPWFYL,0.8595490023186703,0.8496319663512093,binary,resnet,immune
WNQFPLGERSIYCDHMAKVT,0.7917564743150125,0.8011583011583011,binary,custom,immune
WNQFPLGERSIYCDHMAKVT,0.8253914797034715,0.852112676056338,binary,resnet,immune
NLTHSEVGFPRWKQDYMAIC,0.7870354495281016,0.7949465500485908,binary,custom,immune
NLTHSEVGFPRWKQDYMAIC,0.8693911041442148,0.8760806916426513,binary,resnet,immune
RKCTQDSLMFHYVEPWIAGN,0.8135225825413932,0.8195121951219512,binary,custom,immune
RKCTQDSLMFHYVEPWIAGN,0.8752714640279545,0.8855534709193246,binary,resnet,immune
YIDQCMSAVHTFNWPERLKG,0.7976368341987524,0.8124410933081998,binary,custom,immune
YIDQCMSAVHTFNWPERLKG,0.8439673753306556,0.856338028169014,binary,resnet,immune
HRAWVGLQFDPNYSTICKEM,0.7959978446164396,0.8091168091168092,binary,custom,immune
HRAWVGLQFDPNYSTICKEM,0.8746836321478724,0.8768472906403941,binary,resnet,immune
VQPLKYNAFDGCTRIWEMHS,0.8184395512883316,0.8293612964728313,binary,custom,immune
VQPLKYNAFDGCTRIWEMHS,0.8773819437640834,0.8806262230919765,binary,resnet,immune
IKSHGDALFVPMQWYTNRCE,0.8222890336697039,0.8294573643410853,binary,custom,immune
IKSHGDALFVPMQWYTNRCE,0.8009311420267136,0.8354866494401378,binary,resnet,immune
ISRPFGLKVNCMAWHTQYDE,0.8033171679566312,0.8148854961832062,binary,custom,immune
ISRPFGLKVNCMAWHTQYDE,0.8675643349335423,0.8771266540642723,binary,resnet,immune
QLCHDVGSNRFMPEYTAIKW,0.7979205447242088,0.8065764023210832,binary,custom,immune
QLCHDVGSNRFMPEYTAIKW,0.872769096371771,0.8847583643122676,binary,resnet,immune
HISENLKDGTFPYCWAQRVM,0.8102527677084355,0.8220742150333016,binary,custom,immune
HISENLKDGTFPYCWAQRVM,0.8829663466248653,0.884272997032641,binary,resnet,immune
LWDRHPINKCYGSTVEFQAM,0.8227686881551877,0.8277886497064579,binary,custom,immune
LWDRHPINKCYGSTVEFQAM,0.8592857026223834,0.8734995383194829,binary,resnet,immune
RYVDGHFMTICQWSNLKEPA,0.8223849645668007,0.829126213592233,binary,custom,immune
RYVDGHFMTICQWSNLKEPA,0.8524460337676757,0.8664192949907236,binary,resnet,immune
DFCGVINPRKMWLAETYSQH,0.8025456386140231,0.8130393096836049,binary,custom,immune
DFCGVINPRKMWLAETYSQH,0.8774819568270142,0.8837656099903939,binary,resnet,immune
HLNIKWEQDPTRYCGFMVSA,0.8304758172496,0.8368932038834952,binary,custom,immune
HLNIKWEQDPTRYCGFMVSA,0.8342538617288788,0.8606485539000877,binary,resnet,immune
EHPLTWASVIRCDKMGNQFY,0.8066829136866857,0.8117647058823529,binary,custom,immune
EHPLTWASVIRCDKMGNQFY,0.8595734953136737,0.872794800371402,binary,resnet,immune
PVHTLCKRQNYASDGMFIEW,0.8201703896019071,0.8278529980657641,binary,custom,immune
PVHTLCKRQNYASDGMFIEW,0.8532134809444499,0.864406779661017,binary,resnet,immune
NSEIHKQALCTVPDGFYMRW,0.8008107181346135,0.8100289296046287,binary,custom,immune
NSEIHKQALCTVPDGFYMRW,0.8681317559844551,0.8685258964143426,binary,resnet,immune
GRKDTWALFCVQIYPSHNEM,0.8066869958525196,0.8165225744476465,binary,custom,immune
GRKDTWALFCVQIYPSHNEM,0.8620676986381896,0.8663414634146341,binary,resnet,immune
KHNMRIDTVELPWQAYCSFG,0.795805982822246,0.8098391674550615,binary,custom,immune
KHNMRIDTVELPWQAYCSFG,0.8514622318017047,0.845679012345679,binary,resnet,immune
FMPVCSINYRTKLQHDEGAW,0.7918605695437773,0.8104089219330854,binary,custom,immune
FMPVCSINYRTKLQHDEGAW,0.8734365304856144,0.8799231508165226,binary,resnet,immune
PMYHWENQKRSTACVIFDGL,0.7961897064106331,0.8083889418493804,binary,custom,immune
PMYHWENQKRSTACVIFDGL,0.842144688285817,0.8612873980054397,binary,resnet,immune
AEKWTMIFGSLRNQYDVCPH,0.8268222788282551,0.8402255639097744,binary,custom,immune
AEKWTMIFGSLRNQYDVCPH,0.8791209464093269,0.886558627264061,binary,resnet,immune
CQVRATHPWMNSYDKFGILE,0.8073666764638646,0.823199251637044,binary,custom,immune
CQVRATHPWMNSYDKFGILE,0.856983361092061,0.878868258178603,binary,resnet,immune
KSAVEWPNGYRQTDLHIFCM,0.8246954704287908,0.830078125,binary,custom,immune
KSAVEWPNGYRQTDLHIFCM,0.8835460141732796,0.8862745098039215,binary,resnet,immune
NSRPAHMTWIYQGFDVLKEC,0.816700548643088,0.821917808219178,binary,custom,immune
NSRPAHMTWIYQGFDVLKEC,0.8545769243329742,0.8779631255487269,binary,resnet,immune
VYNWQHTCLRPGDFMASIEK,0.8141063322556417,0.8265402843601896,binary,custom,immune
VYNWQHTCLRPGDFMASIEK,0.8393626922700108,0.8682170542635659,binary,resnet,immune
EIDCMTRWAGPFKQLSYHVN,0.8234442866006989,0.8299319727891157,binary,custom,immune
EIDCMTRWAGPFKQLSYHVN,0.8556199177035368,0.8652751423149905,binary,resnet,immune
CGVPETHYMFIWQKLNDSRA,0.8155452957120931,0.8214634146341463,binary,custom,immune
CGVPETHYMFIWQKLNDSRA,0.8743958394565821,0.8775710088148874,binary,resnet,immune
WTGEKAQDCVMFSRNYPHLI,0.8065910649554228,0.8168744007670182,binary,custom,immune
WTGEKAQDCVMFSRNYPHLI,0.8729568760001306,0.8810656517602283,binary,resnet,immune
YWTPDQLNMIEAFVKSHRCG,0.8086096959602886,0.8140900195694716,binary,custom,immune
YWTPDQLNMIEAFVKSHRCG,0.8626636948499395,0.8819320214669052,binary,resnet,immune
DMQGINKPEWHCRSVTYFLA,0.8026415695111198,0.8126801152737753,binary,custom,immune
DMQGINKPEWHCRSVTYFLA,0.8652375004082165,0.8612244897959184,binary,resnet,immune
PLKNFVWHSYCEAGQTDMIR,0.8151656542895399,0.8273244781783681,binary,custom,immune
PLKNFVWHSYCEAGQTDMIR,0.8584896802847719,0.8487394957983193,binary,resnet,immune
QMVEKICPFGYSAWLDNRHT,0.8164168381176317,0.8274547187797903,binary,custom,immune
QMVEKICPFGYSAWLDNRHT,0.8666968746938376,0.875829383886256,binary,resnet,immune
IYAPKQCMWSGLTFDHRNVE,0.7948425916854446,0.8087121212121212,binary,custom,immune
IYAPKQCMWSGLTFDHRNVE,0.8659171810195616,0.8670634920634921,binary,resnet,immune
PRKIVWYGDAELMFCNSTQH,0.8067870089154501,0.8207547169811321,binary,custom,immune
PRKIVWYGDAELMFCNSTQH,0.8465820025472715,0.8707124010554089,binary,resnet,immune
FMINPWCQGLKDHRTYVSEA,0.8089056529832468,0.8223062381852552,binary,custom,immune
FMINPWCQGLKDHRTYVSEA,0.8652375004082165,0.8612244897959184,binary,resnet,immune
EGQNRVHFTACMYSWIKDLP,0.8091893635087032,0.8166828322017459,binary,custom,immune
EGQNRVHFTACMYSWIKDLP,0.8583059828222461,0.8577154308617234,binary,resnet,immune
DHTEQWMRALSVIPGYCKNF,0.7976327520329186,0.8076923076923077,binary,custom,immune
DHTEQWMRALSVIPGYCKNF,0.8570547989941543,0.8574277168494516,binary,resnet,immune
RNYVCFKEQSTLAIHWPMDG,0.7984001992096927,0.8046875,binary,custom,immune
RNYVCFKEQSTLAIHWPMDG,0.8618635903464942,0.855072463768116,binary,resnet,immune
IPCDYTWGSANFVQERLKHM,0.8257588746285228,0.8352490421455939,binary,custom,immune
IPCDYTWGSANFVQERLKHM,0.7375718461186768,0.8022239872915012,binary,resnet,immune
RTKPFMVIEQLCGNYHDSAW,0.809673100160021,0.8195777351247601,binary,custom,immune
RTKPFMVIEQLCGNYHDSAW,0.8728527807713661,0.874381800197824,binary,resnet,immune
TLFQGHEAYIKPNWCSMDRV,0.8020659841285392,0.8148148148148148,binary,custom,immune
TLFQGHEAYIKPNWCSMDRV,0.8615043597531107,0.8781818181818182,binary,resnet,immune
PEKFYSIMHQLDANVGCWTR,0.8077463178864179,0.8173076923076923,binary,custom,immune
PEKFYSIMHQLDANVGCWTR,0.866505012899644,0.8762983947119924,binary,resnet,immune
HRQICEMFWGPYKVTDLNSA,0.811599882433624,0.8218390804597702,binary,custom,immune
HRQICEMFWGPYKVTDLNSA,0.880568074197446,0.8897266729500471,binary,resnet,immune
GTMAEQVCSLNRKHPFIWYD,0.8114039384735966,0.8179162609542356,binary,custom,immune
GTMAEQVCSLNRKHPFIWYD,0.8542646386466803,0.8577036310107949,binary,resnet,immune
WHLDGNRVTEQYPCFKSMAI,0.819111067568009,0.8270531400966183,binary,custom,immune
WHLDGNRVTEQYPCFKSMAI,0.853893161555795,0.8697247706422019,binary,resnet,immune
NSGWITMVQLEHPFYRACKD,0.8036049606479213,0.8138195777351248,binary,custom,immune
NSGWITMVQLEHPFYRACKD,0.8458063910388295,0.8658865886588659,binary,resnet,immune
QACRIFEKYLGWHDNVTPMS,0.8094771561999935,0.8156097560975609,binary,custom,immune
QACRIFEKYLGWHDNVTPMS,0.8332863884262435,0.8561215370866846,binary,resnet,immune
RGFVKIYPASTLNMECHWDQ,0.8053398811273309,0.816793893129771,binary,custom,immune
RGFVKIYPASTLNMECHWDQ,0.8438836909310604,0.8672566371681416,binary,resnet,immune
PTECMYWKSHNGQFALDIVR,0.8193029293622024,0.8263821532492726,binary,custom,immune
PTECMYWKSHNGQFALDIVR,0.8538972437216289,0.873087308730873,binary,resnet,immune
LFVCKMWIYSGATNPHQRED,0.7949344404167075,0.8034849951597289,binary,custom,immune
LFVCKMWIYSGATNPHQRED,0.8629433232095621,0.874766355140187,binary,resnet,immune
QNRGVIWPDKTYLFAECMSH,0.8263385421769374,0.8376068376068376,binary,custom,immune
QNRGVIWPDKTYLFAECMSH,0.8476290780836682,0.8611369990680335,binary,resnet,immune
HGSPKAWTCMRIVYNQEFDL,0.8217134482871232,0.8314176245210728,binary,custom,immune
HGSPKAWTCMRIVYNQEFDL,0.7750236765618366,0.8160136286201022,binary,resnet,immune
ERSHPTQKIVACNYLFDMGW,0.8087056268573855,0.8137254901960784,binary,custom,immune
ERSHPTQKIVACNYLFDMGW,0.8874077430521538,0.8968105065666041,binary,resnet,immune
FREDPYWNVQCTGSHMLAKI,0.8204622644590314,0.8312678741658722,binary,custom,immune
FREDPYWNVQCTGSHMLAKI,0.8495599425231051,0.8667883211678832,binary,resnet,immune
FESDLRCGAIKHPWNQTVMY,0.8194029424251331,0.8304761904761905,binary,custom,immune
FESDLRCGAIKHPWNQTVMY,0.866204973710852,0.8662674650698603,binary,resnet,immune
RHIVFSWETCKDAQGNMLPY,0.8016781783743182,0.8115384615384615,binary,custom,immune
RHIVFSWETCKDAQGNMLPY,0.8723731262858823,0.8756121449559255,binary,resnet,immune
RNYLAIEFTKPWQDSGHMVC,0.8094812383658274,0.8202676864244742,binary,custom,immune
RNYLAIEFTKPWQDSGHMVC,0.8717056921720387,0.8806818181818182,binary,resnet,immune
MTVESIAWNRLHDGQFPYKC,0.8123673296103981,0.8190661478599222,binary,custom,immune
MTVESIAWNRLHDGQFPYKC,0.8711341889552922,0.8852157943067034,binary,resnet,immune
VFTCDPWLNMIKQRYAGSHE,0.8179598968028476,0.8309726156751652,binary,custom,immune
VFTCDPWLNMIKQRYAGSHE,0.8822989125110219,0.8891013384321224,binary,resnet,immune
WHDCSFVAYKTEILQRPMGN,0.8222890336697039,0.8294573643410853,binary,custom,immune
WHDCSFVAYKTEILQRPMGN,0.8602531759250188,0.8778280542986425,binary,resnet,immune
VEIKQNSPADCHRWTFMYGL,0.8209419189445152,0.8296438883541867,binary,custom,immune
VEIKQNSPADCHRWTFMYGL,0.8358479474870188,0.8169934640522876,binary,resnet,immune
DKGAFVESMWIPYLCRNTQH,0.791564612520819,0.801923076923077,binary,custom,immune
DKGAFVESMWIPYLCRNTQH,0.8665131772313119,0.8828337874659401,binary,resnet,immune
HTRCPEWNIQSAKMFYDGVL,0.8140981679239738,0.8173741362290227,binary,custom,immune
HTRCPEWNIQSAKMFYDGVL,0.8747918095424709,0.8866171003717472,binary,resnet,immune
QHSNDMARLEKVYWIGCPTF,0.8136225956043238,0.8237547892720306,binary,custom,immune
QHSNDMARLEKVYWIGCPTF,0.8737202410110708,0.8757396449704142,binary,resnet,immune
RMSCWYFDPGIVLENATQHK,0.807266663400934,0.819047619047619,binary,custom,immune
RMSCWYFDPGIVLENATQHK,0.878645374089677,0.8907407407407407,binary,resnet,immune
TFGLWQMHYSRNACKPDEIV,0.8049520753731099,0.8135265700483092,binary,custom,immune
TFGLWQMHYSRNACKPDEIV,0.8527215799614644,0.8543111992071358,binary,resnet,immune
AYSLHEKRMFINWDVCTQPG,0.8161249632605074,0.8239845261121856,binary,custom,immune
AYSLHEKRMFINWDVCTQPG,0.8656457169916071,0.8816029143897997,binary,resnet,immune
NFKHPEAGWLQITSYMDCVR,0.8180558276999444,0.8306527909176916,binary,custom,immune
NFKHPEAGWLQITSYMDCVR,0.8716097612749419,0.8809073724007561,binary,resnet,immune
YTKFRSVQLNPCGAMDEWHI,0.8282612422847067,0.8355899419729207,binary,custom,immune
YTKFRSVQLNPCGAMDEWHI,0.8586978707423011,0.8643410852713178,binary,resnet,immune
HLERPIQNSFWTADCVKYMG,0.8177639528428202,0.8272552783109405,binary,custom,immune
HLERPIQNSFWTADCVKYMG,0.828669458868097,0.8576388888888888,binary,resnet,immune
YQWKGNREHSPMIFCTLAVD,0.8220971718755102,0.8301158301158301,binary,custom,immune
YQWKGNREHSPMIFCTLAVD,0.8589019790339963,0.8744271310724107,binary,resnet,immune
CQPIHGTEAWVYSDFRMNLK,0.8348131184481239,0.8440191387559809,binary,custom,immune
CQPIHGTEAWVYSDFRMNLK,0.8749795891708305,0.8829686013320647,binary,resnet,immune
TVKPMEICSNWQLHFADGRY,0.8209378367786814,0.825147347740668,binary,custom,immune
TVKPMEICSNWQLHFADGRY,0.8711301067894582,0.8820224719101124,binary,resnet,immune
QAHMTLWIEPSKYFGDRCNV,0.7968612226903106,0.8057971014492754,binary,custom,immune
QAHMTLWIEPSKYFGDRCNV,0.8544769112700434,0.875,binary,resnet,immune
DHQWCVASEKLNMPIGRYTF,0.7921442800692334,0.8045757864632984,binary,custom,immune
DHQWCVASEKLNMPIGRYTF,0.8577385617713335,0.8669201520912547,binary,resnet,immune
EHLCTYKFSGQWRNDVAMIP,0.8230605630123117,0.8312439729990356,binary,custom,immune
EHLCTYKFSGQWRNDVAMIP,0.8271264001828811,0.8546409807355516,binary,resnet,immune
EVDPTRMFQYKLGCSWAHNI,0.8127592175304529,0.8267419962335216,binary,custom,immune
EVDPTRMFQYKLGCSWAHNI,0.8671806113451552,0.8780487804878049,binary,resnet,immune
TPRGCSWFDYNQEHLMVIKA,0.8282653244505405,0.8398104265402844,binary,custom,immune
TPRGCSWFDYNQEHLMVIKA,0.8534094249044772,0.8674698795180723,binary,resnet,immune
TRIQSPWAVFMKCDNGEHYL,0.8014863165801247,0.8122605363984674,binary,custom,immune
TRIQSPWAVFMKCDNGEHYL,0.8704626726756146,0.886672710788758,binary,resnet,immune
ITWVDFYKSRNQLPHMECGA,0.7871354625910323,0.799618320610687,binary,custom,immune
ITWVDFYKSRNQLPHMECGA,0.8650578851115249,0.8729703915950334,binary,resnet,immune
RKHWEAQLTIVFCMNSGDYP,0.7891581757617323,0.8015267175572519,binary,custom,immune
RKHWEAQLTIVFCMNSGDYP,0.766945070376539,0.8213419563459984,binary,resnet,immune
YPQIRHELMNVTASFGCWDK,0.7966693608961171,0.8065447545717036,binary,custom,immune
YPQIRHELMNVTASFGCWDK,0.8675684170993763,0.8804448563484708,binary,resnet,immune
CAEPWNDTMSFIHGKVLQYR,0.8016822605401522,0.8162111215834119,binary,custom,immune
CAEPWNDTMSFIHGKVLQYR,0.8555362333039417,0.8757819481680071,binary,resnet,immune
LRFMCVDGYKTWHAQEPISN,0.809669017994187,0.8148873653281097,binary,custom,immune
LRFMCVDGYKTWHAQEPISN,0.8701626334868227,0.8776290630975143,binary,resnet,immune
MFWGERTHDLQAIVPNCYSK,0.8145941510727931,0.8334866605335787,binary,custom,immune
MFWGERTHDLQAIVPNCYSK,0.7802284380000652,0.8238255033557047,binary,resnet,immune
GKLDHYPQVTMWASICEFNR,0.8249873452859149,0.8334937439846006,binary,custom,immune
GKLDHYPQVTMWASICEFNR,0.8216297638875282,0.8440036068530208,binary,resnet,immune
SLDMAFTEKPGHICYQRVWN,0.8215215864929297,0.8320610687022901,binary,custom,immune
SLDMAFTEKPGHICYQRVWN,0.8689196139903987,0.8838060384263495,binary,resnet,immune
TPKYMQLGNAWHEFVDSIRC,0.8090056660461775,0.8263695450324977,binary,custom,immune
TPKYMQLGNAWHEFVDSIRC,0.8612124848959863,0.8755760368663594,binary,resnet,immune
RHGNVSKWMFQCYEAPITLD,0.8030293752653408,0.8159392789373814,binary,custom,immune
RHGNVSKWMFQCYEAPITLD,0.8530338656477581,0.87511071744907,binary,resnet,immune
MNTRPIQVHSLECFGWYKDA,0.802637487345286,0.807843137254902,binary,custom,immune
MNTRPIQVHSLECFGWYKDA,0.8555321511381079,0.8724954462659381,binary,resnet,immune
IEQYDNALWKRMCTFSPVHG,0.8302880376212403,0.8417061611374408,binary,custom,immune
IEQYDNALWKRMCTFSPVHG,0.8782534861696221,0.8852772466539197,binary,resnet,immune
RSYHLWPNDVFKQGIAETMC,0.8312555109238757,0.8467966573816156,binary,custom,immune
RSYHLWPNDVFKQGIAETMC,0.8656457169916071,0.8816029143897997,binary,resnet,immune
WVEDMKTNFRHCYALPIGSQ,0.8067829267496162,0.8161693936477382,binary,custom,immune
WVEDMKTNFRHCYALPIGSQ,0.8478291042095294,0.8676867686768677,binary,resnet,immune
MSRQDNITKLHCPAGWYFVE,0.7841493582835309,0.7965616045845272,binary,custom,immune
MSRQDNITKLHCPAGWYFVE,0.8560199699552595,0.8778761061946903,binary,resnet,immune
QLNECAHRGYDWKTSMVPFI,0.8163168250547008,0.8233009708737864,binary,custom,immune
QLNECAHRGYDWKTSMVPFI,0.854752457463832,0.8639391056137012,binary,resnet,immune
HIFEQGYNWVMASPKDCLRT,0.8138144573985173,0.823076923076923,binary,custom,immune
HIFEQGYNWVMASPKDCLRT,0.8668846543221973,0.8718446601941747,binary,resnet,immune
GQSANFIKEVMYCPWTHRDL,0.8181517585970414,0.8303317535545024,binary,custom,immune
GQSANFIKEVMYCPWTHRDL,0.8415731850690702,0.8661971830985915,binary,resnet,immune
TRIKSFPHCYEVMLDWAQNG,0.8053439632931647,0.8213283442469598,binary,custom,immune
TRIKSFPHCYEVMLDWAQNG,0.8422406191829136,0.8610354223433242,binary,resnet,immune
SNHVELADCRWYIMKPTFGQ,0.819106985402175,0.8224852071005917,binary,custom,immune
SNHVELADCRWYIMKPTFGQ,0.8734242839881128,0.869120654396728,binary,resnet,immune
FHMTQYSDRNIWPKVALGCE,0.8069747885438097,0.8154589371980676,binary,custom,immune
FHMTQYSDRNIWPKVALGCE,0.875942980307632,0.8840304182509505,binary,resnet,immune
CQLDHRGMNIEWTKPVSYFA,0.8221012540413442,0.8344370860927153,binary,custom,immune
CQLDHRGMNIEWTKPVSYFA,0.8431080794226185,0.8623188405797102,binary,resnet,immune
WKIYAREQNTDLMGCSFHPV,0.8083300676006661,0.8242990654205608,binary,custom,immune
WKIYAREQNTDLMGCSFHPV,0.8584100780510108,0.8651252408477842,binary,resnet,immune
HVTKGAFMQWCIDNRYLPSE,0.8087097090232194,0.8184438040345822,binary,custom,immune
HVTKGAFMQWCIDNRYLPSE,0.8739161849710982,0.8787584869059166,binary,resnet,immune
CVKTNIGARSEQLPHDWFMY,0.8113080075764998,0.8182701652089407,binary,custom,immune
CVKTNIGARSEQLPHDWFMY,0.8712301198523887,0.8850045998160073,binary,resnet,immune
LAFMQPDRSKWTEYCHIGNV,0.8086096959602886,0.8140900195694716,binary,custom,immune
LAFMQPDRSKWTEYCHIGNV,0.8608246791417654,0.8731343283582089,binary,resnet,immune
QLKFEYGAPSDMVNTWRIHC,0.8352927729336077,0.842512077294686,binary,custom,immune
QLKFEYGAPSDMVNTWRIHC,0.7112806570654127,0.7859375,binary,resnet,immune
FSAHQELNCMPTIRYGVDWK,0.7949385225825414,0.8083491461100569,binary,custom,immune
FSAHQELNCMPTIRYGVDWK,0.8858606022011037,0.8908212560386474,binary,resnet,immune
NWLFTHEMVSIAKRQDPYCG,0.8176721041115574,0.831924882629108,binary,custom,immune
NWLFTHEMVSIAKRQDPYCG,0.8840338329904315,0.8916349809885932,binary,resnet,immune
IPAYDCNQGSVHFMWKLETR,0.7901256490643677,0.8074766355140187,binary,custom,immune
IPAYDCNQGSVHFMWKLETR,0.8414405146794683,0.8303477344573235,binary,resnet,immune
SQPKMTIFDLYNHGEVWRCA,0.8262385291140069,0.8336557059961315,binary,custom,immune
SQPKMTIFDLYNHGEVWRCA,0.75047557231965,0.8093322606596943,binary,resnet,immune
DFYWCSKGTHPLREIMAVNQ,0.78761919924235,0.8026440037771483,binary,custom,immune
DFYWCSKGTHPLREIMAVNQ,0.8605328042846412,0.8703878902554399,binary,resnet,immune
YHICQGRFPKDLVTEAMSWN,0.8341416021684465,0.846081208687441,binary,custom,immune
YHICQGRFPKDLVTEAMSWN,0.8152656673524705,0.8313140726933831,binary,resnet,immune
GSYQLRVHIMFKENPTADCW,0.8230646451781457,0.8355387523629489,binary,custom,immune
GSYQLRVHIMFKENPTADCW,0.8559036282289932,0.8607594936708861,binary,resnet,immune
GNWCHFDKYPQRVTLMESIA,0.7900256360014368,0.8030447193149381,binary,custom,immune
GNWCHFDKYPQRVTLMESIA,0.8564792136115738,0.8591133004926108,binary,resnet,immune
DVQALCTMHWFSIEYKGNPR,0.7880988537278338,0.8007626310772163,binary,custom,immune
DVQALCTMHWFSIEYKGNPR,0.8679562228535972,0.8827838827838828,binary,resnet,immune
STRLADMYIPWKQFNCGHEV,0.8016781783743182,0.8115384615384615,binary,custom,immune
STRLADMYIPWKQFNCGHEV,0.8586182685085398,0.8783542039355993,binary,resnet,immune
AVEYGPCHQMFSWTLRKNID,0.8319229450377192,0.8406909788867563,binary,custom,immune
AVEYGPCHQMFSWTLRKNID,0.8707423010352373,0.8796208530805687,binary,resnet,immune
GQISCENVPDAMFLWTKYHR,0.8059154665099114,0.8146718146718147,binary,custom,immune
GQISCENVPDAMFLWTKYHR,0.8586019398452042,0.8646034816247582,binary,resnet,immune
RNLSDYATKFPHMVIEQGWC,0.8017781914372489,0.8158640226628895,binary,custom,immune
RNLSDYATKFPHMVIEQGWC,0.8744958525195128,0.8807692307692307,binary,resnet,immune
YGDIHAMPSQFRKCWVTNEL,0.7940710623428365,0.8068506184586108,binary,custom,immune
YGDIHAMPSQFRKCWVTNEL,0.8684195486757454,0.8677354709418837,binary,resnet,immune
HWGETFVLYQRCNADSMIPK,0.8248914143888182,0.8338136407300673,binary,custom,immune
HWGETFVLYQRCNADSMIPK,0.8753633127592175,0.8820709491850431,binary,resnet,immune
CQGDKPINTMEAWSLYHRFV,0.8180517455341105,0.8262548262548263,binary,custom,immune
CQGDKPINTMEAWSLYHRFV,0.8749795891708305,0.8829686013320647,binary,resnet,immune
WGAFENCRSDYTVKQHPMLI,0.8054358120244277,0.8164435946462715,binary,custom,immune
WGAFENCRSDYTVKQHPMLI,0.8238525031840893,0.8526591107236269,binary,resnet,immune
YCWPRVEHLTGSKMQDNIAF,0.8127592175304529,0.8267419962335216,binary,custom,immune
YCWPRVEHLTGSKMQDNIAF,0.8651456516769538,0.8654037886340977,binary,resnet,immune
DAVGSWECKHRQNYPIMFTL,0.8162249763234383,0.8281101614434948,binary,custom,immune
DAVGSWECKHRQNYPIMFTL,0.8392545148754122,0.8581818181818182,binary,resnet,immune
PSTHMQRDKNVEWIGFCYLA,0.841456843342804,0.8480154888673765,binary,custom,immune
PSTHMQRDKNVEWIGFCYLA,0.8131674341138435,0.8491525423728814,binary,resnet,immune
DSMVGFWNEARCQHITLKPY,0.7882907155220273,0.8,binary,custom,immune
DSMVGFWNEARCQHITLKPY,0.8592775382907156,0.866474543707973,binary,resnet,immune
CEITYSRHFWNAMDLVQKGP,0.7964815812677575,0.8120300751879699,binary,custom,immune
CEITYSRHFWNAMDLVQKGP,0.868907367492897,0.8737864077669902,binary,resnet,immune
ERAVFWMLSIKNTPYHDGQC,0.8102486855426017,0.8174757281553398,binary,custom,immune
ERAVFWMLSIKNTPYHDGQC,0.8591897717252864,0.8737327188940092,binary,resnet,immune
IKNYGHWLVCSMQEAPTRFD,0.8276856569021259,0.8374760994263862,binary,custom,immune
IKNYGHWLVCSMQEAPTRFD,0.8642986022664184,0.881447963800905,binary,resnet,immune
IYVTNAGESLQCRPHDMFKW,0.8247954834917213,0.8341323106423778,binary,custom,immune
IYVTNAGESLQCRPHDMFKW,0.8590979229940238,0.8772563176895307,binary,resnet,immune
KFTDPMSQLGIVYENCRAWH,0.8166086999118252,0.8267942583732057,binary,custom,immune
KFTDPMSQLGIVYENCRAWH,0.8512826165050129,0.8585178055822906,binary,resnet,immune
VPRCIYKWGDETLMNAQFSH,0.7990798798210379,0.811787072243346,binary,custom,immune
VPRCIYKWGDETLMNAQFSH,0.8716097612749419,0.8809073724007561,binary,resnet,immune
PRHQFEKGDLSAVYWNMICT,0.8175720910486268,0.8279158699808795,binary,custom,immune
PRHQFEKGDLSAVYWNMICT,0.8812477548087913,0.8943985307621671,binary,resnet,immune
KDTANYLEVRQCSWFHGPIM,0.8000391887920055,0.8081395348837209,binary,custom,immune
KDTANYLEVRQCSWFHGPIM,0.8711301067894582,0.8820224719101124,binary,resnet,immune
TKQVSGCEDRILPANMFWYH,0.8154534469808301,0.8263358778625954,binary,custom,immune
TKQVSGCEDRILPANMFWYH,0.8649456255510924,0.8580310880829015,binary,resnet,immune
IGKMWQTYHSNAEPVCRLFD,0.8154493648149962,0.8218111002921129,binary,custom,immune
IGKMWQTYHSNAEPVCRLFD,0.8556280820352045,0.8722627737226277,binary,resnet,immune
WQGVRKMTSPIEHDLYCAFN,0.8114080206394305,0.8225190839694656,binary,custom,immune
WQGVRKMTSPIEHDLYCAFN,0.8503273896998791,0.8648148148148148,binary,resnet,immune
ALGPNMWQDTVHEIRFKSYC,0.7995595343065216,0.8099808061420346,binary,custom,immune
ALGPNMWQDTVHEIRFKSYC,0.8636107573234054,0.8695652173913043,binary,resnet,immune
WCQKEPDYTLIAMNVSGRFH,0.8223890467326345,0.8334919124643198,binary,custom,immune
WCQKEPDYTLIAMNVSGRFH,0.848316923026681,0.8731408573928259,binary,resnet,immune
EFCDLKPAYRHVSMQINGWT,0.8059195486757456,0.8192999053926207,binary,custom,immune
EFCDLKPAYRHVSMQINGWT,0.8643782045001797,0.8675171736997056,binary,resnet,immune
PGFHYRKEISVDMTNCAQLW,0.8293246464844387,0.8406072106261859,binary,custom,immune
PGFHYRKEISVDMTNCAQLW,0.8770023023415303,0.884871550903901,binary,resnet,immune
CYSPDIMAWVLFGTEKNRHQ,0.8112079945135691,0.8138613861386138,binary,custom,immune
CYSPDIMAWVLFGTEKNRHQ,0.838107426276085,0.8646288209606987,binary,resnet,immune
RDFWIKTGMYPSHEVQANLC,0.8367358185558931,0.8421052631578947,binary,custom,immune
RDFWIKTGMYPSHEVQANLC,0.8824907743052153,0.8886756238003839,binary,resnet,immune
EPFMQGICWKALHRNVTDSY,0.8169924235002123,0.8254580520732884,binary,custom,immune
EPFMQGICWKALHRNVTDSY,0.855440302406845,0.8760035682426405,binary,resnet,immune
TGSNCQVYRDMAFWIKELHP,0.8139144704614482,0.8271954674220963,binary,custom,immune
TGSNCQVYRDMAFWIKELHP,0.8744917703536789,0.8773307163886163,binary,resnet,immune
SCELWATIFMKNYGPVDRQH,0.843291776885144,0.8544423440453687,binary,custom,immune
SCELWATIFMKNYGPVDRQH,0.8355050455569708,0.8609154929577465,binary,resnet,immune
TYKLFAENCQGHPMIRDWSV,0.8087097090232194,0.8184438040345822,binary,custom,immune
TYKLFAENCQGHPMIRDWSV,0.8688196009274682,0.8808193668528864,binary,resnet,immune
AHTMCLFWNPKDYGESVQRI,0.818243607328304,0.8255813953488372,binary,custom,immune
AHTMCLFWNPKDYGESVQRI,0.8627432970837007,0.8682170542635659,binary,resnet,immune
HCYNWGTMDKFLVSPIQRAE,0.810444629502629,0.8213944603629417,binary,custom,immune
HCYNWGTMDKFLVSPIQRAE,0.8549565657555271,0.8738738738738738,binary,resnet,immune
DYTCVHLGWNSIRKFQPEMA,0.799463603409425,0.8103448275862069,binary,custom,immune
DYTCVHLGWNSIRKFQPEMA,0.8467616178439633,0.8598130841121495,binary,resnet,immune
TRGMIWCQELVPFNHSDKYA,0.805335798961497,0.8120740019474196,binary,custom,immune
TRGMIWCQELVPFNHSDKYA,0.8631311028379217,0.8708133971291866,binary,resnet,immune
QHAVKIYNCMRLSDWFEPTG,0.8172842983573365,0.8288973384030418,binary,custom,immune
QHAVKIYNCMRLSDWFEPTG,0.8628351458149637,0.8642220019821606,binary,resnet,immune
NMSPFWHVALIYDGRCTKEQ,0.8259507364227164,0.8346153846153846,binary,custom,immune
NMSPFWHVALIYDGRCTKEQ,0.854668773064237,0.8745519713261649,binary,resnet,immune
WMQRPNKGCVHIFELDSTYA,0.7996595473694522,0.8143261074458058,binary,custom,immune
WMQRPNKGCVHIFELDSTYA,0.8365643675908689,0.8616740088105727,binary,resnet,immune
YQAGEVKPWSCMFIRDHNLT,0.8087097090232194,0.8184438040345822,binary,custom,immune
YQAGEVKPWSCMFIRDHNLT,0.8523256098755756,0.8427672955974843,binary,resnet,immune
IHSAYTKPWLVNREFCQDMG,0.8104487116684628,0.8258426966292135,binary,custom,immune
IHSAYTKPWLVNREFCQDMG,0.875171450965024,0.8825214899713467,binary,resnet,immune
SPLAMKDHQRWFNTCGEVYI,0.81314294111884,0.825426944971537,binary,custom,immune
SPLAMKDHQRWFNTCGEVYI,0.8639067143463636,0.8758169934640523,binary,resnet,immune
SYGMVWLPRDNQATHIECFK,0.8098608797883806,0.8141592920353983,binary,custom,immune
SYGMVWLPRDNQATHIECFK,0.8795087521635478,0.8888888888888888,binary,resnet,immune
HFAIKDLRCMSTNYGQEWPV,0.8173802292544331,0.8285714285714286,binary,custom,immune
HFAIKDLRCMSTNYGQEWPV,0.8616717285523007,0.8556701030927835,binary,resnet,immune
YGENKAVSMRIPFTHWQLDC,0.7984042813755267,0.8095693779904306,binary,custom,immune
YGENKAVSMRIPFTHWQLDC,0.8695788837725743,0.8720472440944882,binary,resnet,immune
VRQWNYCHAGIFMKSLTEDP,0.8075544560922243,0.8180076628352491,binary,custom,immune
VRQWNYCHAGIFMKSLTEDP,0.8516704222592338,0.8612167300380228,binary,resnet,immune
YTWSDVKCIAHFNPLQGMRE,0.8003310636491298,0.8118433619866284,binary,custom,immune
YTWSDVKCIAHFNPLQGMRE,0.8702544822180857,0.873900293255132,binary,resnet,immune
FMNQITSARWVDELHCGYPK,0.8092852944058,0.8163265306122449,binary,custom,immune
FMNQITSARWVDELHCGYPK,0.8834582476078507,0.8928571428571429,binary,resnet,immune
EVWCTFPDAYKGRLQHNMIS,0.820266320499004,0.8275193798449613,binary,custom,immune
EVWCTFPDAYKGRLQHNMIS,0.8658130857907971,0.859504132231405,binary,resnet,immune
CGDKAQHMRSEIVYFWLTNP,0.811599882433624,0.8218390804597702,binary,custom,immune
CGDKAQHMRSEIVYFWLTNP,0.8701748799843245,0.8872858431018936,binary,resnet,immune
KAVTLGMWYENFPQHCSDIR,0.8020659841285392,0.8148148148148148,binary,custom,immune
KAVTLGMWYENFPQHCSDIR,0.8632311159008523,0.8740601503759399,binary,resnet,immune
TKRYQPCEMADNVSHFGLIW,0.8179558146370138,0.8265895953757225,binary,custom,immune
TKRYQPCEMADNVSHFGLIW,0.8710300937265276,0.8789323164918971,binary,resnet,immune
FASCHDTLVEGPRNYQIWKM,0.8171842852944058,0.8247821878025169,binary,custom,immune
FASCHDTLVEGPRNYQIWKM,0.8608246791417654,0.8731343283582089,binary,resnet,immune
YSQWHAKRETVFICLDGMPN,0.8195948042193265,0.8298279158699808,binary,custom,immune
YSQWHAKRETVFICLDGMPN,0.8585100911139414,0.8684957426679281,binary,resnet,immune
QPGMSWEHCIKNDTVALRYF,0.7967652917932139,0.8061716489874639,binary,custom,immune
QPGMSWEHCIKNDTVALRYF,0.8480250481695568,0.8705673758865248,binary,resnet,immune
HMWRPFGDAITYSELKQCVN,0.8192069984651057,0.8267182962245886,binary,custom,immune
HMWRPFGDAITYSELKQCVN,0.8743121550569871,0.8876611418047882,binary,resnet,immune
ASVKTMGDFEHLQCYRWPIN,0.8221012540413442,0.8344370860927153,binary,custom,immune
ASVKTMGDFEHLQCYRWPIN,0.874871411776232,0.8727272727272727,binary,resnet,immune
VANRGYQPMFKLDICWHEST,0.8019700532314424,0.8151658767772512,binary,custom,immune
VANRGYQPMFKLDICWHEST,0.8701667156526567,0.8809746954076851,binary,resnet,immune
CIEFNDHWSKPMTVYLGAQR,0.7837656346951439,0.7981042654028436,binary,custom,immune
CIEFNDHWSKPMTVYLGAQR,0.8353682930015349,0.8189655172413793,binary,resnet,immune
SQPHVDAKTFRMIWEGLYCN,0.8227727703210217,0.8322147651006712,binary,custom,immune
SQPHVDAKTFRMIWEGLYCN,0.8765267300218804,0.88909426987061,binary,resnet,immune
LDWAPKMFINVECYTSQGHR,0.8242198981091408,0.8360189573459715,binary,custom,immune
LDWAPKMFINVECYTSQGHR,0.8414731720061396,0.8630259623992838,binary,resnet,immune
ERTVDIWKGQCYALPMSHFN,0.7980164756213056,0.8062015503875969,binary,custom,immune
ERTVDIWKGQCYALPMSHFN,0.8685277260703439,0.8781869688385269,binary,resnet,immune
NPAEFDRGWVTSKQCIYMLH,0.8249873452859149,0.8334937439846006,binary,custom,immune
NPAEFDRGWVTSKQCIYMLH,0.8359887822082884,0.8631211857018308,binary,resnet,immune
EVQRICNMAPFDWTKSGHLY,0.8258507233597858,0.8305582761998042,binary,custom,immune
EVQRICNMAPFDWTKSGHLY,0.8667050390255053,0.8824065633546034,binary,resnet,immune
VNYRMSQFPKDEWHGLTCIA,0.8060113974070082,0.8143133462282398,binary,custom,immune
VNYRMSQFPKDEWHGLTCIA,0.861104307501388,0.865234375,binary,resnet,immune
IDGPTKSVCAWNFEMYRQLH,0.8116958133307207,0.8214971209213052,binary,custom,immune
IDGPTKSVCAWNFEMYRQLH,0.8589856634335913,0.8635477582846004,binary,resnet,immune
PTLRMYKSWVAFQNDHEGCI,0.8176680219457235,0.8275862068965517,binary,custom,immune
PTLRMYKSWVAFQNDHEGCI,0.8624636687240784,0.8759259259259259,binary,resnet,immune
EHSFLWPNVYIQDMTACGRK,0.8126592044675223,0.822627037392138,binary,custom,immune
EHSFLWPNVYIQDMTACGRK,0.8525378824989387,0.8625592417061612,binary,resnet,immune
TQNEFVIARKGDHCPWYLSM,0.8102486855426017,0.8174757281553398,binary,custom,immune
TQNEFVIARKGDHCPWYLSM,0.8540850233499885,0.8692449355432781,binary,resnet,immune
PQISNHYWTGDMRCKLFVEA,0.8357765095849253,0.8451242829827916,binary,custom,immune
PQISNHYWTGDMRCKLFVEA,0.7366043728160414,0.7970897332255457,binary,resnet,immune
WGCYDLHEAMVITPFKNSRQ,0.8032212370595343,0.8152380952380952,binary,custom,immune
WGCYDLHEAMVITPFKNSRQ,0.8575507821429738,0.8709377901578459,binary,resnet,immune
MAVINCQFDHPTYWKLSREG,0.8083219032689984,0.8151750972762646,binary,custom,immune
MAVINCQFDHPTYWKLSREG,0.8565914731720061,0.8732907930720146,binary,resnet,immune
YDVWQINHAFCMETSPLGKR,0.7902174977956304,0.8022922636103151,binary,custom,immune
YDVWQINHAFCMETSPLGKR,0.8426916985075601,0.8305084745762712,binary,resnet,immune
WSYALDQHGVTCPNIMFEKR,0.8221012540413442,0.8344370860927153,binary,custom,immune
WSYALDQHGVTCPNIMFEKR,0.878053460043761,0.878968253968254,binary,resnet,immune
TSADVCGRNILEMHYFQPKW,0.8188191927108847,0.8235294117647058,binary,custom,immune
TSADVCGRNILEMHYFQPKW,0.8583223114855817,0.8724584103512015,binary,resnet,immune
PSQWAKYFVINCRGHETDML,0.8205581953561281,0.830945558739255,binary,custom,immune
PSQWAKYFVINCRGHETDML,0.8542687208125141,0.8615384615384616,binary,resnet,immune
YNEWGAPTVICHDQMKFRLS,0.8033171679566312,0.8148854961832062,binary,custom,immune
YNEWGAPTVICHDQMKFRLS,0.8758470494105353,0.8842504743833017,binary,resnet,immune
CYTAINQDELRHWPMVSFGK,0.8213297246987361,0.8326996197718631,binary,custom,immune
CYTAINQDELRHWPMVSFGK,0.8346375853172658,0.8596646072374228,binary,resnet,immune
TQLCRWYIPDEFMGVNHSKA,0.8009066490317103,0.8096618357487922,binary,custom,immune
TQLCRWYIPDEFMGVNHSKA,0.872769096371771,0.8847583643122676,binary,resnet,immune
PQVSIRNMDWHTFEKGYACL,0.8037968224421148,0.8131021194605009,binary,custom,immune
PQVSIRNMDWHTFEKGYACL,0.8563996113778127,0.8737511353315168,binary,resnet,immune
QVTCSLGFEYKAIHMPRDNW,0.8234442866006989,0.8299319727891157,binary,custom,immune
QVTCSLGFEYKAIHMPRDNW,0.8714015708174129,0.8670756646216768,binary,resnet,immune
FRYKEGTQHVDLPNMCIWAS,0.830388050684171,0.845437616387337,binary,custom,immune
FRYKEGTQHVDLPNMCIWAS,0.8692910910812841,0.87279843444227,binary,resnet,immune
CKESTMRAQLFIPGHNVYDW,0.7871354625910323,0.799618320610687,binary,custom,immune
CKESTMRAQLFIPGHNVYDW,0.7939832957774077,0.8164383561643835,binary,resnet,immune
WVKSIEFHLGDNTQMYPACR,0.8186273309166912,0.82421875,binary,custom,immune
WVKSIEFHLGDNTQMYPACR,0.8662213023741876,0.8802946593001841,binary,resnet,immune
WIRVYEQMKHFATGLNCSPD,0.7963815682048268,0.8076555023923445,binary,custom,immune
WIRVYEQMKHFATGLNCSPD,0.8569792789262272,0.8756756756756757,binary,resnet,immune
KGQHTLFCAWNMEVSYIPRD,0.7943547728682929,0.80078125,binary,custom,immune
KGQHTLFCAWNMEVSYIPRD,0.8584264067143463,0.8787878787878788,binary,resnet,immune
TLEPNHWDRQYVKGISFMCA,0.810060905914242,0.8227488151658767,binary,custom,immune
TLEPNHWDRQYVKGISFMCA,0.8597612749420332,0.8688212927756654,binary,resnet,immune
SPFAQDMLCNRIHGYTEKWV,0.8133348029130336,0.8247619047619048,binary,custom,immune
SPFAQDMLCNRIHGYTEKWV,0.8710423402240293,0.8884892086330936,binary,resnet,immune
DYSKCQNEMVTRLWIHPAFG,0.8186273309166912,0.82421875,binary,custom,immune
DYSKCQNEMVTRLWIHPAFG,0.8247199634237942,0.8539130434782609,binary,resnet,immune
DRHQMEWGCNYFLVAIKPST,0.808034110577708,0.816247582205029,binary,custom,immune
DRHQMEWGCNYFLVAIKPST,0.8035294405799941,0.835509138381201,binary,resnet,immune
EDNYTIFMCQHPRASVLGWK,0.8007188694033507,0.8150943396226416,binary,custom,immune
EDNYTIFMCQHPRASVLGWK,0.8018863688318475,0.8285714285714286,binary,resnet,immune
MPHEAQRTYVWKLCNGDFIS,0.7981164886842362,0.8106565176022835,binary,custom,immune
MPHEAQRTYVWKLCNGDFIS,0.8454145031187746,0.8597957288765088,binary,resnet,immune
HWQFVSNDRCKMGYETIALP,0.825279220143039,0.8368121442125237,binary,custom,immune
HWQFVSNDRCKMGYETIALP,0.8305921589758661,0.8561341571050309,binary,resnet,immune
VGPWFEATLHNYMIQSDKRC,0.8138144573985173,0.823076923076923,binary,custom,immune
VGPWFEATLHNYMIQSDKRC,0.8626514483524379,0.8720379146919431,binary,resnet,immune
LCRTKYHWIAPFDMEVNGSQ,0.806882939812547,0.8204158790170132,binary,custom,immune
LCRTKYHWIAPFDMEVNGSQ,0.8605368864504752,0.8738404452690167,binary,resnet,immune
LHEACKWFGVQIPDTMRYSN,0.8142981940498352,0.8258801141769743,binary,custom,immune
LHEACKWFGVQIPDTMRYSN,0.8530257013160901,0.8684452621895125,binary,resnet,immune
NAFQHIGRTCYMSPEVWKLD,0.8055317429215244,0.8160919540229885,binary,custom,immune
NAFQHIGRTCYMSPEVWKLD,0.8846012540413442,0.8837675350701403,binary,resnet,immune
PQTYAKHMWLENGVCIDRFS,0.7890622448646354,0.8019047619047619,binary,custom,immune
PQTYAKHMWLENGVCIDRFS,0.8654375265340779,0.8683693516699411,binary,resnet,immune
VFDTISMLCGNEARYWQKHP,0.7851127494203325,0.7977099236641222,binary,custom,immune
VFDTISMLCGNEARYWQKHP,0.8791250285751608,0.8897196261682243,binary,resnet,immune
YQVHFLPRNITKDAEWMGCS,0.8099568106854773,0.8137931034482758,binary,custom,immune
YQVHFLPRNITKDAEWMGCS,0.8834582476078507,0.8928571428571429,binary,resnet,immune
NCKSIARWVEYHDQFLGTMP,0.7952263152738317,0.8072519083969466,binary,custom,immune
NCKSIARWVEYHDQFLGTMP,0.8497558864831325,0.8697214734950584,binary,resnet,immune
KTLREVICSADPYGWMFNQH,0.8129469971588126,0.8216007714561234,binary,custom,immune
KTLREVICSADPYGWMFNQH,0.8558036151660625,0.8571428571428571,binary,resnet,immune
GFRALEDPWYKNCIMSTVHQ,0.8361602331733125,0.8439306358381503,binary,custom,immune
GFRALEDPWYKNCIMSTVHQ,0.8640026452434604,0.8755846585594013,binary,resnet,immune
EVCMPNQGTRHLWIYSKFDA,0.83866668299533,0.8484270734032412,binary,custom,immune
EVCMPNQGTRHLWIYSKFDA,0.8505988537278337,0.8484848484848485,binary,resnet,immune
VSKCIPHDFMQLNWGTRAYE,0.7977286829300154,0.8073217726396917,binary,custom,immune
VSKCIPHDFMQLNWGTRAYE,0.8632311159008523,0.8740601503759399,binary,resnet,immune
PLDYEKINMCQGARVSWFTH,0.8114039384735966,0.8179162609542356,binary,custom,immune
PLDYEKINMCQGARVSWFTH,0.8791291107409948,0.8927589367552704,binary,resnet,immune
SYNFHLCDVIKEGAMWRQTP,0.8145819045752916,0.8203125,binary,custom,immune
SYNFHLCDVIKEGAMWRQTP,0.8698830051272003,0.8848263254113345,binary,resnet,immune
AHTYFVLPQKWEDRGSICNM,0.8122754808791353,0.8239771646051379,binary,custom,immune
AHTYFVLPQKWEDRGSICNM,0.8635107442604748,0.8661417322834646,binary,resnet,immune
WRAPEFKDQTSHINGLYMCV,0.7912727376636948,0.7980487804878049,binary,custom,immune
WRAPEFKDQTSHINGLYMCV,0.8651456516769538,0.8654037886340977,binary,resnet,immune
CVGSETWRHMKYPDLQNFIA,0.7958937493876751,0.7996051332675223,binary,custom,immune
CVGSETWRHMKYPDLQNFIA,0.8391585839783156,0.8584392014519057,binary,resnet,immune
HGSKPWRAQVNYMTDICLFE,0.8225809085268281,0.8328557784145176,binary,custom,immune
HGSKPWRAQVNYMTDICLFE,0.8650538029456909,0.8693957115009746,binary,resnet,immune
RAQENLTIVYDKMHSGPFCW,0.7970530844845041,0.8050436469447139,binary,custom,immune
RAQENLTIVYDKMHSGPFCW,0.8487843310146631,0.8616822429906542,binary,resnet,immune
GRKADNYIHWPCQLFETSVM,0.8275856438391953,0.8334956183057449,binary,custom,immune
GRKADNYIHWPCQLFETSVM,0.8796087652264786,0.8917668825161887,binary,resnet,immune
SEMACKNIWHVQGTRYDFPL,0.7942670063028641,0.8108614232209738,binary,custom,immune
SEMACKNIWHVQGTRYDFPL,0.8630351719408249,0.8710601719197708,binary,resnet,immune
NSTMHDYEKGWQRIPFLVCA,0.8149656281636786,0.8188976377952756,binary,custom,immune
NSTMHDYEKGWQRIPFLVCA,0.8550484144867901,0.8702851885924563,binary,resnet,immune
YTLCHWRAKPGSENMIQDFV,0.8001392018549363,0.8125594671741199,binary,custom,immune
YTLCHWRAKPGSENMIQDFV,0.838107426276085,0.8646288209606987,binary,resnet,immune
NHYVEQIWLGPFMRTASCKD,0.7981164886842362,0.8106565176022835,binary,custom,immune
NHYVEQIWLGPFMRTASCKD,0.8608328434734334,0.8797127468581688,binary,resnet,immune
HDVPQRLWFMAKSGTNEYIC,0.7976286698670845,0.802747791952895,binary,custom,immune
HDVPQRLWFMAKSGTNEYIC,0.7785894484177525,0.8209459459459459,binary,resnet,immune
SYVWPDAHLMFGRIEQNTKC,0.8142981940498352,0.8258801141769743,binary,custom,immune
SYVWPDAHLMFGRIEQNTKC,0.8446511381078345,0.8653500897666068,binary,resnet,immune
KSQMYPRDICGVETWNLHAF,0.795126302210901,0.8027210884353742,binary,custom,immune
KSQMYPRDICGVETWNLHAF,0.8718893896345645,0.8732673267326733,binary,resnet,immune
PRTLEVFINQGSHKWMYCDA,0.7932036021031318,0.8053435114503816,binary,custom,immune
PRTLEVFINQGSHKWMYCDA,0.8801843506090591,0.8905519176800748,binary,resnet,immune
FHCEVGNRSQWPDAYTLIMK,0.8206500440873911,0.826171875,binary,custom,immune
FHCEVGNRSQWPDAYTLIMK,0.870454508343947,0.8803016022620169,binary,resnet,immune
PCVGNFESWHYTDIARMLQK,0.7919524182750399,0.805318138651472,binary,custom,immune
PCVGNFESWHYTDIARMLQK,0.8600531497991575,0.8716026241799437,binary,resnet,immune
HGRQKSFACVNPWMTIDYEL,0.808897488651579,0.812992125984252,binary,custom,immune
HGRQKSFACVNPWMTIDYEL,0.8616717285523007,0.8556701030927835,binary,resnet,immune
YPGIMTRHLCEWNQDVKSFA,0.825371068874302,0.8322017458777885,binary,custom,immune
YPGIMTRHLCEWNQDVKSFA,0.8716015969432742,0.8740157480314961,binary,resnet,immune
VIYTACPSHLGKQFDWNERM,0.8124714248391627,0.8277153558052435,binary,custom,immune
VIYTACPSHLGKQFDWNERM,0.8640863296430553,0.8645418326693227,binary,resnet,immune
PNWIQFAHVCSKGYLDTMRE,0.802157832859802,0.8097087378640777,binary,custom,immune
PNWIQFAHVCSKGYLDTMRE,0.8368480781163254,0.8574007220216606,binary,resnet,immune
KPLETGIYWRAFQNDHMVSC,0.807650386989321,0.817658349328215,binary,custom,immune
KPLETGIYWRAFQNDHMVSC,0.8688073544299663,0.8704253214638972,binary,resnet,immune
VLFWPIAHNSTEKCRYGMDQ,0.8233483557036021,0.8302618816682832,binary,custom,immune
VLFWPIAHNSTEKCRYGMDQ,0.873156902125992,0.8870523415977961,binary,resnet,immune
ANYHIQDSCPERGFTMWVKL,0.8089015708174128,0.8177434908389586,binary,custom,immune
ANYHIQDSCPERGFTMWVKL,0.8458982397700925,0.8621323529411765,binary,resnet,immune
DYVSFMPWRCHIQTENGKLA,0.8215256686587636,0.8362956033676333,binary,custom,immune
DYVSFMPWRCHIQTENGKLA,0.8682358512132196,0.8754789272030651,binary,resnet,immune
KCNQSYAVLGIMWDEFRPTH,0.8088015577544823,0.8133595284872298,binary,custom,immune
KCNQSYAVLGIMWDEFRPTH,0.8668764899905295,0.8643724696356275,binary,resnet,immune
VHGRISQNMFDYCLAEKWTP,0.8169883413343784,0.8208661417322834,binary,custom,immune
VHGRISQNMFDYCLAEKWTP,0.8721935109891904,0.8860294117647058,binary,resnet,immune
ACKDTHPEFIGMVYQNRWSL,0.7949385225825414,0.8083491461100569,binary,custom,immune
ACKDTHPEFIGMVYQNRWSL,0.860245011593351,0.8711194731890874,binary,resnet,immune
FECRIHWAQLDVGNKMTSYP,0.8035090297508247,0.814176245210728,binary,custom,immune
FECRIHWAQLDVGNKMTSYP,0.8670846804480585,0.8782771535580525,binary,resnet,immune
IFWQAYHDNSMTRGKLVPCE,0.8033130857907971,0.810126582278481,binary,custom,immune
IFWQAYHDNSMTRGKLVPCE,0.8368521602821594,0.8609388839681134,binary,resnet,immune
DTNKMAHYRFEIQLSVGPCW,0.8234442866006989,0.8299319727891157,binary,custom,immune
DTNKMAHYRFEIQLSVGPCW,0.859769439273701,0.8756855575868373,binary,resnet,immune
QDTIEHVMRSNGFKCAYPWL,0.7985920610038861,0.803921568627451,binary,custom,immune
QDTIEHVMRSNGFKCAYPWL,0.8585141732797753,0.8719851576994434,binary,resnet,immune
YSTQRHVLFEIMKGCNDWPA,0.8140981679239738,0.8173741362290227,binary,custom,immune
YSTQRHVLFEIMKGCNDWPA,0.8654416086999119,0.8719923002887392,binary,resnet,immune
RHYDSVPGENFWQICLAMTK,0.8132388720159368,0.8250950570342205,binary,custom,immune
RHYDSVPGENFWQICLAMTK,0.8737284053427388,0.8825757575757576,binary,resnet,immune
ANTLYHDGQRPWIMCEVFKS,0.7958019006564123,0.805019305019305,binary,custom,immune
ANTLYHDGQRPWIMCEVFKS,0.8554321380751772,0.8693234476367007,binary,resnet,immune
LANCGKFDVMISWHRTEQYP,0.7999473400607426,0.8132701421800947,binary,custom,immune
LANCGKFDVMISWHRTEQYP,0.8564914601090756,0.8701298701298701,binary,resnet,immune
PAVTGIHCFRSEQMLNKYWD,0.8173802292544331,0.8285714285714286,binary,custom,immune
PAVTGIHCFRSEQMLNKYWD,0.8484802096600372,0.8467741935483871,binary,resnet,immune
ELRNIYSKQTACWGMDFVPH,0.8229646321152151,0.8315688161693936,binary,custom,immune
ELRNIYSKQTACWGMDFVPH,0.8601490806962543,0.8713615023474178,binary,resnet,immune
YWCVSQRKPDGHNMTFALIE,0.8074585251951276,0.8183556405353728,binary,custom,immune
YWCVSQRKPDGHNMTFALIE,0.8852850168185232,0.89207258834766,binary,resnet,immune
WAITEPNLQHVRMGSYCKDF,0.8025415564481891,0.8082191780821918,binary,custom,immune
WAITEPNLQHVRMGSYCKDF,0.8695788837725743,0.8720472440944882,binary,resnet,immune
KDVHMPTNQCAIREWFLYGS,0.822193102772607,0.8297872340425532,binary,custom,immune
KDVHMPTNQCAIREWFLYGS,0.8633188824662813,0.8666666666666667,binary,resnet,immune
PNYEHQKTGASCLDWMFVRI,0.7985083766042912,0.8184331797235023,binary,custom,immune
PNYEHQKTGASCLDWMFVRI,0.8120999477482773,0.8410886742756805,binary,resnet,immune
QLNRTMKPYGIHWESACVDF,0.8054398941902616,0.8209934395501406,binary,custom,immune
QLNRTMKPYGIHWESACVDF,0.8718934718003983,0.8768186226964112,binary,resnet,immune
HPINTLCQSKVAWRFMDEGY,0.8291327846902452,0.8412098298676749,binary,custom,immune
HPINTLCQSKVAWRFMDEGY,0.8649578720485942,0.8696498054474708,binary,resnet,immune
RKLSPQGIMCHADVETFNWY,0.813918552627282,0.8314814814814815,binary,custom,immune
RKLSPQGIMCHADVETFNWY,0.8808517847229026,0.8858800773694391,binary,resnet,immune
MALKRNGSDQTECIHFYPWV,0.8130470102217433,0.8257575757575758,binary,custom,immune
MALKRNGSDQTECIHFYPWV,0.8613798536951766,0.8523560209424084,binary,resnet,immune
MVFHRCENKAWPQSYDGILT,0.811987688187845,0.8249763481551561,binary,custom,immune
MVFHRCENKAWPQSYDGILT,0.8776697364553738,0.8799212598425197,binary,resnet,immune
GDRHPVAWICYQEFKNMLST,0.8201703896019071,0.8278529980657641,binary,custom,immune
GDRHPVAWICYQEFKNMLST,0.8641945070376539,0.8751173708920188,binary,resnet,immune
NEICVWFAMRHTGDLPSYKQ,0.829316482152771,0.8320158102766798,binary,custom,immune
NEICVWFAMRHTGDLPSYKQ,0.8872077169262924,0.8910505836575876,binary,resnet,immune
GNSIRQPCKHWEMYTLDFAV,0.8195948042193265,0.8298279158699808,binary,custom,immune
GNSIRQPCKHWEMYTLDFAV,0.8489843571405244,0.868231046931408,binary,resnet,immune
GFQSLWTMCPVIHNDAREKY,0.8014863165801247,0.8122605363984674,binary,custom,immune
GFQSLWTMCPVIHNDAREKY,0.8701667156526567,0.8809746954076851,binary,resnet,immune
LYKENQFPWIGHATVCDRSM,0.8132347898501029,0.8205625606207565,binary,custom,immune
LYKENQFPWIGHATVCDRSM,0.8648619411514973,0.8699029126213592,binary,resnet,immune
PWNCIYETDVRGAQSFLHKM,0.8198825969106169,0.8288461538461539,binary,custom,immune
PWNCIYETDVRGAQSFLHKM,0.838838133960354,0.825531914893617,binary,resnet,immune
LSEWQKFPGICTARVHNMYD,0.8159331014663138,0.8246628131021194,binary,custom,immune
LSEWQKFPGICTARVHNMYD,0.8835500963391136,0.8895292987512008,binary,resnet,immune
WYLRTMVQIKGSCFPNEAHD,0.8004351588778943,0.8206071757129715,binary,custom,immune
WYLRTMVQIKGSCFPNEAHD,0.8549361549263577,0.8557213930348259,binary,resnet,immune
CWKRMSTDGLAYQIFPHVEN,0.8030293752653408,0.8159392789373814,binary,custom,immune
CWKRMSTDGLAYQIFPHVEN,0.8527338264589661,0.8656716417910447,binary,resnet,immune
RMAFYKQTLSDNEWVGIHPC,0.8062114235328696,0.8227611940298507,binary,custom,immune
RMAFYKQTLSDNEWVGIHPC,0.8534971914699063,0.8599033816425121,binary,resnet,immune
FNIWGKPMCALHYTQSRVED,0.7998473269978119,0.8088803088803089,binary,custom,immune
FNIWGKPMCALHYTQSRVED,0.8643904509976814,0.878003696857671,binary,resnet,immune
THGSWNYREPMKLFCVDIQA,0.8215215864929297,0.8320610687022901,binary,custom,immune
THGSWNYREPMKLFCVDIQA,0.8742958263936516,0.874251497005988,binary,resnet,immune
FYNSCIHADVEQPWGMTLRK,0.8156412266091899,0.8211143695014663,binary,custom,immune
FYNSCIHADVEQPWGMTLRK,0.8605368864504752,0.8738404452690167,binary,resnet,immune
CGAMDQYNIFKPETSVWHRL,0.8311514156951112,0.8389585342333655,binary,custom,immune
CGAMDQYNIFKPETSVWHRL,0.881135495248359,0.8818272095332671,binary,resnet,immune
CPQTWLKDGMVAEYRINSHF,0.8134348159759642,0.8288119738072965,binary,custom,immune
CPQTWLKDGMVAEYRINSHF,0.8531175500473531,0.8646616541353384,binary,resnet,immune
QRTSMCFILGPVYNHWKEDA,0.8103486986055322,0.8217349857006673,binary,custom,immune
QRTSMCFILGPVYNHWKEDA,0.8723853727833839,0.8856088560885609,binary,resnet,immune
SDCVTEWAGNHFMILYRQPK,0.7966734430619509,0.8113207547169812,binary,custom,immune
SDCVTEWAGNHFMILYRQPK,0.848016883837889,0.8637200736648251,binary,resnet,immune
NEKQMTLVGRAFDIPYWSHC,0.7684473074034159,0.7791706846673095,binary,custom,immune
NEKQMTLVGRAFDIPYWSHC,0.866121289311257,0.8772258669165885,binary,resnet,immune
HIKTFYLDPAGMCVNEWSRQ,0.8175720910486268,0.8279158699808795,binary,custom,immune
HIKTFYLDPAGMCVNEWSRQ,0.8755510923875771,0.8781925343811395,binary,resnet,immune
CMEDAKVQGNHIYSLTWFPR,0.7993676725123282,0.8107074569789675,binary,custom,immune
CMEDAKVQGNHIYSLTWFPR,0.8868280755037393,0.8949858088930936,binary,resnet,immune
VYQTRNHIEAFKMLSDGPCW,0.8011985238888345,0.8133333333333334,binary,custom,immune
VYQTRNHIEAFKMLSDGPCW,0.7894704614480259,0.827054794520548,binary,resnet,immune
HNTQYKVCPWRMGEIAFDSL,0.8153615982495673,0.830999066293184,binary,custom,immune
HNTQYKVCPWRMGEIAFDSL,0.8597735214395349,0.8789237668161435,binary,resnet,immune
ITWCLYPVDQKFNEGHMASR,0.7963774860389928,0.802734375,binary,custom,immune
ITWCLYPVDQKFNEGHMASR,0.8633270467979492,0.8738229755178908,binary,resnet,immune
NEYFMLWRPKSVHQTICDAG,0.8113080075764998,0.8182701652089407,binary,custom,immune
NEYFMLWRPKSVHQTICDAG,0.872769096371771,0.8847583643122676,binary,resnet,immune
GTAFLNCPISWKEVHMYDQR,0.7935873256915189,0.8038461538461539,binary,custom,immune
GTAFLNCPISWKEVHMYDQR,0.8537931484928645,0.8664799253034547,binary,resnet,immune
IWARPCTGESDFHLQMNYVK,0.8037049737108519,0.8180961357210179,binary,custom,immune
IWARPCTGESDFHLQMNYVK,0.8463819764214102,0.8644222020018199,binary,resnet,immune
MTGFIADWYLSHCERNPKVQ,0.8275897260050292,0.8377862595419847,binary,custom,immune
MTGFIADWYLSHCERNPKVQ,0.8622677247640509,0.8730009407337723,binary,resnet,immune
WDKHALNFMRYEVGICPTQS,0.8026415695111198,0.8126801152737753,binary,custom,immune
WDKHALNFMRYEVGICPTQS,0.848788413180497,0.8652612282309807,binary,resnet,immune
PEAHVCIKTNFMSQGWDYLR,0.8038927533392116,0.8127413127413128,binary,custom,immune
PEAHVCIKTNFMSQGWDYLR,0.8744080859540838,0.8874538745387454,binary,resnet,immune
CNFLMWHQETPVGSARDYKI,0.8156453087750236,0.8256704980842912,binary,custom,immune
CNFLMWHQETPVGSARDYKI,0.8649578720485942,0.8696498054474708,binary,resnet,immune
FHSPTARKWLMYQGCINVDE,0.8091893635087032,0.8166828322017459,binary,custom,immune
FHSPTARKWLMYQGCINVDE,0.8425365762058717,0.8671943711521548,binary,resnet,immune
RNWCFAEMYKDGIQHTSVLP,0.8008148003004474,0.8147448015122873,binary,custom,immune
RNWCFAEMYKDGIQHTSVLP,0.8479005421116227,0.844354018311292,binary,resnet,immune
TWAVECDPHQIYLKFNRMGS,0.8109283661539467,0.8241965973534972,binary,custom,immune
TWAVECDPHQIYLKFNRMGS,0.8626432840207701,0.8647581441263573,binary,resnet,immune
YPLQEMNDRTFKSAVCWIHG,0.7910849580353352,0.8038095238095239,binary,custom,immune
YPLQEMNDRTFKSAVCWIHG,0.8812395904771235,0.8882521489971347,binary,resnet,immune
CGYNQLWPHMFAKVRDSEIT,0.8155493778779269,0.8260038240917782,binary,custom,immune
CGYNQLWPHMFAKVRDSEIT,0.8738161719081676,0.8754940711462451,binary,resnet,immune
LNGPTICVRAHKQSEDFYWM,0.8012944547859312,0.8129770992366412,binary,custom,immune
LNGPTICVRAHKQSEDFYWM,0.8119040037882499,0.8377896613190731,binary,resnet,immune
SIGCQPRFAVWKHYTDMENL,0.8189232879396492,0.8320754716981132,binary,custom,immune
SIGCQPRFAVWKHYTDMENL,0.86295148754123,0.8812949640287769,binary,resnet,immune
QEKPYLFACDMSIVRHWTGN,0.8092893765716339,0.820952380952381,binary,custom,immune
QEKPYLFACDMSIVRHWTGN,0.8551443453838867,0.8700460829493087,binary,resnet,immune
LRYVWNFHCGMKTSADQPIE,0.8181517585970414,0.8303317535545024,binary,custom,immune
LRYVWNFHCGMKTSADQPIE,0.8703626596126841,0.8837638376383764,binary,resnet,immune
LQMTRSKAIVGDCNWYFPEH,0.8156412266091899,0.8211143695014663,binary,custom,immune
LQMTRSKAIVGDCNWYFPEH,0.7925443323209562,0.8213333333333334,binary,resnet,immune
KTFWNHPVCDSYMEAIRLGQ,0.8073625942980308,0.8187022900763359,binary,custom,immune
KTFWNHPVCDSYMEAIRLGQ,0.8801843506090591,0.8905519176800748,binary,resnet,immune
PLKQIDMGWESNFTRHAVYC,0.79426292413703,0.8061127029608405,binary,custom,immune
PLKQIDMGWESNFTRHAVYC,0.8623514091636458,0.8617234468937875,binary,resnet,immune
GHFQRWETVYLIADNMCPKS,0.8047642957447504,0.8188679245283019,binary,custom,immune
GHFQRWETVYLIADNMCPKS,0.8580345187942915,0.8731617647058824,binary,resnet,immune
VPDQKECGTSMFYNIALHRW,0.8236402305607263,0.8336520076481836,binary,custom,immune
VPDQKECGTSMFYNIALHRW,0.8697829920642697,0.881860465116279,binary,resnet,immune
YWIFMQDKRVETNAGPSLCH,0.8112161588452369,0.8231939163498099,binary,custom,immune
YWIFMQDKRVETNAGPSLCH,0.8759348159759642,0.8772277227722772,binary,resnet,immune
CPMYKARVTFHQEDINSGWL,0.8177639528428202,0.8272552783109405,binary,custom,immune
CPMYKARVTFHQEDINSGWL,0.8657334835570359,0.8747628083491461,binary,resnet,immune
FHQVSKEYWCLRAIGTNDPM,0.7967652917932139,0.8061716489874639,binary,custom,immune
FHQVSKEYWCLRAIGTNDPM,0.8623718199928153,0.8794197642792384,binary,resnet,immune
TIHCGAVYMKQRDLWFPSEN,0.804568351784723,0.8149568552253116,binary,custom,immune
TIHCGAVYMKQRDLWFPSEN,0.8620717808040234,0.869980879541109,binary,resnet,immune
QSFCAEGWVNLIHYMRTPDK,0.8075585382580582,0.8225352112676056,binary,custom,immune
QSFCAEGWVNLIHYMRTPDK,0.8627473792495346,0.8717948717948718,binary,resnet,immune
TLCDSIQMFRGPEWNKAVHY,0.8184395512883316,0.8293612964728313,binary,custom,immune
TLCDSIQMFRGPEWNKAVHY,0.8176843506090591,0.8439716312056738,binary,resnet,immune
DRYEIHVFMASKLCGPTNWQ,0.7872313934881291,0.7992351816443595,binary,custom,immune
DRYEIHVFMASKLCGPTNWQ,0.8716056791091082,0.8775313404050145,binary,resnet,immune
YMRCDNHQGKLWVIAFESPT,0.8247954834917213,0.8341323106423778,binary,custom,immune
YMRCDNHQGKLWVIAFESPT,0.8674643218706117,0.8739172281039461,binary,resnet,immune
FPVCSGMKTRNIQDEWLHYA,0.8126592044675223,0.822627037392138,binary,custom,immune
FPVCSGMKTRNIQDEWLHYA,0.8718934718003983,0.8768186226964112,binary,resnet,immune
LIQGPCTSKERDNWAHFMYV,0.8231564939094086,0.8309178743961353,binary,custom,immune
LIQGPCTSKERDNWAHFMYV,0.8641067404722249,0.8818755635707844,binary,resnet,immune
FVNLTAMPWDYQSKCGEHIR,0.8252751379772052,0.8325266214908035,binary,custom,immune
FVNLTAMPWDYQSKCGEHIR,0.8023701054831651,0.8311229000884174,binary,resnet,immune
WATEFLQGMICDRYVNKHPS,0.8040886972992392,0.8167141500474834,binary,custom,immune
WATEFLQGMICDRYVNKHPS,0.8479005421116227,0.844354018311292,binary,resnet,immune
YNVEDCFQAMWGRKHSLITP,0.8154534469808301,0.8263358778625954,binary,custom,immune
YNVEDCFQAMWGRKHSLITP,0.8672724600764181,0.8744007670182167,binary,resnet,immune
QAFSCDVNIPKTLEYRMWHG,0.8117917442278175,0.8211538461538461,binary,custom,immune
QAFSCDVNIPKTLEYRMWHG,0.8617839881127332,0.870722433460076,binary,resnet,immune
IEQYAVKRLHSMNDFCGPTW,0.8130429280559094,0.821256038647343,binary,custom,immune
IEQYAVKRLHSMNDFCGPTW,0.8628555566441332,0.881508078994614,binary,resnet,immune
QATPWEHRKGLVFDNYCSMI,0.8121754678162048,0.8197674418604651,binary,custom,immune
QATPWEHRKGLVFDNYCSMI,0.8799884066490318,0.8878326996197718,binary,resnet,immune
AGVDLRMWFIYTSPCKHNEQ,0.8015822474772215,0.8119001919385797,binary,custom,immune
AGVDLRMWFIYTSPCKHNEQ,0.8820111198197316,0.8897338403041825,binary,resnet,immune
KWMGQSVFALIPDEHCNRTY,0.8130470102217433,0.8257575757575758,binary,custom,immune
KWMGQSVFALIPDEHCNRTY,0.8449430129649587,0.8680248007085917,binary,resnet,immune
AVYTGCRLNPFIDKEHMSQW,0.811303925410666,0.8134920634920635,binary,custom,immune
AVYTGCRLNPFIDKEHMSQW,0.8712137911890533,0.8713858424725822,binary,resnet,immune
YKNGIAQETPHSCWMVLRFD,0.8116998954965547,0.825964252116651,binary,custom,immune
YKNGIAQETPHSCWMVLRFD,0.8728609451030339,0.8812915479582146,binary,resnet,immune
DMGVYPIFQLARHTCSKWEN,0.8072625812351,0.814382896015549,binary,custom,immune
DMGVYPIFQLARHTCSKWEN,0.8876955357434442,0.8962264150943396,binary,resnet,immune
NEQVIYFMTWSLKHCPAGDR,0.8246995525946248,0.8344497607655502,binary,custom,immune
NEQVIYFMTWSLKHCPAGDR,0.8794087391006172,0.8859060402684564,binary,resnet,immune
WGTRCHIMDVLKANEYQFSP,0.8144900558440286,0.8252148997134671,binary,custom,immune
WGTRCHIMDVLKANEYQFSP,0.8660212762483265,0.8740458015267175,binary,resnet,immune
LTAEKFHVINYRQCSMDGPW,0.8067829267496162,0.8161693936477382,binary,custom,immune
LTAEKFHVINYRQCSMDGPW,0.8713056399203161,0.8673469387755102,binary,resnet,immune
TKMLVPGSNFYDCAEWQRHI,0.7986920740668169,0.8084696823869105,binary,custom,immune
TKMLVPGSNFYDCAEWQRHI,0.8683317821103165,0.8752399232245681,binary,resnet,immune
APISQTHLYEKMNRDCGWVF,0.8116876489990529,0.812,binary,custom,immune
APISQTHLYEKMNRDCGWVF,0.8209582476078507,0.8459483526268923,binary,resnet,immune
AMNVPHFSGQTCRYKIEDWL,0.8169005747689494,0.8301886792452831,binary,custom,immune
AMNVPHFSGQTCRYKIEDWL,0.875171450965024,0.8825214899713467,binary,resnet,immune
KAIMRVFTGSEDQNWYLCHP,0.8177639528428202,0.8272552783109405,binary,custom,immune
KAIMRVFTGSEDQNWYLCHP,0.8619880964044284,0.8802880288028803,binary,resnet,immune
DTMAWEGHFSVKPRQLICNY,0.7921483622350675,0.8093457943925234,binary,custom,immune
DTMAWEGHFSVKPRQLICNY,0.8473494497240455,0.8688670829616414,binary,resnet,immune
PRCNQFVGEAIWDMHKSYTL,0.8200744587048104,0.8281853281853282,binary,custom,immune
PRCNQFVGEAIWDMHKSYTL,0.8673724731393487,0.8775894538606404,binary,resnet,immune
ARNTVDMGSCKPELQHFIYW,0.8091934456745371,0.8212927756653993,binary,custom,immune
ARNTVDMGSCKPELQHFIYW,0.8639026321805297,0.8723809523809524,binary,resnet,immune
QDPCNGSAEFYIWTMLRHKV,0.8051480193331374,0.8174904942965779,binary,custom,immune
QDPCNGSAEFYIWTMLRHKV,0.8899019463766696,0.8915187376725838,binary,resnet,immune
MWRQGELDYKTNAFCIHSVP,0.7990839619868718,0.8164026095060578,binary,custom,immune
MWRQGELDYKTNAFCIHSVP,0.8387381208974233,0.8208469055374593,binary,resnet,immune
VKARPENYQDSHTWCFLGIM,0.7930076581431045,0.8011639185257032,binary,custom,immune
VKARPENYQDSHTWCFLGIM,0.841756882531596,0.8587155963302753,binary,resnet,immune
MVQEFDCPTNYLWIHKGSAR,0.8004269945462265,0.8114832535885167,binary,custom,immune
MVQEFDCPTNYLWIHKGSAR,0.8650578851115249,0.8729703915950334,binary,resnet,immune
KCVGQSIAYWLENPDRMHFT,0.8205541131902943,0.8265107212475633,binary,custom,immune
KCVGQSIAYWLENPDRMHFT,0.861400264524346,0.8716981132075472,binary,resnet,immune
GSRVLHKCMTFWINEDPAYQ,0.8142981940498352,0.8258801141769743,binary,custom,immune
GSRVLHKCMTFWINEDPAYQ,0.8612124848959863,0.8755760368663594,binary,resnet,immune
CPGITWQKYAVLNHDFSERM,0.8176680219457235,0.8275862068965517,binary,custom,immune
CPGITWQKYAVLNHDFSERM,0.8538013128245321,0.8733153638814016,binary,resnet,immune
QLSVEITCPKHWFRMYGAND,0.8174802423173639,0.8325537885874649,binary,custom,immune
QLSVEITCPKHWFRMYGAND,0.8495599425231051,0.8667883211678832,binary,resnet,immune
EWGVHTFAQIRMLSKYCDNP,0.8128510662617159,0.821944177093359,binary,custom,immune
EWGVHTFAQIRMLSKYCDNP,0.8380033310473204,0.857918552036199,binary,resnet,immune
IYSKREMFVLPTGQWNDAHC,0.810440547336795,0.8167641325536062,binary,custom,immune
IYSKREMFVLPTGQWNDAHC,0.8440755527252539,0.866785079928952,binary,resnet,immune
HANRGMKDPTWCLQFIVEYS,0.8072707455667679,0.8235294117647058,binary,custom,immune
HANRGMKDPTWCLQFIVEYS,0.8756511054505078,0.8813886210221794,binary,resnet,immune
RSADPHNVLTFGYEMCKIQW,0.8277775056333888,0.8328445747800587,binary,custom,immune
RSADPHNVLTFGYEMCKIQW,0.8669765030534599,0.8679245283018868,binary,resnet,immune
TCLDEYMIRQKPGSWVFNAH,0.8240280363149473,0.8366383380547686,binary,custom,immune
TCLDEYMIRQKPGSWVFNAH,0.8729487116684628,0.8741328047571854,binary,resnet,immune
DENGSYWAFPQMTICLRVKH,0.8184354691224976,0.8249027237354085,binary,custom,immune
DENGSYWAFPQMTICLRVKH,0.843299941216812,0.8618181818181818,binary,resnet,immune
SIFNHKTERAQMPDLYCGWV,0.8053439632931647,0.8213283442469598,binary,custom,immune
SIFNHKTERAQMPDLYCGWV,0.8550565788184579,0.8768821966341895,binary,resnet,immune
VRHECMQWILTYKNSFAPGD,0.8216134352241925,0.8273170731707317,binary,custom,immune
VRHECMQWILTYKNSFAPGD,0.875559256719245,0.8849056603773585,binary,resnet,immune
GYDRFNTMHPVQAIWLKECS,0.7841493582835309,0.7965616045845272,binary,custom,immune
GYDRFNTMHPVQAIWLKECS,0.8537727376636948,0.8467908902691511,binary,resnet,immune
PASFIQRTGEMWLVYCHKDN,0.8001310375232684,0.8027750247770069,binary,custom,immune
PASFIQRTGEMWLVYCHKDN,0.8739202671369324,0.8821292775665399,binary,resnet,immune
KLNHSPYGITWADRMCVEQF,0.8018741223343457,0.815515610217597,binary,custom,immune
KLNHSPYGITWADRMCVEQF,0.8626596126841056,0.8787602552415679,binary,resnet,immune
KPDTYQSWCHNMEALGRFIV,0.8082259723719015,0.8155339805825242,binary,custom,immune
KPDTYQSWCHNMEALGRFIV,0.8268181966624213,0.8360498561840843,binary,resnet,immune
LAGQPHFTKNRCEDIMVSWY,0.8221012540413442,0.8344370860927153,binary,custom,immune
LAGQPHFTKNRCEDIMVSWY,0.8489802749746905,0.8647654093836247,binary,resnet,immune
WMPYGSRTEAVCFNLKDHIQ,0.8036008784820874,0.8090107737512243,binary,custom,immune
WMPYGSRTEAVCFNLKDHIQ,0.8739161849710982,0.8787584869059166,binary,resnet,immune
HRISGETAKCWYNMVLFQPD,0.8204581822931976,0.8268482490272373,binary,custom,immune
HRISGETAKCWYNMVLFQPD,0.8502396231344502,0.8718861209964412,binary,resnet,immune
LSEKPHRGCMFQIWYAVNDT,0.8159331014663138,0.8246628131021194,binary,custom,immune
LSEKPHRGCMFQIWYAVNDT,0.7452708108814212,0.8016326530612244,binary,resnet,immune
CGQARSWNMDLVHPIFYKTE,0.8019700532314424,0.8151658767772512,binary,custom,immune
CGQARSWNMDLVHPIFYKTE,0.8411812971490154,0.8602540834845736,binary,resnet,immune
VRTIFYQCHGMANPWDSLKE,0.8234483687665328,0.8342857142857143,binary,custom,immune
VRTIFYQCHGMANPWDSLKE,0.8732487508572548,0.8836772983114447,binary,resnet,immune
CTLPWFRIMYKGVHSNAQED,0.8203663335619346,0.8315889628924833,binary,custom,immune
CTLPWFRIMYKGVHSNAQED,0.8592816204565494,0.8700564971751412,binary,resnet,immune
HTRFGSLWQEMANDIYVKPC,0.8130429280559094,0.821256038647343,binary,custom,immune
HTRFGSLWQEMANDIYVKPC,0.859557166650338,0.8580060422960725,binary,resnet,immune
DQLHFGSWMIVPYENKTARC,0.8067870089154501,0.8207547169811321,binary,custom,immune
DQLHFGSWMIVPYENKTARC,0.8690073805558277,0.877025738798856,binary,resnet,immune
IWTNMSKDFQYHVECALRGP,0.788002922830737,0.8011417697431018,binary,custom,immune
IWTNMSKDFQYHVECALRGP,0.8437877600339636,0.8674911660777385,binary,resnet,immune
TADYPQKLEFSNHVICMWRG,0.8163209072205349,0.8277830637488106,binary,custom,immune
TADYPQKLEFSNHVICMWRG,0.8621717938669541,0.8732394366197183,binary,resnet,immune
DIVLKASMHCNWYTREPQFG,0.8220012409784135,0.8304431599229287,binary,custom,immune
DIVLKASMHCNWYTREPQFG,0.8685154795728421,0.8674698795180723,binary,resnet,immune
DCHQGVNRLKPYISEAWFTM,0.7870395316939355,0.8,binary,custom,immune
DCHQGVNRLKPYISEAWFTM,0.8742080598282224,0.8814531548757171,binary,resnet,immune
RLPQFTDSGMNEIHCVYAKW,0.7869395186310049,0.7953443258971872,binary,custom,immune
RLPQFTDSGMNEIHCVYAKW,0.866509095065478,0.8796296296296297,binary,resnet,immune
VNSEYGFHCAWDRMPKQITL,0.8173761470885994,0.8241010689990281,binary,custom,immune
VNSEYGFHCAWDRMPKQITL,0.8594857287482447,0.8795718108831401,binary,resnet,immune
MVQWYLFDECISHPRNAKGT,0.8091934456745371,0.8212927756653993,binary,custom,immune
MVQWYLFDECISHPRNAKGT,0.8624636687240784,0.8759259259259259,binary,resnet,immune
LQATDHWEKCIYFVRPSMNG,0.7851127494203325,0.7977099236641222,binary,custom,immune
LQATDHWEKCIYFVRPSMNG,0.8533094118415467,0.8641509433962264,binary,resnet,immune
QEVYWGKNPCFHTISLRMAD,0.8142981940498352,0.8258801141769743,binary,custom,immune
QEVYWGKNPCFHTISLRMAD,0.8923165474674243,0.898854961832061,binary,resnet,immune
RSPFETGWYILAMNVDHCQK,0.7937832696515463,0.8079470198675497,binary,custom,immune
RSPFETGWYILAMNVDHCQK,0.8812436726429573,0.8913857677902621,binary,resnet,immune
MISYFTRVNCKPDEHQLGAW,0.8239321054178504,0.8369462770970783,binary,custom,immune
MISYFTRVNCKPDEHQLGAW,0.8687195878645373,0.8777251184834123,binary,resnet,immune
CWQKPRGHESTVAFNIDLYM,0.8081341236406387,0.8205128205128205,binary,custom,immune
CWQKPRGHESTVAFNIDLYM,0.7895745566767906,0.8344370860927153,binary,resnet,immune
THKRIDLAESWPGMVQYFNC,0.807266663400934,0.819047619047619,binary,custom,immune
THKRIDLAESWPGMVQYFNC,0.8469330688089872,0.8387096774193549,binary,resnet,immune
LRGCSKDYPWHIQNVMTFEA,0.8032212370595343,0.8152380952380952,binary,custom,immune
LRGCSKDYPWHIQNVMTFEA,0.8625514352895073,0.8687258687258688,binary,resnet,immune
WPACDHLGVRFKYISNMEQT,0.7896419124130498,0.8045325779036827,binary,custom,immune
WPACDHLGVRFKYISNMEQT,0.8868321576695732,0.8979591836734694,binary,resnet,immune
CTPYFHILMGADREWQKVNS,0.8097731132229516,0.823751178133836,binary,custom,immune
CTPYFHILMGADREWQKVNS,0.8576507952059045,0.8740875912408759,binary,resnet,immune
DLYQVFTHEPWKMAGSCINR,0.8198866790764509,0.8331762488218661,binary,custom,immune
DLYQVFTHEPWKMAGSCINR,0.8636189216550733,0.8765088207985144,binary,resnet,immune
PIHGEYNDQKLWCRATSFVM,0.8213256425329023,0.8283220174587779,binary,custom,immune
PIHGEYNDQKLWCRATSFVM,0.8714260638124164,0.8876811594202898,binary,resnet,immune
SERCGLDPAKIQHWFVTNYM,0.8193988602592993,0.826044703595724,binary,custom,immune
SERCGLDPAKIQHWFVTNYM,0.847249436661115,0.8656987295825771,binary,resnet,immune
MGATNYFIWKPRVDSHCELQ,0.8032253192253681,0.8197945845004668,binary,custom,immune
MGATNYFIWKPRVDSHCELQ,0.8692114888475229,0.8862815884476535,binary,resnet,immune
GQFCKRPSDEVTYMHNWLAI,0.8151656542895399,0.8273244781783681,binary,custom,immune
GQFCKRPSDEVTYMHNWLAI,0.853125714379021,0.8716094032549728,binary,resnet,immune
YVDEANTIGMQKPLRWSHFC,0.8031293883282714,0.8201304753028891,binary,custom,immune
YVDEANTIGMQKPLRWSHFC,0.862647366186604,0.8684719535783365,binary,resnet,immune
NGVCLDRESKMTFHYIPAQW,0.7985961431697202,0.808837656099904,binary,custom,immune
NGVCLDRESKMTFHYIPAQW,0.8560036412919239,0.864244741873805,binary,resnet,immune
DPRFVCMHYNLITQKSAGEW,0.7981124065184024,0.8058252427184466,binary,custom,immune
DPRFVCMHYNLITQKSAGEW,0.8731487377943242,0.8806112702960841,binary,resnet,immune
TMLKIVSRCYQNEFDGPAWH,0.8155493778779269,0.8260038240917782,binary,custom,immune
TMLKIVSRCYQNEFDGPAWH,0.8807517716599719,0.8827586206896552,binary,resnet,immune
ERHGFMWCIVDNYQTKPSLA,0.8063032722641325,0.8179218303145853,binary,custom,immune
ERHGFMWCIVDNYQTKPSLA,0.8706382058064727,0.8729064039408867,binary,resnet,immune
VALWHTQKGPIERYSDFNMC,0.8176680219457235,0.8275862068965517,binary,custom,immune
VALWHTQKGPIERYSDFNMC,0.8698789229613664,0.8816402609506058,binary,resnet,immune
WFREASTPHDVLCMINYKGQ,0.7957059697593155,0.8053949903660886,binary,custom,immune
WFREASTPHDVLCMINYKGQ,0.8615921263185397,0.8712121212121212,binary,resnet,immune
YTSKRLEQHMAWNGCVFIPD,0.8066869958525196,0.8165225744476465,binary,custom,immune
YTSKRLEQHMAWNGCVFIPD,0.8579304235655268,0.8664122137404581,binary,resnet,immune
MGRPEQKCLFNYWTVAHISD,0.800235132752033,0.8122020972354623,binary,custom,immune
MGRPEQKCLFNYWTVAHISD,0.8610002122726234,0.8577235772357723,binary,resnet,immune
TECPDVASKQRWGNLIYHMF,0.825279220143039,0.8368121442125237,binary,custom,immune
TECPDVASKQRWGNLIYHMF,0.861316580124751,0.8817777777777778,binary,resnet,immune
NQCFSHGIWRTVKMEPLYDA,0.8223890467326345,0.8334919124643198,binary,custom,immune
NQCFSHGIWRTVKMEPLYDA,0.7959304888801803,0.8386023294509152,binary,resnet,immune
VQFPGTSEAYLKDMWIHCNR,0.8165127690147285,0.8271251193887297,binary,custom,immune
VQFPGTSEAYLKDMWIHCNR,0.8665009307338102,0.8728323699421965,binary,resnet,immune
FPELMDASVQNRIYWCHGTK,0.8286449658730937,0.834307992202729,binary,custom,immune
FPELMDASVQNRIYWCHGTK,0.8714056529832468,0.8708708708708709,binary,resnet,immune
EWDVPKAGFCSYHMRQLINT,0.8242198981091408,0.8360189573459715,binary,custom,immune
EWDVPKAGFCSYHMRQLINT,0.8697829920642697,0.881860465116279,binary,resnet,immune
VEWPSMFDGTAINCYQRLHK,0.8239280232520168,0.8326923076923077,binary,custom,immune
VEWPSMFDGTAINCYQRLHK,0.8652415825740504,0.8651348651348651,binary,resnet,immune
SVMLFQPDINAEGHYKWCRT,0.8317270010776917,0.8370731707317073,binary,custom,immune
SVMLFQPDINAEGHYKWCRT,0.8625677639528428,0.8821428571428571,binary,resnet,immune
NKYGAQRHLVTDSWMEPCIF,0.8291246203585774,0.8326771653543307,binary,custom,immune
NKYGAQRHLVTDSWMEPCIF,0.8838460533620718,0.8950789229340761,binary,resnet,immune
SRGFLMDVTEKPAQYNWHIC,0.8228687012181182,0.8318924111431316,binary,custom,immune
SRGFLMDVTEKPAQYNWHIC,0.869678896835505,0.8753623188405797,binary,resnet,immune
PRSGCTANKEVWDMHYLQFI,0.8217093661212893,0.8269794721407625,binary,custom,immune
PRSGCTANKEVWDMHYLQFI,0.8709382449952647,0.8824626865671642,binary,resnet,immune
CVATSKWEPLMDRQFINHYG,0.8011025929917377,0.8136882129277566,binary,custom,immune
CVATSKWEPLMDRQFINHYG,0.8971335031514319,0.9040835707502374,binary,resnet,immune
YILVPNKFMQGSWHCARTDE,0.795805982822246,0.8098391674550615,binary,custom,immune
YILVPNKFMQGSWHCARTDE,0.8729487116684628,0.8741328047571854,binary,resnet,immune
VHGSKFAMNCTELYDIRPWQ,0.816704630808922,0.8264621284755513,binary,custom,immune
VHGSKFAMNCTELYDIRPWQ,0.86621313804252,0.8735632183908046,binary,resnet,immune
DYINFTVHCRSGMEQKALWP,0.8042805590934325,0.8160152526215443,binary,custom,immune
DYINFTVHCRSGMEQKALWP,0.873536543548545,0.8830188679245283,binary,resnet,immune
SGEQTFARLNYMKHVICPDW,0.8014863165801247,0.8122605363984674,binary,custom,immune
SGEQTFARLNYMKHVICPDW,0.8382870415727769,0.8534322820037106,binary,resnet,immune
MDCTKHAFGWELYIVRQSNP,0.8156453087750236,0.8256704980842912,binary,custom,immune
MDCTKHAFGWELYIVRQSNP,0.8565955553378402,0.8765652951699463,binary,resnet,immune
MFYPKCGTHNSIRAEWVDLQ,0.8103527807713661,0.8261682242990654,binary,custom,immune
MFYPKCGTHNSIRAEWVDLQ,0.8601409163645864,0.8641251221896383,binary,resnet,immune
KFMYENTLAWDHRPQGVSCI,0.7961856242447992,0.8035019455252919,binary,custom,immune
KFMYENTLAWDHRPQGVSCI,0.8452226413245811,0.8603145235892692,binary,resnet,immune
TSMVNDYHEIQCKFLGARWP,0.8109242839881128,0.819672131147541,binary,custom,immune
TSMVNDYHEIQCKFLGARWP,0.8591816073936187,0.8667305848513902,binary,resnet,immune
YRSDKFIPEQCHWMNTVGAL,0.8039968485679762,0.8215613382899628,binary,custom,immune
YRSDKFIPEQCHWMNTVGAL,0.7979491198850462,0.8365791701947503,binary,resnet,immune
EKWSPTFRQYDINGMHALVC,0.7968653048561445,0.8106060606060606,binary,custom,immune
EKWSPTFRQYDINGMHALVC,0.8704504261781131,0.8769230769230769,binary,resnet,immune
NHFMAESTDLGPYWQIKRVC,0.8238320923549197,0.8330134357005758,binary,custom,immune
NHFMAESTDLGPYWQIKRVC,0.8477045981515954,0.8405797101449275,binary,resnet,immune
WKTNPCLMDVYHFGERQASI,0.8251792070801085,0.8328502415458937,binary,custom,immune
WKTNPCLMDVYHFGERQASI,0.8718934718003983,0.8768186226964112,binary,resnet,immune
WPEDKSLMNVRGHFICTQAY,0.8280652983246791,0.831858407079646,binary,custom,immune
WPEDKSLMNVRGHFICTQAY,0.8691073936187583,0.8801498127340824,binary,resnet,immune
KMNQGALTPVCDFWYERSIH,0.8210419320074458,0.833648393194707,binary,custom,immune
KMNQGALTPVCDFWYERSIH,0.8796006008948108,0.8854667949951877,binary,resnet,immune
TDSPVYMEQCGFRNKWALHI,0.8265304039711309,0.8369876072449952,binary,custom,immune
TDSPVYMEQCGFRNKWALHI,0.8827744848306718,0.8847290640394089,binary,resnet,immune
CVATDHSPGKYWNQMEIRFL,0.8151656542895399,0.8273244781783681,binary,custom,immune
CVATDHSPGKYWNQMEIRFL,0.8666009437967407,0.8760643330179754,binary,resnet,immune
GMIAHPTCYEQKNDFLVWSR,0.8232524248065054,0.8305905130687319,binary,custom,immune
GMIAHPTCYEQKNDFLVWSR,0.874783645210803,0.8800773694390716,binary,resnet,immune
QWRCNGDAEHVPLYMSKIFT,0.8114039384735966,0.8179162609542356,binary,custom,immune
QWRCNGDAEHVPLYMSKIFT,0.8654497730315797,0.8788159111933395,binary,resnet,immune
HVQLMYRWFTADICKNESPG,0.8207500571503217,0.8302972195589645,binary,custom,immune
HVQLMYRWFTADICKNESPG,0.8670765161163908,0.8713450292397661,binary,resnet,immune
RGQILDNKPYAVECMFWHST,0.8039886842363084,0.8123791102514507,binary,custom,immune
RGQILDNKPYAVECMFWHST,0.8607328304105025,0.8767123287671232,binary,resnet,immune
PNMHLGSDVWKCYEARQFTI,0.8087097090232194,0.8184438040345822,binary,custom,immune
PNMHLGSDVWKCYEARQFTI,0.879888393586101,0.8848015488867377,binary,resnet,immune
DKQIHYRCMNSTLFAVWPEG,0.8250832761830117,0.8331726133076182,binary,custom,immune
DKQIHYRCMNSTLFAVWPEG,0.8622718069298848,0.8763837638376384,binary,resnet,immune
INTGQSHVPFWRMYKALDCE,0.8187273439796219,0.8283796740172579,binary,custom,immune
INTGQSHVPFWRMYKALDCE,0.865349759968649,0.8757062146892656,binary,resnet,immune
PAWHSCNGTLMDYQRVKFEI,0.8186314130825251,0.8287081339712918,binary,custom,immune
PAWHSCNGTLMDYQRVKFEI,0.8655293752653408,0.864321608040201,binary,resnet,immune
AQEGMRCYTNFISVLKDPWH,0.8150697233924431,0.8276515151515151,binary,custom,immune
AQEGMRCYTNFISVLKDPWH,0.8753673949250514,0.8853383458646616,binary,resnet,immune
GAQKTRSIYCFEMHVWPNDL,0.8297083700728258,0.8393881453154876,binary,custom,immune
GAQKTRSIYCFEMHVWPNDL,0.8590693478331862,0.8511966701352758,binary,resnet,immune
HLECNSGPVFIAMWTRKDYQ,0.8249873452859149,0.8334937439846006,binary,custom,immune
HLECNSGPVFIAMWTRKDYQ,0.8362765748995789,0.8624014022787029,binary,resnet,immune
SIAHDMLNRFKVGPQYETWC,0.8023537768198296,0.8137535816618912,binary,custom,immune
SIAHDMLNRFKVGPQYETWC,0.8692910910812841,0.87279843444227,binary,resnet,immune
AKGDWTHFIYMSERCVQNPL,0.8150697233924431,0.8276515151515151,binary,custom,immune
AKGDWTHFIYMSERCVQNPL,0.8349212958427223,0.8553345388788427,binary,resnet,immune
QSPECYGRALIWDTNKHMFV,0.8143900427810978,0.8210116731517509,binary,custom,immune
QSPECYGRALIWDTNKHMFV,0.8398382645896606,0.863716814159292,binary,resnet,immune
MHWFGARYITQLKCDEVSNP,0.7954222592338591,0.8112676056338028,binary,custom,immune
MHWFGARYITQLKCDEVSNP,0.8699789360242971,0.8846153846153846,binary,resnet,immune
IHNEQGRCYFDTKLPAVMSW,0.8073585121321969,0.8140214216163584,binary,custom,immune
IHNEQGRCYFDTKLPAVMSW,0.8526134025668659,0.8417721518987342,binary,resnet,immune
FEHVQIPGTSDLWCRKYMAN,0.8337537964142255,0.8432122370936902,binary,custom,immune
FEHVQIPGTSDLWCRKYMAN,0.866509095065478,0.8796296296296297,binary,resnet,immune
SKLAGWFMQVHERNYPDCTI,0.8173802292544331,0.8285714285714286,binary,custom,immune
SKLAGWFMQVHERNYPDCTI,0.8680439894190259,0.8759541984732825,binary,resnet,immune
GWNEVQLSIDATKYFPRMCH,0.7925280036576207,0.803073967339097,binary,custom,immune
GWNEVQLSIDATKYFPRMCH,0.8772941771986545,0.8874296435272045,binary,resnet,immune
GKISLDYVWPTEQRHNCFAM,0.8136266777701577,0.828169014084507,binary,custom,immune
GKISLDYVWPTEQRHNCFAM,0.8782494040037881,0.8819512195121951,binary,resnet,immune
LKNYAWVPTIDERGQCHFSM,0.8357724274190914,0.8409756097560975,binary,custom,immune
LKNYAWVPTIDERGQCHFSM,0.8588774860389927,0.8518134715025907,binary,resnet,immune
AENPVFCHQSIWKTGRYDML,0.8016781783743182,0.8115384615384615,binary,custom,immune
AENPVFCHQSIWKTGRYDML,0.8615798798210379,0.8600201409869084,binary,resnet,immune
YLFMSEQGVICAHDKRNWTP,0.8087097090232194,0.8184438040345822,binary,custom,immune
YLFMSEQGVICAHDKRNWTP,0.8764226347931159,0.8829174664107485,binary,resnet,immune
YKWQSFACMNPIERGHTDVL,0.7974368080728911,0.8035190615835777,binary,custom,immune
YKWQSFACMNPIERGHTDVL,0.8402219881780478,0.8627450980392157,binary,resnet,immune
GVYQFWDALMSEIKNRPTHC,0.8113120897423337,0.8228571428571428,binary,custom,immune
GVYQFWDALMSEIKNRPTHC,0.8365643675908689,0.8616740088105727,binary,resnet,immune
EVCTGWDLYQFIRKHMNSPA,0.79628563730773,0.8080229226361032,binary,custom,immune
EVCTGWDLYQFIRKHMNSPA,0.8655375395970086,0.8717454194792671,binary,resnet,immune
KYNGDHIFESLQPWTCARVM,0.7959937624506057,0.8042635658914729,binary,custom,immune
KYNGDHIFESLQPWTCARVM,0.8761389242676594,0.8868101028999065,binary,resnet,immune
KPQHLCSGNTAERDYVMIWF,0.8062114235328696,0.8227611940298507,binary,custom,immune
KPQHLCSGNTAERDYVMIWF,0.8741039645994579,0.8747514910536779,binary,resnet,immune
SFKDEMPYCNHVTILGWRAQ,0.8047642957447504,0.8188679245283019,binary,custom,immune
SFKDEMPYCNHVTILGWRAQ,0.8592734561248816,0.8627450980392157,binary,resnet,immune
ILQYNMPVWTSCHEDRKAFG,0.8238361745207538,0.8372530573847601,binary,custom,immune
ILQYNMPVWTSCHEDRKAFG,0.8700667025897262,0.8778625954198473,binary,resnet,immune
NTWKVIPHAFLQCSYGEMDR,0.8177639528428202,0.8272552783109405,binary,custom,immune
NTWKVIPHAFLQCSYGEMDR,0.8764226347931159,0.8829174664107485,binary,resnet,immune
IRQFYTLWCGDVKMENASHP,0.8286490480389274,0.8385864374403056,binary,custom,immune
IRQFYTLWCGDVKMENASHP,0.8496640377518696,0.8732394366197183,binary,resnet,immune
MWASERKLNPYQFCVGTHID,0.7964774991019236,0.8072866730584851,binary,custom,immune
MWASERKLNPYQFCVGTHID,0.8819151889226349,0.889943074003795,binary,resnet,immune
RKDNYQVASGWELCMFIHTP,0.7930117403089384,0.8060836501901141,binary,custom,immune
RKDNYQVASGWELCMFIHTP,0.8654334443682441,0.8645937813440321,binary,resnet,immune
HCSGLPWTFEADRNKVMIQY,0.8114080206394305,0.8225190839694656,binary,custom,immune
HCSGLPWTFEADRNKVMIQY,0.8491680546030502,0.8606403013182674,binary,resnet,immune
NTDWMYICSFLRKAGVQPEH,0.8163168250547008,0.8233009708737864,binary,custom,immune
NTDWMYICSFLRKAGVQPEH,0.863414813363378,0.8664047151277013,binary,resnet,immune
GRYPVQHFLDMKAIEWNSCT,0.7905052904869208,0.8011527377521613,binary,custom,immune
GRYPVQHFLDMKAIEWNSCT,0.8764185526272819,0.8795298726738492,binary,resnet,immune
SPKDCEMNGAWTYHRQLFVI,0.7992635772835636,0.8011928429423459,binary,custom,immune
SPKDCEMNGAWTYHRQLFVI,0.8251036870121811,0.8528896672504378,binary,resnet,immune
LSCKMVPFQDHNGYTWRIAE,0.8110202148852095,0.8193236714975846,binary,custom,immune
LSCKMVPFQDHNGYTWRIAE,0.8670846804480585,0.8782771535580525,binary,resnet,immune
NDYWSLTARKQFVEMHCIGP,0.8184354691224976,0.8249027237354085,binary,custom,immune
NDYWSLTARKQFVEMHCIGP,0.8608205969759316,0.8696479543292103,binary,resnet,immune
ESQNLGYPWDMKATIVFHRC,0.8032212370595343,0.8152380952380952,binary,custom,immune
ESQNLGYPWDMKATIVFHRC,0.7300565788184579,0.7939053728949479,binary,resnet,immune
NYRALKCFETHQDIPMGVWS,0.8192069984651057,0.8267182962245886,binary,custom,immune
NYRALKCFETHQDIPMGVWS,0.8715097482120114,0.87776708373436,binary,resnet,immune
CTDLNIEQFYSAMRKWPVHG,0.8197866660135201,0.8291746641074856,binary,custom,immune
CTDLNIEQFYSAMRKWPVHG,0.8062236700303712,0.8352422907488987,binary,resnet,immune
LGSPCNARTVYEKMIWHDFQ,0.8094771561999935,0.8156097560975609,binary,custom,immune
LGSPCNARTVYEKMIWHDFQ,0.8623595734953138,0.8692307692307693,binary,resnet,immune
FCVSELNTHIYARPWMQKDG,0.804860226641847,0.8185255198487713,binary,custom,immune
FCVSELNTHIYARPWMQKDG,0.8629392410437281,0.871306005719733,binary,resnet,immune
QCEIGHPVMWFRLYSKTNAD,0.8193988602592993,0.826044703595724,binary,custom,immune
QCEIGHPVMWFRLYSKTNAD,0.8224972241272329,0.8453237410071942,binary,resnet,immune
KGLTWCFRMPHQANSEYVID,0.8247036347604585,0.8386491557223265,binary,custom,immune
KGLTWCFRMPHQANSEYVID,0.8540850233499885,0.8692449355432781,binary,resnet,immune
NWLFACVDETQKRHYPISGM,0.8079422618464452,0.8211920529801324,binary,custom,immune
NWLFACVDETQKRHYPISGM,0.8773819437640834,0.8806262230919765,binary,resnet,immune
PQVDSGKTHLNYWRACEMFI,0.8273019333137388,0.8387096774193549,binary,custom,immune
PQVDSGKTHLNYWRACEMFI,0.8598490415074621,0.8611111111111112,binary,resnet,immune
EKPVDMISTNGAWYHQFCLR,0.805335798961497,0.8120740019474196,binary,custom,immune
EKPVDMISTNGAWYHQFCLR,0.8180721563632801,0.8466257668711656,binary,resnet,immune
YGFEKQNHMLWRCPDIATVS,0.811983606022011,0.8204633204633205,binary,custom,immune
YGFEKQNHMLWRCPDIATVS,0.8743080728911531,0.8845070422535212,binary,resnet,immune
PYTSEQRWGKHFLNVMIACD,0.7995595343065216,0.8099808061420346,binary,custom,immune
PYTSEQRWGKHFLNVMIACD,0.8652415825740504,0.8651348651348651,binary,resnet,immune
IEKGMRSYDACVNHPQTFWL,0.8097649488912837,0.8145240431795878,binary,custom,immune
IEKGMRSYDACVNHPQTFWL,0.8747795630449692,0.876604146100691,binary,resnet,immune
GPQLDTWRNCMAIFHSKVYE,0.8133307207471996,0.8202137998056366,binary,custom,immune
GPQLDTWRNCMAIFHSKVYE,0.8528338395218966,0.8689275893675527,binary,resnet,immune
TEILKSNFCYVGAPHWQDRM,0.8063032722641325,0.8179218303145853,binary,custom,immune
TEILKSNFCYVGAPHWQDRM,0.8781616374383594,0.8886810102899907,binary,resnet,immune
GHCFDMKQNWPETYILSRAV,0.8226768394239247,0.8325358851674641,binary,custom,immune
GHCFDMKQNWPETYILSRAV,0.8706422879723066,0.8764478764478765,binary,resnet,immune
QYFPMVDKCESRGITLHAWN,0.8116958133307207,0.8214971209213052,binary,custom,immune
QYFPMVDKCESRGITLHAWN,0.8243321576695732,0.851363236587511,binary,resnet,immune
LFGTPEYMIQKRDSHVANWC,0.8206500440873911,0.826171875,binary,custom,immune
LFGTPEYMIQKRDSHVANWC,0.7477772607034388,0.8058252427184466,binary,resnet,immune
KEQFDNSLCHRWAPGMYTIV,0.8276815747362921,0.833170731707317,binary,custom,immune
KEQFDNSLCHRWAPGMYTIV,0.864657832859802,0.858908341915551,binary,resnet,immune
LPVYHSDKCAGINMWRQETF,0.8002269684203651,0.8023833167825224,binary,custom,immune
LPVYHSDKCAGINMWRQETF,0.859769439273701,0.8756855575868373,binary,resnet,immune
ITHVQLPSDNFAYRGEMWCK,0.8238361745207538,0.8372530573847601,binary,custom,immune
ITHVQLPSDNFAYRGEMWCK,0.8678398811273309,0.865520728008089,binary,resnet,immune
RYDFIWHQNTKMCVALGPSE,0.8074585251951276,0.8183556405353728,binary,custom,immune
RYDFIWHQNTKMCVALGPSE,0.86852364390451,0.8747591522157996,binary,resnet,immune
QWFMPTKGLDRYSEIANVCH,0.8192110806309396,0.8311195445920304,binary,custom,immune
QWFMPTKGLDRYSEIANVCH,0.8664090820025473,0.8765315739868049,binary,resnet,immune
FWQMAKGSIEPTYRVLCHND,0.8000432709578393,0.8129154795821463,binary,custom,immune
FWQMAKGSIEPTYRVLCHND,0.8667968877567681,0.8789571694599627,binary,resnet,immune
GCNDYIFMARWHQKTLESVP,0.8016781783743182,0.8115384615384615,binary,custom,immune
GCNDYIFMARWHQKTLESVP,0.8697748277326018,0.8751210067763795,binary,resnet,immune
WYPKQEIDFTRNSGAMVHCL,0.7840534273864341,0.7969494756911344,binary,custom,immune
WYPKQEIDFTRNSGAMVHCL,0.8615839619868718,0.863905325443787,binary,resnet,immune
NLWQHASRECYGMPDIKFVT,0.7903134286927274,0.8019138755980861,binary,custom,immune
NLWQHASRECYGMPDIKFVT,0.8596490153816009,0.8536082474226804,binary,resnet,immune
ISLFPMCDGYQEWKHNRTVA,0.8033171679566312,0.8148854961832062,binary,custom,immune
ISLFPMCDGYQEWKHNRTVA,0.874012115868195,0.8785228377065112,binary,resnet,immune
HKGSFQTLWEAIVPYRCMDN,0.7924320727605239,0.8034515819750719,binary,custom,immune
HKGSFQTLWEAIVPYRCMDN,0.8670846804480585,0.8782771535580525,binary,resnet,immune
WEAHQNDVYICPTGFMKLRS,0.7894541327846902,0.8099630996309963,binary,custom,immune
WEAHQNDVYICPTGFMKLRS,0.8751673687991901,0.8791423001949318,binary,resnet,immune
PMSWNHKLTQECVFRIAGDY,0.8087137911890532,0.8229755178907722,binary,custom,immune
PMSWNHKLTQECVFRIAGDY,0.8529338525848276,0.872072072072072,binary,resnet,immune
GTQWHASDCIPYKMLFNRVE,0.8062032592012017,0.8135922330097087,binary,custom,immune
GTQWHASDCIPYKMLFNRVE,0.8617717416152314,0.8594539939332659,binary,resnet,immune
PLATKFVIDWHNCYMGERSQ,0.794358855034127,0.8057416267942584,binary,custom,immune
PLATKFVIDWHNCYMGERSQ,0.7808387217922341,0.7392815758980301,binary,resnet,immune
EFDAGHLPSIMCNVQRKYWT,0.8159331014663138,0.8246628131021194,binary,custom,immune
EFDAGHLPSIMCNVQRKYWT,0.8509070572482935,0.8668503213957759,binary,resnet,immune
SNEQIVRMDPGTLFHCYKWA,0.7975368211358218,0.8080614203454894,binary,custom,immune
SNEQIVRMDPGTLFHCYKWA,0.8600449854674896,0.864390243902439,binary,resnet,immune
MYPFHGDQSARTVEKLWINC,0.7935873256915189,0.8038461538461539,binary,custom,immune
MYPFHGDQSARTVEKLWINC,0.8690114627216616,0.8803738317757009,binary,resnet,immune
ERNIQLKYMVTHWADSCGFP,0.8027375004082165,0.8123195380173244,binary,custom,immune
ERNIQLKYMVTHWADSCGFP,0.8578304105025963,0.8629737609329446,binary,resnet,immune
NQLMWRSPVDFIGEHKATYC,0.8019700532314424,0.8151658767772512,binary,custom,immune
NQLMWRSPVDFIGEHKATYC,0.8225013062930668,0.8490732568402471,binary,resnet,immune
APFLTMSHEGRWKDYNVIQC,0.8270100584566149,0.8354186717998076,binary,custom,immune
APFLTMSHEGRWKDYNVIQC,0.858230462754319,0.8760180995475113,binary,resnet,immune
DQSLIFNMCAWRPGKEYVHT,0.8230605630123117,0.8312439729990356,binary,custom,immune
DQSLIFNMCAWRPGKEYVHT,0.8807558538258058,0.8861003861003861,binary,resnet,immune
HSIWRCFEAMTDLGKQNPYV,0.7904093595898238,0.8015340364333653,binary,custom,immune
HSIWRCFEAMTDLGKQNPYV,0.866505012899644,0.8762983947119924,binary,resnet,immune
PENCMYKVAGIHQLFDRTSW,0.8022578459227329,0.8141086749285034,binary,custom,immune
PENCMYKVAGIHQLFDRTSW,0.8642986022664184,0.881447963800905,binary,resnet,immune
YQDSVHNIALGPCKFEMTWR,0.8169965056660461,0.8298676748582231,binary,custom,immune
YQDSVHNIALGPCKFEMTWR,0.724859981711897,0.7946498819826908,binary,resnet,immune
ESDFKTGWVHMNCRYPLQIA,0.8184354691224976,0.8249027237354085,binary,custom,immune
ESDFKTGWVHMNCRYPLQIA,0.8797046961235753,0.891566265060241,binary,resnet,immune
RLPSFKYIDQWVHECTGNAM,0.8069788707096438,0.8200757575757576,binary,custom,immune
RLPSFKYIDQWVHECTGNAM,0.8649537898827602,0.8659384309831182,binary,resnet,immune
ALNVKQDCTMESWHFPIYRG,0.7921442800692334,0.8045757864632984,binary,custom,immune
ALNVKQDCTMESWHFPIYRG,0.8778656804154013,0.882865440464666,binary,resnet,immune
CTMDVEFPQNAIWKYGLSRH,0.8159371836321478,0.8290840415486308,binary,custom,immune
CTMDVEFPQNAIWKYGLSRH,0.8727568498742693,0.8746298124383021,binary,resnet,immune
LGENKSQHYIFCAWDVMTRP,0.8043683256588615,0.8059701492537313,binary,custom,immune
LGENKSQHYIFCAWDVMTRP,0.8582059697593155,0.8539325842696629,binary,resnet,immune
QIRNMTHKLDAPWVEGFYCS,0.8154493648149962,0.8218111002921129,binary,custom,immune
QIRNMTHKLDAPWVEGFYCS,0.8430754220959473,0.8290598290598291,binary,resnet,immune
KMVATSYDCFILHRWPGQEN,0.7893500375559257,0.8007662835249042,binary,custom,immune
KMVATSYDCFILHRWPGQEN,0.8603409424904478,0.8708765315739868,binary,resnet,immune
LAFRTDVYCNPHSIMWKGEQ,0.8019741353972764,0.8197026022304833,binary,custom,immune
LAFRTDVYCNPHSIMWKGEQ,0.8661253714770909,0.8805147058823529,binary,resnet,immune
CLFEHKGPTRDYNWIQSMVA,0.8188191927108847,0.8235294117647058,binary,custom,immune
CLFEHKGPTRDYNWIQSMVA,0.8638107834492669,0.8760484622553588,binary,resnet,immune
YFPTMQCWDALVHIRGKNES,0.7927239476176481,0.8071833648393195,binary,custom,immune
YFPTMQCWDALVHIRGKNES,0.8742999085594854,0.8778103616813294,binary,resnet,immune
INGHSCWFPLDRKAQYMTEV,0.833561934620032,0.8438095238095238,binary,custom,immune
INGHSCWFPLDRKAQYMTEV,0.8798965579177688,0.8911627906976745,binary,resnet,immune
APLDKHQIREVGCTYMSWNF,0.8317310832435256,0.8413001912045889,binary,custom,immune
APLDKHQIREVGCTYMSWNF,0.8747918095424709,0.8866171003717472,binary,resnet,immune
IANWVKERSYHQDMCGFPTL,0.7964774991019236,0.8072866730584851,binary,custom,immune
IANWVKERSYHQDMCGFPTL,0.8484965383233729,0.862453531598513,binary,resnet,immune
IHVCGWSQNAMREDFYPTKL,0.826526321805297,0.8326848249027238,binary,custom,immune
IHVCGWSQNAMREDFYPTKL,0.8639944809117925,0.8685491723466408,binary,resnet,immune
CISLPWYDRGAQFMVETHKN,0.822193102772607,0.8297872340425532,binary,custom,immune
CISLPWYDRGAQFMVETHKN,0.8145063845073642,0.8417329796640142,binary,resnet,immune
AFNQSTMYCEWHRDGLVIKP,0.7929076450801738,0.7964426877470355,binary,custom,immune
AFNQSTMYCEWHRDGLVIKP,0.8710341758923614,0.8822429906542056,binary,resnet,immune
HTWLEINVARSDGPCKFYQM,0.8224849776297312,0.8331744518589133,binary,custom,immune
HTWLEINVARSDGPCKFYQM,0.8715138303778452,0.8811320754716981,binary,resnet,immune
WDYIKNMAQVFESRCTPLHG,0.8238320923549197,0.8330134357005758,binary,custom,immune
WDYIKNMAQVFESRCTPLHG,0.8744999346853466,0.884071630537229,binary,resnet,immune
VICWFTAYNLPRMGDEKQSH,0.7998514091636458,0.8136234626300851,binary,custom,immune
VICWFTAYNLPRMGDEKQSH,0.8508784820874564,0.8386411889596603,binary,resnet,immune
THFPARWLDNSIVMYCEKGQ,0.8211337807387087,0.8289855072463768,binary,custom,immune
THFPARWLDNSIVMYCEKGQ,0.8642904379347506,0.8748824082784572,binary,resnet,immune
YRMSVKGHAPFTIEWNQLCD,0.8219012279154828,0.8263002944062807,binary,custom,immune
YRMSVKGHAPFTIEWNQLCD,0.8501355279056856,0.8653136531365314,binary,resnet,immune
FDHQVNYIWMAKTSCLGRPE,0.82180937918422,0.8310940499040307,binary,custom,immune
FDHQVNYIWMAKTSCLGRPE,0.8857687534698411,0.8941398865784499,binary,resnet,immune
NFWDHQSVGPTEIYCKALMR,0.8173761470885994,0.8241010689990281,binary,custom,immune
NFWDHQSVGPTEIYCKALMR,0.8509989059795564,0.8630393996247655,binary,resnet,immune
TIRAQESDNMVFPWKHYCLG,0.8203663335619346,0.8315889628924833,binary,custom,immune
TIRAQESDNMVFPWKHYCLG,0.8761348421018255,0.8835877862595419,binary,resnet,immune
FALQKEVMCGRSHIPYWNTD,0.802161915025636,0.8144624167459562,binary,custom,immune
FALQKEVMCGRSHIPYWNTD,0.8387789425557625,0.8629531388152077,binary,resnet,immune
APTFHEWCVDKLIMRNSYGQ,0.8191151497338427,0.8314393939393939,binary,custom,immune
APTFHEWCVDKLIMRNSYGQ,0.8297287809019953,0.8583840139009556,binary,resnet,immune
QITRLYKGCPVDHMNFSAEW,0.8168964926031154,0.8257940327237728,binary,custom,immune
QITRLYKGCPVDHMNFSAEW,0.8729568760001306,0.8810656517602283,binary,resnet,immune
VMNDKQFPTIAWLRECHSGY,0.8118876751249142,0.8208092485549133,binary,custom,immune
VMNDKQFPTIAWLRECHSGY,0.8514744782992064,0.8579710144927536,binary,resnet,immune
AIEQWTSVFNMGHKDPLCYR,0.791180888932432,0.8034351145038168,binary,custom,immune
AIEQWTSVFNMGHKDPLCYR,0.8386830116586655,0.8631950573698146,binary,resnet,immune
KWHFDCNRPEYLMIGTQSAV,0.7947466607883478,0.8090737240075614,binary,custom,immune
KWHFDCNRPEYLMIGTQSAV,0.8571711407204207,0.8752260397830018,binary,resnet,immune
LMWKPQHTNEFGSVACYIDR,0.7945507168283205,0.8049951969260326,binary,custom,immune
LMWKPQHTNEFGSVACYIDR,0.8554076450801738,0.8457502623294858,binary,resnet,immune
NDPGYITWQKHRLVCMSFAE,0.8357765095849253,0.8451242829827916,binary,custom,immune
NDPGYITWQKHRLVCMSFAE,0.7651101368341988,0.8151815181518152,binary,resnet,immune
AQMNHVFYTWCKGPLDIRSE,0.8286449658730937,0.834307992202729,binary,custom,immune
AQMNHVFYTWCKGPLDIRSE,0.8700667025897262,0.8778625954198473,binary,resnet,immune
SHYCFNLKETVWQADPIMRG,0.8246036216975278,0.8347659980897804,binary,custom,immune
SHYCFNLKETVWQADPIMRG,0.8690951471212566,0.8696517412935323,binary,resnet,immune
IALSNPFGDWEKQHVYMTCR,0.8033171679566312,0.8148854961832062,binary,custom,immune
IALSNPFGDWEKQHVYMTCR,0.8619840142385944,0.8770642201834863,binary,resnet,immune
HPQTAEWGISYFRVLKDNCM,0.800235132752033,0.8122020972354623,binary,custom,immune
HPQTAEWGISYFRVLKDNCM,0.8712178733548871,0.875,binary,resnet,immune
SMAPIGVQDWLNFTREHKCY,0.7994676855752587,0.8150234741784037,binary,custom,immune
SMAPIGVQDWLNFTREHKCY,0.8566874040691029,0.8730593607305936,binary,resnet,immune
SLCNEYTQWRMKHPAIDFGV,0.8166086999118252,0.8267942583732057,binary,custom,immune
SLCNEYTQWRMKHPAIDFGV,0.8829704287906992,0.8875968992248062,binary,resnet,immune
LSPFNRTVKHIWAMYDEQCG,0.7958019006564123,0.805019305019305,binary,custom,immune
LSPFNRTVKHIWAMYDEQCG,0.8769982201756964,0.8815533980582524,binary,resnet,immune
TGRCPQMYDWIALVSKEFHN,0.801774109271415,0.8111753371868978,binary,custom,immune
TGRCPQMYDWIALVSKEFHN,0.84733312106071,0.8543876567020251,binary,resnet,immune
FQGYMLTHEWKRISADCNVP,0.8016822605401522,0.8162111215834119,binary,custom,immune
FQGYMLTHEWKRISADCNVP,0.8146063975702951,0.8452173913043478,binary,resnet,immune
ANHRQMVDYPFWIKGLCETS,0.7854005421116227,0.7965451055662188,binary,custom,immune
ANHRQMVDYPFWIKGLCETS,0.8756551876163418,0.8846880907372401,binary,resnet,immune
ACWIPMLEYNSFRKDQHTGV,0.8127510531987852,0.8176470588235294,binary,custom,immune
ACWIPMLEYNSFRKDQHTGV,0.8792087129747559,0.8796019900497513,binary,resnet,immune
HDIWGVEFANYSKLQPCTRM,0.825371068874302,0.8322017458777885,binary,custom,immune
HDIWGVEFANYSKLQPCTRM,0.8572589072858495,0.8681732580037664,binary,resnet,immune
YGHKWRTEDLNMFQSAVICP,0.8149737924953464,0.8279773156899811,binary,custom,immune
YGHKWRTEDLNMFQSAVICP,0.8889467195715359,0.8966824644549763,binary,resnet,immune
MQILHFCDVNKYREGPSTWA,0.822197184938441,0.8341232227488151,binary,custom,immune
MQILHFCDVNKYREGPSTWA,0.7823429999020282,0.8212147134302823,binary,resnet,immune
CVQRPFHLDTNIGMKAEWYS,0.8007147872375168,0.8103946102021174,binary,custom,immune
CVQRPFHLDTNIGMKAEWYS,0.876722673981908,0.89171974522293,binary,resnet,immune
WEFCNPLDVAQGKMHRYIST,0.8032212370595343,0.8152380952380952,binary,custom,immune
WEFCNPLDVAQGKMHRYIST,0.8980009633911368,0.9053030303030303,binary,resnet,immune
VWSMIPNFLTHYAKCDGQRE,0.8052398680644003,0.8124392614188533,binary,custom,immune
VWSMIPNFLTHYAKCDGQRE,0.7784975996864896,0.8251864125932062,binary,resnet,immune
NQWMYVTHSELADCGKRIFP,0.8010066620946408,0.8140417457305503,binary,custom,immune
NQWMYVTHSELADCGKRIFP,0.8404138499722413,0.8622540250447227,binary,resnet,immune
KDTRAEHNGFVLPSYWIMCQ,0.7879029097678063,0.7965116279069767,binary,custom,immune
KDTRAEHNGFVLPSYWIMCQ,0.8722731132229516,0.872255489021956,binary,resnet,immune
YDKILPFCNMWHTSARQEGV,0.7999473400607426,0.8132701421800947,binary,custom,immune
YDKILPFCNMWHTSARQEGV,0.8284735149080695,0.8546255506607929,binary,resnet,immune
ITSVACKWGPDYFQEHLMRN,0.8229687142810489,0.8358490566037736,binary,custom,immune
ITSVACKWGPDYFQEHLMRN,0.8695870481042421,0.8790170132325141,binary,resnet,immune
HNMPCVTKAEGDLYSFWQRI,0.792340224029261,0.8086303939962477,binary,custom,immune
HNMPCVTKAEGDLYSFWQRI,0.8492558211684792,0.8526522593320236,binary,resnet,immune
WIVGSMCRYKEFLTQHNADP,0.8066829136866857,0.8117647058823529,binary,custom,immune
WIVGSMCRYKEFLTQHNADP,0.8755470102217433,0.8746238716148446,binary,resnet,immune
LHVFRKAPDCITEGYWNMSQ,0.8057276868815518,0.8199811498586239,binary,custom,immune
LHVFRKAPDCITEGYWNMSQ,0.8594816465824108,0.8763636363636363,binary,resnet,immune
YSDGELQMWPVTRNKIFHAC,0.8034130988537278,0.8145315487571702,binary,custom,immune
YSDGELQMWPVTRNKIFHAC,0.8597653571078672,0.8723205964585274,binary,resnet,immune
NRGFKSHVDILQEWMTAPCY,0.811599882433624,0.8218390804597702,binary,custom,immune
NRGFKSHVDILQEWMTAPCY,0.8769022892785996,0.8817829457364341,binary,resnet,immune
TLAMSGQFECVWKHDPRIYN,0.816704630808922,0.8264621284755513,binary,custom,immune
TLAMSGQFECVWKHDPRIYN,0.8762389373305901,0.8897058823529411,binary,resnet,immune
VRSNHTWYEMFKPIADQLGC,0.8301921067241436,0.8420056764427626,binary,custom,immune
VRSNHTWYEMFKPIADQLGC,0.869295173247118,0.8763183125599233,binary,resnet,immune
ANEHCPLFKIVWQDMTGYSR,0.8203663335619346,0.8315889628924833,binary,custom,immune
ANEHCPLFKIVWQDMTGYSR,0.852054145847621,0.8601532567049809,binary,resnet,immune
IKTAMNGPLQSVYWHEDFCR,0.8052439502302341,0.8171428571428572,binary,custom,immune
IKTAMNGPLQSVYWHEDFCR,0.8765185656902126,0.8826923076923077,binary,resnet,immune
GTCWLNDVSQMREIHPFAKY,0.8229646321152151,0.8315688161693936,binary,custom,immune
GTCWLNDVSQMREIHPFAKY,0.8262589399431762,0.8533801580333626,binary,resnet,immune
RNVGFWCYTAMSQDLIHEPK,0.7973490415074622,0.8134957825679475,binary,custom,immune
RNVGFWCYTAMSQDLIHEPK,0.8632351980666864,0.8774193548387097,binary,resnet,immune
LAQHFISCGMNKTRWEPVYD,0.8160331145292448,0.8287606433301797,binary,custom,immune
LAQHFISCGMNKTRWEPVYD,0.7962101172398028,0.830155979202773,binary,resnet,immune
KRPIVTSELYFWGNMCQHDA,0.8121836321478724,0.8286778398510242,binary,custom,immune
KRPIVTSELYFWGNMCQHDA,0.8453226543875119,0.8636363636363636,binary,resnet,immune
FDCAYESNTHKGPRWMQLVI,0.8153534339178994,0.8221574344023324,binary,custom,immune
FDCAYESNTHKGPRWMQLVI,0.8793168903693542,0.8893058161350844,binary,resnet,immune
FCMYWIVSQLPKTGDEHRAN,0.7879069919336402,0.8015194681861348,binary,custom,immune
FCMYWIVSQLPKTGDEHRAN,0.8093138695666373,0.8452380952380952,binary,resnet,immune
PYQRIFACGVSHNLTKEDWM,0.8090015838803436,0.821969696969697,binary,custom,immune
PYQRIFACGVSHNLTKEDWM,0.8166331929068286,0.8505550811272417,binary,resnet,immune
RTGKDSEYWFIMAVQNLCPH,0.8250832761830117,0.8331726133076182,binary,custom,immune
RTGKDSEYWFIMAVQNLCPH,0.824336239835407,0.8549222797927462,binary,resnet,immune
QCSLWFGRVPDNYMKAETHI,0.8143900427810978,0.8210116731517509,binary,custom,immune
QCSLWFGRVPDNYMKAETHI,0.864102658306391,0.8786764705882353,binary,resnet,immune
ENGQRDLSFMATHCVYIPWK,0.8184395512883316,0.8293612964728313,binary,custom,immune
ENGQRDLSFMATHCVYIPWK,0.8652415825740504,0.8651348651348651,binary,resnet,immune
KQLYIRGFAWNTCMDPHESV,0.8065910649554228,0.8168744007670182,binary,custom,immune
KQLYIRGFAWNTCMDPHESV,0.8777697495183044,0.8830917874396135,binary,resnet,immune
PQEVDKANLRCGFSIWTHYM,0.8232565069723392,0.8349146110056926,binary,custom,immune
PQEVDKANLRCGFSIWTHYM,0.8544687469383756,0.8682745825602969,binary,resnet,immune
SLIHQMPCNVDAETKYWFGR,0.8106364912968225,0.8207094918504314,binary,custom,immune
SLIHQMPCNVDAETKYWFGR,0.8676521014989713,0.8698224852071006,binary,resnet,immune
SMTCWDRYQFVIHKGNEAPL,0.7948466738512786,0.8133704735376045,binary,custom,immune
SMTCWDRYQFVIHKGNEAPL,0.8582182162568173,0.8656429942418427,binary,resnet,immune
FISGWDKQPNTYCHVMAERL,0.7975409033016557,0.812793979303857,binary,custom,immune
FISGWDKQPNTYCHVMAERL,0.8494640116260084,0.8670309653916212,binary,resnet,immune
STMYVWGIKACENFRLHQDP,0.810060905914242,0.8227488151658767,binary,custom,immune
STMYVWGIKACENFRLHQDP,0.784749436661115,0.8217054263565892,binary,resnet,immune
MRPQITNGKHCLVWYADEFS,0.8035090297508247,0.814176245210728,binary,custom,immune
MRPQITNGKHCLVWYADEFS,0.8670765161163908,0.8713450292397661,binary,resnet,immune
GCSLQHPMTFWDRYKVAINE,0.8179598968028476,0.8309726156751652,binary,custom,immune
GCSLQHPMTFWDRYKVAINE,0.883837889030404,0.8888888888888888,binary,resnet,immune
EFWMPINRYQKHCSVGTDAL,0.814685999804056,0.8289473684210527,binary,custom,immune
EFWMPINRYQKHCSVGTDAL,0.8757470363476045,0.881159420289855,binary,resnet,immune
GDNMYKVLSERQFCTAIHPW,0.821037849841612,0.8293153326904532,binary,custom,immune
GDNMYKVLSERQFCTAIHPW,0.885764671304007,0.8910318225650916,binary,resnet,immune
HRQNLDAVMWKFGIPETSCY,0.8196907351164234,0.8295019157088123,binary,custom,immune
HRQNLDAVMWKFGIPETSCY,0.8745040168511806,0.8872458410351202,binary,resnet,immune
TKPWALIFREQDSMCHNYGV,0.807650386989321,0.817658349328215,binary,custom,immune
TKPWALIFREQDSMCHNYGV,0.873536543548545,0.8830188679245283,binary,resnet,immune
SCPVGAIFERHMTKDYWQNL,0.8203581692302668,0.8225966303270565,binary,custom,immune
SCPVGAIFERHMTKDYWQNL,0.8592857026223834,0.8734995383194829,binary,resnet,immune
KCAGEMWNDPTILRFYQHSV,0.7940710623428365,0.8068506184586108,binary,custom,immune
KCAGEMWNDPTILRFYQHSV,0.8618880833414976,0.8772893772893773,binary,resnet,immune
QGIPCSRANWEKVMFHYDTL,0.8151656542895399,0.8273244781783681,binary,custom,immune
QGIPCSRANWEKVMFHYDTL,0.872085333594592,0.8763388510223953,binary,resnet,immune
FHGYEIPAKLWVTSCQRNMD,0.8161249632605074,0.8239845261121856,binary,custom,immune
FHGYEIPAKLWVTSCQRNMD,0.8716015969432742,0.8740157480314961,binary,resnet,immune
YWLRTPEFNSHVDCGQMIKA,0.8275815616733614,0.8290258449304175,binary,custom,immune
YWLRTPEFNSHVDCGQMIKA,0.7817674145194474,0.8230313293818797,binary,resnet,immune
ANQFLCKSWRHYPIMGETDV,0.8145859867411254,0.8248803827751197,binary,custom,immune
ANQFLCKSWRHYPIMGETDV,0.848400607426276,0.862708719851577,binary,resnet,immune
EMGVSNWKCTQAPLHFIYRD,0.8142941118840012,0.8213592233009709,binary,custom,immune
EMGVSNWKCTQAPLHFIYRD,0.873536543548545,0.8830188679245283,binary,resnet,immune
VSYHGFTDENQKMLWIACRP,0.831539221449332,0.8419047619047619,binary,custom,immune
VSYHGFTDENQKMLWIACRP,0.8497599686489665,0.873015873015873,binary,resnet,immune
DAQYWGCMRKNTFPSLEIHV,0.8130510923875772,0.83008356545961,binary,custom,immune
DAQYWGCMRKNTFPSLEIHV,0.8677561967277359,0.8766603415559773,binary,resnet,immune
CTYIRWVMANPFHDLQKESG,0.8169005747689494,0.8301886792452831,binary,custom,immune
CTYIRWVMANPFHDLQKESG,0.8531930701152803,0.8443051201671892,binary,resnet,immune
MAQPELTKNWSGIHDCRFYV,0.8124632605074948,0.8187134502923976,binary,custom,immune
MAQPELTKNWSGIHDCRFYV,0.8622718069298848,0.8763837638376384,binary,resnet,immune
SRFAIMHNETKWGQPDVCYL,0.8150656412266092,0.8231884057971014,binary,custom,immune
SRFAIMHNETKWGQPDVCYL,0.8679439763560955,0.8726919339164237,binary,resnet,immune
GNWEYCIMTQSRPKHLDFAV,0.8012944547859312,0.8129770992366412,binary,custom,immune
GNWEYCIMTQSRPKHLDFAV,0.8709382449952647,0.8824626865671642,binary,resnet,immune
YGKDQSWIFVLTCRAHENPM,0.8065869827895888,0.812133072407045,binary,custom,immune
YGKDQSWIFVLTCRAHENPM,0.8829745109565331,0.8907882241215574,binary,resnet,immune
TNEIWGQDPMYLKCHFSAVR,0.8016822605401522,0.8162111215834119,binary,custom,immune
TNEIWGQDPMYLKCHFSAVR,0.8581263675255544,0.8694835680751174,binary,resnet,immune
RFPNIQLEWDSGTYKCMAHV,0.8270100584566149,0.8354186717998076,binary,custom,immune
RFPNIQLEWDSGTYKCMAHV,0.8740202801998628,0.8851540616246498,binary,resnet,immune
WSTFRHEPAYMCIKVNQLGD,0.8231605760752425,0.8352272727272727,binary,custom,immune
WSTFRHEPAYMCIKVNQLGD,0.857450769080043,0.8676748582230623,binary,resnet,immune
PCTAQIKVEFYDMRLHSWGN,0.8033171679566312,0.8148854961832062,binary,custom,immune
PCTAQIKVEFYDMRLHSWGN,0.8763389503935207,0.8925022583559169,binary,resnet,immune
IRYMPLVAEDNFGSCTQWHK,0.811987688187845,0.8249763481551561,binary,custom,immune
IRYMPLVAEDNFGSCTQWHK,0.883841971196238,0.8920454545454546,binary,resnet,immune
MIPNERYQGWFTLCKDVHSA,0.7958019006564123,0.805019305019305,binary,custom,immune
MIPNERYQGWFTLCKDVHSA,0.8674643218706117,0.8739172281039461,binary,resnet,immune
AMGIRKHNSDLYFQEVPCTW,0.822197184938441,0.8341232227488151,binary,custom,immune
AMGIRKHNSDLYFQEVPCTW,0.8675602527677084,0.8736740597878495,binary,resnet,immune
KLISPGHMRVEDYWCNAFTQ,0.8203581692302668,0.8225966303270565,binary,custom,immune
KLISPGHMRVEDYWCNAFTQ,0.8752673818621207,0.8822966507177034,binary,resnet,immune
KHNLRTECSFDVAGIYPQMW,0.8160331145292448,0.8287606433301797,binary,custom,immune
KHNLRTECSFDVAGIYPQMW,0.8447511511707652,0.8684907325684025,binary,resnet,immune
VPGSKRNAFCEHQMLYTWDI,0.8084219163319291,0.8194842406876791,binary,custom,immune
VPGSKRNAFCEHQMLYTWDI,0.8728609451030339,0.8812915479582146,binary,resnet,immune
PNSACYVFLIGRQTHKMEWD,0.8147737663694851,0.8196078431372549,binary,custom,immune
PNSACYVFLIGRQTHKMEWD,0.8270345514516181,0.8583690987124464,binary,resnet,immune
CAEWYIPHLTGDFSKNVQRM,0.8073666764638646,0.823199251637044,binary,custom,immune
CAEWYIPHLTGDFSKNVQRM,0.8635229907579764,0.8767377201112141,binary,resnet,immune
MFAYLRHWNCPIDKEQVTSG,0.8228687012181182,0.8318924111431316,binary,custom,immune
MFAYLRHWNCPIDKEQVTSG,0.8820070376538977,0.8865179437439379,binary,resnet,immune
QNPWLGYCFSTRDAHMKEVI,0.8381829463440122,0.8458574181117534,binary,custom,immune
QNPWLGYCFSTRDAHMKEVI,0.8801802684432253,0.8874045801526718,binary,resnet,immune
QETFSVCMNAIDLWPKYRGH,0.8196907351164234,0.8295019157088123,binary,custom,immune
QETFSVCMNAIDLWPKYRGH,0.8796006008948108,0.8854667949951877,binary,resnet,immune
LIKTYSACGFRPNQDMVHEW,0.8193029293622024,0.8263821532492726,binary,custom,immune
LIKTYSACGFRPNQDMVHEW,0.857067045491656,0.8686679174484052,binary,resnet,immune
RGEIQLWMYFCDVHNSTPKA,0.8109283661539467,0.8241965973534972,binary,custom,immune
RGEIQLWMYFCDVHNSTPKA,0.8744040037882499,0.8842897460018815,binary,resnet,immune
YPQLADKTEGMNICWHFRVS,0.809964975017145,0.8230842005676443,binary,custom,immune
YPQLADKTEGMNICWHFRVS,0.8469657261356586,0.8697962798937112,binary,resnet,immune
CWLREIKPAQDNSTGFHYMV,0.7993635903464942,0.8058536585365854,binary,custom,immune
CWLREIKPAQDNSTGFHYMV,0.8421528526174846,0.868122270742358,binary,resnet,immune
EDVAYRHKQNPTLWMSGFIC,0.8030252930995069,0.8112294288480155,binary,custom,immune
EDVAYRHKQNPTLWMSGFIC,0.8592897847882173,0.8768115942028986,binary,resnet,immune
NKWVLGFCAHDYRSTMQIPE,0.8116039645994578,0.8262910798122066,binary,custom,immune
NKWVLGFCAHDYRSTMQIPE,0.872473139348813,0.8788461538461538,binary,resnet,immune
ECRHDNYLWITMFSGPQAVK,0.8146819176382222,0.8245445829338447,binary,custom,immune
ECRHDNYLWITMFSGPQAVK,0.8621677117011202,0.8697318007662835,binary,resnet,immune
MKIWERCDLYTGFHVAPNQS,0.8250791940171778,0.8287401574803149,binary,custom,immune
MKIWERCDLYTGFHVAPNQS,0.868907367492897,0.8737864077669902,binary,resnet,immune
PGMNKFIDQTRAYVWELSCH,0.8001392018549363,0.8125594671741199,binary,custom,immune
PGMNKFIDQTRAYVWELSCH,0.8640944939747233,0.8718929254302104,binary,resnet,immune
MNTIQKWRGSHYFVLPAEDC,0.80061885634042,0.8107588856868396,binary,custom,immune
MNTIQKWRGSHYFVLPAEDC,0.8726650011430065,0.8783783783783784,binary,resnet,immune
GSMTFCNYALKPIVHDEWRQ,0.8120836190849416,0.8246445497630331,binary,custom,immune
GSMTFCNYALKPIVHDEWRQ,0.8710300937265276,0.8789323164918971,binary,resnet,immune
APWTCNRISMYFLGVHKDEQ,0.8153493517520657,0.8174603174603174,binary,custom,immune
APWTCNRISMYFLGVHKDEQ,0.8722812775546194,0.8793103448275862,binary,resnet,immune
LWTQCYFHIRESKMPDVGNA,0.8042764769275987,0.811284046692607,binary,custom,immune
LWTQCYFHIRESKMPDVGNA,0.8698707586296986,0.8748787584869059,binary,resnet,immune
ADLQHWFGSKMPEVCIYTNR,0.8093853074687306,0.8206106870229007,binary,custom,immune
ADLQHWFGSKMPEVCIYTNR,0.8769104536102675,0.888268156424581,binary,resnet,immune
LQRVDPACYKMFHGIWSTEN,0.8164168381176317,0.8274547187797903,binary,custom,immune
LQRVDPACYKMFHGIWSTEN,0.8473453675582117,0.8654545454545455,binary,resnet,immune
ATDIFHMYGLKRWSCNPQVE,0.8120836190849416,0.8246445497630331,binary,custom,immune
ATDIFHMYGLKRWSCNPQVE,0.8515826556938049,0.8686131386861314,binary,resnet,immune
FPYTAWGSCQKHRINVLEMD,0.8058195356128147,0.815028901734104,binary,custom,immune
FPYTAWGSCQKHRINVLEMD,0.8802721171744881,0.8839024390243903,binary,resnet,immune
SFMAYQEDPVTWNHILGKCR,0.8038968355050455,0.8174077578051088,binary,custom,immune
SFMAYQEDPVTWNHILGKCR,0.8650619672773587,0.8764044943820225,binary,resnet,immune
AMTIYKQCPRGWLNHEDVFS,0.8048561444760131,0.8138862102217936,binary,custom,immune
AMTIYKQCPRGWLNHEDVFS,0.6856609842918259,0.7676767676767676,binary,resnet,immune
QCNESYPHWTIRKMGFLDAV,0.8199826099735475,0.8328611898016998,binary,custom,immune
QCNESYPHWTIRKMGFLDAV,0.8723853727833839,0.8856088560885609,binary,resnet,immune
EIVNFWLRQGCDMHYSAPTK,0.8114039384735966,0.8179162609542356,binary,custom,immune
EIVNFWLRQGCDMHYSAPTK,0.8680317429215244,0.86497461928934,binary,resnet,immune
FGYVKTRIHEMWANQDLPCS,0.8335578524541981,0.8396501457725948,binary,custom,immune
FGYVKTRIHEMWANQDLPCS,0.8658171679566311,0.8634984833164813,binary,resnet,immune
RPSLNEDCWQGTMIYKFVAH,0.8167087129747559,0.8308270676691729,binary,custom,immune
RPSLNEDCWQGTMIYKFVAH,0.8733446817543515,0.8834586466165414,binary,resnet,immune
SGRPTVKQWFCAIHYMNDEL,0.8180558276999444,0.8306527909176916,binary,custom,immune
SGRPTVKQWFCAIHYMNDEL,0.8684440416707487,0.8879003558718861,binary,resnet,immune
MTDCKIPWVGYENFSALRHQ,0.802637487345286,0.807843137254902,binary,custom,immune
MTDCKIPWVGYENFSALRHQ,0.8663213154371184,0.8832579185520362,binary,resnet,immune
IKMDWCGYHENLTSVQRAPF,0.7976286698670845,0.802747791952895,binary,custom,immune
IKMDWCGYHENLTSVQRAPF,0.8766981809869042,0.8715313463514902,binary,resnet,immune
FLQMVNRDWHTSACIEYPKG,0.8023537768198296,0.8137535816618912,binary,custom,immune
FLQMVNRDWHTSACIEYPKG,0.8462901276901472,0.8680926916221033,binary,resnet,immune
KWRAHPNDESVTLYMQGFCI,0.8165168511805624,0.8314606741573034,binary,custom,immune
KWRAHPNDESVTLYMQGFCI,0.8183681133862382,0.8530161427357689,binary,resnet,immune
MAPIKECLVDGYQSRWHNTF,0.8101568368113387,0.8224121557454891,binary,custom,immune
MAPIKECLVDGYQSRWHNTF,0.8683317821103165,0.8752399232245681,binary,resnet,immune
QFLSRPNCMWAVYHKTEIDG,0.8253751510401358,0.8365019011406845,binary,custom,immune
QFLSRPNCMWAVYHKTEIDG,0.8899060285425034,0.8946859903381642,binary,resnet,immune
RIMPQHDAGKWVNSLYCFTE,0.8255670128343293,0.8358778625954199,binary,custom,immune
RIMPQHDAGKWVNSLYCFTE,0.8607287482446687,0.8733705772811918,binary,resnet,immune
VTYPKEQFGAWCSDNIHLMR,0.8096771823258548,0.8240827845719662,binary,custom,immune
VTYPKEQFGAWCSDNIHLMR,0.8603409424904478,0.8708765315739868,binary,resnet,immune
QNKMSTRYGWECPIFLHVDA,0.810056823748408,0.8181818181818182,binary,custom,immune
QNKMSTRYGWECPIFLHVDA,0.87564294111884,0.8743718592964824,binary,resnet,immune
PAWFECMRVKIDNYHLSQGT,0.7920442670063029,0.8,binary,custom,immune
PAWFECMRVKIDNYHLSQGT,0.8659294275170635,0.8776844070961718,binary,resnet,immune
LPGQMAKCETWDFIHNSRYV,0.8276856569021259,0.8374760994263862,binary,custom,immune
LPGQMAKCETWDFIHNSRYV,0.8601449985304203,0.867816091954023,binary,resnet,immune
WHDRCGMKFVTYPAENISQL,0.815161572123706,0.8228460793804453,binary,custom,immune
WHDRCGMKFVTYPAENISQL,0.8844175565788184,0.8908045977011494,binary,resnet,immune
WAQCKRVLFHGNEMTPDSYI,0.8076463048234871,0.8129285014691479,binary,custom,immune
WAQCKRVLFHGNEMTPDSYI,0.8733446817543515,0.8834586466165414,binary,resnet,immune
EFPCDQGWTYNALMIRHSKV,0.8124673426733288,0.8233046800382043,binary,custom,immune
EFPCDQGWTYNALMIRHSKV,0.877961611312498,0.8826382153249273,binary,resnet,immune
QLVKYPGHETIFWNRAMSCD,0.8267222657653244,0.8363636363636363,binary,custom,immune
QLVKYPGHETIFWNRAMSCD,0.8666050259625747,0.8794063079777366,binary,resnet,immune
PHCFWMGNAEIDSLQVTRYK,0.8108324352568499,0.8245283018867925,binary,custom,immune
PHCFWMGNAEIDSLQVTRYK,0.879892475751935,0.888045540796964,binary,resnet,immune
HRQGSKELIPAFYCDVWNTM,0.8220971718755102,0.8301158301158301,binary,custom,immune
HRQGSKELIPAFYCDVWNTM,0.8577467261030012,0.8738574040219378,binary,resnet,immune
STFCLGNQEWAIDRVMPHYK,0.7936873387544495,0.8083097261567517,binary,custom,immune
STFCLGNQEWAIDRVMPHYK,0.8663090689396166,0.8733205374280231,binary,resnet,immune
GPHQSLANRDYMWVCKEITF,0.8158330884033833,0.8204121687929342,binary,custom,immune
GPHQSLANRDYMWVCKEITF,0.8230809738414814,0.851138353765324,binary,resnet,immune
DQIHWYSAMKRECNPGFTVL,0.8122754808791353,0.8239771646051379,binary,custom,immune
DQIHWYSAMKRECNPGFTVL,0.8691033114529244,0.8767908309455588,binary,resnet,immune
IMLSQCFEVTYRKDWHNAGP,0.8135225825413932,0.8195121951219512,binary,custom,immune
IMLSQCFEVTYRKDWHNAGP,0.8800843375461285,0.8876190476190476,binary,resnet,immune
FCHIMERLNTYKPSDAQVWG,0.8053439632931647,0.8213283442469598,binary,custom,immune
FCHIMERLNTYKPSDAQVWG,0.8641985892034879,0.8784530386740331,binary,resnet,immune
LFIMDSAEQWRPGNHKYTVC,0.8168005617060188,0.8261287223823247,binary,custom,immune
LFIMDSAEQWRPGNHKYTVC,0.8704585905097809,0.8835489833641405,binary,resnet,immune
RPNVTFDMSKAECQGLWHIY,0.8060154795728423,0.818957345971564,binary,custom,immune
RPNVTFDMSKAECQGLWHIY,0.8738202540740015,0.8789932236205228,binary,resnet,immune
ARSLNVDGTHPQWCEIMYKF,0.8082300545377356,0.8201712654614652,binary,custom,immune
ARSLNVDGTHPQWCEIMYKF,0.8707259723719016,0.8650875386199794,binary,resnet,immune
QYPGFRNTMSECAIDLVKWH,0.8057236047157179,0.8153846153846154,binary,custom,immune
QYPGFRNTMSECAIDLVKWH,0.859644933215767,0.8493150684931506,binary,resnet,immune
MIRCEYVLHFTAGDWSKPQN,0.7928117141830769,0.796844181459566,binary,custom,immune
MIRCEYVLHFTAGDWSKPQN,0.7648141798112406,0.8078231292517006,binary,resnet,immune
HTQKLSYRGVFAENIWDMCP,0.8236361483948925,0.8292682926829268,binary,custom,immune
HTQKLSYRGVFAENIWDMCP,0.872769096371771,0.8847583643122676,binary,resnet,immune
QYWEPSMLTHDNVKFARCIG,0.8049520753731099,0.8135265700483092,binary,custom,immune
QYWEPSMLTHDNVKFARCIG,0.8628514744782991,0.8783165599268069,binary,resnet,immune
RVEAYIPFCWMHLGKTSQDN,0.8090975147774404,0.8216318785578748,binary,custom,immune
RVEAYIPFCWMHLGKTSQDN,0.8799843244831979,0.8845780795344326,binary,resnet,immune
TERQIPSNYDMHKLWGVAFC,0.7961856242447992,0.8035019455252919,binary,custom,immune
TERQIPSNYDMHKLWGVAFC,0.8661131249795891,0.8702439024390244,binary,resnet,immune
PMWRACETYIGFKNVSHLQD,0.8020659841285392,0.8148148148148148,binary,custom,immune
PMWRACETYIGFKNVSHLQD,0.8554321380751772,0.8693234476367007,binary,resnet,immune
KFPYNDRQSAHLMIWCGTEV,0.8116958133307207,0.8214971209213052,binary,custom,immune
KFPYNDRQSAHLMIWCGTEV,0.8103731916005356,0.8459574468085106,binary,resnet,immune
HVWNMSYTDGLIEAPCRFQK,0.8017781914372489,0.8158640226628895,binary,custom,immune
HVWNMSYTDGLIEAPCRFQK,0.8603409424904478,0.8708765315739868,binary,resnet,immune
VELFITAWYHSKQCNRDMGP,0.8138103752326834,0.8184494602551521,binary,custom,immune
VELFITAWYHSKQCNRDMGP,0.839742333692564,0.8639575971731449,binary,resnet,immune
KALMEWQDCRNYITVPGSFH,0.8017700271055812,0.8062930186823992,binary,custom,immune
KALMEWQDCRNYITVPGSFH,0.7723376114431273,0.824390243902439,binary,resnet,immune
CWHSEGMIQDYFNPTRVALK,0.7933995460631593,0.8093896713615023,binary,custom,immune
CWHSEGMIQDYFNPTRVALK,0.8606368995134058,0.8769371011850501,binary,resnet,immune
CKARHDINYVLSETFGWQPM,0.8110242970510433,0.8238636363636364,binary,custom,immune
CKARHDINYVLSETFGWQPM,0.8658334966199668,0.8779123951537745,binary,resnet,immune
QLHMIWRTASYCNKVEGPFD,0.8165127690147285,0.8271251193887297,binary,custom,immune
QLHMIWRTASYCNKVEGPFD,0.8665131772313119,0.8828337874659401,binary,resnet,immune
NMKIGWLVCDQTAEYPHRFS,0.8272019202508083,0.8347826086956521,binary,custom,immune
NMKIGWLVCDQTAEYPHRFS,0.8697707455667678,0.8715415019762845,binary,resnet,immune
RCGLTPYISHFDWKENAQMV,0.8122713987133012,0.8194174757281554,binary,custom,immune
RCGLTPYISHFDWKENAQMV,0.8622677247640509,0.8730009407337723,binary,resnet,immune
NFPSVIYQALCDKWRMGTHE,0.8150697233924431,0.8276515151515151,binary,custom,immune
NFPSVIYQALCDKWRMGTHE,0.8192314914601092,0.8507333908541846,binary,resnet,immune
AKIMCYGQNSRTPEWVLDHF,0.8302839554554065,0.8375241779497099,binary,custom,immune
AKIMCYGQNSRTPEWVLDHF,0.8656457169916071,0.8816029143897997,binary,resnet,immune
PSQNVFAHKMIDWERLTGCY,0.8022578459227329,0.8141086749285034,binary,custom,immune
PSQNVFAHKMIDWERLTGCY,0.8706545344698082,0.8862602365787079,binary,resnet,immune
RHYDVTECWSPFIAKQNGLM,0.7949385225825414,0.8083491461100569,binary,custom,immune
RHYDVTECWSPFIAKQNGLM,0.857458933411711,0.8745454545454545,binary,resnet,immune
YHDTWICNLAQPSGKREMVF,0.8015781653113878,0.8070519098922625,binary,custom,immune
YHDTWICNLAQPSGKREMVF,0.8731446556284902,0.8771929824561403,binary,resnet,immune
FQKYIRGNMSEHTLVWCAPD,0.7842412070147938,0.791015625,binary,custom,immune
FQKYIRGNMSEHTLVWCAPD,0.8634229776950458,0.8735849056603774,binary,resnet,immune
NVLICPKQGFMSATHWDYRE,0.7969571535874073,0.8054211035818006,binary,custom,immune
NVLICPKQGFMSATHWDYRE,0.8650578851115249,0.8729703915950334,binary,resnet,immune
SDFCYMLEITVHGAWNQPKR,0.8247954834917213,0.8341323106423778,binary,custom,immune
SDFCYMLEITVHGAWNQPKR,0.8586897064106331,0.8565656565656565,binary,resnet,immune
MTLGKRFWCHPDQENVYSIA,0.7908971784069756,0.8093023255813954,binary,custom,immune
MTLGKRFWCHPDQENVYSIA,0.8261181052219065,0.8043956043956044,binary,resnet,immune
EALFNTCWRVKPSYGQDIMH,0.7976327520329186,0.8076923076923077,binary,custom,immune
EALFNTCWRVKPSYGQDIMH,0.8649701185460957,0.8799266727772685,binary,resnet,immune
RPNCEAVGDWKMLTFQYHSI,0.7966734430619509,0.8113207547169812,binary,custom,immune
RPNCEAVGDWKMLTFQYHSI,0.8434591456843344,0.8275862068965517,binary,resnet,immune
NVECTFYWIQAKMHPDRLGS,0.8250832761830117,0.8331726133076182,binary,custom,immune
NVECTFYWIQAKMHPDRLGS,0.8817192449626073,0.8871745419479267,binary,resnet,immune
MYNIRDHQAGETKCSFPVLW,0.8079381796806113,0.8166023166023166,binary,custom,immune
MYNIRDHQAGETKCSFPVLW,0.874399921622416,0.8809980806142035,binary,resnet,immune
AGCEWIQVYMSTLPHFKNRD,0.8008107181346135,0.8100289296046287,binary,custom,immune
AGCEWIQVYMSTLPHFKNRD,0.822021651807583,0.8503937007874016,binary,resnet,immune
NTDCQGEWLKVIPYAFSRMH,0.7894500506188563,0.8052681091251176,binary,custom,immune
NTDCQGEWLKVIPYAFSRMH,0.8549565657555271,0.8738738738738738,binary,resnet,immune
IDYACSFPKHNGRLQVEWTM,0.8153575160837333,0.8266666666666667,binary,custom,immune
IDYACSFPKHNGRLQVEWTM,0.8774778746611803,0.8803921568627451,binary,resnet,immune
QCYFDAPEGHNMVKRISTWL,0.820270402664838,0.8319088319088319,binary,custom,immune
QCYFDAPEGHNMVKRISTWL,0.8465779203814376,0.8673835125448028,binary,resnet,immune
RTDECPKSNIGAVQMWYHFL,0.7819347833186375,0.7954329210275928,binary,custom,immune
RTDECPKSNIGAVQMWYHFL,0.8753633127592175,0.8820709491850431,binary,resnet,immune
EDTLHIQYGNKPRSVWMCFA,0.7802998759021585,0.7969924812030075,binary,custom,immune
EDTLHIQYGNKPRSVWMCFA,0.8041091081284086,0.8376511226252159,binary,resnet,immune
ERPLTGQKYSFWHVCDAINM,0.8161290454263413,0.828436018957346,binary,custom,immune
ERPLTGQKYSFWHVCDAINM,0.8085382580581953,0.84,binary,resnet,immune
TLHMNVWDARYFCIGSKEPQ,0.7975368211358218,0.8080614203454894,binary,custom,immune
TLHMNVWDARYFCIGSKEPQ,0.8476290780836682,0.8611369990680335,binary,resnet,immune
PNHVQSCAKDTMEIFLGRYW,0.8207459749844878,0.8258317025440313,binary,custom,immune
PNHVQSCAKDTMEIFLGRYW,0.8612084027301525,0.8721804511278195,binary,resnet,immune
WDSIGHLATVQNKFEMPCRY,0.826526321805297,0.8326848249027238,binary,custom,immune
WDSIGHLATVQNKFEMPCRY,0.8549524835896933,0.8705234159779615,binary,resnet,immune
RAEKFIPDSMLQNVHGCWYT,0.8174720779856961,0.8237585199610516,binary,custom,immune
RAEKFIPDSMLQNVHGCWYT,0.8787372228209399,0.8874172185430463,binary,resnet,immune
SHVTFRNIDYCQMAPKELWG,0.8124673426733288,0.8233046800382043,binary,custom,immune
SHVTFRNIDYCQMAPKELWG,0.8507947976878613,0.8520357497517378,binary,resnet,immune
AQVEINLCFMGYPRHTSKDW,0.8195948042193265,0.8298279158699808,binary,custom,immune
AQVEINLCFMGYPRHTSKDW,0.8702626465497535,0.8807511737089202,binary,resnet,immune
RNKSPMDGYICFVHLEAQTW,0.8093853074687306,0.8206106870229007,binary,custom,immune
RNKSPMDGYICFVHLEAQTW,0.8699748538584631,0.8814192343604108,binary,resnet,immune
FCSDNRHWGVIKEMPATLQY,0.8015822474772215,0.8119001919385797,binary,custom,immune
FCSDNRHWGVIKEMPATLQY,0.8543768982071128,0.8719346049046321,binary,resnet,immune
GVLADYRECPSIQNKTWHMF,0.817088354397309,0.8251207729468599,binary,custom,immune
GVLADYRECPSIQNKTWHMF,0.755576238529114,0.8091728091728092,binary,resnet,immune
KMGAEISPCWFTLVQNRDYH,0.8116958133307207,0.8214971209213052,binary,custom,immune
KMGAEISPCWFTLVQNRDYH,0.8620799451356913,0.8768382352941176,binary,resnet,immune
CHWAKQYEIRLMDGSNTFPV,0.8012944547859312,0.8129770992366412,binary,custom,immune
CHWAKQYEIRLMDGSNTFPV,0.871313804251984,0.8747553816046967,binary,resnet,immune
NPVTEWIRKHLADYGCSQMF,0.8183436203912348,0.829686013320647,binary,custom,immune
NPVTEWIRKHLADYGCSQMF,0.8458104732046634,0.8692579505300353,binary,resnet,immune
TKLFQEMWVSHPGDRNYCAI,0.8066869958525196,0.8165225744476465,binary,custom,immune
TKLFQEMWVSHPGDRNYCAI,0.7954426700630286,0.8324786324786325,binary,resnet,immune
KTNEFQIMLRGWHAVCDPYS,0.8026456516769538,0.8173258003766478,binary,custom,immune
KTNEFQIMLRGWHAVCDPYS,0.8786331275921753,0.8810226155358899,binary,resnet,immune
SGLQVTEFRDCANPKYMHIW,0.8197866660135201,0.8291746641074856,binary,custom,immune
SGLQVTEFRDCANPKYMHIW,0.8797924626890044,0.885024154589372,binary,resnet,immune
MWRNTIVYDFKEQSLHPGCA,0.804860226641847,0.8185255198487713,binary,custom,immune
MWRNTIVYDFKEQSLHPGCA,0.8737243231769047,0.8792270531400966,binary,resnet,immune
NQPGRTVAFMSHKEIWYLCD,0.8168924104372816,0.8212180746561886,binary,custom,immune
NQPGRTVAFMSHKEIWYLCD,0.8599613010678947,0.8752293577981651,binary,resnet,immune
MNKVRHQWLYDIESFTPGAC,0.8083259854348324,0.8198284080076264,binary,custom,immune
MNKVRHQWLYDIESFTPGAC,0.8580345187942915,0.8731617647058824,binary,resnet,immune
SNGIWMVPHYECRDLTQAFK,0.8196907351164234,0.8295019157088123,binary,custom,immune
SNGIWMVPHYECRDLTQAFK,0.8630351719408249,0.8710601719197708,binary,resnet,immune
VYHRTWGLIDSFQNCKEPMA,0.8062073413670358,0.8182683158896289,binary,custom,immune
VYHRTWGLIDSFQNCKEPMA,0.8769022892785996,0.8817829457364341,binary,resnet,immune
NMYGILEWSAHCQVKFRDTP,0.8240280363149473,0.8366383380547686,binary,custom,immune
NMYGILEWSAHCQVKFRDTP,0.8696911433330067,0.8852459016393442,binary,resnet,immune
DLISANTMPFKECVWQGYHR,0.8074626073609614,0.8228678537956888,binary,custom,immune
DLISANTMPFKECVWQGYHR,0.7913053949903661,0.8331936295054484,binary,resnet,immune
FYPWTDSHKERLGVMNACIQ,0.7993635903464942,0.8058536585365854,binary,custom,immune
FYPWTDSHKERLGVMNACIQ,0.8824907743052153,0.8886756238003839,binary,resnet,immune
EWHGAQCTNYMVRFPISLDK,0.8115039515365272,0.8221797323135756,binary,custom,immune
EWHGAQCTNYMVRFPISLDK,0.8468697952385618,0.870026525198939,binary,resnet,immune
TMSRGIALNPYCEFDWVQKH,0.8063032722641325,0.8179218303145853,binary,custom,immune
TMSRGIALNPYCEFDWVQKH,0.8703626596126841,0.8837638376383764,binary,resnet,immune
CGWDRSIPMVFQAHYLETKN,0.795901913719343,0.809478672985782,binary,custom,immune
CGWDRSIPMVFQAHYLETKN,0.8676561836648052,0.8734299516908213,binary,resnet,immune
GWLIVSTEPNYADQHFMRKC,0.8043805721563633,0.8202247191011236,binary,custom,immune
GWLIVSTEPNYADQHFMRKC,0.8559913947944222,0.8524923702950152,binary,resnet,immune
YTQSFKHCMREWANVLPDIG,0.825371068874302,0.8322017458777885,binary,custom,immune
YTQSFKHCMREWANVLPDIG,0.8556158355377029,0.861568247821878,binary,resnet,immune
KRHSCWMTYEFDNGILVPQA,0.8064951340583261,0.8172248803827751,binary,custom,immune
KRHSCWMTYEFDNGILVPQA,0.8690155448874956,0.8835930339138405,binary,resnet,immune
HQDCLMPGINKTSVEWARYF,0.8155452957120931,0.8214634146341463,binary,custom,immune
HQDCLMPGINKTSVEWARYF,0.838446246040299,0.8167770419426048,binary,resnet,immune
PHNSAYVMTCKGDELFRQWI,0.7944547859312238,0.8053691275167785,binary,custom,immune
PHNSAYVMTCKGDELFRQWI,0.8545769243329742,0.8779631255487269,binary,resnet,immune
WTFNVDLCIRYAQPSMEKHG,0.8170842722314751,0.8205128205128205,binary,custom,immune
WTFNVDLCIRYAQPSMEKHG,0.8751673687991901,0.8791423001949318,binary,resnet,immune
EMWLKIGQDYTRHAPNSVFC,0.8038968355050455,0.8174077578051088,binary,custom,immune
EMWLKIGQDYTRHAPNSVFC,0.877961611312498,0.8826382153249273,binary,resnet,immune
KHQPSEITFAGNDRMCWYLV,0.8063951209953953,0.8128654970760234,binary,custom,immune
KHQPSEITFAGNDRMCWYLV,0.8548565526925966,0.8707607699358387,binary,resnet,immune
RQFMIHNADLVGCYKWTEPS,0.8020659841285392,0.8148148148148148,binary,custom,immune
RQFMIHNADLVGCYKWTEPS,0.8097935240521211,0.8439108061749572,binary,resnet,immune
PRLVTEQDIMCSWAYKGFNH,0.7944547859312238,0.8053691275167785,binary,custom,immune
PRLVTEQDIMCSWAYKGFNH,0.8688155187616342,0.8774928774928775,binary,resnet,immune
IMSDCPTQLENYFARHKGWV,0.8085178472290259,0.8191387559808613,binary,custom,immune
IMSDCPTQLENYFARHKGWV,0.803533522745828,0.8393162393162393,binary,resnet,immune
TVSMYALDRIWKFNGHEPQC,0.836352094967506,0.8433268858800773,binary,custom,immune
TVSMYALDRIWKFNGHEPQC,0.8579304235655268,0.8664122137404581,binary,resnet,immune
MHTPYWVNCSKDQIFLRGAE,0.8034171810195616,0.8191190253045924,binary,custom,immune
MHTPYWVNCSKDQIFLRGAE,0.8539931746187256,0.872858431018936,binary,resnet,immune
MFHKGWCIRPLTDEAYSNQV,0.8101568368113387,0.8224121557454891,binary,custom,immune
MFHKGWCIRPLTDEAYSNQV,0.7607769178015088,0.812807881773399,binary,resnet,immune
VDMAHKSTNIPYFCREWGQL,0.8110283792168773,0.8282265552460538,binary,custom,immune
VDMAHKSTNIPYFCREWGQL,0.8606328173475719,0.8736059479553904,binary,resnet,immune
IDYQNTLAKWFHVPSGRMEC,0.793583243525685,0.7988223748773308,binary,custom,immune
IDYQNTLAKWFHVPSGRMEC,0.8404097678064075,0.8587055606198724,binary,resnet,immune
PNQLEYFIKRGVCDMTHASW,0.8177598706769864,0.8227228207639569,binary,custom,immune
PNQLEYFIKRGVCDMTHASW,0.8719934848633292,0.88,binary,resnet,immune
FRTCHQINDKYGMASVWLEP,0.8318229319747885,0.8367546432062561,binary,custom,immune
FRTCHQINDKYGMASVWLEP,0.8711260246236243,0.8787010506208214,binary,resnet,immune
HTRWPMVFIGNQSDKAECLY,0.8203663335619346,0.8315889628924833,binary,custom,immune
HTRWPMVFIGNQSDKAECLY,0.8722853597204533,0.8826291079812206,binary,resnet,immune
WMKPTGHQVNADRLYEICSF,0.8115958002677901,0.8172043010752689,binary,custom,immune
WMKPTGHQVNADRLYEICSF,0.8641781783743182,0.8603465851172273,binary,resnet,immune
TCSQKMWVAEHPFRDGNIYL,0.8159371836321478,0.8290840415486308,binary,custom,immune
TCSQKMWVAEHPFRDGNIYL,0.86140434669018,0.8751156336725254,binary,resnet,immune
VTLPCKSGDFQWNMIYHERA,0.7683513765063191,0.7795957651588066,binary,custom,immune
VTLPCKSGDFQWNMIYHERA,0.7612565722869927,0.8112582781456954,binary,resnet,immune
TYDMSPVEKRGHIWFNQCLA,0.8134307338101303,0.8244274809160306,binary,custom,immune
TYDMSPVEKRGHIWFNQCLA,0.8522460076418145,0.8596153846153847,binary,resnet,immune
PLWTARQKIHYCFSNVGEDM,0.8054358120244277,0.8164435946462715,binary,custom,immune
PLWTARQKIHYCFSNVGEDM,0.8625677639528428,0.8821428571428571,binary,resnet,immune
KEWDARMINYGCPFLQVSHT,0.8168964926031154,0.8257940327237728,binary,custom,immune
KEWDARMINYGCPFLQVSHT,0.8716934456745371,0.8700906344410876,binary,resnet,immune
VKCYSADIFPLNRWHTGEQM,0.7993635903464942,0.8058536585365854,binary,custom,immune
VKCYSADIFPLNRWHTGEQM,0.8414772541719735,0.8664323374340949,binary,resnet,immune
GKSPLMITHFENQCYARWVD,0.811983606022011,0.8204633204633205,binary,custom,immune
GKSPLMITHFENQCYARWVD,0.8752673818621207,0.8822966507177034,binary,resnet,immune
PYSTMKVHEQAGNRWLIDFC,0.8062073413670358,0.8182683158896289,binary,custom,immune
PYSTMKVHEQAGNRWLIDFC,0.8607369125763364,0.8799283154121864,binary,resnet,immune
STAQVYWPREKCMHGDLNIF,0.7790486920740669,0.7970065481758652,binary,custom,immune
STAQVYWPREKCMHGDLNIF,0.8622554782665491,0.862,binary,resnet,immune
KLSPCDTQMEWVHANIYGRF,0.8176639397798897,0.823069403714565,binary,custom,immune
KLSPCDTQMEWVHANIYGRF,0.7172487835145815,0.7866772402854877,binary,resnet,immune
VGCQLFWTKSDANPRIMHEY,0.8071707325038373,0.8193916349809885,binary,custom,immune
VGCQLFWTKSDANPRIMHEY,0.8664009176708795,0.8694798822374877,binary,resnet,immune
SVDCNAILRYWQEPKMHTFG,0.801390385683028,0.8126195028680688,binary,custom,immune
SVDCNAILRYWQEPKMHTFG,0.8542523921491787,0.8451882845188284,binary,resnet,immune
QWIEFRYNLSKVAGCTPMHD,0.8126592044675223,0.822627037392138,binary,custom,immune
QWIEFRYNLSKVAGCTPMHD,0.86140434669018,0.8751156336725254,binary,resnet,immune
DTFCEQAGSYVPLWIRKMNH,0.806111410469939,0.818613485280152,binary,custom,immune
DTFCEQAGSYVPLWIRKMNH,0.8744040037882499,0.8842897460018815,binary,resnet,immune
HGVQTWDRMLYIFEKNSAPC,0.8175720910486268,0.8279158699808795,binary,custom,immune
HGVQTWDRMLYIFEKNSAPC,0.8765185656902126,0.8826923076923077,binary,resnet,immune
HSYLPGKFDIVNMWEQCART,0.8238320923549197,0.8330134357005758,binary,custom,immune
HSYLPGKFDIVNMWEQCART,0.7861047157179714,0.8294314381270903,binary,resnet,immune
AEMTIWFQPKNDRVHSYGCL,0.7940669801770026,0.8019417475728156,binary,custom,immune
AEMTIWFQPKNDRVHSYGCL,0.8757470363476045,0.881159420289855,binary,resnet,immune
CRKVENYISQGLDMHPWTAF,0.804860226641847,0.8185255198487713,binary,custom,immune
CRKVENYISQGLDMHPWTAF,0.8646700793573038,0.8704061895551257,binary,resnet,immune
FAWRDTKCNGVMYPISHLQE,0.7978286959929461,0.8117313150425733,binary,custom,immune
FAWRDTKCNGVMYPISHLQE,0.8590775121648542,0.8594217347956131,binary,resnet,immune
AEDCFPGQIMHVTRNKLYWS,0.8246036216975278,0.8347659980897804,binary,custom,immune
AEDCFPGQIMHVTRNKLYWS,0.8700585382580582,0.8707753479125249,binary,resnet,immune
VHRTEMALPQSFYGCKNDIW,0.8082300545377356,0.8201712654614652,binary,custom,immune
VHRTEMALPQSFYGCKNDIW,0.8573548381829463,0.8679245283018868,binary,resnet,immune
NCHLQIWDYASPTRVGEFMK,0.8198825969106169,0.8288461538461539,binary,custom,immune
NCHLQIWDYASPTRVGEFMK,0.8604409555533783,0.8740740740740741,binary,resnet,immune
ECWYHMNVAPKQTSRIDGLF,0.8082259723719015,0.8155339805825242,binary,custom,immune
ECWYHMNVAPKQTSRIDGLF,0.8469289866431535,0.8340425531914893,binary,resnet,immune
GHVEQWMIRTLFYPANCKDS,0.8099608928513111,0.8185328185328186,binary,custom,immune
GHVEQWMIRTLFYPANCKDS,0.8355050455569708,0.8609154929577465,binary,resnet,immune
FQLYEDHATVRWINGSMKPC,0.8137144443355867,0.8188050930460333,binary,custom,immune
FQLYEDHATVRWINGSMKPC,0.8352131706998466,0.8581623550401427,binary,resnet,immune
PSEHIAWRFQYNKCVLMGDT,0.8078422487835145,0.8169556840077071,binary,custom,immune
PSEHIAWRFQYNKCVLMGDT,0.8761389242676594,0.8868101028999065,binary,resnet,immune
CRAVTFMDLYPGISNQHKEW,0.8247954834917213,0.8341323106423778,binary,custom,immune
CRAVTFMDLYPGISNQHKEW,0.888467065086052,0.8976525821596244,binary,resnet,immune
RCAHKSQIYMTPLDGFEWNV,0.808513765063192,0.814453125,binary,custom,immune
RCAHKSQIYMTPLDGFEWNV,0.8579385878971947,0.8733944954128441,binary,resnet,immune
WHFMEIDVLPTKYGSANRCQ,0.8000391887920055,0.8081395348837209,binary,custom,immune
WHFMEIDVLPTKYGSANRCQ,0.8514867247967083,0.8688524590163934,binary,resnet,immune
QTIWDSRNCHMFEKLAVGYP,0.7979205447242088,0.8065764023210832,binary,custom,immune
QTIWDSRNCHMFEKLAVGYP,0.870154469155155,0.8705179282868526,binary,resnet,immune
LITMFGQHWENKVCYPSRAD,0.8242198981091408,0.8360189573459715,binary,custom,immune
LITMFGQHWENKVCYPSRAD,0.8758470494105353,0.8842504743833017,binary,resnet,immune
NEYKPRDQIWSFMCVTGAHL,0.8138103752326834,0.8184494602551521,binary,custom,immune
NEYKPRDQIWSFMCVTGAHL,0.8537053819274354,0.873542600896861,binary,resnet,immune
LPCVIMRYEAQTFWGKNSDH,0.8073625942980308,0.8187022900763359,binary,custom,immune
LPCVIMRYEAQTFWGKNSDH,0.8207745501453252,0.853721129170231,binary,resnet,immune
CPLKVWFMDQESRATGIYNH,0.7980246399529735,0.8156424581005587,binary,custom,immune
CPLKVWFMDQESRATGIYNH,0.8387748603899285,0.8594594594594595,binary,resnet,immune
GHSEQNCVRFTLYWDMIAKP,0.8143900427810978,0.8210116731517509,binary,custom,immune
GHSEQNCVRFTLYWDMIAKP,0.8710178472290259,0.8681541582150102,binary,resnet,immune
ESDAFVKHMRITWLQPGNCY,0.7985042944384573,0.8139097744360902,binary,custom,immune
ESDAFVKHMRITWLQPGNCY,0.8719934848633292,0.88,binary,resnet,immune
RIHECKMGDPASLVWNYFQT,0.8148737794324156,0.8238691049085659,binary,custom,immune
RIHECKMGDPASLVWNYFQT,0.8715975147774403,0.8703517587939699,binary,resnet,immune
YMFHVAPQEDLCSKGIRWNT,0.823736161457823,0.8333333333333334,binary,custom,immune
YMFHVAPQEDLCSKGIRWNT,0.8206704549165607,0.8467670504871567,binary,resnet,immune
QFTYPDAIVLGWEKSCMNRH,0.816704630808922,0.8264621284755513,binary,custom,immune
QFTYPDAIVLGWEKSCMNRH,0.8603409424904478,0.8708765315739868,binary,resnet,immune
FWRYANVSIEHLDQKTCMPG,0.82180937918422,0.8310940499040307,binary,custom,immune
FWRYANVSIEHLDQKTCMPG,0.8389748865157899,0.8658536585365854,binary,resnet,immune
ELMCDKRQPAFHWTNGSIYV,0.7915605303549852,0.7968596663395485,binary,custom,immune
ELMCDKRQPAFHWTNGSIYV,0.828669458868097,0.8576388888888888,binary,resnet,immune
RHLTIWPNAQEMVFKDCYGS,0.8038968355050455,0.8174077578051088,binary,custom,immune
RHLTIWPNAQEMVFKDCYGS,0.8844216387446523,0.8938967136150234,binary,resnet,immune
STGLVWNRIQCEPFDKAHYM,0.8165127690147285,0.8271251193887297,binary,custom,immune
STGLVWNRIQCEPFDKAHYM,0.839742333692564,0.8639575971731449,binary,resnet,immune
YWIKVTPRSEMHQFCALNGD,0.8232565069723392,0.8349146110056926,binary,custom,immune
YWIKVTPRSEMHQFCALNGD,0.8831704549165604,0.8934579439252337,binary,resnet,immune
RKNDIYCMTQFHVLEGPWAS,0.8043764899905295,0.8156638013371538,binary,custom,immune
RKNDIYCMTQFHVLEGPWAS,0.8764267169589497,0.8861712135465664,binary,resnet,immune
TAIVQSFKYRMGWLEDPHNC,0.8241198850462101,0.832046332046332,binary,custom,immune
TAIVQSFKYRMGWLEDPHNC,0.7911094510303387,0.8299319727891157,binary,resnet,immune
LHTIRGVMFWDNYQCSKPAE,0.8009107311975442,0.8143939393939394,binary,custom,immune
LHTIRGVMFWDNYQCSKPAE,0.8731609842918259,0.8900900900900901,binary,resnet,immune
LNYKCQRHVFGDSEMIWTAP,0.7927198654518142,0.8023143683702989,binary,custom,immune
LNYKCQRHVFGDSEMIWTAP,0.7959182423826786,0.8270412642669008,binary,resnet,immune
RGKVYMIECLTHNPQWDSFA,0.7999473400607426,0.8132701421800947,binary,custom,immune
RGKVYMIECLTHNPQWDSFA,0.8751755331308579,0.8857677902621723,binary,resnet,immune
QFSRDWEHLPICMNGAYVTK,0.8063992031612292,0.8175740210124164,binary,custom,immune
QFSRDWEHLPICMNGAYVTK,0.8637944547859312,0.8614762386248737,binary,resnet,immune
WPESDNLMHRVGQTFAYICK,0.8198825969106169,0.8288461538461539,binary,custom,immune
WPESDNLMHRVGQTFAYICK,0.8656375526599392,0.875,binary,resnet,immune
FCHWARTYMNGLPDEIKSQV,0.7943547728682929,0.80078125,binary,custom,immune
FCHWARTYMNGLPDEIKSQV,0.8738284184056693,0.8855813953488372,binary,resnet,immune
VYEPQIMLHADTGNKCWRSF,0.8056235916527874,0.8109696376101861,binary,custom,immune
VYEPQIMLHADTGNKCWRSF,0.8165331798438981,0.8472222222222222,binary,resnet,immune
GFSWVYHDMQLNRPIEKATC,0.801298536951765,0.8175865294667914,binary,custom,immune
GFSWVYHDMQLNRPIEKATC,0.8206745370823945,0.8504347826086956,binary,resnet,immune
MIPECQGVSDHTNAWKRFLY,0.8135307468730609,0.8284910965323337,binary,custom,immune
MIPECQGVSDHTNAWKRFLY,0.8342538617288788,0.8606485539000877,binary,resnet,immune
TVFGKDHMEWNACYPLRISQ,0.7963774860389928,0.802734375,binary,custom,immune
TVFGKDHMEWNACYPLRISQ,0.861020623101793,0.8760330578512396,binary,resnet,immune
WYANDEVQTFHGSPCRIKLM,0.8077463178864179,0.8173076923076923,binary,custom,immune
WYANDEVQTFHGSPCRIKLM,0.8464819894843407,0.8676207513416816,binary,resnet,immune
FCVGWSAMNLYHQPTKIERD,0.8241158028803761,0.8275862068965517,binary,custom,immune
FCVGWSAMNLYHQPTKIERD,0.8267896215015839,0.8013392857142857,binary,resnet,immune
FASIPGKWQTCHMEYDVRNL,0.8135266647072271,0.8240917782026769,binary,custom,immune
FASIPGKWQTCHMEYDVRNL,0.7645223049541163,0.8044788975021533,binary,resnet,immune
TQFMWEAYHRINSVDCKPGL,0.8007188694033507,0.8150943396226416,binary,custom,immune
TQFMWEAYHRINSVDCKPGL,0.7888030273341825,0.8329177057356608,binary,resnet,immune
TIPQLNAEKDVHGSCYMRFW,0.8125632735704256,0.8229665071770335,binary,custom,immune
TIPQLNAEKDVHGSCYMRFW,0.8622677247640509,0.8730009407337723,binary,resnet,immune
MYCSDPVNLITQREKAGFHW,0.8043764899905295,0.8156638013371538,binary,custom,immune
MYCSDPVNLITQREKAGFHW,0.8652579112373862,0.8792626728110599,binary,resnet,immune
LEFRNGSTCQMWDHPIKAVY,0.7951303843767349,0.8076190476190476,binary,custom,immune
LEFRNGSTCQMWDHPIKAVY,0.8663049867737826,0.8697355533790402,binary,resnet,immune
EKNYRGPMDSLHCWTVAIQF,0.8130470102217433,0.8257575757575758,binary,custom,immune
EKNYRGPMDSLHCWTVAIQF,0.8687114235328696,0.8706811451135242,binary,resnet,immune
FLTWNGECMPDHSKIQRVAY,0.8171883674602397,0.8292220113851992,binary,custom,immune
FLTWNGECMPDHSKIQRVAY,0.8525378824989387,0.8625592417061612,binary,resnet,immune
GPETCVNLKRDSHYFAQWMI,0.8231605760752425,0.8352272727272727,binary,custom,immune
GPETCVNLKRDSHYFAQWMI,0.8631351850037556,0.874296435272045,binary,resnet,immune
LAGYIKRCSEMPVHDFQWTN,0.7975409033016557,0.812793979303857,binary,custom,immune
LAGYIKRCSEMPVHDFQWTN,0.8695788837725743,0.8720472440944882,binary,resnet,immune
RGNCDFQMYKSTIEWAHLPV,0.8035090297508247,0.814176245210728,binary,custom,immune
RGNCDFQMYKSTIEWAHLPV,0.8507866333561935,0.8435233160621761,binary,resnet,immune
TVDQFIRSWKYHLCEAPNMG,0.7957100519251494,0.8101983002832861,binary,custom,immune
TVDQFIRSWKYHLCEAPNMG,0.82597522941772,0.8576329331046312,binary,resnet,immune
GSCAPEQYTRKLMWFNHIVD,0.8118917572907483,0.8253068932955618,binary,custom,immune
GSCAPEQYTRKLMWFNHIVD,0.8678521276248325,0.876425855513308,binary,resnet,immune
LWNRVPMAQEDYGSCIHKTF,0.8163209072205349,0.8277830637488106,binary,custom,immune
LWNRVPMAQEDYGSCIHKTF,0.8719812383658274,0.8693009118541033,binary,resnet,immune
DRHMGCTWAQLPFNYSEKIV,0.8185314000195945,0.8245614035087719,binary,custom,immune
DRHMGCTWAQLPFNYSEKIV,0.8814355344371511,0.8909774436090225,binary,resnet,immune
VRGCADQWLIPFESTYNMHK,0.8060154795728423,0.818957345971564,binary,custom,immune
VRGCADQWLIPFESTYNMHK,0.8631311028379217,0.8708133971291866,binary,resnet,immune
WQLEMPCGTSYVIAFRKHDN,0.8326944743803272,0.8424068767908309,binary,custom,immune
WQLEMPCGTSYVIAFRKHDN,0.865349759968649,0.8757062146892656,binary,resnet,immune
PSNGMCEDHLVYAIWKQFRT,0.8129510793246465,0.8260869565217391,binary,custom,immune
PSNGMCEDHLVYAIWKQFRT,0.8575507821429738,0.8709377901578459,binary,resnet,immune
LVHYWIFQSNRKEACPTGMD,0.8020659841285392,0.8148148148148148,binary,custom,immune
LVHYWIFQSNRKEACPTGMD,0.8471494235981842,0.8624192059095106,binary,resnet,immune
MTDQWVPSHCGELIKYFNAR,0.8278734365304856,0.8325171400587659,binary,custom,immune
MTDQWVPSHCGELIKYFNAR,0.8791127820776591,0.8798411122144985,binary,resnet,immune
EPWFMHIACQVGKTRLDNYS,0.8296124391757289,0.8396946564885496,binary,custom,immune
EPWFMHIACQVGKTRLDNYS,0.8793128082035204,0.8861244019138756,binary,resnet,immune
PQDHYLRSAMGTEFVCIKWN,0.8312473465922081,0.8386473429951691,binary,custom,immune
PQDHYLRSAMGTEFVCIKWN,0.8592816204565494,0.8700564971751412,binary,resnet,immune
YHVKDLQWTRCFEGSMNIPA,0.8069788707096438,0.8200757575757576,binary,custom,immune
YHVKDLQWTRCFEGSMNIPA,0.8700667025897262,0.8778625954198473,binary,resnet,immune
YIPNCKGTSVRQMEDWALFH,0.8196907351164234,0.8295019157088123,binary,custom,immune
YIPNCKGTSVRQMEDWALFH,0.8768063583815029,0.8820116054158608,binary,resnet,immune
KYRTVSENQGICWDAHFMLP,0.8065910649554228,0.8168744007670182,binary,custom,immune
KYRTVSENQGICWDAHFMLP,0.8607246660788348,0.8698955365622032,binary,resnet,immune
DFPILKWNVGTQEHCAYRSM,0.8217175304529571,0.8356807511737089,binary,custom,immune
DFPILKWNVGTQEHCAYRSM,0.8796883674602396,0.878391959798995,binary,resnet,immune
VITNYKEWDHCLSFQRGMAP,0.8387626138924268,0.8481375358166189,binary,custom,immune
VITNYKEWDHCLSFQRGMAP,0.8710341758923614,0.8822429906542056,binary,resnet,immune
SLEIMQYWHTFCVDGKPNRA,0.8155493778779269,0.8260038240917782,binary,custom,immune
SLEIMQYWHTFCVDGKPNRA,0.884701267104275,0.8869223205506391,binary,resnet,immune
MDYCSIQFWVKRTHANGPEL,0.7956100388622188,0.8057692307692308,binary,custom,immune
MDYCSIQFWVKRTHANGPEL,0.8374195813330721,0.8520930232558139,binary,resnet,immune
QTAPGCLYVWNIMFKHERSD,0.7972449462786976,0.804284323271665,binary,custom,immune
QTAPGCLYVWNIMFKHERSD,0.8733365174226837,0.8767123287671232,binary,resnet,immune
WYVIPEQMAHLDGKSCRTNF,0.8090015838803436,0.821969696969697,binary,custom,immune
WYVIPEQMAHLDGKSCRTNF,0.8417609646974299,0.8622862286228623,binary,resnet,immune
HRFNTIDSPYMKQAVCGWEL,0.811983606022011,0.8204633204633205,binary,custom,immune
HRFNTIDSPYMKQAVCGWEL,0.869766663400934,0.8678102926337034,binary,resnet,immune
KWHVIFSGCQRLETNYPADM,0.8063992031612292,0.8175740210124164,binary,custom,immune
KWHVIFSGCQRLETNYPADM,0.8650456386140231,0.8617886178861789,binary,resnet,immune
EIDGTSHAFLCYKWRPQNMV,0.8118835929590803,0.816125860373648,binary,custom,immune
EIDGTSHAFLCYKWRPQNMV,0.8717016100062049,0.8772946859903382,binary,resnet,immune
CQRAYTIWSEVHDGFKMNPL,0.8085178472290259,0.8191387559808613,binary,custom,immune
CQRAYTIWSEVHDGFKMNPL,0.8508152085170309,0.8705035971223022,binary,resnet,immune
TLEPWRNFGIYVKHADSCMQ,0.8194988733222298,0.8301526717557252,binary,custom,immune
TLEPWRNFGIYVKHADSCMQ,0.8593734691878122,0.8662175168431184,binary,resnet,immune
VHMNEPQYTIFCRLKDAWSG,0.818247689494138,0.8300094966761633,binary,custom,immune
VHMNEPQYTIFCRLKDAWSG,0.8250996048463473,0.8492417484388939,binary,resnet,immune
LRPKHSWQMNCYIGAETFDV,0.7944547859312238,0.8053691275167785,binary,custom,immune
LRPKHSWQMNCYIGAETFDV,0.8671806113451552,0.8780487804878049,binary,resnet,immune
FDWAPGYLNQMCVKTHRISE,0.7937873518173804,0.8126159554730983,binary,custom,immune
FDWAPGYLNQMCVKTHRISE,0.8624595865582444,0.8725212464589235,binary,resnet,immune
GLYTEHDAKQVPFWNICSMR,0.819019218836746,0.831758034026465,binary,custom,immune
GLYTEHDAKQVPFWNICSMR,0.8570711276574899,0.8721251149954001,binary,resnet,immune
IEQGWTFNSVLKADHPCYRM,0.823736161457823,0.8333333333333334,binary,custom,immune
IEQGWTFNSVLKADHPCYRM,0.8589897455994252,0.8672397325692455,binary,resnet,immune
MVPGIQELNHRKTCAWFYSD,0.7883866464191243,0.7996164908916586,binary,custom,immune
MVPGIQELNHRKTCAWFYSD,0.8786331275921753,0.8810226155358899,binary,resnet,immune
DNWIVHYTGRCLQFESMAKP,0.8188232748767186,0.8280499519692603,binary,custom,immune
DNWIVHYTGRCLQFESMAKP,0.8797924626890044,0.885024154589372,binary,resnet,immune
HYTKENVPIRDWCQFSLAMG,0.8200785408706442,0.8325449385052034,binary,custom,immune
HYTKENVPIRDWCQFSLAMG,0.8738284184056693,0.8855813953488372,binary,resnet,immune
GPFKMEVSYRWCNQDAHLIT,0.8125591914045917,0.818359375,binary,custom,immune
GPFKMEVSYRWCNQDAHLIT,0.850331471865713,0.8683015440508629,binary,resnet,immune
ITGPVDMNLYFKCSQAWRHE,0.8234442866006989,0.8299319727891157,binary,custom,immune
ITGPVDMNLYFKCSQAWRHE,0.8598490415074621,0.8611111111111112,binary,resnet,immune
PQACRMNYGVIFKEHWTLSD,0.7972531106103653,0.813844714686623,binary,custom,immune
PQACRMNYGVIFKEHWTLSD,0.8599613010678947,0.8752293577981651,binary,resnet,immune
AMDWFIHNREGVSQCLYTKP,0.8145859867411254,0.8248803827751197,binary,custom,immune
AMDWFIHNREGVSQCLYTKP,0.8661090428137552,0.8665338645418327,binary,resnet,immune
GKTAENHCVFIDWMRLPQYS,0.823352437869436,0.8346007604562737,binary,custom,immune
GKTAENHCVFIDWMRLPQYS,0.8156698017700271,0.8495726495726496,binary,resnet,immune
TYFIWKGRSLVNCHQDPEMA,0.8071707325038373,0.8193916349809885,binary,custom,immune
TYFIWKGRSLVNCHQDPEMA,0.855824025995232,0.8751123090745733,binary,resnet,immune
HNWSPEGFDIKYCRALQTMV,0.8000391887920055,0.8081395348837209,binary,custom,immune
HNWSPEGFDIKYCRALQTMV,0.7529738578099997,0.8052805280528053,binary,resnet,immune
QLNDFICEWYRSTHGVPAMK,0.8131388589530061,0.8209099709583737,binary,custom,immune
QLNDFICEWYRSTHGVPAMK,0.864102658306391,0.8786764705882353,binary,resnet,immune
WRDCYINHVQPFLAKESGMT,0.8171924496260735,0.8334883720930233,binary,custom,immune
WRDCYINHVQPFLAKESGMT,0.8700707847555599,0.8811973807296539,binary,resnet,immune
IATLFESVPRGMCKWYHDNQ,0.8118876751249142,0.8208092485549133,binary,custom,immune
IATLFESVPRGMCKWYHDNQ,0.8768104405473368,0.885308056872038,binary,resnet,immune
KRPGHSETDLIFNYWMCVAQ,0.8105405603997257,0.8210526315789474,binary,custom,immune
KRPGHSETDLIFNYWMCVAQ,0.8154779399758336,0.8500851788756388,binary,resnet,immune
DARIGHYLWSMNECTVQPKF,0.823736161457823,0.8333333333333334,binary,custom,immune
DARIGHYLWSMNECTVQPKF,0.8573589203487803,0.8714153561517114,binary,resnet,immune
YDMQNSHWTVPAERGKLCFI,0.8087056268573855,0.8137254901960784,binary,custom,immune
YDMQNSHWTVPAERGKLCFI,0.8653538421344829,0.8790397045244691,binary,resnet,immune
GFKIEATPRDMCVSLWNHYQ,0.8143900427810978,0.8210116731517509,binary,custom,immune
GFKIEATPRDMCVSLWNHYQ,0.8725609059142418,0.8714859437751004,binary,resnet,immune
ESWHYVMCKNRFIPAGDQTL,0.8066910780183535,0.8210922787193974,binary,custom,immune
ESWHYVMCKNRFIPAGDQTL,0.8734406126514483,0.8832391713747646,binary,resnet,immune
PSQMRVELIFNYTKWCADHG,0.8246995525946248,0.8344497607655502,binary,custom,immune
PSQMRVELIFNYTKWCADHG,0.8426365892688026,0.870242214532872,binary,resnet,immune
YCWKTGNAQDLSERVHFPMI,0.8129510793246465,0.8260869565217391,binary,custom,immune
YCWKTGNAQDLSERVHFPMI,0.870930080663597,0.8757281553398059,binary,resnet,immune
DVHTASEKLYMQPNIGCFWR,0.8010066620946408,0.8140417457305503,binary,custom,immune
DVHTASEKLYMQPNIGCFWR,0.8760348290388948,0.880466472303207,binary,resnet,immune
CIRQNDKWTVFSHYEALPGM,0.8123714117762321,0.8236415633937083,binary,custom,immune
CIRQNDKWTVFSHYEALPGM,0.8655457039286765,0.8785912882298424,binary,resnet,immune
KYFCAWREPVNLGSDIQMHT,0.8114080206394305,0.8225190839694656,binary,custom,immune
KYFCAWREPVNLGSDIQMHT,0.8571670585545866,0.871889400921659,binary,resnet,immune
MKYHNRTLPQIWVACDGFES,0.7819347833186375,0.7954329210275928,binary,custom,immune
MKYHNRTLPQIWVACDGFES,0.8622554782665491,0.862,binary,resnet,immune
NDHIARPMFCTKWGLVSYQE,0.7905093726527547,0.8060263653483992,binary,custom,immune
NDHIARPMFCTKWGLVSYQE,0.8900019594396003,0.8944820909970959,binary,resnet,immune
KQMYFDVGIREATSCPHWNL,0.8036090428137552,0.8184383819379115,binary,custom,immune
KQMYFDVGIREATSCPHWNL,0.8565833088403383,0.8663507109004739,binary,resnet,immune
LFTWMVDPQRICAEYKSGNH,0.8020659841285392,0.8148148148148148,binary,custom,immune
LFTWMVDPQRICAEYKSGNH,0.861788070278567,0.8741845293569431,binary,resnet,immune
CPSFQDMHVIENTGLRYAKW,0.7808754612847393,0.7946768060836502,binary,custom,immune
CPSFQDMHVIENTGLRYAKW,0.8532175631102837,0.8679593721144968,binary,resnet,immune
LNTKFPICEQDVGWMAYSRH,0.8173761470885994,0.8241010689990281,binary,custom,immune
LNTKFPICEQDVGWMAYSRH,0.8854687142810489,0.8851148851148851,binary,resnet,immune
KRYNSWDMHVILCAQEGPFT,0.8152656673524705,0.8313140726933831,binary,custom,immune
KRYNSWDMHVILCAQEGPFT,0.8670805982822246,0.874880611270296,binary,resnet,immune
LNQSTARDPWICHYMEFGKV,0.8031212239966036,0.8108632395732299,binary,custom,immune
LNQSTARDPWICHYMEFGKV,0.8414772541719735,0.8664323374340949,binary,resnet,immune
GVWPTKADEYSLFNHCRIMQ,0.8236443127265602,0.837863167760075,binary,custom,immune
GVWPTKADEYSLFNHCRIMQ,0.8745836190849416,0.8734939759036144,binary,resnet,immune
APTSKWGIDCMQNHRFVYLE,0.8123714117762321,0.8236415633937083,binary,custom,immune
APTSKWGIDCMQNHRFVYLE,0.8690073805558277,0.877025738798856,binary,resnet,immune
IWFDRPTCAGMESYQHVLNK,0.808034110577708,0.816247582205029,binary,custom,immune
IWFDRPTCAGMESYQHVLNK,0.8357928382482609,0.8601769911504424,binary,resnet,immune
TPQLGIFNDEWRAHCVYSKM,0.8138185395643512,0.827521206409048,binary,custom,immune
TPQLGIFNDEWRAHCVYSKM,0.8515826556938049,0.8686131386861314,binary,resnet,immune
KRIAEYFSWVNTGHMQCLPD,0.8071707325038373,0.8193916349809885,binary,custom,immune
KRIAEYFSWVNTGHMQCLPD,0.7827348878220828,0.827930174563591,binary,resnet,immune
DPYERTFLMAKQSIHCGVWN,0.801774109271415,0.8111753371868978,binary,custom,immune
DPYERTFLMAKQSIHCGVWN,0.8697748277326018,0.8751210067763795,binary,resnet,immune
LMCDGEPTFIYASRQVHKNW,0.8148737794324156,0.8238691049085659,binary,custom,immune
LMCDGEPTFIYASRQVHKNW,0.8529338525848276,0.872072072072072,binary,resnet,immune
NIKDGFYMPEAQSVHRTWCL,0.8207459749844878,0.8258317025440313,binary,custom,immune
NIKDGFYMPEAQSVHRTWCL,0.8492721498318148,0.867513611615245,binary,resnet,immune
QRNMCWAITVGKDHPFLSYE,0.7910890402011691,0.8085901027077498,binary,custom,immune
QRNMCWAITVGKDHPFLSYE,0.874399921622416,0.8809980806142035,binary,resnet,immune
DESMFLQVRHWAPCGNYKIT,0.8146778354723883,0.8199608610567515,binary,custom,immune
DESMFLQVRHWAPCGNYKIT,0.8549606479213612,0.8770999115826702,binary,resnet,immune
NLHARQTGVEDCIWKSPFMY,0.8136225956043238,0.8237547892720306,binary,custom,immune
NLHARQTGVEDCIWKSPFMY,0.8811436595800268,0.888465204957102,binary,resnet,immune
DIVAMCWSHRGQFLPEYKTN,0.8254669997713987,0.8318756073858115,binary,custom,immune
DIVAMCWSHRGQFLPEYKTN,0.8655293752653408,0.864321608040201,binary,resnet,immune
TPKHEIGMVRQWDLSFCNAY,0.8078422487835145,0.8169556840077071,binary,custom,immune
TPKHEIGMVRQWDLSFCNAY,0.8795046699977139,0.8856868395773295,binary,resnet,immune
KCLTWDPASINFYEHMGRQV,0.806882939812547,0.8204158790170132,binary,custom,immune
KCLTWDPASINFYEHMGRQV,0.8772941771986545,0.8874296435272045,binary,resnet,immune
QMWILKTESGRNHDVFYCPA,0.8216134352241925,0.8273170731707317,binary,custom,immune
QMWILKTESGRNHDVFYCPA,0.869382939812547,0.8688688688688688,binary,resnet,immune
HDEAPIVFNMYGCSRKQTWL,0.8091893635087032,0.8166828322017459,binary,custom,immune
HDEAPIVFNMYGCSRKQTWL,0.8772819307011528,0.8773678963110668,binary,resnet,immune
WGNYKEACSPIFVMLRHDQT,0.8190151366709121,0.8273866923818708,binary,custom,immune
WGNYKEACSPIFVMLRHDQT,0.8902897521308905,0.8938656280428432,binary,resnet,immune
GINRLSDACFWPYKEQHMVT,0.8015822474772215,0.8119001919385797,binary,custom,immune
GINRLSDACFWPYKEQHMVT,0.863031089774991,0.8674463937621832,binary,resnet,immune
HKNMWFEDGYACLRIVPTSQ,0.7898337742072433,0.8037914691943128,binary,custom,immune
HKNMWFEDGYACLRIVPTSQ,0.8668805721563633,0.8681863230921705,binary,resnet,immune
PAKSILYCQRFGDNTEWHVM,0.8038927533392116,0.8127413127413128,binary,custom,immune
PAKSILYCQRFGDNTEWHVM,0.7874518304431599,0.8292682926829268,binary,resnet,immune
SPEAQVFHLRNYKGWMTCID,0.8035090297508247,0.814176245210728,binary,custom,immune
SPEAQVFHLRNYKGWMTCID,0.867364308807681,0.8705882352941177,binary,resnet,immune
ELQPFIKDAVSNRMGYTHWC,0.8052398680644003,0.8124392614188533,binary,custom,immune
ELQPFIKDAVSNRMGYTHWC,0.8179803076320171,0.8505154639175257,binary,resnet,immune
MFYGTPEKHINWSLAQRVDC,0.8146819176382222,0.8245445829338447,binary,custom,immune
MFYGTPEKHINWSLAQRVDC,0.8682480977107215,0.8852755194218609,binary,resnet,immune
DIMQWFRTKNVLESAGPCYH,0.7967693739590477,0.8109640831758034,binary,custom,immune
DIMQWFRTKNVLESAGPCYH,0.8656457169916071,0.8816029143897997,binary,resnet,immune
MKTYDLPAERIFHVGNCQSW,0.8115039515365272,0.8221797323135756,binary,custom,immune
MKTYDLPAERIFHVGNCQSW,0.845314490055844,0.8563327032136105,binary,resnet,immune
HKSFCWANPVQDRETGMLIY,0.8129429149929788,0.8169291338582677,binary,custom,immune
HKSFCWANPVQDRETGMLIY,0.7897500898076484,0.8178571428571428,binary,resnet,immune
NASTFDMCGHRQYWVPLKEI,0.8286408837072597,0.8298507462686567,binary,custom,immune
NASTFDMCGHRQYWVPLKEI,0.8756470232846739,0.8779527559055118,binary,resnet,immune
DREWKPIMVCNQTAHFSGYL,0.8160331145292448,0.8287606433301797,binary,custom,immune
DREWKPIMVCNQTAHFSGYL,0.8513948760654452,0.872435325602141,binary,resnet,immune
EDNYPLIGQHMRKFVCSWAT,0.8088097220861501,0.8226415094339623,binary,custom,immune
EDNYPLIGQHMRKFVCSWAT,0.8650660494431925,0.8797061524334252,binary,resnet,immune
SHMPIDVWKFQYENLCGATR,0.8196907351164234,0.8295019157088123,binary,custom,immune
SHMPIDVWKFQYENLCGATR,0.8644782175631103,0.8709055876685935,binary,resnet,immune
PAFCEQHTGDWKYSIVRMLN,0.7921442800692334,0.8045757864632984,binary,custom,immune
PAFCEQHTGDWKYSIVRMLN,0.8618880833414976,0.8772893772893773,binary,resnet,immune
NGFCAHSYRVPKQLDIMWET,0.8079422618464452,0.8211920529801324,binary,custom,immune
NGFCAHSYRVPKQLDIMWET,0.8529379347506614,0.8753315649867374,binary,resnet,immune
PLRKDYMWTEHAFNSGVICQ,0.8161249632605074,0.8239845261121856,binary,custom,immune
PLRKDYMWTEHAFNSGVICQ,0.8638903856830281,0.8611955420466059,binary,resnet,immune
CSIWRDMVTKEPFQHAYNGL,0.817863965905751,0.8312912346842601,binary,custom,immune
CSIWRDMVTKEPFQHAYNGL,0.8773941902615853,0.8903225806451613,binary,resnet,immune
NYPVETCWIMDGAKHQFLSR,0.7897378433101466,0.804162724692526,binary,custom,immune
NYPVETCWIMDGAKHQFLSR,0.8762266908330885,0.88,binary,resnet,immune
RNPDEASWTCKIYFVMQLGH,0.8151656542895399,0.8273244781783681,binary,custom,immune
RNPDEASWTCKIYFVMQLGH,0.8772900950328206,0.8842105263157894,binary,resnet,immune
IKQDPCGELRVMYTSWAFNH,0.8219053100813166,0.8307692307692308,binary,custom,immune
IKQDPCGELRVMYTSWAFNH,0.8232728356356749,0.8506151142355008,binary,resnet,immune
IHSFPDMRQTWYELNVKCGA,0.8096771823258548,0.8240827845719662,binary,custom,immune
IHSFPDMRQTWYELNVKCGA,0.8505314979915743,0.874451273046532,binary,resnet,immune
