encoding,auroc,f1,task,model,dataset
WCYKMVHQFDGRLITNEASP,0.8858903003026626,0.630500112322784,multiclass,custom,pfam
WCYKMVHQFDGRLITNEASP,0.9437576119208156,0.7426726273750276,multiclass,resnet,pfam
ETHMDRFVICQAYWLSKPNG,0.8871727335511785,0.6418137495584436,multiclass,custom,pfam
ETHMDRFVICQAYWLSKPNG,0.9442090141777981,0.7718927481397683,multiclass,resnet,pfam
PFWALGEMCVITRDNHYQSK,0.8912290594159039,0.6548841387033576,multiclass,custom,pfam
PFWALGEMCVITRDNHYQSK,0.9463645547024016,0.7760668172572366,multiclass,resnet,pfam
RDCVFTHISPLNYWQGAKEM,0.8916690743733195,0.6642819110279923,multiclass,custom,pfam
RDCVFTHISPLNYWQGAKEM,0.9352398716519206,0.7388140038062675,multiclass,resnet,pfam
YEWHQFAVPNSMLDTIKCGR,0.886114167598502,0.654288737065847,multiclass,custom,pfam
YEWHQFAVPNSMLDTIKCGR,0.9439542613649616,0.7762313070852125,multiclass,resnet,pfam
DGVYPCNMQWIFKLATHSRE,0.8815503393821574,0.6307809681450062,multiclass,custom,pfam
DGVYPCNMQWIFKLATHSRE,0.9401091379750367,0.7764548497555268,multiclass,resnet,pfam
VIGHKDSRFNPCWATQYELM,0.8822526054950295,0.6475400372479613,multiclass,custom,pfam
VIGHKDSRFNPCWATQYELM,0.9329285579447018,0.7362015316693281,multiclass,resnet,pfam
CVDGNAWHQYMRKTLPIEFS,0.8804178346433995,0.6429955187630998,multiclass,custom,pfam
CVDGNAWHQYMRKTLPIEFS,0.9410806511534713,0.768785258234888,multiclass,resnet,pfam
INHSWFPDQCTARYKMGLVE,0.8813018244776953,0.6443650717161756,multiclass,custom,pfam
INHSWFPDQCTARYKMGLVE,0.9386770670191673,0.749817145993425,multiclass,resnet,pfam
EHIGTSDFLMWNRAPQYVKC,0.8809204150325115,0.6471466705554152,multiclass,custom,pfam
EHIGTSDFLMWNRAPQYVKC,0.9424497303826929,0.7832569573102085,multiclass,resnet,pfam
IMGHEWQDRKVTYPNCASFL,0.8899030992074023,0.6491537336858499,multiclass,custom,pfam
IMGHEWQDRKVTYPNCASFL,0.9358222771354734,0.7704935038801495,multiclass,resnet,pfam
EGMHRYSLWFNAKDICPQVT,0.8800219321955005,0.6245232877708947,multiclass,custom,pfam
EGMHRYSLWFNAKDICPQVT,0.9432407915632742,0.7779816847009471,multiclass,resnet,pfam
YQLIRTMKGFCWAPSEDVHN,0.8827197838926312,0.635259580187003,multiclass,custom,pfam
YQLIRTMKGFCWAPSEDVHN,0.9341535893953484,0.6910909290666667,multiclass,resnet,pfam
NPACKGISRQEVLFDHYMTW,0.8831481629443614,0.6444868512837744,multiclass,custom,pfam
NPACKGISRQEVLFDHYMTW,0.9343687066490963,0.7513248801488539,multiclass,resnet,pfam
YGDCFRETVLQKASWMHIPN,0.8822441805379638,0.6547167049006413,multiclass,custom,pfam
YGDCFRETVLQKASWMHIPN,0.9442841376583505,0.7826733773015422,multiclass,resnet,pfam
YSELFDMTQCHVRINWAGPK,0.8897968756012101,0.6675012654935523,multiclass,custom,pfam
YSELFDMTQCHVRINWAGPK,0.9450963244781242,0.7753238585328708,multiclass,resnet,pfam
EVTSPIHDKMAYWQFNCGRL,0.881800384332475,0.62844479946883,multiclass,custom,pfam
EVTSPIHDKMAYWQFNCGRL,0.9437080412979988,0.775066007225932,multiclass,resnet,pfam
REDQGKPCMNIFWALTHYVS,0.8837454321568717,0.6419604599921096,multiclass,custom,pfam
REDQGKPCMNIFWALTHYVS,0.9404395082480381,0.7681692193706194,multiclass,resnet,pfam
EFYAPNHILWCTQKSDRVGM,0.881784844090094,0.6371669145883113,multiclass,custom,pfam
EFYAPNHILWCTQKSDRVGM,0.94070165455366,0.7583543953291407,multiclass,resnet,pfam
ITQELAFNPCGYHVWSMKDR,0.8852008671111132,0.6424114706000792,multiclass,custom,pfam
ITQELAFNPCGYHVWSMKDR,0.9362670690984511,0.7391455120495294,multiclass,resnet,pfam
TQMFCRVPYGKWADIHNLSE,0.8856609221627206,0.6433578046361325,multiclass,custom,pfam
TQMFCRVPYGKWADIHNLSE,0.9374288279965854,0.7565736469193236,multiclass,resnet,pfam
IMYQGVWNHRCDPEKATFSL,0.8867054536068147,0.6456855986847104,multiclass,custom,pfam
IMYQGVWNHRCDPEKATFSL,0.9477914759055303,0.7930344665552095,multiclass,resnet,pfam
MRVECIGLQDWKTNSHYAPF,0.8848882590817896,0.6331153704887351,multiclass,custom,pfam
MRVECIGLQDWKTNSHYAPF,0.9366448909984708,0.7468165421045158,multiclass,resnet,pfam
AMDCFGRSETINPQVWLKHY,0.8815428033318984,0.642494515653709,multiclass,custom,pfam
AMDCFGRSETINPQVWLKHY,0.9344616865309685,0.7572337908671372,multiclass,resnet,pfam
QHVGLKRTIMPYWSNFCAED,0.8848119516618389,0.6377967173243929,multiclass,custom,pfam
QHVGLKRTIMPYWSNFCAED,0.9443919186746184,0.7686842927148344,multiclass,resnet,pfam
QNDMHWTAEICGRLYVKPSF,0.8824416093666823,0.6434922869624711,multiclass,custom,pfam
QNDMHWTAEICGRLYVKPSF,0.9353673268689269,0.7463739026301216,multiclass,resnet,pfam
KWPRNLGSIVDFAMQEYCTH,0.8864399781329073,0.6420579825829884,multiclass,custom,pfam
KWPRNLGSIVDFAMQEYCTH,0.9421191497070467,0.7558343973953318,multiclass,resnet,pfam
ISANVEHFRPMDCQLWGTKY,0.8781429653295237,0.6334310079924568,multiclass,custom,pfam
ISANVEHFRPMDCQLWGTKY,0.9428264865053277,0.761000556517996,multiclass,resnet,pfam
NMYQFRDHLKWSTVPIEAGC,0.887988591547346,0.6453125774991909,multiclass,custom,pfam
NMYQFRDHLKWSTVPIEAGC,0.9400992002756816,0.7686652055526755,multiclass,resnet,pfam
INSVFHMRWQEGTCLAKDPY,0.8825730032524405,0.6394928659829864,multiclass,custom,pfam
INSVFHMRWQEGTCLAKDPY,0.9399025265485836,0.723917169785443,multiclass,resnet,pfam
NASRLHMKTECWDIPFVQYG,0.8762602675993053,0.6381704297921702,multiclass,custom,pfam
NASRLHMKTECWDIPFVQYG,0.9421596005043211,0.7745393322855587,multiclass,resnet,pfam
SAGQKFEICLNVYRMPHDTW,0.8849101401316606,0.6364494060001528,multiclass,custom,pfam
SAGQKFEICLNVYRMPHDTW,0.9372368691054275,0.7661382117264086,multiclass,resnet,pfam
KSHPVAQDRTCYFLMWEIGN,0.8819129308558684,0.6414058852245456,multiclass,custom,pfam
KSHPVAQDRTCYFLMWEIGN,0.9422963001817795,0.7608483124320014,multiclass,resnet,pfam
VKSWGANFYCRMPTQHELDI,0.8837644323703578,0.6449021446393395,multiclass,custom,pfam
VKSWGANFYCRMPTQHELDI,0.9426704977726269,0.7712964407756345,multiclass,resnet,pfam
SIYQATPRHKVDWNGEFLMC,0.884731892256157,0.6472827564236068,multiclass,custom,pfam
SIYQATPRHKVDWNGEFLMC,0.921602825898607,0.6751591219137595,multiclass,resnet,pfam
DGTQREFHIMWNKYAVCPSL,0.8775140522455797,0.6248390431589714,multiclass,custom,pfam
DGTQREFHIMWNKYAVCPSL,0.9339225473129155,0.7556607293768084,multiclass,resnet,pfam
VQRWNTEAFHIYLPSMCKDG,0.8839091800548351,0.6336189293857218,multiclass,custom,pfam
VQRWNTEAFHIYLPSMCKDG,0.9413732555046959,0.7726878576331744,multiclass,resnet,pfam
CRWHAFDYLVIQKGMTEPNS,0.8834368634923478,0.64298275602145,multiclass,custom,pfam
CRWHAFDYLVIQKGMTEPNS,0.9455268566158216,0.7785193545462156,multiclass,resnet,pfam
RKGWHTQEVSMAPLIYDFNC,0.8816395230453024,0.6387972638412038,multiclass,custom,pfam
RKGWHTQEVSMAPLIYDFNC,0.9475346853613669,0.7747774699392777,multiclass,resnet,pfam
DRQGIPVMCKSTNEHFAWYL,0.8822725979991487,0.6382743013026779,multiclass,custom,pfam
DRQGIPVMCKSTNEHFAWYL,0.9431101033253366,0.7761111832594677,multiclass,resnet,pfam
LYQFKNVTASRMEDWPCGIH,0.8846314466687535,0.6472847181134053,multiclass,custom,pfam
LYQFKNVTASRMEDWPCGIH,0.9437974685578066,0.7613683873497727,multiclass,resnet,pfam
MNRHFSTVQKGILWCYDPEA,0.8837867024690651,0.6327901647643288,multiclass,custom,pfam
MNRHFSTVQKGILWCYDPEA,0.9382931268470449,0.750919973786703,multiclass,resnet,pfam
AVSCKGNEWTQDLYFPIMRH,0.886141391842647,0.6412338370284303,multiclass,custom,pfam
AVSCKGNEWTQDLYFPIMRH,0.9403981962192371,0.7454589156292148,multiclass,resnet,pfam
LHYRGKPMSWIDQNCETVAF,0.8859821709694449,0.656260883647355,multiclass,custom,pfam
LHYRGKPMSWIDQNCETVAF,0.9437211699001125,0.7741470412725376,multiclass,resnet,pfam
SRLDGNWCHPIKMTFAYQVE,0.8828454386263284,0.6325709608888774,multiclass,custom,pfam
SRLDGNWCHPIKMTFAYQVE,0.9392315013641896,0.7381260492745492,multiclass,resnet,pfam
PTYDSVMIQHRGCKLFWAEN,0.8836196643419992,0.6365504632977165,multiclass,custom,pfam
PTYDSVMIQHRGCKLFWAEN,0.9433773377572594,0.779247123244773,multiclass,resnet,pfam
CEFMYPSQLRHIAWDVTNKG,0.8789862432705664,0.6430311283474333,multiclass,custom,pfam
CEFMYPSQLRHIAWDVTNKG,0.9380725641767873,0.7635905951847342,multiclass,resnet,pfam
MRWFSDCGLPQNVAETKYHI,0.883920722106674,0.6512126231783351,multiclass,custom,pfam
MRWFSDCGLPQNVAETKYHI,0.9407079703216003,0.7654490185328905,multiclass,resnet,pfam
CLGIKPWENMQSDRHYTFVA,0.8854974294592353,0.646568475354057,multiclass,custom,pfam
CLGIKPWENMQSDRHYTFVA,0.9462079926345348,0.7734521276158531,multiclass,resnet,pfam
RYLHWIVENAFDCTSGPKQM,0.8787646608277317,0.64375325265809,multiclass,custom,pfam
RYLHWIVENAFDCTSGPKQM,0.9308038654104107,0.7272573995747249,multiclass,resnet,pfam
SKLWEYIDVMPGHFRCQNAT,0.879757683791337,0.6261763046764403,multiclass,custom,pfam
SKLWEYIDVMPGHFRCQNAT,0.9437304349706107,0.7650233883959027,multiclass,resnet,pfam
CPSDIHEKQNMRVFTWYLAG,0.8790992199515184,0.6374529034806031,multiclass,custom,pfam
CPSDIHEKQNMRVFTWYLAG,0.9385117699164713,0.7666626258248892,multiclass,resnet,pfam
HDFKVITLPCWESRYMGAQN,0.880679103782216,0.6368838683605587,multiclass,custom,pfam
HDFKVITLPCWESRYMGAQN,0.9437642880446262,0.7610589044219169,multiclass,resnet,pfam
ARIVKNCQHEFWSDYMLPTG,0.8795099746791208,0.6325685084018924,multiclass,custom,pfam
ARIVKNCQHEFWSDYMLPTG,0.9425365534100363,0.7674902991527184,multiclass,resnet,pfam
EQVNWPFMHLRTKACIYDGS,0.8780096254540608,0.6278524024190381,multiclass,custom,pfam
EQVNWPFMHLRTKACIYDGS,0.9310683953187077,0.743374091775459,multiclass,resnet,pfam
FYDLMRPSVEAHCNTWGKIQ,0.8816757817605545,0.6353467439854803,multiclass,custom,pfam
FYDLMRPSVEAHCNTWGKIQ,0.9357637500738392,0.7119652687278571,multiclass,resnet,pfam
GRETQVCKPYHIWLMNDASF,0.8811110114192744,0.6389325963299765,multiclass,custom,pfam
GRETQVCKPYHIWLMNDASF,0.9366239832803483,0.7651413453794091,multiclass,resnet,pfam
EFAHPMTQNRWLICVKDYGS,0.881621368778611,0.6482910436826314,multiclass,custom,pfam
EFAHPMTQNRWLICVKDYGS,0.9321425348374351,0.7501063911417647,multiclass,resnet,pfam
TQPNIDVKSHWGMCLFYRAE,0.8841522652750304,0.6541137152726627,multiclass,custom,pfam
TQPNIDVKSHWGMCLFYRAE,0.9439921917886471,0.7793171299524765,multiclass,resnet,pfam
DYFKMCHRITWEALGSNQPV,0.8849795481489163,0.6520564255521604,multiclass,custom,pfam
DYFKMCHRITWEALGSNQPV,0.922479822572253,0.6816310350138794,multiclass,resnet,pfam
RVYPFAGTINDWLKESMHCQ,0.8853654448940151,0.6378236937375659,multiclass,custom,pfam
RVYPFAGTINDWLKESMHCQ,0.9386929155934446,0.7489509704830307,multiclass,resnet,pfam
HLQPAYFKGICMNVRSTDWE,0.8849547238326874,0.6591399310385893,multiclass,custom,pfam
HLQPAYFKGICMNVRSTDWE,0.938540500862614,0.7446644150052639,multiclass,resnet,pfam
PHIDASTEKYQRFCGMNLVW,0.8837037182716427,0.6456939134374002,multiclass,custom,pfam
PHIDASTEKYQRFCGMNLVW,0.9450664610286317,0.7826688844603902,multiclass,resnet,pfam
SFCLQIMTYKGEHDWRVANP,0.8809120406934561,0.6380675488050596,multiclass,custom,pfam
SFCLQIMTYKGEHDWRVANP,0.9374005576395049,0.7601544662988828,multiclass,resnet,pfam
LGENIQYPCADRVMKSTWHF,0.8796193623509929,0.6393321105445533,multiclass,custom,pfam
LGENIQYPCADRVMKSTWHF,0.9418855368539644,0.7657690830389408,multiclass,resnet,pfam
MAESPVFDNLQYGWCTHIKR,0.8791164463438073,0.6416128546852758,multiclass,custom,pfam
MAESPVFDNLQYGWCTHIKR,0.9367706120407024,0.7712903536092409,multiclass,resnet,pfam
CTFGELVKDRHPNIAWMSQY,0.8817186692872226,0.645470281981038,multiclass,custom,pfam
CTFGELVKDRHPNIAWMSQY,0.9396011379179878,0.772551281178706,multiclass,resnet,pfam
KCDQFWVATPRHYNSLIGME,0.8890723195282891,0.6489972194079539,multiclass,custom,pfam
KCDQFWVATPRHYNSLIGME,0.9426326523311171,0.7662826209310706,multiclass,resnet,pfam
TDCGRLQNEHVYKSAPMFIW,0.8897801331115183,0.6352321031124242,multiclass,custom,pfam
TDCGRLQNEHVYKSAPMFIW,0.9432769484512524,0.7651394577343155,multiclass,resnet,pfam
RTVIDQPEMFGSAHCKWYLN,0.8833109244174183,0.6426898056938515,multiclass,custom,pfam
RTVIDQPEMFGSAHCKWYLN,0.9425457625709207,0.7631816356293574,multiclass,resnet,pfam
HSMENPDLCTQVKIFGYAWR,0.8824313210019238,0.6265725575839866,multiclass,custom,pfam
HSMENPDLCTQVKIFGYAWR,0.9396900308766863,0.7588589302612518,multiclass,resnet,pfam
FRGISVPLEWHMACDTKYQN,0.8783370906394948,0.6354662970987872,multiclass,custom,pfam
FRGISVPLEWHMACDTKYQN,0.9359739179168949,0.769146173610559,multiclass,resnet,pfam
PHELDCNFQAKSIVTWGMRY,0.8853730705237192,0.6574314292273623,multiclass,custom,pfam
PHELDCNFQAKSIVTWGMRY,0.9313742189842253,0.7165108539086027,multiclass,resnet,pfam
DANLYSPGFQIVHCEKTMRW,0.8838353108334672,0.6558994524902261,multiclass,custom,pfam
DANLYSPGFQIVHCEKTMRW,0.9388492437092785,0.7377978934839384,multiclass,resnet,pfam
ACVSIQHDKRETNGMPWFYL,0.8843474073052302,0.6468368617209503,multiclass,custom,pfam
ACVSIQHDKRETNGMPWFYL,0.9387529088329474,0.7637140972877331,multiclass,resnet,pfam
WNQFPLGERSIYCDHMAKVT,0.8857542923933366,0.6600287822803358,multiclass,custom,pfam
WNQFPLGERSIYCDHMAKVT,0.9428428426573389,0.7810867233863414,multiclass,resnet,pfam
NLTHSEVGFPRWKQDYMAIC,0.8815333206247175,0.6362989937965938,multiclass,custom,pfam
NLTHSEVGFPRWKQDYMAIC,0.939976283521266,0.7602105938828106,multiclass,resnet,pfam
RKCTQDSLMFHYVEPWIAGN,0.8843941842167853,0.6367479982240223,multiclass,custom,pfam
RKCTQDSLMFHYVEPWIAGN,0.9468659917672235,0.759795309080239,multiclass,resnet,pfam
YIDQCMSAVHTFNWPERLKG,0.8842231399640195,0.6445152834870301,multiclass,custom,pfam
YIDQCMSAVHTFNWPERLKG,0.9456872021756046,0.7618738000219478,multiclass,resnet,pfam
HRAWVGLQFDPNYSTICKEM,0.8829379673138253,0.639529948485624,multiclass,custom,pfam
HRAWVGLQFDPNYSTICKEM,0.9448644343376783,0.781242997517316,multiclass,resnet,pfam
VQPLKYNAFDGCTRIWEMHS,0.8814172339037158,0.6194170742048882,multiclass,custom,pfam
VQPLKYNAFDGCTRIWEMHS,0.9406171388469323,0.7495271955248941,multiclass,resnet,pfam
IKSHGDALFVPMQWYTNRCE,0.8820783943657997,0.6439035450504347,multiclass,custom,pfam
IKSHGDALFVPMQWYTNRCE,0.9408143186082907,0.7526362488085325,multiclass,resnet,pfam
ISRPFGLKVNCMAWHTQYDE,0.8831484576752068,0.6471024868912794,multiclass,custom,pfam
ISRPFGLKVNCMAWHTQYDE,0.9410736581402496,0.7581290800333464,multiclass,resnet,pfam
QLCHDVGSNRFMPEYTAIKW,0.8854675285038203,0.6595217846326142,multiclass,custom,pfam
QLCHDVGSNRFMPEYTAIKW,0.9415693126088565,0.7622891494868844,multiclass,resnet,pfam
HISENLKDGTFPYCWAQRVM,0.8818799914745892,0.6444567823389877,multiclass,custom,pfam
HISENLKDGTFPYCWAQRVM,0.9406593169366774,0.7550909203586776,multiclass,resnet,pfam
LWDRHPINKCYGSTVEFQAM,0.8868852922813527,0.6549949430252249,multiclass,custom,pfam
LWDRHPINKCYGSTVEFQAM,0.9459580808089099,0.7739285967231951,multiclass,resnet,pfam
RYVDGHFMTICQWSNLKEPA,0.8857912876561631,0.6522674737762622,multiclass,custom,pfam
RYVDGHFMTICQWSNLKEPA,0.9351013351281077,0.7625556410896862,multiclass,resnet,pfam
DFCGVINPRKMWLAETYSQH,0.8827048508402203,0.6356934605880529,multiclass,custom,pfam
DFCGVINPRKMWLAETYSQH,0.9449043479589406,0.7843255023214933,multiclass,resnet,pfam
HLNIKWEQDPTRYCGFMVSA,0.8819853646488107,0.6463993466937041,multiclass,custom,pfam
HLNIKWEQDPTRYCGFMVSA,0.9460954758169274,0.784335444876581,multiclass,resnet,pfam
EHPLTWASVIRCDKMGNQFY,0.888963961529716,0.6580880396864497,multiclass,custom,pfam
EHPLTWASVIRCDKMGNQFY,0.935900992685793,0.750190605305283,multiclass,resnet,pfam
PVHTLCKRQNYASDGMFIEW,0.8757248895362262,0.6366382378596249,multiclass,custom,pfam
PVHTLCKRQNYASDGMFIEW,0.9431413997932385,0.7646052996688366,multiclass,resnet,pfam
NSEIHKQALCTVPDGFYMRW,0.8836938060510615,0.6484482244215982,multiclass,custom,pfam
NSEIHKQALCTVPDGFYMRW,0.9420664436637353,0.7739762315814722,multiclass,resnet,pfam
GRKDTWALFCVQIYPSHNEM,0.8864132214410564,0.6419651750804227,multiclass,custom,pfam
GRKDTWALFCVQIYPSHNEM,0.9462181331591968,0.7834626545606145,multiclass,resnet,pfam
KHNMRIDTVELPWQAYCSFG,0.8823297305615057,0.6566431826403358,multiclass,custom,pfam
KHNMRIDTVELPWQAYCSFG,0.9398128982983149,0.7562894668115481,multiclass,resnet,pfam
FMPVCSINYRTKLQHDEGAW,0.8904760018949668,0.6560667195889189,multiclass,custom,pfam
FMPVCSINYRTKLQHDEGAW,0.9430238912856777,0.7436857399277585,multiclass,resnet,pfam
PMYHWENQKRSTACVIFDGL,0.8838345142904849,0.6434095236783792,multiclass,custom,pfam
PMYHWENQKRSTACVIFDGL,0.9399830654397683,0.7426651280429055,multiclass,resnet,pfam
AEKWTMIFGSLRNQYDVCPH,0.8794933984815284,0.6354847022263624,multiclass,custom,pfam
AEKWTMIFGSLRNQYDVCPH,0.9470408303852583,0.7850745042998468,multiclass,resnet,pfam
CQVRATHPWMNSYDKFGILE,0.8843049454339396,0.6515973891504702,multiclass,custom,pfam
CQVRATHPWMNSYDKFGILE,0.9412027634477884,0.7600533089325625,multiclass,resnet,pfam
KSAVEWPNGYRQTDLHIFCM,0.8876527860957502,0.6560657554739436,multiclass,custom,pfam
KSAVEWPNGYRQTDLHIFCM,0.947411007138647,0.7690621314962532,multiclass,resnet,pfam
NSRPAHMTWIYQGFDVLKEC,0.8855640934273261,0.645433980381961,multiclass,custom,pfam
NSRPAHMTWIYQGFDVLKEC,0.9434333251115721,0.7721296587829308,multiclass,resnet,pfam
VYNWQHTCLRPGDFMASIEK,0.8862607775058142,0.661678107481027,multiclass,custom,pfam
VYNWQHTCLRPGDFMASIEK,0.9377271645419656,0.7436980284090898,multiclass,resnet,pfam
EIDCMTRWAGPFKQLSYHVN,0.886501699708203,0.6468321723454693,multiclass,custom,pfam
EIDCMTRWAGPFKQLSYHVN,0.9450443391412687,0.7680672106229036,multiclass,resnet,pfam
CGVPETHYMFIWQKLNDSRA,0.8824482670824068,0.6389639312790443,multiclass,custom,pfam
CGVPETHYMFIWQKLNDSRA,0.9361843346432842,0.7350756292443352,multiclass,resnet,pfam
WTGEKAQDCVMFSRNYPHLI,0.8878339231379414,0.6533193216646067,multiclass,custom,pfam
WTGEKAQDCVMFSRNYPHLI,0.9442760425509167,0.7680213000349214,multiclass,resnet,pfam
YWTPDQLNMIEAFVKSHRCG,0.8898603602413967,0.6577208020728934,multiclass,custom,pfam
YWTPDQLNMIEAFVKSHRCG,0.9370238249162866,0.7682656039326929,multiclass,resnet,pfam
DMQGINKPEWHCRSVTYFLA,0.8823332311374689,0.6431362002268987,multiclass,custom,pfam
DMQGINKPEWHCRSVTYFLA,0.9357174362530719,0.7317973831706894,multiclass,resnet,pfam
PLKNFVWHSYCEAGQTDMIR,0.8827559453404266,0.6426069775872782,multiclass,custom,pfam
PLKNFVWHSYCEAGQTDMIR,0.9415574973067145,0.7781123592302848,multiclass,resnet,pfam
QMVEKICPFGYSAWLDNRHT,0.8765602378541819,0.630970647475442,multiclass,custom,pfam
QMVEKICPFGYSAWLDNRHT,0.9392284286580141,0.7768464947195975,multiclass,resnet,pfam
IYAPKQCMWSGLTFDHRNVE,0.8835320093987425,0.6540922030609636,multiclass,custom,pfam
IYAPKQCMWSGLTFDHRNVE,0.9359923226767688,0.755474439014945,multiclass,resnet,pfam
PRKIVWYGDAELMFCNSTQH,0.8866779122815815,0.6454833862086364,multiclass,custom,pfam
PRKIVWYGDAELMFCNSTQH,0.9484977540853556,0.7824319934164402,multiclass,resnet,pfam
FMINPWCQGLKDHRTYVSEA,0.8851812024523514,0.6560641808592078,multiclass,custom,pfam
FMINPWCQGLKDHRTYVSEA,0.9368990767112516,0.7740537947000115,multiclass,resnet,pfam
EGQNRVHFTACMYSWIKDLP,0.880485115186049,0.6337288512875832,multiclass,custom,pfam
EGQNRVHFTACMYSWIKDLP,0.9403943509111465,0.764673570443834,multiclass,resnet,pfam
DHTEQWMRALSVIPGYCKNF,0.8856738278485585,0.6477733734556826,multiclass,custom,pfam
DHTEQWMRALSVIPGYCKNF,0.9414738327823511,0.7715308959427274,multiclass,resnet,pfam
RNYVCFKEQSTLAIHWPMDG,0.8876537188560022,0.6528476077967783,multiclass,custom,pfam
RNYVCFKEQSTLAIHWPMDG,0.9424806585906838,0.7714422937952732,multiclass,resnet,pfam
IPCDYTWGSANFVQERLKHM,0.8870724690750553,0.6457902270207813,multiclass,custom,pfam
IPCDYTWGSANFVQERLKHM,0.9420617429627622,0.7730921869186098,multiclass,resnet,pfam
RTKPFMVIEQLCGNYHDSAW,0.8901920800622737,0.6614736428058151,multiclass,custom,pfam
RTKPFMVIEQLCGNYHDSAW,0.942829966284411,0.7366202903819641,multiclass,resnet,pfam
TLFQGHEAYIKPNWCSMDRV,0.8848303980177219,0.64290332684972,multiclass,custom,pfam
TLFQGHEAYIKPNWCSMDRV,0.9423899078492282,0.7748104279976576,multiclass,resnet,pfam
PEKFYSIMHQLDANVGCWTR,0.8793414422865364,0.6376240222904762,multiclass,custom,pfam
PEKFYSIMHQLDANVGCWTR,0.9336247756379198,0.7491524836936352,multiclass,resnet,pfam
HRQICEMFWGPYKVTDLNSA,0.8842225018488243,0.6411128427667677,multiclass,custom,pfam
HRQICEMFWGPYKVTDLNSA,0.9396830755409272,0.7586446258081149,multiclass,resnet,pfam
GTMAEQVCSLNRKHPFIWYD,0.8818899332711665,0.6299739333128563,multiclass,custom,pfam
GTMAEQVCSLNRKHPFIWYD,0.9356256364720389,0.7399359405497892,multiclass,resnet,pfam
WHLDGNRVTEQYPCFKSMAI,0.8863679615329169,0.6489475068487188,multiclass,custom,pfam
WHLDGNRVTEQYPCFKSMAI,0.9410813668252747,0.7449838984928626,multiclass,resnet,pfam
NSGWITMVQLEHPFYRACKD,0.8867760273338096,0.6478532403624655,multiclass,custom,pfam
NSGWITMVQLEHPFYRACKD,0.943535305510129,0.7711511932129818,multiclass,resnet,pfam
QACRIFEKYLGWHDNVTPMS,0.8844279306405385,0.649788737309352,multiclass,custom,pfam
QACRIFEKYLGWHDNVTPMS,0.9440764186751796,0.7723661032491629,multiclass,resnet,pfam
RGFVKIYPASTLNMECHWDQ,0.8816456393122142,0.641825982514829,multiclass,custom,pfam
RGFVKIYPASTLNMECHWDQ,0.9440532663287751,0.7789159887817746,multiclass,resnet,pfam
PTECMYWKSHNGQFALDIVR,0.881719237922255,0.6417597866990538,multiclass,custom,pfam
PTECMYWKSHNGQFALDIVR,0.9406948773044663,0.7607649392299157,multiclass,resnet,pfam
LFVCKMWIYSGATNPHQRED,0.8855599568560739,0.6464822946031676,multiclass,custom,pfam
LFVCKMWIYSGATNPHQRED,0.9432598185197933,0.7768040482487455,multiclass,resnet,pfam
QNRGVIWPDKTYLFAECMSH,0.8845778137019625,0.6542041308672625,multiclass,custom,pfam
QNRGVIWPDKTYLFAECMSH,0.9394815733362257,0.7671145800773,multiclass,resnet,pfam
HGSPKAWTCMRIVYNQEFDL,0.8885250937759095,0.6555866203573482,multiclass,custom,pfam
HGSPKAWTCMRIVYNQEFDL,0.9384336505340725,0.7647876067235108,multiclass,resnet,pfam
ERSHPTQKIVACNYLFDMGW,0.8881582444399448,0.6371706005462676,multiclass,custom,pfam
ERSHPTQKIVACNYLFDMGW,0.9350677579424638,0.7630759398769251,multiclass,resnet,pfam
FREDPYWNVQCTGSHMLAKI,0.8821903679740488,0.6409560099269083,multiclass,custom,pfam
FREDPYWNVQCTGSHMLAKI,0.9363373949030296,0.7513283328755124,multiclass,resnet,pfam
FESDLRCGAIKHPWNQTVMY,0.8856657041798192,0.6414991985693479,multiclass,custom,pfam
FESDLRCGAIKHPWNQTVMY,0.9422426136395676,0.7818495547124579,multiclass,resnet,pfam
RHIVFSWETCKDAQGNMLPY,0.8825853182974278,0.6371637203566134,multiclass,custom,pfam
RHIVFSWETCKDAQGNMLPY,0.9387132188643766,0.7720080822771601,multiclass,resnet,pfam
RNYLAIEFTKPWQDSGHMVC,0.8861628121624932,0.6423989346560643,multiclass,custom,pfam
RNYLAIEFTKPWQDSGHMVC,0.9391905485183167,0.7371174397963136,multiclass,resnet,pfam
MTVESIAWNRLHDGQFPYKC,0.8810204340334813,0.652350325296227,multiclass,custom,pfam
MTVESIAWNRLHDGQFPYKC,0.9317300522856767,0.76366349177281,multiclass,resnet,pfam
VFTCDPWLNMIKQRYAGSHE,0.8848950767194603,0.6574608094737346,multiclass,custom,pfam
VFTCDPWLNMIKQRYAGSHE,0.9468856818683269,0.780914010481153,multiclass,resnet,pfam
WHDCSFVAYKTEILQRPMGN,0.8858753635457817,0.6473204447074636,multiclass,custom,pfam
WHDCSFVAYKTEILQRPMGN,0.939891356352019,0.7649232189547923,multiclass,resnet,pfam
VEIKQNSPADCHRWTFMYGL,0.8774963214654937,0.6323236718391725,multiclass,custom,pfam
VEIKQNSPADCHRWTFMYGL,0.9400081564928862,0.7734475270244964,multiclass,resnet,pfam
DKGAFVESMWIPYLCRNTQH,0.882063631097598,0.6451409697622147,multiclass,custom,pfam
DKGAFVESMWIPYLCRNTQH,0.940456443569212,0.7709255743830612,multiclass,resnet,pfam
HTRCPEWNIQSAKMFYDGVL,0.8833015444290286,0.6478018855919886,multiclass,custom,pfam
HTRCPEWNIQSAKMFYDGVL,0.9424027284003256,0.7595751929606672,multiclass,resnet,pfam
QHSNDMARLEKVYWIGCPTF,0.8795191560169313,0.6309428782076957,multiclass,custom,pfam
QHSNDMARLEKVYWIGCPTF,0.9406343541524047,0.7676366381132566,multiclass,resnet,pfam
RMSCWYFDPGIVLENATQHK,0.8810345228442558,0.6341288504774645,multiclass,custom,pfam
RMSCWYFDPGIVLENATQHK,0.9424359319340498,0.7576911606992347,multiclass,resnet,pfam
TFGLWQMHYSRNACKPDEIV,0.8835836371162639,0.645143258178704,multiclass,custom,pfam
TFGLWQMHYSRNACKPDEIV,0.9449451174684237,0.7735384855913805,multiclass,resnet,pfam
AYSLHEKRMFINWDVCTQPG,0.8890613858821779,0.6590122271548907,multiclass,custom,pfam
AYSLHEKRMFINWDVCTQPG,0.9482522998325933,0.7821868292685786,multiclass,resnet,pfam
NFKHPEAGWLQITSYMDCVR,0.8882876084289446,0.6522337522091467,multiclass,custom,pfam
NFKHPEAGWLQITSYMDCVR,0.9343398912422298,0.7146953148824153,multiclass,resnet,pfam
YTKFRSVQLNPCGAMDEWHI,0.8848990169108415,0.6419475612030281,multiclass,custom,pfam
YTKFRSVQLNPCGAMDEWHI,0.9425036346760367,0.7625892728743657,multiclass,resnet,pfam
HLERPIQNSFWTADCVKYMG,0.8837046660895564,0.634510596448991,multiclass,custom,pfam
HLERPIQNSFWTADCVKYMG,0.9414563968204399,0.7670817674271229,multiclass,resnet,pfam
YQWKGNREHSPMIFCTLAVD,0.8821267248500284,0.639645840439593,multiclass,custom,pfam
YQWKGNREHSPMIFCTLAVD,0.9410314692710869,0.7701170672529828,multiclass,resnet,pfam
CQPIHGTEAWVYSDFRMNLK,0.8834621633311178,0.6289861451148007,multiclass,custom,pfam
CQPIHGTEAWVYSDFRMNLK,0.9430261650105798,0.7637434707570847,multiclass,resnet,pfam
TVKPMEICSNWQLHFADGRY,0.8853209317553274,0.6396685262647914,multiclass,custom,pfam
TVKPMEICSNWQLHFADGRY,0.9383282525902239,0.7567617612152481,multiclass,resnet,pfam
QAHMTLWIEPSKYFGDRCNV,0.8870283680263304,0.6539390897033657,multiclass,custom,pfam
QAHMTLWIEPSKYFGDRCNV,0.9435454921488619,0.7589073043069843,multiclass,resnet,pfam
DHQWCVASEKLNMPIGRYTF,0.8861616275126802,0.6515815239695588,multiclass,custom,pfam
DHQWCVASEKLNMPIGRYTF,0.9441336472824929,0.7664223494378823,multiclass,resnet,pfam
EHLCTYKFSGQWRNDVAMIP,0.8847533369762951,0.6313431197066811,multiclass,custom,pfam
EHLCTYKFSGQWRNDVAMIP,0.9394723924281776,0.7671886928706759,multiclass,resnet,pfam
EVDPTRMFQYKLGCSWAHNI,0.8861077315544893,0.6538476818212436,multiclass,custom,pfam
EVDPTRMFQYKLGCSWAHNI,0.9400918275876433,0.7740459896795577,multiclass,resnet,pfam
TPRGCSWFDYNQEHLMVIKA,0.8805187857316449,0.6274243176514254,multiclass,custom,pfam
TPRGCSWFDYNQEHLMVIKA,0.9474490533981073,0.7821085683697243,multiclass,resnet,pfam
TRIQSPWAVFMKCDNGEHYL,0.886452087160037,0.6511980923700131,multiclass,custom,pfam
TRIQSPWAVFMKCDNGEHYL,0.9398116607286987,0.7640320295711309,multiclass,resnet,pfam
ITWVDFYKSRNQLPHMECGA,0.8883154825290447,0.6513626570449311,multiclass,custom,pfam
ITWVDFYKSRNQLPHMECGA,0.9331110991070665,0.7410013799938695,multiclass,resnet,pfam
RKHWEAQLTIVFCMNSGDYP,0.8862984250836596,0.6508284588747084,multiclass,custom,pfam
RKHWEAQLTIVFCMNSGDYP,0.9434026006766227,0.7791597910374094,multiclass,resnet,pfam
YPQIRHELMNVTASFGCWDK,0.8843607382947054,0.6377439769180413,multiclass,custom,pfam
YPQIRHELMNVTASFGCWDK,0.9430385356637739,0.7448458317446024,multiclass,resnet,pfam
CAEPWNDTMSFIHGKVLQYR,0.8847368830047111,0.6479184468097523,multiclass,custom,pfam
CAEPWNDTMSFIHGKVLQYR,0.933268322182558,0.7222993059001255,multiclass,resnet,pfam
LRFMCVDGYKTWHAQEPISN,0.8859115734015921,0.6405973733248495,multiclass,custom,pfam
LRFMCVDGYKTWHAQEPISN,0.9382788317836048,0.7669005326624035,multiclass,resnet,pfam
MFWGERTHDLQAIVPNCYSK,0.8852620393045202,0.6450968223765358,multiclass,custom,pfam
MFWGERTHDLQAIVPNCYSK,0.9388681895856863,0.7734174286545665,multiclass,resnet,pfam
GKLDHYPQVTMWASICEFNR,0.8856458862211044,0.6459242439289009,multiclass,custom,pfam
GKLDHYPQVTMWASICEFNR,0.9450607674763447,0.7753218063324474,multiclass,resnet,pfam
SLDMAFTEKPGHICYQRVWN,0.8898152622642895,0.6634345006274686,multiclass,custom,pfam
SLDMAFTEKPGHICYQRVWN,0.9381173892805512,0.7285632830999822,multiclass,resnet,pfam
TPKYMQLGNAWHEFVDSIRC,0.8789676601415479,0.6338086772508167,multiclass,custom,pfam
TPKYMQLGNAWHEFVDSIRC,0.9412588203697425,0.7709653443179675,multiclass,resnet,pfam
RHGNVSKWMFQCYEAPITLD,0.8811621463170975,0.6424044383998029,multiclass,custom,pfam
RHGNVSKWMFQCYEAPITLD,0.9436177555239365,0.7621746808009322,multiclass,resnet,pfam
MNTRPIQVHSLECFGWYKDA,0.8848660577945843,0.6524745930641326,multiclass,custom,pfam
MNTRPIQVHSLECFGWYKDA,0.9283999373616914,0.7252782546208125,multiclass,resnet,pfam
IEQYDNALWKRMCTFSPVHG,0.8805591658676594,0.6313350516938454,multiclass,custom,pfam
IEQYDNALWKRMCTFSPVHG,0.9363596851124344,0.7577342371980734,multiclass,resnet,pfam
RSYHLWPNDVFKQGIAETMC,0.8826403874727387,0.6413386493773194,multiclass,custom,pfam
RSYHLWPNDVFKQGIAETMC,0.9425204579250458,0.772230553404665,multiclass,resnet,pfam
WVEDMKTNFRHCYALPIGSQ,0.8805227261754321,0.6404940550837319,multiclass,custom,pfam
WVEDMKTNFRHCYALPIGSQ,0.9424792010896523,0.7667218775819765,multiclass,resnet,pfam
MSRQDNITKLHCPAGWYFVE,0.8866974681677675,0.656024648239407,multiclass,custom,pfam
MSRQDNITKLHCPAGWYFVE,0.9408886270689976,0.7718976876672409,multiclass,resnet,pfam
QLNECAHRGYDWKTSMVPFI,0.8865460031657124,0.6583189082559688,multiclass,custom,pfam
QLNECAHRGYDWKTSMVPFI,0.9403967800946311,0.7732484317003381,multiclass,resnet,pfam
HIFEQGYNWVMASPKDCLRT,0.8841662877331056,0.6464359922564695,multiclass,custom,pfam
HIFEQGYNWVMASPKDCLRT,0.9442637556135068,0.7707689565615011,multiclass,resnet,pfam
GQSANFIKEVMYCPWTHRDL,0.8816929542033224,0.6495714632128377,multiclass,custom,pfam
GQSANFIKEVMYCPWTHRDL,0.9403085169802818,0.7633270720628821,multiclass,resnet,pfam
TRIKSFPHCYEVMLDWAQNG,0.8795886014738995,0.6372808584496107,multiclass,custom,pfam
TRIKSFPHCYEVMLDWAQNG,0.9425653577056334,0.7692105555360341,multiclass,resnet,pfam
SNHVELADCRWYIMKPTFGQ,0.8834235518659492,0.6472013438837032,multiclass,custom,pfam
SNHVELADCRWYIMKPTFGQ,0.9446266401001839,0.7686615260206654,multiclass,resnet,pfam
FHMTQYSDRNIWPKVALGCE,0.8870736615154543,0.6523786640822126,multiclass,custom,pfam
FHMTQYSDRNIWPKVALGCE,0.9412510733709674,0.7709814892700079,multiclass,resnet,pfam
CQLDHRGMNIEWTKPVSYFA,0.8839215603694413,0.6498323007783723,multiclass,custom,pfam
CQLDHRGMNIEWTKPVSYFA,0.94336117581511,0.7542000464356668,multiclass,resnet,pfam
WKIYAREQNTDLMGCSFHPV,0.8859597683322017,0.6571971109323209,multiclass,custom,pfam
WKIYAREQNTDLMGCSFHPV,0.9395942651291662,0.7756937670011343,multiclass,resnet,pfam
HVTKGAFMQWCIDNRYLPSE,0.8821277093377045,0.6365478294298187,multiclass,custom,pfam
HVTKGAFMQWCIDNRYLPSE,0.9441825787439966,0.7766144154578306,multiclass,resnet,pfam
CVKTNIGARSEQLPHDWFMY,0.8833940812627536,0.6421963688044471,multiclass,custom,pfam
CVKTNIGARSEQLPHDWFMY,0.9410368191218244,0.7850756515613837,multiclass,resnet,pfam
LAFMQPDRSKWTEYCHIGNV,0.8832889125512079,0.6537856625990648,multiclass,custom,pfam
LAFMQPDRSKWTEYCHIGNV,0.9375684358659345,0.738297247383433,multiclass,resnet,pfam
QLKFEYGAPSDMVNTWRIHC,0.8797789700843179,0.6408615766393619,multiclass,custom,pfam
QLKFEYGAPSDMVNTWRIHC,0.943948543884449,0.762801689693627,multiclass,resnet,pfam
FSAHQELNCMPTIRYGVDWK,0.8822802581291048,0.6481947866328013,multiclass,custom,pfam
FSAHQELNCMPTIRYGVDWK,0.931099389086772,0.73398509605241,multiclass,resnet,pfam
NWLFTHEMVSIAKRQDPYCG,0.8858391071462675,0.6558489810547835,multiclass,custom,pfam
NWLFTHEMVSIAKRQDPYCG,0.9440675520985637,0.7774280171848613,multiclass,resnet,pfam
IPAYDCNQGSVHFMWKLETR,0.882930686291254,0.6490364954812881,multiclass,custom,pfam
IPAYDCNQGSVHFMWKLETR,0.9384754572740297,0.7567072761954888,multiclass,resnet,pfam
SQPKMTIFDLYNHGEVWRCA,0.8890611034887576,0.6485554187955312,multiclass,custom,pfam
SQPKMTIFDLYNHGEVWRCA,0.9445745731367594,0.7712462846982057,multiclass,resnet,pfam
DFYWCSKGTHPLREIMAVNQ,0.8889036748286367,0.6474443565346624,multiclass,custom,pfam
DFYWCSKGTHPLREIMAVNQ,0.9436295708510236,0.772089924140393,multiclass,resnet,pfam
YHICQGRFPKDLVTEAMSWN,0.8823580670222102,0.6382004649086381,multiclass,custom,pfam
YHICQGRFPKDLVTEAMSWN,0.943062135160855,0.7630396888301714,multiclass,resnet,pfam
GSYQLRVHIMFKENPTADCW,0.878701947162383,0.6316052392519207,multiclass,custom,pfam
GSYQLRVHIMFKENPTADCW,0.9388865713895889,0.7715194143310897,multiclass,resnet,pfam
GNWCHFDKYPQRVTLMESIA,0.8859743104733198,0.6581889298152375,multiclass,custom,pfam
GNWCHFDKYPQRVTLMESIA,0.9397765242292536,0.7510663912119644,multiclass,resnet,pfam
DVQALCTMHWFSIEYKGNPR,0.8846449973468736,0.6401424915083056,multiclass,custom,pfam
DVQALCTMHWFSIEYKGNPR,0.9414904975111746,0.7663410045517797,multiclass,resnet,pfam
STRLADMYIPWKQFNCGHEV,0.8826735681574316,0.653076566533366,multiclass,custom,pfam
STRLADMYIPWKQFNCGHEV,0.939332404958992,0.7544152245230956,multiclass,resnet,pfam
AVEYGPCHQMFSWTLRKNID,0.8809654089294886,0.6405204875822406,multiclass,custom,pfam
AVEYGPCHQMFSWTLRKNID,0.9351859046705868,0.7369195706367015,multiclass,resnet,pfam
GQISCENVPDAMFLWTKYHR,0.8826098354832226,0.642455103170463,multiclass,custom,pfam
GQISCENVPDAMFLWTKYHR,0.9389171390644211,0.7635464805868029,multiclass,resnet,pfam
RNLSDYATKFPHMVIEQGWC,0.8849613773076455,0.6487292596071053,multiclass,custom,pfam
RNLSDYATKFPHMVIEQGWC,0.9391372689001827,0.7476486553289609,multiclass,resnet,pfam
YGDIHAMPSQFRKCWVTNEL,0.8763323043745718,0.6379432571371124,multiclass,custom,pfam
YGDIHAMPSQFRKCWVTNEL,0.9391981494219346,0.7576572081851651,multiclass,resnet,pfam
HWGETFVLYQRCNADSMIPK,0.8811830316400127,0.6438616366362195,multiclass,custom,pfam
HWGETFVLYQRCNADSMIPK,0.9383481093429673,0.7748844676709459,multiclass,resnet,pfam
CQGDKPINTMEAWSLYHRFV,0.891332377182238,0.6644299256458019,multiclass,custom,pfam
CQGDKPINTMEAWSLYHRFV,0.9458867109726995,0.7817496842638387,multiclass,resnet,pfam
WGAFENCRSDYTVKQHPMLI,0.8860910275522367,0.6359648828076556,multiclass,custom,pfam
WGAFENCRSDYTVKQHPMLI,0.9446513307893124,0.7752958516596802,multiclass,resnet,pfam
YCWPRVEHLTGSKMQDNIAF,0.8796950064660256,0.6446646251291632,multiclass,custom,pfam
YCWPRVEHLTGSKMQDNIAF,0.9440461009590934,0.7727033479032667,multiclass,resnet,pfam
DAVGSWECKHRQNYPIMFTL,0.8817826066501807,0.6330805657816626,multiclass,custom,pfam
DAVGSWECKHRQNYPIMFTL,0.9387194609780376,0.7439309550160517,multiclass,resnet,pfam
PSTHMQRDKNVEWIGFCYLA,0.8836456270778765,0.6567131042811833,multiclass,custom,pfam
PSTHMQRDKNVEWIGFCYLA,0.942286296254365,0.7635375360835005,multiclass,resnet,pfam
DSMVGFWNEARCQHITLKPY,0.8769076413412039,0.639276624838012,multiclass,custom,pfam
DSMVGFWNEARCQHITLKPY,0.9340282400311308,0.7399099687985952,multiclass,resnet,pfam
CEITYSRHFWNAMDLVQKGP,0.8773497732414149,0.6369282595862404,multiclass,custom,pfam
CEITYSRHFWNAMDLVQKGP,0.9334704586020797,0.7375609715887703,multiclass,resnet,pfam
ERAVFWMLSIKNTPYHDGQC,0.8875355642775785,0.6574975106162434,multiclass,custom,pfam
ERAVFWMLSIKNTPYHDGQC,0.942726509527876,0.754553658245565,multiclass,resnet,pfam
IKNYGHWLVCSMQEAPTRFD,0.8873736752651468,0.6558450818909325,multiclass,custom,pfam
IKNYGHWLVCSMQEAPTRFD,0.9399079262377157,0.7584084238211163,multiclass,resnet,pfam
IYVTNAGESLQCRPHDMFKW,0.8809152269474682,0.6318804984872263,multiclass,custom,pfam
IYVTNAGESLQCRPHDMFKW,0.9407404163601848,0.7548227945178674,multiclass,resnet,pfam
KFTDPMSQLGIVYENCRAWH,0.8846671699195726,0.6421986331015358,multiclass,custom,pfam
KFTDPMSQLGIVYENCRAWH,0.94227082859311,0.7682460630898629,multiclass,resnet,pfam
VPRCIYKWGDETLMNAQFSH,0.8878256515351562,0.6465891392838236,multiclass,custom,pfam
VPRCIYKWGDETLMNAQFSH,0.9404381410718967,0.7419667581481649,multiclass,resnet,pfam
PRHQFEKGDLSAVYWNMICT,0.8875761355435184,0.6510276585033747,multiclass,custom,pfam
PRHQFEKGDLSAVYWNMICT,0.9473157934585178,0.7723830972704182,multiclass,resnet,pfam
KDTANYLEVRQCSWFHGPIM,0.8831488183368087,0.6341136113929922,multiclass,custom,pfam
KDTANYLEVRQCSWFHGPIM,0.9447679498319397,0.7695179760080174,multiclass,resnet,pfam
TKQVSGCEDRILPANMFWYH,0.8828975431030234,0.6439725523081188,multiclass,custom,pfam
TKQVSGCEDRILPANMFWYH,0.9370891123535594,0.7346554519068922,multiclass,resnet,pfam
IGKMWQTYHSNAEPVCRLFD,0.884394588461874,0.6588466070043346,multiclass,custom,pfam
IGKMWQTYHSNAEPVCRLFD,0.9414233191361948,0.7661513495398914,multiclass,resnet,pfam
WQGVRKMTSPIEHDLYCAFN,0.8853772553986763,0.6553738025891984,multiclass,custom,pfam
WQGVRKMTSPIEHDLYCAFN,0.939859005362526,0.768645101472576,multiclass,resnet,pfam
ALGPNMWQDTVHEIRFKSYC,0.8886522254558387,0.643664776651583,multiclass,custom,pfam
ALGPNMWQDTVHEIRFKSYC,0.9348552446616134,0.7385194333744697,multiclass,resnet,pfam
WCQKEPDYTLIAMNVSGRFH,0.8843389093822662,0.6426851680776522,multiclass,custom,pfam
WCQKEPDYTLIAMNVSGRFH,0.9363426894857415,0.7531662958128503,multiclass,resnet,pfam
EFCDLKPAYRHVSMQINGWT,0.8866296440432577,0.6485460545470272,multiclass,custom,pfam
EFCDLKPAYRHVSMQINGWT,0.9359633020362882,0.7477032789667524,multiclass,resnet,pfam
PGFHYRKEISVDMTNCAQLW,0.8837854204938076,0.6561213103221828,multiclass,custom,pfam
PGFHYRKEISVDMTNCAQLW,0.9403569831054849,0.7437439729836934,multiclass,resnet,pfam
CYSPDIMAWVLFGTEKNRHQ,0.8814562339227855,0.6430590891044123,multiclass,custom,pfam
CYSPDIMAWVLFGTEKNRHQ,0.9433019569402216,0.7788090420328693,multiclass,resnet,pfam
RDFWIKTGMYPSHEVQANLC,0.8798243584416585,0.6214734421687458,multiclass,custom,pfam
RDFWIKTGMYPSHEVQANLC,0.9346243471110329,0.7505641338384541,multiclass,resnet,pfam
EPFMQGICWKALHRNVTDSY,0.881272885427842,0.6419022660080149,multiclass,custom,pfam
EPFMQGICWKALHRNVTDSY,0.940951942075977,0.7797741786521164,multiclass,resnet,pfam
TGSNCQVYRDMAFWIKELHP,0.8829991411249791,0.6474299954868009,multiclass,custom,pfam
TGSNCQVYRDMAFWIKELHP,0.9394144217320907,0.7671062088004917,multiclass,resnet,pfam
SCELWATIFMKNYGPVDRQH,0.8840542432470535,0.6514014990129315,multiclass,custom,pfam
SCELWATIFMKNYGPVDRQH,0.9447113301653888,0.7684522081199566,multiclass,resnet,pfam
TYKLFAENCQGHPMIRDWSV,0.8866751670804526,0.6450506461273589,multiclass,custom,pfam
TYKLFAENCQGHPMIRDWSV,0.9408473094367613,0.7839441396265433,multiclass,resnet,pfam
AHTMCLFWNPKDYGESVQRI,0.8820709842134129,0.6404149183865998,multiclass,custom,pfam
AHTMCLFWNPKDYGESVQRI,0.9398934459964352,0.761859823806024,multiclass,resnet,pfam
HCYNWGTMDKFLVSPIQRAE,0.8841461384963789,0.6485002133240709,multiclass,custom,pfam
HCYNWGTMDKFLVSPIQRAE,0.9402746599102251,0.7571782413680568,multiclass,resnet,pfam
DYTCVHLGWNSIRKFQPEMA,0.886166296562972,0.6502548850490866,multiclass,custom,pfam
DYTCVHLGWNSIRKFQPEMA,0.9401884637249592,0.7548668790881837,multiclass,resnet,pfam
TRGMIWCQELVPFNHSDKYA,0.8823980001605387,0.6424974165735544,multiclass,custom,pfam
TRGMIWCQELVPFNHSDKYA,0.9302864190440641,0.7437509211070439,multiclass,resnet,pfam
QHAVKIYNCMRLSDWFEPTG,0.8869160268178151,0.6443144916645213,multiclass,custom,pfam
QHAVKIYNCMRLSDWFEPTG,0.9389350908838162,0.7702106761729185,multiclass,resnet,pfam
NMSPFWHVALIYDGRCTKEQ,0.8853123864996544,0.6502638139195618,multiclass,custom,pfam
NMSPFWHVALIYDGRCTKEQ,0.937857626455146,0.7259947727584829,multiclass,resnet,pfam
WMQRPNKGCVHIFELDSTYA,0.8831126008393021,0.6490689706131632,multiclass,custom,pfam
WMQRPNKGCVHIFELDSTYA,0.9391698318806834,0.763587442666411,multiclass,resnet,pfam
YQAGEVKPWSCMFIRDHNLT,0.8857108286173248,0.6394851888322453,multiclass,custom,pfam
YQAGEVKPWSCMFIRDHNLT,0.9360485583798617,0.7676686226576059,multiclass,resnet,pfam
IHSAYTKPWLVNREFCQDMG,0.8770039017027333,0.6307213970062835,multiclass,custom,pfam
IHSAYTKPWLVNREFCQDMG,0.9398632920230714,0.7705349389809356,multiclass,resnet,pfam
SPLAMKDHQRWFNTCGEVYI,0.8821571013111861,0.6383702436244472,multiclass,custom,pfam
SPLAMKDHQRWFNTCGEVYI,0.9471933553525727,0.7782059656082361,multiclass,resnet,pfam
SYGMVWLPRDNQATHIECFK,0.8805542367695949,0.6359642936352403,multiclass,custom,pfam
SYGMVWLPRDNQATHIECFK,0.941507613934004,0.760854180796933,multiclass,resnet,pfam
HFAIKDLRCMSTNYGQEWPV,0.8841988384438647,0.6426297703263679,multiclass,custom,pfam
HFAIKDLRCMSTNYGQEWPV,0.9428876862439377,0.7784949119694831,multiclass,resnet,pfam
YGENKAVSMRIPFTHWQLDC,0.879747726236497,0.6477487263990774,multiclass,custom,pfam
YGENKAVSMRIPFTHWQLDC,0.9413546739710487,0.7336074555119303,multiclass,resnet,pfam
VRQWNYCHAGIFMKSLTEDP,0.8802046097319375,0.62115519972661,multiclass,custom,pfam
VRQWNYCHAGIFMKSLTEDP,0.940098254765107,0.7707157634119272,multiclass,resnet,pfam
YTWSDVKCIAHFNPLQGMRE,0.8805147455290191,0.6368810502916084,multiclass,custom,pfam
YTWSDVKCIAHFNPLQGMRE,0.9321564370617921,0.748077105720707,multiclass,resnet,pfam
FMNQITSARWVDELHCGYPK,0.8870802227258098,0.6454238675583168,multiclass,custom,pfam
FMNQITSARWVDELHCGYPK,0.9358980022573604,0.7590993186978903,multiclass,resnet,pfam
EVWCTFPDAYKGRLQHNMIS,0.8859051458229095,0.6470425822368107,multiclass,custom,pfam
EVWCTFPDAYKGRLQHNMIS,0.9406775942317396,0.7612694932793764,multiclass,resnet,pfam
CGDKAQHMRSEIVYFWLTNP,0.885061834489882,0.6445833432172184,multiclass,custom,pfam
CGDKAQHMRSEIVYFWLTNP,0.9293436993604441,0.741987299176388,multiclass,resnet,pfam
KAVTLGMWYENFPQHCSDIR,0.8833318461544686,0.644818612418707,multiclass,custom,pfam
KAVTLGMWYENFPQHCSDIR,0.942961818747494,0.7567414145760706,multiclass,resnet,pfam
TKRYQPCEMADNVSHFGLIW,0.8856446339423305,0.6465462046005932,multiclass,custom,pfam
TKRYQPCEMADNVSHFGLIW,0.9388044574555694,0.7567221451768467,multiclass,resnet,pfam
FASCHDTLVEGPRNYQIWKM,0.8863055160169031,0.6454115187682253,multiclass,custom,pfam
FASCHDTLVEGPRNYQIWKM,0.9366855162958032,0.740733602008149,multiclass,resnet,pfam
YSQWHAKRETVFICLDGMPN,0.8874621278445349,0.6668051819692555,multiclass,custom,pfam
YSQWHAKRETVFICLDGMPN,0.936940766166118,0.7629574783086032,multiclass,resnet,pfam
QPGMSWEHCIKNDTVALRYF,0.883051028400175,0.6499505225015123,multiclass,custom,pfam
QPGMSWEHCIKNDTVALRYF,0.9387111004184142,0.7584950713465627,multiclass,resnet,pfam
HMWRPFGDAITYSELKQCVN,0.8853099708778768,0.6432708656197221,multiclass,custom,pfam
HMWRPFGDAITYSELKQCVN,0.9369926288804015,0.7325618454589922,multiclass,resnet,pfam
ASVKTMGDFEHLQCYRWPIN,0.883286232281924,0.6481133523561897,multiclass,custom,pfam
ASVKTMGDFEHLQCYRWPIN,0.9407219009792762,0.7625871986432105,multiclass,resnet,pfam
VANRGYQPMFKLDICWHEST,0.8836853448327361,0.6478437150540851,multiclass,custom,pfam
VANRGYQPMFKLDICWHEST,0.9399268039739452,0.7700311829793441,multiclass,resnet,pfam
CIEFNDHWSKPMTVYLGAQR,0.8854784717513953,0.6492113433232557,multiclass,custom,pfam
CIEFNDHWSKPMTVYLGAQR,0.9381979643442964,0.7605641079210566,multiclass,resnet,pfam
SQPHVDAKTFRMIWEGLYCN,0.8813413353775588,0.6280715583278713,multiclass,custom,pfam
SQPHVDAKTFRMIWEGLYCN,0.9352350754140517,0.7518205228220098,multiclass,resnet,pfam
LDWAPKMFINVECYTSQGHR,0.8809667660557023,0.6451300169745171,multiclass,custom,pfam
LDWAPKMFINVECYTSQGHR,0.9456025425982201,0.7775221982722835,multiclass,resnet,pfam
ERTVDIWKGQCYALPMSHFN,0.8810666106701548,0.6395196719787613,multiclass,custom,pfam
ERTVDIWKGQCYALPMSHFN,0.9385182188871605,0.742745984284953,multiclass,resnet,pfam
NPAEFDRGWVTSKQCIYMLH,0.8872576449792273,0.650085767540278,multiclass,custom,pfam
NPAEFDRGWVTSKQCIYMLH,0.9339631823278541,0.7550413977130276,multiclass,resnet,pfam
EVQRICNMAPFDWTKSGHLY,0.8839890684135148,0.6493658434227677,multiclass,custom,pfam
EVQRICNMAPFDWTKSGHLY,0.9331317124025478,0.7213174132468931,multiclass,resnet,pfam
VNYRMSQFPKDEWHGLTCIA,0.8828015437255381,0.640837531934203,multiclass,custom,pfam
VNYRMSQFPKDEWHGLTCIA,0.9370775292017101,0.7409816078086615,multiclass,resnet,pfam
IDGPTKSVCAWNFEMYRQLH,0.8815132165335813,0.6417219469119128,multiclass,custom,pfam
IDGPTKSVCAWNFEMYRQLH,0.9357933111833876,0.7607912639601405,multiclass,resnet,pfam
PTLRMYKSWVAFQNDHEGCI,0.8844133333483647,0.6378537375260261,multiclass,custom,pfam
PTLRMYKSWVAFQNDHEGCI,0.9410408966882329,0.7742467506603645,multiclass,resnet,pfam
EHSFLWPNVYIQDMTACGRK,0.8809140070507906,0.6410495626779477,multiclass,custom,pfam
EHSFLWPNVYIQDMTACGRK,0.9464360782839965,0.7921783244527845,multiclass,resnet,pfam
TQNEFVIARKGDHCPWYLSM,0.885190793267367,0.6492383802732705,multiclass,custom,pfam
TQNEFVIARKGDHCPWYLSM,0.9422581210830498,0.7652444918750781,multiclass,resnet,pfam
PQISNHYWTGDMRCKLFVEA,0.8909859872455964,0.6603576239237888,multiclass,custom,pfam
PQISNHYWTGDMRCKLFVEA,0.9435401479340196,0.7597320070301167,multiclass,resnet,pfam
WGCYDLHEAMVITPFKNSRQ,0.8875810630738596,0.6412580509606377,multiclass,custom,pfam
WGCYDLHEAMVITPFKNSRQ,0.9471721673829336,0.7559203665473098,multiclass,resnet,pfam
MAVINCQFDHPTYWKLSREG,0.8883530006113931,0.6416957462615769,multiclass,custom,pfam
MAVINCQFDHPTYWKLSREG,0.9384403782030517,0.7529896792447607,multiclass,resnet,pfam
YDVWQINHAFCMETSPLGKR,0.8804144613097409,0.6408338539940549,multiclass,custom,pfam
YDVWQINHAFCMETSPLGKR,0.9359796337418536,0.7561868899484232,multiclass,resnet,pfam
WSYALDQHGVTCPNIMFEKR,0.8809939562830491,0.6413332220701399,multiclass,custom,pfam
WSYALDQHGVTCPNIMFEKR,0.9379073153957027,0.7722726081784552,multiclass,resnet,pfam
TSADVCGRNILEMHYFQPKW,0.8853693110042681,0.64830082091479,multiclass,custom,pfam
TSADVCGRNILEMHYFQPKW,0.9327417369929147,0.7312309639809221,multiclass,resnet,pfam
PSQWAKYFVINCRGHETDML,0.8877822042878012,0.6553077923100025,multiclass,custom,pfam
PSQWAKYFVINCRGHETDML,0.9441634696476798,0.778352771171793,multiclass,resnet,pfam
YNEWGAPTVICHDQMKFRLS,0.8823835654934292,0.6459028958373245,multiclass,custom,pfam
YNEWGAPTVICHDQMKFRLS,0.9429571714280927,0.7591324702907752,multiclass,resnet,pfam
CYTAINQDELRHWPMVSFGK,0.8781612175838415,0.6458023005604996,multiclass,custom,pfam
CYTAINQDELRHWPMVSFGK,0.9391071854715773,0.7719913374104919,multiclass,resnet,pfam
TQLCRWYIPDEFMGVNHSKA,0.8876039622824543,0.6460059264559954,multiclass,custom,pfam
TQLCRWYIPDEFMGVNHSKA,0.9437771164210421,0.7753192648057874,multiclass,resnet,pfam
PQVSIRNMDWHTFEKGYACL,0.8878548357857339,0.6555238164647199,multiclass,custom,pfam
PQVSIRNMDWHTFEKGYACL,0.9446488634489958,0.7617261003402642,multiclass,resnet,pfam
QVTCSLGFEYKAIHMPRDNW,0.8846885824682434,0.6444595811251027,multiclass,custom,pfam
QVTCSLGFEYKAIHMPRDNW,0.9331758870587754,0.7528940107619941,multiclass,resnet,pfam
FRYKEGTQHVDLPNMCIWAS,0.8855723693109432,0.6373245564000868,multiclass,custom,pfam
FRYKEGTQHVDLPNMCIWAS,0.9387612376822402,0.7274133357875057,multiclass,resnet,pfam
CKESTMRAQLFIPGHNVYDW,0.8896289073682044,0.6417499424555767,multiclass,custom,pfam
CKESTMRAQLFIPGHNVYDW,0.9400589003808026,0.7684615186009723,multiclass,resnet,pfam
WVKSIEFHLGDNTQMYPACR,0.8895413069632221,0.6626447351118152,multiclass,custom,pfam
WVKSIEFHLGDNTQMYPACR,0.9351778744468457,0.7364796376682692,multiclass,resnet,pfam
WIRVYEQMKHFATGLNCSPD,0.8848487393330009,0.6353060503132609,multiclass,custom,pfam
WIRVYEQMKHFATGLNCSPD,0.9422143566413332,0.772769921340652,multiclass,resnet,pfam
KGQHTLFCAWNMEVSYIPRD,0.8884065355115697,0.6568536984516966,multiclass,custom,pfam
KGQHTLFCAWNMEVSYIPRD,0.9385635366897704,0.7522236977370056,multiclass,resnet,pfam
TLEPNHWDRQYVKGISFMCA,0.8846610228685398,0.6309946132506113,multiclass,custom,pfam
TLEPNHWDRQYVKGISFMCA,0.9391834407355681,0.765314468292139,multiclass,resnet,pfam
SPFAQDMLCNRIHGYTEKWV,0.888249776204004,0.6608495203901601,multiclass,custom,pfam
SPFAQDMLCNRIHGYTEKWV,0.9437176248648269,0.7708594264073667,multiclass,resnet,pfam
DYSKCQNEMVTRLWIHPAFG,0.8883824391330467,0.653297974282984,multiclass,custom,pfam
DYSKCQNEMVTRLWIHPAFG,0.9417756540780408,0.7722803970883201,multiclass,resnet,pfam
DRHQMEWGCNYFLVAIKPST,0.886405644585021,0.6552285934554561,multiclass,custom,pfam
DRHQMEWGCNYFLVAIKPST,0.9376196094101651,0.7456609856204721,multiclass,resnet,pfam
EDNYTIFMCQHPRASVLGWK,0.8822800015114906,0.6364155629601302,multiclass,custom,pfam
EDNYTIFMCQHPRASVLGWK,0.9430355326475894,0.7682820649469442,multiclass,resnet,pfam
MPHEAQRTYVWKLCNGDFIS,0.8891057272442737,0.6551528371192032,multiclass,custom,pfam
MPHEAQRTYVWKLCNGDFIS,0.938527629991569,0.7527528335085683,multiclass,resnet,pfam
HWQFVSNDRCKMGYETIALP,0.8796452862756627,0.6319053502006747,multiclass,custom,pfam
HWQFVSNDRCKMGYETIALP,0.9393756910623949,0.7654316094724212,multiclass,resnet,pfam
VGPWFEATLHNYMIQSDKRC,0.8777996214453774,0.6315633010701207,multiclass,custom,pfam
VGPWFEATLHNYMIQSDKRC,0.9383181761685236,0.7491202072656792,multiclass,resnet,pfam
LCRTKYHWIAPFDMEVNGSQ,0.883186714057263,0.6446454382316535,multiclass,custom,pfam
LCRTKYHWIAPFDMEVNGSQ,0.940131173509711,0.7639996332657437,multiclass,resnet,pfam
LHEACKWFGVQIPDTMRYSN,0.8857042282491083,0.634478472669149,multiclass,custom,pfam
LHEACKWFGVQIPDTMRYSN,0.9389887352517519,0.7690325219920777,multiclass,resnet,pfam
NAFQHIGRTCYMSPEVWKLD,0.8778434838044668,0.6338829795553279,multiclass,custom,pfam
NAFQHIGRTCYMSPEVWKLD,0.930543455285705,0.7432816853118852,multiclass,resnet,pfam
PQTYAKHMWLENGVCIDRFS,0.8853656234729517,0.6427322206577601,multiclass,custom,pfam
PQTYAKHMWLENGVCIDRFS,0.9428542746981284,0.7748090650829254,multiclass,resnet,pfam
VFDTISMLCGNEARYWQKHP,0.8916387703352466,0.6596698054592075,multiclass,custom,pfam
VFDTISMLCGNEARYWQKHP,0.937149116934946,0.7577132000246555,multiclass,resnet,pfam
YQVHFLPRNITKDAEWMGCS,0.8836611436176401,0.6395807083524108,multiclass,custom,pfam
YQVHFLPRNITKDAEWMGCS,0.9399113081408107,0.763918328296939,multiclass,resnet,pfam
NCKSIARWVEYHDQFLGTMP,0.8882025353025009,0.6581548338351156,multiclass,custom,pfam
NCKSIARWVEYHDQFLGTMP,0.9358972065806631,0.753689578680677,multiclass,resnet,pfam
KTLREVICSADPYGWMFNQH,0.8856027408544719,0.6515296634713866,multiclass,custom,pfam
KTLREVICSADPYGWMFNQH,0.940567252496286,0.7577885897425872,multiclass,resnet,pfam
GFRALEDPWYKNCIMSTVHQ,0.884639401215811,0.6484545263770816,multiclass,custom,pfam
GFRALEDPWYKNCIMSTVHQ,0.9373071654916949,0.7669270621530212,multiclass,resnet,pfam
EVCMPNQGTRHLWIYSKFDA,0.8853796324304885,0.6420606488535386,multiclass,custom,pfam
EVCMPNQGTRHLWIYSKFDA,0.9324040026784157,0.7127643283201148,multiclass,resnet,pfam
VSKCIPHDFMQLNWGTRAYE,0.8845716923725968,0.6414914761039622,multiclass,custom,pfam
VSKCIPHDFMQLNWGTRAYE,0.9436221331405289,0.7712450782709643,multiclass,resnet,pfam
PLDYEKINMCQGARVSWFTH,0.8824018414014017,0.646584937514544,multiclass,custom,pfam
PLDYEKINMCQGARVSWFTH,0.9373826679452965,0.7450320830704592,multiclass,resnet,pfam
SYNFHLCDVIKEGAMWRQTP,0.8857516313009064,0.6540163747279178,multiclass,custom,pfam
SYNFHLCDVIKEGAMWRQTP,0.941106934571952,0.7561423577434334,multiclass,resnet,pfam
AHTYFVLPQKWEDRGSICNM,0.8871939015862533,0.6500339578700526,multiclass,custom,pfam
AHTYFVLPQKWEDRGSICNM,0.9407382542522559,0.7540447812297271,multiclass,resnet,pfam
WRAPEFKDQTSHINGLYMCV,0.8872349026335271,0.6512077999487671,multiclass,custom,pfam
WRAPEFKDQTSHINGLYMCV,0.9422894143856458,0.7660322755878914,multiclass,resnet,pfam
CVGSETWRHMKYPDLQNFIA,0.8819608801122826,0.6313944021286375,multiclass,custom,pfam
CVGSETWRHMKYPDLQNFIA,0.9284882541301,0.7383133040483336,multiclass,resnet,pfam
HGSKPWRAQVNYMTDICLFE,0.8845047452150014,0.6354833800491786,multiclass,custom,pfam
HGSKPWRAQVNYMTDICLFE,0.9334025206041099,0.730638526252331,multiclass,resnet,pfam
RAQENLTIVYDKMHSGPFCW,0.8809064989743319,0.6360322082980577,multiclass,custom,pfam
RAQENLTIVYDKMHSGPFCW,0.9435166354905112,0.7630537035951093,multiclass,resnet,pfam
GRKADNYIHWPCQLFETSVM,0.8831240457871236,0.6440646392172222,multiclass,custom,pfam
GRKADNYIHWPCQLFETSVM,0.9425738645505671,0.7650404759957395,multiclass,resnet,pfam
SEMACKNIWHVQGTRYDFPL,0.8918060231366984,0.6479007959330302,multiclass,custom,pfam
SEMACKNIWHVQGTRYDFPL,0.9392816401769316,0.7500671106075905,multiclass,resnet,pfam
NSTMHDYEKGWQRIPFLVCA,0.8837675371059474,0.6377307341787883,multiclass,custom,pfam
NSTMHDYEKGWQRIPFLVCA,0.9405081824800516,0.759840863464518,multiclass,resnet,pfam
YTLCHWRAKPGSENMIQDFV,0.8864866763506468,0.6608524423851234,multiclass,custom,pfam
YTLCHWRAKPGSENMIQDFV,0.9374436348087313,0.7543223077229699,multiclass,resnet,pfam
NHYVEQIWLGPFMRTASCKD,0.8829043002838775,0.6342849886226318,multiclass,custom,pfam
NHYVEQIWLGPFMRTASCKD,0.9441684858857649,0.7793856904073216,multiclass,resnet,pfam
HDVPQRLWFMAKSGTNEYIC,0.8876870778243117,0.6488275257631053,multiclass,custom,pfam
HDVPQRLWFMAKSGTNEYIC,0.9381470902501778,0.7617744850092802,multiclass,resnet,pfam
SYVWPDAHLMFGRIEQNTKC,0.8799739497878123,0.6284528995376595,multiclass,custom,pfam
SYVWPDAHLMFGRIEQNTKC,0.9331616111505081,0.7377179170422122,multiclass,resnet,pfam
KSQMYPRDICGVETWNLHAF,0.8866753188012984,0.6534530901975738,multiclass,custom,pfam
KSQMYPRDICGVETWNLHAF,0.9398882318047285,0.7673097354342211,multiclass,resnet,pfam
PRTLEVFINQGSHKWMYCDA,0.8817306479479499,0.6391117822437195,multiclass,custom,pfam
PRTLEVFINQGSHKWMYCDA,0.9421409591298435,0.7653808819058675,multiclass,resnet,pfam
FHCEVGNRSQWPDAYTLIMK,0.8822192982790809,0.6376666372480697,multiclass,custom,pfam
FHCEVGNRSQWPDAYTLIMK,0.9448337887871798,0.777014357121337,multiclass,resnet,pfam
PCVGNFESWHYTDIARMLQK,0.8805112445523695,0.6362093009503813,multiclass,custom,pfam
PCVGNFESWHYTDIARMLQK,0.9375956337279302,0.7547503345522856,multiclass,resnet,pfam
HGRQKSFACVNPWMTIDYEL,0.8850541398102723,0.6333285984142274,multiclass,custom,pfam
HGRQKSFACVNPWMTIDYEL,0.9380286412131712,0.7455080200576666,multiclass,resnet,pfam
YPGIMTRHLCEWNQDVKSFA,0.8816726775679363,0.6418378728775604,multiclass,custom,pfam
YPGIMTRHLCEWNQDVKSFA,0.9449331142270336,0.7667101147047662,multiclass,resnet,pfam
VIYTACPSHLGKQFDWNERM,0.8854641926564912,0.6509784013556246,multiclass,custom,pfam
VIYTACPSHLGKQFDWNERM,0.9263558120719966,0.7034696543971682,multiclass,resnet,pfam
PNWIQFAHVCSKGYLDTMRE,0.8884075765664828,0.6590375945318759,multiclass,custom,pfam
PNWIQFAHVCSKGYLDTMRE,0.9404864439682242,0.7825665646655384,multiclass,resnet,pfam
KPLETGIYWRAFQNDHMVSC,0.8850892838884528,0.6339547510284115,multiclass,custom,pfam
KPLETGIYWRAFQNDHMVSC,0.933092462399539,0.7286835879443548,multiclass,resnet,pfam
VLFWPIAHNSTEKCRYGMDQ,0.889691609304732,0.6548785562282667,multiclass,custom,pfam
VLFWPIAHNSTEKCRYGMDQ,0.9433889106416803,0.7770911376724661,multiclass,resnet,pfam
ANYHIQDSCPERGFTMWVKL,0.8885101767100062,0.651527349432766,multiclass,custom,pfam
ANYHIQDSCPERGFTMWVKL,0.9399864176458695,0.7595614997365563,multiclass,resnet,pfam
DYVSFMPWRCHIQTENGKLA,0.8823708596791949,0.6378655090594321,multiclass,custom,pfam
DYVSFMPWRCHIQTENGKLA,0.9468763741643397,0.7709975658442412,multiclass,resnet,pfam
KCNQSYAVLGIMWDEFRPTH,0.8835344861465984,0.6488635650278795,multiclass,custom,pfam
KCNQSYAVLGIMWDEFRPTH,0.9458283195304265,0.7810827192565932,multiclass,resnet,pfam
VHGRISQNMFDYCLAEKWTP,0.887929270123743,0.6491639405510918,multiclass,custom,pfam
VHGRISQNMFDYCLAEKWTP,0.9355567385579142,0.736520238055908,multiclass,resnet,pfam
ACKDTHPEFIGMVYQNRWSL,0.8843800967460828,0.6514381104924857,multiclass,custom,pfam
ACKDTHPEFIGMVYQNRWSL,0.9428586671445542,0.7696449952563028,multiclass,resnet,pfam
FECRIHWAQLDVGNKMTSYP,0.8829768513396375,0.6411969548596205,multiclass,custom,pfam
FECRIHWAQLDVGNKMTSYP,0.9425062232562859,0.7622587298802754,multiclass,resnet,pfam
IFWQAYHDNSMTRGKLVPCE,0.8807449639941035,0.6365886308539737,multiclass,custom,pfam
IFWQAYHDNSMTRGKLVPCE,0.9421010240585487,0.7786019926828149,multiclass,resnet,pfam
DTNKMAHYRFEIQLSVGPCW,0.8838674481540908,0.6319744994404652,multiclass,custom,pfam
DTNKMAHYRFEIQLSVGPCW,0.9374212360207667,0.7668355870738803,multiclass,resnet,pfam
QDTIEHVMRSNGFKCAYPWL,0.8874761800295875,0.6533742105763165,multiclass,custom,pfam
QDTIEHVMRSNGFKCAYPWL,0.9268705873448569,0.6971110865898739,multiclass,resnet,pfam
YSTQRHVLFEIMKGCNDWPA,0.884765764498689,0.6498606218040095,multiclass,custom,pfam
YSTQRHVLFEIMKGCNDWPA,0.9391280045931953,0.7735452691686747,multiclass,resnet,pfam
RHYDSVPGENFWQICLAMTK,0.8815341661606373,0.649288856056657,multiclass,custom,pfam
RHYDSVPGENFWQICLAMTK,0.9413752667115027,0.7749263904419983,multiclass,resnet,pfam
ANTLYHDGQRPWIMCEVFKS,0.8837971978352147,0.6432979317958909,multiclass,custom,pfam
ANTLYHDGQRPWIMCEVFKS,0.9373144615793869,0.7488566144538218,multiclass,resnet,pfam
LANCGKFDVMISWHRTEQYP,0.8782379416502538,0.6393209244908423,multiclass,custom,pfam
LANCGKFDVMISWHRTEQYP,0.9321255219583744,0.7195850578903045,multiclass,resnet,pfam
PAVTGIHCFRSEQMLNKYWD,0.8801771640425405,0.6376876016549581,multiclass,custom,pfam
PAVTGIHCFRSEQMLNKYWD,0.9376346364967747,0.7540343976333632,multiclass,resnet,pfam
ELRNIYSKQTACWGMDFVPH,0.8854050663503358,0.6410592419801369,multiclass,custom,pfam
ELRNIYSKQTACWGMDFVPH,0.940204003172646,0.7604423936895066,multiclass,resnet,pfam
YWCVSQRKPDGHNMTFALIE,0.8791761237477189,0.6316037569590072,multiclass,custom,pfam
YWCVSQRKPDGHNMTFALIE,0.9391792669299825,0.775208588071888,multiclass,resnet,pfam
WAITEPNLQHVRMGSYCKDF,0.8786412189978972,0.6344633030624807,multiclass,custom,pfam
WAITEPNLQHVRMGSYCKDF,0.933524129166192,0.7585061156269444,multiclass,resnet,pfam
KDVHMPTNQCAIREWFLYGS,0.8883161679331936,0.6542213975995416,multiclass,custom,pfam
KDVHMPTNQCAIREWFLYGS,0.9493365946981326,0.7751413034301666,multiclass,resnet,pfam
PNYEHQKTGASCLDWMFVRI,0.8891405309696229,0.6642341173351618,multiclass,custom,pfam
PNYEHQKTGASCLDWMFVRI,0.9381940313369974,0.7646345882869264,multiclass,resnet,pfam
QLNRTMKPYGIHWESACVDF,0.8799833696770245,0.6312406696430708,multiclass,custom,pfam
QLNRTMKPYGIHWESACVDF,0.9417300278686902,0.7702387085837691,multiclass,resnet,pfam
HPINTLCQSKVAWRFMDEGY,0.8817652023487522,0.634781692982958,multiclass,custom,pfam
HPINTLCQSKVAWRFMDEGY,0.9415202113906403,0.7536707850089228,multiclass,resnet,pfam
RKLSPQGIMCHADVETFNWY,0.886699708626742,0.6462472524773553,multiclass,custom,pfam
RKLSPQGIMCHADVETFNWY,0.9387315547319984,0.763079019314208,multiclass,resnet,pfam
MALKRNGSDQTECIHFYPWV,0.8814018258492945,0.6282315920100588,multiclass,custom,pfam
MALKRNGSDQTECIHFYPWV,0.93786267048398,0.7570462699825288,multiclass,resnet,pfam
MVFHRCENKAWPQSYDGILT,0.8763722191457932,0.6308935790261995,multiclass,custom,pfam
MVFHRCENKAWPQSYDGILT,0.9334301102738802,0.7348475482295915,multiclass,resnet,pfam
GDRHPVAWICYQEFKNMLST,0.8840576344074347,0.633424103414242,multiclass,custom,pfam
GDRHPVAWICYQEFKNMLST,0.9350271757837787,0.7168517039969764,multiclass,resnet,pfam
NEICVWFAMRHTGDLPSYKQ,0.8817132089082419,0.6299946733524096,multiclass,custom,pfam
NEICVWFAMRHTGDLPSYKQ,0.9444749108753617,0.7684722109315111,multiclass,resnet,pfam
GNSIRQPCKHWEMYTLDFAV,0.8814086990190123,0.6344553611826772,multiclass,custom,pfam
GNSIRQPCKHWEMYTLDFAV,0.942474502775611,0.7500409081944783,multiclass,resnet,pfam
GFQSLWTMCPVIHNDAREKY,0.8829243179805284,0.6322300314920744,multiclass,custom,pfam
GFQSLWTMCPVIHNDAREKY,0.9424886533998847,0.7596455723309962,multiclass,resnet,pfam
LYKENQFPWIGHATVCDRSM,0.8894118221025795,0.6631932941829957,multiclass,custom,pfam
LYKENQFPWIGHATVCDRSM,0.94026717603383,0.7574279788357823,multiclass,resnet,pfam
PWNCIYETDVRGAQSFLHKM,0.8848769712048851,0.6516427962306895,multiclass,custom,pfam
PWNCIYETDVRGAQSFLHKM,0.9376021438880517,0.7644387087676714,multiclass,resnet,pfam
LSEWQKFPGICTARVHNMYD,0.8820083774541629,0.6573612816416997,multiclass,custom,pfam
LSEWQKFPGICTARVHNMYD,0.9341010829607124,0.7109208056454692,multiclass,resnet,pfam
WYLRTMVQIKGSCFPNEAHD,0.8790920100128637,0.6293104240249487,multiclass,custom,pfam
WYLRTMVQIKGSCFPNEAHD,0.9381306936740353,0.7657787100027471,multiclass,resnet,pfam
CWKRMSTDGLAYQIFPHVEN,0.8810070033889108,0.6334714442499855,multiclass,custom,pfam
CWKRMSTDGLAYQIFPHVEN,0.9371998285077707,0.7545410116537374,multiclass,resnet,pfam
RMAFYKQTLSDNEWVGIHPC,0.8850180756678622,0.6442892726245139,multiclass,custom,pfam
RMAFYKQTLSDNEWVGIHPC,0.9384091237956997,0.7581735340345767,multiclass,resnet,pfam
FNIWGKPMCALHYTQSRVED,0.8845502115418331,0.627620678002977,multiclass,custom,pfam
FNIWGKPMCALHYTQSRVED,0.9378984006460607,0.762228529938576,multiclass,resnet,pfam
THGSWNYREPMKLFCVDIQA,0.8823345290894199,0.6352633763488461,multiclass,custom,pfam
THGSWNYREPMKLFCVDIQA,0.9303751991384697,0.6984819122173874,multiclass,resnet,pfam
FYNSCIHADVEQPWGMTLRK,0.883221416213552,0.64094153410132,multiclass,custom,pfam
FYNSCIHADVEQPWGMTLRK,0.9440087066457072,0.7579066861669097,multiclass,resnet,pfam
CGAMDQYNIFKPETSVWHRL,0.8866210958849597,0.6549482111155391,multiclass,custom,pfam
CGAMDQYNIFKPETSVWHRL,0.938359967344571,0.7432929127859571,multiclass,resnet,pfam
CPQTWLKDGMVAEYRINSHF,0.8839204014838632,0.6355610021145643,multiclass,custom,pfam
CPQTWLKDGMVAEYRINSHF,0.9452117162126097,0.7830530883437347,multiclass,resnet,pfam
QRTSMCFILGPVYNHWKEDA,0.8813008868291543,0.63420258882179,multiclass,custom,pfam
QRTSMCFILGPVYNHWKEDA,0.9430126835155452,0.7761947067538937,multiclass,resnet,pfam
SDCVTEWAGNHFMILYRQPK,0.8879353456768213,0.6499318560326272,multiclass,custom,pfam
SDCVTEWAGNHFMILYRQPK,0.9402601441981364,0.7557411500111562,multiclass,resnet,pfam
NEKQMTLVGRAFDIPYWSHC,0.8804075099208077,0.63520268982132,multiclass,custom,pfam
NEKQMTLVGRAFDIPYWSHC,0.938121210766702,0.7559015634123031,multiclass,resnet,pfam
HIKTFYLDPAGMCVNEWSRQ,0.8810777368512476,0.6491373056190789,multiclass,custom,pfam
HIKTFYLDPAGMCVNEWSRQ,0.9390535643207099,0.749289165492511,multiclass,resnet,pfam
CMEDAKVQGNHIYSLTWFPR,0.8857891004512883,0.6456355120481522,multiclass,custom,pfam
CMEDAKVQGNHIYSLTWFPR,0.9348943907403555,0.758233422244424,multiclass,resnet,pfam
VYQTRNHIEAFKMLSDGPCW,0.881575853345588,0.6319946689103514,multiclass,custom,pfam
VYQTRNHIEAFKMLSDGPCW,0.9440439480967335,0.7665664851184039,multiclass,resnet,pfam
HNTQYKVCPWRMGEIAFDSL,0.8885480532705226,0.641409199798378,multiclass,custom,pfam
HNTQYKVCPWRMGEIAFDSL,0.9399960471354623,0.7591805998253596,multiclass,resnet,pfam
ITWCLYPVDQKFNEGHMASR,0.8817696228197981,0.640571629763666,multiclass,custom,pfam
ITWCLYPVDQKFNEGHMASR,0.9318700423285543,0.7561168891786055,multiclass,resnet,pfam
NEYFMLWRPKSVHQTICDAG,0.8825577160289264,0.6371511939023118,multiclass,custom,pfam
NEYFMLWRPKSVHQTICDAG,0.9414538597589246,0.751491712942481,multiclass,resnet,pfam
GTAFLNCPISWKEVHMYDQR,0.8916448479059907,0.6542806797627193,multiclass,custom,pfam
GTAFLNCPISWKEVHMYDQR,0.9394760568194409,0.7476131381838279,multiclass,resnet,pfam
IWARPCTGESDFHLQMNYVK,0.8866600640374187,0.6387291487548398,multiclass,custom,pfam
IWARPCTGESDFHLQMNYVK,0.9399880973147627,0.7679252510043828,multiclass,resnet,pfam
MTGFIADWYLSHCERNPKVQ,0.8827174258275609,0.632564578588258,multiclass,custom,pfam
MTGFIADWYLSHCERNPKVQ,0.9394106016841093,0.7641542667636381,multiclass,resnet,pfam
WDKHALNFMRYEVGICPTQS,0.8827280936754205,0.6459769288168487,multiclass,custom,pfam
WDKHALNFMRYEVGICPTQS,0.9436976661492744,0.7633825355961169,multiclass,resnet,pfam
PEAHVCIKTNFMSQGWDYLR,0.8876744057026524,0.6548846502980367,multiclass,custom,pfam
PEAHVCIKTNFMSQGWDYLR,0.9423524330263275,0.7734689668747492,multiclass,resnet,pfam
CNFLMWHQETPVGSARDYKI,0.8853201834466349,0.6552840652564946,multiclass,custom,pfam
CNFLMWHQETPVGSARDYKI,0.9446808922278089,0.7777600295826226,multiclass,resnet,pfam
FHSPTARKWLMYQGCINVDE,0.8819998724928375,0.637449888279621,multiclass,custom,pfam
FHSPTARKWLMYQGCINVDE,0.9397364763446969,0.7516459060388493,multiclass,resnet,pfam
RNWCFAEMYKDGIQHTSVLP,0.8794726626694664,0.634683210124358,multiclass,custom,pfam
RNWCFAEMYKDGIQHTSVLP,0.9386170785951418,0.7553587814127358,multiclass,resnet,pfam
TWAVECDPHQIYLKFNRMGS,0.8888892395061749,0.6506071111708981,multiclass,custom,pfam
TWAVECDPHQIYLKFNRMGS,0.9442418510588162,0.7779955440450972,multiclass,resnet,pfam
YPLQEMNDRTFKSAVCWIHG,0.884322626920059,0.6504179637156862,multiclass,custom,pfam
YPLQEMNDRTFKSAVCWIHG,0.9402487194402808,0.7473456108207038,multiclass,resnet,pfam
CGYNQLWPHMFAKVRDSEIT,0.8880425110228203,0.6526044669014608,multiclass,custom,pfam
CGYNQLWPHMFAKVRDSEIT,0.9443710689175818,0.7821210816448267,multiclass,resnet,pfam
LNGPTICVRAHKQSEDFYWM,0.8883545874070045,0.6545210489397093,multiclass,custom,pfam
LNGPTICVRAHKQSEDFYWM,0.9360073659557561,0.7460999176916835,multiclass,resnet,pfam
SIGCQPRFAVWKHYTDMENL,0.8883315189486993,0.6516035831099748,multiclass,custom,pfam
SIGCQPRFAVWKHYTDMENL,0.9351435468440137,0.7634151315747243,multiclass,resnet,pfam
QEKPYLFACDMSIVRHWTGN,0.8831666714618738,0.630459208000139,multiclass,custom,pfam
QEKPYLFACDMSIVRHWTGN,0.9409681316963525,0.7734398688229012,multiclass,resnet,pfam
LRYVWNFHCGMKTSADQPIE,0.882420983309018,0.6373235549613342,multiclass,custom,pfam
LRYVWNFHCGMKTSADQPIE,0.9394785813177562,0.7639724794206018,multiclass,resnet,pfam
LQMTRSKAIVGDCNWYFPEH,0.8821354012386415,0.6456706970018511,multiclass,custom,pfam
LQMTRSKAIVGDCNWYFPEH,0.9441015711674823,0.7765634753894194,multiclass,resnet,pfam
KTFWNHPVCDSYMEAIRLGQ,0.8880734768217572,0.6451505764675028,multiclass,custom,pfam
KTFWNHPVCDSYMEAIRLGQ,0.9409399275682618,0.7646547595075688,multiclass,resnet,pfam
PLKQIDMGWESNFTRHAVYC,0.8918092476548148,0.6666644001817537,multiclass,custom,pfam
PLKQIDMGWESNFTRHAVYC,0.9399774491405484,0.765751586737289,multiclass,resnet,pfam
GHFQRWETVYLIADNMCPKS,0.8850273356984122,0.6468530398308399,multiclass,custom,pfam
GHFQRWETVYLIADNMCPKS,0.9317970779287542,0.7495761638392906,multiclass,resnet,pfam
VPDQKECGTSMFYNIALHRW,0.8914742282958767,0.6589477657227344,multiclass,custom,pfam
VPDQKECGTSMFYNIALHRW,0.9447791916282643,0.7626353596988786,multiclass,resnet,pfam
YWIFMQDKRVETNAGPSLCH,0.8807412509539485,0.6361374212200811,multiclass,custom,pfam
YWIFMQDKRVETNAGPSLCH,0.9406369207248261,0.7672304917929271,multiclass,resnet,pfam
CPMYKARVTFHQEDINSGWL,0.8865565204059873,0.6603818758078941,multiclass,custom,pfam
CPMYKARVTFHQEDINSGWL,0.9432704874848419,0.7727943192902555,multiclass,resnet,pfam
FHQVSKEYWCLRAIGTNDPM,0.8839253880117571,0.6378976973795163,multiclass,custom,pfam
FHQVSKEYWCLRAIGTNDPM,0.9431752639240065,0.777801887405564,multiclass,resnet,pfam
TIHCGAVYMKQRDLWFPSEN,0.8814403570498012,0.6225195417581547,multiclass,custom,pfam
TIHCGAVYMKQRDLWFPSEN,0.9320431237929304,0.7163648067289099,multiclass,resnet,pfam
QSFCAEGWVNLIHYMRTPDK,0.8838936552340003,0.6447438638997358,multiclass,custom,pfam
QSFCAEGWVNLIHYMRTPDK,0.9428108677382664,0.7609854945311463,multiclass,resnet,pfam
TLCDSIQMFRGPEWNKAVHY,0.8846783288513725,0.6428958097585433,multiclass,custom,pfam
TLCDSIQMFRGPEWNKAVHY,0.9412032635769242,0.769374152493181,multiclass,resnet,pfam
DRYEIHVFMASKLCGPTNWQ,0.888767175319999,0.6519733515538688,multiclass,custom,pfam
DRYEIHVFMASKLCGPTNWQ,0.9413915158291324,0.7759328304841885,multiclass,resnet,pfam
YMRCDNHQGKLWVIAFESPT,0.8836928319180609,0.6340503072254229,multiclass,custom,pfam
YMRCDNHQGKLWVIAFESPT,0.9431798035598054,0.778763132756089,multiclass,resnet,pfam
FPVCSGMKTRNIQDEWLHYA,0.8798089701350358,0.6479618298800937,multiclass,custom,pfam
FPVCSGMKTRNIQDEWLHYA,0.9447281332121437,0.7864650248442775,multiclass,resnet,pfam
LIQGPCTSKERDNWAHFMYV,0.8834289868332389,0.6406377727931961,multiclass,custom,pfam
LIQGPCTSKERDNWAHFMYV,0.9273629161659983,0.6911289120987936,multiclass,resnet,pfam
FVNLTAMPWDYQSKCGEHIR,0.8869577833796777,0.6442513238610192,multiclass,custom,pfam
FVNLTAMPWDYQSKCGEHIR,0.9435811213468535,0.7394879948117515,multiclass,resnet,pfam
WATEFLQGMICDRYVNKHPS,0.8868944721581705,0.6589487007675033,multiclass,custom,pfam
WATEFLQGMICDRYVNKHPS,0.9354572273102854,0.7520210728650124,multiclass,resnet,pfam
YNVEDCFQAMWGRKHSLITP,0.8837567125751317,0.6399950441054825,multiclass,custom,pfam
YNVEDCFQAMWGRKHSLITP,0.9386725083024958,0.7601033732490083,multiclass,resnet,pfam
QAFSCDVNIPKTLEYRMWHG,0.8850907292968444,0.6542704582410754,multiclass,custom,pfam
QAFSCDVNIPKTLEYRMWHG,0.9384477676343848,0.7582142942339114,multiclass,resnet,pfam
IEQYAVKRLHSMNDFCGPTW,0.8794067498299409,0.6386030011198071,multiclass,custom,pfam
IEQYAVKRLHSMNDFCGPTW,0.9404254349660992,0.7564887368095754,multiclass,resnet,pfam
QATPWEHRKGLVFDNYCSMI,0.8836506091564538,0.640056904914215,multiclass,custom,pfam
QATPWEHRKGLVFDNYCSMI,0.9395350290203908,0.7535362639294465,multiclass,resnet,pfam
AGVDLRMWFIYTSPCKHNEQ,0.8796898827879955,0.642327492959921,multiclass,custom,pfam
AGVDLRMWFIYTSPCKHNEQ,0.943027542823935,0.7727676539402536,multiclass,resnet,pfam
KWMGQSVFALIPDEHCNRTY,0.8852969123370971,0.6485142926267162,multiclass,custom,pfam
KWMGQSVFALIPDEHCNRTY,0.9403032434607889,0.7606749865401958,multiclass,resnet,pfam
AVYTGCRLNPFIDKEHMSQW,0.8873088629708011,0.6425506127999835,multiclass,custom,pfam
AVYTGCRLNPFIDKEHMSQW,0.940271532026974,0.7365967926502,multiclass,resnet,pfam
YKNGIAQETPHSCWMVLRFD,0.881940571665577,0.6279830797845963,multiclass,custom,pfam
YKNGIAQETPHSCWMVLRFD,0.9350349729281586,0.7243037876867553,multiclass,resnet,pfam
DMGVYPIFQLARHTCSKWEN,0.8874604112652449,0.644884481212212,multiclass,custom,pfam
DMGVYPIFQLARHTCSKWEN,0.9392834246048377,0.7629147930109207,multiclass,resnet,pfam
NEQVIYFMTWSLKHCPAGDR,0.8892305761720906,0.6485379531428886,multiclass,custom,pfam
NEQVIYFMTWSLKHCPAGDR,0.9428292591545269,0.7772455498165046,multiclass,resnet,pfam
WGTRCHIMDVLKANEYQFSP,0.8790295616143198,0.6348799703935268,multiclass,custom,pfam
WGTRCHIMDVLKANEYQFSP,0.9401065692006958,0.7578163222439087,multiclass,resnet,pfam
LTAEKFHVINYRQCSMDGPW,0.8881976721352836,0.6399942105902484,multiclass,custom,pfam
LTAEKFHVINYRQCSMDGPW,0.9423431503237361,0.7696168712429923,multiclass,resnet,pfam
TKMLVPGSNFYDCAEWQRHI,0.8848900179417866,0.6425180340735359,multiclass,custom,pfam
TKMLVPGSNFYDCAEWQRHI,0.9453388927943042,0.7676474376445045,multiclass,resnet,pfam
APISQTHLYEKMNRDCGWVF,0.8885363770333591,0.6598106236670838,multiclass,custom,pfam
APISQTHLYEKMNRDCGWVF,0.938105964078459,0.7626899098726871,multiclass,resnet,pfam
AMNVPHFSGQTCRYKIEDWL,0.8828783301557295,0.6428793155731327,multiclass,custom,pfam
AMNVPHFSGQTCRYKIEDWL,0.9363326912589592,0.7645454108798395,multiclass,resnet,pfam
KAIMRVFTGSEDQNWYLCHP,0.8827372043456357,0.6413719726072673,multiclass,custom,pfam
KAIMRVFTGSEDQNWYLCHP,0.9411099971643623,0.767340320070437,multiclass,resnet,pfam
DTMAWEGHFSVKPRQLICNY,0.8822225763403402,0.6440844797888309,multiclass,custom,pfam
DTMAWEGHFSVKPRQLICNY,0.9419353543777769,0.7570506574675684,multiclass,resnet,pfam
PRCNQFVGEAIWDMHKSYTL,0.8872617934089355,0.6447206312565699,multiclass,custom,pfam
PRCNQFVGEAIWDMHKSYTL,0.9329628338701514,0.7679217857740778,multiclass,resnet,pfam
ARNTVDMGSCKPELQHFIYW,0.8857801831367098,0.6595998256757009,multiclass,custom,pfam
ARNTVDMGSCKPELQHFIYW,0.9415784406606587,0.7675127743294125,multiclass,resnet,pfam
QDPCNGSAEFYIWTMLRHKV,0.8819816981763303,0.6396382851895513,multiclass,custom,pfam
QDPCNGSAEFYIWTMLRHKV,0.9390588497158492,0.7436761304101783,multiclass,resnet,pfam
MWRQGELDYKTNAFCIHSVP,0.8813585575737456,0.6382225859225776,multiclass,custom,pfam
MWRQGELDYKTNAFCIHSVP,0.9420772258334058,0.7637416882079812,multiclass,resnet,pfam
VKARPENYQDSHTWCFLGIM,0.8848288847671288,0.6483061191071011,multiclass,custom,pfam
VKARPENYQDSHTWCFLGIM,0.9391228152473665,0.7449539145925226,multiclass,resnet,pfam
MVQEFDCPTNYLWIHKGSAR,0.8841880955075156,0.6615972508444707,multiclass,custom,pfam
MVQEFDCPTNYLWIHKGSAR,0.9396641405049376,0.7594494929149465,multiclass,resnet,pfam
KCVGQSIAYWLENPDRMHFT,0.8851465271403637,0.6294408775857294,multiclass,custom,pfam
KCVGQSIAYWLENPDRMHFT,0.9367373314974674,0.7475189317157818,multiclass,resnet,pfam
GSRVLHKCMTFWINEDPAYQ,0.8800741945878547,0.6351574494659453,multiclass,custom,pfam
GSRVLHKCMTFWINEDPAYQ,0.9333047449116026,0.7290135336161464,multiclass,resnet,pfam
CPGITWQKYAVLNHDFSERM,0.8831951573750411,0.6281072673386312,multiclass,custom,pfam
CPGITWQKYAVLNHDFSERM,0.9339628389978755,0.7405771199313467,multiclass,resnet,pfam
QLSVEITCPKHWFRMYGAND,0.8788260259729291,0.631622948821845,multiclass,custom,pfam
QLSVEITCPKHWFRMYGAND,0.9355523653829622,0.7361055982031675,multiclass,resnet,pfam
EWGVHTFAQIRMLSKYCDNP,0.8862937653475867,0.6517897713441,multiclass,custom,pfam
EWGVHTFAQIRMLSKYCDNP,0.9421250790388355,0.7548578333073614,multiclass,resnet,pfam
IYSKREMFVLPTGQWNDAHC,0.8843919528563422,0.6421625304793193,multiclass,custom,pfam
IYSKREMFVLPTGQWNDAHC,0.9415856409654276,0.7655046153736511,multiclass,resnet,pfam
HANRGMKDPTWCLQFIVEYS,0.8810645856178303,0.6435075461639856,multiclass,custom,pfam
HANRGMKDPTWCLQFIVEYS,0.9403250507406253,0.762629473502004,multiclass,resnet,pfam
RSADPHNVLTFGYEMCKIQW,0.8845723903671866,0.6415605716399195,multiclass,custom,pfam
RSADPHNVLTFGYEMCKIQW,0.936402023115909,0.74566659968851,multiclass,resnet,pfam
TCLDEYMIRQKPGSWVFNAH,0.8845701736798579,0.6390397125834516,multiclass,custom,pfam
TCLDEYMIRQKPGSWVFNAH,0.9397075984658141,0.767640804450785,multiclass,resnet,pfam
DENGSYWAFPQMTICLRVKH,0.8790454677559196,0.634605220808927,multiclass,custom,pfam
DENGSYWAFPQMTICLRVKH,0.9389637093745689,0.7655890066282593,multiclass,resnet,pfam
SIFNHKTERAQMPDLYCGWV,0.8857527867496305,0.6628681769297384,multiclass,custom,pfam
SIFNHKTERAQMPDLYCGWV,0.941844089770675,0.7633703477385211,multiclass,resnet,pfam
VRHECMQWILTYKNSFAPGD,0.8829981826331041,0.6407768204423836,multiclass,custom,pfam
VRHECMQWILTYKNSFAPGD,0.9379669656628952,0.7667686381409062,multiclass,resnet,pfam
GYDRFNTMHPVQAIWLKECS,0.8866215783582048,0.6483134596096574,multiclass,custom,pfam
GYDRFNTMHPVQAIWLKECS,0.9357057399093875,0.7567520184229987,multiclass,resnet,pfam
PASFIQRTGEMWLVYCHKDN,0.8819529260579134,0.6356227321773901,multiclass,custom,pfam
PASFIQRTGEMWLVYCHKDN,0.9409939520745683,0.7610758474993352,multiclass,resnet,pfam
KLNHSPYGITWADRMCVEQF,0.8824734093605994,0.6294582935893048,multiclass,custom,pfam
KLNHSPYGITWADRMCVEQF,0.9404930403003349,0.7630993767255945,multiclass,resnet,pfam
KPDTYQSWCHNMEALGRFIV,0.8857851059984941,0.661728887429769,multiclass,custom,pfam
KPDTYQSWCHNMEALGRFIV,0.9404841253222214,0.757369558492387,multiclass,resnet,pfam
LAGQPHFTKNRCEDIMVSWY,0.8839049589005746,0.6485965758307897,multiclass,custom,pfam
LAGQPHFTKNRCEDIMVSWY,0.9465150427229737,0.76945725069573,multiclass,resnet,pfam
WMPYGSRTEAVCFNLKDHIQ,0.8879177743362279,0.6455226888802678,multiclass,custom,pfam
WMPYGSRTEAVCFNLKDHIQ,0.9423513531084275,0.7761480901915704,multiclass,resnet,pfam
HRISGETAKCWYNMVLFQPD,0.8857364421241731,0.6487639247962462,multiclass,custom,pfam
HRISGETAKCWYNMVLFQPD,0.9374070131977522,0.7747597042649751,multiclass,resnet,pfam
LSEKPHRGCMFQIWYAVNDT,0.8856498430579169,0.6469639314330216,multiclass,custom,pfam
LSEKPHRGCMFQIWYAVNDT,0.9370976148481269,0.7430792284781751,multiclass,resnet,pfam
CGQARSWNMDLVHPIFYKTE,0.8868069267650298,0.6582566648077964,multiclass,custom,pfam
CGQARSWNMDLVHPIFYKTE,0.9373533183118828,0.7571681592171391,multiclass,resnet,pfam
VRTIFYQCHGMANPWDSLKE,0.8836198799112118,0.6423927757495893,multiclass,custom,pfam
VRTIFYQCHGMANPWDSLKE,0.937814704795211,0.7636534555975898,multiclass,resnet,pfam
CTLPWFRIMYKGVHSNAQED,0.8787717047948236,0.6249261563687496,multiclass,custom,pfam
CTLPWFRIMYKGVHSNAQED,0.9383313894104823,0.7551196881890905,multiclass,resnet,pfam
HTRFGSLWQEMANDIYVKPC,0.8826686854938719,0.633952129506023,multiclass,custom,pfam
HTRFGSLWQEMANDIYVKPC,0.9411884381879287,0.756705696345864,multiclass,resnet,pfam
DQLHFGSWMIVPYENKTARC,0.8838449093713395,0.649167583434308,multiclass,custom,pfam
DQLHFGSWMIVPYENKTARC,0.9414990250296652,0.7680366960496887,multiclass,resnet,pfam
IWTNMSKDFQYHVECALRGP,0.8853383002335559,0.6363614347232551,multiclass,custom,pfam
IWTNMSKDFQYHVECALRGP,0.938359322105644,0.7591512091021005,multiclass,resnet,pfam
TADYPQKLEFSNHVICMWRG,0.8814261746246246,0.6483773780138186,multiclass,custom,pfam
TADYPQKLEFSNHVICMWRG,0.9428947491947761,0.7683169422550066,multiclass,resnet,pfam
DIVLKASMHCNWYTREPQFG,0.8822865618162787,0.6383537243074046,multiclass,custom,pfam
DIVLKASMHCNWYTREPQFG,0.9381199054434888,0.7369210772930845,multiclass,resnet,pfam
DCHQGVNRLKPYISEAWFTM,0.8863903624626918,0.6454094916266891,multiclass,custom,pfam
DCHQGVNRLKPYISEAWFTM,0.9368328996770808,0.7399313854257119,multiclass,resnet,pfam
RLPQFTDSGMNEIHCVYAKW,0.8855850245866146,0.6322286558104668,multiclass,custom,pfam
RLPQFTDSGMNEIHCVYAKW,0.9421113299354482,0.7581511938859677,multiclass,resnet,pfam
VNSEYGFHCAWDRMPKQITL,0.8823187191184971,0.6485147057702354,multiclass,custom,pfam
VNSEYGFHCAWDRMPKQITL,0.9406021441602096,0.7714060068267072,multiclass,resnet,pfam
MVQWYLFDECISHPRNAKGT,0.878458716628449,0.6321638170139849,multiclass,custom,pfam
MVQWYLFDECISHPRNAKGT,0.9387574035862902,0.7558613893952361,multiclass,resnet,pfam
LQATDHWEKCIYFVRPSMNG,0.8867896127268494,0.6451706709173275,multiclass,custom,pfam
LQATDHWEKCIYFVRPSMNG,0.9388559862546917,0.7558305160408867,multiclass,resnet,pfam
QEVYWGKNPCFHTISLRMAD,0.8837077406424763,0.6379568842418442,multiclass,custom,pfam
QEVYWGKNPCFHTISLRMAD,0.9407236800446999,0.7653607188329905,multiclass,resnet,pfam
RSPFETGWYILAMNVDHCQK,0.8777189438628932,0.6368020565667651,multiclass,custom,pfam
RSPFETGWYILAMNVDHCQK,0.9397091979506869,0.7638939457072804,multiclass,resnet,pfam
MISYFTRVNCKPDEHQLGAW,0.8865577228286334,0.6558387293601937,multiclass,custom,pfam
MISYFTRVNCKPDEHQLGAW,0.9399173885235074,0.7528046789355998,multiclass,resnet,pfam
CWQKPRGHESTVAFNIDLYM,0.8801719901176371,0.63745493062628,multiclass,custom,pfam
CWQKPRGHESTVAFNIDLYM,0.9422436812046042,0.7668331833740984,multiclass,resnet,pfam
THKRIDLAESWPGMVQYFNC,0.8892929179723312,0.652071017653078,multiclass,custom,pfam
THKRIDLAESWPGMVQYFNC,0.9369873841906864,0.7579092363830628,multiclass,resnet,pfam
LRGCSKDYPWHIQNVMTFEA,0.8833537434736659,0.640550745104439,multiclass,custom,pfam
LRGCSKDYPWHIQNVMTFEA,0.9392478483826656,0.7455081692400654,multiclass,resnet,pfam
WPACDHLGVRFKYISNMEQT,0.8865327532609848,0.649760724733461,multiclass,custom,pfam
WPACDHLGVRFKYISNMEQT,0.9489921255320499,0.7764876377208215,multiclass,resnet,pfam
CTPYFHILMGADREWQKVNS,0.8831127743650935,0.6398654523268376,multiclass,custom,pfam
CTPYFHILMGADREWQKVNS,0.9409319262266329,0.7531375355485751,multiclass,resnet,pfam
DLYQVFTHEPWKMAGSCINR,0.8845855607838334,0.6512563386602448,multiclass,custom,pfam
DLYQVFTHEPWKMAGSCINR,0.9388907152415318,0.77366719896075,multiclass,resnet,pfam
PIHGEYNDQKLWCRATSFVM,0.8911252429338405,0.658496872310831,multiclass,custom,pfam
PIHGEYNDQKLWCRATSFVM,0.944101032319319,0.7828596530298588,multiclass,resnet,pfam
SERCGLDPAKIQHWFVTNYM,0.8842419133864553,0.6362892392454524,multiclass,custom,pfam
SERCGLDPAKIQHWFVTNYM,0.9399655032704428,0.7599789867544533,multiclass,resnet,pfam
MGATNYFIWKPRVDSHCELQ,0.8862471068438337,0.6475585983010352,multiclass,custom,pfam
MGATNYFIWKPRVDSHCELQ,0.936470944676541,0.7214999982596458,multiclass,resnet,pfam
GQFCKRPSDEVTYMHNWLAI,0.8850903889577687,0.6385727337684397,multiclass,custom,pfam
GQFCKRPSDEVTYMHNWLAI,0.9390492519520105,0.7439165043422483,multiclass,resnet,pfam
YVDEANTIGMQKPLRWSHFC,0.8842645129285464,0.6288455684218398,multiclass,custom,pfam
YVDEANTIGMQKPLRWSHFC,0.9320992962102329,0.7390209835309781,multiclass,resnet,pfam
NGVCLDRESKMTFHYIPAQW,0.8843539555910513,0.6426064383250155,multiclass,custom,pfam
NGVCLDRESKMTFHYIPAQW,0.9447341745193458,0.764973649967868,multiclass,resnet,pfam
DPRFVCMHYNLITQKSAGEW,0.8862850017966618,0.6442095476894699,multiclass,custom,pfam
DPRFVCMHYNLITQKSAGEW,0.9378413693634581,0.7809251251651181,multiclass,resnet,pfam
TMLKIVSRCYQNEFDGPAWH,0.8839304246982598,0.6449721762948133,multiclass,custom,pfam
TMLKIVSRCYQNEFDGPAWH,0.9429341412725885,0.7839548806193315,multiclass,resnet,pfam
ERHGFMWCIVDNYQTKPSLA,0.8823184211496031,0.6322997358977529,multiclass,custom,pfam
ERHGFMWCIVDNYQTKPSLA,0.9424574808777907,0.771618259295354,multiclass,resnet,pfam
VALWHTQKGPIERYSDFNMC,0.8847731457452012,0.6353345016210075,multiclass,custom,pfam
VALWHTQKGPIERYSDFNMC,0.9256884131209742,0.731635674547922,multiclass,resnet,pfam
WFREASTPHDVLCMINYKGQ,0.8847245401351458,0.6335665192511245,multiclass,custom,pfam
WFREASTPHDVLCMINYKGQ,0.9384591264449134,0.7389014420213511,multiclass,resnet,pfam
YTSKRLEQHMAWNGCVFIPD,0.8839236138687376,0.6337640728916062,multiclass,custom,pfam
YTSKRLEQHMAWNGCVFIPD,0.938873109589592,0.7519235653755195,multiclass,resnet,pfam
MGRPEQKCLFNYWTVAHISD,0.8852951007046785,0.652604576000088,multiclass,custom,pfam
MGRPEQKCLFNYWTVAHISD,0.945246750266385,0.7867961075061574,multiclass,resnet,pfam
TECPDVASKQRWGNLIYHMF,0.8874877524690155,0.6463381545065585,multiclass,custom,pfam
TECPDVASKQRWGNLIYHMF,0.9446660442104339,0.7752322880105067,multiclass,resnet,pfam
NQCFSHGIWRTVKMEPLYDA,0.8817459597858607,0.6394635269601048,multiclass,custom,pfam
NQCFSHGIWRTVKMEPLYDA,0.9400418161841028,0.7648710069383461,multiclass,resnet,pfam
VQFPGTSEAYLKDMWIHCNR,0.8834483784788439,0.6412754085804611,multiclass,custom,pfam
VQFPGTSEAYLKDMWIHCNR,0.9437286661209479,0.7714581969119021,multiclass,resnet,pfam
FPELMDASVQNRIYWCHGTK,0.8839966519641257,0.6543240935736078,multiclass,custom,pfam
FPELMDASVQNRIYWCHGTK,0.9334763395978332,0.7393584838363298,multiclass,resnet,pfam
EWDVPKAGFCSYHMRQLINT,0.8824722097399145,0.6385417554017249,multiclass,custom,pfam
EWDVPKAGFCSYHMRQLINT,0.9378930743447123,0.7744954496093931,multiclass,resnet,pfam
VEWPSMFDGTAINCYQRLHK,0.8821061043555491,0.6402595112952743,multiclass,custom,pfam
VEWPSMFDGTAINCYQRLHK,0.9344829029175541,0.7321092734508773,multiclass,resnet,pfam
SVMLFQPDINAEGHYKWCRT,0.8862123818141822,0.6399668906243532,multiclass,custom,pfam
SVMLFQPDINAEGHYKWCRT,0.9387447669354716,0.7665235690736784,multiclass,resnet,pfam
NKYGAQRHLVTDSWMEPCIF,0.8878475695302079,0.6389764497867534,multiclass,custom,pfam
NKYGAQRHLVTDSWMEPCIF,0.9375108975600396,0.7461620438063624,multiclass,resnet,pfam
SRGFLMDVTEKPAQYNWHIC,0.8895285184600839,0.6557149500007105,multiclass,custom,pfam
SRGFLMDVTEKPAQYNWHIC,0.9406222878617363,0.7575952299808122,multiclass,resnet,pfam
PRSGCTANKEVWDMHYLQFI,0.8784204988248703,0.6318170290005313,multiclass,custom,pfam
PRSGCTANKEVWDMHYLQFI,0.9427616679647862,0.7756089214791259,multiclass,resnet,pfam
CVATSKWEPLMDRQFINHYG,0.8811176642015491,0.64255713452806,multiclass,custom,pfam
CVATSKWEPLMDRQFINHYG,0.9405778328446125,0.7584726774961882,multiclass,resnet,pfam
YILVPNKFMQGSWHCARTDE,0.8839905636024066,0.6457152739236983,multiclass,custom,pfam
YILVPNKFMQGSWHCARTDE,0.939360771920791,0.7547883975402618,multiclass,resnet,pfam
VHGSKFAMNCTELYDIRPWQ,0.8801420902471147,0.6405519490763584,multiclass,custom,pfam
VHGSKFAMNCTELYDIRPWQ,0.9473927515958083,0.7819642566691731,multiclass,resnet,pfam
DYINFTVHCRSGMEQKALWP,0.8826990930867422,0.6387376160017589,multiclass,custom,pfam
DYINFTVHCRSGMEQKALWP,0.936027550493567,0.7716268012218831,multiclass,resnet,pfam
SGEQTFARLNYMKHVICPDW,0.8842764291988395,0.6399074834831345,multiclass,custom,pfam
SGEQTFARLNYMKHVICPDW,0.9452595525241024,0.7934474541698907,multiclass,resnet,pfam
MDCTKHAFGWELYIVRQSNP,0.8856342820952892,0.6413167760964414,multiclass,custom,pfam
MDCTKHAFGWELYIVRQSNP,0.9372079349029165,0.7398328310845886,multiclass,resnet,pfam
MFYPKCGTHNSIRAEWVDLQ,0.8862376491142154,0.6428702943316834,multiclass,custom,pfam
MFYPKCGTHNSIRAEWVDLQ,0.9434036925355906,0.7605995021982453,multiclass,resnet,pfam
KFMYENTLAWDHRPQGVSCI,0.8831599686520631,0.6381144867977617,multiclass,custom,pfam
KFMYENTLAWDHRPQGVSCI,0.9426607474447988,0.7595172707741685,multiclass,resnet,pfam
TSMVNDYHEIQCKFLGARWP,0.8887837410197286,0.6424348237651784,multiclass,custom,pfam
TSMVNDYHEIQCKFLGARWP,0.938612297646318,0.7469510794664641,multiclass,resnet,pfam
YRSDKFIPEQCHWMNTVGAL,0.8812907340972576,0.6375952476518248,multiclass,custom,pfam
YRSDKFIPEQCHWMNTVGAL,0.9366288351987482,0.7178891788419051,multiclass,resnet,pfam
EKWSPTFRQYDINGMHALVC,0.8799085701972995,0.636789448343189,multiclass,custom,pfam
EKWSPTFRQYDINGMHALVC,0.9363057826593393,0.7108063522786121,multiclass,resnet,pfam
NHFMAESTDLGPYWQIKRVC,0.8834709023991236,0.6377385418467559,multiclass,custom,pfam
NHFMAESTDLGPYWQIKRVC,0.9366936852758887,0.7123435459077514,multiclass,resnet,pfam
WKTNPCLMDVYHFGERQASI,0.8829509813241087,0.6386777983127463,multiclass,custom,pfam
WKTNPCLMDVYHFGERQASI,0.9321705523656949,0.7347979246389128,multiclass,resnet,pfam
WPEDKSLMNVRGHFICTQAY,0.8828016542512529,0.6379119537535931,multiclass,custom,pfam
WPEDKSLMNVRGHFICTQAY,0.940551293755696,0.7780939004247087,multiclass,resnet,pfam
KMNQGALTPVCDFWYERSIH,0.883894982383698,0.6419361091522027,multiclass,custom,pfam
KMNQGALTPVCDFWYERSIH,0.9423403092536644,0.7582461551706453,multiclass,resnet,pfam
TDSPVYMEQCGFRNKWALHI,0.882011012698341,0.640042590446229,multiclass,custom,pfam
TDSPVYMEQCGFRNKWALHI,0.9428765060682451,0.7667050282581928,multiclass,resnet,pfam
CVATDHSPGKYWNQMEIRFL,0.8838826847332747,0.6369381071982232,multiclass,custom,pfam
CVATDHSPGKYWNQMEIRFL,0.9426656694905928,0.7680329605976028,multiclass,resnet,pfam
GMIAHPTCYEQKNDFLVWSR,0.8858287666935709,0.6454199781260057,multiclass,custom,pfam
GMIAHPTCYEQKNDFLVWSR,0.9385418646166908,0.7595094034791394,multiclass,resnet,pfam
QWRCNGDAEHVPLYMSKIFT,0.8867423582622864,0.6306463345694102,multiclass,custom,pfam
QWRCNGDAEHVPLYMSKIFT,0.9405428244027391,0.7607773781685193,multiclass,resnet,pfam
HVQLMYRWFTADICKNESPG,0.8837931563236101,0.6419554226318307,multiclass,custom,pfam
HVQLMYRWFTADICKNESPG,0.9411981476296619,0.7391760150703821,multiclass,resnet,pfam
RGQILDNKPYAVECMFWHST,0.8805783426678282,0.6392646518728788,multiclass,custom,pfam
RGQILDNKPYAVECMFWHST,0.9404031075054584,0.7581546499014316,multiclass,resnet,pfam
PNMHLGSDVWKCYEARQFTI,0.882813276954364,0.6415472519166523,multiclass,custom,pfam
PNMHLGSDVWKCYEARQFTI,0.9434004898419598,0.7631374662657702,multiclass,resnet,pfam
DKQIHYRCMNSTLFAVWPEG,0.887243688880935,0.6537775646340112,multiclass,custom,pfam
DKQIHYRCMNSTLFAVWPEG,0.9342830811409272,0.7550317724126892,multiclass,resnet,pfam
INTGQSHVPFWRMYKALDCE,0.882976851314865,0.6396294597948722,multiclass,custom,pfam
INTGQSHVPFWRMYKALDCE,0.9414913657873314,0.7597314596831263,multiclass,resnet,pfam
PAWHSCNGTLMDYQRVKFEI,0.8822149085326704,0.6377675110946222,multiclass,custom,pfam
PAWHSCNGTLMDYQRVKFEI,0.9240147902006068,0.713009920249368,multiclass,resnet,pfam
AQEGMRCYTNFISVLKDPWH,0.88543490268707,0.6456242308356609,multiclass,custom,pfam
AQEGMRCYTNFISVLKDPWH,0.9408183403162665,0.7566778338612427,multiclass,resnet,pfam
GAQKTRSIYCFEMHVWPNDL,0.8840322829444883,0.6498764963013165,multiclass,custom,pfam
GAQKTRSIYCFEMHVWPNDL,0.944174997752772,0.780612232694924,multiclass,resnet,pfam
HLECNSGPVFIAMWTRKDYQ,0.8881750420229416,0.6550482323427023,multiclass,custom,pfam
HLECNSGPVFIAMWTRKDYQ,0.9379649645154788,0.7441618776877493,multiclass,resnet,pfam
SIAHDMLNRFKVGPQYETWC,0.8810242740156069,0.6353186954343947,multiclass,custom,pfam
SIAHDMLNRFKVGPQYETWC,0.9383978204591299,0.7645691607836783,multiclass,resnet,pfam
AKGDWTHFIYMSERCVQNPL,0.881693492811172,0.644644622986706,multiclass,custom,pfam
AKGDWTHFIYMSERCVQNPL,0.9424304954516446,0.7703222623995412,multiclass,resnet,pfam
QSPECYGRALIWDTNKHMFV,0.8842865853152538,0.629133227340476,multiclass,custom,pfam
QSPECYGRALIWDTNKHMFV,0.9300453197250297,0.7382978770083917,multiclass,resnet,pfam
MHWFGARYITQLKCDEVSNP,0.8849916249636092,0.6369015393860993,multiclass,custom,pfam
MHWFGARYITQLKCDEVSNP,0.9417498684158974,0.7625276196202811,multiclass,resnet,pfam
IHNEQGRCYFDTKLPAVMSW,0.8892775478615687,0.639478251386306,multiclass,custom,pfam
IHNEQGRCYFDTKLPAVMSW,0.9459415340175805,0.7711671052090884,multiclass,resnet,pfam
FEHVQIPGTSDLWCRKYMAN,0.8867882557120623,0.6511269587908914,multiclass,custom,pfam
FEHVQIPGTSDLWCRKYMAN,0.9358260453603524,0.7367460937740927,multiclass,resnet,pfam
SKLAGWFMQVHERNYPDCTI,0.8853206088197005,0.6551732633842217,multiclass,custom,pfam
SKLAGWFMQVHERNYPDCTI,0.9290150756254671,0.7373071621027538,multiclass,resnet,pfam
GWNEVQLSIDATKYFPRMCH,0.8861973757621756,0.6519524750825649,multiclass,custom,pfam
GWNEVQLSIDATKYFPRMCH,0.9355792912945431,0.7449536003627371,multiclass,resnet,pfam
GKISLDYVWPTEQRHNCFAM,0.884722982183567,0.6477146909999794,multiclass,custom,pfam
GKISLDYVWPTEQRHNCFAM,0.9401794127892849,0.7498157377757041,multiclass,resnet,pfam
LKNYAWVPTIDERGQCHFSM,0.8838721474013621,0.6381736996027099,multiclass,custom,pfam
LKNYAWVPTIDERGQCHFSM,0.9393632281751627,0.7714581405752334,multiclass,resnet,pfam
AENPVFCHQSIWKTGRYDML,0.8829275007124142,0.6291352859662517,multiclass,custom,pfam
AENPVFCHQSIWKTGRYDML,0.9405320035997617,0.7688516987829471,multiclass,resnet,pfam
YLFMSEQGVICAHDKRNWTP,0.8883225083609354,0.657944329455569,multiclass,custom,pfam
YLFMSEQGVICAHDKRNWTP,0.9414761946969357,0.764407551812442,multiclass,resnet,pfam
YKWQSFACMNPIERGHTDVL,0.8859376557840788,0.6481681645007975,multiclass,custom,pfam
YKWQSFACMNPIERGHTDVL,0.9440628386398233,0.7627048746716698,multiclass,resnet,pfam
GVYQFWDALMSEIKNRPTHC,0.8893182604554403,0.6604098653696971,multiclass,custom,pfam
GVYQFWDALMSEIKNRPTHC,0.9466675853189213,0.7719154635506584,multiclass,resnet,pfam
EVCTGWDLYQFIRKHMNSPA,0.8850624618974283,0.6423675590462875,multiclass,custom,pfam
EVCTGWDLYQFIRKHMNSPA,0.9426466932149186,0.7557656863377106,multiclass,resnet,pfam
KYNGDHIFESLQPWTCARVM,0.8848654158170681,0.6492377865069054,multiclass,custom,pfam
KYNGDHIFESLQPWTCARVM,0.9314239571449878,0.7146149165603988,multiclass,resnet,pfam
KPQHLCSGNTAERDYVMIWF,0.8882052783879686,0.6566376450218401,multiclass,custom,pfam
KPQHLCSGNTAERDYVMIWF,0.9378835187675726,0.7394383563688807,multiclass,resnet,pfam
SFKDEMPYCNHVTILGWRAQ,0.8833921787752488,0.6469591060689335,multiclass,custom,pfam
SFKDEMPYCNHVTILGWRAQ,0.9395876652592348,0.7815019898836546,multiclass,resnet,pfam
ILQYNMPVWTSCHEDRKAFG,0.8872144351744513,0.647848893980802,multiclass,custom,pfam
ILQYNMPVWTSCHEDRKAFG,0.9448319667798823,0.7805414329318641,multiclass,resnet,pfam
NTWKVIPHAFLQCSYGEMDR,0.8881113571256083,0.6685502017949123,multiclass,custom,pfam
NTWKVIPHAFLQCSYGEMDR,0.9372173491243103,0.7633167039813218,multiclass,resnet,pfam
IRQFYTLWCGDVKMENASHP,0.8820147402206674,0.6396236862117614,multiclass,custom,pfam
IRQFYTLWCGDVKMENASHP,0.9332458314175744,0.747273989169847,multiclass,resnet,pfam
MWASERKLNPYQFCVGTHID,0.8872851849093626,0.6424029983492362,multiclass,custom,pfam
MWASERKLNPYQFCVGTHID,0.9417808506087904,0.7642912313152301,multiclass,resnet,pfam
RKDNYQVASGWELCMFIHTP,0.8851708501183371,0.6371359218172631,multiclass,custom,pfam
RKDNYQVASGWELCMFIHTP,0.9438376838835134,0.7685713218187493,multiclass,resnet,pfam
HCSGLPWTFEADRNKVMIQY,0.8827604127793244,0.6428051035637452,multiclass,custom,pfam
HCSGLPWTFEADRNKVMIQY,0.9442633969645204,0.7751614665456057,multiclass,resnet,pfam
NTDWMYICSFLRKAGVQPEH,0.8886435166001172,0.6559431026419187,multiclass,custom,pfam
NTDWMYICSFLRKAGVQPEH,0.942694221691139,0.7709958658975014,multiclass,resnet,pfam
GRYPVQHFLDMKAIEWNSCT,0.8850397360657286,0.6397313446768583,multiclass,custom,pfam
GRYPVQHFLDMKAIEWNSCT,0.9377337021926968,0.7580940563795067,multiclass,resnet,pfam
SPKDCEMNGAWTYHRQLFVI,0.8843637345238641,0.6395353342959794,multiclass,custom,pfam
SPKDCEMNGAWTYHRQLFVI,0.948569781434489,0.7703814718329347,multiclass,resnet,pfam
LSCKMVPFQDHNGYTWRIAE,0.8836450451568012,0.6367940297001098,multiclass,custom,pfam
LSCKMVPFQDHNGYTWRIAE,0.933914123533256,0.7555081928957418,multiclass,resnet,pfam
NDYWSLTARKQFVEMHCIGP,0.8839023199752389,0.6375396831037626,multiclass,custom,pfam
NDYWSLTARKQFVEMHCIGP,0.94206034024087,0.7694925212677111,multiclass,resnet,pfam
ESQNLGYPWDMKATIVFHRC,0.881473871326276,0.633559280462967,multiclass,custom,pfam
ESQNLGYPWDMKATIVFHRC,0.9409951513944048,0.7762388941074094,multiclass,resnet,pfam
NYRALKCFETHQDIPMGVWS,0.8853869017360619,0.6512482822267092,multiclass,custom,pfam
NYRALKCFETHQDIPMGVWS,0.9334817184903781,0.756393232187542,multiclass,resnet,pfam
CTDLNIEQFYSAMRKWPVHG,0.8864908055297118,0.6448771061017528,multiclass,custom,pfam
CTDLNIEQFYSAMRKWPVHG,0.9448597757822024,0.7781342457107677,multiclass,resnet,pfam
LGSPCNARTVYEKMIWHDFQ,0.8807216500069815,0.649686575083403,multiclass,custom,pfam
LGSPCNARTVYEKMIWHDFQ,0.9358048957270878,0.7286597837272324,multiclass,resnet,pfam
FCVSELNTHIYARPWMQKDG,0.8808014062601199,0.650897834515774,multiclass,custom,pfam
FCVSELNTHIYARPWMQKDG,0.9405146260936285,0.777503420682294,multiclass,resnet,pfam
QCEIGHPVMWFRLYSKTNAD,0.885992214037528,0.6425111902437661,multiclass,custom,pfam
QCEIGHPVMWFRLYSKTNAD,0.9315601944566957,0.7326962691785018,multiclass,resnet,pfam
KGLTWCFRMPHQANSEYVID,0.8886677259248448,0.6526707561115217,multiclass,custom,pfam
KGLTWCFRMPHQANSEYVID,0.9398785163079111,0.744122984676525,multiclass,resnet,pfam
NWLFACVDETQKRHYPISGM,0.8854404895090152,0.6535800213850171,multiclass,custom,pfam
NWLFACVDETQKRHYPISGM,0.9419347333631283,0.7649721379699844,multiclass,resnet,pfam
PQVDSGKTHLNYWRACEMFI,0.8824962673844811,0.6440927831314731,multiclass,custom,pfam
PQVDSGKTHLNYWRACEMFI,0.9353764153896691,0.7491450528955265,multiclass,resnet,pfam
EKPVDMISTNGAWYHQFCLR,0.8840118404954744,0.6410947679859355,multiclass,custom,pfam
EKPVDMISTNGAWYHQFCLR,0.9398982550468377,0.7611333412187293,multiclass,resnet,pfam
YGFEKQNHMLWRCPDIATVS,0.8811762385266361,0.6421656351994914,multiclass,custom,pfam
YGFEKQNHMLWRCPDIATVS,0.9421109968358727,0.7368567581426173,multiclass,resnet,pfam
PYTSEQRWGKHFLNVMIACD,0.8820568754567051,0.6331257276671496,multiclass,custom,pfam
PYTSEQRWGKHFLNVMIACD,0.9423921768498091,0.770931473007819,multiclass,resnet,pfam
IEKGMRSYDACVNHPQTFWL,0.8824462827933995,0.6370355742582441,multiclass,custom,pfam
IEKGMRSYDACVNHPQTFWL,0.9411097632477382,0.7780003308286212,multiclass,resnet,pfam
GPQLDTWRNCMAIFHSKVYE,0.8864602158339882,0.6479183822955396,multiclass,custom,pfam
GPQLDTWRNCMAIFHSKVYE,0.9422959956360888,0.7841129735934157,multiclass,resnet,pfam
TEILKSNFCYVGAPHWQDRM,0.8833672400299916,0.6518055485621911,multiclass,custom,pfam
TEILKSNFCYVGAPHWQDRM,0.938992565631868,0.7657911794613429,multiclass,resnet,pfam
GHCFDMKQNWPETYILSRAV,0.8825727026617443,0.6313114004357431,multiclass,custom,pfam
GHCFDMKQNWPETYILSRAV,0.9409598134839371,0.7592439080583848,multiclass,resnet,pfam
QYFPMVDKCESRGITLHAWN,0.8860743496098029,0.6459544503190078,multiclass,custom,pfam
QYFPMVDKCESRGITLHAWN,0.9471438437570221,0.772675965600957,multiclass,resnet,pfam
LFGTPEYMIQKRDSHVANWC,0.8891823254763984,0.645986082042258,multiclass,custom,pfam
LFGTPEYMIQKRDSHVANWC,0.9399457283212532,0.7384219981336326,multiclass,resnet,pfam
KEQFDNSLCHRWAPGMYTIV,0.8845225712356557,0.6554246647890624,multiclass,custom,pfam
KEQFDNSLCHRWAPGMYTIV,0.9428682219788584,0.7779952846617496,multiclass,resnet,pfam
LPVYHSDKCAGINMWRQETF,0.8846146289832804,0.6531777214534061,multiclass,custom,pfam
LPVYHSDKCAGINMWRQETF,0.9348708097697527,0.727115126544251,multiclass,resnet,pfam
ITHVQLPSDNFAYRGEMWCK,0.8855798794763604,0.6438418889824288,multiclass,custom,pfam
ITHVQLPSDNFAYRGEMWCK,0.9385759470681767,0.7521544947493422,multiclass,resnet,pfam
RYDFIWHQNTKMCVALGPSE,0.8816715094980336,0.6409876484754492,multiclass,custom,pfam
RYDFIWHQNTKMCVALGPSE,0.9349940931633307,0.7554591465331066,multiclass,resnet,pfam
QWFMPTKGLDRYSEIANVCH,0.8804799366082628,0.6464737098352745,multiclass,custom,pfam
QWFMPTKGLDRYSEIANVCH,0.9391257464600983,0.7647160105052032,multiclass,resnet,pfam
FWQMAKGSIEPTYRVLCHND,0.8889206171566117,0.6563974361232714,multiclass,custom,pfam
FWQMAKGSIEPTYRVLCHND,0.9398344669015042,0.761428297143018,multiclass,resnet,pfam
GCNDYIFMARWHQKTLESVP,0.8758263999110264,0.6239825772163505,multiclass,custom,pfam
GCNDYIFMARWHQKTLESVP,0.937949560548849,0.7571150808039696,multiclass,resnet,pfam
WYPKQEIDFTRNSGAMVHCL,0.8873115898963727,0.6479125240125083,multiclass,custom,pfam
WYPKQEIDFTRNSGAMVHCL,0.9424636406485242,0.7750152724885145,multiclass,resnet,pfam
NLWQHASRECYGMPDIKFVT,0.8798233078152317,0.6477294377821183,multiclass,custom,pfam
NLWQHASRECYGMPDIKFVT,0.9421528219057402,0.7649872084127568,multiclass,resnet,pfam
ISLFPMCDGYQEWKHNRTVA,0.8832404561197377,0.6483839760855388,multiclass,custom,pfam
ISLFPMCDGYQEWKHNRTVA,0.9404970878113781,0.7448406065447937,multiclass,resnet,pfam
HKGSFQTLWEAIVPYRCMDN,0.8857085066116156,0.649814610679515,multiclass,custom,pfam
HKGSFQTLWEAIVPYRCMDN,0.9378686436641559,0.7577692029775522,multiclass,resnet,pfam
WEAHQNDVYICPTGFMKLRS,0.8780106282705695,0.6278339542545337,multiclass,custom,pfam
WEAHQNDVYICPTGFMKLRS,0.9387275105076233,0.7484261669260287,multiclass,resnet,pfam
PMSWNHKLTQECVFRIAGDY,0.883928899259241,0.6398371739342418,multiclass,custom,pfam
PMSWNHKLTQECVFRIAGDY,0.9443428104534884,0.771663679285596,multiclass,resnet,pfam
GTQWHASDCIPYKMLFNRVE,0.886854797533738,0.6577165112925387,multiclass,custom,pfam
GTQWHASDCIPYKMLFNRVE,0.9411983686370877,0.7753435210414048,multiclass,resnet,pfam
PLATKFVIDWHNCYMGERSQ,0.882881864639889,0.6368982969178427,multiclass,custom,pfam
PLATKFVIDWHNCYMGERSQ,0.9433374857894379,0.7697596475811785,multiclass,resnet,pfam
EFDAGHLPSIMCNVQRKYWT,0.8795138933658961,0.6410403622388053,multiclass,custom,pfam
EFDAGHLPSIMCNVQRKYWT,0.9389515992235058,0.7636190029284091,multiclass,resnet,pfam
SNEQIVRMDPGTLFHCYKWA,0.8841119712611855,0.6495299803726111,multiclass,custom,pfam
SNEQIVRMDPGTLFHCYKWA,0.9290094887058817,0.7367328726117321,multiclass,resnet,pfam
MYPFHGDQSARTVEKLWINC,0.887367303157446,0.6667606341477126,multiclass,custom,pfam
MYPFHGDQSARTVEKLWINC,0.9371808092965177,0.7512961922326871,multiclass,resnet,pfam
ERNIQLKYMVTHWADSCGFP,0.8862197928360533,0.6491861321093355,multiclass,custom,pfam
ERNIQLKYMVTHWADSCGFP,0.9401536600882698,0.7577668561156781,multiclass,resnet,pfam
NQLMWRSPVDFIGEHKATYC,0.8830205407567512,0.6427796793115702,multiclass,custom,pfam
NQLMWRSPVDFIGEHKATYC,0.9385019279659526,0.7476265580331544,multiclass,resnet,pfam
APFLTMSHEGRWKDYNVIQC,0.8868143712958284,0.635487558963187,multiclass,custom,pfam
APFLTMSHEGRWKDYNVIQC,0.9381870821571106,0.7420865762448502,multiclass,resnet,pfam
DQSLIFNMCAWRPGKEYVHT,0.8872388081534799,0.6583673194962923,multiclass,custom,pfam
DQSLIFNMCAWRPGKEYVHT,0.9397660816997812,0.7567534036403758,multiclass,resnet,pfam
HSIWRCFEAMTDLGKQNPYV,0.8841748503510429,0.6416389645917738,multiclass,custom,pfam
HSIWRCFEAMTDLGKQNPYV,0.9440267466220552,0.7719628000227685,multiclass,resnet,pfam
PENCMYKVAGIHQLFDRTSW,0.8811103870117002,0.6554564021251534,multiclass,custom,pfam
PENCMYKVAGIHQLFDRTSW,0.9414449293833733,0.759494671502478,multiclass,resnet,pfam
YQDSVHNIALGPCKFEMTWR,0.8799848457749789,0.6276259190379402,multiclass,custom,pfam
YQDSVHNIALGPCKFEMTWR,0.9427871341432578,0.7583576486672146,multiclass,resnet,pfam
ESDFKTGWVHMNCRYPLQIA,0.8834353982570058,0.6349076883932665,multiclass,custom,pfam
ESDFKTGWVHMNCRYPLQIA,0.9429912092210838,0.7614024008244622,multiclass,resnet,pfam
RLPSFKYIDQWVHECTGNAM,0.8815948224738342,0.6365529972184083,multiclass,custom,pfam
RLPSFKYIDQWVHECTGNAM,0.9402898741731528,0.7538612141620321,multiclass,resnet,pfam
ALNVKQDCTMESWHFPIYRG,0.8803293655134959,0.6302941725692411,multiclass,custom,pfam
ALNVKQDCTMESWHFPIYRG,0.9377418526027546,0.7421686025009675,multiclass,resnet,pfam
CTMDVEFPQNAIWKYGLSRH,0.8797115068437724,0.635073265341126,multiclass,custom,pfam
CTMDVEFPQNAIWKYGLSRH,0.9386686581130361,0.7566472122504345,multiclass,resnet,pfam
LGENKSQHYIFCAWDVMTRP,0.8801349087930441,0.6280735487801156,multiclass,custom,pfam
LGENKSQHYIFCAWDVMTRP,0.9460562770813941,0.7765301900327722,multiclass,resnet,pfam
QIRNMTHKLDAPWVEGFYCS,0.8860565338056938,0.6429701662243128,multiclass,custom,pfam
QIRNMTHKLDAPWVEGFYCS,0.9431737251082429,0.7662460192889462,multiclass,resnet,pfam
KMVATSYDCFILHRWPGQEN,0.8835671339741987,0.6393612177466584,multiclass,custom,pfam
KMVATSYDCFILHRWPGQEN,0.9452237235197163,0.7860551411126906,multiclass,resnet,pfam
LAFRTDVYCNPHSIMWKGEQ,0.8809785309037881,0.6339367621940356,multiclass,custom,pfam
LAFRTDVYCNPHSIMWKGEQ,0.9461542725384765,0.7769073954405522,multiclass,resnet,pfam
CLFEHKGPTRDYNWIQSMVA,0.8824274235422624,0.6334122026251531,multiclass,custom,pfam
CLFEHKGPTRDYNWIQSMVA,0.9410158864150553,0.7706583258063422,multiclass,resnet,pfam
YFPTMQCWDALVHIRGKNES,0.88079476829663,0.6352283159844211,multiclass,custom,pfam
YFPTMQCWDALVHIRGKNES,0.9449906779871258,0.7801523747116408,multiclass,resnet,pfam
INGHSCWFPLDRKAQYMTEV,0.8790857398815952,0.6477321058641249,multiclass,custom,pfam
INGHSCWFPLDRKAQYMTEV,0.9366643790976328,0.7537924749001708,multiclass,resnet,pfam
APLDKHQIREVGCTYMSWNF,0.8866716800677402,0.6495743609756526,multiclass,custom,pfam
APLDKHQIREVGCTYMSWNF,0.9379757670705638,0.7559891527076931,multiclass,resnet,pfam
IANWVKERSYHQDMCGFPTL,0.8800026969805778,0.6428861742505652,multiclass,custom,pfam
IANWVKERSYHQDMCGFPTL,0.927938196943223,0.7125013024414489,multiclass,resnet,pfam
IHVCGWSQNAMREDFYPTKL,0.8855962576110086,0.6357644620942755,multiclass,custom,pfam
IHVCGWSQNAMREDFYPTKL,0.9428123918308311,0.7689533622824896,multiclass,resnet,pfam
CISLPWYDRGAQFMVETHKN,0.8854860041264254,0.6467505599211181,multiclass,custom,pfam
CISLPWYDRGAQFMVETHKN,0.9404455552379698,0.7551663874008356,multiclass,resnet,pfam
AFNQSTMYCEWHRDGLVIKP,0.8786521818791266,0.6345020009815705,multiclass,custom,pfam
AFNQSTMYCEWHRDGLVIKP,0.9446969776998955,0.7688937618300351,multiclass,resnet,pfam
HTWLEINVARSDGPCKFYQM,0.8884751647650309,0.6471733257931469,multiclass,custom,pfam
HTWLEINVARSDGPCKFYQM,0.9388695555422617,0.761144911870856,multiclass,resnet,pfam
WDYIKNMAQVFESRCTPLHG,0.8833179235632457,0.6523926954920468,multiclass,custom,pfam
WDYIKNMAQVFESRCTPLHG,0.9398088233253235,0.754717995630606,multiclass,resnet,pfam
VICWFTAYNLPRMGDEKQSH,0.8778210440470525,0.6454030135886345,multiclass,custom,pfam
VICWFTAYNLPRMGDEKQSH,0.9389246707145865,0.7720744099623922,multiclass,resnet,pfam
THFPARWLDNSIVMYCEKGQ,0.8869193274970646,0.6494234453534304,multiclass,custom,pfam
THFPARWLDNSIVMYCEKGQ,0.9372601880329177,0.7533664083512441,multiclass,resnet,pfam
YRMSVKGHAPFTIEWNQLCD,0.8836097747760577,0.6434884279380519,multiclass,custom,pfam
YRMSVKGHAPFTIEWNQLCD,0.9398706857530958,0.7688317865092843,multiclass,resnet,pfam
FDHQVNYIWMAKTSCLGRPE,0.8858338786225126,0.6422255122627802,multiclass,custom,pfam
FDHQVNYIWMAKTSCLGRPE,0.9451200698645597,0.7591338379632421,multiclass,resnet,pfam
NFWDHQSVGPTEIYCKALMR,0.8805128488834526,0.6326587958451814,multiclass,custom,pfam
NFWDHQSVGPTEIYCKALMR,0.9437585333648023,0.7618562024185749,multiclass,resnet,pfam
TIRAQESDNMVFPWKHYCLG,0.8841713963074209,0.6487226614918914,multiclass,custom,pfam
TIRAQESDNMVFPWKHYCLG,0.9402355798670434,0.7320530239560697,multiclass,resnet,pfam
FALQKEVMCGRSHIPYWNTD,0.8816841406571635,0.6456473931070972,multiclass,custom,pfam
FALQKEVMCGRSHIPYWNTD,0.9241101750000219,0.7048920557380182,multiclass,resnet,pfam
APTFHEWCVDKLIMRNSYGQ,0.8848288876466844,0.6475179382192288,multiclass,custom,pfam
APTFHEWCVDKLIMRNSYGQ,0.9424018518154422,0.7736390504117558,multiclass,resnet,pfam
QITRLYKGCPVDHMNFSAEW,0.8849744083557752,0.6585091740994135,multiclass,custom,pfam
QITRLYKGCPVDHMNFSAEW,0.9276763468887641,0.728997117609389,multiclass,resnet,pfam
VMNDKQFPTIAWLRECHSGY,0.8756098377238584,0.6349327878948612,multiclass,custom,pfam
VMNDKQFPTIAWLRECHSGY,0.9351470072376736,0.7629573574867141,multiclass,resnet,pfam
AIEQWTSVFNMGHKDPLCYR,0.8860554807806889,0.6546138916627643,multiclass,custom,pfam
AIEQWTSVFNMGHKDPLCYR,0.9392441497031193,0.7681724720156375,multiclass,resnet,pfam
KWHFDCNRPEYLMIGTQSAV,0.8862259858886095,0.6370027353628537,multiclass,custom,pfam
KWHFDCNRPEYLMIGTQSAV,0.9458375224006049,0.7685288365799778,multiclass,resnet,pfam
LMWKPQHTNEFGSVACYIDR,0.8843624047006777,0.6371480890831318,multiclass,custom,pfam
LMWKPQHTNEFGSVACYIDR,0.9340246371059454,0.7362855832715363,multiclass,resnet,pfam
NDPGYITWQKHRLVCMSFAE,0.8799278663562635,0.6281549941975598,multiclass,custom,pfam
NDPGYITWQKHRLVCMSFAE,0.9377537138293602,0.7687111522126815,multiclass,resnet,pfam
AQMNHVFYTWCKGPLDIRSE,0.8878541783643111,0.6532191921631468,multiclass,custom,pfam
AQMNHVFYTWCKGPLDIRSE,0.941676589108291,0.773075781703765,multiclass,resnet,pfam
SHYCFNLKETVWQADPIMRG,0.8851636031997797,0.6416463084138697,multiclass,custom,pfam
SHYCFNLKETVWQADPIMRG,0.9407719178089641,0.7615733329053864,multiclass,resnet,pfam
IALSNPFGDWEKQHVYMTCR,0.8821980152354338,0.6405534502615319,multiclass,custom,pfam
IALSNPFGDWEKQHVYMTCR,0.9428886098529361,0.7756657617857113,multiclass,resnet,pfam
HPQTAEWGISYFRVLKDNCM,0.8870659578172395,0.6477661976737783,multiclass,custom,pfam
HPQTAEWGISYFRVLKDNCM,0.9367229320050235,0.755219809274178,multiclass,resnet,pfam
SMAPIGVQDWLNFTREHKCY,0.8832521853324318,0.6375782279371895,multiclass,custom,pfam
SMAPIGVQDWLNFTREHKCY,0.9348809754226224,0.7193479546829713,multiclass,resnet,pfam
SLCNEYTQWRMKHPAIDFGV,0.8832637609927056,0.652524722492879,multiclass,custom,pfam
SLCNEYTQWRMKHPAIDFGV,0.9382649606631415,0.7492038314025932,multiclass,resnet,pfam
LSPFNRTVKHIWAMYDEQCG,0.8810498730193157,0.6361430098086271,multiclass,custom,pfam
LSPFNRTVKHIWAMYDEQCG,0.934629086292416,0.7063530345453684,multiclass,resnet,pfam
TGRCPQMYDWIALVSKEFHN,0.8876177534123508,0.6523187981743102,multiclass,custom,pfam
TGRCPQMYDWIALVSKEFHN,0.9432606214645803,0.7443388002439849,multiclass,resnet,pfam
FQGYMLTHEWKRISADCNVP,0.8787936777042831,0.637264996109754,multiclass,custom,pfam
FQGYMLTHEWKRISADCNVP,0.9387204720013915,0.7569923278932513,multiclass,resnet,pfam
ANHRQMVDYPFWIKGLCETS,0.8821126611875162,0.6418669407206202,multiclass,custom,pfam
ANHRQMVDYPFWIKGLCETS,0.9425283032663181,0.766036171271,multiclass,resnet,pfam
ACWIPMLEYNSFRKDQHTGV,0.885929557423261,0.6397370670106218,multiclass,custom,pfam
ACWIPMLEYNSFRKDQHTGV,0.9371293114081769,0.7552463441213799,multiclass,resnet,pfam
HDIWGVEFANYSKLQPCTRM,0.8843281848384807,0.6305255068436797,multiclass,custom,pfam
HDIWGVEFANYSKLQPCTRM,0.9391127910975807,0.7834022473500255,multiclass,resnet,pfam
YGHKWRTEDLNMFQSAVICP,0.8867175808271096,0.6490048213821524,multiclass,custom,pfam
YGHKWRTEDLNMFQSAVICP,0.9364520884474263,0.7600784905074663,multiclass,resnet,pfam
MQILHFCDVNKYREGPSTWA,0.8863278643871959,0.6445941377764258,multiclass,custom,pfam
MQILHFCDVNKYREGPSTWA,0.9417301796633151,0.7674000253745813,multiclass,resnet,pfam
CVQRPFHLDTNIGMKAEWYS,0.886011458413817,0.6498209207317568,multiclass,custom,pfam
CVQRPFHLDTNIGMKAEWYS,0.9382883366221263,0.7447379979341437,multiclass,resnet,pfam
WEFCNPLDVAQGKMHRYIST,0.8838458737473417,0.637298755992157,multiclass,custom,pfam
WEFCNPLDVAQGKMHRYIST,0.941573456439712,0.7586630559496518,multiclass,resnet,pfam
VWSMIPNFLTHYAKCDGQRE,0.8887732854890444,0.6566434054549501,multiclass,custom,pfam
VWSMIPNFLTHYAKCDGQRE,0.9363347810054886,0.746402072724037,multiclass,resnet,pfam
NQWMYVTHSELADCGKRIFP,0.8832575902149505,0.6371789184642181,multiclass,custom,pfam
NQWMYVTHSELADCGKRIFP,0.9265866324862682,0.7328261524505103,multiclass,resnet,pfam
KDTRAEHNGFVLPSYWIMCQ,0.8808322134956834,0.6368056931671552,multiclass,custom,pfam
KDTRAEHNGFVLPSYWIMCQ,0.9352378239060986,0.7551692930642817,multiclass,resnet,pfam
YDKILPFCNMWHTSARQEGV,0.885751037670549,0.6510085600088489,multiclass,custom,pfam
YDKILPFCNMWHTSARQEGV,0.9406744386381064,0.7720747340669236,multiclass,resnet,pfam
ITSVACKWGPDYFQEHLMRN,0.8880842956618892,0.6483363912836013,multiclass,custom,pfam
ITSVACKWGPDYFQEHLMRN,0.9454463265065332,0.7783764952039387,multiclass,resnet,pfam
HNMPCVTKAEGDLYSFWQRI,0.8922109001210133,0.6522896121289034,multiclass,custom,pfam
HNMPCVTKAEGDLYSFWQRI,0.9420978295278205,0.7585626086155342,multiclass,resnet,pfam
WIVGSMCRYKEFLTQHNADP,0.879180816632363,0.6493312969746471,multiclass,custom,pfam
WIVGSMCRYKEFLTQHNADP,0.9415697498566526,0.7690431858799378,multiclass,resnet,pfam
LHVFRKAPDCITEGYWNMSQ,0.885668020272522,0.6440462990214539,multiclass,custom,pfam
LHVFRKAPDCITEGYWNMSQ,0.9427037664347855,0.7753232323108332,multiclass,resnet,pfam
YSDGELQMWPVTRNKIFHAC,0.8836717163554265,0.6446413772460088,multiclass,custom,pfam
YSDGELQMWPVTRNKIFHAC,0.9433234416374751,0.7864303651474582,multiclass,resnet,pfam
NRGFKSHVDILQEWMTAPCY,0.8844199763215584,0.6450692966942754,multiclass,custom,pfam
NRGFKSHVDILQEWMTAPCY,0.9380966535605146,0.7799799899538774,multiclass,resnet,pfam
TLAMSGQFECVWKHDPRIYN,0.8858612983311547,0.6517482570875266,multiclass,custom,pfam
TLAMSGQFECVWKHDPRIYN,0.9431582167605719,0.7765494607548582,multiclass,resnet,pfam
VRSNHTWYEMFKPIADQLGC,0.8807854393972679,0.6426488774787646,multiclass,custom,pfam
VRSNHTWYEMFKPIADQLGC,0.9442629065641526,0.7592590004822601,multiclass,resnet,pfam
ANEHCPLFKIVWQDMTGYSR,0.8845528255351722,0.6401476040133165,multiclass,custom,pfam
ANEHCPLFKIVWQDMTGYSR,0.9446564606576212,0.7647010414352862,multiclass,resnet,pfam
IKTAMNGPLQSVYWHEDFCR,0.884420686542765,0.6531775482344848,multiclass,custom,pfam
IKTAMNGPLQSVYWHEDFCR,0.9410142037039544,0.7488683799292409,multiclass,resnet,pfam
GTCWLNDVSQMREIHPFAKY,0.8809328489437286,0.632270285178455,multiclass,custom,pfam
GTCWLNDVSQMREIHPFAKY,0.9390820018114567,0.7566922080647306,multiclass,resnet,pfam
RNVGFWCYTAMSQDLIHEPK,0.8800916704624899,0.6387309836670007,multiclass,custom,pfam
RNVGFWCYTAMSQDLIHEPK,0.9397366034987611,0.7635063069255679,multiclass,resnet,pfam
LAQHFISCGMNKTRWEPVYD,0.8858092549744929,0.6635891543065441,multiclass,custom,pfam
LAQHFISCGMNKTRWEPVYD,0.9421335556960795,0.7656243068091089,multiclass,resnet,pfam
KRPIVTSELYFWGNMCQHDA,0.883781208149626,0.6446218309295604,multiclass,custom,pfam
KRPIVTSELYFWGNMCQHDA,0.9405211220757238,0.7530256003698554,multiclass,resnet,pfam
FDCAYESNTHKGPRWMQLVI,0.8865625609145977,0.6571113423986418,multiclass,custom,pfam
FDCAYESNTHKGPRWMQLVI,0.9425772358308293,0.7617773525686922,multiclass,resnet,pfam
FCMYWIVSQLPKTGDEHRAN,0.8787368813274894,0.6379930869554522,multiclass,custom,pfam
FCMYWIVSQLPKTGDEHRAN,0.9314796477586507,0.760784881432084,multiclass,resnet,pfam
PYQRIFACGVSHNLTKEDWM,0.886078353515123,0.6417087964453992,multiclass,custom,pfam
PYQRIFACGVSHNLTKEDWM,0.9389782547613844,0.7587828563795617,multiclass,resnet,pfam
RTGKDSEYWFIMAVQNLCPH,0.8866353283944693,0.6431975969680264,multiclass,custom,pfam
RTGKDSEYWFIMAVQNLCPH,0.9420477829716949,0.7639098705787974,multiclass,resnet,pfam
QCSLWFGRVPDNYMKAETHI,0.8855395530621981,0.6564449254136336,multiclass,custom,pfam
QCSLWFGRVPDNYMKAETHI,0.946518694611604,0.7824420423473339,multiclass,resnet,pfam
ENGQRDLSFMATHCVYIPWK,0.8866904621021557,0.6556106484921488,multiclass,custom,pfam
ENGQRDLSFMATHCVYIPWK,0.9377489201585958,0.7576043770504447,multiclass,resnet,pfam
KQLYIRGFAWNTCMDPHESV,0.8847640858348175,0.6462544716215681,multiclass,custom,pfam
KQLYIRGFAWNTCMDPHESV,0.9388222467082187,0.7604397612628028,multiclass,resnet,pfam
PQEVDKANLRCGFSIWTHYM,0.8899785047275899,0.6418828327214173,multiclass,custom,pfam
PQEVDKANLRCGFSIWTHYM,0.9446773139640646,0.7772931230998161,multiclass,resnet,pfam
SLIHQMPCNVDAETKYWFGR,0.8845821150408029,0.6288219728887111,multiclass,custom,pfam
SLIHQMPCNVDAETKYWFGR,0.9362912786134032,0.7445021899560379,multiclass,resnet,pfam
SMTCWDRYQFVIHKGNEAPL,0.8914581996889867,0.6512368545184566,multiclass,custom,pfam
SMTCWDRYQFVIHKGNEAPL,0.9419162549714042,0.7205169368954579,multiclass,resnet,pfam
FISGWDKQPNTYCHVMAERL,0.887108064142142,0.6468922455970675,multiclass,custom,pfam
FISGWDKQPNTYCHVMAERL,0.9335665517756624,0.7225079604248065,multiclass,resnet,pfam
STMYVWGIKACENFRLHQDP,0.884207000518934,0.6433364346283191,multiclass,custom,pfam
STMYVWGIKACENFRLHQDP,0.9445507749481706,0.7736662551221543,multiclass,resnet,pfam
MRPQITNGKHCLVWYADEFS,0.8826294317845775,0.6326080939655946,multiclass,custom,pfam
MRPQITNGKHCLVWYADEFS,0.932410257034262,0.7299784695391955,multiclass,resnet,pfam
GCSLQHPMTFWDRYKVAINE,0.8873202136067929,0.6566198962283222,multiclass,custom,pfam
GCSLQHPMTFWDRYKVAINE,0.9374804130192309,0.7391000035265677,multiclass,resnet,pfam
EFWMPINRYQKHCSVGTDAL,0.8806617294547078,0.6461336489401814,multiclass,custom,pfam
EFWMPINRYQKHCSVGTDAL,0.934078463435393,0.7384225631239649,multiclass,resnet,pfam
GDNMYKVLSERQFCTAIHPW,0.8810808539130214,0.634877600838745,multiclass,custom,pfam
GDNMYKVLSERQFCTAIHPW,0.9440313730346626,0.7646638580521555,multiclass,resnet,pfam
HRQNLDAVMWKFGIPETSCY,0.8849634275248807,0.64592980617125,multiclass,custom,pfam
HRQNLDAVMWKFGIPETSCY,0.9395157778745208,0.7675410506802789,multiclass,resnet,pfam
TKPWALIFREQDSMCHNYGV,0.8861103188130457,0.6519720981969908,multiclass,custom,pfam
TKPWALIFREQDSMCHNYGV,0.9324361106131868,0.7494666575146919,multiclass,resnet,pfam
SCPVGAIFERHMTKDYWQNL,0.8829985620065542,0.641881776253608,multiclass,custom,pfam
SCPVGAIFERHMTKDYWQNL,0.9383599098699597,0.74482134519268,multiclass,resnet,pfam
KCAGEMWNDPTILRFYQHSV,0.8875511599247312,0.649381824104891,multiclass,custom,pfam
KCAGEMWNDPTILRFYQHSV,0.9402073822671845,0.7733463382562812,multiclass,resnet,pfam
QGIPCSRANWEKVMFHYDTL,0.8826432998862815,0.6362638690346607,multiclass,custom,pfam
QGIPCSRANWEKVMFHYDTL,0.9410374233295027,0.753122044721735,multiclass,resnet,pfam
FHGYEIPAKLWVTSCQRNMD,0.889345291351421,0.6517848236315881,multiclass,custom,pfam
FHGYEIPAKLWVTSCQRNMD,0.9441209954895662,0.7624267560625855,multiclass,resnet,pfam
YWLRTPEFNSHVDCGQMIKA,0.8821564406077205,0.636014330858103,multiclass,custom,pfam
YWLRTPEFNSHVDCGQMIKA,0.9367203809217189,0.7596760020876822,multiclass,resnet,pfam
ANQFLCKSWRHYPIMGETDV,0.8836695556389612,0.638411851177042,multiclass,custom,pfam
ANQFLCKSWRHYPIMGETDV,0.9421284045453504,0.7578401561803779,multiclass,resnet,pfam
EMGVSNWKCTQAPLHFIYRD,0.8876506726060926,0.6410948863816828,multiclass,custom,pfam
EMGVSNWKCTQAPLHFIYRD,0.9403565483298477,0.7440540133980778,multiclass,resnet,pfam
VSYHGFTDENQKMLWIACRP,0.8764133182720867,0.6383876456558341,multiclass,custom,pfam
VSYHGFTDENQKMLWIACRP,0.9459051958508298,0.7769081884879571,multiclass,resnet,pfam
DAQYWGCMRKNTFPSLEIHV,0.883314070838253,0.6457501372512946,multiclass,custom,pfam
DAQYWGCMRKNTFPSLEIHV,0.9382264800898982,0.7550339562872516,multiclass,resnet,pfam
CTYIRWVMANPFHDLQKESG,0.8871568277352366,0.6458628626689432,multiclass,custom,pfam
CTYIRWVMANPFHDLQKESG,0.9368106460608384,0.7513551171704816,multiclass,resnet,pfam
MAQPELTKNWSGIHDCRFYV,0.888482370574577,0.6438242333542098,multiclass,custom,pfam
MAQPELTKNWSGIHDCRFYV,0.9413763132657552,0.7781316399185966,multiclass,resnet,pfam
SRFAIMHNETKWGQPDVCYL,0.8803795559566006,0.6278674980538972,multiclass,custom,pfam
SRFAIMHNETKWGQPDVCYL,0.9396333169671358,0.7749945347043488,multiclass,resnet,pfam
GNWEYCIMTQSRPKHLDFAV,0.8824973800100251,0.6388319041735218,multiclass,custom,pfam
GNWEYCIMTQSRPKHLDFAV,0.9451107421641876,0.7932407682974684,multiclass,resnet,pfam
YGKDQSWIFVLTCRAHENPM,0.888311461206629,0.6531408689691798,multiclass,custom,pfam
YGKDQSWIFVLTCRAHENPM,0.941236168583624,0.7729655390857448,multiclass,resnet,pfam
TNEIWGQDPMYLKCHFSAVR,0.8832325523555797,0.6327051421115064,multiclass,custom,pfam
TNEIWGQDPMYLKCHFSAVR,0.9439265839963022,0.7807657827315584,multiclass,resnet,pfam
RFPNIQLEWDSGTYKCMAHV,0.8843674824565004,0.6409020462752018,multiclass,custom,pfam
RFPNIQLEWDSGTYKCMAHV,0.9369569193205411,0.7490219430473051,multiclass,resnet,pfam
WSTFRHEPAYMCIKVNQLGD,0.884671653926909,0.6505378347381409,multiclass,custom,pfam
WSTFRHEPAYMCIKVNQLGD,0.9338937064493061,0.7568506373912296,multiclass,resnet,pfam
PCTAQIKVEFYDMRLHSWGN,0.8820000862700823,0.6304589263545122,multiclass,custom,pfam
PCTAQIKVEFYDMRLHSWGN,0.9433689819320801,0.7819258620728639,multiclass,resnet,pfam
IRYMPLVAEDNFGSCTQWHK,0.8844122525050204,0.6458832499631917,multiclass,custom,pfam
IRYMPLVAEDNFGSCTQWHK,0.9418317538170211,0.7518791692451942,multiclass,resnet,pfam
MIPNERYQGWFTLCKDVHSA,0.8829849178677929,0.6296665409724168,multiclass,custom,pfam
MIPNERYQGWFTLCKDVHSA,0.937964358311057,0.7674738711803983,multiclass,resnet,pfam
AMGIRKHNSDLYFQEVPCTW,0.8898738947342768,0.6527312868160364,multiclass,custom,pfam
AMGIRKHNSDLYFQEVPCTW,0.9372813871779627,0.7356558810000043,multiclass,resnet,pfam
KLISPGHMRVEDYWCNAFTQ,0.8790076614589462,0.6314663480510955,multiclass,custom,pfam
KLISPGHMRVEDYWCNAFTQ,0.943814055212707,0.7864350131773123,multiclass,resnet,pfam
KHNLRTECSFDVAGIYPQMW,0.8787753141948789,0.6299430682650672,multiclass,custom,pfam
KHNLRTECSFDVAGIYPQMW,0.9439312434962165,0.7824657022942932,multiclass,resnet,pfam
VPGSKRNAFCEHQMLYTWDI,0.8820734876744758,0.6487249789717199,multiclass,custom,pfam
VPGSKRNAFCEHQMLYTWDI,0.9424625634199335,0.7759823067445953,multiclass,resnet,pfam
PNSACYVFLIGRQTHKMEWD,0.8834672438699493,0.6398346432602988,multiclass,custom,pfam
PNSACYVFLIGRQTHKMEWD,0.9411261693895927,0.7624806529965114,multiclass,resnet,pfam
CAEWYIPHLTGDFSKNVQRM,0.8836191692613081,0.6277735260498086,multiclass,custom,pfam
CAEWYIPHLTGDFSKNVQRM,0.9387417532235164,0.7491507796946917,multiclass,resnet,pfam
MFAYLRHWNCPIDKEQVTSG,0.8797124552038135,0.6408049525788199,multiclass,custom,pfam
MFAYLRHWNCPIDKEQVTSG,0.9433793619377143,0.749850846594201,multiclass,resnet,pfam
QNPWLGYCFSTRDAHMKEVI,0.8806750796655706,0.6368171463934453,multiclass,custom,pfam
QNPWLGYCFSTRDAHMKEVI,0.93823447680942,0.7635214620622159,multiclass,resnet,pfam
QETFSVCMNAIDLWPKYRGH,0.880834670655503,0.6389651658525916,multiclass,custom,pfam
QETFSVCMNAIDLWPKYRGH,0.9305491716570152,0.748455747834353,multiclass,resnet,pfam
LIKTYSACGFRPNQDMVHEW,0.8777821079717413,0.6294749506792912,multiclass,custom,pfam
LIKTYSACGFRPNQDMVHEW,0.9271978429601322,0.7000339282407165,multiclass,resnet,pfam
RGEIQLWMYFCDVHNSTPKA,0.8870075836961977,0.6506059418270603,multiclass,custom,pfam
RGEIQLWMYFCDVHNSTPKA,0.9336674605331193,0.7422243443799121,multiclass,resnet,pfam
YPQLADKTEGMNICWHFRVS,0.8855308201786801,0.641438039306666,multiclass,custom,pfam
YPQLADKTEGMNICWHFRVS,0.9417128432483288,0.7749435150747501,multiclass,resnet,pfam
CWLREIKPAQDNSTGFHYMV,0.8835770134621779,0.641170252059851,multiclass,custom,pfam
CWLREIKPAQDNSTGFHYMV,0.9433452368420294,0.7650072191465671,multiclass,resnet,pfam
EDVAYRHKQNPTLWMSGFIC,0.8849309301237815,0.643750026713847,multiclass,custom,pfam
EDVAYRHKQNPTLWMSGFIC,0.9431883039452128,0.7617309402540842,multiclass,resnet,pfam
NKWVLGFCAHDYRSTMQIPE,0.8904524094716836,0.6606300514225697,multiclass,custom,pfam
NKWVLGFCAHDYRSTMQIPE,0.9388851474006351,0.769988005041765,multiclass,resnet,pfam
ECRHDNYLWITMFSGPQAVK,0.8824851737750998,0.6448424600427574,multiclass,custom,pfam
ECRHDNYLWITMFSGPQAVK,0.9399022439851248,0.7626167324909117,multiclass,resnet,pfam
MKIWERCDLYTGFHVAPNQS,0.8803354180886203,0.6470431760861033,multiclass,custom,pfam
MKIWERCDLYTGFHVAPNQS,0.9417416840359432,0.7651935048925557,multiclass,resnet,pfam
PGMNKFIDQTRAYVWELSCH,0.882827766396708,0.644551069344558,multiclass,custom,pfam
PGMNKFIDQTRAYVWELSCH,0.9345945317193991,0.7365601835986995,multiclass,resnet,pfam
MNTIQKWRGSHYFVLPAEDC,0.8844020373110852,0.6457213695931526,multiclass,custom,pfam
MNTIQKWRGSHYFVLPAEDC,0.9403605234075784,0.76947108961571,multiclass,resnet,pfam
GSMTFCNYALKPIVHDEWRQ,0.8845499949120201,0.6226885722045937,multiclass,custom,pfam
GSMTFCNYALKPIVHDEWRQ,0.9393218771811032,0.7655060776006495,multiclass,resnet,pfam
APWTCNRISMYFLGVHKDEQ,0.8853945687041156,0.6522118266794815,multiclass,custom,pfam
APWTCNRISMYFLGVHKDEQ,0.9448392890555068,0.7927859181481818,multiclass,resnet,pfam
LWTQCYFHIRESKMPDVGNA,0.8842462514382337,0.6405395890966995,multiclass,custom,pfam
LWTQCYFHIRESKMPDVGNA,0.9404286279389847,0.770925606756077,multiclass,resnet,pfam
ADLQHWFGSKMPEVCIYTNR,0.8832246703797504,0.6447261860048116,multiclass,custom,pfam
ADLQHWFGSKMPEVCIYTNR,0.9401530623169279,0.7752998182252759,multiclass,resnet,pfam
LQRVDPACYKMFHGIWSTEN,0.8828517629707562,0.6506026654908644,multiclass,custom,pfam
LQRVDPACYKMFHGIWSTEN,0.9401879478463864,0.7728899770932081,multiclass,resnet,pfam
ATDIFHMYGLKRWSCNPQVE,0.8834546481987987,0.6511244560645719,multiclass,custom,pfam
ATDIFHMYGLKRWSCNPQVE,0.9477727551117692,0.7861472633096911,multiclass,resnet,pfam
FPYTAWGSCQKHRINVLEMD,0.8846084960874769,0.6389835751393647,multiclass,custom,pfam
FPYTAWGSCQKHRINVLEMD,0.941493642636978,0.7638884700046022,multiclass,resnet,pfam
SFMAYQEDPVTWNHILGKCR,0.8857860210223567,0.6547975142056152,multiclass,custom,pfam
SFMAYQEDPVTWNHILGKCR,0.9409107445045347,0.7571906847206762,multiclass,resnet,pfam
AMTIYKQCPRGWLNHEDVFS,0.8831324951709891,0.6366954791395012,multiclass,custom,pfam
AMTIYKQCPRGWLNHEDVFS,0.9314004163056848,0.7418476925650036,multiclass,resnet,pfam
QCNESYPHWTIRKMGFLDAV,0.8816201184855912,0.6455514557962791,multiclass,custom,pfam
QCNESYPHWTIRKMGFLDAV,0.9375050467366103,0.7341069719511493,multiclass,resnet,pfam
EIVNFWLRQGCDMHYSAPTK,0.8774717259497395,0.6320355431744789,multiclass,custom,pfam
EIVNFWLRQGCDMHYSAPTK,0.9451809326607636,0.773277905147427,multiclass,resnet,pfam
FGYVKTRIHEMWANQDLPCS,0.8831581077242638,0.6418712876051745,multiclass,custom,pfam
FGYVKTRIHEMWANQDLPCS,0.9359768083766346,0.7468585922126151,multiclass,resnet,pfam
RPSLNEDCWQGTMIYKFVAH,0.883317600584518,0.6400596782095571,multiclass,custom,pfam
RPSLNEDCWQGTMIYKFVAH,0.9311907292009807,0.7280928757548135,multiclass,resnet,pfam
SGRPTVKQWFCAIHYMNDEL,0.8815014064066482,0.6420728984712195,multiclass,custom,pfam
SGRPTVKQWFCAIHYMNDEL,0.9292326684296492,0.732197429787797,multiclass,resnet,pfam
MTDCKIPWVGYENFSALRHQ,0.8796035377976997,0.6422133675660817,multiclass,custom,pfam
MTDCKIPWVGYENFSALRHQ,0.9391224854351506,0.7543940663104175,multiclass,resnet,pfam
IKMDWCGYHENLTSVQRAPF,0.8821013957653694,0.64091657295183,multiclass,custom,pfam
IKMDWCGYHENLTSVQRAPF,0.9249744661083188,0.6872398243700177,multiclass,resnet,pfam
FLQMVNRDWHTSACIEYPKG,0.8841114500795959,0.6486599673771656,multiclass,custom,pfam
FLQMVNRDWHTSACIEYPKG,0.940789380656533,0.7701813296879936,multiclass,resnet,pfam
KWRAHPNDESVTLYMQGFCI,0.8816024970964342,0.6426595687980947,multiclass,custom,pfam
KWRAHPNDESVTLYMQGFCI,0.9417573550569177,0.7771651018817847,multiclass,resnet,pfam
MAPIKECLVDGYQSRWHNTF,0.8855908344782637,0.6466290922315855,multiclass,custom,pfam
MAPIKECLVDGYQSRWHNTF,0.9442271840630566,0.7630171102075484,multiclass,resnet,pfam
QFLSRPNCMWAVYHKTEIDG,0.885169651326675,0.6488087741564119,multiclass,custom,pfam
QFLSRPNCMWAVYHKTEIDG,0.9422635501864853,0.7709641055443099,multiclass,resnet,pfam
RIMPQHDAGKWVNSLYCFTE,0.8831121016482552,0.6520351182153984,multiclass,custom,pfam
RIMPQHDAGKWVNSLYCFTE,0.9372945562703512,0.7652407478056784,multiclass,resnet,pfam
VTYPKEQFGAWCSDNIHLMR,0.891033290776034,0.6600716633766229,multiclass,custom,pfam
VTYPKEQFGAWCSDNIHLMR,0.9370099417639917,0.7485765584538898,multiclass,resnet,pfam
QNKMSTRYGWECPIFLHVDA,0.8775254625726344,0.6321903179296209,multiclass,custom,pfam
QNKMSTRYGWECPIFLHVDA,0.939500050581754,0.7636723501003515,multiclass,resnet,pfam
PAWFECMRVKIDNYHLSQGT,0.8805977948777792,0.6427430335446014,multiclass,custom,pfam
PAWFECMRVKIDNYHLSQGT,0.9382078991828185,0.6921401929971573,multiclass,resnet,pfam
LPGQMAKCETWDFIHNSRYV,0.888020355557169,0.656369745330654,multiclass,custom,pfam
LPGQMAKCETWDFIHNSRYV,0.9370279982952429,0.7603148861122117,multiclass,resnet,pfam
WHDRCGMKFVTYPAENISQL,0.8869597558423343,0.6446784659168515,multiclass,custom,pfam
WHDRCGMKFVTYPAENISQL,0.9466090890666701,0.7624074800031606,multiclass,resnet,pfam
WAQCKRVLFHGNEMTPDSYI,0.8841336812795685,0.6409923903303301,multiclass,custom,pfam
WAQCKRVLFHGNEMTPDSYI,0.9369296218728718,0.7585694665539489,multiclass,resnet,pfam
EFPCDQGWTYNALMIRHSKV,0.883810071419696,0.6576102728807697,multiclass,custom,pfam
EFPCDQGWTYNALMIRHSKV,0.9426864150712376,0.7775061932222168,multiclass,resnet,pfam
QLVKYPGHETIFWNRAMSCD,0.8846191485716354,0.637820932718802,multiclass,custom,pfam
QLVKYPGHETIFWNRAMSCD,0.9392419231830547,0.7639533028217459,multiclass,resnet,pfam
PHCFWMGNAEIDSLQVTRYK,0.8885614530083922,0.6493609988937623,multiclass,custom,pfam
PHCFWMGNAEIDSLQVTRYK,0.9382774039602136,0.7697673822813271,multiclass,resnet,pfam
HRQGSKELIPAFYCDVWNTM,0.8838859173010682,0.6530560876587266,multiclass,custom,pfam
HRQGSKELIPAFYCDVWNTM,0.9400157271553269,0.7654654396871806,multiclass,resnet,pfam
STFCLGNQEWAIDRVMPHYK,0.8881332268293702,0.6455542291164647,multiclass,custom,pfam
STFCLGNQEWAIDRVMPHYK,0.9390431828732029,0.7491195067584652,multiclass,resnet,pfam
GPHQSLANRDYMWVCKEITF,0.8802481847347112,0.6359658442722396,multiclass,custom,pfam
GPHQSLANRDYMWVCKEITF,0.9406604074585054,0.7526594780115777,multiclass,resnet,pfam
DQIHWYSAMKRECNPGFTVL,0.8815511441849628,0.6511675465383011,multiclass,custom,pfam
DQIHWYSAMKRECNPGFTVL,0.9320181603054285,0.7434006468780461,multiclass,resnet,pfam
IMLSQCFEVTYRKDWHNAGP,0.8835474032304527,0.6485150195308522,multiclass,custom,pfam
IMLSQCFEVTYRKDWHNAGP,0.9397407843747161,0.7730060124815016,multiclass,resnet,pfam
FCHIMERLNTYKPSDAQVWG,0.8816203449574335,0.6342134309454414,multiclass,custom,pfam
FCHIMERLNTYKPSDAQVWG,0.9422501420159612,0.7593781830462681,multiclass,resnet,pfam
LFIMDSAEQWRPGNHKYTVC,0.8878640397682828,0.6465002713052781,multiclass,custom,pfam
LFIMDSAEQWRPGNHKYTVC,0.9435829797606221,0.7776975136268589,multiclass,resnet,pfam
RPNVTFDMSKAECQGLWHIY,0.8867982188694651,0.6664423091445167,multiclass,custom,pfam
RPNVTFDMSKAECQGLWHIY,0.9341355523160526,0.7315996351087202,multiclass,resnet,pfam
ARSLNVDGTHPQWCEIMYKF,0.8842034126128617,0.644676152665609,multiclass,custom,pfam
ARSLNVDGTHPQWCEIMYKF,0.9367431292187038,0.725588091436274,multiclass,resnet,pfam
QYPGFRNTMSECAIDLVKWH,0.8827174828006645,0.6407085337182025,multiclass,custom,pfam
QYPGFRNTMSECAIDLVKWH,0.9426655870040461,0.76270809172364,multiclass,resnet,pfam
MIRCEYVLHFTAGDWSKPQN,0.8834880256439381,0.650188691347347,multiclass,custom,pfam
MIRCEYVLHFTAGDWSKPQN,0.9387576519586032,0.7532138503374728,multiclass,resnet,pfam
HTQKLSYRGVFAENIWDMCP,0.8851491510638583,0.6508199601030666,multiclass,custom,pfam
HTQKLSYRGVFAENIWDMCP,0.9419072923191102,0.7568221059102964,multiclass,resnet,pfam
QYWEPSMLTHDNVKFARCIG,0.8836576876918271,0.6469301281325093,multiclass,custom,pfam
QYWEPSMLTHDNVKFARCIG,0.936779101353055,0.7339008025567437,multiclass,resnet,pfam
RVEAYIPFCWMHLGKTSQDN,0.8850305832649971,0.6512661658096759,multiclass,custom,pfam
RVEAYIPFCWMHLGKTSQDN,0.9412681266545988,0.7643609869737693,multiclass,resnet,pfam
TERQIPSNYDMHKLWGVAFC,0.8852253016301159,0.6426069202844061,multiclass,custom,pfam
TERQIPSNYDMHKLWGVAFC,0.9382444645824363,0.7419999657612302,multiclass,resnet,pfam
PMWRACETYIGFKNVSHLQD,0.8845396836386017,0.650416036350569,multiclass,custom,pfam
PMWRACETYIGFKNVSHLQD,0.9383331023248227,0.7613406617768309,multiclass,resnet,pfam
KFPYNDRQSAHLMIWCGTEV,0.882569915396626,0.6418783042855072,multiclass,custom,pfam
KFPYNDRQSAHLMIWCGTEV,0.9393911711215225,0.7595047982411519,multiclass,resnet,pfam
HVWNMSYTDGLIEAPCRFQK,0.8848679980140115,0.6357788389425542,multiclass,custom,pfam
HVWNMSYTDGLIEAPCRFQK,0.9393259610664131,0.7677877494821729,multiclass,resnet,pfam
VELFITAWYHSKQCNRDMGP,0.8804335372824108,0.6426905848874733,multiclass,custom,pfam
VELFITAWYHSKQCNRDMGP,0.9318176098576636,0.7141849030678165,multiclass,resnet,pfam
KALMEWQDCRNYITVPGSFH,0.883629784160127,0.6411898462614669,multiclass,custom,pfam
KALMEWQDCRNYITVPGSFH,0.9410979855983959,0.7511509773291969,multiclass,resnet,pfam
CWHSEGMIQDYFNPTRVALK,0.8832494022702907,0.6465039727627575,multiclass,custom,pfam
CWHSEGMIQDYFNPTRVALK,0.9407720795882064,0.7866924284656603,multiclass,resnet,pfam
CKARHDINYVLSETFGWQPM,0.8853567657534669,0.6510222870875264,multiclass,custom,pfam
CKARHDINYVLSETFGWQPM,0.939792493078011,0.7482064012561078,multiclass,resnet,pfam
QLHMIWRTASYCNKVEGPFD,0.8849245161714794,0.6555617047927951,multiclass,custom,pfam
QLHMIWRTASYCNKVEGPFD,0.9337442224598312,0.7387741897545037,multiclass,resnet,pfam
NMKIGWLVCDQTAEYPHRFS,0.8891109633559866,0.6562664945194612,multiclass,custom,pfam
NMKIGWLVCDQTAEYPHRFS,0.9371507445906835,0.751887725315774,multiclass,resnet,pfam
RCGLTPYISHFDWKENAQMV,0.8821561323613137,0.6327783873737356,multiclass,custom,pfam
RCGLTPYISHFDWKENAQMV,0.9393149926367903,0.7591591428606845,multiclass,resnet,pfam
NFPSVIYQALCDKWRMGTHE,0.8790375668204209,0.635114615312717,multiclass,custom,pfam
NFPSVIYQALCDKWRMGTHE,0.9454955716757907,0.768358736252015,multiclass,resnet,pfam
AKIMCYGQNSRTPEWVLDHF,0.8847379578146697,0.6462986802768186,multiclass,custom,pfam
AKIMCYGQNSRTPEWVLDHF,0.9392500795706583,0.7552126270821876,multiclass,resnet,pfam
PSQNVFAHKMIDWERLTGCY,0.883263073806803,0.6496319522398754,multiclass,custom,pfam
PSQNVFAHKMIDWERLTGCY,0.9384496986026658,0.7612621982980011,multiclass,resnet,pfam
RHYDVTECWSPFIAKQNGLM,0.8829923186789495,0.651507002277605,multiclass,custom,pfam
RHYDVTECWSPFIAKQNGLM,0.936271566988065,0.7585877118783484,multiclass,resnet,pfam
YHDTWICNLAQPSGKREMVF,0.8840698266310583,0.6444366682440666,multiclass,custom,pfam
YHDTWICNLAQPSGKREMVF,0.9306526734524867,0.7277462906644951,multiclass,resnet,pfam
FQKYIRGNMSEHTLVWCAPD,0.8852817394298456,0.6425434378679639,multiclass,custom,pfam
FQKYIRGNMSEHTLVWCAPD,0.9442029987483316,0.7564301954739074,multiclass,resnet,pfam
NVLICPKQGFMSATHWDYRE,0.8794353159928292,0.6339769003568319,multiclass,custom,pfam
NVLICPKQGFMSATHWDYRE,0.9402414841785477,0.7720842748800998,multiclass,resnet,pfam
SDFCYMLEITVHGAWNQPKR,0.8843556465800276,0.6418565040036872,multiclass,custom,pfam
SDFCYMLEITVHGAWNQPKR,0.9363170775544949,0.7561332960166455,multiclass,resnet,pfam
MTLGKRFWCHPDQENVYSIA,0.8865323713902058,0.6372153174659149,multiclass,custom,pfam
MTLGKRFWCHPDQENVYSIA,0.9421780598883615,0.7710728407002035,multiclass,resnet,pfam
EALFNTCWRVKPSYGQDIMH,0.8884849499729401,0.6518833352036435,multiclass,custom,pfam
EALFNTCWRVKPSYGQDIMH,0.9459557525060035,0.7800679132680062,multiclass,resnet,pfam
RPNCEAVGDWKMLTFQYHSI,0.8879024036981351,0.6541774967955772,multiclass,custom,pfam
RPNCEAVGDWKMLTFQYHSI,0.946119933624437,0.7832614171170789,multiclass,resnet,pfam
NVECTFYWIQAKMHPDRLGS,0.8817906945076432,0.6431898041069339,multiclass,custom,pfam
NVECTFYWIQAKMHPDRLGS,0.9402699655732466,0.7638575297831426,multiclass,resnet,pfam
MYNIRDHQAGETKCSFPVLW,0.8920483830789372,0.6529983233664043,multiclass,custom,pfam
MYNIRDHQAGETKCSFPVLW,0.9456634889917706,0.7569036950735877,multiclass,resnet,pfam
AGCEWIQVYMSTLPHFKNRD,0.8854734308571679,0.6443450464790192,multiclass,custom,pfam
AGCEWIQVYMSTLPHFKNRD,0.9426637858302381,0.7866512758348078,multiclass,resnet,pfam
NTDCQGEWLKVIPYAFSRMH,0.882807088038507,0.6473198889344929,multiclass,custom,pfam
NTDCQGEWLKVIPYAFSRMH,0.9408238838921769,0.7754034736254897,multiclass,resnet,pfam
IDYACSFPKHNGRLQVEWTM,0.8837733525835996,0.6359213652192488,multiclass,custom,pfam
IDYACSFPKHNGRLQVEWTM,0.9364477784330019,0.7630899898157109,multiclass,resnet,pfam
QCYFDAPEGHNMVKRISTWL,0.886471561439824,0.6394149971629357,multiclass,custom,pfam
QCYFDAPEGHNMVKRISTWL,0.9419967377921479,0.76715545870935,multiclass,resnet,pfam
RTDECPKSNIGAVQMWYHFL,0.885007759543857,0.6413535470707057,multiclass,custom,pfam
RTDECPKSNIGAVQMWYHFL,0.9295765864863865,0.6818240886223966,multiclass,resnet,pfam
EDTLHIQYGNKPRSVWMCFA,0.884294625448337,0.6451730679459934,multiclass,custom,pfam
EDTLHIQYGNKPRSVWMCFA,0.9434800568946647,0.7514291916981508,multiclass,resnet,pfam
ERPLTGQKYSFWHVCDAINM,0.8841860606758924,0.6427149274500614,multiclass,custom,pfam
ERPLTGQKYSFWHVCDAINM,0.9440552478956963,0.7627000148857259,multiclass,resnet,pfam
TLHMNVWDARYFCIGSKEPQ,0.8847737194143876,0.6502077730206143,multiclass,custom,pfam
TLHMNVWDARYFCIGSKEPQ,0.9413867710448376,0.7425752774124418,multiclass,resnet,pfam
PNHVQSCAKDTMEIFLGRYW,0.8875410379827293,0.6537071229725192,multiclass,custom,pfam
PNHVQSCAKDTMEIFLGRYW,0.9352439488184086,0.7646825164640296,multiclass,resnet,pfam
WDSIGHLATVQNKFEMPCRY,0.8879053959515278,0.6589867311430707,multiclass,custom,pfam
WDSIGHLATVQNKFEMPCRY,0.9410481017080636,0.7619091100483965,multiclass,resnet,pfam
RAEKFIPDSMLQNVHGCWYT,0.8867838901166902,0.6486038413311974,multiclass,custom,pfam
RAEKFIPDSMLQNVHGCWYT,0.9333903618770509,0.7430031159963634,multiclass,resnet,pfam
SHVTFRNIDYCQMAPKELWG,0.8856379864498061,0.6474127325350068,multiclass,custom,pfam
SHVTFRNIDYCQMAPKELWG,0.942914209573661,0.7543211699637968,multiclass,resnet,pfam
AQVEINLCFMGYPRHTSKDW,0.8886009165626056,0.6519678317105555,multiclass,custom,pfam
AQVEINLCFMGYPRHTSKDW,0.9425485480252409,0.771569193424238,multiclass,resnet,pfam
RNKSPMDGYICFVHLEAQTW,0.8860585572557742,0.6497988049798556,multiclass,custom,pfam
RNKSPMDGYICFVHLEAQTW,0.9429897721026391,0.7818659743201113,multiclass,resnet,pfam
FCSDNRHWGVIKEMPATLQY,0.8814975069882408,0.6590697942064242,multiclass,custom,pfam
FCSDNRHWGVIKEMPATLQY,0.9422959353428197,0.7838877295715548,multiclass,resnet,pfam
GVLADYRECPSIQNKTWHMF,0.8827167457790166,0.6419592778983179,multiclass,custom,pfam
GVLADYRECPSIQNKTWHMF,0.935310867553089,0.7510907700483868,multiclass,resnet,pfam
KMGAEISPCWFTLVQNRDYH,0.8853728181038552,0.6434537506411234,multiclass,custom,pfam
KMGAEISPCWFTLVQNRDYH,0.9374144679476168,0.7507501367145615,multiclass,resnet,pfam
CHWAKQYEIRLMDGSNTFPV,0.8790604788737207,0.6232488544455339,multiclass,custom,pfam
CHWAKQYEIRLMDGSNTFPV,0.9311154247970823,0.7309055525970167,multiclass,resnet,pfam
NPVTEWIRKHLADYGCSQMF,0.8829480405186931,0.6385158307972214,multiclass,custom,pfam
NPVTEWIRKHLADYGCSQMF,0.9381439177174349,0.7631004599464924,multiclass,resnet,pfam
TKLFQEMWVSHPGDRNYCAI,0.8839532343033177,0.6470833457292657,multiclass,custom,pfam
TKLFQEMWVSHPGDRNYCAI,0.9415737925250139,0.753466503291527,multiclass,resnet,pfam
KTNEFQIMLRGWHAVCDPYS,0.8873200853893959,0.6518831843580466,multiclass,custom,pfam
KTNEFQIMLRGWHAVCDPYS,0.9373349828957884,0.7464900722881458,multiclass,resnet,pfam
SGLQVTEFRDCANPKYMHIW,0.880215148090708,0.6466484747311811,multiclass,custom,pfam
SGLQVTEFRDCANPKYMHIW,0.9414936286000429,0.7723905026070665,multiclass,resnet,pfam
MWRNTIVYDFKEQSLHPGCA,0.883710081398157,0.6488514215895427,multiclass,custom,pfam
MWRNTIVYDFKEQSLHPGCA,0.9406611735814454,0.7377692899439703,multiclass,resnet,pfam
NQPGRTVAFMSHKEIWYLCD,0.8879073275827256,0.6340117793964113,multiclass,custom,pfam
NQPGRTVAFMSHKEIWYLCD,0.9381839902536389,0.7592142824740374,multiclass,resnet,pfam
MNKVRHQWLYDIESFTPGAC,0.8863205561784018,0.6481538113263753,multiclass,custom,pfam
MNKVRHQWLYDIESFTPGAC,0.9403209566406459,0.7604104180829946,multiclass,resnet,pfam
SNGIWMVPHYECRDLTQAFK,0.8867642124453013,0.6479318482707073,multiclass,custom,pfam
SNGIWMVPHYECRDLTQAFK,0.9457580587261122,0.7834151608558466,multiclass,resnet,pfam
VYHRTWGLIDSFQNCKEPMA,0.8893193800081178,0.6561331672509314,multiclass,custom,pfam
VYHRTWGLIDSFQNCKEPMA,0.9427879401632907,0.7812024842133197,multiclass,resnet,pfam
NMYGILEWSAHCQVKFRDTP,0.8857460152506027,0.6533953833017287,multiclass,custom,pfam
NMYGILEWSAHCQVKFRDTP,0.9377064249952527,0.770499646831033,multiclass,resnet,pfam
DLISANTMPFKECVWQGYHR,0.8759336388952678,0.6408713941672478,multiclass,custom,pfam
DLISANTMPFKECVWQGYHR,0.944270653927662,0.777626553065233,multiclass,resnet,pfam
FYPWTDSHKERLGVMNACIQ,0.8829560609776561,0.6422667797060212,multiclass,custom,pfam
FYPWTDSHKERLGVMNACIQ,0.9494117554915091,0.781146470673854,multiclass,resnet,pfam
EWHGAQCTNYMVRFPISLDK,0.8821535710504878,0.6394706808091632,multiclass,custom,pfam
EWHGAQCTNYMVRFPISLDK,0.9434315010380445,0.7649854125278945,multiclass,resnet,pfam
TMSRGIALNPYCEFDWVQKH,0.8796446268680123,0.638047870549908,multiclass,custom,pfam
TMSRGIALNPYCEFDWVQKH,0.9387504787448504,0.7642725649182655,multiclass,resnet,pfam
CGWDRSIPMVFQAHYLETKN,0.8895132754333389,0.6562921519805921,multiclass,custom,pfam
CGWDRSIPMVFQAHYLETKN,0.9399989088880278,0.7616153273398631,multiclass,resnet,pfam
GWLIVSTEPNYADQHFMRKC,0.8828125581015079,0.6456050029609598,multiclass,custom,pfam
GWLIVSTEPNYADQHFMRKC,0.9442521552767469,0.7779759128417127,multiclass,resnet,pfam
YTQSFKHCMREWANVLPDIG,0.8773295256479396,0.6191027319918038,multiclass,custom,pfam
YTQSFKHCMREWANVLPDIG,0.9330020536864673,0.733683944507498,multiclass,resnet,pfam
KRHSCWMTYEFDNGILVPQA,0.8832199814704633,0.6453947279578012,multiclass,custom,pfam
KRHSCWMTYEFDNGILVPQA,0.9403253943423874,0.7249268377770536,multiclass,resnet,pfam
HQDCLMPGINKTSVEWARYF,0.8847236135290476,0.6454374723500088,multiclass,custom,pfam
HQDCLMPGINKTSVEWARYF,0.938897468277851,0.7460584410703912,multiclass,resnet,pfam
PHNSAYVMTCKGDELFRQWI,0.8764113806610279,0.6225533233284991,multiclass,custom,pfam
PHNSAYVMTCKGDELFRQWI,0.9443861901778702,0.7753985526265643,multiclass,resnet,pfam
WTFNVDLCIRYAQPSMEKHG,0.8834711532402487,0.6484143222791289,multiclass,custom,pfam
WTFNVDLCIRYAQPSMEKHG,0.9455494856413582,0.7870101906427712,multiclass,resnet,pfam
EMWLKIGQDYTRHAPNSVFC,0.885629106939251,0.6420089532274729,multiclass,custom,pfam
EMWLKIGQDYTRHAPNSVFC,0.9414079491340199,0.7806550039525566,multiclass,resnet,pfam
KHQPSEITFAGNDRMCWYLV,0.8831979666579212,0.6444461941710481,multiclass,custom,pfam
KHQPSEITFAGNDRMCWYLV,0.939828795042937,0.7726833086696014,multiclass,resnet,pfam
RQFMIHNADLVGCYKWTEPS,0.8834889359847719,0.6283761302742117,multiclass,custom,pfam
RQFMIHNADLVGCYKWTEPS,0.9456866971218016,0.7810891911726184,multiclass,resnet,pfam
PRLVTEQDIMCSWAYKGFNH,0.8811434834740682,0.6295038648433071,multiclass,custom,pfam
PRLVTEQDIMCSWAYKGFNH,0.9318686150676176,0.7370831413664366,multiclass,resnet,pfam
IMSDCPTQLENYFARHKGWV,0.8789677662175128,0.6363245540444955,multiclass,custom,pfam
IMSDCPTQLENYFARHKGWV,0.9297654069401018,0.7396326864151466,multiclass,resnet,pfam
TVSMYALDRIWKFNGHEPQC,0.8885650649118026,0.6501395981580105,multiclass,custom,pfam
TVSMYALDRIWKFNGHEPQC,0.939721423955952,0.7668874309516245,multiclass,resnet,pfam
MHTPYWVNCSKDQIFLRGAE,0.8842930954367686,0.6451599175964875,multiclass,custom,pfam
MHTPYWVNCSKDQIFLRGAE,0.9382655494529525,0.756859722158145,multiclass,resnet,pfam
MFHKGWCIRPLTDEAYSNQV,0.8846085718178813,0.6378566840329598,multiclass,custom,pfam
MFHKGWCIRPLTDEAYSNQV,0.9390703072805971,0.7473343857621224,multiclass,resnet,pfam
VDMAHKSTNIPYFCREWGQL,0.8860867119071789,0.6422134658983598,multiclass,custom,pfam
VDMAHKSTNIPYFCREWGQL,0.941107086642566,0.7642113411085424,multiclass,resnet,pfam
IDYQNTLAKWFHVPSGRMEC,0.8823900498974403,0.639089036579259,multiclass,custom,pfam
IDYQNTLAKWFHVPSGRMEC,0.9430010923720797,0.7695170556839495,multiclass,resnet,pfam
PNQLEYFIKRGVCDMTHASW,0.8831464450847186,0.6426362657918909,multiclass,custom,pfam
PNQLEYFIKRGVCDMTHASW,0.9397789831021033,0.7560093748984833,multiclass,resnet,pfam
FRTCHQINDKYGMASVWLEP,0.8849004099598602,0.6504356185073583,multiclass,custom,pfam
FRTCHQINDKYGMASVWLEP,0.9406288189634623,0.7428954052203217,multiclass,resnet,pfam
HTRWPMVFIGNQSDKAECLY,0.884513350787256,0.6430677340799811,multiclass,custom,pfam
HTRWPMVFIGNQSDKAECLY,0.9433927215631892,0.769983433943817,multiclass,resnet,pfam
WMKPTGHQVNADRLYEICSF,0.8720828479650589,0.6106871492699643,multiclass,custom,pfam
WMKPTGHQVNADRLYEICSF,0.9367842464133244,0.7602793697109467,multiclass,resnet,pfam
TCSQKMWVAEHPFRDGNIYL,0.8875900523807687,0.6560464033740879,multiclass,custom,pfam
TCSQKMWVAEHPFRDGNIYL,0.9428195233229119,0.7701718630597763,multiclass,resnet,pfam
VTLPCKSGDFQWNMIYHERA,0.8816973759567525,0.6491713703737977,multiclass,custom,pfam
VTLPCKSGDFQWNMIYHERA,0.9330175858491746,0.7609155461941455,multiclass,resnet,pfam
TYDMSPVEKRGHIWFNQCLA,0.8828303602340986,0.6461291334949383,multiclass,custom,pfam
TYDMSPVEKRGHIWFNQCLA,0.9436348078578167,0.7696706746846183,multiclass,resnet,pfam
PLWTARQKIHYCFSNVGEDM,0.8776703235674439,0.6437015790105541,multiclass,custom,pfam
PLWTARQKIHYCFSNVGEDM,0.9409244343156091,0.74724471530159,multiclass,resnet,pfam
KEWDARMINYGCPFLQVSHT,0.8758932349690562,0.6292923989675371,multiclass,custom,pfam
KEWDARMINYGCPFLQVSHT,0.9410257129252534,0.76236727016218,multiclass,resnet,pfam
VKCYSADIFPLNRWHTGEQM,0.8842246464112741,0.6535288712465264,multiclass,custom,pfam
VKCYSADIFPLNRWHTGEQM,0.9285561550368385,0.7205699923028355,multiclass,resnet,pfam
GKSPLMITHFENQCYARWVD,0.8823035167562328,0.642580011121962,multiclass,custom,pfam
GKSPLMITHFENQCYARWVD,0.9393297725114385,0.7647288621559334,multiclass,resnet,pfam
PYSTMKVHEQAGNRWLIDFC,0.8790198243990606,0.6369965991364135,multiclass,custom,pfam
PYSTMKVHEQAGNRWLIDFC,0.9306077013627727,0.7238185662602387,multiclass,resnet,pfam
STAQVYWPREKCMHGDLNIF,0.8876923357761012,0.6473544837460827,multiclass,custom,pfam
STAQVYWPREKCMHGDLNIF,0.9397402085634902,0.7705728540056723,multiclass,resnet,pfam
KLSPCDTQMEWVHANIYGRF,0.8848095943336473,0.6420425469069878,multiclass,custom,pfam
KLSPCDTQMEWVHANIYGRF,0.9405450507655289,0.7788332975547856,multiclass,resnet,pfam
VGCQLFWTKSDANPRIMHEY,0.8839787315497837,0.642728706898504,multiclass,custom,pfam
VGCQLFWTKSDANPRIMHEY,0.9366745141045107,0.7549325731240086,multiclass,resnet,pfam
SVDCNAILRYWQEPKMHTFG,0.8817952096696956,0.6364432503978052,multiclass,custom,pfam
SVDCNAILRYWQEPKMHTFG,0.9346597879750187,0.7400067530039672,multiclass,resnet,pfam
QWIEFRYNLSKVAGCTPMHD,0.885102315410004,0.6402879866843008,multiclass,custom,pfam
QWIEFRYNLSKVAGCTPMHD,0.9407477694185719,0.7489295812106336,multiclass,resnet,pfam
DTFCEQAGSYVPLWIRKMNH,0.8828124649901701,0.6442439545945227,multiclass,custom,pfam
DTFCEQAGSYVPLWIRKMNH,0.940040595052332,0.7364404188898842,multiclass,resnet,pfam
HGVQTWDRMLYIFEKNSAPC,0.8852962250724143,0.6339154972430173,multiclass,custom,pfam
HGVQTWDRMLYIFEKNSAPC,0.9361498430027779,0.7606601686597648,multiclass,resnet,pfam
HSYLPGKFDIVNMWEQCART,0.8855418183457416,0.6462079449809478,multiclass,custom,pfam
HSYLPGKFDIVNMWEQCART,0.9369874299767357,0.7523081664400917,multiclass,resnet,pfam
AEMTIWFQPKNDRVHSYGCL,0.8824421774010277,0.621430041349777,multiclass,custom,pfam
AEMTIWFQPKNDRVHSYGCL,0.9426106526222972,0.7611168178057646,multiclass,resnet,pfam
CRKVENYISQGLDMHPWTAF,0.8912106937983776,0.6628397233757879,multiclass,custom,pfam
CRKVENYISQGLDMHPWTAF,0.9393939331184005,0.7544421771479712,multiclass,resnet,pfam
FAWRDTKCNGVMYPISHLQE,0.8838051988665733,0.6488120170539918,multiclass,custom,pfam
FAWRDTKCNGVMYPISHLQE,0.9464173670828201,0.7813511308499506,multiclass,resnet,pfam
AEDCFPGQIMHVTRNKLYWS,0.8861646377192661,0.6502747797748352,multiclass,custom,pfam
AEDCFPGQIMHVTRNKLYWS,0.9441305915930054,0.7710714965061618,multiclass,resnet,pfam
VHRTEMALPQSFYGCKNDIW,0.8841150575132417,0.6516137792972418,multiclass,custom,pfam
VHRTEMALPQSFYGCKNDIW,0.9392013855872949,0.7685734041885752,multiclass,resnet,pfam
NCHLQIWDYASPTRVGEFMK,0.8816837702348357,0.6395870107414751,multiclass,custom,pfam
NCHLQIWDYASPTRVGEFMK,0.942840509348325,0.7517377165171648,multiclass,resnet,pfam
ECWYHMNVAPKQTSRIDGLF,0.8806987599677003,0.6409633456559284,multiclass,custom,pfam
ECWYHMNVAPKQTSRIDGLF,0.939868508096421,0.7272495132577611,multiclass,resnet,pfam
GHVEQWMIRTLFYPANCKDS,0.8860418583778508,0.6451125156132138,multiclass,custom,pfam
GHVEQWMIRTLFYPANCKDS,0.9353106070021369,0.7562570248694934,multiclass,resnet,pfam
FQLYEDHATVRWINGSMKPC,0.8867451152049066,0.645134231532753,multiclass,custom,pfam
FQLYEDHATVRWINGSMKPC,0.9419144371927686,0.7607601384791187,multiclass,resnet,pfam
PSEHIAWRFQYNKCVLMGDT,0.8821048184049992,0.6455250319174675,multiclass,custom,pfam
PSEHIAWRFQYNKCVLMGDT,0.9478446393661224,0.7697684782984908,multiclass,resnet,pfam
CRAVTFMDLYPGISNQHKEW,0.8792568511130021,0.6336713806863907,multiclass,custom,pfam
CRAVTFMDLYPGISNQHKEW,0.9416072489853207,0.7652356823621244,multiclass,resnet,pfam
RCAHKSQIYMTPLDGFEWNV,0.877291693930097,0.6201061425254272,multiclass,custom,pfam
RCAHKSQIYMTPLDGFEWNV,0.9444891563796682,0.7704759781233269,multiclass,resnet,pfam
WHFMEIDVLPTKYGSANRCQ,0.8845092878635163,0.6366199068185331,multiclass,custom,pfam
WHFMEIDVLPTKYGSANRCQ,0.9434206878487815,0.7722387150358629,multiclass,resnet,pfam
QTIWDSRNCHMFEKLAVGYP,0.8801928855901708,0.6367205884157908,multiclass,custom,pfam
QTIWDSRNCHMFEKLAVGYP,0.9424638737232505,0.7747426520866327,multiclass,resnet,pfam
LITMFGQHWENKVCYPSRAD,0.8821619176566842,0.638801891126954,multiclass,custom,pfam
LITMFGQHWENKVCYPSRAD,0.9418123677307587,0.7560744141323432,multiclass,resnet,pfam
NEYKPRDQIWSFMCVTGAHL,0.8815602198845458,0.6322783930848199,multiclass,custom,pfam
NEYKPRDQIWSFMCVTGAHL,0.9391456480640338,0.7715088528059593,multiclass,resnet,pfam
LPCVIMRYEAQTFWGKNSDH,0.8892436824382355,0.6600327242422779,multiclass,custom,pfam
LPCVIMRYEAQTFWGKNSDH,0.9458888190439995,0.7819880539984625,multiclass,resnet,pfam
CPLKVWFMDQESRATGIYNH,0.879164493868603,0.6291584939546064,multiclass,custom,pfam
CPLKVWFMDQESRATGIYNH,0.9411618174902656,0.7506568806244963,multiclass,resnet,pfam
GHSEQNCVRFTLYWDMIAKP,0.8825956407159572,0.642402302298635,multiclass,custom,pfam
GHSEQNCVRFTLYWDMIAKP,0.9387602494674308,0.7552101883258849,multiclass,resnet,pfam
ESDAFVKHMRITWLQPGNCY,0.8831268214073493,0.627864860317281,multiclass,custom,pfam
ESDAFVKHMRITWLQPGNCY,0.9415536157860658,0.7712101771133248,multiclass,resnet,pfam
RIHECKMGDPASLVWNYFQT,0.885804613900435,0.6413543746328301,multiclass,custom,pfam
RIHECKMGDPASLVWNYFQT,0.9421872052824302,0.7639356868799122,multiclass,resnet,pfam
YMFHVAPQEDLCSKGIRWNT,0.8920202443488353,0.6589713105538691,multiclass,custom,pfam
YMFHVAPQEDLCSKGIRWNT,0.9397817539337859,0.7503655280013535,multiclass,resnet,pfam
QFTYPDAIVLGWEKSCMNRH,0.8861829089049674,0.6524346611238343,multiclass,custom,pfam
QFTYPDAIVLGWEKSCMNRH,0.9397110696889859,0.7587617197025708,multiclass,resnet,pfam
FWRYANVSIEHLDQKTCMPG,0.8817656420016255,0.6360876450209767,multiclass,custom,pfam
FWRYANVSIEHLDQKTCMPG,0.9420273798459572,0.7642623400253875,multiclass,resnet,pfam
ELMCDKRQPAFHWTNGSIYV,0.8848365004044008,0.6580281111041574,multiclass,custom,pfam
ELMCDKRQPAFHWTNGSIYV,0.9430122854467671,0.7426665080205452,multiclass,resnet,pfam
RHLTIWPNAQEMVFKDCYGS,0.877894811299195,0.6395459703484183,multiclass,custom,pfam
RHLTIWPNAQEMVFKDCYGS,0.9427863109984894,0.767374557962272,multiclass,resnet,pfam
STGLVWNRIQCEPFDKAHYM,0.8799783522785922,0.6389304695145692,multiclass,custom,pfam
STGLVWNRIQCEPFDKAHYM,0.942149046661593,0.769577155600221,multiclass,resnet,pfam
YWIKVTPRSEMHQFCALNGD,0.882594143743552,0.6433865118251939,multiclass,custom,pfam
YWIKVTPRSEMHQFCALNGD,0.9472837952714108,0.7861794648124802,multiclass,resnet,pfam
RKNDIYCMTQFHVLEGPWAS,0.8852673632725292,0.6432855185103988,multiclass,custom,pfam
RKNDIYCMTQFHVLEGPWAS,0.9471720812631717,0.7793615774156499,multiclass,resnet,pfam
TAIVQSFKYRMGWLEDPHNC,0.8857500127756956,0.64145042712903,multiclass,custom,pfam
TAIVQSFKYRMGWLEDPHNC,0.9355589735269263,0.7433971866374514,multiclass,resnet,pfam
LHTIRGVMFWDNYQCSKPAE,0.8819164908414592,0.6321166009349726,multiclass,custom,pfam
LHTIRGVMFWDNYQCSKPAE,0.9378012674358895,0.7591977345730195,multiclass,resnet,pfam
LNYKCQRHVFGDSEMIWTAP,0.8896517177296372,0.6616498036050791,multiclass,custom,pfam
LNYKCQRHVFGDSEMIWTAP,0.9429124199785635,0.7790521886487742,multiclass,resnet,pfam
RGKVYMIECLTHNPQWDSFA,0.884529610517155,0.6566020301010209,multiclass,custom,pfam
RGKVYMIECLTHNPQWDSFA,0.9418681052146771,0.7736786112102826,multiclass,resnet,pfam
QFSRDWEHLPICMNGAYVTK,0.8874050072026585,0.647047495794778,multiclass,custom,pfam
QFSRDWEHLPICMNGAYVTK,0.9421971986764432,0.7669700014953268,multiclass,resnet,pfam
WPESDNLMHRVGQTFAYICK,0.879412873143323,0.6351237045383734,multiclass,custom,pfam
WPESDNLMHRVGQTFAYICK,0.9406133453491086,0.7579212096363926,multiclass,resnet,pfam
FCHWARTYMNGLPDEIKSQV,0.8843458080005799,0.6422370546787809,multiclass,custom,pfam
FCHWARTYMNGLPDEIKSQV,0.931953055942833,0.7332038535740212,multiclass,resnet,pfam
VYEPQIMLHADTGNKCWRSF,0.8861555542168107,0.6445859221761859,multiclass,custom,pfam
VYEPQIMLHADTGNKCWRSF,0.9387718484639835,0.7532122560908132,multiclass,resnet,pfam
GFSWVYHDMQLNRPIEKATC,0.8857543844477718,0.6416150283303286,multiclass,custom,pfam
GFSWVYHDMQLNRPIEKATC,0.9390732961125646,0.7444150875452127,multiclass,resnet,pfam
MIPECQGVSDHTNAWKRFLY,0.8841904576458701,0.6413548735990143,multiclass,custom,pfam
MIPECQGVSDHTNAWKRFLY,0.9460711206552942,0.7861940216820512,multiclass,resnet,pfam
TVFGKDHMEWNACYPLRISQ,0.8833492281305169,0.6413468656019164,multiclass,custom,pfam
TVFGKDHMEWNACYPLRISQ,0.9439686672964152,0.7761147998864241,multiclass,resnet,pfam
WYANDEVQTFHGSPCRIKLM,0.8819132914952033,0.6404689038642611,multiclass,custom,pfam
WYANDEVQTFHGSPCRIKLM,0.939463466865365,0.7235490406792694,multiclass,resnet,pfam
FCVGWSAMNLYHQPTKIERD,0.8824489724736349,0.6400182421834166,multiclass,custom,pfam
FCVGWSAMNLYHQPTKIERD,0.9303923530469269,0.7127235413853854,multiclass,resnet,pfam
FASIPGKWQTCHMEYDVRNL,0.8850588758660285,0.6424011800242846,multiclass,custom,pfam
FASIPGKWQTCHMEYDVRNL,0.9366724511432329,0.7586681072491211,multiclass,resnet,pfam
TQFMWEAYHRINSVDCKPGL,0.8831994672318922,0.6402869431403271,multiclass,custom,pfam
TQFMWEAYHRINSVDCKPGL,0.9437421033900998,0.7879777395038513,multiclass,resnet,pfam
TIPQLNAEKDVHGSCYMRFW,0.8815849640325182,0.6291843472152225,multiclass,custom,pfam
TIPQLNAEKDVHGSCYMRFW,0.942258768967071,0.7544567622856919,multiclass,resnet,pfam
MYCSDPVNLITQREKAGFHW,0.8839754357431218,0.6401091306152706,multiclass,custom,pfam
MYCSDPVNLITQREKAGFHW,0.9391169450268133,0.773285713756775,multiclass,resnet,pfam
LEFRNGSTCQMWDHPIKAVY,0.88508578337452,0.6526036172123153,multiclass,custom,pfam
LEFRNGSTCQMWDHPIKAVY,0.933425701186807,0.7478861984595423,multiclass,resnet,pfam
EKNYRGPMDSLHCWTVAIQF,0.8838609362754779,0.6463494059909787,multiclass,custom,pfam
EKNYRGPMDSLHCWTVAIQF,0.9383763027803521,0.7581129022302363,multiclass,resnet,pfam
FLTWNGECMPDHSKIQRVAY,0.8841269970058985,0.6513780311852857,multiclass,custom,pfam
FLTWNGECMPDHSKIQRVAY,0.9341789996651103,0.7341163388663572,multiclass,resnet,pfam
GPETCVNLKRDSHYFAQWMI,0.8806636863702761,0.6353028627175126,multiclass,custom,pfam
GPETCVNLKRDSHYFAQWMI,0.9292068030368068,0.7335511964553424,multiclass,resnet,pfam
LAGYIKRCSEMPVHDFQWTN,0.8780379242496806,0.6330821027659008,multiclass,custom,pfam
LAGYIKRCSEMPVHDFQWTN,0.9461183000473123,0.7848125718264229,multiclass,resnet,pfam
RGNCDFQMYKSTIEWAHLPV,0.8851166168283118,0.6445199400265549,multiclass,custom,pfam
RGNCDFQMYKSTIEWAHLPV,0.9423425805569818,0.7741371846982111,multiclass,resnet,pfam
TVDQFIRSWKYHLCEAPNMG,0.8864085949408121,0.6423654218481075,multiclass,custom,pfam
TVDQFIRSWKYHLCEAPNMG,0.9382782763324601,0.734714276449645,multiclass,resnet,pfam
GSCAPEQYTRKLMWFNHIVD,0.8860761856397016,0.6577691690793708,multiclass,custom,pfam
GSCAPEQYTRKLMWFNHIVD,0.935711292820287,0.7605125513867224,multiclass,resnet,pfam
LWNRVPMAQEDYGSCIHKTF,0.8842539549513369,0.6527809048052707,multiclass,custom,pfam
LWNRVPMAQEDYGSCIHKTF,0.9434567963927354,0.7705045940724053,multiclass,resnet,pfam
DRHMGCTWAQLPFNYSEKIV,0.8881425316643725,0.6490633874730375,multiclass,custom,pfam
DRHMGCTWAQLPFNYSEKIV,0.9392170391847161,0.7491336779231074,multiclass,resnet,pfam
VRGCADQWLIPFESTYNMHK,0.8834820436655904,0.6513139996366114,multiclass,custom,pfam
VRGCADQWLIPFESTYNMHK,0.9371573651001249,0.7566390345072045,multiclass,resnet,pfam
WQLEMPCGTSYVIAFRKHDN,0.8831990752425061,0.6442546808955892,multiclass,custom,pfam
WQLEMPCGTSYVIAFRKHDN,0.9459588780036501,0.7788720900041085,multiclass,resnet,pfam
PSNGMCEDHLVYAIWKQFRT,0.882669445789427,0.631491748339453,multiclass,custom,pfam
PSNGMCEDHLVYAIWKQFRT,0.9464258531821994,0.7628500033240048,multiclass,resnet,pfam
LVHYWIFQSNRKEACPTGMD,0.8825363573514524,0.6350920350753251,multiclass,custom,pfam
LVHYWIFQSNRKEACPTGMD,0.9307217278880937,0.7349348024097997,multiclass,resnet,pfam
MTDQWVPSHCGELIKYFNAR,0.8849065976694115,0.6464657029842487,multiclass,custom,pfam
MTDQWVPSHCGELIKYFNAR,0.93665953228052,0.7541276885566784,multiclass,resnet,pfam
EPWFMHIACQVGKTRLDNYS,0.8817358465406879,0.6369500512201267,multiclass,custom,pfam
EPWFMHIACQVGKTRLDNYS,0.9326182614625063,0.7431388842529343,multiclass,resnet,pfam
PQDHYLRSAMGTEFVCIKWN,0.8859096355820905,0.6505833101766769,multiclass,custom,pfam
PQDHYLRSAMGTEFVCIKWN,0.9444729127472659,0.7689524013857307,multiclass,resnet,pfam
YHVKDLQWTRCFEGSMNIPA,0.8852588665489547,0.6455776903045953,multiclass,custom,pfam
YHVKDLQWTRCFEGSMNIPA,0.9382025110412215,0.7731156404891913,multiclass,resnet,pfam
YIPNCKGTSVRQMEDWALFH,0.8807444230602078,0.6440185754800423,multiclass,custom,pfam
YIPNCKGTSVRQMEDWALFH,0.9423878389248899,0.7610243144289555,multiclass,resnet,pfam
KYRTVSENQGICWDAHFMLP,0.8838228537689201,0.6363976124859605,multiclass,custom,pfam
KYRTVSENQGICWDAHFMLP,0.9408004355256789,0.7587347687851136,multiclass,resnet,pfam
DFPILKWNVGTQEHCAYRSM,0.8862062271365246,0.6444809262083322,multiclass,custom,pfam
DFPILKWNVGTQEHCAYRSM,0.9428468524400208,0.7673017064260353,multiclass,resnet,pfam
VITNYKEWDHCLSFQRGMAP,0.8860596662262502,0.6466141964268439,multiclass,custom,pfam
VITNYKEWDHCLSFQRGMAP,0.940002313564802,0.7472133218552098,multiclass,resnet,pfam
SLEIMQYWHTFCVDGKPNRA,0.8835960855137006,0.6449708768915141,multiclass,custom,pfam
SLEIMQYWHTFCVDGKPNRA,0.936003470151153,0.7480098509317059,multiclass,resnet,pfam
MDYCSIQFWVKRTHANGPEL,0.8833000982040623,0.6406477344923796,multiclass,custom,pfam
MDYCSIQFWVKRTHANGPEL,0.9461478421269509,0.7790747063023187,multiclass,resnet,pfam
QTAPGCLYVWNIMFKHERSD,0.8910728614255683,0.6462314078271055,multiclass,custom,pfam
QTAPGCLYVWNIMFKHERSD,0.9438342040144532,0.7685671108810183,multiclass,resnet,pfam
WYVIPEQMAHLDGKSCRTNF,0.8871736890234507,0.6456016826357808,multiclass,custom,pfam
WYVIPEQMAHLDGKSCRTNF,0.9469951714445767,0.7842513622147292,multiclass,resnet,pfam
HRFNTIDSPYMKQAVCGWEL,0.8834109152108077,0.6352585776434456,multiclass,custom,pfam
HRFNTIDSPYMKQAVCGWEL,0.9262614648250824,0.6917800017274943,multiclass,resnet,pfam
KWHVIFSGCQRLETNYPADM,0.8838058032943341,0.6467290995158209,multiclass,custom,pfam
KWHVIFSGCQRLETNYPADM,0.9369227232105801,0.7523279586032451,multiclass,resnet,pfam
EIDGTSHAFLCYKWRPQNMV,0.8831770950595168,0.6446200829098869,multiclass,custom,pfam
EIDGTSHAFLCYKWRPQNMV,0.932471648856063,0.7589708771789399,multiclass,resnet,pfam
CQRAYTIWSEVHDGFKMNPL,0.8790224991654476,0.6411238820371628,multiclass,custom,pfam
CQRAYTIWSEVHDGFKMNPL,0.9404133836653104,0.7775235389428381,multiclass,resnet,pfam
TLEPWRNFGIYVKHADSCMQ,0.8821902391728825,0.6381184255716615,multiclass,custom,pfam
TLEPWRNFGIYVKHADSCMQ,0.9414996527450116,0.7818893390485756,multiclass,resnet,pfam
VHMNEPQYTIFCRLKDAWSG,0.8854658624130186,0.6470775171527668,multiclass,custom,pfam
VHMNEPQYTIFCRLKDAWSG,0.9434475543931929,0.7589242366771917,multiclass,resnet,pfam
LRPKHSWQMNCYIGAETFDV,0.8863514571484978,0.6444479273802541,multiclass,custom,pfam
LRPKHSWQMNCYIGAETFDV,0.9402712780796975,0.7682171048585623,multiclass,resnet,pfam
FDWAPGYLNQMCVKTHRISE,0.8847611781058674,0.642222459565808,multiclass,custom,pfam
FDWAPGYLNQMCVKTHRISE,0.9370143641776577,0.7646440172393478,multiclass,resnet,pfam
GLYTEHDAKQVPFWNICSMR,0.8832787426475974,0.6401106020548047,multiclass,custom,pfam
GLYTEHDAKQVPFWNICSMR,0.9374519776480961,0.74393991105327,multiclass,resnet,pfam
IEQGWTFNSVLKADHPCYRM,0.8822680043894076,0.6299850211637252,multiclass,custom,pfam
IEQGWTFNSVLKADHPCYRM,0.937871465389758,0.762588265534717,multiclass,resnet,pfam
MVPGIQELNHRKTCAWFYSD,0.8801329992224691,0.6400755669222514,multiclass,custom,pfam
MVPGIQELNHRKTCAWFYSD,0.94128112246155,0.754270127149684,multiclass,resnet,pfam
DNWIVHYTGRCLQFESMAKP,0.8851212091290177,0.651209743454244,multiclass,custom,pfam
DNWIVHYTGRCLQFESMAKP,0.9392144068181734,0.7731623141251308,multiclass,resnet,pfam
HYTKENVPIRDWCQFSLAMG,0.885578115220277,0.6450333688534203,multiclass,custom,pfam
HYTKENVPIRDWCQFSLAMG,0.9392595689911122,0.7742259353623577,multiclass,resnet,pfam
GPFKMEVSYRWCNQDAHLIT,0.8828575651919754,0.6417558745661699,multiclass,custom,pfam
GPFKMEVSYRWCNQDAHLIT,0.9401043278888309,0.7538794679095018,multiclass,resnet,pfam
ITGPVDMNLYFKCSQAWRHE,0.881847689958472,0.6476617647247433,multiclass,custom,pfam
ITGPVDMNLYFKCSQAWRHE,0.9429547776069531,0.7630921431719248,multiclass,resnet,pfam
PQACRMNYGVIFKEHWTLSD,0.8856439415197807,0.6488107793158318,multiclass,custom,pfam
PQACRMNYGVIFKEHWTLSD,0.937855518382607,0.7364055387574362,multiclass,resnet,pfam
AMDWFIHNREGVSQCLYTKP,0.8893461006738919,0.6541933848503132,multiclass,custom,pfam
AMDWFIHNREGVSQCLYTKP,0.9424236513044804,0.7706267596083949,multiclass,resnet,pfam
GKTAENHCVFIDWMRLPQYS,0.8850351583854529,0.6518231207589633,multiclass,custom,pfam
GKTAENHCVFIDWMRLPQYS,0.9427576093025891,0.7631957288981213,multiclass,resnet,pfam
TYFIWKGRSLVNCHQDPEMA,0.8842190349628634,0.642936501522846,multiclass,custom,pfam
TYFIWKGRSLVNCHQDPEMA,0.9401507189645317,0.7641196320949459,multiclass,resnet,pfam
HNWSPEGFDIKYCRALQTMV,0.8746691573883304,0.628861603697788,multiclass,custom,pfam
HNWSPEGFDIKYCRALQTMV,0.9459014303479656,0.7604602441563136,multiclass,resnet,pfam
QLNDFICEWYRSTHGVPAMK,0.8838025181619766,0.6307961177485343,multiclass,custom,pfam
QLNDFICEWYRSTHGVPAMK,0.9400709931897854,0.7525439368167441,multiclass,resnet,pfam
WRDCYINHVQPFLAKESGMT,0.8876077169638128,0.6491020756220791,multiclass,custom,pfam
WRDCYINHVQPFLAKESGMT,0.9396462077620221,0.7581721265504106,multiclass,resnet,pfam
IATLFESVPRGMCKWYHDNQ,0.8781341107128311,0.6369782953282707,multiclass,custom,pfam
IATLFESVPRGMCKWYHDNQ,0.9380996942866684,0.7514371737116078,multiclass,resnet,pfam
KRPGHSETDLIFNYWMCVAQ,0.8906992768912699,0.6432175244538658,multiclass,custom,pfam
KRPGHSETDLIFNYWMCVAQ,0.9390063161262153,0.7558681227668987,multiclass,resnet,pfam
DARIGHYLWSMNECTVQPKF,0.8838043666917722,0.6448250774832764,multiclass,custom,pfam
DARIGHYLWSMNECTVQPKF,0.9321030277207809,0.7282289605733945,multiclass,resnet,pfam
YDMQNSHWTVPAERGKLCFI,0.8837883756373077,0.6328456015996078,multiclass,custom,pfam
YDMQNSHWTVPAERGKLCFI,0.9406831010919605,0.7605652410079075,multiclass,resnet,pfam
GFKIEATPRDMCVSLWNHYQ,0.8842418856304264,0.6534123041904304,multiclass,custom,pfam
GFKIEATPRDMCVSLWNHYQ,0.9380058040063766,0.7625891282835238,multiclass,resnet,pfam
ESWHYVMCKNRFIPAGDQTL,0.8792346501775189,0.633686489858795,multiclass,custom,pfam
ESWHYVMCKNRFIPAGDQTL,0.9374546674331856,0.7496587209997247,multiclass,resnet,pfam
PSQMRVELIFNYTKWCADHG,0.8882794329866618,0.639741210289551,multiclass,custom,pfam
PSQMRVELIFNYTKWCADHG,0.9411899024817927,0.7764914464754995,multiclass,resnet,pfam
YCWKTGNAQDLSERVHFPMI,0.886777241175715,0.6478181288429724,multiclass,custom,pfam
YCWKTGNAQDLSERVHFPMI,0.9449758887694403,0.7581405563627035,multiclass,resnet,pfam
DVHTASEKLYMQPNIGCFWR,0.88430130060025,0.6504195582567861,multiclass,custom,pfam
DVHTASEKLYMQPNIGCFWR,0.9441524987644498,0.7738589692223832,multiclass,resnet,pfam
CIRQNDKWTVFSHYEALPGM,0.8806316476546698,0.6444741959845954,multiclass,custom,pfam
CIRQNDKWTVFSHYEALPGM,0.9410404905622791,0.7647598944266388,multiclass,resnet,pfam
KYFCAWREPVNLGSDIQMHT,0.8868918157999461,0.6336395414623011,multiclass,custom,pfam
KYFCAWREPVNLGSDIQMHT,0.9378047661177298,0.7641355246597012,multiclass,resnet,pfam
MKYHNRTLPQIWVACDGFES,0.881841340815901,0.6446361618803276,multiclass,custom,pfam
MKYHNRTLPQIWVACDGFES,0.933728486476509,0.7231300887260238,multiclass,resnet,pfam
NDHIARPMFCTKWGLVSYQE,0.8856281091017312,0.6468378699697913,multiclass,custom,pfam
NDHIARPMFCTKWGLVSYQE,0.9414968025228987,0.7646680422301825,multiclass,resnet,pfam
KQMYFDVGIREATSCPHWNL,0.8857349084422633,0.6508891667520615,multiclass,custom,pfam
KQMYFDVGIREATSCPHWNL,0.9418153445863254,0.7635513585677411,multiclass,resnet,pfam
LFTWMVDPQRICAEYKSGNH,0.8838130551632475,0.6308359504131522,multiclass,custom,pfam
LFTWMVDPQRICAEYKSGNH,0.9366354340502312,0.7719914747708039,multiclass,resnet,pfam
CPSFQDMHVIENTGLRYAKW,0.8818518602150004,0.6420893947743973,multiclass,custom,pfam
CPSFQDMHVIENTGLRYAKW,0.9395282981649007,0.7587625812814861,multiclass,resnet,pfam
LNTKFPICEQDVGWMAYSRH,0.886437084326821,0.6500397643905156,multiclass,custom,pfam
LNTKFPICEQDVGWMAYSRH,0.9436970293553385,0.7706597400057666,multiclass,resnet,pfam
KRYNSWDMHVILCAQEGPFT,0.8883148278788525,0.6482478571021921,multiclass,custom,pfam
KRYNSWDMHVILCAQEGPFT,0.9457729235835781,0.7793972950517258,multiclass,resnet,pfam
LNQSTARDPWICHYMEFGKV,0.8767867868446656,0.6295996745981162,multiclass,custom,pfam
LNQSTARDPWICHYMEFGKV,0.9460835375784249,0.767056973914061,multiclass,resnet,pfam
GVWPTKADEYSLFNHCRIMQ,0.8847056242032731,0.6480299794277224,multiclass,custom,pfam
GVWPTKADEYSLFNHCRIMQ,0.9389155241060199,0.7572155665731806,multiclass,resnet,pfam
APTSKWGIDCMQNHRFVYLE,0.8803902066881178,0.6417051162652764,multiclass,custom,pfam
APTSKWGIDCMQNHRFVYLE,0.9416166480996644,0.7767557250401049,multiclass,resnet,pfam
IWFDRPTCAGMESYQHVLNK,0.8826525359711297,0.6454729399361951,multiclass,custom,pfam
IWFDRPTCAGMESYQHVLNK,0.941274548717416,0.768062003742848,multiclass,resnet,pfam
TPQLGIFNDEWRAHCVYSKM,0.8855954445513581,0.6500573538977911,multiclass,custom,pfam
TPQLGIFNDEWRAHCVYSKM,0.9436456637232638,0.7588774956350679,multiclass,resnet,pfam
KRIAEYFSWVNTGHMQCLPD,0.884571190573211,0.6505357214172945,multiclass,custom,pfam
KRIAEYFSWVNTGHMQCLPD,0.9387446930005762,0.7486275942415607,multiclass,resnet,pfam
DPYERTFLMAKQSIHCGVWN,0.8888496414101865,0.6616205949508722,multiclass,custom,pfam
DPYERTFLMAKQSIHCGVWN,0.9313198320720343,0.7382767608031069,multiclass,resnet,pfam
LMCDGEPTFIYASRQVHKNW,0.8801557523201466,0.6395722083711252,multiclass,custom,pfam
LMCDGEPTFIYASRQVHKNW,0.9451589921109156,0.7312492736337797,multiclass,resnet,pfam
NIKDGFYMPEAQSVHRTWCL,0.8874071898068344,0.6418905485124927,multiclass,custom,pfam
NIKDGFYMPEAQSVHRTWCL,0.9426524494544225,0.7741364561099082,multiclass,resnet,pfam
QRNMCWAITVGKDHPFLSYE,0.8848331513012926,0.6524880599499852,multiclass,custom,pfam
QRNMCWAITVGKDHPFLSYE,0.9364581453882426,0.7618010740252562,multiclass,resnet,pfam
DESMFLQVRHWAPCGNYKIT,0.8878049128449998,0.6468563585467834,multiclass,custom,pfam
DESMFLQVRHWAPCGNYKIT,0.9359184203424317,0.7588410473561352,multiclass,resnet,pfam
NLHARQTGVEDCIWKSPFMY,0.8854736875722435,0.6547196276407792,multiclass,custom,pfam
NLHARQTGVEDCIWKSPFMY,0.9293912000608829,0.7218240311507425,multiclass,resnet,pfam
DIVAMCWSHRGQFLPEYKTN,0.8868174324038494,0.6529882545670017,multiclass,custom,pfam
DIVAMCWSHRGQFLPEYKTN,0.933477216778444,0.7503493353454203,multiclass,resnet,pfam
TPKHEIGMVRQWDLSFCNAY,0.8838966120618623,0.6414038661152501,multiclass,custom,pfam
TPKHEIGMVRQWDLSFCNAY,0.9452877606723261,0.775663486218386,multiclass,resnet,pfam
KCLTWDPASINFYEHMGRQV,0.8863797080245217,0.644319077872931,multiclass,custom,pfam
KCLTWDPASINFYEHMGRQV,0.9421375691592566,0.775706985097481,multiclass,resnet,pfam
QMWILKTESGRNHDVFYCPA,0.8886251174001358,0.6515152627031128,multiclass,custom,pfam
QMWILKTESGRNHDVFYCPA,0.9412468312583027,0.7648205367818441,multiclass,resnet,pfam
HDEAPIVFNMYGCSRKQTWL,0.8901309734757851,0.6657669277653012,multiclass,custom,pfam
HDEAPIVFNMYGCSRKQTWL,0.9452027509507165,0.7674531751386631,multiclass,resnet,pfam
WGNYKEACSPIFVMLRHDQT,0.8908556476745023,0.6551612796830352,multiclass,custom,pfam
WGNYKEACSPIFVMLRHDQT,0.9405398433261704,0.7236336266454486,multiclass,resnet,pfam
GINRLSDACFWPYKEQHMVT,0.8777761557597893,0.6291740967430947,multiclass,custom,pfam
GINRLSDACFWPYKEQHMVT,0.9448298313228998,0.774330926523667,multiclass,resnet,pfam
HKNMWFEDGYACLRIVPTSQ,0.8814694756166679,0.643310867397106,multiclass,custom,pfam
HKNMWFEDGYACLRIVPTSQ,0.9395169027349383,0.7755681236922692,multiclass,resnet,pfam
PAKSILYCQRFGDNTEWHVM,0.8903930602606686,0.6556618510141244,multiclass,custom,pfam
PAKSILYCQRFGDNTEWHVM,0.9383921351383446,0.767690203327023,multiclass,resnet,pfam
SPEAQVFHLRNYKGWMTCID,0.8923043288853926,0.6722791014261997,multiclass,custom,pfam
SPEAQVFHLRNYKGWMTCID,0.9345957939631131,0.7446057939272432,multiclass,resnet,pfam
ELQPFIKDAVSNRMGYTHWC,0.879241701818499,0.6367113494464955,multiclass,custom,pfam
ELQPFIKDAVSNRMGYTHWC,0.9407093933187257,0.7649104244518137,multiclass,resnet,pfam
MFYGTPEKHINWSLAQRVDC,0.885840992433365,0.636438271721519,multiclass,custom,pfam
MFYGTPEKHINWSLAQRVDC,0.9418567264906166,0.7569376097333224,multiclass,resnet,pfam
DIMQWFRTKNVLESAGPCYH,0.8852039975283699,0.6441711043859474,multiclass,custom,pfam
DIMQWFRTKNVLESAGPCYH,0.9404768838509874,0.7638474502540058,multiclass,resnet,pfam
MKTYDLPAERIFHVGNCQSW,0.8863782712193553,0.6494944220596874,multiclass,custom,pfam
MKTYDLPAERIFHVGNCQSW,0.9397315025123983,0.748153352657441,multiclass,resnet,pfam
HKSFCWANPVQDRETGMLIY,0.8831385540868034,0.6368938992598377,multiclass,custom,pfam
HKSFCWANPVQDRETGMLIY,0.9352809762234008,0.7556535212548813,multiclass,resnet,pfam
NASTFDMCGHRQYWVPLKEI,0.8820031840052642,0.6374555537364373,multiclass,custom,pfam
NASTFDMCGHRQYWVPLKEI,0.9427478741627509,0.7431539850541011,multiclass,resnet,pfam
DREWKPIMVCNQTAHFSGYL,0.8853366617667644,0.6415434052292565,multiclass,custom,pfam
DREWKPIMVCNQTAHFSGYL,0.939200265412946,0.7627991656005615,multiclass,resnet,pfam
EDNYPLIGQHMRKFVCSWAT,0.8832203023121334,0.6571176288207256,multiclass,custom,pfam
EDNYPLIGQHMRKFVCSWAT,0.9453374274831322,0.7478297110692055,multiclass,resnet,pfam
SHMPIDVWKFQYENLCGATR,0.8851204062651906,0.6457235493474839,multiclass,custom,pfam
SHMPIDVWKFQYENLCGATR,0.9363074113321026,0.7357652153518387,multiclass,resnet,pfam
PAFCEQHTGDWKYSIVRMLN,0.8810628876253274,0.648441116594025,multiclass,custom,pfam
PAFCEQHTGDWKYSIVRMLN,0.9421127892529195,0.7570480253897702,multiclass,resnet,pfam
NGFCAHSYRVPKQLDIMWET,0.8851007585747901,0.6400677456064614,multiclass,custom,pfam
NGFCAHSYRVPKQLDIMWET,0.9420807551052187,0.7732202729163935,multiclass,resnet,pfam
PLRKDYMWTEHAFNSGVICQ,0.8822605804984137,0.6494951352922196,multiclass,custom,pfam
PLRKDYMWTEHAFNSGVICQ,0.9460134814391244,0.785636583778036,multiclass,resnet,pfam
CSIWRDMVTKEPFQHAYNGL,0.8824239501710469,0.644036497211801,multiclass,custom,pfam
CSIWRDMVTKEPFQHAYNGL,0.9399045921326511,0.7711964167810416,multiclass,resnet,pfam
NYPVETCWIMDGAKHQFLSR,0.8843924970408843,0.6518270468266145,multiclass,custom,pfam
NYPVETCWIMDGAKHQFLSR,0.9399316034946177,0.769682106482835,multiclass,resnet,pfam
RNPDEASWTCKIYFVMQLGH,0.8827917504780306,0.6378073105022949,multiclass,custom,pfam
RNPDEASWTCKIYFVMQLGH,0.9413125302866959,0.7608401034177306,multiclass,resnet,pfam
IKQDPCGELRVMYTSWAFNH,0.8818474587848405,0.628910311825716,multiclass,custom,pfam
IKQDPCGELRVMYTSWAFNH,0.9416673012352463,0.7753409328671875,multiclass,resnet,pfam
IHSFPDMRQTWYELNVKCGA,0.8800248372009436,0.6396616999573815,multiclass,custom,pfam
IHSFPDMRQTWYELNVKCGA,0.9390085076089791,0.7643720589809513,multiclass,resnet,pfam
