encoding,auroc,f1,task,model,dataset
WCYKMVHQFDGRLITNEASP,0.8858903003026626,0.630500112322784,multiclass,custom,pfam
WCYKMVHQFDGRLITNEASP,0.9437576119208156,0.7426726273750276,multiclass,resnet,pfam
WCYKMVHQFDGRLITNEASP,0.8825136863152808,0.6351170013324017,multiclass,custom,pfam
WCYKMVHQFDGRLITNEASP,0.9434713944279295,0.7652428578006638,multiclass,resnet,pfam
WCYKMVHQFDGRLITNEASP,0.8854686315723568,0.6370461343378742,multiclass,custom,pfam
WCYKMVHQFDGRLITNEASP,0.9419972928470244,0.7721243620005954,multiclass,resnet,pfam
WCYKMVHQFDGRLITNEASP,0.8899968907939237,0.6445044482573261,multiclass,custom,pfam
WCYKMVHQFDGRLITNEASP,0.9386256518733008,0.7456098114447828,multiclass,resnet,pfam
WCYKMVHQFDGRLITNEASP,0.8803372919913242,0.6294165823194529,multiclass,custom,pfam
WCYKMVHQFDGRLITNEASP,0.9469741007055287,0.7838510859829901,multiclass,resnet,pfam
WCYKMVHQFDGRLITNEASP,0.8872375171586139,0.6433063847559486,multiclass,custom,pfam
WCYKMVHQFDGRLITNEASP,0.9311844476231604,0.728068261857287,multiclass,resnet,pfam
WCYKMVHQFDGRLITNEASP,0.8833385396581678,0.6360285110543029,multiclass,custom,pfam
WCYKMVHQFDGRLITNEASP,0.9444378927764199,0.7710415790723747,multiclass,resnet,pfam
WCYKMVHQFDGRLITNEASP,0.8821584172909127,0.6337560385280804,multiclass,custom,pfam
WCYKMVHQFDGRLITNEASP,0.9478228373709344,0.7905987806045045,multiclass,resnet,pfam
WCYKMVHQFDGRLITNEASP,0.8768577414595805,0.6209676308302919,multiclass,custom,pfam
WCYKMVHQFDGRLITNEASP,0.9392702601717715,0.7541178106680837,multiclass,resnet,pfam
WCYKMVHQFDGRLITNEASP,0.8876121746541117,0.6399104501116666,multiclass,custom,pfam
WCYKMVHQFDGRLITNEASP,0.9435664364149632,0.7729065323545206,multiclass,resnet,pfam
WCYKMVHQFDGRLITNEASP,0.8878629994221688,0.6466186339510334,multiclass,custom,pfam
WCYKMVHQFDGRLITNEASP,0.9468634982764085,0.7905504553724423,multiclass,resnet,pfam
WCYKMVHQFDGRLITNEASP,0.8791240943823846,0.6231120269930608,multiclass,custom,pfam
WCYKMVHQFDGRLITNEASP,0.9430473673106337,0.7486346959331082,multiclass,resnet,pfam
WCYKMVHQFDGRLITNEASP,0.8878007834363644,0.6457282019059445,multiclass,custom,pfam
WCYKMVHQFDGRLITNEASP,0.9441271729885676,0.7542988038854459,multiclass,resnet,pfam
WCYKMVHQFDGRLITNEASP,0.8870923824209929,0.6406489145956573,multiclass,custom,pfam
WCYKMVHQFDGRLITNEASP,0.9356285757781677,0.7380979687745872,multiclass,resnet,pfam
WCYKMVHQFDGRLITNEASP,0.8808215332921264,0.6298729444977099,multiclass,custom,pfam
WCYKMVHQFDGRLITNEASP,0.9427980706430382,0.7698113414891209,multiclass,resnet,pfam
WCYKMVHQFDGRLITNEASP,0.8781850538825058,0.6203705794323946,multiclass,custom,pfam
WCYKMVHQFDGRLITNEASP,0.9387461710055097,0.7684166675839886,multiclass,resnet,pfam
WCYKMVHQFDGRLITNEASP,0.8873596711021203,0.6417568810768002,multiclass,custom,pfam
WCYKMVHQFDGRLITNEASP,0.9361504856464891,0.7223824804560494,multiclass,resnet,pfam
WCYKMVHQFDGRLITNEASP,0.8875345945522974,0.635734843368197,multiclass,custom,pfam
WCYKMVHQFDGRLITNEASP,0.9410986275531042,0.7470699036736943,multiclass,resnet,pfam
WCYKMVHQFDGRLITNEASP,0.8866477061592167,0.6407393936174652,multiclass,custom,pfam
WCYKMVHQFDGRLITNEASP,0.9357586174705081,0.6851543856855749,multiclass,resnet,pfam
WCYKMVHQFDGRLITNEASP,0.8836002729397692,0.6329188510830741,multiclass,custom,pfam
WCYKMVHQFDGRLITNEASP,0.9429058525773882,0.7615590764393207,multiclass,resnet,pfam
WCYKMVHQFDGRLITNEASP,0.8895560858980162,0.6466804155899348,multiclass,custom,pfam
WCYKMVHQFDGRLITNEASP,0.9353867017778589,0.7498613651617896,multiclass,resnet,pfam
WCYKMVHQFDGRLITNEASP,0.8875484153110669,0.6399660857470322,multiclass,custom,pfam
WCYKMVHQFDGRLITNEASP,0.9384936708772991,0.7578764873576684,multiclass,resnet,pfam
WCYKMVHQFDGRLITNEASP,0.8766763222662199,0.6158493884949726,multiclass,custom,pfam
WCYKMVHQFDGRLITNEASP,0.943514809139663,0.7721679853382293,multiclass,resnet,pfam
WCYKMVHQFDGRLITNEASP,0.8873735800641729,0.6407457240055927,multiclass,custom,pfam
WCYKMVHQFDGRLITNEASP,0.9421821011535296,0.7648995115540752,multiclass,resnet,pfam
WCYKMVHQFDGRLITNEASP,0.8826938097646131,0.6287949390734188,multiclass,custom,pfam
WCYKMVHQFDGRLITNEASP,0.9402006591023655,0.749606456027282,multiclass,resnet,pfam
WCYKMVHQFDGRLITNEASP,0.8864238771451358,0.6452647862242982,multiclass,custom,pfam
WCYKMVHQFDGRLITNEASP,0.9431515648982813,0.7613452862006842,multiclass,resnet,pfam
WCYKMVHQFDGRLITNEASP,0.880064572477995,0.6242349909166651,multiclass,custom,pfam
WCYKMVHQFDGRLITNEASP,0.9417089502288025,0.7470876203928072,multiclass,resnet,pfam
WCYKMVHQFDGRLITNEASP,0.8879727544190186,0.6417964122912431,multiclass,custom,pfam
WCYKMVHQFDGRLITNEASP,0.9423794155761163,0.7496721881716473,multiclass,resnet,pfam
WCYKMVHQFDGRLITNEASP,0.8899519384584684,0.6513229682460698,multiclass,custom,pfam
WCYKMVHQFDGRLITNEASP,0.943569368860363,0.7631483121055387,multiclass,resnet,pfam
WCYKMVHQFDGRLITNEASP,0.883861737565487,0.6262992391806483,multiclass,custom,pfam
WCYKMVHQFDGRLITNEASP,0.9376098986402601,0.7203906048246072,multiclass,resnet,pfam
WCYKMVHQFDGRLITNEASP,0.8825827230306912,0.6331887661601667,multiclass,custom,pfam
WCYKMVHQFDGRLITNEASP,0.9467704652947695,0.7645984933968483,multiclass,resnet,pfam
WCYKMVHQFDGRLITNEASP,0.8785245041689802,0.6210069634296843,multiclass,custom,pfam
WCYKMVHQFDGRLITNEASP,0.9415043218034347,0.763195079871901,multiclass,resnet,pfam
WCYKMVHQFDGRLITNEASP,0.8892264159520098,0.6550442726678871,multiclass,custom,pfam
WCYKMVHQFDGRLITNEASP,0.9359008496069592,0.7312404158870147,multiclass,resnet,pfam
WCYKMVHQFDGRLITNEASP,0.8758990006360058,0.6175530483502844,multiclass,custom,pfam
WCYKMVHQFDGRLITNEASP,0.9386682800433015,0.7400652932856857,multiclass,resnet,pfam
WCYKMVHQFDGRLITNEASP,0.8850739635632087,0.6325923751519895,multiclass,custom,pfam
WCYKMVHQFDGRLITNEASP,0.9456499246321233,0.776329700899378,multiclass,resnet,pfam
WCYKMVHQFDGRLITNEASP,0.8808083085922964,0.6226520014692648,multiclass,custom,pfam
WCYKMVHQFDGRLITNEASP,0.946001712419997,0.7627545318911824,multiclass,resnet,pfam
WCYKMVHQFDGRLITNEASP,0.8846945573745228,0.6381671169415843,multiclass,custom,pfam
WCYKMVHQFDGRLITNEASP,0.9410773455782527,0.7463044255828759,multiclass,resnet,pfam
WCYKMVHQFDGRLITNEASP,0.8879121116981981,0.6471085692027214,multiclass,custom,pfam
WCYKMVHQFDGRLITNEASP,0.9470694915389771,0.7748142563984679,multiclass,resnet,pfam
WCYKMVHQFDGRLITNEASP,0.8841270696702651,0.6280974032111665,multiclass,custom,pfam
WCYKMVHQFDGRLITNEASP,0.9407379630575348,0.755211357334039,multiclass,resnet,pfam
WCYKMVHQFDGRLITNEASP,0.8859114513992555,0.6397039762416383,multiclass,custom,pfam
WCYKMVHQFDGRLITNEASP,0.9436301350876282,0.7621115426526254,multiclass,resnet,pfam
WCYKMVHQFDGRLITNEASP,0.8884755450230415,0.6328653355850864,multiclass,custom,pfam
WCYKMVHQFDGRLITNEASP,0.9408735787317284,0.7342127515381375,multiclass,resnet,pfam
WCYKMVHQFDGRLITNEASP,0.8865619184146389,0.6423624956710272,multiclass,custom,pfam
WCYKMVHQFDGRLITNEASP,0.9419215221729609,0.7480946198437426,multiclass,resnet,pfam
WCYKMVHQFDGRLITNEASP,0.8843034039648197,0.6235649615825694,multiclass,custom,pfam
WCYKMVHQFDGRLITNEASP,0.9439348116089514,0.7767451761944806,multiclass,resnet,pfam
WCYKMVHQFDGRLITNEASP,0.8836732927368509,0.6284305973894097,multiclass,custom,pfam
WCYKMVHQFDGRLITNEASP,0.941937576084604,0.771047787402495,multiclass,resnet,pfam
WCYKMVHQFDGRLITNEASP,0.8849505863885332,0.6365653314899589,multiclass,custom,pfam
WCYKMVHQFDGRLITNEASP,0.9320466320191823,0.7147076982841072,multiclass,resnet,pfam
WCYKMVHQFDGRLITNEASP,0.8885903203430952,0.6446512812047148,multiclass,custom,pfam
WCYKMVHQFDGRLITNEASP,0.9424256542922509,0.7498092128732565,multiclass,resnet,pfam
WCYKMVHQFDGRLITNEASP,0.8900425061296613,0.6521055122769874,multiclass,custom,pfam
WCYKMVHQFDGRLITNEASP,0.936483723717866,0.743765706927212,multiclass,resnet,pfam
WCYKMVHQFDGRLITNEASP,0.8806020261856068,0.6247951149991481,multiclass,custom,pfam
WCYKMVHQFDGRLITNEASP,0.936608220490762,0.7487895433581951,multiclass,resnet,pfam
WCYKMVHQFDGRLITNEASP,0.8838732860956068,0.6374190047394963,multiclass,custom,pfam
WCYKMVHQFDGRLITNEASP,0.9461096268289945,0.7620775442021663,multiclass,resnet,pfam
WCYKMVHQFDGRLITNEASP,0.8873259102537657,0.6435368757162516,multiclass,custom,pfam
WCYKMVHQFDGRLITNEASP,0.9424927767743663,0.7614187695385579,multiclass,resnet,pfam
WCYKMVHQFDGRLITNEASP,0.8772856421133957,0.61629025209202,multiclass,custom,pfam
WCYKMVHQFDGRLITNEASP,0.9379604632704762,0.7399639120854627,multiclass,resnet,pfam
WCYKMVHQFDGRLITNEASP,0.8856052852552377,0.636906705896261,multiclass,custom,pfam
WCYKMVHQFDGRLITNEASP,0.9434370585838486,0.7631867745146097,multiclass,resnet,pfam
WCYKMVHQFDGRLITNEASP,0.8855486527520524,0.6229726314920463,multiclass,custom,pfam
WCYKMVHQFDGRLITNEASP,0.9437931569236877,0.7628087145401128,multiclass,resnet,pfam
WCYKMVHQFDGRLITNEASP,0.8849656089304965,0.6335920479541782,multiclass,custom,pfam
WCYKMVHQFDGRLITNEASP,0.9472420664533721,0.7756416309636002,multiclass,resnet,pfam
WCYKMVHQFDGRLITNEASP,0.8855799240187331,0.637208187109663,multiclass,custom,pfam
WCYKMVHQFDGRLITNEASP,0.9445253155353898,0.7632254028202139,multiclass,resnet,pfam
WCYKMVHQFDGRLITNEASP,0.8837107061331286,0.6296741678480104,multiclass,custom,pfam
WCYKMVHQFDGRLITNEASP,0.9314009320647477,0.7117051023804702,multiclass,resnet,pfam
WCYKMVHQFDGRLITNEASP,0.8881960998075135,0.6454894656559483,multiclass,custom,pfam
WCYKMVHQFDGRLITNEASP,0.9440332715751009,0.7708543112310208,multiclass,resnet,pfam
WCYKMVHQFDGRLITNEASP,0.8862982622449362,0.6388858473889967,multiclass,custom,pfam
WCYKMVHQFDGRLITNEASP,0.9387263845165472,0.7370210431228366,multiclass,resnet,pfam
WCYKMVHQFDGRLITNEASP,0.8815821565242923,0.623381025529937,multiclass,custom,pfam
WCYKMVHQFDGRLITNEASP,0.9365051135508737,0.7383896363141934,multiclass,resnet,pfam
WCYKMVHQFDGRLITNEASP,0.8924676250182284,0.6540258749348129,multiclass,custom,pfam
WCYKMVHQFDGRLITNEASP,0.9430572504583647,0.7752903878432589,multiclass,resnet,pfam
WCYKMVHQFDGRLITNEASP,0.8846911667829852,0.6329376091546886,multiclass,custom,pfam
WCYKMVHQFDGRLITNEASP,0.9387505517615142,0.7354790687898601,multiclass,resnet,pfam
WCYKMVHQFDGRLITNEASP,0.8822033761702552,0.6247336354998261,multiclass,custom,pfam
WCYKMVHQFDGRLITNEASP,0.9335224646532779,0.7464336251323581,multiclass,resnet,pfam
WCYKMVHQFDGRLITNEASP,0.8846337160268527,0.6326276265979012,multiclass,custom,pfam
WCYKMVHQFDGRLITNEASP,0.942827845114997,0.7648087163493796,multiclass,resnet,pfam
WCYKMVHQFDGRLITNEASP,0.8864584769001755,0.6388064153182194,multiclass,custom,pfam
WCYKMVHQFDGRLITNEASP,0.9413099523138395,0.780239303257025,multiclass,resnet,pfam
WCYKMVHQFDGRLITNEASP,0.8843051993423595,0.6233977117510778,multiclass,custom,pfam
WCYKMVHQFDGRLITNEASP,0.9391886642252499,0.7558264045441069,multiclass,resnet,pfam
WCYKMVHQFDGRLITNEASP,0.8798755977990765,0.629289342911903,multiclass,custom,pfam
WCYKMVHQFDGRLITNEASP,0.9364268376967951,0.751103186040715,multiclass,resnet,pfam
WCYKMVHQFDGRLITNEASP,0.8876349871326312,0.6389556039565446,multiclass,custom,pfam
WCYKMVHQFDGRLITNEASP,0.9460081021946808,0.7847493185805497,multiclass,resnet,pfam
WCYKMVHQFDGRLITNEASP,0.8825333553891301,0.6259326877113498,multiclass,custom,pfam
WCYKMVHQFDGRLITNEASP,0.9427757615817276,0.7631087072739955,multiclass,resnet,pfam
WCYKMVHQFDGRLITNEASP,0.882304300782117,0.6247836058545365,multiclass,custom,pfam
WCYKMVHQFDGRLITNEASP,0.9384265240920133,0.7280300098469374,multiclass,resnet,pfam
WCYKMVHQFDGRLITNEASP,0.886751851602044,0.6371377730053934,multiclass,custom,pfam
WCYKMVHQFDGRLITNEASP,0.9414219732123403,0.7470433269404076,multiclass,resnet,pfam
WCYKMVHQFDGRLITNEASP,0.8893317137336633,0.6425099570966013,multiclass,custom,pfam
WCYKMVHQFDGRLITNEASP,0.9367664754930303,0.7550746185706178,multiclass,resnet,pfam
WCYKMVHQFDGRLITNEASP,0.88303297913136,0.636447699492283,multiclass,custom,pfam
WCYKMVHQFDGRLITNEASP,0.9420124739137193,0.7481999919432883,multiclass,resnet,pfam
WCYKMVHQFDGRLITNEASP,0.8876628029151739,0.6367359229552131,multiclass,custom,pfam
WCYKMVHQFDGRLITNEASP,0.9425340731020887,0.7172869248069333,multiclass,resnet,pfam
WCYKMVHQFDGRLITNEASP,0.8773173138215002,0.6170887168109953,multiclass,custom,pfam
WCYKMVHQFDGRLITNEASP,0.9412694392193869,0.7645053954949544,multiclass,resnet,pfam
WCYKMVHQFDGRLITNEASP,0.8779018621612348,0.6186099000842934,multiclass,custom,pfam
WCYKMVHQFDGRLITNEASP,0.9400577551411017,0.7415391230367965,multiclass,resnet,pfam
WCYKMVHQFDGRLITNEASP,0.8840844083358863,0.6325571484771433,multiclass,custom,pfam
WCYKMVHQFDGRLITNEASP,0.9424942307687664,0.753968023938749,multiclass,resnet,pfam
WCYKMVHQFDGRLITNEASP,0.8824711817323176,0.6360909003778985,multiclass,custom,pfam
WCYKMVHQFDGRLITNEASP,0.9391095484891359,0.7342468075235569,multiclass,resnet,pfam
WCYKMVHQFDGRLITNEASP,0.8878911905189684,0.6347216332095744,multiclass,custom,pfam
WCYKMVHQFDGRLITNEASP,0.9453229032070057,0.7691864222781029,multiclass,resnet,pfam
WCYKMVHQFDGRLITNEASP,0.8799109159885488,0.6212826018149358,multiclass,custom,pfam
WCYKMVHQFDGRLITNEASP,0.9432205407945133,0.785423581543696,multiclass,resnet,pfam
WCYKMVHQFDGRLITNEASP,0.8855725527999697,0.6463273403964911,multiclass,custom,pfam
WCYKMVHQFDGRLITNEASP,0.9428659442132101,0.7704244188209611,multiclass,resnet,pfam
WCYKMVHQFDGRLITNEASP,0.8838150151500089,0.6423980947919725,multiclass,custom,pfam
WCYKMVHQFDGRLITNEASP,0.9448523362978964,0.7818415067756093,multiclass,resnet,pfam
WCYKMVHQFDGRLITNEASP,0.887345917549782,0.6409779014612382,multiclass,custom,pfam
WCYKMVHQFDGRLITNEASP,0.9413166911129182,0.7567140424467637,multiclass,resnet,pfam
WCYKMVHQFDGRLITNEASP,0.8866722768819824,0.6410891476196399,multiclass,custom,pfam
WCYKMVHQFDGRLITNEASP,0.9416406423506759,0.7529093309039088,multiclass,resnet,pfam
WCYKMVHQFDGRLITNEASP,0.8874423097221674,0.6449813509119513,multiclass,custom,pfam
WCYKMVHQFDGRLITNEASP,0.9404609314386174,0.7630991085105145,multiclass,resnet,pfam
WCYKMVHQFDGRLITNEASP,0.8873867844941508,0.6480732691382819,multiclass,custom,pfam
WCYKMVHQFDGRLITNEASP,0.938761032112191,0.7541131621024558,multiclass,resnet,pfam
WCYKMVHQFDGRLITNEASP,0.8854271780153053,0.6361191638880894,multiclass,custom,pfam
WCYKMVHQFDGRLITNEASP,0.9462785568149494,0.782407082543369,multiclass,resnet,pfam
WCYKMVHQFDGRLITNEASP,0.8848775890598668,0.6476468284960719,multiclass,custom,pfam
WCYKMVHQFDGRLITNEASP,0.9389734452099985,0.7520851583358957,multiclass,resnet,pfam
WCYKMVHQFDGRLITNEASP,0.8863089338715332,0.6342946255438096,multiclass,custom,pfam
WCYKMVHQFDGRLITNEASP,0.9388354176947132,0.7473470390659929,multiclass,resnet,pfam
WCYKMVHQFDGRLITNEASP,0.8871973943820134,0.6440288869511063,multiclass,custom,pfam
WCYKMVHQFDGRLITNEASP,0.940741564281734,0.7645102140783127,multiclass,resnet,pfam
WCYKMVHQFDGRLITNEASP,0.8825476892680373,0.6329888377812415,multiclass,custom,pfam
WCYKMVHQFDGRLITNEASP,0.9358232075432404,0.7448901079898587,multiclass,resnet,pfam
WCYKMVHQFDGRLITNEASP,0.8831194796632946,0.6328557383887263,multiclass,custom,pfam
WCYKMVHQFDGRLITNEASP,0.9425060228419119,0.768780443266843,multiclass,resnet,pfam
WCYKMVHQFDGRLITNEASP,0.8880023714252786,0.6471572746734541,multiclass,custom,pfam
WCYKMVHQFDGRLITNEASP,0.9455435500097831,0.7698268930369283,multiclass,resnet,pfam
WCYKMVHQFDGRLITNEASP,0.8855674667884266,0.6351554427421668,multiclass,custom,pfam
WCYKMVHQFDGRLITNEASP,0.9471163133108558,0.7384253281079933,multiclass,resnet,pfam
WCYKMVHQFDGRLITNEASP,0.8833011685758294,0.6311253845033453,multiclass,custom,pfam
WCYKMVHQFDGRLITNEASP,0.9418906105100788,0.7494102991727842,multiclass,resnet,pfam
WCYKMVHQFDGRLITNEASP,0.8851249621949723,0.633381818231323,multiclass,custom,pfam
WCYKMVHQFDGRLITNEASP,0.9367553722037755,0.7531004691773209,multiclass,resnet,pfam
WCYKMVHQFDGRLITNEASP,0.8800190972738765,0.6227580229385277,multiclass,custom,pfam
WCYKMVHQFDGRLITNEASP,0.9375956326982273,0.7656745467119105,multiclass,resnet,pfam
WCYKMVHQFDGRLITNEASP,0.8812478365848537,0.6302561897474431,multiclass,custom,pfam
WCYKMVHQFDGRLITNEASP,0.9375233991272536,0.7123030056748468,multiclass,resnet,pfam
WCYKMVHQFDGRLITNEASP,0.874963986708164,0.6066420321379047,multiclass,custom,pfam
WCYKMVHQFDGRLITNEASP,0.939594549292272,0.7534504281072744,multiclass,resnet,pfam
WCYKMVHQFDGRLITNEASP,0.8807341723803542,0.6307317362458538,multiclass,custom,pfam
WCYKMVHQFDGRLITNEASP,0.9406628299841181,0.7398333818362316,multiclass,resnet,pfam
WCYKMVHQFDGRLITNEASP,0.8800209211673249,0.619868980886504,multiclass,custom,pfam
WCYKMVHQFDGRLITNEASP,0.9404479029873007,0.7477381441625678,multiclass,resnet,pfam
WCYKMVHQFDGRLITNEASP,0.8867968958541107,0.6477521358833996,multiclass,custom,pfam
WCYKMVHQFDGRLITNEASP,0.9442553501697452,0.7694316518893399,multiclass,resnet,pfam
WCYKMVHQFDGRLITNEASP,0.8876217812603528,0.6462606801439639,multiclass,custom,pfam
WCYKMVHQFDGRLITNEASP,0.9470288543367585,0.7711207229161966,multiclass,resnet,pfam
WCYKMVHQFDGRLITNEASP,0.8889691697506598,0.6477871534424897,multiclass,custom,pfam
WCYKMVHQFDGRLITNEASP,0.9425762074660836,0.7627242074527573,multiclass,resnet,pfam
WCYKMVHQFDGRLITNEASP,0.8846055688148324,0.6350777713658676,multiclass,custom,pfam
WCYKMVHQFDGRLITNEASP,0.9453274291551403,0.7772630400380732,multiclass,resnet,pfam
WCYKMVHQFDGRLITNEASP,0.8877652653640629,0.6404189861174773,multiclass,custom,pfam
WCYKMVHQFDGRLITNEASP,0.9395375570801303,0.7485100803752661,multiclass,resnet,pfam
WCYKMVHQFDGRLITNEASP,0.8829712028124316,0.6375055216723399,multiclass,custom,pfam
WCYKMVHQFDGRLITNEASP,0.9222716449479738,0.608924149096843,multiclass,resnet,pfam
WCYKMVHQFDGRLITNEASP,0.8828625182997681,0.6230548556402281,multiclass,custom,pfam
WCYKMVHQFDGRLITNEASP,0.9461657752838303,0.7711865039460191,multiclass,resnet,pfam
WCYKMVHQFDGRLITNEASP,0.8840137514359375,0.6340185793581693,multiclass,custom,pfam
WCYKMVHQFDGRLITNEASP,0.9372140537037176,0.73841255812086,multiclass,resnet,pfam
WCYKMVHQFDGRLITNEASP,0.8781432129347726,0.6174160149385802,multiclass,custom,pfam
WCYKMVHQFDGRLITNEASP,0.9327650171572305,0.7476144445274351,multiclass,resnet,pfam
WCYKMVHQFDGRLITNEASP,0.8793815470577803,0.6162165674501711,multiclass,custom,pfam
WCYKMVHQFDGRLITNEASP,0.9402837500287038,0.7358772737912395,multiclass,resnet,pfam
WCYKMVHQFDGRLITNEASP,0.8799762604142517,0.6257124532689021,multiclass,custom,pfam
WCYKMVHQFDGRLITNEASP,0.9425546356550285,0.7655697082422424,multiclass,resnet,pfam
WCYKMVHQFDGRLITNEASP,0.8858402851654613,0.6454544710849219,multiclass,custom,pfam
WCYKMVHQFDGRLITNEASP,0.9356265026280848,0.7399661731146953,multiclass,resnet,pfam
WCYKMVHQFDGRLITNEASP,0.8841547946236264,0.6340001427942358,multiclass,custom,pfam
WCYKMVHQFDGRLITNEASP,0.9378695986686795,0.7491965013326706,multiclass,resnet,pfam
WCYKMVHQFDGRLITNEASP,0.8870262950281435,0.6403240222621784,multiclass,custom,pfam
WCYKMVHQFDGRLITNEASP,0.9417955552719114,0.7343267615962518,multiclass,resnet,pfam
WCYKMVHQFDGRLITNEASP,0.8904703946242882,0.6390107774382452,multiclass,custom,pfam
WCYKMVHQFDGRLITNEASP,0.9440330090964693,0.7666722943689862,multiclass,resnet,pfam
WCYKMVHQFDGRLITNEASP,0.8758350911069848,0.6114232192912601,multiclass,custom,pfam
WCYKMVHQFDGRLITNEASP,0.9356319942321601,0.7486398083719928,multiclass,resnet,pfam
WCYKMVHQFDGRLITNEASP,0.8830126471862151,0.6314614236923453,multiclass,custom,pfam
WCYKMVHQFDGRLITNEASP,0.9319230507235753,0.7199355531636187,multiclass,resnet,pfam
WCYKMVHQFDGRLITNEASP,0.8799316225285381,0.6280679685713135,multiclass,custom,pfam
WCYKMVHQFDGRLITNEASP,0.9429734724360817,0.758204195377915,multiclass,resnet,pfam
WCYKMVHQFDGRLITNEASP,0.8791129624680212,0.615059469515429,multiclass,custom,pfam
WCYKMVHQFDGRLITNEASP,0.9423223077084508,0.7755829553959617,multiclass,resnet,pfam
WCYKMVHQFDGRLITNEASP,0.8848172174139515,0.6342474943266658,multiclass,custom,pfam
WCYKMVHQFDGRLITNEASP,0.9430734097474318,0.7692780618224946,multiclass,resnet,pfam
WCYKMVHQFDGRLITNEASP,0.884653561768776,0.6383357199133075,multiclass,custom,pfam
WCYKMVHQFDGRLITNEASP,0.945665929021016,0.7704367645168818,multiclass,resnet,pfam
WCYKMVHQFDGRLITNEASP,0.8799880107282962,0.6227268619291946,multiclass,custom,pfam
WCYKMVHQFDGRLITNEASP,0.938516546833292,0.7734008881321072,multiclass,resnet,pfam
WCYKMVHQFDGRLITNEASP,0.8861603994465816,0.63994659971976,multiclass,custom,pfam
WCYKMVHQFDGRLITNEASP,0.9401666336620856,0.7656030046899638,multiclass,resnet,pfam
WCYKMVHQFDGRLITNEASP,0.8787702377187185,0.6239618797442329,multiclass,custom,pfam
WCYKMVHQFDGRLITNEASP,0.9402598266504445,0.7502009176056785,multiclass,resnet,pfam
WCYKMVHQFDGRLITNEASP,0.8866224249892604,0.6387181050551111,multiclass,custom,pfam
WCYKMVHQFDGRLITNEASP,0.9450417262891857,0.7796675353609018,multiclass,resnet,pfam
WCYKMVHQFDGRLITNEASP,0.8770153910184566,0.6130115950043447,multiclass,custom,pfam
WCYKMVHQFDGRLITNEASP,0.9409116661775816,0.7347129987412458,multiclass,resnet,pfam
WCYKMVHQFDGRLITNEASP,0.8849836143503034,0.6301124322370579,multiclass,custom,pfam
WCYKMVHQFDGRLITNEASP,0.9439585477325607,0.7673959065923968,multiclass,resnet,pfam
WCYKMVHQFDGRLITNEASP,0.885039193481991,0.6363041042399172,multiclass,custom,pfam
WCYKMVHQFDGRLITNEASP,0.9408329808223318,0.7743802379062406,multiclass,resnet,pfam
WCYKMVHQFDGRLITNEASP,0.8838498568142488,0.6260553288638387,multiclass,custom,pfam
WCYKMVHQFDGRLITNEASP,0.9428634737524166,0.7579347584879896,multiclass,resnet,pfam
WCYKMVHQFDGRLITNEASP,0.881008723317626,0.6282565343808325,multiclass,custom,pfam
WCYKMVHQFDGRLITNEASP,0.9451506029599968,0.7694211799598392,multiclass,resnet,pfam
WCYKMVHQFDGRLITNEASP,0.8895424199678935,0.6477235363483366,multiclass,custom,pfam
WCYKMVHQFDGRLITNEASP,0.9376696905650646,0.7554633620476883,multiclass,resnet,pfam
WCYKMVHQFDGRLITNEASP,0.8837323899809721,0.6277993009307358,multiclass,custom,pfam
WCYKMVHQFDGRLITNEASP,0.9431142712330172,0.7591807464604953,multiclass,resnet,pfam
WCYKMVHQFDGRLITNEASP,0.8790736240064698,0.6192260413065054,multiclass,custom,pfam
WCYKMVHQFDGRLITNEASP,0.9374213983152353,0.7261000608613293,multiclass,resnet,pfam
WCYKMVHQFDGRLITNEASP,0.879239675206587,0.6202019403917355,multiclass,custom,pfam
WCYKMVHQFDGRLITNEASP,0.94224393432828,0.774322667470251,multiclass,resnet,pfam
WCYKMVHQFDGRLITNEASP,0.8822938642088077,0.6335425159285379,multiclass,custom,pfam
WCYKMVHQFDGRLITNEASP,0.935515723377278,0.7165779088560141,multiclass,resnet,pfam
WCYKMVHQFDGRLITNEASP,0.8865737334621683,0.6385240568208695,multiclass,custom,pfam
WCYKMVHQFDGRLITNEASP,0.9404317024002229,0.7437480139613939,multiclass,resnet,pfam
WCYKMVHQFDGRLITNEASP,0.8845962903926663,0.6302888524304654,multiclass,custom,pfam
WCYKMVHQFDGRLITNEASP,0.9379564398985323,0.7403994852253033,multiclass,resnet,pfam
WCYKMVHQFDGRLITNEASP,0.8849855010111313,0.6341918760492451,multiclass,custom,pfam
WCYKMVHQFDGRLITNEASP,0.9491474208712761,0.7651179687554925,multiclass,resnet,pfam
WCYKMVHQFDGRLITNEASP,0.8805400483660042,0.6115455097449979,multiclass,custom,pfam
WCYKMVHQFDGRLITNEASP,0.9359698660294132,0.7218528527959978,multiclass,resnet,pfam
WCYKMVHQFDGRLITNEASP,0.8819471166185995,0.6290953012539175,multiclass,custom,pfam
WCYKMVHQFDGRLITNEASP,0.9404279594734802,0.7572396869137842,multiclass,resnet,pfam
WCYKMVHQFDGRLITNEASP,0.8785118090223202,0.6146471172827963,multiclass,custom,pfam
WCYKMVHQFDGRLITNEASP,0.9420952791682085,0.77519783951733,multiclass,resnet,pfam
WCYKMVHQFDGRLITNEASP,0.8881423918349295,0.6420040027098712,multiclass,custom,pfam
WCYKMVHQFDGRLITNEASP,0.9456877951392831,0.7672570719519927,multiclass,resnet,pfam
WCYKMVHQFDGRLITNEASP,0.8828007391569782,0.6221923382171682,multiclass,custom,pfam
WCYKMVHQFDGRLITNEASP,0.9404426996890078,0.7533551822923761,multiclass,resnet,pfam
WCYKMVHQFDGRLITNEASP,0.8824206030807386,0.6382008310819238,multiclass,custom,pfam
WCYKMVHQFDGRLITNEASP,0.9468781643871889,0.7799429344719739,multiclass,resnet,pfam
WCYKMVHQFDGRLITNEASP,0.8837989358893283,0.6435523831100138,multiclass,custom,pfam
WCYKMVHQFDGRLITNEASP,0.9388299827908042,0.7358594956855182,multiclass,resnet,pfam
WCYKMVHQFDGRLITNEASP,0.8786970154365189,0.6199640011714619,multiclass,custom,pfam
WCYKMVHQFDGRLITNEASP,0.94006967764452,0.7497467517875778,multiclass,resnet,pfam
WCYKMVHQFDGRLITNEASP,0.8837765957335296,0.636653454893931,multiclass,custom,pfam
WCYKMVHQFDGRLITNEASP,0.9420369803621569,0.7816975435216303,multiclass,resnet,pfam
WCYKMVHQFDGRLITNEASP,0.8910334782637352,0.6566995052647261,multiclass,custom,pfam
WCYKMVHQFDGRLITNEASP,0.9366088669079875,0.7541609279150754,multiclass,resnet,pfam
WCYKMVHQFDGRLITNEASP,0.8823741809669879,0.6186989759857794,multiclass,custom,pfam
WCYKMVHQFDGRLITNEASP,0.9363375897067874,0.756289481116536,multiclass,resnet,pfam
WCYKMVHQFDGRLITNEASP,0.8890516392235414,0.6560859012735432,multiclass,custom,pfam
WCYKMVHQFDGRLITNEASP,0.9446729134325142,0.7715534298153318,multiclass,resnet,pfam
WCYKMVHQFDGRLITNEASP,0.8889041727877187,0.6422028489467906,multiclass,custom,pfam
WCYKMVHQFDGRLITNEASP,0.9462267116199294,0.7771989823013876,multiclass,resnet,pfam
WCYKMVHQFDGRLITNEASP,0.8836257687190245,0.6255534672666123,multiclass,custom,pfam
WCYKMVHQFDGRLITNEASP,0.9424517073249892,0.7633087923159023,multiclass,resnet,pfam
WCYKMVHQFDGRLITNEASP,0.8844642964979073,0.6362603695252199,multiclass,custom,pfam
WCYKMVHQFDGRLITNEASP,0.9385905443023889,0.7341928614004728,multiclass,resnet,pfam
WCYKMVHQFDGRLITNEASP,0.8811422575214884,0.6191382320635533,multiclass,custom,pfam
WCYKMVHQFDGRLITNEASP,0.9406921324039343,0.7477510885335376,multiclass,resnet,pfam
WCYKMVHQFDGRLITNEASP,0.8854737581700528,0.6418516555260017,multiclass,custom,pfam
WCYKMVHQFDGRLITNEASP,0.9441985424049839,0.7714371131435666,multiclass,resnet,pfam
WCYKMVHQFDGRLITNEASP,0.8856765849655824,0.6292374172754823,multiclass,custom,pfam
WCYKMVHQFDGRLITNEASP,0.9447395233589745,0.7854301985679274,multiclass,resnet,pfam
WCYKMVHQFDGRLITNEASP,0.8873746513275801,0.6460288171742496,multiclass,custom,pfam
WCYKMVHQFDGRLITNEASP,0.9427668012689011,0.7789252541082698,multiclass,resnet,pfam
WCYKMVHQFDGRLITNEASP,0.8840715771801865,0.6304226102907741,multiclass,custom,pfam
WCYKMVHQFDGRLITNEASP,0.9379393839261386,0.7501807672039952,multiclass,resnet,pfam
WCYKMVHQFDGRLITNEASP,0.8816261850648521,0.6270732766470981,multiclass,custom,pfam
WCYKMVHQFDGRLITNEASP,0.9320896359791944,0.6887339367578903,multiclass,resnet,pfam
WCYKMVHQFDGRLITNEASP,0.8859333816676855,0.6417676682946071,multiclass,custom,pfam
WCYKMVHQFDGRLITNEASP,0.9366715574817441,0.7423751981215342,multiclass,resnet,pfam
WCYKMVHQFDGRLITNEASP,0.8767008719440277,0.6145962127295558,multiclass,custom,pfam
WCYKMVHQFDGRLITNEASP,0.9350196204974749,0.7130053228605451,multiclass,resnet,pfam
WCYKMVHQFDGRLITNEASP,0.8867856462148792,0.6429926667349097,multiclass,custom,pfam
WCYKMVHQFDGRLITNEASP,0.9420167880905799,0.7681297393643763,multiclass,resnet,pfam
WCYKMVHQFDGRLITNEASP,0.8751382951040846,0.6111031150544782,multiclass,custom,pfam
WCYKMVHQFDGRLITNEASP,0.9431663448599178,0.7724430625202725,multiclass,resnet,pfam
WCYKMVHQFDGRLITNEASP,0.8789042354236759,0.6206977337723073,multiclass,custom,pfam
WCYKMVHQFDGRLITNEASP,0.9367479100124643,0.7355904548349623,multiclass,resnet,pfam
WCYKMVHQFDGRLITNEASP,0.8765528665672097,0.6168325423707899,multiclass,custom,pfam
WCYKMVHQFDGRLITNEASP,0.947633379553368,0.782520028329429,multiclass,resnet,pfam
WCYKMVHQFDGRLITNEASP,0.8853022796902366,0.635194044553875,multiclass,custom,pfam
WCYKMVHQFDGRLITNEASP,0.9436761113368431,0.7578359952135061,multiclass,resnet,pfam
WCYKMVHQFDGRLITNEASP,0.8829456898291689,0.6383198787624368,multiclass,custom,pfam
WCYKMVHQFDGRLITNEASP,0.9350981239911784,0.7453159007912412,multiclass,resnet,pfam
WCYKMVHQFDGRLITNEASP,0.8890477647461006,0.6473412178741857,multiclass,custom,pfam
WCYKMVHQFDGRLITNEASP,0.9420702281891303,0.7813111721588127,multiclass,resnet,pfam
WCYKMVHQFDGRLITNEASP,0.8751525484203002,0.6167980372611678,multiclass,custom,pfam
WCYKMVHQFDGRLITNEASP,0.9343273859887258,0.7165748477043172,multiclass,resnet,pfam
WCYKMVHQFDGRLITNEASP,0.884995864004406,0.6406303678409071,multiclass,custom,pfam
WCYKMVHQFDGRLITNEASP,0.9423883708188795,0.759694030213754,multiclass,resnet,pfam
WCYKMVHQFDGRLITNEASP,0.8875635806709262,0.6403187822676685,multiclass,custom,pfam
WCYKMVHQFDGRLITNEASP,0.9406392863578554,0.745667809869803,multiclass,resnet,pfam
WCYKMVHQFDGRLITNEASP,0.8851470449016784,0.641643949482706,multiclass,custom,pfam
WCYKMVHQFDGRLITNEASP,0.9446338536066818,0.7884320783292871,multiclass,resnet,pfam
WCYKMVHQFDGRLITNEASP,0.8837498959845076,0.6265202966105624,multiclass,custom,pfam
WCYKMVHQFDGRLITNEASP,0.9414733524383131,0.7658635756776274,multiclass,resnet,pfam
WCYKMVHQFDGRLITNEASP,0.8853110631770775,0.6403075033857842,multiclass,custom,pfam
WCYKMVHQFDGRLITNEASP,0.9375439730314815,0.7464605979057153,multiclass,resnet,pfam
WCYKMVHQFDGRLITNEASP,0.8781594050282392,0.613695889816422,multiclass,custom,pfam
WCYKMVHQFDGRLITNEASP,0.9362114176726871,0.7504136386283259,multiclass,resnet,pfam
WCYKMVHQFDGRLITNEASP,0.8852679817013402,0.6398726141650254,multiclass,custom,pfam
WCYKMVHQFDGRLITNEASP,0.9393174124870584,0.7589688184434188,multiclass,resnet,pfam
WCYKMVHQFDGRLITNEASP,0.8798818841815059,0.6199902516565832,multiclass,custom,pfam
WCYKMVHQFDGRLITNEASP,0.943565304798922,0.778092668209078,multiclass,resnet,pfam
WCYKMVHQFDGRLITNEASP,0.8853696477035735,0.6400265264766105,multiclass,custom,pfam
WCYKMVHQFDGRLITNEASP,0.9336745409517594,0.7489541323457438,multiclass,resnet,pfam
WCYKMVHQFDGRLITNEASP,0.8875515141888564,0.6529428169008327,multiclass,custom,pfam
WCYKMVHQFDGRLITNEASP,0.9383007590427624,0.7521521719669658,multiclass,resnet,pfam
WCYKMVHQFDGRLITNEASP,0.8889916489220537,0.6502843534759362,multiclass,custom,pfam
WCYKMVHQFDGRLITNEASP,0.9433261904394495,0.7572437546200964,multiclass,resnet,pfam
WCYKMVHQFDGRLITNEASP,0.8826806934852381,0.6326258740266416,multiclass,custom,pfam
WCYKMVHQFDGRLITNEASP,0.940963865531344,0.7694910486443397,multiclass,resnet,pfam
WCYKMVHQFDGRLITNEASP,0.882900483565043,0.6334270126949184,multiclass,custom,pfam
WCYKMVHQFDGRLITNEASP,0.9442513209723474,0.7434957967469019,multiclass,resnet,pfam
WCYKMVHQFDGRLITNEASP,0.884991094415718,0.6323507642238659,multiclass,custom,pfam
WCYKMVHQFDGRLITNEASP,0.9441002725400374,0.779275200316674,multiclass,resnet,pfam
WCYKMVHQFDGRLITNEASP,0.8820266157662895,0.6330843985674726,multiclass,custom,pfam
WCYKMVHQFDGRLITNEASP,0.9380985511739948,0.7582341434535976,multiclass,resnet,pfam
WCYKMVHQFDGRLITNEASP,0.8830794062617178,0.63421250994106,multiclass,custom,pfam
WCYKMVHQFDGRLITNEASP,0.9419717064276731,0.7415098865979073,multiclass,resnet,pfam
WCYKMVHQFDGRLITNEASP,0.8830793770047404,0.6198324660560717,multiclass,custom,pfam
WCYKMVHQFDGRLITNEASP,0.9382220458223942,0.7646154676256048,multiclass,resnet,pfam
WCYKMVHQFDGRLITNEASP,0.8812416630123392,0.6330850278493394,multiclass,custom,pfam
WCYKMVHQFDGRLITNEASP,0.940194276173151,0.7614037439295626,multiclass,resnet,pfam
WCYKMVHQFDGRLITNEASP,0.8838300637732633,0.638657155924753,multiclass,custom,pfam
WCYKMVHQFDGRLITNEASP,0.9464333322678306,0.7672586572590837,multiclass,resnet,pfam
WCYKMVHQFDGRLITNEASP,0.8803500358000615,0.626036761396646,multiclass,custom,pfam
WCYKMVHQFDGRLITNEASP,0.9408774948491271,0.7603104751802673,multiclass,resnet,pfam
WCYKMVHQFDGRLITNEASP,0.8849858410707505,0.641248397850209,multiclass,custom,pfam
WCYKMVHQFDGRLITNEASP,0.943936838119402,0.7503616541012379,multiclass,resnet,pfam
WCYKMVHQFDGRLITNEASP,0.8881146673398337,0.6379504938289696,multiclass,custom,pfam
WCYKMVHQFDGRLITNEASP,0.9390052108115867,0.7483156049171698,multiclass,resnet,pfam
WCYKMVHQFDGRLITNEASP,0.8798975271384363,0.6141186867991685,multiclass,custom,pfam
WCYKMVHQFDGRLITNEASP,0.9398891715685316,0.7238291091667184,multiclass,resnet,pfam
WCYKMVHQFDGRLITNEASP,0.8839699283021906,0.6382961265737366,multiclass,custom,pfam
WCYKMVHQFDGRLITNEASP,0.9404654537050448,0.7592944623750421,multiclass,resnet,pfam
WCYKMVHQFDGRLITNEASP,0.8826220913878841,0.6361148216464858,multiclass,custom,pfam
WCYKMVHQFDGRLITNEASP,0.9468726734029544,0.7784503804674886,multiclass,resnet,pfam
WCYKMVHQFDGRLITNEASP,0.885892536629609,0.6386955211435283,multiclass,custom,pfam
WCYKMVHQFDGRLITNEASP,0.94216270978564,0.7673036798309907,multiclass,resnet,pfam
WCYKMVHQFDGRLITNEASP,0.8850176760507491,0.6329446206455664,multiclass,custom,pfam
WCYKMVHQFDGRLITNEASP,0.9434370100701797,0.7576614708595756,multiclass,resnet,pfam
WCYKMVHQFDGRLITNEASP,0.8872056920291689,0.6367334477222573,multiclass,custom,pfam
WCYKMVHQFDGRLITNEASP,0.9415646169023347,0.7404258635334076,multiclass,resnet,pfam
WCYKMVHQFDGRLITNEASP,0.8785852583566408,0.6167165914170295,multiclass,custom,pfam
WCYKMVHQFDGRLITNEASP,0.9337217491288194,0.7142306342407067,multiclass,resnet,pfam
WCYKMVHQFDGRLITNEASP,0.888161463724056,0.6474775806843345,multiclass,custom,pfam
WCYKMVHQFDGRLITNEASP,0.9434422908790557,0.761128493649238,multiclass,resnet,pfam
WCYKMVHQFDGRLITNEASP,0.8900552136163306,0.6563248211516901,multiclass,custom,pfam
WCYKMVHQFDGRLITNEASP,0.9450058895255318,0.760055773108024,multiclass,resnet,pfam
WCYKMVHQFDGRLITNEASP,0.8841913390179199,0.6331554283849543,multiclass,custom,pfam
WCYKMVHQFDGRLITNEASP,0.9381826330835104,0.7417652870308982,multiclass,resnet,pfam
WCYKMVHQFDGRLITNEASP,0.8765638555822403,0.613970098923564,multiclass,custom,pfam
WCYKMVHQFDGRLITNEASP,0.936735556768515,0.7323115802131017,multiclass,resnet,pfam
WCYKMVHQFDGRLITNEASP,0.8785029435764692,0.6188719593394233,multiclass,custom,pfam
WCYKMVHQFDGRLITNEASP,0.9352648836843762,0.726536444295352,multiclass,resnet,pfam
WCYKMVHQFDGRLITNEASP,0.8868611830651142,0.6356548376201702,multiclass,custom,pfam
WCYKMVHQFDGRLITNEASP,0.9454696793824849,0.7687321314638389,multiclass,resnet,pfam
WCYKMVHQFDGRLITNEASP,0.8821315085500606,0.6280910639500287,multiclass,custom,pfam
WCYKMVHQFDGRLITNEASP,0.9434050866033774,0.7755128562688787,multiclass,resnet,pfam
WCYKMVHQFDGRLITNEASP,0.8856322885313181,0.6438630448463531,multiclass,custom,pfam
WCYKMVHQFDGRLITNEASP,0.9429682698541472,0.7541522946930431,multiclass,resnet,pfam
WCYKMVHQFDGRLITNEASP,0.8854384615356764,0.6410103490355638,multiclass,custom,pfam
WCYKMVHQFDGRLITNEASP,0.9403354414598676,0.7478015260096853,multiclass,resnet,pfam
WCYKMVHQFDGRLITNEASP,0.8853651647540947,0.63894760579972,multiclass,custom,pfam
WCYKMVHQFDGRLITNEASP,0.9440953682212303,0.7649243719259815,multiclass,resnet,pfam
WCYKMVHQFDGRLITNEASP,0.8866983539066154,0.6373112500101185,multiclass,custom,pfam
WCYKMVHQFDGRLITNEASP,0.9391841993020368,0.7372868913144288,multiclass,resnet,pfam
WCYKMVHQFDGRLITNEASP,0.8808696319985462,0.6216800189642777,multiclass,custom,pfam
WCYKMVHQFDGRLITNEASP,0.947388369827037,0.7875176351802902,multiclass,resnet,pfam
WCYKMVHQFDGRLITNEASP,0.8824445271260153,0.6331827863574171,multiclass,custom,pfam
WCYKMVHQFDGRLITNEASP,0.9444770416476409,0.7789171388048878,multiclass,resnet,pfam
WCYKMVHQFDGRLITNEASP,0.8836307123170327,0.6441292584922159,multiclass,custom,pfam
WCYKMVHQFDGRLITNEASP,0.9436351150325889,0.7734148123772405,multiclass,resnet,pfam
WCYKMVHQFDGRLITNEASP,0.8801648658291732,0.6230325173262379,multiclass,custom,pfam
WCYKMVHQFDGRLITNEASP,0.9443395534164646,0.771523200045318,multiclass,resnet,pfam
WCYKMVHQFDGRLITNEASP,0.8844755368407728,0.639567694741078,multiclass,custom,pfam
WCYKMVHQFDGRLITNEASP,0.9383971160726565,0.7295545918806903,multiclass,resnet,pfam
WCYKMVHQFDGRLITNEASP,0.8837413868916981,0.6391885469225768,multiclass,custom,pfam
WCYKMVHQFDGRLITNEASP,0.9390363234186909,0.7542853873732684,multiclass,resnet,pfam
WCYKMVHQFDGRLITNEASP,0.8826378683631446,0.6318783635765186,multiclass,custom,pfam
WCYKMVHQFDGRLITNEASP,0.938674155305231,0.7347106071115583,multiclass,resnet,pfam
WCYKMVHQFDGRLITNEASP,0.8896061812387384,0.6446365929609288,multiclass,custom,pfam
WCYKMVHQFDGRLITNEASP,0.945367640061411,0.7688839580648931,multiclass,resnet,pfam
WCYKMVHQFDGRLITNEASP,0.8837587284198228,0.6351591726882067,multiclass,custom,pfam
WCYKMVHQFDGRLITNEASP,0.9374810968313778,0.7471307944791669,multiclass,resnet,pfam
WCYKMVHQFDGRLITNEASP,0.8793046971595171,0.6179840096170892,multiclass,custom,pfam
WCYKMVHQFDGRLITNEASP,0.9455520094556723,0.7561380692162103,multiclass,resnet,pfam
WCYKMVHQFDGRLITNEASP,0.8840113469353026,0.6391235535306048,multiclass,custom,pfam
WCYKMVHQFDGRLITNEASP,0.9375139290556452,0.7745434663945873,multiclass,resnet,pfam
WCYKMVHQFDGRLITNEASP,0.8884301196394242,0.6505756264230859,multiclass,custom,pfam
WCYKMVHQFDGRLITNEASP,0.948684581441336,0.7812867122388416,multiclass,resnet,pfam
WCYKMVHQFDGRLITNEASP,0.8850450818761351,0.6350419412597957,multiclass,custom,pfam
WCYKMVHQFDGRLITNEASP,0.9420217373838818,0.7634955876651941,multiclass,resnet,pfam
WCYKMVHQFDGRLITNEASP,0.8873330451709656,0.639243591540548,multiclass,custom,pfam
WCYKMVHQFDGRLITNEASP,0.9447198650165884,0.7841661282966527,multiclass,resnet,pfam
WCYKMVHQFDGRLITNEASP,0.8864327767218494,0.6351461269387961,multiclass,custom,pfam
WCYKMVHQFDGRLITNEASP,0.9322193953490823,0.7336878640835567,multiclass,resnet,pfam
WCYKMVHQFDGRLITNEASP,0.8907680893055481,0.6527756201343409,multiclass,custom,pfam
WCYKMVHQFDGRLITNEASP,0.9449542836975915,0.7442936893417744,multiclass,resnet,pfam
WCYKMVHQFDGRLITNEASP,0.8746020003797298,0.6059036320030573,multiclass,custom,pfam
WCYKMVHQFDGRLITNEASP,0.922531583317703,0.663915679040822,multiclass,resnet,pfam
WCYKMVHQFDGRLITNEASP,0.8853434980392653,0.6317075302362678,multiclass,custom,pfam
WCYKMVHQFDGRLITNEASP,0.9392965400679598,0.7379795592266841,multiclass,resnet,pfam
WCYKMVHQFDGRLITNEASP,0.8818583419574345,0.6240968796088542,multiclass,custom,pfam
WCYKMVHQFDGRLITNEASP,0.9448952413713677,0.7388825583807156,multiclass,resnet,pfam
WCYKMVHQFDGRLITNEASP,0.8823817454207893,0.6245921321304518,multiclass,custom,pfam
WCYKMVHQFDGRLITNEASP,0.9409681512155167,0.75619550298302,multiclass,resnet,pfam
WCYKMVHQFDGRLITNEASP,0.8791371348122266,0.6264619362274859,multiclass,custom,pfam
WCYKMVHQFDGRLITNEASP,0.943597249255264,0.7727827649167895,multiclass,resnet,pfam
WCYKMVHQFDGRLITNEASP,0.8817240561982546,0.6203686423168291,multiclass,custom,pfam
WCYKMVHQFDGRLITNEASP,0.9397472638970392,0.7504760753855741,multiclass,resnet,pfam
WCYKMVHQFDGRLITNEASP,0.8816033155950571,0.628791227601716,multiclass,custom,pfam
WCYKMVHQFDGRLITNEASP,0.9413226515823971,0.7567252470174967,multiclass,resnet,pfam
WCYKMVHQFDGRLITNEASP,0.8840325298089484,0.6379321764906314,multiclass,custom,pfam
WCYKMVHQFDGRLITNEASP,0.9386541690453015,0.7584643525243924,multiclass,resnet,pfam
WCYKMVHQFDGRLITNEASP,0.8847894087295012,0.636099475325204,multiclass,custom,pfam
WCYKMVHQFDGRLITNEASP,0.9418472528675604,0.7551906670594111,multiclass,resnet,pfam
WCYKMVHQFDGRLITNEASP,0.8841326701856206,0.6305358330437996,multiclass,custom,pfam
WCYKMVHQFDGRLITNEASP,0.941859378269795,0.777414786288745,multiclass,resnet,pfam
WCYKMVHQFDGRLITNEASP,0.8901263520895342,0.654065591303208,multiclass,custom,pfam
WCYKMVHQFDGRLITNEASP,0.9329217212127077,0.7195337122298914,multiclass,resnet,pfam
WCYKMVHQFDGRLITNEASP,0.8882359723708119,0.6419631426850918,multiclass,custom,pfam
WCYKMVHQFDGRLITNEASP,0.9436768762236076,0.7530474398922589,multiclass,resnet,pfam
WCYKMVHQFDGRLITNEASP,0.8878971672267921,0.6499818495519737,multiclass,custom,pfam
WCYKMVHQFDGRLITNEASP,0.9483561212143476,0.7787880556028118,multiclass,resnet,pfam
WCYKMVHQFDGRLITNEASP,0.8870155280146358,0.6437258121481229,multiclass,custom,pfam
WCYKMVHQFDGRLITNEASP,0.9507631116753992,0.7762285353776802,multiclass,resnet,pfam
WCYKMVHQFDGRLITNEASP,0.8798613434871584,0.627055188890548,multiclass,custom,pfam
WCYKMVHQFDGRLITNEASP,0.9389123085862308,0.7344095553009946,multiclass,resnet,pfam
WCYKMVHQFDGRLITNEASP,0.8813669739845787,0.6258858314430531,multiclass,custom,pfam
WCYKMVHQFDGRLITNEASP,0.9379327409870178,0.7598772742068306,multiclass,resnet,pfam
WCYKMVHQFDGRLITNEASP,0.8900555216450531,0.6557215232038616,multiclass,custom,pfam
WCYKMVHQFDGRLITNEASP,0.9459544108995181,0.7732581601411623,multiclass,resnet,pfam
WCYKMVHQFDGRLITNEASP,0.8811551973218119,0.6255358337077884,multiclass,custom,pfam
WCYKMVHQFDGRLITNEASP,0.9396339958415323,0.7626824145221568,multiclass,resnet,pfam
WCYKMVHQFDGRLITNEASP,0.8766155159990218,0.6105935064341279,multiclass,custom,pfam
WCYKMVHQFDGRLITNEASP,0.9465239806727659,0.7819250697354038,multiclass,resnet,pfam
WCYKMVHQFDGRLITNEASP,0.8792507329169534,0.6253110526203096,multiclass,custom,pfam
WCYKMVHQFDGRLITNEASP,0.9394938244165557,0.734675241033108,multiclass,resnet,pfam
WCYKMVHQFDGRLITNEASP,0.8756844008663489,0.6148025865021732,multiclass,custom,pfam
WCYKMVHQFDGRLITNEASP,0.9425193483440802,0.781836773120197,multiclass,resnet,pfam
WCYKMVHQFDGRLITNEASP,0.8841169662890234,0.6238460019363529,multiclass,custom,pfam
WCYKMVHQFDGRLITNEASP,0.9330392031965861,0.6902462178525133,multiclass,resnet,pfam
WCYKMVHQFDGRLITNEASP,0.8861808778340492,0.6364758463359481,multiclass,custom,pfam
WCYKMVHQFDGRLITNEASP,0.9390892170514649,0.7502131399269342,multiclass,resnet,pfam
WCYKMVHQFDGRLITNEASP,0.8899575199439986,0.6563027545398514,multiclass,custom,pfam
WCYKMVHQFDGRLITNEASP,0.9382433020817649,0.7576972960288211,multiclass,resnet,pfam
WCYKMVHQFDGRLITNEASP,0.8764050302608861,0.6107196528305038,multiclass,custom,pfam
WCYKMVHQFDGRLITNEASP,0.9393155034698826,0.7430785184788269,multiclass,resnet,pfam
WCYKMVHQFDGRLITNEASP,0.8885674899793667,0.6454825122244963,multiclass,custom,pfam
WCYKMVHQFDGRLITNEASP,0.9447669637689418,0.7591422535703988,multiclass,resnet,pfam
WCYKMVHQFDGRLITNEASP,0.8796639737095797,0.6234554186219701,multiclass,custom,pfam
WCYKMVHQFDGRLITNEASP,0.9346678978809437,0.7274301912875794,multiclass,resnet,pfam
WCYKMVHQFDGRLITNEASP,0.8719909956808325,0.6048918232464926,multiclass,custom,pfam
WCYKMVHQFDGRLITNEASP,0.9448057823976888,0.7736603430832447,multiclass,resnet,pfam
WCYKMVHQFDGRLITNEASP,0.8834927747564827,0.625947354855197,multiclass,custom,pfam
WCYKMVHQFDGRLITNEASP,0.9402739167051358,0.7723923797265774,multiclass,resnet,pfam
WCYKMVHQFDGRLITNEASP,0.887810079386061,0.6454390750697311,multiclass,custom,pfam
WCYKMVHQFDGRLITNEASP,0.9433215970173542,0.7570737258419544,multiclass,resnet,pfam
WCYKMVHQFDGRLITNEASP,0.8878757397617271,0.654572155574486,multiclass,custom,pfam
WCYKMVHQFDGRLITNEASP,0.9422997808233614,0.7726302426056142,multiclass,resnet,pfam
WCYKMVHQFDGRLITNEASP,0.8898413521363089,0.6467494040845871,multiclass,custom,pfam
WCYKMVHQFDGRLITNEASP,0.9417069910957441,0.7366645579322445,multiclass,resnet,pfam
WCYKMVHQFDGRLITNEASP,0.8870670646123273,0.6421634931660879,multiclass,custom,pfam
WCYKMVHQFDGRLITNEASP,0.9481987428661002,0.7806167840834046,multiclass,resnet,pfam
WCYKMVHQFDGRLITNEASP,0.8841631241512511,0.635537969383845,multiclass,custom,pfam
WCYKMVHQFDGRLITNEASP,0.9308493564876515,0.7254112031252078,multiclass,resnet,pfam
WCYKMVHQFDGRLITNEASP,0.8814836299513178,0.6213891297168683,multiclass,custom,pfam
WCYKMVHQFDGRLITNEASP,0.9422333997361176,0.7600712684959381,multiclass,resnet,pfam
WCYKMVHQFDGRLITNEASP,0.8852516909587338,0.6268596610071716,multiclass,custom,pfam
WCYKMVHQFDGRLITNEASP,0.9374437736050509,0.7581349942375789,multiclass,resnet,pfam
WCYKMVHQFDGRLITNEASP,0.8858493869801901,0.6309276548590061,multiclass,custom,pfam
WCYKMVHQFDGRLITNEASP,0.9389616248055482,0.748285116655485,multiclass,resnet,pfam
WCYKMVHQFDGRLITNEASP,0.8863795799342201,0.6390679614655318,multiclass,custom,pfam
WCYKMVHQFDGRLITNEASP,0.9424378045474405,0.7563849544426862,multiclass,resnet,pfam
WCYKMVHQFDGRLITNEASP,0.8851212491801528,0.6386810222811066,multiclass,custom,pfam
WCYKMVHQFDGRLITNEASP,0.9436121739523973,0.7663605491744025,multiclass,resnet,pfam
WCYKMVHQFDGRLITNEASP,0.8800482611357342,0.6243235976203182,multiclass,custom,pfam
WCYKMVHQFDGRLITNEASP,0.9419313878355642,0.7407353958607565,multiclass,resnet,pfam
WCYKMVHQFDGRLITNEASP,0.8874695321116294,0.6430530376105132,multiclass,custom,pfam
WCYKMVHQFDGRLITNEASP,0.9466339890094492,0.7651097194169426,multiclass,resnet,pfam
WCYKMVHQFDGRLITNEASP,0.8806266192442079,0.6240310382817866,multiclass,custom,pfam
WCYKMVHQFDGRLITNEASP,0.9334670893822767,0.7182545526234623,multiclass,resnet,pfam
WCYKMVHQFDGRLITNEASP,0.8861740039089696,0.6398935205713394,multiclass,custom,pfam
WCYKMVHQFDGRLITNEASP,0.9420277510130308,0.7337983622063892,multiclass,resnet,pfam
WCYKMVHQFDGRLITNEASP,0.8853533739285344,0.641386963799083,multiclass,custom,pfam
WCYKMVHQFDGRLITNEASP,0.9408315798064152,0.7806219828478536,multiclass,resnet,pfam
WCYKMVHQFDGRLITNEASP,0.889220654207484,0.6538662110418734,multiclass,custom,pfam
WCYKMVHQFDGRLITNEASP,0.9480273849179518,0.7852564952002946,multiclass,resnet,pfam
WCYKMVHQFDGRLITNEASP,0.8870922104026061,0.6373671639275681,multiclass,custom,pfam
WCYKMVHQFDGRLITNEASP,0.9427252718206113,0.7649859963660155,multiclass,resnet,pfam
WCYKMVHQFDGRLITNEASP,0.8844924838099715,0.6385229296610476,multiclass,custom,pfam
WCYKMVHQFDGRLITNEASP,0.9435304438112068,0.7608075393193774,multiclass,resnet,pfam
WCYKMVHQFDGRLITNEASP,0.8813795024962893,0.624996813910155,multiclass,custom,pfam
WCYKMVHQFDGRLITNEASP,0.9443284928364326,0.7537205061568537,multiclass,resnet,pfam
WCYKMVHQFDGRLITNEASP,0.8857713542592369,0.633814314927256,multiclass,custom,pfam
WCYKMVHQFDGRLITNEASP,0.9402832852283595,0.7478777652096186,multiclass,resnet,pfam
WCYKMVHQFDGRLITNEASP,0.8898509185092079,0.6460238980678191,multiclass,custom,pfam
WCYKMVHQFDGRLITNEASP,0.9402832424224739,0.7578434941263447,multiclass,resnet,pfam
WCYKMVHQFDGRLITNEASP,0.8840627264532401,0.6411140223181647,multiclass,custom,pfam
WCYKMVHQFDGRLITNEASP,0.9451110503458036,0.7746911130378686,multiclass,resnet,pfam
WCYKMVHQFDGRLITNEASP,0.8886926371353828,0.6441024955991147,multiclass,custom,pfam
WCYKMVHQFDGRLITNEASP,0.9438044935050275,0.7582279091541528,multiclass,resnet,pfam
WCYKMVHQFDGRLITNEASP,0.8850050643541639,0.6350913324941774,multiclass,custom,pfam
WCYKMVHQFDGRLITNEASP,0.9398444415958356,0.7382332102228111,multiclass,resnet,pfam
WCYKMVHQFDGRLITNEASP,0.8803945036357781,0.6264862752399262,multiclass,custom,pfam
WCYKMVHQFDGRLITNEASP,0.9384147200214198,0.7511193940482038,multiclass,resnet,pfam
WCYKMVHQFDGRLITNEASP,0.8872672561240359,0.6389928231584322,multiclass,custom,pfam
WCYKMVHQFDGRLITNEASP,0.9366715716164059,0.7108537693170865,multiclass,resnet,pfam
WCYKMVHQFDGRLITNEASP,0.8827850726495459,0.6331558267893805,multiclass,custom,pfam
WCYKMVHQFDGRLITNEASP,0.9435097789085007,0.7598988860811315,multiclass,resnet,pfam
WCYKMVHQFDGRLITNEASP,0.8846599030496373,0.6363411981922364,multiclass,custom,pfam
WCYKMVHQFDGRLITNEASP,0.94357332603371,0.7654597445147525,multiclass,resnet,pfam
WCYKMVHQFDGRLITNEASP,0.8876477629400045,0.643527709217191,multiclass,custom,pfam
WCYKMVHQFDGRLITNEASP,0.9402172479734062,0.7479430899720396,multiclass,resnet,pfam
WCYKMVHQFDGRLITNEASP,0.881631974219806,0.6271154496877969,multiclass,custom,pfam
WCYKMVHQFDGRLITNEASP,0.9422029933549092,0.7486901829877091,multiclass,resnet,pfam
WCYKMVHQFDGRLITNEASP,0.8879021300784757,0.6505843863264794,multiclass,custom,pfam
WCYKMVHQFDGRLITNEASP,0.943794028440841,0.763602452047475,multiclass,resnet,pfam
WCYKMVHQFDGRLITNEASP,0.8850144901173733,0.6278776888482275,multiclass,custom,pfam
WCYKMVHQFDGRLITNEASP,0.9425951656066293,0.7676044200352428,multiclass,resnet,pfam
WCYKMVHQFDGRLITNEASP,0.8784537723579394,0.6187856529157377,multiclass,custom,pfam
WCYKMVHQFDGRLITNEASP,0.9394598247188786,0.7397066726026956,multiclass,resnet,pfam
WCYKMVHQFDGRLITNEASP,0.8856119968823611,0.6413844054405818,multiclass,custom,pfam
WCYKMVHQFDGRLITNEASP,0.9380265263063666,0.7285140852371008,multiclass,resnet,pfam
WCYKMVHQFDGRLITNEASP,0.875067191381028,0.6125638033182336,multiclass,custom,pfam
WCYKMVHQFDGRLITNEASP,0.9312852157142579,0.7220179820101033,multiclass,resnet,pfam
WCYKMVHQFDGRLITNEASP,0.8843829580086349,0.6302507553351956,multiclass,custom,pfam
WCYKMVHQFDGRLITNEASP,0.9407708235115972,0.7234173468265291,multiclass,resnet,pfam
WCYKMVHQFDGRLITNEASP,0.8856848165664835,0.6305510002550806,multiclass,custom,pfam
WCYKMVHQFDGRLITNEASP,0.9436061251008588,0.7659585041959389,multiclass,resnet,pfam
WCYKMVHQFDGRLITNEASP,0.8809845866792043,0.6270363656144726,multiclass,custom,pfam
WCYKMVHQFDGRLITNEASP,0.9436028020749827,0.761328472416214,multiclass,resnet,pfam
WCYKMVHQFDGRLITNEASP,0.8864632986756587,0.6441292727193809,multiclass,custom,pfam
WCYKMVHQFDGRLITNEASP,0.9450116414082853,0.7776733638225348,multiclass,resnet,pfam
WCYKMVHQFDGRLITNEASP,0.8854271548397132,0.6383913648690573,multiclass,custom,pfam
WCYKMVHQFDGRLITNEASP,0.9322141215585468,0.700236787053715,multiclass,resnet,pfam
WCYKMVHQFDGRLITNEASP,0.8829939652112128,0.6415505140948243,multiclass,custom,pfam
WCYKMVHQFDGRLITNEASP,0.9337639566912012,0.7338845715409854,multiclass,resnet,pfam
WCYKMVHQFDGRLITNEASP,0.8837188012173959,0.6415318382161437,multiclass,custom,pfam
WCYKMVHQFDGRLITNEASP,0.9450344676611518,0.784279160737305,multiclass,resnet,pfam
WCYKMVHQFDGRLITNEASP,0.8887619356255982,0.6425449223112305,multiclass,custom,pfam
WCYKMVHQFDGRLITNEASP,0.9480550811069085,0.7727651942868761,multiclass,resnet,pfam
WCYKMVHQFDGRLITNEASP,0.8897474013108028,0.6508528257960468,multiclass,custom,pfam
WCYKMVHQFDGRLITNEASP,0.9454049030985207,0.7715640696783799,multiclass,resnet,pfam
WCYKMVHQFDGRLITNEASP,0.8877914232743533,0.6461647936261559,multiclass,custom,pfam
WCYKMVHQFDGRLITNEASP,0.9411396268327701,0.7589848924536045,multiclass,resnet,pfam
WCYKMVHQFDGRLITNEASP,0.8874119111574641,0.6329548294738819,multiclass,custom,pfam
WCYKMVHQFDGRLITNEASP,0.9478601884619872,0.7705690366007071,multiclass,resnet,pfam
WCYKMVHQFDGRLITNEASP,0.8898109310578042,0.6428463732447384,multiclass,custom,pfam
WCYKMVHQFDGRLITNEASP,0.9432742800581974,0.7692456607542819,multiclass,resnet,pfam
WCYKMVHQFDGRLITNEASP,0.881772922756241,0.6265608869817557,multiclass,custom,pfam
WCYKMVHQFDGRLITNEASP,0.9416111261805742,0.7564775587355553,multiclass,resnet,pfam
WCYKMVHQFDGRLITNEASP,0.8881068064776565,0.6357739370523937,multiclass,custom,pfam
WCYKMVHQFDGRLITNEASP,0.9429977588691416,0.7768205435532642,multiclass,resnet,pfam
WCYKMVHQFDGRLITNEASP,0.8854020958024635,0.6429265455471922,multiclass,custom,pfam
WCYKMVHQFDGRLITNEASP,0.9408037098329819,0.7453359555913938,multiclass,resnet,pfam
WCYKMVHQFDGRLITNEASP,0.8818848688642611,0.6278438547875788,multiclass,custom,pfam
WCYKMVHQFDGRLITNEASP,0.9409768160814181,0.7238639839645961,multiclass,resnet,pfam
WCYKMVHQFDGRLITNEASP,0.8862913718457364,0.632478802516878,multiclass,custom,pfam
WCYKMVHQFDGRLITNEASP,0.9399734483292315,0.7351018361910093,multiclass,resnet,pfam
WCYKMVHQFDGRLITNEASP,0.8903469657826824,0.6513647700290642,multiclass,custom,pfam
WCYKMVHQFDGRLITNEASP,0.9422080837139983,0.7639741764451383,multiclass,resnet,pfam
WCYKMVHQFDGRLITNEASP,0.88521249485122,0.6371394455829003,multiclass,custom,pfam
WCYKMVHQFDGRLITNEASP,0.9399589254414507,0.7569780092986133,multiclass,resnet,pfam
WCYKMVHQFDGRLITNEASP,0.8823537154760144,0.6289818679355099,multiclass,custom,pfam
WCYKMVHQFDGRLITNEASP,0.9416254936153658,0.7702222310331653,multiclass,resnet,pfam
WCYKMVHQFDGRLITNEASP,0.8806149450205719,0.6250493748638086,multiclass,custom,pfam
WCYKMVHQFDGRLITNEASP,0.9415904920214271,0.7703506093420979,multiclass,resnet,pfam
WCYKMVHQFDGRLITNEASP,0.8763928542028543,0.6092172178465085,multiclass,custom,pfam
WCYKMVHQFDGRLITNEASP,0.938848449419506,0.7492209431847925,multiclass,resnet,pfam
WCYKMVHQFDGRLITNEASP,0.8788427025970778,0.6139217235204387,multiclass,custom,pfam
WCYKMVHQFDGRLITNEASP,0.9418772724329967,0.7414161730833841,multiclass,resnet,pfam
WCYKMVHQFDGRLITNEASP,0.8833977970267887,0.6343079417128635,multiclass,custom,pfam
WCYKMVHQFDGRLITNEASP,0.9399776446602015,0.7459592028615074,multiclass,resnet,pfam
WCYKMVHQFDGRLITNEASP,0.8816990399606661,0.6188722730622291,multiclass,custom,pfam
WCYKMVHQFDGRLITNEASP,0.938309053975454,0.728426087373246,multiclass,resnet,pfam
WCYKMVHQFDGRLITNEASP,0.8861745559630748,0.6426772771878035,multiclass,custom,pfam
WCYKMVHQFDGRLITNEASP,0.9403536753526961,0.7267534056918655,multiclass,resnet,pfam
WCYKMVHQFDGRLITNEASP,0.8811045183699553,0.6237223559881327,multiclass,custom,pfam
WCYKMVHQFDGRLITNEASP,0.9424915735204176,0.7759997493348605,multiclass,resnet,pfam
WCYKMVHQFDGRLITNEASP,0.8813899355241228,0.6264199851720591,multiclass,custom,pfam
WCYKMVHQFDGRLITNEASP,0.9408817056592523,0.7565079458807742,multiclass,resnet,pfam
WCYKMVHQFDGRLITNEASP,0.8824814787783307,0.6277195553821755,multiclass,custom,pfam
WCYKMVHQFDGRLITNEASP,0.9443566329494848,0.7859635962741074,multiclass,resnet,pfam
WCYKMVHQFDGRLITNEASP,0.8862164590442235,0.6424538033520947,multiclass,custom,pfam
WCYKMVHQFDGRLITNEASP,0.9428258230635043,0.7681419401857374,multiclass,resnet,pfam
WCYKMVHQFDGRLITNEASP,0.8828548535477585,0.6360051891418326,multiclass,custom,pfam
WCYKMVHQFDGRLITNEASP,0.939698918607949,0.7650469434208791,multiclass,resnet,pfam
WCYKMVHQFDGRLITNEASP,0.8859617414193399,0.6353682460207489,multiclass,custom,pfam
WCYKMVHQFDGRLITNEASP,0.9416815286772863,0.7482318063790406,multiclass,resnet,pfam
WCYKMVHQFDGRLITNEASP,0.8815008067452862,0.626383604322476,multiclass,custom,pfam
WCYKMVHQFDGRLITNEASP,0.9398326606841657,0.7625994749521517,multiclass,resnet,pfam
WCYKMVHQFDGRLITNEASP,0.8876388223831825,0.6425000043169431,multiclass,custom,pfam
WCYKMVHQFDGRLITNEASP,0.9396895075708473,0.7508763293093859,multiclass,resnet,pfam
WCYKMVHQFDGRLITNEASP,0.8746148891721978,0.613128393308687,multiclass,custom,pfam
WCYKMVHQFDGRLITNEASP,0.9441178617468221,0.7774989339745284,multiclass,resnet,pfam
WCYKMVHQFDGRLITNEASP,0.8846045649302112,0.6366780668207944,multiclass,custom,pfam
WCYKMVHQFDGRLITNEASP,0.9277067339963885,0.7078570515975854,multiclass,resnet,pfam
WCYKMVHQFDGRLITNEASP,0.8821487647956967,0.6380924046336117,multiclass,custom,pfam
WCYKMVHQFDGRLITNEASP,0.9352663132990806,0.703420078693618,multiclass,resnet,pfam
WCYKMVHQFDGRLITNEASP,0.8855068623904987,0.637288220906681,multiclass,custom,pfam
WCYKMVHQFDGRLITNEASP,0.9407828424184814,0.7637173139855771,multiclass,resnet,pfam
WCYKMVHQFDGRLITNEASP,0.8834698831751447,0.6344151500668753,multiclass,custom,pfam
WCYKMVHQFDGRLITNEASP,0.9407727486221177,0.765845604567762,multiclass,resnet,pfam
WCYKMVHQFDGRLITNEASP,0.8788541388378043,0.6168143901553094,multiclass,custom,pfam
WCYKMVHQFDGRLITNEASP,0.9421643163205884,0.7527389249018225,multiclass,resnet,pfam
WCYKMVHQFDGRLITNEASP,0.8824163300805765,0.6230549573626247,multiclass,custom,pfam
WCYKMVHQFDGRLITNEASP,0.9425847591116657,0.759702668992653,multiclass,resnet,pfam
WCYKMVHQFDGRLITNEASP,0.8830508531805734,0.6280672392613564,multiclass,custom,pfam
WCYKMVHQFDGRLITNEASP,0.9435403656377458,0.7795205707223961,multiclass,resnet,pfam
WCYKMVHQFDGRLITNEASP,0.8903331764039933,0.6490534836932056,multiclass,custom,pfam
WCYKMVHQFDGRLITNEASP,0.9418274034285637,0.7659178890536762,multiclass,resnet,pfam
WCYKMVHQFDGRLITNEASP,0.8828842595257866,0.633276613831638,multiclass,custom,pfam
WCYKMVHQFDGRLITNEASP,0.9450115301531614,0.7648939636264631,multiclass,resnet,pfam
WCYKMVHQFDGRLITNEASP,0.881847547220465,0.613374606615127,multiclass,custom,pfam
WCYKMVHQFDGRLITNEASP,0.941056675583132,0.7157157355637664,multiclass,resnet,pfam
WCYKMVHQFDGRLITNEASP,0.8881726976827766,0.6500459971752042,multiclass,custom,pfam
WCYKMVHQFDGRLITNEASP,0.940723049111447,0.7630169916461262,multiclass,resnet,pfam
WCYKMVHQFDGRLITNEASP,0.8811881928206358,0.6319068294796514,multiclass,custom,pfam
WCYKMVHQFDGRLITNEASP,0.9362014852416388,0.7623062947505498,multiclass,resnet,pfam
WCYKMVHQFDGRLITNEASP,0.883942857171909,0.6381263017524936,multiclass,custom,pfam
WCYKMVHQFDGRLITNEASP,0.9456670688595533,0.7744383751335209,multiclass,resnet,pfam
WCYKMVHQFDGRLITNEASP,0.8838636512413881,0.6390689003632181,multiclass,custom,pfam
WCYKMVHQFDGRLITNEASP,0.9361472182697238,0.7257014656104736,multiclass,resnet,pfam
WCYKMVHQFDGRLITNEASP,0.8788597196139344,0.61133985102705,multiclass,custom,pfam
WCYKMVHQFDGRLITNEASP,0.9351063638765769,0.7119963276192144,multiclass,resnet,pfam
WCYKMVHQFDGRLITNEASP,0.8861446344845166,0.6471304486098266,multiclass,custom,pfam
WCYKMVHQFDGRLITNEASP,0.9427721267839914,0.7679571317645907,multiclass,resnet,pfam
WCYKMVHQFDGRLITNEASP,0.89134205031779,0.650407485100323,multiclass,custom,pfam
WCYKMVHQFDGRLITNEASP,0.9370739234163192,0.7198792210159275,multiclass,resnet,pfam
WCYKMVHQFDGRLITNEASP,0.8846454305218996,0.6362271861165525,multiclass,custom,pfam
WCYKMVHQFDGRLITNEASP,0.9441715902414973,0.7543558070682008,multiclass,resnet,pfam
WCYKMVHQFDGRLITNEASP,0.887293904465548,0.6396134807455778,multiclass,custom,pfam
WCYKMVHQFDGRLITNEASP,0.944174880066155,0.7811039770343979,multiclass,resnet,pfam
WCYKMVHQFDGRLITNEASP,0.882998904797485,0.6294013974663443,multiclass,custom,pfam
WCYKMVHQFDGRLITNEASP,0.9428586293256507,0.7729220043774467,multiclass,resnet,pfam
WCYKMVHQFDGRLITNEASP,0.8827638742560451,0.6375458481619342,multiclass,custom,pfam
WCYKMVHQFDGRLITNEASP,0.9421089685680627,0.7435342306925459,multiclass,resnet,pfam
WCYKMVHQFDGRLITNEASP,0.8798500458887354,0.6242895477833018,multiclass,custom,pfam
WCYKMVHQFDGRLITNEASP,0.9411887148506134,0.7496970399097317,multiclass,resnet,pfam
WCYKMVHQFDGRLITNEASP,0.8880012795848475,0.6442394305900498,multiclass,custom,pfam
WCYKMVHQFDGRLITNEASP,0.9329314809850648,0.742285435539636,multiclass,resnet,pfam
WCYKMVHQFDGRLITNEASP,0.8850269927177805,0.6328214071569677,multiclass,custom,pfam
WCYKMVHQFDGRLITNEASP,0.9298568164644682,0.7054166512829146,multiclass,resnet,pfam
WCYKMVHQFDGRLITNEASP,0.8809668756230419,0.6276496363233415,multiclass,custom,pfam
WCYKMVHQFDGRLITNEASP,0.9432062064094311,0.7607285840941467,multiclass,resnet,pfam
WCYKMVHQFDGRLITNEASP,0.8836359811956106,0.630860469226094,multiclass,custom,pfam
WCYKMVHQFDGRLITNEASP,0.940068873429642,0.7258548819158052,multiclass,resnet,pfam
WCYKMVHQFDGRLITNEASP,0.887265626541683,0.6314001571729527,multiclass,custom,pfam
WCYKMVHQFDGRLITNEASP,0.9451085309067719,0.7694912447782148,multiclass,resnet,pfam
WCYKMVHQFDGRLITNEASP,0.880578683487468,0.6198222793956244,multiclass,custom,pfam
WCYKMVHQFDGRLITNEASP,0.9454911071576826,0.7637654805606424,multiclass,resnet,pfam
WCYKMVHQFDGRLITNEASP,0.8791312587667617,0.616332410855616,multiclass,custom,pfam
WCYKMVHQFDGRLITNEASP,0.9415637982164737,0.7503891150308875,multiclass,resnet,pfam
WCYKMVHQFDGRLITNEASP,0.8887527267073387,0.6449355773742411,multiclass,custom,pfam
WCYKMVHQFDGRLITNEASP,0.9459312122123634,0.7727737566676958,multiclass,resnet,pfam
WCYKMVHQFDGRLITNEASP,0.8820480288492787,0.6275627629514244,multiclass,custom,pfam
WCYKMVHQFDGRLITNEASP,0.9416026656519868,0.7562805192351885,multiclass,resnet,pfam
WCYKMVHQFDGRLITNEASP,0.8816285918738804,0.6316416361024513,multiclass,custom,pfam
WCYKMVHQFDGRLITNEASP,0.9437622892493598,0.781092511937457,multiclass,resnet,pfam
WCYKMVHQFDGRLITNEASP,0.8843460995675592,0.6406607518166973,multiclass,custom,pfam
WCYKMVHQFDGRLITNEASP,0.938779351184932,0.7409168220896793,multiclass,resnet,pfam
WCYKMVHQFDGRLITNEASP,0.8844103929284636,0.645566296683269,multiclass,custom,pfam
WCYKMVHQFDGRLITNEASP,0.9359672644487356,0.7009561159093355,multiclass,resnet,pfam
WCYKMVHQFDGRLITNEASP,0.8781329039409513,0.616502634687943,multiclass,custom,pfam
WCYKMVHQFDGRLITNEASP,0.940743927258989,0.7455351982753702,multiclass,resnet,pfam
WCYKMVHQFDGRLITNEASP,0.8862098601625321,0.6465752194438068,multiclass,custom,pfam
WCYKMVHQFDGRLITNEASP,0.946475185470882,0.7808529775686852,multiclass,resnet,pfam
WCYKMVHQFDGRLITNEASP,0.8833167918951614,0.6325380315850572,multiclass,custom,pfam
WCYKMVHQFDGRLITNEASP,0.9376887507299265,0.7396814984362357,multiclass,resnet,pfam
WCYKMVHQFDGRLITNEASP,0.8846510189705665,0.6343025287773685,multiclass,custom,pfam
WCYKMVHQFDGRLITNEASP,0.93515614584125,0.6894682348250265,multiclass,resnet,pfam
WCYKMVHQFDGRLITNEASP,0.8760117230768147,0.6073143948369161,multiclass,custom,pfam
WCYKMVHQFDGRLITNEASP,0.9484115816542651,0.7737151318014295,multiclass,resnet,pfam
WCYKMVHQFDGRLITNEASP,0.8822355677756313,0.6340445020304335,multiclass,custom,pfam
WCYKMVHQFDGRLITNEASP,0.9379277731735947,0.7546321343280236,multiclass,resnet,pfam
WCYKMVHQFDGRLITNEASP,0.8864149586431564,0.6325317907121991,multiclass,custom,pfam
WCYKMVHQFDGRLITNEASP,0.9428302620489448,0.7733195403167658,multiclass,resnet,pfam
WCYKMVHQFDGRLITNEASP,0.880563973463579,0.6182384389014446,multiclass,custom,pfam
WCYKMVHQFDGRLITNEASP,0.9414341181704101,0.7818363270805839,multiclass,resnet,pfam
WCYKMVHQFDGRLITNEASP,0.8826682071811328,0.6357100061894487,multiclass,custom,pfam
WCYKMVHQFDGRLITNEASP,0.9441754717048136,0.7931174621797747,multiclass,resnet,pfam
WCYKMVHQFDGRLITNEASP,0.8813479236277759,0.6224145733158363,multiclass,custom,pfam
WCYKMVHQFDGRLITNEASP,0.9446346656145487,0.7707890138452103,multiclass,resnet,pfam
WCYKMVHQFDGRLITNEASP,0.887133605630965,0.6460262580598568,multiclass,custom,pfam
WCYKMVHQFDGRLITNEASP,0.9404998367622763,0.7473529190999035,multiclass,resnet,pfam
WCYKMVHQFDGRLITNEASP,0.8830492914491129,0.6327791213890885,multiclass,custom,pfam
WCYKMVHQFDGRLITNEASP,0.9428046018896596,0.7556859805855433,multiclass,resnet,pfam
WCYKMVHQFDGRLITNEASP,0.8804374886691415,0.6257633011930613,multiclass,custom,pfam
WCYKMVHQFDGRLITNEASP,0.9414819506659079,0.7500885494624272,multiclass,resnet,pfam
WCYKMVHQFDGRLITNEASP,0.884272047023509,0.6322688954044721,multiclass,custom,pfam
WCYKMVHQFDGRLITNEASP,0.9305767062131878,0.6999355131373388,multiclass,resnet,pfam
WCYKMVHQFDGRLITNEASP,0.8917530854854888,0.6554864620901513,multiclass,custom,pfam
WCYKMVHQFDGRLITNEASP,0.9387353685260669,0.7273914166440162,multiclass,resnet,pfam
WCYKMVHQFDGRLITNEASP,0.8850518230291936,0.6436712076762994,multiclass,custom,pfam
WCYKMVHQFDGRLITNEASP,0.9421011124356105,0.7560834047643035,multiclass,resnet,pfam
WCYKMVHQFDGRLITNEASP,0.8854398768363085,0.6404461894754723,multiclass,custom,pfam
WCYKMVHQFDGRLITNEASP,0.9452315347809147,0.774674264986132,multiclass,resnet,pfam
WCYKMVHQFDGRLITNEASP,0.8779709975635356,0.6186750379012869,multiclass,custom,pfam
WCYKMVHQFDGRLITNEASP,0.9436908478520716,0.7672675557365898,multiclass,resnet,pfam
WCYKMVHQFDGRLITNEASP,0.8830046720110432,0.6422620875161429,multiclass,custom,pfam
WCYKMVHQFDGRLITNEASP,0.9429018178531239,0.7770004975728461,multiclass,resnet,pfam
WCYKMVHQFDGRLITNEASP,0.8878882446797398,0.6402639708875186,multiclass,custom,pfam
WCYKMVHQFDGRLITNEASP,0.9465908812706351,0.7808147308839515,multiclass,resnet,pfam
WCYKMVHQFDGRLITNEASP,0.8869457908099333,0.6371277457069502,multiclass,custom,pfam
WCYKMVHQFDGRLITNEASP,0.9450102300963501,0.7614846703787912,multiclass,resnet,pfam
WCYKMVHQFDGRLITNEASP,0.8884814504023681,0.6400911910462396,multiclass,custom,pfam
WCYKMVHQFDGRLITNEASP,0.9472576363342304,0.7843821036749467,multiclass,resnet,pfam
WCYKMVHQFDGRLITNEASP,0.8861568076906492,0.6344479714324378,multiclass,custom,pfam
WCYKMVHQFDGRLITNEASP,0.9415652718587708,0.7652566068540392,multiclass,resnet,pfam
WCYKMVHQFDGRLITNEASP,0.8829820060372734,0.6336945183079044,multiclass,custom,pfam
WCYKMVHQFDGRLITNEASP,0.9421356291996981,0.7721472009084918,multiclass,resnet,pfam
WCYKMVHQFDGRLITNEASP,0.8818030267266888,0.6298639458034911,multiclass,custom,pfam
WCYKMVHQFDGRLITNEASP,0.9412701458436723,0.7587815057241235,multiclass,resnet,pfam
WCYKMVHQFDGRLITNEASP,0.8844280280565879,0.6435277902576443,multiclass,custom,pfam
WCYKMVHQFDGRLITNEASP,0.9476065173986227,0.7838703354078106,multiclass,resnet,pfam
WCYKMVHQFDGRLITNEASP,0.8813165477965395,0.6209371730843218,multiclass,custom,pfam
WCYKMVHQFDGRLITNEASP,0.9433541181809216,0.7801176112417141,multiclass,resnet,pfam
WCYKMVHQFDGRLITNEASP,0.8810017056003344,0.6266880063752319,multiclass,custom,pfam
WCYKMVHQFDGRLITNEASP,0.9447297367764316,0.7912970410448358,multiclass,resnet,pfam
WCYKMVHQFDGRLITNEASP,0.888052954827151,0.6489448743819917,multiclass,custom,pfam
WCYKMVHQFDGRLITNEASP,0.93581506469065,0.7270393648314831,multiclass,resnet,pfam
WCYKMVHQFDGRLITNEASP,0.8815980441056877,0.6202322878086757,multiclass,custom,pfam
WCYKMVHQFDGRLITNEASP,0.9403199354947566,0.7591487798479213,multiclass,resnet,pfam
WCYKMVHQFDGRLITNEASP,0.889749363734359,0.6574224959465695,multiclass,custom,pfam
WCYKMVHQFDGRLITNEASP,0.9362337976540596,0.7228232184227672,multiclass,resnet,pfam
WCYKMVHQFDGRLITNEASP,0.8765850593504515,0.6142528197475915,multiclass,custom,pfam
WCYKMVHQFDGRLITNEASP,0.9360998564459273,0.7475013594752037,multiclass,resnet,pfam
WCYKMVHQFDGRLITNEASP,0.8846340371947623,0.6402382845502836,multiclass,custom,pfam
WCYKMVHQFDGRLITNEASP,0.9411008101916039,0.7548154090749326,multiclass,resnet,pfam
WCYKMVHQFDGRLITNEASP,0.8883698802380937,0.6350817031134982,multiclass,custom,pfam
WCYKMVHQFDGRLITNEASP,0.9373342363157666,0.748352757898307,multiclass,resnet,pfam
WCYKMVHQFDGRLITNEASP,0.8862834477782664,0.649690215973494,multiclass,custom,pfam
WCYKMVHQFDGRLITNEASP,0.9396464285641384,0.7402655072797304,multiclass,resnet,pfam
WCYKMVHQFDGRLITNEASP,0.88153724302022,0.6191674821535813,multiclass,custom,pfam
WCYKMVHQFDGRLITNEASP,0.9391018653546384,0.7561758125326941,multiclass,resnet,pfam
WCYKMVHQFDGRLITNEASP,0.8883924467574923,0.6509523317338054,multiclass,custom,pfam
WCYKMVHQFDGRLITNEASP,0.9438592544785809,0.7601758182414763,multiclass,resnet,pfam
WCYKMVHQFDGRLITNEASP,0.8847919666444373,0.6441639071671452,multiclass,custom,pfam
WCYKMVHQFDGRLITNEASP,0.9420662492427597,0.7707797883156793,multiclass,resnet,pfam
WCYKMVHQFDGRLITNEASP,0.8885347522973068,0.6407355475548892,multiclass,custom,pfam
WCYKMVHQFDGRLITNEASP,0.9359312360184209,0.734846395075747,multiclass,resnet,pfam
WCYKMVHQFDGRLITNEASP,0.8858250202918327,0.6411259302270098,multiclass,custom,pfam
WCYKMVHQFDGRLITNEASP,0.9439778423178777,0.7532446470563936,multiclass,resnet,pfam
WCYKMVHQFDGRLITNEASP,0.8896041087712347,0.6503441532511636,multiclass,custom,pfam
WCYKMVHQFDGRLITNEASP,0.944201346490164,0.7896709137478342,multiclass,resnet,pfam
WCYKMVHQFDGRLITNEASP,0.8812158002223555,0.6234622932960152,multiclass,custom,pfam
WCYKMVHQFDGRLITNEASP,0.9358993832005826,0.7288518534193195,multiclass,resnet,pfam
WCYKMVHQFDGRLITNEASP,0.8879245371906528,0.6476284883910335,multiclass,custom,pfam
WCYKMVHQFDGRLITNEASP,0.9440746148182347,0.760897994603307,multiclass,resnet,pfam
WCYKMVHQFDGRLITNEASP,0.8787807194702948,0.631978022742392,multiclass,custom,pfam
WCYKMVHQFDGRLITNEASP,0.9465173778409273,0.7787594902941748,multiclass,resnet,pfam
WCYKMVHQFDGRLITNEASP,0.882935773430199,0.6264969075331421,multiclass,custom,pfam
WCYKMVHQFDGRLITNEASP,0.9444260400722643,0.7630387036631672,multiclass,resnet,pfam
WCYKMVHQFDGRLITNEASP,0.8824277411989169,0.625150998459169,multiclass,custom,pfam
WCYKMVHQFDGRLITNEASP,0.9459873270848155,0.7781694987945663,multiclass,resnet,pfam
WCYKMVHQFDGRLITNEASP,0.886526318161,0.6389755976973561,multiclass,custom,pfam
WCYKMVHQFDGRLITNEASP,0.9425362319217753,0.7774925414289022,multiclass,resnet,pfam
WCYKMVHQFDGRLITNEASP,0.8855403411682774,0.6373404936486726,multiclass,custom,pfam
WCYKMVHQFDGRLITNEASP,0.9434690868461697,0.7730381963574067,multiclass,resnet,pfam
WCYKMVHQFDGRLITNEASP,0.8829340360136371,0.6379098745553972,multiclass,custom,pfam
WCYKMVHQFDGRLITNEASP,0.9340314446488212,0.7284901938007284,multiclass,resnet,pfam
WCYKMVHQFDGRLITNEASP,0.8836585238034367,0.6440791984622845,multiclass,custom,pfam
WCYKMVHQFDGRLITNEASP,0.942307829188852,0.7623136397233395,multiclass,resnet,pfam
WCYKMVHQFDGRLITNEASP,0.8838430488587001,0.6306787792248021,multiclass,custom,pfam
WCYKMVHQFDGRLITNEASP,0.9434585236768773,0.781638128579281,multiclass,resnet,pfam
WCYKMVHQFDGRLITNEASP,0.8847013755833262,0.6407675305950018,multiclass,custom,pfam
WCYKMVHQFDGRLITNEASP,0.9405277072894073,0.7574479069754687,multiclass,resnet,pfam
WCYKMVHQFDGRLITNEASP,0.8863742647206534,0.6331889158759983,multiclass,custom,pfam
WCYKMVHQFDGRLITNEASP,0.9434129439111383,0.7765265427968826,multiclass,resnet,pfam
WCYKMVHQFDGRLITNEASP,0.8821776188596322,0.6268294180075806,multiclass,custom,pfam
WCYKMVHQFDGRLITNEASP,0.9386665899129154,0.761625797988761,multiclass,resnet,pfam
WCYKMVHQFDGRLITNEASP,0.8840605611247264,0.6328472415845701,multiclass,custom,pfam
WCYKMVHQFDGRLITNEASP,0.9378260072184454,0.7425021519576417,multiclass,resnet,pfam
WCYKMVHQFDGRLITNEASP,0.8838088121061596,0.6278196314721438,multiclass,custom,pfam
WCYKMVHQFDGRLITNEASP,0.950942801723561,0.7793186329214,multiclass,resnet,pfam
WCYKMVHQFDGRLITNEASP,0.8806600302888263,0.6238037322897008,multiclass,custom,pfam
WCYKMVHQFDGRLITNEASP,0.9422638970715337,0.7681897589150299,multiclass,resnet,pfam
WCYKMVHQFDGRLITNEASP,0.8882208513634119,0.6431926977275921,multiclass,custom,pfam
WCYKMVHQFDGRLITNEASP,0.941467334602665,0.7647885675749277,multiclass,resnet,pfam
WCYKMVHQFDGRLITNEASP,0.8832070904862164,0.6300445296858259,multiclass,custom,pfam
WCYKMVHQFDGRLITNEASP,0.9437120652067081,0.7702402801544285,multiclass,resnet,pfam
WCYKMVHQFDGRLITNEASP,0.876694269902656,0.6203928616875599,multiclass,custom,pfam
WCYKMVHQFDGRLITNEASP,0.9424263472065688,0.7598289251638113,multiclass,resnet,pfam
WCYKMVHQFDGRLITNEASP,0.8783756820706395,0.6138966510374422,multiclass,custom,pfam
WCYKMVHQFDGRLITNEASP,0.9389002085748821,0.7399279668805004,multiclass,resnet,pfam
WCYKMVHQFDGRLITNEASP,0.886498215455138,0.6384925333904958,multiclass,custom,pfam
WCYKMVHQFDGRLITNEASP,0.93479729722313,0.7379295236399697,multiclass,resnet,pfam
WCYKMVHQFDGRLITNEASP,0.8899795138819023,0.6551241136521634,multiclass,custom,pfam
WCYKMVHQFDGRLITNEASP,0.936308647390943,0.7379487849459578,multiclass,resnet,pfam
WCYKMVHQFDGRLITNEASP,0.8858935817418281,0.6406141229400399,multiclass,custom,pfam
WCYKMVHQFDGRLITNEASP,0.9380771575979049,0.7447194433356714,multiclass,resnet,pfam
WCYKMVHQFDGRLITNEASP,0.8824440519674533,0.6214385212458815,multiclass,custom,pfam
WCYKMVHQFDGRLITNEASP,0.9385767244314842,0.7567133509934252,multiclass,resnet,pfam
WCYKMVHQFDGRLITNEASP,0.8841397657751212,0.6330480353356209,multiclass,custom,pfam
WCYKMVHQFDGRLITNEASP,0.9450223782535414,0.7721881168730168,multiclass,resnet,pfam
WCYKMVHQFDGRLITNEASP,0.8821304878148195,0.6273629443287707,multiclass,custom,pfam
WCYKMVHQFDGRLITNEASP,0.9450530254396362,0.771496302292682,multiclass,resnet,pfam
WCYKMVHQFDGRLITNEASP,0.8824865759453079,0.6252084787314474,multiclass,custom,pfam
WCYKMVHQFDGRLITNEASP,0.9353279393978784,0.7275755803529407,multiclass,resnet,pfam
WCYKMVHQFDGRLITNEASP,0.8806011523601075,0.6235910776192627,multiclass,custom,pfam
WCYKMVHQFDGRLITNEASP,0.9392471197478324,0.7510874108276819,multiclass,resnet,pfam
WCYKMVHQFDGRLITNEASP,0.8839184458804386,0.6420358441981578,multiclass,custom,pfam
WCYKMVHQFDGRLITNEASP,0.9427391974442811,0.7465359908357374,multiclass,resnet,pfam
WCYKMVHQFDGRLITNEASP,0.8861894065281002,0.6411812597495057,multiclass,custom,pfam
WCYKMVHQFDGRLITNEASP,0.9416696862478166,0.7639181905851472,multiclass,resnet,pfam
WCYKMVHQFDGRLITNEASP,0.8813847564567532,0.6199100187075027,multiclass,custom,pfam
WCYKMVHQFDGRLITNEASP,0.9428438841824667,0.7642012810230362,multiclass,resnet,pfam
WCYKMVHQFDGRLITNEASP,0.8896095697934454,0.6476442247599099,multiclass,custom,pfam
WCYKMVHQFDGRLITNEASP,0.9415216836950062,0.7722038020283832,multiclass,resnet,pfam
WCYKMVHQFDGRLITNEASP,0.8859024687759097,0.6420851080693344,multiclass,custom,pfam
WCYKMVHQFDGRLITNEASP,0.9404989776297332,0.7756961578561341,multiclass,resnet,pfam
WCYKMVHQFDGRLITNEASP,0.8874839120006024,0.6407968960042811,multiclass,custom,pfam
WCYKMVHQFDGRLITNEASP,0.942718944375543,0.7531768697357203,multiclass,resnet,pfam
WCYKMVHQFDGRLITNEASP,0.8854575756227236,0.6378316919736211,multiclass,custom,pfam
WCYKMVHQFDGRLITNEASP,0.9299882791987197,0.7173512552272311,multiclass,resnet,pfam
WCYKMVHQFDGRLITNEASP,0.8842514750525169,0.6308302042361595,multiclass,custom,pfam
WCYKMVHQFDGRLITNEASP,0.9398617000166501,0.7532123475816253,multiclass,resnet,pfam
WCYKMVHQFDGRLITNEASP,0.884962140805073,0.6333438986226855,multiclass,custom,pfam
WCYKMVHQFDGRLITNEASP,0.9433781393137639,0.7698554591229867,multiclass,resnet,pfam
WCYKMVHQFDGRLITNEASP,0.8855154031981163,0.6373227000850629,multiclass,custom,pfam
WCYKMVHQFDGRLITNEASP,0.9414583524779653,0.7744628743138005,multiclass,resnet,pfam
WCYKMVHQFDGRLITNEASP,0.890179701533943,0.6522625555037538,multiclass,custom,pfam
WCYKMVHQFDGRLITNEASP,0.9438852482474005,0.7820050461611048,multiclass,resnet,pfam
WCYKMVHQFDGRLITNEASP,0.8847722251145493,0.6340404370182131,multiclass,custom,pfam
WCYKMVHQFDGRLITNEASP,0.9411506066740036,0.7689419400511095,multiclass,resnet,pfam
WCYKMVHQFDGRLITNEASP,0.884614054896874,0.6341133951383683,multiclass,custom,pfam
WCYKMVHQFDGRLITNEASP,0.9436701814156103,0.7615406763649435,multiclass,resnet,pfam
WCYKMVHQFDGRLITNEASP,0.8796527497054303,0.6278748329148972,multiclass,custom,pfam
WCYKMVHQFDGRLITNEASP,0.9482662013227561,0.7817918880983282,multiclass,resnet,pfam
WCYKMVHQFDGRLITNEASP,0.8848330599064536,0.6410181390750943,multiclass,custom,pfam
WCYKMVHQFDGRLITNEASP,0.9466903492167866,0.7672034993174258,multiclass,resnet,pfam
WCYKMVHQFDGRLITNEASP,0.8813849899647721,0.6274972290532298,multiclass,custom,pfam
WCYKMVHQFDGRLITNEASP,0.9407131213877993,0.7528400966835728,multiclass,resnet,pfam
WCYKMVHQFDGRLITNEASP,0.8847314816938445,0.6314255753534888,multiclass,custom,pfam
WCYKMVHQFDGRLITNEASP,0.9431275031206336,0.7778241503626717,multiclass,resnet,pfam
WCYKMVHQFDGRLITNEASP,0.8857890319847621,0.6418494985417874,multiclass,custom,pfam
WCYKMVHQFDGRLITNEASP,0.940359764669742,0.7596627918220337,multiclass,resnet,pfam
WCYKMVHQFDGRLITNEASP,0.8826020856797925,0.6210753202000918,multiclass,custom,pfam
WCYKMVHQFDGRLITNEASP,0.9399663407451921,0.7551832145558908,multiclass,resnet,pfam
WCYKMVHQFDGRLITNEASP,0.8904614970415864,0.6441226792412957,multiclass,custom,pfam
WCYKMVHQFDGRLITNEASP,0.9405861993909467,0.7190051591577176,multiclass,resnet,pfam
WCYKMVHQFDGRLITNEASP,0.8872980299939917,0.6398844058763549,multiclass,custom,pfam
WCYKMVHQFDGRLITNEASP,0.946317210589714,0.7852128918175731,multiclass,resnet,pfam
WCYKMVHQFDGRLITNEASP,0.8846877601327237,0.6371215882778329,multiclass,custom,pfam
WCYKMVHQFDGRLITNEASP,0.9316409116197368,0.6621090139774928,multiclass,resnet,pfam
WCYKMVHQFDGRLITNEASP,0.8781643166103119,0.6086657699556318,multiclass,custom,pfam
WCYKMVHQFDGRLITNEASP,0.9457606058706345,0.7718011442157009,multiclass,resnet,pfam
WCYKMVHQFDGRLITNEASP,0.8891740664190451,0.6529527923254383,multiclass,custom,pfam
WCYKMVHQFDGRLITNEASP,0.9423626427908813,0.7492181335369625,multiclass,resnet,pfam
WCYKMVHQFDGRLITNEASP,0.8774494891292093,0.6113282734645262,multiclass,custom,pfam
WCYKMVHQFDGRLITNEASP,0.9433462063942836,0.7676135403527625,multiclass,resnet,pfam
WCYKMVHQFDGRLITNEASP,0.885134194273413,0.632608083385679,multiclass,custom,pfam
WCYKMVHQFDGRLITNEASP,0.9444940044346654,0.7837926664882477,multiclass,resnet,pfam
WCYKMVHQFDGRLITNEASP,0.8836061929089318,0.6245970917658876,multiclass,custom,pfam
WCYKMVHQFDGRLITNEASP,0.9425162049138074,0.7583779133226927,multiclass,resnet,pfam
WCYKMVHQFDGRLITNEASP,0.8800785028123628,0.6302617214604421,multiclass,custom,pfam
WCYKMVHQFDGRLITNEASP,0.9464309637348378,0.7823033741443963,multiclass,resnet,pfam
WCYKMVHQFDGRLITNEASP,0.8821251189204451,0.6280113900982929,multiclass,custom,pfam
WCYKMVHQFDGRLITNEASP,0.9376190197802959,0.7437100686889005,multiclass,resnet,pfam
WCYKMVHQFDGRLITNEASP,0.883548462247749,0.6375990109042251,multiclass,custom,pfam
WCYKMVHQFDGRLITNEASP,0.9399075769907894,0.7356864784246445,multiclass,resnet,pfam
WCYKMVHQFDGRLITNEASP,0.8788080560837696,0.6180485440105217,multiclass,custom,pfam
WCYKMVHQFDGRLITNEASP,0.9435325851009081,0.7817014199463787,multiclass,resnet,pfam
WCYKMVHQFDGRLITNEASP,0.889686925265282,0.6494586833698479,multiclass,custom,pfam
WCYKMVHQFDGRLITNEASP,0.928224364455129,0.7281243688970164,multiclass,resnet,pfam
WCYKMVHQFDGRLITNEASP,0.8849752943582508,0.6277541965308094,multiclass,custom,pfam
WCYKMVHQFDGRLITNEASP,0.9422666929267953,0.7748841363822063,multiclass,resnet,pfam
WCYKMVHQFDGRLITNEASP,0.8852847434681539,0.6279164555757681,multiclass,custom,pfam
WCYKMVHQFDGRLITNEASP,0.934978470145483,0.7301026301808505,multiclass,resnet,pfam
WCYKMVHQFDGRLITNEASP,0.8794902280644383,0.6197763032059955,multiclass,custom,pfam
WCYKMVHQFDGRLITNEASP,0.9430875670289669,0.7446376649844031,multiclass,resnet,pfam
WCYKMVHQFDGRLITNEASP,0.8853200191049211,0.6387744788527361,multiclass,custom,pfam
WCYKMVHQFDGRLITNEASP,0.9415741506615056,0.7675994710053772,multiclass,resnet,pfam
WCYKMVHQFDGRLITNEASP,0.8844855871034183,0.6368298886762327,multiclass,custom,pfam
WCYKMVHQFDGRLITNEASP,0.9470902947027462,0.7730097583360276,multiclass,resnet,pfam
WCYKMVHQFDGRLITNEASP,0.8811592072938286,0.6172495768272434,multiclass,custom,pfam
WCYKMVHQFDGRLITNEASP,0.9414241646941137,0.7593605219899097,multiclass,resnet,pfam
WCYKMVHQFDGRLITNEASP,0.882136853995263,0.6301505828002928,multiclass,custom,pfam
WCYKMVHQFDGRLITNEASP,0.9439732540169536,0.7585999620285541,multiclass,resnet,pfam
WCYKMVHQFDGRLITNEASP,0.8851892551419196,0.6302898381819814,multiclass,custom,pfam
WCYKMVHQFDGRLITNEASP,0.9433447663793155,0.7600567350822355,multiclass,resnet,pfam
WCYKMVHQFDGRLITNEASP,0.8841538731926107,0.6305509981998856,multiclass,custom,pfam
WCYKMVHQFDGRLITNEASP,0.9419989759031978,0.7798205121816386,multiclass,resnet,pfam
WCYKMVHQFDGRLITNEASP,0.8940318654688909,0.6578492966703295,multiclass,custom,pfam
WCYKMVHQFDGRLITNEASP,0.9394281333093231,0.7406065305801486,multiclass,resnet,pfam
WCYKMVHQFDGRLITNEASP,0.8846152615217726,0.6286943405688181,multiclass,custom,pfam
WCYKMVHQFDGRLITNEASP,0.9408975294446748,0.7438542463957889,multiclass,resnet,pfam
WCYKMVHQFDGRLITNEASP,0.8880620626508495,0.6447056766296033,multiclass,custom,pfam
WCYKMVHQFDGRLITNEASP,0.9259400495402907,0.6807443897138606,multiclass,resnet,pfam
WCYKMVHQFDGRLITNEASP,0.8774086064907994,0.6155552484046989,multiclass,custom,pfam
WCYKMVHQFDGRLITNEASP,0.9399366138023169,0.7277384180134929,multiclass,resnet,pfam
WCYKMVHQFDGRLITNEASP,0.8814406291358804,0.6234341070298254,multiclass,custom,pfam
WCYKMVHQFDGRLITNEASP,0.9395146092288875,0.7504335894788741,multiclass,resnet,pfam
WCYKMVHQFDGRLITNEASP,0.8790821665187245,0.6204718780954905,multiclass,custom,pfam
WCYKMVHQFDGRLITNEASP,0.9348134667711638,0.7260320622009752,multiclass,resnet,pfam
WCYKMVHQFDGRLITNEASP,0.8768992950892924,0.6159772241288967,multiclass,custom,pfam
WCYKMVHQFDGRLITNEASP,0.9353707221892276,0.7303261347873155,multiclass,resnet,pfam
WCYKMVHQFDGRLITNEASP,0.8843059866667129,0.640534910447424,multiclass,custom,pfam
WCYKMVHQFDGRLITNEASP,0.9435396196406634,0.7574099396641634,multiclass,resnet,pfam
WCYKMVHQFDGRLITNEASP,0.8834332895090482,0.6342372015399604,multiclass,custom,pfam
WCYKMVHQFDGRLITNEASP,0.9404635488248996,0.7288364304351393,multiclass,resnet,pfam
WCYKMVHQFDGRLITNEASP,0.8811782221844119,0.6221116876062562,multiclass,custom,pfam
WCYKMVHQFDGRLITNEASP,0.9411544610553658,0.7440234456969004,multiclass,resnet,pfam
WCYKMVHQFDGRLITNEASP,0.8855334870259786,0.6407322733296744,multiclass,custom,pfam
WCYKMVHQFDGRLITNEASP,0.9441507637935016,0.7741263732557188,multiclass,resnet,pfam
WCYKMVHQFDGRLITNEASP,0.891326757642014,0.6495427398673854,multiclass,custom,pfam
WCYKMVHQFDGRLITNEASP,0.946050413246016,0.7703708549832469,multiclass,resnet,pfam
WCYKMVHQFDGRLITNEASP,0.8858871177332388,0.635029827387693,multiclass,custom,pfam
WCYKMVHQFDGRLITNEASP,0.9468747376392732,0.7669170018003116,multiclass,resnet,pfam
WCYKMVHQFDGRLITNEASP,0.8796737938196222,0.6185153982692384,multiclass,custom,pfam
WCYKMVHQFDGRLITNEASP,0.9445393014785495,0.7677465803297203,multiclass,resnet,pfam
WCYKMVHQFDGRLITNEASP,0.8841075397819168,0.6333920844852117,multiclass,custom,pfam
WCYKMVHQFDGRLITNEASP,0.9428068243415095,0.7544984968349782,multiclass,resnet,pfam
WCYKMVHQFDGRLITNEASP,0.8894451291657915,0.6476095992204776,multiclass,custom,pfam
WCYKMVHQFDGRLITNEASP,0.9416527524341506,0.7592597287587033,multiclass,resnet,pfam
WCYKMVHQFDGRLITNEASP,0.8832066452381078,0.6300791953450149,multiclass,custom,pfam
WCYKMVHQFDGRLITNEASP,0.9389193589413122,0.7371697023776119,multiclass,resnet,pfam
WCYKMVHQFDGRLITNEASP,0.8883446407932803,0.6408710128453929,multiclass,custom,pfam
WCYKMVHQFDGRLITNEASP,0.932873470125703,0.7597716878213806,multiclass,resnet,pfam
WCYKMVHQFDGRLITNEASP,0.8816265137567078,0.6203768041414884,multiclass,custom,pfam
WCYKMVHQFDGRLITNEASP,0.9443636654878169,0.7800325763369405,multiclass,resnet,pfam
WCYKMVHQFDGRLITNEASP,0.8853179403492015,0.6338682429723732,multiclass,custom,pfam
WCYKMVHQFDGRLITNEASP,0.9450781872573719,0.7593871452612005,multiclass,resnet,pfam
WCYKMVHQFDGRLITNEASP,0.8871479537965632,0.6390268515175495,multiclass,custom,pfam
WCYKMVHQFDGRLITNEASP,0.9435796549403325,0.7449188489651404,multiclass,resnet,pfam
WCYKMVHQFDGRLITNEASP,0.8799314914057534,0.6128170463866132,multiclass,custom,pfam
WCYKMVHQFDGRLITNEASP,0.9460831953989519,0.7746184401147078,multiclass,resnet,pfam
WCYKMVHQFDGRLITNEASP,0.8828586992094689,0.6362522422896765,multiclass,custom,pfam
WCYKMVHQFDGRLITNEASP,0.9474088645484304,0.7756444760801277,multiclass,resnet,pfam
WCYKMVHQFDGRLITNEASP,0.884503855006727,0.6362969424740503,multiclass,custom,pfam
WCYKMVHQFDGRLITNEASP,0.941778354491848,0.7592597384737398,multiclass,resnet,pfam
WCYKMVHQFDGRLITNEASP,0.8816741031306469,0.6286269912853739,multiclass,custom,pfam
WCYKMVHQFDGRLITNEASP,0.9387959147714604,0.7506438319273006,multiclass,resnet,pfam
WCYKMVHQFDGRLITNEASP,0.8838517268530162,0.6322314154506014,multiclass,custom,pfam
WCYKMVHQFDGRLITNEASP,0.9496971789089047,0.771029457613872,multiclass,resnet,pfam
WCYKMVHQFDGRLITNEASP,0.886626818671326,0.6445592853124446,multiclass,custom,pfam
WCYKMVHQFDGRLITNEASP,0.940022360953568,0.7595265213451375,multiclass,resnet,pfam
WCYKMVHQFDGRLITNEASP,0.8862183909232046,0.6398695019037257,multiclass,custom,pfam
WCYKMVHQFDGRLITNEASP,0.9449288073744952,0.7610365743751765,multiclass,resnet,pfam
WCYKMVHQFDGRLITNEASP,0.8847240117707414,0.6394856663755834,multiclass,custom,pfam
WCYKMVHQFDGRLITNEASP,0.9420604113154974,0.7597480537337535,multiclass,resnet,pfam
WCYKMVHQFDGRLITNEASP,0.8818982017088111,0.627371447687706,multiclass,custom,pfam
WCYKMVHQFDGRLITNEASP,0.9402067554788038,0.7332643803682528,multiclass,resnet,pfam
WCYKMVHQFDGRLITNEASP,0.8834558030730868,0.6394018147980629,multiclass,custom,pfam
WCYKMVHQFDGRLITNEASP,0.9312214970105552,0.7060059185632832,multiclass,resnet,pfam
WCYKMVHQFDGRLITNEASP,0.8874426311487424,0.6335300475852156,multiclass,custom,pfam
WCYKMVHQFDGRLITNEASP,0.9432385037668579,0.7711806461225337,multiclass,resnet,pfam
WCYKMVHQFDGRLITNEASP,0.8769431644790868,0.6157151228943547,multiclass,custom,pfam
WCYKMVHQFDGRLITNEASP,0.9428519598288588,0.7768222611686066,multiclass,resnet,pfam
WCYKMVHQFDGRLITNEASP,0.8907436467057582,0.6530138012224225,multiclass,custom,pfam
WCYKMVHQFDGRLITNEASP,0.9388374046343267,0.7295556488924058,multiclass,resnet,pfam
WCYKMVHQFDGRLITNEASP,0.8811126931235463,0.6344969955270061,multiclass,custom,pfam
WCYKMVHQFDGRLITNEASP,0.9447988504904327,0.7734142138651603,multiclass,resnet,pfam
WCYKMVHQFDGRLITNEASP,0.8824279123120732,0.6229237596374126,multiclass,custom,pfam
WCYKMVHQFDGRLITNEASP,0.9481893072769388,0.7813697006499881,multiclass,resnet,pfam
WCYKMVHQFDGRLITNEASP,0.8811365107746874,0.6323542358450412,multiclass,custom,pfam
WCYKMVHQFDGRLITNEASP,0.9335965369647873,0.7286765538939223,multiclass,resnet,pfam
WCYKMVHQFDGRLITNEASP,0.8869868097599445,0.6336059994998949,multiclass,custom,pfam
WCYKMVHQFDGRLITNEASP,0.9443256412684151,0.7503885979377163,multiclass,resnet,pfam
WCYKMVHQFDGRLITNEASP,0.8844211724179984,0.628977139311686,multiclass,custom,pfam
WCYKMVHQFDGRLITNEASP,0.9392547238258059,0.7281751214077832,multiclass,resnet,pfam
WCYKMVHQFDGRLITNEASP,0.884233617975094,0.641426611002462,multiclass,custom,pfam
WCYKMVHQFDGRLITNEASP,0.9341071467167043,0.7156328907507279,multiclass,resnet,pfam
WCYKMVHQFDGRLITNEASP,0.8820783753592807,0.6331556376489061,multiclass,custom,pfam
WCYKMVHQFDGRLITNEASP,0.9410703580313576,0.765106466225565,multiclass,resnet,pfam
WCYKMVHQFDGRLITNEASP,0.880315647994855,0.6206217234978021,multiclass,custom,pfam
WCYKMVHQFDGRLITNEASP,0.94252982252883,0.7405384056248231,multiclass,resnet,pfam
WCYKMVHQFDGRLITNEASP,0.8869668621742923,0.6355332781346095,multiclass,custom,pfam
WCYKMVHQFDGRLITNEASP,0.9314610367031882,0.6965785509430185,multiclass,resnet,pfam
WCYKMVHQFDGRLITNEASP,0.8830567001227912,0.628965782124044,multiclass,custom,pfam
WCYKMVHQFDGRLITNEASP,0.9434379409859901,0.752916298759282,multiclass,resnet,pfam
WCYKMVHQFDGRLITNEASP,0.8800679247800549,0.6194694951936799,multiclass,custom,pfam
WCYKMVHQFDGRLITNEASP,0.9419502229407707,0.7644238704655406,multiclass,resnet,pfam
WCYKMVHQFDGRLITNEASP,0.8798192933069264,0.6250277979910959,multiclass,custom,pfam
WCYKMVHQFDGRLITNEASP,0.9463067281694555,0.7824369126500358,multiclass,resnet,pfam
WCYKMVHQFDGRLITNEASP,0.8776906423526727,0.6108483287481088,multiclass,custom,pfam
WCYKMVHQFDGRLITNEASP,0.9411516574767473,0.7491320439089323,multiclass,resnet,pfam
WCYKMVHQFDGRLITNEASP,0.8879428598691756,0.6391532782474799,multiclass,custom,pfam
WCYKMVHQFDGRLITNEASP,0.9434704922739048,0.7694451275893067,multiclass,resnet,pfam
WCYKMVHQFDGRLITNEASP,0.8883476148996989,0.6420233470959831,multiclass,custom,pfam
WCYKMVHQFDGRLITNEASP,0.9356683496508955,0.7654325797709227,multiclass,resnet,pfam
WCYKMVHQFDGRLITNEASP,0.8917693876093663,0.6562333376522449,multiclass,custom,pfam
WCYKMVHQFDGRLITNEASP,0.9320430312920284,0.7067686283627225,multiclass,resnet,pfam
WCYKMVHQFDGRLITNEASP,0.8882981970394532,0.6438092261044324,multiclass,custom,pfam
WCYKMVHQFDGRLITNEASP,0.9423030393824308,0.7656467096800009,multiclass,resnet,pfam
WCYKMVHQFDGRLITNEASP,0.8871924732494074,0.6444823883402122,multiclass,custom,pfam
WCYKMVHQFDGRLITNEASP,0.9438991852595313,0.7705745097132783,multiclass,resnet,pfam
WCYKMVHQFDGRLITNEASP,0.8857098113960206,0.6410036623504622,multiclass,custom,pfam
WCYKMVHQFDGRLITNEASP,0.9434026342753681,0.7862655578995942,multiclass,resnet,pfam
WCYKMVHQFDGRLITNEASP,0.8836484211807842,0.6343956855415207,multiclass,custom,pfam
WCYKMVHQFDGRLITNEASP,0.9354184071698869,0.7104593033195704,multiclass,resnet,pfam
WCYKMVHQFDGRLITNEASP,0.8889276467032158,0.6388933950652206,multiclass,custom,pfam
WCYKMVHQFDGRLITNEASP,0.9416598419790271,0.7433079958002999,multiclass,resnet,pfam
WCYKMVHQFDGRLITNEASP,0.8835049334315246,0.6397823305224286,multiclass,custom,pfam
WCYKMVHQFDGRLITNEASP,0.9436063864146653,0.772663059611094,multiclass,resnet,pfam
WCYKMVHQFDGRLITNEASP,0.8878623511861703,0.6509995512743554,multiclass,custom,pfam
WCYKMVHQFDGRLITNEASP,0.9353852265929923,0.7417426792478413,multiclass,resnet,pfam
WCYKMVHQFDGRLITNEASP,0.885039871118177,0.6441708668756092,multiclass,custom,pfam
WCYKMVHQFDGRLITNEASP,0.9479769294490893,0.7913817595188359,multiclass,resnet,pfam
WCYKMVHQFDGRLITNEASP,0.872154096938733,0.6040544380021774,multiclass,custom,pfam
WCYKMVHQFDGRLITNEASP,0.9418713338779474,0.7463792155087894,multiclass,resnet,pfam
WCYKMVHQFDGRLITNEASP,0.8843657743551061,0.638507178610551,multiclass,custom,pfam
WCYKMVHQFDGRLITNEASP,0.9417837362490881,0.751278358016772,multiclass,resnet,pfam
WCYKMVHQFDGRLITNEASP,0.8819829337878312,0.6290125660697413,multiclass,custom,pfam
WCYKMVHQFDGRLITNEASP,0.9363606995262111,0.7109756915621978,multiclass,resnet,pfam
WCYKMVHQFDGRLITNEASP,0.8836566161999013,0.6373346268440517,multiclass,custom,pfam
WCYKMVHQFDGRLITNEASP,0.94355178997689,0.7793480178980678,multiclass,resnet,pfam
WCYKMVHQFDGRLITNEASP,0.8852533954171443,0.627779970065073,multiclass,custom,pfam
WCYKMVHQFDGRLITNEASP,0.9309782621666971,0.7178256758208477,multiclass,resnet,pfam
WCYKMVHQFDGRLITNEASP,0.8882632644263946,0.6463105933898652,multiclass,custom,pfam
WCYKMVHQFDGRLITNEASP,0.9392168744339188,0.7485467023525484,multiclass,resnet,pfam
WCYKMVHQFDGRLITNEASP,0.8794522975236243,0.6166451292523407,multiclass,custom,pfam
WCYKMVHQFDGRLITNEASP,0.9328469482648754,0.7215903335718278,multiclass,resnet,pfam
WCYKMVHQFDGRLITNEASP,0.8841120801292821,0.631782211093746,multiclass,custom,pfam
WCYKMVHQFDGRLITNEASP,0.9439446469835037,0.7642912946749076,multiclass,resnet,pfam
WCYKMVHQFDGRLITNEASP,0.8886427954251849,0.6473810844534589,multiclass,custom,pfam
WCYKMVHQFDGRLITNEASP,0.946887458374502,0.7786791847490885,multiclass,resnet,pfam
WCYKMVHQFDGRLITNEASP,0.8905827037266519,0.6528543675216498,multiclass,custom,pfam
WCYKMVHQFDGRLITNEASP,0.9469349144410447,0.7757052756395979,multiclass,resnet,pfam
WCYKMVHQFDGRLITNEASP,0.8901767070692598,0.6513704726498677,multiclass,custom,pfam
WCYKMVHQFDGRLITNEASP,0.9422488524347277,0.758970172326186,multiclass,resnet,pfam
WCYKMVHQFDGRLITNEASP,0.885592456901805,0.6465373227739095,multiclass,custom,pfam
WCYKMVHQFDGRLITNEASP,0.9458417472456977,0.7804525685522121,multiclass,resnet,pfam
WCYKMVHQFDGRLITNEASP,0.8827421940042569,0.6189606764386022,multiclass,custom,pfam
WCYKMVHQFDGRLITNEASP,0.9394941546915472,0.7510234022337828,multiclass,resnet,pfam
WCYKMVHQFDGRLITNEASP,0.8875827180999476,0.6425143593209365,multiclass,custom,pfam
WCYKMVHQFDGRLITNEASP,0.9364510917503889,0.7367043836735918,multiclass,resnet,pfam
WCYKMVHQFDGRLITNEASP,0.8878890110905054,0.6360471193160195,multiclass,custom,pfam
WCYKMVHQFDGRLITNEASP,0.9413435372737398,0.7440046794213573,multiclass,resnet,pfam
WCYKMVHQFDGRLITNEASP,0.8788913948286782,0.619947311929895,multiclass,custom,pfam
WCYKMVHQFDGRLITNEASP,0.9392819946254996,0.7665135939590947,multiclass,resnet,pfam
WCYKMVHQFDGRLITNEASP,0.8817132150689323,0.631117210118111,multiclass,custom,pfam
WCYKMVHQFDGRLITNEASP,0.9366621051900521,0.7517833280846599,multiclass,resnet,pfam
WCYKMVHQFDGRLITNEASP,0.879043882872573,0.6318270322920185,multiclass,custom,pfam
WCYKMVHQFDGRLITNEASP,0.9457171718739066,0.7708660829830517,multiclass,resnet,pfam
WCYKMVHQFDGRLITNEASP,0.8806050154918083,0.6189400679504716,multiclass,custom,pfam
WCYKMVHQFDGRLITNEASP,0.9430355246788092,0.7703319361153067,multiclass,resnet,pfam
WCYKMVHQFDGRLITNEASP,0.891884741239952,0.6477024384314675,multiclass,custom,pfam
WCYKMVHQFDGRLITNEASP,0.937521574542185,0.7347955341999027,multiclass,resnet,pfam
WCYKMVHQFDGRLITNEASP,0.8840792474376247,0.6347264952749934,multiclass,custom,pfam
WCYKMVHQFDGRLITNEASP,0.9275954595973814,0.7491288806834993,multiclass,resnet,pfam
WCYKMVHQFDGRLITNEASP,0.8872780585853904,0.639812497106106,multiclass,custom,pfam
WCYKMVHQFDGRLITNEASP,0.941960116744692,0.7666072385733026,multiclass,resnet,pfam
WCYKMVHQFDGRLITNEASP,0.8819455239155223,0.6336165572993728,multiclass,custom,pfam
WCYKMVHQFDGRLITNEASP,0.9434016619528448,0.7816857818817768,multiclass,resnet,pfam
WCYKMVHQFDGRLITNEASP,0.883636878123316,0.6368078460535638,multiclass,custom,pfam
WCYKMVHQFDGRLITNEASP,0.9360618963114261,0.7403729433032215,multiclass,resnet,pfam
WCYKMVHQFDGRLITNEASP,0.8824602156969006,0.6264965753891766,multiclass,custom,pfam
WCYKMVHQFDGRLITNEASP,0.9361426777377501,0.7390175555660671,multiclass,resnet,pfam
WCYKMVHQFDGRLITNEASP,0.8816457053506392,0.6316055811612576,multiclass,custom,pfam
WCYKMVHQFDGRLITNEASP,0.9425802646348993,0.7669982820136381,multiclass,resnet,pfam
WCYKMVHQFDGRLITNEASP,0.8847540685264184,0.6303218435054015,multiclass,custom,pfam
WCYKMVHQFDGRLITNEASP,0.94476176904786,0.7694206428862739,multiclass,resnet,pfam
WCYKMVHQFDGRLITNEASP,0.8803171242277263,0.6213958886799881,multiclass,custom,pfam
WCYKMVHQFDGRLITNEASP,0.9472805167451549,0.7780891691469861,multiclass,resnet,pfam
WCYKMVHQFDGRLITNEASP,0.889475004797819,0.6495210408193829,multiclass,custom,pfam
WCYKMVHQFDGRLITNEASP,0.9410432434361342,0.7518549171948701,multiclass,resnet,pfam
WCYKMVHQFDGRLITNEASP,0.8835930519117039,0.6340535063540972,multiclass,custom,pfam
WCYKMVHQFDGRLITNEASP,0.9464661307906587,0.7710020052059943,multiclass,resnet,pfam
WCYKMVHQFDGRLITNEASP,0.8849983406576933,0.6353991466316044,multiclass,custom,pfam
WCYKMVHQFDGRLITNEASP,0.9349308946872998,0.7338254014693687,multiclass,resnet,pfam
WCYKMVHQFDGRLITNEASP,0.8868081054201022,0.642637004993475,multiclass,custom,pfam
WCYKMVHQFDGRLITNEASP,0.9340434964151113,0.7116790969806184,multiclass,resnet,pfam
WCYKMVHQFDGRLITNEASP,0.8860193991598617,0.6426577870734007,multiclass,custom,pfam
WCYKMVHQFDGRLITNEASP,0.9478038336750693,0.7854168010081628,multiclass,resnet,pfam
WCYKMVHQFDGRLITNEASP,0.8882666323363526,0.6493471902290249,multiclass,custom,pfam
WCYKMVHQFDGRLITNEASP,0.930080748222486,0.7104180205664017,multiclass,resnet,pfam
WCYKMVHQFDGRLITNEASP,0.8763857507317985,0.6168301210380558,multiclass,custom,pfam
WCYKMVHQFDGRLITNEASP,0.9461292477542991,0.7573652362097032,multiclass,resnet,pfam
WCYKMVHQFDGRLITNEASP,0.882345664812742,0.6218436503284928,multiclass,custom,pfam
WCYKMVHQFDGRLITNEASP,0.9381032680223935,0.7527921705305459,multiclass,resnet,pfam
WCYKMVHQFDGRLITNEASP,0.8832312936194835,0.6327279854616659,multiclass,custom,pfam
WCYKMVHQFDGRLITNEASP,0.9428593765860445,0.7713815885065889,multiclass,resnet,pfam
WCYKMVHQFDGRLITNEASP,0.8831853599904564,0.6356490006836714,multiclass,custom,pfam
WCYKMVHQFDGRLITNEASP,0.9390774063134317,0.7266672888881446,multiclass,resnet,pfam
WCYKMVHQFDGRLITNEASP,0.880750794623728,0.6242963670309984,multiclass,custom,pfam
WCYKMVHQFDGRLITNEASP,0.9350811472803461,0.7329103065108721,multiclass,resnet,pfam
WCYKMVHQFDGRLITNEASP,0.8888053637495263,0.6552675376018012,multiclass,custom,pfam
WCYKMVHQFDGRLITNEASP,0.9453259066766215,0.7720342747044608,multiclass,resnet,pfam
WCYKMVHQFDGRLITNEASP,0.8848434228306601,0.6298729507633426,multiclass,custom,pfam
WCYKMVHQFDGRLITNEASP,0.9477411369000303,0.7699988039480234,multiclass,resnet,pfam
WCYKMVHQFDGRLITNEASP,0.8764333225601882,0.6179588105546292,multiclass,custom,pfam
WCYKMVHQFDGRLITNEASP,0.9413385508442145,0.7673318324722957,multiclass,resnet,pfam
WCYKMVHQFDGRLITNEASP,0.8814997437074084,0.624372237509268,multiclass,custom,pfam
WCYKMVHQFDGRLITNEASP,0.9442842617433286,0.7562607712377193,multiclass,resnet,pfam
WCYKMVHQFDGRLITNEASP,0.8824289165470794,0.623952955427368,multiclass,custom,pfam
WCYKMVHQFDGRLITNEASP,0.938201876786146,0.7600184839220505,multiclass,resnet,pfam
WCYKMVHQFDGRLITNEASP,0.8770268486373581,0.6231301948284373,multiclass,custom,pfam
WCYKMVHQFDGRLITNEASP,0.9447145292398152,0.7698140639844135,multiclass,resnet,pfam
WCYKMVHQFDGRLITNEASP,0.8885296962880211,0.6533512992294828,multiclass,custom,pfam
WCYKMVHQFDGRLITNEASP,0.9361867486059005,0.6929663150282686,multiclass,resnet,pfam
WCYKMVHQFDGRLITNEASP,0.883140412783618,0.6400339519659226,multiclass,custom,pfam
WCYKMVHQFDGRLITNEASP,0.9431996722037065,0.7789056867877366,multiclass,resnet,pfam
WCYKMVHQFDGRLITNEASP,0.8777588119124798,0.6197965711427416,multiclass,custom,pfam
WCYKMVHQFDGRLITNEASP,0.9363983473913253,0.7493050340761513,multiclass,resnet,pfam
WCYKMVHQFDGRLITNEASP,0.8791412705740032,0.632312666809389,multiclass,custom,pfam
WCYKMVHQFDGRLITNEASP,0.939992398760532,0.7616332654555767,multiclass,resnet,pfam
WCYKMVHQFDGRLITNEASP,0.8834355983549,0.6391455589992658,multiclass,custom,pfam
WCYKMVHQFDGRLITNEASP,0.9451825698548701,0.7772249462960091,multiclass,resnet,pfam
WCYKMVHQFDGRLITNEASP,0.8835468220696677,0.6246779273949824,multiclass,custom,pfam
WCYKMVHQFDGRLITNEASP,0.938213585046667,0.7418805699873973,multiclass,resnet,pfam
WCYKMVHQFDGRLITNEASP,0.8861781465225775,0.6340117876493909,multiclass,custom,pfam
WCYKMVHQFDGRLITNEASP,0.9398860560031581,0.7211310434745031,multiclass,resnet,pfam
WCYKMVHQFDGRLITNEASP,0.8889652251743844,0.6424684339838782,multiclass,custom,pfam
WCYKMVHQFDGRLITNEASP,0.9438696896075314,0.773255040720545,multiclass,resnet,pfam
WCYKMVHQFDGRLITNEASP,0.8852068671047393,0.6347650137849284,multiclass,custom,pfam
WCYKMVHQFDGRLITNEASP,0.9381222769252151,0.7223821767391048,multiclass,resnet,pfam
WCYKMVHQFDGRLITNEASP,0.8867042079048242,0.634914791012501,multiclass,custom,pfam
WCYKMVHQFDGRLITNEASP,0.944425906928718,0.7572406349266417,multiclass,resnet,pfam
WCYKMVHQFDGRLITNEASP,0.8840795652919965,0.6327411903320278,multiclass,custom,pfam
WCYKMVHQFDGRLITNEASP,0.9387844819039654,0.7407168996517756,multiclass,resnet,pfam
WCYKMVHQFDGRLITNEASP,0.8782865073380381,0.6227157147590635,multiclass,custom,pfam
WCYKMVHQFDGRLITNEASP,0.9429252705574628,0.7627195780657405,multiclass,resnet,pfam
WCYKMVHQFDGRLITNEASP,0.8865271414437824,0.6287222238710266,multiclass,custom,pfam
WCYKMVHQFDGRLITNEASP,0.9437675870305784,0.7817024181887603,multiclass,resnet,pfam
WCYKMVHQFDGRLITNEASP,0.8858728976758364,0.6373649679725863,multiclass,custom,pfam
WCYKMVHQFDGRLITNEASP,0.9359016700664788,0.7432592266670077,multiclass,resnet,pfam
WCYKMVHQFDGRLITNEASP,0.8838170922643535,0.6394306224507076,multiclass,custom,pfam
WCYKMVHQFDGRLITNEASP,0.9480216355204145,0.7739545508553197,multiclass,resnet,pfam
WCYKMVHQFDGRLITNEASP,0.8878446347877078,0.6445969880333399,multiclass,custom,pfam
WCYKMVHQFDGRLITNEASP,0.929062877331315,0.7044402802352216,multiclass,resnet,pfam
WCYKMVHQFDGRLITNEASP,0.8817924540498095,0.622638455260563,multiclass,custom,pfam
WCYKMVHQFDGRLITNEASP,0.9425135692305908,0.7580275153923851,multiclass,resnet,pfam
WCYKMVHQFDGRLITNEASP,0.8859392736186905,0.6309982711346968,multiclass,custom,pfam
WCYKMVHQFDGRLITNEASP,0.938012111458008,0.7003772632750589,multiclass,resnet,pfam
WCYKMVHQFDGRLITNEASP,0.8857637964846052,0.6432017128839996,multiclass,custom,pfam
WCYKMVHQFDGRLITNEASP,0.9450607243106651,0.779618253790856,multiclass,resnet,pfam
WCYKMVHQFDGRLITNEASP,0.8885567271652686,0.6455043518174259,multiclass,custom,pfam
WCYKMVHQFDGRLITNEASP,0.9397936659649245,0.7547214783959335,multiclass,resnet,pfam
WCYKMVHQFDGRLITNEASP,0.8822383853305673,0.6278009144303288,multiclass,custom,pfam
WCYKMVHQFDGRLITNEASP,0.9400462790785106,0.7347543103413285,multiclass,resnet,pfam
WCYKMVHQFDGRLITNEASP,0.8836711935931965,0.6275701776030171,multiclass,custom,pfam
WCYKMVHQFDGRLITNEASP,0.9366243804986929,0.7280569947448544,multiclass,resnet,pfam
WCYKMVHQFDGRLITNEASP,0.881773487765577,0.6274673518541826,multiclass,custom,pfam
WCYKMVHQFDGRLITNEASP,0.938173017132408,0.7427559303247822,multiclass,resnet,pfam
WCYKMVHQFDGRLITNEASP,0.8836426104283067,0.6342950933377275,multiclass,custom,pfam
WCYKMVHQFDGRLITNEASP,0.9435323999516909,0.7694350689205018,multiclass,resnet,pfam
WCYKMVHQFDGRLITNEASP,0.8819648172704314,0.6249891419894583,multiclass,custom,pfam
WCYKMVHQFDGRLITNEASP,0.9446624083623043,0.7812716133283979,multiclass,resnet,pfam
WCYKMVHQFDGRLITNEASP,0.880435534548392,0.6257656436931878,multiclass,custom,pfam
WCYKMVHQFDGRLITNEASP,0.9464077606728483,0.7606835887130616,multiclass,resnet,pfam
WCYKMVHQFDGRLITNEASP,0.8877765594538645,0.6397019891807074,multiclass,custom,pfam
WCYKMVHQFDGRLITNEASP,0.9409982957143809,0.7713616656616954,multiclass,resnet,pfam
WCYKMVHQFDGRLITNEASP,0.8868778107568073,0.639119524390524,multiclass,custom,pfam
WCYKMVHQFDGRLITNEASP,0.94734187659976,0.7603857424096017,multiclass,resnet,pfam
WCYKMVHQFDGRLITNEASP,0.8768367462335602,0.6103607727775756,multiclass,custom,pfam
WCYKMVHQFDGRLITNEASP,0.9407979952337093,0.7670018471581058,multiclass,resnet,pfam
WCYKMVHQFDGRLITNEASP,0.8840973225676066,0.6383242906987474,multiclass,custom,pfam
WCYKMVHQFDGRLITNEASP,0.9494822228227882,0.7599877369826993,multiclass,resnet,pfam
WCYKMVHQFDGRLITNEASP,0.8825494417273637,0.6282461321284386,multiclass,custom,pfam
WCYKMVHQFDGRLITNEASP,0.9475263311741207,0.7762462234350147,multiclass,resnet,pfam
WCYKMVHQFDGRLITNEASP,0.8859889928783329,0.6349883294411375,multiclass,custom,pfam
WCYKMVHQFDGRLITNEASP,0.9403712101019905,0.752734716276658,multiclass,resnet,pfam
WCYKMVHQFDGRLITNEASP,0.8854102331215039,0.6471947724782392,multiclass,custom,pfam
WCYKMVHQFDGRLITNEASP,0.9452804851463495,0.7673662399599345,multiclass,resnet,pfam
WCYKMVHQFDGRLITNEASP,0.8845007907286323,0.6398204862499752,multiclass,custom,pfam
WCYKMVHQFDGRLITNEASP,0.9408109010046672,0.7557445941839256,multiclass,resnet,pfam
WCYKMVHQFDGRLITNEASP,0.8795528987041388,0.6211715249836388,multiclass,custom,pfam
WCYKMVHQFDGRLITNEASP,0.940830583578728,0.7584162725728513,multiclass,resnet,pfam
WCYKMVHQFDGRLITNEASP,0.8872128746874779,0.6448871439128971,multiclass,custom,pfam
WCYKMVHQFDGRLITNEASP,0.9425321015116269,0.7638958611513831,multiclass,resnet,pfam
WCYKMVHQFDGRLITNEASP,0.8828896780824191,0.6212638259826496,multiclass,custom,pfam
WCYKMVHQFDGRLITNEASP,0.9420458284503145,0.7348969529680087,multiclass,resnet,pfam
WCYKMVHQFDGRLITNEASP,0.8838590190696097,0.634041558186806,multiclass,custom,pfam
WCYKMVHQFDGRLITNEASP,0.9472989929546536,0.7698260582388955,multiclass,resnet,pfam
WCYKMVHQFDGRLITNEASP,0.8885110062026609,0.6597628217886495,multiclass,custom,pfam
WCYKMVHQFDGRLITNEASP,0.946709844621466,0.7497506681271173,multiclass,resnet,pfam
WCYKMVHQFDGRLITNEASP,0.885222054224652,0.6356340797928858,multiclass,custom,pfam
WCYKMVHQFDGRLITNEASP,0.9479775993553222,0.7769332208863736,multiclass,resnet,pfam
WCYKMVHQFDGRLITNEASP,0.8828476151200991,0.6260797266128824,multiclass,custom,pfam
WCYKMVHQFDGRLITNEASP,0.9395083298223298,0.7636183075200867,multiclass,resnet,pfam
WCYKMVHQFDGRLITNEASP,0.8870040251797043,0.6390665970529353,multiclass,custom,pfam
WCYKMVHQFDGRLITNEASP,0.9420892489039165,0.7740935896504723,multiclass,resnet,pfam
WCYKMVHQFDGRLITNEASP,0.8868553022874412,0.6441308592377505,multiclass,custom,pfam
WCYKMVHQFDGRLITNEASP,0.9431457375665708,0.75695359075367,multiclass,resnet,pfam
WCYKMVHQFDGRLITNEASP,0.8891345679461391,0.6549113446397857,multiclass,custom,pfam
WCYKMVHQFDGRLITNEASP,0.9381820157643826,0.7510944083556795,multiclass,resnet,pfam
WCYKMVHQFDGRLITNEASP,0.8823355406553395,0.6327758750457512,multiclass,custom,pfam
WCYKMVHQFDGRLITNEASP,0.9392021638051681,0.7429574679462535,multiclass,resnet,pfam
WCYKMVHQFDGRLITNEASP,0.8839747580232487,0.6376210020584608,multiclass,custom,pfam
WCYKMVHQFDGRLITNEASP,0.9403982380090404,0.7430879598958414,multiclass,resnet,pfam
WCYKMVHQFDGRLITNEASP,0.8886989870575995,0.6457973768149767,multiclass,custom,pfam
WCYKMVHQFDGRLITNEASP,0.9408144248454746,0.7391654903147098,multiclass,resnet,pfam
WCYKMVHQFDGRLITNEASP,0.8879300801801826,0.6522565610694582,multiclass,custom,pfam
WCYKMVHQFDGRLITNEASP,0.9387257852733759,0.7512879277162867,multiclass,resnet,pfam
WCYKMVHQFDGRLITNEASP,0.8851766803224621,0.6378523035548097,multiclass,custom,pfam
WCYKMVHQFDGRLITNEASP,0.938468459442058,0.7596417282683453,multiclass,resnet,pfam
WCYKMVHQFDGRLITNEASP,0.8845940766143954,0.6329021104579775,multiclass,custom,pfam
WCYKMVHQFDGRLITNEASP,0.9389025466692644,0.7401770830454659,multiclass,resnet,pfam
WCYKMVHQFDGRLITNEASP,0.8844019753563339,0.6335094142067278,multiclass,custom,pfam
WCYKMVHQFDGRLITNEASP,0.9435583281267854,0.7724292012852653,multiclass,resnet,pfam
WCYKMVHQFDGRLITNEASP,0.8913310339351979,0.6478849605166054,multiclass,custom,pfam
WCYKMVHQFDGRLITNEASP,0.9329303422559138,0.7302807457631166,multiclass,resnet,pfam
WCYKMVHQFDGRLITNEASP,0.8879533977467704,0.6451326813475807,multiclass,custom,pfam
WCYKMVHQFDGRLITNEASP,0.9285381533461552,0.7148037317599077,multiclass,resnet,pfam
WCYKMVHQFDGRLITNEASP,0.8840794627964224,0.6297189228403877,multiclass,custom,pfam
WCYKMVHQFDGRLITNEASP,0.9387731429629133,0.7502536635011382,multiclass,resnet,pfam
WCYKMVHQFDGRLITNEASP,0.8734973292128794,0.6118344497302576,multiclass,custom,pfam
WCYKMVHQFDGRLITNEASP,0.9422336670391622,0.7573667227736566,multiclass,resnet,pfam
WCYKMVHQFDGRLITNEASP,0.8825946496280576,0.6236949953242701,multiclass,custom,pfam
WCYKMVHQFDGRLITNEASP,0.9408658535254368,0.7761587727569403,multiclass,resnet,pfam
WCYKMVHQFDGRLITNEASP,0.8880081124334867,0.6388702772246171,multiclass,custom,pfam
WCYKMVHQFDGRLITNEASP,0.937597998610407,0.7590279858410616,multiclass,resnet,pfam
WCYKMVHQFDGRLITNEASP,0.8795662281703864,0.6224452775734947,multiclass,custom,pfam
WCYKMVHQFDGRLITNEASP,0.9467107619106454,0.773934197417711,multiclass,resnet,pfam
WCYKMVHQFDGRLITNEASP,0.8843598398776413,0.6279415010583347,multiclass,custom,pfam
WCYKMVHQFDGRLITNEASP,0.9401565137115764,0.7365646828892534,multiclass,resnet,pfam
WCYKMVHQFDGRLITNEASP,0.8737879243546253,0.6066751597685183,multiclass,custom,pfam
WCYKMVHQFDGRLITNEASP,0.9370341822349249,0.7474266586674067,multiclass,resnet,pfam
WCYKMVHQFDGRLITNEASP,0.8814102061258637,0.6316471735490622,multiclass,custom,pfam
WCYKMVHQFDGRLITNEASP,0.9455693119033368,0.7773968569516746,multiclass,resnet,pfam
WCYKMVHQFDGRLITNEASP,0.8861812557240054,0.6479504634353657,multiclass,custom,pfam
WCYKMVHQFDGRLITNEASP,0.9409622695887231,0.7436065984136663,multiclass,resnet,pfam
WCYKMVHQFDGRLITNEASP,0.8861356646041483,0.639530543299627,multiclass,custom,pfam
WCYKMVHQFDGRLITNEASP,0.9492063019816168,0.7817265081249795,multiclass,resnet,pfam
WCYKMVHQFDGRLITNEASP,0.8838285713064042,0.6280857286629111,multiclass,custom,pfam
WCYKMVHQFDGRLITNEASP,0.9389767352683076,0.7633227446858367,multiclass,resnet,pfam
WCYKMVHQFDGRLITNEASP,0.8824997412341673,0.6188514151286967,multiclass,custom,pfam
WCYKMVHQFDGRLITNEASP,0.9441168271220833,0.7759087629739733,multiclass,resnet,pfam
WCYKMVHQFDGRLITNEASP,0.8763580537954082,0.6139072673460525,multiclass,custom,pfam
WCYKMVHQFDGRLITNEASP,0.9400856562784702,0.761857331839377,multiclass,resnet,pfam
WCYKMVHQFDGRLITNEASP,0.8882966228426078,0.6507443565530135,multiclass,custom,pfam
WCYKMVHQFDGRLITNEASP,0.9458360065771494,0.7653085998410415,multiclass,resnet,pfam
WCYKMVHQFDGRLITNEASP,0.8832224617897078,0.6269439442632603,multiclass,custom,pfam
WCYKMVHQFDGRLITNEASP,0.9435404709706751,0.7684610155012506,multiclass,resnet,pfam
WCYKMVHQFDGRLITNEASP,0.8809743564889612,0.6238635000446753,multiclass,custom,pfam
WCYKMVHQFDGRLITNEASP,0.9353977645807916,0.7508332505973808,multiclass,resnet,pfam
WCYKMVHQFDGRLITNEASP,0.8836867962823577,0.6324231944955068,multiclass,custom,pfam
WCYKMVHQFDGRLITNEASP,0.9437349104822008,0.7706222679483055,multiclass,resnet,pfam
WCYKMVHQFDGRLITNEASP,0.8786100468250184,0.621885374440383,multiclass,custom,pfam
WCYKMVHQFDGRLITNEASP,0.9427046905355441,0.7413531852868918,multiclass,resnet,pfam
WCYKMVHQFDGRLITNEASP,0.8870320546258373,0.6480097021416306,multiclass,custom,pfam
WCYKMVHQFDGRLITNEASP,0.9448061124296796,0.7719381609164317,multiclass,resnet,pfam
WCYKMVHQFDGRLITNEASP,0.8869108994672901,0.6419200580819844,multiclass,custom,pfam
WCYKMVHQFDGRLITNEASP,0.9364195329148342,0.7472816456789368,multiclass,resnet,pfam
WCYKMVHQFDGRLITNEASP,0.8820950519223245,0.6335595645902297,multiclass,custom,pfam
WCYKMVHQFDGRLITNEASP,0.9395024566878394,0.7527252831547506,multiclass,resnet,pfam
WCYKMVHQFDGRLITNEASP,0.8908671871072441,0.6496047208158726,multiclass,custom,pfam
WCYKMVHQFDGRLITNEASP,0.9380963534191711,0.7537777464718322,multiclass,resnet,pfam
WCYKMVHQFDGRLITNEASP,0.8829995552270313,0.624883963021045,multiclass,custom,pfam
WCYKMVHQFDGRLITNEASP,0.9394027752431265,0.7568153966176207,multiclass,resnet,pfam
WCYKMVHQFDGRLITNEASP,0.8888289727932929,0.6454481993285235,multiclass,custom,pfam
WCYKMVHQFDGRLITNEASP,0.9433274036902501,0.7396199324862077,multiclass,resnet,pfam
WCYKMVHQFDGRLITNEASP,0.8798331774932857,0.6225650507029303,multiclass,custom,pfam
WCYKMVHQFDGRLITNEASP,0.9356115428386254,0.733926362696136,multiclass,resnet,pfam
WCYKMVHQFDGRLITNEASP,0.8821931622340233,0.6276404197153616,multiclass,custom,pfam
WCYKMVHQFDGRLITNEASP,0.945837702721042,0.7605272221517682,multiclass,resnet,pfam
WCYKMVHQFDGRLITNEASP,0.886138868476041,0.6282819958971995,multiclass,custom,pfam
WCYKMVHQFDGRLITNEASP,0.9408218604118552,0.7335708638211295,multiclass,resnet,pfam
WCYKMVHQFDGRLITNEASP,0.8883574109093875,0.6433910809800565,multiclass,custom,pfam
WCYKMVHQFDGRLITNEASP,0.941354578424028,0.749552206447462,multiclass,resnet,pfam
WCYKMVHQFDGRLITNEASP,0.8794349434073092,0.6198126475988961,multiclass,custom,pfam
WCYKMVHQFDGRLITNEASP,0.9375868927771508,0.756889081715614,multiclass,resnet,pfam
WCYKMVHQFDGRLITNEASP,0.8845206976849862,0.6353969407211112,multiclass,custom,pfam
WCYKMVHQFDGRLITNEASP,0.9388742732205003,0.7434763820179053,multiclass,resnet,pfam
WCYKMVHQFDGRLITNEASP,0.8923488667175465,0.6491202849878507,multiclass,custom,pfam
WCYKMVHQFDGRLITNEASP,0.9437673717978001,0.7737433354380434,multiclass,resnet,pfam
WCYKMVHQFDGRLITNEASP,0.882932998877493,0.6293299296936057,multiclass,custom,pfam
WCYKMVHQFDGRLITNEASP,0.9421473612370072,0.775629497848325,multiclass,resnet,pfam
WCYKMVHQFDGRLITNEASP,0.8788949175189685,0.62265907546039,multiclass,custom,pfam
WCYKMVHQFDGRLITNEASP,0.9414081354248293,0.761149362844371,multiclass,resnet,pfam
WCYKMVHQFDGRLITNEASP,0.8840445804915408,0.6326178404145755,multiclass,custom,pfam
WCYKMVHQFDGRLITNEASP,0.9449230634438305,0.7629303002642461,multiclass,resnet,pfam
WCYKMVHQFDGRLITNEASP,0.8872381998303938,0.6452046541462919,multiclass,custom,pfam
WCYKMVHQFDGRLITNEASP,0.9410624916645357,0.751705123942944,multiclass,resnet,pfam
WCYKMVHQFDGRLITNEASP,0.8824091275817769,0.6360575892443936,multiclass,custom,pfam
WCYKMVHQFDGRLITNEASP,0.9391439258559002,0.7726542949293627,multiclass,resnet,pfam
WCYKMVHQFDGRLITNEASP,0.884343367170976,0.6364850462856161,multiclass,custom,pfam
WCYKMVHQFDGRLITNEASP,0.9340275888354531,0.7001582158247803,multiclass,resnet,pfam
WCYKMVHQFDGRLITNEASP,0.8813137070774555,0.628733285644404,multiclass,custom,pfam
WCYKMVHQFDGRLITNEASP,0.9416941269422697,0.7615038698518121,multiclass,resnet,pfam
WCYKMVHQFDGRLITNEASP,0.882134404297666,0.6321660244773342,multiclass,custom,pfam
WCYKMVHQFDGRLITNEASP,0.9439602965463887,0.7669261997740673,multiclass,resnet,pfam
WCYKMVHQFDGRLITNEASP,0.8854271464151848,0.6366522996492433,multiclass,custom,pfam
WCYKMVHQFDGRLITNEASP,0.9474020886424258,0.7770032657123787,multiclass,resnet,pfam
WCYKMVHQFDGRLITNEASP,0.8795706997003997,0.6220779844729573,multiclass,custom,pfam
WCYKMVHQFDGRLITNEASP,0.9394559543359424,0.7435748532754091,multiclass,resnet,pfam
WCYKMVHQFDGRLITNEASP,0.8849270558092035,0.631220725788036,multiclass,custom,pfam
WCYKMVHQFDGRLITNEASP,0.9419671910651315,0.7791979236073995,multiclass,resnet,pfam
WCYKMVHQFDGRLITNEASP,0.8744773514260862,0.6089783333300898,multiclass,custom,pfam
WCYKMVHQFDGRLITNEASP,0.9376114504440457,0.7334443466072663,multiclass,resnet,pfam
WCYKMVHQFDGRLITNEASP,0.8847479774028251,0.6419944333576385,multiclass,custom,pfam
WCYKMVHQFDGRLITNEASP,0.940958187112377,0.7538058291828214,multiclass,resnet,pfam
WCYKMVHQFDGRLITNEASP,0.8855833544410814,0.6355801124668183,multiclass,custom,pfam
WCYKMVHQFDGRLITNEASP,0.9423941993828165,0.7608129396874337,multiclass,resnet,pfam
WCYKMVHQFDGRLITNEASP,0.8833276009472899,0.6275864363543102,multiclass,custom,pfam
WCYKMVHQFDGRLITNEASP,0.9404742894170385,0.75355789608704,multiclass,resnet,pfam
WCYKMVHQFDGRLITNEASP,0.8814331798235665,0.6330427156421716,multiclass,custom,pfam
WCYKMVHQFDGRLITNEASP,0.9450840087414427,0.7683521848631385,multiclass,resnet,pfam
WCYKMVHQFDGRLITNEASP,0.8819962365453445,0.6335036065285743,multiclass,custom,pfam
WCYKMVHQFDGRLITNEASP,0.9445214962836751,0.7795789623533741,multiclass,resnet,pfam
WCYKMVHQFDGRLITNEASP,0.8888073570286018,0.6372229318021354,multiclass,custom,pfam
WCYKMVHQFDGRLITNEASP,0.9460196113252477,0.7508168060056208,multiclass,resnet,pfam
WCYKMVHQFDGRLITNEASP,0.8848375291218968,0.6347060551316559,multiclass,custom,pfam
WCYKMVHQFDGRLITNEASP,0.9380036223722736,0.7375251518676795,multiclass,resnet,pfam
WCYKMVHQFDGRLITNEASP,0.8865352660846622,0.652470717582862,multiclass,custom,pfam
WCYKMVHQFDGRLITNEASP,0.9470843699295746,0.7788286165803953,multiclass,resnet,pfam
WCYKMVHQFDGRLITNEASP,0.8870177413518541,0.6309058391058986,multiclass,custom,pfam
WCYKMVHQFDGRLITNEASP,0.945984265229191,0.7727745995842,multiclass,resnet,pfam
WCYKMVHQFDGRLITNEASP,0.8857566788430422,0.6389502832954073,multiclass,custom,pfam
WCYKMVHQFDGRLITNEASP,0.940189352940822,0.7147950271470522,multiclass,resnet,pfam
WCYKMVHQFDGRLITNEASP,0.8870747215721453,0.6498529929680752,multiclass,custom,pfam
WCYKMVHQFDGRLITNEASP,0.9464784202413498,0.7716212258785748,multiclass,resnet,pfam
WCYKMVHQFDGRLITNEASP,0.8784300263664397,0.6274074047338963,multiclass,custom,pfam
WCYKMVHQFDGRLITNEASP,0.9324238949960139,0.731137949939269,multiclass,resnet,pfam
WCYKMVHQFDGRLITNEASP,0.8840245926613426,0.639561307519392,multiclass,custom,pfam
WCYKMVHQFDGRLITNEASP,0.9394355495280857,0.7416250890652375,multiclass,resnet,pfam
WCYKMVHQFDGRLITNEASP,0.8827593468425967,0.6309101558394745,multiclass,custom,pfam
WCYKMVHQFDGRLITNEASP,0.9407934809666788,0.7776531658163878,multiclass,resnet,pfam
WCYKMVHQFDGRLITNEASP,0.8878924237278133,0.641865607750946,multiclass,custom,pfam
WCYKMVHQFDGRLITNEASP,0.9426365992341894,0.7765078336493723,multiclass,resnet,pfam
WCYKMVHQFDGRLITNEASP,0.8837175871495189,0.6338453522835678,multiclass,custom,pfam
WCYKMVHQFDGRLITNEASP,0.9356237120392427,0.7591665355418306,multiclass,resnet,pfam
WCYKMVHQFDGRLITNEASP,0.8880308731971681,0.6518216470905782,multiclass,custom,pfam
WCYKMVHQFDGRLITNEASP,0.9436216303615167,0.7845301369170269,multiclass,resnet,pfam
WCYKMVHQFDGRLITNEASP,0.8884703024397099,0.6486640775555462,multiclass,custom,pfam
WCYKMVHQFDGRLITNEASP,0.9468757039963178,0.7804585597598415,multiclass,resnet,pfam
WCYKMVHQFDGRLITNEASP,0.879636593226922,0.6205340247337962,multiclass,custom,pfam
WCYKMVHQFDGRLITNEASP,0.9438767398719751,0.7730414242783811,multiclass,resnet,pfam
WCYKMVHQFDGRLITNEASP,0.8861451725285263,0.6309687538455832,multiclass,custom,pfam
WCYKMVHQFDGRLITNEASP,0.9342053125423343,0.7330834526685905,multiclass,resnet,pfam
WCYKMVHQFDGRLITNEASP,0.8788610892334597,0.62342684110032,multiclass,custom,pfam
WCYKMVHQFDGRLITNEASP,0.9428818918196125,0.7710187254410069,multiclass,resnet,pfam
WCYKMVHQFDGRLITNEASP,0.8864852028358898,0.6342354336699702,multiclass,custom,pfam
WCYKMVHQFDGRLITNEASP,0.9454647794904318,0.7764777183857612,multiclass,resnet,pfam
WCYKMVHQFDGRLITNEASP,0.8874233496576263,0.6470636369509298,multiclass,custom,pfam
WCYKMVHQFDGRLITNEASP,0.9435919026632519,0.7673876479677889,multiclass,resnet,pfam
WCYKMVHQFDGRLITNEASP,0.8818657495678168,0.6298621586649626,multiclass,custom,pfam
WCYKMVHQFDGRLITNEASP,0.9469155194246369,0.7918884708156966,multiclass,resnet,pfam
WCYKMVHQFDGRLITNEASP,0.8823093120528988,0.6408265728496261,multiclass,custom,pfam
WCYKMVHQFDGRLITNEASP,0.9457299937950729,0.7777470847532288,multiclass,resnet,pfam
WCYKMVHQFDGRLITNEASP,0.8881228492814275,0.6428963319365588,multiclass,custom,pfam
WCYKMVHQFDGRLITNEASP,0.938119355366082,0.7680286183680222,multiclass,resnet,pfam
WCYKMVHQFDGRLITNEASP,0.8907488802772094,0.6472246145295271,multiclass,custom,pfam
WCYKMVHQFDGRLITNEASP,0.9411849678468454,0.7683028334085382,multiclass,resnet,pfam
WCYKMVHQFDGRLITNEASP,0.8848096186038126,0.6330580660814976,multiclass,custom,pfam
WCYKMVHQFDGRLITNEASP,0.9444648668141216,0.7584819254914523,multiclass,resnet,pfam
WCYKMVHQFDGRLITNEASP,0.88611859430273,0.6356845722162939,multiclass,custom,pfam
WCYKMVHQFDGRLITNEASP,0.9429479409470408,0.7371781003615955,multiclass,resnet,pfam
WCYKMVHQFDGRLITNEASP,0.8852898598122646,0.6393880856225274,multiclass,custom,pfam
WCYKMVHQFDGRLITNEASP,0.9411278976990657,0.7668022727899503,multiclass,resnet,pfam
WCYKMVHQFDGRLITNEASP,0.8852551588141788,0.6430539657980527,multiclass,custom,pfam
WCYKMVHQFDGRLITNEASP,0.9424429697288434,0.765836366804685,multiclass,resnet,pfam
WCYKMVHQFDGRLITNEASP,0.8819739519601324,0.6292921646127648,multiclass,custom,pfam
WCYKMVHQFDGRLITNEASP,0.9424414121280209,0.7618929338967855,multiclass,resnet,pfam
WCYKMVHQFDGRLITNEASP,0.8796826295286099,0.621017463278936,multiclass,custom,pfam
WCYKMVHQFDGRLITNEASP,0.9357467461443235,0.7565979428650966,multiclass,resnet,pfam
WCYKMVHQFDGRLITNEASP,0.8863180924183194,0.6372896010785944,multiclass,custom,pfam
WCYKMVHQFDGRLITNEASP,0.937156174583998,0.7611367805401458,multiclass,resnet,pfam
WCYKMVHQFDGRLITNEASP,0.8895026613455256,0.6507522452605825,multiclass,custom,pfam
WCYKMVHQFDGRLITNEASP,0.9428940698603127,0.7574511939063022,multiclass,resnet,pfam
WCYKMVHQFDGRLITNEASP,0.8850830531411322,0.6323002715817378,multiclass,custom,pfam
WCYKMVHQFDGRLITNEASP,0.9384891479144887,0.727779491636957,multiclass,resnet,pfam
WCYKMVHQFDGRLITNEASP,0.8822172802151951,0.6321819462408088,multiclass,custom,pfam
WCYKMVHQFDGRLITNEASP,0.9396690644379107,0.7491333215670772,multiclass,resnet,pfam
WCYKMVHQFDGRLITNEASP,0.8878932367938116,0.6408824565939397,multiclass,custom,pfam
WCYKMVHQFDGRLITNEASP,0.9427281067018976,0.7643169521226131,multiclass,resnet,pfam
WCYKMVHQFDGRLITNEASP,0.8879749791363902,0.6452946651749141,multiclass,custom,pfam
WCYKMVHQFDGRLITNEASP,0.9350093115583817,0.7186832717001258,multiclass,resnet,pfam
WCYKMVHQFDGRLITNEASP,0.8766111211153775,0.6078402724701206,multiclass,custom,pfam
WCYKMVHQFDGRLITNEASP,0.9452822846491251,0.7641181939129804,multiclass,resnet,pfam
WCYKMVHQFDGRLITNEASP,0.8819779886411705,0.6287502589256792,multiclass,custom,pfam
WCYKMVHQFDGRLITNEASP,0.9442629254247914,0.7687293810240022,multiclass,resnet,pfam
WCYKMVHQFDGRLITNEASP,0.8807503043256026,0.6192639429627048,multiclass,custom,pfam
WCYKMVHQFDGRLITNEASP,0.9362457204084944,0.7612233334549939,multiclass,resnet,pfam
WCYKMVHQFDGRLITNEASP,0.8819408472969477,0.6336940435380477,multiclass,custom,pfam
WCYKMVHQFDGRLITNEASP,0.9447809820938412,0.7622315835106191,multiclass,resnet,pfam
WCYKMVHQFDGRLITNEASP,0.8796408501670012,0.6180637633517356,multiclass,custom,pfam
WCYKMVHQFDGRLITNEASP,0.9422170985579573,0.7543041381105718,multiclass,resnet,pfam
WCYKMVHQFDGRLITNEASP,0.8882772623763431,0.6430013042687335,multiclass,custom,pfam
WCYKMVHQFDGRLITNEASP,0.9294260421049992,0.7341733609948754,multiclass,resnet,pfam
WCYKMVHQFDGRLITNEASP,0.8838801403455134,0.6323812156830251,multiclass,custom,pfam
WCYKMVHQFDGRLITNEASP,0.9335156148001527,0.7233847117006125,multiclass,resnet,pfam
WCYKMVHQFDGRLITNEASP,0.8841595274810663,0.6354489622455839,multiclass,custom,pfam
WCYKMVHQFDGRLITNEASP,0.9405066979454201,0.7310655609515658,multiclass,resnet,pfam
WCYKMVHQFDGRLITNEASP,0.8848444722207883,0.6335548227407048,multiclass,custom,pfam
WCYKMVHQFDGRLITNEASP,0.945417987335744,0.7636364523914244,multiclass,resnet,pfam
WCYKMVHQFDGRLITNEASP,0.8917857106281474,0.6535236278373585,multiclass,custom,pfam
WCYKMVHQFDGRLITNEASP,0.9458175046988376,0.7772412069022693,multiclass,resnet,pfam
WCYKMVHQFDGRLITNEASP,0.8849141802054055,0.6346204040004189,multiclass,custom,pfam
WCYKMVHQFDGRLITNEASP,0.9387415248838463,0.7279758838741056,multiclass,resnet,pfam
WCYKMVHQFDGRLITNEASP,0.8843149762256374,0.6314430868887643,multiclass,custom,pfam
WCYKMVHQFDGRLITNEASP,0.9377524802057489,0.7633406070768106,multiclass,resnet,pfam
WCYKMVHQFDGRLITNEASP,0.8842790864937214,0.6335049111566831,multiclass,custom,pfam
WCYKMVHQFDGRLITNEASP,0.9438029054769832,0.7596806226222661,multiclass,resnet,pfam
WCYKMVHQFDGRLITNEASP,0.8870696895316315,0.6333705783601524,multiclass,custom,pfam
WCYKMVHQFDGRLITNEASP,0.9418478560075829,0.7540027264252974,multiclass,resnet,pfam
WCYKMVHQFDGRLITNEASP,0.8761622937129718,0.6027290629456653,multiclass,custom,pfam
WCYKMVHQFDGRLITNEASP,0.9382822501034369,0.7392731075387614,multiclass,resnet,pfam
WCYKMVHQFDGRLITNEASP,0.8867163082375888,0.6408857700107445,multiclass,custom,pfam
WCYKMVHQFDGRLITNEASP,0.9378442758046596,0.7295884368929559,multiclass,resnet,pfam
WCYKMVHQFDGRLITNEASP,0.8833980485762147,0.6291406458023927,multiclass,custom,pfam
WCYKMVHQFDGRLITNEASP,0.9457831877447352,0.7751546025416349,multiclass,resnet,pfam
WCYKMVHQFDGRLITNEASP,0.875139904820248,0.6101171100984464,multiclass,custom,pfam
WCYKMVHQFDGRLITNEASP,0.9266814732770279,0.728320223687164,multiclass,resnet,pfam
WCYKMVHQFDGRLITNEASP,0.8879262383083688,0.6440868790281286,multiclass,custom,pfam
WCYKMVHQFDGRLITNEASP,0.9357214916456144,0.7592335280424987,multiclass,resnet,pfam
WCYKMVHQFDGRLITNEASP,0.8847366999234353,0.6358282983896164,multiclass,custom,pfam
WCYKMVHQFDGRLITNEASP,0.9412445084253438,0.7693298548532934,multiclass,resnet,pfam
WCYKMVHQFDGRLITNEASP,0.8881717794386803,0.6519538808786158,multiclass,custom,pfam
WCYKMVHQFDGRLITNEASP,0.9402391574326657,0.7450270871483828,multiclass,resnet,pfam
WCYKMVHQFDGRLITNEASP,0.8853691276168995,0.6391711323320071,multiclass,custom,pfam
WCYKMVHQFDGRLITNEASP,0.9328405205316462,0.725719431667131,multiclass,resnet,pfam
WCYKMVHQFDGRLITNEASP,0.8835392891591585,0.6358970782655674,multiclass,custom,pfam
WCYKMVHQFDGRLITNEASP,0.9386299820424278,0.7536347937432687,multiclass,resnet,pfam
WCYKMVHQFDGRLITNEASP,0.8828268311716034,0.6321857781421734,multiclass,custom,pfam
WCYKMVHQFDGRLITNEASP,0.9373859520385033,0.7241641179464615,multiclass,resnet,pfam
WCYKMVHQFDGRLITNEASP,0.8899422870329625,0.6557714868251632,multiclass,custom,pfam
WCYKMVHQFDGRLITNEASP,0.9477677437171443,0.7743756068794407,multiclass,resnet,pfam
WCYKMVHQFDGRLITNEASP,0.8773252885434282,0.6156800554367032,multiclass,custom,pfam
WCYKMVHQFDGRLITNEASP,0.9384455678921885,0.7359100460756032,multiclass,resnet,pfam
WCYKMVHQFDGRLITNEASP,0.8757249236147558,0.6098632383447506,multiclass,custom,pfam
WCYKMVHQFDGRLITNEASP,0.9322969622792137,0.7293319429989084,multiclass,resnet,pfam
WCYKMVHQFDGRLITNEASP,0.8795166936341925,0.6136948969977833,multiclass,custom,pfam
WCYKMVHQFDGRLITNEASP,0.943260206273461,0.7755956372806733,multiclass,resnet,pfam
WCYKMVHQFDGRLITNEASP,0.8875066168969481,0.6414797617904447,multiclass,custom,pfam
WCYKMVHQFDGRLITNEASP,0.9382938360013149,0.763154059953121,multiclass,resnet,pfam
WCYKMVHQFDGRLITNEASP,0.8764068602506411,0.6177019647586859,multiclass,custom,pfam
WCYKMVHQFDGRLITNEASP,0.9359721014709826,0.7292238029259852,multiclass,resnet,pfam
WCYKMVHQFDGRLITNEASP,0.8861328587914935,0.6416305456923851,multiclass,custom,pfam
WCYKMVHQFDGRLITNEASP,0.9440344269552885,0.7755049320821821,multiclass,resnet,pfam
WCYKMVHQFDGRLITNEASP,0.8857216002914967,0.6503881400794621,multiclass,custom,pfam
WCYKMVHQFDGRLITNEASP,0.9282292521668805,0.6659538844558618,multiclass,resnet,pfam
WCYKMVHQFDGRLITNEASP,0.887214241874495,0.6436745444500628,multiclass,custom,pfam
WCYKMVHQFDGRLITNEASP,0.9407631564826815,0.7591944700723329,multiclass,resnet,pfam
WCYKMVHQFDGRLITNEASP,0.884278649275057,0.6353643742624342,multiclass,custom,pfam
WCYKMVHQFDGRLITNEASP,0.939673210714371,0.7740133765342656,multiclass,resnet,pfam
WCYKMVHQFDGRLITNEASP,0.8781848374003337,0.6194573161441983,multiclass,custom,pfam
WCYKMVHQFDGRLITNEASP,0.9319021115088855,0.7126961832128738,multiclass,resnet,pfam
WCYKMVHQFDGRLITNEASP,0.8831246129656307,0.6324031484843833,multiclass,custom,pfam
WCYKMVHQFDGRLITNEASP,0.9394822453419766,0.7534852767426832,multiclass,resnet,pfam
WCYKMVHQFDGRLITNEASP,0.885154649479491,0.640994899889313,multiclass,custom,pfam
WCYKMVHQFDGRLITNEASP,0.9453291367302663,0.7941198005682564,multiclass,resnet,pfam
WCYKMVHQFDGRLITNEASP,0.8794089194363901,0.6183693388059985,multiclass,custom,pfam
WCYKMVHQFDGRLITNEASP,0.9402172856509396,0.7256129575210546,multiclass,resnet,pfam
WCYKMVHQFDGRLITNEASP,0.8828011405553076,0.6287136211988542,multiclass,custom,pfam
WCYKMVHQFDGRLITNEASP,0.9370783966232226,0.7333711129034111,multiclass,resnet,pfam
WCYKMVHQFDGRLITNEASP,0.8865337948304519,0.6477221439168523,multiclass,custom,pfam
WCYKMVHQFDGRLITNEASP,0.9392698732387347,0.7398364959951736,multiclass,resnet,pfam
WCYKMVHQFDGRLITNEASP,0.8785514885103183,0.6330537736985418,multiclass,custom,pfam
WCYKMVHQFDGRLITNEASP,0.9415096274998138,0.7516567634752499,multiclass,resnet,pfam
WCYKMVHQFDGRLITNEASP,0.888732755227785,0.6580301460776465,multiclass,custom,pfam
WCYKMVHQFDGRLITNEASP,0.9325405754448818,0.7458235366096383,multiclass,resnet,pfam
WCYKMVHQFDGRLITNEASP,0.8866379036517792,0.638922309677725,multiclass,custom,pfam
WCYKMVHQFDGRLITNEASP,0.9464196463913177,0.7818626341383454,multiclass,resnet,pfam
WCYKMVHQFDGRLITNEASP,0.8808262053433282,0.6252424579934,multiclass,custom,pfam
WCYKMVHQFDGRLITNEASP,0.9409708787393178,0.7802706059297535,multiclass,resnet,pfam
WCYKMVHQFDGRLITNEASP,0.8872242958070367,0.6355005526495896,multiclass,custom,pfam
WCYKMVHQFDGRLITNEASP,0.9352505119238664,0.7363360423679725,multiclass,resnet,pfam
WCYKMVHQFDGRLITNEASP,0.8833760582148796,0.637913376527382,multiclass,custom,pfam
WCYKMVHQFDGRLITNEASP,0.9423108353322116,0.7651172261094267,multiclass,resnet,pfam
WCYKMVHQFDGRLITNEASP,0.8821719285103908,0.6324022240511916,multiclass,custom,pfam
WCYKMVHQFDGRLITNEASP,0.9409659302313198,0.7384928523924726,multiclass,resnet,pfam
WCYKMVHQFDGRLITNEASP,0.8824149143992382,0.6373222816259221,multiclass,custom,pfam
WCYKMVHQFDGRLITNEASP,0.9421879452184811,0.7641390175834222,multiclass,resnet,pfam
WCYKMVHQFDGRLITNEASP,0.8776133404457926,0.619524630768503,multiclass,custom,pfam
WCYKMVHQFDGRLITNEASP,0.9347874984600992,0.728928442929285,multiclass,resnet,pfam
WCYKMVHQFDGRLITNEASP,0.8890904259470049,0.6414729365653298,multiclass,custom,pfam
WCYKMVHQFDGRLITNEASP,0.9360827028718225,0.7433376838221065,multiclass,resnet,pfam
WCYKMVHQFDGRLITNEASP,0.8861162563725784,0.6371439346554044,multiclass,custom,pfam
WCYKMVHQFDGRLITNEASP,0.9290533744558142,0.6692783919016974,multiclass,resnet,pfam
WCYKMVHQFDGRLITNEASP,0.887584870927536,0.6345064135808173,multiclass,custom,pfam
WCYKMVHQFDGRLITNEASP,0.9434021844558597,0.7848984421636674,multiclass,resnet,pfam
WCYKMVHQFDGRLITNEASP,0.885580349328969,0.6382656594511635,multiclass,custom,pfam
WCYKMVHQFDGRLITNEASP,0.9247576811957066,0.6787468560942079,multiclass,resnet,pfam
WCYKMVHQFDGRLITNEASP,0.8859739656283014,0.6293202621776383,multiclass,custom,pfam
WCYKMVHQFDGRLITNEASP,0.9453729797066013,0.7700881302458474,multiclass,resnet,pfam
WCYKMVHQFDGRLITNEASP,0.8831895243080414,0.6297504793747489,multiclass,custom,pfam
WCYKMVHQFDGRLITNEASP,0.9486500607737623,0.787090868948215,multiclass,resnet,pfam
WCYKMVHQFDGRLITNEASP,0.8766265414172745,0.6212220978724478,multiclass,custom,pfam
WCYKMVHQFDGRLITNEASP,0.9489738135445973,0.7802711832179552,multiclass,resnet,pfam
WCYKMVHQFDGRLITNEASP,0.8787768890297318,0.6243459726990184,multiclass,custom,pfam
WCYKMVHQFDGRLITNEASP,0.9472252380053735,0.767468763852239,multiclass,resnet,pfam
WCYKMVHQFDGRLITNEASP,0.8824567232804116,0.6234327577831793,multiclass,custom,pfam
WCYKMVHQFDGRLITNEASP,0.9429925051841485,0.7641446332893166,multiclass,resnet,pfam
WCYKMVHQFDGRLITNEASP,0.883071533854571,0.6308749002547944,multiclass,custom,pfam
WCYKMVHQFDGRLITNEASP,0.9388597615944798,0.7571621659371484,multiclass,resnet,pfam
WCYKMVHQFDGRLITNEASP,0.8823926141219947,0.6298493208052767,multiclass,custom,pfam
WCYKMVHQFDGRLITNEASP,0.9472671379923303,0.7873798994265878,multiclass,resnet,pfam
WCYKMVHQFDGRLITNEASP,0.8894284936631616,0.6466015698313948,multiclass,custom,pfam
WCYKMVHQFDGRLITNEASP,0.9407593090929712,0.7459392572804393,multiclass,resnet,pfam
WCYKMVHQFDGRLITNEASP,0.8808364669873316,0.6299481795128447,multiclass,custom,pfam
WCYKMVHQFDGRLITNEASP,0.9405474441832021,0.7535190258389968,multiclass,resnet,pfam
WCYKMVHQFDGRLITNEASP,0.8820670870482701,0.6280331600548508,multiclass,custom,pfam
WCYKMVHQFDGRLITNEASP,0.9340281629865135,0.7246170534524434,multiclass,resnet,pfam
WCYKMVHQFDGRLITNEASP,0.881333340317451,0.6301632003521989,multiclass,custom,pfam
WCYKMVHQFDGRLITNEASP,0.9444706003703363,0.7628903560112699,multiclass,resnet,pfam
WCYKMVHQFDGRLITNEASP,0.8858492221986269,0.6446879530348631,multiclass,custom,pfam
WCYKMVHQFDGRLITNEASP,0.9383430824599619,0.7492769510325944,multiclass,resnet,pfam
WCYKMVHQFDGRLITNEASP,0.8776159265232003,0.6081143646845139,multiclass,custom,pfam
WCYKMVHQFDGRLITNEASP,0.9417568906585758,0.7680181451688579,multiclass,resnet,pfam
WCYKMVHQFDGRLITNEASP,0.8839012626092723,0.6261434582001051,multiclass,custom,pfam
WCYKMVHQFDGRLITNEASP,0.936318864788649,0.7477450574193842,multiclass,resnet,pfam
WCYKMVHQFDGRLITNEASP,0.8844401009208127,0.6408461238582399,multiclass,custom,pfam
WCYKMVHQFDGRLITNEASP,0.9357599394584657,0.7454787925872837,multiclass,resnet,pfam
WCYKMVHQFDGRLITNEASP,0.8848368293565059,0.6318099066910703,multiclass,custom,pfam
WCYKMVHQFDGRLITNEASP,0.9409621077622454,0.7650457326340003,multiclass,resnet,pfam
WCYKMVHQFDGRLITNEASP,0.8896359996776079,0.6454677835365212,multiclass,custom,pfam
WCYKMVHQFDGRLITNEASP,0.9386963997889246,0.7605601483902984,multiclass,resnet,pfam
WCYKMVHQFDGRLITNEASP,0.8803495141660115,0.6279280758360216,multiclass,custom,pfam
WCYKMVHQFDGRLITNEASP,0.9438638470040879,0.7606245159222353,multiclass,resnet,pfam
WCYKMVHQFDGRLITNEASP,0.8758416128851882,0.6123217836666212,multiclass,custom,pfam
WCYKMVHQFDGRLITNEASP,0.9441253527411732,0.7495670065700206,multiclass,resnet,pfam
WCYKMVHQFDGRLITNEASP,0.8807440065735819,0.6200975496338397,multiclass,custom,pfam
WCYKMVHQFDGRLITNEASP,0.9436596535358749,0.7475721040000264,multiclass,resnet,pfam
WCYKMVHQFDGRLITNEASP,0.892384879705493,0.6534485920476361,multiclass,custom,pfam
WCYKMVHQFDGRLITNEASP,0.9291018696081871,0.7138377426237833,multiclass,resnet,pfam
WCYKMVHQFDGRLITNEASP,0.8895501000582989,0.6521902676963298,multiclass,custom,pfam
WCYKMVHQFDGRLITNEASP,0.9379682490080338,0.7563120632490568,multiclass,resnet,pfam
WCYKMVHQFDGRLITNEASP,0.8756033317528706,0.6095639167018091,multiclass,custom,pfam
WCYKMVHQFDGRLITNEASP,0.9442828608230596,0.7750616960850929,multiclass,resnet,pfam
WCYKMVHQFDGRLITNEASP,0.8879003492740256,0.6508816490897965,multiclass,custom,pfam
WCYKMVHQFDGRLITNEASP,0.938977130806183,0.7502794237063438,multiclass,resnet,pfam
WCYKMVHQFDGRLITNEASP,0.8849914078685499,0.6415440830167751,multiclass,custom,pfam
WCYKMVHQFDGRLITNEASP,0.9368843128462933,0.7372971883093744,multiclass,resnet,pfam
WCYKMVHQFDGRLITNEASP,0.8780488525697866,0.6229395369681392,multiclass,custom,pfam
WCYKMVHQFDGRLITNEASP,0.9369892054075383,0.747180320832528,multiclass,resnet,pfam
WCYKMVHQFDGRLITNEASP,0.884518064382077,0.6361585169091781,multiclass,custom,pfam
WCYKMVHQFDGRLITNEASP,0.9443873438448938,0.7761663085192897,multiclass,resnet,pfam
WCYKMVHQFDGRLITNEASP,0.8807539147031436,0.6307018440953907,multiclass,custom,pfam
WCYKMVHQFDGRLITNEASP,0.9386912804934383,0.7410350769841549,multiclass,resnet,pfam
WCYKMVHQFDGRLITNEASP,0.8860900883357979,0.6372446246062582,multiclass,custom,pfam
WCYKMVHQFDGRLITNEASP,0.9363719720570991,0.7269082354887488,multiclass,resnet,pfam
WCYKMVHQFDGRLITNEASP,0.8846646631025947,0.6418950617904414,multiclass,custom,pfam
WCYKMVHQFDGRLITNEASP,0.9426129898500903,0.7681982048489089,multiclass,resnet,pfam
WCYKMVHQFDGRLITNEASP,0.8851468230843477,0.6454678852657525,multiclass,custom,pfam
WCYKMVHQFDGRLITNEASP,0.9450478452594056,0.7796907462071895,multiclass,resnet,pfam
WCYKMVHQFDGRLITNEASP,0.8866500454836137,0.6293055437010636,multiclass,custom,pfam
WCYKMVHQFDGRLITNEASP,0.9385484917572988,0.754570130103108,multiclass,resnet,pfam
WCYKMVHQFDGRLITNEASP,0.8892593664093538,0.6560153246772573,multiclass,custom,pfam
WCYKMVHQFDGRLITNEASP,0.9411977816161018,0.7353090228090042,multiclass,resnet,pfam
WCYKMVHQFDGRLITNEASP,0.8829689504738543,0.6341791038365276,multiclass,custom,pfam
WCYKMVHQFDGRLITNEASP,0.9427725045449158,0.7608018563733683,multiclass,resnet,pfam
WCYKMVHQFDGRLITNEASP,0.8875058491472071,0.6412204794973286,multiclass,custom,pfam
WCYKMVHQFDGRLITNEASP,0.9406135772780468,0.7475892176910687,multiclass,resnet,pfam
WCYKMVHQFDGRLITNEASP,0.8820260474452415,0.6226721605651393,multiclass,custom,pfam
WCYKMVHQFDGRLITNEASP,0.9443581099969384,0.7613244113105473,multiclass,resnet,pfam
WCYKMVHQFDGRLITNEASP,0.8881077293623999,0.6445190383494266,multiclass,custom,pfam
WCYKMVHQFDGRLITNEASP,0.9368457780196234,0.7172744868353551,multiclass,resnet,pfam
WCYKMVHQFDGRLITNEASP,0.8818376424754362,0.6292802936783545,multiclass,custom,pfam
WCYKMVHQFDGRLITNEASP,0.9395853955452882,0.7406133807196791,multiclass,resnet,pfam
WCYKMVHQFDGRLITNEASP,0.883245712263899,0.6288168794767173,multiclass,custom,pfam
WCYKMVHQFDGRLITNEASP,0.9403444019867326,0.7815651786725611,multiclass,resnet,pfam
WCYKMVHQFDGRLITNEASP,0.8880696750855185,0.6428318841595586,multiclass,custom,pfam
WCYKMVHQFDGRLITNEASP,0.9387803696559562,0.730567150484106,multiclass,resnet,pfam
WCYKMVHQFDGRLITNEASP,0.885396289846522,0.6428440181954593,multiclass,custom,pfam
WCYKMVHQFDGRLITNEASP,0.9406233950190079,0.7495116744638821,multiclass,resnet,pfam
WCYKMVHQFDGRLITNEASP,0.8824110486318986,0.6304299027792885,multiclass,custom,pfam
WCYKMVHQFDGRLITNEASP,0.946074875184743,0.7780524244004143,multiclass,resnet,pfam
WCYKMVHQFDGRLITNEASP,0.8832339099586439,0.645419477595665,multiclass,custom,pfam
WCYKMVHQFDGRLITNEASP,0.9464024449985654,0.7738020928085152,multiclass,resnet,pfam
WCYKMVHQFDGRLITNEASP,0.8784969075235548,0.6186596430111323,multiclass,custom,pfam
WCYKMVHQFDGRLITNEASP,0.9388669518124043,0.7553012202977739,multiclass,resnet,pfam
WCYKMVHQFDGRLITNEASP,0.8867537566576852,0.6459379776542175,multiclass,custom,pfam
WCYKMVHQFDGRLITNEASP,0.9373300501160673,0.7240480622179413,multiclass,resnet,pfam
WCYKMVHQFDGRLITNEASP,0.888799612612253,0.6507933049755087,multiclass,custom,pfam
WCYKMVHQFDGRLITNEASP,0.9456523383347625,0.7787064869602601,multiclass,resnet,pfam
WCYKMVHQFDGRLITNEASP,0.8818063541880686,0.6194836779603802,multiclass,custom,pfam
WCYKMVHQFDGRLITNEASP,0.9376200826893113,0.7123610191728124,multiclass,resnet,pfam
WCYKMVHQFDGRLITNEASP,0.8885069936386547,0.6436434580763074,multiclass,custom,pfam
WCYKMVHQFDGRLITNEASP,0.9387278757007047,0.738382961686887,multiclass,resnet,pfam
WCYKMVHQFDGRLITNEASP,0.8884736999060492,0.6424548484662043,multiclass,custom,pfam
WCYKMVHQFDGRLITNEASP,0.9422704563687686,0.751784384669694,multiclass,resnet,pfam
WCYKMVHQFDGRLITNEASP,0.8848602781412822,0.6334326049097336,multiclass,custom,pfam
WCYKMVHQFDGRLITNEASP,0.94487871535672,0.7787295444909079,multiclass,resnet,pfam
WCYKMVHQFDGRLITNEASP,0.8882175870126765,0.6490765789818873,multiclass,custom,pfam
WCYKMVHQFDGRLITNEASP,0.9404215928403481,0.7385358127082174,multiclass,resnet,pfam
WCYKMVHQFDGRLITNEASP,0.8819884957703709,0.6221054183998878,multiclass,custom,pfam
WCYKMVHQFDGRLITNEASP,0.9447523815140538,0.7632137301695854,multiclass,resnet,pfam
WCYKMVHQFDGRLITNEASP,0.8861978019830297,0.641603845304082,multiclass,custom,pfam
WCYKMVHQFDGRLITNEASP,0.9451772250298467,0.7825177797571975,multiclass,resnet,pfam
WCYKMVHQFDGRLITNEASP,0.8871998831111046,0.6348883888066699,multiclass,custom,pfam
WCYKMVHQFDGRLITNEASP,0.9410302893715041,0.7700810120493684,multiclass,resnet,pfam
WCYKMVHQFDGRLITNEASP,0.8882772201583465,0.6490267334410901,multiclass,custom,pfam
WCYKMVHQFDGRLITNEASP,0.9421358360283654,0.7525906603876469,multiclass,resnet,pfam
WCYKMVHQFDGRLITNEASP,0.8871881616481637,0.6430521645843864,multiclass,custom,pfam
WCYKMVHQFDGRLITNEASP,0.942560106251811,0.7712494440273805,multiclass,resnet,pfam
WCYKMVHQFDGRLITNEASP,0.8721423432486256,0.6021328508066348,multiclass,custom,pfam
WCYKMVHQFDGRLITNEASP,0.9455991313598577,0.7714362810397495,multiclass,resnet,pfam
WCYKMVHQFDGRLITNEASP,0.8826110730378041,0.6359659095914624,multiclass,custom,pfam
WCYKMVHQFDGRLITNEASP,0.9413467967887492,0.7701154723701187,multiclass,resnet,pfam
WCYKMVHQFDGRLITNEASP,0.879289767141592,0.6247230695783866,multiclass,custom,pfam
WCYKMVHQFDGRLITNEASP,0.9400844367531249,0.7497612338419583,multiclass,resnet,pfam
WCYKMVHQFDGRLITNEASP,0.8804538767378787,0.6209839701048792,multiclass,custom,pfam
WCYKMVHQFDGRLITNEASP,0.941557672662727,0.7728509624110671,multiclass,resnet,pfam
WCYKMVHQFDGRLITNEASP,0.8827997088324757,0.6381032633332497,multiclass,custom,pfam
WCYKMVHQFDGRLITNEASP,0.9341789537876906,0.7305056250965736,multiclass,resnet,pfam
WCYKMVHQFDGRLITNEASP,0.8850901358114349,0.6486578335473003,multiclass,custom,pfam
WCYKMVHQFDGRLITNEASP,0.9462955818282797,0.7739990596348946,multiclass,resnet,pfam
WCYKMVHQFDGRLITNEASP,0.8811198326219575,0.6312310209820031,multiclass,custom,pfam
WCYKMVHQFDGRLITNEASP,0.9444052533857757,0.7524626569439248,multiclass,resnet,pfam
WCYKMVHQFDGRLITNEASP,0.8852867221599755,0.6447141788462322,multiclass,custom,pfam
WCYKMVHQFDGRLITNEASP,0.9472656133923852,0.7785987018375217,multiclass,resnet,pfam
WCYKMVHQFDGRLITNEASP,0.8846884211548189,0.6234464198696696,multiclass,custom,pfam
WCYKMVHQFDGRLITNEASP,0.937569118853745,0.7484207654261168,multiclass,resnet,pfam
WCYKMVHQFDGRLITNEASP,0.8829001217345331,0.6376083976750426,multiclass,custom,pfam
WCYKMVHQFDGRLITNEASP,0.9322022272225166,0.7447246875606661,multiclass,resnet,pfam
WCYKMVHQFDGRLITNEASP,0.888481138850033,0.6537285318177136,multiclass,custom,pfam
WCYKMVHQFDGRLITNEASP,0.93225996743664,0.7458750241025991,multiclass,resnet,pfam
WCYKMVHQFDGRLITNEASP,0.8792342393663931,0.6237234616121873,multiclass,custom,pfam
WCYKMVHQFDGRLITNEASP,0.9452755216850199,0.7703882845832718,multiclass,resnet,pfam
WCYKMVHQFDGRLITNEASP,0.8851403573461546,0.6351037091606564,multiclass,custom,pfam
WCYKMVHQFDGRLITNEASP,0.9448370045046939,0.7724585816852112,multiclass,resnet,pfam
WCYKMVHQFDGRLITNEASP,0.8833799901541608,0.6272597116190981,multiclass,custom,pfam
WCYKMVHQFDGRLITNEASP,0.9400840851453378,0.7509760416279888,multiclass,resnet,pfam
WCYKMVHQFDGRLITNEASP,0.8832351949362183,0.634391971838481,multiclass,custom,pfam
WCYKMVHQFDGRLITNEASP,0.9429331170766497,0.7478564111633481,multiclass,resnet,pfam
WCYKMVHQFDGRLITNEASP,0.8842216407391776,0.6320094365045568,multiclass,custom,pfam
WCYKMVHQFDGRLITNEASP,0.9362896339459208,0.7303203273355467,multiclass,resnet,pfam
WCYKMVHQFDGRLITNEASP,0.880646515440141,0.626543363775858,multiclass,custom,pfam
WCYKMVHQFDGRLITNEASP,0.9408863550037697,0.7482532170266882,multiclass,resnet,pfam
WCYKMVHQFDGRLITNEASP,0.878003249876345,0.6101007868488246,multiclass,custom,pfam
WCYKMVHQFDGRLITNEASP,0.9370708769174119,0.7566177024402344,multiclass,resnet,pfam
WCYKMVHQFDGRLITNEASP,0.8844643909523564,0.6396282266398757,multiclass,custom,pfam
WCYKMVHQFDGRLITNEASP,0.9426416879603291,0.7652316254858761,multiclass,resnet,pfam
WCYKMVHQFDGRLITNEASP,0.8790783752127853,0.6173687037930129,multiclass,custom,pfam
WCYKMVHQFDGRLITNEASP,0.9438897306645513,0.7626746173575484,multiclass,resnet,pfam
WCYKMVHQFDGRLITNEASP,0.8815307206172267,0.6271972310467296,multiclass,custom,pfam
WCYKMVHQFDGRLITNEASP,0.9389147608547646,0.7610565557939385,multiclass,resnet,pfam
WCYKMVHQFDGRLITNEASP,0.8838217138464108,0.639359338630708,multiclass,custom,pfam
WCYKMVHQFDGRLITNEASP,0.9422178938945835,0.7683274863299692,multiclass,resnet,pfam
WCYKMVHQFDGRLITNEASP,0.8868728364617091,0.6445080256367532,multiclass,custom,pfam
WCYKMVHQFDGRLITNEASP,0.9420515808983125,0.7599616384045539,multiclass,resnet,pfam
WCYKMVHQFDGRLITNEASP,0.8847970045840254,0.6347928681069366,multiclass,custom,pfam
WCYKMVHQFDGRLITNEASP,0.9451326976578844,0.7653595664242134,multiclass,resnet,pfam
WCYKMVHQFDGRLITNEASP,0.8823403989711176,0.620627539006537,multiclass,custom,pfam
WCYKMVHQFDGRLITNEASP,0.9435614600115148,0.7356629648444232,multiclass,resnet,pfam
WCYKMVHQFDGRLITNEASP,0.8822935656070797,0.630534674637516,multiclass,custom,pfam
WCYKMVHQFDGRLITNEASP,0.9373915854202479,0.7540464905519446,multiclass,resnet,pfam
WCYKMVHQFDGRLITNEASP,0.8742894315663321,0.6110762222527288,multiclass,custom,pfam
WCYKMVHQFDGRLITNEASP,0.9409876217850522,0.7621493644388122,multiclass,resnet,pfam
WCYKMVHQFDGRLITNEASP,0.8880913541741947,0.6588980110889194,multiclass,custom,pfam
WCYKMVHQFDGRLITNEASP,0.9433579785502293,0.7593443820497761,multiclass,resnet,pfam
WCYKMVHQFDGRLITNEASP,0.8882949263157348,0.6451348539238505,multiclass,custom,pfam
WCYKMVHQFDGRLITNEASP,0.9380306976611292,0.7636267840845851,multiclass,resnet,pfam
WCYKMVHQFDGRLITNEASP,0.8871984844058435,0.6366102726139907,multiclass,custom,pfam
WCYKMVHQFDGRLITNEASP,0.9437586038639211,0.7754878611407221,multiclass,resnet,pfam
WCYKMVHQFDGRLITNEASP,0.8892079735419929,0.6394006462728177,multiclass,custom,pfam
WCYKMVHQFDGRLITNEASP,0.9443570480337927,0.7627026368562019,multiclass,resnet,pfam
WCYKMVHQFDGRLITNEASP,0.8925973985047575,0.6518334803098333,multiclass,custom,pfam
WCYKMVHQFDGRLITNEASP,0.9362008980643969,0.7130691395054416,multiclass,resnet,pfam
WCYKMVHQFDGRLITNEASP,0.8781265510787273,0.6216598968101696,multiclass,custom,pfam
WCYKMVHQFDGRLITNEASP,0.9421021156913166,0.7669532866966859,multiclass,resnet,pfam
WCYKMVHQFDGRLITNEASP,0.8878916096786293,0.6378839401197005,multiclass,custom,pfam
WCYKMVHQFDGRLITNEASP,0.9419185902822166,0.7560480989649438,multiclass,resnet,pfam
WCYKMVHQFDGRLITNEASP,0.8813930825641269,0.6323725441648842,multiclass,custom,pfam
WCYKMVHQFDGRLITNEASP,0.9427794276548986,0.7783153638811555,multiclass,resnet,pfam
WCYKMVHQFDGRLITNEASP,0.8790624604089989,0.626399624814878,multiclass,custom,pfam
WCYKMVHQFDGRLITNEASP,0.9398698629499522,0.7495465687013241,multiclass,resnet,pfam
WCYKMVHQFDGRLITNEASP,0.8860424407265901,0.6343489658747917,multiclass,custom,pfam
WCYKMVHQFDGRLITNEASP,0.9401556092737187,0.754846510549277,multiclass,resnet,pfam
WCYKMVHQFDGRLITNEASP,0.8882601734278204,0.6408168292691571,multiclass,custom,pfam
WCYKMVHQFDGRLITNEASP,0.9295958214133467,0.6930090919245702,multiclass,resnet,pfam
WCYKMVHQFDGRLITNEASP,0.8812705011550573,0.6243683866580563,multiclass,custom,pfam
WCYKMVHQFDGRLITNEASP,0.9375272335896341,0.6998779330199313,multiclass,resnet,pfam
WCYKMVHQFDGRLITNEASP,0.883352076949684,0.6376153464208199,multiclass,custom,pfam
WCYKMVHQFDGRLITNEASP,0.9416803680781877,0.7562739929040727,multiclass,resnet,pfam
WCYKMVHQFDGRLITNEASP,0.8863533822124342,0.644601872396558,multiclass,custom,pfam
WCYKMVHQFDGRLITNEASP,0.9333274623477316,0.7186068969172088,multiclass,resnet,pfam
WCYKMVHQFDGRLITNEASP,0.8823048584809001,0.635710575866405,multiclass,custom,pfam
WCYKMVHQFDGRLITNEASP,0.9441528823525507,0.7603320421445515,multiclass,resnet,pfam
WCYKMVHQFDGRLITNEASP,0.8894544620176958,0.6541368326940253,multiclass,custom,pfam
WCYKMVHQFDGRLITNEASP,0.9444857388096919,0.7794876703912168,multiclass,resnet,pfam
WCYKMVHQFDGRLITNEASP,0.8889921725586751,0.6469427516119552,multiclass,custom,pfam
WCYKMVHQFDGRLITNEASP,0.9483221485167095,0.7848506550604258,multiclass,resnet,pfam
WCYKMVHQFDGRLITNEASP,0.8859566081436242,0.6359360750946799,multiclass,custom,pfam
WCYKMVHQFDGRLITNEASP,0.9429958727941472,0.7734660079059068,multiclass,resnet,pfam
WCYKMVHQFDGRLITNEASP,0.8845789990762551,0.637637690134242,multiclass,custom,pfam
WCYKMVHQFDGRLITNEASP,0.9368012349994082,0.7625171514242177,multiclass,resnet,pfam
WCYKMVHQFDGRLITNEASP,0.8852996596757405,0.6358661112906198,multiclass,custom,pfam
WCYKMVHQFDGRLITNEASP,0.9376366624164971,0.7237433302119174,multiclass,resnet,pfam
WCYKMVHQFDGRLITNEASP,0.8840459798490216,0.6304032632878526,multiclass,custom,pfam
WCYKMVHQFDGRLITNEASP,0.9487498215733876,0.780515139701794,multiclass,resnet,pfam
WCYKMVHQFDGRLITNEASP,0.8898223713786596,0.638849638035744,multiclass,custom,pfam
WCYKMVHQFDGRLITNEASP,0.9434479909162867,0.7606680896027528,multiclass,resnet,pfam
WCYKMVHQFDGRLITNEASP,0.8853103944000523,0.6411816521703192,multiclass,custom,pfam
WCYKMVHQFDGRLITNEASP,0.9433072121142253,0.7636732220680031,multiclass,resnet,pfam
WCYKMVHQFDGRLITNEASP,0.8862885733380462,0.6457006335110951,multiclass,custom,pfam
WCYKMVHQFDGRLITNEASP,0.9369248721523448,0.7499205943032876,multiclass,resnet,pfam
WCYKMVHQFDGRLITNEASP,0.8879114771444255,0.6433194664462232,multiclass,custom,pfam
WCYKMVHQFDGRLITNEASP,0.937351254660857,0.7598707166497807,multiclass,resnet,pfam
WCYKMVHQFDGRLITNEASP,0.8830268553499672,0.6297187208549498,multiclass,custom,pfam
WCYKMVHQFDGRLITNEASP,0.9409354403556099,0.7329890494987097,multiclass,resnet,pfam
WCYKMVHQFDGRLITNEASP,0.8798250878209487,0.6113097641065306,multiclass,custom,pfam
WCYKMVHQFDGRLITNEASP,0.9408550867022217,0.759403392275615,multiclass,resnet,pfam
WCYKMVHQFDGRLITNEASP,0.8810946702931485,0.6244415728209511,multiclass,custom,pfam
WCYKMVHQFDGRLITNEASP,0.943695211171405,0.7772500764618429,multiclass,resnet,pfam
WCYKMVHQFDGRLITNEASP,0.8817785541020505,0.6309632981393388,multiclass,custom,pfam
WCYKMVHQFDGRLITNEASP,0.9441677718208668,0.7632139108397138,multiclass,resnet,pfam
WCYKMVHQFDGRLITNEASP,0.8840772267976739,0.6318241937198722,multiclass,custom,pfam
WCYKMVHQFDGRLITNEASP,0.943420132192647,0.7618932993495593,multiclass,resnet,pfam
WCYKMVHQFDGRLITNEASP,0.885081664562992,0.6359226450909313,multiclass,custom,pfam
WCYKMVHQFDGRLITNEASP,0.9397262861400663,0.7497229995457216,multiclass,resnet,pfam
WCYKMVHQFDGRLITNEASP,0.8877445908455229,0.64428169510667,multiclass,custom,pfam
WCYKMVHQFDGRLITNEASP,0.9473059807309753,0.7772779141380699,multiclass,resnet,pfam
WCYKMVHQFDGRLITNEASP,0.886873625865087,0.6378609408225284,multiclass,custom,pfam
WCYKMVHQFDGRLITNEASP,0.9414382568474438,0.7431737883020835,multiclass,resnet,pfam
WCYKMVHQFDGRLITNEASP,0.8912907947457182,0.6484986696106582,multiclass,custom,pfam
WCYKMVHQFDGRLITNEASP,0.9346128611055043,0.7202164087333868,multiclass,resnet,pfam
WCYKMVHQFDGRLITNEASP,0.8852119035881139,0.6352829039296248,multiclass,custom,pfam
WCYKMVHQFDGRLITNEASP,0.9386090211854936,0.7494570008450148,multiclass,resnet,pfam
WCYKMVHQFDGRLITNEASP,0.8838139361837584,0.63375340251326,multiclass,custom,pfam
WCYKMVHQFDGRLITNEASP,0.93943664013026,0.738551225123649,multiclass,resnet,pfam
WCYKMVHQFDGRLITNEASP,0.8835431764859283,0.628537731719202,multiclass,custom,pfam
WCYKMVHQFDGRLITNEASP,0.944192236841673,0.7841328765610216,multiclass,resnet,pfam
WCYKMVHQFDGRLITNEASP,0.8769292700508489,0.6165109093737303,multiclass,custom,pfam
WCYKMVHQFDGRLITNEASP,0.938876546233906,0.760821201220336,multiclass,resnet,pfam
WCYKMVHQFDGRLITNEASP,0.888489756272677,0.644785217737035,multiclass,custom,pfam
WCYKMVHQFDGRLITNEASP,0.9409569467738544,0.7446766896376221,multiclass,resnet,pfam
WCYKMVHQFDGRLITNEASP,0.8822403590175224,0.6305653546600635,multiclass,custom,pfam
WCYKMVHQFDGRLITNEASP,0.9439948842603769,0.7704237438947528,multiclass,resnet,pfam
WCYKMVHQFDGRLITNEASP,0.876208012946855,0.6140021476052319,multiclass,custom,pfam
WCYKMVHQFDGRLITNEASP,0.9377545951888446,0.749522608650081,multiclass,resnet,pfam
WCYKMVHQFDGRLITNEASP,0.8863081124029382,0.6463115414739882,multiclass,custom,pfam
WCYKMVHQFDGRLITNEASP,0.9413620519928326,0.7457716947381943,multiclass,resnet,pfam
WCYKMVHQFDGRLITNEASP,0.8813705379932493,0.6234878640805858,multiclass,custom,pfam
WCYKMVHQFDGRLITNEASP,0.946047344602856,0.7661426110305991,multiclass,resnet,pfam
WCYKMVHQFDGRLITNEASP,0.8892007432435974,0.6443386550104021,multiclass,custom,pfam
WCYKMVHQFDGRLITNEASP,0.9403138002355508,0.7785461528451242,multiclass,resnet,pfam
WCYKMVHQFDGRLITNEASP,0.8824040660347349,0.634411133382297,multiclass,custom,pfam
WCYKMVHQFDGRLITNEASP,0.9421303499930154,0.7691931826680484,multiclass,resnet,pfam
WCYKMVHQFDGRLITNEASP,0.8764915519561708,0.610884306861361,multiclass,custom,pfam
WCYKMVHQFDGRLITNEASP,0.9487079254274347,0.7652629191569462,multiclass,resnet,pfam
WCYKMVHQFDGRLITNEASP,0.8843515604481255,0.6332753329462307,multiclass,custom,pfam
WCYKMVHQFDGRLITNEASP,0.9436019060698012,0.7774777853530717,multiclass,resnet,pfam
WCYKMVHQFDGRLITNEASP,0.8822757985684619,0.6289868152717665,multiclass,custom,pfam
WCYKMVHQFDGRLITNEASP,0.9430693133468425,0.7635483227966037,multiclass,resnet,pfam
