sequence_id,signature_ac,start,stop
63033,PS51421,15,266
2CI98,PS50135,223,279
2CI98,PS01357,228,255
75326,PS51004,53,490
75326,PS50835,544,619
93004,PS00221,98,106
96FE7,PS50070,24,101
96FE7,PS00021,69,82
6QNK2,PS51828,79,276
6QNK2,PS50221,371,557
6QNK2,PS50261,566,810
6QNK2,PS00650,798,813
708S7,PS01206,307,327
708S6,PS01206,305,325
23507,PS00142,272,281
33527,PS50929,326,608
33527,PS50893,644,868
33527,PS00107,680,705
33527,PS00211,768,782
33527,PS50929,976,1256
33527,PS50893,1293,1527
33527,PS00211,1430,1444
708S8,PS01206,338,358
9Y4C2,PS51723,542,841
93295,PS01238,161,176
5EBN9,PS50267,29,559
5EBN9,PS00610,54,68
54982,PS51201,331,473
54982,PS51201,718,889
24210,PS50011,12,278
24210,PS51022,343,397
24210,PS51022,402,461
24210,PS50106,495,576
24210,PS50002,582,651
24210,PS50052,711,883
24210,PS00856,746,763
9SVT8,PS01219,206,231
42438,PS50011,57,315
42438,PS00107,63,86
42438,PS00108,177,189
42438,PS50222,358,393
42438,PS50222,395,430
42438,PS00018,408,420
42438,PS50222,431,466
42438,PS00018,444,456
42438,PS50222,467,502
42438,PS00018,480,492
5QGZ9,PS50041,140,249
9GKE8,PS50835,3,125
8NCG7,PS00120,437,446
14246,PS50026,31,68
14246,PS00010,47,58
14246,PS01187,80,106
14246,PS50026,80,118
14246,PS00010,97,108
14246,PS01187,132,157
14246,PS50026,132,171
14246,PS00010,148,159
14246,PS01186,157,170
14246,PS01187,172,197
14246,PS50026,172,209
14246,PS00010,188,199
14246,PS01187,221,244
14246,PS50026,221,256
14246,PS00010,235,246
14246,PS01187,268,294
14246,PS50026,268,305
14246,PS00010,285,296
14246,PS50221,431,597
14246,PS50261,602,848
14246,PS00650,836,851
9TV66,PS50042,596,711
9TV66,PS00888,623,639
8GWJ6,PS50053,8,76
923X1,PS50026,18,57
923X1,PS01186,42,56
923X1,PS01187,58,83
923X1,PS50026,58,95
923X1,PS00010,74,85
923X1,PS01187,108,133
923X1,PS50026,108,145
923X1,PS00010,124,135
923X1,PS50221,293,468
923X1,PS50261,476,717
923X1,PS00650,705,720
949G3,PS50893,165,438
949G3,PS50893,838,1090
9C6K9,PS50011,291,565
9C6K9,PS00107,297,319
9C6K9,PS00108,412,424
2K6F1,PS51202,211,295
2K6F1,PS51202,317,401
2K6F1,PS51202,406,491
2K6F1,PS51202,497,583
9LFB8,PS01022,86,110
9LFB8,PS01023,183,195
02785,PS50893,144,397
02785,PS50893,836,1084
9VWE0,PS50853,227,327
9VWE0,PS50853,329,431
9VWE0,PS50853,436,535
9VWE0,PS50853,537,631
9VWE0,PS00152,541,550
9VWE0,PS50853,635,735
9VWE0,PS50853,736,836
8W4I7,PS50011,54,312
8W4I7,PS00107,60,83
8W4I7,PS00108,174,186
8W4I7,PS50222,355,390
8W4I7,PS00018,368,380
8W4I7,PS50222,391,426
8W4I7,PS50222,427,462
8W4I7,PS50222,463,498
8W4I7,PS00018,476,488
5EGT9,PS50814,22,147
5EGT9,PS50011,281,583
5EGT9,PS00109,434,446
03614,PS50267,39,578
03614,PS00610,64,78
03614,PS00754,147,167
9UGT4,PS50958,27,66
9UGT4,PS00524,42,62
9UGT4,PS50856,285,433
9UGT4,PS51233,445,639
9UGT4,PS50923,723,780
25378,PS51421,9,209
9H244,PS50262,42,298
49238,PS50262,48,293
49238,PS00237,115,131
24367,PS50893,158,430
24367,PS50893,843,1095
96NR3,PS50156,268,427
04775,PS50096,1905,1934
08733,PS00221,112,120
11234,PS51421,10,206
08953,PS51450,175,195
08953,PS51450,198,219
08953,PS51450,222,243
08953,PS51450,270,291
08953,PS51450,367,388
08953,PS51450,391,412
08953,PS51450,415,436
08953,PS51450,439,460
08953,PS51450,474,495
08953,PS51450,498,521
08953,PS51450,669,690
08953,PS51450,693,713
08953,PS51450,715,738
08953,PS50104,857,993
8R4G0,PS51117,46,296
8R4G0,PS50027,297,356
8R4G0,PS00022,315,326
8R4G0,PS50027,364,419
8R4G0,PS01248,384,420
8R4G0,PS50027,420,469
8R4G0,PS00022,438,449
8R4G0,PS50026,463,498
8R4G0,PS00022,486,497
9LYU7,PS50011,118,401
2EG98,PS50221,909,1071
2EG98,PS50095,1129,1246
9S752,PS50089,319,358
9JKB0,PS50042,464,570
9JKB0,PS00888,491,507
78348,PS01206,305,325
30273,PS51055,54,82
80662,PS50404,1,80
80662,PS50405,120,250
9LVI6,PS50011,365,639
9LVI6,PS00107,371,393
61088,PS50038,40,161
61088,PS50261,219,503
43287,PS00221,103,111
43286,PS00221,105,113
63344,PS50850,25,432
969I6,PS00634,495,527
53379,PS51767,81,468
53379,PS00141,96,107
53379,PS00141,357,368
5ANA3,PS50893,150,404
5ANA3,PS00211,303,317
5ANA3,PS50893,859,1103
12256,PS00216,146,162
19327,PS50262,53,400
19327,PS00237,122,138
28566,PS50262,39,344
28566,PS00237,108,124
28565,PS50262,52,353
28565,PS00237,121,137
28564,PS50262,62,365
28564,PS00237,131,147
8R456,PS50262,87,347
8R456,PS00237,156,172
8R456,PS00238,331,347
43353,PS00687,209,216
43353,PS00070,237,248
30530,PS50835,27,128
30530,PS50835,139,222
30530,PS50853,227,331
30530,PS50853,336,428
30530,PS50011,536,807
30530,PS00107,542,567
30530,PS00109,668,680
13641,PS51450,92,113
13641,PS51450,143,164
13641,PS51450,211,232
13641,PS51450,235,256
13641,PS51450,259,280
9UM73,PS50060,264,427
9UM73,PS50060,478,636
9UM73,PS50011,1116,1392
9UM73,PS00107,1122,1150
9UM73,PS00109,1245,1257
9UM73,PS00239,1276,1284
63138,PS00236,160,174
9ZSY3,PS50850,54,476
9ZSY3,PS00216,108,125
9ZSY3,PS00217,150,175
51172,PS01206,387,407
81445,PS50222,67,102
81445,PS50222,104,139
81445,PS00018,117,129
81445,PS50222,148,183
81445,PS00018,161,173
12303,PS51767,63,394
12303,PS00141,78,89
12303,PS00141,285,296
14931,PS50835,14,111
5EG88,PS00236,157,171
9LSD8,PS50053,7,73
8L796,PS51455,351,750
8VYG0,PS50011,358,633
8VYG0,PS00107,364,386
8VYG0,PS00108,478,490
95QW4,PS00213,380,392
9ZWC8,PS51450,103,124
9ZWC8,PS51450,126,147
9ZWC8,PS51450,176,197
9ZWC8,PS51450,202,224
9ZWC8,PS51450,227,248
9ZWC8,PS51450,252,274
9ZWC8,PS51450,278,300
9ZWC8,PS51450,303,325
9ZWC8,PS51450,327,349
9ZWC8,PS51450,376,397
9ZWC8,PS51450,427,449
9ZWC8,PS51450,476,498
9ZWC8,PS51450,548,570
9ZWC8,PS51450,664,686
9ZWC8,PS51450,688,710
9ZWC8,PS51450,712,734
9ZWC8,PS50011,859,1147
9ZWC8,PS00107,865,888
9ZWC8,PS00108,983,995
86SQ4,PS01180,41,149
86SQ4,PS51828,154,356
86SQ4,PS50221,670,853
86SQ4,PS50261,864,1118
86SQ4,PS00650,1106,1121
18089,PS50262,29,423
18089,PS00237,98,114
7XJT7,PS50011,50,291
73798,PS50853,483,603
73798,PS50853,604,702
73798,PS50853,829,924
73798,PS50011,995,1270
73798,PS00107,1001,1029
73798,PS00109,1127,1139
73798,PS00239,1155,1163
5A7P9,PS00678,369,383
42371,PS51450,93,115
42371,PS51450,117,140
42371,PS51450,141,163
42371,PS51450,165,187
42371,PS51450,189,212
42371,PS51450,237,259
42371,PS51450,260,282
42371,PS51450,284,306
42371,PS51450,308,330
42371,PS51450,332,355
42371,PS51450,380,401
42371,PS51450,404,425
42371,PS51450,428,449
42371,PS51450,452,473
42371,PS51450,476,498
42371,PS51450,500,522
42371,PS51450,523,545
42371,PS50011,648,918
42371,PS00107,654,676
42371,PS00108,769,781
9W534,PS50262,53,363
9W534,PS00237,122,138
12791,PS51201,407,549
12791,PS51201,839,983
12791,PS00092,1156,1162
62962,PS01206,302,322
02013,PS00221,74,82
59XM0,PS50850,143,682
9Y6L6,PS50850,30,647
9Y6L6,PS51465,453,508
0PJK1,PS50283,17,493
0PJK1,PS00457,461,481
9SVQ3,PS51334,65,429
8TDU6,PS50262,31,280
00788,PS50262,54,325
00788,PS00237,125,141
9JJV4,PS01346,65,80
97148,PS50261,214,478
3E7D0,PS00041,340,381
9LYN8,PS50011,917,1192
9LYN8,PS00107,923,946
9LYN8,PS00108,1039,1051
9U298,PS00236,149,163
43144,PS00236,155,169
39203,PS50927,18,139
39203,PS50948,321,407
39203,PS50011,461,742
39203,PS00107,467,490
39203,PS00108,581,593
30302,PS00221,103,111
3W0D1,PS50041,85,194
03206,PS51420,1,176
04529,PS00546,118,125
04529,PS00142,277,286
6R6I6,PS50068,26,63
6R6I6,PS01209,40,62
6R6I6,PS51450,127,148
6R6I6,PS51450,151,172
6R6I6,PS51450,175,196
6R6I6,PS51450,199,220
6R6I6,PS51450,223,244
6R6I6,PS51450,248,269
6R6I6,PS51450,272,293
6R6I6,PS51450,296,317
6R6I6,PS51450,320,341
6R6I6,PS51450,344,365
6R6I6,PS50262,422,681
80809,PS51450,98,120
80809,PS51450,122,145
80809,PS51450,196,218
80809,PS51450,289,311
80809,PS51450,316,339
80809,PS51450,340,363
80809,PS51450,364,385
80809,PS51450,388,411
80809,PS51450,412,435
80809,PS51450,436,457
80809,PS51450,460,482
80809,PS51450,573,595
80809,PS51450,596,619
80809,PS51450,620,641
9LPT1,PS51450,137,159
9LPT1,PS50011,375,648
76JU9,PS50262,22,276
76689,PS50267,63,611
76689,PS00610,88,102
76689,PS00754,170,190
9BXA5,PS50262,40,295
9BXA5,PS00237,108,124
92637,PS50835,22,86
92637,PS50835,95,168
23229,PS51470,30,95
23229,PS51470,101,166
23229,PS51470,176,229
23229,PS51470,283,339
23229,PS51470,340,402
23229,PS51470,403,458
23229,PS51470,459,518
23229,PS00242,1076,1083
8JZM4,PS50026,44,92
8JZM4,PS00022,80,91
8JZM4,PS50026,94,133
8JZM4,PS00022,121,132
8JZM4,PS01186,121,132
8JZM4,PS50026,309,348
8JZM4,PS00022,336,347
8JZM4,PS50026,349,390
8JZM4,PS00022,378,389
8JZM4,PS01186,378,389
8JZM4,PS50026,392,428
8JZM4,PS00022,416,427
8JZM4,PS01186,416,427
8JZM4,PS50026,430,466
8JZM4,PS00022,454,465
8JZM4,PS01186,454,465
8JZM4,PS50026,468,503
8JZM4,PS00022,491,502
8JZM4,PS01186,491,502
8JZM4,PS01187,505,529
8JZM4,PS50026,505,541
8JZM4,PS00010,520,531
8JZM4,PS00022,529,540
8JZM4,PS50026,543,579
8JZM4,PS00022,567,578
8JZM4,PS01186,567,578
8JZM4,PS01187,581,605
8JZM4,PS50026,581,617
8JZM4,PS00010,596,607
8JZM4,PS00022,605,616
8JZM4,PS01186,605,616
40687,PS50082,62,103
40687,PS50294,62,380
40687,PS00678,81,95
40687,PS50082,153,195
40687,PS00678,173,187
40687,PS50082,201,243
40687,PS50082,245,286
40687,PS00678,313,327
40687,PS50082,340,380
9R155,PS01130,113,134
9R155,PS50801,535,729
61967,PS51450,37,59
61967,PS51450,60,81
61967,PS51450,83,104
61967,PS51450,106,127
61967,PS51450,152,174
61967,PS51450,175,196
61967,PS51450,198,219
61967,PS51450,221,242
61967,PS51450,244,265
61967,PS51450,290,311
61967,PS51450,313,334
61967,PS51450,336,357
61967,PS51450,359,380
61967,PS51450,382,403
61967,PS50106,568,658
9Z138,PS50835,55,145
9Z138,PS50038,169,303
9Z138,PS50070,315,394
9Z138,PS00021,364,377
9Z138,PS50011,473,746
9Z138,PS00109,611,623
79960,PS50262,52,314
79960,PS00237,121,137
8K1P8,PS50850,326,545
8BLA8,PS50297,63,580
8BLA8,PS50088,98,130
8BLA8,PS50088,165,197
8BLA8,PS50088,239,271
8BLA8,PS50088,309,341
8BLA8,PS50088,342,374
8BLA8,PS50088,413,445
8BLA8,PS50088,446,478
8BLA8,PS00018,469,481
8BLA8,PS50088,482,507
8BLA8,PS50088,548,580
50571,PS00236,161,175
93604,PS50011,339,628
93604,PS00107,345,367
93604,PS00108,462,474
13385,PS50026,83,107
13385,PS00022,95,106
12314,PS50835,22,86
12314,PS50835,95,184
12314,PS50835,190,277
9M2Z1,PS51450,94,116
9M2Z1,PS51450,118,140
9M2Z1,PS51450,143,166
9M2Z1,PS51450,191,213
9M2Z1,PS51450,288,310
9M2Z1,PS51450,312,334
9M2Z1,PS51450,336,358
9M2Z1,PS51450,360,382
9M2Z1,PS00105,402,415
9M2Z1,PS51450,457,479
9M2Z1,PS51450,505,527
9M2Z1,PS51450,529,551
9M2Z1,PS51450,553,575
9M2Z1,PS51450,577,598
9M2Z1,PS50011,690,967
9M2Z1,PS00108,812,824
80725,PS50929,64,349
80725,PS50893,384,620
80725,PS00211,523,537
80725,PS50929,721,1007
80725,PS50893,1042,1279
80725,PS00211,1182,1196
9C9Y6,PS51352,19,131
9C9Y6,PS00194,49,67
7XBS0,PS50283,43,515
12333,PS51384,321,419
56WM6,PS51334,127,500
7TS55,PS50049,40,166
7Z020,PS50297,63,602
7Z020,PS50088,89,121
7Z020,PS50088,122,154
7Z020,PS50088,190,211
7Z020,PS50088,265,297
7Z020,PS50088,336,368
7Z020,PS50088,369,401
7Z020,PS50088,443,475
7Z020,PS50088,476,498
7Z020,PS50088,512,544
7Z020,PS50088,578,602
9Z0M6,PS01187,69,95
9Z0M6,PS50026,69,107
9Z0M6,PS00010,86,97
9Z0M6,PS01187,165,191
9Z0M6,PS50026,165,203
9Z0M6,PS00010,182,193
9Z0M6,PS01187,214,240
9Z0M6,PS50026,214,252
9Z0M6,PS00010,231,242
9Z0M6,PS50221,347,525
9Z0M6,PS50261,529,774
00206,PS51257,1,20
00206,PS51450,55,76
00206,PS51450,79,100
00206,PS51450,103,124
00206,PS51450,151,172
00206,PS51450,176,199
00206,PS51450,374,394
00206,PS51450,400,422
00206,PS51450,423,444
00206,PS51450,497,518
00206,PS51450,521,542
00206,PS51450,545,565
00206,PS50104,672,815
24247,PS51470,38,105
24247,PS51470,121,186
24247,PS51470,193,245
24247,PS51470,254,303
24247,PS51470,304,366
24247,PS51470,367,422
24247,PS51470,432,494
24247,PS00242,1107,1114
32329,PS51767,83,475
32329,PS00141,98,109
32329,PS00141,368,379
9WTY2,PS51421,110,341
9WTY2,PS00675,118,131
91X52,PS00061,136,164
9TTY5,PS50262,32,293
9TTY5,PS00237,103,119
5RKR3,PS51450,52,73
5RKR3,PS51450,100,123
5RKR3,PS51450,124,145
5RKR3,PS51450,148,169
5RKR3,PS51450,172,193
5RKR3,PS50835,233,372
9SZW4,PS50846,7,73
9SZW4,PS00154,391,397
9SZW4,PS01229,590,612
0LGW6,PS50011,648,921
0LGW6,PS00107,654,676
0LGW6,PS00108,769,781
9HBX8,PS51450,66,88
9HBX8,PS51450,91,112
9HBX8,PS51450,115,136
9HBX8,PS51450,139,160
9HBX8,PS51450,163,186
9HBX8,PS51450,187,208
9HBX8,PS51450,211,232
9HBX8,PS51450,235,256
9HBX8,PS51450,258,279
9HBX8,PS51450,353,374
9HBX8,PS51450,375,396
9HBX8,PS51450,399,420
9HBX8,PS51450,423,443
9HBX9,PS50068,26,63
9HBX9,PS01209,40,62
9HBX9,PS51450,127,148
9HBX9,PS51450,151,172
9HBX9,PS51450,175,196
9HBX9,PS51450,199,220
9HBX9,PS51450,223,244
9HBX9,PS51450,248,269
9HBX9,PS51450,272,293
9HBX9,PS51450,296,317
9HBX9,PS51450,320,341
9HBX9,PS51450,344,365
9HBX9,PS50262,422,681
08892,PS50262,65,368
08892,PS00237,134,150
27448,PS50011,56,307
27448,PS00107,62,85
27448,PS00108,174,186
27448,PS50030,326,365
27448,PS50032,704,753
9SH14,PS50053,7,72
12891,PS00022,427,438
12891,PS01186,427,438
9SW27,PS50053,7,73
15390,PS50096,1720,1749
9QUR8,PS51004,53,488
9QUR8,PS50835,542,617
13336,PS00079,284,304
51905,PS50267,73,593
51905,PS00610,98,112
51905,PS00754,181,201
54760,PS51550,17,202
54760,PS00790,178,198
54760,PS00791,239,260
54760,PS01186,253,268
54760,PS50853,323,432
54760,PS50853,436,529
54760,PS50011,615,899
54760,PS00107,621,647
54760,PS00109,736,748
54760,PS50105,907,971
24348,PS50011,885,1152
24348,PS00107,891,919
24348,PS00109,1006,1018
84T94,PS51746,227,630
32037,PS50850,13,454
32037,PS00217,126,151
32037,PS00216,322,338
46940,PS50021,44,159
46940,PS50020,679,712
46940,PS01159,685,710
46940,PS50096,745,774
46940,PS50096,775,804
46940,PS50096,805,834
46940,PS50096,835,864
46940,PS50018,1020,1269
46940,PS00509,1189,1203
12809,PS50112,41,70
12809,PS50113,92,144
12809,PS50042,742,842
6Z2T3,PS00221,106,114
13237,PS50042,168,283
13237,PS00888,195,211
13237,PS00889,231,248
13237,PS50042,286,399
13237,PS00888,313,329
13237,PS00889,355,372
13237,PS50011,453,711
13237,PS00107,459,486
13237,PS00108,572,584
13237,PS51285,712,762
3U9N9,PS50850,289,512
13637,PS00154,366,372
9ZR72,PS50929,46,333
9ZR72,PS50893,368,604
9ZR72,PS00211,507,521
9ZR72,PS50929,701,988
9ZR72,PS50893,1024,1260
9ZR72,PS00211,1163,1177
9ZR72,PS00455,1271,1282
8IWT6,PS51450,522,544
8IWT6,PS51450,545,565
8IWT6,PS51450,568,588
8IWT6,PS51450,592,613
8IWT6,PS51450,615,636
8IWT6,PS51450,640,662
8IWT6,PS51450,663,684
8IWT6,PS51450,686,707
8IWT6,PS51450,709,730
8IWT6,PS51450,732,753
8IWT6,PS51450,755,776
41144,PS50262,76,330
41144,PS00237,144,160
11584,PS52047,507,545
11584,PS00022,533,544
11584,PS52047,546,600
11584,PS00243,571,584
11584,PS52047,601,639
11584,PS00243,614,629
11584,PS00022,627,638
11584,PS01186,627,640
11584,PS52047,640,683
11584,PS00243,656,669
08219,PS00236,166,180
04264,PS51842,180,493
04264,PS00226,479,487
41143,PS50262,66,318
41143,PS00237,134,150
9LV40,PS51334,76,440
96CW9,PS51117,35,286
96CW9,PS50027,287,335
96CW9,PS00022,305,316
96CW9,PS50027,353,408
96CW9,PS01248,373,409
96CW9,PS50027,409,453
96CW9,PS00022,427,438
96CW9,PS01248,427,456
96CW9,PS50026,452,487
96CW9,PS00022,475,486
96CW9,PS01186,475,486
78410,PS50835,26,139
0DMS1,PS51774,10,90
9SCZ4,PS50011,536,810
9SCZ4,PS00107,542,565
9SCZ4,PS00108,657,669
15552,PS50262,24,273
15552,PS00237,95,111
3TWN3,PS51846,251,431
3TWN3,PS51371,450,511
3TWN3,PS51371,518,584
28362,PS00678,359,373
9JKA7,PS50042,595,710
9JKA7,PS00888,622,638
21917,PS50262,51,448
21917,PS00237,121,137
96E93,PS50041,82,185
38873,PS50011,59,317
38873,PS00107,65,88
38873,PS00108,179,191
38873,PS50222,360,395
38873,PS50222,396,431
38873,PS00018,409,421
38873,PS50222,432,467
38873,PS00018,445,457
38873,PS50222,469,504
38873,PS00018,482,494
38872,PS50011,85,343
38872,PS00107,91,114
38872,PS00108,205,217
38872,PS50222,386,421
38872,PS00018,399,411
38872,PS50222,422,457
38872,PS00018,435,447
38872,PS50222,458,493
38872,PS00018,471,483
38872,PS50222,497,527
38872,PS00018,505,517
60503,PS50125,394,521
60503,PS00452,498,521
60503,PS50125,1058,1198
60503,PS00452,1175,1198
15116,PS50268,160,267
15116,PS00232,255,265
15116,PS50268,268,382
15116,PS00232,370,380
15116,PS50268,383,497
15116,PS50268,498,605
15116,PS00232,593,603
15116,PS50268,604,710
51830,PS50125,394,521
51830,PS00452,498,521
51830,PS50125,1058,1198
51830,PS00452,1175,1198
20789,PS50262,81,369
20789,PS00237,155,171
53987,PS50850,19,445
53986,PS50850,19,445
88917,PS50228,40,129
88917,PS51132,139,398
88917,PS50227,477,536
88917,PS50221,669,850
88917,PS50261,859,1100
88917,PS00650,1088,1103
06451,PS50850,181,607
88713,PS50041,82,184
0LGL9,PS50011,304,576
0LGL9,PS00107,310,336
0LGL9,PS00108,423,435
495A1,PS50835,17,108
91ZE5,PS01187,77,103
91ZE5,PS00010,94,105
91ZE5,PS50221,182,339
91ZE5,PS50261,346,596
91ZE5,PS00650,584,599
8K3P1,PS01212,260,286
9FKP4,PS50067,138,452
9FKP4,PS00411,352,363
0LGD7,PS50011,625,897
0LGD7,PS00107,631,653
0LGD7,PS00108,745,757
44616,PS50850,50,496
44616,PS00217,163,188
23022,PS00236,151,165
08069,PS50853,491,609
08069,PS50853,610,708
08069,PS50853,735,828
08069,PS50853,834,927
08069,PS50011,999,1274
08069,PS00107,1005,1033
08069,PS00109,1131,1143
08069,PS00239,1159,1167
8SWR3,PS50262,106,389
6AWJ9,PS50835,25,114
6AWJ9,PS50835,127,199
6AWJ9,PS50835,251,365
6AWJ9,PS50835,368,463
6AWJ9,PS50835,468,558
6AWJ9,PS50011,692,1028
6AWJ9,PS00109,888,900
42866,PS50262,85,336
42866,PS00237,153,169
08220,PS00236,161,175
7M730,PS50835,26,142
8VZG8,PS51450,119,141
8VZG8,PS51450,143,166
8VZG8,PS51450,167,189
8VZG8,PS51450,215,237
8VZG8,PS51450,239,261
8VZG8,PS51450,311,333
8VZG8,PS51450,359,381
8VZG8,PS51450,383,404
8VZG8,PS51450,407,427
8VZG8,PS51450,503,525
8VZG8,PS51450,527,549
8VZG8,PS51450,551,574
8VZG8,PS51450,575,598
8VZG8,PS51450,599,621
8VZG8,PS51450,623,645
8VZG8,PS51450,647,669
8VZG8,PS50011,775,1045
8VZG8,PS00107,781,803
8VZG8,PS00109,901,913
99N50-11,PS50916,1,57
99N50-11,PS50004,588,713
99N50-11,PS50004,728,857
10040,PS50026,265,301
10040,PS00022,289,300
10040,PS50026,304,341
10040,PS00022,329,340
10040,PS50026,346,384
10040,PS00022,372,383
10040,PS01186,372,383
10040,PS01187,386,410
10040,PS50026,386,423
10040,PS00010,401,412
10040,PS01187,425,449
10040,PS50026,425,461
10040,PS00010,440,451
10040,PS00022,449,460
10040,PS01186,449,460
10040,PS50026,462,498
10040,PS00010,477,488
10040,PS00022,486,497
10040,PS00022,518,529
10040,PS50026,543,579
10040,PS00022,567,578
10040,PS01186,567,578
10040,PS50026,609,644
10040,PS00022,632,643
10040,PS01186,632,643
10040,PS01187,646,671
10040,PS50026,646,683
10040,PS00010,662,673
10040,PS00022,671,682
10040,PS01186,671,682
10040,PS01187,685,709
10040,PS50026,685,721
10040,PS00010,700,711
10040,PS00022,709,720
10040,PS01186,709,720
10040,PS01187,716,747
10040,PS50026,723,759
10040,PS00010,738,749
10040,PS00022,747,758
10040,PS01187,761,785
10040,PS50026,761,798
10040,PS00010,776,787
10040,PS01187,793,824
10040,PS50026,800,836
10040,PS00010,815,826
10040,PS00022,824,835
10040,PS01186,824,835
10040,PS50026,838,900
10040,PS00022,888,899
10040,PS01187,902,926
10040,PS50026,902,938
10040,PS00010,917,928
10040,PS00022,926,937
10040,PS01186,926,937
10040,PS01187,940,964
10040,PS50026,940,976
10040,PS00010,955,966
10040,PS00022,964,975
10040,PS50026,978,1019
10040,PS00022,1007,1018
10040,PS01186,1007,1018
10040,PS50025,1021,1203
10040,PS50026,1205,1241
10040,PS00010,1220,1231
10040,PS00022,1229,1240
10040,PS01186,1229,1240
10040,PS50025,1248,1483
10040,PS50026,1479,1515
10040,PS00010,1494,1505
10040,PS00022,1503,1514
10040,PS01186,1503,1514
10040,PS50025,1555,1757
10040,PS50026,1758,1792
10040,PS00022,1780,1791
10040,PS01186,1780,1791
10040,PS01187,1787,1818
10040,PS50026,1794,1830
10040,PS00010,1809,1820
10040,PS00022,1818,1829
10040,PS01186,1818,1829
10040,PS01187,1832,1856
10040,PS50026,1832,1868
10040,PS00010,1847,1858
10040,PS00022,1856,1867
10040,PS50026,1871,1909
10040,PS00022,1900,1911
10040,PS01186,1900,1911
10040,PS50026,1912,1948
10040,PS00022,1936,1947
10040,PS01186,1936,1947
10040,PS01187,1950,1974
10040,PS50026,1950,1987
10040,PS00010,1965,1976
10040,PS01187,1989,2015
10040,PS50026,1989,2027
10040,PS00010,2006,2017
10040,PS00022,2015,2026
10040,PS01186,2015,2026
10040,PS50026,2028,2068
10040,PS00022,2056,2067
10040,PS01186,2056,2067
9V5N8,PS50268,360,464
9V5N8,PS00232,452,462
9V5N8,PS50268,465,581
9V5N8,PS00232,569,579
9V5N8,PS50268,582,689
9V5N8,PS00232,677,687
9V5N8,PS50268,690,794
9V5N8,PS00232,782,792
9V5N8,PS50268,795,897
9V5N8,PS50268,898,1007
9V5N8,PS00232,995,1005
9V5N8,PS50268,1008,1113
9V5N8,PS50268,1114,1220
9V5N8,PS00232,1208,1218
9V5N8,PS01186,1464,1479
9V5N8,PS50026,1482,1518
9V5N8,PS00022,1506,1517
9V5N8,PS50025,1556,1753
9V5N8,PS50026,1756,1792
9V5N8,PS00022,1780,1791
9V5N8,PS01186,1780,1791
9V5N8,PS50025,1796,1963
9V5N8,PS50026,1965,2000
9V5N8,PS00022,1988,1999
9V5N8,PS01186,1988,2003
9V5N8,PS50027,2095,2142
9V5N8,PS00022,2114,2125
9V5N8,PS01248,2114,2147
9V5N8,PS50227,2115,2201
9V5N8,PS50221,2653,2803
9V5N8,PS50261,2812,3053
16234,PS50835,1,113
16234,PS50835,202,306
16234,PS50011,593,954
16234,PS00107,599,627
16234,PS00240,652,665
16234,PS00109,814,826
37023,PS51256,172,201
37023,PS50011,202,492
37023,PS00107,208,229
37023,PS00108,326,338
04714,PS50261,19,273
28222,PS50262,66,369
28222,PS00237,135,151
4K4R6,PS50194,249,382
4K4R6,PS50194,447,485
30606,PS50850,112,558
30606,PS00216,169,185
30606,PS00217,211,236
30606,PS00216,413,429
23975,PS50267,55,582
23975,PS00610,80,94
23975,PS00754,162,182
68D85,PS50835,41,124
68D85,PS50835,143,244
68D85,PS00290,226,232
86UN2,PS51450,77,98
86UN2,PS51450,101,123
86UN2,PS51450,150,171
86UN2,PS51450,174,195
86UN2,PS51450,198,219
86UN2,PS51450,222,243
2M3G0,PS50929,49,350
2M3G0,PS50893,386,622
2M3G0,PS00211,525,539
2M3G0,PS50929,693,980
2M3G0,PS50893,1015,1253
2M3G0,PS00211,1156,1170
13733,PS00154,384,390
08905,PS51384,415,534
06611,PS00221,112,120
9SSL9,PS51257,1,28
9SSL9,PS51450,100,123
9SSL9,PS51450,124,147
9SSL9,PS51450,148,170
9SSL9,PS51450,172,194
9SSL9,PS51450,220,242
9SSL9,PS51450,268,290
9SSL9,PS51450,316,338
9SSL9,PS51450,364,385
9SSL9,PS51450,436,458
9SSL9,PS51450,460,482
9SSL9,PS51450,531,554
9SSL9,PS51450,555,578
9SSL9,PS51450,603,626
9SSL9,PS51450,676,698
9SSL9,PS50011,827,1115
9SSL9,PS00107,833,855
9SSL9,PS00108,950,962
0VGW6,PS00178,28,39
9XF58,PS00221,105,113
0LGH2,PS50011,694,968
0LGH2,PS00108,814,826
9BYW1,PS50850,17,460
9BYW1,PS00217,130,155
8IWT1,PS50835,26,148
04001,PS50262,70,322
04001,PS00237,139,155
04001,PS01186,278,289
04001,PS00238,306,322
9UGH3,PS01116,482,502
8K299,PS50287,389,489
8K299,PS00420,394,431
54867,PS51212,21,110
0CC10,PS51450,89,110
0CC10,PS51450,113,134
0CC10,PS51450,137,158
0CC10,PS51450,161,182
0CC10,PS51450,210,231
0CC10,PS51450,232,253
0CC10,PS51450,280,301
0CC10,PS50835,366,454
53955,PS50003,445,555
6ZTQ4,PS50268,23,132
6ZTQ4,PS50268,136,236
6ZTQ4,PS50268,237,344
6ZTQ4,PS50268,346,466
6ZTQ4,PS50268,462,566
6ZTQ4,PS50268,567,695
25105,PS50262,32,293
25105,PS00237,103,119
41145,PS50262,76,330
41145,PS00237,144,160
8IU80,PS50024,84,209
8IU80,PS01180,335,452
8IU80,PS50068,457,490
8IU80,PS50068,490,526
8IU80,PS01209,503,525
8IU80,PS50068,530,567
8IU80,PS01209,543,568
8IU80,PS50240,577,811
8IU80,PS00134,613,618
8IU80,PS00135,756,767
9LV48,PS50011,280,559
9LV48,PS00107,286,308
9LV48,PS00108,400,412
00270,PS50262,31,282
00270,PS00237,100,116
8IZP1,PS50086,101,293
99250,PS50096,1905,1934
9NYB5,PS50850,45,668
9NYB5,PS51465,470,525
8IZP9,PS50221,462,619
8IZP9,PS50261,628,883
8IZP9,PS00650,871,886
8IJF8,PS51202,212,296
8IJF8,PS51202,318,402
8IJF8,PS51202,407,492
8IJF8,PS51202,498,584
9ZSA2,PS50011,80,338
9ZSA2,PS00107,86,113
9ZSA2,PS00108,200,212
9ZSA2,PS50222,380,415
9ZSA2,PS00018,393,405
9ZSA2,PS50222,416,451
9ZSA2,PS00018,429,441
9ZSA2,PS50222,452,487
9ZSA2,PS00018,465,477
9ZSA2,PS50222,488,522
9ZSA2,PS00018,500,512
69744,PS50297,38,255
69744,PS50088,110,142
69744,PS50088,156,188
12691,PS00154,369,375
9SKB2,PS51450,112,133
9SKB2,PS51450,136,159
9SKB2,PS51450,160,182
9SKB2,PS51450,183,205
9SKB2,PS50011,347,641
9SKB2,PS00108,485,497
92949,PS51384,332,437
88667,PS51421,85,308
9GZC8,PS00284,61,71
30939,PS50262,40,347
30939,PS00237,109,125
08913,PS50262,50,426
08913,PS00237,119,135
8R4F1,PS51117,35,286
8R4F1,PS50027,287,346
8R4F1,PS00022,305,316
8R4F1,PS50027,413,468
8R4F1,PS01248,433,469
8R4F1,PS50027,469,513
8R4F1,PS00022,487,498
8R4F1,PS01248,487,516
8R4F1,PS50026,512,547
8R4F1,PS00022,535,546
8R4F1,PS01186,535,546
9JIL4,PS50106,9,90
9JIL4,PS50106,135,215
9JIL4,PS50106,243,323
9JIL4,PS50106,378,454
29972,PS00221,74,82
88689,PS50268,28,133
88689,PS00232,121,131
88689,PS50268,134,242
88689,PS00232,230,240
88689,PS50268,243,350
88689,PS00232,338,348
88689,PS50268,351,455
88689,PS00232,443,453
88689,PS50268,456,565
88689,PS00232,553,563
88689,PS50268,581,681
52803,PS51551,29,162
52803,PS01299,113,140
31390,PS50262,44,467
31390,PS00237,113,129
93VD3,PS50011,31,286
93VD3,PS00107,37,60
93VD3,PS00108,150,162
93VD3,PS50816,328,352
9LTB8,PS50222,67,102
9LTB8,PS50222,104,139
9LTB8,PS00018,117,129
9LTB8,PS50222,148,183
9LTB8,PS00018,161,173
9Y2T6,PS50262,37,288
9Y2T6,PS00237,107,123
84JQ4,PS50011,338,613
49545,PS00105,402,415
49545,PS50011,694,971
49545,PS00108,816,828
4X0Q8,PS51450,69,90
4X0Q8,PS51450,93,114
4X0Q8,PS51450,117,138
4X0Q8,PS51450,141,162
4X0Q8,PS50835,229,327
4X0Q8,PS50227,310,405
4X0Q8,PS50221,563,728
4X0Q8,PS50261,738,1031
6BM72,PS51041,24,101
6BM72,PS50026,95,130
6BM72,PS00022,118,129
6BM72,PS01186,118,133
6BM72,PS50026,143,173
6BM72,PS50027,146,187
6BM72,PS00022,161,172
6BM72,PS01186,161,176
6BM72,PS50026,181,216
6BM72,PS50027,189,236
6BM72,PS00022,204,215
6BM72,PS01186,204,219
6BM72,PS50026,224,259
6BM72,PS00022,247,258
6BM72,PS01186,247,262
6BM72,PS50026,267,302
6BM72,PS50027,275,322
6BM72,PS00022,290,301
6BM72,PS01186,290,305
6BM72,PS50026,310,345
6BM72,PS00022,333,344
6BM72,PS01186,333,344
6BM72,PS50027,362,405
6BM72,PS00022,379,390
6BM72,PS01186,379,394
6BM72,PS50026,399,434
6BM72,PS00022,422,433
6BM72,PS01186,422,437
6BM72,PS50026,442,477
6BM72,PS50027,450,495
6BM72,PS00022,465,476
6BM72,PS01186,465,480
6BM72,PS50026,490,520
6BM72,PS00022,508,519
6BM72,PS01186,508,523
6BM72,PS50027,536,583
6BM72,PS00022,551,562
6BM72,PS01186,551,566
6BM72,PS50026,571,606
6BM72,PS00022,594,605
6BM72,PS01186,594,609
6BM72,PS50027,622,665
6BM72,PS00022,639,650
6BM72,PS01186,639,654
6BM72,PS50026,659,694
6BM72,PS00022,682,693
6BM72,PS01186,682,697
6BM72,PS50026,707,737
6BM72,PS00022,725,736
6BM72,PS01186,725,740
6BM72,PS50026,750,780
6BM72,PS50027,753,794
6BM72,PS00022,768,779
6BM72,PS01186,768,783
6BM72,PS50026,788,823
6BM72,PS00022,811,822
6BM72,PS01186,811,822
00478,PS50835,26,139
00478,PS50835,164,236
00478,PS50188,322,518
90674,PS50262,401,648
90674,PS00237,477,493
9S7I6,PS50011,874,1146
9S7I6,PS00107,880,902
9S7I6,PS00108,992,1004
22723,PS00236,189,203
49682-2,PS50262,117,365
49682-2,PS00237,184,200
35158,PS50835,42,113
35158,PS50835,224,305
35158,PS50835,310,396
35158,PS50835,405,516
35158,PS50853,573,674
35158,PS50853,720,815
35158,PS50853,823,923
9FMX3,PS50850,27,479
9FMX3,PS00217,144,169
9FMX3,PS00216,340,357
9FMF5,PS50097,54,122
9FMF5,PS51649,250,605
32300,PS50262,66,318
32300,PS00237,134,150
61006,PS00228,1,4
61006,PS50835,28,116
61006,PS50835,121,205
61006,PS50835,212,302
61006,PS50038,312,450
61006,PS00108,450,462
61006,PS50011,574,855
61006,PS00107,580,608
61006,PS00109,720,732
9ZNQ8,PS50011,284,562
9ZNQ8,PS00107,290,312
9ZNQ8,PS00108,404,416
0LGH3,PS50011,693,951
0LGH3,PS00108,813,825
23492,PS50850,30,549
23492,PS00217,129,154
23492,PS00216,333,349
93ZS4,PS50011,301,584
93ZS4,PS00107,307,329
93ZS4,PS00108,424,436
61003,PS50287,45,155
61003,PS50287,160,259
61003,PS50287,264,360
9NQA5,PS50297,44,262
9NQA5,PS50088,116,148
9NQA5,PS50088,162,194
0LGF4,PS50011,306,578
0LGF4,PS00107,312,338
0LGF4,PS00108,425,437
46408,PS50850,22,451
46408,PS00217,135,160
40879,PS01130,102,123
40879,PS50801,525,720
17328,PS00236,161,175
28221,PS50262,55,356
28221,PS00237,124,140
9UGM1,PS00236,155,169
80YF9,PS50002,210,272
80YF9,PS50238,339,534
9LY03,PS51450,94,115
9LY03,PS51450,119,141
9LY03,PS51450,144,166
9LY03,PS51450,168,189
9LY03,PS51450,192,214
9LY03,PS51450,216,238
9LY03,PS51450,240,262
9LY03,PS51450,288,310
9LY03,PS51450,312,334
9LY03,PS51450,336,358
9LY03,PS51450,377,400
9LY03,PS51450,401,423
9LY03,PS51450,425,446
9LY03,PS51450,449,471
9LY03,PS51450,473,496
9LY03,PS51450,497,520
9LY03,PS50011,678,951
9LY03,PS00107,684,707
96L08,PS50923,30,93
36898,PS51256,174,203
36898,PS50011,204,494
36898,PS00107,210,231
36898,PS00108,328,340
9UIA0,PS50190,54,241
9UIA0,PS50003,259,375
6UVW9,PS50041,65,165
40485,PS50003,468,581
10823,PS51882,122,448
70507,PS50042,595,703
70507,PS00888,622,638
925H0,PS01206,302,322
8IWE4,PS51229,86,278
8H8V7,PS50893,121,382
8H8V7,PS00211,282,296
6ZSM3,PS51257,1,25
6ZSM3,PS50850,17,435
63212,PS50058,5,71
14416,PS50262,51,426
14416,PS00237,120,136
9H7M9,PS50835,29,148
9EPZ7,PS50850,45,672
9EPZ7,PS51465,474,529
864R9,PS50929,326,608
864R9,PS50893,644,868
864R9,PS00107,680,705
864R9,PS00211,768,782
864R9,PS50929,976,1256
864R9,PS50893,1293,1527
864R9,PS00211,1430,1444
62875,PS50835,54,137
04532,PS51444,296,732
9BXB1,PS51450,58,79
9BXB1,PS51450,82,103
9BXB1,PS51450,106,127
9BXB1,PS51450,130,151
9BXB1,PS51450,154,177
9BXB1,PS51450,178,199
9BXB1,PS51450,202,223
9BXB1,PS51450,226,247
9BXB1,PS51450,249,270
9BXB1,PS51450,273,294
9BXB1,PS51450,320,341
9BXB1,PS51450,344,365
9BXB1,PS51450,366,387
9BXB1,PS51450,390,411
9BXB1,PS51450,414,435
9BXB1,PS50262,555,801
9BXB1,PS00028,858,879
9C888,PS50004,1,116
9C888,PS50035,610,637
9JLB9,PS50835,37,165
9JLB9,PS50835,170,258
9JLB9,PS50835,269,354
6QLQ4,PS50041,126,241
43657,PS50262,34,291
43657,PS00237,102,118
34886,PS01206,537,557
9VVX3,PS51257,1,20
9VVX3,PS50038,59,180
9VVX3,PS50261,317,612
35499,PS50096,1727,1756
35498,PS00648,1922,1936
9Y6Q6-6,PS50050,33,68
9Y6Q6-6,PS00652,34,68
9Y6Q6-6,PS01186,112,127
8VZ80,PS50850,39,487
8VZ80,PS00216,93,110
8VZ80,PS00217,135,160
5M8M9,PS51450,54,73
5M8M9,PS51450,78,99
5M8M9,PS51450,102,123
5M8M9,PS51450,126,148
5M8M9,PS51450,151,172
5M8M9,PS51450,175,197
5M8M9,PS00962,294,305
05062,PS51420,1,176
75762,PS50297,67,579
75762,PS50088,97,129
75762,PS50088,164,196
75762,PS50088,238,270
75762,PS50088,308,340
75762,PS50088,341,373
75762,PS50088,412,444
75762,PS50088,445,477
75762,PS00018,468,480
75762,PS50088,481,506
75762,PS50088,547,579
8NFP4,PS50835,24,123
8NFP4,PS00699,29,36
8NFP4,PS50835,132,230
8NFP4,PS50835,240,323
8NFP4,PS50835,338,432
8NFP4,PS50835,440,532
8NFP4,PS50835,539,631
8NFP4,PS50853,643,743
8NFP4,PS50060,751,918
9XEC6,PS51473,23,128
9XEC6,PS51473,139,246
9XEC6,PS50011,340,612
9XEC6,PS00107,346,368
9XEC6,PS00108,461,473
35464,PS51004,24,512
18064,PS51882,37,383
7XJR9,PS50011,108,368
7XJR9,PS00107,114,138
7XJR9,PS00108,230,242
7XJR9,PS50222,411,446
7XJR9,PS00018,424,436
7XJR9,PS50222,448,483
7XJR9,PS00018,461,473
7XJR9,PS50222,490,525
7XJR9,PS00018,503,515
7XJR9,PS50222,528,555
7XJR9,PS00018,533,545
15379,PS50963,34,123
15379,PS01241,55,99
9H1D0,PS50297,84,302
9H1D0,PS50088,156,188
9H1D0,PS50088,202,234
26433,PS00678,351,365
07307,PS01116,447,467
91WD2,PS50297,84,301
91WD2,PS50088,156,188
91WD2,PS50088,202,234
9ZRF9,PS50011,261,535
9ZRF9,PS00107,267,289
9ZRF9,PS00108,381,393
5EBL2,PS50011,656,966
5XF51,PS00546,121,128
5XF51,PS00142,282,291
2HXU8,PS50041,150,264
96P31,PS50835,21,98
96P31,PS00092,25,31
96P31,PS50835,99,182
96P31,PS50835,192,270
96P31,PS50835,284,369
96P31,PS50835,383,470
96P31,PS50835,476,563
42893,PS51885,90,762
42893,PS00142,596,605
9ZSY2,PS50850,45,471
9ZSY2,PS00216,103,120
9ZSY2,PS00217,145,170
9ZSY2,PS00216,336,353
96RD9,PS50835,23,101
96RD9,PS50835,188,271
96RD9,PS50835,287,374
96RD9,PS50835,380,463
96RD9,PS50835,473,556
96RD9,PS50835,566,651
96RD9,PS50835,659,744
96RD9,PS50835,752,834
06731,PS50835,145,232
06731,PS50835,240,315
06731,PS50835,323,410
06731,PS50835,418,495
06731,PS50835,501,588
06731,PS50835,593,675
53985,PS50850,19,452
08ET2,PS50835,19,136
08ET2,PS50835,146,229
08ET2,PS50835,236,331
08ET2,PS00290,317,323
5ABU7,PS50850,116,557
15431,PS00236,161,175
50993,PS00154,374,380
8H8C7,PS51782,111,158
8H8C7,PS51782,175,219
03064,PS50850,19,445
00934,PS51456,99,773
9XUB9,PS50004,1,141
9XUB9,PS50004,159,295
9XUB9,PS50234,338,557
10870,PS50850,100,545
10870,PS00217,204,229
10870,PS00216,408,425
51170,PS01206,389,409
9FFW5,PS50011,339,617
9FFW5,PS00107,345,367
9FFW5,PS00108,459,471
8CG09,PS00063,302,317
8CG09,PS50929,327,609
8CG09,PS50893,645,869
8CG09,PS00211,769,783
8CG09,PS50929,976,1257
8CG09,PS50893,1294,1528
8CG09,PS00211,1431,1445
81016,PS50893,135,408
81016,PS50893,818,1070
54728,PS01098,398,408
54728,PS01098,745,755
55926,PS01206,303,323
19440,PS00462,381,405
35367,PS50262,44,468
35367,PS00237,113,129
0LGK4,PS51450,153,174
0LGK4,PS51450,177,198
0LGK4,PS51450,201,224
0LGK4,PS51450,225,247
0LGK4,PS51450,249,272
0LGK4,PS51450,298,320
0LGK4,PS51450,322,343
0LGK4,PS50011,527,811
75KU4,PS50222,67,102
75KU4,PS50222,104,139
75KU4,PS50222,148,183
75KU4,PS00018,161,173
8VDZ4,PS50216,104,154
94JG1,PS00166,392,412
8CJ11,PS50221,457,615
8CJ11,PS50261,624,879
8CJ11,PS00650,867,882
8CJ12,PS50221,453,611
8CJ12,PS50261,620,875
8CJ12,PS00650,863,878
4W815,PS50853,146,246
30940,PS50262,40,347
30940,PS00237,109,125
26718,PS50041,106,212
26432,PS00678,353,367
9HCJ2,PS51450,77,98
9HCJ2,PS51450,101,122
9HCJ2,PS51450,125,146
9HCJ2,PS51450,149,170
9HCJ2,PS51450,198,219
9HCJ2,PS51450,220,241
9HCJ2,PS51450,268,289
9HCJ2,PS50835,354,442
36033,PS51384,415,534
3ZB51,PS50835,30,115
3ZB51,PS50835,139,226
3ZB51,PS50835,228,320
3ZB51,PS50835,324,415
3ZB51,PS00092,415,421
3ZB51,PS50835,420,504
3ZB51,PS50853,512,604
3ZB51,PS50853,614,708
61735,PS50835,34,133
9M390,PS01022,85,109
9M390,PS01023,183,195
76554,PS00236,156,170
92887,PS50929,325,605
92887,PS50893,637,861
92887,PS00211,761,775
92887,PS50929,980,1264
92887,PS50893,1300,1534
94CE4,PS00704,109,116
94CE4,PS00705,153,173
9MZS1,PS50042,411,517
9MZS1,PS00888,438,454
14384,PS52035,21,311
14384,PS00132,74,96
14384,PS00133,190,200
02284,PS50262,40,347
02284,PS00237,109,125
86YR6,PS50297,138,357
86YR6,PS50088,172,204
86YR6,PS50088,205,237
86YR6,PS50088,238,270
86YR6,PS50088,271,303
86YR6,PS50088,304,336
60484,PS50262,55,355
60484,PS00237,124,140
00421,PS50262,55,300
96PJ5,PS50835,23,97
96PJ5,PS50835,115,167
96PJ5,PS50835,193,271
96PJ5,PS50835,275,374
1MH24,PS50011,46,315
1MH24,PS00108,172,184
7TSN2,PS50835,20,112
2TAD5,PS50262,53,315
2TAD5,PS00237,122,138
63094,PS51882,39,394
30201,PS50835,207,286
30201,PS00290,280,286
9LFX9,PS01022,75,99
51143,PS50267,53,580
51143,PS00610,78,92
51143,PS00754,160,180
9LVN2,PS51450,91,113
9LVN2,PS51450,114,136
9LVN2,PS51450,138,160
9LVN2,PS51450,162,185
9LVN2,PS51450,186,208
9LVN2,PS51450,211,233
9LVN2,PS51450,261,283
9LVN2,PS51450,285,308
9LVN2,PS51450,309,330
9LVN2,PS51450,333,355
9LVN2,PS51450,356,377
9LVN2,PS50011,521,785
9ASS4,PS50011,303,596
9MA83,PS51450,136,159
9MA83,PS51450,160,183
9MA83,PS51450,184,204
9MA83,PS51450,209,230
9MA83,PS51450,306,328
9MA83,PS51450,330,353
9MA83,PS51450,401,423
9MA83,PS51450,450,473
9MA83,PS51450,524,546
9MA83,PS51450,623,646
9MA83,PS51450,647,670
32246,PS50262,51,301
32246,PS00237,119,135
32249,PS50262,48,308
32249,PS00237,117,133
0WYX8,PS50835,24,125
0WYX8,PS00699,29,36
0WYX8,PS50835,132,230
0WYX8,PS50835,240,323
0WYX8,PS50835,338,432
0WYX8,PS50835,440,531
0WYX8,PS50835,537,625
0WYX8,PS50853,637,737
0WYX8,PS50060,745,912
35316,PS50267,40,570
35316,PS00610,65,79
35316,PS00754,148,168
8QGH3,PS50268,84,164
8QGH3,PS00232,152,162
8QGH3,PS50268,165,273
8QGH3,PS00232,261,271
8QGH3,PS50268,274,392
8QGH3,PS50268,389,493
8QGH3,PS00232,481,491
8QGH3,PS50268,493,615
0C5E2-2,PS50011,338,610
0C5E2-2,PS00107,344,366
0C5E2-2,PS00108,458,470
9P1Z3,PS50042,428,534
6NFQ2-2,PS51723,542,841
1Z8N1,PS50850,399,826
1Z8N1,PS00216,457,474
1Z8N1,PS00217,499,524
1Z8N1,PS00216,690,706
8GWW6,PS00142,249,258
5EDW2,PS51257,1,18
5EDW2,PS50228,43,134
5EDW2,PS50227,158,239
5EDW2,PS50221,359,542
5EDW2,PS50261,551,796
7TSP5,PS50835,49,144
7TSP5,PS50835,153,241
9LJF3,PS50011,858,1136
9LJF3,PS00107,864,887
9LJF3,PS00108,981,993
9XF59,PS00221,115,123
9C8K2,PS50893,24,269
9C8K2,PS00211,168,182
0GA42,PS51846,218,414
0GA42,PS51371,433,495
0GA42,PS51371,502,568
9EPU5,PS50050,90,131
9EPU5,PS00652,91,133
9EPU5,PS50017,415,498
39033,PS50007,103,248
39033,PS50008,346,432
39033,PS50004,434,563
9PZ19,PS50835,30,115
9PZ19,PS50835,139,226
9PZ19,PS50835,228,320
9PZ19,PS50835,324,415
9PZ19,PS00092,415,421
9PZ19,PS50835,420,504
9PZ19,PS50853,512,604
9PZ19,PS50853,614,708
63137,PS00236,160,174
88575,PS50267,47,626
88575,PS00610,72,86
88575,PS00754,155,175
9FG74,PS50011,109,446
9FG74,PS00108,230,242
9NRM0-2,PS50850,31,474
9NRM0-2,PS00217,144,169
9NRM0-2,PS00216,342,358
50077,PS50222,1787,1822
1XA76,PS01206,304,324
48682,PS51444,303,738
9C5Y0,PS50004,1,154
9C5Y0,PS50035,368,403
9C5Y0,PS50035,713,740
35462,PS50262,46,383
35462,PS00237,116,132
6PE84,PS01270,160,188
75509,PS50050,90,131
75509,PS00652,91,133
75509,PS50017,415,498
3E8W4,PS50011,521,794
3E8W4,PS00107,527,550
3E8W4,PS00108,641,653
20353,PS51882,33,355
01896,PS00154,369,375
0LGP9,PS51450,126,148
0LGP9,PS51450,150,172
0LGP9,PS51450,174,197
0LGP9,PS51450,198,220
0LGP9,PS51450,222,242
0LGP9,PS51450,247,268
0LGP9,PS51450,271,294
0LGP9,PS51450,319,342
0LGP9,PS51450,343,365
0LGP9,PS50011,488,773
60741,PS50042,475,581
60741,PS00888,502,518
8MPP3,PS00142,254,263
8MPP3,PS51642,513,561
8MPP3,PS51642,565,610
8MPP3,PS51642,612,659
8MPP3,PS51642,660,707
47871,PS50227,42,125
47871,PS00649,58,82
47871,PS50261,141,404
47871,PS00650,392,407
13587,PS00154,369,375
9FII5,PS50011,719,1001
9FII5,PS00107,725,748
9FII5,PS00108,848,860
13928,PS51420,7,182
23977,PS50267,59,584
23977,PS00610,84,98
23977,PS00754,166,186
8NAC3,PS51534,583,735
22732,PS50850,21,464
22732,PS00217,134,159
22732,PS00216,332,348
19156,PS00154,386,392
63803,PS51882,789,1144
48181,PS00236,155,169
48180,PS00236,147,161
99PI8,PS51450,58,79
99PI8,PS51450,82,103
99PI8,PS51450,106,128
99PI8,PS51450,131,152
99PI8,PS51450,155,176
99PI8,PS51450,179,200
99PI8,PS51450,203,224
99PI8,PS51450,227,248
9VVT2,PS01271,513,529
0LGS2,PS50011,841,1123
0LGS2,PS00108,962,974
9UBL9,PS01212,259,285
64825,PS50835,81,153
64825,PS51782,119,165
64825,PS51782,186,231
64825,PS50011,283,601
12466,PS51847,172,375
12466,PS50004,366,487
12466,PS50004,512,636
12466,PS50004,640,757
12466,PS50004,976,1094
8JZW5,PS50001,218,314
99P47,PS50022,33,179
99P47,PS01285,71,100
99P47,PS01286,161,179
99P47,PS50025,185,366
99P47,PS50025,372,549
99P47,PS50026,551,588
99P47,PS51406,587,638
99P47,PS50025,795,960
99P47,PS50026,961,999
99P47,PS50025,1017,1204
91Y77,PS50850,291,514
51681,PS50262,47,297
51681,PS00237,114,130
9ERB5,PS50850,45,671
9ERB5,PS51465,473,528
9DFG5,PS50011,113,395
9DFG5,PS00107,119,142
9DFG5,PS00109,241,253
31649,PS50267,31,558
31649,PS00610,56,70
31649,PS00754,139,159
08909,PS50262,71,370
08909,PS00237,141,157
08908,PS50262,53,400
08908,PS00237,122,138
31646,PS50267,31,558
31646,PS00610,56,70
31646,PS00754,139,159
07436,PS50057,26,399
925P2,PS50835,158,234
925P2,PS50835,239,319
925P2,PS50835,327,411
9SXB8,PS50927,32,157
9SXB8,PS50948,349,435
9SXB8,PS50011,524,810
9SXB8,PS00108,645,657
9VWS4,PS50050,99,137
7SFH9,PS51704,51,353
7SFH9,PS51704,369,670
7SFH9,PS50011,805,1094
7SFH9,PS00107,811,833
7SFH9,PS00108,924,936
34082-2,PS50835,31,131
34082-2,PS50835,152,223
34082-2,PS50835,230,318
34082-2,PS50835,323,423
34082-2,PS50835,428,520
34082-2,PS50853,524,622
34082-2,PS50853,638,738
9LSI9,PS50011,307,578
64264,PS50262,53,400
64264,PS00237,122,138
9LX66,PS50011,485,758
9LX66,PS00107,491,513
9LX66,PS00108,605,617
09483,PS00236,163,177
32791,PS51257,1,29
32791,PS51384,399,522
60943,PS51534,379,537
8VYM2,PS50850,24,507
9FKW4,PS50011,62,322
9FKW4,PS00107,68,91
9FKW4,PS00108,184,196
9FKW4,PS50222,365,400
9FKW4,PS00018,378,390
9FKW4,PS50222,402,437
9FKW4,PS00018,415,427
9FKW4,PS50222,444,479
9FKW4,PS00018,457,469
9FKW4,PS50222,482,509
9FKW4,PS00018,487,499
45R42,PS51450,75,96
45R42,PS51450,99,120
45R42,PS51450,123,144
45R42,PS51450,147,168
45R42,PS51450,196,217
45R42,PS51450,218,239
45R42,PS51450,266,287
45R42,PS50835,352,441
18297,PS50297,49,660
18297,PS50088,83,115
18297,PS50088,173,205
18297,PS50088,206,238
18297,PS50088,311,343
18297,PS50088,378,410
18297,PS50088,473,505
18297,PS50088,540,572
18297,PS50088,573,605
18297,PS50088,605,637
9ZUJ5,PS00546,117,124
9ZUJ5,PS00142,267,276
8R183,PS50835,16,112
90920,PS51450,105,126
90920,PS51450,127,148
90920,PS51450,151,172
90920,PS51450,176,197
90920,PS51450,200,221
90920,PS51450,224,245
90920,PS51450,248,269
90920,PS51450,272,293
90920,PS51450,294,315
90920,PS51450,318,339
90920,PS51450,342,363
90920,PS51450,366,387
90920,PS51450,390,411
90920,PS51450,414,435
9NSD5,PS50267,31,558
9NSD5,PS00610,56,70
9NSD5,PS00754,139,159
88420,PS00878,1232,1250
88420,PS50096,1893,1922
33766,PS50262,51,312
33766,PS00237,119,135
401N2,PS00236,157,171
28334,PS50262,62,365
28334,PS00237,131,147
28335,PS50262,70,368
28335,PS00237,140,156
23291,PS50011,69,353
23291,PS00107,75,98
23291,PS00108,184,196
23292,PS50011,76,360
23292,PS00107,82,105
23292,PS00108,191,203
58418,PS51257,1,20
07800,PS50969,253,411
48764,PS00678,354,368
14804,PS50262,51,305
14804,PS00237,120,136
14804,PS00599,235,244
8H1G6,PS50011,68,350
8H1G6,PS00107,74,96
8H1G6,PS00109,196,208
5X0E4,PS50929,51,351
5X0E4,PS50893,387,623
5X0E4,PS00211,526,540
5X0E4,PS50929,694,981
5X0E4,PS50893,1016,1254
5X0E4,PS00211,1157,1171
9NY25,PS50041,78,184
9ZPS9,PS51450,153,175
9ZPS9,PS51450,178,200
9ZPS9,PS51450,205,228
9ZPS9,PS51450,229,251
9ZPS9,PS51450,253,275
9ZPS9,PS51450,278,299
9ZPS9,PS51450,302,323
9ZPS9,PS51450,327,349
9ZPS9,PS51450,376,398
9ZPS9,PS51450,400,422
9ZPS9,PS51450,448,470
9ZPS9,PS51450,496,518
9ZPS9,PS51450,520,542
9ZPS9,PS51450,612,634
9ZPS9,PS51450,636,658
9ZPS9,PS51450,660,682
9ZPS9,PS51450,684,706
9ZPS9,PS50011,838,1129
9ZPS9,PS00107,844,867
9ZPS9,PS00108,962,974
54144,PS01219,198,223
06991,PS51257,1,25
06991,PS01346,74,90
11169,PS50850,13,454
11169,PS00217,126,151
11169,PS00216,322,338
9LK35,PS51257,1,16
9LK35,PS50011,510,783
9LK35,PS00107,516,538
9LK35,PS00108,630,642
8TF71,PS50850,287,515
9MAB9,PS50053,8,74
49145,PS50262,55,356
49145,PS00237,124,140
6YHK3,PS00477,918,926
43298,PS51450,89,111
43298,PS51450,112,133
43298,PS51450,136,157
43298,PS51450,233,255
43298,PS51450,256,277
43298,PS51450,280,301
43298,PS51450,411,433
43298,PS50011,588,869
43298,PS00107,594,626
43298,PS00108,713,725
40528,PS51382,1,303
40528,PS51380,606,815
15530,PS50835,73,132
15530,PS51055,184,212
9N2J4,PS00221,76,84
14654,PS50003,78,199
14654,PS51064,231,335
9QUK6,PS00159,224,233
9QUK6,PS50104,670,813
9HC97,PS50262,37,276
9HC97,PS00237,102,118
60669,PS50850,19,436
58295,PS50267,192,744
58295,PS00610,217,231
58295,PS00754,299,319
58295,PS00923,506,515
6KFA3,PS01180,41,149
6KFA3,PS51828,154,355
6KFA3,PS50221,658,840
6KFA3,PS50261,851,1107
6KFA3,PS00650,1095,1110
9SV84,PS00221,135,143
61327,PS50267,59,584
61327,PS00610,84,98
61327,PS00754,166,186
8TDS4,PS50262,44,294
8TDS4,PS00237,113,129
31809,PS50835,147,234
31809,PS50835,239,319
31809,PS50835,323,411
54244,PS00236,185,199
9XIE2,PS50893,171,444
9XIE2,PS50893,867,1119
20905,PS50262,179,507
20905,PS00237,248,264
33533,PS50262,66,318
33533,PS00237,134,150
33534,PS50262,76,330
33534,PS00237,144,160
0LGG8,PS50011,669,950
0LGG8,PS00108,791,803
9NRD9,PS50292,20,580
9NRD9,PS50222,815,850
9NRD9,PS00018,828,840
9NRD9,PS50222,851,886
9NRD9,PS00018,864,876
9NRD9,PS50222,895,930
9NRD9,PS51384,1270,1376
08722,PS50835,3,127
2ARI4,PS51450,58,79
2ARI4,PS51450,82,103
2ARI4,PS51450,106,127
2ARI4,PS51450,130,151
2ARI4,PS51450,154,177
2ARI4,PS51450,178,199
2ARI4,PS51450,202,223
2ARI4,PS51450,226,247
2ARI4,PS51450,249,270
2ARI4,PS51450,273,294
2ARI4,PS51450,320,341
2ARI4,PS51450,344,365
2ARI4,PS51450,366,387
2ARI4,PS51450,390,411
2ARI4,PS51450,414,435
2ARI4,PS50262,555,801
2ARI4,PS00028,858,879
90240,PS52035,46,383
90240,PS00132,130,152
90240,PS00133,260,270
90240,PS52035,511,801
90240,PS00132,564,586
90240,PS00133,680,690
90240,PS52035,935,1220
9Y2C5,PS50850,39,485
26362,PS50929,83,324
26362,PS50893,424,647
26362,PS00211,549,563
26362,PS50929,869,1169
26362,PS50893,1220,1453
81905,PS50927,31,153
81905,PS50948,347,428
81905,PS50011,526,807
81905,PS00107,532,554
81905,PS00108,647,659
10133,PS51420,2,181
97689,PS00079,279,299
9WTY4,PS00221,67,75
53988,PS50850,20,435
5EBR3,PS00236,191,205
6UXZ3,PS50835,13,125
01453,PS01221,18,42
01453,PS01222,66,82
0LGU0,PS50011,357,639
9M1E2,PS00012,57,72
24372,PS50835,29,130
24372,PS50835,135,221
24372,PS50835,226,317
16581,PS50041,19,139
16581,PS00615,111,138
16581,PS50026,139,175
16581,PS00022,163,174
16581,PS01186,163,174
16581,PS50923,178,239
16581,PS50923,240,301
16581,PS50923,315,364
16581,PS50923,378,427
16581,PS50923,441,490
16581,PS50923,491,549
18434,PS00390,17,37
18434,PS00391,149,164
9LSE1,PS50011,74,354
9LSE1,PS00107,80,102
9LSE1,PS00108,196,208
47735,PS51450,90,112
47735,PS51450,115,137
47735,PS51450,140,161
47735,PS51450,164,186
47735,PS51450,213,236
47735,PS51450,237,259
47735,PS51450,285,307
47735,PS51450,308,330
47735,PS51450,332,353
47735,PS51450,380,402
47735,PS51450,404,427
47735,PS51450,452,474
47735,PS51450,500,523
47735,PS51450,524,546
47735,PS51450,548,569
47735,PS51450,571,593
47735,PS50011,683,968
47735,PS00107,689,712
47735,PS00108,815,827
42287,PS50026,179,224
42287,PS00022,212,223
24008,PS50106,17,106
24008,PS50106,249,332
24008,PS50106,364,448
24008,PS50106,489,552
24008,PS50106,584,664
0LGN2,PS50011,672,949
0LGN2,PS00108,794,806
10644,PS50042,137,252
10644,PS00888,164,180
10644,PS00889,200,217
10644,PS50042,255,376
10644,PS00888,282,298
10644,PS00889,324,341
9M6N7,PS01219,180,205
31389,PS50262,53,469
31389,PS00237,122,138
8VGC3,PS50002,110,179
9GL65,PS51257,1,20
9GL65,PS51450,55,76
9GL65,PS51450,79,100
9GL65,PS51450,103,124
9GL65,PS51450,151,172
9GL65,PS51450,176,197
9GL65,PS51450,205,225
9GL65,PS51450,374,394
9GL65,PS51450,400,422
9GL65,PS51450,423,444
9GL65,PS51450,497,518
9GL65,PS51450,521,542
9GL65,PS51450,545,568
9GL65,PS51450,570,591
9GL65,PS50104,673,816
9H5Y7,PS51257,1,15
9H5Y7,PS51450,113,134
9H5Y7,PS51450,137,158
9H5Y7,PS51450,161,182
9H5Y7,PS51450,184,205
9H5Y7,PS51450,388,409
9H5Y7,PS51450,412,433
9H5Y7,PS51450,436,457
9H5Y7,PS51450,460,481
9H5Y7,PS51450,483,504
9XIC7,PS50011,305,592
9XIC7,PS00107,311,333
9XIC7,PS00108,428,440
9VJN5,PS51915,10,82
9VJN5,PS50157,271,299
9VJN5,PS00028,273,294
9VJN5,PS50157,300,327
9VJN5,PS00028,302,322
9VJN5,PS00028,328,350
9VJN5,PS50157,328,355
9VJN5,PS50157,355,382
9VJN5,PS00028,357,377
9VJN5,PS50157,383,410
9VJN5,PS00028,385,405
9VJN5,PS50157,411,434
9VJN5,PS00028,413,434
9SZ11,PS51704,44,344
9SZ11,PS51704,360,661
44783,PS51227,380,499
8R7E6,PS51782,168,211
8R7E6,PS50011,322,594
8R7E6,PS00107,328,350
8R7E6,PS00108,437,449
9WVT0,PS01186,116,129
9WVT0,PS50024,163,271
9WVT0,PS50835,268,366
9WVT0,PS50835,367,464
9WVT0,PS50835,469,559
9WVT0,PS50221,842,1006
9WVT0,PS50261,1015,1273
9WVT0,PS00650,1261,1276
9ESC1,PS50026,18,56
9ESC1,PS01186,41,55
9ESC1,PS01187,57,82
9ESC1,PS50026,57,94
9ESC1,PS00010,73,84
9ESC1,PS01187,107,132
9ESC1,PS50026,107,144
9ESC1,PS00010,123,134
9ESC1,PS50221,292,467
9ESC1,PS50261,475,716
9ESC1,PS00650,704,719
8NFA2-3,PS50195,1,126
8NFA2-3,PS50002,158,220
8NFA2-3,PS50002,232,291
14842,PS50262,22,276
21929,PS00061,143,171
36021,PS50850,320,539
27922,PS50267,59,582
27922,PS00610,84,98
27922,PS00754,166,186
3UV74,PS52047,421,454
3UV74,PS00022,442,453
3UV74,PS01186,442,455
3UV74,PS52047,455,507
3UV74,PS00243,478,491
3UV74,PS52047,508,546
3UV74,PS00243,521,536
3UV74,PS00022,534,545
3UV74,PS01186,534,547
3UV74,PS52047,547,585
3UV74,PS00243,562,575
3UV74,PS01186,573,584
9SCT4,PS50011,537,808
7K4Y6,PS50267,26,584
7K4Y6,PS00610,51,65
7K4Y6,PS00754,134,154
9Y345,PS50267,190,742
9Y345,PS00610,215,229
9Y345,PS00754,297,317
9Y345,PS00923,504,513
9WTU3,PS00878,1232,1250
9WTU3,PS50096,1893,1922
5T3U5,PS50929,286,563
5T3U5,PS50893,598,824
5T3U5,PS00211,726,740
5T3U5,PS50929,886,1210
5T3U5,PS50893,1246,1479
5T3U5,PS00211,1382,1396
38890,PS60032,156,173
38890,PS00592,489,515
38890,PS00698,559,577
07824,PS50850,148,586
38360,PS50846,410,477
38360,PS00154,903,909
15146,PS00228,1,4
15146,PS50835,28,116
15146,PS50835,121,205
15146,PS50835,212,302
15146,PS50038,312,450
15146,PS50011,575,856
15146,PS00107,581,609
15146,PS00109,721,733
16832,PS50022,30,185
16832,PS01285,71,104
16832,PS01286,168,185
16832,PS50011,563,849
16832,PS00109,706,718
16832,PS00239,734,742
8MKK4,PS50850,31,458
8MKK4,PS00216,89,106
8MKK4,PS00217,131,156
8MKK4,PS00216,322,338
33302,PS50893,161,410
33302,PS00211,309,323
33302,PS50893,869,1112
37091,PS01206,390,410
01959,PS50267,59,585
01959,PS00610,84,98
01959,PS00754,166,186
9JM59,PS50222,140,175
9JM59,PS00018,153,165
9JM59,PS50222,176,211
9JM59,PS00018,189,201
9JM59,PS50222,224,259
9JM59,PS00018,237,249
8N4T4,PS50010,22,197
8N4T4,PS50003,227,331
35374,PS50262,61,318
35374,PS00237,130,146
92854,PS51004,19,500
92854,PS50835,554,636
51865,PS50026,67,91
51865,PS00022,79,90
9HBA0-5,PS50088,203,235
9HBA0-5,PS50297,203,358
21219,PS01022,102,126
21219,PS01023,185,197
50080,PS50850,69,608
46720,PS50850,22,627
46720,PS51465,433,488
9M9E1,PS50893,154,427
9M9E1,PS50893,825,1077
08646,PS51421,1,189
21462,PS50262,43,301
21462,PS00237,111,127
9VFI9,PS50813,231,400
9VFI9,PS50813,414,613
9VFI9,PS51845,642,965
9VFI9,PS00126,758,769
9LPZ9,PS50927,22,145
9LPZ9,PS50948,340,423
9LPZ9,PS50011,512,798
9LPZ9,PS00107,518,540
9LPZ9,PS00108,633,645
9NR22,PS51678,73,394
9NR22,PS00329,115,128
30372,PS50262,43,440
30372,PS00237,112,128
84VQ3,PS50011,13,268
84VQ3,PS00107,19,42
84VQ3,PS00108,132,144
84VQ3,PS50816,306,330
9UU99,PS50191,675,828
9R007,PS50041,80,186
9UQD0,PS00878,1234,1252
9UQD0,PS50096,1895,1924
8IYR6,PS50026,73,104
8IYR6,PS51465,98,145
8IYR6,PS51465,189,237
8IYR6,PS50026,271,311
8IYR6,PS00022,299,310
8IYR6,PS01186,299,310
9CAT6,PS50850,89,515
9P296,PS50262,52,291
34975,PS50262,76,330
34975,PS00237,144,160
9FRS6,PS50011,714,1007
9FRS6,PS00108,850,862
0DJ33,PS51882,38,380
42400,PS00063,111,126
5SQ64,PS50835,14,108
95Q39,PS50026,34,68
95Q39,PS00022,56,67
95Q39,PS01186,56,71
95Q39,PS51670,71,108
6RI86,PS50297,63,580
6RI86,PS50088,98,130
6RI86,PS50088,165,197
6RI86,PS50088,239,271
6RI86,PS50088,309,341
6RI86,PS50088,342,374
6RI86,PS50088,413,445
6RI86,PS50088,446,478
6RI86,PS00018,469,481
6RI86,PS50088,482,507
6RI86,PS50088,548,580
0Q0Y7,PS01340,29,43
38084,PS00218,124,155
9WV38,PS50850,20,463
9WV38,PS00217,133,158
9WV38,PS00216,331,347
8K480,PS01180,150,259
8K480,PS50068,265,301
8K480,PS01209,278,300
8K480,PS01180,307,420
8K480,PS50038,466,584
9LRP3,PS50011,154,433
9LRP3,PS00107,160,183
9LRP3,PS00108,276,288
9ER63,PS00652,38,72
9ER63,PS50050,74,114
9ER63,PS00652,75,116
9ER63,PS00652,114,155
9ER63,PS50050,115,155
8VDB9,PS51257,1,18
8VDB9,PS50267,4,583
8VDB9,PS00610,29,43
8VDB9,PS00754,112,132
62668,PS00079,352,372
27218,PS00236,163,177
62178,PS51004,36,494
4A6D8,PS51450,66,87
4A6D8,PS51450,90,111
4A6D8,PS51450,114,135
4A6D8,PS51450,138,159
4A6D8,PS51450,162,183
4A6D8,PS51450,186,207
4A6D8,PS51450,210,230
4A6D8,PS51450,257,278
4A6D8,PS51450,281,302
6S5L9,PS01179,186,349
6S5L9,PS50001,522,613
9Y3Q4,PS00227,110,116
9Y3Q4,PS50042,595,710
9Y3Q4,PS00888,622,638
6VB83,PS50262,39,344
6VB83,PS00237,108,124
18872,PS51882,32,354
35404,PS50262,65,367
35404,PS00237,134,150
8R4I7,PS01180,41,155
8R4I7,PS01180,172,287
8R4I7,PS50068,291,327
8R4I7,PS01209,304,326
00481,PS50835,26,139
00481,PS50835,164,236
00481,PS50188,322,513
8BIK6,PS50024,92,220
8BIK6,PS01180,233,346
8BIK6,PS01180,351,428
8BIK6,PS50068,469,505
8BIK6,PS01209,482,504
8BIK6,PS50068,544,581
8BIK6,PS50240,592,826
8BIK6,PS00134,628,633
8BIK6,PS00135,770,781
12675,PS00154,712,718
12675,PS00572,1339,1347
6PAJ1,PS50010,497,690
6PAJ1,PS00741,638,663
6PAJ1,PS50003,707,865
6PAJ1,PS50004,892,1019
6PAJ1,PS50238,1053,1247
9QXZ9,PS50262,86,347
9QXZ9,PS00237,155,171
9QXZ9,PS00238,331,347
61837,PS00221,112,120
9HBW9,PS50026,18,57
9HBW9,PS01186,42,56
9HBW9,PS01187,58,84
9HBW9,PS50026,58,96
9HBW9,PS00010,75,86
9HBW9,PS00018,153,165
9HBW9,PS50221,244,419
9HBW9,PS50261,427,668
9HBW9,PS00650,656,671
9LRB7,PS50089,134,176
8J6J0,PS00053,459,476
8J6J0,PS50801,542,664
9SQH9,PS01219,202,227
18507,PS00236,190,204
44827,PS50850,49,495
44827,PS00217,162,187
18508,PS00236,189,203
41597,PS50262,59,305
41597,PS00237,126,142
9C757,PS50850,31,545
9C757,PS00217,130,155
9C757,PS00213,177,190
9C757,PS00216,331,347
99572,PS01212,249,275
54709,PS50041,122,228
96LA5,PS50835,109,187
96LA5,PS50835,201,290
96LA5,PS50835,300,387
5DID3,PS51041,34,107
5DID3,PS51390,115,159
5DID3,PS01187,265,292
5DID3,PS50026,265,306
5DID3,PS50853,307,391
5DID3,PS50024,389,503
5DID3,PS01187,500,527
5DID3,PS50026,500,545
5DID3,PS00010,518,529
5DID3,PS50853,709,795
5DID3,PS50024,792,904
5DID3,PS01187,901,926
5DID3,PS50026,901,945
5DID3,PS00010,917,928
5DID3,PS51034,995,1238
30546,PS50262,45,472
30546,PS00237,114,130
43000,PS50850,32,514
9LFS4,PS50011,312,593
9LFS4,PS00107,318,340
9LFS4,PS00108,431,443
01730,PS50835,20,119
9LX93,PS50089,135,177
8K4C2-4,PS51534,481,630
8K4C2-1,PS51534,472,621
8K4C2-5,PS51534,487,636
57579,PS00142,383,392
98998,PS50262,47,386
98998,PS00237,116,132
91682,PS50038,85,206
91682,PS50261,256,520
5LGM7,PS50850,46,473
5LGM7,PS00216,104,121
5LGM7,PS00217,146,171
9ULT6,PS50089,293,334
38227,PS50850,109,673
6P4Q7,PS51846,178,358
6P4Q7,PS51371,377,438
6P4Q7,PS51371,445,511
6P4Q7,PS50042,575,652
9FMD7,PS50011,343,613
09581,PS50835,21,85
09581,PS50835,104,188
09581,PS50835,203,294
09581,PS50835,400,500
09581,PS50011,580,914
09581,PS00107,586,614
09581,PS00240,639,652
09581,PS00109,772,784
1Z6W3,PS51303,515,623
1Z6W3,PS50023,622,686
1Z6W3,PS00478,624,663
1Z6W3,PS50023,687,747
1Z6W3,PS00478,689,723
1Z6W3,PS50023,748,810
1Z6W3,PS00028,749,771
9JKF6,PS50835,26,141
9JKF6,PS50835,247,334
80623,PS50011,487,761
80623,PS00107,493,515
80623,PS00108,608,620
31321,PS50042,137,252
31321,PS00888,164,180
31321,PS00889,200,217
31321,PS50042,255,376
31321,PS00888,282,298
31321,PS00889,324,341
09914,PS51420,1,179
9EPX4,PS50262,48,304
5DRK1,PS01238,163,178
9Z1F2,PS50283,25,501
9D659,PS50835,46,147
38868,PS50011,91,349
38868,PS00107,97,120
38868,PS00108,211,223
38868,PS50222,392,427
38868,PS00018,405,417
38868,PS50222,428,463
38868,PS00018,441,453
38868,PS50222,464,499
38868,PS00018,477,489
38868,PS50222,500,534
38868,PS00018,512,524
21709,PS51550,27,209
21709,PS00790,185,205
21709,PS00791,249,269
21709,PS01186,262,277
21709,PS50853,332,445
21709,PS50853,447,538
21709,PS50011,624,884
21709,PS00107,630,656
21709,PS00109,745,757
21709,PS50105,913,976
5X5Y0,PS00236,162,176
88704,PS50042,464,570
88704,PS00888,491,507
7FBY6,PS51450,73,94
7FBY6,PS51450,97,118
7FBY6,PS51450,121,142
7FBY6,PS51450,145,166
7FBY6,PS50835,230,332
7FBY6,PS50227,326,409
7FBY6,PS50221,574,730
7FBY6,PS50261,737,925
8RY65,PS50011,312,567
8RY65,PS00107,318,340
8RY65,PS00108,431,443
43427,PS50850,12,463
43427,PS00217,133,158
43427,PS00216,331,347
9Y2I2,PS51117,46,296
9Y2I2,PS50027,297,356
9Y2I2,PS00022,315,326
9Y2I2,PS50027,364,419
9Y2I2,PS01248,384,420
9Y2I2,PS50027,420,469
9Y2I2,PS00022,438,449
9Y2I2,PS50026,463,498
9Y2I2,PS00022,486,497
9DBI0,PS50024,86,209
9DBI0,PS01180,335,452
9DBI0,PS50068,457,490
9DBI0,PS50068,490,526
9DBI0,PS01209,503,525
9DBI0,PS50068,530,567
9DBI0,PS01209,543,568
9DBI0,PS50240,577,811
9DBI0,PS00134,613,618
9DBI0,PS00135,756,767
9UNG2,PS50049,69,192
08890,PS50262,40,347
08890,PS00237,109,125
20594,PS00458,98,115
20594,PS50011,513,786
20594,PS50125,861,991
20594,PS00452,968,991
85171,PS50835,24,123
85171,PS00699,29,36
85171,PS50835,132,230
85171,PS50835,240,323
85171,PS50835,338,432
85171,PS50835,440,534
85171,PS50835,539,632
85171,PS50853,644,744
85171,PS50060,752,919
9Y2I9,PS50086,249,457
51864,PS00022,95,106
8IYJ3,PS50916,31,87
8IYJ3,PS00152,230,239
8IYJ3,PS50004,266,385
8IYJ3,PS50004,398,527
12318,PS50835,39,118
12318,PS50835,122,204
22267,PS50109,402,671
22267,PS50110,987,1120
3BI11,PS00430,1,62
6F6B3,PS50297,886,1260
6F6B3,PS50088,957,989
6F6B3,PS50088,1068,1100
6F6B3,PS50088,1101,1133
6F6B3,PS50088,1134,1166
6F6B3,PS50088,1167,1199
6F6B3,PS50088,1200,1232
6F6B3,PS50005,1279,1312
6F6B3,PS50293,1279,1393
6F6B3,PS50005,1326,1359
6F6B3,PS50005,1360,1393
9UIB8,PS50835,135,207
8RWZ5,PS50927,33,148
8RWZ5,PS50011,493,768
8RWZ5,PS00107,499,522
8RWZ5,PS00108,614,626
96LA6,PS50835,3,104
96LA6,PS50835,109,200
96LA6,PS50835,208,291
53283,PS50850,172,614
8QFP9,PS50835,7,114
8QFP9,PS00290,101,107
8QFP9,PS50835,125,205
8QFP9,PS50853,213,306
8QFP9,PS50853,311,401
8QFP9,PS50011,503,774
8QFP9,PS00107,509,535
8QFP9,PS00109,636,648
9D1N2,PS00983,62,113
8WXA8,PS00236,162,176
96BF3,PS50835,4,129
7PIR5,PS50850,335,762
7PIR5,PS00216,393,410
7PIR5,PS00217,435,460
9SYQ8,PS50011,692,968
9SYQ8,PS00108,813,825
21441,PS50067,15,326
9BZL4,PS50088,100,132
9BZL4,PS50297,100,300
9BZL4,PS50088,133,165
9BZL4,PS50088,226,258
9BZL4,PS50088,259,291
16785,PS50021,99,206
16785,PS50021,266,373
39976,PS01258,60,71
39976,PS51387,64,243
20936,PS50001,181,272
20936,PS50002,279,341
20936,PS50001,351,441
20936,PS50003,474,577
20936,PS50004,577,690
20936,PS50018,764,974
20936,PS00509,898,912
49A88,PS00196,232,247
40558,PS01215,128,144
40559,PS50275,151,480
40559,PS52082,522,827
42539,PS01279,147,162
98SP8,PS50102,11,89
98SP8,PS50102,99,175
98SP8,PS50102,191,268
98SP8,PS50102,294,370
98SP8,PS51309,539,616
9XVI9,PS50222,2,37
9XVI9,PS50222,75,110
86AV6,PS00480,324,336
38174,PS01202,189,205
07963,PS51157,96,172
6PDX6,PS50089,514,553
70569,PS51844,8,60
70569,PS51456,69,763
70569,PS50096,767,795
70569,PS50096,789,818
70569,PS50096,814,840
70569,PS50096,838,866
70569,PS50096,862,888
70569,PS50096,885,914
70569,PS51126,1524,1801
21672,PS51161,1,92
21672,PS00089,585,607
12525,PS50970,6,320
84TG3,PS51698,11,86
94354,PS00564,11,19
94354,PS00565,118,129
12834,PS50294,197,480
12834,PS50082,222,263
12834,PS50082,305,336
12834,PS00678,373,387
12834,PS50082,439,470
13693,PS51797,1,172
13693,PS01002,48,58
13693,PS01003,129,151
9USS2,PS50011,25,310
9USS2,PS00108,159,171
8S895,PS00101,229,257
6TY21,PS50102,93,170
9DAK8,PS51450,49,71
9DAK8,PS51450,80,101
9DAK8,PS51450,103,124
9DAK8,PS51450,128,149
8W035,PS01012,159,174
93015,PS51186,60,207
9P7Y8,PS50003,583,688
84P53,PS00600,251,288
7TN29,PS50115,13,139
5BKC6,PS51184,124,288
6WCQ1,PS50003,43,150
6WCQ1,PS50003,387,483
14305,PS50011,9,260
14305,PS00107,15,38
8R512,PS51399,224,288
8R512,PS50033,386,463
9M2K0,PS51844,6,55
9M2K0,PS51456,60,729
9M2K0,PS50096,755,784
9M2K0,PS50096,780,809
9M2K0,PS50096,803,832
9M2K0,PS50096,828,853
969U6,PS50181,9,49
969U6,PS50082,88,120
969U6,PS50294,88,129
969U6,PS50082,506,538
969U6,PS50294,506,548
8VD46,PS50297,45,234
8VD46,PS50088,78,110
8VD46,PS50088,148,180
8VD46,PS50088,181,213
39714,PS00059,72,86
13828,PS51462,94,227
13828,PS00893,128,149
96HU1,PS50086,114,305
96HU1,PS50002,480,539
96HU1,PS50826,555,718
08168,PS50293,113,214
04439,PS51456,36,715
04439,PS51757,771,961
04439,PS50002,1085,1147
54988,PS50011,34,292
54988,PS00107,40,63
54988,PS00108,151,163
54988,PS50151,873,908
9P219,PS50021,11,131
6ZVX7,PS51114,95,273
52013,PS50072,32,189
52013,PS00170,73,90
1ZAJ2,PS50067,3,351
1ZAJ2,PS00411,242,253
1ZAJ2,PS50003,1537,1635
8BUM3,PS50055,97,349
8BUM3,PS50056,265,340
8BUM3,PS00383,288,298
969K4,PS50297,1,76
969K4,PS50088,35,67
969K4,PS50097,115,182
969K4,PS50097,272,346
42538,PS00101,238,266
89106,PS51084,2,109
89106,PS00892,83,101
48643,PS00750,49,61
48643,PS00751,70,86
48643,PS00995,98,106
8NEM0,PS50172,1,93
8NEM0,PS50172,672,730
8NEM0,PS50172,751,833
05874,PS51560,1,261
45441,PS51857,41,110
45441,PS00352,55,74
8CDP0,PS52035,304,576
74781,PS00178,150,161
8VCW2,PS51842,75,390
39160,PS51844,7,56
39160,PS51456,59,729
39160,PS50096,734,758
39160,PS50096,755,784
39160,PS50096,780,807
39160,PS50096,803,832
39160,PS50096,828,854
39160,PS50096,851,880
39160,PS51126,1148,1463
60760,PS50404,2,79
60760,PS50405,81,199
24000,PS01073,8,25
54QV3,PS50011,205,548
54QV3,PS00107,211,234
54QV3,PS00634,289,321
54QV3,PS00108,328,340
9P7W4,PS50181,28,74
9P7W4,PS50294,213,260
9P7W4,PS50082,238,260
9P7W4,PS50330,581,600
9P7W4,PS50330,646,662
21524,PS51161,1,92
21524,PS00089,585,607
21524,PS00237,690,706
24706,PS00087,44,54
24706,PS00332,141,152
08919,PS01179,78,203
09760,PS50069,287,406
09760,PS50069,420,654
09760,PS01256,758,785
05580,PS00028,64,85
05580,PS50089,64,104
41214,PS50890,93,173
41214,PS51925,383,467
41214,PS50296,491,564
8VIN1,PS01220,64,86
10113,PS50021,2,103
10113,PS51230,173,247
99MV5-2,PS52088,109,550
5FWU8,PS01360,385,421
5FWU8,PS50865,385,421
9HCR9,PS50813,199,371
9HCR9,PS50813,385,559
9HCR9,PS51845,588,912
9HCR9,PS00126,704,715
43182,PS50238,401,602
9SLN5,PS52013,12,65
9SLN5,PS00680,302,320
75563,PS50003,116,219
75563,PS50002,297,358
05672,PS51061,26,88
5TBA9,PS00627,1749,1759
0CX27,PS01172,63,74
60709,PS00406,53,63
60709,PS01132,104,116
60709,PS00432,356,364
0CX29,PS00055,62,69
0CX28,PS01172,63,74
33420,PS00845,34,65
33420,PS50245,34,84
5VYS8,PS00028,246,268
5VYS8,PS50158,965,980
5VYS8,PS50158,1347,1361
5VYS8,PS50158,1452,1468
80VI1,PS50089,21,60
80VI1,PS00518,36,45
80VI1,PS50119,164,205
1W617,PS50106,10,92
1W617,PS00028,895,919
1W617,PS51307,1190,1469
74414,PS51219,3,208
9LHH7,PS00766,82,107
9LHH7,PS00767,274,282
9BSW2,PS50222,84,119
9BSW2,PS00018,97,109
14743,PS00975,167,175
14743,PS00976,412,418
54SM3,PS50072,15,178
54SM3,PS00170,63,80
83741,PS50011,221,479
83741,PS00108,345,357
83741,PS00093,1971,1976
0IH24,PS50021,7,115
9FQ04,PS50158,264,279
9BYP7,PS50011,147,405
9BYP7,PS00108,271,283
42874,PS00501,277,284
42870,PS50862,228,480
9VKK1,PS00678,384,398
31265,PS51797,1,168
31265,PS01002,45,55
31265,PS01003,125,147
7G188,PS50021,123,240
7G188,PS00020,212,236
7G188,PS50021,268,371
7G188,PS50021,392,498
7G188,PS00020,470,494
7G188,PS50021,513,621
60854,PS00284,351,361
74389,PS50172,180,251
05933,PS50222,9,44
05933,PS00018,22,34
05933,PS50222,45,80
05933,PS00018,58,70
05933,PS50222,82,117
05933,PS00018,95,107
05933,PS50222,118,150
05933,PS00018,131,143
59763,PS50011,302,614
59763,PS00107,308,331
59763,PS00108,421,433
9LKB9,PS51844,8,57
9LKB9,PS51456,62,731
9LKB9,PS50096,736,763
9LKB9,PS50096,757,786
9LKB9,PS50096,782,811
9LKB9,PS50096,805,834
9LKB9,PS50096,830,859
9LKB9,PS50096,853,882
9LKB9,PS51126,1148,1452
80456,PS51085,5,92
80456,PS00197,44,52
80456,PS51387,236,421
80456,PS00559,802,837
60229,PS50191,35,180
60229,PS50010,1281,1456
60229,PS50003,1468,1580
60229,PS50002,1646,1711
60229,PS50010,1928,2103
60229,PS50003,2115,2225
60229,PS50002,2320,2385
60229,PS50835,2470,2563
60229,PS50853,2570,2664
60229,PS50011,2683,2937
60229,PS00107,2689,2712
60229,PS00108,2798,2810
95932,PS00547,272,289
78820,PS50979,68,577
78820,PS50975,226,418
78820,PS00866,257,271
78820,PS00867,387,394
78820,PS50968,704,778
78820,PS00188,735,752
78820,PS00216,1442,1459
78820,PS50980,1524,1863
78820,PS50989,1867,2181
9UTE4,PS51130,23,226
9UTE4,PS01236,62,72
22987,PS50011,125,395
22987,PS00107,131,154
22987,PS00108,262,274
22987,PS50032,842,891
38760,PS50102,111,189
38760,PS50102,199,267
38760,PS50102,313,389
8SVC2,PS00113,81,92
8S905,PS50067,31,353
8S905,PS00411,251,262
05062,PS00158,222,232
9Y295,PS51710,65,290
9Y295,PS00905,117,130
9Y295,PS51880,290,366
08AD1,PS50021,222,335
08AD1,PS51508,1349,1483
94347,PS51383,11,313
94347,PS01049,115,125
42890,PS01164,383,396
42890,PS01165,599,612
51114,PS51641,4,50
51114,PS51641,63,115
51114,PS50084,218,279
51114,PS50084,281,351
0WPN0,PS01175,792,816
9D5U9,PS51848,519,668
9P7X5,PS50011,21,317
9GT24,PS50011,13,249
9GT24,PS00107,19,41
9GT24,PS00109,127,139
9CZV8,PS50181,22,68
9CXF4,PS50086,329,539
8IWE5,PS50826,36,158
8IWE5,PS50003,771,873
8IWE5,PS00070,819,830
0EXJ8,PS51683,16,355
32452,PS51171,7,224
32452,PS51671,244,322
07655,PS50102,533,625
6ULP2,PS00018,290,302
62871,PS50294,310,607
62871,PS50082,472,519
45551,PS00813,65,88
8CH72,PS50089,21,66
8CH72,PS00518,40,49
8CH72,PS50119,96,139
8CH72,PS00028,113,134
8CH72,PS51125,360,403
8CH72,PS51125,417,460
8CH72,PS51125,466,501
8CH72,PS51125,564,607
8CH72,PS51125,618,648
9TW28,PS51844,4,55
9TW28,PS51456,59,886
9TW28,PS50096,889,916
9TW28,PS50010,1389,1572
9TW28,PS50003,1603,1714
13781,PS00785,38,50
9UH77,PS50097,50,117
8TE68,PS50002,478,537
8TE67,PS50002,450,509
8BGE7,PS50089,15,60
8BGE7,PS00518,30,39
8BGE7,PS50119,92,133
8BGE7,PS50188,282,488
62701,PS00528,8,22
62701,PS50889,42,104
2GUZ5,PS00748,196,204
2GUZ5,PS00749,256,266
9NHD5,PS51186,6,155
13819,PS51339,120,541
13819,PS00383,340,350
42772,PS50297,13,138
42650,PS01245,261,272
42650,PS00109,261,273
9GRF8,PS00825,205,216
9FK35,PS00113,115,126
66HS7,PS50106,9,84
66HS7,PS50023,290,349
66HS7,PS00478,292,325
14134,PS50119,220,260
9UPM9,PS51381,9,127
52732,PS50067,18,359
52732,PS00411,259,270
46781,PS00632,106,130
46781,PS50889,108,182
6EJ98,PS50097,55,123
6EJ98,PS50134,225,326
9V3D5,PS50011,198,494
9V3D5,PS00107,204,227
9V3D5,PS00108,320,332
7Z2B8,PS50222,8,43
7Z2B8,PS00018,21,33
7Z2B8,PS50222,79,114
7Z2B8,PS50222,115,147
12196,PS50011,76,402
12196,PS01245,240,251
4LB35,PS00435,185,195
4LB35,PS50972,465,724
4LB35,PS00793,500,513
9H227,PS00653,7,21
22768,PS00564,9,17
22768,PS00565,116,127
95QJ7,PS50877,424,445
82289,PS00214,4,21
8N142,PS01266,40,47
8N142,PS00513,166,177
14008,PS50077,440,478
0CX56,PS50159,17,146
0CX56,PS00646,123,136
2RY04,PS50002,8,69
2RY04,PS51650,443,627
2RY04,PS51651,1231,1642
4JY37,PS50011,4,253
4JY37,PS00108,117,129
9Y5P6,PS00101,256,284
8N1F8,PS51450,120,141
8N1F8,PS51450,175,196
8N1F8,PS51450,198,220
8N1F8,PS51450,221,242
8N1F8,PS51450,244,265
8N1F8,PS51450,266,287
8N1F8,PS51450,291,312
38818,PS51611,1,585
38818,PS50280,18,273
10322,PS50006,60,116
10322,PS50089,192,236
14755,PS00067,189,213
56932,PS01024,89,103
56932,PS01025,180,194
4PSE4,PS50294,147,425
4PSE4,PS50082,164,205
4PSE4,PS50082,248,280
4PSE4,PS00678,318,332
4PSE4,PS50082,384,417
4PSE4,PS00678,403,417
74774,PS51722,175,401
9CQ84,PS50053,1,76
9Y2K2,PS50011,8,259
9Y2K2,PS00107,14,37
9Y2K2,PS00108,126,138
9Y2K2,PS50030,286,326
9LXD1,PS50255,126,202
9LXD1,PS00191,157,164
5A3E0,PS50297,138,357
5A3E0,PS50088,172,204
5A3E0,PS50088,238,270
5A3E0,PS50088,271,303
5A3E0,PS50088,304,336
5A3E0,PS01132,804,816
5A3E0,PS00432,1056,1064
9VKJ9,PS50004,637,776
50095,PS51371,121,183
50095,PS51371,184,240
50095,PS00487,325,337
9NX02,PS50824,1,94
9NX02,PS50837,207,405
9H0C8,PS51746,108,390
9H0C8,PS01032,147,155
7L7X3,PS50011,28,281
7L7X3,PS00107,34,58
7L7X3,PS00108,147,159
03426,PS00627,137,148
33892,PS50077,1489,1527
33892,PS50077,1601,1646
33892,PS50077,1646,1685
33892,PS50077,1952,1989
4K5J1,PS51844,8,57
4K5J1,PS51456,62,732
4K5J1,PS50096,758,787
4K5J1,PS50096,783,812
4K5J1,PS50096,806,835
4K5J1,PS50096,831,860
4K5J1,PS50096,854,883
4K5J1,PS51126,1159,1470
9VU68,PS50082,60,101
9VU68,PS50294,60,608
9VU68,PS50082,191,232
9VU68,PS50082,235,276
9VU68,PS50082,321,362
9VU68,PS50082,532,562
9BPX1,PS00061,141,169
9H0C5,PS50097,69,145
9H6S3,PS01179,51,171
9H6S3,PS50002,492,551
9NZJ9,PS51462,18,144
9NZJ9,PS00893,51,72
90901,PS51842,69,422
90901,PS00226,408,416
90901,PS51841,455,572
05738,PS00700,163,184
9H788,PS50001,347,440
2TBA0,PS50097,33,98
2TBA0,PS00374,44,50
79065,PS00845,22,56
79065,PS50245,22,69
9SE37,PS51752,1,152
12500,PS50211,10,464
78968,PS00125,305,310
03735,PS50102,653,726
12508,PS50897,176,236
12508,PS51867,361,404
9Z2K5,PS50294,1,326
9Z2K5,PS50082,81,122
9Z2K5,PS00678,100,114
9Z2K5,PS50082,216,257
9Z2K5,PS50082,277,307
74919,PS50084,93,157
74919,PS50084,178,243
74919,PS50084,320,385
9USQ6,PS50275,171,484
9USQ6,PS52082,563,865
9ESN6,PS50089,23,64
9ESN6,PS00518,38,47
9ESN6,PS50119,113,154
9ESN6,PS50194,320,421
9ESN6,PS51125,473,516
9ESN6,PS51125,520,563
9ESN6,PS51125,564,605
9ESN6,PS51125,609,652
9ESN6,PS51125,656,699
9ESN6,PS51125,700,743
17076,PS01082,170,187
8TF46,PS01175,784,808
54AX5,PS51450,38,59
54AX5,PS51450,61,82
54AX5,PS51450,84,105
54AX5,PS51450,109,130
54AX5,PS51450,132,153
54AX5,PS51450,155,174
54AX5,PS51450,178,199
54AX5,PS51450,201,222
54AX5,PS51450,224,246
54AX5,PS51450,247,268
54AX5,PS51450,270,293
54AX5,PS51450,294,315
54AX5,PS51450,317,337
54AX5,PS51450,342,363
54AX5,PS51450,365,386
54AX5,PS51450,388,409
54AX5,PS51450,411,433
54AX5,PS51450,434,456
54AX5,PS51450,457,478
96C12,PS50176,195,238
96C12,PS50097,748,808
78368,PS50011,46,316
78368,PS00107,52,75
78368,PS00108,161,173
07653,PS00230,640,649
80WS1,PS50975,119,304
2PPJ7,PS50085,1635,1843
9P2A4,PS50002,308,366
06115,PS51402,12,546
06115,PS00438,53,69
06115,PS00437,347,355
8LDI5,PS51352,1,110
9W301,PS50067,3,330
9W301,PS00411,229,240
92186,PS51857,52,119
92186,PS50158,168,183
25822,PS50303,1091,1428
25822,PS50302,1111,1146
25822,PS50302,1147,1182
25822,PS50302,1183,1218
25822,PS50302,1219,1254
25822,PS50302,1255,1290
25822,PS50302,1291,1326
25822,PS50302,1327,1362
25822,PS50302,1366,1402
9H765,PS50088,52,84
9H765,PS50297,52,188
9H765,PS50088,85,116
9H765,PS50088,117,149
9H765,PS50088,150,182
9H765,PS50225,235,288
5XPI4,PS50188,74,254
5XPI4,PS50089,1254,1292
8CGF6,PS50896,10,42
8CGF6,PS50897,45,102
8CGF6,PS50082,658,688
8CGF6,PS50294,658,920
8CGF6,PS50082,752,792
8CGF6,PS00678,770,784
8CGF6,PS50082,797,838
8CGF6,PS50082,839,873
8CGF6,PS50082,885,920
14212,PS51382,1,337
14212,PS50089,374,413
14212,PS00518,389,398
18589,PS51718,65,338
18589,PS00410,93,102
18589,PS51388,571,659
09815,PS50011,518,814
09815,PS00107,524,547
09815,PS00108,640,652
8SY33,PS50030,547,588
08733,PS50222,24,59
08733,PS00018,37,49
08733,PS50222,94,129
08733,PS50222,130,165
92615,PS50961,150,239
08045,PS50805,1,58
08045,PS50157,108,135
08045,PS50157,136,163
08045,PS00028,138,158
08045,PS50157,164,191
08045,PS00028,166,186
08045,PS50157,192,219
08045,PS00028,194,214
08045,PS50157,220,247
08045,PS00028,222,242
08045,PS50157,248,275
08045,PS00028,250,270
08045,PS50157,276,303
08045,PS00028,278,298
08045,PS50157,326,353
08045,PS00028,328,348
08045,PS50157,354,381
08045,PS00028,356,376
08045,PS50157,382,409
08045,PS00028,384,404
08045,PS50157,410,437
08045,PS00028,412,432
08045,PS50157,438,465
08045,PS00028,440,460
08045,PS50157,466,490
08045,PS00028,468,488
08045,PS50157,503,530
08045,PS00028,505,525
08045,PS50157,531,558
08045,PS00028,533,553
08045,PS50157,559,586
08045,PS00028,561,581
08045,PS50157,587,614
08045,PS00028,589,609
08045,PS50157,615,642
08045,PS00028,617,637
08045,PS50157,643,670
08045,PS00028,645,665
08045,PS50157,671,698
08045,PS00028,673,693
08045,PS50157,699,726
08045,PS00028,701,721
08045,PS50157,750,777
08045,PS00028,752,772
08045,PS50157,778,805
08045,PS00028,780,800
08045,PS50157,806,833
08045,PS00028,808,828
08045,PS50157,834,861
08045,PS00028,836,856
08045,PS50157,862,889
08045,PS00028,864,884
08045,PS50157,890,917
08045,PS00028,892,912
08045,PS50157,918,945
08045,PS00028,920,940
08045,PS50157,988,1015
08045,PS00028,990,1010
08045,PS50157,1016,1043
08045,PS00028,1018,1038
08045,PS50157,1044,1071
08045,PS00028,1046,1066
08045,PS50157,1136,1163
08045,PS00028,1138,1158
08045,PS50157,1164,1191
08045,PS00028,1166,1186
08045,PS50157,1192,1219
08045,PS00028,1194,1214
08045,PS50157,1220,1247
08045,PS00028,1222,1242
08045,PS50157,1248,1275
08045,PS00028,1250,1270
08045,PS50157,1276,1303
13790,PS50069,412,642
13790,PS01256,742,767
9JMB7,PS50821,279,392
9JMB7,PS50822,556,848
23202,PS50404,112,196
23202,PS50405,205,354
95YF3,PS51195,43,71
95YF3,PS51192,74,244
95YF3,PS00039,190,198
95YF3,PS51194,254,414
15555,PS50021,57,159
15555,PS51230,236,306
9UHD8,PS51719,295,567
9VLU5,PS50020,11,44
9VLU5,PS50020,52,86
9UHD2,PS50011,9,310
9UHD2,PS00107,15,38
9NRD1,PS50181,10,57
9NRD1,PS51114,78,259
10N21,PS00436,33,44
10N21,PS50873,74,250
10N21,PS00435,155,165
13370,PS51195,169,197
13370,PS51192,200,392
13370,PS00039,334,342
13370,PS51194,403,564
8SR40,PS00977,61,78
41940,PS00101,257,285
41940,PS00101,309,337
53295,PS51710,64,292
53295,PS00905,116,129
53295,PS51880,292,367
8RWL6,PS51671,180,260
8RWL6,PS50011,292,545
8RWL6,PS00108,409,421
05737,PS00634,102,134
0DM58,PS01175,792,816
05739,PS00430,1,68
05739,PS01170,72,90
59801,PS51192,289,445
59801,PS51194,545,736
22211,PS50011,438,742
22211,PS00107,444,467
22211,PS00108,557,569
60059,PS50102,1,74
60059,PS50303,129,482
60059,PS50302,191,226
60059,PS50302,227,263
60059,PS50302,264,302
60059,PS50302,374,410
3EDJ0,PS50893,14,249
86AT8,PS50297,43,235
86AT8,PS50088,80,112
86AT8,PS50088,150,184
86AT8,PS50088,185,217
86AT8,PS50105,240,303
86AT8,PS50011,351,620
86AT8,PS00107,357,378
86AT8,PS00108,468,480
9FR37,PS00571,111,142
33401,PS00710,114,123
8I0F4,PS50896,7,39
8I0F4,PS50082,102,143
8I0F4,PS50294,102,419
8I0F4,PS00678,121,135
8I0F4,PS50082,144,185
8I0F4,PS00678,163,177
8I0F4,PS50082,186,227
8I0F4,PS00678,205,219
8I0F4,PS50082,228,269
8I0F4,PS00678,247,261
8I0F4,PS50082,318,341
8I0F4,PS00678,319,333
8I0F4,PS50082,342,383
8I0F4,PS00678,361,375
8I0F4,PS50082,385,419
59945,PS50222,16,50
59945,PS50222,51,86
59945,PS50021,112,233
59945,PS00020,205,229
59945,PS50021,261,364
59945,PS50021,385,495
59945,PS00019,387,396
59945,PS50021,508,614
81122,PS50003,30,144
81122,PS51064,191,295
60I26,PS51205,795,941
60I27,PS51205,796,942
7ZT42,PS50830,18,167
7ZT42,PS01284,103,113
7ZT42,PS50830,194,329
7ZT42,PS50830,342,499
7ZT42,PS50830,528,663
7ZT42,PS50304,732,790
99J72,PS51747,38,154
99J72,PS00903,71,112
99J72,PS51747,238,357
99J72,PS00903,288,323
9Z1Z9,PS50106,9,85
9Z1Z9,PS50023,280,338
9Z1Z9,PS50023,339,398
9Z1Z9,PS00478,341,374
9Z1Z9,PS50023,399,457
9Z1Z9,PS00478,400,435
9XW16,PS00414,1,9
63HN8,PS50089,3997,4035
63HN8,PS51981,4483,4555
81900,PS50042,124,239
81900,PS00888,151,167
81900,PS00889,187,204
81900,PS50042,242,362
81900,PS00888,269,285
81900,PS00889,309,326
08817,PS51450,67,88
08817,PS51450,90,111
08817,PS51450,113,134
08817,PS51450,138,159
08817,PS51450,163,183
2A3N6,PS51455,28,396
2A3N6,PS50234,490,673
8NHU6,PS51644,3,76
8NHU6,PS51644,233,302
8NHU6,PS51644,337,406
8NHU6,PS50304,513,570
8NHU6,PS50304,703,760
83887,PS00227,142,148
9BR61,PS51228,42,127
9BR61,PS50297,166,256
9BR61,PS50088,191,223
9BR61,PS50088,224,256
8HNV0,PS50176,79,122
8GY82,PS50011,37,287
8GY82,PS00107,43,65
8GY82,PS00108,158,170
94567,PS50862,265,560
94560,PS50294,303,431
94560,PS50082,335,376
29218,PS00629,87,100
29218,PS00630,219,233
38013,PS51352,9,176
83779,PS00187,430,449
83778,PS00068,151,163
9P7F2,PS01164,396,409
9P7F2,PS01165,622,635
83777,PS00387,117,123
83776,PS51748,21,467
14356,PS51189,1226,1781
14356,PS50290,1955,2269
14356,PS00915,1985,1999
14356,PS00916,2122,2142
14356,PS51190,2303,2335
00329,PS51544,16,105
00329,PS51546,187,278
00329,PS51547,319,476
00329,PS51545,497,674
00329,PS50290,745,1027
00329,PS00915,778,792
00329,PS00916,878,898
5MCN2,PS50961,573,665
8CHQ0,PS50181,54,100
8N8W4,PS51635,16,185
48594,PS00284,363,373
48597,PS00813,86,109
57723,PS50084,17,79
57723,PS50084,101,166
57723,PS50084,241,305
22560,PS51214,1,59
29453,PS01082,170,187
9CA90,PS00065,147,174
39053,PS51718,28,294
39053,PS00410,57,66
39053,PS50003,519,625
39053,PS51388,659,750
5U5Z8,PS52035,396,666
7XZQ8,PS51471,194,295
8H1Q2,PS01215,166,182
94464,PS51718,22,296
94464,PS00410,51,60
94464,PS51388,762,853
19266,PS51745,12,95
19266,PS50081,127,177
19266,PS00479,128,177
19266,PS50011,253,522
19266,PS00107,259,286
19266,PS00108,373,385
19266,PS51285,524,595
09820,PS51997,36,193
09820,PS52088,392,839
08729,PS51842,91,403
08729,PS00226,389,397
8TAC2,PS50957,11,188
22366,PS50017,32,109
22366,PS50104,159,293
9Y4D1,PS51232,45,420
9Y4D1,PS51444,600,1009
9Y4D1,PS51231,1027,1058
8K4K1,PS50222,24,59
8K4K1,PS00018,37,49
8K4K1,PS50222,60,95
8K4K1,PS50222,97,132
8K4K1,PS50222,133,168
8K4K1,PS00039,141,149
8K4K1,PS00018,146,158
46672,PS50886,205,307
99836,PS50017,32,109
99836,PS50104,159,293
32381,PS01132,107,119
9Y6H5,PS50297,349,510
9Y6H5,PS50088,456,488
9XSH5,PS50059,50,138
9XSH5,PS50059,165,251
9XSH5,PS50005,268,301
9XSH5,PS50005,317,350
9XSH5,PS50293,317,384
9XSH5,PS50005,351,384
32895,PS00114,128,143
6IFX2,PS51842,94,405
6IFX2,PS00226,391,399
53200,PS00092,157,163
24784,PS51195,154,182
24784,PS51192,185,374
24784,PS00039,316,324
24784,PS51194,385,545
12163,PS50002,110,171
09733,PS50010,230,423
09733,PS00741,377,402
8GZ26,PS50102,12,93
8GZ26,PS50102,100,180
8GZ26,PS50102,330,408
7TSG1,PS50004,1,112
7TSG1,PS50004,435,569
9P7T8,PS51192,744,914
9P7T8,PS51194,1160,1334
16844,PS50067,4,391
5T7B8,PS50105,1,64
5T7B8,PS50067,223,546
5T7B8,PS00411,445,456
9P7T1,PS00455,364,375
9P7T1,PS50075,715,791
9P7T1,PS50075,2172,2246
9P7T1,PS00012,2201,2216
9P7T1,PS00455,2875,2886
9P7T1,PS50075,3254,3328
9P7T1,PS00012,3283,3298
9P7T1,PS50075,4402,4478
54577,PS50886,364,468
9LVG3,PS50303,1,324
9LVG3,PS50302,75,117
9LVG3,PS50302,150,185
9LVG3,PS50302,186,222
9LVG3,PS50302,223,260
9LVG3,PS50302,261,296
5SWU9,PS50979,116,617
5SWU9,PS50975,274,465
5SWU9,PS00866,305,319
5SWU9,PS00867,434,441
5SWU9,PS50968,744,818
5SWU9,PS00188,775,792
5SWU9,PS50980,1575,1913
5SWU9,PS50989,1917,2233
32769,PS51722,165,390
32769,PS00933,210,222
32769,PS00301,221,236
26784,PS00783,84,107
42631,PS01360,544,587
42631,PS50865,546,587
9LSV0,PS00895,5,18
8BQR7,PS50838,91,289
8LF21,PS51718,32,301
8LF21,PS00410,61,70
8LF21,PS51388,523,614
23301,PS00302,49,56
00883,PS00158,222,232
8GXV2,PS51352,23,148
05743,PS01108,53,70
02829,PS00298,24,33
9ZRW8,PS50404,3,82
9ZRW8,PS50405,88,208
13747,PS50089,208,248
13747,PS50271,245,338
14605,PS50200,292,380
14605,PS51450,430,450
14605,PS51450,477,498
14605,PS51450,503,524
14605,PS51450,526,547
14605,PS51450,549,570
14605,PS51450,572,594
14605,PS51450,596,617
14605,PS51450,730,751
14605,PS51450,753,774
14605,PS51450,831,852
14605,PS51450,855,876
14605,PS51450,878,899
14605,PS51450,901,922
14605,PS51450,930,951
14605,PS51746,995,1275
14605,PS50125,1332,1469
14605,PS00659,1420,1429
4KMP7,PS50086,360,548
4KMP7,PS00886,472,482
51401,PS00700,163,184
60132,PS50002,130,191
97477,PS50011,124,374
97477,PS00107,130,153
97477,PS00108,243,255
33764,PS00303,58,79
97479,PS51456,65,741
97479,PS50096,767,796
97479,PS50096,813,837
97479,PS50096,839,865
97479,PS51016,1017,1253
97479,PS50057,1258,1605
97479,PS50002,1603,1672
97479,PS51016,1747,1896
97479,PS50057,1902,2205
8TFF9,PS00571,207,238
5EFM9,PS50011,23,288
5EFM9,PS00107,29,52
5EFM9,PS00108,146,158
54351,PS00674,372,390
9Y7J9,PS50003,847,958
10303,PS51450,116,137
10303,PS51450,142,163
10303,PS51450,168,190
10303,PS51450,218,241
10303,PS51450,267,288
10303,PS51450,291,312
91ZF0,PS50076,58,129
91ZF0,PS51074,140,195
6PGB6,PS51186,6,155
40048,PS50206,111,232
40048,PS50055,530,878
40048,PS50056,798,869
40048,PS00383,802,812
9QWL7,PS51842,84,395
9QWL7,PS00226,381,389
4JAA5,PS51192,369,524
4JAA5,PS51194,673,838
9HCE6,PS50010,316,503
9HCE1,PS52088,498,958
9HCE1,PS00014,1000,1003
09914,PS50005,52,85
09914,PS50293,139,284
09914,PS50005,141,174
09914,PS50005,183,216
09914,PS50005,251,284
09914,PS50293,325,373
09914,PS50005,340,373
09914,PS50005,437,470
09914,PS50293,437,470
1P3Y5,PS00670,232,254
1P3Y5,PS00671,261,277
5BJ29,PS50181,111,157
9BUT1,PS00061,134,162
4U925,PS50011,55,340
4U925,PS00107,61,84
4U925,PS00108,168,180
97143,PS50011,14,267
97143,PS00107,20,43
97143,PS00109,134,146
97143,PS51984,381,498
97143,PS51985,499,602
97143,PS50078,660,739
06436,PS50089,195,249
06436,PS00518,211,220
9BX70,PS50097,117,187
920Q6,PS50102,21,111
920Q6,PS50102,110,187
38713,PS50003,221,315
38713,PS01013,741,751
64346,PS50206,30,148
64346,PS50054,206,349
64346,PS50056,262,330
07527,PS51623,1,1436
40212,PS01104,70,84
54N00,PS51232,34,394
54N00,PS51444,623,1016
96IJ6,PS00101,295,323
80448,PS51129,26,309
80448,PS01235,222,240
40462,PS00142,327,336
23978,PS51456,7,690
23978,PS50096,695,721
23978,PS51757,806,1007
23979,PS51456,21,703
23979,PS50096,706,733
23979,PS51757,857,1035
9H0A6,PS50089,127,169
9H0A6,PS50096,186,215
9H0A6,PS50089,293,352
9M0A5,PS51273,19,217
9M0A7,PS51273,16,213
9D5V2,PS50097,39,106
10490,PS00178,74,85
08491,PS51722,265,503
14344,PS51371,121,180
14344,PS51371,184,242
14344,PS00487,327,339
9XGZ0,PS00331,300,316
9XGZ0,PS00599,458,467
47068,PS50002,5,69
74805,PS51844,7,61
74805,PS51456,65,749
74805,PS50096,753,781
74805,PS50096,777,804
74805,PS50096,800,825
74805,PS50096,848,877
74805,PS51126,1171,1417
945P8,PS52002,10,85
39994,PS00187,429,448
39998,PS52002,1,63
39998,PS51512,93,129
39998,PS51385,288,527
8N7E2,PS50089,57,97
8N7E2,PS00518,73,82
8N7E2,PS50157,112,143
78417,PS50404,22,101
78417,PS50405,106,230
17649,PS00600,292,331
47117,PS01132,149,161
8IVU3,PS00626,28,38
8IVU3,PS50012,42,93
8IVU3,PS00626,80,90
8IVU3,PS50012,94,146
8IVU3,PS00626,133,143
8IVU3,PS50012,147,199
8IVU3,PS50012,200,254
8IVU3,PS50012,255,305
8IVU3,PS50237,693,1014
2ABU4,PS50835,154,246
2ABU4,PS50835,269,362
2ABU4,PS50853,376,471
2ABU4,PS50853,504,599
2ABU4,PS50853,605,698
2ABU4,PS50853,704,799
2ABU4,PS50853,806,901
2ABU4,PS00018,981,993
2ABU4,PS50835,1122,1207
2ABU4,PS50835,1336,1425
29536,PS51082,574,593
9VUL1,PS51273,300,554
46863,PS50067,19,356
46863,PS00411,255,266
8BYJ6,PS01179,373,445
8BYJ6,PS50086,927,1121
28776,PS00876,265,275
28776,PS00877,295,308
9Y4K4,PS50011,20,277
9Y4K4,PS00107,26,49
9Y4K4,PS50219,506,819
8N2Y8,PS50826,1031,1175
8N2Y8,PS50002,1447,1506
9Y6K8,PS00113,215,226
9Y6K8,PS00113,458,469
35609,PS50021,38,142
35609,PS00019,40,49
35609,PS00020,114,138
35609,PS50021,151,257
35609,PS50222,753,788
35609,PS50222,789,824
09722,PS50250,188,347
7Z5W3,PS51515,53,274
9Y3B6,PS50249,4,139
6P1M3,PS50082,433,451
6P1M3,PS00678,438,452
14126,PS00474,209,232
9URB4,PS00602,99,111
9URB4,PS00806,171,182
21574,PS51857,41,110
21574,PS00352,55,74
14019,PS50011,351,623
14019,PS00107,357,385
14019,PS00108,477,489
9VVW5,PS50206,22,149
9VVW5,PS50054,214,358
9VVW5,PS50056,279,339
12362,PS50889,99,168
12362,PS01129,207,221
12362,PS51747,433,552
48445,PS51733,369,606
6ZQ58,PS50961,372,462
6ZQ58,PS00191,629,636
9H257,PS50209,6,98
13759,PS50102,85,167
13759,PS50102,182,261
13759,PS50102,297,369
59MQ0,PS51456,43,731
59MQ0,PS51757,789,981
59MQ0,PS50002,1156,1216
24JL3,PS50206,56,173
24JL3,PS00380,80,91
24JL3,PS50206,224,338
24JL3,PS00683,319,329
69VD5,PS50821,333,446
69VD5,PS50822,620,941
8H183,PS50263,90,360
24117,PS01239,55,69
9W1A4,PS01358,742,761
22045,PS00798,44,61
22045,PS00062,134,151
22045,PS00063,238,253
39938,PS00733,73,80
38823,PS50006,189,252
38823,PS50089,327,371
38822,PS51741,5,271
38822,PS50002,493,555
38822,PS50002,577,633
38820,PS50206,339,438
9Y7K2,PS50077,688,720
9Y7K2,PS51189,1228,1784
9Y7K2,PS50290,1958,2285
9Y7K2,PS00915,1988,2002
9Y7K2,PS00916,2125,2145
9Y7K2,PS51190,2305,2337
76N89,PS50004,182,318
76N89,PS50020,829,862
76N89,PS01159,835,860
76N89,PS50020,1018,1051
76N89,PS01159,1024,1049
76N89,PS50237,1271,1606
08879,PS51374,6,142
08879,PS00469,116,124
76PD2,PS50089,81,121
76PD2,PS00518,96,105
76PD2,PS00028,117,138
76PD2,PS00028,173,197
76PD2,PS00028,247,268
91192,PS51718,31,304
91192,PS00410,59,68
91192,PS51388,535,621
8IUI8,PS50853,181,274
91197,PS51718,31,304
91197,PS00410,59,68
91197,PS51388,537,623
9D1E6,PS00845,183,214
9D1E6,PS50245,183,225
93836,PS51819,46,192
93836,PS51819,223,383
59722,PS50178,60,119
59722,PS51455,1590,1916
949P2,PS00142,480,489
7PLK0,PS50821,291,402
7PLK0,PS50822,566,853
20965,PS50102,11,89
20965,PS50102,99,175
20965,PS50102,191,268
20965,PS50102,294,370
20965,PS51309,540,617
155Q3,PS50021,20,127
155Q3,PS50841,600,680
155Q3-2,PS50841,389,469
39821,PS51718,31,300
39821,PS00410,60,69
39821,PS51388,518,610
8RWD9,PS51228,13,107
920R4,PS00213,771,782
68J44,PS50054,54,202
68J44,PS50056,129,181
68J44,PS00383,145,155
42980,PS50600,13,178
0YLW8,PS50810,5,107
0YLW8,PS01344,51,65
8LSN3,PS00125,107,112
38720,PS00461,252,264
86AS5,PS00708,584,614
33280,PS51409,37,358
33280,PS01053,278,299
9D552,PS50096,48,76
9D552,PS50096,71,99
9D552,PS50096,107,135
8RXD9,PS00430,1,40
8RXD9,PS51166,13,122
8RXD9,PS51166,157,270
5T6F0,PS50082,180,220
5T6F0,PS50294,180,220
5T6F0,PS00678,198,212
91X46,PS50010,121,303
91X46,PS00741,251,276
91X46,PS50003,290,448
08954,PS50828,97,173
94388,PS51205,139,278
16086,PS50002,967,1026
16086,PS50222,2323,2358
16086,PS00018,2336,2348
16086,PS50222,2366,2401
16086,PS00018,2379,2391
16086,PS50222,2404,2439
76041-2,PS50023,3,63
76041-2,PS00478,5,39
76041-2,PS51216,61,95
76041-2,PS51216,97,131
76041-2,PS51216,133,159
76041-2,PS50002,210,270
50998,PS00485,660,666
43187,PS00387,97,103
50990,PS00750,44,56
50990,PS00751,65,81
50990,PS00995,93,101
50990,PS00141,282,293
9SKN2,PS50137,1,70
9SKN2,PS50137,87,155
14136,PS51842,69,377
14136,PS00226,363,371
9XUB2,PS50103,270,299
9XUB2,PS50103,314,344
9BYJ4,PS50089,15,59
9BYJ4,PS00518,30,39
9BYJ4,PS50119,92,134
9BYJ4,PS50188,283,488
5GLZ8,PS50012,1,52
5GLZ8,PS00626,39,49
5GLZ8,PS50012,53,102
5GLZ8,PS50012,103,155
5GLZ8,PS00626,142,152
5GLZ8,PS50012,156,208
5GLZ8,PS50012,209,260
5GLZ8,PS00626,247,257
5GLZ8,PS50012,261,312
5GLZ8,PS50012,314,380
5GLZ8,PS50237,730,1057
28289,PS00435,130,140
38219,PS51710,21,285
38219,PS51880,306,389
03569,PS50877,424,445
9ZNR6,PS51129,33,314
9ZNR6,PS01235,226,244
80895,PS01279,141,156
74815,PS50011,102,403
74815,PS00108,227,239
0DMV9,PS00297,9,16
0DMV9,PS00329,197,210
0DMV9,PS01036,334,348
0DMV8,PS00297,9,16
0DMV8,PS00329,197,210
0DMV8,PS01036,334,348
08I43,PS50800,20,54
47122,PS52071,2,262
86BW2,PS51257,1,17
86V86,PS50011,40,293
86V86,PS00107,46,69
86V86,PS00108,166,178
9EQC9,PS51058,132,173
9SVC6,PS51698,6,81
62234,PS50835,258,349
62234,PS50835,376,478
62234,PS50853,492,587
62234,PS50853,620,714
62234,PS50853,721,814
62234,PS50853,918,1016
62234,PS50853,1023,1122
62234,PS50835,1114,1212
62234,PS50835,1340,1426
62234,PS50835,1566,1644
6IMN8,PS00798,39,56
6IMN8,PS00062,143,160
8GW31,PS51462,106,234
8GW31,PS00893,139,160
21576,PS51718,26,336
21576,PS00410,55,64
21576,PS51388,618,704
19Q52,PS51747,4,126
19Q52,PS00903,54,92
55DH8,PS51402,18,510
55DH8,PS00438,58,74
55DH8,PS00437,352,360
08670,PS51842,103,411
08670,PS00226,397,405
95396,PS50206,347,458
9BVG3,PS50089,11,54
9BVG3,PS00518,26,35
9BVG3,PS50119,88,128
9BVG3,PS50188,277,475
9BVG3,PS00290,386,392
5DM57,PS50294,12,102
5DM57,PS50096,826,855
5DM57,PS00139,1319,1330
39729,PS51710,66,292
39729,PS00905,118,131
39729,PS51880,292,368
8LFS6,PS50102,18,99
8LFS6,PS50102,106,186
8LFS6,PS50102,349,427
9Y7Z8,PS51456,40,720
9Y7Z8,PS51757,778,964
9Y7Z8,PS50002,1106,1165
09JZ4,PS51450,47,68
09JZ4,PS51450,69,90
09JZ4,PS51450,91,112
09JZ4,PS51450,113,134
09JZ4,PS51450,138,159
09JZ4,PS51450,163,185
10383,PS50802,29,150
10383,PS50304,336,396
04489,PS51278,2,211
9UTI8,PS01172,63,74
43066,PS50011,57,326
43066,PS00108,183,195
5JT25,PS51419,25,222
19158,PS50018,1717,1922
19158,PS00509,1847,1861
26696,PS50011,28,316
26696,PS00107,34,58
26696,PS01351,62,164
26696,PS00108,148,160
53550,PS51462,101,228
53550,PS00893,134,155
53221,PS01108,53,70
9Y3P9,PS01179,152,267
9Y3P9,PS50086,566,752
6UWE0,PS51450,82,103
6UWE0,PS51450,105,127
6UWE0,PS51450,128,149
6UWE0,PS51450,151,172
6UWE0,PS50105,578,632
6UWE0,PS50089,675,710
57721,PS50084,45,107
57721,PS50084,129,194
57721,PS50084,293,357
0CX55,PS50159,17,146
0CX55,PS00646,123,136
0CX50,PS01106,50,67
0CX52,PS00360,71,89
0CX53,PS00359,130,144
9ZUC2,PS00704,87,94
9VL52,PS51195,477,505
8CDK2,PS00159,247,256
8CDK2,PS52035,359,629
12229,PS50033,356,455
9JR72,PS50097,7,74
13310,PS50102,11,89
13310,PS50102,99,175
13310,PS50102,191,268
13310,PS50102,294,370
13310,PS51309,551,628
49445,PS50055,97,349
49445,PS50056,265,340
49445,PS00383,288,298
8IWZ3,PS50297,204,1379
8IWZ3,PS50088,271,303
8IWZ3,PS50088,304,336
8IWZ3,PS50088,337,369
8IWZ3,PS50088,371,403
8IWZ3,PS50088,404,436
8IWZ3,PS50088,437,469
8IWZ3,PS50088,470,502
8IWZ3,PS50088,534,566
8IWZ3,PS50088,567,599
8IWZ3,PS50088,600,632
8IWZ3,PS50088,634,666
8IWZ3,PS50088,1054,1086
8IWZ3,PS50088,1087,1119
8IWZ3,PS50088,1121,1153
8IWZ3,PS50088,1154,1186
8IWZ3,PS50088,1189,1221
8IWZ3,PS50088,1223,1255
8IWZ3,PS50088,1256,1288
8IWZ3,PS50088,1291,1323
8IWZ3,PS50088,1324,1356
8IWZ3,PS50084,1695,1759
5K651,PS50105,14,60
3V089,PS50102,792,865
0CX54,PS00359,130,144
9LXX6,PS00659,508,517
13728,PS50021,8,114
13728,PS00020,86,110
13728,PS50021,123,230
9XF19,PS50893,13,248
9LUL2,PS50011,88,396
9LUL2,PS00108,209,221
0C6G6,PS00214,7,24
0CX51,PS00360,71,89
48008,PS51719,49,325
9P6I2,PS00759,131,170
7Z2X4,PS01179,163,223
9HCK5,PS50821,219,338
9HCK5,PS50822,509,820
5A0M4,PS51722,17,346
5A0M4,PS00301,58,73
9URY3,PS50086,34,387
9URY3,PS00121,289,297
9URY1,PS50011,31,279
9URY1,PS00107,37,60
9URY1,PS00108,144,156
84183,PS00406,54,64
84183,PS01132,105,117
84183,PS00432,357,365
50526,PS50011,135,409
50526,PS00107,141,164
50526,PS00108,263,275
50527,PS50108,147,160
50527,PS50011,386,637
50527,PS00107,392,416
50527,PS00108,501,513
74484,PS00101,258,286
67Z52,PS50245,181,223
34808,PS00674,333,352
4IK01,PS00041,76,115
62081,PS00948,78,91
8LAD0,PS51130,2,220
8LAD0,PS01236,40,50
96F86,PS52002,1,68
96F86,PS51512,192,228
96F86,PS51385,283,487
9I8X5,PS50089,69,104
9I8X5,PS51081,122,182
06251,PS00152,4,13
06251,PS51411,472,565
9D7V1,PS50001,315,407
7TNC6,PS50067,450,801
40483,PS00142,315,324
40483,PS51752,522,695
8L7Y8,PS50067,96,431
8L7Y8,PS00411,326,337
39517,PS51195,46,74
39517,PS51192,77,247
39517,PS00039,193,201
39517,PS51194,257,417
94536,PS50908,405,504
94536,PS51192,587,756
94536,PS00690,698,707
94536,PS51194,797,968
6PGN3,PS50309,72,158
6PGN3,PS50309,196,279
6PGN3,PS50011,393,650
6PGN3,PS00107,399,422
6PGN3,PS00108,510,522
9ULC4,PS50890,92,171
9LZ82,PS50084,34,102
9LZ82,PS50084,120,188
9LZ82,PS50084,233,300
54975,PS00491,485,497
74363,PS51061,525,587
74363,PS50174,652,695
54754,PS51085,4,91
54754,PS00197,43,51
54754,PS51387,235,420
54754,PS00559,801,836
78P75,PS01239,55,69
9CQ07,PS51450,51,72
9CQ07,PS51450,74,95
9CQ07,PS51450,97,118
9CQ07,PS51450,122,144
9CQ07,PS51450,145,167
1JQ73,PS50102,20,109
1JQ73,PS50102,117,197
1JQ73,PS50102,255,333
07617,PS50293,209,242
07617,PS50005,242,275
07617,PS50293,242,309
07617,PS50005,276,309
07617,PS50005,445,478
07617,PS50293,452,554
07617,PS50005,487,520
07617,PS50005,521,554
07617,PS50005,623,656
07617,PS50293,623,724
07617,PS50005,657,690
07617,PS50005,691,724
9US60,PS50067,3,325
9US60,PS00411,224,235
9UL18,PS50821,227,346
9UL18,PS50822,515,816
26263,PS00187,427,446
5QE80,PS51085,8,95
5QE80,PS00197,47,55
5QE80,PS51387,236,421
9C099,PS51450,44,65
9C099,PS51450,66,87
9C099,PS51450,88,109
9C099,PS51450,110,131
9C099,PS51450,136,157
94441,PS50005,460,493
94441,PS50293,460,527
94441,PS50005,494,527
94441,PS50005,705,738
94441,PS50293,705,772
94441,PS50005,739,772
94441,PS50005,814,847
94441,PS50293,814,847
50942,PS50275,167,507
50942,PS52082,586,888
08726,PS52071,1,265
8CA72,PS50097,30,99
9NNW5,PS50082,205,238
9NNW5,PS50294,205,335
9NNW5,PS00678,932,946
06673,PS00012,136,151
78371,PS00750,40,52
78371,PS00751,63,79
78371,PS00995,91,99
78371,PS00107,95,120
09855,PS50181,70,116
09855,PS50082,217,256
09855,PS50294,217,506
09855,PS00678,234,248
09855,PS50082,257,298
09855,PS50082,299,338
09855,PS50082,343,384
09855,PS00678,362,376
09855,PS50082,385,424
09855,PS50082,425,464
09855,PS00678,442,456
8VCK3,PS00227,142,148
6W3C0,PS00018,267,279
6W3C0,PS00164,343,356
5SW45,PS51381,314,442
7TNR9,PS50002,1,46
7TNR9,PS50010,78,262
7TNR9,PS00741,210,235
7TNR9,PS50003,293,400
8IRY7,PS50208,257,387
8IRY7,PS01122,377,388
8IRY7,PS50207,414,492
9VNP5,PS51195,54,82
9VNP5,PS51192,87,263
9VNP5,PS00626,88,98
53949,PS50054,10,160
9NZJ4,PS50053,30,67
9NZJ4,PS50076,4306,4393
9NZJ4,PS50910,4451,4567
2XV59,PS51722,158,389
4V7Y7,PS50082,16,58
4V7Y7,PS50294,16,253
4V7Y7,PS50082,59,100
4V7Y7,PS50082,101,142
4V7Y7,PS00678,120,134
4V7Y7,PS50082,143,184
4V7Y7,PS00678,162,176
4V7Y7,PS50082,185,219
4V7Y7,PS00678,204,218
9NFU0,PS51641,1,49
9NFU0,PS51641,65,117
9NFU0,PS50084,221,282
9NFU0,PS50084,284,321
76337,PS01179,59,203
18091,PS50021,34,138
18091,PS00019,36,45
18091,PS00020,110,134
18091,PS50021,147,253
18091,PS50222,778,813
18091,PS00018,791,803
18091,PS50222,819,854
8C142,PS01179,44,169
940X9,PS50961,272,361
3AZ88,PS00022,64,75
15033,PS50194,52,158
15033,PS00626,179,189
15033,PS50237,483,823
9NJE9,PS51450,45,66
9NJE9,PS51450,67,88
9NJE9,PS51450,89,110
9NJE9,PS51450,114,135
9FE46,PS50404,1,82
9FE46,PS50405,89,214
10155,PS50988,16,369
10179,PS50862,184,520
46086,PS00627,140,151
81274,PS50005,62,95
81274,PS50293,62,135
81274,PS50005,102,135
81274,PS50005,202,235
81274,PS50293,202,355
81274,PS50005,242,275
81274,PS50005,282,315
81274,PS50005,322,355
81274,PS50877,489,511
81274,PS50877,544,566
81274,PS50877,594,616
81274,PS50877,628,650
60058,PS00674,416,434
60058,PS00674,683,701
9VCU7,PS50304,366,427
1ENB6,PS00794,98,109
1ENB6,PS50972,202,470
1ENB6,PS00792,204,219
1ENB6,PS00793,238,251
9SJ20,PS51161,1,92
9SJ20,PS00089,600,622
62688,PS50003,114,224
62688,PS50007,399,543
62688,PS50008,586,702
62688,PS50004,702,831
12221,PS50102,316,402
12221,PS50303,511,872
12221,PS50302,574,611
12221,PS50302,612,647
12221,PS50302,649,687
12221,PS50302,722,758
12221,PS50302,760,800
04067,PS50102,191,270
4HZB2,PS51783,2760,2927
4HZB2,PS50197,2952,3244
4HZB2,PS50294,3326,3417
4HZB2,PS50082,3376,3417
4HZB2,PS00678,3395,3409
0CX43,PS01199,117,136
0A8M2,PS52002,1,81
0A8M2,PS51512,288,324
0A8M2,PS51513,363,379
0A8M2,PS51536,382,402
0CX47,PS00056,120,132
0CX45,PS00467,197,208
0CX44,PS01199,117,136
0CX48,PS00056,120,132
80438,PS51186,16,164
10081,PS51195,22,50
10081,PS51192,53,222
10081,PS00039,168,176
10081,PS51194,233,394
96JN8,PS51065,41,207
96JN8,PS51065,317,484
96JN8,PS51065,520,686
96JN8,PS51065,716,884
96JN8,PS51065,913,1086
96JN8,PS51065,1131,1294
14965,PS50011,133,383
14965,PS00107,139,162
14965,PS00108,252,264
02748,PS51195,30,58
02748,PS51192,61,231
02748,PS00039,177,185
02748,PS51194,242,403
89886,PS50890,90,172
8WQ99,PS50011,28,298
8WQ99,PS00107,34,57
8WQ99,PS00108,143,155
5SGK3,PS51085,9,96
5SGK3,PS00197,48,56
5SGK3,PS51387,238,423
75011,PS50011,10,264
75011,PS00107,16,39
75011,PS00108,129,141
13426,PS00096,241,257
98081,PS01179,46,197
3UND0,PS50003,116,219
3UND0,PS50002,296,357
4I3Z5,PS50293,1,222
4I3Z5,PS50005,121,154
4I3Z5,PS50005,155,188
4I3Z5,PS50005,189,222
4I3Z5,PS50005,412,445
4I3Z5,PS50293,412,479
4I3Z5,PS50005,446,479
10199,PS51741,16,269
10199,PS50002,607,670
94FN2,PS50077,447,485
11441,PS50053,1,72
11441,PS00299,27,52
36059,PS51383,11,335
36059,PS01049,115,125
36059,PS01050,246,256
36505,PS50813,197,396
36505,PS50046,216,385
36505,PS00245,316,325
36505,PS50112,610,681
36505,PS00678,625,639
36505,PS50112,744,796
36505,PS50109,895,1115
15539-2,PS50132,1,72
8WXX0,PS50222,2240,2275
8WXX0,PS00018,2253,2265
8WXX0,PS00061,3440,3468
9P6J6,PS00775,211,228
9P6J6,PS51820,397,556
60303,PS00256,1213,1220
94K05,PS00750,44,56
94K05,PS00751,65,81
8K2Y9,PS01179,67,223
86WH2,PS50200,79,187
86WH2,PS50951,187,234
9UBP9,PS01179,27,155
9UBP9,PS00687,153,160
21550,PS00164,340,353
9VVI3,PS50004,52,175
9VVI3,PS50020,246,279
9VVI3,PS01159,252,277
9VVI3,PS50020,529,562
9VVI3,PS01159,535,560
9VVI3,PS50020,580,613
9VVI3,PS01159,586,611
9VVI3,PS50237,672,1006
9VVI2,PS52002,1,71
9VVI2,PS51512,333,369
9VVI2,PS51385,430,658
8NHQ1,PS50005,483,516
8NHQ1,PS50293,483,516
6VQA1,PS50888,156,208
9LTT8,PS50082,233,275
9LTT8,PS50294,233,275
9LTT8,PS50082,352,394
9LTT8,PS50294,352,394
76922,PS50821,281,390
76922,PS50822,555,852
9UT28,PS51560,1,253
96L34,PS50011,59,310
96L34,PS00107,65,88
96L34,PS00108,177,189
96L34,PS50030,324,368
96L34,PS50032,703,752
41888,PS51462,136,276
0C2H9,PS01144,49,63
40494,PS50011,22,298
40494,PS00435,140,150
40494,PS00108,154,166
0C2H7,PS01107,125,136
0C2H6,PS01107,125,136
4VRV8,PS51371,102,163
4VRV8,PS51371,165,221
4VRV8,PS00487,305,317
94525,PS00389,691,710
38697,PS51371,121,183
38697,PS51371,184,240
38697,PS00487,325,337
38690,PS00902,210,227
38690,PS50890,315,406
9SU29,PS50053,95,171
9SU29,PS00615,272,296
9SU29,PS50237,532,871
06409,PS51651,1410,1824
06698,PS50030,365,406
06698,PS50908,430,531
06698,PS51192,614,782
06698,PS51194,845,1020
06698,PS00924,1085,1095
56Y85,PS01202,207,223
9Z2R9,PS50011,167,580
9Z2R9,PS00107,173,197
9Z2R9,PS00108,436,448
9LZ98,PS50893,14,257
33DV3,PS00375,335,378
29762,PS00214,6,23
48009,PS51719,25,298
12447,PS51186,12,179
679P3,PS50106,9,85
679P3,PS50023,239,297
679P3,PS50023,298,357
679P3,PS00478,300,333
679P3,PS50023,358,416
679P3,PS00478,359,394
86XJ1,PS50021,48,168
86XJ1,PS51460,208,281
06787,PS50222,8,43
06787,PS00018,21,33
06787,PS50222,44,79
06787,PS00018,57,69
06787,PS50222,81,116
06787,PS00018,94,106
08732,PS50011,215,722
08732,PS00107,221,250
08732,PS00108,336,348
74875,PS50255,69,145
42943,PS50893,76,325
42943,PS00211,221,235
42943,PS50893,388,609
9UTR5,PS50010,447,634
9UTR5,PS50219,825,1120
59731,PS50076,9,75
59731,PS00636,52,71
9JKB1,PS52048,5,229
9JKB1,PS00140,89,105
38314,PS51371,114,175
38314,PS51371,198,256
38314,PS51371,283,342
38314,PS51371,443,512
88751,PS50222,153,188
88751,PS00018,166,178
88751,PS50222,207,224
88751,PS50222,230,265
88751,PS00018,243,255
88751,PS50222,267,298
88751,PS00018,280,292
1Y9I9,PS51682,42,255
29508,PS00284,363,373
9LYG3,PS00331,300,316
9LYG3,PS00599,458,467
09510,PS50222,27,62
09510,PS00018,40,52
09510,PS50222,98,133
09510,PS50222,134,168
47147,PS51339,155,637
47147,PS00383,395,405
9V877,PS50067,87,479
9V877,PS00411,374,385
4IIS5,PS50067,50,392
4IIS5,PS00411,292,303
75828,PS00061,181,209
9WV89,PS50106,19,93
9WV89,PS50020,500,533
9WV89,PS01159,506,531
5BGR2,PS50211,81,613
23304,PS50011,15,293
23304,PS00107,21,45
8WYK0,PS51770,5,117
8WYK0,PS51770,179,294
8WYK0,PS50848,367,512
9DCB4,PS51061,163,226
9DCB4,PS51673,227,298
94282,PS01263,26,63
9C8E6,PS51840,131,284
6TEM9,PS50057,1,279
6TEM9,PS50089,384,419
12173,PS50158,267,281
07825,PS00491,621,633
54KF1,PS51232,20,388
54KF1,PS51444,601,998
25853,PS00506,96,104
25853,PS00679,185,195
91ZP9,PS50222,63,98
91ZP9,PS00018,76,88
91ZP9,PS50222,99,132
91ZP9,PS00018,110,122
91ZP9,PS51725,289,377
53844,PS50191,139,297
54QT7,PS50222,6,41
54QT7,PS00018,19,31
54QT7,PS50222,57,80
54QT7,PS50222,89,124
54QT7,PS00018,102,114
54QT7,PS50222,130,159
54QT7,PS00018,137,149
9Y7X7,PS50913,216,264
53849,PS50158,6,19
53849,PS50158,25,38
53849,PS50158,49,62
53849,PS50158,66,82
53849,PS50158,94,107
53849,PS50158,117,133
53849,PS50158,137,152
05193,PS51718,28,294
05193,PS00410,57,66
05193,PS50003,519,625
05193,PS51388,659,750
2AG06,PS00012,163,178
4I460,PS51844,8,57
4I460,PS51456,62,732
4I460,PS50096,758,787
4I460,PS50096,783,810
4I460,PS50096,808,835
4I460,PS50096,831,860
4I460,PS50096,854,883
4I460,PS51126,1146,1447
99MZ8,PS50023,3,63
99MZ8,PS00478,5,39
99MZ8,PS51216,61,95
99MZ8,PS51216,97,131
99MZ8,PS50002,204,263
53965,PS50054,121,271
53965,PS00383,212,222
9Y4H4,PS50877,62,84
9Y4H4,PS50877,132,155
14040,PS01175,754,778
9TW45,PS50011,170,421
9TW45,PS00107,176,199
9TW45,PS00108,288,300
9TW45,PS50030,440,482
9TW45,PS50032,1143,1192
65570,PS51089,909,974
43548,PS00547,276,293
9UBK8-2,PS50902,4,147
9UBK8-2,PS51384,271,533
9UBK8-3,PS50902,4,58
8K394,PS50003,142,252
8K394,PS50007,427,571
8K394,PS50008,619,735
8K394,PS50004,735,864
22558,PS51671,174,249
22558,PS50011,286,539
22558,PS00108,403,415
64682,PS50011,75,394
64682,PS00108,201,213
32324,PS51722,17,346
32324,PS00301,58,73
02979,PS51382,1,213
02979,PS50297,427,625
02979,PS50088,538,570
02979,PS50088,572,604
02979,PS51704,872,1217
02979,PS50007,892,926
41842,PS50005,389,422
41842,PS50293,416,586
41842,PS50005,451,484
41842,PS50005,485,518
41842,PS50005,519,552
41842,PS50005,553,586
41842,PS00226,573,581
02753,PS01171,37,62
9JI91,PS50021,38,142
9JI91,PS00019,40,49
9JI91,PS00020,114,138
9JI91,PS50021,151,257
9JI91,PS50222,753,788
9JI91,PS50222,789,824
76LL6,PS51232,18,405
76LL6,PS51444,1039,1435
76LL6,PS51231,1515,1547
8CDG1,PS50821,387,500
8CDG1,PS50822,666,957
85968,PS00461,254,266
5SW96,PS01179,48,170
4P9P9,PS50896,19,51
4P9P9,PS50082,118,159
4P9P9,PS50294,118,395
4P9P9,PS50082,160,195
4P9P9,PS00678,179,193
4P9P9,PS50082,203,244
4P9P9,PS00678,222,236
4P9P9,PS50082,245,286
4P9P9,PS00678,264,278
4P9P9,PS50082,328,353
4P9P9,PS00678,331,345
4P9P9,PS50082,354,395
4P9P9,PS00678,373,387
75005,PS00178,139,150
75005,PS00041,780,824
9ULL8,PS50106,10,92
9ULL8,PS51307,1208,1487
9MA55,PS51228,12,106
9P6K0,PS50961,319,408
8BL48,PS50103,84,113
8BL48,PS50103,124,154
8BL48,PS50103,215,241
8BL48,PS50103,251,285
8BL48,PS50103,293,321
6AY43,PS00036,144,159
6Q6R3,PS50023,3,64
6Q6R3,PS00478,5,39
6Q6R3,PS50023,122,182
10986,PS00406,54,64
10986,PS01132,105,117
10986,PS00432,357,365
10235,PS50053,4,81
10235,PS00845,172,205
10235,PS50245,174,216
8NEX9,PS00061,159,187
920M2,PS50089,20,66
920M2,PS00518,35,44
920M2,PS50188,142,352
05745,PS01190,52,62
99JY3,PS51720,28,219
41252,PS00178,48,59
6BLY7,PS51842,84,399
06278,PS51085,5,92
06278,PS00197,44,52
06278,PS51387,236,421
06278,PS00559,806,841
34220,PS01090,222,232
34220,PS01091,313,329
9NR46,PS51021,24,287
9NR46,PS50002,335,395
06504,PS51186,2,172
6H687,PS50250,229,397
94513,PS50250,245,423
94513,PS00036,282,295
50946,PS50054,72,230
94518,PS50294,239,330
94518,PS00678,259,273
94518,PS50082,287,321
924M7,PS00965,129,137
924M7,PS00966,276,301
96KP4,PS00759,130,169
59838,PS01036,340,354
70305,PS52002,237,314
8IUD6,PS50089,21,63
8IUD6,PS00518,36,45
8IUD6,PS50188,241,432
38689,PS00114,131,146
86YV0,PS50004,284,404
86YV0,PS50018,474,682
86YV0,PS00509,606,620
12453,PS00599,684,693
01775,PS50011,4,267
01775,PS00107,10,35
01775,PS00108,133,145
9NQR4,PS50263,4,248
12690,PS01104,70,84
1PSW8,PS50089,12,94
1PSW8,PS00518,60,69
1PSW8,PS50119,260,301
1PSW8,PS50194,466,567
1PSW8,PS51125,580,623
1PSW8,PS51125,627,670
1PSW8,PS51125,674,717
1PSW8,PS51125,721,764
1PSW8,PS51125,768,811
1PSW8,PS51125,815,855
9NP86,PS50222,28,63
9NP86,PS00018,41,53
9NP86,PS50222,82,99
9NP86,PS50222,105,140
9NP86,PS00018,118,130
9NP86,PS50222,142,173
9NP86,PS00018,155,167
9YGX5,PS50102,304,401
52304,PS50011,25,277
52304,PS00108,144,156
52304,PS50078,391,469
52304,PS50078,491,572
5ECQ3,PS50011,47,317
5ECQ3,PS00108,174,186
9C0B0,PS50103,84,113
9C0B0,PS50103,124,154
9C0B0,PS50103,215,241
9C0B0,PS50103,251,285
9C0B0,PS50103,293,321
11002,PS50222,1,14
11002,PS50203,88,387
11002,PS00139,137,148
11002,PS50222,595,614
11002,PS50222,699,734
11002,PS00018,712,724
11002,PS50222,735,764
11002,PS50222,780,799
01510,PS51189,1053,1535
01510,PS50290,1754,2099
01510,PS51190,2290,2322
8MXI4,PS50011,49,350
8MXI4,PS00107,55,79
8MXI4,PS01351,84,187
83780,PS51463,10,548
83780,PS00765,272,285
83780,PS00174,498,515
18963,PS50018,1725,1930
18963,PS00509,1855,1869
53145,PS51721,188,394
53924,PS50006,295,358
53924,PS50089,433,477
9Z0U5,PS51085,4,91
9Z0U5,PS00197,43,51
9Z0U5,PS51387,235,420
9Z0U5,PS00559,801,836
10434,PS00748,176,184
10434,PS00749,230,240
00924,PS00164,343,356
9UTK6,PS50174,115,161
5T5Y3,PS50021,216,331
5T5Y3,PS51508,1463,1597
1ZAB5,PS51823,424,666
9M0Y9,PS50108,30,43
9Y7Y8,PS00178,269,280
53327,PS51192,297,485
53327,PS51194,516,735
53327,PS51192,1149,1324
53327,PS51194,1355,1550
8SX86,PS50181,264,309
86VQ3,PS51352,429,553
81644,PS51089,911,976
60078,PS51176,5,285
81643,PS51089,844,909
8CI75,PS01175,686,710
60072,PS51192,287,479
60072,PS51194,513,723
60072,PS51192,1144,1319
60072,PS51194,1351,1546
8TER5,PS50010,1085,1253
8TER5,PS50003,1265,1372
95835,PS50030,100,141
95835,PS50011,705,1010
95835,PS00108,824,836
95835,PS51285,1011,1090
5DF11,PS51036,8,42
5DF11,PS51039,148,194
35900,PS51842,70,381
35900,PS00226,367,375
0BNN3,PS51144,4,261
0BNN3,PS00162,106,122
36023,PS51719,92,367
36023,PS00675,98,111
9JIM4,PS50054,26,170
9JIM4,PS50056,87,149
9JIM4,PS00070,299,310
6NUP7,PS50077,213,250
6NUP7,PS50077,252,290
9D0M5,PS01239,55,69
63073,PS00813,90,113
9H3Y6,PS50002,51,112
9H3Y6,PS50001,120,212
9H3Y6,PS50011,230,488
9H3Y6,PS00107,236,258
9H3Y6,PS00109,346,358
22765,PS00167,57,70
12213,PS00634,102,134
9D0S4,PS51065,23,244
9D0S4,PS50225,250,285
85973,PS01240,79,120
99426,PS00845,183,214
99426,PS50245,183,225
13629,PS51733,49,225
41279,PS50011,138,388
41279,PS00108,249,261
43024,PS51140,77,120
11353,PS01021,190,214
38SD2,PS50297,53,218
38SD2,PS51450,279,300
38SD2,PS51450,303,324
38SD2,PS51450,330,351
38SD2,PS51450,353,374
38SD2,PS51450,381,402
38SD2,PS51450,405,426
38SD2,PS51450,451,472
38SD2,PS51450,474,495
38SD2,PS51450,498,519
38SD2,PS51450,549,570
38SD2,PS51450,572,594
38SD2,PS51424,632,826
38SD2,PS50011,1242,1525
9JRD8,PS50097,123,193
40017,PS00439,23,38
40017,PS00440,398,424
9JMC1,PS52082,413,730
9UHR4,PS51338,1,249
9UHR4,PS50002,339,402
9NYS0,PS51419,1,192
04314,PS51752,2,142
04314,PS51752,152,295
48034,PS51085,5,92
48034,PS00197,44,52
48034,PS51387,236,421
48034,PS00559,807,842
04449,PS01073,8,25
3UP24,PS50209,1,88
3UP24,PS50837,163,252
9IA88,PS50011,26,277
9IA88,PS00107,32,55
9IA88,PS00108,144,156
9IA88,PS50030,302,342
95QC4,PS50309,211,298
95QC4,PS00091,306,337
95QC4,PS50309,340,423
95QC4,PS50011,482,743
95QC4,PS00108,600,612
8WUN7,PS50053,152,225
16584,PS50002,41,105
16584,PS50011,117,379
16584,PS00107,123,144
16584,PS00108,237,249
61235,PS51402,20,497
61235,PS00438,60,76
61235,PS00437,350,358
5DGA8,PS00061,149,177
94614,PS50005,315,348
94614,PS50293,315,348
94614,PS50005,512,545
94614,PS50293,512,545
14727,PS50209,1,90
14727,PS50082,611,652
14727,PS50294,611,1212
14727,PS50082,653,694
14727,PS00678,672,686
14727,PS50082,695,738
14727,PS00678,716,730
14727,PS50082,739,780
14727,PS00678,758,772
14727,PS50082,878,910
14727,PS50082,999,1031
14727,PS50082,1040,1080
14727,PS50082,1081,1115
14727,PS50082,1123,1164
14727,PS00678,1142,1156
08873,PS50021,26,136
9S7H3,PS50294,144,423
9S7H3,PS50082,161,202
9S7H3,PS50082,245,277
9S7H3,PS00678,316,330
9S7H3,PS50082,382,415
9S7H3,PS00678,401,415
9VXH6,PS50203,18,331
9VXH6,PS50222,552,587
9N1F5,PS50404,22,101
9N1F5,PS50405,106,225
61125,PS50011,20,273
61125,PS00107,26,50
61125,PS50951,411,458
9UUJ1,PS01132,104,116
59679,PS50010,72,268
3SY84,PS51842,130,443
3SY84,PS00226,429,437
59672,PS50893,183,459
59672,PS00211,355,369
59672,PS50893,518,734
7Z569,PS50089,264,304
7Z569,PS50271,301,393
8MTJ3,PS51882,32,354
47897,PS00178,270,281
08911,PS00670,232,254
08911,PS00671,261,277
0CT22,PS00670,232,254
0CT22,PS00671,261,277
6P7F1,PS51022,23,79
6P7F1,PS51022,86,136
6P7F1,PS50106,153,234
6P7F1,PS50002,241,311
6P7F1,PS50052,426,615
6P7F1,PS00856,461,478
14618,PS50846,11,74
14618,PS00332,219,230
9P0V9,PS51719,63,329
9LK22,PS50033,104,180
9TB17,PS51085,4,91
9TB17,PS00197,43,51
9TB17,PS51387,234,419
9TB17,PS00559,800,835
5U259,PS50102,20,98
5U259,PS50102,106,186
5U259,PS50102,244,322
74945,PS51722,17,246
8WZJ7,PS00721,412,422
8WZJ7,PS00722,700,711
8CGY6,PS50005,6,39
8CGY6,PS50293,6,110
8CGY6,PS50005,43,76
8CGY6,PS50005,77,110
12463,PS51627,2,433
12463,PS00092,288,294
17174,PS00105,256,269
9C037,PS50089,12,53
9C037,PS00518,27,36
9C037,PS50119,82,123
9C037,PS50188,288,500
29348,PS51882,32,354
96ED9,PS50021,6,122
94477,PS51844,7,62
94477,PS51456,73,766
94477,PS50096,840,869
94477,PS50096,888,917
94477,PS51126,1163,1431
94474,PS50005,2,35
94474,PS50293,2,69
94474,PS50005,36,69
94474,PS50293,448,497
94474,PS50005,497,530
94474,PS50293,538,792
94474,PS50005,575,608
94474,PS50005,650,683
94474,PS50005,684,717
94474,PS50005,718,751
94474,PS50005,759,792
94474,PS50293,915,1031
94474,PS50005,930,963
94474,PS50005,964,997
94474,PS50005,998,1031
94474,PS50005,1124,1157
94474,PS50005,1167,1200
94474,PS50293,1167,1237
0G0Y8,PS51845,137,458
0G0Y8,PS00126,253,264
60114,PS51192,641,811
60114,PS51194,886,1064
42923,PS50102,202,280
75QN6,PS00678,116,130
75QN6,PS50054,703,848
75QN6,PS50056,768,824
75QN6,PS00383,790,800
147X3,PS51186,214,362
47169,PS50902,682,831
47169,PS00365,1343,1359
5SW79,PS50006,23,73
05089,PS51409,1,311
05089,PS01053,230,251
00743,PS00125,110,115
8UVX0,PS50821,276,388
8UVX0,PS50822,552,844
38254,PS51221,343,734
9C102,PS51278,69,469
9C104,PS51382,1,96
9C104,PS50297,298,453
9C104,PS50088,366,398
9C104,PS50088,400,432
9C104,PS51704,747,1066
9C104,PS50007,768,802
23985,PS50918,35,118
23985,PS50918,119,201
23985,PS50089,548,600
23985,PS00221,559,567
5JY77,PS00213,400,411
5JY77,PS00213,774,785
5JY77,PS00213,962,975
5JY77,PS00213,996,1008
23298,PS50004,1,118
23298,PS50081,171,222
23298,PS00479,172,224
23298,PS50081,245,295
23298,PS00479,246,295
23298,PS50011,355,614
23298,PS00107,361,384
23298,PS00108,475,487
23298,PS51285,615,683
8VDD5,PS51844,27,77
8VDD5,PS51456,81,776
8VDD5,PS50096,779,808
32525,PS50238,181,359
9QX73,PS50002,15,74
9QX73,PS50010,110,294
9QX73,PS50003,325,432
8CH77,PS00387,382,388
9USR3,PS51545,1305,1491
9USR3,PS50290,1593,1861
9USR3,PS00915,1623,1637
9USR3,PS00916,1716,1736
9Q735,PS51698,949,1023
09798,PS50235,473,814
7AE94,PS51682,8,234
7AE94,PS00018,151,163
9V3Z6,PS51456,63,733
9V3Z6,PS01037,544,561
9V3Z6,PS50096,736,765
9V3Z6,PS50096,759,788
9V3Z6,PS50096,805,829
9V3Z6,PS50096,831,857
9V3Z6,PS51016,1008,1245
9V3Z6,PS50057,1250,1560
9V3Z6,PS50002,1558,1627
9V3Z6,PS51016,1701,1849
9V3Z6,PS50057,1855,2158
14192,PS00092,118,124
550F6,PS50309,21,98
550F6,PS50309,194,277
8W2B8,PS00101,266,294
92598,PS01036,338,352
8TF74,PS51082,36,53
8WVN8,PS50127,204,368
43643,PS51722,5,230
43643,PS00301,61,76
35237,PS00284,349,359
35236,PS50055,97,350
35236,PS50056,268,341
35236,PS00383,289,299
9QZR6,PS51719,275,546
9QZR6,PS00177,544,552
60060,PS51273,225,412
87308,PS50179,20,149
18510,PS51417,11,181
53010,PS50235,505,855
00359,PS00071,148,155
61166,PS50021,14,116
61166,PS51230,185,255
86XT4,PS50089,16,57
86XT4,PS00518,31,40
86XT4,PS50119,84,125
86XT4,PS50188,276,475
09312,PS50303,162,566
09312,PS50302,187,225
09312,PS50302,226,264
09312,PS50302,271,307
09312,PS50302,308,332
09312,PS50302,345,384
09312,PS50302,400,436
09312,PS50302,438,473
09312,PS50302,484,521
96JB8,PS51022,24,80
96JB8,PS51022,87,137
96JB8,PS50106,154,235
96JB8,PS50002,242,312
96JB8,PS50052,427,616
96JB8,PS00856,462,479
23512,PS00120,81,90
8IYB7,PS01175,688,712
8CFW7,PS50004,1031,1209
5EC24,PS50001,10,113
5EC24,PS50001,134,232
5EC24,PS50055,264,580
5EC24,PS50056,487,571
5EC24,PS00383,516,526
12844,PS51844,33,82
12844,PS51456,86,791
12844,PS50096,794,823
10447,PS50011,388,637
00958,PS00178,205,216
9BSL1,PS50030,187,231
9BSL1,PS50030,288,328
9JI78,PS51398,451,651
12265,PS00114,242,257
14306,PS52082,784,1128
9UKF7,PS52086,1,252
8IWV7,PS51157,97,168
8IWV7,PS00732,618,627
6DUB4,PS51419,3,206
6DUB4,PS00675,11,24
57796,PS50222,129,164
57796,PS00018,142,154
57796,PS50222,183,200
57796,PS50222,206,241
57796,PS00018,219,231
57796,PS50222,243,275
57796,PS00018,256,268
02994,PS51722,5,240
02994,PS00301,61,76
60085,PS01202,194,210
60086,PS00430,1,106
60086,PS51671,72,149
14152,PS50250,315,498
9LDN0,PS50067,91,426
9LDN0,PS00411,321,332
1K9C2,PS50902,728,876
9SQ68,PS00798,46,63
9SQ68,PS00062,150,167
9SQ68,PS00063,261,276
9SQ69,PS00798,46,63
9SQ69,PS00062,150,167
9SQ69,PS00063,261,276
9SQ67,PS00798,46,63
9SQ67,PS00062,150,167
9SQ67,PS00063,261,276
9D291,PS51858,5,149
07347,PS51186,35,195
03690,PS51823,339,596
9UPY8,PS50021,14,116
9UPY8,PS51230,194,264
42843,PS50181,54,100
5GIS3,PS50082,52,93
5GIS3,PS50294,52,341
5GIS3,PS00678,71,85
5GIS3,PS50082,140,180
5GIS3,PS00678,158,172
5GIS3,PS50082,181,222
5GIS3,PS50082,223,264
5GIS3,PS00678,286,300
5GIS3,PS50082,309,341
9UPY3,PS51192,51,227
9UPY3,PS51194,433,602
9UPY3,PS51327,630,722
9UPY3,PS50821,895,1042
9UPY3,PS50142,1283,1372
9UPY3,PS50142,1666,1824
9UPY3,PS00517,1702,1710
9UPY3,PS50137,1849,1914
74407,PS00061,58,86
74407,PS50862,254,580
9BKZ9,PS50020,233,266
9BKZ9,PS01179,330,456
9BKZ9,PS01179,499,615
9BKZ9,PS00290,583,589
9BKZ9,PS00646,617,630
9UDY6,PS50089,16,61
9UDY6,PS00518,31,40
9UDY6,PS50119,94,135
9UDY6,PS50188,292,481
9VHP0,PS51195,295,323
9VHP0,PS51192,326,515
9VHP0,PS00039,457,465
9VHP0,PS51194,542,693
12000,PS50103,87,114
12000,PS50103,158,196
7M3S9,PS50089,897,932
9NWZ3,PS50011,186,454
9VUX2,PS51416,100,168
9VUX2,PS50135,174,226
9VUX2,PS01357,179,206
9VUX2,PS51416,237,315
9VUX2,PS52085,342,409
9VUX2,PS52085,420,486
9VUX2,PS50297,557,822
9VUX2,PS50088,567,599
9VUX2,PS50088,600,632
9VUX2,PS50088,633,665
9VUX2,PS50088,666,698
9VUX2,PS50088,735,759
9VUX2,PS50088,769,801
9VUX2,PS50089,970,1005
9VUX2,PS50089,1017,1052
9VUX2,PS50089,1183,1216
03002,PS50011,41,313
03002,PS00107,47,80
03002,PS00108,171,183
74452,PS50102,426,503
49638,PS50191,88,253
38063,PS00114,140,155
42403,PS51352,1,113
42403,PS00194,31,49
54I79,PS00432,364,372
9R1S0,PS51381,9,127
96K76,PS50235,188,564
96K76,PS00972,189,204
96K76,PS00973,487,504
34370,PS52082,1,286
9U1M8,PS51456,13,688
9U1M8,PS50096,691,719
9U1M8,PS51016,1155,1313
9U1M8,PS50057,1318,1620
9U1M8,PS50002,1618,1678
9U1M8,PS51016,1894,2051
9U1M8,PS50057,2060,2357
4HPR5,PS51718,59,346
47089,PS50296,99,170
9SMT7,PS00455,167,178
13839,PS50011,4,281
13839,PS00108,147,159
30305,PS50206,431,538
9LTR9,PS00975,180,188
9LTR9,PS00976,403,409
39939,PS00733,73,80
12676,PS01011,27,50
12676,PS01012,121,136
6DGF4,PS51036,8,42
6DGF4,PS51039,158,204
9UBG3,PS50222,49,84
9UBG3,PS00018,62,74
38339,PS51741,33,295
38339,PS50238,472,663
57752,PS51228,3,88
19420,PS00629,93,106
19420,PS00630,229,243
47176,PS00770,237,272
15051,PS50096,294,323
15051,PS50096,387,416
9XEX2,PS51352,4,162
9UQW6,PS00737,341,357
9UQW6,PS00099,376,389
14455,PS01190,52,62
9BU02,PS51707,5,201
8BIL5,PS50021,12,128
8BG18,PS50222,26,61
8BG18,PS00018,39,51
8BG18,PS50222,63,95
8BG18,PS51725,252,340
14185,PS50021,3,109
1PFB9,PS50011,146,480
1PFB9,PS00108,267,279
0WPU1,PS51844,12,61
0WPU1,PS51456,67,737
0WPU1,PS50096,763,792
0WPU1,PS50096,836,865
0WPU1,PS50096,859,888
0WPU1,PS51126,1164,1456
5VST9-3,PS50835,10,100
5VST9-3,PS50835,110,202
5VST9-3,PS50835,236,322
5VST9-3,PS50835,331,414
5VST9-3,PS50853,515,612
5VST9-3,PS50835,701,790
5VST9-3,PS50835,812,884
5VST9-3,PS50835,886,964
5VST9-3,PS50835,978,1066
5VST9-3,PS50835,1070,1148
5VST9-3,PS50835,1162,1252
5VST9-3,PS50835,1254,1332
5VST9-3,PS50835,1346,1432
5VST9-3,PS50835,1438,1524
5VST9-3,PS50835,1530,1608
5VST9-3,PS50835,1622,1719
5VST9-3,PS50835,1723,1808
5VST9-3,PS50835,1823,1894
5VST9-3,PS50835,1896,1982
5VST9-3,PS50835,1987,2071
5VST9-3,PS50835,2165,2249
5VST9-3,PS50835,2289,2380
5VST9-3,PS50835,2468,2559
5VST9-3,PS50835,2646,2730
5VST9-3,PS50835,2826,2908
5VST9-3,PS50835,2920,2999
5VST9-3,PS50835,3095,3169
5VST9-3,PS50835,3184,3268
5VST9-3,PS50835,3273,3356
5VST9-3,PS50835,3359,3444
5VST9-3,PS50835,3449,3532
5VST9-3,PS50835,3537,3620
5VST9-3,PS50835,3625,3708
5VST9-3,PS50835,3713,3796
5VST9-3,PS50835,3801,3884
5VST9-3,PS50835,3890,3973
5VST9-3,PS50835,3978,4062
5VST9-3,PS50835,4068,4160
5VST9-3,PS50835,4248,4337
5VST9-3,PS50853,4525,4619
5VST9-3,PS50835,4624,4714
5VST9-3,PS50096,4872,4901
5VST9-3,PS50835,4898,4989
5VST9-3,PS50835,5126,5215
5VST9-3,PS50835,5260,5349
5VST9-3,PS50835,5371,5467
5VST9-3,PS50002,5600,5667
5VST9-3,PS50010,5693,5877
5VST9-3,PS50003,5895,6004
5VST9-3,PS50835,6014,6097
5VST9-3,PS50835,6108,6200
5VST9-3,PS00178,6474,6485
57113,PS50404,4,87
57113,PS50405,92,212
62932,PS50145,54,96
62932,PS50181,572,626
18388,PS50166,27,107
18388,PS50077,415,453
9SRV1,PS50144,46,180
9SRV1,PS50097,216,282
9P2K6,PS50097,5,72
38900,PS50072,8,171
38900,PS00170,56,73
4JWB3,PS51339,181,647
4JWB3,PS00383,438,448
13648,PS00028,59,81
13648,PS51678,217,543
4ZGN4,PS51085,17,104
4ZGN4,PS00197,56,64
4ZGN4,PS51387,288,474
35207,PS51192,338,496
35207,PS51194,638,815
76G19,PS50106,130,199
14077,PS00143,55,78
08257,PS01162,149,170
9SA73,PS51710,25,282
9SA73,PS51880,303,386
02833,PS50200,6,89
32644,PS52088,648,1121
8K4P8,PS50004,182,318
8K4P8,PS50020,826,859
8K4P8,PS01159,832,857
8K4P8,PS50020,1016,1049
8K4P8,PS01159,1022,1047
8K4P8,PS50237,1269,1604
9D0C1,PS50089,229,270
4JTP5,PS51671,178,252
4JTP5,PS50011,290,543
4JTP5,PS00108,407,419
9NPP4,PS50209,1,88
9NPP4,PS50837,163,252
51161-2,PS00214,54,71
8N392,PS50238,324,523
12271,PS50275,142,482
12271,PS52082,561,863
43048,PS50086,220,408
43048,PS50222,576,611
43048,PS00018,589,601
43048,PS50222,612,647
43048,PS00018,625,637
95819,PS50011,25,289
95819,PS00107,31,54
95819,PS00108,149,161
95819,PS50219,926,1213
8T2I8,PS50011,18,268
8T2I8,PS00107,24,47
8T2I8,PS00108,136,148
9Y7U7,PS50830,3,142
9Y7U7,PS50830,167,312
9Y7U7,PS50830,326,464
9Y7U7,PS50830,493,626
9Y7U7,PS50304,695,755
9Y7U6,PS50010,621,808
9Y7U6,PS50003,843,973
9Y7U6,PS50219,995,1293
9WVS4,PS50011,4,285
9WVS4,PS00107,10,33
9WVS4,PS00108,124,136
20347,PS50011,66,330
20347,PS00107,72,95
20347,PS00108,190,202
6ZMR3,PS51257,1,35
6ZMR3,PS00064,190,196
9SQ70,PS00798,46,63
9SQ70,PS00062,150,167
9SQ70,PS00063,261,276
8VHK2,PS50297,41,289
8VHK2,PS50088,48,80
8VHK2,PS50088,81,113
8VHK2,PS50088,114,146
8VHK2,PS50088,147,171
8VHK2,PS50088,188,220
8VHK2,PS50088,220,252
8VHK2,PS50002,281,347
8VHK2,PS50105,474,537
8VHK2,PS50105,543,607
9H4B7,PS00228,1,4
9H4B7,PS00227,140,146
2QYF3,PS50985,283,653
96G61,PS51462,17,144
96G61,PS00893,50,71
12108,PS51886,289,515
9Z1B2,PS50404,5,92
9Z1B2,PS50405,94,212
9Y825,PS50294,178,408
9Y825,PS50082,369,402
60343,PS01179,366,438
60343,PS50086,918,1112
91V36,PS50011,36,304
81299,PS50054,196,354
81299,PS50056,278,340
81299,PS00383,293,303
81299,PS50950,950,1024
9USH9,PS50893,276,519
9USH9,PS00211,421,435
9USH9,PS50893,594,809
21341,PS50186,23,107
37012,PS00710,113,122
9ULP9,PS51886,343,554
80210,PS01266,9,16
80210,PS00513,137,148
9UUD0,PS51021,14,237
9UUD0,PS50002,421,487
74985,PS50293,10,145
74985,PS50293,380,447
74985,PS50293,677,710
15442,PS50908,17,128
15442,PS50011,256,527
15442,PS50011,599,981
15442,PS00107,605,629
15442,PS00108,831,843
02326,PS01170,72,90
8MQJ9,PS50119,174,222
8MQJ9,PS50119,323,366
8MQJ9,PS00028,340,361
8MQJ9,PS51125,767,810
8MQJ9,PS51125,814,859
8MQJ9,PS51125,860,901
8MQJ9,PS51125,902,944
8MQJ9,PS51125,945,988
12701,PS50011,99,366
12701,PS00107,105,128
12701,PS00108,219,231
2ZDX9,PS00315,86,101
2ZDX9,PS00823,106,113
2ZDX9,PS00823,163,170
50579,PS01202,246,262
4AC94,PS50004,521,678
4AC94,PS50004,787,919
4AC94,PS50004,985,1147
4AC94,PS50004,1171,1339
4AC94,PS50004,1403,1533
4AC94,PS50004,1617,1745
60760,PS50200,194,278
60760,PS50003,318,427
60760,PS50001,520,616
8C0L9,PS51166,1,115
8C0L9,PS51704,321,621
9XW79,PS00125,136,141
0VDF9,PS01036,332,346
74526,PS50011,446,742
74526,PS00108,580,592
6AYD6,PS50106,1,84
6AYD6,PS50023,281,341
6AYD6,PS00478,283,317
42906,PS52071,7,266
2L4W6,PS50102,296,380
2L4W6,PS50102,384,462
17156,PS00297,10,17
17156,PS00329,200,213
17156,PS01036,337,351
94413,PS00114,130,145
23500,PS00450,428,444
23500,PS01244,494,507
03017,PS50088,229,251
03017,PS50297,229,456
03017,PS50088,265,297
03017,PS50088,361,393
03017,PS50088,395,427
0C090,PS50089,14,54
0C090,PS00518,33,42
0C090,PS50103,410,438
3UIZ8,PS50011,491,746
3UIZ8,PS00107,497,520
3UIZ8,PS00108,608,620
38344,PS00028,9,31
9BZR8,PS50062,270,317
6ZU15,PS51719,49,315
1ZA47,PS50106,8,90
1ZA47,PS50023,280,339
1ZA47,PS50023,2018,2078
1ZA47,PS50023,2079,2138
1ZA47,PS00478,2081,2114
1ZA47,PS50023,2139,2194
1ZA47,PS00478,2140,2175
9BDB7,PS51886,1,159
03785,PS50011,12,337
03785,PS00107,18,41
03785,PS00108,181,193
8NJU8,PS00433,487,505
53137,PS00062,244,261
53137,PS51140,316,359
19286,PS51842,39,388
19286,PS51841,420,538
8TFG6,PS50112,23,53
8TFG6,PS50011,566,934
8TFG6,PS00108,686,698
8TFG6,PS51285,935,1044
8TFG6,PS50110,1200,1316
9DAN6,PS51800,14,41
9DAN6,PS51800,48,75
229Z6,PS50082,43,77
229Z6,PS50294,43,351
229Z6,PS00678,62,76
229Z6,PS50082,85,117
229Z6,PS50082,127,168
229Z6,PS50082,169,210
229Z6,PS00678,188,202
229Z6,PS50082,226,267
229Z6,PS50082,268,309
229Z6,PS00678,287,301
229Z6,PS50082,310,351
05D44,PS51722,625,842
95848,PS51462,38,206
1MX18,PS00118,30,37
44406,PS50800,92,126
02407,PS00712,41,56
924T7,PS01358,300,319
924T7,PS50199,344,373
924T7,PS01358,348,367
924T7,PS01358,407,426
924T7,PS50030,558,609
924T7,PS51873,689,923
924T7,PS00518,887,896
44408,PS50011,38,338
44408,PS01351,73,176
44408,PS00108,160,172
9H4H8,PS00178,319,329
53808,PS50848,30,212
6B8I1,PS50054,37,184
6B8I1,PS50056,105,163
6B8I1,PS00383,127,137
8SWR8,PS52002,60,135
55FT4,PS50011,5,257
55FT4,PS00107,11,34
55FT4,PS00108,122,134
99666,PS50293,26,93
99666,PS50005,60,93
99666,PS50196,1036,1172
99666,PS50196,1333,1469
99666,PS50913,1702,1752
9FGX1,PS01217,168,193
9FGX1,PS01216,174,203
9FGX1,PS00399,259,275
23826,PS50067,9,355
23826,PS00411,255,266
5EEM5,PS50077,179,217
5EEM5,PS50077,464,502
6WU39,PS51502,3,97
1MTQ1,PS50067,132,460
1MTQ1,PS00411,355,366
8MKF1,PS51707,5,201
28708,PS50011,192,508
28708,PS00107,198,225
28708,PS00108,350,362
8WUY3,PS50191,2895,3056
08582,PS51722,158,389
96PF2,PS50011,12,272
96PF2,PS00107,18,41
96PF2,PS00108,132,144
13042,PS50005,130,163
13042,PS50293,299,512
13042,PS50005,334,367
13042,PS50005,368,401
13042,PS50005,445,478
13042,PS50005,479,512
9M811,PS51334,95,456
41805,PS01257,108,129
9UTI7,PS00091,477,505
23258,PS00227,142,148
50094,PS51371,122,183
50094,PS51371,185,241
50094,PS00487,326,338
7ZFT1,PS51354,5,101
7ZFT1,PS00195,19,35
4PR86,PS50011,11,265
4PR86,PS00107,17,40
4PR86,PS00108,128,140
4PR86,PS50032,656,705
9SYD8,PS51502,5,100
9SYD8,PS51502,116,204
9TU03,PS00387,13,19
9GZZ1,PS51186,6,155
27884,PS00125,108,113
54Q99,PS01024,80,94
54Q99,PS01025,205,219
54Q99,PS00678,222,236
8TC44,PS50082,14,55
8TC44,PS50294,14,307
8TC44,PS00678,33,47
8TC44,PS50082,56,87
8TC44,PS50082,98,139
8TC44,PS50082,140,181
8TC44,PS00678,159,173
8TC44,PS50082,192,223
8TC44,PS00678,201,215
8TC44,PS50082,224,265
8TC44,PS50082,266,297
9H9G7,PS50821,230,349
9H9G7,PS50822,518,819
25704,PS00164,340,353
42932,PS00750,44,56
42932,PS00751,65,81
42932,PS00995,93,101
05619,PS00284,352,362
4HWY6,PS51844,11,60
4HWY6,PS51456,65,735
4HWY6,PS50096,738,767
4HWY6,PS50096,761,790
4HWY6,PS50096,786,812
4HWY6,PS50096,834,861
4HWY6,PS50096,857,886
4HWY6,PS00052,1121,1147
4HWY6,PS51126,1163,1472
9UPQ3,PS52057,67,241
9UPQ3,PS50003,346,588
9UPQ3,PS50115,609,729
9UPQ3,PS50297,736,825
9UPQ3,PS50088,768,800
9LDL7,PS50985,110,490
54IH8,PS50011,130,437
54IH8,PS00107,136,159
54IH8,PS00108,254,266
54IH8,PS51285,438,510
9UUJ3,PS51741,3,392
9UUJ3,PS50238,425,622
06817,PS50862,10,372
9P940,PS51440,4,246
9P940,PS00171,163,173
0CX40,PS01193,11,30
0CE95,PS50057,84,365
0CE95,PS00660,134,162
0CE95,PS00661,245,274
0CE95,PS50945,2250,2492
16828,PS50206,30,148
16828,PS50054,206,349
16828,PS50056,262,330
59675,PS00632,105,129
59675,PS50889,107,181
10277,PS50102,79,158
10277,PS50102,365,441
8TGA0,PS00433,460,478
8TGA0,PS00433,832,850
9HGM9,PS50005,23,56
9HGM9,PS50293,23,328
9HGM9,PS50005,59,92
9HGM9,PS50005,143,176
9HGM9,PS50005,177,210
9HGM9,PS50005,223,256
9HGM9,PS50005,261,294
9HGM9,PS50005,295,328
9HGM9,PS50076,349,414
40976,PS00455,462,473
40976,PS50075,880,956
40976,PS00012,911,926
9C5C0,PS50011,25,316
9C5C0,PS00107,31,55
9C5C0,PS01351,60,163
53H96,PS00521,227,249
96A58,PS51421,2,195
25567,PS50961,255,351
54136,PS00178,201,212
36003,PS50011,449,912
36003,PS00107,455,478
36003,PS00108,576,588
36006,PS51456,36,715
36006,PS51757,771,961
36006,PS50002,1120,1182
36004,PS50011,412,712
36004,PS00108,559,571
34217,PS50102,85,163
06836,PS50190,432,620
4JIM5,PS50002,107,167
4JIM5,PS50001,173,263
4JIM5,PS50011,288,539
4JIM5,PS00107,294,317
4JIM5,PS00109,405,417
91903,PS50102,66,145
91903,PS50102,153,233
91903,PS50102,306,384
8WXC3,PS50824,1,89
7TMK6,PS50021,6,122
804A5,PS50102,93,170
06730,PS00813,90,113
25157,PS51882,131,457
9USX7,PS50011,155,445
9USX7,PS00108,276,288
9USX7,PS51285,446,526
38426,PS00213,848,861
59644,PS52082,415,732
9VRJ2,PS00798,46,63
9VRJ2,PS00062,150,167
9VRJ2,PS00063,261,276
91124,PS50870,56,260
00936,PS51456,105,780
91637,PS50067,198,528
91637,PS00411,426,437
21067,PS51842,51,399
21067,PS51841,509,622
21065,PS51842,71,424
21065,PS51841,457,574
20757,PS50303,121,513
20757,PS50302,146,184
20757,PS50302,185,223
20757,PS50302,224,260
20757,PS50302,261,285
20757,PS50302,297,335
20757,PS50302,347,384
20757,PS50302,386,421
20757,PS50302,432,472
53GT1,PS50097,50,117
49B96,PS51808,27,69
9UJC3,PS50021,12,128
96IV0,PS51398,454,654
9USU1,PS50212,590,723
9USU1,PS50009,752,985
9YH12,PS52002,1,81
9YH12,PS51512,288,324
9YH12,PS51513,365,381
9YH12,PS51536,384,404
91276,PS51214,5,67
91276,PS50176,132,174
9LVC6,PS51089,897,962
9SE42,PS01085,36,50
9SE42,PS01086,142,164
00647,PS51456,50,729
00647,PS51757,787,979
00647,PS50002,1074,1135
17555,PS01088,16,28
17555,PS51329,369,504
17555,PS01089,498,509
76003,PS51352,1,117
76003,PS51354,134,236
76003,PS51354,236,335
83299,PS51144,2,258
83299,PS00162,104,120
9H4A3,PS50011,221,479
9H4A3,PS00108,345,357
80UG5,PS51719,293,565
80UG5,PS00177,563,571
04551,PS50011,4,293
04551,PS00107,10,33
04551,PS00108,130,142
9P789,PS50102,592,666
9P789,PS50303,712,1065
9P789,PS50302,771,808
9P789,PS50302,809,844
9P789,PS50302,846,884
9P789,PS50302,889,917
9P789,PS50302,919,954
9P789,PS50302,956,993
9P2M1,PS50005,59,92
9P2M1,PS50293,59,92
43001,PS50275,144,474
43001,PS52082,553,853
3TYQ9,PS51085,8,95
3TYQ9,PS00197,47,55
3TYQ9,PS51387,237,423
00491,PS01240,79,120
8TF40,PS51836,37,1157
09697,PS51741,3,420
09697,PS50186,213,296
09697,PS50238,454,650
9NVR7,PS51329,290,435
9CA40,PS51462,7,140
9CA40,PS00893,41,62
8NHV4,PS50294,1,244
8NHV4,PS50082,81,114
8NHV4,PS00678,92,106
8NHV4,PS00678,178,192
04412,PS50115,170,297
54UC9,PS50067,3,329
54UC9,PS00411,228,239
00360,PS00071,148,155
04093,PS00120,278,287
84TC2,PS51471,214,326
00560,PS00111,18,28
7TS73,PS00430,1,88
23K29,PS51221,571,930
2Z461,PS00626,27,37
2Z461,PS50012,41,92
2Z461,PS00626,79,89
2Z461,PS50012,93,145
2Z461,PS00626,132,142
2Z461,PS50012,146,198
2Z461,PS50012,199,253
2Z461,PS00626,240,250
2Z461,PS50012,254,304
2Z461,PS50237,679,999
41831,PS00114,128,143
07281,PS00628,90,109
07280,PS00628,90,109
94K80,PS50961,363,452
96013,PS50108,11,24
96013,PS50011,321,572
96013,PS00107,327,351
41238,PS51747,10,134
41238,PS00903,61,100
99247,PS50082,264,298
99247,PS50294,264,305
99247,PS00678,283,297
62048,PS50168,3,81
9UTC7,PS50082,168,209
9UTC7,PS50294,168,462
9UTC7,PS50082,261,302
9UTC7,PS00678,280,294
9UTC7,PS50082,303,344
9UTC7,PS50082,345,386
9UTC7,PS00678,364,378
9UTC7,PS50082,387,421
9UTC7,PS50082,431,462
93V56,PS00387,98,104
61585,PS50082,12,54
61585,PS50294,12,248
61585,PS50082,55,96
61585,PS50082,97,138
61585,PS00678,116,130
61585,PS50082,139,180
61585,PS00678,158,172
61585,PS50082,181,222
61585,PS00678,200,214
9FJX5,PS50097,60,128
9N5M6,PS50303,160,564
9N5M6,PS50302,185,223
9N5M6,PS50302,224,263
9N5M6,PS50302,269,305
9N5M6,PS50302,306,330
9N5M6,PS50302,343,382
9N5M6,PS50302,398,434
9N5M6,PS50302,436,471
9N5M6,PS50302,483,519
8IIK4,PS51130,5,214
8IIK4,PS01236,46,56
812E0,PS50102,264,351
812E0,PS50102,372,450
3V016,PS50011,11,347
3V016,PS00107,17,40
3V016,PS00108,132,144
76IC5,PS01333,74,90
76IC5,PS01334,136,150
5XI32,PS00231,62,67
43402,PS50249,4,150
9Z335,PS50011,53,318
9Z335,PS00108,170,182
94BT9,PS50846,2,65
9HGL2,PS50222,8,43
9HGL2,PS50031,9,92
9HGL2,PS50222,45,77
9HGL2,PS50031,134,224
9HGL2,PS50222,166,201
9HGL2,PS50031,259,344
9HGL2,PS50222,292,327
9HGL2,PS00018,305,317
26196,PS51195,96,124
26196,PS51192,127,298
26196,PS00039,244,252
26196,PS51194,308,468
36102,PS50103,8,37
36102,PS50011,299,549
9VCA8,PS50297,552,1036
9VCA8,PS50088,618,650
9VCA8,PS50088,651,683
9VCA8,PS50088,684,716
9VCA8,PS50088,718,750
9VCA8,PS50088,751,783
9VCA8,PS50088,784,816
9VCA8,PS50088,817,849
9VCA8,PS50088,881,913
9VCA8,PS50088,914,946
9VCA8,PS50088,947,979
9VCA8,PS50088,981,1007
9VCA8,PS50088,2312,2344
9VCA8,PS50297,2312,2637
9VCA8,PS50088,2345,2377
9VCA8,PS50088,2379,2411
9VCA8,PS50088,2412,2444
9VCA8,PS50088,2447,2479
9VCA8,PS50088,2481,2513
9VCA8,PS50088,2514,2546
9VCA8,PS50088,2549,2581
9VCA8,PS50088,2582,2614
9VCA8,PS50084,3036,3100
43314,PS00616,380,394
9C030,PS50089,15,60
9C030,PS00518,30,39
9C030,PS50119,92,133
9C030,PS50188,282,488
6NK89,PS50200,1,133
48163,PS00331,266,282
6KT50,PS51129,11,301
6KT50,PS01235,207,225
9UUF2,PS00178,231,242
96MI9,PS52035,686,976
9VWQ2,PS50011,159,435
9UJP4,PS50097,35,103
85515,PS01132,109,121
85515,PS00432,357,365
74729,PS50072,8,172
74729,PS00170,55,72
9P7I2,PS50011,31,291
9P7I2,PS00107,37,60
9P7I2,PS00108,150,162
42854,PS50002,3,67
15814,PS51329,171,323
40363,PS00120,155,164
64282,PS50293,136,275
64282,PS50005,138,171
64282,PS50005,242,275
64282,PS50293,312,401
64282,PS50005,329,362
64282,PS50005,426,459
64282,PS50293,426,459
70400,PS50106,12,85
70400,PS50023,256,315
70400,PS00478,258,291
16613,PS51186,35,194
2QAV0,PS50011,6,256
2QAV0,PS00107,12,39
2QAV0,PS00108,123,135
9P6P3,PS50011,130,458
9P6P3,PS00107,136,159
9P6P3,PS00108,253,265
30625,PS50042,122,237
30625,PS00888,149,165
30625,PS00889,185,202
30625,PS50042,240,361
30625,PS00888,267,283
30625,PS00889,309,326
40561,PS50102,64,141
8LFL8,PS52002,10,85
9C0I1,PS51339,205,643
51668,PS50127,1,147
51668,PS00183,74,89
920B0,PS50057,59,361
920B0,PS00661,230,259
5VCS6,PS51644,7,80
5VCS6,PS51644,122,197
5VCS6,PS51644,291,365
5VCS6,PS50304,533,592
46614,PS00110,239,251
8MUF9,PS50004,15,123
14127,PS00712,41,56
9U489,PS50119,366,412
9U489,PS50194,759,817
9U489,PS51125,835,875
9U489,PS51125,879,922
9U489,PS51125,926,969
9U489,PS51125,985,1017
9U489,PS51125,1022,1065
9U489,PS51125,1120,1147
94324,PS50011,528,877
94324,PS00108,648,660
6PKG0,PS50961,397,487
6PKG0,PS00191,652,659
9USR0,PS50294,43,283
9USR0,PS00678,63,77
9USR0,PS50082,99,141
9USR0,PS50082,185,227
9USR0,PS00678,205,219
9USR0,PS50082,242,283
9USR0,PS00678,261,275
10225,PS50297,51,110
10225,PS50097,167,223
10225,PS50097,306,373
09052,PS51195,245,273
09052,PS51192,276,453
09052,PS00039,397,405
09052,PS51194,477,624
14319,PS51140,17,60
3X982,PS51085,8,95
3X982,PS00197,47,55
3X982,PS51387,236,421
960N3,PS50294,243,326
960N3,PS50082,285,317
960N3,PS50082,429,451
39016,PS50303,188,596
39016,PS50302,209,247
39016,PS50302,248,283
39016,PS50302,284,320
39016,PS50302,325,362
39016,PS50302,363,404
39016,PS50302,409,438
39016,PS50302,439,474
39016,PS50302,503,539
9V3P0,PS51352,2,160
922Y1,PS50030,1,42
922Y1,PS50033,209,291
32909,PS50829,205,261
13837,PS00600,299,338
49025,PS50011,97,359
49025,PS00107,103,126
49025,PS00108,217,229
49025,PS51285,360,430
49025,PS00867,1171,1178
49025,PS50081,1388,1437
49025,PS00479,1389,1437
49025,PS50003,1469,1589
49025,PS50219,1617,1907
9CA51,PS51523,39,88
04409,PS51748,12,498
04409,PS00378,160,185
23128,PS51195,58,86
23128,PS51192,89,259
23128,PS00039,205,213
23128,PS51194,269,429
9P209,PS51450,55,76
9P209,PS51450,77,98
9GN62,PS50011,183,446
9GN62,PS00107,189,212
9GN62,PS00108,306,318
9W590,PS51721,165,395
9SHS8,PS51721,158,362
09757,PS00632,105,129
09757,PS50889,107,181
9ERC1,PS50297,79,306
9ERC1,PS50088,92,124
9ERC1,PS50088,125,157
9ERC1,PS50088,221,253
9ERC1,PS50088,257,286
9ERC1,PS51456,401,1144
9ERC1,PS50096,1146,1175
53GG5,PS50106,9,84
53GG5,PS50023,292,351
53GG5,PS00478,294,327
9H7D7,PS50896,123,155
9H7D7,PS50897,156,231
9H7D7,PS50082,351,392
9H7D7,PS50294,351,641
9H7D7,PS50082,397,428
9H7D7,PS50082,609,641
13944,PS50866,1,131
13944,PS50003,149,243
13944,PS01013,673,684
8NEL9,PS51043,611,886
13943,PS50211,11,437
18066,PS50835,323,417
18066,PS50835,422,521
18066,PS50835,529,626
28283,PS50011,61,308
2PQA9,PS50067,8,325
2PQA9,PS00411,225,236
96P47,PS52057,87,261
96P47,PS50003,367,605
96P47,PS50115,626,746
96P47,PS50297,753,842
96P47,PS50088,785,817
9FKW8,PS50206,26,128
6P9H5,PS51720,38,240
32589,PS00329,201,214
32589,PS01036,338,352
8CIQ7,PS50002,6,67
8CIQ7,PS51650,421,598
8CIQ7,PS51651,1225,1632
9C8M3,PS50404,6,85
9C8M3,PS50405,91,217
42845,PS50089,192,238
42845,PS00518,213,222
9WVP9,PS51718,60,333
9WVP9,PS00410,88,97
9WVP9,PS51388,567,655
48375,PS50059,20,108
58EE9,PS51842,81,389
58EE9,PS00226,375,383
9USV4,PS50103,134,172
24311,PS50069,416,647
24311,PS01256,747,774
9QZH7,PS50181,22,68
3BBV0,PS51316,165,259
3BBV0,PS51316,436,530
3BBV0,PS51316,707,799
3BBV0,PS51316,800,888
3BBV0,PS51316,891,946
3BBV0,PS51316,947,1038
3BBV0,PS51316,1041,1114
3BBV0,PS51316,1116,1214
9V3B4,PS50017,151,237
9P6K4,PS51836,35,842
5MPA9,PS50309,72,158
5MPA9,PS50309,196,279
5MPA9,PS50011,409,666
5MPA9,PS00107,415,438
5MPA9,PS00108,526,538
8K1H1,PS51644,3,76
8K1H1,PS51644,222,291
8K1H1,PS51644,325,394
8K1H1,PS50304,501,558
8K1H1,PS50304,691,748
9Z320,PS51842,74,389
08689,PS51186,14,176
9VA38,PS50011,719,1020
9VA38,PS00107,725,749
9VA38,PS00108,839,851
9VA38,PS51285,1021,1091
9VU87,PS51495,1,144
0CX36,PS00528,8,22
0CX36,PS50889,42,105
0CX35,PS00528,8,22
0CX35,PS50889,42,105
0CX30,PS00055,62,69
0CX39,PS01193,11,30
62158,PS50222,8,43
62158,PS00018,21,33
62158,PS50222,44,79
62158,PS00018,57,69
62158,PS50222,81,116
62158,PS00018,94,106
62158,PS50222,117,149
62158,PS00018,130,142
9PT87,PS50011,482,737
9PT87,PS00107,488,511
9PT87,PS00108,599,611
14315-2,PS00231,62,67
43307,PS50002,8,67
43307,PS50010,103,287
43307,PS50003,318,425
2LE78,PS50097,127,197
9NUV9,PS51720,28,230
6AXZ5,PS01360,394,430
6AXZ5,PS50865,394,430
8T135,PS50067,6,330
8T135,PS00411,229,240
97434,PS50003,43,150
97434,PS50003,386,482
9GV41,PS00798,42,59
9GV41,PS00062,124,141
4IIU4,PS51450,293,314
4IIU4,PS51450,315,335
4IIU4,PS51450,339,360
4IIU4,PS51450,361,381
4IIU4,PS51450,382,403
4IIU4,PS51450,404,425
24145,PS50001,10,106
24145,PS50297,124,275
24145,PS50088,153,185
24145,PS50088,186,218
24145,PS50088,220,241
24145,PS50001,288,403
24145,PS50011,662,921
24145,PS00107,668,698
24145,PS00109,785,797
07259,PS51273,228,413
07259,PS50975,562,754
07259,PS00866,593,607
07259,PS00867,723,730
07259,PS50975,1099,1290
07259,PS00866,1130,1144
07259,PS00867,1259,1266
07259,PS51855,1356,1508
07259,PS00097,1956,1963
9FV49,PS01202,209,225
9Y2I6,PS50222,7,42
9Y2I6,PS50222,60,76
9Y2I6,PS50222,196,231
9Y2I6,PS50222,233,268
9Y2I6,PS00018,246,258
54HG2,PS50021,8,115
54HG2,PS00019,10,19
54HG2,PS50021,124,229
2V2M9,PS51232,18,411
2V2M9,PS51444,883,1279
2V2M9,PS51231,1359,1391
2V2M9-4,PS51232,18,411
2V2M9-4,PS51444,1075,1471
2V2M9-4,PS51231,1559,1591
42844,PS50011,65,351
42844,PS00107,71,98
42844,PS00108,184,196
65902,PS01088,5,17
65902,PS51329,316,453
9W1I9,PS50059,103,192
54NW4,PS00053,78,95
54NW4,PS50023,205,262
54NW4,PS00478,207,240
54NW4,PS50023,263,322
54NW4,PS00478,265,298
54NW4,PS50023,328,387
54NW4,PS50023,388,447
54NW4,PS00478,390,423
54NW4,PS50023,448,505
54NW4,PS00478,449,482
8STE5,PS51335,339,485
38620,PS00114,132,147
38623,PS50011,163,478
38623,PS00107,169,201
38623,PS00108,309,321
38990,PS50011,133,448
38990,PS00107,139,162
38990,PS00108,273,285
23403,PS00361,43,58
38627,PS51273,305,564
96VB9,PS01036,338,352
12756,PS50067,5,354
12756,PS00411,242,253
12756,PS50006,516,572
12756,PS50003,1575,1673
9SUW2,PS00103,126,138
8ND56,PS52002,1,81
8ND56,PS51512,284,320
8ND56,PS51513,361,377
8ND56,PS51536,380,400
8TED4,PS51257,1,35
8TED4,PS50850,25,485
7X911,PS50275,128,456
9DAV9,PS00047,283,287
40557,PS51352,22,142
40557,PS00194,52,70
6QLL4,PS00061,170,198
96JJ7,PS51352,10,131
96JJ7,PS00194,45,63
18031,PS50055,3,277
18031,PS50056,189,268
18031,PS00383,213,223
9D1Q6,PS51352,18,141
9D1Q6,PS00014,403,406
99287,PS51715,34,263
38755,PS01013,153,164
9FFS0,PS50845,68,257
05177,PS00086,451,460
06107,PS50922,95,302
49333,PS50813,139,308
49333,PS50109,350,585
49333,PS50110,611,729
6A152,PS00086,445,454
9UBM7,PS01017,213,228
9UBM7,PS01018,439,462
08986,PS00218,105,136
6P179,PS00142,367,376
96LT4,PS50105,12,78
7M3I4,PS00061,170,198
8BLF1,PS01174,185,197
9GZR5,PS01188,154,162
10084,PS50850,108,536
0WPQ2,PS50813,170,332
0WPQ2,PS50110,647,766
00767,PS00476,294,308
5RJY4,PS51257,1,31
5RJY4,PS00061,194,222
7XI45,PS51318,1,33
9FMY1,PS00086,481,490
10061,PS00329,219,232
10061,PS01036,368,382
10061,PS00014,845,848
86SQ9,PS01066,201,218
9JHP7,PS50194,24,130
9JHP7,PS00014,499,502
5VV42,PS51449,64,172
5VV42,PS51918,200,431
5VV42,PS01278,208,228
5VV42,PS50926,431,493
4N4N8,PS51352,13,141
59712,PS51382,1,294
9BRL7,PS50859,8,119
1L3X0,PS01188,143,151
53337,PS01339,277,291
9JLA3,PS00014,1548,1551
6R0J2,PS00061,170,198
16474,PS00297,55,62
16474,PS00329,242,255
16474,PS01036,379,393
16474,PS00014,679,682
38717,PS50003,309,423
38717,PS51778,771,976
9BY08,PS51751,39,184
99PG0,PS01173,106,121
99PG0,PS01174,182,194
8VY69,PS50859,10,114
8VY69,PS50892,130,186
03714,PS50053,259,318
8HZR1,PS50026,35,73
8HZR1,PS50292,115,603
9P8E3,PS00755,76,95
9P8E3,PS00756,166,184
35052,PS01315,375,401
08227,PS52082,1,327
76062,PS01017,167,182
76062,PS01018,382,405
91W90,PS51352,27,155
91W90,PS00194,67,85
91W90,PS51352,156,281
91W90,PS00194,195,213
91W90,PS51352,289,417
91W90,PS00194,327,345
91W90,PS00014,414,417
70227,PS50919,113,173
70227,PS50919,174,224
70227,PS50919,232,288
70227,PS50919,295,372
70227,PS50919,378,434
70227,PS00307,1469,1475
9Z0F5,PS00070,273,284
9M2U2,PS50244,199,280
9C5U2,PS50839,302,526
9C5U2,PS50109,594,862
9C5U2,PS50110,891,1013
9C5U2,PS50110,1036,1173
9C5U0,PS50839,198,411
9C5U0,PS50109,479,760
9C5U0,PS50110,786,920
9C5U0,PS50110,946,1071
49858,PS01340,29,43
9W5D4,PS50919,318,374
9W5D4,PS50919,384,440
9W5D4,PS50919,445,501
38870,PS50011,186,444
38870,PS00107,192,215
38870,PS00108,306,318
38870,PS50222,487,522
38870,PS00018,500,512
38870,PS50222,523,558
38870,PS00018,536,548
38870,PS50222,559,592
38870,PS00018,572,584
38870,PS50222,593,628
38870,PS00018,606,618
8WMV1,PS01017,167,182
8WMV1,PS01018,382,405
12443,PS50845,30,236
28791,PS00014,380,383
9NYU1,PS00014,1513,1516
9NYU2,PS00014,1552,1555
04153,PS00803,107,122
04153,PS00804,139,147
04153,PS00805,217,229
04153,PS00014,421,424
04958,PS50042,814,947
04958,PS50042,943,1074
04958,PS51635,1373,1537
04958,PS01237,1376,1408
9UBS4,PS50076,25,90
9UBS4,PS00636,67,86
75460,PS50011,571,832
75460,PS00108,684,696
75460,PS51392,835,963
12745,PS00867,532,539
9P381,PS01315,342,368
52194,PS00803,144,159
52194,PS00804,178,186
52193,PS00803,98,113
52193,PS00804,130,138
52193,PS00805,208,220
52193,PS00805,225,237
52193,PS00805,242,254
52193,PS00014,414,417
9C0Y5,PS50893,73,320
9C0Y5,PS50893,758,1001
9SUT9,PS50845,85,271
43560,PS51778,409,582
99220,PS51914,115,241
99220,PS00014,539,542
35949,PS01188,142,150
9SHC8,PS50202,5,125
9H6R6,PS50216,99,149
9H6R6,PS50002,313,398
74368,PS51847,90,288
9HB03,PS01188,141,149
41800,PS51847,194,409
86SK9,PS00476,268,282
55061,PS01243,96,125
8LB08,PS50920,8,101
8LB08,PS50920,113,205
8LB08,PS50920,213,299
18418,PS00803,98,113
18418,PS00804,130,138
18418,PS00805,208,220
18418,PS00805,225,237
18418,PS00805,242,254
18418,PS00014,413,416
60432,PS00329,230,243
60432,PS01036,380,394
96HE7,PS00018,159,171
64837,PS50845,16,206
32368,PS50275,115,454
60103,PS51292,1,61
13752,PS50922,74,271
9QYI6,PS50076,26,90
9QYI6,PS00636,67,86
02769,PS01044,171,186
02769,PS01045,207,232
9NWM8,PS50059,45,135
9NWM8,PS50222,135,170
9NWM8,PS50222,179,211
9NWM8,PS00018,192,204
9NWM8,PS00014,208,211
35179,PS01067,28,56
9CXI3,PS50836,35,148
9SRQ1,PS00086,447,456
9SRQ1,PS01034,484,495
9FJ61,PS51257,1,35
86W10,PS00086,445,454
38800,PS51778,758,930
38800,PS51778,967,1139
54219-2,PS50850,23,472
9Y0A1,PS50919,192,246
9Y0A1,PS50919,319,379
9Y0A1,PS50919,386,466
9Y0A1,PS50919,490,551
81999,PS50076,25,90
81999,PS00636,67,86
04629,PS50216,136,184
9UT00,PS51847,217,422
9UT00,PS50004,413,534
9UT00,PS50004,559,668
9UT00,PS50004,685,803
9UT00,PS50004,1019,1137
40900,PS00141,724,735
9BY64,PS51257,1,23
9BY64,PS00375,356,399
8RWM6,PS50866,38,151
79088,PS00755,76,95
79088,PS00756,166,184
08684,PS00086,435,444
25303,PS50076,23,88
25303,PS00636,65,84
25303,PS51188,156,237
25303,PS00014,374,377
96L12,PS00803,98,113
96L12,PS00804,130,138
96L12,PS00014,381,384
00237,PS50089,621,663
96K19,PS50089,87,130
96K19,PS00518,102,111
71KT5,PS01017,167,182
71KT5,PS01018,382,405
59868,PS00154,329,335
13789,PS51762,218,587
38428,PS51140,65,107
9UBY8,PS50922,62,262
24903,PS00086,429,438
9DC23,PS50076,35,100
9DC23,PS51352,113,234
9DC23,PS51352,437,555
9DC23,PS00194,472,490
9DC23,PS51352,666,793
9DC23,PS00194,692,710
9DC23,PS00014,790,793
8VWZ7,PS00086,429,438
9Y2P5,PS00455,292,303
86XL3,PS50954,69,113
8NHH9,PS51715,91,336
42967,PS50053,4,61
4V8D1,PS00086,469,478
6WNR0,PS00086,429,438
39986,PS00154,487,493
39986,PS01229,814,836
93W54,PS51564,4,197
09601,PS00593,129,139
6Y288,PS00014,495,498
9Y385,PS50127,10,160
84KI1,PS00086,436,445
23141,PS00941,114,124
23141,PS00122,208,223
96SQ9,PS00086,433,442
9NQC3,PS50845,1005,1192
81062,PS51257,1,35
99KV1,PS50076,25,90
99KV1,PS00636,67,86
9LT02,PS00154,491,497
10487,PS50850,85,524
08001,PS51778,403,576
96328,PS50275,129,455
9Z2E3,PS50011,508,768
9Z2E3,PS00108,621,633
9Z2E3,PS51392,771,899
9VWR5,PS00086,498,507
9SE50,PS00653,48,62
9SE50,PS00014,525,528
9CQU0,PS51352,4,154
9CQU0,PS00194,56,74
9CQU0,PS00014,167,170
6JTJ0,PS00086,439,448
13516,PS00476,290,304
82352,PS50845,68,253
43571,PS00120,230,239
9NXB9,PS01188,142,150
9HD20,PS00154,533,539
60725,PS51564,1,284
25358,PS01188,174,182
12232,PS51469,163,331
8TBM8,PS50076,108,172
8TBM8,PS00636,149,168
8TBM8,PS00092,269,275
9HDV2,PS00218,112,143
9BZW4,PS51751,61,186
9BZW4,PS51751,217,351
55143,PS00154,351,357
9ES21,PS50275,122,451
05359,PS50866,32,131
5JBW8,PS00086,425,434
28845,PS00061,170,198
9NZ01,PS50244,197,283
74852,PS50850,16,448
91X77,PS00086,428,437
74507,PS50244,196,289
9FLT5,PS50893,520,765
9FLT5,PS00211,667,681
7Z449,PS00086,483,492
9JKR6,PS00329,230,243
9JKR6,PS01036,380,394
9W429,PS51257,1,18
9US37,PS50850,61,476
13011,PS00476,293,307
8L9C4,PS00061,193,221
12155,PS51751,7,159
57057,PS50850,27,517
9C101,PS50850,81,549
9FMW9,PS51564,4,197
09499,PS50011,518,778
09499,PS00108,632,644
09499,PS51392,781,909
9UBV2,PS51092,122,170
9UBV2,PS00023,127,168
04191,PS00154,351,357
35217,PS00014,478,481
25574,PS00923,101,110
00124,PS50033,187,263
10635,PS00086,436,445
9P6J7,PS50850,47,504
94511,PS50053,1,72
94511,PS50244,194,270
4J4Y0,PS50866,36,127
40367,PS01047,3,31
9FUY7,PS00086,465,474
2YMG0,PS50240,109,341
2YMG0,PS00134,145,150
2YMG0,PS00135,284,295
14264,PS50244,172,250
33296,PS50127,5,167
9UTE0,PS00136,30,40
9UTE0,PS51715,36,251
9VTK2,PS50919,450,511
9VTK2,PS50919,522,579
9VTK2,PS50919,585,642
15367,PS00501,42,49
15367,PS00761,98,111
39085,PS51387,49,232
53LQ0,PS51352,32,151
53LQ0,PS00194,61,79
53LQ0,PS51352,372,491
53LQ0,PS00194,406,424
53LQ0,PS00014,509,512
6IDL4,PS50866,40,152
9P6J9,PS50850,47,539
9P6J9,PS00217,163,188
13689,PS00014,198,201
54998,PS50059,49,141
54998,PS50222,141,176
54998,PS00018,154,166
54998,PS50222,185,218
54998,PS00018,198,210
54998,PS00014,215,218
18125,PS00086,437,446
99190,PS50244,206,292
94537,PS50011,654,938
94537,PS00108,770,782
94537,PS51392,941,1072
8R1V4,PS50866,39,137
9EQY0,PS50011,571,832
9EQY0,PS00108,684,696
9EQY0,PS51392,835,963
8CBG9,PS50089,115,158
8CBG9,PS00518,130,139
8C341,PS51469,283,452
9FYL6,PS00061,192,220
99PL7,PS00476,294,308
02201,PS01013,153,164
5KQH7,PS00086,497,506
23051,PS00086,432,441
9Y7T9,PS50076,4,71
9SR37,PS00653,44,58
9SR37,PS00014,521,524
29704,PS01044,178,193
29704,PS01045,214,239
9VQB7,PS00014,517,520
74923,PS50850,77,486
35196,PS01066,203,220
8T045,PS00014,408,411
9Z247,PS50059,54,142
9Z247,PS50059,166,254
9Z247,PS50059,278,365
9Z247,PS50059,389,477
9Z247,PS50222,488,523
9Z247,PS50222,533,568
9Z247,PS00018,546,558
9Z247,PS00014,567,570
40345,PS00120,318,327
22700,PS00154,351,357
15011,PS50053,10,72
78329,PS00086,461,470
60337,PS51292,1,62
06833,PS51847,304,504
11712,PS00086,428,437
94661,PS50086,35,220
95881,PS51352,6,156
95881,PS00194,58,76
922Y2,PS50089,10,60
922Y2,PS00518,25,34
922Y2,PS50119,92,134
43080,PS52002,47,116
920L5,PS01188,137,145
74444,PS51207,88,261
59700,PS50850,99,538
43826,PS50850,13,419
43826,PS00942,133,149
8GYE0,PS00146,87,102
8GYE0,PS50294,118,201
8GYE0,PS50082,167,201
08109,PS50089,349,400
9DBY1,PS50089,291,330
13941,PS51762,231,578
8NCC5,PS50850,23,480
86IA3,PS51352,5,132
86IA3,PS00194,43,61
86IA3,PS51352,133,285
86IA3,PS00194,164,182
9JMH2,PS51450,84,105
9JMH2,PS51450,108,128
9JMH2,PS51450,132,153
9JMH2,PS51450,156,177
9JMH2,PS50835,254,346
9JMH2,PS50853,430,518
40319,PS01188,181,189
9LD45,PS01243,101,130
53GQ0,PS00061,189,217
80458,PS01066,246,263
8WU17,PS50089,547,586
80452,PS00485,732,738
76MJ5,PS50011,520,781
76MJ5,PS00108,633,645
76MJ5,PS51392,784,912
48449,PS01074,574,588
6P073,PS50127,12,162
39540,PS01188,168,176
6ZWL3,PS00086,460,469
06136,PS00061,173,201
60162,PS50275,106,441
42933,PS50919,336,396
42933,PS50919,408,467
42933,PS50919,474,529
9P035,PS51203,5,94
9Z329,PS50919,112,166
9Z329,PS50919,173,223
9Z329,PS50919,231,287
9Z329,PS50919,294,372
9Z329,PS50919,378,434
9HBI6,PS00086,461,470
6T707,PS00476,288,302
61576,PS50059,61,149
61576,PS50059,173,261
61576,PS50059,285,373
61576,PS50059,398,485
61576,PS50222,504,531
61576,PS50222,541,576
61576,PS00018,554,566
61576,PS00014,578,581
04947,PS50845,20,220
9P246,PS50105,136,194
2HXL6,PS00014,928,931
8NBJ5,PS00014,619,622
765A7,PS00120,168,177
28496,PS50922,168,384
86TM6,PS50089,291,330
4VCM1,PS00127,280,286
9Y6A1,PS50919,318,381
9Y6A1,PS50919,392,449
9Y6A1,PS50919,453,513
94464,PS51847,238,429
11881,PS50919,112,166
11881,PS50919,173,223
11881,PS50919,231,287
11881,PS50919,294,373
11881,PS50919,379,435
9H0X9,PS50003,126,243
9H0X9,PS01013,474,484
12284,PS51324,72,174
24557,PS00086,472,481
13438,PS51914,108,230
9P6J0,PS50850,44,453
9P6J0,PS00290,125,131
94273,PS50072,30,187
94273,PS00170,71,88
09827,PS01067,15,43
43256,PS50065,147,549
43256,PS00066,327,341
43256,PS00318,480,487
43256,PS01192,534,547
6DD88,PS51715,57,305
9UKY4,PS00284,95,105
9UKY4,PS50919,334,390
9UKY4,PS50919,403,459
9UKY4,PS50919,464,521
9BW60,PS01188,137,145
9NXG6,PS00018,198,210
9NXG6,PS00018,237,249
9NXG6,PS51471,310,460
6XVG2,PS00086,428,437
8IXB1,PS50076,35,100
8IXB1,PS51352,113,234
8IXB1,PS51352,437,555
8IXB1,PS00194,472,490
8IXB1,PS51352,625,793
8IXB1,PS00194,692,710
8IXB1,PS00014,790,793
8NBM4,PS50030,304,344
36596,PS01044,175,190
36596,PS01045,211,236
35206,PS00018,95,107
642F4,PS50859,8,119
14072,PS00154,485,491
14072,PS01229,822,844
09736,PS00086,435,444
12006,PS50216,78,128
9UT20,PS50244,160,257
9VS60,PS50105,58,107
949U1,PS00086,466,475
59699,PS50850,137,577
8W037,PS00221,104,112
9H5J4,PS01188,137,145
86VZ5,PS50105,13,76
9FMR5,PS50859,7,112
9FMR5,PS50892,127,187
9FMR5,PS00417,145,164
7G3A0,PS00024,87,101
40616,PS51417,11,177
9NXF8,PS50216,132,180
9ZRE2,PS51419,4,203
28188,PS51419,4,203
28188,PS00675,11,24
9CW79,PS50913,679,728
40009,PS01238,147,162
12114,PS50853,78,168
12114,PS50172,166,262
9NX62,PS00630,299,313
9UK23,PS50026,358,390
9UK23,PS00022,378,389
9UK23,PS01186,378,393
14244,PS00120,570,579
92805,PS50913,688,737
9VMA7,PS50002,50,112
9US44,PS50850,59,469
9USP2,PS01238,140,155
53F39,PS00024,92,106
24509,PS50192,375,437
24509,PS00914,381,420
36096,PS50089,699,752
36096,PS00282,729,751
9LV16,PS51304,187,401
9LN62,PS51257,1,28
8L7F9,PS51304,171,364
14435,PS50231,516,630
8TB61,PS00196,167,183
9C9Q6,PS51257,1,28
9C9Q5,PS51257,1,28
39524,PS00154,560,566
9H4G4,PS01009,102,112
8NCW6,PS50231,476,607
9I8W5,PS51186,62,218
98194,PS00154,350,356
32486,PS51762,289,664
7XDQ9,PS51304,191,405
9H082,PS51419,29,229
02391,PS51289,81,112
02391,PS51289,113,175
02391,PS51289,178,241
02391,PS51289,249,309
02391,PS51289,310,376
02391,PS51289,377,436
02391,PS51289,438,500
02391,PS51289,501,567
02391,PS51289,572,631
02391,PS51289,633,691
02391,PS51289,692,751
02391,PS51289,759,819
02391,PS51289,821,874
02391,PS51289,875,942
02391,PS51289,943,998
02391,PS51289,1004,1064
8RX55,PS51304,191,392
0WQX7,PS00217,249,274
9LIL4,PS50866,35,122
94572,PS50850,52,465
9NQQ7,PS00061,100,128
96JA3,PS50003,1,93
9HB20,PS50003,1,93
51996,PS51419,9,222
51996,PS00675,16,29
38555,PS51419,9,223
38555,PS00675,16,29
61212,PS51417,11,177
9P3E8,PS50850,44,477
92896,PS51289,116,149
92896,PS51289,150,212
92896,PS51289,215,278
92896,PS51289,286,346
92896,PS51289,347,413
92896,PS51289,414,473
92896,PS51289,475,537
92896,PS51289,538,604
92896,PS51289,609,668
92896,PS51289,670,728
92896,PS51289,729,788
92896,PS51289,796,856
92896,PS51289,858,911
92896,PS51289,912,979
92896,PS51289,980,1035
92896,PS51289,1041,1101
80V26,PS00630,297,311
62638,PS51289,108,141
62638,PS51289,142,204
62638,PS51289,207,270
62638,PS51289,278,338
62638,PS51289,339,405
62638,PS51289,406,465
62638,PS51289,467,529
62638,PS51289,530,596
62638,PS51289,601,660
62638,PS51289,662,720
62638,PS51289,721,780
62638,PS51289,788,848
62638,PS51289,850,903
62638,PS51289,904,971
62638,PS51289,972,1027
62638,PS51289,1033,1093
9ASW1,PS51304,166,344
21815,PS01238,169,184
59666,PS50846,2,68
59666,PS01047,8,37
59666,PS00154,529,535
59666,PS01229,740,762
35963,PS51419,29,229
8R173,PS50216,129,177
8GXG6,PS51304,185,394
20340,PS51419,9,208
20340-2,PS51419,9,208
43682,PS50192,7,69
06147,PS50146,266,405
12234,PS50913,401,452
9Y225,PS50089,78,119
9FKV1,PS50850,12,429
35844,PS01013,139,149
40955,PS50293,337,404
09620,PS00131,194,201
09620,PS00560,460,477
43861,PS00154,468,474
9H7X0,PS51186,13,182
08851,PS50192,263,325
08851,PS00914,269,309
8WUD6,PS00379,114,136
8WUD6,PS00189,268,297
30430,PS51892,340,654
30430,PS00136,368,379
30430,PS00137,413,423
30430,PS00138,585,595
30430,PS51829,662,791
9VHV5,PS51417,14,181
04301,PS50850,38,556
0WML0,PS50929,72,362
0WML0,PS50893,396,633
0WML0,PS00211,536,550
9SAK7,PS50850,40,491
9SZN1,PS00152,367,376
51798,PS51371,631,695
51798,PS51371,741,799
51799,PS51371,629,693
51799,PS51371,739,797
10253,PS51448,80,131
10253,PS00025,89,110
10253,PS00129,514,521
10253,PS00707,643,673
41963,PS00221,84,92
9LHQ6,PS50850,52,500
9LHQ6,PS00217,185,210
9LHQ6,PS00216,377,393
8LAS7,PS50222,82,117
8LAS7,PS50222,119,154
8LAS7,PS50222,163,198
9C5P6,PS50222,76,111
9C5P6,PS50222,113,148
9C5P6,PS50222,157,192
43585,PS51382,1,146
38142,PS51257,1,32
38142,PS50850,27,476
38142,PS00217,147,172
38142,PS00216,349,366
9HE12,PS01159,265,290
9HE12,PS01116,446,466
9HE12,PS00572,521,529
924V4,PS01023,199,211
12296,PS51846,57,240
12296,PS51371,259,320
12296,PS51371,321,386
41951,PS00221,81,89
04602,PS50850,251,758
93654,PS50192,175,237
93654,PS00914,181,220
09752,PS50850,33,524
9LFP1,PS50859,7,112
9LFP1,PS50892,127,187
9LFP1,PS00417,145,164
9NP78,PS50929,189,471
9NP78,PS50893,504,740
9NP78,PS00211,643,657
8LBL1,PS00018,301,313
8LBL1,PS00018,340,352
06708,PS50077,87,122
46032,PS01022,102,126
46032,PS01023,201,213
8RWN2,PS50850,38,484
7XC27,PS50222,67,102
7XC27,PS50222,104,139
7XC27,PS00018,117,129
7XC27,PS50222,148,183
7XC27,PS00018,161,173
53273,PS50801,668,781
53273,PS50042,936,1002
9FL25,PS00018,378,390
32386,PS50929,359,662
32386,PS50893,694,935
32386,PS00211,835,849
32386,PS50929,1032,1345
32386,PS50893,1381,1636
32386,PS00211,1539,1553
9ASS7,PS00962,211,222
850M0,PS00018,289,301
850M0,PS50222,315,347
850M0,PS00018,328,340
26587,PS00221,91,99
36412,PS51419,9,214
36412,PS00675,16,29
12255,PS50892,167,227
13987,PS50088,861,893
13987,PS50297,861,935
13987,PS50088,894,926
8VZR6,PS50850,34,468
8VZR6,PS00217,133,158
9SA36,PS50850,45,497
58749,PS51751,60,185
58749,PS51751,216,350
9XFR0,PS00018,203,215
59726,PS50850,91,577
9HDW7,PS00154,545,551
64515,PS50850,35,498
32609,PS00028,8,29
32609,PS50178,72,137
32609,PS50178,215,297
12473,PS51384,412,546
8LIN5,PS00018,284,296
8LIN5,PS00018,323,335
8W5R2,PS51043,669,868
9SJ40,PS50236,385,536
9SJ40,PS50236,548,756
9SJ40,PS50089,842,877
4KEW8,PS51774,21,101
12003,PS50011,30,364
12003,PS00107,36,69
55DM1,PS51783,2807,2932
55DM1,PS50197,2972,3270
55DM1,PS50294,3345,3602
55DM1,PS50082,3387,3428
55DM1,PS00678,3406,3420
42837,PS50275,166,528
42836,PS50216,104,154
05902,PS00462,470,494
9FRX6,PS00498,328,339
27514,PS51382,1,256
27514,PS00599,751,760
47075,PS51382,1,148
9P5N0,PS50929,251,539
9P5N0,PS50893,575,804
9P5N0,PS00211,704,718
9P5N0,PS50929,904,1189
9P5N0,PS50893,1226,1460
9P5N0,PS00211,1363,1377
82316,PS00221,77,85
8W4E2,PS00152,367,376
9C8G9,PS50929,303,582
9C8G9,PS50893,614,838
9C8G9,PS00211,740,754
9C8G9,PS50929,919,1200
9C8G9,PS50893,1237,1471
9C8G9,PS00211,1374,1388
74837,PS01309,13,28
64964,PS00221,83,91
11574,PS00152,366,375
49377,PS50859,7,111
49377,PS50892,126,186
49377,PS00417,144,163
25818,PS00221,83,91
70496,PS51371,629,693
70496,PS51371,739,797
8LEM7,PS50222,82,117
8LEM7,PS50222,119,154
8LEM7,PS50222,163,198
12200,PS50156,557,717
12200,PS00435,1136,1146
9FGL2,PS00221,81,89
0CW78,PS50846,13,79
0CW78,PS00154,397,403
0CW78,PS01229,597,619
9LYK2,PS50850,41,447
23654,PS00152,449,458
9SIQ9,PS50859,7,111
9SIQ9,PS50892,126,186
9SIQ9,PS00417,144,163
12868,PS50236,406,583
12868,PS50089,928,972
11117,PS00616,33,47
11117,PS00778,280,296
9M3D6,PS50893,73,325
9M3D6,PS00211,225,239
39109,PS50929,288,590
39109,PS50893,626,853
39109,PS00211,753,767
39109,PS50929,955,1235
39109,PS50893,1272,1507
39109,PS00211,1410,1424
2V4F9,PS51382,2,145
9Y7M3,PS50178,165,220
02725,PS51382,1,145
53191,PS50178,452,527
3HRP5,PS50222,81,116
3HRP5,PS50222,118,153
3HRP5,PS50222,162,197
14156,PS51746,51,356
14156,PS01032,87,95
03897,PS50294,63,239
03897,PS50082,110,146
03897,PS00678,130,144
03897,PS50082,197,239
03897,PS50908,432,543
41975,PS00221,81,89
9SA38,PS50850,43,496
9VFJ3,PS50106,338,410
9C1X2,PS51387,93,272
40556,PS50920,75,166
40556,PS50920,174,263
40556,PS50920,276,364
3E7A9,PS51808,2,44
3E7A4,PS51808,10,54
01802,PS00105,283,296
88696,PS00381,141,152
88696,PS00382,163,176
47025,PS50082,394,436
47025,PS50294,394,714
47025,PS00678,414,428
47025,PS50082,437,478
47025,PS00678,456,470
47025,PS50082,498,537
47025,PS00678,579,593
47025,PS50082,579,601
47025,PS50082,602,636
47025,PS00678,619,633
47025,PS50082,683,714
91VA0,PS00455,219,230
87355,PS51374,33,169
87355,PS00469,143,151
9Y6E7,PS50305,37,314
46643,PS00105,274,287
8BGD8,PS51808,9,52
8LE47,PS51375,115,149
8LE47,PS51375,150,185
8LE47,PS51375,186,220
8LE47,PS51375,221,255
8LE47,PS51375,256,290
8LE47,PS51375,291,325
8LE47,PS51375,326,360
8LE47,PS51375,361,391
09769,PS51787,162,425
09769,PS51786,854,1040
09769,PS01046,943,951
18412,PS51718,83,364
7L8L6,PS51286,697,757
54098,PS00447,943,962
80983,PS00674,363,381
40941,PS50920,82,175
40941,PS50920,187,280
40941,PS50920,288,374
8JZU2,PS50920,23,111
8JZU2,PS50920,122,208
8JZU2,PS50920,218,303
66GT5,PS50054,37,188
66GT5,PS50056,109,177
66GT5,PS00383,130,140
42875,PS00178,22,31
8LB02,PS51085,51,140
8LB02,PS00197,101,109
8LB02,PS51379,183,213
8LB02,PS00198,193,204
9P7X9,PS50920,22,129
9P7X9,PS50920,134,227
9P7X9,PS50920,244,327
05809,PS51808,36,77
49447,PS50920,77,170
49447,PS50920,182,274
49447,PS50920,282,368
9BZJ4,PS50920,9,151
9BZJ4,PS50920,159,243
9BZJ4,PS50920,253,347
9P7V8,PS50920,21,105
9P7V8,PS50920,118,203
9P7V8,PS50920,219,303
10109,PS51085,67,171
10109,PS00814,106,116
6UPE1,PS51379,576,605
6UPE0,PS00623,130,153
6UPE0,PS00624,302,316
11181,PS50968,64,139
11181,PS00189,89,118
11181,PS51826,172,209
9NUT2,PS50929,150,437
9NUT2,PS50893,472,709
9NUT2,PS00211,612,626
07275,PS00687,316,323
07275,PS00070,344,355
96RR1,PS51199,384,635
50416,PS00439,171,186
50416,PS00440,451,478
36130,PS50082,315,357
36130,PS50294,315,564
36130,PS00678,335,349
36130,PS50082,358,400
36130,PS00678,378,392
36130,PS50082,420,459
36130,PS00678,502,516
36130,PS50082,502,524
36130,PS50082,525,564
36130,PS00678,542,556
23138,PS51007,10,111
9BPX6,PS50222,218,253
9BPX6,PS00018,231,243
9BPX6,PS50222,408,443
9BPX6,PS00018,421,433
31167,PS50920,78,171
31167,PS50920,183,276
31167,PS50920,284,370
94370,PS50920,14,95
94370,PS50920,102,185
94370,PS50920,190,274
6P1Q0,PS51758,186,360
8IYU8,PS50222,172,207
8IYU8,PS50222,236,262
8IYU8,PS50222,313,328
8IYU8,PS50222,362,397
9Y4W6,PS00674,447,465
06493,PS51758,177,371
53722,PS00142,121,130
8VYP0,PS51352,166,331
13809,PS51384,40,140
8TFH2,PS50920,18,103
8TFH2,PS50920,113,217
8TFH2,PS50920,224,313
42940,PS01065,166,186
75746,PS50222,86,121
75746,PS50222,157,192
75746,PS00018,170,182
75746,PS50920,324,416
75746,PS50920,424,508
75746,PS50920,516,604
2TA68,PS51718,285,561
9LSW8,PS01065,157,177
12184,PS51085,61,163
12184,PS00814,98,108
46681,PS51387,98,277
9Y7M7,PS50929,159,447
9Y7M7,PS50893,482,719
9Y7M7,PS00211,620,634
9NYY8,PS51286,634,691
78YY6,PS50076,94,147
38705,PS50862,156,433
07534,PS50920,8,87
07534,PS50920,115,199
07534,PS50920,221,305
84029,PS51007,6,107
9LPS1,PS51257,1,17
9LPS1,PS51748,35,494
10480,PS01070,139,147
39722,PS51423,3,185
39722,PS00675,8,21
39722,PS50222,201,236
39722,PS50222,330,365
39722,PS51423,446,611
29147,PS00061,195,223
86UT6,PS50837,160,294
9Y255,PS50904,2,174
32891,PS51387,146,327
32898,PS00178,237,248
9NTG7,PS50305,118,380
6C793,PS00480,344,356
12375,PS50920,11,97
12375,PS50920,105,196
12375,PS50920,211,292
14604,PS00166,131,151
33416,PS00870,231,243
33416,PS00871,567,585
07213,PS50005,99,132
07213,PS50293,99,165
07213,PS50005,133,165
07213,PS50005,363,396
07213,PS50293,363,575
07213,PS50005,397,430
07213,PS50005,465,498
07213,PS50005,542,575
10306,PS00480,363,375
19882,PS00296,427,438
8NC60,PS51721,202,503
8BXN7,PS51746,94,346
8BXN7,PS01032,122,130
86SX6,PS51354,42,145
03151,PS51721,42,228
3UN04,PS50235,68,502
3UN04,PS00972,69,84
3UN04,PS00973,436,453
70HW3,PS50920,4,77
70HW3,PS50920,86,168
70HW3,PS50920,177,265
53H12,PS50146,58,199
3UMR5,PS51257,1,32
96250,PS00153,307,320
8NE86,PS51257,1,33
03713,PS51503,5,96
9BUK6,PS00136,536,547
13844,PS50920,15,93
13844,PS50920,104,190
13844,PS50920,201,287
04181,PS00600,260,297
00711,PS00504,88,97
00508,PS00105,269,282
9P3U7,PS50850,9,456
9P3U7,PS00216,318,335
08067,PS51296,123,214
04013,PS50920,18,100
04013,PS50920,107,199
04013,PS50920,217,301
88561,PS00455,269,280
00890,PS00480,355,367
0QF01,PS00504,97,106
6P4F2,PS51085,68,170
6P4F2,PS00814,105,115
38825,PS50005,127,160
38825,PS50293,127,215
38825,PS50005,161,194
38825,PS50005,378,411
38825,PS50293,378,597
38825,PS50005,412,445
38825,PS50005,480,513
38825,PS50005,530,563
38825,PS50005,564,597
56XE8,PS51257,1,17
56XE8,PS51748,35,491
96RQ3,PS50979,48,494
96RQ3,PS50975,167,364
96RQ3,PS00867,333,340
96RQ3,PS50968,643,715
96RQ3,PS00188,671,688
36078,PS51266,10,94
93834,PS51748,35,487
93834,PS00378,172,197
9ZNT1,PS51384,45,149
08959,PS51704,2,251
5JTJ3,PS51808,55,98
8CD10,PS50222,169,204
8CD10,PS50222,243,259
8CD10,PS50222,310,325
8CD10,PS50222,359,394
39987,PS00297,32,39
39987,PS00329,216,229
39987,PS01036,357,371
9BRQ6,PS51808,194,235
0WQF7,PS50968,85,161
0WQF7,PS00189,110,139
0WQF7,PS50968,212,288
0WQF7,PS00189,237,266
0WQF7,PS51826,330,367
8CGK3,PS51787,112,359
8CGK3,PS51786,748,938
8CGK3,PS01046,841,849
9Y276,PS00674,325,343
9FKS5,PS51007,90,197
08074,PS00061,136,164
8VZI8,PS00674,467,485
09669,PS00913,216,244
09669,PS00060,303,323
13920,PS51758,217,410
9FNK4,PS00600,262,299
9C6I6,PS00696,303,329
6Q0C1,PS50920,1,80
6Q0C1,PS50920,93,206
6Q0C1,PS50920,215,302
39112,PS01175,821,845
02776,PS50969,187,330
49448,PS00074,177,190
8N3J5,PS51746,94,346
8N3J5,PS01032,122,130
9Y5T4,PS50076,96,149
10361,PS00814,541,551
36064,PS51808,39,82
8BJ64,PS00623,127,150
8BJ64,PS00624,299,313
6CE48,PS01215,172,188
3ZUA0,PS00767,314,322
8R0Z5,PS50920,70,158
8R0Z5,PS50920,168,252
8R0Z5,PS50920,263,352
08822,PS51379,591,620
12234,PS50920,63,147
12234,PS50920,160,244
12234,PS50920,261,339
9M7T0,PS51352,37,201
9M0V0,PS51085,79,184
9M0V0,PS00814,118,128
9M0G9,PS50929,111,402
9M0G9,PS50893,439,673
9M0G9,PS00211,576,590
94445,PS51192,166,283
94445,PS51194,326,486
35999,PS00142,555,564
95140,PS51718,93,342
9M7Z1,PS50968,73,150
9M7Z1,PS00189,100,129
9M7Z1,PS51826,183,220
01519,PS51808,24,67
02772,PS51808,18,64
08425,PS50862,151,370
08425,PS51447,372,469
25646,PS51746,29,411
32191,PS00977,73,90
32191,PS00978,459,469
8R107,PS50904,2,174
9JK42,PS50109,242,364
8IXI1,PS51423,2,168
8IXI1,PS50222,184,219
8IXI1,PS50222,304,339
8IXI1,PS00018,317,329
8IXI1,PS51423,414,576
8IXI2,PS51423,2,168
8IXI2,PS50222,184,219
8IXI2,PS00018,197,209
8IXI2,PS50222,304,339
8IXI2,PS51423,416,579
38909,PS51384,63,184
14296-4,PS51286,443,501
12511,PS51746,153,543
12511,PS01032,192,200
12007,PS00072,164,176
12007,PS00073,378,397
18886,PS00439,49,64
18886,PS00440,350,377
07914,PS50076,112,168
874C1,PS50969,244,387
29117,PS50072,48,204
29117,PS00170,89,106
53153,PS50830,53,261
53848,PS00794,385,396
53848,PS50972,504,814
53848,PS00792,506,521
53848,PS00793,546,559
87320,PS51718,260,531
87320,PS00410,289,298
87320,PS51388,805,898
92843,PS01260,9,29
92843,PS50063,10,27
92843,PS50062,46,146
92843,PS01080,85,104
92843,PS01258,137,148
9NGX9,PS00086,427,436
27539,PS00381,112,123
27539,PS00382,134,147
7KUT2,PS51787,94,411
7KUT2,PS51786,800,992
7KUT2,PS01046,895,903
9CR58,PS50920,7,96
9CR58,PS50920,104,189
9CR58,PS50920,198,289
9BEA2,PS00455,223,234
8R4Z9,PS51718,72,321
60313,PS51718,285,561
59680,PS51007,89,259
3ZBF6,PS00072,153,165
3ZBF6,PS00073,365,384
37932,PS00142,555,564
8N8R3,PS50920,2,86
8N8R3,PS50920,90,178
8N8R3,PS50920,185,275
9LKA3,PS00068,174,186
48813,PS00218,178,209
40530,PS50109,126,386
04837,PS50935,30,141
8LBZ7,PS51085,52,141
8LBZ7,PS00197,102,110
8LBZ7,PS51379,184,214
8LBZ7,PS00198,194,205
53142,PS50850,31,483
9VUF8,PS00086,481,490
10439,PS00491,403,415
93XM7,PS50920,2,93
93XM7,PS50920,102,201
93XM7,PS50920,211,298
64764,PS51352,89,194
8N4Q1,PS51808,61,105
9UIJ7,PS00113,87,98
75Q39,PS50005,116,149
75Q39,PS50293,116,580
75Q39,PS50005,155,188
75Q39,PS50005,331,364
75Q39,PS50005,369,402
75Q39,PS50005,403,436
75Q39,PS50005,478,511
75Q39,PS50005,547,580
64536,PS50109,242,364
641Y2,PS00535,116,127
05165,PS50979,62,509
05165,PS50975,181,378
05165,PS00866,214,228
05165,PS00867,347,354
05165,PS50968,653,728
05165,PS00188,684,701
9WVJ4,PS50106,13,100
9VAY3,PS50920,12,98
9VAY3,PS50920,105,189
9VAY3,PS50920,196,281
33310,PS50929,105,398
33310,PS50893,432,673
33310,PS00211,574,588
33311,PS50929,120,413
33311,PS50893,446,686
33311,PS00211,586,600
84WU8,PS00674,461,479
59674,PS50920,15,97
59674,PS50920,102,205
59674,PS50920,212,292
94502,PS50920,125,216
94502,PS50920,226,315
94502,PS50920,334,422
9LK29,PS51007,90,246
51970,PS51808,33,74
51970,PS51808,75,118
9P6P9,PS50109,290,418
86XF0,PS51330,4,185
14286,PS50929,122,409
14286,PS50893,443,679
14286,PS00211,580,594
94320,PS00105,281,294
00746,PS51374,38,174
00746,PS00469,148,156
17505,PS00068,164,176
9H2V7,PS50850,61,489
15118,PS50109,270,393
12482,PS50920,528,614
12482,PS50920,622,710
12482,PS50920,725,813
05776,PS50904,2,172
57YZ9,PS50305,1,301
27144,PS00113,85,96
00175,PS50255,88,165
00175,PS00191,119,126
00175,PS51349,197,563
00175,PS00557,451,457
6PI48,PS50862,187,618
26364,PS00113,99,110
383Q5,PS51476,19,191
9SS48,PS00977,79,96
9SS48,PS00978,436,446
16036,PS50920,57,141
16036,PS50920,154,238
16036,PS50920,255,333
38891,PS00770,254,289
0LGJ1,PS51450,112,134
0LGJ1,PS51450,136,160
0LGJ1,PS51450,277,299
0LGJ1,PS51450,301,324
0LGJ1,PS51450,325,347
0LGJ1,PS51450,374,396
0LGJ1,PS51450,398,420
0LGJ1,PS51450,422,444
0LGJ1,PS51450,446,468
0LGJ1,PS51450,595,617
0LGJ1,PS51450,618,640
0LGJ1,PS51450,642,665
0LGJ1,PS50011,814,1095
0LGJ1,PS00107,820,843
0LGJ1,PS00108,937,949
42844,PS51501,64,159
02337,PS00061,195,223
12695,PS50968,34,110
12695,PS00189,59,88
12695,PS51826,175,212
9JJG9,PS51721,203,504
38860,PS51883,89,339
38860,PS51710,340,512
9FUT3,PS50929,104,400
9FUT3,PS50893,437,671
9FUT3,PS00211,574,588
06143,PS50920,11,95
06143,PS50920,103,195
06143,PS50920,205,289
96I59,PS50862,156,467
82663,PS00504,85,94
9JHS4,PS51902,94,147
924S5,PS51787,112,360
924S5,PS51786,749,939
924S5,PS01046,842,850
49017,PS51608,62,306
49017,PS01183,78,93
49017,PS01184,215,229
00348,PS00067,213,237
04083,PS51257,1,29
32795,PS00674,417,435
2VD13,PS51375,124,160
2VD13,PS51375,161,195
2VD13,PS51375,196,234
2VD13,PS51375,235,269
2VD13,PS51375,270,306
2VD13,PS51375,508,542
2VD13,PS51375,575,609
02784,PS51354,35,140
40035,PS51257,1,29
40035,PS50920,16,100
40035,PS50920,107,193
40035,PS50920,209,293
9ZPX5,PS00504,83,92
9M1D3,PS00480,343,355
75127,PS51375,135,171
75127,PS51375,172,206
75127,PS51375,207,245
75127,PS51375,246,280
75127,PS51375,281,317
75127,PS51375,519,553
75127,PS51375,586,620
9FLD5,PS00674,365,383
36013,PS00331,351,367
40341,PS00674,488,506
83483,PS00152,423,432
83484,PS00152,423,432
39925,PS00674,429,447
95202,PS51758,252,537
95202,PS50222,663,698
95202,PS00018,676,688
9FMU6,PS50920,76,160
9FMU6,PS50920,173,257
9FMU6,PS50920,274,353
39102,PS50076,9,77
39102,PS00636,54,73
39102,PS51188,146,240
9LVM1,PS50929,144,445
9LVM1,PS50893,479,713
9LVM1,PS00211,616,630
05931,PS00297,33,40
05931,PS00329,232,245
05931,PS01036,373,387
9UQX0,PS00088,181,188
9P974,PS00113,99,110
2GV06,PS01273,55,70
2GV06,PS01274,341,349
93648,PS51787,89,300
93648,PS51786,773,957
93648,PS01046,860,868
54861,PS51718,25,333
54861,PS00410,54,63
54861,PS51388,670,757
32198,PS00439,171,186
32198,PS00440,451,478
944H5,PS50920,59,193
944H5,PS50920,205,305
944H5,PS00213,268,281
944H5,PS50920,318,406
8BL03,PS50920,2,86
8BL03,PS50920,90,178
8BL03,PS50920,190,275
9JIX9,PS51286,439,497
9HGM3,PS00674,436,454
35465,PS50059,110,194
35465,PS50005,262,295
35465,PS50293,262,329
35465,PS50005,296,329
08760,PS00113,87,98
07540,PS50810,66,174
07540,PS01344,120,134
70584,PS00072,175,187
70584,PS00073,387,406
3B7D0,PS01021,305,329
5M729,PS50968,111,187
5M729,PS00189,136,165
5M729,PS51826,248,285
9BT17,PS51721,36,209
9UTB1,PS51503,12,103
9UTB2,PS00396,28,45
9UTB2,PS50862,308,463
93655,PS51787,100,309
93655,PS51786,751,935
93655,PS01046,838,846
14092,PS00599,374,383
9YHT2,PS51085,50,143
9YHT2,PS00197,103,111
9YHT2,PS51379,186,216
9YHT2,PS00198,196,207
58281,PS51718,285,561
8RWN9,PS50968,111,187
8RWN9,PS00189,136,165
8RWN9,PS51826,248,285
5HYK3,PS51608,63,326
5HYK3,PS01183,79,94
5HYK3,PS01184,234,248
25719,PS50072,25,181
25719,PS00170,66,83
8WLE0,PS50067,16,363
8WLE0,PS00411,258,269
14874,PS50109,269,404
42834,PS50076,85,146
42834,PS00163,122,131
60168,PS50830,55,216
74439,PS50920,10,101
74439,PS50920,119,199
74439,PS50920,212,294
12031,PS00161,236,241
40185,PS01094,119,137
14318,PS50059,120,204
14318,PS50005,272,305
14318,PS50293,272,339
14318,PS50005,306,339
04803,PS00178,43,52
96A46,PS50920,70,158
96A46,PS50920,168,252
96A46,PS50920,259,352
9BW72,PS51503,20,106
38988,PS50920,8,108
38988,PS50920,117,198
38988,PS50920,208,293
30405,PS50072,49,205
30405,PS00170,90,107
12287,PS51808,23,65
40416,PS50929,112,401
40416,PS50893,436,672
40416,PS00211,573,587
40416,PS00014,687,690
4J2K2,PS01012,232,247
38297,PS51718,184,467
287T7,PS50920,31,119
287T7,PS50920,129,213
287T7,PS50920,220,314
8R500,PS51718,93,342
5ZLR5,PS51296,172,270
8N4T8,PS00061,135,163
68CK6,PS00455,218,229
8R216,PS50305,34,323
20115,PS00480,351,363
9M5K3,PS00076,79,89
9M5K2,PS00076,79,89
5PQQ5,PS51758,220,440
32580,PS51192,226,365
32580,PS51194,390,546
45880,PS00558,236,258
36775,PS51787,182,480
36775,PS51786,923,1109
36775,PS01046,1012,1020
36776,PS51787,124,370
36776,PS51786,759,949
36776,PS01046,852,860
70CQ3,PS50235,68,502
70CQ3,PS00972,69,84
70CQ3,PS00973,436,453
81235,PS00088,192,199
9ZP06,PS00068,174,186
07257,PS00143,37,59
9YHT1,PS00504,98,107
39055,PS51918,69,290
39055,PS01305,81,92
9UJS0,PS50222,87,122
9UJS0,PS50222,158,193
9UJS0,PS50920,326,418
9UJS0,PS50920,426,510
9UJS0,PS50920,518,606
09950,PS00599,334,343
21443,PS51842,45,387
21443,PS51841,435,550
8MQY1,PS51005,4,154
8VYJ2,PS51742,167,309
95251,PS51802,176,219
95251,PS51726,332,607
9Y2U8,PS50954,6,50
9C0Z1,PS00463,10,38
9C0Z1,PS50048,10,40
8RWL4,PS01031,233,349
82289,PS50918,77,152
82289,PS51059,245,463
82289,PS51879,497,568
90972,PS50089,240,282
90972,PS01186,264,278
68FY1,PS51472,169,249
63623,PS51391,1,139
63623,PS50102,477,551
9D666,PS51469,751,912
6NLQ6,PS50011,63,321
6NLQ6,PS00107,69,96
6NLQ6,PS00108,183,195
6NLQ6,PS50222,364,399
6NLQ6,PS50222,400,435
6NLQ6,PS00018,413,425
6NLQ6,PS50222,436,470
6NLQ6,PS00018,449,461
6NLQ6,PS50222,471,506
6NLQ6,PS00018,484,496
8L773,PS50102,88,165
49793,PS51434,738,880
49792,PS50293,26,128
49792,PS50005,60,93
49792,PS50196,1171,1307
49792,PS50199,1351,1381
49792,PS01358,1356,1375
49792,PS50199,1415,1444
49792,PS01358,1419,1438
49792,PS50199,1479,1508
49792,PS01358,1483,1502
49792,PS50199,1543,1572
49792,PS01358,1547,1566
49792,PS50199,1606,1635
49792,PS01358,1610,1629
49792,PS50199,1665,1694
49792,PS01358,1669,1688
49792,PS50199,1724,1753
49792,PS01358,1728,1747
49792,PS50199,1781,1810
49792,PS01358,1785,1804
49792,PS50196,2012,2148
49792,PS50196,2309,2445
49792,PS50196,2911,3046
49792,PS50072,3067,3223
49792,PS00170,3108,3125
15084,PS50297,7,991
15084,PS50088,40,72
15084,PS50088,73,105
15084,PS50088,106,138
15084,PS50088,139,171
15084,PS50088,172,204
15084,PS50088,205,237
15084,PS50088,238,270
15084,PS50088,271,304
15084,PS50088,305,337
15084,PS50088,338,370
15084,PS50088,371,403
15084,PS50088,404,436
15084,PS50088,437,469
15084,PS50088,470,503
15084,PS50088,549,581
15084,PS50088,582,614
15084,PS50088,616,648
15084,PS50088,652,684
15084,PS50088,685,717
15084,PS50088,718,750
15084,PS50088,755,777
15084,PS50088,822,854
15084,PS50088,855,888
15084,PS50088,925,957
54HI5,PS51842,132,515
54HI5,PS51841,575,698
8VHV7,PS50102,11,90
8VHV7,PS50102,111,188
8VHV7,PS50102,289,364
82166,PS51742,102,238
93ZV7,PS50961,4,108
93ZV7,PS50102,116,193
93ZV7,PS51939,298,419
9Y2K7,PS51184,148,316
9Y2K7,PS51058,564,610
9Y2K7,PS00197,577,585
9Y2K7,PS50016,617,678
9Y2K7,PS01359,620,675
89105,PS50005,56,89
89105,PS50293,56,89
89105,PS50005,183,216
89105,PS50293,183,251
89105,PS50005,218,251
89105,PS50005,338,371
89105,PS50293,338,405
89105,PS50005,462,495
89105,PS50293,462,534
89105,PS50005,664,697
89105,PS50293,680,731
89105,PS50005,731,764
89105,PS50293,731,801
89105,PS50005,768,801
558Z2,PS51469,662,860
558Z2,PS00014,902,905
20484,PS50082,48,87
20484,PS50294,48,186
20484,PS50082,145,186
20484,PS00678,164,178
20484,PS50082,296,339
20484,PS50294,296,339
20484,PS00678,317,331
9M548,PS50030,109,150
9M548,PS50030,190,225
9M548,PS51680,295,626
9NVV9,PS50950,1,81
8N205,PS51049,347,404
9Y4E5,PS50157,169,200
9Y4E5,PS00028,171,195
9Y4E5,PS00028,255,277
9Y4E5,PS50157,315,337
9Y4E5,PS00028,317,337
9Y4E5,PS00028,364,386
9Y4E5,PS50157,498,526
9Y4E5,PS00028,500,521
9Y4E5,PS50157,531,559
9Y4E5,PS00028,533,554
9Y4E5,PS50157,636,664
9Y4E5,PS00028,638,659
9Y4E5,PS00028,669,690
9Y4E5,PS00028,791,812
9UKX7,PS50196,348,468
01106,PS50888,354,406
92964,PS50102,2,74
92964,PS50102,93,164
94F30,PS50600,288,459
9XTB5,PS50954,1,45
6DVA0,PS50954,1,42
15504,PS50103,1,25
9ZVD5,PS50821,292,408
9ZVD5,PS50822,577,885
07666,PS50084,171,197
9M126,PS51005,4,153
15381-2,PS00674,298,316
15381-2,PS00674,612,630
9D992,PS00133,89,99
9ERI5,PS51184,141,305
8N6T7,PS50305,27,272
60131,PS00463,17,44
60131,PS50048,17,46
8CII8,PS51049,331,388
9ZVW2,PS51192,90,246
9ZVW2,PS51194,323,524
640Z6,PS00152,157,166
640Z6,PS50199,655,684
640Z6,PS01358,659,678
640Z6,PS50199,720,749
640Z6,PS01358,724,743
640Z6,PS50199,790,819
640Z6,PS01358,794,813
640Z6,PS50199,842,871
640Z6,PS01358,846,865
640Z6,PS50199,906,935
640Z6,PS01358,910,929
9NXV6,PS51827,19,133
9NXV6,PS50137,462,537
9C811,PS00616,1113,1127
6ISB3,PS51968,244,482
55035,PS50072,11,176
55035,PS00170,60,77
8NCN4,PS50089,68,107
8NCN4,PS00518,83,92
6NZQ4,PS50172,8,93
6NZQ4,PS50172,94,183
6NZQ4,PS50172,588,681
6NZQ4,PS50172,698,759
6NZQ4,PS50172,853,934
96RU2,PS50235,162,650
96RU2,PS00972,163,178
96RU2,PS00973,584,601
96RU2,PS00867,953,960
05205,PS50013,24,82
05205,PS00598,41,61
05205,PS50013,147,205
9GZL7,PS50294,97,422
9GZL7,PS50082,136,171
9GZL7,PS50082,185,217
9GZL7,PS50082,253,293
9GZL7,PS00678,271,285
9GZL7,PS50082,303,325
9GZL7,PS50082,338,374
9GZL7,PS00678,358,372
09053,PS51192,522,688
09053,PS51194,713,866
09053,PS50967,1115,1194
25490,PS50157,296,320
25490,PS00028,298,320
25490,PS50157,325,352
25490,PS00028,327,347
25490,PS50157,353,382
25490,PS00028,355,377
25490,PS50157,383,412
25490,PS00028,385,407
5T200,PS50103,36,64
11387,PS52038,432,765
11387,PS00176,710,728
62376,PS50102,103,181
75400,PS50020,140,173
75400,PS01159,146,171
75400,PS50020,186,214
75400,PS01159,187,212
75400,PS51676,393,447
75400,PS51676,460,514
75400,PS51676,527,587
75400,PS51676,607,667
75400,PS51676,672,727
75400,PS51676,742,799
9BDK6,PS00390,87,107
9BDK6,PS00391,215,230
9LY75,PS50072,10,174
9LY75,PS00170,59,76
9LW88,PS50196,309,438
01971,PS50954,1,44
8NC56,PS50954,1,42
12024,PS50082,99,133
12024,PS50294,99,413
12024,PS00678,118,132
12024,PS50082,140,180
12024,PS50082,204,235
12024,PS50082,283,325
12024,PS50082,371,413
12024,PS00678,391,405
8TBF4,PS50102,10,88
8TBF4,PS50158,106,122
52948,PS51434,738,880
94EH8,PS50102,107,184
04660,PS50082,433,474
04660,PS50294,433,474
04660,PS00678,452,466
04660,PS50294,662,807
04660,PS50082,786,807
8NFH5,PS51472,170,250
14191,PS51192,558,724
14191,PS51194,749,899
14191,PS50967,1150,1229
9SEE9,PS50102,98,176
02545,PS51842,31,387
02545,PS00226,373,381
02545,PS51841,428,545
9FN02,PS00125,142,147
13427,PS50072,11,176
13427,PS00170,60,77
42285,PS51192,148,304
42285,PS51194,405,577
794E4,PS50102,11,90
794E4,PS50102,111,188
794E4,PS50102,289,366
8K5C0,PS51968,244,482
9LXL9,PS51005,14,156
6NQ72,PS50102,93,170
8GUI6,PS51183,56,97
8GUI6,PS51184,263,429
8GUI6,PS51542,726,784
8GUI6,PS51543,786,876
94436,PS51037,1,137
54252,PS50957,1,180
54252,PS50330,224,243
54252,PS50330,244,263
75N03,PS50089,109,149
75N03,PS00518,125,134
8RY59,PS50918,64,153
8RY59,PS51059,248,469
8RY59,PS51879,501,572
9JJF3,PS51184,256,401
8VBV4,PS50181,200,246
8VBV4,PS50294,298,581
8VBV4,PS50082,313,338
8VBV4,PS50082,339,378
8VBV4,PS00678,356,370
8VBV4,PS50082,379,418
8VBV4,PS00678,396,410
8VBV4,PS50082,419,458
8VBV4,PS50082,459,498
8VBV4,PS00678,476,490
8VBV4,PS50082,499,538
8VBV4,PS00678,516,530
8VBV4,PS50082,542,581
8VBV4,PS00678,559,573
7L014,PS51195,372,400
7L014,PS51192,403,581
7L014,PS00039,527,535
7L014,PS51194,592,753
5M775-4,PS50021,881,986
19972,PS50013,87,147
14137,PS50082,409,450
14137,PS50294,409,450
14137,PS00678,428,442
14137,PS50294,575,746
14137,PS50082,659,689
53261,PS50172,355,449
84JE8,PS50064,50,132
84JE8,PS50064,165,247
84JE8,PS50064,328,410
6DID3,PS51391,1,139
6DID3,PS50102,477,551
62826,PS50102,70,148
62826,PS50102,164,241
62826,PS50102,613,689
9FJJ3,PS51059,30,248
9FJJ3,PS51879,238,309
6RHR6,PS51201,348,489
6RHR6,PS51201,608,757
9DBY8,PS00674,403,421
9DBY8,PS00674,717,735
9NR30,PS51195,186,214
9NR30,PS51192,217,396
9NR30,PS51194,429,573
42404,PS50102,138,216
6NZY4,PS50158,229,243
53064,PS51360,238,370
4G0J3,PS50961,28,122
4G0J3,PS50102,125,188
4G0J3,PS51939,450,563
08587,PS50196,347,467
64279,PS50888,94,146
9W261,PS51360,428,559
9FFK8,PS01359,87,151
9FFK8,PS00197,206,214
9FFK8,PS00197,312,320
2QII6,PS50293,26,93
2QII6,PS50005,60,93
2QII6,PS50196,1171,1307
2QII6,PS50199,1351,1381
2QII6,PS01358,1356,1375
2QII6,PS50199,1415,1444
2QII6,PS01358,1419,1438
2QII6,PS50199,1479,1508
2QII6,PS01358,1483,1502
2QII6,PS50199,1543,1572
2QII6,PS01358,1547,1566
2QII6,PS50199,1606,1635
2QII6,PS01358,1610,1629
2QII6,PS50199,1665,1694
2QII6,PS01358,1669,1688
2QII6,PS50199,1724,1753
2QII6,PS01358,1728,1747
2QII6,PS50199,1781,1810
2QII6,PS01358,1785,1804
2QII6,PS50196,2012,2148
2QII6,PS50196,2309,2445
2QII6,PS50196,2911,3046
2QII6,PS50072,3067,3223
2QII6,PS00170,3108,3125
9DF36,PS51195,221,249
9DF36,PS51192,252,431
9DF36,PS51194,464,620
9DF35,PS51195,179,207
9DF35,PS51192,210,389
9DF35,PS51194,422,566
9C829,PS50196,291,410
01130,PS50102,14,92
94569,PS00463,10,38
94569,PS50048,10,40
8RWN0,PS50600,331,523
0WVE8,PS50967,334,414
8L719,PS50102,108,185
60164,PS50172,348,441
5H8A6,PS51201,320,461
5H8A6,PS51201,580,752
5H8A5,PS51201,383,524
5H8A5,PS51201,643,792
21279,PS51882,38,359
60749,PS50084,171,197
9DA32,PS51469,203,362
9UAS6,PS51614,109,321
94573,PS00463,7,34
94573,PS50048,7,36
94667,PS51360,214,345
15397,PS50303,137,510
15397,PS50302,164,200
15397,PS50302,201,236
15397,PS50302,350,385
15397,PS50302,424,460
15397,PS50302,493,531
80TN7,PS50021,77,184
38996,PS50102,330,401
2KZB2,PS50088,221,246
2KZB2,PS50297,221,263
8LLD0,PS51434,51,187
8LLD0,PS00018,221,233
74399,PS50082,379,420
74399,PS50294,379,420
74399,PS00678,398,412
74399,PS50294,569,740
74399,PS50082,653,684
5XG73,PS51228,44,133
5XG73,PS00880,66,84
86WA8,PS51787,13,222
86WA8,PS51786,651,837
86WA8,PS01046,740,748
4R8D7,PS51228,5,103
92968,PS50002,272,336
04842,PS00623,87,110
9MA90,PS50920,5,94
9MA90,PS50920,104,184
9MA90,PS50920,202,298
84JW1,PS00068,1,13
42564,PS00436,31,42
42564,PS50873,31,287
42564,PS00435,152,162
06850,PS50011,150,408
06850,PS00107,156,183
06850,PS00108,270,282
06850,PS50222,451,486
06850,PS00018,464,476
06850,PS50222,487,522
06850,PS00018,500,512
06850,PS50222,523,558
06850,PS00018,536,548
06850,PS50222,561,592
06850,PS00018,570,582
8S3J3,PS00653,44,58
9SYU4,PS50089,327,365
9SYU4,PS00518,342,351
04200,PS50920,2,91
04200,PS50920,109,216
04200,PS50920,229,320
3MIB4,PS51787,13,222
3MIB4,PS51786,651,837
3MIB4,PS01046,740,748
8LPS1,PS00455,266,277
00922,PS00623,87,110
00922,PS00624,268,282
8VZS0,PS50920,7,96
8VZS0,PS50920,106,186
8VZS0,PS50920,204,300
9CA86,PS50089,277,318
9CA86,PS00518,293,302
06497,PS50920,1,101
06497,PS50920,122,208
06497,PS50920,220,304
6ZJZ9,PS50920,5,94
6ZJZ9,PS50920,104,184
6ZJZ9,PS50920,202,296
9SEK3,PS51748,35,487
9T0H9,PS01214,157,166
56274,PS00196,77,91
8W4I6,PS51721,273,457
9LIK0,PS00110,339,351
8LD49,PS51352,20,177
9SI61,PS51278,91,311
9SI61,PS00103,432,444
4J264,PS00041,107,151
94B60,PS00382,172,185
8W585,PS00674,359,377
8W585,PS00142,478,487
9SF38,PS51375,152,186
9SF38,PS51375,235,269
9SF38,PS51375,270,304
9SF38,PS51375,305,339
9SF38,PS51375,413,443
9SF38,PS51375,451,485
9SF38,PS51375,486,521
9SF38,PS51375,522,556
9SF38,PS51375,557,587
9SF38,PS51375,593,627
9SF38,PS51375,628,658
9SF38,PS51375,682,716
9SRY4,PS50005,75,108
9SRY4,PS50293,75,145
9FH02,PS00674,389,407
25857,PS00071,233,240
1PDW5,PS00674,363,381
1PDW5,PS00142,482,491
38885,PS00755,193,212
38885,PS00756,285,302
93ZB2,PS00086,447,456
9AT00,PS00152,16,25
9AT00,PS50893,85,336
9AT00,PS00211,220,234
9LXC9,PS00387,173,179
8RWG1,PS50011,236,567
2WL32,PS00082,336,354
23680,PS51720,34,258
9M1X2,PS00589,99,114
9C9P4,PS52004,129,539
9C9P4,PS00606,283,299
13133,PS00196,77,91
48737,PS51352,67,179
48737,PS00194,96,114
43157,PS01085,91,105
43157,PS01086,195,217
9STG9,PS51278,87,307
9STG9,PS00103,428,440
9S7N7,PS01026,126,143
9M5P4,PS01195,74,87
9SEU7,PS51352,47,173
9SEU7,PS00194,88,106
9SEU6,PS51352,72,192
9SEU6,PS00194,108,126
9C5J8,PS51779,314,396
9SQI8,PS50968,55,133
9SQI8,PS00189,80,109
9SQI8,PS51826,187,224
9SQI8,PS00237,397,413
39249,PS00213,206,219
9CAP8,PS00455,250,261
8RY46,PS50929,140,421
8RY46,PS50893,455,694
8RY46,PS00211,593,607
9LJE4,PS00296,455,466
9FYC2,PS51296,88,200
9FGC7,PS50006,558,612
17745,PS51722,77,281
17745,PS00301,118,133
8L7S9,PS51352,46,164
8L7S9,PS00194,80,98
9DFX7,PS50846,76,146
9DFX7,PS00154,548,554
93Z53,PS00110,309,321
45951,PS50800,97,131
45951,PS51435,276,536
45951,PS00726,306,315
45951,PS00727,470,485
45951,PS00728,495,506
9C5D0,PS51371,83,145
9C5D0,PS51371,177,234
9SXJ7,PS51903,115,257
9SXJ7,PS00870,410,422
9SXJ7,PS50151,532,567
9SXJ7,PS00871,692,710
52410,PS52004,60,470
52410,PS00606,215,231
8GX78,PS50850,134,538
944G9,PS00158,259,269
8MS68,PS00076,121,131
9FIM2,PS00674,469,487
18068,PS00196,123,138
7XJR2,PS50850,101,509
21240,PS00296,459,470
80860,PS00674,366,384
80860,PS00142,485,494
42529,PS00167,95,108
82390,PS50850,105,509
82390,PS00032,364,369
8VZT6,PS51352,66,191
8LEU3,PS00061,220,248
4KF14,PS00674,457,475
38786,PS00653,78,92
9SMS0,PS50076,106,172
9SMS0,PS00636,149,168
9XIK3,PS01152,159,176
65023,PS50920,85,177
65023,PS50920,185,268
65023,PS50920,275,359
9M024,PS50920,113,205
9M024,PS50920,213,296
9M024,PS50920,307,387
9LD43,PS50989,132,385
9ZP27,PS00653,79,93
9M001,PS01315,355,381
9SK50,PS51296,88,193
12113,PS00153,342,355
9S713,PS50011,134,452
9S713,PS00107,140,167
9S713,PS00108,275,287
37272,PS01044,251,266
37272,PS01045,287,312
9LVY0,PS00745,325,341
9LZB8,PS50929,81,362
9LZB8,PS50893,396,633
9LZB8,PS00211,536,550
9FI56,PS51903,95,237
9FI56,PS00870,389,401
9FI56,PS50151,511,546
9FI56,PS00871,671,689
9SEU8,PS51352,45,186
9SEU8,PS00194,102,120
9SJU4,PS00158,260,270
42762,PS51903,80,233
42762,PS00870,408,420
42762,PS00871,690,708
9MA15,PS50011,216,546
84ST4,PS00061,215,243
9ZU52,PS00158,252,262
8LEK4,PS51352,68,202
8LEK4,PS00194,117,135
8W593,PS51819,88,212
8W593,PS00934,91,112
8W593,PS51819,218,342
8W593,PS00934,221,242
39102,PS00674,401,419
93Y07,PS00572,425,433
9FYB5,PS50076,65,133
93VK5,PS00086,509,518
9SZC9,PS50846,148,222
9SZC9,PS01047,154,183
9SZC9,PS00154,598,604
6NPF9,PS51352,5,169
6NPF9,PS00194,85,103
22265,PS50297,152,234
22265,PS50088,159,191
22265,PS50088,193,225
22265,PS50013,320,373
00300,PS00196,76,91
7XA87,PS50920,4,94
7XA87,PS50920,104,192
7XA87,PS50920,213,299
22832,PS00574,321,340
48529,PS00125,108,113
48528,PS00125,108,113
8RWG2,PS50293,168,511
8RWG2,PS50005,305,338
8RWG2,PS50005,339,372
8RWG2,PS50005,407,440
8RWG2,PS50005,441,474
8RWG2,PS50005,478,511
8GT74,PS50089,196,238
8GZR2,PS51010,149,496
49931,PS51296,103,208
42804,PS00747,193,216
6TBX7,PS00086,480,489
94BU1,PS50011,189,523
84V18,PS50011,139,482
84V18,PS00107,145,172
84V18,PS00108,298,310
38906,PS51720,36,260
34791,PS50072,98,255
34791,PS00170,139,156
9ZWM5,PS51296,305,406
9ZWM5,PS00570,346,368
9SN86,PS00068,227,239
9FYT6,PS51295,168,265
9FYT6,PS51295,350,447
9FYT6,PS51295,562,662
26956,PS00196,123,138
949U7,PS51352,73,234
9PSN1,PS00272,41,62
9PSN6,PS00272,40,58
15226,PS51863,21,82
01972,PS51767,87,394
01972,PS00141,100,111
01972,PS00141,282,293
84810,PS51863,24,87
86AV4,PS50842,45,145
01420,PS00272,39,57
84651,PS00118,43,50
84651,PS00119,85,95
07713,PS51362,469,588
07713,PS00250,505,520
2A0L7,PS50853,250,355
2A0L7,PS50853,359,449
2A0L7,PS50853,453,545
2A0L7,PS50853,549,642
2A0L7,PS50853,645,742
2A0L5,PS51910,20,380
2A0L5,PS01095,133,141
2A0L4,PS51910,22,381
2A0L4,PS01095,135,143
2A0L3,PS50026,21,55
2A0L3,PS00022,43,54
2A0L3,PS01186,43,54
2A0L3,PS50026,61,93
2A0L3,PS00022,81,92
2A0L2,PS00022,40,51
2A0L2,PS50026,60,92
2A0L2,PS00022,80,91
2A0L2,PS51034,99,342
2A0L1,PS00497,154,171
2A0L1,PS00498,315,326
2A0L0,PS00497,155,172
2A0L0,PS00498,309,320
29717,PS00659,223,232
2A0L8,PS50853,131,236
2A0L8,PS50853,240,330
2A0L8,PS50853,334,430
2A0L8,PS50853,431,524
2A0L8,PS50853,527,624
29060,PS51910,23,291
29060,PS01095,141,149
0CT48,PS51761,40,230
0CT48,PS00776,123,133
0CT48,PS00777,214,225
02767,PS00768,35,50
02767,PS00769,125,137
01494,PS51863,20,85
9BPH1,PS00118,50,57
91850,PS01158,55,69
5EF78,PS51257,1,16
5EF78,PS00430,1,43
6EVG7,PS00263,153,169
3JXM1,PS01138,36,58
60237,PS00272,41,59
27731,PS00768,38,53
27731,PS00769,128,140
01014,PS00284,361,371
01012,PS00284,359,369
8N2S1,PS50026,149,181
8N2S1,PS00022,169,180
8N2S1,PS51364,287,327
8N2S1,PS01187,357,381
8N2S1,PS50026,357,393
8N2S1,PS00010,372,383
8N2S1,PS01186,381,396
8N2S1,PS51364,407,459
8N2S1,PS01186,570,585
8N2S1,PS01187,587,612
8N2S1,PS50026,587,628
8N2S1,PS00010,603,614
8N2S1,PS01186,612,627
8N2S1,PS01187,629,654
8N2S1,PS50026,629,670
8N2S1,PS00010,645,656
8N2S1,PS01186,654,669
8N2S1,PS01187,671,696
8N2S1,PS50026,671,708
8N2S1,PS00010,687,698
8N2S1,PS00022,696,707
8N2S1,PS01186,696,707
8N2S1,PS01187,710,735
8N2S1,PS50026,710,747
8N2S1,PS00010,726,737
8N2S1,PS01186,735,750
8N2S1,PS01187,752,777
8N2S1,PS50026,752,793
8N2S1,PS00010,768,779
8N2S1,PS01186,777,792
8N2S1,PS01187,794,818
8N2S1,PS01187,834,860
8N2S1,PS50026,834,872
8N2S1,PS00010,851,862
8N2S1,PS01187,878,903
8N2S1,PS50026,878,919
8N2S1,PS00010,894,905
8N2S1,PS01186,903,918
8N2S1,PS01187,920,944
8N2S1,PS50026,920,960
8N2S1,PS00010,935,946
8N2S1,PS01187,961,987
8N2S1,PS01187,1005,1031
8N2S1,PS01187,1049,1074
8N2S1,PS50026,1049,1090
8N2S1,PS00010,1065,1076
8N2S1,PS01186,1074,1089
8N2S1,PS01187,1091,1116
8N2S1,PS00010,1107,1118
8N2S1,PS51364,1181,1235
8N2S1,PS01187,1253,1279
8N2S1,PS50026,1253,1295
8N2S1,PS00010,1270,1281
8N2S1,PS01186,1279,1294
8N2S1,PS01187,1296,1321
8N2S1,PS50026,1296,1337
8N2S1,PS00010,1312,1323
8N2S1,PS51364,1349,1402
8N2S1,PS50026,1533,1569
8N2S1,PS01186,1557,1572
8N2S1,PS01187,1574,1602
8N2S1,PS50026,1574,1618
8N2S1,PS00010,1593,1604
8N2S1,PS01186,1602,1617
8LG89,PS51485,34,129
8T0W1,PS51257,1,26
8T0W4,PS50279,28,76
8T0W4,PS00280,54,72
9UHF1,PS51041,27,104
9UHF1,PS50026,103,135
9UHF1,PS00022,123,134
9UHF1,PS01186,123,134
9UHF1,PS01187,137,161
9UHF1,PS00010,152,163
7T2X6,PS51362,330,443
7T2X6,PS00250,359,374
7T2X7,PS51362,346,458
7T2X7,PS00250,374,389
90ZI3,PS50215,200,396
90ZI3,PS00142,333,342
90ZI3,PS50214,404,489
90ZI3,PS00427,444,463
86408,PS51863,2,64
04115,PS51406,169,412
04115,PS00514,356,368
86403,PS51863,2,64
86404,PS51863,2,66
86405,PS51863,2,66
4U4T0,PS51910,35,343
4U4T0,PS01095,165,173
4U4T0,PS51164,383,419
6JUP2,PS00272,65,85
45663,PS51863,20,85
4AL88,PS00142,426,435
8W4J3,PS51352,35,170
8W4J3,PS00194,64,82
8W4J3,PS51324,295,397
7T3J2,PS00272,64,84
4QXT8,PS00967,130,136
9PRI1,PS00272,56,74
9NII5,PS01138,34,56
9NII6,PS01138,33,55
9NII7,PS01138,35,56
25518,PS00272,41,61
04824,PS00512,65,80
4AQ54,PS00131,231,238
3A0Q3,PS51257,1,20
15692,PS50278,39,135
15692,PS00249,75,87
3A0Q5,PS00018,95,107
3A0Q5,PS50222,115,150
3A0Q5,PS00018,128,140
81030,PS00272,41,62
81031,PS00272,41,61
867F4,PS01138,35,57
50390,PS00768,35,50
50390,PS00769,125,137
13213,PS00612,72,102
13213,PS51465,94,151
13213,PS00613,163,173
13213,PS00018,274,286
38616,PS51732,50,354
801X7,PS51304,3,134
12100,PS50844,3,62
62389,PS00272,38,56
6V9X0,PS00142,426,435
56VR3,PS50998,40,86
56VR3,PS00011,56,81
56VR3,PS01187,86,110
56VR3,PS50026,86,122
56VR3,PS00010,101,112
56VR3,PS00022,110,121
56VR3,PS01186,110,121
56VR3,PS01186,149,164
56VR3,PS50240,210,454
56VR3,PS00134,247,252
56VR3,PS00135,400,411
84716,PS00272,37,57
84715,PS00263,105,121
9PSM8,PS50041,9,121
9PSM8,PS00615,97,120
9PSM9,PS50041,9,130
9PSM9,PS00615,104,129
81996,PS50041,9,120
81996,PS00615,96,119
4B1N9,PS00122,222,237
2VBC4,PS00120,150,159
5A0X8,PS52012,34,145
90282,PS50215,198,393
90282,PS00142,330,339
90282,PS50214,401,487
90282,PS00427,441,460
4AQ27,PS00142,298,307
4J7Z9,PS00022,384,395
4J7Z9,PS01186,384,395
13822,PS50958,55,98
13822,PS00524,74,94
13822,PS50958,99,143
13822,PS00524,118,138
0D877,PS00785,41,53
0D877,PS00786,124,135
8NJQ5,PS51910,38,337
8NJQ5,PS01095,152,160
34073,PS00272,41,61
34074,PS00272,40,60
34075,PS00272,39,57
34076,PS00272,40,58
4ZJM9,PS50871,105,238
9W7J5,PS00272,62,83
29182,PS00272,41,61
29180,PS00272,41,61
10460,PS00272,40,58
11997,PS00210,472,480
11995,PS00210,505,513
9VD83,PS01225,52,142
9W3W5,PS50814,119,261
9W3W5,PS50026,279,311
9W3W5,PS00022,299,310
9W3W5,PS01186,299,310
9W3W5,PS00022,331,342
9W3W5,PS01186,331,342
9W3W5,PS50026,343,375
9W3W5,PS00022,363,374
9W3W5,PS01186,363,374
9W3W5,PS50026,376,407
9W3W5,PS00022,395,406
9W3W5,PS50026,412,441
9W3W5,PS00022,429,440
9W3W5,PS01186,429,440
7TQ62,PS51450,98,119
7TQ62,PS51450,122,145
7TQ62,PS51450,148,169
7TQ62,PS51450,193,213
7TQ62,PS51450,219,239
7TQ62,PS51450,240,261
7TQ62,PS51450,264,284
7TQ62,PS51450,290,311
7TQ62,PS51450,312,332
7TQ62,PS51450,335,358
7TQ62,PS51450,361,382
7TQ62,PS51450,383,403
7TQ62,PS51450,406,427
7TQ62,PS51450,432,453
7TQ62,PS51450,477,490
7TQ62,PS51450,503,523
7TQ62,PS51450,524,545
2Y2D1,PS60021,50,77
2Y2D3,PS60021,50,77
2Y2D2,PS60021,50,77
2Y2D7,PS60021,51,80
17454,PS00400,29,61
05486,PS51257,1,28
05486,PS00264,28,36
8VPP5,PS00503,215,224
85247,PS51257,1,16
61705,PS51863,21,83
2AJ76,PS50835,426,515
2AJ76,PS50835,517,601
2AJ76,PS50835,609,692
2AJ76,PS50835,699,782
2AJ76,PS50835,787,877
2AJ76,PS50835,882,968
2AJ76,PS50835,973,1058
2AJ76,PS50835,1063,1156
2AJ76,PS50835,1161,1239
2AJ76,PS50835,1246,1335
2AJ76,PS50835,1340,1437
2AJ76,PS50835,1442,1531
2AJ76,PS50835,1536,1624
2AJ76,PS50835,1629,1717
2AJ76,PS50835,1722,1810
2AJ76,PS50835,1846,1913
2AJ76,PS50835,1920,2008
2AJ76,PS50835,2011,2100
2AJ76,PS50835,2105,2189
2AJ76,PS50835,2196,2285
2AJ76,PS50835,2290,2379
2AJ76,PS50835,2384,2473
2AJ76,PS50835,2478,2566
2AJ76,PS50835,2571,2662
2AJ76,PS50835,2667,2758
2AJ76,PS50835,2781,2859
2AJ76,PS50835,2875,2964
2AJ76,PS50835,2971,3058
2AJ76,PS50835,3063,3153
2AJ76,PS50835,3157,3245
2AJ76,PS50835,3250,3340
2AJ76,PS50835,3345,3432
2AJ76,PS50835,3438,3523
2AJ76,PS50835,3528,3609
2AJ76,PS50835,3614,3702
2AJ76,PS50835,3707,3793
2AJ76,PS50835,3798,3886
2AJ76,PS50835,3891,3977
2AJ76,PS50835,3982,4067
2AJ76,PS50835,4071,4158
2AJ76,PS50835,4163,4244
2AJ76,PS50835,4252,4336
2AJ76,PS50835,4343,4428
2AJ76,PS50993,4432,4654
2AJ76,PS01187,4668,4692
2AJ76,PS50026,4668,4708
2AJ76,PS00010,4683,4694
2AJ76,PS01186,4692,4707
2AJ76,PS01187,4709,4735
2AJ76,PS50026,4709,4753
2AJ76,PS50026,4754,4789
2AJ76,PS01186,4780,4795
2AJ76,PS01187,4797,4821
2AJ76,PS50026,4797,4837
2AJ76,PS00010,4812,4823
2AJ76,PS01187,4904,4927
2AJ76,PS50026,4904,4943
2AJ76,PS00010,4918,4929
2AJ76,PS01186,4927,4942
2AJ76,PS01187,4944,4970
2AJ76,PS00758,5013,5022
4AX35,PS00142,434,443
4AX35,PS00435,520,530
9PUB7,PS00272,56,74
09036,PS51465,27,80
09036,PS00282,40,62
9XEC4,PS51257,1,16
9XEC4,PS51767,87,505
9XEC4,PS00141,102,113
9XEC4,PS00141,289,300
9XEC4,PS50015,317,357
9XEC4,PS50015,378,419
01493,PS51863,20,85
15502,PS01155,402,430
15502,PS00101,508,536
15502,PS00101,514,542
15502,PS00101,520,548
00992,PS50279,31,81
00992,PS00280,59,77
00995,PS51465,26,79
00995,PS00282,39,61
4AY02,PS50072,38,195
4AY02,PS00170,79,96
00998,PS51465,3,56
00998,PS00282,16,38
24014,PS51450,101,122
24014,PS51450,125,146
24014,PS51450,149,170
24014,PS51450,173,194
24014,PS51450,197,218
24014,PS51450,221,242
24014,PS51450,245,266
24014,PS51450,347,368
24014,PS51450,371,392
24014,PS51450,395,416
24014,PS51450,419,440
24014,PS51450,443,464
24014,PS51450,571,592
24014,PS51450,596,617
24014,PS51450,620,641
24014,PS51450,644,665
24014,PS51450,668,689
24014,PS51450,791,812
24014,PS51450,815,836
24014,PS51450,839,860
24014,PS50026,933,968
24014,PS00022,956,967
24014,PS01186,956,967
24014,PS50026,970,1007
24014,PS00022,995,1006
24014,PS01186,995,1006
24014,PS01187,1009,1034
24014,PS50026,1009,1046
24014,PS00010,1025,1036
24014,PS00022,1034,1045
24014,PS01186,1034,1045
24014,PS50026,1048,1086
24014,PS00010,1065,1076
24014,PS00022,1074,1085
24014,PS01186,1074,1085
24014,PS01187,1088,1112
24014,PS50026,1088,1124
24014,PS00010,1103,1114
24014,PS00022,1112,1123
24014,PS50026,1135,1173
24014,PS00022,1161,1172
24014,PS01186,1161,1172
24014,PS50025,1176,1349
24014,PS50026,1377,1416
24014,PS00022,1404,1415
24014,PS01225,1433,1504
24014,PS01185,1466,1503
46375,PS00768,35,50
46375,PS00769,125,137
4AXW3,PS51892,128,399
4AXW3,PS00138,344,354
86419,PS00272,41,62
2LMP1,PS00246,203,212
4ARW0,PS00956,104,115
6H321,PS50240,25,258
6H321,PS00134,61,66
6H321,PS00135,207,218
9V3D4,PS51910,22,440
86389,PS00118,43,50
86389,PS00119,87,97
6NUI6,PS51450,62,84
6NUI6,PS51450,111,132
6NUI6,PS51450,135,156
6NUI6,PS51450,159,180
6NUI6,PS51450,183,204
6NUI6,PS51450,207,228
6NUI6,PS51450,231,252
6NUI6,PS51450,279,300
6NUI6,PS51450,450,471
6NUI6,PS51450,474,495
6NUI6,PS51450,498,519
6NUI6,PS51450,522,543
6NUI6,PS51450,546,566
6NUI6,PS51450,570,591
6NUI6,PS51450,594,615
6NUI6,PS51450,619,640
6NUI6,PS51450,644,665
6NUI6,PS51450,666,687
25519,PS00209,204,223
25519,PS00210,397,405
25519,PS00498,401,412
0ZSK4,PS50188,506,700
86097,PS00272,38,56
86095,PS00272,38,56
60772,PS00272,39,57
60773,PS00272,39,57
60771,PS00272,61,79
60774,PS00272,39,57
60775,PS00272,61,79
8T115,PS00209,196,215
8T115,PS00210,387,395
8T115,PS00498,391,402
19999,PS50041,123,235
19999,PS00615,212,234
3A0N5,PS00785,36,48
67863,PS50278,25,122
67863,PS00249,61,73
67862,PS50278,25,122
67862,PS00249,61,73
67861,PS50278,25,122
67861,PS00249,61,73
9WVL7,PS00471,30,75
8MJF1,PS51450,144,165
8MJF1,PS51450,168,189
8MJF1,PS51450,214,234
8MJF1,PS51450,235,256
84WS0,PS51892,122,623
84WS0,PS00136,148,159
84WS0,PS00138,550,560
8C6K9,PS50234,26,205
8C6K9,PS50234,228,406
8C6K9,PS50234,435,605
8C6K9,PS50234,621,790
8C6K9,PS50234,808,981
8C6K9,PS50234,999,1170
8C6K9,PS50234,1756,1901
8C6K9,PS50234,1964,2165
9HE18,PS51164,317,353
9HE18,PS00562,325,352
86870,PS01009,176,186
86870,PS01010,205,216
8NIJ4,PS00142,434,443
8NIJ4,PS00435,520,530
15537,PS50022,63,219
15537,PS01285,111,140
9QXT5,PS51041,28,105
9QXT5,PS50026,104,136
9QXT5,PS00022,124,135
9QXT5,PS01186,124,135
9QXT5,PS01187,138,162
54PR9,PS00616,44,58
7SZN0,PS00079,307,327
7SZN0,PS00079,662,682
7SZN0,PS00079,1120,1140
7SZN0,PS50022,1147,1298
7SZN0,PS01285,1187,1217
7SZN0,PS50022,1303,1457
7SZN0,PS01285,1347,1376
7SZN0,PS01286,1441,1457
6UY14,PS50092,44,380
6UY14,PS50092,723,782
6UY14,PS50092,783,842
6UY14,PS50092,845,909
6UY14,PS50092,910,969
6UY14,PS50092,970,1026
6UY14,PS50900,1029,1066
13582,PS51888,36,89
13582,PS50240,128,391
13582,PS00032,138,143
13582,PS00134,169,174
13582,PS00135,332,343
05017,PS00262,95,109
6T5L0,PS50240,1,229
6T5L0,PS00134,39,44
6T5L0,PS00135,178,189
84631,PS51863,2,64
83942,PS50278,1,98
83942,PS00249,37,49
4ANB6,PS00131,200,207
29268,PS51323,24,97
29268,PS00222,52,67
29268,PS50184,100,166
29268,PS01208,119,165
29268,PS50092,197,242
29268,PS01225,255,329
29268,PS01185,291,328
25680,PS00272,41,61
25683,PS00272,38,56
8NJP6,PS51164,346,382
8NJP6,PS00562,354,381
00604,PS01225,39,132
00604,PS01185,95,131
4VP10,PS51257,1,18
09486,PS00612,72,102
09486,PS51465,94,151
09486,PS00613,163,173
09486,PS00018,274,286
10456,PS00272,61,79
10457,PS00272,61,79
10458,PS00272,40,58
47001,PS50256,64,82
47001,PS00929,68,78
60234,PS00272,41,61
01176,PS51760,31,329
1HA14,PS00967,113,119
1JBC0,PS51863,2,63
6PXP0,PS00118,55,62
9MCH1,PS00272,59,77
01033,PS00288,24,36
01033,PS50189,24,147
01034,PS00287,80,93
01036,PS00287,75,88
01037,PS00287,75,88
5CPD5,PS00272,59,77
5CPD7,PS00272,61,79
5CPD8,PS00272,59,77
5CPD9,PS00272,61,79
49141,PS00768,37,52
49141,PS00769,127,139
49142,PS00768,37,52
49142,PS00769,127,139
2AJB7,PS00213,34,47
9HEZ1,PS51164,19,55
9HEZ1,PS00562,27,54
9HEZ1,PS51760,88,405
9HEZ1,PS00591,320,330
0DMT2,PS00118,43,50
0DMT2,PS00119,85,95
01409,PS00272,41,61
35624,PS00288,24,36
35624,PS50189,24,147
0CAY6,PS51257,1,17
6KF10,PS51362,332,455
6KF10,PS00250,372,387
0HJ53,PS51761,28,216
0HJ53,PS00776,109,119
0HJ53,PS00777,200,211
08380,PS50287,24,124
08380,PS00420,29,66
08380,PS50097,153,221
98064,PS01180,16,143
98064,PS01187,144,171
98064,PS00010,162,173
98064,PS01186,171,186
98064,PS01180,190,302
98064,PS50923,304,369
98064,PS50923,370,439
98064,PS50240,454,701
98064,PS00134,491,496
98064,PS00135,645,656
9NPH9,PS00520,74,94
1S2K3,PS51761,41,229
1S2K3,PS00776,122,132
1S2K3,PS00777,213,224
6PRW6,PS51760,50,330
6PRW6,PS00591,260,270
5S7A8,PS51760,46,326
5S7A8,PS00591,256,266
0ZSK3,PS50188,508,703
57382,PS51864,153,352
57382,PS00142,242,251
57382,PS01180,354,466
57382,PS01180,467,579
57382,PS01187,579,604
57382,PS50026,579,620
57382,PS00010,595,606
57382,PS01186,604,619
57382,PS01180,623,735
57382,PS01187,735,759
57382,PS50026,735,775
57382,PS00010,750,761
57382,PS01186,759,774
57382,PS01180,779,891
57382,PS01180,892,1008
94813,PS51450,56,77
94813,PS51450,80,101
94813,PS51450,104,125
94813,PS51450,128,149
94813,PS51450,152,173
94813,PS51450,176,197
94813,PS51450,200,221
94813,PS51450,301,322
94813,PS51450,325,346
94813,PS51450,349,370
94813,PS51450,373,394
94813,PS51450,397,418
94813,PS51450,559,580
94813,PS51450,607,628
94813,PS51450,631,652
94813,PS51450,655,676
94813,PS51450,755,777
94813,PS51450,778,799
94813,PS51450,802,823
94813,PS51450,826,847
94813,PS50026,920,955
94813,PS00022,943,954
94813,PS01186,943,954
94813,PS50026,957,996
94813,PS00022,984,995
94813,PS01186,984,995
94813,PS01187,991,1022
94813,PS50026,998,1034
94813,PS00010,1013,1024
94813,PS00022,1022,1033
94813,PS50026,1036,1074
94813,PS00022,1062,1073
94813,PS01186,1062,1073
94813,PS01187,1076,1100
94813,PS50026,1076,1112
94813,PS00010,1091,1102
94813,PS00022,1100,1111
94813,PS01186,1100,1111
94813,PS50026,1121,1157
94813,PS00022,1145,1156
94813,PS01186,1145,1156
94813,PS50025,1160,1333
94813,PS50026,1337,1368
94813,PS00022,1356,1367
94813,PS01186,1356,1367
94813,PS50026,1371,1407
94813,PS00022,1395,1406
94813,PS50026,1412,1448
94813,PS00022,1436,1447
94813,PS01186,1436,1447
94813,PS01225,1453,1528
94813,PS01185,1491,1527
12562,PS51761,29,221
12562,PS00776,111,121
8J2F2,PS00272,62,82
13219,PS51257,1,19
13219,PS00142,559,568
13219,PS50923,1213,1282
13219,PS50923,1283,1344
13219,PS50923,1345,1412
13219,PS50923,1413,1473
13219,PS50923,1476,1556
14612,PS00272,62,82
14613,PS00272,40,58
02350,PS52035,130,423
02350,PS00132,178,200
02350,PS00133,312,322
59939,PS60026,5,41
5A7N4,PS51761,32,221
5A7N4,PS00776,114,124
5A7N4,PS00777,205,216
60615,PS00272,64,84
60616,PS00272,64,84
09118,PS51117,47,284
09118,PS50027,285,340
09118,PS00022,304,315
09118,PS01248,304,338
09118,PS50027,341,403
09118,PS01248,368,404
09118,PS50027,404,453
09118,PS00022,423,434
09118,PS01248,423,451
09118,PS50189,472,601
7Z1K3,PS50279,28,84
7Z1K3,PS00280,62,80
0HJQ8,PS01138,34,56
0C929,PS50041,9,128
0C929,PS00615,102,127
4QUT2,PS00436,132,143
4QUT2,PS50873,174,458
4QUT2,PS00435,306,316
0HJQ4,PS01138,36,57
7TMF5,PS00284,384,394
0HJC1,PS00118,43,50
0HJC1,PS00119,85,95
27J47,PS50240,25,249
27J47,PS00134,61,66
27J47,PS00135,198,209
81908,PS00941,90,100
81908,PS00122,185,200
27J49,PS00263,223,239
35568,PS01187,44,70
35568,PS01187,173,199
35568,PS50026,173,213
35568,PS00010,190,201
35568,PS01186,199,212
35568,PS01187,214,237
35568,PS50026,214,253
35568,PS00010,228,239
35568,PS01186,237,252
35568,PS01187,254,277
35568,PS50026,254,293
35568,PS00010,268,279
35568,PS01186,277,292
35568,PS01187,294,318
35568,PS50026,294,333
35568,PS00010,309,320
35568,PS01186,318,332
35568,PS01187,334,359
5U6Y4,PS00118,59,66
5U6Y4,PS00119,101,111
83559,PS01186,24,36
5Y4V8,PS60015,35,66
54PA4,PS50842,42,141
5Y4V6,PS60015,36,67
5Y4V2,PS60015,37,68
83952,PS51390,3,47
6V874,PS00142,434,443
6V874,PS00435,520,530
9HFH0,PS51761,35,223
9HFH0,PS00776,116,126
9XZ63,PS00018,145,157
4AQA7,PS00131,221,228
9P403,PS51782,108,152
9P403,PS51782,183,227
4VP09,PS51257,1,17
4VP08,PS51257,1,17
84516,PS50873,40,337
84516,PS00436,72,83
84516,PS00435,203,213
8T0W2,PS51446,23,59
8T0W2,PS51446,85,121
8T0W2,PS51446,147,184
07457,PS50844,24,83
93243,PS51864,115,308
93243,PS50026,303,343
93243,PS00022,331,342
93243,PS01186,331,342
93243,PS01180,350,458
93243,PS50092,576,627
83377,PS01009,157,167
83377,PS01010,186,197
09230,PS51892,166,454
09230,PS00136,196,207
09230,PS00137,231,241
09230,PS00138,395,405
01023,PS00430,1,63
01023,PS00477,969,977
8BGU2,PS50871,88,224
90Y12,PS00263,165,181
670P5,PS00246,207,216
5CPE4,PS00272,61,79
5CPE3,PS00272,52,70
00387,PS00284,405,415
68419,PS00272,39,57
68418,PS00272,39,57
83579,PS51465,1,58
83579,PS00282,14,36
68413,PS00272,38,56
68412,PS00272,38,56
68410,PS51863,1,62
68417,PS00272,39,57
68416,PS00272,59,77
86471,PS51378,1,40
68SA9,PS50215,226,437
68SA9,PS00142,369,378
68SA9,PS50092,523,578
68SA9,PS50092,804,863
68SA9,PS50092,925,978
68SA9,PS50092,1382,1430
68SA9,PS50092,1433,1493
68SA9,PS50092,1540,1600
68SA9,PS50900,1603,1643
73682,PS50278,36,132
73682,PS00249,72,84
06857,PS00120,165,174
06857,PS50095,356,467
8J2G3,PS00272,59,77
8J2G5,PS00272,56,74
9K4X8,PS00262,102,116
2PGV8,PS51760,46,354
11159,PS00539,43,48
11159,PS00539,119,124
11159,PS00539,155,160
11159,PS00539,165,170
85258,PS51257,1,16
82935,PS00272,62,82
85253,PS51257,1,16
85254,PS51257,1,16
85255,PS51257,1,16
85256,PS51257,1,16
86406,PS51863,1,63
23776,PS00079,135,155
23776,PS00659,225,234
5JUY8,PS50292,129,711
07214,PS00612,71,101
07214,PS51465,93,150
07214,PS00613,162,172
07214,PS00018,273,285
8I817,PS51257,1,25
82807,PS50998,40,86
82807,PS00011,56,81
82807,PS01187,86,110
82807,PS50026,86,122
82807,PS00010,101,112
82807,PS00022,110,121
82807,PS50240,210,453
82807,PS00134,247,252
82807,PS00135,399,410
86854,PS50041,37,148
86854,PS00615,131,156
2PE51,PS00263,165,181
86100,PS50026,352,407
86100,PS00022,395,406
86100,PS01186,395,406
4APE2,PS00708,591,621
85105,PS00597,69,90
13495,PS00272,41,62
20930,PS50215,192,372
20930,PS00142,299,308
20930,PS50900,465,506
96W72,PS51761,16,207
96W72,PS00777,191,202
3BER4,PS50214,49,112
3BER4,PS00427,67,86
3BER3,PS50214,49,112
3BER3,PS00427,67,86
9Q7T7,PS51450,61,83
9Q7T7,PS51450,86,107
9Q7T7,PS51450,110,131
9Q7T7,PS51450,134,155
9Q7T7,PS51450,158,179
9Q7T7,PS51450,182,203
9Q7T7,PS51450,206,227
9Q7T7,PS51450,230,251
9Q7T7,PS51450,278,299
9Q7T7,PS51450,300,321
9Q7T7,PS51450,473,494
9Q7T7,PS51450,497,518
9Q7T7,PS51450,521,542
9Q7T7,PS51450,545,566
9Q7T7,PS51450,569,590
9Q7T7,PS51450,593,614
9Q7T7,PS51450,618,639
9Q7T7,PS51450,643,664
9Q7T7,PS51450,665,686
19958,PS00272,38,56
19959,PS00272,59,77
6UX27-2,PS50835,27,114
91053,PS50240,25,253
91053,PS00134,63,68
91053,PS00135,202,213
9UJW2,PS50958,59,107
9UJW2,PS00524,81,102
9UJW2,PS00640,431,450
84032,PS51162,4,67
84032,PS51162,72,127
5Y4U8,PS60015,36,67
84614,PS51863,3,65
83560,PS60018,63,105
5Y4U6,PS60015,35,65
5Y4U7,PS60015,35,65
6WIH4,PS00142,440,449
6WIH3,PS00142,426,435
6WIH1,PS00142,434,443
6WIH1,PS00435,520,530
55332,PS51761,37,225
55332,PS00776,118,128
55332,PS00777,209,220
6WIH8,PS00142,426,435
84293,PS00209,182,201
84293,PS00210,373,381
84293,PS00498,377,388
29029,PS51910,27,311
29029,PS01095,149,157
85314,PS50215,8,204
85314,PS00142,141,150
04180,PS00120,199,208
94163,PS51760,45,326
83346,PS00272,41,61
0DKW9,PS00272,40,60
2TJ95,PS50092,147,207
0K3N1,PS50278,25,122
0K3N1,PS00249,61,73
2CKF7,PS00272,62,82
2CKF6,PS00272,62,82
53189,PS00587,472,485
83493,PS51767,71,377
83493,PS00141,86,97
01471,PS00272,38,58
2Y2I3,PS60021,50,77
09055,PS00284,383,393
5Y4V3,PS60015,37,68
6ZMM2,PS50092,45,97
6ZMM2,PS50189,360,479
8NJ73,PS51164,17,53
8NJ73,PS00562,25,52
8NJ73,PS51760,74,379
98133,PS00022,134,145
98133,PS01186,134,145
98133,PS50026,146,178
98133,PS00022,166,177
98133,PS01186,166,177
98133,PS51364,184,227
98133,PS01187,246,271
98133,PS50026,246,287
98133,PS00010,262,273
98133,PS01187,288,313
98133,PS50026,288,329
98133,PS00010,304,315
98133,PS01186,313,328
98133,PS51364,334,389
98133,PS50026,449,489
98133,PS01186,474,488
98133,PS01187,490,513
98133,PS50026,490,525
98133,PS00010,504,515
98133,PS01186,513,528
98133,PS01187,530,555
98133,PS50026,530,571
98133,PS00010,546,557
98133,PS01186,555,570
98133,PS01187,572,596
98133,PS50026,572,612
98133,PS00010,587,598
98133,PS01186,596,611
98133,PS01187,613,637
98133,PS50026,613,653
98133,PS00010,628,639
98133,PS51364,659,711
98133,PS01187,723,748
98133,PS50026,723,764
98133,PS00010,739,750
98133,PS01186,748,763
98133,PS01187,765,790
98133,PS50026,765,806
98133,PS00010,781,792
98133,PS01186,790,805
98133,PS01187,807,830
98133,PS50026,807,846
98133,PS00010,821,832
98133,PS51364,851,890
98133,PS01187,910,935
98133,PS50026,910,951
98133,PS00010,926,937
98133,PS51364,956,1008
98133,PS01187,1028,1053
98133,PS50026,1028,1069
98133,PS00010,1044,1055
98133,PS01186,1053,1068
98133,PS01187,1070,1095
98133,PS50026,1070,1112
98133,PS00010,1086,1097
98133,PS01187,1113,1138
98133,PS50026,1113,1154
98133,PS00010,1129,1140
98133,PS01187,1155,1180
98133,PS50026,1155,1196
98133,PS00010,1171,1182
98133,PS01186,1180,1195
98133,PS01187,1197,1221
98133,PS50026,1197,1237
98133,PS00010,1212,1223
98133,PS01186,1221,1236
98133,PS01187,1238,1263
98133,PS50026,1238,1279
98133,PS00010,1254,1265
98133,PS01186,1263,1278
98133,PS01187,1280,1305
98133,PS50026,1280,1317
98133,PS00010,1296,1307
98133,PS01186,1305,1320
98133,PS01187,1322,1348
98133,PS50026,1322,1362
98133,PS00010,1339,1350
98133,PS01186,1348,1361
98133,PS01187,1363,1389
98133,PS50026,1363,1401
98133,PS00010,1380,1391
98133,PS01186,1389,1402
98133,PS01187,1404,1429
98133,PS50026,1404,1445
98133,PS00010,1420,1431
98133,PS01186,1429,1444
98133,PS01187,1446,1470
98133,PS50026,1446,1482
98133,PS00010,1461,1472
98133,PS01186,1470,1485
98133,PS01187,1487,1511
98133,PS50026,1487,1527
98133,PS00010,1502,1513
98133,PS51364,1532,1589
98133,PS01187,1606,1631
98133,PS50026,1606,1647
98133,PS00010,1622,1633
98133,PS01186,1631,1646
98133,PS01187,1648,1672
98133,PS50026,1648,1684
98133,PS00010,1663,1674
98133,PS51364,1693,1748
98133,PS01187,1766,1791
98133,PS50026,1766,1807
98133,PS00010,1782,1793
98133,PS01186,1791,1806
98133,PS01187,1808,1833
98133,PS50026,1808,1848
98133,PS00010,1824,1835
98133,PS01186,1833,1847
98133,PS01187,1849,1874
98133,PS50026,1849,1890
98133,PS00010,1865,1876
98133,PS01186,1874,1889
98133,PS01187,1891,1914
98133,PS50026,1891,1926
98133,PS00028,1900,1924
98133,PS00010,1905,1916
98133,PS01186,1914,1928
98133,PS01187,1930,1956
98133,PS50026,1930,1972
98133,PS00010,1947,1958
98133,PS01186,1956,1971
98133,PS01187,1973,1998
98133,PS50026,1973,2012
98133,PS00010,1989,2000
98133,PS01186,1998,2011
98133,PS01187,2013,2038
98133,PS50026,2013,2054
98133,PS00010,2029,2040
98133,PS01186,2038,2053
98133,PS51364,2059,2111
98133,PS01187,2127,2151
98133,PS50026,2127,2165
98133,PS00010,2142,2153
98133,PS01186,2151,2164
98133,PS01187,2160,2190
98133,PS50026,2166,2205
98133,PS00010,2181,2192
98133,PS01186,2190,2204
98133,PS01187,2206,2230
98133,PS50026,2206,2246
98133,PS00010,2221,2232
98133,PS01186,2230,2245
98133,PS01187,2247,2274
98133,PS50026,2247,2290
98133,PS00010,2265,2276
98133,PS01186,2274,2289
98133,PS01187,2291,2316
98133,PS50026,2291,2332
98133,PS00010,2307,2318
98133,PS01186,2316,2331
98133,PS51364,2337,2390
98133,PS01187,2402,2427
98133,PS50026,2402,2439
98133,PS00010,2418,2429
98133,PS01186,2427,2442
98133,PS01187,2444,2468
98133,PS50026,2444,2484
98133,PS00010,2459,2470
98133,PS01186,2468,2483
98133,PS01187,2485,2509
98133,PS50026,2485,2521
98133,PS00010,2500,2511
98133,PS01186,2509,2522
98133,PS01187,2524,2550
98133,PS50026,2524,2566
98133,PS00010,2541,2552
98133,PS01186,2550,2565
98133,PS01187,2567,2590
98133,PS50026,2567,2606
98133,PS00010,2581,2592
98133,PS01186,2590,2605
98133,PS01187,2601,2631
98133,PS50026,2607,2643
98133,PS00010,2622,2633
98133,PS01186,2631,2646
98133,PS01187,2648,2672
98133,PS50026,2648,2687
98133,PS00010,2663,2674
98133,PS01186,2672,2686
84UV8,PS51144,32,265
84UV8,PS00162,127,143
4AVJ0,PS51910,1,331
4AVJ0,PS01095,110,118
0DJ06,PS51767,70,384
0DJ06,PS00141,85,96
0DJ06,PS00141,271,282
0C6A6,PS50214,1,64
0C6A6,PS00427,20,39
8J2D7,PS00272,62,82
6MFK7,PS50998,40,86
6MFK7,PS00011,56,81
6MFK7,PS01187,86,110
6MFK7,PS50026,86,122
6MFK7,PS00010,101,112
6MFK7,PS00022,110,121
6MFK7,PS01186,110,121
6MFK7,PS01186,149,164
6MFK7,PS50240,229,460
6MFK7,PS00134,266,271
6MFK7,PS00135,406,417
6MFK5,PS00272,62,82
6MFK4,PS00272,62,82
6MFK8,PS50998,40,86
6MFK8,PS00011,56,81
6MFK8,PS01187,86,110
6MFK8,PS50026,86,122
6MFK8,PS00010,101,112
6MFK8,PS00022,110,121
6MFK8,PS01186,110,121
6MFK8,PS01186,149,164
6MFK8,PS50240,227,458
6MFK8,PS00134,264,269
6MFK8,PS00135,404,415
90VW1,PS00272,61,79
9VEG6,PS50292,227,809
0DL42,PS50278,1,98
0DL42,PS00249,37,49
8IZI9,PS52077,35,196
7Z1M0,PS51211,19,790
7Z1M0,PS51233,1410,1597
80273,PS00597,69,90
7CLP2,PS51863,19,82
4AXL1,PS00146,113,128
19540,PS50998,40,86
19540,PS00011,56,81
19540,PS01187,86,110
19540,PS50026,86,122
19540,PS00010,101,112
19540,PS00022,110,121
19540,PS01186,110,121
19540,PS01186,148,163
19540,PS50240,218,450
19540,PS00134,254,259
19540,PS00135,396,407
2PAY4,PS51257,1,18
9FLN0,PS01098,38,49
9C9H5,PS60032,68,85
9C9H5,PS00592,378,404
9C9H5,PS00698,451,469
09228,PS00287,75,88
42589,PS51257,1,29
42589,PS00597,96,117
22947,PS00272,38,56
69940,PS51257,1,19
69940,PS51862,53,87
6FHJ7,PS50038,19,139
6FHJ7,PS50189,178,307
91516,PS50240,25,249
91516,PS00134,61,66
86QT3,PS60026,25,61
1RII8,PS51761,37,227
1RII8,PS00776,119,129
1RII8,PS00777,211,222
84756,PS51861,1,53
83403,PS00268,25,35
83400,PS51200,26,57
83404,PS51378,58,98
05117,PS00502,286,299
05117,PS00626,287,297
56219,PS01138,35,57
873X9,PS51910,43,407
873X9,PS01095,169,177
8N8U9,PS01208,67,105
8N8U9,PS50184,164,225
8N8U9,PS01208,186,224
8N8U9,PS50184,299,358
8N8U9,PS01208,319,357
8N8U9,PS51233,362,535
86147,PS51257,1,18
9UVI4,PS51257,1,25
85213,PS51378,33,72
7SDR1,PS51257,1,35
7SDR1,PS51164,16,52
7SDR1,PS00562,24,51
83578,PS51465,1,58
83578,PS00282,14,36
9LNU1,PS51892,112,613
9LNU1,PS00137,210,220
9LNU1,PS00138,544,554
1RQU5,PS51760,19,339
8CEK3,PS51465,33,89
9M099,PS00131,177,184
9M099,PS00560,428,445
8CFR0,PS50871,154,287
3EWT1,PS60029,6,32
3EWT0,PS60029,6,32
1HA20,PS00967,130,136
77463,PS51863,21,82
3U492,PS50184,134,191
3U492,PS01208,154,190
3U492,PS50184,192,251
3U492,PS01208,214,250
3U492,PS50184,253,312
3U492,PS01208,275,311
3U492,PS50184,312,370
3U492,PS01208,333,369
3U492,PS50184,426,485
3U492,PS01208,448,484
3U492,PS50184,485,544
3U492,PS01208,507,543
3U492,PS50184,602,661
3U492,PS01208,624,660
3U492,PS50184,724,781
3U492,PS50184,781,840
3U492,PS01208,803,839
3U492,PS01186,806,820
3U492,PS50184,899,958
3U492,PS01208,921,957
3U492,PS50184,958,1016
3U492,PS01208,980,1015
3U492,PS50184,1016,1084
3U492,PS01208,1038,1083
3U492,PS50184,1081,1144
3U492,PS01208,1105,1143
3U492,PS50184,1148,1208
3U492,PS01208,1168,1207
3U492,PS51233,1212,1388
9BXN1,PS51450,103,124
9BXN1,PS51450,127,148
9BXN1,PS51450,151,173
9BXN1,PS51450,242,263
9BXN1,PS51450,266,287
9BXN1,PS51450,290,312
9BXN1,PS51450,313,334
01389,PS00272,41,61
64K34,PS51892,126,397
64K34,PS00138,342,352
64K36,PS51892,129,400
64K36,PS00137,192,202
64K36,PS00138,344,354
92954,PS50958,26,69
92954,PS00524,44,64
92954,PS50958,70,108
92954,PS00524,84,104
92954,PS51642,1148,1191
92954,PS00024,1185,1199
92954,PS51642,1192,1239
4WQU0,PS51695,197,594
4WQU0,PS00138,492,502
79263,PS51468,18,146
79263,PS50234,272,453
65351,PS51892,102,610
65351,PS00879,270,287
65351,PS00138,540,550
60020,PS51767,97,402
60020,PS00141,287,298
86453,PS00118,43,50
86453,PS00119,85,95
86456,PS00118,42,49
86456,PS00119,84,94
04155,PS51448,29,72
04155,PS00025,38,58
9IBF7,PS51408,27,363
25494,PS00272,38,56
25495,PS00272,40,58
25496,PS00272,40,58
25497,PS00272,61,79
6T6T4,PS00287,72,85
6T6T4,PS00014,137,140
6T6T3,PS50214,49,112
6T6T3,PS00427,67,86
6T6T2,PS50214,49,112
6T6T2,PS00427,67,86
8J2E2,PS00272,61,81
8J2E1,PS00272,61,81
8J2E6,PS00272,62,82
8J2E5,PS00272,61,81
75339,PS00101,2,30
75339,PS50092,149,201
75339,PS50835,309,390
9V521,PS00209,197,216
9V521,PS00210,394,402
9V521,PS00498,398,409
9HGE1,PS51761,37,225
9HGE1,PS00776,118,128
9HGE1,PS00777,209,220
69F35,PS51892,128,399
69F35,PS00138,344,354
3EWH9,PS00272,38,58
3EWH0,PS60029,4,30
2VBP4,PS00272,61,81
86907,PS00118,43,50
86907,PS00119,85,95
11226,PS50041,134,245
11226,PS00615,222,244
28325,PS00287,76,89
98967,PS00287,66,79
0CY27,PS51767,64,377
0CY27,PS00141,79,90
0CY27,PS00141,264,275
81112,PS50041,11,130
81112,PS00615,104,129
9DBD0,PS51408,25,347
9DBD0,PS00207,241,271
9DBD0,PS51408,355,685
9DBD0,PS00205,446,455
84987,PS50041,10,132
84987,PS00615,106,131
12032,PS00288,25,37
12032,PS50189,25,148
8BJ66,PS51323,56,136
8BJ66,PS51465,127,177
8BJ66,PS50835,179,276
62388,PS00272,38,56
83370,PS50998,40,86
83370,PS00011,56,81
83370,PS01187,86,110
83370,PS50026,86,122
83370,PS00010,101,112
83370,PS00022,110,121
83370,PS50240,210,453
83370,PS00134,247,252
83370,PS00135,399,410
30120,PS00288,24,36
30120,PS50189,24,147
31779,PS00768,38,53
31779,PS00769,128,140
60827,PS50871,112,252
69CK0,PS00272,60,80
4B4X4,PS51910,16,314
4B4X4,PS01095,147,155
8IVN8,PS50958,24,75
8IVN8,PS00524,50,70
8IVN8,PS50092,74,127
8LAD7,PS51257,1,23
95P08,PS00209,186,205
95P08,PS00210,377,385
95P08,PS00498,381,392
95P07,PS00209,195,214
95P07,PS00210,386,394
95P07,PS00498,390,401
9VET0,PS51257,1,22
86QU9,PS60026,5,41
8R481,PS50292,127,709
9HB63,PS51117,30,261
9HB63,PS50027,262,331
9HB63,PS00022,293,304
9HB63,PS50027,332,394
9HB63,PS01248,359,395
9HB63,PS50027,395,448
9HB63,PS00022,420,431
9HB63,PS01248,420,455
9HB63,PS50189,506,627
0HJD3,PS00272,50,70
0HJD7,PS00272,41,61
6PGN1,PS50871,185,340
22599,PS00284,383,393
05160,PS50923,89,148
05160,PS50923,151,210
05160,PS50923,211,269
05160,PS50923,272,329
05160,PS50923,334,391
05160,PS50923,394,452
05160,PS50923,522,580
0CB06,PS00272,40,58
0C554,PS00272,62,82
0C8R7,PS00272,40,60
3T478,PS51438,19,209
3T478,PS00212,184,208
3T478,PS51438,210,401
3T478,PS00212,376,400
3T478,PS51438,403,600
3T478,PS00212,574,598
35753,PS50844,4,63
35753,PS50844,74,133
35751,PS50844,4,63
29179,PS00272,39,58
968Z6,PS51820,116,261
2UY11,PS50234,48,227
2UY11,PS50234,798,976
2UY11,PS50279,1088,1138
2UY11,PS00280,1116,1134
4LCT0,PS51863,25,80
59KZ1,PS00142,360,369
3EWY1,PS01138,36,58
3EWY5,PS51378,1,40
53761,PS00120,199,208
5MJP5,PS51863,16,90
4U4N3,PS01250,58,75
59940,PS60026,5,41
8TAT2,PS51257,1,21
62918,PS50184,272,331
62918,PS01208,291,330
62918,PS50026,397,439
62918,PS01187,440,466
62918,PS50026,440,481
62918,PS00010,457,468
62918,PS01186,466,480
62918,PS50026,482,522
62918,PS01186,508,521
62918,PS50026,523,553
62918,PS00022,541,552
62918,PS01186,541,552
62918,PS01187,555,581
62918,PS50026,555,601
62918,PS00010,572,583
62918,PS01187,602,628
62918,PS50026,602,637
62918,PS00010,619,630
62918,PS50184,638,693
62918,PS01186,663,677
62918,PS50184,698,756
62918,PS01208,719,755
02671,PS51406,623,864
02671,PS00514,807,819
02676,PS51406,209,465
02676,PS00514,409,421
02675,PS51406,232,488
02675,PS00514,432,444
01412,PS00272,61,79
01410,PS00272,41,61
01411,PS00272,41,61
01416,PS00272,38,56
01417,PS00272,38,56
01414,PS00272,38,56
01415,PS00272,36,57
42257,PS00272,61,81
0DN86,PS00261,54,60
0DN86,PS00689,103,130
0DN87,PS00261,54,60
0DN87,PS00689,103,130
15445,PS00118,43,50
15445,PS00119,89,99
8MRC6,PS51257,1,17
3V1G4,PS51132,489,746
8N6G6,PS50092,33,82
8N6G6,PS50092,376,424
8N6G6,PS50092,436,493
8N6G6,PS50092,522,584
8N6G6,PS50092,607,665
8N6G6,PS50092,666,729
8N6G6,PS50092,788,850
8N6G6,PS50835,861,949
8N6G6,PS50835,1164,1266
8N6G6,PS50835,1286,1369
8N6G6,PS50835,1395,1485
8N6G6,PS50092,1545,1608
8N6G6,PS50092,1666,1726
8N6G6,PS50900,1726,1762
98159,PS50068,890,928
98159,PS01209,905,929
98159,PS50068,956,1005
98159,PS50240,1145,1383
98159,PS00134,1181,1186
98159,PS00135,1326,1337
98159,PS50068,1395,1431
98159,PS01209,1408,1430
98159,PS50068,1727,1774
98159,PS50068,1775,1812
98159,PS01209,1789,1811
98159,PS50240,2027,2301
98159,PS50068,2309,2345
98159,PS01209,2320,2344
98159,PS50068,2350,2388
98159,PS01209,2364,2389
98159,PS50068,2420,2458
98159,PS01209,2435,2457
63772,PS50998,45,91
63772,PS00011,61,86
63772,PS50026,113,151
63772,PS00010,130,141
63772,PS00022,139,150
63772,PS01186,139,150
63772,PS01187,153,177
63772,PS50026,153,193
63772,PS00010,168,179
63772,PS01186,177,192
63772,PS01187,194,218
63772,PS50026,194,234
63772,PS00010,209,220
63772,PS01186,218,233
63772,PS01187,235,257
63772,PS50026,235,275
63772,PS00010,248,259
63772,PS50025,295,467
63772,PS50025,481,666
59ZX3,PS01009,212,222
15703,PS00587,227,240
8XGR5,PS00142,426,435
5UE90,PS50092,144,204
86822,PS51862,58,91
83514,PS50041,10,129
83514,PS00615,103,128
18329,PS00272,59,77
7SID6,PS00118,43,50
7SID6,PS00119,85,95
8INV7,PS51257,1,31
68GV9,PS51892,111,382
68GV9,PS00136,139,150
68GV9,PS00137,173,183
68GV9,PS00138,326,336
8FSM5,PS51892,128,400
8FSM5,PS00136,156,167
8FSM5,PS00137,192,202
8FSM5,PS00138,343,353
86804,PS00118,44,51
86804,PS00119,85,95
86805,PS00118,42,49
86805,PS00119,84,94
86806,PS00118,42,49
86806,PS00119,84,94
86802,PS50215,17,221
86802,PS00142,155,164
86803,PS00118,44,51
86803,PS00119,85,95
9BYZ8,PS50041,37,155
9BYZ8,PS00615,129,154
8I0L5,PS01138,35,57
0CH47,PS00120,167,176
81783,PS00272,63,84
0C8M0,PS51861,1,68
0C8M1,PS00118,44,51
0C8M1,PS00119,85,95
07489,PS00768,15,30
07489,PS00769,105,117
55233,PS01225,162,246
2Y232,PS60021,51,80
2Y233,PS60021,51,80
90X23,PS50278,25,122
90X23,PS00249,61,73
93X94,PS01098,30,41
9PTT0,PS00272,61,79
6P6V9,PS51387,77,251
0ZHI9,PS51761,43,231
0ZHI9,PS00776,124,134
0ZHI9,PS00777,215,226
68415,PS00272,38,56
86QV0,PS60026,5,41
6UX73,PS00261,192,198
6N6J0,PS51910,39,408
6N6J0,PS01095,164,172
84776,PS00118,43,50
84776,PS00119,85,95
84777,PS01138,37,59
6EEH1,PS00652,78,122
8BFU0,PS50092,144,204
8WTD4,PS51378,54,87
18424,PS00120,199,208
4B5F9,PS51257,1,16
4B5F9,PS51677,149,334
4B5F9,PS51782,389,435
45Z11,PS00272,61,79
83515,PS50041,13,139
8CL69,PS00539,76,81
8CL69,PS00539,124,129
0C7B0,PS50215,198,394
0C7B0,PS00142,331,340
0C7B0,PS50214,402,488
0C7B0,PS00427,442,461
9Y6Z7,PS50041,155,271
9Y6Z7,PS00615,248,270
9NDE8,PS51257,1,17
09655,PS51465,26,79
09655,PS00282,39,61
01492,PS51863,20,85
0DMT3,PS00118,42,49
0DMT3,PS00119,84,94
01408,PS00272,41,61
0DMT1,PS00118,42,49
0DMT1,PS00119,84,94
8K2U0,PS00477,967,975
01401,PS00272,41,61
01400,PS00272,41,61
01404,PS00272,59,77
01407,PS00272,41,61
53334,PS00587,317,330
6XHF7,PS52035,71,351
18641,PS00539,43,48
18641,PS00539,119,124
18641,PS00539,155,160
18641,PS00539,165,170
8MVB6,PS00287,70,83
39688,PS50927,39,160
5UFR8,PS00272,59,77
42660,PS00131,203,210
42660,PS00560,438,455
8NKF9,PS00659,207,216
4AN50,PS00775,290,307
82464,PS00272,40,61
82462,PS00272,41,61
82463,PS00272,41,61
7BLC7,PS51863,19,82
25679,PS00272,40,60
29181,PS00272,41,61
25670,PS00272,40,60
25671,PS00272,40,60
25672,PS00272,40,60
25673,PS00272,40,60
25674,PS00272,40,60
25675,PS00272,39,57
25676,PS00272,36,57
86DU6,PS60013,54,71
2DQZ5,PS50041,34,145
2DQZ5,PS00615,121,144
2DQZ6,PS50041,34,153
2DQZ6,PS00615,127,152
87037,PS51761,33,221
87037,PS00776,114,124
54317,PS00120,165,174
54317,PS50095,357,469
54315,PS00120,165,174
54315,PS50095,356,467
04542,PS51465,4,57
04542,PS00282,17,39
22079,PS50292,129,711
55245,PS00768,38,53
55245,PS00769,128,140
82662,PS00272,61,81
0C6A3,PS50214,1,65
0C6A3,PS00427,20,39
0HJT5,PS00272,41,61
0C6A7,PS50214,1,64
0C6A4,PS50214,1,65
0C6A4,PS00427,20,39
0C6A5,PS50214,1,64
0C6A5,PS00427,20,39
0C6A8,PS50214,1,65
0C6A8,PS00427,21,40
0C6A9,PS50214,1,64
0C6A9,PS00427,20,39
82849,PS00272,40,58
19608,PS50844,3,62
19609,PS50844,2,61
80495,PS00272,41,61
07449,PS00087,87,97
07449,PS00332,184,195
9VKI3,PS51137,36,73
81790,PS60023,55,65
36192,PS51257,1,16
36192,PS51378,52,92
85215,PS51378,4,44
86146,PS51257,1,18
2Y1X6,PS60021,50,77
2Y1X7,PS60021,50,77
2Y1X8,PS60021,50,77
2Y1X9,PS60021,50,77
22466,PS00861,33,45
49338,PS00246,206,215
4B4V1,PS00175,105,114
96TR7,PS51761,29,221
96TR7,PS00776,111,121
0HFK8,PS51760,50,330
0HFK8,PS00591,260,270
04496,PS51767,104,444
04496,PS00120,296,305
28295,PS51233,33,201
28295,PS51233,386,560
28295,PS51233,865,1032
28295,PS50234,1277,1453
28295,PS50234,1498,1665
28295,PS50234,1691,1871
28295,PS51233,1948,2124
28295,PS50184,2255,2328
28295,PS01208,2278,2325
28295,PS50184,2429,2495
28295,PS01208,2448,2494
28295,PS50184,2580,2645
28295,PS01208,2600,2644
28295,PS01225,2724,2812
28295,PS01185,2773,2811
01137,PS51362,275,390
01137,PS00250,311,326
54TR1,PS51257,1,15
54TR1,PS00139,327,338
54TR1,PS00639,473,483
85140,PS00272,42,62
12101,PS50844,3,62
12102,PS50844,4,63
77469,PS01177,23,57
77469,PS01186,178,193
77469,PS01187,195,221
77469,PS01187,281,307
77469,PS01187,343,368
77469,PS50026,343,376
77469,PS01187,390,413
77469,PS50026,390,429
77469,PS00010,404,415
77469,PS01186,413,428
77469,PS01187,430,457
77469,PS50026,430,473
77469,PS00010,448,459
77469,PS01186,457,472
77469,PS01187,474,498
77469,PS50026,474,514
77469,PS00010,489,500
77469,PS01186,498,513
77469,PS01187,515,543
77469,PS50026,515,559
77469,PS00010,534,545
77469,PS01186,543,558
77469,PS01187,560,585
83234,PS50188,11,190
07480,PS00861,33,45
84788,PS50240,1,224
84788,PS00134,36,41
84788,PS00135,173,184
03626,PS00430,1,63
03626,PS00477,982,990
6B4T5,PS51257,1,16
6H584,PS50234,30,209
6H584,PS50234,268,445
6H584,PS50234,474,644
6H584,PS50234,660,829
6H584,PS50234,846,1023
6H584,PS50234,1037,1214
6H584,PS50234,1790,1941
6H584,PS50234,1996,2186
6H584,PS50234,2321,2516
83303,PS60021,54,83
83658,PS50214,1,64
83658,PS00427,20,39
1XIH5,PS51892,129,400
1XIH5,PS00137,192,202
1XIH4,PS51892,129,401
1XIH4,PS00137,193,203
1XIH4,PS00138,345,355
1XIH6,PS51892,129,400
1XIH6,PS00137,192,202
1XIH6,PS00138,344,354
1XIH1,PS51892,135,412
1XIH1,PS00136,163,174
1XIH1,PS00137,198,208
1XIH1,PS00138,356,366
1XIH0,PS51892,135,412
1XIH0,PS00136,163,174
1XIH0,PS00137,198,208
1XIH0,PS00138,356,366
1XIH3,PS51892,129,401
1XIH3,PS00137,193,203
1XIH3,PS00138,345,355
9YGV1,PS51362,237,354
9YGV1,PS00250,271,286
59354,PS51863,2,64
9D7Z6,PS50234,307,476
9D7Z6,PS00153,639,652
9DER7,PS51864,144,343
9DER7,PS00142,233,242
9DER7,PS01180,345,457
9DER7,PS01180,458,570
9DER7,PS50026,570,610
9DER7,PS00010,585,596
9DER7,PS01186,594,609
9DER7,PS01180,613,725
9DER7,PS01187,725,749
9DER7,PS50026,725,765
9DER7,PS00010,740,751
9DER7,PS01186,749,764
9DER7,PS01180,769,881
9DER7,PS01180,882,998
09464,PS00213,31,44
23997,PS51910,29,452
9BZM2,PS00118,63,70
4B0M5,PS51257,1,24
85259,PS51257,1,16
7FDP2,PS51863,20,85
01434,PS00272,40,58
01437,PS00272,38,56
01431,PS00272,40,58
01432,PS00272,40,58
01433,PS00272,39,57
8QGR0,PS00272,62,82
58806,PS60025,81,95
9QZS0,PS51403,1444,1668
0C930,PS50041,9,124
8CHN8,PS01180,16,143
8CHN8,PS01187,144,171
8CHN8,PS00010,162,173
8CHN8,PS01186,171,186
8CHN8,PS01180,190,302
8CHN8,PS50923,304,369
8CHN8,PS50923,370,439
8CHN8,PS50240,454,701
8CHN8,PS00134,491,496
8CHN8,PS00135,645,656
08841,PS51352,37,157
08841,PS51324,397,504
25667,PS00272,41,61
82475,PS50278,1,98
82475,PS00249,37,49
83435,PS51863,2,62
25669,PS00272,40,60
25668,PS00272,40,60
63076,PS00247,114,138
3ZVP0,PS51465,36,97
3ZVP0,PS00282,56,78
04054,PS00118,66,73
04054,PS00119,117,127
00747,PS50948,16,98
00747,PS50070,102,181
00747,PS00021,151,164
00747,PS50070,184,262
00747,PS00021,233,245
00747,PS50070,274,352
00747,PS00021,323,335
00747,PS50070,376,454
00747,PS00021,425,437
00747,PS50070,480,560
00747,PS00021,530,543
00747,PS50240,581,808
00747,PS00134,618,623
00747,PS00135,754,765
00741,PS50998,47,93
00741,PS00011,63,88
00741,PS01187,93,117
00741,PS50026,93,129
00741,PS00010,108,119
00741,PS00022,117,128
00741,PS01186,117,128
00741,PS01186,155,170
00741,PS50240,228,460
00741,PS00134,264,269
00741,PS00135,406,417
00740,PS50998,47,93
00740,PS00011,63,88
00740,PS01187,93,117
00740,PS50026,93,129
00740,PS00010,108,119
00740,PS00022,117,128
00740,PS01186,117,128
00740,PS01186,155,170
00740,PS50240,227,459
00740,PS00134,263,268
00740,PS00135,405,416
8TAX7,PS51257,1,16
7LZK0,PS50214,1,47
7LZK0,PS00427,2,21
90495,PS50215,201,397
90495,PS00142,334,343
90495,PS50214,405,491
90495,PS00427,445,464
2PGY1,PS51761,29,217
2PGY1,PS00776,110,120
58370,PS00272,63,83
7TQN3,PS51390,34,87
7TQN3,PS51465,121,172
7TQN3,PS50835,205,298
7TQN3,PS50279,323,373
7TQN3,PS50279,381,431
7TQN3,PS00280,409,427
7TQN3,PS50189,440,561
75888,PS50049,116,250
75888,PS00251,155,171
46654,PS00768,35,50
46654,PS00769,125,137
5G872,PS01187,28,54
5G872,PS50026,28,68
5G872,PS00010,45,56
5G872,PS01186,54,67
5G872,PS01187,69,94
5G872,PS50026,69,110
5G872,PS00010,85,96
5G872,PS01186,94,109
5G872,PS01187,111,135
5G872,PS50026,111,147
5G872,PS00010,126,137
5G872,PS01186,135,150
5G872,PS01186,181,196
5G872,PS01186,289,304
5G872,PS01187,306,330
5G872,PS50026,306,346
5G872,PS00010,321,332
5G872,PS01186,330,345
5G872,PS01187,347,370
5G872,PS50026,347,385
5G872,PS00010,361,372
5G872,PS01186,370,384
5G872,PS01187,386,410
5G872,PS50026,386,426
5G872,PS00010,401,412
5G872,PS01186,410,425
5G872,PS01180,822,934
15818,PS00272,63,84
19614,PS50844,4,63
19611,PS50844,3,62
19613,PS50844,1,60
19612,PS50844,3,62
8AXY1,PS00118,59,66
8AXY1,PS00119,101,111
86952,PS00497,154,171
86952,PS00498,315,326
86954,PS50026,21,55
86954,PS00022,43,54
86954,PS01186,43,54
86954,PS50026,61,93
86954,PS00022,81,92
10997,PS00258,35,49
86959,PS50279,72,122
86959,PS00280,100,118
0WUV7,PS01098,29,40
2Y1Y1,PS60021,50,77
2Y1Y0,PS60021,50,77
2Y1Y3,PS60021,50,77
2Y1Y2,PS60021,50,77
84156,PS51378,4,44
3UQ28,PS51450,60,81
3UQ28,PS51450,84,105
3UQ28,PS51450,108,129
3UQ28,PS51450,132,153
3UQ28,PS51450,156,177
3UQ28,PS50835,243,329
3UQ28,PS50835,339,425
3UQ28,PS50835,430,517
3UQ28,PS50835,518,607
3UQ28,PS50292,726,1313
3UQ28,PS50184,1409,1467
3UQ28,PS01208,1430,1466
6GU94,PS51378,23,56
35701,PS50234,78,253
35701,PS50026,259,300
35701,PS01186,284,299
35701,PS50026,301,342
35701,PS01186,326,341
35701,PS50026,343,384
35701,PS01186,368,383
35701,PS50026,385,426
35701,PS01186,410,425
9QA28,PS50835,134,219
9QA28,PS50835,224,310
83948,PS00800,298,317
83948,PS00503,417,426
9LEW3,PS51767,132,460
9LEW3,PS00141,147,158
42815,PS00120,148,157
9Z1P8,PS51406,183,405
9Z1P8,PS00514,353,365
05154,PS00284,382,392
5AAH2,PS51910,18,291
5AAH2,PS01095,139,147
48827,PS51910,38,401
48827,PS01095,163,171
84844,PS00127,40,46
8NK92,PS51695,225,651
70GH4,PS51695,209,592
70GH4,PS00138,497,507
49893,PS00246,208,217
83228,PS00263,80,96
1IC48,PS00272,61,79
1IC49,PS00272,62,82
1IC47,PS00272,61,79
97737,PS51362,363,476
97737,PS00250,392,407
01423,PS00272,39,57
01422,PS00272,39,57
01421,PS00272,39,57
01427,PS00272,39,57
01426,PS00272,39,57
01425,PS00272,39,57
01424,PS00272,39,57
4ANW6,PS00616,60,74
4ANW6,PS00778,337,353
0C8R8,PS00272,40,60
0S864,PS00272,84,104
0S865,PS00272,86,106
49061,PS00288,24,36
49061,PS50189,24,147
6XBF8,PS51767,90,430
6XBF8,PS00141,105,116
6XBF8,PS00141,316,327
9QZR9,PS51403,1457,1682
10749,PS50215,205,400
10749,PS50214,408,494
10749,PS00427,448,467
0CF39,PS51863,1,61
0CF37,PS51863,1,63
9BXJ3,PS50871,25,162
9BXJ3,PS50871,172,317
4ATA2,PS01177,68,100
14661,PS00268,15,25
2VBN2,PS00272,62,82
0CG02,PS00272,38,56
7XQ02,PS50941,23,66
7XQ02,PS00026,35,54
7XQ02,PS50941,125,167
7XQ02,PS00118,142,149
7XQ02,PS00773,200,222
7XQ02,PS00774,326,336
7SIG3,PS50240,1,236
7SIG3,PS00134,41,46
7SIG3,PS00135,181,192
59XX2,PS00587,310,323
8AY81,PS50240,25,251
8AY81,PS00134,63,68
3A0S5,PS51760,1,323
14406,PS00338,196,213
9CR36,PS50869,71,165
8NIB6,PS00142,427,436
9R1E6,PS50958,54,97
9R1E6,PS00524,73,93
9R1E6,PS50958,98,142
9R1E6,PS00524,117,137
86169,PS00118,43,50
86169,PS00119,85,95
2Y1Z4,PS60021,50,77
2Y1Z7,PS60021,50,77
2Y1Z8,PS60021,50,77
4B093,PS51257,1,19
74199,PS51910,235,522
9BJW4,PS51200,25,56
94EG3,PS00725,112,125
85092,PS00272,41,61
4AWY5,PS51892,126,397
4AWY5,PS00138,342,352
80XF5,PS50853,29,128
80XF5,PS50853,129,230
7ZS96,PS00768,39,54
7ZS96,PS00769,129,141
0CS83,PS51767,70,384
0CS83,PS00141,85,96
0CS83,PS00141,271,282
85520,PS00272,41,61
29616,PS00768,37,52
29616,PS00769,127,139
8G6I7,PS51892,128,400
8G6I7,PS00136,156,167
8G6I7,PS00137,192,202
8G6I7,PS00138,343,353
12713,PS51910,27,321
12713,PS01095,159,167
42807,PS00120,148,157
83495,PS51767,71,377
83495,PS00141,86,97
83495,PS00141,267,278
83490,PS00272,54,74
84213,PS00257,49,55
4B3C8,PS51257,1,22
69939,PS51257,1,19
69939,PS51862,54,91
9PV24,PS51406,546,787
9PV24,PS00514,730,742
4ASH1,PS00122,202,217
07758,PS00284,383,393
4ANV2,PS51210,50,597
24778,PS00272,39,59
3YBN2,PS00120,164,173
24776,PS00272,38,58
24777,PS00272,38,58
5BKQ4,PS00120,165,174
5BKQ4,PS50095,356,470
60770,PS00272,61,79
18328,PS00272,62,82
58L91,PS00079,307,327
58L91,PS00079,662,682
58L91,PS00079,1119,1139
58L91,PS50022,1146,1297
58L91,PS01285,1186,1216
58L91,PS50022,1302,1456
58L91,PS01285,1346,1375
58L91,PS01286,1440,1456
16975,PS00612,70,100
16975,PS51465,92,149
16975,PS00613,161,171
16975,PS00018,272,284
58L96,PS50998,40,86
58L96,PS00011,56,81
58L96,PS01187,86,110
58L96,PS50026,86,122
58L96,PS00010,101,112
58L96,PS00022,110,121
58L96,PS01186,110,121
58L96,PS01186,149,164
58L96,PS50240,210,454
58L96,PS00134,247,252
58L96,PS00135,400,411
8VIM0-2,PS50835,31,125
58L94,PS50998,40,86
58L94,PS00011,56,81
58L94,PS01187,86,110
58L94,PS50026,86,122
58L94,PS00010,101,112
58L94,PS00022,110,121
58L94,PS50240,210,451
58L94,PS00134,247,252
58L94,PS00135,397,408
8RX86,PS00512,75,91
6T6S7,PS50240,25,251
28755,PS51767,71,379
28755,PS00141,86,97
55333,PS51761,33,221
55333,PS00776,114,124
55333,PS00777,205,216
14520,PS50026,73,109
14520,PS00022,97,108
14520,PS01186,97,108
14520,PS50026,111,148
14520,PS00022,136,147
14520,PS01186,136,147
14520,PS50026,150,188
14520,PS00022,176,187
14520,PS50070,193,276
14520,PS00021,245,257
14520,PS50240,314,555
14520,PS00134,358,363
14520,PS00135,503,514
01418,PS00272,38,56
99935,PS51257,1,15
9H324,PS50215,239,457
9H324,PS00142,389,398
9H324,PS50092,547,602
9H324,PS50092,825,883
9H324,PS50092,884,945
9H324,PS50092,947,1001
9H324,PS50092,1003,1058
9H324,PS50900,1065,1103
86686,PS01009,158,168
86686,PS01010,187,198
02679,PS51406,170,416
02679,PS00514,360,372
63041,PS00477,983,991
0DN29,PS51166,504,610
2UH35,PS00221,257,265
4APX3,PS00079,563,583
4APX3,PS00080,568,579
0CH87,PS00120,131,140
0C6B0,PS50214,1,66
0C6B0,PS00427,21,40
8TGA1,PS51761,39,241
8TGA1,PS00776,131,141
8TGA1,PS51164,300,335
8TGA1,PS00562,308,334
0DM36,PS50041,10,132
0DM36,PS00615,106,131
25428,PS50270,129,242
25428,PS00248,191,204
86194,PS51345,1,42
86193,PS51345,1,42
0DM38,PS50041,34,153
0DM38,PS00615,127,152
0DM39,PS50041,34,145
0DM39,PS00615,121,144
81508,PS50041,11,121
82987,PS50092,75,124
82987,PS50092,418,468
82987,PS50092,478,535
82987,PS50092,564,626
82987,PS50092,703,760
82987,PS50092,763,818
82987,PS50092,819,881
82987,PS50835,896,992
82987,PS50835,1185,1279
82987,PS50835,1296,1378
82987,PS50092,1424,1482
82987,PS50092,1483,1545
82987,PS50092,1597,1644
82987,PS50900,1655,1691
86975,PS00118,43,50
86975,PS00119,85,95
81761,PS51200,26,58
9YGI0,PS51257,1,15
9YGI0,PS00272,61,82
9YGI4,PS00272,62,82
70513,PS50287,24,124
70513,PS00420,29,66
70513,PS50097,153,221
48740,PS01180,11,138
48740,PS01187,139,166
48740,PS00010,157,168
48740,PS01186,166,181
48740,PS01180,185,297
48740,PS50923,299,364
48740,PS50923,365,434
48740,PS50240,449,696
48740,PS00134,486,491
48740,PS00135,640,651
9W303,PS51910,25,442
00896,PS00284,383,393
00897,PS00284,383,393
00898,PS00284,383,393
9BY76,PS51406,179,401
9BY76,PS00514,349,361
90X24,PS50278,25,122
90X24,PS00249,61,73
9CQ76,PS51450,96,116
9CQ76,PS51450,117,138
9CQ76,PS51450,141,162
9CQ76,PS51450,165,186
9CQ76,PS51450,187,208
9CQ76,PS51450,211,233
9CQ76,PS51450,256,277
9CQ76,PS51450,278,299
9CQ76,PS51450,300,320
9CQ76,PS51450,323,344
9CQ76,PS51450,347,367
9CQ76,PS51450,368,389
9CQ76,PS51450,392,415
9CQ76,PS51450,416,437
41748,PS51767,86,392
41748,PS00141,99,110
41748,PS00141,281,292
9U655,PS60005,53,77
8QG87,PS00118,59,66
8QG87,PS00119,101,111
8IZJ0,PS52077,39,200
76818,PS00539,118,123
76818,PS00539,154,159
76818,PS00539,164,169
80109,PS51470,365,427
80109,PS51470,434,496
80109,PS51470,498,558
80109,PS51470,562,622
80109,PS51470,632,692
80109,PS51470,703,769
80109,PS51470,787,839
86955,PS51910,20,380
86955,PS01095,133,141
07797,PS50287,24,124
07797,PS00420,29,66
07797,PS50097,153,221
59KI0,PS50817,91,230
84688,PS51863,21,83
84685,PS51863,21,83
18511,PS60005,53,77
83669,PS51378,1,43
83668,PS51378,1,43
80965,PS00272,42,62
9C168,PS51402,38,527
9C168,PS00438,81,97
9C168,PS00437,375,383
44249,PS00209,198,217
44249,PS00210,395,403
44249,PS00498,399,410
4ANG0,PS51695,210,596
4ANG0,PS00138,499,509
4P902,PS51760,35,338
0C892,PS60026,5,41
0C893,PS60026,5,41
91793,PS51378,58,98
01397,PS00272,41,61
0CAR1,PS00272,38,56
9NL38,PS51144,55,567
4ANU4,PS51904,29,235
70J59,PS51695,212,602
70J59,PS00138,501,511
83110,PS51323,21,84
83110,PS51465,64,128
83110,PS50106,385,426
330K6,PS50278,25,122
330K6,PS00249,61,73
53B54,PS00272,41,61
53B57,PS00272,62,82
53B58,PS00272,62,82
9NIP6,PS00539,126,131
75596,PS50041,74,192
75596,PS00615,167,191
14393,PS50998,48,94
14393,PS00011,64,89
14393,PS50026,116,154
14393,PS00010,133,144
14393,PS00022,142,153
14393,PS01186,142,153
14393,PS01187,156,180
14393,PS50026,156,196
14393,PS00010,171,182
14393,PS01186,180,195
14393,PS01187,197,221
14393,PS50026,197,233
14393,PS00010,212,223
14393,PS01186,221,236
14393,PS01187,238,260
14393,PS50026,238,278
14393,PS00010,251,262
14393,PS50025,341,513
14393,PS50025,520,713
01379,PS00272,61,81
9IBG7,PS50184,383,438
9IBG7,PS01208,401,437
9IBG7,PS50184,435,493
9IBG7,PS01208,456,492
9IBG7,PS50184,494,553
9IBG7,PS01208,516,552
9IBG7,PS50184,610,669
9IBG7,PS01208,632,668
9IBG7,PS50184,669,728
9IBG7,PS01208,691,727
9IBG7,PS50184,728,786
9IBG7,PS01208,749,785
9IBG7,PS50184,786,847
9IBG7,PS50184,847,907
9IBG7,PS01208,870,906
9IBG7,PS50184,907,966
9IBG7,PS01208,929,965
9IBG7,PS50184,966,1025
9IBG7,PS01208,988,1024
9IBG7,PS50184,1083,1142
9IBG7,PS01208,1105,1141
9IBG7,PS50184,1146,1203
9IBG7,PS50184,1203,1260
9IBG7,PS50184,1260,1319
9IBG7,PS01208,1282,1318
9IBG7,PS01186,1285,1299
9IBG7,PS50184,1436,1495
9IBG7,PS01208,1458,1494
9IBG7,PS50184,1496,1555
9IBG7,PS01208,1518,1554
9IBG7,PS50184,1555,1614
9IBG7,PS01208,1577,1613
9IBG7,PS50184,1614,1673
9IBG7,PS01208,1636,1672
9IBG7,PS50184,1673,1731
9IBG7,PS01208,1695,1730
9IBG7,PS50184,1731,1799
9IBG7,PS01208,1753,1798
9IBG7,PS50184,1796,1860
9IBG7,PS01208,1821,1859
9IBG7,PS50184,1860,1924
9IBG7,PS01208,1884,1923
9IBG7,PS50184,1928,1988
9IBG7,PS01208,1948,1987
9IBG7,PS51233,1992,2168
19003,PS00272,39,59
19004,PS00272,39,60
93349,PS51762,1,220
93349,PS01034,106,116
76HP6,PS00609,31,44
81428,PS50998,40,86
81428,PS00011,56,81
81428,PS01187,86,110
81428,PS50026,86,122
81428,PS00010,101,112
81428,PS00022,110,121
81428,PS50240,210,453
81428,PS00134,247,252
81428,PS00135,399,410
2BRQ5,PS00272,61,81
90WJ8,PS50041,41,161
90WJ8,PS00615,136,160
9PW66,PS51257,1,26
7EF85,PS51761,33,223
7EF85,PS00776,116,126
7EF85,PS00777,207,218
7EF85,PS51164,275,310
7EF85,PS00562,283,309
4LCS9,PS51863,25,80
4LCS8,PS51863,25,82
86963,PS50279,98,151
86964,PS50279,42,95
86964,PS50279,97,151
86964,PS00280,129,147
8BZH1,PS00547,253,270
75N90,PS00022,135,146
75N90,PS01186,135,146
75N90,PS50026,147,179
75N90,PS00022,167,178
75N90,PS01186,167,178
75N90,PS51364,185,228
75N90,PS01187,247,272
75N90,PS50026,247,284
75N90,PS00010,263,274
75N90,PS51364,293,346
75N90,PS50026,408,446
75N90,PS01186,433,447
75N90,PS01187,449,472
75N90,PS50026,449,488
75N90,PS00010,463,474
75N90,PS01186,472,487
75N90,PS01187,489,514
75N90,PS50026,489,530
75N90,PS00010,505,516
75N90,PS01186,514,529
75N90,PS01187,531,555
75N90,PS50026,531,571
75N90,PS00010,546,557
75N90,PS01186,555,570
75N90,PS01187,572,596
75N90,PS50026,572,612
75N90,PS00010,587,598
75N90,PS51364,618,670
75N90,PS01187,682,707
75N90,PS50026,682,723
75N90,PS00010,698,709
75N90,PS01186,707,722
75N90,PS01187,724,749
75N90,PS50026,724,765
75N90,PS00010,740,751
75N90,PS01186,749,764
75N90,PS01187,766,789
75N90,PS50026,766,805
75N90,PS00010,780,791
75N90,PS51364,810,849
75N90,PS01187,869,894
75N90,PS50026,869,910
75N90,PS00010,885,896
75N90,PS51364,915,966
75N90,PS01187,986,1011
75N90,PS50026,986,1027
75N90,PS00010,1002,1013
75N90,PS01186,1011,1026
75N90,PS01187,1028,1053
75N90,PS50026,1028,1070
75N90,PS00010,1044,1055
75N90,PS01187,1071,1096
75N90,PS50026,1071,1112
75N90,PS00010,1087,1098
75N90,PS01187,1113,1138
75N90,PS50026,1113,1154
75N90,PS00010,1129,1140
75N90,PS01186,1138,1153
75N90,PS01187,1155,1179
75N90,PS50026,1155,1195
75N90,PS00010,1170,1181
75N90,PS01186,1179,1194
75N90,PS50026,1196,1237
75N90,PS01186,1221,1236
75N90,PS01187,1238,1263
75N90,PS50026,1238,1275
75N90,PS00010,1254,1265
75N90,PS01186,1263,1278
75N90,PS01187,1280,1306
75N90,PS50026,1280,1318
75N90,PS00010,1297,1308
75N90,PS01186,1306,1319
75N90,PS01187,1321,1347
75N90,PS50026,1321,1361
75N90,PS00010,1338,1349
75N90,PS01186,1347,1360
75N90,PS01187,1362,1387
75N90,PS50026,1362,1403
75N90,PS00010,1378,1389
75N90,PS01186,1387,1402
75N90,PS01187,1404,1428
75N90,PS50026,1404,1440
75N90,PS00010,1419,1430
75N90,PS01186,1428,1443
75N90,PS01187,1445,1469
75N90,PS50026,1445,1485
75N90,PS00010,1460,1471
75N90,PS51364,1490,1546
75N90,PS01187,1563,1588
75N90,PS50026,1563,1604
75N90,PS00010,1579,1590
75N90,PS01186,1588,1603
75N90,PS01187,1605,1630
75N90,PS50026,1605,1646
75N90,PS00010,1621,1632
75N90,PS51364,1651,1703
75N90,PS01187,1721,1746
75N90,PS50026,1721,1762
75N90,PS00010,1737,1748
75N90,PS01186,1746,1761
75N90,PS01187,1763,1789
75N90,PS50026,1763,1804
75N90,PS00010,1780,1791
75N90,PS01186,1789,1803
75N90,PS50026,1805,1846
75N90,PS00010,1821,1832
75N90,PS01186,1830,1845
75N90,PS01187,1847,1870
75N90,PS50026,1847,1882
75N90,PS00010,1861,1872
75N90,PS01186,1870,1884
75N90,PS01187,1886,1912
75N90,PS50026,1886,1928
75N90,PS00010,1903,1914
75N90,PS01186,1912,1927
75N90,PS01187,1929,1954
75N90,PS50026,1929,1968
75N90,PS00010,1945,1956
75N90,PS01186,1954,1967
75N90,PS01187,1969,1994
75N90,PS50026,1969,2010
75N90,PS00010,1985,1996
75N90,PS01186,1994,2009
75N90,PS51364,2015,2068
75N90,PS01187,2084,2109
75N90,PS50026,2084,2125
75N90,PS00010,2100,2111
75N90,PS01186,2109,2124
75N90,PS01187,2126,2150
75N90,PS50026,2126,2165
75N90,PS00010,2141,2152
75N90,PS01186,2150,2164
75N90,PS01187,2166,2190
75N90,PS50026,2166,2206
75N90,PS00010,2181,2192
75N90,PS01186,2190,2205
75N90,PS01187,2207,2234
75N90,PS50026,2207,2251
75N90,PS00010,2225,2236
75N90,PS01187,2252,2277
75N90,PS50026,2252,2293
75N90,PS00010,2268,2279
75N90,PS01186,2277,2292
75N90,PS51364,2298,2351
75N90,PS01187,2363,2388
75N90,PS50026,2363,2404
75N90,PS00010,2379,2390
75N90,PS01186,2388,2403
75N90,PS01187,2405,2429
75N90,PS50026,2405,2445
75N90,PS00010,2420,2431
75N90,PS01186,2429,2444
75N90,PS01187,2446,2470
75N90,PS50026,2446,2482
75N90,PS00010,2461,2472
75N90,PS01186,2470,2483
75N90,PS01187,2485,2511
75N90,PS50026,2485,2527
75N90,PS00010,2502,2513
75N90,PS01186,2511,2526
75N90,PS01187,2528,2551
75N90,PS50026,2528,2567
75N90,PS00010,2542,2553
75N90,PS01186,2551,2566
75N90,PS01187,2568,2593
75N90,PS50026,2568,2605
75N90,PS00010,2584,2595
75N90,PS01186,2593,2608
75N90,PS01187,2610,2634
75N90,PS50026,2610,2649
75N90,PS00010,2625,2636
75N90,PS01186,2634,2648
86986,PS50222,21,56
86986,PS00018,54,66
86986,PS50222,102,128
86986,PS00018,106,118
64610,PS50958,54,97
64610,PS00524,73,93
64610,PS50958,98,142
64610,PS00524,117,137
82959,PS60022,52,82
81603,PS51378,59,99
81602,PS51378,58,98
3A0R0,PS50072,28,185
3A0R0,PS00170,69,86
5AIR7,PS52008,426,1145
8N286,PS00272,61,82
2A0P1,PS51257,1,21
2A0P0,PS50279,29,81
2A0P0,PS00280,59,77
2A0P0,PS50279,83,141
2A0P0,PS00280,119,137
9HFA4,PS51761,44,232
9HFA4,PS00776,125,135
9HFA4,PS00777,216,227
28798,PS00799,92,105
28798,PS00799,157,170
28798,PS00799,239,252
28798,PS00118,312,319
28798,PS00799,313,326
28798,PS00799,395,408
28798,PS00799,473,486
28798,PS00799,548,561
8CC36,PS00261,13,19
16301,PS00120,199,208
09971,PS51257,1,23
09971,PS00539,43,48
09971,PS00539,154,159
09971,PS00539,164,169
2A0N5,PS50279,42,95
2A0N5,PS50279,97,151
2A0N5,PS00280,129,147
2A0N1,PS50279,30,79
2A0N1,PS00280,57,75
2A0N1,PS50279,84,136
2A0N1,PS00280,114,132
2A0N3,PS51257,1,27
2A0N3,PS00369,108,115
2A0N2,PS50189,27,146
0HJL8,PS00118,43,50
0HJL8,PS00119,85,95
84693,PS51863,21,82
9VWU1,PS51257,1,17
9VWU1,PS51888,29,78
9VWU1,PS50240,144,389
9VWU1,PS00134,183,188
9VWU1,PS00135,333,344
7SNV8,PS51863,21,81
84674,PS00118,43,50
84674,PS00119,85,95
83580,PS60016,52,59
80958,PS00272,60,78
83906,PS50278,39,135
83906,PS00249,75,87
04275,PS51233,33,201
04275,PS51233,386,560
04275,PS51233,865,1032
04275,PS50234,1277,1453
04275,PS50234,1498,1665
04275,PS50234,1691,1871
04275,PS51233,1948,2124
04275,PS50184,2255,2328
04275,PS01208,2278,2325
04275,PS50184,2429,2495
04275,PS01208,2448,2494
04275,PS50184,2580,2645
04275,PS01208,2600,2644
04275,PS01225,2724,2812
04275,PS01185,2773,2811
8MM24,PS51910,22,439
7SIW2,PS51164,20,56
7SIW2,PS00562,28,55
7SIW2,PS51760,81,396
7SIW2,PS00591,311,321
7SIW1,PS51761,34,222
7SIW1,PS00776,115,125
7SIW1,PS00777,206,217
7SIW1,PS51164,255,290
7SIW1,PS00562,263,289
2UXQ5,PS50215,201,397
2UXQ5,PS00142,334,343
2UXQ5,PS50214,405,491
2UXQ5,PS00427,445,464
01140,PS50270,4,116
01140,PS00248,65,78
60213,PS51863,21,83
60215,PS51863,21,83
60214,PS51863,22,84
09GK0,PS50041,32,145
09GK0,PS00615,119,144
09GK2,PS00263,148,164
7YRQ8,PS50279,36,86
7YRQ8,PS00280,64,82
7YRQ8,PS50279,96,146
7YRQ8,PS00280,124,142
7YRQ8,PS50279,155,205
7YRQ8,PS00280,183,201
8IFJ8,PS00209,187,206
8IFJ8,PS00210,382,390
8IFJ8,PS00498,386,397
46115,PS51863,2,64
53B49,PS00272,62,82
3UTY6-2,PS50092,316,377
3UTY6-2,PS50092,379,432
3UTY6-2,PS50092,433,491
3UTY6-2,PS50092,492,551
3UTY6-2,PS50092,552,608
3UTY6-2,PS50900,611,648
966V2,PS50240,130,372
966V2,PS00134,174,179
966V2,PS00135,318,329
09101,PS50923,527,599
09101,PS50835,612,708
09101,PS50923,712,770
09101,PS50923,771,829
09101,PS50923,830,891
09101,PS50923,892,954
9PRS8,PS50041,12,139
24940,PS00139,126,137
24940,PS00639,267,277
24940,PS00640,284,303
20224,PS00214,28,45
20223,PS00214,26,43
20222,PS00214,29,46
01388,PS00272,40,60
8MLZ7,PS51910,25,441
01386,PS00272,41,61
01387,PS00272,41,61
01384,PS00272,61,81
01385,PS00272,40,60
01382,PS00272,42,62
01383,PS00272,41,61
01380,PS00272,40,60
01381,PS00272,40,60
69F56,PS51892,126,397
69F56,PS00138,342,352
86422,PS00272,40,58
86423,PS00272,40,61
42634,PS00267,80,85
8WZJ4,PS51164,493,529
8WZJ4,PS00562,501,528
4B1P2,PS51387,60,232
10808,PS00272,42,60
8BMS2,PS51020,30,220
8BMS2,PS50092,276,330
8VHI5,PS50820,40,133
8VHI5,PS50234,265,450
8VHI5,PS50234,467,640
8CJ69,PS01208,67,105
8CJ69,PS50184,164,225
8CJ69,PS01208,186,224
8CJ69,PS50184,299,358
8CJ69,PS01208,319,357
8CJ69,PS51233,362,535
8J2B3,PS00272,62,82
7S4N9,PS50279,31,81
7S4N9,PS00280,59,77
12799,PS51406,168,415
12799,PS00514,359,371
07306-2,PS50041,122,239
07306-2,PS00615,216,238
8J0D7,PS51892,126,397
8J0D7,PS00138,342,352
8J0D6,PS00142,426,435
8J0D5,PS00142,424,433
62589,PS50240,246,531
9ESN4,PS50871,122,255
81017,PS50041,11,128
20414,PS00288,24,36
20414,PS50189,24,147
80548,PS00272,38,56
4ALG0,PS51782,157,203
4ALG0,PS51782,245,291
4ALG0,PS51782,325,371
4ALG0,PS51782,409,455
4AUF1,PS51212,62,160
4AUF1,PS51212,195,289
4AUF1,PS51212,307,404
4AUF4,PS50873,109,329
4AUF4,PS01026,179,196
4AUF4,PS51212,524,615
4AUF4,PS51212,627,718
61103,PS60021,54,79
9GZM7,PS50958,50,98
9GZM7,PS00524,71,92
9GZM7,PS00213,269,282
9GZM7,PS00639,398,408
80494,PS00272,41,62
4P0L3,PS51761,23,220
4P0L3,PS00776,108,118
4B3R7,PS51257,1,15
85420,PS50215,6,202
85420,PS00142,139,148
84843,PS51465,17,76
2A0M8,PS00652,42,80
2A0M9,PS51257,1,30
2A0M2,PS50279,72,122
2A0M2,PS00280,100,118
8QG00,PS60028,44,73
39905,PS51362,88,211
30623,PS00768,38,53
30623,PS00769,128,140
9UBX5,PS01187,42,68
9UBX5,PS50026,42,82
9UBX5,PS01187,121,153
9UBX5,PS50026,127,167
9UBX5,PS00010,144,155
9UBX5,PS01186,153,166
9UBX5,PS01187,168,190
9UBX5,PS50026,168,206
9UBX5,PS00010,181,192
9UBX5,PS01186,190,205
9UBX5,PS01187,207,230
9UBX5,PS50026,207,246
9UBX5,PS00010,221,232
9UBX5,PS01186,230,245
9UBX5,PS01187,247,271
9UBX5,PS50026,247,287
9UBX5,PS00010,262,273
9UBX5,PS01186,271,286
9UBX5,PS01187,288,314
7LZK1,PS50214,1,47
7LZK1,PS00427,2,21
83608,PS60018,1,42
83644,PS51863,3,65
15817,PS00272,62,83
15816,PS00272,62,83
15815,PS00272,41,62
15814,PS50835,114,208
15814,PS00290,192,198
05049,PS51888,92,138
05049,PS50240,186,432
05049,PS00134,231,236
05049,PS00135,375,386
84646,PS51863,3,65
9MAP7,PS51892,112,621
9MAP7,PS00138,550,560
9MAP5,PS51892,115,624
9MAP5,PS00137,220,230
9MAP5,PS00138,553,563
04951,PS00587,320,333
3VSG7,PS51761,37,226
3VSG7,PS00776,119,129
19116,PS50038,47,163
19116,PS50189,180,300
83288,PS51861,1,68
47032,PS01009,249,259
47032,PS01010,276,287
59276,PS00272,39,57
59275,PS00272,39,57
59071,PS00118,43,50
59071,PS00119,85,95
3A0P2,PS51144,42,365
8GD75,PS51892,123,404
8GD75,PS00136,154,165
8GD75,PS00137,190,200
8GD75,PS00138,345,355
3T052,PS51468,20,149
3T052,PS50234,275,458
09GJ8,PS50041,32,151
9UK05,PS51362,316,429
9UK05,PS00250,345,360
92244,PS51761,45,236
92244,PS00776,128,138
06276,PS00941,118,128
06276,PS00122,213,228
32879,PS00272,38,56
45452,PS00546,94,101
45452,PS00142,219,228
45452,PS51642,281,330
45452,PS00024,323,338
45452,PS51642,331,377
45452,PS51642,379,427
45452,PS51642,428,471
28296,PS51892,130,403
28296,PS00136,158,169
28296,PS00137,193,203
28296,PS00138,347,357
92626,PS51450,63,84
92626,PS51450,87,108
92626,PS51450,111,132
92626,PS51450,135,156
92626,PS51450,159,180
92626,PS50835,246,332
92626,PS50835,342,428
92626,PS50835,433,520
92626,PS50835,521,610
92626,PS50292,729,1316
92626,PS50184,1413,1471
92626,PS01208,1434,1470
09382,PS51304,4,135
00739,PS50240,104,346
01399,PS00272,41,61
01398,PS00272,62,83
10459,PS00272,61,79
01395,PS00272,41,61
01394,PS00272,41,61
8WX77,PS51323,34,109
8WX77,PS51465,114,153
8WX77,PS50835,155,259
01396,PS00272,41,61
01390,PS00272,40,60
01393,PS00272,41,61
4AIK6,PS51695,212,600
4AIK6,PS00138,502,512
7T2I5,PS00272,61,79
4B1S5,PS00142,427,436
4B1S6,PS52035,71,351
9R1A3,PS51117,36,254
9R1A3,PS50027,255,310
9R1A3,PS00022,274,285
9R1A3,PS01248,274,308
9R1A3,PS50027,311,373
9R1A3,PS01248,338,374
9R1A3,PS50027,374,423
9R1A3,PS00022,393,404
9R1A3,PS01248,393,421
9R1A3,PS50189,441,577
2WEN9,PS50835,133,218
2WEN9,PS50835,223,309
8DY01,PS00018,29,41
9GK37,PS00284,378,388
36378,PS00612,69,99
36378,PS51465,91,148
36378,PS00613,160,170
36378,PS00018,271,283
9D0T7,PS50869,63,155
40954,PS51910,23,313
40954,PS01095,149,157
36110,PS01009,279,289
36110,PS01010,306,317
82971,PS00118,30,37
8GTB6,PS51387,77,251
868Z9,PS50092,57,111
868Z9,PS50092,338,397
868Z9,PS50092,461,521
868Z9,PS50092,576,633
868Z9,PS50092,639,694
868Z9,PS50279,1612,1662
868Z9,PS00280,1640,1658
868Z9,PS50279,1671,1721
868Z9,PS00280,1699,1717
868Z9,PS50279,1730,1780
868Z9,PS00280,1758,1776
868Z9,PS50279,1790,1840
868Z9,PS00280,1818,1836
868Z9,PS50279,1849,1899
868Z9,PS00280,1877,1895
868Z9,PS50279,1922,1972
868Z9,PS50279,2001,2051
868Z9,PS00280,2029,2047
868Z9,PS50279,2071,2121
868Z9,PS00280,2099,2117
868Z9,PS50279,2128,2178
868Z9,PS00280,2156,2174
868Z9,PS50279,2194,2244
868Z9,PS00280,2222,2240
868Z9,PS50279,2253,2303
868Z9,PS00280,2281,2299
868Z9,PS50279,2318,2371
868Z9,PS00280,2349,2367
868Z9,PS00022,2417,2428
868Z9,PS51390,2452,2498
868Z9,PS50835,2523,2607
868Z9,PS50835,2617,2697
868Z9,PS50835,2749,2840
868Z9,PS50900,2847,2886
3A0P5,PS51257,1,16
80022,PS00530,61,68
80022,PS00531,114,125
80025,PS50292,129,711
74716,PS51761,29,216
74716,PS00776,109,119
74717,PS51760,26,325
74717,PS00591,255,265
96VB6,PS51760,43,322
86368,PS00118,43,50
86368,PS00119,85,95
80156,PS00272,42,62
8NIH1,PS00142,425,434
4APA9,PS51892,129,413
4APA9,PS00137,192,202
4APA9,PS00138,344,354
