encoding,auroc,accuracy,task,model,dataset
WCYKMVHQFDGRLITNEASP,0.8069133593857398,0.4312219222188979,multiclass,custom,tox
WCYKMVHQFDGRLITNEASP,0.7278936592254894,0.42262392868076687,multiclass,resnet,tox
WCYKMVHQFDGRLITNEASP,0.805241213587076,0.39609460588603485,multiclass,custom,tox
WCYKMVHQFDGRLITNEASP,0.7349818913269203,0.3907583250036849,multiclass,resnet,tox
WCYKMVHQFDGRLITNEASP,0.8084472081549471,0.41362296247414354,multiclass,custom,tox
WCYKMVHQFDGRLITNEASP,0.7256425523818331,0.3942663409042908,multiclass,resnet,tox
WCYKMVHQFDGRLITNEASP,0.8081104470189799,0.3972067458113765,multiclass,custom,tox
WCYKMVHQFDGRLITNEASP,0.7298101384284893,0.3535059817234696,multiclass,resnet,tox
WCYKMVHQFDGRLITNEASP,0.8036522462642199,0.4622051816724403,multiclass,custom,tox
WCYKMVHQFDGRLITNEASP,0.7342977047340439,0.3486213900948309,multiclass,resnet,tox
WCYKMVHQFDGRLITNEASP,0.8087870748170147,0.41281117732558553,multiclass,custom,tox
WCYKMVHQFDGRLITNEASP,0.7346924999547821,0.3550787642677203,multiclass,resnet,tox
WCYKMVHQFDGRLITNEASP,0.8096288755171909,0.4748516735387735,multiclass,custom,tox
WCYKMVHQFDGRLITNEASP,0.7395773313906953,0.34438356091436073,multiclass,resnet,tox
WCYKMVHQFDGRLITNEASP,0.8069186085988942,0.450080362508028,multiclass,custom,tox
WCYKMVHQFDGRLITNEASP,0.7286472422074721,0.3546862146619675,multiclass,resnet,tox
WCYKMVHQFDGRLITNEASP,0.8034161492567327,0.4549412908519669,multiclass,custom,tox
WCYKMVHQFDGRLITNEASP,0.7103906426571595,0.32858571555939947,multiclass,resnet,tox
WCYKMVHQFDGRLITNEASP,0.8049554422194554,0.41314214299385343,multiclass,custom,tox
WCYKMVHQFDGRLITNEASP,0.7330286871158734,0.3781456483573292,multiclass,resnet,tox
WCYKMVHQFDGRLITNEASP,0.8063621519171299,0.4141035986434759,multiclass,custom,tox
WCYKMVHQFDGRLITNEASP,0.7359046019639395,0.38328384395905485,multiclass,resnet,tox
WCYKMVHQFDGRLITNEASP,0.8072484164286955,0.44624205262156236,multiclass,custom,tox
WCYKMVHQFDGRLITNEASP,0.7381708273911813,0.42123021137857897,multiclass,resnet,tox
WCYKMVHQFDGRLITNEASP,0.8083864483420816,0.4272675929417445,multiclass,custom,tox
WCYKMVHQFDGRLITNEASP,0.7188581576167049,0.3277073886192574,multiclass,resnet,tox
WCYKMVHQFDGRLITNEASP,0.8050688552043292,0.3980136068555892,multiclass,custom,tox
WCYKMVHQFDGRLITNEASP,0.7322913822695915,0.41025344180551604,multiclass,resnet,tox
WCYKMVHQFDGRLITNEASP,0.8079025722485211,0.46220410487343255,multiclass,custom,tox
WCYKMVHQFDGRLITNEASP,0.7118464827131239,0.3348850058777802,multiclass,resnet,tox
WCYKMVHQFDGRLITNEASP,0.7982380294750945,0.4675355372557487,multiclass,custom,tox
WCYKMVHQFDGRLITNEASP,0.7307157510970372,0.38648824916367597,multiclass,resnet,tox
WCYKMVHQFDGRLITNEASP,0.8098061579053691,0.3904754340641437,multiclass,custom,tox
WCYKMVHQFDGRLITNEASP,0.7345053669509243,0.37517726405262825,multiclass,resnet,tox
WCYKMVHQFDGRLITNEASP,0.8066014858301915,0.39789760361837706,multiclass,custom,tox
WCYKMVHQFDGRLITNEASP,0.7256109714288104,0.36379419002494584,multiclass,resnet,tox
WCYKMVHQFDGRLITNEASP,0.8075496712128306,0.4358372106450538,multiclass,custom,tox
WCYKMVHQFDGRLITNEASP,0.7431141261752527,0.3224408230225705,multiclass,resnet,tox
WCYKMVHQFDGRLITNEASP,0.805479991438966,0.40194341364742703,multiclass,custom,tox
WCYKMVHQFDGRLITNEASP,0.7122044804912818,0.3376355106560417,multiclass,resnet,tox
WCYKMVHQFDGRLITNEASP,0.8083405778136772,0.4100499427620046,multiclass,custom,tox
WCYKMVHQFDGRLITNEASP,0.7166403802498706,0.3723292081525013,multiclass,resnet,tox
WCYKMVHQFDGRLITNEASP,0.8093969952685157,0.40609886334807566,multiclass,custom,tox
WCYKMVHQFDGRLITNEASP,0.7304947347572315,0.3806119868834381,multiclass,resnet,tox
WCYKMVHQFDGRLITNEASP,0.8021848846401538,0.4087282117067847,multiclass,custom,tox
WCYKMVHQFDGRLITNEASP,0.7443503350682936,0.3535185129748818,multiclass,resnet,tox
WCYKMVHQFDGRLITNEASP,0.8067435334185442,0.3934911120625406,multiclass,custom,tox
WCYKMVHQFDGRLITNEASP,0.6937894953773338,0.31864195293151065,multiclass,resnet,tox
WCYKMVHQFDGRLITNEASP,0.8059445624422725,0.4473682888148766,multiclass,custom,tox
WCYKMVHQFDGRLITNEASP,0.7346235113080023,0.3865503659840143,multiclass,resnet,tox
WCYKMVHQFDGRLITNEASP,0.8059535798950247,0.39161106404238566,multiclass,custom,tox
WCYKMVHQFDGRLITNEASP,0.7282401738703604,0.37509207333178735,multiclass,resnet,tox
WCYKMVHQFDGRLITNEASP,0.8042732634365428,0.3917099528434915,multiclass,custom,tox
WCYKMVHQFDGRLITNEASP,0.7241529406177618,0.37447517717971107,multiclass,resnet,tox
WCYKMVHQFDGRLITNEASP,0.8024161170986399,0.40527303085798716,multiclass,custom,tox
WCYKMVHQFDGRLITNEASP,0.7240062891532512,0.38938727092769454,multiclass,resnet,tox
WCYKMVHQFDGRLITNEASP,0.8082227143649046,0.4211930838982519,multiclass,custom,tox
WCYKMVHQFDGRLITNEASP,0.7184600056467223,0.34258086340923316,multiclass,resnet,tox
WCYKMVHQFDGRLITNEASP,0.8064479860761832,0.399167226912357,multiclass,custom,tox
WCYKMVHQFDGRLITNEASP,0.7532256585783583,0.4407899239626838,multiclass,resnet,tox
WCYKMVHQFDGRLITNEASP,0.8059460759601981,0.45522021103638827,multiclass,custom,tox
WCYKMVHQFDGRLITNEASP,0.7084315777574901,0.33383549191403183,multiclass,resnet,tox
WCYKMVHQFDGRLITNEASP,0.8040170606325198,0.4372377521968228,multiclass,custom,tox
WCYKMVHQFDGRLITNEASP,0.716026245430295,0.314574382014211,multiclass,resnet,tox
WCYKMVHQFDGRLITNEASP,0.808263426260367,0.4031003115144237,multiclass,custom,tox
WCYKMVHQFDGRLITNEASP,0.7404156532744164,0.3519711824179365,multiclass,resnet,tox
WCYKMVHQFDGRLITNEASP,0.7994091901097937,0.41943835502660437,multiclass,custom,tox
WCYKMVHQFDGRLITNEASP,0.7187520270139535,0.33885634818754207,multiclass,resnet,tox
WCYKMVHQFDGRLITNEASP,0.8074429741273091,0.45091733403784906,multiclass,custom,tox
WCYKMVHQFDGRLITNEASP,0.7286311450200056,0.3777794874586421,multiclass,resnet,tox
WCYKMVHQFDGRLITNEASP,0.808102824222108,0.4672003778148938,multiclass,custom,tox
WCYKMVHQFDGRLITNEASP,0.7285976327097881,0.32385198157050277,multiclass,resnet,tox
WCYKMVHQFDGRLITNEASP,0.8087172507691225,0.4097608937936611,multiclass,custom,tox
WCYKMVHQFDGRLITNEASP,0.7209649962027929,0.3014380859170621,multiclass,resnet,tox
WCYKMVHQFDGRLITNEASP,0.8115639258914049,0.4144503192580552,multiclass,custom,tox
WCYKMVHQFDGRLITNEASP,0.7334703737944761,0.394921066393647,multiclass,resnet,tox
WCYKMVHQFDGRLITNEASP,0.8076476608116115,0.4581931669194706,multiclass,custom,tox
WCYKMVHQFDGRLITNEASP,0.7301559390479142,0.3356553132086576,multiclass,resnet,tox
WCYKMVHQFDGRLITNEASP,0.8100518762812552,0.45066332922542857,multiclass,custom,tox
WCYKMVHQFDGRLITNEASP,0.7111998026013012,0.34117086527718893,multiclass,resnet,tox
WCYKMVHQFDGRLITNEASP,0.8104334277089439,0.4301258938211344,multiclass,custom,tox
WCYKMVHQFDGRLITNEASP,0.7255729442226064,0.4048841517018662,multiclass,resnet,tox
WCYKMVHQFDGRLITNEASP,0.8077631722097843,0.4034575380755617,multiclass,custom,tox
WCYKMVHQFDGRLITNEASP,0.7366115383794407,0.3748847349706804,multiclass,resnet,tox
WCYKMVHQFDGRLITNEASP,0.8074957743962674,0.46411495048894924,multiclass,custom,tox
WCYKMVHQFDGRLITNEASP,0.7617505706634659,0.42727064825318556,multiclass,resnet,tox
WCYKMVHQFDGRLITNEASP,0.8069062932989517,0.4693342096148645,multiclass,custom,tox
WCYKMVHQFDGRLITNEASP,0.7249286952126578,0.34347382179147035,multiclass,resnet,tox
WCYKMVHQFDGRLITNEASP,0.8083937108022022,0.46069578433333,multiclass,custom,tox
WCYKMVHQFDGRLITNEASP,0.7416963813953238,0.42599238124825806,multiclass,resnet,tox
WCYKMVHQFDGRLITNEASP,0.8054593024860586,0.41129743574620264,multiclass,custom,tox
WCYKMVHQFDGRLITNEASP,0.6985889409893609,0.30785980784907996,multiclass,resnet,tox
WCYKMVHQFDGRLITNEASP,0.8077519401802575,0.4042820721959404,multiclass,custom,tox
WCYKMVHQFDGRLITNEASP,0.7387429260408857,0.4231658659905138,multiclass,resnet,tox
WCYKMVHQFDGRLITNEASP,0.7974412155254476,0.38260765121872986,multiclass,custom,tox
WCYKMVHQFDGRLITNEASP,0.7437853328187991,0.3787531619747042,multiclass,resnet,tox
WCYKMVHQFDGRLITNEASP,0.8059308384285858,0.4066278414182958,multiclass,custom,tox
WCYKMVHQFDGRLITNEASP,0.7694376819473577,0.4483030770688405,multiclass,resnet,tox
WCYKMVHQFDGRLITNEASP,0.8071669175959724,0.39848722531486097,multiclass,custom,tox
WCYKMVHQFDGRLITNEASP,0.7156167463313541,0.3552558299228818,multiclass,resnet,tox
WCYKMVHQFDGRLITNEASP,0.8028747157996989,0.45377015925514497,multiclass,custom,tox
WCYKMVHQFDGRLITNEASP,0.7235611374208799,0.34779137868689364,multiclass,resnet,tox
WCYKMVHQFDGRLITNEASP,0.8064210963786724,0.40122907063251156,multiclass,custom,tox
WCYKMVHQFDGRLITNEASP,0.7318135427114655,0.40026711024077877,multiclass,resnet,tox
WCYKMVHQFDGRLITNEASP,0.8080880608968763,0.4288105782635537,multiclass,custom,tox
WCYKMVHQFDGRLITNEASP,0.6811812602362425,0.2905895295588945,multiclass,resnet,tox
WCYKMVHQFDGRLITNEASP,0.8078215161017912,0.4288274084777027,multiclass,custom,tox
WCYKMVHQFDGRLITNEASP,0.7202200573450493,0.39372563786219167,multiclass,resnet,tox
WCYKMVHQFDGRLITNEASP,0.808135006102875,0.43458142910293807,multiclass,custom,tox
WCYKMVHQFDGRLITNEASP,0.7049930648340633,0.3653398637878568,multiclass,resnet,tox
WCYKMVHQFDGRLITNEASP,0.8076329993430355,0.4355254550071426,multiclass,custom,tox
WCYKMVHQFDGRLITNEASP,0.7514286051361383,0.371027968667262,multiclass,resnet,tox
WCYKMVHQFDGRLITNEASP,0.8063105983628496,0.39868868132224156,multiclass,custom,tox
WCYKMVHQFDGRLITNEASP,0.7384124830650685,0.3650369165291558,multiclass,resnet,tox
WCYKMVHQFDGRLITNEASP,0.8048466680910064,0.3885589697689757,multiclass,custom,tox
WCYKMVHQFDGRLITNEASP,0.7148583444671749,0.37900003572898544,multiclass,resnet,tox
WCYKMVHQFDGRLITNEASP,0.8059585424591923,0.4720029577719628,multiclass,custom,tox
WCYKMVHQFDGRLITNEASP,0.7114516887410318,0.3008176690364266,multiclass,resnet,tox
WCYKMVHQFDGRLITNEASP,0.8108180399086568,0.4124028105134093,multiclass,custom,tox
WCYKMVHQFDGRLITNEASP,0.7258884848276503,0.39187052312073756,multiclass,resnet,tox
WCYKMVHQFDGRLITNEASP,0.8083598779105255,0.47524322241839656,multiclass,custom,tox
WCYKMVHQFDGRLITNEASP,0.7063948706859955,0.3257499602649251,multiclass,resnet,tox
WCYKMVHQFDGRLITNEASP,0.8035100566400676,0.4501128240081417,multiclass,custom,tox
WCYKMVHQFDGRLITNEASP,0.7356438056565547,0.41638595458768285,multiclass,resnet,tox
WCYKMVHQFDGRLITNEASP,0.8043987711787569,0.4018924445322435,multiclass,custom,tox
WCYKMVHQFDGRLITNEASP,0.7310601168404249,0.34255004384850574,multiclass,resnet,tox
WCYKMVHQFDGRLITNEASP,0.8110808161141568,0.44520668818672277,multiclass,custom,tox
WCYKMVHQFDGRLITNEASP,0.73714550758621,0.3567400701438094,multiclass,resnet,tox
WCYKMVHQFDGRLITNEASP,0.8107948381382336,0.46375604283602156,multiclass,custom,tox
WCYKMVHQFDGRLITNEASP,0.7182486566283008,0.36332553903263864,multiclass,resnet,tox
WCYKMVHQFDGRLITNEASP,0.8035529515659187,0.45323066363244174,multiclass,custom,tox
WCYKMVHQFDGRLITNEASP,0.7077461834152997,0.29975235569225056,multiclass,resnet,tox
WCYKMVHQFDGRLITNEASP,0.8107307798076739,0.44283840858060086,multiclass,custom,tox
WCYKMVHQFDGRLITNEASP,0.7373397764358153,0.39876815332871923,multiclass,resnet,tox
WCYKMVHQFDGRLITNEASP,0.8071457629257764,0.4604905217387715,multiclass,custom,tox
WCYKMVHQFDGRLITNEASP,0.6712326790025702,0.3193628683136901,multiclass,resnet,tox
WCYKMVHQFDGRLITNEASP,0.803329774347807,0.4424300668237799,multiclass,custom,tox
WCYKMVHQFDGRLITNEASP,0.7179017251751714,0.34282512469100707,multiclass,resnet,tox
WCYKMVHQFDGRLITNEASP,0.8068833510631446,0.39112446647303506,multiclass,custom,tox
WCYKMVHQFDGRLITNEASP,0.7238801829301622,0.32101171458998934,multiclass,resnet,tox
WCYKMVHQFDGRLITNEASP,0.8052808669367211,0.3806576435720808,multiclass,custom,tox
WCYKMVHQFDGRLITNEASP,0.7359982623451238,0.4016615518517919,multiclass,resnet,tox
WCYKMVHQFDGRLITNEASP,0.8063894730438304,0.3944703836227853,multiclass,custom,tox
WCYKMVHQFDGRLITNEASP,0.7434506972385384,0.3706818448429336,multiclass,resnet,tox
WCYKMVHQFDGRLITNEASP,0.8022293767053675,0.38844732362905304,multiclass,custom,tox
WCYKMVHQFDGRLITNEASP,0.7367496269196048,0.38770724446719795,multiclass,resnet,tox
WCYKMVHQFDGRLITNEASP,0.7986355799241587,0.42419105550132147,multiclass,custom,tox
WCYKMVHQFDGRLITNEASP,0.7272980357488715,0.3935826349147321,multiclass,resnet,tox
WCYKMVHQFDGRLITNEASP,0.8023446090039199,0.38622061376151906,multiclass,custom,tox
WCYKMVHQFDGRLITNEASP,0.7571568179935091,0.39172943858240716,multiclass,resnet,tox
WCYKMVHQFDGRLITNEASP,0.808409173618362,0.4645449772580833,multiclass,custom,tox
WCYKMVHQFDGRLITNEASP,0.7455723996324484,0.39606824327059165,multiclass,resnet,tox
WCYKMVHQFDGRLITNEASP,0.8075654023351948,0.4238638535779294,multiclass,custom,tox
WCYKMVHQFDGRLITNEASP,0.7330644522319228,0.3703170267759578,multiclass,resnet,tox
WCYKMVHQFDGRLITNEASP,0.8055164000639092,0.41599400746329984,multiclass,custom,tox
WCYKMVHQFDGRLITNEASP,0.7298420767290601,0.351076526615283,multiclass,resnet,tox
WCYKMVHQFDGRLITNEASP,0.8088696692015466,0.45361461503769984,multiclass,custom,tox
WCYKMVHQFDGRLITNEASP,0.7226779862643522,0.3027587571543049,multiclass,resnet,tox
WCYKMVHQFDGRLITNEASP,0.8078440344017827,0.41974635976491975,multiclass,custom,tox
WCYKMVHQFDGRLITNEASP,0.7216153546588681,0.37331168880991145,multiclass,resnet,tox
WCYKMVHQFDGRLITNEASP,0.8099211479191117,0.4686265498001597,multiclass,custom,tox
WCYKMVHQFDGRLITNEASP,0.7240303587056198,0.3470266918301747,multiclass,resnet,tox
WCYKMVHQFDGRLITNEASP,0.8089047775530925,0.4270113092410804,multiclass,custom,tox
WCYKMVHQFDGRLITNEASP,0.7234898094748214,0.32145117176482263,multiclass,resnet,tox
WCYKMVHQFDGRLITNEASP,0.8087974765667715,0.4321020027435045,multiclass,custom,tox
WCYKMVHQFDGRLITNEASP,0.7409247065379463,0.40339191730005586,multiclass,resnet,tox
WCYKMVHQFDGRLITNEASP,0.806720203343616,0.41823240348219104,multiclass,custom,tox
WCYKMVHQFDGRLITNEASP,0.7404189439912167,0.3457264628711535,multiclass,resnet,tox
WCYKMVHQFDGRLITNEASP,0.8063136146347158,0.38903415667484526,multiclass,custom,tox
WCYKMVHQFDGRLITNEASP,0.7342028744052469,0.35796759309413345,multiclass,resnet,tox
WCYKMVHQFDGRLITNEASP,0.8033330744990413,0.3874995759480162,multiclass,custom,tox
WCYKMVHQFDGRLITNEASP,0.7133143348282578,0.3677053303833312,multiclass,resnet,tox
WCYKMVHQFDGRLITNEASP,0.8080439250865638,0.4167546750240782,multiclass,custom,tox
WCYKMVHQFDGRLITNEASP,0.7075178660158928,0.29954759576397044,multiclass,resnet,tox
WCYKMVHQFDGRLITNEASP,0.8069789267080483,0.4386126348737459,multiclass,custom,tox
WCYKMVHQFDGRLITNEASP,0.7221500341376754,0.3432947427984297,multiclass,resnet,tox
WCYKMVHQFDGRLITNEASP,0.8067121099200276,0.39328246731051,multiclass,custom,tox
WCYKMVHQFDGRLITNEASP,0.7142305351667397,0.31456996586489605,multiclass,resnet,tox
WCYKMVHQFDGRLITNEASP,0.8064360146595003,0.4440579237567331,multiclass,custom,tox
WCYKMVHQFDGRLITNEASP,0.7190139073209634,0.37135317236630794,multiclass,resnet,tox
WCYKMVHQFDGRLITNEASP,0.8088684969471964,0.4551931334125355,multiclass,custom,tox
WCYKMVHQFDGRLITNEASP,0.7272270958212639,0.32954262577511984,multiclass,resnet,tox
WCYKMVHQFDGRLITNEASP,0.8103488686252227,0.4383109669228008,multiclass,custom,tox
WCYKMVHQFDGRLITNEASP,0.7216044615029432,0.36604712906101333,multiclass,resnet,tox
WCYKMVHQFDGRLITNEASP,0.8038799583599175,0.4001706512900583,multiclass,custom,tox
WCYKMVHQFDGRLITNEASP,0.7316084171192963,0.36777158842663815,multiclass,resnet,tox
WCYKMVHQFDGRLITNEASP,0.8058349794983425,0.4420228818123012,multiclass,custom,tox
WCYKMVHQFDGRLITNEASP,0.7173773681967448,0.3126632075910552,multiclass,resnet,tox
WCYKMVHQFDGRLITNEASP,0.8014794603589307,0.43309325891738404,multiclass,custom,tox
WCYKMVHQFDGRLITNEASP,0.7174940925969792,0.2915024510596874,multiclass,resnet,tox
WCYKMVHQFDGRLITNEASP,0.8031581631264448,0.41544343513205745,multiclass,custom,tox
WCYKMVHQFDGRLITNEASP,0.7026295126339124,0.3527236255022314,multiclass,resnet,tox
WCYKMVHQFDGRLITNEASP,0.8050532557720341,0.4481774208170054,multiclass,custom,tox
WCYKMVHQFDGRLITNEASP,0.7350111976944624,0.40198695711705107,multiclass,resnet,tox
WCYKMVHQFDGRLITNEASP,0.7976342070048993,0.4680519353856337,multiclass,custom,tox
WCYKMVHQFDGRLITNEASP,0.7547795926323244,0.40018730127082736,multiclass,resnet,tox
WCYKMVHQFDGRLITNEASP,0.802634033194128,0.4509348309128279,multiclass,custom,tox
WCYKMVHQFDGRLITNEASP,0.7421454233375732,0.40760257695609275,multiclass,resnet,tox
WCYKMVHQFDGRLITNEASP,0.8055561353703092,0.45620888139234095,multiclass,custom,tox
WCYKMVHQFDGRLITNEASP,0.748720127014346,0.3980747564144534,multiclass,resnet,tox
WCYKMVHQFDGRLITNEASP,0.8082110943213741,0.41165061898068733,multiclass,custom,tox
WCYKMVHQFDGRLITNEASP,0.735826485262183,0.3776223027630795,multiclass,resnet,tox
WCYKMVHQFDGRLITNEASP,0.8061425550665937,0.39301489744660806,multiclass,custom,tox
WCYKMVHQFDGRLITNEASP,0.7280696913733677,0.3485256168722059,multiclass,resnet,tox
WCYKMVHQFDGRLITNEASP,0.8081234914200403,0.4320712799342961,multiclass,custom,tox
WCYKMVHQFDGRLITNEASP,0.7445461705834387,0.400839287521643,multiclass,resnet,tox
WCYKMVHQFDGRLITNEASP,0.8062790586826092,0.39687831043057575,multiclass,custom,tox
WCYKMVHQFDGRLITNEASP,0.716242514578818,0.3725515344275116,multiclass,resnet,tox
WCYKMVHQFDGRLITNEASP,0.8107308804445491,0.46387127310269144,multiclass,custom,tox
WCYKMVHQFDGRLITNEASP,0.7367272739495986,0.366715841402687,multiclass,resnet,tox
WCYKMVHQFDGRLITNEASP,0.8040646217069041,0.40761295843037965,multiclass,custom,tox
WCYKMVHQFDGRLITNEASP,0.7221111777977833,0.4244539468292655,multiclass,resnet,tox
WCYKMVHQFDGRLITNEASP,0.8060777928826989,0.44756153724366393,multiclass,custom,tox
WCYKMVHQFDGRLITNEASP,0.7276542772637387,0.35370765707975993,multiclass,resnet,tox
WCYKMVHQFDGRLITNEASP,0.8063233870829863,0.4416491440213788,multiclass,custom,tox
WCYKMVHQFDGRLITNEASP,0.7204347762661782,0.40036511438677014,multiclass,resnet,tox
WCYKMVHQFDGRLITNEASP,0.8050565665617778,0.4748316362732582,multiclass,custom,tox
WCYKMVHQFDGRLITNEASP,0.7041948937143003,0.33138531892888945,multiclass,resnet,tox
WCYKMVHQFDGRLITNEASP,0.8042402665492643,0.46284125985733315,multiclass,custom,tox
WCYKMVHQFDGRLITNEASP,0.7020057498921266,0.332458420371481,multiclass,resnet,tox
WCYKMVHQFDGRLITNEASP,0.8060555543064641,0.4578580784229417,multiclass,custom,tox
WCYKMVHQFDGRLITNEASP,0.7067495992120664,0.32322474245288096,multiclass,resnet,tox
WCYKMVHQFDGRLITNEASP,0.8038379045078659,0.41554633070245217,multiclass,custom,tox
WCYKMVHQFDGRLITNEASP,0.7168889073287614,0.37196877425683256,multiclass,resnet,tox
WCYKMVHQFDGRLITNEASP,0.8067583761313868,0.46013644766455003,multiclass,custom,tox
WCYKMVHQFDGRLITNEASP,0.6989238998754317,0.34347761941400134,multiclass,resnet,tox
WCYKMVHQFDGRLITNEASP,0.8072542722455003,0.4078045310345829,multiclass,custom,tox
WCYKMVHQFDGRLITNEASP,0.7558545102944392,0.3798661555611454,multiclass,resnet,tox
WCYKMVHQFDGRLITNEASP,0.8097710633157691,0.4284898032554397,multiclass,custom,tox
WCYKMVHQFDGRLITNEASP,0.7278884305043481,0.3368140649455326,multiclass,resnet,tox
WCYKMVHQFDGRLITNEASP,0.803679377493666,0.4617397105244706,multiclass,custom,tox
WCYKMVHQFDGRLITNEASP,0.6959164102693075,0.3695275145005962,multiclass,resnet,tox
WCYKMVHQFDGRLITNEASP,0.8081736740151791,0.4576757851864925,multiclass,custom,tox
WCYKMVHQFDGRLITNEASP,0.6972009179378412,0.2659691232104921,multiclass,resnet,tox
WCYKMVHQFDGRLITNEASP,0.8045893067598724,0.4425302649107688,multiclass,custom,tox
WCYKMVHQFDGRLITNEASP,0.7249481764590859,0.3632893350438432,multiclass,resnet,tox
WCYKMVHQFDGRLITNEASP,0.8012727364565114,0.4308307271020718,multiclass,custom,tox
WCYKMVHQFDGRLITNEASP,0.7121928135319318,0.33208029438551284,multiclass,resnet,tox
WCYKMVHQFDGRLITNEASP,0.8097613612292351,0.4528905722009364,multiclass,custom,tox
WCYKMVHQFDGRLITNEASP,0.7240756196132705,0.35617123280466656,multiclass,resnet,tox
WCYKMVHQFDGRLITNEASP,0.8080245439933933,0.467085323066883,multiclass,custom,tox
WCYKMVHQFDGRLITNEASP,0.7265153989873551,0.3423131845588733,multiclass,resnet,tox
WCYKMVHQFDGRLITNEASP,0.8042420225401441,0.45928797270970073,multiclass,custom,tox
WCYKMVHQFDGRLITNEASP,0.7005402874810656,0.34807413761427486,multiclass,resnet,tox
WCYKMVHQFDGRLITNEASP,0.8079719289419632,0.47775540273025785,multiclass,custom,tox
WCYKMVHQFDGRLITNEASP,0.7209637965638155,0.4080191833461953,multiclass,resnet,tox
WCYKMVHQFDGRLITNEASP,0.80365107980757,0.44371201276943106,multiclass,custom,tox
WCYKMVHQFDGRLITNEASP,0.705922465323761,0.33834822682648397,multiclass,resnet,tox
WCYKMVHQFDGRLITNEASP,0.8042183722924081,0.3921201242189668,multiclass,custom,tox
WCYKMVHQFDGRLITNEASP,0.7134010914535436,0.3671717449069921,multiclass,resnet,tox
WCYKMVHQFDGRLITNEASP,0.8082592689005186,0.4660201140779261,multiclass,custom,tox
WCYKMVHQFDGRLITNEASP,0.7357545209861953,0.3551423441227422,multiclass,resnet,tox
WCYKMVHQFDGRLITNEASP,0.8038323705786213,0.3901997076678011,multiclass,custom,tox
WCYKMVHQFDGRLITNEASP,0.7346937876034823,0.4288391583422523,multiclass,resnet,tox
WCYKMVHQFDGRLITNEASP,0.8092176164578829,0.4321235589092174,multiclass,custom,tox
WCYKMVHQFDGRLITNEASP,0.7180122855622476,0.3707847417426456,multiclass,resnet,tox
WCYKMVHQFDGRLITNEASP,0.8031386933666316,0.4405054416321602,multiclass,custom,tox
WCYKMVHQFDGRLITNEASP,0.6971379827197843,0.36069249440130885,multiclass,resnet,tox
WCYKMVHQFDGRLITNEASP,0.8018308936822489,0.39136405834246113,multiclass,custom,tox
WCYKMVHQFDGRLITNEASP,0.6734268534402654,0.2855676934317243,multiclass,resnet,tox
WCYKMVHQFDGRLITNEASP,0.8078712265758885,0.41195543408571567,multiclass,custom,tox
WCYKMVHQFDGRLITNEASP,0.734747477356233,0.41774145853175204,multiclass,resnet,tox
WCYKMVHQFDGRLITNEASP,0.8056853502898651,0.3976501761110841,multiclass,custom,tox
WCYKMVHQFDGRLITNEASP,0.7220375985405735,0.34846454905278434,multiclass,resnet,tox
WCYKMVHQFDGRLITNEASP,0.8032284762158074,0.4552105245407197,multiclass,custom,tox
WCYKMVHQFDGRLITNEASP,0.7133670789282567,0.31184479617042177,multiclass,resnet,tox
WCYKMVHQFDGRLITNEASP,0.803671763974806,0.46835463707158453,multiclass,custom,tox
WCYKMVHQFDGRLITNEASP,0.7028295763039393,0.33680927717361897,multiclass,resnet,tox
WCYKMVHQFDGRLITNEASP,0.806353402519693,0.45189589199911195,multiclass,custom,tox
WCYKMVHQFDGRLITNEASP,0.7265592227079132,0.38689012265636336,multiclass,resnet,tox
WCYKMVHQFDGRLITNEASP,0.8068031836482913,0.45477436990331555,multiclass,custom,tox
WCYKMVHQFDGRLITNEASP,0.7361700057255239,0.4078486258904417,multiclass,resnet,tox
WCYKMVHQFDGRLITNEASP,0.8060968856569699,0.4042799973315409,multiclass,custom,tox
WCYKMVHQFDGRLITNEASP,0.7244100139356482,0.3978324226996271,multiclass,resnet,tox
WCYKMVHQFDGRLITNEASP,0.8041259749674099,0.4324429465285545,multiclass,custom,tox
WCYKMVHQFDGRLITNEASP,0.7554311153458168,0.38350668057715287,multiclass,resnet,tox
WCYKMVHQFDGRLITNEASP,0.8092673523294911,0.44779017254421055,multiclass,custom,tox
WCYKMVHQFDGRLITNEASP,0.7146106974729867,0.35786751107370135,multiclass,resnet,tox
WCYKMVHQFDGRLITNEASP,0.8046218433031418,0.45035361176775063,multiclass,custom,tox
WCYKMVHQFDGRLITNEASP,0.7342722335238788,0.3881013926534833,multiclass,resnet,tox
WCYKMVHQFDGRLITNEASP,0.8019039370703129,0.42211080700304027,multiclass,custom,tox
WCYKMVHQFDGRLITNEASP,0.7119809089156226,0.34671754235638336,multiclass,resnet,tox
WCYKMVHQFDGRLITNEASP,0.8078808508309893,0.43567756437848404,multiclass,custom,tox
WCYKMVHQFDGRLITNEASP,0.7128324311957382,0.3467126490530746,multiclass,resnet,tox
WCYKMVHQFDGRLITNEASP,0.8084020622378933,0.4348020651895432,multiclass,custom,tox
WCYKMVHQFDGRLITNEASP,0.7062847125172895,0.3528164696094146,multiclass,resnet,tox
WCYKMVHQFDGRLITNEASP,0.8068900474124453,0.4724177442973806,multiclass,custom,tox
WCYKMVHQFDGRLITNEASP,0.7140180475437926,0.36673224878191946,multiclass,resnet,tox
WCYKMVHQFDGRLITNEASP,0.8075370436342599,0.43370840362442264,multiclass,custom,tox
WCYKMVHQFDGRLITNEASP,0.6788646072195258,0.2670418272591468,multiclass,resnet,tox
WCYKMVHQFDGRLITNEASP,0.8032240255403306,0.4577154442425916,multiclass,custom,tox
WCYKMVHQFDGRLITNEASP,0.7220201183321134,0.39088354823747085,multiclass,resnet,tox
WCYKMVHQFDGRLITNEASP,0.8038616792120873,0.4392501486664229,multiclass,custom,tox
WCYKMVHQFDGRLITNEASP,0.7195495376323656,0.36455569090853984,multiclass,resnet,tox
WCYKMVHQFDGRLITNEASP,0.8084372209966997,0.4222833255089709,multiclass,custom,tox
WCYKMVHQFDGRLITNEASP,0.7316556017561785,0.36755156953109996,multiclass,resnet,tox
WCYKMVHQFDGRLITNEASP,0.8064602105131892,0.48225233257504324,multiclass,custom,tox
WCYKMVHQFDGRLITNEASP,0.7355345267054766,0.3854323540626321,multiclass,resnet,tox
WCYKMVHQFDGRLITNEASP,0.809732356595898,0.44323880346519384,multiclass,custom,tox
WCYKMVHQFDGRLITNEASP,0.6831447774174948,0.2750406212033598,multiclass,resnet,tox
WCYKMVHQFDGRLITNEASP,0.8068948710773579,0.38833110797413706,multiclass,custom,tox
WCYKMVHQFDGRLITNEASP,0.7388404009975446,0.39993641697423543,multiclass,resnet,tox
WCYKMVHQFDGRLITNEASP,0.8041829149299919,0.3911290694772492,multiclass,custom,tox
WCYKMVHQFDGRLITNEASP,0.7025836750244903,0.3547179053659118,multiclass,resnet,tox
WCYKMVHQFDGRLITNEASP,0.8058339401920496,0.3979645109063947,multiclass,custom,tox
WCYKMVHQFDGRLITNEASP,0.7354206011568964,0.4258737745812902,multiclass,resnet,tox
WCYKMVHQFDGRLITNEASP,0.8022090259767409,0.42116490730279993,multiclass,custom,tox
WCYKMVHQFDGRLITNEASP,0.7426639245325237,0.3438453272122509,multiclass,resnet,tox
WCYKMVHQFDGRLITNEASP,0.805485250601477,0.42937211131885544,multiclass,custom,tox
WCYKMVHQFDGRLITNEASP,0.7312383131748946,0.34003185908199096,multiclass,resnet,tox
WCYKMVHQFDGRLITNEASP,0.8023935940940579,0.3828568563808186,multiclass,custom,tox
WCYKMVHQFDGRLITNEASP,0.7439129307341154,0.39325857188924457,multiclass,resnet,tox
WCYKMVHQFDGRLITNEASP,0.8061152350761803,0.3961469996951509,multiclass,custom,tox
WCYKMVHQFDGRLITNEASP,0.7011220455546814,0.3213218993839784,multiclass,resnet,tox
WCYKMVHQFDGRLITNEASP,0.8061515134008301,0.45015111275710923,multiclass,custom,tox
WCYKMVHQFDGRLITNEASP,0.7270796064578396,0.3662102403932649,multiclass,resnet,tox
WCYKMVHQFDGRLITNEASP,0.8005446290787104,0.432559728807257,multiclass,custom,tox
WCYKMVHQFDGRLITNEASP,0.6996502043956634,0.3219758418216553,multiclass,resnet,tox
WCYKMVHQFDGRLITNEASP,0.8084427631374048,0.4142435874566243,multiclass,custom,tox
WCYKMVHQFDGRLITNEASP,0.7115246932666771,0.31894565285869636,multiclass,resnet,tox
WCYKMVHQFDGRLITNEASP,0.8022900613165845,0.43805539431379215,multiclass,custom,tox
WCYKMVHQFDGRLITNEASP,0.7327975302390443,0.43060861806364886,multiclass,resnet,tox
WCYKMVHQFDGRLITNEASP,0.8058708532053664,0.4390794249888783,multiclass,custom,tox
WCYKMVHQFDGRLITNEASP,0.7397937982206866,0.4286262339495163,multiclass,resnet,tox
WCYKMVHQFDGRLITNEASP,0.8013278382003269,0.44931520844745415,multiclass,custom,tox
WCYKMVHQFDGRLITNEASP,0.7390772079211729,0.35751109534331593,multiclass,resnet,tox
WCYKMVHQFDGRLITNEASP,0.8030870622110516,0.4589515340067346,multiclass,custom,tox
WCYKMVHQFDGRLITNEASP,0.761808162750594,0.4251808973625836,multiclass,resnet,tox
WCYKMVHQFDGRLITNEASP,0.8018408693867624,0.432887716176387,multiclass,custom,tox
WCYKMVHQFDGRLITNEASP,0.6972820324815896,0.3008390832093882,multiclass,resnet,tox
WCYKMVHQFDGRLITNEASP,0.8092495767410467,0.42188469229961634,multiclass,custom,tox
WCYKMVHQFDGRLITNEASP,0.728387111792174,0.39295814543647467,multiclass,resnet,tox
WCYKMVHQFDGRLITNEASP,0.8056444975790171,0.4564929235761487,multiclass,custom,tox
WCYKMVHQFDGRLITNEASP,0.7117890214467184,0.3386337940917359,multiclass,resnet,tox
WCYKMVHQFDGRLITNEASP,0.8070980288164329,0.4126210671855432,multiclass,custom,tox
WCYKMVHQFDGRLITNEASP,0.7440711448919235,0.3775983765790039,multiclass,resnet,tox
WCYKMVHQFDGRLITNEASP,0.8043558448722601,0.45747953789413937,multiclass,custom,tox
WCYKMVHQFDGRLITNEASP,0.734099084271694,0.39626788789893697,multiclass,resnet,tox
WCYKMVHQFDGRLITNEASP,0.807257774172729,0.4627502838052857,multiclass,custom,tox
WCYKMVHQFDGRLITNEASP,0.7482918971405177,0.403121624088001,multiclass,resnet,tox
WCYKMVHQFDGRLITNEASP,0.8111127406109151,0.4181855981746769,multiclass,custom,tox
WCYKMVHQFDGRLITNEASP,0.7089542128560393,0.3195182893434548,multiclass,resnet,tox
WCYKMVHQFDGRLITNEASP,0.8070857250252121,0.4225001252738922,multiclass,custom,tox
WCYKMVHQFDGRLITNEASP,0.697167296097829,0.263667325771147,multiclass,resnet,tox
WCYKMVHQFDGRLITNEASP,0.8088836742456085,0.4522415643879902,multiclass,custom,tox
WCYKMVHQFDGRLITNEASP,0.6825203635599747,0.26997092569313874,multiclass,resnet,tox
WCYKMVHQFDGRLITNEASP,0.8092721874297626,0.4621862348178138,multiclass,custom,tox
WCYKMVHQFDGRLITNEASP,0.7264152262406006,0.3632477088226551,multiclass,resnet,tox
WCYKMVHQFDGRLITNEASP,0.8030887548865089,0.4459277959319775,multiclass,custom,tox
WCYKMVHQFDGRLITNEASP,0.7031032928452975,0.32301934712435243,multiclass,resnet,tox
WCYKMVHQFDGRLITNEASP,0.8049278261208868,0.4407455202652586,multiclass,custom,tox
WCYKMVHQFDGRLITNEASP,0.7125999305136151,0.3378282140985667,multiclass,resnet,tox
WCYKMVHQFDGRLITNEASP,0.8049178163733239,0.433990373901052,multiclass,custom,tox
WCYKMVHQFDGRLITNEASP,0.6882598507182582,0.31915664999853977,multiclass,resnet,tox
WCYKMVHQFDGRLITNEASP,0.8082843122145743,0.48346830732515694,multiclass,custom,tox
WCYKMVHQFDGRLITNEASP,0.7323684571514392,0.37637321917532995,multiclass,resnet,tox
WCYKMVHQFDGRLITNEASP,0.80425802509272,0.404247899053052,multiclass,custom,tox
WCYKMVHQFDGRLITNEASP,0.7239406843016704,0.3981737873349581,multiclass,resnet,tox
WCYKMVHQFDGRLITNEASP,0.8094593245574755,0.39433197553283145,multiclass,custom,tox
WCYKMVHQFDGRLITNEASP,0.7249284276932422,0.3448582493605975,multiclass,resnet,tox
WCYKMVHQFDGRLITNEASP,0.798037317793842,0.37855026033849565,multiclass,custom,tox
WCYKMVHQFDGRLITNEASP,0.7235471832198026,0.34389352351055436,multiclass,resnet,tox
WCYKMVHQFDGRLITNEASP,0.804328708857376,0.44552016029057945,multiclass,custom,tox
WCYKMVHQFDGRLITNEASP,0.6985508131606062,0.31896883218359523,multiclass,resnet,tox
WCYKMVHQFDGRLITNEASP,0.7999320736198644,0.384183566379747,multiclass,custom,tox
WCYKMVHQFDGRLITNEASP,0.7470935860386354,0.4039543396376737,multiclass,resnet,tox
WCYKMVHQFDGRLITNEASP,0.8063163799146942,0.42140869741184056,multiclass,custom,tox
WCYKMVHQFDGRLITNEASP,0.734972485054867,0.3876712561005612,multiclass,resnet,tox
WCYKMVHQFDGRLITNEASP,0.8063158884895122,0.46702911636580824,multiclass,custom,tox
WCYKMVHQFDGRLITNEASP,0.7499579004385986,0.3460278312299711,multiclass,resnet,tox
WCYKMVHQFDGRLITNEASP,0.8074807749514126,0.4376167923624751,multiclass,custom,tox
WCYKMVHQFDGRLITNEASP,0.741487689151958,0.37149423208084403,multiclass,resnet,tox
WCYKMVHQFDGRLITNEASP,0.8033568730078864,0.44572854741813817,multiclass,custom,tox
WCYKMVHQFDGRLITNEASP,0.7361021477225022,0.39163878230239163,multiclass,resnet,tox
WCYKMVHQFDGRLITNEASP,0.8081736523693035,0.45559879395078784,multiclass,custom,tox
WCYKMVHQFDGRLITNEASP,0.7078278347826653,0.32924534791273274,multiclass,resnet,tox
WCYKMVHQFDGRLITNEASP,0.8022441323420967,0.42598339068399005,multiclass,custom,tox
WCYKMVHQFDGRLITNEASP,0.734970738031899,0.4209405383461675,multiclass,resnet,tox
WCYKMVHQFDGRLITNEASP,0.8042840144295805,0.415515596203967,multiclass,custom,tox
WCYKMVHQFDGRLITNEASP,0.7010663857167365,0.3025676881499565,multiclass,resnet,tox
WCYKMVHQFDGRLITNEASP,0.807895467448607,0.4029540367100372,multiclass,custom,tox
WCYKMVHQFDGRLITNEASP,0.7322136383458001,0.39387663892497543,multiclass,resnet,tox
WCYKMVHQFDGRLITNEASP,0.8077270568098562,0.44710165017251635,multiclass,custom,tox
WCYKMVHQFDGRLITNEASP,0.735004701367513,0.3658030743563801,multiclass,resnet,tox
WCYKMVHQFDGRLITNEASP,0.8052287864573122,0.4513345946640242,multiclass,custom,tox
WCYKMVHQFDGRLITNEASP,0.7212181380143966,0.35695855800530396,multiclass,resnet,tox
WCYKMVHQFDGRLITNEASP,0.8065192753749864,0.4670459499619347,multiclass,custom,tox
WCYKMVHQFDGRLITNEASP,0.7365888362277755,0.3426533797465474,multiclass,resnet,tox
WCYKMVHQFDGRLITNEASP,0.8093328394994582,0.4184639763891031,multiclass,custom,tox
WCYKMVHQFDGRLITNEASP,0.7282552686144835,0.36520620997779857,multiclass,resnet,tox
WCYKMVHQFDGRLITNEASP,0.7981147282375395,0.38173053307344446,multiclass,custom,tox
WCYKMVHQFDGRLITNEASP,0.7481127990741925,0.4065460451692304,multiclass,resnet,tox
WCYKMVHQFDGRLITNEASP,0.8075309067445273,0.44666256285854705,multiclass,custom,tox
WCYKMVHQFDGRLITNEASP,0.7226309393229184,0.3869757126071099,multiclass,resnet,tox
WCYKMVHQFDGRLITNEASP,0.801873292243647,0.45756847551014757,multiclass,custom,tox
WCYKMVHQFDGRLITNEASP,0.7330951439070604,0.35972034814385967,multiclass,resnet,tox
WCYKMVHQFDGRLITNEASP,0.8053550561581047,0.39177734578631107,multiclass,custom,tox
WCYKMVHQFDGRLITNEASP,0.7252545095096288,0.40160313481430265,multiclass,resnet,tox
WCYKMVHQFDGRLITNEASP,0.8072696943026954,0.40019472555115393,multiclass,custom,tox
WCYKMVHQFDGRLITNEASP,0.7166187752834763,0.36927912877431174,multiclass,resnet,tox
WCYKMVHQFDGRLITNEASP,0.8057650390139536,0.3866053830227743,multiclass,custom,tox
WCYKMVHQFDGRLITNEASP,0.7246438578221184,0.361773590447562,multiclass,resnet,tox
WCYKMVHQFDGRLITNEASP,0.7990637364913725,0.42498375777412367,multiclass,custom,tox
WCYKMVHQFDGRLITNEASP,0.7379537070199204,0.4206355648748653,multiclass,resnet,tox
WCYKMVHQFDGRLITNEASP,0.8051839825651033,0.44290510640948544,multiclass,custom,tox
WCYKMVHQFDGRLITNEASP,0.7255762802959385,0.33659637050400076,multiclass,resnet,tox
WCYKMVHQFDGRLITNEASP,0.8053435775114453,0.40900996665247985,multiclass,custom,tox
WCYKMVHQFDGRLITNEASP,0.6824041913073213,0.2764263699218711,multiclass,resnet,tox
WCYKMVHQFDGRLITNEASP,0.8058605082446515,0.4688618009605799,multiclass,custom,tox
WCYKMVHQFDGRLITNEASP,0.7489649367593463,0.44781003499746835,multiclass,resnet,tox
WCYKMVHQFDGRLITNEASP,0.8054475227330384,0.4364535817201075,multiclass,custom,tox
WCYKMVHQFDGRLITNEASP,0.7041408226734273,0.34143701761628514,multiclass,resnet,tox
WCYKMVHQFDGRLITNEASP,0.8009055132220892,0.3828175647727122,multiclass,custom,tox
WCYKMVHQFDGRLITNEASP,0.7258042152693956,0.4292901595360602,multiclass,resnet,tox
WCYKMVHQFDGRLITNEASP,0.8049073488978056,0.40554534159847827,multiclass,custom,tox
WCYKMVHQFDGRLITNEASP,0.7380237039844934,0.3623647929374795,multiclass,resnet,tox
WCYKMVHQFDGRLITNEASP,0.8109818461521991,0.4743370497076054,multiclass,custom,tox
WCYKMVHQFDGRLITNEASP,0.7226029030817948,0.41700524246889614,multiclass,resnet,tox
WCYKMVHQFDGRLITNEASP,0.8097816460876391,0.4427756535875165,multiclass,custom,tox
WCYKMVHQFDGRLITNEASP,0.7330512061510897,0.3548883641644196,multiclass,resnet,tox
WCYKMVHQFDGRLITNEASP,0.8058261669542907,0.45282099059954256,multiclass,custom,tox
WCYKMVHQFDGRLITNEASP,0.7290249799252594,0.37769895203180576,multiclass,resnet,tox
WCYKMVHQFDGRLITNEASP,0.8085591835078715,0.45292322067562585,multiclass,custom,tox
WCYKMVHQFDGRLITNEASP,0.7012425088464167,0.32677790596554335,multiclass,resnet,tox
WCYKMVHQFDGRLITNEASP,0.8059613709783043,0.44187787509131243,multiclass,custom,tox
WCYKMVHQFDGRLITNEASP,0.751011663673785,0.40263567111811416,multiclass,resnet,tox
WCYKMVHQFDGRLITNEASP,0.8051682576379907,0.4149370599374659,multiclass,custom,tox
WCYKMVHQFDGRLITNEASP,0.719348676138017,0.28035617096986337,multiclass,resnet,tox
WCYKMVHQFDGRLITNEASP,0.8099741549811332,0.4560688505081707,multiclass,custom,tox
WCYKMVHQFDGRLITNEASP,0.6943551719009147,0.3288446099819488,multiclass,resnet,tox
WCYKMVHQFDGRLITNEASP,0.8077703421454645,0.4295901568199015,multiclass,custom,tox
WCYKMVHQFDGRLITNEASP,0.7066897768798749,0.2992676375144822,multiclass,resnet,tox
WCYKMVHQFDGRLITNEASP,0.8076706906539017,0.39315758073852725,multiclass,custom,tox
WCYKMVHQFDGRLITNEASP,0.7039762011897397,0.31727882373062233,multiclass,resnet,tox
WCYKMVHQFDGRLITNEASP,0.8082412820328455,0.45486487143528587,multiclass,custom,tox
WCYKMVHQFDGRLITNEASP,0.7298320572812649,0.43538578706596043,multiclass,resnet,tox
WCYKMVHQFDGRLITNEASP,0.8032981341589182,0.44867138012762664,multiclass,custom,tox
WCYKMVHQFDGRLITNEASP,0.7285267184255007,0.4074538530315463,multiclass,resnet,tox
WCYKMVHQFDGRLITNEASP,0.8064179466338691,0.4463681605326147,multiclass,custom,tox
WCYKMVHQFDGRLITNEASP,0.7380207598155134,0.3902192433168878,multiclass,resnet,tox
WCYKMVHQFDGRLITNEASP,0.8062403147226076,0.39837991206536516,multiclass,custom,tox
WCYKMVHQFDGRLITNEASP,0.7397119731160874,0.37080621611718134,multiclass,resnet,tox
WCYKMVHQFDGRLITNEASP,0.8055520363787242,0.45502057240668065,multiclass,custom,tox
WCYKMVHQFDGRLITNEASP,0.697108332874434,0.2829635695614871,multiclass,resnet,tox
WCYKMVHQFDGRLITNEASP,0.8055750285167648,0.40125836938899295,multiclass,custom,tox
WCYKMVHQFDGRLITNEASP,0.7064472790282863,0.3606190933756198,multiclass,resnet,tox
WCYKMVHQFDGRLITNEASP,0.8081515823951344,0.4119241839978353,multiclass,custom,tox
WCYKMVHQFDGRLITNEASP,0.7302851810162755,0.361739791995616,multiclass,resnet,tox
WCYKMVHQFDGRLITNEASP,0.8043734922407781,0.40941410598456446,multiclass,custom,tox
WCYKMVHQFDGRLITNEASP,0.7277128203551724,0.3889864882258659,multiclass,resnet,tox
WCYKMVHQFDGRLITNEASP,0.8046410252887997,0.42749597464399935,multiclass,custom,tox
WCYKMVHQFDGRLITNEASP,0.7393842656875004,0.36089537690962176,multiclass,resnet,tox
WCYKMVHQFDGRLITNEASP,0.8049426129955952,0.45088531334613285,multiclass,custom,tox
WCYKMVHQFDGRLITNEASP,0.7376769264357844,0.39813058419243985,multiclass,resnet,tox
WCYKMVHQFDGRLITNEASP,0.8065528157261841,0.45356050517123403,multiclass,custom,tox
WCYKMVHQFDGRLITNEASP,0.7187579377103204,0.4099411886157801,multiclass,resnet,tox
WCYKMVHQFDGRLITNEASP,0.8055566470669404,0.4427689755370148,multiclass,custom,tox
WCYKMVHQFDGRLITNEASP,0.7240806335418339,0.3699081651410309,multiclass,resnet,tox
WCYKMVHQFDGRLITNEASP,0.805874681138025,0.43764647441393867,multiclass,custom,tox
WCYKMVHQFDGRLITNEASP,0.6847729993875777,0.2688164183130253,multiclass,resnet,tox
WCYKMVHQFDGRLITNEASP,0.8067326763320766,0.4370053474594928,multiclass,custom,tox
WCYKMVHQFDGRLITNEASP,0.7230514306875355,0.38517092919052753,multiclass,resnet,tox
WCYKMVHQFDGRLITNEASP,0.8023087861433776,0.4446631721995729,multiclass,custom,tox
WCYKMVHQFDGRLITNEASP,0.709726545566123,0.3759232114668332,multiclass,resnet,tox
WCYKMVHQFDGRLITNEASP,0.8109269708128266,0.44287335750100576,multiclass,custom,tox
WCYKMVHQFDGRLITNEASP,0.7072380621287578,0.3958636036568629,multiclass,resnet,tox
WCYKMVHQFDGRLITNEASP,0.8061872677509877,0.4456536343208321,multiclass,custom,tox
WCYKMVHQFDGRLITNEASP,0.7270460211568894,0.3198042314115911,multiclass,resnet,tox
WCYKMVHQFDGRLITNEASP,0.8074173511768834,0.417601507718744,multiclass,custom,tox
WCYKMVHQFDGRLITNEASP,0.7284484445562264,0.3651824907108825,multiclass,resnet,tox
WCYKMVHQFDGRLITNEASP,0.8074006425022038,0.39854820150658465,multiclass,custom,tox
WCYKMVHQFDGRLITNEASP,0.743937312363863,0.37594810316808847,multiclass,resnet,tox
WCYKMVHQFDGRLITNEASP,0.8071139825513338,0.4386079162789974,multiclass,custom,tox
WCYKMVHQFDGRLITNEASP,0.6935132730012159,0.3213018302291272,multiclass,resnet,tox
WCYKMVHQFDGRLITNEASP,0.8046058648936008,0.38834471444748014,multiclass,custom,tox
WCYKMVHQFDGRLITNEASP,0.7445159377562279,0.42484526925629984,multiclass,resnet,tox
WCYKMVHQFDGRLITNEASP,0.8077416235642703,0.42179005742236547,multiclass,custom,tox
WCYKMVHQFDGRLITNEASP,0.730836389219057,0.3733969309700441,multiclass,resnet,tox
WCYKMVHQFDGRLITNEASP,0.8062065357308029,0.4762173659684679,multiclass,custom,tox
WCYKMVHQFDGRLITNEASP,0.6801730963474513,0.3135725768750962,multiclass,resnet,tox
WCYKMVHQFDGRLITNEASP,0.8059055163508427,0.44625983233806626,multiclass,custom,tox
WCYKMVHQFDGRLITNEASP,0.7319533153892468,0.3931012014296591,multiclass,resnet,tox
WCYKMVHQFDGRLITNEASP,0.8002216085533924,0.42301425593734365,multiclass,custom,tox
WCYKMVHQFDGRLITNEASP,0.7337907889970525,0.3527367265882109,multiclass,resnet,tox
WCYKMVHQFDGRLITNEASP,0.8073204907361575,0.45113493509577635,multiclass,custom,tox
WCYKMVHQFDGRLITNEASP,0.7346993350410742,0.3705597983112075,multiclass,resnet,tox
WCYKMVHQFDGRLITNEASP,0.8054278021705972,0.45023102674465665,multiclass,custom,tox
WCYKMVHQFDGRLITNEASP,0.7409543216031065,0.42148443405946007,multiclass,resnet,tox
WCYKMVHQFDGRLITNEASP,0.799609187052178,0.415997830552286,multiclass,custom,tox
WCYKMVHQFDGRLITNEASP,0.7321514919859752,0.36422802782548713,multiclass,resnet,tox
WCYKMVHQFDGRLITNEASP,0.8027543209956631,0.4631364717652439,multiclass,custom,tox
WCYKMVHQFDGRLITNEASP,0.7141692734256122,0.2655528689703137,multiclass,resnet,tox
WCYKMVHQFDGRLITNEASP,0.8077414345341198,0.4550470360551011,multiclass,custom,tox
WCYKMVHQFDGRLITNEASP,0.7138405682748937,0.33603138566696605,multiclass,resnet,tox
WCYKMVHQFDGRLITNEASP,0.8075794492296178,0.4208462477904634,multiclass,custom,tox
WCYKMVHQFDGRLITNEASP,0.6937178899720026,0.30984797053369667,multiclass,resnet,tox
WCYKMVHQFDGRLITNEASP,0.8091128085943122,0.4270746639838013,multiclass,custom,tox
WCYKMVHQFDGRLITNEASP,0.7391372512121741,0.37433951801864934,multiclass,resnet,tox
WCYKMVHQFDGRLITNEASP,0.8021260513524032,0.4359180530488228,multiclass,custom,tox
WCYKMVHQFDGRLITNEASP,0.7292158696041346,0.33139677482776075,multiclass,resnet,tox
WCYKMVHQFDGRLITNEASP,0.8053621134229779,0.3894056684639331,multiclass,custom,tox
WCYKMVHQFDGRLITNEASP,0.7161182020620906,0.3696147559838824,multiclass,resnet,tox
WCYKMVHQFDGRLITNEASP,0.8038300405841705,0.43626774138040203,multiclass,custom,tox
WCYKMVHQFDGRLITNEASP,0.7067486782854255,0.3727484146493757,multiclass,resnet,tox
WCYKMVHQFDGRLITNEASP,0.7929621449953225,0.4520176943684174,multiclass,custom,tox
WCYKMVHQFDGRLITNEASP,0.7372530925317531,0.3868530425444268,multiclass,resnet,tox
WCYKMVHQFDGRLITNEASP,0.8056557148030548,0.4385275941252165,multiclass,custom,tox
WCYKMVHQFDGRLITNEASP,0.7403261962160267,0.4243354628631707,multiclass,resnet,tox
WCYKMVHQFDGRLITNEASP,0.8074078445167489,0.39086533886705166,multiclass,custom,tox
WCYKMVHQFDGRLITNEASP,0.7305885062530671,0.38091945000138666,multiclass,resnet,tox
WCYKMVHQFDGRLITNEASP,0.8060528884916589,0.39155619334327463,multiclass,custom,tox
WCYKMVHQFDGRLITNEASP,0.7414235056703247,0.41914905795103036,multiclass,resnet,tox
WCYKMVHQFDGRLITNEASP,0.7977718731331327,0.3861575965504723,multiclass,custom,tox
WCYKMVHQFDGRLITNEASP,0.7414848746853153,0.361756055945684,multiclass,resnet,tox
WCYKMVHQFDGRLITNEASP,0.8085088190189488,0.45681263160088753,multiclass,custom,tox
WCYKMVHQFDGRLITNEASP,0.7367491370649619,0.4222159785521578,multiclass,resnet,tox
WCYKMVHQFDGRLITNEASP,0.8043213657581312,0.39987116334485845,multiclass,custom,tox
WCYKMVHQFDGRLITNEASP,0.7403458159525956,0.40908260157669263,multiclass,resnet,tox
WCYKMVHQFDGRLITNEASP,0.807002948742868,0.4619801845478452,multiclass,custom,tox
WCYKMVHQFDGRLITNEASP,0.7124087959378628,0.36296776583133006,multiclass,resnet,tox
WCYKMVHQFDGRLITNEASP,0.8053194932295537,0.4535596547048222,multiclass,custom,tox
WCYKMVHQFDGRLITNEASP,0.7175481235757538,0.35704277493506414,multiclass,resnet,tox
WCYKMVHQFDGRLITNEASP,0.8070651510588945,0.4274129773654348,multiclass,custom,tox
WCYKMVHQFDGRLITNEASP,0.7267043973321509,0.32508283902601004,multiclass,resnet,tox
WCYKMVHQFDGRLITNEASP,0.8059263277476285,0.39294092703605277,multiclass,custom,tox
WCYKMVHQFDGRLITNEASP,0.7008840893920038,0.31065181778013073,multiclass,resnet,tox
WCYKMVHQFDGRLITNEASP,0.8075510892287033,0.4428102895725933,multiclass,custom,tox
WCYKMVHQFDGRLITNEASP,0.7230980108806316,0.35754894881731064,multiclass,resnet,tox
WCYKMVHQFDGRLITNEASP,0.8052838604141839,0.4493926002790493,multiclass,custom,tox
WCYKMVHQFDGRLITNEASP,0.7264005334691612,0.36017122140326224,multiclass,resnet,tox
WCYKMVHQFDGRLITNEASP,0.8055222178326622,0.4037032004147747,multiclass,custom,tox
WCYKMVHQFDGRLITNEASP,0.7274011879719682,0.4119081092656338,multiclass,resnet,tox
WCYKMVHQFDGRLITNEASP,0.8060378421443678,0.45826833977887843,multiclass,custom,tox
WCYKMVHQFDGRLITNEASP,0.7023214229740274,0.32027748992999927,multiclass,resnet,tox
WCYKMVHQFDGRLITNEASP,0.8101376004225982,0.45254657537726883,multiclass,custom,tox
WCYKMVHQFDGRLITNEASP,0.7192113117892236,0.34416242817754683,multiclass,resnet,tox
WCYKMVHQFDGRLITNEASP,0.8067407322543201,0.39644099948650524,multiclass,custom,tox
WCYKMVHQFDGRLITNEASP,0.7421266473139363,0.39511304007915365,multiclass,resnet,tox
WCYKMVHQFDGRLITNEASP,0.8092347096124033,0.44618764797319876,multiclass,custom,tox
WCYKMVHQFDGRLITNEASP,0.7140624497189211,0.33424384456390244,multiclass,resnet,tox
WCYKMVHQFDGRLITNEASP,0.8035302470463147,0.4061186414519618,multiclass,custom,tox
WCYKMVHQFDGRLITNEASP,0.719808117465847,0.3264212401659097,multiclass,resnet,tox
WCYKMVHQFDGRLITNEASP,0.8036671631085965,0.39772783070530665,multiclass,custom,tox
WCYKMVHQFDGRLITNEASP,0.7338793294023899,0.39130943117309375,multiclass,resnet,tox
WCYKMVHQFDGRLITNEASP,0.8042366738870623,0.4449765631247173,multiclass,custom,tox
WCYKMVHQFDGRLITNEASP,0.7387458660684743,0.3933332723770705,multiclass,resnet,tox
WCYKMVHQFDGRLITNEASP,0.8051906864033465,0.39226016810982733,multiclass,custom,tox
WCYKMVHQFDGRLITNEASP,0.6995366786439439,0.3429740526574819,multiclass,resnet,tox
WCYKMVHQFDGRLITNEASP,0.8032525327244399,0.39042088058024305,multiclass,custom,tox
WCYKMVHQFDGRLITNEASP,0.7543535919056569,0.4244247950395,multiclass,resnet,tox
WCYKMVHQFDGRLITNEASP,0.8076040762697028,0.4579242956995901,multiclass,custom,tox
WCYKMVHQFDGRLITNEASP,0.6989736360620225,0.341506293712577,multiclass,resnet,tox
WCYKMVHQFDGRLITNEASP,0.8057946915429639,0.395374279168904,multiclass,custom,tox
WCYKMVHQFDGRLITNEASP,0.7192065586254572,0.3885194777702569,multiclass,resnet,tox
WCYKMVHQFDGRLITNEASP,0.805742807421604,0.41085802522307446,multiclass,custom,tox
WCYKMVHQFDGRLITNEASP,0.7320712225289,0.35409178720443824,multiclass,resnet,tox
WCYKMVHQFDGRLITNEASP,0.8067664636055462,0.46913955746457925,multiclass,custom,tox
WCYKMVHQFDGRLITNEASP,0.7326706767467603,0.3895353597598866,multiclass,resnet,tox
WCYKMVHQFDGRLITNEASP,0.8050173953725623,0.38461784828699663,multiclass,custom,tox
WCYKMVHQFDGRLITNEASP,0.724465072842152,0.27642865877240874,multiclass,resnet,tox
WCYKMVHQFDGRLITNEASP,0.8042790094382136,0.43662809724029283,multiclass,custom,tox
WCYKMVHQFDGRLITNEASP,0.6939646888891181,0.2846821841053492,multiclass,resnet,tox
WCYKMVHQFDGRLITNEASP,0.8060124713319364,0.4440338995442267,multiclass,custom,tox
WCYKMVHQFDGRLITNEASP,0.733786382262838,0.3903737359108076,multiclass,resnet,tox
WCYKMVHQFDGRLITNEASP,0.8070921082129943,0.4011883900624039,multiclass,custom,tox
WCYKMVHQFDGRLITNEASP,0.7237830289694763,0.3486709288794179,multiclass,resnet,tox
WCYKMVHQFDGRLITNEASP,0.8074188824907484,0.45633076379530096,multiclass,custom,tox
WCYKMVHQFDGRLITNEASP,0.7327998914925999,0.40218080647475435,multiclass,resnet,tox
WCYKMVHQFDGRLITNEASP,0.805056290392128,0.39434756571341933,multiclass,custom,tox
WCYKMVHQFDGRLITNEASP,0.7409955994425322,0.39444564202346216,multiclass,resnet,tox
WCYKMVHQFDGRLITNEASP,0.8037399434120394,0.39998919724630977,multiclass,custom,tox
WCYKMVHQFDGRLITNEASP,0.7439634294953047,0.3995620859402446,multiclass,resnet,tox
WCYKMVHQFDGRLITNEASP,0.8023150783811992,0.3942389828512901,multiclass,custom,tox
WCYKMVHQFDGRLITNEASP,0.7370871605087655,0.3860623136452174,multiclass,resnet,tox
WCYKMVHQFDGRLITNEASP,0.806246786283921,0.40066246096034436,multiclass,custom,tox
WCYKMVHQFDGRLITNEASP,0.7114388558818353,0.3779632173382173,multiclass,resnet,tox
WCYKMVHQFDGRLITNEASP,0.8006397649645338,0.45356282824378324,multiclass,custom,tox
WCYKMVHQFDGRLITNEASP,0.7241998188863872,0.35083978299594726,multiclass,resnet,tox
WCYKMVHQFDGRLITNEASP,0.8066233806339212,0.4595897630546951,multiclass,custom,tox
WCYKMVHQFDGRLITNEASP,0.7199655917265967,0.3431013861450945,multiclass,resnet,tox
WCYKMVHQFDGRLITNEASP,0.8070604193176409,0.44520013820927495,multiclass,custom,tox
WCYKMVHQFDGRLITNEASP,0.729922179367535,0.41012577684253754,multiclass,resnet,tox
WCYKMVHQFDGRLITNEASP,0.804352724657974,0.47115180237643484,multiclass,custom,tox
WCYKMVHQFDGRLITNEASP,0.7301057112202863,0.4045204036167299,multiclass,resnet,tox
WCYKMVHQFDGRLITNEASP,0.8102277703531678,0.42007048116680873,multiclass,custom,tox
WCYKMVHQFDGRLITNEASP,0.6993720082977715,0.3242589210624107,multiclass,resnet,tox
WCYKMVHQFDGRLITNEASP,0.8040693195225608,0.4151501077929378,multiclass,custom,tox
WCYKMVHQFDGRLITNEASP,0.7326307838097287,0.34567044422647675,multiclass,resnet,tox
WCYKMVHQFDGRLITNEASP,0.809034679780034,0.42157591935634675,multiclass,custom,tox
WCYKMVHQFDGRLITNEASP,0.7322494095564417,0.3488920344636212,multiclass,resnet,tox
WCYKMVHQFDGRLITNEASP,0.8040736683783829,0.4393730400400325,multiclass,custom,tox
WCYKMVHQFDGRLITNEASP,0.7223149844542369,0.37394227724544726,multiclass,resnet,tox
WCYKMVHQFDGRLITNEASP,0.8072619531915028,0.41537616657178134,multiclass,custom,tox
WCYKMVHQFDGRLITNEASP,0.7274006470716932,0.3700781542627662,multiclass,resnet,tox
WCYKMVHQFDGRLITNEASP,0.8104424522637347,0.41883901385692457,multiclass,custom,tox
WCYKMVHQFDGRLITNEASP,0.7407304892491444,0.37528947501991317,multiclass,resnet,tox
WCYKMVHQFDGRLITNEASP,0.8049208051387483,0.414555846936478,multiclass,custom,tox
WCYKMVHQFDGRLITNEASP,0.741988715943886,0.37125794982722854,multiclass,resnet,tox
WCYKMVHQFDGRLITNEASP,0.806381850869926,0.41890373147589727,multiclass,custom,tox
WCYKMVHQFDGRLITNEASP,0.7357070500928633,0.362341205454413,multiclass,resnet,tox
WCYKMVHQFDGRLITNEASP,0.8065353932281596,0.40650746433624674,multiclass,custom,tox
WCYKMVHQFDGRLITNEASP,0.7493112243555636,0.3908401949591675,multiclass,resnet,tox
WCYKMVHQFDGRLITNEASP,0.8080215176282011,0.44679958008914794,multiclass,custom,tox
WCYKMVHQFDGRLITNEASP,0.7411025871412613,0.4448064067316033,multiclass,resnet,tox
WCYKMVHQFDGRLITNEASP,0.8057414877241593,0.43433369783934656,multiclass,custom,tox
WCYKMVHQFDGRLITNEASP,0.7000828279082236,0.35041197188194595,multiclass,resnet,tox
WCYKMVHQFDGRLITNEASP,0.8057258501574032,0.4156369659058446,multiclass,custom,tox
WCYKMVHQFDGRLITNEASP,0.6928035223778297,0.36826899077336034,multiclass,resnet,tox
WCYKMVHQFDGRLITNEASP,0.80198363940555,0.3780180628257719,multiclass,custom,tox
WCYKMVHQFDGRLITNEASP,0.7068863421970122,0.29588555818893064,multiclass,resnet,tox
WCYKMVHQFDGRLITNEASP,0.8102777131949012,0.4264099140442153,multiclass,custom,tox
WCYKMVHQFDGRLITNEASP,0.7262248687045167,0.39499513115022306,multiclass,resnet,tox
WCYKMVHQFDGRLITNEASP,0.8101896149976039,0.4131815155473702,multiclass,custom,tox
WCYKMVHQFDGRLITNEASP,0.7176282828454358,0.3469806280576554,multiclass,resnet,tox
WCYKMVHQFDGRLITNEASP,0.807473622406109,0.40541959339198463,multiclass,custom,tox
WCYKMVHQFDGRLITNEASP,0.7200640482825194,0.37282404878644365,multiclass,resnet,tox
WCYKMVHQFDGRLITNEASP,0.804099070503416,0.38987421247588006,multiclass,custom,tox
WCYKMVHQFDGRLITNEASP,0.7277593108184655,0.3301334560349339,multiclass,resnet,tox
WCYKMVHQFDGRLITNEASP,0.8041187150806269,0.4491558608844999,multiclass,custom,tox
WCYKMVHQFDGRLITNEASP,0.7277580931361787,0.34887065410536044,multiclass,resnet,tox
WCYKMVHQFDGRLITNEASP,0.8030643605078103,0.45671867296932633,multiclass,custom,tox
WCYKMVHQFDGRLITNEASP,0.7196594433494108,0.38160057747756193,multiclass,resnet,tox
WCYKMVHQFDGRLITNEASP,0.8055377181090166,0.4616878591702657,multiclass,custom,tox
WCYKMVHQFDGRLITNEASP,0.7141744744411898,0.34173243435691536,multiclass,resnet,tox
WCYKMVHQFDGRLITNEASP,0.8043365717163015,0.3920287114380476,multiclass,custom,tox
WCYKMVHQFDGRLITNEASP,0.7095343456351015,0.3758294477059322,multiclass,resnet,tox
WCYKMVHQFDGRLITNEASP,0.8028877092648166,0.44141656008155616,multiclass,custom,tox
WCYKMVHQFDGRLITNEASP,0.7514723899015653,0.40532702945660015,multiclass,resnet,tox
WCYKMVHQFDGRLITNEASP,0.805378613382264,0.44473185515451197,multiclass,custom,tox
WCYKMVHQFDGRLITNEASP,0.6994407215454704,0.31030853094802396,multiclass,resnet,tox
WCYKMVHQFDGRLITNEASP,0.80140445351546,0.39733732542462974,multiclass,custom,tox
WCYKMVHQFDGRLITNEASP,0.7192080464681953,0.3598629478848682,multiclass,resnet,tox
WCYKMVHQFDGRLITNEASP,0.8088688448703223,0.44312053106990107,multiclass,custom,tox
WCYKMVHQFDGRLITNEASP,0.7644197179775233,0.40257206054813527,multiclass,resnet,tox
WCYKMVHQFDGRLITNEASP,0.8073259387672186,0.46311189350796916,multiclass,custom,tox
WCYKMVHQFDGRLITNEASP,0.736446853186731,0.38301951064784956,multiclass,resnet,tox
WCYKMVHQFDGRLITNEASP,0.8055448305504797,0.3956256255647512,multiclass,custom,tox
WCYKMVHQFDGRLITNEASP,0.715486880798087,0.3719673389591881,multiclass,resnet,tox
WCYKMVHQFDGRLITNEASP,0.8116331402650596,0.474120500761195,multiclass,custom,tox
WCYKMVHQFDGRLITNEASP,0.7093248859622578,0.3582420441772618,multiclass,resnet,tox
WCYKMVHQFDGRLITNEASP,0.8067043496409276,0.4279269658634018,multiclass,custom,tox
WCYKMVHQFDGRLITNEASP,0.7378618312223894,0.36934514079986064,multiclass,resnet,tox
WCYKMVHQFDGRLITNEASP,0.8018601153043395,0.42467113685189356,multiclass,custom,tox
WCYKMVHQFDGRLITNEASP,0.7300838780893698,0.3819117862644522,multiclass,resnet,tox
WCYKMVHQFDGRLITNEASP,0.8057909673250142,0.38696581824246856,multiclass,custom,tox
WCYKMVHQFDGRLITNEASP,0.7491047984049128,0.3939250654618457,multiclass,resnet,tox
WCYKMVHQFDGRLITNEASP,0.7981433242825993,0.4370182651096036,multiclass,custom,tox
WCYKMVHQFDGRLITNEASP,0.7241056382688971,0.3475366758369798,multiclass,resnet,tox
WCYKMVHQFDGRLITNEASP,0.8076087683676985,0.4490351325285122,multiclass,custom,tox
WCYKMVHQFDGRLITNEASP,0.7295779525791593,0.3997163800433225,multiclass,resnet,tox
WCYKMVHQFDGRLITNEASP,0.8047283250414641,0.40727880715956877,multiclass,custom,tox
WCYKMVHQFDGRLITNEASP,0.725612586988708,0.4063699846770038,multiclass,resnet,tox
WCYKMVHQFDGRLITNEASP,0.8033513049482395,0.3921478535478748,multiclass,custom,tox
WCYKMVHQFDGRLITNEASP,0.7237645495233149,0.3661552909046727,multiclass,resnet,tox
WCYKMVHQFDGRLITNEASP,0.806982875031611,0.46096781326199,multiclass,custom,tox
WCYKMVHQFDGRLITNEASP,0.7328054961822912,0.3948605117592535,multiclass,resnet,tox
WCYKMVHQFDGRLITNEASP,0.8056436739581458,0.46532770017318575,multiclass,custom,tox
WCYKMVHQFDGRLITNEASP,0.7251326719117157,0.37882646457904123,multiclass,resnet,tox
WCYKMVHQFDGRLITNEASP,0.8031982302533898,0.44808401196796044,multiclass,custom,tox
WCYKMVHQFDGRLITNEASP,0.7227332862331743,0.3576152238744127,multiclass,resnet,tox
WCYKMVHQFDGRLITNEASP,0.8031927695659812,0.3796138570795083,multiclass,custom,tox
WCYKMVHQFDGRLITNEASP,0.7682435231430412,0.4033498082691211,multiclass,resnet,tox
WCYKMVHQFDGRLITNEASP,0.8063880069215511,0.4133065306499824,multiclass,custom,tox
WCYKMVHQFDGRLITNEASP,0.7273445636741751,0.3614155299984815,multiclass,resnet,tox
WCYKMVHQFDGRLITNEASP,0.8043479241546502,0.4161634172976399,multiclass,custom,tox
WCYKMVHQFDGRLITNEASP,0.697884714322033,0.3117943167579281,multiclass,resnet,tox
WCYKMVHQFDGRLITNEASP,0.8067555902000029,0.45267666685047,multiclass,custom,tox
WCYKMVHQFDGRLITNEASP,0.7404197660614619,0.40357370317725466,multiclass,resnet,tox
WCYKMVHQFDGRLITNEASP,0.8102515157771515,0.4412214691515838,multiclass,custom,tox
WCYKMVHQFDGRLITNEASP,0.7257700763621839,0.4025240942437439,multiclass,resnet,tox
WCYKMVHQFDGRLITNEASP,0.8047907195523759,0.4332356667156111,multiclass,custom,tox
WCYKMVHQFDGRLITNEASP,0.7092373111697458,0.35110690143194256,multiclass,resnet,tox
WCYKMVHQFDGRLITNEASP,0.8074894075128768,0.4297599407623062,multiclass,custom,tox
WCYKMVHQFDGRLITNEASP,0.7220725559943116,0.33047665974424734,multiclass,resnet,tox
WCYKMVHQFDGRLITNEASP,0.8008216002410835,0.38299314590613787,multiclass,custom,tox
WCYKMVHQFDGRLITNEASP,0.7075486201534232,0.32911807365350537,multiclass,resnet,tox
WCYKMVHQFDGRLITNEASP,0.8091496716948269,0.45118833812260534,multiclass,custom,tox
WCYKMVHQFDGRLITNEASP,0.7403207592988148,0.439546999718251,multiclass,resnet,tox
WCYKMVHQFDGRLITNEASP,0.807058796980168,0.38990333875349104,multiclass,custom,tox
WCYKMVHQFDGRLITNEASP,0.7225649373427383,0.34101955481671076,multiclass,resnet,tox
WCYKMVHQFDGRLITNEASP,0.8067414187630249,0.3924367392261982,multiclass,custom,tox
WCYKMVHQFDGRLITNEASP,0.706144417665471,0.2835344470327113,multiclass,resnet,tox
WCYKMVHQFDGRLITNEASP,0.8070425463905861,0.44238123099195426,multiclass,custom,tox
WCYKMVHQFDGRLITNEASP,0.7333053265285837,0.36284930085740796,multiclass,resnet,tox
WCYKMVHQFDGRLITNEASP,0.8067670377302593,0.4156525175278234,multiclass,custom,tox
WCYKMVHQFDGRLITNEASP,0.7440178599563861,0.3797597493136585,multiclass,resnet,tox
WCYKMVHQFDGRLITNEASP,0.8044628841873139,0.4519438403352538,multiclass,custom,tox
WCYKMVHQFDGRLITNEASP,0.7198310853517917,0.35561589986259606,multiclass,resnet,tox
WCYKMVHQFDGRLITNEASP,0.8074389453497283,0.4613227480092469,multiclass,custom,tox
WCYKMVHQFDGRLITNEASP,0.7188231313933675,0.3810084617375276,multiclass,resnet,tox
WCYKMVHQFDGRLITNEASP,0.8055752089556287,0.4412238723703849,multiclass,custom,tox
WCYKMVHQFDGRLITNEASP,0.7254035804069016,0.40040808929965666,multiclass,resnet,tox
WCYKMVHQFDGRLITNEASP,0.810555962837473,0.43978094221749203,multiclass,custom,tox
WCYKMVHQFDGRLITNEASP,0.7231719054792678,0.40253806790499275,multiclass,resnet,tox
WCYKMVHQFDGRLITNEASP,0.8073950716469678,0.41357992943535493,multiclass,custom,tox
WCYKMVHQFDGRLITNEASP,0.7431929675208045,0.41992470256271475,multiclass,resnet,tox
WCYKMVHQFDGRLITNEASP,0.8038315171359043,0.3849387338894773,multiclass,custom,tox
WCYKMVHQFDGRLITNEASP,0.7027520824582622,0.3184761521942662,multiclass,resnet,tox
WCYKMVHQFDGRLITNEASP,0.8031795175976205,0.40207618791948585,multiclass,custom,tox
WCYKMVHQFDGRLITNEASP,0.7232610722672919,0.30501124193696116,multiclass,resnet,tox
WCYKMVHQFDGRLITNEASP,0.8042104871453747,0.3927854587996993,multiclass,custom,tox
WCYKMVHQFDGRLITNEASP,0.7175529706992017,0.35464132334546405,multiclass,resnet,tox
WCYKMVHQFDGRLITNEASP,0.8033166467885617,0.4448498127353536,multiclass,custom,tox
WCYKMVHQFDGRLITNEASP,0.7338775439743055,0.38548702501202503,multiclass,resnet,tox
WCYKMVHQFDGRLITNEASP,0.8053641119497126,0.445093027920465,multiclass,custom,tox
WCYKMVHQFDGRLITNEASP,0.7328554453122903,0.3579044698161237,multiclass,resnet,tox
WCYKMVHQFDGRLITNEASP,0.8060843586310751,0.3839442104202018,multiclass,custom,tox
WCYKMVHQFDGRLITNEASP,0.7260864100933817,0.39292539351979117,multiclass,resnet,tox
WCYKMVHQFDGRLITNEASP,0.8037453984532711,0.431107423677211,multiclass,custom,tox
WCYKMVHQFDGRLITNEASP,0.7165621083428968,0.3635701106781132,multiclass,resnet,tox
WCYKMVHQFDGRLITNEASP,0.8052922143208573,0.4276624526202245,multiclass,custom,tox
WCYKMVHQFDGRLITNEASP,0.7299431534422848,0.38219792718069534,multiclass,resnet,tox
WCYKMVHQFDGRLITNEASP,0.8055518868577536,0.3940979701584494,multiclass,custom,tox
WCYKMVHQFDGRLITNEASP,0.7192064890497871,0.3504441122029188,multiclass,resnet,tox
WCYKMVHQFDGRLITNEASP,0.8049473909456445,0.46493185074882276,multiclass,custom,tox
WCYKMVHQFDGRLITNEASP,0.7559493349476952,0.4210397275661254,multiclass,resnet,tox
WCYKMVHQFDGRLITNEASP,0.8060372035602283,0.454874131380414,multiclass,custom,tox
WCYKMVHQFDGRLITNEASP,0.7344940085621332,0.3684773570812604,multiclass,resnet,tox
WCYKMVHQFDGRLITNEASP,0.8038708556451081,0.400230285672072,multiclass,custom,tox
WCYKMVHQFDGRLITNEASP,0.7364384425180979,0.39988128863725003,multiclass,resnet,tox
WCYKMVHQFDGRLITNEASP,0.8071697479429046,0.4499405244769947,multiclass,custom,tox
WCYKMVHQFDGRLITNEASP,0.7230903095642309,0.3388634285495272,multiclass,resnet,tox
WCYKMVHQFDGRLITNEASP,0.8077804968857698,0.44539936344908326,multiclass,custom,tox
WCYKMVHQFDGRLITNEASP,0.7414049785126668,0.3230478648481009,multiclass,resnet,tox
WCYKMVHQFDGRLITNEASP,0.8064024129131427,0.4659957227045914,multiclass,custom,tox
WCYKMVHQFDGRLITNEASP,0.7392657710416465,0.39332901320411046,multiclass,resnet,tox
WCYKMVHQFDGRLITNEASP,0.808542414850716,0.4580562573185446,multiclass,custom,tox
WCYKMVHQFDGRLITNEASP,0.7144117080855779,0.3758451443569554,multiclass,resnet,tox
WCYKMVHQFDGRLITNEASP,0.8031974669590441,0.3825988551082232,multiclass,custom,tox
WCYKMVHQFDGRLITNEASP,0.7219617727108775,0.3495784006958299,multiclass,resnet,tox
WCYKMVHQFDGRLITNEASP,0.805539558072353,0.43664488280778,multiclass,custom,tox
WCYKMVHQFDGRLITNEASP,0.7126298312751617,0.33838138809830026,multiclass,resnet,tox
WCYKMVHQFDGRLITNEASP,0.8025318763834657,0.4550046659932831,multiclass,custom,tox
WCYKMVHQFDGRLITNEASP,0.7154090650140652,0.36562983704859625,multiclass,resnet,tox
WCYKMVHQFDGRLITNEASP,0.7979778622574587,0.3906265971934685,multiclass,custom,tox
WCYKMVHQFDGRLITNEASP,0.7284592834069838,0.3774710108596701,multiclass,resnet,tox
WCYKMVHQFDGRLITNEASP,0.807707757182774,0.40259117079992623,multiclass,custom,tox
WCYKMVHQFDGRLITNEASP,0.7247670283255905,0.3977846218925887,multiclass,resnet,tox
WCYKMVHQFDGRLITNEASP,0.8085331569712414,0.4708802751933628,multiclass,custom,tox
WCYKMVHQFDGRLITNEASP,0.7091260221546138,0.3590478557883941,multiclass,resnet,tox
WCYKMVHQFDGRLITNEASP,0.808189577881356,0.4640804548531543,multiclass,custom,tox
WCYKMVHQFDGRLITNEASP,0.7240486752900046,0.3883711050610431,multiclass,resnet,tox
WCYKMVHQFDGRLITNEASP,0.8089842098515486,0.407223219915272,multiclass,custom,tox
WCYKMVHQFDGRLITNEASP,0.7139283054738428,0.27787123749293535,multiclass,resnet,tox
WCYKMVHQFDGRLITNEASP,0.8049276497139302,0.3964373235069212,multiclass,custom,tox
WCYKMVHQFDGRLITNEASP,0.7291886336020961,0.38368277648927057,multiclass,resnet,tox
WCYKMVHQFDGRLITNEASP,0.8074222193988151,0.4380743419005856,multiclass,custom,tox
WCYKMVHQFDGRLITNEASP,0.7433274663620058,0.41905576862368593,multiclass,resnet,tox
WCYKMVHQFDGRLITNEASP,0.8075057226465819,0.40890959505757174,multiclass,custom,tox
WCYKMVHQFDGRLITNEASP,0.7500192213664548,0.3547781982742414,multiclass,resnet,tox
WCYKMVHQFDGRLITNEASP,0.804942984240855,0.4344836773121232,multiclass,custom,tox
WCYKMVHQFDGRLITNEASP,0.7044716300219401,0.30271264303615697,multiclass,resnet,tox
WCYKMVHQFDGRLITNEASP,0.8060257831385071,0.4475105506408498,multiclass,custom,tox
WCYKMVHQFDGRLITNEASP,0.7145358673455241,0.36779501349283084,multiclass,resnet,tox
WCYKMVHQFDGRLITNEASP,0.8019552407837965,0.37935724339245985,multiclass,custom,tox
WCYKMVHQFDGRLITNEASP,0.7261076340858337,0.32129373209057954,multiclass,resnet,tox
WCYKMVHQFDGRLITNEASP,0.7974494504288042,0.3840436128025241,multiclass,custom,tox
WCYKMVHQFDGRLITNEASP,0.7284771281329364,0.34389421423349215,multiclass,resnet,tox
WCYKMVHQFDGRLITNEASP,0.8095387549923201,0.39952133879356666,multiclass,custom,tox
WCYKMVHQFDGRLITNEASP,0.6968144106720425,0.35710734635248575,multiclass,resnet,tox
WCYKMVHQFDGRLITNEASP,0.8048642831150719,0.3904795662941035,multiclass,custom,tox
WCYKMVHQFDGRLITNEASP,0.7235769667028779,0.37504772756341875,multiclass,resnet,tox
WCYKMVHQFDGRLITNEASP,0.808386217528283,0.4112259590268611,multiclass,custom,tox
WCYKMVHQFDGRLITNEASP,0.7079598327644856,0.3513942700146798,multiclass,resnet,tox
WCYKMVHQFDGRLITNEASP,0.8057903407055989,0.44147202629812654,multiclass,custom,tox
WCYKMVHQFDGRLITNEASP,0.7358223247315969,0.39348880620029186,multiclass,resnet,tox
WCYKMVHQFDGRLITNEASP,0.8083234143449708,0.4718613364260298,multiclass,custom,tox
WCYKMVHQFDGRLITNEASP,0.716644344557857,0.35707970474309497,multiclass,resnet,tox
WCYKMVHQFDGRLITNEASP,0.80962648749563,0.4395287191700669,multiclass,custom,tox
WCYKMVHQFDGRLITNEASP,0.733378712467301,0.402347419876495,multiclass,resnet,tox
WCYKMVHQFDGRLITNEASP,0.8075291799846104,0.4387477423962383,multiclass,custom,tox
WCYKMVHQFDGRLITNEASP,0.7388248658245061,0.3171326318854583,multiclass,resnet,tox
WCYKMVHQFDGRLITNEASP,0.8081702452543551,0.4161802447226878,multiclass,custom,tox
WCYKMVHQFDGRLITNEASP,0.7318788378147992,0.3838487586903928,multiclass,resnet,tox
WCYKMVHQFDGRLITNEASP,0.8059790513868119,0.43355132469654534,multiclass,custom,tox
WCYKMVHQFDGRLITNEASP,0.7422211969972896,0.3859481598685296,multiclass,resnet,tox
WCYKMVHQFDGRLITNEASP,0.8048061365244928,0.4047459431077184,multiclass,custom,tox
WCYKMVHQFDGRLITNEASP,0.7276363879631867,0.39839518321939377,multiclass,resnet,tox
WCYKMVHQFDGRLITNEASP,0.804174530301065,0.44945146413358117,multiclass,custom,tox
WCYKMVHQFDGRLITNEASP,0.7321136629590106,0.3738149357239602,multiclass,resnet,tox
WCYKMVHQFDGRLITNEASP,0.8094763064394591,0.4243172222134691,multiclass,custom,tox
WCYKMVHQFDGRLITNEASP,0.7513220701886916,0.4304497020571527,multiclass,resnet,tox
WCYKMVHQFDGRLITNEASP,0.8110048145831751,0.44117017284307003,multiclass,custom,tox
WCYKMVHQFDGRLITNEASP,0.7036070448283136,0.34913527961344126,multiclass,resnet,tox
WCYKMVHQFDGRLITNEASP,0.8059830977986577,0.4137844309657641,multiclass,custom,tox
WCYKMVHQFDGRLITNEASP,0.7286776824021166,0.3613877820760002,multiclass,resnet,tox
WCYKMVHQFDGRLITNEASP,0.80520737263386,0.452565565644493,multiclass,custom,tox
WCYKMVHQFDGRLITNEASP,0.7184256977057306,0.3162648597324982,multiclass,resnet,tox
WCYKMVHQFDGRLITNEASP,0.8059941906969076,0.3991880770001387,multiclass,custom,tox
WCYKMVHQFDGRLITNEASP,0.7351203161972558,0.3185868927483834,multiclass,resnet,tox
WCYKMVHQFDGRLITNEASP,0.8085411846212336,0.4538318663746083,multiclass,custom,tox
WCYKMVHQFDGRLITNEASP,0.6995560208575261,0.3299312452253629,multiclass,resnet,tox
WCYKMVHQFDGRLITNEASP,0.8104145664749879,0.41907591583663395,multiclass,custom,tox
WCYKMVHQFDGRLITNEASP,0.7221529868772706,0.3657928303677316,multiclass,resnet,tox
WCYKMVHQFDGRLITNEASP,0.8079094248929577,0.40952449508860483,multiclass,custom,tox
WCYKMVHQFDGRLITNEASP,0.7231277215112069,0.3608586306722953,multiclass,resnet,tox
WCYKMVHQFDGRLITNEASP,0.8039928353727243,0.38463732225886127,multiclass,custom,tox
WCYKMVHQFDGRLITNEASP,0.7454969884057409,0.3981148632781082,multiclass,resnet,tox
WCYKMVHQFDGRLITNEASP,0.8057671934673678,0.4546461983536131,multiclass,custom,tox
WCYKMVHQFDGRLITNEASP,0.7548452163297472,0.44321191408179983,multiclass,resnet,tox
WCYKMVHQFDGRLITNEASP,0.8076690861797873,0.3964315997555836,multiclass,custom,tox
WCYKMVHQFDGRLITNEASP,0.7126127296846899,0.3234108595378618,multiclass,resnet,tox
WCYKMVHQFDGRLITNEASP,0.8056291723925669,0.4388348102650994,multiclass,custom,tox
WCYKMVHQFDGRLITNEASP,0.7427424443114641,0.3976290868164601,multiclass,resnet,tox
WCYKMVHQFDGRLITNEASP,0.8071285184355157,0.46079523674481715,multiclass,custom,tox
WCYKMVHQFDGRLITNEASP,0.7358128635570605,0.3325982626792289,multiclass,resnet,tox
WCYKMVHQFDGRLITNEASP,0.8051739128208283,0.44468838004135397,multiclass,custom,tox
WCYKMVHQFDGRLITNEASP,0.6964220453113508,0.3133978593028138,multiclass,resnet,tox
WCYKMVHQFDGRLITNEASP,0.8059571428116532,0.4079900732027405,multiclass,custom,tox
WCYKMVHQFDGRLITNEASP,0.7346359348050481,0.3196187965122601,multiclass,resnet,tox
WCYKMVHQFDGRLITNEASP,0.8095615829442959,0.428196423193805,multiclass,custom,tox
WCYKMVHQFDGRLITNEASP,0.7353926891741576,0.3736673467504198,multiclass,resnet,tox
WCYKMVHQFDGRLITNEASP,0.8066030086778456,0.4477407837822942,multiclass,custom,tox
WCYKMVHQFDGRLITNEASP,0.7225082660951615,0.36537005281447693,multiclass,resnet,tox
WCYKMVHQFDGRLITNEASP,0.8077653083605478,0.4466314989181684,multiclass,custom,tox
WCYKMVHQFDGRLITNEASP,0.7139052895003257,0.2840033476803314,multiclass,resnet,tox
WCYKMVHQFDGRLITNEASP,0.8060130763269218,0.3944930847320399,multiclass,custom,tox
WCYKMVHQFDGRLITNEASP,0.7325265128939848,0.33456451853354696,multiclass,resnet,tox
WCYKMVHQFDGRLITNEASP,0.8091522606701911,0.4575403836847098,multiclass,custom,tox
WCYKMVHQFDGRLITNEASP,0.7181820794486566,0.3541509833194658,multiclass,resnet,tox
WCYKMVHQFDGRLITNEASP,0.8054625748368999,0.3906189391838043,multiclass,custom,tox
WCYKMVHQFDGRLITNEASP,0.7260967378498631,0.39277140034292646,multiclass,resnet,tox
WCYKMVHQFDGRLITNEASP,0.8077918914849741,0.46450001335570545,multiclass,custom,tox
WCYKMVHQFDGRLITNEASP,0.733075474840725,0.39046587174189634,multiclass,resnet,tox
WCYKMVHQFDGRLITNEASP,0.8050113918923714,0.404222519663889,multiclass,custom,tox
WCYKMVHQFDGRLITNEASP,0.6894612968077378,0.3309111116764985,multiclass,resnet,tox
WCYKMVHQFDGRLITNEASP,0.8076196179881261,0.4552525992702541,multiclass,custom,tox
WCYKMVHQFDGRLITNEASP,0.7522539365430343,0.4075697970593379,multiclass,resnet,tox
WCYKMVHQFDGRLITNEASP,0.8007171982470387,0.37835260469867216,multiclass,custom,tox
WCYKMVHQFDGRLITNEASP,0.7317811297361707,0.3726325857984941,multiclass,resnet,tox
WCYKMVHQFDGRLITNEASP,0.8109173305490529,0.4021652253005058,multiclass,custom,tox
WCYKMVHQFDGRLITNEASP,0.7382003351351278,0.3857734336087638,multiclass,resnet,tox
WCYKMVHQFDGRLITNEASP,0.8074864093133737,0.4316885012849684,multiclass,custom,tox
WCYKMVHQFDGRLITNEASP,0.7147168361166525,0.3620475344657347,multiclass,resnet,tox
WCYKMVHQFDGRLITNEASP,0.8040506765960791,0.4689737384217956,multiclass,custom,tox
WCYKMVHQFDGRLITNEASP,0.7202164778196798,0.31851554209287763,multiclass,resnet,tox
WCYKMVHQFDGRLITNEASP,0.7973910528539021,0.4255911344882982,multiclass,custom,tox
WCYKMVHQFDGRLITNEASP,0.7238150361554722,0.38669030182541064,multiclass,resnet,tox
WCYKMVHQFDGRLITNEASP,0.8052793896407474,0.4106461574899277,multiclass,custom,tox
WCYKMVHQFDGRLITNEASP,0.7221717433448511,0.3134171136550762,multiclass,resnet,tox
WCYKMVHQFDGRLITNEASP,0.8059489882933224,0.39482173861473757,multiclass,custom,tox
WCYKMVHQFDGRLITNEASP,0.6982325628033305,0.36789474137058986,multiclass,resnet,tox
WCYKMVHQFDGRLITNEASP,0.8089255318472004,0.43571357345184847,multiclass,custom,tox
WCYKMVHQFDGRLITNEASP,0.6950760270035025,0.2976408774705312,multiclass,resnet,tox
WCYKMVHQFDGRLITNEASP,0.8105144268087713,0.4454892083575511,multiclass,custom,tox
WCYKMVHQFDGRLITNEASP,0.6977309482090522,0.37193550617688764,multiclass,resnet,tox
WCYKMVHQFDGRLITNEASP,0.8078870889720946,0.4571205824836212,multiclass,custom,tox
WCYKMVHQFDGRLITNEASP,0.7429932229043958,0.41464335440981126,multiclass,resnet,tox
WCYKMVHQFDGRLITNEASP,0.8064034438861025,0.4620659682858236,multiclass,custom,tox
WCYKMVHQFDGRLITNEASP,0.7314494781872002,0.3557020184860186,multiclass,resnet,tox
WCYKMVHQFDGRLITNEASP,0.8075400967928218,0.4405882783267693,multiclass,custom,tox
WCYKMVHQFDGRLITNEASP,0.6913905998028653,0.3383442241918998,multiclass,resnet,tox
WCYKMVHQFDGRLITNEASP,0.8084309597586536,0.4580730954238952,multiclass,custom,tox
WCYKMVHQFDGRLITNEASP,0.7357752267966197,0.41158259116555246,multiclass,resnet,tox
WCYKMVHQFDGRLITNEASP,0.8059452056088527,0.427202905117588,multiclass,custom,tox
WCYKMVHQFDGRLITNEASP,0.7501538312469045,0.4114181906262305,multiclass,resnet,tox
WCYKMVHQFDGRLITNEASP,0.8061888468818769,0.4162298048036269,multiclass,custom,tox
WCYKMVHQFDGRLITNEASP,0.7179787929797431,0.33434030449894747,multiclass,resnet,tox
WCYKMVHQFDGRLITNEASP,0.8080260694963123,0.4616600837308802,multiclass,custom,tox
WCYKMVHQFDGRLITNEASP,0.7264539336688295,0.3431987426729609,multiclass,resnet,tox
WCYKMVHQFDGRLITNEASP,0.8096636705985709,0.40369056644051315,multiclass,custom,tox
WCYKMVHQFDGRLITNEASP,0.7346741364501306,0.3711220704584767,multiclass,resnet,tox
WCYKMVHQFDGRLITNEASP,0.8078557256941675,0.42192008921069374,multiclass,custom,tox
WCYKMVHQFDGRLITNEASP,0.7347283073130864,0.42026222005232505,multiclass,resnet,tox
WCYKMVHQFDGRLITNEASP,0.8064595070623147,0.3996951831026182,multiclass,custom,tox
WCYKMVHQFDGRLITNEASP,0.7407896767040467,0.3567223781654556,multiclass,resnet,tox
WCYKMVHQFDGRLITNEASP,0.8077097786659861,0.4377720151026126,multiclass,custom,tox
WCYKMVHQFDGRLITNEASP,0.7310141651040645,0.4080931002670133,multiclass,resnet,tox
WCYKMVHQFDGRLITNEASP,0.8088163595748983,0.46379555032361425,multiclass,custom,tox
WCYKMVHQFDGRLITNEASP,0.7026420583634573,0.32083508222099727,multiclass,resnet,tox
WCYKMVHQFDGRLITNEASP,0.807578407730219,0.453396600585228,multiclass,custom,tox
WCYKMVHQFDGRLITNEASP,0.7238675636055854,0.33727276001625317,multiclass,resnet,tox
WCYKMVHQFDGRLITNEASP,0.8063782728543428,0.39705861965522815,multiclass,custom,tox
WCYKMVHQFDGRLITNEASP,0.7346928404861893,0.40617816273272866,multiclass,resnet,tox
WCYKMVHQFDGRLITNEASP,0.8057305113638783,0.3897972924369816,multiclass,custom,tox
WCYKMVHQFDGRLITNEASP,0.706941520250438,0.35609964233935704,multiclass,resnet,tox
WCYKMVHQFDGRLITNEASP,0.8095967139610452,0.44500990591249634,multiclass,custom,tox
WCYKMVHQFDGRLITNEASP,0.6842068092389488,0.3582280864944892,multiclass,resnet,tox
WCYKMVHQFDGRLITNEASP,0.8057090211510726,0.4551305464068676,multiclass,custom,tox
WCYKMVHQFDGRLITNEASP,0.7395885932429972,0.4221921717161387,multiclass,resnet,tox
WCYKMVHQFDGRLITNEASP,0.8044329690847345,0.46104270245655565,multiclass,custom,tox
WCYKMVHQFDGRLITNEASP,0.6947707276651343,0.2896652736394659,multiclass,resnet,tox
WCYKMVHQFDGRLITNEASP,0.8077880192314815,0.45764714165276005,multiclass,custom,tox
WCYKMVHQFDGRLITNEASP,0.7046977019738024,0.3596541174725342,multiclass,resnet,tox
WCYKMVHQFDGRLITNEASP,0.8056365963139729,0.439656347255095,multiclass,custom,tox
WCYKMVHQFDGRLITNEASP,0.7020843005464802,0.3256543239399213,multiclass,resnet,tox
WCYKMVHQFDGRLITNEASP,0.8067951377481029,0.44352884241554547,multiclass,custom,tox
WCYKMVHQFDGRLITNEASP,0.7277070604606442,0.37804854525727527,multiclass,resnet,tox
WCYKMVHQFDGRLITNEASP,0.8059517283781601,0.4320230065598107,multiclass,custom,tox
WCYKMVHQFDGRLITNEASP,0.7130696755234796,0.39734430242966395,multiclass,resnet,tox
WCYKMVHQFDGRLITNEASP,0.8081779887992123,0.4606537082022837,multiclass,custom,tox
WCYKMVHQFDGRLITNEASP,0.7142362003063981,0.30149045515297324,multiclass,resnet,tox
WCYKMVHQFDGRLITNEASP,0.808115695771064,0.3963032632348816,multiclass,custom,tox
WCYKMVHQFDGRLITNEASP,0.7245014032882606,0.3447973230176943,multiclass,resnet,tox
WCYKMVHQFDGRLITNEASP,0.8076621692960815,0.4013696396249415,multiclass,custom,tox
WCYKMVHQFDGRLITNEASP,0.7312829000758907,0.3653527992155287,multiclass,resnet,tox
WCYKMVHQFDGRLITNEASP,0.8069515366780486,0.4434378663918448,multiclass,custom,tox
WCYKMVHQFDGRLITNEASP,0.7282494594486126,0.36848087971800847,multiclass,resnet,tox
WCYKMVHQFDGRLITNEASP,0.8022791899755651,0.4503189807263001,multiclass,custom,tox
WCYKMVHQFDGRLITNEASP,0.7256920889742341,0.3612683666080558,multiclass,resnet,tox
WCYKMVHQFDGRLITNEASP,0.8088124330835129,0.43938678888749694,multiclass,custom,tox
WCYKMVHQFDGRLITNEASP,0.7196821836569263,0.3973125384871778,multiclass,resnet,tox
WCYKMVHQFDGRLITNEASP,0.8045735346653607,0.4412335580989919,multiclass,custom,tox
WCYKMVHQFDGRLITNEASP,0.7356397175542929,0.38244271343136665,multiclass,resnet,tox
WCYKMVHQFDGRLITNEASP,0.8066905998188677,0.40815294269325914,multiclass,custom,tox
WCYKMVHQFDGRLITNEASP,0.6927612819653703,0.24604413244413242,multiclass,resnet,tox
WCYKMVHQFDGRLITNEASP,0.8039552477083344,0.42416653485276046,multiclass,custom,tox
WCYKMVHQFDGRLITNEASP,0.7082398614882237,0.3355257853015699,multiclass,resnet,tox
WCYKMVHQFDGRLITNEASP,0.8054323069722826,0.4641356380180729,multiclass,custom,tox
WCYKMVHQFDGRLITNEASP,0.7436076883485077,0.40166631848842255,multiclass,resnet,tox
WCYKMVHQFDGRLITNEASP,0.8019571180834685,0.39066635499906527,multiclass,custom,tox
WCYKMVHQFDGRLITNEASP,0.7297983645086694,0.35838236061127626,multiclass,resnet,tox
WCYKMVHQFDGRLITNEASP,0.8093691579094836,0.4595940838930533,multiclass,custom,tox
WCYKMVHQFDGRLITNEASP,0.7317872412020455,0.4038908180717929,multiclass,resnet,tox
WCYKMVHQFDGRLITNEASP,0.8044331009487602,0.4012814414995412,multiclass,custom,tox
WCYKMVHQFDGRLITNEASP,0.6884510426831837,0.3072432690168832,multiclass,resnet,tox
WCYKMVHQFDGRLITNEASP,0.8104989453339693,0.43944134446433025,multiclass,custom,tox
WCYKMVHQFDGRLITNEASP,0.7098785364584899,0.3634208526001509,multiclass,resnet,tox
WCYKMVHQFDGRLITNEASP,0.8046353697060653,0.42358687334197426,multiclass,custom,tox
WCYKMVHQFDGRLITNEASP,0.7224113896290676,0.3054755895510187,multiclass,resnet,tox
WCYKMVHQFDGRLITNEASP,0.807230221251821,0.4401780668504312,multiclass,custom,tox
WCYKMVHQFDGRLITNEASP,0.7640607080663608,0.39964004906347617,multiclass,resnet,tox
WCYKMVHQFDGRLITNEASP,0.8065553549165291,0.45561209454762397,multiclass,custom,tox
WCYKMVHQFDGRLITNEASP,0.7410061115218982,0.38639850020420186,multiclass,resnet,tox
WCYKMVHQFDGRLITNEASP,0.8081862026707833,0.4494631850186547,multiclass,custom,tox
WCYKMVHQFDGRLITNEASP,0.709081192908673,0.340816501851117,multiclass,resnet,tox
WCYKMVHQFDGRLITNEASP,0.8059198392508099,0.45238668719530245,multiclass,custom,tox
WCYKMVHQFDGRLITNEASP,0.7521174929657437,0.405184872195254,multiclass,resnet,tox
WCYKMVHQFDGRLITNEASP,0.8044403099948862,0.4505165982793978,multiclass,custom,tox
WCYKMVHQFDGRLITNEASP,0.7004393055283058,0.37353679765576614,multiclass,resnet,tox
WCYKMVHQFDGRLITNEASP,0.8068465048979995,0.4599743191992366,multiclass,custom,tox
WCYKMVHQFDGRLITNEASP,0.7051690927182787,0.3044993033425904,multiclass,resnet,tox
WCYKMVHQFDGRLITNEASP,0.8082118020517658,0.46259330860400477,multiclass,custom,tox
WCYKMVHQFDGRLITNEASP,0.719953078452713,0.3426521535891826,multiclass,resnet,tox
WCYKMVHQFDGRLITNEASP,0.8032331123480023,0.45077173132857506,multiclass,custom,tox
WCYKMVHQFDGRLITNEASP,0.7224367433719218,0.34690348894688505,multiclass,resnet,tox
WCYKMVHQFDGRLITNEASP,0.8109849083188859,0.4125757110680288,multiclass,custom,tox
WCYKMVHQFDGRLITNEASP,0.7370701308372921,0.34862340612623666,multiclass,resnet,tox
WCYKMVHQFDGRLITNEASP,0.8034491406473829,0.3974943774261027,multiclass,custom,tox
WCYKMVHQFDGRLITNEASP,0.7335064135763606,0.3859450200329376,multiclass,resnet,tox
WCYKMVHQFDGRLITNEASP,0.808934274220249,0.4471940591964425,multiclass,custom,tox
WCYKMVHQFDGRLITNEASP,0.7281039024787935,0.3414367780263189,multiclass,resnet,tox
WCYKMVHQFDGRLITNEASP,0.8026741708362672,0.4424220272513488,multiclass,custom,tox
WCYKMVHQFDGRLITNEASP,0.7320077612218074,0.35410097460460177,multiclass,resnet,tox
WCYKMVHQFDGRLITNEASP,0.8061862629051099,0.468493569479675,multiclass,custom,tox
WCYKMVHQFDGRLITNEASP,0.7138738797249387,0.33581557519523253,multiclass,resnet,tox
WCYKMVHQFDGRLITNEASP,0.8038084379398777,0.4192657429421331,multiclass,custom,tox
WCYKMVHQFDGRLITNEASP,0.7297011184519442,0.38948703699485687,multiclass,resnet,tox
WCYKMVHQFDGRLITNEASP,0.8036176117353271,0.43840519112731346,multiclass,custom,tox
WCYKMVHQFDGRLITNEASP,0.725455866468734,0.38797683447278924,multiclass,resnet,tox
WCYKMVHQFDGRLITNEASP,0.8011452982914372,0.3807027366894216,multiclass,custom,tox
WCYKMVHQFDGRLITNEASP,0.7185886032455444,0.34226962431199337,multiclass,resnet,tox
WCYKMVHQFDGRLITNEASP,0.8056259549668654,0.3959032777375143,multiclass,custom,tox
WCYKMVHQFDGRLITNEASP,0.731208586974898,0.40984846382439455,multiclass,resnet,tox
WCYKMVHQFDGRLITNEASP,0.8054219450427397,0.4210240553864496,multiclass,custom,tox
WCYKMVHQFDGRLITNEASP,0.7042317972711826,0.28843913460995313,multiclass,resnet,tox
WCYKMVHQFDGRLITNEASP,0.8058278075693586,0.40971547868484465,multiclass,custom,tox
WCYKMVHQFDGRLITNEASP,0.6727191221932671,0.299083685600745,multiclass,resnet,tox
WCYKMVHQFDGRLITNEASP,0.8062794945282752,0.38614880014642794,multiclass,custom,tox
WCYKMVHQFDGRLITNEASP,0.7343898706997891,0.34756371800530805,multiclass,resnet,tox
WCYKMVHQFDGRLITNEASP,0.8070078319943527,0.43489414818487865,multiclass,custom,tox
WCYKMVHQFDGRLITNEASP,0.7308433851927015,0.3575407502309479,multiclass,resnet,tox
WCYKMVHQFDGRLITNEASP,0.809565628073776,0.46119874034701364,multiclass,custom,tox
WCYKMVHQFDGRLITNEASP,0.7341011560188434,0.3438663428825103,multiclass,resnet,tox
WCYKMVHQFDGRLITNEASP,0.8073959249546384,0.47252917085711044,multiclass,custom,tox
WCYKMVHQFDGRLITNEASP,0.7199594830578608,0.3325311636084615,multiclass,resnet,tox
WCYKMVHQFDGRLITNEASP,0.8070259990907702,0.39591381418824584,multiclass,custom,tox
WCYKMVHQFDGRLITNEASP,0.7420457597809261,0.3460689954565904,multiclass,resnet,tox
WCYKMVHQFDGRLITNEASP,0.8092940948710734,0.4546526274425055,multiclass,custom,tox
WCYKMVHQFDGRLITNEASP,0.7116924234350507,0.32353633504146756,multiclass,resnet,tox
WCYKMVHQFDGRLITNEASP,0.8082673295533513,0.40571412087323366,multiclass,custom,tox
WCYKMVHQFDGRLITNEASP,0.7014965591841307,0.3524782020394987,multiclass,resnet,tox
WCYKMVHQFDGRLITNEASP,0.807558678666554,0.43857934858017417,multiclass,custom,tox
WCYKMVHQFDGRLITNEASP,0.7061783035567585,0.3352286405791828,multiclass,resnet,tox
WCYKMVHQFDGRLITNEASP,0.8087795718250815,0.40095193214264657,multiclass,custom,tox
WCYKMVHQFDGRLITNEASP,0.6864295046433091,0.33520658212816484,multiclass,resnet,tox
WCYKMVHQFDGRLITNEASP,0.8046953961346981,0.4225008128324802,multiclass,custom,tox
WCYKMVHQFDGRLITNEASP,0.7222170712626932,0.393625639605201,multiclass,resnet,tox
WCYKMVHQFDGRLITNEASP,0.8100138973488322,0.4732943612227499,multiclass,custom,tox
WCYKMVHQFDGRLITNEASP,0.7286915859072847,0.3630841845831313,multiclass,resnet,tox
WCYKMVHQFDGRLITNEASP,0.805049932589203,0.42934908367905306,multiclass,custom,tox
WCYKMVHQFDGRLITNEASP,0.7436034184215282,0.37732055875442383,multiclass,resnet,tox
WCYKMVHQFDGRLITNEASP,0.805579185393172,0.4174170557033838,multiclass,custom,tox
WCYKMVHQFDGRLITNEASP,0.7480274722438657,0.4221078505999828,multiclass,resnet,tox
WCYKMVHQFDGRLITNEASP,0.8056857589282396,0.39081538561862345,multiclass,custom,tox
WCYKMVHQFDGRLITNEASP,0.727443035616259,0.394173882527692,multiclass,resnet,tox
WCYKMVHQFDGRLITNEASP,0.8042114349538778,0.41571350888843916,multiclass,custom,tox
WCYKMVHQFDGRLITNEASP,0.7019616959530134,0.3665256309412025,multiclass,resnet,tox
WCYKMVHQFDGRLITNEASP,0.8074671940103684,0.43638951914504087,multiclass,custom,tox
WCYKMVHQFDGRLITNEASP,0.7239538875100868,0.3691662225361101,multiclass,resnet,tox
WCYKMVHQFDGRLITNEASP,0.8069726064407622,0.4431018518518518,multiclass,custom,tox
WCYKMVHQFDGRLITNEASP,0.7309591002105597,0.4131919526998541,multiclass,resnet,tox
WCYKMVHQFDGRLITNEASP,0.8069450151946211,0.40246149270939957,multiclass,custom,tox
WCYKMVHQFDGRLITNEASP,0.706433954622194,0.2990218392001566,multiclass,resnet,tox
WCYKMVHQFDGRLITNEASP,0.8055863277692084,0.44466063237355585,multiclass,custom,tox
WCYKMVHQFDGRLITNEASP,0.742728523975617,0.3584411919720524,multiclass,resnet,tox
WCYKMVHQFDGRLITNEASP,0.8059764928614163,0.4337788996453538,multiclass,custom,tox
WCYKMVHQFDGRLITNEASP,0.7242263769215929,0.36242916066049435,multiclass,resnet,tox
WCYKMVHQFDGRLITNEASP,0.8093874315603327,0.4163363331691127,multiclass,custom,tox
WCYKMVHQFDGRLITNEASP,0.73781388073422,0.3661861738117687,multiclass,resnet,tox
WCYKMVHQFDGRLITNEASP,0.8068580387838319,0.45017643231871907,multiclass,custom,tox
WCYKMVHQFDGRLITNEASP,0.7416290154619593,0.38735934738812017,multiclass,resnet,tox
WCYKMVHQFDGRLITNEASP,0.8039893796740307,0.4004311217336213,multiclass,custom,tox
WCYKMVHQFDGRLITNEASP,0.7495735457844235,0.3762047681347114,multiclass,resnet,tox
WCYKMVHQFDGRLITNEASP,0.802844862352288,0.4486909815443084,multiclass,custom,tox
WCYKMVHQFDGRLITNEASP,0.6969995376901708,0.2916963618552962,multiclass,resnet,tox
WCYKMVHQFDGRLITNEASP,0.8002231903678471,0.4058236717483961,multiclass,custom,tox
WCYKMVHQFDGRLITNEASP,0.7370183784773312,0.4092283884815012,multiclass,resnet,tox
WCYKMVHQFDGRLITNEASP,0.8054964724780062,0.4204911413148621,multiclass,custom,tox
WCYKMVHQFDGRLITNEASP,0.720113553524516,0.40212323309946907,multiclass,resnet,tox
WCYKMVHQFDGRLITNEASP,0.8083120352531512,0.40535783235099077,multiclass,custom,tox
WCYKMVHQFDGRLITNEASP,0.732849553487869,0.4053253395119444,multiclass,resnet,tox
WCYKMVHQFDGRLITNEASP,0.8071247985901067,0.4426239302171324,multiclass,custom,tox
WCYKMVHQFDGRLITNEASP,0.7124788458763732,0.30684091037906486,multiclass,resnet,tox
WCYKMVHQFDGRLITNEASP,0.804614711461779,0.4254947383235426,multiclass,custom,tox
WCYKMVHQFDGRLITNEASP,0.7232573003698276,0.36738920639047945,multiclass,resnet,tox
WCYKMVHQFDGRLITNEASP,0.8049832937956574,0.3938483082211436,multiclass,custom,tox
WCYKMVHQFDGRLITNEASP,0.747591911096521,0.4327100513410554,multiclass,resnet,tox
WCYKMVHQFDGRLITNEASP,0.8069680399494075,0.4691563133943955,multiclass,custom,tox
WCYKMVHQFDGRLITNEASP,0.7373515205007777,0.36219496600951534,multiclass,resnet,tox
WCYKMVHQFDGRLITNEASP,0.8072922760666383,0.44837314325371896,multiclass,custom,tox
WCYKMVHQFDGRLITNEASP,0.7261179290134936,0.38650519901117714,multiclass,resnet,tox
WCYKMVHQFDGRLITNEASP,0.804283273380701,0.45697597191121087,multiclass,custom,tox
WCYKMVHQFDGRLITNEASP,0.7209935040344637,0.352805985184668,multiclass,resnet,tox
WCYKMVHQFDGRLITNEASP,0.806917198680995,0.46072454637586413,multiclass,custom,tox
WCYKMVHQFDGRLITNEASP,0.73537518310082,0.3848338574824539,multiclass,resnet,tox
WCYKMVHQFDGRLITNEASP,0.7984593963024135,0.4216142199256643,multiclass,custom,tox
WCYKMVHQFDGRLITNEASP,0.7147114049307483,0.36928725808036156,multiclass,resnet,tox
WCYKMVHQFDGRLITNEASP,0.8036503973831722,0.44562685595490503,multiclass,custom,tox
WCYKMVHQFDGRLITNEASP,0.7022896111776901,0.31530523199838195,multiclass,resnet,tox
WCYKMVHQFDGRLITNEASP,0.8068046532934838,0.44204557364865515,multiclass,custom,tox
WCYKMVHQFDGRLITNEASP,0.7333449480499822,0.407722624989632,multiclass,resnet,tox
WCYKMVHQFDGRLITNEASP,0.8072196261615877,0.4010521395725859,multiclass,custom,tox
WCYKMVHQFDGRLITNEASP,0.7190053682277912,0.38196771293776066,multiclass,resnet,tox
WCYKMVHQFDGRLITNEASP,0.8076219844815787,0.40766640258750186,multiclass,custom,tox
WCYKMVHQFDGRLITNEASP,0.7231348856955806,0.3951566383922299,multiclass,resnet,tox
WCYKMVHQFDGRLITNEASP,0.8056046741270515,0.39584599200398485,multiclass,custom,tox
WCYKMVHQFDGRLITNEASP,0.7321216482643818,0.3380883877446991,multiclass,resnet,tox
WCYKMVHQFDGRLITNEASP,0.8038210519384823,0.39998868792802733,multiclass,custom,tox
WCYKMVHQFDGRLITNEASP,0.7292090187855311,0.3261556937826963,multiclass,resnet,tox
WCYKMVHQFDGRLITNEASP,0.8043049891349383,0.44527278910535334,multiclass,custom,tox
WCYKMVHQFDGRLITNEASP,0.714048585492288,0.3216560600372509,multiclass,resnet,tox
WCYKMVHQFDGRLITNEASP,0.8091779051847091,0.47466122391848725,multiclass,custom,tox
WCYKMVHQFDGRLITNEASP,0.7085666514304251,0.282599014206062,multiclass,resnet,tox
WCYKMVHQFDGRLITNEASP,0.8040225433566002,0.4154946834204193,multiclass,custom,tox
WCYKMVHQFDGRLITNEASP,0.6902766778902713,0.2755009045951461,multiclass,resnet,tox
WCYKMVHQFDGRLITNEASP,0.8041197092892771,0.42693646452747397,multiclass,custom,tox
WCYKMVHQFDGRLITNEASP,0.7431755437985038,0.3530595431997524,multiclass,resnet,tox
WCYKMVHQFDGRLITNEASP,0.8069567902698921,0.41702085908331227,multiclass,custom,tox
WCYKMVHQFDGRLITNEASP,0.7139593754238167,0.3618577946683219,multiclass,resnet,tox
WCYKMVHQFDGRLITNEASP,0.8070541171071071,0.4015854431522786,multiclass,custom,tox
WCYKMVHQFDGRLITNEASP,0.702793950910819,0.31073484385952427,multiclass,resnet,tox
WCYKMVHQFDGRLITNEASP,0.7982206788987493,0.4345216998677521,multiclass,custom,tox
WCYKMVHQFDGRLITNEASP,0.7135034798138007,0.3798095020280288,multiclass,resnet,tox
WCYKMVHQFDGRLITNEASP,0.8074632484243374,0.40766444100078625,multiclass,custom,tox
WCYKMVHQFDGRLITNEASP,0.7352345710977384,0.3602287240810158,multiclass,resnet,tox
WCYKMVHQFDGRLITNEASP,0.8054311634906199,0.3980259976123608,multiclass,custom,tox
WCYKMVHQFDGRLITNEASP,0.6989115033720591,0.3606796067005127,multiclass,resnet,tox
WCYKMVHQFDGRLITNEASP,0.8074708393864396,0.4537513472329466,multiclass,custom,tox
WCYKMVHQFDGRLITNEASP,0.6938794272662413,0.31024617844504754,multiclass,resnet,tox
WCYKMVHQFDGRLITNEASP,0.8052971992291512,0.442463590067146,multiclass,custom,tox
WCYKMVHQFDGRLITNEASP,0.6972614693778609,0.3420575338937966,multiclass,resnet,tox
WCYKMVHQFDGRLITNEASP,0.8083208322385136,0.40702356183909877,multiclass,custom,tox
WCYKMVHQFDGRLITNEASP,0.7353626567880003,0.39070152864811586,multiclass,resnet,tox
WCYKMVHQFDGRLITNEASP,0.8038704982047417,0.46694229126321335,multiclass,custom,tox
WCYKMVHQFDGRLITNEASP,0.727116807293785,0.36393282932685544,multiclass,resnet,tox
WCYKMVHQFDGRLITNEASP,0.8041896862981707,0.4306487944701657,multiclass,custom,tox
WCYKMVHQFDGRLITNEASP,0.7166292228027287,0.35694340874670355,multiclass,resnet,tox
WCYKMVHQFDGRLITNEASP,0.8074487795219994,0.3970560384706129,multiclass,custom,tox
WCYKMVHQFDGRLITNEASP,0.7413830682001422,0.38307610476862886,multiclass,resnet,tox
WCYKMVHQFDGRLITNEASP,0.8103365080618097,0.41877432851581864,multiclass,custom,tox
WCYKMVHQFDGRLITNEASP,0.7419081741009073,0.4024887801511682,multiclass,resnet,tox
WCYKMVHQFDGRLITNEASP,0.8094908744345328,0.39516070586839463,multiclass,custom,tox
WCYKMVHQFDGRLITNEASP,0.7077965878287988,0.38409999579777127,multiclass,resnet,tox
WCYKMVHQFDGRLITNEASP,0.8052954956483147,0.4575340047688477,multiclass,custom,tox
WCYKMVHQFDGRLITNEASP,0.7280412417358588,0.3316089160212067,multiclass,resnet,tox
WCYKMVHQFDGRLITNEASP,0.8060778557058217,0.45896810801950966,multiclass,custom,tox
WCYKMVHQFDGRLITNEASP,0.7383013724660636,0.3935744611396562,multiclass,resnet,tox
WCYKMVHQFDGRLITNEASP,0.8035932791209254,0.3977718214487168,multiclass,custom,tox
WCYKMVHQFDGRLITNEASP,0.7042647941329898,0.32224083273327114,multiclass,resnet,tox
WCYKMVHQFDGRLITNEASP,0.8085168712456342,0.3991281773963473,multiclass,custom,tox
WCYKMVHQFDGRLITNEASP,0.7169122218217605,0.3528222080106199,multiclass,resnet,tox
WCYKMVHQFDGRLITNEASP,0.8011838346188558,0.4252463990373503,multiclass,custom,tox
WCYKMVHQFDGRLITNEASP,0.728409280817561,0.3698928685981026,multiclass,resnet,tox
WCYKMVHQFDGRLITNEASP,0.8020687839675636,0.39822637065571154,multiclass,custom,tox
WCYKMVHQFDGRLITNEASP,0.7081219993312635,0.29655763035939203,multiclass,resnet,tox
WCYKMVHQFDGRLITNEASP,0.804182374670915,0.4370459285433072,multiclass,custom,tox
WCYKMVHQFDGRLITNEASP,0.7547534502124664,0.4556349807149015,multiclass,resnet,tox
WCYKMVHQFDGRLITNEASP,0.8044435366829694,0.40055460856127045,multiclass,custom,tox
WCYKMVHQFDGRLITNEASP,0.7127550200721682,0.3147516975103182,multiclass,resnet,tox
WCYKMVHQFDGRLITNEASP,0.8122179657458529,0.4240164382068,multiclass,custom,tox
WCYKMVHQFDGRLITNEASP,0.7223385751904526,0.3420013854820049,multiclass,resnet,tox
WCYKMVHQFDGRLITNEASP,0.8065042380202214,0.4343200716535206,multiclass,custom,tox
WCYKMVHQFDGRLITNEASP,0.7200841940059192,0.3458875219633369,multiclass,resnet,tox
WCYKMVHQFDGRLITNEASP,0.8064913189888431,0.43256086607339367,multiclass,custom,tox
WCYKMVHQFDGRLITNEASP,0.7071690680700825,0.36312732333923115,multiclass,resnet,tox
WCYKMVHQFDGRLITNEASP,0.8024252467597993,0.4008228906656077,multiclass,custom,tox
WCYKMVHQFDGRLITNEASP,0.7332938892245926,0.4169486511815384,multiclass,resnet,tox
WCYKMVHQFDGRLITNEASP,0.8072015478532167,0.44621708420685263,multiclass,custom,tox
WCYKMVHQFDGRLITNEASP,0.7478330381489727,0.41757584701938527,multiclass,resnet,tox
WCYKMVHQFDGRLITNEASP,0.806329106807844,0.45561450094254735,multiclass,custom,tox
WCYKMVHQFDGRLITNEASP,0.7031340068464488,0.3304001403726929,multiclass,resnet,tox
WCYKMVHQFDGRLITNEASP,0.8068421700512346,0.43803381837284483,multiclass,custom,tox
WCYKMVHQFDGRLITNEASP,0.7174622227599142,0.4282740016094035,multiclass,resnet,tox
WCYKMVHQFDGRLITNEASP,0.809660758370107,0.46837672306617584,multiclass,custom,tox
WCYKMVHQFDGRLITNEASP,0.7484004749545952,0.38451161119713717,multiclass,resnet,tox
WCYKMVHQFDGRLITNEASP,0.8053891100525462,0.4473249933729475,multiclass,custom,tox
WCYKMVHQFDGRLITNEASP,0.7337060487376751,0.3877014575821803,multiclass,resnet,tox
WCYKMVHQFDGRLITNEASP,0.8079167901322786,0.40321542880801414,multiclass,custom,tox
WCYKMVHQFDGRLITNEASP,0.7339130498771245,0.3781029211806225,multiclass,resnet,tox
WCYKMVHQFDGRLITNEASP,0.8067027047679348,0.4609280055365246,multiclass,custom,tox
WCYKMVHQFDGRLITNEASP,0.7473441733220451,0.38520494011653017,multiclass,resnet,tox
WCYKMVHQFDGRLITNEASP,0.8062336846724408,0.4584271756486709,multiclass,custom,tox
WCYKMVHQFDGRLITNEASP,0.7296235794990282,0.3740274448010461,multiclass,resnet,tox
WCYKMVHQFDGRLITNEASP,0.8101678249179969,0.40725964242208573,multiclass,custom,tox
WCYKMVHQFDGRLITNEASP,0.73166551959802,0.40069995063946784,multiclass,resnet,tox
WCYKMVHQFDGRLITNEASP,0.8060374695405464,0.3978558482839638,multiclass,custom,tox
WCYKMVHQFDGRLITNEASP,0.7137349596213421,0.3159110904063456,multiclass,resnet,tox
WCYKMVHQFDGRLITNEASP,0.8045759122185056,0.43624035003990735,multiclass,custom,tox
WCYKMVHQFDGRLITNEASP,0.7182760844058269,0.35626095594681506,multiclass,resnet,tox
WCYKMVHQFDGRLITNEASP,0.8049645888571371,0.45415646900843454,multiclass,custom,tox
WCYKMVHQFDGRLITNEASP,0.7381733684320023,0.41840733347570935,multiclass,resnet,tox
WCYKMVHQFDGRLITNEASP,0.8075518776161685,0.43038333522367395,multiclass,custom,tox
WCYKMVHQFDGRLITNEASP,0.7230896018390585,0.38116565250670614,multiclass,resnet,tox
WCYKMVHQFDGRLITNEASP,0.8039522148033607,0.3900611683869605,multiclass,custom,tox
WCYKMVHQFDGRLITNEASP,0.7454773676622848,0.35825758095602195,multiclass,resnet,tox
WCYKMVHQFDGRLITNEASP,0.8075596090256474,0.4319398932982441,multiclass,custom,tox
WCYKMVHQFDGRLITNEASP,0.684288181783549,0.29647367364385874,multiclass,resnet,tox
WCYKMVHQFDGRLITNEASP,0.8061760012114894,0.44914335513188064,multiclass,custom,tox
WCYKMVHQFDGRLITNEASP,0.7150982681944215,0.35291753001245824,multiclass,resnet,tox
WCYKMVHQFDGRLITNEASP,0.8077348359840867,0.40442396494837335,multiclass,custom,tox
WCYKMVHQFDGRLITNEASP,0.7108350179198111,0.362039488534516,multiclass,resnet,tox
WCYKMVHQFDGRLITNEASP,0.8099110162745916,0.4306113115383182,multiclass,custom,tox
WCYKMVHQFDGRLITNEASP,0.7521278463841128,0.4274138057791867,multiclass,resnet,tox
WCYKMVHQFDGRLITNEASP,0.8022768957454967,0.4584967239559341,multiclass,custom,tox
WCYKMVHQFDGRLITNEASP,0.6990190642072238,0.3357706301881636,multiclass,resnet,tox
WCYKMVHQFDGRLITNEASP,0.8048909633054316,0.409575709628212,multiclass,custom,tox
WCYKMVHQFDGRLITNEASP,0.7210044054734099,0.3656637048556456,multiclass,resnet,tox
WCYKMVHQFDGRLITNEASP,0.8074448314946879,0.4480110270994843,multiclass,custom,tox
WCYKMVHQFDGRLITNEASP,0.7387925261799542,0.3795267418562103,multiclass,resnet,tox
WCYKMVHQFDGRLITNEASP,0.8030016414230602,0.469242509688479,multiclass,custom,tox
WCYKMVHQFDGRLITNEASP,0.7196982543255078,0.3440210763345469,multiclass,resnet,tox
WCYKMVHQFDGRLITNEASP,0.8062988187555618,0.40969454480928447,multiclass,custom,tox
WCYKMVHQFDGRLITNEASP,0.729724965019517,0.3833744109413602,multiclass,resnet,tox
WCYKMVHQFDGRLITNEASP,0.8062234896716749,0.4286669421409427,multiclass,custom,tox
WCYKMVHQFDGRLITNEASP,0.7417570669124137,0.378673651911163,multiclass,resnet,tox
WCYKMVHQFDGRLITNEASP,0.803181605442058,0.42386632070972363,multiclass,custom,tox
WCYKMVHQFDGRLITNEASP,0.7259699842786101,0.3207757848073401,multiclass,resnet,tox
WCYKMVHQFDGRLITNEASP,0.8065991514957996,0.46407984676696773,multiclass,custom,tox
WCYKMVHQFDGRLITNEASP,0.7256421637313333,0.3769061074968575,multiclass,resnet,tox
WCYKMVHQFDGRLITNEASP,0.8034750731294492,0.3925569765093905,multiclass,custom,tox
WCYKMVHQFDGRLITNEASP,0.6821357995926519,0.3220038267107034,multiclass,resnet,tox
WCYKMVHQFDGRLITNEASP,0.8119459121942707,0.4716413423257612,multiclass,custom,tox
WCYKMVHQFDGRLITNEASP,0.7389210523968583,0.4091624128488558,multiclass,resnet,tox
WCYKMVHQFDGRLITNEASP,0.8077151178780179,0.4450045283746665,multiclass,custom,tox
WCYKMVHQFDGRLITNEASP,0.7201835546151878,0.3507476109694771,multiclass,resnet,tox
WCYKMVHQFDGRLITNEASP,0.8099369264167094,0.38899670035903033,multiclass,custom,tox
WCYKMVHQFDGRLITNEASP,0.7224134694822494,0.30916041129495203,multiclass,resnet,tox
WCYKMVHQFDGRLITNEASP,0.8104610337241642,0.45433312847145013,multiclass,custom,tox
WCYKMVHQFDGRLITNEASP,0.7161611172066482,0.33891000394669724,multiclass,resnet,tox
WCYKMVHQFDGRLITNEASP,0.8104309089526008,0.42319652825468024,multiclass,custom,tox
WCYKMVHQFDGRLITNEASP,0.7319982895299948,0.36191134444312684,multiclass,resnet,tox
WCYKMVHQFDGRLITNEASP,0.8086244850652591,0.4641890854987459,multiclass,custom,tox
WCYKMVHQFDGRLITNEASP,0.705047910950198,0.3353902444721023,multiclass,resnet,tox
WCYKMVHQFDGRLITNEASP,0.8093473136587536,0.45339368594016893,multiclass,custom,tox
WCYKMVHQFDGRLITNEASP,0.7291994552846027,0.3449655660381028,multiclass,resnet,tox
WCYKMVHQFDGRLITNEASP,0.8080826911204196,0.40386030911480075,multiclass,custom,tox
WCYKMVHQFDGRLITNEASP,0.7544003840241634,0.42024463265453643,multiclass,resnet,tox
WCYKMVHQFDGRLITNEASP,0.8097942860270269,0.4220903309489444,multiclass,custom,tox
WCYKMVHQFDGRLITNEASP,0.7382302732057929,0.40265441062088314,multiclass,resnet,tox
WCYKMVHQFDGRLITNEASP,0.8072213068750791,0.44974952745216773,multiclass,custom,tox
WCYKMVHQFDGRLITNEASP,0.7174514871529603,0.3577111292341017,multiclass,resnet,tox
WCYKMVHQFDGRLITNEASP,0.8071587596613525,0.4177950317330462,multiclass,custom,tox
WCYKMVHQFDGRLITNEASP,0.7162988701893505,0.3963805847851251,multiclass,resnet,tox
WCYKMVHQFDGRLITNEASP,0.8087829314955888,0.44401545715639373,multiclass,custom,tox
WCYKMVHQFDGRLITNEASP,0.7350403293498268,0.3815452925561743,multiclass,resnet,tox
WCYKMVHQFDGRLITNEASP,0.8031309445453763,0.42319716862256707,multiclass,custom,tox
WCYKMVHQFDGRLITNEASP,0.720403134480975,0.39009370240262975,multiclass,resnet,tox
WCYKMVHQFDGRLITNEASP,0.8023193087101419,0.3948650432797871,multiclass,custom,tox
WCYKMVHQFDGRLITNEASP,0.7213884675572988,0.37048092332469373,multiclass,resnet,tox
WCYKMVHQFDGRLITNEASP,0.8084827224062272,0.41145468214884995,multiclass,custom,tox
WCYKMVHQFDGRLITNEASP,0.7199565566633384,0.32107159431095755,multiclass,resnet,tox
WCYKMVHQFDGRLITNEASP,0.8100513079457997,0.458995692620557,multiclass,custom,tox
WCYKMVHQFDGRLITNEASP,0.7141501566705728,0.3562239501158918,multiclass,resnet,tox
WCYKMVHQFDGRLITNEASP,0.8049504733846427,0.4066429315516985,multiclass,custom,tox
WCYKMVHQFDGRLITNEASP,0.7056088724189041,0.3682491143345374,multiclass,resnet,tox
WCYKMVHQFDGRLITNEASP,0.8057603972414814,0.4439449803811377,multiclass,custom,tox
WCYKMVHQFDGRLITNEASP,0.7085597604284726,0.37993933506441363,multiclass,resnet,tox
WCYKMVHQFDGRLITNEASP,0.8047257462909825,0.4379875770342066,multiclass,custom,tox
WCYKMVHQFDGRLITNEASP,0.735161918258399,0.3684921947603139,multiclass,resnet,tox
WCYKMVHQFDGRLITNEASP,0.8093103674524714,0.45304521770756734,multiclass,custom,tox
WCYKMVHQFDGRLITNEASP,0.7068931449140384,0.30313535977094486,multiclass,resnet,tox
WCYKMVHQFDGRLITNEASP,0.8041359456941105,0.4461064859680201,multiclass,custom,tox
WCYKMVHQFDGRLITNEASP,0.7354129981128409,0.4265176633322583,multiclass,resnet,tox
WCYKMVHQFDGRLITNEASP,0.8080892938392804,0.4355816207541127,multiclass,custom,tox
WCYKMVHQFDGRLITNEASP,0.6985661039314577,0.3058518794999291,multiclass,resnet,tox
WCYKMVHQFDGRLITNEASP,0.8084376203406032,0.4398918057256207,multiclass,custom,tox
WCYKMVHQFDGRLITNEASP,0.7404777462994835,0.37416710342977627,multiclass,resnet,tox
WCYKMVHQFDGRLITNEASP,0.8037586686484076,0.4009057341361329,multiclass,custom,tox
WCYKMVHQFDGRLITNEASP,0.7188459335235333,0.32994017250643964,multiclass,resnet,tox
WCYKMVHQFDGRLITNEASP,0.805401438201294,0.4772968124846801,multiclass,custom,tox
WCYKMVHQFDGRLITNEASP,0.7190026311103448,0.3227750026784398,multiclass,resnet,tox
WCYKMVHQFDGRLITNEASP,0.8056768267759636,0.44385211877745545,multiclass,custom,tox
WCYKMVHQFDGRLITNEASP,0.725363475090007,0.3761381673832853,multiclass,resnet,tox
WCYKMVHQFDGRLITNEASP,0.8097757275885865,0.46092864619241347,multiclass,custom,tox
WCYKMVHQFDGRLITNEASP,0.7034909864010472,0.3203047309901347,multiclass,resnet,tox
WCYKMVHQFDGRLITNEASP,0.8070284143776763,0.4647472717648157,multiclass,custom,tox
WCYKMVHQFDGRLITNEASP,0.7156712130888838,0.3456771241536637,multiclass,resnet,tox
WCYKMVHQFDGRLITNEASP,0.8087712288126209,0.41365428508984187,multiclass,custom,tox
WCYKMVHQFDGRLITNEASP,0.7279167876510495,0.348039302698555,multiclass,resnet,tox
WCYKMVHQFDGRLITNEASP,0.8031354246090299,0.4399014785727302,multiclass,custom,tox
WCYKMVHQFDGRLITNEASP,0.7234647106211151,0.3732714170361229,multiclass,resnet,tox
WCYKMVHQFDGRLITNEASP,0.8054418693765648,0.41700803007309634,multiclass,custom,tox
WCYKMVHQFDGRLITNEASP,0.7037576281267411,0.3014041950918879,multiclass,resnet,tox
WCYKMVHQFDGRLITNEASP,0.8067247611817969,0.443553566728209,multiclass,custom,tox
WCYKMVHQFDGRLITNEASP,0.696232011129938,0.3819014288877197,multiclass,resnet,tox
WCYKMVHQFDGRLITNEASP,0.802503594750154,0.39656201704366045,multiclass,custom,tox
WCYKMVHQFDGRLITNEASP,0.7441509599697276,0.4422801674335409,multiclass,resnet,tox
WCYKMVHQFDGRLITNEASP,0.8054783551351641,0.4085495196219405,multiclass,custom,tox
WCYKMVHQFDGRLITNEASP,0.7303891687564884,0.3839426032725093,multiclass,resnet,tox
WCYKMVHQFDGRLITNEASP,0.8087384713456988,0.46851994259934926,multiclass,custom,tox
WCYKMVHQFDGRLITNEASP,0.7356431977913622,0.3615488354025715,multiclass,resnet,tox
WCYKMVHQFDGRLITNEASP,0.808320356543175,0.45966972011516294,multiclass,custom,tox
WCYKMVHQFDGRLITNEASP,0.7208596718029507,0.29313096656946847,multiclass,resnet,tox
WCYKMVHQFDGRLITNEASP,0.8059399082194473,0.3945180509572984,multiclass,custom,tox
WCYKMVHQFDGRLITNEASP,0.7321038047162641,0.40288286139968854,multiclass,resnet,tox
WCYKMVHQFDGRLITNEASP,0.8046314972076566,0.3929142048295386,multiclass,custom,tox
WCYKMVHQFDGRLITNEASP,0.7391256504774197,0.3560398818914135,multiclass,resnet,tox
WCYKMVHQFDGRLITNEASP,0.8079729672440396,0.40058215172593864,multiclass,custom,tox
WCYKMVHQFDGRLITNEASP,0.7090850675886361,0.3092047173061965,multiclass,resnet,tox
WCYKMVHQFDGRLITNEASP,0.8070189390132814,0.43997767788207104,multiclass,custom,tox
WCYKMVHQFDGRLITNEASP,0.7080967708028373,0.34487468411199795,multiclass,resnet,tox
WCYKMVHQFDGRLITNEASP,0.810012998066408,0.4548515774945419,multiclass,custom,tox
WCYKMVHQFDGRLITNEASP,0.6719721432922943,0.2557073241872563,multiclass,resnet,tox
WCYKMVHQFDGRLITNEASP,0.8057090120103745,0.403793732718987,multiclass,custom,tox
WCYKMVHQFDGRLITNEASP,0.7293157496311669,0.36505606605987156,multiclass,resnet,tox
WCYKMVHQFDGRLITNEASP,0.8043022462432626,0.4194957311426645,multiclass,custom,tox
WCYKMVHQFDGRLITNEASP,0.7266202400170163,0.3341648383241823,multiclass,resnet,tox
WCYKMVHQFDGRLITNEASP,0.8047919090764752,0.43079771492174046,multiclass,custom,tox
WCYKMVHQFDGRLITNEASP,0.7397010497842762,0.3850714001500346,multiclass,resnet,tox
WCYKMVHQFDGRLITNEASP,0.8029832601310062,0.3913459571051804,multiclass,custom,tox
WCYKMVHQFDGRLITNEASP,0.7310096912743111,0.3252525037215519,multiclass,resnet,tox
WCYKMVHQFDGRLITNEASP,0.8054952248211563,0.39368546459782416,multiclass,custom,tox
WCYKMVHQFDGRLITNEASP,0.7139583065584167,0.3004288837668089,multiclass,resnet,tox
WCYKMVHQFDGRLITNEASP,0.8088751372812105,0.39466786878830484,multiclass,custom,tox
WCYKMVHQFDGRLITNEASP,0.7249092156145125,0.37474736504968736,multiclass,resnet,tox
WCYKMVHQFDGRLITNEASP,0.8030031547517101,0.38609887769273005,multiclass,custom,tox
WCYKMVHQFDGRLITNEASP,0.6906043815883905,0.2636311089610762,multiclass,resnet,tox
WCYKMVHQFDGRLITNEASP,0.8056136353668905,0.44283542224211825,multiclass,custom,tox
WCYKMVHQFDGRLITNEASP,0.7202169393155178,0.38617476416856783,multiclass,resnet,tox
WCYKMVHQFDGRLITNEASP,0.7944193745966823,0.4089596081543915,multiclass,custom,tox
WCYKMVHQFDGRLITNEASP,0.7143036834795791,0.3453428868842062,multiclass,resnet,tox
WCYKMVHQFDGRLITNEASP,0.8040144335377782,0.466489105848956,multiclass,custom,tox
WCYKMVHQFDGRLITNEASP,0.7013686155279153,0.35192224735628913,multiclass,resnet,tox
WCYKMVHQFDGRLITNEASP,0.8057626322474825,0.3886390158386701,multiclass,custom,tox
WCYKMVHQFDGRLITNEASP,0.7001805114388572,0.3261707156112336,multiclass,resnet,tox
WCYKMVHQFDGRLITNEASP,0.8017666592648023,0.4545685920742244,multiclass,custom,tox
WCYKMVHQFDGRLITNEASP,0.7213225993248272,0.3881595439346199,multiclass,resnet,tox
WCYKMVHQFDGRLITNEASP,0.8075084741512084,0.45684199829791555,multiclass,custom,tox
WCYKMVHQFDGRLITNEASP,0.7449969692076309,0.38789010190356804,multiclass,resnet,tox
WCYKMVHQFDGRLITNEASP,0.7977104799520902,0.461121128472176,multiclass,custom,tox
WCYKMVHQFDGRLITNEASP,0.7202238838810866,0.39911890137393047,multiclass,resnet,tox
WCYKMVHQFDGRLITNEASP,0.8075134854929698,0.46074045152508863,multiclass,custom,tox
WCYKMVHQFDGRLITNEASP,0.6906343778461366,0.2876843352152562,multiclass,resnet,tox
WCYKMVHQFDGRLITNEASP,0.8075881818162678,0.45658623453554004,multiclass,custom,tox
WCYKMVHQFDGRLITNEASP,0.7214622584887054,0.37115420415603334,multiclass,resnet,tox
WCYKMVHQFDGRLITNEASP,0.8020364826845496,0.38722134341440556,multiclass,custom,tox
WCYKMVHQFDGRLITNEASP,0.7227276424179312,0.3777644321055315,multiclass,resnet,tox
WCYKMVHQFDGRLITNEASP,0.8089462110368302,0.4543325156083153,multiclass,custom,tox
WCYKMVHQFDGRLITNEASP,0.7349066791307186,0.3677181094041752,multiclass,resnet,tox
WCYKMVHQFDGRLITNEASP,0.8055342594162035,0.45243452304262055,multiclass,custom,tox
WCYKMVHQFDGRLITNEASP,0.6903903426313107,0.32962723341315514,multiclass,resnet,tox
WCYKMVHQFDGRLITNEASP,0.8060456007970179,0.4630955718516974,multiclass,custom,tox
WCYKMVHQFDGRLITNEASP,0.7110113783192966,0.3136247077801545,multiclass,resnet,tox
WCYKMVHQFDGRLITNEASP,0.8061584186861479,0.3859965334445442,multiclass,custom,tox
WCYKMVHQFDGRLITNEASP,0.7413739702826719,0.3917722090069981,multiclass,resnet,tox
WCYKMVHQFDGRLITNEASP,0.8073972268858636,0.4611452946129794,multiclass,custom,tox
WCYKMVHQFDGRLITNEASP,0.6999758984853671,0.31669169955578663,multiclass,resnet,tox
WCYKMVHQFDGRLITNEASP,0.8054690667952158,0.46263838568681204,multiclass,custom,tox
WCYKMVHQFDGRLITNEASP,0.7139881897583215,0.33055546345168463,multiclass,resnet,tox
WCYKMVHQFDGRLITNEASP,0.8074410034379429,0.42808834202627644,multiclass,custom,tox
WCYKMVHQFDGRLITNEASP,0.7345928490863889,0.41137045644795156,multiclass,resnet,tox
WCYKMVHQFDGRLITNEASP,0.8063174076854212,0.4640182853604647,multiclass,custom,tox
WCYKMVHQFDGRLITNEASP,0.7426540249922089,0.3708307399266059,multiclass,resnet,tox
WCYKMVHQFDGRLITNEASP,0.8036304353247019,0.3996275698106627,multiclass,custom,tox
WCYKMVHQFDGRLITNEASP,0.7129776488178574,0.3819930828941235,multiclass,resnet,tox
WCYKMVHQFDGRLITNEASP,0.8073990318682499,0.39672721520636245,multiclass,custom,tox
WCYKMVHQFDGRLITNEASP,0.7348783062445851,0.38632122918874273,multiclass,resnet,tox
WCYKMVHQFDGRLITNEASP,0.8067764552882315,0.46020490775807615,multiclass,custom,tox
WCYKMVHQFDGRLITNEASP,0.6752794831706159,0.30727509361906624,multiclass,resnet,tox
WCYKMVHQFDGRLITNEASP,0.7996434216804827,0.37368020209337705,multiclass,custom,tox
WCYKMVHQFDGRLITNEASP,0.7074984351950828,0.36397244098106785,multiclass,resnet,tox
WCYKMVHQFDGRLITNEASP,0.806342474361356,0.44724660051641474,multiclass,custom,tox
WCYKMVHQFDGRLITNEASP,0.7375222076841306,0.39723115773141704,multiclass,resnet,tox
WCYKMVHQFDGRLITNEASP,0.8070345981525371,0.4134682018689202,multiclass,custom,tox
WCYKMVHQFDGRLITNEASP,0.7356962240630374,0.42411929987364355,multiclass,resnet,tox
WCYKMVHQFDGRLITNEASP,0.8046172032588157,0.4451782724742155,multiclass,custom,tox
WCYKMVHQFDGRLITNEASP,0.7030817284843919,0.3383331005888626,multiclass,resnet,tox
WCYKMVHQFDGRLITNEASP,0.8091464889872594,0.43738209129104366,multiclass,custom,tox
WCYKMVHQFDGRLITNEASP,0.7085446396922048,0.3237689982375795,multiclass,resnet,tox
WCYKMVHQFDGRLITNEASP,0.8001648322620856,0.39954207995731555,multiclass,custom,tox
WCYKMVHQFDGRLITNEASP,0.7567538609878826,0.404782312228049,multiclass,resnet,tox
WCYKMVHQFDGRLITNEASP,0.8091713554465805,0.41208119633924484,multiclass,custom,tox
WCYKMVHQFDGRLITNEASP,0.7305589833912297,0.38176875077759387,multiclass,resnet,tox
WCYKMVHQFDGRLITNEASP,0.8031184167857617,0.39399588885971254,multiclass,custom,tox
WCYKMVHQFDGRLITNEASP,0.7219232460199929,0.4015748745723492,multiclass,resnet,tox
WCYKMVHQFDGRLITNEASP,0.8081994381142635,0.4477620186021974,multiclass,custom,tox
WCYKMVHQFDGRLITNEASP,0.7086683518801531,0.36524618483298976,multiclass,resnet,tox
WCYKMVHQFDGRLITNEASP,0.8144446223524211,0.41261810515227226,multiclass,custom,tox
WCYKMVHQFDGRLITNEASP,0.7241742883650415,0.36019252524828527,multiclass,resnet,tox
WCYKMVHQFDGRLITNEASP,0.8073983309163705,0.45676001167459307,multiclass,custom,tox
WCYKMVHQFDGRLITNEASP,0.7211934778239393,0.3817268078477499,multiclass,resnet,tox
WCYKMVHQFDGRLITNEASP,0.8033434256167254,0.4053350105660532,multiclass,custom,tox
WCYKMVHQFDGRLITNEASP,0.7291680643955644,0.3658753697825511,multiclass,resnet,tox
WCYKMVHQFDGRLITNEASP,0.8062644966779635,0.428905754435596,multiclass,custom,tox
WCYKMVHQFDGRLITNEASP,0.7182404453805665,0.3098789414133362,multiclass,resnet,tox
WCYKMVHQFDGRLITNEASP,0.804755302183197,0.42805967746122686,multiclass,custom,tox
WCYKMVHQFDGRLITNEASP,0.7010116840594247,0.3302679984337603,multiclass,resnet,tox
WCYKMVHQFDGRLITNEASP,0.8044459326900488,0.42369712552837785,multiclass,custom,tox
WCYKMVHQFDGRLITNEASP,0.7176227455969159,0.32125462609222266,multiclass,resnet,tox
WCYKMVHQFDGRLITNEASP,0.805401889094917,0.40558330380748303,multiclass,custom,tox
WCYKMVHQFDGRLITNEASP,0.7477720402311754,0.41623519355783295,multiclass,resnet,tox
WCYKMVHQFDGRLITNEASP,0.8059579368613432,0.44901408734693654,multiclass,custom,tox
WCYKMVHQFDGRLITNEASP,0.7536196938423111,0.41948860818121264,multiclass,resnet,tox
WCYKMVHQFDGRLITNEASP,0.807072680020757,0.46356874858689745,multiclass,custom,tox
WCYKMVHQFDGRLITNEASP,0.717807937680801,0.35987630128515624,multiclass,resnet,tox
WCYKMVHQFDGRLITNEASP,0.8029910525424994,0.4005748827690665,multiclass,custom,tox
WCYKMVHQFDGRLITNEASP,0.7324174951672917,0.3374364626573133,multiclass,resnet,tox
WCYKMVHQFDGRLITNEASP,0.8036938261639553,0.44882300084990934,multiclass,custom,tox
WCYKMVHQFDGRLITNEASP,0.6898786543304763,0.24352950469211368,multiclass,resnet,tox
WCYKMVHQFDGRLITNEASP,0.806531597013711,0.44822399698840876,multiclass,custom,tox
WCYKMVHQFDGRLITNEASP,0.7471100825237319,0.42889580080946643,multiclass,resnet,tox
WCYKMVHQFDGRLITNEASP,0.7931888384551158,0.3640081194611665,multiclass,custom,tox
WCYKMVHQFDGRLITNEASP,0.6963299375555811,0.33138542918758407,multiclass,resnet,tox
WCYKMVHQFDGRLITNEASP,0.8031081648683187,0.4084195527073632,multiclass,custom,tox
WCYKMVHQFDGRLITNEASP,0.7289888498713388,0.38995915378252727,multiclass,resnet,tox
WCYKMVHQFDGRLITNEASP,0.8020592297994211,0.43369923816421113,multiclass,custom,tox
WCYKMVHQFDGRLITNEASP,0.746087667688044,0.3814082650846302,multiclass,resnet,tox
WCYKMVHQFDGRLITNEASP,0.8011551132120112,0.3947305475275172,multiclass,custom,tox
WCYKMVHQFDGRLITNEASP,0.7276317509077338,0.38229572581434557,multiclass,resnet,tox
WCYKMVHQFDGRLITNEASP,0.8080225939944544,0.4477060622521213,multiclass,custom,tox
WCYKMVHQFDGRLITNEASP,0.7044854626095564,0.29448360338070395,multiclass,resnet,tox
WCYKMVHQFDGRLITNEASP,0.8049797314915903,0.40525340573739277,multiclass,custom,tox
WCYKMVHQFDGRLITNEASP,0.7175749380289821,0.3313017660751039,multiclass,resnet,tox
WCYKMVHQFDGRLITNEASP,0.8085028820828887,0.405186791437307,multiclass,custom,tox
WCYKMVHQFDGRLITNEASP,0.7084722579302565,0.33343873170106714,multiclass,resnet,tox
WCYKMVHQFDGRLITNEASP,0.8041046163463521,0.3976254377418397,multiclass,custom,tox
WCYKMVHQFDGRLITNEASP,0.7002480797642807,0.3341543177922419,multiclass,resnet,tox
WCYKMVHQFDGRLITNEASP,0.8064779512762502,0.423704930216973,multiclass,custom,tox
WCYKMVHQFDGRLITNEASP,0.734866816454872,0.39399541887919265,multiclass,resnet,tox
WCYKMVHQFDGRLITNEASP,0.8039962031951676,0.38697726947788547,multiclass,custom,tox
WCYKMVHQFDGRLITNEASP,0.7485332515534442,0.4083015263042761,multiclass,resnet,tox
WCYKMVHQFDGRLITNEASP,0.8046617223768623,0.431556472994012,multiclass,custom,tox
WCYKMVHQFDGRLITNEASP,0.7436928236974893,0.40250130232241227,multiclass,resnet,tox
WCYKMVHQFDGRLITNEASP,0.8057392318291873,0.3997026041038888,multiclass,custom,tox
WCYKMVHQFDGRLITNEASP,0.7347304565832289,0.40846341654725926,multiclass,resnet,tox
WCYKMVHQFDGRLITNEASP,0.8032633705457946,0.424719202570072,multiclass,custom,tox
WCYKMVHQFDGRLITNEASP,0.7186501482514964,0.3347581987528006,multiclass,resnet,tox
WCYKMVHQFDGRLITNEASP,0.8041175122503962,0.4551898675389111,multiclass,custom,tox
WCYKMVHQFDGRLITNEASP,0.7392182025090348,0.42335828555226945,multiclass,resnet,tox
WCYKMVHQFDGRLITNEASP,0.8076504354174162,0.4481071992101294,multiclass,custom,tox
WCYKMVHQFDGRLITNEASP,0.7352049562779065,0.34795302494777014,multiclass,resnet,tox
WCYKMVHQFDGRLITNEASP,0.8048835067997053,0.38838369594763705,multiclass,custom,tox
WCYKMVHQFDGRLITNEASP,0.7339666553188591,0.3835407809533057,multiclass,resnet,tox
WCYKMVHQFDGRLITNEASP,0.806417779998144,0.4091434663174314,multiclass,custom,tox
WCYKMVHQFDGRLITNEASP,0.7038591862655232,0.31697209155550493,multiclass,resnet,tox
WCYKMVHQFDGRLITNEASP,0.8083675987671002,0.41201408747867374,multiclass,custom,tox
WCYKMVHQFDGRLITNEASP,0.7322043488783029,0.3734630721919117,multiclass,resnet,tox
WCYKMVHQFDGRLITNEASP,0.8047181394873055,0.3894092976836597,multiclass,custom,tox
WCYKMVHQFDGRLITNEASP,0.7399605318776711,0.37280347318635587,multiclass,resnet,tox
WCYKMVHQFDGRLITNEASP,0.8071322653494203,0.43987061762589813,multiclass,custom,tox
WCYKMVHQFDGRLITNEASP,0.710648486646371,0.348502370636921,multiclass,resnet,tox
WCYKMVHQFDGRLITNEASP,0.8075124062102738,0.3995668841500719,multiclass,custom,tox
WCYKMVHQFDGRLITNEASP,0.7368678406039522,0.3854591494787836,multiclass,resnet,tox
WCYKMVHQFDGRLITNEASP,0.8009511386920647,0.43857343345466593,multiclass,custom,tox
WCYKMVHQFDGRLITNEASP,0.7310430645794653,0.4008416312070306,multiclass,resnet,tox
WCYKMVHQFDGRLITNEASP,0.8074465139961673,0.45500706162719284,multiclass,custom,tox
WCYKMVHQFDGRLITNEASP,0.7410369171631019,0.3398572913286372,multiclass,resnet,tox
WCYKMVHQFDGRLITNEASP,0.8104340679453503,0.4418935686543056,multiclass,custom,tox
WCYKMVHQFDGRLITNEASP,0.7357032491662336,0.3587464769298235,multiclass,resnet,tox
WCYKMVHQFDGRLITNEASP,0.8071475454091217,0.4518006331300225,multiclass,custom,tox
WCYKMVHQFDGRLITNEASP,0.7457468467355514,0.3427535554144527,multiclass,resnet,tox
WCYKMVHQFDGRLITNEASP,0.8065182663210159,0.43165418770315844,multiclass,custom,tox
WCYKMVHQFDGRLITNEASP,0.7138458530382492,0.33449824254048777,multiclass,resnet,tox
WCYKMVHQFDGRLITNEASP,0.810194041168755,0.4602535351876919,multiclass,custom,tox
WCYKMVHQFDGRLITNEASP,0.740653364633366,0.39111085998803163,multiclass,resnet,tox
WCYKMVHQFDGRLITNEASP,0.8089509739800779,0.40855627973302144,multiclass,custom,tox
WCYKMVHQFDGRLITNEASP,0.755728172966727,0.4499447063580865,multiclass,resnet,tox
WCYKMVHQFDGRLITNEASP,0.8038607600870943,0.39486587937480694,multiclass,custom,tox
WCYKMVHQFDGRLITNEASP,0.7149311078758813,0.3843438864703816,multiclass,resnet,tox
WCYKMVHQFDGRLITNEASP,0.8088970199146104,0.4002122936875517,multiclass,custom,tox
WCYKMVHQFDGRLITNEASP,0.731758361689016,0.4134066996028431,multiclass,resnet,tox
WCYKMVHQFDGRLITNEASP,0.8067298158615352,0.4594260158281275,multiclass,custom,tox
WCYKMVHQFDGRLITNEASP,0.6962654260209401,0.3298031735113867,multiclass,resnet,tox
WCYKMVHQFDGRLITNEASP,0.8097272745111651,0.45521750284646023,multiclass,custom,tox
WCYKMVHQFDGRLITNEASP,0.7165062539887576,0.3856630628965826,multiclass,resnet,tox
WCYKMVHQFDGRLITNEASP,0.8053185526542093,0.4627775059903808,multiclass,custom,tox
WCYKMVHQFDGRLITNEASP,0.7371782434139521,0.38400567985864215,multiclass,resnet,tox
WCYKMVHQFDGRLITNEASP,0.8003899827575974,0.44696134657282044,multiclass,custom,tox
WCYKMVHQFDGRLITNEASP,0.750784379405572,0.42056266487689975,multiclass,resnet,tox
WCYKMVHQFDGRLITNEASP,0.8011558979360254,0.3784314223142512,multiclass,custom,tox
WCYKMVHQFDGRLITNEASP,0.7322065974635097,0.3405549017105117,multiclass,resnet,tox
WCYKMVHQFDGRLITNEASP,0.8083747115267975,0.4152416599683114,multiclass,custom,tox
WCYKMVHQFDGRLITNEASP,0.692636008428145,0.35391784841048374,multiclass,resnet,tox
WCYKMVHQFDGRLITNEASP,0.8040995296531669,0.4099160898722318,multiclass,custom,tox
WCYKMVHQFDGRLITNEASP,0.7238161816780379,0.35160569398092784,multiclass,resnet,tox
WCYKMVHQFDGRLITNEASP,0.8087206531468505,0.46241245507465667,multiclass,custom,tox
WCYKMVHQFDGRLITNEASP,0.7328597949525819,0.39000077261066707,multiclass,resnet,tox
WCYKMVHQFDGRLITNEASP,0.8082482820419907,0.4158002014057744,multiclass,custom,tox
WCYKMVHQFDGRLITNEASP,0.7310060060024333,0.3523535825876251,multiclass,resnet,tox
WCYKMVHQFDGRLITNEASP,0.8096763718118936,0.4184339957632435,multiclass,custom,tox
WCYKMVHQFDGRLITNEASP,0.7234602041428664,0.34273736512859493,multiclass,resnet,tox
WCYKMVHQFDGRLITNEASP,0.8030259539351959,0.4354371817736592,multiclass,custom,tox
WCYKMVHQFDGRLITNEASP,0.713436344824584,0.3888036991327303,multiclass,resnet,tox
WCYKMVHQFDGRLITNEASP,0.80789261702283,0.44905533667303893,multiclass,custom,tox
WCYKMVHQFDGRLITNEASP,0.7069299669148925,0.3494897158743381,multiclass,resnet,tox
WCYKMVHQFDGRLITNEASP,0.8055171340166714,0.40598427260597225,multiclass,custom,tox
WCYKMVHQFDGRLITNEASP,0.6940669337780141,0.3306971110030825,multiclass,resnet,tox
WCYKMVHQFDGRLITNEASP,0.8068759614972532,0.45721171911892167,multiclass,custom,tox
WCYKMVHQFDGRLITNEASP,0.7425110688217975,0.4320252555609493,multiclass,resnet,tox
WCYKMVHQFDGRLITNEASP,0.8001477768150821,0.44303504610852834,multiclass,custom,tox
WCYKMVHQFDGRLITNEASP,0.7426086546395402,0.35938118859326124,multiclass,resnet,tox
WCYKMVHQFDGRLITNEASP,0.8091147743961159,0.41340812861287873,multiclass,custom,tox
WCYKMVHQFDGRLITNEASP,0.7345181339380695,0.38605913758912647,multiclass,resnet,tox
WCYKMVHQFDGRLITNEASP,0.8026583040863408,0.39346132126024697,multiclass,custom,tox
WCYKMVHQFDGRLITNEASP,0.7152535741373853,0.32816168113736527,multiclass,resnet,tox
WCYKMVHQFDGRLITNEASP,0.8073346732497809,0.43067805037370566,multiclass,custom,tox
WCYKMVHQFDGRLITNEASP,0.7016289743622244,0.37399316905376695,multiclass,resnet,tox
WCYKMVHQFDGRLITNEASP,0.8082808670469322,0.4447705117636594,multiclass,custom,tox
WCYKMVHQFDGRLITNEASP,0.7344976564900274,0.34818659583003825,multiclass,resnet,tox
WCYKMVHQFDGRLITNEASP,0.8096268457486755,0.41360648374783926,multiclass,custom,tox
WCYKMVHQFDGRLITNEASP,0.7157796881545933,0.32626024826678407,multiclass,resnet,tox
WCYKMVHQFDGRLITNEASP,0.805770914024114,0.42512457209638477,multiclass,custom,tox
WCYKMVHQFDGRLITNEASP,0.7072762670964627,0.3659946610284607,multiclass,resnet,tox
WCYKMVHQFDGRLITNEASP,0.8075931311483201,0.45885591419040744,multiclass,custom,tox
WCYKMVHQFDGRLITNEASP,0.7197937392811278,0.35345348684127187,multiclass,resnet,tox
WCYKMVHQFDGRLITNEASP,0.8039920930016151,0.39862320879987195,multiclass,custom,tox
WCYKMVHQFDGRLITNEASP,0.716771376080659,0.3554011576109116,multiclass,resnet,tox
WCYKMVHQFDGRLITNEASP,0.8062371475907663,0.4288038343928572,multiclass,custom,tox
WCYKMVHQFDGRLITNEASP,0.7353507979949857,0.3867589406873291,multiclass,resnet,tox
WCYKMVHQFDGRLITNEASP,0.7997622679408986,0.429388849104842,multiclass,custom,tox
WCYKMVHQFDGRLITNEASP,0.7495983205920347,0.43325441501905965,multiclass,resnet,tox
WCYKMVHQFDGRLITNEASP,0.8087806463438174,0.44336663739903637,multiclass,custom,tox
WCYKMVHQFDGRLITNEASP,0.7061436031993555,0.38243475426237966,multiclass,resnet,tox
WCYKMVHQFDGRLITNEASP,0.8083315766073766,0.45797598983773247,multiclass,custom,tox
WCYKMVHQFDGRLITNEASP,0.7124872201666305,0.36949442804470956,multiclass,resnet,tox
WCYKMVHQFDGRLITNEASP,0.7972133359390214,0.4302050409668655,multiclass,custom,tox
WCYKMVHQFDGRLITNEASP,0.7341144923970733,0.37663897063594753,multiclass,resnet,tox
WCYKMVHQFDGRLITNEASP,0.8091606708395496,0.4256721870985892,multiclass,custom,tox
WCYKMVHQFDGRLITNEASP,0.7234914835979779,0.38169679668580747,multiclass,resnet,tox
WCYKMVHQFDGRLITNEASP,0.8057730326733786,0.40431310943897153,multiclass,custom,tox
WCYKMVHQFDGRLITNEASP,0.7081534166806291,0.3473789372549476,multiclass,resnet,tox
WCYKMVHQFDGRLITNEASP,0.8057248352689316,0.4014702991919181,multiclass,custom,tox
WCYKMVHQFDGRLITNEASP,0.7485750953516019,0.42683747515217946,multiclass,resnet,tox
WCYKMVHQFDGRLITNEASP,0.803089330999699,0.42627078017686665,multiclass,custom,tox
WCYKMVHQFDGRLITNEASP,0.7394282201271137,0.44565713455744654,multiclass,resnet,tox
WCYKMVHQFDGRLITNEASP,0.8031403694871505,0.454833810101505,multiclass,custom,tox
WCYKMVHQFDGRLITNEASP,0.70427315337562,0.3895186932024652,multiclass,resnet,tox
WCYKMVHQFDGRLITNEASP,0.8058979394896454,0.434027081465395,multiclass,custom,tox
WCYKMVHQFDGRLITNEASP,0.7328255775756037,0.3422709164372142,multiclass,resnet,tox
WCYKMVHQFDGRLITNEASP,0.8072725767269965,0.4091295540166692,multiclass,custom,tox
WCYKMVHQFDGRLITNEASP,0.7126457367172163,0.3202449627013827,multiclass,resnet,tox
WCYKMVHQFDGRLITNEASP,0.8049375571615297,0.4743539865242342,multiclass,custom,tox
WCYKMVHQFDGRLITNEASP,0.7357717974846437,0.38447291527981187,multiclass,resnet,tox
WCYKMVHQFDGRLITNEASP,0.8013144173878596,0.4332839980669328,multiclass,custom,tox
WCYKMVHQFDGRLITNEASP,0.7175472491944224,0.3449177807015468,multiclass,resnet,tox
WCYKMVHQFDGRLITNEASP,0.8040094893367129,0.460325004787211,multiclass,custom,tox
WCYKMVHQFDGRLITNEASP,0.7178633306287688,0.37477336949365114,multiclass,resnet,tox
WCYKMVHQFDGRLITNEASP,0.8081132560726232,0.41058447893940464,multiclass,custom,tox
WCYKMVHQFDGRLITNEASP,0.7381714653079204,0.3948770121089154,multiclass,resnet,tox
WCYKMVHQFDGRLITNEASP,0.8027028586487696,0.4454953657810051,multiclass,custom,tox
WCYKMVHQFDGRLITNEASP,0.7269031087174886,0.36491652049721834,multiclass,resnet,tox
WCYKMVHQFDGRLITNEASP,0.8096693914927989,0.41895649800414175,multiclass,custom,tox
WCYKMVHQFDGRLITNEASP,0.7307535209326141,0.37929195167006485,multiclass,resnet,tox
WCYKMVHQFDGRLITNEASP,0.8044744429995336,0.38418102819803096,multiclass,custom,tox
WCYKMVHQFDGRLITNEASP,0.7237227425181804,0.37585362583424375,multiclass,resnet,tox
WCYKMVHQFDGRLITNEASP,0.8091074645396166,0.4376627309745517,multiclass,custom,tox
WCYKMVHQFDGRLITNEASP,0.713662111711707,0.3118237264840926,multiclass,resnet,tox
WCYKMVHQFDGRLITNEASP,0.8088061716311443,0.44718576824621764,multiclass,custom,tox
WCYKMVHQFDGRLITNEASP,0.71354437232318,0.39354077705458224,multiclass,resnet,tox
WCYKMVHQFDGRLITNEASP,0.8008381389587103,0.4561458039784119,multiclass,custom,tox
WCYKMVHQFDGRLITNEASP,0.7030597743220308,0.2893384802933848,multiclass,resnet,tox
WCYKMVHQFDGRLITNEASP,0.8073659371286949,0.4562008901737542,multiclass,custom,tox
WCYKMVHQFDGRLITNEASP,0.7308938885403118,0.36463082688639076,multiclass,resnet,tox
WCYKMVHQFDGRLITNEASP,0.8041541197615061,0.3977533348093718,multiclass,custom,tox
WCYKMVHQFDGRLITNEASP,0.7286595821591335,0.3405715321390491,multiclass,resnet,tox
WCYKMVHQFDGRLITNEASP,0.8066688152961288,0.45890864767343764,multiclass,custom,tox
WCYKMVHQFDGRLITNEASP,0.7145280647047125,0.3917146455012497,multiclass,resnet,tox
WCYKMVHQFDGRLITNEASP,0.8065391410527083,0.446563547805917,multiclass,custom,tox
WCYKMVHQFDGRLITNEASP,0.7280363089467491,0.36322959795641774,multiclass,resnet,tox
WCYKMVHQFDGRLITNEASP,0.8081412295927703,0.4235321749868766,multiclass,custom,tox
WCYKMVHQFDGRLITNEASP,0.7428212493825459,0.38387056813736603,multiclass,resnet,tox
WCYKMVHQFDGRLITNEASP,0.7996955558299892,0.3854647483421535,multiclass,custom,tox
WCYKMVHQFDGRLITNEASP,0.7385843992132726,0.38527987996504337,multiclass,resnet,tox
WCYKMVHQFDGRLITNEASP,0.805535984698779,0.4013488559907916,multiclass,custom,tox
WCYKMVHQFDGRLITNEASP,0.7079211863999737,0.32561000227760395,multiclass,resnet,tox
WCYKMVHQFDGRLITNEASP,0.8104118273568378,0.4337243143416153,multiclass,custom,tox
WCYKMVHQFDGRLITNEASP,0.7378492497485204,0.3865651378095496,multiclass,resnet,tox
WCYKMVHQFDGRLITNEASP,0.808966192730926,0.44374710146651636,multiclass,custom,tox
WCYKMVHQFDGRLITNEASP,0.7448158439209035,0.3864084848545117,multiclass,resnet,tox
WCYKMVHQFDGRLITNEASP,0.8059332375176051,0.3996345811230665,multiclass,custom,tox
WCYKMVHQFDGRLITNEASP,0.6933275044950946,0.32758612053442654,multiclass,resnet,tox
WCYKMVHQFDGRLITNEASP,0.8049560918892326,0.3896495829265536,multiclass,custom,tox
WCYKMVHQFDGRLITNEASP,0.7426930885813059,0.3283880141877023,multiclass,resnet,tox
WCYKMVHQFDGRLITNEASP,0.8061354676457888,0.4527286133092134,multiclass,custom,tox
WCYKMVHQFDGRLITNEASP,0.7087434375061654,0.35133607189774174,multiclass,resnet,tox
WCYKMVHQFDGRLITNEASP,0.8090751037695358,0.4541381051041853,multiclass,custom,tox
WCYKMVHQFDGRLITNEASP,0.715923541472731,0.37475547498945094,multiclass,resnet,tox
WCYKMVHQFDGRLITNEASP,0.8072304922434789,0.45415925174803873,multiclass,custom,tox
WCYKMVHQFDGRLITNEASP,0.7000520551732146,0.366504692204413,multiclass,resnet,tox
WCYKMVHQFDGRLITNEASP,0.8078572462572369,0.4096717725950033,multiclass,custom,tox
WCYKMVHQFDGRLITNEASP,0.724534569094726,0.38485063453449203,multiclass,resnet,tox
WCYKMVHQFDGRLITNEASP,0.8054271775772509,0.4431040634120663,multiclass,custom,tox
WCYKMVHQFDGRLITNEASP,0.7133957957576432,0.35221821624890676,multiclass,resnet,tox
WCYKMVHQFDGRLITNEASP,0.8068235704890154,0.4009503126864649,multiclass,custom,tox
WCYKMVHQFDGRLITNEASP,0.7287966607828548,0.3806046025438671,multiclass,resnet,tox
WCYKMVHQFDGRLITNEASP,0.8036221342565742,0.4007897188962679,multiclass,custom,tox
WCYKMVHQFDGRLITNEASP,0.7378829014954096,0.4151868317078725,multiclass,resnet,tox
WCYKMVHQFDGRLITNEASP,0.8053881236691117,0.4160176472476003,multiclass,custom,tox
WCYKMVHQFDGRLITNEASP,0.6823482971078436,0.2719433684024818,multiclass,resnet,tox
WCYKMVHQFDGRLITNEASP,0.8081071589883406,0.4541535205604122,multiclass,custom,tox
WCYKMVHQFDGRLITNEASP,0.7314325175616304,0.3814924771658305,multiclass,resnet,tox
WCYKMVHQFDGRLITNEASP,0.8050099876009739,0.43617313236092603,multiclass,custom,tox
WCYKMVHQFDGRLITNEASP,0.7079020646502594,0.35776107053333017,multiclass,resnet,tox
WCYKMVHQFDGRLITNEASP,0.808497645522986,0.45505579390421386,multiclass,custom,tox
WCYKMVHQFDGRLITNEASP,0.7131165040404628,0.3476685325924603,multiclass,resnet,tox
WCYKMVHQFDGRLITNEASP,0.8085239997214462,0.45252572894858745,multiclass,custom,tox
WCYKMVHQFDGRLITNEASP,0.7408070760331105,0.42012075988587555,multiclass,resnet,tox
WCYKMVHQFDGRLITNEASP,0.8070440720318519,0.45865922819153226,multiclass,custom,tox
WCYKMVHQFDGRLITNEASP,0.7154038613144955,0.32962115973142797,multiclass,resnet,tox
WCYKMVHQFDGRLITNEASP,0.8084159763761631,0.4577998816012287,multiclass,custom,tox
WCYKMVHQFDGRLITNEASP,0.7427238170534559,0.3888786886722366,multiclass,resnet,tox
WCYKMVHQFDGRLITNEASP,0.8082846051256871,0.3768047029598754,multiclass,custom,tox
WCYKMVHQFDGRLITNEASP,0.7082356905522572,0.32443642824684965,multiclass,resnet,tox
WCYKMVHQFDGRLITNEASP,0.804826601166783,0.41527097038759286,multiclass,custom,tox
WCYKMVHQFDGRLITNEASP,0.703086289673932,0.32071693992994865,multiclass,resnet,tox
WCYKMVHQFDGRLITNEASP,0.8026898760860565,0.4272254836574178,multiclass,custom,tox
WCYKMVHQFDGRLITNEASP,0.7033105176819031,0.31159573089626613,multiclass,resnet,tox
WCYKMVHQFDGRLITNEASP,0.8059536473554367,0.41396159753695827,multiclass,custom,tox
WCYKMVHQFDGRLITNEASP,0.7433268475945952,0.38554865298669516,multiclass,resnet,tox
WCYKMVHQFDGRLITNEASP,0.8045397551534436,0.3984994605355157,multiclass,custom,tox
WCYKMVHQFDGRLITNEASP,0.7152943424560776,0.3841176963100214,multiclass,resnet,tox
WCYKMVHQFDGRLITNEASP,0.8041222564110841,0.4606928334086965,multiclass,custom,tox
WCYKMVHQFDGRLITNEASP,0.7334986909189739,0.38772827068503435,multiclass,resnet,tox
WCYKMVHQFDGRLITNEASP,0.8029140444502609,0.4095212561637463,multiclass,custom,tox
WCYKMVHQFDGRLITNEASP,0.7552010284655644,0.4223582848015185,multiclass,resnet,tox
WCYKMVHQFDGRLITNEASP,0.8062420073076231,0.4196467634359786,multiclass,custom,tox
WCYKMVHQFDGRLITNEASP,0.7288284871783046,0.39961181818302227,multiclass,resnet,tox
WCYKMVHQFDGRLITNEASP,0.8071498635043775,0.42181542324496457,multiclass,custom,tox
WCYKMVHQFDGRLITNEASP,0.717083475606939,0.3443872791916244,multiclass,resnet,tox
WCYKMVHQFDGRLITNEASP,0.8119606496266224,0.4448763676043475,multiclass,custom,tox
WCYKMVHQFDGRLITNEASP,0.7286175772869924,0.3419958379041402,multiclass,resnet,tox
WCYKMVHQFDGRLITNEASP,0.8025984757369334,0.3893811420988686,multiclass,custom,tox
WCYKMVHQFDGRLITNEASP,0.7179068065472324,0.37039565000189284,multiclass,resnet,tox
WCYKMVHQFDGRLITNEASP,0.7999412390862944,0.4559020102355314,multiclass,custom,tox
WCYKMVHQFDGRLITNEASP,0.7313130298023378,0.40030876510782293,multiclass,resnet,tox
WCYKMVHQFDGRLITNEASP,0.8041103177521416,0.42676511239493403,multiclass,custom,tox
WCYKMVHQFDGRLITNEASP,0.7219462344375469,0.39488040921857354,multiclass,resnet,tox
WCYKMVHQFDGRLITNEASP,0.8076176740533618,0.3947420425925829,multiclass,custom,tox
WCYKMVHQFDGRLITNEASP,0.7057555461147571,0.3509375798583553,multiclass,resnet,tox
WCYKMVHQFDGRLITNEASP,0.805044163108952,0.38793878173307605,multiclass,custom,tox
WCYKMVHQFDGRLITNEASP,0.7247231167728491,0.34270555067288944,multiclass,resnet,tox
WCYKMVHQFDGRLITNEASP,0.8001884151781387,0.44160062330531835,multiclass,custom,tox
WCYKMVHQFDGRLITNEASP,0.7245485496589597,0.3782973497389973,multiclass,resnet,tox
WCYKMVHQFDGRLITNEASP,0.8110192903792521,0.415762210330222,multiclass,custom,tox
WCYKMVHQFDGRLITNEASP,0.7364542227375392,0.3668440438644574,multiclass,resnet,tox
WCYKMVHQFDGRLITNEASP,0.8030227008447636,0.3921345580597346,multiclass,custom,tox
WCYKMVHQFDGRLITNEASP,0.7284979705092531,0.4004697218120591,multiclass,resnet,tox
WCYKMVHQFDGRLITNEASP,0.8048881670050289,0.44689984213325024,multiclass,custom,tox
WCYKMVHQFDGRLITNEASP,0.7238792426250331,0.35861957578097214,multiclass,resnet,tox
WCYKMVHQFDGRLITNEASP,0.8030271778187055,0.3937085706067262,multiclass,custom,tox
WCYKMVHQFDGRLITNEASP,0.7099297973279596,0.34577811834155364,multiclass,resnet,tox
WCYKMVHQFDGRLITNEASP,0.8060603173242183,0.4689710777297595,multiclass,custom,tox
WCYKMVHQFDGRLITNEASP,0.72773161395609,0.40263935267217066,multiclass,resnet,tox
WCYKMVHQFDGRLITNEASP,0.8064005277232316,0.4288911781514277,multiclass,custom,tox
WCYKMVHQFDGRLITNEASP,0.7427536524484302,0.3189136760580901,multiclass,resnet,tox
WCYKMVHQFDGRLITNEASP,0.810047294404491,0.4390571935513995,multiclass,custom,tox
WCYKMVHQFDGRLITNEASP,0.6937795079562789,0.3513867964675976,multiclass,resnet,tox
WCYKMVHQFDGRLITNEASP,0.8077876682583444,0.4088150167810949,multiclass,custom,tox
WCYKMVHQFDGRLITNEASP,0.7311898906205464,0.3766035654620502,multiclass,resnet,tox
WCYKMVHQFDGRLITNEASP,0.8046636087380608,0.41062735888880597,multiclass,custom,tox
WCYKMVHQFDGRLITNEASP,0.7265440757097428,0.33808739243192054,multiclass,resnet,tox
WCYKMVHQFDGRLITNEASP,0.8051075245578213,0.3888855714047143,multiclass,custom,tox
WCYKMVHQFDGRLITNEASP,0.7274687492323915,0.39283168747556685,multiclass,resnet,tox
WCYKMVHQFDGRLITNEASP,0.8037738679203205,0.4367334053633181,multiclass,custom,tox
WCYKMVHQFDGRLITNEASP,0.7320194655475307,0.39440267412913343,multiclass,resnet,tox
WCYKMVHQFDGRLITNEASP,0.8073072198525946,0.4192844750427847,multiclass,custom,tox
WCYKMVHQFDGRLITNEASP,0.7374996080393758,0.38982639151101023,multiclass,resnet,tox
WCYKMVHQFDGRLITNEASP,0.8068419339656616,0.4477768255026782,multiclass,custom,tox
WCYKMVHQFDGRLITNEASP,0.753049824765953,0.38978169354629644,multiclass,resnet,tox
WCYKMVHQFDGRLITNEASP,0.8085151242690906,0.40722602533694063,multiclass,custom,tox
WCYKMVHQFDGRLITNEASP,0.7242021170688282,0.3440846105334948,multiclass,resnet,tox
WCYKMVHQFDGRLITNEASP,0.805265848204218,0.4385751596438598,multiclass,custom,tox
WCYKMVHQFDGRLITNEASP,0.7584598683223748,0.4079429010510302,multiclass,resnet,tox
WCYKMVHQFDGRLITNEASP,0.8030588234507336,0.4105737580864641,multiclass,custom,tox
WCYKMVHQFDGRLITNEASP,0.7523975076515912,0.4317883876973199,multiclass,resnet,tox
WCYKMVHQFDGRLITNEASP,0.8081219326033111,0.4081576036632065,multiclass,custom,tox
WCYKMVHQFDGRLITNEASP,0.68258866231163,0.32937701764575794,multiclass,resnet,tox
WCYKMVHQFDGRLITNEASP,0.8053307227344242,0.4265215164120232,multiclass,custom,tox
WCYKMVHQFDGRLITNEASP,0.7157656509588837,0.3655086689502741,multiclass,resnet,tox
WCYKMVHQFDGRLITNEASP,0.8060364450681415,0.42119040739980873,multiclass,custom,tox
WCYKMVHQFDGRLITNEASP,0.7079949452631056,0.31394375712267314,multiclass,resnet,tox
WCYKMVHQFDGRLITNEASP,0.808634487929712,0.4515741731535141,multiclass,custom,tox
WCYKMVHQFDGRLITNEASP,0.7358808346342837,0.3770203782825594,multiclass,resnet,tox
WCYKMVHQFDGRLITNEASP,0.8042825549085763,0.4673857715513362,multiclass,custom,tox
WCYKMVHQFDGRLITNEASP,0.7060872382339788,0.3146314975347233,multiclass,resnet,tox
WCYKMVHQFDGRLITNEASP,0.8017192845569413,0.3948738012878506,multiclass,custom,tox
WCYKMVHQFDGRLITNEASP,0.7351771359052431,0.36968670650258284,multiclass,resnet,tox
WCYKMVHQFDGRLITNEASP,0.8067539931045757,0.40126453789639316,multiclass,custom,tox
WCYKMVHQFDGRLITNEASP,0.7280308090946558,0.35498278797382066,multiclass,resnet,tox
WCYKMVHQFDGRLITNEASP,0.8093652408017021,0.47489020529507203,multiclass,custom,tox
WCYKMVHQFDGRLITNEASP,0.707564075160703,0.3498371667721608,multiclass,resnet,tox
WCYKMVHQFDGRLITNEASP,0.8038051871985786,0.3894661493044243,multiclass,custom,tox
WCYKMVHQFDGRLITNEASP,0.701961765259984,0.30858476878529933,multiclass,resnet,tox
WCYKMVHQFDGRLITNEASP,0.8037108816084976,0.38818943566643416,multiclass,custom,tox
WCYKMVHQFDGRLITNEASP,0.7277407334183728,0.4145182154028301,multiclass,resnet,tox
WCYKMVHQFDGRLITNEASP,0.8058535986580793,0.40300837003168805,multiclass,custom,tox
WCYKMVHQFDGRLITNEASP,0.7309980433807906,0.3844224189900498,multiclass,resnet,tox
WCYKMVHQFDGRLITNEASP,0.811514566240078,0.41259225701588437,multiclass,custom,tox
WCYKMVHQFDGRLITNEASP,0.7164390578631838,0.342447635703228,multiclass,resnet,tox
WCYKMVHQFDGRLITNEASP,0.8067950977612057,0.45433588806718206,multiclass,custom,tox
WCYKMVHQFDGRLITNEASP,0.7169706397411779,0.34610783505046416,multiclass,resnet,tox
WCYKMVHQFDGRLITNEASP,0.8056184785993714,0.3959072084843021,multiclass,custom,tox
WCYKMVHQFDGRLITNEASP,0.7129745426064793,0.34764246229287676,multiclass,resnet,tox
WCYKMVHQFDGRLITNEASP,0.806400541068119,0.4113604934055096,multiclass,custom,tox
