encoding,auroc,f1,task,model,dataset
WCYKMVHQFDGRLITNEASP,0.8069133593857398,0.4312219222188979,multiclass,custom,tox
WCYKMVHQFDGRLITNEASP,0.7258748724259556,0.3734172567549109,multiclass,resnet,tox
ETHMDRFVICQAYWLSKPNG,0.7949577670464815,0.4408799390097844,multiclass,custom,tox
ETHMDRFVICQAYWLSKPNG,0.7503970759342965,0.4206489313557148,multiclass,resnet,tox
PFWALGEMCVITRDNHYQSK,0.7964697782758907,0.4397259634778502,multiclass,custom,tox
PFWALGEMCVITRDNHYQSK,0.7423446893292887,0.4273237716356819,multiclass,resnet,tox
RDCVFTHISPLNYWQGAKEM,0.7935309717301413,0.4539136791793802,multiclass,custom,tox
RDCVFTHISPLNYWQGAKEM,0.7548898855167908,0.4107558102816723,multiclass,resnet,tox
YEWHQFAVPNSMLDTIKCGR,0.7890051405179738,0.42119885110356037,multiclass,custom,tox
YEWHQFAVPNSMLDTIKCGR,0.7135835783611677,0.36936964289292107,multiclass,resnet,tox
DGVYPCNMQWIFKLATHSRE,0.7944074440580787,0.4131813964758885,multiclass,custom,tox
DGVYPCNMQWIFKLATHSRE,0.7234796096581506,0.37844792499964913,multiclass,resnet,tox
VIGHKDSRFNPCWATQYELM,0.7980449934763987,0.4451790994772512,multiclass,custom,tox
VIGHKDSRFNPCWATQYELM,0.7272638623767845,0.32728760323529144,multiclass,resnet,tox
CVDGNAWHQYMRKTLPIEFS,0.794629614954822,0.4548816550886903,multiclass,custom,tox
CVDGNAWHQYMRKTLPIEFS,0.7313924711337999,0.35485307927947096,multiclass,resnet,tox
INHSWFPDQCTARYKMGLVE,0.7875680695603172,0.43268444354799945,multiclass,custom,tox
INHSWFPDQCTARYKMGLVE,0.6967736467140165,0.36188192703147204,multiclass,resnet,tox
EHIGTSDFLMWNRAPQYVKC,0.7897508433237252,0.42566064348175736,multiclass,custom,tox
EHIGTSDFLMWNRAPQYVKC,0.722785967246548,0.38402785904240705,multiclass,resnet,tox
IMGHEWQDRKVTYPNCASFL,0.7996928456345689,0.42576444641157635,multiclass,custom,tox
IMGHEWQDRKVTYPNCASFL,0.7375279373640422,0.38435264047496276,multiclass,resnet,tox
EGMHRYSLWFNAKDICPQVT,0.7957014474667743,0.44052289496333596,multiclass,custom,tox
EGMHRYSLWFNAKDICPQVT,0.7668553226508721,0.4640148063876691,multiclass,resnet,tox
YQLIRTMKGFCWAPSEDVHN,0.8003663701646933,0.4328203391034683,multiclass,custom,tox
YQLIRTMKGFCWAPSEDVHN,0.732505714841673,0.3527952799341342,multiclass,resnet,tox
NPACKGISRQEVLFDHYMTW,0.7898276695773117,0.4357018124634224,multiclass,custom,tox
NPACKGISRQEVLFDHYMTW,0.7239304821330447,0.37141024840952735,multiclass,resnet,tox
YGDCFRETVLQKASWMHIPN,0.798198788482084,0.44532632448842857,multiclass,custom,tox
YGDCFRETVLQKASWMHIPN,0.7523711457255197,0.4281187883311236,multiclass,resnet,tox
YSELFDMTQCHVRINWAGPK,0.7835417725026214,0.416380551656487,multiclass,custom,tox
YSELFDMTQCHVRINWAGPK,0.7356844345097006,0.40000728849329026,multiclass,resnet,tox
EVTSPIHDKMAYWQFNCGRL,0.7923697737433582,0.42268829505423533,multiclass,custom,tox
EVTSPIHDKMAYWQFNCGRL,0.7231697169374577,0.340702655407015,multiclass,resnet,tox
REDQGKPCMNIFWALTHYVS,0.7981240011381654,0.42068831687784664,multiclass,custom,tox
REDQGKPCMNIFWALTHYVS,0.7451975637957237,0.4188907744322254,multiclass,resnet,tox
EFYAPNHILWCTQKSDRVGM,0.7945008087505874,0.43443182511822875,multiclass,custom,tox
EFYAPNHILWCTQKSDRVGM,0.7330392656659461,0.3635540608937286,multiclass,resnet,tox
ITQELAFNPCGYHVWSMKDR,0.7940372333256154,0.43522766851190253,multiclass,custom,tox
ITQELAFNPCGYHVWSMKDR,0.7384689252557267,0.38349759060061756,multiclass,resnet,tox
TQMFCRVPYGKWADIHNLSE,0.8030842439908039,0.45278544892174655,multiclass,custom,tox
TQMFCRVPYGKWADIHNLSE,0.700374338757881,0.3647936875083084,multiclass,resnet,tox
IMYQGVWNHRCDPEKATFSL,0.7915858393900416,0.397396017726928,multiclass,custom,tox
IMYQGVWNHRCDPEKATFSL,0.7435723814651437,0.3921578298211887,multiclass,resnet,tox
MRVECIGLQDWKTNSHYAPF,0.7978911777342259,0.440588910023264,multiclass,custom,tox
MRVECIGLQDWKTNSHYAPF,0.7203657193574435,0.32946812133357717,multiclass,resnet,tox
AMDCFGRSETINPQVWLKHY,0.7871781494238104,0.42350837882150405,multiclass,custom,tox
AMDCFGRSETINPQVWLKHY,0.7319613957914252,0.38204062019413654,multiclass,resnet,tox
QHVGLKRTIMPYWSNFCAED,0.79593883757144,0.44946132848782794,multiclass,custom,tox
QHVGLKRTIMPYWSNFCAED,0.7170316645686986,0.3412044000805658,multiclass,resnet,tox
QNDMHWTAEICGRLYVKPSF,0.7980271424160368,0.4480818214337086,multiclass,custom,tox
QNDMHWTAEICGRLYVKPSF,0.7496088491436403,0.4219830486479804,multiclass,resnet,tox
KWPRNLGSIVDFAMQEYCTH,0.7908096255285417,0.4230198878509797,multiclass,custom,tox
KWPRNLGSIVDFAMQEYCTH,0.7254648207478638,0.3317912025575303,multiclass,resnet,tox
ISANVEHFRPMDCQLWGTKY,0.792497166933767,0.4038414321197564,multiclass,custom,tox
ISANVEHFRPMDCQLWGTKY,0.7179513184622982,0.3677947947528878,multiclass,resnet,tox
NMYQFRDHLKWSTVPIEAGC,0.7969875367803795,0.44202745300859253,multiclass,custom,tox
NMYQFRDHLKWSTVPIEAGC,0.7203575199986145,0.3550496551758541,multiclass,resnet,tox
INSVFHMRWQEGTCLAKDPY,0.7894450392930594,0.42394742556239073,multiclass,custom,tox
INSVFHMRWQEGTCLAKDPY,0.7293887441940854,0.40963864911075126,multiclass,resnet,tox
NASRLHMKTECWDIPFVQYG,0.8047017200803971,0.4082501968927928,multiclass,custom,tox
NASRLHMKTECWDIPFVQYG,0.7411657896465302,0.4164589339824751,multiclass,resnet,tox
SAGQKFEICLNVYRMPHDTW,0.7886672589541063,0.41385857323471864,multiclass,custom,tox
SAGQKFEICLNVYRMPHDTW,0.714936184234437,0.34718449696793513,multiclass,resnet,tox
KSHPVAQDRTCYFLMWEIGN,0.7897068105609983,0.4253852604913571,multiclass,custom,tox
KSHPVAQDRTCYFLMWEIGN,0.7434389094037458,0.31614010203259124,multiclass,resnet,tox
VKSWGANFYCRMPTQHELDI,0.8030953378288951,0.4129089640026627,multiclass,custom,tox
VKSWGANFYCRMPTQHELDI,0.740551093561425,0.40864879005879196,multiclass,resnet,tox
SIYQATPRHKVDWNGEFLMC,0.7873530183323467,0.4221520537358665,multiclass,custom,tox
SIYQATPRHKVDWNGEFLMC,0.711707700600936,0.40264025494401634,multiclass,resnet,tox
DGTQREFHIMWNKYAVCPSL,0.7883642677287919,0.4175793766929495,multiclass,custom,tox
DGTQREFHIMWNKYAVCPSL,0.7604985995913821,0.4405366077806615,multiclass,resnet,tox
VQRWNTEAFHIYLPSMCKDG,0.8013701950876984,0.44909752778301043,multiclass,custom,tox
VQRWNTEAFHIYLPSMCKDG,0.6906201725111607,0.2832642110996938,multiclass,resnet,tox
CRWHAFDYLVIQKGMTEPNS,0.8050195413364275,0.45002652434059814,multiclass,custom,tox
CRWHAFDYLVIQKGMTEPNS,0.7184544297493181,0.35072597265023653,multiclass,resnet,tox
RKGWHTQEVSMAPLIYDFNC,0.7916597429347446,0.40584263691287825,multiclass,custom,tox
RKGWHTQEVSMAPLIYDFNC,0.7216291351665889,0.3450048248346444,multiclass,resnet,tox
DRQGIPVMCKSTNEHFAWYL,0.795530355660355,0.4279158387230394,multiclass,custom,tox
DRQGIPVMCKSTNEHFAWYL,0.7412855608504006,0.3997308842441643,multiclass,resnet,tox
LYQFKNVTASRMEDWPCGIH,0.7985005689822489,0.413005718431099,multiclass,custom,tox
LYQFKNVTASRMEDWPCGIH,0.7393022835870691,0.4175999032454638,multiclass,resnet,tox
MNRHFSTVQKGILWCYDPEA,0.7920933215216029,0.4400212649987605,multiclass,custom,tox
MNRHFSTVQKGILWCYDPEA,0.75211821569962,0.4010361256101579,multiclass,resnet,tox
AVSCKGNEWTQDLYFPIMRH,0.7968056880643313,0.45383874007268804,multiclass,custom,tox
AVSCKGNEWTQDLYFPIMRH,0.7329401412072111,0.379741110776627,multiclass,resnet,tox
LHYRGKPMSWIDQNCETVAF,0.7931210763104957,0.4199445673918948,multiclass,custom,tox
LHYRGKPMSWIDQNCETVAF,0.7327896454714049,0.4303574744775444,multiclass,resnet,tox
SRLDGNWCHPIKMTFAYQVE,0.800760396598142,0.42630127295930154,multiclass,custom,tox
SRLDGNWCHPIKMTFAYQVE,0.7473866262814995,0.3975725264466997,multiclass,resnet,tox
PTYDSVMIQHRGCKLFWAEN,0.7974999274930996,0.390390684137715,multiclass,custom,tox
PTYDSVMIQHRGCKLFWAEN,0.7281017724978935,0.4245860687877296,multiclass,resnet,tox
CEFMYPSQLRHIAWDVTNKG,0.797273743692454,0.4368095852027062,multiclass,custom,tox
CEFMYPSQLRHIAWDVTNKG,0.7258372139965387,0.38272234679721645,multiclass,resnet,tox
MRWFSDCGLPQNVAETKYHI,0.7913152637619282,0.423654473070862,multiclass,custom,tox
MRWFSDCGLPQNVAETKYHI,0.7411241609460609,0.3973977802833747,multiclass,resnet,tox
CLGIKPWENMQSDRHYTFVA,0.794205359372251,0.45899517167724885,multiclass,custom,tox
CLGIKPWENMQSDRHYTFVA,0.7267985879051144,0.37414370607406944,multiclass,resnet,tox
RYLHWIVENAFDCTSGPKQM,0.7876798454399705,0.4305605030375673,multiclass,custom,tox
RYLHWIVENAFDCTSGPKQM,0.7298564079922593,0.3555229176955002,multiclass,resnet,tox
SKLWEYIDVMPGHFRCQNAT,0.7959023997428201,0.43112788890967624,multiclass,custom,tox
SKLWEYIDVMPGHFRCQNAT,0.7267790385885385,0.3916451789137483,multiclass,resnet,tox
CPSDIHEKQNMRVFTWYLAG,0.7932128113115329,0.41679160960759115,multiclass,custom,tox
CPSDIHEKQNMRVFTWYLAG,0.7341709211273939,0.3824155262562582,multiclass,resnet,tox
HDFKVITLPCWESRYMGAQN,0.7947424172755486,0.43942003975208577,multiclass,custom,tox
HDFKVITLPCWESRYMGAQN,0.7463558114335289,0.3932757654769976,multiclass,resnet,tox
ARIVKNCQHEFWSDYMLPTG,0.8055512113973566,0.44938953055859165,multiclass,custom,tox
ARIVKNCQHEFWSDYMLPTG,0.7690012128880029,0.425136184373389,multiclass,resnet,tox
EQVNWPFMHLRTKACIYDGS,0.7953714407173264,0.4368115811052431,multiclass,custom,tox
EQVNWPFMHLRTKACIYDGS,0.7351545333805971,0.39759279779210094,multiclass,resnet,tox
FYDLMRPSVEAHCNTWGKIQ,0.7992974815037194,0.4254377963238066,multiclass,custom,tox
FYDLMRPSVEAHCNTWGKIQ,0.7327723240558174,0.348861901541873,multiclass,resnet,tox
GRETQVCKPYHIWLMNDASF,0.7973455072108092,0.42969326071366887,multiclass,custom,tox
GRETQVCKPYHIWLMNDASF,0.7683389232665165,0.396802462117311,multiclass,resnet,tox
EFAHPMTQNRWLICVKDYGS,0.7925822816058677,0.44953834642378165,multiclass,custom,tox
EFAHPMTQNRWLICVKDYGS,0.7087637631237881,0.31203852832867585,multiclass,resnet,tox
TQPNIDVKSHWGMCLFYRAE,0.7923708312615441,0.43000333154885684,multiclass,custom,tox
TQPNIDVKSHWGMCLFYRAE,0.7241325764957569,0.37162207094552324,multiclass,resnet,tox
DYFKMCHRITWEALGSNQPV,0.8065369337643309,0.4438400687793106,multiclass,custom,tox
DYFKMCHRITWEALGSNQPV,0.7271378023027321,0.36857557340611313,multiclass,resnet,tox
RVYPFAGTINDWLKESMHCQ,0.7822426027968575,0.4031916942877326,multiclass,custom,tox
RVYPFAGTINDWLKESMHCQ,0.7504799949505487,0.41780902946242193,multiclass,resnet,tox
HLQPAYFKGICMNVRSTDWE,0.794155559535487,0.4364424919223583,multiclass,custom,tox
HLQPAYFKGICMNVRSTDWE,0.7253291730126752,0.38963773499943716,multiclass,resnet,tox
PHIDASTEKYQRFCGMNLVW,0.7951054528094066,0.4088951617463253,multiclass,custom,tox
PHIDASTEKYQRFCGMNLVW,0.7377067617022453,0.37889417989648144,multiclass,resnet,tox
SFCLQIMTYKGEHDWRVANP,0.792201785119422,0.4138532303076419,multiclass,custom,tox
SFCLQIMTYKGEHDWRVANP,0.7677467474944392,0.4444452146275645,multiclass,resnet,tox
LGENIQYPCADRVMKSTWHF,0.7952922649654506,0.43421777933223893,multiclass,custom,tox
LGENIQYPCADRVMKSTWHF,0.7266929387236963,0.39695495684553594,multiclass,resnet,tox
MAESPVFDNLQYGWCTHIKR,0.7944506995836648,0.4322877044083719,multiclass,custom,tox
MAESPVFDNLQYGWCTHIKR,0.7352659521834953,0.4165352254681628,multiclass,resnet,tox
CTFGELVKDRHPNIAWMSQY,0.7892628646627008,0.40692573029430557,multiclass,custom,tox
CTFGELVKDRHPNIAWMSQY,0.7258262502705687,0.32646304780110824,multiclass,resnet,tox
KCDQFWVATPRHYNSLIGME,0.7936785635802284,0.44092581306243706,multiclass,custom,tox
KCDQFWVATPRHYNSLIGME,0.7585816346175419,0.4551384665625651,multiclass,resnet,tox
TDCGRLQNEHVYKSAPMFIW,0.7994791158234229,0.4411830841924619,multiclass,custom,tox
TDCGRLQNEHVYKSAPMFIW,0.7576635587822764,0.37843975426604937,multiclass,resnet,tox
RTVIDQPEMFGSAHCKWYLN,0.8019493213979985,0.45464148134159343,multiclass,custom,tox
RTVIDQPEMFGSAHCKWYLN,0.7552634674065922,0.4020400322295882,multiclass,resnet,tox
HSMENPDLCTQVKIFGYAWR,0.7978299785742514,0.4628969759460951,multiclass,custom,tox
HSMENPDLCTQVKIFGYAWR,0.7561810101547313,0.4002544547606209,multiclass,resnet,tox
FRGISVPLEWHMACDTKYQN,0.7895336757633515,0.4338173452249376,multiclass,custom,tox
FRGISVPLEWHMACDTKYQN,0.7270019690761242,0.3626305156330428,multiclass,resnet,tox
PHELDCNFQAKSIVTWGMRY,0.7863472574757931,0.41238011147736947,multiclass,custom,tox
PHELDCNFQAKSIVTWGMRY,0.7236769679990911,0.3378777718227573,multiclass,resnet,tox
DANLYSPGFQIVHCEKTMRW,0.7861685800671061,0.4083020696159524,multiclass,custom,tox
DANLYSPGFQIVHCEKTMRW,0.7356487624365949,0.33778445124021544,multiclass,resnet,tox
ACVSIQHDKRETNGMPWFYL,0.7963735719500394,0.4267594411009335,multiclass,custom,tox
ACVSIQHDKRETNGMPWFYL,0.7488033660329638,0.3742060385745224,multiclass,resnet,tox
WNQFPLGERSIYCDHMAKVT,0.7970001077923158,0.4328142844058906,multiclass,custom,tox
WNQFPLGERSIYCDHMAKVT,0.7311828703116382,0.3814438133921563,multiclass,resnet,tox
NLTHSEVGFPRWKQDYMAIC,0.7900652606507772,0.4309493831090803,multiclass,custom,tox
NLTHSEVGFPRWKQDYMAIC,0.7298522232487625,0.37119675827320175,multiclass,resnet,tox
RKCTQDSLMFHYVEPWIAGN,0.7944244531022223,0.42967387711674937,multiclass,custom,tox
RKCTQDSLMFHYVEPWIAGN,0.7363791091731,0.4085188219846274,multiclass,resnet,tox
YIDQCMSAVHTFNWPERLKG,0.7852157617747582,0.4371910487443162,multiclass,custom,tox
YIDQCMSAVHTFNWPERLKG,0.7286715391303062,0.3410534502736965,multiclass,resnet,tox
HRAWVGLQFDPNYSTICKEM,0.7980032752121224,0.43754475862064013,multiclass,custom,tox
HRAWVGLQFDPNYSTICKEM,0.7486242214852885,0.41766237355910263,multiclass,resnet,tox
VQPLKYNAFDGCTRIWEMHS,0.7922221594700195,0.435773897914051,multiclass,custom,tox
VQPLKYNAFDGCTRIWEMHS,0.7331114294897585,0.3446351692365967,multiclass,resnet,tox
IKSHGDALFVPMQWYTNRCE,0.799345153375017,0.4370552938422244,multiclass,custom,tox
IKSHGDALFVPMQWYTNRCE,0.720998518077361,0.36856419919456324,multiclass,resnet,tox
ISRPFGLKVNCMAWHTQYDE,0.7882596349126262,0.44960335602741497,multiclass,custom,tox
ISRPFGLKVNCMAWHTQYDE,0.7477803368629841,0.41974901447838986,multiclass,resnet,tox
QLCHDVGSNRFMPEYTAIKW,0.8013290963203719,0.4522930283224401,multiclass,custom,tox
QLCHDVGSNRFMPEYTAIKW,0.7243263688385685,0.37997465213704573,multiclass,resnet,tox
HISENLKDGTFPYCWAQRVM,0.794069916054263,0.43671568536393135,multiclass,custom,tox
HISENLKDGTFPYCWAQRVM,0.7048147780390234,0.3292270486033428,multiclass,resnet,tox
LWDRHPINKCYGSTVEFQAM,0.794889844416296,0.41592611924824324,multiclass,custom,tox
LWDRHPINKCYGSTVEFQAM,0.6930442219778409,0.2863521605544089,multiclass,resnet,tox
RYVDGHFMTICQWSNLKEPA,0.807205462718057,0.4513577072327786,multiclass,custom,tox
RYVDGHFMTICQWSNLKEPA,0.7279253648047599,0.31082604077415044,multiclass,resnet,tox
DFCGVINPRKMWLAETYSQH,0.8007962769925546,0.44800934756388316,multiclass,custom,tox
DFCGVINPRKMWLAETYSQH,0.7233088733877373,0.36619614479719365,multiclass,resnet,tox
HLNIKWEQDPTRYCGFMVSA,0.7998815797210892,0.4130828620707991,multiclass,custom,tox
HLNIKWEQDPTRYCGFMVSA,0.7591721933406091,0.41193204128046884,multiclass,resnet,tox
EHPLTWASVIRCDKMGNQFY,0.7908049337739488,0.4366530181502603,multiclass,custom,tox
EHPLTWASVIRCDKMGNQFY,0.7254985821920935,0.37545374913314045,multiclass,resnet,tox
PVHTLCKRQNYASDGMFIEW,0.790623250290001,0.42950083948810136,multiclass,custom,tox
PVHTLCKRQNYASDGMFIEW,0.7560965050971076,0.42294336626417295,multiclass,resnet,tox
NSEIHKQALCTVPDGFYMRW,0.7933097084398586,0.4550965084845039,multiclass,custom,tox
NSEIHKQALCTVPDGFYMRW,0.7524146060017165,0.4545749602138936,multiclass,resnet,tox
GRKDTWALFCVQIYPSHNEM,0.7945714346970837,0.4427447512473699,multiclass,custom,tox
GRKDTWALFCVQIYPSHNEM,0.7373675842041403,0.38151515533248326,multiclass,resnet,tox
KHNMRIDTVELPWQAYCSFG,0.7920923249962261,0.44692554676977503,multiclass,custom,tox
KHNMRIDTVELPWQAYCSFG,0.7075322428500962,0.35271475866009544,multiclass,resnet,tox
FMPVCSINYRTKLQHDEGAW,0.785548327118771,0.43539088288675537,multiclass,custom,tox
FMPVCSINYRTKLQHDEGAW,0.6691616256687211,0.29781107226797005,multiclass,resnet,tox
PMYHWENQKRSTACVIFDGL,0.7995245590017116,0.4189635355716354,multiclass,custom,tox
PMYHWENQKRSTACVIFDGL,0.7281534172086013,0.3365833169329908,multiclass,resnet,tox
AEKWTMIFGSLRNQYDVCPH,0.8028006602197676,0.4536444486401322,multiclass,custom,tox
AEKWTMIFGSLRNQYDVCPH,0.7768099426438859,0.44693253952738915,multiclass,resnet,tox
CQVRATHPWMNSYDKFGILE,0.794845936196672,0.4094732656209733,multiclass,custom,tox
CQVRATHPWMNSYDKFGILE,0.7510601685904115,0.3924161132006522,multiclass,resnet,tox
KSAVEWPNGYRQTDLHIFCM,0.7920503936018681,0.41280143142477843,multiclass,custom,tox
KSAVEWPNGYRQTDLHIFCM,0.7254490746707744,0.3419565199823882,multiclass,resnet,tox
NSRPAHMTWIYQGFDVLKEC,0.7894927547389285,0.4545026653449636,multiclass,custom,tox
NSRPAHMTWIYQGFDVLKEC,0.7238648252586839,0.40065769801219425,multiclass,resnet,tox
VYNWQHTCLRPGDFMASIEK,0.7892298780249332,0.42111666825980343,multiclass,custom,tox
VYNWQHTCLRPGDFMASIEK,0.7262251702379002,0.4073956805298951,multiclass,resnet,tox
EIDCMTRWAGPFKQLSYHVN,0.7933185252918993,0.4213894739527323,multiclass,custom,tox
EIDCMTRWAGPFKQLSYHVN,0.723639815886901,0.36168644356903235,multiclass,resnet,tox
CGVPETHYMFIWQKLNDSRA,0.7945023117131372,0.45237219294271835,multiclass,custom,tox
CGVPETHYMFIWQKLNDSRA,0.7498808698167629,0.42964976769475705,multiclass,resnet,tox
WTGEKAQDCVMFSRNYPHLI,0.7971508621777701,0.44700251308840355,multiclass,custom,tox
WTGEKAQDCVMFSRNYPHLI,0.7393033098081258,0.4197408655117313,multiclass,resnet,tox
YWTPDQLNMIEAFVKSHRCG,0.7968568413473275,0.40864155406185887,multiclass,custom,tox
YWTPDQLNMIEAFVKSHRCG,0.7252930099362891,0.4135715394426877,multiclass,resnet,tox
DMQGINKPEWHCRSVTYFLA,0.7955429074657931,0.4063232443653478,multiclass,custom,tox
DMQGINKPEWHCRSVTYFLA,0.7563281314822833,0.3879078650625043,multiclass,resnet,tox
PLKNFVWHSYCEAGQTDMIR,0.7960038700029368,0.4511074554935838,multiclass,custom,tox
PLKNFVWHSYCEAGQTDMIR,0.7190705707990901,0.37642127360009936,multiclass,resnet,tox
QMVEKICPFGYSAWLDNRHT,0.796213158144946,0.4548343136355907,multiclass,custom,tox
QMVEKICPFGYSAWLDNRHT,0.7457099317586936,0.42325552806526534,multiclass,resnet,tox
IYAPKQCMWSGLTFDHRNVE,0.787031613506085,0.4305292866952529,multiclass,custom,tox
IYAPKQCMWSGLTFDHRNVE,0.7399427952634213,0.41143470026541423,multiclass,resnet,tox
PRKIVWYGDAELMFCNSTQH,0.8001336975624669,0.4213000443955348,multiclass,custom,tox
PRKIVWYGDAELMFCNSTQH,0.7247323808174082,0.36264904483390314,multiclass,resnet,tox
FMINPWCQGLKDHRTYVSEA,0.7923665433799881,0.3954576773341075,multiclass,custom,tox
FMINPWCQGLKDHRTYVSEA,0.7353563984466239,0.32737863470461653,multiclass,resnet,tox
EGQNRVHFTACMYSWIKDLP,0.7915686774429573,0.4184087986689248,multiclass,custom,tox
EGQNRVHFTACMYSWIKDLP,0.7320467859318142,0.40583234391407563,multiclass,resnet,tox
DHTEQWMRALSVIPGYCKNF,0.7977961494706894,0.42757031206822005,multiclass,custom,tox
DHTEQWMRALSVIPGYCKNF,0.7286568797977544,0.3577987017478613,multiclass,resnet,tox
RNYVCFKEQSTLAIHWPMDG,0.7954908469974225,0.40124524428020686,multiclass,custom,tox
RNYVCFKEQSTLAIHWPMDG,0.7161638606137899,0.3415844278962543,multiclass,resnet,tox
IPCDYTWGSANFVQERLKHM,0.7970194214586128,0.4231726271057753,multiclass,custom,tox
IPCDYTWGSANFVQERLKHM,0.7483846224654019,0.427994603581982,multiclass,resnet,tox
RTKPFMVIEQLCGNYHDSAW,0.8049377758780951,0.42700159556926953,multiclass,custom,tox
RTKPFMVIEQLCGNYHDSAW,0.7343318294079205,0.36429523152029136,multiclass,resnet,tox
TLFQGHEAYIKPNWCSMDRV,0.801197767215395,0.41254062771893396,multiclass,custom,tox
TLFQGHEAYIKPNWCSMDRV,0.7335025570456568,0.37804146434417973,multiclass,resnet,tox
PEKFYSIMHQLDANVGCWTR,0.7960410862613089,0.4260019268391238,multiclass,custom,tox
PEKFYSIMHQLDANVGCWTR,0.7662037412789606,0.4244138615216634,multiclass,resnet,tox
HRQICEMFWGPYKVTDLNSA,0.7957771925664959,0.44643059086600667,multiclass,custom,tox
HRQICEMFWGPYKVTDLNSA,0.7233509545912693,0.3769925679398275,multiclass,resnet,tox
GTMAEQVCSLNRKHPFIWYD,0.7934048848273672,0.42906760250071097,multiclass,custom,tox
GTMAEQVCSLNRKHPFIWYD,0.7153830163757261,0.3458311801433389,multiclass,resnet,tox
WHLDGNRVTEQYPCFKSMAI,0.7987234061737333,0.43852715111529655,multiclass,custom,tox
WHLDGNRVTEQYPCFKSMAI,0.7179703626847711,0.4276223228833976,multiclass,resnet,tox
NSGWITMVQLEHPFYRACKD,0.7853330508536404,0.40832175098262635,multiclass,custom,tox
NSGWITMVQLEHPFYRACKD,0.7058391884965474,0.3502864259306691,multiclass,resnet,tox
QACRIFEKYLGWHDNVTPMS,0.8032133958702392,0.4354295431490837,multiclass,custom,tox
QACRIFEKYLGWHDNVTPMS,0.7029865102633603,0.41007373124718943,multiclass,resnet,tox
RGFVKIYPASTLNMECHWDQ,0.7920474117997289,0.4094914710943294,multiclass,custom,tox
RGFVKIYPASTLNMECHWDQ,0.7528207389604963,0.4028093663846096,multiclass,resnet,tox
PTECMYWKSHNGQFALDIVR,0.7947739631216394,0.43993766077608,multiclass,custom,tox
PTECMYWKSHNGQFALDIVR,0.7354844883262965,0.3870889949190957,multiclass,resnet,tox
LFVCKMWIYSGATNPHQRED,0.7971903546720304,0.4738358295651265,multiclass,custom,tox
LFVCKMWIYSGATNPHQRED,0.7255918301713643,0.4003594444229872,multiclass,resnet,tox
QNRGVIWPDKTYLFAECMSH,0.795115763547206,0.4207919548670119,multiclass,custom,tox
QNRGVIWPDKTYLFAECMSH,0.7160347158384652,0.33576542981450025,multiclass,resnet,tox
HGSPKAWTCMRIVYNQEFDL,0.796352951635945,0.4126225503367211,multiclass,custom,tox
HGSPKAWTCMRIVYNQEFDL,0.7467646921679226,0.42294257651517164,multiclass,resnet,tox
ERSHPTQKIVACNYLFDMGW,0.7963799237121046,0.46243067639697716,multiclass,custom,tox
ERSHPTQKIVACNYLFDMGW,0.7499181959501584,0.44444094401340434,multiclass,resnet,tox
FREDPYWNVQCTGSHMLAKI,0.7911283855788119,0.4188429434859316,multiclass,custom,tox
FREDPYWNVQCTGSHMLAKI,0.7435225012748776,0.41962626366575695,multiclass,resnet,tox
FESDLRCGAIKHPWNQTVMY,0.8051526115221899,0.446173815616626,multiclass,custom,tox
FESDLRCGAIKHPWNQTVMY,0.7389474545271566,0.389039329256013,multiclass,resnet,tox
RHIVFSWETCKDAQGNMLPY,0.7944147360767229,0.4535296650524677,multiclass,custom,tox
RHIVFSWETCKDAQGNMLPY,0.7451841983360588,0.38912596338519434,multiclass,resnet,tox
RNYLAIEFTKPWQDSGHMVC,0.7925736257808167,0.45840614489287457,multiclass,custom,tox
RNYLAIEFTKPWQDSGHMVC,0.7302913761531665,0.4442279138861186,multiclass,resnet,tox
MTVESIAWNRLHDGQFPYKC,0.7939783322777076,0.42847745243077,multiclass,custom,tox
MTVESIAWNRLHDGQFPYKC,0.7416143530087247,0.42548611603450315,multiclass,resnet,tox
VFTCDPWLNMIKQRYAGSHE,0.7873867136061409,0.4394215504420046,multiclass,custom,tox
VFTCDPWLNMIKQRYAGSHE,0.7049566470070309,0.3880730034604458,multiclass,resnet,tox
WHDCSFVAYKTEILQRPMGN,0.7996474457315499,0.4378817313699,multiclass,custom,tox
WHDCSFVAYKTEILQRPMGN,0.7600686960338464,0.41502167881845053,multiclass,resnet,tox
VEIKQNSPADCHRWTFMYGL,0.7943009309894825,0.4166235052665502,multiclass,custom,tox
VEIKQNSPADCHRWTFMYGL,0.7372974388249764,0.40238779138389774,multiclass,resnet,tox
DKGAFVESMWIPYLCRNTQH,0.7928858197160903,0.41739073297206836,multiclass,custom,tox
DKGAFVESMWIPYLCRNTQH,0.7224394007906723,0.4036873815001596,multiclass,resnet,tox
HTRCPEWNIQSAKMFYDGVL,0.7927191050420241,0.4183636571606132,multiclass,custom,tox
HTRCPEWNIQSAKMFYDGVL,0.7347196174948752,0.41971990964542805,multiclass,resnet,tox
QHSNDMARLEKVYWIGCPTF,0.803100196633919,0.45907039371554054,multiclass,custom,tox
QHSNDMARLEKVYWIGCPTF,0.7006809751572621,0.3630209627171371,multiclass,resnet,tox
RMSCWYFDPGIVLENATQHK,0.8019480739144754,0.43596199131837904,multiclass,custom,tox
RMSCWYFDPGIVLENATQHK,0.726682745787077,0.3747451922479932,multiclass,resnet,tox
TFGLWQMHYSRNACKPDEIV,0.7940321792248664,0.4395516011586856,multiclass,custom,tox
TFGLWQMHYSRNACKPDEIV,0.7560858937408456,0.43295631354837605,multiclass,resnet,tox
AYSLHEKRMFINWDVCTQPG,0.790538020352799,0.43975886494558064,multiclass,custom,tox
AYSLHEKRMFINWDVCTQPG,0.718893688504426,0.3607208415068677,multiclass,resnet,tox
NFKHPEAGWLQITSYMDCVR,0.7817469243373651,0.426058914297159,multiclass,custom,tox
NFKHPEAGWLQITSYMDCVR,0.7335662188159839,0.4080161599401181,multiclass,resnet,tox
YTKFRSVQLNPCGAMDEWHI,0.7994122174110151,0.4327132102717023,multiclass,custom,tox
YTKFRSVQLNPCGAMDEWHI,0.6850583878446975,0.3159455315805942,multiclass,resnet,tox
HLERPIQNSFWTADCVKYMG,0.7958480171564783,0.4614440867596672,multiclass,custom,tox
HLERPIQNSFWTADCVKYMG,0.7299816728732165,0.3951420611931892,multiclass,resnet,tox
YQWKGNREHSPMIFCTLAVD,0.799592151110031,0.45437035578649015,multiclass,custom,tox
YQWKGNREHSPMIFCTLAVD,0.7552706053754674,0.4214755661641455,multiclass,resnet,tox
CQPIHGTEAWVYSDFRMNLK,0.7999635629764622,0.4441533045991717,multiclass,custom,tox
CQPIHGTEAWVYSDFRMNLK,0.738005005179261,0.37480505346803006,multiclass,resnet,tox
TVKPMEICSNWQLHFADGRY,0.8046021735655027,0.4373399460672016,multiclass,custom,tox
TVKPMEICSNWQLHFADGRY,0.7323870727163874,0.34556804030071114,multiclass,resnet,tox
QAHMTLWIEPSKYFGDRCNV,0.7952276920348381,0.44867725278865783,multiclass,custom,tox
QAHMTLWIEPSKYFGDRCNV,0.7183935855878687,0.3368947313024983,multiclass,resnet,tox
DHQWCVASEKLNMPIGRYTF,0.7925008036498387,0.43786973737114243,multiclass,custom,tox
DHQWCVASEKLNMPIGRYTF,0.7171598827448464,0.41560125281811955,multiclass,resnet,tox
EHLCTYKFSGQWRNDVAMIP,0.7810397561654193,0.44067252364176984,multiclass,custom,tox
EHLCTYKFSGQWRNDVAMIP,0.7362220541387738,0.3910141003778118,multiclass,resnet,tox
EVDPTRMFQYKLGCSWAHNI,0.7947121922149254,0.4450050656557022,multiclass,custom,tox
EVDPTRMFQYKLGCSWAHNI,0.7153259397915879,0.3683904373677157,multiclass,resnet,tox
TPRGCSWFDYNQEHLMVIKA,0.7936718645774444,0.42480372244631426,multiclass,custom,tox
TPRGCSWFDYNQEHLMVIKA,0.7193292611260043,0.3772755618898086,multiclass,resnet,tox
TRIQSPWAVFMKCDNGEHYL,0.7955005846619452,0.4156178399023004,multiclass,custom,tox
TRIQSPWAVFMKCDNGEHYL,0.7139919678149009,0.3497788899815635,multiclass,resnet,tox
ITWVDFYKSRNQLPHMECGA,0.7987472848025219,0.42542629476172217,multiclass,custom,tox
ITWVDFYKSRNQLPHMECGA,0.742509109978063,0.41322644236636175,multiclass,resnet,tox
RKHWEAQLTIVFCMNSGDYP,0.8008604180053162,0.4322230407088588,multiclass,custom,tox
RKHWEAQLTIVFCMNSGDYP,0.7211011121471781,0.3625731732507818,multiclass,resnet,tox
YPQIRHELMNVTASFGCWDK,0.784020371785733,0.4096758423069914,multiclass,custom,tox
YPQIRHELMNVTASFGCWDK,0.7293961511042133,0.39640377533598525,multiclass,resnet,tox
CAEPWNDTMSFIHGKVLQYR,0.788222826999595,0.42227173532440715,multiclass,custom,tox
CAEPWNDTMSFIHGKVLQYR,0.7499614448445471,0.40455959359159854,multiclass,resnet,tox
LRFMCVDGYKTWHAQEPISN,0.794914598488818,0.45204937338802437,multiclass,custom,tox
LRFMCVDGYKTWHAQEPISN,0.7439600078614975,0.40717980953916,multiclass,resnet,tox
MFWGERTHDLQAIVPNCYSK,0.801275744883341,0.4403722271384799,multiclass,custom,tox
MFWGERTHDLQAIVPNCYSK,0.7221111523974406,0.36077322892061436,multiclass,resnet,tox
GKLDHYPQVTMWASICEFNR,0.7923969508651861,0.41586786166105616,multiclass,custom,tox
GKLDHYPQVTMWASICEFNR,0.7311547523956224,0.3960362454040381,multiclass,resnet,tox
SLDMAFTEKPGHICYQRVWN,0.8050309037908118,0.43583932541966847,multiclass,custom,tox
SLDMAFTEKPGHICYQRVWN,0.7327394252711495,0.390990048928284,multiclass,resnet,tox
TPKYMQLGNAWHEFVDSIRC,0.7945478743763338,0.44453328934504494,multiclass,custom,tox
TPKYMQLGNAWHEFVDSIRC,0.7286423666566867,0.4015261620212932,multiclass,resnet,tox
RHGNVSKWMFQCYEAPITLD,0.7980653779656666,0.4490118578672675,multiclass,custom,tox
RHGNVSKWMFQCYEAPITLD,0.7350635628599591,0.39724299772947175,multiclass,resnet,tox
MNTRPIQVHSLECFGWYKDA,0.7952416103864256,0.4106749617013986,multiclass,custom,tox
MNTRPIQVHSLECFGWYKDA,0.7359972290827365,0.3858692240971589,multiclass,resnet,tox
IEQYDNALWKRMCTFSPVHG,0.7999293558895262,0.402911384170083,multiclass,custom,tox
IEQYDNALWKRMCTFSPVHG,0.7385607591730636,0.4148352840106046,multiclass,resnet,tox
RSYHLWPNDVFKQGIAETMC,0.7982388231266009,0.46284365563885543,multiclass,custom,tox
RSYHLWPNDVFKQGIAETMC,0.7213301884687706,0.33969277721337127,multiclass,resnet,tox
WVEDMKTNFRHCYALPIGSQ,0.7900389365636984,0.403396596316339,multiclass,custom,tox
WVEDMKTNFRHCYALPIGSQ,0.7279895129654455,0.38329678827286484,multiclass,resnet,tox
MSRQDNITKLHCPAGWYFVE,0.7918349706816993,0.41030734183372725,multiclass,custom,tox
MSRQDNITKLHCPAGWYFVE,0.7343940865769869,0.3664256713245806,multiclass,resnet,tox
QLNECAHRGYDWKTSMVPFI,0.8024655246464499,0.42913817584416714,multiclass,custom,tox
QLNECAHRGYDWKTSMVPFI,0.7421876521251489,0.401184620082255,multiclass,resnet,tox
HIFEQGYNWVMASPKDCLRT,0.7846550137242112,0.4488352704952339,multiclass,custom,tox
HIFEQGYNWVMASPKDCLRT,0.7326112942865817,0.4186388889679898,multiclass,resnet,tox
GQSANFIKEVMYCPWTHRDL,0.792153087224405,0.4311346086710569,multiclass,custom,tox
GQSANFIKEVMYCPWTHRDL,0.7199488115434186,0.39049651836110655,multiclass,resnet,tox
TRIKSFPHCYEVMLDWAQNG,0.7926809922330614,0.43103322928697924,multiclass,custom,tox
TRIKSFPHCYEVMLDWAQNG,0.7100052952974678,0.3753146491196269,multiclass,resnet,tox
SNHVELADCRWYIMKPTFGQ,0.7985128814098275,0.4141552821830229,multiclass,custom,tox
SNHVELADCRWYIMKPTFGQ,0.7181453730380353,0.35023186816025687,multiclass,resnet,tox
FHMTQYSDRNIWPKVALGCE,0.7940392171031947,0.43063021603444823,multiclass,custom,tox
FHMTQYSDRNIWPKVALGCE,0.7352351268226488,0.3875984728297998,multiclass,resnet,tox
CQLDHRGMNIEWTKPVSYFA,0.7970114887671416,0.4317936520741707,multiclass,custom,tox
CQLDHRGMNIEWTKPVSYFA,0.71661922531725,0.3913873429506857,multiclass,resnet,tox
WKIYAREQNTDLMGCSFHPV,0.8000163109075782,0.4214563950622129,multiclass,custom,tox
WKIYAREQNTDLMGCSFHPV,0.7428157971491363,0.39259153232901056,multiclass,resnet,tox
HVTKGAFMQWCIDNRYLPSE,0.7929542886841034,0.42296364945719966,multiclass,custom,tox
HVTKGAFMQWCIDNRYLPSE,0.7624532599666118,0.44713329985274386,multiclass,resnet,tox
CVKTNIGARSEQLPHDWFMY,0.7938095904830671,0.4215656456934919,multiclass,custom,tox
CVKTNIGARSEQLPHDWFMY,0.7087089343191968,0.3212051965397481,multiclass,resnet,tox
LAFMQPDRSKWTEYCHIGNV,0.7993333157954752,0.4130490212439331,multiclass,custom,tox
LAFMQPDRSKWTEYCHIGNV,0.7581964127702115,0.38656887842496834,multiclass,resnet,tox
QLKFEYGAPSDMVNTWRIHC,0.7922781111046232,0.419140556801943,multiclass,custom,tox
QLKFEYGAPSDMVNTWRIHC,0.7196934427112414,0.3961658266446365,multiclass,resnet,tox
FSAHQELNCMPTIRYGVDWK,0.7926191556464903,0.4096422552373412,multiclass,custom,tox
FSAHQELNCMPTIRYGVDWK,0.7234153391692898,0.3636760837710525,multiclass,resnet,tox
NWLFTHEMVSIAKRQDPYCG,0.7912521264517796,0.43435776184345876,multiclass,custom,tox
NWLFTHEMVSIAKRQDPYCG,0.7399126655584775,0.41352641396651435,multiclass,resnet,tox
IPAYDCNQGSVHFMWKLETR,0.7922394724104881,0.43079138626654456,multiclass,custom,tox
IPAYDCNQGSVHFMWKLETR,0.7293517180787259,0.38076098300083905,multiclass,resnet,tox
SQPKMTIFDLYNHGEVWRCA,0.7982095714374126,0.4132285496264023,multiclass,custom,tox
SQPKMTIFDLYNHGEVWRCA,0.7306980128231744,0.3980551460809749,multiclass,resnet,tox
DFYWCSKGTHPLREIMAVNQ,0.7902340795269187,0.42320184325986104,multiclass,custom,tox
DFYWCSKGTHPLREIMAVNQ,0.7679035470112664,0.45017479314467224,multiclass,resnet,tox
YHICQGRFPKDLVTEAMSWN,0.7938552285505136,0.4551597506460201,multiclass,custom,tox
YHICQGRFPKDLVTEAMSWN,0.7585532153030399,0.43396631099034116,multiclass,resnet,tox
GSYQLRVHIMFKENPTADCW,0.7904078651623114,0.4393706726350962,multiclass,custom,tox
GSYQLRVHIMFKENPTADCW,0.7323337675798867,0.3719646017107599,multiclass,resnet,tox
GNWCHFDKYPQRVTLMESIA,0.7869560908424326,0.42142781705373544,multiclass,custom,tox
GNWCHFDKYPQRVTLMESIA,0.7089336739910296,0.38453469808145935,multiclass,resnet,tox
DVQALCTMHWFSIEYKGNPR,0.7898221300905514,0.4423393627265339,multiclass,custom,tox
DVQALCTMHWFSIEYKGNPR,0.7173268171148761,0.3472621052084765,multiclass,resnet,tox
STRLADMYIPWKQFNCGHEV,0.7985867009993204,0.43698176153677276,multiclass,custom,tox
STRLADMYIPWKQFNCGHEV,0.7287744496425115,0.37212414452417125,multiclass,resnet,tox
AVEYGPCHQMFSWTLRKNID,0.7987569205346814,0.42251176960098125,multiclass,custom,tox
AVEYGPCHQMFSWTLRKNID,0.7426642769940687,0.4426680584196202,multiclass,resnet,tox
GQISCENVPDAMFLWTKYHR,0.7757804454712387,0.38988548606417855,multiclass,custom,tox
GQISCENVPDAMFLWTKYHR,0.7467715253826223,0.36771823339691667,multiclass,resnet,tox
RNLSDYATKFPHMVIEQGWC,0.7954816133346826,0.4245265045724359,multiclass,custom,tox
RNLSDYATKFPHMVIEQGWC,0.7354064698407333,0.4016843749090935,multiclass,resnet,tox
YGDIHAMPSQFRKCWVTNEL,0.793572800255197,0.4074800246155238,multiclass,custom,tox
YGDIHAMPSQFRKCWVTNEL,0.7454791306346833,0.3622096628128268,multiclass,resnet,tox
HWGETFVLYQRCNADSMIPK,0.7938691796929039,0.4092565817253826,multiclass,custom,tox
HWGETFVLYQRCNADSMIPK,0.7343848132889914,0.4123022492807918,multiclass,resnet,tox
CQGDKPINTMEAWSLYHRFV,0.7928663119611434,0.4320625363640467,multiclass,custom,tox
CQGDKPINTMEAWSLYHRFV,0.7243233012514674,0.39997209336653017,multiclass,resnet,tox
WGAFENCRSDYTVKQHPMLI,0.7998099836761998,0.44575074264933184,multiclass,custom,tox
WGAFENCRSDYTVKQHPMLI,0.7206874567316747,0.3441549161342742,multiclass,resnet,tox
YCWPRVEHLTGSKMQDNIAF,0.7898659262694272,0.43051345378915895,multiclass,custom,tox
YCWPRVEHLTGSKMQDNIAF,0.7616056292092166,0.4264052936988211,multiclass,resnet,tox
DAVGSWECKHRQNYPIMFTL,0.7963828698735942,0.43444282265706047,multiclass,custom,tox
DAVGSWECKHRQNYPIMFTL,0.7268334538099731,0.37880836261197437,multiclass,resnet,tox
PSTHMQRDKNVEWIGFCYLA,0.7950881715454536,0.4338679006957549,multiclass,custom,tox
PSTHMQRDKNVEWIGFCYLA,0.7157959459032666,0.40713429296627235,multiclass,resnet,tox
DSMVGFWNEARCQHITLKPY,0.7914957077669268,0.45532040029054094,multiclass,custom,tox
DSMVGFWNEARCQHITLKPY,0.7363627834410178,0.39634450441812896,multiclass,resnet,tox
CEITYSRHFWNAMDLVQKGP,0.7898971298262495,0.41433020004787896,multiclass,custom,tox
CEITYSRHFWNAMDLVQKGP,0.7221262807843528,0.3597710822510823,multiclass,resnet,tox
ERAVFWMLSIKNTPYHDGQC,0.7892350474944295,0.4317396210511798,multiclass,custom,tox
ERAVFWMLSIKNTPYHDGQC,0.7250854409302403,0.35833319501832095,multiclass,resnet,tox
IKNYGHWLVCSMQEAPTRFD,0.7971456137229223,0.46503043310840486,multiclass,custom,tox
IKNYGHWLVCSMQEAPTRFD,0.7368740309140713,0.38312743080749934,multiclass,resnet,tox
IYVTNAGESLQCRPHDMFKW,0.7978207214970873,0.4502849295235533,multiclass,custom,tox
IYVTNAGESLQCRPHDMFKW,0.7245725993007648,0.3960932084993799,multiclass,resnet,tox
KFTDPMSQLGIVYENCRAWH,0.8023111019061211,0.4365578550361352,multiclass,custom,tox
KFTDPMSQLGIVYENCRAWH,0.7109972286005245,0.37410913388228695,multiclass,resnet,tox
VPRCIYKWGDETLMNAQFSH,0.7983812884682568,0.42408431166205673,multiclass,custom,tox
VPRCIYKWGDETLMNAQFSH,0.7353486509752049,0.4026487187615818,multiclass,resnet,tox
PRHQFEKGDLSAVYWNMICT,0.788440031009786,0.4015531170435474,multiclass,custom,tox
PRHQFEKGDLSAVYWNMICT,0.7118139260412997,0.36381862735512815,multiclass,resnet,tox
KDTANYLEVRQCSWFHGPIM,0.7970392052033927,0.4525515661501113,multiclass,custom,tox
KDTANYLEVRQCSWFHGPIM,0.7086679809053964,0.34765734788486746,multiclass,resnet,tox
TKQVSGCEDRILPANMFWYH,0.8010874338541021,0.4150412186805566,multiclass,custom,tox
TKQVSGCEDRILPANMFWYH,0.7301336883061365,0.32626871745038244,multiclass,resnet,tox
IGKMWQTYHSNAEPVCRLFD,0.7973171813474982,0.4643575492347103,multiclass,custom,tox
IGKMWQTYHSNAEPVCRLFD,0.7348636284640595,0.4136553276202883,multiclass,resnet,tox
WQGVRKMTSPIEHDLYCAFN,0.7932385351033437,0.4374925672800498,multiclass,custom,tox
WQGVRKMTSPIEHDLYCAFN,0.7320584293431098,0.39965788909747946,multiclass,resnet,tox
ALGPNMWQDTVHEIRFKSYC,0.786150912346084,0.4366692519534815,multiclass,custom,tox
ALGPNMWQDTVHEIRFKSYC,0.7262146249997983,0.3706263993390829,multiclass,resnet,tox
WCQKEPDYTLIAMNVSGRFH,0.7957406640892823,0.4379029959993928,multiclass,custom,tox
WCQKEPDYTLIAMNVSGRFH,0.7277592225599764,0.4198077799978561,multiclass,resnet,tox
EFCDLKPAYRHVSMQINGWT,0.7908384509437776,0.4008162160824189,multiclass,custom,tox
EFCDLKPAYRHVSMQINGWT,0.7125418574714186,0.3748083518986977,multiclass,resnet,tox
PGFHYRKEISVDMTNCAQLW,0.7909184026258734,0.40721658440171254,multiclass,custom,tox
PGFHYRKEISVDMTNCAQLW,0.7184570167908635,0.3403839363982549,multiclass,resnet,tox
CYSPDIMAWVLFGTEKNRHQ,0.7903233681929966,0.41432163354759916,multiclass,custom,tox
CYSPDIMAWVLFGTEKNRHQ,0.7270963711502743,0.42414966850029695,multiclass,resnet,tox
RDFWIKTGMYPSHEVQANLC,0.7889828051964437,0.4172820395996514,multiclass,custom,tox
RDFWIKTGMYPSHEVQANLC,0.720795881908634,0.37593890689898346,multiclass,resnet,tox
EPFMQGICWKALHRNVTDSY,0.7912513032231377,0.41432409599777775,multiclass,custom,tox
EPFMQGICWKALHRNVTDSY,0.7389069347839751,0.3974999727742853,multiclass,resnet,tox
TGSNCQVYRDMAFWIKELHP,0.7950496618743959,0.4218099635903435,multiclass,custom,tox
TGSNCQVYRDMAFWIKELHP,0.7496912146192817,0.4254765973994739,multiclass,resnet,tox
SCELWATIFMKNYGPVDRQH,0.791638159498798,0.4201362810700295,multiclass,custom,tox
SCELWATIFMKNYGPVDRQH,0.7277118292854281,0.37855388448860644,multiclass,resnet,tox
TYKLFAENCQGHPMIRDWSV,0.7893349123983505,0.4126817238001747,multiclass,custom,tox
TYKLFAENCQGHPMIRDWSV,0.7311801670125263,0.37881465654204033,multiclass,resnet,tox
AHTMCLFWNPKDYGESVQRI,0.791393610191733,0.4028774072838039,multiclass,custom,tox
AHTMCLFWNPKDYGESVQRI,0.7261479697371765,0.3579898493947352,multiclass,resnet,tox
HCYNWGTMDKFLVSPIQRAE,0.7977234272744127,0.40354912214387373,multiclass,custom,tox
HCYNWGTMDKFLVSPIQRAE,0.7484885496769638,0.3938594560602222,multiclass,resnet,tox
DYTCVHLGWNSIRKFQPEMA,0.7917383668183549,0.42700385238193395,multiclass,custom,tox
DYTCVHLGWNSIRKFQPEMA,0.7239594487127272,0.3758014493230134,multiclass,resnet,tox
TRGMIWCQELVPFNHSDKYA,0.799123507825288,0.4309458691605883,multiclass,custom,tox
TRGMIWCQELVPFNHSDKYA,0.7423104655722264,0.42692961146296293,multiclass,resnet,tox
QHAVKIYNCMRLSDWFEPTG,0.79694500676297,0.4736403280253113,multiclass,custom,tox
QHAVKIYNCMRLSDWFEPTG,0.7369640759814567,0.3923250700468247,multiclass,resnet,tox
NMSPFWHVALIYDGRCTKEQ,0.7935119338548529,0.438058308378465,multiclass,custom,tox
NMSPFWHVALIYDGRCTKEQ,0.7554422928185676,0.40510208550215115,multiclass,resnet,tox
WMQRPNKGCVHIFELDSTYA,0.789154361028668,0.3961638754139641,multiclass,custom,tox
WMQRPNKGCVHIFELDSTYA,0.7190238818866246,0.360601195106771,multiclass,resnet,tox
YQAGEVKPWSCMFIRDHNLT,0.7996244948967316,0.4288590720795534,multiclass,custom,tox
YQAGEVKPWSCMFIRDHNLT,0.7312100732622315,0.40876836810777395,multiclass,resnet,tox
IHSAYTKPWLVNREFCQDMG,0.7911471621038082,0.4141148741022923,multiclass,custom,tox
IHSAYTKPWLVNREFCQDMG,0.7485078758238681,0.38747848721880274,multiclass,resnet,tox
SPLAMKDHQRWFNTCGEVYI,0.79483645934193,0.446702741419437,multiclass,custom,tox
SPLAMKDHQRWFNTCGEVYI,0.7190666857179308,0.4030141260894225,multiclass,resnet,tox
SYGMVWLPRDNQATHIECFK,0.7917900818677882,0.4435045647506947,multiclass,custom,tox
SYGMVWLPRDNQATHIECFK,0.7126996847657139,0.3977412770096739,multiclass,resnet,tox
HFAIKDLRCMSTNYGQEWPV,0.8009739195960524,0.43975357025785156,multiclass,custom,tox
HFAIKDLRCMSTNYGQEWPV,0.7011272232126571,0.359202767412529,multiclass,resnet,tox
YGENKAVSMRIPFTHWQLDC,0.7953837307182825,0.44749507114177867,multiclass,custom,tox
YGENKAVSMRIPFTHWQLDC,0.722545396902388,0.37824947508620027,multiclass,resnet,tox
VRQWNYCHAGIFMKSLTEDP,0.79480629466429,0.43737404917956946,multiclass,custom,tox
VRQWNYCHAGIFMKSLTEDP,0.7438311715458863,0.38659684608848066,multiclass,resnet,tox
YTWSDVKCIAHFNPLQGMRE,0.8024112178633063,0.4383857448623182,multiclass,custom,tox
YTWSDVKCIAHFNPLQGMRE,0.7562473858048602,0.37351822164941184,multiclass,resnet,tox
FMNQITSARWVDELHCGYPK,0.7887630914718714,0.4215674481167043,multiclass,custom,tox
FMNQITSARWVDELHCGYPK,0.7410033472008719,0.37942973234826377,multiclass,resnet,tox
EVWCTFPDAYKGRLQHNMIS,0.7958699756728965,0.43487913221988694,multiclass,custom,tox
EVWCTFPDAYKGRLQHNMIS,0.7296337062596758,0.37353182854718353,multiclass,resnet,tox
CGDKAQHMRSEIVYFWLTNP,0.8040525164943364,0.4361320314967112,multiclass,custom,tox
CGDKAQHMRSEIVYFWLTNP,0.7349466144206955,0.4142498612151799,multiclass,resnet,tox
KAVTLGMWYENFPQHCSDIR,0.7918503582653528,0.4543233726976723,multiclass,custom,tox
KAVTLGMWYENFPQHCSDIR,0.7345978140463558,0.39955292033756595,multiclass,resnet,tox
TKRYQPCEMADNVSHFGLIW,0.7901200312257244,0.4329618194252477,multiclass,custom,tox
TKRYQPCEMADNVSHFGLIW,0.7235591607172454,0.3848796481413609,multiclass,resnet,tox
FASCHDTLVEGPRNYQIWKM,0.7959327216552576,0.4271211482869992,multiclass,custom,tox
FASCHDTLVEGPRNYQIWKM,0.6977926852828146,0.330686434581642,multiclass,resnet,tox
YSQWHAKRETVFICLDGMPN,0.7988465015260986,0.4208599565302712,multiclass,custom,tox
YSQWHAKRETVFICLDGMPN,0.7529370355978613,0.41637717170884264,multiclass,resnet,tox
QPGMSWEHCIKNDTVALRYF,0.7991776009284475,0.4416503132974099,multiclass,custom,tox
QPGMSWEHCIKNDTVALRYF,0.7440723197747985,0.42753475538146846,multiclass,resnet,tox
HMWRPFGDAITYSELKQCVN,0.7902000454380815,0.4445295724375244,multiclass,custom,tox
HMWRPFGDAITYSELKQCVN,0.7681447783028663,0.4303951395695197,multiclass,resnet,tox
ASVKTMGDFEHLQCYRWPIN,0.7980579850462395,0.4281926948967077,multiclass,custom,tox
ASVKTMGDFEHLQCYRWPIN,0.7665245452924645,0.42432928628967836,multiclass,resnet,tox
VANRGYQPMFKLDICWHEST,0.7927275475680928,0.4319692355915972,multiclass,custom,tox
VANRGYQPMFKLDICWHEST,0.7509104549888266,0.3658882615182582,multiclass,resnet,tox
CIEFNDHWSKPMTVYLGAQR,0.7913498846689049,0.4142773728050943,multiclass,custom,tox
CIEFNDHWSKPMTVYLGAQR,0.7216136466610712,0.38374846690272457,multiclass,resnet,tox
SQPHVDAKTFRMIWEGLYCN,0.7952395456538724,0.45521687449119846,multiclass,custom,tox
SQPHVDAKTFRMIWEGLYCN,0.7160237103379908,0.38966788804969993,multiclass,resnet,tox
LDWAPKMFINVECYTSQGHR,0.7997840239608471,0.43195890739153153,multiclass,custom,tox
LDWAPKMFINVECYTSQGHR,0.769174675927655,0.4389472687606803,multiclass,resnet,tox
ERTVDIWKGQCYALPMSHFN,0.7900895202020893,0.428581903287664,multiclass,custom,tox
ERTVDIWKGQCYALPMSHFN,0.7427044087445877,0.42154824417560405,multiclass,resnet,tox
NPAEFDRGWVTSKQCIYMLH,0.7898284507470855,0.44088448953583254,multiclass,custom,tox
NPAEFDRGWVTSKQCIYMLH,0.7327391272102105,0.3618597177885049,multiclass,resnet,tox
EVQRICNMAPFDWTKSGHLY,0.7947446213948491,0.42102192659519666,multiclass,custom,tox
EVQRICNMAPFDWTKSGHLY,0.7255476085742327,0.38438824573156394,multiclass,resnet,tox
VNYRMSQFPKDEWHGLTCIA,0.7924510999749954,0.4377262873498792,multiclass,custom,tox
VNYRMSQFPKDEWHGLTCIA,0.7158947791424156,0.3532869481360204,multiclass,resnet,tox
IDGPTKSVCAWNFEMYRQLH,0.7939719058068134,0.44102006014735967,multiclass,custom,tox
IDGPTKSVCAWNFEMYRQLH,0.7206864643628137,0.4035547347277082,multiclass,resnet,tox
PTLRMYKSWVAFQNDHEGCI,0.7921017343013256,0.45038610925748024,multiclass,custom,tox
PTLRMYKSWVAFQNDHEGCI,0.7303522747923221,0.38499496830738666,multiclass,resnet,tox
EHSFLWPNVYIQDMTACGRK,0.7939748212820223,0.43516616946009606,multiclass,custom,tox
EHSFLWPNVYIQDMTACGRK,0.7127548211599132,0.35453090651148134,multiclass,resnet,tox
TQNEFVIARKGDHCPWYLSM,0.7965565448920027,0.4424748466835558,multiclass,custom,tox
TQNEFVIARKGDHCPWYLSM,0.7511999383405576,0.39990058018237934,multiclass,resnet,tox
PQISNHYWTGDMRCKLFVEA,0.7999951660092928,0.4433623541066397,multiclass,custom,tox
PQISNHYWTGDMRCKLFVEA,0.7272520270881219,0.3623732483208161,multiclass,resnet,tox
WGCYDLHEAMVITPFKNSRQ,0.7989623134776724,0.4482585714178409,multiclass,custom,tox
WGCYDLHEAMVITPFKNSRQ,0.6872117337820468,0.35908909548802403,multiclass,resnet,tox
MAVINCQFDHPTYWKLSREG,0.7850649939658456,0.41646396714102113,multiclass,custom,tox
MAVINCQFDHPTYWKLSREG,0.7261595582656587,0.33454087475173855,multiclass,resnet,tox
YDVWQINHAFCMETSPLGKR,0.7893541185451458,0.4000474334523557,multiclass,custom,tox
YDVWQINHAFCMETSPLGKR,0.7290825790406277,0.3472180072433264,multiclass,resnet,tox
WSYALDQHGVTCPNIMFEKR,0.7913356107820688,0.43074585364484097,multiclass,custom,tox
WSYALDQHGVTCPNIMFEKR,0.7131323905412656,0.37388722842866584,multiclass,resnet,tox
TSADVCGRNILEMHYFQPKW,0.811236704045991,0.47577884151167016,multiclass,custom,tox
TSADVCGRNILEMHYFQPKW,0.7476033255074166,0.4244870894878699,multiclass,resnet,tox
PSQWAKYFVINCRGHETDML,0.8018052584178342,0.423681147775675,multiclass,custom,tox
PSQWAKYFVINCRGHETDML,0.7211514083907677,0.360906438463674,multiclass,resnet,tox
YNEWGAPTVICHDQMKFRLS,0.7961832871052873,0.42861153785772876,multiclass,custom,tox
YNEWGAPTVICHDQMKFRLS,0.7204024524928246,0.3913445085297544,multiclass,resnet,tox
CYTAINQDELRHWPMVSFGK,0.7975181054263807,0.4324491617966177,multiclass,custom,tox
CYTAINQDELRHWPMVSFGK,0.7313815491139539,0.40053475128290145,multiclass,resnet,tox
TQLCRWYIPDEFMGVNHSKA,0.7975294303663947,0.4351360348517156,multiclass,custom,tox
TQLCRWYIPDEFMGVNHSKA,0.7280567388512813,0.3739862428336376,multiclass,resnet,tox
PQVSIRNMDWHTFEKGYACL,0.7857042632461922,0.42339758227729735,multiclass,custom,tox
PQVSIRNMDWHTFEKGYACL,0.6946628259811426,0.36054197740438804,multiclass,resnet,tox
QVTCSLGFEYKAIHMPRDNW,0.7933450183782299,0.43426443753751354,multiclass,custom,tox
QVTCSLGFEYKAIHMPRDNW,0.7523010213028569,0.4291751565712215,multiclass,resnet,tox
FRYKEGTQHVDLPNMCIWAS,0.7889783796604486,0.43850917685089597,multiclass,custom,tox
FRYKEGTQHVDLPNMCIWAS,0.735744567154729,0.37127985647281103,multiclass,resnet,tox
CKESTMRAQLFIPGHNVYDW,0.797603537879942,0.4453901297815178,multiclass,custom,tox
CKESTMRAQLFIPGHNVYDW,0.7367948463988163,0.3490583630336666,multiclass,resnet,tox
WVKSIEFHLGDNTQMYPACR,0.7933167854727872,0.42966083325714804,multiclass,custom,tox
WVKSIEFHLGDNTQMYPACR,0.743673532426316,0.3878577008202181,multiclass,resnet,tox
WIRVYEQMKHFATGLNCSPD,0.7904355568779483,0.42362043978294484,multiclass,custom,tox
WIRVYEQMKHFATGLNCSPD,0.7360217768097821,0.39742446205702897,multiclass,resnet,tox
KGQHTLFCAWNMEVSYIPRD,0.7949314060715638,0.44127596517689394,multiclass,custom,tox
KGQHTLFCAWNMEVSYIPRD,0.7259008471978019,0.331285919650695,multiclass,resnet,tox
TLEPNHWDRQYVKGISFMCA,0.7983793529230082,0.4486882291042066,multiclass,custom,tox
TLEPNHWDRQYVKGISFMCA,0.7389960930845048,0.4194006378172716,multiclass,resnet,tox
SPFAQDMLCNRIHGYTEKWV,0.7973878906808766,0.4321947893086716,multiclass,custom,tox
SPFAQDMLCNRIHGYTEKWV,0.7697000834515149,0.4546292603813383,multiclass,resnet,tox
DYSKCQNEMVTRLWIHPAFG,0.7924695844841606,0.4487322485606584,multiclass,custom,tox
DYSKCQNEMVTRLWIHPAFG,0.7312617619580795,0.3408680718425761,multiclass,resnet,tox
DRHQMEWGCNYFLVAIKPST,0.8001970001357673,0.47005289625830204,multiclass,custom,tox
DRHQMEWGCNYFLVAIKPST,0.7602328067152314,0.4330551521463148,multiclass,resnet,tox
EDNYTIFMCQHPRASVLGWK,0.7871837553109402,0.4065307893721851,multiclass,custom,tox
EDNYTIFMCQHPRASVLGWK,0.7473853958239562,0.4052446970154019,multiclass,resnet,tox
MPHEAQRTYVWKLCNGDFIS,0.7909496512152223,0.3967009911628946,multiclass,custom,tox
MPHEAQRTYVWKLCNGDFIS,0.7001336449445812,0.33432844780834964,multiclass,resnet,tox
HWQFVSNDRCKMGYETIALP,0.8000748935277484,0.41993129039012356,multiclass,custom,tox
HWQFVSNDRCKMGYETIALP,0.7408291432928824,0.383998583450419,multiclass,resnet,tox
VGPWFEATLHNYMIQSDKRC,0.7874851552513249,0.4235623546039595,multiclass,custom,tox
VGPWFEATLHNYMIQSDKRC,0.7449247882084059,0.4009232845168757,multiclass,resnet,tox
LCRTKYHWIAPFDMEVNGSQ,0.7939035030149318,0.42810566447589193,multiclass,custom,tox
LCRTKYHWIAPFDMEVNGSQ,0.6920815789516797,0.3004667403591365,multiclass,resnet,tox
LHEACKWFGVQIPDTMRYSN,0.7965111164924081,0.42507406391297886,multiclass,custom,tox
LHEACKWFGVQIPDTMRYSN,0.7334372124058894,0.3604029002328081,multiclass,resnet,tox
NAFQHIGRTCYMSPEVWKLD,0.7851733685892247,0.3897291420851177,multiclass,custom,tox
NAFQHIGRTCYMSPEVWKLD,0.7145898020361301,0.37680043288344006,multiclass,resnet,tox
PQTYAKHMWLENGVCIDRFS,0.7989024218753441,0.4306614408141888,multiclass,custom,tox
PQTYAKHMWLENGVCIDRFS,0.7485094083967271,0.41517745459749766,multiclass,resnet,tox
VFDTISMLCGNEARYWQKHP,0.8019340488788729,0.4385675791533713,multiclass,custom,tox
VFDTISMLCGNEARYWQKHP,0.7411126637788936,0.3827331234080415,multiclass,resnet,tox
YQVHFLPRNITKDAEWMGCS,0.7960176987979606,0.4708346122396431,multiclass,custom,tox
YQVHFLPRNITKDAEWMGCS,0.7224163753863801,0.37135190977323596,multiclass,resnet,tox
NCKSIARWVEYHDQFLGTMP,0.7972409682018816,0.43893163217048087,multiclass,custom,tox
NCKSIARWVEYHDQFLGTMP,0.722850923925167,0.39945332876167233,multiclass,resnet,tox
KTLREVICSADPYGWMFNQH,0.7919244498320925,0.44007281664715536,multiclass,custom,tox
KTLREVICSADPYGWMFNQH,0.7497686151132612,0.40544797195757337,multiclass,resnet,tox
GFRALEDPWYKNCIMSTVHQ,0.7880785559165294,0.41441187941476515,multiclass,custom,tox
GFRALEDPWYKNCIMSTVHQ,0.7671657252909455,0.42653968261325004,multiclass,resnet,tox
EVCMPNQGTRHLWIYSKFDA,0.7963223537149424,0.4614307393244719,multiclass,custom,tox
EVCMPNQGTRHLWIYSKFDA,0.7258660956511809,0.40651287822590454,multiclass,resnet,tox
VSKCIPHDFMQLNWGTRAYE,0.7954048476556556,0.42232920204340124,multiclass,custom,tox
VSKCIPHDFMQLNWGTRAYE,0.7239113904510518,0.3634181722304534,multiclass,resnet,tox
PLDYEKINMCQGARVSWFTH,0.7801012211132237,0.43157871822087107,multiclass,custom,tox
PLDYEKINMCQGARVSWFTH,0.7187472862801894,0.34566214236856535,multiclass,resnet,tox
SYNFHLCDVIKEGAMWRQTP,0.8017484620423924,0.44002393924897526,multiclass,custom,tox
SYNFHLCDVIKEGAMWRQTP,0.7204097193011755,0.37386744680804734,multiclass,resnet,tox
AHTYFVLPQKWEDRGSICNM,0.7934650688487246,0.4417663726150892,multiclass,custom,tox
AHTYFVLPQKWEDRGSICNM,0.7415167948511561,0.43459312287984203,multiclass,resnet,tox
WRAPEFKDQTSHINGLYMCV,0.7982423685522058,0.41859160954815267,multiclass,custom,tox
WRAPEFKDQTSHINGLYMCV,0.7348575827850651,0.3673311786240482,multiclass,resnet,tox
CVGSETWRHMKYPDLQNFIA,0.7914986744395931,0.4337703602989949,multiclass,custom,tox
CVGSETWRHMKYPDLQNFIA,0.7375364938078215,0.3883471988795397,multiclass,resnet,tox
HGSKPWRAQVNYMTDICLFE,0.793259417842237,0.39637141929270536,multiclass,custom,tox
HGSKPWRAQVNYMTDICLFE,0.7154546521348388,0.3294600779979099,multiclass,resnet,tox
RAQENLTIVYDKMHSGPFCW,0.7922616370604644,0.41484562373642103,multiclass,custom,tox
RAQENLTIVYDKMHSGPFCW,0.7436281906402532,0.39721005001730236,multiclass,resnet,tox
GRKADNYIHWPCQLFETSVM,0.7940787799444553,0.4342619531959323,multiclass,custom,tox
GRKADNYIHWPCQLFETSVM,0.7403712745292479,0.4084497521475424,multiclass,resnet,tox
SEMACKNIWHVQGTRYDFPL,0.7953211099496138,0.4642659103369776,multiclass,custom,tox
SEMACKNIWHVQGTRYDFPL,0.7268508504611344,0.40592377023585663,multiclass,resnet,tox
NSTMHDYEKGWQRIPFLVCA,0.8010488756311005,0.4209814345427647,multiclass,custom,tox
NSTMHDYEKGWQRIPFLVCA,0.7213796293451212,0.38418920814785584,multiclass,resnet,tox
YTLCHWRAKPGSENMIQDFV,0.7904506174842924,0.41022142810932527,multiclass,custom,tox
YTLCHWRAKPGSENMIQDFV,0.752976312091657,0.41508973471350014,multiclass,resnet,tox
NHYVEQIWLGPFMRTASCKD,0.7891448279410505,0.4418479417406595,multiclass,custom,tox
NHYVEQIWLGPFMRTASCKD,0.6952789913048262,0.30670598511574243,multiclass,resnet,tox
HDVPQRLWFMAKSGTNEYIC,0.7979353082472909,0.4396036266766613,multiclass,custom,tox
HDVPQRLWFMAKSGTNEYIC,0.7292286597961462,0.3560709886905589,multiclass,resnet,tox
SYVWPDAHLMFGRIEQNTKC,0.7959743960949535,0.4255618172537828,multiclass,custom,tox
SYVWPDAHLMFGRIEQNTKC,0.7412573795331179,0.4005686194899923,multiclass,resnet,tox
KSQMYPRDICGVETWNLHAF,0.7955657094689584,0.43980958705863804,multiclass,custom,tox
KSQMYPRDICGVETWNLHAF,0.745420628376751,0.419015500561537,multiclass,resnet,tox
PRTLEVFINQGSHKWMYCDA,0.7864023144003253,0.4218499683988002,multiclass,custom,tox
PRTLEVFINQGSHKWMYCDA,0.7181252850539112,0.3475921110123813,multiclass,resnet,tox
FHCEVGNRSQWPDAYTLIMK,0.7979340210268878,0.42118416177795714,multiclass,custom,tox
FHCEVGNRSQWPDAYTLIMK,0.7495326427161574,0.4061983878354748,multiclass,resnet,tox
PCVGNFESWHYTDIARMLQK,0.7970603629553044,0.4383550243984244,multiclass,custom,tox
PCVGNFESWHYTDIARMLQK,0.7286909653768581,0.4033875748952379,multiclass,resnet,tox
HGRQKSFACVNPWMTIDYEL,0.7839232575982699,0.42994874050975174,multiclass,custom,tox
HGRQKSFACVNPWMTIDYEL,0.7234841378225966,0.3436598832139186,multiclass,resnet,tox
YPGIMTRHLCEWNQDVKSFA,0.7962587642052269,0.44072016220038696,multiclass,custom,tox
YPGIMTRHLCEWNQDVKSFA,0.7311652477818628,0.3602211368556959,multiclass,resnet,tox
VIYTACPSHLGKQFDWNERM,0.8027186267253892,0.4291333236307501,multiclass,custom,tox
VIYTACPSHLGKQFDWNERM,0.7220837672712692,0.3981603744597927,multiclass,resnet,tox
PNWIQFAHVCSKGYLDTMRE,0.7865128500206218,0.4096444447704652,multiclass,custom,tox
PNWIQFAHVCSKGYLDTMRE,0.7184576413777737,0.4190665577976137,multiclass,resnet,tox
KPLETGIYWRAFQNDHMVSC,0.7854057212367693,0.454168939067496,multiclass,custom,tox
KPLETGIYWRAFQNDHMVSC,0.720459640498704,0.3793977209494451,multiclass,resnet,tox
VLFWPIAHNSTEKCRYGMDQ,0.7950840649209512,0.4545382634486133,multiclass,custom,tox
VLFWPIAHNSTEKCRYGMDQ,0.7615346789302782,0.443144994479664,multiclass,resnet,tox
ANYHIQDSCPERGFTMWVKL,0.7946830939031291,0.43176628699558633,multiclass,custom,tox
ANYHIQDSCPERGFTMWVKL,0.7169517629595066,0.3889777722390192,multiclass,resnet,tox
DYVSFMPWRCHIQTENGKLA,0.7972830006570247,0.43191810660962887,multiclass,custom,tox
DYVSFMPWRCHIQTENGKLA,0.7478397700706584,0.42125186206650406,multiclass,resnet,tox
KCNQSYAVLGIMWDEFRPTH,0.7955020670629659,0.4356305953023609,multiclass,custom,tox
KCNQSYAVLGIMWDEFRPTH,0.7488513644511335,0.4318743489677962,multiclass,resnet,tox
VHGRISQNMFDYCLAEKWTP,0.7902426866541402,0.4394099138274198,multiclass,custom,tox
VHGRISQNMFDYCLAEKWTP,0.7204781813350734,0.34039317595629404,multiclass,resnet,tox
ACKDTHPEFIGMVYQNRWSL,0.7911153243938418,0.43202118302548725,multiclass,custom,tox
ACKDTHPEFIGMVYQNRWSL,0.7160927930266362,0.36420439794882337,multiclass,resnet,tox
FECRIHWAQLDVGNKMTSYP,0.7991110243876185,0.4342599281594506,multiclass,custom,tox
FECRIHWAQLDVGNKMTSYP,0.727330891397874,0.41034301004397883,multiclass,resnet,tox
IFWQAYHDNSMTRGKLVPCE,0.7882099357405299,0.4180580182364679,multiclass,custom,tox
IFWQAYHDNSMTRGKLVPCE,0.7142747159339089,0.355583414820743,multiclass,resnet,tox
DTNKMAHYRFEIQLSVGPCW,0.7954272852102819,0.40973571682837917,multiclass,custom,tox
DTNKMAHYRFEIQLSVGPCW,0.7322513107759145,0.3641366879635712,multiclass,resnet,tox
QDTIEHVMRSNGFKCAYPWL,0.7983118439734255,0.45025069896190956,multiclass,custom,tox
QDTIEHVMRSNGFKCAYPWL,0.7127815248391005,0.36054521793672,multiclass,resnet,tox
YSTQRHVLFEIMKGCNDWPA,0.793988288339811,0.4164788697952758,multiclass,custom,tox
YSTQRHVLFEIMKGCNDWPA,0.7151630022788316,0.3189761685513809,multiclass,resnet,tox
RHYDSVPGENFWQICLAMTK,0.7946995077230745,0.4388466926258624,multiclass,custom,tox
RHYDSVPGENFWQICLAMTK,0.7260854094923425,0.41459009099722544,multiclass,resnet,tox
ANTLYHDGQRPWIMCEVFKS,0.7911388154587222,0.403894737971817,multiclass,custom,tox
ANTLYHDGQRPWIMCEVFKS,0.7305868814128693,0.4221793323084305,multiclass,resnet,tox
LANCGKFDVMISWHRTEQYP,0.7986006721261418,0.44143556945317786,multiclass,custom,tox
LANCGKFDVMISWHRTEQYP,0.7349646291082881,0.3952093722355492,multiclass,resnet,tox
PAVTGIHCFRSEQMLNKYWD,0.7938621738242788,0.42298937287514277,multiclass,custom,tox
PAVTGIHCFRSEQMLNKYWD,0.7320283463460604,0.39458967083815877,multiclass,resnet,tox
ELRNIYSKQTACWGMDFVPH,0.7975387542905457,0.4089543890320691,multiclass,custom,tox
ELRNIYSKQTACWGMDFVPH,0.7401247050918724,0.4094093600479355,multiclass,resnet,tox
YWCVSQRKPDGHNMTFALIE,0.7950305582541825,0.4211049283421408,multiclass,custom,tox
YWCVSQRKPDGHNMTFALIE,0.7553544714196602,0.40787813411805357,multiclass,resnet,tox
WAITEPNLQHVRMGSYCKDF,0.7975656901883139,0.42200678439509487,multiclass,custom,tox
WAITEPNLQHVRMGSYCKDF,0.7437843001035283,0.41396268053138907,multiclass,resnet,tox
KDVHMPTNQCAIREWFLYGS,0.7889655655509772,0.4417409732207808,multiclass,custom,tox
KDVHMPTNQCAIREWFLYGS,0.7462274147749433,0.39354699711553154,multiclass,resnet,tox
PNYEHQKTGASCLDWMFVRI,0.792576101678927,0.4585642496417396,multiclass,custom,tox
PNYEHQKTGASCLDWMFVRI,0.7454174780036817,0.3951396241347967,multiclass,resnet,tox
QLNRTMKPYGIHWESACVDF,0.796691760298877,0.4221343631304393,multiclass,custom,tox
QLNRTMKPYGIHWESACVDF,0.7531536932754905,0.40662699576827566,multiclass,resnet,tox
HPINTLCQSKVAWRFMDEGY,0.7927101055962626,0.42123726775111836,multiclass,custom,tox
HPINTLCQSKVAWRFMDEGY,0.692873260146496,0.3759938544783154,multiclass,resnet,tox
RKLSPQGIMCHADVETFNWY,0.787074432391984,0.42858819465995823,multiclass,custom,tox
RKLSPQGIMCHADVETFNWY,0.749843962387925,0.4121631637566077,multiclass,resnet,tox
MALKRNGSDQTECIHFYPWV,0.7896720554250976,0.4357092465904383,multiclass,custom,tox
MALKRNGSDQTECIHFYPWV,0.7509761672433111,0.37338817749521264,multiclass,resnet,tox
MVFHRCENKAWPQSYDGILT,0.8002476646615492,0.4307415527648056,multiclass,custom,tox
MVFHRCENKAWPQSYDGILT,0.7404168979793486,0.3787171833766678,multiclass,resnet,tox
GDRHPVAWICYQEFKNMLST,0.7867942336448912,0.43875592890395765,multiclass,custom,tox
GDRHPVAWICYQEFKNMLST,0.7328574367675691,0.37136220003921167,multiclass,resnet,tox
NEICVWFAMRHTGDLPSYKQ,0.7873905445316047,0.4265656751176484,multiclass,custom,tox
NEICVWFAMRHTGDLPSYKQ,0.7362462240685202,0.4064538566183935,multiclass,resnet,tox
GNSIRQPCKHWEMYTLDFAV,0.7868453476448136,0.4347392798455446,multiclass,custom,tox
GNSIRQPCKHWEMYTLDFAV,0.7351951231053329,0.42311648780469835,multiclass,resnet,tox
GFQSLWTMCPVIHNDAREKY,0.7986332669156454,0.4349691669652291,multiclass,custom,tox
GFQSLWTMCPVIHNDAREKY,0.7506119714330085,0.40980824756932777,multiclass,resnet,tox
LYKENQFPWIGHATVCDRSM,0.8021603868027624,0.4243213965815933,multiclass,custom,tox
LYKENQFPWIGHATVCDRSM,0.7110185555704669,0.37941739433848476,multiclass,resnet,tox
PWNCIYETDVRGAQSFLHKM,0.7966852915056892,0.4411630164782456,multiclass,custom,tox
PWNCIYETDVRGAQSFLHKM,0.7691330455057863,0.42337103065154424,multiclass,resnet,tox
LSEWQKFPGICTARVHNMYD,0.7906381107874976,0.43330412328936047,multiclass,custom,tox
LSEWQKFPGICTARVHNMYD,0.6886135058016741,0.3811823224129823,multiclass,resnet,tox
WYLRTMVQIKGSCFPNEAHD,0.7972367281485333,0.44580114488676365,multiclass,custom,tox
WYLRTMVQIKGSCFPNEAHD,0.7522464989160061,0.40135561145249865,multiclass,resnet,tox
CWKRMSTDGLAYQIFPHVEN,0.7887152244524929,0.38921247527015296,multiclass,custom,tox
CWKRMSTDGLAYQIFPHVEN,0.7220622108964923,0.3635048300716829,multiclass,resnet,tox
RMAFYKQTLSDNEWVGIHPC,0.7955575068572391,0.4229782071510896,multiclass,custom,tox
RMAFYKQTLSDNEWVGIHPC,0.7192852233217992,0.3784087224394881,multiclass,resnet,tox
FNIWGKPMCALHYTQSRVED,0.7979190392073849,0.43026847889879355,multiclass,custom,tox
FNIWGKPMCALHYTQSRVED,0.7298367159970496,0.427175150153578,multiclass,resnet,tox
THGSWNYREPMKLFCVDIQA,0.7833819228743815,0.4092276582211123,multiclass,custom,tox
THGSWNYREPMKLFCVDIQA,0.7398674918149951,0.38422520918096,multiclass,resnet,tox
FYNSCIHADVEQPWGMTLRK,0.7841699469099376,0.40460028179902496,multiclass,custom,tox
FYNSCIHADVEQPWGMTLRK,0.7481697576389731,0.41671966996753723,multiclass,resnet,tox
CGAMDQYNIFKPETSVWHRL,0.7962621351219294,0.4181996015792399,multiclass,custom,tox
CGAMDQYNIFKPETSVWHRL,0.7101678160903552,0.3156918034385413,multiclass,resnet,tox
CPQTWLKDGMVAEYRINSHF,0.794154445995533,0.46058621947937184,multiclass,custom,tox
CPQTWLKDGMVAEYRINSHF,0.7202831681173045,0.3275829644610132,multiclass,resnet,tox
QRTSMCFILGPVYNHWKEDA,0.7972165892781862,0.4528207404082908,multiclass,custom,tox
QRTSMCFILGPVYNHWKEDA,0.7266333474395159,0.3835108359832137,multiclass,resnet,tox
SDCVTEWAGNHFMILYRQPK,0.7998928063542551,0.4379354227434088,multiclass,custom,tox
SDCVTEWAGNHFMILYRQPK,0.6904782410950677,0.34096923198128926,multiclass,resnet,tox
NEKQMTLVGRAFDIPYWSHC,0.7894853673079888,0.4419626627260233,multiclass,custom,tox
NEKQMTLVGRAFDIPYWSHC,0.7437225579102514,0.36307134058701396,multiclass,resnet,tox
HIKTFYLDPAGMCVNEWSRQ,0.7946485402817829,0.4163902601889845,multiclass,custom,tox
HIKTFYLDPAGMCVNEWSRQ,0.7179859871087526,0.37481200465967174,multiclass,resnet,tox
CMEDAKVQGNHIYSLTWFPR,0.804280373534327,0.47104790003340724,multiclass,custom,tox
CMEDAKVQGNHIYSLTWFPR,0.7669076892486377,0.4584991554805661,multiclass,resnet,tox
VYQTRNHIEAFKMLSDGPCW,0.8022038595471201,0.42897706360679433,multiclass,custom,tox
VYQTRNHIEAFKMLSDGPCW,0.7274871870367275,0.35968261358605497,multiclass,resnet,tox
HNTQYKVCPWRMGEIAFDSL,0.789527568608157,0.4222256098857279,multiclass,custom,tox
HNTQYKVCPWRMGEIAFDSL,0.7499180758100489,0.40439638862475613,multiclass,resnet,tox
ITWCLYPVDQKFNEGHMASR,0.7864005313958342,0.4217481466442206,multiclass,custom,tox
ITWCLYPVDQKFNEGHMASR,0.7056341738041134,0.37013342896835966,multiclass,resnet,tox
NEYFMLWRPKSVHQTICDAG,0.7963873699984427,0.4345067080539503,multiclass,custom,tox
NEYFMLWRPKSVHQTICDAG,0.7340001563165733,0.4311393234670642,multiclass,resnet,tox
GTAFLNCPISWKEVHMYDQR,0.7952304570900476,0.440884277734283,multiclass,custom,tox
GTAFLNCPISWKEVHMYDQR,0.738061854261745,0.3620337162498592,multiclass,resnet,tox
IWARPCTGESDFHLQMNYVK,0.7928844275145905,0.40123250322018433,multiclass,custom,tox
IWARPCTGESDFHLQMNYVK,0.739572892088152,0.3741790227753613,multiclass,resnet,tox
MTGFIADWYLSHCERNPKVQ,0.7927674791939007,0.4292860175980615,multiclass,custom,tox
MTGFIADWYLSHCERNPKVQ,0.7092990822379074,0.35306698136617914,multiclass,resnet,tox
WDKHALNFMRYEVGICPTQS,0.7975722401727575,0.4426175460624718,multiclass,custom,tox
WDKHALNFMRYEVGICPTQS,0.700484743902875,0.3557264930504106,multiclass,resnet,tox
PEAHVCIKTNFMSQGWDYLR,0.7988779926918668,0.43484515789367795,multiclass,custom,tox
PEAHVCIKTNFMSQGWDYLR,0.7393237055006917,0.33878578556102046,multiclass,resnet,tox
CNFLMWHQETPVGSARDYKI,0.7966177649198938,0.4376046200196767,multiclass,custom,tox
CNFLMWHQETPVGSARDYKI,0.754935774269126,0.3974517890157248,multiclass,resnet,tox
FHSPTARKWLMYQGCINVDE,0.7883964766744753,0.44232526233548447,multiclass,custom,tox
FHSPTARKWLMYQGCINVDE,0.7170351698438602,0.3601145598358678,multiclass,resnet,tox
RNWCFAEMYKDGIQHTSVLP,0.7963459849902808,0.3992033209520724,multiclass,custom,tox
RNWCFAEMYKDGIQHTSVLP,0.7384601529850421,0.3971606537818024,multiclass,resnet,tox
TWAVECDPHQIYLKFNRMGS,0.795366726543802,0.4383237963771105,multiclass,custom,tox
TWAVECDPHQIYLKFNRMGS,0.7535324400287176,0.44218850116727715,multiclass,resnet,tox
YPLQEMNDRTFKSAVCWIHG,0.7964315316270374,0.456699192710444,multiclass,custom,tox
YPLQEMNDRTFKSAVCWIHG,0.7229477739532885,0.3599181496122008,multiclass,resnet,tox
CGYNQLWPHMFAKVRDSEIT,0.7905424326308859,0.4344690197941664,multiclass,custom,tox
CGYNQLWPHMFAKVRDSEIT,0.7489846109462701,0.440871241440114,multiclass,resnet,tox
LNGPTICVRAHKQSEDFYWM,0.8013614062417542,0.4491877165606003,multiclass,custom,tox
LNGPTICVRAHKQSEDFYWM,0.7070138257026792,0.3745658030854105,multiclass,resnet,tox
SIGCQPRFAVWKHYTDMENL,0.78944199689126,0.4334646592592244,multiclass,custom,tox
SIGCQPRFAVWKHYTDMENL,0.759875639210588,0.4056852479298231,multiclass,resnet,tox
QEKPYLFACDMSIVRHWTGN,0.7917718706706331,0.4275073382286392,multiclass,custom,tox
QEKPYLFACDMSIVRHWTGN,0.7380583398050273,0.3856409299117765,multiclass,resnet,tox
LRYVWNFHCGMKTSADQPIE,0.796248806347846,0.40539473847987273,multiclass,custom,tox
LRYVWNFHCGMKTSADQPIE,0.732500593266179,0.40732776278625904,multiclass,resnet,tox
LQMTRSKAIVGDCNWYFPEH,0.7963436566744713,0.4236770201292167,multiclass,custom,tox
LQMTRSKAIVGDCNWYFPEH,0.739565914847463,0.37427043992799425,multiclass,resnet,tox
KTFWNHPVCDSYMEAIRLGQ,0.7915129541925225,0.41510974665685707,multiclass,custom,tox
KTFWNHPVCDSYMEAIRLGQ,0.7308199099928344,0.32497980138720706,multiclass,resnet,tox
PLKQIDMGWESNFTRHAVYC,0.7983156722540897,0.4221090121489892,multiclass,custom,tox
PLKQIDMGWESNFTRHAVYC,0.7287390253838728,0.41746013326144116,multiclass,resnet,tox
GHFQRWETVYLIADNMCPKS,0.798802859155977,0.44411995034873275,multiclass,custom,tox
GHFQRWETVYLIADNMCPKS,0.7169072088366146,0.36505188233815195,multiclass,resnet,tox
VPDQKECGTSMFYNIALHRW,0.7956002659000039,0.4330874518113273,multiclass,custom,tox
VPDQKECGTSMFYNIALHRW,0.7239094706704291,0.4058511428577999,multiclass,resnet,tox
YWIFMQDKRVETNAGPSLCH,0.7950903654694585,0.4264154126655493,multiclass,custom,tox
YWIFMQDKRVETNAGPSLCH,0.7551734621054595,0.3992998301707086,multiclass,resnet,tox
CPMYKARVTFHQEDINSGWL,0.8014826265536288,0.43957596510352914,multiclass,custom,tox
CPMYKARVTFHQEDINSGWL,0.733766881580767,0.39559005971124933,multiclass,resnet,tox
FHQVSKEYWCLRAIGTNDPM,0.7989435601207905,0.4481600171160317,multiclass,custom,tox
FHQVSKEYWCLRAIGTNDPM,0.7306713388907353,0.37392867775800476,multiclass,resnet,tox
TIHCGAVYMKQRDLWFPSEN,0.7967545068721951,0.43880187425006767,multiclass,custom,tox
TIHCGAVYMKQRDLWFPSEN,0.7490303672163938,0.4013691524273514,multiclass,resnet,tox
QSFCAEGWVNLIHYMRTPDK,0.7978955371795183,0.4604175542447758,multiclass,custom,tox
QSFCAEGWVNLIHYMRTPDK,0.7544723368703978,0.44286248224559105,multiclass,resnet,tox
TLCDSIQMFRGPEWNKAVHY,0.7882896371241376,0.4047266486039337,multiclass,custom,tox
TLCDSIQMFRGPEWNKAVHY,0.7150434458656049,0.3303166371184144,multiclass,resnet,tox
DRYEIHVFMASKLCGPTNWQ,0.7907633592946587,0.4225739609492626,multiclass,custom,tox
DRYEIHVFMASKLCGPTNWQ,0.7524320609648123,0.39752082828252094,multiclass,resnet,tox
YMRCDNHQGKLWVIAFESPT,0.7904526317877327,0.44340325278686665,multiclass,custom,tox
YMRCDNHQGKLWVIAFESPT,0.7166208588491029,0.39029727927616464,multiclass,resnet,tox
FPVCSGMKTRNIQDEWLHYA,0.7877839464306521,0.41031344655120405,multiclass,custom,tox
FPVCSGMKTRNIQDEWLHYA,0.7191756476899074,0.3543079068656222,multiclass,resnet,tox
LIQGPCTSKERDNWAHFMYV,0.7974715078878724,0.44760334518233125,multiclass,custom,tox
LIQGPCTSKERDNWAHFMYV,0.7274831203145782,0.3779714787181718,multiclass,resnet,tox
FVNLTAMPWDYQSKCGEHIR,0.7937622272512754,0.4286744267446932,multiclass,custom,tox
FVNLTAMPWDYQSKCGEHIR,0.7240192329615616,0.40199120845413683,multiclass,resnet,tox
WATEFLQGMICDRYVNKHPS,0.789590329209405,0.4134288407223007,multiclass,custom,tox
WATEFLQGMICDRYVNKHPS,0.723337493431871,0.4010288066260598,multiclass,resnet,tox
YNVEDCFQAMWGRKHSLITP,0.7890900054274843,0.415664625418071,multiclass,custom,tox
YNVEDCFQAMWGRKHSLITP,0.7310472436719068,0.3537330531278175,multiclass,resnet,tox
QAFSCDVNIPKTLEYRMWHG,0.7940905475970214,0.4187523486270172,multiclass,custom,tox
QAFSCDVNIPKTLEYRMWHG,0.7377604808992017,0.41877714573305724,multiclass,resnet,tox
IEQYAVKRLHSMNDFCGPTW,0.7977042200219719,0.4290886328777138,multiclass,custom,tox
IEQYAVKRLHSMNDFCGPTW,0.7238773879383255,0.38173001599154743,multiclass,resnet,tox
QATPWEHRKGLVFDNYCSMI,0.7814275043664571,0.3851304616628778,multiclass,custom,tox
QATPWEHRKGLVFDNYCSMI,0.7373202179298992,0.392788226070559,multiclass,resnet,tox
AGVDLRMWFIYTSPCKHNEQ,0.7967284828699829,0.42218270022462373,multiclass,custom,tox
AGVDLRMWFIYTSPCKHNEQ,0.7460788385655938,0.4141565372476276,multiclass,resnet,tox
KWMGQSVFALIPDEHCNRTY,0.7997285088918492,0.4395959040385547,multiclass,custom,tox
KWMGQSVFALIPDEHCNRTY,0.7537277658595751,0.4391578772602136,multiclass,resnet,tox
AVYTGCRLNPFIDKEHMSQW,0.7955632411176805,0.4198013935514693,multiclass,custom,tox
AVYTGCRLNPFIDKEHMSQW,0.7574233258947037,0.4387046708882643,multiclass,resnet,tox
YKNGIAQETPHSCWMVLRFD,0.7957261948191683,0.42739328863163584,multiclass,custom,tox
YKNGIAQETPHSCWMVLRFD,0.7385760718581428,0.3879297472549875,multiclass,resnet,tox
DMGVYPIFQLARHTCSKWEN,0.7993249056850856,0.453053210517487,multiclass,custom,tox
DMGVYPIFQLARHTCSKWEN,0.7625180125667649,0.3937160507318159,multiclass,resnet,tox
NEQVIYFMTWSLKHCPAGDR,0.7965890208318906,0.4128809694020382,multiclass,custom,tox
NEQVIYFMTWSLKHCPAGDR,0.7198355513181387,0.38012155182571244,multiclass,resnet,tox
WGTRCHIMDVLKANEYQFSP,0.7873363375192257,0.45363777044804826,multiclass,custom,tox
WGTRCHIMDVLKANEYQFSP,0.7271489964945693,0.35985792441057185,multiclass,resnet,tox
LTAEKFHVINYRQCSMDGPW,0.7899974631849437,0.41880614651550785,multiclass,custom,tox
LTAEKFHVINYRQCSMDGPW,0.731320368517933,0.3780335468564332,multiclass,resnet,tox
TKMLVPGSNFYDCAEWQRHI,0.8081153730631423,0.4625382918906286,multiclass,custom,tox
TKMLVPGSNFYDCAEWQRHI,0.7587064725157217,0.3947654593243001,multiclass,resnet,tox
APISQTHLYEKMNRDCGWVF,0.8016635708491956,0.4086612162513056,multiclass,custom,tox
APISQTHLYEKMNRDCGWVF,0.7391031369436286,0.3913780064375688,multiclass,resnet,tox
AMNVPHFSGQTCRYKIEDWL,0.793338973151091,0.42534917492737884,multiclass,custom,tox
AMNVPHFSGQTCRYKIEDWL,0.7039572753630896,0.36220350280733377,multiclass,resnet,tox
KAIMRVFTGSEDQNWYLCHP,0.7930260390418497,0.44736110580194344,multiclass,custom,tox
KAIMRVFTGSEDQNWYLCHP,0.7300816647337481,0.38469770302524203,multiclass,resnet,tox
DTMAWEGHFSVKPRQLICNY,0.7977867587771053,0.4370305193839853,multiclass,custom,tox
DTMAWEGHFSVKPRQLICNY,0.7285187591854554,0.3974660894388373,multiclass,resnet,tox
PRCNQFVGEAIWDMHKSYTL,0.7989300948274632,0.4620824603460584,multiclass,custom,tox
PRCNQFVGEAIWDMHKSYTL,0.7367756816278866,0.4089378871352273,multiclass,resnet,tox
ARNTVDMGSCKPELQHFIYW,0.7947085003173276,0.4271501986329029,multiclass,custom,tox
ARNTVDMGSCKPELQHFIYW,0.7206213337102646,0.36843496180405866,multiclass,resnet,tox
QDPCNGSAEFYIWTMLRHKV,0.7955696473833074,0.4464479163448235,multiclass,custom,tox
QDPCNGSAEFYIWTMLRHKV,0.7157188800563805,0.3680869269550534,multiclass,resnet,tox
MWRQGELDYKTNAFCIHSVP,0.7887685826217405,0.3997676878568868,multiclass,custom,tox
MWRQGELDYKTNAFCIHSVP,0.7292839304459775,0.3605694923882647,multiclass,resnet,tox
VKARPENYQDSHTWCFLGIM,0.7926861968608823,0.4423314993104265,multiclass,custom,tox
VKARPENYQDSHTWCFLGIM,0.7462557257661948,0.4276798874535122,multiclass,resnet,tox
MVQEFDCPTNYLWIHKGSAR,0.7967848560639702,0.43146239482224724,multiclass,custom,tox
MVQEFDCPTNYLWIHKGSAR,0.7419610907238041,0.4551921541725398,multiclass,resnet,tox
KCVGQSIAYWLENPDRMHFT,0.7910629751342734,0.4292761934922039,multiclass,custom,tox
KCVGQSIAYWLENPDRMHFT,0.7430912536087393,0.41270021878673935,multiclass,resnet,tox
GSRVLHKCMTFWINEDPAYQ,0.790489280876702,0.4181825599084162,multiclass,custom,tox
GSRVLHKCMTFWINEDPAYQ,0.7555725353017685,0.3778489200467441,multiclass,resnet,tox
CPGITWQKYAVLNHDFSERM,0.7986438113967214,0.4152031858678362,multiclass,custom,tox
CPGITWQKYAVLNHDFSERM,0.7585033889099144,0.45964194438406913,multiclass,resnet,tox
QLSVEITCPKHWFRMYGAND,0.7934100805480292,0.4057818413183215,multiclass,custom,tox
QLSVEITCPKHWFRMYGAND,0.7441581774934363,0.41039285394435476,multiclass,resnet,tox
EWGVHTFAQIRMLSKYCDNP,0.7885070361729166,0.41467440755694607,multiclass,custom,tox
EWGVHTFAQIRMLSKYCDNP,0.7326651621359448,0.40766471936219084,multiclass,resnet,tox
IYSKREMFVLPTGQWNDAHC,0.7876191273047619,0.4380618138801869,multiclass,custom,tox
IYSKREMFVLPTGQWNDAHC,0.74424602822799,0.36363652857563866,multiclass,resnet,tox
HANRGMKDPTWCLQFIVEYS,0.7993870766701467,0.41352587606579705,multiclass,custom,tox
HANRGMKDPTWCLQFIVEYS,0.749553479015197,0.3922455269848954,multiclass,resnet,tox
RSADPHNVLTFGYEMCKIQW,0.7948463351126599,0.39942801867615946,multiclass,custom,tox
RSADPHNVLTFGYEMCKIQW,0.6931745172505227,0.36490514259844675,multiclass,resnet,tox
TCLDEYMIRQKPGSWVFNAH,0.78954612849345,0.4219497763875423,multiclass,custom,tox
TCLDEYMIRQKPGSWVFNAH,0.7221871746361083,0.3850787724402962,multiclass,resnet,tox
DENGSYWAFPQMTICLRVKH,0.7920061283000772,0.4359868091284496,multiclass,custom,tox
DENGSYWAFPQMTICLRVKH,0.7326727898268404,0.3759446893884291,multiclass,resnet,tox
SIFNHKTERAQMPDLYCGWV,0.8033665348182113,0.4189627027512528,multiclass,custom,tox
SIFNHKTERAQMPDLYCGWV,0.7174900952563428,0.3681122669239797,multiclass,resnet,tox
VRHECMQWILTYKNSFAPGD,0.7914666640047874,0.4644951355054342,multiclass,custom,tox
VRHECMQWILTYKNSFAPGD,0.7338076107654639,0.34893581371996896,multiclass,resnet,tox
GYDRFNTMHPVQAIWLKECS,0.7929285457663762,0.435428805050104,multiclass,custom,tox
GYDRFNTMHPVQAIWLKECS,0.7336720829637601,0.4149235602217338,multiclass,resnet,tox
PASFIQRTGEMWLVYCHKDN,0.8015764039003251,0.4513488713183835,multiclass,custom,tox
PASFIQRTGEMWLVYCHKDN,0.7243826795959885,0.3668972713025208,multiclass,resnet,tox
KLNHSPYGITWADRMCVEQF,0.788184612546063,0.4341500421906481,multiclass,custom,tox
KLNHSPYGITWADRMCVEQF,0.6958334734488102,0.3189107519611597,multiclass,resnet,tox
KPDTYQSWCHNMEALGRFIV,0.8085059950231199,0.4287081211898882,multiclass,custom,tox
KPDTYQSWCHNMEALGRFIV,0.7350199077574529,0.394546222264223,multiclass,resnet,tox
LAGQPHFTKNRCEDIMVSWY,0.8012832252684016,0.4498854696688911,multiclass,custom,tox
LAGQPHFTKNRCEDIMVSWY,0.7193696853766155,0.3916868719908483,multiclass,resnet,tox
WMPYGSRTEAVCFNLKDHIQ,0.7899903786536508,0.4214697646007083,multiclass,custom,tox
WMPYGSRTEAVCFNLKDHIQ,0.7457473183776531,0.44357603758864367,multiclass,resnet,tox
HRISGETAKCWYNMVLFQPD,0.7975753710716859,0.42592263959593646,multiclass,custom,tox
HRISGETAKCWYNMVLFQPD,0.7403508419116384,0.30995754755118315,multiclass,resnet,tox
LSEKPHRGCMFQIWYAVNDT,0.7877430471045206,0.39776157421297126,multiclass,custom,tox
LSEKPHRGCMFQIWYAVNDT,0.755794478746928,0.3771062982984953,multiclass,resnet,tox
CGQARSWNMDLVHPIFYKTE,0.7909795655962126,0.44946375655422777,multiclass,custom,tox
CGQARSWNMDLVHPIFYKTE,0.7256009710046947,0.3514861797552835,multiclass,resnet,tox
VRTIFYQCHGMANPWDSLKE,0.7939900038433002,0.42190168926362154,multiclass,custom,tox
VRTIFYQCHGMANPWDSLKE,0.7383813716767043,0.421369319834608,multiclass,resnet,tox
CTLPWFRIMYKGVHSNAQED,0.7913248808302022,0.43419007935095844,multiclass,custom,tox
CTLPWFRIMYKGVHSNAQED,0.6800223077608404,0.32033447508236346,multiclass,resnet,tox
HTRFGSLWQEMANDIYVKPC,0.7973767907856723,0.44387012923132724,multiclass,custom,tox
HTRFGSLWQEMANDIYVKPC,0.7527990408076227,0.41272060009382744,multiclass,resnet,tox
DQLHFGSWMIVPYENKTARC,0.7963727299607083,0.46593314238957195,multiclass,custom,tox
DQLHFGSWMIVPYENKTARC,0.7476524032188501,0.40911690415883817,multiclass,resnet,tox
IWTNMSKDFQYHVECALRGP,0.8030683263894118,0.4347767061262936,multiclass,custom,tox
IWTNMSKDFQYHVECALRGP,0.7367502468395661,0.42634855714610315,multiclass,resnet,tox
TADYPQKLEFSNHVICMWRG,0.7877572481561053,0.4159701468825448,multiclass,custom,tox
TADYPQKLEFSNHVICMWRG,0.6988192854489433,0.28095256954133485,multiclass,resnet,tox
DIVLKASMHCNWYTREPQFG,0.8043574618995069,0.406447864196615,multiclass,custom,tox
DIVLKASMHCNWYTREPQFG,0.7266832047256042,0.35404889004469303,multiclass,resnet,tox
DCHQGVNRLKPYISEAWFTM,0.7918894368809003,0.45146418523576193,multiclass,custom,tox
DCHQGVNRLKPYISEAWFTM,0.7360484537239911,0.4026143645212331,multiclass,resnet,tox
RLPQFTDSGMNEIHCVYAKW,0.7965783753567097,0.4297055159335339,multiclass,custom,tox
RLPQFTDSGMNEIHCVYAKW,0.7290566629687436,0.41235658247383533,multiclass,resnet,tox
VNSEYGFHCAWDRMPKQITL,0.8013874927643467,0.40969047887465093,multiclass,custom,tox
VNSEYGFHCAWDRMPKQITL,0.716652561787769,0.34175578610986806,multiclass,resnet,tox
MVQWYLFDECISHPRNAKGT,0.7873633646378791,0.4222143296352601,multiclass,custom,tox
MVQWYLFDECISHPRNAKGT,0.7387120242692375,0.38855811809488044,multiclass,resnet,tox
LQATDHWEKCIYFVRPSMNG,0.8001676364780659,0.44825402395092534,multiclass,custom,tox
LQATDHWEKCIYFVRPSMNG,0.7303981603812597,0.3565041769482141,multiclass,resnet,tox
QEVYWGKNPCFHTISLRMAD,0.8027848125424312,0.4173057778713753,multiclass,custom,tox
QEVYWGKNPCFHTISLRMAD,0.6738658850887734,0.27341979218044027,multiclass,resnet,tox
RSPFETGWYILAMNVDHCQK,0.7839576250105795,0.4200199130512991,multiclass,custom,tox
RSPFETGWYILAMNVDHCQK,0.7214461595128968,0.366507140929415,multiclass,resnet,tox
MISYFTRVNCKPDEHQLGAW,0.7906946325587072,0.40899045272876106,multiclass,custom,tox
MISYFTRVNCKPDEHQLGAW,0.713801319091175,0.3441159815910829,multiclass,resnet,tox
CWQKPRGHESTVAFNIDLYM,0.7953868671460812,0.45274908166078764,multiclass,custom,tox
CWQKPRGHESTVAFNIDLYM,0.722540781036955,0.36443353258261246,multiclass,resnet,tox
THKRIDLAESWPGMVQYFNC,0.79183994236782,0.44011253806157813,multiclass,custom,tox
THKRIDLAESWPGMVQYFNC,0.7563450216363908,0.3705890815342542,multiclass,resnet,tox
LRGCSKDYPWHIQNVMTFEA,0.7892995680187822,0.42156396149629033,multiclass,custom,tox
LRGCSKDYPWHIQNVMTFEA,0.7517070142724794,0.40291184204967534,multiclass,resnet,tox
WPACDHLGVRFKYISNMEQT,0.7910548768824125,0.4322454328564687,multiclass,custom,tox
WPACDHLGVRFKYISNMEQT,0.7210970444066527,0.3474777906431645,multiclass,resnet,tox
CTPYFHILMGADREWQKVNS,0.7968363760177015,0.448645564616886,multiclass,custom,tox
CTPYFHILMGADREWQKVNS,0.7364450339325105,0.37664939051555246,multiclass,resnet,tox
DLYQVFTHEPWKMAGSCINR,0.7994909548640732,0.39833459320919323,multiclass,custom,tox
DLYQVFTHEPWKMAGSCINR,0.7576246565162192,0.41609480813754524,multiclass,resnet,tox
PIHGEYNDQKLWCRATSFVM,0.7940754313803916,0.45513467967016463,multiclass,custom,tox
PIHGEYNDQKLWCRATSFVM,0.7230272939388488,0.35041515288853764,multiclass,resnet,tox
SERCGLDPAKIQHWFVTNYM,0.7907921035829573,0.4145323789788339,multiclass,custom,tox
SERCGLDPAKIQHWFVTNYM,0.7353170276904841,0.4164526774109948,multiclass,resnet,tox
MGATNYFIWKPRVDSHCELQ,0.796090476247811,0.4314963723176778,multiclass,custom,tox
MGATNYFIWKPRVDSHCELQ,0.758322011377964,0.43407676448600296,multiclass,resnet,tox
GQFCKRPSDEVTYMHNWLAI,0.79444781561361,0.4192815173333231,multiclass,custom,tox
GQFCKRPSDEVTYMHNWLAI,0.7319545213165539,0.30246107524605476,multiclass,resnet,tox
YVDEANTIGMQKPLRWSHFC,0.7936046215415178,0.42051494488056074,multiclass,custom,tox
YVDEANTIGMQKPLRWSHFC,0.7078889215277009,0.3494517692970417,multiclass,resnet,tox
NGVCLDRESKMTFHYIPAQW,0.786832448285615,0.42873870125838354,multiclass,custom,tox
NGVCLDRESKMTFHYIPAQW,0.7403499140072334,0.41545933130892915,multiclass,resnet,tox
DPRFVCMHYNLITQKSAGEW,0.7989710961912364,0.45015291913969424,multiclass,custom,tox
DPRFVCMHYNLITQKSAGEW,0.7305826539192326,0.3829775730954327,multiclass,resnet,tox
TMLKIVSRCYQNEFDGPAWH,0.7961434025082083,0.4350695446958882,multiclass,custom,tox
TMLKIVSRCYQNEFDGPAWH,0.7049693456315238,0.3790027486262736,multiclass,resnet,tox
ERHGFMWCIVDNYQTKPSLA,0.7991662682814212,0.43011819167967114,multiclass,custom,tox
ERHGFMWCIVDNYQTKPSLA,0.7405167652464788,0.3866057421260932,multiclass,resnet,tox
VALWHTQKGPIERYSDFNMC,0.7903212626527925,0.4116049265579732,multiclass,custom,tox
VALWHTQKGPIERYSDFNMC,0.7161644399834431,0.38850520855489107,multiclass,resnet,tox
WFREASTPHDVLCMINYKGQ,0.7939346063800014,0.4298132523094321,multiclass,custom,tox
WFREASTPHDVLCMINYKGQ,0.7137946721654372,0.3558032031316026,multiclass,resnet,tox
YTSKRLEQHMAWNGCVFIPD,0.7972033365367164,0.41846393749619565,multiclass,custom,tox
YTSKRLEQHMAWNGCVFIPD,0.7671635840774751,0.4479004286004947,multiclass,resnet,tox
MGRPEQKCLFNYWTVAHISD,0.7961398768165161,0.43686450790339226,multiclass,custom,tox
MGRPEQKCLFNYWTVAHISD,0.7423129542450544,0.3915673229406329,multiclass,resnet,tox
TECPDVASKQRWGNLIYHMF,0.7958534359770237,0.4266255280283137,multiclass,custom,tox
TECPDVASKQRWGNLIYHMF,0.7378006220524316,0.43306350890419754,multiclass,resnet,tox
NQCFSHGIWRTVKMEPLYDA,0.7899264228157071,0.4213365882215131,multiclass,custom,tox
NQCFSHGIWRTVKMEPLYDA,0.7290312954545912,0.3847053016598295,multiclass,resnet,tox
VQFPGTSEAYLKDMWIHCNR,0.7974127486701459,0.4742837705472335,multiclass,custom,tox
VQFPGTSEAYLKDMWIHCNR,0.7437717869039755,0.3894624305173087,multiclass,resnet,tox
FPELMDASVQNRIYWCHGTK,0.7884283329581446,0.4390942130201096,multiclass,custom,tox
FPELMDASVQNRIYWCHGTK,0.7261671473294452,0.39192164194091605,multiclass,resnet,tox
EWDVPKAGFCSYHMRQLINT,0.795378629761428,0.4175720580785037,multiclass,custom,tox
EWDVPKAGFCSYHMRQLINT,0.7154677136497984,0.35375126978945953,multiclass,resnet,tox
VEWPSMFDGTAINCYQRLHK,0.7891780611226387,0.4403625585635057,multiclass,custom,tox
VEWPSMFDGTAINCYQRLHK,0.7240823454994494,0.4053010407335556,multiclass,resnet,tox
SVMLFQPDINAEGHYKWCRT,0.8028339003582076,0.44664819017116103,multiclass,custom,tox
SVMLFQPDINAEGHYKWCRT,0.7317702452084058,0.4042900205585944,multiclass,resnet,tox
NKYGAQRHLVTDSWMEPCIF,0.7946998331482388,0.42655633695197936,multiclass,custom,tox
NKYGAQRHLVTDSWMEPCIF,0.713233579758249,0.36805635156812977,multiclass,resnet,tox
SRGFLMDVTEKPAQYNWHIC,0.7936593997322244,0.4583719803902939,multiclass,custom,tox
SRGFLMDVTEKPAQYNWHIC,0.7075089479555909,0.34256442674529464,multiclass,resnet,tox
PRSGCTANKEVWDMHYLQFI,0.8012110703094597,0.4576029437336461,multiclass,custom,tox
PRSGCTANKEVWDMHYLQFI,0.7299223231002968,0.43036511836898644,multiclass,resnet,tox
CVATSKWEPLMDRQFINHYG,0.7982831640041603,0.44108976598658767,multiclass,custom,tox
CVATSKWEPLMDRQFINHYG,0.7252886487089745,0.34436810452575894,multiclass,resnet,tox
YILVPNKFMQGSWHCARTDE,0.7903975999726691,0.4228410217943012,multiclass,custom,tox
YILVPNKFMQGSWHCARTDE,0.7042524597021144,0.3210704861536019,multiclass,resnet,tox
VHGSKFAMNCTELYDIRPWQ,0.7941535693950651,0.4241781180160567,multiclass,custom,tox
VHGSKFAMNCTELYDIRPWQ,0.7272412076646789,0.36753569630657,multiclass,resnet,tox
DYINFTVHCRSGMEQKALWP,0.8019185121551198,0.45827490024924317,multiclass,custom,tox
DYINFTVHCRSGMEQKALWP,0.7312989728348012,0.40071241015608344,multiclass,resnet,tox
SGEQTFARLNYMKHVICPDW,0.7974550812875661,0.44196424210155316,multiclass,custom,tox
SGEQTFARLNYMKHVICPDW,0.7349375557093203,0.3553061430926864,multiclass,resnet,tox
MDCTKHAFGWELYIVRQSNP,0.7978549457421769,0.4398171521700426,multiclass,custom,tox
MDCTKHAFGWELYIVRQSNP,0.7392380738578024,0.39625766315999983,multiclass,resnet,tox
MFYPKCGTHNSIRAEWVDLQ,0.7898270313299973,0.4484952824733475,multiclass,custom,tox
MFYPKCGTHNSIRAEWVDLQ,0.7264515591339252,0.39451827391590427,multiclass,resnet,tox
KFMYENTLAWDHRPQGVSCI,0.7910047916627635,0.43154300700514436,multiclass,custom,tox
KFMYENTLAWDHRPQGVSCI,0.7237295369989875,0.37528007764767735,multiclass,resnet,tox
TSMVNDYHEIQCKFLGARWP,0.7881282005387245,0.43418503587435026,multiclass,custom,tox
TSMVNDYHEIQCKFLGARWP,0.7500708393923283,0.4093767034008769,multiclass,resnet,tox
YRSDKFIPEQCHWMNTVGAL,0.787900339383165,0.40634530500322324,multiclass,custom,tox
YRSDKFIPEQCHWMNTVGAL,0.7320123922101427,0.40326846218311446,multiclass,resnet,tox
EKWSPTFRQYDINGMHALVC,0.7989091352334825,0.4157227227795276,multiclass,custom,tox
EKWSPTFRQYDINGMHALVC,0.7308530248841121,0.36600084476122574,multiclass,resnet,tox
NHFMAESTDLGPYWQIKRVC,0.7990761810438636,0.4261686370248424,multiclass,custom,tox
NHFMAESTDLGPYWQIKRVC,0.7669244381791881,0.46834619504843245,multiclass,resnet,tox
WKTNPCLMDVYHFGERQASI,0.8042895455690064,0.4367098469983575,multiclass,custom,tox
WKTNPCLMDVYHFGERQASI,0.757909434427998,0.4243269462345234,multiclass,resnet,tox
WPEDKSLMNVRGHFICTQAY,0.7958543278307584,0.42126288323353417,multiclass,custom,tox
WPEDKSLMNVRGHFICTQAY,0.7684404032658804,0.4339896209652019,multiclass,resnet,tox
KMNQGALTPVCDFWYERSIH,0.7921526830249939,0.422256241908136,multiclass,custom,tox
KMNQGALTPVCDFWYERSIH,0.7306953503292272,0.3424515761943293,multiclass,resnet,tox
TDSPVYMEQCGFRNKWALHI,0.801207455617838,0.40143588714287537,multiclass,custom,tox
TDSPVYMEQCGFRNKWALHI,0.7517897820144294,0.4238488913067746,multiclass,resnet,tox
CVATDHSPGKYWNQMEIRFL,0.7962110493819051,0.45591103846316594,multiclass,custom,tox
CVATDHSPGKYWNQMEIRFL,0.7515464206695681,0.4055088325321501,multiclass,resnet,tox
GMIAHPTCYEQKNDFLVWSR,0.7973864419239013,0.4355611796814932,multiclass,custom,tox
GMIAHPTCYEQKNDFLVWSR,0.7238222721071331,0.34867480123330175,multiclass,resnet,tox
QWRCNGDAEHVPLYMSKIFT,0.793402484245174,0.43360461158305796,multiclass,custom,tox
QWRCNGDAEHVPLYMSKIFT,0.7556101417910426,0.42874884379448047,multiclass,resnet,tox
HVQLMYRWFTADICKNESPG,0.796628611521621,0.4172649656599237,multiclass,custom,tox
HVQLMYRWFTADICKNESPG,0.7496504603379945,0.4370414623492026,multiclass,resnet,tox
RGQILDNKPYAVECMFWHST,0.7951257258637818,0.4308675341712129,multiclass,custom,tox
RGQILDNKPYAVECMFWHST,0.7426212251591323,0.3988656808799583,multiclass,resnet,tox
PNMHLGSDVWKCYEARQFTI,0.7996277133454444,0.41943800940880865,multiclass,custom,tox
PNMHLGSDVWKCYEARQFTI,0.7244601979988208,0.3279476466086898,multiclass,resnet,tox
DKQIHYRCMNSTLFAVWPEG,0.7996754593947726,0.44560825647782176,multiclass,custom,tox
DKQIHYRCMNSTLFAVWPEG,0.7331168003082972,0.34338424662522443,multiclass,resnet,tox
INTGQSHVPFWRMYKALDCE,0.7948917760992817,0.4223177813784534,multiclass,custom,tox
INTGQSHVPFWRMYKALDCE,0.7253513401579219,0.3968702065184838,multiclass,resnet,tox
PAWHSCNGTLMDYQRVKFEI,0.7889244653459303,0.4382856625500879,multiclass,custom,tox
PAWHSCNGTLMDYQRVKFEI,0.7409303158332387,0.4122230656731964,multiclass,resnet,tox
AQEGMRCYTNFISVLKDPWH,0.7937548189393379,0.4068678341171842,multiclass,custom,tox
AQEGMRCYTNFISVLKDPWH,0.7351277753474058,0.38810574027338623,multiclass,resnet,tox
GAQKTRSIYCFEMHVWPNDL,0.7898624937876966,0.4405100467339812,multiclass,custom,tox
GAQKTRSIYCFEMHVWPNDL,0.7351825401334425,0.389269068010155,multiclass,resnet,tox
HLECNSGPVFIAMWTRKDYQ,0.7943759174081675,0.4198631564341609,multiclass,custom,tox
HLECNSGPVFIAMWTRKDYQ,0.7299288800306368,0.4036528915156997,multiclass,resnet,tox
SIAHDMLNRFKVGPQYETWC,0.7952134379793265,0.4231238159158816,multiclass,custom,tox
SIAHDMLNRFKVGPQYETWC,0.756986287930773,0.41278712325582856,multiclass,resnet,tox
AKGDWTHFIYMSERCVQNPL,0.79175272414621,0.4157000337201402,multiclass,custom,tox
AKGDWTHFIYMSERCVQNPL,0.7436899026462563,0.39173862317434527,multiclass,resnet,tox
QSPECYGRALIWDTNKHMFV,0.7927447573097641,0.41698650635844403,multiclass,custom,tox
QSPECYGRALIWDTNKHMFV,0.7541254294568962,0.4283347514959853,multiclass,resnet,tox
MHWFGARYITQLKCDEVSNP,0.79905261983794,0.43449841130141464,multiclass,custom,tox
MHWFGARYITQLKCDEVSNP,0.7191626054920904,0.36333159470506454,multiclass,resnet,tox
IHNEQGRCYFDTKLPAVMSW,0.7893099559640845,0.4252004723205731,multiclass,custom,tox
IHNEQGRCYFDTKLPAVMSW,0.7273430656242145,0.40971614331058204,multiclass,resnet,tox
FEHVQIPGTSDLWCRKYMAN,0.7930461707885795,0.4163801620045019,multiclass,custom,tox
FEHVQIPGTSDLWCRKYMAN,0.7274017208356428,0.4014146241660706,multiclass,resnet,tox
SKLAGWFMQVHERNYPDCTI,0.7912944188132719,0.4030116453216891,multiclass,custom,tox
SKLAGWFMQVHERNYPDCTI,0.6984513238507725,0.33290022279305054,multiclass,resnet,tox
GWNEVQLSIDATKYFPRMCH,0.7969535962344232,0.4234895119311237,multiclass,custom,tox
GWNEVQLSIDATKYFPRMCH,0.7286186940016371,0.336966217556671,multiclass,resnet,tox
GKISLDYVWPTEQRHNCFAM,0.798460801850913,0.43418473287043813,multiclass,custom,tox
GKISLDYVWPTEQRHNCFAM,0.7550286871834458,0.4034106182419931,multiclass,resnet,tox
LKNYAWVPTIDERGQCHFSM,0.7944964478035835,0.4248697000180421,multiclass,custom,tox
LKNYAWVPTIDERGQCHFSM,0.7099258661027685,0.3797491696375441,multiclass,resnet,tox
AENPVFCHQSIWKTGRYDML,0.7913710986951215,0.43009245301734456,multiclass,custom,tox
AENPVFCHQSIWKTGRYDML,0.7524389498426703,0.4310983497523574,multiclass,resnet,tox
YLFMSEQGVICAHDKRNWTP,0.7957658698433907,0.42868061889469933,multiclass,custom,tox
YLFMSEQGVICAHDKRNWTP,0.7109711516538528,0.35278868606894603,multiclass,resnet,tox
YKWQSFACMNPIERGHTDVL,0.7951565777390945,0.4486492261112904,multiclass,custom,tox
YKWQSFACMNPIERGHTDVL,0.7220199211279061,0.32008961404221636,multiclass,resnet,tox
GVYQFWDALMSEIKNRPTHC,0.7930654842009951,0.41237509159496816,multiclass,custom,tox
GVYQFWDALMSEIKNRPTHC,0.7232642451410284,0.38933394785861253,multiclass,resnet,tox
EVCTGWDLYQFIRKHMNSPA,0.7936421704836707,0.4241325740659342,multiclass,custom,tox
EVCTGWDLYQFIRKHMNSPA,0.7539424544045719,0.41516696412548215,multiclass,resnet,tox
KYNGDHIFESLQPWTCARVM,0.7978229812201316,0.4412973545714041,multiclass,custom,tox
KYNGDHIFESLQPWTCARVM,0.716546263995009,0.36871690607602037,multiclass,resnet,tox
KPQHLCSGNTAERDYVMIWF,0.8049040383866608,0.4513935917368192,multiclass,custom,tox
KPQHLCSGNTAERDYVMIWF,0.7316772904634277,0.40183702029169643,multiclass,resnet,tox
SFKDEMPYCNHVTILGWRAQ,0.7989437487576813,0.43351294720148237,multiclass,custom,tox
SFKDEMPYCNHVTILGWRAQ,0.6855238086040424,0.3231045514470482,multiclass,resnet,tox
ILQYNMPVWTSCHEDRKAFG,0.8035317472543972,0.4201631274802007,multiclass,custom,tox
ILQYNMPVWTSCHEDRKAFG,0.7465508041122403,0.3781640613736773,multiclass,resnet,tox
NTWKVIPHAFLQCSYGEMDR,0.7995312954308769,0.42008413509759135,multiclass,custom,tox
NTWKVIPHAFLQCSYGEMDR,0.7283096326614862,0.3588441992419655,multiclass,resnet,tox
IRQFYTLWCGDVKMENASHP,0.792743930484695,0.4420926668569739,multiclass,custom,tox
IRQFYTLWCGDVKMENASHP,0.7001927228110085,0.34803086593047916,multiclass,resnet,tox
MWASERKLNPYQFCVGTHID,0.7901189749303453,0.4275358706676399,multiclass,custom,tox
MWASERKLNPYQFCVGTHID,0.7232346330298898,0.36729123753424486,multiclass,resnet,tox
RKDNYQVASGWELCMFIHTP,0.8003216303898093,0.4324378705961484,multiclass,custom,tox
RKDNYQVASGWELCMFIHTP,0.7530532097888004,0.39348050041969074,multiclass,resnet,tox
HCSGLPWTFEADRNKVMIQY,0.7927832228100326,0.4224725241237109,multiclass,custom,tox
HCSGLPWTFEADRNKVMIQY,0.746023721608986,0.39456932392687627,multiclass,resnet,tox
NTDWMYICSFLRKAGVQPEH,0.7983725797665163,0.44126048516821503,multiclass,custom,tox
NTDWMYICSFLRKAGVQPEH,0.7080065679125573,0.36698926343363664,multiclass,resnet,tox
GRYPVQHFLDMKAIEWNSCT,0.7843880099533191,0.40996853884163864,multiclass,custom,tox
GRYPVQHFLDMKAIEWNSCT,0.741519525262338,0.42100121063231033,multiclass,resnet,tox
SPKDCEMNGAWTYHRQLFVI,0.8018475540083385,0.43002799282816656,multiclass,custom,tox
SPKDCEMNGAWTYHRQLFVI,0.7490010826013911,0.41093389344690506,multiclass,resnet,tox
LSCKMVPFQDHNGYTWRIAE,0.8011593335150081,0.43982217807050733,multiclass,custom,tox
LSCKMVPFQDHNGYTWRIAE,0.7478850582217155,0.4135098862208394,multiclass,resnet,tox
NDYWSLTARKQFVEMHCIGP,0.7978265663731673,0.4329536173452714,multiclass,custom,tox
NDYWSLTARKQFVEMHCIGP,0.7173973455522131,0.3423132022496166,multiclass,resnet,tox
ESQNLGYPWDMKATIVFHRC,0.7897239301082601,0.42817430955350977,multiclass,custom,tox
ESQNLGYPWDMKATIVFHRC,0.7627954273703471,0.4342999508095643,multiclass,resnet,tox
NYRALKCFETHQDIPMGVWS,0.790154901723874,0.41125655021944346,multiclass,custom,tox
NYRALKCFETHQDIPMGVWS,0.7420187361559036,0.3896057800827699,multiclass,resnet,tox
CTDLNIEQFYSAMRKWPVHG,0.7961827653143143,0.42136424692143537,multiclass,custom,tox
CTDLNIEQFYSAMRKWPVHG,0.735771588049632,0.4044405060413446,multiclass,resnet,tox
LGSPCNARTVYEKMIWHDFQ,0.791639188760233,0.41670099875124267,multiclass,custom,tox
LGSPCNARTVYEKMIWHDFQ,0.7475266741758455,0.437356336144887,multiclass,resnet,tox
FCVSELNTHIYARPWMQKDG,0.7859313493552036,0.41513119459143805,multiclass,custom,tox
FCVSELNTHIYARPWMQKDG,0.7384059757794,0.4194846275391394,multiclass,resnet,tox
QCEIGHPVMWFRLYSKTNAD,0.7996596528158854,0.40793592963365566,multiclass,custom,tox
QCEIGHPVMWFRLYSKTNAD,0.7570900326740416,0.4318579466155226,multiclass,resnet,tox
KGLTWCFRMPHQANSEYVID,0.7993860960656626,0.45629125602529863,multiclass,custom,tox
KGLTWCFRMPHQANSEYVID,0.6936104956062857,0.3431954495059501,multiclass,resnet,tox
NWLFACVDETQKRHYPISGM,0.7938046688445555,0.41158933477070586,multiclass,custom,tox
NWLFACVDETQKRHYPISGM,0.7028380979701851,0.3784240939816582,multiclass,resnet,tox
PQVDSGKTHLNYWRACEMFI,0.7900847004013256,0.42622244826998124,multiclass,custom,tox
PQVDSGKTHLNYWRACEMFI,0.7317911399217871,0.39150093424088894,multiclass,resnet,tox
EKPVDMISTNGAWYHQFCLR,0.8017348153807197,0.45541147967796797,multiclass,custom,tox
EKPVDMISTNGAWYHQFCLR,0.7214761031243278,0.3898942652672205,multiclass,resnet,tox
YGFEKQNHMLWRCPDIATVS,0.7867173000873537,0.4177404762310649,multiclass,custom,tox
YGFEKQNHMLWRCPDIATVS,0.7322062251530013,0.38023265572486586,multiclass,resnet,tox
PYTSEQRWGKHFLNVMIACD,0.7882175306339144,0.4285309705276316,multiclass,custom,tox
PYTSEQRWGKHFLNVMIACD,0.7502628146818925,0.39594134320428137,multiclass,resnet,tox
IEKGMRSYDACVNHPQTFWL,0.7949201095925555,0.4295743946078387,multiclass,custom,tox
IEKGMRSYDACVNHPQTFWL,0.7120870098863087,0.34074111499045345,multiclass,resnet,tox
GPQLDTWRNCMAIFHSKVYE,0.7940347453721495,0.41910540571201677,multiclass,custom,tox
GPQLDTWRNCMAIFHSKVYE,0.6948367926882175,0.3698565703104141,multiclass,resnet,tox
TEILKSNFCYVGAPHWQDRM,0.7887348834677742,0.43388516173039743,multiclass,custom,tox
TEILKSNFCYVGAPHWQDRM,0.7310817079417848,0.3210771486779126,multiclass,resnet,tox
GHCFDMKQNWPETYILSRAV,0.7951866000034371,0.4225377642702968,multiclass,custom,tox
GHCFDMKQNWPETYILSRAV,0.7528782462114261,0.4176534246450626,multiclass,resnet,tox
QYFPMVDKCESRGITLHAWN,0.8000688081452673,0.45035675183061546,multiclass,custom,tox
QYFPMVDKCESRGITLHAWN,0.7120649973752097,0.3785797599333491,multiclass,resnet,tox
LFGTPEYMIQKRDSHVANWC,0.7844124819955349,0.4081883777744168,multiclass,custom,tox
LFGTPEYMIQKRDSHVANWC,0.723648336828161,0.4048856987172805,multiclass,resnet,tox
KEQFDNSLCHRWAPGMYTIV,0.7887598486662656,0.41836277714666814,multiclass,custom,tox
KEQFDNSLCHRWAPGMYTIV,0.7716965647934975,0.3974822986844973,multiclass,resnet,tox
LPVYHSDKCAGINMWRQETF,0.7931637441475843,0.4304661013962117,multiclass,custom,tox
LPVYHSDKCAGINMWRQETF,0.7299315245534675,0.35156375088554037,multiclass,resnet,tox
ITHVQLPSDNFAYRGEMWCK,0.7871220152611235,0.413664180101478,multiclass,custom,tox
ITHVQLPSDNFAYRGEMWCK,0.7308841654327176,0.38848162422798344,multiclass,resnet,tox
RYDFIWHQNTKMCVALGPSE,0.7897277389316718,0.41556734224288194,multiclass,custom,tox
RYDFIWHQNTKMCVALGPSE,0.725637962883526,0.4198173801874193,multiclass,resnet,tox
QWFMPTKGLDRYSEIANVCH,0.7871603694157356,0.41480312320502477,multiclass,custom,tox
QWFMPTKGLDRYSEIANVCH,0.6968210943503328,0.3630908770834834,multiclass,resnet,tox
FWQMAKGSIEPTYRVLCHND,0.7971741832666536,0.44715776065442625,multiclass,custom,tox
FWQMAKGSIEPTYRVLCHND,0.7591785875542726,0.42042692813255345,multiclass,resnet,tox
GCNDYIFMARWHQKTLESVP,0.7971404621718079,0.4098027715058442,multiclass,custom,tox
GCNDYIFMARWHQKTLESVP,0.7047785171443577,0.3701302103286402,multiclass,resnet,tox
WYPKQEIDFTRNSGAMVHCL,0.796653171064104,0.43245094576828624,multiclass,custom,tox
WYPKQEIDFTRNSGAMVHCL,0.750504218422521,0.4342746126052604,multiclass,resnet,tox
NLWQHASRECYGMPDIKFVT,0.8030174465263448,0.42068489454546265,multiclass,custom,tox
NLWQHASRECYGMPDIKFVT,0.7623234844277456,0.43161720275000165,multiclass,resnet,tox
ISLFPMCDGYQEWKHNRTVA,0.8009218749462782,0.43836711227806824,multiclass,custom,tox
ISLFPMCDGYQEWKHNRTVA,0.7311176351331607,0.39002865881893556,multiclass,resnet,tox
HKGSFQTLWEAIVPYRCMDN,0.7940859077418065,0.43865606617923036,multiclass,custom,tox
HKGSFQTLWEAIVPYRCMDN,0.7546527905058161,0.3845240425480924,multiclass,resnet,tox
WEAHQNDVYICPTGFMKLRS,0.7935757515065567,0.42114179619300696,multiclass,custom,tox
WEAHQNDVYICPTGFMKLRS,0.6963947246108417,0.32833853044251626,multiclass,resnet,tox
PMSWNHKLTQECVFRIAGDY,0.80153086641249,0.45335628179555654,multiclass,custom,tox
PMSWNHKLTQECVFRIAGDY,0.7211760895561434,0.34820027176462826,multiclass,resnet,tox
GTQWHASDCIPYKMLFNRVE,0.7989387539478522,0.42343980640456974,multiclass,custom,tox
GTQWHASDCIPYKMLFNRVE,0.7149355003380217,0.3951156795236046,multiclass,resnet,tox
PLATKFVIDWHNCYMGERSQ,0.793152234294006,0.41491430727123835,multiclass,custom,tox
PLATKFVIDWHNCYMGERSQ,0.7353449260002267,0.3752498096453146,multiclass,resnet,tox
EFDAGHLPSIMCNVQRKYWT,0.7989094614818766,0.415399526062859,multiclass,custom,tox
EFDAGHLPSIMCNVQRKYWT,0.7217320930196447,0.3515528217924027,multiclass,resnet,tox
SNEQIVRMDPGTLFHCYKWA,0.7908976571534565,0.41149357079894366,multiclass,custom,tox
SNEQIVRMDPGTLFHCYKWA,0.7461551076511441,0.4169245261267073,multiclass,resnet,tox
MYPFHGDQSARTVEKLWINC,0.8016935716477678,0.4579035977004782,multiclass,custom,tox
MYPFHGDQSARTVEKLWINC,0.7442365835636326,0.39506834347619535,multiclass,resnet,tox
ERNIQLKYMVTHWADSCGFP,0.7976368643119826,0.4552871321087471,multiclass,custom,tox
ERNIQLKYMVTHWADSCGFP,0.7208136368662318,0.3964749557110291,multiclass,resnet,tox
NQLMWRSPVDFIGEHKATYC,0.7982945098905304,0.43786799286133793,multiclass,custom,tox
NQLMWRSPVDFIGEHKATYC,0.7143403375377338,0.2948711340498282,multiclass,resnet,tox
APFLTMSHEGRWKDYNVIQC,0.7899681445579099,0.4217661650074772,multiclass,custom,tox
APFLTMSHEGRWKDYNVIQC,0.743310389710903,0.39079209160035466,multiclass,resnet,tox
DQSLIFNMCAWRPGKEYVHT,0.7997113814967017,0.42359787752989375,multiclass,custom,tox
DQSLIFNMCAWRPGKEYVHT,0.7438395513108108,0.4115838055183031,multiclass,resnet,tox
HSIWRCFEAMTDLGKQNPYV,0.7901402297225102,0.43078193037659024,multiclass,custom,tox
HSIWRCFEAMTDLGKQNPYV,0.7025872677138525,0.38074863717062707,multiclass,resnet,tox
PENCMYKVAGIHQLFDRTSW,0.7956556048642704,0.4481016939430611,multiclass,custom,tox
PENCMYKVAGIHQLFDRTSW,0.7378044167124052,0.425113063502469,multiclass,resnet,tox
YQDSVHNIALGPCKFEMTWR,0.7983031453630153,0.41380607197331665,multiclass,custom,tox
YQDSVHNIALGPCKFEMTWR,0.7337575837317759,0.4320476591144164,multiclass,resnet,tox
ESDFKTGWVHMNCRYPLQIA,0.7925439865807326,0.424100685671018,multiclass,custom,tox
ESDFKTGWVHMNCRYPLQIA,0.7306924644564412,0.3979674734987764,multiclass,resnet,tox
RLPSFKYIDQWVHECTGNAM,0.7998828812702647,0.43102062619121373,multiclass,custom,tox
RLPSFKYIDQWVHECTGNAM,0.7432595201296238,0.3758654337488601,multiclass,resnet,tox
ALNVKQDCTMESWHFPIYRG,0.7868146026584115,0.4183596124031303,multiclass,custom,tox
ALNVKQDCTMESWHFPIYRG,0.7148171746770733,0.39535614322319496,multiclass,resnet,tox
CTMDVEFPQNAIWKYGLSRH,0.7926125518245075,0.4124965659483205,multiclass,custom,tox
CTMDVEFPQNAIWKYGLSRH,0.7263813765566239,0.357223778319596,multiclass,resnet,tox
LGENKSQHYIFCAWDVMTRP,0.7907094148452032,0.44355283240713017,multiclass,custom,tox
LGENKSQHYIFCAWDVMTRP,0.7082494789329716,0.345535695846271,multiclass,resnet,tox
QIRNMTHKLDAPWVEGFYCS,0.7990322267682078,0.43525501412366835,multiclass,custom,tox
QIRNMTHKLDAPWVEGFYCS,0.7416632745605409,0.4285349234478309,multiclass,resnet,tox
KMVATSYDCFILHRWPGQEN,0.80785157431218,0.4219055844436982,multiclass,custom,tox
KMVATSYDCFILHRWPGQEN,0.7545699131808187,0.3877770649559647,multiclass,resnet,tox
LAFRTDVYCNPHSIMWKGEQ,0.7844041243640903,0.37584632471088714,multiclass,custom,tox
LAFRTDVYCNPHSIMWKGEQ,0.7151237415380133,0.39732914009827247,multiclass,resnet,tox
CLFEHKGPTRDYNWIQSMVA,0.7882514704964982,0.38507365996333615,multiclass,custom,tox
CLFEHKGPTRDYNWIQSMVA,0.7614399664185332,0.46874236874236885,multiclass,resnet,tox
YFPTMQCWDALVHIRGKNES,0.7900472626745997,0.43795379423945696,multiclass,custom,tox
YFPTMQCWDALVHIRGKNES,0.7244171100501297,0.3560582475381792,multiclass,resnet,tox
INGHSCWFPLDRKAQYMTEV,0.7970034909947582,0.4197088008612634,multiclass,custom,tox
INGHSCWFPLDRKAQYMTEV,0.6970133050455671,0.2635994083094892,multiclass,resnet,tox
APLDKHQIREVGCTYMSWNF,0.7927366402146088,0.44410635469834475,multiclass,custom,tox
APLDKHQIREVGCTYMSWNF,0.7250904849302896,0.3457724406663688,multiclass,resnet,tox
IANWVKERSYHQDMCGFPTL,0.7932804471829702,0.4193907098977003,multiclass,custom,tox
IANWVKERSYHQDMCGFPTL,0.7212165062985878,0.34209916432293785,multiclass,resnet,tox
IHVCGWSQNAMREDFYPTKL,0.796775405792,0.4446243758281918,multiclass,custom,tox
IHVCGWSQNAMREDFYPTKL,0.7378553699454555,0.3676772495844923,multiclass,resnet,tox
CISLPWYDRGAQFMVETHKN,0.791684770355668,0.4412658057751292,multiclass,custom,tox
CISLPWYDRGAQFMVETHKN,0.7353755126003744,0.38228905864492624,multiclass,resnet,tox
AFNQSTMYCEWHRDGLVIKP,0.7931543954677835,0.42506215393702823,multiclass,custom,tox
AFNQSTMYCEWHRDGLVIKP,0.7155338746658655,0.3294308578186896,multiclass,resnet,tox
HTWLEINVARSDGPCKFYQM,0.7978991141060725,0.4124863550536316,multiclass,custom,tox
HTWLEINVARSDGPCKFYQM,0.7483661472837485,0.43404123979516224,multiclass,resnet,tox
WDYIKNMAQVFESRCTPLHG,0.7941878522331897,0.44820610603549305,multiclass,custom,tox
WDYIKNMAQVFESRCTPLHG,0.7320863384763541,0.37906966999487196,multiclass,resnet,tox
VICWFTAYNLPRMGDEKQSH,0.7903771111346956,0.4330684850386869,multiclass,custom,tox
VICWFTAYNLPRMGDEKQSH,0.6992906153636089,0.33699419224893806,multiclass,resnet,tox
THFPARWLDNSIVMYCEKGQ,0.7987468881373083,0.41104210321840784,multiclass,custom,tox
THFPARWLDNSIVMYCEKGQ,0.7349726813499698,0.4177326704874984,multiclass,resnet,tox
YRMSVKGHAPFTIEWNQLCD,0.7915974741255152,0.40746982355532946,multiclass,custom,tox
YRMSVKGHAPFTIEWNQLCD,0.7225996400905463,0.4104581184419532,multiclass,resnet,tox
FDHQVNYIWMAKTSCLGRPE,0.7905372471221072,0.4276860258038039,multiclass,custom,tox
FDHQVNYIWMAKTSCLGRPE,0.759052071657486,0.4366998842442375,multiclass,resnet,tox
NFWDHQSVGPTEIYCKALMR,0.8008971662582928,0.4509315980507549,multiclass,custom,tox
NFWDHQSVGPTEIYCKALMR,0.7374104479379462,0.39948573669904663,multiclass,resnet,tox
TIRAQESDNMVFPWKHYCLG,0.7862332675678646,0.42431300240456293,multiclass,custom,tox
TIRAQESDNMVFPWKHYCLG,0.7509351026769965,0.4131824261536554,multiclass,resnet,tox
FALQKEVMCGRSHIPYWNTD,0.793114598560825,0.4331236404388707,multiclass,custom,tox
FALQKEVMCGRSHIPYWNTD,0.7214156291655305,0.40727878846947585,multiclass,resnet,tox
APTFHEWCVDKLIMRNSYGQ,0.7944399402074865,0.42239763231324867,multiclass,custom,tox
APTFHEWCVDKLIMRNSYGQ,0.7613072001364256,0.41177489631117875,multiclass,resnet,tox
QITRLYKGCPVDHMNFSAEW,0.7985154542900272,0.4520456192095367,multiclass,custom,tox
QITRLYKGCPVDHMNFSAEW,0.7173719929690784,0.3283084900825448,multiclass,resnet,tox
VMNDKQFPTIAWLRECHSGY,0.7952157376338194,0.43808844794451723,multiclass,custom,tox
VMNDKQFPTIAWLRECHSGY,0.7354500906992681,0.3297215285523832,multiclass,resnet,tox
AIEQWTSVFNMGHKDPLCYR,0.7846497218717609,0.44197732028674014,multiclass,custom,tox
AIEQWTSVFNMGHKDPLCYR,0.7452022705859038,0.4022292013388591,multiclass,resnet,tox
KWHFDCNRPEYLMIGTQSAV,0.8047137350939014,0.4293006553927574,multiclass,custom,tox
KWHFDCNRPEYLMIGTQSAV,0.7255499107184422,0.41774676051864523,multiclass,resnet,tox
LMWKPQHTNEFGSVACYIDR,0.7898230555525945,0.3966731186664741,multiclass,custom,tox
LMWKPQHTNEFGSVACYIDR,0.7379592182921868,0.4462014794359977,multiclass,resnet,tox
NDPGYITWQKHRLVCMSFAE,0.798055440271933,0.4160335570876823,multiclass,custom,tox
NDPGYITWQKHRLVCMSFAE,0.7382687110911879,0.4071324663662084,multiclass,resnet,tox
AQMNHVFYTWCKGPLDIRSE,0.7995261127582743,0.4148037283774159,multiclass,custom,tox
AQMNHVFYTWCKGPLDIRSE,0.7333137788908076,0.36980841070245407,multiclass,resnet,tox
SHYCFNLKETVWQADPIMRG,0.7933435311256163,0.4306844163480054,multiclass,custom,tox
SHYCFNLKETVWQADPIMRG,0.7409561229654069,0.37703643513443413,multiclass,resnet,tox
IALSNPFGDWEKQHVYMTCR,0.7913122588800363,0.42529719616708733,multiclass,custom,tox
IALSNPFGDWEKQHVYMTCR,0.7511626701875137,0.3994488125179593,multiclass,resnet,tox
HPQTAEWGISYFRVLKDNCM,0.7893612482477498,0.4524854861430973,multiclass,custom,tox
HPQTAEWGISYFRVLKDNCM,0.7392291781768793,0.3993692528878444,multiclass,resnet,tox
SMAPIGVQDWLNFTREHKCY,0.792764755727094,0.45305444505483405,multiclass,custom,tox
SMAPIGVQDWLNFTREHKCY,0.7125927271259508,0.37214649947255085,multiclass,resnet,tox
SLCNEYTQWRMKHPAIDFGV,0.7906584968270794,0.41962510397809216,multiclass,custom,tox
SLCNEYTQWRMKHPAIDFGV,0.7256729342342263,0.36742052795041485,multiclass,resnet,tox
LSPFNRTVKHIWAMYDEQCG,0.7925579854551232,0.4149311529009806,multiclass,custom,tox
LSPFNRTVKHIWAMYDEQCG,0.7348276432043321,0.3738483771463398,multiclass,resnet,tox
TGRCPQMYDWIALVSKEFHN,0.7973684939463783,0.41202082326361555,multiclass,custom,tox
TGRCPQMYDWIALVSKEFHN,0.7327481926718632,0.3968229455952358,multiclass,resnet,tox
FQGYMLTHEWKRISADCNVP,0.7931662641605126,0.38696398132011106,multiclass,custom,tox
FQGYMLTHEWKRISADCNVP,0.6801324101905619,0.294705553425901,multiclass,resnet,tox
ANHRQMVDYPFWIKGLCETS,0.7961145474459455,0.4393132285280452,multiclass,custom,tox
ANHRQMVDYPFWIKGLCETS,0.7315087348741107,0.41939970333192056,multiclass,resnet,tox
ACWIPMLEYNSFRKDQHTGV,0.7972926646639064,0.4392124614913766,multiclass,custom,tox
ACWIPMLEYNSFRKDQHTGV,0.7460555008382473,0.40074307578055535,multiclass,resnet,tox
HDIWGVEFANYSKLQPCTRM,0.8035089490426511,0.44947306606725157,multiclass,custom,tox
HDIWGVEFANYSKLQPCTRM,0.7228533075038224,0.3605717621698636,multiclass,resnet,tox
YGHKWRTEDLNMFQSAVICP,0.7972323989175106,0.41935202205630534,multiclass,custom,tox
YGHKWRTEDLNMFQSAVICP,0.7657119281261617,0.4234304789636051,multiclass,resnet,tox
MQILHFCDVNKYREGPSTWA,0.7974945513231434,0.43430862257059166,multiclass,custom,tox
MQILHFCDVNKYREGPSTWA,0.7340681800923576,0.3365454424118593,multiclass,resnet,tox
CVQRPFHLDTNIGMKAEWYS,0.7955337135352158,0.42995746806736246,multiclass,custom,tox
CVQRPFHLDTNIGMKAEWYS,0.7445902566088748,0.3870036378325451,multiclass,resnet,tox
WEFCNPLDVAQGKMHRYIST,0.7827450567983691,0.42229468800760034,multiclass,custom,tox
WEFCNPLDVAQGKMHRYIST,0.734360566486688,0.38802238613817547,multiclass,resnet,tox
VWSMIPNFLTHYAKCDGQRE,0.790751252160242,0.41707556840541543,multiclass,custom,tox
VWSMIPNFLTHYAKCDGQRE,0.721991575066897,0.39287543579006223,multiclass,resnet,tox
NQWMYVTHSELADCGKRIFP,0.7982359274463169,0.4101836911455237,multiclass,custom,tox
NQWMYVTHSELADCGKRIFP,0.7472967000087294,0.399403372400592,multiclass,resnet,tox
KDTRAEHNGFVLPSYWIMCQ,0.7969861339484753,0.44857677754238356,multiclass,custom,tox
KDTRAEHNGFVLPSYWIMCQ,0.7578481711371169,0.41905323181975784,multiclass,resnet,tox
YDKILPFCNMWHTSARQEGV,0.7981557891012593,0.4156019437499161,multiclass,custom,tox
YDKILPFCNMWHTSARQEGV,0.7061478316071692,0.3012334941506,multiclass,resnet,tox
ITSVACKWGPDYFQEHLMRN,0.8008746317211276,0.44960751092181706,multiclass,custom,tox
ITSVACKWGPDYFQEHLMRN,0.7662606951629625,0.40016132936647375,multiclass,resnet,tox
HNMPCVTKAEGDLYSFWQRI,0.7962662315175526,0.4205816664468798,multiclass,custom,tox
HNMPCVTKAEGDLYSFWQRI,0.68771426323001,0.32076892773123367,multiclass,resnet,tox
WIVGSMCRYKEFLTQHNADP,0.8011473445353605,0.45093091581088124,multiclass,custom,tox
WIVGSMCRYKEFLTQHNADP,0.7294161528339714,0.3850672712741141,multiclass,resnet,tox
LHVFRKAPDCITEGYWNMSQ,0.7973329710788541,0.4285120824860188,multiclass,custom,tox
LHVFRKAPDCITEGYWNMSQ,0.74584982794356,0.3883672358568647,multiclass,resnet,tox
YSDGELQMWPVTRNKIFHAC,0.7938548886043264,0.4269034870075898,multiclass,custom,tox
YSDGELQMWPVTRNKIFHAC,0.7085352355900293,0.3270291836579325,multiclass,resnet,tox
NRGFKSHVDILQEWMTAPCY,0.7946578118852128,0.42174868622323836,multiclass,custom,tox
NRGFKSHVDILQEWMTAPCY,0.7372283928333656,0.41690207603340534,multiclass,resnet,tox
TLAMSGQFECVWKHDPRIYN,0.7884140208302122,0.4064042236183668,multiclass,custom,tox
TLAMSGQFECVWKHDPRIYN,0.7165492674937741,0.3553562849221413,multiclass,resnet,tox
VRSNHTWYEMFKPIADQLGC,0.7998774126363168,0.4273203241558828,multiclass,custom,tox
VRSNHTWYEMFKPIADQLGC,0.7168189713448119,0.3468374815901815,multiclass,resnet,tox
ANEHCPLFKIVWQDMTGYSR,0.7916921063574154,0.4423565558794976,multiclass,custom,tox
ANEHCPLFKIVWQDMTGYSR,0.7026369317016805,0.29795921925863433,multiclass,resnet,tox
IKTAMNGPLQSVYWHEDFCR,0.7916269781402869,0.4167604267428658,multiclass,custom,tox
IKTAMNGPLQSVYWHEDFCR,0.7464600645324608,0.41650312889038377,multiclass,resnet,tox
GTCWLNDVSQMREIHPFAKY,0.7923725834091392,0.41034142493229125,multiclass,custom,tox
GTCWLNDVSQMREIHPFAKY,0.7113362464325922,0.36233540464904535,multiclass,resnet,tox
RNVGFWCYTAMSQDLIHEPK,0.7954916896968177,0.402354803723915,multiclass,custom,tox
RNVGFWCYTAMSQDLIHEPK,0.7552255141200622,0.38525657547637343,multiclass,resnet,tox
LAQHFISCGMNKTRWEPVYD,0.7954304783217739,0.39936872413339525,multiclass,custom,tox
LAQHFISCGMNKTRWEPVYD,0.7070452748835383,0.3413014992317971,multiclass,resnet,tox
KRPIVTSELYFWGNMCQHDA,0.8067462717992117,0.41883094193748543,multiclass,custom,tox
KRPIVTSELYFWGNMCQHDA,0.7313442801408929,0.372661128759872,multiclass,resnet,tox
FDCAYESNTHKGPRWMQLVI,0.796637270376609,0.4369627881515082,multiclass,custom,tox
FDCAYESNTHKGPRWMQLVI,0.7705291010197985,0.4539201463253237,multiclass,resnet,tox
FCMYWIVSQLPKTGDEHRAN,0.7972783209997851,0.41627669620995533,multiclass,custom,tox
FCMYWIVSQLPKTGDEHRAN,0.7483305050497162,0.40021237763398043,multiclass,resnet,tox
PYQRIFACGVSHNLTKEDWM,0.7883278992735345,0.4150662300728941,multiclass,custom,tox
PYQRIFACGVSHNLTKEDWM,0.7480686492870939,0.4295701786405962,multiclass,resnet,tox
RTGKDSEYWFIMAVQNLCPH,0.7910424078994482,0.4396459753043276,multiclass,custom,tox
RTGKDSEYWFIMAVQNLCPH,0.7398017130576815,0.42339291282168123,multiclass,resnet,tox
QCSLWFGRVPDNYMKAETHI,0.7965365139874535,0.4485108091579636,multiclass,custom,tox
QCSLWFGRVPDNYMKAETHI,0.7243664948273507,0.3337124090604794,multiclass,resnet,tox
ENGQRDLSFMATHCVYIPWK,0.7902452271101532,0.4297317009048419,multiclass,custom,tox
ENGQRDLSFMATHCVYIPWK,0.7203269215603082,0.38773449659861847,multiclass,resnet,tox
KQLYIRGFAWNTCMDPHESV,0.7856011206533621,0.4316256931124163,multiclass,custom,tox
KQLYIRGFAWNTCMDPHESV,0.742832801509819,0.4158197541524503,multiclass,resnet,tox
PQEVDKANLRCGFSIWTHYM,0.7963653416955017,0.424211329959798,multiclass,custom,tox
PQEVDKANLRCGFSIWTHYM,0.7542288629632179,0.4308603688320063,multiclass,resnet,tox
SLIHQMPCNVDAETKYWFGR,0.8041197801305928,0.47377545035302643,multiclass,custom,tox
SLIHQMPCNVDAETKYWFGR,0.7433022036041866,0.4117065542803138,multiclass,resnet,tox
SMTCWDRYQFVIHKGNEAPL,0.7942448391592226,0.43064757802960657,multiclass,custom,tox
SMTCWDRYQFVIHKGNEAPL,0.730832257908973,0.38952075094827804,multiclass,resnet,tox
FISGWDKQPNTYCHVMAERL,0.7868426226260404,0.43204138645780016,multiclass,custom,tox
FISGWDKQPNTYCHVMAERL,0.7416853940404919,0.3979834444771112,multiclass,resnet,tox
STMYVWGIKACENFRLHQDP,0.7973575712719059,0.4144273393771799,multiclass,custom,tox
STMYVWGIKACENFRLHQDP,0.7192980375556396,0.38908128594013774,multiclass,resnet,tox
MRPQITNGKHCLVWYADEFS,0.7917156811893307,0.42644916026383906,multiclass,custom,tox
MRPQITNGKHCLVWYADEFS,0.7482947060798985,0.4544865666809238,multiclass,resnet,tox
GCSLQHPMTFWDRYKVAINE,0.7922802768995221,0.43217730734195037,multiclass,custom,tox
GCSLQHPMTFWDRYKVAINE,0.7413762757765603,0.3908735595044997,multiclass,resnet,tox
EFWMPINRYQKHCSVGTDAL,0.7958553783494657,0.43627968186539395,multiclass,custom,tox
EFWMPINRYQKHCSVGTDAL,0.7275130005008208,0.3783408224172119,multiclass,resnet,tox
GDNMYKVLSERQFCTAIHPW,0.7921707650560826,0.4740451251098691,multiclass,custom,tox
GDNMYKVLSERQFCTAIHPW,0.7143296462191625,0.36262332553014065,multiclass,resnet,tox
HRQNLDAVMWKFGIPETSCY,0.7833518839171645,0.4325323412216884,multiclass,custom,tox
HRQNLDAVMWKFGIPETSCY,0.7135097422717083,0.40322220269642994,multiclass,resnet,tox
TKPWALIFREQDSMCHNYGV,0.7956250052938275,0.43052999442479206,multiclass,custom,tox
TKPWALIFREQDSMCHNYGV,0.7490765727348305,0.42331071032326567,multiclass,resnet,tox
SCPVGAIFERHMTKDYWQNL,0.7946710120114506,0.425567134959949,multiclass,custom,tox
SCPVGAIFERHMTKDYWQNL,0.756812461814411,0.4427291406571873,multiclass,resnet,tox
KCAGEMWNDPTILRFYQHSV,0.7998083992159639,0.460326403322428,multiclass,custom,tox
KCAGEMWNDPTILRFYQHSV,0.7442646641192125,0.3855246010173768,multiclass,resnet,tox
QGIPCSRANWEKVMFHYDTL,0.7864746121259163,0.42898408577881664,multiclass,custom,tox
QGIPCSRANWEKVMFHYDTL,0.7616077828479538,0.44368750366515153,multiclass,resnet,tox
FHGYEIPAKLWVTSCQRNMD,0.7869793591883397,0.42538400189772096,multiclass,custom,tox
FHGYEIPAKLWVTSCQRNMD,0.7241425721536954,0.3595895809619115,multiclass,resnet,tox
YWLRTPEFNSHVDCGQMIKA,0.7963955749189897,0.4363635545918725,multiclass,custom,tox
YWLRTPEFNSHVDCGQMIKA,0.7189758259489496,0.4163481478105348,multiclass,resnet,tox
ANQFLCKSWRHYPIMGETDV,0.7935266240773741,0.43840544552850896,multiclass,custom,tox
ANQFLCKSWRHYPIMGETDV,0.6959524269289343,0.29323171574585766,multiclass,resnet,tox
EMGVSNWKCTQAPLHFIYRD,0.7931728452256553,0.4188573738637097,multiclass,custom,tox
EMGVSNWKCTQAPLHFIYRD,0.7406483212373999,0.4063741483638867,multiclass,resnet,tox
VSYHGFTDENQKMLWIACRP,0.7935468400601742,0.4202468215980256,multiclass,custom,tox
VSYHGFTDENQKMLWIACRP,0.736389852516002,0.39894011199444335,multiclass,resnet,tox
DAQYWGCMRKNTFPSLEIHV,0.7990941701115157,0.410690294302286,multiclass,custom,tox
DAQYWGCMRKNTFPSLEIHV,0.7311892486998539,0.3025448792025114,multiclass,resnet,tox
CTYIRWVMANPFHDLQKESG,0.787006955141171,0.430426114109382,multiclass,custom,tox
CTYIRWVMANPFHDLQKESG,0.7522331348672207,0.4232314275504093,multiclass,resnet,tox
MAQPELTKNWSGIHDCRFYV,0.8090332548121545,0.435963485346056,multiclass,custom,tox
MAQPELTKNWSGIHDCRFYV,0.7362104846778571,0.39388831067177604,multiclass,resnet,tox
SRFAIMHNETKWGQPDVCYL,0.7805050996555745,0.40896029389942,multiclass,custom,tox
SRFAIMHNETKWGQPDVCYL,0.7071467066792542,0.31190392190877564,multiclass,resnet,tox
GNWEYCIMTQSRPKHLDFAV,0.7905900583978597,0.42455332541956226,multiclass,custom,tox
GNWEYCIMTQSRPKHLDFAV,0.7294745935426434,0.3191562708077329,multiclass,resnet,tox
YGKDQSWIFVLTCRAHENPM,0.7989419950966342,0.4621627926712014,multiclass,custom,tox
YGKDQSWIFVLTCRAHENPM,0.7167279678798139,0.3781916384513163,multiclass,resnet,tox
TNEIWGQDPMYLKCHFSAVR,0.7913527518771936,0.428232245027303,multiclass,custom,tox
TNEIWGQDPMYLKCHFSAVR,0.7364827466939661,0.370750393883306,multiclass,resnet,tox
RFPNIQLEWDSGTYKCMAHV,0.7982499461092288,0.421378841397706,multiclass,custom,tox
RFPNIQLEWDSGTYKCMAHV,0.7083759736766593,0.35894228051418925,multiclass,resnet,tox
WSTFRHEPAYMCIKVNQLGD,0.7957688140334221,0.4380015589085365,multiclass,custom,tox
WSTFRHEPAYMCIKVNQLGD,0.7337283343527903,0.3707507501054832,multiclass,resnet,tox
PCTAQIKVEFYDMRLHSWGN,0.800146831697624,0.4460352608631039,multiclass,custom,tox
PCTAQIKVEFYDMRLHSWGN,0.7275986041563164,0.3650142917679159,multiclass,resnet,tox
IRYMPLVAEDNFGSCTQWHK,0.7953048906693259,0.43294462227883485,multiclass,custom,tox
IRYMPLVAEDNFGSCTQWHK,0.7446559556281226,0.3438940251160805,multiclass,resnet,tox
MIPNERYQGWFTLCKDVHSA,0.7929256689544399,0.4140114871370478,multiclass,custom,tox
MIPNERYQGWFTLCKDVHSA,0.7435119056975866,0.426326872406593,multiclass,resnet,tox
AMGIRKHNSDLYFQEVPCTW,0.7979831425728677,0.43558067368865583,multiclass,custom,tox
AMGIRKHNSDLYFQEVPCTW,0.6973349938125487,0.32170568467015326,multiclass,resnet,tox
KLISPGHMRVEDYWCNAFTQ,0.7871157829786453,0.43008092263193093,multiclass,custom,tox
KLISPGHMRVEDYWCNAFTQ,0.7512314239106814,0.467918036736996,multiclass,resnet,tox
KHNLRTECSFDVAGIYPQMW,0.8021713920811868,0.45745064824233045,multiclass,custom,tox
KHNLRTECSFDVAGIYPQMW,0.7514041935942208,0.3842892437679679,multiclass,resnet,tox
VPGSKRNAFCEHQMLYTWDI,0.7875776728517504,0.40227634284654135,multiclass,custom,tox
VPGSKRNAFCEHQMLYTWDI,0.7131344380002422,0.34904064813926955,multiclass,resnet,tox
PNSACYVFLIGRQTHKMEWD,0.790252625907557,0.4374010311533067,multiclass,custom,tox
PNSACYVFLIGRQTHKMEWD,0.7343348393392175,0.3571146590825135,multiclass,resnet,tox
CAEWYIPHLTGDFSKNVQRM,0.79640128174047,0.4249597108153743,multiclass,custom,tox
CAEWYIPHLTGDFSKNVQRM,0.7433426524029202,0.3811037545589845,multiclass,resnet,tox
MFAYLRHWNCPIDKEQVTSG,0.7965803458075101,0.4280795560116002,multiclass,custom,tox
MFAYLRHWNCPIDKEQVTSG,0.7451625520978955,0.43824415902230723,multiclass,resnet,tox
QNPWLGYCFSTRDAHMKEVI,0.7973354243991919,0.4249519923130327,multiclass,custom,tox
QNPWLGYCFSTRDAHMKEVI,0.7023183634319656,0.351254594744242,multiclass,resnet,tox
QETFSVCMNAIDLWPKYRGH,0.7966975782093865,0.41927731017952413,multiclass,custom,tox
QETFSVCMNAIDLWPKYRGH,0.7235953051971127,0.3583041099801053,multiclass,resnet,tox
LIKTYSACGFRPNQDMVHEW,0.7963150105850749,0.4296968340682302,multiclass,custom,tox
LIKTYSACGFRPNQDMVHEW,0.7299381437913869,0.37841746959262834,multiclass,resnet,tox
RGEIQLWMYFCDVHNSTPKA,0.792301518258149,0.4283958913677875,multiclass,custom,tox
RGEIQLWMYFCDVHNSTPKA,0.7380728605682041,0.4185081925172973,multiclass,resnet,tox
YPQLADKTEGMNICWHFRVS,0.7980340245560764,0.42738109708647015,multiclass,custom,tox
YPQLADKTEGMNICWHFRVS,0.7406771913599035,0.4408315046526208,multiclass,resnet,tox
CWLREIKPAQDNSTGFHYMV,0.8004316370658504,0.43559695796432757,multiclass,custom,tox
CWLREIKPAQDNSTGFHYMV,0.7306839024631946,0.33663929351265975,multiclass,resnet,tox
EDVAYRHKQNPTLWMSGFIC,0.7944166859362307,0.45221556594070983,multiclass,custom,tox
EDVAYRHKQNPTLWMSGFIC,0.7283344374763627,0.39317921466370365,multiclass,resnet,tox
NKWVLGFCAHDYRSTMQIPE,0.7941824767506723,0.4319612410025833,multiclass,custom,tox
NKWVLGFCAHDYRSTMQIPE,0.7047328531129725,0.36517460020307124,multiclass,resnet,tox
ECRHDNYLWITMFSGPQAVK,0.8001526180677312,0.4475561330128789,multiclass,custom,tox
ECRHDNYLWITMFSGPQAVK,0.7623120737093508,0.4638408248461401,multiclass,resnet,tox
MKIWERCDLYTGFHVAPNQS,0.7931604285896493,0.4282737018475043,multiclass,custom,tox
MKIWERCDLYTGFHVAPNQS,0.7177595702885441,0.39134471573440455,multiclass,resnet,tox
PGMNKFIDQTRAYVWELSCH,0.8008865533280781,0.4269518075109976,multiclass,custom,tox
PGMNKFIDQTRAYVWELSCH,0.7406758220985483,0.42171894873847915,multiclass,resnet,tox
MNTIQKWRGSHYFVLPAEDC,0.7881954441294882,0.4128546773256567,multiclass,custom,tox
MNTIQKWRGSHYFVLPAEDC,0.7385877311778759,0.38757955390107074,multiclass,resnet,tox
GSMTFCNYALKPIVHDEWRQ,0.7890654943757834,0.41770158833038656,multiclass,custom,tox
GSMTFCNYALKPIVHDEWRQ,0.7002814944536162,0.3077596364427422,multiclass,resnet,tox
APWTCNRISMYFLGVHKDEQ,0.784375346109526,0.43194580459557885,multiclass,custom,tox
APWTCNRISMYFLGVHKDEQ,0.7168235986052156,0.40550125961850697,multiclass,resnet,tox
LWTQCYFHIRESKMPDVGNA,0.7900495174448301,0.4228673195883538,multiclass,custom,tox
LWTQCYFHIRESKMPDVGNA,0.7161125556582992,0.3265987542098525,multiclass,resnet,tox
ADLQHWFGSKMPEVCIYTNR,0.8004706044649581,0.43472224041678575,multiclass,custom,tox
ADLQHWFGSKMPEVCIYTNR,0.7449234543867698,0.38331018052521476,multiclass,resnet,tox
LQRVDPACYKMFHGIWSTEN,0.794965903566975,0.43816589127606714,multiclass,custom,tox
LQRVDPACYKMFHGIWSTEN,0.7374418562389267,0.429360509821911,multiclass,resnet,tox
ATDIFHMYGLKRWSCNPQVE,0.7952785159664914,0.42722174122533974,multiclass,custom,tox
ATDIFHMYGLKRWSCNPQVE,0.7592280135462902,0.4154049696992101,multiclass,resnet,tox
FPYTAWGSCQKHRINVLEMD,0.7901283922050923,0.4254002601925923,multiclass,custom,tox
FPYTAWGSCQKHRINVLEMD,0.7603602876692169,0.39293073413398616,multiclass,resnet,tox
SFMAYQEDPVTWNHILGKCR,0.7910582130748004,0.4399419408560238,multiclass,custom,tox
SFMAYQEDPVTWNHILGKCR,0.7401122908233402,0.38194069276638914,multiclass,resnet,tox
AMTIYKQCPRGWLNHEDVFS,0.7930693079025001,0.41498491767497836,multiclass,custom,tox
AMTIYKQCPRGWLNHEDVFS,0.7403853650690173,0.42849842642290464,multiclass,resnet,tox
QCNESYPHWTIRKMGFLDAV,0.7934407741366256,0.3975717829026682,multiclass,custom,tox
QCNESYPHWTIRKMGFLDAV,0.7311539869898167,0.3645337992094376,multiclass,resnet,tox
EIVNFWLRQGCDMHYSAPTK,0.7993254692783713,0.4292494697243752,multiclass,custom,tox
EIVNFWLRQGCDMHYSAPTK,0.704086943581164,0.3654416855456545,multiclass,resnet,tox
FGYVKTRIHEMWANQDLPCS,0.7796934113342886,0.3955605539823339,multiclass,custom,tox
FGYVKTRIHEMWANQDLPCS,0.7194366198010297,0.36313825948557155,multiclass,resnet,tox
RPSLNEDCWQGTMIYKFVAH,0.7894960122081034,0.4316104009496963,multiclass,custom,tox
RPSLNEDCWQGTMIYKFVAH,0.7314865595660048,0.35499097618285913,multiclass,resnet,tox
SGRPTVKQWFCAIHYMNDEL,0.7953469716350811,0.42163691816749865,multiclass,custom,tox
SGRPTVKQWFCAIHYMNDEL,0.7123237775584697,0.3833131248249383,multiclass,resnet,tox
MTDCKIPWVGYENFSALRHQ,0.7985802224368621,0.435895768413915,multiclass,custom,tox
MTDCKIPWVGYENFSALRHQ,0.7599865225969611,0.4230258516209241,multiclass,resnet,tox
IKMDWCGYHENLTSVQRAPF,0.7942469384978802,0.4303704458516157,multiclass,custom,tox
IKMDWCGYHENLTSVQRAPF,0.7391368412827,0.41832467772915766,multiclass,resnet,tox
FLQMVNRDWHTSACIEYPKG,0.7940320656956882,0.43554003980116607,multiclass,custom,tox
FLQMVNRDWHTSACIEYPKG,0.7300822854751448,0.38361754454375363,multiclass,resnet,tox
KWRAHPNDESVTLYMQGFCI,0.7931794790174136,0.4370625029126927,multiclass,custom,tox
KWRAHPNDESVTLYMQGFCI,0.7390189659183354,0.40158419164474085,multiclass,resnet,tox
MAPIKECLVDGYQSRWHNTF,0.7900440546085121,0.42233766214608137,multiclass,custom,tox
MAPIKECLVDGYQSRWHNTF,0.729130725073148,0.36640950393149885,multiclass,resnet,tox
QFLSRPNCMWAVYHKTEIDG,0.7904559110123327,0.42232892815245754,multiclass,custom,tox
QFLSRPNCMWAVYHKTEIDG,0.7235769317698489,0.35331072495243043,multiclass,resnet,tox
RIMPQHDAGKWVNSLYCFTE,0.7932647784971945,0.44088167765014113,multiclass,custom,tox
RIMPQHDAGKWVNSLYCFTE,0.7073205736219601,0.3498594760920826,multiclass,resnet,tox
VTYPKEQFGAWCSDNIHLMR,0.8049724239078182,0.44661821927046946,multiclass,custom,tox
VTYPKEQFGAWCSDNIHLMR,0.7417181903695066,0.40757067923425805,multiclass,resnet,tox
QNKMSTRYGWECPIFLHVDA,0.8008049729752125,0.41967820695744223,multiclass,custom,tox
QNKMSTRYGWECPIFLHVDA,0.6827570338817864,0.3247981468030596,multiclass,resnet,tox
PAWFECMRVKIDNYHLSQGT,0.7989643248639011,0.44605432520801924,multiclass,custom,tox
PAWFECMRVKIDNYHLSQGT,0.7519465927077491,0.3713267681280042,multiclass,resnet,tox
LPGQMAKCETWDFIHNSRYV,0.786441947152181,0.3888468530504882,multiclass,custom,tox
LPGQMAKCETWDFIHNSRYV,0.7154970920498015,0.3476842784835248,multiclass,resnet,tox
WHDRCGMKFVTYPAENISQL,0.7943022537446806,0.42076879236543097,multiclass,custom,tox
WHDRCGMKFVTYPAENISQL,0.7226386159564602,0.3719843240180998,multiclass,resnet,tox
WAQCKRVLFHGNEMTPDSYI,0.7836210248149007,0.41236988549407927,multiclass,custom,tox
WAQCKRVLFHGNEMTPDSYI,0.7387757361145846,0.4539766335129231,multiclass,resnet,tox
EFPCDQGWTYNALMIRHSKV,0.7886278093992717,0.434498731780306,multiclass,custom,tox
EFPCDQGWTYNALMIRHSKV,0.7338646406245193,0.39070402389484965,multiclass,resnet,tox
QLVKYPGHETIFWNRAMSCD,0.7841847461627937,0.41621407476300937,multiclass,custom,tox
QLVKYPGHETIFWNRAMSCD,0.7412073433072573,0.3549327242910226,multiclass,resnet,tox
PHCFWMGNAEIDSLQVTRYK,0.7950932928165582,0.42560174144604995,multiclass,custom,tox
PHCFWMGNAEIDSLQVTRYK,0.7372189984174329,0.4110369486474875,multiclass,resnet,tox
HRQGSKELIPAFYCDVWNTM,0.7882253132532611,0.429764822627685,multiclass,custom,tox
HRQGSKELIPAFYCDVWNTM,0.7449177749589082,0.40136825211782545,multiclass,resnet,tox
STFCLGNQEWAIDRVMPHYK,0.7923610178874668,0.4447847703234939,multiclass,custom,tox
STFCLGNQEWAIDRVMPHYK,0.7207855441711942,0.38700513966718353,multiclass,resnet,tox
GPHQSLANRDYMWVCKEITF,0.7919905767682136,0.41400436536487784,multiclass,custom,tox
GPHQSLANRDYMWVCKEITF,0.7388581648662031,0.4053627141150617,multiclass,resnet,tox
DQIHWYSAMKRECNPGFTVL,0.8033911852468651,0.41965528417647296,multiclass,custom,tox
DQIHWYSAMKRECNPGFTVL,0.7336097107709335,0.4255304916082583,multiclass,resnet,tox
IMLSQCFEVTYRKDWHNAGP,0.7944325666267853,0.4469950977955994,multiclass,custom,tox
IMLSQCFEVTYRKDWHNAGP,0.7275265940654665,0.40754556134881764,multiclass,resnet,tox
FCHIMERLNTYKPSDAQVWG,0.8008859256288587,0.45450040196524366,multiclass,custom,tox
FCHIMERLNTYKPSDAQVWG,0.7452925853491272,0.4236901694897638,multiclass,resnet,tox
LFIMDSAEQWRPGNHKYTVC,0.792092079641059,0.40507246068763186,multiclass,custom,tox
LFIMDSAEQWRPGNHKYTVC,0.7501183685290986,0.42667894072200657,multiclass,resnet,tox
RPNVTFDMSKAECQGLWHIY,0.790254412211722,0.4279930433066689,multiclass,custom,tox
RPNVTFDMSKAECQGLWHIY,0.738789877565112,0.3170278686999535,multiclass,resnet,tox
ARSLNVDGTHPQWCEIMYKF,0.7939934535159148,0.4174885449326126,multiclass,custom,tox
ARSLNVDGTHPQWCEIMYKF,0.7170878158241557,0.38025401255608887,multiclass,resnet,tox
QYPGFRNTMSECAIDLVKWH,0.7925650877484333,0.4363199419086756,multiclass,custom,tox
QYPGFRNTMSECAIDLVKWH,0.7049528970534501,0.3849824708425376,multiclass,resnet,tox
MIRCEYVLHFTAGDWSKPQN,0.7925388951118612,0.4355084990907211,multiclass,custom,tox
MIRCEYVLHFTAGDWSKPQN,0.7346439398668726,0.42772699722133734,multiclass,resnet,tox
HTQKLSYRGVFAENIWDMCP,0.7975979256504416,0.4388270359780658,multiclass,custom,tox
HTQKLSYRGVFAENIWDMCP,0.7267782888735836,0.35046121109288336,multiclass,resnet,tox
QYWEPSMLTHDNVKFARCIG,0.79426087055095,0.42750721493329297,multiclass,custom,tox
QYWEPSMLTHDNVKFARCIG,0.7424781513749424,0.3764630338600907,multiclass,resnet,tox
RVEAYIPFCWMHLGKTSQDN,0.797997975078063,0.421329606851322,multiclass,custom,tox
RVEAYIPFCWMHLGKTSQDN,0.7179789830347002,0.3552146605283713,multiclass,resnet,tox
TERQIPSNYDMHKLWGVAFC,0.7870948423338442,0.44057767951114785,multiclass,custom,tox
TERQIPSNYDMHKLWGVAFC,0.7361451272379285,0.35765924429306956,multiclass,resnet,tox
PMWRACETYIGFKNVSHLQD,0.7986770991924578,0.4376021132972939,multiclass,custom,tox
PMWRACETYIGFKNVSHLQD,0.7456232846229209,0.42139171876753884,multiclass,resnet,tox
KFPYNDRQSAHLMIWCGTEV,0.80612769239891,0.44293126615844536,multiclass,custom,tox
KFPYNDRQSAHLMIWCGTEV,0.6801904099458502,0.2926243280214088,multiclass,resnet,tox
HVWNMSYTDGLIEAPCRFQK,0.8067944415321353,0.47426110634643653,multiclass,custom,tox
HVWNMSYTDGLIEAPCRFQK,0.7500725525313052,0.3976866262284472,multiclass,resnet,tox
VELFITAWYHSKQCNRDMGP,0.7929114970773609,0.42699879471722124,multiclass,custom,tox
VELFITAWYHSKQCNRDMGP,0.7449910469278567,0.3902798174949576,multiclass,resnet,tox
KALMEWQDCRNYITVPGSFH,0.802193307891352,0.4249782152853515,multiclass,custom,tox
KALMEWQDCRNYITVPGSFH,0.7311875089696788,0.36551161060460674,multiclass,resnet,tox
CWHSEGMIQDYFNPTRVALK,0.788092939891264,0.4281861303738855,multiclass,custom,tox
CWHSEGMIQDYFNPTRVALK,0.7319105174288746,0.41745215936269175,multiclass,resnet,tox
CKARHDINYVLSETFGWQPM,0.7997444562465562,0.42203055683162444,multiclass,custom,tox
CKARHDINYVLSETFGWQPM,0.7457708235361068,0.3923591669597291,multiclass,resnet,tox
QLHMIWRTASYCNKVEGPFD,0.8088236689134028,0.41782445443150895,multiclass,custom,tox
QLHMIWRTASYCNKVEGPFD,0.7089137033594268,0.37576073687716816,multiclass,resnet,tox
NMKIGWLVCDQTAEYPHRFS,0.796936274552895,0.429997604059105,multiclass,custom,tox
NMKIGWLVCDQTAEYPHRFS,0.7517091523223047,0.41857443996002786,multiclass,resnet,tox
RCGLTPYISHFDWKENAQMV,0.797270269763896,0.43584581652005827,multiclass,custom,tox
RCGLTPYISHFDWKENAQMV,0.742591472214701,0.4182659925770915,multiclass,resnet,tox
NFPSVIYQALCDKWRMGTHE,0.798552375362115,0.44770961584670416,multiclass,custom,tox
NFPSVIYQALCDKWRMGTHE,0.7287244915813169,0.3795642526695905,multiclass,resnet,tox
AKIMCYGQNSRTPEWVLDHF,0.7888414414412747,0.41302213641070135,multiclass,custom,tox
AKIMCYGQNSRTPEWVLDHF,0.7264961719214931,0.39680751701187245,multiclass,resnet,tox
PSQNVFAHKMIDWERLTGCY,0.7904971225919118,0.4383348936100229,multiclass,custom,tox
PSQNVFAHKMIDWERLTGCY,0.71360517788406,0.3788354259707689,multiclass,resnet,tox
RHYDVTECWSPFIAKQNGLM,0.794898706880945,0.4462671107405643,multiclass,custom,tox
RHYDVTECWSPFIAKQNGLM,0.725081265197916,0.3542447338052886,multiclass,resnet,tox
YHDTWICNLAQPSGKREMVF,0.7902302436448867,0.45685954794104433,multiclass,custom,tox
YHDTWICNLAQPSGKREMVF,0.72150045744049,0.3849742389977853,multiclass,resnet,tox
FQKYIRGNMSEHTLVWCAPD,0.7925122372861892,0.4150887303208036,multiclass,custom,tox
FQKYIRGNMSEHTLVWCAPD,0.7292904797368057,0.35552902826372046,multiclass,resnet,tox
NVLICPKQGFMSATHWDYRE,0.7892957301107322,0.4109174970767282,multiclass,custom,tox
NVLICPKQGFMSATHWDYRE,0.7268378679136728,0.37491293469321857,multiclass,resnet,tox
SDFCYMLEITVHGAWNQPKR,0.7888179468265053,0.4362806603881295,multiclass,custom,tox
SDFCYMLEITVHGAWNQPKR,0.6982711241470726,0.3546164774942949,multiclass,resnet,tox
MTLGKRFWCHPDQENVYSIA,0.7825459495148775,0.3906295252410622,multiclass,custom,tox
MTLGKRFWCHPDQENVYSIA,0.7432416262650985,0.4239650009639001,multiclass,resnet,tox
EALFNTCWRVKPSYGQDIMH,0.7987113725450568,0.42237660933050314,multiclass,custom,tox
EALFNTCWRVKPSYGQDIMH,0.7405119577244019,0.4087620225381853,multiclass,resnet,tox
RPNCEAVGDWKMLTFQYHSI,0.7975550482157853,0.4394786463139675,multiclass,custom,tox
RPNCEAVGDWKMLTFQYHSI,0.7150066560388826,0.4226992832052507,multiclass,resnet,tox
NVECTFYWIQAKMHPDRLGS,0.7934645154431481,0.44168499586096266,multiclass,custom,tox
NVECTFYWIQAKMHPDRLGS,0.7420417402192943,0.4086479042264248,multiclass,resnet,tox
MYNIRDHQAGETKCSFPVLW,0.8027944516942302,0.43708171521972305,multiclass,custom,tox
MYNIRDHQAGETKCSFPVLW,0.7250048644019694,0.36837915833958396,multiclass,resnet,tox
AGCEWIQVYMSTLPHFKNRD,0.8022813501703645,0.4370548255794269,multiclass,custom,tox
AGCEWIQVYMSTLPHFKNRD,0.7257902207525577,0.3621725889420252,multiclass,resnet,tox
NTDCQGEWLKVIPYAFSRMH,0.7962323974809357,0.4459789438443068,multiclass,custom,tox
NTDCQGEWLKVIPYAFSRMH,0.7396060178219279,0.36101087686536604,multiclass,resnet,tox
IDYACSFPKHNGRLQVEWTM,0.7972325022610767,0.4638862203289026,multiclass,custom,tox
IDYACSFPKHNGRLQVEWTM,0.7382943904745811,0.4048572396605435,multiclass,resnet,tox
QCYFDAPEGHNMVKRISTWL,0.7966984648729672,0.443796583412399,multiclass,custom,tox
QCYFDAPEGHNMVKRISTWL,0.7040541184159005,0.32973242969913585,multiclass,resnet,tox
RTDECPKSNIGAVQMWYHFL,0.7867626521759412,0.444159624765578,multiclass,custom,tox
RTDECPKSNIGAVQMWYHFL,0.7332599011500689,0.3768113149147632,multiclass,resnet,tox
EDTLHIQYGNKPRSVWMCFA,0.8052890891682771,0.46494996902354446,multiclass,custom,tox
EDTLHIQYGNKPRSVWMCFA,0.7352398205494065,0.37306474373188714,multiclass,resnet,tox
ERPLTGQKYSFWHVCDAINM,0.793692017519001,0.41801399592420524,multiclass,custom,tox
ERPLTGQKYSFWHVCDAINM,0.7404400871300578,0.43667573248372377,multiclass,resnet,tox
TLHMNVWDARYFCIGSKEPQ,0.7956383678600069,0.4271148037663736,multiclass,custom,tox
TLHMNVWDARYFCIGSKEPQ,0.694928050716087,0.3565486279430218,multiclass,resnet,tox
PNHVQSCAKDTMEIFLGRYW,0.7941273369377743,0.40148607879982423,multiclass,custom,tox
PNHVQSCAKDTMEIFLGRYW,0.7188933343027071,0.375435395855626,multiclass,resnet,tox
WDSIGHLATVQNKFEMPCRY,0.7924418417123938,0.39895155622427775,multiclass,custom,tox
WDSIGHLATVQNKFEMPCRY,0.7279352171188835,0.40864322223944144,multiclass,resnet,tox
RAEKFIPDSMLQNVHGCWYT,0.79884379179459,0.4049678321919513,multiclass,custom,tox
RAEKFIPDSMLQNVHGCWYT,0.7342737851293579,0.39820263590830457,multiclass,resnet,tox
SHVTFRNIDYCQMAPKELWG,0.7926238362058043,0.4196069650871025,multiclass,custom,tox
SHVTFRNIDYCQMAPKELWG,0.7416286807782881,0.4182652773912917,multiclass,resnet,tox
AQVEINLCFMGYPRHTSKDW,0.7942490229084515,0.3773664234413955,multiclass,custom,tox
AQVEINLCFMGYPRHTSKDW,0.7492777159841809,0.3711822380875424,multiclass,resnet,tox
RNKSPMDGYICFVHLEAQTW,0.7906864442754385,0.3959950608792901,multiclass,custom,tox
RNKSPMDGYICFVHLEAQTW,0.726592090147103,0.39868152554355535,multiclass,resnet,tox
FCSDNRHWGVIKEMPATLQY,0.8011149881900959,0.4480846655209126,multiclass,custom,tox
FCSDNRHWGVIKEMPATLQY,0.7146984125874529,0.39138407922728646,multiclass,resnet,tox
GVLADYRECPSIQNKTWHMF,0.786212708026059,0.4485883386593314,multiclass,custom,tox
GVLADYRECPSIQNKTWHMF,0.7074648955659117,0.36744980112627174,multiclass,resnet,tox
KMGAEISPCWFTLVQNRDYH,0.7934187985733953,0.4280666584649153,multiclass,custom,tox
KMGAEISPCWFTLVQNRDYH,0.7509211991792692,0.43034021484027923,multiclass,resnet,tox
CHWAKQYEIRLMDGSNTFPV,0.7960880463319574,0.4229172902218473,multiclass,custom,tox
CHWAKQYEIRLMDGSNTFPV,0.759755231155124,0.4004436280664277,multiclass,resnet,tox
NPVTEWIRKHLADYGCSQMF,0.7968087948877993,0.43237660512593135,multiclass,custom,tox
NPVTEWIRKHLADYGCSQMF,0.7313462082983876,0.41691904545863706,multiclass,resnet,tox
TKLFQEMWVSHPGDRNYCAI,0.7911633782168975,0.41740852254228045,multiclass,custom,tox
TKLFQEMWVSHPGDRNYCAI,0.7459573101641264,0.3306671696003599,multiclass,resnet,tox
KTNEFQIMLRGWHAVCDPYS,0.7909296730865222,0.4366243888566827,multiclass,custom,tox
KTNEFQIMLRGWHAVCDPYS,0.713415995293423,0.36569244922181243,multiclass,resnet,tox
SGLQVTEFRDCANPKYMHIW,0.7894965972688224,0.4365405421945293,multiclass,custom,tox
SGLQVTEFRDCANPKYMHIW,0.7149741956401632,0.35758020876909463,multiclass,resnet,tox
MWRNTIVYDFKEQSLHPGCA,0.7994156246168425,0.422099429265947,multiclass,custom,tox
MWRNTIVYDFKEQSLHPGCA,0.744815078537054,0.39381993166141965,multiclass,resnet,tox
NQPGRTVAFMSHKEIWYLCD,0.79292344047012,0.42905803124453745,multiclass,custom,tox
NQPGRTVAFMSHKEIWYLCD,0.7318755409392271,0.40209157971764986,multiclass,resnet,tox
MNKVRHQWLYDIESFTPGAC,0.7874637178935868,0.4578091021377384,multiclass,custom,tox
MNKVRHQWLYDIESFTPGAC,0.750492937328347,0.3858861686070167,multiclass,resnet,tox
SNGIWMVPHYECRDLTQAFK,0.7992015234977844,0.4688516906279541,multiclass,custom,tox
SNGIWMVPHYECRDLTQAFK,0.7314452800486692,0.39015647948608845,multiclass,resnet,tox
VYHRTWGLIDSFQNCKEPMA,0.7993933439740099,0.43223618541021985,multiclass,custom,tox
VYHRTWGLIDSFQNCKEPMA,0.756602968911522,0.40883908835762217,multiclass,resnet,tox
NMYGILEWSAHCQVKFRDTP,0.7943810471843865,0.41905758283019534,multiclass,custom,tox
NMYGILEWSAHCQVKFRDTP,0.7021142027813588,0.33198383570862255,multiclass,resnet,tox
DLISANTMPFKECVWQGYHR,0.7999917705494987,0.43412757439635613,multiclass,custom,tox
DLISANTMPFKECVWQGYHR,0.7546202568281168,0.42316285407594806,multiclass,resnet,tox
FYPWTDSHKERLGVMNACIQ,0.7875348993811626,0.43186393871358175,multiclass,custom,tox
FYPWTDSHKERLGVMNACIQ,0.7352606851734369,0.40197830929226647,multiclass,resnet,tox
EWHGAQCTNYMVRFPISLDK,0.7980241601404453,0.45014181507922163,multiclass,custom,tox
EWHGAQCTNYMVRFPISLDK,0.71380334098547,0.41004103340407194,multiclass,resnet,tox
TMSRGIALNPYCEFDWVQKH,0.7893125322283487,0.44167655457409094,multiclass,custom,tox
TMSRGIALNPYCEFDWVQKH,0.7348445149763305,0.4176481036888551,multiclass,resnet,tox
CGWDRSIPMVFQAHYLETKN,0.8013206328872318,0.4638530381441851,multiclass,custom,tox
CGWDRSIPMVFQAHYLETKN,0.7271702179424013,0.38483195696175804,multiclass,resnet,tox
GWLIVSTEPNYADQHFMRKC,0.7941431327849398,0.4482604167676122,multiclass,custom,tox
GWLIVSTEPNYADQHFMRKC,0.7322904195997878,0.41096953786638357,multiclass,resnet,tox
YTQSFKHCMREWANVLPDIG,0.7960744142223791,0.4319133771911119,multiclass,custom,tox
YTQSFKHCMREWANVLPDIG,0.763409425974708,0.4191485553927869,multiclass,resnet,tox
KRHSCWMTYEFDNGILVPQA,0.7935307963179481,0.3972827324162339,multiclass,custom,tox
KRHSCWMTYEFDNGILVPQA,0.7144987401695084,0.3506154911111643,multiclass,resnet,tox
HQDCLMPGINKTSVEWARYF,0.7994616010980293,0.4450641674192181,multiclass,custom,tox
HQDCLMPGINKTSVEWARYF,0.7430154350433498,0.43240807984157426,multiclass,resnet,tox
PHNSAYVMTCKGDELFRQWI,0.7955589090628812,0.42175401703357096,multiclass,custom,tox
PHNSAYVMTCKGDELFRQWI,0.7190806205998295,0.33170565160403476,multiclass,resnet,tox
WTFNVDLCIRYAQPSMEKHG,0.7910519405855958,0.41480279754474514,multiclass,custom,tox
WTFNVDLCIRYAQPSMEKHG,0.7600169925304627,0.37986842880821203,multiclass,resnet,tox
EMWLKIGQDYTRHAPNSVFC,0.7950194380479646,0.4479469147994533,multiclass,custom,tox
EMWLKIGQDYTRHAPNSVFC,0.7345126989064423,0.3516807967532566,multiclass,resnet,tox
KHQPSEITFAGNDRMCWYLV,0.7977658739525311,0.4445875291649773,multiclass,custom,tox
KHQPSEITFAGNDRMCWYLV,0.7737610536349402,0.4430628328152294,multiclass,resnet,tox
RQFMIHNADLVGCYKWTEPS,0.7935300207653787,0.42758753170225183,multiclass,custom,tox
RQFMIHNADLVGCYKWTEPS,0.7408026321121459,0.39369875172931196,multiclass,resnet,tox
PRLVTEQDIMCSWAYKGFNH,0.7975518335604969,0.44691195345704404,multiclass,custom,tox
PRLVTEQDIMCSWAYKGFNH,0.7337998627514349,0.40308581030102114,multiclass,resnet,tox
IMSDCPTQLENYFARHKGWV,0.7969796759825335,0.4535734349961647,multiclass,custom,tox
IMSDCPTQLENYFARHKGWV,0.7297514303423163,0.3968767593521941,multiclass,resnet,tox
TVSMYALDRIWKFNGHEPQC,0.7893756964428307,0.4264622430400918,multiclass,custom,tox
TVSMYALDRIWKFNGHEPQC,0.7099883616393455,0.37361155202138197,multiclass,resnet,tox
MHTPYWVNCSKDQIFLRGAE,0.7944417773079445,0.4226059147111778,multiclass,custom,tox
MHTPYWVNCSKDQIFLRGAE,0.7424869196832871,0.35990761402080784,multiclass,resnet,tox
MFHKGWCIRPLTDEAYSNQV,0.7899686486613239,0.4186745507691949,multiclass,custom,tox
MFHKGWCIRPLTDEAYSNQV,0.7533400104492951,0.38539816516305075,multiclass,resnet,tox
VDMAHKSTNIPYFCREWGQL,0.797174612788981,0.4105449649759466,multiclass,custom,tox
VDMAHKSTNIPYFCREWGQL,0.7397144669837973,0.40828736690095485,multiclass,resnet,tox
IDYQNTLAKWFHVPSGRMEC,0.7923969033068432,0.4178756242502609,multiclass,custom,tox
IDYQNTLAKWFHVPSGRMEC,0.7165642484287068,0.3954147899788176,multiclass,resnet,tox
PNQLEYFIKRGVCDMTHASW,0.7893629794707928,0.4332158494612014,multiclass,custom,tox
PNQLEYFIKRGVCDMTHASW,0.7432434550481963,0.4029295672429673,multiclass,resnet,tox
FRTCHQINDKYGMASVWLEP,0.7946355132080221,0.44167087195426713,multiclass,custom,tox
FRTCHQINDKYGMASVWLEP,0.7116427275192461,0.38902192811436964,multiclass,resnet,tox
HTRWPMVFIGNQSDKAECLY,0.7948379166293317,0.4121599965250692,multiclass,custom,tox
HTRWPMVFIGNQSDKAECLY,0.73092473770084,0.3792877211390023,multiclass,resnet,tox
WMKPTGHQVNADRLYEICSF,0.7886740124413885,0.4123903347961665,multiclass,custom,tox
WMKPTGHQVNADRLYEICSF,0.7357405891077533,0.4056342201801576,multiclass,resnet,tox
TCSQKMWVAEHPFRDGNIYL,0.7957148233831439,0.4265920003513785,multiclass,custom,tox
TCSQKMWVAEHPFRDGNIYL,0.748756722741011,0.3885239759605835,multiclass,resnet,tox
VTLPCKSGDFQWNMIYHERA,0.7940612887549753,0.4499879499917442,multiclass,custom,tox
VTLPCKSGDFQWNMIYHERA,0.7554386398178151,0.457082496501975,multiclass,resnet,tox
TYDMSPVEKRGHIWFNQCLA,0.7926700910510442,0.43181704836719026,multiclass,custom,tox
TYDMSPVEKRGHIWFNQCLA,0.7663527092743178,0.40739155036178926,multiclass,resnet,tox
PLWTARQKIHYCFSNVGEDM,0.8010124090710896,0.4212139378384296,multiclass,custom,tox
PLWTARQKIHYCFSNVGEDM,0.7245571614528951,0.39022503121034446,multiclass,resnet,tox
KEWDARMINYGCPFLQVSHT,0.8081061920640666,0.452493662286519,multiclass,custom,tox
KEWDARMINYGCPFLQVSHT,0.7634072677775346,0.4359054376882273,multiclass,resnet,tox
VKCYSADIFPLNRWHTGEQM,0.7925014440837205,0.41857665506127145,multiclass,custom,tox
VKCYSADIFPLNRWHTGEQM,0.7372364235468878,0.39050674769799265,multiclass,resnet,tox
GKSPLMITHFENQCYARWVD,0.7893109980340149,0.43433906851628146,multiclass,custom,tox
GKSPLMITHFENQCYARWVD,0.7145909112984612,0.33066461849963413,multiclass,resnet,tox
PYSTMKVHEQAGNRWLIDFC,0.7924815741652844,0.4498756586359455,multiclass,custom,tox
PYSTMKVHEQAGNRWLIDFC,0.7348187758152775,0.40685419653299226,multiclass,resnet,tox
STAQVYWPREKCMHGDLNIF,0.8048666872833913,0.40391882415251024,multiclass,custom,tox
STAQVYWPREKCMHGDLNIF,0.7362742978743697,0.4487317849249036,multiclass,resnet,tox
KLSPCDTQMEWVHANIYGRF,0.7967488547241004,0.4364545319901708,multiclass,custom,tox
KLSPCDTQMEWVHANIYGRF,0.721792424594228,0.40638329272831697,multiclass,resnet,tox
VGCQLFWTKSDANPRIMHEY,0.7811515579524082,0.42746241715701033,multiclass,custom,tox
VGCQLFWTKSDANPRIMHEY,0.7472784542841528,0.42371102519870085,multiclass,resnet,tox
SVDCNAILRYWQEPKMHTFG,0.7945611296826157,0.4128135292703171,multiclass,custom,tox
SVDCNAILRYWQEPKMHTFG,0.7469848133790846,0.4227302788853732,multiclass,resnet,tox
QWIEFRYNLSKVAGCTPMHD,0.7907444492128498,0.44864045400006924,multiclass,custom,tox
QWIEFRYNLSKVAGCTPMHD,0.7300667686906505,0.3577284034430969,multiclass,resnet,tox
DTFCEQAGSYVPLWIRKMNH,0.7920701877359378,0.4371576875587073,multiclass,custom,tox
DTFCEQAGSYVPLWIRKMNH,0.7242934494258613,0.3901031821827712,multiclass,resnet,tox
HGVQTWDRMLYIFEKNSAPC,0.7870867535202988,0.4032281436796123,multiclass,custom,tox
HGVQTWDRMLYIFEKNSAPC,0.7158490523396337,0.3459599303185682,multiclass,resnet,tox
HSYLPGKFDIVNMWEQCART,0.7990782183508023,0.4459664407248291,multiclass,custom,tox
HSYLPGKFDIVNMWEQCART,0.7290519381575186,0.3881291183164791,multiclass,resnet,tox
AEMTIWFQPKNDRVHSYGCL,0.7975447821091394,0.41128955151732016,multiclass,custom,tox
AEMTIWFQPKNDRVHSYGCL,0.7161088666606152,0.33842382353670186,multiclass,resnet,tox
CRKVENYISQGLDMHPWTAF,0.7940745768540032,0.4065524933349397,multiclass,custom,tox
CRKVENYISQGLDMHPWTAF,0.7149934449808661,0.31384860149600946,multiclass,resnet,tox
FAWRDTKCNGVMYPISHLQE,0.7956066107848502,0.4082186547350612,multiclass,custom,tox
FAWRDTKCNGVMYPISHLQE,0.7223700499427483,0.39128937767133454,multiclass,resnet,tox
AEDCFPGQIMHVTRNKLYWS,0.7957587513246611,0.4226086400735241,multiclass,custom,tox
AEDCFPGQIMHVTRNKLYWS,0.7456806018112305,0.4119101532541669,multiclass,resnet,tox
VHRTEMALPQSFYGCKNDIW,0.7891396832476172,0.4209143078570482,multiclass,custom,tox
VHRTEMALPQSFYGCKNDIW,0.7608696043374108,0.41053124348011033,multiclass,resnet,tox
NCHLQIWDYASPTRVGEFMK,0.7926489531596351,0.4021399068722632,multiclass,custom,tox
NCHLQIWDYASPTRVGEFMK,0.7016585847954143,0.35625591793589306,multiclass,resnet,tox
ECWYHMNVAPKQTSRIDGLF,0.8017167986279293,0.4319537436928287,multiclass,custom,tox
ECWYHMNVAPKQTSRIDGLF,0.7469473337488333,0.42655338223348493,multiclass,resnet,tox
GHVEQWMIRTLFYPANCKDS,0.7857794866058654,0.4326629933623093,multiclass,custom,tox
GHVEQWMIRTLFYPANCKDS,0.7345470738379232,0.38511229336330166,multiclass,resnet,tox
FQLYEDHATVRWINGSMKPC,0.7933876878587018,0.40829241954739964,multiclass,custom,tox
FQLYEDHATVRWINGSMKPC,0.7573793175410695,0.4037008697781556,multiclass,resnet,tox
PSEHIAWRFQYNKCVLMGDT,0.790843119614643,0.4108208769961439,multiclass,custom,tox
PSEHIAWRFQYNKCVLMGDT,0.7144147608963933,0.3627868970326003,multiclass,resnet,tox
CRAVTFMDLYPGISNQHKEW,0.7990761463568454,0.46456618586657095,multiclass,custom,tox
CRAVTFMDLYPGISNQHKEW,0.7287354069218782,0.4292191876082453,multiclass,resnet,tox
RCAHKSQIYMTPLDGFEWNV,0.7941527629185609,0.4487005354154358,multiclass,custom,tox
RCAHKSQIYMTPLDGFEWNV,0.7283247483601715,0.3691334716107534,multiclass,resnet,tox
WHFMEIDVLPTKYGSANRCQ,0.7885615692920126,0.4331661898384107,multiclass,custom,tox
WHFMEIDVLPTKYGSANRCQ,0.7286281384172237,0.4142318121651605,multiclass,resnet,tox
QTIWDSRNCHMFEKLAVGYP,0.8013342190393459,0.4390864102160488,multiclass,custom,tox
QTIWDSRNCHMFEKLAVGYP,0.7252702156739392,0.34973115591563,multiclass,resnet,tox
LITMFGQHWENKVCYPSRAD,0.7982899895718631,0.43550960224272484,multiclass,custom,tox
LITMFGQHWENKVCYPSRAD,0.7371211724471437,0.3571693417942018,multiclass,resnet,tox
NEYKPRDQIWSFMCVTGAHL,0.7976643497441773,0.4500976247396899,multiclass,custom,tox
NEYKPRDQIWSFMCVTGAHL,0.7329084203666902,0.41701043259561654,multiclass,resnet,tox
LPCVIMRYEAQTFWGKNSDH,0.7988363763658871,0.43409797158859825,multiclass,custom,tox
LPCVIMRYEAQTFWGKNSDH,0.7308747800326961,0.35631815489646845,multiclass,resnet,tox
CPLKVWFMDQESRATGIYNH,0.7952344468773648,0.4425939417198263,multiclass,custom,tox
CPLKVWFMDQESRATGIYNH,0.6866076324314266,0.38590979256338126,multiclass,resnet,tox
GHSEQNCVRFTLYWDMIAKP,0.7896139588900908,0.4072364390720276,multiclass,custom,tox
GHSEQNCVRFTLYWDMIAKP,0.726786744912809,0.38438657782838315,multiclass,resnet,tox
ESDAFVKHMRITWLQPGNCY,0.7902960239325925,0.4009752126471476,multiclass,custom,tox
ESDAFVKHMRITWLQPGNCY,0.7157368448152293,0.41302555792006534,multiclass,resnet,tox
RIHECKMGDPASLVWNYFQT,0.7952578053559918,0.45215529385911457,multiclass,custom,tox
RIHECKMGDPASLVWNYFQT,0.743831895980231,0.38374385208940315,multiclass,resnet,tox
YMFHVAPQEDLCSKGIRWNT,0.7977070339573367,0.4438810911925814,multiclass,custom,tox
YMFHVAPQEDLCSKGIRWNT,0.7562722983670772,0.4115297610952446,multiclass,resnet,tox
QFTYPDAIVLGWEKSCMNRH,0.7996178958985575,0.4079739281549147,multiclass,custom,tox
QFTYPDAIVLGWEKSCMNRH,0.7506389641025921,0.4154024117031126,multiclass,resnet,tox
FWRYANVSIEHLDQKTCMPG,0.7917564912675834,0.4269208592825614,multiclass,custom,tox
FWRYANVSIEHLDQKTCMPG,0.7426681808174133,0.35327599310962776,multiclass,resnet,tox
ELMCDKRQPAFHWTNGSIYV,0.8005730303375367,0.4332598242928952,multiclass,custom,tox
ELMCDKRQPAFHWTNGSIYV,0.7472517578435528,0.40680484385798854,multiclass,resnet,tox
RHLTIWPNAQEMVFKDCYGS,0.7956050129255771,0.4018755067610661,multiclass,custom,tox
RHLTIWPNAQEMVFKDCYGS,0.7140721836481099,0.38858323398560646,multiclass,resnet,tox
STGLVWNRIQCEPFDKAHYM,0.7946106754974656,0.43239593266160836,multiclass,custom,tox
STGLVWNRIQCEPFDKAHYM,0.7284358132322486,0.377697078711416,multiclass,resnet,tox
YWIKVTPRSEMHQFCALNGD,0.795835353386963,0.40609832212648056,multiclass,custom,tox
YWIKVTPRSEMHQFCALNGD,0.7433220663820246,0.4172382747111241,multiclass,resnet,tox
RKNDIYCMTQFHVLEGPWAS,0.7961981141679045,0.40225476709318897,multiclass,custom,tox
RKNDIYCMTQFHVLEGPWAS,0.7014503920789731,0.34172822727752467,multiclass,resnet,tox
TAIVQSFKYRMGWLEDPHNC,0.7905233882440265,0.42777463223960044,multiclass,custom,tox
TAIVQSFKYRMGWLEDPHNC,0.7006374604584973,0.40762949170999097,multiclass,resnet,tox
LHTIRGVMFWDNYQCSKPAE,0.785930071249744,0.40816521670970396,multiclass,custom,tox
LHTIRGVMFWDNYQCSKPAE,0.7365099401698316,0.3535876158703163,multiclass,resnet,tox
LNYKCQRHVFGDSEMIWTAP,0.7831317413519976,0.4173362699407696,multiclass,custom,tox
LNYKCQRHVFGDSEMIWTAP,0.7036915701070258,0.31369963369963366,multiclass,resnet,tox
RGKVYMIECLTHNPQWDSFA,0.7914318435726667,0.4132346106548188,multiclass,custom,tox
RGKVYMIECLTHNPQWDSFA,0.7280129795990391,0.405145969930561,multiclass,resnet,tox
QFSRDWEHLPICMNGAYVTK,0.8047584775067597,0.42181172085519786,multiclass,custom,tox
QFSRDWEHLPICMNGAYVTK,0.7458660926123197,0.4142193479787163,multiclass,resnet,tox
WPESDNLMHRVGQTFAYICK,0.7919103726803186,0.43623640681742304,multiclass,custom,tox
WPESDNLMHRVGQTFAYICK,0.7004451503162583,0.3702996495091182,multiclass,resnet,tox
FCHWARTYMNGLPDEIKSQV,0.7893248308047505,0.4282977599215981,multiclass,custom,tox
FCHWARTYMNGLPDEIKSQV,0.7270227704753298,0.3949819921192037,multiclass,resnet,tox
VYEPQIMLHADTGNKCWRSF,0.7994901178829468,0.4225508735650562,multiclass,custom,tox
VYEPQIMLHADTGNKCWRSF,0.7340156738174672,0.34548911228541745,multiclass,resnet,tox
GFSWVYHDMQLNRPIEKATC,0.7968576231587194,0.42743887439121825,multiclass,custom,tox
GFSWVYHDMQLNRPIEKATC,0.7492048512942417,0.4312933617216734,multiclass,resnet,tox
MIPECQGVSDHTNAWKRFLY,0.791353918554968,0.4229575961056626,multiclass,custom,tox
MIPECQGVSDHTNAWKRFLY,0.7226175850367383,0.3940131176902668,multiclass,resnet,tox
TVFGKDHMEWNACYPLRISQ,0.7969999442960246,0.4665454408081149,multiclass,custom,tox
TVFGKDHMEWNACYPLRISQ,0.7410431741507304,0.39842161448189073,multiclass,resnet,tox
WYANDEVQTFHGSPCRIKLM,0.8055014198892689,0.44474766056862663,multiclass,custom,tox
WYANDEVQTFHGSPCRIKLM,0.7520007889294851,0.4071195228260917,multiclass,resnet,tox
FCVGWSAMNLYHQPTKIERD,0.7957131904222156,0.4439409613358629,multiclass,custom,tox
FCVGWSAMNLYHQPTKIERD,0.7105400145455084,0.33352676381184976,multiclass,resnet,tox
FASIPGKWQTCHMEYDVRNL,0.7868193375393349,0.40689452054136854,multiclass,custom,tox
FASIPGKWQTCHMEYDVRNL,0.7341508257396168,0.35243045116760563,multiclass,resnet,tox
TQFMWEAYHRINSVDCKPGL,0.7976654544025613,0.44256974285985357,multiclass,custom,tox
TQFMWEAYHRINSVDCKPGL,0.7327005556255445,0.4061699825274541,multiclass,resnet,tox
TIPQLNAEKDVHGSCYMRFW,0.7931805417621757,0.43029314458674495,multiclass,custom,tox
TIPQLNAEKDVHGSCYMRFW,0.7040525495689154,0.3223178273537333,multiclass,resnet,tox
MYCSDPVNLITQREKAGFHW,0.8036140927035508,0.4204511494428596,multiclass,custom,tox
MYCSDPVNLITQREKAGFHW,0.7176221282420008,0.30486023063444223,multiclass,resnet,tox
LEFRNGSTCQMWDHPIKAVY,0.8004896468114382,0.42458427388213604,multiclass,custom,tox
LEFRNGSTCQMWDHPIKAVY,0.7357108879599414,0.33979283658700976,multiclass,resnet,tox
EKNYRGPMDSLHCWTVAIQF,0.7956679795627102,0.41585574885430027,multiclass,custom,tox
EKNYRGPMDSLHCWTVAIQF,0.7449750623624829,0.39293354983395934,multiclass,resnet,tox
FLTWNGECMPDHSKIQRVAY,0.7977660982843435,0.42772626993950247,multiclass,custom,tox
FLTWNGECMPDHSKIQRVAY,0.7301440762389196,0.4207422811786886,multiclass,resnet,tox
GPETCVNLKRDSHYFAQWMI,0.793958289853756,0.4190445408912927,multiclass,custom,tox
GPETCVNLKRDSHYFAQWMI,0.7259798255358926,0.34746421153330165,multiclass,resnet,tox
LAGYIKRCSEMPVHDFQWTN,0.7948483089137282,0.4136937685738338,multiclass,custom,tox
LAGYIKRCSEMPVHDFQWTN,0.7403815363925461,0.37541588129589115,multiclass,resnet,tox
RGNCDFQMYKSTIEWAHLPV,0.8028440959426325,0.43117815055922676,multiclass,custom,tox
RGNCDFQMYKSTIEWAHLPV,0.7446380593530629,0.425147336461814,multiclass,resnet,tox
TVDQFIRSWKYHLCEAPNMG,0.7925970656985414,0.4395650143182487,multiclass,custom,tox
TVDQFIRSWKYHLCEAPNMG,0.7481637900072493,0.42603724650071484,multiclass,resnet,tox
GSCAPEQYTRKLMWFNHIVD,0.7962400289820991,0.4055957285566321,multiclass,custom,tox
GSCAPEQYTRKLMWFNHIVD,0.7261898129619618,0.3698713459222679,multiclass,resnet,tox
LWNRVPMAQEDYGSCIHKTF,0.7988739500706794,0.4729997752541347,multiclass,custom,tox
LWNRVPMAQEDYGSCIHKTF,0.7552541203801144,0.39419297841933165,multiclass,resnet,tox
DRHMGCTWAQLPFNYSEKIV,0.7949353380834565,0.4313486100381819,multiclass,custom,tox
DRHMGCTWAQLPFNYSEKIV,0.7230697489247427,0.38051570264063506,multiclass,resnet,tox
VRGCADQWLIPFESTYNMHK,0.7961079619617817,0.4462028938485164,multiclass,custom,tox
VRGCADQWLIPFESTYNMHK,0.728323464157286,0.39940169651355534,multiclass,resnet,tox
WQLEMPCGTSYVIAFRKHDN,0.8068257852336804,0.4457173787510579,multiclass,custom,tox
WQLEMPCGTSYVIAFRKHDN,0.7288902363695285,0.3953865250076478,multiclass,resnet,tox
PSNGMCEDHLVYAIWKQFRT,0.7955668218623656,0.4303408946144218,multiclass,custom,tox
PSNGMCEDHLVYAIWKQFRT,0.753652399142916,0.3860140385095356,multiclass,resnet,tox
LVHYWIFQSNRKEACPTGMD,0.7978964085376804,0.4569365209052304,multiclass,custom,tox
LVHYWIFQSNRKEACPTGMD,0.7090485706513344,0.39744134168518885,multiclass,resnet,tox
MTDQWVPSHCGELIKYFNAR,0.8049877214142942,0.4408434305554788,multiclass,custom,tox
MTDQWVPSHCGELIKYFNAR,0.7257681073382497,0.38644319209947103,multiclass,resnet,tox
EPWFMHIACQVGKTRLDNYS,0.7952024272191792,0.4430298889724596,multiclass,custom,tox
EPWFMHIACQVGKTRLDNYS,0.7208489852588684,0.3879282004230371,multiclass,resnet,tox
PQDHYLRSAMGTEFVCIKWN,0.8000138044213567,0.4350023725997951,multiclass,custom,tox
PQDHYLRSAMGTEFVCIKWN,0.7389346247284164,0.3472984795881833,multiclass,resnet,tox
YHVKDLQWTRCFEGSMNIPA,0.8029248703775028,0.4551890038421016,multiclass,custom,tox
YHVKDLQWTRCFEGSMNIPA,0.7512618459555419,0.388939200956355,multiclass,resnet,tox
YIPNCKGTSVRQMEDWALFH,0.7986951550298239,0.4398796049193229,multiclass,custom,tox
YIPNCKGTSVRQMEDWALFH,0.7662189171627631,0.4547249412455511,multiclass,resnet,tox
KYRTVSENQGICWDAHFMLP,0.7908048614929623,0.41346557581851695,multiclass,custom,tox
KYRTVSENQGICWDAHFMLP,0.7390357678294381,0.4013076738547138,multiclass,resnet,tox
DFPILKWNVGTQEHCAYRSM,0.794441124864556,0.4080739673523731,multiclass,custom,tox
DFPILKWNVGTQEHCAYRSM,0.7321551674482436,0.3726898237714698,multiclass,resnet,tox
VITNYKEWDHCLSFQRGMAP,0.7979082653736465,0.43457371962969216,multiclass,custom,tox
VITNYKEWDHCLSFQRGMAP,0.7241209223014046,0.39060173235487805,multiclass,resnet,tox
SLEIMQYWHTFCVDGKPNRA,0.7958319294977292,0.41053418761162935,multiclass,custom,tox
SLEIMQYWHTFCVDGKPNRA,0.7370646386436539,0.3618044568988694,multiclass,resnet,tox
MDYCSIQFWVKRTHANGPEL,0.7907827165042022,0.39157768190884507,multiclass,custom,tox
MDYCSIQFWVKRTHANGPEL,0.7341406091251029,0.3630924888171855,multiclass,resnet,tox
QTAPGCLYVWNIMFKHERSD,0.7954198951464531,0.4094841009077628,multiclass,custom,tox
QTAPGCLYVWNIMFKHERSD,0.7368918884998079,0.35596933037496026,multiclass,resnet,tox
WYVIPEQMAHLDGKSCRTNF,0.7954258650520403,0.4482570417548821,multiclass,custom,tox
WYVIPEQMAHLDGKSCRTNF,0.7332750882380779,0.4099145958702504,multiclass,resnet,tox
HRFNTIDSPYMKQAVCGWEL,0.8014912421773337,0.4456756772816125,multiclass,custom,tox
HRFNTIDSPYMKQAVCGWEL,0.7561295414155669,0.4296220933042033,multiclass,resnet,tox
KWHVIFSGCQRLETNYPADM,0.7963206197481226,0.4133408950240436,multiclass,custom,tox
KWHVIFSGCQRLETNYPADM,0.7403247796470204,0.42633403591402474,multiclass,resnet,tox
EIDGTSHAFLCYKWRPQNMV,0.7894104851558332,0.43814134642328667,multiclass,custom,tox
EIDGTSHAFLCYKWRPQNMV,0.7513486064353365,0.41168676841436563,multiclass,resnet,tox
CQRAYTIWSEVHDGFKMNPL,0.7891447748228331,0.44568068841219316,multiclass,custom,tox
CQRAYTIWSEVHDGFKMNPL,0.73038350087796,0.35370409710910833,multiclass,resnet,tox
TLEPWRNFGIYVKHADSCMQ,0.7969200168599964,0.4283454949160664,multiclass,custom,tox
TLEPWRNFGIYVKHADSCMQ,0.7295047533277584,0.42507438497716815,multiclass,resnet,tox
VHMNEPQYTIFCRLKDAWSG,0.7938394590948297,0.43906589647835637,multiclass,custom,tox
VHMNEPQYTIFCRLKDAWSG,0.7506566134852967,0.3928584487597178,multiclass,resnet,tox
LRPKHSWQMNCYIGAETFDV,0.7983160268357355,0.44331689957351966,multiclass,custom,tox
LRPKHSWQMNCYIGAETFDV,0.7512399876254267,0.3916015299442122,multiclass,resnet,tox
FDWAPGYLNQMCVKTHRISE,0.7880146165065803,0.4067073833251443,multiclass,custom,tox
FDWAPGYLNQMCVKTHRISE,0.6794512601094641,0.3218051879687915,multiclass,resnet,tox
GLYTEHDAKQVPFWNICSMR,0.7929441116568454,0.42964737817796106,multiclass,custom,tox
GLYTEHDAKQVPFWNICSMR,0.7667979420918494,0.4699980233648233,multiclass,resnet,tox
IEQGWTFNSVLKADHPCYRM,0.789689195513215,0.44873956621026306,multiclass,custom,tox
IEQGWTFNSVLKADHPCYRM,0.7524364496443169,0.40923747415903006,multiclass,resnet,tox
MVPGIQELNHRKTCAWFYSD,0.7848354967500111,0.40803134832366517,multiclass,custom,tox
MVPGIQELNHRKTCAWFYSD,0.7314899798634784,0.38350837227267803,multiclass,resnet,tox
DNWIVHYTGRCLQFESMAKP,0.7936278558810337,0.39251738314013995,multiclass,custom,tox
DNWIVHYTGRCLQFESMAKP,0.7381990409629273,0.38716417119849855,multiclass,resnet,tox
HYTKENVPIRDWCQFSLAMG,0.7973166874869756,0.4385894313189488,multiclass,custom,tox
HYTKENVPIRDWCQFSLAMG,0.7598331610969808,0.4140071538483669,multiclass,resnet,tox
GPFKMEVSYRWCNQDAHLIT,0.792541624244835,0.40127014158148366,multiclass,custom,tox
GPFKMEVSYRWCNQDAHLIT,0.7283576376342326,0.39815547061916645,multiclass,resnet,tox
ITGPVDMNLYFKCSQAWRHE,0.7937395293866507,0.43187872515072623,multiclass,custom,tox
ITGPVDMNLYFKCSQAWRHE,0.7369352120014779,0.39966448234207524,multiclass,resnet,tox
PQACRMNYGVIFKEHWTLSD,0.7894020445481245,0.42266768058690696,multiclass,custom,tox
PQACRMNYGVIFKEHWTLSD,0.7539789815459051,0.4249250594923204,multiclass,resnet,tox
AMDWFIHNREGVSQCLYTKP,0.7865743612325937,0.43051188914811267,multiclass,custom,tox
AMDWFIHNREGVSQCLYTKP,0.7268706810536065,0.40799674450797274,multiclass,resnet,tox
GKTAENHCVFIDWMRLPQYS,0.7969608116664895,0.4057595577750027,multiclass,custom,tox
GKTAENHCVFIDWMRLPQYS,0.69080154492441,0.34982724901034495,multiclass,resnet,tox
TYFIWKGRSLVNCHQDPEMA,0.7927899661660626,0.41757943741882614,multiclass,custom,tox
TYFIWKGRSLVNCHQDPEMA,0.7416522677242,0.44994484774094506,multiclass,resnet,tox
HNWSPEGFDIKYCRALQTMV,0.7953460751471456,0.4387049050519371,multiclass,custom,tox
HNWSPEGFDIKYCRALQTMV,0.7307286890147874,0.4178756126413517,multiclass,resnet,tox
QLNDFICEWYRSTHGVPAMK,0.8103681426619908,0.43347286772046667,multiclass,custom,tox
QLNDFICEWYRSTHGVPAMK,0.7346226790444031,0.38070671329384265,multiclass,resnet,tox
WRDCYINHVQPFLAKESGMT,0.790130577103695,0.42834140755009453,multiclass,custom,tox
WRDCYINHVQPFLAKESGMT,0.7179342826769626,0.36393186453394966,multiclass,resnet,tox
IATLFESVPRGMCKWYHDNQ,0.7927832879725958,0.41817096256649205,multiclass,custom,tox
IATLFESVPRGMCKWYHDNQ,0.7249308743352073,0.3848372729651027,multiclass,resnet,tox
KRPGHSETDLIFNYWMCVAQ,0.798873157087502,0.42462808654604745,multiclass,custom,tox
KRPGHSETDLIFNYWMCVAQ,0.7451459367128483,0.40115742894875767,multiclass,resnet,tox
DARIGHYLWSMNECTVQPKF,0.7963547533434109,0.43886763101446685,multiclass,custom,tox
DARIGHYLWSMNECTVQPKF,0.7477826056674839,0.4073958409766772,multiclass,resnet,tox
YDMQNSHWTVPAERGKLCFI,0.7913153411262904,0.43171483906111796,multiclass,custom,tox
YDMQNSHWTVPAERGKLCFI,0.7128093175691173,0.36673347443123805,multiclass,resnet,tox
GFKIEATPRDMCVSLWNHYQ,0.8010369044708966,0.44637836270963105,multiclass,custom,tox
GFKIEATPRDMCVSLWNHYQ,0.7364779782362156,0.3694477137984694,multiclass,resnet,tox
ESWHYVMCKNRFIPAGDQTL,0.7897492275808846,0.41637980793489443,multiclass,custom,tox
ESWHYVMCKNRFIPAGDQTL,0.7025977100505798,0.352339037178876,multiclass,resnet,tox
PSQMRVELIFNYTKWCADHG,0.8040731941172297,0.4273454365940264,multiclass,custom,tox
PSQMRVELIFNYTKWCADHG,0.7612629522870499,0.41662050592250177,multiclass,resnet,tox
YCWKTGNAQDLSERVHFPMI,0.797037429317738,0.442671686022848,multiclass,custom,tox
YCWKTGNAQDLSERVHFPMI,0.7303271500816579,0.3744754352491634,multiclass,resnet,tox
DVHTASEKLYMQPNIGCFWR,0.7934739190187259,0.4464368288746484,multiclass,custom,tox
DVHTASEKLYMQPNIGCFWR,0.733831477040593,0.40053503820106123,multiclass,resnet,tox
CIRQNDKWTVFSHYEALPGM,0.7971222173412417,0.452981445991131,multiclass,custom,tox
CIRQNDKWTVFSHYEALPGM,0.7341222773699163,0.36614430407650594,multiclass,resnet,tox
KYFCAWREPVNLGSDIQMHT,0.7924604419954004,0.42368045131404514,multiclass,custom,tox
KYFCAWREPVNLGSDIQMHT,0.7236872525850471,0.3259258658553071,multiclass,resnet,tox
MKYHNRTLPQIWVACDGFES,0.7879198527390543,0.43759713657001187,multiclass,custom,tox
MKYHNRTLPQIWVACDGFES,0.7282020251284775,0.41620232741724905,multiclass,resnet,tox
NDHIARPMFCTKWGLVSYQE,0.7867123997940146,0.4139760323379701,multiclass,custom,tox
NDHIARPMFCTKWGLVSYQE,0.7327159508003351,0.419206740107124,multiclass,resnet,tox
KQMYFDVGIREATSCPHWNL,0.8016082930306954,0.45972933759014056,multiclass,custom,tox
KQMYFDVGIREATSCPHWNL,0.7224261350485278,0.38845477094899783,multiclass,resnet,tox
LFTWMVDPQRICAEYKSGNH,0.7989713902955714,0.4283836667533206,multiclass,custom,tox
LFTWMVDPQRICAEYKSGNH,0.717280553726613,0.312339987976915,multiclass,resnet,tox
CPSFQDMHVIENTGLRYAKW,0.8032723345336714,0.4367931844084212,multiclass,custom,tox
CPSFQDMHVIENTGLRYAKW,0.7629125507568247,0.43530745255203457,multiclass,resnet,tox
LNTKFPICEQDVGWMAYSRH,0.7875151075106236,0.42960153989451727,multiclass,custom,tox
LNTKFPICEQDVGWMAYSRH,0.7398839922821866,0.4287649481886356,multiclass,resnet,tox
KRYNSWDMHVILCAQEGPFT,0.7978854271161746,0.4412410925622111,multiclass,custom,tox
KRYNSWDMHVILCAQEGPFT,0.7261181313499401,0.34549593531572514,multiclass,resnet,tox
LNQSTARDPWICHYMEFGKV,0.7930555329604981,0.4357089484973927,multiclass,custom,tox
LNQSTARDPWICHYMEFGKV,0.737141045999816,0.3760310725752097,multiclass,resnet,tox
GVWPTKADEYSLFNHCRIMQ,0.7814840919963311,0.3994248886162627,multiclass,custom,tox
GVWPTKADEYSLFNHCRIMQ,0.7544610311729619,0.4419588661183539,multiclass,resnet,tox
APTSKWGIDCMQNHRFVYLE,0.792616443447307,0.4169448749241786,multiclass,custom,tox
APTSKWGIDCMQNHRFVYLE,0.7298691348229551,0.4038631552240283,multiclass,resnet,tox
IWFDRPTCAGMESYQHVLNK,0.8002687782232678,0.4600582667405055,multiclass,custom,tox
IWFDRPTCAGMESYQHVLNK,0.7613269360779975,0.4047783137886669,multiclass,resnet,tox
TPQLGIFNDEWRAHCVYSKM,0.7932797494677875,0.419786254776849,multiclass,custom,tox
TPQLGIFNDEWRAHCVYSKM,0.7470252700869058,0.36853258262028843,multiclass,resnet,tox
KRIAEYFSWVNTGHMQCLPD,0.8060409488831917,0.4289057674351793,multiclass,custom,tox
KRIAEYFSWVNTGHMQCLPD,0.7608311578625216,0.42701472577297855,multiclass,resnet,tox
DPYERTFLMAKQSIHCGVWN,0.7914754665586425,0.4365260522308406,multiclass,custom,tox
DPYERTFLMAKQSIHCGVWN,0.7369554874409948,0.3935208317692501,multiclass,resnet,tox
LMCDGEPTFIYASRQVHKNW,0.794883683525548,0.4321500095033838,multiclass,custom,tox
LMCDGEPTFIYASRQVHKNW,0.6735123173426629,0.3114868455612424,multiclass,resnet,tox
NIKDGFYMPEAQSVHRTWCL,0.8019933072259672,0.4446159110361051,multiclass,custom,tox
NIKDGFYMPEAQSVHRTWCL,0.7342814358649392,0.37985179183742207,multiclass,resnet,tox
QRNMCWAITVGKDHPFLSYE,0.7923233220141951,0.4059219786834971,multiclass,custom,tox
QRNMCWAITVGKDHPFLSYE,0.715663278768616,0.3830811131527074,multiclass,resnet,tox
DESMFLQVRHWAPCGNYKIT,0.796401549650404,0.42271021163523537,multiclass,custom,tox
DESMFLQVRHWAPCGNYKIT,0.7260779054831825,0.42059662715252166,multiclass,resnet,tox
NLHARQTGVEDCIWKSPFMY,0.789015176301749,0.4271872280997958,multiclass,custom,tox
NLHARQTGVEDCIWKSPFMY,0.7410361298463854,0.3877240305796429,multiclass,resnet,tox
DIVAMCWSHRGQFLPEYKTN,0.7948952391864803,0.44720459954553304,multiclass,custom,tox
DIVAMCWSHRGQFLPEYKTN,0.7400956661427577,0.37960458785350104,multiclass,resnet,tox
TPKHEIGMVRQWDLSFCNAY,0.7922071285787344,0.40950261588166315,multiclass,custom,tox
TPKHEIGMVRQWDLSFCNAY,0.7255944878917165,0.3671794959028477,multiclass,resnet,tox
KCLTWDPASINFYEHMGRQV,0.7922564563758804,0.4368314002798737,multiclass,custom,tox
KCLTWDPASINFYEHMGRQV,0.7080391040982216,0.3502266048152595,multiclass,resnet,tox
QMWILKTESGRNHDVFYCPA,0.7969697572339082,0.45431562176815515,multiclass,custom,tox
QMWILKTESGRNHDVFYCPA,0.757336470002816,0.41259454979848253,multiclass,resnet,tox
HDEAPIVFNMYGCSRKQTWL,0.7989235643857038,0.43638525827084174,multiclass,custom,tox
HDEAPIVFNMYGCSRKQTWL,0.6994731486695943,0.3541008562693386,multiclass,resnet,tox
WGNYKEACSPIFVMLRHDQT,0.8021090591604304,0.43639329865722776,multiclass,custom,tox
WGNYKEACSPIFVMLRHDQT,0.7138411380797922,0.37732576400489537,multiclass,resnet,tox
GINRLSDACFWPYKEQHMVT,0.7928764424835613,0.4254240553433169,multiclass,custom,tox
GINRLSDACFWPYKEQHMVT,0.7202788449223487,0.39780517243803704,multiclass,resnet,tox
HKNMWFEDGYACLRIVPTSQ,0.795119218837552,0.43265981814894516,multiclass,custom,tox
HKNMWFEDGYACLRIVPTSQ,0.7347820168718261,0.38813313325135257,multiclass,resnet,tox
PAKSILYCQRFGDNTEWHVM,0.7932581183624202,0.4472878184314218,multiclass,custom,tox
PAKSILYCQRFGDNTEWHVM,0.7374424131325502,0.360184716567823,multiclass,resnet,tox
SPEAQVFHLRNYKGWMTCID,0.7935238627552084,0.43889468751296035,multiclass,custom,tox
SPEAQVFHLRNYKGWMTCID,0.7309790853765828,0.3688577138844084,multiclass,resnet,tox
ELQPFIKDAVSNRMGYTHWC,0.7957813239815199,0.4353334883792388,multiclass,custom,tox
ELQPFIKDAVSNRMGYTHWC,0.7099887805286913,0.36968186941052555,multiclass,resnet,tox
MFYGTPEKHINWSLAQRVDC,0.7999742458592725,0.4395704040861751,multiclass,custom,tox
MFYGTPEKHINWSLAQRVDC,0.7281167890783993,0.3640509656168446,multiclass,resnet,tox
DIMQWFRTKNVLESAGPCYH,0.8005721780337256,0.4331854609971398,multiclass,custom,tox
DIMQWFRTKNVLESAGPCYH,0.721031783384225,0.3803793777389687,multiclass,resnet,tox
MKTYDLPAERIFHVGNCQSW,0.792841672772925,0.45911429318420743,multiclass,custom,tox
MKTYDLPAERIFHVGNCQSW,0.728634317011746,0.38298238170302473,multiclass,resnet,tox
HKSFCWANPVQDRETGMLIY,0.7907477985752136,0.4332716826640054,multiclass,custom,tox
HKSFCWANPVQDRETGMLIY,0.7186351764788736,0.3835740937308741,multiclass,resnet,tox
NASTFDMCGHRQYWVPLKEI,0.7856943530913117,0.3880641234373525,multiclass,custom,tox
NASTFDMCGHRQYWVPLKEI,0.7370735846775129,0.39615791006516476,multiclass,resnet,tox
DREWKPIMVCNQTAHFSGYL,0.7947856346700317,0.42158350855679705,multiclass,custom,tox
DREWKPIMVCNQTAHFSGYL,0.7444132032445869,0.40607712003758517,multiclass,resnet,tox
EDNYPLIGQHMRKFVCSWAT,0.8022955731176588,0.44865592544654226,multiclass,custom,tox
EDNYPLIGQHMRKFVCSWAT,0.7411217601998491,0.37827827976439626,multiclass,resnet,tox
SHMPIDVWKFQYENLCGATR,0.793410774481859,0.40359792527727356,multiclass,custom,tox
SHMPIDVWKFQYENLCGATR,0.7119464407240101,0.38335379397296304,multiclass,resnet,tox
PAFCEQHTGDWKYSIVRMLN,0.7907706647533123,0.4708030219235625,multiclass,custom,tox
PAFCEQHTGDWKYSIVRMLN,0.7409525419007205,0.43017635105286944,multiclass,resnet,tox
NGFCAHSYRVPKQLDIMWET,0.7886682903680381,0.41835881865364327,multiclass,custom,tox
NGFCAHSYRVPKQLDIMWET,0.7095791390235949,0.3967951749238936,multiclass,resnet,tox
PLRKDYMWTEHAFNSGVICQ,0.7923610964233351,0.4311374921709656,multiclass,custom,tox
PLRKDYMWTEHAFNSGVICQ,0.7413434835042116,0.4239506557634717,multiclass,resnet,tox
CSIWRDMVTKEPFQHAYNGL,0.7950554221508922,0.4430508381909652,multiclass,custom,tox
CSIWRDMVTKEPFQHAYNGL,0.7582267521193335,0.3996183580029113,multiclass,resnet,tox
NYPVETCWIMDGAKHQFLSR,0.7947882731011564,0.4303416873919598,multiclass,custom,tox
NYPVETCWIMDGAKHQFLSR,0.7504968095945269,0.39701024116526606,multiclass,resnet,tox
RNPDEASWTCKIYFVMQLGH,0.7953496796841493,0.44150041689936625,multiclass,custom,tox
RNPDEASWTCKIYFVMQLGH,0.7300604755655697,0.37525148028444144,multiclass,resnet,tox
IKQDPCGELRVMYTSWAFNH,0.800536438100617,0.45216227486153837,multiclass,custom,tox
IKQDPCGELRVMYTSWAFNH,0.7089526911330121,0.3383259574173461,multiclass,resnet,tox
IHSFPDMRQTWYELNVKCGA,0.8070020507716258,0.4538940882818915,multiclass,custom,tox
IHSFPDMRQTWYELNVKCGA,0.7432119237797317,0.3779614660019898,multiclass,resnet,tox
