  epoch    train_loss    valid_acc    valid_loss     dur
-------  ------------  -----------  ------------  ------
      1        [36m2.0504[0m       [32m0.4982[0m        [35m0.8364[0m  0.2536
      2        [36m1.1659[0m       [32m0.5142[0m        [35m0.7278[0m  0.2308
      3        [36m0.9427[0m       [32m0.5374[0m        0.7291  0.2300
      4        [36m0.9089[0m       [32m0.6762[0m        [35m0.6620[0m  0.2258
      5        [36m0.8202[0m       [32m0.6851[0m        [35m0.6541[0m  0.2230
      6        [36m0.8081[0m       [32m0.7242[0m        [35m0.6318[0m  0.2292
      7        [36m0.7776[0m       [32m0.7295[0m        [35m0.6206[0m  0.2316
      8        [36m0.7603[0m       [32m0.7473[0m        [35m0.6104[0m  0.2248
      9        [36m0.7432[0m       0.7473        [35m0.6026[0m  0.2252
     10        [36m0.7287[0m       [32m0.7527[0m        [35m0.5964[0m  0.2419
  epoch    train_loss    valid_acc    valid_loss     dur
-------  ------------  -----------  ------------  ------
      1        [36m1.9516[0m       [32m0.5000[0m        [35m0.8069[0m  0.2414
      2        [36m1.1951[0m       [32m0.5302[0m        [35m0.6860[0m  0.2360
      3        [36m0.9448[0m       [32m0.5623[0m        [35m0.6693[0m  0.2374
      4        [36m0.9098[0m       [32m0.6406[0m        [35m0.6364[0m  0.2381
      5        [36m0.8577[0m       [32m0.6975[0m        [35m0.6165[0m  0.2376
      6        [36m0.8266[0m       [32m0.7295[0m        [35m0.6000[0m  0.2405
      7        [36m0.7988[0m       [32m0.7456[0m        [35m0.5868[0m  0.2383
      8        [36m0.7755[0m       [32m0.7527[0m        [35m0.5767[0m  0.2354
      9        [36m0.7567[0m       [32m0.7651[0m        [35m0.5680[0m  0.2290
     10        [36m0.7397[0m       [32m0.7722[0m        [35m0.5610[0m  0.2350
  epoch    train_loss    valid_acc    valid_loss     dur
-------  ------------  -----------  ------------  ------
      1        [36m1.5177[0m       [32m0.4995[0m        [35m3.9056[0m  0.4998
      2        2.9502       0.4995        [35m1.0832[0m  0.4688
      3        [36m1.2607[0m       [32m0.5014[0m        [35m0.9666[0m  0.4610
      4        [36m1.0988[0m       [32m0.5257[0m        [35m0.8054[0m  0.4553
      5        [36m0.9681[0m       [32m0.6013[0m        [35m0.7086[0m  0.4680
      6        [36m0.8762[0m       [32m0.6562[0m        [35m0.6605[0m  0.4737
      7        [36m0.8202[0m       [32m0.6931[0m        [35m0.6319[0m  0.4621
      8        [36m0.7812[0m       [32m0.7201[0m        [35m0.6136[0m  0.4511
      9        [36m0.7521[0m       [32m0.7354[0m        [35m0.6010[0m  0.4469
     10        [36m0.7295[0m       [32m0.7489[0m        [35m0.5918[0m  0.4588
  epoch    train_loss    valid_acc    valid_loss     dur
-------  ------------  -----------  ------------  ------
      1        [36m1.5146[0m       [32m0.4995[0m        [35m3.8996[0m  0.4576
      2        2.9480       0.4995        [35m1.0851[0m  0.4590
      3        [36m1.2616[0m       [32m0.5005[0m        [35m0.9679[0m  0.4528
      4        [36m1.1006[0m       [32m0.5257[0m        [35m0.8055[0m  0.4539
      5        [36m0.9692[0m       [32m0.6004[0m        [35m0.7081[0m  0.4507
      6        [36m0.8771[0m       [32m0.6535[0m        [35m0.6596[0m  0.4692
      7        [36m0.8210[0m       [32m0.6886[0m        [35m0.6308[0m  0.4552
      8        [36m0.7819[0m       [32m0.7165[0m        [35m0.6124[0m  0.4564
      9        [36m0.7528[0m       [32m0.7363[0m        [35m0.5996[0m  0.4432
     10        [36m0.7301[0m       [32m0.7489[0m        [35m0.5903[0m  0.4559
  epoch    train_loss    valid_acc    valid_loss     dur
-------  ------------  -----------  ------------  ------
      1        [36m1.5169[0m       [32m0.4995[0m        [35m3.9010[0m  0.4674
      2        2.9477       0.4995        [35m1.0851[0m  0.4647
      3        [36m1.2611[0m       [32m0.5014[0m        [35m0.9662[0m  0.4708
      4        [36m1.0984[0m       [32m0.5266[0m        [35m0.8044[0m  0.4632
      5        [36m0.9673[0m       [32m0.6022[0m        [35m0.7075[0m  0.4729
      6        [36m0.8755[0m       [32m0.6562[0m        [35m0.6594[0m  0.4783
      7        [36m0.8195[0m       [32m0.6904[0m        [35m0.6308[0m  0.4767
      8        [36m0.7805[0m       [32m0.7192[0m        [35m0.6125[0m  0.5027
      9        [36m0.7515[0m       [32m0.7390[0m        [35m0.5998[0m  0.4720
     10        [36m0.7289[0m       [32m0.7507[0m        [35m0.5905[0m  0.4675
  epoch    train_loss    valid_acc    valid_loss     dur
-------  ------------  -----------  ------------  ------
      1        [36m1.5157[0m       [32m0.4995[0m        [35m3.9030[0m  0.4611
      2        2.9507       0.4995        [35m1.0860[0m  0.4394
      3        [36m1.2610[0m       [32m0.5014[0m        [35m0.9690[0m  0.4446
      4        [36m1.0988[0m       [32m0.5257[0m        [35m0.8078[0m  0.4563
      5        [36m0.9680[0m       [32m0.6031[0m        [35m0.7108[0m  0.4527
      6        [36m0.8762[0m       [32m0.6544[0m        [35m0.6626[0m  0.4798
      7        [36m0.8202[0m       [32m0.6886[0m        [35m0.6339[0m  0.4782
      8        [36m0.7812[0m       [32m0.7183[0m        [35m0.6156[0m  0.4592
      9        [36m0.7522[0m       [32m0.7345[0m        [35m0.6028[0m  0.4594
     10        [36m0.7295[0m       [32m0.7462[0m        [35m0.5935[0m  0.4654
  epoch    train_loss    valid_acc    valid_loss     dur
-------  ------------  -----------  ------------  ------
      1        [36m1.5156[0m       [32m0.4995[0m        [35m3.9043[0m  0.4552
      2        2.9487       0.4995        [35m1.0875[0m  0.4598
      3        [36m1.2614[0m       [32m0.5014[0m        [35m0.9696[0m  0.4552
      4        [36m1.0989[0m       [32m0.5257[0m        [35m0.8082[0m  0.4554
      5        [36m0.9680[0m       [32m0.6022[0m        [35m0.7112[0m  0.4600
      6        [36m0.8762[0m       [32m0.6553[0m        [35m0.6629[0m  0.4606
      7        [36m0.8202[0m       [32m0.6931[0m        [35m0.6343[0m  0.4600
      8        [36m0.7811[0m       [32m0.7192[0m        [35m0.6159[0m  0.4574
      9        [36m0.7520[0m       [32m0.7381[0m        [35m0.6032[0m  0.4637
     10        [36m0.7294[0m       [32m0.7507[0m        [35m0.5939[0m  0.4505
  epoch    train_loss    valid_acc    valid_loss     dur
-------  ------------  -----------  ------------  ------
      1        [36m1.5143[0m       [32m0.4995[0m        [35m3.9203[0m  0.4600
      2        2.9480       0.4995        [35m1.0938[0m  0.4638
      3        [36m1.2624[0m       [32m0.5014[0m        [35m0.9731[0m  0.4604
      4        [36m1.0994[0m       [32m0.5257[0m        [35m0.8102[0m  0.4652
      5        [36m0.9686[0m       [32m0.6022[0m        [35m0.7121[0m  0.4638
      6        [36m0.8767[0m       [32m0.6544[0m        [35m0.6632[0m  0.4789
      7        [36m0.8205[0m       [32m0.6913[0m        [35m0.6342[0m  0.4603
      8        [36m0.7814[0m       [32m0.7183[0m        [35m0.6157[0m  0.4705
      9        [36m0.7523[0m       [32m0.7354[0m        [35m0.6029[0m  0.4653
     10        [36m0.7296[0m       [32m0.7471[0m        [35m0.5935[0m  0.4609
  epoch    train_loss    valid_acc    valid_loss     dur
-------  ------------  -----------  ------------  ------
      1        [36m1.5148[0m       [32m0.4995[0m        [35m3.9165[0m  0.4546
      2        2.9505       0.4995        [35m1.0874[0m  0.4765
      3        [36m1.2611[0m       [32m0.5014[0m        [35m0.9712[0m  0.4560
      4        [36m1.1003[0m       [32m0.5257[0m        [35m0.8083[0m  0.4634
      5        [36m0.9688[0m       [32m0.6013[0m        [35m0.7107[0m  0.4674
      6        [36m0.8769[0m       [32m0.6562[0m        [35m0.6621[0m  0.4590
      7        [36m0.8208[0m       [32m0.6895[0m        [35m0.6333[0m  0.4683
      8        [36m0.7817[0m       [32m0.7183[0m        [35m0.6149[0m  0.4625
      9        [36m0.7526[0m       [32m0.7363[0m        [35m0.6022[0m  0.5147
     10        [36m0.7299[0m       [32m0.7480[0m        [35m0.5929[0m  0.4572
  epoch    train_loss    valid_acc    valid_loss     dur
-------  ------------  -----------  ------------  ------
      1        [36m1.5071[0m       [32m0.4995[0m        [35m3.9092[0m  0.4648
      2        2.9478       0.4995        [35m1.0779[0m  0.4635
      3        [36m1.2578[0m       [32m0.5014[0m        [35m0.9625[0m  0.4623
      4        [36m1.0971[0m       [32m0.5266[0m        [35m0.8027[0m  0.4636
      5        [36m0.9677[0m       [32m0.6013[0m        [35m0.7065[0m  0.4647
      6        [36m0.8761[0m       [32m0.6535[0m        [35m0.6592[0m  0.4545
      7        [36m0.8204[0m       [32m0.6922[0m        [35m0.6311[0m  0.5007
      8        [36m0.7814[0m       [32m0.7165[0m        [35m0.6129[0m  0.4686
      9        [36m0.7523[0m       [32m0.7363[0m        [35m0.6003[0m  0.4642
     10        [36m0.7296[0m       [32m0.7507[0m        [35m0.5910[0m  0.4625
  epoch    train_loss    valid_acc    valid_loss     dur
-------  ------------  -----------  ------------  ------
      1        [36m1.5147[0m       [32m0.4995[0m        [35m3.9144[0m  0.4677
      2        2.9540       0.4995        [35m1.0885[0m  0.4688
      3        [36m1.2623[0m       [32m0.5005[0m        [35m0.9722[0m  0.4708
      4        [36m1.1014[0m       [32m0.5248[0m        [35m0.8092[0m  0.4715
      5        [36m0.9698[0m       [32m0.6013[0m        [35m0.7116[0m  0.4723
      6        [36m0.8776[0m       [32m0.6553[0m        [35m0.6630[0m  0.4741
      7        [36m0.8213[0m       [32m0.6895[0m        [35m0.6342[0m  0.4640
      8        [36m0.7822[0m       [32m0.7174[0m        [35m0.6157[0m  0.5034
      9        [36m0.7530[0m       [32m0.7363[0m        [35m0.6030[0m  0.4751
     10        [36m0.7303[0m       [32m0.7462[0m        [35m0.5937[0m  0.4678
  epoch    train_loss    valid_acc    valid_loss     dur
-------  ------------  -----------  ------------  ------
      1        [36m1.5142[0m       [32m0.4995[0m        [35m3.9090[0m  0.4636
      2        2.9511       0.4995        [35m1.0838[0m  0.4606
      3        [36m1.2594[0m       [32m0.5014[0m        [35m0.9692[0m  0.4650
      4        [36m1.0991[0m       [32m0.5257[0m        [35m0.8074[0m  0.4654
      5        [36m0.9679[0m       [32m0.6013[0m        [35m0.7103[0m  0.4698
      6        [36m0.8761[0m       [32m0.6535[0m        [35m0.6619[0m  0.4656
      7        [36m0.8200[0m       [32m0.6904[0m        [35m0.6333[0m  0.4716
      8        [36m0.7810[0m       [32m0.7174[0m        [35m0.6149[0m  0.4639
      9        [36m0.7519[0m       [32m0.7354[0m        [35m0.6021[0m  0.5013
     10        [36m0.7292[0m       [32m0.7462[0m        [35m0.5928[0m  0.4732
  epoch    train_loss    valid_acc    valid_loss     dur
-------  ------------  -----------  ------------  ------
      1        [36m1.5098[0m       [32m0.4995[0m        [35m3.9068[0m  0.4643
      2        2.9504       0.4995        [35m1.0793[0m  0.4623
      3        [36m1.2591[0m       [32m0.5014[0m        [35m0.9634[0m  0.4624
      4        [36m1.0976[0m       [32m0.5266[0m        [35m0.8033[0m  0.4742
      5        [36m0.9673[0m       [32m0.6031[0m        [35m0.7070[0m  0.4653
      6        [36m0.8756[0m       [32m0.6544[0m        [35m0.6593[0m  0.4701
      7        [36m0.8197[0m       [32m0.6949[0m        [35m0.6309[0m  0.4727
      8        [36m0.7807[0m       [32m0.7210[0m        [35m0.6128[0m  0.4665
      9        [36m0.7517[0m       [32m0.7372[0m        [35m0.6003[0m  0.4757
     10        [36m0.7291[0m       [32m0.7489[0m        [35m0.5912[0m  0.4789
  epoch    train_loss    valid_acc    valid_loss     dur
-------  ------------  -----------  ------------  ------
      1        [36m1.5114[0m       [32m0.4995[0m        [35m3.9137[0m  0.4726
      2        2.9481       0.4995        [35m1.0855[0m  0.4634
      3        [36m1.2607[0m       [32m0.5014[0m        [35m0.9688[0m  0.4706
      4        [36m1.0992[0m       [32m0.5257[0m        [35m0.8075[0m  0.4667
      5        [36m0.9687[0m       [32m0.6013[0m        [35m0.7104[0m  0.4667
      6        [36m0.8769[0m       [32m0.6553[0m        [35m0.6619[0m  0.4581
      7        [36m0.8207[0m       [32m0.6913[0m        [35m0.6331[0m  0.4643
      8        [36m0.7815[0m       [32m0.7192[0m        [35m0.6147[0m  0.4709
      9        [36m0.7524[0m       [32m0.7372[0m        [35m0.6020[0m  0.4686
     10        [36m0.7297[0m       [32m0.7498[0m        [35m0.5927[0m  0.4631
  epoch    train_loss    valid_acc    valid_loss     dur
-------  ------------  -----------  ------------  ------
      1        [36m1.5118[0m       [32m0.5000[0m        [35m3.9216[0m  0.4598
      2        2.9542       0.5000        [35m1.0902[0m  0.4698
      3        [36m1.2629[0m       [32m0.5018[0m        [35m0.9704[0m  0.4646
      4        [36m1.0995[0m       [32m0.5261[0m        [35m0.8077[0m  0.4570
      5        [36m0.9683[0m       [32m0.6025[0m        [35m0.7101[0m  0.4587
      6        [36m0.8763[0m       [32m0.6556[0m        [35m0.6616[0m  0.4570
      7        [36m0.8203[0m       [32m0.6888[0m        [35m0.6328[0m  0.4553
      8        [36m0.7813[0m       [32m0.7176[0m        [35m0.6144[0m  0.4622
      9        [36m0.7523[0m       [32m0.7356[0m        [35m0.6016[0m  0.4668
     10        [36m0.7296[0m       [32m0.7500[0m        [35m0.5923[0m  0.4561
  epoch    train_loss    valid_acc    valid_loss     dur
-------  ------------  -----------  ------------  ------
      1        [36m1.5240[0m       [32m0.5000[0m        [35m3.9027[0m  0.4709
      2        2.9468       0.5000        [35m1.0887[0m  0.4778
      3        [36m1.2599[0m       [32m0.5018[0m        [35m0.9739[0m  0.4662
      4        [36m1.0999[0m       [32m0.5261[0m        [35m0.8110[0m  0.4713
      5        [36m0.9686[0m       [32m0.6007[0m        [35m0.7128[0m  0.4651
      6        [36m0.8766[0m       [32m0.6538[0m        [35m0.6639[0m  0.4575
      7        [36m0.8205[0m       [32m0.6879[0m        [35m0.6348[0m  0.4631
      8        [36m0.7814[0m       [32m0.7176[0m        [35m0.6160[0m  0.4704
      9        [36m0.7522[0m       [32m0.7329[0m        [35m0.6031[0m  0.4653
     10        [36m0.7295[0m       [32m0.7482[0m        [35m0.5937[0m  0.4660
  epoch    train_loss    valid_acc    valid_loss     dur
-------  ------------  -----------  ------------  ------
      1        [36m1.5093[0m       [32m0.5000[0m        [35m3.9016[0m  0.4694
      2        2.9572       0.5000        [35m1.0764[0m  0.4713
      3        [36m1.2580[0m       [32m0.5018[0m        [35m0.9661[0m  0.4699
      4        [36m1.0995[0m       [32m0.5261[0m        [35m0.8056[0m  0.4666
      5        [36m0.9684[0m       [32m0.5989[0m        [35m0.7094[0m  0.4666
      6        [36m0.8766[0m       [32m0.6529[0m        [35m0.6615[0m  0.4642
      7        [36m0.8205[0m       [32m0.6906[0m        [35m0.6331[0m  0.4686
      8        [36m0.7814[0m       [32m0.7167[0m        [35m0.6149[0m  0.4573
      9        [36m0.7523[0m       [32m0.7365[0m        [35m0.6023[0m  0.4640
     10        [36m0.7297[0m       [32m0.7464[0m        [35m0.5931[0m  0.4608
  epoch    train_loss    valid_acc    valid_loss     dur
-------  ------------  -----------  ------------  ------
      1        [36m1.5079[0m       [32m0.5000[0m        [35m3.9018[0m  0.4633
      2        2.9427       0.5000        [35m1.0781[0m  0.4688
      3        [36m1.2574[0m       [32m0.5018[0m        [35m0.9633[0m  0.4523
      4        [36m1.0967[0m       [32m0.5288[0m        [35m0.8034[0m  0.4636
      5        [36m0.9670[0m       [32m0.6016[0m        [35m0.7068[0m  0.4593
      6        [36m0.8755[0m       [32m0.6520[0m        [35m0.6586[0m  0.4657
      7        [36m0.8196[0m       [32m0.6951[0m        [35m0.6302[0m  0.4647
      8        [36m0.7808[0m       [32m0.7185[0m        [35m0.6118[0m  0.4614
      9        [36m0.7519[0m       [32m0.7383[0m        [35m0.5991[0m  0.4537
     10        [36m0.7293[0m       [32m0.7473[0m        [35m0.5899[0m  0.4570
  epoch    train_loss    valid_acc    valid_loss     dur
-------  ------------  -----------  ------------  ------
      1        [36m1.5153[0m       [32m0.5000[0m        [35m3.9201[0m  0.4764
      2        2.9482       0.5000        [35m1.0938[0m  0.4721
      3        [36m1.2638[0m       [32m0.5018[0m        [35m0.9726[0m  0.4624
      4        [36m1.1005[0m       [32m0.5261[0m        [35m0.8091[0m  0.5078
      5        [36m0.9690[0m       [32m0.6007[0m        [35m0.7111[0m  0.4580
      6        [36m0.8770[0m       [32m0.6556[0m        [35m0.6623[0m  0.4661
      7        [36m0.8209[0m       [32m0.6915[0m        [35m0.6333[0m  0.4530
      8        [36m0.7818[0m       [32m0.7203[0m        [35m0.6148[0m  0.4640
      9        [36m0.7528[0m       [32m0.7383[0m        [35m0.6020[0m  0.4733
     10        [36m0.7301[0m       [32m0.7491[0m        [35m0.5926[0m  0.4613
  epoch    train_loss    valid_acc    valid_loss     dur
-------  ------------  -----------  ------------  ------
      1        [36m1.5099[0m       [32m0.5000[0m        [35m3.9100[0m  0.4529
      2        2.9512       0.5000        [35m1.0783[0m  0.4515
      3        [36m1.2569[0m       [32m0.5018[0m        [35m0.9655[0m  0.4679
      4        [36m1.0977[0m       [32m0.5270[0m        [35m0.8045[0m  0.4683
      5        [36m0.9672[0m       [32m0.6016[0m        [35m0.7082[0m  0.4613
      6        [36m0.8756[0m       [32m0.6556[0m        [35m0.6604[0m  0.4633
      7        [36m0.8198[0m       [32m0.6969[0m        [35m0.6321[0m  0.4689
      8        [36m0.7809[0m       [32m0.7185[0m        [35m0.6140[0m  0.4577
      9        [36m0.7519[0m       [32m0.7374[0m        [35m0.6014[0m  0.4695
     10        [36m0.7293[0m       [32m0.7500[0m        [35m0.5923[0m  0.4656
  epoch    train_loss    valid_acc    valid_loss     dur
-------  ------------  -----------  ------------  ------
      1        [36m1.5083[0m       [32m0.5000[0m        [35m3.9159[0m  0.4704
      2        2.9488       0.5000        [35m1.0830[0m  0.4573
      3        [36m1.2576[0m       [32m0.5018[0m        [35m0.9684[0m  0.4634
      4        [36m1.0985[0m       [32m0.5261[0m        [35m0.8058[0m  0.4735
      5        [36m0.9673[0m       [32m0.6034[0m        [35m0.7090[0m  0.4619
      6        [36m0.8756[0m       [32m0.6547[0m        [35m0.6610[0m  0.4608
      7        [36m0.8198[0m       [32m0.6924[0m        [35m0.6326[0m  0.4530
      8        [36m0.7809[0m       [32m0.7185[0m        [35m0.6144[0m  0.4619
      9        [36m0.7519[0m       [32m0.7374[0m        [35m0.6018[0m  0.4674
     10        [36m0.7293[0m       [32m0.7500[0m        [35m0.5926[0m  0.4587
  epoch    train_loss    valid_acc    valid_loss     dur
-------  ------------  -----------  ------------  ------
      1        [36m1.5108[0m       [32m0.5000[0m        [35m3.8865[0m  0.4547
      2        2.9500       0.5000        [35m1.0810[0m  0.4551
      3        [36m1.2600[0m       [32m0.5018[0m        [35m0.9658[0m  0.4580
      4        [36m1.0985[0m       [32m0.5261[0m        [35m0.8057[0m  0.4595
      5        [36m0.9676[0m       [32m0.6007[0m        [35m0.7096[0m  0.5202
      6        [36m0.8758[0m       [32m0.6556[0m        [35m0.6618[0m  0.4648
      7        [36m0.8199[0m       [32m0.6933[0m        [35m0.6334[0m  0.4538
      8        [36m0.7808[0m       [32m0.7194[0m        [35m0.6151[0m  0.4579
      9        [36m0.7518[0m       [32m0.7365[0m        [35m0.6025[0m  0.4565
     10        [36m0.7292[0m       [32m0.7518[0m        [35m0.5933[0m  0.4592
  epoch    train_loss    valid_acc    valid_loss     dur
-------  ------------  -----------  ------------  ------
      1        [36m1.5135[0m       [32m0.5000[0m        [35m3.9169[0m  0.4593
      2        2.9471       0.5000        [35m1.0906[0m  0.4707
      3        [36m1.2606[0m       [32m0.5018[0m        [35m0.9717[0m  0.4670
      4        [36m1.0980[0m       [32m0.5270[0m        [35m0.8093[0m  0.4759
      5        [36m0.9662[0m       [32m0.6016[0m        [35m0.7122[0m  0.4649
      6        [36m0.8747[0m       [32m0.6565[0m        [35m0.6637[0m  0.4671
      7        [36m0.8188[0m       [32m0.6888[0m        [35m0.6349[0m  0.4676
      8        [36m0.7799[0m       [32m0.7176[0m        [35m0.6163[0m  0.4720
      9        [36m0.7509[0m       [32m0.7356[0m        [35m0.6035[0m  0.4769
     10        [36m0.7283[0m       [32m0.7464[0m        [35m0.5941[0m  0.4708
  epoch    train_loss    valid_acc    valid_loss     dur
-------  ------------  -----------  ------------  ------
      1        [36m1.5141[0m       [32m0.5000[0m        [35m3.9068[0m  0.4440
      2        2.9472       0.5000        [35m1.0898[0m  0.4470
      3        [36m1.2610[0m       [32m0.5018[0m        [35m0.9715[0m  0.4709
      4        [36m1.0985[0m       [32m0.5261[0m        [35m0.8099[0m  0.4561
      5        [36m0.9678[0m       [32m0.6007[0m        [35m0.7127[0m  0.4726
      6        [36m0.8761[0m       [32m0.6538[0m        [35m0.6644[0m  0.4625
      7        [36m0.8201[0m       [32m0.6888[0m        [35m0.6357[0m  0.4689
      8        [36m0.7811[0m       [32m0.7176[0m        [35m0.6173[0m  0.4480
      9        [36m0.7521[0m       [32m0.7365[0m        [35m0.6045[0m  0.4640
     10        [36m0.7295[0m       [32m0.7473[0m        [35m0.5952[0m  0.4620
  epoch    train_loss    valid_acc    valid_loss     dur
-------  ------------  -----------  ------------  ------
      1        [36m1.5149[0m       [32m0.5000[0m        [35m3.9158[0m  0.4652
      2        2.9433       0.5000        [35m1.0787[0m  0.4664
      3        [36m1.2522[0m       [32m0.5018[0m        [35m0.9652[0m  0.4727
      4        [36m1.0931[0m       [32m0.5288[0m        [35m0.8050[0m  0.4550
      5        [36m0.9641[0m       [32m0.6034[0m        [35m0.7081[0m  0.4650
      6        [36m0.8729[0m       [32m0.6547[0m        [35m0.6601[0m  0.4734
      7        [36m0.8173[0m       [32m0.6951[0m        [35m0.6317[0m  0.4813
      8        [36m0.7785[0m       [32m0.7203[0m        [35m0.6134[0m  0.4751
      9        [36m0.7496[0m       [32m0.7392[0m        [35m0.6008[0m  0.4696
     10        [36m0.7271[0m       [32m0.7527[0m        [35m0.5917[0m  0.4715
  epoch    train_loss    valid_acc    valid_loss     dur
-------  ------------  -----------  ------------  ------
      1        [36m1.5143[0m       [32m0.5000[0m        [35m3.8986[0m  0.4637
      2        2.9476       0.5000        [35m1.0836[0m  0.4565
      3        [36m1.2593[0m       [32m0.5018[0m        [35m0.9681[0m  0.4769
      4        [36m1.0991[0m       [32m0.5252[0m        [35m0.8064[0m  0.4610
      5        [36m0.9680[0m       [32m0.6007[0m        [35m0.7097[0m  0.4661
      6        [36m0.8763[0m       [32m0.6556[0m        [35m0.6616[0m  0.4428
      7        [36m0.8204[0m       [32m0.6933[0m        [35m0.6331[0m  0.4486
      8        [36m0.7814[0m       [32m0.7203[0m        [35m0.6148[0m  0.4583
      9        [36m0.7524[0m       [32m0.7374[0m        [35m0.6022[0m  0.4511
     10        [36m0.7298[0m       [32m0.7464[0m        [35m0.5930[0m  0.4473
  epoch    train_loss    valid_acc    valid_loss     dur
-------  ------------  -----------  ------------  ------
      1        [36m1.5113[0m       [32m0.5000[0m        [35m3.8970[0m  0.4604
      2        2.9529       0.5000        [35m1.0781[0m  0.4827
      3        [36m1.2568[0m       [32m0.5018[0m        [35m0.9671[0m  0.4675
      4        [36m1.0984[0m       [32m0.5261[0m        [35m0.8057[0m  0.4676
      5        [36m0.9670[0m       [32m0.5998[0m        [35m0.7094[0m  0.4765
      6        [36m0.8753[0m       [32m0.6538[0m        [35m0.6613[0m  0.4708
      7        [36m0.8194[0m       [32m0.6915[0m        [35m0.6328[0m  0.4526
      8        [36m0.7804[0m       [32m0.7203[0m        [35m0.6145[0m  0.4873
      9        [36m0.7515[0m       [32m0.7365[0m        [35m0.6018[0m  0.4660
     10        [36m0.7289[0m       [32m0.7500[0m        [35m0.5925[0m  0.4630
  epoch    train_loss    valid_acc    valid_loss     dur
-------  ------------  -----------  ------------  ------
      1        [36m1.5112[0m       [32m0.5000[0m        [35m3.9087[0m  0.4674
      2        2.9523       0.5000        [35m1.0845[0m  0.4735
      3        [36m1.2614[0m       [32m0.5018[0m        [35m0.9674[0m  0.4765
      4        [36m1.0995[0m       [32m0.5261[0m        [35m0.8061[0m  0.5109
      5        [36m0.9685[0m       [32m0.6025[0m        [35m0.7093[0m  0.4624
      6        [36m0.8766[0m       [32m0.6556[0m        [35m0.6611[0m  0.4663
      7        [36m0.8205[0m       [32m0.6906[0m        [35m0.6325[0m  0.4640
      8        [36m0.7815[0m       [32m0.7194[0m        [35m0.6141[0m  0.4735
      9        [36m0.7524[0m       [32m0.7356[0m        [35m0.6014[0m  0.4577
     10        [36m0.7298[0m       [32m0.7482[0m        [35m0.5922[0m  0.4651
  epoch    train_loss    valid_acc    valid_loss     dur
-------  ------------  -----------  ------------  ------
      1        [36m1.5130[0m       [32m0.5000[0m        [35m3.9202[0m  0.4666
      2        2.9592       0.5000        [35m1.0793[0m  0.4662
      3        [36m1.2591[0m       [32m0.5018[0m        [35m0.9671[0m  0.4635
      4        [36m1.0989[0m       [32m0.5261[0m        [35m0.8062[0m  0.4692
      5        [36m0.9679[0m       [32m0.6007[0m        [35m0.7097[0m  0.4620
      6        [36m0.8760[0m       [32m0.6529[0m        [35m0.6617[0m  0.4686
      7        [36m0.8198[0m       [32m0.6924[0m        [35m0.6333[0m  0.4602
      8        [36m0.7808[0m       [32m0.7185[0m        [35m0.6151[0m  0.4604
      9        [36m0.7517[0m       [32m0.7365[0m        [35m0.6025[0m  0.4670
     10        [36m0.7291[0m       [32m0.7482[0m        [35m0.5933[0m  0.4640
  epoch    train_loss    valid_acc    valid_loss     dur
-------  ------------  -----------  ------------  ------
      1        [36m1.5158[0m       [32m0.5000[0m        [35m3.9152[0m  0.4523
      2        2.9558       0.5000        [35m1.0890[0m  0.4609
      3        [36m1.2627[0m       [32m0.5018[0m        [35m0.9711[0m  0.4597
      4        [36m1.1002[0m       [32m0.5252[0m        [35m0.8085[0m  0.4660
      5        [36m0.9685[0m       [32m0.6007[0m        [35m0.7109[0m  0.4643
      6        [36m0.8764[0m       [32m0.6538[0m        [35m0.6624[0m  0.4519
      7        [36m0.8202[0m       [32m0.6897[0m        [35m0.6336[0m  0.4689
      8        [36m0.7812[0m       [32m0.7194[0m        [35m0.6151[0m  0.4555
      9        [36m0.7521[0m       [32m0.7374[0m        [35m0.6023[0m  0.4707
     10        [36m0.7294[0m       [32m0.7500[0m        [35m0.5930[0m  0.4670
  epoch    train_loss    valid_acc    valid_loss     dur
-------  ------------  -----------  ------------  ------
      1        [36m1.5050[0m       [32m0.5000[0m        [35m3.9121[0m  0.4689
      2        2.9546       0.5000        [35m1.0758[0m  0.4641
      3        [36m1.2575[0m       [32m0.5018[0m        [35m0.9635[0m  0.4609
      4        [36m1.0976[0m       [32m0.5270[0m        [35m0.8043[0m  0.4653
      5        [36m0.9680[0m       [32m0.6025[0m        [35m0.7084[0m  0.4599
      6        [36m0.8764[0m       [32m0.6556[0m        [35m0.6608[0m  0.4646
      7        [36m0.8204[0m       [32m0.6933[0m        [35m0.6327[0m  0.4672
      8        [36m0.7813[0m       [32m0.7203[0m        [35m0.6146[0m  0.4687
      9        [36m0.7523[0m       [32m0.7356[0m        [35m0.6021[0m  0.4612
     10        [36m0.7296[0m       [32m0.7464[0m        [35m0.5930[0m  0.4739
  epoch    train_loss    valid_acc    valid_loss     dur
-------  ------------  -----------  ------------  ------
      1        [36m1.5141[0m       [32m0.5000[0m        [35m3.9091[0m  0.4719
      2        2.9530       0.5000        [35m1.0827[0m  0.4723
      3        [36m1.2596[0m       [32m0.5018[0m        [35m0.9701[0m  0.4706
      4        [36m1.0999[0m       [32m0.5270[0m        [35m0.8072[0m  0.4713
      5        [36m0.9678[0m       [32m0.6007[0m        [35m0.7099[0m  0.4665
      6        [36m0.8756[0m       [32m0.6529[0m        [35m0.6616[0m  0.4677
      7        [36m0.8195[0m       [32m0.6915[0m        [35m0.6330[0m  0.4741
      8        [36m0.7805[0m       [32m0.7185[0m        [35m0.6146[0m  0.4609
      9        [36m0.7515[0m       [32m0.7374[0m        [35m0.6019[0m  0.4706
     10        [36m0.7289[0m       [32m0.7491[0m        [35m0.5926[0m  0.4662
  epoch    train_loss    valid_acc    valid_loss     dur
-------  ------------  -----------  ------------  ------
      1        [36m1.5149[0m       [32m0.5000[0m        [35m3.8923[0m  0.4649
      2        2.9530       0.5000        [35m1.0786[0m  0.4691
      3        [36m1.2593[0m       [32m0.5018[0m        [35m0.9663[0m  0.4652
      4        [36m1.0992[0m       [32m0.5261[0m        [35m0.8063[0m  0.4633
      5        [36m0.9682[0m       [32m0.6016[0m        [35m0.7103[0m  0.4630
      6        [36m0.8762[0m       [32m0.6547[0m        [35m0.6625[0m  0.4642
      7        [36m0.8201[0m       [32m0.6924[0m        [35m0.6342[0m  0.4596
      8        [36m0.7811[0m       [32m0.7176[0m        [35m0.6160[0m  0.4549
      9        [36m0.7520[0m       [32m0.7347[0m        [35m0.6035[0m  0.4575
     10        [36m0.7294[0m       [32m0.7482[0m        [35m0.5943[0m  0.4574
  epoch    train_loss    valid_acc    valid_loss     dur
-------  ------------  -----------  ------------  ------
      1        [36m1.5140[0m       [32m0.5000[0m        [35m3.9117[0m  0.4582
      2        2.9459       0.5000        [35m1.0876[0m  0.4722
      3        [36m1.2575[0m       [32m0.5018[0m        [35m0.9740[0m  0.4710
      4        [36m1.1000[0m       [32m0.5270[0m        [35m0.8081[0m  0.4649
      5        [36m0.9664[0m       [32m0.5998[0m        [35m0.7110[0m  0.4626
      6        [36m0.8747[0m       [32m0.6529[0m        [35m0.6629[0m  0.4704
      7        [36m0.8191[0m       [32m0.6924[0m        [35m0.6342[0m  0.4707
      8        [36m0.7803[0m       [32m0.7167[0m        [35m0.6159[0m  0.4773
      9        [36m0.7514[0m       [32m0.7347[0m        [35m0.6032[0m  0.4615
     10        [36m0.7288[0m       [32m0.7473[0m        [35m0.5940[0m  0.4600
  epoch    train_loss    valid_acc    valid_loss     dur
-------  ------------  -----------  ------------  ------
      1        [36m1.5142[0m       [32m0.5000[0m        [35m3.9175[0m  0.4524
      2        2.9501       0.5000        [35m1.0859[0m  0.4652
      3        [36m1.2592[0m       [32m0.5018[0m        [35m0.9708[0m  0.4695
      4        [36m1.0986[0m       [32m0.5252[0m        [35m0.8089[0m  0.4641
      5        [36m0.9680[0m       [32m0.6016[0m        [35m0.7116[0m  0.4594
      6        [36m0.8762[0m       [32m0.6556[0m        [35m0.6632[0m  0.4633
      7        [36m0.8202[0m       [32m0.6888[0m        [35m0.6344[0m  0.4677
      8        [36m0.7812[0m       [32m0.7185[0m        [35m0.6159[0m  0.4647
      9        [36m0.7521[0m       [32m0.7356[0m        [35m0.6031[0m  0.4622
     10        [36m0.7295[0m       [32m0.7482[0m        [35m0.5938[0m  0.4611
  epoch    train_loss    valid_acc    valid_loss     dur
-------  ------------  -----------  ------------  ------
      1        [36m1.5106[0m       [32m0.5000[0m        [35m3.8874[0m  0.4579
      2        2.9495       0.5000        [35m1.0737[0m  0.4570
      3        [36m1.2566[0m       [32m0.5018[0m        [35m0.9602[0m  0.4583
      4        [36m1.0963[0m       [32m0.5288[0m        [35m0.8010[0m  0.4643
      5        [36m0.9663[0m       [32m0.6025[0m        [35m0.7055[0m  0.4586
      6        [36m0.8748[0m       [32m0.6565[0m        [35m0.6582[0m  0.4594
      7        [36m0.8190[0m       [32m0.6969[0m        [35m0.6301[0m  0.4544
      8        [36m0.7801[0m       [32m0.7212[0m        [35m0.6121[0m  0.4552
      9        [36m0.7512[0m       [32m0.7392[0m        [35m0.5996[0m  0.4623
     10        [36m0.7286[0m       [32m0.7518[0m        [35m0.5905[0m  0.4701
  epoch    train_loss    valid_acc    valid_loss     dur
-------  ------------  -----------  ------------  ------
      1        [36m1.5149[0m       [32m0.5000[0m        [35m3.9047[0m  0.4615
      2        2.9505       0.5000        [35m1.0848[0m  0.4705
      3        [36m1.2603[0m       [32m0.5018[0m        [35m0.9670[0m  0.4644
      4        [36m1.0980[0m       [32m0.5270[0m        [35m0.8056[0m  0.4845
      5        [36m0.9672[0m       [32m0.6025[0m        [35m0.7089[0m  0.4733
      6        [36m0.8755[0m       [32m0.6556[0m        [35m0.6608[0m  0.4765
      7        [36m0.8196[0m       [32m0.6915[0m        [35m0.6324[0m  0.4718
      8        [36m0.7807[0m       [32m0.7185[0m        [35m0.6141[0m  0.4758
      9        [36m0.7517[0m       [32m0.7383[0m        [35m0.6015[0m  0.4770
     10        [36m0.7291[0m       [32m0.7500[0m        [35m0.5922[0m  0.4636
  epoch    train_loss    valid_acc    valid_loss     dur
-------  ------------  -----------  ------------  ------
      1        [36m1.5101[0m       [32m0.5000[0m        [35m3.9096[0m  0.4621
      2        2.9484       0.5000        [35m1.0871[0m  0.4649
      3        [36m1.2596[0m       [32m0.5018[0m        [35m0.9704[0m  0.4621
      4        [36m1.0985[0m       [32m0.5270[0m        [35m0.8090[0m  0.4635
      5        [36m0.9680[0m       [32m0.6007[0m        [35m0.7122[0m  0.4717
      6        [36m0.8763[0m       [32m0.6529[0m        [35m0.6641[0m  0.4631
      7        [36m0.8205[0m       [32m0.6888[0m        [35m0.6355[0m  0.4670
      8        [36m0.7815[0m       [32m0.7158[0m        [35m0.6171[0m  0.4600
      9        [36m0.7524[0m       [32m0.7311[0m        [35m0.6044[0m  0.4653
     10        [36m0.7297[0m       [32m0.7437[0m        [35m0.5951[0m  0.4662
  epoch    train_loss    valid_acc    valid_loss     dur
-------  ------------  -----------  ------------  ------
      1        [36m1.5138[0m       [32m0.5000[0m        [35m3.9043[0m  0.4785
      2        2.9485       0.5000        [35m1.0896[0m  0.4644
      3        [36m1.2620[0m       [32m0.5018[0m        [35m0.9722[0m  0.4751
      4        [36m1.1006[0m       [32m0.5243[0m        [35m0.8092[0m  0.4783
      5        [36m0.9686[0m       [32m0.5998[0m        [35m0.7119[0m  0.4752
      6        [36m0.8765[0m       [32m0.6547[0m        [35m0.6635[0m  0.4807
      7        [36m0.8204[0m       [32m0.6897[0m        [35m0.6350[0m  0.4778
      8        [36m0.7814[0m       [32m0.7185[0m        [35m0.6167[0m  0.4765
      9        [36m0.7524[0m       [32m0.7365[0m        [35m0.6040[0m  0.4828
     10        [36m0.7298[0m       [32m0.7455[0m        [35m0.5948[0m  0.4668
  epoch    train_loss    valid_acc    valid_loss     dur
-------  ------------  -----------  ------------  ------
      1        [36m1.5113[0m       [32m0.5000[0m        [35m3.9095[0m  0.4661
      2        2.9491       0.5000        [35m1.0835[0m  0.4581
      3        [36m1.2578[0m       [32m0.5018[0m        [35m0.9679[0m  0.4564
      4        [36m1.0968[0m       [32m0.5270[0m        [35m0.8067[0m  0.4571
      5        [36m0.9653[0m       [32m0.6016[0m        [35m0.7108[0m  0.4613
      6        [36m0.8737[0m       [32m0.6556[0m        [35m0.6630[0m  0.4628
      7        [36m0.8181[0m       [32m0.6906[0m        [35m0.6346[0m  0.4654
      8        [36m0.7793[0m       [32m0.7185[0m        [35m0.6163[0m  0.4609
      9        [36m0.7504[0m       [32m0.7392[0m        [35m0.6036[0m  0.4575
     10        [36m0.7279[0m       [32m0.7500[0m        [35m0.5943[0m  0.4658
  epoch    train_loss    valid_acc    valid_loss     dur
-------  ------------  -----------  ------------  ------
      1        [36m1.5122[0m       [32m0.5000[0m        [35m3.8983[0m  0.4700
      2        2.9511       0.5000        [35m1.0791[0m  0.4585
      3        [36m1.2600[0m       [32m0.5018[0m        [35m0.9636[0m  0.4733
      4        [36m1.0986[0m       [32m0.5270[0m        [35m0.8035[0m  0.4605
      5        [36m0.9681[0m       [32m0.6025[0m        [35m0.7073[0m  0.4510
      6        [36m0.8763[0m       [32m0.6556[0m        [35m0.6595[0m  0.4607
      7        [36m0.8203[0m       [32m0.6924[0m        [35m0.6312[0m  0.4622
      8        [36m0.7814[0m       [32m0.7185[0m        [35m0.6130[0m  0.4600
      9        [36m0.7524[0m       [32m0.7365[0m        [35m0.6004[0m  0.4588
     10        [36m0.7297[0m       [32m0.7518[0m        [35m0.5911[0m  0.4685
  epoch    train_loss    valid_acc    valid_loss     dur
-------  ------------  -----------  ------------  ------
      1        [36m1.5100[0m       [32m0.5000[0m        [35m3.9231[0m  0.4675
      2        2.9490       0.5000        [35m1.0875[0m  0.4760
      3        [36m1.2580[0m       [32m0.5018[0m        [35m0.9715[0m  0.4687
      4        [36m1.0975[0m       [32m0.5270[0m        [35m0.8089[0m  0.4697
      5        [36m0.9667[0m       [32m0.6025[0m        [35m0.7115[0m  0.4712
      6        [36m0.8751[0m       [32m0.6556[0m        [35m0.6631[0m  0.4694
      7        [36m0.8194[0m       [32m0.6897[0m        [35m0.6343[0m  0.4711
      8        [36m0.7805[0m       [32m0.7203[0m        [35m0.6158[0m  0.4661
      9        [36m0.7515[0m       [32m0.7383[0m        [35m0.6029[0m  0.4681
     10        [36m0.7290[0m       [32m0.7500[0m        [35m0.5935[0m  0.4667
  epoch    train_loss    valid_acc    valid_loss     dur
-------  ------------  -----------  ------------  ------
      1        [36m1.5089[0m       [32m0.5000[0m        [35m3.9023[0m  0.4639
      2        2.9472       0.5000        [35m1.0791[0m  0.4566
      3        [36m1.2577[0m       [32m0.5018[0m        [35m0.9648[0m  0.4571
      4        [36m1.0971[0m       [32m0.5270[0m        [35m0.8047[0m  0.4626
      5        [36m0.9673[0m       [32m0.6016[0m        [35m0.7082[0m  0.4672
      6        [36m0.8758[0m       [32m0.6538[0m        [35m0.6602[0m  0.4567
      7        [36m0.8199[0m       [32m0.6915[0m        [35m0.6317[0m  0.4632
      8        [36m0.7810[0m       [32m0.7167[0m        [35m0.6133[0m  0.4622
      9        [36m0.7520[0m       [32m0.7365[0m        [35m0.6006[0m  0.4538
     10        [36m0.7294[0m       [32m0.7482[0m        [35m0.5914[0m  0.4714
  epoch    train_loss    valid_acc    valid_loss     dur
-------  ------------  -----------  ------------  ------
      1        [36m1.5070[0m       [32m0.5000[0m        [35m3.8899[0m  0.4789
      2        2.9587       0.5000        [35m1.0701[0m  0.4604
      3        [36m1.2588[0m       [32m0.5018[0m        [35m0.9592[0m  0.4784
      4        [36m1.0983[0m       [32m0.5270[0m        [35m0.8019[0m  0.4802
      5        [36m0.9674[0m       [32m0.5998[0m        [35m0.7076[0m  0.4714
      6        [36m0.8758[0m       [32m0.6529[0m        [35m0.6602[0m  0.4620
      7        [36m0.8197[0m       [32m0.6933[0m        [35m0.6322[0m  0.4615
      8        [36m0.7807[0m       [32m0.7167[0m        [35m0.6142[0m  0.4705
      9        [36m0.7518[0m       [32m0.7338[0m        [35m0.6017[0m  0.4792
     10        [36m0.7293[0m       [32m0.7473[0m        [35m0.5926[0m  0.4678
  epoch    train_loss    valid_acc    valid_loss     dur
-------  ------------  -----------  ------------  ------
      1        [36m1.5178[0m       [32m0.5000[0m        [35m3.9087[0m  0.4605
      2        2.9529       0.5000        [35m1.0871[0m  0.4596
      3        [36m1.2613[0m       [32m0.5018[0m        [35m0.9696[0m  0.4554
      4        [36m1.0987[0m       [32m0.5279[0m        [35m0.8082[0m  0.4524
      5        [36m0.9680[0m       [32m0.6034[0m        [35m0.7110[0m  0.4575
      6        [36m0.8762[0m       [32m0.6556[0m        [35m0.6625[0m  0.4538
      7        [36m0.8201[0m       [32m0.6924[0m        [35m0.6338[0m  0.4611
      8        [36m0.7810[0m       [32m0.7176[0m        [35m0.6153[0m  0.4611
      9        [36m0.7519[0m       [32m0.7365[0m        [35m0.6025[0m  0.4618
     10        [36m0.7293[0m       [32m0.7455[0m        [35m0.5932[0m  0.4653
  epoch    train_loss    valid_acc    valid_loss     dur
-------  ------------  -----------  ------------  ------
      1        [36m1.5163[0m       [32m0.5000[0m        [35m3.9095[0m  0.4699
      2        2.9459       0.5000        [35m1.0851[0m  0.4600
      3        [36m1.2591[0m       [32m0.5018[0m        [35m0.9682[0m  0.4631
      4        [36m1.0972[0m       [32m0.5279[0m        [35m0.8067[0m  0.4755
      5        [36m0.9666[0m       [32m0.6034[0m        [35m0.7099[0m  0.4637
      6        [36m0.8751[0m       [32m0.6574[0m        [35m0.6618[0m  0.4660
      7        [36m0.8192[0m       [32m0.6906[0m        [35m0.6333[0m  0.4726
      8        [36m0.7803[0m       [32m0.7203[0m        [35m0.6149[0m  0.4606
      9        [36m0.7513[0m       [32m0.7383[0m        [35m0.6022[0m  0.4653
     10        [36m0.7287[0m       [32m0.7518[0m        [35m0.5929[0m  0.4704
  epoch    train_loss    valid_acc    valid_loss     dur
-------  ------------  -----------  ------------  ------
      1        [36m1.5101[0m       [32m0.5000[0m        [35m3.9093[0m  0.4640
      2        2.9514       0.5000        [35m1.0801[0m  0.4615
      3        [36m1.2588[0m       [32m0.5018[0m        [35m0.9657[0m  0.4606
      4        [36m1.0982[0m       [32m0.5270[0m        [35m0.8050[0m  0.4707
      5        [36m0.9677[0m       [32m0.6016[0m        [35m0.7085[0m  0.4652
      6        [36m0.8761[0m       [32m0.6538[0m        [35m0.6605[0m  0.4614
      7        [36m0.8202[0m       [32m0.6906[0m        [35m0.6320[0m  0.4611
      8        [36m0.7812[0m       [32m0.7185[0m        [35m0.6137[0m  0.4591
      9        [36m0.7521[0m       [32m0.7374[0m        [35m0.6011[0m  0.4664
     10        [36m0.7295[0m       [32m0.7509[0m        [35m0.5919[0m  0.4591
  epoch    train_loss    valid_acc    valid_loss     dur
-------  ------------  -----------  ------------  ------
      1        [36m1.5153[0m       [32m0.5000[0m        [35m3.9155[0m  0.4520
      2        2.9467       0.5000        [35m1.0903[0m  0.4527
      3        [36m1.2618[0m       [32m0.5018[0m        [35m0.9734[0m  0.4762
      4        [36m1.0998[0m       [32m0.5252[0m        [35m0.8115[0m  0.4683
      5        [36m0.9688[0m       [32m0.5998[0m        [35m0.7143[0m  0.4659
      6        [36m0.8769[0m       [32m0.6520[0m        [35m0.6658[0m  0.4699
      7        [36m0.8208[0m       [32m0.6871[0m        [35m0.6369[0m  0.4679
      8        [36m0.7816[0m       [32m0.7167[0m        [35m0.6183[0m  0.4606
      9        [36m0.7525[0m       [32m0.7338[0m        [35m0.6055[0m  0.4675
     10        [36m0.7298[0m       [32m0.7473[0m        [35m0.5962[0m  0.4643
  epoch    train_loss    valid_acc    valid_loss     dur
-------  ------------  -----------  ------------  ------
      1        [36m1.5172[0m       [32m0.5000[0m        [35m3.9095[0m  0.4766
      2        2.9515       0.5000        [35m1.0864[0m  0.4801
      3        [36m1.2598[0m       [32m0.5018[0m        [35m0.9697[0m  0.4769
      4        [36m1.0978[0m       [32m0.5270[0m        [35m0.8083[0m  0.4708
      5        [36m0.9670[0m       [32m0.6016[0m        [35m0.7112[0m  0.4695
      6        [36m0.8752[0m       [32m0.6538[0m        [35m0.6630[0m  0.4707
      7        [36m0.8193[0m       [32m0.6906[0m        [35m0.6345[0m  0.4747
      8        [36m0.7803[0m       [32m0.7176[0m        [35m0.6161[0m  0.4724
      9        [36m0.7513[0m       [32m0.7356[0m        [35m0.6034[0m  0.4737
     10        [36m0.7287[0m       [32m0.7491[0m        [35m0.5941[0m  0.4621
  epoch    train_loss    valid_acc    valid_loss     dur
-------  ------------  -----------  ------------  ------
      1        [36m1.5172[0m       [32m0.5000[0m        [35m3.9101[0m  0.4607
      2        2.9484       0.5000        [35m1.0908[0m  0.4707
      3        [36m1.2614[0m       [32m0.5018[0m        [35m0.9726[0m  0.4647
      4        [36m1.0990[0m       [32m0.5261[0m        [35m0.8106[0m  0.4589
      5        [36m0.9679[0m       [32m0.6016[0m        [35m0.7131[0m  0.4630
      6        [36m0.8760[0m       [32m0.6538[0m        [35m0.6644[0m  0.4573
      7        [36m0.8199[0m       [32m0.6897[0m        [35m0.6354[0m  0.4623
      8        [36m0.7808[0m       [32m0.7167[0m        [35m0.6169[0m  0.4623
      9        [36m0.7517[0m       [32m0.7338[0m        [35m0.6041[0m  0.4526
     10        [36m0.7290[0m       [32m0.7455[0m        [35m0.5947[0m  0.4639
  epoch    train_loss    valid_acc    valid_loss     dur
-------  ------------  -----------  ------------  ------
      1        [36m1.5096[0m       [32m0.5000[0m        [35m3.9172[0m  0.4615
      2        2.9482       0.5000        [35m1.0863[0m  0.4656
      3        [36m1.2593[0m       [32m0.5018[0m        [35m0.9683[0m  0.4726
      4        [36m1.0967[0m       [32m0.5270[0m        [35m0.8068[0m  0.4705
      5        [36m0.9662[0m       [32m0.6016[0m        [35m0.7097[0m  0.4691
      6        [36m0.8746[0m       [32m0.6556[0m        [35m0.6615[0m  0.4594
      7        [36m0.8187[0m       [32m0.6915[0m        [35m0.6329[0m  0.4663
      8        [36m0.7799[0m       [32m0.7185[0m        [35m0.6145[0m  0.4644
      9        [36m0.7509[0m       [32m0.7374[0m        [35m0.6018[0m  0.4611
     10        [36m0.7284[0m       [32m0.7473[0m        [35m0.5925[0m  0.4727
  epoch    train_loss    valid_acc    valid_loss     dur
-------  ------------  -----------  ------------  ------
      1        [36m1.5107[0m       [32m0.5000[0m        [35m3.9071[0m  0.4565
      2        2.9492       0.5000        [35m1.0824[0m  0.4609
      3        [36m1.2580[0m       [32m0.5018[0m        [35m0.9673[0m  0.4740
      4        [36m1.0971[0m       [32m0.5261[0m        [35m0.8068[0m  0.4665
      5        [36m0.9671[0m       [32m0.5998[0m        [35m0.7100[0m  0.4688
      6        [36m0.8755[0m       [32m0.6529[0m        [35m0.6617[0m  0.4535
      7        [36m0.8194[0m       [32m0.6906[0m        [35m0.6330[0m  0.4680
      8        [36m0.7804[0m       [32m0.7176[0m        [35m0.6145[0m  0.4579
      9        [36m0.7514[0m       [32m0.7347[0m        [35m0.6018[0m  0.4626
     10        [36m0.7287[0m       [32m0.7482[0m        [35m0.5924[0m  0.4631
  epoch    train_loss    valid_acc    valid_loss     dur
-------  ------------  -----------  ------------  ------
      1        [36m1.5159[0m       [32m0.5000[0m        [35m3.9099[0m  0.4743
      2        2.9453       0.5000        [35m1.0865[0m  0.4829
      3        [36m1.2585[0m       [32m0.5018[0m        [35m0.9706[0m  0.4649
      4        [36m1.0976[0m       [32m0.5270[0m        [35m0.8084[0m  0.4774
      5        [36m0.9670[0m       [32m0.6016[0m        [35m0.7109[0m  0.4688
      6        [36m0.8752[0m       [32m0.6547[0m        [35m0.6624[0m  0.4768
      7        [36m0.8193[0m       [32m0.6906[0m        [35m0.6337[0m  0.4752
      8        [36m0.7803[0m       [32m0.7185[0m        [35m0.6152[0m  0.4712
      9        [36m0.7512[0m       [32m0.7383[0m        [35m0.6024[0m  0.4723
     10        [36m0.7285[0m       [32m0.7491[0m        [35m0.5930[0m  0.4839
  epoch    train_loss    valid_acc    valid_loss     dur
-------  ------------  -----------  ------------  ------
      1        [36m1.5041[0m       [32m0.5000[0m        [35m3.9089[0m  0.4661
      2        2.9528       0.5000        [35m1.0726[0m  0.4605
      3        [36m1.2575[0m       [32m0.5018[0m        [35m0.9632[0m  0.4692
      4        [36m1.0999[0m       [32m0.5261[0m        [35m0.8039[0m  0.4664
      5        [36m0.9687[0m       [32m0.6016[0m        [35m0.7101[0m  0.4557
      6        [36m0.8784[0m       [32m0.6529[0m        [35m0.6612[0m  0.4639
      7        [36m0.8213[0m       [32m0.6924[0m        [35m0.6325[0m  0.4544
      8        [36m0.7818[0m       [32m0.7185[0m        [35m0.6142[0m  0.4758
      9        [36m0.7526[0m       [32m0.7365[0m        [35m0.6016[0m  0.4572
     10        [36m0.7299[0m       [32m0.7491[0m        [35m0.5924[0m  0.4645
  epoch    train_loss    valid_acc    valid_loss     dur
-------  ------------  -----------  ------------  ------
      1        [36m1.5164[0m       [32m0.5000[0m        [35m3.9048[0m  0.4626
      2        2.9465       0.5000        [35m1.0890[0m  0.4726
      3        [36m1.2607[0m       [32m0.5018[0m        [35m0.9718[0m  0.4732
      4        [36m1.0986[0m       [32m0.5252[0m        [35m0.8099[0m  0.4840
      5        [36m0.9672[0m       [32m0.6007[0m        [35m0.7126[0m  0.4768
      6        [36m0.8755[0m       [32m0.6556[0m        [35m0.6637[0m  0.4664
      7        [36m0.8195[0m       [32m0.6906[0m        [35m0.6345[0m  0.4669
      8        [36m0.7805[0m       [32m0.7203[0m        [35m0.6157[0m  0.4762
      9        [36m0.7514[0m       [32m0.7374[0m        [35m0.6027[0m  0.4746
     10        [36m0.7287[0m       [32m0.7500[0m        [35m0.5931[0m  0.4744
  epoch    train_loss    valid_acc    valid_loss     dur
-------  ------------  -----------  ------------  ------
      1        [36m1.5099[0m       [32m0.5000[0m        [35m3.9150[0m  0.4690
      2        2.9580       0.5000        [35m1.0789[0m  0.4590
      3        [36m1.2591[0m       [32m0.5018[0m        [35m0.9659[0m  0.4695
      4        [36m1.0986[0m       [32m0.5270[0m        [35m0.8049[0m  0.4628
      5        [36m0.9677[0m       [32m0.6025[0m        [35m0.7083[0m  0.4573
      6        [36m0.8758[0m       [32m0.6556[0m        [35m0.6601[0m  0.4617
      7        [36m0.8197[0m       [32m0.6951[0m        [35m0.6316[0m  0.4597
      8        [36m0.7807[0m       [32m0.7194[0m        [35m0.6133[0m  0.4588
      9        [36m0.7516[0m       [32m0.7365[0m        [35m0.6006[0m  0.4536
     10        [36m0.7290[0m       [32m0.7500[0m        [35m0.5914[0m  0.4581
  epoch    train_loss    valid_acc    valid_loss     dur
-------  ------------  -----------  ------------  ------
      1        [36m1.5168[0m       [32m0.5000[0m        [35m3.8829[0m  0.4714
      2        2.9516       0.5000        [35m1.0827[0m  0.4643
      3        [36m1.2621[0m       [32m0.5018[0m        [35m0.9653[0m  0.4777
      4        [36m1.0998[0m       [32m0.5261[0m        [35m0.8043[0m  0.4659
      5        [36m0.9684[0m       [32m0.6007[0m        [35m0.7074[0m  0.4673
      6        [36m0.8763[0m       [32m0.6556[0m        [35m0.6591[0m  0.4688
      7        [36m0.8202[0m       [32m0.6906[0m        [35m0.6303[0m  0.4632
      8        [36m0.7811[0m       [32m0.7194[0m        [35m0.6119[0m  0.4758
      9        [36m0.7520[0m       [32m0.7383[0m        [35m0.5991[0m  0.4734
     10        [36m0.7294[0m       [32m0.7509[0m        [35m0.5897[0m  0.4732
  epoch    train_loss    valid_acc    valid_loss     dur
-------  ------------  -----------  ------------  ------
      1        [36m1.5098[0m       [32m0.5000[0m        [35m3.8912[0m  0.4635
      2        2.9560       0.5000        [35m1.0780[0m  0.4682
      3        [36m1.2598[0m       [32m0.5009[0m        [35m0.9658[0m  0.4636
      4        [36m1.0993[0m       [32m0.5252[0m        [35m0.8065[0m  0.4691
      5        [36m0.9683[0m       [32m0.6007[0m        [35m0.7109[0m  0.4652
      6        [36m0.8763[0m       [32m0.6511[0m        [35m0.6635[0m  0.4712
      7        [36m0.8203[0m       [32m0.6879[0m        [35m0.6352[0m  0.4685
      8        [36m0.7812[0m       [32m0.7167[0m        [35m0.6169[0m  0.4777
      9        [36m0.7521[0m       [32m0.7347[0m        [35m0.6042[0m  0.4712
     10        [36m0.7294[0m       [32m0.7464[0m        [35m0.5949[0m  0.4746
  epoch    train_loss    valid_acc    valid_loss     dur
-------  ------------  -----------  ------------  ------
      1        [36m1.5116[0m       [32m0.5000[0m        [35m3.9051[0m  0.4763
      2        2.9543       0.5000        [35m1.0842[0m  0.4650
      3        [36m1.2611[0m       [32m0.5018[0m        [35m0.9688[0m  0.4736
      4        [36m1.0992[0m       [32m0.5270[0m        [35m0.8083[0m  0.4748
      5        [36m0.9684[0m       [32m0.6007[0m        [35m0.7118[0m  0.4616
      6        [36m0.8765[0m       [32m0.6529[0m        [35m0.6638[0m  0.4687
      7        [36m0.8203[0m       [32m0.6897[0m        [35m0.6354[0m  0.4636
      8        [36m0.7812[0m       [32m0.7167[0m        [35m0.6171[0m  0.4593
      9        [36m0.7521[0m       [32m0.7356[0m        [35m0.6045[0m  0.4624
     10        [36m0.7294[0m       [32m0.7473[0m        [35m0.5952[0m  0.4696
  epoch    train_loss    valid_acc    valid_loss     dur
-------  ------------  -----------  ------------  ------
      1        [36m1.5154[0m       [32m0.5000[0m        [35m3.9144[0m  0.4701
      2        2.9418       0.5000        [35m1.0959[0m  0.4726
      3        [36m1.2604[0m       [32m0.5018[0m        [35m0.9754[0m  0.4697
      4        [36m1.0976[0m       [32m0.5261[0m        [35m0.8120[0m  0.4703
      5        [36m0.9669[0m       [32m0.6025[0m        [35m0.7136[0m  0.4706
      6        [36m0.8750[0m       [32m0.6529[0m        [35m0.6646[0m  0.4613
      7        [36m0.8191[0m       [32m0.6888[0m        [35m0.6354[0m  0.4609
      8        [36m0.7802[0m       [32m0.7176[0m        [35m0.6165[0m  0.4671
      9        [36m0.7511[0m       [32m0.7347[0m        [35m0.6035[0m  0.4787
     10        [36m0.7285[0m       [32m0.7455[0m        [35m0.5939[0m  0.4676
  epoch    train_loss    valid_acc    valid_loss     dur
-------  ------------  -----------  ------------  ------
      1        [36m1.5156[0m       [32m0.5000[0m        [35m3.9002[0m  0.4629
      2        2.9476       0.5000        [35m1.0860[0m  0.4657
      3        [36m1.2609[0m       [32m0.5018[0m        [35m0.9692[0m  0.4660
      4        [36m1.0990[0m       [32m0.5261[0m        [35m0.8083[0m  0.4665
      5        [36m0.9683[0m       [32m0.6016[0m        [35m0.7113[0m  0.4633
      6        [36m0.8764[0m       [32m0.6538[0m        [35m0.6630[0m  0.4697
      7        [36m0.8202[0m       [32m0.6888[0m        [35m0.6343[0m  0.4648
      8        [36m0.7811[0m       [32m0.7167[0m        [35m0.6159[0m  0.4673
      9        [36m0.7521[0m       [32m0.7356[0m        [35m0.6032[0m  0.4724
     10        [36m0.7294[0m       [32m0.7473[0m        [35m0.5940[0m  0.4607
  epoch    train_loss    valid_acc    valid_loss     dur
-------  ------------  -----------  ------------  ------
      1        [36m1.5159[0m       [32m0.5000[0m        [35m3.9004[0m  0.4737
      2        2.9558       0.5000        [35m1.0821[0m  0.4588
      3        [36m1.2616[0m       [32m0.5018[0m        [35m0.9670[0m  0.4622
      4        [36m1.0997[0m       [32m0.5270[0m        [35m0.8065[0m  0.4615
      5        [36m0.9685[0m       [32m0.6016[0m        [35m0.7103[0m  0.4715
      6        [36m0.8765[0m       [32m0.6547[0m        [35m0.6623[0m  0.4662
      7        [36m0.8204[0m       [32m0.6924[0m        [35m0.6339[0m  0.4711
      8        [36m0.7813[0m       [32m0.7194[0m        [35m0.6156[0m  0.4692
      9        [36m0.7522[0m       [32m0.7365[0m        [35m0.6029[0m  0.4709
     10        [36m0.7296[0m       [32m0.7482[0m        [35m0.5937[0m  0.4601
  epoch    train_loss    valid_acc    valid_loss     dur
-------  ------------  -----------  ------------  ------
      1        [36m1.5093[0m       [32m0.5000[0m        [35m3.8984[0m  0.4757
      2        2.9496       0.5000        [35m1.0498[0m  0.4749
      3        [36m1.2425[0m       0.5000        [35m0.9790[0m  0.4829
      4        [36m1.1122[0m       [32m0.5261[0m        [35m0.8043[0m  0.4776
      5        [36m0.9713[0m       [32m0.6016[0m        [35m0.7070[0m  0.4763
      6        [36m0.8774[0m       [32m0.6547[0m        [35m0.6591[0m  0.4682
      7        [36m0.8207[0m       [32m0.6906[0m        [35m0.6309[0m  0.4714
      8        [36m0.7814[0m       [32m0.7176[0m        [35m0.6128[0m  0.4690
      9        [36m0.7522[0m       [32m0.7365[0m        [35m0.6004[0m  0.4749
     10        [36m0.7295[0m       [32m0.7482[0m        [35m0.5913[0m  0.4684
  epoch    train_loss    valid_acc    valid_loss     dur
-------  ------------  -----------  ------------  ------
      1        [36m1.5112[0m       [32m0.5000[0m        [35m3.8873[0m  0.4700
      2        2.9478       0.5000        [35m1.0743[0m  0.4666
      3        [36m1.2560[0m       [32m0.5009[0m        [35m0.9674[0m  0.4597
      4        [36m1.1008[0m       [32m0.5261[0m        [35m0.8045[0m  0.4629
      5        [36m0.9685[0m       [32m0.5989[0m        [35m0.7074[0m  0.4574
      6        [36m0.8761[0m       [32m0.6520[0m        [35m0.6593[0m  0.4710
      7        [36m0.8200[0m       [32m0.6888[0m        [35m0.6308[0m  0.4582
      8        [36m0.7809[0m       [32m0.7167[0m        [35m0.6126[0m  0.4643
      9        [36m0.7519[0m       [32m0.7356[0m        [35m0.6000[0m  0.4636
     10        [36m0.7293[0m       [32m0.7491[0m        [35m0.5908[0m  0.4679
  epoch    train_loss    valid_acc    valid_loss     dur
-------  ------------  -----------  ------------  ------
      1        [36m1.5101[0m       [32m0.5000[0m        [35m3.9013[0m  0.4787
      2        2.9470       0.5000        [35m1.0775[0m  0.4744
      3        [36m1.2558[0m       [32m0.5018[0m        [35m0.9618[0m  0.4688
      4        [36m1.0943[0m       [32m0.5288[0m        [35m0.8023[0m  0.4575
      5        [36m0.9649[0m       [32m0.6034[0m        [35m0.7064[0m  0.4630
      6        [36m0.8735[0m       [32m0.6547[0m        [35m0.6589[0m  0.4789
      7        [36m0.8178[0m       [32m0.6969[0m        [35m0.6307[0m  0.4718
      8        [36m0.7790[0m       [32m0.7212[0m        [35m0.6127[0m  0.4744
      9        [36m0.7501[0m       [32m0.7365[0m        [35m0.6003[0m  0.4721
     10        [36m0.7276[0m       [32m0.7509[0m        [35m0.5912[0m  0.4602
  epoch    train_loss    valid_acc    valid_loss     dur
-------  ------------  -----------  ------------  ------
      1        [36m1.5065[0m       [32m0.5000[0m        [35m3.8942[0m  0.4714
      2        2.9542       0.5000        [35m1.0735[0m  0.4546
      3        [36m1.2584[0m       [32m0.5018[0m        [35m0.9591[0m  0.4461
      4        [36m1.0981[0m       [32m0.5261[0m        [35m0.7990[0m  0.4616
      5        [36m0.9674[0m       [32m0.6025[0m        [35m0.7033[0m  0.4610
      6        [36m0.8757[0m       [32m0.6547[0m        [35m0.6558[0m  0.4621
      7        [36m0.8198[0m       [32m0.6924[0m        [35m0.6277[0m  0.4596
      8        [36m0.7808[0m       [32m0.7185[0m        [35m0.6097[0m  0.4613
      9        [36m0.7518[0m       [32m0.7365[0m        [35m0.5973[0m  0.4739
     10        [36m0.7291[0m       [32m0.7482[0m        [35m0.5882[0m  0.4712
  epoch    train_loss    valid_acc    valid_loss     dur
-------  ------------  -----------  ------------  ------
      1        [36m1.5118[0m       [32m0.5000[0m        [35m3.8911[0m  0.4765
      2        2.9524       0.5000        [35m1.0754[0m  0.4673
      3        [36m1.2581[0m       [32m0.5018[0m        [35m0.9608[0m  0.4723
      4        [36m1.0980[0m       [32m0.5270[0m        [35m0.8003[0m  0.4749
      5        [36m0.9674[0m       [32m0.6025[0m        [35m0.7041[0m  0.4626
      6        [36m0.8756[0m       [32m0.6565[0m        [35m0.6564[0m  0.4697
      7        [36m0.8197[0m       [32m0.6933[0m        [35m0.6281[0m  0.4681
      8        [36m0.7806[0m       [32m0.7221[0m        [35m0.6100[0m  0.4825
      9        [36m0.7516[0m       [32m0.7392[0m        [35m0.5974[0m  0.4793
     10        [36m0.7290[0m       [32m0.7527[0m        [35m0.5883[0m  0.4640
  epoch    train_loss    valid_acc    valid_loss     dur
-------  ------------  -----------  ------------  ------
      1        [36m1.5156[0m       [32m0.5000[0m        [35m3.9127[0m  0.4632
      2        2.9517       0.5000        [35m1.0867[0m  0.4673
      3        [36m1.2607[0m       [32m0.5018[0m        [35m0.9687[0m  0.4577
      4        [36m1.0985[0m       [32m0.5270[0m        [35m0.8062[0m  0.4653
      5        [36m0.9671[0m       [32m0.6025[0m        [35m0.7090[0m  0.4556
      6        [36m0.8753[0m       [32m0.6556[0m        [35m0.6606[0m  0.4650
      7        [36m0.8194[0m       [32m0.6915[0m        [35m0.6320[0m  0.4694
      8        [36m0.7805[0m       [32m0.7203[0m        [35m0.6135[0m  0.4631
      9        [36m0.7515[0m       [32m0.7374[0m        [35m0.6007[0m  0.4653
     10        [36m0.7289[0m       [32m0.7509[0m        [35m0.5914[0m  0.4746
  epoch    train_loss    valid_acc    valid_loss     dur
-------  ------------  -----------  ------------  ------
      1        [36m1.5060[0m       [32m0.5000[0m        [35m3.9092[0m  0.4623
      2        2.9535       0.5000        [35m1.0799[0m  0.4611
      3        [36m1.2603[0m       [32m0.5018[0m        [35m0.9635[0m  0.4638
      4        [36m1.0988[0m       [32m0.5270[0m        [35m0.8030[0m  0.4747
      5        [36m0.9677[0m       [32m0.6034[0m        [35m0.7081[0m  0.4731
      6        [36m0.8766[0m       [32m0.6547[0m        [35m0.6603[0m  0.4634
      7        [36m0.8205[0m       [32m0.6933[0m        [35m0.6320[0m  0.4588
      8        [36m0.7813[0m       [32m0.7185[0m        [35m0.6139[0m  0.4638
      9        [36m0.7522[0m       [32m0.7365[0m        [35m0.6015[0m  0.4643
     10        [36m0.7296[0m       [32m0.7455[0m        [35m0.5924[0m  0.4594
  epoch    train_loss    valid_acc    valid_loss     dur
-------  ------------  -----------  ------------  ------
      1        [36m1.5111[0m       [32m0.5000[0m        [35m3.9202[0m  0.4660
      2        2.9556       0.5000        [35m1.0808[0m  0.4723
      3        [36m1.2583[0m       [32m0.5018[0m        [35m0.9682[0m  0.4612
      4        [36m1.0992[0m       [32m0.5270[0m        [35m0.8058[0m  0.4678
      5        [36m0.9679[0m       [32m0.6025[0m        [35m0.7089[0m  0.4684
      6        [36m0.8760[0m       [32m0.6556[0m        [35m0.6608[0m  0.4716
      7        [36m0.8200[0m       [32m0.6942[0m        [35m0.6322[0m  0.4716
      8        [36m0.7810[0m       [32m0.7203[0m        [35m0.6140[0m  0.4706
      9        [36m0.7520[0m       [32m0.7374[0m        [35m0.6013[0m  0.4707
     10        [36m0.7294[0m       [32m0.7473[0m        [35m0.5921[0m  0.4558
  epoch    train_loss    valid_acc    valid_loss     dur
-------  ------------  -----------  ------------  ------
      1        [36m1.5217[0m       [32m0.5000[0m        [35m3.9163[0m  0.4767
      2        2.9479       0.5000        [35m1.0928[0m  0.4713
      3        [36m1.2628[0m       [32m0.5018[0m        [35m0.9720[0m  0.4644
      4        [36m1.0990[0m       [32m0.5261[0m        [35m0.8091[0m  0.4718
      5        [36m0.9679[0m       [32m0.6034[0m        [35m0.7110[0m  0.4672
      6        [36m0.8760[0m       [32m0.6556[0m        [35m0.6621[0m  0.4690
      7        [36m0.8199[0m       [32m0.6888[0m        [35m0.6331[0m  0.4714
      8        [36m0.7809[0m       [32m0.7194[0m        [35m0.6145[0m  0.4671
      9        [36m0.7518[0m       [32m0.7374[0m        [35m0.6016[0m  0.4718
     10        [36m0.7291[0m       [32m0.7491[0m        [35m0.5922[0m  0.4745
  epoch    train_loss    valid_acc    valid_loss     dur
-------  ------------  -----------  ------------  ------
      1        [36m1.5182[0m       [32m0.5000[0m        [35m3.9101[0m  0.4677
      2        2.9524       0.5000        [35m1.0849[0m  0.4696
      3        [36m1.2607[0m       [32m0.5018[0m        [35m0.9694[0m  0.4649
      4        [36m1.1002[0m       [32m0.5270[0m        [35m0.8069[0m  0.4572
      5        [36m0.9688[0m       [32m0.6025[0m        [35m0.7097[0m  0.4702
      6        [36m0.8768[0m       [32m0.6547[0m        [35m0.6614[0m  0.4626
      7        [36m0.8208[0m       [32m0.6906[0m        [35m0.6327[0m  0.4617
      8        [36m0.7817[0m       [32m0.7203[0m        [35m0.6143[0m  0.4740
      9        [36m0.7526[0m       [32m0.7374[0m        [35m0.6016[0m  0.4704
     10        [36m0.7299[0m       [32m0.7482[0m        [35m0.5924[0m  0.4661
  epoch    train_loss    valid_acc    valid_loss     dur
-------  ------------  -----------  ------------  ------
      1        [36m1.5108[0m       [32m0.5000[0m        [35m3.9191[0m  0.4618
      2        2.9495       0.5000        [35m1.0913[0m  0.4700
      3        [36m1.2626[0m       [32m0.5018[0m        [35m0.9707[0m  0.4582
      4        [36m1.0992[0m       [32m0.5252[0m        [35m0.8085[0m  0.4715
      5        [36m0.9679[0m       [32m0.6016[0m        [35m0.7113[0m  0.4564
      6        [36m0.8759[0m       [32m0.6547[0m        [35m0.6629[0m  0.4637
      7        [36m0.8199[0m       [32m0.6897[0m        [35m0.6343[0m  0.4579
      8        [36m0.7808[0m       [32m0.7167[0m        [35m0.6159[0m  0.4568
      9        [36m0.7518[0m       [32m0.7356[0m        [35m0.6032[0m  0.4556
     10        [36m0.7291[0m       [32m0.7464[0m        [35m0.5939[0m  0.4659
  epoch    train_loss    valid_acc    valid_loss     dur
-------  ------------  -----------  ------------  ------
      1        [36m1.5118[0m       [32m0.5000[0m        [35m3.9151[0m  0.4940
      2        2.9569       0.5000        [35m1.0824[0m  0.4677
      3        [36m1.2584[0m       [32m0.5018[0m        [35m0.9685[0m  0.4703
      4        [36m1.0981[0m       [32m0.5261[0m        [35m0.8068[0m  0.4733
      5        [36m0.9671[0m       [32m0.6007[0m        [35m0.7098[0m  0.4711
      6        [36m0.8753[0m       [32m0.6547[0m        [35m0.6616[0m  0.4689
      7        [36m0.8193[0m       [32m0.6924[0m        [35m0.6330[0m  0.4746
      8        [36m0.7803[0m       [32m0.7176[0m        [35m0.6146[0m  0.4762
      9        [36m0.7513[0m       [32m0.7374[0m        [35m0.6019[0m  0.4623
     10        [36m0.7287[0m       [32m0.7482[0m        [35m0.5926[0m  0.4674
  epoch    train_loss    valid_acc    valid_loss     dur
-------  ------------  -----------  ------------  ------
      1        [36m1.5138[0m       [32m0.5000[0m        [35m3.9029[0m  0.4559
      2        2.9516       0.5000        [35m1.0837[0m  0.4566
      3        [36m1.2606[0m       [32m0.5018[0m        [35m0.9670[0m  0.4570
      4        [36m1.0991[0m       [32m0.5261[0m        [35m0.8057[0m  0.4554
      5        [36m0.9683[0m       [32m0.6025[0m        [35m0.7086[0m  0.4562
      6        [36m0.8764[0m       [32m0.6556[0m        [35m0.6604[0m  0.4600
      7        [36m0.8204[0m       [32m0.6924[0m        [35m0.6319[0m  0.4542
      8        [36m0.7814[0m       [32m0.7203[0m        [35m0.6135[0m  0.4612
      9        [36m0.7523[0m       [32m0.7338[0m        [35m0.6009[0m  0.4439
     10        [36m0.7296[0m       [32m0.7482[0m        [35m0.5917[0m  0.4610
  epoch    train_loss    valid_acc    valid_loss     dur
-------  ------------  -----------  ------------  ------
      1        [36m1.5137[0m       [32m0.5000[0m        [35m3.9138[0m  0.4521
      2        2.9540       0.5000        [35m1.0840[0m  0.4589
      3        [36m1.2602[0m       [32m0.5018[0m        [35m0.9695[0m  0.4628
      4        [36m1.0994[0m       [32m0.5252[0m        [35m0.8081[0m  0.4630
      5        [36m0.9682[0m       [32m0.5998[0m        [35m0.7112[0m  0.4666
      6        [36m0.8763[0m       [32m0.6511[0m        [35m0.6630[0m  0.4622
      7        [36m0.8201[0m       [32m0.6906[0m        [35m0.6344[0m  0.4651
      8        [36m0.7810[0m       [32m0.7185[0m        [35m0.6161[0m  0.4565
      9        [36m0.7520[0m       [32m0.7356[0m        [35m0.6034[0m  0.4618
     10        [36m0.7293[0m       [32m0.7482[0m        [35m0.5941[0m  0.4602
  epoch    train_loss    valid_acc    valid_loss     dur
-------  ------------  -----------  ------------  ------
      1        [36m1.5142[0m       [32m0.5000[0m        [35m3.9021[0m  0.4616
      2        2.9469       0.5000        [35m1.0812[0m  0.4580
      3        [36m1.2586[0m       [32m0.5018[0m        [35m0.9656[0m  0.4529
      4        [36m1.0972[0m       [32m0.5270[0m        [35m0.8055[0m  0.4536
      5        [36m0.9670[0m       [32m0.6034[0m        [35m0.7091[0m  0.4602
      6        [36m0.8754[0m       [32m0.6538[0m        [35m0.6612[0m  0.4629
      7        [36m0.8194[0m       [32m0.6906[0m        [35m0.6327[0m  0.4607
      8        [36m0.7805[0m       [32m0.7194[0m        [35m0.6144[0m  0.4617
      9        [36m0.7515[0m       [32m0.7365[0m        [35m0.6017[0m  0.4581
     10        [36m0.7289[0m       [32m0.7464[0m        [35m0.5925[0m  0.4602
  epoch    train_loss    valid_acc    valid_loss     dur
-------  ------------  -----------  ------------  ------
      1        [36m1.5111[0m       [32m0.5000[0m        [35m3.9043[0m  0.4588
      2        2.9537       0.5000        [35m1.0812[0m  0.4619
      3        [36m1.2606[0m       [32m0.5018[0m        [35m0.9669[0m  0.4722
      4        [36m1.0995[0m       [32m0.5252[0m        [35m0.8060[0m  0.4686
      5        [36m0.9685[0m       [32m0.6007[0m        [35m0.7093[0m  0.4650
      6        [36m0.8764[0m       [32m0.6547[0m        [35m0.6613[0m  0.4673
      7        [36m0.8203[0m       [32m0.6897[0m        [35m0.6327[0m  0.4689
      8        [36m0.7812[0m       [32m0.7194[0m        [35m0.6143[0m  0.4639
      9        [36m0.7521[0m       [32m0.7383[0m        [35m0.6016[0m  0.4661
     10        [36m0.7294[0m       [32m0.7491[0m        [35m0.5923[0m  0.4704
  epoch    train_loss    valid_acc    valid_loss     dur
-------  ------------  -----------  ------------  ------
      1        [36m1.5144[0m       [32m0.5000[0m        [35m3.9119[0m  0.4699
      2        2.9466       0.5000        [35m1.0836[0m  0.4670
      3        [36m1.2578[0m       [32m0.5018[0m        [35m0.9691[0m  0.4591
      4        [36m1.0973[0m       [32m0.5261[0m        [35m0.8079[0m  0.4685
      5        [36m0.9671[0m       [32m0.6034[0m        [35m0.7109[0m  0.4585
      6        [36m0.8754[0m       [32m0.6538[0m        [35m0.6627[0m  0.4674
      7        [36m0.8195[0m       [32m0.6897[0m        [35m0.6341[0m  0.4624
      8        [36m0.7805[0m       [32m0.7167[0m        [35m0.6157[0m  0.4587
      9        [36m0.7515[0m       [32m0.7356[0m        [35m0.6030[0m  0.4691
     10        [36m0.7289[0m       [32m0.7455[0m        [35m0.5937[0m  0.4649
  epoch    train_loss    valid_acc    valid_loss     dur
-------  ------------  -----------  ------------  ------
      1        [36m1.5119[0m       [32m0.5000[0m        [35m3.9114[0m  0.4753
      2        2.9552       0.5000        [35m1.0805[0m  0.4719
      3        [36m1.2599[0m       [32m0.5018[0m        [35m0.9673[0m  0.4663
      4        [36m1.0997[0m       [32m0.5261[0m        [35m0.8070[0m  0.4647
      5        [36m0.9690[0m       [32m0.6025[0m        [35m0.7105[0m  0.4793
      6        [36m0.8771[0m       [32m0.6565[0m        [35m0.6623[0m  0.4712
      7        [36m0.8208[0m       [32m0.6897[0m        [35m0.6337[0m  0.4780
      8        [36m0.7816[0m       [32m0.7176[0m        [35m0.6154[0m  0.4716
      9        [36m0.7524[0m       [32m0.7347[0m        [35m0.6027[0m  0.4722
     10        [36m0.7297[0m       [32m0.7473[0m        [35m0.5935[0m  0.4692
  epoch    train_loss    valid_acc    valid_loss     dur
-------  ------------  -----------  ------------  ------
      1        [36m1.5103[0m       [32m0.5000[0m        [35m3.9000[0m  0.5190
      2        2.9494       0.5000        [35m1.0746[0m  0.4630
      3        [36m1.2575[0m       [32m0.5018[0m        [35m0.9634[0m  0.4734
      4        [36m1.0989[0m       [32m0.5261[0m        [35m0.8037[0m  0.4668
      5        [36m0.9689[0m       [32m0.6016[0m        [35m0.7078[0m  0.4719
      6        [36m0.8772[0m       [32m0.6538[0m        [35m0.6600[0m  0.4618
      7        [36m0.8211[0m       [32m0.6924[0m        [35m0.6316[0m  0.4654
      8        [36m0.7821[0m       [32m0.7176[0m        [35m0.6132[0m  0.4711
      9        [36m0.7529[0m       [32m0.7383[0m        [35m0.6005[0m  0.4765
     10        [36m0.7302[0m       [32m0.7509[0m        [35m0.5913[0m  0.4732
  epoch    train_loss    valid_acc    valid_loss     dur
-------  ------------  -----------  ------------  ------
      1        [36m1.5107[0m       [32m0.5000[0m        [35m3.8915[0m  0.4739
      2        2.9515       0.5000        [35m1.0776[0m  0.4740
      3        [36m1.2585[0m       [32m0.5018[0m        [35m0.9654[0m  0.4650
      4        [36m1.0996[0m       [32m0.5270[0m        [35m0.8043[0m  0.4748
      5        [36m0.9683[0m       [32m0.6016[0m        [35m0.7081[0m  0.4657
      6        [36m0.8765[0m       [32m0.6565[0m        [35m0.6603[0m  0.4631
      7        [36m0.8206[0m       [32m0.6933[0m        [35m0.6319[0m  0.4622
      8        [36m0.7816[0m       [32m0.7203[0m        [35m0.6137[0m  0.4674
      9        [36m0.7526[0m       [32m0.7365[0m        [35m0.6011[0m  0.4711
     10        [36m0.7300[0m       [32m0.7509[0m        [35m0.5920[0m  0.4671
  epoch    train_loss    valid_acc    valid_loss     dur
-------  ------------  -----------  ------------  ------
      1        [36m1.5113[0m       [32m0.5000[0m        [35m3.9033[0m  0.4663
      2        2.9488       0.5000        [35m1.0825[0m  0.4724
      3        [36m1.2617[0m       [32m0.5018[0m        [35m0.9651[0m  0.4591
      4        [36m1.0991[0m       [32m0.5261[0m        [35m0.8052[0m  0.4740
      5        [36m0.9691[0m       [32m0.6007[0m        [35m0.7087[0m  0.4716
      6        [36m0.8774[0m       [32m0.6547[0m        [35m0.6607[0m  0.4661
      7        [36m0.8213[0m       [32m0.6924[0m        [35m0.6321[0m  0.4711
      8        [36m0.7821[0m       [32m0.7185[0m        [35m0.6138[0m  0.4715
      9        [36m0.7529[0m       [32m0.7383[0m        [35m0.6011[0m  0.4680
     10        [36m0.7302[0m       [32m0.7464[0m        [35m0.5918[0m  0.4678
  epoch    train_loss    valid_acc    valid_loss     dur
-------  ------------  -----------  ------------  ------
      1        [36m1.5155[0m       [32m0.5000[0m        [35m3.9072[0m  0.4705
      2        2.9473       0.5000        [35m1.0861[0m  0.4852
      3        [36m1.2593[0m       [32m0.5018[0m        [35m0.9681[0m  0.4756
      4        [36m1.0977[0m       [32m0.5261[0m        [35m0.8059[0m  0.4767
      5        [36m0.9669[0m       [32m0.6034[0m        [35m0.7088[0m  0.4825
      6        [36m0.8751[0m       [32m0.6547[0m        [35m0.6606[0m  0.4706
      7        [36m0.8192[0m       [32m0.6906[0m        [35m0.6321[0m  0.4769
      8        [36m0.7802[0m       [32m0.7185[0m        [35m0.6138[0m  0.4777
      9        [36m0.7512[0m       [32m0.7374[0m        [35m0.6011[0m  0.4689
     10        [36m0.7286[0m       [32m0.7482[0m        [35m0.5919[0m  0.4795
  epoch    train_loss    valid_acc    valid_loss     dur
-------  ------------  -----------  ------------  ------
      1        [36m1.5126[0m       [32m0.5000[0m        [35m3.9076[0m  0.4709
      2        2.9514       0.5000        [35m1.0797[0m  0.4710
      3        [36m1.2577[0m       [32m0.5018[0m        [35m0.9675[0m  0.4754
      4        [36m1.0980[0m       [32m0.5261[0m        [35m0.8070[0m  0.4651
      5        [36m0.9676[0m       [32m0.6007[0m        [35m0.7106[0m  0.4717
      6        [36m0.8759[0m       [32m0.6529[0m        [35m0.6627[0m  0.4691
      7        [36m0.8200[0m       [32m0.6906[0m        [35m0.6342[0m  0.4730
      8        [36m0.7810[0m       [32m0.7176[0m        [35m0.6159[0m  0.4637
      9        [36m0.7520[0m       [32m0.7365[0m        [35m0.6033[0m  0.4744
     10        [36m0.7294[0m       [32m0.7482[0m        [35m0.5941[0m  0.4730
  epoch    train_loss    valid_acc    valid_loss     dur
-------  ------------  -----------  ------------  ------
      1        [36m1.5109[0m       [32m0.5000[0m        [35m3.9163[0m  0.4744
      2        2.9594       0.5000        [35m1.0807[0m  0.4740
      3        [36m1.2606[0m       [32m0.5018[0m        [35m0.9677[0m  0.4787
      4        [36m1.1009[0m       [32m0.5261[0m        [35m0.8059[0m  0.4798
      5        [36m0.9692[0m       [32m0.6007[0m        [35m0.7092[0m  0.4736
      6        [36m0.8771[0m       [32m0.6547[0m        [35m0.6612[0m  0.4754
      7        [36m0.8209[0m       [32m0.6933[0m        [35m0.6327[0m  0.4705
      8        [36m0.7817[0m       [32m0.7203[0m        [35m0.6144[0m  0.4833
      9        [36m0.7526[0m       [32m0.7374[0m        [35m0.6017[0m  0.4796
     10        [36m0.7299[0m       [32m0.7500[0m        [35m0.5925[0m  0.4756
  epoch    train_loss    valid_acc    valid_loss     dur
-------  ------------  -----------  ------------  ------
      1        [36m1.5117[0m       [32m0.5000[0m        [35m3.8989[0m  0.4634
      2        2.9475       0.5000        [35m1.0862[0m  0.4670
      3        [36m1.2602[0m       [32m0.5018[0m        [35m0.9672[0m  0.4667
      4        [36m1.0968[0m       [32m0.5252[0m        [35m0.8063[0m  0.4677
      5        [36m0.9664[0m       [32m0.6007[0m        [35m0.7093[0m  0.4663
      6        [36m0.8747[0m       [32m0.6529[0m        [35m0.6610[0m  0.4685
      7        [36m0.8187[0m       [32m0.6906[0m        [35m0.6323[0m  0.4693
      8        [36m0.7798[0m       [32m0.7176[0m        [35m0.6139[0m  0.4643
      9        [36m0.7508[0m       [32m0.7374[0m        [35m0.6011[0m  0.4638
     10        [36m0.7281[0m       [32m0.7482[0m        [35m0.5918[0m  0.4614
  epoch    train_loss    valid_acc    valid_loss     dur
-------  ------------  -----------  ------------  ------
      1        [36m1.5073[0m       [32m0.5000[0m        [35m3.9112[0m  0.4749
      2        2.9578       0.5000        [35m1.0756[0m  0.4725
      3        [36m1.2588[0m       [32m0.5018[0m        [35m0.9643[0m  0.4683
      4        [36m1.0990[0m       [32m0.5252[0m        [35m0.8046[0m  0.4669
      5        [36m0.9680[0m       [32m0.6016[0m        [35m0.7089[0m  0.4637
      6        [36m0.8762[0m       [32m0.6538[0m        [35m0.6613[0m  0.4608
      7        [36m0.8200[0m       [32m0.6915[0m        [35m0.6331[0m  0.4623
      8        [36m0.7809[0m       [32m0.7185[0m        [35m0.6150[0m  0.4638
      9        [36m0.7519[0m       [32m0.7338[0m        [35m0.6025[0m  0.4609
     10        [36m0.7292[0m       [32m0.7491[0m        [35m0.5934[0m  0.4603
  epoch    train_loss    valid_acc    valid_loss     dur
-------  ------------  -----------  ------------  ------
      1        [36m1.5165[0m       [32m0.5000[0m        [35m3.9093[0m  0.4458
      2        2.9483       0.5000        [35m1.0899[0m  0.4654
      3        [36m1.2616[0m       [32m0.5018[0m        [35m0.9723[0m  0.4514
      4        [36m1.0998[0m       [32m0.5252[0m        [35m0.8100[0m  0.4485
      5        [36m0.9687[0m       [32m0.6025[0m        [35m0.7125[0m  0.4523
      6        [36m0.8768[0m       [32m0.6538[0m        [35m0.6641[0m  0.4528
      7        [36m0.8207[0m       [32m0.6879[0m        [35m0.6353[0m  0.4497
      8        [36m0.7817[0m       [32m0.7167[0m        [35m0.6169[0m  0.4532
      9        [36m0.7526[0m       [32m0.7329[0m        [35m0.6041[0m  0.4511
     10        [36m0.7298[0m       [32m0.7446[0m        [35m0.5948[0m  0.4503
  epoch    train_loss    valid_acc    valid_loss     dur
-------  ------------  -----------  ------------  ------
      1        [36m1.5113[0m       [32m0.5000[0m        [35m3.9027[0m  0.4636
      2        2.9519       0.5000        [35m1.0836[0m  0.4635
      3        [36m1.2618[0m       [32m0.5018[0m        [35m0.9685[0m  0.4676
      4        [36m1.1009[0m       [32m0.5252[0m        [35m0.8074[0m  0.4728
      5        [36m0.9699[0m       [32m0.6007[0m        [35m0.7109[0m  0.4719
      6        [36m0.8780[0m       [32m0.6538[0m        [35m0.6629[0m  0.4678
      7        [36m0.8219[0m       [32m0.6915[0m        [35m0.6343[0m  0.4663
      8        [36m0.7827[0m       [32m0.7167[0m        [35m0.6159[0m  0.4729
      9        [36m0.7535[0m       [32m0.7356[0m        [35m0.6032[0m  0.4765
     10        [36m0.7308[0m       [32m0.7482[0m        [35m0.5939[0m  0.4648
  epoch    train_loss    valid_acc    valid_loss     dur
-------  ------------  -----------  ------------  ------
      1        [36m1.5123[0m       [32m0.5000[0m        [35m3.9048[0m  0.4580
      2        2.9450       0.5000        [35m1.0888[0m  0.4670
      3        [36m1.2595[0m       [32m0.5018[0m        [35m0.9700[0m  0.4573
      4        [36m1.0966[0m       [32m0.5261[0m        [35m0.8084[0m  0.4650
      5        [36m0.9660[0m       [32m0.6016[0m        [35m0.7117[0m  0.4574
      6        [36m0.8746[0m       [32m0.6547[0m        [35m0.6635[0m  0.4632
      7        [36m0.8188[0m       [32m0.6879[0m        [35m0.6347[0m  0.4667
      8        [36m0.7799[0m       [32m0.7167[0m        [35m0.6162[0m  0.4663
      9        [36m0.7509[0m       [32m0.7365[0m        [35m0.6034[0m  0.5678
     10        [36m0.7284[0m       [32m0.7473[0m        [35m0.5941[0m  0.4621
  epoch    train_loss    valid_acc    valid_loss     dur
-------  ------------  -----------  ------------  ------
      1        [36m1.5125[0m       [32m0.5000[0m        [35m3.8983[0m  0.4691
      2        2.9500       0.5000        [35m1.0797[0m  0.4670
      3        [36m1.2589[0m       [32m0.5018[0m        [35m0.9645[0m  0.4706
      4        [36m1.0973[0m       [32m0.5270[0m        [35m0.8044[0m  0.4669
      5        [36m0.9665[0m       [32m0.6025[0m        [35m0.7084[0m  0.4670
      6        [36m0.8749[0m       [32m0.6556[0m        [35m0.6608[0m  0.4732
      7        [36m0.8191[0m       [32m0.6915[0m        [35m0.6326[0m  0.4751
      8        [36m0.7802[0m       [32m0.7185[0m        [35m0.6144[0m  0.4702
      9        [36m0.7512[0m       [32m0.7356[0m        [35m0.6019[0m  0.4727
     10        [36m0.7286[0m       [32m0.7527[0m        [35m0.5928[0m  0.4743
  epoch    train_loss    valid_acc    valid_loss     dur
-------  ------------  -----------  ------------  ------
      1        [36m1.5086[0m       [32m0.5000[0m        [35m3.8962[0m  0.4688
      2        2.9495       0.5000        [35m1.0786[0m  0.4643
      3        [36m1.2610[0m       [32m0.5018[0m        [35m0.9637[0m  0.4733
      4        [36m1.1000[0m       [32m0.5261[0m        [35m0.8038[0m  0.4662
      5        [36m0.9692[0m       [32m0.6007[0m        [35m0.7081[0m  0.4625
      6        [36m0.8775[0m       [32m0.6547[0m        [35m0.6605[0m  0.4671
      7        [36m0.8213[0m       [32m0.6933[0m        [35m0.6322[0m  0.4713
      8        [36m0.7822[0m       [32m0.7176[0m        [35m0.6141[0m  0.4698
      9        [36m0.7531[0m       [32m0.7365[0m        [35m0.6016[0m  0.4619
     10        [36m0.7305[0m       [32m0.7482[0m        [35m0.5925[0m  0.4796
  epoch    train_loss    valid_acc    valid_loss     dur
-------  ------------  -----------  ------------  ------
      1        [36m1.5126[0m       [32m0.5000[0m        [35m3.8946[0m  0.4728
      2        2.9487       0.5000        [35m1.0842[0m  0.4780
      3        [36m1.2600[0m       [32m0.5018[0m        [35m0.9677[0m  0.4758
      4        [36m1.0981[0m       [32m0.5261[0m        [35m0.8070[0m  0.4727
      5        [36m0.9673[0m       [32m0.6007[0m        [35m0.7104[0m  0.4656
      6        [36m0.8755[0m       [32m0.6547[0m        [35m0.6623[0m  0.4701
      7        [36m0.8195[0m       [32m0.6897[0m        [35m0.6338[0m  0.4824
      8        [36m0.7804[0m       [32m0.7176[0m        [35m0.6154[0m  0.4764
      9        [36m0.7514[0m       [32m0.7356[0m        [35m0.6028[0m  0.4798
     10        [36m0.7287[0m       [32m0.7482[0m        [35m0.5935[0m  0.4765
  epoch    train_loss    valid_acc    valid_loss     dur
-------  ------------  -----------  ------------  ------
      1        [36m1.5134[0m       [32m0.5000[0m        [35m3.9190[0m  0.4789
      2        2.9478       0.5000        [35m1.0882[0m  0.4762
      3        [36m1.2604[0m       [32m0.5018[0m        [35m0.9712[0m  0.4640
      4        [36m1.0989[0m       [32m0.5261[0m        [35m0.8088[0m  0.4716
      5        [36m0.9678[0m       [32m0.6016[0m        [35m0.7114[0m  0.4707
      6        [36m0.8759[0m       [32m0.6538[0m        [35m0.6629[0m  0.4786
      7        [36m0.8198[0m       [32m0.6915[0m        [35m0.6341[0m  0.4686
      8        [36m0.7807[0m       [32m0.7167[0m        [35m0.6156[0m  0.4641
      9        [36m0.7517[0m       [32m0.7365[0m        [35m0.6028[0m  0.4647
     10        [36m0.7290[0m       [32m0.7482[0m        [35m0.5935[0m  0.4702
  epoch    train_loss    valid_acc    valid_loss     dur
-------  ------------  -----------  ------------  ------
      1        [36m1.5121[0m       [32m0.5000[0m        [35m3.8986[0m  0.4764
      2        2.9457       0.5000        [35m1.0830[0m  0.4697
      3        [36m1.2621[0m       [32m0.5018[0m        [35m0.9652[0m  0.4739
      4        [36m1.1005[0m       [32m0.5270[0m        [35m0.8035[0m  0.4736
      5        [36m0.9694[0m       [32m0.6025[0m        [35m0.7067[0m  0.4757
      6        [36m0.8774[0m       [32m0.6556[0m        [35m0.6587[0m  0.4715
      7        [36m0.8213[0m       [32m0.6924[0m        [35m0.6303[0m  0.4725
      8        [36m0.7821[0m       [32m0.7194[0m        [35m0.6120[0m  0.4772
      9        [36m0.7530[0m       [32m0.7383[0m        [35m0.5995[0m  0.4752
     10        [36m0.7303[0m       [32m0.7518[0m        [35m0.5903[0m  0.4742
  epoch    train_loss    valid_acc    valid_loss     dur
-------  ------------  -----------  ------------  ------
      1        [36m1.5016[0m       [32m0.5000[0m        [35m3.9115[0m  0.4675
      2        2.9588       0.5000        [35m1.0666[0m  0.4716
      3        [36m1.2556[0m       [32m0.5018[0m        [35m0.9573[0m  0.4738
      4        [36m1.0964[0m       [32m0.5279[0m        [35m0.8000[0m  0.4743
      5        [36m0.9675[0m       [32m0.6034[0m        [35m0.7051[0m  0.4663
      6        [36m0.8761[0m       [32m0.6547[0m        [35m0.6580[0m  0.4777
      7        [36m0.8201[0m       [32m0.6978[0m        [35m0.6302[0m  0.4660
      8        [36m0.7812[0m       [32m0.7203[0m        [35m0.6124[0m  0.4639
      9        [36m0.7523[0m       [32m0.7347[0m        [35m0.6002[0m  0.4736
     10        [36m0.7298[0m       [32m0.7482[0m        [35m0.5912[0m  0.4882
  epoch    train_loss    valid_acc    valid_loss     dur
-------  ------------  -----------  ------------  ------
      1        [36m1.5084[0m       [32m0.5000[0m        [35m3.8907[0m  0.4744
      2        2.9583       0.5000        [35m1.0751[0m  0.4775
      3        [36m1.2593[0m       [32m0.5018[0m        [35m0.9640[0m  0.4747
      4        [36m1.0990[0m       [32m0.5261[0m        [35m0.8054[0m  0.4676
      5        [36m0.9682[0m       [32m0.6025[0m        [35m0.7105[0m  0.4773
      6        [36m0.8764[0m       [32m0.6538[0m        [35m0.6633[0m  0.4734
      7        [36m0.8205[0m       [32m0.6933[0m        [35m0.6353[0m  0.4739
      8        [36m0.7815[0m       [32m0.7194[0m        [35m0.6172[0m  0.4714
      9        [36m0.7525[0m       [32m0.7365[0m        [35m0.6047[0m  0.4717
     10        [36m0.7298[0m       [32m0.7473[0m        [35m0.5955[0m  0.4742
  epoch    train_loss    valid_acc    valid_loss     dur
-------  ------------  -----------  ------------  ------
      1        [36m1.5105[0m       [32m0.5000[0m        [35m3.9038[0m  0.4641
      2        2.9509       0.5000        [35m1.0867[0m  0.4869
      3        [36m1.2610[0m       [32m0.5018[0m        [35m0.9670[0m  0.4614
      4        [36m1.0973[0m       [32m0.5261[0m        [35m0.8055[0m  0.4674
      5        [36m0.9663[0m       [32m0.5998[0m        [35m0.7087[0m  0.4704
      6        [36m0.8748[0m       [32m0.6529[0m        [35m0.6604[0m  0.4661
      7        [36m0.8189[0m       [32m0.6897[0m        [35m0.6317[0m  0.4653
      8        [36m0.7800[0m       [32m0.7158[0m        [35m0.6132[0m  0.4660
      9        [36m0.7510[0m       [32m0.7374[0m        [35m0.6004[0m  0.4692
     10        [36m0.7284[0m       [32m0.7464[0m        [35m0.5910[0m  0.4741
  epoch    train_loss    valid_acc    valid_loss     dur
-------  ------------  -----------  ------------  ------
      1        [36m1.5166[0m       [32m0.5000[0m        [35m3.9215[0m  0.4688
      2        2.9486       0.5000        [35m1.0907[0m  0.4763
      3        [36m1.2617[0m       [32m0.5018[0m        [35m0.9717[0m  0.4699
      4        [36m1.0992[0m       [32m0.5261[0m        [35m0.8085[0m  0.4710
      5        [36m0.9679[0m       [32m0.6025[0m        [35m0.7110[0m  0.4720
      6        [36m0.8761[0m       [32m0.6556[0m        [35m0.6624[0m  0.4731
      7        [36m0.8200[0m       [32m0.6924[0m        [35m0.6336[0m  0.4758
      8        [36m0.7810[0m       [32m0.7203[0m        [35m0.6151[0m  0.4680
      9        [36m0.7519[0m       [32m0.7383[0m        [35m0.6023[0m  0.4786
     10        [36m0.7292[0m       [32m0.7509[0m        [35m0.5929[0m  0.4747
  epoch    train_loss    valid_acc    valid_loss     dur
-------  ------------  -----------  ------------  ------
      1        [36m1.5096[0m       [32m0.5000[0m        [35m3.8870[0m  0.4715
      2        2.9493       0.5000        [35m1.0802[0m  0.4678
      3        [36m1.2602[0m       [32m0.5018[0m        [35m0.9635[0m  0.4727
      4        [36m1.0981[0m       [32m0.5261[0m        [35m0.8036[0m  0.4679
      5        [36m0.9674[0m       [32m0.6016[0m        [35m0.7078[0m  0.4751
      6        [36m0.8757[0m       [32m0.6538[0m        [35m0.6602[0m  0.4722
      7        [36m0.8198[0m       [32m0.6951[0m        [35m0.6319[0m  0.4692
      8        [36m0.7808[0m       [32m0.7176[0m        [35m0.6137[0m  0.4717
      9        [36m0.7518[0m       [32m0.7365[0m        [35m0.6011[0m  0.4679
     10        [36m0.7291[0m       [32m0.7464[0m        [35m0.5920[0m  0.4770
  epoch    train_loss    valid_acc    valid_loss     dur
-------  ------------  -----------  ------------  ------
      1        [36m1.5108[0m       [32m0.5000[0m        [35m3.9206[0m  0.4778
      2        2.9520       0.5000        [35m1.0844[0m  0.4715
      3        [36m1.2594[0m       [32m0.5018[0m        [35m0.9691[0m  0.4762
      4        [36m1.0987[0m       [32m0.5261[0m        [35m0.8073[0m  0.4752
      5        [36m0.9678[0m       [32m0.6016[0m        [35m0.7103[0m  0.4713
      6        [36m0.8761[0m       [32m0.6556[0m        [35m0.6619[0m  0.4641
      7        [36m0.8201[0m       [32m0.6933[0m        [35m0.6332[0m  0.4766
      8        [36m0.7811[0m       [32m0.7203[0m        [35m0.6149[0m  0.4639
      9        [36m0.7521[0m       [32m0.7383[0m        [35m0.6022[0m  0.4733
     10        [36m0.7295[0m       [32m0.7527[0m        [35m0.5929[0m  0.4654
  epoch    train_loss    valid_acc    valid_loss     dur
-------  ------------  -----------  ------------  ------
      1        [36m1.5424[0m       [32m0.4995[0m        [35m3.8790[0m  0.5372
      2        2.9657       0.4995        [35m1.1050[0m  0.5475
      3        [36m1.3057[0m       0.4995        [35m1.0158[0m  0.5231
      4        [36m1.1640[0m       [32m0.5050[0m        [35m0.8288[0m  0.5203
      5        [36m1.0075[0m       [32m0.5392[0m        [35m0.7389[0m  0.5209
      6        [36m0.9152[0m       [32m0.5968[0m        [35m0.6896[0m  0.5269
      7        [36m0.8551[0m       [32m0.6463[0m        [35m0.6607[0m  0.5320
      8        [36m0.8130[0m       [32m0.6652[0m        [35m0.6425[0m  0.5218
      9        [36m0.7815[0m       [32m0.6967[0m        [35m0.6306[0m  0.5261
     10        [36m0.7574[0m       [32m0.7165[0m        [35m0.6224[0m  0.5277
  epoch    train_loss    valid_acc    valid_loss     dur
-------  ------------  -----------  ------------  ------
      1        [36m1.5409[0m       [32m0.4995[0m        [35m3.8766[0m  0.4616
      2        2.9628       0.4995        [35m1.1090[0m  0.4554
      3        [36m1.3068[0m       0.4995        [35m1.0176[0m  0.4634
      4        [36m1.1656[0m       [32m0.5041[0m        [35m0.8294[0m  0.4597
      5        [36m1.0088[0m       [32m0.5383[0m        [35m0.7387[0m  0.4612
      6        [36m0.9163[0m       [32m0.5950[0m        [35m0.6889[0m  0.4761
      7        [36m0.8559[0m       [32m0.6445[0m        [35m0.6597[0m  0.4662
      8        [36m0.8136[0m       [32m0.6634[0m        [35m0.6413[0m  0.4689
      9        [36m0.7821[0m       [32m0.6958[0m        [35m0.6293[0m  0.4617
     10        [36m0.7578[0m       [32m0.7156[0m        [35m0.6209[0m  0.4742
  epoch    train_loss    valid_acc    valid_loss     dur
-------  ------------  -----------  ------------  ------
      1        [36m1.5437[0m       [32m0.4995[0m        [35m3.8783[0m  0.4701
      2        2.9637       0.4995        [35m1.1103[0m  0.4693
      3        [36m1.3072[0m       0.4995        [35m1.0163[0m  0.4597
      4        [36m1.1630[0m       [32m0.5050[0m        [35m0.8315[0m  0.4756
      5        [36m1.0084[0m       [32m0.5392[0m        [35m0.7403[0m  0.4694
      6        [36m0.9153[0m       [32m0.5959[0m        [35m0.6905[0m  0.4682
      7        [36m0.8550[0m       [32m0.6481[0m        [35m0.6614[0m  0.4657
      8        [36m0.8128[0m       [32m0.6661[0m        [35m0.6430[0m  0.4674
      9        [36m0.7812[0m       [32m0.6958[0m        [35m0.6309[0m  0.4650
     10        [36m0.7570[0m       [32m0.7156[0m        [35m0.6225[0m  0.4693
  epoch    train_loss    valid_acc    valid_loss     dur
-------  ------------  -----------  ------------  ------
      1        [36m1.5420[0m       [32m0.4995[0m        [35m3.8793[0m  0.4610
      2        2.9668       0.4995        [35m1.1083[0m  0.4573
      3        [36m1.3069[0m       0.4995        [35m1.0160[0m  0.4627
      4        [36m1.1634[0m       [32m0.5050[0m        [35m0.8318[0m  0.4638
      5        [36m1.0091[0m       [32m0.5392[0m        [35m0.7406[0m  0.4643
      6        [36m0.9161[0m       [32m0.5968[0m        [35m0.6909[0m  0.4588
      7        [36m0.8557[0m       [32m0.6445[0m        [35m0.6619[0m  0.4646
      8        [36m0.8135[0m       [32m0.6652[0m        [35m0.6435[0m  0.4632
      9        [36m0.7819[0m       [32m0.6967[0m        [35m0.6314[0m  0.4712
     10        [36m0.7577[0m       [32m0.7138[0m        [35m0.6231[0m  0.4616
  epoch    train_loss    valid_acc    valid_loss     dur
-------  ------------  -----------  ------------  ------
      1        [36m1.5439[0m       [32m0.4995[0m        [35m3.8786[0m  0.4582
      2        2.9631       0.4995        [35m1.1104[0m  0.4616
      3        [36m1.3072[0m       0.4995        [35m1.0187[0m  0.4636
      4        [36m1.1644[0m       [32m0.5050[0m        [35m0.8318[0m  0.4574
      5        [36m1.0085[0m       [32m0.5383[0m        [35m0.7411[0m  0.4681
      6        [36m0.9160[0m       [32m0.5968[0m        [35m0.6913[0m  0.4653
      7        [36m0.8557[0m       [32m0.6499[0m        [35m0.6621[0m  0.4580
      8        [36m0.8135[0m       [32m0.6661[0m        [35m0.6437[0m  0.4538
      9        [36m0.7819[0m       [32m0.6985[0m        [35m0.6316[0m  0.4623
     10        [36m0.7577[0m       [32m0.7183[0m        [35m0.6233[0m  0.4601
  epoch    train_loss    valid_acc    valid_loss     dur
-------  ------------  -----------  ------------  ------
      1        [36m1.5403[0m       [32m0.4995[0m        [35m3.8961[0m  0.4612
      2        2.9622       0.4995        [35m1.1160[0m  0.4590
      3        [36m1.3073[0m       0.4995        [35m1.0207[0m  0.4647
      4        [36m1.1634[0m       [32m0.5041[0m        [35m0.8353[0m  0.4637
      5        [36m1.0097[0m       [32m0.5383[0m        [35m0.7429[0m  0.4681
      6        [36m0.9165[0m       [32m0.5959[0m        [35m0.6925[0m  0.4611
      7        [36m0.8561[0m       [32m0.6454[0m        [35m0.6630[0m  0.4531
      8        [36m0.8138[0m       [32m0.6652[0m        [35m0.6444[0m  0.4651
      9        [36m0.7823[0m       [32m0.6949[0m        [35m0.6322[0m  0.4558
     10        [36m0.7581[0m       [32m0.7183[0m        [35m0.6237[0m  0.4600
  epoch    train_loss    valid_acc    valid_loss     dur
-------  ------------  -----------  ------------  ------
      1        [36m1.5401[0m       [32m0.4995[0m        [35m3.8940[0m  0.4680
      2        2.9647       0.4995        [35m1.1111[0m  0.4626
      3        [36m1.3057[0m       0.4995        [35m1.0197[0m  0.4643
      4        [36m1.1637[0m       [32m0.5050[0m        [35m0.8332[0m  0.4541
      5        [36m1.0086[0m       [32m0.5383[0m        [35m0.7417[0m  0.4656
      6        [36m0.9156[0m       [32m0.5950[0m        [35m0.6918[0m  0.4665
      7        [36m0.8553[0m       [32m0.6436[0m        [35m0.6626[0m  0.4670
      8        [36m0.8131[0m       [32m0.6643[0m        [35m0.6441[0m  0.4638
      9        [36m0.7816[0m       [32m0.6976[0m        [35m0.6319[0m  0.4672
     10        [36m0.7574[0m       [32m0.7165[0m        [35m0.6235[0m  0.4602
  epoch    train_loss    valid_acc    valid_loss     dur
-------  ------------  -----------  ------------  ------
      1        [36m1.5315[0m       [32m0.4995[0m        [35m3.8877[0m  0.4581
      2        2.9635       0.4995        [35m1.1025[0m  0.4529
      3        [36m1.3039[0m       0.4995        [35m1.0153[0m  0.4556
      4        [36m1.1635[0m       [32m0.5050[0m        [35m0.8280[0m  0.4523
      5        [36m1.0067[0m       [32m0.5374[0m        [35m0.7401[0m  0.4563
      6        [36m0.9156[0m       [32m0.5950[0m        [35m0.6910[0m  0.4596
      7        [36m0.8554[0m       [32m0.6454[0m        [35m0.6620[0m  0.4546
      8        [36m0.8130[0m       [32m0.6634[0m        [35m0.6435[0m  0.4585
      9        [36m0.7813[0m       [32m0.6940[0m        [35m0.6314[0m  0.4538
     10        [36m0.7570[0m       [32m0.7165[0m        [35m0.6231[0m  0.4600
  epoch    train_loss    valid_acc    valid_loss     dur
-------  ------------  -----------  ------------  ------
      1        [36m1.5419[0m       [32m0.4995[0m        [35m3.8884[0m  0.4619
      2        2.9699       0.4995        [35m1.1112[0m  0.4666
      3        [36m1.3084[0m       0.4995        [35m1.0192[0m  0.4661
      4        [36m1.1655[0m       [32m0.5032[0m        [35m0.8336[0m  0.4657
      5        [36m1.0104[0m       [32m0.5383[0m        [35m0.7420[0m  0.4641
      6        [36m0.9171[0m       [32m0.5941[0m        [35m0.6920[0m  0.4683
      7        [36m0.8565[0m       [32m0.6463[0m        [35m0.6628[0m  0.4545
      8        [36m0.8141[0m       [32m0.6625[0m        [35m0.6444[0m  0.4634
      9        [36m0.7825[0m       [32m0.6949[0m        [35m0.6323[0m  0.4606
     10        [36m0.7582[0m       [32m0.7147[0m        [35m0.6240[0m  0.4617
  epoch    train_loss    valid_acc    valid_loss     dur
-------  ------------  -----------  ------------  ------
      1        [36m1.5395[0m       [32m0.4995[0m        [35m3.8856[0m  0.4540
      2        2.9671       0.4995        [35m1.1063[0m  0.4620
      3        [36m1.3056[0m       0.4995        [35m1.0186[0m  0.4558
      4        [36m1.1656[0m       [32m0.5050[0m        [35m0.8295[0m  0.4479
      5        [36m1.0079[0m       [32m0.5383[0m        [35m0.7398[0m  0.4559
      6        [36m0.9158[0m       [32m0.5968[0m        [35m0.6902[0m  0.4505
      7        [36m0.8555[0m       [32m0.6454[0m        [35m0.6613[0m  0.4655
      8        [36m0.8134[0m       [32m0.6652[0m        [35m0.6430[0m  0.4612
      9        [36m0.7818[0m       [32m0.6958[0m        [35m0.6310[0m  0.4629
     10        [36m0.7576[0m       [32m0.7147[0m        [35m0.6227[0m  0.4585
  epoch    train_loss    valid_acc    valid_loss     dur
-------  ------------  -----------  ------------  ------
      1        [36m1.5363[0m       [32m0.4995[0m        [35m3.8866[0m  0.4636
      2        2.9681       0.4995        [35m1.1040[0m  0.4669
      3        [36m1.3057[0m       0.4995        [35m1.0175[0m  0.4646
      4        [36m1.1659[0m       [32m0.5050[0m        [35m0.8270[0m  0.4662
      5        [36m1.0065[0m       [32m0.5401[0m        [35m0.7385[0m  0.4580
      6        [36m0.9151[0m       [32m0.5968[0m        [35m0.6893[0m  0.4535
      7        [36m0.8549[0m       [32m0.6490[0m        [35m0.6606[0m  0.4603
      8        [36m0.8129[0m       [32m0.6679[0m        [35m0.6424[0m  0.4646
      9        [36m0.7813[0m       [32m0.6976[0m        [35m0.6305[0m  0.4581
     10        [36m0.7572[0m       [32m0.7156[0m        [35m0.6223[0m  0.4564
  epoch    train_loss    valid_acc    valid_loss     dur
-------  ------------  -----------  ------------  ------
      1        [36m1.5370[0m       [32m0.4995[0m        [35m3.8895[0m  0.4533
      2        2.9632       0.4995        [35m1.1086[0m  0.4585
      3        [36m1.3063[0m       0.4995        [35m1.0177[0m  0.4687
      4        [36m1.1641[0m       [32m0.5050[0m        [35m0.8311[0m  0.4571
      5        [36m1.0085[0m       [32m0.5383[0m        [35m0.7407[0m  0.4530
      6        [36m0.9161[0m       [32m0.5968[0m        [35m0.6908[0m  0.4577
      7        [36m0.8556[0m       [32m0.6472[0m        [35m0.6617[0m  0.4567
      8        [36m0.8133[0m       [32m0.6643[0m        [35m0.6433[0m  0.4532
      9        [36m0.7817[0m       [32m0.6949[0m        [35m0.6312[0m  0.4529
     10        [36m0.7575[0m       [32m0.7147[0m        [35m0.6229[0m  0.4453
  epoch    train_loss    valid_acc    valid_loss     dur
-------  ------------  -----------  ------------  ------
      1        [36m1.5373[0m       [32m0.5000[0m        [35m3.8965[0m  0.4628
      2        2.9689       0.5000        [35m1.1129[0m  0.4619
      3        [36m1.3082[0m       0.5000        [35m1.0216[0m  0.4605
      4        [36m1.1662[0m       [32m0.5054[0m        [35m0.8318[0m  0.4589
      5        [36m1.0084[0m       [32m0.5387[0m        [35m0.7412[0m  0.4571
      6        [36m0.9161[0m       [32m0.5944[0m        [35m0.6912[0m  0.4615
      7        [36m0.8558[0m       [32m0.6457[0m        [35m0.6620[0m  0.4623
      8        [36m0.8136[0m       [32m0.6646[0m        [35m0.6435[0m  0.4673
      9        [36m0.7821[0m       [32m0.6978[0m        [35m0.6314[0m  0.4659
     10        [36m0.7579[0m       [32m0.7158[0m        [35m0.6230[0m  0.4626
  epoch    train_loss    valid_acc    valid_loss     dur
-------  ------------  -----------  ------------  ------
      1        [36m1.5469[0m       [32m0.5000[0m        [35m3.8751[0m  0.4582
      2        2.9606       0.5000        [35m1.1097[0m  0.4497
      3        [36m1.3054[0m       0.5000        [35m1.0168[0m  0.4490
      4        [36m1.1624[0m       [32m0.5045[0m        [35m0.8339[0m  0.4561
      5        [36m1.0098[0m       [32m0.5396[0m        [35m0.7413[0m  0.4576
      6        [36m0.9161[0m       [32m0.5953[0m        [35m0.6910[0m  0.4445
      7        [36m0.8556[0m       [32m0.6466[0m        [35m0.6615[0m  0.4598
      8        [36m0.8133[0m       [32m0.6628[0m        [35m0.6430[0m  0.4578
      9        [36m0.7818[0m       [32m0.6933[0m        [35m0.6308[0m  0.4558
     10        [36m0.7575[0m       [32m0.7158[0m        [35m0.6223[0m  0.4505
  epoch    train_loss    valid_acc    valid_loss     dur
-------  ------------  -----------  ------------  ------
      1        [36m1.5351[0m       [32m0.5000[0m        [35m3.8793[0m  0.4646
      2        2.9714       0.5000        [35m1.1003[0m  0.4650
      3        [36m1.3037[0m       0.5000        [35m1.0171[0m  0.4606
      4        [36m1.1657[0m       [32m0.5054[0m        [35m0.8292[0m  0.4624
      5        [36m1.0079[0m       [32m0.5396[0m        [35m0.7405[0m  0.4569
      6        [36m0.9160[0m       [32m0.5953[0m        [35m0.6913[0m  0.4592
      7        [36m0.8557[0m       [32m0.6475[0m        [35m0.6626[0m  0.4604
      8        [36m0.8135[0m       [32m0.6628[0m        [35m0.6444[0m  0.4535
      9        [36m0.7819[0m       [32m0.6960[0m        [35m0.6324[0m  0.4619
     10        [36m0.7577[0m       [32m0.7140[0m        [35m0.6242[0m  0.4586
  epoch    train_loss    valid_acc    valid_loss     dur
-------  ------------  -----------  ------------  ------
      1        [36m1.5318[0m       [32m0.5000[0m        [35m3.8780[0m  0.4578
      2        2.9566       0.5000        [35m1.1029[0m  0.4487
      3        [36m1.3034[0m       0.5000        [35m1.0174[0m  0.4502
      4        [36m1.1648[0m       [32m0.5063[0m        [35m0.8254[0m  0.4618
      5        [36m1.0050[0m       [32m0.5396[0m        [35m0.7379[0m  0.4591
      6        [36m0.9148[0m       [32m0.5971[0m        [35m0.6886[0m  0.4590
      7        [36m0.8550[0m       [32m0.6448[0m        [35m0.6598[0m  0.4526
      8        [36m0.8132[0m       [32m0.6646[0m        [35m0.6416[0m  0.4546
      9        [36m0.7819[0m       [32m0.6942[0m        [35m0.6296[0m  0.4446
     10        [36m0.7579[0m       [32m0.7122[0m        [35m0.6214[0m  0.4500
  epoch    train_loss    valid_acc    valid_loss     dur
-------  ------------  -----------  ------------  ------
      1        [36m1.5406[0m       [32m0.5000[0m        [35m3.8949[0m  0.4568
      2        2.9625       0.5000        [35m1.1161[0m  0.4694
      3        [36m1.3083[0m       0.5000        [35m1.0220[0m  0.4558
      4        [36m1.1651[0m       [32m0.5054[0m        [35m0.8326[0m  0.4628
      5        [36m1.0083[0m       [32m0.5387[0m        [35m0.7414[0m  0.4634
      6        [36m0.9159[0m       [32m0.5953[0m        [35m0.6913[0m  0.4580
      7        [36m0.8557[0m       [32m0.6457[0m        [35m0.6620[0m  0.4634
      8        [36m0.8135[0m       [32m0.6664[0m        [35m0.6434[0m  0.4589
      9        [36m0.7819[0m       [32m0.6987[0m        [35m0.6313[0m  0.4551
     10        [36m0.7578[0m       [32m0.7185[0m        [35m0.6229[0m  0.4519
  epoch    train_loss    valid_acc    valid_loss     dur
-------  ------------  -----------  ------------  ------
      1        [36m1.5370[0m       [32m0.5000[0m        [35m3.8889[0m  0.4487
      2        2.9674       0.5000        [35m1.1022[0m  0.4527
      3        [36m1.3026[0m       0.5000        [35m1.0161[0m  0.4442
      4        [36m1.1634[0m       [32m0.5054[0m        [35m0.8285[0m  0.4447
      5        [36m1.0067[0m       [32m0.5405[0m        [35m0.7392[0m  0.4506
      6        [36m0.9148[0m       [32m0.5989[0m        [35m0.6900[0m  0.4545
      7        [36m0.8547[0m       [32m0.6484[0m        [35m0.6613[0m  0.4539
      8        [36m0.8127[0m       [32m0.6664[0m        [35m0.6432[0m  0.4581
      9        [36m0.7812[0m       [32m0.6978[0m        [35m0.6312[0m  0.4604
     10        [36m0.7571[0m       [32m0.7176[0m        [35m0.6230[0m  0.4586
  epoch    train_loss    valid_acc    valid_loss     dur
-------  ------------  -----------  ------------  ------
      1        [36m1.5338[0m       [32m0.5000[0m        [35m3.8921[0m  0.4640
      2        2.9648       0.5000        [35m1.1069[0m  0.4653
      3        [36m1.3042[0m       0.5000        [35m1.0176[0m  0.4597
      4        [36m1.1639[0m       [32m0.5036[0m        [35m0.8320[0m  0.4612
      5        [36m1.0090[0m       [32m0.5387[0m        [35m0.7413[0m  0.4644
      6        [36m0.9162[0m       [32m0.5953[0m        [35m0.6918[0m  0.4653
      7        [36m0.8560[0m       [32m0.6475[0m        [35m0.6628[0m  0.4588
      8        [36m0.8138[0m       [32m0.6646[0m        [35m0.6445[0m  0.4648
      9        [36m0.7823[0m       [32m0.6942[0m        [35m0.6326[0m  0.4587
     10        [36m0.7582[0m       [32m0.7158[0m        [35m0.6243[0m  0.4634
  epoch    train_loss    valid_acc    valid_loss     dur
-------  ------------  -----------  ------------  ------
      1        [36m1.5373[0m       [32m0.5000[0m        [35m3.8623[0m  0.4594
      2        2.9662       0.5000        [35m1.1032[0m  0.4613
      3        [36m1.3060[0m       0.5000        [35m1.0151[0m  0.4621
      4        [36m1.1646[0m       [32m0.5054[0m        [35m0.8294[0m  0.4694
      5        [36m1.0078[0m       [32m0.5405[0m        [35m0.7404[0m  0.4616
      6        [36m0.9156[0m       [32m0.5962[0m        [35m0.6914[0m  0.4618
      7        [36m0.8554[0m       [32m0.6484[0m        [35m0.6626[0m  0.4644
      8        [36m0.8133[0m       [32m0.6646[0m        [35m0.6444[0m  0.4621
      9        [36m0.7818[0m       [32m0.6960[0m        [35m0.6325[0m  0.4613
     10        [36m0.7576[0m       [32m0.7149[0m        [35m0.6242[0m  0.4558
  epoch    train_loss    valid_acc    valid_loss     dur
-------  ------------  -----------  ------------  ------
      1        [36m1.5379[0m       [32m0.5000[0m        [35m3.8917[0m  0.4576
      2        2.9630       0.5000        [35m1.1122[0m  0.4625
      3        [36m1.3066[0m       0.5000        [35m1.0183[0m  0.4621
      4        [36m1.1630[0m       [32m0.5054[0m        [35m0.8323[0m  0.4631
      5        [36m1.0079[0m       [32m0.5396[0m        [35m0.7412[0m  0.4544
      6        [36m0.9150[0m       [32m0.5962[0m        [35m0.6915[0m  0.4541
      7        [36m0.8549[0m       [32m0.6466[0m        [35m0.6624[0m  0.4594
      8        [36m0.8128[0m       [32m0.6628[0m        [35m0.6440[0m  0.4608
      9        [36m0.7813[0m       [32m0.6951[0m        [35m0.6319[0m  0.4652
     10        [36m0.7572[0m       [32m0.7185[0m        [35m0.6235[0m  0.4613
  epoch    train_loss    valid_acc    valid_loss     dur
-------  ------------  -----------  ------------  ------
      1        [36m1.5417[0m       [32m0.5000[0m        [35m3.8824[0m  0.4617
      2        2.9631       0.5000        [35m1.1128[0m  0.4642
      3        [36m1.3074[0m       0.5000        [35m1.0193[0m  0.4601
      4        [36m1.1632[0m       [32m0.5036[0m        [35m0.8350[0m  0.4630
      5        [36m1.0092[0m       [32m0.5387[0m        [35m0.7433[0m  0.4699
      6        [36m0.9160[0m       [32m0.5962[0m        [35m0.6932[0m  0.4604
      7        [36m0.8556[0m       [32m0.6439[0m        [35m0.6639[0m  0.4592
      8        [36m0.8133[0m       [32m0.6637[0m        [35m0.6453[0m  0.4721
      9        [36m0.7818[0m       [32m0.6951[0m        [35m0.6332[0m  0.4639
     10        [36m0.7576[0m       [32m0.7149[0m        [35m0.6247[0m  0.4622
  epoch    train_loss    valid_acc    valid_loss     dur
-------  ------------  -----------  ------------  ------
      1        [36m1.5415[0m       [32m0.5000[0m        [35m3.8884[0m  0.4714
      2        2.9580       0.5000        [35m1.1008[0m  0.4652
      3        [36m1.2987[0m       0.5000        [35m1.0132[0m  0.4638
      4        [36m1.1592[0m       [32m0.5054[0m        [35m0.8283[0m  0.4691
      5        [36m1.0057[0m       [32m0.5414[0m        [35m0.7380[0m  0.4671
      6        [36m0.9137[0m       [32m0.6007[0m        [35m0.6888[0m  0.4768
      7        [36m0.8538[0m       [32m0.6484[0m        [35m0.6599[0m  0.4724
      8        [36m0.8118[0m       [32m0.6691[0m        [35m0.6417[0m  0.4758
      9        [36m0.7804[0m       [32m0.6996[0m        [35m0.6297[0m  0.4690
     10        [36m0.7563[0m       [32m0.7167[0m        [35m0.6215[0m  0.4698
  epoch    train_loss    valid_acc    valid_loss     dur
-------  ------------  -----------  ------------  ------
      1        [36m1.5415[0m       [32m0.5000[0m        [35m3.8773[0m  0.4602
      2        2.9632       0.5000        [35m1.1082[0m  0.4641
      3        [36m1.3053[0m       0.5000        [35m1.0183[0m  0.4688
      4        [36m1.1641[0m       [32m0.5045[0m        [35m0.8313[0m  0.4641
      5        [36m1.0079[0m       [32m0.5369[0m        [35m0.7410[0m  0.4629
      6        [36m0.9154[0m       [32m0.5953[0m        [35m0.6914[0m  0.4624
      7        [36m0.8552[0m       [32m0.6484[0m        [35m0.6624[0m  0.4685
      8        [36m0.8129[0m       [32m0.6637[0m        [35m0.6441[0m  0.4710
      9        [36m0.7814[0m       [32m0.6960[0m        [35m0.6321[0m  0.4696
     10        [36m0.7572[0m       [32m0.7167[0m        [35m0.6238[0m  0.4697
  epoch    train_loss    valid_acc    valid_loss     dur
-------  ------------  -----------  ------------  ------
      1        [36m1.5383[0m       [32m0.5000[0m        [35m3.8718[0m  0.4670
      2        2.9678       0.5000        [35m1.1024[0m  0.4655
      3        [36m1.3036[0m       0.5000        [35m1.0184[0m  0.4646
      4        [36m1.1655[0m       [32m0.5045[0m        [35m0.8299[0m  0.4733
      5        [36m1.0073[0m       [32m0.5387[0m        [35m0.7410[0m  0.4693
      6        [36m0.9155[0m       [32m0.5962[0m        [35m0.6917[0m  0.4684
      7        [36m0.8553[0m       [32m0.6475[0m        [35m0.6629[0m  0.4654
      8        [36m0.8132[0m       [32m0.6655[0m        [35m0.6446[0m  0.4706
      9        [36m0.7816[0m       [32m0.6951[0m        [35m0.6326[0m  0.4689
     10        [36m0.7574[0m       [32m0.7140[0m        [35m0.6243[0m  0.4633
  epoch    train_loss    valid_acc    valid_loss     dur
-------  ------------  -----------  ------------  ------
      1        [36m1.5407[0m       [32m0.5000[0m        [35m3.8811[0m  0.4573
      2        2.9671       0.5000        [35m1.1076[0m  0.4694
      3        [36m1.3075[0m       0.5000        [35m1.0180[0m  0.4642
      4        [36m1.1661[0m       [32m0.5054[0m        [35m0.8294[0m  0.4685
      5        [36m1.0084[0m       [32m0.5387[0m        [35m0.7395[0m  0.4640
      6        [36m0.9161[0m       [32m0.5962[0m        [35m0.6899[0m  0.4674
      7        [36m0.8558[0m       [32m0.6466[0m        [35m0.6609[0m  0.4658
      8        [36m0.8136[0m       [32m0.6646[0m        [35m0.6426[0m  0.4608
      9        [36m0.7821[0m       [32m0.6960[0m        [35m0.6305[0m  0.4654
     10        [36m0.7579[0m       [32m0.7158[0m        [35m0.6222[0m  0.4597
  epoch    train_loss    valid_acc    valid_loss     dur
-------  ------------  -----------  ------------  ------
      1        [36m1.5384[0m       [32m0.5000[0m        [35m3.8942[0m  0.4767
      2        2.9728       0.5000        [35m1.1024[0m  0.4725
      3        [36m1.3048[0m       0.5000        [35m1.0188[0m  0.4626
      4        [36m1.1662[0m       [32m0.5045[0m        [35m0.8280[0m  0.4735
      5        [36m1.0065[0m       [32m0.5387[0m        [35m0.7397[0m  0.4702
      6        [36m0.9152[0m       [32m0.5980[0m        [35m0.6904[0m  0.4598
      7        [36m0.8550[0m       [32m0.6475[0m        [35m0.6616[0m  0.4598
      8        [36m0.8129[0m       [32m0.6673[0m        [35m0.6433[0m  0.4633
      9        [36m0.7815[0m       [32m0.6951[0m        [35m0.6313[0m  0.4646
     10        [36m0.7573[0m       [32m0.7149[0m        [35m0.6230[0m  0.4630
  epoch    train_loss    valid_acc    valid_loss     dur
-------  ------------  -----------  ------------  ------
      1        [36m1.5412[0m       [32m0.5000[0m        [35m3.8895[0m  0.4720
      2        2.9691       0.5000        [35m1.1123[0m  0.4695
      3        [36m1.3079[0m       0.5000        [35m1.0189[0m  0.4749
      4        [36m1.1639[0m       [32m0.5054[0m        [35m0.8337[0m  0.4726
      5        [36m1.0093[0m       [32m0.5387[0m        [35m0.7420[0m  0.4649
      6        [36m0.9160[0m       [32m0.5962[0m        [35m0.6918[0m  0.4707
      7        [36m0.8556[0m       [32m0.6466[0m        [35m0.6624[0m  0.4736
      8        [36m0.8133[0m       [32m0.6646[0m        [35m0.6439[0m  0.4716
      9        [36m0.7818[0m       [32m0.6951[0m        [35m0.6317[0m  0.4700
     10        [36m0.7576[0m       [32m0.7167[0m        [35m0.6232[0m  0.4708
  epoch    train_loss    valid_acc    valid_loss     dur
-------  ------------  -----------  ------------  ------
      1        [36m1.5302[0m       [32m0.5000[0m        [35m3.8888[0m  0.4618
      2        2.9700       0.5000        [35m1.0990[0m  0.4612
      3        [36m1.3030[0m       0.5000        [35m1.0143[0m  0.4580
      4        [36m1.1641[0m       [32m0.5054[0m        [35m0.8260[0m  0.4633
      5        [36m1.0065[0m       [32m0.5378[0m        [35m0.7379[0m  0.4663
      6        [36m0.9154[0m       [32m0.5971[0m        [35m0.6889[0m  0.4651
      7        [36m0.8553[0m       [32m0.6484[0m        [35m0.6604[0m  0.4595
      8        [36m0.8133[0m       [32m0.6664[0m        [35m0.6424[0m  0.4623
      9        [36m0.7818[0m       [32m0.6933[0m        [35m0.6306[0m  0.4632
     10        [36m0.7577[0m       [32m0.7158[0m        [35m0.6224[0m  0.4550
  epoch    train_loss    valid_acc    valid_loss     dur
-------  ------------  -----------  ------------  ------
      1        [36m1.5401[0m       [32m0.5000[0m        [35m3.8852[0m  0.4623
      2        2.9684       0.5000        [35m1.1057[0m  0.4553
      3        [36m1.3060[0m       0.5000        [35m1.0223[0m  0.4633
      4        [36m1.1683[0m       [32m0.5054[0m        [35m0.8284[0m  0.4633
      5        [36m1.0068[0m       [32m0.5387[0m        [35m0.7396[0m  0.4508
      6        [36m0.9155[0m       [32m0.5962[0m        [35m0.6900[0m  0.4642
      7        [36m0.8553[0m       [32m0.6466[0m        [35m0.6610[0m  0.4629
      8        [36m0.8132[0m       [32m0.6646[0m        [35m0.6426[0m  0.4604
      9        [36m0.7817[0m       [32m0.6969[0m        [35m0.6306[0m  0.4593
     10        [36m0.7575[0m       [32m0.7185[0m        [35m0.6223[0m  0.4447
  epoch    train_loss    valid_acc    valid_loss     dur
-------  ------------  -----------  ------------  ------
      1        [36m1.5413[0m       [32m0.5000[0m        [35m3.8709[0m  0.4580
      2        2.9699       0.5000        [35m1.1026[0m  0.4620
      3        [36m1.3057[0m       0.5000        [35m1.0164[0m  0.4591
      4        [36m1.1654[0m       [32m0.5054[0m        [35m0.8299[0m  0.4568
      5        [36m1.0085[0m       [32m0.5387[0m        [35m0.7403[0m  0.4570
      6        [36m0.9161[0m       [32m0.5953[0m        [35m0.6910[0m  0.4594
      7        [36m0.8557[0m       [32m0.6475[0m        [35m0.6621[0m  0.4626
      8        [36m0.8135[0m       [32m0.6637[0m        [35m0.6439[0m  0.4634
      9        [36m0.7819[0m       [32m0.6942[0m        [35m0.6319[0m  0.4592
     10        [36m0.7577[0m       [32m0.7158[0m        [35m0.6236[0m  0.4542
  epoch    train_loss    valid_acc    valid_loss     dur
-------  ------------  -----------  ------------  ------
      1        [36m1.5399[0m       [32m0.5000[0m        [35m3.8862[0m  0.4645
      2        2.9600       0.5000        [35m1.1093[0m  0.4657
      3        [36m1.3026[0m       0.5000        [35m1.0197[0m  0.4595
      4        [36m1.1631[0m       [32m0.5054[0m        [35m0.8326[0m  0.4526
      5        [36m1.0074[0m       [32m0.5387[0m        [35m0.7414[0m  0.4634
      6        [36m0.9148[0m       [32m0.5962[0m        [35m0.6915[0m  0.4636
      7        [36m0.8547[0m       [32m0.6466[0m        [35m0.6624[0m  0.4620
      8        [36m0.8126[0m       [32m0.6628[0m        [35m0.6440[0m  0.4628
      9        [36m0.7812[0m       [32m0.6933[0m        [35m0.6319[0m  0.4570
     10        [36m0.7571[0m       [32m0.7140[0m        [35m0.6236[0m  0.4483
  epoch    train_loss    valid_acc    valid_loss     dur
-------  ------------  -----------  ------------  ------
      1        [36m1.5434[0m       [32m0.5000[0m        [35m3.8904[0m  0.4652
      2        2.9649       0.5000        [35m1.1085[0m  0.4537
      3        [36m1.3049[0m       0.5000        [35m1.0182[0m  0.4628
      4        [36m1.1630[0m       [32m0.5054[0m        [35m0.8322[0m  0.4571
      5        [36m1.0080[0m       [32m0.5387[0m        [35m0.7413[0m  0.4622
      6        [36m0.9153[0m       [32m0.5980[0m        [35m0.6915[0m  0.4612
      7        [36m0.8550[0m       [32m0.6493[0m        [35m0.6624[0m  0.4537
      8        [36m0.8128[0m       [32m0.6655[0m        [35m0.6441[0m  0.4615
      9        [36m0.7813[0m       [32m0.6996[0m        [35m0.6320[0m  0.4637
     10        [36m0.7571[0m       [32m0.7167[0m        [35m0.6237[0m  0.4664
  epoch    train_loss    valid_acc    valid_loss     dur
-------  ------------  -----------  ------------  ------
      1        [36m1.5386[0m       [32m0.5000[0m        [35m3.8622[0m  0.4708
      2        2.9645       0.5000        [35m1.0966[0m  0.4778
      3        [36m1.3025[0m       0.5000        [35m1.0114[0m  0.4703
      4        [36m1.1632[0m       [32m0.5063[0m        [35m0.8236[0m  0.4756
      5        [36m1.0052[0m       [32m0.5414[0m        [35m0.7357[0m  0.4769
      6        [36m0.9138[0m       [32m0.5980[0m        [35m0.6872[0m  0.4750
      7        [36m0.8539[0m       [32m0.6466[0m        [35m0.6589[0m  0.4786
      8        [36m0.8120[0m       [32m0.6682[0m        [35m0.6410[0m  0.4715
      9        [36m0.7806[0m       [32m0.6987[0m        [35m0.6292[0m  0.4709
     10        [36m0.7564[0m       [32m0.7176[0m        [35m0.6211[0m  0.4734
  epoch    train_loss    valid_acc    valid_loss     dur
-------  ------------  -----------  ------------  ------
      1        [36m1.5427[0m       [32m0.5000[0m        [35m3.8799[0m  0.4634
      2        2.9650       0.5000        [35m1.1076[0m  0.4775
      3        [36m1.3058[0m       0.5000        [35m1.0162[0m  0.4573
      4        [36m1.1633[0m       [32m0.5054[0m        [35m0.8300[0m  0.4615
      5        [36m1.0077[0m       [32m0.5396[0m        [35m0.7397[0m  0.4649
      6        [36m0.9152[0m       [32m0.5989[0m        [35m0.6903[0m  0.4655
      7        [36m0.8551[0m       [32m0.6484[0m        [35m0.6614[0m  0.4585
      8        [36m0.8131[0m       [32m0.6664[0m        [35m0.6431[0m  0.4631
      9        [36m0.7816[0m       [32m0.6978[0m        [35m0.6311[0m  0.4630
     10        [36m0.7574[0m       [32m0.7176[0m        [35m0.6229[0m  0.4579
  epoch    train_loss    valid_acc    valid_loss     dur
-------  ------------  -----------  ------------  ------
      1        [36m1.5362[0m       [32m0.5000[0m        [35m3.8854[0m  0.4666
      2        2.9644       0.5000        [35m1.1093[0m  0.4668
      3        [36m1.3051[0m       0.5000        [35m1.0175[0m  0.4527
      4        [36m1.1626[0m       [32m0.5054[0m        [35m0.8325[0m  0.4591
      5        [36m1.0082[0m       [32m0.5396[0m        [35m0.7416[0m  0.4730
      6        [36m0.9155[0m       [32m0.5953[0m        [35m0.6919[0m  0.4654
      7        [36m0.8552[0m       [32m0.6448[0m        [35m0.6629[0m  0.4575
      8        [36m0.8131[0m       [32m0.6610[0m        [35m0.6446[0m  0.4542
      9        [36m0.7816[0m       [32m0.6942[0m        [35m0.6326[0m  0.4528
     10        [36m0.7574[0m       [32m0.7140[0m        [35m0.6244[0m  0.4613
  epoch    train_loss    valid_acc    valid_loss     dur
-------  ------------  -----------  ------------  ------
      1        [36m1.5395[0m       [32m0.5000[0m        [35m3.8835[0m  0.4638
      2        2.9633       0.5000        [35m1.1154[0m  0.4630
      3        [36m1.3075[0m       0.5000        [35m1.0222[0m  0.4709
      4        [36m1.1643[0m       [32m0.5054[0m        [35m0.8350[0m  0.4659
      5        [36m1.0083[0m       [32m0.5369[0m        [35m0.7439[0m  0.4559
      6        [36m0.9156[0m       [32m0.5944[0m        [35m0.6939[0m  0.4667
      7        [36m0.8554[0m       [32m0.6448[0m        [35m0.6646[0m  0.4572
      8        [36m0.8132[0m       [32m0.6628[0m        [35m0.6461[0m  0.4675
      9        [36m0.7817[0m       [32m0.6942[0m        [35m0.6339[0m  0.4713
     10        [36m0.7575[0m       [32m0.7113[0m        [35m0.6255[0m  0.4696
  epoch    train_loss    valid_acc    valid_loss     dur
-------  ------------  -----------  ------------  ------
      1        [36m1.5381[0m       [32m0.5000[0m        [35m3.8862[0m  0.4627
      2        2.9659       0.5000        [35m1.1065[0m  0.4644
      3        [36m1.3045[0m       0.5000        [35m1.0160[0m  0.4569
      4        [36m1.1627[0m       [32m0.5054[0m        [35m0.8299[0m  0.4674
      5        [36m1.0071[0m       [32m0.5396[0m        [35m0.7396[0m  0.4636
      6        [36m0.9146[0m       [32m0.5953[0m        [35m0.6903[0m  0.4611
      7        [36m0.8545[0m       [32m0.6484[0m        [35m0.6614[0m  0.4674
      8        [36m0.8125[0m       [32m0.6673[0m        [35m0.6432[0m  0.4689
      9        [36m0.7811[0m       [32m0.6960[0m        [35m0.6311[0m  0.4542
     10        [36m0.7570[0m       [32m0.7176[0m        [35m0.6228[0m  0.4508
  epoch    train_loss    valid_acc    valid_loss     dur
-------  ------------  -----------  ------------  ------
      1        [36m1.5361[0m       [32m0.5000[0m        [35m3.8760[0m  0.4635
      2        2.9659       0.5000        [35m1.1024[0m  0.4624
      3        [36m1.3051[0m       0.5000        [35m1.0140[0m  0.4699
      4        [36m1.1641[0m       [32m0.5054[0m        [35m0.8267[0m  0.4655
      5        [36m1.0071[0m       [32m0.5396[0m        [35m0.7376[0m  0.4605
      6        [36m0.9152[0m       [32m0.5971[0m        [35m0.6885[0m  0.4513
      7        [36m0.8552[0m       [32m0.6484[0m        [35m0.6599[0m  0.4593
      8        [36m0.8131[0m       [32m0.6655[0m        [35m0.6417[0m  0.4555
      9        [36m0.7816[0m       [32m0.6978[0m        [35m0.6297[0m  0.4629
     10        [36m0.7575[0m       [32m0.7158[0m        [35m0.6215[0m  0.4626
  epoch    train_loss    valid_acc    valid_loss     dur
-------  ------------  -----------  ------------  ------
      1        [36m1.5377[0m       [32m0.5000[0m        [35m3.8980[0m  0.4666
      2        2.9651       0.5000        [35m1.1110[0m  0.4644
      3        [36m1.3045[0m       0.5000        [35m1.0198[0m  0.4600
      4        [36m1.1626[0m       [32m0.5054[0m        [35m0.8336[0m  0.4693
      5        [36m1.0078[0m       [32m0.5387[0m        [35m0.7421[0m  0.4653
      6        [36m0.9151[0m       [32m0.5962[0m        [35m0.6921[0m  0.4636
      7        [36m0.8548[0m       [32m0.6484[0m        [35m0.6629[0m  0.4623
      8        [36m0.8127[0m       [32m0.6664[0m        [35m0.6444[0m  0.4717
      9        [36m0.7812[0m       [32m0.6960[0m        [35m0.6322[0m  0.4634
     10        [36m0.7570[0m       [32m0.7149[0m        [35m0.6238[0m  0.4566
  epoch    train_loss    valid_acc    valid_loss     dur
-------  ------------  -----------  ------------  ------
      1        [36m1.5340[0m       [32m0.5000[0m        [35m3.8817[0m  0.4659
      2        2.9639       0.5000        [35m1.1027[0m  0.4652
      3        [36m1.3038[0m       0.5000        [35m1.0185[0m  0.4614
      4        [36m1.1651[0m       [32m0.5045[0m        [35m0.8279[0m  0.4661
      5        [36m1.0059[0m       [32m0.5396[0m        [35m0.7395[0m  0.4686
      6        [36m0.9150[0m       [32m0.5935[0m        [35m0.6900[0m  0.4632
      7        [36m0.8548[0m       [32m0.6457[0m        [35m0.6611[0m  0.4651
      8        [36m0.8129[0m       [32m0.6637[0m        [35m0.6427[0m  0.4704
      9        [36m0.7814[0m       [32m0.6978[0m        [35m0.6306[0m  0.4668
     10        [36m0.7572[0m       [32m0.7131[0m        [35m0.6222[0m  0.4611
  epoch    train_loss    valid_acc    valid_loss     dur
-------  ------------  -----------  ------------  ------
      1        [36m1.5320[0m       [32m0.5000[0m        [35m3.8606[0m  0.4776
      2        2.9706       0.5000        [35m1.0926[0m  0.4641
      3        [36m1.3032[0m       0.5000        [35m1.0093[0m  0.4698
      4        [36m1.1644[0m       [32m0.5063[0m        [35m0.8221[0m  0.4682
      5        [36m1.0059[0m       [32m0.5414[0m        [35m0.7354[0m  0.4618
      6        [36m0.9148[0m       [32m0.5962[0m        [35m0.6875[0m  0.4699
      7        [36m0.8548[0m       [32m0.6466[0m        [35m0.6596[0m  0.4610
      8        [36m0.8128[0m       [32m0.6664[0m        [35m0.6419[0m  0.4716
      9        [36m0.7814[0m       [32m0.6969[0m        [35m0.6303[0m  0.4751
     10        [36m0.7573[0m       [32m0.7131[0m        [35m0.6223[0m  0.4682
  epoch    train_loss    valid_acc    valid_loss     dur
-------  ------------  -----------  ------------  ------
      1        [36m1.5437[0m       [32m0.5000[0m        [35m3.8817[0m  0.4685
      2        2.9658       0.5000        [35m1.1098[0m  0.4608
      3        [36m1.3067[0m       0.5000        [35m1.0177[0m  0.4658
      4        [36m1.1633[0m       [32m0.5054[0m        [35m0.8326[0m  0.4636
      5        [36m1.0084[0m       [32m0.5387[0m        [35m0.7416[0m  0.4684
      6        [36m0.9156[0m       [32m0.5962[0m        [35m0.6918[0m  0.4694
      7        [36m0.8553[0m       [32m0.6475[0m        [35m0.6626[0m  0.4657
      8        [36m0.8131[0m       [32m0.6664[0m        [35m0.6441[0m  0.4597
      9        [36m0.7815[0m       [32m0.6978[0m        [35m0.6320[0m  0.4591
     10        [36m0.7573[0m       [32m0.7158[0m        [35m0.6236[0m  0.4666
  epoch    train_loss    valid_acc    valid_loss     dur
-------  ------------  -----------  ------------  ------
      1        [36m1.5420[0m       [32m0.5000[0m        [35m3.8866[0m  0.4683
      2        2.9605       0.5000        [35m1.1090[0m  0.4705
      3        [36m1.3041[0m       0.5000        [35m1.0181[0m  0.4641
      4        [36m1.1616[0m       [32m0.5054[0m        [35m0.8326[0m  0.4599
      5        [36m1.0070[0m       [32m0.5387[0m        [35m0.7415[0m  0.4750
      6        [36m0.9144[0m       [32m0.5953[0m        [35m0.6918[0m  0.4663
      7        [36m0.8544[0m       [32m0.6466[0m        [35m0.6626[0m  0.4562
      8        [36m0.8123[0m       [32m0.6637[0m        [35m0.6441[0m  0.4698
      9        [36m0.7808[0m       [32m0.6942[0m        [35m0.6320[0m  0.4628
     10        [36m0.7567[0m       [32m0.7185[0m        [35m0.6236[0m  0.4666
  epoch    train_loss    valid_acc    valid_loss     dur
-------  ------------  -----------  ------------  ------
      1        [36m1.5357[0m       [32m0.5000[0m        [35m3.8855[0m  0.4657
      2        2.9670       0.5000        [35m1.1029[0m  0.4665
      3        [36m1.3044[0m       0.5000        [35m1.0159[0m  0.4620
      4        [36m1.1643[0m       [32m0.5054[0m        [35m0.8281[0m  0.4518
      5        [36m1.0071[0m       [32m0.5378[0m        [35m0.7390[0m  0.4667
      6        [36m0.9155[0m       [32m0.5962[0m        [35m0.6897[0m  0.4662
      7        [36m0.8553[0m       [32m0.6466[0m        [35m0.6609[0m  0.4573
      8        [36m0.8132[0m       [32m0.6646[0m        [35m0.6427[0m  0.4583
      9        [36m0.7817[0m       [32m0.6951[0m        [35m0.6308[0m  0.4581
     10        [36m0.7576[0m       [32m0.7140[0m        [35m0.6225[0m  0.4568
  epoch    train_loss    valid_acc    valid_loss     dur
-------  ------------  -----------  ------------  ------
      1        [36m1.5425[0m       [32m0.5000[0m        [35m3.8925[0m  0.4682
      2        2.9633       0.5000        [35m1.1142[0m  0.4726
      3        [36m1.3080[0m       0.5000        [35m1.0225[0m  0.4746
      4        [36m1.1648[0m       [32m0.5045[0m        [35m0.8358[0m  0.4691
      5        [36m1.0091[0m       [32m0.5378[0m        [35m0.7446[0m  0.4771
      6        [36m0.9163[0m       [32m0.5926[0m        [35m0.6943[0m  0.4783
      7        [36m0.8558[0m       [32m0.6439[0m        [35m0.6648[0m  0.4694
      8        [36m0.8135[0m       [32m0.6637[0m        [35m0.6462[0m  0.4821
      9        [36m0.7819[0m       [32m0.6960[0m        [35m0.6339[0m  0.4795
     10        [36m0.7577[0m       [32m0.7149[0m        [35m0.6255[0m  0.4767
  epoch    train_loss    valid_acc    valid_loss     dur
-------  ------------  -----------  ------------  ------
      1        [36m1.5434[0m       [32m0.5000[0m        [35m3.8849[0m  0.4661
      2        2.9668       0.5000        [35m1.1095[0m  0.4645
      3        [36m1.3065[0m       0.5000        [35m1.0171[0m  0.4675
      4        [36m1.1631[0m       [32m0.5054[0m        [35m0.8326[0m  0.4677
      5        [36m1.0089[0m       [32m0.5396[0m        [35m0.7415[0m  0.4669
      6        [36m0.9158[0m       [32m0.5962[0m        [35m0.6918[0m  0.4663
      7        [36m0.8555[0m       [32m0.6466[0m        [35m0.6627[0m  0.4624
      8        [36m0.8132[0m       [32m0.6646[0m        [35m0.6444[0m  0.4633
      9        [36m0.7817[0m       [32m0.6951[0m        [35m0.6323[0m  0.4594
     10        [36m0.7574[0m       [32m0.7149[0m        [35m0.6240[0m  0.4709
  epoch    train_loss    valid_acc    valid_loss     dur
-------  ------------  -----------  ------------  ------
      1        [36m1.5406[0m       [32m0.5000[0m        [35m3.8865[0m  0.4641
      2        2.9631       0.5000        [35m1.1136[0m  0.4642
      3        [36m1.3068[0m       0.5000        [35m1.0187[0m  0.4644
      4        [36m1.1620[0m       [32m0.5036[0m        [35m0.8355[0m  0.4683
      5        [36m1.0092[0m       [32m0.5387[0m        [35m0.7430[0m  0.4705
      6        [36m0.9158[0m       [32m0.5962[0m        [35m0.6928[0m  0.4667
      7        [36m0.8554[0m       [32m0.6457[0m        [35m0.6632[0m  0.4680
      8        [36m0.8131[0m       [32m0.6628[0m        [35m0.6445[0m  0.4647
      9        [36m0.7815[0m       [32m0.6942[0m        [35m0.6322[0m  0.4669
     10        [36m0.7573[0m       [32m0.7167[0m        [35m0.6237[0m  0.4600
  epoch    train_loss    valid_acc    valid_loss     dur
-------  ------------  -----------  ------------  ------
      1        [36m1.5357[0m       [32m0.5000[0m        [35m3.8920[0m  0.4709
      2        2.9628       0.5000        [35m1.1094[0m  0.4746
      3        [36m1.3044[0m       0.5000        [35m1.0183[0m  0.4740
      4        [36m1.1620[0m       [32m0.5054[0m        [35m0.8306[0m  0.4750
      5        [36m1.0060[0m       [32m0.5405[0m        [35m0.7402[0m  0.4784
      6        [36m0.9139[0m       [32m0.5980[0m        [35m0.6906[0m  0.4716
      7        [36m0.8540[0m       [32m0.6475[0m        [35m0.6614[0m  0.4702
      8        [36m0.8120[0m       [32m0.6646[0m        [35m0.6430[0m  0.4764
      9        [36m0.7806[0m       [32m0.6978[0m        [35m0.6308[0m  0.4742
     10        [36m0.7564[0m       [32m0.7158[0m        [35m0.6224[0m  0.4676
  epoch    train_loss    valid_acc    valid_loss     dur
-------  ------------  -----------  ------------  ------
      1        [36m1.5371[0m       [32m0.5000[0m        [35m3.8869[0m  0.4640
      2        2.9660       0.5000        [35m1.1052[0m  0.4682
      3        [36m1.3040[0m       0.5000        [35m1.0171[0m  0.4643
      4        [36m1.1637[0m       [32m0.5054[0m        [35m0.8295[0m  0.4648
      5        [36m1.0074[0m       [32m0.5396[0m        [35m0.7394[0m  0.4717
      6        [36m0.9153[0m       [32m0.5962[0m        [35m0.6897[0m  0.4712
      7        [36m0.8550[0m       [32m0.6484[0m        [35m0.6605[0m  0.4596
      8        [36m0.8128[0m       [32m0.6664[0m        [35m0.6421[0m  0.4629
      9        [36m0.7812[0m       [32m0.6960[0m        [35m0.6300[0m  0.4652
     10        [36m0.7570[0m       [32m0.7167[0m        [35m0.6217[0m  0.4712
  epoch    train_loss    valid_acc    valid_loss     dur
-------  ------------  -----------  ------------  ------
      1        [36m1.5421[0m       [32m0.5000[0m        [35m3.8824[0m  0.4604
      2        2.9597       0.5000        [35m1.1087[0m  0.4759
      3        [36m1.3040[0m       0.5000        [35m1.0182[0m  0.4753
      4        [36m1.1620[0m       [32m0.5054[0m        [35m0.8328[0m  0.4711
      5        [36m1.0075[0m       [32m0.5387[0m        [35m0.7416[0m  0.4642
      6        [36m0.9148[0m       [32m0.5953[0m        [35m0.6918[0m  0.4677
      7        [36m0.8546[0m       [32m0.6466[0m        [35m0.6626[0m  0.4675
      8        [36m0.8125[0m       [32m0.6646[0m        [35m0.6442[0m  0.4639
      9        [36m0.7811[0m       [32m0.6969[0m        [35m0.6320[0m  0.4693
     10        [36m0.7569[0m       [32m0.7167[0m        [35m0.6237[0m  0.4705
  epoch    train_loss    valid_acc    valid_loss     dur
-------  ------------  -----------  ------------  ------
      1        [36m1.5302[0m       [32m0.5000[0m        [35m3.8876[0m  0.4687
      2        2.9679       0.5000        [35m1.0961[0m  0.4738
      3        [36m1.3023[0m       0.5000        [35m1.0172[0m  0.4561
      4        [36m1.1683[0m       [32m0.5054[0m        [35m0.8243[0m  0.4617
      5        [36m1.0075[0m       [32m0.5405[0m        [35m0.7372[0m  0.4677
      6        [36m0.9169[0m       [32m0.5971[0m        [35m0.6886[0m  0.4626
      7        [36m0.8566[0m       [32m0.6475[0m        [35m0.6608[0m  0.4639
      8        [36m0.8146[0m       [32m0.6664[0m        [35m0.6430[0m  0.4587
      9        [36m0.7830[0m       [32m0.6951[0m        [35m0.6313[0m  0.4565
     10        [36m0.7587[0m       [32m0.7185[0m        [35m0.6232[0m  0.4600
  epoch    train_loss    valid_acc    valid_loss     dur
-------  ------------  -----------  ------------  ------
      1        [36m1.5429[0m       [32m0.5000[0m        [35m3.8802[0m  0.4695
      2        2.9605       0.5000        [35m1.1131[0m  0.4630
      3        [36m1.3064[0m       0.5000        [35m1.0192[0m  0.4701
      4        [36m1.1621[0m       [32m0.5045[0m        [35m0.8356[0m  0.4734
      5        [36m1.0084[0m       [32m0.5387[0m        [35m0.7440[0m  0.4710
      6        [36m0.9153[0m       [32m0.5953[0m        [35m0.6938[0m  0.4649
      7        [36m0.8550[0m       [32m0.6439[0m        [35m0.6643[0m  0.4736
      8        [36m0.8128[0m       [32m0.6655[0m        [35m0.6455[0m  0.4704
      9        [36m0.7813[0m       [32m0.6996[0m        [35m0.6332[0m  0.4735
     10        [36m0.7571[0m       [32m0.7176[0m        [35m0.6247[0m  0.4755
  epoch    train_loss    valid_acc    valid_loss     dur
-------  ------------  -----------  ------------  ------
      1        [36m1.5365[0m       [32m0.5000[0m        [35m3.8895[0m  0.4618
      2        2.9723       0.5000        [35m1.1016[0m  0.4688
      3        [36m1.3047[0m       0.5000        [35m1.0169[0m  0.4624
      4        [36m1.1658[0m       [32m0.5054[0m        [35m0.8269[0m  0.4708
      5        [36m1.0069[0m       [32m0.5396[0m        [35m0.7380[0m  0.4689
      6        [36m0.9154[0m       [32m0.5971[0m        [35m0.6887[0m  0.4662
      7        [36m0.8552[0m       [32m0.6493[0m        [35m0.6599[0m  0.4661
      8        [36m0.8131[0m       [32m0.6664[0m        [35m0.6417[0m  0.4631
      9        [36m0.7816[0m       [32m0.6969[0m        [35m0.6297[0m  0.4582
     10        [36m0.7574[0m       [32m0.7176[0m        [35m0.6214[0m  0.4629
  epoch    train_loss    valid_acc    valid_loss     dur
-------  ------------  -----------  ------------  ------
      1        [36m1.5407[0m       [32m0.5000[0m        [35m3.8606[0m  0.4638
      2        2.9671       0.5000        [35m1.1041[0m  0.4541
      3        [36m1.3072[0m       0.5000        [35m1.0126[0m  0.4436
      4        [36m1.1645[0m       [32m0.5054[0m        [35m0.8275[0m  0.4624
      5        [36m1.0086[0m       [32m0.5387[0m        [35m0.7372[0m  0.4573
      6        [36m0.9158[0m       [32m0.5962[0m        [35m0.6878[0m  0.4597
      7        [36m0.8555[0m       [32m0.6475[0m        [35m0.6588[0m  0.4542
      8        [36m0.8132[0m       [32m0.6646[0m        [35m0.6405[0m  0.4536
      9        [36m0.7816[0m       [32m0.6960[0m        [35m0.6285[0m  0.4518
     10        [36m0.7574[0m       [32m0.7149[0m        [35m0.6202[0m  0.4584
  epoch    train_loss    valid_acc    valid_loss     dur
-------  ------------  -----------  ------------  ------
      1        [36m1.5331[0m       [32m0.5000[0m        [35m3.8654[0m  0.4531
      2        2.9709       0.5000        [35m1.0977[0m  0.4649
      3        [36m1.3048[0m       0.5000        [35m1.0137[0m  0.4577
      4        [36m1.1656[0m       [32m0.5045[0m        [35m0.8273[0m  0.4528
      5        [36m1.0077[0m       [32m0.5378[0m        [35m0.7395[0m  0.4495
      6        [36m0.9158[0m       [32m0.5953[0m        [35m0.6909[0m  0.4638
      7        [36m0.8556[0m       [32m0.6430[0m        [35m0.6626[0m  0.4516
      8        [36m0.8134[0m       [32m0.6628[0m        [35m0.6447[0m  0.4549
      9        [36m0.7819[0m       [32m0.6951[0m        [35m0.6328[0m  0.4455
     10        [36m0.7577[0m       [32m0.7131[0m        [35m0.6247[0m  0.4575
  epoch    train_loss    valid_acc    valid_loss     dur
-------  ------------  -----------  ------------  ------
      1        [36m1.5381[0m       [32m0.5000[0m        [35m3.8811[0m  0.4665
      2        2.9693       0.5000        [35m1.1073[0m  0.4555
      3        [36m1.3069[0m       0.5000        [35m1.0186[0m  0.4507
      4        [36m1.1653[0m       [32m0.5054[0m        [35m0.8314[0m  0.4590
      5        [36m1.0083[0m       [32m0.5387[0m        [35m0.7418[0m  0.4536
      6        [36m0.9161[0m       [32m0.5971[0m        [35m0.6924[0m  0.4461
      7        [36m0.8558[0m       [32m0.6466[0m        [35m0.6636[0m  0.4541
      8        [36m0.8136[0m       [32m0.6628[0m        [35m0.6453[0m  0.4603
      9        [36m0.7821[0m       [32m0.6924[0m        [35m0.6334[0m  0.4480
     10        [36m0.7579[0m       [32m0.7149[0m        [35m0.6251[0m  0.4588
  epoch    train_loss    valid_acc    valid_loss     dur
-------  ------------  -----------  ------------  ------
      1        [36m1.5414[0m       [32m0.5000[0m        [35m3.8906[0m  0.4512
      2        2.9574       0.5000        [35m1.1193[0m  0.4525
      3        [36m1.3067[0m       0.5000        [35m1.0213[0m  0.4403
      4        [36m1.1611[0m       [32m0.5036[0m        [35m0.8382[0m  0.4419
      5        [36m1.0096[0m       [32m0.5387[0m        [35m0.7443[0m  0.4438
      6        [36m0.9159[0m       [32m0.5953[0m        [35m0.6937[0m  0.4564
      7        [36m0.8555[0m       [32m0.6457[0m        [35m0.6639[0m  0.4504
      8        [36m0.8132[0m       [32m0.6655[0m        [35m0.6451[0m  0.4532
      9        [36m0.7816[0m       [32m0.6951[0m        [35m0.6328[0m  0.4494
     10        [36m0.7574[0m       [32m0.7176[0m        [35m0.6243[0m  0.4555
  epoch    train_loss    valid_acc    valid_loss     dur
-------  ------------  -----------  ------------  ------
      1        [36m1.5409[0m       [32m0.5000[0m        [35m3.8760[0m  0.4544
      2        2.9631       0.5000        [35m1.1083[0m  0.4546
      3        [36m1.3064[0m       0.5000        [35m1.0177[0m  0.4555
      4        [36m1.1645[0m       [32m0.5036[0m        [35m0.8317[0m  0.4498
      5        [36m1.0090[0m       [32m0.5396[0m        [35m0.7413[0m  0.4577
      6        [36m0.9164[0m       [32m0.5953[0m        [35m0.6916[0m  0.4500
      7        [36m0.8559[0m       [32m0.6439[0m        [35m0.6626[0m  0.4615
      8        [36m0.8137[0m       [32m0.6637[0m        [35m0.6441[0m  0.4584
      9        [36m0.7820[0m       [32m0.6951[0m        [35m0.6321[0m  0.4566
     10        [36m0.7578[0m       [32m0.7149[0m        [35m0.6237[0m  0.4576
  epoch    train_loss    valid_acc    valid_loss     dur
-------  ------------  -----------  ------------  ------
      1        [36m1.5418[0m       [32m0.5000[0m        [35m3.8766[0m  0.4566
      2        2.9724       0.5000        [35m1.1044[0m  0.4595
      3        [36m1.3077[0m       0.5000        [35m1.0166[0m  0.4709
      4        [36m1.1663[0m       [32m0.5054[0m        [35m0.8296[0m  0.4639
      5        [36m1.0087[0m       [32m0.5396[0m        [35m0.7403[0m  0.4646
      6        [36m0.9163[0m       [32m0.5962[0m        [35m0.6911[0m  0.4619
      7        [36m0.8559[0m       [32m0.6448[0m        [35m0.6623[0m  0.4637
      8        [36m0.8136[0m       [32m0.6646[0m        [35m0.6440[0m  0.4615
      9        [36m0.7820[0m       [32m0.6960[0m        [35m0.6320[0m  0.4630
     10        [36m0.7578[0m       [32m0.7158[0m        [35m0.6238[0m  0.4618
  epoch    train_loss    valid_acc    valid_loss     dur
-------  ------------  -----------  ------------  ------
      1        [36m1.5362[0m       [32m0.5000[0m        [35m3.8734[0m  0.4651
      2        2.9623       0.5000        [35m1.0747[0m  0.4699
      3        [36m1.2891[0m       0.5000        [35m1.0148[0m  0.4671
      4        [36m1.1684[0m       [32m0.5036[0m        [35m0.8326[0m  0.4691
      5        [36m1.0154[0m       [32m0.5387[0m        [35m0.7381[0m  0.4638
      6        [36m0.9178[0m       [32m0.5935[0m        [35m0.6888[0m  0.4679
      7        [36m0.8565[0m       [32m0.6457[0m        [35m0.6601[0m  0.4674
      8        [36m0.8139[0m       [32m0.6646[0m        [35m0.6420[0m  0.4687
      9        [36m0.7821[0m       [32m0.6960[0m        [35m0.6302[0m  0.4661
     10        [36m0.7578[0m       [32m0.7167[0m        [35m0.6221[0m  0.4587
  epoch    train_loss    valid_acc    valid_loss     dur
-------  ------------  -----------  ------------  ------
      1        [36m1.5365[0m       [32m0.5000[0m        [35m3.8645[0m  0.4523
      2        2.9619       0.5000        [35m1.1000[0m  0.4612
      3        [36m1.3022[0m       0.5000        [35m1.0172[0m  0.4612
      4        [36m1.1652[0m       [32m0.5054[0m        [35m0.8295[0m  0.4583
      5        [36m1.0080[0m       [32m0.5387[0m        [35m0.7400[0m  0.4641
      6        [36m0.9157[0m       [32m0.5944[0m        [35m0.6907[0m  0.4609
      7        [36m0.8555[0m       [32m0.6457[0m        [35m0.6620[0m  0.4570
      8        [36m0.8133[0m       [32m0.6637[0m        [35m0.6437[0m  0.4545
      9        [36m0.7817[0m       [32m0.6951[0m        [35m0.6318[0m  0.4599
     10        [36m0.7575[0m       [32m0.7158[0m        [35m0.6235[0m  0.4644
  epoch    train_loss    valid_acc    valid_loss     dur
-------  ------------  -----------  ------------  ------
      1        [36m1.5361[0m       [32m0.5000[0m        [35m3.8793[0m  0.4584
      2        2.9654       0.5000        [35m1.1005[0m  0.4640
      3        [36m1.3032[0m       0.5000        [35m1.0116[0m  0.4589
      4        [36m1.1619[0m       [32m0.5054[0m        [35m0.8260[0m  0.4517
      5        [36m1.0065[0m       [32m0.5414[0m        [35m0.7365[0m  0.4603
      6        [36m0.9145[0m       [32m0.5989[0m        [35m0.6874[0m  0.4642
      7        [36m0.8544[0m       [32m0.6475[0m        [35m0.6588[0m  0.4628
      8        [36m0.8124[0m       [32m0.6673[0m        [35m0.6408[0m  0.4502
      9        [36m0.7811[0m       [32m0.6978[0m        [35m0.6289[0m  0.4651
     10        [36m0.7569[0m       [32m0.7185[0m        [35m0.6207[0m  0.4577
  epoch    train_loss    valid_acc    valid_loss     dur
-------  ------------  -----------  ------------  ------
      1        [36m1.5331[0m       [32m0.5000[0m        [35m3.8691[0m  0.4527
      2        2.9709       0.5000        [35m1.0973[0m  0.4542
      3        [36m1.3052[0m       0.5000        [35m1.0089[0m  0.4629
      4        [36m1.1647[0m       [32m0.5054[0m        [35m0.8226[0m  0.4604
      5        [36m1.0081[0m       [32m0.5396[0m        [35m0.7335[0m  0.4659
      6        [36m0.9159[0m       [32m0.5962[0m        [35m0.6845[0m  0.4629
      7        [36m0.8556[0m       [32m0.6484[0m        [35m0.6559[0m  0.4525
      8        [36m0.8135[0m       [32m0.6664[0m        [35m0.6379[0m  0.4564
      9        [36m0.7819[0m       [32m0.6987[0m        [35m0.6262[0m  0.4531
     10        [36m0.7578[0m       [32m0.7185[0m        [35m0.6181[0m  0.4603
  epoch    train_loss    valid_acc    valid_loss     dur
-------  ------------  -----------  ------------  ------
      1        [36m1.5384[0m       [32m0.5000[0m        [35m3.8673[0m  0.4642
      2        2.9661       0.5000        [35m1.1005[0m  0.4671
      3        [36m1.3035[0m       0.5000        [35m1.0113[0m  0.4676
      4        [36m1.1624[0m       [32m0.5054[0m        [35m0.8261[0m  0.4695
      5        [36m1.0069[0m       [32m0.5405[0m        [35m0.7366[0m  0.4741
      6        [36m0.9147[0m       [32m0.5998[0m        [35m0.6875[0m  0.4730
      7        [36m0.8545[0m       [32m0.6475[0m        [35m0.6589[0m  0.4724
      8        [36m0.8125[0m       [32m0.6682[0m        [35m0.6408[0m  0.4699
      9        [36m0.7810[0m       [32m0.6951[0m        [35m0.6289[0m  0.4659
     10        [36m0.7569[0m       [32m0.7185[0m        [35m0.6208[0m  0.4721
  epoch    train_loss    valid_acc    valid_loss     dur
-------  ------------  -----------  ------------  ------
      1        [36m1.5408[0m       [32m0.5000[0m        [35m3.8909[0m  0.4650
      2        2.9677       0.5000        [35m1.1116[0m  0.4680
      3        [36m1.3071[0m       0.5000        [35m1.0191[0m  0.4638
      4        [36m1.1640[0m       [32m0.5054[0m        [35m0.8318[0m  0.4698
      5        [36m1.0078[0m       [32m0.5387[0m        [35m0.7409[0m  0.4654
      6        [36m0.9152[0m       [32m0.5953[0m        [35m0.6911[0m  0.4665
      7        [36m0.8551[0m       [32m0.6457[0m        [35m0.6618[0m  0.4662
      8        [36m0.8129[0m       [32m0.6637[0m        [35m0.6433[0m  0.4703
      9        [36m0.7814[0m       [32m0.6978[0m        [35m0.6312[0m  0.4548
     10        [36m0.7572[0m       [32m0.7158[0m        [35m0.6228[0m  0.4677
  epoch    train_loss    valid_acc    valid_loss     dur
-------  ------------  -----------  ------------  ------
      1        [36m1.5317[0m       [32m0.5000[0m        [35m3.8846[0m  0.4766
      2        2.9676       0.5000        [35m1.1040[0m  0.4827
      3        [36m1.3058[0m       0.5000        [35m1.0157[0m  0.4782
      4        [36m1.1657[0m       [32m0.5054[0m        [35m0.8265[0m  0.4801
      5        [36m1.0074[0m       [32m0.5387[0m        [35m0.7384[0m  0.4739
      6        [36m0.9160[0m       [32m0.5980[0m        [35m0.6895[0m  0.4730
      7        [36m0.8560[0m       [32m0.6475[0m        [35m0.6607[0m  0.4788
      8        [36m0.8137[0m       [32m0.6646[0m        [35m0.6427[0m  0.4795
      9        [36m0.7822[0m       [32m0.6942[0m        [35m0.6308[0m  0.4655
     10        [36m0.7580[0m       [32m0.7140[0m        [35m0.6227[0m  0.4683
  epoch    train_loss    valid_acc    valid_loss     dur
-------  ------------  -----------  ------------  ------
      1        [36m1.5370[0m       [32m0.5000[0m        [35m3.8943[0m  0.4709
      2        2.9690       0.5000        [35m1.1043[0m  0.4643
      3        [36m1.3037[0m       0.5000        [35m1.0180[0m  0.4645
      4        [36m1.1642[0m       [32m0.5054[0m        [35m0.8295[0m  0.4586
      5        [36m1.0071[0m       [32m0.5405[0m        [35m0.7397[0m  0.4619
      6        [36m0.9152[0m       [32m0.5971[0m        [35m0.6902[0m  0.4623
      7        [36m0.8550[0m       [32m0.6493[0m        [35m0.6613[0m  0.4597
      8        [36m0.8129[0m       [32m0.6655[0m        [35m0.6429[0m  0.4687
      9        [36m0.7814[0m       [32m0.6960[0m        [35m0.6309[0m  0.4678
     10        [36m0.7573[0m       [32m0.7158[0m        [35m0.6226[0m  0.4616
  epoch    train_loss    valid_acc    valid_loss     dur
-------  ------------  -----------  ------------  ------
      1        [36m1.5469[0m       [32m0.5000[0m        [35m3.8905[0m  0.4689
      2        2.9617       0.5000        [35m1.1167[0m  0.4645
      3        [36m1.3085[0m       0.5000        [35m1.0200[0m  0.4674
      4        [36m1.1629[0m       [32m0.5045[0m        [35m0.8357[0m  0.4674
      5        [36m1.0096[0m       [32m0.5387[0m        [35m0.7429[0m  0.4695
      6        [36m0.9162[0m       [32m0.5962[0m        [35m0.6924[0m  0.4680
      7        [36m0.8558[0m       [32m0.6457[0m        [35m0.6628[0m  0.4677
      8        [36m0.8135[0m       [32m0.6655[0m        [35m0.6441[0m  0.4697
      9        [36m0.7819[0m       [32m0.6960[0m        [35m0.6318[0m  0.4693
     10        [36m0.7577[0m       [32m0.7176[0m        [35m0.6233[0m  0.4676
  epoch    train_loss    valid_acc    valid_loss     dur
-------  ------------  -----------  ------------  ------
      1        [36m1.5442[0m       [32m0.5000[0m        [35m3.8870[0m  0.4546
      2        2.9675       0.5000        [35m1.1084[0m  0.4551
      3        [36m1.3058[0m       0.5000        [35m1.0182[0m  0.4504
      4        [36m1.1642[0m       [32m0.5054[0m        [35m0.8318[0m  0.4582
      5        [36m1.0087[0m       [32m0.5396[0m        [35m0.7407[0m  0.4565
      6        [36m0.9158[0m       [32m0.5962[0m        [35m0.6909[0m  0.4574
      7        [36m0.8554[0m       [32m0.6466[0m        [35m0.6618[0m  0.4532
      8        [36m0.8132[0m       [32m0.6682[0m        [35m0.6433[0m  0.4552
      9        [36m0.7816[0m       [32m0.6960[0m        [35m0.6312[0m  0.4494
     10        [36m0.7574[0m       [32m0.7149[0m        [35m0.6229[0m  0.4533
  epoch    train_loss    valid_acc    valid_loss     dur
-------  ------------  -----------  ------------  ------
      1        [36m1.5371[0m       [32m0.5000[0m        [35m3.8966[0m  0.4581
      2        2.9663       0.5000        [35m1.1139[0m  0.4554
      3        [36m1.3081[0m       0.5000        [35m1.0196[0m  0.4587
      4        [36m1.1645[0m       [32m0.5054[0m        [35m0.8329[0m  0.4613
      5        [36m1.0087[0m       [32m0.5396[0m        [35m0.7417[0m  0.4602
      6        [36m0.9159[0m       [32m0.5953[0m        [35m0.6918[0m  0.4587
      7        [36m0.8555[0m       [32m0.6475[0m        [35m0.6627[0m  0.4546
      8        [36m0.8133[0m       [32m0.6664[0m        [35m0.6442[0m  0.4600
      9        [36m0.7817[0m       [32m0.6969[0m        [35m0.6321[0m  0.4627
     10        [36m0.7575[0m       [32m0.7176[0m        [35m0.6237[0m  0.4546
  epoch    train_loss    valid_acc    valid_loss     dur
-------  ------------  -----------  ------------  ------
      1        [36m1.5384[0m       [32m0.5000[0m        [35m3.8881[0m  0.4618
      2        2.9711       0.5000        [35m1.1050[0m  0.4641
      3        [36m1.3041[0m       0.5000        [35m1.0168[0m  0.4566
      4        [36m1.1637[0m       [32m0.5054[0m        [35m0.8298[0m  0.4618
      5        [36m1.0075[0m       [32m0.5396[0m        [35m0.7394[0m  0.4639
      6        [36m0.9152[0m       [32m0.5962[0m        [35m0.6898[0m  0.4688
      7        [36m0.8549[0m       [32m0.6466[0m        [35m0.6608[0m  0.4633
      8        [36m0.8128[0m       [32m0.6655[0m        [35m0.6424[0m  0.4521
      9        [36m0.7813[0m       [32m0.6969[0m        [35m0.6304[0m  0.4551
     10        [36m0.7572[0m       [32m0.7167[0m        [35m0.6221[0m  0.4579
  epoch    train_loss    valid_acc    valid_loss     dur
-------  ------------  -----------  ------------  ------
      1        [36m1.5393[0m       [32m0.5000[0m        [35m3.8806[0m  0.4487
      2        2.9670       0.5000        [35m1.1076[0m  0.4486
      3        [36m1.3064[0m       0.5000        [35m1.0178[0m  0.4555
      4        [36m1.1652[0m       [32m0.5045[0m        [35m0.8310[0m  0.4475
      5        [36m1.0091[0m       [32m0.5387[0m        [35m0.7407[0m  0.4542
      6        [36m0.9166[0m       [32m0.5953[0m        [35m0.6910[0m  0.4504
      7        [36m0.8561[0m       [32m0.6466[0m        [35m0.6620[0m  0.4530
      8        [36m0.8138[0m       [32m0.6646[0m        [35m0.6436[0m  0.4514
      9        [36m0.7821[0m       [32m0.6969[0m        [35m0.6316[0m  0.4545
     10        [36m0.7578[0m       [32m0.7167[0m        [35m0.6233[0m  0.4584
  epoch    train_loss    valid_acc    valid_loss     dur
-------  ------------  -----------  ------------  ------
      1        [36m1.5398[0m       [32m0.5000[0m        [35m3.8911[0m  0.4478
      2        2.9697       0.5000        [35m1.1075[0m  0.4469
      3        [36m1.3059[0m       0.5000        [35m1.0201[0m  0.4528
      4        [36m1.1656[0m       [32m0.5054[0m        [35m0.8310[0m  0.4552
      5        [36m1.0076[0m       [32m0.5360[0m        [35m0.7415[0m  0.4587
      6        [36m0.9155[0m       [32m0.5935[0m        [35m0.6920[0m  0.4552
      7        [36m0.8553[0m       [32m0.6466[0m        [35m0.6631[0m  0.4558
      8        [36m0.8131[0m       [32m0.6646[0m        [35m0.6448[0m  0.4539
      9        [36m0.7816[0m       [32m0.6933[0m        [35m0.6327[0m  0.4550
     10        [36m0.7573[0m       [32m0.7140[0m        [35m0.6244[0m  0.4562
  epoch    train_loss    valid_acc    valid_loss     dur
-------  ------------  -----------  ------------  ------
      1        [36m1.5409[0m       [32m0.5000[0m        [35m3.8828[0m  0.4555
      2        2.9646       0.5000        [35m1.1051[0m  0.4573
      3        [36m1.3047[0m       0.5000        [35m1.0171[0m  0.4562
      4        [36m1.1638[0m       [32m0.5054[0m        [35m0.8297[0m  0.4662
      5        [36m1.0073[0m       [32m0.5396[0m        [35m0.7401[0m  0.4730
      6        [36m0.9153[0m       [32m0.5971[0m        [35m0.6907[0m  0.4676
      7        [36m0.8552[0m       [32m0.6457[0m        [35m0.6618[0m  0.4713
      8        [36m0.8130[0m       [32m0.6628[0m        [35m0.6435[0m  0.4663
      9        [36m0.7816[0m       [32m0.6942[0m        [35m0.6315[0m  0.4672
     10        [36m0.7574[0m       [32m0.7113[0m        [35m0.6232[0m  0.4664
  epoch    train_loss    valid_acc    valid_loss     dur
-------  ------------  -----------  ------------  ------
      1        [36m1.5371[0m       [32m0.5000[0m        [35m3.8786[0m  0.4683
      2        2.9674       0.5000        [35m1.1042[0m  0.4652
      3        [36m1.3059[0m       0.5000        [35m1.0165[0m  0.4671
      4        [36m1.1649[0m       [32m0.5054[0m        [35m0.8289[0m  0.4686
      5        [36m1.0075[0m       [32m0.5369[0m        [35m0.7398[0m  0.4688
      6        [36m0.9156[0m       [32m0.5971[0m        [35m0.6905[0m  0.4618
      7        [36m0.8554[0m       [32m0.6466[0m        [35m0.6616[0m  0.4683
      8        [36m0.8132[0m       [32m0.6646[0m        [35m0.6433[0m  0.4696
      9        [36m0.7817[0m       [32m0.6969[0m        [35m0.6313[0m  0.4665
     10        [36m0.7574[0m       [32m0.7158[0m        [35m0.6230[0m  0.4628
  epoch    train_loss    valid_acc    valid_loss     dur
-------  ------------  -----------  ------------  ------
      1        [36m1.5412[0m       [32m0.5000[0m        [35m3.8900[0m  0.4729
      2        2.9617       0.5000        [35m1.1085[0m  0.4628
      3        [36m1.3036[0m       0.5000        [35m1.0182[0m  0.4627
      4        [36m1.1619[0m       [32m0.5054[0m        [35m0.8326[0m  0.4647
      5        [36m1.0075[0m       [32m0.5387[0m        [35m0.7415[0m  0.4612
      6        [36m0.9150[0m       [32m0.5962[0m        [35m0.6916[0m  0.4666
      7        [36m0.8548[0m       [32m0.6466[0m        [35m0.6623[0m  0.4672
      8        [36m0.8127[0m       [32m0.6664[0m        [35m0.6438[0m  0.4693
      9        [36m0.7812[0m       [32m0.6951[0m        [35m0.6316[0m  0.4687
     10        [36m0.7570[0m       [32m0.7149[0m        [35m0.6232[0m  0.4646
  epoch    train_loss    valid_acc    valid_loss     dur
-------  ------------  -----------  ------------  ------
      1        [36m1.5375[0m       [32m0.5000[0m        [35m3.8871[0m  0.4625
      2        2.9695       0.5000        [35m1.1035[0m  0.4684
      3        [36m1.3049[0m       0.5000        [35m1.0171[0m  0.4662
      4        [36m1.1651[0m       [32m0.5054[0m        [35m0.8291[0m  0.4633
      5        [36m1.0077[0m       [32m0.5387[0m        [35m0.7400[0m  0.4600
      6        [36m0.9158[0m       [32m0.5971[0m        [35m0.6909[0m  0.4692
      7        [36m0.8556[0m       [32m0.6466[0m        [35m0.6621[0m  0.4668
      8        [36m0.8134[0m       [32m0.6637[0m        [35m0.6439[0m  0.4593
      9        [36m0.7818[0m       [32m0.6969[0m        [35m0.6320[0m  0.4664
     10        [36m0.7576[0m       [32m0.7149[0m        [35m0.6237[0m  0.4622
  epoch    train_loss    valid_acc    valid_loss     dur
-------  ------------  -----------  ------------  ------
      1        [36m1.5335[0m       [32m0.5000[0m        [35m3.8761[0m  0.4691
      2        2.9645       0.5000        [35m1.0971[0m  0.4697
      3        [36m1.3026[0m       0.5000        [35m1.0154[0m  0.4714
      4        [36m1.1660[0m       [32m0.5054[0m        [35m0.8253[0m  0.4685
      5        [36m1.0068[0m       [32m0.5378[0m        [35m0.7379[0m  0.4677
      6        [36m0.9159[0m       [32m0.5962[0m        [35m0.6889[0m  0.4656
      7        [36m0.8557[0m       [32m0.6466[0m        [35m0.6603[0m  0.4670
      8        [36m0.8136[0m       [32m0.6637[0m        [35m0.6422[0m  0.4706
      9        [36m0.7820[0m       [32m0.6951[0m        [35m0.6303[0m  0.4676
     10        [36m0.7579[0m       [32m0.7140[0m        [35m0.6221[0m  0.4634
  epoch    train_loss    valid_acc    valid_loss     dur
-------  ------------  -----------  ------------  ------
      1        [36m1.5357[0m       [32m0.5000[0m        [35m3.8692[0m  0.4581
      2        2.9674       0.5000        [35m1.0995[0m  0.4604
      3        [36m1.3031[0m       0.5000        [35m1.0143[0m  0.4638
      4        [36m1.1646[0m       [32m0.5054[0m        [35m0.8269[0m  0.4580
      5        [36m1.0073[0m       [32m0.5396[0m        [35m0.7378[0m  0.4638
      6        [36m0.9154[0m       [32m0.5971[0m        [35m0.6887[0m  0.4639
      7        [36m0.8552[0m       [32m0.6502[0m        [35m0.6600[0m  0.4676
      8        [36m0.8131[0m       [32m0.6664[0m        [35m0.6419[0m  0.4667
      9        [36m0.7817[0m       [32m0.6969[0m        [35m0.6300[0m  0.4624
     10        [36m0.7575[0m       [32m0.7149[0m        [35m0.6218[0m  0.4645
  epoch    train_loss    valid_acc    valid_loss     dur
-------  ------------  -----------  ------------  ------
      1        [36m1.5374[0m       [32m0.5000[0m        [35m3.8780[0m  0.4657
      2        2.9622       0.5000        [35m1.1059[0m  0.4679
      3        [36m1.3067[0m       0.5000        [35m1.0179[0m  0.4637
      4        [36m1.1659[0m       [32m0.5045[0m        [35m0.8281[0m  0.4639
      5        [36m1.0072[0m       [32m0.5378[0m        [35m0.7399[0m  0.4625
      6        [36m0.9161[0m       [32m0.5953[0m        [35m0.6907[0m  0.4641
      7        [36m0.8560[0m       [32m0.6466[0m        [35m0.6618[0m  0.4673
      8        [36m0.8138[0m       [32m0.6646[0m        [35m0.6435[0m  0.4610
      9        [36m0.7822[0m       [32m0.6960[0m        [35m0.6315[0m  0.4592
     10        [36m0.7580[0m       [32m0.7158[0m        [35m0.6232[0m  0.4665
  epoch    train_loss    valid_acc    valid_loss     dur
-------  ------------  -----------  ------------  ------
      1        [36m1.5404[0m       [32m0.5000[0m        [35m3.8865[0m  0.4750
      2        2.9635       0.5000        [35m1.1102[0m  0.4861
      3        [36m1.3056[0m       0.5000        [35m1.0156[0m  0.4734
      4        [36m1.1615[0m       [32m0.5054[0m        [35m0.8323[0m  0.4679
      5        [36m1.0088[0m       [32m0.5396[0m        [35m0.7402[0m  0.4765
      6        [36m0.9154[0m       [32m0.5980[0m        [35m0.6902[0m  0.4707
      7        [36m0.8551[0m       [32m0.6475[0m        [35m0.6610[0m  0.4744
      8        [36m0.8128[0m       [32m0.6655[0m        [35m0.6426[0m  0.4677
      9        [36m0.7813[0m       [32m0.6960[0m        [35m0.6305[0m  0.4713
     10        [36m0.7571[0m       [32m0.7176[0m        [35m0.6221[0m  0.4704
  epoch    train_loss    valid_acc    valid_loss     dur
-------  ------------  -----------  ------------  ------
      1        [36m1.5371[0m       [32m0.5000[0m        [35m3.8844[0m  0.4669
      2        2.9675       0.5000        [35m1.1007[0m  0.4624
      3        [36m1.3029[0m       0.5000        [35m1.0159[0m  0.4725
      4        [36m1.1639[0m       [32m0.5054[0m        [35m0.8278[0m  0.4645
      5        [36m1.0065[0m       [32m0.5405[0m        [35m0.7391[0m  0.4646
      6        [36m0.9149[0m       [32m0.5962[0m        [35m0.6901[0m  0.4718
      7        [36m0.8549[0m       [32m0.6475[0m        [35m0.6614[0m  0.4716
      8        [36m0.8129[0m       [32m0.6637[0m        [35m0.6431[0m  0.4630
      9        [36m0.7815[0m       [32m0.6951[0m        [35m0.6311[0m  0.4629
     10        [36m0.7573[0m       [32m0.7131[0m        [35m0.6229[0m  0.4709
  epoch    train_loss    valid_acc    valid_loss     dur
-------  ------------  -----------  ------------  ------
      1        [36m1.5370[0m       [32m0.5000[0m        [35m3.8897[0m  0.4691
      2        2.9734       0.5000        [35m1.1037[0m  0.4699
      3        [36m1.3063[0m       0.5000        [35m1.0177[0m  0.4699
      4        [36m1.1669[0m       [32m0.5054[0m        [35m0.8285[0m  0.4540
      5        [36m1.0084[0m       [32m0.5387[0m        [35m0.7393[0m  0.4656
      6        [36m0.9164[0m       [32m0.5953[0m        [35m0.6899[0m  0.4639
      7        [36m0.8559[0m       [32m0.6484[0m        [35m0.6610[0m  0.4721
      8        [36m0.8136[0m       [32m0.6646[0m        [35m0.6428[0m  0.4646
      9        [36m0.7821[0m       [32m0.6960[0m        [35m0.6308[0m  0.4750
     10        [36m0.7578[0m       [32m0.7167[0m        [35m0.6226[0m  0.4777
  epoch    train_loss    valid_acc    valid_loss     dur
-------  ------------  -----------  ------------  ------
      1        [36m1.5384[0m       [32m0.5000[0m        [35m3.8758[0m  0.4726
      2        2.9632       0.5000        [35m1.1096[0m  0.4707
      3        [36m1.3062[0m       0.5000        [35m1.0161[0m  0.4767
      4        [36m1.1618[0m       [32m0.5045[0m        [35m0.8321[0m  0.4702
      5        [36m1.0077[0m       [32m0.5387[0m        [35m0.7412[0m  0.4768
      6        [36m0.9149[0m       [32m0.5953[0m        [35m0.6914[0m  0.4739
      7        [36m0.8547[0m       [32m0.6457[0m        [35m0.6623[0m  0.4721
      8        [36m0.8126[0m       [32m0.6655[0m        [35m0.6438[0m  0.4758
      9        [36m0.7811[0m       [32m0.6969[0m        [35m0.6316[0m  0.4734
     10        [36m0.7569[0m       [32m0.7158[0m        [35m0.6232[0m  0.4756
  epoch    train_loss    valid_acc    valid_loss     dur
-------  ------------  -----------  ------------  ------
      1        [36m1.5342[0m       [32m0.5000[0m        [35m3.8886[0m  0.4587
      2        2.9724       0.5000        [35m1.1007[0m  0.4633
      3        [36m1.3048[0m       0.5000        [35m1.0183[0m  0.4657
      4        [36m1.1669[0m       [32m0.5054[0m        [35m0.8272[0m  0.4609
      5        [36m1.0067[0m       [32m0.5387[0m        [35m0.7395[0m  0.4732
      6        [36m0.9155[0m       [32m0.5962[0m        [35m0.6906[0m  0.4706
      7        [36m0.8554[0m       [32m0.6475[0m        [35m0.6621[0m  0.4637
      8        [36m0.8133[0m       [32m0.6655[0m        [35m0.6439[0m  0.4687
      9        [36m0.7818[0m       [32m0.6951[0m        [35m0.6321[0m  0.4684
     10        [36m0.7576[0m       [32m0.7140[0m        [35m0.6238[0m  0.4640
  epoch    train_loss    valid_acc    valid_loss     dur
-------  ------------  -----------  ------------  ------
      1        [36m1.5423[0m       [32m0.5000[0m        [35m3.8862[0m  0.4814
      2        2.9647       0.5000        [35m1.1130[0m  0.4687
      3        [36m1.3077[0m       0.5000        [35m1.0208[0m  0.4734
      4        [36m1.1649[0m       [32m0.5054[0m        [35m0.8344[0m  0.4703
      5        [36m1.0096[0m       [32m0.5378[0m        [35m0.7430[0m  0.4634
      6        [36m0.9167[0m       [32m0.5944[0m        [35m0.6930[0m  0.4629
      7        [36m0.8562[0m       [32m0.6439[0m        [35m0.6637[0m  0.4685
      8        [36m0.8139[0m       [32m0.6637[0m        [35m0.6452[0m  0.4674
      9        [36m0.7823[0m       [32m0.6933[0m        [35m0.6331[0m  0.4692
     10        [36m0.7581[0m       [32m0.7140[0m        [35m0.6247[0m  0.4659
  epoch    train_loss    valid_acc    valid_loss     dur
-------  ------------  -----------  ------------  ------
      1        [36m1.5384[0m       [32m0.5000[0m        [35m3.8783[0m  0.4665
      2        2.9676       0.5000        [35m1.1059[0m  0.4682
      3        [36m1.3075[0m       0.5000        [35m1.0169[0m  0.4738
      4        [36m1.1664[0m       [32m0.5036[0m        [35m0.8297[0m  0.4719
      5        [36m1.0095[0m       [32m0.5378[0m        [35m0.7400[0m  0.4674
      6        [36m0.9172[0m       [32m0.5962[0m        [35m0.6905[0m  0.4693
      7        [36m0.8566[0m       [32m0.6475[0m        [35m0.6615[0m  0.4728
      8        [36m0.8143[0m       [32m0.6628[0m        [35m0.6432[0m  0.4797
      9        [36m0.7826[0m       [32m0.6960[0m        [35m0.6312[0m  0.4752
     10        [36m0.7584[0m       [32m0.7149[0m        [35m0.6229[0m  0.4706
  epoch    train_loss    valid_acc    valid_loss     dur
-------  ------------  -----------  ------------  ------
      1        [36m1.5386[0m       [32m0.5000[0m        [35m3.8809[0m  0.4712
      2        2.9614       0.5000        [35m1.1124[0m  0.4633
      3        [36m1.3068[0m       0.5000        [35m1.0185[0m  0.4619
      4        [36m1.1624[0m       [32m0.5045[0m        [35m0.8341[0m  0.4643
      5        [36m1.0083[0m       [32m0.5369[0m        [35m0.7429[0m  0.4685
      6        [36m0.9155[0m       [32m0.5935[0m        [35m0.6929[0m  0.4628
      7        [36m0.8552[0m       [32m0.6448[0m        [35m0.6636[0m  0.4636
      8        [36m0.8130[0m       [32m0.6619[0m        [35m0.6451[0m  0.4545
      9        [36m0.7815[0m       [32m0.6951[0m        [35m0.6329[0m  0.5644
     10        [36m0.7573[0m       [32m0.7158[0m        [35m0.6244[0m  0.4679
  epoch    train_loss    valid_acc    valid_loss     dur
-------  ------------  -----------  ------------  ------
      1        [36m1.5398[0m       [32m0.5000[0m        [35m3.8719[0m  0.4733
      2        2.9629       0.5000        [35m1.1032[0m  0.4759
      3        [36m1.3041[0m       0.5000        [35m1.0134[0m  0.4796
      4        [36m1.1619[0m       [32m0.5054[0m        [35m0.8287[0m  0.4835
      5        [36m1.0066[0m       [32m0.5405[0m        [35m0.7393[0m  0.4800
      6        [36m0.9144[0m       [32m0.5989[0m        [35m0.6903[0m  0.4773
      7        [36m0.8544[0m       [32m0.6466[0m        [35m0.6616[0m  0.4871
      8        [36m0.8124[0m       [32m0.6673[0m        [35m0.6435[0m  0.4691
      9        [36m0.7811[0m       [32m0.6978[0m        [35m0.6316[0m  0.4822
     10        [36m0.7569[0m       [32m0.7176[0m        [35m0.6234[0m  0.4829
  epoch    train_loss    valid_acc    valid_loss     dur
-------  ------------  -----------  ------------  ------
      1        [36m1.5370[0m       [32m0.5000[0m        [35m3.8718[0m  0.4727
      2        2.9649       0.5000        [35m1.1022[0m  0.4731
      3        [36m1.3066[0m       0.5000        [35m1.0140[0m  0.4732
      4        [36m1.1658[0m       [32m0.5054[0m        [35m0.8274[0m  0.4735
      5        [36m1.0086[0m       [32m0.5378[0m        [35m0.7386[0m  0.4757
      6        [36m0.9166[0m       [32m0.5953[0m        [35m0.6895[0m  0.4722
      7        [36m0.8562[0m       [32m0.6484[0m        [35m0.6608[0m  0.4746
      8        [36m0.8140[0m       [32m0.6646[0m        [35m0.6427[0m  0.4718
      9        [36m0.7824[0m       [32m0.6960[0m        [35m0.6309[0m  0.4738
     10        [36m0.7583[0m       [32m0.7167[0m        [35m0.6227[0m  0.4749
  epoch    train_loss    valid_acc    valid_loss     dur
-------  ------------  -----------  ------------  ------
      1        [36m1.5401[0m       [32m0.5000[0m        [35m3.8713[0m  0.4714
      2        2.9644       0.5000        [35m1.1075[0m  0.4702
      3        [36m1.3059[0m       0.5000        [35m1.0173[0m  0.4728
      4        [36m1.1639[0m       [32m0.5054[0m        [35m0.8311[0m  0.4665
      5        [36m1.0079[0m       [32m0.5387[0m        [35m0.7409[0m  0.4622
      6        [36m0.9155[0m       [32m0.5953[0m        [35m0.6914[0m  0.4541
      7        [36m0.8552[0m       [32m0.6466[0m        [35m0.6623[0m  0.4653
      8        [36m0.8131[0m       [32m0.6646[0m        [35m0.6440[0m  0.4652
      9        [36m0.7816[0m       [32m0.6951[0m        [35m0.6318[0m  0.4662
     10        [36m0.7574[0m       [32m0.7149[0m        [35m0.6235[0m  0.4634
  epoch    train_loss    valid_acc    valid_loss     dur
-------  ------------  -----------  ------------  ------
      1        [36m1.5403[0m       [32m0.5000[0m        [35m3.8938[0m  0.4679
      2        2.9620       0.5000        [35m1.1109[0m  0.4599
      3        [36m1.3052[0m       0.5000        [35m1.0204[0m  0.4662
      4        [36m1.1634[0m       [32m0.5054[0m        [35m0.8327[0m  0.4638
      5        [36m1.0075[0m       [32m0.5396[0m        [35m0.7419[0m  0.4590
      6        [36m0.9152[0m       [32m0.5953[0m        [35m0.6921[0m  0.4616
      7        [36m0.8552[0m       [32m0.6466[0m        [35m0.6629[0m  0.4647
      8        [36m0.8131[0m       [32m0.6637[0m        [35m0.6444[0m  0.4704
      9        [36m0.7816[0m       [32m0.6942[0m        [35m0.6322[0m  0.4725
     10        [36m0.7574[0m       [32m0.7140[0m        [35m0.6238[0m  0.4627
  epoch    train_loss    valid_acc    valid_loss     dur
-------  ------------  -----------  ------------  ------
      1        [36m1.5392[0m       [32m0.5000[0m        [35m3.8738[0m  0.4655
      2        2.9607       0.5000        [35m1.1061[0m  0.4662
      3        [36m1.3069[0m       0.5000        [35m1.0152[0m  0.4640
      4        [36m1.1653[0m       [32m0.5054[0m        [35m0.8271[0m  0.4631
      5        [36m1.0081[0m       [32m0.5387[0m        [35m0.7376[0m  0.4633
      6        [36m0.9161[0m       [32m0.5971[0m        [35m0.6883[0m  0.4651
      7        [36m0.8559[0m       [32m0.6466[0m        [35m0.6596[0m  0.4688
      8        [36m0.8138[0m       [32m0.6646[0m        [35m0.6415[0m  0.4646
      9        [36m0.7822[0m       [32m0.6960[0m        [35m0.6296[0m  0.4638
     10        [36m0.7580[0m       [32m0.7158[0m        [35m0.6214[0m  0.4629
  epoch    train_loss    valid_acc    valid_loss     dur
-------  ------------  -----------  ------------  ------
      1        [36m1.5257[0m       [32m0.5000[0m        [35m3.8888[0m  0.4691
      2        2.9740       0.5000        [35m1.0900[0m  0.4647
      3        [36m1.3014[0m       0.5000        [35m1.0130[0m  0.4601
      4        [36m1.1666[0m       [32m0.5054[0m        [35m0.8194[0m  0.4732
      5        [36m1.0042[0m       [32m0.5396[0m        [35m0.7346[0m  0.4710
      6        [36m0.9149[0m       [32m0.5962[0m        [35m0.6865[0m  0.4670
      7        [36m0.8552[0m       [32m0.6493[0m        [35m0.6585[0m  0.4717
      8        [36m0.8134[0m       [32m0.6655[0m        [35m0.6407[0m  0.4693
      9        [36m0.7820[0m       [32m0.6942[0m        [35m0.6291[0m  0.4689
     10        [36m0.7580[0m       [32m0.7149[0m        [35m0.6211[0m  0.4693
  epoch    train_loss    valid_acc    valid_loss     dur
-------  ------------  -----------  ------------  ------
      1        [36m1.5348[0m       [32m0.5000[0m        [35m3.8627[0m  0.4603
      2        2.9711       0.5000        [35m1.0954[0m  0.4648
      3        [36m1.3038[0m       0.5000        [35m1.0129[0m  0.4785
      4        [36m1.1654[0m       [32m0.5054[0m        [35m0.8250[0m  0.4634
      5        [36m1.0063[0m       [32m0.5396[0m        [35m0.7381[0m  0.4713
      6        [36m0.9151[0m       [32m0.5998[0m        [35m0.6898[0m  0.4698
      7        [36m0.8551[0m       [32m0.6475[0m        [35m0.6615[0m  0.4584
      8        [36m0.8130[0m       [32m0.6664[0m        [35m0.6435[0m  0.4710
      9        [36m0.7815[0m       [32m0.6978[0m        [35m0.6317[0m  0.4686
     10        [36m0.7574[0m       [32m0.7167[0m        [35m0.6235[0m  0.4527
  epoch    train_loss    valid_acc    valid_loss     dur
-------  ------------  -----------  ------------  ------
      1        [36m1.5371[0m       [32m0.5000[0m        [35m3.8855[0m  0.4736
      2        2.9674       0.5000        [35m1.1115[0m  0.4762
      3        [36m1.3071[0m       0.5000        [35m1.0168[0m  0.4720
      4        [36m1.1621[0m       [32m0.5054[0m        [35m0.8311[0m  0.4661
      5        [36m1.0070[0m       [32m0.5387[0m        [35m0.7401[0m  0.4734
      6        [36m0.9144[0m       [32m0.5971[0m        [35m0.6903[0m  0.4755
      7        [36m0.8543[0m       [32m0.6466[0m        [35m0.6611[0m  0.4718
      8        [36m0.8122[0m       [32m0.6646[0m        [35m0.6427[0m  0.4683
      9        [36m0.7807[0m       [32m0.6969[0m        [35m0.6305[0m  0.4731
     10        [36m0.7565[0m       [32m0.7158[0m        [35m0.6221[0m  0.4690
  epoch    train_loss    valid_acc    valid_loss     dur
-------  ------------  -----------  ------------  ------
      1        [36m1.5431[0m       [32m0.5000[0m        [35m3.9006[0m  0.4619
      2        2.9652       0.5000        [35m1.1158[0m  0.4725
      3        [36m1.3082[0m       0.5000        [35m1.0211[0m  0.4601
      4        [36m1.1638[0m       [32m0.5054[0m        [35m0.8351[0m  0.4625
      5        [36m1.0092[0m       [32m0.5387[0m        [35m0.7430[0m  0.4680
      6        [36m0.9161[0m       [32m0.5971[0m        [35m0.6928[0m  0.4614
      7        [36m0.8557[0m       [32m0.6475[0m        [35m0.6633[0m  0.4630
      8        [36m0.8134[0m       [32m0.6664[0m        [35m0.6448[0m  0.4671
      9        [36m0.7819[0m       [32m0.6969[0m        [35m0.6326[0m  0.4658
     10        [36m0.7577[0m       [32m0.7149[0m        [35m0.6241[0m  0.4672
  epoch    train_loss    valid_acc    valid_loss     dur
-------  ------------  -----------  ------------  ------
      1        [36m1.5365[0m       [32m0.5000[0m        [35m3.8633[0m  0.4710
      2        2.9651       0.5000        [35m1.1019[0m  0.4751
      3        [36m1.3058[0m       0.5000        [35m1.0113[0m  0.4738
      4        [36m1.1633[0m       [32m0.5054[0m        [35m0.8261[0m  0.4719
      5        [36m1.0073[0m       [32m0.5405[0m        [35m0.7369[0m  0.4773
      6        [36m0.9151[0m       [32m0.5989[0m        [35m0.6880[0m  0.4706
      7        [36m0.8550[0m       [32m0.6493[0m        [35m0.6594[0m  0.4791
      8        [36m0.8129[0m       [32m0.6664[0m        [35m0.6413[0m  0.5567
      9        [36m0.7814[0m       [32m0.6951[0m        [35m0.6295[0m  0.4773
     10        [36m0.7573[0m       [32m0.7158[0m        [35m0.6213[0m  0.4835
  epoch    train_loss    valid_acc    valid_loss     dur
-------  ------------  -----------  ------------  ------
      1        [36m1.5383[0m       [32m0.5000[0m        [35m3.9002[0m  0.4703
      2        2.9702       0.5000        [35m1.1089[0m  0.4656
      3        [36m1.3061[0m       0.5000        [35m1.0199[0m  0.4649
      4        [36m1.1649[0m       [32m0.5054[0m        [35m0.8320[0m  0.4573
      5        [36m1.0083[0m       [32m0.5387[0m        [35m0.7415[0m  0.4685
      6        [36m0.9158[0m       [32m0.5971[0m        [35m0.6918[0m  0.6252
      7        [36m0.8554[0m       [32m0.6484[0m        [35m0.6627[0m  0.5814
      8        [36m0.8133[0m       [32m0.6655[0m        [35m0.6443[0m  0.4707
      9        [36m0.7817[0m       [32m0.6951[0m        [35m0.6322[0m  0.4559
     10        [36m0.7575[0m       [32m0.7167[0m        [35m0.6239[0m  0.4694
  epoch    train_loss    valid_acc    valid_loss     dur
-------  ------------  -----------  ------------  ------
      1        [36m1.5684[0m       [32m0.5005[0m        [35m3.7360[0m  0.4586
      2        2.9153       0.5005        [35m1.0511[0m  0.4619
      3        [36m1.2495[0m       [32m0.5014[0m        [35m0.9638[0m  0.4454
      4        [36m1.1108[0m       [32m0.5267[0m        [35m0.8033[0m  0.4345
      5        [36m0.9780[0m       [32m0.6026[0m        [35m0.7079[0m  0.4429
      6        [36m0.8853[0m       [32m0.6523[0m        [35m0.6599[0m  0.4433
      7        [36m0.8288[0m       [32m0.6935[0m        [35m0.6310[0m  0.4410
      8        [36m0.7889[0m       [32m0.7207[0m        [35m0.6124[0m  0.4350
      9        [36m0.7593[0m       [32m0.7338[0m        [35m0.5995[0m  0.4417
     10        [36m0.7360[0m       [32m0.7460[0m        [35m0.5900[0m  0.4405
  epoch    train_loss    valid_acc    valid_loss     dur
-------  ------------  -----------  ------------  ------
      1        [36m1.5617[0m       [32m0.5005[0m        [35m3.7808[0m  0.4362
      2        2.9082       0.5005        [35m1.0687[0m  0.4339
      3        [36m1.2506[0m       0.5005        [35m0.9803[0m  0.4312
      4        [36m1.1146[0m       [32m0.5239[0m        [35m0.8152[0m  0.4330
      5        [36m0.9814[0m       [32m0.5961[0m        [35m0.7171[0m  0.4433
      6        [36m0.8885[0m       [32m0.6485[0m        [35m0.6681[0m  0.4395
      7        [36m0.8318[0m       [32m0.6888[0m        [35m0.6385[0m  0.4992
      8        [36m0.7917[0m       [32m0.7132[0m        [35m0.6193[0m  0.4309
      9        [36m0.7618[0m       [32m0.7310[0m        [35m0.6060[0m  0.4397
     10        [36m0.7383[0m       [32m0.7395[0m        [35m0.5962[0m  0.4207
  epoch    train_loss    valid_acc    valid_loss     dur
-------  ------------  -----------  ------------  ------
      1        [36m1.5696[0m       [32m0.5005[0m        [35m3.7637[0m  0.4327
      2        2.9110       0.5005        [35m1.0617[0m  0.4352
      3        [36m1.2505[0m       [32m0.5014[0m        [35m0.9744[0m  0.4445
      4        [36m1.1112[0m       [32m0.5248[0m        [35m0.8141[0m  0.4351
      5        [36m0.9795[0m       [32m0.5961[0m        [35m0.7171[0m  0.4402
      6        [36m0.8867[0m       [32m0.6476[0m        [35m0.6679[0m  0.4428
      7        [36m0.8298[0m       [32m0.6851[0m        [35m0.6383[0m  0.4393
      8        [36m0.7897[0m       [32m0.7160[0m        [35m0.6192[0m  0.4356
      9        [36m0.7599[0m       [32m0.7291[0m        [35m0.6059[0m  0.4399
     10        [36m0.7365[0m       [32m0.7423[0m        [35m0.5962[0m  0.4560
  epoch    train_loss    valid_acc    valid_loss     dur
-------  ------------  -----------  ------------  ------
      1        [36m1.5507[0m       [32m0.5005[0m        [35m3.7701[0m  0.4309
      2        2.9020       0.5005        [35m1.0518[0m  0.4289
      3        [36m1.2433[0m       [32m0.5014[0m        [35m0.9679[0m  0.4362
      4        [36m1.1090[0m       [32m0.5276[0m        [35m0.8060[0m  0.4270
      5        [36m0.9771[0m       [32m0.6017[0m        [35m0.7099[0m  0.4339
      6        [36m0.8849[0m       [32m0.6523[0m        [35m0.6617[0m  0.4267
      7        [36m0.8287[0m       [32m0.6926[0m        [35m0.6330[0m  0.4180
      8        [36m0.7892[0m       [32m0.7179[0m        [35m0.6144[0m  0.4247
      9        [36m0.7598[0m       [32m0.7348[0m        [35m0.6015[0m  0.4231
     10        [36m0.7368[0m       [32m0.7488[0m        [35m0.5921[0m  0.4281
  epoch    train_loss    valid_acc    valid_loss     dur
-------  ------------  -----------  ------------  ------
      1        [36m1.5747[0m       [32m0.5005[0m        [35m3.7459[0m  0.4352
      2        2.8882       0.5005        [35m1.0568[0m  0.4373
      3        [36m1.2363[0m       [32m0.5023[0m        [35m0.9761[0m  0.4463
      4        [36m1.1029[0m       [32m0.5267[0m        [35m0.8147[0m  0.4409
      5        [36m0.9707[0m       [32m0.5979[0m        [35m0.7192[0m  0.4401
      6        [36m0.8794[0m       [32m0.6504[0m        [35m0.6711[0m  0.4461
      7        [36m0.8237[0m       [32m0.6879[0m        [35m0.6421[0m  0.4365
      8        [36m0.7845[0m       [32m0.7160[0m        [35m0.6233[0m  0.4471
      9        [36m0.7553[0m       [32m0.7357[0m        [35m0.6101[0m  0.4376
     10        [36m0.7323[0m       [32m0.7432[0m        [35m0.6004[0m  0.4367
  epoch    train_loss    valid_acc    valid_loss     dur
-------  ------------  -----------  ------------  ------
      1        [36m1.5535[0m       [32m0.5005[0m        [35m3.7936[0m  0.4239
      2        2.9330       0.5005        [35m1.0513[0m  0.4194
      3        [36m1.2499[0m       [32m0.5014[0m        [35m0.9696[0m  0.4314
      4        [36m1.1116[0m       [32m0.5248[0m        [35m0.8092[0m  0.4312
      5        [36m0.9781[0m       [32m0.6007[0m        [35m0.7137[0m  0.4383
      6        [36m0.8848[0m       [32m0.6485[0m        [35m0.6660[0m  0.4297
      7        [36m0.8280[0m       [32m0.6879[0m        [35m0.6374[0m  0.4292
      8        [36m0.7882[0m       [32m0.7132[0m        [35m0.6190[0m  0.4340
      9        [36m0.7585[0m       [32m0.7329[0m        [35m0.6061[0m  0.4256
     10        [36m0.7353[0m       [32m0.7441[0m        [35m0.5967[0m  0.4431
  epoch    train_loss    valid_acc    valid_loss     dur
-------  ------------  -----------  ------------  ------
      1        [36m1.5711[0m       [32m0.4995[0m        [35m3.7310[0m  0.4797
      2        2.9023       0.4995        [35m1.0514[0m  0.4435
      3        [36m1.2436[0m       [32m0.5014[0m        [35m0.9693[0m  0.4393
      4        [36m1.1093[0m       [32m0.5258[0m        [35m0.8066[0m  0.4422
      5        [36m0.9746[0m       [32m0.5989[0m        [35m0.7123[0m  0.5214
      6        [36m0.8826[0m       [32m0.6514[0m        [35m0.6650[0m  0.4309
      7        [36m0.8266[0m       [32m0.6935[0m        [35m0.6365[0m  0.4393
      8        [36m0.7871[0m       [32m0.7160[0m        [35m0.6181[0m  0.4401
      9        [36m0.7577[0m       [32m0.7348[0m        [35m0.6053[0m  0.4375
     10        [36m0.7347[0m       [32m0.7470[0m        [35m0.5958[0m  0.4459
  epoch    train_loss    valid_acc    valid_loss     dur
-------  ------------  -----------  ------------  ------
      1        [36m1.5782[0m       [32m0.4995[0m        [35m3.7451[0m  0.4323
      2        2.8937       0.4995        [35m1.0685[0m  0.4317
      3        [36m1.2493[0m       [32m0.5005[0m        [35m0.9807[0m  0.4272
      4        [36m1.1113[0m       [32m0.5248[0m        [35m0.8173[0m  0.4284
      5        [36m0.9770[0m       [32m0.5970[0m        [35m0.7211[0m  0.4314
      6        [36m0.8847[0m       [32m0.6476[0m        [35m0.6726[0m  0.4251
      7        [36m0.8284[0m       [32m0.6879[0m        [35m0.6434[0m  0.4309
      8        [36m0.7889[0m       [32m0.7142[0m        [35m0.6245[0m  0.4206
      9        [36m0.7595[0m       [32m0.7301[0m        [35m0.6112[0m  0.4292
     10        [36m0.7362[0m       [32m0.7413[0m        [35m0.6015[0m  0.4231
  epoch    train_loss    valid_acc    valid_loss     dur
-------  ------------  -----------  ------------  ------
      1        [36m1.5503[0m       [32m0.4995[0m        [35m3.7632[0m  0.4314
      2        2.9236       0.4995        [35m1.0383[0m  0.4339
      3        [36m1.2426[0m       [32m0.5005[0m        [35m0.9603[0m  0.4333
      4        [36m1.1071[0m       [32m0.5276[0m        [35m0.8038[0m  0.4391
      5        [36m0.9756[0m       [32m0.6017[0m        [35m0.7105[0m  0.4342
      6        [36m0.8836[0m       [32m0.6514[0m        [35m0.6632[0m  0.4350
      7        [36m0.8273[0m       [32m0.6917[0m        [35m0.6346[0m  0.4384
      8        [36m0.7878[0m       [32m0.7160[0m        [35m0.6161[0m  0.4389
      9        [36m0.7583[0m       [32m0.7282[0m        [35m0.6032[0m  0.4326
     10        [36m0.7352[0m       [32m0.7413[0m        [35m0.5937[0m  0.4323
  epoch    train_loss    valid_acc    valid_loss     dur
-------  ------------  -----------  ------------  ------
      1        [36m1.5650[0m       [32m0.4995[0m        [35m3.7969[0m  0.4279
      2        2.9039       0.4995        [35m1.0724[0m  0.4260
      3        [36m1.2474[0m       [32m0.5014[0m        [35m0.9837[0m  0.4271
      4        [36m1.1074[0m       [32m0.5248[0m        [35m0.8214[0m  0.4324
      5        [36m0.9754[0m       [32m0.5914[0m        [35m0.7242[0m  0.4325
      6        [36m0.8833[0m       [32m0.6448[0m        [35m0.6748[0m  0.4250
      7        [36m0.8268[0m       [32m0.6842[0m        [35m0.6449[0m  0.4297
      8        [36m0.7870[0m       [32m0.7113[0m        [35m0.6257[0m  0.4285
      9        [36m0.7573[0m       [32m0.7291[0m        [35m0.6121[0m  0.4340
     10        [36m0.7341[0m       [32m0.7376[0m        [35m0.6022[0m  0.4238
  epoch    train_loss    valid_acc    valid_loss     dur
-------  ------------  -----------  ------------  ------
      1        [36m1.5625[0m       [32m0.4995[0m        [35m3.7529[0m  0.4258
      2        2.9130       0.4995        [35m1.0459[0m  0.4282
      3        [36m1.2450[0m       [32m0.5005[0m        [35m0.9662[0m  0.4265
      4        [36m1.1096[0m       [32m0.5239[0m        [35m0.8081[0m  0.4259
      5        [36m0.9769[0m       [32m0.5961[0m        [35m0.7146[0m  0.4238
      6        [36m0.8858[0m       [32m0.6485[0m        [35m0.6646[0m  0.4210
      7        [36m0.8281[0m       [32m0.6907[0m        [35m0.6346[0m  0.4270
      8        [36m0.7878[0m       [32m0.7207[0m        [35m0.6153[0m  0.4399
      9        [36m0.7579[0m       [32m0.7348[0m        [35m0.6018[0m  0.4266
     10        [36m0.7346[0m       [32m0.7441[0m        [35m0.5918[0m  0.4337
  epoch    train_loss    valid_acc    valid_loss     dur
-------  ------------  -----------  ------------  ------
      1        [36m1.5628[0m       [32m0.4995[0m        [35m3.7487[0m  0.4426
      2        2.9191       0.4995        [35m1.0622[0m  0.4342
      3        [36m1.2506[0m       [32m0.5005[0m        [35m0.9791[0m  0.4386
      4        [36m1.1121[0m       [32m0.5230[0m        [35m0.8196[0m  0.4340
      5        [36m0.9789[0m       [32m0.5979[0m        [35m0.7241[0m  0.4310
      6        [36m0.8855[0m       [32m0.6420[0m        [35m0.6762[0m  0.4334
      7        [36m0.8288[0m       [32m0.6832[0m        [35m0.6469[0m  0.4374
      8        [36m0.7888[0m       [32m0.7085[0m        [35m0.6279[0m  0.4346
      9        [36m0.7590[0m       [32m0.7273[0m        [35m0.6145[0m  0.4453
     10        [36m0.7356[0m       [32m0.7366[0m        [35m0.6046[0m  0.4267
  epoch    train_loss    valid_acc    valid_loss     dur
-------  ------------  -----------  ------------  ------
      1        [36m1.5444[0m       [32m0.4995[0m        [35m3.6933[0m  0.4415
      2        2.9041       0.4995        [35m0.9893[0m  0.4343
      3        [36m1.2188[0m       0.4995        [35m0.9567[0m  0.4339
      4        [36m1.1189[0m       [32m0.5258[0m        [35m0.7857[0m  0.4361
      5        [36m0.9771[0m       [32m0.5989[0m        [35m0.6920[0m  0.4340
      6        [36m0.8827[0m       [32m0.6514[0m        [35m0.6460[0m  0.4290
      7        [36m0.8259[0m       [32m0.6945[0m        [35m0.6186[0m  0.4364
      8        [36m0.7860[0m       [32m0.7198[0m        [35m0.6012[0m  0.4300
      9        [36m0.7565[0m       [32m0.7357[0m        [35m0.5891[0m  0.4396
     10        [36m0.7334[0m       [32m0.7535[0m        [35m0.5803[0m  0.4313
  epoch    train_loss    valid_acc    valid_loss     dur
-------  ------------  -----------  ------------  ------
      1        [36m1.5608[0m       [32m0.4995[0m        [35m3.8123[0m  0.4390
      2        2.9276       0.4995        [35m1.0602[0m  0.4343
      3        [36m1.2482[0m       [32m0.5005[0m        [35m0.9753[0m  0.4252
      4        [36m1.1134[0m       [32m0.5267[0m        [35m0.8087[0m  0.4292
      5        [36m0.9780[0m       [32m0.5998[0m        [35m0.7122[0m  0.4386
      6        [36m0.8856[0m       [32m0.6532[0m        [35m0.6631[0m  0.4286
      7        [36m0.8288[0m       [32m0.6935[0m        [35m0.6337[0m  0.4232
      8        [36m0.7889[0m       [32m0.7198[0m        [35m0.6149[0m  0.4224
      9        [36m0.7593[0m       [32m0.7348[0m        [35m0.6018[0m  0.4289
     10        [36m0.7360[0m       [32m0.7451[0m        [35m0.5923[0m  0.4299
  epoch    train_loss    valid_acc    valid_loss     dur
-------  ------------  -----------  ------------  ------
      1        [36m1.5616[0m       [32m0.4995[0m        [35m3.7829[0m  0.4410
      2        2.9163       0.4995        [35m1.0641[0m  0.4333
      3        [36m1.2499[0m       [32m0.5005[0m        [35m0.9761[0m  0.4393
      4        [36m1.1110[0m       [32m0.5230[0m        [35m0.8131[0m  0.4376
      5        [36m0.9772[0m       [32m0.5979[0m        [35m0.7162[0m  0.4413
      6        [36m0.8843[0m       [32m0.6448[0m        [35m0.6675[0m  0.4485
      7        [36m0.8276[0m       [32m0.6879[0m        [35m0.6382[0m  0.4380
      8        [36m0.7878[0m       [32m0.7151[0m        [35m0.6193[0m  0.4385
      9        [36m0.7582[0m       [32m0.7310[0m        [35m0.6062[0m  0.4400
     10        [36m0.7349[0m       [32m0.7413[0m        [35m0.5966[0m  0.4387
  epoch    train_loss    valid_acc    valid_loss     dur
-------  ------------  -----------  ------------  ------
      1        [36m1.5687[0m       [32m0.4995[0m        [35m3.7304[0m  0.4307
      2        2.9073       0.4995        [35m1.0397[0m  0.4444
      3        [36m1.2456[0m       [32m0.5005[0m        [35m0.9658[0m  0.4332
      4        [36m1.1138[0m       [32m0.5239[0m        [35m0.8075[0m  0.4446
      5        [36m0.9813[0m       [32m0.5989[0m        [35m0.7134[0m  0.4344
      6        [36m0.8886[0m       [32m0.6485[0m        [35m0.6655[0m  0.4332
      7        [36m0.8316[0m       [32m0.6888[0m        [35m0.6365[0m  0.4293
      8        [36m0.7913[0m       [32m0.7170[0m        [35m0.6178[0m  0.4321
      9        [36m0.7614[0m       [32m0.7338[0m        [35m0.6047[0m  0.4347
     10        [36m0.7380[0m       [32m0.7432[0m        [35m0.5951[0m  0.4283
  epoch    train_loss    valid_acc    valid_loss     dur
-------  ------------  -----------  ------------  ------
      1        [36m1.5582[0m       [32m0.4995[0m        [35m3.7702[0m  0.4258
      2        2.9144       0.4995        [35m1.0538[0m  0.4372
      3        [36m1.2466[0m       [32m0.5005[0m        [35m0.9692[0m  0.4290
      4        [36m1.1093[0m       [32m0.5230[0m        [35m0.8088[0m  0.4290
      5        [36m0.9773[0m       [32m0.5951[0m        [35m0.7130[0m  0.4339
      6        [36m0.8848[0m       [32m0.6457[0m        [35m0.6649[0m  0.4345
      7        [36m0.8282[0m       [32m0.6879[0m        [35m0.6358[0m  0.4402
      8        [36m0.7882[0m       [32m0.7142[0m        [35m0.6171[0m  0.4360
      9        [36m0.7585[0m       [32m0.7357[0m        [35m0.6040[0m  0.4299
     10        [36m0.7351[0m       [32m0.7423[0m        [35m0.5945[0m  0.4354
  epoch    train_loss    valid_acc    valid_loss     dur
-------  ------------  -----------  ------------  ------
      1        [36m1.5506[0m       [32m0.4995[0m        [35m3.7776[0m  0.4429
      2        2.9191       0.4995        [35m1.0539[0m  0.4538
      3        [36m1.2465[0m       [32m0.5005[0m        [35m0.9712[0m  0.4409
      4        [36m1.1091[0m       [32m0.5211[0m        [35m0.8122[0m  0.4478
      5        [36m0.9770[0m       [32m0.6007[0m        [35m0.7179[0m  0.4511
      6        [36m0.8847[0m       [32m0.6485[0m        [35m0.6705[0m  0.4494
      7        [36m0.8284[0m       [32m0.6870[0m        [35m0.6418[0m  0.4461
      8        [36m0.7887[0m       [32m0.7113[0m        [35m0.6233[0m  0.4433
      9        [36m0.7591[0m       [32m0.7291[0m        [35m0.6104[0m  0.4363
     10        [36m0.7358[0m       [32m0.7366[0m        [35m0.6009[0m  0.4452
  epoch    train_loss    valid_acc    valid_loss     dur
-------  ------------  -----------  ------------  ------
      1        [36m1.5469[0m       [32m0.4995[0m        [35m3.7573[0m  0.4308
      2        2.9121       0.4995        [35m1.0370[0m  0.4300
      3        [36m1.2443[0m       [32m0.5005[0m        [35m0.9593[0m  0.4295
      4        [36m1.1114[0m       [32m0.5258[0m        [35m0.8011[0m  0.4330
      5        [36m0.9795[0m       [32m0.5998[0m        [35m0.7075[0m  0.4170
      6        [36m0.8871[0m       [32m0.6495[0m        [35m0.6606[0m  0.4213
      7        [36m0.8304[0m       [32m0.6888[0m        [35m0.6325[0m  0.4244
      8        [36m0.7905[0m       [32m0.7113[0m        [35m0.6145[0m  0.4381
      9        [36m0.7608[0m       [32m0.7329[0m        [35m0.6020[0m  0.4275
     10        [36m0.7375[0m       [32m0.7479[0m        [35m0.5930[0m  0.4284
  epoch    train_loss    valid_acc    valid_loss     dur
-------  ------------  -----------  ------------  ------
      1        [36m1.5549[0m       [32m0.4995[0m        [35m3.7575[0m  0.4353
      2        2.9242       0.4995        [35m1.0534[0m  0.4275
      3        [36m1.2492[0m       [32m0.5005[0m        [35m0.9684[0m  0.4340
      4        [36m1.1108[0m       [32m0.5248[0m        [35m0.8086[0m  0.4324
      5        [36m0.9773[0m       [32m0.5970[0m        [35m0.7139[0m  0.4376
      6        [36m0.8848[0m       [32m0.6485[0m        [35m0.6660[0m  0.4297
      7        [36m0.8283[0m       [32m0.6888[0m        [35m0.6370[0m  0.4368
      8        [36m0.7885[0m       [32m0.7151[0m        [35m0.6183[0m  0.4305
      9        [36m0.7589[0m       [32m0.7357[0m        [35m0.6051[0m  0.4394
     10        [36m0.7356[0m       [32m0.7451[0m        [35m0.5954[0m  0.4361
  epoch    train_loss    valid_acc    valid_loss     dur
-------  ------------  -----------  ------------  ------
      1        [36m1.5929[0m       [32m0.5005[0m        [35m3.7095[0m  0.4371
      2        2.9303       0.5005        [35m1.0734[0m  0.4559
      3        [36m1.2936[0m       0.5005        [35m1.0116[0m  0.4454
      4        [36m1.1740[0m       [32m0.5052[0m        [35m0.8295[0m  0.4470
      5        [36m1.0186[0m       [32m0.5361[0m        [35m0.7395[0m  0.4413
      6        [36m0.9249[0m       [32m0.5933[0m        [35m0.6897[0m  0.4408
      7        [36m0.8639[0m       [32m0.6420[0m        [35m0.6601[0m  0.4588
      8        [36m0.8209[0m       [32m0.6654[0m        [35m0.6414[0m  0.4452
      9        [36m0.7888[0m       [32m0.6888[0m        [35m0.6290[0m  0.4533
     10        [36m0.7640[0m       [32m0.7142[0m        [35m0.6202[0m  0.4458
  epoch    train_loss    valid_acc    valid_loss     dur
-------  ------------  -----------  ------------  ------
      1        [36m1.5852[0m       [32m0.5005[0m        [35m3.7593[0m  0.4419
      2        2.9219       0.5005        [35m1.0920[0m  0.4319
      3        [36m1.2950[0m       0.5005        [35m1.0268[0m  0.4382
      4        [36m1.1757[0m       [32m0.5033[0m        [35m0.8430[0m  0.4482
      5        [36m1.0216[0m       [32m0.5351[0m        [35m0.7514[0m  0.4532
      6        [36m0.9279[0m       [32m0.5848[0m        [35m0.7001[0m  0.4367
      7        [36m0.8663[0m       [32m0.6354[0m        [35m0.6692[0m  0.4556
      8        [36m0.8227[0m       [32m0.6617[0m        [35m0.6496[0m  0.4487
      9        [36m0.7902[0m       [32m0.6804[0m        [35m0.6365[0m  0.4449
     10        [36m0.7652[0m       [32m0.7067[0m        [35m0.6274[0m  0.4474
  epoch    train_loss    valid_acc    valid_loss     dur
-------  ------------  -----------  ------------  ------
      1        [36m1.5902[0m       [32m0.5005[0m        [35m3.7422[0m  0.4461
      2        2.9267       0.5005        [35m1.0827[0m  0.4524
      3        [36m1.2948[0m       0.5005        [35m1.0255[0m  0.4591
      4        [36m1.1782[0m       [32m0.5042[0m        [35m0.8370[0m  0.4569
      5        [36m1.0189[0m       [32m0.5370[0m        [35m0.7481[0m  0.4561
      6        [36m0.9265[0m       [32m0.5848[0m        [35m0.6972[0m  0.4507
      7        [36m0.8650[0m       [32m0.6336[0m        [35m0.6669[0m  0.4551
      8        [36m0.8217[0m       [32m0.6607[0m        [35m0.6475[0m  0.4523
      9        [36m0.7893[0m       [32m0.6795[0m        [35m0.6347[0m  0.4643
     10        [36m0.7644[0m       [32m0.7057[0m        [35m0.6257[0m  0.4540
  epoch    train_loss    valid_acc    valid_loss     dur
-------  ------------  -----------  ------------  ------
      1        [36m1.5729[0m       [32m0.5005[0m        [35m3.7497[0m  0.4520
      2        2.9179       0.5005        [35m1.0760[0m  0.4396
      3        [36m1.2879[0m       0.5005        [35m1.0237[0m  0.4526
      4        [36m1.1762[0m       [32m0.5042[0m        [35m0.8308[0m  0.4417
      5        [36m1.0142[0m       [32m0.5361[0m        [35m0.7449[0m  0.4461
      6        [36m0.9242[0m       [32m0.5895[0m        [35m0.6954[0m  0.4460
      7        [36m0.8639[0m       [32m0.6354[0m        [35m0.6661[0m  0.4388
      8        [36m0.8215[0m       [32m0.6626[0m        [35m0.6473[0m  0.4478
      9        [36m0.7897[0m       [32m0.6860[0m        [35m0.6347[0m  0.4492
     10        [36m0.7652[0m       [32m0.7076[0m        [35m0.6260[0m  0.4437
  epoch    train_loss    valid_acc    valid_loss     dur
-------  ------------  -----------  ------------  ------
      1        [36m1.6018[0m       [32m0.5005[0m        [35m3.7202[0m  0.4563
      2        2.9049       0.5005        [35m1.0786[0m  0.4604
      3        [36m1.2843[0m       0.5005        [35m1.0249[0m  0.4515
      4        [36m1.1716[0m       [32m0.5033[0m        [35m0.8388[0m  0.4523
      5        [36m1.0150[0m       [32m0.5370[0m        [35m0.7491[0m  0.4556
      6        [36m0.9226[0m       [32m0.5933[0m        [35m0.6988[0m  0.4568
      7        [36m0.8620[0m       [32m0.6410[0m        [35m0.6687[0m  0.4512
      8        [36m0.8192[0m       [32m0.6598[0m        [35m0.6496[0m  0.4535
      9        [36m0.7873[0m       [32m0.6832[0m        [35m0.6367[0m  0.4585
     10        [36m0.7627[0m       [32m0.7067[0m        [35m0.6276[0m  0.4614
  epoch    train_loss    valid_acc    valid_loss     dur
-------  ------------  -----------  ------------  ------
      1        [36m1.5789[0m       [32m0.5005[0m        [35m3.7660[0m  0.4601
      2        2.9455       0.5005        [35m1.0725[0m  0.4410
      3        [36m1.2941[0m       0.5005        [35m1.0253[0m  0.4538
      4        [36m1.1819[0m       [32m0.5052[0m        [35m0.8277[0m  0.4415
      5        [36m1.0142[0m       [32m0.5380[0m        [35m0.7431[0m  0.4464
      6        [36m0.9244[0m       [32m0.5904[0m        [35m0.6933[0m  0.4431
      7        [36m0.8636[0m       [32m0.6429[0m        [35m0.6638[0m  0.4470
      8        [36m0.8208[0m       [32m0.6664[0m        [35m0.6451[0m  0.4484
      9        [36m0.7889[0m       [32m0.6898[0m        [35m0.6325[0m  0.4523
     10        [36m0.7643[0m       [32m0.7085[0m        [35m0.6237[0m  0.4474
  epoch    train_loss    valid_acc    valid_loss     dur
-------  ------------  -----------  ------------  ------
      1        [36m1.6000[0m       [32m0.4995[0m        [35m3.7041[0m  0.4365
      2        2.9175       0.4995        [35m1.0700[0m  0.4490
      3        [36m1.2879[0m       0.4995        [35m1.0176[0m  0.4381
      4        [36m1.1752[0m       [32m0.5052[0m        [35m0.8279[0m  0.4358
      5        [36m1.0136[0m       [32m0.5380[0m        [35m0.7413[0m  0.4396
      6        [36m0.9222[0m       [32m0.5989[0m        [35m0.6921[0m  0.4364
      7        [36m0.8616[0m       [32m0.6476[0m        [35m0.6630[0m  0.4421
      8        [36m0.8190[0m       [32m0.6645[0m        [35m0.6445[0m  0.4359
      9        [36m0.7872[0m       [32m0.6907[0m        [35m0.6321[0m  0.4371
     10        [36m0.7626[0m       [32m0.7113[0m        [35m0.6234[0m  0.4290
  epoch    train_loss    valid_acc    valid_loss     dur
-------  ------------  -----------  ------------  ------
      1        [36m1.6022[0m       [32m0.4995[0m        [35m3.7204[0m  0.4293
      2        2.9096       0.4995        [35m1.0898[0m  0.4321
      3        [36m1.2933[0m       0.4995        [35m1.0295[0m  0.4305
      4        [36m1.1760[0m       [32m0.5052[0m        [35m0.8397[0m  0.4413
      5        [36m1.0166[0m       [32m0.5361[0m        [35m0.7501[0m  0.4367
      6        [36m0.9243[0m       [32m0.5923[0m        [35m0.6996[0m  0.4304
      7        [36m0.8637[0m       [32m0.6410[0m        [35m0.6694[0m  0.4368
      8        [36m0.8209[0m       [32m0.6607[0m        [35m0.6500[0m  0.4327
      9        [36m0.7888[0m       [32m0.6785[0m        [35m0.6371[0m  0.4323
     10        [36m0.7641[0m       [32m0.7048[0m        [35m0.6279[0m  0.4294
  epoch    train_loss    valid_acc    valid_loss     dur
-------  ------------  -----------  ------------  ------
      1        [36m1.5727[0m       [32m0.4995[0m        [35m3.7326[0m  0.4347
      2        2.9317       0.4995        [35m1.0616[0m  0.4371
      3        [36m1.2851[0m       0.4995        [35m1.0152[0m  0.4379
      4        [36m1.1730[0m       [32m0.5061[0m        [35m0.8258[0m  0.4336
      5        [36m1.0108[0m       [32m0.5389[0m        [35m0.7418[0m  0.4437
      6        [36m0.9213[0m       [32m0.5895[0m        [35m0.6933[0m  0.4380
      7        [36m0.8611[0m       [32m0.6392[0m        [35m0.6646[0m  0.4399
      8        [36m0.8189[0m       [32m0.6635[0m        [35m0.6460[0m  0.4346
      9        [36m0.7870[0m       [32m0.6907[0m        [35m0.6335[0m  0.4309
     10        [36m0.7624[0m       [32m0.7057[0m        [35m0.6248[0m  0.4308
  epoch    train_loss    valid_acc    valid_loss     dur
-------  ------------  -----------  ------------  ------
      1        [36m1.5894[0m       [32m0.4995[0m        [35m3.7785[0m  0.4257
      2        2.9222       0.4995        [35m1.0954[0m  0.4255
      3        [36m1.2931[0m       0.4995        [35m1.0298[0m  0.4300
      4        [36m1.1708[0m       [32m0.5023[0m        [35m0.8470[0m  0.4250
      5        [36m1.0182[0m       [32m0.5342[0m        [35m0.7537[0m  0.4214
      6        [36m0.9242[0m       [32m0.5858[0m        [35m0.7018[0m  0.4202
      7        [36m0.8630[0m       [32m0.6336[0m        [35m0.6705[0m  0.4356
      8        [36m0.8199[0m       [32m0.6589[0m        [35m0.6506[0m  0.4308
      9        [36m0.7876[0m       [32m0.6804[0m        [35m0.6372[0m  0.4232
     10        [36m0.7629[0m       [32m0.7038[0m        [35m0.6278[0m  0.4306
  epoch    train_loss    valid_acc    valid_loss     dur
-------  ------------  -----------  ------------  ------
      1        [36m1.5854[0m       [32m0.4995[0m        [35m3.7281[0m  0.4253
      2        2.9248       0.4995        [35m1.0667[0m  0.4283
      3        [36m1.2879[0m       0.4995        [35m1.0188[0m  0.4304
      4        [36m1.1769[0m       [32m0.5052[0m        [35m0.8279[0m  0.4316
      5        [36m1.0150[0m       [32m0.5361[0m        [35m0.7421[0m  0.4377
      6        [36m0.9245[0m       [32m0.5923[0m        [35m0.6927[0m  0.4351
      7        [36m0.8637[0m       [32m0.6410[0m        [35m0.6637[0m  0.4346
      8        [36m0.8210[0m       [32m0.6664[0m        [35m0.6449[0m  0.4345
      9        [36m0.7889[0m       [32m0.6851[0m        [35m0.6323[0m  0.4339
     10        [36m0.7640[0m       [32m0.7123[0m        [35m0.6233[0m  0.4289
  epoch    train_loss    valid_acc    valid_loss     dur
-------  ------------  -----------  ------------  ------
      1        [36m1.5833[0m       [32m0.4995[0m        [35m3.7202[0m  0.4336
      2        2.9329       0.4995        [35m1.0794[0m  0.4370
      3        [36m1.2951[0m       0.4995        [35m1.0231[0m  0.4282
      4        [36m1.1777[0m       [32m0.5023[0m        [35m0.8400[0m  0.4395
      5        [36m1.0202[0m       [32m0.5333[0m        [35m0.7516[0m  0.4320
      6        [36m0.9269[0m       [32m0.5848[0m        [35m0.7022[0m  0.4339
      7        [36m0.8656[0m       [32m0.6317[0m        [35m0.6727[0m  0.4356
      8        [36m0.8224[0m       [32m0.6579[0m        [35m0.6539[0m  0.4377
      9        [36m0.7901[0m       [32m0.6757[0m        [35m0.6412[0m  0.4366
     10        [36m0.7652[0m       [32m0.7010[0m        [35m0.6323[0m  0.4379
  epoch    train_loss    valid_acc    valid_loss     dur
-------  ------------  -----------  ------------  ------
      1        [36m1.5676[0m       [32m0.4995[0m        [35m3.6761[0m  0.4303
      2        2.9212       0.4995        [35m1.0198[0m  0.4288
      3        [36m1.2686[0m       0.4995        [35m0.9936[0m  0.4303
      4        [36m1.1746[0m       [32m0.5033[0m        [35m0.8179[0m  0.4281
      5        [36m1.0222[0m       [32m0.5389[0m        [35m0.7275[0m  0.4321
      6        [36m0.9250[0m       [32m0.5895[0m        [35m0.6799[0m  0.4321
      7        [36m0.8634[0m       [32m0.6448[0m        [35m0.6519[0m  0.4332
      8        [36m0.8203[0m       [32m0.6664[0m        [35m0.6341[0m  0.4356
      9        [36m0.7882[0m       [32m0.6907[0m        [35m0.6224[0m  0.4421
     10        [36m0.7635[0m       [32m0.7151[0m        [35m0.6142[0m  0.4335
  epoch    train_loss    valid_acc    valid_loss     dur
-------  ------------  -----------  ------------  ------
      1        [36m1.5827[0m       [32m0.4995[0m        [35m3.7865[0m  0.4337
      2        2.9390       0.4995        [35m1.0866[0m  0.4374
      3        [36m1.2924[0m       0.4995        [35m1.0273[0m  0.4310
      4        [36m1.1763[0m       [32m0.5042[0m        [35m0.8380[0m  0.4351
      5        [36m1.0178[0m       [32m0.5361[0m        [35m0.7475[0m  0.4425
      6        [36m0.9249[0m       [32m0.5914[0m        [35m0.6966[0m  0.4298
      7        [36m0.8640[0m       [32m0.6439[0m        [35m0.6660[0m  0.4300
      8        [36m0.8209[0m       [32m0.6664[0m        [35m0.6466[0m  0.4321
      9        [36m0.7888[0m       [32m0.6879[0m        [35m0.6338[0m  0.4302
     10        [36m0.7641[0m       [32m0.7123[0m        [35m0.6247[0m  0.4350
  epoch    train_loss    valid_acc    valid_loss     dur
-------  ------------  -----------  ------------  ------
      1        [36m1.5871[0m       [32m0.4995[0m        [35m3.7598[0m  0.4378
      2        2.9322       0.4995        [35m1.0857[0m  0.4476
      3        [36m1.2940[0m       0.4995        [35m1.0293[0m  0.4351
      4        [36m1.1791[0m       [32m0.5033[0m        [35m0.8365[0m  0.4357
      5        [36m1.0169[0m       [32m0.5333[0m        [35m0.7480[0m  0.4363
      6        [36m0.9251[0m       [32m0.5848[0m        [35m0.6976[0m  0.4390
      7        [36m0.8640[0m       [32m0.6392[0m        [35m0.6677[0m  0.4380
      8        [36m0.8210[0m       [32m0.6635[0m        [35m0.6485[0m  0.4443
      9        [36m0.7888[0m       [32m0.6879[0m        [35m0.6358[0m  0.4382
     10        [36m0.7639[0m       [32m0.7095[0m        [35m0.6268[0m  0.4387
  epoch    train_loss    valid_acc    valid_loss     dur
-------  ------------  -----------  ------------  ------
      1        [36m1.5918[0m       [32m0.4995[0m        [35m3.7055[0m  0.4319
      2        2.9188       0.4995        [35m1.0623[0m  0.4320
      3        [36m1.2878[0m       0.4995        [35m1.0190[0m  0.8818
      4        [36m1.1792[0m       [32m0.5052[0m        [35m0.8263[0m  0.7075
      5        [36m1.0149[0m       [32m0.5351[0m        [35m0.7426[0m  0.4712
      6        [36m0.9252[0m       [32m0.5895[0m        [35m0.6936[0m  0.4231
      7        [36m0.8644[0m       [32m0.6410[0m        [35m0.6645[0m  0.4351
      8        [36m0.8216[0m       [32m0.6635[0m        [35m0.6457[0m  0.4346
      9        [36m0.7894[0m       [32m0.6870[0m        [35m0.6331[0m  0.4351
     10        [36m0.7646[0m       [32m0.7085[0m        [35m0.6243[0m  0.4353
  epoch    train_loss    valid_acc    valid_loss     dur
-------  ------------  -----------  ------------  ------
      1        [36m1.5813[0m       [32m0.4995[0m        [35m3.7479[0m  0.4877
      2        2.9292       0.4995        [35m1.0759[0m  0.4384
      3        [36m1.2914[0m       0.4995        [35m1.0203[0m  0.4457
      4        [36m1.1753[0m       [32m0.5033[0m        [35m0.8319[0m  0.4344
      5        [36m1.0156[0m       [32m0.5342[0m        [35m0.7449[0m  0.4361
      6        [36m0.9243[0m       [32m0.5858[0m        [35m0.6952[0m  0.4329
      7        [36m0.8636[0m       [32m0.6373[0m        [35m0.6654[0m  0.4346
      8        [36m0.8206[0m       [32m0.6570[0m        [35m0.6462[0m  0.4310
      9        [36m0.7884[0m       [32m0.6804[0m        [35m0.6334[0m  0.4332
     10        [36m0.7637[0m       [32m0.7085[0m        [35m0.6243[0m  0.4296
  epoch    train_loss    valid_acc    valid_loss     dur
-------  ------------  -----------  ------------  ------
      1        [36m1.5738[0m       [32m0.4995[0m        [35m3.7593[0m  0.4276
      2        2.9353       0.4995        [35m1.0785[0m  0.4277
      3        [36m1.2928[0m       0.4995        [35m1.0232[0m  0.4248
      4        [36m1.1764[0m       [32m0.5033[0m        [35m0.8357[0m  0.4280
      5        [36m1.0165[0m       [32m0.5323[0m        [35m0.7491[0m  0.4365
      6        [36m0.9252[0m       [32m0.5876[0m        [35m0.6997[0m  0.4274
      7        [36m0.8644[0m       [32m0.6354[0m        [35m0.6702[0m  0.4236
      8        [36m0.8215[0m       [32m0.6607[0m        [35m0.6513[0m  0.4291
      9        [36m0.7894[0m       [32m0.6832[0m        [35m0.6387[0m  0.4394
     10        [36m0.7647[0m       [32m0.7038[0m        [35m0.6298[0m  0.4315
  epoch    train_loss    valid_acc    valid_loss     dur
-------  ------------  -----------  ------------  ------
      1        [36m1.5725[0m       [32m0.4995[0m        [35m3.7365[0m  0.4482
      2        2.9279       0.4995        [35m1.0601[0m  0.4386
      3        [36m1.2877[0m       0.4995        [35m1.0162[0m  0.4465
      4        [36m1.1797[0m       [32m0.5052[0m        [35m0.8207[0m  0.4360
      5        [36m1.0135[0m       [32m0.5361[0m        [35m0.7385[0m  0.4411
      6        [36m0.9250[0m       [32m0.5876[0m        [35m0.6903[0m  0.4414
      7        [36m0.8647[0m       [32m0.6364[0m        [35m0.6617[0m  0.4362
      8        [36m0.8222[0m       [32m0.6589[0m        [35m0.6434[0m  0.4405
      9        [36m0.7903[0m       [32m0.6870[0m        [35m0.6312[0m  0.4432
     10        [36m0.7656[0m       [32m0.7095[0m        [35m0.6226[0m  0.4400
  epoch    train_loss    valid_acc    valid_loss     dur
-------  ------------  -----------  ------------  ------
      1        [36m1.5786[0m       [32m0.4995[0m        [35m3.7365[0m  0.4329
      2        2.9391       0.4995        [35m1.0739[0m  0.4300
      3        [36m1.2934[0m       0.4995        [35m1.0156[0m  0.4336
      4        [36m1.1748[0m       [32m0.5042[0m        [35m0.8293[0m  0.4348
      5        [36m1.0151[0m       [32m0.5370[0m        [35m0.7422[0m  0.4296
      6        [36m0.9233[0m       [32m0.5942[0m        [35m0.6929[0m  0.4365
      7        [36m0.8626[0m       [32m0.6420[0m        [35m0.6635[0m  0.4381
      8        [36m0.8198[0m       [32m0.6635[0m        [35m0.6448[0m  0.4325
      9        [36m0.7878[0m       [32m0.6851[0m        [35m0.6322[0m  0.4318
     10        [36m0.7632[0m       [32m0.7057[0m        [35m0.6233[0m  0.4266
  epoch    train_loss    valid_acc    valid_loss     dur
-------  ------------  -----------  ------------  ------
      1        [36m1.5852[0m       [32m0.5005[0m        [35m3.4806[0m  0.4336
      2        2.7944       0.5005        [35m1.0056[0m  0.4632
      3        [36m1.2289[0m       0.5005        [35m0.9413[0m  0.4192
      4        [36m1.1179[0m       [32m0.5567[0m        [35m0.7633[0m  0.4397
      5        [36m0.9679[0m       [32m0.6204[0m        [35m0.6898[0m  0.4491
      6        [36m0.8904[0m       [32m0.6701[0m        [35m0.6476[0m  0.4583
      7        [36m0.8376[0m       [32m0.6992[0m        [35m0.6224[0m  0.4251
      8        [36m0.7991[0m       [32m0.7095[0m        [35m0.6063[0m  0.4280
      9        [36m0.7698[0m       [32m0.7263[0m        [35m0.5955[0m  0.4246
     10        [36m0.7465[0m       [32m0.7282[0m        [35m0.5879[0m  0.4221
  epoch    train_loss    valid_acc    valid_loss     dur
-------  ------------  -----------  ------------  ------
      1        [36m1.5777[0m       [32m0.5005[0m        [35m3.5184[0m  0.4194
      2        2.7849       0.5005        [35m1.0214[0m  0.4176
      3        [36m1.2304[0m       0.5005        [35m0.9566[0m  0.4636
      4        [36m1.1198[0m       [32m0.5483[0m        [35m0.7777[0m  0.4236
      5        [36m0.9722[0m       [32m0.6101[0m        [35m0.7003[0m  0.4231
      6        [36m0.8931[0m       [32m0.6617[0m        [35m0.6564[0m  0.4262
      7        [36m0.8396[0m       [32m0.6917[0m        [35m0.6303[0m  0.4217
      8        [36m0.8007[0m       [32m0.7038[0m        [35m0.6138[0m  0.4272
      9        [36m0.7713[0m       [32m0.7198[0m        [35m0.6027[0m  0.4196
     10        [36m0.7480[0m       [32m0.7226[0m        [35m0.5950[0m  0.4233
  epoch    train_loss    valid_acc    valid_loss     dur
-------  ------------  -----------  ------------  ------
      1        [36m1.5830[0m       [32m0.5005[0m        [35m3.5013[0m  0.4314
      2        2.7866       0.5005        [35m1.0125[0m  0.4242
      3        [36m1.2275[0m       0.5005        [35m0.9577[0m  0.4312
      4        [36m1.1219[0m       [32m0.5511[0m        [35m0.7720[0m  0.4319
      5        [36m0.9675[0m       [32m0.6129[0m        [35m0.6978[0m  0.4253
      6        [36m0.8902[0m       [32m0.6654[0m        [35m0.6546[0m  0.4294
      7        [36m0.8373[0m       [32m0.6935[0m        [35m0.6287[0m  0.4252
      8        [36m0.7987[0m       [32m0.7076[0m        [35m0.6122[0m  0.4223
      9        [36m0.7694[0m       [32m0.7198[0m        [35m0.6011[0m  0.4232
     10        [36m0.7461[0m       [32m0.7254[0m        [35m0.5933[0m  0.4266
  epoch    train_loss    valid_acc    valid_loss     dur
-------  ------------  -----------  ------------  ------
      1        [36m1.5655[0m       [32m0.5005[0m        [35m3.5054[0m  0.4114
      2        2.7807       0.5005        [35m1.0014[0m  0.4177
      3        [36m1.2225[0m       0.5005        [35m0.9439[0m  0.4218
      4        [36m1.1167[0m       [32m0.5586[0m        [35m0.7610[0m  0.4159
      5        [36m0.9637[0m       [32m0.6195[0m        [35m0.6900[0m  0.4218
      6        [36m0.8882[0m       [32m0.6757[0m        [35m0.6487[0m  0.4229
      7        [36m0.8361[0m       [32m0.7010[0m        [35m0.6241[0m  0.4223
      8        [36m0.7980[0m       [32m0.7104[0m        [35m0.6085[0m  0.4166
      9        [36m0.7690[0m       [32m0.7226[0m        [35m0.5979[0m  0.4182
     10        [36m0.7458[0m       [32m0.7263[0m        [35m0.5905[0m  0.4272
  epoch    train_loss    valid_acc    valid_loss     dur
-------  ------------  -----------  ------------  ------
      1        [36m1.5894[0m       [32m0.5005[0m        [35m3.4784[0m  0.4352
      2        2.7650       0.5005        [35m1.0088[0m  0.4319
      3        [36m1.2174[0m       0.5005        [35m0.9498[0m  0.4301
      4        [36m1.1097[0m       [32m0.5539[0m        [35m0.7731[0m  0.4273
      5        [36m0.9622[0m       [32m0.6167[0m        [35m0.6993[0m  0.4245
      6        [36m0.8853[0m       [32m0.6673[0m        [35m0.6572[0m  0.4285
      7        [36m0.8332[0m       [32m0.6954[0m        [35m0.6319[0m  0.4231
      8        [36m0.7951[0m       [32m0.7048[0m        [35m0.6158[0m  0.4256
      9        [36m0.7661[0m       [32m0.7226[0m        [35m0.6048[0m  0.4304
     10        [36m0.7430[0m       0.7207        [35m0.5971[0m  0.4323
  epoch    train_loss    valid_acc    valid_loss     dur
-------  ------------  -----------  ------------  ------
      1        [36m1.5727[0m       [32m0.5005[0m        [35m3.5258[0m  0.4291
      2        2.8063       0.5005        [35m1.0030[0m  0.4290
      3        [36m1.2271[0m       0.5005        [35m0.9495[0m  0.4222
      4        [36m1.1197[0m       [32m0.5558[0m        [35m0.7650[0m  0.4216
      5        [36m0.9646[0m       [32m0.6157[0m        [35m0.6934[0m  0.4269
      6        [36m0.8883[0m       [32m0.6654[0m        [35m0.6515[0m  0.4328
      7        [36m0.8356[0m       [32m0.6935[0m        [35m0.6265[0m  0.4301
      8        [36m0.7972[0m       [32m0.7038[0m        [35m0.6106[0m  0.4230
      9        [36m0.7681[0m       [32m0.7170[0m        [35m0.5998[0m  0.4206
     10        [36m0.7450[0m       [32m0.7226[0m        [35m0.5922[0m  0.4280
  epoch    train_loss    valid_acc    valid_loss     dur
-------  ------------  -----------  ------------  ------
      1        [36m1.5885[0m       [32m0.4995[0m        [35m3.4691[0m  0.4439
      2        2.7778       0.4995        [35m1.0061[0m  0.4532
      3        [36m1.2250[0m       0.4995        [35m0.9482[0m  0.4464
      4        [36m1.1176[0m       [32m0.5548[0m        [35m0.7666[0m  0.4536
      5        [36m0.9646[0m       [32m0.6186[0m        [35m0.6946[0m  0.4449
      6        [36m0.8881[0m       [32m0.6701[0m        [35m0.6527[0m  0.4538
      7        [36m0.8355[0m       [32m0.6973[0m        [35m0.6278[0m  0.4545
      8        [36m0.7971[0m       [32m0.7057[0m        [35m0.6119[0m  0.4484
      9        [36m0.7681[0m       [32m0.7188[0m        [35m0.6012[0m  0.4499
     10        [36m0.7449[0m       [32m0.7235[0m        [35m0.5937[0m  0.4475
  epoch    train_loss    valid_acc    valid_loss     dur
-------  ------------  -----------  ------------  ------
      1        [36m1.5950[0m       [32m0.4995[0m        [35m3.4790[0m  0.4428
      2        2.7705       0.4995        [35m1.0180[0m  0.4390
      3        [36m1.2266[0m       0.4995        [35m0.9531[0m  0.4439
      4        [36m1.1147[0m       [32m0.5530[0m        [35m0.7738[0m  0.4422
      5        [36m0.9649[0m       [32m0.6148[0m        [35m0.7001[0m  0.4388
      6        [36m0.8879[0m       [32m0.6635[0m        [35m0.6577[0m  0.4429
      7        [36m0.8355[0m       [32m0.6926[0m        [35m0.6323[0m  0.4395
      8        [36m0.7972[0m       [32m0.7010[0m        [35m0.6160[0m  0.4406
      9        [36m0.7681[0m       [32m0.7207[0m        [35m0.6050[0m  0.4375
     10        [36m0.7449[0m       0.7207        [35m0.5972[0m  0.4397
  epoch    train_loss    valid_acc    valid_loss     dur
-------  ------------  -----------  ------------  ------
      1        [36m1.5679[0m       [32m0.4995[0m        [35m3.4938[0m  0.4379
      2        2.7967       0.4995        [35m0.9929[0m  0.4425
      3        [36m1.2217[0m       0.4995        [35m0.9416[0m  0.4326
      4        [36m1.1149[0m       [32m0.5548[0m        [35m0.7640[0m  0.4416
      5        [36m0.9626[0m       [32m0.6167[0m        [35m0.6945[0m  0.4435
      6        [36m0.8874[0m       [32m0.6673[0m        [35m0.6531[0m  0.4351
      7        [36m0.8351[0m       [32m0.6917[0m        [35m0.6285[0m  0.4441
      8        [36m0.7970[0m       [32m0.7038[0m        [35m0.6128[0m  0.4352
      9        [36m0.7682[0m       [32m0.7188[0m        [35m0.6021[0m  0.4413
     10        [36m0.7452[0m       [32m0.7226[0m        [35m0.5946[0m  0.4366
  epoch    train_loss    valid_acc    valid_loss     dur
-------  ------------  -----------  ------------  ------
      1        [36m1.5826[0m       [32m0.4995[0m        [35m3.5311[0m  0.4199
      2        2.7814       0.4995        [35m1.0234[0m  0.4272
      3        [36m1.2276[0m       0.4995        [35m0.9562[0m  0.4116
      4        [36m1.1140[0m       [32m0.5511[0m        [35m0.7785[0m  0.4117
      5        [36m0.9674[0m       [32m0.6111[0m        [35m0.7021[0m  0.4213
      6        [36m0.8893[0m       [32m0.6617[0m        [35m0.6585[0m  0.4130
      7        [36m0.8363[0m       [32m0.6917[0m        [35m0.6323[0m  0.4114
      8        [36m0.7977[0m       [32m0.7010[0m        [35m0.6156[0m  0.4167
      9        [36m0.7685[0m       [32m0.7198[0m        [35m0.6042[0m  0.4246
     10        [36m0.7452[0m       [32m0.7216[0m        [35m0.5963[0m  0.4150
  epoch    train_loss    valid_acc    valid_loss     dur
-------  ------------  -----------  ------------  ------
      1        [36m1.5785[0m       [32m0.4995[0m        [35m3.4904[0m  0.4299
      2        2.7938       0.4995        [35m0.9949[0m  0.4306
      3        [36m1.2247[0m       0.4995        [35m0.9444[0m  0.4313
      4        [36m1.1204[0m       [32m0.5530[0m        [35m0.7627[0m  0.4300
      5        [36m0.9662[0m       [32m0.6176[0m        [35m0.6926[0m  0.4324
      6        [36m0.8905[0m       [32m0.6692[0m        [35m0.6504[0m  0.4314
      7        [36m0.8374[0m       [32m0.6945[0m        [35m0.6249[0m  0.4329
      8        [36m0.7985[0m       [32m0.7029[0m        [35m0.6088[0m  0.4229
      9        [36m0.7693[0m       [32m0.7226[0m        [35m0.5978[0m  0.4252
     10        [36m0.7460[0m       0.7226        [35m0.5900[0m  0.4344
  epoch    train_loss    valid_acc    valid_loss     dur
-------  ------------  -----------  ------------  ------
      1        [36m1.5790[0m       [32m0.4995[0m        [35m3.4826[0m  0.4272
      2        2.7937       0.4995        [35m1.0125[0m  0.4365
      3        [36m1.2291[0m       0.4995        [35m0.9526[0m  0.4205
      4        [36m1.1186[0m       [32m0.5511[0m        [35m0.7755[0m  0.4234
      5        [36m0.9676[0m       [32m0.6092[0m        [35m0.7035[0m  0.4226
      6        [36m0.8904[0m       [32m0.6589[0m        [35m0.6615[0m  0.4196
      7        [36m0.8377[0m       [32m0.6860[0m        [35m0.6360[0m  0.4207
      8        [36m0.7992[0m       [32m0.6945[0m        [35m0.6196[0m  0.4210
      9        [36m0.7699[0m       [32m0.7160[0m        [35m0.6083[0m  0.4223
     10        [36m0.7466[0m       [32m0.7198[0m        [35m0.6004[0m  0.4222
  epoch    train_loss    valid_acc    valid_loss     dur
-------  ------------  -----------  ------------  ------
      1        [36m1.5634[0m       [32m0.4995[0m        [35m3.4399[0m  0.4422
      2        2.7797       0.4995        [35m0.9517[0m  0.4325
      3        [36m1.2030[0m       0.4995        [35m0.9143[0m  0.4410
      4        [36m1.1110[0m       [32m0.5445[0m        [35m0.7585[0m  0.4375
      5        [36m0.9765[0m       [32m0.6139[0m        [35m0.6797[0m  0.4483
      6        [36m0.8910[0m       [32m0.6682[0m        [35m0.6394[0m  0.4349
      7        [36m0.8369[0m       [32m0.7001[0m        [35m0.6157[0m  0.4267
      8        [36m0.7980[0m       [32m0.7104[0m        [35m0.6008[0m  0.4298
      9        [36m0.7688[0m       [32m0.7273[0m        [35m0.5908[0m  0.4267
     10        [36m0.7455[0m       [32m0.7282[0m        [35m0.5839[0m  0.4373
  epoch    train_loss    valid_acc    valid_loss     dur
-------  ------------  -----------  ------------  ------
      1        [36m1.5799[0m       [32m0.4995[0m        [35m3.5408[0m  0.4178
      2        2.7978       0.4995        [35m1.0133[0m  0.4141
      3        [36m1.2248[0m       0.4995        [35m0.9552[0m  0.4224
      4        [36m1.1203[0m       [32m0.5586[0m        [35m0.7670[0m  0.4078
      5        [36m0.9654[0m       [32m0.6195[0m        [35m0.6938[0m  0.4187
      6        [36m0.8893[0m       [32m0.6710[0m        [35m0.6512[0m  0.4228
      7        [36m0.8369[0m       [32m0.6992[0m        [35m0.6257[0m  0.4188
      8        [36m0.7986[0m       [32m0.7123[0m        [35m0.6096[0m  0.4226
      9        [36m0.7695[0m       [32m0.7216[0m        [35m0.5986[0m  0.4204
     10        [36m0.7462[0m       [32m0.7245[0m        [35m0.5910[0m  0.4300
  epoch    train_loss    valid_acc    valid_loss     dur
-------  ------------  -----------  ------------  ------
      1        [36m1.5785[0m       [32m0.4995[0m        [35m3.5185[0m  0.4215
      2        2.7936       0.4995        [35m1.0133[0m  0.4228
      3        [36m1.2267[0m       0.4995        [35m0.9539[0m  0.4267
      4        [36m1.1189[0m       [32m0.5530[0m        [35m0.7699[0m  0.4218
      5        [36m0.9654[0m       [32m0.6111[0m        [35m0.6971[0m  0.4195
      6        [36m0.8890[0m       [32m0.6626[0m        [35m0.6547[0m  0.4164
      7        [36m0.8364[0m       [32m0.6898[0m        [35m0.6294[0m  0.4251
      8        [36m0.7980[0m       [32m0.7038[0m        [35m0.6134[0m  0.4192
      9        [36m0.7689[0m       [32m0.7170[0m        [35m0.6025[0m  0.4373
     10        [36m0.7457[0m       [32m0.7235[0m        [35m0.5949[0m  0.4253
  epoch    train_loss    valid_acc    valid_loss     dur
-------  ------------  -----------  ------------  ------
      1        [36m1.5835[0m       [32m0.4995[0m        [35m3.4696[0m  0.4395
      2        2.7847       0.4995        [35m0.9926[0m  0.4353
      3        [36m1.2241[0m       0.4995        [35m0.9433[0m  0.4315
      4        [36m1.1199[0m       [32m0.5530[0m        [35m0.7626[0m  0.4373
      5        [36m0.9663[0m       [32m0.6148[0m        [35m0.6923[0m  0.4355
      6        [36m0.8904[0m       [32m0.6701[0m        [35m0.6506[0m  0.4353
      7        [36m0.8375[0m       [32m0.6973[0m        [35m0.6256[0m  0.4372
      8        [36m0.7990[0m       [32m0.7067[0m        [35m0.6097[0m  0.4413
      9        [36m0.7698[0m       [32m0.7245[0m        [35m0.5989[0m  0.4407
     10        [36m0.7465[0m       [32m0.7282[0m        [35m0.5913[0m  0.4344
  epoch    train_loss    valid_acc    valid_loss     dur
-------  ------------  -----------  ------------  ------
      1        [36m1.5740[0m       [32m0.4995[0m        [35m3.5053[0m  0.4334
      2        2.7922       0.4995        [35m1.0059[0m  0.4381
      3        [36m1.2267[0m       0.4995        [35m0.9483[0m  0.4288
      4        [36m1.1186[0m       [32m0.5511[0m        [35m0.7664[0m  0.4311
      5        [36m0.9660[0m       [32m0.6111[0m        [35m0.6947[0m  0.4264
      6        [36m0.8900[0m       [32m0.6673[0m        [35m0.6526[0m  0.4186
      7        [36m0.8374[0m       [32m0.6945[0m        [35m0.6273[0m  0.4275
      8        [36m0.7989[0m       [32m0.7010[0m        [35m0.6111[0m  0.4216
      9        [36m0.7697[0m       [32m0.7207[0m        [35m0.6000[0m  0.4235
     10        [36m0.7463[0m       [32m0.7235[0m        [35m0.5921[0m  0.4236
  epoch    train_loss    valid_acc    valid_loss     dur
-------  ------------  -----------  ------------  ------
      1        [36m1.5651[0m       [32m0.4995[0m        [35m3.5142[0m  0.4408
      2        2.7979       0.4995        [35m1.0060[0m  0.4245
      3        [36m1.2267[0m       0.4995        [35m0.9480[0m  0.4260
      4        [36m1.1173[0m       [32m0.5530[0m        [35m0.7689[0m  0.4261
      5        [36m0.9653[0m       [32m0.6157[0m        [35m0.6976[0m  0.4256
      6        [36m0.8889[0m       [32m0.6682[0m        [35m0.6562[0m  0.4304
      7        [36m0.8362[0m       [32m0.6917[0m        [35m0.6314[0m  0.4304
      8        [36m0.7978[0m       [32m0.7001[0m        [35m0.6157[0m  0.4265
      9        [36m0.7687[0m       [32m0.7170[0m        [35m0.6051[0m  0.4262
     10        [36m0.7455[0m       [32m0.7179[0m        [35m0.5977[0m  0.4123
  epoch    train_loss    valid_acc    valid_loss     dur
-------  ------------  -----------  ------------  ------
      1        [36m1.5675[0m       [32m0.4995[0m        [35m3.4929[0m  0.4232
      2        2.7897       0.4995        [35m0.9918[0m  0.4281
      3        [36m1.2246[0m       0.4995        [35m0.9413[0m  0.4324
      4        [36m1.1210[0m       [32m0.5492[0m        [35m0.7594[0m  0.4351
      5        [36m0.9673[0m       [32m0.6120[0m        [35m0.6894[0m  0.4345
      6        [36m0.8915[0m       [32m0.6654[0m        [35m0.6482[0m  0.4385
      7        [36m0.8387[0m       [32m0.6945[0m        [35m0.6240[0m  0.4380
      8        [36m0.8002[0m       [32m0.7048[0m        [35m0.6087[0m  0.4342
      9        [36m0.7709[0m       [32m0.7179[0m        [35m0.5984[0m  0.4380
     10        [36m0.7477[0m       [32m0.7226[0m        [35m0.5913[0m  0.4394
  epoch    train_loss    valid_acc    valid_loss     dur
-------  ------------  -----------  ------------  ------
      1        [36m1.5663[0m       [32m0.4995[0m        [35m3.4965[0m  0.4262
      2        2.7976       0.4995        [35m1.0052[0m  0.4239
      3        [36m1.2264[0m       0.4995        [35m0.9456[0m  0.4301
      4        [36m1.1166[0m       [32m0.5558[0m        [35m0.7666[0m  0.4261
      5        [36m0.9649[0m       [32m0.6186[0m        [35m0.6947[0m  0.4203
      6        [36m0.8884[0m       [32m0.6682[0m        [35m0.6529[0m  0.4342
      7        [36m0.8357[0m       [32m0.6945[0m        [35m0.6280[0m  0.4229
      8        [36m0.7973[0m       [32m0.7020[0m        [35m0.6121[0m  0.4302
      9        [36m0.7682[0m       [32m0.7198[0m        [35m0.6014[0m  0.4260
     10        [36m0.7450[0m       [32m0.7245[0m        [35m0.5938[0m  0.4346
  epoch    train_loss    valid_acc    valid_loss     dur
-------  ------------  -----------  ------------  ------
      1        [36m1.6614[0m       [32m0.5005[0m        [35m3.8360[0m  0.4616
      2        3.0387       0.5005        [35m1.0948[0m  0.4650
      3        [36m1.3214[0m       0.5005        [35m1.0267[0m  0.4365
      4        [36m1.1915[0m       0.5005        [35m0.8405[0m  0.4436
      5        [36m1.0336[0m       [32m0.5408[0m        [35m0.7375[0m  0.4475
      6        [36m0.9311[0m       [32m0.6017[0m        [35m0.6816[0m  0.4487
      7        [36m0.8657[0m       [32m0.6589[0m        [35m0.6499[0m  0.4445
      8        [36m0.8217[0m       [32m0.6954[0m        [35m0.6301[0m  0.4452
      9        [36m0.7894[0m       [32m0.7151[0m        [35m0.6168[0m  0.4458
     10        [36m0.7646[0m       [32m0.7273[0m        [35m0.6073[0m  0.4527
  epoch    train_loss    valid_acc    valid_loss     dur
-------  ------------  -----------  ------------  ------
      1        [36m1.6505[0m       [32m0.5005[0m        [35m3.8864[0m  0.4368
      2        3.0317       0.5005        [35m1.1140[0m  0.4394
      3        [36m1.3237[0m       0.5005        [35m1.0446[0m  0.4410
      4        [36m1.1954[0m       0.5005        [35m0.8544[0m  0.4521
      5        [36m1.0372[0m       [32m0.5333[0m        [35m0.7504[0m  0.4400
      6        [36m0.9351[0m       [32m0.5914[0m        [35m0.6935[0m  0.4515
      7        [36m0.8696[0m       [32m0.6457[0m        [35m0.6602[0m  0.4484
      8        [36m0.8246[0m       [32m0.6888[0m        [35m0.6396[0m  0.4359
      9        [36m0.7919[0m       [32m0.7076[0m        [35m0.6258[0m  0.4469
     10        [36m0.7668[0m       [32m0.7179[0m        [35m0.6159[0m  0.4400
  epoch    train_loss    valid_acc    valid_loss     dur
-------  ------------  -----------  ------------  ------
      1        [36m1.6533[0m       [32m0.5005[0m        [35m3.8594[0m  0.4456
      2        3.0316       0.5005        [35m1.1021[0m  0.4519
      3        [36m1.3232[0m       0.5005        [35m1.0323[0m  0.4427
      4        [36m1.1918[0m       0.5005        [35m0.8473[0m  0.4377
      5        [36m1.0350[0m       [32m0.5389[0m        [35m0.7452[0m  0.4424
      6        [36m0.9332[0m       [32m0.5998[0m        [35m0.6888[0m  0.4419
      7        [36m0.8675[0m       [32m0.6560[0m        [35m0.6567[0m  0.4478
      8        [36m0.8230[0m       [32m0.6926[0m        [35m0.6368[0m  0.4446
      9        [36m0.7906[0m       [32m0.7067[0m        [35m0.6234[0m  0.4413
     10        [36m0.7657[0m       [32m0.7198[0m        [35m0.6139[0m  0.4405
  epoch    train_loss    valid_acc    valid_loss     dur
-------  ------------  -----------  ------------  ------
      1        [36m1.6425[0m       [32m0.5005[0m        [35m3.8754[0m  0.4447
      2        3.0262       0.5005        [35m1.0980[0m  0.4410
      3        [36m1.3155[0m       0.5005        [35m1.0340[0m  0.4476
      4        [36m1.1898[0m       0.5005        [35m0.8471[0m  0.4465
      5        [36m1.0329[0m       [32m0.5398[0m        [35m0.7446[0m  0.4490
      6        [36m0.9316[0m       [32m0.5998[0m        [35m0.6886[0m  0.4423
      7        [36m0.8667[0m       [32m0.6523[0m        [35m0.6566[0m  0.4376
      8        [36m0.8227[0m       [32m0.6907[0m        [35m0.6367[0m  0.4414
      9        [36m0.7907[0m       [32m0.7113[0m        [35m0.6234[0m  0.4410
     10        [36m0.7660[0m       [32m0.7207[0m        [35m0.6138[0m  0.4332
  epoch    train_loss    valid_acc    valid_loss     dur
-------  ------------  -----------  ------------  ------
      1        [36m1.6649[0m       [32m0.5005[0m        [35m3.8463[0m  0.4454
      2        3.0127       0.5005        [35m1.1019[0m  0.4470
      3        [36m1.3126[0m       0.5005        [35m1.0378[0m  0.4379
      4        [36m1.1856[0m       0.5005        [35m0.8514[0m  0.4434
      5        [36m1.0283[0m       [32m0.5389[0m        [35m0.7489[0m  0.4418
      6        [36m0.9274[0m       [32m0.5989[0m        [35m0.6925[0m  0.4391
      7        [36m0.8626[0m       [32m0.6542[0m        [35m0.6604[0m  0.4332
      8        [36m0.8189[0m       [32m0.6945[0m        [35m0.6403[0m  0.4441
      9        [36m0.7870[0m       [32m0.7113[0m        [35m0.6266[0m  0.4468
     10        [36m0.7623[0m       [32m0.7245[0m        [35m0.6168[0m  0.4444
  epoch    train_loss    valid_acc    valid_loss     dur
-------  ------------  -----------  ------------  ------
      1        [36m1.6395[0m       [32m0.5005[0m        [35m3.8920[0m  0.4469
      2        3.0527       0.5005        [35m1.0939[0m  0.4464
      3        [36m1.3225[0m       0.5005        [35m1.0274[0m  0.4525
      4        [36m1.1905[0m       0.5005        [35m0.8433[0m  0.4538
      5        [36m1.0334[0m       [32m0.5398[0m        [35m0.7416[0m  0.4435
      6        [36m0.9311[0m       [32m0.6026[0m        [35m0.6862[0m  0.4415
      7        [36m0.8655[0m       [32m0.6560[0m        [35m0.6549[0m  0.4440
      8        [36m0.8213[0m       [32m0.6992[0m        [35m0.6354[0m  0.4499
      9        [36m0.7891[0m       [32m0.7151[0m        [35m0.6223[0m  0.4473
     10        [36m0.7644[0m       [32m0.7245[0m        [35m0.6129[0m  0.4429
  epoch    train_loss    valid_acc    valid_loss     dur
-------  ------------  -----------  ------------  ------
      1        [36m1.6625[0m       [32m0.4995[0m        [35m3.8316[0m  0.4462
      2        3.0256       0.4995        [35m1.0958[0m  0.4543
      3        [36m1.3182[0m       0.4995        [35m1.0312[0m  0.4429
      4        [36m1.1910[0m       0.4995        [35m0.8435[0m  0.4487
      5        [36m1.0315[0m       [32m0.5417[0m        [35m0.7423[0m  0.4447
      6        [36m0.9301[0m       [32m0.6026[0m        [35m0.6868[0m  0.4432
      7        [36m0.8649[0m       [32m0.6570[0m        [35m0.6553[0m  0.4417
      8        [36m0.8209[0m       [32m0.6963[0m        [35m0.6357[0m  0.4482
      9        [36m0.7888[0m       [32m0.7113[0m        [35m0.6224[0m  0.4417
     10        [36m0.7640[0m       [32m0.7235[0m        [35m0.6129[0m  0.4366
  epoch    train_loss    valid_acc    valid_loss     dur
-------  ------------  -----------  ------------  ------
      1        [36m1.6724[0m       [32m0.4995[0m        [35m3.8447[0m  0.4445
      2        3.0161       0.4995        [35m1.1152[0m  0.4480
      3        [36m1.3230[0m       0.4995        [35m1.0440[0m  0.4468
      4        [36m1.1915[0m       0.4995        [35m0.8558[0m  0.4428
      5        [36m1.0328[0m       [32m0.5370[0m        [35m0.7520[0m  0.4471
      6        [36m0.9309[0m       [32m0.5951[0m        [35m0.6949[0m  0.4467
      7        [36m0.8657[0m       [32m0.6504[0m        [35m0.6624[0m  0.4419
      8        [36m0.8218[0m       [32m0.6898[0m        [35m0.6420[0m  0.4434
      9        [36m0.7897[0m       [32m0.7029[0m        [35m0.6282[0m  0.4375
     10        [36m0.7649[0m       [32m0.7170[0m        [35m0.6182[0m  0.4442
  epoch    train_loss    valid_acc    valid_loss     dur
-------  ------------  -----------  ------------  ------
      1        [36m1.6364[0m       [32m0.4995[0m        [35m3.8634[0m  0.4436
      2        3.0446       0.4995        [35m1.0821[0m  0.4406
      3        [36m1.3135[0m       0.4995        [35m1.0239[0m  0.4380
      4        [36m1.1869[0m       0.4995        [35m0.8421[0m  0.4538
      5        [36m1.0304[0m       [32m0.5389[0m        [35m0.7426[0m  0.4369
      6        [36m0.9291[0m       [32m0.5989[0m        [35m0.6883[0m  0.4466
      7        [36m0.8645[0m       [32m0.6570[0m        [35m0.6570[0m  0.4404
      8        [36m0.8206[0m       [32m0.6917[0m        [35m0.6375[0m  0.4457
      9        [36m0.7885[0m       [32m0.7113[0m        [35m0.6243[0m  0.4420
     10        [36m0.7639[0m       [32m0.7198[0m        [35m0.6149[0m  0.4417
  epoch    train_loss    valid_acc    valid_loss     dur
-------  ------------  -----------  ------------  ------
      1        [36m1.6570[0m       [32m0.4995[0m        [35m3.9006[0m  0.4406
      2        3.0300       0.4995        [35m1.1159[0m  0.4419
      3        [36m1.3213[0m       0.4995        [35m1.0459[0m  0.4490
      4        [36m1.1895[0m       0.4995        [35m0.8581[0m  0.4352
      5        [36m1.0328[0m       [32m0.5370[0m        [35m0.7534[0m  0.4417
      6        [36m0.9309[0m       [32m0.5933[0m        [35m0.6958[0m  0.4499
      7        [36m0.8655[0m       [32m0.6504[0m        [35m0.6629[0m  0.4485
      8        [36m0.8213[0m       [32m0.6870[0m        [35m0.6422[0m  0.4434
      9        [36m0.7890[0m       [32m0.7020[0m        [35m0.6282[0m  0.4510
     10        [36m0.7640[0m       [32m0.7160[0m        [35m0.6181[0m  0.4396
  epoch    train_loss    valid_acc    valid_loss     dur
-------  ------------  -----------  ------------  ------
      1        [36m1.6498[0m       [32m0.4995[0m        [35m3.8550[0m  0.4439
      2        3.0376       0.4995        [35m1.0874[0m  0.4428
      3        [36m1.3163[0m       0.4995        [35m1.0273[0m  0.4405
      4        [36m1.1905[0m       0.4995        [35m0.8431[0m  0.4462
      5        [36m1.0337[0m       [32m0.5398[0m        [35m0.7421[0m  0.4360
      6        [36m0.9316[0m       [32m0.5961[0m        [35m0.6874[0m  0.4432
      7        [36m0.8666[0m       [32m0.6514[0m        [35m0.6557[0m  0.4442
      8        [36m0.8223[0m       [32m0.6898[0m        [35m0.6355[0m  0.4415
      9        [36m0.7897[0m       [32m0.7132[0m        [35m0.6217[0m  0.4449
     10        [36m0.7647[0m       [32m0.7226[0m        [35m0.6118[0m  0.4427
  epoch    train_loss    valid_acc    valid_loss     dur
-------  ------------  -----------  ------------  ------
      1        [36m1.6503[0m       [32m0.4995[0m        [35m3.8481[0m  0.4353
      2        3.0428       0.4995        [35m1.1027[0m  0.4453
      3        [36m1.3227[0m       0.4995        [35m1.0401[0m  0.4457
      4        [36m1.1943[0m       0.4995        [35m0.8552[0m  0.4463
      5        [36m1.0357[0m       [32m0.5351[0m        [35m0.7535[0m  0.4401
      6        [36m0.9331[0m       [32m0.5923[0m        [35m0.6978[0m  0.4414
      7        [36m0.8676[0m       [32m0.6467[0m        [35m0.6656[0m  0.4433
      8        [36m0.8232[0m       [32m0.6842[0m        [35m0.6453[0m  0.4430
      9        [36m0.7907[0m       [32m0.7038[0m        [35m0.6315[0m  0.4368
     10        [36m0.7657[0m       [32m0.7160[0m        [35m0.6216[0m  0.4398
  epoch    train_loss    valid_acc    valid_loss     dur
-------  ------------  -----------  ------------  ------
      1        [36m1.6325[0m       [32m0.4995[0m        [35m3.8011[0m  0.4496
      2        3.0270       0.4995        [35m1.0410[0m  0.4457
      3        [36m1.2945[0m       0.4995        [35m1.0205[0m  0.4412
      4        [36m1.1981[0m       0.4995        [35m0.8284[0m  0.4393
      5        [36m1.0331[0m       [32m0.5398[0m        [35m0.7301[0m  0.4472
      6        [36m0.9307[0m       [32m0.6007[0m        [35m0.6762[0m  0.4479
      7        [36m0.8648[0m       [32m0.6514[0m        [35m0.6458[0m  0.4352
      8        [36m0.8204[0m       [32m0.6954[0m        [35m0.6270[0m  0.4467
      9        [36m0.7883[0m       [32m0.7179[0m        [35m0.6144[0m  0.4384
     10        [36m0.7636[0m       [32m0.7310[0m        [35m0.6053[0m  0.4453
  epoch    train_loss    valid_acc    valid_loss     dur
-------  ------------  -----------  ------------  ------
      1        [36m1.6497[0m       [32m0.4995[0m        [35m3.9134[0m  0.4331
      2        3.0500       0.4995        [35m1.1071[0m  0.4329
      3        [36m1.3195[0m       0.4995        [35m1.0430[0m  0.4350
      4        [36m1.1942[0m       0.4995        [35m0.8507[0m  0.4326
      5        [36m1.0338[0m       [32m0.5380[0m        [35m0.7469[0m  0.4377
      6        [36m0.9317[0m       [32m0.5998[0m        [35m0.6899[0m  0.4333
      7        [36m0.8664[0m       [32m0.6560[0m        [35m0.6575[0m  0.4384
      8        [36m0.8222[0m       [32m0.6917[0m        [35m0.6372[0m  0.4379
      9        [36m0.7899[0m       [32m0.7123[0m        [35m0.6235[0m  0.4326
     10        [36m0.7650[0m       [32m0.7235[0m        [35m0.6137[0m  0.4359
  epoch    train_loss    valid_acc    valid_loss     dur
-------  ------------  -----------  ------------  ------
      1        [36m1.6531[0m       [32m0.4995[0m        [35m3.8812[0m  0.4342
      2        3.0377       0.4995        [35m1.1080[0m  0.4385
      3        [36m1.3232[0m       0.4995        [35m1.0381[0m  0.4396
      4        [36m1.1919[0m       0.4995        [35m0.8499[0m  0.4419
      5        [36m1.0330[0m       [32m0.5351[0m        [35m0.7471[0m  0.4374
      6        [36m0.9310[0m       [32m0.5970[0m        [35m0.6907[0m  0.4442
      7        [36m0.8656[0m       [32m0.6495[0m        [35m0.6584[0m  0.4353
      8        [36m0.8212[0m       [32m0.6870[0m        [35m0.6384[0m  0.4398
      9        [36m0.7888[0m       [32m0.7095[0m        [35m0.6248[0m  0.4381
     10        [36m0.7639[0m       [32m0.7188[0m        [35m0.6152[0m  0.4390
  epoch    train_loss    valid_acc    valid_loss     dur
-------  ------------  -----------  ------------  ------
      1        [36m1.6579[0m       [32m0.4995[0m        [35m3.8257[0m  0.4394
      2        3.0257       0.4995        [35m1.0828[0m  0.4343
      3        [36m1.3186[0m       0.4995        [35m1.0218[0m  0.4403
      4        [36m1.1917[0m       0.4995        [35m0.8395[0m  0.4234
      5        [36m1.0351[0m       [32m0.5389[0m        [35m0.7400[0m  0.4271
      6        [36m0.9337[0m       [32m0.5998[0m        [35m0.6853[0m  0.4308
      7        [36m0.8683[0m       [32m0.6504[0m        [35m0.6539[0m  0.4237
      8        [36m0.8239[0m       [32m0.6926[0m        [35m0.6344[0m  0.4323
      9        [36m0.7915[0m       [32m0.7123[0m        [35m0.6212[0m  0.4234
     10        [36m0.7666[0m       [32m0.7263[0m        [35m0.6118[0m  0.4302
  epoch    train_loss    valid_acc    valid_loss     dur
-------  ------------  -----------  ------------  ------
      1        [36m1.6414[0m       [32m0.4995[0m        [35m3.8762[0m  0.4250
      2        3.0388       0.4995        [35m1.0983[0m  0.4275
      3        [36m1.3192[0m       0.4995        [35m1.0311[0m  0.4249
      4        [36m1.1884[0m       0.4995        [35m0.8467[0m  0.4243
      5        [36m1.0322[0m       [32m0.5380[0m        [35m0.7446[0m  0.4225
      6        [36m0.9306[0m       [32m0.5942[0m        [35m0.6889[0m  0.4229
      7        [36m0.8654[0m       [32m0.6485[0m        [35m0.6572[0m  0.4239
      8        [36m0.8214[0m       [32m0.6888[0m        [35m0.6373[0m  0.4192
      9        [36m0.7892[0m       [32m0.7085[0m        [35m0.6238[0m  0.4242
     10        [36m0.7643[0m       [32m0.7207[0m        [35m0.6142[0m  0.4229
  epoch    train_loss    valid_acc    valid_loss     dur
-------  ------------  -----------  ------------  ------
      1        [36m1.6377[0m       [32m0.4995[0m        [35m3.8874[0m  0.4373
      2        3.0460       0.4995        [35m1.1006[0m  0.4239
      3        [36m1.3210[0m       0.4995        [35m1.0348[0m  0.4243
      4        [36m1.1903[0m       0.4995        [35m0.8513[0m  0.4315
      5        [36m1.0333[0m       [32m0.5380[0m        [35m0.7502[0m  0.4211
      6        [36m0.9313[0m       [32m0.5951[0m        [35m0.6949[0m  0.4313
      7        [36m0.8660[0m       [32m0.6457[0m        [35m0.6632[0m  0.4256
      8        [36m0.8216[0m       [32m0.6842[0m        [35m0.6434[0m  0.4301
      9        [36m0.7893[0m       [32m0.7038[0m        [35m0.6300[0m  0.4290
     10        [36m0.7644[0m       [32m0.7188[0m        [35m0.6203[0m  0.4337
  epoch    train_loss    valid_acc    valid_loss     dur
-------  ------------  -----------  ------------  ------
      1        [36m1.6383[0m       [32m0.4995[0m        [35m3.8580[0m  0.4313
      2        3.0334       0.4995        [35m1.0829[0m  0.4364
      3        [36m1.3160[0m       0.4995        [35m1.0229[0m  0.4393
      4        [36m1.1909[0m       0.4995        [35m0.8397[0m  0.4269
      5        [36m1.0341[0m       [32m0.5398[0m        [35m0.7402[0m  0.4302
      6        [36m0.9327[0m       [32m0.5970[0m        [35m0.6860[0m  0.4410
      7        [36m0.8676[0m       [32m0.6504[0m        [35m0.6549[0m  0.4220
      8        [36m0.8233[0m       [32m0.6898[0m        [35m0.6358[0m  0.4229
      9        [36m0.7911[0m       [32m0.7029[0m        [35m0.6229[0m  0.4265
     10        [36m0.7663[0m       [32m0.7198[0m        [35m0.6137[0m  0.4297
  epoch    train_loss    valid_acc    valid_loss     dur
-------  ------------  -----------  ------------  ------
      1        [36m1.6408[0m       [32m0.4995[0m        [35m3.8656[0m  0.4253
      2        3.0515       0.4995        [35m1.0960[0m  0.4235
      3        [36m1.3226[0m       0.4995        [35m1.0278[0m  0.4239
      4        [36m1.1907[0m       0.4995        [35m0.8437[0m  0.4246
      5        [36m1.0325[0m       [32m0.5398[0m        [35m0.7425[0m  0.4228
      6        [36m0.9304[0m       [32m0.6017[0m        [35m0.6872[0m  0.4219
      7        [36m0.8652[0m       [32m0.6495[0m        [35m0.6557[0m  0.4247
      8        [36m0.8211[0m       [32m0.6907[0m        [35m0.6360[0m  0.4288
      9        [36m0.7889[0m       [32m0.7048[0m        [35m0.6227[0m  0.4251
     10        [36m0.7641[0m       [32m0.7198[0m        [35m0.6131[0m  0.4275
  epoch    train_loss    valid_acc    valid_loss     dur
-------  ------------  -----------  ------------  ------
      1        [36m1.6205[0m       [32m0.5005[0m        [35m4.0200[0m  0.4480
      2        3.1206       0.5005        [35m1.1050[0m  0.4506
      3        [36m1.3219[0m       0.5005        [35m1.0160[0m  0.4392
      4        [36m1.1790[0m       [32m0.5220[0m        [35m0.8314[0m  0.4342
      5        [36m1.0302[0m       [32m0.5923[0m        [35m0.7256[0m  0.4186
      6        [36m0.9297[0m       [32m0.6476[0m        [35m0.6698[0m  0.4285
      7        [36m0.8663[0m       [32m0.6870[0m        [35m0.6365[0m  0.4277
      8        [36m0.8216[0m       [32m0.7207[0m        [35m0.6156[0m  0.4291
      9        [36m0.7884[0m       [32m0.7376[0m        [35m0.6016[0m  0.4334
     10        [36m0.7625[0m       [32m0.7488[0m        [35m0.5917[0m  0.4216
  epoch    train_loss    valid_acc    valid_loss     dur
-------  ------------  -----------  ------------  ------
      1        [36m1.6089[0m       [32m0.5005[0m        [35m4.0730[0m  0.4339
      2        3.1154       0.5005        [35m1.1238[0m  0.4338
      3        [36m1.3245[0m       0.5005        [35m1.0341[0m  0.4445
      4        [36m1.1831[0m       [32m0.5164[0m        [35m0.8459[0m  0.4351
      5        [36m1.0340[0m       [32m0.5839[0m        [35m0.7386[0m  0.4295
      6        [36m0.9334[0m       [32m0.6382[0m        [35m0.6819[0m  0.4237
      7        [36m0.8697[0m       [32m0.6776[0m        [35m0.6478[0m  0.4223
      8        [36m0.8245[0m       [32m0.7113[0m        [35m0.6261[0m  0.4245
      9        [36m0.7907[0m       [32m0.7320[0m        [35m0.6116[0m  0.4319
     10        [36m0.7646[0m       [32m0.7432[0m        [35m0.6015[0m  0.4346
  epoch    train_loss    valid_acc    valid_loss     dur
-------  ------------  -----------  ------------  ------
      1        [36m1.6130[0m       [32m0.5005[0m        [35m4.0531[0m  0.4461
      2        3.1187       0.5005        [35m1.1143[0m  0.4356
      3        [36m1.3226[0m       0.5005        [35m1.0272[0m  0.4344
      4        [36m1.1793[0m       [32m0.5211[0m        [35m0.8426[0m  0.4383
      5        [36m1.0308[0m       [32m0.5848[0m        [35m0.7364[0m  0.4386
      6        [36m0.9302[0m       [32m0.6410[0m        [35m0.6798[0m  0.4373
      7        [36m0.8662[0m       [32m0.6795[0m        [35m0.6461[0m  0.4324
      8        [36m0.8211[0m       [32m0.7151[0m        [35m0.6248[0m  0.4363
      9        [36m0.7877[0m       [32m0.7301[0m        [35m0.6107[0m  0.4397
     10        [36m0.7617[0m       [32m0.7413[0m        [35m0.6007[0m  0.4387
  epoch    train_loss    valid_acc    valid_loss     dur
-------  ------------  -----------  ------------  ------
      1        [36m1.6019[0m       [32m0.5005[0m        [35m4.0626[0m  0.4329
      2        3.1138       0.5005        [35m1.1056[0m  0.4257
      3        [36m1.3190[0m       0.5005        [35m1.0178[0m  0.4248
      4        [36m1.1774[0m       [32m0.5220[0m        [35m0.8331[0m  0.4285
      5        [36m1.0295[0m       [32m0.5923[0m        [35m0.7283[0m  0.4298
      6        [36m0.9299[0m       [32m0.6485[0m        [35m0.6731[0m  0.4334
      7        [36m0.8664[0m       [32m0.6870[0m        [35m0.6404[0m  0.4173
      8        [36m0.8219[0m       [32m0.7207[0m        [35m0.6198[0m  0.4228
      9        [36m0.7887[0m       [32m0.7385[0m        [35m0.6062[0m  0.4260
     10        [36m0.7629[0m       [32m0.7441[0m        [35m0.5966[0m  0.4227
  epoch    train_loss    valid_acc    valid_loss     dur
-------  ------------  -----------  ------------  ------
      1        [36m1.6255[0m       [32m0.5005[0m        [35m4.0386[0m  0.4355
      2        3.0987       0.5005        [35m1.1112[0m  0.4342
      3        [36m1.3093[0m       0.5005        [35m1.0326[0m  0.4385
      4        [36m1.1730[0m       [32m0.5201[0m        [35m0.8470[0m  0.4343
      5        [36m1.0242[0m       [32m0.5858[0m        [35m0.7415[0m  0.4374
      6        [36m0.9252[0m       [32m0.6429[0m        [35m0.6848[0m  0.4274
      7        [36m0.8624[0m       [32m0.6813[0m        [35m0.6509[0m  0.4292
      8        [36m0.8181[0m       [32m0.7142[0m        [35m0.6294[0m  0.4310
      9        [36m0.7851[0m       [32m0.7348[0m        [35m0.6150[0m  0.4316
     10        [36m0.7596[0m       [32m0.7385[0m        [35m0.6047[0m  0.4222
  epoch    train_loss    valid_acc    valid_loss     dur
-------  ------------  -----------  ------------  ------
      1        [36m1.5979[0m       [32m0.5005[0m        [35m4.0862[0m  0.4149
      2        3.1419       0.5005        [35m1.1034[0m  0.4200
      3        [36m1.3219[0m       0.5005        [35m1.0205[0m  0.4249
      4        [36m1.1786[0m       [32m0.5220[0m        [35m0.8373[0m  0.4188
      5        [36m1.0295[0m       [32m0.5876[0m        [35m0.7328[0m  0.4182
      6        [36m0.9292[0m       [32m0.6448[0m        [35m0.6771[0m  0.4169
      7        [36m0.8654[0m       [32m0.6823[0m        [35m0.6439[0m  0.4209
      8        [36m0.8205[0m       [32m0.7170[0m        [35m0.6231[0m  0.4216
      9        [36m0.7873[0m       [32m0.7376[0m        [35m0.6092[0m  0.4265
     10        [36m0.7616[0m       [32m0.7432[0m        [35m0.5994[0m  0.4328
  epoch    train_loss    valid_acc    valid_loss     dur
-------  ------------  -----------  ------------  ------
      1        [36m1.6245[0m       [32m0.4995[0m        [35m4.0164[0m  0.4200
      2        3.1116       0.4995        [35m1.1047[0m  0.4296
      3        [36m1.3196[0m       0.4995        [35m1.0228[0m  0.4215
      4        [36m1.1812[0m       [32m0.5201[0m        [35m0.8356[0m  0.4204
      5        [36m1.0296[0m       [32m0.5895[0m        [35m0.7310[0m  0.4150
      6        [36m0.9292[0m       [32m0.6485[0m        [35m0.6754[0m  0.4222
      7        [36m0.8657[0m       [32m0.6870[0m        [35m0.6424[0m  0.4238
      8        [36m0.8210[0m       [32m0.7207[0m        [35m0.6217[0m  0.4142
      9        [36m0.7879[0m       [32m0.7376[0m        [35m0.6079[0m  0.4073
     10        [36m0.7622[0m       [32m0.7423[0m        [35m0.5981[0m  0.4129
  epoch    train_loss    valid_acc    valid_loss     dur
-------  ------------  -----------  ------------  ------
      1        [36m1.6349[0m       [32m0.4995[0m        [35m4.0350[0m  0.4105
      2        3.1052       0.4995        [35m1.1257[0m  0.4144
      3        [36m1.3225[0m       0.4995        [35m1.0376[0m  0.4136
      4        [36m1.1797[0m       [32m0.5192[0m        [35m0.8507[0m  0.4126
      5        [36m1.0292[0m       [32m0.5839[0m        [35m0.7442[0m  0.4092
      6        [36m0.9291[0m       [32m0.6448[0m        [35m0.6871[0m  0.4158
      7        [36m0.8658[0m       [32m0.6813[0m        [35m0.6528[0m  0.4171
      8        [36m0.8212[0m       [32m0.7076[0m        [35m0.6312[0m  0.4128
      9        [36m0.7881[0m       [32m0.7254[0m        [35m0.6166[0m  0.4141
     10        [36m0.7623[0m       [32m0.7357[0m        [35m0.6063[0m  0.4203
  epoch    train_loss    valid_acc    valid_loss     dur
-------  ------------  -----------  ------------  ------
      1        [36m1.5993[0m       [32m0.4995[0m        [35m4.0439[0m  0.4254
      2        3.1243       0.4995        [35m1.0890[0m  0.4235
      3        [36m1.3115[0m       0.4995        [35m1.0098[0m  0.4281
      4        [36m1.1715[0m       [32m0.5220[0m        [35m0.8298[0m  0.4336
      5        [36m1.0251[0m       [32m0.5904[0m        [35m0.7271[0m  0.4232
      6        [36m0.9260[0m       [32m0.6514[0m        [35m0.6729[0m  0.4197
      7        [36m0.8632[0m       [32m0.6870[0m        [35m0.6407[0m  0.4176
      8        [36m0.8192[0m       [32m0.7198[0m        [35m0.6201[0m  0.4165
      9        [36m0.7863[0m       [32m0.7376[0m        [35m0.6062[0m  0.4219
     10        [36m0.7606[0m       [32m0.7413[0m        [35m0.5965[0m  0.4230
  epoch    train_loss    valid_acc    valid_loss     dur
-------  ------------  -----------  ------------  ------
      1        [36m1.6171[0m       [32m0.4995[0m        [35m4.0938[0m  0.4142
      2        3.1156       0.4995        [35m1.1292[0m  0.4176
      3        [36m1.3227[0m       0.4995        [35m1.0395[0m  0.4195
      4        [36m1.1780[0m       [32m0.5164[0m        [35m0.8529[0m  0.4246
      5        [36m1.0301[0m       [32m0.5792[0m        [35m0.7443[0m  0.4254
      6        [36m0.9295[0m       [32m0.6382[0m        [35m0.6861[0m  0.4214
      7        [36m0.8656[0m       [32m0.6748[0m        [35m0.6513[0m  0.4257
      8        [36m0.8206[0m       [32m0.7085[0m        [35m0.6294[0m  0.4231
      9        [36m0.7872[0m       [32m0.7254[0m        [35m0.6147[0m  0.4190
     10        [36m0.7614[0m       [32m0.7348[0m        [35m0.6043[0m  0.4243
  epoch    train_loss    valid_acc    valid_loss     dur
-------  ------------  -----------  ------------  ------
      1        [36m1.6108[0m       [32m0.4995[0m        [35m4.0409[0m  0.4266
      2        3.1223       0.4995        [35m1.0952[0m  0.4302
      3        [36m1.3159[0m       0.4995        [35m1.0182[0m  0.4240
      4        [36m1.1788[0m       [32m0.5201[0m        [35m0.8344[0m  0.4290
      5        [36m1.0300[0m       [32m0.5848[0m        [35m0.7301[0m  0.4289
      6        [36m0.9297[0m       [32m0.6467[0m        [35m0.6747[0m  0.4385
      7        [36m0.8660[0m       [32m0.6842[0m        [35m0.6420[0m  0.4332
      8        [36m0.8214[0m       [32m0.7179[0m        [35m0.6211[0m  0.4262
      9        [36m0.7882[0m       [32m0.7357[0m        [35m0.6068[0m  0.4271
     10        [36m0.7622[0m       [32m0.7451[0m        [35m0.5966[0m  0.4326
  epoch    train_loss    valid_acc    valid_loss     dur
-------  ------------  -----------  ------------  ------
      1        [36m1.6079[0m       [32m0.4995[0m        [35m4.0300[0m  0.4203
      2        3.1266       0.4995        [35m1.1124[0m  0.4223
      3        [36m1.3233[0m       0.4995        [35m1.0289[0m  0.4236
      4        [36m1.1814[0m       [32m0.5192[0m        [35m0.8458[0m  0.4240
      5        [36m1.0317[0m       [32m0.5811[0m        [35m0.7414[0m  0.4233
      6        [36m0.9309[0m       [32m0.6364[0m        [35m0.6860[0m  0.4203
      7        [36m0.8670[0m       [32m0.6757[0m        [35m0.6528[0m  0.4251
      8        [36m0.8220[0m       [32m0.7067[0m        [35m0.6318[0m  0.4254
      9        [36m0.7885[0m       [32m0.7254[0m        [35m0.6176[0m  0.4242
     10        [36m0.7625[0m       [32m0.7338[0m        [35m0.6076[0m  0.4283
  epoch    train_loss    valid_acc    valid_loss     dur
-------  ------------  -----------  ------------  ------
      1        [36m1.5923[0m       [32m0.4995[0m        [35m3.9885[0m  0.4302
      2        3.1109       0.4995        [35m1.0450[0m  0.4233
      3        [36m1.2906[0m       0.4995        [35m1.0125[0m  0.4276
      4        [36m1.1867[0m       [32m0.5201[0m        [35m0.8181[0m  0.4187
      5        [36m1.0300[0m       [32m0.5904[0m        [35m0.7146[0m  0.4249
      6        [36m0.9285[0m       [32m0.6448[0m        [35m0.6606[0m  0.4272
      7        [36m0.8646[0m       [32m0.6842[0m        [35m0.6290[0m  0.4295
      8        [36m0.8199[0m       [32m0.7179[0m        [35m0.6093[0m  0.4266
      9        [36m0.7867[0m       [32m0.7413[0m        [35m0.5962[0m  0.4271
     10        [36m0.7610[0m       [32m0.7470[0m        [35m0.5871[0m  0.4339
  epoch    train_loss    valid_acc    valid_loss     dur
-------  ------------  -----------  ------------  ------
      1        [36m1.6125[0m       [32m0.4995[0m        [35m4.1031[0m  0.4296
      2        3.1357       0.4995        [35m1.1173[0m  0.4224
      3        [36m1.3215[0m       0.4995        [35m1.0338[0m  0.4365
      4        [36m1.1836[0m       [32m0.5201[0m        [35m0.8420[0m  0.4345
      5        [36m1.0313[0m       [32m0.5867[0m        [35m0.7350[0m  0.4335
      6        [36m0.9308[0m       [32m0.6476[0m        [35m0.6780[0m  0.4322
      7        [36m0.8671[0m       [32m0.6860[0m        [35m0.6441[0m  0.4321
      8        [36m0.8222[0m       [32m0.7179[0m        [35m0.6227[0m  0.4242
      9        [36m0.7889[0m       [32m0.7404[0m        [35m0.6085[0m  0.4245
     10        [36m0.7631[0m       [32m0.7498[0m        [35m0.5984[0m  0.4304
  epoch    train_loss    valid_acc    valid_loss     dur
-------  ------------  -----------  ------------  ------
      1        [36m1.6120[0m       [32m0.4995[0m        [35m4.0705[0m  0.4337
      2        3.1248       0.4995        [35m1.1160[0m  0.4187
      3        [36m1.3217[0m       0.4995        [35m1.0280[0m  0.4242
      4        [36m1.1793[0m       [32m0.5173[0m        [35m0.8408[0m  0.4314
      5        [36m1.0293[0m       [32m0.5858[0m        [35m0.7348[0m  0.4194
      6        [36m0.9291[0m       [32m0.6410[0m        [35m0.6785[0m  0.4223
      7        [36m0.8656[0m       [32m0.6776[0m        [35m0.6452[0m  0.4266
      8        [36m0.8209[0m       [32m0.7113[0m        [35m0.6240[0m  0.4208
      9        [36m0.7876[0m       [32m0.7301[0m        [35m0.6098[0m  0.4303
     10        [36m0.7617[0m       [32m0.7385[0m        [35m0.5999[0m  0.4267
  epoch    train_loss    valid_acc    valid_loss     dur
-------  ------------  -----------  ------------  ------
      1        [36m1.6165[0m       [32m0.4995[0m        [35m4.0166[0m  0.4275
      2        3.1148       0.4995        [35m1.0893[0m  0.4250
      3        [36m1.3159[0m       0.4995        [35m1.0150[0m  0.4276
      4        [36m1.1794[0m       [32m0.5201[0m        [35m0.8337[0m  0.4245
      5        [36m1.0316[0m       [32m0.5876[0m        [35m0.7308[0m  0.4222
      6        [36m0.9319[0m       [32m0.6448[0m        [35m0.6759[0m  0.4255
      7        [36m0.8682[0m       [32m0.6860[0m        [35m0.6430[0m  0.4254
      8        [36m0.8233[0m       [32m0.7142[0m        [35m0.6223[0m  0.4252
      9        [36m0.7898[0m       [32m0.7338[0m        [35m0.6084[0m  0.4259
     10        [36m0.7638[0m       [32m0.7432[0m        [35m0.5986[0m  0.4219
  epoch    train_loss    valid_acc    valid_loss     dur
-------  ------------  -----------  ------------  ------
      1        [36m1.6036[0m       [32m0.4995[0m        [35m4.0643[0m  0.4304
      2        3.1237       0.4995        [35m1.1077[0m  0.4285
      3        [36m1.3199[0m       0.4995        [35m1.0214[0m  0.4181
      4        [36m1.1772[0m       [32m0.5173[0m        [35m0.8378[0m  0.4245
      5        [36m1.0292[0m       [32m0.5829[0m        [35m0.7331[0m  0.4251
      6        [36m0.9294[0m       [32m0.6429[0m        [35m0.6770[0m  0.4304
      7        [36m0.8657[0m       [32m0.6804[0m        [35m0.6434[0m  0.4241
      8        [36m0.8207[0m       [32m0.7132[0m        [35m0.6221[0m  0.4220
      9        [36m0.7872[0m       [32m0.7366[0m        [35m0.6078[0m  0.4230
     10        [36m0.7613[0m       [32m0.7404[0m        [35m0.5977[0m  0.4222
  epoch    train_loss    valid_acc    valid_loss     dur
-------  ------------  -----------  ------------  ------
      1        [36m1.5961[0m       [32m0.4995[0m        [35m4.0781[0m  0.4396
      2        3.1319       0.4995        [35m1.1082[0m  0.4358
      3        [36m1.3211[0m       0.4995        [35m1.0236[0m  0.4341
      4        [36m1.1788[0m       [32m0.5183[0m        [35m0.8406[0m  0.4370
      5        [36m1.0304[0m       [32m0.5858[0m        [35m0.7365[0m  0.4301
      6        [36m0.9302[0m       [32m0.6439[0m        [35m0.6811[0m  0.4403
      7        [36m0.8664[0m       [32m0.6823[0m        [35m0.6480[0m  0.4344
      8        [36m0.8215[0m       [32m0.7151[0m        [35m0.6270[0m  0.4289
      9        [36m0.7880[0m       [32m0.7329[0m        [35m0.6131[0m  0.4326
     10        [36m0.7621[0m       [32m0.7348[0m        [35m0.6032[0m  0.4317
  epoch    train_loss    valid_acc    valid_loss     dur
-------  ------------  -----------  ------------  ------
      1        [36m1.5980[0m       [32m0.4995[0m        [35m4.0452[0m  0.4245
      2        3.1215       0.4995        [35m1.0903[0m  0.4219
      3        [36m1.3175[0m       0.4995        [35m1.0122[0m  0.4332
      4        [36m1.1804[0m       [32m0.5192[0m        [35m0.8281[0m  0.4401
      5        [36m1.0310[0m       [32m0.5867[0m        [35m0.7261[0m  0.4234
      6        [36m0.9318[0m       [32m0.6448[0m        [35m0.6720[0m  0.4216
      7        [36m0.8683[0m       [32m0.6813[0m        [35m0.6400[0m  0.4230
      8        [36m0.8235[0m       [32m0.7142[0m        [35m0.6199[0m  0.4266
      9        [36m0.7902[0m       [32m0.7357[0m        [35m0.6066[0m  0.4268
     10        [36m0.7645[0m       [32m0.7423[0m        [35m0.5973[0m  0.4252
  epoch    train_loss    valid_acc    valid_loss     dur
-------  ------------  -----------  ------------  ------
      1        [36m1.6025[0m       [32m0.4995[0m        [35m4.0506[0m  0.4201
      2        3.1367       0.4995        [35m1.1028[0m  0.4199
      3        [36m1.3218[0m       0.4995        [35m1.0163[0m  0.4200
      4        [36m1.1778[0m       [32m0.5183[0m        [35m0.8343[0m  0.4181
      5        [36m1.0294[0m       [32m0.5886[0m        [35m0.7300[0m  0.4208
      6        [36m0.9291[0m       [32m0.6467[0m        [35m0.6747[0m  0.4199
      7        [36m0.8655[0m       [32m0.6823[0m        [35m0.6418[0m  0.4169
      8        [36m0.8208[0m       [32m0.7142[0m        [35m0.6211[0m  0.4149
      9        [36m0.7876[0m       [32m0.7348[0m        [35m0.6073[0m  0.4328
     10        [36m0.7619[0m       [32m0.7376[0m        [35m0.5976[0m  0.4178
